,0
1997-01-01,50.4
1997-01-02,50.05
1997-01-03,49.7
1997-01-04,49.35
1997-01-05,49.12
1997-01-06,48.77
1997-01-07,48.55
1997-01-08,48.32
1997-01-09,47.98
1997-01-10,47.64
1997-01-11,47.42
1997-01-12,47.08
1997-01-13,46.86
1997-01-14,46.64
1997-01-15,46.32
1997-01-16,46.21
1997-01-17,46.1
1997-01-18,46.32
1997-01-19,46.21
1997-01-20,45.99
1997-01-21,48.77
1997-01-22,56.15
1997-01-23,61.95
1997-01-24,62.24
1997-01-25,59.95
1997-01-26,57.08
1997-01-27,53.33
1997-01-28,49.93
1997-01-29,47.64
1997-01-30,46.32
1997-01-31,45.67
1997-02-01,46.53
1997-02-02,50.4
1997-02-03,54.98
1997-02-04,59.39
1997-02-05,66.14
1997-02-06,70.78
1997-02-07,71.95
1997-02-08,73.64
1997-02-09,74.51
1997-02-10,71.61
1997-02-11,67.55
1997-02-12,64.31
1997-02-13,61.66
1997-02-14,59.26
1997-02-15,57.08
1997-02-16,56.28
1997-02-17,56.54
1997-02-18,56.28
1997-02-19,55.36
1997-02-20,57.08
1997-02-21,64.77
1997-02-22,69.63
1997-02-23,66.61
1997-02-24,63.71
1997-02-25,60.52
1997-02-26,56.54
1997-02-27,58.84
1997-02-28,68.66
1997-03-01,75.91
1997-03-02,74.34
1997-03-03,68.34
1997-03-04,64.01
1997-03-05,61.52
1997-03-06,58.57
1997-03-07,55.23
1997-03-08,52.21
1997-03-09,49.58
1997-03-10,47.98
1997-03-11,47.53
1997-03-12,46.53
1997-03-13,49.58
1997-03-14,71.44
1997-03-15,113.55
1997-03-16,205.06
1997-03-17,263.24
1997-03-18,221.33
1997-03-19,207.45
1997-03-20,186.07
1997-03-21,174.39
1997-03-22,163.06
1997-03-23,151.41
1997-03-24,147.94
1997-03-25,142.22
1997-03-26,135.77
1997-03-27,129.32
1997-03-28,121.46
1997-03-29,114.61
1997-03-30,120.62
1997-03-31,127.82
1997-04-01,132.97
1997-04-02,150.71
1997-04-03,151.05
1997-04-04,144.88
1997-04-05,140.91
1997-04-06,144.55
1997-04-07,148.62
1997-04-08,147.59
1997-04-09,143.54
1997-04-10,135.77
1997-04-11,128.12
1997-04-12,124.6
1997-04-13,123.74
1997-04-14,121.46
1997-04-15,125.77
1997-04-16,147.59
1997-04-17,166.11
1997-04-18,168.04
1997-04-19,160.81
1997-04-20,151.76
1997-04-21,142.55
1997-04-22,134.83
1997-04-23,132.97
1997-04-24,131.74
1997-04-25,129.02
1997-04-26,124.31
1997-04-27,121.18
1997-04-28,123.45
1997-04-29,126.35
1997-04-30,126.94
1997-05-01,129.62
1997-05-02,136.09
1997-05-03,154.96
1997-05-04,178.89
1997-05-05,177.65
1997-05-06,164.96
1997-05-07,153.53
1997-05-08,145.22
1997-05-09,146.23
1997-05-10,161.93
1997-05-11,161.93
1997-05-12,158.22
1997-05-13,156.76
1997-05-14,152.46
1997-05-15,147.59
1997-05-16,142.55
1997-05-17,135.77
1997-05-18,130.83
1997-05-19,292.76
1997-05-20,556.19
1997-05-21,514.23
1997-05-22,417.79
1997-05-23,351.37
1997-05-24,312.33
1997-05-25,288.73
1997-05-26,286.74
1997-05-27,278.25
1997-05-28,268.15
1997-05-29,266.3
1997-05-30,296.17
1997-05-31,337.84
1997-06-01,341.77
1997-06-02,331.66
1997-06-03,309.46
1997-06-04,292.76
1997-06-05,284.1
1997-06-06,285.42
1997-06-07,294.12
1997-06-08,303.79
1997-06-09,318.15
1997-06-10,322.59
1997-06-11,324.09
1997-06-12,321.11
1997-06-13,332.43
1997-06-14,322.59
1997-06-15,327.85
1997-06-16,560.05
1997-06-17,625.61
1997-06-18,537.27
1997-06-19,487.65
1997-06-20,476.53
1997-06-21,460.32
1997-06-22,440.57
1997-06-23,463.52
1997-06-24,517.8
1997-06-25,526.23
1997-06-26,533.56
1997-06-27,561.34
1997-06-28,563.94
1997-06-29,529.88
1997-06-30,520.19
1997-07-01,503.66
1997-07-02,581.1
1997-07-03,649.13
1997-07-04,619.87
1997-07-05,590.56
1997-07-06,586.49
1997-07-07,569.16
1997-07-08,575.77
1997-07-09,987.55
1997-07-10,2222.31
1997-07-11,2289.87
1997-07-12,1681.67
1997-07-13,1293.2
1997-07-14,1139.25
1997-07-15,1050.96
1997-07-16,1017.59
1997-07-17,1029.39
1997-07-18,992.12
1997-07-19,925.83
1997-07-20,867.96
1997-07-21,819.35
1997-07-22,773.46
1997-07-23,731.82
1997-07-24,703.69
1997-07-25,673.53
1997-07-26,668.88
1997-07-27,665.81
1997-07-28,692.43
1997-07-29,706.95
1997-07-30,840.4
1997-07-31,850.14
1997-08-01,793.33
1997-08-02,736.9
1997-08-03,686.07
1997-08-04,646.14
1997-08-05,655.15
1997-08-06,695.63
1997-08-07,694.02
1997-08-08,647.63
1997-08-09,782.43
1997-08-10,1632.05
1997-08-11,1827.1
1997-08-12,2237.72
1997-08-13,2064.38
1997-08-14,1818.7
1997-08-15,1547.82
1997-08-16,1388.95
1997-08-17,1299.17
1997-08-18,1195.74
1997-08-19,1108.18
1997-08-20,1036.53
1997-08-21,978.49
1997-08-22,925.83
1997-08-23,871.97
1997-08-24,817.47
1997-08-25,764.6
1997-08-26,720.11
1997-08-27,681.34
1997-08-28,738.61
1997-08-29,778.83
1997-08-30,771.68
1997-08-31,773.46
1997-09-01,740.31
1997-09-02,689.24
1997-09-03,655.15
1997-09-04,662.74
1997-09-05,973.99
1997-09-06,1065.6
1997-09-07,934.41
1997-09-08,813.7
1997-09-09,736.9
1997-09-10,692.43
1997-09-11,675.08
1997-09-12,650.63
1997-09-13,661.22
1997-09-14,673.53
1997-09-15,643.17
1997-09-16,612.76
1997-09-17,602.95
1997-09-18,591.93
1997-09-19,583.79
1997-09-20,563.94
1997-09-21,578.43
1997-09-22,618.44
1997-09-23,661.22
1997-09-24,644.65
1997-09-25,625.61
1997-09-26,650.63
1997-09-27,1113.29
1997-09-28,1184.77
1997-09-29,987.55
1997-09-30,880.05
1997-10-01,804.38
1997-10-02,735.21
1997-10-03,673.53
1997-10-04,621.3
1997-10-05,575.77
1997-10-06,536.03
1997-10-07,501.34
1997-10-08,501.34
1997-10-09,507.16
1997-10-10,492.17
1997-10-11,465.66
1997-10-12,434.51
1997-10-13,403.58
1997-10-14,375.7
1997-10-15,351.37
1997-10-16,329.37
1997-10-17,307.32
1997-10-18,286.74
1997-10-19,269.4
1997-10-20,252.51
1997-10-21,237.23
1997-10-22,222.87
1997-10-23,207.93
1997-10-24,193.98
1997-10-25,181.39
1997-10-26,171.58
1997-10-27,162.68
1997-10-28,152.46
1997-10-29,142.22
1997-10-30,132.97
1997-10-31,124.6
1997-11-01,117.3
1997-11-02,110.17
1997-11-03,103.71
1997-11-04,97.86
1997-11-05,92.33
1997-11-06,87.31
1997-11-07,82.95
1997-11-08,79.17
1997-11-09,77.16
1997-11-10,75.91
1997-11-11,75.03
1997-11-12,74.51
1997-11-13,72.79
1997-11-14,70.29
1997-11-15,67.55
1997-11-16,65.07
1997-11-17,63.12
1997-11-18,61.37
1997-11-19,59.81
1997-11-20,58.57
1997-11-21,57.48
1997-11-22,56.54
1997-11-23,55.75
1997-11-24,55.36
1997-11-25,55.1
1997-11-26,55.1
1997-11-27,55.23
1997-11-28,54.98
1997-11-29,54.46
1997-11-30,53.95
1997-12-01,53.58
1997-12-02,53.45
1997-12-03,53.08
1997-12-04,52.7
1997-12-05,52.33
1997-12-06,51.97
1997-12-07,51.6
1997-12-08,51.24
1997-12-09,51.0
1997-12-10,53.08
1997-12-11,60.24
1997-12-12,65.53
1997-12-13,62.1
1997-12-14,67.87
1997-12-15,73.99
1997-12-16,73.3
1997-12-17,66.61
1997-12-18,60.94
1997-12-19,57.21
1997-12-20,54.72
1997-12-21,52.95
1997-12-22,51.72
1997-12-23,50.76
1997-12-24,50.05
1997-12-25,49.58
1997-12-26,49.12
1997-12-27,48.66
1997-12-28,48.2
1997-12-29,47.98
1997-12-30,47.53
1997-12-31,47.19
1998-01-01,46.86
1998-01-02,46.53
1998-01-03,46.1
1998-01-04,45.77
1998-01-05,45.34
1998-01-06,45.13
1998-01-07,44.92
1998-01-08,44.6
1998-01-09,44.29
1998-01-10,43.98
1998-01-11,43.67
1998-01-12,43.57
1998-01-13,44.6
1998-01-14,46.21
1998-01-15,47.31
1998-01-16,47.19
1998-01-17,46.1
1998-01-18,45.03
1998-01-19,44.19
1998-01-20,43.57
1998-01-21,43.26
1998-01-22,44.5
1998-01-23,45.34
1998-01-24,44.08
1998-01-25,42.55
1998-01-26,41.76
1998-01-27,41.27
1998-01-28,40.78
1998-01-29,40.88
1998-01-30,42.05
1998-01-31,44.39
1998-02-01,44.92
1998-02-02,42.95
1998-02-03,41.27
1998-02-04,40.88
1998-02-05,40.78
1998-02-06,40.5
1998-02-07,39.36
1998-02-08,38.26
1998-02-09,37.73
1998-02-10,37.19
1998-02-11,36.84
1998-02-12,36.41
1998-02-13,36.07
1998-02-14,35.73
1998-02-15,35.64
1998-02-16,35.81
1998-02-17,38.36
1998-02-18,46.42
1998-02-19,54.85
1998-02-20,56.81
1998-02-21,54.34
1998-02-22,50.64
1998-02-23,47.08
1998-02-24,43.87
1998-02-25,41.07
1998-02-26,39.83
1998-02-27,41.85
1998-02-28,43.87
1998-03-01,42.45
1998-03-02,40.11
1998-03-03,38.26
1998-03-04,36.84
1998-03-05,35.81
1998-03-06,35.22
1998-03-07,45.03
1998-03-08,54.59
1998-03-09,58.7
1998-03-10,53.58
1998-03-11,47.42
1998-03-12,42.85
1998-03-13,39.74
1998-03-14,38.72
1998-03-15,38.45
1998-03-16,37.64
1998-03-17,36.5
1998-03-18,35.48
1998-03-19,35.64
1998-03-20,36.41
1998-03-21,37.9
1998-03-22,277.61
1998-03-23,461.38
1998-03-24,331.66
1998-03-25,280.19
1998-03-26,225.99
1998-03-27,187.8
1998-03-28,159.69
1998-03-29,138.96
1998-03-30,142.55
1998-03-31,143.88
1998-04-01,139.6
1998-04-02,127.82
1998-04-03,115.14
1998-04-04,104.68
1998-04-05,96.05
1998-04-06,91.04
1998-04-07,93.19
1998-04-08,96.72
1998-04-09,204.12
1998-04-10,243.34
1998-04-11,233.96
1998-04-12,205.54
1998-04-13,178.47
1998-04-14,157.12
1998-04-15,162.68
1998-04-16,163.44
1998-04-17,157.85
1998-04-18,152.82
1998-04-19,148.28
1998-04-20,190.87
1998-04-21,403.58
1998-04-22,730.14
1998-04-23,771.68
1998-04-24,618.44
1998-04-25,496.74
1998-04-26,423.62
1998-04-27,424.6
1998-04-28,398.02
1998-04-29,364.59
1998-04-30,374.84
1998-05-01,381.82
1998-05-02,355.45
1998-05-03,328.61
1998-05-04,310.17
1998-05-05,300.3
1998-05-06,294.8
1998-05-07,307.32
1998-05-08,312.33
1998-05-09,308.74
1998-05-10,296.85
1998-05-11,280.84
1998-05-12,266.3
1998-05-13,250.19
1998-05-14,232.35
1998-05-15,215.77
1998-05-16,202.24
1998-05-17,190.43
1998-05-18,180.13
1998-05-19,173.18
1998-05-20,658.17
1998-05-21,1003.62
1998-05-22,736.9
1998-05-23,536.03
1998-05-24,500.19
1998-05-25,467.81
1998-05-26,424.6
1998-05-27,406.38
1998-05-28,387.15
1998-05-29,362.92
1998-05-30,349.75
1998-05-31,716.79
1998-06-01,752.36
1998-06-02,863.97
1998-06-03,989.83
1998-06-04,913.11
1998-06-05,768.13
1998-06-06,700.46
1998-06-07,871.97
1998-06-08,1168.5
1998-06-09,1249.26
1998-06-10,1229.27
1998-06-11,1237.8
1998-06-12,1103.08
1998-06-13,951.8
1998-06-14,846.23
1998-06-15,775.25
1998-06-16,721.77
1998-06-17,679.77
1998-06-18,646.14
1998-06-19,615.59
1998-06-20,598.79
1998-06-21,585.14
1998-06-22,582.45
1998-06-23,583.79
1998-06-24,587.84
1998-06-25,573.12
1998-06-26,561.34
1998-06-27,605.74
1998-06-28,768.13
1998-06-29,882.08
1998-06-30,882.08
1998-07-01,896.43
1998-07-02,876.0
1998-07-03,811.83
1998-07-04,771.68
1998-07-05,728.46
1998-07-06,706.95
1998-07-07,692.43
1998-07-08,682.91
1998-07-09,679.77
1998-07-10,658.17
1998-07-11,646.14
1998-07-12,665.81
1998-07-13,684.49
1998-07-14,664.27
1998-07-15,670.43
1998-07-16,684.49
1998-07-17,690.83
1998-07-18,661.22
1998-07-19,632.87
1998-07-20,604.34
1998-07-21,745.45
1998-07-22,815.58
1998-07-23,754.09
1998-07-24,695.63
1998-07-25,643.17
1998-07-26,604.34
1998-07-27,579.76
1998-07-28,608.54
1998-07-29,687.65
1998-07-30,710.21
1998-07-31,659.69
1998-08-01,609.94
1998-08-02,591.93
1998-08-03,579.76
1998-08-04,556.19
1998-08-05,578.43
1998-08-06,635.8
1998-08-07,632.87
1998-08-08,646.14
1998-08-09,653.64
1998-08-10,659.69
1998-08-11,652.13
1998-08-12,635.8
1998-08-13,617.02
1998-08-14,695.63
1998-08-15,731.82
1998-08-16,745.45
1998-08-17,882.08
1998-08-18,861.98
1998-08-19,800.68
1998-08-20,775.25
1998-08-21,742.02
1998-08-22,703.69
1998-08-23,673.53
1998-08-24,670.43
1998-08-25,1118.44
1998-08-26,1201.26
1998-08-27,989.83
1998-08-28,852.1
1998-08-29,778.83
1998-08-30,784.24
1998-08-31,828.85
1998-09-01,826.94
1998-09-02,809.96
1998-09-03,771.68
1998-09-04,778.83
1998-09-05,958.4
1998-09-06,956.19
1998-09-07,836.53
1998-09-08,743.73
1998-09-09,678.2
1998-09-10,629.96
1998-09-11,598.79
1998-09-12,577.1
1998-09-13,553.63
1998-09-14,528.66
1998-09-15,500.19
1998-09-16,468.89
1998-09-17,443.63
1998-09-18,428.54
1998-09-19,425.58
1998-09-20,437.53
1998-09-21,436.52
1998-09-22,417.79
1998-09-23,391.65
1998-09-24,377.44
1998-09-25,363.75
1998-09-26,347.34
1998-09-27,337.84
1998-09-28,333.97
1998-09-29,321.85
1998-09-30,304.49
1998-10-01,286.08
1998-10-02,268.77
1998-10-03,256.63
1998-10-04,250.77
1998-10-05,245.6
1998-10-06,232.88
1998-10-07,217.27
1998-10-08,204.12
1998-10-09,191.31
1998-10-10,179.3
1998-10-11,168.82
1998-10-12,160.44
1998-10-13,152.46
1998-10-14,145.22
1998-10-15,139.6
1998-10-16,134.52
1998-10-17,132.35
1998-10-18,161.93
1998-10-19,189.11
1998-10-20,219.29
1998-10-21,218.79
1998-10-22,213.29
1998-10-23,200.37
1998-10-24,183.08
1998-10-25,168.43
1998-10-26,155.68
1998-10-27,144.88
1998-10-28,136.72
1998-10-29,128.72
1998-10-30,120.62
1998-10-31,112.76
1998-11-01,105.66
1998-11-02,99.93
1998-11-03,94.72
1998-11-04,89.16
1998-11-05,83.92
1998-11-06,79.17
1998-11-07,75.21
1998-11-08,72.11
1998-11-09,69.63
1998-11-10,67.55
1998-11-11,67.23
1998-11-12,68.98
1998-11-13,68.34
1998-11-14,65.68
1998-11-15,62.83
1998-11-16,60.52
1998-11-17,58.7
1998-11-18,56.94
1998-11-19,55.62
1998-11-20,54.46
1998-11-21,53.7
1998-11-22,92.11
1998-11-23,938.72
1998-11-24,1098.01
1998-11-25,747.17
1998-11-26,514.23
1998-11-27,388.94
1998-11-28,315.23
1998-11-29,265.69
1998-11-30,229.67
1998-12-01,202.24
1998-12-02,179.72
1998-12-03,160.81
1998-12-04,144.55
1998-12-05,130.52
1998-12-06,118.4
1998-12-07,107.89
1998-12-08,98.54
1998-12-09,90.83
1998-12-10,84.51
1998-12-11,79.17
1998-12-12,75.03
1998-12-13,71.44
1998-12-14,68.66
1998-12-15,65.37
1998-12-16,62.24
1998-12-17,59.67
1998-12-18,57.75
1998-12-19,56.02
1998-12-20,54.59
1998-12-21,53.33
1998-12-22,52.33
1998-12-23,51.48
1998-12-24,50.88
1998-12-25,50.29
1998-12-26,49.82
1998-12-27,49.35
1998-12-28,48.89
1998-12-29,48.55
1998-12-30,48.2
1998-12-31,47.87
1999-01-01,47.42
1999-01-02,47.08
1999-01-03,46.75
1999-01-04,46.32
1999-01-05,45.99
1999-01-06,45.56
1999-01-07,45.24
1999-01-08,44.92
1999-01-09,44.6
1999-01-10,44.6
1999-01-11,45.13
1999-01-12,45.67
1999-01-13,44.92
1999-01-14,44.08
1999-01-15,43.57
1999-01-16,43.16
1999-01-17,42.75
1999-01-18,42.45
1999-01-19,42.15
1999-01-20,41.85
1999-01-21,41.56
1999-01-22,41.27
1999-01-23,40.98
1999-01-24,40.69
1999-01-25,40.4
1999-01-26,40.02
1999-01-27,39.74
1999-01-28,39.46
1999-01-29,39.27
1999-01-30,39.18
1999-01-31,38.9
1999-02-01,38.72
1999-02-02,38.45
1999-02-03,38.17
1999-02-04,37.9
1999-02-05,37.64
1999-02-06,37.37
1999-02-07,36.41
1999-02-08,35.39
1999-02-09,34.89
1999-02-10,34.56
1999-02-11,34.32
1999-02-12,33.99
1999-02-13,33.75
1999-02-14,33.43
1999-02-15,33.2
1999-02-16,32.88
1999-02-17,32.81
1999-02-18,32.81
1999-02-19,32.65
1999-02-20,32.42
1999-02-21,32.19
1999-02-22,31.96
1999-02-23,31.66
1999-02-24,31.43
1999-02-25,31.21
1999-02-26,30.99
1999-02-27,31.06
1999-02-28,31.21
1999-03-01,31.14
1999-03-02,30.99
1999-03-03,30.84
1999-03-04,30.55
1999-03-05,30.33
1999-03-06,30.05
1999-03-07,29.83
1999-03-08,29.62
1999-03-09,29.41
1999-03-10,29.06
1999-03-11,28.79
1999-03-12,28.65
1999-03-13,28.51
1999-03-14,28.51
1999-03-15,28.38
1999-03-16,28.11
1999-03-17,27.91
1999-03-18,27.64
1999-03-19,27.51
1999-03-20,27.38
1999-03-21,27.12
1999-03-22,26.67
1999-03-23,26.29
1999-03-24,25.98
1999-03-25,26.1
1999-03-26,40.3
1999-03-27,125.47
1999-03-28,123.17
1999-03-29,94.28
1999-03-30,72.11
1999-03-31,58.16
1999-04-01,49.7
1999-04-02,44.6
1999-04-03,40.69
1999-04-04,37.99
1999-04-05,35.9
1999-04-06,34.73
1999-04-07,33.91
1999-04-08,33.12
1999-04-09,31.89
1999-04-10,30.77
1999-04-11,29.9
1999-04-12,29.06
1999-04-13,28.11
1999-04-14,27.31
1999-04-15,27.05
1999-04-16,26.8
1999-04-17,26.48
1999-04-18,26.04
1999-04-19,25.67
1999-04-20,25.36
1999-04-21,25.0
1999-04-22,24.76
1999-04-23,24.88
1999-04-24,24.94
1999-04-25,24.88
1999-04-26,25.18
1999-04-27,25.55
1999-04-28,27.25
1999-04-29,28.85
1999-04-30,29.83
1999-05-01,29.34
1999-05-02,35.14
1999-05-03,122.88
1999-05-04,233.96
1999-05-05,200.37
1999-05-06,153.17
1999-05-07,127.53
1999-05-08,110.69
1999-05-09,103.23
1999-05-10,103.23
1999-05-11,102.75
1999-05-12,110.69
1999-05-13,118.4
1999-05-14,157.12
1999-05-15,170.0
1999-05-16,156.04
1999-05-17,138.64
1999-05-18,124.03
1999-05-19,114.88
1999-05-20,114.35
1999-05-21,122.59
1999-05-22,153.88
1999-05-23,222.87
1999-05-24,298.23
1999-05-25,387.15
1999-05-26,441.59
1999-05-27,465.66
1999-05-28,457.14
1999-05-29,602.95
1999-05-30,1293.2
1999-05-31,1184.77
1999-06-01,842.34
1999-06-02,659.69
1999-06-03,554.9
1999-06-04,488.78
1999-06-05,440.57
1999-06-06,409.2
1999-06-07,393.46
1999-06-08,381.82
1999-06-09,370.54
1999-06-10,468.89
1999-06-11,495.59
1999-06-12,453.99
1999-06-13,410.15
1999-06-14,380.07
1999-06-15,374.84
1999-06-16,367.98
1999-06-17,389.84
1999-06-18,414.91
1999-06-19,424.6
1999-06-20,412.05
1999-06-21,388.05
1999-06-22,369.68
1999-06-23,675.08
1999-06-24,808.1
1999-06-25,656.66
1999-06-26,670.43
1999-06-27,736.9
1999-06-28,675.08
1999-06-29,598.79
1999-06-30,640.21
1999-07-01,661.22
1999-07-02,614.18
1999-07-03,573.12
1999-07-04,634.33
1999-07-05,656.66
1999-07-06,594.66
1999-07-07,536.03
1999-07-08,496.74
1999-07-09,609.94
1999-07-10,1015.25
1999-07-11,1034.14
1999-07-12,861.98
1999-07-13,768.13
1999-07-14,736.9
1999-07-15,715.14
1999-07-16,733.51
1999-07-17,906.82
1999-07-18,1275.44
1999-07-19,1326.39
1999-07-20,1141.88
1999-07-21,1012.91
1999-07-22,987.55
1999-07-23,1027.02
1999-07-24,1027.02
1999-07-25,994.41
1999-07-26,923.7
1999-07-27,869.96
1999-07-28,886.16
1999-07-29,969.51
1999-07-30,943.06
1999-07-31,894.36
1999-08-01,871.97
1999-08-02,828.85
1999-08-03,786.05
1999-08-04,743.73
1999-08-05,703.69
1999-08-06,706.95
1999-08-07,811.83
1999-08-08,1173.9
1999-08-09,1240.65
1999-08-10,1063.14
1999-08-11,930.11
1999-08-12,873.98
1999-08-13,823.14
1999-08-14,844.28
1999-08-15,1171.2
1999-08-16,1226.44
1999-08-17,1105.62
1999-08-18,992.12
1999-08-19,902.65
1999-08-20,838.46
1999-08-21,791.5
1999-08-22,747.17
1999-08-23,710.21
1999-08-24,710.21
1999-08-25,689.24
1999-08-26,668.88
1999-08-27,697.23
1999-08-28,840.4
1999-08-29,947.42
1999-08-30,917.33
1999-08-31,842.34
1999-09-01,786.05
1999-09-02,736.9
1999-09-03,725.11
1999-09-04,731.82
1999-09-05,715.14
1999-09-06,678.2
1999-09-07,644.65
1999-09-08,632.87
1999-09-09,641.69
1999-09-10,658.17
1999-09-11,659.69
1999-09-12,634.33
1999-09-13,600.17
1999-09-14,569.16
1999-09-15,544.76
1999-09-16,519.0
1999-09-17,528.66
1999-09-18,544.76
1999-09-19,529.88
1999-09-20,517.8
1999-09-21,567.85
1999-09-22,593.29
1999-09-23,546.02
1999-09-24,501.34
1999-09-25,465.66
1999-09-26,434.51
1999-09-27,406.38
1999-09-28,380.94
1999-09-29,357.92
1999-09-30,345.74
1999-10-01,344.14
1999-10-02,340.98
1999-10-03,335.51
1999-10-04,340.98
1999-10-05,349.75
1999-10-06,349.75
1999-10-07,362.92
1999-10-08,369.68
1999-10-09,353.81
1999-10-10,330.89
1999-10-11,308.03
1999-10-12,287.4
1999-10-13,272.53
1999-10-14,262.63
1999-10-15,257.82
1999-10-16,254.86
1999-10-17,276.33
1999-10-18,462.45
1999-10-19,577.1
1999-10-20,544.76
1999-10-21,503.66
1999-10-22,463.52
1999-10-23,422.64
1999-10-24,385.37
1999-10-25,353.0
1999-10-26,323.34
1999-10-27,297.54
1999-10-28,275.06
1999-10-29,268.15
1999-10-30,277.61
1999-10-31,273.16
1999-11-01,259.02
1999-11-02,255.45
1999-11-03,259.02
1999-11-04,253.68
1999-11-05,240.55
1999-11-06,224.94
1999-11-07,210.35
1999-11-08,196.7
1999-11-09,184.35
1999-11-10,172.38
1999-11-11,160.81
1999-11-12,149.66
1999-11-13,138.96
1999-11-14,128.72
1999-11-15,119.5
1999-11-16,110.69
1999-11-17,103.47
1999-11-18,97.17
1999-11-19,91.26
1999-11-20,85.7
1999-11-21,80.47
1999-11-22,75.74
1999-11-23,71.44
1999-11-24,67.39
1999-11-25,63.71
1999-11-26,60.52
1999-11-27,57.75
1999-11-28,55.36
1999-11-29,53.45
1999-11-30,51.84
1999-12-01,50.4
1999-12-02,49.23
1999-12-03,48.2
1999-12-04,47.42
1999-12-05,46.75
1999-12-06,46.32
1999-12-07,45.99
1999-12-08,45.56
1999-12-09,45.24
1999-12-10,45.03
1999-12-11,45.56
1999-12-12,48.32
1999-12-13,51.6
1999-12-14,50.52
1999-12-15,48.2
1999-12-16,46.53
1999-12-17,45.56
1999-12-18,44.6
1999-12-19,43.77
1999-12-20,43.26
1999-12-21,42.85
1999-12-22,42.55
1999-12-23,42.25
1999-12-24,41.95
1999-12-25,41.85
1999-12-26,41.66
1999-12-27,41.36
1999-12-28,40.98
1999-12-29,40.69
1999-12-30,40.4
1999-12-31,40.21
2000-01-01,39.93
2000-01-02,39.64
2000-01-03,39.36
2000-01-04,38.99
2000-01-05,38.72
2000-01-06,38.36
2000-01-07,38.08
2000-01-08,37.82
2000-01-09,37.55
2000-01-10,37.28
2000-01-11,37.11
2000-01-12,36.84
2000-01-13,36.58
2000-01-14,36.76
2000-01-15,36.76
2000-01-16,36.5
2000-01-17,36.15
2000-01-18,35.9
2000-01-19,35.56
2000-01-20,35.81
2000-01-21,35.64
2000-01-22,36.15
2000-01-23,38.45
2000-01-24,41.46
2000-01-25,41.27
2000-01-26,39.09
2000-01-27,37.02
2000-01-28,37.28
2000-01-29,39.83
2000-01-30,46.86
2000-01-31,52.58
2000-02-01,49.0
2000-02-02,44.39
2000-02-03,42.15
2000-02-04,41.46
2000-02-05,40.3
2000-02-06,38.63
2000-02-07,38.54
2000-02-08,40.11
2000-02-09,40.88
2000-02-10,38.99
2000-02-11,36.58
2000-02-12,34.81
2000-02-13,33.67
2000-02-14,32.81
2000-02-15,32.27
2000-02-16,31.81
2000-02-17,31.51
2000-02-18,31.36
2000-02-19,31.14
2000-02-20,30.84
2000-02-21,30.55
2000-02-22,30.26
2000-02-23,29.97
2000-02-24,29.69
2000-02-25,29.41
2000-02-26,29.2
2000-02-27,29.2
2000-02-28,29.2
2000-02-29,29.06
2000-03-01,29.34
2000-03-02,51.24
2000-03-03,74.68
2000-03-04,79.72
2000-03-05,77.52
2000-03-06,75.91
2000-03-07,74.68
2000-03-08,73.99
2000-03-09,85.1
2000-03-10,83.14
2000-03-11,77.52
2000-03-12,121.74
2000-03-13,166.88
2000-03-14,164.96
2000-03-15,168.04
2000-03-16,152.82
2000-03-17,133.59
2000-03-18,116.49
2000-03-19,103.47
2000-03-20,93.84
2000-03-21,85.7
2000-03-22,78.62
2000-03-23,72.62
2000-03-24,67.08
2000-03-25,62.39
2000-03-26,58.29
2000-03-27,54.72
2000-03-28,51.48
2000-03-29,48.89
2000-03-30,46.75
2000-03-31,45.03
2000-04-01,44.08
2000-04-02,43.36
2000-04-03,42.35
2000-04-04,41.07
2000-04-05,43.46
2000-04-06,50.64
2000-04-07,52.33
2000-04-08,53.33
2000-04-09,52.83
2000-04-10,54.21
2000-04-11,54.21
2000-04-12,52.58
2000-04-13,50.05
2000-04-14,47.53
2000-04-15,45.45
2000-04-16,49.58
2000-04-17,54.98
2000-04-18,58.98
2000-04-19,60.66
2000-04-20,62.97
2000-04-21,69.63
2000-04-22,91.68
2000-04-23,142.88
2000-04-24,190.43
2000-04-25,198.07
2000-04-26,190.87
2000-04-27,668.88
2000-04-28,1229.27
2000-04-29,1017.59
2000-04-30,882.08
2000-05-01,989.83
2000-05-02,947.42
2000-05-03,757.58
2000-05-04,622.73
2000-05-05,536.03
2000-05-06,475.43
2000-05-07,432.51
2000-05-08,400.79
2000-05-09,373.97
2000-05-10,348.14
2000-05-11,322.59
2000-05-12,300.3
2000-05-13,280.19
2000-05-14,263.24
2000-05-15,268.15
2000-05-16,283.45
2000-05-17,327.1
2000-05-18,686.07
2000-05-19,856.04
2000-05-20,830.76
2000-05-21,679.77
2000-05-22,675.08
2000-05-23,949.6
2000-05-24,1034.14
2000-05-25,1121.02
2000-05-26,1314.22
2000-05-27,1182.04
2000-05-28,1050.96
2000-05-29,978.49
2000-05-30,913.11
2000-05-31,854.07
2000-06-01,811.83
2000-06-02,754.09
2000-06-03,697.23
2000-06-04,662.74
2000-06-05,698.84
2000-06-06,715.14
2000-06-07,694.02
2000-06-08,652.13
2000-06-09,609.94
2000-06-10,579.76
2000-06-11,544.76
2000-06-12,1474.71
2000-06-13,1502.14
2000-06-14,1105.62
2000-06-15,906.82
2000-06-16,815.58
2000-06-17,771.68
2000-06-18,902.65
2000-06-19,923.7
2000-06-20,917.33
2000-06-21,842.34
2000-06-22,791.5
2000-06-23,745.45
2000-06-24,754.09
2000-06-25,786.05
2000-06-26,777.04
2000-06-27,720.11
2000-06-28,687.65
2000-06-29,676.64
2000-06-30,655.15
2000-07-01,617.02
2000-07-02,578.43
2000-07-03,542.25
2000-07-04,514.23
2000-07-05,493.31
2000-07-06,464.59
2000-07-07,445.68
2000-07-08,435.52
2000-07-09,466.74
2000-07-10,476.53
2000-07-11,478.73
2000-07-12,567.85
2000-07-13,607.13
2000-07-14,589.2
2000-07-15,583.79
2000-07-16,565.24
2000-07-17,569.16
2000-07-18,556.19
2000-07-19,516.61
2000-07-20,502.5
2000-07-21,488.78
2000-07-22,473.24
2000-07-23,461.38
2000-07-24,472.15
2000-07-25,475.43
2000-07-26,451.9
2000-07-27,434.51
2000-07-28,422.64
2000-07-29,408.26
2000-07-30,387.15
2000-07-31,369.68
2000-08-01,398.02
2000-08-02,844.28
2000-08-03,949.6
2000-08-04,745.45
2000-08-05,618.44
2000-08-06,558.76
2000-08-07,531.11
2000-08-08,560.05
2000-08-09,653.64
2000-08-10,678.2
2000-08-11,678.2
2000-08-12,676.64
2000-08-13,640.21
2000-08-14,608.54
2000-08-15,602.95
2000-08-16,632.87
2000-08-17,638.73
2000-08-18,747.17
2000-08-19,796.99
2000-08-20,735.21
2000-08-21,667.34
2000-08-22,711.85
2000-08-23,757.58
2000-08-24,711.85
2000-08-25,650.63
2000-08-26,612.76
2000-08-27,589.2
2000-08-28,575.77
2000-08-29,646.14
2000-08-30,745.45
2000-08-31,768.13
2000-09-01,1041.32
2000-09-02,1115.86
2000-09-03,1237.8
2000-09-04,1613.36
2000-09-05,1576.61
2000-09-06,1308.18
2000-09-07,1192.99
2000-09-08,1092.96
2000-09-09,1001.31
2000-09-10,945.24
2000-09-11,882.08
2000-09-12,821.24
2000-09-13,787.86
2000-09-14,999.0
2000-09-15,1240.65
2000-09-16,1917.67
2000-09-17,2850.02
2000-09-18,3053.92
2000-09-19,2448.06
2000-09-20,1848.27
2000-09-21,1544.25
2000-09-22,1357.31
2000-09-23,1260.83
2000-09-24,1195.74
2000-09-25,1128.8
2000-09-26,1055.82
2000-09-27,985.28
2000-09-28,921.57
2000-09-29,863.97
2000-09-30,836.53
2000-10-01,967.28
2000-10-02,1369.88
2000-10-03,1565.75
2000-10-04,1382.57
2000-10-05,1149.8
2000-10-06,1005.93
2000-10-07,908.91
2000-10-08,834.6
2000-10-09,775.25
2000-10-10,726.78
2000-10-11,681.34
2000-10-12,637.26
2000-10-13,597.41
2000-10-14,560.05
2000-10-15,526.23
2000-10-16,495.59
2000-10-17,468.89
2000-10-18,447.75
2000-10-19,425.58
2000-10-20,399.87
2000-10-21,373.97
2000-10-22,349.75
2000-10-23,327.1
2000-10-24,307.32
2000-10-25,287.4
2000-10-26,268.15
2000-10-27,380.94
2000-10-28,761.08
2000-10-29,786.05
2000-10-30,581.1
2000-10-31,465.66
2000-11-01,396.19
2000-11-02,348.95
2000-11-03,313.77
2000-11-04,284.76
2000-11-05,260.82
2000-11-06,239.44
2000-11-07,221.33
2000-11-08,204.59
2000-11-09,189.11
2000-11-10,174.79
2000-11-11,161.93
2000-11-12,149.66
2000-11-13,138.96
2000-11-14,129.02
2000-11-15,119.78
2000-11-16,110.94
2000-11-17,102.75
2000-11-18,95.61
2000-11-19,90.2
2000-11-20,85.3
2000-11-21,80.47
2000-11-22,75.91
2000-11-23,71.95
2000-11-24,68.66
2000-11-25,65.68
2000-11-26,63.27
2000-11-27,61.37
2000-11-28,59.53
2000-11-29,58.02
2000-11-30,56.81
2000-12-01,55.62
2000-12-02,54.59
2000-12-03,53.7
2000-12-04,52.83
2000-12-05,52.21
2000-12-06,51.6
2000-12-07,51.24
2000-12-08,50.88
2000-12-09,50.52
2000-12-10,50.29
2000-12-11,49.93
2000-12-12,49.58
2000-12-13,49.35
2000-12-14,49.0
2000-12-15,48.66
2000-12-16,48.32
2000-12-17,47.98
2000-12-18,47.75
2000-12-19,47.42
2000-12-20,47.08
2000-12-21,46.86
2000-12-22,46.53
2000-12-23,46.21
2000-12-24,45.88
2000-12-25,45.56
2000-12-26,45.34
2000-12-27,45.03
2000-12-28,44.71
2000-12-29,44.39
2000-12-30,44.19
2000-12-31,43.87
2001-01-01,43.57
2001-01-02,43.26
2001-01-03,42.95
2001-01-04,42.65
2001-01-05,42.45
2001-01-06,42.25
2001-01-07,41.95
2001-01-08,41.66
2001-01-09,41.36
2001-01-10,41.07
2001-01-11,40.78
2001-01-12,40.59
2001-01-13,40.21
2001-01-14,39.93
2001-01-15,39.64
2001-01-16,39.36
2001-01-17,39.09
2001-01-18,38.81
2001-01-19,38.54
2001-01-20,38.26
2001-01-21,37.99
2001-01-22,37.73
2001-01-23,38.08
2001-01-24,38.9
2001-01-25,38.9
2001-01-26,38.17
2001-01-27,37.55
2001-01-28,37.11
2001-01-29,36.76
2001-01-30,36.33
2001-01-31,35.98
2001-02-01,35.81
2001-02-02,35.81
2001-02-03,35.48
2001-02-04,35.22
2001-02-05,34.89
2001-02-06,34.56
2001-02-07,33.75
2001-02-08,32.96
2001-02-09,32.57
2001-02-10,32.19
2001-02-11,31.96
2001-02-12,31.66
2001-02-13,31.43
2001-02-14,31.14
2001-02-15,30.84
2001-02-16,30.55
2001-02-17,30.55
2001-02-18,30.62
2001-02-19,31.66
2001-02-20,34.24
2001-02-21,39.27
2001-02-22,40.88
2001-02-23,42.05
2001-02-24,42.05
2001-02-25,76.45
2001-02-26,145.22
2001-02-27,133.59
2001-02-28,108.65
2001-03-01,88.74
2001-03-02,75.21
2001-03-03,65.53
2001-03-04,58.43
2001-03-05,52.95
2001-03-06,49.47
2001-03-07,47.19
2001-03-08,44.71
2001-03-09,41.85
2001-03-10,39.36
2001-03-11,37.55
2001-03-12,36.07
2001-03-13,34.65
2001-03-14,33.59
2001-03-15,32.73
2001-03-16,31.81
2001-03-17,30.92
2001-03-18,30.19
2001-03-19,29.69
2001-03-20,29.2
2001-03-21,28.72
2001-03-22,28.24
2001-03-23,30.12
2001-03-24,35.73
2001-03-25,42.65
2001-03-26,42.25
2001-03-27,53.58
2001-03-28,59.95
2001-03-29,74.68
2001-03-30,86.5
2001-03-31,82.95
2001-04-01,78.25
2001-04-02,74.51
2001-04-03,69.79
2001-04-04,64.31
2001-04-05,59.26
2001-04-06,54.72
2001-04-07,50.76
2001-04-08,47.98
2001-04-09,46.64
2001-04-10,61.37
2001-04-11,66.76
2001-04-12,84.51
2001-04-13,116.49
2001-04-14,119.78
2001-04-15,104.68
2001-04-16,97.86
2001-04-17,92.97
2001-04-18,96.72
2001-04-19,100.62
2001-04-20,96.5
2001-04-21,96.05
2001-04-22,91.26
2001-04-23,84.31
2001-04-24,77.7
2001-04-25,72.11
2001-04-26,68.5
2001-04-27,72.96
2001-04-28,153.53
2001-04-29,453.99
2001-04-30,469.98
2001-05-01,339.41
2001-05-02,250.77
2001-05-03,211.81
2001-05-04,210.35
2001-05-05,236.68
2001-05-06,227.56
2001-05-07,253.1
2001-05-08,254.27
2001-05-09,598.79
2001-05-10,1136.63
2001-05-11,1072.99
2001-05-12,738.61
2001-05-13,548.54
2001-05-14,441.59
2001-05-15,379.19
2001-05-16,347.34
2001-05-17,343.35
2001-05-18,329.37
2001-05-19,324.09
2001-05-20,313.05
2001-05-21,299.61
2001-05-22,305.2
2001-05-23,308.03
2001-05-24,292.76
2001-05-25,276.33
2001-05-26,260.82
2001-05-27,250.19
2001-05-28,247.31
2001-05-29,246.17
2001-05-30,250.19
2001-05-31,471.06
2001-06-01,740.31
2001-06-02,876.0
2001-06-03,798.83
2001-06-04,846.23
2001-06-05,848.18
2001-06-06,813.7
2001-06-07,764.6
2001-06-08,725.11
2001-06-09,740.31
2001-06-10,748.89
2001-06-11,728.46
2001-06-12,747.17
2001-06-13,764.6
2001-06-14,768.13
2001-06-15,786.05
2001-06-16,813.7
2001-06-17,888.2
2001-06-18,882.08
2001-06-19,828.85
2001-06-20,787.86
2001-06-21,754.09
2001-06-22,800.68
2001-06-23,787.86
2001-06-24,769.9
2001-06-25,766.36
2001-06-26,786.05
2001-06-27,784.24
2001-06-28,771.68
2001-06-29,992.12
2001-06-30,1498.69
2001-07-01,2176.71
2001-07-02,1922.09
2001-07-03,1484.94
2001-07-04,1220.8
2001-07-05,1147.15
2001-07-06,1192.99
2001-07-07,1168.5
2001-07-08,1131.4
2001-07-09,1139.25
2001-07-10,1278.38
2001-07-11,1257.93
2001-07-12,1147.15
2001-07-13,1043.72
2001-07-14,958.4
2001-07-15,904.73
2001-07-16,900.57
2001-07-17,911.01
2001-07-18,989.83
2001-07-19,980.75
2001-07-20,936.56
2001-07-21,938.72
2001-07-22,934.41
2001-07-23,902.65
2001-07-24,854.07
2001-07-25,796.99
2001-07-26,743.73
2001-07-27,700.46
2001-07-28,656.66
2001-07-29,745.45
2001-07-30,1366.73
2001-07-31,1944.36
2001-08-01,1720.87
2001-08-02,1408.29
2001-08-03,1134.01
2001-08-04,983.01
2001-08-05,894.36
2001-08-06,846.23
2001-08-07,798.83
2001-08-08,757.58
2001-08-09,723.44
2001-08-10,692.43
2001-08-11,662.74
2001-08-12,643.17
2001-08-13,656.66
2001-08-14,708.58
2001-08-15,706.95
2001-08-16,656.66
2001-08-17,617.02
2001-08-18,594.66
2001-08-19,577.1
2001-08-20,589.2
2001-08-21,607.13
2001-08-22,596.04
2001-08-23,569.16
2001-08-24,546.02
2001-08-25,538.51
2001-08-26,624.17
2001-08-27,678.2
2001-08-28,667.34
2001-08-29,647.63
2001-08-30,640.21
2001-08-31,668.88
2001-09-01,658.17
2001-09-02,611.35
2001-09-03,563.94
2001-09-04,522.6
2001-09-05,500.19
2001-09-06,505.99
2001-09-07,509.5
2001-09-08,494.45
2001-09-09,487.65
2001-09-10,509.5
2001-09-11,570.48
2001-09-12,605.74
2001-09-13,618.44
2001-09-14,571.8
2001-09-15,521.4
2001-09-16,500.19
2001-09-17,1171.2
2001-09-18,1263.74
2001-09-19,1031.76
2001-09-20,865.96
2001-09-21,752.36
2001-09-22,679.77
2001-09-23,637.26
2001-09-24,608.54
2001-09-25,591.93
2001-09-26,587.84
2001-09-27,579.76
2001-09-28,562.64
2001-09-29,544.76
2001-09-30,523.81
2001-10-01,532.33
2001-10-02,569.16
2001-10-03,705.32
2001-10-04,840.4
2001-10-05,795.16
2001-10-06,716.79
2001-10-07,658.17
2001-10-08,605.74
2001-10-09,565.24
2001-10-10,554.9
2001-10-11,544.76
2001-10-12,515.42
2001-10-13,489.91
2001-10-14,477.63
2001-10-15,465.66
2001-10-16,445.68
2001-10-17,425.58
2001-10-18,451.9
2001-10-19,451.9
2001-10-20,429.53
2001-10-21,399.87
2001-10-22,370.54
2001-10-23,343.35
2001-10-24,318.15
2001-10-25,296.17
2001-10-26,276.97
2001-10-27,259.62
2001-10-28,242.78
2001-10-29,230.74
2001-10-30,254.86
2001-10-31,378.31
2001-11-01,456.09
2001-11-02,387.15
2001-11-03,330.89
2001-11-04,292.76
2001-11-05,265.07
2001-11-06,241.66
2001-11-07,222.36
2001-11-08,212.3
2001-11-09,207.45
2001-11-10,196.7
2001-11-11,182.65
2001-11-12,169.22
2001-11-13,157.12
2001-11-14,145.89
2001-11-15,135.77
2001-11-16,126.35
2001-11-17,118.95
2001-11-18,112.5
2001-11-19,105.91
2001-11-20,99.0
2001-11-21,93.19
2001-11-22,89.36
2001-11-23,86.7
2001-11-24,83.72
2001-11-25,80.1
2001-11-26,75.38
2001-11-27,71.11
2001-11-28,67.39
2001-11-29,64.31
2001-11-30,61.52
2001-12-01,58.98
2001-12-02,56.81
2001-12-03,55.1
2001-12-04,53.58
2001-12-05,52.33
2001-12-06,51.24
2001-12-07,50.4
2001-12-08,50.4
2001-12-09,50.76
2001-12-10,50.29
2001-12-11,49.35
2001-12-12,48.66
2001-12-13,48.09
2001-12-14,47.75
2001-12-15,47.31
2001-12-16,47.08
2001-12-17,46.75
2001-12-18,46.42
2001-12-19,46.1
2001-12-20,45.77
2001-12-21,45.45
2001-12-22,45.13
2001-12-23,44.81
2001-12-24,44.5
2001-12-25,44.19
2001-12-26,43.98
2001-12-27,43.67
2001-12-28,43.36
2001-12-29,43.06
2001-12-30,42.75
2001-12-31,42.45
2002-01-01,42.25
2002-01-02,41.95
2002-01-03,41.66
2002-01-04,41.27
2002-01-05,40.98
2002-01-06,40.69
2002-01-07,40.4
2002-01-08,40.21
2002-01-09,40.11
2002-01-10,40.02
2002-01-11,39.74
2002-01-12,39.36
2002-01-13,39.09
2002-01-14,38.72
2002-01-15,38.45
2002-01-16,38.17
2002-01-17,38.45
2002-01-18,40.3
2002-01-19,43.06
2002-01-20,44.6
2002-01-21,44.08
2002-01-22,43.57
2002-01-23,46.32
2002-01-24,56.15
2002-01-25,63.86
2002-01-26,60.94
2002-01-27,54.46
2002-01-28,49.35
2002-01-29,46.1
2002-01-30,44.5
2002-01-31,43.46
2002-02-01,41.95
2002-02-02,40.4
2002-02-03,38.99
2002-02-04,38.08
2002-02-05,37.37
2002-02-06,36.76
2002-02-07,35.81
2002-02-08,34.97
2002-02-09,34.4
2002-02-10,34.08
2002-02-11,33.75
2002-02-12,33.43
2002-02-13,33.2
2002-02-14,32.88
2002-02-15,32.57
2002-02-16,32.34
2002-02-17,32.11
2002-02-18,31.89
2002-02-19,32.27
2002-02-20,33.12
2002-02-21,34.56
2002-02-22,34.89
2002-02-23,33.99
2002-02-24,32.81
2002-02-25,31.89
2002-02-26,31.36
2002-02-27,31.14
2002-02-28,31.14
2002-03-01,30.99
2002-03-02,30.62
2002-03-03,30.41
2002-03-04,30.33
2002-03-05,30.19
2002-03-06,29.9
2002-03-07,29.62
2002-03-08,29.34
2002-03-09,29.13
2002-03-10,28.85
2002-03-11,29.06
2002-03-12,31.06
2002-03-13,32.81
2002-03-14,31.66
2002-03-15,29.97
2002-03-16,28.92
2002-03-17,28.38
2002-03-18,27.97
2002-03-19,27.71
2002-03-20,27.44
2002-03-21,27.18
2002-03-22,26.99
2002-03-23,27.71
2002-03-24,62.83
2002-03-25,174.79
2002-03-26,316.69
2002-03-27,253.68
2002-03-28,186.5
2002-03-29,147.25
2002-03-30,122.59
2002-03-31,105.66
2002-04-01,96.27
2002-04-02,165.34
2002-04-03,197.61
2002-04-04,172.38
2002-04-05,146.57
2002-04-06,125.77
2002-04-07,110.17
2002-04-08,108.65
2002-04-09,114.35
2002-04-10,119.78
2002-04-11,114.61
2002-04-12,106.4
2002-04-13,98.77
2002-04-14,91.68
2002-04-15,84.9
2002-04-16,206.49
2002-04-17,262.03
2002-04-18,220.31
2002-04-19,235.05
2002-04-20,210.84
2002-04-21,210.84
2002-04-22,198.53
2002-04-23,181.39
2002-04-24,168.43
2002-04-25,160.44
2002-04-26,199.91
2002-04-27,265.69
2002-04-28,294.12
2002-04-29,274.42
2002-04-30,287.4
2002-05-01,318.15
2002-05-02,328.61
2002-05-03,321.85
2002-05-04,293.44
2002-05-05,269.4
2002-05-06,256.63
2002-05-07,251.93
2002-05-08,242.78
2002-05-09,230.21
2002-05-10,232.88
2002-05-11,867.96
2002-05-12,1326.39
2002-05-13,930.11
2002-05-14,624.17
2002-05-15,493.31
2002-05-16,431.51
2002-05-17,394.37
2002-05-18,408.26
2002-05-19,416.83
2002-05-20,503.66
2002-05-21,621.3
2002-05-22,761.08
2002-05-23,687.65
2002-05-24,601.56
2002-05-25,605.74
2002-05-26,813.7
2002-05-27,826.94
2002-05-28,733.51
2002-05-29,652.13
2002-05-30,601.56
2002-05-31,586.49
2002-06-01,553.63
2002-06-02,522.6
2002-06-03,499.03
2002-06-04,474.34
2002-06-05,456.09
2002-06-06,459.26
2002-06-07,487.65
2002-06-08,463.52
2002-06-09,430.52
2002-06-10,437.53
2002-06-11,480.95
2002-06-12,509.5
2002-06-13,665.81
2002-06-14,876.0
2002-06-15,1139.25
2002-06-16,1141.88
2002-06-17,985.28
2002-06-18,854.07
2002-06-19,754.09
2002-06-20,733.51
2002-06-21,806.24
2002-06-22,800.68
2002-06-23,761.08
2002-06-24,766.36
2002-06-25,752.36
2002-06-26,716.79
2002-06-27,665.81
2002-06-28,618.44
2002-06-29,597.41
2002-06-30,1063.14
2002-07-01,1376.21
2002-07-02,1179.32
2002-07-03,1015.25
2002-07-04,917.33
2002-07-05,836.53
2002-07-06,802.53
2002-07-07,844.28
2002-07-08,884.12
2002-07-09,865.96
2002-07-10,846.23
2002-07-11,825.04
2002-07-12,821.24
2002-07-13,786.05
2002-07-14,745.45
2002-07-15,705.32
2002-07-16,678.2
2002-07-17,710.21
2002-07-18,713.5
2002-07-19,684.49
2002-07-20,676.64
2002-07-21,682.91
2002-07-22,1165.81
2002-07-23,1373.04
2002-07-24,1144.51
2002-07-25,980.75
2002-07-26,880.05
2002-07-27,858.01
2002-07-28,846.23
2002-07-29,823.14
2002-07-30,856.04
2002-07-31,876.0
2002-08-01,867.96
2002-08-02,830.76
2002-08-03,836.53
2002-08-04,871.97
2002-08-05,867.96
2002-08-06,859.99
2002-08-07,830.76
2002-08-08,813.7
2002-08-09,852.1
2002-08-10,917.33
2002-08-11,999.0
2002-08-12,1354.19
2002-08-13,1886.99
2002-08-14,1948.84
2002-08-15,1732.8
2002-08-16,1554.97
2002-08-17,1382.57
2002-08-18,1246.38
2002-08-19,1190.24
2002-08-20,1128.8
2002-08-21,1050.96
2002-08-22,992.12
2002-08-23,1001.31
2002-08-24,987.55
2002-08-25,936.56
2002-08-26,880.05
2002-08-27,830.76
2002-08-28,787.86
2002-08-29,759.33
2002-08-30,738.61
2002-08-31,720.11
2002-09-01,700.46
2002-09-02,678.2
2002-09-03,646.14
2002-09-04,615.59
2002-09-05,593.29
2002-09-06,570.48
2002-09-07,548.54
2002-09-08,525.02
2002-09-09,500.19
2002-09-10,475.43
2002-09-11,457.14
2002-09-12,446.71
2002-09-13,431.51
2002-09-14,409.2
2002-09-15,390.74
2002-09-16,374.84
2002-09-17,356.27
2002-09-18,336.29
2002-09-19,317.42
2002-09-20,300.3
2002-09-21,294.8
2002-09-22,381.82
2002-09-23,700.46
2002-09-24,777.04
2002-09-25,676.64
2002-09-26,587.84
2002-09-27,1128.8
2002-09-28,1639.59
2002-09-29,1351.07
2002-09-30,1027.02
2002-10-01,840.4
2002-10-02,735.21
2002-10-03,665.81
2002-10-04,614.18
2002-10-05,573.12
2002-10-06,534.8
2002-10-07,500.19
2002-10-08,467.81
2002-10-09,436.52
2002-10-10,407.32
2002-10-11,383.59
2002-10-12,361.24
2002-10-13,337.06
2002-10-14,314.5
2002-10-15,296.85
2002-10-16,282.14
2002-10-17,266.3
2002-10-18,251.93
2002-10-19,366.28
2002-10-20,405.44
2002-10-21,380.94
2002-10-22,345.74
2002-10-23,309.46
2002-10-24,278.9
2002-10-25,253.68
2002-10-26,231.81
2002-10-27,213.29
2002-10-28,197.15
2002-10-29,182.65
2002-10-30,168.82
2002-10-31,155.68
2002-11-01,143.21
2002-11-02,131.74
2002-11-03,121.46
2002-11-04,113.55
2002-11-05,108.65
2002-11-06,103.23
2002-11-07,97.86
2002-11-08,91.04
2002-11-09,84.7
2002-11-10,78.8
2002-11-11,74.16
2002-11-12,214.77
2002-11-13,477.63
2002-11-14,401.72
2002-11-15,311.61
2002-11-16,252.51
2002-11-17,212.3
2002-11-18,182.65
2002-11-19,160.44
2002-11-20,143.54
2002-11-21,129.02
2002-11-22,115.68
2002-11-23,103.47
2002-11-24,93.19
2002-11-25,84.9
2002-11-26,78.8
2002-11-27,74.16
2002-11-28,70.45
2002-11-29,66.92
2002-11-30,64.01
2002-12-01,61.81
2002-12-02,60.24
2002-12-03,58.98
2002-12-04,57.48
2002-12-05,56.15
2002-12-06,55.1
2002-12-07,54.21
2002-12-08,53.45
2002-12-09,52.83
2002-12-10,52.33
2002-12-11,51.84
2002-12-12,51.48
2002-12-13,51.0
2002-12-14,50.52
2002-12-15,50.17
2002-12-16,49.82
2002-12-17,49.58
2002-12-18,51.6
2002-12-19,58.16
2002-12-20,64.92
2002-12-21,67.87
2002-12-22,68.34
2002-12-23,65.07
2002-12-24,60.24
2002-12-25,56.28
2002-12-26,54.46
2002-12-27,52.95
2002-12-28,51.6
2002-12-29,51.36
2002-12-30,50.76
2002-12-31,49.47
2003-01-01,48.43
2003-01-02,47.75
2003-01-03,47.31
2003-01-04,46.97
2003-01-05,46.97
2003-01-06,47.31
2003-01-07,46.86
2003-01-08,46.21
2003-01-09,45.67
2003-01-10,45.34
2003-01-11,44.92
2003-01-12,44.6
2003-01-13,44.29
2003-01-14,43.98
2003-01-15,43.67
2003-01-16,43.36
2003-01-17,42.95
2003-01-18,42.65
2003-01-19,42.35
2003-01-20,42.05
2003-01-21,41.76
2003-01-22,41.46
2003-01-23,41.17
2003-01-24,40.98
2003-01-25,40.78
2003-01-26,40.5
2003-01-27,40.21
2003-01-28,39.93
2003-01-29,40.59
2003-01-30,44.71
2003-01-31,51.48
2003-02-01,53.7
2003-02-02,50.17
2003-02-03,45.99
2003-02-04,43.06
2003-02-05,44.19
2003-02-06,51.97
2003-02-07,58.98
2003-02-08,56.81
2003-02-09,51.72
2003-02-10,47.75
2003-02-11,45.03
2003-02-12,44.08
2003-02-13,47.87
2003-02-14,56.68
2003-02-15,62.83
2003-02-16,63.42
2003-02-17,57.88
2003-02-18,52.46
2003-02-19,48.09
2003-02-20,47.19
2003-02-21,47.53
2003-02-22,48.32
2003-02-23,47.64
2003-02-24,45.03
2003-02-25,43.36
2003-02-26,43.26
2003-02-27,43.57
2003-02-28,42.95
2003-03-01,41.66
2003-03-02,40.4
2003-03-03,40.69
2003-03-04,43.16
2003-03-05,44.5
2003-03-06,42.85
2003-03-07,40.69
2003-03-08,38.99
2003-03-09,37.82
2003-03-10,36.84
2003-03-11,36.33
2003-03-12,37.19
2003-03-13,52.33
2003-03-14,62.68
2003-03-15,65.07
2003-03-16,65.07
2003-03-17,66.61
2003-03-18,66.45
2003-03-19,68.98
2003-03-20,74.51
2003-03-21,77.7
2003-03-22,75.03
2003-03-23,68.5
2003-03-24,62.39
2003-03-25,58.98
2003-03-26,60.24
2003-03-27,63.12
2003-03-28,62.24
2003-03-29,59.67
2003-03-30,87.1
2003-03-31,180.55
2003-04-01,305.9
2003-04-02,344.94
2003-04-03,315.23
2003-04-04,266.3
2003-04-05,227.03
2003-04-06,196.7
2003-04-07,174.39
2003-04-08,156.4
2003-04-09,142.88
2003-04-10,131.13
2003-04-11,230.21
2003-04-12,632.87
2003-04-13,738.61
2003-04-14,593.29
2003-04-15,463.52
2003-04-16,453.99
2003-04-17,713.5
2003-04-18,675.08
2003-04-19,536.03
2003-04-20,467.81
2003-04-21,427.55
2003-04-22,482.06
2003-04-23,448.78
2003-04-24,394.37
2003-04-25,351.37
2003-04-26,320.37
2003-04-27,296.85
2003-04-28,280.84
2003-04-29,269.4
2003-04-30,266.92
2003-05-01,276.97
2003-05-02,286.08
2003-05-03,282.79
2003-05-04,294.12
2003-05-05,299.61
2003-05-06,298.92
2003-05-07,281.49
2003-05-08,261.42
2003-05-09,243.91
2003-05-10,230.21
2003-05-11,222.36
2003-05-12,211.81
2003-05-13,197.15
2003-05-14,183.93
2003-05-15,174.39
2003-05-16,174.39
2003-05-17,183.08
2003-05-18,174.79
2003-05-19,164.96
2003-05-20,172.78
2003-05-21,198.53
2003-05-22,206.97
2003-05-23,205.06
2003-05-24,214.28
2003-05-25,218.79
2003-05-26,253.68
2003-05-27,268.77
2003-05-28,245.6
2003-05-29,223.91
2003-05-30,205.06
2003-05-31,189.55
2003-06-01,176.83
2003-06-02,166.49
2003-06-03,195.34
2003-06-04,275.06
2003-06-05,399.87
2003-06-06,455.04
2003-06-07,1005.93
2003-06-08,1558.55
2003-06-09,1551.39
2003-06-10,1505.61
2003-06-11,1457.81
2003-06-12,1299.17
2003-06-13,1060.7
2003-06-14,925.83
2003-06-15,842.34
2003-06-16,778.83
2003-06-17,733.51
2003-06-18,735.21
2003-06-19,798.83
2003-06-20,842.34
2003-06-21,823.14
2003-06-22,871.97
2003-06-23,898.5
2003-06-24,890.25
2003-06-25,832.68
2003-06-26,808.1
2003-06-27,802.53
2003-06-28,848.18
2003-06-29,1077.95
2003-06-30,1278.38
2003-07-01,1165.81
2003-07-02,1060.7
2003-07-03,958.4
2003-07-04,880.05
2003-07-05,850.14
2003-07-06,821.24
2003-07-07,800.68
2003-07-08,826.94
2003-07-09,802.53
2003-07-10,761.08
2003-07-11,778.83
2003-07-12,861.98
2003-07-13,834.6
2003-07-14,817.47
2003-07-15,815.58
2003-07-16,815.58
2003-07-17,815.58
2003-07-18,798.83
2003-07-19,747.17
2003-07-20,747.17
2003-07-21,730.14
2003-07-22,695.63
2003-07-23,658.17
2003-07-24,653.64
2003-07-25,647.63
2003-07-26,650.63
2003-07-27,655.15
2003-07-28,646.14
2003-07-29,614.18
2003-07-30,582.45
2003-07-31,565.24
2003-08-01,556.19
2003-08-02,529.88
2003-08-03,501.34
2003-08-04,479.84
2003-08-05,462.45
2003-08-06,458.2
2003-08-07,463.52
2003-08-08,462.45
2003-08-09,459.26
2003-08-10,438.54
2003-08-11,413.0
2003-08-12,388.94
2003-08-13,392.55
2003-08-14,453.99
2003-08-15,484.29
2003-08-16,457.14
2003-08-17,519.0
2003-08-18,549.81
2003-08-19,547.28
2003-08-20,589.2
2003-08-21,583.79
2003-08-22,631.41
2003-08-23,652.13
2003-08-24,602.95
2003-08-25,590.56
2003-08-26,581.1
2003-08-27,894.36
2003-08-28,947.42
2003-08-29,780.63
2003-08-30,667.34
2003-08-31,596.04
2003-09-01,587.84
2003-09-02,604.34
2003-09-03,627.06
2003-09-04,612.76
2003-09-05,587.84
2003-09-06,583.79
2003-09-07,597.41
2003-09-08,609.94
2003-09-09,611.35
2003-09-10,598.79
2003-09-11,604.34
2003-09-12,631.41
2003-09-13,678.2
2003-09-14,689.24
2003-09-15,662.74
2003-09-16,640.21
2003-09-17,624.17
2003-09-18,604.34
2003-09-19,598.79
2003-09-20,577.1
2003-09-21,563.94
2003-09-22,554.9
2003-09-23,536.03
2003-09-24,541.0
2003-09-25,548.54
2003-09-26,549.81
2003-09-27,539.75
2003-09-28,521.4
2003-09-29,504.82
2003-09-30,489.91
2003-10-01,484.29
2003-10-02,473.24
2003-10-03,477.63
2003-10-04,503.66
2003-10-05,504.82
2003-10-06,480.95
2003-10-07,456.09
2003-10-08,466.74
2003-10-09,562.64
2003-10-10,927.97
2003-10-11,923.7
2003-10-12,780.63
2003-10-13,675.08
2003-10-14,598.79
2003-10-15,552.35
2003-10-16,526.23
2003-10-17,502.5
2003-10-18,473.24
2003-10-19,442.61
2003-10-20,417.79
2003-10-21,396.19
2003-10-22,373.97
2003-10-23,351.37
2003-10-24,331.66
2003-10-25,314.5
2003-10-26,300.3
2003-10-27,292.09
2003-10-28,284.1
2003-10-29,271.27
2003-10-30,254.86
2003-10-31,241.1
2003-11-01,234.5
2003-11-02,225.99
2003-11-03,211.81
2003-11-04,198.07
2003-11-05,184.35
2003-11-06,171.19
2003-11-07,160.06
2003-11-08,149.66
2003-11-09,139.93
2003-11-10,130.22
2003-11-11,121.46
2003-11-12,113.82
2003-11-13,106.65
2003-11-14,100.16
2003-11-15,94.06
2003-11-16,88.13
2003-11-17,82.95
2003-11-18,78.43
2003-11-19,74.68
2003-11-20,71.28
2003-11-21,68.66
2003-11-22,66.45
2003-11-23,64.16
2003-11-24,62.1
2003-11-25,60.52
2003-11-26,59.26
2003-11-27,58.16
2003-11-28,57.21
2003-11-29,56.54
2003-11-30,55.75
2003-12-01,55.1
2003-12-02,54.59
2003-12-03,54.34
2003-12-04,53.95
2003-12-05,53.58
2003-12-06,53.33
2003-12-07,52.95
2003-12-08,52.7
2003-12-09,52.33
2003-12-10,52.09
2003-12-11,51.84
2003-12-12,51.6
2003-12-13,51.24
2003-12-14,51.0
2003-12-15,50.64
2003-12-16,50.29
2003-12-17,50.05
2003-12-18,49.93
2003-12-19,57.75
2003-12-20,88.54
2003-12-21,102.99
2003-12-22,98.54
2003-12-23,88.13
2003-12-24,78.98
2003-12-25,72.62
2003-12-26,67.71
2003-12-27,63.27
2003-12-28,61.37
2003-12-29,66.61
2003-12-30,72.45
2003-12-31,67.87
2004-01-01,61.95
2004-01-02,58.02
2004-01-03,55.36
2004-01-04,53.33
2004-01-05,51.72
2004-01-06,50.4
2004-01-07,49.35
2004-01-08,48.89
2004-01-09,50.4
2004-01-10,51.97
2004-01-11,50.4
2004-01-12,48.55
2004-01-13,47.64
2004-01-14,50.29
2004-01-15,52.33
2004-01-16,52.21
2004-01-17,49.93
2004-01-18,48.43
2004-01-19,48.2
2004-01-20,48.43
2004-01-21,48.09
2004-01-22,47.08
2004-01-23,47.08
2004-01-24,49.35
2004-01-25,52.21
2004-01-26,52.83
2004-01-27,50.88
2004-01-28,48.2
2004-01-29,46.53
2004-01-30,45.45
2004-01-31,44.71
2004-02-01,44.19
2004-02-02,43.98
2004-02-03,44.08
2004-02-04,43.87
2004-02-05,43.36
2004-02-06,43.06
2004-02-07,42.25
2004-02-08,41.36
2004-02-09,40.88
2004-02-10,40.4
2004-02-11,40.02
2004-02-12,39.74
2004-02-13,39.36
2004-02-14,39.09
2004-02-15,38.72
2004-02-16,38.45
2004-02-17,38.26
2004-02-18,37.99
2004-02-19,37.9
2004-02-20,37.99
2004-02-21,38.17
2004-02-22,37.99
2004-02-23,37.99
2004-02-24,37.82
2004-02-25,37.19
2004-02-26,36.67
2004-02-27,36.67
2004-02-28,37.28
2004-02-29,37.64
2004-03-01,37.37
2004-03-02,36.93
2004-03-03,36.41
2004-03-04,36.07
2004-03-05,35.81
2004-03-06,35.56
2004-03-07,35.22
2004-03-08,35.06
2004-03-09,34.65
2004-03-10,34.56
2004-03-11,34.65
2004-03-12,34.48
2004-03-13,34.08
2004-03-14,33.75
2004-03-15,33.36
2004-03-16,33.12
2004-03-17,32.81
2004-03-18,32.57
2004-03-19,32.65
2004-03-20,52.95
2004-03-21,75.21
2004-03-22,78.43
2004-03-23,73.64
2004-03-24,67.23
2004-03-25,59.95
2004-03-26,53.95
2004-03-27,49.23
2004-03-28,51.48
2004-03-29,51.12
2004-03-30,58.29
2004-03-31,65.68
2004-04-01,68.82
2004-04-02,66.92
2004-04-03,85.7
2004-04-04,123.45
2004-04-05,148.62
2004-04-06,140.58
2004-04-07,136.72
2004-04-08,132.35
2004-04-09,134.21
2004-04-10,323.34
2004-04-11,708.58
2004-04-12,1141.88
2004-04-13,1484.94
2004-04-14,1971.42
2004-04-15,2581.26
2004-04-16,2635.33
2004-04-17,2740.57
2004-04-18,2499.35
2004-04-19,1994.26
2004-04-20,1594.88
2004-04-21,1311.2
2004-04-22,1141.88
2004-04-23,1050.96
2004-04-24,969.51
2004-04-25,900.57
2004-04-26,840.4
2004-04-27,800.68
2004-04-28,769.9
2004-04-29,735.21
2004-04-30,694.02
2004-05-01,652.13
2004-05-02,612.76
2004-05-03,574.44
2004-05-04,536.03
2004-05-05,500.19
2004-05-06,465.66
2004-05-07,434.51
2004-05-08,406.38
2004-05-09,384.48
2004-05-10,367.98
2004-05-11,396.19
2004-05-12,446.71
2004-05-13,565.24
2004-05-14,597.41
2004-05-15,534.8
2004-05-16,475.43
2004-05-17,436.52
2004-05-18,447.75
2004-05-19,752.36
2004-05-20,932.25
2004-05-21,884.12
2004-05-22,951.8
2004-05-23,1005.93
2004-05-24,863.97
2004-05-25,764.6
2004-05-26,684.49
2004-05-27,625.61
2004-05-28,597.41
2004-05-29,587.84
2004-05-30,549.81
2004-05-31,509.5
2004-06-01,475.43
2004-06-02,458.2
2004-06-03,514.23
2004-06-04,522.6
2004-06-05,496.74
2004-06-06,476.53
2004-06-07,474.34
2004-06-08,460.32
2004-06-09,442.61
2004-06-10,428.54
2004-06-11,413.0
2004-06-12,399.87
2004-06-13,406.38
2004-06-14,446.71
2004-06-15,462.45
2004-06-16,459.26
2004-06-17,445.68
2004-06-18,477.63
2004-06-19,534.8
2004-06-20,650.63
2004-06-21,716.79
2004-06-22,1098.01
2004-06-23,1229.27
2004-06-24,1123.61
2004-06-25,999.0
2004-06-26,898.5
2004-06-27,806.24
2004-06-28,750.62
2004-06-29,697.23
2004-06-30,665.81
2004-07-01,640.21
2004-07-02,618.44
2004-07-03,615.59
2004-07-04,615.59
2004-07-05,652.13
2004-07-06,692.43
2004-07-07,1095.48
2004-07-08,1354.19
2004-07-09,1650.96
2004-07-10,1673.94
2004-07-11,1395.37
2004-07-12,1184.77
2004-07-13,1065.6
2004-07-14,1128.8
2004-07-15,1152.45
2004-07-16,1141.88
2004-07-17,1144.51
2004-07-18,1206.81
2004-07-19,1457.81
2004-07-20,1454.46
2004-07-21,1317.26
2004-07-22,1212.39
2004-07-23,1260.83
2004-07-24,1308.18
2004-07-25,1246.38
2004-07-26,1173.9
2004-07-27,1126.2
2004-07-28,1095.48
2004-07-29,1173.9
2004-07-30,1157.78
2004-07-31,1077.95
2004-08-01,1031.76
2004-08-02,1001.31
2004-08-03,980.75
2004-08-04,978.49
2004-08-05,940.89
2004-08-06,894.36
2004-08-07,908.91
2004-08-08,915.22
2004-08-09,936.56
2004-08-10,951.8
2004-08-11,904.73
2004-08-12,850.14
2004-08-13,823.14
2004-08-14,793.33
2004-08-15,755.83
2004-08-16,738.61
2004-08-17,740.31
2004-08-18,748.89
2004-08-19,769.9
2004-08-20,817.47
2004-08-21,802.53
2004-08-22,757.58
2004-08-23,723.44
2004-08-24,692.43
2004-08-25,655.15
2004-08-26,622.73
2004-08-27,596.04
2004-08-28,567.85
2004-08-29,549.81
2004-08-30,539.75
2004-08-31,533.56
2004-09-01,627.06
2004-09-02,652.13
2004-09-03,594.66
2004-09-04,575.77
2004-09-05,563.94
2004-09-06,532.33
2004-09-07,499.03
2004-09-08,491.04
2004-09-09,511.86
2004-09-10,532.33
2004-09-11,507.16
2004-09-12,808.1
2004-09-13,896.43
2004-09-14,743.73
2004-09-15,635.8
2004-09-16,575.77
2004-09-17,558.76
2004-09-18,578.43
2004-09-19,578.43
2004-09-20,539.75
2004-09-21,531.11
2004-09-22,541.0
2004-09-23,612.76
2004-09-24,653.64
2004-09-25,609.94
2004-09-26,561.34
2004-09-27,522.6
2004-09-28,500.19
2004-09-29,488.78
2004-09-30,472.15
2004-10-01,453.99
2004-10-02,443.63
2004-10-03,441.59
2004-10-04,457.14
2004-10-05,511.86
2004-10-06,775.25
2004-10-07,878.02
2004-10-08,886.16
2004-10-09,795.16
2004-10-10,700.46
2004-10-11,625.61
2004-10-12,567.85
2004-10-13,525.02
2004-10-14,510.68
2004-10-15,703.69
2004-10-16,786.05
2004-10-17,678.2
2004-10-18,589.2
2004-10-19,527.45
2004-10-20,478.73
2004-10-21,438.54
2004-10-22,404.51
2004-10-23,374.84
2004-10-24,348.95
2004-10-25,328.61
2004-10-26,311.61
2004-10-27,294.8
2004-10-28,280.19
2004-10-29,264.46
2004-10-30,246.74
2004-10-31,229.67
2004-11-01,213.29
2004-11-02,198.07
2004-11-03,184.35
2004-11-04,171.98
2004-11-05,160.44
2004-11-06,149.31
2004-11-07,138.96
2004-11-08,129.92
2004-11-09,122.31
2004-11-10,114.61
2004-11-11,107.14
2004-11-12,100.39
2004-11-13,94.5
2004-11-14,89.36
2004-11-15,84.7
2004-11-16,80.28
2004-11-17,76.45
2004-11-18,72.79
2004-11-19,69.79
2004-11-20,67.39
2004-11-21,65.37
2004-11-22,63.42
2004-11-23,61.66
2004-11-24,60.94
2004-11-25,61.23
2004-11-26,61.23
2004-11-27,60.24
2004-11-28,58.98
2004-11-29,58.29
2004-11-30,57.61
2004-12-01,56.68
2004-12-02,55.75
2004-12-03,55.1
2004-12-04,54.46
2004-12-05,53.83
2004-12-06,53.45
2004-12-07,53.08
2004-12-08,52.7
2004-12-09,52.46
2004-12-10,52.09
2004-12-11,51.84
2004-12-12,51.48
2004-12-13,51.12
2004-12-14,50.88
2004-12-15,50.52
2004-12-16,50.4
2004-12-17,50.64
2004-12-18,50.88
2004-12-19,50.29
2004-12-20,49.58
2004-12-21,51.12
2004-12-22,53.83
2004-12-23,54.72
2004-12-24,52.58
2004-12-25,50.64
2004-12-26,49.93
2004-12-27,49.58
2004-12-28,49.0
2004-12-29,48.43
2004-12-30,47.87
2004-12-31,47.53
2005-01-01,47.08
2005-01-02,46.75
2005-01-03,46.42
2005-01-04,45.99
2005-01-05,45.67
2005-01-06,45.34
2005-01-07,45.03
2005-01-08,44.71
2005-01-09,45.24
2005-01-10,47.64
2005-01-11,49.0
2005-01-12,48.2
2005-01-13,46.86
2005-01-14,45.34
2005-01-15,44.39
2005-01-16,43.77
2005-01-17,43.36
2005-01-18,43.16
2005-01-19,43.67
2005-01-20,44.5
2005-01-21,44.19
2005-01-22,43.36
2005-01-23,42.65
2005-01-24,42.45
2005-01-25,42.35
2005-01-26,41.76
2005-01-27,41.27
2005-01-28,40.88
2005-01-29,40.5
2005-01-30,40.21
2005-01-31,39.83
2005-02-01,39.83
2005-02-02,39.93
2005-02-03,39.74
2005-02-04,39.36
2005-02-05,39.09
2005-02-06,38.72
2005-02-07,37.9
2005-02-08,37.02
2005-02-09,36.58
2005-02-10,36.24
2005-02-11,36.07
2005-02-12,37.46
2005-02-13,40.11
2005-02-14,41.76
2005-02-15,41.95
2005-02-16,41.95
2005-02-17,45.03
2005-02-18,50.64
2005-02-19,54.59
2005-02-20,57.75
2005-02-21,56.15
2005-02-22,52.7
2005-02-23,49.23
2005-02-24,47.31
2005-02-25,46.32
2005-02-26,44.39
2005-02-27,42.25
2005-02-28,40.5
2005-03-01,39.18
2005-03-02,38.9
2005-03-03,41.27
2005-03-04,43.57
2005-03-05,120.62
2005-03-06,133.59
2005-03-07,112.76
2005-03-08,100.39
2005-03-09,92.11
2005-03-10,84.9
2005-03-11,77.16
2005-03-12,70.45
2005-03-13,65.22
2005-03-14,61.09
2005-03-15,58.98
2005-03-16,58.57
2005-03-17,57.34
2005-03-18,55.62
2005-03-19,65.07
2005-03-20,344.14
2005-03-21,538.51
2005-03-22,670.43
2005-03-23,602.95
2005-03-24,459.26
2005-03-25,391.65
2005-03-26,354.63
2005-03-27,326.34
2005-03-28,452.94
2005-03-29,478.73
2005-03-30,447.75
2005-03-31,407.32
2005-04-01,360.41
2005-04-02,322.59
2005-04-03,290.07
2005-04-04,264.46
2005-04-05,243.91
2005-04-06,226.51
2005-04-07,214.28
2005-04-08,210.84
2005-04-09,204.12
2005-04-10,192.64
2005-04-11,181.39
2005-04-12,171.19
2005-04-13,160.06
2005-04-14,149.31
2005-04-15,138.96
2005-04-16,129.32
2005-04-17,124.6
2005-04-18,120.9
2005-04-19,115.41
2005-04-20,108.65
2005-04-21,101.57
2005-04-22,95.38
2005-04-23,90.41
2005-04-24,111.72
2005-04-25,132.66
2005-04-26,195.79
2005-04-27,249.03
2005-04-28,363.75
2005-04-29,337.84
2005-04-30,271.27
2005-05-01,232.35
2005-05-02,207.45
2005-05-03,189.11
2005-05-04,179.72
2005-05-05,176.42
2005-05-06,181.39
2005-05-07,180.55
2005-05-08,173.58
2005-05-09,171.98
2005-05-10,174.79
2005-05-11,168.04
2005-05-12,158.59
2005-05-13,160.81
2005-05-14,174.79
2005-05-15,216.77
2005-05-16,253.1
2005-05-17,316.69
2005-05-18,460.32
2005-05-19,503.66
2005-05-20,453.99
2005-05-21,469.98
2005-05-22,460.32
2005-05-23,468.89
2005-05-24,457.14
2005-05-25,418.76
2005-05-26,393.46
2005-05-27,397.11
2005-05-28,379.19
2005-05-29,351.37
2005-05-30,324.84
2005-05-31,308.03
2005-06-01,290.74
2005-06-02,273.16
2005-06-03,254.86
2005-06-04,238.33
2005-06-05,224.42
2005-06-06,212.3
2005-06-07,202.7
2005-06-08,194.43
2005-06-09,185.21
2005-06-10,175.6
2005-06-11,166.49
2005-06-12,158.59
2005-06-13,151.76
2005-06-14,145.55
2005-06-15,141.89
2005-06-16,138.32
2005-06-17,146.23
2005-06-18,175.2
2005-06-19,177.24
2005-06-20,167.27
2005-06-21,158.59
2005-06-22,159.69
2005-06-23,171.58
2005-06-24,192.64
2005-06-25,187.36
2005-06-26,213.29
2005-06-27,266.92
2005-06-28,303.09
2005-06-29,315.23
2005-06-30,311.61
2005-07-01,315.96
2005-07-02,322.59
2005-07-03,382.71
2005-07-04,414.91
2005-07-05,418.76
2005-07-06,437.53
2005-07-07,692.43
2005-07-08,730.14
2005-07-09,575.77
2005-07-10,505.99
2005-07-11,484.29
2005-07-12,484.29
2005-07-13,483.17
2005-07-14,483.17
2005-07-15,597.41
2005-07-16,607.13
2005-07-17,542.25
2005-07-18,492.17
2005-07-19,462.45
2005-07-20,445.68
2005-07-21,425.58
2005-07-22,424.6
2005-07-23,442.61
2005-07-24,438.54
2005-07-25,415.87
2005-07-26,405.44
2005-07-27,404.51
2005-07-28,406.38
2005-07-29,397.11
2005-07-30,380.94
2005-07-31,374.84
2005-08-01,491.04
2005-08-02,533.56
2005-08-03,487.65
2005-08-04,476.53
2005-08-05,477.63
2005-08-06,472.15
2005-08-07,453.99
2005-08-08,523.81
2005-08-09,587.84
2005-08-10,561.34
2005-08-11,542.25
2005-08-12,521.4
2005-08-13,494.45
2005-08-14,532.33
2005-08-15,543.5
2005-08-16,513.04
2005-08-17,494.45
2005-08-18,510.68
2005-08-19,562.64
2005-08-20,579.76
2005-08-21,543.5
2005-08-22,563.94
2005-08-23,566.54
2005-08-24,544.76
2005-08-25,548.54
2005-08-26,533.56
2005-08-27,500.19
2005-08-28,466.74
2005-08-29,438.54
2005-08-30,418.76
2005-08-31,430.52
2005-09-01,437.53
2005-09-02,417.79
2005-09-03,431.51
2005-09-04,443.63
2005-09-05,445.68
2005-09-06,435.52
2005-09-07,420.7
2005-09-08,401.72
2005-09-09,381.82
2005-09-10,365.44
2005-09-11,349.75
2005-09-12,333.19
2005-09-13,315.23
2005-09-14,296.85
2005-09-15,279.54
2005-09-16,262.63
2005-09-17,250.77
2005-09-18,242.78
2005-09-19,267.53
2005-09-20,1065.6
2005-09-21,1103.08
2005-09-22,778.83
2005-09-23,611.35
2005-09-24,529.88
2005-09-25,476.53
2005-09-26,433.51
2005-09-27,406.38
2005-09-28,394.37
2005-09-29,384.48
2005-09-30,369.68
2005-10-01,388.94
2005-10-02,401.72
2005-10-03,376.57
2005-10-04,344.94
2005-10-05,322.59
2005-10-06,306.61
2005-10-07,290.74
2005-10-08,279.54
2005-10-09,271.9
2005-10-10,260.82
2005-10-11,250.19
2005-10-12,239.44
2005-10-13,227.03
2005-10-14,217.27
2005-10-15,207.45
2005-10-16,199.91
2005-10-17,194.43
2005-10-18,188.67
2005-10-19,183.93
2005-10-20,182.65
2005-10-21,186.5
2005-10-22,196.24
2005-10-23,217.27
2005-10-24,243.91
2005-10-25,239.99
2005-10-26,222.36
2005-10-27,205.54
2005-10-28,191.31
2005-10-29,178.47
2005-10-30,166.49
2005-10-31,157.85
2005-11-01,151.76
2005-11-02,144.55
2005-11-03,135.77
2005-11-04,126.94
2005-11-05,118.95
2005-11-06,111.98
2005-11-07,104.93
2005-11-08,98.31
2005-11-09,92.11
2005-11-10,86.9
2005-11-11,82.56
2005-11-12,78.07
2005-11-13,73.64
2005-11-14,69.63
2005-11-15,66.14
2005-11-16,63.12
2005-11-17,60.94
2005-11-18,58.98
2005-11-19,57.21
2005-11-20,55.49
2005-11-21,53.83
2005-11-22,52.46
2005-11-23,51.6
2005-11-24,50.88
2005-11-25,50.17
2005-11-26,49.12
2005-11-27,48.2
2005-11-28,47.42
2005-11-29,46.86
2005-11-30,46.42
2005-12-01,45.99
2005-12-02,45.67
2005-12-03,45.24
2005-12-04,44.92
2005-12-05,44.71
2005-12-06,44.39
2005-12-07,44.08
2005-12-08,43.77
2005-12-09,43.57
2005-12-10,43.26
2005-12-11,42.95
2005-12-12,42.75
2005-12-13,42.45
2005-12-14,42.15
2005-12-15,41.85
2005-12-16,41.56
2005-12-17,41.27
2005-12-18,40.98
2005-12-19,40.69
2005-12-20,40.5
2005-12-21,40.21
2005-12-22,40.88
2005-12-23,47.42
2005-12-24,54.46
2005-12-25,53.45
2005-12-26,49.93
2005-12-27,47.42
2005-12-28,45.77
2005-12-29,43.77
2005-12-30,42.05
2005-12-31,40.69
2006-01-01,39.64
2006-01-02,38.99
2006-01-03,38.54
2006-01-04,38.17
2006-01-05,37.82
2006-01-06,37.55
2006-01-07,37.28
2006-01-08,37.02
2006-01-09,36.76
2006-01-10,36.41
2006-01-11,36.15
2006-01-12,35.9
2006-01-13,35.73
2006-01-14,35.48
2006-01-15,35.22
2006-01-16,34.97
2006-01-17,35.22
2006-01-18,35.98
2006-01-19,37.11
2006-01-20,38.99
2006-01-21,39.64
2006-01-22,38.17
2006-01-23,36.58
2006-01-24,35.56
2006-01-25,34.89
2006-01-26,34.4
2006-01-27,33.99
2006-01-28,33.59
2006-01-29,33.2
2006-01-30,32.81
2006-01-31,32.5
2006-02-01,32.27
2006-02-02,32.11
2006-02-03,31.81
2006-02-04,31.73
2006-02-05,31.89
2006-02-06,32.04
2006-02-07,30.99
2006-02-08,29.83
2006-02-09,29.34
2006-02-10,28.99
2006-02-11,28.72
2006-02-12,28.44
2006-02-13,28.17
2006-02-14,29.2
2006-02-15,36.07
2006-02-16,115.41
2006-02-17,127.53
2006-02-18,104.44
2006-02-19,85.9
2006-02-20,71.28
2006-02-21,66.45
2006-02-22,65.37
2006-02-23,65.07
2006-02-24,62.83
2006-02-25,59.53
2006-02-26,56.15
2006-02-27,52.83
2006-02-28,49.7
2006-03-01,46.75
2006-03-02,44.5
2006-03-03,42.55
2006-03-04,40.5
2006-03-05,38.72
2006-03-06,37.37
2006-03-07,36.15
2006-03-08,34.81
2006-03-09,33.43
2006-03-10,32.19
2006-03-11,31.06
2006-03-12,41.36
2006-03-13,44.39
2006-03-14,44.08
2006-03-15,41.27
2006-03-16,38.17
2006-03-17,36.15
2006-03-18,34.81
2006-03-19,33.36
2006-03-20,31.96
2006-03-21,30.77
2006-03-22,29.76
2006-03-23,29.06
2006-03-24,28.58
2006-03-25,27.91
2006-03-26,27.25
2006-03-27,26.67
2006-03-28,26.16
2006-03-29,25.73
2006-03-30,25.42
2006-03-31,25.18
2006-04-01,24.94
2006-04-02,24.88
2006-04-03,87.92
2006-04-04,283.45
2006-04-05,238.88
2006-04-06,194.43
2006-04-07,266.92
2006-04-08,319.63
2006-04-09,378.31
2006-04-10,492.17
2006-04-11,393.46
2006-04-12,302.39
2006-04-13,249.03
2006-04-14,214.77
2006-04-15,189.99
2006-04-16,171.19
2006-04-17,160.44
2006-04-18,158.96
2006-04-19,166.11
2006-04-20,166.88
2006-04-21,158.96
2006-04-22,148.28
2006-04-23,138.64
2006-04-24,131.43
2006-04-25,125.47
2006-04-26,126.35
2006-04-27,127.23
2006-04-28,128.12
2006-04-29,123.74
2006-04-30,114.35
2006-05-01,106.4
2006-05-02,99.23
2006-05-03,96.05
2006-05-04,102.28
2006-05-05,105.66
2006-05-06,112.5
2006-05-07,117.03
2006-05-08,117.85
2006-05-09,112.5
2006-05-10,108.4
2006-05-11,144.21
2006-05-12,178.06
2006-05-13,196.24
2006-05-14,198.53
2006-05-15,197.61
2006-05-16,180.97
2006-05-17,161.18
2006-05-18,144.55
2006-05-19,141.89
2006-05-20,135.46
2006-05-21,129.32
2006-05-22,124.6
2006-05-23,124.31
2006-05-24,123.17
2006-05-25,121.18
2006-05-26,154.96
2006-05-27,176.83
2006-05-28,509.5
2006-05-29,761.08
2006-05-30,703.69
2006-05-31,591.93
2006-06-01,487.65
2006-06-02,418.76
2006-06-03,371.39
2006-06-04,360.41
2006-06-05,414.91
2006-06-06,478.73
2006-06-07,502.5
2006-06-08,471.06
2006-06-09,413.95
2006-06-10,587.84
2006-06-11,673.53
2006-06-12,602.95
2006-06-13,619.87
2006-06-14,624.17
2006-06-15,590.56
2006-06-16,557.47
2006-06-17,508.33
2006-06-18,464.59
2006-06-19,434.51
2006-06-20,457.14
2006-06-21,469.98
2006-06-22,503.66
2006-06-23,542.25
2006-06-24,534.8
2006-06-25,557.47
2006-06-26,598.79
2006-06-27,598.79
2006-06-28,570.48
2006-06-29,533.56
2006-06-30,513.04
2006-07-01,505.99
2006-07-02,484.29
2006-07-03,479.84
2006-07-04,476.53
2006-07-05,450.86
2006-07-06,425.58
2006-07-07,433.51
2006-07-08,483.17
2006-07-09,560.05
2006-07-10,604.34
2006-07-11,589.2
2006-07-12,537.27
2006-07-13,503.66
2006-07-14,491.04
2006-07-15,491.04
2006-07-16,495.59
2006-07-17,1113.29
2006-07-18,1363.58
2006-07-19,1212.39
2006-07-20,1115.86
2006-07-21,983.01
2006-07-22,848.18
2006-07-23,748.89
2006-07-24,684.49
2006-07-25,670.43
2006-07-26,817.47
2006-07-27,915.22
2006-07-28,852.1
2006-07-29,755.83
2006-07-30,702.07
2006-07-31,676.64
2006-08-01,647.63
2006-08-02,629.96
2006-08-03,632.87
2006-08-04,622.73
2006-08-05,589.2
2006-08-06,553.63
2006-08-07,520.19
2006-08-08,491.04
2006-08-09,463.52
2006-08-10,441.59
2006-08-11,427.55
2006-08-12,461.38
2006-08-13,472.15
2006-08-14,446.71
2006-08-15,419.73
2006-08-16,393.46
2006-08-17,375.7
2006-08-18,364.59
2006-08-19,349.75
2006-08-20,339.41
2006-08-21,353.0
2006-08-22,368.83
2006-08-23,358.75
2006-08-24,340.19
2006-08-25,330.13
2006-08-26,321.11
2006-08-27,320.37
2006-08-28,333.19
2006-08-29,432.51
2006-08-30,483.17
2006-08-31,432.51
2006-09-01,391.65
2006-09-02,367.98
2006-09-03,345.74
2006-09-04,323.34
2006-09-05,304.49
2006-09-06,286.74
2006-09-07,268.77
2006-09-08,260.82
2006-09-09,253.68
2006-09-10,291.42
2006-09-11,330.13
2006-09-12,378.31
2006-09-13,369.68
2006-09-14,340.19
2006-09-15,313.05
2006-09-16,299.61
2006-09-17,290.07
2006-09-18,276.97
2006-09-19,261.42
2006-09-20,251.93
2006-09-21,250.19
2006-09-22,255.45
2006-09-23,265.07
2006-09-24,260.82
2006-09-25,243.34
2006-09-26,228.61
2006-09-27,218.28
2006-09-28,207.93
2006-09-29,208.89
2006-09-30,221.84
2006-10-01,227.03
2006-10-02,221.84
2006-10-03,209.38
2006-10-04,197.61
2006-10-05,196.7
2006-10-06,196.7
2006-10-07,190.43
2006-10-08,178.06
2006-10-09,165.34
2006-10-10,155.68
2006-10-11,152.11
2006-10-12,151.41
2006-10-13,148.28
2006-10-14,141.23
2006-10-15,133.28
2006-10-16,125.18
2006-10-17,117.58
2006-10-18,110.17
2006-10-19,103.71
2006-10-20,99.93
2006-10-21,99.93
2006-10-22,100.62
2006-10-23,99.93
2006-10-24,96.72
2006-10-25,93.62
2006-10-26,89.78
2006-10-27,85.5
2006-10-28,81.04
2006-10-29,76.62
2006-10-30,72.79
2006-10-31,68.82
2006-11-01,65.53
2006-11-02,63.57
2006-11-03,63.42
2006-11-04,62.24
2006-11-05,60.8
2006-11-06,59.81
2006-11-07,58.7
2006-11-08,59.39
2006-11-09,61.66
2006-11-10,61.52
2006-11-11,61.95
2006-11-12,63.12
2006-11-13,62.24
2006-11-14,59.67
2006-11-15,57.21
2006-11-16,54.98
2006-11-17,53.08
2006-11-18,51.36
2006-11-19,49.93
2006-11-20,49.58
2006-11-21,50.52
2006-11-22,50.76
2006-11-23,50.05
2006-11-24,49.35
2006-11-25,49.0
2006-11-26,48.2
2006-11-27,47.19
2006-11-28,45.88
2006-11-29,44.39
2006-11-30,43.26
2006-12-01,42.35
2006-12-02,41.56
2006-12-03,40.98
2006-12-04,40.59
2006-12-05,40.21
2006-12-06,39.93
2006-12-07,39.64
2006-12-08,39.36
2006-12-09,39.09
2006-12-10,38.9
2006-12-11,38.63
2006-12-12,39.18
2006-12-13,40.59
2006-12-14,40.88
2006-12-15,39.64
2006-12-16,38.63
2006-12-17,37.99
2006-12-18,37.55
2006-12-19,37.28
2006-12-20,36.93
2006-12-21,36.67
2006-12-22,36.33
2006-12-23,36.07
2006-12-24,35.81
2006-12-25,35.48
2006-12-26,35.22
2006-12-27,35.06
2006-12-28,34.81
2006-12-29,34.65
2006-12-30,34.4
2006-12-31,34.16
2007-01-01,34.08
2007-01-02,34.16
2007-01-03,34.24
2007-01-04,33.99
2007-01-05,33.59
2007-01-06,33.2
2007-01-07,32.88
2007-01-08,32.57
2007-01-09,32.34
2007-01-10,32.04
2007-01-11,31.81
2007-01-12,31.58
2007-01-13,31.28
2007-01-14,31.06
2007-01-15,30.84
2007-01-16,30.62
2007-01-17,30.33
2007-01-18,30.12
2007-01-19,29.83
2007-01-20,29.69
2007-01-21,29.55
2007-01-22,29.41
2007-01-23,29.13
2007-01-24,28.92
2007-01-25,28.65
2007-01-26,28.38
2007-01-27,28.11
2007-01-28,27.91
2007-01-29,27.71
2007-01-30,27.64
2007-01-31,28.38
2007-02-01,32.27
2007-02-02,35.98
2007-02-03,36.41
2007-02-04,37.02
2007-02-05,40.98
2007-02-06,48.2
2007-02-07,49.0
2007-02-08,46.97
2007-02-09,47.64
2007-02-10,47.64
2007-02-11,43.98
2007-02-12,40.59
2007-02-13,41.07
2007-02-14,65.53
2007-02-15,97.63
2007-02-16,99.93
2007-02-17,89.36
2007-02-18,78.62
2007-02-19,68.98
2007-02-20,60.8
2007-02-21,54.08
2007-02-22,48.77
2007-02-23,44.29
2007-02-24,40.59
2007-02-25,37.64
2007-02-26,41.46
2007-02-27,43.67
2007-02-28,44.71
2007-03-01,42.25
2007-03-02,39.74
2007-03-03,38.81
2007-03-04,37.82
2007-03-05,35.98
2007-03-06,34.08
2007-03-07,32.42
2007-03-08,30.99
2007-03-09,29.83
2007-03-10,28.79
2007-03-11,28.04
2007-03-12,27.44
2007-03-13,26.93
2007-03-14,26.61
2007-03-15,26.8
2007-03-16,27.31
2007-03-17,27.31
2007-03-18,26.67
2007-03-19,26.1
2007-03-20,25.67
2007-03-21,25.42
2007-03-22,28.38
2007-03-23,37.28
2007-03-24,45.34
2007-03-25,45.88
2007-03-26,42.45
2007-03-27,37.64
2007-03-28,33.36
2007-03-29,30.26
2007-03-30,28.11
2007-03-31,26.67
2007-04-01,25.73
2007-04-02,25.42
2007-04-03,29.34
2007-04-04,48.55
2007-04-05,63.57
2007-04-06,184.35
2007-04-07,296.17
2007-04-08,551.08
2007-04-09,735.21
2007-04-10,656.66
2007-04-11,552.35
2007-04-12,436.52
2007-04-13,349.75
2007-04-14,294.12
2007-04-15,255.45
2007-04-16,231.27
2007-04-17,213.78
2007-04-18,198.07
2007-04-19,184.35
2007-04-20,187.36
2007-04-21,240.55
2007-04-22,290.74
2007-04-23,333.19
2007-04-24,446.71
2007-04-25,403.58
2007-04-26,327.1
2007-04-27,285.42
2007-04-28,259.62
2007-04-29,237.23
2007-04-30,215.77
2007-05-01,197.61
2007-05-02,182.23
2007-05-03,168.04
2007-05-04,156.76
2007-05-05,146.91
2007-05-06,137.04
2007-05-07,130.52
2007-05-08,132.66
2007-05-09,138.96
2007-05-10,149.31
2007-05-11,173.18
2007-05-12,232.88
2007-05-13,282.14
2007-05-14,385.37
2007-05-15,582.45
2007-05-16,526.23
2007-05-17,441.59
2007-05-18,398.02
2007-05-19,367.98
2007-05-20,365.44
2007-05-21,391.65
2007-05-22,413.0
2007-05-23,403.58
2007-05-24,373.97
2007-05-25,352.18
2007-05-26,332.43
2007-05-27,328.61
2007-05-28,324.09
2007-05-29,310.89
2007-05-30,291.42
2007-05-31,271.9
2007-06-01,265.69
2007-06-02,255.45
2007-06-03,244.47
2007-06-04,236.68
2007-06-05,240.55
2007-06-06,277.61
2007-06-07,329.37
2007-06-08,381.82
2007-06-09,389.84
2007-06-10,413.0
2007-06-11,664.27
2007-06-12,742.02
2007-06-13,591.93
2007-06-14,562.64
2007-06-15,686.07
2007-06-16,1105.62
2007-06-17,1865.38
2007-06-18,2289.87
2007-06-19,1777.28
2007-06-20,1305.17
2007-06-21,1070.52
2007-06-22,947.42
2007-06-23,890.25
2007-06-24,908.91
2007-06-25,858.01
2007-06-26,800.68
2007-06-27,761.08
2007-06-28,987.55
2007-06-29,1171.2
2007-06-30,1058.25
2007-07-01,898.5
2007-07-02,802.53
2007-07-03,752.36
2007-07-04,728.46
2007-07-05,838.46
2007-07-06,888.2
2007-07-07,871.97
2007-07-08,819.35
2007-07-09,745.45
2007-07-10,695.63
2007-07-11,656.66
2007-07-12,624.17
2007-07-13,629.96
2007-07-14,635.8
2007-07-15,736.9
2007-07-16,782.43
2007-07-17,725.11
2007-07-18,676.64
2007-07-19,728.46
2007-07-20,723.44
2007-07-21,692.43
2007-07-22,748.89
2007-07-23,823.14
2007-07-24,859.99
2007-07-25,1126.2
2007-07-26,1363.58
2007-07-27,1260.83
2007-07-28,1075.47
2007-07-29,953.99
2007-07-30,882.08
2007-07-31,867.96
2007-08-01,913.11
2007-08-02,886.16
2007-08-03,819.35
2007-08-04,764.6
2007-08-05,720.11
2007-08-06,675.08
2007-08-07,643.17
2007-08-08,615.59
2007-08-09,582.45
2007-08-10,574.44
2007-08-11,598.79
2007-08-12,604.34
2007-08-13,806.24
2007-08-14,852.1
2007-08-15,826.94
2007-08-16,813.7
2007-08-17,811.83
2007-08-18,768.13
2007-08-19,708.58
2007-08-20,662.74
2007-08-21,628.51
2007-08-22,605.74
2007-08-23,593.29
2007-08-24,578.43
2007-08-25,643.17
2007-08-26,1263.74
2007-08-27,1740.81
2007-08-28,1498.69
2007-08-29,1209.6
2007-08-30,1043.72
2007-08-31,962.83
2007-09-01,1257.93
2007-09-02,1302.17
2007-09-03,1184.77
2007-09-04,1217.99
2007-09-05,1366.73
2007-09-06,1516.05
2007-09-07,1765.04
2007-09-08,2036.04
2007-09-09,1865.38
2007-09-10,1565.75
2007-09-11,1385.76
2007-09-12,1332.52
2007-09-13,1323.34
2007-09-14,1369.88
2007-09-15,1332.52
2007-09-16,1252.14
2007-09-17,1163.13
2007-09-18,1085.43
2007-09-19,1019.94
2007-09-20,951.8
2007-09-21,886.16
2007-09-22,826.94
2007-09-23,769.9
2007-09-24,720.11
2007-09-25,673.53
2007-09-26,637.26
2007-09-27,617.02
2007-09-28,604.34
2007-09-29,604.34
2007-09-30,600.17
2007-10-01,582.45
2007-10-02,558.76
2007-10-03,536.03
2007-10-04,513.04
2007-10-05,486.53
2007-10-06,464.59
2007-10-07,450.86
2007-10-08,692.43
2007-10-09,925.83
2007-10-10,892.31
2007-10-11,773.46
2007-10-12,670.43
2007-10-13,617.02
2007-10-14,609.94
2007-10-15,655.15
2007-10-16,700.46
2007-10-17,684.49
2007-10-18,646.14
2007-10-19,628.51
2007-10-20,615.59
2007-10-21,589.2
2007-10-22,547.28
2007-10-23,505.99
2007-10-24,467.81
2007-10-25,434.51
2007-10-26,402.65
2007-10-27,373.97
2007-10-28,347.34
2007-10-29,322.59
2007-10-30,299.61
2007-10-31,278.9
2007-11-01,259.62
2007-11-02,246.17
2007-11-03,238.33
2007-11-04,227.03
2007-11-05,211.81
2007-11-06,198.53
2007-11-07,189.99
2007-11-08,182.23
2007-11-09,169.61
2007-11-10,159.32
2007-11-11,152.82
2007-11-12,146.57
2007-11-13,137.36
2007-11-14,127.53
2007-11-15,122.31
2007-11-16,132.66
2007-11-17,145.22
2007-11-18,141.56
2007-11-19,130.22
2007-11-20,119.5
2007-11-21,109.92
2007-11-22,102.04
2007-11-23,95.83
2007-11-24,89.78
2007-11-25,83.72
2007-11-26,78.43
2007-11-27,73.64
2007-11-28,69.47
2007-11-29,66.14
2007-11-30,63.86
2007-12-01,62.39
2007-12-02,61.37
2007-12-03,60.09
2007-12-04,59.95
2007-12-05,61.52
2007-12-06,60.8
2007-12-07,58.29
2007-12-08,56.02
2007-12-09,54.21
2007-12-10,52.7
2007-12-11,51.48
2007-12-12,50.52
2007-12-13,49.82
2007-12-14,49.23
2007-12-15,48.77
2007-12-16,48.43
2007-12-17,48.09
2007-12-18,47.75
2007-12-19,47.42
2007-12-20,47.08
2007-12-21,46.75
2007-12-22,46.42
2007-12-23,46.21
2007-12-24,45.88
2007-12-25,45.56
2007-12-26,45.24
2007-12-27,45.03
2007-12-28,44.71
2007-12-29,44.5
2007-12-30,44.19
2007-12-31,43.87
2008-01-01,43.57
2008-01-02,43.26
2008-01-03,42.95
2008-01-04,42.65
2008-01-05,42.25
2008-01-06,41.95
2008-01-07,41.66
2008-01-08,41.36
2008-01-09,41.07
2008-01-10,40.78
2008-01-11,40.59
2008-01-12,40.4
2008-01-13,40.21
2008-01-14,40.02
2008-01-15,39.74
2008-01-16,39.46
2008-01-17,39.18
2008-01-18,38.99
2008-01-19,38.81
2008-01-20,38.63
2008-01-21,38.63
2008-01-22,38.45
2008-01-23,38.99
2008-01-24,41.85
2008-01-25,49.0
2008-01-26,55.36
2008-01-27,57.88
2008-01-28,58.16
2008-01-29,55.36
2008-01-30,52.58
2008-01-31,55.62
2008-02-01,61.52
2008-02-02,60.52
2008-02-03,54.85
2008-02-04,49.47
2008-02-05,45.67
2008-02-06,42.85
2008-02-07,40.4
2008-02-08,39.93
2008-02-09,45.03
2008-02-10,54.08
2008-02-11,58.57
2008-02-12,56.54
2008-02-13,51.0
2008-02-14,46.1
2008-02-15,42.45
2008-02-16,40.02
2008-02-17,38.63
2008-02-18,37.82
2008-02-19,37.19
2008-02-20,37.02
2008-02-21,37.11
2008-02-22,36.76
2008-02-23,36.07
2008-02-24,35.48
2008-02-25,36.58
2008-02-26,39.27
2008-02-27,40.88
2008-02-28,41.17
2008-02-29,40.3
2008-03-01,38.45
2008-03-02,36.84
2008-03-03,36.15
2008-03-04,37.11
2008-03-05,41.27
2008-03-06,47.31
2008-03-07,49.93
2008-03-08,47.87
2008-03-09,47.53
2008-03-10,47.75
2008-03-11,45.45
2008-03-12,42.95
2008-03-13,40.98
2008-03-14,39.46
2008-03-15,38.9
2008-03-16,39.09
2008-03-17,39.93
2008-03-18,44.92
2008-03-19,86.7
2008-03-20,188.23
2008-03-21,288.07
2008-03-22,302.39
2008-03-23,246.17
2008-03-24,218.28
2008-03-25,194.43
2008-03-26,195.79
2008-03-27,185.21
2008-03-28,169.22
2008-03-29,154.96
2008-03-30,144.88
2008-03-31,139.93
2008-04-01,135.77
2008-04-02,130.83
2008-04-03,136.09
2008-04-04,144.21
2008-04-05,142.88
2008-04-06,134.21
2008-04-07,123.74
2008-04-08,114.88
2008-04-09,106.4
2008-04-10,98.31
2008-04-11,91.04
2008-04-12,84.9
2008-04-13,91.47
2008-04-14,216.27
2008-04-15,241.66
2008-04-16,237.78
2008-04-17,212.8
2008-04-18,206.01
2008-04-19,189.55
2008-04-20,169.61
2008-04-21,151.76
2008-04-22,136.72
2008-04-23,124.6
2008-04-24,116.49
2008-04-25,111.98
2008-04-26,110.69
2008-04-27,109.66
2008-04-28,137.36
2008-04-29,149.31
2008-04-30,141.56
2008-05-01,159.32
2008-05-02,170.0
2008-05-03,162.68
2008-05-04,151.05
2008-05-05,142.22
2008-05-06,136.72
2008-05-07,139.6
2008-05-08,138.64
2008-05-09,132.97
2008-05-10,126.64
2008-05-11,121.46
2008-05-12,117.03
2008-05-13,113.82
2008-05-14,186.07
2008-05-15,321.11
2008-05-16,318.15
2008-05-17,311.61
2008-05-18,318.89
2008-05-19,308.74
2008-05-20,325.59
2008-05-21,343.35
2008-05-22,334.74
2008-05-23,313.05
2008-05-24,294.8
2008-05-25,282.79
2008-05-26,294.8
2008-05-27,289.4
2008-05-28,277.61
2008-05-29,266.92
2008-05-30,254.86
2008-05-31,270.02
2008-06-01,294.12
2008-06-02,321.11
2008-06-03,324.84
2008-06-04,362.08
2008-06-05,367.98
2008-06-06,367.98
2008-06-07,380.07
2008-06-08,435.52
2008-06-09,450.86
2008-06-10,448.78
2008-06-11,471.06
2008-06-12,466.74
2008-06-13,464.59
2008-06-14,456.09
2008-06-15,460.32
2008-06-16,880.05
2008-06-17,1058.25
2008-06-18,890.25
2008-06-19,773.46
2008-06-20,694.02
2008-06-21,625.61
2008-06-22,583.79
2008-06-23,552.35
2008-06-24,628.51
2008-06-25,858.01
2008-06-26,983.01
2008-06-27,925.83
2008-06-28,859.99
2008-06-29,917.33
2008-06-30,985.28
2008-07-01,913.11
2008-07-02,838.46
2008-07-03,800.68
2008-07-04,791.5
2008-07-05,992.12
2008-07-06,1082.93
2008-07-07,973.99
2008-07-08,890.25
2008-07-09,902.65
2008-07-10,894.36
2008-07-11,826.94
2008-07-12,778.83
2008-07-13,762.84
2008-07-14,789.68
2008-07-15,780.63
2008-07-16,726.78
2008-07-17,678.2
2008-07-18,658.17
2008-07-19,641.69
2008-07-20,615.59
2008-07-21,596.04
2008-07-22,569.16
2008-07-23,542.25
2008-07-24,527.45
2008-07-25,520.19
2008-07-26,567.85
2008-07-27,598.79
2008-07-28,581.1
2008-07-29,556.19
2008-07-30,554.9
2008-07-31,574.44
2008-08-01,631.41
2008-08-02,670.43
2008-08-03,673.53
2008-08-04,676.64
2008-08-05,718.45
2008-08-06,750.62
2008-08-07,697.23
2008-08-08,634.33
2008-08-09,628.51
2008-08-10,754.09
2008-08-11,927.97
2008-08-12,953.99
2008-08-13,898.5
2008-08-14,850.14
2008-08-15,787.86
2008-08-16,757.58
2008-08-17,832.68
2008-08-18,896.43
2008-08-19,925.83
2008-08-20,906.82
2008-08-21,858.01
2008-08-22,1131.4
2008-08-23,1464.55
2008-08-24,1335.6
2008-08-25,1323.34
2008-08-26,1229.27
2008-08-27,1080.43
2008-08-28,1075.47
2008-08-29,1055.82
2008-08-30,1001.31
2008-08-31,925.83
2008-09-01,865.96
2008-09-02,825.04
2008-09-03,793.33
2008-09-04,817.47
2008-09-05,863.97
2008-09-06,844.28
2008-09-07,800.68
2008-09-08,800.68
2008-09-09,787.86
2008-09-10,761.08
2008-09-11,726.78
2008-09-12,694.02
2008-09-13,673.53
2008-09-14,647.63
2008-09-15,611.35
2008-09-16,625.61
2008-09-17,629.96
2008-09-18,617.02
2008-09-19,585.14
2008-09-20,552.35
2008-09-21,542.25
2008-09-22,587.84
2008-09-23,617.02
2008-09-24,590.56
2008-09-25,556.19
2008-09-26,533.56
2008-09-27,527.45
2008-09-28,614.18
2008-09-29,637.26
2008-09-30,585.14
2008-10-01,536.03
2008-10-02,591.93
2008-10-03,640.21
2008-10-04,621.3
2008-10-05,593.29
2008-10-06,567.85
2008-10-07,593.29
2008-10-08,596.04
2008-10-09,562.64
2008-10-10,523.81
2008-10-11,488.78
2008-10-12,458.2
2008-10-13,428.54
2008-10-14,400.79
2008-10-15,376.57
2008-10-16,353.81
2008-10-17,330.13
2008-10-18,307.32
2008-10-19,285.42
2008-10-20,267.53
2008-10-21,251.93
2008-10-22,235.59
2008-10-23,219.8
2008-10-24,205.54
2008-10-25,197.15
2008-10-26,215.77
2008-10-27,257.23
2008-10-28,260.22
2008-10-29,240.55
2008-10-30,219.8
2008-10-31,201.77
2008-11-01,185.64
2008-11-02,171.19
2008-11-03,157.49
2008-11-04,145.89
2008-11-05,136.09
2008-11-06,128.12
2008-11-07,120.06
2008-11-08,111.2
2008-11-09,102.75
2008-11-10,95.38
2008-11-11,88.54
2008-11-12,82.56
2008-11-13,77.34
2008-11-14,72.79
2008-11-15,68.98
2008-11-16,65.68
2008-11-17,62.83
2008-11-18,60.52
2008-11-19,58.57
2008-11-20,56.94
2008-11-21,55.75
2008-11-22,54.85
2008-11-23,54.21
2008-11-24,53.45
2008-11-25,52.95
2008-11-26,52.33
2008-11-27,51.97
2008-11-28,51.6
2008-11-29,51.24
2008-11-30,50.88
2008-12-01,50.52
2008-12-02,50.17
2008-12-03,49.82
2008-12-04,49.58
2008-12-05,49.23
2008-12-06,48.89
2008-12-07,48.66
2008-12-08,48.43
2008-12-09,48.09
2008-12-10,47.75
2008-12-11,47.53
2008-12-12,47.31
2008-12-13,47.08
2008-12-14,46.86
2008-12-15,46.53
2008-12-16,46.21
2008-12-17,45.88
2008-12-18,45.56
2008-12-19,45.24
2008-12-20,44.92
2008-12-21,44.71
2008-12-22,44.5
2008-12-23,44.6
2008-12-24,44.81
2008-12-25,44.5
2008-12-26,44.19
2008-12-27,44.71
2008-12-28,45.24
2008-12-29,44.6
2008-12-30,43.77
2008-12-31,43.16
2009-01-01,42.75
2009-01-02,42.35
2009-01-03,42.05
2009-01-04,41.66
2009-01-05,41.36
2009-01-06,41.07
2009-01-07,40.78
2009-01-08,40.4
2009-01-09,40.11
2009-01-10,39.83
2009-01-11,39.55
2009-01-12,39.36
2009-01-13,39.09
2009-01-14,38.72
2009-01-15,38.54
2009-01-16,38.17
2009-01-17,37.9
2009-01-18,37.64
2009-01-19,37.46
2009-01-20,37.64
2009-01-21,37.64
2009-01-22,37.28
2009-01-23,36.93
2009-01-24,36.58
2009-01-25,37.28
2009-01-26,39.55
2009-01-27,41.56
2009-01-28,41.36
2009-01-29,39.74
2009-01-30,38.17
2009-01-31,37.02
2009-02-01,36.76
2009-02-02,36.33
2009-02-03,35.73
2009-02-04,35.22
2009-02-05,34.81
2009-02-06,34.4
2009-02-07,33.59
2009-02-08,32.73
2009-02-09,32.27
2009-02-10,31.89
2009-02-11,31.51
2009-02-12,31.21
2009-02-13,30.92
2009-02-14,30.7
2009-02-15,30.41
2009-02-16,30.12
2009-02-17,29.97
2009-02-18,29.83
2009-02-19,29.62
2009-02-20,29.41
2009-02-21,29.13
2009-02-22,28.92
2009-02-23,28.72
2009-02-24,31.14
2009-02-25,81.22
2009-02-26,91.26
2009-02-27,76.45
2009-02-28,63.86
2009-03-01,55.49
2009-03-02,49.47
2009-03-03,44.6
2009-03-04,40.78
2009-03-05,38.99
2009-03-06,39.55
2009-03-07,40.02
2009-03-08,38.54
2009-03-09,36.15
2009-03-10,34.08
2009-03-11,32.5
2009-03-12,31.21
2009-03-13,30.19
2009-03-14,29.34
2009-03-15,28.72
2009-03-16,28.24
2009-03-17,27.84
2009-03-18,27.51
2009-03-19,27.25
2009-03-20,27.38
2009-03-21,27.58
2009-03-22,27.12
2009-03-23,26.67
2009-03-24,26.61
2009-03-25,26.61
2009-03-26,26.86
2009-03-27,27.25
2009-03-28,28.65
2009-03-29,31.58
2009-03-30,112.5
2009-03-31,294.8
2009-04-01,249.03
2009-04-02,172.78
2009-04-03,143.54
2009-04-04,197.15
2009-04-05,187.36
2009-04-06,181.39
2009-04-07,158.96
2009-04-08,139.6
2009-04-09,124.31
2009-04-10,129.62
2009-04-11,125.47
2009-04-12,117.03
2009-04-13,107.64
2009-04-14,98.31
2009-04-15,89.99
2009-04-16,83.33
2009-04-17,78.62
2009-04-18,79.72
2009-04-19,80.66
2009-04-20,99.0
2009-04-21,152.46
2009-04-22,262.63
2009-04-23,218.79
2009-04-24,178.06
2009-04-25,149.66
2009-04-26,129.02
2009-04-27,113.29
2009-04-28,101.09
2009-04-29,91.26
2009-04-30,118.95
2009-05-01,146.23
2009-05-02,146.23
2009-05-03,134.83
2009-05-04,125.18
2009-05-05,117.85
2009-05-06,126.06
2009-05-07,126.94
2009-05-08,118.4
2009-05-09,107.89
2009-05-10,102.99
2009-05-11,105.17
2009-05-12,104.2
2009-05-13,106.65
2009-05-14,126.64
2009-05-15,131.13
2009-05-16,130.52
2009-05-17,146.91
2009-05-18,194.88
2009-05-19,242.22
2009-05-20,213.78
2009-05-21,185.64
2009-05-22,166.88
2009-05-23,154.24
2009-05-24,156.04
2009-05-25,183.08
2009-05-26,215.77
2009-05-27,211.32
2009-05-28,197.15
2009-05-29,184.35
2009-05-30,187.8
2009-05-31,196.24
2009-06-01,198.53
2009-06-02,192.64
2009-06-03,186.07
2009-06-04,186.07
2009-06-05,193.09
2009-06-06,232.88
2009-06-07,261.42
2009-06-08,264.46
2009-06-09,250.19
2009-06-10,231.27
2009-06-11,225.99
2009-06-12,229.67
2009-06-13,223.91
2009-06-14,230.21
2009-06-15,235.05
2009-06-16,241.1
2009-06-17,260.82
2009-06-18,249.03
2009-06-19,238.33
2009-06-20,240.55
2009-06-21,235.59
2009-06-22,228.61
2009-06-23,219.29
2009-06-24,230.21
2009-06-25,250.19
2009-06-26,253.1
2009-06-27,249.03
2009-06-28,237.78
2009-06-29,251.35
2009-06-30,275.06
2009-07-01,301.0
2009-07-02,488.78
2009-07-03,605.74
2009-07-04,541.0
2009-07-05,468.89
2009-07-06,416.83
2009-07-07,419.73
2009-07-08,419.73
2009-07-09,381.82
2009-07-10,352.18
2009-07-11,328.61
2009-07-12,347.34
2009-07-13,367.98
2009-07-14,353.0
2009-07-15,354.63
2009-07-16,357.1
2009-07-17,339.41
2009-07-18,325.59
2009-07-19,326.34
2009-07-20,324.09
2009-07-21,316.69
2009-07-22,438.54
2009-07-23,499.03
2009-07-24,399.87
2009-07-25,354.63
2009-07-26,339.41
2009-07-27,468.89
2009-07-28,821.24
2009-07-29,1003.62
2009-07-30,850.14
2009-07-31,681.34
2009-08-01,607.13
2009-08-02,571.8
2009-08-03,548.54
2009-08-04,554.9
2009-08-05,612.76
2009-08-06,617.02
2009-08-07,605.74
2009-08-08,768.13
2009-08-09,842.34
2009-08-10,773.46
2009-08-11,716.79
2009-08-12,757.58
2009-08-13,731.82
2009-08-14,711.85
2009-08-15,1046.13
2009-08-16,1126.2
2009-08-17,940.89
2009-08-18,834.6
2009-08-19,840.4
2009-08-20,854.07
2009-08-21,880.05
2009-08-22,880.05
2009-08-23,908.91
2009-08-24,890.25
2009-08-25,882.08
2009-08-26,894.36
2009-08-27,859.99
2009-08-28,808.1
2009-08-29,800.68
2009-08-30,764.6
2009-08-31,721.77
2009-09-01,678.2
2009-09-02,638.73
2009-09-03,647.63
2009-09-04,668.88
2009-09-05,676.64
2009-09-06,653.64
2009-09-07,618.44
2009-09-08,583.79
2009-09-09,566.54
2009-09-10,562.64
2009-09-11,548.54
2009-09-12,520.19
2009-09-13,489.91
2009-09-14,468.89
2009-09-15,456.09
2009-09-16,444.66
2009-09-17,450.86
2009-09-18,477.63
2009-09-19,479.84
2009-09-20,469.98
2009-09-21,519.0
2009-09-22,604.34
2009-09-23,667.34
2009-09-24,695.63
2009-09-25,668.88
2009-09-26,611.35
2009-09-27,556.19
2009-09-28,511.86
2009-09-29,475.43
2009-09-30,440.57
2009-10-01,407.32
2009-10-02,380.07
2009-10-03,358.75
2009-10-04,342.56
2009-10-05,331.66
2009-10-06,333.19
2009-10-07,367.98
2009-10-08,398.02
2009-10-09,443.63
2009-10-10,427.55
2009-10-11,411.1
2009-10-12,383.59
2009-10-13,352.18
2009-10-14,326.34
2009-10-15,311.61
2009-10-16,319.63
2009-10-17,323.34
2009-10-18,310.89
2009-10-19,291.42
2009-10-20,272.53
2009-10-21,254.27
2009-10-22,236.14
2009-10-23,219.29
2009-10-24,204.59
2009-10-25,191.31
2009-10-26,177.24
2009-10-27,163.82
2009-10-28,152.46
2009-10-29,141.56
2009-10-30,131.13
2009-10-31,120.9
2009-11-01,111.46
2009-11-02,102.75
2009-11-03,94.94
2009-11-04,88.33
2009-11-05,82.75
2009-11-06,77.52
2009-11-07,72.79
2009-11-08,68.98
2009-11-09,65.68
2009-11-10,62.39
2009-11-11,59.26
2009-11-12,56.68
2009-11-13,54.34
2009-11-14,52.95
2009-11-15,54.59
2009-11-16,57.88
2009-11-17,60.09
2009-11-18,62.1
2009-11-19,64.31
2009-11-20,62.53
2009-11-21,58.29
2009-11-22,54.72
2009-11-23,51.97
2009-11-24,50.17
2009-11-25,48.89
2009-11-26,47.87
2009-11-27,47.08
2009-11-28,46.42
2009-11-29,45.88
2009-11-30,45.45
2009-12-01,45.03
2009-12-02,44.6
2009-12-03,44.19
2009-12-04,43.98
2009-12-05,43.98
2009-12-06,44.81
2009-12-07,45.56
2009-12-08,45.24
2009-12-09,44.39
2009-12-10,43.57
2009-12-11,42.85
2009-12-12,42.35
2009-12-13,41.85
2009-12-14,41.56
2009-12-15,41.27
2009-12-16,41.07
2009-12-17,40.98
2009-12-18,40.78
2009-12-19,40.69
2009-12-20,40.88
2009-12-21,40.88
2009-12-22,40.3
2009-12-23,39.74
2009-12-24,39.36
2009-12-25,39.09
2009-12-26,38.81
2009-12-27,38.45
2009-12-28,38.17
2009-12-29,37.82
2009-12-30,37.55
2009-12-31,37.55
2010-01-01,37.46
2010-01-02,37.11
2010-01-03,36.76
2010-01-04,36.41
2010-01-05,36.07
2010-01-06,35.81
2010-01-07,35.48
2010-01-08,35.22
2010-01-09,34.97
2010-01-10,34.73
2010-01-11,34.4
2010-01-12,34.24
2010-01-13,33.99
2010-01-14,33.75
2010-01-15,33.43
2010-01-16,33.2
2010-01-17,32.88
2010-01-18,32.65
2010-01-19,32.42
2010-01-20,32.11
2010-01-21,31.89
2010-01-22,31.66
2010-01-23,31.43
2010-01-24,31.21
2010-01-25,30.99
2010-01-26,31.21
2010-01-27,31.81
2010-01-28,31.73
2010-01-29,31.06
2010-01-30,30.33
2010-01-31,29.9
2010-02-01,29.69
2010-02-02,29.48
2010-02-03,29.27
2010-02-04,28.99
2010-02-05,28.72
2010-02-06,28.51
2010-02-07,27.77
2010-02-08,26.93
2010-02-09,26.54
2010-02-10,26.29
2010-02-11,26.04
2010-02-12,25.79
2010-02-13,25.55
2010-02-14,25.36
2010-02-15,25.18
2010-02-16,25.0
2010-02-17,24.94
2010-02-18,25.0
2010-02-19,25.0
2010-02-20,24.88
2010-02-21,24.7
2010-02-22,24.41
2010-02-23,24.18
2010-02-24,24.59
2010-02-25,25.98
2010-02-26,26.23
2010-02-27,27.12
2010-02-28,27.64
2010-03-01,28.99
2010-03-02,31.66
2010-03-03,33.59
2010-03-04,34.08
2010-03-05,34.89
2010-03-06,35.9
2010-03-07,35.64
2010-03-08,33.43
2010-03-09,31.14
2010-03-10,29.41
2010-03-11,28.04
2010-03-12,26.8
2010-03-13,25.79
2010-03-14,24.94
2010-03-15,26.29
2010-03-16,28.17
2010-03-17,28.65
2010-03-18,27.18
2010-03-19,25.61
2010-03-20,24.53
2010-03-21,23.66
2010-03-22,22.99
2010-03-23,23.04
2010-03-24,23.55
2010-03-25,23.83
2010-03-26,24.35
2010-03-27,109.66
2010-03-28,367.98
2010-03-29,456.09
2010-03-30,725.11
2010-03-31,743.73
2010-04-01,738.61
2010-04-02,556.19
2010-04-03,436.52
2010-04-04,417.79
2010-04-05,369.68
2010-04-06,307.32
2010-04-07,262.63
2010-04-08,229.14
2010-04-09,246.17
2010-04-10,265.07
2010-04-11,362.08
2010-04-12,590.56
2010-04-13,511.86
2010-04-14,431.51
2010-04-15,360.41
2010-04-16,315.96
2010-04-17,451.9
2010-04-18,511.86
2010-04-19,1072.99
2010-04-20,1765.04
2010-04-21,1891.34
2010-04-22,1609.65
2010-04-23,1243.51
2010-04-24,1085.43
2010-04-25,1165.81
2010-04-26,1195.74
2010-04-27,1036.53
2010-04-28,888.2
2010-04-29,815.58
2010-04-30,743.73
2010-05-01,684.49
2010-05-02,634.33
2010-05-03,593.29
2010-05-04,560.05
2010-05-05,567.85
2010-05-06,558.76
2010-05-07,558.76
2010-05-08,625.61
2010-05-09,759.33
2010-05-10,766.36
2010-05-11,735.21
2010-05-12,698.84
2010-05-13,705.32
2010-05-14,667.34
2010-05-15,684.49
2010-05-16,692.43
2010-05-17,617.02
2010-05-18,582.45
2010-05-19,566.54
2010-05-20,577.1
2010-05-21,560.05
2010-05-22,527.45
2010-05-23,500.19
2010-05-24,507.16
2010-05-25,579.76
2010-05-26,960.61
2010-05-27,973.99
2010-05-28,789.68
2010-05-29,695.63
2010-05-30,638.73
2010-05-31,596.04
2010-06-01,622.73
2010-06-02,762.84
2010-06-03,1512.56
2010-06-04,2408.91
2010-06-05,2054.89
2010-06-06,1971.42
2010-06-07,1765.04
2010-06-08,1516.05
2010-06-09,1408.29
2010-06-10,1249.26
2010-06-11,1131.4
2010-06-12,1053.39
2010-06-13,985.28
2010-06-14,1017.59
2010-06-15,1082.93
2010-06-16,1027.02
2010-06-17,940.89
2010-06-18,902.65
2010-06-19,927.97
2010-06-20,1105.62
2010-06-21,1098.01
2010-06-22,1019.94
2010-06-23,999.0
2010-06-24,1149.8
2010-06-25,1341.77
2010-06-26,1278.38
2010-06-27,1121.02
2010-06-28,1012.91
2010-06-29,1043.72
2010-06-30,1103.08
2010-07-01,1098.01
2010-07-02,1043.72
2010-07-03,1206.81
2010-07-04,1195.74
2010-07-05,1075.47
2010-07-06,978.49
2010-07-07,898.5
2010-07-08,830.76
2010-07-09,771.68
2010-07-10,723.44
2010-07-11,802.53
2010-07-12,1077.95
2010-07-13,1050.96
2010-07-14,921.57
2010-07-15,869.96
2010-07-16,828.85
2010-07-17,786.05
2010-07-18,775.25
2010-07-19,902.65
2010-07-20,965.05
2010-07-21,898.5
2010-07-22,830.76
2010-07-23,819.35
2010-07-24,800.68
2010-07-25,858.01
2010-07-26,850.14
2010-07-27,795.16
2010-07-28,798.83
2010-07-29,828.85
2010-07-30,852.1
2010-07-31,815.58
2010-08-01,761.08
2010-08-02,825.04
2010-08-03,904.73
2010-08-04,886.16
2010-08-05,892.31
2010-08-06,859.99
2010-08-07,793.33
2010-08-08,735.21
2010-08-09,689.24
2010-08-10,653.64
2010-08-11,655.15
2010-08-12,695.63
2010-08-13,689.24
2010-08-14,655.15
2010-08-15,653.64
2010-08-16,662.74
2010-08-17,643.17
2010-08-18,655.15
2010-08-19,653.64
2010-08-20,638.73
2010-08-21,612.76
2010-08-22,597.41
2010-08-23,577.1
2010-08-24,574.44
2010-08-25,577.1
2010-08-26,567.85
2010-08-27,562.64
2010-08-28,544.76
2010-08-29,522.6
2010-08-30,523.81
2010-08-31,570.48
2010-09-01,581.1
2010-09-02,566.54
2010-09-03,578.43
2010-09-04,583.79
2010-09-05,556.19
2010-09-06,529.88
2010-09-07,510.68
2010-09-08,529.88
2010-09-09,531.11
2010-09-10,509.5
2010-09-11,488.78
2010-09-12,482.06
2010-09-13,520.19
2010-09-14,607.13
2010-09-15,694.02
2010-09-16,725.11
2010-09-17,775.25
2010-09-18,809.96
2010-09-19,791.5
2010-09-20,789.68
2010-09-21,748.89
2010-09-22,689.24
2010-09-23,656.66
2010-09-24,655.15
2010-09-25,664.27
2010-09-26,661.22
2010-09-27,647.63
2010-09-28,627.06
2010-09-29,600.17
2010-09-30,558.76
2010-10-01,522.6
2010-10-02,495.59
2010-10-03,465.66
2010-10-04,440.57
2010-10-05,419.73
2010-10-06,425.58
2010-10-07,477.63
2010-10-08,921.57
2010-10-09,960.61
2010-10-10,793.33
2010-10-11,676.64
2010-10-12,594.66
2010-10-13,536.03
2010-10-14,496.74
2010-10-15,474.34
2010-10-16,456.09
2010-10-17,440.57
2010-10-18,430.52
2010-10-19,413.0
2010-10-20,390.74
2010-10-21,375.7
2010-10-22,361.24
2010-10-23,347.34
2010-10-24,340.19
2010-10-25,329.37
2010-10-26,309.46
2010-10-27,293.44
2010-10-28,282.14
2010-10-29,266.92
2010-10-30,247.89
2010-10-31,229.14
2010-11-01,213.78
2010-11-02,212.8
2010-11-03,223.91
2010-11-04,219.8
2010-11-05,203.64
2010-11-06,187.36
2010-11-07,172.78
2010-11-08,159.69
2010-11-09,147.59
2010-11-10,136.72
2010-11-11,126.64
2010-11-12,117.85
2010-11-13,110.69
2010-11-14,104.93
2010-11-15,99.46
2010-11-16,93.62
2010-11-17,88.13
2010-11-18,83.33
2010-11-19,79.72
2010-11-20,79.35
2010-11-21,80.66
2010-11-22,78.98
2010-11-23,74.86
2010-11-24,70.45
2010-11-25,66.76
2010-11-26,64.16
2010-11-27,62.39
2010-11-28,61.95
2010-11-29,61.23
2010-11-30,60.24
2010-12-01,58.29
2010-12-02,55.89
2010-12-03,53.95
2010-12-04,52.46
2010-12-05,51.24
2010-12-06,50.29
2010-12-07,49.58
2010-12-08,49.7
2010-12-09,54.21
2010-12-10,70.12
2010-12-11,80.28
2010-12-12,76.27
2010-12-13,70.94
2010-12-14,65.68
2010-12-15,60.8
2010-12-16,57.08
2010-12-17,54.21
2010-12-18,51.97
2010-12-19,50.4
2010-12-20,49.12
2010-12-21,48.2
2010-12-22,47.53
2010-12-23,47.08
2010-12-24,46.75
2010-12-25,46.42
2010-12-26,46.1
2010-12-27,45.67
2010-12-28,45.34
2010-12-29,45.03
2010-12-30,44.71
2010-12-31,44.39
2011-01-01,44.5
2011-01-02,44.81
2011-01-03,44.5
2011-01-04,43.98
2011-01-05,43.57
2011-01-06,43.16
2011-01-07,42.75
2011-01-08,42.45
2011-01-09,42.15
2011-01-10,41.95
2011-01-11,41.76
2011-01-12,41.56
2011-01-13,41.27
2011-01-14,40.98
2011-01-15,40.69
2011-01-16,43.87
2011-01-17,52.33
2011-01-18,61.52
2011-01-19,59.95
2011-01-20,56.02
2011-01-21,51.48
2011-01-22,47.53
2011-01-23,44.71
2011-01-24,42.85
2011-01-25,41.85
2011-01-26,40.98
2011-01-27,40.3
2011-01-28,39.93
2011-01-29,39.36
2011-01-30,38.9
2011-01-31,38.81
2011-02-01,39.18
2011-02-02,39.18
2011-02-03,38.54
2011-02-04,37.99
2011-02-05,37.64
2011-02-06,37.19
2011-02-07,36.41
2011-02-08,35.81
2011-02-09,35.73
2011-02-10,35.39
2011-02-11,34.97
2011-02-12,34.56
2011-02-13,34.24
2011-02-14,33.91
2011-02-15,33.75
2011-02-16,34.32
2011-02-17,37.73
2011-02-18,38.9
2011-02-19,38.17
2011-02-20,36.76
2011-02-21,35.48
2011-02-22,34.65
2011-02-23,33.99
2011-02-24,33.36
2011-02-25,32.65
2011-02-26,32.11
2011-02-27,31.96
2011-02-28,31.89
2011-03-01,31.66
2011-03-02,31.43
2011-03-03,31.06
2011-03-04,30.84
2011-03-05,30.62
2011-03-06,30.41
2011-03-07,30.12
2011-03-08,29.9
2011-03-09,29.69
2011-03-10,29.41
2011-03-11,29.62
2011-03-12,31.66
2011-03-13,33.83
2011-03-14,34.24
2011-03-15,32.81
2011-03-16,31.14
2011-03-17,29.9
2011-03-18,33.91
2011-03-19,55.1
2011-03-20,69.96
2011-03-21,65.07
2011-03-22,55.23
2011-03-23,48.09
2011-03-24,43.67
2011-03-25,41.27
2011-03-26,40.3
2011-03-27,39.55
2011-03-28,38.9
2011-03-29,40.21
2011-03-30,45.88
2011-03-31,62.39
2011-04-01,73.13
2011-04-02,72.28
2011-04-03,66.14
2011-04-04,65.68
2011-04-05,65.83
2011-04-06,64.77
2011-04-07,61.66
2011-04-08,57.48
2011-04-09,53.33
2011-04-10,50.17
2011-04-11,48.66
2011-04-12,47.87
2011-04-13,46.32
2011-04-14,47.98
2011-04-15,54.98
2011-04-16,59.95
2011-04-17,59.53
2011-04-18,56.54
2011-04-19,58.43
2011-04-20,67.39
2011-04-21,71.95
2011-04-22,68.66
2011-04-23,64.46
2011-04-24,65.22
2011-04-25,67.08
2011-04-26,66.14
2011-04-27,63.71
2011-04-28,67.71
2011-04-29,75.56
2011-04-30,80.66
2011-05-01,96.5
2011-05-02,147.25
2011-05-03,260.22
2011-05-04,260.82
2011-05-05,208.41
2011-05-06,173.58
2011-05-07,153.88
2011-05-08,141.89
2011-05-09,133.28
2011-05-10,135.46
2011-05-11,155.68
2011-05-12,164.96
2011-05-13,154.24
2011-05-14,145.55
2011-05-15,144.55
2011-05-16,142.88
2011-05-17,139.93
2011-05-18,151.41
2011-05-19,182.23
2011-05-20,307.32
2011-05-21,773.46
2011-05-22,1272.5
2011-05-23,1103.08
2011-05-24,876.0
2011-05-25,702.07
2011-05-26,582.45
2011-05-27,503.66
2011-05-28,478.73
2011-05-29,679.77
2011-05-30,1602.25
2011-05-31,1705.08
2011-06-01,1220.8
2011-06-02,925.83
2011-06-03,769.9
2011-06-04,681.34
2011-06-05,617.02
2011-06-06,565.24
2011-06-07,528.66
2011-06-08,590.56
2011-06-09,852.1
2011-06-10,840.4
2011-06-11,718.45
2011-06-12,702.07
2011-06-13,676.64
2011-06-14,653.64
2011-06-15,638.73
2011-06-16,780.63
2011-06-17,828.85
2011-06-18,823.14
2011-06-19,780.63
2011-06-20,728.46
2011-06-21,703.69
2011-06-22,671.98
2011-06-23,640.21
2011-06-24,615.59
2011-06-25,637.26
2011-06-26,684.49
2011-06-27,958.4
2011-06-28,1029.39
2011-06-29,985.28
2011-06-30,1024.65
2011-07-01,1001.31
2011-07-02,888.2
2011-07-03,892.31
2011-07-04,861.98
2011-07-05,819.35
2011-07-06,768.13
2011-07-07,715.14
2011-07-08,664.27
2011-07-09,621.3
2011-07-10,587.84
2011-07-11,563.94
2011-07-12,607.13
2011-07-13,661.22
2011-07-14,689.24
2011-07-15,768.13
2011-07-16,825.04
2011-07-17,856.04
2011-07-18,938.72
2011-07-19,1055.82
2011-07-20,1075.47
2011-07-21,1275.44
2011-07-22,1354.19
2011-07-23,1198.5
2011-07-24,1041.32
2011-07-25,996.7
2011-07-26,987.55
2011-07-27,932.25
2011-07-28,871.97
2011-07-29,836.53
2011-07-30,795.16
2011-07-31,743.73
2011-08-01,710.21
2011-08-02,733.51
2011-08-03,791.5
2011-08-04,798.83
2011-08-05,782.43
2011-08-06,1411.54
2011-08-07,1654.77
2011-08-08,1701.16
2011-08-09,1583.89
2011-08-10,1351.07
2011-08-11,1184.77
2011-08-12,1141.88
2011-08-13,1165.81
2011-08-14,1155.11
2011-08-15,1168.5
2011-08-16,1118.44
2011-08-17,1038.92
2011-08-18,962.83
2011-08-19,900.57
2011-08-20,896.43
2011-08-21,965.05
2011-08-22,996.7
2011-08-23,1036.53
2011-08-24,1068.05
2011-08-25,1048.54
2011-08-26,978.49
2011-08-27,906.82
2011-08-28,844.28
2011-08-29,795.16
2011-08-30,759.33
2011-08-31,725.11
2011-09-01,687.65
2011-09-02,655.15
2011-09-03,625.61
2011-09-04,618.44
2011-09-05,684.49
2011-09-06,731.82
2011-09-07,736.9
2011-09-08,762.84
2011-09-09,815.58
2011-09-10,787.86
2011-09-11,720.11
2011-09-12,665.81
2011-09-13,638.73
2011-09-14,689.24
2011-09-15,747.17
2011-09-16,748.89
2011-09-17,716.79
2011-09-18,670.43
2011-09-19,628.51
2011-09-20,638.73
2011-09-21,711.85
2011-09-22,764.6
2011-09-23,811.83
2011-09-24,796.99
2011-09-25,721.77
2011-09-26,653.64
2011-09-27,602.95
2011-09-28,565.24
2011-09-29,538.51
2011-09-30,521.4
2011-10-01,511.86
2011-10-02,522.6
2011-10-03,543.5
2011-10-04,541.0
2011-10-05,508.33
2011-10-06,469.98
2011-10-07,437.53
2011-10-08,410.15
2011-10-09,388.94
2011-10-10,366.28
2011-10-11,342.56
2011-10-12,319.63
2011-10-13,296.85
2011-10-14,275.06
2011-10-15,255.45
2011-10-16,237.23
2011-10-17,221.84
2011-10-18,211.81
2011-10-19,208.41
2011-10-20,208.41
2011-10-21,211.81
2011-10-22,211.81
2011-10-23,203.64
2011-10-24,191.31
2011-10-25,177.65
2011-10-26,166.88
2011-10-27,159.69
2011-10-28,151.05
2011-10-29,140.58
2011-10-30,131.43
2011-10-31,123.74
2011-11-01,117.58
2011-11-02,111.98
2011-11-03,107.39
2011-11-04,102.75
2011-11-05,97.63
2011-11-06,92.54
2011-11-07,89.36
2011-11-08,86.1
2011-11-09,81.99
2011-11-10,77.16
2011-11-11,72.45
2011-11-12,68.5
2011-11-13,64.92
2011-11-14,62.1
2011-11-15,60.52
2011-11-16,61.23
2011-11-17,61.81
2011-11-18,60.66
2011-11-19,58.57
2011-11-20,56.41
2011-11-21,54.46
2011-11-22,52.7
2011-11-23,51.36
2011-11-24,50.17
2011-11-25,49.12
2011-11-26,48.32
2011-11-27,47.64
2011-11-28,47.08
2011-11-29,46.75
2011-11-30,46.53
2011-12-01,46.21
2011-12-02,45.77
2011-12-03,45.45
2011-12-04,45.45
2011-12-05,45.56
2011-12-06,45.34
2011-12-07,44.92
2011-12-08,44.5
2011-12-09,44.29
2011-12-10,44.39
2011-12-11,44.39
2011-12-12,44.08
2011-12-13,43.57
2011-12-14,43.16
2011-12-15,42.85
2011-12-16,42.55
2011-12-17,42.25
2011-12-18,41.95
2011-12-19,41.66
2011-12-20,41.36
2011-12-21,41.07
2011-12-22,40.78
2011-12-23,40.5
2011-12-24,40.21
2011-12-25,39.93
2011-12-26,39.64
2011-12-27,39.36
2011-12-28,39.09
2011-12-29,38.81
2011-12-30,38.54
2011-12-31,38.26
2012-01-01,37.99
2012-01-02,38.26
2012-01-03,40.98
2012-01-04,44.29
2012-01-05,44.08
2012-01-06,41.95
2012-01-07,39.93
2012-01-08,38.63
2012-01-09,38.45
2012-01-10,42.55
2012-01-11,49.35
2012-01-12,52.09
2012-01-13,50.76
2012-01-14,48.32
2012-01-15,46.21
2012-01-16,43.67
2012-01-17,41.85
2012-01-18,41.76
2012-01-19,43.67
2012-01-20,48.2
2012-01-21,54.46
2012-01-22,56.94
2012-01-23,53.83
2012-01-24,48.89
2012-01-25,44.71
2012-01-26,41.85
2012-01-27,39.74
2012-01-28,38.08
2012-01-29,36.93
2012-01-30,36.07
2012-01-31,35.48
2012-02-01,35.14
2012-02-02,34.81
2012-02-03,34.56
2012-02-04,34.24
2012-02-05,33.91
2012-02-06,33.59
2012-02-07,32.96
2012-02-08,32.19
2012-02-09,32.57
2012-02-10,32.96
2012-02-11,32.65
2012-02-12,31.89
2012-02-13,31.28
2012-02-14,30.84
2012-02-15,30.55
2012-02-16,30.26
2012-02-17,30.19
2012-02-18,30.12
2012-02-19,29.9
2012-02-20,29.69
2012-02-21,29.41
2012-02-22,29.13
2012-02-23,28.99
2012-02-24,28.79
2012-02-25,28.51
2012-02-26,28.17
2012-02-27,28.11
2012-02-28,28.11
2012-02-29,30.41
2012-03-01,31.96
2012-03-02,33.59
2012-03-03,34.81
2012-03-04,35.22
2012-03-05,35.14
2012-03-06,35.73
2012-03-07,41.56
2012-03-08,44.29
2012-03-09,43.98
2012-03-10,42.45
2012-03-11,39.83
2012-03-12,37.19
2012-03-13,34.89
2012-03-14,32.96
2012-03-15,31.81
2012-03-16,30.99
2012-03-17,30.33
2012-03-18,29.48
2012-03-19,28.58
2012-03-20,27.97
2012-03-21,27.51
2012-03-22,27.58
2012-03-23,27.58
2012-03-24,26.99
2012-03-25,26.35
2012-03-26,26.04
2012-03-27,26.23
2012-03-28,26.61
2012-03-29,26.8
2012-03-30,26.48
2012-03-31,26.1
2012-04-01,25.73
2012-04-02,25.3
2012-04-03,24.94
2012-04-04,24.88
2012-04-05,33.59
2012-04-06,42.45
2012-04-07,49.7
2012-04-08,79.91
2012-04-09,124.03
2012-04-10,126.94
2012-04-11,133.59
2012-04-12,251.35
2012-04-13,256.63
2012-04-14,209.38
2012-04-15,183.93
2012-04-16,164.96
2012-04-17,148.62
2012-04-18,203.17
2012-04-19,291.42
2012-04-20,287.4
2012-04-21,271.9
2012-04-22,250.77
2012-04-23,228.09
2012-04-24,252.51
2012-04-25,324.84
2012-04-26,364.59
2012-04-27,451.9
2012-04-28,558.76
2012-04-29,504.82
2012-04-30,477.63
2012-05-01,519.0
2012-05-02,523.81
2012-05-03,458.2
2012-05-04,398.02
2012-05-05,353.0
2012-05-06,318.15
2012-05-07,290.07
2012-05-08,266.92
2012-05-09,246.17
2012-05-10,229.67
2012-05-11,216.27
2012-05-12,243.91
2012-05-13,242.78
2012-05-14,227.03
2012-05-15,212.3
2012-05-16,199.91
2012-05-17,186.93
2012-05-18,176.83
2012-05-19,165.72
2012-05-20,156.4
2012-05-21,151.41
2012-05-22,147.94
2012-05-23,143.54
2012-05-24,138.0
2012-05-25,131.74
2012-05-26,124.89
2012-05-27,134.83
2012-05-28,130.83
2012-05-29,130.22
2012-05-30,149.66
2012-05-31,178.89
2012-06-01,1027.02
2012-06-02,1220.8
2012-06-03,1317.26
2012-06-04,1223.62
2012-06-05,836.53
2012-06-06,604.34
2012-06-07,504.82
2012-06-08,447.75
2012-06-09,406.38
2012-06-10,388.94
2012-06-11,375.7
2012-06-12,357.92
2012-06-13,348.95
2012-06-14,444.66
2012-06-15,511.86
2012-06-16,602.95
2012-06-17,546.02
2012-06-18,489.91
2012-06-19,480.95
2012-06-20,476.53
2012-06-21,496.74
2012-06-22,565.24
2012-06-23,615.59
2012-06-24,684.49
2012-06-25,757.58
2012-06-26,759.33
2012-06-27,690.83
2012-06-28,625.61
2012-06-29,583.79
2012-06-30,585.14
2012-07-01,577.1
2012-07-02,597.41
2012-07-03,659.69
2012-07-04,695.63
2012-07-05,682.91
2012-07-06,634.33
2012-07-07,652.13
2012-07-08,689.24
2012-07-09,708.58
2012-07-10,665.81
2012-07-11,609.94
2012-07-12,615.59
2012-07-13,618.44
2012-07-14,930.11
2012-07-15,960.61
2012-07-16,821.24
2012-07-17,735.21
2012-07-18,715.14
2012-07-19,736.9
2012-07-20,752.36
2012-07-21,759.33
2012-07-22,743.73
2012-07-23,1027.02
2012-07-24,1190.24
2012-07-25,1068.05
2012-07-26,923.7
2012-07-27,840.4
2012-07-28,815.58
2012-07-29,798.83
2012-07-30,759.33
2012-07-31,708.58
2012-08-01,748.89
2012-08-02,867.96
2012-08-03,863.97
2012-08-04,921.57
2012-08-05,976.24
2012-08-06,927.97
2012-08-07,930.11
2012-08-08,900.57
2012-08-09,832.68
2012-08-10,836.53
2012-08-11,852.1
2012-08-12,815.58
2012-08-13,757.58
2012-08-14,703.69
2012-08-15,675.08
2012-08-16,656.66
2012-08-17,632.87
2012-08-18,608.54
2012-08-19,619.87
2012-08-20,1317.26
2012-08-21,1405.05
2012-08-22,1165.81
2012-08-23,980.75
2012-08-24,861.98
2012-08-25,793.33
2012-08-26,768.13
2012-08-27,750.62
2012-08-28,716.79
2012-08-29,684.49
2012-08-30,652.13
2012-08-31,627.06
2012-09-01,598.79
2012-09-02,596.04
2012-09-03,723.44
2012-09-04,859.99
2012-09-05,838.46
2012-09-06,747.17
2012-09-07,675.08
2012-09-08,625.61
2012-09-09,607.13
2012-09-10,591.93
2012-09-11,577.1
2012-09-12,618.44
2012-09-13,836.53
2012-09-14,1141.88
2012-09-15,1063.14
2012-09-16,896.43
2012-09-17,813.7
2012-09-18,775.25
2012-09-19,715.14
2012-09-20,659.69
2012-09-21,614.18
2012-09-22,577.1
2012-09-23,556.19
2012-09-24,551.08
2012-09-25,546.02
2012-09-26,526.23
2012-09-27,513.04
2012-09-28,503.66
2012-09-29,493.31
2012-09-30,483.17
2012-10-01,482.06
2012-10-02,479.84
2012-10-03,484.29
2012-10-04,641.69
2012-10-05,808.1
2012-10-06,784.24
2012-10-07,673.53
2012-10-08,602.95
2012-10-09,581.1
2012-10-10,581.1
2012-10-11,731.82
2012-10-12,793.33
2012-10-13,692.43
2012-10-14,609.94
2012-10-15,553.63
2012-10-16,509.5
2012-10-17,469.98
2012-10-18,436.52
2012-10-19,408.26
2012-10-20,381.82
2012-10-21,355.45
2012-10-22,330.89
2012-10-23,307.32
2012-10-24,284.76
2012-10-25,266.3
2012-10-26,249.03
2012-10-27,231.81
2012-10-28,215.27
2012-10-29,198.99
2012-10-30,184.35
2012-10-31,170.79
2012-11-01,157.85
2012-11-02,145.89
2012-11-03,135.14
2012-11-04,125.18
2012-11-05,118.4
2012-11-06,137.36
2012-11-07,183.5
2012-11-08,181.39
2012-11-09,163.82
2012-11-10,147.59
2012-11-11,133.59
2012-11-12,121.74
2012-11-13,111.72
2012-11-14,102.99
2012-11-15,95.83
2012-11-16,89.78
2012-11-17,83.72
2012-11-18,78.25
2012-11-19,73.64
2012-11-20,70.78
2012-11-21,70.12
2012-11-22,68.5
2012-11-23,65.68
2012-11-24,62.83
2012-11-25,60.24
2012-11-26,58.02
2012-11-27,56.28
2012-11-28,54.46
2012-11-29,52.95
2012-11-30,51.6
2012-12-01,50.29
2012-12-02,49.23
2012-12-03,48.32
2012-12-04,47.53
2012-12-05,46.86
2012-12-06,46.32
2012-12-07,45.99
2012-12-08,45.67
2012-12-09,45.56
2012-12-10,45.56
2012-12-11,45.34
2012-12-12,45.77
2012-12-13,45.99
2012-12-14,45.45
2012-12-15,44.71
2012-12-16,44.29
2012-12-17,43.87
2012-12-18,43.57
2012-12-19,43.57
2012-12-20,43.77
2012-12-21,43.57
2012-12-22,42.95
2012-12-23,42.45
2012-12-24,42.05
2012-12-25,41.66
2012-12-26,41.36
2012-12-27,41.07
2012-12-28,40.78
2012-12-29,40.4
2012-12-30,40.11
2012-12-31,39.83
2013-01-01,39.55
2013-01-02,39.27
2013-01-03,38.99
2013-01-04,38.72
2013-01-05,38.54
2013-01-06,38.17
2013-01-07,37.99
2013-01-08,37.73
2013-01-09,37.55
2013-01-10,37.28
2013-01-11,37.02
2013-01-12,36.76
2013-01-13,36.41
2013-01-14,36.07
2013-01-15,35.9
2013-01-16,35.56
2013-01-17,35.31
2013-01-18,34.97
2013-01-19,34.73
2013-01-20,34.56
2013-01-21,34.32
2013-01-22,34.08
2013-01-23,33.83
2013-01-24,33.59
2013-01-25,33.28
2013-01-26,33.04
2013-01-27,32.73
2013-01-28,32.5
2013-01-29,32.19
2013-01-30,31.96
2013-01-31,31.73
2013-02-01,31.58
2013-02-02,31.43
2013-02-03,31.43
2013-02-04,31.89
2013-02-05,32.11
2013-02-06,31.51
2013-02-07,30.19
2013-02-08,29.41
2013-02-09,29.06
2013-02-10,28.72
2013-02-11,28.31
2013-02-12,27.91
2013-02-13,27.64
2013-02-14,27.38
2013-02-15,27.12
2013-02-16,26.93
2013-02-17,27.77
2013-02-18,29.41
2013-02-19,30.19
2013-02-20,29.41
2013-02-21,28.38
2013-02-22,27.58
2013-02-23,27.05
2013-02-24,26.61
2013-02-25,26.23
2013-02-26,25.85
2013-02-27,25.79
2013-02-28,25.79
2013-03-01,25.67
2013-03-02,25.42
2013-03-03,25.24
2013-03-04,24.94
2013-03-05,24.7
2013-03-06,24.47
2013-03-07,24.23
2013-03-08,24.06
2013-03-09,23.83
2013-03-10,23.66
2013-03-11,24.18
2013-03-12,24.12
2013-03-13,23.72
2013-03-14,23.43
2013-03-15,23.21
2013-03-16,22.88
2013-03-17,22.71
2013-03-18,23.72
2013-03-19,24.0
2013-03-20,23.43
2013-03-21,24.82
2013-03-22,37.9
2013-03-23,45.24
2013-03-24,43.57
2013-03-25,68.66
2013-03-26,83.14
2013-03-27,75.38
2013-03-28,62.68
2013-03-29,57.21
2013-03-30,114.08
2013-03-31,112.76
2013-04-01,95.38
2013-04-02,80.85
2013-04-03,75.21
2013-04-04,71.78
2013-04-05,68.82
2013-04-06,63.42
2013-04-07,57.61
2013-04-08,52.33
2013-04-09,48.32
2013-04-10,67.39
2013-04-11,73.3
2013-04-12,67.39
2013-04-13,61.52
2013-04-14,58.57
2013-04-15,64.46
2013-04-16,81.79
2013-04-17,126.64
2013-04-18,142.55
2013-04-19,129.32
2013-04-20,114.08
2013-04-21,100.62
2013-04-22,92.54
2013-04-23,88.33
2013-04-24,83.33
2013-04-25,77.52
2013-04-26,71.95
2013-04-27,103.71
2013-04-28,121.46
2013-04-29,158.59
2013-04-30,195.79
2013-05-01,384.48
2013-05-02,422.64
2013-05-03,332.43
2013-05-04,350.56
2013-05-05,366.28
2013-05-06,475.43
2013-05-07,520.19
2013-05-08,452.94
2013-05-09,411.1
2013-05-10,566.54
2013-05-11,754.09
2013-05-12,710.21
2013-05-13,617.02
2013-05-14,525.02
2013-05-15,458.2
2013-05-16,590.56
2013-05-17,664.27
2013-05-18,579.76
2013-05-19,514.23
2013-05-20,467.81
2013-05-21,428.54
2013-05-22,427.55
2013-05-23,479.84
2013-05-24,558.76
2013-05-25,534.8
2013-05-26,477.63
2013-05-27,455.04
2013-05-28,471.06
2013-05-29,511.86
2013-05-30,543.5
2013-05-31,527.45
2013-06-01,483.17
2013-06-02,439.55
2013-06-03,406.38
2013-06-04,391.65
2013-06-05,408.26
2013-06-06,478.73
2013-06-07,526.23
2013-06-08,539.75
2013-06-09,560.05
2013-06-10,522.6
2013-06-11,474.34
2013-06-12,428.54
2013-06-13,389.84
2013-06-14,360.41
2013-06-15,344.94
2013-06-16,344.14
2013-06-17,345.74
2013-06-18,336.29
2013-06-19,321.85
2013-06-20,311.61
2013-06-21,314.5
2013-06-22,363.75
2013-06-23,425.58
2013-06-24,521.4
2013-06-25,687.65
2013-06-26,690.83
2013-06-27,621.3
2013-06-28,659.69
2013-06-29,698.84
2013-06-30,823.14
2013-07-01,834.6
2013-07-02,752.36
2013-07-03,721.77
2013-07-04,710.21
2013-07-05,733.51
2013-07-06,711.85
2013-07-07,681.34
2013-07-08,656.66
2013-07-09,632.87
2013-07-10,601.56
2013-07-11,601.56
2013-07-12,643.17
2013-07-13,634.33
2013-07-14,604.34
2013-07-15,650.63
2013-07-16,840.4
2013-07-17,852.1
2013-07-18,740.31
2013-07-19,681.34
2013-07-20,649.13
2013-07-21,650.63
2013-07-22,764.6
2013-07-23,936.56
2013-07-24,940.89
2013-07-25,1108.18
2013-07-26,1237.8
2013-07-27,1152.45
2013-07-28,1003.62
2013-07-29,894.36
2013-07-30,848.18
2013-07-31,908.91
2013-08-01,900.57
2013-08-02,828.85
2013-08-03,769.9
2013-08-04,748.89
2013-08-05,825.04
2013-08-06,880.05
2013-08-07,856.04
2013-08-08,859.99
2013-08-09,815.58
2013-08-10,804.38
2013-08-11,886.16
2013-08-12,923.7
2013-08-13,913.11
2013-08-14,869.96
2013-08-15,826.94
2013-08-16,789.68
2013-08-17,757.58
2013-08-18,740.31
2013-08-19,720.11
2013-08-20,740.31
2013-08-21,747.17
2013-08-22,715.14
2013-08-23,671.98
2013-08-24,634.33
2013-08-25,600.17
2013-08-26,718.45
2013-08-27,894.36
2013-08-28,886.16
2013-08-29,784.24
2013-08-30,702.07
2013-08-31,659.69
2013-09-01,632.87
2013-09-02,614.18
2013-09-03,589.2
2013-09-04,612.76
2013-09-05,617.02
2013-09-06,591.93
2013-09-07,577.1
2013-09-08,570.48
2013-09-09,577.1
2013-09-10,575.77
2013-09-11,571.8
2013-09-12,557.47
2013-09-13,526.23
2013-09-14,516.61
2013-09-15,549.81
2013-09-16,569.16
2013-09-17,556.19
2013-09-18,529.88
2013-09-19,520.19
2013-09-20,515.42
2013-09-21,492.17
2013-09-22,466.74
2013-09-23,441.59
2013-09-24,433.51
2013-09-25,436.52
2013-09-26,458.2
2013-09-27,480.95
2013-09-28,471.06
2013-09-29,452.94
2013-09-30,429.53
2013-10-01,404.51
2013-10-02,377.44
2013-10-03,365.44
2013-10-04,416.83
2013-10-05,594.66
2013-10-06,821.24
2013-10-07,793.33
2013-10-08,667.34
2013-10-09,575.77
2013-10-10,510.68
2013-10-11,460.32
2013-10-12,419.73
2013-10-13,385.37
2013-10-14,357.1
2013-10-15,333.19
2013-10-16,313.05
2013-10-17,295.48
2013-10-18,277.61
2013-10-19,259.62
2013-10-20,245.04
2013-10-21,235.05
2013-10-22,229.14
2013-10-23,222.36
2013-10-24,210.35
2013-10-25,195.79
2013-10-26,190.87
2013-10-27,199.91
2013-10-28,221.84
2013-10-29,232.88
2013-10-30,222.36
2013-10-31,205.06
2013-11-01,187.36
2013-11-02,171.19
2013-11-03,157.12
2013-11-04,143.88
2013-11-05,132.35
2013-11-06,122.03
2013-11-07,112.24
2013-11-08,103.23
2013-11-09,95.38
2013-11-10,88.13
2013-11-11,81.6
2013-11-12,75.74
2013-11-13,70.78
2013-11-14,66.61
2013-11-15,62.83
2013-11-16,59.67
2013-11-17,57.08
2013-11-18,54.85
2013-11-19,52.95
2013-11-20,51.36
2013-11-21,50.17
2013-11-22,49.23
2013-11-23,48.55
2013-11-24,47.98
2013-11-25,47.53
2013-11-26,47.19
2013-11-27,46.86
2013-11-28,46.53
2013-11-29,46.21
2013-11-30,45.99
2013-12-01,45.56
2013-12-02,45.24
2013-12-03,44.92
2013-12-04,44.6
2013-12-05,44.29
2013-12-06,43.98
2013-12-07,43.67
2013-12-08,43.36
2013-12-09,43.16
2013-12-10,42.85
2013-12-11,42.55
2013-12-12,42.25
2013-12-13,42.05
2013-12-14,41.76
2013-12-15,41.66
2013-12-16,41.46
2013-12-17,41.17
2013-12-18,40.78
2013-12-19,40.59
2013-12-20,40.69
2013-12-21,40.98
2013-12-22,40.78
2013-12-23,40.4
2013-12-24,40.11
2013-12-25,39.93
2013-12-26,39.74
2013-12-27,39.46
2013-12-28,39.09
2013-12-29,38.72
2013-12-30,38.36
2013-12-31,38.08
2014-01-01,37.73
2014-01-02,37.37
2014-01-03,37.11
2014-01-04,36.76
2014-01-05,36.41
2014-01-06,36.24
2014-01-07,36.15
2014-01-08,35.98
2014-01-09,35.73
2014-01-10,35.39
2014-01-11,35.06
2014-01-12,34.73
2014-01-13,34.56
2014-01-14,34.32
2014-01-15,34.08
2014-01-16,33.83
2014-01-17,33.51
2014-01-18,33.28
2014-01-19,33.12
2014-01-20,33.99
2014-01-21,34.73
2014-01-22,33.99
2014-01-23,33.04
2014-01-24,32.5
2014-01-25,32.19
2014-01-26,31.81
2014-01-27,31.51
2014-01-28,31.21
2014-01-29,30.92
2014-01-30,30.62
2014-01-31,30.41
2014-02-01,30.12
2014-02-02,29.9
2014-02-03,29.69
2014-02-04,29.41
2014-02-05,29.2
2014-02-06,29.13
2014-02-07,28.79
2014-02-08,28.51
2014-02-09,28.72
2014-02-10,28.72
2014-02-11,28.38
2014-02-12,27.91
2014-02-13,27.51
2014-02-14,27.12
2014-02-15,27.31
2014-02-16,30.62
2014-02-17,37.99
2014-02-18,43.36
2014-02-19,42.05
2014-02-20,36.93
2014-02-21,32.81
2014-02-22,30.12
2014-02-23,28.38
2014-02-24,27.25
2014-02-25,26.73
2014-02-26,26.35
2014-02-27,26.23
2014-02-28,26.1
2014-03-01,26.04
2014-03-02,26.1
2014-03-03,25.98
2014-03-04,25.61
2014-03-05,25.3
2014-03-06,25.12
2014-03-07,24.76
2014-03-08,24.47
2014-03-09,24.23
2014-03-10,23.95
2014-03-11,23.6
2014-03-12,23.38
2014-03-13,23.15
2014-03-14,22.93
2014-03-15,22.66
2014-03-16,22.39
2014-03-17,22.17
2014-03-18,22.01
2014-03-19,22.39
2014-03-20,23.66
2014-03-21,24.7
2014-03-22,25.12
2014-03-23,24.41
2014-03-24,24.29
2014-03-25,24.35
2014-03-26,24.35
2014-03-27,25.61
2014-03-28,29.27
2014-03-29,31.66
2014-03-30,30.33
2014-03-31,27.71
2014-04-01,25.42
2014-04-02,23.95
2014-04-03,23.38
2014-04-04,23.32
2014-04-05,24.0
2014-04-06,24.41
2014-04-07,24.59
2014-04-08,26.93
2014-04-09,30.62
2014-04-10,32.19
2014-04-11,30.55
2014-04-12,28.04
2014-04-13,25.85
2014-04-14,24.18
2014-04-15,22.99
2014-04-16,22.12
2014-04-17,21.7
2014-04-18,21.8
2014-04-19,21.86
2014-04-20,21.39
2014-04-21,20.73
2014-04-22,20.23
2014-04-23,19.84
2014-04-24,19.51
2014-04-25,19.23
2014-04-26,19.23
2014-04-27,19.28
2014-04-28,19.89
2014-04-29,20.78
2014-04-30,22.07
2014-05-01,23.27
2014-05-02,27.05
2014-05-03,45.13
2014-05-04,88.13
2014-05-05,122.03
2014-05-06,120.06
2014-05-07,203.64
2014-05-08,301.69
2014-05-09,298.23
2014-05-10,227.56
2014-05-11,176.42
2014-05-12,162.68
2014-05-13,145.22
2014-05-14,129.62
2014-05-15,115.68
2014-05-16,104.44
2014-05-17,95.38
2014-05-18,87.72
2014-05-19,81.6
2014-05-20,85.3
2014-05-21,86.7
2014-05-22,82.18
2014-05-23,75.74
2014-05-24,70.29
2014-05-25,68.5
2014-05-26,72.62
2014-05-27,86.5
2014-05-28,86.3
2014-05-29,84.51
2014-05-30,81.41
2014-05-31,77.52
2014-06-01,76.09
2014-06-02,75.03
2014-06-03,73.99
2014-06-04,72.79
2014-06-05,71.28
2014-06-06,68.98
2014-06-07,72.28
2014-06-08,72.28
2014-06-09,72.11
2014-06-10,81.41
2014-06-11,92.76
2014-06-12,95.16
2014-06-13,90.62
2014-06-14,90.83
2014-06-15,118.95
2014-06-16,134.83
2014-06-17,180.97
2014-06-18,247.31
2014-06-19,330.89
2014-06-20,456.09
2014-06-21,528.66
2014-06-22,546.02
2014-06-23,552.35
2014-06-24,491.04
2014-06-25,463.52
2014-06-26,486.53
2014-06-27,472.15
2014-06-28,429.53
2014-06-29,424.6
2014-06-30,447.75
2014-07-01,487.65
2014-07-02,529.88
2014-07-03,544.76
2014-07-04,544.76
2014-07-05,521.4
2014-07-06,476.53
2014-07-07,443.63
2014-07-08,419.73
2014-07-09,393.46
2014-07-10,375.7
2014-07-11,380.94
2014-07-12,390.74
2014-07-13,432.51
2014-07-14,523.81
2014-07-15,695.63
2014-07-16,687.65
2014-07-17,682.91
2014-07-18,695.63
2014-07-19,665.81
2014-07-20,681.34
2014-07-21,736.9
2014-07-22,735.21
2014-07-23,720.11
2014-07-24,740.31
2014-07-25,728.46
2014-07-26,733.51
2014-07-27,806.24
2014-07-28,819.35
2014-07-29,850.14
2014-07-30,876.0
2014-07-31,882.08
2014-08-01,925.83
2014-08-02,1072.99
2014-08-03,1165.81
2014-08-04,1163.13
2014-08-05,1063.14
2014-08-06,971.75
2014-08-07,904.73
2014-08-08,921.57
2014-08-09,902.65
2014-08-10,832.68
2014-08-11,762.84
2014-08-12,728.46
2014-08-13,723.44
2014-08-14,858.01
2014-08-15,1147.15
2014-08-16,1341.77
2014-08-17,1347.96
2014-08-18,1173.9
2014-08-19,1010.58
2014-08-20,919.45
2014-08-21,936.56
2014-08-22,971.75
2014-08-23,927.97
2014-08-24,890.25
2014-08-25,869.96
2014-08-26,836.53
2014-08-27,819.35
2014-08-28,791.5
2014-08-29,742.02
2014-08-30,904.73
2014-08-31,947.42
2014-09-01,876.0
2014-09-02,813.7
2014-09-03,784.24
2014-09-04,793.33
2014-09-05,773.46
2014-09-06,793.33
2014-09-07,846.23
2014-09-08,848.18
2014-09-09,815.58
2014-09-10,782.43
2014-09-11,730.14
2014-09-12,692.43
2014-09-13,658.17
2014-09-14,624.17
2014-09-15,601.56
2014-09-16,581.1
2014-09-17,552.35
2014-09-18,624.17
2014-09-19,782.43
2014-09-20,832.68
2014-09-21,780.63
2014-09-22,1015.25
2014-09-23,1861.09
2014-09-24,1839.77
2014-09-25,1451.11
2014-09-26,1204.04
2014-09-27,1041.32
2014-09-28,932.25
2014-09-29,846.23
2014-09-30,777.04
2014-10-01,720.11
2014-10-02,670.43
2014-10-03,627.06
2014-10-04,585.14
2014-10-05,546.02
2014-10-06,508.33
2014-10-07,475.43
2014-10-08,446.71
2014-10-09,418.76
2014-10-10,394.37
2014-10-11,377.44
2014-10-12,372.25
2014-10-13,373.11
2014-10-14,367.98
2014-10-15,355.45
2014-10-16,340.19
2014-10-17,321.85
2014-10-18,305.2
2014-10-19,292.76
2014-10-20,278.9
2014-10-21,259.62
2014-10-22,240.55
2014-10-23,222.87
2014-10-24,206.01
2014-10-25,189.99
2014-10-26,175.2
2014-10-27,164.58
2014-10-28,156.4
2014-10-29,147.94
2014-10-30,137.68
2014-10-31,127.53
2014-11-01,117.85
2014-11-02,108.65
2014-11-03,100.86
2014-11-04,93.62
2014-11-05,87.31
2014-11-06,81.41
2014-11-07,76.09
2014-11-08,71.11
2014-11-09,66.3
2014-11-10,62.1
2014-11-11,58.29
2014-11-12,55.23
2014-11-13,52.7
2014-11-14,50.29
2014-11-15,47.98
2014-11-16,46.32
2014-11-17,44.92
2014-11-18,43.77
2014-11-19,42.75
2014-11-20,41.66
2014-11-21,40.98
2014-11-22,40.4
2014-11-23,39.93
2014-11-24,39.64
2014-11-25,39.27
2014-11-26,38.99
2014-11-27,38.72
2014-11-28,38.45
2014-11-29,38.17
2014-11-30,38.08
2014-12-01,37.73
2014-12-02,37.37
2014-12-03,37.11
2014-12-04,36.93
2014-12-05,36.67
2014-12-06,36.33
2014-12-07,36.07
2014-12-08,35.9
2014-12-09,35.64
2014-12-10,35.48
2014-12-11,35.22
2014-12-12,34.97
2014-12-13,34.73
2014-12-14,34.4
2014-12-15,34.16
2014-12-16,33.91
2014-12-17,33.75
2014-12-18,34.16
2014-12-19,34.65
2014-12-20,34.08
2014-12-21,33.28
2014-12-22,32.88
2014-12-23,32.5
2014-12-24,32.19
2014-12-25,31.89
2014-12-26,31.66
2014-12-27,31.36
2014-12-28,31.06
2014-12-29,30.84
2014-12-30,30.55
2014-12-31,30.33
2015-01-01,30.05
2015-01-02,29.83
2015-01-03,29.55
2015-01-04,30.48
2015-01-05,34.08
2015-01-06,37.64
2015-01-07,36.24
2015-01-08,33.28
2015-01-09,31.73
2015-01-10,33.04
2015-01-11,34.81
2015-01-12,33.43
2015-01-13,31.06
2015-01-14,29.62
2015-01-15,28.79
2015-01-16,28.31
2015-01-17,28.04
2015-01-18,28.31
2015-01-19,29.2
2015-01-20,29.55
2015-01-21,28.85
2015-01-22,27.77
2015-01-23,26.99
2015-01-24,26.61
2015-01-25,26.35
2015-01-26,26.04
2015-01-27,25.73
2015-01-28,25.49
2015-01-29,25.24
2015-01-30,25.12
2015-01-31,24.88
2015-02-01,24.76
2015-02-02,24.59
2015-02-03,24.29
2015-02-04,24.06
2015-02-05,23.83
2015-02-06,23.66
2015-02-07,22.99
2015-02-08,22.17
2015-02-09,21.75
2015-02-10,21.39
2015-02-11,21.13
2015-02-12,21.18
2015-02-13,21.65
2015-02-14,21.7
2015-02-15,21.49
2015-02-16,21.34
2015-02-17,21.28
2015-02-18,21.18
2015-02-19,21.59
2015-02-20,22.44
2015-02-21,23.6
2015-02-22,24.59
2015-02-23,25.36
2015-02-24,24.0
2015-02-25,22.55
2015-02-26,21.8
2015-02-27,22.39
2015-02-28,22.5
2015-03-01,22.01
2015-03-02,21.34
2015-03-03,20.93
2015-03-04,20.58
2015-03-05,20.48
2015-03-06,20.33
2015-03-07,20.09
2015-03-08,19.8
2015-03-09,19.51
2015-03-10,19.23
2015-03-11,18.95
2015-03-12,18.77
2015-03-13,18.54
2015-03-14,18.41
2015-03-15,18.23
2015-03-16,18.1
2015-03-17,17.92
2015-03-18,17.92
2015-03-19,17.79
2015-03-20,17.71
2015-03-21,17.54
2015-03-22,17.32
2015-03-23,17.07
2015-03-24,16.91
2015-03-25,17.07
2015-03-26,17.71
2015-03-27,18.28
2015-03-28,18.72
2015-03-29,19.18
2015-03-30,20.63
2015-03-31,24.76
2015-04-01,67.39
2015-04-02,173.58
2015-04-03,183.5
2015-04-04,161.93
2015-04-05,214.77
2015-04-06,223.39
2015-04-07,187.36
2015-04-08,157.12
2015-04-09,140.58
2015-04-10,136.72
2015-04-11,125.77
2015-04-12,114.08
2015-04-13,102.51
2015-04-14,92.76
2015-04-15,85.1
2015-04-16,78.43
2015-04-17,94.94
2015-04-18,156.04
2015-04-19,153.53
2015-04-20,160.81
2015-04-21,231.27
2015-04-22,631.41
2015-04-23,695.63
2015-04-24,516.61
2015-04-25,399.87
2015-04-26,347.34
2015-04-27,313.77
2015-04-28,290.07
2015-04-29,283.45
2015-04-30,276.97
2015-05-01,273.16
2015-05-02,268.15
2015-05-03,259.02
2015-05-04,246.17
2015-05-05,230.74
2015-05-06,220.31
2015-05-07,208.89
2015-05-08,195.79
2015-05-09,183.93
2015-05-10,173.58
2015-05-11,174.39
2015-05-12,190.87
2015-05-13,197.61
2015-05-14,211.81
2015-05-15,226.51
2015-05-16,237.78
2015-05-17,245.6
2015-05-18,235.05
2015-05-19,221.84
2015-05-20,214.77
2015-05-21,216.27
2015-05-22,212.8
2015-05-23,222.87
2015-05-24,239.99
2015-05-25,253.68
2015-05-26,242.78
2015-05-27,247.89
2015-05-28,261.42
2015-05-29,335.51
2015-05-30,514.23
2015-05-31,527.45
2015-06-01,458.2
2015-06-02,398.94
2015-06-03,358.75
2015-06-04,330.13
2015-06-05,312.33
2015-06-06,297.54
2015-06-07,285.42
2015-06-08,280.19
2015-06-09,348.14
2015-06-10,569.16
2015-06-11,795.16
2015-06-12,1134.01
2015-06-13,1087.93
2015-06-14,898.5
2015-06-15,830.76
2015-06-16,796.99
2015-06-17,764.6
2015-06-18,764.6
2015-06-19,720.11
2015-06-20,846.23
2015-06-21,940.89
2015-06-22,958.4
2015-06-23,1053.39
2015-06-24,1005.93
2015-06-25,940.89
2015-06-26,936.56
2015-06-27,1038.92
2015-06-28,1063.14
2015-06-29,960.61
2015-06-30,852.1
2015-07-01,771.68
2015-07-02,710.21
2015-07-03,664.27
2015-07-04,720.11
2015-07-05,867.96
2015-07-06,908.91
2015-07-07,846.23
2015-07-08,869.96
2015-07-09,945.24
2015-07-10,906.82
2015-07-11,813.7
2015-07-12,740.31
2015-07-13,690.83
2015-07-14,670.43
2015-07-15,902.65
2015-07-16,1010.58
2015-07-17,949.6
2015-07-18,894.36
2015-07-19,892.31
2015-07-20,1082.93
2015-07-21,1382.57
2015-07-22,1385.76
2015-07-23,1639.59
2015-07-24,1635.82
2015-07-25,1392.16
2015-07-26,1182.04
2015-07-27,1048.54
2015-07-28,973.99
2015-07-29,915.22
2015-07-30,900.57
2015-07-31,1351.07
2015-08-01,1424.61
2015-08-02,1212.39
2015-08-03,1053.39
2015-08-04,985.28
2015-08-05,938.72
2015-08-06,913.11
2015-08-07,945.24
2015-08-08,943.06
2015-08-09,930.11
2015-08-10,902.65
2015-08-11,865.96
2015-08-12,838.46
2015-08-13,809.96
2015-08-14,775.25
2015-08-15,740.31
2015-08-16,700.46
2015-08-17,668.88
2015-08-18,716.79
2015-08-19,787.86
2015-08-20,980.75
2015-08-21,1063.14
2015-08-22,1080.43
2015-08-23,1098.01
2015-08-24,1003.62
2015-08-25,949.6
2015-08-26,923.7
2015-08-27,947.42
2015-08-28,919.45
2015-08-29,994.41
2015-08-30,1070.52
2015-08-31,1072.99
2015-09-01,1206.81
2015-09-02,1360.44
2015-09-03,1580.25
2015-09-04,1587.55
2015-09-05,1379.38
2015-09-06,1206.81
2015-09-07,1090.44
2015-09-08,996.7
2015-09-09,925.83
2015-09-10,960.61
2015-09-11,978.49
2015-09-12,930.11
2015-09-13,876.0
2015-09-14,848.18
2015-09-15,842.34
2015-09-16,826.94
2015-09-17,791.5
2015-09-18,743.73
2015-09-19,911.01
2015-09-20,932.25
2015-09-21,852.1
2015-09-22,817.47
2015-09-23,778.83
2015-09-24,830.76
2015-09-25,823.14
2015-09-26,750.62
2015-09-27,682.91
2015-09-28,627.06
2015-09-29,581.1
2015-09-30,541.0
2015-10-01,505.99
2015-10-02,480.95
2015-10-03,459.26
2015-10-04,436.52
2015-10-05,418.76
2015-10-06,410.15
2015-10-07,487.65
2015-10-08,585.14
2015-10-09,569.16
2015-10-10,513.04
2015-10-11,474.34
2015-10-12,450.86
2015-10-13,424.6
2015-10-14,401.72
2015-10-15,384.48
2015-10-16,366.28
2015-10-17,349.75
2015-10-18,333.19
2015-10-19,312.33
2015-10-20,290.74
2015-10-21,268.77
2015-10-22,249.61
2015-10-23,233.42
2015-10-24,220.82
2015-10-25,206.97
2015-10-26,191.75
2015-10-27,176.83
2015-10-28,163.06
2015-10-29,150.71
2015-10-30,139.28
2015-10-31,129.02
2015-11-01,121.74
2015-11-02,118.12
2015-11-03,115.95
2015-11-04,112.76
2015-11-05,108.4
2015-11-06,102.51
2015-11-07,94.94
2015-11-08,87.92
2015-11-09,81.6
2015-11-10,75.91
2015-11-11,71.11
2015-11-12,66.76
2015-11-13,63.27
2015-11-14,59.95
2015-11-15,57.21
2015-11-16,55.36
2015-11-17,54.59
2015-11-18,53.58
2015-11-19,51.84
2015-11-20,50.29
2015-11-21,48.89
2015-11-22,47.53
2015-11-23,46.42
2015-11-24,45.67
2015-11-25,45.03
2015-11-26,44.6
2015-11-27,44.29
2015-11-28,43.98
2015-11-29,43.67
2015-11-30,43.36
2015-12-01,42.95
2015-12-02,42.75
2015-12-03,44.5
2015-12-04,48.09
2015-12-05,49.35
2015-12-06,47.08
2015-12-07,44.81
2015-12-08,43.36
2015-12-09,42.55
2015-12-10,42.15
2015-12-11,42.85
2015-12-12,45.67
2015-12-13,49.93
2015-12-14,51.97
2015-12-15,49.93
2015-12-16,47.31
2015-12-17,44.81
2015-12-18,42.95
2015-12-19,41.95
2015-12-20,41.27
2015-12-21,40.78
2015-12-22,40.3
2015-12-23,39.93
2015-12-24,39.55
2015-12-25,39.27
2015-12-26,38.9
2015-12-27,38.63
2015-12-28,38.26
2015-12-29,37.99
2015-12-30,37.82
2015-12-31,37.55
2016-01-01,37.28
2016-01-02,37.02
2016-01-03,36.67
2016-01-04,36.5
2016-01-05,36.24
2016-01-06,35.9
2016-01-07,35.64
2016-01-08,35.56
2016-01-09,37.99
2016-01-10,42.35
2016-01-11,43.87
2016-01-12,41.36
2016-01-13,38.81
2016-01-14,37.02
2016-01-15,35.98
2016-01-16,35.31
2016-01-17,34.97
2016-01-18,34.48
2016-01-19,34.08
2016-01-20,34.89
2016-01-21,40.21
2016-01-22,45.03
2016-01-23,42.85
2016-01-24,38.81
2016-01-25,35.98
2016-01-26,34.65
2016-01-27,34.81
2016-01-28,35.48
2016-01-29,35.22
2016-01-30,34.08
2016-01-31,33.59
2016-02-01,34.48
2016-02-02,36.5
2016-02-03,37.37
2016-02-04,36.58
2016-02-05,35.39
2016-02-06,34.16
2016-02-07,32.73
2016-02-08,31.81
2016-02-09,34.81
2016-02-10,37.99
2016-02-11,40.69
2016-02-12,41.85
2016-02-13,42.05
2016-02-14,40.98
2016-02-15,38.63
2016-02-16,36.41
2016-02-17,34.73
2016-02-18,33.99
2016-02-19,35.48
2016-02-20,40.21
2016-02-21,46.75
2016-02-22,52.09
2016-02-23,54.08
2016-02-24,51.72
2016-02-25,49.47
2016-02-26,48.32
2016-02-27,46.42
2016-02-28,43.67
2016-02-29,40.78
2016-03-01,38.63
2016-03-02,37.73
2016-03-03,37.46
2016-03-04,38.45
2016-03-05,40.59
2016-03-06,41.36
2016-03-07,41.27
2016-03-08,43.36
2016-03-09,48.43
2016-03-10,55.49
2016-03-11,60.8
2016-03-12,61.37
2016-03-13,59.39
2016-03-14,57.75
2016-03-15,55.62
2016-03-16,52.46
2016-03-17,49.23
2016-03-18,46.21
2016-03-19,47.87
2016-03-20,60.38
2016-03-21,98.31
2016-03-22,108.14
2016-03-23,98.31
2016-03-24,87.1
2016-03-25,78.62
2016-03-26,70.78
2016-03-27,67.55
2016-03-28,76.8
2016-03-29,88.74
2016-03-30,105.17
2016-03-31,118.67
2016-04-01,118.12
2016-04-02,114.61
2016-04-03,110.94
2016-04-04,117.03
2016-04-05,362.92
2016-04-06,547.28
2016-04-07,538.51
2016-04-08,434.51
2016-04-09,435.52
2016-04-10,423.62
2016-04-11,424.6
2016-04-12,373.97
2016-04-13,324.09
2016-04-14,381.82
2016-04-15,475.43
2016-04-16,884.12
2016-04-17,1105.62
2016-04-18,1418.06
2016-04-19,1886.99
2016-04-20,1971.42
2016-04-21,2470.72
2016-04-22,2883.03
2016-04-23,2970.67
2016-04-24,2386.81
2016-04-25,1814.52
2016-04-26,1594.88
2016-04-27,1523.05
2016-04-28,1373.04
2016-04-29,1232.11
2016-04-30,1206.81
2016-05-01,1192.99
2016-05-02,1100.54
2016-05-03,1008.25
2016-05-04,943.06
2016-05-05,902.65
2016-05-06,859.99
2016-05-07,809.96
2016-05-08,762.84
2016-05-09,716.79
2016-05-10,671.98
2016-05-11,634.33
2016-05-12,629.96
2016-05-13,679.77
2016-05-14,766.36
2016-05-15,1008.25
2016-05-16,1223.62
2016-05-17,1108.18
2016-05-18,1027.02
2016-05-19,906.82
2016-05-20,943.06
2016-05-21,1689.44
2016-05-22,1598.56
2016-05-23,1226.44
2016-05-24,1019.94
2016-05-25,940.89
2016-05-26,863.97
2016-05-27,795.16
2016-05-28,736.9
2016-05-29,700.46
2016-05-30,667.34
2016-05-31,638.73
2016-06-01,608.54
2016-06-02,575.77
2016-06-03,538.51
2016-06-04,507.16
2016-06-05,520.19
2016-06-06,517.8
2016-06-07,557.47
2016-06-08,583.79
2016-06-09,644.65
2016-06-10,766.36
2016-06-11,743.73
2016-06-12,675.08
2016-06-13,711.85
2016-06-14,736.9
2016-06-15,846.23
2016-06-16,1041.32
2016-06-17,1354.19
2016-06-18,1299.17
2016-06-19,1092.96
2016-06-20,932.25
2016-06-21,834.6
2016-06-22,793.33
2016-06-23,754.09
2016-06-24,730.14
2016-06-25,752.36
2016-06-26,759.33
2016-06-27,740.31
2016-06-28,708.58
2016-06-29,697.23
2016-06-30,702.07
2016-07-01,703.69
2016-07-02,943.06
2016-07-03,1149.8
2016-07-04,1048.54
2016-07-05,925.83
2016-07-06,900.57
2016-07-07,927.97
2016-07-08,913.11
2016-07-09,1077.95
2016-07-10,1115.86
2016-07-11,1085.43
2016-07-12,1077.95
2016-07-13,987.55
2016-07-14,908.91
2016-07-15,850.14
2016-07-16,796.99
2016-07-17,759.33
2016-07-18,720.11
2016-07-19,692.43
2016-07-20,676.64
2016-07-21,662.74
2016-07-22,649.13
2016-07-23,656.66
2016-07-24,958.4
2016-07-25,1171.2
2016-07-26,1058.25
2016-07-27,915.22
2016-07-28,828.85
2016-07-29,798.83
2016-07-30,764.6
2016-07-31,723.44
2016-08-01,682.91
2016-08-02,643.17
2016-08-03,612.76
2016-08-04,681.34
2016-08-05,775.25
2016-08-06,863.97
2016-08-07,842.34
2016-08-08,768.13
2016-08-09,752.36
2016-08-10,761.08
2016-08-11,747.17
2016-08-12,708.58
2016-08-13,690.83
2016-08-14,664.27
2016-08-15,661.22
2016-08-16,650.63
2016-08-17,635.8
2016-08-18,615.59
2016-08-19,575.77
2016-08-20,534.8
2016-08-21,542.25
2016-08-22,548.54
2016-08-23,516.61
2016-08-24,478.73
2016-08-25,476.53
2016-08-26,483.17
2016-08-27,462.45
2016-08-28,438.54
2016-08-29,432.51
2016-08-30,437.53
2016-08-31,433.51
2016-09-01,432.51
2016-09-02,461.38
2016-09-03,453.99
2016-09-04,459.26
2016-09-05,480.95
2016-09-06,489.91
2016-09-07,517.8
2016-09-08,543.5
2016-09-09,585.14
2016-09-10,622.73
2016-09-11,607.13
2016-09-12,579.76
2016-09-13,581.1
2016-09-14,581.1
2016-09-15,567.85
2016-09-16,575.77
2016-09-17,575.77
2016-09-18,574.44
2016-09-19,605.74
2016-09-20,664.27
2016-09-21,676.64
2016-09-22,650.63
2016-09-23,658.17
2016-09-24,646.14
2016-09-25,627.06
2016-09-26,614.18
2016-09-27,585.14
2016-09-28,549.81
2016-09-29,526.23
2016-09-30,508.33
2016-10-01,484.29
2016-10-02,457.14
2016-10-03,431.51
2016-10-04,410.15
2016-10-05,394.37
2016-10-06,378.31
2016-10-07,390.74
2016-10-08,412.05
2016-10-09,428.54
2016-10-10,460.32
2016-10-11,501.34
2016-10-12,542.25
2016-10-13,517.8
2016-10-14,478.73
2016-10-15,442.61
2016-10-16,411.1
2016-10-17,382.71
2016-10-18,358.75
2016-10-19,334.74
2016-10-20,311.61
2016-10-21,289.4
2016-10-22,268.77
2016-10-23,249.61
2016-10-24,231.27
2016-10-25,215.27
2016-10-26,207.93
2016-10-27,388.05
2016-10-28,536.03
2016-10-29,460.32
2016-10-30,387.15
2016-10-31,338.63
2016-11-01,304.49
2016-11-02,275.06
2016-11-03,251.93
2016-11-04,233.96
2016-11-05,225.46
2016-11-06,341.77
2016-11-07,480.95
2016-11-08,441.59
2016-11-09,374.84
2016-11-10,323.34
2016-11-11,288.07
2016-11-12,262.63
2016-11-13,241.66
2016-11-14,222.87
2016-11-15,206.01
2016-11-16,189.99
2016-11-17,176.01
2016-11-18,163.06
2016-11-19,151.41
2016-11-20,140.58
2016-11-21,131.13
2016-11-22,122.03
2016-11-23,114.08
2016-11-24,106.65
2016-11-25,99.93
2016-11-26,93.84
2016-11-27,88.54
2016-11-28,83.72
2016-11-29,79.54
2016-11-30,75.91
2016-12-01,72.62
2016-12-02,69.96
2016-12-03,67.55
2016-12-04,65.53
2016-12-05,63.57
2016-12-06,61.66
2016-12-07,60.09
2016-12-08,58.7
2016-12-09,57.48
2016-12-10,56.41
2016-12-11,55.49
2016-12-12,54.72
2016-12-13,54.08
2016-12-14,53.58
2016-12-15,53.08
2016-12-16,52.7
2016-12-17,52.46
2016-12-18,52.09
2016-12-19,51.97
2016-12-20,51.97
2016-12-21,51.97
2016-12-22,51.6
2016-12-23,51.12
2016-12-24,50.64
2016-12-25,50.4
2016-12-26,50.52
2016-12-27,51.24
2016-12-28,51.97
2016-12-29,51.0
2016-12-30,49.82
2016-12-31,49.23
2017-01-01,48.77
2017-01-02,48.43
2017-01-03,48.09
2017-01-04,47.98
2017-01-05,48.2
2017-01-06,48.32
2017-01-07,47.75
2017-01-08,47.08
2017-01-09,46.64
2017-01-10,46.32
2017-01-11,45.99
2017-01-12,45.88
2017-01-13,45.56
2017-01-14,45.24
2017-01-15,44.92
2017-01-16,44.6
2017-01-17,44.29
2017-01-18,43.98
2017-01-19,43.67
2017-01-20,43.36
2017-01-21,43.06
2017-01-22,42.75
2017-01-23,42.45
2017-01-24,42.15
2017-01-25,41.95
2017-01-26,41.66
2017-01-27,41.36
2017-01-28,41.95
2017-01-29,42.55
2017-01-30,42.45
2017-01-31,41.66
2017-02-01,41.17
2017-02-02,40.88
2017-02-03,40.5
2017-02-04,40.11
2017-02-05,39.83
2017-02-06,39.46
2017-02-07,38.45
2017-02-08,37.46
2017-02-09,37.02
2017-02-10,36.67
2017-02-11,36.33
2017-02-12,36.07
2017-02-13,35.81
2017-02-14,35.56
2017-02-15,35.31
2017-02-16,35.06
2017-02-17,34.89
2017-02-18,34.73
2017-02-19,34.56
2017-02-20,40.11
2017-02-21,54.34
2017-02-22,59.53
2017-02-23,57.61
2017-02-24,53.45
2017-02-25,49.23
2017-02-26,45.24
2017-02-27,42.25
2017-02-28,40.11
2017-03-01,38.54
2017-03-02,37.37
2017-03-03,36.76
2017-03-04,37.46
2017-03-05,49.0
2017-03-06,51.36
2017-03-07,49.47
2017-03-08,46.42
2017-03-09,45.24
2017-03-10,46.86
2017-03-11,141.56
2017-03-12,168.04
2017-03-13,135.14
2017-03-14,108.14
2017-03-15,89.16
2017-03-16,75.91
2017-03-17,66.92
2017-03-18,98.54
2017-03-19,102.51
2017-03-20,94.94
2017-03-21,94.28
2017-03-22,91.47
2017-03-23,81.6
2017-03-24,72.28
2017-03-25,68.34
2017-03-26,68.98
2017-03-27,72.45
2017-03-28,98.31
2017-03-29,305.2
2017-03-30,605.74
2017-03-31,1103.08
2017-04-01,1516.05
2017-04-02,1498.69
2017-04-03,1226.44
2017-04-04,1139.25
2017-04-05,965.05
2017-04-06,768.13
2017-04-07,653.64
2017-04-08,582.45
2017-04-09,531.11
2017-04-10,484.29
2017-04-11,443.63
2017-04-12,407.32
2017-04-13,374.84
2017-04-14,345.74
2017-04-15,319.63
2017-04-16,300.3
2017-04-17,287.4
2017-04-18,275.06
2017-04-19,302.39
2017-04-20,362.92
2017-04-21,439.55
2017-04-22,604.34
2017-04-23,649.13
2017-04-24,569.16
2017-04-25,532.33
2017-04-26,483.17
2017-04-27,435.52
2017-04-28,403.58
2017-04-29,394.37
2017-04-30,393.46
2017-05-01,378.31
2017-05-02,356.27
2017-05-03,331.66
2017-05-04,308.03
2017-05-05,398.02
2017-05-06,439.55
2017-05-07,408.26
2017-05-08,367.13
2017-05-09,333.19
2017-05-10,308.74
2017-05-11,294.8
2017-05-12,281.49
2017-05-13,275.69
2017-05-14,292.76
2017-05-15,408.26
2017-05-16,501.34
2017-05-17,457.14
2017-05-18,408.26
2017-05-19,373.97
2017-05-20,357.92
2017-05-21,337.06
2017-05-22,317.42
2017-05-23,301.69
2017-05-24,285.42
2017-05-25,276.33
2017-05-26,278.9
2017-05-27,286.08
2017-05-28,292.76
2017-05-29,313.05
2017-05-30,894.36
2017-05-31,1126.2
2017-06-01,923.7
2017-06-02,773.46
2017-06-03,842.34
2017-06-04,795.16
2017-06-05,689.24
2017-06-06,608.54
2017-06-07,548.54
2017-06-08,507.16
2017-06-09,480.95
2017-06-10,483.17
2017-06-11,504.82
2017-06-12,1217.99
2017-06-13,1705.08
2017-06-14,1392.16
2017-06-15,1100.54
2017-06-16,1184.77
2017-06-17,1498.69
2017-06-18,1461.18
2017-06-19,1293.2
2017-06-20,1126.2
2017-06-21,1038.92
2017-06-22,992.12
2017-06-23,958.4
2017-06-24,969.51
2017-06-25,953.99
2017-06-26,921.57
2017-06-27,892.31
2017-06-28,980.75
2017-06-29,1031.76
2017-06-30,1080.43
2017-07-01,1095.48
2017-07-02,1077.95
2017-07-03,1043.72
2017-07-04,1323.34
2017-07-05,1533.62
2017-07-06,1478.11
2017-07-07,1335.6
2017-07-08,1209.6
2017-07-09,1260.83
2017-07-10,1341.77
2017-07-11,1252.14
2017-07-12,1141.88
2017-07-13,1065.6
2017-07-14,1008.25
2017-07-15,1017.59
2017-07-16,1003.62
2017-07-17,934.41
2017-07-18,1043.72
2017-07-19,1293.2
2017-07-20,1464.55
2017-07-21,1411.54
2017-07-22,1351.07
2017-07-23,1643.37
2017-07-24,1602.25
2017-07-25,1427.89
2017-07-26,1293.2
2017-07-27,1173.9
2017-07-28,1108.18
2017-07-29,1060.7
2017-07-30,1008.25
2017-07-31,956.19
2017-08-01,906.82
2017-08-02,865.96
2017-08-03,834.6
2017-08-04,817.47
2017-08-05,821.24
2017-08-06,809.96
2017-08-07,780.63
2017-08-08,748.89
2017-08-09,721.77
2017-08-10,876.0
2017-08-11,1220.8
2017-08-12,1329.45
2017-08-13,1284.29
2017-08-14,1152.45
2017-08-15,1046.13
2017-08-16,971.75
2017-08-17,930.11
2017-08-18,892.31
2017-08-19,878.02
2017-08-20,876.0
2017-08-21,890.25
2017-08-22,876.0
2017-08-23,825.04
2017-08-24,780.63
2017-08-25,764.6
2017-08-26,869.96
2017-08-27,888.2
2017-08-28,850.14
2017-08-29,809.96
2017-08-30,761.08
2017-08-31,726.78
2017-09-01,726.78
2017-09-02,716.79
2017-09-03,771.68
2017-09-04,775.25
2017-09-05,726.78
2017-09-06,670.43
2017-09-07,629.96
2017-09-08,605.74
2017-09-09,590.56
2017-09-10,650.63
2017-09-11,726.78
2017-09-12,769.9
2017-09-13,761.08
2017-09-14,718.45
2017-09-15,676.64
2017-09-16,634.33
2017-09-17,594.66
2017-09-18,585.14
2017-09-19,628.51
2017-09-20,656.66
2017-09-21,643.17
2017-09-22,602.95
2017-09-23,561.34
2017-09-24,523.81
2017-09-25,492.17
2017-09-26,469.98
2017-09-27,485.41
2017-09-28,547.28
2017-09-29,615.59
2017-09-30,656.66
2017-10-01,647.63
2017-10-02,627.06
2017-10-03,585.14
2017-10-04,544.76
2017-10-05,510.68
2017-10-06,488.78
2017-10-07,491.04
2017-10-08,491.04
2017-10-09,479.84
2017-10-10,462.45
2017-10-11,450.86
2017-10-12,442.61
2017-10-13,432.51
2017-10-14,417.79
2017-10-15,398.94
2017-10-16,380.94
2017-10-17,361.24
2017-10-18,340.19
2017-10-19,326.34
2017-10-20,359.58
2017-10-21,1031.76
2017-10-22,1134.01
2017-10-23,871.97
2017-10-24,713.5
2017-10-25,614.18
2017-10-26,544.76
2017-10-27,491.04
2017-10-28,448.78
2017-10-29,413.95
2017-10-30,402.65
2017-10-31,409.2
2017-11-01,392.55
2017-11-02,362.92
2017-11-03,335.51
2017-11-04,310.89
2017-11-05,288.73
2017-11-06,267.53
2017-11-07,247.89
2017-11-08,229.67
2017-11-09,212.8
2017-11-10,196.7
2017-11-11,181.81
2017-11-12,168.43
2017-11-13,155.31
2017-11-14,143.88
2017-11-15,132.97
2017-11-16,123.45
2017-11-17,116.76
2017-11-18,113.29
2017-11-19,109.15
2017-11-20,103.47
2017-11-21,98.54
2017-11-22,93.41
2017-11-23,87.92
2017-11-24,83.14
2017-11-25,79.17
2017-11-26,75.56
2017-11-27,72.28
2017-11-28,70.61
2017-11-29,69.47
2017-11-30,67.55
2017-12-01,65.22
2017-12-02,63.27
2017-12-03,61.66
2017-12-04,60.38
2017-12-05,59.26
2017-12-06,58.43
2017-12-07,57.88
2017-12-08,57.34
2017-12-09,56.94
2017-12-10,56.94
2017-12-11,58.98
2017-12-12,65.99
2017-12-13,73.82
2017-12-14,74.68
2017-12-15,70.78
2017-12-16,66.3
2017-12-17,62.53
2017-12-18,59.81
2017-12-19,57.75
2017-12-20,56.41
2017-12-21,55.49
2017-12-22,54.85
2017-12-23,54.46
2017-12-24,54.08
2017-12-25,53.7
2017-12-26,53.33
2017-12-27,53.08
2017-12-28,52.7
2017-12-29,52.33
2017-12-30,52.09
2017-12-31,51.72
2018-01-01,51.36
2018-01-02,52.33
2018-01-03,56.41
2018-01-04,59.81
2018-01-05,58.84
2018-01-06,55.49
2018-01-07,52.95
2018-01-08,51.6
2018-01-09,50.88
2018-01-10,50.29
2018-01-11,49.93
2018-01-12,49.47
2018-01-13,49.12
2018-01-14,49.12
2018-01-15,49.0
2018-01-16,49.0
2018-01-17,48.66
2018-01-18,48.2
2018-01-19,47.75
2018-01-20,47.42
2018-01-21,47.19
2018-01-22,46.86
2018-01-23,46.53
2018-01-24,46.75
2018-01-25,47.08
2018-01-26,46.86
2018-01-27,46.42
2018-01-28,45.88
2018-01-29,45.45
2018-01-30,45.03
2018-01-31,44.71
2018-02-01,44.5
2018-02-02,44.6
2018-02-03,45.13
2018-02-04,45.88
2018-02-05,46.32
2018-02-06,46.86
2018-02-07,46.97
2018-02-08,45.77
2018-02-09,44.39
2018-02-10,43.36
2018-02-11,42.75
2018-02-12,42.15
2018-02-13,41.56
2018-02-14,43.16
2018-02-15,44.39
2018-02-16,44.19
2018-02-17,42.65
2018-02-18,41.46
2018-02-19,40.69
2018-02-20,40.21
2018-02-21,39.74
2018-02-22,39.36
2018-02-23,39.36
2018-02-24,39.74
2018-02-25,41.07
2018-02-26,45.67
2018-02-27,54.21
2018-02-28,56.81
2018-03-01,52.46
2018-03-02,51.84
2018-03-03,69.96
2018-03-04,75.56
2018-03-05,95.16
2018-03-06,96.95
2018-03-07,88.95
2018-03-08,79.54
2018-03-09,71.28
2018-03-10,64.92
2018-03-11,60.52
2018-03-12,57.61
2018-03-13,56.54
2018-03-14,56.15
2018-03-15,74.86
2018-03-16,155.68
2018-03-17,177.24
2018-03-18,154.6
2018-03-19,132.66
2018-03-20,115.68
2018-03-21,102.04
2018-03-22,91.47
2018-03-23,83.53
2018-03-24,78.25
2018-03-25,74.16
2018-03-26,73.47
2018-03-27,73.64
2018-03-28,73.3
2018-03-29,73.64
2018-03-30,76.8
2018-03-31,78.8
2018-04-01,76.09
2018-04-02,71.78
2018-04-03,67.39
2018-04-04,63.57
2018-04-05,61.95
2018-04-06,62.1
2018-04-07,62.53
2018-04-08,73.3
2018-04-09,82.18
2018-04-10,83.92
2018-04-11,85.5
2018-04-12,90.41
2018-04-13,96.72
2018-04-14,136.72
2018-04-15,139.6
2018-04-16,125.47
2018-04-17,112.76
2018-04-18,120.34
2018-04-19,131.43
2018-04-20,161.55
2018-04-21,195.79
2018-04-22,184.78
2018-04-23,164.2
2018-04-24,146.91
2018-04-25,133.59
2018-04-26,123.45
2018-04-27,117.58
2018-04-28,117.85
2018-04-29,123.45
2018-04-30,132.05
2018-05-01,138.64
2018-05-02,139.93
2018-05-03,146.23
2018-05-04,175.6
2018-05-05,237.78
2018-05-06,365.44
2018-05-07,495.59
2018-05-08,554.9
2018-05-09,473.24
2018-05-10,397.11
2018-05-11,345.74
2018-05-12,313.05
2018-05-13,288.73
2018-05-14,266.3
2018-05-15,270.02
2018-05-16,268.15
2018-05-17,260.82
2018-05-18,253.1
2018-05-19,251.93
2018-05-20,251.35
2018-05-21,241.1
2018-05-22,229.67
2018-05-23,230.74
2018-05-24,241.1
2018-05-25,263.24
2018-05-26,270.64
2018-05-27,262.03
2018-05-28,249.61
2018-05-29,238.88
2018-05-30,230.74
2018-05-31,221.84
2018-06-01,217.27
2018-06-02,219.8
2018-06-03,225.46
2018-06-04,227.56
2018-06-05,229.14
2018-06-06,241.66
2018-06-07,270.02
2018-06-08,293.44
2018-06-09,278.9
2018-06-10,268.15
2018-06-11,348.14
2018-06-12,1441.12
2018-06-13,1926.53
2018-06-14,1447.77
2018-06-15,1008.25
2018-06-16,789.68
2018-06-17,686.07
2018-06-18,617.02
2018-06-19,560.05
2018-06-20,513.04
2018-06-21,482.06
2018-06-22,458.2
2018-06-23,431.51
2018-06-24,407.32
2018-06-25,396.19
2018-06-26,403.58
2018-06-27,488.78
2018-06-28,544.76
2018-06-29,492.17
2018-06-30,443.63
2018-07-01,404.51
2018-07-02,385.37
2018-07-03,369.68
2018-07-04,359.58
2018-07-05,353.81
2018-07-06,341.77
2018-07-07,417.79
2018-07-08,552.35
2018-07-09,541.0
2018-07-10,489.91
2018-07-11,472.15
2018-07-12,521.4
2018-07-13,539.75
2018-07-14,510.68
2018-07-15,478.73
2018-07-16,520.19
2018-07-17,547.28
2018-07-18,519.0
2018-07-19,480.95
2018-07-20,501.34
2018-07-21,590.56
2018-07-22,625.61
2018-07-23,678.2
2018-07-24,778.83
2018-07-25,817.47
2018-07-26,730.14
2018-07-27,644.65
2018-07-28,596.04
2018-07-29,570.48
2018-07-30,637.26
2018-07-31,949.6
2018-08-01,1118.44
2018-08-02,1029.39
2018-08-03,884.12
2018-08-04,771.68
2018-08-05,718.45
2018-08-06,686.07
2018-08-07,769.9
2018-08-08,786.05
2018-08-09,743.73
2018-08-10,692.43
2018-08-11,682.91
2018-08-12,750.62
2018-08-13,793.33
2018-08-14,811.83
2018-08-15,784.24
2018-08-16,745.45
2018-08-17,705.32
2018-08-18,659.69
2018-08-19,619.87
2018-08-20,638.73
2018-08-21,713.5
2018-08-22,819.35
2018-08-23,811.83
2018-08-24,762.84
2018-08-25,735.21
2018-08-26,793.33
2018-08-27,817.47
2018-08-28,793.33
2018-08-29,750.62
2018-08-30,698.84
2018-08-31,664.27
2018-09-01,659.69
2018-09-02,652.13
2018-09-03,650.63
2018-09-04,634.33
2018-09-05,618.44
2018-09-06,609.94
2018-09-07,593.29
2018-09-08,562.64
2018-09-09,556.19
2018-09-10,539.75
2018-09-11,519.0
2018-09-12,509.5
2018-09-13,500.19
2018-09-14,477.63
2018-09-15,450.86
2018-09-16,425.58
2018-09-17,405.44
2018-09-18,386.26
2018-09-19,371.39
2018-09-20,375.7
2018-09-21,409.2
2018-09-22,414.91
2018-09-23,397.11
2018-09-24,377.44
2018-09-25,367.98
2018-09-26,352.18
2018-09-27,334.74
2018-09-28,318.89
2018-09-29,302.39
2018-09-30,288.73
2018-10-01,275.69
2018-10-02,262.03
2018-10-03,246.74
2018-10-04,230.74
2018-10-05,216.77
2018-10-06,205.54
2018-10-07,195.79
2018-10-08,187.36
2018-10-09,178.89
2018-10-10,169.22
2018-10-11,162.68
2018-10-12,167.66
2018-10-13,181.81
2018-10-14,197.15
2018-10-15,198.53
2018-10-16,188.67
2018-10-17,174.79
2018-10-18,163.06
2018-10-19,152.46
2018-10-20,142.22
2018-10-21,132.66
2018-10-22,124.31
2018-10-23,117.03
2018-10-24,110.69
2018-10-25,104.93
2018-10-26,99.69
2018-10-27,94.72
2018-10-28,90.2
2018-10-29,86.7
2018-10-30,83.92
2018-10-31,80.85
2018-11-01,76.98
2018-11-02,73.99
2018-11-03,73.13
2018-11-04,73.82
2018-11-05,73.3
2018-11-06,75.03
2018-11-07,74.68
2018-11-08,72.28
2018-11-09,68.82
2018-11-10,65.68
2018-11-11,62.97
2018-11-12,60.66
2018-11-13,58.84
2018-11-14,57.34
2018-11-15,56.28
2018-11-16,56.28
2018-11-17,57.48
2018-11-18,58.7
2018-11-19,58.57
2018-11-20,56.68
2018-11-21,54.98
2018-11-22,53.58
2018-11-23,52.58
2018-11-24,51.72
2018-11-25,50.88
2018-11-26,50.17
2018-11-27,49.58
2018-11-28,49.12
2018-11-29,48.55
2018-11-30,48.2
2018-12-01,47.75
2018-12-02,47.42
2018-12-03,47.08
2018-12-04,46.86
2018-12-05,46.64
2018-12-06,46.32
2018-12-07,46.1
2018-12-08,45.77
2018-12-09,45.45
2018-12-10,45.13
2018-12-11,44.81
2018-12-12,44.6
2018-12-13,44.39
2018-12-14,44.08
2018-12-15,43.77
2018-12-16,43.57
2018-12-17,43.36
2018-12-18,83.72
2018-12-19,132.35
2018-12-20,125.18
2018-12-21,103.71
2018-12-22,87.1
2018-12-23,75.38
2018-12-24,66.14
2018-12-25,58.98
2018-12-26,54.08
2018-12-27,50.64
2018-12-28,48.43
2018-12-29,47.42
2018-12-30,46.86
2018-12-31,45.67
2019-01-01,44.6
2019-01-02,43.98
2019-01-03,43.57
2019-01-04,43.36
2019-01-05,42.85
2019-01-06,42.25
2019-01-07,41.76
2019-01-08,41.36
2019-01-09,41.07
2019-01-10,40.88
2019-01-11,40.59
2019-01-12,40.21
2019-01-13,39.93
2019-01-14,39.55
2019-01-15,39.27
2019-01-16,38.99
2019-01-17,38.72
2019-01-18,38.36
2019-01-19,38.08
2019-01-20,37.82
2019-01-21,37.55
2019-01-22,37.28
2019-01-23,37.02
2019-01-24,36.76
2019-01-25,36.5
2019-01-26,36.24
2019-01-27,35.98
2019-01-28,35.81
2019-01-29,37.55
2019-01-30,42.35
2019-01-31,45.67
2019-02-01,42.75
2019-02-02,39.27
2019-02-03,37.19
2019-02-04,36.15
2019-02-05,35.56
2019-02-06,35.14
2019-02-07,34.24
2019-02-08,33.59
2019-02-09,35.39
2019-02-10,37.82
2019-02-11,38.9
2019-02-12,37.19
2019-02-13,35.06
2019-02-14,33.59
2019-02-15,32.88
2019-02-16,35.9
2019-02-17,41.46
2019-02-18,45.45
2019-02-19,46.21
2019-02-20,45.24
2019-02-21,44.39
2019-02-22,42.75
2019-02-23,41.66
2019-02-24,41.36
2019-02-25,40.88
2019-02-26,42.95
2019-02-27,45.67
2019-02-28,59.26
2019-03-01,70.61
2019-03-02,72.79
2019-03-03,65.37
2019-03-04,60.52
2019-03-05,63.42
2019-03-06,64.77
2019-03-07,63.57
2019-03-08,60.94
2019-03-09,58.16
2019-03-10,55.36
2019-03-11,52.33
2019-03-12,49.82
2019-03-13,47.87
2019-03-14,46.1
2019-03-15,44.19
2019-03-16,42.35
2019-03-17,40.78
2019-03-18,41.17
2019-03-19,58.02
2019-03-20,69.63
2019-03-21,68.98
2019-03-22,86.7
2019-03-23,122.03
2019-03-24,118.95
2019-03-25,101.8
2019-03-26,87.31
2019-03-27,78.43
2019-03-28,74.34
2019-03-29,70.94
2019-03-30,66.92
2019-03-31,100.62
2019-04-01,181.39
2019-04-02,188.23
2019-04-03,158.96
2019-04-04,138.0
2019-04-05,125.18
2019-04-06,117.58
2019-04-07,124.03
2019-04-08,173.58
2019-04-09,211.81
2019-04-10,197.15
2019-04-11,173.18
2019-04-12,152.82
2019-04-13,136.09
2019-04-14,124.31
2019-04-15,119.5
2019-04-16,122.31
2019-04-17,125.18
2019-04-18,122.03
2019-04-19,118.12
2019-04-20,113.55
2019-04-21,108.9
2019-04-22,104.2
2019-04-23,98.54
2019-04-24,92.97
2019-04-25,87.31
2019-04-26,82.95
2019-04-27,86.1
2019-04-28,102.51
2019-04-29,157.85
2019-04-30,278.9
2019-05-01,440.57
2019-05-02,362.92
2019-05-03,287.4
2019-05-04,353.0
2019-05-05,348.95
2019-05-06,297.54
2019-05-07,256.63
2019-05-08,235.05
2019-05-09,297.54
2019-05-10,366.28
2019-05-11,351.37
2019-05-12,319.63
2019-05-13,279.54
2019-05-14,265.69
2019-05-15,250.19
2019-05-16,233.42
2019-05-17,231.81
2019-05-18,233.42
2019-05-19,227.56
2019-05-20,214.28
2019-05-21,202.24
2019-05-22,195.34
2019-05-23,211.81
2019-05-24,330.89
2019-05-25,482.06
2019-05-26,432.51
2019-05-27,347.34
2019-05-28,294.12
2019-05-29,259.02
2019-05-30,232.35
2019-05-31,213.29
2019-06-01,199.91
2019-06-02,189.11
2019-06-03,180.13
2019-06-04,173.98
2019-06-05,170.4
2019-06-06,166.88
2019-06-07,166.88
2019-06-08,186.07
2019-06-09,253.68
2019-06-10,290.74
2019-06-11,270.02
2019-06-12,283.45
2019-06-13,298.92
2019-06-14,292.09
2019-06-15,302.39
2019-06-16,299.61
2019-06-17,288.73
2019-06-18,273.79
2019-06-19,279.54
2019-06-20,338.63
2019-06-21,383.59
2019-06-22,377.44
2019-06-23,352.18
2019-06-24,323.34
2019-06-25,314.5
2019-06-26,303.09
2019-06-27,326.34
2019-06-28,443.63
2019-06-29,492.17
2019-06-30,451.9
2019-07-01,528.66
2019-07-02,567.85
2019-07-03,541.0
2019-07-04,523.81
2019-07-05,527.45
2019-07-06,671.98
2019-07-07,846.23
2019-07-08,934.41
2019-07-09,1113.29
2019-07-10,1141.88
2019-07-11,1128.8
2019-07-12,1043.72
2019-07-13,956.19
2019-07-14,936.56
2019-07-15,958.4
2019-07-16,902.65
2019-07-17,815.58
2019-07-18,743.73
2019-07-19,702.07
2019-07-20,665.81
2019-07-21,652.13
2019-07-22,740.31
2019-07-23,766.36
2019-07-24,755.83
2019-07-25,811.83
2019-07-26,873.98
2019-07-27,854.07
2019-07-28,921.57
2019-07-29,1019.94
2019-07-30,1027.02
2019-07-31,951.8
2019-08-01,890.25
2019-08-02,896.43
2019-08-03,900.57
2019-08-04,844.28
2019-08-05,773.46
2019-08-06,720.11
2019-08-07,718.45
2019-08-08,750.62
2019-08-09,750.62
2019-08-10,705.32
2019-08-11,662.74
2019-08-12,649.13
2019-08-13,628.51
2019-08-14,617.02
2019-08-15,602.95
2019-08-16,578.43
2019-08-17,546.02
2019-08-18,514.23
2019-08-19,483.17
2019-08-20,453.99
2019-08-21,425.58
2019-08-22,407.32
2019-08-23,425.58
2019-08-24,480.95
2019-08-25,487.65
2019-08-26,459.26
2019-08-27,456.09
2019-08-28,458.2
2019-08-29,446.71
2019-08-30,422.64
2019-08-31,404.51
2019-09-01,391.65
2019-09-02,384.48
2019-09-03,424.6
2019-09-04,438.54
2019-09-05,414.91
2019-09-06,396.19
2019-09-07,388.05
2019-09-08,386.26
2019-09-09,390.74
2019-09-10,391.65
2019-09-11,458.2
2019-09-12,551.08
2019-09-13,558.76
2019-09-14,542.25
2019-09-15,542.25
2019-09-16,549.81
2019-09-17,534.8
2019-09-18,505.99
2019-09-19,474.34
2019-09-20,444.66
2019-09-21,435.52
2019-09-22,472.15
2019-09-23,640.21
2019-09-24,777.04
2019-09-25,738.61
2019-09-26,650.63
2019-09-27,583.79
2019-09-28,534.8
2019-09-29,505.99
2019-09-30,515.42
2019-10-01,533.56
2019-10-02,541.0
2019-10-03,522.6
2019-10-04,491.04
2019-10-05,463.52
2019-10-06,463.52
2019-10-07,474.34
2019-10-08,479.84
2019-10-09,488.78
2019-10-10,479.84
2019-10-11,458.2
2019-10-12,431.51
2019-10-13,401.72
2019-10-14,373.11
2019-10-15,353.0
2019-10-16,340.98
2019-10-17,329.37
2019-10-18,311.61
2019-10-19,292.09
2019-10-20,274.42
2019-10-21,263.85
2019-10-22,254.86
2019-10-23,242.22
2019-10-24,286.08
2019-10-25,369.68
2019-10-26,1405.05
2019-10-27,1444.44
2019-10-28,987.55
2019-10-29,747.17
2019-10-30,617.02
2019-10-31,536.03
2019-11-01,483.17
2019-11-02,439.55
2019-11-03,401.72
2019-11-04,368.83
2019-11-05,344.14
2019-11-06,322.59
2019-11-07,300.3
2019-11-08,278.25
2019-11-09,262.03
2019-11-10,265.69
2019-11-11,276.33
2019-11-12,278.25
2019-11-13,267.53
2019-11-14,249.03
2019-11-15,229.67
2019-11-16,211.81
2019-11-17,195.34
2019-11-18,180.55
2019-11-19,167.66
2019-11-20,156.4
2019-11-21,145.55
2019-11-22,134.83
2019-11-23,124.31
2019-11-24,114.61
2019-11-25,105.91
2019-11-26,98.08
2019-11-27,91.26
2019-11-28,84.9
2019-11-29,79.17
2019-11-30,74.51
2019-12-01,70.94
2019-12-02,68.02
2019-12-03,65.22
2019-12-04,62.83
2019-12-05,61.09
2019-12-06,59.26
2019-12-07,57.75
2019-12-08,56.41
2019-12-09,55.36
2019-12-10,54.59
2019-12-11,54.59
2019-12-12,55.1
2019-12-13,54.85
2019-12-14,53.83
2019-12-15,53.08
2019-12-16,52.58
2019-12-17,52.21
2019-12-18,51.97
2019-12-19,51.6
2019-12-20,51.36
2019-12-21,51.0
2019-12-22,50.76
2019-12-23,50.4
2019-12-24,50.17
2019-12-25,49.82
2019-12-26,49.58
2019-12-27,49.47
2019-12-28,50.88
2019-12-29,52.33
2019-12-30,51.24
2019-12-31,49.7
2020-01-01,48.77
2020-01-02,48.43
2020-01-03,52.33
2020-01-04,69.15
2020-01-05,86.1
2020-01-06,88.33
2020-01-07,85.1
2020-01-08,76.62
2020-01-09,68.34
2020-01-10,62.39
2020-01-11,58.43
2020-01-12,55.1
2020-01-13,52.21
2020-01-14,49.93
2020-01-15,48.55
2020-01-16,47.64
2020-01-17,47.08
2020-01-18,46.75
2020-01-19,52.46
2020-01-20,56.02
2020-01-21,58.02
2020-01-22,57.08
2020-01-23,54.98
2020-01-24,53.95
2020-01-25,53.45
2020-01-26,51.84
2020-01-27,49.93
2020-01-28,49.0
2020-01-29,48.2
2020-01-30,48.43
2020-01-31,51.72
2020-02-01,54.59
2020-02-02,54.08
2020-02-03,52.58
2020-02-04,50.88
2020-02-05,48.77
2020-02-06,47.53
2020-02-07,45.99
2020-02-08,44.39
2020-02-09,43.46
2020-02-10,43.46
2020-02-11,43.67
2020-02-12,42.95
2020-02-13,42.05
2020-02-14,41.85
2020-02-15,42.35
2020-02-16,42.35
2020-02-17,41.85
2020-02-18,41.56
2020-02-19,41.27
2020-02-20,40.69
2020-02-21,40.21
2020-02-22,39.83
2020-02-23,39.74
2020-02-24,40.4
2020-02-25,43.16
2020-02-26,50.52
2020-02-27,60.8
2020-02-28,64.31
2020-02-29,60.52
2020-03-01,54.98
2020-03-02,50.76
2020-03-03,49.23
2020-03-04,49.7
2020-03-05,49.58
2020-03-06,48.77
2020-03-07,50.17
2020-03-08,53.08
2020-03-09,53.33
2020-03-10,51.97
2020-03-11,49.23
2020-03-12,46.64
2020-03-13,44.5
2020-03-14,42.75
2020-03-15,41.66
2020-03-16,40.98
2020-03-17,40.5
2020-03-18,39.93
2020-03-19,39.18
2020-03-20,38.81
2020-03-21,38.63
2020-03-22,38.81
2020-03-23,39.74
2020-03-24,42.45
2020-03-25,44.92
2020-03-26,44.71
2020-03-27,42.85
2020-03-28,40.98
2020-03-29,39.55
2020-03-30,38.45
2020-03-31,37.46
2020-04-01,36.76
2020-04-02,36.15
2020-04-03,36.41
2020-04-04,37.02
2020-04-05,37.28
2020-04-06,36.58
2020-04-07,35.73
2020-04-08,35.73
2020-04-09,37.37
2020-04-10,39.36
2020-04-11,39.74
2020-04-12,38.99
2020-04-13,38.26
2020-04-14,37.28
2020-04-15,36.41
2020-04-16,35.98
2020-04-17,39.09
2020-04-18,111.46
2020-04-19,168.82
2020-04-20,150.01
2020-04-21,136.09
2020-04-22,175.6
2020-04-23,163.44
2020-04-24,142.55
2020-04-25,130.22
2020-04-26,122.03
2020-04-27,114.61
2020-04-28,114.35
2020-04-29,130.52
2020-04-30,140.58
2020-05-01,137.36
2020-05-02,131.43
2020-05-03,130.22
2020-05-04,131.74
2020-05-05,133.59
2020-05-06,135.46
2020-05-07,133.59
2020-05-08,128.72
2020-05-09,121.18
2020-05-10,112.5
2020-05-11,105.17
2020-05-12,126.06
2020-05-13,205.54
2020-05-14,212.8
2020-05-15,225.46
2020-05-16,270.02
2020-05-17,258.42
2020-05-18,224.42
2020-05-19,196.7
2020-05-20,183.08
2020-05-21,187.8
2020-05-22,188.23
2020-05-23,182.65
2020-05-24,180.13
2020-05-25,191.75
2020-05-26,403.58
2020-05-27,1639.59
2020-05-28,1544.25
2020-05-29,996.7
2020-05-30,757.58
2020-05-31,643.17
2020-06-01,577.1
2020-06-02,520.19
2020-06-03,508.33
2020-06-04,495.59
2020-06-05,469.98
2020-06-06,453.99
2020-06-07,432.51
2020-06-08,407.32
2020-06-09,398.94
2020-06-10,428.54
2020-06-11,443.63
2020-06-12,431.51
2020-06-13,429.53
2020-06-14,423.62
2020-06-15,424.6
2020-06-16,415.87
2020-06-17,681.34
2020-06-18,808.1
2020-06-19,695.63
2020-06-20,671.98
2020-06-21,652.13
2020-06-22,614.18
2020-06-23,565.24
2020-06-24,523.81
2020-06-25,496.74
2020-06-26,533.56
2020-06-27,681.34
2020-06-28,720.11
2020-06-29,644.65
2020-06-30,579.76
2020-07-01,528.66
2020-07-02,503.66
2020-07-03,502.5
2020-07-04,520.19
2020-07-05,547.28
2020-07-06,615.59
2020-07-07,629.96
2020-07-08,594.66
2020-07-09,578.43
2020-07-10,605.74
2020-07-11,745.45
2020-07-12,782.43
2020-07-13,738.61
2020-07-14,671.98
2020-07-15,617.02
2020-07-16,578.43
2020-07-17,543.5
2020-07-18,521.4
2020-07-19,531.11
2020-07-20,593.29
2020-07-21,628.51
2020-07-22,631.41
2020-07-23,850.14
2020-07-24,1017.59
2020-07-25,906.82
2020-07-26,778.83
2020-07-27,694.02
2020-07-28,676.64
2020-07-29,671.98
2020-07-30,656.66
2020-07-31,637.26
2020-08-01,600.17
2020-08-02,556.19
2020-08-03,516.61
2020-08-04,484.29
2020-08-05,460.32
2020-08-06,442.61
2020-08-07,431.51
2020-08-08,417.79
2020-08-09,415.87
2020-08-10,412.05
2020-08-11,399.87
2020-08-12,388.94
2020-08-13,393.46
2020-08-14,423.62
2020-08-15,459.26
2020-08-16,507.16
2020-08-17,541.0
2020-08-18,522.6
2020-08-19,547.28
2020-08-20,619.87
2020-08-21,597.41
2020-08-22,541.0
2020-08-23,496.74
2020-08-24,480.95
2020-08-25,475.43
2020-08-26,465.66
2020-08-27,443.63
2020-08-28,418.76
2020-08-29,396.19
2020-08-30,381.82
2020-08-31,387.15
2020-09-01,398.94
2020-09-02,399.87
2020-09-03,380.94
2020-09-04,357.1
2020-09-05,340.19
2020-09-06,327.1
2020-09-07,316.69
2020-09-08,307.32
2020-09-09,303.79
2020-09-10,318.89
2020-09-11,324.09
2020-09-12,380.94
2020-09-13,424.6
2020-09-14,416.83
2020-09-15,392.55
2020-09-16,370.54
2020-09-17,363.75
2020-09-18,361.24
2020-09-19,344.14
2020-09-20,321.85
2020-09-21,347.34
2020-09-22,445.68
2020-09-23,489.91
2020-09-24,565.24
2020-09-25,655.15
2020-09-26,650.63
2020-09-27,602.95
2020-09-28,537.27
2020-09-29,482.06
2020-09-30,443.63
2020-10-01,428.54
2020-10-02,452.94
2020-10-03,492.17
2020-10-04,558.76
2020-10-05,621.3
2020-10-06,631.41
2020-10-07,597.41
2020-10-08,541.0
2020-10-09,495.59
2020-10-10,471.06
2020-10-11,456.09
2020-10-12,437.53
2020-10-13,414.91
2020-10-14,391.65
2020-10-15,369.68
2020-10-16,348.95
2020-10-17,326.34
2020-10-18,328.61
2020-10-19,360.41
2020-10-20,361.24
2020-10-21,386.26
2020-10-22,593.29
2020-10-23,1110.73
2020-10-24,1275.44
2020-10-25,1008.25
2020-10-26,806.24
2020-10-27,687.65
2020-10-28,612.76
2020-10-29,553.63
2020-10-30,504.82
2020-10-31,493.31
2020-11-01,492.17
2020-11-02,473.24
2020-11-03,450.86
2020-11-04,427.55
2020-11-05,400.79
2020-11-06,373.11
2020-11-07,346.54
2020-11-08,321.85
2020-11-09,298.23
2020-11-10,276.33
2020-11-11,256.63
2020-11-12,237.78
2020-11-13,220.31
2020-11-14,203.64
2020-11-15,188.67
2020-11-16,174.79
2020-11-17,162.68
2020-11-18,154.96
2020-11-19,147.25
2020-11-20,137.36
2020-11-21,128.72
2020-11-22,122.31
2020-11-23,117.3
2020-11-24,110.94
2020-11-25,103.47
2020-11-26,96.72
2020-11-27,90.41
2020-11-28,84.9
2020-11-29,79.72
2020-11-30,75.21
2020-12-01,71.11
2020-12-02,67.55
2020-12-03,64.61
2020-12-04,62.53
2020-12-05,60.94
2020-12-06,59.67
2020-12-07,58.57
2020-12-08,57.48
2020-12-09,56.28
2020-12-10,55.23
2020-12-11,54.46
2020-12-12,53.95
2020-12-13,53.33
2020-12-14,53.08
2020-12-15,52.7
2020-12-16,52.33
2020-12-17,51.97
2020-12-18,51.72
2020-12-19,51.48
2020-12-20,51.12
2020-12-21,50.76
2020-12-22,50.4
2020-12-23,50.05
2020-12-24,49.82
2020-12-25,49.47
2020-12-26,49.12
2020-12-27,48.77
2020-12-28,48.55
2020-12-29,48.2
2020-12-30,47.87
2020-12-31,47.64
2021-01-01,47.31
2021-01-02,46.97
2021-01-03,46.64
2021-01-04,46.32
2021-01-05,45.99
2021-01-06,45.67
2021-01-07,45.34
2021-01-08,45.13
2021-01-09,44.81
2021-01-10,44.81
2021-01-11,45.34
2021-01-12,45.77
2021-01-13,45.24
2021-01-14,44.6
2021-01-15,44.08
2021-01-16,43.67
2021-01-17,43.36
2021-01-18,43.06
2021-01-19,43.57
2021-01-20,46.64
2021-01-21,51.48
2021-01-22,54.34
2021-01-23,52.09
2021-01-24,48.32
2021-01-25,45.88
2021-01-26,44.29
2021-01-27,43.16
2021-01-28,42.35
2021-01-29,41.76
2021-01-30,41.56
2021-01-31,41.36
2021-02-01,41.07
2021-02-02,40.78
2021-02-03,40.4
2021-02-04,40.02
2021-02-05,39.74
2021-02-06,39.46
2021-02-07,38.63
2021-02-08,37.73
2021-02-09,37.28
2021-02-10,36.93
2021-02-11,36.67
2021-02-12,36.41
2021-02-13,36.07
2021-02-14,35.81
2021-02-15,35.56
2021-02-16,35.22
2021-02-17,35.06
2021-02-18,34.89
2021-02-19,34.81
2021-02-20,34.89
2021-02-21,34.81
2021-02-22,34.4
2021-02-23,33.99
2021-02-24,33.67
2021-02-25,33.43
2021-02-26,33.36
2021-02-27,33.91
2021-02-28,34.4
2021-03-01,34.48
2021-03-02,34.4
2021-03-03,34.24
2021-03-04,33.99
2021-03-05,34.97
2021-03-06,41.95
2021-03-07,45.77
2021-03-08,46.32
2021-03-09,45.13
2021-03-10,46.53
2021-03-11,48.55
2021-03-12,47.87
2021-03-13,45.03
2021-03-14,45.34
2021-03-15,46.21
2021-03-16,45.34
2021-03-17,42.75
2021-03-18,40.21
2021-03-19,38.08
2021-03-20,36.5
2021-03-21,35.06
2021-03-22,33.83
2021-03-23,32.81
2021-03-24,31.96
2021-03-25,31.28
2021-03-26,30.7
2021-03-27,30.26
2021-03-28,29.83
2021-03-29,29.55
2021-03-30,30.77
2021-03-31,138.32
2021-04-01,184.35
2021-04-02,147.25
2021-04-03,119.78
2021-04-04,99.0
2021-04-05,83.14
2021-04-06,71.78
2021-04-07,63.71
2021-04-08,61.95
2021-04-09,62.39
2021-04-10,63.71
2021-04-11,61.37
2021-04-12,57.08
2021-04-13,53.2
2021-04-14,50.29
2021-04-15,47.98
2021-04-16,47.53
2021-04-17,54.08
2021-04-18,71.61
2021-04-19,76.8
2021-04-20,73.13
2021-04-21,67.39
2021-04-22,61.95
2021-04-23,58.57
2021-04-24,55.89
2021-04-25,52.46
2021-04-26,49.0
2021-04-27,46.53
2021-04-28,45.24
2021-04-29,44.29
2021-04-30,42.95
2021-05-01,42.05
2021-05-02,41.95
2021-05-03,42.75
2021-05-04,45.45
2021-05-05,49.35
2021-05-06,52.46
2021-05-07,53.33
2021-05-08,52.83
2021-05-09,57.88
2021-05-10,65.37
2021-05-11,79.35
2021-05-12,83.14
2021-05-13,107.39
2021-05-14,138.0
2021-05-15,133.9
2021-05-16,120.06
2021-05-17,108.65
2021-05-18,104.68
2021-05-19,120.06
2021-05-20,132.66
2021-05-21,134.83
2021-05-22,134.52
2021-05-23,125.47
2021-05-24,117.03
2021-05-25,113.02
2021-05-26,213.78
2021-05-27,228.09
2021-05-28,202.7
2021-05-29,176.42
2021-05-30,154.96
2021-05-31,145.55
2021-06-01,194.43
2021-06-02,206.01
2021-06-03,186.93
2021-06-04,168.04
2021-06-05,164.2
2021-06-06,222.87
2021-06-07,254.27
2021-06-08,259.02
2021-06-09,239.99
2021-06-10,225.46
2021-06-11,239.44
2021-06-12,256.04
2021-06-13,261.42
2021-06-14,264.46
2021-06-15,255.45
2021-06-16,278.25
2021-06-17,347.34
2021-06-18,476.53
2021-06-19,561.34
2021-06-20,539.75
2021-06-21,487.65
2021-06-22,557.47
2021-06-23,569.16
2021-06-24,491.04
2021-06-25,439.55
2021-06-26,406.38
2021-06-27,376.57
2021-06-28,352.18
2021-06-29,331.66
2021-06-30,366.28
2021-07-01,422.64
2021-07-02,452.94
2021-07-03,460.32
2021-07-04,448.78
2021-07-05,415.87
2021-07-06,384.48
2021-07-07,409.2
2021-07-08,437.53
2021-07-09,451.9
2021-07-10,457.14
2021-07-11,439.55
2021-07-12,435.52
2021-07-13,461.38
2021-07-14,473.24
2021-07-15,446.71
2021-07-16,493.31
2021-07-17,515.42
2021-07-18,485.41
2021-07-19,458.2
2021-07-20,444.66
2021-07-21,443.63
2021-07-22,450.86
2021-07-23,475.43
2021-07-24,486.53
2021-07-25,460.32
2021-07-26,433.51
2021-07-27,432.51
2021-07-28,469.98
2021-07-29,547.28
2021-07-30,627.06
2021-07-31,721.77
2021-08-01,721.77
2021-08-02,700.46
2021-08-03,638.73
2021-08-04,600.17
2021-08-05,589.2
2021-08-06,649.13
2021-08-07,676.64
2021-08-08,631.41
2021-08-09,571.8
2021-08-10,532.33
2021-08-11,728.46
2021-08-12,761.08
2021-08-13,793.33
2021-08-14,759.33
2021-08-15,678.2
2021-08-16,632.87
2021-08-17,635.8
2021-08-18,686.07
2021-08-19,690.83
2021-08-20,646.14
2021-08-21,593.29
2021-08-22,548.54
2021-08-23,523.81
2021-08-24,617.02
2021-08-25,684.49
2021-08-26,715.14
2021-08-27,745.45
2021-08-28,720.11
2021-08-29,764.6
2021-08-30,780.63
2021-08-31,728.46
2021-09-01,681.34
2021-09-02,661.22
2021-09-03,638.73
2021-09-04,598.79
2021-09-05,562.64
2021-09-06,567.85
2021-09-07,571.8
2021-09-08,553.63
2021-09-09,533.56
2021-09-10,514.23
2021-09-11,492.17
2021-09-12,467.81
2021-09-13,440.57
2021-09-14,413.95
2021-09-15,434.51
2021-09-16,496.74
2021-09-17,517.8
2021-09-18,519.0
2021-09-19,508.33
2021-09-20,494.45
2021-09-21,500.19
2021-09-22,500.19
2021-09-23,484.29
2021-09-24,456.09
2021-09-25,430.52
2021-09-26,408.26
2021-09-27,386.26
2021-09-28,385.37
2021-09-29,389.84
2021-09-30,374.84
2021-10-01,349.75
2021-10-02,327.1
2021-10-03,318.15
2021-10-04,310.89
2021-10-05,301.69
2021-10-06,290.74
2021-10-07,276.33
2021-10-08,260.22
2021-10-09,246.17
2021-10-10,232.35
2021-10-11,217.27
2021-10-12,201.77
2021-10-13,186.93
2021-10-14,176.01
2021-10-15,168.04
2021-10-16,159.32
2021-10-17,151.05
2021-10-18,143.54
2021-10-19,139.6
2021-10-20,155.68
2021-10-21,166.88
2021-10-22,165.34
2021-10-23,153.53
2021-10-24,140.58
2021-10-25,129.62
2021-10-26,120.34
2021-10-27,112.24
2021-10-28,104.68
2021-10-29,97.86
2021-10-30,92.33
2021-10-31,87.1
2021-11-01,82.18
2021-11-02,77.52
2021-11-03,73.47
2021-11-04,69.79
2021-11-05,66.76
2021-11-06,63.42
2021-11-07,60.24
2021-11-08,57.61
2021-11-09,55.1
2021-11-10,53.08
2021-11-11,51.36
2021-11-12,50.29
2021-11-13,49.47
2021-11-14,48.77
2021-11-15,47.98
2021-11-16,47.08
2021-11-17,46.42
2021-11-18,45.77
2021-11-19,45.24
2021-11-20,44.81
2021-11-21,44.5
2021-11-22,44.29
2021-11-23,44.08
2021-11-24,43.87
2021-11-25,43.57
2021-11-26,43.26
2021-11-27,42.95
2021-11-28,42.65
2021-11-29,42.35
2021-11-30,42.05
2021-12-01,41.66
2021-12-02,41.27
2021-12-03,40.98
2021-12-04,40.69
2021-12-05,40.4
2021-12-06,40.59
2021-12-07,44.29
2021-12-08,50.88
2021-12-09,53.83
2021-12-10,52.46
2021-12-11,50.05
2021-12-12,47.53
2021-12-13,45.34
2021-12-14,43.36
2021-12-15,41.76
2021-12-16,40.59
2021-12-17,39.74
2021-12-18,38.99
2021-12-19,38.45
2021-12-20,38.08
2021-12-21,37.73
2021-12-22,37.55
2021-12-23,37.64
2021-12-24,37.73
2021-12-25,37.28
2021-12-26,36.93
2021-12-27,36.76
2021-12-28,36.5
2021-12-29,36.15
2021-12-30,35.81
2021-12-31,35.81
2022-01-01,35.73
2022-01-02,35.39
2022-01-03,34.89
2022-01-04,34.56
2022-01-05,34.16
2022-01-06,33.91
2022-01-07,33.59
2022-01-08,33.28
2022-01-09,33.04
2022-01-10,32.81
2022-01-11,32.65
2022-01-12,35.22
2022-01-13,39.46
2022-01-14,42.45
2022-01-15,41.07
2022-01-16,38.08
2022-01-17,35.98
2022-01-18,34.4
2022-01-19,33.28
2022-01-20,32.65
2022-01-21,33.75
2022-01-22,35.73
2022-01-23,35.73
2022-01-24,35.64
2022-01-25,37.28
2022-01-26,39.36
2022-01-27,42.45
2022-01-28,44.6
2022-01-29,44.29
2022-01-30,41.46
2022-01-31,38.81
2022-02-01,40.11
2022-02-02,45.03
2022-02-03,47.87
2022-02-04,47.19
2022-02-05,52.46
2022-02-06,60.66
2022-02-07,60.38
2022-02-08,53.2
2022-02-09,46.75
2022-02-10,42.25
2022-02-11,40.02
2022-02-12,38.81
2022-02-13,37.82
2022-02-14,36.07
2022-02-15,34.16
2022-02-16,32.57
2022-02-17,31.36
2022-02-18,30.48
2022-02-19,30.05
2022-02-20,30.48
2022-02-21,31.51
2022-02-22,32.65
2022-02-23,32.57
2022-02-24,31.43
2022-02-25,30.84
2022-02-26,32.5
2022-02-27,34.81
2022-02-28,34.89
2022-03-01,33.59
2022-03-02,32.04
2022-03-03,30.77
2022-03-04,29.83
2022-03-05,29.13
2022-03-06,28.72
2022-03-07,28.31
2022-03-08,27.97
2022-03-09,27.71
2022-03-10,27.44
2022-03-11,27.18
2022-03-12,26.93
2022-03-13,26.73
2022-03-14,26.48
2022-03-15,26.29
2022-03-16,26.1
2022-03-17,25.92
2022-03-18,25.73
2022-03-19,25.55
2022-03-20,25.36
2022-03-21,25.18
2022-03-22,24.94
2022-03-23,24.7
2022-03-24,24.76
2022-03-25,27.05
2022-03-26,33.67
2022-03-27,40.02
2022-03-28,40.21
2022-03-29,36.84
2022-03-30,34.24
2022-03-31,33.12
2022-04-01,39.55
2022-04-02,47.64
2022-04-03,61.81
2022-04-04,75.91
2022-04-05,79.54
2022-04-06,80.1
2022-04-07,75.21
2022-04-08,71.11
2022-04-09,72.96
2022-04-10,162.68
2022-04-11,222.87
2022-04-12,205.06
2022-04-13,263.24
2022-04-14,244.47
2022-04-15,217.27
2022-04-16,188.23
2022-04-17,204.12
2022-04-18,206.01
2022-04-19,189.55
2022-04-20,173.98
2022-04-21,160.44
2022-04-22,159.69
2022-04-23,158.96
2022-04-24,152.11
2022-04-25,141.23
2022-04-26,131.74
2022-04-27,132.97
2022-04-28,130.22
2022-04-29,127.53
2022-04-30,139.28
2022-05-01,141.89
2022-05-02,137.68
2022-05-03,151.41
2022-05-04,197.61
2022-05-05,190.43
2022-05-06,168.43
2022-05-07,154.6
2022-05-08,151.05
2022-05-09,148.28
2022-05-10,147.25
2022-05-11,520.19
2022-05-12,932.25
2022-05-13,938.72
2022-05-14,985.28
2022-05-15,985.28
2022-05-16,793.33
2022-05-17,686.07
2022-05-18,644.65
2022-05-19,612.76
2022-05-20,554.9
2022-05-21,516.61
2022-05-22,482.06
2022-05-23,446.71
2022-05-24,415.87
2022-05-25,394.37
2022-05-26,385.37
2022-05-27,372.25
2022-05-28,348.95
2022-05-29,325.59
2022-05-30,315.96
2022-05-31,326.34
2022-06-01,335.51
2022-06-02,337.06
2022-06-03,442.61
2022-06-04,515.42
2022-06-05,458.2
2022-06-06,428.54
2022-06-07,447.75
2022-06-08,444.66
2022-06-09,461.38
2022-06-10,478.73
2022-06-11,457.14
2022-06-12,423.62
2022-06-13,443.63
2022-06-14,621.3
2022-06-15,958.4
2022-06-16,1095.48
2022-06-17,1382.57
2022-06-18,1533.62
2022-06-19,1341.77
2022-06-20,1118.44
2022-06-21,987.55
2022-06-22,908.91
2022-06-23,840.4
2022-06-24,789.68
2022-06-25,762.84
2022-06-26,716.79
2022-06-27,671.98
2022-06-28,659.69
2022-06-29,690.83
2022-06-30,687.65
2022-07-01,658.17
2022-07-02,643.17
2022-07-03,631.41
2022-07-04,612.76
2022-07-05,598.79
2022-07-06,575.77
2022-07-07,541.0
2022-07-08,509.5
2022-07-09,487.65
2022-07-10,516.61
2022-07-11,569.16
2022-07-12,561.34
2022-07-13,520.19
2022-07-14,478.73
2022-07-15,445.68
2022-07-16,428.54
2022-07-17,416.83
2022-07-18,399.87
2022-07-19,378.31
2022-07-20,357.92
2022-07-21,361.24
2022-07-22,377.44
2022-07-23,455.04
2022-07-24,485.41
2022-07-25,465.66
2022-07-26,444.66
2022-07-27,433.51
2022-07-28,416.83
2022-07-29,404.51
2022-07-30,399.87
2022-07-31,381.82
2022-08-01,381.82
2022-08-02,380.07
2022-08-03,370.54
2022-08-04,406.38
2022-08-05,461.38
2022-08-06,458.2
2022-08-07,435.52
2022-08-08,462.45
2022-08-09,480.95
2022-08-10,450.86
2022-08-11,413.95
2022-08-12,384.48
2022-08-13,359.58
2022-08-14,335.51
2022-08-15,360.41
2022-08-16,386.26
2022-08-17,357.1
2022-08-18,322.59
2022-08-19,301.0
2022-08-20,303.09
2022-08-21,310.89
2022-08-22,303.79
2022-08-23,290.07
2022-08-24,273.79
2022-08-25,262.03
2022-08-26,255.45
2022-08-27,250.77
2022-08-28,247.89
2022-08-29,249.61
2022-08-30,244.47
2022-08-31,232.88
2022-09-01,228.61
2022-09-02,230.21
2022-09-03,237.78
2022-09-04,257.23
2022-09-05,326.34
2022-09-06,364.59
2022-09-07,383.59
2022-09-08,407.32
2022-09-09,383.59
2022-09-10,350.56
2022-09-11,333.19
2022-09-12,359.58
2022-09-13,378.31
2022-09-14,371.39
2022-09-15,364.59
2022-09-16,351.37
2022-09-17,343.35
2022-09-18,327.85
2022-09-19,315.96
2022-09-20,308.03
2022-09-21,301.69
2022-09-22,294.8
2022-09-23,294.8
2022-09-24,309.46
2022-09-25,324.84
2022-09-26,331.66
2022-09-27,325.59
2022-09-28,318.15
2022-09-29,313.77
2022-09-30,308.74
2022-10-01,298.92
2022-10-02,284.76
2022-10-03,271.27
2022-10-04,272.53
2022-10-05,326.34
2022-10-06,364.59
2022-10-07,350.56
2022-10-08,327.1
2022-10-09,318.89
2022-10-10,310.89
2022-10-11,305.2
2022-10-12,292.09
2022-10-13,292.09
2022-10-14,292.76
2022-10-15,280.84
2022-10-16,265.69
2022-10-17,248.46
2022-10-18,233.42
2022-10-19,231.81
2022-10-20,235.59
2022-10-21,229.14
2022-10-22,213.29
2022-10-23,197.15
2022-10-24,182.23
2022-10-25,405.44
2022-10-26,563.94
2022-10-27,455.04
2022-10-28,371.39
2022-10-29,314.5
2022-10-30,273.79
2022-10-31,242.78
2022-11-01,217.78
2022-11-02,196.24
2022-11-03,178.06
2022-11-04,161.93
2022-11-05,148.28
2022-11-06,135.77
2022-11-07,124.89
2022-11-08,115.68
2022-11-09,107.14
2022-11-10,99.23
2022-11-11,91.9
2022-11-12,85.3
2022-11-13,79.72
2022-11-14,75.21
2022-11-15,71.28
2022-11-16,67.55
2022-11-17,64.01
2022-11-18,60.94
2022-11-19,58.43
2022-11-20,56.28
2022-11-21,54.34
2022-11-22,52.7
2022-11-23,51.48
2022-11-24,50.4
2022-11-25,49.47
2022-11-26,48.77
2022-11-27,48.32
2022-11-28,47.87
2022-11-29,47.53
2022-11-30,47.08
2022-12-01,46.75
2022-12-02,46.32
2022-12-03,45.99
2022-12-04,45.56
2022-12-05,45.24
2022-12-06,44.92
2022-12-07,44.6
2022-12-08,44.29
2022-12-09,43.98
2022-12-10,43.67
2022-12-11,43.36
2022-12-12,42.95
2022-12-13,42.75
2022-12-14,42.45
2022-12-15,42.15
2022-12-16,41.85
2022-12-17,41.56
2022-12-18,41.36
2022-12-19,40.98
2022-12-20,40.69
2022-12-21,40.59
2022-12-22,40.4
2022-12-23,40.11
2022-12-24,39.83
2022-12-25,39.46
2022-12-26,39.36
2022-12-27,40.98
2022-12-28,48.32
2022-12-29,56.94
2022-12-30,56.81
2022-12-31,46.1
2023-01-01,43.06
2023-01-02,41.27
2023-01-03,40.02
2023-01-04,39.09
2023-01-05,38.45
2023-01-06,37.9
2023-01-07,37.55
2023-01-08,37.19
2023-01-09,36.84
2023-01-10,36.58
2023-01-11,36.24
2023-01-12,35.98
2023-01-13,35.73
2023-01-14,35.73
2023-01-15,35.56
2023-01-16,35.31
2023-01-17,35.06
2023-01-18,34.81
2023-01-19,34.48
2023-01-20,34.16
2023-01-21,33.83
2023-01-22,33.59
2023-01-23,33.28
2023-01-24,33.04
2023-01-25,32.81
2023-01-26,32.5
2023-01-27,32.27
2023-01-28,32.04
2023-01-29,31.73
2023-01-30,31.51
2023-01-31,31.21
2023-02-01,30.92
2023-02-02,30.77
2023-02-03,30.62
2023-02-04,30.33
2023-02-05,30.12
2023-02-06,30.05
2023-02-07,29.9
2023-02-08,29.76
2023-02-09,30.12
2023-02-10,30.33
2023-02-11,30.19
2023-02-12,30.62
2023-02-13,30.26
2023-02-14,29.41
2023-02-15,28.65
2023-02-16,28.31
2023-02-17,28.17
2023-02-18,27.84
2023-02-19,27.44
2023-02-20,27.12
2023-02-21,27.84
2023-02-22,35.56
2023-02-23,40.88
2023-02-24,40.5
2023-02-25,37.82
2023-02-26,34.97
2023-02-27,32.81
2023-02-28,31.36
2023-03-01,30.12
2023-03-02,28.99
2023-03-03,27.91
2023-03-04,27.18
2023-03-05,26.54
2023-03-06,26.16
2023-03-07,25.98
2023-03-08,25.73
2023-03-09,25.36
2023-03-10,25.0
2023-03-11,24.7
2023-03-12,24.41
2023-03-13,24.23
2023-03-14,24.0
2023-03-15,26.8
2023-03-16,29.55
2023-03-17,31.96
2023-03-18,30.84
2023-03-19,35.48
2023-03-20,51.36
2023-03-21,63.42
2023-03-22,64.61
2023-03-23,68.66
2023-03-24,65.07
2023-03-25,59.12
2023-03-26,60.52
2023-03-27,59.39
2023-03-28,58.16
2023-03-29,56.28
2023-03-30,54.59
2023-03-31,52.46
2023-04-01,61.09
2023-04-02,106.15
2023-04-03,126.06
2023-04-04,138.64
2023-04-05,133.59
2023-04-06,120.62
2023-04-07,106.4
2023-04-08,93.19
2023-04-09,82.56
2023-04-10,74.34
2023-04-11,67.87
2023-04-12,62.53
2023-04-13,57.88
2023-04-14,53.7
2023-04-15,50.05
2023-04-16,47.19
2023-04-17,45.24
2023-04-18,44.08
2023-04-19,43.57
2023-04-20,57.21
2023-04-21,62.68
2023-04-22,75.91
2023-04-23,81.04
2023-04-24,81.22
2023-04-25,77.7
2023-04-26,72.45
2023-04-27,67.55
2023-04-28,61.95
2023-04-29,57.75
2023-04-30,54.59
2023-05-01,63.27
2023-05-02,92.76
2023-05-03,93.62
2023-05-04,92.76
2023-05-05,91.47
2023-05-06,86.5
2023-05-07,79.35
2023-05-08,71.95
2023-05-09,65.53
2023-05-10,60.09
2023-05-11,55.89
2023-05-12,52.58
2023-05-13,49.58
2023-05-14,50.76
2023-05-15,74.86
2023-05-16,98.77
2023-05-17,125.77
2023-05-18,151.76
2023-05-19,155.68
2023-05-20,143.21
2023-05-21,142.88
2023-05-22,135.77
2023-05-23,124.31
2023-05-24,115.14
2023-05-25,111.2
2023-05-26,108.4
2023-05-27,104.2
2023-05-28,101.33
2023-05-29,96.27
2023-05-30,88.95
2023-05-31,82.18
2023-06-01,77.16
2023-06-02,73.13
2023-06-03,68.98
2023-06-04,64.92
2023-06-05,61.23
2023-06-06,58.57
2023-06-07,57.34
2023-06-08,57.08
2023-06-09,63.71
2023-06-10,254.86
2023-06-11,433.51
2023-06-12,387.15
2023-06-13,313.77
2023-06-14,274.42
2023-06-15,243.34
2023-06-16,270.64
2023-06-17,336.29
2023-06-18,427.55
2023-06-19,536.03
2023-06-20,492.17
2023-06-21,464.59
2023-06-22,440.57
2023-06-23,391.65
2023-06-24,367.13
2023-06-25,359.58
2023-06-26,343.35
2023-06-27,359.58
2023-06-28,370.54
2023-06-29,352.18
2023-06-30,327.85
2023-07-01,307.32
2023-07-02,318.15
2023-07-03,333.19
2023-07-04,350.56
2023-07-05,658.17
2023-07-06,811.83
2023-07-07,687.65
2023-07-08,597.41
2023-07-09,525.02
2023-07-10,494.45
2023-07-11,464.59
2023-07-12,451.9
2023-07-13,471.06
2023-07-14,453.99
2023-07-15,432.51
2023-07-16,427.55
2023-07-17,429.53
2023-07-18,407.32
2023-07-19,385.37
2023-07-20,447.75
2023-07-21,474.34
2023-07-22,475.43
2023-07-23,485.41
2023-07-24,462.45
2023-07-25,449.82
2023-07-26,457.14
2023-07-27,447.75
2023-07-28,428.54
2023-07-29,418.76
2023-07-30,413.0
2023-07-31,402.65
2023-08-01,385.37
2023-08-02,548.54
2023-08-03,601.56
2023-08-04,731.82
2023-08-05,575.77
2023-08-06,566.54
2023-08-07,828.85
2023-08-08,913.11
2023-08-09,752.36
2023-08-10,635.8
2023-08-11,597.41
2023-08-12,566.54
2023-08-13,558.76
2023-08-14,547.28
2023-08-15,509.5
2023-08-16,521.4
2023-08-17,638.73
2023-08-18,655.15
2023-08-19,617.02
2023-08-20,601.56
2023-08-21,493.31
2023-08-22,517.8
2023-08-23,614.18
2023-08-24,583.79
2023-08-25,585.14
2023-08-26,676.64
2023-08-27,793.33
2023-08-28,947.42
2023-08-29,793.33
2023-08-30,768.13
2023-08-31,769.9
2023-09-01,684.49
2023-09-02,637.26
2023-09-03,601.56
2023-09-04,562.64
2023-09-05,513.04
2023-09-06,483.17
2023-09-07,459.26
2023-09-08,477.63
2023-09-09,501.34
2023-09-10,514.23
2023-09-11,459.26
2023-09-12,484.29
2023-09-13,534.8
2023-09-14,489.91
2023-09-15,448.78
2023-09-16,431.51
2023-09-17,407.32
2023-09-18,371.39
2023-09-19,373.97
2023-09-20,456.09
2023-09-21,501.34
2023-09-22,533.56
2023-09-23,493.31
2023-09-24,451.9
2023-09-25,443.63
2023-09-26,416.83
2023-09-27,395.28
2023-09-28,359.58
2023-09-29,327.1
2023-09-30,316.69
2023-10-01,324.09
2023-10-02,348.14
2023-10-03,355.45
2023-10-04,388.05
2023-10-05,392.55
2023-10-06,398.02
2023-10-07,399.87
2023-10-08,482.06
2023-10-09,479.84
2023-10-10,371.39
2023-10-11,375.7
2023-10-12,348.14
2023-10-13,395.28
2023-10-14,366.28
2023-10-15,333.97
2023-10-16,314.5
2023-10-17,290.07
2023-10-18,269.4
2023-10-19,250.19
2023-10-20,236.68
2023-10-21,217.27
2023-10-22,200.84
2023-10-23,186.5
2023-10-24,171.98
2023-10-25,160.44
2023-10-26,152.82
2023-10-27,157.49
2023-10-28,157.85
2023-10-29,129.92
2023-10-30,120.62
2023-10-31,111.72
2023-11-01,102.99
2023-11-02,95.38
2023-11-03,87.72
2023-11-04,81.04
2023-11-05,75.56
2023-11-06,70.61
2023-11-07,66.3
2023-11-08,62.24
2023-11-09,58.57
2023-11-10,55.62
2023-11-11,53.33
2023-11-12,51.12
2023-11-13,49.23
2023-11-14,47.64
2023-11-15,46.32
2023-11-16,45.13
2023-11-17,44.19
2023-11-18,219.8
2023-11-19,438.54
2023-11-20,307.32
2023-11-21,310.17
2023-11-22,236.68
2023-11-23,190.87
2023-11-24,158.96
2023-11-25,135.46
2023-11-26,117.03
2023-11-27,102.51
2023-11-28,90.41
2023-11-29,80.47
2023-11-30,72.11
2023-12-01,65.37
2023-12-02,60.09
2023-12-03,55.75
2023-12-04,52.58
2023-12-05,50.17
2023-12-06,48.32
2023-12-07,46.97
2023-12-08,49.93
2023-12-09,75.21
2023-12-10,111.2
2023-12-11,102.28
2023-12-12,90.83
2023-12-13,79.54
2023-12-14,70.78
2023-12-15,64.61
2023-12-16,61.66
2023-12-17,56.68
2023-12-18,52.33
2023-12-19,49.0
2023-12-20,46.53
2023-12-21,44.81
2023-12-22,43.57
2023-12-23,42.75
2023-12-24,42.15
2023-12-25,41.95
2023-12-26,43.46
2023-12-27,42.75
2023-12-28,42.05
2023-12-29,40.98
2023-12-30,40.21
2023-12-31,39.83
2024-01-01,39.36
2024-01-02,39.09
2024-01-03,38.72
2024-01-04,38.36
2024-01-05,37.99
2024-01-06,37.73
2024-01-07,37.37
2024-01-08,37.11
2024-01-09,36.76
2024-01-10,36.5
2024-01-11,36.15
2024-01-12,35.9
2024-01-13,35.56
2024-01-14,35.22
2024-01-15,34.97
2024-01-16,34.73
2024-01-17,34.65
2024-01-18,34.56
2024-01-19,34.89
2024-01-20,34.4
2024-01-21,33.91
2024-01-22,33.59
2024-01-23,33.28
2024-01-24,32.96
2024-01-25,32.73
2024-01-26,32.5
2024-01-27,32.42
2024-01-28,32.34
2024-01-29,32.19
2024-01-30,31.89
2024-01-31,31.58
2024-02-01,31.36
2024-02-02,31.51
2024-02-03,32.88
2024-02-04,35.73
2024-02-05,39.55
2024-02-06,38.45
2024-02-07,38.99
2024-02-08,43.46
2024-02-09,43.77
2024-02-10,41.56
2024-02-11,37.19
2024-02-12,33.75
2024-02-13,31.58
2024-02-14,30.41
2024-02-15,29.76
2024-02-16,29.34
2024-02-17,29.55
2024-02-18,28.99
2024-02-19,29.2
2024-02-20,28.65
2024-02-21,28.65
2024-02-22,28.79
2024-02-23,35.73
2024-02-24,44.71
2024-02-25,46.64
2024-02-26,48.32
2024-02-27,43.98
2024-02-28,39.93
2024-02-29,36.33
2024-03-01,33.43
2024-03-02,31.43
2024-03-03,30.05
2024-03-04,29.06
2024-03-05,28.79
2024-03-06,28.65
2024-03-07,27.71
2024-03-08,27.44
2024-03-09,27.18
2024-03-10,26.86
2024-03-11,26.67
2024-03-12,26.35
2024-03-13,26.04
2024-03-14,25.85
2024-03-15,25.61
2024-03-16,25.36
2024-03-17,25.49
2024-03-18,25.24
2024-03-19,24.94
2024-03-20,24.7
2024-03-21,24.59
2024-03-22,26.93
2024-03-23,37.19
2024-03-24,37.19
2024-03-25,47.08
2024-03-26,40.69
2024-03-27,40.78
2024-03-28,44.19
2024-03-29,55.23
2024-03-30,52.46
2024-03-31,53.7
2024-04-01,77.34
2024-04-02,114.08
2024-04-03,86.7
2024-04-04,75.74
2024-04-05,77.89
2024-04-06,84.31
2024-04-07,85.1
2024-04-08,93.62
2024-04-09,81.41
2024-04-10,72.11
2024-04-11,65.68
2024-04-12,60.66
2024-04-13,56.68
2024-04-14,53.45
2024-04-15,48.89
2024-04-16,45.88
2024-04-17,44.71
2024-04-18,47.64
2024-04-19,59.12
2024-04-20,185.64
2024-04-21,658.17
2024-04-22,721.77
2024-04-23,297.54
2024-04-24,228.61
2024-04-25,186.93
2024-04-26,157.85
2024-04-27,140.91
2024-04-28,138.64
2024-04-29,138.64
2024-04-30,136.72
2024-05-01,215.77
2024-05-02,240.55
2024-05-03,223.91
2024-05-04,194.43
2024-05-05,174.79
2024-05-06,212.3
2024-05-07,276.33
2024-05-08,313.05
2024-05-09,266.92
2024-05-10,238.33
2024-05-11,250.19
2024-05-12,243.34
2024-05-13,218.28
2024-05-14,212.3
2024-05-15,195.79
2024-05-16,181.81
2024-05-17,170.4
2024-05-18,161.18
2024-05-19,216.77
2024-05-20,264.46
2024-05-21,241.1
2024-05-22,215.77
2024-05-23,203.64
2024-05-24,188.67
2024-05-25,180.55
2024-05-26,179.3
2024-05-27,250.19
2024-05-28,260.22
2024-05-29,1260.83
2024-05-30,1454.46
2024-05-31,789.68
2024-06-01,615.59
2024-06-02,541.0
2024-06-03,474.34
2024-06-04,437.53
2024-06-05,414.91
2024-06-06,456.09
2024-06-07,409.2
2024-06-08,369.68
2024-06-09,340.19
2024-06-10,323.34
2024-06-11,305.9
2024-06-12,308.74
2024-06-13,321.11
2024-06-14,469.98
2024-06-15,640.21
2024-06-16,423.62
2024-06-17,459.26
2024-06-18,504.82
2024-06-19,742.02
2024-06-20,1087.93
2024-06-21,978.49
2024-06-22,809.96
2024-06-23,752.36
2024-06-24,697.23
2024-06-25,681.34
2024-06-26,656.66
2024-06-27,637.26
2024-06-28,806.24
2024-06-29,886.16
2024-06-30,1053.39
2024-07-01,1155.11
2024-07-02,2516.68
2024-07-03,2482.13
2024-07-04,1810.34
2024-07-05,1551.39
2024-07-06,1547.82
2024-07-07,1467.93
2024-07-08,1451.11
2024-07-09,1332.52
2024-07-10,1209.6
2024-07-11,1126.2
2024-07-12,1100.54
2024-07-13,1121.02
2024-07-14,1012.91
2024-07-15,992.12
2024-07-16,1063.14
2024-07-17,1015.25
2024-07-18,945.24
2024-07-19,1010.58
2024-07-20,1027.02
2024-07-21,973.99
2024-07-22,983.01
2024-07-23,943.06
2024-07-24,921.57
2024-07-25,902.65
2024-07-26,888.2
2024-07-27,938.72
2024-07-28,861.98
2024-07-29,809.96
2024-07-30,886.16
2024-07-31,898.5
2024-08-01,1252.14
2024-08-02,1354.19
2024-08-03,1220.8
2024-08-04,1192.99
2024-08-05,1269.57
2024-08-06,1229.27
2024-08-07,1182.04
2024-08-08,1305.17
2024-08-09,1284.29
2024-08-10,1168.5
2024-08-11,1144.51
2024-08-12,1388.95
2024-08-13,1379.38
2024-08-14,1113.29
2024-08-15,1110.73
2024-08-16,1053.39
2024-08-17,1034.14
2024-08-18,1022.29
2024-08-19,1317.26
2024-08-20,1382.57
2024-08-21,1720.87
2024-08-22,1848.27
2024-08-23,1587.55
2024-08-24,1647.16
2024-08-25,1474.71
2024-08-26,1354.19
2024-08-27,1257.93
2024-08-28,1252.14
2024-08-29,1201.26
2024-08-30,1157.78
2024-08-31,1015.25
2024-09-01,960.61
2024-09-02,951.8
2024-09-03,1192.99
2024-09-04,1110.73
2024-09-05,1046.13
2024-09-06,1003.62
2024-09-07,965.05
2024-09-08,908.91
2024-09-09,894.36
2024-09-10,858.01
2024-09-11,834.6
2024-09-12,834.6
2024-09-13,793.33
2024-09-14,738.61
2024-09-15,671.98
2024-09-16,638.73
2024-09-17,609.94
2024-09-18,570.48
2024-09-19,548.54
2024-09-20,523.81
2024-09-21,488.78
2024-09-22,458.2
2024-09-23,428.54
2024-09-24,413.95
2024-09-25,402.65
2024-09-26,541.0
2024-09-27,566.54
2024-09-28,668.88
2024-09-29,590.56
2024-09-30,557.47
2024-10-01,525.02
2024-10-02,467.81
2024-10-03,505.99
2024-10-04,723.44
2024-10-05,809.96
2024-10-06,629.96
2024-10-07,637.26
2024-10-08,565.24
2024-10-09,529.88
2024-10-10,522.6
2024-10-11,494.45
2024-10-12,452.94
2024-10-13,425.58
2024-10-14,401.72
2024-10-15,371.39
2024-10-16,358.75
2024-10-17,356.27
2024-10-18,329.37
2024-10-19,306.61
2024-10-20,294.12
2024-10-21,259.62
2024-10-22,241.1
2024-10-23,224.42
2024-10-24,214.28
2024-10-25,213.78
2024-10-26,256.63
2024-10-27,284.1
2024-10-28,256.63
2024-10-29,232.35
2024-10-30,211.81
2024-10-31,197.61
2024-11-01,183.93
2024-11-02,168.43
2024-11-03,156.04
2024-11-04,143.21
2024-11-05,134.52
2024-11-06,124.89
2024-11-07,117.58
2024-11-08,128.42
2024-11-09,125.47
2024-11-10,119.23
2024-11-11,109.92
2024-11-12,101.09
2024-11-13,93.62
2024-11-14,86.9
2024-11-15,81.22
2024-11-16,79.54
2024-11-17,74.68
2024-11-18,70.45
2024-11-19,66.76
2024-11-20,63.86
2024-11-21,61.09
2024-11-22,58.7
2024-11-23,57.21
2024-11-24,57.08
2024-11-25,57.61
2024-11-26,56.54
2024-11-27,54.85
2024-11-28,53.45
2024-11-29,52.33
2024-11-30,51.0
2024-12-01,50.05
2024-12-02,49.12
2024-12-03,48.32
2024-12-04,47.64
2024-12-05,47.08
2024-12-06,46.75
2024-12-07,46.53
2024-12-08,46.42
2024-12-09,46.21
2024-12-10,45.88
2024-12-11,45.45
2024-12-12,45.24
2024-12-13,44.92
2024-12-14,44.6
2024-12-15,44.29
2024-12-16,43.98
2024-12-17,43.67
2024-12-18,43.36
2024-12-19,43.06
2024-12-20,42.75
2024-12-21,42.45
2024-12-22,42.15
2024-12-23,41.85
2024-12-24,41.56
2024-12-25,41.27
2024-12-26,40.98
2024-12-27,40.69
2024-12-28,40.4
2024-12-29,40.11
2024-12-30,39.83
2024-12-31,39.55
2025-01-01,39.27
2025-01-02,38.99
2025-01-03,38.72
2025-01-04,38.45
2025-01-05,38.08
2025-01-06,37.82
2025-01-07,37.46
2025-01-08,39.55
2025-01-09,45.45
2025-01-10,47.64
2025-01-11,44.6
2025-01-12,41.36
2025-01-13,39.18
2025-01-14,37.9
2025-01-15,36.15
2025-01-16,35.98
2025-01-17,35.64
2025-01-18,35.22
2025-01-19,34.89
2025-01-20,34.65
2025-01-21,34.32
2025-01-22,33.99
2025-01-23,33.75
2025-01-24,33.43
2025-01-25,33.28
2025-01-26,33.04
2025-01-27,32.81
2025-01-28,32.57
2025-01-29,32.34
2025-01-30,32.19
2025-01-31,32.11
2025-02-01,32.42
2025-02-02,32.73
2025-02-03,33.04
2025-02-04,32.65
2025-02-05,32.42
2025-02-06,31.89
2025-02-07,31.43
2025-02-08,30.84
2025-02-09,29.97
2025-02-10,29.41
2025-02-11,28.99
2025-02-12,28.72
2025-02-13,29.06
2025-02-14,29.06
2025-02-15,29.55
2025-02-16,30.26
2025-02-17,29.13
2025-02-18,28.51
2025-02-19,28.38
2025-02-20,29.69
2025-02-21,28.51
2025-02-22,27.97
2025-02-23,27.77
2025-02-24,27.38
2025-02-25,28.24
2025-02-26,28.99
2025-02-27,28.58
2025-02-28,27.51
2025-03-01,26.93
2025-03-02,33.12
2025-03-03,37.28
2025-03-04,39.27
2025-03-05,37.99
2025-03-06,34.4
2025-03-07,31.14
2025-03-08,29.27
2025-03-09,27.77
2025-03-10,26.86
2025-03-11,26.1
2025-03-12,25.55
2025-03-13,26.42
2025-03-14,113.02
2025-03-15,149.66
2025-03-16,92.76
2025-03-17,104.44
2025-03-18,91.26
2025-03-19,85.1
2025-03-20,72.79
2025-03-21,64.77
2025-03-22,58.16
2025-03-23,52.83
2025-03-24,53.58
2025-03-25,56.81
2025-03-26,52.46
2025-03-27,47.98
2025-03-28,44.08
2025-03-29,40.69
2025-03-30,37.9
2025-03-31,36.07
2025-04-01,33.99
2025-04-02,32.19
2025-04-03,30.7
2025-04-04,29.69
2025-04-05,28.72
2025-04-06,27.58
2025-04-07,27.25
2025-04-08,28.51
2025-04-09,28.17
2025-04-10,27.05
2025-04-11,27.64
2025-04-12,28.85
2025-04-13,31.66
2025-04-14,29.9
2025-04-15,29.62
2025-04-16,30.48
2025-04-17,30.92
2025-04-18,42.45
2025-04-19,52.95
2025-04-20,51.12
2025-04-21,48.89
2025-04-22,56.28
2025-04-23,74.16
2025-04-24,66.92
2025-04-25,64.16
2025-04-26,89.57
2025-04-27,78.07
2025-04-28,77.52
2025-04-29,75.03
2025-04-30,73.13
2025-05-01,84.9
2025-05-02,81.22
2025-05-03,80.66
2025-05-04,95.16
2025-05-05,96.5
2025-05-06,89.99
2025-05-07,94.06
2025-05-08,85.3
2025-05-09,87.92
2025-05-10,92.76
2025-05-11,84.11
2025-05-12,85.1
2025-05-13,113.29
2025-05-14,128.12
2025-05-15,91.9
2025-05-16,114.61
2025-05-17,107.14
2025-05-18,117.3
2025-05-19,136.72
2025-05-20,149.66
2025-05-21,179.72
2025-05-22,195.79
2025-05-23,187.8
2025-05-24,175.2
2025-05-25,163.06
2025-05-26,202.24
2025-05-27,287.4
2025-05-28,308.03
2025-05-29,343.35
2025-05-30,521.4
2025-05-31,1724.84
2025-06-01,1712.96
2025-06-02,1139.25
2025-06-03,1043.72
2025-06-04,858.01
2025-06-05,804.38
2025-06-06,702.07
2025-06-07,618.44
2025-06-08,566.54
2025-06-09,519.0
2025-06-10,478.73
2025-06-11,447.75
2025-06-12,419.73
2025-06-13,398.02
2025-06-14,389.84
2025-06-15,377.44
2025-06-16,373.97
2025-06-17,461.38
2025-06-18,546.02
2025-06-19,497.88
2025-06-20,640.21
2025-06-21,600.17
2025-06-22,607.13
2025-06-23,665.81
2025-06-24,690.83
2025-06-25,828.85
2025-06-26,825.04
2025-06-27,773.46
2025-06-28,686.07
2025-06-29,631.41
2025-06-30,605.74
2025-07-01,650.63
2025-07-02,815.58
2025-07-03,856.04
2025-07-04,793.33
2025-07-05,804.38
2025-07-06,987.55
2025-07-07,1113.29
2025-07-08,1046.13
2025-07-09,1034.14
2025-07-10,1027.02
2025-07-11,947.42
2025-07-12,840.4
2025-07-13,769.9
2025-07-14,757.58
2025-07-15,778.83
2025-07-16,730.14
2025-07-17,731.82
2025-07-18,671.98
2025-07-19,617.02
2025-07-20,601.56
2025-07-21,597.41
2025-07-22,575.77
2025-07-23,522.6
2025-07-24,539.75
2025-07-25,562.64
2025-07-26,566.54
2025-07-27,570.48
2025-07-28,668.88
2025-07-29,938.72
2025-07-30,1272.5
2025-07-31,962.83
2025-08-01,878.02
2025-08-02,764.6
2025-08-03,721.77
2025-08-04,708.58
2025-08-05,721.77
2025-08-06,687.65
2025-08-07,689.24
2025-08-08,667.34
2025-08-09,700.46
2025-08-10,598.79
2025-08-11,565.24
2025-08-12,596.04
2025-08-13,869.96
2025-08-14,852.1
2025-08-15,710.21
2025-08-16,681.34
2025-08-17,664.27
2025-08-18,631.41
2025-08-19,638.73
2025-08-20,611.35
2025-08-21,596.04
2025-08-22,567.85
2025-08-23,558.76
2025-08-24,652.13
2025-08-25,689.24
2025-08-26,702.07
2025-08-27,673.53
2025-08-28,631.41
2025-08-29,678.2
2025-08-30,919.45
2025-08-31,932.25
2025-09-01,800.68
2025-09-02,694.02
2025-09-03,668.88
2025-09-04,725.11
2025-09-05,745.45
2025-09-06,622.73
2025-09-07,600.17
2025-09-08,577.1
2025-09-09,565.24
2025-09-10,566.54
2025-09-11,558.76
2025-09-12,590.56
2025-09-13,596.04
2025-09-14,618.44
2025-09-15,698.84
2025-09-16,804.38
2025-09-17,733.51
2025-09-18,890.25
2025-09-19,802.53
2025-09-20,777.04
2025-09-21,738.61
2025-09-22,667.34
2025-09-23,665.81
2025-09-24,748.89
2025-09-25,762.84
2025-09-26,644.65
2025-09-27,640.21
2025-09-28,628.51
2025-09-29,548.54
2025-09-30,501.34
