,0
1997-01-01,47.19
1997-01-02,46.86
1997-01-03,46.53
1997-01-04,46.1
1997-01-05,45.67
1997-01-06,45.34
1997-01-07,45.03
1997-01-08,44.71
1997-01-09,44.39
1997-01-10,44.08
1997-01-11,43.77
1997-01-12,43.46
1997-01-13,43.16
1997-01-14,42.85
1997-01-15,42.55
1997-01-16,42.25
1997-01-17,42.05
1997-01-18,42.45
1997-01-19,42.95
1997-01-20,42.45
1997-01-21,42.85
1997-01-22,45.34
1997-01-23,47.64
1997-01-24,47.64
1997-01-25,45.88
1997-01-26,44.39
1997-01-27,43.06
1997-01-28,41.85
1997-01-29,40.98
1997-01-30,40.5
1997-01-31,40.21
1997-02-01,39.93
1997-02-02,40.59
1997-02-03,43.26
1997-02-04,47.19
1997-02-05,51.97
1997-02-06,54.46
1997-02-07,54.34
1997-02-08,54.34
1997-02-09,53.95
1997-02-10,52.95
1997-02-11,51.24
1997-02-12,49.7
1997-02-13,49.35
1997-02-14,49.23
1997-02-15,47.75
1997-02-16,45.99
1997-02-17,44.29
1997-02-18,42.85
1997-02-19,42.05
1997-02-20,45.56
1997-02-21,55.23
1997-02-22,60.38
1997-02-23,59.12
1997-02-24,57.61
1997-02-25,55.75
1997-02-26,52.7
1997-02-27,50.88
1997-02-28,52.7
1997-03-01,57.88
1997-03-02,60.24
1997-03-03,57.48
1997-03-04,53.95
1997-03-05,50.88
1997-03-06,48.43
1997-03-07,46.32
1997-03-08,44.39
1997-03-09,42.65
1997-03-10,41.07
1997-03-11,40.21
1997-03-12,40.98
1997-03-13,40.59
1997-03-14,39.64
1997-03-15,39.64
1997-03-16,41.27
1997-03-17,43.77
1997-03-18,43.98
1997-03-19,42.65
1997-03-20,41.56
1997-03-21,40.78
1997-03-22,41.07
1997-03-23,41.17
1997-03-24,40.5
1997-03-25,40.02
1997-03-26,40.78
1997-03-27,42.75
1997-03-28,43.87
1997-03-29,43.57
1997-03-30,48.66
1997-03-31,63.71
1997-04-01,74.34
1997-04-02,76.8
1997-04-03,74.16
1997-04-04,73.99
1997-04-05,83.33
1997-04-06,88.54
1997-04-07,89.16
1997-04-08,92.33
1997-04-09,95.16
1997-04-10,93.19
1997-04-11,89.16
1997-04-12,91.26
1997-04-13,96.05
1997-04-14,97.17
1997-04-15,92.97
1997-04-16,89.36
1997-04-17,89.57
1997-04-18,90.62
1997-04-19,86.7
1997-04-20,81.99
1997-04-21,79.35
1997-04-22,78.8
1997-04-23,78.8
1997-04-24,78.98
1997-04-25,79.91
1997-04-26,77.89
1997-04-27,75.91
1997-04-28,74.16
1997-04-29,71.78
1997-04-30,70.94
1997-05-01,71.95
1997-05-02,71.78
1997-05-03,72.11
1997-05-04,77.34
1997-05-05,81.6
1997-05-06,81.6
1997-05-07,79.35
1997-05-08,76.98
1997-05-09,75.03
1997-05-10,74.86
1997-05-11,73.64
1997-05-12,70.45
1997-05-13,70.78
1997-05-14,81.22
1997-05-15,89.99
1997-05-16,89.16
1997-05-17,84.11
1997-05-18,80.28
1997-05-19,260.82
1997-05-20,562.64
1997-05-21,445.68
1997-05-22,335.51
1997-05-23,273.16
1997-05-24,247.31
1997-05-25,244.47
1997-05-26,241.66
1997-05-27,233.42
1997-05-28,275.69
1997-05-29,334.74
1997-05-30,320.37
1997-05-31,303.79
1997-06-01,284.76
1997-06-02,261.42
1997-06-03,241.1
1997-06-04,224.94
1997-06-05,213.29
1997-06-06,204.12
1997-06-07,196.7
1997-06-08,191.75
1997-06-09,187.8
1997-06-10,180.55
1997-06-11,174.39
1997-06-12,179.72
1997-06-13,189.99
1997-06-14,191.75
1997-06-15,249.61
1997-06-16,269.4
1997-06-17,264.46
1997-06-18,252.51
1997-06-19,266.92
1997-06-20,333.97
1997-06-21,335.51
1997-06-22,300.3
1997-06-23,271.27
1997-06-24,258.42
1997-06-25,280.19
1997-06-26,331.66
1997-06-27,367.13
1997-06-28,373.97
1997-06-29,352.18
1997-06-30,330.89
1997-07-01,318.89
1997-07-02,303.09
1997-07-03,284.76
1997-07-04,313.77
1997-07-05,348.14
1997-07-06,388.94
1997-07-07,380.94
1997-07-08,368.83
1997-07-09,517.8
1997-07-10,1187.5
1997-07-11,1654.77
1997-07-12,1388.95
1997-07-13,1179.32
1997-07-14,1141.88
1997-07-15,1031.76
1997-07-16,894.36
1997-07-17,804.38
1997-07-18,745.45
1997-07-19,694.02
1997-07-20,647.63
1997-07-21,615.59
1997-07-22,590.56
1997-07-23,561.34
1997-07-24,537.27
1997-07-25,522.6
1997-07-26,522.6
1997-07-27,536.03
1997-07-28,532.33
1997-07-29,516.61
1997-07-30,502.5
1997-07-31,492.17
1997-08-01,474.34
1997-08-02,452.94
1997-08-03,433.51
1997-08-04,426.56
1997-08-05,426.56
1997-08-06,428.54
1997-08-07,420.7
1997-08-08,404.51
1997-08-09,825.04
1997-08-10,1376.21
1997-08-11,1773.19
1997-08-12,2392.32
1997-08-13,2300.44
1997-08-14,1797.87
1997-08-15,1427.89
1997-08-16,1190.24
1997-08-17,1053.39
1997-08-18,965.05
1997-08-19,906.82
1997-08-20,858.01
1997-08-21,821.24
1997-08-22,777.04
1997-08-23,733.51
1997-08-24,690.83
1997-08-25,646.14
1997-08-26,609.94
1997-08-27,578.43
1997-08-28,548.54
1997-08-29,533.56
1997-08-30,543.5
1997-08-31,586.49
1997-09-01,575.77
1997-09-02,541.0
1997-09-03,508.33
1997-09-04,494.45
1997-09-05,532.33
1997-09-06,570.48
1997-09-07,551.08
1997-09-08,517.8
1997-09-09,485.41
1997-09-10,459.26
1997-09-11,444.66
1997-09-12,445.68
1997-09-13,469.98
1997-09-14,487.65
1997-09-15,480.95
1997-09-16,463.52
1997-09-17,445.68
1997-09-18,439.55
1997-09-19,440.57
1997-09-20,430.52
1997-09-21,431.51
1997-09-22,474.34
1997-09-23,504.82
1997-09-24,509.5
1997-09-25,501.34
1997-09-26,553.63
1997-09-27,1121.02
1997-09-28,1305.17
1997-09-29,1041.32
1997-09-30,873.98
1997-10-01,775.25
1997-10-02,700.46
1997-10-03,641.69
1997-10-04,590.56
1997-10-05,544.76
1997-10-06,503.66
1997-10-07,465.66
1997-10-08,443.63
1997-10-09,438.54
1997-10-10,433.51
1997-10-11,414.91
1997-10-12,389.84
1997-10-13,365.44
1997-10-14,343.35
1997-10-15,324.84
1997-10-16,305.9
1997-10-17,286.08
1997-10-18,266.3
1997-10-19,248.46
1997-10-20,232.35
1997-10-21,215.77
1997-10-22,200.37
1997-10-23,187.36
1997-10-24,175.6
1997-10-25,162.68
1997-10-26,153.53
1997-10-27,145.22
1997-10-28,134.83
1997-10-29,124.6
1997-10-30,115.41
1997-10-31,107.14
1997-11-01,99.93
1997-11-02,94.06
1997-11-03,89.16
1997-11-04,84.11
1997-11-05,78.98
1997-11-06,74.68
1997-11-07,71.11
1997-11-08,68.02
1997-11-09,65.83
1997-11-10,65.68
1997-11-11,66.76
1997-11-12,68.66
1997-11-13,70.61
1997-11-14,70.45
1997-11-15,69.96
1997-11-16,67.71
1997-11-17,65.37
1997-11-18,62.83
1997-11-19,60.52
1997-11-20,58.57
1997-11-21,56.94
1997-11-22,55.89
1997-11-23,54.59
1997-11-24,53.2
1997-11-25,52.09
1997-11-26,51.24
1997-11-27,50.52
1997-11-28,49.82
1997-11-29,49.23
1997-11-30,48.77
1997-12-01,48.09
1997-12-02,47.64
1997-12-03,47.42
1997-12-04,47.31
1997-12-05,46.86
1997-12-06,46.42
1997-12-07,46.1
1997-12-08,45.77
1997-12-09,45.45
1997-12-10,45.67
1997-12-11,47.53
1997-12-12,51.12
1997-12-13,51.24
1997-12-14,51.12
1997-12-15,53.83
1997-12-16,56.28
1997-12-17,54.34
1997-12-18,51.0
1997-12-19,48.32
1997-12-20,46.42
1997-12-21,45.13
1997-12-22,44.19
1997-12-23,43.67
1997-12-24,43.16
1997-12-25,42.75
1997-12-26,42.35
1997-12-27,42.05
1997-12-28,41.66
1997-12-29,41.36
1997-12-30,40.98
1997-12-31,40.59
1998-01-01,40.3
1998-01-02,40.11
1998-01-03,39.74
1998-01-04,39.36
1998-01-05,38.99
1998-01-06,38.72
1998-01-07,38.36
1998-01-08,38.08
1998-01-09,37.73
1998-01-10,37.46
1998-01-11,37.19
1998-01-12,36.93
1998-01-13,36.67
1998-01-14,36.5
1998-01-15,36.33
1998-01-16,36.07
1998-01-17,35.73
1998-01-18,35.48
1998-01-19,35.22
1998-01-20,34.97
1998-01-21,34.81
1998-01-22,34.89
1998-01-23,35.14
1998-01-24,34.89
1998-01-25,34.4
1998-01-26,33.91
1998-01-27,33.51
1998-01-28,33.2
1998-01-29,32.96
1998-01-30,32.65
1998-01-31,32.57
1998-02-01,32.96
1998-02-02,33.2
1998-02-03,32.65
1998-02-04,32.04
1998-02-05,31.66
1998-02-06,31.51
1998-02-07,31.14
1998-02-08,30.33
1998-02-09,29.62
1998-02-10,29.13
1998-02-11,28.79
1998-02-12,28.38
1998-02-13,28.11
1998-02-14,27.77
1998-02-15,27.51
1998-02-16,27.31
1998-02-17,27.44
1998-02-18,28.24
1998-02-19,29.83
1998-02-20,31.28
1998-02-21,31.21
1998-02-22,30.33
1998-02-23,29.27
1998-02-24,28.44
1998-02-25,27.71
1998-02-26,27.12
1998-02-27,27.31
1998-02-28,28.51
1998-03-01,28.65
1998-03-02,27.91
1998-03-03,27.18
1998-03-04,26.54
1998-03-05,26.1
1998-03-06,25.79
1998-03-07,26.61
1998-03-08,29.55
1998-03-09,32.34
1998-03-10,31.51
1998-03-11,29.06
1998-03-12,27.18
1998-03-13,26.1
1998-03-14,25.61
1998-03-15,25.55
1998-03-16,25.92
1998-03-17,25.61
1998-03-18,24.76
1998-03-19,24.29
1998-03-20,24.06
1998-03-21,24.12
1998-03-22,27.25
1998-03-23,36.33
1998-03-24,45.24
1998-03-25,48.66
1998-03-26,47.08
1998-03-27,43.67
1998-03-28,40.11
1998-03-29,36.15
1998-03-30,38.08
1998-03-31,44.81
1998-04-01,48.55
1998-04-02,47.08
1998-04-03,42.25
1998-04-04,37.02
1998-04-05,33.43
1998-04-06,32.73
1998-04-07,35.81
1998-04-08,39.55
1998-04-09,40.02
1998-04-10,40.98
1998-04-11,56.02
1998-04-12,67.39
1998-04-13,59.67
1998-04-14,51.24
1998-04-15,45.56
1998-04-16,43.46
1998-04-17,48.77
1998-04-18,56.68
1998-04-19,62.39
1998-04-20,144.88
1998-04-21,768.13
1998-04-22,1302.17
1998-04-23,1160.45
1998-04-24,842.34
1998-04-25,575.77
1998-04-26,455.04
1998-04-27,390.74
1998-04-28,371.39
1998-04-29,358.75
1998-04-30,348.14
1998-05-01,351.37
1998-05-02,346.54
1998-05-03,330.13
1998-05-04,310.17
1998-05-05,294.12
1998-05-06,286.74
1998-05-07,299.61
1998-05-08,310.89
1998-05-09,302.39
1998-05-10,286.08
1998-05-11,274.42
1998-05-12,263.85
1998-05-13,247.31
1998-05-14,228.61
1998-05-15,223.91
1998-05-16,229.67
1998-05-17,220.31
1998-05-18,201.3
1998-05-19,185.21
1998-05-20,938.72
1998-05-21,1427.89
1998-05-22,978.49
1998-05-23,664.27
1998-05-24,582.45
1998-05-25,510.68
1998-05-26,469.98
1998-05-27,463.52
1998-05-28,422.64
1998-05-29,392.55
1998-05-30,367.98
1998-05-31,351.37
1998-06-01,347.34
1998-06-02,422.64
1998-06-03,543.5
1998-06-04,563.94
1998-06-05,516.61
1998-06-06,556.19
1998-06-07,1223.62
1998-06-08,1613.36
1998-06-09,1572.98
1998-06-10,2222.31
1998-06-11,2258.44
1998-06-12,1822.9
1998-06-13,1401.81
1998-06-14,1141.88
1998-06-15,1010.58
1998-06-16,930.11
1998-06-17,871.97
1998-06-18,819.35
1998-06-19,777.04
1998-06-20,743.73
1998-06-21,786.05
1998-06-22,842.34
1998-06-23,784.24
1998-06-24,733.51
1998-06-25,679.77
1998-06-26,634.33
1998-06-27,618.44
1998-06-28,617.02
1998-06-29,611.35
1998-06-30,628.51
1998-07-01,766.36
1998-07-02,809.96
1998-07-03,750.62
1998-07-04,684.49
1998-07-05,632.87
1998-07-06,591.93
1998-07-07,552.35
1998-07-08,514.23
1998-07-09,480.95
1998-07-10,475.43
1998-07-11,491.04
1998-07-12,477.63
1998-07-13,455.04
1998-07-14,464.59
1998-07-15,520.19
1998-07-16,561.34
1998-07-17,692.43
1998-07-18,821.24
1998-07-19,809.96
1998-07-20,761.08
1998-07-21,761.08
1998-07-22,894.36
1998-07-23,1048.54
1998-07-24,987.55
1998-07-25,863.97
1998-07-26,773.46
1998-07-27,713.5
1998-07-28,673.53
1998-07-29,667.34
1998-07-30,661.22
1998-07-31,622.73
1998-08-01,581.1
1998-08-02,586.49
1998-08-03,615.59
1998-08-04,596.04
1998-08-05,548.54
1998-08-06,504.82
1998-08-07,471.06
1998-08-08,462.45
1998-08-09,464.59
1998-08-10,463.52
1998-08-11,483.17
1998-08-12,478.73
1998-08-13,456.09
1998-08-14,444.66
1998-08-15,444.66
1998-08-16,444.66
1998-08-17,671.98
1998-08-18,736.9
1998-08-19,641.69
1998-08-20,579.76
1998-08-21,527.45
1998-08-22,501.34
1998-08-23,487.65
1998-08-24,768.13
1998-08-25,1351.07
1998-08-26,1329.45
1998-08-27,1046.13
1998-08-28,869.96
1998-08-29,773.46
1998-08-30,718.45
1998-08-31,686.07
1998-09-01,665.81
1998-09-02,624.17
1998-09-03,596.04
1998-09-04,574.44
1998-09-05,706.95
1998-09-06,771.68
1998-09-07,692.43
1998-09-08,612.76
1998-09-09,552.35
1998-09-10,509.5
1998-09-11,474.34
1998-09-12,445.68
1998-09-13,419.73
1998-09-14,397.11
1998-09-15,376.57
1998-09-16,471.06
1998-09-17,605.74
1998-09-18,549.81
1998-09-19,479.84
1998-09-20,449.82
1998-09-21,427.55
1998-09-22,402.65
1998-09-23,373.97
1998-09-24,350.56
1998-09-25,337.06
1998-09-26,325.59
1998-09-27,313.77
1998-09-28,311.61
1998-09-29,309.46
1998-09-30,294.8
1998-10-01,275.69
1998-10-02,259.62
1998-10-03,253.68
1998-10-04,262.03
1998-10-05,259.62
1998-10-06,243.91
1998-10-07,223.91
1998-10-08,206.01
1998-10-09,190.87
1998-10-10,177.65
1998-10-11,166.11
1998-10-12,157.49
1998-10-13,150.71
1998-10-14,144.88
1998-10-15,140.25
1998-10-16,135.14
1998-10-17,131.74
1998-10-18,140.91
1998-10-19,157.12
1998-10-20,161.55
1998-10-21,163.44
1998-10-22,161.18
1998-10-23,152.46
1998-10-24,141.89
1998-10-25,131.74
1998-10-26,123.17
1998-10-27,116.22
1998-10-28,110.17
1998-10-29,104.2
1998-10-30,98.08
1998-10-31,91.9
1998-11-01,86.3
1998-11-02,81.99
1998-11-03,77.89
1998-11-04,73.64
1998-11-05,69.47
1998-11-06,65.83
1998-11-07,62.68
1998-11-08,59.95
1998-11-09,57.75
1998-11-10,56.02
1998-11-11,55.49
1998-11-12,56.54
1998-11-13,56.41
1998-11-14,54.59
1998-11-15,52.46
1998-11-16,50.88
1998-11-17,49.58
1998-11-18,48.66
1998-11-19,47.87
1998-11-20,47.19
1998-11-21,46.75
1998-11-22,50.29
1998-11-23,1701.16
1998-11-24,2332.46
1998-11-25,1305.17
1998-11-26,769.9
1998-11-27,553.63
1998-11-28,435.52
1998-11-29,360.41
1998-11-30,307.32
1998-12-01,267.53
1998-12-02,236.14
1998-12-03,209.86
1998-12-04,187.36
1998-12-05,167.66
1998-12-06,150.36
1998-12-07,135.14
1998-12-08,122.31
1998-12-09,111.46
1998-12-10,101.8
1998-12-11,93.41
1998-12-12,86.1
1998-12-13,79.54
1998-12-14,74.16
1998-12-15,69.15
1998-12-16,64.46
1998-12-17,60.38
1998-12-18,57.08
1998-12-19,54.34
1998-12-20,52.21
1998-12-21,50.52
1998-12-22,49.12
1998-12-23,48.2
1998-12-24,47.53
1998-12-25,46.86
1998-12-26,46.32
1998-12-27,45.88
1998-12-28,45.34
1998-12-29,44.92
1998-12-30,44.5
1998-12-31,44.08
1999-01-01,43.67
1999-01-02,43.26
1999-01-03,42.85
1999-01-04,42.35
1999-01-05,41.95
1999-01-06,41.56
1999-01-07,41.17
1999-01-08,40.78
1999-01-09,40.5
1999-01-10,40.3
1999-01-11,40.5
1999-01-12,40.78
1999-01-13,40.21
1999-01-14,39.55
1999-01-15,39.09
1999-01-16,38.63
1999-01-17,38.36
1999-01-18,37.99
1999-01-19,37.64
1999-01-20,37.28
1999-01-21,36.93
1999-01-22,36.58
1999-01-23,36.33
1999-01-24,35.98
1999-01-25,35.73
1999-01-26,35.39
1999-01-27,35.14
1999-01-28,34.81
1999-01-29,34.48
1999-01-30,34.16
1999-01-31,33.91
1999-02-01,33.67
1999-02-02,33.51
1999-02-03,33.2
1999-02-04,32.88
1999-02-05,32.57
1999-02-06,32.27
1999-02-07,31.36
1999-02-08,30.26
1999-02-09,29.62
1999-02-10,29.2
1999-02-11,28.92
1999-02-12,28.58
1999-02-13,28.24
1999-02-14,27.91
1999-02-15,27.64
1999-02-16,27.31
1999-02-17,27.18
1999-02-18,27.12
1999-02-19,26.99
1999-02-20,26.73
1999-02-21,26.35
1999-02-22,26.1
1999-02-23,25.85
1999-02-24,25.61
1999-02-25,25.36
1999-02-26,25.12
1999-02-27,25.12
1999-02-28,25.3
1999-03-01,25.3
1999-03-02,25.12
1999-03-03,24.82
1999-03-04,24.59
1999-03-05,24.29
1999-03-06,24.0
1999-03-07,23.77
1999-03-08,23.49
1999-03-09,23.27
1999-03-10,22.88
1999-03-11,22.55
1999-03-12,22.33
1999-03-13,22.17
1999-03-14,22.01
1999-03-15,21.96
1999-03-16,21.75
1999-03-17,21.54
1999-03-18,21.34
1999-03-19,21.13
1999-03-20,20.98
1999-03-21,20.68
1999-03-22,20.33
1999-03-23,19.99
1999-03-24,19.7
1999-03-25,19.61
1999-03-26,23.27
1999-03-27,33.99
1999-03-28,40.21
1999-03-29,37.02
1999-03-30,31.58
1999-03-31,27.25
1999-04-01,24.64
1999-04-02,23.21
1999-04-03,22.23
1999-04-04,21.39
1999-04-05,20.73
1999-04-06,20.38
1999-04-07,20.68
1999-04-08,21.59
1999-04-09,22.6
1999-04-10,22.88
1999-04-11,22.55
1999-04-12,21.8
1999-04-13,20.88
1999-04-14,20.09
1999-04-15,19.51
1999-04-16,19.09
1999-04-17,18.77
1999-04-18,18.59
1999-04-19,18.45
1999-04-20,18.32
1999-04-21,18.14
1999-04-22,18.01
1999-04-23,17.92
1999-04-24,17.79
1999-04-25,17.58
1999-04-26,17.45
1999-04-27,17.58
1999-04-28,17.88
1999-04-29,17.97
1999-04-30,18.14
1999-05-01,18.36
1999-05-02,18.5
1999-05-03,21.54
1999-05-04,33.83
1999-05-05,64.77
1999-05-06,456.09
1999-05-07,876.0
1999-05-08,548.54
1999-05-09,292.76
1999-05-10,193.09
1999-05-11,159.32
1999-05-12,144.88
1999-05-13,143.88
1999-05-14,188.67
1999-05-15,197.15
1999-05-16,176.01
1999-05-17,157.12
1999-05-18,142.22
1999-05-19,136.72
1999-05-20,161.55
1999-05-21,183.5
1999-05-22,199.45
1999-05-23,821.24
1999-05-24,1263.74
1999-05-25,1029.39
1999-05-26,742.02
1999-05-27,605.74
1999-05-28,523.81
1999-05-29,565.24
1999-05-30,1392.16
1999-05-31,1434.49
1999-06-01,1019.94
1999-06-02,793.33
1999-06-03,668.88
1999-06-04,590.56
1999-06-05,534.8
1999-06-06,492.17
1999-06-07,462.45
1999-06-08,438.54
1999-06-09,423.62
1999-06-10,406.38
1999-06-11,385.37
1999-06-12,365.44
1999-06-13,346.54
1999-06-14,330.13
1999-06-15,320.37
1999-06-16,304.49
1999-06-17,294.12
1999-06-18,287.4
1999-06-19,313.77
1999-06-20,318.89
1999-06-21,301.69
1999-06-22,310.89
1999-06-23,1100.54
1999-06-24,1398.59
1999-06-25,994.41
1999-06-26,730.14
1999-06-27,604.34
1999-06-28,531.11
1999-06-29,585.14
1999-06-30,578.43
1999-07-01,557.47
1999-07-02,515.42
1999-07-03,482.06
1999-07-04,452.94
1999-07-05,422.64
1999-07-06,400.79
1999-07-07,404.51
1999-07-08,394.37
1999-07-09,432.51
1999-07-10,2097.94
1999-07-11,2863.18
1999-07-12,2207.01
1999-07-13,1408.29
1999-07-14,1068.05
1999-07-15,917.33
1999-07-16,886.16
1999-07-17,878.02
1999-07-18,1179.32
1999-07-19,1639.59
1999-07-20,1533.62
1999-07-21,1269.57
1999-07-22,1077.95
1999-07-23,951.8
1999-07-24,884.12
1999-07-25,840.4
1999-07-26,852.1
1999-07-27,873.98
1999-07-28,859.99
1999-07-29,813.7
1999-07-30,771.68
1999-07-31,745.45
1999-08-01,718.45
1999-08-02,698.84
1999-08-03,678.2
1999-08-04,646.14
1999-08-05,607.13
1999-08-06,574.44
1999-08-07,551.08
1999-08-08,563.94
1999-08-09,641.69
1999-08-10,661.22
1999-08-11,673.53
1999-08-12,679.77
1999-08-13,668.88
1999-08-14,647.63
1999-08-15,605.74
1999-08-16,553.63
1999-08-17,522.6
1999-08-18,546.02
1999-08-19,556.19
1999-08-20,531.11
1999-08-21,509.5
1999-08-22,476.53
1999-08-23,451.9
1999-08-24,442.61
1999-08-25,433.51
1999-08-26,451.9
1999-08-27,684.49
1999-08-28,925.83
1999-08-29,848.18
1999-08-30,738.61
1999-08-31,665.81
1999-09-01,617.02
1999-09-02,573.12
1999-09-03,542.25
1999-09-04,517.8
1999-09-05,497.88
1999-09-06,482.06
1999-09-07,471.06
1999-09-08,469.98
1999-09-09,476.53
1999-09-10,486.53
1999-09-11,488.78
1999-09-12,478.73
1999-09-13,455.04
1999-09-14,428.54
1999-09-15,405.44
1999-09-16,389.84
1999-09-17,388.94
1999-09-18,388.94
1999-09-19,380.94
1999-09-20,447.75
1999-09-21,915.22
1999-09-22,1100.54
1999-09-23,850.14
1999-09-24,665.81
1999-09-25,575.77
1999-09-26,514.23
1999-09-27,464.59
1999-09-28,424.6
1999-09-29,392.55
1999-09-30,369.68
1999-10-01,357.1
1999-10-02,349.75
1999-10-03,339.41
1999-10-04,330.13
1999-10-05,330.89
1999-10-06,327.1
1999-10-07,317.42
1999-10-08,310.89
1999-10-09,302.39
1999-10-10,284.1
1999-10-11,267.53
1999-10-12,251.35
1999-10-13,233.96
1999-10-14,220.31
1999-10-15,216.77
1999-10-16,217.27
1999-10-17,283.45
1999-10-18,434.51
1999-10-19,467.81
1999-10-20,440.57
1999-10-21,423.62
1999-10-22,406.38
1999-10-23,380.94
1999-10-24,353.0
1999-10-25,327.1
1999-10-26,299.61
1999-10-27,273.79
1999-10-28,250.19
1999-10-29,238.33
1999-10-30,241.66
1999-10-31,242.78
1999-11-01,230.74
1999-11-02,224.94
1999-11-03,231.81
1999-11-04,237.23
1999-11-05,230.74
1999-11-06,214.28
1999-11-07,197.61
1999-11-08,181.81
1999-11-09,167.27
1999-11-10,154.96
1999-11-11,143.54
1999-11-12,132.35
1999-11-13,122.03
1999-11-14,111.98
1999-11-15,102.51
1999-11-16,93.62
1999-11-17,85.9
1999-11-18,79.17
1999-11-19,73.13
1999-11-20,67.87
1999-11-21,63.42
1999-11-22,59.53
1999-11-23,56.41
1999-11-24,53.7
1999-11-25,51.48
1999-11-26,49.7
1999-11-27,48.32
1999-11-28,47.31
1999-11-29,46.53
1999-11-30,45.99
1999-12-01,45.45
1999-12-02,44.92
1999-12-03,44.5
1999-12-04,44.19
1999-12-05,43.87
1999-12-06,43.57
1999-12-07,43.26
1999-12-08,42.85
1999-12-09,42.55
1999-12-10,42.25
1999-12-11,42.05
1999-12-12,42.05
1999-12-13,42.05
1999-12-14,41.85
1999-12-15,41.56
1999-12-16,41.17
1999-12-17,40.88
1999-12-18,40.5
1999-12-19,40.11
1999-12-20,39.74
1999-12-21,39.46
1999-12-22,39.18
1999-12-23,38.81
1999-12-24,38.54
1999-12-25,38.36
1999-12-26,38.17
1999-12-27,37.82
1999-12-28,37.55
1999-12-29,37.28
1999-12-30,36.93
1999-12-31,36.67
2000-01-01,36.33
2000-01-02,36.07
2000-01-03,35.73
2000-01-04,35.39
2000-01-05,35.06
2000-01-06,34.73
2000-01-07,34.4
2000-01-08,34.16
2000-01-09,33.83
2000-01-10,33.51
2000-01-11,33.2
2000-01-12,32.96
2000-01-13,32.65
2000-01-14,32.42
2000-01-15,32.19
2000-01-16,31.89
2000-01-17,31.66
2000-01-18,31.43
2000-01-19,31.14
2000-01-20,30.92
2000-01-21,30.62
2000-01-22,30.41
2000-01-23,30.41
2000-01-24,31.43
2000-01-25,34.08
2000-01-26,34.56
2000-01-27,32.73
2000-01-28,31.06
2000-01-29,30.84
2000-01-30,34.16
2000-01-31,40.5
2000-02-01,40.88
2000-02-02,36.67
2000-02-03,33.43
2000-02-04,31.89
2000-02-05,31.36
2000-02-06,30.99
2000-02-07,30.62
2000-02-08,31.66
2000-02-09,33.43
2000-02-10,32.57
2000-02-11,30.62
2000-02-12,29.2
2000-02-13,28.31
2000-02-14,27.58
2000-02-15,27.12
2000-02-16,26.61
2000-02-17,26.23
2000-02-18,25.98
2000-02-19,25.73
2000-02-20,25.55
2000-02-21,25.3
2000-02-22,25.0
2000-02-23,24.7
2000-02-24,24.35
2000-02-25,24.12
2000-02-26,23.83
2000-02-27,23.77
2000-02-28,23.83
2000-02-29,23.77
2000-03-01,23.6
2000-03-02,23.83
2000-03-03,25.49
2000-03-04,28.72
2000-03-05,30.48
2000-03-06,30.55
2000-03-07,31.14
2000-03-08,31.66
2000-03-09,30.62
2000-03-10,28.85
2000-03-11,27.44
2000-03-12,27.58
2000-03-13,37.28
2000-03-14,60.66
2000-03-15,77.34
2000-03-16,78.98
2000-03-17,71.28
2000-03-18,61.23
2000-03-19,52.33
2000-03-20,45.45
2000-03-21,40.4
2000-03-22,36.15
2000-03-23,32.5
2000-03-24,29.62
2000-03-25,27.51
2000-03-26,25.98
2000-03-27,24.82
2000-03-28,24.0
2000-03-29,23.49
2000-03-30,23.21
2000-03-31,23.21
2000-04-01,23.1
2000-04-02,22.99
2000-04-03,22.77
2000-04-04,22.6
2000-04-05,22.44
2000-04-06,22.39
2000-04-07,22.39
2000-04-08,22.39
2000-04-09,22.6
2000-04-10,23.1
2000-04-11,23.55
2000-04-12,23.72
2000-04-13,24.41
2000-04-14,24.59
2000-04-15,23.77
2000-04-16,23.32
2000-04-17,24.0
2000-04-18,25.18
2000-04-19,27.05
2000-04-20,31.21
2000-04-21,37.82
2000-04-22,48.2
2000-04-23,56.02
2000-04-24,60.52
2000-04-25,63.27
2000-04-26,86.9
2000-04-27,1092.96
2000-04-28,1701.16
2000-04-29,1209.6
2000-04-30,865.96
2000-05-01,713.5
2000-05-02,682.91
2000-05-03,641.69
2000-05-04,567.85
2000-05-05,497.88
2000-05-06,437.53
2000-05-07,396.19
2000-05-08,371.39
2000-05-09,352.18
2000-05-10,328.61
2000-05-11,306.61
2000-05-12,288.73
2000-05-13,268.77
2000-05-14,249.61
2000-05-15,271.27
2000-05-16,298.23
2000-05-17,294.8
2000-05-18,601.56
2000-05-19,1171.2
2000-05-20,1427.89
2000-05-21,1095.48
2000-05-22,878.02
2000-05-23,1620.81
2000-05-24,1814.52
2000-05-25,1572.98
2000-05-26,1530.09
2000-05-27,1395.37
2000-05-28,1204.04
2000-05-29,1168.5
2000-05-30,1223.62
2000-05-31,1369.88
2000-06-01,1266.65
2000-06-02,1092.96
2000-06-03,962.83
2000-06-04,884.12
2000-06-05,915.22
2000-06-06,1136.63
2000-06-07,1152.45
2000-06-08,987.55
2000-06-09,886.16
2000-06-10,826.94
2000-06-11,769.9
2000-06-12,815.58
2000-06-13,823.14
2000-06-14,894.36
2000-06-15,888.2
2000-06-16,836.53
2000-06-17,793.33
2000-06-18,780.63
2000-06-19,793.33
2000-06-20,809.96
2000-06-21,789.68
2000-06-22,771.68
2000-06-23,757.58
2000-06-24,830.76
2000-06-25,878.02
2000-06-26,844.28
2000-06-27,764.6
2000-06-28,708.58
2000-06-29,687.65
2000-06-30,668.88
2000-07-01,627.06
2000-07-02,581.1
2000-07-03,542.25
2000-07-04,504.82
2000-07-05,469.98
2000-07-06,441.59
2000-07-07,429.53
2000-07-08,425.58
2000-07-09,433.51
2000-07-10,418.76
2000-07-11,409.2
2000-07-12,425.58
2000-07-13,435.52
2000-07-14,414.91
2000-07-15,384.48
2000-07-16,359.58
2000-07-17,343.35
2000-07-18,330.89
2000-07-19,315.23
2000-07-20,298.92
2000-07-21,282.79
2000-07-22,269.4
2000-07-23,256.04
2000-07-24,242.22
2000-07-25,232.88
2000-07-26,232.35
2000-07-27,235.05
2000-07-28,235.05
2000-07-29,225.99
2000-07-30,231.81
2000-07-31,226.51
2000-08-01,346.54
2000-08-02,836.53
2000-08-03,973.99
2000-08-04,705.32
2000-08-05,546.02
2000-08-06,458.2
2000-08-07,413.0
2000-08-08,413.95
2000-08-09,491.04
2000-08-10,557.47
2000-08-11,573.12
2000-08-12,566.54
2000-08-13,533.56
2000-08-14,539.75
2000-08-15,557.47
2000-08-16,560.05
2000-08-17,544.76
2000-08-18,514.23
2000-08-19,485.41
2000-08-20,468.89
2000-08-21,452.94
2000-08-22,441.59
2000-08-23,444.66
2000-08-24,442.61
2000-08-25,427.55
2000-08-26,403.58
2000-08-27,384.48
2000-08-28,372.25
2000-08-29,502.5
2000-08-30,925.83
2000-08-31,1100.54
2000-09-01,1050.96
2000-09-02,886.16
2000-09-03,1226.44
2000-09-04,2093.11
2000-09-05,2117.36
2000-09-06,1632.05
2000-09-07,1320.3
2000-09-08,1134.01
2000-09-09,1012.91
2000-09-10,923.7
2000-09-11,852.1
2000-09-12,791.5
2000-09-13,738.61
2000-09-14,742.02
2000-09-15,896.43
2000-09-16,1255.03
2000-09-17,1908.85
2000-09-18,2141.89
2000-09-19,1777.28
2000-09-20,1418.06
2000-09-21,1192.99
2000-09-22,1075.47
2000-09-23,1027.02
2000-09-24,1001.31
2000-09-25,947.42
2000-09-26,880.05
2000-09-27,813.7
2000-09-28,754.09
2000-09-29,703.69
2000-09-30,695.63
2000-10-01,836.53
2000-10-02,2132.05
2000-10-03,2785.12
2000-10-04,2392.32
2000-10-05,1724.84
2000-10-06,1376.21
2000-10-07,1179.32
2000-10-08,1048.54
2000-10-09,960.61
2000-10-10,894.36
2000-10-11,834.6
2000-10-12,780.63
2000-10-13,730.14
2000-10-14,682.91
2000-10-15,638.73
2000-10-16,598.79
2000-10-17,560.05
2000-10-18,532.33
2000-10-19,507.16
2000-10-20,477.63
2000-10-21,447.75
2000-10-22,421.67
2000-10-23,397.11
2000-10-24,373.97
2000-10-25,351.37
2000-10-26,327.1
2000-10-27,363.75
2000-10-28,1063.14
2000-10-29,1278.38
2000-10-30,896.43
2000-10-31,684.49
2000-11-01,566.54
2000-11-02,488.78
2000-11-03,433.51
2000-11-04,390.74
2000-11-05,355.45
2000-11-06,326.34
2000-11-07,301.0
2000-11-08,278.25
2000-11-09,257.23
2000-11-10,237.78
2000-11-11,222.36
2000-11-12,206.97
2000-11-13,189.99
2000-11-14,173.98
2000-11-15,159.32
2000-11-16,146.57
2000-11-17,134.21
2000-11-18,123.17
2000-11-19,113.82
2000-11-20,105.66
2000-11-21,99.23
2000-11-22,93.84
2000-11-23,88.13
2000-11-24,82.56
2000-11-25,78.25
2000-11-26,74.34
2000-11-27,70.94
2000-11-28,67.39
2000-11-29,64.31
2000-11-30,61.81
2000-12-01,60.09
2000-12-02,59.39
2000-12-03,58.16
2000-12-04,56.41
2000-12-05,54.72
2000-12-06,53.33
2000-12-07,52.09
2000-12-08,51.0
2000-12-09,50.17
2000-12-10,49.58
2000-12-11,49.0
2000-12-12,48.66
2000-12-13,48.32
2000-12-14,47.98
2000-12-15,47.53
2000-12-16,47.19
2000-12-17,46.86
2000-12-18,46.42
2000-12-19,46.1
2000-12-20,45.77
2000-12-21,45.45
2000-12-22,45.03
2000-12-23,44.71
2000-12-24,44.39
2000-12-25,44.08
2000-12-26,43.67
2000-12-27,43.36
2000-12-28,43.06
2000-12-29,42.75
2000-12-30,42.45
2000-12-31,42.05
2001-01-01,41.76
2001-01-02,41.46
2001-01-03,41.17
2001-01-04,40.88
2001-01-05,40.88
2001-01-06,40.5
2001-01-07,40.11
2001-01-08,39.74
2001-01-09,39.46
2001-01-10,39.18
2001-01-11,38.9
2001-01-12,38.54
2001-01-13,38.26
2001-01-14,37.99
2001-01-15,37.64
2001-01-16,37.37
2001-01-17,37.02
2001-01-18,36.67
2001-01-19,36.41
2001-01-20,36.07
2001-01-21,35.81
2001-01-22,35.48
2001-01-23,35.31
2001-01-24,35.14
2001-01-25,34.89
2001-01-26,34.65
2001-01-27,34.32
2001-01-28,33.99
2001-01-29,33.67
2001-01-30,33.36
2001-01-31,33.04
2001-02-01,32.88
2001-02-02,32.73
2001-02-03,32.42
2001-02-04,32.11
2001-02-05,31.81
2001-02-06,31.51
2001-02-07,30.77
2001-02-08,29.9
2001-02-09,29.34
2001-02-10,28.99
2001-02-11,28.72
2001-02-12,28.38
2001-02-13,28.11
2001-02-14,27.84
2001-02-15,27.51
2001-02-16,27.25
2001-02-17,27.05
2001-02-18,27.12
2001-02-19,27.38
2001-02-20,27.71
2001-02-21,28.04
2001-02-22,28.38
2001-02-23,29.2
2001-02-24,30.84
2001-02-25,42.35
2001-02-26,85.1
2001-02-27,93.41
2001-02-28,87.51
2001-03-01,75.56
2001-03-02,64.46
2001-03-03,56.15
2001-03-04,49.7
2001-03-05,44.81
2001-03-06,41.07
2001-03-07,38.72
2001-03-08,37.37
2001-03-09,35.48
2001-03-10,33.43
2001-03-11,31.73
2001-03-12,30.48
2001-03-13,29.34
2001-03-14,28.31
2001-03-15,27.38
2001-03-16,26.67
2001-03-17,26.04
2001-03-18,25.55
2001-03-19,25.12
2001-03-20,24.76
2001-03-21,24.41
2001-03-22,24.0
2001-03-23,24.23
2001-03-24,26.73
2001-03-25,30.62
2001-03-26,30.99
2001-03-27,29.69
2001-03-28,29.9
2001-03-29,31.21
2001-03-30,34.16
2001-03-31,37.82
2001-04-01,38.99
2001-04-02,40.02
2001-04-03,40.78
2001-04-04,39.18
2001-04-05,37.46
2001-04-06,35.48
2001-04-07,33.28
2001-04-08,31.36
2001-04-09,29.97
2001-04-10,29.97
2001-04-11,30.12
2001-04-12,30.48
2001-04-13,30.7
2001-04-14,31.58
2001-04-15,32.27
2001-04-16,32.5
2001-04-17,33.12
2001-04-18,33.75
2001-04-19,34.56
2001-04-20,36.15
2001-04-21,36.84
2001-04-22,37.11
2001-04-23,35.56
2001-04-24,33.43
2001-04-25,31.66
2001-04-26,29.97
2001-04-27,28.79
2001-04-28,42.85
2001-04-29,102.28
2001-04-30,105.66
2001-05-01,91.68
2001-05-02,79.54
2001-05-03,70.12
2001-05-04,64.16
2001-05-05,64.01
2001-05-06,68.98
2001-05-07,72.79
2001-05-08,75.74
2001-05-09,290.07
2001-05-10,1003.62
2001-05-11,1299.17
2001-05-12,908.91
2001-05-13,585.14
2001-05-14,421.67
2001-05-15,337.84
2001-05-16,301.0
2001-05-17,294.8
2001-05-18,282.79
2001-05-19,259.62
2001-05-20,244.47
2001-05-21,239.44
2001-05-22,234.5
2001-05-23,221.33
2001-05-24,208.89
2001-05-25,201.3
2001-05-26,193.98
2001-05-27,187.36
2001-05-28,188.67
2001-05-29,205.06
2001-05-30,241.1
2001-05-31,362.08
2001-06-01,390.74
2001-06-02,499.03
2001-06-03,570.48
2001-06-04,537.27
2001-06-05,597.41
2001-06-06,643.17
2001-06-07,586.49
2001-06-08,566.54
2001-06-09,637.26
2001-06-10,673.53
2001-06-11,605.74
2001-06-12,553.63
2001-06-13,528.66
2001-06-14,541.0
2001-06-15,557.47
2001-06-16,537.27
2001-06-17,581.1
2001-06-18,635.8
2001-06-19,632.87
2001-06-20,618.44
2001-06-21,577.1
2001-06-22,543.5
2001-06-23,532.33
2001-06-24,571.8
2001-06-25,609.94
2001-06-26,570.48
2001-06-27,534.8
2001-06-28,499.03
2001-06-29,467.81
2001-06-30,622.73
2001-07-01,800.68
2001-07-02,798.83
2001-07-03,695.63
2001-07-04,614.18
2001-07-05,557.47
2001-07-06,537.27
2001-07-07,519.0
2001-07-08,494.45
2001-07-09,842.34
2001-07-10,1024.65
2001-07-11,852.1
2001-07-12,956.19
2001-07-13,878.02
2001-07-14,740.31
2001-07-15,647.63
2001-07-16,612.76
2001-07-17,635.8
2001-07-18,638.73
2001-07-19,598.79
2001-07-20,560.05
2001-07-21,526.23
2001-07-22,501.34
2001-07-23,479.84
2001-07-24,459.26
2001-07-25,442.61
2001-07-26,430.52
2001-07-27,426.56
2001-07-28,423.62
2001-07-29,501.34
2001-07-30,951.8
2001-07-31,1434.49
2001-08-01,1632.05
2001-08-02,1869.68
2001-08-03,1540.7
2001-08-04,1217.99
2001-08-05,985.28
2001-08-06,846.23
2001-08-07,780.63
2001-08-08,733.51
2001-08-09,695.63
2001-08-10,659.69
2001-08-11,622.73
2001-08-12,591.93
2001-08-13,573.12
2001-08-14,554.9
2001-08-15,539.75
2001-08-16,511.86
2001-08-17,479.84
2001-08-18,457.14
2001-08-19,443.63
2001-08-20,436.52
2001-08-21,745.45
2001-08-22,932.25
2001-08-23,762.84
2001-08-24,643.17
2001-08-25,602.95
2001-08-26,565.24
2001-08-27,547.28
2001-08-28,549.81
2001-08-29,553.63
2001-08-30,567.85
2001-08-31,560.05
2001-09-01,538.51
2001-09-02,503.66
2001-09-03,473.24
2001-09-04,440.57
2001-09-05,408.26
2001-09-06,383.59
2001-09-07,377.44
2001-09-08,377.44
2001-09-09,368.83
2001-09-10,357.92
2001-09-11,362.92
2001-09-12,472.15
2001-09-13,551.08
2001-09-14,477.63
2001-09-15,412.05
2001-09-16,373.97
2001-09-17,364.59
2001-09-18,377.44
2001-09-19,546.02
2001-09-20,637.26
2001-09-21,563.94
2001-09-22,499.03
2001-09-23,467.81
2001-09-24,449.82
2001-09-25,432.51
2001-09-26,417.79
2001-09-27,406.38
2001-09-28,393.46
2001-09-29,379.19
2001-09-30,367.13
2001-10-01,356.27
2001-10-02,373.11
2001-10-03,438.54
2001-10-04,520.19
2001-10-05,534.8
2001-10-06,497.88
2001-10-07,464.59
2001-10-08,438.54
2001-10-09,424.6
2001-10-10,436.52
2001-10-11,442.61
2001-10-12,420.7
2001-10-13,394.37
2001-10-14,378.31
2001-10-15,369.68
2001-10-16,357.92
2001-10-17,354.63
2001-10-18,482.06
2001-10-19,560.05
2001-10-20,529.88
2001-10-21,473.24
2001-10-22,421.67
2001-10-23,380.94
2001-10-24,345.74
2001-10-25,316.69
2001-10-26,292.09
2001-10-27,270.02
2001-10-28,249.61
2001-10-29,233.42
2001-10-30,241.1
2001-10-31,337.06
2001-11-01,469.98
2001-11-02,407.32
2001-11-03,345.74
2001-11-04,302.39
2001-11-05,270.64
2001-11-06,245.6
2001-11-07,224.42
2001-11-08,207.45
2001-11-09,195.79
2001-11-10,182.65
2001-11-11,168.43
2001-11-12,154.6
2001-11-13,142.22
2001-11-14,131.13
2001-11-15,120.34
2001-11-16,110.69
2001-11-17,102.04
2001-11-18,94.72
2001-11-19,87.51
2001-11-20,81.04
2001-11-21,75.03
2001-11-22,70.12
2001-11-23,66.45
2001-11-24,64.01
2001-11-25,62.68
2001-11-26,60.24
2001-11-27,57.21
2001-11-28,54.72
2001-11-29,53.33
2001-11-30,52.46
2001-12-01,51.24
2001-12-02,50.17
2001-12-03,49.47
2001-12-04,48.89
2001-12-05,48.55
2001-12-06,48.2
2001-12-07,47.87
2001-12-08,47.53
2001-12-09,47.19
2001-12-10,46.97
2001-12-11,46.64
2001-12-12,46.32
2001-12-13,45.88
2001-12-14,45.56
2001-12-15,45.13
2001-12-16,44.81
2001-12-17,44.39
2001-12-18,44.08
2001-12-19,43.77
2001-12-20,43.46
2001-12-21,43.16
2001-12-22,42.85
2001-12-23,42.45
2001-12-24,42.15
2001-12-25,41.76
2001-12-26,41.46
2001-12-27,41.17
2001-12-28,40.78
2001-12-29,40.5
2001-12-30,40.21
2001-12-31,39.93
2002-01-01,39.55
2002-01-02,39.27
2002-01-03,38.9
2002-01-04,38.54
2002-01-05,38.17
2002-01-06,37.9
2002-01-07,37.64
2002-01-08,37.37
2002-01-09,37.02
2002-01-10,36.67
2002-01-11,36.41
2002-01-12,36.15
2002-01-13,35.81
2002-01-14,35.56
2002-01-15,35.22
2002-01-16,34.97
2002-01-17,34.73
2002-01-18,34.89
2002-01-19,35.81
2002-01-20,36.84
2002-01-21,36.84
2002-01-22,36.24
2002-01-23,35.9
2002-01-24,37.46
2002-01-25,40.5
2002-01-26,39.83
2002-01-27,37.37
2002-01-28,35.73
2002-01-29,34.73
2002-01-30,33.91
2002-01-31,33.36
2002-02-01,33.04
2002-02-02,32.81
2002-02-03,32.5
2002-02-04,32.27
2002-02-05,32.04
2002-02-06,31.73
2002-02-07,30.99
2002-02-08,30.05
2002-02-09,29.55
2002-02-10,29.13
2002-02-11,28.85
2002-02-12,28.58
2002-02-13,28.31
2002-02-14,28.04
2002-02-15,27.71
2002-02-16,27.44
2002-02-17,27.18
2002-02-18,26.93
2002-02-19,26.67
2002-02-20,26.61
2002-02-21,27.05
2002-02-22,27.38
2002-02-23,26.93
2002-02-24,26.29
2002-02-25,25.79
2002-02-26,25.42
2002-02-27,25.36
2002-02-28,25.49
2002-03-01,25.49
2002-03-02,25.24
2002-03-03,24.94
2002-03-04,24.7
2002-03-05,24.47
2002-03-06,24.29
2002-03-07,24.0
2002-03-08,23.83
2002-03-09,23.66
2002-03-10,23.43
2002-03-11,23.32
2002-03-12,23.77
2002-03-13,24.64
2002-03-14,24.35
2002-03-15,23.32
2002-03-16,22.66
2002-03-17,22.23
2002-03-18,21.91
2002-03-19,21.65
2002-03-20,21.34
2002-03-21,21.08
2002-03-22,20.78
2002-03-23,20.48
2002-03-24,20.73
2002-03-25,22.17
2002-03-26,25.0
2002-03-27,26.86
2002-03-28,27.58
2002-03-29,28.17
2002-03-30,28.72
2002-03-31,28.65
2002-04-01,27.91
2002-04-02,28.72
2002-04-03,32.34
2002-04-04,35.56
2002-04-05,36.15
2002-04-06,33.75
2002-04-07,30.62
2002-04-08,28.44
2002-04-09,27.71
2002-04-10,27.77
2002-04-11,27.91
2002-04-12,27.71
2002-04-13,27.51
2002-04-14,26.42
2002-04-15,24.94
2002-04-16,33.59
2002-04-17,82.56
2002-04-18,97.17
2002-04-19,90.83
2002-04-20,80.47
2002-04-21,72.28
2002-04-22,73.47
2002-04-23,84.31
2002-04-24,89.16
2002-04-25,92.76
2002-04-26,93.84
2002-04-27,93.41
2002-04-28,99.93
2002-04-29,112.5
2002-04-30,112.76
2002-05-01,129.02
2002-05-02,150.71
2002-05-03,155.31
2002-05-04,146.91
2002-05-05,137.36
2002-05-06,203.64
2002-05-07,313.05
2002-05-08,275.06
2002-05-09,232.35
2002-05-10,218.28
2002-05-11,612.76
2002-05-12,1070.52
2002-05-13,723.44
2002-05-14,483.17
2002-05-15,376.57
2002-05-16,333.19
2002-05-17,304.49
2002-05-18,297.54
2002-05-19,305.9
2002-05-20,808.1
2002-05-21,1155.11
2002-05-22,1072.99
2002-05-23,940.89
2002-05-24,787.86
2002-05-25,780.63
2002-05-26,915.22
2002-05-27,1072.99
2002-05-28,1038.92
2002-05-29,911.01
2002-05-30,798.83
2002-05-31,720.11
2002-06-01,664.27
2002-06-02,617.02
2002-06-03,575.77
2002-06-04,542.25
2002-06-05,522.6
2002-06-06,510.68
2002-06-07,509.5
2002-06-08,533.56
2002-06-09,546.02
2002-06-10,537.27
2002-06-11,570.48
2002-06-12,608.54
2002-06-13,925.83
2002-06-14,1157.78
2002-06-15,2397.83
2002-06-16,3053.92
2002-06-17,2641.41
2002-06-18,1913.26
2002-06-19,1478.11
2002-06-20,1243.51
2002-06-21,1206.81
2002-06-22,1240.65
2002-06-23,1201.26
2002-06-24,1105.62
2002-06-25,1005.93
2002-06-26,934.41
2002-06-27,876.0
2002-06-28,823.14
2002-06-29,962.83
2002-06-30,1583.89
2002-07-01,1728.82
2002-07-02,1424.61
2002-07-03,1234.95
2002-07-04,1141.88
2002-07-05,1077.95
2002-07-06,1147.15
2002-07-07,1173.9
2002-07-08,1046.13
2002-07-09,947.42
2002-07-10,882.08
2002-07-11,1087.93
2002-07-12,1308.18
2002-07-13,1232.11
2002-07-14,1160.45
2002-07-15,1015.25
2002-07-16,900.57
2002-07-17,846.23
2002-07-18,811.83
2002-07-19,830.76
2002-07-20,825.04
2002-07-21,848.18
2002-07-22,1591.21
2002-07-23,1827.1
2002-07-24,1495.24
2002-07-25,1220.8
2002-07-26,1060.7
2002-07-27,1058.25
2002-07-28,1126.2
2002-07-29,1243.51
2002-07-30,1232.11
2002-07-31,1134.01
2002-08-01,1077.95
2002-08-02,1008.25
2002-08-03,932.25
2002-08-04,871.97
2002-08-05,819.35
2002-08-06,782.43
2002-08-07,752.36
2002-08-08,721.77
2002-08-09,687.65
2002-08-10,658.17
2002-08-11,653.64
2002-08-12,694.02
2002-08-13,768.13
2002-08-14,987.55
2002-08-15,1149.8
2002-08-16,1058.25
2002-08-17,919.45
2002-08-18,823.14
2002-08-19,768.13
2002-08-20,735.21
2002-08-21,698.84
2002-08-22,700.46
2002-08-23,695.63
2002-08-24,671.98
2002-08-25,649.13
2002-08-26,631.41
2002-08-27,614.18
2002-08-28,585.14
2002-08-29,552.35
2002-08-30,517.8
2002-08-31,491.04
2002-09-01,473.24
2002-09-02,459.26
2002-09-03,445.68
2002-09-04,432.51
2002-09-05,415.87
2002-09-06,399.87
2002-09-07,391.65
2002-09-08,379.19
2002-09-09,362.08
2002-09-10,346.54
2002-09-11,330.13
2002-09-12,313.77
2002-09-13,298.92
2002-09-14,284.76
2002-09-15,273.16
2002-09-16,266.92
2002-09-17,257.23
2002-09-18,241.66
2002-09-19,225.46
2002-09-20,209.38
2002-09-21,198.99
2002-09-22,244.47
2002-09-23,438.54
2002-09-24,597.41
2002-09-25,525.02
2002-09-26,460.32
2002-09-27,921.57
2002-09-28,1038.92
2002-09-29,821.24
2002-09-30,676.64
2002-10-01,587.84
2002-10-02,528.66
2002-10-03,485.41
2002-10-04,449.82
2002-10-05,419.73
2002-10-06,391.65
2002-10-07,363.75
2002-10-08,338.63
2002-10-09,314.5
2002-10-10,291.42
2002-10-11,273.16
2002-10-12,259.02
2002-10-13,243.34
2002-10-14,228.61
2002-10-15,217.27
2002-10-16,208.41
2002-10-17,195.34
2002-10-18,183.5
2002-10-19,240.55
2002-10-20,273.16
2002-10-21,270.64
2002-10-22,254.27
2002-10-23,229.67
2002-10-24,207.93
2002-10-25,187.36
2002-10-26,169.22
2002-10-27,153.88
2002-10-28,140.91
2002-10-29,129.92
2002-10-30,119.5
2002-10-31,109.66
2002-11-01,100.62
2002-11-02,92.33
2002-11-03,84.9
2002-11-04,78.62
2002-11-05,73.99
2002-11-06,71.11
2002-11-07,68.02
2002-11-08,64.61
2002-11-09,61.23
2002-11-10,58.16
2002-11-11,55.75
2002-11-12,723.44
2002-11-13,1149.8
2002-11-14,777.04
2002-11-15,541.0
2002-11-16,409.2
2002-11-17,328.61
2002-11-18,274.42
2002-11-19,236.14
2002-11-20,206.97
2002-11-21,183.93
2002-11-22,164.58
2002-11-23,146.23
2002-11-24,130.52
2002-11-25,117.03
2002-11-26,105.91
2002-11-27,97.17
2002-11-28,89.57
2002-11-29,82.95
2002-11-30,76.8
2002-12-01,71.61
2002-12-02,67.39
2002-12-03,64.46
2002-12-04,62.1
2002-12-05,59.26
2002-12-06,56.54
2002-12-07,54.46
2002-12-08,52.7
2002-12-09,51.48
2002-12-10,50.52
2002-12-11,49.82
2002-12-12,49.23
2002-12-13,48.66
2002-12-14,48.2
2002-12-15,47.75
2002-12-16,47.19
2002-12-17,49.12
2002-12-18,61.37
2002-12-19,75.21
2002-12-20,80.28
2002-12-21,78.62
2002-12-22,74.51
2002-12-23,69.79
2002-12-24,65.07
2002-12-25,60.94
2002-12-26,58.29
2002-12-27,57.61
2002-12-28,57.08
2002-12-29,57.61
2002-12-30,57.88
2002-12-31,56.94
2003-01-01,54.85
2003-01-02,52.83
2003-01-03,51.24
2003-01-04,49.58
2003-01-05,48.09
2003-01-06,47.53
2003-01-07,47.08
2003-01-08,45.99
2003-01-09,44.81
2003-01-10,43.77
2003-01-11,42.85
2003-01-12,42.15
2003-01-13,41.46
2003-01-14,40.98
2003-01-15,40.5
2003-01-16,40.11
2003-01-17,39.74
2003-01-18,39.46
2003-01-19,39.09
2003-01-20,38.72
2003-01-21,38.45
2003-01-22,38.08
2003-01-23,37.82
2003-01-24,37.64
2003-01-25,37.37
2003-01-26,37.02
2003-01-27,36.76
2003-01-28,36.41
2003-01-29,36.5
2003-01-30,38.08
2003-01-31,43.16
2003-02-01,46.64
2003-02-02,45.56
2003-02-03,42.95
2003-02-04,40.69
2003-02-05,39.27
2003-02-06,39.36
2003-02-07,40.5
2003-02-08,39.83
2003-02-09,38.17
2003-02-10,36.76
2003-02-11,36.41
2003-02-12,37.11
2003-02-13,39.27
2003-02-14,42.35
2003-02-15,44.39
2003-02-16,43.57
2003-02-17,41.56
2003-02-18,39.46
2003-02-19,37.64
2003-02-20,36.15
2003-02-21,35.22
2003-02-22,34.81
2003-02-23,34.81
2003-02-24,34.08
2003-02-25,33.12
2003-02-26,32.5
2003-02-27,32.88
2003-02-28,34.65
2003-03-01,37.46
2003-03-02,37.55
2003-03-03,36.41
2003-03-04,35.39
2003-03-05,34.48
2003-03-06,33.43
2003-03-07,32.27
2003-03-08,31.21
2003-03-09,30.41
2003-03-10,29.69
2003-03-11,29.2
2003-03-12,29.34
2003-03-13,32.34
2003-03-14,37.9
2003-03-15,40.11
2003-03-16,39.93
2003-03-17,38.9
2003-03-18,37.64
2003-03-19,37.73
2003-03-20,40.11
2003-03-21,46.21
2003-03-22,50.76
2003-03-23,50.52
2003-03-24,47.31
2003-03-25,43.77
2003-03-26,40.88
2003-03-27,39.27
2003-03-28,39.36
2003-03-29,40.11
2003-03-30,39.64
2003-03-31,73.64
2003-04-01,166.49
2003-04-02,152.82
2003-04-03,132.97
2003-04-04,121.18
2003-04-05,110.17
2003-04-06,97.63
2003-04-07,87.51
2003-04-08,78.8
2003-04-09,71.28
2003-04-10,65.07
2003-04-11,60.24
2003-04-12,191.75
2003-04-13,589.2
2003-04-14,585.14
2003-04-15,415.87
2003-04-16,319.63
2003-04-17,280.84
2003-04-18,268.77
2003-04-19,250.77
2003-04-20,227.03
2003-04-21,206.97
2003-04-22,192.64
2003-04-23,180.55
2003-04-24,168.43
2003-04-25,156.4
2003-04-26,145.55
2003-04-27,138.32
2003-04-28,132.66
2003-04-29,126.94
2003-04-30,121.18
2003-05-01,118.4
2003-05-02,121.18
2003-05-03,132.35
2003-05-04,166.88
2003-05-05,247.89
2003-05-06,240.55
2003-05-07,208.89
2003-05-08,183.93
2003-05-09,166.11
2003-05-10,151.41
2003-05-11,138.64
2003-05-12,129.62
2003-05-13,120.34
2003-05-14,110.94
2003-05-15,102.28
2003-05-16,96.05
2003-05-17,93.19
2003-05-18,90.2
2003-05-19,91.47
2003-05-20,168.82
2003-05-21,268.77
2003-05-22,293.44
2003-05-23,301.69
2003-05-24,277.61
2003-05-25,260.82
2003-05-26,242.22
2003-05-27,231.81
2003-05-28,220.31
2003-05-29,205.06
2003-05-30,188.23
2003-05-31,176.42
2003-06-01,168.04
2003-06-02,156.4
2003-06-03,145.89
2003-06-04,144.21
2003-06-05,336.29
2003-06-06,418.76
2003-06-07,661.22
2003-06-08,992.12
2003-06-09,1554.97
2003-06-10,2050.16
2003-06-11,1985.1
2003-06-12,1681.67
2003-06-13,1354.19
2003-06-14,1072.99
2003-06-15,906.82
2003-06-16,825.04
2003-06-17,777.04
2003-06-18,745.45
2003-06-19,819.35
2003-06-20,888.2
2003-06-21,908.91
2003-06-22,1003.62
2003-06-23,980.75
2003-06-24,938.72
2003-06-25,896.43
2003-06-26,861.98
2003-06-27,890.25
2003-06-28,936.56
2003-06-29,1255.03
2003-06-30,1329.45
2003-07-01,1149.8
2003-07-02,1003.62
2003-07-03,904.73
2003-07-04,832.68
2003-07-05,778.83
2003-07-06,750.62
2003-07-07,725.11
2003-07-08,710.21
2003-07-09,682.91
2003-07-10,655.15
2003-07-11,703.69
2003-07-12,698.84
2003-07-13,646.14
2003-07-14,607.13
2003-07-15,596.04
2003-07-16,637.26
2003-07-17,646.14
2003-07-18,629.96
2003-07-19,600.17
2003-07-20,582.45
2003-07-21,567.85
2003-07-22,557.47
2003-07-23,537.27
2003-07-24,517.8
2003-07-25,503.66
2003-07-26,483.17
2003-07-27,465.66
2003-07-28,460.32
2003-07-29,447.75
2003-07-30,430.52
2003-07-31,409.2
2003-08-01,389.84
2003-08-02,365.44
2003-08-03,342.56
2003-08-04,325.59
2003-08-05,311.61
2003-08-06,298.92
2003-08-07,288.73
2003-08-08,284.1
2003-08-09,279.54
2003-08-10,273.79
2003-08-11,263.85
2003-08-12,251.35
2003-08-13,235.59
2003-08-14,220.82
2003-08-15,207.45
2003-08-16,197.61
2003-08-17,267.53
2003-08-18,271.9
2003-08-19,257.23
2003-08-20,245.6
2003-08-21,234.5
2003-08-22,229.67
2003-08-23,230.21
2003-08-24,230.21
2003-08-25,219.29
2003-08-26,210.35
2003-08-27,210.35
2003-08-28,232.35
2003-08-29,226.51
2003-08-30,214.28
2003-08-31,200.84
2003-09-01,189.99
2003-09-02,182.23
2003-09-03,177.24
2003-09-04,174.79
2003-09-05,171.98
2003-09-06,171.58
2003-09-07,171.19
2003-09-08,166.88
2003-09-09,161.93
2003-09-10,158.96
2003-09-11,175.2
2003-09-12,257.82
2003-09-13,313.05
2003-09-14,305.2
2003-09-15,303.09
2003-09-16,303.09
2003-09-17,303.09
2003-09-18,303.09
2003-09-19,299.61
2003-09-20,292.76
2003-09-21,303.79
2003-09-22,313.77
2003-09-23,313.77
2003-09-24,304.49
2003-09-25,298.23
2003-09-26,296.85
2003-09-27,298.92
2003-09-28,296.85
2003-09-29,297.54
2003-09-30,298.92
2003-10-01,294.8
2003-10-02,290.74
2003-10-03,298.23
2003-10-04,304.49
2003-10-05,308.03
2003-10-06,306.61
2003-10-07,296.17
2003-10-08,311.61
2003-10-09,431.51
2003-10-10,641.69
2003-10-11,687.65
2003-10-12,589.2
2003-10-13,505.99
2003-10-14,446.71
2003-10-15,402.65
2003-10-16,375.7
2003-10-17,361.24
2003-10-18,346.54
2003-10-19,330.13
2003-10-20,315.96
2003-10-21,307.32
2003-10-22,296.85
2003-10-23,284.76
2003-10-24,271.27
2003-10-25,259.02
2003-10-26,247.31
2003-10-27,241.1
2003-10-28,237.78
2003-10-29,230.21
2003-10-30,219.8
2003-10-31,208.41
2003-11-01,199.91
2003-11-02,194.43
2003-11-03,183.93
2003-11-04,171.58
2003-11-05,159.32
2003-11-06,147.25
2003-11-07,136.72
2003-11-08,128.42
2003-11-09,120.62
2003-11-10,112.5
2003-11-11,104.93
2003-11-12,98.08
2003-11-13,91.9
2003-11-14,86.7
2003-11-15,81.6
2003-11-16,76.98
2003-11-17,72.79
2003-11-18,69.15
2003-11-19,66.14
2003-11-20,63.71
2003-11-21,62.53
2003-11-22,62.24
2003-11-23,61.09
2003-11-24,59.26
2003-11-25,57.48
2003-11-26,56.02
2003-11-27,54.72
2003-11-28,53.58
2003-11-29,52.46
2003-11-30,51.48
2003-12-01,50.64
2003-12-02,49.93
2003-12-03,49.47
2003-12-04,49.0
2003-12-05,48.66
2003-12-06,48.32
2003-12-07,47.98
2003-12-08,47.75
2003-12-09,47.31
2003-12-10,47.08
2003-12-11,46.86
2003-12-12,46.53
2003-12-13,46.21
2003-12-14,45.88
2003-12-15,45.45
2003-12-16,45.13
2003-12-17,44.92
2003-12-18,44.81
2003-12-19,46.42
2003-12-20,52.83
2003-12-21,62.1
2003-12-22,63.57
2003-12-23,58.57
2003-12-24,52.58
2003-12-25,48.43
2003-12-26,46.1
2003-12-27,44.92
2003-12-28,44.81
2003-12-29,45.77
2003-12-30,46.42
2003-12-31,45.34
2004-01-01,44.19
2004-01-02,43.46
2004-01-03,42.95
2004-01-04,42.55
2004-01-05,42.05
2004-01-06,41.66
2004-01-07,41.27
2004-01-08,41.07
2004-01-09,41.36
2004-01-10,41.66
2004-01-11,41.17
2004-01-12,40.5
2004-01-13,40.02
2004-01-14,39.74
2004-01-15,39.46
2004-01-16,39.09
2004-01-17,38.81
2004-01-18,38.45
2004-01-19,38.17
2004-01-20,37.9
2004-01-21,37.73
2004-01-22,37.46
2004-01-23,37.37
2004-01-24,38.36
2004-01-25,40.78
2004-01-26,42.35
2004-01-27,41.66
2004-01-28,40.21
2004-01-29,38.63
2004-01-30,37.46
2004-01-31,36.5
2004-02-01,35.98
2004-02-02,35.64
2004-02-03,35.39
2004-02-04,35.14
2004-02-05,34.89
2004-02-06,34.56
2004-02-07,33.83
2004-02-08,33.04
2004-02-09,32.42
2004-02-10,32.04
2004-02-11,31.73
2004-02-12,31.36
2004-02-13,31.06
2004-02-14,30.77
2004-02-15,30.41
2004-02-16,30.12
2004-02-17,29.9
2004-02-18,29.69
2004-02-19,29.55
2004-02-20,29.48
2004-02-21,29.48
2004-02-22,29.48
2004-02-23,29.2
2004-02-24,28.85
2004-02-25,28.44
2004-02-26,28.11
2004-02-27,28.11
2004-02-28,28.24
2004-02-29,28.24
2004-03-01,27.97
2004-03-02,27.71
2004-03-03,27.51
2004-03-04,27.31
2004-03-05,27.12
2004-03-06,26.8
2004-03-07,26.61
2004-03-08,26.35
2004-03-09,26.04
2004-03-10,25.85
2004-03-11,26.04
2004-03-12,26.1
2004-03-13,25.79
2004-03-14,25.36
2004-03-15,24.94
2004-03-16,24.64
2004-03-17,24.35
2004-03-18,24.12
2004-03-19,24.06
2004-03-20,24.53
2004-03-21,25.92
2004-03-22,27.91
2004-03-23,28.79
2004-03-24,28.72
2004-03-25,27.44
2004-03-26,25.98
2004-03-27,24.94
2004-03-28,24.18
2004-03-29,23.66
2004-03-30,23.55
2004-03-31,24.94
2004-04-01,27.38
2004-04-02,29.06
2004-04-03,29.34
2004-04-04,29.27
2004-04-05,30.33
2004-04-06,33.36
2004-04-07,40.59
2004-04-08,51.36
2004-04-09,60.52
2004-04-10,257.82
2004-04-11,1019.94
2004-04-12,1329.45
2004-04-13,962.83
2004-04-14,1613.36
2004-04-15,2991.27
2004-04-16,4148.54
2004-04-17,5235.01
2004-04-18,4569.88
2004-04-19,3146.75
2004-04-20,2248.05
2004-04-21,1744.82
2004-04-22,1451.11
2004-04-23,1272.5
2004-04-24,1179.32
2004-04-25,1082.93
2004-04-26,996.7
2004-04-27,936.56
2004-04-28,890.25
2004-04-29,848.18
2004-04-30,808.1
2004-05-01,766.36
2004-05-02,720.11
2004-05-03,673.53
2004-05-04,629.96
2004-05-05,587.84
2004-05-06,549.81
2004-05-07,522.6
2004-05-08,493.31
2004-05-09,461.38
2004-05-10,433.51
2004-05-11,407.32
2004-05-12,419.73
2004-05-13,538.51
2004-05-14,589.2
2004-05-15,532.33
2004-05-16,487.65
2004-05-17,451.9
2004-05-18,441.59
2004-05-19,484.29
2004-05-20,635.8
2004-05-21,1198.5
2004-05-22,1434.49
2004-05-23,1471.31
2004-05-24,1272.5
2004-05-25,1041.32
2004-05-26,900.57
2004-05-27,800.68
2004-05-28,748.89
2004-05-29,703.69
2004-05-30,659.69
2004-05-31,617.02
2004-06-01,577.1
2004-06-02,544.76
2004-06-03,647.63
2004-06-04,653.64
2004-06-05,602.95
2004-06-06,566.54
2004-06-07,533.56
2004-06-08,520.19
2004-06-09,510.68
2004-06-10,487.65
2004-06-11,480.95
2004-06-12,504.82
2004-06-13,578.43
2004-06-14,643.17
2004-06-15,628.51
2004-06-16,575.77
2004-06-17,569.16
2004-06-18,859.99
2004-06-19,965.05
2004-06-20,806.24
2004-06-21,904.73
2004-06-22,1275.44
2004-06-23,1464.55
2004-06-24,1299.17
2004-06-25,1075.47
2004-06-26,938.72
2004-06-27,869.96
2004-06-28,815.58
2004-06-29,759.33
2004-06-30,718.45
2004-07-01,678.2
2004-07-02,641.69
2004-07-03,621.3
2004-07-04,644.65
2004-07-05,1022.29
2004-07-06,1108.18
2004-07-07,1488.36
2004-07-08,1865.38
2004-07-09,2311.07
2004-07-10,2263.64
2004-07-11,1848.27
2004-07-12,1526.57
2004-07-13,1373.04
2004-07-14,1411.54
2004-07-15,1414.79
2004-07-16,1344.86
2004-07-17,1341.77
2004-07-18,1598.56
2004-07-19,1957.85
2004-07-20,1966.89
2004-07-21,1732.8
2004-07-22,1512.56
2004-07-23,1392.16
2004-07-24,1376.21
2004-07-25,1332.52
2004-07-26,1246.38
2004-07-27,1173.9
2004-07-28,1149.8
2004-07-29,1134.01
2004-07-30,1090.44
2004-07-31,1029.39
2004-08-01,962.83
2004-08-02,911.01
2004-08-03,876.0
2004-08-04,844.28
2004-08-05,804.38
2004-08-06,759.33
2004-08-07,713.5
2004-08-08,675.08
2004-08-09,646.14
2004-08-10,625.61
2004-08-11,605.74
2004-08-12,578.43
2004-08-13,549.81
2004-08-14,526.23
2004-08-15,503.66
2004-08-16,478.73
2004-08-17,464.59
2004-08-18,458.2
2004-08-19,462.45
2004-08-20,474.34
2004-08-21,469.98
2004-08-22,452.94
2004-08-23,433.51
2004-08-24,414.91
2004-08-25,395.28
2004-08-26,382.71
2004-08-27,436.52
2004-08-28,476.53
2004-08-29,484.29
2004-08-30,702.07
2004-08-31,750.62
2004-09-01,711.85
2004-09-02,644.65
2004-09-03,566.54
2004-09-04,542.25
2004-09-05,509.5
2004-09-06,475.43
2004-09-07,448.78
2004-09-08,609.94
2004-09-09,884.12
2004-09-10,911.01
2004-09-11,761.08
2004-09-12,992.12
2004-09-13,1087.93
2004-09-14,917.33
2004-09-15,782.43
2004-09-16,690.83
2004-09-17,631.41
2004-09-18,614.18
2004-09-19,601.56
2004-09-20,570.48
2004-09-21,537.27
2004-09-22,547.28
2004-09-23,566.54
2004-09-24,569.16
2004-09-25,558.76
2004-09-26,539.75
2004-09-27,517.8
2004-09-28,508.33
2004-09-29,522.6
2004-09-30,526.23
2004-10-01,505.99
2004-10-02,474.34
2004-10-03,453.99
2004-10-04,457.14
2004-10-05,624.17
2004-10-06,930.11
2004-10-07,1212.39
2004-10-08,1246.38
2004-10-09,1072.99
2004-10-10,898.5
2004-10-11,778.83
2004-10-12,697.23
2004-10-13,635.8
2004-10-14,609.94
2004-10-15,869.96
2004-10-16,1005.93
2004-10-17,852.1
2004-10-18,726.78
2004-10-19,643.17
2004-10-20,579.76
2004-10-21,528.66
2004-10-22,486.53
2004-10-23,448.78
2004-10-24,415.87
2004-10-25,386.26
2004-10-26,359.58
2004-10-27,335.51
2004-10-28,313.77
2004-10-29,292.76
2004-10-30,272.53
2004-10-31,253.68
2004-11-01,235.59
2004-11-02,217.78
2004-11-03,200.37
2004-11-04,184.78
2004-11-05,170.79
2004-11-06,157.12
2004-11-07,144.88
2004-11-08,134.83
2004-11-09,125.77
2004-11-10,118.95
2004-11-11,113.29
2004-11-12,105.91
2004-11-13,98.54
2004-11-14,92.54
2004-11-15,87.1
2004-11-16,82.18
2004-11-17,77.89
2004-11-18,73.3
2004-11-19,69.31
2004-11-20,65.99
2004-11-21,63.42
2004-11-22,60.94
2004-11-23,59.12
2004-11-24,58.16
2004-11-25,57.88
2004-11-26,57.21
2004-11-27,56.02
2004-11-28,54.72
2004-11-29,53.7
2004-11-30,52.83
2004-12-01,52.21
2004-12-02,51.72
2004-12-03,51.36
2004-12-04,51.0
2004-12-05,50.52
2004-12-06,50.17
2004-12-07,49.82
2004-12-08,49.47
2004-12-09,49.12
2004-12-10,48.89
2004-12-11,48.55
2004-12-12,48.2
2004-12-13,47.87
2004-12-14,47.42
2004-12-15,47.19
2004-12-16,46.86
2004-12-17,46.64
2004-12-18,46.42
2004-12-19,46.1
2004-12-20,45.77
2004-12-21,45.56
2004-12-22,45.56
2004-12-23,45.88
2004-12-24,45.56
2004-12-25,44.92
2004-12-26,44.5
2004-12-27,44.08
2004-12-28,43.77
2004-12-29,43.46
2004-12-30,43.16
2004-12-31,42.75
2005-01-01,42.45
2005-01-02,42.05
2005-01-03,41.76
2005-01-04,41.36
2005-01-05,41.07
2005-01-06,40.69
2005-01-07,40.4
2005-01-08,40.11
2005-01-09,39.93
2005-01-10,39.93
2005-01-11,39.64
2005-01-12,39.46
2005-01-13,39.27
2005-01-14,38.9
2005-01-15,38.54
2005-01-16,38.17
2005-01-17,37.9
2005-01-18,37.64
2005-01-19,37.55
2005-01-20,37.82
2005-01-21,37.73
2005-01-22,37.19
2005-01-23,36.76
2005-01-24,36.41
2005-01-25,36.24
2005-01-26,35.98
2005-01-27,35.73
2005-01-28,35.31
2005-01-29,34.97
2005-01-30,34.73
2005-01-31,34.32
2005-02-01,34.24
2005-02-02,34.24
2005-02-03,34.16
2005-02-04,33.83
2005-02-05,33.51
2005-02-06,33.12
2005-02-07,32.34
2005-02-08,31.51
2005-02-09,30.99
2005-02-10,30.62
2005-02-11,30.26
2005-02-12,30.05
2005-02-13,29.76
2005-02-14,29.55
2005-02-15,29.41
2005-02-16,29.34
2005-02-17,29.48
2005-02-18,29.83
2005-02-19,30.05
2005-02-20,30.12
2005-02-21,29.69
2005-02-22,29.13
2005-02-23,28.79
2005-02-24,28.51
2005-02-25,28.31
2005-02-26,27.91
2005-02-27,27.77
2005-02-28,27.71
2005-03-01,27.64
2005-03-02,27.38
2005-03-03,27.12
2005-03-04,26.86
2005-03-05,26.67
2005-03-06,26.48
2005-03-07,26.42
2005-03-08,26.93
2005-03-09,27.31
2005-03-10,27.18
2005-03-11,26.61
2005-03-12,26.04
2005-03-13,25.67
2005-03-14,25.3
2005-03-15,24.88
2005-03-16,24.64
2005-03-17,24.41
2005-03-18,24.35
2005-03-19,24.41
2005-03-20,25.06
2005-03-21,27.77
2005-03-22,33.28
2005-03-23,38.81
2005-03-24,43.36
2005-03-25,47.98
2005-03-26,53.2
2005-03-27,61.37
2005-03-28,99.0
2005-03-29,192.2
2005-03-30,173.98
2005-03-31,146.91
2005-04-01,126.64
2005-04-02,111.72
2005-04-03,98.54
2005-04-04,87.92
2005-04-05,79.17
2005-04-06,71.95
2005-04-07,66.76
2005-04-08,66.3
2005-04-09,66.3
2005-04-10,62.39
2005-04-11,57.75
2005-04-12,53.83
2005-04-13,50.29
2005-04-14,46.86
2005-04-15,43.36
2005-04-16,40.21
2005-04-17,37.55
2005-04-18,35.64
2005-04-19,34.32
2005-04-20,33.04
2005-04-21,31.66
2005-04-22,30.26
2005-04-23,29.41
2005-04-24,30.41
2005-04-25,32.81
2005-04-26,35.64
2005-04-27,39.36
2005-04-28,46.1
2005-04-29,54.34
2005-04-30,60.09
2005-05-01,62.1
2005-05-02,64.01
2005-05-03,65.37
2005-05-04,68.82
2005-05-05,80.66
2005-05-06,86.1
2005-05-07,103.23
2005-05-08,132.66
2005-05-09,123.74
2005-05-10,109.41
2005-05-11,98.54
2005-05-12,90.41
2005-05-13,85.5
2005-05-14,82.75
2005-05-15,81.22
2005-05-16,83.72
2005-05-17,88.13
2005-05-18,131.74
2005-05-19,233.42
2005-05-20,244.47
2005-05-21,292.76
2005-05-22,311.61
2005-05-23,396.19
2005-05-24,537.27
2005-05-25,516.61
2005-05-26,429.53
2005-05-27,375.7
2005-05-28,343.35
2005-05-29,313.77
2005-05-30,289.4
2005-05-31,272.53
2005-06-01,257.82
2005-06-02,242.22
2005-06-03,222.87
2005-06-04,205.54
2005-06-05,190.43
2005-06-06,180.13
2005-06-07,173.58
2005-06-08,170.0
2005-06-09,178.89
2005-06-10,180.97
2005-06-11,173.98
2005-06-12,164.2
2005-06-13,153.17
2005-06-14,142.88
2005-06-15,134.21
2005-06-16,126.06
2005-06-17,152.46
2005-06-18,183.08
2005-06-19,177.24
2005-06-20,161.55
2005-06-21,146.91
2005-06-22,138.64
2005-06-23,140.91
2005-06-24,176.01
2005-06-25,514.23
2005-06-26,587.84
2005-06-27,417.79
2005-06-28,323.34
2005-06-29,272.53
2005-06-30,242.22
2005-07-01,219.29
2005-07-02,201.77
2005-07-03,188.67
2005-07-04,176.42
2005-07-05,167.27
2005-07-06,164.2
2005-07-07,164.58
2005-07-08,164.2
2005-07-09,162.68
2005-07-10,166.88
2005-07-11,190.87
2005-07-12,195.79
2005-07-13,193.98
2005-07-14,188.67
2005-07-15,263.24
2005-07-16,308.03
2005-07-17,284.1
2005-07-18,266.3
2005-07-19,260.22
2005-07-20,250.77
2005-07-21,238.88
2005-07-22,225.46
2005-07-23,215.77
2005-07-24,209.38
2005-07-25,200.37
2005-07-26,190.87
2005-07-27,186.07
2005-07-28,184.35
2005-07-29,177.65
2005-07-30,167.66
2005-07-31,157.49
2005-08-01,148.97
2005-08-02,142.22
2005-08-03,138.32
2005-08-04,137.04
2005-08-05,136.72
2005-08-06,151.41
2005-08-07,156.04
2005-08-08,151.05
2005-08-09,143.21
2005-08-10,139.93
2005-08-11,138.0
2005-08-12,134.83
2005-08-13,133.9
2005-08-14,138.32
2005-08-15,144.21
2005-08-16,143.21
2005-08-17,144.88
2005-08-18,147.25
2005-08-19,157.12
2005-08-20,205.54
2005-08-21,213.78
2005-08-22,473.24
2005-08-23,469.98
2005-08-24,416.83
2005-08-25,389.84
2005-08-26,353.81
2005-08-27,327.1
2005-08-28,313.05
2005-08-29,299.61
2005-08-30,301.0
2005-08-31,294.12
2005-09-01,279.54
2005-09-02,265.69
2005-09-03,258.42
2005-09-04,251.93
2005-09-05,246.17
2005-09-06,242.22
2005-09-07,237.78
2005-09-08,231.27
2005-09-09,222.36
2005-09-10,213.29
2005-09-11,204.12
2005-09-12,193.54
2005-09-13,182.23
2005-09-14,171.98
2005-09-15,161.55
2005-09-16,150.36
2005-09-17,141.56
2005-09-18,135.46
2005-09-19,130.22
2005-09-20,268.15
2005-09-21,488.78
2005-09-22,390.74
2005-09-23,323.34
2005-09-24,280.84
2005-09-25,253.1
2005-09-26,236.14
2005-09-27,224.94
2005-09-28,215.27
2005-09-29,208.89
2005-09-30,206.97
2005-10-01,206.01
2005-10-02,202.24
2005-10-03,192.64
2005-10-04,178.06
2005-10-05,165.72
2005-10-06,157.85
2005-10-07,150.36
2005-10-08,141.89
2005-10-09,134.83
2005-10-10,129.02
2005-10-11,123.74
2005-10-12,118.95
2005-10-13,112.76
2005-10-14,107.39
2005-10-15,105.17
2005-10-16,105.91
2005-10-17,113.55
2005-10-18,126.94
2005-10-19,134.83
2005-10-20,136.72
2005-10-21,139.93
2005-10-22,147.94
2005-10-23,228.61
2005-10-24,396.19
2005-10-25,339.41
2005-10-26,277.61
2005-10-27,237.78
2005-10-28,209.86
2005-10-29,188.67
2005-10-30,170.79
2005-10-31,155.68
2005-11-01,143.54
2005-11-02,133.28
2005-11-03,123.17
2005-11-04,113.29
2005-11-05,104.2
2005-11-06,96.27
2005-11-07,89.16
2005-11-08,82.18
2005-11-09,76.09
2005-11-10,70.94
2005-11-11,67.23
2005-11-12,63.27
2005-11-13,59.12
2005-11-14,55.23
2005-11-15,51.72
2005-11-16,48.66
2005-11-17,46.32
2005-11-18,44.39
2005-11-19,43.06
2005-11-20,42.05
2005-11-21,40.98
2005-11-22,39.93
2005-11-23,39.18
2005-11-24,38.72
2005-11-25,38.36
2005-11-26,37.99
2005-11-27,37.64
2005-11-28,37.37
2005-11-29,37.02
2005-11-30,36.76
2005-12-01,36.41
2005-12-02,35.98
2005-12-03,35.73
2005-12-04,35.39
2005-12-05,35.14
2005-12-06,34.89
2005-12-07,34.65
2005-12-08,34.4
2005-12-09,34.08
2005-12-10,33.83
2005-12-11,33.59
2005-12-12,33.36
2005-12-13,33.12
2005-12-14,32.81
2005-12-15,32.57
2005-12-16,32.34
2005-12-17,32.04
2005-12-18,31.81
2005-12-19,31.58
2005-12-20,31.36
2005-12-21,31.14
2005-12-22,30.99
2005-12-23,31.81
2005-12-24,34.08
2005-12-25,35.06
2005-12-26,33.43
2005-12-27,31.66
2005-12-28,30.84
2005-12-29,30.41
2005-12-30,30.05
2005-12-31,29.83
2006-01-01,29.55
2006-01-02,29.27
2006-01-03,28.99
2006-01-04,28.72
2006-01-05,28.38
2006-01-06,28.11
2006-01-07,27.91
2006-01-08,27.64
2006-01-09,27.44
2006-01-10,27.18
2006-01-11,26.99
2006-01-12,26.8
2006-01-13,26.61
2006-01-14,26.42
2006-01-15,26.23
2006-01-16,26.04
2006-01-17,25.85
2006-01-18,25.67
2006-01-19,25.55
2006-01-20,25.42
2006-01-21,25.36
2006-01-22,25.24
2006-01-23,25.0
2006-01-24,24.76
2006-01-25,24.59
2006-01-26,24.35
2006-01-27,24.18
2006-01-28,23.95
2006-01-29,23.77
2006-01-30,23.55
2006-01-31,23.32
2006-02-01,23.15
2006-02-02,23.1
2006-02-03,22.93
2006-02-04,22.82
2006-02-05,22.66
2006-02-06,22.44
2006-02-07,21.8
2006-02-08,20.98
2006-02-09,20.48
2006-02-10,20.13
2006-02-11,19.94
2006-02-12,19.7
2006-02-13,19.51
2006-02-14,19.61
2006-02-15,20.09
2006-02-16,21.86
2006-02-17,27.05
2006-02-18,32.65
2006-02-19,33.12
2006-02-20,30.33
2006-02-21,27.97
2006-02-22,26.54
2006-02-23,25.55
2006-02-24,24.53
2006-02-25,23.32
2006-02-26,22.23
2006-02-27,21.54
2006-02-28,20.98
2006-03-01,20.58
2006-03-02,20.23
2006-03-03,19.99
2006-03-04,19.75
2006-03-05,19.56
2006-03-06,19.37
2006-03-07,19.14
2006-03-08,18.95
2006-03-09,18.77
2006-03-10,18.54
2006-03-11,18.41
2006-03-12,18.45
2006-03-13,18.54
2006-03-14,18.68
2006-03-15,18.72
2006-03-16,18.54
2006-03-17,18.23
2006-03-18,18.14
2006-03-19,18.01
2006-03-20,17.71
2006-03-21,17.45
2006-03-22,17.2
2006-03-23,16.99
2006-03-24,16.74
2006-03-25,16.58
2006-03-26,16.34
2006-03-27,16.14
2006-03-28,15.94
2006-03-29,15.79
2006-03-30,15.67
2006-03-31,15.48
2006-04-01,15.44
2006-04-02,15.48
2006-04-03,15.98
2006-04-04,113.55
2006-04-05,404.51
2006-04-06,412.05
2006-04-07,271.9
2006-04-08,196.24
2006-04-09,164.96
2006-04-10,160.81
2006-04-11,151.41
2006-04-12,135.46
2006-04-13,121.18
2006-04-14,109.15
2006-04-15,97.63
2006-04-16,86.9
2006-04-17,78.98
2006-04-18,76.09
2006-04-19,80.85
2006-04-20,86.3
2006-04-21,85.7
2006-04-22,79.72
2006-04-23,74.16
2006-04-24,71.78
2006-04-25,72.28
2006-04-26,73.47
2006-04-27,74.86
2006-04-28,76.27
2006-04-29,75.21
2006-04-30,69.15
2006-05-01,62.53
2006-05-02,56.81
2006-05-03,52.83
2006-05-04,52.83
2006-05-05,54.72
2006-05-06,80.66
2006-05-07,129.02
2006-05-08,126.35
2006-05-09,118.12
2006-05-10,111.2
2006-05-11,120.06
2006-05-12,139.93
2006-05-13,145.22
2006-05-14,192.2
2006-05-15,224.42
2006-05-16,205.06
2006-05-17,176.42
2006-05-18,152.46
2006-05-19,133.9
2006-05-20,119.78
2006-05-21,109.66
2006-05-22,101.33
2006-05-23,94.06
2006-05-24,88.33
2006-05-25,86.9
2006-05-26,89.16
2006-05-27,200.84
2006-05-28,960.61
2006-05-29,1155.11
2006-05-30,819.35
2006-05-31,625.61
2006-06-01,509.5
2006-06-02,432.51
2006-06-03,380.94
2006-06-04,341.77
2006-06-05,322.59
2006-06-06,317.42
2006-06-07,303.79
2006-06-08,282.79
2006-06-09,261.42
2006-06-10,413.95
2006-06-11,547.28
2006-06-12,641.69
2006-06-13,834.6
2006-06-14,817.47
2006-06-15,708.58
2006-06-16,607.13
2006-06-17,537.27
2006-06-18,487.65
2006-06-19,446.71
2006-06-20,428.54
2006-06-21,444.66
2006-06-22,468.89
2006-06-23,469.98
2006-06-24,463.52
2006-06-25,495.59
2006-06-26,533.56
2006-06-27,532.33
2006-06-28,504.82
2006-06-29,468.89
2006-06-30,442.61
2006-07-01,428.54
2006-07-02,415.87
2006-07-03,398.94
2006-07-04,399.87
2006-07-05,406.38
2006-07-06,399.87
2006-07-07,679.77
2006-07-08,1229.27
2006-07-09,1204.04
2006-07-10,913.11
2006-07-11,736.9
2006-07-12,635.8
2006-07-13,943.06
2006-07-14,936.56
2006-07-15,762.84
2006-07-16,646.14
2006-07-17,579.76
2006-07-18,537.27
2006-07-19,504.82
2006-07-20,476.53
2006-07-21,447.75
2006-07-22,415.87
2006-07-23,387.15
2006-07-24,362.08
2006-07-25,369.68
2006-07-26,420.7
2006-07-27,428.54
2006-07-28,409.2
2006-07-29,390.74
2006-07-30,380.07
2006-07-31,365.44
2006-08-01,346.54
2006-08-02,330.13
2006-08-03,315.96
2006-08-04,310.17
2006-08-05,302.39
2006-08-06,291.42
2006-08-07,279.54
2006-08-08,263.85
2006-08-09,250.77
2006-08-10,242.22
2006-08-11,231.27
2006-08-12,217.27
2006-08-13,204.59
2006-08-14,194.43
2006-08-15,189.99
2006-08-16,186.93
2006-08-17,175.6
2006-08-18,166.88
2006-08-19,162.68
2006-08-20,158.22
2006-08-21,155.68
2006-08-22,154.24
2006-08-23,150.01
2006-08-24,142.22
2006-08-25,138.0
2006-08-26,133.28
2006-08-27,128.72
2006-08-28,138.32
2006-08-29,157.49
2006-08-30,169.22
2006-08-31,166.88
2006-09-01,158.59
2006-09-02,149.66
2006-09-03,141.89
2006-09-04,133.9
2006-09-05,124.6
2006-09-06,115.14
2006-09-07,106.65
2006-09-08,101.8
2006-09-09,101.09
2006-09-10,140.25
2006-09-11,224.42
2006-09-12,333.19
2006-09-13,324.09
2006-09-14,270.02
2006-09-15,245.04
2006-09-16,237.78
2006-09-17,221.84
2006-09-18,207.45
2006-09-19,194.43
2006-09-20,180.55
2006-09-21,170.4
2006-09-22,216.27
2006-09-23,301.0
2006-09-24,290.74
2006-09-25,257.23
2006-09-26,231.27
2006-09-27,214.77
2006-09-28,198.99
2006-09-29,183.5
2006-09-30,173.98
2006-10-01,168.43
2006-10-02,163.44
2006-10-03,160.81
2006-10-04,158.22
2006-10-05,156.04
2006-10-06,152.82
2006-10-07,148.62
2006-10-08,138.64
2006-10-09,127.82
2006-10-10,118.4
2006-10-11,111.46
2006-10-12,108.4
2006-10-13,105.17
2006-10-14,100.16
2006-10-15,95.83
2006-10-16,91.68
2006-10-17,87.1
2006-10-18,83.53
2006-10-19,81.41
2006-10-20,77.89
2006-10-21,75.38
2006-10-22,75.56
2006-10-23,75.74
2006-10-24,72.79
2006-10-25,68.66
2006-10-26,64.77
2006-10-27,60.94
2006-10-28,57.34
2006-10-29,54.34
2006-10-30,51.48
2006-10-31,48.89
2006-11-01,46.75
2006-11-02,44.81
2006-11-03,43.26
2006-11-04,42.15
2006-11-05,41.85
2006-11-06,42.95
2006-11-07,43.36
2006-11-08,42.35
2006-11-09,41.46
2006-11-10,40.69
2006-11-11,40.59
2006-11-12,41.36
2006-11-13,41.17
2006-11-14,39.74
2006-11-15,38.45
2006-11-16,37.55
2006-11-17,36.93
2006-11-18,36.58
2006-11-19,36.33
2006-11-20,37.11
2006-11-21,40.98
2006-11-22,45.56
2006-11-23,45.67
2006-11-24,43.67
2006-11-25,41.56
2006-11-26,39.74
2006-11-27,38.54
2006-11-28,37.55
2006-11-29,36.58
2006-11-30,35.81
2006-12-01,34.97
2006-12-02,34.24
2006-12-03,33.67
2006-12-04,33.28
2006-12-05,32.88
2006-12-06,32.5
2006-12-07,32.27
2006-12-08,31.96
2006-12-09,31.66
2006-12-10,31.43
2006-12-11,31.14
2006-12-12,31.28
2006-12-13,32.11
2006-12-14,33.51
2006-12-15,33.51
2006-12-16,32.34
2006-12-17,31.14
2006-12-18,30.41
2006-12-19,29.83
2006-12-20,29.55
2006-12-21,29.2
2006-12-22,28.92
2006-12-23,28.65
2006-12-24,28.44
2006-12-25,28.17
2006-12-26,27.97
2006-12-27,27.84
2006-12-28,27.64
2006-12-29,27.38
2006-12-30,27.12
2006-12-31,26.93
2007-01-01,26.73
2007-01-02,26.8
2007-01-03,27.84
2007-01-04,28.79
2007-01-05,28.51
2007-01-06,27.51
2007-01-07,26.54
2007-01-08,25.85
2007-01-09,25.36
2007-01-10,25.0
2007-01-11,24.76
2007-01-12,24.53
2007-01-13,24.29
2007-01-14,24.06
2007-01-15,23.83
2007-01-16,23.6
2007-01-17,23.38
2007-01-18,23.15
2007-01-19,22.99
2007-01-20,22.82
2007-01-21,22.66
2007-01-22,22.44
2007-01-23,22.23
2007-01-24,21.96
2007-01-25,21.75
2007-01-26,21.49
2007-01-27,21.28
2007-01-28,21.03
2007-01-29,20.83
2007-01-30,20.63
2007-01-31,20.83
2007-02-01,22.6
2007-02-02,26.48
2007-02-03,27.97
2007-02-04,27.71
2007-02-05,28.92
2007-02-06,32.04
2007-02-07,34.24
2007-02-08,35.64
2007-02-09,39.64
2007-02-10,43.87
2007-02-11,42.75
2007-02-12,38.54
2007-02-13,37.46
2007-02-14,51.24
2007-02-15,91.04
2007-02-16,104.93
2007-02-17,94.5
2007-02-18,82.18
2007-02-19,73.3
2007-02-20,65.68
2007-02-21,58.16
2007-02-22,51.72
2007-02-23,46.32
2007-02-24,41.95
2007-02-25,38.45
2007-02-26,36.5
2007-02-27,38.26
2007-02-28,40.88
2007-03-01,41.85
2007-03-02,40.69
2007-03-03,39.83
2007-03-04,38.54
2007-03-05,36.58
2007-03-06,34.4
2007-03-07,32.42
2007-03-08,30.55
2007-03-09,28.79
2007-03-10,27.12
2007-03-11,25.67
2007-03-12,24.41
2007-03-13,23.43
2007-03-14,22.6
2007-03-15,22.33
2007-03-16,22.6
2007-03-17,22.5
2007-03-18,21.65
2007-03-19,20.68
2007-03-20,19.89
2007-03-21,19.46
2007-03-22,21.03
2007-03-23,65.68
2007-03-24,89.99
2007-03-25,75.21
2007-03-26,62.1
2007-03-27,51.0
2007-03-28,42.45
2007-03-29,36.07
2007-03-30,31.28
2007-03-31,27.77
2007-04-01,25.36
2007-04-02,23.66
2007-04-03,22.39
2007-04-04,21.54
2007-04-05,21.08
2007-04-06,23.43
2007-04-07,37.02
2007-04-08,74.51
2007-04-09,126.94
2007-04-10,256.63
2007-04-11,367.98
2007-04-12,306.61
2007-04-13,249.03
2007-04-14,206.97
2007-04-15,174.79
2007-04-16,150.36
2007-04-17,132.05
2007-04-18,117.03
2007-04-19,105.17
2007-04-20,96.72
2007-04-21,92.33
2007-04-22,91.68
2007-04-23,89.57
2007-04-24,94.72
2007-04-25,108.65
2007-04-26,111.2
2007-04-27,105.17
2007-04-28,99.69
2007-04-29,93.62
2007-04-30,85.3
2007-05-01,77.52
2007-05-02,70.12
2007-05-03,63.57
2007-05-04,58.16
2007-05-05,53.7
2007-05-06,49.58
2007-05-07,46.1
2007-05-08,45.13
2007-05-09,48.2
2007-05-10,55.23
2007-05-11,82.56
2007-05-12,116.49
2007-05-13,123.45
2007-05-14,203.17
2007-05-15,439.55
2007-05-16,466.74
2007-05-17,379.19
2007-05-18,318.89
2007-05-19,288.73
2007-05-20,287.4
2007-05-21,299.61
2007-05-22,439.55
2007-05-23,634.33
2007-05-24,662.74
2007-05-25,647.63
2007-05-26,501.34
2007-05-27,410.15
2007-05-28,379.19
2007-05-29,362.08
2007-05-30,338.63
2007-05-31,315.96
2007-06-01,295.48
2007-06-02,275.69
2007-06-03,265.69
2007-06-04,273.79
2007-06-05,280.19
2007-06-06,268.77
2007-06-07,298.92
2007-06-08,357.92
2007-06-09,505.99
2007-06-10,806.24
2007-06-11,1260.83
2007-06-12,1223.62
2007-06-13,904.73
2007-06-14,742.02
2007-06-15,667.34
2007-06-16,1263.74
2007-06-17,2740.57
2007-06-18,3110.72
2007-06-19,2316.39
2007-06-20,1639.59
2007-06-21,1357.31
2007-06-22,1332.52
2007-06-23,1237.8
2007-06-24,1126.2
2007-06-25,1034.14
2007-06-26,956.19
2007-06-27,908.91
2007-06-28,908.91
2007-06-29,913.11
2007-06-30,882.08
2007-07-01,846.23
2007-07-02,809.96
2007-07-03,791.5
2007-07-04,778.83
2007-07-05,740.31
2007-07-06,695.63
2007-07-07,659.69
2007-07-08,641.69
2007-07-09,614.18
2007-07-10,579.76
2007-07-11,543.5
2007-07-12,513.04
2007-07-13,488.78
2007-07-14,479.84
2007-07-15,487.65
2007-07-16,497.88
2007-07-17,496.74
2007-07-18,527.45
2007-07-19,622.73
2007-07-20,637.26
2007-07-21,579.76
2007-07-22,532.33
2007-07-23,577.1
2007-07-24,614.18
2007-07-25,919.45
2007-07-26,1229.27
2007-07-27,1192.99
2007-07-28,1034.14
2007-07-29,886.16
2007-07-30,789.68
2007-07-31,754.09
2007-08-01,780.63
2007-08-02,784.24
2007-08-03,736.9
2007-08-04,671.98
2007-08-05,615.59
2007-08-06,573.12
2007-08-07,537.27
2007-08-08,503.66
2007-08-09,471.06
2007-08-10,442.61
2007-08-11,421.67
2007-08-12,405.44
2007-08-13,387.15
2007-08-14,378.31
2007-08-15,387.15
2007-08-16,385.37
2007-08-17,369.68
2007-08-18,349.75
2007-08-19,332.43
2007-08-20,318.89
2007-08-21,309.46
2007-08-22,305.2
2007-08-23,302.39
2007-08-24,298.23
2007-08-25,565.24
2007-08-26,1075.47
2007-08-27,1139.25
2007-08-28,921.57
2007-08-29,771.68
2007-08-30,682.91
2007-08-31,622.73
2007-09-01,596.04
2007-09-02,720.11
2007-09-03,778.83
2007-09-04,742.02
2007-09-05,896.43
2007-09-06,1373.04
2007-09-07,1962.36
2007-09-08,2227.44
2007-09-09,1994.26
2007-09-10,1617.08
2007-09-11,1338.68
2007-09-12,1179.32
2007-09-13,1123.61
2007-09-14,1128.8
2007-09-15,1090.44
2007-09-16,1072.99
2007-09-17,1027.02
2007-09-18,951.8
2007-09-19,888.2
2007-09-20,828.85
2007-09-21,769.9
2007-09-22,715.14
2007-09-23,665.81
2007-09-24,619.87
2007-09-25,577.1
2007-09-26,542.25
2007-09-27,515.42
2007-09-28,497.88
2007-09-29,489.91
2007-09-30,485.41
2007-10-01,482.06
2007-10-02,474.34
2007-10-03,458.2
2007-10-04,435.52
2007-10-05,409.2
2007-10-06,386.26
2007-10-07,373.11
2007-10-08,442.61
2007-10-09,507.16
2007-10-10,493.31
2007-10-11,458.2
2007-10-12,419.73
2007-10-13,399.87
2007-10-14,407.32
2007-10-15,443.63
2007-10-16,539.75
2007-10-17,692.43
2007-10-18,686.07
2007-10-19,609.94
2007-10-20,560.05
2007-10-21,516.61
2007-10-22,475.43
2007-10-23,439.55
2007-10-24,406.38
2007-10-25,374.84
2007-10-26,345.74
2007-10-27,318.89
2007-10-28,294.12
2007-10-29,270.64
2007-10-30,249.61
2007-10-31,229.67
2007-11-01,210.84
2007-11-02,194.88
2007-11-03,186.07
2007-11-04,179.72
2007-11-05,168.04
2007-11-06,155.31
2007-11-07,145.89
2007-11-08,138.96
2007-11-09,129.02
2007-11-10,119.5
2007-11-11,114.08
2007-11-12,109.15
2007-11-13,102.04
2007-11-14,94.28
2007-11-15,132.35
2007-11-16,315.23
2007-11-17,337.06
2007-11-18,278.9
2007-11-19,228.09
2007-11-20,192.64
2007-11-21,166.49
2007-11-22,146.91
2007-11-23,132.35
2007-11-24,120.06
2007-11-25,108.65
2007-11-26,98.77
2007-11-27,90.41
2007-11-28,83.14
2007-11-29,77.16
2007-11-30,72.11
2007-12-01,68.18
2007-12-02,65.83
2007-12-03,64.01
2007-12-04,62.97
2007-12-05,62.39
2007-12-06,61.09
2007-12-07,58.7
2007-12-08,56.54
2007-12-09,54.72
2007-12-10,53.33
2007-12-11,52.09
2007-12-12,51.12
2007-12-13,50.29
2007-12-14,49.7
2007-12-15,49.23
2007-12-16,48.77
2007-12-17,48.32
2007-12-18,47.98
2007-12-19,47.53
2007-12-20,47.19
2007-12-21,46.75
2007-12-22,46.42
2007-12-23,46.21
2007-12-24,45.77
2007-12-25,45.34
2007-12-26,45.03
2007-12-27,44.71
2007-12-28,44.39
2007-12-29,44.08
2007-12-30,43.67
2007-12-31,43.36
2008-01-01,42.95
2008-01-02,42.65
2008-01-03,42.25
2008-01-04,41.85
2008-01-05,41.46
2008-01-06,41.17
2008-01-07,40.78
2008-01-08,40.5
2008-01-09,40.11
2008-01-10,39.83
2008-01-11,39.46
2008-01-12,39.18
2008-01-13,38.9
2008-01-14,38.63
2008-01-15,38.36
2008-01-16,38.08
2008-01-17,37.82
2008-01-18,37.46
2008-01-19,37.19
2008-01-20,36.84
2008-01-21,36.5
2008-01-22,36.24
2008-01-23,36.5
2008-01-24,38.36
2008-01-25,43.06
2008-01-26,48.55
2008-01-27,49.58
2008-01-28,48.89
2008-01-29,46.21
2008-01-30,42.65
2008-01-31,42.75
2008-02-01,46.1
2008-02-02,46.75
2008-02-03,44.19
2008-02-04,41.36
2008-02-05,39.09
2008-02-06,37.55
2008-02-07,36.07
2008-02-08,35.31
2008-02-09,35.98
2008-02-10,37.73
2008-02-11,37.99
2008-02-12,37.46
2008-02-13,36.41
2008-02-14,35.39
2008-02-15,34.81
2008-02-16,34.24
2008-02-17,33.67
2008-02-18,33.2
2008-02-19,32.81
2008-02-20,32.81
2008-02-21,33.28
2008-02-22,33.59
2008-02-23,33.04
2008-02-24,32.11
2008-02-25,31.51
2008-02-26,31.14
2008-02-27,31.21
2008-02-28,31.66
2008-02-29,31.51
2008-03-01,31.06
2008-03-02,30.7
2008-03-03,30.41
2008-03-04,30.55
2008-03-05,32.34
2008-03-06,36.84
2008-03-07,41.76
2008-03-08,42.05
2008-03-09,39.93
2008-03-10,40.69
2008-03-11,41.07
2008-03-12,39.93
2008-03-13,37.99
2008-03-14,35.98
2008-03-15,34.16
2008-03-16,32.65
2008-03-17,32.19
2008-03-18,32.88
2008-03-19,34.4
2008-03-20,37.11
2008-03-21,40.98
2008-03-22,50.17
2008-03-23,61.37
2008-03-24,66.92
2008-03-25,68.18
2008-03-26,67.23
2008-03-27,65.37
2008-03-28,65.07
2008-03-29,60.94
2008-03-30,55.1
2008-03-31,51.48
2008-04-01,52.58
2008-04-02,55.75
2008-04-03,59.53
2008-04-04,62.97
2008-04-05,66.3
2008-04-06,68.34
2008-04-07,65.07
2008-04-08,60.09
2008-04-09,55.89
2008-04-10,51.97
2008-04-11,48.32
2008-04-12,45.34
2008-04-13,43.16
2008-04-14,42.65
2008-04-15,45.45
2008-04-16,57.34
2008-04-17,69.79
2008-04-18,75.21
2008-04-19,72.45
2008-04-20,66.3
2008-04-21,60.8
2008-04-22,55.75
2008-04-23,51.36
2008-04-24,48.55
2008-04-25,48.2
2008-04-26,47.87
2008-04-27,46.21
2008-04-28,44.81
2008-04-29,44.39
2008-04-30,44.29
2008-05-01,45.03
2008-05-02,45.99
2008-05-03,47.87
2008-05-04,47.87
2008-05-05,46.64
2008-05-06,47.08
2008-05-07,49.12
2008-05-08,51.0
2008-05-09,52.33
2008-05-10,56.28
2008-05-11,63.27
2008-05-12,67.23
2008-05-13,65.99
2008-05-14,63.42
2008-05-15,63.57
2008-05-16,69.15
2008-05-17,79.72
2008-05-18,91.68
2008-05-19,109.15
2008-05-20,124.89
2008-05-21,137.36
2008-05-22,151.41
2008-05-23,185.64
2008-05-24,203.64
2008-05-25,195.79
2008-05-26,183.5
2008-05-27,168.43
2008-05-28,157.12
2008-05-29,152.46
2008-05-30,246.17
2008-05-31,415.87
2008-06-01,320.37
2008-06-02,276.97
2008-06-03,287.4
2008-06-04,323.34
2008-06-05,331.66
2008-06-06,329.37
2008-06-07,324.84
2008-06-08,346.54
2008-06-09,335.51
2008-06-10,323.34
2008-06-11,445.68
2008-06-12,475.43
2008-06-13,426.56
2008-06-14,392.55
2008-06-15,362.08
2008-06-16,347.34
2008-06-17,353.81
2008-06-18,368.83
2008-06-19,398.02
2008-06-20,398.02
2008-06-21,380.07
2008-06-22,366.28
2008-06-23,349.75
2008-06-24,334.74
2008-06-25,318.89
2008-06-26,320.37
2008-06-27,321.11
2008-06-28,326.34
2008-06-29,344.14
2008-06-30,556.19
2008-07-01,705.32
2008-07-02,702.07
2008-07-03,710.21
2008-07-04,679.77
2008-07-05,611.35
2008-07-06,571.8
2008-07-07,538.51
2008-07-08,510.68
2008-07-09,500.19
2008-07-10,492.17
2008-07-11,491.04
2008-07-12,495.59
2008-07-13,473.24
2008-07-14,476.53
2008-07-15,489.91
2008-07-16,486.53
2008-07-17,460.32
2008-07-18,428.54
2008-07-19,401.72
2008-07-20,388.94
2008-07-21,388.05
2008-07-22,397.11
2008-07-23,432.51
2008-07-24,429.53
2008-07-25,413.0
2008-07-26,409.2
2008-07-27,398.94
2008-07-28,385.37
2008-07-29,366.28
2008-07-30,350.56
2008-07-31,339.41
2008-08-01,339.41
2008-08-02,349.75
2008-08-03,390.74
2008-08-04,485.41
2008-08-05,571.8
2008-08-06,625.61
2008-08-07,587.84
2008-08-08,531.11
2008-08-09,482.06
2008-08-10,444.66
2008-08-11,434.51
2008-08-12,436.52
2008-08-13,414.91
2008-08-14,391.65
2008-08-15,379.19
2008-08-16,414.91
2008-08-17,537.27
2008-08-18,605.74
2008-08-19,566.54
2008-08-20,510.68
2008-08-21,476.53
2008-08-22,466.74
2008-08-23,475.43
2008-08-24,494.45
2008-08-25,547.28
2008-08-26,571.8
2008-08-27,571.8
2008-08-28,778.83
2008-08-29,798.83
2008-08-30,705.32
2008-08-31,629.96
2008-09-01,573.12
2008-09-02,537.27
2008-09-03,504.82
2008-09-04,497.88
2008-09-05,510.68
2008-09-06,511.86
2008-09-07,499.03
2008-09-08,488.78
2008-09-09,480.95
2008-09-10,460.32
2008-09-11,434.51
2008-09-12,409.2
2008-09-13,388.94
2008-09-14,380.94
2008-09-15,370.54
2008-09-16,356.27
2008-09-17,353.0
2008-09-18,355.45
2008-09-19,352.18
2008-09-20,341.77
2008-09-21,338.63
2008-09-22,354.63
2008-09-23,361.24
2008-09-24,355.45
2008-09-25,350.56
2008-09-26,348.95
2008-09-27,374.84
2008-09-28,405.44
2008-09-29,393.46
2008-09-30,366.28
2008-10-01,344.14
2008-10-02,355.45
2008-10-03,412.05
2008-10-04,578.43
2008-10-05,668.88
2008-10-06,621.3
2008-10-07,591.93
2008-10-08,558.76
2008-10-09,515.42
2008-10-10,476.53
2008-10-11,442.61
2008-10-12,410.15
2008-10-13,380.94
2008-10-14,353.81
2008-10-15,330.89
2008-10-16,309.46
2008-10-17,286.74
2008-10-18,265.07
2008-10-19,243.91
2008-10-20,225.46
2008-10-21,208.89
2008-10-22,195.34
2008-10-23,181.81
2008-10-24,168.04
2008-10-25,160.44
2008-10-26,340.19
2008-10-27,573.12
2008-10-28,478.73
2008-10-29,387.15
2008-10-30,326.34
2008-10-31,283.45
2008-11-01,251.35
2008-11-02,224.42
2008-11-03,202.24
2008-11-04,183.08
2008-11-05,167.27
2008-11-06,153.53
2008-11-07,141.56
2008-11-08,130.22
2008-11-09,119.78
2008-11-10,110.43
2008-11-11,102.28
2008-11-12,94.94
2008-11-13,88.33
2008-11-14,82.37
2008-11-15,76.98
2008-11-16,72.28
2008-11-17,67.87
2008-11-18,64.16
2008-11-19,60.94
2008-11-20,58.29
2008-11-21,56.28
2008-11-22,54.59
2008-11-23,53.58
2008-11-24,52.7
2008-11-25,51.97
2008-11-26,51.24
2008-11-27,50.76
2008-11-28,50.29
2008-11-29,49.82
2008-11-30,49.35
2008-12-01,48.89
2008-12-02,48.55
2008-12-03,48.2
2008-12-04,47.87
2008-12-05,47.64
2008-12-06,47.19
2008-12-07,46.86
2008-12-08,46.53
2008-12-09,46.1
2008-12-10,45.77
2008-12-11,45.56
2008-12-12,45.34
2008-12-13,45.03
2008-12-14,44.71
2008-12-15,44.5
2008-12-16,44.19
2008-12-17,43.77
2008-12-18,43.46
2008-12-19,43.06
2008-12-20,42.75
2008-12-21,42.45
2008-12-22,42.15
2008-12-23,41.76
2008-12-24,41.56
2008-12-25,41.27
2008-12-26,41.07
2008-12-27,40.88
2008-12-28,40.69
2008-12-29,40.5
2008-12-30,40.21
2008-12-31,39.93
2009-01-01,39.55
2009-01-02,39.27
2009-01-03,38.9
2009-01-04,38.63
2009-01-05,38.36
2009-01-06,37.99
2009-01-07,37.64
2009-01-08,37.37
2009-01-09,37.02
2009-01-10,36.76
2009-01-11,36.41
2009-01-12,36.15
2009-01-13,35.9
2009-01-14,35.56
2009-01-15,35.22
2009-01-16,34.97
2009-01-17,34.65
2009-01-18,34.32
2009-01-19,33.99
2009-01-20,33.83
2009-01-21,33.59
2009-01-22,33.28
2009-01-23,32.96
2009-01-24,32.73
2009-01-25,32.65
2009-01-26,32.5
2009-01-27,32.34
2009-01-28,32.27
2009-01-29,32.42
2009-01-30,32.5
2009-01-31,32.04
2009-02-01,31.66
2009-02-02,31.28
2009-02-03,30.99
2009-02-04,30.62
2009-02-05,30.33
2009-02-06,29.97
2009-02-07,29.2
2009-02-08,28.24
2009-02-09,27.71
2009-02-10,27.38
2009-02-11,27.05
2009-02-12,26.73
2009-02-13,26.42
2009-02-14,26.16
2009-02-15,25.92
2009-02-16,25.61
2009-02-17,25.42
2009-02-18,25.3
2009-02-19,25.06
2009-02-20,24.82
2009-02-21,24.59
2009-02-22,24.35
2009-02-23,24.18
2009-02-24,24.0
2009-02-25,23.95
2009-02-26,23.95
2009-02-27,24.12
2009-02-28,24.23
2009-03-01,24.18
2009-03-02,23.95
2009-03-03,23.66
2009-03-04,23.43
2009-03-05,23.27
2009-03-06,23.1
2009-03-07,22.93
2009-03-08,22.71
2009-03-09,22.39
2009-03-10,22.07
2009-03-11,21.8
2009-03-12,21.54
2009-03-13,21.39
2009-03-14,21.13
2009-03-15,20.88
2009-03-16,20.68
2009-03-17,20.48
2009-03-18,20.23
2009-03-19,20.09
2009-03-20,19.89
2009-03-21,19.8
2009-03-22,19.56
2009-03-23,19.42
2009-03-24,19.42
2009-03-25,19.32
2009-03-26,19.0
2009-03-27,18.82
2009-03-28,18.82
2009-03-29,19.09
2009-03-30,20.48
2009-03-31,23.55
2009-04-01,25.85
2009-04-02,25.73
2009-04-03,24.64
2009-04-04,27.12
2009-04-05,32.5
2009-04-06,34.73
2009-04-07,32.81
2009-04-08,30.26
2009-04-09,28.11
2009-04-10,26.61
2009-04-11,26.29
2009-04-12,25.98
2009-04-13,25.0
2009-04-14,23.77
2009-04-15,22.71
2009-04-16,22.82
2009-04-17,22.82
2009-04-18,22.12
2009-04-19,21.34
2009-04-20,21.34
2009-04-21,136.09
2009-04-22,336.29
2009-04-23,229.14
2009-04-24,160.81
2009-04-25,120.34
2009-04-26,94.5
2009-04-27,76.62
2009-04-28,63.71
2009-04-29,54.34
2009-04-30,52.95
2009-05-01,164.96
2009-05-02,321.85
2009-05-03,230.74
2009-05-04,167.27
2009-05-05,130.83
2009-05-06,117.3
2009-05-07,149.31
2009-05-08,134.21
2009-05-09,107.64
2009-05-10,88.74
2009-05-11,76.27
2009-05-12,68.82
2009-05-13,65.68
2009-05-14,65.53
2009-05-15,68.34
2009-05-16,70.12
2009-05-17,72.79
2009-05-18,240.55
2009-05-19,405.44
2009-05-20,312.33
2009-05-21,235.05
2009-05-22,188.23
2009-05-23,157.12
2009-05-24,139.6
2009-05-25,221.33
2009-05-26,437.53
2009-05-27,426.56
2009-05-28,340.98
2009-05-29,290.74
2009-05-30,261.42
2009-05-31,245.04
2009-06-01,235.59
2009-06-02,224.94
2009-06-03,211.32
2009-06-04,198.99
2009-06-05,190.87
2009-06-06,199.45
2009-06-07,214.77
2009-06-08,232.88
2009-06-09,285.42
2009-06-10,348.14
2009-06-11,299.61
2009-06-12,263.24
2009-06-13,256.04
2009-06-14,261.42
2009-06-15,256.04
2009-06-16,288.07
2009-06-17,352.18
2009-06-18,329.37
2009-06-19,299.61
2009-06-20,303.79
2009-06-21,336.29
2009-06-22,311.61
2009-06-23,282.79
2009-06-24,268.77
2009-06-25,266.3
2009-06-26,265.69
2009-06-27,260.22
2009-06-28,259.62
2009-06-29,288.73
2009-06-30,398.94
2009-07-01,496.74
2009-07-02,1115.86
2009-07-03,1326.39
2009-07-04,1008.25
2009-07-05,789.68
2009-07-06,665.81
2009-07-07,582.45
2009-07-08,522.6
2009-07-09,476.53
2009-07-10,437.53
2009-07-11,404.51
2009-07-12,374.84
2009-07-13,350.56
2009-07-14,334.74
2009-07-15,324.84
2009-07-16,308.74
2009-07-17,290.07
2009-07-18,280.19
2009-07-19,278.25
2009-07-20,270.64
2009-07-21,254.27
2009-07-22,237.78
2009-07-23,225.46
2009-07-24,212.3
2009-07-25,200.84
2009-07-26,190.43
2009-07-27,284.1
2009-07-28,546.02
2009-07-29,661.22
2009-07-30,604.34
2009-07-31,579.76
2009-08-01,690.83
2009-08-02,695.63
2009-08-03,578.43
2009-08-04,528.66
2009-08-05,525.02
2009-08-06,511.86
2009-08-07,477.63
2009-08-08,450.86
2009-08-09,432.51
2009-08-10,410.15
2009-08-11,411.1
2009-08-12,453.99
2009-08-13,495.59
2009-08-14,605.74
2009-08-15,902.65
2009-08-16,1005.93
2009-08-17,828.85
2009-08-18,752.36
2009-08-19,780.63
2009-08-20,800.68
2009-08-21,846.23
2009-08-22,859.99
2009-08-23,863.97
2009-08-24,844.28
2009-08-25,786.05
2009-08-26,735.21
2009-08-27,681.34
2009-08-28,634.33
2009-08-29,614.18
2009-08-30,598.79
2009-08-31,578.43
2009-09-01,549.81
2009-09-02,516.61
2009-09-03,484.29
2009-09-04,483.17
2009-09-05,511.86
2009-09-06,525.02
2009-09-07,510.68
2009-09-08,483.17
2009-09-09,480.95
2009-09-10,496.74
2009-09-11,489.91
2009-09-12,462.45
2009-09-13,432.51
2009-09-14,410.15
2009-09-15,391.65
2009-09-16,378.31
2009-09-17,399.87
2009-09-18,451.9
2009-09-19,503.66
2009-09-20,513.04
2009-09-21,551.08
2009-09-22,637.26
2009-09-23,980.75
2009-09-24,1063.14
2009-09-25,896.43
2009-09-26,777.04
2009-09-27,689.24
2009-09-28,617.02
2009-09-29,562.64
2009-09-30,516.61
2009-10-01,474.34
2009-10-02,437.53
2009-10-03,418.76
2009-10-04,444.66
2009-10-05,522.6
2009-10-06,557.47
2009-10-07,533.56
2009-10-08,515.42
2009-10-09,522.6
2009-10-10,562.64
2009-10-11,586.49
2009-10-12,532.33
2009-10-13,475.43
2009-10-14,431.51
2009-10-15,423.62
2009-10-16,442.61
2009-10-17,447.75
2009-10-18,421.67
2009-10-19,389.84
2009-10-20,360.41
2009-10-21,333.19
2009-10-22,307.32
2009-10-23,282.79
2009-10-24,261.42
2009-10-25,241.66
2009-10-26,222.87
2009-10-27,204.59
2009-10-28,188.23
2009-10-29,173.18
2009-10-30,158.96
2009-10-31,145.22
2009-11-01,132.66
2009-11-02,120.9
2009-11-03,110.43
2009-11-04,101.33
2009-11-05,94.06
2009-11-06,86.9
2009-11-07,80.85
2009-11-08,76.27
2009-11-09,72.96
2009-11-10,68.98
2009-11-11,64.92
2009-11-12,61.09
2009-11-13,57.75
2009-11-14,54.98
2009-11-15,52.95
2009-11-16,52.09
2009-11-17,51.97
2009-11-18,52.7
2009-11-19,54.72
2009-11-20,54.34
2009-11-21,53.58
2009-11-22,53.45
2009-11-23,51.72
2009-11-24,49.58
2009-11-25,48.09
2009-11-26,46.86
2009-11-27,46.21
2009-11-28,46.1
2009-11-29,46.1
2009-11-30,45.34
2009-12-01,44.19
2009-12-02,43.26
2009-12-03,42.55
2009-12-04,42.05
2009-12-05,41.76
2009-12-06,42.35
2009-12-07,43.77
2009-12-08,43.98
2009-12-09,43.16
2009-12-10,42.65
2009-12-11,41.76
2009-12-12,40.88
2009-12-13,40.11
2009-12-14,39.55
2009-12-15,39.18
2009-12-16,39.27
2009-12-17,38.9
2009-12-18,38.36
2009-12-19,37.99
2009-12-20,38.17
2009-12-21,39.09
2009-12-22,38.72
2009-12-23,37.73
2009-12-24,37.02
2009-12-25,36.67
2009-12-26,36.41
2009-12-27,36.07
2009-12-28,35.81
2009-12-29,35.48
2009-12-30,35.31
2009-12-31,34.97
2010-01-01,34.73
2010-01-02,34.48
2010-01-03,34.16
2010-01-04,33.75
2010-01-05,33.43
2010-01-06,33.2
2010-01-07,32.88
2010-01-08,32.57
2010-01-09,32.27
2010-01-10,31.96
2010-01-11,31.66
2010-01-12,31.36
2010-01-13,31.06
2010-01-14,30.77
2010-01-15,30.48
2010-01-16,30.26
2010-01-17,29.9
2010-01-18,29.62
2010-01-19,29.27
2010-01-20,28.99
2010-01-21,28.72
2010-01-22,28.44
2010-01-23,28.11
2010-01-24,27.84
2010-01-25,27.58
2010-01-26,27.31
2010-01-27,27.05
2010-01-28,26.8
2010-01-29,26.54
2010-01-30,26.29
2010-01-31,26.04
2010-02-01,25.85
2010-02-02,25.73
2010-02-03,25.55
2010-02-04,25.24
2010-02-05,25.0
2010-02-06,24.76
2010-02-07,24.12
2010-02-08,23.21
2010-02-09,22.66
2010-02-10,22.33
2010-02-11,22.07
2010-02-12,21.8
2010-02-13,21.54
2010-02-14,21.34
2010-02-15,21.08
2010-02-16,20.93
2010-02-17,20.78
2010-02-18,20.73
2010-02-19,20.68
2010-02-20,20.48
2010-02-21,20.33
2010-02-22,20.09
2010-02-23,19.89
2010-02-24,19.65
2010-02-25,19.42
2010-02-26,19.23
2010-02-27,19.28
2010-02-28,19.42
2010-03-01,19.51
2010-03-02,19.42
2010-03-03,19.23
2010-03-04,19.0
2010-03-05,18.77
2010-03-06,18.68
2010-03-07,19.04
2010-03-08,19.51
2010-03-09,19.51
2010-03-10,19.0
2010-03-11,18.45
2010-03-12,18.01
2010-03-13,17.71
2010-03-14,17.45
2010-03-15,17.45
2010-03-16,17.92
2010-03-17,18.72
2010-03-18,18.72
2010-03-19,18.01
2010-03-20,17.37
2010-03-21,16.91
2010-03-22,16.58
2010-03-23,16.34
2010-03-24,16.14
2010-03-25,15.98
2010-03-26,15.9
2010-03-27,15.98
2010-03-28,17.32
2010-03-29,22.33
2010-03-30,40.3
2010-03-31,70.45
2010-04-01,88.95
2010-04-02,112.24
2010-04-03,122.88
2010-04-04,108.4
2010-04-05,90.41
2010-04-06,76.98
2010-04-07,67.71
2010-04-08,60.09
2010-04-09,53.2
2010-04-10,47.87
2010-04-11,44.92
2010-04-12,42.65
2010-04-13,41.27
2010-04-14,39.83
2010-04-15,38.08
2010-04-16,37.37
2010-04-17,60.24
2010-04-18,112.5
2010-04-19,1105.62
2010-04-20,2442.43
2010-04-21,2305.75
2010-04-22,1351.07
2010-04-23,850.14
2010-04-24,619.87
2010-04-25,499.03
2010-04-26,438.54
2010-04-27,403.58
2010-04-28,375.7
2010-04-29,344.94
2010-04-30,333.97
2010-05-01,333.97
2010-05-02,320.37
2010-05-03,304.49
2010-05-04,284.76
2010-05-05,266.92
2010-05-06,263.24
2010-05-07,265.69
2010-05-08,290.74
2010-05-09,318.89
2010-05-10,434.51
2010-05-11,527.45
2010-05-12,436.52
2010-05-13,375.7
2010-05-14,336.29
2010-05-15,308.03
2010-05-16,284.1
2010-05-17,264.46
2010-05-18,250.19
2010-05-19,237.78
2010-05-20,275.69
2010-05-21,502.5
2010-05-22,615.59
2010-05-23,473.24
2010-05-24,381.82
2010-05-25,673.53
2010-05-26,856.04
2010-05-27,748.89
2010-05-28,668.88
2010-05-29,601.56
2010-05-30,544.76
2010-05-31,529.88
2010-06-01,542.25
2010-06-02,708.58
2010-06-03,1583.89
2010-06-04,1835.54
2010-06-05,1530.09
2010-06-06,1720.87
2010-06-07,1865.38
2010-06-08,1844.02
2010-06-09,1904.46
2010-06-10,1628.3
2010-06-11,1379.38
2010-06-12,1160.45
2010-06-13,1087.93
2010-06-14,1036.53
2010-06-15,976.24
2010-06-16,913.11
2010-06-17,869.96
2010-06-18,859.99
2010-06-19,927.97
2010-06-20,1046.13
2010-06-21,1100.54
2010-06-22,985.28
2010-06-23,936.56
2010-06-24,936.56
2010-06-25,936.56
2010-06-26,890.25
2010-06-27,830.76
2010-06-28,809.96
2010-06-29,1075.47
2010-06-30,1565.75
2010-07-01,1512.56
2010-07-02,1272.5
2010-07-03,1128.8
2010-07-04,1036.53
2010-07-05,971.75
2010-07-06,917.33
2010-07-07,858.01
2010-07-08,806.24
2010-07-09,754.09
2010-07-10,708.58
2010-07-11,710.21
2010-07-12,730.14
2010-07-13,694.02
2010-07-14,644.65
2010-07-15,641.69
2010-07-16,637.26
2010-07-17,621.3
2010-07-18,602.95
2010-07-19,615.59
2010-07-20,634.33
2010-07-21,631.41
2010-07-22,604.34
2010-07-23,573.12
2010-07-24,546.02
2010-07-25,526.23
2010-07-26,511.86
2010-07-27,511.86
2010-07-28,569.16
2010-07-29,612.76
2010-07-30,605.74
2010-07-31,579.76
2010-08-01,548.54
2010-08-02,553.63
2010-08-03,570.48
2010-08-04,569.16
2010-08-05,547.28
2010-08-06,538.51
2010-08-07,520.19
2010-08-08,499.03
2010-08-09,479.84
2010-08-10,461.38
2010-08-11,447.75
2010-08-12,447.75
2010-08-13,448.78
2010-08-14,458.2
2010-08-15,477.63
2010-08-16,489.91
2010-08-17,479.84
2010-08-18,468.89
2010-08-19,456.09
2010-08-20,476.53
2010-08-21,488.78
2010-08-22,520.19
2010-08-23,522.6
2010-08-24,510.68
2010-08-25,511.86
2010-08-26,594.66
2010-08-27,695.63
2010-08-28,670.43
2010-08-29,618.44
2010-08-30,602.95
2010-08-31,655.15
2010-09-01,635.8
2010-09-02,590.56
2010-09-03,562.64
2010-09-04,548.54
2010-09-05,520.19
2010-09-06,485.41
2010-09-07,461.38
2010-09-08,450.86
2010-09-09,438.54
2010-09-10,420.7
2010-09-11,405.44
2010-09-12,394.37
2010-09-13,407.32
2010-09-14,492.17
2010-09-15,513.04
2010-09-16,511.86
2010-09-17,513.04
2010-09-18,521.4
2010-09-19,529.88
2010-09-20,575.77
2010-09-21,579.76
2010-09-22,548.54
2010-09-23,510.68
2010-09-24,508.33
2010-09-25,551.08
2010-09-26,594.66
2010-09-27,629.96
2010-09-28,601.56
2010-09-29,565.24
2010-09-30,517.8
2010-10-01,478.73
2010-10-02,457.14
2010-10-03,435.52
2010-10-04,409.2
2010-10-05,395.28
2010-10-06,417.79
2010-10-07,537.27
2010-10-08,1822.9
2010-10-09,2036.04
2010-10-10,1444.44
2010-10-11,1072.99
2010-10-12,890.25
2010-10-13,778.83
2010-10-14,705.32
2010-10-15,661.22
2010-10-16,635.8
2010-10-17,617.02
2010-10-18,597.41
2010-10-19,566.54
2010-10-20,526.23
2010-10-21,494.45
2010-10-22,477.63
2010-10-23,466.74
2010-10-24,448.78
2010-10-25,423.62
2010-10-26,398.02
2010-10-27,370.54
2010-10-28,345.74
2010-10-29,322.59
2010-10-30,298.92
2010-10-31,276.33
2010-11-01,256.63
2010-11-02,243.91
2010-11-03,238.33
2010-11-04,230.21
2010-11-05,215.27
2010-11-06,198.53
2010-11-07,182.65
2010-11-08,168.04
2010-11-09,154.6
2010-11-10,142.22
2010-11-11,130.52
2010-11-12,119.5
2010-11-13,110.17
2010-11-14,102.99
2010-11-15,96.05
2010-11-16,89.57
2010-11-17,83.72
2010-11-18,81.22
2010-11-19,80.85
2010-11-20,78.25
2010-11-21,76.09
2010-11-22,73.99
2010-11-23,72.62
2010-11-24,69.47
2010-11-25,66.45
2010-11-26,64.31
2010-11-27,62.39
2010-11-28,61.23
2010-11-29,60.52
2010-11-30,59.81
2010-12-01,59.67
2010-12-02,59.53
2010-12-03,57.88
2010-12-04,55.75
2010-12-05,53.95
2010-12-06,52.33
2010-12-07,51.0
2010-12-08,50.64
2010-12-09,55.89
2010-12-10,71.11
2010-12-11,81.99
2010-12-12,81.22
2010-12-13,78.07
2010-12-14,72.45
2010-12-15,66.76
2010-12-16,62.83
2010-12-17,59.39
2010-12-18,56.41
2010-12-19,53.95
2010-12-20,51.97
2010-12-21,50.17
2010-12-22,48.77
2010-12-23,47.53
2010-12-24,46.53
2010-12-25,45.88
2010-12-26,45.34
2010-12-27,44.71
2010-12-28,44.08
2010-12-29,43.57
2010-12-30,43.16
2010-12-31,42.85
2011-01-01,42.45
2011-01-02,42.25
2011-01-03,42.25
2011-01-04,42.35
2011-01-05,41.76
2011-01-06,41.27
2011-01-07,40.88
2011-01-08,40.5
2011-01-09,40.11
2011-01-10,39.83
2011-01-11,39.55
2011-01-12,39.55
2011-01-13,39.36
2011-01-14,38.99
2011-01-15,38.63
2011-01-16,38.81
2011-01-17,40.4
2011-01-18,41.95
2011-01-19,40.88
2011-01-20,39.18
2011-01-21,38.26
2011-01-22,37.73
2011-01-23,37.37
2011-01-24,37.02
2011-01-25,36.67
2011-01-26,36.24
2011-01-27,35.9
2011-01-28,35.56
2011-01-29,35.31
2011-01-30,34.97
2011-01-31,34.65
2011-02-01,34.65
2011-02-02,34.81
2011-02-03,34.56
2011-02-04,33.99
2011-02-05,33.59
2011-02-06,33.28
2011-02-07,32.57
2011-02-08,31.73
2011-02-09,31.21
2011-02-10,30.84
2011-02-11,30.55
2011-02-12,30.26
2011-02-13,29.97
2011-02-14,29.69
2011-02-15,29.41
2011-02-16,29.2
2011-02-17,29.06
2011-02-18,28.99
2011-02-19,28.85
2011-02-20,28.72
2011-02-21,28.51
2011-02-22,28.31
2011-02-23,27.97
2011-02-24,27.58
2011-02-25,27.25
2011-02-26,26.93
2011-02-27,26.8
2011-02-28,26.8
2011-03-01,26.73
2011-03-02,26.48
2011-03-03,26.16
2011-03-04,25.98
2011-03-05,25.73
2011-03-06,25.42
2011-03-07,25.12
2011-03-08,24.88
2011-03-09,24.7
2011-03-10,24.35
2011-03-11,24.12
2011-03-12,24.12
2011-03-13,24.35
2011-03-14,24.41
2011-03-15,24.18
2011-03-16,23.83
2011-03-17,23.43
2011-03-18,23.77
2011-03-19,25.3
2011-03-20,27.58
2011-03-21,29.06
2011-03-22,28.85
2011-03-23,27.91
2011-03-24,26.86
2011-03-25,25.55
2011-03-26,24.53
2011-03-27,24.18
2011-03-28,25.0
2011-03-29,27.18
2011-03-30,30.12
2011-03-31,35.31
2011-04-01,43.26
2011-04-02,49.47
2011-04-03,48.2
2011-04-04,43.77
2011-04-05,40.5
2011-04-06,38.81
2011-04-07,36.67
2011-04-08,33.91
2011-04-09,31.14
2011-04-10,28.92
2011-04-11,27.91
2011-04-12,27.77
2011-04-13,27.18
2011-04-14,26.93
2011-04-15,28.38
2011-04-16,32.11
2011-04-17,36.15
2011-04-18,38.54
2011-04-19,37.9
2011-04-20,36.33
2011-04-21,35.14
2011-04-22,33.75
2011-04-23,31.89
2011-04-24,30.48
2011-04-25,30.55
2011-04-26,31.96
2011-04-27,33.12
2011-04-28,33.59
2011-04-29,35.81
2011-04-30,40.4
2011-05-01,43.46
2011-05-02,45.77
2011-05-03,53.7
2011-05-04,81.6
2011-05-05,97.63
2011-05-06,95.16
2011-05-07,85.7
2011-05-08,77.52
2011-05-09,71.95
2011-05-10,70.94
2011-05-11,78.07
2011-05-12,85.3
2011-05-13,87.92
2011-05-14,91.9
2011-05-15,105.66
2011-05-16,112.76
2011-05-17,111.98
2011-05-18,110.94
2011-05-19,132.97
2011-05-20,188.23
2011-05-21,747.17
2011-05-22,1060.7
2011-05-23,817.47
2011-05-24,604.34
2011-05-25,483.17
2011-05-26,412.05
2011-05-27,364.59
2011-05-28,335.51
2011-05-29,374.84
2011-05-30,1012.91
2011-05-31,1398.59
2011-06-01,1048.54
2011-06-02,764.6
2011-06-03,617.02
2011-06-04,536.03
2011-06-05,477.63
2011-06-06,431.51
2011-06-07,398.02
2011-06-08,427.55
2011-06-09,491.04
2011-06-10,491.04
2011-06-11,460.32
2011-06-12,423.62
2011-06-13,396.19
2011-06-14,398.02
2011-06-15,484.29
2011-06-16,614.18
2011-06-17,647.63
2011-06-18,609.94
2011-06-19,558.76
2011-06-20,509.5
2011-06-21,473.24
2011-06-22,445.68
2011-06-23,457.14
2011-06-24,460.32
2011-06-25,447.75
2011-06-26,438.54
2011-06-27,414.91
2011-06-28,397.11
2011-06-29,402.65
2011-06-30,536.03
2011-07-01,700.46
2011-07-02,664.27
2011-07-03,590.56
2011-07-04,526.23
2011-07-05,477.63
2011-07-06,439.55
2011-07-07,415.87
2011-07-08,394.37
2011-07-09,373.11
2011-07-10,352.18
2011-07-11,333.97
2011-07-12,336.29
2011-07-13,371.39
2011-07-14,398.02
2011-07-15,476.53
2011-07-16,510.68
2011-07-17,509.5
2011-07-18,539.75
2011-07-19,913.11
2011-07-20,1246.38
2011-07-21,1323.34
2011-07-22,1139.25
2011-07-23,911.01
2011-07-24,789.68
2011-07-25,718.45
2011-07-26,675.08
2011-07-27,644.65
2011-07-28,632.87
2011-07-29,609.94
2011-07-30,594.66
2011-07-31,574.44
2011-08-01,537.27
2011-08-02,519.0
2011-08-03,504.82
2011-08-04,484.29
2011-08-05,461.38
2011-08-06,494.45
2011-08-07,667.34
2011-08-08,892.31
2011-08-09,890.25
2011-08-10,800.68
2011-08-11,700.46
2011-08-12,644.65
2011-08-13,681.34
2011-08-14,817.47
2011-08-15,861.98
2011-08-16,850.14
2011-08-17,796.99
2011-08-18,730.14
2011-08-19,675.08
2011-08-20,629.96
2011-08-21,612.76
2011-08-22,628.51
2011-08-23,681.34
2011-08-24,811.83
2011-08-25,861.98
2011-08-26,771.68
2011-08-27,695.63
2011-08-28,640.21
2011-08-29,593.29
2011-08-30,553.63
2011-08-31,521.4
2011-09-01,492.17
2011-09-02,463.52
2011-09-03,439.55
2011-09-04,416.83
2011-09-05,398.94
2011-09-06,408.26
2011-09-07,424.6
2011-09-08,415.87
2011-09-09,391.65
2011-09-10,369.68
2011-09-11,353.0
2011-09-12,337.06
2011-09-13,319.63
2011-09-14,308.74
2011-09-15,304.49
2011-09-16,299.61
2011-09-17,296.85
2011-09-18,290.07
2011-09-19,276.97
2011-09-20,278.9
2011-09-21,315.23
2011-09-22,377.44
2011-09-23,493.31
2011-09-24,494.45
2011-09-25,439.55
2011-09-26,388.94
2011-09-27,351.37
2011-09-28,323.34
2011-09-29,302.39
2011-09-30,289.4
2011-10-01,280.84
2011-10-02,278.25
2011-10-03,280.84
2011-10-04,283.45
2011-10-05,276.97
2011-10-06,260.22
2011-10-07,241.1
2011-10-08,226.51
2011-10-09,215.77
2011-10-10,204.12
2011-10-11,193.09
2011-10-12,182.65
2011-10-13,170.0
2011-10-14,156.76
2011-10-15,144.55
2011-10-16,132.66
2011-10-17,122.31
2011-10-18,114.88
2011-10-19,110.69
2011-10-20,109.92
2011-10-21,108.9
2011-10-22,108.65
2011-10-23,109.15
2011-10-24,106.65
2011-10-25,99.69
2011-10-26,92.76
2011-10-27,86.7
2011-10-28,81.6
2011-10-29,77.7
2011-10-30,73.47
2011-10-31,69.79
2011-11-01,67.23
2011-11-02,65.37
2011-11-03,64.46
2011-11-04,62.24
2011-11-05,59.67
2011-11-06,57.34
2011-11-07,56.02
2011-11-08,55.23
2011-11-09,53.58
2011-11-10,51.72
2011-11-11,50.05
2011-11-12,48.55
2011-11-13,47.31
2011-11-14,46.42
2011-11-15,46.53
2011-11-16,47.42
2011-11-17,49.23
2011-11-18,50.05
2011-11-19,49.35
2011-11-20,47.87
2011-11-21,46.42
2011-11-22,45.24
2011-11-23,44.19
2011-11-24,43.46
2011-11-25,42.75
2011-11-26,42.25
2011-11-27,41.76
2011-11-28,41.36
2011-11-29,41.07
2011-11-30,40.78
2011-12-01,40.4
2011-12-02,39.93
2011-12-03,39.64
2011-12-04,39.36
2011-12-05,39.18
2011-12-06,38.99
2011-12-07,38.63
2011-12-08,38.36
2011-12-09,38.08
2011-12-10,37.73
2011-12-11,37.55
2011-12-12,37.46
2011-12-13,37.46
2011-12-14,37.19
2011-12-15,36.84
2011-12-16,36.58
2011-12-17,36.24
2011-12-18,35.9
2011-12-19,35.56
2011-12-20,35.22
2011-12-21,34.97
2011-12-22,34.65
2011-12-23,34.4
2011-12-24,34.08
2011-12-25,33.75
2011-12-26,33.43
2011-12-27,33.12
2011-12-28,32.88
2011-12-29,32.57
2011-12-30,32.27
2011-12-31,32.04
2012-01-01,31.73
2012-01-02,31.81
2012-01-03,32.65
2012-01-04,33.2
2012-01-05,32.88
2012-01-06,32.19
2012-01-07,31.43
2012-01-08,30.92
2012-01-09,30.77
2012-01-10,31.36
2012-01-11,33.04
2012-01-12,34.73
2012-01-13,34.73
2012-01-14,33.43
2012-01-15,31.96
2012-01-16,30.84
2012-01-17,30.12
2012-01-18,29.9
2012-01-19,30.26
2012-01-20,31.14
2012-01-21,32.42
2012-01-22,32.96
2012-01-23,32.34
2012-01-24,31.28
2012-01-25,30.19
2012-01-26,29.41
2012-01-27,28.92
2012-01-28,28.44
2012-01-29,28.04
2012-01-30,27.64
2012-01-31,27.25
2012-02-01,26.99
2012-02-02,26.8
2012-02-03,26.54
2012-02-04,26.23
2012-02-05,25.92
2012-02-06,25.73
2012-02-07,25.06
2012-02-08,24.29
2012-02-09,23.77
2012-02-10,23.49
2012-02-11,23.27
2012-02-12,23.04
2012-02-13,22.82
2012-02-14,22.55
2012-02-15,22.33
2012-02-16,22.07
2012-02-17,21.96
2012-02-18,21.8
2012-02-19,21.65
2012-02-20,21.49
2012-02-21,21.28
2012-02-22,21.08
2012-02-23,20.88
2012-02-24,20.63
2012-02-25,20.33
2012-02-26,20.04
2012-02-27,19.89
2012-02-28,19.94
2012-02-29,19.99
2012-03-01,19.89
2012-03-02,19.84
2012-03-03,19.8
2012-03-04,19.7
2012-03-05,19.84
2012-03-06,20.48
2012-03-07,21.13
2012-03-08,21.13
2012-03-09,20.73
2012-03-10,20.13
2012-03-11,19.56
2012-03-12,19.04
2012-03-13,18.72
2012-03-14,18.5
2012-03-15,18.45
2012-03-16,18.41
2012-03-17,18.23
2012-03-18,18.01
2012-03-19,17.88
2012-03-20,17.71
2012-03-21,17.54
2012-03-22,17.32
2012-03-23,17.07
2012-03-24,16.82
2012-03-25,16.58
2012-03-26,16.42
2012-03-27,16.3
2012-03-28,16.14
2012-03-29,15.98
2012-03-30,15.79
2012-03-31,15.63
2012-04-01,15.56
2012-04-02,15.52
2012-04-03,15.44
2012-04-04,15.37
2012-04-05,15.48
2012-04-06,16.78
2012-04-07,18.91
2012-04-08,21.39
2012-04-09,29.27
2012-04-10,39.27
2012-04-11,48.89
2012-04-12,62.24
2012-04-13,72.28
2012-04-14,70.94
2012-04-15,62.68
2012-04-16,54.21
2012-04-17,48.09
2012-04-18,42.95
2012-04-19,38.54
2012-04-20,36.33
2012-04-21,37.73
2012-04-22,42.85
2012-04-23,48.2
2012-04-24,48.89
2012-04-25,46.75
2012-04-26,44.71
2012-04-27,42.85
2012-04-28,41.66
2012-04-29,41.27
2012-04-30,42.65
2012-05-01,46.42
2012-05-02,60.24
2012-05-03,98.31
2012-05-04,106.15
2012-05-05,92.76
2012-05-06,79.54
2012-05-07,68.5
2012-05-08,60.24
2012-05-09,53.33
2012-05-10,47.53
2012-05-11,43.36
2012-05-12,41.56
2012-05-13,42.15
2012-05-14,51.12
2012-05-15,66.14
2012-05-16,67.87
2012-05-17,61.66
2012-05-18,56.41
2012-05-19,54.46
2012-05-20,52.83
2012-05-21,51.72
2012-05-22,49.93
2012-05-23,47.31
2012-05-24,46.53
2012-05-25,51.0
2012-05-26,56.41
2012-05-27,57.75
2012-05-28,55.62
2012-05-29,53.95
2012-05-30,62.53
2012-05-31,107.39
2012-06-01,480.95
2012-06-02,1075.47
2012-06-03,1451.11
2012-06-04,1654.77
2012-06-05,1115.86
2012-06-06,723.44
2012-06-07,566.54
2012-06-08,527.45
2012-06-09,558.76
2012-06-10,736.9
2012-06-11,780.63
2012-06-12,629.96
2012-06-13,538.51
2012-06-14,489.91
2012-06-15,1624.55
2012-06-16,2963.83
2012-06-17,2217.2
2012-06-18,1474.71
2012-06-19,1163.13
2012-06-20,960.61
2012-06-21,834.6
2012-06-22,808.1
2012-06-23,832.68
2012-06-24,932.25
2012-06-25,1620.81
2012-06-26,1654.77
2012-06-27,1338.68
2012-06-28,1155.11
2012-06-29,1041.32
2012-06-30,940.89
2012-07-01,869.96
2012-07-02,856.04
2012-07-03,930.11
2012-07-04,921.57
2012-07-05,873.98
2012-07-06,800.68
2012-07-07,766.36
2012-07-08,713.5
2012-07-09,681.34
2012-07-10,652.13
2012-07-11,612.76
2012-07-12,597.41
2012-07-13,647.63
2012-07-14,1523.05
2012-07-15,1547.82
2012-07-16,1190.24
2012-07-17,985.28
2012-07-18,888.2
2012-07-19,806.24
2012-07-20,745.45
2012-07-21,702.07
2012-07-22,675.08
2012-07-23,882.08
2012-07-24,1012.91
2012-07-25,919.45
2012-07-26,802.53
2012-07-27,713.5
2012-07-28,655.15
2012-07-29,664.27
2012-07-30,675.08
2012-07-31,625.61
2012-08-01,579.76
2012-08-02,602.95
2012-08-03,609.94
2012-08-04,587.84
2012-08-05,551.08
2012-08-06,520.19
2012-08-07,497.88
2012-08-08,474.34
2012-08-09,457.14
2012-08-10,452.94
2012-08-11,447.75
2012-08-12,432.51
2012-08-13,413.0
2012-08-14,389.84
2012-08-15,368.83
2012-08-16,357.92
2012-08-17,348.14
2012-08-18,330.89
2012-08-19,349.75
2012-08-20,873.98
2012-08-21,1068.05
2012-08-22,821.24
2012-08-23,661.22
2012-08-24,573.12
2012-08-25,516.61
2012-08-26,504.82
2012-08-27,517.8
2012-08-28,528.66
2012-08-29,499.03
2012-08-30,469.98
2012-08-31,446.71
2012-09-01,422.64
2012-09-02,405.44
2012-09-03,421.67
2012-09-04,450.86
2012-09-05,445.68
2012-09-06,421.67
2012-09-07,393.46
2012-09-08,365.44
2012-09-09,348.14
2012-09-10,334.74
2012-09-11,322.59
2012-09-12,319.63
2012-09-13,374.84
2012-09-14,469.98
2012-09-15,500.19
2012-09-16,477.63
2012-09-17,476.53
2012-09-18,479.84
2012-09-19,449.82
2012-09-20,413.0
2012-09-21,385.37
2012-09-22,362.08
2012-09-23,345.74
2012-09-24,340.19
2012-09-25,337.06
2012-09-26,324.09
2012-09-27,310.89
2012-09-28,303.79
2012-09-29,298.92
2012-09-30,292.09
2012-10-01,293.44
2012-10-02,292.76
2012-10-03,292.76
2012-10-04,425.58
2012-10-05,583.79
2012-10-06,551.08
2012-10-07,480.95
2012-10-08,435.52
2012-10-09,441.59
2012-10-10,472.15
2012-10-11,585.14
2012-10-12,661.22
2012-10-13,583.79
2012-10-14,510.68
2012-10-15,462.45
2012-10-16,426.56
2012-10-17,392.55
2012-10-18,360.41
2012-10-19,333.19
2012-10-20,310.89
2012-10-21,288.73
2012-10-22,266.3
2012-10-23,245.04
2012-10-24,225.46
2012-10-25,207.45
2012-10-26,191.75
2012-10-27,176.83
2012-10-28,161.93
2012-10-29,147.94
2012-10-30,134.83
2012-10-31,123.17
2012-11-01,112.24
2012-11-02,102.28
2012-11-03,93.84
2012-11-04,86.7
2012-11-05,88.13
2012-11-06,142.88
2012-11-07,186.07
2012-11-08,180.55
2012-11-09,163.44
2012-11-10,147.94
2012-11-11,132.97
2012-11-12,119.23
2012-11-13,107.39
2012-11-14,97.17
2012-11-15,88.54
2012-11-16,81.22
2012-11-17,74.51
2012-11-18,68.5
2012-11-19,63.42
2012-11-20,59.12
2012-11-21,56.02
2012-11-22,53.83
2012-11-23,52.09
2012-11-24,50.17
2012-11-25,48.43
2012-11-26,47.19
2012-11-27,46.32
2012-11-28,45.56
2012-11-29,44.92
2012-11-30,44.39
2012-12-01,43.87
2012-12-02,43.36
2012-12-03,42.95
2012-12-04,42.55
2012-12-05,42.25
2012-12-06,41.85
2012-12-07,41.56
2012-12-08,41.27
2012-12-09,40.98
2012-12-10,40.98
2012-12-11,41.27
2012-12-12,41.17
2012-12-13,40.59
2012-12-14,40.02
2012-12-15,39.55
2012-12-16,39.18
2012-12-17,38.81
2012-12-18,38.45
2012-12-19,38.08
2012-12-20,37.82
2012-12-21,37.64
2012-12-22,37.37
2012-12-23,37.11
2012-12-24,36.76
2012-12-25,36.41
2012-12-26,36.07
2012-12-27,35.81
2012-12-28,35.48
2012-12-29,35.14
2012-12-30,34.89
2012-12-31,34.56
2013-01-01,34.24
2013-01-02,33.91
2013-01-03,33.59
2013-01-04,33.28
2013-01-05,33.04
2013-01-06,32.81
2013-01-07,32.5
2013-01-08,32.19
2013-01-09,31.89
2013-01-10,31.66
2013-01-11,31.36
2013-01-12,31.14
2013-01-13,30.77
2013-01-14,30.48
2013-01-15,30.19
2013-01-16,29.9
2013-01-17,29.62
2013-01-18,29.34
2013-01-19,29.06
2013-01-20,28.72
2013-01-21,28.51
2013-01-22,28.38
2013-01-23,28.11
2013-01-24,27.84
2013-01-25,27.64
2013-01-26,27.31
2013-01-27,27.05
2013-01-28,26.8
2013-01-29,26.54
2013-01-30,26.23
2013-01-31,25.98
2013-02-01,25.85
2013-02-02,25.73
2013-02-03,25.55
2013-02-04,25.3
2013-02-05,25.0
2013-02-06,24.76
2013-02-07,23.95
2013-02-08,23.04
2013-02-09,22.55
2013-02-10,22.17
2013-02-11,21.8
2013-02-12,21.54
2013-02-13,21.23
2013-02-14,20.98
2013-02-15,20.68
2013-02-16,20.43
2013-02-17,21.03
2013-02-18,22.55
2013-02-19,24.0
2013-02-20,24.18
2013-02-21,23.15
2013-02-22,21.86
2013-02-23,20.98
2013-02-24,20.43
2013-02-25,20.04
2013-02-26,19.7
2013-02-27,19.56
2013-02-28,19.51
2013-03-01,19.42
2013-03-02,19.23
2013-03-03,19.0
2013-03-04,18.77
2013-03-05,18.5
2013-03-06,18.28
2013-03-07,18.01
2013-03-08,17.79
2013-03-09,17.58
2013-03-10,17.32
2013-03-11,17.2
2013-03-12,17.11
2013-03-13,17.07
2013-03-14,16.99
2013-03-15,16.82
2013-03-16,16.58
2013-03-17,16.34
2013-03-18,16.18
2013-03-19,16.1
2013-03-20,15.98
2013-03-21,16.1
2013-03-22,16.7
2013-03-23,17.49
2013-03-24,18.01
2013-03-25,18.01
2013-03-26,17.71
2013-03-27,17.2
2013-03-28,16.54
2013-03-29,15.98
2013-03-30,15.79
2013-03-31,15.79
2013-04-01,15.75
2013-04-02,15.71
2013-04-03,15.52
2013-04-04,15.29
2013-04-05,15.0
2013-04-06,14.74
2013-04-07,14.52
2013-04-08,14.35
2013-04-09,14.17
2013-04-10,14.21
2013-04-11,14.24
2013-04-12,14.14
2013-04-13,13.96
2013-04-14,13.96
2013-04-15,14.35
2013-04-16,15.83
2013-04-17,19.42
2013-04-18,24.53
2013-04-19,28.11
2013-04-20,27.97
2013-04-21,26.54
2013-04-22,25.12
2013-04-23,23.95
2013-04-24,23.32
2013-04-25,22.07
2013-04-26,20.48
2013-04-27,21.18
2013-04-28,27.31
2013-04-29,35.81
2013-04-30,41.36
2013-05-01,45.45
2013-05-02,49.23
2013-05-03,49.58
2013-05-04,47.87
2013-05-05,55.36
2013-05-06,355.45
2013-05-07,880.05
2013-05-08,777.04
2013-05-09,735.21
2013-05-10,1160.45
2013-05-11,1118.44
2013-05-12,1043.72
2013-05-13,703.69
2013-05-14,487.65
2013-05-15,403.58
2013-05-16,581.1
2013-05-17,726.78
2013-05-18,582.45
2013-05-19,487.65
2013-05-20,429.53
2013-05-21,388.05
2013-05-22,356.27
2013-05-23,936.56
2013-05-24,1144.51
2013-05-25,840.4
2013-05-26,658.17
2013-05-27,554.9
2013-05-28,528.66
2013-05-29,706.95
2013-05-30,784.24
2013-05-31,706.95
2013-06-01,619.87
2013-06-02,556.19
2013-06-03,520.19
2013-06-04,501.34
2013-06-05,520.19
2013-06-06,577.1
2013-06-07,589.2
2013-06-08,646.14
2013-06-09,718.45
2013-06-10,658.17
2013-06-11,586.49
2013-06-12,525.02
2013-06-13,474.34
2013-06-14,435.52
2013-06-15,414.91
2013-06-16,408.26
2013-06-17,403.58
2013-06-18,391.65
2013-06-19,410.15
2013-06-20,425.58
2013-06-21,419.73
2013-06-22,427.55
2013-06-23,460.32
2013-06-24,515.42
2013-06-25,549.81
2013-06-26,537.27
2013-06-27,529.88
2013-06-28,526.23
2013-06-29,492.17
2013-06-30,474.34
2013-07-01,476.53
2013-07-02,459.26
2013-07-03,449.82
2013-07-04,440.57
2013-07-05,439.55
2013-07-06,436.52
2013-07-07,431.51
2013-07-08,423.62
2013-07-09,412.05
2013-07-10,401.72
2013-07-11,385.37
2013-07-12,369.68
2013-07-13,358.75
2013-07-14,369.68
2013-07-15,379.19
2013-07-16,441.59
2013-07-17,466.74
2013-07-18,440.57
2013-07-19,403.58
2013-07-20,373.97
2013-07-21,350.56
2013-07-22,340.19
2013-07-23,381.82
2013-07-24,519.0
2013-07-25,694.02
2013-07-26,676.64
2013-07-27,597.41
2013-07-28,529.88
2013-07-29,474.34
2013-07-30,434.51
2013-07-31,415.87
2013-08-01,405.44
2013-08-02,388.05
2013-08-03,368.83
2013-08-04,362.08
2013-08-05,978.49
2013-08-06,1163.13
2013-08-07,919.45
2013-08-08,784.24
2013-08-09,703.69
2013-08-10,682.91
2013-08-11,705.32
2013-08-12,705.32
2013-08-13,681.34
2013-08-14,675.08
2013-08-15,668.88
2013-08-16,650.63
2013-08-17,625.61
2013-08-18,601.56
2013-08-19,574.44
2013-08-20,544.76
2013-08-21,520.19
2013-08-22,501.34
2013-08-23,477.63
2013-08-24,452.94
2013-08-25,430.52
2013-08-26,830.76
2013-08-27,1053.39
2013-08-28,902.65
2013-08-29,748.89
2013-08-30,662.74
2013-08-31,598.79
2013-09-01,574.44
2013-09-02,570.48
2013-09-03,537.27
2013-09-04,558.76
2013-09-05,569.16
2013-09-06,537.27
2013-09-07,513.04
2013-09-08,520.19
2013-09-09,515.42
2013-09-10,503.66
2013-09-11,487.65
2013-09-12,467.81
2013-09-13,443.63
2013-09-14,428.54
2013-09-15,463.52
2013-09-16,513.04
2013-09-17,511.86
2013-09-18,491.04
2013-09-19,461.38
2013-09-20,433.51
2013-09-21,414.91
2013-09-22,398.94
2013-09-23,377.44
2013-09-24,365.44
2013-09-25,367.13
2013-09-26,367.13
2013-09-27,370.54
2013-09-28,369.68
2013-09-29,502.5
2013-09-30,632.87
2013-10-01,571.8
2013-10-02,502.5
2013-10-03,448.78
2013-10-04,800.68
2013-10-05,1537.15
2013-10-06,1975.97
2013-10-07,1818.7
2013-10-08,1398.59
2013-10-09,1095.48
2013-10-10,908.91
2013-10-11,796.99
2013-10-12,716.79
2013-10-13,655.15
2013-10-14,608.54
2013-10-15,566.54
2013-10-16,532.33
2013-10-17,504.82
2013-10-18,473.24
2013-10-19,440.57
2013-10-20,414.91
2013-10-21,396.19
2013-10-22,379.19
2013-10-23,364.59
2013-10-24,344.94
2013-10-25,320.37
2013-10-26,303.09
2013-10-27,297.54
2013-10-28,292.09
2013-10-29,275.06
2013-10-30,256.63
2013-10-31,238.88
2013-11-01,221.33
2013-11-02,204.59
2013-11-03,189.55
2013-11-04,176.01
2013-11-05,162.31
2013-11-06,148.28
2013-11-07,135.14
2013-11-08,122.88
2013-11-09,112.24
2013-11-10,102.28
2013-11-11,93.41
2013-11-12,85.5
2013-11-13,78.62
2013-11-14,72.79
2013-11-15,68.02
2013-11-16,64.31
2013-11-17,61.23
2013-11-18,58.43
2013-11-19,55.89
2013-11-20,53.7
2013-11-21,51.72
2013-11-22,49.93
2013-11-23,48.43
2013-11-24,47.19
2013-11-25,46.1
2013-11-26,45.24
2013-11-27,44.5
2013-11-28,43.98
2013-11-29,43.57
2013-11-30,43.26
2013-12-01,42.85
2013-12-02,42.45
2013-12-03,42.15
2013-12-04,41.76
2013-12-05,41.46
2013-12-06,41.07
2013-12-07,40.78
2013-12-08,40.5
2013-12-09,40.11
2013-12-10,39.83
2013-12-11,39.55
2013-12-12,39.18
2013-12-13,38.9
2013-12-14,38.63
2013-12-15,38.36
2013-12-16,38.08
2013-12-17,37.82
2013-12-18,37.46
2013-12-19,37.28
2013-12-20,37.02
2013-12-21,36.84
2013-12-22,36.93
2013-12-23,36.67
2013-12-24,36.5
2013-12-25,36.84
2013-12-26,36.67
2013-12-27,36.15
2013-12-28,35.64
2013-12-29,35.22
2013-12-30,34.81
2013-12-31,34.56
2014-01-01,34.16
2014-01-02,33.83
2014-01-03,33.51
2014-01-04,33.28
2014-01-05,32.88
2014-01-06,32.57
2014-01-07,32.27
2014-01-08,32.11
2014-01-09,31.89
2014-01-10,31.58
2014-01-11,31.28
2014-01-12,30.99
2014-01-13,30.77
2014-01-14,30.48
2014-01-15,30.26
2014-01-16,29.97
2014-01-17,29.69
2014-01-18,29.34
2014-01-19,29.06
2014-01-20,28.85
2014-01-21,28.72
2014-01-22,28.44
2014-01-23,28.11
2014-01-24,27.84
2014-01-25,27.58
2014-01-26,27.31
2014-01-27,27.05
2014-01-28,26.8
2014-01-29,26.48
2014-01-30,26.23
2014-01-31,25.92
2014-02-01,25.73
2014-02-02,25.61
2014-02-03,25.36
2014-02-04,25.12
2014-02-05,24.88
2014-02-06,24.64
2014-02-07,23.95
2014-02-08,23.04
2014-02-09,22.5
2014-02-10,22.23
2014-02-11,22.07
2014-02-12,21.86
2014-02-13,21.7
2014-02-14,21.49
2014-02-15,21.44
2014-02-16,22.71
2014-02-17,26.48
2014-02-18,31.21
2014-02-19,32.81
2014-02-20,30.19
2014-02-21,26.86
2014-02-22,24.35
2014-02-23,22.77
2014-02-24,21.8
2014-02-25,21.23
2014-02-26,20.88
2014-02-27,20.68
2014-02-28,20.68
2014-03-01,20.68
2014-03-02,20.48
2014-03-03,20.23
2014-03-04,19.99
2014-03-05,19.8
2014-03-06,19.65
2014-03-07,19.84
2014-03-08,19.65
2014-03-09,19.04
2014-03-10,18.54
2014-03-11,18.14
2014-03-12,17.79
2014-03-13,17.58
2014-03-14,17.32
2014-03-15,17.07
2014-03-16,16.78
2014-03-17,16.54
2014-03-18,16.3
2014-03-19,16.26
2014-03-20,16.42
2014-03-21,16.58
2014-03-22,16.34
2014-03-23,15.98
2014-03-24,15.71
2014-03-25,15.83
2014-03-26,16.46
2014-03-27,17.71
2014-03-28,18.59
2014-03-29,18.63
2014-03-30,18.5
2014-03-31,17.71
2014-04-01,16.58
2014-04-02,15.75
2014-04-03,15.29
2014-04-04,15.11
2014-04-05,15.52
2014-04-06,16.42
2014-04-07,16.66
2014-04-08,16.54
2014-04-09,18.36
2014-04-10,24.29
2014-04-11,26.16
2014-04-12,23.49
2014-04-13,20.48
2014-04-14,18.28
2014-04-15,16.82
2014-04-16,15.87
2014-04-17,15.22
2014-04-18,14.78
2014-04-19,14.52
2014-04-20,14.28
2014-04-21,14.07
2014-04-22,13.83
2014-04-23,13.55
2014-04-24,13.35
2014-04-25,13.19
2014-04-26,13.13
2014-04-27,13.13
2014-04-28,13.22
2014-04-29,13.86
2014-04-30,14.92
2014-05-01,16.02
2014-05-02,16.42
2014-05-03,16.91
2014-05-04,19.46
2014-05-05,23.83
2014-05-06,28.44
2014-05-07,33.43
2014-05-08,43.67
2014-05-09,67.39
2014-05-10,82.56
2014-05-11,75.21
2014-05-12,63.57
2014-05-13,54.85
2014-05-14,48.32
2014-05-15,42.95
2014-05-16,38.81
2014-05-17,35.48
2014-05-18,32.5
2014-05-19,29.9
2014-05-20,28.65
2014-05-21,29.34
2014-05-22,29.76
2014-05-23,28.11
2014-05-24,25.92
2014-05-25,25.36
2014-05-26,26.86
2014-05-27,30.62
2014-05-28,34.56
2014-05-29,35.06
2014-05-30,33.83
2014-05-31,32.81
2014-06-01,32.65
2014-06-02,31.43
2014-06-03,29.27
2014-06-04,27.38
2014-06-05,26.61
2014-06-06,25.98
2014-06-07,25.24
2014-06-08,24.64
2014-06-09,24.23
2014-06-10,23.77
2014-06-11,23.38
2014-06-12,25.55
2014-06-13,33.51
2014-06-14,58.43
2014-06-15,72.62
2014-06-16,69.79
2014-06-17,67.39
2014-06-18,71.11
2014-06-19,160.81
2014-06-20,923.7
2014-06-21,1217.99
2014-06-22,1108.18
2014-06-23,1072.99
2014-06-24,878.02
2014-06-25,692.43
2014-06-26,597.41
2014-06-27,538.51
2014-06-28,496.74
2014-06-29,463.52
2014-06-30,441.59
2014-07-01,445.68
2014-07-02,456.09
2014-07-03,440.57
2014-07-04,413.0
2014-07-05,387.15
2014-07-06,377.44
2014-07-07,393.46
2014-07-08,391.65
2014-07-09,374.84
2014-07-10,353.0
2014-07-11,333.19
2014-07-12,323.34
2014-07-13,318.89
2014-07-14,516.61
2014-07-15,720.11
2014-07-16,681.34
2014-07-17,608.54
2014-07-18,531.11
2014-07-19,476.53
2014-07-20,453.99
2014-07-21,435.52
2014-07-22,411.1
2014-07-23,386.26
2014-07-24,364.59
2014-07-25,351.37
2014-07-26,342.56
2014-07-27,344.14
2014-07-28,352.18
2014-07-29,354.63
2014-07-30,348.14
2014-07-31,340.19
2014-08-01,354.63
2014-08-02,374.84
2014-08-03,372.25
2014-08-04,355.45
2014-08-05,333.19
2014-08-06,318.15
2014-08-07,302.39
2014-08-08,295.48
2014-08-09,298.23
2014-08-10,286.08
2014-08-11,273.79
2014-08-12,273.16
2014-08-13,296.17
2014-08-14,448.78
2014-08-15,598.79
2014-08-16,726.78
2014-08-17,735.21
2014-08-18,641.69
2014-08-19,617.02
2014-08-20,575.77
2014-08-21,664.27
2014-08-22,787.86
2014-08-23,768.13
2014-08-24,757.58
2014-08-25,778.83
2014-08-26,721.77
2014-08-27,662.74
2014-08-28,625.61
2014-08-29,586.49
2014-08-30,632.87
2014-08-31,646.14
2014-09-01,602.95
2014-09-02,558.76
2014-09-03,527.45
2014-09-04,508.33
2014-09-05,493.31
2014-09-06,478.73
2014-09-07,471.06
2014-09-08,466.74
2014-09-09,467.81
2014-09-10,447.75
2014-09-11,421.67
2014-09-12,398.94
2014-09-13,382.71
2014-09-14,369.68
2014-09-15,387.15
2014-09-16,405.44
2014-09-17,388.94
2014-09-18,373.97
2014-09-19,396.19
2014-09-20,459.26
2014-09-21,464.59
2014-09-22,547.28
2014-09-23,1481.52
2014-09-24,1930.97
2014-09-25,1558.55
2014-09-26,1217.99
2014-09-27,1017.59
2014-09-28,884.12
2014-09-29,786.05
2014-09-30,718.45
2014-10-01,662.74
2014-10-02,611.35
2014-10-03,565.24
2014-10-04,526.23
2014-10-05,489.91
2014-10-06,453.99
2014-10-07,422.64
2014-10-08,393.46
2014-10-09,367.13
2014-10-10,344.14
2014-10-11,327.85
2014-10-12,324.84
2014-10-13,333.97
2014-10-14,337.84
2014-10-15,333.19
2014-10-16,318.89
2014-10-17,298.23
2014-10-18,278.25
2014-10-19,257.82
2014-10-20,239.44
2014-10-21,221.33
2014-10-22,203.17
2014-10-23,186.07
2014-10-24,170.0
2014-10-25,155.31
2014-10-26,142.22
2014-10-27,131.43
2014-10-28,124.03
2014-10-29,117.3
2014-10-30,109.41
2014-10-31,101.09
2014-11-01,93.19
2014-11-02,85.9
2014-11-03,79.35
2014-11-04,73.47
2014-11-05,68.34
2014-11-06,63.86
2014-11-07,59.95
2014-11-08,56.54
2014-11-09,53.45
2014-11-10,50.88
2014-11-11,48.77
2014-11-12,47.31
2014-11-13,46.21
2014-11-14,44.81
2014-11-15,43.57
2014-11-16,42.15
2014-11-17,40.69
2014-11-18,39.46
2014-11-19,38.45
2014-11-20,37.55
2014-11-21,36.93
2014-11-22,36.41
2014-11-23,35.98
2014-11-24,35.64
2014-11-25,35.39
2014-11-26,35.14
2014-11-27,34.81
2014-11-28,34.48
2014-11-29,34.24
2014-11-30,34.56
2014-12-01,35.98
2014-12-02,35.81
2014-12-03,34.56
2014-12-04,33.59
2014-12-05,32.88
2014-12-06,32.42
2014-12-07,32.11
2014-12-08,31.81
2014-12-09,31.58
2014-12-10,31.28
2014-12-11,30.99
2014-12-12,30.7
2014-12-13,30.41
2014-12-14,30.19
2014-12-15,29.9
2014-12-16,29.62
2014-12-17,29.34
2014-12-18,29.13
2014-12-19,28.92
2014-12-20,28.72
2014-12-21,28.38
2014-12-22,28.11
2014-12-23,27.77
2014-12-24,27.51
2014-12-25,27.25
2014-12-26,26.93
2014-12-27,26.67
2014-12-28,26.42
2014-12-29,26.1
2014-12-30,25.79
2014-12-31,25.55
2015-01-01,25.24
2015-01-02,24.94
2015-01-03,24.7
2015-01-04,24.53
2015-01-05,24.94
2015-01-06,26.48
2015-01-07,26.99
2015-01-08,26.1
2015-01-09,25.06
2015-01-10,24.41
2015-01-11,24.06
2015-01-12,23.72
2015-01-13,23.32
2015-01-14,22.93
2015-01-15,22.6
2015-01-16,22.33
2015-01-17,22.07
2015-01-18,21.75
2015-01-19,21.54
2015-01-20,21.39
2015-01-21,21.13
2015-01-22,20.88
2015-01-23,20.58
2015-01-24,20.33
2015-01-25,20.09
2015-01-26,19.84
2015-01-27,19.56
2015-01-28,19.28
2015-01-29,19.04
2015-01-30,18.86
2015-01-31,18.68
2015-02-01,18.54
2015-02-02,18.41
2015-02-03,18.14
2015-02-04,17.88
2015-02-05,17.62
2015-02-06,17.37
2015-02-07,16.74
2015-02-08,15.98
2015-02-09,15.48
2015-02-10,15.14
2015-02-11,14.92
2015-02-12,14.85
2015-02-13,14.78
2015-02-14,14.7
2015-02-15,14.7
2015-02-16,14.7
2015-02-17,14.78
2015-02-18,14.78
2015-02-19,14.56
2015-02-20,14.42
2015-02-21,14.45
2015-02-22,14.49
2015-02-23,14.49
2015-02-24,14.35
2015-02-25,14.1
2015-02-26,13.89
2015-02-27,13.89
2015-02-28,13.96
2015-03-01,14.14
2015-03-02,14.28
2015-03-03,14.24
2015-03-04,14.17
2015-03-05,14.03
2015-03-06,13.89
2015-03-07,13.72
2015-03-08,13.49
2015-03-09,13.29
2015-03-10,13.03
2015-03-11,12.84
2015-03-12,12.65
2015-03-13,12.49
2015-03-14,12.34
2015-03-15,12.21
2015-03-16,12.09
2015-03-17,11.97
2015-03-18,11.85
2015-03-19,11.76
2015-03-20,11.65
2015-03-21,11.53
2015-03-22,11.39
2015-03-23,11.19
2015-03-24,11.02
2015-03-25,10.91
2015-03-26,10.8
2015-03-27,10.78
2015-03-28,10.89
2015-03-29,11.02
2015-03-30,11.47
2015-03-31,11.91
2015-04-01,12.46
2015-04-02,13.86
2015-04-03,15.98
2015-04-04,18.05
2015-04-05,19.23
2015-04-06,19.14
2015-04-07,18.54
2015-04-08,18.19
2015-04-09,17.45
2015-04-10,16.42
2015-04-11,15.41
2015-04-12,14.49
2015-04-13,13.96
2015-04-14,13.55
2015-04-15,12.9
2015-04-16,12.24
2015-04-17,11.91
2015-04-18,12.74
2015-04-19,16.38
2015-04-20,22.99
2015-04-21,80.66
2015-04-22,330.13
2015-04-23,312.33
2015-04-24,226.51
2015-04-25,178.06
2015-04-26,154.6
2015-04-27,142.88
2015-04-28,136.09
2015-04-29,131.74
2015-04-30,127.53
2015-05-01,125.77
2015-05-02,125.18
2015-05-03,120.34
2015-05-04,110.17
2015-05-05,100.39
2015-05-06,92.33
2015-05-07,88.33
2015-05-08,87.51
2015-05-09,86.7
2015-05-10,85.9
2015-05-11,86.5
2015-05-12,96.95
2015-05-13,101.8
2015-05-14,102.51
2015-05-15,102.28
2015-05-16,98.08
2015-05-17,96.05
2015-05-18,102.04
2015-05-19,110.94
2015-05-20,109.41
2015-05-21,102.75
2015-05-22,97.63
2015-05-23,96.05
2015-05-24,98.31
2015-05-25,99.69
2015-05-26,102.04
2015-05-27,121.46
2015-05-28,161.18
2015-05-29,246.74
2015-05-30,321.85
2015-05-31,324.09
2015-06-01,305.9
2015-06-02,314.5
2015-06-03,328.61
2015-06-04,309.46
2015-06-05,292.09
2015-06-06,269.4
2015-06-07,249.61
2015-06-08,232.35
2015-06-09,263.24
2015-06-10,578.43
2015-06-11,1989.67
2015-06-12,3018.95
2015-06-13,2903.02
2015-06-14,2069.14
2015-06-15,1441.12
2015-06-16,1176.61
2015-06-17,1050.96
2015-06-18,1019.94
2015-06-19,969.51
2015-06-20,921.57
2015-06-21,930.11
2015-06-22,947.42
2015-06-23,1249.26
2015-06-24,1317.26
2015-06-25,1141.88
2015-06-26,1036.53
2015-06-27,1098.01
2015-06-28,1118.44
2015-06-29,1034.14
2015-06-30,943.06
2015-07-01,859.99
2015-07-02,796.99
2015-07-03,769.9
2015-07-04,815.58
2015-07-05,980.75
2015-07-06,1022.29
2015-07-07,965.05
2015-07-08,1001.31
2015-07-09,1005.93
2015-07-10,911.01
2015-07-11,828.85
2015-07-12,764.6
2015-07-13,713.5
2015-07-14,679.77
2015-07-15,1209.6
2015-07-16,1756.92
2015-07-17,1587.55
2015-07-18,1379.38
2015-07-19,1620.81
2015-07-20,1869.68
2015-07-21,1913.26
2015-07-22,1810.34
2015-07-23,1957.85
2015-07-24,1818.7
2015-07-25,1587.55
2015-07-26,1382.57
2015-07-27,1287.25
2015-07-28,1220.8
2015-07-29,1126.2
2015-07-30,1173.9
2015-07-31,1666.25
2015-08-01,1685.55
2015-08-02,1421.33
2015-08-03,1234.95
2015-08-04,1113.29
2015-08-05,1041.32
2015-08-06,978.49
2015-08-07,938.72
2015-08-08,923.7
2015-08-09,890.25
2015-08-10,848.18
2015-08-11,830.76
2015-08-12,813.7
2015-08-13,798.83
2015-08-14,771.68
2015-08-15,755.83
2015-08-16,723.44
2015-08-17,708.58
2015-08-18,747.17
2015-08-19,1003.62
2015-08-20,1149.8
2015-08-21,1115.86
2015-08-22,1128.8
2015-08-23,1092.96
2015-08-24,1008.25
2015-08-25,925.83
2015-08-26,869.96
2015-08-27,856.04
2015-08-28,828.85
2015-08-29,943.06
2015-08-30,960.61
2015-08-31,1160.45
2015-09-01,1335.6
2015-09-02,1263.74
2015-09-03,1275.44
2015-09-04,1275.44
2015-09-05,1179.32
2015-09-06,1068.05
2015-09-07,980.75
2015-09-08,902.65
2015-09-09,834.6
2015-09-10,795.16
2015-09-11,769.9
2015-09-12,745.45
2015-09-13,721.77
2015-09-14,725.11
2015-09-15,718.45
2015-09-16,700.46
2015-09-17,665.81
2015-09-18,624.17
2015-09-19,604.34
2015-09-20,604.34
2015-09-21,586.49
2015-09-22,586.49
2015-09-23,611.35
2015-09-24,646.14
2015-09-25,635.8
2015-09-26,586.49
2015-09-27,534.8
2015-09-28,491.04
2015-09-29,452.94
2015-09-30,418.76
2015-10-01,389.84
2015-10-02,366.28
2015-10-03,346.54
2015-10-04,328.61
2015-10-05,310.17
2015-10-06,296.17
2015-10-07,310.17
2015-10-08,326.34
2015-10-09,329.37
2015-10-10,320.37
2015-10-11,313.77
2015-10-12,319.63
2015-10-13,316.69
2015-10-14,301.0
2015-10-15,290.74
2015-10-16,281.49
2015-10-17,274.42
2015-10-18,265.69
2015-10-19,250.19
2015-10-20,233.42
2015-10-21,215.27
2015-10-22,199.91
2015-10-23,188.67
2015-10-24,182.65
2015-10-25,173.98
2015-10-26,160.81
2015-10-27,147.25
2015-10-28,134.52
2015-10-29,122.59
2015-10-30,111.98
2015-10-31,102.99
2015-11-01,94.94
2015-11-02,88.33
2015-11-03,83.72
2015-11-04,80.1
2015-11-05,77.52
2015-11-06,76.98
2015-11-07,75.38
2015-11-08,72.62
2015-11-09,68.5
2015-11-10,64.46
2015-11-11,60.66
2015-11-12,57.48
2015-11-13,54.85
2015-11-14,52.46
2015-11-15,50.29
2015-11-16,49.12
2015-11-17,48.89
2015-11-18,48.66
2015-11-19,48.09
2015-11-20,47.08
2015-11-21,45.67
2015-11-22,44.39
2015-11-23,43.16
2015-11-24,42.25
2015-11-25,41.46
2015-11-26,40.78
2015-11-27,40.3
2015-11-28,39.93
2015-11-29,39.55
2015-11-30,39.27
2015-12-01,38.9
2015-12-02,38.9
2015-12-03,40.5
2015-12-04,43.46
2015-12-05,46.64
2015-12-06,46.1
2015-12-07,43.77
2015-12-08,41.76
2015-12-09,40.21
2015-12-10,39.18
2015-12-11,38.63
2015-12-12,39.09
2015-12-13,39.36
2015-12-14,39.46
2015-12-15,40.02
2015-12-16,39.64
2015-12-17,39.09
2015-12-18,38.26
2015-12-19,37.28
2015-12-20,36.76
2015-12-21,36.24
2015-12-22,35.64
2015-12-23,35.14
2015-12-24,34.73
2015-12-25,34.4
2015-12-26,34.08
2015-12-27,33.75
2015-12-28,33.43
2015-12-29,33.12
2015-12-30,32.88
2015-12-31,32.57
2016-01-01,32.27
2016-01-02,32.04
2016-01-03,31.73
2016-01-04,31.43
2016-01-05,31.06
2016-01-06,30.84
2016-01-07,30.55
2016-01-08,30.26
2016-01-09,30.41
2016-01-10,31.66
2016-01-11,32.57
2016-01-12,31.96
2016-01-13,30.7
2016-01-14,29.76
2016-01-15,29.13
2016-01-16,28.79
2016-01-17,28.51
2016-01-18,28.24
2016-01-19,27.97
2016-01-20,28.38
2016-01-21,30.99
2016-01-22,36.07
2016-01-23,36.76
2016-01-24,34.32
2016-01-25,32.19
2016-01-26,30.41
2016-01-27,28.99
2016-01-28,28.44
2016-01-29,29.13
2016-01-30,29.41
2016-01-31,28.85
2016-02-01,28.92
2016-02-02,29.76
2016-02-03,30.05
2016-02-04,30.12
2016-02-05,29.76
2016-02-06,28.79
2016-02-07,27.25
2016-02-08,25.79
2016-02-09,25.06
2016-02-10,24.76
2016-02-11,24.7
2016-02-12,24.53
2016-02-13,24.29
2016-02-14,24.12
2016-02-15,23.83
2016-02-16,23.49
2016-02-17,23.21
2016-02-18,22.99
2016-02-19,22.77
2016-02-20,22.77
2016-02-21,23.04
2016-02-22,23.15
2016-02-23,23.49
2016-02-24,23.95
2016-02-25,23.66
2016-02-26,23.21
2016-02-27,23.21
2016-02-28,23.27
2016-02-29,22.93
2016-03-01,22.55
2016-03-02,22.23
2016-03-03,22.07
2016-03-04,22.5
2016-03-05,24.12
2016-03-06,26.29
2016-03-07,27.64
2016-03-08,27.91
2016-03-09,26.67
2016-03-10,25.18
2016-03-11,24.41
2016-03-12,24.29
2016-03-13,23.66
2016-03-14,23.04
2016-03-15,23.43
2016-03-16,23.66
2016-03-17,22.88
2016-03-18,21.96
2016-03-19,21.44
2016-03-20,22.44
2016-03-21,26.8
2016-03-22,30.62
2016-03-23,31.21
2016-03-24,29.41
2016-03-25,27.18
2016-03-26,25.12
2016-03-27,23.49
2016-03-28,23.27
2016-03-29,29.76
2016-03-30,43.98
2016-03-31,47.19
2016-04-01,46.21
2016-04-02,45.56
2016-04-03,46.53
2016-04-04,46.1
2016-04-05,48.89
2016-04-06,54.72
2016-04-07,59.53
2016-04-08,58.43
2016-04-09,54.08
2016-04-10,49.58
2016-04-11,46.32
2016-04-12,43.36
2016-04-13,40.11
2016-04-14,37.55
2016-04-15,38.36
2016-04-16,200.37
2016-04-17,819.35
2016-04-18,930.11
2016-04-19,936.56
2016-04-20,915.22
2016-04-21,1287.25
2016-04-22,1673.94
2016-04-23,1647.16
2016-04-24,1392.16
2016-04-25,1055.82
2016-04-26,859.99
2016-04-27,754.09
2016-04-28,673.53
2016-04-29,607.13
2016-04-30,548.54
2016-05-01,504.82
2016-05-02,479.84
2016-05-03,463.52
2016-05-04,442.61
2016-05-05,423.62
2016-05-06,415.87
2016-05-07,404.51
2016-05-08,394.37
2016-05-09,379.19
2016-05-10,356.27
2016-05-11,333.97
2016-05-12,320.37
2016-05-13,364.59
2016-05-14,548.54
2016-05-15,1190.24
2016-05-16,1220.8
2016-05-17,967.28
2016-05-18,823.14
2016-05-19,890.25
2016-05-20,960.61
2016-05-21,1434.49
2016-05-22,1481.52
2016-05-23,1147.15
2016-05-24,945.24
2016-05-25,846.23
2016-05-26,778.83
2016-05-27,721.77
2016-05-28,678.2
2016-05-29,662.74
2016-05-30,640.21
2016-05-31,609.94
2016-06-01,600.17
2016-06-02,581.1
2016-06-03,541.0
2016-06-04,500.19
2016-06-05,471.06
2016-06-06,456.09
2016-06-07,514.23
2016-06-08,557.47
2016-06-09,735.21
2016-06-10,826.94
2016-06-11,904.73
2016-06-12,1293.2
2016-06-13,1693.34
2016-06-14,1736.8
2016-06-15,1461.18
2016-06-16,1246.38
2016-06-17,1344.86
2016-06-18,1335.6
2016-06-19,1201.26
2016-06-20,1077.95
2016-06-21,980.75
2016-06-22,934.41
2016-06-23,904.73
2016-06-24,890.25
2016-06-25,878.02
2016-06-26,882.08
2016-06-27,915.22
2016-06-28,900.57
2016-06-29,850.14
2016-06-30,808.1
2016-07-01,764.6
2016-07-02,775.25
2016-07-03,819.35
2016-07-04,949.6
2016-07-05,973.99
2016-07-06,876.0
2016-07-07,800.68
2016-07-08,761.08
2016-07-09,740.31
2016-07-10,723.44
2016-07-11,720.11
2016-07-12,700.46
2016-07-13,652.13
2016-07-14,605.74
2016-07-15,566.54
2016-07-16,537.27
2016-07-17,557.47
2016-07-18,562.64
2016-07-19,581.1
2016-07-20,631.41
2016-07-21,629.96
2016-07-22,597.41
2016-07-23,624.17
2016-07-24,778.83
2016-07-25,898.5
2016-07-26,844.28
2016-07-27,762.84
2016-07-28,718.45
2016-07-29,692.43
2016-07-30,667.34
2016-07-31,638.73
2016-08-01,600.17
2016-08-02,563.94
2016-08-03,526.23
2016-08-04,508.33
2016-08-05,505.99
2016-08-06,500.19
2016-08-07,482.06
2016-08-08,458.2
2016-08-09,438.54
2016-08-10,419.73
2016-08-11,408.26
2016-08-12,399.87
2016-08-13,407.32
2016-08-14,405.44
2016-08-15,395.28
2016-08-16,381.82
2016-08-17,364.59
2016-08-18,344.94
2016-08-19,327.1
2016-08-20,306.61
2016-08-21,296.17
2016-08-22,303.79
2016-08-23,292.09
2016-08-24,268.15
2016-08-25,343.35
2016-08-26,409.2
2016-08-27,375.7
2016-08-28,337.84
2016-08-29,315.96
2016-08-30,317.42
2016-08-31,329.37
2016-09-01,330.89
2016-09-02,367.98
2016-09-03,369.68
2016-09-04,339.41
2016-09-05,310.17
2016-09-06,289.4
2016-09-07,282.14
2016-09-08,277.61
2016-09-09,303.09
2016-09-10,344.14
2016-09-11,379.19
2016-09-12,395.28
2016-09-13,380.94
2016-09-14,369.68
2016-09-15,367.98
2016-09-16,381.82
2016-09-17,409.2
2016-09-18,420.7
2016-09-19,477.63
2016-09-20,558.76
2016-09-21,614.18
2016-09-22,589.2
2016-09-23,558.76
2016-09-24,546.02
2016-09-25,547.28
2016-09-26,558.76
2016-09-27,548.54
2016-09-28,517.8
2016-09-29,488.78
2016-09-30,465.66
2016-10-01,444.66
2016-10-02,426.56
2016-10-03,407.32
2016-10-04,382.71
2016-10-05,359.58
2016-10-06,343.35
2016-10-07,362.08
2016-10-08,380.94
2016-10-09,381.82
2016-10-10,372.25
2016-10-11,361.24
2016-10-12,548.54
2016-10-13,653.64
2016-10-14,561.34
2016-10-15,478.73
2016-10-16,422.64
2016-10-17,379.19
2016-10-18,343.35
2016-10-19,313.77
2016-10-20,287.4
2016-10-21,263.24
2016-10-22,241.66
2016-10-23,222.36
2016-10-24,204.59
2016-10-25,187.8
2016-10-26,174.79
2016-10-27,270.64
2016-10-28,380.94
2016-10-29,351.37
2016-10-30,310.17
2016-10-31,274.42
2016-11-01,246.17
2016-11-02,220.82
2016-11-03,200.37
2016-11-04,183.5
2016-11-05,175.6
2016-11-06,318.15
2016-11-07,511.86
2016-11-08,431.51
2016-11-09,355.45
2016-11-10,301.69
2016-11-11,263.24
2016-11-12,235.05
2016-11-13,210.84
2016-11-14,189.99
2016-11-15,172.38
2016-11-16,156.4
2016-11-17,141.89
2016-11-18,129.02
2016-11-19,117.58
2016-11-20,107.39
2016-11-21,98.08
2016-11-22,89.99
2016-11-23,82.95
2016-11-24,76.62
2016-11-25,71.28
2016-11-26,66.61
2016-11-27,62.97
2016-11-28,60.24
2016-11-29,58.16
2016-11-30,56.68
2016-12-01,55.62
2016-12-02,54.72
2016-12-03,54.08
2016-12-04,53.58
2016-12-05,53.08
2016-12-06,52.58
2016-12-07,52.21
2016-12-08,51.72
2016-12-09,51.24
2016-12-10,50.88
2016-12-11,50.52
2016-12-12,50.05
2016-12-13,49.58
2016-12-14,49.23
2016-12-15,48.89
2016-12-16,48.43
2016-12-17,48.09
2016-12-18,47.75
2016-12-19,47.42
2016-12-20,47.42
2016-12-21,48.32
2016-12-22,49.58
2016-12-23,48.66
2016-12-24,47.42
2016-12-25,47.31
2016-12-26,47.98
2016-12-27,47.98
2016-12-28,47.53
2016-12-29,46.53
2016-12-30,45.56
2016-12-31,44.92
2017-01-01,44.29
2017-01-02,43.87
2017-01-03,43.57
2017-01-04,43.46
2017-01-05,43.57
2017-01-06,43.46
2017-01-07,43.06
2017-01-08,42.55
2017-01-09,42.15
2017-01-10,41.76
2017-01-11,41.66
2017-01-12,41.85
2017-01-13,41.46
2017-01-14,40.98
2017-01-15,40.5
2017-01-16,40.11
2017-01-17,39.74
2017-01-18,39.36
2017-01-19,39.09
2017-01-20,38.72
2017-01-21,38.45
2017-01-22,38.08
2017-01-23,37.82
2017-01-24,37.46
2017-01-25,37.19
2017-01-26,36.93
2017-01-27,36.58
2017-01-28,36.41
2017-01-29,37.19
2017-01-30,39.18
2017-01-31,38.9
2017-02-01,37.64
2017-02-02,36.67
2017-02-03,35.9
2017-02-04,35.31
2017-02-05,34.81
2017-02-06,34.48
2017-02-07,33.43
2017-02-08,32.34
2017-02-09,31.81
2017-02-10,31.43
2017-02-11,31.14
2017-02-12,30.84
2017-02-13,30.55
2017-02-14,30.26
2017-02-15,30.05
2017-02-16,29.76
2017-02-17,29.62
2017-02-18,29.41
2017-02-19,29.27
2017-02-20,29.55
2017-02-21,30.55
2017-02-22,31.81
2017-02-23,31.96
2017-02-24,31.66
2017-02-25,31.14
2017-02-26,30.41
2017-02-27,29.83
2017-02-28,29.48
2017-03-01,29.2
2017-03-02,28.85
2017-03-03,28.44
2017-03-04,28.11
2017-03-05,27.97
2017-03-06,27.91
2017-03-07,27.77
2017-03-08,27.51
2017-03-09,27.31
2017-03-10,27.58
2017-03-11,53.83
2017-03-12,110.43
2017-03-13,102.99
2017-03-14,83.14
2017-03-15,67.08
2017-03-16,55.62
2017-03-17,47.64
2017-03-18,42.35
2017-03-19,39.74
2017-03-20,40.21
2017-03-21,43.26
2017-03-22,45.03
2017-03-23,42.65
2017-03-24,38.9
2017-03-25,36.67
2017-03-26,36.84
2017-03-27,38.36
2017-03-28,39.74
2017-03-29,235.59
2017-03-30,1332.52
2017-03-31,2151.78
2017-04-01,1839.77
2017-04-02,1354.19
2017-04-03,880.05
2017-04-04,635.8
2017-04-05,687.65
2017-04-06,735.21
2017-04-07,596.04
2017-04-08,504.82
2017-04-09,444.66
2017-04-10,398.94
2017-04-11,361.24
2017-04-12,328.61
2017-04-13,298.92
2017-04-14,272.53
2017-04-15,250.77
2017-04-16,235.05
2017-04-17,223.39
2017-04-18,211.32
2017-04-19,203.64
2017-04-20,227.03
2017-04-21,412.05
2017-04-22,1338.68
2017-04-23,1716.91
2017-04-24,1431.19
2017-04-25,1201.26
2017-04-26,938.72
2017-04-27,733.51
2017-04-28,628.51
2017-04-29,558.76
2017-04-30,508.33
2017-05-01,469.98
2017-05-02,438.54
2017-05-03,410.15
2017-05-04,382.71
2017-05-05,360.41
2017-05-06,345.74
2017-05-07,344.14
2017-05-08,338.63
2017-05-09,321.85
2017-05-10,303.79
2017-05-11,295.48
2017-05-12,299.61
2017-05-13,304.49
2017-05-14,542.25
2017-05-15,867.96
2017-05-16,795.16
2017-05-17,635.8
2017-05-18,537.27
2017-05-19,485.41
2017-05-20,456.09
2017-05-21,427.55
2017-05-22,401.72
2017-05-23,379.19
2017-05-24,360.41
2017-05-25,583.79
2017-05-26,743.73
2017-05-27,681.34
2017-05-28,597.41
2017-05-29,602.95
2017-05-30,1666.25
2017-05-31,1998.86
2017-06-01,1544.25
2017-06-02,1302.17
2017-06-03,1464.55
2017-06-04,1478.11
2017-06-05,1269.57
2017-06-06,1063.14
2017-06-07,930.11
2017-06-08,840.4
2017-06-09,787.86
2017-06-10,769.9
2017-06-11,856.04
2017-06-12,1576.61
2017-06-13,2196.86
2017-06-14,2022.02
2017-06-15,1654.77
2017-06-16,1523.05
2017-06-17,1835.54
2017-06-18,2017.37
2017-06-19,1939.89
2017-06-20,1760.98
2017-06-21,1519.55
2017-06-22,1347.96
2017-06-23,1260.83
2017-06-24,1187.5
2017-06-25,1121.02
2017-06-26,1087.93
2017-06-27,1048.54
2017-06-28,1019.94
2017-06-29,1005.93
2017-06-30,1080.43
2017-07-01,1085.43
2017-07-02,1031.76
2017-07-03,1022.29
2017-07-04,1001.31
2017-07-05,943.06
2017-07-06,878.02
2017-07-07,817.47
2017-07-08,778.83
2017-07-09,769.9
2017-07-10,784.24
2017-07-11,791.5
2017-07-12,815.58
2017-07-13,806.24
2017-07-14,752.36
2017-07-15,698.84
2017-07-16,655.15
2017-07-17,615.59
2017-07-18,579.76
2017-07-19,768.13
2017-07-20,1484.94
2017-07-21,1454.46
2017-07-22,1128.8
2017-07-23,1360.44
2017-07-24,1366.73
2017-07-25,1121.02
2017-07-26,956.19
2017-07-27,852.1
2017-07-28,798.83
2017-07-29,761.08
2017-07-30,723.44
2017-07-31,711.85
2017-08-01,697.23
2017-08-02,679.77
2017-08-03,656.66
2017-08-04,624.17
2017-08-05,597.41
2017-08-06,589.2
2017-08-07,574.44
2017-08-08,560.05
2017-08-09,561.34
2017-08-10,761.08
2017-08-11,1085.43
2017-08-12,1519.55
2017-08-13,1576.61
2017-08-14,1305.17
2017-08-15,1108.18
2017-08-16,987.55
2017-08-17,898.5
2017-08-18,838.46
2017-08-19,793.33
2017-08-20,811.83
2017-08-21,815.58
2017-08-22,775.25
2017-08-23,733.51
2017-08-24,692.43
2017-08-25,664.27
2017-08-26,702.07
2017-08-27,730.14
2017-08-28,697.23
2017-08-29,658.17
2017-08-30,629.96
2017-08-31,617.02
2017-09-01,641.69
2017-09-02,664.27
2017-09-03,679.77
2017-09-04,647.63
2017-09-05,608.54
2017-09-06,571.8
2017-09-07,543.5
2017-09-08,528.66
2017-09-09,528.66
2017-09-10,846.23
2017-09-11,1055.82
2017-09-12,917.33
2017-09-13,798.83
2017-09-14,723.44
2017-09-15,670.43
2017-09-16,622.73
2017-09-17,583.79
2017-09-18,571.8
2017-09-19,570.48
2017-09-20,556.19
2017-09-21,549.81
2017-09-22,533.56
2017-09-23,504.82
2017-09-24,474.34
2017-09-25,449.82
2017-09-26,432.51
2017-09-27,416.83
2017-09-28,491.04
2017-09-29,596.04
2017-09-30,602.95
2017-10-01,578.43
2017-10-02,546.02
2017-10-03,519.0
2017-10-04,492.17
2017-10-05,461.38
2017-10-06,431.51
2017-10-07,413.0
2017-10-08,402.65
2017-10-09,397.11
2017-10-10,389.84
2017-10-11,375.7
2017-10-12,359.58
2017-10-13,355.45
2017-10-14,356.27
2017-10-15,344.14
2017-10-16,328.61
2017-10-17,310.89
2017-10-18,294.12
2017-10-19,287.4
2017-10-20,357.1
2017-10-21,1540.7
2017-10-22,1822.9
2017-10-23,1275.44
2017-10-24,927.97
2017-10-25,762.84
2017-10-26,659.69
2017-10-27,587.84
2017-10-28,529.88
2017-10-29,484.29
2017-10-30,453.99
2017-10-31,443.63
2017-11-01,426.56
2017-11-02,396.19
2017-11-03,367.13
2017-11-04,339.41
2017-11-05,314.5
2017-11-06,291.42
2017-11-07,269.4
2017-11-08,249.03
2017-11-09,229.67
2017-11-10,211.32
2017-11-11,194.43
2017-11-12,178.89
2017-11-13,164.2
2017-11-14,150.71
2017-11-15,138.64
2017-11-16,127.82
2017-11-17,121.74
2017-11-18,119.78
2017-11-19,115.14
2017-11-20,109.41
2017-11-21,104.2
2017-11-22,98.77
2017-11-23,93.62
2017-11-24,87.72
2017-11-25,82.56
2017-11-26,78.62
2017-11-27,74.68
2017-11-28,71.95
2017-11-29,70.45
2017-11-30,68.5
2017-12-01,66.14
2017-12-02,63.86
2017-12-03,61.81
2017-12-04,60.09
2017-12-05,58.7
2017-12-06,57.48
2017-12-07,56.54
2017-12-08,55.89
2017-12-09,55.36
2017-12-10,58.84
2017-12-11,94.5
2017-12-12,116.49
2017-12-13,117.58
2017-12-14,111.98
2017-12-15,102.04
2017-12-16,92.97
2017-12-17,84.7
2017-12-18,76.98
2017-12-19,70.61
2017-12-20,65.83
2017-12-21,62.24
2017-12-22,59.53
2017-12-23,57.61
2017-12-24,56.28
2017-12-25,55.1
2017-12-26,54.21
2017-12-27,53.45
2017-12-28,52.83
2017-12-29,52.33
2017-12-30,51.84
2017-12-31,51.36
2018-01-01,51.0
2018-01-02,51.48
2018-01-03,54.34
2018-01-04,59.39
2018-01-05,59.26
2018-01-06,54.98
2018-01-07,51.97
2018-01-08,51.24
2018-01-09,51.12
2018-01-10,50.29
2018-01-11,49.35
2018-01-12,48.77
2018-01-13,48.32
2018-01-14,47.98
2018-01-15,47.75
2018-01-16,47.53
2018-01-17,47.53
2018-01-18,47.08
2018-01-19,46.64
2018-01-20,46.32
2018-01-21,45.99
2018-01-22,45.56
2018-01-23,45.24
2018-01-24,44.92
2018-01-25,44.71
2018-01-26,44.5
2018-01-27,44.19
2018-01-28,43.87
2018-01-29,43.67
2018-01-30,43.46
2018-01-31,43.77
2018-02-01,44.5
2018-02-02,44.08
2018-02-03,43.36
2018-02-04,42.75
2018-02-05,42.35
2018-02-06,42.15
2018-02-07,41.27
2018-02-08,40.3
2018-02-09,39.64
2018-02-10,39.36
2018-02-11,39.09
2018-02-12,38.81
2018-02-13,38.54
2018-02-14,38.26
2018-02-15,38.36
2018-02-16,38.72
2018-02-17,38.17
2018-02-18,37.55
2018-02-19,37.11
2018-02-20,36.76
2018-02-21,36.5
2018-02-22,36.15
2018-02-23,35.9
2018-02-24,35.9
2018-02-25,36.93
2018-02-26,39.18
2018-02-27,43.36
2018-02-28,46.42
2018-03-01,44.71
2018-03-02,42.35
2018-03-03,40.69
2018-03-04,39.74
2018-03-05,38.9
2018-03-06,38.36
2018-03-07,37.82
2018-03-08,37.28
2018-03-09,36.41
2018-03-10,35.56
2018-03-11,35.31
2018-03-12,36.5
2018-03-13,37.64
2018-03-14,38.17
2018-03-15,38.36
2018-03-16,38.72
2018-03-17,41.07
2018-03-18,43.36
2018-03-19,42.65
2018-03-20,40.02
2018-03-21,37.73
2018-03-22,35.9
2018-03-23,34.73
2018-03-24,34.56
2018-03-25,35.48
2018-03-26,36.93
2018-03-27,38.99
2018-03-28,41.95
2018-03-29,43.36
2018-03-30,44.6
2018-03-31,46.75
2018-04-01,46.64
2018-04-02,44.19
2018-04-03,41.85
2018-04-04,39.93
2018-04-05,39.18
2018-04-06,39.36
2018-04-07,41.17
2018-04-08,47.08
2018-04-09,54.98
2018-04-10,60.24
2018-04-11,63.12
2018-04-12,64.77
2018-04-13,67.23
2018-04-14,69.63
2018-04-15,69.79
2018-04-16,68.02
2018-04-17,67.55
2018-04-18,72.11
2018-04-19,80.28
2018-04-20,89.16
2018-04-21,100.86
2018-04-22,111.72
2018-04-23,113.55
2018-04-24,105.91
2018-04-25,96.72
2018-04-26,89.16
2018-04-27,83.92
2018-04-28,81.41
2018-04-29,84.31
2018-04-30,92.54
2018-05-01,102.04
2018-05-02,114.88
2018-05-03,130.22
2018-05-04,156.76
2018-05-05,310.17
2018-05-06,720.11
2018-05-07,1141.88
2018-05-08,1296.18
2018-05-09,1036.53
2018-05-10,713.5
2018-05-11,531.11
2018-05-12,456.09
2018-05-13,412.05
2018-05-14,376.57
2018-05-15,362.08
2018-05-16,357.1
2018-05-17,340.98
2018-05-18,321.85
2018-05-19,305.2
2018-05-20,290.07
2018-05-21,271.27
2018-05-22,254.27
2018-05-23,242.78
2018-05-24,235.59
2018-05-25,227.56
2018-05-26,221.33
2018-05-27,214.77
2018-05-28,204.59
2018-05-29,192.64
2018-05-30,180.97
2018-05-31,174.39
2018-06-01,178.06
2018-06-02,194.43
2018-06-03,206.97
2018-06-04,203.17
2018-06-05,195.34
2018-06-06,190.43
2018-06-07,187.36
2018-06-08,188.23
2018-06-09,191.75
2018-06-10,195.79
2018-06-11,625.61
2018-06-12,1654.77
2018-06-13,2151.78
2018-06-14,1670.09
2018-06-15,1136.63
2018-06-16,840.4
2018-06-17,673.53
2018-06-18,596.04
2018-06-19,551.08
2018-06-20,520.19
2018-06-21,486.53
2018-06-22,455.04
2018-06-23,433.51
2018-06-24,420.7
2018-06-25,415.87
2018-06-26,396.19
2018-06-27,373.11
2018-06-28,357.1
2018-06-29,344.14
2018-06-30,327.1
2018-07-01,329.37
2018-07-02,341.77
2018-07-03,399.87
2018-07-04,435.52
2018-07-05,412.05
2018-07-06,374.84
2018-07-07,373.97
2018-07-08,375.7
2018-07-09,362.92
2018-07-10,353.81
2018-07-11,336.29
2018-07-12,321.85
2018-07-13,317.42
2018-07-14,318.89
2018-07-15,318.89
2018-07-16,313.05
2018-07-17,308.03
2018-07-18,297.54
2018-07-19,282.14
2018-07-20,270.64
2018-07-21,273.16
2018-07-22,311.61
2018-07-23,395.28
2018-07-24,583.79
2018-07-25,652.13
2018-07-26,558.76
2018-07-27,479.84
2018-07-28,429.53
2018-07-29,392.55
2018-07-30,379.19
2018-07-31,390.74
2018-08-01,394.37
2018-08-02,388.94
2018-08-03,377.44
2018-08-04,352.18
2018-08-05,333.97
2018-08-06,329.37
2018-08-07,324.09
2018-08-08,310.89
2018-08-09,299.61
2018-08-10,290.07
2018-08-11,283.45
2018-08-12,294.8
2018-08-13,306.61
2018-08-14,308.74
2018-08-15,305.9
2018-08-16,312.33
2018-08-17,311.61
2018-08-18,299.61
2018-08-19,282.79
2018-08-20,276.97
2018-08-21,273.79
2018-08-22,270.02
2018-08-23,276.97
2018-08-24,280.84
2018-08-25,276.97
2018-08-26,271.27
2018-08-27,271.9
2018-08-28,289.4
2018-08-29,294.8
2018-08-30,286.08
2018-08-31,276.33
2018-09-01,264.46
2018-09-02,257.23
2018-09-03,271.27
2018-09-04,276.33
2018-09-05,278.9
2018-09-06,271.9
2018-09-07,254.86
2018-09-08,237.78
2018-09-09,223.91
2018-09-10,214.28
2018-09-11,212.3
2018-09-12,218.79
2018-09-13,229.14
2018-09-14,229.67
2018-09-15,219.8
2018-09-16,206.97
2018-09-17,197.15
2018-09-18,191.31
2018-09-19,185.64
2018-09-20,181.39
2018-09-21,182.23
2018-09-22,183.5
2018-09-23,179.3
2018-09-24,172.38
2018-09-25,165.72
2018-09-26,160.44
2018-09-27,157.49
2018-09-28,153.53
2018-09-29,147.59
2018-09-30,141.56
2018-10-01,135.77
2018-10-02,129.92
2018-10-03,122.31
2018-10-04,114.35
2018-10-05,107.64
2018-10-06,101.8
2018-10-07,97.17
2018-10-08,93.41
2018-10-09,89.16
2018-10-10,85.3
2018-10-11,83.33
2018-10-12,92.54
2018-10-13,142.88
2018-10-14,215.77
2018-10-15,205.54
2018-10-16,177.24
2018-10-17,155.31
2018-10-18,140.25
2018-10-19,129.92
2018-10-20,120.34
2018-10-21,110.69
2018-10-22,102.28
2018-10-23,94.5
2018-10-24,87.92
2018-10-25,82.18
2018-10-26,77.16
2018-10-27,72.79
2018-10-28,69.15
2018-10-29,66.76
2018-10-30,65.37
2018-10-31,63.42
2018-11-01,60.94
2018-11-02,58.29
2018-11-03,56.54
2018-11-04,56.68
2018-11-05,57.21
2018-11-06,56.68
2018-11-07,55.49
2018-11-08,54.46
2018-11-09,52.95
2018-11-10,51.36
2018-11-11,50.05
2018-11-12,48.89
2018-11-13,47.98
2018-11-14,47.19
2018-11-15,46.64
2018-11-16,46.21
2018-11-17,45.88
2018-11-18,45.56
2018-11-19,45.34
2018-11-20,45.03
2018-11-21,44.81
2018-11-22,44.92
2018-11-23,44.6
2018-11-24,43.98
2018-11-25,43.57
2018-11-26,43.16
2018-11-27,42.85
2018-11-28,42.55
2018-11-29,42.25
2018-11-30,41.95
2018-12-01,41.56
2018-12-02,41.17
2018-12-03,40.88
2018-12-04,40.59
2018-12-05,40.3
2018-12-06,40.02
2018-12-07,39.74
2018-12-08,39.46
2018-12-09,39.18
2018-12-10,38.9
2018-12-11,38.54
2018-12-12,38.26
2018-12-13,37.99
2018-12-14,37.73
2018-12-15,37.55
2018-12-16,37.28
2018-12-17,37.28
2018-12-18,53.45
2018-12-19,146.91
2018-12-20,150.71
2018-12-21,118.95
2018-12-22,95.16
2018-12-23,79.17
2018-12-24,67.87
2018-12-25,59.67
2018-12-26,53.58
2018-12-27,49.23
2018-12-28,45.99
2018-12-29,43.26
2018-12-30,41.36
2018-12-31,40.02
2019-01-01,39.09
2019-01-02,38.26
2019-01-03,37.64
2019-01-04,37.02
2019-01-05,36.5
2019-01-06,35.98
2019-01-07,35.56
2019-01-08,35.06
2019-01-09,34.73
2019-01-10,34.4
2019-01-11,34.16
2019-01-12,33.83
2019-01-13,33.43
2019-01-14,33.12
2019-01-15,32.96
2019-01-16,33.04
2019-01-17,32.73
2019-01-18,32.27
2019-01-19,31.89
2019-01-20,31.58
2019-01-21,31.28
2019-01-22,30.99
2019-01-23,30.62
2019-01-24,30.41
2019-01-25,30.19
2019-01-26,29.9
2019-01-27,29.62
2019-01-28,29.41
2019-01-29,29.27
2019-01-30,30.05
2019-01-31,31.73
2019-02-01,31.73
2019-02-02,30.33
2019-02-03,29.27
2019-02-04,28.72
2019-02-05,28.38
2019-02-06,28.11
2019-02-07,27.31
2019-02-08,26.42
2019-02-09,26.48
2019-02-10,27.51
2019-02-11,28.65
2019-02-12,28.31
2019-02-13,27.12
2019-02-14,26.16
2019-02-15,25.55
2019-02-16,25.3
2019-02-17,25.49
2019-02-18,25.92
2019-02-19,26.23
2019-02-20,25.92
2019-02-21,25.49
2019-02-22,25.18
2019-02-23,24.88
2019-02-24,24.64
2019-02-25,24.41
2019-02-26,24.35
2019-02-27,25.12
2019-02-28,27.77
2019-03-01,32.42
2019-03-02,36.41
2019-03-03,35.39
2019-03-04,31.89
2019-03-05,29.2
2019-03-06,27.97
2019-03-07,27.58
2019-03-08,27.44
2019-03-09,26.93
2019-03-10,26.04
2019-03-11,25.24
2019-03-12,24.59
2019-03-13,24.12
2019-03-14,23.66
2019-03-15,23.32
2019-03-16,23.04
2019-03-17,22.77
2019-03-18,22.6
2019-03-19,22.66
2019-03-20,23.1
2019-03-21,24.0
2019-03-22,23.95
2019-03-23,23.72
2019-03-24,24.35
2019-03-25,24.06
2019-03-26,23.1
2019-03-27,22.5
2019-03-28,22.77
2019-03-29,22.93
2019-03-30,22.71
2019-03-31,27.44
2019-04-01,37.82
2019-04-02,45.34
2019-04-03,47.19
2019-04-04,45.99
2019-04-05,43.06
2019-04-06,41.95
2019-04-07,41.27
2019-04-08,42.75
2019-04-09,50.17
2019-04-10,60.94
2019-04-11,65.22
2019-04-12,60.52
2019-04-13,54.08
2019-04-14,48.89
2019-04-15,46.1
2019-04-16,47.42
2019-04-17,50.4
2019-04-18,50.52
2019-04-19,48.43
2019-04-20,46.42
2019-04-21,45.67
2019-04-22,46.75
2019-04-23,46.42
2019-04-24,43.98
2019-04-25,40.78
2019-04-26,38.17
2019-04-27,36.93
2019-04-28,41.36
2019-04-29,88.95
2019-04-30,197.61
2019-05-01,186.5
2019-05-02,159.32
2019-05-03,146.91
2019-05-04,321.11
2019-05-05,488.78
2019-05-06,366.28
2019-05-07,278.25
2019-05-08,223.91
2019-05-09,194.43
2019-05-10,183.5
2019-05-11,174.39
2019-05-12,158.96
2019-05-13,143.54
2019-05-14,134.52
2019-05-15,136.4
2019-05-16,136.4
2019-05-17,134.21
2019-05-18,157.12
2019-05-19,240.55
2019-05-20,230.21
2019-05-21,192.2
2019-05-22,180.55
2019-05-23,204.12
2019-05-24,467.81
2019-05-25,1050.96
2019-05-26,1263.74
2019-05-27,850.14
2019-05-28,587.84
2019-05-29,496.74
2019-05-30,461.38
2019-05-31,435.52
2019-06-01,413.0
2019-06-02,382.71
2019-06-03,357.1
2019-06-04,368.83
2019-06-05,381.82
2019-06-06,366.28
2019-06-07,361.24
2019-06-08,376.57
2019-06-09,378.31
2019-06-10,364.59
2019-06-11,349.75
2019-06-12,331.66
2019-06-13,314.5
2019-06-14,306.61
2019-06-15,309.46
2019-06-16,325.59
2019-06-17,335.51
2019-06-18,318.89
2019-06-19,303.79
2019-06-20,313.77
2019-06-21,353.81
2019-06-22,375.7
2019-06-23,358.75
2019-06-24,330.13
2019-06-25,316.69
2019-06-26,317.42
2019-06-27,658.17
2019-06-28,1454.46
2019-06-29,1326.39
2019-06-30,960.61
2019-07-01,771.68
2019-07-02,670.43
2019-07-03,596.04
2019-07-04,538.51
2019-07-05,501.34
2019-07-06,497.88
2019-07-07,809.96
2019-07-08,1003.62
2019-07-09,930.11
2019-07-10,994.41
2019-07-11,1108.18
2019-07-12,1082.93
2019-07-13,1115.86
2019-07-14,1179.32
2019-07-15,1144.51
2019-07-16,1038.92
2019-07-17,915.22
2019-07-18,817.47
2019-07-19,748.89
2019-07-20,698.84
2019-07-21,667.34
2019-07-22,678.2
2019-07-23,675.08
2019-07-24,695.63
2019-07-25,705.32
2019-07-26,682.91
2019-07-27,675.08
2019-07-28,716.79
2019-07-29,817.47
2019-07-30,876.0
2019-07-31,811.83
2019-08-01,730.14
2019-08-02,667.34
2019-08-03,627.06
2019-08-04,591.93
2019-08-05,560.05
2019-08-06,528.66
2019-08-07,501.34
2019-08-08,483.17
2019-08-09,465.66
2019-08-10,444.66
2019-08-11,423.62
2019-08-12,400.79
2019-08-13,378.31
2019-08-14,471.06
2019-08-15,496.74
2019-08-16,478.73
2019-08-17,464.59
2019-08-18,431.51
2019-08-19,394.37
2019-08-20,362.08
2019-08-21,334.74
2019-08-22,357.1
2019-08-23,531.11
2019-08-24,586.49
2019-08-25,488.78
2019-08-26,426.56
2019-08-27,388.94
2019-08-28,373.97
2019-08-29,379.19
2019-08-30,364.59
2019-08-31,343.35
2019-09-01,327.85
2019-09-02,312.33
2019-09-03,308.03
2019-09-04,307.32
2019-09-05,300.3
2019-09-06,288.73
2019-09-07,281.49
2019-09-08,276.33
2019-09-09,270.02
2019-09-10,268.77
2019-09-11,266.3
2019-09-12,263.85
2019-09-13,275.69
2019-09-14,284.76
2019-09-15,284.76
2019-09-16,275.06
2019-09-17,264.46
2019-09-18,251.93
2019-09-19,242.22
2019-09-20,238.88
2019-09-21,236.14
2019-09-22,249.03
2019-09-23,317.42
2019-09-24,381.82
2019-09-25,429.53
2019-09-26,463.52
2019-09-27,439.55
2019-09-28,413.95
2019-09-29,393.46
2019-09-30,428.54
2019-10-01,468.89
2019-10-02,457.14
2019-10-03,435.52
2019-10-04,416.83
2019-10-05,408.26
2019-10-06,451.9
2019-10-07,487.65
2019-10-08,476.53
2019-10-09,475.43
2019-10-10,468.89
2019-10-11,443.63
2019-10-12,413.95
2019-10-13,386.26
2019-10-14,357.92
2019-10-15,332.43
2019-10-16,319.63
2019-10-17,317.42
2019-10-18,307.32
2019-10-19,288.07
2019-10-20,271.9
2019-10-21,263.85
2019-10-22,260.82
2019-10-23,252.51
2019-10-24,344.14
2019-10-25,644.65
2019-10-26,1939.89
2019-10-27,2279.34
2019-10-28,1598.56
2019-10-29,1103.08
2019-10-30,869.96
2019-10-31,748.89
2019-11-01,668.88
2019-11-02,605.74
2019-11-03,553.63
2019-11-04,508.33
2019-11-05,472.15
2019-11-06,440.57
2019-11-07,410.15
2019-11-08,380.94
2019-11-09,375.7
2019-11-10,406.38
2019-11-11,413.0
2019-11-12,397.11
2019-11-13,375.7
2019-11-14,348.14
2019-11-15,321.11
2019-11-16,296.17
2019-11-17,276.33
2019-11-18,259.62
2019-11-19,243.91
2019-11-20,228.09
2019-11-21,211.81
2019-11-22,194.88
2019-11-23,178.47
2019-11-24,163.44
2019-11-25,148.97
2019-11-26,136.09
2019-11-27,124.03
2019-11-28,113.29
2019-11-29,103.95
2019-11-30,96.05
2019-12-01,89.16
2019-12-02,83.33
2019-12-03,78.98
2019-12-04,74.51
2019-12-05,70.94
2019-12-06,67.39
2019-12-07,64.31
2019-12-08,61.52
2019-12-09,59.26
2019-12-10,57.34
2019-12-11,56.02
2019-12-12,55.1
2019-12-13,54.59
2019-12-14,53.58
2019-12-15,52.46
2019-12-16,51.48
2019-12-17,50.76
2019-12-18,50.4
2019-12-19,50.52
2019-12-20,49.93
2019-12-21,49.12
2019-12-22,48.66
2019-12-23,48.32
2019-12-24,48.09
2019-12-25,47.87
2019-12-26,47.42
2019-12-27,47.19
2019-12-28,47.75
2019-12-29,49.23
2019-12-30,48.55
2019-12-31,47.08
2020-01-01,46.21
2020-01-02,45.88
2020-01-03,46.97
2020-01-04,52.7
2020-01-05,65.68
2020-01-06,69.79
2020-01-07,67.08
2020-01-08,60.8
2020-01-09,54.21
2020-01-10,49.58
2020-01-11,47.08
2020-01-12,45.99
2020-01-13,45.24
2020-01-14,44.81
2020-01-15,44.39
2020-01-16,43.98
2020-01-17,43.67
2020-01-18,43.26
2020-01-19,43.36
2020-01-20,44.6
2020-01-21,46.64
2020-01-22,47.42
2020-01-23,46.21
2020-01-24,44.6
2020-01-25,43.57
2020-01-26,42.75
2020-01-27,42.15
2020-01-28,41.95
2020-01-29,41.76
2020-01-30,41.66
2020-01-31,42.15
2020-02-01,44.39
2020-02-02,45.56
2020-02-03,45.77
2020-02-04,46.53
2020-02-05,45.45
2020-02-06,43.77
2020-02-07,42.15
2020-02-08,40.59
2020-02-09,39.36
2020-02-10,38.54
2020-02-11,38.08
2020-02-12,37.73
2020-02-13,37.28
2020-02-14,36.93
2020-02-15,36.58
2020-02-16,36.41
2020-02-17,36.5
2020-02-18,36.67
2020-02-19,36.84
2020-02-20,36.67
2020-02-21,36.15
2020-02-22,35.56
2020-02-23,35.06
2020-02-24,34.65
2020-02-25,35.64
2020-02-26,41.36
2020-02-27,53.83
2020-02-28,64.31
2020-02-29,63.42
2020-03-01,56.94
2020-03-02,51.24
2020-03-03,47.98
2020-03-04,48.2
2020-03-05,49.47
2020-03-06,49.12
2020-03-07,48.55
2020-03-08,48.55
2020-03-09,48.55
2020-03-10,48.66
2020-03-11,47.31
2020-03-12,45.24
2020-03-13,43.06
2020-03-14,41.27
2020-03-15,40.21
2020-03-16,40.88
2020-03-17,40.88
2020-03-18,39.55
2020-03-19,38.08
2020-03-20,36.76
2020-03-21,35.73
2020-03-22,35.98
2020-03-23,37.46
2020-03-24,40.3
2020-03-25,43.46
2020-03-26,43.26
2020-03-27,40.78
2020-03-28,38.45
2020-03-29,36.58
2020-03-30,35.06
2020-03-31,33.91
2020-04-01,33.04
2020-04-02,32.34
2020-04-03,31.66
2020-04-04,31.36
2020-04-05,31.14
2020-04-06,30.62
2020-04-07,30.19
2020-04-08,29.76
2020-04-09,29.48
2020-04-10,29.69
2020-04-11,29.83
2020-04-12,29.9
2020-04-13,29.76
2020-04-14,29.69
2020-04-15,29.34
2020-04-16,28.85
2020-04-17,29.62
2020-04-18,36.76
2020-04-19,47.53
2020-04-20,51.84
2020-04-21,49.93
2020-04-22,47.87
2020-04-23,47.42
2020-04-24,53.58
2020-04-25,60.24
2020-04-26,64.16
2020-04-27,64.77
2020-04-28,64.92
2020-04-29,71.61
2020-04-30,85.1
2020-05-01,93.84
2020-05-02,92.97
2020-05-03,89.99
2020-05-04,89.57
2020-05-05,89.99
2020-05-06,90.2
2020-05-07,89.36
2020-05-08,88.95
2020-05-09,87.51
2020-05-10,84.7
2020-05-11,78.8
2020-05-12,74.34
2020-05-13,76.45
2020-05-14,84.9
2020-05-15,89.16
2020-05-16,103.47
2020-05-17,129.62
2020-05-18,131.43
2020-05-19,127.53
2020-05-20,124.6
2020-05-21,146.91
2020-05-22,189.11
2020-05-23,184.78
2020-05-24,169.61
2020-05-25,159.32
2020-05-26,361.24
2020-05-27,1681.67
2020-05-28,2102.78
2020-05-29,1434.49
2020-05-30,911.01
2020-05-31,754.09
2020-06-01,690.83
2020-06-02,600.17
2020-06-03,537.27
2020-06-04,511.86
2020-06-05,586.49
2020-06-06,609.94
2020-06-07,549.81
2020-06-08,504.82
2020-06-09,485.41
2020-06-10,478.73
2020-06-11,478.73
2020-06-12,514.23
2020-06-13,529.88
2020-06-14,500.19
2020-06-15,466.74
2020-06-16,433.51
2020-06-17,808.1
2020-06-18,1092.96
2020-06-19,856.04
2020-06-20,668.88
2020-06-21,593.29
2020-06-22,553.63
2020-06-23,507.16
2020-06-24,482.06
2020-06-25,472.15
2020-06-26,575.77
2020-06-27,731.82
2020-06-28,745.45
2020-06-29,650.63
2020-06-30,575.77
2020-07-01,532.33
2020-07-02,517.8
2020-07-03,496.74
2020-07-04,482.06
2020-07-05,466.74
2020-07-06,446.71
2020-07-07,426.56
2020-07-08,422.64
2020-07-09,456.09
2020-07-10,624.17
2020-07-11,900.57
2020-07-12,900.57
2020-07-13,762.84
2020-07-14,661.22
2020-07-15,609.94
2020-07-16,571.8
2020-07-17,531.11
2020-07-18,507.16
2020-07-19,543.5
2020-07-20,659.69
2020-07-21,906.82
2020-07-22,898.5
2020-07-23,778.83
2020-07-24,710.21
2020-07-25,652.13
2020-07-26,600.17
2020-07-27,570.48
2020-07-28,549.81
2020-07-29,552.35
2020-07-30,579.76
2020-07-31,585.14
2020-08-01,552.35
2020-08-02,510.68
2020-08-03,474.34
2020-08-04,443.63
2020-08-05,423.62
2020-08-06,414.91
2020-08-07,398.02
2020-08-08,382.71
2020-08-09,372.25
2020-08-10,375.7
2020-08-11,370.54
2020-08-12,355.45
2020-08-13,339.41
2020-08-14,480.95
2020-08-15,625.61
2020-08-16,527.45
2020-08-17,459.26
2020-08-18,416.83
2020-08-19,394.37
2020-08-20,403.58
2020-08-21,416.83
2020-08-22,448.78
2020-08-23,478.73
2020-08-24,445.68
2020-08-25,416.83
2020-08-26,398.02
2020-08-27,374.84
2020-08-28,351.37
2020-08-29,333.97
2020-08-30,322.59
2020-08-31,380.94
2020-09-01,431.51
2020-09-02,403.58
2020-09-03,364.59
2020-09-04,330.13
2020-09-05,301.69
2020-09-06,278.25
2020-09-07,262.03
2020-09-08,248.46
2020-09-09,235.05
2020-09-10,236.68
2020-09-11,254.86
2020-09-12,440.57
2020-09-13,528.66
2020-09-14,479.84
2020-09-15,432.51
2020-09-16,429.53
2020-09-17,427.55
2020-09-18,397.11
2020-09-19,361.24
2020-09-20,328.61
2020-09-21,309.46
2020-09-22,324.84
2020-09-23,388.05
2020-09-24,558.76
2020-09-25,643.17
2020-09-26,637.26
2020-09-27,617.02
2020-09-28,538.51
2020-09-29,473.24
2020-09-30,431.51
2020-10-01,415.87
2020-10-02,406.38
2020-10-03,401.72
2020-10-04,398.02
2020-10-05,393.46
2020-10-06,379.19
2020-10-07,367.98
2020-10-08,362.08
2020-10-09,348.14
2020-10-10,329.37
2020-10-11,316.69
2020-10-12,309.46
2020-10-13,295.48
2020-10-14,278.25
2020-10-15,262.63
2020-10-16,248.46
2020-10-17,232.35
2020-10-18,221.33
2020-10-19,229.14
2020-10-20,239.99
2020-10-21,243.34
2020-10-22,316.69
2020-10-23,1335.6
2020-10-24,1643.37
2020-10-25,1198.5
2020-10-26,886.16
2020-10-27,718.45
2020-10-28,619.87
2020-10-29,548.54
2020-10-30,493.31
2020-10-31,461.38
2020-11-01,453.99
2020-11-02,452.94
2020-11-03,431.51
2020-11-04,402.65
2020-11-05,373.11
2020-11-06,344.94
2020-11-07,318.89
2020-11-08,294.12
2020-11-09,271.27
2020-11-10,249.61
2020-11-11,229.67
2020-11-12,211.32
2020-11-13,193.98
2020-11-14,178.06
2020-11-15,163.44
2020-11-16,149.66
2020-11-17,137.04
2020-11-18,126.35
2020-11-19,117.03
2020-11-20,108.65
2020-11-21,101.57
2020-11-22,95.83
2020-11-23,90.62
2020-11-24,85.5
2020-11-25,79.91
2020-11-26,75.03
2020-11-27,70.78
2020-11-28,67.08
2020-11-29,64.01
2020-11-30,61.52
2020-12-01,59.12
2020-12-02,57.21
2020-12-03,55.62
2020-12-04,54.34
2020-12-05,53.33
2020-12-06,52.7
2020-12-07,52.21
2020-12-08,51.84
2020-12-09,51.36
2020-12-10,51.0
2020-12-11,50.64
2020-12-12,50.29
2020-12-13,49.93
2020-12-14,49.7
2020-12-15,49.7
2020-12-16,49.35
2020-12-17,48.77
2020-12-18,48.43
2020-12-19,48.32
2020-12-20,48.09
2020-12-21,47.64
2020-12-22,47.19
2020-12-23,46.75
2020-12-24,46.42
2020-12-25,46.1
2020-12-26,45.77
2020-12-27,45.45
2020-12-28,45.13
2020-12-29,44.81
2020-12-30,44.5
2020-12-31,44.08
2021-01-01,43.77
2021-01-02,43.46
2021-01-03,43.06
2021-01-04,42.75
2021-01-05,42.35
2021-01-06,41.95
2021-01-07,41.66
2021-01-08,41.36
2021-01-09,41.07
2021-01-10,40.78
2021-01-11,40.5
2021-01-12,40.3
2021-01-13,40.11
2021-01-14,39.83
2021-01-15,39.55
2021-01-16,39.27
2021-01-17,38.99
2021-01-18,38.63
2021-01-19,38.36
2021-01-20,38.26
2021-01-21,38.63
2021-01-22,38.99
2021-01-23,38.54
2021-01-24,37.9
2021-01-25,37.46
2021-01-26,37.11
2021-01-27,36.76
2021-01-28,36.41
2021-01-29,36.07
2021-01-30,35.81
2021-01-31,35.56
2021-02-01,35.48
2021-02-02,35.22
2021-02-03,34.97
2021-02-04,34.56
2021-02-05,34.32
2021-02-06,33.91
2021-02-07,33.12
2021-02-08,32.19
2021-02-09,31.66
2021-02-10,31.28
2021-02-11,30.92
2021-02-12,30.62
2021-02-13,30.33
2021-02-14,30.05
2021-02-15,29.76
2021-02-16,29.48
2021-02-17,29.34
2021-02-18,29.13
2021-02-19,28.92
2021-02-20,28.72
2021-02-21,28.44
2021-02-22,28.11
2021-02-23,27.77
2021-02-24,27.51
2021-02-25,27.31
2021-02-26,27.18
2021-02-27,27.18
2021-02-28,27.38
2021-03-01,27.31
2021-03-02,27.12
2021-03-03,26.8
2021-03-04,26.67
2021-03-05,26.48
2021-03-06,26.29
2021-03-07,26.29
2021-03-08,26.29
2021-03-09,26.23
2021-03-10,26.16
2021-03-11,26.42
2021-03-12,26.73
2021-03-13,26.67
2021-03-14,26.16
2021-03-15,26.29
2021-03-16,27.44
2021-03-17,27.38
2021-03-18,26.29
2021-03-19,25.3
2021-03-20,24.64
2021-03-21,24.18
2021-03-22,23.66
2021-03-23,23.32
2021-03-24,23.1
2021-03-25,22.88
2021-03-26,22.6
2021-03-27,22.33
2021-03-28,22.07
2021-03-29,21.86
2021-03-30,22.28
2021-03-31,27.18
2021-04-01,40.78
2021-04-02,49.7
2021-04-03,46.86
2021-04-04,40.5
2021-04-05,35.22
2021-04-06,31.58
2021-04-07,28.85
2021-04-08,26.86
2021-04-09,25.98
2021-04-10,26.16
2021-04-11,26.67
2021-04-12,27.31
2021-04-13,26.8
2021-04-14,25.73
2021-04-15,24.94
2021-04-16,25.18
2021-04-17,26.23
2021-04-18,28.31
2021-04-19,30.84
2021-04-20,31.81
2021-04-21,30.62
2021-04-22,28.99
2021-04-23,28.51
2021-04-24,29.41
2021-04-25,28.79
2021-04-26,27.18
2021-04-27,26.1
2021-04-28,26.8
2021-04-29,27.05
2021-04-30,26.42
2021-05-01,25.85
2021-05-02,25.67
2021-05-03,26.1
2021-05-04,28.65
2021-05-05,32.73
2021-05-06,35.73
2021-05-07,38.81
2021-05-08,43.16
2021-05-09,46.32
2021-05-10,48.66
2021-05-11,50.4
2021-05-12,54.59
2021-05-13,77.34
2021-05-14,95.83
2021-05-15,93.19
2021-05-16,86.7
2021-05-17,82.18
2021-05-18,82.95
2021-05-19,98.54
2021-05-20,106.4
2021-05-21,104.44
2021-05-22,96.72
2021-05-23,88.95
2021-05-24,83.53
2021-05-25,91.47
2021-05-26,111.46
2021-05-27,114.08
2021-05-28,106.89
2021-05-29,96.95
2021-05-30,88.33
2021-05-31,83.92
2021-06-01,92.11
2021-06-02,109.92
2021-06-03,110.43
2021-06-04,102.51
2021-06-05,98.54
2021-06-06,104.68
2021-06-07,116.76
2021-06-08,119.78
2021-06-09,119.5
2021-06-10,118.67
2021-06-11,128.12
2021-06-12,168.04
2021-06-13,204.59
2021-06-14,192.2
2021-06-15,177.24
2021-06-16,168.43
2021-06-17,162.68
2021-06-18,154.96
2021-06-19,155.31
2021-06-20,160.81
2021-06-21,160.81
2021-06-22,154.24
2021-06-23,146.91
2021-06-24,142.22
2021-06-25,140.91
2021-06-26,137.68
2021-06-27,132.97
2021-06-28,131.13
2021-06-29,135.77
2021-06-30,193.54
2021-07-01,298.92
2021-07-02,350.56
2021-07-03,327.85
2021-07-04,292.76
2021-07-05,266.92
2021-07-06,260.22
2021-07-07,284.1
2021-07-08,278.25
2021-07-09,253.1
2021-07-10,229.14
2021-07-11,219.8
2021-07-12,223.91
2021-07-13,353.81
2021-07-14,534.8
2021-07-15,443.63
2021-07-16,398.02
2021-07-17,446.71
2021-07-18,445.68
2021-07-19,495.59
2021-07-20,563.94
2021-07-21,501.34
2021-07-22,432.51
2021-07-23,386.26
2021-07-24,354.63
2021-07-25,327.85
2021-07-26,302.39
2021-07-27,288.07
2021-07-28,284.1
2021-07-29,283.45
2021-07-30,299.61
2021-07-31,324.84
2021-08-01,365.44
2021-08-02,394.37
2021-08-03,371.39
2021-08-04,339.41
2021-08-05,314.5
2021-08-06,318.89
2021-08-07,357.1
2021-08-08,363.75
2021-08-09,349.75
2021-08-10,437.53
2021-08-11,1063.14
2021-08-12,1082.93
2021-08-13,925.83
2021-08-14,778.83
2021-08-15,655.15
2021-08-16,590.56
2021-08-17,771.68
2021-08-18,850.14
2021-08-19,764.6
2021-08-20,661.22
2021-08-21,590.56
2021-08-22,543.5
2021-08-23,547.28
2021-08-24,591.93
2021-08-25,604.34
2021-08-26,637.26
2021-08-27,634.33
2021-08-28,637.26
2021-08-29,791.5
2021-08-30,953.99
2021-08-31,917.33
2021-09-01,819.35
2021-09-02,743.73
2021-09-03,692.43
2021-09-04,644.65
2021-09-05,596.04
2021-09-06,601.56
2021-09-07,615.59
2021-09-08,579.76
2021-09-09,544.76
2021-09-10,511.86
2021-09-11,478.73
2021-09-12,446.71
2021-09-13,417.79
2021-09-14,389.84
2021-09-15,376.57
2021-09-16,376.57
2021-09-17,399.87
2021-09-18,551.08
2021-09-19,640.21
2021-09-20,557.47
2021-09-21,488.78
2021-09-22,451.9
2021-09-23,427.55
2021-09-24,402.65
2021-09-25,375.7
2021-09-26,352.18
2021-09-27,348.14
2021-09-28,338.63
2021-09-29,324.84
2021-09-30,313.77
2021-10-01,302.39
2021-10-02,292.76
2021-10-03,304.49
2021-10-04,310.89
2021-10-05,300.3
2021-10-06,281.49
2021-10-07,263.85
2021-10-08,249.03
2021-10-09,236.14
2021-10-10,223.39
2021-10-11,209.38
2021-10-12,193.09
2021-10-13,176.83
2021-10-14,162.68
2021-10-15,150.71
2021-10-16,140.25
2021-10-17,131.74
2021-10-18,124.03
2021-10-19,119.23
2021-10-20,125.18
2021-10-21,129.92
2021-10-22,129.92
2021-10-23,123.17
2021-10-24,112.76
2021-10-25,102.99
2021-10-26,94.28
2021-10-27,86.9
2021-10-28,80.28
2021-10-29,74.34
2021-10-30,68.82
2021-10-31,63.86
2021-11-01,60.38
2021-11-02,57.21
2021-11-03,54.21
2021-11-04,51.36
2021-11-05,48.89
2021-11-06,46.97
2021-11-07,45.34
2021-11-08,43.98
2021-11-09,43.06
2021-11-10,42.25
2021-11-11,41.76
2021-11-12,41.27
2021-11-13,40.98
2021-11-14,40.59
2021-11-15,40.3
2021-11-16,40.02
2021-11-17,39.74
2021-11-18,39.36
2021-11-19,38.99
2021-11-20,38.72
2021-11-21,38.36
2021-11-22,38.08
2021-11-23,37.9
2021-11-24,37.64
2021-11-25,37.37
2021-11-26,37.11
2021-11-27,36.76
2021-11-28,36.41
2021-11-29,36.15
2021-11-30,35.81
2021-12-01,35.48
2021-12-02,35.06
2021-12-03,34.65
2021-12-04,34.4
2021-12-05,34.08
2021-12-06,34.16
2021-12-07,35.9
2021-12-08,40.59
2021-12-09,43.77
2021-12-10,42.15
2021-12-11,39.09
2021-12-12,36.76
2021-12-13,35.22
2021-12-14,34.24
2021-12-15,33.51
2021-12-16,32.96
2021-12-17,32.5
2021-12-18,32.19
2021-12-19,31.89
2021-12-20,31.58
2021-12-21,31.28
2021-12-22,30.99
2021-12-23,30.92
2021-12-24,30.77
2021-12-25,30.55
2021-12-26,30.33
2021-12-27,30.05
2021-12-28,29.83
2021-12-29,29.55
2021-12-30,29.34
2021-12-31,29.06
2022-01-01,28.85
2022-01-02,28.58
2022-01-03,28.31
2022-01-04,27.97
2022-01-05,27.64
2022-01-06,27.38
2022-01-07,27.12
2022-01-08,26.8
2022-01-09,26.54
2022-01-10,26.29
2022-01-11,26.23
2022-01-12,26.86
2022-01-13,28.44
2022-01-14,30.26
2022-01-15,30.19
2022-01-16,28.79
2022-01-17,27.31
2022-01-18,26.29
2022-01-19,25.73
2022-01-20,25.55
2022-01-21,26.1
2022-01-22,28.11
2022-01-23,29.69
2022-01-24,29.69
2022-01-25,29.41
2022-01-26,29.34
2022-01-27,30.33
2022-01-28,33.2
2022-01-29,34.97
2022-01-30,34.4
2022-01-31,32.34
2022-02-01,31.06
2022-02-02,31.36
2022-02-03,32.34
2022-02-04,33.67
2022-02-05,38.54
2022-02-06,46.42
2022-02-07,47.31
2022-02-08,41.36
2022-02-09,35.98
2022-02-10,33.28
2022-02-11,31.58
2022-02-12,30.33
2022-02-13,30.05
2022-02-14,29.27
2022-02-15,27.91
2022-02-16,26.61
2022-02-17,25.49
2022-02-18,24.59
2022-02-19,23.89
2022-02-20,23.32
2022-02-21,23.1
2022-02-22,24.18
2022-02-23,26.42
2022-02-24,26.61
2022-02-25,25.61
2022-02-26,25.98
2022-02-27,27.38
2022-02-28,28.24
2022-03-01,27.58
2022-03-02,26.42
2022-03-03,25.42
2022-03-04,24.41
2022-03-05,23.49
2022-03-06,22.71
2022-03-07,22.01
2022-03-08,21.49
2022-03-09,21.08
2022-03-10,20.78
2022-03-11,20.48
2022-03-12,20.28
2022-03-13,20.09
2022-03-14,19.84
2022-03-15,19.61
2022-03-16,19.42
2022-03-17,19.23
2022-03-18,19.0
2022-03-19,18.82
2022-03-20,18.63
2022-03-21,18.45
2022-03-22,18.23
2022-03-23,18.05
2022-03-24,17.92
2022-03-25,17.97
2022-03-26,18.36
2022-03-27,19.0
2022-03-28,19.65
2022-03-29,19.8
2022-03-30,19.46
2022-03-31,19.23
2022-04-01,20.98
2022-04-02,26.48
2022-04-03,31.81
2022-04-04,32.5
2022-04-05,31.43
2022-04-06,30.05
2022-04-07,28.17
2022-04-08,26.54
2022-04-09,26.29
2022-04-10,63.12
2022-04-11,127.82
2022-04-12,126.94
2022-04-13,112.76
2022-04-14,101.09
2022-04-15,92.97
2022-04-16,85.1
2022-04-17,78.25
2022-04-18,72.79
2022-04-19,68.02
2022-04-20,65.68
2022-04-21,65.99
2022-04-22,64.16
2022-04-23,61.09
2022-04-24,59.39
2022-04-25,55.89
2022-04-26,51.84
2022-04-27,48.43
2022-04-28,46.32
2022-04-29,46.42
2022-04-30,66.76
2022-05-01,113.55
2022-05-02,117.3
2022-05-03,141.89
2022-05-04,251.35
2022-05-05,222.87
2022-05-06,177.65
2022-05-07,148.28
2022-05-08,132.35
2022-05-09,121.74
2022-05-10,118.67
2022-05-11,496.74
2022-05-12,740.31
2022-05-13,1530.09
2022-05-14,1839.77
2022-05-15,1609.65
2022-05-16,1113.29
2022-05-17,813.7
2022-05-18,730.14
2022-05-19,656.66
2022-05-20,590.56
2022-05-21,546.02
2022-05-22,523.81
2022-05-23,499.03
2022-05-24,465.66
2022-05-25,440.57
2022-05-26,427.55
2022-05-27,414.91
2022-05-28,391.65
2022-05-29,364.59
2022-05-30,337.84
2022-05-31,318.15
2022-06-01,310.17
2022-06-02,355.45
2022-06-03,451.9
2022-06-04,457.14
2022-06-05,452.94
2022-06-06,480.95
2022-06-07,565.24
2022-06-08,571.8
2022-06-09,605.74
2022-06-10,605.74
2022-06-11,539.75
2022-06-12,493.31
2022-06-13,468.89
2022-06-14,521.4
2022-06-15,832.68
2022-06-16,1072.99
2022-06-17,1777.28
2022-06-18,1844.02
2022-06-19,1505.61
2022-06-20,1206.81
2022-06-21,1048.54
2022-06-22,949.6
2022-06-23,873.98
2022-06-24,813.7
2022-06-25,761.08
2022-06-26,710.21
2022-06-27,665.81
2022-06-28,706.95
2022-06-29,892.31
2022-06-30,876.0
2022-07-01,780.63
2022-07-02,720.11
2022-07-03,689.24
2022-07-04,656.66
2022-07-05,622.73
2022-07-06,590.56
2022-07-07,556.19
2022-07-08,522.6
2022-07-09,493.31
2022-07-10,472.15
2022-07-11,459.26
2022-07-12,451.9
2022-07-13,435.52
2022-07-14,413.0
2022-07-15,387.15
2022-07-16,368.83
2022-07-17,353.81
2022-07-18,341.77
2022-07-19,326.34
2022-07-20,308.74
2022-07-21,292.76
2022-07-22,285.42
2022-07-23,297.54
2022-07-24,312.33
2022-07-25,313.05
2022-07-26,316.69
2022-07-27,342.56
2022-07-28,365.44
2022-07-29,358.75
2022-07-30,351.37
2022-07-31,339.41
2022-08-01,339.41
2022-08-02,361.24
2022-08-03,369.68
2022-08-04,360.41
2022-08-05,357.92
2022-08-06,353.81
2022-08-07,340.19
2022-08-08,330.89
2022-08-09,322.59
2022-08-10,305.2
2022-08-11,284.1
2022-08-12,263.24
2022-08-13,245.6
2022-08-14,228.61
2022-08-15,223.39
2022-08-16,218.28
2022-08-17,209.86
2022-08-18,194.88
2022-08-19,180.55
2022-08-20,169.22
2022-08-21,161.55
2022-08-22,155.31
2022-08-23,152.46
2022-08-24,149.31
2022-08-25,142.88
2022-08-26,135.46
2022-08-27,126.06
2022-08-28,119.5
2022-08-29,116.76
2022-08-30,115.14
2022-08-31,111.46
2022-09-01,109.92
2022-09-02,119.23
2022-09-03,146.57
2022-09-04,197.61
2022-09-05,376.57
2022-09-06,388.94
2022-09-07,356.27
2022-09-08,324.84
2022-09-09,289.4
2022-09-10,262.03
2022-09-11,242.78
2022-09-12,243.91
2022-09-13,244.47
2022-09-14,240.55
2022-09-15,234.5
2022-09-16,238.88
2022-09-17,245.6
2022-09-18,238.33
2022-09-19,227.03
2022-09-20,217.27
2022-09-21,206.01
2022-09-22,195.34
2022-09-23,187.36
2022-09-24,181.39
2022-09-25,179.72
2022-09-26,189.11
2022-09-27,207.45
2022-09-28,220.82
2022-09-29,221.84
2022-09-30,216.77
2022-10-01,209.86
2022-10-02,197.61
2022-10-03,183.93
2022-10-04,181.81
2022-10-05,224.42
2022-10-06,259.62
2022-10-07,254.86
2022-10-08,236.68
2022-10-09,248.46
2022-10-10,270.64
2022-10-11,264.46
2022-10-12,251.93
2022-10-13,241.66
2022-10-14,240.55
2022-10-15,237.78
2022-10-16,223.91
2022-10-17,207.45
2022-10-18,199.91
2022-10-19,204.12
2022-10-20,207.45
2022-10-21,198.53
2022-10-22,182.23
2022-10-23,165.72
2022-10-24,151.05
2022-10-25,431.51
2022-10-26,720.11
2022-10-27,541.0
2022-10-28,418.76
2022-10-29,341.77
2022-10-30,288.73
2022-10-31,250.19
2022-11-01,219.8
2022-11-02,194.88
2022-11-03,174.79
2022-11-04,157.85
2022-11-05,144.21
2022-11-06,131.74
2022-11-07,120.9
2022-11-08,111.98
2022-11-09,103.95
2022-11-10,96.27
2022-11-11,89.16
2022-11-12,82.56
2022-11-13,76.8
2022-11-14,71.78
2022-11-15,67.71
2022-11-16,63.86
2022-11-17,60.38
2022-11-18,57.34
2022-11-19,54.85
2022-11-20,52.7
2022-11-21,50.64
2022-11-22,48.89
2022-11-23,47.31
2022-11-24,46.1
2022-11-25,45.13
2022-11-26,44.39
2022-11-27,43.87
2022-11-28,43.36
2022-11-29,42.95
2022-11-30,42.55
2022-12-01,42.15
2022-12-02,41.76
2022-12-03,41.27
2022-12-04,40.88
2022-12-05,40.5
2022-12-06,40.11
2022-12-07,39.74
2022-12-08,39.46
2022-12-09,39.09
2022-12-10,38.72
2022-12-11,38.45
2022-12-12,38.08
2022-12-13,37.73
2022-12-14,37.46
2022-12-15,37.11
2022-12-16,36.84
2022-12-17,36.58
2022-12-18,36.33
2022-12-19,36.07
2022-12-20,35.64
2022-12-21,35.39
2022-12-22,35.06
2022-12-23,34.73
2022-12-24,34.48
2022-12-25,34.16
2022-12-26,33.91
2022-12-27,33.67
2022-12-28,33.91
2022-12-29,34.73
2022-12-30,34.89
2022-12-31,33.43
2023-01-01,32.88
2023-01-02,32.5
2023-01-03,32.11
2023-01-04,31.73
2023-01-05,31.36
2023-01-06,31.06
2023-01-07,30.7
2023-01-08,30.41
2023-01-09,30.05
2023-01-10,29.76
2023-01-11,29.48
2023-01-12,29.27
2023-01-13,28.99
2023-01-14,28.72
2023-01-15,28.44
2023-01-16,28.17
2023-01-17,28.04
2023-01-18,27.91
2023-01-19,27.64
2023-01-20,27.31
2023-01-21,27.05
2023-01-22,26.8
2023-01-23,26.54
2023-01-24,26.29
2023-01-25,26.04
2023-01-26,25.79
2023-01-27,25.55
2023-01-28,25.3
2023-01-29,25.06
2023-01-30,24.76
2023-01-31,24.53
2023-02-01,24.23
2023-02-02,24.06
2023-02-03,23.95
2023-02-04,23.72
2023-02-05,23.49
2023-02-06,23.32
2023-02-07,22.71
2023-02-08,21.96
2023-02-09,21.54
2023-02-10,21.39
2023-02-11,21.34
2023-02-12,21.13
2023-02-13,20.93
2023-02-14,20.73
2023-02-15,20.48
2023-02-16,20.28
2023-02-17,20.13
2023-02-18,19.99
2023-02-19,19.8
2023-02-20,19.61
2023-02-21,19.51
2023-02-22,19.42
2023-02-23,19.42
2023-02-24,19.37
2023-02-25,19.28
2023-02-26,19.14
2023-02-27,19.04
2023-02-28,19.0
2023-03-01,18.95
2023-03-02,18.77
2023-03-03,18.54
2023-03-04,18.36
2023-03-05,18.28
2023-03-06,18.14
2023-03-07,17.92
2023-03-08,17.75
2023-03-09,17.54
2023-03-10,17.32
2023-03-11,17.16
2023-03-12,16.99
2023-03-13,16.74
2023-03-14,16.58
2023-03-15,16.46
2023-03-16,16.46
2023-03-17,16.66
2023-03-18,17.37
2023-03-19,20.09
2023-03-20,26.8
2023-03-21,35.81
2023-03-22,40.98
2023-03-23,41.85
2023-03-24,41.85
2023-03-25,43.87
2023-03-26,45.24
2023-03-27,43.36
2023-03-28,40.3
2023-03-29,38.17
2023-03-30,38.54
2023-03-31,40.98
2023-04-01,43.98
2023-04-02,49.82
2023-04-03,54.59
2023-04-04,53.58
2023-04-05,51.12
2023-04-06,50.05
2023-04-07,48.55
2023-04-08,44.81
2023-04-09,40.78
2023-04-10,37.19
2023-04-11,34.16
2023-04-12,31.36
2023-04-13,28.99
2023-04-14,26.86
2023-04-15,24.88
2023-04-16,23.27
2023-04-17,21.86
2023-04-18,20.73
2023-04-19,20.04
2023-04-20,19.65
2023-04-21,19.32
2023-04-22,19.0
2023-04-23,19.99
2023-04-24,22.71
2023-04-25,25.36
2023-04-26,25.49
2023-04-27,25.49
2023-04-28,25.06
2023-04-29,24.29
2023-04-30,24.64
2023-05-01,26.93
2023-05-02,30.05
2023-05-03,32.96
2023-05-04,34.56
2023-05-05,36.93
2023-05-06,39.18
2023-05-07,39.93
2023-05-08,37.82
2023-05-09,34.97
2023-05-10,32.34
2023-05-11,29.97
2023-05-12,27.91
2023-05-13,26.29
2023-05-14,25.36
2023-05-15,25.85
2023-05-16,27.77
2023-05-17,30.84
2023-05-18,41.46
2023-05-19,70.29
2023-05-20,79.91
2023-05-21,79.91
2023-05-22,78.43
2023-05-23,76.98
2023-05-24,74.51
2023-05-25,70.61
2023-05-26,66.76
2023-05-27,63.86
2023-05-28,62.1
2023-05-29,60.09
2023-05-30,55.62
2023-05-31,50.64
2023-06-01,46.32
2023-06-02,42.85
2023-06-03,40.59
2023-06-04,37.9
2023-06-05,35.22
2023-06-06,32.73
2023-06-07,30.77
2023-06-08,31.06
2023-06-09,42.85
2023-06-10,303.79
2023-06-11,484.29
2023-06-12,344.94
2023-06-13,257.23
2023-06-14,222.87
2023-06-15,231.27
2023-06-16,244.47
2023-06-17,272.53
2023-06-18,317.42
2023-06-19,329.37
2023-06-20,317.42
2023-06-21,286.74
2023-06-22,266.92
2023-06-23,247.31
2023-06-24,229.14
2023-06-25,209.86
2023-06-26,192.2
2023-06-27,180.97
2023-06-28,218.28
2023-06-29,260.22
2023-06-30,257.23
2023-07-01,288.73
2023-07-02,296.85
2023-07-03,287.4
2023-07-04,272.53
2023-07-05,310.89
2023-07-06,451.9
2023-07-07,472.15
2023-07-08,409.2
2023-07-09,360.41
2023-07-10,337.84
2023-07-11,315.96
2023-07-12,298.23
2023-07-13,301.69
2023-07-14,300.3
2023-07-15,283.45
2023-07-16,263.24
2023-07-17,246.17
2023-07-18,232.35
2023-07-19,218.79
2023-07-20,214.77
2023-07-21,217.78
2023-07-22,239.99
2023-07-23,265.07
2023-07-24,287.4
2023-07-25,287.4
2023-07-26,270.64
2023-07-27,256.63
2023-07-28,245.04
2023-07-29,230.21
2023-07-30,214.77
2023-07-31,200.37
2023-08-01,189.55
2023-08-02,179.72
2023-08-03,171.58
2023-08-04,282.79
2023-08-05,187.8
2023-08-06,205.06
2023-08-07,288.73
2023-08-08,299.61
2023-08-09,635.8
2023-08-10,668.88
2023-08-11,594.66
2023-08-12,509.5
2023-08-13,544.76
2023-08-14,609.94
2023-08-15,482.06
2023-08-16,473.24
2023-08-17,463.52
2023-08-18,453.99
2023-08-19,397.11
2023-08-20,385.37
2023-08-21,358.75
2023-08-22,393.46
2023-08-23,426.56
2023-08-24,402.65
2023-08-25,413.95
2023-08-26,456.09
2023-08-27,471.06
2023-08-28,536.03
2023-08-29,676.64
2023-08-30,440.57
2023-08-31,407.32
2023-09-01,362.08
2023-09-02,338.63
2023-09-03,341.77
2023-09-04,340.98
2023-09-05,301.69
2023-09-06,282.14
2023-09-07,262.03
2023-09-08,249.61
2023-09-09,245.6
2023-09-10,290.74
2023-09-11,319.63
2023-09-12,290.07
2023-09-13,263.24
2023-09-14,245.04
2023-09-15,232.35
2023-09-16,220.82
2023-09-17,207.93
2023-09-18,191.75
2023-09-19,186.93
2023-09-20,189.99
2023-09-21,194.43
2023-09-22,225.99
2023-09-23,276.97
2023-09-24,239.44
2023-09-25,223.91
2023-09-26,204.59
2023-09-27,190.43
2023-09-28,177.65
2023-09-29,168.82
2023-09-30,158.59
2023-10-01,148.62
2023-10-02,149.31
2023-10-03,153.17
2023-10-04,174.79
2023-10-05,147.94
2023-10-06,169.61
2023-10-07,427.55
2023-10-08,750.62
2023-10-09,643.17
2023-10-10,720.11
2023-10-11,593.29
2023-10-12,501.34
2023-10-13,446.71
2023-10-14,399.87
2023-10-15,361.24
2023-10-16,330.89
2023-10-17,305.9
2023-10-18,280.19
2023-10-19,257.23
2023-10-20,238.33
2023-10-21,217.27
2023-10-22,199.91
2023-10-23,183.93
2023-10-24,167.66
2023-10-25,154.6
2023-10-26,146.23
2023-10-27,137.04
2023-10-28,130.52
2023-10-29,120.9
2023-10-30,112.5
2023-10-31,103.95
2023-11-01,95.61
2023-11-02,88.13
2023-11-03,81.41
2023-11-04,75.38
2023-11-05,70.45
2023-11-06,65.83
2023-11-07,62.68
2023-11-08,59.39
2023-11-09,55.89
2023-11-10,52.58
2023-11-11,49.82
2023-11-12,47.42
2023-11-13,45.24
2023-11-14,43.26
2023-11-15,41.56
2023-11-16,40.11
2023-11-17,38.9
2023-11-18,118.12
2023-11-19,373.97
2023-11-20,286.74
2023-11-21,482.06
2023-11-22,346.54
2023-11-23,267.53
2023-11-24,216.77
2023-11-25,180.55
2023-11-26,152.46
2023-11-27,130.52
2023-11-28,112.76
2023-11-29,98.31
2023-11-30,86.3
2023-12-01,76.27
2023-12-02,68.02
2023-12-03,60.94
2023-12-04,55.1
2023-12-05,50.76
2023-12-06,47.42
2023-12-07,44.92
2023-12-08,44.71
2023-12-09,52.46
2023-12-10,80.85
2023-12-11,84.9
2023-12-12,78.62
2023-12-13,70.45
2023-12-14,61.81
2023-12-15,54.72
2023-12-16,48.89
2023-12-17,44.81
2023-12-18,41.95
2023-12-19,40.02
2023-12-20,38.72
2023-12-21,37.82
2023-12-22,37.11
2023-12-23,36.58
2023-12-24,36.07
2023-12-25,35.64
2023-12-26,35.39
2023-12-27,35.14
2023-12-28,34.97
2023-12-29,34.4
2023-12-30,33.91
2023-12-31,33.51
2024-01-01,33.12
2024-01-02,32.73
2024-01-03,32.42
2024-01-04,32.19
2024-01-05,31.81
2024-01-06,31.43
2024-01-07,31.14
2024-01-08,30.77
2024-01-09,30.48
2024-01-10,30.19
2024-01-11,29.9
2024-01-12,29.55
2024-01-13,29.27
2024-01-14,29.06
2024-01-15,28.72
2024-01-16,28.44
2024-01-17,28.11
2024-01-18,27.91
2024-01-19,27.64
2024-01-20,27.38
2024-01-21,27.18
2024-01-22,26.93
2024-01-23,26.67
2024-01-24,26.42
2024-01-25,26.16
2024-01-26,25.92
2024-01-27,25.73
2024-01-28,25.85
2024-01-29,26.16
2024-01-30,25.18
2024-01-31,24.94
2024-02-01,24.82
2024-02-02,24.7
2024-02-03,24.82
2024-02-04,24.94
2024-02-05,26.35
2024-02-06,26.16
2024-02-07,25.36
2024-02-08,24.53
2024-02-09,24.06
2024-02-10,23.83
2024-02-11,23.32
2024-02-12,22.77
2024-02-13,22.33
2024-02-14,21.96
2024-02-15,21.7
2024-02-16,21.49
2024-02-17,21.49
2024-02-18,21.59
2024-02-19,21.65
2024-02-20,21.96
2024-02-21,21.8
2024-02-22,21.28
2024-02-23,21.39
2024-02-24,26.86
2024-02-25,28.04
2024-02-26,31.06
2024-02-27,29.13
2024-02-28,26.8
2024-02-29,24.7
2024-03-01,23.1
2024-03-02,22.07
2024-03-03,21.54
2024-03-04,21.13
2024-03-05,20.83
2024-03-06,20.58
2024-03-07,20.23
2024-03-08,20.04
2024-03-09,19.75
2024-03-10,19.56
2024-03-11,19.37
2024-03-12,19.14
2024-03-13,18.91
2024-03-14,18.68
2024-03-15,18.5
2024-03-16,18.36
2024-03-17,18.19
2024-03-18,18.01
2024-03-19,17.84
2024-03-20,17.66
2024-03-21,17.79
2024-03-22,18.77
2024-03-23,23.95
2024-03-24,22.44
2024-03-25,23.89
2024-03-26,24.7
2024-03-27,24.94
2024-03-28,26.99
2024-03-29,33.28
2024-03-30,33.12
2024-03-31,30.84
2024-04-01,30.26
2024-04-02,29.55
2024-04-03,27.12
2024-04-04,25.98
2024-04-05,24.47
2024-04-06,23.1
2024-04-07,22.6
2024-04-08,22.07
2024-04-09,21.18
2024-04-10,20.18
2024-04-11,19.28
2024-04-12,18.77
2024-04-13,18.63
2024-04-14,18.36
2024-04-15,18.19
2024-04-16,17.88
2024-04-17,17.71
2024-04-18,17.97
2024-04-19,20.33
2024-04-20,23.66
2024-04-21,26.67
2024-04-22,120.62
2024-04-23,115.95
2024-04-24,100.62
2024-04-25,87.31
2024-04-26,73.82
2024-04-27,63.42
2024-04-28,55.36
2024-04-29,68.34
2024-04-30,69.15
2024-05-01,65.83
2024-05-02,67.23
2024-05-03,100.62
2024-05-04,83.14
2024-05-05,73.47
2024-05-06,217.27
2024-05-07,415.87
2024-05-08,271.9
2024-05-09,195.79
2024-05-10,171.98
2024-05-11,144.55
2024-05-12,136.09
2024-05-13,155.31
2024-05-14,148.97
2024-05-15,137.36
2024-05-16,125.47
2024-05-17,113.55
2024-05-18,104.68
2024-05-19,96.27
2024-05-20,97.4
2024-05-21,111.2
2024-05-22,103.71
2024-05-23,109.66
2024-05-24,105.41
2024-05-25,100.86
2024-05-26,99.46
2024-05-27,101.09
2024-05-28,825.04
2024-05-29,2279.34
2024-05-30,1962.36
2024-05-31,1395.37
2024-06-01,826.94
2024-06-02,644.65
2024-06-03,589.2
2024-06-04,521.4
2024-06-05,467.81
2024-06-06,442.61
2024-06-07,494.45
2024-06-08,664.27
2024-06-09,578.43
2024-06-10,504.82
2024-06-11,488.78
2024-06-12,486.53
2024-06-13,668.88
2024-06-14,919.45
2024-06-15,640.21
2024-06-16,1147.15
2024-06-17,1643.37
2024-06-18,1516.05
2024-06-19,2611.16
2024-06-20,3075.1
2024-06-21,1913.26
2024-06-22,1405.05
2024-06-23,1173.9
2024-06-24,1075.47
2024-06-25,1005.93
2024-06-26,938.72
2024-06-27,925.83
2024-06-28,1070.52
2024-06-29,1134.01
2024-06-30,1209.6
2024-07-01,1385.76
2024-07-02,2263.64
2024-07-03,2470.72
2024-07-04,1827.1
2024-07-05,1602.25
2024-07-06,1427.89
2024-07-07,1395.37
2024-07-08,1323.34
2024-07-09,1272.5
2024-07-10,1198.5
2024-07-11,1160.45
2024-07-12,1173.9
2024-07-13,1204.04
2024-07-14,1043.72
2024-07-15,951.8
2024-07-16,951.8
2024-07-17,892.31
2024-07-18,834.6
2024-07-19,838.46
2024-07-20,809.96
2024-07-21,755.83
2024-07-22,769.9
2024-07-23,828.85
2024-07-24,748.89
2024-07-25,694.02
2024-07-26,650.63
2024-07-27,684.49
2024-07-28,634.33
2024-07-29,589.2
2024-07-30,560.05
2024-07-31,609.94
2024-08-01,673.53
2024-08-02,635.8
2024-08-03,689.24
2024-08-04,908.91
2024-08-05,782.43
2024-08-06,764.6
2024-08-07,791.5
2024-08-08,836.53
2024-08-09,787.86
2024-08-10,730.14
2024-08-11,780.63
2024-08-12,1103.08
2024-08-13,1060.7
2024-08-14,852.1
2024-08-15,1095.48
2024-08-16,915.22
2024-08-17,852.1
2024-08-18,809.96
2024-08-19,782.43
2024-08-20,865.96
2024-08-21,1957.85
2024-08-22,2702.96
2024-08-23,2171.7
2024-08-24,2073.91
2024-08-25,1673.94
2024-08-26,1427.89
2024-08-27,1323.34
2024-08-28,1201.26
2024-08-29,1136.63
2024-08-30,1103.08
2024-08-31,1038.92
2024-09-01,953.99
2024-09-02,894.36
2024-09-03,886.16
2024-09-04,856.04
2024-09-05,815.58
2024-09-06,791.5
2024-09-07,757.58
2024-09-08,716.79
2024-09-09,687.65
2024-09-10,646.14
2024-09-11,609.94
2024-09-12,577.1
2024-09-13,548.54
2024-09-14,514.23
2024-09-15,477.63
2024-09-16,447.75
2024-09-17,417.79
2024-09-18,408.26
2024-09-19,393.46
2024-09-20,375.7
2024-09-21,352.18
2024-09-22,327.85
2024-09-23,305.2
2024-09-24,283.45
2024-09-25,267.53
2024-09-26,291.42
2024-09-27,305.9
2024-09-28,583.79
2024-09-29,500.19
2024-09-30,447.75
2024-10-01,406.38
2024-10-02,465.66
2024-10-03,581.1
2024-10-04,750.62
2024-10-05,825.04
2024-10-06,787.86
2024-10-07,670.43
2024-10-08,574.44
2024-10-09,525.02
2024-10-10,499.03
2024-10-11,474.34
2024-10-12,459.26
2024-10-13,423.62
2024-10-14,394.37
2024-10-15,366.28
2024-10-16,349.75
2024-10-17,332.43
2024-10-18,308.74
2024-10-19,288.73
2024-10-20,271.9
2024-10-21,254.27
2024-10-22,243.34
2024-10-23,224.42
2024-10-24,208.41
2024-10-25,217.27
2024-10-26,287.4
2024-10-27,318.15
2024-10-28,282.14
2024-10-29,251.93
2024-10-30,227.03
2024-10-31,206.97
2024-11-01,193.09
2024-11-02,178.06
2024-11-03,164.96
2024-11-04,151.41
2024-11-05,138.32
2024-11-06,126.35
2024-11-07,117.03
2024-11-08,120.9
2024-11-09,115.14
2024-11-10,105.66
2024-11-11,96.5
2024-11-12,88.13
2024-11-13,80.66
2024-11-14,74.51
2024-11-15,69.15
2024-11-16,65.22
2024-11-17,61.23
2024-11-18,58.02
2024-11-19,55.23
2024-11-20,52.95
2024-11-21,51.12
2024-11-22,49.82
2024-11-23,48.77
2024-11-24,48.2
2024-11-25,47.75
2024-11-26,47.42
2024-11-27,47.75
2024-11-28,47.19
2024-11-29,46.53
2024-11-30,46.1
2024-12-01,45.77
2024-12-02,45.34
2024-12-03,44.92
2024-12-04,44.39
2024-12-05,43.98
2024-12-06,43.67
2024-12-07,43.36
2024-12-08,43.36
2024-12-09,43.87
2024-12-10,43.57
2024-12-11,42.75
2024-12-12,42.15
2024-12-13,41.76
2024-12-14,41.46
2024-12-15,41.17
2024-12-16,40.78
2024-12-17,40.5
2024-12-18,40.11
2024-12-19,39.74
2024-12-20,39.46
2024-12-21,39.18
2024-12-22,38.81
2024-12-23,38.54
2024-12-24,38.26
2024-12-25,37.99
2024-12-26,37.64
2024-12-27,37.28
2024-12-28,37.02
2024-12-29,36.67
2024-12-30,36.33
2024-12-31,36.07
2025-01-01,35.73
2025-01-02,35.48
2025-01-03,35.14
2025-01-04,34.81
2025-01-05,34.48
2025-01-06,34.16
2025-01-07,33.83
2025-01-08,33.51
2025-01-09,33.28
2025-01-10,33.12
2025-01-11,32.96
2025-01-12,32.65
2025-01-13,32.34
2025-01-14,31.96
2025-01-15,31.81
2025-01-16,31.51
2025-01-17,31.21
2025-01-18,30.92
2025-01-19,30.62
2025-01-20,30.33
2025-01-21,29.97
2025-01-22,29.69
2025-01-23,29.48
2025-01-24,29.2
2025-01-25,28.92
2025-01-26,28.65
2025-01-27,28.38
2025-01-28,28.17
2025-01-29,27.91
2025-01-30,27.71
2025-01-31,27.51
2025-02-01,27.18
2025-02-02,26.93
2025-02-03,26.8
2025-02-04,26.73
2025-02-05,26.54
2025-02-06,26.29
2025-02-07,26.04
2025-02-08,25.36
2025-02-09,24.53
2025-02-10,24.06
2025-02-11,23.72
2025-02-12,23.43
2025-02-13,23.27
2025-02-14,23.04
2025-02-15,22.88
2025-02-16,22.71
2025-02-17,22.55
2025-02-18,22.39
2025-02-19,22.33
2025-02-20,22.17
2025-02-21,22.07
2025-02-22,21.91
2025-02-23,21.59
2025-02-24,21.44
2025-02-25,21.7
2025-02-26,21.96
2025-02-27,22.07
2025-02-28,21.8
2025-03-01,21.49
2025-03-02,21.13
2025-03-03,20.83
2025-03-04,20.78
2025-03-05,20.48
2025-03-06,20.13
2025-03-07,19.89
2025-03-08,19.61
2025-03-09,19.37
2025-03-10,19.14
2025-03-11,18.95
2025-03-12,18.72
2025-03-13,19.09
2025-03-14,22.01
2025-03-15,25.55
2025-03-16,21.8
2025-03-17,23.43
2025-03-18,23.83
2025-03-19,22.82
2025-03-20,21.39
2025-03-21,20.04
2025-03-22,19.04
2025-03-23,18.36
2025-03-24,18.54
2025-03-25,19.32
2025-03-26,19.09
2025-03-27,18.36
2025-03-28,17.54
2025-03-29,16.95
2025-03-30,16.58
2025-03-31,16.3
2025-04-01,15.98
2025-04-02,15.75
2025-04-03,15.67
2025-04-04,15.63
2025-04-05,15.67
2025-04-06,15.6
2025-04-07,15.48
2025-04-08,15.98
2025-04-09,16.22
2025-04-10,15.98
2025-04-11,15.67
2025-04-12,15.56
2025-04-13,15.44
2025-04-14,15.37
2025-04-15,15.75
2025-04-16,16.06
2025-04-17,16.95
2025-04-18,19.51
2025-04-19,21.39
2025-04-20,23.21
2025-04-21,26.73
2025-04-22,29.41
2025-04-23,40.5
2025-04-24,40.88
2025-04-25,38.54
2025-04-26,36.07
2025-04-27,34.81
2025-04-28,33.51
2025-04-29,33.04
2025-04-30,33.67
2025-05-01,39.93
2025-05-02,39.18
2025-05-03,38.63
2025-05-04,40.3
2025-05-05,39.36
2025-05-06,41.27
2025-05-07,42.45
2025-05-08,44.29
2025-05-09,46.21
2025-05-10,46.53
2025-05-11,43.98
2025-05-12,43.98
2025-05-13,44.71
2025-05-14,54.59
2025-05-15,58.43
2025-05-16,60.38
2025-05-17,57.75
2025-05-18,55.23
2025-05-19,61.37
2025-05-20,91.47
2025-05-21,93.62
2025-05-22,134.83
2025-05-23,147.59
2025-05-24,123.74
2025-05-25,117.85
2025-05-26,118.12
2025-05-27,130.52
2025-05-28,150.01
2025-05-29,163.82
2025-05-30,467.81
2025-05-31,1728.82
2025-06-01,2078.7
2025-06-02,1878.32
2025-06-03,1255.03
2025-06-04,947.42
2025-06-05,759.33
2025-06-06,665.81
2025-06-07,596.04
2025-06-08,532.33
2025-06-09,493.31
2025-06-10,450.86
2025-06-11,426.56
2025-06-12,398.94
2025-06-13,370.54
2025-06-14,345.74
2025-06-15,322.59
2025-06-16,310.89
2025-06-17,319.63
2025-06-18,357.1
2025-06-19,676.64
2025-06-20,582.45
2025-06-21,565.24
2025-06-22,533.56
2025-06-23,532.33
2025-06-24,451.9
2025-06-25,458.2
2025-06-26,542.25
2025-06-27,471.06
2025-06-28,523.81
2025-06-29,463.52
2025-06-30,420.7
2025-07-01,389.84
2025-07-02,407.32
2025-07-03,395.28
2025-07-04,393.46
2025-07-05,480.95
2025-07-06,456.09
2025-07-07,522.6
2025-07-08,574.44
2025-07-09,681.34
2025-07-10,690.83
2025-07-11,764.6
2025-07-12,754.09
2025-07-13,650.63
2025-07-14,586.49
2025-07-15,549.81
2025-07-16,505.99
2025-07-17,517.8
2025-07-18,529.88
2025-07-19,482.06
2025-07-20,416.83
2025-07-21,398.02
2025-07-22,431.51
2025-07-23,404.51
2025-07-24,441.59
2025-07-25,457.14
2025-07-26,359.58
2025-07-27,344.94
2025-07-28,365.44
2025-07-29,410.15
2025-07-30,745.45
2025-07-31,629.96
2025-08-01,543.5
2025-08-02,478.73
2025-08-03,453.99
2025-08-04,510.68
2025-08-05,844.28
2025-08-06,675.08
2025-08-07,627.06
2025-08-08,579.76
2025-08-09,622.73
2025-08-10,558.76
2025-08-11,516.61
2025-08-12,508.33
2025-08-13,519.0
2025-08-14,552.35
2025-08-15,502.5
2025-08-16,451.9
2025-08-17,472.15
2025-08-18,459.26
2025-08-19,488.78
2025-08-20,528.66
2025-08-21,435.52
2025-08-22,440.57
2025-08-23,430.52
2025-08-24,393.46
2025-08-25,369.68
2025-08-26,387.15
2025-08-27,384.48
2025-08-28,345.74
2025-08-29,385.37
2025-08-30,450.86
2025-08-31,514.23
2025-09-01,456.09
2025-09-02,405.44
2025-09-03,373.11
2025-09-04,358.75
2025-09-05,380.07
2025-09-06,361.24
2025-09-07,346.54
2025-09-08,344.14
2025-09-09,343.35
2025-09-10,388.94
2025-09-11,409.2
2025-09-12,423.62
2025-09-13,416.83
2025-09-14,552.35
2025-09-15,679.77
2025-09-16,708.58
2025-09-17,583.79
2025-09-18,578.43
2025-09-19,643.17
2025-09-20,614.18
2025-09-21,575.77
2025-09-22,508.33
2025-09-23,486.53
2025-09-24,483.17
2025-09-25,485.41
2025-09-26,425.58
2025-09-27,396.19
2025-09-28,377.44
2025-09-29,365.44
2025-09-30,321.85
