,0
1997-01-01,15.71
1997-01-02,14.74
1997-01-03,13.86
1997-01-04,13.13
1997-01-05,12.37
1997-01-06,11.65
1997-01-07,10.99
1997-01-08,10.4
1997-01-09,9.84
1997-01-10,9.33
1997-01-11,7.69
1997-01-12,7.0
1997-01-13,6.55
1997-01-14,6.16
1997-01-15,5.81
1997-01-16,5.53
1997-01-17,5.24
1997-01-18,4.9
1997-01-19,4.61
1997-01-20,4.37
1997-01-21,4.46
1997-01-22,4.46
1997-01-23,4.4
1997-01-24,4.31
1997-01-25,4.24
1997-01-26,4.14
1997-01-27,4.05
1997-01-28,3.97
1997-01-29,3.91
1997-01-30,3.84
1997-01-31,4.86
1997-02-01,5.28
1997-02-02,5.31
1997-02-03,5.28
1997-02-04,5.31
1997-02-05,5.28
1997-02-06,5.97
1997-02-07,5.97
1997-02-08,5.68
1997-02-09,5.53
1997-02-10,5.37
1997-02-11,5.25
1997-02-12,5.19
1997-02-13,5.1
1997-02-14,5.12
1997-02-15,5.07
1997-02-16,5.03
1997-02-17,5.0
1997-02-18,5.0
1997-02-19,4.97
1997-02-20,4.9
1997-02-21,4.87
1997-02-22,4.81
1997-02-23,4.85
1997-02-24,4.85
1997-02-25,4.85
1997-02-26,4.78
1997-02-27,4.78
1997-02-28,4.69
1997-03-01,4.62
1997-03-02,4.62
1997-03-03,4.71
1997-03-04,4.94
1997-03-05,4.85
1997-03-06,4.78
1997-03-07,4.71
1997-03-08,4.66
1997-03-09,4.66
1997-03-10,4.6
1997-03-11,4.53
1997-03-12,4.5
1997-03-13,4.43
1997-03-14,4.47
1997-03-15,4.5
1997-03-16,4.5
1997-03-17,4.53
1997-03-18,4.53
1997-03-19,4.53
1997-03-20,4.66
1997-03-21,4.87
1997-03-22,5.25
1997-03-23,5.15
1997-03-24,4.97
1997-03-25,4.85
1997-03-26,4.69
1997-03-27,4.6
1997-03-28,4.56
1997-03-29,4.56
1997-03-30,4.9
1997-03-31,4.87
1997-04-01,5.19
1997-04-02,4.97
1997-04-03,4.87
1997-04-04,4.81
1997-04-05,5.68
1997-04-06,5.62
1997-04-07,5.84
1997-04-08,5.53
1997-04-09,5.93
1997-04-10,6.06
1997-04-11,5.97
1997-04-12,5.81
1997-04-13,5.65
1997-04-14,5.56
1997-04-15,5.53
1997-04-16,5.59
1997-04-17,5.71
1997-04-18,5.71
1997-04-19,5.65
1997-04-20,5.71
1997-04-21,5.62
1997-04-22,5.56
1997-04-23,5.5
1997-04-24,5.5
1997-04-25,5.59
1997-04-26,5.78
1997-04-27,5.9
1997-04-28,5.93
1997-04-29,5.87
1997-04-30,5.81
1997-05-01,5.75
1997-05-02,5.68
1997-05-03,5.87
1997-05-04,5.9
1997-05-05,5.84
1997-05-06,5.87
1997-05-07,6.38
1997-05-08,7.75
1997-05-09,8.66
1997-05-10,8.93
1997-05-11,8.53
1997-05-12,8.1
1997-05-13,7.81
1997-05-14,7.71
1997-05-15,7.99
1997-05-16,8.06
1997-05-17,7.99
1997-05-18,8.04
1997-05-19,7.87
1997-05-20,7.63
1997-05-21,7.28
1997-05-22,6.96
1997-05-23,6.66
1997-05-24,6.53
1997-05-25,6.82
1997-05-26,7.15
1997-05-27,7.47
1997-05-28,7.63
1997-05-29,7.43
1997-05-30,7.13
1997-05-31,7.24
1997-06-01,7.91
1997-06-02,8.06
1997-06-03,7.93
1997-06-04,8.38
1997-06-05,8.75
1997-06-06,8.68
1997-06-07,8.75
1997-06-08,8.91
1997-06-09,8.98
1997-06-10,8.66
1997-06-11,8.59
1997-06-12,8.98
1997-06-13,10.09
1997-06-14,11.68
1997-06-15,11.76
1997-06-16,11.65
1997-06-17,11.16
1997-06-18,10.89
1997-06-19,10.78
1997-06-20,10.64
1997-06-21,10.32
1997-06-22,10.35
1997-06-23,10.83
1997-06-24,11.74
1997-06-25,13.35
1997-06-26,14.38
1997-06-27,16.3
1997-06-28,17.28
1997-06-29,18.82
1997-06-30,55.1
1997-07-01,59.81
1997-07-02,53.7
1997-07-03,48.66
1997-07-04,45.77
1997-07-05,43.06
1997-07-06,41.56
1997-07-07,39.64
1997-07-08,39.55
1997-07-09,38.08
1997-07-10,38.54
1997-07-11,38.99
1997-07-12,38.17
1997-07-13,36.15
1997-07-14,34.56
1997-07-15,32.88
1997-07-16,31.14
1997-07-17,29.69
1997-07-18,28.38
1997-07-19,27.38
1997-07-20,26.29
1997-07-21,25.55
1997-07-22,25.24
1997-07-23,26.29
1997-07-24,40.11
1997-07-25,46.42
1997-07-26,47.31
1997-07-27,47.08
1997-07-28,45.56
1997-07-29,42.45
1997-07-30,40.21
1997-07-31,39.09
1997-08-01,38.81
1997-08-02,39.93
1997-08-03,38.08
1997-08-04,36.33
1997-08-05,34.73
1997-08-06,32.81
1997-08-07,32.11
1997-08-08,34.16
1997-08-09,35.22
1997-08-10,33.99
1997-08-11,32.81
1997-08-12,31.21
1997-08-13,29.69
1997-08-14,28.38
1997-08-15,26.61
1997-08-16,24.88
1997-08-17,23.6
1997-08-18,22.71
1997-08-19,21.49
1997-08-20,20.43
1997-08-21,21.23
1997-08-22,25.79
1997-08-23,27.12
1997-08-24,26.99
1997-08-25,25.36
1997-08-26,23.89
1997-08-27,23.21
1997-08-28,22.99
1997-08-29,23.83
1997-08-30,24.76
1997-08-31,23.55
1997-09-01,21.96
1997-09-02,20.78
1997-09-03,19.61
1997-09-04,18.45
1997-09-05,17.49
1997-09-06,17.37
1997-09-07,17.03
1997-09-08,16.78
1997-09-09,16.82
1997-09-10,18.01
1997-09-11,19.28
1997-09-12,20.88
1997-09-13,21.75
1997-09-14,22.23
1997-09-15,23.43
1997-09-16,25.61
1997-09-17,25.61
1997-09-18,26.86
1997-09-19,29.83
1997-09-20,30.77
1997-09-21,30.62
1997-09-22,30.62
1997-09-23,32.73
1997-09-24,36.5
1997-09-25,37.64
1997-09-26,36.58
1997-09-27,34.65
1997-09-28,32.88
1997-09-29,31.28
1997-09-30,29.34
1997-10-01,27.91
1997-10-02,26.16
1997-10-03,24.47
1997-10-04,23.77
1997-10-05,25.12
1997-10-06,24.94
1997-10-07,24.82
1997-10-08,25.73
1997-10-09,25.3
1997-10-10,24.41
1997-10-11,23.32
1997-10-12,22.93
1997-10-13,22.17
1997-10-14,22.55
1997-10-15,23.55
1997-10-16,24.12
1997-10-17,24.88
1997-10-18,24.23
1997-10-19,24.29
1997-10-20,24.82
1997-10-21,26.54
1997-10-22,28.99
1997-10-23,29.06
1997-10-24,28.85
1997-10-25,27.51
1997-10-26,27.58
1997-10-27,29.76
1997-10-28,31.14
1997-10-29,31.66
1997-10-30,35.06
1997-10-31,36.41
1997-11-01,43.36
1997-11-02,50.17
1997-11-03,55.49
1997-11-04,61.23
1997-11-05,63.71
1997-11-06,63.27
1997-11-07,73.64
1997-11-08,94.28
1997-11-09,95.16
1997-11-10,88.74
1997-11-11,82.56
1997-11-12,77.52
1997-11-13,72.11
1997-11-14,66.92
1997-11-15,62.24
1997-11-16,59.67
1997-11-17,57.08
1997-11-18,54.59
1997-11-19,51.24
1997-11-20,47.98
1997-11-21,45.67
1997-11-22,45.13
1997-11-23,44.08
1997-11-24,44.39
1997-11-25,44.81
1997-11-26,42.45
1997-11-27,40.02
1997-11-28,38.36
1997-11-29,36.84
1997-11-30,34.65
1997-12-01,32.5
1997-12-02,30.41
1997-12-03,28.72
1997-12-04,27.91
1997-12-05,27.77
1997-12-06,34.16
1997-12-07,38.63
1997-12-08,37.28
1997-12-09,37.19
1997-12-10,35.81
1997-12-11,33.43
1997-12-12,31.28
1997-12-13,29.34
1997-12-14,27.51
1997-12-15,26.04
1997-12-16,24.59
1997-12-17,23.49
1997-12-18,23.15
1997-12-19,23.04
1997-12-20,22.66
1997-12-21,22.93
1997-12-22,21.8
1997-12-23,20.48
1997-12-24,19.18
1997-12-25,17.97
1997-12-26,16.78
1997-12-27,15.71
1997-12-28,14.7
1997-12-29,13.76
1997-12-30,12.9
1997-12-31,12.12
1998-01-01,11.42
1998-01-02,10.83
1998-01-03,10.27
1998-01-04,9.74
1998-01-05,9.21
1998-01-06,8.77
1998-01-07,8.35
1998-01-08,7.97
1998-01-09,7.67
1998-01-10,7.41
1998-01-11,6.18
1998-01-12,5.58
1998-01-13,5.25
1998-01-14,5.0
1998-01-15,4.78
1998-01-16,4.57
1998-01-17,4.36
1998-01-18,4.25
1998-01-19,4.19
1998-01-20,4.14
1998-01-21,4.25
1998-01-22,4.25
1998-01-23,4.22
1998-01-24,4.18
1998-01-25,4.13
1998-01-26,4.06
1998-01-27,3.99
1998-01-28,3.92
1998-01-29,3.91
1998-01-30,3.88
1998-01-31,4.9
1998-02-01,5.27
1998-02-02,5.28
1998-02-03,5.25
1998-02-04,5.24
1998-02-05,5.21
1998-02-06,5.19
1998-02-07,5.19
1998-02-08,5.15
1998-02-09,5.11
1998-02-10,5.03
1998-02-11,5.01
1998-02-12,4.97
1998-02-13,4.97
1998-02-14,4.98
1998-02-15,4.98
1998-02-16,5.01
1998-02-17,4.98
1998-02-18,4.98
1998-02-19,4.87
1998-02-20,4.79
1998-02-21,4.9
1998-02-22,4.78
1998-02-23,4.79
1998-02-24,4.81
1998-02-25,4.87
1998-02-26,4.77
1998-02-27,4.75
1998-02-28,4.66
1998-03-01,4.62
1998-03-02,4.56
1998-03-03,4.57
1998-03-04,4.52
1998-03-05,4.52
1998-03-06,4.55
1998-03-07,4.48
1998-03-08,4.46
1998-03-09,4.42
1998-03-10,4.41
1998-03-11,4.43
1998-03-12,4.36
1998-03-13,4.3
1998-03-14,4.25
1998-03-15,4.28
1998-03-16,4.28
1998-03-17,4.25
1998-03-18,4.25
1998-03-19,4.31
1998-03-20,4.25
1998-03-21,4.25
1998-03-22,4.22
1998-03-23,4.25
1998-03-24,4.28
1998-03-25,4.28
1998-03-26,4.25
1998-03-27,4.19
1998-03-28,4.22
1998-03-29,4.25
1998-03-30,4.19
1998-03-31,4.19
1998-04-01,4.87
1998-04-02,5.22
1998-04-03,5.31
1998-04-04,4.87
1998-04-05,4.62
1998-04-06,4.5
1998-04-07,4.6
1998-04-08,4.62
1998-04-09,5.31
1998-04-10,5.41
1998-04-11,5.34
1998-04-12,5.34
1998-04-13,5.34
1998-04-14,5.31
1998-04-15,5.31
1998-04-16,5.31
1998-04-17,5.34
1998-04-18,5.31
1998-04-19,5.28
1998-04-20,5.28
1998-04-21,5.28
1998-04-22,5.28
1998-04-23,5.34
1998-04-24,5.34
1998-04-25,5.31
1998-04-26,5.37
1998-04-27,5.59
1998-04-28,5.62
1998-04-29,5.65
1998-04-30,5.59
1998-05-01,5.47
1998-05-02,5.5
1998-05-03,5.5
1998-05-04,5.5
1998-05-05,5.47
1998-05-06,5.44
1998-05-07,5.31
1998-05-08,5.28
1998-05-09,5.5
1998-05-10,5.47
1998-05-11,5.97
1998-05-12,6.35
1998-05-13,6.78
1998-05-14,6.74
1998-05-15,8.77
1998-05-16,8.93
1998-05-17,8.46
1998-05-18,7.85
1998-05-19,7.69
1998-05-20,7.69
1998-05-21,7.47
1998-05-22,7.32
1998-05-23,7.04
1998-05-24,6.74
1998-05-25,6.57
1998-05-26,6.62
1998-05-27,6.85
1998-05-28,7.04
1998-05-29,7.09
1998-05-30,7.05
1998-05-31,6.94
1998-06-01,7.0
1998-06-02,7.43
1998-06-03,7.91
1998-06-04,8.16
1998-06-05,8.1
1998-06-06,7.93
1998-06-07,7.91
1998-06-08,7.69
1998-06-09,7.41
1998-06-10,7.26
1998-06-11,7.2
1998-06-12,7.11
1998-06-13,7.11
1998-06-14,7.22
1998-06-15,7.75
1998-06-16,9.59
1998-06-17,11.13
1998-06-18,11.47
1998-06-19,11.36
1998-06-20,11.3
1998-06-21,11.42
1998-06-22,12.12
1998-06-23,13.19
1998-06-24,13.76
1998-06-25,15.26
1998-06-26,22.33
1998-06-27,35.48
1998-06-28,51.6
1998-06-29,64.46
1998-06-30,65.53
1998-07-01,65.99
1998-07-02,66.45
1998-07-03,65.99
1998-07-04,64.77
1998-07-05,60.66
1998-07-06,56.15
1998-07-07,52.09
1998-07-08,48.66
1998-07-09,45.56
1998-07-10,42.95
1998-07-11,40.78
1998-07-12,38.63
1998-07-13,36.76
1998-07-14,36.33
1998-07-15,36.84
1998-07-16,35.81
1998-07-17,34.81
1998-07-18,33.83
1998-07-19,35.56
1998-07-20,36.41
1998-07-21,36.15
1998-07-22,34.48
1998-07-23,33.04
1998-07-24,33.04
1998-07-25,34.56
1998-07-26,34.89
1998-07-27,33.83
1998-07-28,33.36
1998-07-29,33.43
1998-07-30,32.57
1998-07-31,31.21
1998-08-01,29.69
1998-08-02,28.65
1998-08-03,28.72
1998-08-04,30.7
1998-08-05,30.33
1998-08-06,29.34
1998-08-07,27.91
1998-08-08,26.99
1998-08-09,25.92
1998-08-10,24.94
1998-08-11,24.12
1998-08-12,23.32
1998-08-13,22.07
1998-08-14,20.83
1998-08-15,19.65
1998-08-16,19.84
1998-08-17,19.65
1998-08-18,19.04
1998-08-19,19.75
1998-08-20,21.28
1998-08-21,22.23
1998-08-22,23.55
1998-08-23,25.12
1998-08-24,29.2
1998-08-25,31.96
1998-08-26,30.92
1998-08-27,29.13
1998-08-28,27.58
1998-08-29,26.1
1998-08-30,24.47
1998-08-31,23.49
1998-09-01,22.82
1998-09-02,21.86
1998-09-03,20.83
1998-09-04,20.98
1998-09-05,22.82
1998-09-06,26.8
1998-09-07,28.11
1998-09-08,30.26
1998-09-09,35.06
1998-09-10,36.07
1998-09-11,34.24
1998-09-12,32.57
1998-09-13,30.99
1998-09-14,29.41
1998-09-15,28.38
1998-09-16,27.58
1998-09-17,26.8
1998-09-18,25.55
1998-09-19,23.95
1998-09-20,22.5
1998-09-21,21.39
1998-09-22,21.49
1998-09-23,24.23
1998-09-24,25.85
1998-09-25,25.55
1998-09-26,24.29
1998-09-27,24.35
1998-09-28,25.18
1998-09-29,27.44
1998-09-30,26.8
1998-10-01,25.12
1998-10-02,24.47
1998-10-03,24.76
1998-10-04,23.66
1998-10-05,22.44
1998-10-06,21.8
1998-10-07,22.01
1998-10-08,22.44
1998-10-09,26.86
1998-10-10,42.35
1998-10-11,71.61
1998-10-12,79.17
1998-10-13,76.62
1998-10-14,71.28
1998-10-15,66.45
1998-10-16,62.24
1998-10-17,57.61
1998-10-18,53.7
1998-10-19,49.93
1998-10-20,46.42
1998-10-21,43.16
1998-10-22,40.21
1998-10-23,37.46
1998-10-24,35.06
1998-10-25,32.81
1998-10-26,31.21
1998-10-27,30.99
1998-10-28,31.43
1998-10-29,32.34
1998-10-30,31.66
1998-10-31,29.76
1998-11-01,28.85
1998-11-02,27.44
1998-11-03,25.85
1998-11-04,25.92
1998-11-05,29.06
1998-11-06,32.81
1998-11-07,33.28
1998-11-08,32.34
1998-11-09,35.06
1998-11-10,37.99
1998-11-11,41.46
1998-11-12,40.3
1998-11-13,37.82
1998-11-14,37.19
1998-11-15,35.9
1998-11-16,33.67
1998-11-17,31.43
1998-11-18,29.41
1998-11-19,27.64
1998-11-20,25.79
1998-11-21,24.18
1998-11-22,22.66
1998-11-23,21.28
1998-11-24,20.04
1998-11-25,19.0
1998-11-26,18.19
1998-11-27,17.2
1998-11-28,16.22
1998-11-29,15.44
1998-11-30,15.22
1998-12-01,14.78
1998-12-02,15.14
1998-12-03,15.0
1998-12-04,14.1
1998-12-05,13.72
1998-12-06,13.96
1998-12-07,14.0
1998-12-08,14.67
1998-12-09,18.68
1998-12-10,19.65
1998-12-11,20.68
1998-12-12,24.0
1998-12-13,27.51
1998-12-14,27.84
1998-12-15,26.35
1998-12-16,24.88
1998-12-17,24.06
1998-12-18,22.93
1998-12-19,21.96
1998-12-20,21.03
1998-12-21,20.73
1998-12-22,19.56
1998-12-23,18.32
1998-12-24,17.16
1998-12-25,16.02
1998-12-26,15.0
1998-12-27,14.03
1998-12-28,13.29
1998-12-29,12.77
1998-12-30,12.24
1998-12-31,11.71
1999-01-01,11.16
1999-01-02,10.72
1999-01-03,10.25
1999-01-04,9.69
1999-01-05,9.14
1999-01-06,8.68
1999-01-07,8.29
1999-01-08,7.91
1999-01-09,7.59
1999-01-10,7.34
1999-01-11,6.28
1999-01-12,5.79
1999-01-13,5.55
1999-01-14,5.31
1999-01-15,5.1
1999-01-16,4.9
1999-01-17,4.71
1999-01-18,4.52
1999-01-19,4.33
1999-01-20,4.14
1999-01-21,4.19
1999-01-22,4.2
1999-01-23,4.18
1999-01-24,4.13
1999-01-25,4.13
1999-01-26,4.0
1999-01-27,3.88
1999-01-28,3.79
1999-01-29,3.75
1999-01-30,3.75
1999-01-31,4.81
1999-02-01,5.19
1999-02-02,5.22
1999-02-03,5.19
1999-02-04,5.22
1999-02-05,5.28
1999-02-06,5.62
1999-02-07,5.56
1999-02-08,5.78
1999-02-09,5.93
1999-02-10,5.75
1999-02-11,5.56
1999-02-12,5.41
1999-02-13,5.31
1999-02-14,5.25
1999-02-15,5.19
1999-02-16,5.15
1999-02-17,5.1
1999-02-18,5.07
1999-02-19,5.15
1999-02-20,5.56
1999-02-21,5.65
1999-02-22,5.53
1999-02-23,5.28
1999-02-24,5.12
1999-02-25,5.03
1999-02-26,5.0
1999-02-27,4.97
1999-02-28,4.87
1999-03-01,4.87
1999-03-02,4.85
1999-03-03,4.78
1999-03-04,4.75
1999-03-05,4.75
1999-03-06,4.75
1999-03-07,4.69
1999-03-08,4.69
1999-03-09,4.62
1999-03-10,4.69
1999-03-11,4.71
1999-03-12,5.0
1999-03-13,5.03
1999-03-14,5.0
1999-03-15,5.37
1999-03-16,5.31
1999-03-17,5.44
1999-03-18,5.25
1999-03-19,5.07
1999-03-20,4.97
1999-03-21,4.94
1999-03-22,4.97
1999-03-23,5.0
1999-03-24,5.34
1999-03-25,5.31
1999-03-26,5.37
1999-03-27,5.28
1999-03-28,5.15
1999-03-29,5.07
1999-03-30,5.0
1999-03-31,4.97
1999-04-01,5.0
1999-04-02,5.34
1999-04-03,5.22
1999-04-04,5.1
1999-04-05,5.15
1999-04-06,5.12
1999-04-07,5.03
1999-04-08,5.34
1999-04-09,5.65
1999-04-10,5.78
1999-04-11,5.93
1999-04-12,5.97
1999-04-13,5.9
1999-04-14,5.81
1999-04-15,5.71
1999-04-16,5.65
1999-04-17,5.59
1999-04-18,5.78
1999-04-19,5.97
1999-04-20,6.1
1999-04-21,6.19
1999-04-22,6.41
1999-04-23,7.32
1999-04-24,8.44
1999-04-25,9.21
1999-04-26,9.62
1999-04-27,9.62
1999-04-28,9.79
1999-04-29,9.94
1999-04-30,10.19
1999-05-01,10.04
1999-05-02,9.47
1999-05-03,8.91
1999-05-04,8.75
1999-05-05,14.07
1999-05-06,17.54
1999-05-07,18.14
1999-05-08,18.45
1999-05-09,18.23
1999-05-10,17.79
1999-05-11,17.62
1999-05-12,17.2
1999-05-13,18.01
1999-05-14,18.86
1999-05-15,20.04
1999-05-16,21.96
1999-05-17,22.6
1999-05-18,22.39
1999-05-19,22.44
1999-05-20,22.12
1999-05-21,22.17
1999-05-22,22.17
1999-05-23,21.34
1999-05-24,22.07
1999-05-25,27.18
1999-05-26,32.96
1999-05-27,36.93
1999-05-28,39.74
1999-05-29,43.36
1999-05-30,46.32
1999-05-31,46.75
1999-06-01,44.81
1999-06-02,42.25
1999-06-03,40.11
1999-06-04,38.17
1999-06-05,36.67
1999-06-06,37.55
1999-06-07,39.74
1999-06-08,43.87
1999-06-09,45.88
1999-06-10,49.93
1999-06-11,57.61
1999-06-12,65.22
1999-06-13,68.5
1999-06-14,69.15
1999-06-15,68.5
1999-06-16,65.83
1999-06-17,62.39
1999-06-18,60.09
1999-06-19,57.61
1999-06-20,54.34
1999-06-21,51.48
1999-06-22,48.2
1999-06-23,45.03
1999-06-24,42.25
1999-06-25,39.55
1999-06-26,37.02
1999-06-27,34.73
1999-06-28,32.57
1999-06-29,30.62
1999-06-30,28.65
1999-07-01,26.8
1999-07-02,25.3
1999-07-03,24.18
1999-07-04,23.95
1999-07-05,48.09
1999-07-06,52.21
1999-07-07,49.58
1999-07-08,45.77
1999-07-09,44.81
1999-07-10,43.16
1999-07-11,40.4
1999-07-12,37.46
1999-07-13,35.31
1999-07-14,33.28
1999-07-15,31.73
1999-07-16,31.89
1999-07-17,34.4
1999-07-18,57.08
1999-07-19,64.31
1999-07-20,63.12
1999-07-21,60.94
1999-07-22,57.34
1999-07-23,54.59
1999-07-24,51.12
1999-07-25,48.32
1999-07-26,46.64
1999-07-27,47.19
1999-07-28,45.34
1999-07-29,43.36
1999-07-30,41.56
1999-07-31,39.93
1999-08-01,38.45
1999-08-02,37.02
1999-08-03,35.22
1999-08-04,33.43
1999-08-05,31.51
1999-08-06,30.33
1999-08-07,29.27
1999-08-08,28.24
1999-08-09,26.93
1999-08-10,25.85
1999-08-11,24.64
1999-08-12,24.59
1999-08-13,23.66
1999-08-14,22.28
1999-08-15,21.03
1999-08-16,20.93
1999-08-17,20.78
1999-08-18,21.8
1999-08-19,21.75
1999-08-20,21.03
1999-08-21,20.88
1999-08-22,20.98
1999-08-23,20.38
1999-08-24,19.7
1999-08-25,19.04
1999-08-26,18.82
1999-08-27,18.19
1999-08-28,17.24
1999-08-29,16.38
1999-08-30,15.67
1999-08-31,15.03
1999-09-01,14.67
1999-09-02,14.45
1999-09-03,14.38
1999-09-04,13.96
1999-09-05,13.45
1999-09-06,13.03
1999-09-07,12.9
1999-09-08,12.43
1999-09-09,11.82
1999-09-10,11.3
1999-09-11,10.8
1999-09-12,10.38
1999-09-13,9.96
1999-09-14,9.72
1999-09-15,9.4
1999-09-16,9.12
1999-09-17,8.75
1999-09-18,8.48
1999-09-19,8.31
1999-09-20,8.08
1999-09-21,7.81
1999-09-22,7.57
1999-09-23,7.32
1999-09-24,7.65
1999-09-25,8.06
1999-09-26,8.59
1999-09-27,9.62
1999-09-28,9.69
1999-09-29,9.69
1999-09-30,10.17
1999-10-01,10.89
1999-10-02,11.71
1999-10-03,11.59
1999-10-04,11.71
1999-10-05,14.45
1999-10-06,19.7
1999-10-07,21.65
1999-10-08,24.7
1999-10-09,29.13
1999-10-10,29.48
1999-10-11,32.27
1999-10-12,33.83
1999-10-13,37.73
1999-10-14,87.92
1999-10-15,95.61
1999-10-16,87.92
1999-10-17,84.7
1999-10-18,83.14
1999-10-19,79.91
1999-10-20,76.8
1999-10-21,73.47
1999-10-22,70.12
1999-10-23,66.61
1999-10-24,66.14
1999-10-25,67.39
1999-10-26,65.68
1999-10-27,64.16
1999-10-28,63.86
1999-10-29,65.07
1999-10-30,62.83
1999-10-31,59.67
1999-11-01,55.89
1999-11-02,52.21
1999-11-03,49.0
1999-11-04,45.88
1999-11-05,43.26
1999-11-06,41.27
1999-11-07,40.88
1999-11-08,38.63
1999-11-09,36.41
1999-11-10,34.08
1999-11-11,31.96
1999-11-12,30.05
1999-11-13,28.38
1999-11-14,26.67
1999-11-15,25.0
1999-11-16,23.43
1999-11-17,21.96
1999-11-18,20.78
1999-11-19,20.98
1999-11-20,23.77
1999-11-21,26.67
1999-11-22,27.71
1999-11-23,27.44
1999-11-24,26.04
1999-11-25,24.35
1999-11-26,22.93
1999-11-27,21.91
1999-11-28,21.59
1999-11-29,22.01
1999-11-30,22.17
1999-12-01,21.08
1999-12-02,20.13
1999-12-03,19.32
1999-12-04,18.14
1999-12-05,16.99
1999-12-06,15.9
1999-12-07,14.96
1999-12-08,14.1
1999-12-09,13.32
1999-12-10,12.58
1999-12-11,12.0
1999-12-12,11.62
1999-12-13,11.56
1999-12-14,11.53
1999-12-15,11.39
1999-12-16,10.8
1999-12-17,10.25
1999-12-18,9.81
1999-12-19,9.4
1999-12-20,8.95
1999-12-21,8.55
1999-12-22,8.2
1999-12-23,7.97
1999-12-24,7.85
1999-12-25,7.63
1999-12-26,7.41
1999-12-27,7.2
1999-12-28,7.04
1999-12-29,6.89
1999-12-30,6.76
1999-12-31,6.64
2000-01-01,6.55
2000-01-02,6.45
2000-01-03,6.4
2000-01-04,6.36
2000-01-05,6.28
2000-01-06,6.29
2000-01-07,6.53
2000-01-08,6.67
2000-01-09,6.69
2000-01-10,6.71
2000-01-11,5.82
2000-01-12,5.56
2000-01-13,5.62
2000-01-14,5.62
2000-01-15,5.44
2000-01-16,5.31
2000-01-17,5.19
2000-01-18,5.0
2000-01-19,4.79
2000-01-20,4.6
2000-01-21,4.62
2000-01-22,4.6
2000-01-23,4.52
2000-01-24,4.46
2000-01-25,4.36
2000-01-26,4.28
2000-01-27,4.19
2000-01-28,4.09
2000-01-29,4.01
2000-01-30,3.94
2000-01-31,4.97
2000-02-01,5.28
2000-02-02,5.3
2000-02-03,5.28
2000-02-04,5.46
2000-02-05,5.49
2000-02-06,5.58
2000-02-07,5.53
2000-02-08,5.44
2000-02-09,5.37
2000-02-10,5.34
2000-02-11,5.31
2000-02-12,5.41
2000-02-13,5.44
2000-02-14,5.37
2000-02-15,5.28
2000-02-16,5.22
2000-02-17,5.19
2000-02-18,5.15
2000-02-19,5.1
2000-02-20,5.03
2000-02-21,5.0
2000-02-22,4.97
2000-02-23,5.0
2000-02-24,5.0
2000-02-25,5.12
2000-02-26,5.07
2000-02-27,5.0
2000-02-28,5.59
2000-02-29,5.41
2000-03-01,5.22
2000-03-02,5.12
2000-03-03,5.0
2000-03-04,4.9
2000-03-05,4.87
2000-03-06,4.87
2000-03-07,4.85
2000-03-08,4.78
2000-03-09,4.75
2000-03-10,4.75
2000-03-11,4.75
2000-03-12,4.75
2000-03-13,4.69
2000-03-14,5.37
2000-03-15,5.65
2000-03-16,5.65
2000-03-17,5.44
2000-03-18,5.15
2000-03-19,5.0
2000-03-20,4.85
2000-03-21,4.75
2000-03-22,4.71
2000-03-23,4.71
2000-03-24,4.81
2000-03-25,4.78
2000-03-26,4.9
2000-03-27,5.22
2000-03-28,5.31
2000-03-29,5.1
2000-03-30,5.34
2000-03-31,5.62
2000-04-01,6.1
2000-04-02,6.06
2000-04-03,6.0
2000-04-04,6.06
2000-04-05,6.46
2000-04-06,8.29
2000-04-07,9.81
2000-04-08,10.25
2000-04-09,9.79
2000-04-10,9.45
2000-04-11,9.19
2000-04-12,9.21
2000-04-13,9.21
2000-04-14,9.09
2000-04-15,9.07
2000-04-16,8.93
2000-04-17,8.77
2000-04-18,9.16
2000-04-19,10.94
2000-04-20,11.45
2000-04-21,11.3
2000-04-22,11.27
2000-04-23,11.16
2000-04-24,10.83
2000-04-25,10.59
2000-04-26,10.61
2000-04-27,10.59
2000-04-28,10.67
2000-04-29,10.59
2000-04-30,10.22
2000-05-01,10.19
2000-05-02,9.91
2000-05-03,9.72
2000-05-04,9.62
2000-05-05,9.59
2000-05-06,9.86
2000-05-07,10.19
2000-05-08,10.04
2000-05-09,9.84
2000-05-10,9.62
2000-05-11,9.84
2000-05-12,9.91
2000-05-13,9.57
2000-05-14,9.09
2000-05-15,8.62
2000-05-16,8.23
2000-05-17,8.51
2000-05-18,9.19
2000-05-19,9.12
2000-05-20,8.89
2000-05-21,8.59
2000-05-22,8.25
2000-05-23,7.87
2000-05-24,7.69
2000-05-25,7.87
2000-05-26,8.31
2000-05-27,9.52
2000-05-28,10.67
2000-05-29,10.35
2000-05-30,9.74
2000-05-31,9.3
2000-06-01,9.09
2000-06-02,9.19
2000-06-03,9.09
2000-06-04,9.0
2000-06-05,9.67
2000-06-06,17.62
2000-06-07,28.72
2000-06-08,32.96
2000-06-09,34.81
2000-06-10,35.39
2000-06-11,36.5
2000-06-12,36.76
2000-06-13,36.5
2000-06-14,34.81
2000-06-15,32.81
2000-06-16,30.84
2000-06-17,29.2
2000-06-18,28.04
2000-06-19,27.05
2000-06-20,26.42
2000-06-21,25.55
2000-06-22,24.59
2000-06-23,23.6
2000-06-24,22.6
2000-06-25,21.49
2000-06-26,20.43
2000-06-27,20.09
2000-06-28,20.93
2000-06-29,22.23
2000-06-30,24.12
2000-07-01,26.42
2000-07-02,27.91
2000-07-03,27.51
2000-07-04,26.23
2000-07-05,25.73
2000-07-06,25.79
2000-07-07,25.79
2000-07-08,25.12
2000-07-09,24.59
2000-07-10,24.0
2000-07-11,23.6
2000-07-12,23.6
2000-07-13,22.71
2000-07-14,21.59
2000-07-15,20.48
2000-07-16,19.18
2000-07-17,17.97
2000-07-18,17.32
2000-07-19,16.78
2000-07-20,15.9
2000-07-21,14.96
2000-07-22,14.17
2000-07-23,13.35
2000-07-24,12.55
2000-07-25,11.85
2000-07-26,11.27
2000-07-27,10.94
2000-07-28,10.89
2000-07-29,10.67
2000-07-30,10.61
2000-07-31,10.38
2000-08-01,10.32
2000-08-02,10.14
2000-08-03,10.19
2000-08-04,11.62
2000-08-05,14.67
2000-08-06,15.98
2000-08-07,18.45
2000-08-08,22.5
2000-08-09,26.8
2000-08-10,30.19
2000-08-11,31.58
2000-08-12,30.41
2000-08-13,28.51
2000-08-14,27.25
2000-08-15,27.91
2000-08-16,29.69
2000-08-17,28.92
2000-08-18,29.62
2000-08-19,32.11
2000-08-20,32.27
2000-08-21,31.66
2000-08-22,31.43
2000-08-23,33.2
2000-08-24,48.55
2000-08-25,68.34
2000-08-26,80.85
2000-08-27,81.04
2000-08-28,76.98
2000-08-29,71.95
2000-08-30,66.14
2000-08-31,61.09
2000-09-01,56.68
2000-09-02,52.7
2000-09-03,49.0
2000-09-04,45.77
2000-09-05,42.95
2000-09-06,40.59
2000-09-07,38.36
2000-09-08,36.07
2000-09-09,34.08
2000-09-10,32.04
2000-09-11,30.05
2000-09-12,28.24
2000-09-13,26.67
2000-09-14,25.73
2000-09-15,24.76
2000-09-16,24.35
2000-09-17,24.18
2000-09-18,23.21
2000-09-19,22.77
2000-09-20,23.83
2000-09-21,26.54
2000-09-22,27.31
2000-09-23,28.79
2000-09-24,30.84
2000-09-25,33.51
2000-09-26,37.64
2000-09-27,38.17
2000-09-28,37.99
2000-09-29,37.19
2000-09-30,36.33
2000-10-01,47.98
2000-10-02,55.49
2000-10-03,56.54
2000-10-04,55.23
2000-10-05,52.7
2000-10-06,50.52
2000-10-07,48.89
2000-10-08,46.21
2000-10-09,43.67
2000-10-10,41.07
2000-10-11,38.63
2000-10-12,36.33
2000-10-13,34.4
2000-10-14,32.5
2000-10-15,30.92
2000-10-16,29.76
2000-10-17,29.55
2000-10-18,29.13
2000-10-19,28.92
2000-10-20,27.51
2000-10-21,25.79
2000-10-22,24.64
2000-10-23,25.73
2000-10-24,25.36
2000-10-25,24.0
2000-10-26,22.71
2000-10-27,21.23
2000-10-28,19.89
2000-10-29,18.86
2000-10-30,17.92
2000-10-31,17.16
2000-11-01,16.3
2000-11-02,15.48
2000-11-03,14.7
2000-11-04,13.93
2000-11-05,13.39
2000-11-06,12.8
2000-11-07,12.21
2000-11-08,11.56
2000-11-09,10.89
2000-11-10,10.25
2000-11-11,9.72
2000-11-12,9.28
2000-11-13,8.86
2000-11-14,8.51
2000-11-15,8.1
2000-11-16,7.73
2000-11-17,7.41
2000-11-18,7.18
2000-11-19,8.02
2000-11-20,21.08
2000-11-21,28.11
2000-11-22,29.55
2000-11-23,28.92
2000-11-24,28.65
2000-11-25,26.8
2000-11-26,24.94
2000-11-27,23.15
2000-11-28,21.54
2000-11-29,20.04
2000-11-30,19.0
2000-12-01,19.18
2000-12-02,18.23
2000-12-03,17.32
2000-12-04,16.42
2000-12-05,15.6
2000-12-06,14.85
2000-12-07,13.89
2000-12-08,13.0
2000-12-09,12.15
2000-12-10,11.36
2000-12-11,10.64
2000-12-12,9.96
2000-12-13,9.35
2000-12-14,8.82
2000-12-15,8.33
2000-12-16,7.91
2000-12-17,7.53
2000-12-18,7.22
2000-12-19,6.96
2000-12-20,6.74
2000-12-21,6.59
2000-12-22,6.45
2000-12-23,6.36
2000-12-24,6.29
2000-12-25,6.24
2000-12-26,6.21
2000-12-27,53.08
2000-12-28,46.97
2000-12-29,38.36
2000-12-30,31.21
2000-12-31,26.48
2001-01-01,23.38
2001-01-02,21.7
2001-01-03,20.13
2001-01-04,18.5
2001-01-05,16.95
2001-01-06,15.63
2001-01-07,14.45
2001-01-08,13.42
2001-01-09,12.46
2001-01-10,11.59
2001-01-11,9.52
2001-01-12,8.4
2001-01-13,7.65
2001-01-14,6.98
2001-01-15,6.38
2001-01-16,5.79
2001-01-17,5.3
2001-01-18,4.86
2001-01-19,4.57
2001-01-20,4.47
2001-01-21,4.47
2001-01-22,4.48
2001-01-23,4.46
2001-01-24,4.33
2001-01-25,4.5
2001-01-26,4.64
2001-01-27,4.57
2001-01-28,4.53
2001-01-29,4.43
2001-01-30,4.25
2001-01-31,5.4
2001-02-01,5.7
2001-02-02,5.97
2001-02-03,6.38
2001-02-04,6.35
2001-02-05,6.24
2001-02-06,6.31
2001-02-07,6.13
2001-02-08,5.97
2001-02-09,5.84
2001-02-10,5.71
2001-02-11,5.78
2001-02-12,5.68
2001-02-13,5.62
2001-02-14,5.56
2001-02-15,5.59
2001-02-16,5.65
2001-02-17,5.62
2001-02-18,5.62
2001-02-19,5.56
2001-02-20,5.5
2001-02-21,5.47
2001-02-22,5.41
2001-02-23,5.37
2001-02-24,5.41
2001-02-25,6.03
2001-02-26,6.21
2001-02-27,6.06
2001-02-28,5.87
2001-03-01,5.87
2001-03-02,5.68
2001-03-03,5.47
2001-03-04,5.41
2001-03-05,5.34
2001-03-06,5.31
2001-03-07,5.25
2001-03-08,5.22
2001-03-09,5.31
2001-03-10,5.25
2001-03-11,5.19
2001-03-12,5.15
2001-03-13,5.12
2001-03-14,5.07
2001-03-15,5.1
2001-03-16,5.03
2001-03-17,5.03
2001-03-18,5.03
2001-03-19,5.0
2001-03-20,4.97
2001-03-21,4.97
2001-03-22,4.9
2001-03-23,4.87
2001-03-24,4.97
2001-03-25,5.0
2001-03-26,4.97
2001-03-27,4.9
2001-03-28,4.97
2001-03-29,5.37
2001-03-30,5.34
2001-03-31,5.15
2001-04-01,5.0
2001-04-02,4.97
2001-04-03,5.0
2001-04-04,5.47
2001-04-05,6.19
2001-04-06,6.43
2001-04-07,6.38
2001-04-08,6.62
2001-04-09,7.22
2001-04-10,8.44
2001-04-11,11.11
2001-04-12,12.27
2001-04-13,12.12
2001-04-14,11.79
2001-04-15,11.94
2001-04-16,12.15
2001-04-17,12.96
2001-04-18,13.76
2001-04-19,16.14
2001-04-20,20.09
2001-04-21,22.5
2001-04-22,21.91
2001-04-23,21.23
2001-04-24,20.63
2001-04-25,19.99
2001-04-26,19.14
2001-04-27,19.8
2001-04-28,21.39
2001-04-29,22.07
2001-04-30,23.1
2001-05-01,25.67
2001-05-02,26.23
2001-05-03,25.42
2001-05-04,24.06
2001-05-05,22.6
2001-05-06,21.34
2001-05-07,20.93
2001-05-08,21.03
2001-05-09,21.23
2001-05-10,20.58
2001-05-11,19.99
2001-05-12,19.23
2001-05-13,19.42
2001-05-14,19.61
2001-05-15,18.59
2001-05-16,17.58
2001-05-17,16.58
2001-05-18,16.26
2001-05-19,15.52
2001-05-20,14.7
2001-05-21,14.0
2001-05-22,13.35
2001-05-23,13.29
2001-05-24,14.07
2001-05-25,13.86
2001-05-26,13.79
2001-05-27,14.17
2001-05-28,14.07
2001-05-29,14.52
2001-05-30,15.94
2001-05-31,17.07
2001-06-01,16.3
2001-06-02,15.37
2001-06-03,15.07
2001-06-04,16.38
2001-06-05,18.14
2001-06-06,20.13
2001-06-07,22.66
2001-06-08,24.82
2001-06-09,25.12
2001-06-10,25.06
2001-06-11,29.27
2001-06-12,36.24
2001-06-13,41.46
2001-06-14,45.24
2001-06-15,45.56
2001-06-16,45.34
2001-06-17,43.67
2001-06-18,42.05
2001-06-19,40.3
2001-06-20,38.17
2001-06-21,36.15
2001-06-22,34.89
2001-06-23,34.97
2001-06-24,35.48
2001-06-25,34.32
2001-06-26,32.88
2001-06-27,31.43
2001-06-28,30.19
2001-06-29,29.2
2001-06-30,29.41
2001-07-01,28.99
2001-07-02,27.77
2001-07-03,26.86
2001-07-04,28.79
2001-07-05,32.19
2001-07-06,33.2
2001-07-07,33.83
2001-07-08,39.74
2001-07-09,47.08
2001-07-10,51.36
2001-07-11,54.08
2001-07-12,52.7
2001-07-13,49.23
2001-07-14,45.88
2001-07-15,42.65
2001-07-16,39.74
2001-07-17,37.28
2001-07-18,34.97
2001-07-19,33.2
2001-07-20,31.21
2001-07-21,29.2
2001-07-22,27.31
2001-07-23,25.92
2001-07-24,24.59
2001-07-25,23.43
2001-07-26,22.88
2001-07-27,23.72
2001-07-28,24.82
2001-07-29,27.18
2001-07-30,26.86
2001-07-31,26.35
2001-08-01,26.99
2001-08-02,30.77
2001-08-03,31.81
2001-08-04,32.34
2001-08-05,32.73
2001-08-06,31.14
2001-08-07,29.41
2001-08-08,27.84
2001-08-09,26.48
2001-08-10,24.88
2001-08-11,23.6
2001-08-12,22.44
2001-08-13,21.39
2001-08-14,20.38
2001-08-15,19.23
2001-08-16,18.41
2001-08-17,17.66
2001-08-18,16.82
2001-08-19,16.42
2001-08-20,16.46
2001-08-21,16.34
2001-08-22,15.87
2001-08-23,15.41
2001-08-24,14.78
2001-08-25,14.17
2001-08-26,13.83
2001-08-27,13.22
2001-08-28,12.77
2001-08-29,12.27
2001-08-30,11.76
2001-08-31,11.25
2001-09-01,10.75
2001-09-02,10.25
2001-09-03,9.76
2001-09-04,9.26
2001-09-05,8.82
2001-09-06,8.4
2001-09-07,8.02
2001-09-08,7.69
2001-09-09,7.59
2001-09-10,7.41
2001-09-11,7.28
2001-09-12,7.07
2001-09-13,6.85
2001-09-14,6.67
2001-09-15,6.57
2001-09-16,6.48
2001-09-17,6.6
2001-09-18,6.71
2001-09-19,6.98
2001-09-20,7.57
2001-09-21,8.04
2001-09-22,8.79
2001-09-23,10.04
2001-09-24,10.97
2001-09-25,11.79
2001-09-26,12.46
2001-09-27,12.15
2001-09-28,11.79
2001-09-29,12.61
2001-09-30,16.54
2001-10-01,19.89
2001-10-02,19.94
2001-10-03,18.86
2001-10-04,17.71
2001-10-05,16.54
2001-10-06,15.67
2001-10-07,15.0
2001-10-08,14.42
2001-10-09,13.69
2001-10-10,13.06
2001-10-11,12.8
2001-10-12,13.03
2001-10-13,12.87
2001-10-14,14.49
2001-10-15,18.77
2001-10-16,22.99
2001-10-17,23.55
2001-10-18,24.35
2001-10-19,24.59
2001-10-20,25.85
2001-10-21,27.91
2001-10-22,28.24
2001-10-23,28.38
2001-10-24,31.21
2001-10-25,32.04
2001-10-26,32.19
2001-10-27,35.31
2001-10-28,40.21
2001-10-29,41.66
2001-10-30,42.95
2001-10-31,41.27
2001-11-01,39.09
2001-11-02,37.11
2001-11-03,37.28
2001-11-04,36.5
2001-11-05,35.22
2001-11-06,35.9
2001-11-07,35.81
2001-11-08,36.41
2001-11-09,35.31
2001-11-10,34.16
2001-11-11,32.27
2001-11-12,30.41
2001-11-13,28.58
2001-11-14,27.18
2001-11-15,30.12
2001-11-16,53.45
2001-11-17,54.85
2001-11-18,51.0
2001-11-19,47.53
2001-11-20,44.19
2001-11-21,41.17
2001-11-22,39.46
2001-11-23,39.83
2001-11-24,38.81
2001-11-25,36.24
2001-11-26,33.83
2001-11-27,31.66
2001-11-28,29.62
2001-11-29,27.71
2001-11-30,25.98
2001-12-01,24.35
2001-12-02,22.99
2001-12-03,21.96
2001-12-04,20.83
2001-12-05,19.89
2001-12-06,19.04
2001-12-07,18.01
2001-12-08,16.86
2001-12-09,15.79
2001-12-10,14.81
2001-12-11,13.89
2001-12-12,13.09
2001-12-13,12.34
2001-12-14,11.65
2001-12-15,11.02
2001-12-16,10.46
2001-12-17,9.91
2001-12-18,9.45
2001-12-19,9.07
2001-12-20,8.71
2001-12-21,8.71
2001-12-22,8.82
2001-12-23,8.89
2001-12-24,9.05
2001-12-25,9.23
2001-12-26,8.89
2001-12-27,8.46
2001-12-28,8.16
2001-12-29,7.89
2001-12-30,7.77
2001-12-31,7.65
2002-01-01,7.47
2002-01-02,7.28
2002-01-03,7.13
2002-01-04,6.98
2002-01-05,6.87
2002-01-06,6.82
2002-01-07,6.74
2002-01-08,6.66
2002-01-09,6.57
2002-01-10,6.48
2002-01-11,5.07
2002-01-12,4.3
2002-01-13,4.24
2002-01-14,4.2
2002-01-15,4.18
2002-01-16,4.14
2002-01-17,4.11
2002-01-18,4.08
2002-01-19,4.06
2002-01-20,4.04
2002-01-21,4.01
2002-01-22,4.04
2002-01-23,4.05
2002-01-24,4.04
2002-01-25,4.01
2002-01-26,4.0
2002-01-27,4.0
2002-01-28,4.04
2002-01-29,4.0
2002-01-30,3.99
2002-01-31,5.01
2002-02-01,6.18
2002-02-02,7.3
2002-02-03,7.24
2002-02-04,6.74
2002-02-05,6.28
2002-02-06,6.0
2002-02-07,5.89
2002-02-08,5.78
2002-02-09,5.73
2002-02-10,5.59
2002-02-11,5.49
2002-02-12,5.46
2002-02-13,5.37
2002-02-14,5.31
2002-02-15,5.25
2002-02-16,5.24
2002-02-17,5.21
2002-02-18,5.21
2002-02-19,5.15
2002-02-20,5.1
2002-02-21,5.07
2002-02-22,5.03
2002-02-23,5.0
2002-02-24,4.97
2002-02-25,4.94
2002-02-26,4.9
2002-02-27,4.9
2002-02-28,4.85
2002-03-01,4.81
2002-03-02,4.81
2002-03-03,4.78
2002-03-04,4.71
2002-03-05,4.69
2002-03-06,4.69
2002-03-07,4.69
2002-03-08,4.69
2002-03-09,4.62
2002-03-10,4.62
2002-03-11,4.53
2002-03-12,4.5
2002-03-13,4.6
2002-03-14,4.56
2002-03-15,5.1
2002-03-16,5.71
2002-03-17,5.47
2002-03-18,5.12
2002-03-19,4.94
2002-03-20,4.81
2002-03-21,4.71
2002-03-22,4.71
2002-03-23,4.69
2002-03-24,4.66
2002-03-25,4.66
2002-03-26,4.56
2002-03-27,4.56
2002-03-28,5.34
2002-03-29,5.25
2002-03-30,5.44
2002-03-31,5.5
2002-04-01,5.34
2002-04-02,5.1
2002-04-03,4.9
2002-04-04,4.87
2002-04-05,4.87
2002-04-06,4.94
2002-04-07,4.87
2002-04-08,4.97
2002-04-09,5.71
2002-04-10,5.84
2002-04-11,5.78
2002-04-12,5.97
2002-04-13,6.24
2002-04-14,6.1
2002-04-15,5.97
2002-04-16,5.84
2002-04-17,5.84
2002-04-18,5.78
2002-04-19,5.75
2002-04-20,5.84
2002-04-21,5.9
2002-04-22,6.1
2002-04-23,6.21
2002-04-24,6.1
2002-04-25,5.93
2002-04-26,5.93
2002-04-27,5.93
2002-04-28,5.97
2002-04-29,6.0
2002-04-30,6.16
2002-05-01,6.21
2002-05-02,6.06
2002-05-03,6.69
2002-05-04,7.09
2002-05-05,7.18
2002-05-06,7.38
2002-05-07,7.57
2002-05-08,7.63
2002-05-09,7.34
2002-05-10,7.59
2002-05-11,7.87
2002-05-12,7.85
2002-05-13,7.99
2002-05-14,8.35
2002-05-15,8.06
2002-05-16,7.75
2002-05-17,8.04
2002-05-18,9.28
2002-05-19,11.19
2002-05-20,12.84
2002-05-21,13.69
2002-05-22,14.1
2002-05-23,13.93
2002-05-24,14.1
2002-05-25,14.31
2002-05-26,14.35
2002-05-27,14.42
2002-05-28,15.44
2002-05-29,16.42
2002-05-30,16.7
2002-05-31,16.74
2002-06-01,16.86
2002-06-02,17.49
2002-06-03,17.92
2002-06-04,17.66
2002-06-05,17.03
2002-06-06,16.66
2002-06-07,16.54
2002-06-08,16.26
2002-06-09,15.87
2002-06-10,15.67
2002-06-11,15.98
2002-06-12,17.92
2002-06-13,37.37
2002-06-14,43.46
2002-06-15,41.17
2002-06-16,37.99
2002-06-17,35.81
2002-06-18,32.88
2002-06-19,30.41
2002-06-20,28.31
2002-06-21,26.86
2002-06-22,25.79
2002-06-23,24.88
2002-06-24,24.82
2002-06-25,24.76
2002-06-26,23.95
2002-06-27,22.88
2002-06-28,21.59
2002-06-29,20.33
2002-06-30,19.23
2002-07-01,18.45
2002-07-02,18.14
2002-07-03,17.84
2002-07-04,17.41
2002-07-05,17.07
2002-07-06,16.38
2002-07-07,15.67
2002-07-08,14.92
2002-07-09,14.21
2002-07-10,13.49
2002-07-11,13.13
2002-07-12,12.77
2002-07-13,12.24
2002-07-14,11.76
2002-07-15,11.5
2002-07-16,11.19
2002-07-17,10.72
2002-07-18,10.38
2002-07-19,10.25
2002-07-20,10.04
2002-07-21,9.96
2002-07-22,10.12
2002-07-23,10.25
2002-07-24,10.19
2002-07-25,9.86
2002-07-26,9.45
2002-07-27,9.0
2002-07-28,8.79
2002-07-29,8.93
2002-07-30,9.02
2002-07-31,10.17
2002-08-01,13.13
2002-08-02,16.34
2002-08-03,19.09
2002-08-04,20.63
2002-08-05,22.17
2002-08-06,22.33
2002-08-07,21.96
2002-08-08,21.44
2002-08-09,21.13
2002-08-10,21.59
2002-08-11,23.77
2002-08-12,24.06
2002-08-13,23.1
2002-08-14,21.91
2002-08-15,21.08
2002-08-16,21.39
2002-08-17,24.82
2002-08-18,27.84
2002-08-19,26.99
2002-08-20,25.36
2002-08-21,23.95
2002-08-22,22.71
2002-08-23,21.65
2002-08-24,20.73
2002-08-25,19.51
2002-08-26,18.28
2002-08-27,17.16
2002-08-28,16.22
2002-08-29,15.41
2002-08-30,14.67
2002-08-31,13.93
2002-09-01,13.19
2002-09-02,12.55
2002-09-03,11.94
2002-09-04,11.42
2002-09-05,10.94
2002-09-06,10.8
2002-09-07,10.64
2002-09-08,10.59
2002-09-09,10.4
2002-09-10,10.3
2002-09-11,10.04
2002-09-12,9.57
2002-09-13,9.14
2002-09-14,8.64
2002-09-15,8.2
2002-09-16,7.89
2002-09-17,7.71
2002-09-18,7.53
2002-09-19,7.22
2002-09-20,7.11
2002-09-21,7.11
2002-09-22,6.87
2002-09-23,6.59
2002-09-24,6.36
2002-09-25,6.18
2002-09-26,6.05
2002-09-27,5.93
2002-09-28,5.87
2002-09-29,6.06
2002-09-30,7.0
2002-10-01,8.35
2002-10-02,8.95
2002-10-03,9.91
2002-10-04,12.96
2002-10-05,15.48
2002-10-06,17.37
2002-10-07,19.51
2002-10-08,24.94
2002-10-09,28.44
2002-10-10,30.62
2002-10-11,29.2
2002-10-12,27.44
2002-10-13,26.8
2002-10-14,28.58
2002-10-15,33.43
2002-10-16,34.48
2002-10-17,35.48
2002-10-18,33.99
2002-10-19,32.81
2002-10-20,31.96
2002-10-21,32.19
2002-10-22,31.58
2002-10-23,31.36
2002-10-24,31.14
2002-10-25,29.83
2002-10-26,28.72
2002-10-27,28.51
2002-10-28,27.05
2002-10-29,26.1
2002-10-30,30.19
2002-10-31,34.65
2002-11-01,36.93
2002-11-02,37.55
2002-11-03,37.37
2002-11-04,37.9
2002-11-05,39.83
2002-11-06,43.06
2002-11-07,46.64
2002-11-08,55.62
2002-11-09,61.52
2002-11-10,61.95
2002-11-11,60.24
2002-11-12,56.68
2002-11-13,53.08
2002-11-14,49.93
2002-11-15,50.05
2002-11-16,47.75
2002-11-17,45.13
2002-11-18,43.06
2002-11-19,41.95
2002-11-20,41.76
2002-11-21,41.17
2002-11-22,41.07
2002-11-23,39.27
2002-11-24,37.02
2002-11-25,34.73
2002-11-26,32.88
2002-11-27,31.14
2002-11-28,29.27
2002-11-29,27.58
2002-11-30,25.98
2002-12-01,24.35
2002-12-02,22.82
2002-12-03,21.34
2002-12-04,20.04
2002-12-05,18.86
2002-12-06,30.55
2002-12-07,36.15
2002-12-08,35.73
2002-12-09,32.5
2002-12-10,30.05
2002-12-11,29.62
2002-12-12,27.58
2002-12-13,25.49
2002-12-14,23.72
2002-12-15,22.12
2002-12-16,20.63
2002-12-17,19.28
2002-12-18,17.97
2002-12-19,16.82
2002-12-20,15.71
2002-12-21,14.67
2002-12-22,13.69
2002-12-23,12.84
2002-12-24,12.0
2002-12-25,11.25
2002-12-26,10.53
2002-12-27,9.99
2002-12-28,9.45
2002-12-29,8.93
2002-12-30,8.51
2002-12-31,8.12
2003-01-01,7.77
2003-01-02,7.43
2003-01-03,7.18
2003-01-04,6.93
2003-01-05,6.71
2003-01-06,6.55
2003-01-07,6.43
2003-01-08,6.31
2003-01-09,6.21
2003-01-10,6.14
2003-01-11,4.75
2003-01-12,4.05
2003-01-13,4.0
2003-01-14,3.97
2003-01-15,3.95
2003-01-16,3.92
2003-01-17,3.91
2003-01-18,3.89
2003-01-19,3.88
2003-01-20,3.88
2003-01-21,3.86
2003-01-22,3.86
2003-01-23,3.84
2003-01-24,3.83
2003-01-25,3.83
2003-01-26,3.81
2003-01-27,3.8
2003-01-28,3.8
2003-01-29,3.79
2003-01-30,3.79
2003-01-31,4.64
2003-02-01,4.98
2003-02-02,5.27
2003-02-03,5.08
2003-02-04,5.03
2003-02-05,4.98
2003-02-06,4.98
2003-02-07,5.0
2003-02-08,4.92
2003-02-09,4.92
2003-02-10,4.89
2003-02-11,4.83
2003-02-12,4.87
2003-02-13,5.21
2003-02-14,5.14
2003-02-15,5.14
2003-02-16,5.03
2003-02-17,4.96
2003-02-18,4.87
2003-02-19,4.86
2003-02-20,4.79
2003-02-21,4.73
2003-02-22,4.68
2003-02-23,4.69
2003-02-24,4.7
2003-02-25,4.97
2003-02-26,5.07
2003-02-27,5.0
2003-02-28,4.94
2003-03-01,4.94
2003-03-02,4.85
2003-03-03,4.81
2003-03-04,4.71
2003-03-05,4.7
2003-03-06,4.61
2003-03-07,4.61
2003-03-08,4.55
2003-03-09,4.48
2003-03-10,4.47
2003-03-11,4.47
2003-03-12,4.41
2003-03-13,5.15
2003-03-14,5.53
2003-03-15,5.53
2003-03-16,5.68
2003-03-17,5.71
2003-03-18,6.0
2003-03-19,6.21
2003-03-20,6.19
2003-03-21,5.78
2003-03-22,5.41
2003-03-23,5.19
2003-03-24,5.03
2003-03-25,4.87
2003-03-26,4.75
2003-03-27,4.71
2003-03-28,4.75
2003-03-29,4.71
2003-03-30,5.25
2003-03-31,5.5
2003-04-01,5.37
2003-04-02,5.56
2003-04-03,6.03
2003-04-04,5.97
2003-04-05,5.65
2003-04-06,6.5
2003-04-07,6.41
2003-04-08,6.03
2003-04-09,6.1
2003-04-10,6.0
2003-04-11,6.16
2003-04-12,6.24
2003-04-13,6.16
2003-04-14,6.0
2003-04-15,5.97
2003-04-16,5.93
2003-04-17,5.81
2003-04-18,5.78
2003-04-19,5.81
2003-04-20,5.97
2003-04-21,6.38
2003-04-22,6.62
2003-04-23,6.57
2003-04-24,6.46
2003-04-25,6.38
2003-04-26,6.21
2003-04-27,6.19
2003-04-28,6.66
2003-04-29,8.12
2003-04-30,9.81
2003-05-01,11.85
2003-05-02,12.61
2003-05-03,12.58
2003-05-04,12.9
2003-05-05,13.52
2003-05-06,14.03
2003-05-07,13.83
2003-05-08,13.22
2003-05-09,12.96
2003-05-10,13.69
2003-05-11,13.93
2003-05-12,13.93
2003-05-13,13.72
2003-05-14,13.32
2003-05-15,12.9
2003-05-16,12.61
2003-05-17,12.8
2003-05-18,12.49
2003-05-19,11.76
2003-05-20,11.02
2003-05-21,10.43
2003-05-22,10.09
2003-05-23,9.62
2003-05-24,9.21
2003-05-25,8.89
2003-05-26,8.75
2003-05-27,9.12
2003-05-28,9.91
2003-05-29,10.04
2003-05-30,10.04
2003-05-31,9.74
2003-06-01,9.26
2003-06-02,8.77
2003-06-03,8.46
2003-06-04,8.68
2003-06-05,8.84
2003-06-06,9.07
2003-06-07,9.38
2003-06-08,10.07
2003-06-09,10.69
2003-06-10,10.75
2003-06-11,10.48
2003-06-12,10.51
2003-06-13,12.03
2003-06-14,14.49
2003-06-15,16.26
2003-06-16,17.71
2003-06-17,21.44
2003-06-18,26.16
2003-06-19,29.97
2003-06-20,33.59
2003-06-21,43.67
2003-06-22,57.88
2003-06-23,64.46
2003-06-24,65.37
2003-06-25,63.86
2003-06-26,59.26
2003-06-27,55.1
2003-06-28,51.6
2003-06-29,48.55
2003-06-30,46.42
2003-07-01,47.31
2003-07-02,50.29
2003-07-03,50.29
2003-07-04,52.21
2003-07-05,55.89
2003-07-06,56.81
2003-07-07,53.95
2003-07-08,50.29
2003-07-09,47.53
2003-07-10,46.1
2003-07-11,44.6
2003-07-12,43.67
2003-07-13,42.35
2003-07-14,45.56
2003-07-15,46.53
2003-07-16,47.08
2003-07-17,45.34
2003-07-18,42.75
2003-07-19,40.21
2003-07-20,37.82
2003-07-21,35.56
2003-07-22,33.91
2003-07-23,32.88
2003-07-24,32.5
2003-07-25,31.58
2003-07-26,30.48
2003-07-27,29.62
2003-07-28,28.79
2003-07-29,27.64
2003-07-30,26.42
2003-07-31,27.51
2003-08-01,27.38
2003-08-02,26.61
2003-08-03,25.42
2003-08-04,24.88
2003-08-05,23.89
2003-08-06,22.82
2003-08-07,21.91
2003-08-08,20.98
2003-08-09,20.13
2003-08-10,19.14
2003-08-11,18.01
2003-08-12,17.71
2003-08-13,17.58
2003-08-14,17.45
2003-08-15,17.71
2003-08-16,18.1
2003-08-17,18.05
2003-08-18,17.88
2003-08-19,17.16
2003-08-20,16.26
2003-08-21,15.75
2003-08-22,15.75
2003-08-23,17.11
2003-08-24,18.63
2003-08-25,18.14
2003-08-26,17.41
2003-08-27,16.66
2003-08-28,16.02
2003-08-29,15.22
2003-08-30,14.56
2003-08-31,15.14
2003-09-01,18.14
2003-09-02,18.19
2003-09-03,17.84
2003-09-04,17.28
2003-09-05,16.7
2003-09-06,15.94
2003-09-07,15.37
2003-09-08,14.7
2003-09-09,13.93
2003-09-10,13.49
2003-09-11,13.26
2003-09-12,12.65
2003-09-13,11.97
2003-09-14,11.56
2003-09-15,11.13
2003-09-16,10.89
2003-09-17,10.61
2003-09-18,10.61
2003-09-19,10.61
2003-09-20,10.8
2003-09-21,10.32
2003-09-22,9.72
2003-09-23,9.19
2003-09-24,8.84
2003-09-25,8.59
2003-09-26,8.64
2003-09-27,8.84
2003-09-28,8.79
2003-09-29,8.57
2003-09-30,9.59
2003-10-01,13.52
2003-10-02,15.75
2003-10-03,18.41
2003-10-04,20.93
2003-10-05,21.28
2003-10-06,24.29
2003-10-07,28.31
2003-10-08,32.04
2003-10-09,31.43
2003-10-10,29.83
2003-10-11,28.11
2003-10-12,27.31
2003-10-13,29.27
2003-10-14,29.41
2003-10-15,28.85
2003-10-16,29.41
2003-10-17,29.83
2003-10-18,29.06
2003-10-19,29.97
2003-10-20,30.41
2003-10-21,30.99
2003-10-22,31.81
2003-10-23,31.28
2003-10-24,31.43
2003-10-25,31.66
2003-10-26,29.97
2003-10-27,28.31
2003-10-28,26.99
2003-10-29,26.35
2003-10-30,26.61
2003-10-31,26.16
2003-11-01,25.61
2003-11-02,24.7
2003-11-03,23.83
2003-11-04,23.66
2003-11-05,23.32
2003-11-06,24.94
2003-11-07,27.25
2003-11-08,32.73
2003-11-09,38.9
2003-11-10,37.19
2003-11-11,34.48
2003-11-12,32.34
2003-11-13,30.92
2003-11-14,29.48
2003-11-15,28.65
2003-11-16,27.51
2003-11-17,25.92
2003-11-18,24.23
2003-11-19,22.66
2003-11-20,21.28
2003-11-21,20.93
2003-11-22,20.09
2003-11-23,19.56
2003-11-24,18.5
2003-11-25,17.24
2003-11-26,16.34
2003-11-27,15.79
2003-11-28,15.6
2003-11-29,16.02
2003-11-30,17.88
2003-12-01,17.32
2003-12-02,16.14
2003-12-03,15.11
2003-12-04,14.17
2003-12-05,13.26
2003-12-06,12.43
2003-12-07,11.68
2003-12-08,10.94
2003-12-09,10.27
2003-12-10,9.67
2003-12-11,9.12
2003-12-12,8.62
2003-12-13,8.2
2003-12-14,7.83
2003-12-15,7.49
2003-12-16,7.22
2003-12-17,6.98
2003-12-18,6.82
2003-12-19,6.73
2003-12-20,6.71
2003-12-21,6.66
2003-12-22,6.53
2003-12-23,6.41
2003-12-24,6.29
2003-12-25,6.21
2003-12-26,6.13
2003-12-27,6.06
2003-12-28,6.01
2003-12-29,5.97
2003-12-30,5.93
2003-12-31,5.9
2004-01-01,5.89
2004-01-02,5.87
2004-01-03,5.84
2004-01-04,5.81
2004-01-05,5.81
2004-01-06,5.79
2004-01-07,5.78
2004-01-08,5.78
2004-01-09,5.76
2004-01-10,5.75
2004-01-11,3.88
2004-01-12,3.76
2004-01-13,3.76
2004-01-14,3.75
2004-01-15,3.75
2004-01-16,3.73
2004-01-17,3.73
2004-01-18,3.72
2004-01-19,3.72
2004-01-20,3.72
2004-01-21,3.73
2004-01-22,3.72
2004-01-23,3.7
2004-01-24,3.69
2004-01-25,3.7
2004-01-26,3.69
2004-01-27,3.69
2004-01-28,3.67
2004-01-29,3.69
2004-01-30,3.7
2004-01-31,4.46
2004-02-01,4.78
2004-02-02,4.86
2004-02-03,4.83
2004-02-04,4.81
2004-02-05,4.77
2004-02-06,4.73
2004-02-07,4.7
2004-02-08,4.81
2004-02-09,4.78
2004-02-10,4.79
2004-02-11,4.79
2004-02-12,4.73
2004-02-13,4.73
2004-02-14,4.66
2004-02-15,4.6
2004-02-16,4.57
2004-02-17,4.56
2004-02-18,4.6
2004-02-19,4.55
2004-02-20,4.55
2004-02-21,4.5
2004-02-22,4.47
2004-02-23,4.41
2004-02-24,4.37
2004-02-25,4.35
2004-02-26,4.31
2004-02-27,4.41
2004-02-28,4.47
2004-02-29,4.43
2004-03-01,4.43
2004-03-02,4.35
2004-03-03,4.35
2004-03-04,4.31
2004-03-05,4.22
2004-03-06,4.22
2004-03-07,4.19
2004-03-08,4.22
2004-03-09,4.15
2004-03-10,4.15
2004-03-11,4.15
2004-03-12,4.15
2004-03-13,4.19
2004-03-14,4.13
2004-03-15,4.15
2004-03-16,4.13
2004-03-17,4.19
2004-03-18,4.09
2004-03-19,4.06
2004-03-20,4.13
2004-03-21,4.09
2004-03-22,4.66
2004-03-23,4.97
2004-03-24,4.87
2004-03-25,4.97
2004-03-26,4.66
2004-03-27,5.37
2004-03-28,5.41
2004-03-29,5.12
2004-03-30,5.03
2004-03-31,5.03
2004-04-01,5.03
2004-04-02,5.59
2004-04-03,5.93
2004-04-04,5.75
2004-04-05,6.03
2004-04-06,6.24
2004-04-07,6.57
2004-04-08,6.91
2004-04-09,6.91
2004-04-10,7.18
2004-04-11,7.05
2004-04-12,7.18
2004-04-13,7.81
2004-04-14,8.29
2004-04-15,8.1
2004-04-16,7.87
2004-04-17,7.59
2004-04-18,7.22
2004-04-19,6.94
2004-04-20,6.94
2004-04-21,7.79
2004-04-22,7.97
2004-04-23,7.91
2004-04-24,8.25
2004-04-25,9.28
2004-04-26,10.07
2004-04-27,11.39
2004-04-28,12.09
2004-04-29,12.03
2004-04-30,12.09
2004-05-01,12.15
2004-05-02,14.81
2004-05-03,39.18
2004-05-04,43.57
2004-05-05,42.45
2004-05-06,50.52
2004-05-07,53.45
2004-05-08,52.09
2004-05-09,47.75
2004-05-10,43.67
2004-05-11,40.4
2004-05-12,37.46
2004-05-13,34.97
2004-05-14,32.65
2004-05-15,31.73
2004-05-16,31.66
2004-05-17,30.7
2004-05-18,31.21
2004-05-19,32.19
2004-05-20,32.5
2004-05-21,34.81
2004-05-22,33.75
2004-05-23,32.19
2004-05-24,31.06
2004-05-25,29.83
2004-05-26,29.69
2004-05-27,30.26
2004-05-28,30.12
2004-05-29,30.19
2004-05-30,30.33
2004-05-31,29.27
2004-06-01,27.91
2004-06-02,26.8
2004-06-03,27.25
2004-06-04,27.25
2004-06-05,27.05
2004-06-06,29.06
2004-06-07,31.73
2004-06-08,36.76
2004-06-09,43.26
2004-06-10,48.89
2004-06-11,49.23
2004-06-12,49.58
2004-06-13,53.33
2004-06-14,56.41
2004-06-15,57.34
2004-06-16,58.16
2004-06-17,59.39
2004-06-18,59.81
2004-06-19,58.7
2004-06-20,56.15
2004-06-21,52.95
2004-06-22,49.58
2004-06-23,46.42
2004-06-24,43.46
2004-06-25,40.78
2004-06-26,38.26
2004-06-27,35.98
2004-06-28,34.24
2004-06-29,34.56
2004-06-30,35.14
2004-07-01,34.08
2004-07-02,33.04
2004-07-03,32.11
2004-07-04,31.14
2004-07-05,29.69
2004-07-06,28.31
2004-07-07,27.77
2004-07-08,27.58
2004-07-09,29.83
2004-07-10,30.84
2004-07-11,30.84
2004-07-12,29.62
2004-07-13,28.31
2004-07-14,26.93
2004-07-15,26.23
2004-07-16,28.85
2004-07-17,30.19
2004-07-18,30.19
2004-07-19,32.65
2004-07-20,37.46
2004-07-21,36.67
2004-07-22,35.39
2004-07-23,33.91
2004-07-24,32.19
2004-07-25,31.58
2004-07-26,30.41
2004-07-27,29.41
2004-07-28,28.11
2004-07-29,26.99
2004-07-30,26.35
2004-07-31,24.82
2004-08-01,23.32
2004-08-02,22.01
2004-08-03,22.44
2004-08-04,25.67
2004-08-05,30.12
2004-08-06,36.07
2004-08-07,40.69
2004-08-08,39.55
2004-08-09,37.19
2004-08-10,34.56
2004-08-11,32.27
2004-08-12,30.19
2004-08-13,28.58
2004-08-14,28.11
2004-08-15,28.85
2004-08-16,28.72
2004-08-17,30.77
2004-08-18,30.05
2004-08-19,30.41
2004-08-20,29.9
2004-08-21,29.69
2004-08-22,28.11
2004-08-23,26.35
2004-08-24,24.76
2004-08-25,23.27
2004-08-26,21.8
2004-08-27,20.73
2004-08-28,19.65
2004-08-29,18.5
2004-08-30,17.54
2004-08-31,16.78
2004-09-01,15.83
2004-09-02,14.85
2004-09-03,14.03
2004-09-04,13.29
2004-09-05,12.71
2004-09-06,13.03
2004-09-07,14.81
2004-09-08,15.48
2004-09-09,15.87
2004-09-10,16.22
2004-09-11,17.28
2004-09-12,17.45
2004-09-13,16.91
2004-09-14,16.14
2004-09-15,16.14
2004-09-16,16.42
2004-09-17,17.07
2004-09-18,18.82
2004-09-19,20.68
2004-09-20,21.96
2004-09-21,21.96
2004-09-22,21.44
2004-09-23,20.53
2004-09-24,22.28
2004-09-25,25.61
2004-09-26,28.38
2004-09-27,32.57
2004-09-28,36.5
2004-09-29,36.15
2004-09-30,34.16
2004-10-01,32.57
2004-10-02,31.28
2004-10-03,32.65
2004-10-04,36.5
2004-10-05,36.84
2004-10-06,35.31
2004-10-07,33.43
2004-10-08,31.28
2004-10-09,29.48
2004-10-10,28.65
2004-10-11,28.65
2004-10-12,29.34
2004-10-13,31.96
2004-10-14,34.4
2004-10-15,37.19
2004-10-16,37.99
2004-10-17,38.17
2004-10-18,39.83
2004-10-19,41.17
2004-10-20,41.46
2004-10-21,41.46
2004-10-22,41.46
2004-10-23,39.74
2004-10-24,39.09
2004-10-25,36.93
2004-10-26,36.07
2004-10-27,37.02
2004-10-28,38.36
2004-10-29,38.08
2004-10-30,37.19
2004-10-31,35.56
2004-11-01,34.24
2004-11-02,34.4
2004-11-03,34.89
2004-11-04,33.36
2004-11-05,31.36
2004-11-06,29.9
2004-11-07,28.44
2004-11-08,28.51
2004-11-09,29.76
2004-11-10,30.41
2004-11-11,29.83
2004-11-12,30.19
2004-11-13,30.77
2004-11-14,30.05
2004-11-15,29.83
2004-11-16,29.41
2004-11-17,27.64
2004-11-18,25.85
2004-11-19,24.29
2004-11-20,22.99
2004-11-21,22.71
2004-11-22,22.23
2004-11-23,21.39
2004-11-24,20.33
2004-11-25,19.32
2004-11-26,18.23
2004-11-27,17.07
2004-11-28,15.98
2004-11-29,14.96
2004-11-30,14.03
2004-12-01,13.16
2004-12-02,12.52
2004-12-03,12.34
2004-12-04,12.21
2004-12-05,11.62
2004-12-06,10.94
2004-12-07,10.35
2004-12-08,9.84
2004-12-09,9.35
2004-12-10,8.93
2004-12-11,8.55
2004-12-12,8.23
2004-12-13,7.99
2004-12-14,7.99
2004-12-15,7.91
2004-12-16,7.65
2004-12-17,7.41
2004-12-18,7.18
2004-12-19,7.0
2004-12-20,6.85
2004-12-21,6.73
2004-12-22,6.59
2004-12-23,6.5
2004-12-24,6.4
2004-12-25,6.29
2004-12-26,6.21
2004-12-27,6.14
2004-12-28,6.08
2004-12-29,6.05
2004-12-30,6.0
2004-12-31,6.01
2005-01-01,6.26
2005-01-02,6.4
2005-01-03,6.28
2005-01-04,6.14
2005-01-05,6.05
2005-01-06,5.97
2005-01-07,5.92
2005-01-08,5.89
2005-01-09,5.85
2005-01-10,5.82
2005-01-11,4.18
2005-01-12,3.8
2005-01-13,3.76
2005-01-14,3.76
2005-01-15,3.75
2005-01-16,3.75
2005-01-17,3.75
2005-01-18,3.73
2005-01-19,3.72
2005-01-20,3.72
2005-01-21,3.7
2005-01-22,3.7
2005-01-23,3.69
2005-01-24,3.69
2005-01-25,3.69
2005-01-26,3.75
2005-01-27,4.05
2005-01-28,3.99
2005-01-29,4.5
2005-01-30,4.48
2005-01-31,5.35
2005-02-01,5.53
2005-02-02,5.44
2005-02-03,5.35
2005-02-04,5.28
2005-02-05,5.21
2005-02-06,5.12
2005-02-07,5.05
2005-02-08,4.97
2005-02-09,4.9
2005-02-10,4.85
2005-02-11,4.83
2005-02-12,4.79
2005-02-13,4.78
2005-02-14,4.75
2005-02-15,4.71
2005-02-16,4.7
2005-02-17,4.66
2005-02-18,4.64
2005-02-19,4.6
2005-02-20,4.53
2005-02-21,4.53
2005-02-22,4.56
2005-02-23,4.6
2005-02-24,4.6
2005-02-25,4.56
2005-02-26,4.53
2005-02-27,4.5
2005-02-28,4.43
2005-03-01,4.41
2005-03-02,4.35
2005-03-03,4.28
2005-03-04,4.31
2005-03-05,4.35
2005-03-06,4.71
2005-03-07,4.71
2005-03-08,4.6
2005-03-09,4.62
2005-03-10,4.56
2005-03-11,4.5
2005-03-12,4.47
2005-03-13,4.5
2005-03-14,4.47
2005-03-15,4.53
2005-03-16,4.47
2005-03-17,4.35
2005-03-18,4.28
2005-03-19,4.22
2005-03-20,4.6
2005-03-21,4.47
2005-03-22,4.37
2005-03-23,4.31
2005-03-24,4.22
2005-03-25,4.15
2005-03-26,4.22
2005-03-27,4.35
2005-03-28,4.35
2005-03-29,4.37
2005-03-30,4.41
2005-03-31,4.85
2005-04-01,4.66
2005-04-02,4.94
2005-04-03,5.31
2005-04-04,5.87
2005-04-05,6.03
2005-04-06,5.87
2005-04-07,5.71
2005-04-08,5.56
2005-04-09,5.62
2005-04-10,5.56
2005-04-11,5.62
2005-04-12,5.59
2005-04-13,5.56
2005-04-14,5.62
2005-04-15,5.65
2005-04-16,5.59
2005-04-17,5.47
2005-04-18,5.37
2005-04-19,6.06
2005-04-20,6.57
2005-04-21,6.38
2005-04-22,6.66
2005-04-23,6.66
2005-04-24,6.57
2005-04-25,6.59
2005-04-26,6.59
2005-04-27,6.53
2005-04-28,6.5
2005-04-29,6.5
2005-04-30,6.46
2005-05-01,6.66
2005-05-02,7.34
2005-05-03,7.57
2005-05-04,7.43
2005-05-05,7.13
2005-05-06,6.82
2005-05-07,6.62
2005-05-08,6.73
2005-05-09,6.59
2005-05-10,6.46
2005-05-11,6.35
2005-05-12,6.35
2005-05-13,6.66
2005-05-14,6.74
2005-05-15,6.74
2005-05-16,6.78
2005-05-17,6.62
2005-05-18,6.38
2005-05-19,6.16
2005-05-20,6.1
2005-05-21,6.13
2005-05-22,6.21
2005-05-23,6.31
2005-05-24,6.38
2005-05-25,6.57
2005-05-26,7.0
2005-05-27,7.57
2005-05-28,8.35
2005-05-29,8.91
2005-05-30,9.45
2005-05-31,9.4
2005-06-01,9.26
2005-06-02,9.21
2005-06-03,9.72
2005-06-04,10.09
2005-06-05,10.86
2005-06-06,11.56
2005-06-07,12.03
2005-06-08,11.76
2005-06-09,12.24
2005-06-10,14.45
2005-06-11,14.96
2005-06-12,14.85
2005-06-13,14.74
2005-06-14,15.0
2005-06-15,14.85
2005-06-16,16.02
2005-06-17,22.99
2005-06-18,28.85
2005-06-19,31.43
2005-06-20,32.81
2005-06-21,32.73
2005-06-22,31.58
2005-06-23,29.9
2005-06-24,28.38
2005-06-25,27.18
2005-06-26,26.42
2005-06-27,25.49
2005-06-28,25.18
2005-06-29,24.76
2005-06-30,24.59
2005-07-01,24.23
2005-07-02,23.89
2005-07-03,23.1
2005-07-04,22.55
2005-07-05,22.88
2005-07-06,23.15
2005-07-07,23.32
2005-07-08,22.55
2005-07-09,22.6
2005-07-10,23.21
2005-07-11,25.55
2005-07-12,25.85
2005-07-13,24.94
2005-07-14,26.23
2005-07-15,27.51
2005-07-16,27.25
2005-07-17,27.71
2005-07-18,30.33
2005-07-19,29.9
2005-07-20,29.62
2005-07-21,29.62
2005-07-22,28.17
2005-07-23,27.97
2005-07-24,29.62
2005-07-25,31.58
2005-07-26,34.4
2005-07-27,38.54
2005-07-28,42.05
2005-07-29,44.71
2005-07-30,46.32
2005-07-31,51.24
2005-08-01,55.1
2005-08-02,56.28
2005-08-03,54.08
2005-08-04,51.36
2005-08-05,48.66
2005-08-06,45.77
2005-08-07,42.75
2005-08-08,40.02
2005-08-09,37.64
2005-08-10,35.22
2005-08-11,33.2
2005-08-12,31.51
2005-08-13,29.83
2005-08-14,28.24
2005-08-15,26.73
2005-08-16,25.18
2005-08-17,23.66
2005-08-18,22.23
2005-08-19,20.83
2005-08-20,19.65
2005-08-21,18.45
2005-08-22,17.28
2005-08-23,16.18
2005-08-24,15.37
2005-08-25,14.49
2005-08-26,13.69
2005-08-27,13.35
2005-08-28,15.07
2005-08-29,16.06
2005-08-30,16.38
2005-08-31,16.7
2005-09-01,16.74
2005-09-02,17.03
2005-09-03,18.01
2005-09-04,20.78
2005-09-05,26.73
2005-09-06,31.66
2005-09-07,35.64
2005-09-08,37.64
2005-09-09,39.36
2005-09-10,42.35
2005-09-11,46.21
2005-09-12,47.75
2005-09-13,46.86
2005-09-14,45.24
2005-09-15,43.57
2005-09-16,41.46
2005-09-17,38.9
2005-09-18,36.5
2005-09-19,34.4
2005-09-20,33.59
2005-09-21,32.88
2005-09-22,31.06
2005-09-23,29.06
2005-09-24,27.38
2005-09-25,25.79
2005-09-26,24.23
2005-09-27,22.77
2005-09-28,21.49
2005-09-29,20.23
2005-09-30,19.09
2005-10-01,18.14
2005-10-02,16.99
2005-10-03,15.98
2005-10-04,15.26
2005-10-05,16.02
2005-10-06,18.01
2005-10-07,20.73
2005-10-08,22.28
2005-10-09,22.88
2005-10-10,22.88
2005-10-11,22.99
2005-10-12,24.0
2005-10-13,26.42
2005-10-14,26.8
2005-10-15,25.79
2005-10-16,24.41
2005-10-17,22.99
2005-10-18,21.86
2005-10-19,21.18
2005-10-20,20.83
2005-10-21,20.33
2005-10-22,20.09
2005-10-23,21.54
2005-10-24,24.53
2005-10-25,26.48
2005-10-26,25.61
2005-10-27,24.23
2005-10-28,22.71
2005-10-29,21.8
2005-10-30,21.03
2005-10-31,20.38
2005-11-01,20.63
2005-11-02,21.44
2005-11-03,22.07
2005-11-04,22.55
2005-11-05,27.71
2005-11-06,32.88
2005-11-07,33.99
2005-11-08,35.14
2005-11-09,37.82
2005-11-10,39.46
2005-11-11,40.69
2005-11-12,154.24
2005-11-13,150.71
2005-11-14,130.52
2005-11-15,116.76
2005-11-16,102.75
2005-11-17,91.9
2005-11-18,83.33
2005-11-19,76.45
2005-11-20,70.45
2005-11-21,65.68
2005-11-22,87.1
2005-11-23,90.83
2005-11-24,89.57
2005-11-25,86.1
2005-11-26,80.28
2005-11-27,75.38
2005-11-28,71.11
2005-11-29,66.76
2005-11-30,62.83
2005-12-01,58.98
2005-12-02,55.62
2005-12-03,52.33
2005-12-04,50.29
2005-12-05,50.52
2005-12-06,48.89
2005-12-07,45.99
2005-12-08,42.85
2005-12-09,40.11
2005-12-10,37.99
2005-12-11,39.09
2005-12-12,42.25
2005-12-13,40.69
2005-12-14,38.9
2005-12-15,36.76
2005-12-16,34.4
2005-12-17,32.11
2005-12-18,30.05
2005-12-19,29.13
2005-12-20,27.77
2005-12-21,26.35
2005-12-22,25.42
2005-12-23,24.18
2005-12-24,22.99
2005-12-25,21.65
2005-12-26,20.33
2005-12-27,19.04
2005-12-28,17.79
2005-12-29,16.66
2005-12-30,15.6
2005-12-31,14.6
2006-01-01,13.69
2006-01-02,12.8
2006-01-03,12.0
2006-01-04,11.25
2006-01-05,10.83
2006-01-06,10.89
2006-01-07,10.35
2006-01-08,9.86
2006-01-09,9.52
2006-01-10,9.14
2006-01-11,7.73
2006-01-12,7.02
2006-01-13,6.73
2006-01-14,6.43
2006-01-15,6.11
2006-01-16,5.84
2006-01-17,5.59
2006-01-18,5.34
2006-01-19,5.08
2006-01-20,4.85
2006-01-21,4.83
2006-01-22,4.75
2006-01-23,4.62
2006-01-24,4.5
2006-01-25,4.37
2006-01-26,4.31
2006-01-27,4.25
2006-01-28,4.15
2006-01-29,4.06
2006-01-30,4.04
2006-01-31,5.0
2006-02-01,5.34
2006-02-02,5.34
2006-02-03,5.34
2006-02-04,5.28
2006-02-05,5.28
2006-02-06,5.25
2006-02-07,5.25
2006-02-08,5.22
2006-02-09,5.15
2006-02-10,5.1
2006-02-11,5.07
2006-02-12,5.03
2006-02-13,5.07
2006-02-14,5.0
2006-02-15,5.0
2006-02-16,4.9
2006-02-17,4.87
2006-02-18,4.85
2006-02-19,4.9
2006-02-20,4.81
2006-02-21,4.81
2006-02-22,4.85
2006-02-23,4.78
2006-02-24,4.71
2006-02-25,4.75
2006-02-26,4.69
2006-02-27,4.66
2006-02-28,4.66
2006-03-01,4.6
2006-03-02,4.53
2006-03-03,5.56
2006-03-04,6.16
2006-03-05,6.21
2006-03-06,6.13
2006-03-07,5.84
2006-03-08,5.5
2006-03-09,5.37
2006-03-10,5.53
2006-03-11,5.75
2006-03-12,5.53
2006-03-13,5.22
2006-03-14,5.0
2006-03-15,4.9
2006-03-16,4.85
2006-03-17,4.78
2006-03-18,4.69
2006-03-19,4.66
2006-03-20,4.66
2006-03-21,4.9
2006-03-22,4.81
2006-03-23,5.22
2006-03-24,5.03
2006-03-25,4.87
2006-03-26,5.0
2006-03-27,5.12
2006-03-28,5.07
2006-03-29,5.84
2006-03-30,7.53
2006-03-31,8.73
2006-04-01,8.84
2006-04-02,8.98
2006-04-03,8.77
2006-04-04,8.44
2006-04-05,8.16
2006-04-06,8.1
2006-04-07,8.12
2006-04-08,8.38
2006-04-09,10.32
2006-04-10,13.32
2006-04-11,14.63
2006-04-12,14.7
2006-04-13,14.89
2006-04-14,15.14
2006-04-15,17.11
2006-04-16,17.24
2006-04-17,17.32
2006-04-18,17.16
2006-04-19,17.62
2006-04-20,18.54
2006-04-21,21.59
2006-04-22,24.18
2006-04-23,24.18
2006-04-24,23.04
2006-04-25,22.07
2006-04-26,21.34
2006-04-27,20.13
2006-04-28,19.14
2006-04-29,18.54
2006-04-30,17.71
2006-05-01,16.62
2006-05-02,15.63
2006-05-03,14.85
2006-05-04,15.33
2006-05-05,15.98
2006-05-06,16.22
2006-05-07,16.46
2006-05-08,16.86
2006-05-09,16.99
2006-05-10,17.03
2006-05-11,16.78
2006-05-12,16.66
2006-05-13,17.24
2006-05-14,18.01
2006-05-15,18.23
2006-05-16,18.45
2006-05-17,18.54
2006-05-18,18.95
2006-05-19,20.38
2006-05-20,20.13
2006-05-21,19.09
2006-05-22,18.54
2006-05-23,18.54
2006-05-24,19.0
2006-05-25,19.09
2006-05-26,21.65
2006-05-27,24.53
2006-05-28,30.19
2006-05-29,43.98
2006-05-30,62.53
2006-05-31,86.5
2006-06-01,87.31
2006-06-02,77.52
2006-06-03,69.47
2006-06-04,63.71
2006-06-05,58.7
2006-06-06,54.72
2006-06-07,51.12
2006-06-08,48.43
2006-06-09,46.1
2006-06-10,43.77
2006-06-11,40.98
2006-06-12,38.36
2006-06-13,35.81
2006-06-14,33.59
2006-06-15,31.81
2006-06-16,30.84
2006-06-17,30.12
2006-06-18,28.38
2006-06-19,27.05
2006-06-20,27.44
2006-06-21,28.92
2006-06-22,38.26
2006-06-23,51.0
2006-06-24,54.46
2006-06-25,52.95
2006-06-26,49.0
2006-06-27,45.34
2006-06-28,42.15
2006-06-29,40.3
2006-06-30,38.9
2006-07-01,36.93
2006-07-02,35.56
2006-07-03,35.81
2006-07-04,39.27
2006-07-05,42.85
2006-07-06,44.29
2006-07-07,42.25
2006-07-08,40.02
2006-07-09,37.64
2006-07-10,35.56
2006-07-11,34.16
2006-07-12,33.91
2006-07-13,41.76
2006-07-14,47.42
2006-07-15,45.99
2006-07-16,43.57
2006-07-17,41.36
2006-07-18,39.46
2006-07-19,37.46
2006-07-20,35.14
2006-07-21,32.96
2006-07-22,30.77
2006-07-23,28.79
2006-07-24,26.86
2006-07-25,25.12
2006-07-26,23.55
2006-07-27,22.33
2006-07-28,21.28
2006-07-29,20.28
2006-07-30,19.37
2006-07-31,18.36
2006-08-01,17.41
2006-08-02,16.62
2006-08-03,15.9
2006-08-04,15.22
2006-08-05,14.52
2006-08-06,13.89
2006-08-07,13.39
2006-08-08,12.84
2006-08-09,12.43
2006-08-10,12.34
2006-08-11,13.13
2006-08-12,15.33
2006-08-13,19.09
2006-08-14,22.88
2006-08-15,24.64
2006-08-16,28.11
2006-08-17,30.05
2006-08-18,29.9
2006-08-19,29.97
2006-08-20,30.41
2006-08-21,29.97
2006-08-22,28.65
2006-08-23,27.05
2006-08-24,25.3
2006-08-25,23.83
2006-08-26,23.43
2006-08-27,22.33
2006-08-28,20.98
2006-08-29,19.99
2006-08-30,19.04
2006-08-31,18.1
2006-09-01,17.49
2006-09-02,17.11
2006-09-03,16.86
2006-09-04,16.58
2006-09-05,17.03
2006-09-06,16.74
2006-09-07,19.56
2006-09-08,23.83
2006-09-09,26.48
2006-09-10,29.62
2006-09-11,31.43
2006-09-12,34.48
2006-09-13,34.97
2006-09-14,35.31
2006-09-15,36.15
2006-09-16,38.99
2006-09-17,43.36
2006-09-18,44.29
2006-09-19,43.06
2006-09-20,41.56
2006-09-21,41.07
2006-09-22,42.95
2006-09-23,41.46
2006-09-24,40.4
2006-09-25,41.76
2006-09-26,44.81
2006-09-27,42.65
2006-09-28,40.02
2006-09-29,37.46
2006-09-30,35.06
2006-10-01,33.12
2006-10-02,31.21
2006-10-03,29.34
2006-10-04,28.31
2006-10-05,27.84
2006-10-06,26.8
2006-10-07,26.93
2006-10-08,28.38
2006-10-09,27.31
2006-10-10,26.86
2006-10-11,29.41
2006-10-12,31.73
2006-10-13,34.73
2006-10-14,37.55
2006-10-15,40.78
2006-10-16,43.46
2006-10-17,45.13
2006-10-18,47.19
2006-10-19,46.32
2006-10-20,48.32
2006-10-21,52.7
2006-10-22,51.48
2006-10-23,50.4
2006-10-24,50.52
2006-10-25,50.29
2006-10-26,52.46
2006-10-27,59.39
2006-10-28,63.42
2006-10-29,63.57
2006-10-30,63.42
2006-10-31,61.37
2006-11-01,62.1
2006-11-02,65.53
2006-11-03,66.92
2006-11-04,68.98
2006-11-05,65.99
2006-11-06,66.92
2006-11-07,68.18
2006-11-08,65.22
2006-11-09,62.83
2006-11-10,62.39
2006-11-11,64.46
2006-11-12,68.18
2006-11-13,69.31
2006-11-14,68.5
2006-11-15,65.37
2006-11-16,62.39
2006-11-17,61.09
2006-11-18,63.12
2006-11-19,66.61
2006-11-20,64.77
2006-11-21,63.27
2006-11-22,61.09
2006-11-23,59.39
2006-11-24,57.48
2006-11-25,55.62
2006-11-26,52.46
2006-11-27,50.64
2006-11-28,47.87
2006-11-29,45.03
2006-11-30,42.15
2006-12-01,39.46
2006-12-02,36.93
2006-12-03,34.56
2006-12-04,32.34
2006-12-05,30.26
2006-12-06,28.38
2006-12-07,26.54
2006-12-08,24.88
2006-12-09,23.32
2006-12-10,21.86
2006-12-11,20.53
2006-12-12,19.7
2006-12-13,19.42
2006-12-14,18.36
2006-12-15,17.24
2006-12-16,16.14
2006-12-17,15.18
2006-12-18,14.28
2006-12-19,13.42
2006-12-20,12.68
2006-12-21,12.0
2006-12-22,11.33
2006-12-23,10.78
2006-12-24,10.22
2006-12-25,9.74
2006-12-26,9.26
2006-12-27,8.84
2006-12-28,8.46
2006-12-29,8.1
2006-12-30,7.79
2006-12-31,7.53
2007-01-01,7.32
2007-01-02,7.09
2007-01-03,6.94
2007-01-04,6.8
2007-01-05,6.69
2007-01-06,6.59
2007-01-07,6.52
2007-01-08,6.45
2007-01-09,6.4
2007-01-10,6.35
2007-01-11,4.43
2007-01-12,4.18
2007-01-13,4.15
2007-01-14,4.13
2007-01-15,4.11
2007-01-16,4.08
2007-01-17,4.08
2007-01-18,4.06
2007-01-19,4.06
2007-01-20,4.05
2007-01-21,4.05
2007-01-22,4.04
2007-01-23,4.04
2007-01-24,4.01
2007-01-25,4.01
2007-01-26,4.0
2007-01-27,4.05
2007-01-28,4.05
2007-01-29,4.04
2007-01-30,4.0
2007-01-31,4.81
2007-02-01,5.14
2007-02-02,5.19
2007-02-03,5.21
2007-02-04,5.15
2007-02-05,5.1
2007-02-06,5.08
2007-02-07,5.07
2007-02-08,5.07
2007-02-09,5.07
2007-02-10,5.14
2007-02-11,5.08
2007-02-12,5.07
2007-02-13,5.03
2007-02-14,4.94
2007-02-15,4.9
2007-02-16,4.86
2007-02-17,4.87
2007-02-18,4.87
2007-02-19,5.0
2007-02-20,4.94
2007-02-21,4.81
2007-02-22,4.79
2007-02-23,4.77
2007-02-24,4.78
2007-02-25,4.81
2007-02-26,4.7
2007-02-27,4.7
2007-02-28,4.73
2007-03-01,4.7
2007-03-02,4.71
2007-03-03,4.68
2007-03-04,4.69
2007-03-05,4.69
2007-03-06,4.73
2007-03-07,4.66
2007-03-08,4.73
2007-03-09,4.61
2007-03-10,4.55
2007-03-11,4.56
2007-03-12,4.62
2007-03-13,4.56
2007-03-14,4.61
2007-03-15,4.62
2007-03-16,4.53
2007-03-17,5.07
2007-03-18,4.9
2007-03-19,5.22
2007-03-20,5.07
2007-03-21,4.9
2007-03-22,4.81
2007-03-23,4.71
2007-03-24,4.69
2007-03-25,4.69
2007-03-26,4.71
2007-03-27,4.62
2007-03-28,4.6
2007-03-29,4.6
2007-03-30,4.56
2007-03-31,5.0
2007-04-01,4.9
2007-04-02,4.78
2007-04-03,4.75
2007-04-04,4.71
2007-04-05,4.62
2007-04-06,4.97
2007-04-07,5.19
2007-04-08,5.22
2007-04-09,6.06
2007-04-10,7.24
2007-04-11,6.73
2007-04-12,6.46
2007-04-13,6.41
2007-04-14,6.62
2007-04-15,7.15
2007-04-16,7.18
2007-04-17,6.87
2007-04-18,6.5
2007-04-19,6.19
2007-04-20,6.06
2007-04-21,6.41
2007-04-22,6.87
2007-04-23,7.0
2007-04-24,7.22
2007-04-25,7.32
2007-04-26,7.71
2007-04-27,8.18
2007-04-28,8.44
2007-04-29,8.4
2007-04-30,8.84
2007-05-01,9.02
2007-05-02,8.93
2007-05-03,8.98
2007-05-04,9.59
2007-05-05,10.38
2007-05-06,10.67
2007-05-07,11.02
2007-05-08,11.59
2007-05-09,12.12
2007-05-10,13.32
2007-05-11,13.59
2007-05-12,12.9
2007-05-13,12.21
2007-05-14,11.88
2007-05-15,11.65
2007-05-16,11.22
2007-05-17,10.61
2007-05-18,9.99
2007-05-19,9.45
2007-05-20,8.93
2007-05-21,8.46
2007-05-22,8.12
2007-05-23,8.1
2007-05-24,8.31
2007-05-25,8.44
2007-05-26,8.59
2007-05-27,8.93
2007-05-28,10.12
2007-05-29,11.13
2007-05-30,11.05
2007-05-31,10.72
2007-06-01,10.09
2007-06-02,9.62
2007-06-03,9.28
2007-06-04,8.84
2007-06-05,8.51
2007-06-06,8.73
2007-06-07,9.3
2007-06-08,9.72
2007-06-09,10.17
2007-06-10,10.78
2007-06-11,11.79
2007-06-12,13.39
2007-06-13,14.63
2007-06-14,14.42
2007-06-15,15.03
2007-06-16,17.37
2007-06-17,18.54
2007-06-18,20.93
2007-06-19,23.27
2007-06-20,24.0
2007-06-21,37.28
2007-06-22,85.9
2007-06-23,95.38
2007-06-24,86.9
2007-06-25,75.74
2007-06-26,67.08
2007-06-27,60.66
2007-06-28,55.62
2007-06-29,52.95
2007-06-30,56.41
2007-07-01,60.38
2007-07-02,68.34
2007-07-03,74.51
2007-07-04,74.68
2007-07-05,69.96
2007-07-06,65.99
2007-07-07,63.12
2007-07-08,59.95
2007-07-09,57.48
2007-07-10,54.98
2007-07-11,52.58
2007-07-12,50.88
2007-07-13,48.89
2007-07-14,46.97
2007-07-15,44.92
2007-07-16,44.29
2007-07-17,45.67
2007-07-18,44.92
2007-07-19,43.98
2007-07-20,55.89
2007-07-21,62.39
2007-07-22,59.39
2007-07-23,56.15
2007-07-24,58.43
2007-07-25,60.66
2007-07-26,58.29
2007-07-27,56.41
2007-07-28,53.58
2007-07-29,50.4
2007-07-30,47.31
2007-07-31,44.71
2007-08-01,45.77
2007-08-02,55.1
2007-08-03,60.09
2007-08-04,57.21
2007-08-05,55.75
2007-08-06,56.28
2007-08-07,54.08
2007-08-08,51.6
2007-08-09,50.29
2007-08-10,53.08
2007-08-11,57.48
2007-08-12,54.98
2007-08-13,51.36
2007-08-14,47.98
2007-08-15,44.81
2007-08-16,41.85
2007-08-17,39.93
2007-08-18,37.82
2007-08-19,36.15
2007-08-20,34.24
2007-08-21,33.04
2007-08-22,34.08
2007-08-23,32.34
2007-08-24,30.55
2007-08-25,29.76
2007-08-26,29.62
2007-08-27,31.28
2007-08-28,30.99
2007-08-29,30.7
2007-08-30,30.26
2007-08-31,31.28
2007-09-01,31.73
2007-09-02,32.19
2007-09-03,33.43
2007-09-04,31.89
2007-09-05,31.06
2007-09-06,32.19
2007-09-07,30.92
2007-09-08,30.05
2007-09-09,44.08
2007-09-10,50.17
2007-09-11,47.31
2007-09-12,44.19
2007-09-13,43.16
2007-09-14,42.95
2007-09-15,42.25
2007-09-16,43.98
2007-09-17,44.81
2007-09-18,45.24
2007-09-19,48.43
2007-09-20,51.12
2007-09-21,50.76
2007-09-22,51.24
2007-09-23,55.1
2007-09-24,57.88
2007-09-25,58.43
2007-09-26,58.02
2007-09-27,55.1
2007-09-28,52.21
2007-09-29,50.4
2007-09-30,47.64
2007-10-01,45.88
2007-10-02,44.29
2007-10-03,42.05
2007-10-04,39.83
2007-10-05,37.73
2007-10-06,35.56
2007-10-07,33.59
2007-10-08,32.65
2007-10-09,30.99
2007-10-10,29.76
2007-10-11,32.11
2007-10-12,35.9
2007-10-13,37.73
2007-10-14,40.02
2007-10-15,42.25
2007-10-16,44.08
2007-10-17,48.66
2007-10-18,53.33
2007-10-19,52.83
2007-10-20,56.54
2007-10-21,59.26
2007-10-22,56.15
2007-10-23,56.94
2007-10-24,64.77
2007-10-25,69.47
2007-10-26,68.82
2007-10-27,69.31
2007-10-28,66.92
2007-10-29,63.86
2007-10-30,61.09
2007-10-31,58.02
2007-11-01,54.34
2007-11-02,51.24
2007-11-03,51.48
2007-11-04,52.33
2007-11-05,51.36
2007-11-06,50.29
2007-11-07,49.93
2007-11-08,50.4
2007-11-09,49.47
2007-11-10,47.53
2007-11-11,47.31
2007-11-12,45.34
2007-11-13,42.95
2007-11-14,40.78
2007-11-15,38.26
2007-11-16,36.07
2007-11-17,33.75
2007-11-18,31.66
2007-11-19,29.62
2007-11-20,27.97
2007-11-21,26.61
2007-11-22,25.18
2007-11-23,23.89
2007-11-24,22.77
2007-11-25,21.8
2007-11-26,20.48
2007-11-27,19.23
2007-11-28,18.05
2007-11-29,17.03
2007-11-30,16.22
2007-12-01,15.33
2007-12-02,14.38
2007-12-03,13.52
2007-12-04,12.74
2007-12-05,12.0
2007-12-06,11.3
2007-12-07,10.69
2007-12-08,10.14
2007-12-09,9.62
2007-12-10,9.19
2007-12-11,8.82
2007-12-12,8.51
2007-12-13,8.23
2007-12-14,8.2
2007-12-15,9.38
2007-12-16,9.5
2007-12-17,8.95
2007-12-18,35.22
2007-12-19,36.15
2007-12-20,31.43
2007-12-21,27.05
2007-12-22,24.35
2007-12-23,21.86
2007-12-24,19.84
2007-12-25,18.14
2007-12-26,16.74
2007-12-27,15.48
2007-12-28,14.49
2007-12-29,13.52
2007-12-30,12.65
2007-12-31,11.88
2008-01-01,11.13
2008-01-02,10.43
2008-01-03,9.79
2008-01-04,9.21
2008-01-05,8.73
2008-01-06,8.31
2008-01-07,7.91
2008-01-08,7.59
2008-01-09,7.3
2008-01-10,7.05
2008-01-11,5.5
2008-01-12,4.69
2008-01-13,4.42
2008-01-14,4.35
2008-01-15,4.28
2008-01-16,4.22
2008-01-17,4.19
2008-01-18,4.15
2008-01-19,4.13
2008-01-20,4.13
2008-01-21,4.09
2008-01-22,4.09
2008-01-23,4.06
2008-01-24,4.06
2008-01-25,4.06
2008-01-26,4.04
2008-01-27,4.04
2008-01-28,4.04
2008-01-29,4.0
2008-01-30,4.0
2008-01-31,5.0
2008-02-01,5.41
2008-02-02,5.41
2008-02-03,5.41
2008-02-04,5.44
2008-02-05,5.56
2008-02-06,5.5
2008-02-07,5.47
2008-02-08,6.19
2008-02-09,7.93
2008-02-10,8.89
2008-02-11,8.89
2008-02-12,9.35
2008-02-13,9.45
2008-02-14,9.07
2008-02-15,8.51
2008-02-16,7.99
2008-02-17,7.63
2008-02-18,7.22
2008-02-19,6.87
2008-02-20,6.59
2008-02-21,6.35
2008-02-22,6.13
2008-02-23,5.97
2008-02-24,5.81
2008-02-25,5.78
2008-02-26,5.65
2008-02-27,5.59
2008-02-28,5.53
2008-02-29,5.37
2008-03-01,5.56
2008-03-02,5.78
2008-03-03,5.65
2008-03-04,5.53
2008-03-05,5.41
2008-03-06,5.31
2008-03-07,5.25
2008-03-08,5.19
2008-03-09,5.1
2008-03-10,5.19
2008-03-11,5.19
2008-03-12,5.56
2008-03-13,6.1
2008-03-14,7.04
2008-03-15,7.81
2008-03-16,9.4
2008-03-17,10.83
2008-03-18,12.68
2008-03-19,14.67
2008-03-20,15.94
2008-03-21,16.95
2008-03-22,17.32
2008-03-23,18.23
2008-03-24,18.19
2008-03-25,17.11
2008-03-26,15.9
2008-03-27,14.81
2008-03-28,14.45
2008-03-29,14.74
2008-03-30,15.03
2008-03-31,15.83
2008-04-01,15.6
2008-04-02,15.94
2008-04-03,18.28
2008-04-04,19.04
2008-04-05,18.54
2008-04-06,17.71
2008-04-07,16.78
2008-04-08,16.58
2008-04-09,16.5
2008-04-10,16.3
2008-04-11,15.83
2008-04-12,15.98
2008-04-13,17.37
2008-04-14,19.37
2008-04-15,19.75
2008-04-16,19.56
2008-04-17,19.04
2008-04-18,18.54
2008-04-19,18.14
2008-04-20,17.62
2008-04-21,17.03
2008-04-22,16.62
2008-04-23,16.54
2008-04-24,17.92
2008-04-25,22.23
2008-04-26,43.77
2008-04-27,50.52
2008-04-28,47.64
2008-04-29,44.39
2008-04-30,41.07
2008-05-01,38.54
2008-05-02,36.76
2008-05-03,34.32
2008-05-04,31.89
2008-05-05,30.12
2008-05-06,29.2
2008-05-07,27.51
2008-05-08,27.12
2008-05-09,27.44
2008-05-10,27.91
2008-05-11,27.97
2008-05-12,27.91
2008-05-13,27.64
2008-05-14,27.64
2008-05-15,27.84
2008-05-16,27.38
2008-05-17,26.93
2008-05-18,26.54
2008-05-19,25.98
2008-05-20,25.61
2008-05-21,25.73
2008-05-22,25.55
2008-05-23,25.42
2008-05-24,25.55
2008-05-25,24.88
2008-05-26,25.12
2008-05-27,25.73
2008-05-28,25.73
2008-05-29,26.04
2008-05-30,25.85
2008-05-31,27.64
2008-06-01,28.24
2008-06-02,28.92
2008-06-03,29.97
2008-06-04,31.51
2008-06-05,31.73
2008-06-06,29.97
2008-06-07,28.58
2008-06-08,28.38
2008-06-09,30.19
2008-06-10,32.19
2008-06-11,31.06
2008-06-12,29.55
2008-06-13,28.44
2008-06-14,28.04
2008-06-15,27.71
2008-06-16,26.54
2008-06-17,25.92
2008-06-18,26.04
2008-06-19,26.23
2008-06-20,25.24
2008-06-21,25.0
2008-06-22,25.98
2008-06-23,26.42
2008-06-24,25.85
2008-06-25,25.42
2008-06-26,26.86
2008-06-27,26.93
2008-06-28,27.18
2008-06-29,28.99
2008-06-30,29.97
2008-07-01,32.5
2008-07-02,37.64
2008-07-03,35.9
2008-07-04,33.59
2008-07-05,31.58
2008-07-06,29.97
2008-07-07,28.79
2008-07-08,27.64
2008-07-09,26.61
2008-07-10,25.67
2008-07-11,25.06
2008-07-12,24.12
2008-07-13,22.88
2008-07-14,21.91
2008-07-15,25.3
2008-07-16,30.77
2008-07-17,30.92
2008-07-18,30.48
2008-07-19,31.81
2008-07-20,32.96
2008-07-21,34.24
2008-07-22,34.56
2008-07-23,40.3
2008-07-24,46.97
2008-07-25,47.53
2008-07-26,46.1
2008-07-27,50.17
2008-07-28,57.61
2008-07-29,60.94
2008-07-30,61.37
2008-07-31,61.09
2008-08-01,58.84
2008-08-02,55.75
2008-08-03,52.09
2008-08-04,48.77
2008-08-05,45.56
2008-08-06,42.55
2008-08-07,39.93
2008-08-08,37.64
2008-08-09,36.33
2008-08-10,34.89
2008-08-11,35.06
2008-08-12,42.55
2008-08-13,48.32
2008-08-14,49.35
2008-08-15,50.17
2008-08-16,48.55
2008-08-17,45.24
2008-08-18,42.25
2008-08-19,39.93
2008-08-20,38.26
2008-08-21,37.02
2008-08-22,35.56
2008-08-23,33.59
2008-08-24,31.89
2008-08-25,30.12
2008-08-26,29.13
2008-08-27,28.79
2008-08-28,28.72
2008-08-29,28.04
2008-08-30,30.99
2008-08-31,34.24
2008-09-01,38.17
2008-09-02,37.64
2008-09-03,36.15
2008-09-04,34.97
2008-09-05,34.56
2008-09-06,34.48
2008-09-07,35.48
2008-09-08,37.64
2008-09-09,37.99
2008-09-10,37.11
2008-09-11,37.82
2008-09-12,39.18
2008-09-13,38.26
2008-09-14,36.33
2008-09-15,34.56
2008-09-16,32.57
2008-09-17,30.7
2008-09-18,28.85
2008-09-19,27.12
2008-09-20,25.73
2008-09-21,25.85
2008-09-22,24.82
2008-09-23,23.66
2008-09-24,22.5
2008-09-25,21.65
2008-09-26,21.44
2008-09-27,20.33
2008-09-28,19.09
2008-09-29,17.92
2008-09-30,16.82
2008-10-01,15.83
2008-10-02,14.89
2008-10-03,14.03
2008-10-04,13.22
2008-10-05,12.52
2008-10-06,11.88
2008-10-07,11.56
2008-10-08,11.88
2008-10-09,12.27
2008-10-10,13.06
2008-10-11,13.55
2008-10-12,13.59
2008-10-13,14.74
2008-10-14,18.5
2008-10-15,20.48
2008-10-16,21.13
2008-10-17,21.28
2008-10-18,22.6
2008-10-19,24.53
2008-10-20,28.11
2008-10-21,36.93
2008-10-22,42.45
2008-10-23,42.05
2008-10-24,44.29
2008-10-25,48.2
2008-10-26,47.53
2008-10-27,45.56
2008-10-28,42.65
2008-10-29,39.83
2008-10-30,37.9
2008-10-31,36.76
2008-11-01,35.56
2008-11-02,34.65
2008-11-03,32.96
2008-11-04,30.99
2008-11-05,29.2
2008-11-06,28.17
2008-11-07,26.73
2008-11-08,26.23
2008-11-09,26.1
2008-11-10,27.31
2008-11-11,26.48
2008-11-12,25.12
2008-11-13,24.76
2008-11-14,23.6
2008-11-15,22.55
2008-11-16,21.23
2008-11-17,20.18
2008-11-18,19.37
2008-11-19,18.82
2008-11-20,18.68
2008-11-21,18.28
2008-11-22,18.77
2008-11-23,22.07
2008-11-24,28.44
2008-11-25,33.36
2008-11-26,32.57
2008-11-27,30.92
2008-11-28,29.9
2008-11-29,29.55
2008-11-30,32.96
2008-12-01,34.08
2008-12-02,32.73
2008-12-03,31.06
2008-12-04,29.34
2008-12-05,27.44
2008-12-06,25.79
2008-12-07,24.41
2008-12-08,23.6
2008-12-09,24.35
2008-12-10,24.88
2008-12-11,24.76
2008-12-12,23.66
2008-12-13,22.23
2008-12-14,21.13
2008-12-15,20.48
2008-12-16,19.75
2008-12-17,18.82
2008-12-18,18.01
2008-12-19,18.82
2008-12-20,18.14
2008-12-21,17.24
2008-12-22,16.22
2008-12-23,15.29
2008-12-24,14.38
2008-12-25,13.59
2008-12-26,12.9
2008-12-27,12.21
2008-12-28,11.59
2008-12-29,10.99
2008-12-30,10.46
2008-12-31,9.96
2009-01-01,9.52
2009-01-02,9.12
2009-01-03,8.73
2009-01-04,8.38
2009-01-05,8.08
2009-01-06,7.81
2009-01-07,7.59
2009-01-08,7.38
2009-01-09,7.2
2009-01-10,7.05
2009-01-11,5.61
2009-01-12,4.89
2009-01-13,4.56
2009-01-14,4.5
2009-01-15,4.43
2009-01-16,4.41
2009-01-17,4.37
2009-01-18,4.35
2009-01-19,4.35
2009-01-20,4.31
2009-01-21,4.28
2009-01-22,4.28
2009-01-23,4.25
2009-01-24,4.22
2009-01-25,4.22
2009-01-26,4.28
2009-01-27,6.16
2009-01-28,6.69
2009-01-29,6.38
2009-01-30,5.9
2009-01-31,6.46
2009-02-01,6.46
2009-02-02,6.35
2009-02-03,6.21
2009-02-04,6.13
2009-02-05,6.03
2009-02-06,6.0
2009-02-07,5.93
2009-02-08,5.87
2009-02-09,5.84
2009-02-10,5.81
2009-02-11,5.75
2009-02-12,5.71
2009-02-13,5.65
2009-02-14,5.62
2009-02-15,5.62
2009-02-16,5.59
2009-02-17,5.59
2009-02-18,5.59
2009-02-19,5.53
2009-02-20,5.47
2009-02-21,5.44
2009-02-22,5.44
2009-02-23,5.47
2009-02-24,5.44
2009-02-25,5.37
2009-02-26,5.41
2009-02-27,5.41
2009-02-28,5.31
2009-03-01,5.22
2009-03-02,5.19
2009-03-03,5.19
2009-03-04,5.22
2009-03-05,5.19
2009-03-06,5.15
2009-03-07,5.12
2009-03-08,5.15
2009-03-09,6.03
2009-03-10,5.81
2009-03-11,5.68
2009-03-12,6.62
2009-03-13,7.0
2009-03-14,7.53
2009-03-15,7.43
2009-03-16,7.22
2009-03-17,6.82
2009-03-18,6.43
2009-03-19,6.19
2009-03-20,6.0
2009-03-21,5.84
2009-03-22,5.71
2009-03-23,5.62
2009-03-24,6.03
2009-03-25,5.9
2009-03-26,5.75
2009-03-27,5.87
2009-03-28,6.57
2009-03-29,6.74
2009-03-30,6.5
2009-03-31,6.19
2009-04-01,6.0
2009-04-02,5.9
2009-04-03,5.75
2009-04-04,5.62
2009-04-05,5.56
2009-04-06,5.47
2009-04-07,5.62
2009-04-08,5.68
2009-04-09,6.1
2009-04-10,6.66
2009-04-11,7.41
2009-04-12,7.28
2009-04-13,6.94
2009-04-14,6.69
2009-04-15,6.5
2009-04-16,6.46
2009-04-17,6.38
2009-04-18,6.31
2009-04-19,6.24
2009-04-20,6.31
2009-04-21,6.43
2009-04-22,6.91
2009-04-23,7.09
2009-04-24,7.18
2009-04-25,7.38
2009-04-26,7.47
2009-04-27,7.49
2009-04-28,7.59
2009-04-29,8.12
2009-04-30,8.38
2009-05-01,8.23
2009-05-02,7.97
2009-05-03,7.81
2009-05-04,7.57
2009-05-05,7.28
2009-05-06,7.09
2009-05-07,7.0
2009-05-08,7.05
2009-05-09,7.15
2009-05-10,7.47
2009-05-11,7.59
2009-05-12,7.49
2009-05-13,7.38
2009-05-14,7.22
2009-05-15,7.18
2009-05-16,7.49
2009-05-17,7.59
2009-05-18,7.49
2009-05-19,8.35
2009-05-20,9.67
2009-05-21,10.35
2009-05-22,11.39
2009-05-23,12.34
2009-05-24,13.19
2009-05-25,15.03
2009-05-26,16.3
2009-05-27,16.74
2009-05-28,16.66
2009-05-29,16.14
2009-05-30,16.06
2009-05-31,16.42
2009-06-01,16.3
2009-06-02,15.83
2009-06-03,15.48
2009-06-04,15.18
2009-06-05,15.98
2009-06-06,21.08
2009-06-07,27.77
2009-06-08,31.66
2009-06-09,32.34
2009-06-10,30.7
2009-06-11,29.27
2009-06-12,30.12
2009-06-13,30.41
2009-06-14,30.55
2009-06-15,30.05
2009-06-16,30.48
2009-06-17,31.66
2009-06-18,33.59
2009-06-19,37.73
2009-06-20,39.55
2009-06-21,38.36
2009-06-22,37.64
2009-06-23,37.82
2009-06-24,37.99
2009-06-25,38.45
2009-06-26,38.08
2009-06-27,37.64
2009-06-28,37.28
2009-06-29,37.11
2009-06-30,40.21
2009-07-01,46.42
2009-07-02,53.08
2009-07-03,56.41
2009-07-04,58.57
2009-07-05,58.7
2009-07-06,59.67
2009-07-07,58.29
2009-07-08,56.41
2009-07-09,58.02
2009-07-10,56.81
2009-07-11,53.83
2009-07-12,51.0
2009-07-13,48.55
2009-07-14,47.98
2009-07-15,54.72
2009-07-16,63.27
2009-07-17,89.57
2009-07-18,94.28
2009-07-19,85.3
2009-07-20,77.34
2009-07-21,71.44
2009-07-22,66.92
2009-07-23,62.97
2009-07-24,58.98
2009-07-25,54.85
2009-07-26,51.12
2009-07-27,47.75
2009-07-28,45.34
2009-07-29,42.85
2009-07-30,40.88
2009-07-31,39.36
2009-08-01,40.98
2009-08-02,41.17
2009-08-03,39.64
2009-08-04,37.46
2009-08-05,35.64
2009-08-06,34.08
2009-08-07,32.81
2009-08-08,31.14
2009-08-09,29.41
2009-08-10,27.71
2009-08-11,26.48
2009-08-12,25.3
2009-08-13,23.83
2009-08-14,22.71
2009-08-15,22.28
2009-08-16,21.49
2009-08-17,22.28
2009-08-18,22.55
2009-08-19,25.18
2009-08-20,29.41
2009-08-21,31.58
2009-08-22,33.75
2009-08-23,34.97
2009-08-24,35.22
2009-08-25,34.89
2009-08-26,33.99
2009-08-27,33.36
2009-08-28,33.2
2009-08-29,32.88
2009-08-30,31.36
2009-08-31,30.26
2009-09-01,30.19
2009-09-02,33.2
2009-09-03,35.81
2009-09-04,35.56
2009-09-05,37.64
2009-09-06,41.07
2009-09-07,45.03
2009-09-08,47.08
2009-09-09,45.45
2009-09-10,42.85
2009-09-11,40.3
2009-09-12,37.64
2009-09-13,35.98
2009-09-14,37.37
2009-09-15,35.81
2009-09-16,33.83
2009-09-17,33.04
2009-09-18,35.06
2009-09-19,36.76
2009-09-20,36.41
2009-09-21,36.24
2009-09-22,37.55
2009-09-23,37.73
2009-09-24,37.28
2009-09-25,35.39
2009-09-26,33.59
2009-09-27,33.04
2009-09-28,34.56
2009-09-29,34.56
2009-09-30,36.07
2009-10-01,54.46
2009-10-02,69.47
2009-10-03,70.45
2009-10-04,67.55
2009-10-05,63.12
2009-10-06,58.7
2009-10-07,54.46
2009-10-08,50.76
2009-10-09,47.19
2009-10-10,43.98
2009-10-11,41.07
2009-10-12,38.54
2009-10-13,39.64
2009-10-14,40.69
2009-10-15,41.76
2009-10-16,42.85
2009-10-17,42.65
2009-10-18,40.5
2009-10-19,38.54
2009-10-20,37.19
2009-10-21,36.76
2009-10-22,36.76
2009-10-23,35.73
2009-10-24,33.51
2009-10-25,31.58
2009-10-26,32.57
2009-10-27,32.73
2009-10-28,31.14
2009-10-29,29.76
2009-10-30,28.99
2009-10-31,28.58
2009-11-01,28.04
2009-11-02,26.86
2009-11-03,25.49
2009-11-04,25.36
2009-11-05,27.91
2009-11-06,42.25
2009-11-07,100.86
2009-11-08,124.89
2009-11-09,123.17
2009-11-10,110.43
2009-11-11,96.5
2009-11-12,86.3
2009-11-13,78.98
2009-11-14,80.66
2009-11-15,89.57
2009-11-16,91.04
2009-11-17,85.1
2009-11-18,78.43
2009-11-19,73.82
2009-11-20,71.11
2009-11-21,69.31
2009-11-22,67.71
2009-11-23,65.07
2009-11-24,61.09
2009-11-25,57.75
2009-11-26,55.49
2009-11-27,52.09
2009-11-28,48.77
2009-11-29,45.56
2009-11-30,42.75
2009-12-01,40.88
2009-12-02,41.17
2009-12-03,39.55
2009-12-04,37.82
2009-12-05,35.9
2009-12-06,33.83
2009-12-07,31.81
2009-12-08,29.83
2009-12-09,27.97
2009-12-10,26.29
2009-12-11,24.7
2009-12-12,23.15
2009-12-13,21.8
2009-12-14,20.78
2009-12-15,20.18
2009-12-16,123.17
2009-12-17,96.72
2009-12-18,69.63
2009-12-19,54.98
2009-12-20,46.21
2009-12-21,40.3
2009-12-22,36.07
2009-12-23,33.12
2009-12-24,31.06
2009-12-25,28.72
2009-12-26,26.54
2009-12-27,25.36
2009-12-28,25.61
2009-12-29,24.41
2009-12-30,22.71
2009-12-31,21.23
2010-01-01,19.89
2010-01-02,18.63
2010-01-03,17.49
2010-01-04,16.42
2010-01-05,15.48
2010-01-06,14.56
2010-01-07,13.69
2010-01-08,12.87
2010-01-09,12.34
2010-01-10,12.3
2010-01-11,11.33
2010-01-12,10.61
2010-01-13,10.38
2010-01-14,10.19
2010-01-15,9.62
2010-01-16,9.02
2010-01-17,8.46
2010-01-18,7.97
2010-01-19,7.49
2010-01-20,7.05
2010-01-21,6.73
2010-01-22,6.43
2010-01-23,6.18
2010-01-24,5.95
2010-01-25,5.71
2010-01-26,5.52
2010-01-27,5.35
2010-01-28,5.24
2010-01-29,5.11
2010-01-30,4.98
2010-01-31,5.89
2010-02-01,6.14
2010-02-02,6.08
2010-02-03,6.05
2010-02-04,6.0
2010-02-05,5.97
2010-02-06,5.93
2010-02-07,5.9
2010-02-08,5.84
2010-02-09,5.78
2010-02-10,5.87
2010-02-11,5.97
2010-02-12,5.81
2010-02-13,5.68
2010-02-14,5.62
2010-02-15,5.59
2010-02-16,5.56
2010-02-17,5.56
2010-02-18,5.59
2010-02-19,5.62
2010-02-20,5.5
2010-02-21,5.44
2010-02-22,5.34
2010-02-23,5.37
2010-02-24,5.41
2010-02-25,5.71
2010-02-26,5.71
2010-02-27,5.62
2010-02-28,5.5
2010-03-01,5.41
2010-03-02,5.34
2010-03-03,5.28
2010-03-04,5.31
2010-03-05,5.41
2010-03-06,5.41
2010-03-07,5.28
2010-03-08,5.25
2010-03-09,5.25
2010-03-10,5.25
2010-03-11,5.22
2010-03-12,5.15
2010-03-13,5.15
2010-03-14,5.1
2010-03-15,5.1
2010-03-16,5.19
2010-03-17,5.15
2010-03-18,5.12
2010-03-19,5.07
2010-03-20,5.0
2010-03-21,4.97
2010-03-22,5.0
2010-03-23,5.0
2010-03-24,5.0
2010-03-25,4.94
2010-03-26,5.65
2010-03-27,5.9
2010-03-28,5.9
2010-03-29,6.13
2010-03-30,6.57
2010-03-31,6.74
2010-04-01,6.46
2010-04-02,6.16
2010-04-03,6.13
2010-04-04,6.53
2010-04-05,7.13
2010-04-06,7.81
2010-04-07,7.97
2010-04-08,7.65
2010-04-09,7.81
2010-04-10,7.69
2010-04-11,7.53
2010-04-12,7.41
2010-04-13,7.32
2010-04-14,7.32
2010-04-15,7.43
2010-04-16,7.79
2010-04-17,8.23
2010-04-18,8.57
2010-04-19,8.62
2010-04-20,8.62
2010-04-21,8.89
2010-04-22,8.82
2010-04-23,9.21
2010-04-24,10.12
2010-04-25,10.22
2010-04-26,11.19
2010-04-27,12.18
2010-04-28,13.03
2010-04-29,14.21
2010-04-30,14.63
2010-05-01,16.86
2010-05-02,17.54
2010-05-03,17.79
2010-05-04,17.79
2010-05-05,17.2
2010-05-06,16.66
2010-05-07,15.98
2010-05-08,15.75
2010-05-09,15.83
2010-05-10,16.3
2010-05-11,16.7
2010-05-12,17.16
2010-05-13,17.41
2010-05-14,17.32
2010-05-15,17.58
2010-05-16,17.71
2010-05-17,17.79
2010-05-18,17.84
2010-05-19,17.66
2010-05-20,18.36
2010-05-21,19.65
2010-05-22,19.7
2010-05-23,19.42
2010-05-24,21.28
2010-05-25,23.89
2010-05-26,24.7
2010-05-27,24.53
2010-05-28,25.42
2010-05-29,26.86
2010-05-30,26.99
2010-05-31,26.54
2010-06-01,25.24
2010-06-02,24.23
2010-06-03,24.35
2010-06-04,24.06
2010-06-05,25.24
2010-06-06,27.12
2010-06-07,26.54
2010-06-08,26.67
2010-06-09,27.31
2010-06-10,33.75
2010-06-11,56.68
2010-06-12,75.56
2010-06-13,92.33
2010-06-14,90.83
2010-06-15,84.7
2010-06-16,76.62
2010-06-17,70.78
2010-06-18,67.87
2010-06-19,65.22
2010-06-20,61.81
2010-06-21,58.43
2010-06-22,55.23
2010-06-23,63.71
2010-06-24,69.96
2010-06-25,71.28
2010-06-26,69.15
2010-06-27,65.53
2010-06-28,65.07
2010-06-29,66.92
2010-06-30,65.68
2010-07-01,68.18
2010-07-02,71.28
2010-07-03,70.29
2010-07-04,70.78
2010-07-05,73.64
2010-07-06,75.38
2010-07-07,70.78
2010-07-08,66.45
2010-07-09,63.12
2010-07-10,60.66
2010-07-11,61.23
2010-07-12,59.39
2010-07-13,57.48
2010-07-14,56.02
2010-07-15,53.58
2010-07-16,52.7
2010-07-17,54.98
2010-07-18,57.48
2010-07-19,60.24
2010-07-20,63.27
2010-07-21,60.38
2010-07-22,57.21
2010-07-23,53.7
2010-07-24,50.64
2010-07-25,47.53
2010-07-26,45.03
2010-07-27,42.55
2010-07-28,41.17
2010-07-29,40.69
2010-07-30,42.65
2010-07-31,41.76
2010-08-01,39.36
2010-08-02,36.93
2010-08-03,34.81
2010-08-04,33.83
2010-08-05,32.27
2010-08-06,30.55
2010-08-07,29.27
2010-08-08,28.17
2010-08-09,27.97
2010-08-10,27.12
2010-08-11,25.61
2010-08-12,24.53
2010-08-13,25.36
2010-08-14,25.42
2010-08-15,42.15
2010-08-16,52.21
2010-08-17,53.08
2010-08-18,50.52
2010-08-19,47.08
2010-08-20,43.46
2010-08-21,41.46
2010-08-22,40.3
2010-08-23,38.9
2010-08-24,37.99
2010-08-25,37.73
2010-08-26,39.09
2010-08-27,41.46
2010-08-28,41.36
2010-08-29,42.65
2010-08-30,48.09
2010-08-31,53.33
2010-09-01,50.29
2010-09-02,46.53
2010-09-03,43.46
2010-09-04,40.88
2010-09-05,38.45
2010-09-06,36.33
2010-09-07,34.32
2010-09-08,32.81
2010-09-09,31.36
2010-09-10,30.48
2010-09-11,30.48
2010-09-12,28.99
2010-09-13,28.44
2010-09-14,30.05
2010-09-15,30.19
2010-09-16,30.05
2010-09-17,29.76
2010-09-18,29.2
2010-09-19,29.55
2010-09-20,28.24
2010-09-21,26.67
2010-09-22,28.65
2010-09-23,31.14
2010-09-24,32.34
2010-09-25,34.56
2010-09-26,34.4
2010-09-27,38.08
2010-09-28,38.72
2010-09-29,39.46
2010-09-30,39.46
2010-10-01,43.46
2010-10-02,47.75
2010-10-03,49.35
2010-10-04,52.09
2010-10-05,50.64
2010-10-06,54.72
2010-10-07,58.7
2010-10-08,57.75
2010-10-09,55.89
2010-10-10,55.75
2010-10-11,52.95
2010-10-12,49.7
2010-10-13,46.97
2010-10-14,44.39
2010-10-15,42.45
2010-10-16,40.59
2010-10-17,38.72
2010-10-18,36.93
2010-10-19,35.14
2010-10-20,33.36
2010-10-21,32.04
2010-10-22,31.14
2010-10-23,29.83
2010-10-24,28.44
2010-10-25,26.99
2010-10-26,25.42
2010-10-27,25.06
2010-10-28,25.85
2010-10-29,28.31
2010-10-30,31.21
2010-10-31,32.27
2010-11-01,30.92
2010-11-02,29.62
2010-11-03,28.38
2010-11-04,27.71
2010-11-05,27.97
2010-11-06,28.51
2010-11-07,27.58
2010-11-08,27.12
2010-11-09,26.29
2010-11-10,26.61
2010-11-11,28.79
2010-11-12,32.57
2010-11-13,32.04
2010-11-14,31.21
2010-11-15,30.05
2010-11-16,29.62
2010-11-17,32.73
2010-11-18,35.06
2010-11-19,35.81
2010-11-20,36.67
2010-11-21,46.64
2010-11-22,54.08
2010-11-23,56.54
2010-11-24,57.48
2010-11-25,100.16
2010-11-26,111.72
2010-11-27,104.44
2010-11-28,97.86
2010-11-29,91.9
2010-11-30,84.9
2010-12-01,83.72
2010-12-02,91.04
2010-12-03,92.97
2010-12-04,91.26
2010-12-05,87.51
2010-12-06,81.41
2010-12-07,75.74
2010-12-08,78.25
2010-12-09,80.85
2010-12-10,75.91
2010-12-11,70.94
2010-12-12,67.08
2010-12-13,62.68
2010-12-14,58.43
2010-12-15,54.59
2010-12-16,51.24
2010-12-17,48.43
2010-12-18,45.56
2010-12-19,42.85
2010-12-20,40.11
2010-12-21,37.82
2010-12-22,35.81
2010-12-23,33.59
2010-12-24,31.58
2010-12-25,29.76
2010-12-26,28.04
2010-12-27,26.35
2010-12-28,24.82
2010-12-29,23.6
2010-12-30,22.71
2010-12-31,22.12
2011-01-01,21.49
2011-01-02,20.43
2011-01-03,20.18
2011-01-04,19.56
2011-01-05,18.82
2011-01-06,17.97
2011-01-07,17.45
2011-01-08,17.16
2011-01-09,16.62
2011-01-10,16.06
2011-01-11,15.03
2011-01-12,14.28
2011-01-13,13.42
2011-01-14,12.58
2011-01-15,11.82
2011-01-16,11.11
2011-01-17,10.43
2011-01-18,9.84
2011-01-19,9.26
2011-01-20,8.73
2011-01-21,8.29
2011-01-22,7.87
2011-01-23,7.49
2011-01-24,7.15
2011-01-25,6.78
2011-01-26,6.5
2011-01-27,6.23
2011-01-28,5.98
2011-01-29,5.78
2011-01-30,5.59
2011-01-31,6.38
2011-02-01,6.52
2011-02-02,6.41
2011-02-03,6.35
2011-02-04,6.33
2011-02-05,6.19
2011-02-06,6.13
2011-02-07,6.06
2011-02-08,6.03
2011-02-09,5.97
2011-02-10,6.06
2011-02-11,6.03
2011-02-12,5.93
2011-02-13,5.9
2011-02-14,5.84
2011-02-15,5.84
2011-02-16,5.81
2011-02-17,5.75
2011-02-18,5.78
2011-02-19,5.68
2011-02-20,5.65
2011-02-21,5.78
2011-02-22,6.53
2011-02-23,7.32
2011-02-24,7.63
2011-02-25,7.85
2011-02-26,8.25
2011-02-27,8.73
2011-02-28,8.59
2011-03-01,8.12
2011-03-02,7.71
2011-03-03,7.34
2011-03-04,7.04
2011-03-05,6.85
2011-03-06,6.66
2011-03-07,6.46
2011-03-08,6.31
2011-03-09,6.19
2011-03-10,6.03
2011-03-11,5.87
2011-03-12,5.78
2011-03-13,6.87
2011-03-14,7.04
2011-03-15,6.73
2011-03-16,6.43
2011-03-17,6.24
2011-03-18,6.1
2011-03-19,5.97
2011-03-20,5.84
2011-03-21,5.78
2011-03-22,5.68
2011-03-23,5.62
2011-03-24,5.71
2011-03-25,6.06
2011-03-26,6.24
2011-03-27,7.32
2011-03-28,8.59
2011-03-29,9.79
2011-03-30,10.8
2011-03-31,10.61
2011-04-01,10.35
2011-04-02,10.72
2011-04-03,11.25
2011-04-04,11.42
2011-04-05,11.3
2011-04-06,11.16
2011-04-07,10.75
2011-04-08,10.25
2011-04-09,10.4
2011-04-10,10.43
2011-04-11,10.59
2011-04-12,10.94
2011-04-13,11.02
2011-04-14,11.05
2011-04-15,11.05
2011-04-16,11.39
2011-04-17,11.33
2011-04-18,12.09
2011-04-19,13.69
2011-04-20,14.78
2011-04-21,15.83
2011-04-22,17.97
2011-04-23,21.39
2011-04-24,25.3
2011-04-25,25.61
2011-04-26,25.55
2011-04-27,25.0
2011-04-28,24.76
2011-04-29,24.64
2011-04-30,23.49
2011-05-01,23.1
2011-05-02,22.99
2011-05-03,22.71
2011-05-04,22.93
2011-05-05,23.27
2011-05-06,22.23
2011-05-07,22.23
2011-05-08,21.44
2011-05-09,20.13
2011-05-10,19.0
2011-05-11,18.1
2011-05-12,17.11
2011-05-13,16.3
2011-05-14,15.75
2011-05-15,15.48
2011-05-16,15.6
2011-05-17,15.48
2011-05-18,15.71
2011-05-19,16.42
2011-05-20,16.1
2011-05-21,15.83
2011-05-22,16.3
2011-05-23,16.1
2011-05-24,15.6
2011-05-25,15.22
2011-05-26,15.6
2011-05-27,16.22
2011-05-28,17.49
2011-05-29,19.51
2011-05-30,21.39
2011-05-31,23.27
2011-06-01,79.72
2011-06-02,82.56
2011-06-03,73.47
2011-06-04,67.23
2011-06-05,61.52
2011-06-06,57.61
2011-06-07,55.1
2011-06-08,52.21
2011-06-09,49.35
2011-06-10,47.64
2011-06-11,46.32
2011-06-12,44.39
2011-06-13,42.95
2011-06-14,42.45
2011-06-15,44.71
2011-06-16,43.67
2011-06-17,43.36
2011-06-18,45.77
2011-06-19,44.19
2011-06-20,41.76
2011-06-21,39.74
2011-06-22,37.46
2011-06-23,35.64
2011-06-24,33.91
2011-06-25,32.57
2011-06-26,31.73
2011-06-27,30.7
2011-06-28,29.83
2011-06-29,28.31
2011-06-30,26.73
2011-07-01,25.49
2011-07-02,24.64
2011-07-03,23.27
2011-07-04,22.07
2011-07-05,27.84
2011-07-06,32.73
2011-07-07,32.5
2011-07-08,31.21
2011-07-09,29.83
2011-07-10,28.04
2011-07-11,26.67
2011-07-12,26.67
2011-07-13,27.97
2011-07-14,27.71
2011-07-15,29.27
2011-07-16,38.36
2011-07-17,45.67
2011-07-18,47.42
2011-07-19,48.32
2011-07-20,46.1
2011-07-21,43.87
2011-07-22,41.66
2011-07-23,39.74
2011-07-24,37.99
2011-07-25,37.02
2011-07-26,37.64
2011-07-27,38.17
2011-07-28,39.27
2011-07-29,39.93
2011-07-30,39.93
2011-07-31,38.36
2011-08-01,36.5
2011-08-02,34.65
2011-08-03,33.99
2011-08-04,34.48
2011-08-05,35.31
2011-08-06,37.46
2011-08-07,39.09
2011-08-08,39.18
2011-08-09,38.36
2011-08-10,37.19
2011-08-11,35.73
2011-08-12,34.89
2011-08-13,33.2
2011-08-14,31.73
2011-08-15,30.12
2011-08-16,29.69
2011-08-17,29.76
2011-08-18,29.27
2011-08-19,28.65
2011-08-20,34.4
2011-08-21,39.83
2011-08-22,39.18
2011-08-23,39.55
2011-08-24,39.64
2011-08-25,39.18
2011-08-26,37.82
2011-08-27,36.58
2011-08-28,35.48
2011-08-29,34.56
2011-08-30,33.91
2011-08-31,46.97
2011-09-01,53.83
2011-09-02,62.39
2011-09-03,65.07
2011-09-04,60.24
2011-09-05,56.15
2011-09-06,52.46
2011-09-07,49.47
2011-09-08,46.97
2011-09-09,45.67
2011-09-10,45.24
2011-09-11,48.32
2011-09-12,50.29
2011-09-13,52.21
2011-09-14,55.49
2011-09-15,57.21
2011-09-16,57.08
2011-09-17,54.46
2011-09-18,51.24
2011-09-19,48.32
2011-09-20,45.99
2011-09-21,45.45
2011-09-22,43.98
2011-09-23,41.66
2011-09-24,39.09
2011-09-25,36.76
2011-09-26,34.73
2011-09-27,32.57
2011-09-28,30.62
2011-09-29,28.79
2011-09-30,27.05
2011-10-01,25.61
2011-10-02,24.18
2011-10-03,22.77
2011-10-04,21.49
2011-10-05,20.38
2011-10-06,19.28
2011-10-07,18.28
2011-10-08,17.37
2011-10-09,16.42
2011-10-10,15.52
2011-10-11,14.74
2011-10-12,14.14
2011-10-13,14.38
2011-10-14,14.14
2011-10-15,14.21
2011-10-16,14.42
2011-10-17,14.92
2011-10-18,14.7
2011-10-19,14.1
2011-10-20,13.66
2011-10-21,14.1
2011-10-22,15.83
2011-10-23,16.22
2011-10-24,18.95
2011-10-25,22.28
2011-10-26,24.41
2011-10-27,24.59
2011-10-28,24.23
2011-10-29,24.82
2011-10-30,30.62
2011-10-31,37.28
2011-11-01,42.15
2011-11-02,46.75
2011-11-03,45.88
2011-11-04,44.39
2011-11-05,42.65
2011-11-06,43.67
2011-11-07,44.81
2011-11-08,44.39
2011-11-09,41.85
2011-11-10,39.18
2011-11-11,36.67
2011-11-12,34.4
2011-11-13,32.34
2011-11-14,30.48
2011-11-15,28.79
2011-11-16,27.12
2011-11-17,25.61
2011-11-18,24.23
2011-11-19,22.99
2011-11-20,21.65
2011-11-21,20.48
2011-11-22,19.7
2011-11-23,18.59
2011-11-24,17.62
2011-11-25,17.16
2011-11-26,17.97
2011-11-27,21.91
2011-11-28,27.05
2011-11-29,27.51
2011-11-30,26.61
2011-12-01,26.67
2011-12-02,25.49
2011-12-03,24.35
2011-12-04,23.95
2011-12-05,24.82
2011-12-06,23.95
2011-12-07,22.6
2011-12-08,21.23
2011-12-09,19.99
2011-12-10,18.86
2011-12-11,17.92
2011-12-12,17.28
2011-12-13,16.46
2011-12-14,15.56
2011-12-15,14.74
2011-12-16,14.0
2011-12-17,13.26
2011-12-18,12.52
2011-12-19,12.03
2011-12-20,11.79
2011-12-21,11.45
2011-12-22,10.91
2011-12-23,10.4
2011-12-24,9.91
2011-12-25,9.64
2011-12-26,9.28
2011-12-27,8.93
2011-12-28,8.59
2011-12-29,8.29
2011-12-30,8.25
2011-12-31,11.42
2012-01-01,15.9
2012-01-02,15.83
2012-01-03,14.78
2012-01-04,13.86
2012-01-05,13.13
2012-01-06,12.49
2012-01-07,11.79
2012-01-08,11.16
2012-01-09,10.64
2012-01-10,10.25
2012-01-11,8.73
2012-01-12,8.04
2012-01-13,7.63
2012-01-14,7.24
2012-01-15,6.85
2012-01-16,6.46
2012-01-17,6.1
2012-01-18,5.75
2012-01-19,5.47
2012-01-20,5.25
2012-01-21,5.31
2012-01-22,5.28
2012-01-23,5.19
2012-01-24,5.07
2012-01-25,4.94
2012-01-26,4.81
2012-01-27,4.75
2012-01-28,4.69
2012-01-29,4.62
2012-01-30,4.56
2012-01-31,5.71
2012-02-01,6.06
2012-02-02,6.06
2012-02-03,6.03
2012-02-04,6.0
2012-02-05,6.0
2012-02-06,6.03
2012-02-07,6.0
2012-02-08,5.93
2012-02-09,6.1
2012-02-10,6.38
2012-02-11,6.5
2012-02-12,6.5
2012-02-13,6.31
2012-02-14,6.19
2012-02-15,6.1
2012-02-16,5.97
2012-02-17,5.93
2012-02-18,5.87
2012-02-19,5.81
2012-02-20,5.75
2012-02-21,5.71
2012-02-22,5.75
2012-02-23,5.71
2012-02-24,5.65
2012-02-25,5.59
2012-02-26,5.56
2012-02-27,5.56
2012-02-28,5.47
2012-02-29,5.44
2012-03-01,5.44
2012-03-02,5.44
2012-03-03,5.5
2012-03-04,5.41
2012-03-05,5.44
2012-03-06,5.53
2012-03-07,5.5
2012-03-08,5.56
2012-03-09,5.37
2012-03-10,5.44
2012-03-11,5.44
2012-03-12,5.62
2012-03-13,5.62
2012-03-14,5.62
2012-03-15,5.65
2012-03-16,5.9
2012-03-17,5.71
2012-03-18,5.59
2012-03-19,5.62
2012-03-20,5.56
2012-03-21,5.53
2012-03-22,5.87
2012-03-23,5.78
2012-03-24,5.65
2012-03-25,5.5
2012-03-26,5.47
2012-03-27,5.44
2012-03-28,5.37
2012-03-29,6.28
2012-03-30,6.57
2012-03-31,6.62
2012-04-01,6.78
2012-04-02,6.43
2012-04-03,6.1
2012-04-04,6.1
2012-04-05,5.97
2012-04-06,6.06
2012-04-07,6.1
2012-04-08,6.69
2012-04-09,6.96
2012-04-10,7.0
2012-04-11,6.96
2012-04-12,6.94
2012-04-13,6.91
2012-04-14,6.82
2012-04-15,6.78
2012-04-16,6.74
2012-04-17,6.73
2012-04-18,6.73
2012-04-19,6.78
2012-04-20,6.74
2012-04-21,6.91
2012-04-22,7.04
2012-04-23,7.63
2012-04-24,9.07
2012-04-25,10.8
2012-04-26,11.94
2012-04-27,12.55
2012-04-28,12.87
2012-04-29,12.61
2012-04-30,12.61
2012-05-01,12.34
2012-05-02,12.03
2012-05-03,12.03
2012-05-04,13.22
2012-05-05,16.78
2012-05-06,17.71
2012-05-07,16.58
2012-05-08,15.52
2012-05-09,14.67
2012-05-10,14.17
2012-05-11,15.14
2012-05-12,17.79
2012-05-13,18.1
2012-05-14,17.32
2012-05-15,16.7
2012-05-16,16.58
2012-05-17,15.94
2012-05-18,15.26
2012-05-19,14.74
2012-05-20,14.38
2012-05-21,14.24
2012-05-22,14.56
2012-05-23,14.28
2012-05-24,14.49
2012-05-25,13.86
2012-05-26,13.32
2012-05-27,13.69
2012-05-28,13.39
2012-05-29,12.84
2012-05-30,12.34
2012-05-31,12.09
2012-06-01,12.43
2012-06-02,12.37
2012-06-03,12.3
2012-06-04,12.24
2012-06-05,12.68
2012-06-06,13.42
2012-06-07,14.17
2012-06-08,14.49
2012-06-09,14.17
2012-06-10,13.79
2012-06-11,13.16
2012-06-12,12.84
2012-06-13,14.38
2012-06-14,18.14
2012-06-15,20.28
2012-06-16,21.8
2012-06-17,24.88
2012-06-18,29.48
2012-06-19,31.36
2012-06-20,31.96
2012-06-21,31.51
2012-06-22,30.55
2012-06-23,29.48
2012-06-24,28.17
2012-06-25,26.73
2012-06-26,25.55
2012-06-27,25.36
2012-06-28,24.41
2012-06-29,23.95
2012-06-30,22.93
2012-07-01,22.55
2012-07-02,25.18
2012-07-03,29.13
2012-07-04,30.48
2012-07-05,29.62
2012-07-06,28.17
2012-07-07,26.73
2012-07-08,25.79
2012-07-09,26.29
2012-07-10,29.48
2012-07-11,29.76
2012-07-12,28.44
2012-07-13,26.93
2012-07-14,25.49
2012-07-15,24.41
2012-07-16,23.1
2012-07-17,21.96
2012-07-18,21.54
2012-07-19,20.73
2012-07-20,20.04
2012-07-21,19.61
2012-07-22,19.14
2012-07-23,18.59
2012-07-24,18.01
2012-07-25,17.41
2012-07-26,16.82
2012-07-27,16.1
2012-07-28,15.33
2012-07-29,14.7
2012-07-30,14.1
2012-07-31,13.42
2012-08-01,12.93
2012-08-02,12.34
2012-08-03,12.03
2012-08-04,12.06
2012-08-05,12.43
2012-08-06,12.37
2012-08-07,12.09
2012-08-08,12.43
2012-08-09,14.31
2012-08-10,15.52
2012-08-11,16.74
2012-08-12,18.36
2012-08-13,18.95
2012-08-14,18.28
2012-08-15,18.82
2012-08-16,19.84
2012-08-17,22.5
2012-08-18,25.79
2012-08-19,25.3
2012-08-20,23.89
2012-08-21,22.55
2012-08-22,21.39
2012-08-23,21.8
2012-08-24,21.65
2012-08-25,22.93
2012-08-26,25.24
2012-08-27,25.61
2012-08-28,24.88
2012-08-29,26.16
2012-08-30,30.84
2012-08-31,34.4
2012-09-01,38.81
2012-09-02,39.18
2012-09-03,37.9
2012-09-04,37.02
2012-09-05,35.73
2012-09-06,33.83
2012-09-07,32.34
2012-09-08,30.99
2012-09-09,30.12
2012-09-10,29.55
2012-09-11,28.51
2012-09-12,27.25
2012-09-13,26.16
2012-09-14,25.49
2012-09-15,24.94
2012-09-16,24.64
2012-09-17,23.49
2012-09-18,22.17
2012-09-19,21.13
2012-09-20,20.04
2012-09-21,18.95
2012-09-22,17.97
2012-09-23,17.07
2012-09-24,16.18
2012-09-25,15.26
2012-09-26,14.42
2012-09-27,13.66
2012-09-28,13.06
2012-09-29,12.55
2012-09-30,12.24
2012-10-01,11.82
2012-10-02,11.42
2012-10-03,10.91
2012-10-04,10.48
2012-10-05,10.09
2012-10-06,9.69
2012-10-07,9.33
2012-10-08,9.59
2012-10-09,9.54
2012-10-10,9.54
2012-10-11,9.89
2012-10-12,10.46
2012-10-13,11.39
2012-10-14,12.68
2012-10-15,14.89
2012-10-16,16.62
2012-10-17,18.77
2012-10-18,21.59
2012-10-19,28.92
2012-10-20,51.72
2012-10-21,56.15
2012-10-22,51.84
2012-10-23,49.35
2012-10-24,49.47
2012-10-25,50.76
2012-10-26,47.75
2012-10-27,44.71
2012-10-28,42.85
2012-10-29,42.15
2012-10-30,44.81
2012-10-31,43.26
2012-11-01,42.15
2012-11-02,42.75
2012-11-03,41.07
2012-11-04,38.54
2012-11-05,36.07
2012-11-06,33.75
2012-11-07,32.11
2012-11-08,35.14
2012-11-09,36.07
2012-11-10,34.56
2012-11-11,32.73
2012-11-12,31.43
2012-11-13,30.33
2012-11-14,28.58
2012-11-15,26.86
2012-11-16,25.3
2012-11-17,23.72
2012-11-18,22.28
2012-11-19,20.93
2012-11-20,19.65
2012-11-21,18.54
2012-11-22,17.66
2012-11-23,17.58
2012-11-24,48.77
2012-11-25,49.47
2012-11-26,40.4
2012-11-27,34.4
2012-11-28,30.33
2012-11-29,27.31
2012-11-30,24.94
2012-12-01,22.93
2012-12-02,21.23
2012-12-03,19.8
2012-12-04,19.04
2012-12-05,18.05
2012-12-06,16.91
2012-12-07,15.9
2012-12-08,15.0
2012-12-09,14.1
2012-12-10,13.29
2012-12-11,12.55
2012-12-12,11.85
2012-12-13,11.19
2012-12-14,10.64
2012-12-15,10.09
2012-12-16,9.59
2012-12-17,9.16
2012-12-18,8.75
2012-12-19,8.44
2012-12-20,8.2
2012-12-21,7.91
2012-12-22,7.65
2012-12-23,7.41
2012-12-24,7.22
2012-12-25,7.05
2012-12-26,7.07
2012-12-27,7.79
2012-12-28,8.53
2012-12-29,8.53
2012-12-30,8.25
2012-12-31,8.02
2013-01-01,7.79
2013-01-02,7.55
2013-01-03,7.39
2013-01-04,7.22
2013-01-05,7.05
2013-01-06,6.96
2013-01-07,6.93
2013-01-08,7.02
2013-01-09,7.45
2013-01-10,7.3
2013-01-11,5.58
2013-01-12,4.78
2013-01-13,4.55
2013-01-14,4.48
2013-01-15,4.43
2013-01-16,4.4
2013-01-17,4.36
2013-01-18,4.35
2013-01-19,4.31
2013-01-20,4.3
2013-01-21,4.26
2013-01-22,4.25
2013-01-23,4.24
2013-01-24,4.24
2013-01-25,4.22
2013-01-26,4.2
2013-01-27,4.2
2013-01-28,4.19
2013-01-29,4.19
2013-01-30,4.18
2013-01-31,5.12
2013-02-01,5.5
2013-02-02,5.53
2013-02-03,5.5
2013-02-04,5.53
2013-02-05,5.47
2013-02-06,5.53
2013-02-07,5.5
2013-02-08,5.5
2013-02-09,5.5
2013-02-10,5.44
2013-02-11,5.44
2013-02-12,5.44
2013-02-13,5.47
2013-02-14,5.71
2013-02-15,5.65
2013-02-16,5.47
2013-02-17,5.5
2013-02-18,5.56
2013-02-19,6.41
2013-02-20,6.21
2013-02-21,5.97
2013-02-22,5.71
2013-02-23,5.59
2013-02-24,5.5
2013-02-25,5.44
2013-02-26,5.37
2013-02-27,5.31
2013-02-28,5.22
2013-03-01,5.22
2013-03-02,5.19
2013-03-03,5.19
2013-03-04,5.15
2013-03-05,5.44
2013-03-06,5.37
2013-03-07,5.25
2013-03-08,5.56
2013-03-09,6.06
2013-03-10,6.21
2013-03-11,6.31
2013-03-12,6.0
2013-03-13,5.71
2013-03-14,5.59
2013-03-15,5.41
2013-03-16,5.9
2013-03-17,6.06
2013-03-18,5.81
2013-03-19,5.62
2013-03-20,5.47
2013-03-21,5.41
2013-03-22,5.31
2013-03-23,5.28
2013-03-24,5.22
2013-03-25,5.65
2013-03-26,6.16
2013-03-27,6.0
2013-03-28,5.84
2013-03-29,5.62
2013-03-30,5.53
2013-03-31,5.44
2013-04-01,5.34
2013-04-02,5.28
2013-04-03,5.34
2013-04-04,5.31
2013-04-05,5.25
2013-04-06,5.22
2013-04-07,5.25
2013-04-08,5.19
2013-04-09,5.81
2013-04-10,6.0
2013-04-11,5.97
2013-04-12,5.93
2013-04-13,6.1
2013-04-14,6.16
2013-04-15,6.41
2013-04-16,6.35
2013-04-17,6.19
2013-04-18,6.06
2013-04-19,6.0
2013-04-20,5.93
2013-04-21,5.9
2013-04-22,5.87
2013-04-23,6.0
2013-04-24,6.13
2013-04-25,6.46
2013-04-26,6.59
2013-04-27,6.5
2013-04-28,6.46
2013-04-29,6.38
2013-04-30,6.46
2013-05-01,6.91
2013-05-02,7.22
2013-05-03,7.63
2013-05-04,7.85
2013-05-05,7.85
2013-05-06,8.18
2013-05-07,8.77
2013-05-08,8.89
2013-05-09,8.84
2013-05-10,8.66
2013-05-11,8.4
2013-05-12,8.16
2013-05-13,8.25
2013-05-14,8.46
2013-05-15,8.18
2013-05-16,7.85
2013-05-17,7.49
2013-05-18,7.22
2013-05-19,6.96
2013-05-20,6.74
2013-05-21,6.73
2013-05-22,7.04
2013-05-23,7.43
2013-05-24,7.69
2013-05-25,8.1
2013-05-26,8.59
2013-05-27,8.77
2013-05-28,8.84
2013-05-29,8.62
2013-05-30,8.4
2013-05-31,9.81
2013-06-01,12.03
2013-06-02,13.59
2013-06-03,16.58
2013-06-04,19.7
2013-06-05,20.09
2013-06-06,20.83
2013-06-07,23.6
2013-06-08,35.56
2013-06-09,42.05
2013-06-10,40.5
2013-06-11,42.25
2013-06-12,55.89
2013-06-13,60.94
2013-06-14,60.38
2013-06-15,60.94
2013-06-16,66.92
2013-06-17,69.96
2013-06-18,72.45
2013-06-19,89.36
2013-06-20,96.72
2013-06-21,106.4
2013-06-22,127.23
2013-06-23,126.64
2013-06-24,118.12
2013-06-25,111.72
2013-06-26,107.64
2013-06-27,103.71
2013-06-28,97.86
2013-06-29,91.68
2013-06-30,86.1
2013-07-01,83.33
2013-07-02,79.91
2013-07-03,77.89
2013-07-04,74.86
2013-07-05,71.11
2013-07-06,66.92
2013-07-07,63.12
2013-07-08,61.52
2013-07-09,62.1
2013-07-10,62.68
2013-07-11,64.16
2013-07-12,62.83
2013-07-13,59.81
2013-07-14,56.68
2013-07-15,53.58
2013-07-16,50.88
2013-07-17,49.12
2013-07-18,47.64
2013-07-19,47.53
2013-07-20,49.23
2013-07-21,48.55
2013-07-22,49.23
2013-07-23,50.88
2013-07-24,51.97
2013-07-25,54.72
2013-07-26,56.02
2013-07-27,54.59
2013-07-28,51.36
2013-07-29,48.2
2013-07-30,45.24
2013-07-31,43.36
2013-08-01,42.65
2013-08-02,43.26
2013-08-03,43.06
2013-08-04,75.38
2013-08-05,109.66
2013-08-06,103.71
2013-08-07,91.68
2013-08-08,81.22
2013-08-09,73.82
2013-08-10,67.87
2013-08-11,62.83
2013-08-12,59.39
2013-08-13,55.36
2013-08-14,51.97
2013-08-15,48.43
2013-08-16,45.67
2013-08-17,43.46
2013-08-18,41.76
2013-08-19,40.98
2013-08-20,38.81
2013-08-21,37.46
2013-08-22,35.81
2013-08-23,33.67
2013-08-24,31.81
2013-08-25,29.97
2013-08-26,28.17
2013-08-27,26.67
2013-08-28,25.24
2013-08-29,24.47
2013-08-30,23.6
2013-08-31,23.83
2013-09-01,24.82
2013-09-02,26.54
2013-09-03,26.8
2013-09-04,25.73
2013-09-05,24.94
2013-09-06,26.93
2013-09-07,32.19
2013-09-08,35.22
2013-09-09,38.81
2013-09-10,38.99
2013-09-11,38.72
2013-09-12,40.59
2013-09-13,45.56
2013-09-14,47.64
2013-09-15,47.31
2013-09-16,48.55
2013-09-17,61.37
2013-09-18,68.5
2013-09-19,67.08
2013-09-20,65.83
2013-09-21,65.22
2013-09-22,61.95
2013-09-23,58.29
2013-09-24,54.46
2013-09-25,51.0
2013-09-26,47.87
2013-09-27,44.71
2013-09-28,41.85
2013-09-29,39.46
2013-09-30,37.28
2013-10-01,35.73
2013-10-02,33.83
2013-10-03,32.11
2013-10-04,30.62
2013-10-05,28.79
2013-10-06,27.05
2013-10-07,25.67
2013-10-08,25.12
2013-10-09,25.42
2013-10-10,25.49
2013-10-11,24.7
2013-10-12,23.66
2013-10-13,22.55
2013-10-14,21.59
2013-10-15,20.33
2013-10-16,19.84
2013-10-17,21.28
2013-10-18,106.65
2013-10-19,92.33
2013-10-20,74.68
2013-10-21,65.22
2013-10-22,57.88
2013-10-23,52.83
2013-10-24,48.55
2013-10-25,44.6
2013-10-26,41.36
2013-10-27,38.45
2013-10-28,35.64
2013-10-29,33.2
2013-10-30,31.14
2013-10-31,30.7
2013-11-01,31.89
2013-11-02,30.77
2013-11-03,30.33
2013-11-04,28.99
2013-11-05,27.51
2013-11-06,25.98
2013-11-07,24.76
2013-11-08,23.55
2013-11-09,22.39
2013-11-10,21.03
2013-11-11,19.89
2013-11-12,19.65
2013-11-13,21.49
2013-11-14,22.93
2013-11-15,22.39
2013-11-16,21.49
2013-11-17,22.12
2013-11-18,22.55
2013-11-19,23.04
2013-11-20,24.64
2013-11-21,24.47
2013-11-22,25.36
2013-11-23,26.35
2013-11-24,29.69
2013-11-25,31.06
2013-11-26,32.57
2013-11-27,31.96
2013-11-28,32.11
2013-11-29,31.06
2013-11-30,29.34
2013-12-01,29.13
2013-12-02,31.43
2013-12-03,32.42
2013-12-04,31.14
2013-12-05,29.9
2013-12-06,28.44
2013-12-07,26.8
2013-12-08,25.18
2013-12-09,23.95
2013-12-10,22.6
2013-12-11,21.49
2013-12-12,20.58
2013-12-13,21.91
2013-12-14,22.39
2013-12-15,21.28
2013-12-16,20.23
2013-12-17,19.14
2013-12-18,17.97
2013-12-19,16.91
2013-12-20,15.9
2013-12-21,14.96
2013-12-22,14.1
2013-12-23,13.29
2013-12-24,12.55
2013-12-25,11.85
2013-12-26,11.22
2013-12-27,10.61
2013-12-28,10.07
2013-12-29,9.57
2013-12-30,9.14
2013-12-31,8.73
2014-01-01,8.35
2014-01-02,8.02
2014-01-03,7.71
2014-01-04,7.41
2014-01-05,7.22
2014-01-06,7.24
2014-01-07,7.22
2014-01-08,7.47
2014-01-09,7.63
2014-01-10,7.39
2014-01-11,5.55
2014-01-12,4.64
2014-01-13,4.52
2014-01-14,4.42
2014-01-15,4.33
2014-01-16,4.26
2014-01-17,4.26
2014-01-18,4.25
2014-01-19,4.22
2014-01-20,4.19
2014-01-21,4.19
2014-01-22,4.15
2014-01-23,4.15
2014-01-24,4.13
2014-01-25,4.13
2014-01-26,4.13
2014-01-27,4.13
2014-01-28,4.09
2014-01-29,4.09
2014-01-30,4.09
2014-01-31,5.03
2014-02-01,5.37
2014-02-02,5.41
2014-02-03,5.41
2014-02-04,5.41
2014-02-05,5.41
2014-02-06,5.34
2014-02-07,5.37
2014-02-08,5.34
2014-02-09,5.37
2014-02-10,5.25
2014-02-11,5.19
2014-02-12,5.22
2014-02-13,5.15
2014-02-14,5.25
2014-02-15,5.28
2014-02-16,5.28
2014-02-17,5.19
2014-02-18,5.31
2014-02-19,5.34
2014-02-20,5.25
2014-02-21,5.44
2014-02-22,5.53
2014-02-23,5.47
2014-02-24,5.34
2014-02-25,5.22
2014-02-26,5.15
2014-02-27,5.12
2014-02-28,5.1
2014-03-01,5.12
2014-03-02,5.53
2014-03-03,5.53
2014-03-04,5.41
2014-03-05,5.37
2014-03-06,5.34
2014-03-07,5.25
2014-03-08,5.12
2014-03-09,5.12
2014-03-10,5.12
2014-03-11,5.0
2014-03-12,4.9
2014-03-13,4.85
2014-03-14,4.81
2014-03-15,4.81
2014-03-16,4.81
2014-03-17,4.78
2014-03-18,4.78
2014-03-19,4.81
2014-03-20,5.84
2014-03-21,5.62
2014-03-22,5.31
2014-03-23,5.12
2014-03-24,5.0
2014-03-25,4.87
2014-03-26,4.81
2014-03-27,4.75
2014-03-28,4.71
2014-03-29,4.66
2014-03-30,4.66
2014-03-31,4.66
2014-04-01,4.69
2014-04-02,4.69
2014-04-03,4.66
2014-04-04,4.69
2014-04-05,4.75
2014-04-06,5.22
2014-04-07,5.5
2014-04-08,5.78
2014-04-09,6.1
2014-04-10,6.13
2014-04-11,6.0
2014-04-12,6.28
2014-04-13,6.31
2014-04-14,6.74
2014-04-15,6.91
2014-04-16,6.94
2014-04-17,6.82
2014-04-18,6.74
2014-04-19,6.62
2014-04-20,6.5
2014-04-21,6.38
2014-04-22,6.28
2014-04-23,6.24
2014-04-24,6.43
2014-04-25,6.53
2014-04-26,6.5
2014-04-27,6.62
2014-04-28,6.59
2014-04-29,6.66
2014-04-30,6.91
2014-05-01,6.87
2014-05-02,7.18
2014-05-03,8.29
2014-05-04,10.8
2014-05-05,15.03
2014-05-06,19.32
2014-05-07,28.58
2014-05-08,32.81
2014-05-09,33.67
2014-05-10,31.81
2014-05-11,29.97
2014-05-12,28.38
2014-05-13,27.58
2014-05-14,26.42
2014-05-15,24.94
2014-05-16,23.38
2014-05-17,21.86
2014-05-18,20.48
2014-05-19,19.23
2014-05-20,18.36
2014-05-21,17.84
2014-05-22,18.01
2014-05-23,17.92
2014-05-24,17.75
2014-05-25,18.86
2014-05-26,18.63
2014-05-27,17.62
2014-05-28,16.7
2014-05-29,17.11
2014-05-30,18.77
2014-05-31,19.89
2014-06-01,20.18
2014-06-02,20.93
2014-06-03,23.6
2014-06-04,24.06
2014-06-05,25.3
2014-06-06,28.51
2014-06-07,30.41
2014-06-08,31.96
2014-06-09,31.58
2014-06-10,31.36
2014-06-11,32.11
2014-06-12,31.73
2014-06-13,32.19
2014-06-14,30.7
2014-06-15,28.92
2014-06-16,27.18
2014-06-17,26.1
2014-06-18,26.29
2014-06-19,26.23
2014-06-20,26.54
2014-06-21,27.38
2014-06-22,26.61
2014-06-23,25.24
2014-06-24,24.0
2014-06-25,23.04
2014-06-26,22.17
2014-06-27,21.13
2014-06-28,20.13
2014-06-29,19.42
2014-06-30,19.7
2014-07-01,23.15
2014-07-02,24.23
2014-07-03,22.99
2014-07-04,21.75
2014-07-05,21.49
2014-07-06,21.44
2014-07-07,20.93
2014-07-08,20.63
2014-07-09,20.38
2014-07-10,21.08
2014-07-11,22.6
2014-07-12,23.32
2014-07-13,25.0
2014-07-14,27.84
2014-07-15,32.5
2014-07-16,34.16
2014-07-17,33.28
2014-07-18,31.43
2014-07-19,30.84
2014-07-20,30.26
2014-07-21,29.83
2014-07-22,29.41
2014-07-23,29.2
2014-07-24,28.24
2014-07-25,27.05
2014-07-26,25.85
2014-07-27,25.18
2014-07-28,24.82
2014-07-29,24.53
2014-07-30,24.0
2014-07-31,24.0
2014-08-01,26.61
2014-08-02,30.62
2014-08-03,30.19
2014-08-04,30.05
2014-08-05,28.99
2014-08-06,27.91
2014-08-07,26.67
2014-08-08,26.61
2014-08-09,28.85
2014-08-10,27.71
2014-08-11,26.86
2014-08-12,27.84
2014-08-13,27.58
2014-08-14,26.35
2014-08-15,25.55
2014-08-16,25.12
2014-08-17,25.24
2014-08-18,25.98
2014-08-19,28.11
2014-08-20,29.41
2014-08-21,29.55
2014-08-22,34.32
2014-08-23,39.74
2014-08-24,41.85
2014-08-25,40.02
2014-08-26,37.73
2014-08-27,36.33
2014-08-28,35.39
2014-08-29,37.28
2014-08-30,42.45
2014-08-31,45.88
2014-09-01,47.08
2014-09-02,57.08
2014-09-03,75.56
2014-09-04,77.52
2014-09-05,70.94
2014-09-06,66.3
2014-09-07,61.81
2014-09-08,57.88
2014-09-09,54.46
2014-09-10,51.12
2014-09-11,47.98
2014-09-12,44.81
2014-09-13,42.15
2014-09-14,41.27
2014-09-15,41.07
2014-09-16,39.55
2014-09-17,37.37
2014-09-18,35.22
2014-09-19,33.2
2014-09-20,31.28
2014-09-21,29.48
2014-09-22,27.91
2014-09-23,27.64
2014-09-24,27.44
2014-09-25,40.21
2014-09-26,47.19
2014-09-27,49.23
2014-09-28,48.66
2014-09-29,48.09
2014-09-30,49.35
2014-10-01,48.89
2014-10-02,49.58
2014-10-03,47.98
2014-10-04,47.19
2014-10-05,47.64
2014-10-06,46.64
2014-10-07,44.71
2014-10-08,43.67
2014-10-09,41.46
2014-10-10,40.4
2014-10-11,38.63
2014-10-12,36.67
2014-10-13,35.06
2014-10-14,35.22
2014-10-15,38.9
2014-10-16,43.06
2014-10-17,47.64
2014-10-18,53.95
2014-10-19,56.81
2014-10-20,55.23
2014-10-21,57.08
2014-10-22,58.16
2014-10-23,58.02
2014-10-24,58.16
2014-10-25,59.53
2014-10-26,58.02
2014-10-27,57.21
2014-10-28,58.43
2014-10-29,59.26
2014-10-30,61.52
2014-10-31,61.81
2014-11-01,60.94
2014-11-02,59.95
2014-11-03,61.81
2014-11-04,65.83
2014-11-05,63.12
2014-11-06,59.39
2014-11-07,55.62
2014-11-08,51.97
2014-11-09,48.77
2014-11-10,45.77
2014-11-11,43.87
2014-11-12,43.77
2014-11-13,46.53
2014-11-14,46.1
2014-11-15,44.81
2014-11-16,42.05
2014-11-17,39.55
2014-11-18,37.19
2014-11-19,34.97
2014-11-20,33.28
2014-11-21,34.48
2014-11-22,35.73
2014-11-23,37.55
2014-11-24,36.41
2014-11-25,35.48
2014-11-26,33.51
2014-11-27,32.27
2014-11-28,34.97
2014-11-29,36.67
2014-11-30,40.02
2014-12-01,39.55
2014-12-02,37.46
2014-12-03,35.31
2014-12-04,33.36
2014-12-05,31.28
2014-12-06,29.34
2014-12-07,27.51
2014-12-08,26.1
2014-12-09,26.54
2014-12-10,27.58
2014-12-11,29.2
2014-12-12,29.06
2014-12-13,28.79
2014-12-14,28.44
2014-12-15,27.18
2014-12-16,25.98
2014-12-17,25.67
2014-12-18,26.8
2014-12-19,26.54
2014-12-20,25.24
2014-12-21,23.89
2014-12-22,22.55
2014-12-23,21.18
2014-12-24,20.04
2014-12-25,19.0
2014-12-26,18.36
2014-12-27,17.37
2014-12-28,16.42
2014-12-29,16.14
2014-12-30,15.79
2014-12-31,15.07
2015-01-01,14.78
2015-01-02,14.42
2015-01-03,13.69
2015-01-04,12.9
2015-01-05,12.15
2015-01-06,11.5
2015-01-07,10.91
2015-01-08,10.51
2015-01-09,10.32
2015-01-10,10.4
2015-01-11,9.09
2015-01-12,8.35
2015-01-13,7.85
2015-01-14,7.41
2015-01-15,7.02
2015-01-16,6.62
2015-01-17,6.28
2015-01-18,5.98
2015-01-19,5.68
2015-01-20,5.43
2015-01-21,5.3
2015-01-22,5.24
2015-01-23,5.14
2015-01-24,5.01
2015-01-25,4.9
2015-01-26,4.81
2015-01-27,4.71
2015-01-28,4.62
2015-01-29,4.53
2015-01-30,4.47
2015-01-31,5.47
2015-02-01,5.78
2015-02-02,5.78
2015-02-03,5.75
2015-02-04,5.75
2015-02-05,5.71
2015-02-06,5.65
2015-02-07,5.62
2015-02-08,5.65
2015-02-09,5.62
2015-02-10,5.65
2015-02-11,5.56
2015-02-12,5.5
2015-02-13,5.56
2015-02-14,5.53
2015-02-15,5.5
2015-02-16,5.47
2015-02-17,5.47
2015-02-18,5.5
2015-02-19,5.47
2015-02-20,5.34
2015-02-21,5.31
2015-02-22,5.28
2015-02-23,5.25
2015-02-24,5.25
2015-02-25,5.22
2015-02-26,5.25
2015-02-27,5.31
2015-02-28,5.78
2015-03-01,6.03
2015-03-02,5.97
2015-03-03,6.0
2015-03-04,6.24
2015-03-05,6.35
2015-03-06,6.66
2015-03-07,6.62
2015-03-08,6.35
2015-03-09,6.19
2015-03-10,5.97
2015-03-11,5.75
2015-03-12,5.65
2015-03-13,5.53
2015-03-14,6.0
2015-03-15,6.69
2015-03-16,6.94
2015-03-17,6.74
2015-03-18,6.43
2015-03-19,6.16
2015-03-20,5.9
2015-03-21,5.71
2015-03-22,5.56
2015-03-23,5.47
2015-03-24,5.44
2015-03-25,5.37
2015-03-26,5.31
2015-03-27,5.25
2015-03-28,5.22
2015-03-29,5.22
2015-03-30,5.19
2015-03-31,5.19
2015-04-01,5.84
2015-04-02,5.97
2015-04-03,6.0
2015-04-04,5.87
2015-04-05,6.03
2015-04-06,6.38
2015-04-07,6.59
2015-04-08,6.62
2015-04-09,7.18
2015-04-10,7.38
2015-04-11,7.49
2015-04-12,7.43
2015-04-13,7.57
2015-04-14,7.71
2015-04-15,7.81
2015-04-16,7.81
2015-04-17,7.79
2015-04-18,7.59
2015-04-19,7.41
2015-04-20,7.81
2015-04-21,10.12
2015-04-22,12.96
2015-04-23,13.62
2015-04-24,14.07
2015-04-25,15.41
2015-04-26,15.83
2015-04-27,17.16
2015-04-28,18.86
2015-04-29,19.32
2015-04-30,18.68
2015-05-01,18.23
2015-05-02,17.62
2015-05-03,17.24
2015-05-04,16.58
2015-05-05,17.45
2015-05-06,17.79
2015-05-07,17.79
2015-05-08,18.95
2015-05-09,19.51
2015-05-10,20.58
2015-05-11,26.67
2015-05-12,30.19
2015-05-13,31.89
2015-05-14,32.65
2015-05-15,32.57
2015-05-16,32.11
2015-05-17,35.31
2015-05-18,38.9
2015-05-19,40.98
2015-05-20,42.25
2015-05-21,41.66
2015-05-22,40.69
2015-05-23,39.18
2015-05-24,37.37
2015-05-25,36.41
2015-05-26,34.65
2015-05-27,33.2
2015-05-28,31.36
2015-05-29,29.9
2015-05-30,29.97
2015-05-31,30.7
2015-06-01,31.81
2015-06-02,31.81
2015-06-03,31.43
2015-06-04,31.81
2015-06-05,32.88
2015-06-06,32.27
2015-06-07,30.62
2015-06-08,30.48
2015-06-09,31.81
2015-06-10,31.06
2015-06-11,30.19
2015-06-12,32.65
2015-06-13,31.81
2015-06-14,30.55
2015-06-15,29.34
2015-06-16,28.31
2015-06-17,28.24
2015-06-18,28.04
2015-06-19,28.85
2015-06-20,31.51
2015-06-21,34.4
2015-06-22,36.67
2015-06-23,37.11
2015-06-24,36.33
2015-06-25,36.58
2015-06-26,37.64
2015-06-27,40.02
2015-06-28,40.21
2015-06-29,39.18
2015-06-30,38.45
2015-07-01,36.67
2015-07-02,34.89
2015-07-03,32.96
2015-07-04,31.43
2015-07-05,30.05
2015-07-06,28.99
2015-07-07,27.51
2015-07-08,26.35
2015-07-09,25.42
2015-07-10,25.12
2015-07-11,27.64
2015-07-12,27.97
2015-07-13,26.54
2015-07-14,25.12
2015-07-15,24.06
2015-07-16,24.18
2015-07-17,26.23
2015-07-18,31.14
2015-07-19,36.07
2015-07-20,41.85
2015-07-21,41.36
2015-07-22,41.17
2015-07-23,43.67
2015-07-24,46.86
2015-07-25,45.67
2015-07-26,44.08
2015-07-27,42.35
2015-07-28,39.83
2015-07-29,37.37
2015-07-30,35.06
2015-07-31,33.12
2015-08-01,31.36
2015-08-02,30.41
2015-08-03,30.7
2015-08-04,30.77
2015-08-05,30.48
2015-08-06,29.69
2015-08-07,28.38
2015-08-08,27.25
2015-08-09,26.29
2015-08-10,26.04
2015-08-11,25.73
2015-08-12,25.12
2015-08-13,24.18
2015-08-14,22.93
2015-08-15,21.59
2015-08-16,20.78
2015-08-17,20.68
2015-08-18,24.35
2015-08-19,29.55
2015-08-20,29.13
2015-08-21,27.91
2015-08-22,27.25
2015-08-23,25.92
2015-08-24,24.7
2015-08-25,23.43
2015-08-26,22.07
2015-08-27,20.73
2015-08-28,19.65
2015-08-29,18.68
2015-08-30,17.84
2015-08-31,16.91
2015-09-01,16.1
2015-09-02,15.44
2015-09-03,14.7
2015-09-04,14.6
2015-09-05,15.9
2015-09-06,18.1
2015-09-07,20.23
2015-09-08,20.88
2015-09-09,21.13
2015-09-10,21.23
2015-09-11,21.96
2015-09-12,23.38
2015-09-13,23.83
2015-09-14,22.82
2015-09-15,22.17
2015-09-16,22.77
2015-09-17,23.32
2015-09-18,23.15
2015-09-19,23.27
2015-09-20,25.42
2015-09-21,25.73
2015-09-22,24.35
2015-09-23,23.72
2015-09-24,24.41
2015-09-25,25.73
2015-09-26,25.73
2015-09-27,25.18
2015-09-28,26.67
2015-09-29,30.7
2015-09-30,33.51
2015-10-01,35.81
2015-10-02,35.22
2015-10-03,34.56
2015-10-04,33.83
2015-10-05,34.56
2015-10-06,33.59
2015-10-07,32.04
2015-10-08,30.99
2015-10-09,31.73
2015-10-10,32.04
2015-10-11,34.73
2015-10-12,35.22
2015-10-13,37.9
2015-10-14,40.3
2015-10-15,41.76
2015-10-16,39.74
2015-10-17,37.46
2015-10-18,35.64
2015-10-19,35.64
2015-10-20,35.22
2015-10-21,34.4
2015-10-22,32.73
2015-10-23,31.14
2015-10-24,31.43
2015-10-25,30.92
2015-10-26,29.69
2015-10-27,28.17
2015-10-28,28.65
2015-10-29,32.57
2015-10-30,36.07
2015-10-31,43.46
2015-11-01,49.12
2015-11-02,51.48
2015-11-03,49.93
2015-11-04,47.53
2015-11-05,48.32
2015-11-06,48.66
2015-11-07,50.88
2015-11-08,52.46
2015-11-09,52.09
2015-11-10,49.82
2015-11-11,46.64
2015-11-12,43.98
2015-11-13,43.06
2015-11-14,42.95
2015-11-15,44.08
2015-11-16,43.77
2015-11-17,41.56
2015-11-18,40.69
2015-11-19,39.64
2015-11-20,38.17
2015-11-21,36.76
2015-11-22,35.31
2015-11-23,34.48
2015-11-24,32.73
2015-11-25,30.77
2015-11-26,28.92
2015-11-27,27.25
2015-11-28,25.73
2015-11-29,25.49
2015-11-30,26.54
2015-12-01,27.18
2015-12-02,29.41
2015-12-03,31.66
2015-12-04,31.89
2015-12-05,33.75
2015-12-06,34.56
2015-12-07,34.24
2015-12-08,33.67
2015-12-09,35.39
2015-12-10,34.4
2015-12-11,32.88
2015-12-12,32.27
2015-12-13,31.58
2015-12-14,32.11
2015-12-15,33.12
2015-12-16,33.83
2015-12-17,32.27
2015-12-18,30.33
2015-12-19,29.55
2015-12-20,29.55
2015-12-21,27.97
2015-12-22,26.23
2015-12-23,24.64
2015-12-24,23.15
2015-12-25,21.8
2015-12-26,20.48
2015-12-27,19.28
2015-12-28,18.19
2015-12-29,17.11
2015-12-30,16.14
2015-12-31,15.26
2016-01-01,14.42
2016-01-02,13.62
2016-01-03,12.87
2016-01-04,12.18
2016-01-05,11.56
2016-01-06,10.94
2016-01-07,10.4
2016-01-08,9.91
2016-01-09,9.45
2016-01-10,9.05
2016-01-11,7.55
2016-01-12,6.85
2016-01-13,6.43
2016-01-14,6.08
2016-01-15,5.76
2016-01-16,5.49
2016-01-17,5.24
2016-01-18,4.98
2016-01-19,4.73
2016-01-20,4.64
2016-01-21,4.85
2016-01-22,4.94
2016-01-23,4.9
2016-01-24,4.83
2016-01-25,4.73
2016-01-26,4.68
2016-01-27,4.64
2016-01-28,4.6
2016-01-29,4.55
2016-01-30,4.48
2016-01-31,5.56
2016-02-01,5.9
2016-02-02,5.9
2016-02-03,5.89
2016-02-04,5.84
2016-02-05,5.84
2016-02-06,5.78
2016-02-07,5.78
2016-02-08,5.75
2016-02-09,5.75
2016-02-10,5.71
2016-02-11,5.73
2016-02-12,5.75
2016-02-13,5.73
2016-02-14,5.7
2016-02-15,5.68
2016-02-16,5.65
2016-02-17,5.65
2016-02-18,5.7
2016-02-19,5.58
2016-02-20,5.52
2016-02-21,5.49
2016-02-22,5.44
2016-02-23,5.46
2016-02-24,5.46
2016-02-25,5.41
2016-02-26,5.4
2016-02-27,5.4
2016-02-28,5.34
2016-02-29,5.31
2016-03-01,5.31
2016-03-02,5.3
2016-03-03,5.21
2016-03-04,5.25
2016-03-05,5.22
2016-03-06,5.15
2016-03-07,5.11
2016-03-08,5.14
2016-03-09,5.12
2016-03-10,5.08
2016-03-11,5.15
2016-03-12,5.19
2016-03-13,5.15
2016-03-14,5.15
2016-03-15,5.22
2016-03-16,5.15
2016-03-17,5.1
2016-03-18,5.07
2016-03-19,5.07
2016-03-20,5.03
2016-03-21,5.07
2016-03-22,5.28
2016-03-23,5.5
2016-03-24,5.44
2016-03-25,5.28
2016-03-26,5.12
2016-03-27,5.07
2016-03-28,5.07
2016-03-29,5.34
2016-03-30,5.31
2016-03-31,5.25
2016-04-01,5.15
2016-04-02,5.12
2016-04-03,5.12
2016-04-04,6.59
2016-04-05,7.28
2016-04-06,7.69
2016-04-07,7.32
2016-04-08,7.59
2016-04-09,7.65
2016-04-10,7.71
2016-04-11,7.53
2016-04-12,7.34
2016-04-13,7.15
2016-04-14,7.34
2016-04-15,7.38
2016-04-16,7.32
2016-04-17,7.53
2016-04-18,7.79
2016-04-19,8.12
2016-04-20,8.1
2016-04-21,8.06
2016-04-22,8.06
2016-04-23,7.97
2016-04-24,7.79
2016-04-25,7.65
2016-04-26,7.49
2016-04-27,7.32
2016-04-28,7.18
2016-04-29,7.04
2016-04-30,6.91
2016-05-01,6.87
2016-05-02,6.82
2016-05-03,6.74
2016-05-04,6.66
2016-05-05,6.74
2016-05-06,6.87
2016-05-07,7.28
2016-05-08,8.1
2016-05-09,8.44
2016-05-10,9.26
2016-05-11,10.83
2016-05-12,12.27
2016-05-13,12.68
2016-05-14,13.19
2016-05-15,15.41
2016-05-16,17.79
2016-05-17,18.36
2016-05-18,19.28
2016-05-19,19.65
2016-05-20,20.58
2016-05-21,19.99
2016-05-22,19.14
2016-05-23,18.86
2016-05-24,18.5
2016-05-25,19.46
2016-05-26,19.89
2016-05-27,19.37
2016-05-28,19.8
2016-05-29,19.61
2016-05-30,19.51
2016-05-31,21.49
2016-06-01,23.66
2016-06-02,25.36
2016-06-03,25.49
2016-06-04,25.49
2016-06-05,24.7
2016-06-06,24.12
2016-06-07,24.76
2016-06-08,31.89
2016-06-09,41.46
2016-06-10,47.87
2016-06-11,50.52
2016-06-12,49.93
2016-06-13,49.12
2016-06-14,46.86
2016-06-15,44.6
2016-06-16,42.85
2016-06-17,41.46
2016-06-18,42.35
2016-06-19,45.56
2016-06-20,45.77
2016-06-21,44.92
2016-06-22,46.64
2016-06-23,46.32
2016-06-24,45.45
2016-06-25,45.67
2016-06-26,43.98
2016-06-27,42.35
2016-06-28,43.16
2016-06-29,45.45
2016-06-30,46.64
2016-07-01,45.56
2016-07-02,43.87
2016-07-03,41.66
2016-07-04,39.55
2016-07-05,37.73
2016-07-06,36.84
2016-07-07,36.5
2016-07-08,35.81
2016-07-09,36.76
2016-07-10,37.37
2016-07-11,37.99
2016-07-12,38.45
2016-07-13,36.93
2016-07-14,35.39
2016-07-15,35.14
2016-07-16,35.22
2016-07-17,33.51
2016-07-18,31.81
2016-07-19,30.7
2016-07-20,29.13
2016-07-21,27.64
2016-07-22,26.48
2016-07-23,26.29
2016-07-24,26.99
2016-07-25,28.38
2016-07-26,28.44
2016-07-27,31.06
2016-07-28,34.32
2016-07-29,33.51
2016-07-30,31.73
2016-07-31,30.05
2016-08-01,28.51
2016-08-02,27.31
2016-08-03,26.48
2016-08-04,26.54
2016-08-05,25.79
2016-08-06,24.59
2016-08-07,23.15
2016-08-08,21.96
2016-08-09,20.78
2016-08-10,19.7
2016-08-11,18.68
2016-08-12,17.88
2016-08-13,17.28
2016-08-14,16.7
2016-08-15,16.3
2016-08-16,16.14
2016-08-17,15.98
2016-08-18,15.41
2016-08-19,14.85
2016-08-20,14.21
2016-08-21,13.69
2016-08-22,13.32
2016-08-23,13.19
2016-08-24,13.79
2016-08-25,14.07
2016-08-26,13.96
2016-08-27,13.83
2016-08-28,13.42
2016-08-29,12.96
2016-08-30,12.96
2016-08-31,13.96
2016-09-01,14.17
2016-09-02,14.6
2016-09-03,14.6
2016-09-04,14.07
2016-09-05,13.42
2016-09-06,12.84
2016-09-07,12.37
2016-09-08,11.85
2016-09-09,11.65
2016-09-10,11.36
2016-09-11,10.97
2016-09-12,10.61
2016-09-13,10.38
2016-09-14,10.27
2016-09-15,10.22
2016-09-16,10.09
2016-09-17,9.94
2016-09-18,9.81
2016-09-19,9.91
2016-09-20,9.69
2016-09-21,9.4
2016-09-22,9.16
2016-09-23,8.98
2016-09-24,8.91
2016-09-25,8.79
2016-09-26,8.68
2016-09-27,8.48
2016-09-28,8.29
2016-09-29,8.4
2016-09-30,8.62
2016-10-01,8.46
2016-10-02,8.14
2016-10-03,7.85
2016-10-04,7.65
2016-10-05,7.55
2016-10-06,7.41
2016-10-07,7.22
2016-10-08,7.04
2016-10-09,6.89
2016-10-10,6.76
2016-10-11,6.66
2016-10-12,6.6
2016-10-13,7.02
2016-10-14,8.04
2016-10-15,10.94
2016-10-16,15.07
2016-10-17,15.52
2016-10-18,16.42
2016-10-19,16.14
2016-10-20,15.75
2016-10-21,16.14
2016-10-22,17.62
2016-10-23,17.49
2016-10-24,16.91
2016-10-25,16.02
2016-10-26,15.6
2016-10-27,17.03
2016-10-28,19.32
2016-10-29,19.04
2016-10-30,18.54
2016-10-31,21.08
2016-11-01,23.66
2016-11-02,24.47
2016-11-03,25.79
2016-11-04,29.62
2016-11-05,31.89
2016-11-06,30.55
2016-11-07,28.58
2016-11-08,26.8
2016-11-09,25.42
2016-11-10,24.88
2016-11-11,23.55
2016-11-12,22.23
2016-11-13,21.34
2016-11-14,21.59
2016-11-15,21.34
2016-11-16,20.38
2016-11-17,19.32
2016-11-18,18.41
2016-11-19,17.66
2016-11-20,17.58
2016-11-21,16.78
2016-11-22,16.22
2016-11-23,15.83
2016-11-24,15.03
2016-11-25,14.17
2016-11-26,13.35
2016-11-27,12.65
2016-11-28,12.03
2016-11-29,11.45
2016-11-30,10.91
2016-12-01,10.48
2016-12-02,10.32
2016-12-03,9.99
2016-12-04,9.94
2016-12-05,9.57
2016-12-06,9.19
2016-12-07,8.93
2016-12-08,8.57
2016-12-09,8.46
2016-12-10,8.33
2016-12-11,8.04
2016-12-12,7.77
2016-12-13,7.51
2016-12-14,7.36
2016-12-15,7.17
2016-12-16,6.98
2016-12-17,6.85
2016-12-18,6.73
2016-12-19,6.62
2016-12-20,6.53
2016-12-21,6.5
2016-12-22,6.46
2016-12-23,6.41
2016-12-24,6.36
2016-12-25,6.33
2016-12-26,6.28
2016-12-27,6.24
2016-12-28,6.23
2016-12-29,6.21
2016-12-30,6.21
2016-12-31,6.19
2017-01-01,6.16
2017-01-02,6.14
2017-01-03,6.13
2017-01-04,6.13
2017-01-05,6.11
2017-01-06,6.11
2017-01-07,6.1
2017-01-08,6.1
2017-01-09,6.08
2017-01-10,6.08
2017-01-11,4.22
2017-01-12,4.0
2017-01-13,4.0
2017-01-14,4.0
2017-01-15,4.0
2017-01-16,3.97
2017-01-17,3.97
2017-01-18,3.97
2017-01-19,3.97
2017-01-20,3.97
2017-01-21,3.97
2017-01-22,4.22
2017-01-23,4.15
2017-01-24,4.06
2017-01-25,4.06
2017-01-26,4.19
2017-01-27,4.81
2017-01-28,5.31
2017-01-29,5.37
2017-01-30,5.28
2017-01-31,5.87
2017-02-01,5.93
2017-02-02,5.84
2017-02-03,5.75
2017-02-04,5.65
2017-02-05,5.59
2017-02-06,5.56
2017-02-07,5.53
2017-02-08,5.53
2017-02-09,5.53
2017-02-10,5.44
2017-02-11,5.41
2017-02-12,5.37
2017-02-13,5.31
2017-02-14,5.31
2017-02-15,5.28
2017-02-16,5.22
2017-02-17,5.19
2017-02-18,5.12
2017-02-19,5.12
2017-02-20,5.07
2017-02-21,5.07
2017-02-22,5.03
2017-02-23,5.03
2017-02-24,5.03
2017-02-25,5.0
2017-02-26,5.12
2017-02-27,5.0
2017-02-28,5.0
2017-03-01,4.94
2017-03-02,4.97
2017-03-03,4.9
2017-03-04,6.38
2017-03-05,6.38
2017-03-06,6.38
2017-03-07,6.35
2017-03-08,6.21
2017-03-09,6.38
2017-03-10,6.43
2017-03-11,6.31
2017-03-12,6.13
2017-03-13,5.97
2017-03-14,6.46
2017-03-15,7.41
2017-03-16,7.53
2017-03-17,7.15
2017-03-18,6.91
2017-03-19,7.22
2017-03-20,7.15
2017-03-21,6.94
2017-03-22,6.74
2017-03-23,6.59
2017-03-24,6.46
2017-03-25,6.31
2017-03-26,6.16
2017-03-27,6.19
2017-03-28,6.13
2017-03-29,6.0
2017-03-30,5.9
2017-03-31,6.1
2017-04-01,5.97
2017-04-02,5.87
2017-04-03,6.35
2017-04-04,7.05
2017-04-05,7.69
2017-04-06,15.33
2017-04-07,16.99
2017-04-08,15.33
2017-04-09,14.45
2017-04-10,14.38
2017-04-11,14.24
2017-04-12,15.83
2017-04-13,17.28
2017-04-14,18.01
2017-04-15,17.66
2017-04-16,17.28
2017-04-17,17.41
2017-04-18,16.7
2017-04-19,15.75
2017-04-20,15.11
2017-04-21,14.89
2017-04-22,14.63
2017-04-23,14.63
2017-04-24,14.42
2017-04-25,14.24
2017-04-26,14.03
2017-04-27,13.69
2017-04-28,13.42
2017-04-29,13.32
2017-04-30,13.49
2017-05-01,13.29
2017-05-02,13.83
2017-05-03,14.14
2017-05-04,14.38
2017-05-05,14.21
2017-05-06,14.42
2017-05-07,15.07
2017-05-08,16.06
2017-05-09,16.26
2017-05-10,15.75
2017-05-11,15.9
2017-05-12,15.63
2017-05-13,17.79
2017-05-14,18.68
2017-05-15,19.56
2017-05-16,19.04
2017-05-17,18.82
2017-05-18,19.32
2017-05-19,22.6
2017-05-20,22.07
2017-05-21,22.33
2017-05-22,24.18
2017-05-23,25.12
2017-05-24,25.36
2017-05-25,26.42
2017-05-26,28.99
2017-05-27,29.34
2017-05-28,27.77
2017-05-29,27.58
2017-05-30,30.41
2017-05-31,32.81
2017-06-01,45.88
2017-06-02,60.38
2017-06-03,70.29
2017-06-04,71.95
2017-06-05,68.82
2017-06-06,64.92
2017-06-07,61.52
2017-06-08,58.7
2017-06-09,54.72
2017-06-10,51.97
2017-06-11,51.84
2017-06-12,50.52
2017-06-13,48.43
2017-06-14,47.08
2017-06-15,45.13
2017-06-16,43.36
2017-06-17,41.95
2017-06-18,39.74
2017-06-19,37.46
2017-06-20,35.73
2017-06-21,33.99
2017-06-22,32.65
2017-06-23,31.73
2017-06-24,32.27
2017-06-25,33.91
2017-06-26,38.45
2017-06-27,45.67
2017-06-28,50.05
2017-06-29,48.09
2017-06-30,45.45
2017-07-01,43.16
2017-07-02,42.75
2017-07-03,41.85
2017-07-04,40.11
2017-07-05,37.73
2017-07-06,35.73
2017-07-07,34.16
2017-07-08,32.42
2017-07-09,30.84
2017-07-10,29.27
2017-07-11,28.44
2017-07-12,27.25
2017-07-13,25.85
2017-07-14,24.59
2017-07-15,23.43
2017-07-16,22.44
2017-07-17,21.65
2017-07-18,21.28
2017-07-19,21.59
2017-07-20,22.44
2017-07-21,24.12
2017-07-22,23.55
2017-07-23,22.12
2017-07-24,20.73
2017-07-25,19.42
2017-07-26,18.28
2017-07-27,17.28
2017-07-28,16.42
2017-07-29,15.83
2017-07-30,15.07
2017-07-31,14.7
2017-08-01,14.63
2017-08-02,14.52
2017-08-03,14.35
2017-08-04,14.45
2017-08-05,14.74
2017-08-06,14.78
2017-08-07,14.7
2017-08-08,14.74
2017-08-09,14.6
2017-08-10,15.48
2017-08-11,16.91
2017-08-12,17.92
2017-08-13,17.16
2017-08-14,16.14
2017-08-15,15.37
2017-08-16,15.07
2017-08-17,15.0
2017-08-18,15.6
2017-08-19,17.62
2017-08-20,19.32
2017-08-21,22.17
2017-08-22,26.04
2017-08-23,26.67
2017-08-24,25.55
2017-08-25,24.53
2017-08-26,23.32
2017-08-27,23.21
2017-08-28,28.92
2017-08-29,36.24
2017-08-30,40.59
2017-08-31,40.02
2017-09-01,37.55
2017-09-02,37.73
2017-09-03,38.99
2017-09-04,39.83
2017-09-05,38.81
2017-09-06,39.74
2017-09-07,41.17
2017-09-08,43.16
2017-09-09,43.16
2017-09-10,43.06
2017-09-11,41.27
2017-09-12,40.69
2017-09-13,39.55
2017-09-14,41.46
2017-09-15,42.45
2017-09-16,42.45
2017-09-17,66.45
2017-09-18,74.68
2017-09-19,68.98
2017-09-20,64.16
2017-09-21,60.38
2017-09-22,56.54
2017-09-23,52.46
2017-09-24,48.77
2017-09-25,45.88
2017-09-26,43.26
2017-09-27,41.17
2017-09-28,42.55
2017-09-29,44.71
2017-09-30,43.26
2017-10-01,41.36
2017-10-02,39.83
2017-10-03,38.08
2017-10-04,35.9
2017-10-05,34.32
2017-10-06,34.73
2017-10-07,35.39
2017-10-08,33.99
2017-10-09,32.19
2017-10-10,30.62
2017-10-11,29.34
2017-10-12,28.79
2017-10-13,30.19
2017-10-14,31.66
2017-10-15,31.51
2017-10-16,30.55
2017-10-17,29.41
2017-10-18,28.79
2017-10-19,27.97
2017-10-20,27.64
2017-10-21,28.38
2017-10-22,29.76
2017-10-23,29.34
2017-10-24,27.58
2017-10-25,25.92
2017-10-26,26.8
2017-10-27,27.44
2017-10-28,30.48
2017-10-29,32.73
2017-10-30,33.2
2017-10-31,36.41
2017-11-01,36.67
2017-11-02,38.99
2017-11-03,42.65
2017-11-04,69.63
2017-11-05,79.17
2017-11-06,76.62
2017-11-07,71.78
2017-11-08,69.31
2017-11-09,67.39
2017-11-10,66.45
2017-11-11,62.53
2017-11-12,59.39
2017-11-13,56.15
2017-11-14,52.46
2017-11-15,49.0
2017-11-16,45.88
2017-11-17,42.85
2017-11-18,40.11
2017-11-19,37.73
2017-11-20,37.11
2017-11-21,35.98
2017-11-22,34.16
2017-11-23,32.73
2017-11-24,30.7
2017-11-25,29.13
2017-11-26,28.85
2017-11-27,31.43
2017-11-28,31.73
2017-11-29,31.89
2017-11-30,41.95
2017-12-01,52.46
2017-12-02,55.49
2017-12-03,52.7
2017-12-04,48.43
2017-12-05,44.6
2017-12-06,41.56
2017-12-07,38.81
2017-12-08,36.41
2017-12-09,34.65
2017-12-10,33.83
2017-12-11,32.04
2017-12-12,30.05
2017-12-13,28.44
2017-12-14,27.12
2017-12-15,26.16
2017-12-16,24.88
2017-12-17,23.32
2017-12-18,21.86
2017-12-19,20.53
2017-12-20,19.32
2017-12-21,18.19
2017-12-22,17.16
2017-12-23,16.18
2017-12-24,15.29
2017-12-25,14.38
2017-12-26,13.55
2017-12-27,12.8
2017-12-28,12.09
2017-12-29,11.45
2017-12-30,10.83
2017-12-31,10.27
2018-01-01,9.81
2018-01-02,9.35
2018-01-03,8.98
2018-01-04,8.75
2018-01-05,8.46
2018-01-06,8.2
2018-01-07,7.89
2018-01-08,7.63
2018-01-09,7.41
2018-01-10,7.22
2018-01-11,5.65
2018-01-12,4.83
2018-01-13,4.6
2018-01-14,4.52
2018-01-15,4.46
2018-01-16,4.4
2018-01-17,4.35
2018-01-18,4.31
2018-01-19,4.28
2018-01-20,4.26
2018-01-21,4.26
2018-01-22,4.25
2018-01-23,4.2
2018-01-24,4.2
2018-01-25,4.19
2018-01-26,4.19
2018-01-27,4.19
2018-01-28,4.19
2018-01-29,4.15
2018-01-30,4.15
2018-01-31,5.19
2018-02-01,5.56
2018-02-02,5.59
2018-02-03,5.59
2018-02-04,5.56
2018-02-05,5.5
2018-02-06,5.47
2018-02-07,5.59
2018-02-08,5.9
2018-02-09,6.19
2018-02-10,6.21
2018-02-11,6.13
2018-02-12,6.16
2018-02-13,6.1
2018-02-14,5.93
2018-02-15,5.81
2018-02-16,5.71
2018-02-17,5.68
2018-02-18,5.59
2018-02-19,5.56
2018-02-20,5.47
2018-02-21,5.44
2018-02-22,5.41
2018-02-23,5.37
2018-02-24,5.34
2018-02-25,5.28
2018-02-26,5.28
2018-02-27,5.25
2018-02-28,5.19
2018-03-01,5.19
2018-03-02,5.19
2018-03-03,5.15
2018-03-04,5.12
2018-03-05,5.15
2018-03-06,5.1
2018-03-07,5.07
2018-03-08,5.1
2018-03-09,5.0
2018-03-10,4.94
2018-03-11,4.9
2018-03-12,4.87
2018-03-13,5.68
2018-03-14,5.59
2018-03-15,5.37
2018-03-16,5.22
2018-03-17,5.25
2018-03-18,6.38
2018-03-19,6.41
2018-03-20,5.87
2018-03-21,5.59
2018-03-22,5.44
2018-03-23,5.34
2018-03-24,5.31
2018-03-25,5.19
2018-03-26,5.12
2018-03-27,5.84
2018-03-28,5.59
2018-03-29,5.5
2018-03-30,5.44
2018-03-31,5.31
2018-04-01,5.31
2018-04-02,5.28
2018-04-03,5.22
2018-04-04,5.25
2018-04-05,5.28
2018-04-06,5.25
2018-04-07,5.22
2018-04-08,5.15
2018-04-09,6.0
2018-04-10,6.16
2018-04-11,6.5
2018-04-12,6.94
2018-04-13,6.94
2018-04-14,7.0
2018-04-15,7.0
2018-04-16,6.82
2018-04-17,6.62
2018-04-18,6.57
2018-04-19,6.53
2018-04-20,6.59
2018-04-21,6.69
2018-04-22,6.59
2018-04-23,6.5
2018-04-24,6.46
2018-04-25,6.46
2018-04-26,6.53
2018-04-27,6.74
2018-04-28,6.85
2018-04-29,6.78
2018-04-30,6.74
2018-05-01,6.74
2018-05-02,6.94
2018-05-03,7.0
2018-05-04,7.57
2018-05-05,8.46
2018-05-06,8.75
2018-05-07,9.21
2018-05-08,9.47
2018-05-09,10.25
2018-05-10,11.56
2018-05-11,13.79
2018-05-12,15.52
2018-05-13,17.97
2018-05-14,18.41
2018-05-15,18.95
2018-05-16,21.03
2018-05-17,22.88
2018-05-18,24.94
2018-05-19,25.79
2018-05-20,25.06
2018-05-21,24.53
2018-05-22,23.72
2018-05-23,23.27
2018-05-24,24.88
2018-05-25,35.9
2018-05-26,41.95
2018-05-27,47.75
2018-05-28,57.08
2018-05-29,60.24
2018-05-30,56.54
2018-05-31,52.7
2018-06-01,49.58
2018-06-02,49.0
2018-06-03,50.29
2018-06-04,52.46
2018-06-05,51.12
2018-06-06,49.7
2018-06-07,50.17
2018-06-08,53.33
2018-06-09,60.38
2018-06-10,65.53
2018-06-11,67.55
2018-06-12,67.71
2018-06-13,65.68
2018-06-14,65.53
2018-06-15,64.46
2018-06-16,62.39
2018-06-17,60.94
2018-06-18,58.16
2018-06-19,56.02
2018-06-20,56.41
2018-06-21,61.09
2018-06-22,64.61
2018-06-23,63.71
2018-06-24,60.8
2018-06-25,58.43
2018-06-26,58.43
2018-06-27,56.28
2018-06-28,54.21
2018-06-29,52.46
2018-06-30,52.33
2018-07-01,50.52
2018-07-02,48.89
2018-07-03,47.53
2018-07-04,44.92
2018-07-05,42.15
2018-07-06,39.64
2018-07-07,37.46
2018-07-08,36.76
2018-07-09,37.46
2018-07-10,40.4
2018-07-11,45.13
2018-07-12,48.55
2018-07-13,49.82
2018-07-14,50.29
2018-07-15,52.95
2018-07-16,62.53
2018-07-17,67.55
2018-07-18,65.22
2018-07-19,64.16
2018-07-20,61.81
2018-07-21,59.95
2018-07-22,56.81
2018-07-23,53.2
2018-07-24,50.17
2018-07-25,47.75
2018-07-26,45.13
2018-07-27,42.55
2018-07-28,40.11
2018-07-29,37.9
2018-07-30,36.24
2018-07-31,35.14
2018-08-01,33.67
2018-08-02,31.89
2018-08-03,30.12
2018-08-04,28.44
2018-08-05,26.8
2018-08-06,25.61
2018-08-07,25.24
2018-08-08,26.86
2018-08-09,29.97
2018-08-10,29.2
2018-08-11,27.91
2018-08-12,27.38
2018-08-13,28.72
2018-08-14,88.33
2018-08-15,168.04
2018-08-16,162.68
2018-08-17,135.14
2018-08-18,117.03
2018-08-19,104.44
2018-08-20,94.28
2018-08-21,86.5
2018-08-22,79.35
2018-08-23,73.13
2018-08-24,67.55
2018-08-25,62.83
2018-08-26,58.43
2018-08-27,54.59
2018-08-28,51.24
2018-08-29,49.12
2018-08-30,46.21
2018-08-31,43.46
2018-09-01,40.88
2018-09-02,38.36
2018-09-03,35.98
2018-09-04,33.67
2018-09-05,31.58
2018-09-06,29.62
2018-09-07,27.91
2018-09-08,26.23
2018-09-09,24.64
2018-09-10,23.1
2018-09-11,21.7
2018-09-12,20.43
2018-09-13,19.18
2018-09-14,18.05
2018-09-15,16.99
2018-09-16,15.98
2018-09-17,15.22
2018-09-18,14.6
2018-09-19,14.31
2018-09-20,13.96
2018-09-21,14.03
2018-09-22,13.39
2018-09-23,12.71
2018-09-24,12.58
2018-09-25,12.3
2018-09-26,11.91
2018-09-27,11.91
2018-09-28,13.29
2018-09-29,13.62
2018-09-30,14.92
2018-10-01,15.9
2018-10-02,15.79
2018-10-03,16.3
2018-10-04,100.62
2018-10-05,86.9
2018-10-06,67.71
2018-10-07,56.94
2018-10-08,51.84
2018-10-09,49.93
2018-10-10,46.42
2018-10-11,43.57
2018-10-12,42.05
2018-10-13,40.02
2018-10-14,40.4
2018-10-15,43.06
2018-10-16,42.65
2018-10-17,42.35
2018-10-18,40.3
2018-10-19,39.09
2018-10-20,41.36
2018-10-21,43.46
2018-10-22,46.53
2018-10-23,46.97
2018-10-24,46.21
2018-10-25,44.29
2018-10-26,41.85
2018-10-27,39.27
2018-10-28,37.02
2018-10-29,34.81
2018-10-30,33.28
2018-10-31,31.58
2018-11-01,31.36
2018-11-02,31.51
2018-11-03,32.96
2018-11-04,33.28
2018-11-05,31.36
2018-11-06,29.55
2018-11-07,28.79
2018-11-08,29.2
2018-11-09,32.81
2018-11-10,33.04
2018-11-11,31.28
2018-11-12,29.76
2018-11-13,29.83
2018-11-14,28.72
2018-11-15,27.51
2018-11-16,38.72
2018-11-17,45.24
2018-11-18,41.95
2018-11-19,39.27
2018-11-20,36.76
2018-11-21,34.97
2018-11-22,33.91
2018-11-23,33.12
2018-11-24,32.65
2018-11-25,32.42
2018-11-26,30.62
2018-11-27,28.58
2018-11-28,26.73
2018-11-29,25.3
2018-11-30,24.35
2018-12-01,22.99
2018-12-02,21.59
2018-12-03,20.23
2018-12-04,19.04
2018-12-05,18.68
2018-12-06,19.32
2018-12-07,18.86
2018-12-08,17.92
2018-12-09,16.91
2018-12-10,15.9
2018-12-11,15.03
2018-12-12,14.45
2018-12-13,14.24
2018-12-14,13.86
2018-12-15,13.29
2018-12-16,12.61
2018-12-17,11.94
2018-12-18,11.3
2018-12-19,10.78
2018-12-20,10.32
2018-12-21,9.84
2018-12-22,9.64
2018-12-23,11.68
2018-12-24,12.58
2018-12-25,12.27
2018-12-26,11.65
2018-12-27,11.02
2018-12-28,10.51
2018-12-29,9.99
2018-12-30,9.45
2018-12-31,8.98
2019-01-01,8.53
2019-01-02,8.18
2019-01-03,7.87
2019-01-04,7.59
2019-01-05,7.38
2019-01-06,7.15
2019-01-07,7.0
2019-01-08,6.85
2019-01-09,6.74
2019-01-10,6.66
2019-01-11,5.25
2019-01-12,4.5
2019-01-13,4.31
2019-01-14,4.28
2019-01-15,4.28
2019-01-16,4.25
2019-01-17,4.22
2019-01-18,4.22
2019-01-19,4.19
2019-01-20,4.19
2019-01-21,4.15
2019-01-22,4.15
2019-01-23,4.15
2019-01-24,4.13
2019-01-25,4.13
2019-01-26,4.13
2019-01-27,4.13
2019-01-28,4.13
2019-01-29,4.09
2019-01-30,4.09
2019-01-31,5.07
2019-02-01,5.5
2019-02-02,5.53
2019-02-03,5.5
2019-02-04,5.53
2019-02-05,5.68
2019-02-06,5.5
2019-02-07,5.47
2019-02-08,5.44
2019-02-09,5.59
2019-02-10,5.78
2019-02-11,5.68
2019-02-12,5.56
2019-02-13,5.47
2019-02-14,5.41
2019-02-15,5.37
2019-02-16,5.34
2019-02-17,5.28
2019-02-18,5.25
2019-02-19,5.25
2019-02-20,5.19
2019-02-21,5.19
2019-02-22,5.12
2019-02-23,5.12
2019-02-24,5.1
2019-02-25,5.1
2019-02-26,5.07
2019-02-27,5.12
2019-02-28,5.1
2019-03-01,5.0
2019-03-02,5.65
2019-03-03,5.75
2019-03-04,5.53
2019-03-05,5.37
2019-03-06,5.25
2019-03-07,5.15
2019-03-08,5.19
2019-03-09,5.28
2019-03-10,5.19
2019-03-11,5.15
2019-03-12,5.1
2019-03-13,5.03
2019-03-14,4.97
2019-03-15,5.0
2019-03-16,4.97
2019-03-17,4.9
2019-03-18,4.9
2019-03-19,4.87
2019-03-20,4.9
2019-03-21,4.81
2019-03-22,4.78
2019-03-23,4.81
2019-03-24,4.81
2019-03-25,4.71
2019-03-26,4.69
2019-03-27,4.69
2019-03-28,4.69
2019-03-29,4.71
2019-03-30,4.78
2019-03-31,4.75
2019-04-01,4.71
2019-04-02,4.71
2019-04-03,4.81
2019-04-04,4.78
2019-04-05,4.71
2019-04-06,4.75
2019-04-07,4.71
2019-04-08,4.71
2019-04-09,5.62
2019-04-10,5.84
2019-04-11,5.81
2019-04-12,5.81
2019-04-13,5.78
2019-04-14,5.78
2019-04-15,5.75
2019-04-16,5.78
2019-04-17,5.93
2019-04-18,7.15
2019-04-19,7.32
2019-04-20,8.31
2019-04-21,8.29
2019-04-22,8.23
2019-04-23,8.53
2019-04-24,8.53
2019-04-25,8.29
2019-04-26,8.04
2019-04-27,7.87
2019-04-28,8.23
2019-04-29,9.0
2019-04-30,9.52
2019-05-01,9.47
2019-05-02,9.12
2019-05-03,8.68
2019-05-04,8.25
2019-05-05,7.91
2019-05-06,7.59
2019-05-07,7.69
2019-05-08,7.91
2019-05-09,7.75
2019-05-10,7.63
2019-05-11,7.69
2019-05-12,7.99
2019-05-13,8.62
2019-05-14,8.73
2019-05-15,8.91
2019-05-16,9.19
2019-05-17,9.59
2019-05-18,10.07
2019-05-19,10.09
2019-05-20,10.04
2019-05-21,10.43
2019-05-22,10.67
2019-05-23,11.13
2019-05-24,11.56
2019-05-25,12.18
2019-05-26,12.58
2019-05-27,12.96
2019-05-28,13.39
2019-05-29,13.89
2019-05-30,16.62
2019-05-31,17.03
2019-06-01,17.79
2019-06-02,18.01
2019-06-03,18.45
2019-06-04,18.1
2019-06-05,18.86
2019-06-06,21.49
2019-06-07,22.17
2019-06-08,22.71
2019-06-09,23.89
2019-06-10,29.62
2019-06-11,35.06
2019-06-12,37.02
2019-06-13,38.81
2019-06-14,38.54
2019-06-15,37.19
2019-06-16,35.31
2019-06-17,33.12
2019-06-18,31.28
2019-06-19,29.9
2019-06-20,28.92
2019-06-21,28.31
2019-06-22,28.38
2019-06-23,29.34
2019-06-24,28.72
2019-06-25,27.58
2019-06-26,26.48
2019-06-27,25.55
2019-06-28,24.64
2019-06-29,23.55
2019-06-30,22.77
2019-07-01,21.96
2019-07-02,22.23
2019-07-03,22.99
2019-07-04,22.82
2019-07-05,22.82
2019-07-06,23.43
2019-07-07,23.95
2019-07-08,23.27
2019-07-09,22.44
2019-07-10,22.71
2019-07-11,22.23
2019-07-12,20.93
2019-07-13,19.99
2019-07-14,19.65
2019-07-15,20.43
2019-07-16,20.78
2019-07-17,20.43
2019-07-18,49.47
2019-07-19,63.57
2019-07-20,61.52
2019-07-21,62.39
2019-07-22,62.39
2019-07-23,59.53
2019-07-24,54.85
2019-07-25,50.88
2019-07-26,48.2
2019-07-27,45.13
2019-07-28,42.05
2019-07-29,39.18
2019-07-30,36.76
2019-07-31,34.32
2019-08-01,32.19
2019-08-02,30.55
2019-08-03,29.55
2019-08-04,28.72
2019-08-05,28.51
2019-08-06,28.85
2019-08-07,30.7
2019-08-08,44.19
2019-08-09,51.97
2019-08-10,54.34
2019-08-11,53.7
2019-08-12,51.36
2019-08-13,58.7
2019-08-14,64.01
2019-08-15,62.1
2019-08-16,57.88
2019-08-17,53.95
2019-08-18,50.4
2019-08-19,47.64
2019-08-20,46.42
2019-08-21,46.42
2019-08-22,47.08
2019-08-23,49.0
2019-08-24,48.77
2019-08-25,47.53
2019-08-26,58.16
2019-08-27,64.46
2019-08-28,64.16
2019-08-29,65.22
2019-08-30,64.61
2019-08-31,61.52
2019-09-01,59.39
2019-09-02,60.09
2019-09-03,59.81
2019-09-04,57.88
2019-09-05,58.02
2019-09-06,57.08
2019-09-07,55.36
2019-09-08,52.46
2019-09-09,49.12
2019-09-10,46.1
2019-09-11,43.98
2019-09-12,44.29
2019-09-13,42.95
2019-09-14,40.78
2019-09-15,38.72
2019-09-16,37.37
2019-09-17,35.81
2019-09-18,34.4
2019-09-19,34.73
2019-09-20,35.64
2019-09-21,34.16
2019-09-22,32.81
2019-09-23,34.48
2019-09-24,36.07
2019-09-25,38.99
2019-09-26,38.54
2019-09-27,37.37
2019-09-28,35.9
2019-09-29,34.48
2019-09-30,35.06
2019-10-01,34.32
2019-10-02,34.73
2019-10-03,35.31
2019-10-04,36.15
2019-10-05,36.07
2019-10-06,38.36
2019-10-07,38.9
2019-10-08,39.74
2019-10-09,39.18
2019-10-10,38.81
2019-10-11,37.82
2019-10-12,37.19
2019-10-13,40.21
2019-10-14,43.16
2019-10-15,42.75
2019-10-16,44.6
2019-10-17,44.6
2019-10-18,45.77
2019-10-19,47.64
2019-10-20,49.93
2019-10-21,54.46
2019-10-22,53.58
2019-10-23,51.72
2019-10-24,52.58
2019-10-25,51.0
2019-10-26,49.12
2019-10-27,47.98
2019-10-28,47.75
2019-10-29,48.43
2019-10-30,49.93
2019-10-31,52.83
2019-11-01,53.83
2019-11-02,51.0
2019-11-03,50.29
2019-11-04,50.88
2019-11-05,48.55
2019-11-06,45.99
2019-11-07,43.77
2019-11-08,42.35
2019-11-09,44.19
2019-11-10,45.99
2019-11-11,45.77
2019-11-12,45.67
2019-11-13,43.67
2019-11-14,40.88
2019-11-15,38.72
2019-11-16,37.64
2019-11-17,38.17
2019-11-18,36.5
2019-11-19,35.31
2019-11-20,35.64
2019-11-21,34.32
2019-11-22,32.57
2019-11-23,31.36
2019-11-24,29.55
2019-11-25,27.84
2019-11-26,26.16
2019-11-27,24.59
2019-11-28,23.49
2019-11-29,22.82
2019-11-30,23.04
2019-12-01,25.73
2019-12-02,26.8
2019-12-03,25.67
2019-12-04,25.42
2019-12-05,24.06
2019-12-06,22.66
2019-12-07,21.8
2019-12-08,20.93
2019-12-09,19.84
2019-12-10,18.63
2019-12-11,17.54
2019-12-12,16.62
2019-12-13,15.83
2019-12-14,15.56
2019-12-15,15.18
2019-12-16,14.31
2019-12-17,13.42
2019-12-18,12.68
2019-12-19,11.97
2019-12-20,11.94
2019-12-21,13.79
2019-12-22,13.59
2019-12-23,12.8
2019-12-24,12.34
2019-12-25,12.03
2019-12-26,11.42
2019-12-27,10.83
2019-12-28,10.27
2019-12-29,9.79
2019-12-30,9.35
2019-12-31,9.02
2020-01-01,8.66
2020-01-02,8.33
2020-01-03,8.06
2020-01-04,7.89
2020-01-05,7.79
2020-01-06,7.59
2020-01-07,7.41
2020-01-08,7.22
2020-01-09,7.09
2020-01-10,6.96
2020-01-11,5.59
2020-01-12,4.94
2020-01-13,4.6
2020-01-14,4.47
2020-01-15,4.41
2020-01-16,4.35
2020-01-17,4.28
2020-01-18,4.25
2020-01-19,4.22
2020-01-20,4.22
2020-01-21,4.22
2020-01-22,4.19
2020-01-23,4.15
2020-01-24,4.13
2020-01-25,4.09
2020-01-26,4.08
2020-01-27,4.06
2020-01-28,4.05
2020-01-29,4.05
2020-01-30,4.04
2020-01-31,5.0
2020-02-01,5.35
2020-02-02,5.5
2020-02-03,5.46
2020-02-04,5.43
2020-02-05,5.43
2020-02-06,5.4
2020-02-07,5.43
2020-02-08,5.4
2020-02-09,5.35
2020-02-10,5.3
2020-02-11,5.25
2020-02-12,5.22
2020-02-13,5.21
2020-02-14,5.21
2020-02-15,5.19
2020-02-16,5.15
2020-02-17,5.14
2020-02-18,5.14
2020-02-19,5.19
2020-02-20,5.1
2020-02-21,5.0
2020-02-22,5.03
2020-02-23,5.01
2020-02-24,4.94
2020-02-25,4.89
2020-02-26,4.86
2020-02-27,4.87
2020-02-28,4.83
2020-02-29,4.85
2020-03-01,4.86
2020-03-02,5.03
2020-03-03,5.22
2020-03-04,5.15
2020-03-05,5.19
2020-03-06,5.07
2020-03-07,5.0
2020-03-08,4.94
2020-03-09,4.94
2020-03-10,5.03
2020-03-11,6.41
2020-03-12,6.41
2020-03-13,5.84
2020-03-14,5.5
2020-03-15,5.34
2020-03-16,5.19
2020-03-17,5.1
2020-03-18,5.03
2020-03-19,5.0
2020-03-20,4.9
2020-03-21,5.28
2020-03-22,5.15
2020-03-23,5.25
2020-03-24,5.53
2020-03-25,5.34
2020-03-26,5.15
2020-03-27,5.07
2020-03-28,4.94
2020-03-29,4.94
2020-03-30,4.9
2020-03-31,4.81
2020-04-01,4.78
2020-04-02,4.75
2020-04-03,4.75
2020-04-04,4.71
2020-04-05,4.87
2020-04-06,4.87
2020-04-07,5.12
2020-04-08,6.13
2020-04-09,6.21
2020-04-10,6.0
2020-04-11,5.87
2020-04-12,5.78
2020-04-13,5.75
2020-04-14,5.71
2020-04-15,5.71
2020-04-16,5.68
2020-04-17,5.65
2020-04-18,5.65
2020-04-19,5.68
2020-04-20,6.0
2020-04-21,6.1
2020-04-22,6.0
2020-04-23,6.06
2020-04-24,6.13
2020-04-25,5.97
2020-04-26,6.1
2020-04-27,5.93
2020-04-28,6.57
2020-04-29,6.28
2020-04-30,6.1
2020-05-01,6.06
2020-05-02,6.0
2020-05-03,5.87
2020-05-04,5.81
2020-05-05,5.81
2020-05-06,5.87
2020-05-07,6.5
2020-05-08,6.74
2020-05-09,7.05
2020-05-10,7.34
2020-05-11,7.05
2020-05-12,7.38
2020-05-13,7.47
2020-05-14,7.43
2020-05-15,8.25
2020-05-16,8.4
2020-05-17,8.46
2020-05-18,9.21
2020-05-19,9.69
2020-05-20,9.47
2020-05-21,9.38
2020-05-22,9.45
2020-05-23,9.28
2020-05-24,9.38
2020-05-25,9.28
2020-05-26,9.4
2020-05-27,9.47
2020-05-28,9.69
2020-05-29,12.24
2020-05-30,13.96
2020-05-31,13.69
2020-06-01,14.17
2020-06-02,15.9
2020-06-03,17.49
2020-06-04,18.5
2020-06-05,19.56
2020-06-06,21.65
2020-06-07,23.89
2020-06-08,27.31
2020-06-09,26.35
2020-06-10,25.49
2020-06-11,24.88
2020-06-12,24.94
2020-06-13,24.41
2020-06-14,24.7
2020-06-15,24.35
2020-06-16,23.32
2020-06-17,22.44
2020-06-18,21.8
2020-06-19,20.93
2020-06-20,20.43
2020-06-21,20.28
2020-06-22,20.73
2020-06-23,20.23
2020-06-24,19.23
2020-06-25,19.28
2020-06-26,21.39
2020-06-27,21.75
2020-06-28,20.93
2020-06-29,20.63
2020-06-30,21.86
2020-07-01,20.98
2020-07-02,20.28
2020-07-03,20.48
2020-07-04,21.03
2020-07-05,21.03
2020-07-06,21.03
2020-07-07,20.68
2020-07-08,19.7
2020-07-09,19.23
2020-07-10,20.18
2020-07-11,19.7
2020-07-12,19.65
2020-07-13,19.61
2020-07-14,19.23
2020-07-15,18.36
2020-07-16,18.28
2020-07-17,21.49
2020-07-18,24.94
2020-07-19,24.23
2020-07-20,23.15
2020-07-21,24.47
2020-07-22,24.35
2020-07-23,26.35
2020-07-24,27.12
2020-07-25,29.34
2020-07-26,28.38
2020-07-27,26.86
2020-07-28,26.04
2020-07-29,28.31
2020-07-30,31.51
2020-07-31,32.73
2020-08-01,35.56
2020-08-02,39.09
2020-08-03,43.87
2020-08-04,46.86
2020-08-05,48.89
2020-08-06,60.09
2020-08-07,79.35
2020-08-08,88.33
2020-08-09,97.86
2020-08-10,98.54
2020-08-11,92.11
2020-08-12,84.7
2020-08-13,78.07
2020-08-14,72.62
2020-08-15,67.71
2020-08-16,63.27
2020-08-17,59.12
2020-08-18,55.23
2020-08-19,51.72
2020-08-20,48.32
2020-08-21,45.24
2020-08-22,42.35
2020-08-23,40.11
2020-08-24,38.81
2020-08-25,36.76
2020-08-26,34.48
2020-08-27,32.34
2020-08-28,30.33
2020-08-29,28.38
2020-08-30,26.73
2020-08-31,25.42
2020-09-01,24.23
2020-09-02,24.23
2020-09-03,26.29
2020-09-04,26.04
2020-09-05,24.94
2020-09-06,65.68
2020-09-07,64.77
2020-09-08,54.34
2020-09-09,50.29
2020-09-10,50.76
2020-09-11,48.55
2020-09-12,49.58
2020-09-13,49.58
2020-09-14,48.09
2020-09-15,45.88
2020-09-16,43.46
2020-09-17,41.27
2020-09-18,39.83
2020-09-19,46.97
2020-09-20,54.59
2020-09-21,62.39
2020-09-22,67.39
2020-09-23,68.5
2020-09-24,64.92
2020-09-25,60.66
2020-09-26,57.61
2020-09-27,54.46
2020-09-28,51.84
2020-09-29,49.23
2020-09-30,46.42
2020-10-01,44.6
2020-10-02,41.95
2020-10-03,39.27
2020-10-04,37.11
2020-10-05,34.73
2020-10-06,32.65
2020-10-07,32.65
2020-10-08,32.11
2020-10-09,34.08
2020-10-10,33.04
2020-10-11,33.28
2020-10-12,33.51
2020-10-13,40.02
2020-10-14,46.64
2020-10-15,49.93
2020-10-16,49.58
2020-10-17,47.08
2020-10-18,44.71
2020-10-19,41.95
2020-10-20,39.55
2020-10-21,37.37
2020-10-22,35.14
2020-10-23,33.12
2020-10-24,31.28
2020-10-25,29.41
2020-10-26,27.51
2020-10-27,26.99
2020-10-28,30.99
2020-10-29,33.59
2020-10-30,32.34
2020-10-31,30.84
2020-11-01,29.41
2020-11-02,27.97
2020-11-03,27.25
2020-11-04,28.31
2020-11-05,28.85
2020-11-06,29.13
2020-11-07,27.77
2020-11-08,26.93
2020-11-09,26.54
2020-11-10,25.06
2020-11-11,23.43
2020-11-12,22.23
2020-11-13,21.75
2020-11-14,21.49
2020-11-15,20.73
2020-11-16,20.38
2020-11-17,22.6
2020-11-18,24.59
2020-11-19,23.66
2020-11-20,22.39
2020-11-21,21.28
2020-11-22,19.99
2020-11-23,18.77
2020-11-24,17.62
2020-11-25,16.58
2020-11-26,15.79
2020-11-27,15.26
2020-11-28,14.67
2020-11-29,13.96
2020-11-30,13.26
2020-12-01,12.55
2020-12-02,12.06
2020-12-03,13.79
2020-12-04,17.97
2020-12-05,21.44
2020-12-06,46.42
2020-12-07,50.64
2020-12-08,45.34
2020-12-09,39.93
2020-12-10,35.9
2020-12-11,32.73
2020-12-12,30.19
2020-12-13,28.11
2020-12-14,26.16
2020-12-15,24.47
2020-12-16,24.59
2020-12-17,24.12
2020-12-18,24.18
2020-12-19,24.12
2020-12-20,22.88
2020-12-21,21.39
2020-12-22,20.13
2020-12-23,19.61
2020-12-24,18.54
2020-12-25,17.41
2020-12-26,16.38
2020-12-27,15.37
2020-12-28,14.45
2020-12-29,13.69
2020-12-30,13.13
2020-12-31,12.77
2021-01-01,12.96
2021-01-02,12.37
2021-01-03,11.62
2021-01-04,11.11
2021-01-05,11.47
2021-01-06,13.19
2021-01-07,16.42
2021-01-08,16.82
2021-01-09,16.95
2021-01-10,17.03
2021-01-11,16.46
2021-01-12,17.66
2021-01-13,20.88
2021-01-14,25.79
2021-01-15,25.18
2021-01-16,24.06
2021-01-17,23.27
2021-01-18,21.75
2021-01-19,20.28
2021-01-20,18.95
2021-01-21,17.16
2021-01-22,16.1
2021-01-23,15.33
2021-01-24,14.56
2021-01-25,13.72
2021-01-26,12.8
2021-01-27,11.97
2021-01-28,11.19
2021-01-29,10.51
2021-01-30,9.84
2021-01-31,10.07
2021-02-01,9.69
2021-02-02,9.19
2021-02-03,8.75
2021-02-04,8.35
2021-02-05,7.99
2021-02-06,7.69
2021-02-07,7.38
2021-02-08,7.15
2021-02-09,6.94
2021-02-10,6.73
2021-02-11,6.53
2021-02-12,6.43
2021-02-13,6.31
2021-02-14,6.21
2021-02-15,6.13
2021-02-16,6.06
2021-02-17,6.0
2021-02-18,5.97
2021-02-19,5.9
2021-02-20,5.87
2021-02-21,5.84
2021-02-22,5.78
2021-02-23,5.75
2021-02-24,5.71
2021-02-25,5.75
2021-02-26,5.78
2021-02-27,5.78
2021-02-28,5.62
2021-03-01,5.59
2021-03-02,5.53
2021-03-03,5.5
2021-03-04,5.47
2021-03-05,5.41
2021-03-06,5.34
2021-03-07,5.31
2021-03-08,5.31
2021-03-09,5.59
2021-03-10,5.56
2021-03-11,6.0
2021-03-12,5.84
2021-03-13,5.62
2021-03-14,5.44
2021-03-15,5.37
2021-03-16,5.28
2021-03-17,5.25
2021-03-18,5.22
2021-03-19,5.44
2021-03-20,5.28
2021-03-21,5.25
2021-03-22,5.19
2021-03-23,5.12
2021-03-24,5.12
2021-03-25,5.22
2021-03-26,5.19
2021-03-27,5.34
2021-03-28,5.56
2021-03-29,5.65
2021-03-30,5.37
2021-03-31,5.25
2021-04-01,5.9
2021-04-02,5.78
2021-04-03,5.53
2021-04-04,5.34
2021-04-05,5.25
2021-04-06,5.25
2021-04-07,5.56
2021-04-08,5.41
2021-04-09,5.93
2021-04-10,6.06
2021-04-11,6.16
2021-04-12,6.85
2021-04-13,7.34
2021-04-14,7.93
2021-04-15,9.07
2021-04-16,9.91
2021-04-17,9.91
2021-04-18,10.12
2021-04-19,10.32
2021-04-20,10.25
2021-04-21,10.22
2021-04-22,10.25
2021-04-23,10.04
2021-04-24,10.19
2021-04-25,10.53
2021-04-26,11.39
2021-04-27,12.12
2021-04-28,12.46
2021-04-29,12.49
2021-04-30,12.71
2021-05-01,13.29
2021-05-02,14.03
2021-05-03,15.67
2021-05-04,17.32
2021-05-05,17.58
2021-05-06,17.07
2021-05-07,17.71
2021-05-08,20.93
2021-05-09,20.63
2021-05-10,20.83
2021-05-11,22.66
2021-05-12,23.83
2021-05-13,25.67
2021-05-14,43.67
2021-05-15,66.3
2021-05-16,68.34
2021-05-17,63.86
2021-05-18,57.75
2021-05-19,53.95
2021-05-20,53.45
2021-05-21,51.24
2021-05-22,49.47
2021-05-23,50.64
2021-05-24,51.0
2021-05-25,49.82
2021-05-26,66.92
2021-05-27,73.64
2021-05-28,68.34
2021-05-29,63.27
2021-05-30,58.7
2021-05-31,54.72
2021-06-01,52.21
2021-06-02,49.58
2021-06-03,47.08
2021-06-04,47.64
2021-06-05,50.29
2021-06-06,54.59
2021-06-07,52.33
2021-06-08,49.58
2021-06-09,48.2
2021-06-10,45.67
2021-06-11,43.16
2021-06-12,40.98
2021-06-13,43.06
2021-06-14,47.98
2021-06-15,48.55
2021-06-16,50.17
2021-06-17,49.23
2021-06-18,47.42
2021-06-19,45.24
2021-06-20,43.16
2021-06-21,40.69
2021-06-22,38.45
2021-06-23,36.41
2021-06-24,35.39
2021-06-25,33.51
2021-06-26,31.43
2021-06-27,29.83
2021-06-28,28.24
2021-06-29,27.58
2021-06-30,26.67
2021-07-01,25.49
2021-07-02,24.88
2021-07-03,23.83
2021-07-04,23.15
2021-07-05,22.77
2021-07-06,22.12
2021-07-07,21.13
2021-07-08,20.83
2021-07-09,24.76
2021-07-10,32.19
2021-07-11,37.11
2021-07-12,36.58
2021-07-13,35.56
2021-07-14,33.91
2021-07-15,32.19
2021-07-16,30.55
2021-07-17,29.13
2021-07-18,27.38
2021-07-19,25.85
2021-07-20,24.64
2021-07-21,23.6
2021-07-22,23.83
2021-07-23,27.71
2021-07-24,32.65
2021-07-25,34.81
2021-07-26,35.31
2021-07-27,34.73
2021-07-28,33.43
2021-07-29,32.04
2021-07-30,30.19
2021-07-31,28.51
2021-08-01,26.93
2021-08-02,25.55
2021-08-03,24.12
2021-08-04,22.71
2021-08-05,21.59
2021-08-06,21.28
2021-08-07,21.75
2021-08-08,22.17
2021-08-09,25.0
2021-08-10,24.41
2021-08-11,23.72
2021-08-12,23.49
2021-08-13,22.6
2021-08-14,21.96
2021-08-15,20.93
2021-08-16,19.89
2021-08-17,19.28
2021-08-18,20.09
2021-08-19,22.99
2021-08-20,22.44
2021-08-21,21.18
2021-08-22,20.13
2021-08-23,19.75
2021-08-24,19.23
2021-08-25,18.72
2021-08-26,18.54
2021-08-27,19.7
2021-08-28,21.75
2021-08-29,26.61
2021-08-30,31.96
2021-08-31,31.81
2021-09-01,30.48
2021-09-02,29.34
2021-09-03,28.31
2021-09-04,27.58
2021-09-05,27.12
2021-09-06,27.91
2021-09-07,27.64
2021-09-08,27.58
2021-09-09,26.48
2021-09-10,25.12
2021-09-11,23.83
2021-09-12,23.77
2021-09-13,25.36
2021-09-14,25.12
2021-09-15,24.29
2021-09-16,23.72
2021-09-17,23.1
2021-09-18,22.17
2021-09-19,21.23
2021-09-20,20.93
2021-09-21,19.94
2021-09-22,18.82
2021-09-23,17.79
2021-09-24,16.91
2021-09-25,16.26
2021-09-26,16.74
2021-09-27,21.23
2021-09-28,25.79
2021-09-29,28.31
2021-09-30,27.38
2021-10-01,27.18
2021-10-02,29.62
2021-10-03,32.27
2021-10-04,32.73
2021-10-05,32.04
2021-10-06,33.12
2021-10-07,33.51
2021-10-08,32.88
2021-10-09,32.96
2021-10-10,32.42
2021-10-11,35.56
2021-10-12,40.98
2021-10-13,41.07
2021-10-14,38.99
2021-10-15,37.73
2021-10-16,47.98
2021-10-17,55.1
2021-10-18,56.15
2021-10-19,53.08
2021-10-20,53.83
2021-10-21,57.21
2021-10-22,56.41
2021-10-23,54.46
2021-10-24,56.02
2021-10-25,53.95
2021-10-26,52.46
2021-10-27,61.81
2021-10-28,65.99
2021-10-29,63.71
2021-10-30,61.95
2021-10-31,63.27
2021-11-01,67.55
2021-11-02,71.11
2021-11-03,69.96
2021-11-04,67.71
2021-11-05,66.76
2021-11-06,63.57
2021-11-07,59.95
2021-11-08,56.15
2021-11-09,54.34
2021-11-10,56.28
2021-11-11,53.95
2021-11-12,52.09
2021-11-13,55.23
2021-11-14,61.37
2021-11-15,68.18
2021-11-16,71.61
2021-11-17,67.87
2021-11-18,64.31
2021-11-19,61.52
2021-11-20,60.52
2021-11-21,57.61
2021-11-22,54.08
2021-11-23,52.58
2021-11-24,54.46
2021-11-25,56.41
2021-11-26,60.52
2021-11-27,62.24
2021-11-28,72.45
2021-11-29,76.62
2021-11-30,74.51
2021-12-01,69.31
2021-12-02,64.31
2021-12-03,60.66
2021-12-04,57.75
2021-12-05,54.59
2021-12-06,51.24
2021-12-07,50.64
2021-12-08,48.09
2021-12-09,45.56
2021-12-10,44.92
2021-12-11,42.35
2021-12-12,39.64
2021-12-13,37.19
2021-12-14,34.89
2021-12-15,32.73
2021-12-16,30.77
2021-12-17,28.92
2021-12-18,27.25
2021-12-19,25.61
2021-12-20,24.06
2021-12-21,22.66
2021-12-22,21.28
2021-12-23,20.09
2021-12-24,18.91
2021-12-25,17.79
2021-12-26,16.78
2021-12-27,15.83
2021-12-28,14.92
2021-12-29,14.1
2021-12-30,13.32
2021-12-31,12.58
2022-01-01,11.94
2022-01-02,11.39
2022-01-03,10.8
2022-01-04,10.27
2022-01-05,9.79
2022-01-06,9.35
2022-01-07,8.98
2022-01-08,8.62
2022-01-09,8.35
2022-01-10,8.06
2022-01-11,6.21
2022-01-12,5.19
2022-01-13,5.0
2022-01-14,4.87
2022-01-15,4.75
2022-01-16,4.66
2022-01-17,4.57
2022-01-18,4.52
2022-01-19,4.46
2022-01-20,4.42
2022-01-21,4.41
2022-01-22,4.37
2022-01-23,4.35
2022-01-24,4.33
2022-01-25,4.31
2022-01-26,4.3
2022-01-27,4.3
2022-01-28,4.28
2022-01-29,4.26
2022-01-30,4.26
2022-01-31,5.22
2022-02-01,5.61
2022-02-02,5.67
2022-02-03,5.7
2022-02-04,5.64
2022-02-05,5.59
2022-02-06,5.59
2022-02-07,5.58
2022-02-08,5.58
2022-02-09,5.55
2022-02-10,5.56
2022-02-11,5.61
2022-02-12,5.95
2022-02-13,6.1
2022-02-14,5.85
2022-02-15,5.76
2022-02-16,5.65
2022-02-17,5.62
2022-02-18,5.56
2022-02-19,5.53
2022-02-20,5.47
2022-02-21,5.44
2022-02-22,5.47
2022-02-23,5.37
2022-02-24,5.41
2022-02-25,5.34
2022-02-26,5.28
2022-02-27,5.25
2022-02-28,5.22
2022-03-01,5.22
2022-03-02,5.19
2022-03-03,5.19
2022-03-04,5.15
2022-03-05,5.12
2022-03-06,5.19
2022-03-07,5.19
2022-03-08,5.15
2022-03-09,5.07
2022-03-10,5.03
2022-03-11,5.03
2022-03-12,5.0
2022-03-13,4.97
2022-03-14,4.94
2022-03-15,5.07
2022-03-16,5.65
2022-03-17,5.75
2022-03-18,5.59
2022-03-19,5.71
2022-03-20,5.56
2022-03-21,5.47
2022-03-22,5.25
2022-03-23,5.34
2022-03-24,5.47
2022-03-25,5.41
2022-03-26,5.28
2022-03-27,5.56
2022-03-28,5.56
2022-03-29,5.47
2022-03-30,5.5
2022-03-31,5.56
2022-04-01,5.84
2022-04-02,5.81
2022-04-03,5.78
2022-04-04,5.81
2022-04-05,5.78
2022-04-06,5.81
2022-04-07,5.84
2022-04-08,6.38
2022-04-09,9.07
2022-04-10,10.94
2022-04-11,12.93
2022-04-12,13.52
2022-04-13,16.42
2022-04-14,19.75
2022-04-15,20.23
2022-04-16,19.14
2022-04-17,18.41
2022-04-18,18.36
2022-04-19,17.79
2022-04-20,17.37
2022-04-21,16.7
2022-04-22,16.38
2022-04-23,16.42
2022-04-24,16.06
2022-04-25,16.54
2022-04-26,17.49
2022-04-27,17.32
2022-04-28,16.7
2022-04-29,16.5
2022-04-30,16.46
2022-05-01,16.02
2022-05-02,15.67
2022-05-03,15.56
2022-05-04,15.44
2022-05-05,15.79
2022-05-06,15.56
2022-05-07,15.26
2022-05-08,14.52
2022-05-09,14.28
2022-05-10,14.24
2022-05-11,13.93
2022-05-12,14.31
2022-05-13,14.7
2022-05-14,16.3
2022-05-15,23.89
2022-05-16,30.26
2022-05-17,33.36
2022-05-18,40.69
2022-05-19,50.05
2022-05-20,53.95
2022-05-21,53.08
2022-05-22,51.48
2022-05-23,49.93
2022-05-24,48.43
2022-05-25,48.77
2022-05-26,47.87
2022-05-27,47.19
2022-05-28,45.45
2022-05-29,45.56
2022-05-30,44.81
2022-05-31,42.85
2022-06-01,41.27
2022-06-02,39.74
2022-06-03,38.45
2022-06-04,37.37
2022-06-05,36.58
2022-06-06,35.81
2022-06-07,34.56
2022-06-08,33.28
2022-06-09,31.96
2022-06-10,30.7
2022-06-11,30.41
2022-06-12,29.9
2022-06-13,29.9
2022-06-14,28.31
2022-06-15,26.99
2022-06-16,27.05
2022-06-17,26.23
2022-06-18,27.25
2022-06-19,27.38
2022-06-20,26.42
2022-06-21,26.16
2022-06-22,24.94
2022-06-23,23.77
2022-06-24,23.32
2022-06-25,23.49
2022-06-26,23.1
2022-06-27,22.44
2022-06-28,22.44
2022-06-29,23.66
2022-06-30,23.49
2022-07-01,23.6
2022-07-02,23.15
2022-07-03,26.16
2022-07-04,31.89
2022-07-05,33.83
2022-07-06,34.97
2022-07-07,36.07
2022-07-08,38.17
2022-07-09,37.55
2022-07-10,37.28
2022-07-11,36.84
2022-07-12,36.58
2022-07-13,37.28
2022-07-14,41.46
2022-07-15,45.34
2022-07-16,45.99
2022-07-17,44.08
2022-07-18,42.55
2022-07-19,43.46
2022-07-20,41.56
2022-07-21,39.74
2022-07-22,37.99
2022-07-23,36.24
2022-07-24,34.48
2022-07-25,32.42
2022-07-26,30.41
2022-07-27,29.06
2022-07-28,29.62
2022-07-29,30.05
2022-07-30,30.33
2022-07-31,30.62
2022-08-01,30.62
2022-08-02,120.06
2022-08-03,139.28
2022-08-04,170.4
2022-08-05,171.19
2022-08-06,145.89
2022-08-07,125.77
2022-08-08,116.22
2022-08-09,111.72
2022-08-10,106.89
2022-08-11,101.09
2022-08-12,94.5
2022-08-13,87.72
2022-08-14,81.6
2022-08-15,75.91
2022-08-16,70.78
2022-08-17,65.99
2022-08-18,61.81
2022-08-19,57.88
2022-08-20,55.1
2022-08-21,51.97
2022-08-22,48.77
2022-08-23,54.59
2022-08-24,61.37
2022-08-25,64.01
2022-08-26,63.27
2022-08-27,62.83
2022-08-28,75.91
2022-08-29,80.47
2022-08-30,75.38
2022-08-31,75.38
2022-09-01,77.7
2022-09-02,82.37
2022-09-03,84.31
2022-09-04,81.04
2022-09-05,77.52
2022-09-06,75.21
2022-09-07,76.09
2022-09-08,77.89
2022-09-09,77.89
2022-09-10,75.21
2022-09-11,72.79
2022-09-12,70.45
2022-09-13,67.08
2022-09-14,63.57
2022-09-15,59.95
2022-09-16,56.68
2022-09-17,53.33
2022-09-18,50.05
2022-09-19,47.42
2022-09-20,44.92
2022-09-21,42.35
2022-09-22,40.02
2022-09-23,37.55
2022-09-24,35.22
2022-09-25,33.12
2022-09-26,31.21
2022-09-27,29.34
2022-09-28,27.71
2022-09-29,26.04
2022-09-30,24.7
2022-10-01,23.55
2022-10-02,22.71
2022-10-03,22.17
2022-10-04,22.23
2022-10-05,21.49
2022-10-06,20.48
2022-10-07,19.56
2022-10-08,18.54
2022-10-09,17.54
2022-10-10,16.66
2022-10-11,15.83
2022-10-12,15.14
2022-10-13,15.79
2022-10-14,16.46
2022-10-15,17.2
2022-10-16,17.62
2022-10-17,18.82
2022-10-18,28.72
2022-10-19,38.72
2022-10-20,42.55
2022-10-21,39.93
2022-10-22,38.9
2022-10-23,40.21
2022-10-24,39.74
2022-10-25,38.08
2022-10-26,36.41
2022-10-27,34.4
2022-10-28,32.27
2022-10-29,30.62
2022-10-30,28.99
2022-10-31,28.58
2022-11-01,32.57
2022-11-02,39.74
2022-11-03,42.75
2022-11-04,41.95
2022-11-05,40.69
2022-11-06,43.26
2022-11-07,45.24
2022-11-08,46.75
2022-11-09,45.45
2022-11-10,47.42
2022-11-11,45.45
2022-11-12,43.16
2022-11-13,43.77
2022-11-14,41.85
2022-11-15,41.07
2022-11-16,42.25
2022-11-17,41.36
2022-11-18,40.21
2022-11-19,38.36
2022-11-20,36.76
2022-11-21,34.56
2022-11-22,32.73
2022-11-23,30.77
2022-11-24,28.85
2022-11-25,27.12
2022-11-26,25.49
2022-11-27,24.0
2022-11-28,23.04
2022-11-29,23.72
2022-11-30,23.6
2022-12-01,23.15
2022-12-02,21.96
2022-12-03,20.93
2022-12-04,20.38
2022-12-05,20.33
2022-12-06,20.04
2022-12-07,18.95
2022-12-08,17.92
2022-12-09,17.16
2022-12-10,16.26
2022-12-11,15.56
2022-12-12,15.29
2022-12-13,15.9
2022-12-14,15.83
2022-12-15,15.41
2022-12-16,15.56
2022-12-17,14.78
2022-12-18,13.96
2022-12-19,13.19
2022-12-20,12.65
2022-12-21,12.55
2022-12-22,12.03
2022-12-23,11.47
2022-12-24,10.94
2022-12-25,10.48
2022-12-26,10.12
2022-12-27,10.02
2022-12-28,10.19
2022-12-29,9.89
2022-12-30,9.45
2022-12-31,8.68
2023-01-01,8.35
2023-01-02,8.04
2023-01-03,7.79
2023-01-04,7.57
2023-01-05,7.39
2023-01-06,7.22
2023-01-07,7.07
2023-01-08,6.96
2023-01-09,6.89
2023-01-10,6.82
2023-01-11,5.31
2023-01-12,4.52
2023-01-13,4.46
2023-01-14,4.42
2023-01-15,4.4
2023-01-16,4.37
2023-01-17,4.36
2023-01-18,4.35
2023-01-19,4.31
2023-01-20,4.3
2023-01-21,4.28
2023-01-22,4.33
2023-01-23,4.28
2023-01-24,4.62
2023-01-25,4.7
2023-01-26,4.7
2023-01-27,4.6
2023-01-28,4.48
2023-01-29,4.37
2023-01-30,4.3
2023-01-31,5.67
2023-02-01,6.14
2023-02-02,6.36
2023-02-03,6.74
2023-02-04,7.15
2023-02-05,7.09
2023-02-06,6.8
2023-02-07,6.55
2023-02-08,6.36
2023-02-09,6.28
2023-02-10,6.16
2023-02-11,6.11
2023-02-12,6.0
2023-02-13,5.9
2023-02-14,5.89
2023-02-15,5.79
2023-02-16,5.73
2023-02-17,5.73
2023-02-18,5.73
2023-02-19,5.62
2023-02-20,5.56
2023-02-21,5.5
2023-02-22,5.47
2023-02-23,5.5
2023-02-24,5.44
2023-02-25,5.41
2023-02-26,5.37
2023-02-27,5.37
2023-02-28,5.41
2023-03-01,5.37
2023-03-02,5.28
2023-03-03,5.22
2023-03-04,5.22
2023-03-05,5.25
2023-03-06,5.22
2023-03-07,5.19
2023-03-08,5.12
2023-03-09,5.1
2023-03-10,5.07
2023-03-11,5.1
2023-03-12,5.03
2023-03-13,5.0
2023-03-14,5.03
2023-03-15,5.19
2023-03-16,5.59
2023-03-17,5.56
2023-03-18,5.81
2023-03-19,5.62
2023-03-20,5.44
2023-03-21,5.28
2023-03-22,5.15
2023-03-23,5.07
2023-03-24,5.15
2023-03-25,5.34
2023-03-26,5.71
2023-03-27,5.53
2023-03-28,5.34
2023-03-29,5.5
2023-03-30,5.34
2023-03-31,5.19
2023-04-01,5.15
2023-04-02,5.19
2023-04-03,5.25
2023-04-04,5.37
2023-04-05,5.68
2023-04-06,5.56
2023-04-07,5.47
2023-04-08,5.37
2023-04-09,6.0
2023-04-10,6.1
2023-04-11,6.03
2023-04-12,6.03
2023-04-13,6.0
2023-04-14,6.0
2023-04-15,5.97
2023-04-16,5.97
2023-04-17,5.97
2023-04-18,6.0
2023-04-19,6.0
2023-04-20,6.0
2023-04-21,6.03
2023-04-22,6.06
2023-04-23,6.19
2023-04-24,6.31
2023-04-25,6.59
2023-04-26,7.13
2023-04-27,6.91
2023-04-28,6.62
2023-04-29,7.05
2023-04-30,7.81
2023-05-01,8.77
2023-05-02,9.07
2023-05-03,8.77
2023-05-04,8.23
2023-05-05,7.75
2023-05-06,7.53
2023-05-07,7.41
2023-05-08,7.13
2023-05-09,7.34
2023-05-10,7.91
2023-05-11,8.29
2023-05-12,8.29
2023-05-13,8.35
2023-05-14,8.25
2023-05-15,8.04
2023-05-16,7.81
2023-05-17,7.53
2023-05-18,7.57
2023-05-19,8.04
2023-05-20,8.31
2023-05-21,8.46
2023-05-22,8.53
2023-05-23,8.53
2023-05-24,8.35
2023-05-25,8.31
2023-05-26,8.23
2023-05-27,8.18
2023-05-28,8.53
2023-05-29,8.89
2023-05-30,9.16
2023-05-31,9.52
2023-06-01,10.12
2023-06-02,10.17
2023-06-03,10.12
2023-06-04,10.22
2023-06-05,10.19
2023-06-06,10.27
2023-06-07,10.43
2023-06-08,10.69
2023-06-09,10.69
2023-06-10,10.89
2023-06-11,10.78
2023-06-12,11.94
2023-06-13,14.03
2023-06-14,14.78
2023-06-15,14.24
2023-06-16,13.59
2023-06-17,13.0
2023-06-18,12.55
2023-06-19,12.15
2023-06-20,11.74
2023-06-21,11.33
2023-06-22,11.02
2023-06-23,10.72
2023-06-24,10.4
2023-06-25,10.4
2023-06-26,11.27
2023-06-27,11.62
2023-06-28,12.43
2023-06-29,12.52
2023-06-30,12.65
2023-07-01,12.37
2023-07-02,12.34
2023-07-03,18.86
2023-07-04,45.13
2023-07-05,80.28
2023-07-06,75.21
2023-07-07,67.08
2023-07-08,62.83
2023-07-09,57.34
2023-07-10,52.09
2023-07-11,48.43
2023-07-12,45.24
2023-07-13,42.15
2023-07-14,40.3
2023-07-15,37.99
2023-07-16,35.64
2023-07-17,33.59
2023-07-18,32.19
2023-07-19,32.27
2023-07-20,32.81
2023-07-21,32.5
2023-07-22,31.58
2023-07-23,30.7
2023-07-24,30.84
2023-07-25,29.62
2023-07-26,28.65
2023-07-27,27.97
2023-07-28,26.61
2023-07-29,25.0
2023-07-30,23.6
2023-07-31,22.23
2023-08-01,21.03
2023-08-02,19.89
2023-08-03,18.91
2023-08-04,17.92
2023-08-05,18.28
2023-08-06,17.49
2023-08-07,16.22
2023-08-08,15.41
2023-08-09,14.63
2023-08-10,13.96
2023-08-11,13.32
2023-08-12,12.74
2023-08-13,12.61
2023-08-14,12.84
2023-08-15,12.34
2023-08-16,11.91
2023-08-17,11.39
2023-08-18,10.69
2023-08-19,10.56
2023-08-20,10.38
2023-08-21,9.84
2023-08-22,9.45
2023-08-23,9.19
2023-08-24,9.02
2023-08-25,8.38
2023-08-26,7.93
2023-08-27,7.75
2023-08-28,7.61
2023-08-29,7.49
2023-08-30,8.06
2023-08-31,9.54
2023-09-01,9.38
2023-09-02,9.91
2023-09-03,11.71
2023-09-04,16.06
2023-09-05,17.92
2023-09-06,15.03
2023-09-07,16.86
2023-09-08,20.38
2023-09-09,23.95
2023-09-10,22.01
2023-09-11,22.12
2023-09-12,25.55
2023-09-13,30.7
2023-09-14,25.61
2023-09-15,25.92
2023-09-16,26.8
2023-09-17,29.41
2023-09-18,28.99
2023-09-19,28.85
2023-09-20,33.12
2023-09-21,34.16
2023-09-22,38.08
2023-09-23,41.66
2023-09-24,49.12
2023-09-25,52.58
2023-09-26,51.36
2023-09-27,47.75
2023-09-28,45.45
2023-09-29,52.83
2023-09-30,70.78
2023-10-01,70.45
2023-10-02,80.66
2023-10-03,95.16
2023-10-04,90.2
2023-10-05,83.92
2023-10-06,79.35
2023-10-07,75.56
2023-10-08,71.11
2023-10-09,66.14
2023-10-10,65.68
2023-10-11,62.83
2023-10-12,68.66
2023-10-13,75.21
2023-10-14,63.71
2023-10-15,68.02
2023-10-16,62.68
2023-10-17,68.66
2023-10-18,75.56
2023-10-19,80.47
2023-10-20,77.52
2023-10-21,73.99
2023-10-22,67.87
2023-10-23,74.34
2023-10-24,76.62
2023-10-25,63.71
2023-10-26,60.52
2023-10-27,63.42
2023-10-28,59.95
2023-10-29,57.75
2023-10-30,57.08
2023-10-31,60.09
2023-11-01,60.09
2023-11-02,60.66
2023-11-03,60.38
2023-11-04,64.46
2023-11-05,72.96
2023-11-06,74.68
2023-11-07,66.61
2023-11-08,64.16
2023-11-09,67.87
2023-11-10,68.34
2023-11-11,115.14
2023-11-12,109.66
2023-11-13,132.35
2023-11-14,115.68
2023-11-15,105.17
2023-11-16,99.23
2023-11-17,94.72
2023-11-18,92.11
2023-11-19,87.1
2023-11-20,85.5
2023-11-21,80.28
2023-11-22,78.07
2023-11-23,78.07
2023-11-24,76.8
2023-11-25,82.75
2023-11-26,79.35
2023-11-27,74.34
2023-11-28,68.82
2023-11-29,64.61
2023-11-30,60.8
2023-12-01,56.28
2023-12-02,55.62
2023-12-03,53.58
2023-12-04,51.84
2023-12-05,48.77
2023-12-06,46.75
2023-12-07,44.19
2023-12-08,41.46
2023-12-09,39.36
2023-12-10,37.99
2023-12-11,36.33
2023-12-12,35.56
2023-12-13,34.56
2023-12-14,32.34
2023-12-15,29.06
2023-12-16,27.51
2023-12-17,27.12
2023-12-18,85.7
2023-12-19,146.91
2023-12-20,110.43
2023-12-21,76.8
2023-12-22,65.99
2023-12-23,58.43
2023-12-24,52.33
2023-12-25,47.64
2023-12-26,43.87
2023-12-27,40.5
2023-12-28,37.46
2023-12-29,34.81
2023-12-30,32.65
2023-12-31,30.48
2024-01-01,28.44
2024-01-02,26.61
2024-01-03,24.88
2024-01-04,23.43
2024-01-05,22.5
2024-01-06,21.44
2024-01-07,21.65
2024-01-08,23.72
2024-01-09,23.32
2024-01-10,21.13
2024-01-11,22.12
2024-01-12,19.09
2024-01-13,17.07
2024-01-14,15.9
2024-01-15,14.85
2024-01-16,13.86
2024-01-17,12.96
2024-01-18,12.12
2024-01-19,11.33
2024-01-20,10.67
2024-01-21,10.17
2024-01-22,9.62
2024-01-23,9.0
2024-01-24,8.46
2024-01-25,8.25
2024-01-26,8.04
2024-01-27,7.43
2024-01-28,7.24
2024-01-29,6.85
2024-01-30,6.52
2024-01-31,6.21
2024-02-01,6.85
2024-02-02,6.96
2024-02-03,6.78
2024-02-04,6.59
2024-02-05,6.5
2024-02-06,6.43
2024-02-07,6.33
2024-02-08,6.24
2024-02-09,6.18
2024-02-10,6.13
2024-02-11,6.03
2024-02-12,5.97
2024-02-13,5.92
2024-02-14,5.89
2024-02-15,5.84
2024-02-16,5.81
2024-02-17,5.76
2024-02-18,5.71
2024-02-19,5.7
2024-02-20,5.65
2024-02-21,5.56
2024-02-22,5.55
2024-02-23,5.52
2024-02-24,5.5
2024-02-25,5.49
2024-02-26,5.46
2024-02-27,5.44
2024-02-28,5.41
2024-02-29,5.34
2024-03-01,5.3
2024-03-02,5.4
2024-03-03,5.31
2024-03-04,5.24
2024-03-05,5.22
2024-03-06,5.28
2024-03-07,5.24
2024-03-08,5.17
2024-03-09,5.17
2024-03-10,5.22
2024-03-11,5.19
2024-03-12,5.11
2024-03-13,5.05
2024-03-14,5.1
2024-03-15,5.08
2024-03-16,5.08
2024-03-17,5.07
2024-03-18,4.98
2024-03-19,5.0
2024-03-20,4.98
2024-03-21,4.97
2024-03-22,4.92
2024-03-23,5.28
2024-03-24,5.53
2024-03-25,5.22
2024-03-26,5.17
2024-03-27,5.11
2024-03-28,5.07
2024-03-29,5.52
2024-03-30,5.47
2024-03-31,5.32
2024-04-01,5.22
2024-04-02,5.15
2024-04-03,5.17
2024-04-04,5.15
2024-04-05,5.28
2024-04-06,5.46
2024-04-07,5.37
2024-04-08,5.19
2024-04-09,5.93
2024-04-10,6.01
2024-04-11,5.95
2024-04-12,6.13
2024-04-13,6.38
2024-04-14,6.19
2024-04-15,6.13
2024-04-16,6.05
2024-04-17,6.06
2024-04-18,6.05
2024-04-19,6.11
2024-04-20,6.23
2024-04-21,6.16
2024-04-22,6.16
2024-04-23,6.19
2024-04-24,6.21
2024-04-25,6.18
2024-04-26,6.06
2024-04-27,6.01
2024-04-28,6.05
2024-04-29,6.13
2024-04-30,6.26
2024-05-01,6.26
2024-05-02,6.29
2024-05-03,7.95
2024-05-04,7.39
2024-05-05,7.05
2024-05-06,6.67
2024-05-07,6.53
2024-05-08,6.43
2024-05-09,6.35
2024-05-10,6.52
2024-05-11,8.91
2024-05-12,9.23
2024-05-13,8.57
2024-05-14,10.19
2024-05-15,9.79
2024-05-16,10.59
2024-05-17,12.21
2024-05-18,13.89
2024-05-19,17.97
2024-05-20,42.55
2024-05-21,57.08
2024-05-22,94.72
2024-05-23,180.55
2024-05-24,161.93
2024-05-25,144.55
2024-05-26,143.54
2024-05-27,106.4
2024-05-28,103.95
2024-05-29,96.27
2024-05-30,91.47
2024-05-31,84.9
2024-06-01,87.51
2024-06-02,82.95
2024-06-03,82.75
2024-06-04,79.72
2024-06-05,71.11
2024-06-06,69.15
2024-06-07,66.61
2024-06-08,70.61
2024-06-09,90.62
2024-06-10,85.5
2024-06-11,84.31
2024-06-12,80.66
2024-06-13,77.34
2024-06-14,73.64
2024-06-15,69.15
2024-06-16,64.92
2024-06-17,60.52
2024-06-18,57.88
2024-06-19,57.75
2024-06-20,54.72
2024-06-21,53.95
2024-06-22,53.08
2024-06-23,63.27
2024-06-24,69.96
2024-06-25,96.05
2024-06-26,116.22
2024-06-27,120.9
2024-06-28,111.72
2024-06-29,110.43
2024-06-30,103.95
2024-07-01,95.38
2024-07-02,88.74
2024-07-03,82.75
2024-07-04,78.07
2024-07-05,72.96
2024-07-06,70.94
2024-07-07,70.45
2024-07-08,61.09
2024-07-09,60.24
2024-07-10,54.46
2024-07-11,53.95
2024-07-12,50.29
2024-07-13,48.77
2024-07-14,49.35
2024-07-15,51.24
2024-07-16,66.61
2024-07-17,71.95
2024-07-18,81.22
2024-07-19,85.3
2024-07-20,74.68
2024-07-21,68.18
2024-07-22,64.61
2024-07-23,62.39
2024-07-24,58.98
2024-07-25,57.08
2024-07-26,53.08
2024-07-27,53.08
2024-07-28,51.48
2024-07-29,49.93
2024-07-30,50.88
2024-07-31,51.97
2024-08-01,56.94
2024-08-02,58.43
2024-08-03,55.23
2024-08-04,52.58
2024-08-05,50.17
2024-08-06,47.31
2024-08-07,47.31
2024-08-08,44.19
2024-08-09,42.15
2024-08-10,39.55
2024-08-11,37.46
2024-08-12,36.76
2024-08-13,40.3
2024-08-14,43.26
2024-08-15,40.88
2024-08-16,52.58
2024-08-17,52.33
2024-08-18,53.45
2024-08-19,51.84
2024-08-20,55.23
2024-08-21,55.36
2024-08-22,52.83
2024-08-23,52.33
2024-08-24,49.35
2024-08-25,46.32
2024-08-26,44.39
2024-08-27,42.65
2024-08-28,41.56
2024-08-29,39.93
2024-08-30,38.99
2024-08-31,40.4
2024-09-01,42.55
2024-09-02,38.63
2024-09-03,40.21
2024-09-04,40.88
2024-09-05,39.46
2024-09-06,34.97
2024-09-07,33.04
2024-09-08,31.06
2024-09-09,29.69
2024-09-10,30.48
2024-09-11,32.27
2024-09-12,31.51
2024-09-13,31.43
2024-09-14,30.48
2024-09-15,28.65
2024-09-16,27.64
2024-09-17,26.42
2024-09-18,24.76
2024-09-19,23.55
2024-09-20,22.01
2024-09-21,21.03
2024-09-22,19.65
2024-09-23,18.95
2024-09-24,18.72
2024-09-25,19.14
2024-09-26,18.32
2024-09-27,17.54
2024-09-28,16.14
2024-09-29,15.71
2024-09-30,16.3
2024-10-01,16.26
2024-10-02,16.22
2024-10-03,15.41
2024-10-04,14.31
2024-10-05,14.6
2024-10-06,15.29
2024-10-07,15.6
2024-10-08,18.5
2024-10-09,23.27
2024-10-10,26.54
2024-10-11,27.31
2024-10-12,27.77
2024-10-13,27.77
2024-10-14,26.16
2024-10-15,28.92
2024-10-16,26.99
2024-10-17,25.92
2024-10-18,26.8
2024-10-19,25.98
2024-10-20,24.7
2024-10-21,23.72
2024-10-22,23.04
2024-10-23,22.6
2024-10-24,23.38
2024-10-25,33.43
2024-10-26,40.21
2024-10-27,35.22
2024-10-28,86.1
2024-10-29,72.96
2024-10-30,61.52
2024-10-31,56.94
2024-11-01,49.82
2024-11-02,48.09
2024-11-03,53.7
2024-11-04,55.75
2024-11-05,50.88
2024-11-06,51.6
2024-11-07,46.1
2024-11-08,41.36
2024-11-09,39.46
2024-11-10,39.93
2024-11-11,37.73
2024-11-12,35.22
2024-11-13,33.04
2024-11-14,31.66
2024-11-15,31.28
2024-11-16,31.89
2024-11-17,34.97
2024-11-18,32.65
2024-11-19,29.62
2024-11-20,29.41
2024-11-21,28.31
2024-11-22,29.06
2024-11-23,28.11
2024-11-24,31.66
2024-11-25,29.2
2024-11-26,27.12
2024-11-27,26.54
2024-11-28,27.25
2024-11-29,27.31
2024-11-30,28.65
2024-12-01,26.86
2024-12-02,26.42
2024-12-03,28.72
2024-12-04,27.38
2024-12-05,25.98
2024-12-06,25.49
2024-12-07,24.88
2024-12-08,22.23
2024-12-09,21.44
2024-12-10,19.94
2024-12-11,19.0
2024-12-12,18.91
2024-12-13,17.45
2024-12-14,26.93
2024-12-15,34.16
2024-12-16,27.12
2024-12-17,24.88
2024-12-18,23.38
2024-12-19,25.3
2024-12-20,22.66
2024-12-21,21.39
2024-12-22,20.63
2024-12-23,19.09
2024-12-24,17.97
2024-12-25,16.86
2024-12-26,15.9
2024-12-27,15.0
2024-12-28,14.31
2024-12-29,13.49
2024-12-30,12.84
2024-12-31,12.15
2025-01-01,11.91
2025-01-02,11.11
2025-01-03,10.46
2025-01-04,9.94
2025-01-05,9.45
2025-01-06,9.0
2025-01-07,8.62
2025-01-08,8.27
2025-01-09,7.97
2025-01-10,7.69
2025-01-11,7.43
2025-01-12,6.05
2025-01-13,5.3
2025-01-14,5.67
2025-01-15,6.6
2025-01-16,6.19
2025-01-17,5.5
2025-01-18,5.14
2025-01-19,5.05
2025-01-20,5.67
2025-01-21,5.56
2025-01-22,5.7
2025-01-23,5.52
2025-01-24,5.28
2025-01-25,5.43
2025-01-26,5.19
2025-01-27,5.07
2025-01-28,4.94
2025-01-29,4.81
2025-01-30,4.85
2025-01-31,4.73
2025-02-01,5.61
2025-02-02,5.95
2025-02-03,6.0
2025-02-04,5.97
2025-02-05,5.92
2025-02-06,5.87
2025-02-07,5.84
2025-02-08,5.81
2025-02-09,5.76
2025-02-10,5.7
2025-02-11,5.65
2025-02-12,5.59
2025-02-13,5.58
2025-02-14,5.55
2025-02-15,5.53
2025-02-16,5.5
2025-02-17,5.49
2025-02-18,5.47
2025-02-19,5.43
2025-02-20,5.43
2025-02-21,5.37
2025-02-22,5.34
2025-02-23,5.34
2025-02-24,5.34
2025-02-25,5.28
2025-02-26,5.25
2025-02-27,5.34
2025-02-28,5.28
2025-03-01,5.19
2025-03-02,5.37
2025-03-03,5.34
2025-03-04,5.22
2025-03-05,5.19
2025-03-06,5.15
2025-03-07,5.15
2025-03-08,5.19
2025-03-09,5.25
2025-03-10,5.15
2025-03-11,5.03
2025-03-12,5.84
2025-03-13,5.93
2025-03-14,5.22
2025-03-15,5.15
2025-03-16,5.1
2025-03-17,5.87
2025-03-18,5.78
2025-03-19,5.71
2025-03-20,5.5
2025-03-21,5.37
2025-03-22,5.71
2025-03-23,6.1
2025-03-24,6.21
2025-03-25,6.0
2025-03-26,5.71
2025-03-27,5.75
2025-03-28,5.62
2025-03-29,5.59
2025-03-30,5.37
2025-03-31,5.28
2025-04-01,5.34
2025-04-02,5.44
2025-04-03,5.78
2025-04-04,6.1
2025-04-05,6.28
2025-04-06,7.0
2025-04-07,7.85
2025-04-08,8.62
2025-04-09,7.53
2025-04-10,7.79
2025-04-11,7.47
2025-04-12,7.41
2025-04-13,7.38
2025-04-14,7.09
2025-04-15,7.28
2025-04-16,7.18
2025-04-17,7.09
2025-04-18,7.09
2025-04-19,7.34
2025-04-20,7.32
2025-04-21,7.34
2025-04-22,7.53
2025-04-23,7.81
2025-04-24,7.91
2025-04-25,8.1
2025-04-26,8.77
2025-04-27,8.66
2025-04-28,8.51
2025-04-29,9.21
2025-04-30,9.52
2025-05-01,10.4
2025-05-02,10.4
2025-05-03,10.27
2025-05-04,10.38
2025-05-05,10.17
2025-05-06,9.74
2025-05-07,10.35
2025-05-08,11.94
2025-05-09,11.91
2025-05-10,10.69
2025-05-11,9.86
2025-05-12,9.4
2025-05-13,9.3
2025-05-14,9.69
2025-05-15,10.32
2025-05-16,10.27
2025-05-17,10.19
2025-05-18,10.51
2025-05-19,10.67
2025-05-20,11.13
2025-05-21,11.62
2025-05-22,13.29
2025-05-23,13.03
2025-05-24,15.48
2025-05-25,35.31
2025-05-26,56.02
2025-05-27,80.85
2025-05-28,99.23
2025-05-29,68.98
2025-05-30,93.41
2025-05-31,134.52
2025-06-01,113.02
2025-06-02,99.93
2025-06-03,82.56
2025-06-04,75.38
2025-06-05,71.61
2025-06-06,66.61
2025-06-07,59.67
2025-06-08,55.75
2025-06-09,52.09
2025-06-10,48.55
2025-06-11,46.1
2025-06-12,47.08
2025-06-13,48.2
2025-06-14,53.33
2025-06-15,82.95
2025-06-16,108.14
2025-06-17,102.28
2025-06-18,93.62
2025-06-19,87.51
2025-06-20,80.66
2025-06-21,75.03
2025-06-22,69.47
2025-06-23,65.07
2025-06-24,62.1
2025-06-25,57.75
2025-06-26,57.48
2025-06-27,57.08
2025-06-28,56.94
2025-06-29,54.98
2025-06-30,53.45
2025-07-01,50.4
2025-07-02,46.75
2025-07-03,43.46
2025-07-04,41.56
2025-07-05,38.54
2025-07-06,36.5
2025-07-07,34.89
2025-07-08,33.51
2025-07-09,31.66
2025-07-10,30.19
2025-07-11,28.31
2025-07-12,27.12
2025-07-13,26.73
2025-07-14,25.0
2025-07-15,24.82
2025-07-16,25.18
2025-07-17,24.88
2025-07-18,27.12
2025-07-19,30.33
2025-07-20,58.29
2025-07-21,66.45
2025-07-22,62.39
2025-07-23,83.14
2025-07-24,100.62
2025-07-25,104.68
2025-07-26,115.95
2025-07-27,131.13
2025-07-28,114.61
2025-07-29,95.38
2025-07-30,86.7
2025-07-31,79.72
2025-08-01,75.56
2025-08-02,71.61
2025-08-03,71.44
2025-08-04,70.78
2025-08-05,67.71
2025-08-06,75.91
2025-08-07,66.92
2025-08-08,61.95
2025-08-09,59.81
2025-08-10,56.28
2025-08-11,51.72
2025-08-12,49.82
2025-08-13,46.86
2025-08-14,46.53
2025-08-15,43.77
2025-08-16,44.29
2025-08-17,43.87
2025-08-18,40.98
2025-08-19,40.11
2025-08-20,37.02
2025-08-21,34.65
2025-08-22,32.42
2025-08-23,30.48
2025-08-24,28.72
2025-08-25,26.93
2025-08-26,25.3
2025-08-27,23.83
2025-08-28,23.77
2025-08-29,25.06
2025-08-30,26.23
2025-08-31,30.05
2025-09-01,29.69
2025-09-02,30.48
2025-09-03,29.06
2025-09-04,27.38
2025-09-05,26.67
2025-09-06,24.88
2025-09-07,23.66
2025-09-08,22.12
2025-09-09,20.73
2025-09-10,19.51
2025-09-11,19.56
2025-09-12,18.5
2025-09-13,17.84
2025-09-14,16.06
2025-09-15,15.29
2025-09-16,14.81
2025-09-17,14.63
2025-09-18,14.7
2025-09-19,15.41
2025-09-20,16.54
2025-09-21,16.06
2025-09-22,15.26
2025-09-23,14.89
2025-09-24,13.93
2025-09-25,14.42
2025-09-26,13.55
2025-09-27,14.7
2025-09-28,18.14
2025-09-29,17.24
2025-09-30,17.03
