date,precipitation_sum_mm,river_discharge_m3s,station_id
1990-01-01,0.0,56.26,AS-BRA-01
1990-01-02,0.0,56.26,AS-BRA-01
1990-01-03,0.0,56.26,AS-BRA-01
1990-01-04,0.0,56.26,AS-BRA-01
1990-01-05,0.0,56.26,AS-BRA-01
1990-01-06,0.0,56.26,AS-BRA-01
1990-01-07,0.0,56.26,AS-BRA-01
1990-01-08,0.0,56.26,AS-BRA-01
1990-01-09,0.0,56.26,AS-BRA-01
1990-01-10,0.0,56.26,AS-BRA-01
1990-01-11,0.0,56.26,AS-BRA-01
1990-01-12,0.0,56.26,AS-BRA-01
1990-01-13,0.0,56.26,AS-BRA-01
1990-01-14,0.0,56.26,AS-BRA-01
1990-01-15,0.0,56.26,AS-BRA-01
1990-01-16,0.0,56.26,AS-BRA-01
1990-01-17,0.0,56.26,AS-BRA-01
1990-01-18,0.0,56.26,AS-BRA-01
1990-01-19,0.0,56.26,AS-BRA-01
1990-01-20,0.0,56.26,AS-BRA-01
1990-01-21,0.0,56.26,AS-BRA-01
1990-01-22,5.2,56.26,AS-BRA-01
1990-01-23,0.7,56.26,AS-BRA-01
1990-01-24,0.0,56.26,AS-BRA-01
1990-01-25,0.0,56.26,AS-BRA-01
1990-01-26,0.6,56.26,AS-BRA-01
1990-01-27,0.0,56.26,AS-BRA-01
1990-01-28,0.9,56.26,AS-BRA-01
1990-01-29,1.9,56.26,AS-BRA-01
1990-01-30,0.0,56.26,AS-BRA-01
1990-01-31,0.0,56.26,AS-BRA-01
1990-02-01,0.0,56.26,AS-BRA-01
1990-02-02,0.0,56.26,AS-BRA-01
1990-02-03,0.0,56.26,AS-BRA-01
1990-02-04,0.0,56.26,AS-BRA-01
1990-02-05,0.0,56.26,AS-BRA-01
1990-02-06,0.0,56.26,AS-BRA-01
1990-02-07,0.0,56.26,AS-BRA-01
1990-02-08,0.0,56.26,AS-BRA-01
1990-02-09,0.0,56.26,AS-BRA-01
1990-02-10,0.0,56.26,AS-BRA-01
1990-02-11,1.2,56.26,AS-BRA-01
1990-02-12,0.7,56.26,AS-BRA-01
1990-02-13,0.9,56.26,AS-BRA-01
1990-02-14,4.2,56.26,AS-BRA-01
1990-02-15,0.1,56.26,AS-BRA-01
1990-02-16,1.8,56.26,AS-BRA-01
1990-02-17,0.9,56.26,AS-BRA-01
1990-02-18,0.0,56.26,AS-BRA-01
1990-02-19,1.0,56.26,AS-BRA-01
1990-02-20,0.5,56.26,AS-BRA-01
1990-02-21,5.9,56.26,AS-BRA-01
1990-02-22,6.2,56.26,AS-BRA-01
1990-02-23,1.7,56.26,AS-BRA-01
1990-02-24,0.0,56.26,AS-BRA-01
1990-02-25,3.2,56.26,AS-BRA-01
1990-02-26,4.0,56.26,AS-BRA-01
1990-02-27,0.7,56.26,AS-BRA-01
1990-02-28,0.5,56.26,AS-BRA-01
1990-03-01,1.9,56.26,AS-BRA-01
1990-03-02,0.4,56.26,AS-BRA-01
1990-03-03,0.0,56.26,AS-BRA-01
1990-03-04,0.0,56.26,AS-BRA-01
1990-03-05,0.0,56.26,AS-BRA-01
1990-03-06,0.0,56.26,AS-BRA-01
1990-03-07,0.5,56.26,AS-BRA-01
1990-03-08,0.1,56.26,AS-BRA-01
1990-03-09,2.0,56.26,AS-BRA-01
1990-03-10,1.4,56.26,AS-BRA-01
1990-03-11,0.0,56.26,AS-BRA-01
1990-03-12,12.2,56.26,AS-BRA-01
1990-03-13,6.6,56.26,AS-BRA-01
1990-03-14,0.0,56.26,AS-BRA-01
1990-03-15,0.0,56.26,AS-BRA-01
1990-03-16,0.0,56.26,AS-BRA-01
1990-03-17,0.0,56.26,AS-BRA-01
1990-03-18,0.0,56.26,AS-BRA-01
1990-03-19,1.4,56.26,AS-BRA-01
1990-03-20,11.9,56.26,AS-BRA-01
1990-03-21,12.7,56.26,AS-BRA-01
1990-03-22,3.5,56.26,AS-BRA-01
1990-03-23,2.5,56.26,AS-BRA-01
1990-03-24,10.2,56.26,AS-BRA-01
1990-03-25,6.0,56.26,AS-BRA-01
1990-03-26,0.3,56.26,AS-BRA-01
1990-03-27,6.7,56.26,AS-BRA-01
1990-03-28,3.4,56.26,AS-BRA-01
1990-03-29,6.0,56.26,AS-BRA-01
1990-03-30,4.3,56.26,AS-BRA-01
1990-03-31,7.8,56.26,AS-BRA-01
1990-04-01,5.1,56.26,AS-BRA-01
1990-04-02,1.4,56.26,AS-BRA-01
1990-04-03,13.4,56.26,AS-BRA-01
1990-04-04,5.9,56.26,AS-BRA-01
1990-04-05,2.1,56.26,AS-BRA-01
1990-04-06,1.3,56.26,AS-BRA-01
1990-04-07,11.9,56.26,AS-BRA-01
1990-04-08,17.1,56.26,AS-BRA-01
1990-04-09,2.9,56.26,AS-BRA-01
1990-04-10,0.2,56.26,AS-BRA-01
1990-04-11,0.0,56.26,AS-BRA-01
1990-04-12,4.6,56.26,AS-BRA-01
1990-04-13,19.9,56.26,AS-BRA-01
1990-04-14,1.1,56.26,AS-BRA-01
1990-04-15,0.1,56.26,AS-BRA-01
1990-04-16,17.8,56.26,AS-BRA-01
1990-04-17,1.2,56.26,AS-BRA-01
1990-04-18,30.3,56.26,AS-BRA-01
1990-04-19,56.8,56.26,AS-BRA-01
1990-04-20,41.2,56.26,AS-BRA-01
1990-04-21,6.0,56.26,AS-BRA-01
1990-04-22,14.3,56.26,AS-BRA-01
1990-04-23,11.9,56.26,AS-BRA-01
1990-04-24,6.8,56.26,AS-BRA-01
1990-04-25,3.0,56.26,AS-BRA-01
1990-04-26,19.2,56.26,AS-BRA-01
1990-04-27,32.5,56.26,AS-BRA-01
1990-04-28,18.9,56.26,AS-BRA-01
1990-04-29,3.3,56.26,AS-BRA-01
1990-04-30,2.1,56.26,AS-BRA-01
1990-05-01,5.7,56.26,AS-BRA-01
1990-05-02,8.3,56.26,AS-BRA-01
1990-05-03,25.4,56.26,AS-BRA-01
1990-05-04,0.5,56.26,AS-BRA-01
1990-05-05,0.9,56.26,AS-BRA-01
1990-05-06,4.9,56.26,AS-BRA-01
1990-05-07,8.3,56.26,AS-BRA-01
1990-05-08,19.4,56.26,AS-BRA-01
1990-05-09,8.4,56.26,AS-BRA-01
1990-05-10,2.4,56.26,AS-BRA-01
1990-05-11,4.4,56.26,AS-BRA-01
1990-05-12,16.1,56.26,AS-BRA-01
1990-05-13,16.8,56.26,AS-BRA-01
1990-05-14,14.9,56.26,AS-BRA-01
1990-05-15,0.0,56.26,AS-BRA-01
1990-05-16,0.0,56.26,AS-BRA-01
1990-05-17,2.7,56.26,AS-BRA-01
1990-05-18,5.3,56.26,AS-BRA-01
1990-05-19,3.0,56.26,AS-BRA-01
1990-05-20,5.5,56.26,AS-BRA-01
1990-05-21,5.0,56.26,AS-BRA-01
1990-05-22,2.0,56.26,AS-BRA-01
1990-05-23,3.4,56.26,AS-BRA-01
1990-05-24,4.5,56.26,AS-BRA-01
1990-05-25,7.6,56.26,AS-BRA-01
1990-05-26,5.2,56.26,AS-BRA-01
1990-05-27,4.3,56.26,AS-BRA-01
1990-05-28,3.3,56.26,AS-BRA-01
1990-05-29,1.4,56.26,AS-BRA-01
1990-05-30,16.3,56.26,AS-BRA-01
1990-05-31,27.1,56.26,AS-BRA-01
1990-06-01,6.4,56.26,AS-BRA-01
1990-06-02,15.2,56.26,AS-BRA-01
1990-06-03,18.7,56.26,AS-BRA-01
1990-06-04,2.6,56.26,AS-BRA-01
1990-06-05,11.2,56.26,AS-BRA-01
1990-06-06,9.1,56.26,AS-BRA-01
1990-06-07,5.1,56.26,AS-BRA-01
1990-06-08,106.7,56.26,AS-BRA-01
1990-06-09,13.0,56.26,AS-BRA-01
1990-06-10,20.6,56.26,AS-BRA-01
1990-06-11,6.5,56.26,AS-BRA-01
1990-06-12,16.6,56.26,AS-BRA-01
1990-06-13,4.5,56.26,AS-BRA-01
1990-06-14,29.5,56.26,AS-BRA-01
1990-06-15,17.9,56.26,AS-BRA-01
1990-06-16,14.9,56.26,AS-BRA-01
1990-06-17,13.4,56.26,AS-BRA-01
1990-06-18,11.0,56.26,AS-BRA-01
1990-06-19,85.8,56.26,AS-BRA-01
1990-06-20,93.2,56.26,AS-BRA-01
1990-06-21,29.1,56.26,AS-BRA-01
1990-06-22,39.4,56.26,AS-BRA-01
1990-06-23,19.8,56.26,AS-BRA-01
1990-06-24,13.5,56.26,AS-BRA-01
1990-06-25,7.3,56.26,AS-BRA-01
1990-06-26,5.5,56.26,AS-BRA-01
1990-06-27,43.6,56.26,AS-BRA-01
1990-06-28,9.3,56.26,AS-BRA-01
1990-06-29,9.7,56.26,AS-BRA-01
1990-06-30,21.6,56.26,AS-BRA-01
1990-07-01,9.5,56.26,AS-BRA-01
1990-07-02,25.4,56.26,AS-BRA-01
1990-07-03,38.8,56.26,AS-BRA-01
1990-07-04,128.1,56.26,AS-BRA-01
1990-07-05,25.8,56.26,AS-BRA-01
1990-07-06,21.9,56.26,AS-BRA-01
1990-07-07,80.5,56.26,AS-BRA-01
1990-07-08,63.2,56.26,AS-BRA-01
1990-07-09,33.5,56.26,AS-BRA-01
1990-07-10,45.3,56.26,AS-BRA-01
1990-07-11,18.2,56.26,AS-BRA-01
1990-07-12,44.3,56.26,AS-BRA-01
1990-07-13,14.7,56.26,AS-BRA-01
1990-07-14,18.2,56.26,AS-BRA-01
1990-07-15,12.9,56.26,AS-BRA-01
1990-07-16,2.5,56.26,AS-BRA-01
1990-07-17,15.8,56.26,AS-BRA-01
1990-07-18,10.1,56.26,AS-BRA-01
1990-07-19,71.0,56.26,AS-BRA-01
1990-07-20,68.3,56.26,AS-BRA-01
1990-07-21,47.4,56.26,AS-BRA-01
1990-07-22,9.4,56.26,AS-BRA-01
1990-07-23,24.8,56.26,AS-BRA-01
1990-07-24,12.8,56.26,AS-BRA-01
1990-07-25,23.9,56.26,AS-BRA-01
1990-07-26,29.8,56.26,AS-BRA-01
1990-07-27,20.6,56.26,AS-BRA-01
1990-07-28,47.4,56.26,AS-BRA-01
1990-07-29,36.2,56.26,AS-BRA-01
1990-07-30,17.7,56.26,AS-BRA-01
1990-07-31,18.8,56.26,AS-BRA-01
1990-08-01,29.8,56.26,AS-BRA-01
1990-08-02,9.9,56.26,AS-BRA-01
1990-08-03,15.2,56.26,AS-BRA-01
1990-08-04,4.3,56.26,AS-BRA-01
1990-08-05,10.8,56.26,AS-BRA-01
1990-08-06,11.7,56.26,AS-BRA-01
1990-08-07,13.1,56.26,AS-BRA-01
1990-08-08,12.1,56.26,AS-BRA-01
1990-08-09,12.3,56.26,AS-BRA-01
1990-08-10,10.9,56.26,AS-BRA-01
1990-08-11,11.0,56.26,AS-BRA-01
1990-08-12,5.0,56.26,AS-BRA-01
1990-08-13,9.3,56.26,AS-BRA-01
1990-08-14,14.9,56.26,AS-BRA-01
1990-08-15,18.4,56.26,AS-BRA-01
1990-08-16,9.7,56.26,AS-BRA-01
1990-08-17,8.1,56.26,AS-BRA-01
1990-08-18,2.8,56.26,AS-BRA-01
1990-08-19,3.3,56.26,AS-BRA-01
1990-08-20,31.0,56.26,AS-BRA-01
1990-08-21,5.3,56.26,AS-BRA-01
1990-08-22,0.3,56.26,AS-BRA-01
1990-08-23,2.9,56.26,AS-BRA-01
1990-08-24,9.5,56.26,AS-BRA-01
1990-08-25,6.4,56.26,AS-BRA-01
1990-08-26,21.6,56.26,AS-BRA-01
1990-08-27,14.3,56.26,AS-BRA-01
1990-08-28,28.1,56.26,AS-BRA-01
1990-08-29,2.8,56.26,AS-BRA-01
1990-08-30,2.3,56.26,AS-BRA-01
1990-08-31,15.5,56.26,AS-BRA-01
1990-09-01,23.5,56.26,AS-BRA-01
1990-09-02,16.7,56.26,AS-BRA-01
1990-09-03,18.3,56.26,AS-BRA-01
1990-09-04,10.2,56.26,AS-BRA-01
1990-09-05,19.2,56.26,AS-BRA-01
1990-09-06,3.3,56.26,AS-BRA-01
1990-09-07,1.5,56.26,AS-BRA-01
1990-09-08,3.2,56.26,AS-BRA-01
1990-09-09,15.7,56.26,AS-BRA-01
1990-09-10,9.6,56.26,AS-BRA-01
1990-09-11,8.8,56.26,AS-BRA-01
1990-09-12,47.2,56.26,AS-BRA-01
1990-09-13,24.1,56.26,AS-BRA-01
1990-09-14,7.3,56.26,AS-BRA-01
1990-09-15,1.0,56.26,AS-BRA-01
1990-09-16,5.6,56.26,AS-BRA-01
1990-09-17,19.0,56.26,AS-BRA-01
1990-09-18,4.0,56.26,AS-BRA-01
1990-09-19,0.0,56.26,AS-BRA-01
1990-09-20,5.6,56.26,AS-BRA-01
1990-09-21,8.7,56.26,AS-BRA-01
1990-09-22,6.6,56.26,AS-BRA-01
1990-09-23,10.1,56.26,AS-BRA-01
1990-09-24,6.9,56.26,AS-BRA-01
1990-09-25,4.0,56.26,AS-BRA-01
1990-09-26,15.2,56.26,AS-BRA-01
1990-09-27,36.5,56.26,AS-BRA-01
1990-09-28,3.9,56.26,AS-BRA-01
1990-09-29,0.6,56.26,AS-BRA-01
1990-09-30,1.9,56.26,AS-BRA-01
1990-10-01,2.5,56.26,AS-BRA-01
1990-10-02,6.7,56.26,AS-BRA-01
1990-10-03,8.7,56.26,AS-BRA-01
1990-10-04,13.0,56.26,AS-BRA-01
1990-10-05,2.4,56.26,AS-BRA-01
1990-10-06,0.0,56.26,AS-BRA-01
1990-10-07,56.0,56.26,AS-BRA-01
1990-10-08,55.5,56.26,AS-BRA-01
1990-10-09,119.1,56.26,AS-BRA-01
1990-10-10,5.9,56.26,AS-BRA-01
1990-10-11,0.1,56.26,AS-BRA-01
1990-10-12,0.2,56.26,AS-BRA-01
1990-10-13,0.5,56.26,AS-BRA-01
1990-10-14,0.0,56.26,AS-BRA-01
1990-10-15,1.6,56.26,AS-BRA-01
1990-10-16,2.3,56.26,AS-BRA-01
1990-10-17,0.0,56.26,AS-BRA-01
1990-10-18,0.0,56.26,AS-BRA-01
1990-10-19,0.0,56.26,AS-BRA-01
1990-10-20,0.0,56.26,AS-BRA-01
1990-10-21,0.0,56.26,AS-BRA-01
1990-10-22,0.0,56.26,AS-BRA-01
1990-10-23,0.2,56.26,AS-BRA-01
1990-10-24,0.3,56.26,AS-BRA-01
1990-10-25,0.0,56.26,AS-BRA-01
1990-10-26,0.2,56.26,AS-BRA-01
1990-10-27,0.0,56.26,AS-BRA-01
1990-10-28,0.0,56.26,AS-BRA-01
1990-10-29,0.0,56.26,AS-BRA-01
1990-10-30,0.0,56.26,AS-BRA-01
1990-10-31,1.7,56.26,AS-BRA-01
1990-11-01,0.0,56.26,AS-BRA-01
1990-11-02,0.0,56.26,AS-BRA-01
1990-11-03,0.0,56.26,AS-BRA-01
1990-11-04,0.0,56.26,AS-BRA-01
1990-11-05,0.0,56.26,AS-BRA-01
1990-11-06,0.0,56.26,AS-BRA-01
1990-11-07,0.0,56.26,AS-BRA-01
1990-11-08,0.0,56.26,AS-BRA-01
1990-11-09,0.0,56.26,AS-BRA-01
1990-11-10,0.0,56.26,AS-BRA-01
1990-11-11,0.0,56.26,AS-BRA-01
1990-11-12,0.0,56.26,AS-BRA-01
1990-11-13,0.0,56.26,AS-BRA-01
1990-11-14,0.0,56.26,AS-BRA-01
1990-11-15,0.0,56.26,AS-BRA-01
1990-11-16,0.0,56.26,AS-BRA-01
1990-11-17,0.0,56.26,AS-BRA-01
1990-11-18,0.0,56.26,AS-BRA-01
1990-11-19,0.0,56.26,AS-BRA-01
1990-11-20,0.0,56.26,AS-BRA-01
1990-11-21,0.0,56.26,AS-BRA-01
1990-11-22,0.0,56.26,AS-BRA-01
1990-11-23,0.0,56.26,AS-BRA-01
1990-11-24,0.0,56.26,AS-BRA-01
1990-11-25,0.0,56.26,AS-BRA-01
1990-11-26,0.4,56.26,AS-BRA-01
1990-11-27,0.0,56.26,AS-BRA-01
1990-11-28,0.0,56.26,AS-BRA-01
1990-11-29,0.0,56.26,AS-BRA-01
1990-11-30,0.0,56.26,AS-BRA-01
1990-12-01,0.0,56.26,AS-BRA-01
1990-12-02,0.3,56.26,AS-BRA-01
1990-12-03,0.0,56.26,AS-BRA-01
1990-12-04,0.0,56.26,AS-BRA-01
1990-12-05,0.0,56.26,AS-BRA-01
1990-12-06,0.0,56.26,AS-BRA-01
1990-12-07,0.0,56.26,AS-BRA-01
1990-12-08,0.0,56.26,AS-BRA-01
1990-12-09,0.0,56.26,AS-BRA-01
1990-12-10,0.0,56.26,AS-BRA-01
1990-12-11,0.0,56.26,AS-BRA-01
1990-12-12,0.0,56.26,AS-BRA-01
1990-12-13,0.0,56.26,AS-BRA-01
1990-12-14,0.0,56.26,AS-BRA-01
1990-12-15,0.0,56.26,AS-BRA-01
1990-12-16,0.0,56.26,AS-BRA-01
1990-12-17,0.0,56.26,AS-BRA-01
1990-12-18,0.0,56.26,AS-BRA-01
1990-12-19,0.0,56.26,AS-BRA-01
1990-12-20,0.0,56.26,AS-BRA-01
1990-12-21,0.0,56.26,AS-BRA-01
1990-12-22,0.0,56.26,AS-BRA-01
1990-12-23,0.0,56.26,AS-BRA-01
1990-12-24,0.0,56.26,AS-BRA-01
1990-12-25,0.0,56.26,AS-BRA-01
1990-12-26,0.0,56.26,AS-BRA-01
1990-12-27,0.0,56.26,AS-BRA-01
1990-12-28,0.2,56.26,AS-BRA-01
1990-12-29,0.0,56.26,AS-BRA-01
1990-12-30,0.0,56.26,AS-BRA-01
1990-12-31,0.0,56.26,AS-BRA-01
1991-01-01,5.9,56.26,AS-BRA-01
1991-01-02,6.1,56.26,AS-BRA-01
1991-01-03,3.2,56.26,AS-BRA-01
1991-01-04,0.0,56.26,AS-BRA-01
1991-01-05,0.0,56.26,AS-BRA-01
1991-01-06,0.0,56.26,AS-BRA-01
1991-01-07,0.0,56.26,AS-BRA-01
1991-01-08,0.0,56.26,AS-BRA-01
1991-01-09,0.0,56.26,AS-BRA-01
1991-01-10,0.0,56.26,AS-BRA-01
1991-01-11,0.0,56.26,AS-BRA-01
1991-01-12,0.0,56.26,AS-BRA-01
1991-01-13,0.0,56.26,AS-BRA-01
1991-01-14,0.0,56.26,AS-BRA-01
1991-01-15,0.4,56.26,AS-BRA-01
1991-01-16,0.1,56.26,AS-BRA-01
1991-01-17,0.0,56.26,AS-BRA-01
1991-01-18,0.1,56.26,AS-BRA-01
1991-01-19,0.0,56.26,AS-BRA-01
1991-01-20,0.0,56.26,AS-BRA-01
1991-01-21,0.0,56.26,AS-BRA-01
1991-01-22,0.1,56.26,AS-BRA-01
1991-01-23,0.0,56.26,AS-BRA-01
1991-01-24,0.0,56.26,AS-BRA-01
1991-01-25,0.0,56.26,AS-BRA-01
1991-01-26,0.0,56.26,AS-BRA-01
1991-01-27,0.0,56.26,AS-BRA-01
1991-01-28,0.0,56.26,AS-BRA-01
1991-01-29,0.0,56.26,AS-BRA-01
1991-01-30,0.0,56.26,AS-BRA-01
1991-01-31,0.0,56.26,AS-BRA-01
1991-02-01,5.5,56.26,AS-BRA-01
1991-02-02,0.6,56.26,AS-BRA-01
1991-02-03,1.9,56.26,AS-BRA-01
1991-02-04,3.2,56.26,AS-BRA-01
1991-02-05,0.4,56.26,AS-BRA-01
1991-02-06,0.0,56.26,AS-BRA-01
1991-02-07,0.0,56.26,AS-BRA-01
1991-02-08,0.3,56.26,AS-BRA-01
1991-02-09,0.1,56.26,AS-BRA-01
1991-02-10,1.0,56.26,AS-BRA-01
1991-02-11,0.2,56.26,AS-BRA-01
1991-02-12,0.0,56.26,AS-BRA-01
1991-02-13,0.0,56.26,AS-BRA-01
1991-02-14,0.0,56.26,AS-BRA-01
1991-02-15,0.0,56.26,AS-BRA-01
1991-02-16,0.0,56.26,AS-BRA-01
1991-02-17,0.0,56.26,AS-BRA-01
1991-02-18,0.0,56.26,AS-BRA-01
1991-02-19,0.0,56.26,AS-BRA-01
1991-02-20,0.0,56.26,AS-BRA-01
1991-02-21,0.0,56.26,AS-BRA-01
1991-02-22,0.0,56.26,AS-BRA-01
1991-02-23,0.0,56.26,AS-BRA-01
1991-02-24,0.0,56.26,AS-BRA-01
1991-02-25,0.0,56.26,AS-BRA-01
1991-02-26,0.3,56.26,AS-BRA-01
1991-02-27,5.4,56.26,AS-BRA-01
1991-02-28,12.6,56.26,AS-BRA-01
1991-03-01,0.4,56.26,AS-BRA-01
1991-03-02,0.3,56.26,AS-BRA-01
1991-03-03,0.2,56.26,AS-BRA-01
1991-03-04,0.0,56.26,AS-BRA-01
1991-03-05,0.4,56.26,AS-BRA-01
1991-03-06,0.2,56.26,AS-BRA-01
1991-03-07,0.0,56.26,AS-BRA-01
1991-03-08,0.0,56.26,AS-BRA-01
1991-03-09,0.0,56.26,AS-BRA-01
1991-03-10,0.4,56.26,AS-BRA-01
1991-03-11,0.0,56.26,AS-BRA-01
1991-03-12,1.1,56.26,AS-BRA-01
1991-03-13,0.2,56.26,AS-BRA-01
1991-03-14,0.0,56.26,AS-BRA-01
1991-03-15,0.9,56.26,AS-BRA-01
1991-03-16,6.7,56.26,AS-BRA-01
1991-03-17,0.0,56.26,AS-BRA-01
1991-03-18,0.0,56.26,AS-BRA-01
1991-03-19,0.0,56.26,AS-BRA-01
1991-03-20,0.0,56.26,AS-BRA-01
1991-03-21,0.0,56.26,AS-BRA-01
1991-03-22,0.0,56.26,AS-BRA-01
1991-03-23,0.0,56.26,AS-BRA-01
1991-03-24,6.8,56.26,AS-BRA-01
1991-03-25,0.1,56.26,AS-BRA-01
1991-03-26,0.2,56.26,AS-BRA-01
1991-03-27,0.0,56.26,AS-BRA-01
1991-03-28,0.0,56.26,AS-BRA-01
1991-03-29,2.0,56.26,AS-BRA-01
1991-03-30,1.4,56.26,AS-BRA-01
1991-03-31,36.9,56.26,AS-BRA-01
1991-04-01,32.1,56.26,AS-BRA-01
1991-04-02,23.1,56.26,AS-BRA-01
1991-04-03,16.3,56.26,AS-BRA-01
1991-04-04,2.1,56.26,AS-BRA-01
1991-04-05,2.4,56.26,AS-BRA-01
1991-04-06,2.2,56.26,AS-BRA-01
1991-04-07,6.7,56.26,AS-BRA-01
1991-04-08,1.0,56.26,AS-BRA-01
1991-04-09,4.4,56.26,AS-BRA-01
1991-04-10,1.3,56.26,AS-BRA-01
1991-04-11,1.2,56.26,AS-BRA-01
1991-04-12,1.6,56.26,AS-BRA-01
1991-04-13,0.7,56.26,AS-BRA-01
1991-04-14,0.6,56.26,AS-BRA-01
1991-04-15,6.8,56.26,AS-BRA-01
1991-04-16,0.0,56.26,AS-BRA-01
1991-04-17,0.0,56.26,AS-BRA-01
1991-04-18,0.0,56.26,AS-BRA-01
1991-04-19,0.0,56.26,AS-BRA-01
1991-04-20,0.0,56.26,AS-BRA-01
1991-04-21,0.3,56.26,AS-BRA-01
1991-04-22,0.5,56.26,AS-BRA-01
1991-04-23,0.6,56.26,AS-BRA-01
1991-04-24,2.3,56.26,AS-BRA-01
1991-04-25,1.9,56.26,AS-BRA-01
1991-04-26,0.5,56.26,AS-BRA-01
1991-04-27,2.1,56.26,AS-BRA-01
1991-04-28,3.0,56.26,AS-BRA-01
1991-04-29,2.1,56.26,AS-BRA-01
1991-04-30,9.4,56.26,AS-BRA-01
1991-05-01,7.9,56.26,AS-BRA-01
1991-05-02,25.4,56.26,AS-BRA-01
1991-05-03,3.3,56.26,AS-BRA-01
1991-05-04,8.0,56.26,AS-BRA-01
1991-05-05,15.9,56.26,AS-BRA-01
1991-05-06,12.7,56.26,AS-BRA-01
1991-05-07,25.3,56.26,AS-BRA-01
1991-05-08,14.6,56.26,AS-BRA-01
1991-05-09,27.8,56.26,AS-BRA-01
1991-05-10,6.9,56.26,AS-BRA-01
1991-05-11,2.2,56.26,AS-BRA-01
1991-05-12,4.2,56.26,AS-BRA-01
1991-05-13,16.8,56.26,AS-BRA-01
1991-05-14,3.5,56.26,AS-BRA-01
1991-05-15,2.2,56.26,AS-BRA-01
1991-05-16,25.5,56.26,AS-BRA-01
1991-05-17,6.8,56.26,AS-BRA-01
1991-05-18,23.8,56.26,AS-BRA-01
1991-05-19,9.6,56.26,AS-BRA-01
1991-05-20,7.7,56.26,AS-BRA-01
1991-05-21,24.5,56.26,AS-BRA-01
1991-05-22,13.6,56.26,AS-BRA-01
1991-05-23,7.0,56.26,AS-BRA-01
1991-05-24,10.5,56.26,AS-BRA-01
1991-05-25,5.9,56.26,AS-BRA-01
1991-05-26,56.3,56.26,AS-BRA-01
1991-05-27,25.8,56.26,AS-BRA-01
1991-05-28,21.6,56.26,AS-BRA-01
1991-05-29,57.5,56.26,AS-BRA-01
1991-05-30,34.6,56.26,AS-BRA-01
1991-05-31,47.4,56.26,AS-BRA-01
1991-06-01,19.5,56.26,AS-BRA-01
1991-06-02,76.9,56.26,AS-BRA-01
1991-06-03,8.5,56.26,AS-BRA-01
1991-06-04,7.2,56.26,AS-BRA-01
1991-06-05,5.2,56.26,AS-BRA-01
1991-06-06,8.9,56.26,AS-BRA-01
1991-06-07,15.7,56.26,AS-BRA-01
1991-06-08,5.7,56.26,AS-BRA-01
1991-06-09,11.1,56.26,AS-BRA-01
1991-06-10,8.8,56.26,AS-BRA-01
1991-06-11,60.2,56.26,AS-BRA-01
1991-06-12,30.5,56.26,AS-BRA-01
1991-06-13,21.6,56.26,AS-BRA-01
1991-06-14,5.6,56.26,AS-BRA-01
1991-06-15,19.8,56.26,AS-BRA-01
1991-06-16,14.1,56.26,AS-BRA-01
1991-06-17,19.6,56.26,AS-BRA-01
1991-06-18,28.9,56.26,AS-BRA-01
1991-06-19,25.5,56.26,AS-BRA-01
1991-06-20,0.9,56.26,AS-BRA-01
1991-06-21,6.9,56.26,AS-BRA-01
1991-06-22,1.1,56.26,AS-BRA-01
1991-06-23,18.7,56.26,AS-BRA-01
1991-06-24,4.9,56.26,AS-BRA-01
1991-06-25,8.6,56.26,AS-BRA-01
1991-06-26,21.7,56.26,AS-BRA-01
1991-06-27,36.1,56.26,AS-BRA-01
1991-06-28,23.4,56.26,AS-BRA-01
1991-06-29,11.4,56.26,AS-BRA-01
1991-06-30,15.9,56.26,AS-BRA-01
1991-07-01,8.3,56.26,AS-BRA-01
1991-07-02,17.8,56.26,AS-BRA-01
1991-07-03,20.4,56.26,AS-BRA-01
1991-07-04,81.8,56.26,AS-BRA-01
1991-07-05,39.0,56.26,AS-BRA-01
1991-07-06,22.1,56.26,AS-BRA-01
1991-07-07,19.9,56.26,AS-BRA-01
1991-07-08,35.3,56.26,AS-BRA-01
1991-07-09,12.5,56.26,AS-BRA-01
1991-07-10,12.8,56.26,AS-BRA-01
1991-07-11,6.0,56.26,AS-BRA-01
1991-07-12,7.2,56.26,AS-BRA-01
1991-07-13,7.9,56.26,AS-BRA-01
1991-07-14,7.9,56.26,AS-BRA-01
1991-07-15,14.8,56.26,AS-BRA-01
1991-07-16,35.2,56.26,AS-BRA-01
1991-07-17,38.9,56.26,AS-BRA-01
1991-07-18,63.5,56.26,AS-BRA-01
1991-07-19,38.5,56.26,AS-BRA-01
1991-07-20,17.3,56.26,AS-BRA-01
1991-07-21,4.0,56.26,AS-BRA-01
1991-07-22,16.4,56.26,AS-BRA-01
1991-07-23,9.9,56.26,AS-BRA-01
1991-07-24,29.9,56.26,AS-BRA-01
1991-07-25,9.5,56.26,AS-BRA-01
1991-07-26,5.8,56.26,AS-BRA-01
1991-07-27,21.5,56.26,AS-BRA-01
1991-07-28,35.9,56.26,AS-BRA-01
1991-07-29,22.4,56.26,AS-BRA-01
1991-07-30,1.3,56.26,AS-BRA-01
1991-07-31,3.9,56.26,AS-BRA-01
1991-08-01,4.7,56.26,AS-BRA-01
1991-08-02,15.9,56.26,AS-BRA-01
1991-08-03,31.7,56.26,AS-BRA-01
1991-08-04,6.8,56.26,AS-BRA-01
1991-08-05,15.0,56.26,AS-BRA-01
1991-08-06,20.1,56.26,AS-BRA-01
1991-08-07,5.4,56.26,AS-BRA-01
1991-08-08,1.2,56.26,AS-BRA-01
1991-08-09,2.1,56.26,AS-BRA-01
1991-08-10,3.6,56.26,AS-BRA-01
1991-08-11,13.5,56.26,AS-BRA-01
1991-08-12,13.9,56.26,AS-BRA-01
1991-08-13,6.2,56.26,AS-BRA-01
1991-08-14,27.1,56.26,AS-BRA-01
1991-08-15,52.4,56.26,AS-BRA-01
1991-08-16,56.1,56.26,AS-BRA-01
1991-08-17,39.7,56.26,AS-BRA-01
1991-08-18,26.3,56.26,AS-BRA-01
1991-08-19,3.5,56.26,AS-BRA-01
1991-08-20,0.3,56.26,AS-BRA-01
1991-08-21,9.1,56.26,AS-BRA-01
1991-08-22,25.1,56.26,AS-BRA-01
1991-08-23,9.2,56.26,AS-BRA-01
1991-08-24,18.0,56.26,AS-BRA-01
1991-08-25,39.0,56.26,AS-BRA-01
1991-08-26,26.0,56.26,AS-BRA-01
1991-08-27,30.5,56.26,AS-BRA-01
1991-08-28,6.9,56.26,AS-BRA-01
1991-08-29,46.6,56.26,AS-BRA-01
1991-08-30,29.6,56.26,AS-BRA-01
1991-08-31,25.5,56.26,AS-BRA-01
1991-09-01,12.4,56.26,AS-BRA-01
1991-09-02,21.7,56.26,AS-BRA-01
1991-09-03,33.3,56.26,AS-BRA-01
1991-09-04,85.0,56.26,AS-BRA-01
1991-09-05,11.8,56.26,AS-BRA-01
1991-09-06,28.4,56.26,AS-BRA-01
1991-09-07,9.6,56.26,AS-BRA-01
1991-09-08,3.8,56.26,AS-BRA-01
1991-09-09,1.0,56.26,AS-BRA-01
1991-09-10,28.1,56.26,AS-BRA-01
1991-09-11,3.0,56.26,AS-BRA-01
1991-09-12,9.1,56.26,AS-BRA-01
1991-09-13,21.1,56.26,AS-BRA-01
1991-09-14,16.8,56.26,AS-BRA-01
1991-09-15,15.8,56.26,AS-BRA-01
1991-09-16,3.8,56.26,AS-BRA-01
1991-09-17,11.9,56.26,AS-BRA-01
1991-09-18,9.1,56.26,AS-BRA-01
1991-09-19,1.3,56.26,AS-BRA-01
1991-09-20,3.3,56.26,AS-BRA-01
1991-09-21,7.7,56.26,AS-BRA-01
1991-09-22,10.3,56.26,AS-BRA-01
1991-09-23,7.0,56.26,AS-BRA-01
1991-09-24,4.3,56.26,AS-BRA-01
1991-09-25,24.8,56.26,AS-BRA-01
1991-09-26,1.8,56.26,AS-BRA-01
1991-09-27,3.1,56.26,AS-BRA-01
1991-09-28,1.9,56.26,AS-BRA-01
1991-09-29,2.3,56.26,AS-BRA-01
1991-09-30,2.0,56.26,AS-BRA-01
1991-10-01,0.6,56.26,AS-BRA-01
1991-10-02,1.5,56.26,AS-BRA-01
1991-10-03,2.1,56.26,AS-BRA-01
1991-10-04,3.6,56.26,AS-BRA-01
1991-10-05,15.6,56.26,AS-BRA-01
1991-10-06,2.7,56.26,AS-BRA-01
1991-10-07,0.6,56.26,AS-BRA-01
1991-10-08,0.7,56.26,AS-BRA-01
1991-10-09,1.1,56.26,AS-BRA-01
1991-10-10,2.5,56.26,AS-BRA-01
1991-10-11,0.4,56.26,AS-BRA-01
1991-10-12,0.7,56.26,AS-BRA-01
1991-10-13,39.9,56.26,AS-BRA-01
1991-10-14,56.3,56.26,AS-BRA-01
1991-10-15,19.9,56.26,AS-BRA-01
1991-10-16,0.0,56.26,AS-BRA-01
1991-10-17,0.5,56.26,AS-BRA-01
1991-10-18,0.0,56.26,AS-BRA-01
1991-10-19,0.0,56.26,AS-BRA-01
1991-10-20,0.0,56.26,AS-BRA-01
1991-10-21,0.0,56.26,AS-BRA-01
1991-10-22,0.0,56.26,AS-BRA-01
1991-10-23,0.0,56.26,AS-BRA-01
1991-10-24,0.0,56.26,AS-BRA-01
1991-10-25,0.1,56.26,AS-BRA-01
1991-10-26,0.0,56.26,AS-BRA-01
1991-10-27,0.0,56.26,AS-BRA-01
1991-10-28,0.0,56.26,AS-BRA-01
1991-10-29,0.3,56.26,AS-BRA-01
1991-10-30,0.0,56.26,AS-BRA-01
1991-10-31,0.0,56.26,AS-BRA-01
1991-11-01,0.0,56.26,AS-BRA-01
1991-11-02,0.1,56.26,AS-BRA-01
1991-11-03,0.0,56.26,AS-BRA-01
1991-11-04,0.2,56.26,AS-BRA-01
1991-11-05,0.0,56.26,AS-BRA-01
1991-11-06,0.9,56.26,AS-BRA-01
1991-11-07,0.0,56.26,AS-BRA-01
1991-11-08,0.0,56.26,AS-BRA-01
1991-11-09,0.0,56.26,AS-BRA-01
1991-11-10,0.0,56.26,AS-BRA-01
1991-11-11,0.0,56.26,AS-BRA-01
1991-11-12,0.0,56.26,AS-BRA-01
1991-11-13,0.0,56.26,AS-BRA-01
1991-11-14,0.0,56.26,AS-BRA-01
1991-11-15,0.0,56.26,AS-BRA-01
1991-11-16,0.0,56.26,AS-BRA-01
1991-11-17,0.0,56.26,AS-BRA-01
1991-11-18,0.0,56.26,AS-BRA-01
1991-11-19,0.0,56.26,AS-BRA-01
1991-11-20,0.0,56.26,AS-BRA-01
1991-11-21,0.0,56.26,AS-BRA-01
1991-11-22,0.0,56.26,AS-BRA-01
1991-11-23,0.0,56.26,AS-BRA-01
1991-11-24,0.0,56.26,AS-BRA-01
1991-11-25,0.3,56.26,AS-BRA-01
1991-11-26,0.0,56.26,AS-BRA-01
1991-11-27,0.6,56.26,AS-BRA-01
1991-11-28,0.9,56.26,AS-BRA-01
1991-11-29,0.0,56.26,AS-BRA-01
1991-11-30,0.2,56.26,AS-BRA-01
1991-12-01,0.0,56.26,AS-BRA-01
1991-12-02,0.0,56.26,AS-BRA-01
1991-12-03,0.0,56.26,AS-BRA-01
1991-12-04,0.0,56.26,AS-BRA-01
1991-12-05,0.0,56.26,AS-BRA-01
1991-12-06,0.0,56.26,AS-BRA-01
1991-12-07,0.0,56.26,AS-BRA-01
1991-12-08,0.0,56.26,AS-BRA-01
1991-12-09,0.0,56.26,AS-BRA-01
1991-12-10,0.0,56.26,AS-BRA-01
1991-12-11,0.0,56.26,AS-BRA-01
1991-12-12,0.0,56.26,AS-BRA-01
1991-12-13,0.0,56.26,AS-BRA-01
1991-12-14,0.0,56.26,AS-BRA-01
1991-12-15,0.0,56.26,AS-BRA-01
1991-12-16,0.0,56.26,AS-BRA-01
1991-12-17,0.0,56.26,AS-BRA-01
1991-12-18,0.0,56.26,AS-BRA-01
1991-12-19,0.0,56.26,AS-BRA-01
1991-12-20,0.0,56.26,AS-BRA-01
1991-12-21,0.0,56.26,AS-BRA-01
1991-12-22,3.8,56.26,AS-BRA-01
1991-12-23,3.0,56.26,AS-BRA-01
1991-12-24,12.0,56.26,AS-BRA-01
1991-12-25,21.9,56.26,AS-BRA-01
1991-12-26,5.1,56.26,AS-BRA-01
1991-12-27,0.7,56.26,AS-BRA-01
1991-12-28,0.0,56.26,AS-BRA-01
1991-12-29,0.0,56.26,AS-BRA-01
1991-12-30,0.0,56.26,AS-BRA-01
1991-12-31,0.0,56.26,AS-BRA-01
1992-01-01,0.0,56.26,AS-BRA-01
1992-01-02,0.0,56.26,AS-BRA-01
1992-01-03,0.0,56.26,AS-BRA-01
1992-01-04,0.0,56.26,AS-BRA-01
1992-01-05,0.0,56.26,AS-BRA-01
1992-01-06,0.0,56.26,AS-BRA-01
1992-01-07,0.0,56.26,AS-BRA-01
1992-01-08,0.0,56.26,AS-BRA-01
1992-01-09,0.0,56.26,AS-BRA-01
1992-01-10,0.0,56.26,AS-BRA-01
1992-01-11,0.0,56.26,AS-BRA-01
1992-01-12,6.5,56.26,AS-BRA-01
1992-01-13,0.0,56.26,AS-BRA-01
1992-01-14,0.0,56.26,AS-BRA-01
1992-01-15,0.1,56.26,AS-BRA-01
1992-01-16,0.0,56.26,AS-BRA-01
1992-01-17,0.2,56.26,AS-BRA-01
1992-01-18,0.0,56.26,AS-BRA-01
1992-01-19,0.6,56.26,AS-BRA-01
1992-01-20,0.7,56.26,AS-BRA-01
1992-01-21,0.0,56.26,AS-BRA-01
1992-01-22,3.1,56.26,AS-BRA-01
1992-01-23,0.0,56.26,AS-BRA-01
1992-01-24,0.7,56.26,AS-BRA-01
1992-01-25,0.0,56.26,AS-BRA-01
1992-01-26,0.0,56.26,AS-BRA-01
1992-01-27,0.0,56.26,AS-BRA-01
1992-01-28,0.0,56.26,AS-BRA-01
1992-01-29,0.0,56.26,AS-BRA-01
1992-01-30,0.0,56.26,AS-BRA-01
1992-01-31,8.9,56.26,AS-BRA-01
1992-02-01,7.0,56.26,AS-BRA-01
1992-02-02,0.1,56.26,AS-BRA-01
1992-02-03,0.0,56.26,AS-BRA-01
1992-02-04,0.0,56.26,AS-BRA-01
1992-02-05,0.0,56.26,AS-BRA-01
1992-02-06,0.0,56.26,AS-BRA-01
1992-02-07,5.9,56.26,AS-BRA-01
1992-02-08,0.2,56.26,AS-BRA-01
1992-02-09,0.4,56.26,AS-BRA-01
1992-02-10,0.0,56.26,AS-BRA-01
1992-02-11,0.0,56.26,AS-BRA-01
1992-02-12,0.0,56.26,AS-BRA-01
1992-02-13,0.0,56.26,AS-BRA-01
1992-02-14,1.3,56.26,AS-BRA-01
1992-02-15,2.3,56.26,AS-BRA-01
1992-02-16,0.2,56.26,AS-BRA-01
1992-02-17,0.0,56.26,AS-BRA-01
1992-02-18,0.0,56.26,AS-BRA-01
1992-02-19,0.0,56.26,AS-BRA-01
1992-02-20,0.6,56.26,AS-BRA-01
1992-02-21,5.6,56.26,AS-BRA-01
1992-02-22,1.4,56.26,AS-BRA-01
1992-02-23,0.2,56.26,AS-BRA-01
1992-02-24,0.0,56.26,AS-BRA-01
1992-02-25,0.5,56.26,AS-BRA-01
1992-02-26,0.0,56.26,AS-BRA-01
1992-02-27,0.0,56.26,AS-BRA-01
1992-02-28,3.5,56.26,AS-BRA-01
1992-02-29,0.2,56.26,AS-BRA-01
1992-03-01,4.2,56.26,AS-BRA-01
1992-03-02,3.0,56.26,AS-BRA-01
1992-03-03,0.0,56.26,AS-BRA-01
1992-03-04,0.0,56.26,AS-BRA-01
1992-03-05,0.2,56.26,AS-BRA-01
1992-03-06,0.0,56.26,AS-BRA-01
1992-03-07,0.0,56.26,AS-BRA-01
1992-03-08,0.0,56.26,AS-BRA-01
1992-03-09,0.0,56.26,AS-BRA-01
1992-03-10,0.0,56.26,AS-BRA-01
1992-03-11,0.0,56.26,AS-BRA-01
1992-03-12,0.0,56.26,AS-BRA-01
1992-03-13,0.0,56.26,AS-BRA-01
1992-03-14,0.0,56.26,AS-BRA-01
1992-03-15,0.0,56.26,AS-BRA-01
1992-03-16,0.0,56.26,AS-BRA-01
1992-03-17,0.0,56.26,AS-BRA-01
1992-03-18,0.2,56.26,AS-BRA-01
1992-03-19,0.0,56.26,AS-BRA-01
1992-03-20,7.3,56.26,AS-BRA-01
1992-03-21,9.7,56.26,AS-BRA-01
1992-03-22,2.3,56.26,AS-BRA-01
1992-03-23,0.0,56.26,AS-BRA-01
1992-03-24,0.0,56.26,AS-BRA-01
1992-03-25,0.0,56.26,AS-BRA-01
1992-03-26,0.0,56.26,AS-BRA-01
1992-03-27,0.0,56.26,AS-BRA-01
1992-03-28,0.0,56.26,AS-BRA-01
1992-03-29,0.0,56.26,AS-BRA-01
1992-03-30,0.0,56.26,AS-BRA-01
1992-03-31,0.0,56.26,AS-BRA-01
1992-04-01,0.0,56.26,AS-BRA-01
1992-04-02,0.0,56.26,AS-BRA-01
1992-04-03,0.0,56.26,AS-BRA-01
1992-04-04,0.0,56.26,AS-BRA-01
1992-04-05,3.8,56.26,AS-BRA-01
1992-04-06,2.0,56.26,AS-BRA-01
1992-04-07,0.2,56.26,AS-BRA-01
1992-04-08,0.2,56.26,AS-BRA-01
1992-04-09,0.1,56.26,AS-BRA-01
1992-04-10,0.0,56.26,AS-BRA-01
1992-04-11,0.0,56.26,AS-BRA-01
1992-04-12,0.0,56.26,AS-BRA-01
1992-04-13,0.0,56.26,AS-BRA-01
1992-04-14,0.0,56.26,AS-BRA-01
1992-04-15,0.0,56.26,AS-BRA-01
1992-04-16,0.5,56.26,AS-BRA-01
1992-04-17,1.8,56.26,AS-BRA-01
1992-04-18,7.0,56.26,AS-BRA-01
1992-04-19,4.3,56.26,AS-BRA-01
1992-04-20,3.7,56.26,AS-BRA-01
1992-04-21,8.9,56.26,AS-BRA-01
1992-04-22,8.7,56.26,AS-BRA-01
1992-04-23,5.1,56.26,AS-BRA-01
1992-04-24,0.0,56.26,AS-BRA-01
1992-04-25,1.0,56.26,AS-BRA-01
1992-04-26,13.2,56.26,AS-BRA-01
1992-04-27,13.0,56.26,AS-BRA-01
1992-04-28,17.1,56.26,AS-BRA-01
1992-04-29,6.5,56.26,AS-BRA-01
1992-04-30,3.6,56.26,AS-BRA-01
1992-05-01,22.1,56.26,AS-BRA-01
1992-05-02,16.3,56.26,AS-BRA-01
1992-05-03,28.3,56.26,AS-BRA-01
1992-05-04,6.0,56.26,AS-BRA-01
1992-05-05,2.8,56.26,AS-BRA-01
1992-05-06,5.2,56.26,AS-BRA-01
1992-05-07,6.8,56.26,AS-BRA-01
1992-05-08,0.1,56.26,AS-BRA-01
1992-05-09,2.4,56.26,AS-BRA-01
1992-05-10,3.4,56.26,AS-BRA-01
1992-05-11,9.5,56.26,AS-BRA-01
1992-05-12,1.1,56.26,AS-BRA-01
1992-05-13,10.2,56.26,AS-BRA-01
1992-05-14,14.4,56.26,AS-BRA-01
1992-05-15,20.0,56.26,AS-BRA-01
1992-05-16,52.5,56.26,AS-BRA-01
1992-05-17,7.1,56.26,AS-BRA-01
1992-05-18,3.2,56.26,AS-BRA-01
1992-05-19,1.3,56.26,AS-BRA-01
1992-05-20,1.4,56.26,AS-BRA-01
1992-05-21,8.3,56.26,AS-BRA-01
1992-05-22,4.1,56.26,AS-BRA-01
1992-05-23,2.3,56.26,AS-BRA-01
1992-05-24,7.8,56.26,AS-BRA-01
1992-05-25,0.9,56.26,AS-BRA-01
1992-05-26,4.1,56.26,AS-BRA-01
1992-05-27,25.5,56.26,AS-BRA-01
1992-05-28,6.5,56.26,AS-BRA-01
1992-05-29,3.3,56.26,AS-BRA-01
1992-05-30,5.5,56.26,AS-BRA-01
1992-05-31,1.8,56.26,AS-BRA-01
1992-06-01,1.5,56.26,AS-BRA-01
1992-06-02,0.8,56.26,AS-BRA-01
1992-06-03,1.1,56.26,AS-BRA-01
1992-06-04,2.6,56.26,AS-BRA-01
1992-06-05,6.8,56.26,AS-BRA-01
1992-06-06,1.4,56.26,AS-BRA-01
1992-06-07,36.6,56.26,AS-BRA-01
1992-06-08,45.3,56.26,AS-BRA-01
1992-06-09,9.2,56.26,AS-BRA-01
1992-06-10,24.2,56.26,AS-BRA-01
1992-06-11,5.5,56.26,AS-BRA-01
1992-06-12,5.8,56.26,AS-BRA-01
1992-06-13,2.3,56.26,AS-BRA-01
1992-06-14,2.5,56.26,AS-BRA-01
1992-06-15,0.6,56.26,AS-BRA-01
1992-06-16,10.4,56.26,AS-BRA-01
1992-06-17,35.8,56.26,AS-BRA-01
1992-06-18,8.7,56.26,AS-BRA-01
1992-06-19,15.5,56.26,AS-BRA-01
1992-06-20,13.0,56.26,AS-BRA-01
1992-06-21,11.4,56.26,AS-BRA-01
1992-06-22,27.9,56.26,AS-BRA-01
1992-06-23,39.3,56.26,AS-BRA-01
1992-06-24,38.6,56.26,AS-BRA-01
1992-06-25,4.3,56.26,AS-BRA-01
1992-06-26,6.0,56.26,AS-BRA-01
1992-06-27,6.6,56.26,AS-BRA-01
1992-06-28,14.8,56.26,AS-BRA-01
1992-06-29,4.5,56.26,AS-BRA-01
1992-06-30,3.9,56.26,AS-BRA-01
1992-07-01,9.7,56.26,AS-BRA-01
1992-07-02,28.9,56.26,AS-BRA-01
1992-07-03,14.1,56.26,AS-BRA-01
1992-07-04,3.7,56.26,AS-BRA-01
1992-07-05,2.2,56.26,AS-BRA-01
1992-07-06,4.2,56.26,AS-BRA-01
1992-07-07,3.8,56.26,AS-BRA-01
1992-07-08,5.7,56.26,AS-BRA-01
1992-07-09,17.1,56.26,AS-BRA-01
1992-07-10,12.8,56.26,AS-BRA-01
1992-07-11,19.6,56.26,AS-BRA-01
1992-07-12,9.7,56.26,AS-BRA-01
1992-07-13,2.5,56.26,AS-BRA-01
1992-07-14,22.9,56.26,AS-BRA-01
1992-07-15,31.9,56.26,AS-BRA-01
1992-07-16,31.9,56.26,AS-BRA-01
1992-07-17,9.5,56.26,AS-BRA-01
1992-07-18,18.6,56.26,AS-BRA-01
1992-07-19,14.9,56.26,AS-BRA-01
1992-07-20,15.2,56.26,AS-BRA-01
1992-07-21,11.5,56.26,AS-BRA-01
1992-07-22,4.7,56.26,AS-BRA-01
1992-07-23,10.0,56.26,AS-BRA-01
1992-07-24,8.3,56.26,AS-BRA-01
1992-07-25,11.6,56.26,AS-BRA-01
1992-07-26,6.1,56.26,AS-BRA-01
1992-07-27,19.3,56.26,AS-BRA-01
1992-07-28,18.6,56.26,AS-BRA-01
1992-07-29,15.8,56.26,AS-BRA-01
1992-07-30,19.4,56.26,AS-BRA-01
1992-07-31,34.4,56.26,AS-BRA-01
1992-08-01,41.2,56.26,AS-BRA-01
1992-08-02,14.5,56.26,AS-BRA-01
1992-08-03,12.6,56.26,AS-BRA-01
1992-08-04,4.1,56.26,AS-BRA-01
1992-08-05,4.7,56.26,AS-BRA-01
1992-08-06,15.2,56.26,AS-BRA-01
1992-08-07,4.0,56.26,AS-BRA-01
1992-08-08,8.7,56.26,AS-BRA-01
1992-08-09,3.1,56.26,AS-BRA-01
1992-08-10,0.9,56.26,AS-BRA-01
1992-08-11,7.0,56.26,AS-BRA-01
1992-08-12,3.4,56.26,AS-BRA-01
1992-08-13,24.2,56.26,AS-BRA-01
1992-08-14,9.9,56.26,AS-BRA-01
1992-08-15,73.7,56.26,AS-BRA-01
1992-08-16,28.1,56.26,AS-BRA-01
1992-08-17,7.8,56.26,AS-BRA-01
1992-08-18,19.5,56.26,AS-BRA-01
1992-08-19,31.8,56.26,AS-BRA-01
1992-08-20,14.6,56.26,AS-BRA-01
1992-08-21,8.8,56.26,AS-BRA-01
1992-08-22,2.3,56.26,AS-BRA-01
1992-08-23,1.3,56.26,AS-BRA-01
1992-08-24,8.5,56.26,AS-BRA-01
1992-08-25,44.9,56.26,AS-BRA-01
1992-08-26,18.6,56.26,AS-BRA-01
1992-08-27,32.3,56.26,AS-BRA-01
1992-08-28,5.5,56.26,AS-BRA-01
1992-08-29,3.5,56.26,AS-BRA-01
1992-08-30,3.7,56.26,AS-BRA-01
1992-08-31,22.7,56.26,AS-BRA-01
1992-09-01,3.0,56.26,AS-BRA-01
1992-09-02,1.2,56.26,AS-BRA-01
1992-09-03,1.4,56.26,AS-BRA-01
1992-09-04,0.6,56.26,AS-BRA-01
1992-09-05,6.8,56.26,AS-BRA-01
1992-09-06,11.2,56.26,AS-BRA-01
1992-09-07,13.6,56.26,AS-BRA-01
1992-09-08,5.8,56.26,AS-BRA-01
1992-09-09,22.5,56.26,AS-BRA-01
1992-09-10,16.8,56.26,AS-BRA-01
1992-09-11,14.3,56.26,AS-BRA-01
1992-09-12,29.9,56.26,AS-BRA-01
1992-09-13,8.5,56.26,AS-BRA-01
1992-09-14,1.7,56.26,AS-BRA-01
1992-09-15,3.2,56.26,AS-BRA-01
1992-09-16,5.2,56.26,AS-BRA-01
1992-09-17,6.2,56.26,AS-BRA-01
1992-09-18,0.3,56.26,AS-BRA-01
1992-09-19,0.0,56.26,AS-BRA-01
1992-09-20,0.1,56.26,AS-BRA-01
1992-09-21,0.0,56.26,AS-BRA-01
1992-09-22,0.1,56.26,AS-BRA-01
1992-09-23,0.8,56.26,AS-BRA-01
1992-09-24,26.1,56.26,AS-BRA-01
1992-09-25,24.0,56.26,AS-BRA-01
1992-09-26,14.2,56.26,AS-BRA-01
1992-09-27,20.7,56.26,AS-BRA-01
1992-09-28,2.7,56.26,AS-BRA-01
1992-09-29,16.0,56.26,AS-BRA-01
1992-09-30,4.7,56.26,AS-BRA-01
1992-10-01,1.0,56.26,AS-BRA-01
1992-10-02,0.3,56.26,AS-BRA-01
1992-10-03,1.1,56.26,AS-BRA-01
1992-10-04,2.9,56.26,AS-BRA-01
1992-10-05,2.4,56.26,AS-BRA-01
1992-10-06,1.5,56.26,AS-BRA-01
1992-10-07,0.2,56.26,AS-BRA-01
1992-10-08,0.3,56.26,AS-BRA-01
1992-10-09,0.0,56.26,AS-BRA-01
1992-10-10,0.2,56.26,AS-BRA-01
1992-10-11,11.4,56.26,AS-BRA-01
1992-10-12,8.0,56.26,AS-BRA-01
1992-10-13,12.2,56.26,AS-BRA-01
1992-10-14,7.7,56.26,AS-BRA-01
1992-10-15,0.3,56.26,AS-BRA-01
1992-10-16,1.4,56.26,AS-BRA-01
1992-10-17,0.2,56.26,AS-BRA-01
1992-10-18,0.3,56.26,AS-BRA-01
1992-10-19,1.3,56.26,AS-BRA-01
1992-10-20,0.1,56.26,AS-BRA-01
1992-10-21,0.2,56.26,AS-BRA-01
1992-10-22,0.0,56.26,AS-BRA-01
1992-10-23,0.0,56.26,AS-BRA-01
1992-10-24,0.3,56.26,AS-BRA-01
1992-10-25,0.6,56.26,AS-BRA-01
1992-10-26,0.0,56.26,AS-BRA-01
1992-10-27,0.0,56.26,AS-BRA-01
1992-10-28,0.0,56.26,AS-BRA-01
1992-10-29,0.0,56.26,AS-BRA-01
1992-10-30,0.0,56.26,AS-BRA-01
1992-10-31,0.0,56.26,AS-BRA-01
1992-11-01,0.0,56.26,AS-BRA-01
1992-11-02,0.0,56.26,AS-BRA-01
1992-11-03,0.0,56.26,AS-BRA-01
1992-11-04,0.0,56.26,AS-BRA-01
1992-11-05,0.0,56.26,AS-BRA-01
1992-11-06,0.2,56.26,AS-BRA-01
1992-11-07,0.0,56.26,AS-BRA-01
1992-11-08,0.0,56.26,AS-BRA-01
1992-11-09,0.0,56.26,AS-BRA-01
1992-11-10,22.6,56.26,AS-BRA-01
1992-11-11,0.0,56.26,AS-BRA-01
1992-11-12,0.0,56.26,AS-BRA-01
1992-11-13,0.0,56.26,AS-BRA-01
1992-11-14,0.0,56.26,AS-BRA-01
1992-11-15,0.0,56.26,AS-BRA-01
1992-11-16,0.0,56.26,AS-BRA-01
1992-11-17,0.0,56.26,AS-BRA-01
1992-11-18,0.0,56.26,AS-BRA-01
1992-11-19,0.0,56.26,AS-BRA-01
1992-11-20,0.0,56.26,AS-BRA-01
1992-11-21,0.0,56.26,AS-BRA-01
1992-11-22,0.0,56.26,AS-BRA-01
1992-11-23,0.0,56.26,AS-BRA-01
1992-11-24,0.2,56.26,AS-BRA-01
1992-11-25,0.0,56.26,AS-BRA-01
1992-11-26,0.0,56.26,AS-BRA-01
1992-11-27,0.0,56.26,AS-BRA-01
1992-11-28,0.0,56.26,AS-BRA-01
1992-11-29,0.0,56.26,AS-BRA-01
1992-11-30,0.0,56.26,AS-BRA-01
1992-12-01,0.0,56.26,AS-BRA-01
1992-12-02,1.4,56.26,AS-BRA-01
1992-12-03,0.3,56.26,AS-BRA-01
1992-12-04,0.0,56.26,AS-BRA-01
1992-12-05,0.5,56.26,AS-BRA-01
1992-12-06,0.0,56.26,AS-BRA-01
1992-12-07,0.0,56.26,AS-BRA-01
1992-12-08,0.0,56.26,AS-BRA-01
1992-12-09,0.0,56.26,AS-BRA-01
1992-12-10,0.0,56.26,AS-BRA-01
1992-12-11,0.0,56.26,AS-BRA-01
1992-12-12,0.0,56.26,AS-BRA-01
1992-12-13,0.0,56.26,AS-BRA-01
1992-12-14,0.0,56.26,AS-BRA-01
1992-12-15,0.0,56.26,AS-BRA-01
1992-12-16,0.0,56.26,AS-BRA-01
1992-12-17,0.0,56.26,AS-BRA-01
1992-12-18,0.0,56.26,AS-BRA-01
1992-12-19,0.0,56.26,AS-BRA-01
1992-12-20,0.0,56.26,AS-BRA-01
1992-12-21,0.0,56.26,AS-BRA-01
1992-12-22,0.0,56.26,AS-BRA-01
1992-12-23,0.0,56.26,AS-BRA-01
1992-12-24,0.0,56.26,AS-BRA-01
1992-12-25,0.0,56.26,AS-BRA-01
1992-12-26,0.0,56.26,AS-BRA-01
1992-12-27,0.0,56.26,AS-BRA-01
1992-12-28,0.0,56.26,AS-BRA-01
1992-12-29,0.0,56.26,AS-BRA-01
1992-12-30,0.0,56.26,AS-BRA-01
1992-12-31,0.0,56.26,AS-BRA-01
1993-01-01,0.0,56.26,AS-BRA-01
1993-01-02,0.0,56.26,AS-BRA-01
1993-01-03,0.7,56.26,AS-BRA-01
1993-01-04,2.2,56.26,AS-BRA-01
1993-01-05,1.0,56.26,AS-BRA-01
1993-01-06,0.1,56.26,AS-BRA-01
1993-01-07,6.5,56.26,AS-BRA-01
1993-01-08,17.6,56.26,AS-BRA-01
1993-01-09,2.3,56.26,AS-BRA-01
1993-01-10,0.0,56.26,AS-BRA-01
1993-01-11,0.2,56.26,AS-BRA-01
1993-01-12,0.2,56.26,AS-BRA-01
1993-01-13,0.1,56.26,AS-BRA-01
1993-01-14,0.0,56.26,AS-BRA-01
1993-01-15,0.1,56.26,AS-BRA-01
1993-01-16,0.0,56.26,AS-BRA-01
1993-01-17,0.6,56.26,AS-BRA-01
1993-01-18,0.6,56.26,AS-BRA-01
1993-01-19,0.2,56.26,AS-BRA-01
1993-01-20,0.2,56.26,AS-BRA-01
1993-01-21,0.0,56.26,AS-BRA-01
1993-01-22,0.0,56.26,AS-BRA-01
1993-01-23,0.1,56.26,AS-BRA-01
1993-01-24,0.0,56.26,AS-BRA-01
1993-01-25,0.0,56.26,AS-BRA-01
1993-01-26,0.0,56.26,AS-BRA-01
1993-01-27,0.0,56.26,AS-BRA-01
1993-01-28,0.0,56.26,AS-BRA-01
1993-01-29,0.0,56.26,AS-BRA-01
1993-01-30,0.5,56.26,AS-BRA-01
1993-01-31,0.2,56.26,AS-BRA-01
1993-02-01,0.0,56.26,AS-BRA-01
1993-02-02,0.0,56.26,AS-BRA-01
1993-02-03,0.0,56.26,AS-BRA-01
1993-02-04,0.0,56.26,AS-BRA-01
1993-02-05,0.0,56.26,AS-BRA-01
1993-02-06,0.0,56.26,AS-BRA-01
1993-02-07,0.0,56.26,AS-BRA-01
1993-02-08,0.0,56.26,AS-BRA-01
1993-02-09,0.0,56.26,AS-BRA-01
1993-02-10,0.0,56.26,AS-BRA-01
1993-02-11,0.0,56.26,AS-BRA-01
1993-02-12,2.5,56.26,AS-BRA-01
1993-02-13,8.0,56.26,AS-BRA-01
1993-02-14,3.1,56.26,AS-BRA-01
1993-02-15,4.7,56.26,AS-BRA-01
1993-02-16,28.4,56.26,AS-BRA-01
1993-02-17,31.3,56.26,AS-BRA-01
1993-02-18,7.2,56.26,AS-BRA-01
1993-02-19,0.9,56.26,AS-BRA-01
1993-02-20,0.3,56.26,AS-BRA-01
1993-02-21,0.5,56.26,AS-BRA-01
1993-02-22,5.3,56.26,AS-BRA-01
1993-02-23,0.0,56.26,AS-BRA-01
1993-02-24,0.0,56.26,AS-BRA-01
1993-02-25,0.0,56.26,AS-BRA-01
1993-02-26,0.0,56.26,AS-BRA-01
1993-02-27,0.1,56.26,AS-BRA-01
1993-02-28,0.1,56.26,AS-BRA-01
1993-03-01,0.9,56.26,AS-BRA-01
1993-03-02,0.0,56.26,AS-BRA-01
1993-03-03,0.0,56.26,AS-BRA-01
1993-03-04,0.0,56.26,AS-BRA-01
1993-03-05,0.0,56.26,AS-BRA-01
1993-03-06,0.1,56.26,AS-BRA-01
1993-03-07,0.0,56.26,AS-BRA-01
1993-03-08,0.0,56.26,AS-BRA-01
1993-03-09,0.0,56.26,AS-BRA-01
1993-03-10,0.0,56.26,AS-BRA-01
1993-03-11,0.4,56.26,AS-BRA-01
1993-03-12,0.1,56.26,AS-BRA-01
1993-03-13,1.9,56.26,AS-BRA-01
1993-03-14,0.6,56.26,AS-BRA-01
1993-03-15,0.2,56.26,AS-BRA-01
1993-03-16,0.0,56.26,AS-BRA-01
1993-03-17,0.0,56.26,AS-BRA-01
1993-03-18,0.0,56.26,AS-BRA-01
1993-03-19,0.0,56.26,AS-BRA-01
1993-03-20,0.0,56.26,AS-BRA-01
1993-03-21,7.3,56.26,AS-BRA-01
1993-03-22,7.1,56.26,AS-BRA-01
1993-03-23,1.9,56.26,AS-BRA-01
1993-03-24,1.7,56.26,AS-BRA-01
1993-03-25,6.9,56.26,AS-BRA-01
1993-03-26,11.6,56.26,AS-BRA-01
1993-03-27,0.9,56.26,AS-BRA-01
1993-03-28,0.0,56.26,AS-BRA-01
1993-03-29,0.0,56.26,AS-BRA-01
1993-03-30,0.0,56.26,AS-BRA-01
1993-03-31,0.0,56.26,AS-BRA-01
1993-04-01,0.0,56.26,AS-BRA-01
1993-04-02,0.0,56.26,AS-BRA-01
1993-04-03,0.0,56.26,AS-BRA-01
1993-04-04,0.0,56.26,AS-BRA-01
1993-04-05,0.0,56.26,AS-BRA-01
1993-04-06,0.0,56.26,AS-BRA-01
1993-04-07,0.1,56.26,AS-BRA-01
1993-04-08,3.3,56.26,AS-BRA-01
1993-04-09,12.9,56.26,AS-BRA-01
1993-04-10,1.9,56.26,AS-BRA-01
1993-04-11,5.8,56.26,AS-BRA-01
1993-04-12,2.2,56.26,AS-BRA-01
1993-04-13,14.7,56.26,AS-BRA-01
1993-04-14,5.0,56.26,AS-BRA-01
1993-04-15,1.6,56.26,AS-BRA-01
1993-04-16,2.1,56.26,AS-BRA-01
1993-04-17,1.8,56.26,AS-BRA-01
1993-04-18,1.1,56.26,AS-BRA-01
1993-04-19,0.4,56.26,AS-BRA-01
1993-04-20,0.7,56.26,AS-BRA-01
1993-04-21,2.7,56.26,AS-BRA-01
1993-04-22,0.4,56.26,AS-BRA-01
1993-04-23,25.1,56.26,AS-BRA-01
1993-04-24,24.4,56.26,AS-BRA-01
1993-04-25,35.2,56.26,AS-BRA-01
1993-04-26,25.1,56.26,AS-BRA-01
1993-04-27,14.2,56.26,AS-BRA-01
1993-04-28,1.7,56.26,AS-BRA-01
1993-04-29,4.9,56.26,AS-BRA-01
1993-04-30,2.7,56.26,AS-BRA-01
1993-05-01,10.6,56.26,AS-BRA-01
1993-05-02,7.2,56.26,AS-BRA-01
1993-05-03,29.6,56.26,AS-BRA-01
1993-05-04,35.8,56.26,AS-BRA-01
1993-05-05,30.4,56.26,AS-BRA-01
1993-05-06,19.4,56.26,AS-BRA-01
1993-05-07,0.2,56.26,AS-BRA-01
1993-05-08,3.9,56.26,AS-BRA-01
1993-05-09,7.5,56.26,AS-BRA-01
1993-05-10,17.1,56.26,AS-BRA-01
1993-05-11,4.1,56.26,AS-BRA-01
1993-05-12,21.3,56.26,AS-BRA-01
1993-05-13,7.3,56.26,AS-BRA-01
1993-05-14,16.4,56.26,AS-BRA-01
1993-05-15,9.1,56.26,AS-BRA-01
1993-05-16,25.1,56.26,AS-BRA-01
1993-05-17,49.5,56.26,AS-BRA-01
1993-05-18,11.8,56.26,AS-BRA-01
1993-05-19,2.6,56.26,AS-BRA-01
1993-05-20,2.8,56.26,AS-BRA-01
1993-05-21,0.9,56.26,AS-BRA-01
1993-05-22,1.1,56.26,AS-BRA-01
1993-05-23,0.3,56.26,AS-BRA-01
1993-05-24,3.3,56.26,AS-BRA-01
1993-05-25,2.2,56.26,AS-BRA-01
1993-05-26,7.0,56.26,AS-BRA-01
1993-05-27,18.9,56.26,AS-BRA-01
1993-05-28,4.4,56.26,AS-BRA-01
1993-05-29,2.0,56.26,AS-BRA-01
1993-05-30,29.4,56.26,AS-BRA-01
1993-05-31,15.7,56.26,AS-BRA-01
1993-06-01,11.4,56.26,AS-BRA-01
1993-06-02,2.7,56.26,AS-BRA-01
1993-06-03,7.9,56.26,AS-BRA-01
1993-06-04,7.1,56.26,AS-BRA-01
1993-06-05,30.6,56.26,AS-BRA-01
1993-06-06,175.9,56.26,AS-BRA-01
1993-06-07,15.6,56.26,AS-BRA-01
1993-06-08,28.0,56.26,AS-BRA-01
1993-06-09,67.8,56.26,AS-BRA-01
1993-06-10,17.0,56.26,AS-BRA-01
1993-06-11,99.0,56.26,AS-BRA-01
1993-06-12,39.9,56.26,AS-BRA-01
1993-06-13,0.0,56.26,AS-BRA-01
1993-06-14,0.0,56.26,AS-BRA-01
1993-06-15,24.6,56.26,AS-BRA-01
1993-06-16,16.1,56.26,AS-BRA-01
1993-06-17,13.0,56.26,AS-BRA-01
1993-06-18,32.0,56.26,AS-BRA-01
1993-06-19,46.0,56.26,AS-BRA-01
1993-06-20,21.5,56.26,AS-BRA-01
1993-06-21,13.9,56.26,AS-BRA-01
1993-06-22,24.7,56.26,AS-BRA-01
1993-06-23,14.7,56.26,AS-BRA-01
1993-06-24,52.4,56.26,AS-BRA-01
1993-06-25,45.7,56.26,AS-BRA-01
1993-06-26,58.5,56.26,AS-BRA-01
1993-06-27,2.6,56.26,AS-BRA-01
1993-06-28,2.1,56.26,AS-BRA-01
1993-06-29,14.3,56.26,AS-BRA-01
1993-06-30,22.4,56.26,AS-BRA-01
1993-07-01,102.3,56.26,AS-BRA-01
1993-07-02,10.9,56.26,AS-BRA-01
1993-07-03,10.7,56.26,AS-BRA-01
1993-07-04,5.0,56.26,AS-BRA-01
1993-07-05,3.1,56.26,AS-BRA-01
1993-07-06,7.7,56.26,AS-BRA-01
1993-07-07,15.9,56.26,AS-BRA-01
1993-07-08,12.3,56.26,AS-BRA-01
1993-07-09,19.7,56.26,AS-BRA-01
1993-07-10,27.9,56.26,AS-BRA-01
1993-07-11,13.3,56.26,AS-BRA-01
1993-07-12,12.7,56.26,AS-BRA-01
1993-07-13,34.7,56.26,AS-BRA-01
1993-07-14,30.8,56.26,AS-BRA-01
1993-07-15,25.1,56.26,AS-BRA-01
1993-07-16,1.5,56.26,AS-BRA-01
1993-07-17,4.1,56.26,AS-BRA-01
1993-07-18,4.8,56.26,AS-BRA-01
1993-07-19,15.5,56.26,AS-BRA-01
1993-07-20,31.4,56.26,AS-BRA-01
1993-07-21,146.0,56.26,AS-BRA-01
1993-07-22,10.1,56.26,AS-BRA-01
1993-07-23,13.1,56.26,AS-BRA-01
1993-07-24,58.1,56.26,AS-BRA-01
1993-07-25,15.4,56.26,AS-BRA-01
1993-07-26,3.5,56.26,AS-BRA-01
1993-07-27,0.4,56.26,AS-BRA-01
1993-07-28,4.1,56.26,AS-BRA-01
1993-07-29,2.4,56.26,AS-BRA-01
1993-07-30,10.4,56.26,AS-BRA-01
1993-07-31,10.7,56.26,AS-BRA-01
1993-08-01,41.4,56.26,AS-BRA-01
1993-08-02,13.0,56.26,AS-BRA-01
1993-08-03,78.2,56.26,AS-BRA-01
1993-08-04,62.6,56.26,AS-BRA-01
1993-08-05,49.6,56.26,AS-BRA-01
1993-08-06,17.2,56.26,AS-BRA-01
1993-08-07,11.8,56.26,AS-BRA-01
1993-08-08,33.8,56.26,AS-BRA-01
1993-08-09,16.3,56.26,AS-BRA-01
1993-08-10,10.4,56.26,AS-BRA-01
1993-08-11,36.4,56.26,AS-BRA-01
1993-08-12,15.6,56.26,AS-BRA-01
1993-08-13,22.3,56.26,AS-BRA-01
1993-08-14,11.5,56.26,AS-BRA-01
1993-08-15,9.4,56.26,AS-BRA-01
1993-08-16,25.4,56.26,AS-BRA-01
1993-08-17,17.8,56.26,AS-BRA-01
1993-08-18,52.8,56.26,AS-BRA-01
1993-08-19,24.1,56.26,AS-BRA-01
1993-08-20,26.5,56.26,AS-BRA-01
1993-08-21,107.2,56.26,AS-BRA-01
1993-08-22,122.1,56.26,AS-BRA-01
1993-08-23,30.6,56.26,AS-BRA-01
1993-08-24,56.9,56.26,AS-BRA-01
1993-08-25,15.2,56.26,AS-BRA-01
1993-08-26,11.8,56.26,AS-BRA-01
1993-08-27,21.0,56.26,AS-BRA-01
1993-08-28,12.0,56.26,AS-BRA-01
1993-08-29,25.3,56.26,AS-BRA-01
1993-08-30,29.1,56.26,AS-BRA-01
1993-08-31,17.3,56.26,AS-BRA-01
1993-09-01,46.3,56.26,AS-BRA-01
1993-09-02,84.1,56.26,AS-BRA-01
1993-09-03,8.0,56.26,AS-BRA-01
1993-09-04,7.6,56.26,AS-BRA-01
1993-09-05,6.5,56.26,AS-BRA-01
1993-09-06,48.1,56.26,AS-BRA-01
1993-09-07,7.8,56.26,AS-BRA-01
1993-09-08,2.7,56.26,AS-BRA-01
1993-09-09,5.7,56.26,AS-BRA-01
1993-09-10,3.7,56.26,AS-BRA-01
1993-09-11,1.8,56.26,AS-BRA-01
1993-09-12,43.1,56.26,AS-BRA-01
1993-09-13,17.1,56.26,AS-BRA-01
1993-09-14,11.1,56.26,AS-BRA-01
1993-09-15,3.7,56.26,AS-BRA-01
1993-09-16,1.7,56.26,AS-BRA-01
1993-09-17,0.4,56.26,AS-BRA-01
1993-09-18,0.4,56.26,AS-BRA-01
1993-09-19,2.4,56.26,AS-BRA-01
1993-09-20,25.2,56.26,AS-BRA-01
1993-09-21,40.2,56.26,AS-BRA-01
1993-09-22,34.4,56.26,AS-BRA-01
1993-09-23,28.2,56.26,AS-BRA-01
1993-09-24,12.0,56.26,AS-BRA-01
1993-09-25,12.7,56.26,AS-BRA-01
1993-09-26,4.0,56.26,AS-BRA-01
1993-09-27,21.3,56.26,AS-BRA-01
1993-09-28,18.1,56.26,AS-BRA-01
1993-09-29,12.3,56.26,AS-BRA-01
1993-09-30,3.7,56.26,AS-BRA-01
1993-10-01,4.6,56.26,AS-BRA-01
1993-10-02,8.3,56.26,AS-BRA-01
1993-10-03,2.2,56.26,AS-BRA-01
1993-10-04,6.4,56.26,AS-BRA-01
1993-10-05,2.0,56.26,AS-BRA-01
1993-10-06,1.9,56.26,AS-BRA-01
1993-10-07,2.0,56.26,AS-BRA-01
1993-10-08,1.8,56.26,AS-BRA-01
1993-10-09,1.8,56.26,AS-BRA-01
1993-10-10,2.0,56.26,AS-BRA-01
1993-10-11,0.6,56.26,AS-BRA-01
1993-10-12,12.2,56.26,AS-BRA-01
1993-10-13,10.0,56.26,AS-BRA-01
1993-10-14,8.1,56.26,AS-BRA-01
1993-10-15,0.6,56.26,AS-BRA-01
1993-10-16,2.4,56.26,AS-BRA-01
1993-10-17,0.5,56.26,AS-BRA-01
1993-10-18,0.5,56.26,AS-BRA-01
1993-10-19,1.3,56.26,AS-BRA-01
1993-10-20,0.3,56.26,AS-BRA-01
1993-10-21,0.0,56.26,AS-BRA-01
1993-10-22,0.1,56.26,AS-BRA-01
1993-10-23,0.6,56.26,AS-BRA-01
1993-10-24,0.6,56.26,AS-BRA-01
1993-10-25,0.8,56.26,AS-BRA-01
1993-10-26,0.7,56.26,AS-BRA-01
1993-10-27,0.5,56.26,AS-BRA-01
1993-10-28,0.4,56.26,AS-BRA-01
1993-10-29,0.0,56.26,AS-BRA-01
1993-10-30,1.6,56.26,AS-BRA-01
1993-10-31,0.2,56.26,AS-BRA-01
1993-11-01,3.3,56.26,AS-BRA-01
1993-11-02,0.0,56.26,AS-BRA-01
1993-11-03,3.8,56.26,AS-BRA-01
1993-11-04,5.5,56.26,AS-BRA-01
1993-11-05,7.5,56.26,AS-BRA-01
1993-11-06,3.1,56.26,AS-BRA-01
1993-11-07,0.4,56.26,AS-BRA-01
1993-11-08,0.6,56.26,AS-BRA-01
1993-11-09,0.1,56.26,AS-BRA-01
1993-11-10,0.2,56.26,AS-BRA-01
1993-11-11,0.0,56.26,AS-BRA-01
1993-11-12,0.0,56.26,AS-BRA-01
1993-11-13,0.0,56.26,AS-BRA-01
1993-11-14,2.3,56.26,AS-BRA-01
1993-11-15,0.2,56.26,AS-BRA-01
1993-11-16,0.7,56.26,AS-BRA-01
1993-11-17,0.2,56.26,AS-BRA-01
1993-11-18,0.0,56.26,AS-BRA-01
1993-11-19,0.0,56.26,AS-BRA-01
1993-11-20,0.0,56.26,AS-BRA-01
1993-11-21,0.0,56.26,AS-BRA-01
1993-11-22,0.0,56.26,AS-BRA-01
1993-11-23,0.0,56.26,AS-BRA-01
1993-11-24,0.0,56.26,AS-BRA-01
1993-11-25,0.0,56.26,AS-BRA-01
1993-11-26,0.0,56.26,AS-BRA-01
1993-11-27,0.0,56.26,AS-BRA-01
1993-11-28,0.0,56.26,AS-BRA-01
1993-11-29,0.0,56.26,AS-BRA-01
1993-11-30,0.0,56.26,AS-BRA-01
1993-12-01,0.0,56.26,AS-BRA-01
1993-12-02,0.5,56.26,AS-BRA-01
1993-12-03,0.0,56.26,AS-BRA-01
1993-12-04,0.0,56.26,AS-BRA-01
1993-12-05,0.0,56.26,AS-BRA-01
1993-12-06,0.0,56.26,AS-BRA-01
1993-12-07,0.0,56.26,AS-BRA-01
1993-12-08,0.0,56.26,AS-BRA-01
1993-12-09,0.0,56.26,AS-BRA-01
1993-12-10,0.0,56.26,AS-BRA-01
1993-12-11,0.0,56.26,AS-BRA-01
1993-12-12,0.6,56.26,AS-BRA-01
1993-12-13,1.2,56.26,AS-BRA-01
1993-12-14,0.2,56.26,AS-BRA-01
1993-12-15,0.2,56.26,AS-BRA-01
1993-12-16,0.0,56.26,AS-BRA-01
1993-12-17,0.0,56.26,AS-BRA-01
1993-12-18,0.0,56.26,AS-BRA-01
1993-12-19,0.0,56.26,AS-BRA-01
1993-12-20,0.0,56.26,AS-BRA-01
1993-12-21,0.0,56.26,AS-BRA-01
1993-12-22,0.0,56.26,AS-BRA-01
1993-12-23,0.0,56.26,AS-BRA-01
1993-12-24,0.0,56.26,AS-BRA-01
1993-12-25,0.0,56.26,AS-BRA-01
1993-12-26,0.0,56.26,AS-BRA-01
1993-12-27,0.0,56.26,AS-BRA-01
1993-12-28,0.0,56.26,AS-BRA-01
1993-12-29,0.0,56.26,AS-BRA-01
1993-12-30,0.0,56.26,AS-BRA-01
1993-12-31,0.0,56.26,AS-BRA-01
1994-01-01,0.0,56.26,AS-BRA-01
1994-01-02,0.0,56.26,AS-BRA-01
1994-01-03,0.0,56.26,AS-BRA-01
1994-01-04,0.0,56.26,AS-BRA-01
1994-01-05,0.0,56.26,AS-BRA-01
1994-01-06,0.0,56.26,AS-BRA-01
1994-01-07,0.0,56.26,AS-BRA-01
1994-01-08,0.0,56.26,AS-BRA-01
1994-01-09,0.0,56.26,AS-BRA-01
1994-01-10,0.0,56.26,AS-BRA-01
1994-01-11,0.0,56.26,AS-BRA-01
1994-01-12,0.0,56.26,AS-BRA-01
1994-01-13,0.0,56.26,AS-BRA-01
1994-01-14,0.0,56.26,AS-BRA-01
1994-01-15,1.7,56.26,AS-BRA-01
1994-01-16,13.5,56.26,AS-BRA-01
1994-01-17,0.0,56.26,AS-BRA-01
1994-01-18,0.0,56.26,AS-BRA-01
1994-01-19,0.0,56.26,AS-BRA-01
1994-01-20,0.0,56.26,AS-BRA-01
1994-01-21,0.0,56.26,AS-BRA-01
1994-01-22,0.0,56.26,AS-BRA-01
1994-01-23,0.0,56.26,AS-BRA-01
1994-01-24,0.0,56.26,AS-BRA-01
1994-01-25,0.0,56.26,AS-BRA-01
1994-01-26,0.0,56.26,AS-BRA-01
1994-01-27,0.0,56.26,AS-BRA-01
1994-01-28,0.0,56.26,AS-BRA-01
1994-01-29,0.0,56.26,AS-BRA-01
1994-01-30,3.0,56.26,AS-BRA-01
1994-01-31,0.5,56.26,AS-BRA-01
1994-02-01,0.1,56.26,AS-BRA-01
1994-02-02,5.5,56.26,AS-BRA-01
1994-02-03,0.0,56.26,AS-BRA-01
1994-02-04,0.0,56.26,AS-BRA-01
1994-02-05,0.0,56.26,AS-BRA-01
1994-02-06,0.0,56.26,AS-BRA-01
1994-02-07,0.0,56.26,AS-BRA-01
1994-02-08,0.0,56.26,AS-BRA-01
1994-02-09,14.3,56.26,AS-BRA-01
1994-02-10,0.4,56.26,AS-BRA-01
1994-02-11,0.0,56.26,AS-BRA-01
1994-02-12,0.0,56.26,AS-BRA-01
1994-02-13,0.3,56.26,AS-BRA-01
1994-02-14,0.0,56.26,AS-BRA-01
1994-02-15,0.0,56.26,AS-BRA-01
1994-02-16,0.0,56.26,AS-BRA-01
1994-02-17,0.0,56.26,AS-BRA-01
1994-02-18,0.0,56.26,AS-BRA-01
1994-02-19,0.0,56.26,AS-BRA-01
1994-02-20,0.0,56.26,AS-BRA-01
1994-02-21,3.9,56.26,AS-BRA-01
1994-02-22,5.4,56.26,AS-BRA-01
1994-02-23,0.0,56.26,AS-BRA-01
1994-02-24,0.0,56.26,AS-BRA-01
1994-02-25,0.0,56.26,AS-BRA-01
1994-02-26,0.0,56.26,AS-BRA-01
1994-02-27,0.1,56.26,AS-BRA-01
1994-02-28,0.0,56.26,AS-BRA-01
1994-03-01,0.0,56.26,AS-BRA-01
1994-03-02,0.0,56.26,AS-BRA-01
1994-03-03,0.0,56.26,AS-BRA-01
1994-03-04,0.0,56.26,AS-BRA-01
1994-03-05,0.0,56.26,AS-BRA-01
1994-03-06,0.0,56.26,AS-BRA-01
1994-03-07,0.0,56.26,AS-BRA-01
1994-03-08,0.0,56.26,AS-BRA-01
1994-03-09,0.0,56.26,AS-BRA-01
1994-03-10,0.0,56.26,AS-BRA-01
1994-03-11,0.0,56.26,AS-BRA-01
1994-03-12,0.0,56.26,AS-BRA-01
1994-03-13,5.2,56.26,AS-BRA-01
1994-03-14,5.3,56.26,AS-BRA-01
1994-03-15,11.5,56.26,AS-BRA-01
1994-03-16,6.7,56.26,AS-BRA-01
1994-03-17,0.2,56.26,AS-BRA-01
1994-03-18,0.4,56.26,AS-BRA-01
1994-03-19,0.5,56.26,AS-BRA-01
1994-03-20,8.4,56.26,AS-BRA-01
1994-03-21,2.1,56.26,AS-BRA-01
1994-03-22,0.0,56.26,AS-BRA-01
1994-03-23,0.1,56.26,AS-BRA-01
1994-03-24,1.3,56.26,AS-BRA-01
1994-03-25,3.7,56.26,AS-BRA-01
1994-03-26,36.2,56.26,AS-BRA-01
1994-03-27,9.8,56.26,AS-BRA-01
1994-03-28,1.9,56.26,AS-BRA-01
1994-03-29,0.3,56.26,AS-BRA-01
1994-03-30,0.0,56.26,AS-BRA-01
1994-03-31,13.9,56.26,AS-BRA-01
1994-04-01,5.5,56.26,AS-BRA-01
1994-04-02,10.1,56.26,AS-BRA-01
1994-04-03,6.4,56.26,AS-BRA-01
1994-04-04,0.1,56.26,AS-BRA-01
1994-04-05,2.3,56.26,AS-BRA-01
1994-04-06,0.9,56.26,AS-BRA-01
1994-04-07,2.2,56.26,AS-BRA-01
1994-04-08,0.2,56.26,AS-BRA-01
1994-04-09,0.0,56.26,AS-BRA-01
1994-04-10,0.0,56.26,AS-BRA-01
1994-04-11,0.0,56.26,AS-BRA-01
1994-04-12,0.0,56.26,AS-BRA-01
1994-04-13,0.0,56.26,AS-BRA-01
1994-04-14,0.0,56.26,AS-BRA-01
1994-04-15,0.0,56.26,AS-BRA-01
1994-04-16,8.2,56.26,AS-BRA-01
1994-04-17,18.7,56.26,AS-BRA-01
1994-04-18,5.0,56.26,AS-BRA-01
1994-04-19,4.0,56.26,AS-BRA-01
1994-04-20,5.3,56.26,AS-BRA-01
1994-04-21,6.6,56.26,AS-BRA-01
1994-04-22,6.1,56.26,AS-BRA-01
1994-04-23,1.2,56.26,AS-BRA-01
1994-04-24,2.7,56.26,AS-BRA-01
1994-04-25,3.7,56.26,AS-BRA-01
1994-04-26,1.4,56.26,AS-BRA-01
1994-04-27,0.8,56.26,AS-BRA-01
1994-04-28,0.0,56.26,AS-BRA-01
1994-04-29,0.4,56.26,AS-BRA-01
1994-04-30,0.8,56.26,AS-BRA-01
1994-05-01,1.8,56.26,AS-BRA-01
1994-05-02,0.2,56.26,AS-BRA-01
1994-05-03,0.4,56.26,AS-BRA-01
1994-05-04,4.5,56.26,AS-BRA-01
1994-05-05,0.6,56.26,AS-BRA-01
1994-05-06,0.9,56.26,AS-BRA-01
1994-05-07,11.1,56.26,AS-BRA-01
1994-05-08,0.2,56.26,AS-BRA-01
1994-05-09,3.2,56.26,AS-BRA-01
1994-05-10,12.4,56.26,AS-BRA-01
1994-05-11,1.3,56.26,AS-BRA-01
1994-05-12,2.8,56.26,AS-BRA-01
1994-05-13,2.7,56.26,AS-BRA-01
1994-05-14,5.9,56.26,AS-BRA-01
1994-05-15,8.8,56.26,AS-BRA-01
1994-05-16,4.0,56.26,AS-BRA-01
1994-05-17,4.7,56.26,AS-BRA-01
1994-05-18,0.9,56.26,AS-BRA-01
1994-05-19,0.4,56.26,AS-BRA-01
1994-05-20,0.8,56.26,AS-BRA-01
1994-05-21,8.6,56.26,AS-BRA-01
1994-05-22,12.7,56.26,AS-BRA-01
1994-05-23,1.3,56.26,AS-BRA-01
1994-05-24,12.0,56.26,AS-BRA-01
1994-05-25,14.9,56.26,AS-BRA-01
1994-05-26,7.9,56.26,AS-BRA-01
1994-05-27,9.9,56.26,AS-BRA-01
1994-05-28,5.8,56.26,AS-BRA-01
1994-05-29,7.0,56.26,AS-BRA-01
1994-05-30,9.0,56.26,AS-BRA-01
1994-05-31,37.1,56.26,AS-BRA-01
1994-06-01,77.1,56.26,AS-BRA-01
1994-06-02,13.8,56.26,AS-BRA-01
1994-06-03,11.9,56.26,AS-BRA-01
1994-06-04,37.6,56.26,AS-BRA-01
1994-06-05,18.9,56.26,AS-BRA-01
1994-06-06,1.5,56.26,AS-BRA-01
1994-06-07,4.2,56.26,AS-BRA-01
1994-06-08,1.3,56.26,AS-BRA-01
1994-06-09,9.7,56.26,AS-BRA-01
1994-06-10,19.1,56.26,AS-BRA-01
1994-06-11,64.9,56.26,AS-BRA-01
1994-06-12,25.8,56.26,AS-BRA-01
1994-06-13,39.6,56.26,AS-BRA-01
1994-06-14,49.0,56.26,AS-BRA-01
1994-06-15,75.7,56.26,AS-BRA-01
1994-06-16,24.4,56.26,AS-BRA-01
1994-06-17,40.5,56.26,AS-BRA-01
1994-06-18,35.3,56.26,AS-BRA-01
1994-06-19,29.1,56.26,AS-BRA-01
1994-06-20,35.1,56.26,AS-BRA-01
1994-06-21,23.9,56.26,AS-BRA-01
1994-06-22,26.3,56.26,AS-BRA-01
1994-06-23,86.6,56.26,AS-BRA-01
1994-06-24,33.3,56.26,AS-BRA-01
1994-06-25,7.7,56.26,AS-BRA-01
1994-06-26,14.1,56.26,AS-BRA-01
1994-06-27,5.0,56.26,AS-BRA-01
1994-06-28,14.6,56.26,AS-BRA-01
1994-06-29,34.8,56.26,AS-BRA-01
1994-06-30,19.9,56.26,AS-BRA-01
1994-07-01,27.6,56.26,AS-BRA-01
1994-07-02,20.4,56.26,AS-BRA-01
1994-07-03,0.5,56.26,AS-BRA-01
1994-07-04,0.4,56.26,AS-BRA-01
1994-07-05,3.9,56.26,AS-BRA-01
1994-07-06,10.0,56.26,AS-BRA-01
1994-07-07,9.2,56.26,AS-BRA-01
1994-07-08,11.2,56.26,AS-BRA-01
1994-07-09,28.5,56.26,AS-BRA-01
1994-07-10,15.9,56.26,AS-BRA-01
1994-07-11,26.9,56.26,AS-BRA-01
1994-07-12,9.3,56.26,AS-BRA-01
1994-07-13,19.3,56.26,AS-BRA-01
1994-07-14,12.5,56.26,AS-BRA-01
1994-07-15,18.8,56.26,AS-BRA-01
1994-07-16,37.8,56.26,AS-BRA-01
1994-07-17,30.4,56.26,AS-BRA-01
1994-07-18,19.0,56.26,AS-BRA-01
1994-07-19,8.0,56.26,AS-BRA-01
1994-07-20,46.3,56.26,AS-BRA-01
1994-07-21,62.7,56.26,AS-BRA-01
1994-07-22,14.6,56.26,AS-BRA-01
1994-07-23,13.6,56.26,AS-BRA-01
1994-07-24,6.8,56.26,AS-BRA-01
1994-07-25,12.4,56.26,AS-BRA-01
1994-07-26,8.5,56.26,AS-BRA-01
1994-07-27,19.2,56.26,AS-BRA-01
1994-07-28,37.5,56.26,AS-BRA-01
1994-07-29,12.2,56.26,AS-BRA-01
1994-07-30,12.8,56.26,AS-BRA-01
1994-07-31,21.6,56.26,AS-BRA-01
1994-08-01,16.1,56.26,AS-BRA-01
1994-08-02,39.0,56.26,AS-BRA-01
1994-08-03,27.3,56.26,AS-BRA-01
1994-08-04,17.5,56.26,AS-BRA-01
1994-08-05,13.5,56.26,AS-BRA-01
1994-08-06,23.3,56.26,AS-BRA-01
1994-08-07,10.2,56.26,AS-BRA-01
1994-08-08,19.2,56.26,AS-BRA-01
1994-08-09,47.4,56.26,AS-BRA-01
1994-08-10,18.1,56.26,AS-BRA-01
1994-08-11,54.6,56.26,AS-BRA-01
1994-08-12,22.5,56.26,AS-BRA-01
1994-08-13,26.9,56.26,AS-BRA-01
1994-08-14,16.1,56.26,AS-BRA-01
1994-08-15,2.4,56.26,AS-BRA-01
1994-08-16,22.0,56.26,AS-BRA-01
1994-08-17,50.2,56.26,AS-BRA-01
1994-08-18,29.9,56.26,AS-BRA-01
1994-08-19,2.1,56.26,AS-BRA-01
1994-08-20,1.5,56.26,AS-BRA-01
1994-08-21,30.8,56.26,AS-BRA-01
1994-08-22,24.2,56.26,AS-BRA-01
1994-08-23,40.7,56.26,AS-BRA-01
1994-08-24,58.1,56.26,AS-BRA-01
1994-08-25,4.7,56.26,AS-BRA-01
1994-08-26,13.8,56.26,AS-BRA-01
1994-08-27,9.0,56.26,AS-BRA-01
1994-08-28,91.7,56.26,AS-BRA-01
1994-08-29,20.4,56.26,AS-BRA-01
1994-08-30,12.1,56.26,AS-BRA-01
1994-08-31,2.3,56.26,AS-BRA-01
1994-09-01,42.0,56.26,AS-BRA-01
1994-09-02,41.7,56.26,AS-BRA-01
1994-09-03,12.5,56.26,AS-BRA-01
1994-09-04,34.8,56.26,AS-BRA-01
1994-09-05,0.4,56.26,AS-BRA-01
1994-09-06,1.5,56.26,AS-BRA-01
1994-09-07,1.8,56.26,AS-BRA-01
1994-09-08,16.4,56.26,AS-BRA-01
1994-09-09,15.8,56.26,AS-BRA-01
1994-09-10,11.4,56.26,AS-BRA-01
1994-09-11,20.6,56.26,AS-BRA-01
1994-09-12,21.3,56.26,AS-BRA-01
1994-09-13,38.2,56.26,AS-BRA-01
1994-09-14,26.7,56.26,AS-BRA-01
1994-09-15,15.7,56.26,AS-BRA-01
1994-09-16,12.2,56.26,AS-BRA-01
1994-09-17,7.2,56.26,AS-BRA-01
1994-09-18,2.5,56.26,AS-BRA-01
1994-09-19,10.8,56.26,AS-BRA-01
1994-09-20,1.3,56.26,AS-BRA-01
1994-09-21,2.8,56.26,AS-BRA-01
1994-09-22,3.8,56.26,AS-BRA-01
1994-09-23,2.5,56.26,AS-BRA-01
1994-09-24,0.0,56.26,AS-BRA-01
1994-09-25,0.0,56.26,AS-BRA-01
1994-09-26,0.0,56.26,AS-BRA-01
1994-09-27,0.0,56.26,AS-BRA-01
1994-09-28,0.0,56.26,AS-BRA-01
1994-09-29,0.9,56.26,AS-BRA-01
1994-09-30,0.4,56.26,AS-BRA-01
1994-10-01,1.4,56.26,AS-BRA-01
1994-10-02,0.4,56.26,AS-BRA-01
1994-10-03,5.4,56.26,AS-BRA-01
1994-10-04,2.6,56.26,AS-BRA-01
1994-10-05,5.5,56.26,AS-BRA-01
1994-10-06,1.3,56.26,AS-BRA-01
1994-10-07,1.2,56.26,AS-BRA-01
1994-10-08,15.3,56.26,AS-BRA-01
1994-10-09,36.8,56.26,AS-BRA-01
1994-10-10,17.5,56.26,AS-BRA-01
1994-10-11,0.4,56.26,AS-BRA-01
1994-10-12,0.7,56.26,AS-BRA-01
1994-10-13,0.7,56.26,AS-BRA-01
1994-10-14,0.1,56.26,AS-BRA-01
1994-10-15,1.6,56.26,AS-BRA-01
1994-10-16,0.5,56.26,AS-BRA-01
1994-10-17,0.0,56.26,AS-BRA-01
1994-10-18,0.0,56.26,AS-BRA-01
1994-10-19,0.0,56.26,AS-BRA-01
1994-10-20,0.0,56.26,AS-BRA-01
1994-10-21,0.0,56.26,AS-BRA-01
1994-10-22,0.0,56.26,AS-BRA-01
1994-10-23,0.0,56.26,AS-BRA-01
1994-10-24,0.0,56.26,AS-BRA-01
1994-10-25,0.0,56.26,AS-BRA-01
1994-10-26,0.0,56.26,AS-BRA-01
1994-10-27,0.0,56.26,AS-BRA-01
1994-10-28,0.3,56.26,AS-BRA-01
1994-10-29,0.4,56.26,AS-BRA-01
1994-10-30,0.2,56.26,AS-BRA-01
1994-10-31,0.0,56.26,AS-BRA-01
1994-11-01,0.0,56.26,AS-BRA-01
1994-11-02,0.3,56.26,AS-BRA-01
1994-11-03,0.5,56.26,AS-BRA-01
1994-11-04,0.0,56.26,AS-BRA-01
1994-11-05,0.0,56.26,AS-BRA-01
1994-11-06,0.0,56.26,AS-BRA-01
1994-11-07,0.0,56.26,AS-BRA-01
1994-11-08,0.0,56.26,AS-BRA-01
1994-11-09,0.0,56.26,AS-BRA-01
1994-11-10,0.0,56.26,AS-BRA-01
1994-11-11,2.0,56.26,AS-BRA-01
1994-11-12,2.7,56.26,AS-BRA-01
1994-11-13,1.5,56.26,AS-BRA-01
1994-11-14,0.4,56.26,AS-BRA-01
1994-11-15,0.0,56.26,AS-BRA-01
1994-11-16,0.0,56.26,AS-BRA-01
1994-11-17,0.0,56.26,AS-BRA-01
1994-11-18,4.0,56.26,AS-BRA-01
1994-11-19,0.0,56.26,AS-BRA-01
1994-11-20,0.0,56.26,AS-BRA-01
1994-11-21,0.0,56.26,AS-BRA-01
1994-11-22,0.0,56.26,AS-BRA-01
1994-11-23,0.0,56.26,AS-BRA-01
1994-11-24,0.0,56.26,AS-BRA-01
1994-11-25,0.1,56.26,AS-BRA-01
1994-11-26,0.0,56.26,AS-BRA-01
1994-11-27,0.0,56.26,AS-BRA-01
1994-11-28,4.7,56.26,AS-BRA-01
1994-11-29,7.8,56.26,AS-BRA-01
1994-11-30,5.6,56.26,AS-BRA-01
1994-12-01,0.0,56.26,AS-BRA-01
1994-12-02,0.0,56.26,AS-BRA-01
1994-12-03,0.0,56.26,AS-BRA-01
1994-12-04,0.0,56.26,AS-BRA-01
1994-12-05,0.0,56.26,AS-BRA-01
1994-12-06,0.0,56.26,AS-BRA-01
1994-12-07,0.0,56.26,AS-BRA-01
1994-12-08,0.0,56.26,AS-BRA-01
1994-12-09,0.0,56.26,AS-BRA-01
1994-12-10,1.1,56.26,AS-BRA-01
1994-12-11,0.0,56.26,AS-BRA-01
1994-12-12,0.0,56.26,AS-BRA-01
1994-12-13,0.0,56.26,AS-BRA-01
1994-12-14,0.0,56.26,AS-BRA-01
1994-12-15,0.0,56.26,AS-BRA-01
1994-12-16,0.2,56.26,AS-BRA-01
1994-12-17,0.0,56.26,AS-BRA-01
1994-12-18,0.0,56.26,AS-BRA-01
1994-12-19,0.0,56.26,AS-BRA-01
1994-12-20,0.0,56.26,AS-BRA-01
1994-12-21,0.0,56.26,AS-BRA-01
1994-12-22,0.0,56.26,AS-BRA-01
1994-12-23,0.0,56.26,AS-BRA-01
1994-12-24,0.0,56.26,AS-BRA-01
1994-12-25,0.0,56.26,AS-BRA-01
1994-12-26,0.0,56.26,AS-BRA-01
1994-12-27,0.0,56.26,AS-BRA-01
1994-12-28,0.0,56.26,AS-BRA-01
1994-12-29,0.0,56.26,AS-BRA-01
1994-12-30,0.0,56.26,AS-BRA-01
1994-12-31,0.4,56.26,AS-BRA-01
1995-01-01,0.0,56.26,AS-BRA-01
1995-01-02,0.0,56.26,AS-BRA-01
1995-01-03,0.0,56.26,AS-BRA-01
1995-01-04,0.0,56.26,AS-BRA-01
1995-01-05,0.0,56.26,AS-BRA-01
1995-01-06,0.0,56.26,AS-BRA-01
1995-01-07,0.0,56.26,AS-BRA-01
1995-01-08,0.0,56.26,AS-BRA-01
1995-01-09,1.8,56.26,AS-BRA-01
1995-01-10,0.0,56.26,AS-BRA-01
1995-01-11,0.0,56.26,AS-BRA-01
1995-01-12,0.0,56.26,AS-BRA-01
1995-01-13,0.0,56.26,AS-BRA-01
1995-01-14,0.0,56.26,AS-BRA-01
1995-01-15,0.0,56.26,AS-BRA-01
1995-01-16,0.0,56.26,AS-BRA-01
1995-01-17,0.0,56.26,AS-BRA-01
1995-01-18,0.0,56.26,AS-BRA-01
1995-01-19,0.0,56.26,AS-BRA-01
1995-01-20,0.0,56.26,AS-BRA-01
1995-01-21,0.0,56.26,AS-BRA-01
1995-01-22,0.0,56.26,AS-BRA-01
1995-01-23,0.2,56.26,AS-BRA-01
1995-01-24,0.0,56.26,AS-BRA-01
1995-01-25,0.0,56.26,AS-BRA-01
1995-01-26,0.0,56.26,AS-BRA-01
1995-01-27,0.0,56.26,AS-BRA-01
1995-01-28,0.0,56.26,AS-BRA-01
1995-01-29,0.0,56.26,AS-BRA-01
1995-01-30,0.0,56.26,AS-BRA-01
1995-01-31,0.0,56.26,AS-BRA-01
1995-02-01,0.0,56.26,AS-BRA-01
1995-02-02,0.0,56.26,AS-BRA-01
1995-02-03,0.0,56.26,AS-BRA-01
1995-02-04,0.0,56.26,AS-BRA-01
1995-02-05,2.7,56.26,AS-BRA-01
1995-02-06,0.1,56.26,AS-BRA-01
1995-02-07,0.0,56.26,AS-BRA-01
1995-02-08,0.0,56.26,AS-BRA-01
1995-02-09,0.3,56.26,AS-BRA-01
1995-02-10,0.0,56.26,AS-BRA-01
1995-02-11,0.0,56.26,AS-BRA-01
1995-02-12,0.2,56.26,AS-BRA-01
1995-02-13,0.7,56.26,AS-BRA-01
1995-02-14,0.0,56.26,AS-BRA-01
1995-02-15,3.5,56.26,AS-BRA-01
1995-02-16,1.1,56.26,AS-BRA-01
1995-02-17,1.0,56.26,AS-BRA-01
1995-02-18,0.0,56.26,AS-BRA-01
1995-02-19,0.3,56.26,AS-BRA-01
1995-02-20,2.4,56.26,AS-BRA-01
1995-02-21,0.1,56.26,AS-BRA-01
1995-02-22,0.0,56.26,AS-BRA-01
1995-02-23,2.0,56.26,AS-BRA-01
1995-02-24,0.1,56.26,AS-BRA-01
1995-02-25,0.0,56.26,AS-BRA-01
1995-02-26,0.0,56.26,AS-BRA-01
1995-02-27,0.1,56.26,AS-BRA-01
1995-02-28,7.9,56.26,AS-BRA-01
1995-03-01,4.7,56.26,AS-BRA-01
1995-03-02,1.3,56.26,AS-BRA-01
1995-03-03,0.1,56.26,AS-BRA-01
1995-03-04,0.0,56.26,AS-BRA-01
1995-03-05,0.0,56.26,AS-BRA-01
1995-03-06,0.0,56.26,AS-BRA-01
1995-03-07,1.9,56.26,AS-BRA-01
1995-03-08,0.0,56.26,AS-BRA-01
1995-03-09,0.0,56.26,AS-BRA-01
1995-03-10,0.0,56.26,AS-BRA-01
1995-03-11,0.0,56.26,AS-BRA-01
1995-03-12,0.6,56.26,AS-BRA-01
1995-03-13,0.0,56.26,AS-BRA-01
1995-03-14,0.0,56.26,AS-BRA-01
1995-03-15,0.0,56.26,AS-BRA-01
1995-03-16,0.0,56.26,AS-BRA-01
1995-03-17,0.0,56.26,AS-BRA-01
1995-03-18,0.4,56.26,AS-BRA-01
1995-03-19,0.0,56.26,AS-BRA-01
1995-03-20,0.0,56.26,AS-BRA-01
1995-03-21,0.0,56.26,AS-BRA-01
1995-03-22,0.0,56.26,AS-BRA-01
1995-03-23,0.0,56.26,AS-BRA-01
1995-03-24,0.0,56.26,AS-BRA-01
1995-03-25,0.4,56.26,AS-BRA-01
1995-03-26,1.1,56.26,AS-BRA-01
1995-03-27,0.3,56.26,AS-BRA-01
1995-03-28,14.5,56.26,AS-BRA-01
1995-03-29,10.8,56.26,AS-BRA-01
1995-03-30,1.9,56.26,AS-BRA-01
1995-03-31,0.7,56.26,AS-BRA-01
1995-04-01,0.0,56.26,AS-BRA-01
1995-04-02,0.0,56.26,AS-BRA-01
1995-04-03,0.0,56.26,AS-BRA-01
1995-04-04,0.0,56.26,AS-BRA-01
1995-04-05,0.4,56.26,AS-BRA-01
1995-04-06,0.0,56.26,AS-BRA-01
1995-04-07,14.0,56.26,AS-BRA-01
1995-04-08,5.2,56.26,AS-BRA-01
1995-04-09,0.6,56.26,AS-BRA-01
1995-04-10,0.2,56.26,AS-BRA-01
1995-04-11,2.0,56.26,AS-BRA-01
1995-04-12,1.7,56.26,AS-BRA-01
1995-04-13,0.0,56.26,AS-BRA-01
1995-04-14,0.5,56.26,AS-BRA-01
1995-04-15,3.8,56.26,AS-BRA-01
1995-04-16,9.7,56.26,AS-BRA-01
1995-04-17,4.0,56.26,AS-BRA-01
1995-04-18,3.2,56.26,AS-BRA-01
1995-04-19,1.3,56.26,AS-BRA-01
1995-04-20,31.8,56.26,AS-BRA-01
1995-04-21,1.9,56.26,AS-BRA-01
1995-04-22,0.0,56.26,AS-BRA-01
1995-04-23,1.5,56.26,AS-BRA-01
1995-04-24,18.1,56.26,AS-BRA-01
1995-04-25,4.4,56.26,AS-BRA-01
1995-04-26,40.4,56.26,AS-BRA-01
1995-04-27,19.0,56.26,AS-BRA-01
1995-04-28,4.4,56.26,AS-BRA-01
1995-04-29,3.6,56.26,AS-BRA-01
1995-04-30,4.9,56.26,AS-BRA-01
1995-05-01,5.6,56.26,AS-BRA-01
1995-05-02,7.7,56.26,AS-BRA-01
1995-05-03,4.2,56.26,AS-BRA-01
1995-05-04,8.5,56.26,AS-BRA-01
1995-05-05,4.8,56.26,AS-BRA-01
1995-05-06,5.2,56.26,AS-BRA-01
1995-05-07,9.0,56.26,AS-BRA-01
1995-05-08,15.3,56.26,AS-BRA-01
1995-05-09,1.3,56.26,AS-BRA-01
1995-05-10,14.2,56.26,AS-BRA-01
1995-05-11,7.0,56.26,AS-BRA-01
1995-05-12,4.6,56.26,AS-BRA-01
1995-05-13,8.9,56.26,AS-BRA-01
1995-05-14,22.7,56.26,AS-BRA-01
1995-05-15,92.9,56.26,AS-BRA-01
1995-05-16,28.3,56.26,AS-BRA-01
1995-05-17,77.0,56.26,AS-BRA-01
1995-05-18,1.8,56.26,AS-BRA-01
1995-05-19,2.1,56.26,AS-BRA-01
1995-05-20,0.5,56.26,AS-BRA-01
1995-05-21,5.6,56.26,AS-BRA-01
1995-05-22,4.6,56.26,AS-BRA-01
1995-05-23,2.3,56.26,AS-BRA-01
1995-05-24,4.6,56.26,AS-BRA-01
1995-05-25,9.5,56.26,AS-BRA-01
1995-05-26,4.5,56.26,AS-BRA-01
1995-05-27,2.8,56.26,AS-BRA-01
1995-05-28,17.2,56.26,AS-BRA-01
1995-05-29,4.6,56.26,AS-BRA-01
1995-05-30,5.7,56.26,AS-BRA-01
1995-05-31,14.9,56.26,AS-BRA-01
1995-06-01,3.5,56.26,AS-BRA-01
1995-06-02,13.3,56.26,AS-BRA-01
1995-06-03,18.4,56.26,AS-BRA-01
1995-06-04,39.9,56.26,AS-BRA-01
1995-06-05,11.2,56.26,AS-BRA-01
1995-06-06,27.6,56.26,AS-BRA-01
1995-06-07,8.5,56.26,AS-BRA-01
1995-06-08,26.3,56.26,AS-BRA-01
1995-06-09,12.7,56.26,AS-BRA-01
1995-06-10,15.1,56.26,AS-BRA-01
1995-06-11,38.5,56.26,AS-BRA-01
1995-06-12,11.9,56.26,AS-BRA-01
1995-06-13,56.4,56.26,AS-BRA-01
1995-06-14,6.9,56.26,AS-BRA-01
1995-06-15,12.9,56.26,AS-BRA-01
1995-06-16,206.5,56.26,AS-BRA-01
1995-06-17,130.2,56.26,AS-BRA-01
1995-06-18,17.1,56.26,AS-BRA-01
1995-06-19,12.8,56.26,AS-BRA-01
1995-06-20,5.3,56.26,AS-BRA-01
1995-06-21,14.2,56.26,AS-BRA-01
1995-06-22,46.3,56.26,AS-BRA-01
1995-06-23,47.3,56.26,AS-BRA-01
1995-06-24,64.6,56.26,AS-BRA-01
1995-06-25,10.5,56.26,AS-BRA-01
1995-06-26,3.8,56.26,AS-BRA-01
1995-06-27,3.9,56.26,AS-BRA-01
1995-06-28,25.1,56.26,AS-BRA-01
1995-06-29,22.8,56.26,AS-BRA-01
1995-06-30,35.9,56.26,AS-BRA-01
1995-07-01,39.1,56.26,AS-BRA-01
1995-07-02,105.3,56.26,AS-BRA-01
1995-07-03,35.9,56.26,AS-BRA-01
1995-07-04,52.3,56.26,AS-BRA-01
1995-07-05,79.0,56.26,AS-BRA-01
1995-07-06,36.7,56.26,AS-BRA-01
1995-07-07,11.7,56.26,AS-BRA-01
1995-07-08,12.0,56.26,AS-BRA-01
1995-07-09,11.2,56.26,AS-BRA-01
1995-07-10,33.7,56.26,AS-BRA-01
1995-07-11,8.3,56.26,AS-BRA-01
1995-07-12,9.0,56.26,AS-BRA-01
1995-07-13,63.4,56.26,AS-BRA-01
1995-07-14,56.5,56.26,AS-BRA-01
1995-07-15,21.2,56.26,AS-BRA-01
1995-07-16,58.7,56.26,AS-BRA-01
1995-07-17,18.9,56.26,AS-BRA-01
1995-07-18,9.2,56.26,AS-BRA-01
1995-07-19,14.7,56.26,AS-BRA-01
1995-07-20,77.3,56.26,AS-BRA-01
1995-07-21,38.9,56.26,AS-BRA-01
1995-07-22,9.9,56.26,AS-BRA-01
1995-07-23,3.3,56.26,AS-BRA-01
1995-07-24,1.8,56.26,AS-BRA-01
1995-07-25,1.7,56.26,AS-BRA-01
1995-07-26,5.7,56.26,AS-BRA-01
1995-07-27,22.0,56.26,AS-BRA-01
1995-07-28,7.8,56.26,AS-BRA-01
1995-07-29,1.0,56.26,AS-BRA-01
1995-07-30,20.0,56.26,AS-BRA-01
1995-07-31,11.2,56.26,AS-BRA-01
1995-08-01,28.4,56.26,AS-BRA-01
1995-08-02,49.9,56.26,AS-BRA-01
1995-08-03,7.2,56.26,AS-BRA-01
1995-08-04,24.2,56.26,AS-BRA-01
1995-08-05,4.0,56.26,AS-BRA-01
1995-08-06,20.3,56.26,AS-BRA-01
1995-08-07,12.8,56.26,AS-BRA-01
1995-08-08,28.7,56.26,AS-BRA-01
1995-08-09,30.5,56.26,AS-BRA-01
1995-08-10,1.1,56.26,AS-BRA-01
1995-08-11,18.2,56.26,AS-BRA-01
1995-08-12,91.4,56.26,AS-BRA-01
1995-08-13,83.1,56.26,AS-BRA-01
1995-08-14,23.9,56.26,AS-BRA-01
1995-08-15,14.4,56.26,AS-BRA-01
1995-08-16,13.3,56.26,AS-BRA-01
1995-08-17,23.5,56.26,AS-BRA-01
1995-08-18,12.1,56.26,AS-BRA-01
1995-08-19,8.0,56.26,AS-BRA-01
1995-08-20,9.3,56.26,AS-BRA-01
1995-08-21,6.8,56.26,AS-BRA-01
1995-08-22,11.3,56.26,AS-BRA-01
1995-08-23,20.4,56.26,AS-BRA-01
1995-08-24,16.2,56.26,AS-BRA-01
1995-08-25,18.0,56.26,AS-BRA-01
1995-08-26,6.1,56.26,AS-BRA-01
1995-08-27,5.1,56.26,AS-BRA-01
1995-08-28,24.3,56.26,AS-BRA-01
1995-08-29,10.9,56.26,AS-BRA-01
1995-08-30,11.9,56.26,AS-BRA-01
1995-08-31,0.5,56.26,AS-BRA-01
1995-09-01,14.8,56.26,AS-BRA-01
1995-09-02,23.4,56.26,AS-BRA-01
1995-09-03,19.9,56.26,AS-BRA-01
1995-09-04,32.2,56.26,AS-BRA-01
1995-09-05,8.1,56.26,AS-BRA-01
1995-09-06,38.9,56.26,AS-BRA-01
1995-09-07,11.3,56.26,AS-BRA-01
1995-09-08,1.6,56.26,AS-BRA-01
1995-09-09,5.0,56.26,AS-BRA-01
1995-09-10,1.1,56.26,AS-BRA-01
1995-09-11,2.5,56.26,AS-BRA-01
1995-09-12,1.1,56.26,AS-BRA-01
1995-09-13,1.0,56.26,AS-BRA-01
1995-09-14,0.5,56.26,AS-BRA-01
1995-09-15,2.3,56.26,AS-BRA-01
1995-09-16,51.9,56.26,AS-BRA-01
1995-09-17,28.5,56.26,AS-BRA-01
1995-09-18,5.6,56.26,AS-BRA-01
1995-09-19,1.1,56.26,AS-BRA-01
1995-09-20,5.7,56.26,AS-BRA-01
1995-09-21,5.1,56.26,AS-BRA-01
1995-09-22,54.3,56.26,AS-BRA-01
1995-09-23,141.4,56.26,AS-BRA-01
1995-09-24,15.6,56.26,AS-BRA-01
1995-09-25,12.7,56.26,AS-BRA-01
1995-09-26,51.3,56.26,AS-BRA-01
1995-09-27,4.1,56.26,AS-BRA-01
1995-09-28,4.9,56.26,AS-BRA-01
1995-09-29,0.7,56.26,AS-BRA-01
1995-09-30,3.2,56.26,AS-BRA-01
1995-10-01,1.0,56.26,AS-BRA-01
1995-10-02,0.7,56.26,AS-BRA-01
1995-10-03,0.5,56.26,AS-BRA-01
1995-10-04,1.2,56.26,AS-BRA-01
1995-10-05,1.8,56.26,AS-BRA-01
1995-10-06,2.0,56.26,AS-BRA-01
1995-10-07,3.9,56.26,AS-BRA-01
1995-10-08,4.9,56.26,AS-BRA-01
1995-10-09,7.8,56.26,AS-BRA-01
1995-10-10,10.2,56.26,AS-BRA-01
1995-10-11,8.8,56.26,AS-BRA-01
1995-10-12,0.3,56.26,AS-BRA-01
1995-10-13,0.7,56.26,AS-BRA-01
1995-10-14,0.0,56.26,AS-BRA-01
1995-10-15,0.2,56.26,AS-BRA-01
1995-10-16,0.9,56.26,AS-BRA-01
1995-10-17,2.9,56.26,AS-BRA-01
1995-10-18,4.0,56.26,AS-BRA-01
1995-10-19,0.5,56.26,AS-BRA-01
1995-10-20,1.2,56.26,AS-BRA-01
1995-10-21,0.4,56.26,AS-BRA-01
1995-10-22,0.0,56.26,AS-BRA-01
1995-10-23,0.0,56.26,AS-BRA-01
1995-10-24,0.2,56.26,AS-BRA-01
1995-10-25,0.0,56.26,AS-BRA-01
1995-10-26,0.0,56.26,AS-BRA-01
1995-10-27,0.0,56.26,AS-BRA-01
1995-10-28,0.0,56.26,AS-BRA-01
1995-10-29,0.0,56.26,AS-BRA-01
1995-10-30,0.0,56.26,AS-BRA-01
1995-10-31,0.0,56.26,AS-BRA-01
1995-11-01,0.0,56.26,AS-BRA-01
1995-11-02,0.1,56.26,AS-BRA-01
1995-11-03,0.1,56.26,AS-BRA-01
1995-11-04,0.0,56.26,AS-BRA-01
1995-11-05,0.0,56.26,AS-BRA-01
1995-11-06,0.0,56.26,AS-BRA-01
1995-11-07,0.0,56.26,AS-BRA-01
1995-11-08,0.0,56.26,AS-BRA-01
1995-11-09,16.2,56.26,AS-BRA-01
1995-11-10,32.8,56.26,AS-BRA-01
1995-11-11,0.2,56.26,AS-BRA-01
1995-11-12,0.1,56.26,AS-BRA-01
1995-11-13,0.0,56.26,AS-BRA-01
1995-11-14,0.0,56.26,AS-BRA-01
1995-11-15,0.0,56.26,AS-BRA-01
1995-11-16,0.1,56.26,AS-BRA-01
1995-11-17,0.0,56.26,AS-BRA-01
1995-11-18,0.0,56.26,AS-BRA-01
1995-11-19,0.0,56.26,AS-BRA-01
1995-11-20,0.0,56.26,AS-BRA-01
1995-11-21,0.4,56.26,AS-BRA-01
1995-11-22,0.3,56.26,AS-BRA-01
1995-11-23,0.0,56.26,AS-BRA-01
1995-11-24,0.0,56.26,AS-BRA-01
1995-11-25,2.3,56.26,AS-BRA-01
1995-11-26,0.0,56.26,AS-BRA-01
1995-11-27,0.4,56.26,AS-BRA-01
1995-11-28,0.0,56.26,AS-BRA-01
1995-11-29,0.0,56.26,AS-BRA-01
1995-11-30,0.0,56.26,AS-BRA-01
1995-12-01,0.0,56.26,AS-BRA-01
1995-12-02,0.6,56.26,AS-BRA-01
1995-12-03,0.4,56.26,AS-BRA-01
1995-12-04,0.5,56.26,AS-BRA-01
1995-12-05,0.7,56.26,AS-BRA-01
1995-12-06,0.0,56.26,AS-BRA-01
1995-12-07,0.4,56.26,AS-BRA-01
1995-12-08,0.0,56.26,AS-BRA-01
1995-12-09,0.0,56.26,AS-BRA-01
1995-12-10,0.0,56.26,AS-BRA-01
1995-12-11,0.5,56.26,AS-BRA-01
1995-12-12,0.4,56.26,AS-BRA-01
1995-12-13,0.0,56.26,AS-BRA-01
1995-12-14,0.0,56.26,AS-BRA-01
1995-12-15,0.0,56.26,AS-BRA-01
1995-12-16,0.3,56.26,AS-BRA-01
1995-12-17,0.0,56.26,AS-BRA-01
1995-12-18,0.3,56.26,AS-BRA-01
1995-12-19,0.2,56.26,AS-BRA-01
1995-12-20,0.0,56.26,AS-BRA-01
1995-12-21,0.0,56.26,AS-BRA-01
1995-12-22,0.1,56.26,AS-BRA-01
1995-12-23,4.2,56.26,AS-BRA-01
1995-12-24,1.0,56.26,AS-BRA-01
1995-12-25,0.0,56.26,AS-BRA-01
1995-12-26,0.1,56.26,AS-BRA-01
1995-12-27,0.0,56.26,AS-BRA-01
1995-12-28,0.0,56.26,AS-BRA-01
1995-12-29,0.0,56.26,AS-BRA-01
1995-12-30,0.0,56.26,AS-BRA-01
1995-12-31,0.0,56.26,AS-BRA-01
1996-01-01,0.0,56.26,AS-BRA-01
1996-01-02,0.0,56.26,AS-BRA-01
1996-01-03,0.0,56.26,AS-BRA-01
1996-01-04,0.0,56.26,AS-BRA-01
1996-01-05,0.0,56.26,AS-BRA-01
1996-01-06,0.0,56.26,AS-BRA-01
1996-01-07,0.0,56.26,AS-BRA-01
1996-01-08,0.0,56.26,AS-BRA-01
1996-01-09,0.0,56.26,AS-BRA-01
1996-01-10,0.1,56.26,AS-BRA-01
1996-01-11,0.0,56.26,AS-BRA-01
1996-01-12,0.5,56.26,AS-BRA-01
1996-01-13,0.6,56.26,AS-BRA-01
1996-01-14,0.5,56.26,AS-BRA-01
1996-01-15,0.0,56.26,AS-BRA-01
1996-01-16,4.1,56.26,AS-BRA-01
1996-01-17,0.7,56.26,AS-BRA-01
1996-01-18,0.0,56.26,AS-BRA-01
1996-01-19,0.0,56.26,AS-BRA-01
1996-01-20,0.0,56.26,AS-BRA-01
1996-01-21,0.0,56.26,AS-BRA-01
1996-01-22,0.5,56.26,AS-BRA-01
1996-01-23,0.0,56.26,AS-BRA-01
1996-01-24,1.4,56.26,AS-BRA-01
1996-01-25,1.1,56.26,AS-BRA-01
1996-01-26,0.5,56.26,AS-BRA-01
1996-01-27,0.0,56.26,AS-BRA-01
1996-01-28,0.0,56.26,AS-BRA-01
1996-01-29,0.0,56.26,AS-BRA-01
1996-01-30,0.0,56.26,AS-BRA-01
1996-01-31,0.0,56.26,AS-BRA-01
1996-02-01,0.0,56.26,AS-BRA-01
1996-02-02,0.0,56.26,AS-BRA-01
1996-02-03,0.0,56.26,AS-BRA-01
1996-02-04,0.0,56.26,AS-BRA-01
1996-02-05,0.0,56.26,AS-BRA-01
1996-02-06,0.0,56.26,AS-BRA-01
1996-02-07,0.0,56.26,AS-BRA-01
1996-02-08,0.0,56.26,AS-BRA-01
1996-02-09,0.0,56.26,AS-BRA-01
1996-02-10,0.0,56.26,AS-BRA-01
1996-02-11,0.1,56.26,AS-BRA-01
1996-02-12,1.7,56.26,AS-BRA-01
1996-02-13,0.0,56.26,AS-BRA-01
1996-02-14,0.0,56.26,AS-BRA-01
1996-02-15,0.0,56.26,AS-BRA-01
1996-02-16,0.0,56.26,AS-BRA-01
1996-02-17,0.0,56.26,AS-BRA-01
1996-02-18,0.3,56.26,AS-BRA-01
1996-02-19,0.0,56.26,AS-BRA-01
1996-02-20,2.8,56.26,AS-BRA-01
1996-02-21,8.3,56.26,AS-BRA-01
1996-02-22,1.8,56.26,AS-BRA-01
1996-02-23,2.5,56.26,AS-BRA-01
1996-02-24,2.4,56.26,AS-BRA-01
1996-02-25,6.6,56.26,AS-BRA-01
1996-02-26,7.2,56.26,AS-BRA-01
1996-02-27,1.5,56.26,AS-BRA-01
1996-02-28,0.0,56.26,AS-BRA-01
1996-02-29,0.0,56.26,AS-BRA-01
1996-03-01,0.0,56.26,AS-BRA-01
1996-03-02,0.0,56.26,AS-BRA-01
1996-03-03,0.0,56.26,AS-BRA-01
1996-03-04,0.0,56.26,AS-BRA-01
1996-03-05,0.0,56.26,AS-BRA-01
1996-03-06,0.3,56.26,AS-BRA-01
1996-03-07,1.2,56.26,AS-BRA-01
1996-03-08,14.4,56.26,AS-BRA-01
1996-03-09,0.0,56.26,AS-BRA-01
1996-03-10,0.5,56.26,AS-BRA-01
1996-03-11,1.1,56.26,AS-BRA-01
1996-03-12,5.4,56.26,AS-BRA-01
1996-03-13,2.1,56.26,AS-BRA-01
1996-03-14,0.1,56.26,AS-BRA-01
1996-03-15,0.8,56.26,AS-BRA-01
1996-03-16,0.8,56.26,AS-BRA-01
1996-03-17,0.2,56.26,AS-BRA-01
1996-03-18,0.0,56.26,AS-BRA-01
1996-03-19,0.0,56.26,AS-BRA-01
1996-03-20,0.0,56.26,AS-BRA-01
1996-03-21,0.0,56.26,AS-BRA-01
1996-03-22,18.5,56.26,AS-BRA-01
1996-03-23,1.2,56.26,AS-BRA-01
1996-03-24,0.1,56.26,AS-BRA-01
1996-03-25,1.1,56.26,AS-BRA-01
1996-03-26,37.2,56.26,AS-BRA-01
1996-03-27,1.1,56.26,AS-BRA-01
1996-03-28,0.1,56.26,AS-BRA-01
1996-03-29,8.5,56.26,AS-BRA-01
1996-03-30,5.9,56.26,AS-BRA-01
1996-03-31,1.2,56.26,AS-BRA-01
1996-04-01,0.0,56.26,AS-BRA-01
1996-04-02,0.0,56.26,AS-BRA-01
1996-04-03,0.0,56.26,AS-BRA-01
1996-04-04,0.0,56.26,AS-BRA-01
1996-04-05,1.3,56.26,AS-BRA-01
1996-04-06,8.2,56.26,AS-BRA-01
1996-04-07,2.0,56.26,AS-BRA-01
1996-04-08,0.2,56.26,AS-BRA-01
1996-04-09,0.0,56.26,AS-BRA-01
1996-04-10,0.0,56.26,AS-BRA-01
1996-04-11,0.0,56.26,AS-BRA-01
1996-04-12,1.0,56.26,AS-BRA-01
1996-04-13,0.1,56.26,AS-BRA-01
1996-04-14,0.0,56.26,AS-BRA-01
1996-04-15,0.1,56.26,AS-BRA-01
1996-04-16,0.0,56.26,AS-BRA-01
1996-04-17,0.0,56.26,AS-BRA-01
1996-04-18,0.1,56.26,AS-BRA-01
1996-04-19,5.1,56.26,AS-BRA-01
1996-04-20,3.8,56.26,AS-BRA-01
1996-04-21,0.7,56.26,AS-BRA-01
1996-04-22,0.0,56.26,AS-BRA-01
1996-04-23,1.5,56.26,AS-BRA-01
1996-04-24,15.4,56.26,AS-BRA-01
1996-04-25,1.5,56.26,AS-BRA-01
1996-04-26,0.4,56.26,AS-BRA-01
1996-04-27,0.0,56.26,AS-BRA-01
1996-04-28,1.5,56.26,AS-BRA-01
1996-04-29,0.5,56.26,AS-BRA-01
1996-04-30,16.8,56.26,AS-BRA-01
1996-05-01,18.1,56.26,AS-BRA-01
1996-05-02,25.7,56.26,AS-BRA-01
1996-05-03,3.2,56.26,AS-BRA-01
1996-05-04,4.1,56.26,AS-BRA-01
1996-05-05,1.1,56.26,AS-BRA-01
1996-05-06,1.8,56.26,AS-BRA-01
1996-05-07,3.8,56.26,AS-BRA-01
1996-05-08,3.5,56.26,AS-BRA-01
1996-05-09,14.8,56.26,AS-BRA-01
1996-05-10,7.5,56.26,AS-BRA-01
1996-05-11,6.1,56.26,AS-BRA-01
1996-05-12,1.9,56.26,AS-BRA-01
1996-05-13,37.4,56.26,AS-BRA-01
1996-05-14,26.1,56.26,AS-BRA-01
1996-05-15,3.3,56.26,AS-BRA-01
1996-05-16,3.7,56.26,AS-BRA-01
1996-05-17,7.1,56.26,AS-BRA-01
1996-05-18,3.9,56.26,AS-BRA-01
1996-05-19,3.4,56.26,AS-BRA-01
1996-05-20,3.3,56.26,AS-BRA-01
1996-05-21,0.9,56.26,AS-BRA-01
1996-05-22,1.2,56.26,AS-BRA-01
1996-05-23,10.5,56.26,AS-BRA-01
1996-05-24,3.2,56.26,AS-BRA-01
1996-05-25,8.4,56.26,AS-BRA-01
1996-05-26,24.4,56.26,AS-BRA-01
1996-05-27,19.2,56.26,AS-BRA-01
1996-05-28,5.4,56.26,AS-BRA-01
1996-05-29,7.3,56.26,AS-BRA-01
1996-05-30,8.3,56.26,AS-BRA-01
1996-05-31,3.0,56.26,AS-BRA-01
1996-06-01,25.0,56.26,AS-BRA-01
1996-06-02,47.7,56.26,AS-BRA-01
1996-06-03,9.4,56.26,AS-BRA-01
1996-06-04,7.0,56.26,AS-BRA-01
1996-06-05,6.9,56.26,AS-BRA-01
1996-06-06,3.3,56.26,AS-BRA-01
1996-06-07,2.4,56.26,AS-BRA-01
1996-06-08,5.2,56.26,AS-BRA-01
1996-06-09,0.0,56.26,AS-BRA-01
1996-06-10,2.4,56.26,AS-BRA-01
1996-06-11,12.2,56.26,AS-BRA-01
1996-06-12,17.6,56.26,AS-BRA-01
1996-06-13,1.8,56.26,AS-BRA-01
1996-06-14,12.2,56.26,AS-BRA-01
1996-06-15,3.8,56.26,AS-BRA-01
1996-06-16,6.8,56.26,AS-BRA-01
1996-06-17,3.4,56.26,AS-BRA-01
1996-06-18,16.0,56.26,AS-BRA-01
1996-06-19,1.5,56.26,AS-BRA-01
1996-06-20,0.9,56.26,AS-BRA-01
1996-06-21,40.5,56.26,AS-BRA-01
1996-06-22,22.1,56.26,AS-BRA-01
1996-06-23,20.5,56.26,AS-BRA-01
1996-06-24,43.4,56.26,AS-BRA-01
1996-06-25,67.1,56.26,AS-BRA-01
1996-06-26,31.6,56.26,AS-BRA-01
1996-06-27,59.5,56.26,AS-BRA-01
1996-06-28,65.9,56.26,AS-BRA-01
1996-06-29,38.7,56.26,AS-BRA-01
1996-06-30,25.5,56.26,AS-BRA-01
1996-07-01,134.4,56.26,AS-BRA-01
1996-07-02,32.8,56.26,AS-BRA-01
1996-07-03,7.4,56.26,AS-BRA-01
1996-07-04,6.7,56.26,AS-BRA-01
1996-07-05,6.5,56.26,AS-BRA-01
1996-07-06,6.0,56.26,AS-BRA-01
1996-07-07,4.8,56.26,AS-BRA-01
1996-07-08,10.2,56.26,AS-BRA-01
1996-07-09,11.6,56.26,AS-BRA-01
1996-07-10,11.5,56.26,AS-BRA-01
1996-07-11,14.3,56.26,AS-BRA-01
1996-07-12,20.7,56.26,AS-BRA-01
1996-07-13,12.5,56.26,AS-BRA-01
1996-07-14,5.5,56.26,AS-BRA-01
1996-07-15,12.2,56.26,AS-BRA-01
1996-07-16,11.7,56.26,AS-BRA-01
1996-07-17,4.4,56.26,AS-BRA-01
1996-07-18,8.1,56.26,AS-BRA-01
1996-07-19,9.2,56.26,AS-BRA-01
1996-07-20,13.5,56.26,AS-BRA-01
1996-07-21,25.9,56.26,AS-BRA-01
1996-07-22,34.5,56.26,AS-BRA-01
1996-07-23,18.4,56.26,AS-BRA-01
1996-07-24,19.4,56.26,AS-BRA-01
1996-07-25,0.7,56.26,AS-BRA-01
1996-07-26,31.9,56.26,AS-BRA-01
1996-07-27,2.2,56.26,AS-BRA-01
1996-07-28,13.5,56.26,AS-BRA-01
1996-07-29,16.0,56.26,AS-BRA-01
1996-07-30,16.6,56.26,AS-BRA-01
1996-07-31,5.9,56.26,AS-BRA-01
1996-08-01,30.6,56.26,AS-BRA-01
1996-08-02,7.7,56.26,AS-BRA-01
1996-08-03,32.7,56.26,AS-BRA-01
1996-08-04,28.0,56.26,AS-BRA-01
1996-08-05,25.7,56.26,AS-BRA-01
1996-08-06,6.3,56.26,AS-BRA-01
1996-08-07,7.0,56.26,AS-BRA-01
1996-08-08,14.4,56.26,AS-BRA-01
1996-08-09,8.8,56.26,AS-BRA-01
1996-08-10,9.3,56.26,AS-BRA-01
1996-08-11,16.2,56.26,AS-BRA-01
1996-08-12,18.9,56.26,AS-BRA-01
1996-08-13,17.1,56.26,AS-BRA-01
1996-08-14,16.7,56.26,AS-BRA-01
1996-08-15,38.8,56.26,AS-BRA-01
1996-08-16,32.0,56.26,AS-BRA-01
1996-08-17,14.5,56.26,AS-BRA-01
1996-08-18,15.6,56.26,AS-BRA-01
1996-08-19,22.7,56.26,AS-BRA-01
1996-08-20,22.6,56.26,AS-BRA-01
1996-08-21,48.6,56.26,AS-BRA-01
1996-08-22,14.0,56.26,AS-BRA-01
1996-08-23,1.1,56.26,AS-BRA-01
1996-08-24,0.3,56.26,AS-BRA-01
1996-08-25,1.8,56.26,AS-BRA-01
1996-08-26,9.6,56.26,AS-BRA-01
1996-08-27,45.9,56.26,AS-BRA-01
1996-08-28,18.7,56.26,AS-BRA-01
1996-08-29,12.4,56.26,AS-BRA-01
1996-08-30,14.2,56.26,AS-BRA-01
1996-08-31,14.0,56.26,AS-BRA-01
1996-09-01,6.8,56.26,AS-BRA-01
1996-09-02,14.6,56.26,AS-BRA-01
1996-09-03,7.3,56.26,AS-BRA-01
1996-09-04,54.3,56.26,AS-BRA-01
1996-09-05,4.9,56.26,AS-BRA-01
1996-09-06,2.6,56.26,AS-BRA-01
1996-09-07,10.1,56.26,AS-BRA-01
1996-09-08,3.1,56.26,AS-BRA-01
1996-09-09,2.1,56.26,AS-BRA-01
1996-09-10,0.2,56.26,AS-BRA-01
1996-09-11,5.2,56.26,AS-BRA-01
1996-09-12,3.1,56.26,AS-BRA-01
1996-09-13,1.9,56.26,AS-BRA-01
1996-09-14,1.0,56.26,AS-BRA-01
1996-09-15,0.5,56.26,AS-BRA-01
1996-09-16,7.7,56.26,AS-BRA-01
1996-09-17,24.5,56.26,AS-BRA-01
1996-09-18,7.7,56.26,AS-BRA-01
1996-09-19,3.7,56.26,AS-BRA-01
1996-09-20,2.9,56.26,AS-BRA-01
1996-09-21,12.2,56.26,AS-BRA-01
1996-09-22,27.1,56.26,AS-BRA-01
1996-09-23,16.3,56.26,AS-BRA-01
1996-09-24,4.3,56.26,AS-BRA-01
1996-09-25,10.3,56.26,AS-BRA-01
1996-09-26,24.2,56.26,AS-BRA-01
1996-09-27,13.7,56.26,AS-BRA-01
1996-09-28,23.6,56.26,AS-BRA-01
1996-09-29,3.1,56.26,AS-BRA-01
1996-09-30,0.9,56.26,AS-BRA-01
1996-10-01,5.4,56.26,AS-BRA-01
1996-10-02,14.6,56.26,AS-BRA-01
1996-10-03,4.2,56.26,AS-BRA-01
1996-10-04,8.1,56.26,AS-BRA-01
1996-10-05,10.8,56.26,AS-BRA-01
1996-10-06,2.8,56.26,AS-BRA-01
1996-10-07,0.8,56.26,AS-BRA-01
1996-10-08,0.0,56.26,AS-BRA-01
1996-10-09,0.1,56.26,AS-BRA-01
1996-10-10,0.3,56.26,AS-BRA-01
1996-10-11,0.1,56.26,AS-BRA-01
1996-10-12,0.1,56.26,AS-BRA-01
1996-10-13,0.0,56.26,AS-BRA-01
1996-10-14,0.0,56.26,AS-BRA-01
1996-10-15,0.3,56.26,AS-BRA-01
1996-10-16,0.6,56.26,AS-BRA-01
1996-10-17,0.2,56.26,AS-BRA-01
1996-10-18,0.0,56.26,AS-BRA-01
1996-10-19,0.3,56.26,AS-BRA-01
1996-10-20,0.1,56.26,AS-BRA-01
1996-10-21,0.2,56.26,AS-BRA-01
1996-10-22,0.0,56.26,AS-BRA-01
1996-10-23,0.0,56.26,AS-BRA-01
1996-10-24,0.0,56.26,AS-BRA-01
1996-10-25,0.0,56.26,AS-BRA-01
1996-10-26,0.4,56.26,AS-BRA-01
1996-10-27,11.8,56.26,AS-BRA-01
1996-10-28,46.4,56.26,AS-BRA-01
1996-10-29,107.5,56.26,AS-BRA-01
1996-10-30,1.3,56.26,AS-BRA-01
1996-10-31,0.8,56.26,AS-BRA-01
1996-11-01,0.0,56.26,AS-BRA-01
1996-11-02,0.0,56.26,AS-BRA-01
1996-11-03,0.0,56.26,AS-BRA-01
1996-11-04,0.0,56.26,AS-BRA-01
1996-11-05,0.0,56.26,AS-BRA-01
1996-11-06,0.6,56.26,AS-BRA-01
1996-11-07,0.2,56.26,AS-BRA-01
1996-11-08,0.8,56.26,AS-BRA-01
1996-11-09,0.4,56.26,AS-BRA-01
1996-11-10,0.4,56.26,AS-BRA-01
1996-11-11,0.0,56.26,AS-BRA-01
1996-11-12,0.0,56.26,AS-BRA-01
1996-11-13,0.1,56.26,AS-BRA-01
1996-11-14,0.7,56.26,AS-BRA-01
1996-11-15,1.2,56.26,AS-BRA-01
1996-11-16,0.0,56.26,AS-BRA-01
1996-11-17,1.0,56.26,AS-BRA-01
1996-11-18,0.1,56.26,AS-BRA-01
1996-11-19,0.0,56.26,AS-BRA-01
1996-11-20,0.0,56.26,AS-BRA-01
1996-11-21,0.0,56.26,AS-BRA-01
1996-11-22,0.3,56.26,AS-BRA-01
1996-11-23,0.5,56.26,AS-BRA-01
1996-11-24,0.2,56.26,AS-BRA-01
1996-11-25,0.0,56.26,AS-BRA-01
1996-11-26,0.0,56.26,AS-BRA-01
1996-11-27,0.0,56.26,AS-BRA-01
1996-11-28,0.0,56.26,AS-BRA-01
1996-11-29,0.0,56.26,AS-BRA-01
1996-11-30,0.0,56.26,AS-BRA-01
1996-12-01,0.0,56.26,AS-BRA-01
1996-12-02,0.0,56.26,AS-BRA-01
1996-12-03,0.0,56.26,AS-BRA-01
1996-12-04,0.0,56.26,AS-BRA-01
1996-12-05,0.0,56.26,AS-BRA-01
1996-12-06,0.0,56.26,AS-BRA-01
1996-12-07,0.0,56.26,AS-BRA-01
1996-12-08,0.0,56.26,AS-BRA-01
1996-12-09,0.1,56.26,AS-BRA-01
1996-12-10,0.0,56.26,AS-BRA-01
1996-12-11,0.0,56.26,AS-BRA-01
1996-12-12,0.0,56.26,AS-BRA-01
1996-12-13,0.0,56.26,AS-BRA-01
1996-12-14,0.0,56.26,AS-BRA-01
1996-12-15,0.6,56.26,AS-BRA-01
1996-12-16,0.5,56.26,AS-BRA-01
1996-12-17,0.0,56.26,AS-BRA-01
1996-12-18,0.0,56.26,AS-BRA-01
1996-12-19,0.0,56.26,AS-BRA-01
1996-12-20,0.0,56.26,AS-BRA-01
1996-12-21,0.0,56.26,AS-BRA-01
1996-12-22,0.0,56.26,AS-BRA-01
1996-12-23,0.0,56.26,AS-BRA-01
1996-12-24,0.0,56.26,AS-BRA-01
1996-12-25,0.0,56.26,AS-BRA-01
1996-12-26,0.0,56.26,AS-BRA-01
1996-12-27,0.0,56.26,AS-BRA-01
1996-12-28,0.0,56.26,AS-BRA-01
1996-12-29,0.0,56.26,AS-BRA-01
1996-12-30,0.0,56.26,AS-BRA-01
1996-12-31,0.0,56.26,AS-BRA-01
1997-01-01,0.0,56.26,AS-BRA-01
1997-01-02,0.0,56.26,AS-BRA-01
1997-01-03,0.4,56.26,AS-BRA-01
1997-01-04,0.0,56.26,AS-BRA-01
1997-01-05,0.0,56.26,AS-BRA-01
1997-01-06,0.0,49.23,AS-BRA-01
1997-01-07,0.0,49.23,AS-BRA-01
1997-01-08,0.0,49.23,AS-BRA-01
1997-01-09,0.0,49.23,AS-BRA-01
1997-01-10,0.0,49.23,AS-BRA-01
1997-01-11,0.0,49.23,AS-BRA-01
1997-01-12,0.0,49.23,AS-BRA-01
1997-01-13,0.0,49.23,AS-BRA-01
1997-01-14,0.0,49.23,AS-BRA-01
1997-01-15,0.0,49.23,AS-BRA-01
1997-01-16,0.0,35.16,AS-BRA-01
1997-01-17,0.0,35.16,AS-BRA-01
1997-01-18,0.0,35.16,AS-BRA-01
1997-01-19,0.0,35.16,AS-BRA-01
1997-01-20,4.9,253.18,AS-BRA-01
1997-01-21,8.9,1090.06,AS-BRA-01
1997-01-22,1.1,914.24,AS-BRA-01
1997-01-23,0.0,506.35,AS-BRA-01
1997-01-24,0.0,288.34,AS-BRA-01
1997-01-25,0.0,210.98,AS-BRA-01
1997-01-26,0.0,154.72,AS-BRA-01
1997-01-27,0.0,112.52,AS-BRA-01
1997-01-28,0.0,91.42,AS-BRA-01
1997-01-29,0.1,70.33,AS-BRA-01
1997-01-30,0.6,56.26,AS-BRA-01
1997-01-31,0.0,56.26,AS-BRA-01
1997-02-01,0.5,70.33,AS-BRA-01
1997-02-02,0.4,70.33,AS-BRA-01
1997-02-03,5.4,379.76,AS-BRA-01
1997-02-04,4.5,682.17,AS-BRA-01
1997-02-05,1.1,724.36,AS-BRA-01
1997-02-06,0.5,618.87,AS-BRA-01
1997-02-07,0.5,555.58,AS-BRA-01
1997-02-08,0.3,443.06,AS-BRA-01
1997-02-09,0.0,288.34,AS-BRA-01
1997-02-10,0.3,203.95,AS-BRA-01
1997-02-11,0.2,133.62,AS-BRA-01
1997-02-12,0.0,112.52,AS-BRA-01
1997-02-13,0.0,91.42,AS-BRA-01
1997-02-14,0.2,70.33,AS-BRA-01
1997-02-15,0.0,70.33,AS-BRA-01
1997-02-16,0.0,70.33,AS-BRA-01
1997-02-17,0.0,49.23,AS-BRA-01
1997-02-18,0.0,49.23,AS-BRA-01
1997-02-19,2.3,70.33,AS-BRA-01
1997-02-20,0.1,91.42,AS-BRA-01
1997-02-21,0.2,70.33,AS-BRA-01
1997-02-22,0.0,70.33,AS-BRA-01
1997-02-23,0.4,49.23,AS-BRA-01
1997-02-24,0.0,49.23,AS-BRA-01
1997-02-25,0.0,49.23,AS-BRA-01
1997-02-26,0.1,49.23,AS-BRA-01
1997-02-27,3.4,112.52,AS-BRA-01
1997-02-28,0.7,133.62,AS-BRA-01
1997-03-01,0.0,112.52,AS-BRA-01
1997-03-02,0.0,91.42,AS-BRA-01
1997-03-03,0.0,70.33,AS-BRA-01
1997-03-04,0.0,70.33,AS-BRA-01
1997-03-05,0.0,49.23,AS-BRA-01
1997-03-06,0.0,49.23,AS-BRA-01
1997-03-07,0.1,49.23,AS-BRA-01
1997-03-08,0.0,49.23,AS-BRA-01
1997-03-09,0.0,49.23,AS-BRA-01
1997-03-10,0.0,28.13,AS-BRA-01
1997-03-11,0.0,28.13,AS-BRA-01
1997-03-12,0.0,28.13,AS-BRA-01
1997-03-13,14.0,555.58,AS-BRA-01
1997-03-14,6.0,773.59,AS-BRA-01
1997-03-15,9.9,900.18,AS-BRA-01
1997-03-16,0.6,576.68,AS-BRA-01
1997-03-17,0.1,309.44,AS-BRA-01
1997-03-18,0.1,203.95,AS-BRA-01
1997-03-19,0.3,133.62,AS-BRA-01
1997-03-20,0.5,91.42,AS-BRA-01
1997-03-21,0.0,70.33,AS-BRA-01
1997-03-22,3.1,133.62,AS-BRA-01
1997-03-23,4.5,267.24,AS-BRA-01
1997-03-24,4.9,421.96,AS-BRA-01
1997-03-25,7.4,555.58,AS-BRA-01
1997-03-26,2.9,485.25,AS-BRA-01
1997-03-27,0.1,309.44,AS-BRA-01
1997-03-28,0.2,182.85,AS-BRA-01
1997-03-29,7.5,400.86,AS-BRA-01
1997-03-30,13.1,1476.86,AS-BRA-01
1997-03-31,4.8,1385.43,AS-BRA-01
1997-04-01,0.2,773.59,AS-BRA-01
1997-04-02,2.0,464.15,AS-BRA-01
1997-04-03,1.3,288.34,AS-BRA-01
1997-04-04,0.7,182.85,AS-BRA-01
1997-04-05,2.0,154.72,AS-BRA-01
1997-04-06,1.0,133.62,AS-BRA-01
1997-04-07,7.8,443.06,AS-BRA-01
1997-04-08,0.3,379.76,AS-BRA-01
1997-04-09,0.4,225.04,AS-BRA-01
1997-04-10,0.4,154.72,AS-BRA-01
1997-04-11,4.7,267.24,AS-BRA-01
1997-04-12,4.4,443.06,AS-BRA-01
1997-04-13,2.0,379.76,AS-BRA-01
1997-04-14,5.1,421.96,AS-BRA-01
1997-04-15,16.3,1476.86,AS-BRA-01
1997-04-16,9.7,1758.16,AS-BRA-01
1997-04-17,3.4,1146.32,AS-BRA-01
1997-04-18,2.8,752.49,AS-BRA-01
1997-04-19,5.2,639.97,AS-BRA-01
1997-04-20,3.7,527.45,AS-BRA-01
1997-04-21,1.8,351.63,AS-BRA-01
1997-04-22,4.8,443.06,AS-BRA-01
1997-04-23,1.3,351.63,AS-BRA-01
1997-04-24,6.0,464.15,AS-BRA-01
1997-04-25,9.5,900.18,AS-BRA-01
1997-04-26,7.9,1167.42,AS-BRA-01
1997-04-27,8.6,1385.43,AS-BRA-01
1997-04-28,10.0,1983.21,AS-BRA-01
1997-04-29,1.9,1301.04,AS-BRA-01
1997-04-30,5.2,879.08,AS-BRA-01
1997-05-01,2.7,576.68,AS-BRA-01
1997-05-02,4.2,555.58,AS-BRA-01
1997-05-03,21.6,1828.49,AS-BRA-01
1997-05-04,20.1,2053.53,AS-BRA-01
1997-05-05,0.9,1167.42,AS-BRA-01
1997-05-06,5.5,928.31,AS-BRA-01
1997-05-07,13.9,1237.75,AS-BRA-01
1997-05-08,3.3,1061.93,AS-BRA-01
1997-05-09,5.7,970.5,AS-BRA-01
1997-05-10,9.3,1012.7,AS-BRA-01
1997-05-11,2.2,724.36,AS-BRA-01
1997-05-12,3.9,576.68,AS-BRA-01
1997-05-13,22.1,1476.86,AS-BRA-01
1997-05-14,5.6,1258.84,AS-BRA-01
1997-05-15,7.7,1104.13,AS-BRA-01
1997-05-16,2.6,794.69,AS-BRA-01
1997-05-17,6.1,773.59,AS-BRA-01
1997-05-18,1.9,527.45,AS-BRA-01
1997-05-19,17.5,2334.84,AS-BRA-01
1997-05-20,12.9,2180.12,AS-BRA-01
1997-05-21,5.0,1476.86,AS-BRA-01
1997-05-22,5.7,1258.84,AS-BRA-01
1997-05-23,8.4,1301.04,AS-BRA-01
1997-05-24,2.7,991.6,AS-BRA-01
1997-05-25,2.2,773.59,AS-BRA-01
1997-05-26,8.3,1012.7,AS-BRA-01
1997-05-27,10.8,1455.76,AS-BRA-01
1997-05-28,13.6,1786.29,AS-BRA-01
1997-05-29,22.0,2813.06,AS-BRA-01
1997-05-30,28.6,4332.11,AS-BRA-01
1997-05-31,3.0,2686.47,AS-BRA-01
1997-06-01,3.6,1744.1,AS-BRA-01
1997-06-02,4.5,1455.76,AS-BRA-01
1997-06-03,4.4,1258.84,AS-BRA-01
1997-06-04,1.9,1012.7,AS-BRA-01
1997-06-05,3.0,900.18,AS-BRA-01
1997-06-06,3.5,879.08,AS-BRA-01
1997-06-07,18.7,1807.39,AS-BRA-01
1997-06-08,3.5,1582.35,AS-BRA-01
1997-06-09,1.6,1167.42,AS-BRA-01
1997-06-10,5.4,1146.32,AS-BRA-01
1997-06-11,5.0,1237.75,AS-BRA-01
1997-06-12,13.3,1807.39,AS-BRA-01
1997-06-13,2.5,1540.15,AS-BRA-01
1997-06-14,8.1,1568.28,AS-BRA-01
1997-06-15,127.6,35859.45,AS-BRA-01
1997-06-16,20.3,18137.19,AS-BRA-01
1997-06-17,3.7,9346.38,AS-BRA-01
1997-06-18,0.0,5879.29,AS-BRA-01
1997-06-19,1.9,4346.17,AS-BRA-01
1997-06-20,9.2,4036.74,AS-BRA-01
1997-06-21,1.9,3544.45,AS-BRA-01
1997-06-22,6.5,3516.32,AS-BRA-01
1997-06-23,12.1,4015.64,AS-BRA-01
1997-06-24,36.3,8094.57,AS-BRA-01
1997-06-25,28.9,9683.95,AS-BRA-01
1997-06-26,52.1,11090.48,AS-BRA-01
1997-06-27,9.9,8221.16,AS-BRA-01
1997-06-28,24.4,7609.32,AS-BRA-01
1997-06-29,32.4,13200.27,AS-BRA-01
1997-06-30,40.1,14965.47,AS-BRA-01
1997-07-01,11.1,11062.35,AS-BRA-01
1997-07-02,26.2,13326.86,AS-BRA-01
1997-07-03,93.2,31330.43,AS-BRA-01
1997-07-04,31.4,24923.69,AS-BRA-01
1997-07-05,30.8,29171.41,AS-BRA-01
1997-07-06,55.3,32462.69,AS-BRA-01
1997-07-07,14.0,22757.64,AS-BRA-01
1997-07-08,31.1,23144.43,AS-BRA-01
1997-07-09,45.8,26843.6,AS-BRA-01
1997-07-10,50.4,30381.02,AS-BRA-01
1997-07-11,37.3,27420.28,AS-BRA-01
1997-07-12,11.4,20373.57,AS-BRA-01
1997-07-13,19.9,18587.28,AS-BRA-01
1997-07-14,16.0,17834.79,AS-BRA-01
1997-07-15,7.4,14923.27,AS-BRA-01
1997-07-16,17.9,15070.96,AS-BRA-01
1997-07-17,9.6,13966.83,AS-BRA-01
1997-07-18,20.5,14634.93,AS-BRA-01
1997-07-19,11.3,13326.86,AS-BRA-01
1997-07-20,17.8,15598.41,AS-BRA-01
1997-07-21,22.6,18010.6,AS-BRA-01
1997-07-22,2.1,14002.0,AS-BRA-01
1997-07-23,2.8,11596.83,AS-BRA-01
1997-07-24,1.2,10183.27,AS-BRA-01
1997-07-25,13.5,10309.86,AS-BRA-01
1997-07-26,13.3,10183.27,AS-BRA-01
1997-07-27,6.2,9128.37,AS-BRA-01
1997-07-28,44.2,14852.95,AS-BRA-01
1997-07-29,72.0,21224.52,AS-BRA-01
1997-07-30,33.9,19740.63,AS-BRA-01
1997-07-31,10.5,15331.17,AS-BRA-01
1997-08-01,28.7,19888.32,AS-BRA-01
1997-08-02,27.6,27160.07,AS-BRA-01
1997-08-03,20.0,20872.89,AS-BRA-01
1997-08-04,9.1,15218.64,AS-BRA-01
1997-08-05,5.2,12342.29,AS-BRA-01
1997-08-06,21.7,13629.27,AS-BRA-01
1997-08-07,8.6,12103.18,AS-BRA-01
1997-08-08,2.3,10492.71,AS-BRA-01
1997-08-09,24.0,12433.72,AS-BRA-01
1997-08-10,34.5,17279.21,AS-BRA-01
1997-08-11,38.3,24396.24,AS-BRA-01
1997-08-12,19.5,18629.48,AS-BRA-01
1997-08-13,20.3,22005.15,AS-BRA-01
1997-08-14,37.4,23474.97,AS-BRA-01
1997-08-15,10.1,19086.6,AS-BRA-01
1997-08-16,22.7,18270.81,AS-BRA-01
1997-08-17,6.9,14423.95,AS-BRA-01
1997-08-18,31.2,14529.44,AS-BRA-01
1997-08-19,49.9,18678.7,AS-BRA-01
1997-08-20,12.3,14782.62,AS-BRA-01
1997-08-21,9.9,12715.02,AS-BRA-01
1997-08-22,7.1,11371.79,AS-BRA-01
1997-08-23,0.5,9803.51,AS-BRA-01
1997-08-24,0.3,8769.71,AS-BRA-01
1997-08-25,6.2,8263.36,AS-BRA-01
1997-08-26,0.5,7651.52,AS-BRA-01
1997-08-27,3.7,7243.62,AS-BRA-01
1997-08-28,24.7,10211.4,AS-BRA-01
1997-08-29,133.7,38222.42,AS-BRA-01
1997-08-30,25.1,29593.37,AS-BRA-01
1997-08-31,37.3,25648.05,AS-BRA-01
1997-09-01,3.0,17152.62,AS-BRA-01
1997-09-02,4.6,13066.65,AS-BRA-01
1997-09-03,12.0,12433.72,AS-BRA-01
1997-09-04,5.2,10788.08,AS-BRA-01
1997-09-05,22.9,13101.82,AS-BRA-01
1997-09-06,17.5,14318.46,AS-BRA-01
1997-09-07,10.9,11772.65,AS-BRA-01
1997-09-08,13.6,11428.05,AS-BRA-01
1997-09-09,2.5,9705.05,AS-BRA-01
1997-09-10,7.9,9065.08,AS-BRA-01
1997-09-11,6.7,9065.08,AS-BRA-01
1997-09-12,11.9,10288.76,AS-BRA-01
1997-09-13,52.2,20275.11,AS-BRA-01
1997-09-14,14.4,17447.99,AS-BRA-01
1997-09-15,20.1,15598.41,AS-BRA-01
1997-09-16,18.9,15331.17,AS-BRA-01
1997-09-17,19.9,12876.77,AS-BRA-01
1997-09-18,5.2,10788.08,AS-BRA-01
1997-09-19,9.2,10056.68,AS-BRA-01
1997-09-20,2.7,8833.0,AS-BRA-01
1997-09-21,28.2,11315.53,AS-BRA-01
1997-09-22,25.2,12194.61,AS-BRA-01
1997-09-23,11.8,10232.5,AS-BRA-01
1997-09-24,1.7,8741.58,AS-BRA-01
1997-09-25,8.2,8178.97,AS-BRA-01
1997-09-26,13.4,8586.86,AS-BRA-01
1997-09-27,10.9,8994.75,AS-BRA-01
1997-09-28,3.7,7806.24,AS-BRA-01
1997-09-29,8.2,7335.05,AS-BRA-01
1997-09-30,1.7,6695.08,AS-BRA-01
1997-10-01,1.5,5956.65,AS-BRA-01
1997-10-02,1.1,5358.88,AS-BRA-01
1997-10-03,0.0,4915.82,AS-BRA-01
1997-10-04,0.6,4536.06,AS-BRA-01
1997-10-05,0.0,4205.52,AS-BRA-01
1997-10-06,0.0,3889.05,AS-BRA-01
1997-10-07,0.0,3607.75,AS-BRA-01
1997-10-08,6.7,3692.14,AS-BRA-01
1997-10-09,3.9,3558.52,AS-BRA-01
1997-10-10,2.5,3326.44,AS-BRA-01
1997-10-11,1.0,3031.07,AS-BRA-01
1997-10-12,0.2,2763.83,AS-BRA-01
1997-10-13,0.6,2531.75,AS-BRA-01
1997-10-14,0.4,2334.84,AS-BRA-01
1997-10-15,0.3,2159.02,AS-BRA-01
1997-10-16,1.1,1997.27,AS-BRA-01
1997-10-17,0.0,1842.55,AS-BRA-01
1997-10-18,3.9,1863.65,AS-BRA-01
1997-10-19,0.2,1737.06,AS-BRA-01
1997-10-20,0.7,1568.28,AS-BRA-01
1997-10-21,0.0,1420.59,AS-BRA-01
1997-10-22,0.1,1294.01,AS-BRA-01
1997-10-23,0.2,1167.42,AS-BRA-01
1997-10-24,0.0,1061.93,AS-BRA-01
1997-10-25,1.4,977.54,AS-BRA-01
1997-10-26,0.0,893.15,AS-BRA-01
1997-10-27,0.0,794.69,AS-BRA-01
1997-10-28,0.0,703.26,AS-BRA-01
1997-10-29,0.0,618.87,AS-BRA-01
1997-10-30,0.2,534.48,AS-BRA-01
1997-10-31,0.0,464.15,AS-BRA-01
1997-11-01,0.0,386.8,AS-BRA-01
1997-11-02,0.0,323.5,AS-BRA-01
1997-11-03,0.0,260.21,AS-BRA-01
1997-11-04,0.0,203.95,AS-BRA-01
1997-11-05,0.0,161.75,AS-BRA-01
1997-11-06,0.0,147.69,AS-BRA-01
1997-11-07,0.0,140.65,AS-BRA-01
1997-11-08,0.9,140.65,AS-BRA-01
1997-11-09,0.3,133.62,AS-BRA-01
1997-11-10,0.4,133.62,AS-BRA-01
1997-11-11,0.7,133.62,AS-BRA-01
1997-11-12,0.1,133.62,AS-BRA-01
1997-11-13,0.0,133.62,AS-BRA-01
1997-11-14,0.0,133.62,AS-BRA-01
1997-11-15,0.0,133.62,AS-BRA-01
1997-11-16,0.0,126.59,AS-BRA-01
1997-11-17,0.0,126.59,AS-BRA-01
1997-11-18,0.0,126.59,AS-BRA-01
1997-11-19,0.0,126.59,AS-BRA-01
1997-11-20,0.0,119.55,AS-BRA-01
1997-11-21,0.0,119.55,AS-BRA-01
1997-11-22,0.0,119.55,AS-BRA-01
1997-11-23,0.0,119.55,AS-BRA-01
1997-11-24,0.8,112.52,AS-BRA-01
1997-11-25,0.4,112.52,AS-BRA-01
1997-11-26,0.8,112.52,AS-BRA-01
1997-11-27,0.6,112.52,AS-BRA-01
1997-11-28,0.0,112.52,AS-BRA-01
1997-11-29,0.0,105.49,AS-BRA-01
1997-11-30,0.0,105.49,AS-BRA-01
1997-12-01,0.0,91.42,AS-BRA-01
1997-12-02,0.4,84.39,AS-BRA-01
1997-12-03,0.0,77.36,AS-BRA-01
1997-12-04,0.0,77.36,AS-BRA-01
1997-12-05,0.0,77.36,AS-BRA-01
1997-12-06,0.0,70.33,AS-BRA-01
1997-12-07,0.0,70.33,AS-BRA-01
1997-12-08,0.0,70.33,AS-BRA-01
1997-12-09,0.0,70.33,AS-BRA-01
1997-12-10,12.2,935.34,AS-BRA-01
1997-12-11,0.0,857.98,AS-BRA-01
1997-12-12,0.2,492.29,AS-BRA-01
1997-12-13,0.0,295.37,AS-BRA-01
1997-12-14,14.5,1842.55,AS-BRA-01
1997-12-15,0.6,1308.07,AS-BRA-01
1997-12-16,0.0,675.13,AS-BRA-01
1997-12-17,0.0,379.76,AS-BRA-01
1997-12-18,0.0,239.11,AS-BRA-01
1997-12-19,0.0,175.82,AS-BRA-01
1997-12-20,0.0,133.62,AS-BRA-01
1997-12-21,0.0,112.52,AS-BRA-01
1997-12-22,0.0,98.46,AS-BRA-01
1997-12-23,0.0,84.39,AS-BRA-01
1997-12-24,0.3,84.39,AS-BRA-01
1997-12-25,0.0,77.36,AS-BRA-01
1997-12-26,0.0,70.33,AS-BRA-01
1997-12-27,0.0,70.33,AS-BRA-01
1997-12-28,0.0,70.33,AS-BRA-01
1997-12-29,0.0,56.26,AS-BRA-01
1997-12-30,0.0,56.26,AS-BRA-01
1997-12-31,0.0,56.26,AS-BRA-01
1998-01-01,0.0,56.26,AS-BRA-01
1998-01-02,0.0,49.23,AS-BRA-01
1998-01-03,0.0,49.23,AS-BRA-01
1998-01-04,0.0,49.23,AS-BRA-01
1998-01-05,0.0,49.23,AS-BRA-01
1998-01-06,0.4,49.23,AS-BRA-01
1998-01-07,0.0,49.23,AS-BRA-01
1998-01-08,0.0,49.23,AS-BRA-01
1998-01-09,0.0,35.16,AS-BRA-01
1998-01-10,0.0,35.16,AS-BRA-01
1998-01-11,0.0,35.16,AS-BRA-01
1998-01-12,0.0,35.16,AS-BRA-01
1998-01-13,2.4,91.42,AS-BRA-01
1998-01-14,1.4,253.18,AS-BRA-01
1998-01-15,0.1,246.14,AS-BRA-01
1998-01-16,0.0,168.78,AS-BRA-01
1998-01-17,0.0,126.59,AS-BRA-01
1998-01-18,0.0,91.42,AS-BRA-01
1998-01-19,0.0,70.33,AS-BRA-01
1998-01-20,0.0,56.26,AS-BRA-01
1998-01-21,0.1,56.26,AS-BRA-01
1998-01-22,0.3,49.23,AS-BRA-01
1998-01-23,0.0,49.23,AS-BRA-01
1998-01-24,0.0,35.16,AS-BRA-01
1998-01-25,0.0,35.16,AS-BRA-01
1998-01-26,0.0,35.16,AS-BRA-01
1998-01-27,0.0,28.13,AS-BRA-01
1998-01-28,0.1,28.13,AS-BRA-01
1998-01-29,0.2,35.16,AS-BRA-01
1998-01-30,0.2,35.16,AS-BRA-01
1998-01-31,0.6,28.13,AS-BRA-01
1998-02-01,0.0,49.23,AS-BRA-01
1998-02-02,0.0,56.26,AS-BRA-01
1998-02-03,0.9,56.26,AS-BRA-01
1998-02-04,0.3,56.26,AS-BRA-01
1998-02-05,0.0,49.23,AS-BRA-01
1998-02-06,0.0,49.23,AS-BRA-01
1998-02-07,0.0,49.23,AS-BRA-01
1998-02-08,0.0,49.23,AS-BRA-01
1998-02-09,0.0,49.23,AS-BRA-01
1998-02-10,0.0,35.16,AS-BRA-01
1998-02-11,0.0,35.16,AS-BRA-01
1998-02-12,0.0,35.16,AS-BRA-01
1998-02-13,0.0,35.16,AS-BRA-01
1998-02-14,0.0,35.16,AS-BRA-01
1998-02-15,0.2,35.16,AS-BRA-01
1998-02-16,2.0,56.26,AS-BRA-01
1998-02-17,3.7,168.78,AS-BRA-01
1998-02-18,4.2,288.34,AS-BRA-01
1998-02-19,0.1,232.08,AS-BRA-01
1998-02-20,0.3,154.72,AS-BRA-01
1998-02-21,0.1,112.52,AS-BRA-01
1998-02-22,0.0,84.39,AS-BRA-01
1998-02-23,0.0,70.33,AS-BRA-01
1998-02-24,0.0,56.26,AS-BRA-01
1998-02-25,0.8,49.23,AS-BRA-01
1998-02-26,2.6,91.42,AS-BRA-01
1998-02-27,0.0,91.42,AS-BRA-01
1998-02-28,0.0,70.33,AS-BRA-01
1998-03-01,0.0,56.26,AS-BRA-01
1998-03-02,0.0,49.23,AS-BRA-01
1998-03-03,0.0,35.16,AS-BRA-01
1998-03-04,0.0,28.13,AS-BRA-01
1998-03-05,0.0,28.13,AS-BRA-01
1998-03-06,1.2,70.33,AS-BRA-01
1998-03-07,7.0,365.7,AS-BRA-01
1998-03-08,0.0,323.5,AS-BRA-01
1998-03-09,0.0,203.95,AS-BRA-01
1998-03-10,0.0,126.59,AS-BRA-01
1998-03-11,0.0,84.39,AS-BRA-01
1998-03-12,0.0,56.26,AS-BRA-01
1998-03-13,1.1,49.23,AS-BRA-01
1998-03-14,0.0,35.16,AS-BRA-01
1998-03-15,0.0,28.13,AS-BRA-01
1998-03-16,0.0,28.13,AS-BRA-01
1998-03-17,0.0,28.13,AS-BRA-01
1998-03-18,0.0,28.13,AS-BRA-01
1998-03-19,0.2,0.0,AS-BRA-01
1998-03-20,0.0,0.0,AS-BRA-01
1998-03-21,2.7,70.33,AS-BRA-01
1998-03-22,12.3,1061.93,AS-BRA-01
1998-03-23,15.2,2334.84,AS-BRA-01
1998-03-24,12.1,2377.03,AS-BRA-01
1998-03-25,9.1,1933.98,AS-BRA-01
1998-03-26,5.9,1385.43,AS-BRA-01
1998-03-27,0.0,752.49,AS-BRA-01
1998-03-28,0.4,400.86,AS-BRA-01
1998-03-29,2.3,443.06,AS-BRA-01
1998-03-30,12.6,1301.04,AS-BRA-01
1998-03-31,0.8,879.08,AS-BRA-01
1998-04-01,0.0,464.15,AS-BRA-01
1998-04-02,0.0,267.24,AS-BRA-01
1998-04-03,0.0,154.72,AS-BRA-01
1998-04-04,0.2,112.52,AS-BRA-01
1998-04-05,16.2,991.6,AS-BRA-01
1998-04-06,0.7,879.08,AS-BRA-01
1998-04-07,0.0,485.25,AS-BRA-01
1998-04-08,14.3,1209.61,AS-BRA-01
1998-04-09,10.6,1188.52,AS-BRA-01
1998-04-10,8.5,1146.32,AS-BRA-01
1998-04-11,4.6,836.88,AS-BRA-01
1998-04-12,0.9,464.15,AS-BRA-01
1998-04-13,0.0,267.24,AS-BRA-01
1998-04-14,0.0,154.72,AS-BRA-01
1998-04-15,18.6,794.69,AS-BRA-01
1998-04-16,18.2,1568.28,AS-BRA-01
1998-04-17,3.7,1075.99,AS-BRA-01
1998-04-18,0.0,576.68,AS-BRA-01
1998-04-19,9.6,710.3,AS-BRA-01
1998-04-20,14.9,1385.43,AS-BRA-01
1998-04-21,8.4,1673.77,AS-BRA-01
1998-04-22,8.1,1497.95,AS-BRA-01
1998-04-23,2.8,991.6,AS-BRA-01
1998-04-24,3.3,752.49,AS-BRA-01
1998-04-25,2.2,555.58,AS-BRA-01
1998-04-26,4.2,576.68,AS-BRA-01
1998-04-27,8.1,710.3,AS-BRA-01
1998-04-28,4.3,682.17,AS-BRA-01
1998-04-29,1.3,443.06,AS-BRA-01
1998-04-30,5.3,506.35,AS-BRA-01
1998-05-01,9.3,724.36,AS-BRA-01
1998-05-02,5.3,900.18,AS-BRA-01
1998-05-03,5.4,836.88,AS-BRA-01
1998-05-04,26.4,3038.1,AS-BRA-01
1998-05-05,28.7,5077.57,AS-BRA-01
1998-05-06,5.6,3804.66,AS-BRA-01
1998-05-07,4.5,2468.46,AS-BRA-01
1998-05-08,6.0,1870.68,AS-BRA-01
1998-05-09,6.8,1610.48,AS-BRA-01
1998-05-10,3.2,1209.61,AS-BRA-01
1998-05-11,0.0,857.98,AS-BRA-01
1998-05-12,0.8,618.87,AS-BRA-01
1998-05-13,0.0,485.25,AS-BRA-01
1998-05-14,0.0,379.76,AS-BRA-01
1998-05-15,7.1,527.45,AS-BRA-01
1998-05-16,0.1,464.15,AS-BRA-01
1998-05-17,0.9,309.44,AS-BRA-01
1998-05-18,12.7,1258.84,AS-BRA-01
1998-05-19,0.8,970.5,AS-BRA-01
1998-05-20,0.0,555.58,AS-BRA-01
1998-05-21,5.5,576.68,AS-BRA-01
1998-05-22,4.2,661.07,AS-BRA-01
1998-05-23,6.0,794.69,AS-BRA-01
1998-05-24,12.3,1385.43,AS-BRA-01
1998-05-25,9.5,1870.68,AS-BRA-01
1998-05-26,7.6,1497.95,AS-BRA-01
1998-05-27,9.5,1455.76,AS-BRA-01
1998-05-28,5.4,1209.61,AS-BRA-01
1998-05-29,12.6,1568.28,AS-BRA-01
1998-05-30,7.3,1476.86,AS-BRA-01
1998-05-31,14.8,1652.67,AS-BRA-01
1998-06-01,5.5,1406.53,AS-BRA-01
1998-06-02,33.5,3235.02,AS-BRA-01
1998-06-03,12.8,2686.47,AS-BRA-01
1998-06-04,9.2,2025.4,AS-BRA-01
1998-06-05,4.1,1540.15,AS-BRA-01
1998-06-06,16.4,1849.59,AS-BRA-01
1998-06-07,8.1,1652.67,AS-BRA-01
1998-06-08,15.2,1926.94,AS-BRA-01
1998-06-09,13.5,2278.58,AS-BRA-01
1998-06-10,28.6,4240.68,AS-BRA-01
1998-06-11,10.7,3340.51,AS-BRA-01
1998-06-12,5.1,2419.23,AS-BRA-01
1998-06-13,0.5,1715.97,AS-BRA-01
1998-06-14,0.2,1315.1,AS-BRA-01
1998-06-15,1.3,1167.42,AS-BRA-01
1998-06-16,1.0,1061.93,AS-BRA-01
1998-06-17,1.8,900.18,AS-BRA-01
1998-06-18,8.7,1568.28,AS-BRA-01
1998-06-19,4.7,1715.97,AS-BRA-01
1998-06-20,4.9,1751.13,AS-BRA-01
1998-06-21,33.2,13495.65,AS-BRA-01
1998-06-22,51.8,36112.63,AS-BRA-01
1998-06-23,104.5,48595.57,AS-BRA-01
1998-06-24,25.9,26020.79,AS-BRA-01
1998-06-25,23.4,19937.55,AS-BRA-01
1998-06-26,29.4,19937.55,AS-BRA-01
1998-06-27,19.6,17750.4,AS-BRA-01
1998-06-28,41.0,21737.9,AS-BRA-01
1998-06-29,103.6,36028.24,AS-BRA-01
1998-06-30,13.4,23643.75,AS-BRA-01
1998-07-01,27.5,20176.66,AS-BRA-01
1998-07-02,28.9,21794.17,AS-BRA-01
1998-07-03,34.0,22216.12,AS-BRA-01
1998-07-04,76.0,34122.39,AS-BRA-01
1998-07-05,99.4,40064.98,AS-BRA-01
1998-07-06,109.8,40064.98,AS-BRA-01
1998-07-07,45.3,40831.53,AS-BRA-01
1998-07-08,20.7,28151.68,AS-BRA-01
1998-07-09,12.5,21428.47,AS-BRA-01
1998-07-10,67.4,40353.31,AS-BRA-01
1998-07-11,50.6,36541.62,AS-BRA-01
1998-07-12,43.8,37680.91,AS-BRA-01
1998-07-13,35.7,31703.16,AS-BRA-01
1998-07-14,54.9,44446.31,AS-BRA-01
1998-07-15,22.8,31857.88,AS-BRA-01
1998-07-16,17.4,27230.4,AS-BRA-01
1998-07-17,23.3,36112.63,AS-BRA-01
1998-07-18,25.5,30957.7,AS-BRA-01
1998-07-19,17.0,26780.31,AS-BRA-01
1998-07-20,5.3,21639.45,AS-BRA-01
1998-07-21,8.6,19227.25,AS-BRA-01
1998-07-22,13.8,19888.32,AS-BRA-01
1998-07-23,3.7,17574.58,AS-BRA-01
1998-07-24,2.8,15753.12,AS-BRA-01
1998-07-25,1.4,14318.46,AS-BRA-01
1998-07-26,3.3,13326.86,AS-BRA-01
1998-07-27,2.5,12532.17,AS-BRA-01
1998-07-28,16.4,13629.27,AS-BRA-01
1998-07-29,22.9,16217.28,AS-BRA-01
1998-07-30,9.1,14212.97,AS-BRA-01
1998-07-31,3.2,12342.29,AS-BRA-01
1998-08-01,7.3,11631.99,AS-BRA-01
1998-08-02,12.6,11596.83,AS-BRA-01
1998-08-03,7.1,11287.39,AS-BRA-01
1998-08-04,4.0,10577.1,AS-BRA-01
1998-08-05,35.5,16948.67,AS-BRA-01
1998-08-06,30.4,18903.75,AS-BRA-01
1998-08-07,2.9,13868.38,AS-BRA-01
1998-08-08,7.1,11716.39,AS-BRA-01
1998-08-09,9.5,11456.18,AS-BRA-01
1998-08-10,17.4,12686.89,AS-BRA-01
1998-08-11,54.8,28559.57,AS-BRA-01
1998-08-12,39.3,26210.67,AS-BRA-01
1998-08-13,14.7,19599.98,AS-BRA-01
1998-08-14,15.6,18629.48,AS-BRA-01
1998-08-15,14.0,17321.4,AS-BRA-01
1998-08-16,20.7,17616.77,AS-BRA-01
1998-08-17,24.0,30233.34,AS-BRA-01
1998-08-18,46.0,36028.24,AS-BRA-01
1998-08-19,63.8,36633.05,AS-BRA-01
1998-08-20,15.3,26147.37,AS-BRA-01
1998-08-21,5.3,19037.37,AS-BRA-01
1998-08-22,9.2,16062.56,AS-BRA-01
1998-08-23,4.1,14072.32,AS-BRA-01
1998-08-24,3.6,13397.19,AS-BRA-01
1998-08-25,12.5,14747.46,AS-BRA-01
1998-08-26,13.6,15598.41,AS-BRA-01
1998-08-27,2.2,13664.43,AS-BRA-01
1998-08-28,10.2,15000.63,AS-BRA-01
1998-08-29,25.0,17616.77,AS-BRA-01
1998-08-30,21.3,18720.9,AS-BRA-01
1998-08-31,38.3,25711.35,AS-BRA-01
1998-09-01,73.4,36112.63,AS-BRA-01
1998-09-02,25.6,26717.02,AS-BRA-01
1998-09-03,8.6,19986.78,AS-BRA-01
1998-09-04,8.7,16744.73,AS-BRA-01
1998-09-05,17.0,17616.77,AS-BRA-01
1998-09-06,3.8,14747.46,AS-BRA-01
1998-09-07,0.0,12468.88,AS-BRA-01
1998-09-08,4.9,11456.18,AS-BRA-01
1998-09-09,8.5,13165.11,AS-BRA-01
1998-09-10,19.9,15296.0,AS-BRA-01
1998-09-11,15.8,14459.12,AS-BRA-01
1998-09-12,1.7,11772.65,AS-BRA-01
1998-09-13,7.3,10626.33,AS-BRA-01
1998-09-14,0.7,9367.48,AS-BRA-01
1998-09-15,0.5,8439.17,AS-BRA-01
1998-09-16,12.7,10134.04,AS-BRA-01
1998-09-17,22.8,12975.23,AS-BRA-01
1998-09-18,4.7,11231.13,AS-BRA-01
1998-09-19,10.1,9803.51,AS-BRA-01
1998-09-20,17.4,10232.5,AS-BRA-01
1998-09-21,2.7,8657.19,AS-BRA-01
1998-09-22,1.6,7567.13,AS-BRA-01
1998-09-23,3.8,6948.25,AS-BRA-01
1998-09-24,3.0,6470.03,AS-BRA-01
1998-09-25,0.6,5893.36,AS-BRA-01
1998-09-26,0.8,5394.04,AS-BRA-01
1998-09-27,18.1,6364.54,AS-BRA-01
1998-09-28,11.8,6575.52,AS-BRA-01
1998-09-29,4.9,5752.7,AS-BRA-01
1998-09-30,11.2,6252.02,AS-BRA-01
1998-10-01,2.9,5583.92,AS-BRA-01
1998-10-02,6.0,5147.9,AS-BRA-01
1998-10-03,15.1,5633.15,AS-BRA-01
1998-10-04,2.7,4887.69,AS-BRA-01
1998-10-05,0.0,4177.39,AS-BRA-01
1998-10-06,0.0,3706.2,AS-BRA-01
1998-10-07,0.0,3361.6,AS-BRA-01
1998-10-08,1.3,3122.49,AS-BRA-01
1998-10-09,1.4,2911.51,AS-BRA-01
1998-10-10,0.7,2721.63,AS-BRA-01
1998-10-11,1.1,2531.75,AS-BRA-01
1998-10-12,0.6,2341.87,AS-BRA-01
1998-10-13,0.0,2159.02,AS-BRA-01
1998-10-14,1.8,2011.34,AS-BRA-01
1998-10-15,1.0,1870.68,AS-BRA-01
1998-10-16,1.5,1779.26,AS-BRA-01
1998-10-17,0.0,1666.74,AS-BRA-01
1998-10-18,6.2,1997.27,AS-BRA-01
1998-10-19,5.5,2341.87,AS-BRA-01
1998-10-20,49.7,10134.04,AS-BRA-01
1998-10-21,3.7,6835.73,AS-BRA-01
1998-10-22,0.3,4409.47,AS-BRA-01
1998-10-23,3.3,3516.32,AS-BRA-01
1998-10-24,0.1,2806.03,AS-BRA-01
1998-10-25,1.2,2327.81,AS-BRA-01
1998-10-26,0.1,1997.27,AS-BRA-01
1998-10-27,0.1,1751.13,AS-BRA-01
1998-10-28,0.0,1554.21,AS-BRA-01
1998-10-29,0.0,1378.4,AS-BRA-01
1998-10-30,0.0,1237.75,AS-BRA-01
1998-10-31,1.5,1132.26,AS-BRA-01
1998-11-01,0.9,1012.7,AS-BRA-01
1998-11-02,0.0,914.24,AS-BRA-01
1998-11-03,0.0,808.75,AS-BRA-01
1998-11-04,0.0,710.3,AS-BRA-01
1998-11-05,0.0,611.84,AS-BRA-01
1998-11-06,0.0,527.45,AS-BRA-01
1998-11-07,0.1,450.09,AS-BRA-01
1998-11-08,0.0,386.8,AS-BRA-01
1998-11-09,0.0,330.53,AS-BRA-01
1998-11-10,0.5,260.21,AS-BRA-01
1998-11-11,0.0,203.95,AS-BRA-01
1998-11-12,0.0,175.82,AS-BRA-01
1998-11-13,0.0,161.75,AS-BRA-01
1998-11-14,0.0,154.72,AS-BRA-01
1998-11-15,0.0,154.72,AS-BRA-01
1998-11-16,0.0,154.72,AS-BRA-01
1998-11-17,0.0,147.69,AS-BRA-01
1998-11-18,0.0,147.69,AS-BRA-01
1998-11-19,0.0,147.69,AS-BRA-01
1998-11-20,0.0,147.69,AS-BRA-01
1998-11-21,0.0,133.62,AS-BRA-01
1998-11-22,7.6,949.41,AS-BRA-01
1998-11-23,47.1,11835.94,AS-BRA-01
1998-11-24,0.0,6638.82,AS-BRA-01
1998-11-25,0.0,3607.75,AS-BRA-01
1998-11-26,0.0,2313.74,AS-BRA-01
1998-11-27,0.0,1645.64,AS-BRA-01
1998-11-28,0.0,1244.78,AS-BRA-01
1998-11-29,0.0,970.5,AS-BRA-01
1998-11-30,0.0,773.59,AS-BRA-01
1998-12-01,0.2,618.87,AS-BRA-01
1998-12-02,0.0,499.32,AS-BRA-01
1998-12-03,0.0,386.8,AS-BRA-01
1998-12-04,0.0,309.44,AS-BRA-01
1998-12-05,0.0,246.14,AS-BRA-01
1998-12-06,0.0,225.04,AS-BRA-01
1998-12-07,0.0,203.95,AS-BRA-01
1998-12-08,0.0,189.88,AS-BRA-01
1998-12-09,0.0,182.85,AS-BRA-01
1998-12-10,0.0,168.78,AS-BRA-01
1998-12-11,0.0,154.72,AS-BRA-01
1998-12-12,0.0,147.69,AS-BRA-01
1998-12-13,0.0,147.69,AS-BRA-01
1998-12-14,0.0,133.62,AS-BRA-01
1998-12-15,0.0,133.62,AS-BRA-01
1998-12-16,0.0,126.59,AS-BRA-01
1998-12-17,0.0,126.59,AS-BRA-01
1998-12-18,0.0,126.59,AS-BRA-01
1998-12-19,0.0,112.52,AS-BRA-01
1998-12-20,0.0,112.52,AS-BRA-01
1998-12-21,0.0,112.52,AS-BRA-01
1998-12-22,0.0,105.49,AS-BRA-01
1998-12-23,0.0,105.49,AS-BRA-01
1998-12-24,0.0,105.49,AS-BRA-01
1998-12-25,0.0,105.49,AS-BRA-01
1998-12-26,0.0,105.49,AS-BRA-01
1998-12-27,0.0,91.42,AS-BRA-01
1998-12-28,0.0,91.42,AS-BRA-01
1998-12-29,0.0,91.42,AS-BRA-01
1998-12-30,0.0,91.42,AS-BRA-01
1998-12-31,0.0,91.42,AS-BRA-01
1999-01-01,0.0,84.39,AS-BRA-01
1999-01-02,0.0,84.39,AS-BRA-01
1999-01-03,0.0,70.33,AS-BRA-01
1999-01-04,0.0,70.33,AS-BRA-01
1999-01-05,0.0,70.33,AS-BRA-01
1999-01-06,0.0,70.33,AS-BRA-01
1999-01-07,0.0,70.33,AS-BRA-01
1999-01-08,0.0,70.33,AS-BRA-01
1999-01-09,0.0,70.33,AS-BRA-01
1999-01-10,1.6,91.42,AS-BRA-01
1999-01-11,0.0,91.42,AS-BRA-01
1999-01-12,0.0,84.39,AS-BRA-01
1999-01-13,0.0,84.39,AS-BRA-01
1999-01-14,0.0,70.33,AS-BRA-01
1999-01-15,0.0,70.33,AS-BRA-01
1999-01-16,0.0,70.33,AS-BRA-01
1999-01-17,0.0,56.26,AS-BRA-01
1999-01-18,0.0,56.26,AS-BRA-01
1999-01-19,0.0,56.26,AS-BRA-01
1999-01-20,0.0,56.26,AS-BRA-01
1999-01-21,0.0,56.26,AS-BRA-01
1999-01-22,0.0,49.23,AS-BRA-01
1999-01-23,0.0,49.23,AS-BRA-01
1999-01-24,0.0,49.23,AS-BRA-01
1999-01-25,0.0,49.23,AS-BRA-01
1999-01-26,0.0,49.23,AS-BRA-01
1999-01-27,0.0,49.23,AS-BRA-01
1999-01-28,0.0,49.23,AS-BRA-01
1999-01-29,0.0,49.23,AS-BRA-01
1999-01-30,0.0,49.23,AS-BRA-01
1999-01-31,0.0,49.23,AS-BRA-01
1999-02-01,0.0,70.33,AS-BRA-01
1999-02-02,0.0,70.33,AS-BRA-01
1999-02-03,0.0,70.33,AS-BRA-01
1999-02-04,0.0,70.33,AS-BRA-01
1999-02-05,0.0,70.33,AS-BRA-01
1999-02-06,0.0,70.33,AS-BRA-01
1999-02-07,0.0,70.33,AS-BRA-01
1999-02-08,0.0,70.33,AS-BRA-01
1999-02-09,0.0,70.33,AS-BRA-01
1999-02-10,0.0,49.23,AS-BRA-01
1999-02-11,0.0,49.23,AS-BRA-01
1999-02-12,0.0,49.23,AS-BRA-01
1999-02-13,0.0,49.23,AS-BRA-01
1999-02-14,0.0,49.23,AS-BRA-01
1999-02-15,0.0,49.23,AS-BRA-01
1999-02-16,0.0,49.23,AS-BRA-01
1999-02-17,0.0,49.23,AS-BRA-01
1999-02-18,0.0,49.23,AS-BRA-01
1999-02-19,0.0,49.23,AS-BRA-01
1999-02-20,0.0,49.23,AS-BRA-01
1999-02-21,0.0,49.23,AS-BRA-01
1999-02-22,0.0,49.23,AS-BRA-01
1999-02-23,0.0,49.23,AS-BRA-01
1999-02-24,0.0,49.23,AS-BRA-01
1999-02-25,0.0,49.23,AS-BRA-01
1999-02-26,0.0,49.23,AS-BRA-01
1999-02-27,0.0,49.23,AS-BRA-01
1999-02-28,0.0,49.23,AS-BRA-01
1999-03-01,0.0,49.23,AS-BRA-01
1999-03-02,0.0,49.23,AS-BRA-01
1999-03-03,0.0,49.23,AS-BRA-01
1999-03-04,0.0,49.23,AS-BRA-01
1999-03-05,0.0,28.13,AS-BRA-01
1999-03-06,0.0,28.13,AS-BRA-01
1999-03-07,0.0,28.13,AS-BRA-01
1999-03-08,0.0,28.13,AS-BRA-01
1999-03-09,0.0,28.13,AS-BRA-01
1999-03-10,0.0,28.13,AS-BRA-01
1999-03-11,0.0,28.13,AS-BRA-01
1999-03-12,0.0,28.13,AS-BRA-01
1999-03-13,0.0,28.13,AS-BRA-01
1999-03-14,0.0,28.13,AS-BRA-01
1999-03-15,0.0,28.13,AS-BRA-01
1999-03-16,0.0,28.13,AS-BRA-01
1999-03-17,0.0,28.13,AS-BRA-01
1999-03-18,0.0,28.13,AS-BRA-01
1999-03-19,0.0,28.13,AS-BRA-01
1999-03-20,0.0,28.13,AS-BRA-01
1999-03-21,0.0,28.13,AS-BRA-01
1999-03-22,0.0,28.13,AS-BRA-01
1999-03-23,0.0,28.13,AS-BRA-01
1999-03-24,0.0,28.13,AS-BRA-01
1999-03-25,1.3,49.23,AS-BRA-01
1999-03-26,34.5,1983.21,AS-BRA-01
1999-03-27,2.8,1385.43,AS-BRA-01
1999-03-28,0.4,661.07,AS-BRA-01
1999-03-29,0.0,337.57,AS-BRA-01
1999-03-30,0.0,203.95,AS-BRA-01
1999-03-31,0.0,133.62,AS-BRA-01
1999-04-01,1.3,133.62,AS-BRA-01
1999-04-02,0.7,112.52,AS-BRA-01
1999-04-03,1.9,112.52,AS-BRA-01
1999-04-04,0.1,91.42,AS-BRA-01
1999-04-05,0.6,70.33,AS-BRA-01
1999-04-06,13.3,928.31,AS-BRA-01
1999-04-07,8.1,1209.61,AS-BRA-01
1999-04-08,0.0,710.3,AS-BRA-01
1999-04-09,4.1,555.58,AS-BRA-01
1999-04-10,0.9,379.76,AS-BRA-01
1999-04-11,0.0,225.04,AS-BRA-01
1999-04-12,0.0,154.72,AS-BRA-01
1999-04-13,2.0,133.62,AS-BRA-01
1999-04-14,4.5,246.14,AS-BRA-01
1999-04-15,2.5,267.24,AS-BRA-01
1999-04-16,0.4,182.85,AS-BRA-01
1999-04-17,0.0,133.62,AS-BRA-01
1999-04-18,0.3,91.42,AS-BRA-01
1999-04-19,0.0,70.33,AS-BRA-01
1999-04-20,0.0,49.23,AS-BRA-01
1999-04-21,0.0,49.23,AS-BRA-01
1999-04-22,0.0,49.23,AS-BRA-01
1999-04-23,2.6,91.42,AS-BRA-01
1999-04-24,3.0,182.85,AS-BRA-01
1999-04-25,1.9,203.95,AS-BRA-01
1999-04-26,1.4,154.72,AS-BRA-01
1999-04-27,4.2,246.14,AS-BRA-01
1999-04-28,4.0,267.24,AS-BRA-01
1999-04-29,1.8,225.04,AS-BRA-01
1999-04-30,2.4,203.95,AS-BRA-01
1999-05-01,1.9,182.85,AS-BRA-01
1999-05-02,2.3,225.04,AS-BRA-01
1999-05-03,25.0,1582.35,AS-BRA-01
1999-05-04,20.5,2855.25,AS-BRA-01
1999-05-05,20.3,3326.44,AS-BRA-01
1999-05-06,15.0,3080.3,AS-BRA-01
1999-05-07,1.7,1631.57,AS-BRA-01
1999-05-08,12.0,1385.43,AS-BRA-01
1999-05-09,20.8,3185.79,AS-BRA-01
1999-05-10,18.3,3256.11,AS-BRA-01
1999-05-11,3.2,1891.78,AS-BRA-01
1999-05-12,21.4,2552.85,AS-BRA-01
1999-05-13,9.5,2285.61,AS-BRA-01
1999-05-14,6.3,1983.21,AS-BRA-01
1999-05-15,5.3,1610.48,AS-BRA-01
1999-05-16,2.2,1146.32,AS-BRA-01
1999-05-17,0.7,682.17,AS-BRA-01
1999-05-18,8.2,1209.61,AS-BRA-01
1999-05-19,12.5,2053.53,AS-BRA-01
1999-05-20,6.8,2243.41,AS-BRA-01
1999-05-21,40.6,5408.1,AS-BRA-01
1999-05-22,19.2,5492.5,AS-BRA-01
1999-05-23,6.0,3453.03,AS-BRA-01
1999-05-24,20.8,6835.73,AS-BRA-01
1999-05-25,16.2,6153.56,AS-BRA-01
1999-05-26,28.9,8418.08,AS-BRA-01
1999-05-27,12.0,7588.22,AS-BRA-01
1999-05-28,62.9,17279.21,AS-BRA-01
1999-05-29,43.7,19698.44,AS-BRA-01
1999-05-30,18.5,13868.38,AS-BRA-01
1999-05-31,6.6,8994.75,AS-BRA-01
1999-06-01,5.6,6554.42,AS-BRA-01
1999-06-02,6.6,5408.1,AS-BRA-01
1999-06-03,2.5,4557.15,AS-BRA-01
1999-06-04,1.1,3867.95,AS-BRA-01
1999-06-05,1.1,3544.45,AS-BRA-01
1999-06-06,0.0,3164.69,AS-BRA-01
1999-06-07,0.6,2841.19,AS-BRA-01
1999-06-08,3.0,2616.14,AS-BRA-01
1999-06-09,13.8,3256.11,AS-BRA-01
1999-06-10,23.4,4557.15,AS-BRA-01
1999-06-11,13.9,7398.34,AS-BRA-01
1999-06-12,0.1,5260.42,AS-BRA-01
1999-06-13,0.6,3910.15,AS-BRA-01
1999-06-14,7.8,4557.15,AS-BRA-01
1999-06-15,10.5,4725.94,AS-BRA-01
1999-06-16,22.8,5450.3,AS-BRA-01
1999-06-17,14.0,5738.64,AS-BRA-01
1999-06-18,6.3,5119.77,AS-BRA-01
1999-06-19,5.0,4690.77,AS-BRA-01
1999-06-20,6.2,4950.98,AS-BRA-01
1999-06-21,35.6,10900.6,AS-BRA-01
1999-06-22,45.7,14283.3,AS-BRA-01
1999-06-23,65.1,29171.41,AS-BRA-01
1999-06-24,45.7,26906.9,AS-BRA-01
1999-06-25,52.4,22813.9,AS-BRA-01
1999-06-26,20.8,16582.98,AS-BRA-01
1999-06-27,16.8,14283.3,AS-BRA-01
1999-06-28,3.9,11399.92,AS-BRA-01
1999-06-29,7.5,10183.27,AS-BRA-01
1999-06-30,13.8,10105.91,AS-BRA-01
1999-07-01,23.3,11203.0,AS-BRA-01
1999-07-02,19.6,12075.05,AS-BRA-01
1999-07-03,5.7,10471.61,AS-BRA-01
1999-07-04,3.3,8790.81,AS-BRA-01
1999-07-05,12.2,8903.33,AS-BRA-01
1999-07-06,38.9,21533.96,AS-BRA-01
1999-07-07,22.3,18270.81,AS-BRA-01
1999-07-08,4.3,13165.11,AS-BRA-01
1999-07-09,27.0,14634.93,AS-BRA-01
1999-07-10,24.5,17447.99,AS-BRA-01
1999-07-11,30.2,21273.75,AS-BRA-01
1999-07-12,12.9,18812.32,AS-BRA-01
1999-07-13,4.3,14002.0,AS-BRA-01
1999-07-14,32.6,15985.2,AS-BRA-01
1999-07-15,5.6,12975.23,AS-BRA-01
1999-07-16,11.7,13495.65,AS-BRA-01
1999-07-17,33.7,19367.9,AS-BRA-01
1999-07-18,107.6,45072.22,AS-BRA-01
1999-07-19,104.3,61718.49,AS-BRA-01
1999-07-20,44.9,43307.03,AS-BRA-01
1999-07-21,27.9,31330.43,AS-BRA-01
1999-07-22,22.8,28897.14,AS-BRA-01
1999-07-23,31.1,24396.24,AS-BRA-01
1999-07-24,13.6,21899.66,AS-BRA-01
1999-07-25,19.7,20373.57,AS-BRA-01
1999-07-26,31.8,20570.49,AS-BRA-01
1999-07-27,22.1,18903.75,AS-BRA-01
1999-07-28,46.8,26210.67,AS-BRA-01
1999-07-29,31.5,25465.21,AS-BRA-01
1999-07-30,9.6,19269.45,AS-BRA-01
1999-07-31,11.3,17666.0,AS-BRA-01
1999-08-01,21.0,17447.99,AS-BRA-01
1999-08-02,5.6,15633.57,AS-BRA-01
1999-08-03,5.9,15000.63,AS-BRA-01
1999-08-04,14.8,16456.39,AS-BRA-01
1999-08-05,2.2,13896.51,AS-BRA-01
1999-08-06,55.3,20570.49,AS-BRA-01
1999-08-07,30.5,19986.78,AS-BRA-01
1999-08-08,43.4,24923.69,AS-BRA-01
1999-08-09,20.8,24332.95,AS-BRA-01
1999-08-10,16.3,20225.89,AS-BRA-01
1999-08-11,6.1,16822.09,AS-BRA-01
1999-08-12,70.6,37680.91,AS-BRA-01
1999-08-13,87.0,44966.73,AS-BRA-01
1999-08-14,87.9,60431.52,AS-BRA-01
1999-08-15,36.9,42399.81,AS-BRA-01
1999-08-16,10.4,29663.7,AS-BRA-01
1999-08-17,16.9,24628.32,AS-BRA-01
1999-08-18,18.2,22110.63,AS-BRA-01
1999-08-19,7.5,19178.02,AS-BRA-01
1999-08-20,6.3,17616.77,AS-BRA-01
1999-08-21,14.8,18903.75,AS-BRA-01
1999-08-22,10.9,16990.87,AS-BRA-01
1999-08-23,19.4,17876.98,AS-BRA-01
1999-08-24,15.9,17532.38,AS-BRA-01
1999-08-25,30.2,18720.9,AS-BRA-01
1999-08-26,22.2,18228.61,AS-BRA-01
1999-08-27,24.3,21484.73,AS-BRA-01
1999-08-28,60.7,29037.79,AS-BRA-01
1999-08-29,19.5,23643.75,AS-BRA-01
1999-08-30,27.0,22321.61,AS-BRA-01
1999-08-31,9.1,18854.52,AS-BRA-01
1999-09-01,14.9,17708.2,AS-BRA-01
1999-09-02,21.3,17750.4,AS-BRA-01
1999-09-03,18.7,17834.79,AS-BRA-01
1999-09-04,10.1,15070.96,AS-BRA-01
1999-09-05,6.3,13165.11,AS-BRA-01
1999-09-06,6.0,12075.05,AS-BRA-01
1999-09-07,9.0,11716.39,AS-BRA-01
1999-09-08,11.1,11716.39,AS-BRA-01
1999-09-09,9.3,11259.26,AS-BRA-01
1999-09-10,13.3,11596.83,AS-BRA-01
1999-09-11,15.2,12532.17,AS-BRA-01
1999-09-12,12.2,12103.18,AS-BRA-01
1999-09-13,3.8,10598.2,AS-BRA-01
1999-09-14,7.1,9606.59,AS-BRA-01
1999-09-15,1.9,8769.71,AS-BRA-01
1999-09-16,5.6,8460.27,AS-BRA-01
1999-09-17,16.7,10710.72,AS-BRA-01
1999-09-18,23.3,11568.7,AS-BRA-01
1999-09-19,1.9,9269.03,AS-BRA-01
1999-09-20,22.8,10731.82,AS-BRA-01
1999-09-21,11.7,10105.91,AS-BRA-01
1999-09-22,8.7,9226.83,AS-BRA-01
1999-09-23,6.7,9388.58,AS-BRA-01
1999-09-24,1.1,7890.63,AS-BRA-01
1999-09-25,0.0,6765.4,AS-BRA-01
1999-09-26,7.2,6484.1,AS-BRA-01
1999-09-27,0.0,5865.23,AS-BRA-01
1999-09-28,0.3,5302.61,AS-BRA-01
1999-09-29,1.0,4873.62,AS-BRA-01
1999-09-30,5.3,4782.2,AS-BRA-01
1999-10-01,6.8,4803.3,AS-BRA-01
1999-10-02,1.2,4472.76,AS-BRA-01
1999-10-03,7.0,4599.35,AS-BRA-01
1999-10-04,6.1,4740.0,AS-BRA-01
1999-10-05,5.2,4648.58,AS-BRA-01
1999-10-06,2.9,4374.3,AS-BRA-01
1999-10-07,2.3,3959.38,AS-BRA-01
1999-10-08,4.8,3649.94,AS-BRA-01
1999-10-09,0.4,3242.05,AS-BRA-01
1999-10-10,0.6,2939.65,AS-BRA-01
1999-10-11,0.7,2820.09,AS-BRA-01
1999-10-12,0.7,2616.14,AS-BRA-01
1999-10-13,0.1,2412.2,AS-BRA-01
1999-10-14,6.3,2609.11,AS-BRA-01
1999-10-15,2.0,2405.16,AS-BRA-01
1999-10-16,1.2,2123.86,AS-BRA-01
1999-10-17,19.4,4261.78,AS-BRA-01
1999-10-18,42.1,9782.41,AS-BRA-01
1999-10-19,36.7,13594.1,AS-BRA-01
1999-10-20,1.7,8657.19,AS-BRA-01
1999-10-21,0.6,6104.34,AS-BRA-01
1999-10-22,0.4,4585.28,AS-BRA-01
1999-10-23,0.3,3713.24,AS-BRA-01
1999-10-24,0.2,3178.76,AS-BRA-01
1999-10-25,0.0,2798.99,AS-BRA-01
1999-10-26,0.0,2496.59,AS-BRA-01
1999-10-27,0.0,2243.41,AS-BRA-01
1999-10-28,0.6,2032.43,AS-BRA-01
1999-10-29,3.4,2334.84,AS-BRA-01
1999-10-30,2.0,2306.71,AS-BRA-01
1999-10-31,0.0,1997.27,AS-BRA-01
1999-11-01,9.7,2173.09,AS-BRA-01
1999-11-02,12.9,2749.76,AS-BRA-01
1999-11-03,2.6,2320.77,AS-BRA-01
1999-11-04,0.6,1835.52,AS-BRA-01
1999-11-05,0.0,1540.15,AS-BRA-01
1999-11-06,0.0,1336.2,AS-BRA-01
1999-11-07,0.0,1174.45,AS-BRA-01
1999-11-08,0.0,1033.8,AS-BRA-01
1999-11-09,0.0,921.28,AS-BRA-01
1999-11-10,0.4,822.82,AS-BRA-01
1999-11-11,0.0,738.43,AS-BRA-01
1999-11-12,0.4,654.04,AS-BRA-01
1999-11-13,0.4,576.68,AS-BRA-01
1999-11-14,0.0,499.32,AS-BRA-01
1999-11-15,0.0,436.02,AS-BRA-01
1999-11-16,0.8,358.66,AS-BRA-01
1999-11-17,0.2,302.4,AS-BRA-01
1999-11-18,0.0,253.18,AS-BRA-01
1999-11-19,0.1,203.95,AS-BRA-01
1999-11-20,0.1,168.78,AS-BRA-01
1999-11-21,0.2,147.69,AS-BRA-01
1999-11-22,0.0,133.62,AS-BRA-01
1999-11-23,0.0,133.62,AS-BRA-01
1999-11-24,0.0,133.62,AS-BRA-01
1999-11-25,0.0,126.59,AS-BRA-01
1999-11-26,0.0,126.59,AS-BRA-01
1999-11-27,0.0,126.59,AS-BRA-01
1999-11-28,0.0,119.55,AS-BRA-01
1999-11-29,0.0,119.55,AS-BRA-01
1999-11-30,0.0,119.55,AS-BRA-01
1999-12-01,0.0,105.49,AS-BRA-01
1999-12-02,0.0,91.42,AS-BRA-01
1999-12-03,0.0,91.42,AS-BRA-01
1999-12-04,0.0,91.42,AS-BRA-01
1999-12-05,0.0,84.39,AS-BRA-01
1999-12-06,0.0,84.39,AS-BRA-01
1999-12-07,0.0,84.39,AS-BRA-01
1999-12-08,0.0,84.39,AS-BRA-01
1999-12-09,0.0,84.39,AS-BRA-01
1999-12-10,0.0,84.39,AS-BRA-01
1999-12-11,0.0,84.39,AS-BRA-01
1999-12-12,0.0,84.39,AS-BRA-01
1999-12-13,0.0,84.39,AS-BRA-01
1999-12-14,0.0,84.39,AS-BRA-01
1999-12-15,0.0,70.33,AS-BRA-01
1999-12-16,0.0,70.33,AS-BRA-01
1999-12-17,0.0,70.33,AS-BRA-01
1999-12-18,0.0,70.33,AS-BRA-01
1999-12-19,0.0,70.33,AS-BRA-01
1999-12-20,0.0,70.33,AS-BRA-01
1999-12-21,0.0,70.33,AS-BRA-01
1999-12-22,0.0,70.33,AS-BRA-01
1999-12-23,0.0,56.26,AS-BRA-01
1999-12-24,0.2,56.26,AS-BRA-01
1999-12-25,0.0,56.26,AS-BRA-01
1999-12-26,0.0,56.26,AS-BRA-01
1999-12-27,0.0,56.26,AS-BRA-01
1999-12-28,0.0,56.26,AS-BRA-01
1999-12-29,0.0,56.26,AS-BRA-01
1999-12-30,0.0,56.26,AS-BRA-01
1999-12-31,0.0,56.26,AS-BRA-01
2000-01-01,0.0,56.26,AS-BRA-01
2000-01-02,0.0,56.26,AS-BRA-01
2000-01-03,0.0,56.26,AS-BRA-01
2000-01-04,0.0,56.26,AS-BRA-01
2000-01-05,0.0,49.23,AS-BRA-01
2000-01-06,0.0,49.23,AS-BRA-01
2000-01-07,0.0,49.23,AS-BRA-01
2000-01-08,0.0,49.23,AS-BRA-01
2000-01-09,0.0,49.23,AS-BRA-01
2000-01-10,0.0,49.23,AS-BRA-01
2000-01-11,0.0,49.23,AS-BRA-01
2000-01-12,0.0,49.23,AS-BRA-01
2000-01-13,0.9,49.23,AS-BRA-01
2000-01-14,3.6,91.42,AS-BRA-01
2000-01-15,0.0,91.42,AS-BRA-01
2000-01-16,0.0,84.39,AS-BRA-01
2000-01-17,0.0,70.33,AS-BRA-01
2000-01-18,0.0,56.26,AS-BRA-01
2000-01-19,1.3,70.33,AS-BRA-01
2000-01-20,0.1,56.26,AS-BRA-01
2000-01-21,0.1,56.26,AS-BRA-01
2000-01-22,0.0,49.23,AS-BRA-01
2000-01-23,0.2,49.23,AS-BRA-01
2000-01-24,0.0,49.23,AS-BRA-01
2000-01-25,0.0,35.16,AS-BRA-01
2000-01-26,0.0,35.16,AS-BRA-01
2000-01-27,0.0,35.16,AS-BRA-01
2000-01-28,1.5,56.26,AS-BRA-01
2000-01-29,7.2,478.22,AS-BRA-01
2000-01-30,0.7,421.96,AS-BRA-01
2000-01-31,0.0,253.18,AS-BRA-01
2000-02-01,0.1,168.78,AS-BRA-01
2000-02-02,6.1,400.86,AS-BRA-01
2000-02-03,0.0,344.6,AS-BRA-01
2000-02-04,0.0,225.04,AS-BRA-01
2000-02-05,0.0,154.72,AS-BRA-01
2000-02-06,0.0,112.52,AS-BRA-01
2000-02-07,0.2,91.42,AS-BRA-01
2000-02-08,0.8,70.33,AS-BRA-01
2000-02-09,0.0,70.33,AS-BRA-01
2000-02-10,0.0,49.23,AS-BRA-01
2000-02-11,0.0,49.23,AS-BRA-01
2000-02-12,0.0,49.23,AS-BRA-01
2000-02-13,0.0,49.23,AS-BRA-01
2000-02-14,0.0,49.23,AS-BRA-01
2000-02-15,0.0,28.13,AS-BRA-01
2000-02-16,0.0,28.13,AS-BRA-01
2000-02-17,0.0,28.13,AS-BRA-01
2000-02-18,0.0,28.13,AS-BRA-01
2000-02-19,0.0,28.13,AS-BRA-01
2000-02-20,0.0,28.13,AS-BRA-01
2000-02-21,0.0,28.13,AS-BRA-01
2000-02-22,0.0,28.13,AS-BRA-01
2000-02-23,0.0,28.13,AS-BRA-01
2000-02-24,0.0,28.13,AS-BRA-01
2000-02-25,0.0,28.13,AS-BRA-01
2000-02-26,0.0,28.13,AS-BRA-01
2000-02-27,0.0,28.13,AS-BRA-01
2000-02-28,0.0,28.13,AS-BRA-01
2000-02-29,0.0,28.13,AS-BRA-01
2000-03-01,0.7,28.13,AS-BRA-01
2000-03-02,5.4,91.42,AS-BRA-01
2000-03-03,0.6,112.52,AS-BRA-01
2000-03-04,1.3,91.42,AS-BRA-01
2000-03-05,13.4,597.77,AS-BRA-01
2000-03-06,4.8,618.87,AS-BRA-01
2000-03-07,1.3,379.76,AS-BRA-01
2000-03-08,7.4,464.15,AS-BRA-01
2000-03-09,0.0,337.57,AS-BRA-01
2000-03-10,0.4,203.95,AS-BRA-01
2000-03-11,0.0,133.62,AS-BRA-01
2000-03-12,9.8,506.35,AS-BRA-01
2000-03-13,1.2,527.45,AS-BRA-01
2000-03-14,0.8,337.57,AS-BRA-01
2000-03-15,1.4,246.14,AS-BRA-01
2000-03-16,0.0,182.85,AS-BRA-01
2000-03-17,0.1,112.52,AS-BRA-01
2000-03-18,0.0,91.42,AS-BRA-01
2000-03-19,0.3,70.33,AS-BRA-01
2000-03-20,0.1,49.23,AS-BRA-01
2000-03-21,0.0,28.13,AS-BRA-01
2000-03-22,0.0,28.13,AS-BRA-01
2000-03-23,0.0,28.13,AS-BRA-01
2000-03-24,0.0,28.13,AS-BRA-01
2000-03-25,0.0,28.13,AS-BRA-01
2000-03-26,0.0,0.0,AS-BRA-01
2000-03-27,0.0,0.0,AS-BRA-01
2000-03-28,2.5,49.23,AS-BRA-01
2000-03-29,0.5,49.23,AS-BRA-01
2000-03-30,0.0,49.23,AS-BRA-01
2000-03-31,0.0,28.13,AS-BRA-01
2000-04-01,0.0,28.13,AS-BRA-01
2000-04-02,0.0,49.23,AS-BRA-01
2000-04-03,0.0,28.13,AS-BRA-01
2000-04-04,0.0,28.13,AS-BRA-01
2000-04-05,0.0,28.13,AS-BRA-01
2000-04-06,0.2,28.13,AS-BRA-01
2000-04-07,1.2,28.13,AS-BRA-01
2000-04-08,1.5,28.13,AS-BRA-01
2000-04-09,16.1,724.36,AS-BRA-01
2000-04-10,4.1,661.07,AS-BRA-01
2000-04-11,10.1,879.08,AS-BRA-01
2000-04-12,0.8,576.68,AS-BRA-01
2000-04-13,0.0,309.44,AS-BRA-01
2000-04-14,0.8,182.85,AS-BRA-01
2000-04-15,16.5,1033.8,AS-BRA-01
2000-04-16,4.8,857.98,AS-BRA-01
2000-04-17,5.1,682.17,AS-BRA-01
2000-04-18,8.7,836.88,AS-BRA-01
2000-04-19,4.6,661.07,AS-BRA-01
2000-04-20,18.0,1455.76,AS-BRA-01
2000-04-21,5.0,1209.61,AS-BRA-01
2000-04-22,4.1,879.08,AS-BRA-01
2000-04-23,8.1,879.08,AS-BRA-01
2000-04-24,4.5,682.17,AS-BRA-01
2000-04-25,15.6,1694.87,AS-BRA-01
2000-04-26,20.8,3713.24,AS-BRA-01
2000-04-27,4.3,3340.51,AS-BRA-01
2000-04-28,6.4,2355.94,AS-BRA-01
2000-04-29,32.5,3052.17,AS-BRA-01
2000-04-30,25.5,4332.11,AS-BRA-01
2000-05-01,19.1,3474.13,AS-BRA-01
2000-05-02,16.6,3150.62,AS-BRA-01
2000-05-03,2.6,2053.53,AS-BRA-01
2000-05-04,0.0,1237.75,AS-BRA-01
2000-05-05,0.0,815.79,AS-BRA-01
2000-05-06,2.2,639.97,AS-BRA-01
2000-05-07,0.8,485.25,AS-BRA-01
2000-05-08,4.1,527.45,AS-BRA-01
2000-05-09,0.5,443.06,AS-BRA-01
2000-05-10,5.0,639.97,AS-BRA-01
2000-05-11,0.8,527.45,AS-BRA-01
2000-05-12,1.0,351.63,AS-BRA-01
2000-05-13,6.8,576.68,AS-BRA-01
2000-05-14,9.2,928.31,AS-BRA-01
2000-05-15,8.3,1125.22,AS-BRA-01
2000-05-16,8.7,1322.14,AS-BRA-01
2000-05-17,24.9,3804.66,AS-BRA-01
2000-05-18,17.0,3867.95,AS-BRA-01
2000-05-19,8.9,2658.34,AS-BRA-01
2000-05-20,8.3,2595.05,AS-BRA-01
2000-05-21,24.0,5035.37,AS-BRA-01
2000-05-22,28.0,5724.57,AS-BRA-01
2000-05-23,23.7,7911.73,AS-BRA-01
2000-05-24,6.0,5647.21,AS-BRA-01
2000-05-25,20.4,5358.88,AS-BRA-01
2000-05-26,16.7,4768.13,AS-BRA-01
2000-05-27,17.4,5105.7,AS-BRA-01
2000-05-28,25.9,5007.24,AS-BRA-01
2000-05-29,40.2,8790.81,AS-BRA-01
2000-05-30,19.2,8636.09,AS-BRA-01
2000-05-31,6.3,6554.42,AS-BRA-01
2000-06-01,12.3,6202.79,AS-BRA-01
2000-06-02,2.3,4929.88,AS-BRA-01
2000-06-03,1.5,3938.28,AS-BRA-01
2000-06-04,9.3,4205.52,AS-BRA-01
2000-06-05,45.7,9831.64,AS-BRA-01
2000-06-06,14.6,9416.71,AS-BRA-01
2000-06-07,8.2,6962.32,AS-BRA-01
2000-06-08,2.0,5478.43,AS-BRA-01
2000-06-09,0.7,4479.79,AS-BRA-01
2000-06-10,12.9,5675.34,AS-BRA-01
2000-06-11,14.1,5879.29,AS-BRA-01
2000-06-12,8.6,5738.64,AS-BRA-01
2000-06-13,4.1,4993.18,AS-BRA-01
2000-06-14,9.8,4634.51,AS-BRA-01
2000-06-15,11.1,5077.57,AS-BRA-01
2000-06-16,6.5,4697.81,AS-BRA-01
2000-06-17,15.0,4697.81,AS-BRA-01
2000-06-18,72.0,17968.41,AS-BRA-01
2000-06-19,38.2,29108.12,AS-BRA-01
2000-06-20,9.4,17279.21,AS-BRA-01
2000-06-21,12.2,13425.32,AS-BRA-01
2000-06-22,19.9,13263.57,AS-BRA-01
2000-06-23,15.4,12159.44,AS-BRA-01
2000-06-24,18.5,11484.31,AS-BRA-01
2000-06-25,11.3,10134.04,AS-BRA-01
2000-06-26,5.7,8347.75,AS-BRA-01
2000-06-27,8.2,7771.07,AS-BRA-01
2000-06-28,17.1,9606.59,AS-BRA-01
2000-06-29,8.1,8586.86,AS-BRA-01
2000-06-30,0.6,7131.1,AS-BRA-01
2000-07-01,1.8,6280.15,AS-BRA-01
2000-07-02,8.2,6603.65,AS-BRA-01
2000-07-03,1.9,5844.13,AS-BRA-01
2000-07-04,1.0,5147.9,AS-BRA-01
2000-07-05,8.3,5288.55,AS-BRA-01
2000-07-06,1.9,4873.62,AS-BRA-01
2000-07-07,6.6,4950.98,AS-BRA-01
2000-07-08,7.6,5738.64,AS-BRA-01
2000-07-09,19.7,9247.93,AS-BRA-01
2000-07-10,51.0,22539.63,AS-BRA-01
2000-07-11,24.3,15633.57,AS-BRA-01
2000-07-12,37.8,15408.52,AS-BRA-01
2000-07-13,18.8,15218.64,AS-BRA-01
2000-07-14,21.0,14283.3,AS-BRA-01
2000-07-15,6.7,11118.61,AS-BRA-01
2000-07-16,36.4,13200.27,AS-BRA-01
2000-07-17,23.3,13460.48,AS-BRA-01
2000-07-18,15.8,14318.46,AS-BRA-01
2000-07-19,18.6,15788.29,AS-BRA-01
2000-07-20,21.0,14923.27,AS-BRA-01
2000-07-21,7.8,12623.6,AS-BRA-01
2000-07-22,3.5,10028.55,AS-BRA-01
2000-07-23,17.8,11688.26,AS-BRA-01
2000-07-24,24.0,12468.88,AS-BRA-01
2000-07-25,32.0,17666.0,AS-BRA-01
2000-07-26,34.9,20971.35,AS-BRA-01
2000-07-27,4.3,15331.17,AS-BRA-01
2000-07-28,14.3,14212.97,AS-BRA-01
2000-07-29,5.8,11203.0,AS-BRA-01
2000-07-30,3.0,9606.59,AS-BRA-01
2000-07-31,10.4,10077.78,AS-BRA-01
2000-08-01,34.6,16020.36,AS-BRA-01
2000-08-02,12.4,13629.27,AS-BRA-01
2000-08-03,2.0,10387.22,AS-BRA-01
2000-08-04,5.9,8973.65,AS-BRA-01
2000-08-05,1.7,7953.92,AS-BRA-01
2000-08-06,19.6,8882.23,AS-BRA-01
2000-08-07,10.2,8502.47,AS-BRA-01
2000-08-08,17.6,10520.84,AS-BRA-01
2000-08-09,30.4,14388.79,AS-BRA-01
2000-08-10,23.5,16217.28,AS-BRA-01
2000-08-11,17.9,15035.79,AS-BRA-01
2000-08-12,13.2,12194.61,AS-BRA-01
2000-08-13,4.3,10077.78,AS-BRA-01
2000-08-14,11.4,10872.47,AS-BRA-01
2000-08-15,8.9,10977.96,AS-BRA-01
2000-08-16,13.1,12039.89,AS-BRA-01
2000-08-17,39.1,21069.8,AS-BRA-01
2000-08-18,30.2,19649.21,AS-BRA-01
2000-08-19,19.4,16744.73,AS-BRA-01
2000-08-20,43.0,23587.49,AS-BRA-01
2000-08-21,14.2,17792.59,AS-BRA-01
2000-08-22,7.1,13228.4,AS-BRA-01
2000-08-23,10.8,11540.57,AS-BRA-01
2000-08-24,3.4,9901.96,AS-BRA-01
2000-08-25,0.5,8657.19,AS-BRA-01
2000-08-26,7.2,8284.46,AS-BRA-01
2000-08-27,5.1,8052.38,AS-BRA-01
2000-08-28,18.3,9177.6,AS-BRA-01
2000-08-29,31.9,15788.29,AS-BRA-01
2000-08-30,37.6,20176.66,AS-BRA-01
2000-08-31,11.4,14564.61,AS-BRA-01
2000-09-01,32.0,16139.92,AS-BRA-01
2000-09-02,35.8,16822.09,AS-BRA-01
2000-09-03,14.2,15035.79,AS-BRA-01
2000-09-04,11.8,13101.82,AS-BRA-01
2000-09-05,6.6,12011.76,AS-BRA-01
2000-09-06,18.6,13931.67,AS-BRA-01
2000-09-07,28.4,14529.44,AS-BRA-01
2000-09-08,21.5,14670.1,AS-BRA-01
2000-09-09,42.4,20816.63,AS-BRA-01
2000-09-10,31.3,20521.26,AS-BRA-01
2000-09-11,1.7,14599.77,AS-BRA-01
2000-09-12,3.2,11540.57,AS-BRA-01
2000-09-13,26.7,12222.74,AS-BRA-01
2000-09-14,43.8,20922.12,AS-BRA-01
2000-09-15,23.9,18094.99,AS-BRA-01
2000-09-16,21.9,16744.73,AS-BRA-01
2000-09-17,55.4,20922.12,AS-BRA-01
2000-09-18,31.8,17919.18,AS-BRA-01
2000-09-19,0.0,13228.4,AS-BRA-01
2000-09-20,0.3,10788.08,AS-BRA-01
2000-09-21,0.2,9437.81,AS-BRA-01
2000-09-22,2.8,8833.0,AS-BRA-01
2000-09-23,9.5,8833.0,AS-BRA-01
2000-09-24,6.9,8368.85,AS-BRA-01
2000-09-25,0.8,7531.96,AS-BRA-01
2000-09-26,0.5,6821.67,AS-BRA-01
2000-09-27,1.2,6315.31,AS-BRA-01
2000-09-28,0.6,5844.13,AS-BRA-01
2000-09-29,0.4,5436.23,AS-BRA-01
2000-09-30,8.8,5612.05,AS-BRA-01
2000-10-01,6.8,5689.41,AS-BRA-01
2000-10-02,12.3,9465.94,AS-BRA-01
2000-10-03,0.1,7454.6,AS-BRA-01
2000-10-04,3.1,6153.56,AS-BRA-01
2000-10-05,1.2,5302.61,AS-BRA-01
2000-10-06,0.6,4690.77,AS-BRA-01
2000-10-07,0.6,4240.68,AS-BRA-01
2000-10-08,2.6,3980.48,AS-BRA-01
2000-10-09,2.8,3783.56,AS-BRA-01
2000-10-10,0.8,3467.09,AS-BRA-01
2000-10-11,0.3,3178.76,AS-BRA-01
2000-10-12,1.9,2953.71,AS-BRA-01
2000-10-13,0.0,2735.7,AS-BRA-01
2000-10-14,0.0,2517.69,AS-BRA-01
2000-10-15,0.0,2320.77,AS-BRA-01
2000-10-16,0.0,2137.92,AS-BRA-01
2000-10-17,1.7,2074.63,AS-BRA-01
2000-10-18,1.3,1926.94,AS-BRA-01
2000-10-19,0.4,1758.16,AS-BRA-01
2000-10-20,0.2,1610.48,AS-BRA-01
2000-10-21,2.9,1540.15,AS-BRA-01
2000-10-22,1.1,1455.76,AS-BRA-01
2000-10-23,0.3,1322.14,AS-BRA-01
2000-10-24,0.5,1188.52,AS-BRA-01
2000-10-25,0.0,1075.99,AS-BRA-01
2000-10-26,0.0,970.5,AS-BRA-01
2000-10-27,4.2,1336.2,AS-BRA-01
2000-10-28,49.3,9606.59,AS-BRA-01
2000-10-29,0.9,5956.65,AS-BRA-01
2000-10-30,0.0,3565.55,AS-BRA-01
2000-10-31,0.0,2510.65,AS-BRA-01
2000-11-01,0.0,1912.88,AS-BRA-01
2000-11-02,0.0,1554.21,AS-BRA-01
2000-11-03,0.0,1301.04,AS-BRA-01
2000-11-04,0.0,1104.13,AS-BRA-01
2000-11-05,0.0,949.41,AS-BRA-01
2000-11-06,0.8,815.79,AS-BRA-01
2000-11-07,0.2,710.3,AS-BRA-01
2000-11-08,0.0,604.81,AS-BRA-01
2000-11-09,0.0,520.42,AS-BRA-01
2000-11-10,0.5,443.06,AS-BRA-01
2000-11-11,0.6,527.45,AS-BRA-01
2000-11-12,0.4,583.71,AS-BRA-01
2000-11-13,0.7,604.81,AS-BRA-01
2000-11-14,0.2,541.51,AS-BRA-01
2000-11-15,0.2,421.96,AS-BRA-01
2000-11-16,0.0,309.44,AS-BRA-01
2000-11-17,0.2,253.18,AS-BRA-01
2000-11-18,0.2,225.04,AS-BRA-01
2000-11-19,0.6,246.14,AS-BRA-01
2000-11-20,0.9,253.18,AS-BRA-01
2000-11-21,0.0,232.08,AS-BRA-01
2000-11-22,0.0,210.98,AS-BRA-01
2000-11-23,0.0,189.88,AS-BRA-01
2000-11-24,0.0,182.85,AS-BRA-01
2000-11-25,0.1,168.78,AS-BRA-01
2000-11-26,0.0,154.72,AS-BRA-01
2000-11-27,0.0,154.72,AS-BRA-01
2000-11-28,0.0,147.69,AS-BRA-01
2000-11-29,0.9,147.69,AS-BRA-01
2000-11-30,0.3,147.69,AS-BRA-01
2000-12-01,0.2,126.59,AS-BRA-01
2000-12-02,0.0,112.52,AS-BRA-01
2000-12-03,0.0,112.52,AS-BRA-01
2000-12-04,0.0,105.49,AS-BRA-01
2000-12-05,0.0,105.49,AS-BRA-01
2000-12-06,0.0,105.49,AS-BRA-01
2000-12-07,0.0,105.49,AS-BRA-01
2000-12-08,0.0,105.49,AS-BRA-01
2000-12-09,0.0,91.42,AS-BRA-01
2000-12-10,0.0,91.42,AS-BRA-01
2000-12-11,0.2,91.42,AS-BRA-01
2000-12-12,0.0,91.42,AS-BRA-01
2000-12-13,0.0,91.42,AS-BRA-01
2000-12-14,0.0,91.42,AS-BRA-01
2000-12-15,0.0,91.42,AS-BRA-01
2000-12-16,0.0,84.39,AS-BRA-01
2000-12-17,0.0,84.39,AS-BRA-01
2000-12-18,0.0,84.39,AS-BRA-01
2000-12-19,0.0,84.39,AS-BRA-01
2000-12-20,0.0,84.39,AS-BRA-01
2000-12-21,0.0,84.39,AS-BRA-01
2000-12-22,0.0,84.39,AS-BRA-01
2000-12-23,0.0,84.39,AS-BRA-01
2000-12-24,0.0,70.33,AS-BRA-01
2000-12-25,0.0,70.33,AS-BRA-01
2000-12-26,0.0,70.33,AS-BRA-01
2000-12-27,0.0,70.33,AS-BRA-01
2000-12-28,0.0,70.33,AS-BRA-01
2000-12-29,0.0,70.33,AS-BRA-01
2000-12-30,0.0,70.33,AS-BRA-01
2000-12-31,0.0,70.33,AS-BRA-01
2001-01-01,0.0,70.33,AS-BRA-01
2001-01-02,0.0,56.26,AS-BRA-01
2001-01-03,0.0,56.26,AS-BRA-01
2001-01-04,0.4,56.26,AS-BRA-01
2001-01-05,0.0,56.26,AS-BRA-01
2001-01-06,0.0,56.26,AS-BRA-01
2001-01-07,0.0,56.26,AS-BRA-01
2001-01-08,0.0,56.26,AS-BRA-01
2001-01-09,0.1,56.26,AS-BRA-01
2001-01-10,0.0,56.26,AS-BRA-01
2001-01-11,0.0,49.23,AS-BRA-01
2001-01-12,0.0,49.23,AS-BRA-01
2001-01-13,0.0,49.23,AS-BRA-01
2001-01-14,0.0,49.23,AS-BRA-01
2001-01-15,0.0,49.23,AS-BRA-01
2001-01-16,0.0,49.23,AS-BRA-01
2001-01-17,0.0,49.23,AS-BRA-01
2001-01-18,0.0,49.23,AS-BRA-01
2001-01-19,0.0,49.23,AS-BRA-01
2001-01-20,0.0,49.23,AS-BRA-01
2001-01-21,0.0,35.16,AS-BRA-01
2001-01-22,0.0,35.16,AS-BRA-01
2001-01-23,2.5,70.33,AS-BRA-01
2001-01-24,0.1,70.33,AS-BRA-01
2001-01-25,0.0,70.33,AS-BRA-01
2001-01-26,0.0,70.33,AS-BRA-01
2001-01-27,0.0,56.26,AS-BRA-01
2001-01-28,0.0,56.26,AS-BRA-01
2001-01-29,0.0,49.23,AS-BRA-01
2001-01-30,0.0,49.23,AS-BRA-01
2001-01-31,0.0,49.23,AS-BRA-01
2001-02-01,0.0,56.26,AS-BRA-01
2001-02-02,0.0,70.33,AS-BRA-01
2001-02-03,0.0,70.33,AS-BRA-01
2001-02-04,0.0,70.33,AS-BRA-01
2001-02-05,0.0,49.23,AS-BRA-01
2001-02-06,0.0,49.23,AS-BRA-01
2001-02-07,0.0,49.23,AS-BRA-01
2001-02-08,0.0,49.23,AS-BRA-01
2001-02-09,0.0,49.23,AS-BRA-01
2001-02-10,0.0,49.23,AS-BRA-01
2001-02-11,0.0,49.23,AS-BRA-01
2001-02-12,0.0,49.23,AS-BRA-01
2001-02-13,0.0,49.23,AS-BRA-01
2001-02-14,0.0,49.23,AS-BRA-01
2001-02-15,0.0,49.23,AS-BRA-01
2001-02-16,0.0,49.23,AS-BRA-01
2001-02-17,0.0,49.23,AS-BRA-01
2001-02-18,0.0,49.23,AS-BRA-01
2001-02-19,8.9,421.96,AS-BRA-01
2001-02-20,0.8,379.76,AS-BRA-01
2001-02-21,2.7,379.76,AS-BRA-01
2001-02-22,6.5,752.49,AS-BRA-01
2001-02-23,1.2,618.87,AS-BRA-01
2001-02-24,13.2,1258.84,AS-BRA-01
2001-02-25,17.4,1962.11,AS-BRA-01
2001-02-26,3.1,1237.75,AS-BRA-01
2001-02-27,0.0,639.97,AS-BRA-01
2001-02-28,0.0,351.63,AS-BRA-01
2001-03-01,0.0,225.04,AS-BRA-01
2001-03-02,0.0,154.72,AS-BRA-01
2001-03-03,0.0,112.52,AS-BRA-01
2001-03-04,0.0,91.42,AS-BRA-01
2001-03-05,0.0,70.33,AS-BRA-01
2001-03-06,0.0,70.33,AS-BRA-01
2001-03-07,0.0,49.23,AS-BRA-01
2001-03-08,0.0,49.23,AS-BRA-01
2001-03-09,0.0,49.23,AS-BRA-01
2001-03-10,0.1,49.23,AS-BRA-01
2001-03-11,0.0,49.23,AS-BRA-01
2001-03-12,0.0,49.23,AS-BRA-01
2001-03-13,0.0,28.13,AS-BRA-01
2001-03-14,0.0,28.13,AS-BRA-01
2001-03-15,0.0,28.13,AS-BRA-01
2001-03-16,0.0,28.13,AS-BRA-01
2001-03-17,0.0,28.13,AS-BRA-01
2001-03-18,0.0,28.13,AS-BRA-01
2001-03-19,0.0,28.13,AS-BRA-01
2001-03-20,0.0,28.13,AS-BRA-01
2001-03-21,0.0,28.13,AS-BRA-01
2001-03-22,0.7,28.13,AS-BRA-01
2001-03-23,11.2,506.35,AS-BRA-01
2001-03-24,0.2,443.06,AS-BRA-01
2001-03-25,0.0,246.14,AS-BRA-01
2001-03-26,0.5,154.72,AS-BRA-01
2001-03-27,1.7,133.62,AS-BRA-01
2001-03-28,0.2,91.42,AS-BRA-01
2001-03-29,12.1,555.58,AS-BRA-01
2001-03-30,10.1,815.79,AS-BRA-01
2001-03-31,0.5,527.45,AS-BRA-01
2001-04-01,1.9,351.63,AS-BRA-01
2001-04-02,0.2,225.04,AS-BRA-01
2001-04-03,0.5,154.72,AS-BRA-01
2001-04-04,0.2,112.52,AS-BRA-01
2001-04-05,0.0,91.42,AS-BRA-01
2001-04-06,0.0,70.33,AS-BRA-01
2001-04-07,0.9,70.33,AS-BRA-01
2001-04-08,4.0,91.42,AS-BRA-01
2001-04-09,0.6,91.42,AS-BRA-01
2001-04-10,4.3,246.14,AS-BRA-01
2001-04-11,4.9,337.57,AS-BRA-01
2001-04-12,6.0,351.63,AS-BRA-01
2001-04-13,4.3,400.86,AS-BRA-01
2001-04-14,5.3,506.35,AS-BRA-01
2001-04-15,1.2,421.96,AS-BRA-01
2001-04-16,3.8,379.76,AS-BRA-01
2001-04-17,2.7,379.76,AS-BRA-01
2001-04-18,6.9,618.87,AS-BRA-01
2001-04-19,2.6,506.35,AS-BRA-01
2001-04-20,5.7,597.77,AS-BRA-01
2001-04-21,0.0,421.96,AS-BRA-01
2001-04-22,0.0,246.14,AS-BRA-01
2001-04-23,0.0,154.72,AS-BRA-01
2001-04-24,0.0,112.52,AS-BRA-01
2001-04-25,3.8,133.62,AS-BRA-01
2001-04-26,7.6,337.57,AS-BRA-01
2001-04-27,11.8,794.69,AS-BRA-01
2001-04-28,6.5,1012.7,AS-BRA-01
2001-04-29,16.8,1673.77,AS-BRA-01
2001-04-30,15.9,1673.77,AS-BRA-01
2001-05-01,1.2,928.31,AS-BRA-01
2001-05-02,2.6,597.77,AS-BRA-01
2001-05-03,22.9,2377.03,AS-BRA-01
2001-05-04,3.3,1610.48,AS-BRA-01
2001-05-05,21.1,1983.21,AS-BRA-01
2001-05-06,5.0,1427.63,AS-BRA-01
2001-05-07,13.7,1828.49,AS-BRA-01
2001-05-08,3.1,1364.33,AS-BRA-01
2001-05-09,27.4,3122.49,AS-BRA-01
2001-05-10,4.5,2334.84,AS-BRA-01
2001-05-11,0.7,1188.52,AS-BRA-01
2001-05-12,0.5,618.87,AS-BRA-01
2001-05-13,0.0,351.63,AS-BRA-01
2001-05-14,1.9,267.24,AS-BRA-01
2001-05-15,3.1,267.24,AS-BRA-01
2001-05-16,11.0,773.59,AS-BRA-01
2001-05-17,7.2,949.41,AS-BRA-01
2001-05-18,3.1,836.88,AS-BRA-01
2001-05-19,0.9,576.68,AS-BRA-01
2001-05-20,5.0,597.77,AS-BRA-01
2001-05-21,2.9,527.45,AS-BRA-01
2001-05-22,2.3,443.06,AS-BRA-01
2001-05-23,2.2,421.96,AS-BRA-01
2001-05-24,3.9,351.63,AS-BRA-01
2001-05-25,5.9,576.68,AS-BRA-01
2001-05-26,12.8,1301.04,AS-BRA-01
2001-05-27,8.0,1272.91,AS-BRA-01
2001-05-28,5.8,1258.84,AS-BRA-01
2001-05-29,8.3,1744.1,AS-BRA-01
2001-05-30,37.4,9416.71,AS-BRA-01
2001-05-31,51.2,12131.31,AS-BRA-01
2001-06-01,8.6,6575.52,AS-BRA-01
2001-06-02,18.8,6083.24,AS-BRA-01
2001-06-03,25.3,8636.09,AS-BRA-01
2001-06-04,14.0,6856.83,AS-BRA-01
2001-06-05,13.5,5801.93,AS-BRA-01
2001-06-06,7.0,4374.3,AS-BRA-01
2001-06-07,6.8,3734.33,AS-BRA-01
2001-06-08,7.2,3340.51,AS-BRA-01
2001-06-09,6.6,3692.14,AS-BRA-01
2001-06-10,14.7,4789.23,AS-BRA-01
2001-06-11,22.4,5394.04,AS-BRA-01
2001-06-12,26.7,6118.4,AS-BRA-01
2001-06-13,5.2,5394.04,AS-BRA-01
2001-06-14,24.9,6399.71,AS-BRA-01
2001-06-15,16.5,7827.33,AS-BRA-01
2001-06-16,10.8,6005.88,AS-BRA-01
2001-06-17,7.8,5161.96,AS-BRA-01
2001-06-18,4.2,4965.05,AS-BRA-01
2001-06-19,33.7,8769.71,AS-BRA-01
2001-06-20,45.6,19086.6,AS-BRA-01
2001-06-21,86.9,28622.86,AS-BRA-01
2001-06-22,47.3,22272.39,AS-BRA-01
2001-06-23,42.0,20619.71,AS-BRA-01
2001-06-24,14.2,15633.57,AS-BRA-01
2001-06-25,13.3,13397.19,AS-BRA-01
2001-06-26,8.7,10788.08,AS-BRA-01
2001-06-27,11.5,10654.46,AS-BRA-01
2001-06-28,24.9,11772.65,AS-BRA-01
2001-06-29,64.3,20922.12,AS-BRA-01
2001-06-30,34.2,21639.45,AS-BRA-01
2001-07-01,8.7,14888.11,AS-BRA-01
2001-07-02,5.0,11484.31,AS-BRA-01
2001-07-03,6.5,10520.84,AS-BRA-01
2001-07-04,1.0,8973.65,AS-BRA-01
2001-07-05,17.8,10337.99,AS-BRA-01
2001-07-06,31.1,16139.92,AS-BRA-01
2001-07-07,8.6,12750.18,AS-BRA-01
2001-07-08,47.3,16379.03,AS-BRA-01
2001-07-09,14.7,13896.51,AS-BRA-01
2001-07-10,30.6,17033.07,AS-BRA-01
2001-07-11,39.5,18854.52,AS-BRA-01
2001-07-12,17.4,18186.42,AS-BRA-01
2001-07-13,10.5,15443.69,AS-BRA-01
2001-07-14,14.0,15000.63,AS-BRA-01
2001-07-15,18.1,14248.14,AS-BRA-01
2001-07-16,30.2,17279.21,AS-BRA-01
2001-07-17,50.1,20521.26,AS-BRA-01
2001-07-18,24.4,19037.37,AS-BRA-01
2001-07-19,20.3,17405.8,AS-BRA-01
2001-07-20,40.4,21688.68,AS-BRA-01
2001-07-21,14.5,20422.8,AS-BRA-01
2001-07-22,29.2,20718.17,AS-BRA-01
2001-07-23,3.4,15443.69,AS-BRA-01
2001-07-24,15.7,14888.11,AS-BRA-01
2001-07-25,13.2,15675.76,AS-BRA-01
2001-07-26,10.8,14599.77,AS-BRA-01
2001-07-27,2.9,12651.73,AS-BRA-01
2001-07-28,9.5,12560.3,AS-BRA-01
2001-07-29,16.2,15710.93,AS-BRA-01
2001-07-30,2.9,12715.02,AS-BRA-01
2001-07-31,3.4,10788.08,AS-BRA-01
2001-08-01,15.4,11343.66,AS-BRA-01
2001-08-02,3.6,9979.32,AS-BRA-01
2001-08-03,7.9,8973.65,AS-BRA-01
2001-08-04,18.1,10260.63,AS-BRA-01
2001-08-05,20.0,11174.87,AS-BRA-01
2001-08-06,3.2,9852.74,AS-BRA-01
2001-08-07,0.8,8178.97,AS-BRA-01
2001-08-08,6.5,7953.92,AS-BRA-01
2001-08-09,20.7,9437.81,AS-BRA-01
2001-08-10,4.2,8305.55,AS-BRA-01
2001-08-11,1.9,7053.74,AS-BRA-01
2001-08-12,7.1,7510.86,AS-BRA-01
2001-08-13,28.6,10155.14,AS-BRA-01
2001-08-14,33.1,11631.99,AS-BRA-01
2001-08-15,13.3,13868.38,AS-BRA-01
2001-08-16,6.4,10949.83,AS-BRA-01
2001-08-17,23.3,13228.4,AS-BRA-01
2001-08-18,29.9,13326.86,AS-BRA-01
2001-08-19,23.0,11920.33,AS-BRA-01
2001-08-20,52.5,16104.76,AS-BRA-01
2001-08-21,19.3,15443.69,AS-BRA-01
2001-08-22,13.6,14037.16,AS-BRA-01
2001-08-23,1.1,10626.33,AS-BRA-01
2001-08-24,11.3,10366.12,AS-BRA-01
2001-08-25,21.1,19599.98,AS-BRA-01
2001-08-26,78.6,35859.45,AS-BRA-01
2001-08-27,142.6,48820.62,AS-BRA-01
2001-08-28,32.4,29945.0,AS-BRA-01
2001-08-29,19.0,22054.37,AS-BRA-01
2001-08-30,17.8,17405.8,AS-BRA-01
2001-08-31,19.9,16744.73,AS-BRA-01
2001-09-01,5.8,14494.28,AS-BRA-01
2001-09-02,2.2,12595.47,AS-BRA-01
2001-09-03,6.5,12715.02,AS-BRA-01
2001-09-04,1.9,11146.74,AS-BRA-01
2001-09-05,11.9,13263.57,AS-BRA-01
2001-09-06,39.7,22919.39,AS-BRA-01
2001-09-07,9.2,16906.48,AS-BRA-01
2001-09-08,6.6,13263.57,AS-BRA-01
2001-09-09,7.4,11864.07,AS-BRA-01
2001-09-10,12.7,12841.61,AS-BRA-01
2001-09-11,15.1,13263.57,AS-BRA-01
2001-09-12,14.1,12940.07,AS-BRA-01
2001-09-13,4.9,11034.22,AS-BRA-01
2001-09-14,0.4,9318.25,AS-BRA-01
2001-09-15,3.2,8418.08,AS-BRA-01
2001-09-16,9.2,8242.26,AS-BRA-01
2001-09-17,13.6,10155.14,AS-BRA-01
2001-09-18,52.7,24804.14,AS-BRA-01
2001-09-19,43.4,24220.43,AS-BRA-01
2001-09-20,5.7,15985.2,AS-BRA-01
2001-09-21,0.5,11744.52,AS-BRA-01
2001-09-22,14.6,10654.46,AS-BRA-01
2001-09-23,7.9,9606.59,AS-BRA-01
2001-09-24,5.6,8769.71,AS-BRA-01
2001-09-25,4.8,8200.06,AS-BRA-01
2001-09-26,4.9,7665.58,AS-BRA-01
2001-09-27,2.9,7039.68,AS-BRA-01
2001-09-28,4.2,6673.98,AS-BRA-01
2001-09-29,20.9,9036.95,AS-BRA-01
2001-09-30,12.4,8544.66,AS-BRA-01
2001-10-01,8.1,7827.33,AS-BRA-01
2001-10-02,14.1,8115.67,AS-BRA-01
2001-10-03,31.1,10788.08,AS-BRA-01
2001-10-04,7.1,8854.1,AS-BRA-01
2001-10-05,7.7,7609.32,AS-BRA-01
2001-10-06,3.0,6765.4,AS-BRA-01
2001-10-07,1.8,5991.81,AS-BRA-01
2001-10-08,1.0,5302.61,AS-BRA-01
2001-10-09,13.1,6005.88,AS-BRA-01
2001-10-10,5.0,5506.56,AS-BRA-01
2001-10-11,0.3,4789.23,AS-BRA-01
2001-10-12,0.5,4282.88,AS-BRA-01
2001-10-13,1.0,3959.38,AS-BRA-01
2001-10-14,2.6,3811.69,AS-BRA-01
2001-10-15,1.2,3537.42,AS-BRA-01
2001-10-16,1.4,3277.21,AS-BRA-01
2001-10-17,5.9,3481.16,AS-BRA-01
2001-10-18,15.4,5007.24,AS-BRA-01
2001-10-19,1.0,4142.23,AS-BRA-01
2001-10-20,0.1,3375.67,AS-BRA-01
2001-10-21,0.0,2925.58,AS-BRA-01
2001-10-22,0.0,2609.11,AS-BRA-01
2001-10-23,0.0,2362.97,AS-BRA-01
2001-10-24,0.0,2159.02,AS-BRA-01
2001-10-25,0.0,1969.14,AS-BRA-01
2001-10-26,0.0,1807.39,AS-BRA-01
2001-10-27,0.0,1652.67,AS-BRA-01
2001-10-28,0.0,1512.02,AS-BRA-01
2001-10-29,0.0,1378.4,AS-BRA-01
2001-10-30,9.8,1687.83,AS-BRA-01
2001-10-31,1.9,1645.64,AS-BRA-01
2001-11-01,0.9,1427.63,AS-BRA-01
2001-11-02,0.4,1230.71,AS-BRA-01
2001-11-03,0.4,1075.99,AS-BRA-01
2001-11-04,0.9,998.64,AS-BRA-01
2001-11-05,0.0,900.18,AS-BRA-01
2001-11-06,0.0,787.66,AS-BRA-01
2001-11-07,2.7,787.66,AS-BRA-01
2001-11-08,0.7,724.36,AS-BRA-01
2001-11-09,0.4,625.91,AS-BRA-01
2001-11-10,0.0,534.48,AS-BRA-01
2001-11-11,0.0,450.09,AS-BRA-01
2001-11-12,0.1,379.76,AS-BRA-01
2001-11-13,0.0,309.44,AS-BRA-01
2001-11-14,0.0,246.14,AS-BRA-01
2001-11-15,0.6,189.88,AS-BRA-01
2001-11-16,0.8,182.85,AS-BRA-01
2001-11-17,0.2,168.78,AS-BRA-01
2001-11-18,0.1,161.75,AS-BRA-01
2001-11-19,0.0,147.69,AS-BRA-01
2001-11-20,0.2,147.69,AS-BRA-01
2001-11-21,1.0,161.75,AS-BRA-01
2001-11-22,0.0,161.75,AS-BRA-01
2001-11-23,0.9,154.72,AS-BRA-01
2001-11-24,0.0,147.69,AS-BRA-01
2001-11-25,0.0,147.69,AS-BRA-01
2001-11-26,0.0,140.65,AS-BRA-01
2001-11-27,0.0,133.62,AS-BRA-01
2001-11-28,0.3,133.62,AS-BRA-01
2001-11-29,0.0,133.62,AS-BRA-01
2001-11-30,0.0,126.59,AS-BRA-01
2001-12-01,0.0,105.49,AS-BRA-01
2001-12-02,0.0,98.46,AS-BRA-01
2001-12-03,0.0,98.46,AS-BRA-01
2001-12-04,0.0,91.42,AS-BRA-01
2001-12-05,0.0,91.42,AS-BRA-01
2001-12-06,0.0,91.42,AS-BRA-01
2001-12-07,6.7,379.76,AS-BRA-01
2001-12-08,4.3,555.58,AS-BRA-01
2001-12-09,0.0,407.89,AS-BRA-01
2001-12-10,0.0,267.24,AS-BRA-01
2001-12-11,0.0,196.91,AS-BRA-01
2001-12-12,0.0,154.72,AS-BRA-01
2001-12-13,0.0,133.62,AS-BRA-01
2001-12-14,0.0,112.52,AS-BRA-01
2001-12-15,0.0,112.52,AS-BRA-01
2001-12-16,0.0,105.49,AS-BRA-01
2001-12-17,0.0,91.42,AS-BRA-01
2001-12-18,0.0,91.42,AS-BRA-01
2001-12-19,0.0,91.42,AS-BRA-01
2001-12-20,0.0,84.39,AS-BRA-01
2001-12-21,0.0,84.39,AS-BRA-01
2001-12-22,0.0,84.39,AS-BRA-01
2001-12-23,0.0,84.39,AS-BRA-01
2001-12-24,0.0,84.39,AS-BRA-01
2001-12-25,0.0,70.33,AS-BRA-01
2001-12-26,0.0,70.33,AS-BRA-01
2001-12-27,0.0,70.33,AS-BRA-01
2001-12-28,0.0,70.33,AS-BRA-01
2001-12-29,0.0,70.33,AS-BRA-01
2001-12-30,0.0,70.33,AS-BRA-01
2001-12-31,0.0,70.33,AS-BRA-01
2002-01-01,0.0,56.26,AS-BRA-01
2002-01-02,0.0,56.26,AS-BRA-01
2002-01-03,0.0,56.26,AS-BRA-01
2002-01-04,0.0,56.26,AS-BRA-01
2002-01-05,0.0,56.26,AS-BRA-01
2002-01-06,0.0,56.26,AS-BRA-01
2002-01-07,0.0,56.26,AS-BRA-01
2002-01-08,0.0,56.26,AS-BRA-01
2002-01-09,0.0,56.26,AS-BRA-01
2002-01-10,0.0,49.23,AS-BRA-01
2002-01-11,0.0,49.23,AS-BRA-01
2002-01-12,0.0,49.23,AS-BRA-01
2002-01-13,0.0,49.23,AS-BRA-01
2002-01-14,0.0,49.23,AS-BRA-01
2002-01-15,0.0,49.23,AS-BRA-01
2002-01-16,0.0,49.23,AS-BRA-01
2002-01-17,3.5,112.52,AS-BRA-01
2002-01-18,0.4,126.59,AS-BRA-01
2002-01-19,1.9,112.52,AS-BRA-01
2002-01-20,0.4,105.49,AS-BRA-01
2002-01-21,2.3,112.52,AS-BRA-01
2002-01-22,0.0,105.49,AS-BRA-01
2002-01-23,2.3,126.59,AS-BRA-01
2002-01-24,0.0,112.52,AS-BRA-01
2002-01-25,0.0,91.42,AS-BRA-01
2002-01-26,0.3,84.39,AS-BRA-01
2002-01-27,0.0,70.33,AS-BRA-01
2002-01-28,0.2,56.26,AS-BRA-01
2002-01-29,0.0,49.23,AS-BRA-01
2002-01-30,0.0,49.23,AS-BRA-01
2002-01-31,0.0,49.23,AS-BRA-01
2002-02-01,0.0,56.26,AS-BRA-01
2002-02-02,0.0,70.33,AS-BRA-01
2002-02-03,0.0,70.33,AS-BRA-01
2002-02-04,0.0,70.33,AS-BRA-01
2002-02-05,0.0,70.33,AS-BRA-01
2002-02-06,0.0,70.33,AS-BRA-01
2002-02-07,0.0,56.26,AS-BRA-01
2002-02-08,0.0,56.26,AS-BRA-01
2002-02-09,0.0,56.26,AS-BRA-01
2002-02-10,0.0,56.26,AS-BRA-01
2002-02-11,0.0,56.26,AS-BRA-01
2002-02-12,0.0,56.26,AS-BRA-01
2002-02-13,0.0,56.26,AS-BRA-01
2002-02-14,0.0,49.23,AS-BRA-01
2002-02-15,0.0,49.23,AS-BRA-01
2002-02-16,0.0,49.23,AS-BRA-01
2002-02-17,0.0,49.23,AS-BRA-01
2002-02-18,0.0,49.23,AS-BRA-01
2002-02-19,0.6,49.23,AS-BRA-01
2002-02-20,0.3,49.23,AS-BRA-01
2002-02-21,0.3,49.23,AS-BRA-01
2002-02-22,0.1,49.23,AS-BRA-01
2002-02-23,0.0,49.23,AS-BRA-01
2002-02-24,0.0,49.23,AS-BRA-01
2002-02-25,0.1,49.23,AS-BRA-01
2002-02-26,0.0,49.23,AS-BRA-01
2002-02-27,0.0,49.23,AS-BRA-01
2002-02-28,0.0,49.23,AS-BRA-01
2002-03-01,0.0,49.23,AS-BRA-01
2002-03-02,0.0,28.13,AS-BRA-01
2002-03-03,3.0,49.23,AS-BRA-01
2002-03-04,0.0,70.33,AS-BRA-01
2002-03-05,0.0,49.23,AS-BRA-01
2002-03-06,0.0,49.23,AS-BRA-01
2002-03-07,0.0,49.23,AS-BRA-01
2002-03-08,0.0,49.23,AS-BRA-01
2002-03-09,0.0,28.13,AS-BRA-01
2002-03-10,0.8,28.13,AS-BRA-01
2002-03-11,0.6,28.13,AS-BRA-01
2002-03-12,0.0,28.13,AS-BRA-01
2002-03-13,0.0,28.13,AS-BRA-01
2002-03-14,0.0,28.13,AS-BRA-01
2002-03-15,0.0,28.13,AS-BRA-01
2002-03-16,0.0,28.13,AS-BRA-01
2002-03-17,0.0,28.13,AS-BRA-01
2002-03-18,0.0,28.13,AS-BRA-01
2002-03-19,0.0,28.13,AS-BRA-01
2002-03-20,0.0,28.13,AS-BRA-01
2002-03-21,0.0,28.13,AS-BRA-01
2002-03-22,0.0,28.13,AS-BRA-01
2002-03-23,10.8,267.24,AS-BRA-01
2002-03-24,12.2,682.17,AS-BRA-01
2002-03-25,8.7,815.79,AS-BRA-01
2002-03-26,12.5,1012.7,AS-BRA-01
2002-03-27,4.4,773.59,AS-BRA-01
2002-03-28,5.7,815.79,AS-BRA-01
2002-03-29,10.3,900.18,AS-BRA-01
2002-03-30,1.3,555.58,AS-BRA-01
2002-03-31,2.1,351.63,AS-BRA-01
2002-04-01,13.5,1167.42,AS-BRA-01
2002-04-02,3.5,1012.7,AS-BRA-01
2002-04-03,6.9,1012.7,AS-BRA-01
2002-04-04,0.0,618.87,AS-BRA-01
2002-04-05,0.0,337.57,AS-BRA-01
2002-04-06,0.2,203.95,AS-BRA-01
2002-04-07,0.9,133.62,AS-BRA-01
2002-04-08,5.9,421.96,AS-BRA-01
2002-04-09,8.8,724.36,AS-BRA-01
2002-04-10,7.5,773.59,AS-BRA-01
2002-04-11,1.5,485.25,AS-BRA-01
2002-04-12,0.6,288.34,AS-BRA-01
2002-04-13,0.0,182.85,AS-BRA-01
2002-04-14,0.0,112.52,AS-BRA-01
2002-04-15,0.6,91.42,AS-BRA-01
2002-04-16,19.3,1104.13,AS-BRA-01
2002-04-17,9.0,1322.14,AS-BRA-01
2002-04-18,3.5,900.18,AS-BRA-01
2002-04-19,4.2,710.3,AS-BRA-01
2002-04-20,2.4,485.25,AS-BRA-01
2002-04-21,14.0,928.31,AS-BRA-01
2002-04-22,8.7,1104.13,AS-BRA-01
2002-04-23,1.0,639.97,AS-BRA-01
2002-04-24,6.6,724.36,AS-BRA-01
2002-04-25,29.7,3277.21,AS-BRA-01
2002-04-26,19.0,2904.48,AS-BRA-01
2002-04-27,1.1,1568.28,AS-BRA-01
2002-04-28,34.5,3256.11,AS-BRA-01
2002-04-29,5.3,2531.75,AS-BRA-01
2002-04-30,5.8,1652.67,AS-BRA-01
2002-05-01,23.7,2728.67,AS-BRA-01
2002-05-02,23.2,3544.45,AS-BRA-01
2002-05-03,19.1,3164.69,AS-BRA-01
2002-05-04,9.5,2285.61,AS-BRA-01
2002-05-05,0.0,1427.63,AS-BRA-01
2002-05-06,11.3,3410.83,AS-BRA-01
2002-05-07,1.6,2405.16,AS-BRA-01
2002-05-08,2.7,1610.48,AS-BRA-01
2002-05-09,11.2,1828.49,AS-BRA-01
2002-05-10,37.7,4993.18,AS-BRA-01
2002-05-11,28.9,5991.81,AS-BRA-01
2002-05-12,0.3,3544.45,AS-BRA-01
2002-05-13,3.7,2468.46,AS-BRA-01
2002-05-14,12.3,2946.68,AS-BRA-01
2002-05-15,12.2,3431.93,AS-BRA-01
2002-05-16,3.0,2658.34,AS-BRA-01
2002-05-17,15.0,2904.48,AS-BRA-01
2002-05-18,25.0,4859.56,AS-BRA-01
2002-05-19,17.2,4817.36,AS-BRA-01
2002-05-20,19.5,4620.45,AS-BRA-01
2002-05-21,1.1,3235.02,AS-BRA-01
2002-05-22,15.5,3361.6,AS-BRA-01
2002-05-23,3.0,2616.14,AS-BRA-01
2002-05-24,8.4,2595.05,AS-BRA-01
2002-05-25,23.8,4093.0,AS-BRA-01
2002-05-26,8.0,4472.76,AS-BRA-01
2002-05-27,23.6,6252.02,AS-BRA-01
2002-05-28,5.3,4768.13,AS-BRA-01
2002-05-29,11.1,4697.81,AS-BRA-01
2002-05-30,7.2,4205.52,AS-BRA-01
2002-05-31,2.5,3544.45,AS-BRA-01
2002-06-01,9.0,3607.75,AS-BRA-01
2002-06-02,12.8,4071.9,AS-BRA-01
2002-06-03,3.8,3516.32,AS-BRA-01
2002-06-04,5.8,3052.17,AS-BRA-01
2002-06-05,4.9,2798.99,AS-BRA-01
2002-06-06,5.0,2749.76,AS-BRA-01
2002-06-07,3.8,2552.85,AS-BRA-01
2002-06-08,3.4,2405.16,AS-BRA-01
2002-06-09,3.4,2334.84,AS-BRA-01
2002-06-10,25.0,6315.31,AS-BRA-01
2002-06-11,76.8,28622.86,AS-BRA-01
2002-06-12,23.0,22483.36,AS-BRA-01
2002-06-13,96.5,36801.83,AS-BRA-01
2002-06-14,43.8,35521.89,AS-BRA-01
2002-06-15,11.3,21484.73,AS-BRA-01
2002-06-16,17.8,17068.23,AS-BRA-01
2002-06-17,3.1,12342.29,AS-BRA-01
2002-06-18,9.3,10654.46,AS-BRA-01
2002-06-19,6.9,9465.94,AS-BRA-01
2002-06-20,31.4,14037.16,AS-BRA-01
2002-06-21,7.6,11428.05,AS-BRA-01
2002-06-22,13.6,11034.22,AS-BRA-01
2002-06-23,11.5,10816.21,AS-BRA-01
2002-06-24,53.2,15408.52,AS-BRA-01
2002-06-25,32.2,16582.98,AS-BRA-01
2002-06-26,4.5,12194.61,AS-BRA-01
2002-06-27,0.6,9487.04,AS-BRA-01
2002-06-28,2.9,8326.65,AS-BRA-01
2002-06-29,15.4,9754.28,AS-BRA-01
2002-06-30,35.5,31035.06,AS-BRA-01
2002-07-01,24.9,28018.06,AS-BRA-01
2002-07-02,15.3,19789.86,AS-BRA-01
2002-07-03,59.9,25226.1,AS-BRA-01
2002-07-04,66.7,41802.04,AS-BRA-01
2002-07-05,9.0,24986.99,AS-BRA-01
2002-07-06,11.8,19789.86,AS-BRA-01
2002-07-07,185.5,68076.0,AS-BRA-01
2002-07-08,57.9,47132.78,AS-BRA-01
2002-07-09,15.9,31555.48,AS-BRA-01
2002-07-10,18.5,26520.1,AS-BRA-01
2002-07-11,21.3,22757.64,AS-BRA-01
2002-07-12,25.3,21843.39,AS-BRA-01
2002-07-13,7.6,18362.24,AS-BRA-01
2002-07-14,19.3,18094.99,AS-BRA-01
2002-07-15,4.6,16379.03,AS-BRA-01
2002-07-16,8.0,15296.0,AS-BRA-01
2002-07-17,38.1,19550.75,AS-BRA-01
2002-07-18,9.5,17834.79,AS-BRA-01
2002-07-19,41.1,25465.21,AS-BRA-01
2002-07-20,36.8,27096.78,AS-BRA-01
2002-07-21,37.6,30303.67,AS-BRA-01
2002-07-22,127.6,48940.17,AS-BRA-01
2002-07-23,51.4,35106.96,AS-BRA-01
2002-07-24,7.0,23875.83,AS-BRA-01
2002-07-25,3.1,18812.32,AS-BRA-01
2002-07-26,6.8,16582.98,AS-BRA-01
2002-07-27,14.3,17490.19,AS-BRA-01
2002-07-28,9.8,16139.92,AS-BRA-01
2002-07-29,16.6,16540.78,AS-BRA-01
2002-07-30,21.4,19550.75,AS-BRA-01
2002-07-31,22.5,23763.31,AS-BRA-01
2002-08-01,8.9,19367.9,AS-BRA-01
2002-08-02,14.4,17792.59,AS-BRA-01
2002-08-03,16.3,17616.77,AS-BRA-01
2002-08-04,9.3,15633.57,AS-BRA-01
2002-08-05,7.1,14318.46,AS-BRA-01
2002-08-06,6.8,12940.07,AS-BRA-01
2002-08-07,19.4,13200.27,AS-BRA-01
2002-08-08,11.0,12286.03,AS-BRA-01
2002-08-09,39.0,17110.42,AS-BRA-01
2002-08-10,56.6,31780.52,AS-BRA-01
2002-08-11,78.0,39319.52,AS-BRA-01
2002-08-12,6.3,23875.83,AS-BRA-01
2002-08-13,6.3,17532.38,AS-BRA-01
2002-08-14,3.0,14459.12,AS-BRA-01
2002-08-15,41.1,18228.61,AS-BRA-01
2002-08-16,34.1,18094.99,AS-BRA-01
2002-08-17,28.3,21379.24,AS-BRA-01
2002-08-18,32.0,22166.9,AS-BRA-01
2002-08-19,54.9,24572.06,AS-BRA-01
2002-08-20,9.4,18228.61,AS-BRA-01
2002-08-21,0.1,14142.65,AS-BRA-01
2002-08-22,31.9,15331.17,AS-BRA-01
2002-08-23,30.5,18453.66,AS-BRA-01
2002-08-24,10.1,15035.79,AS-BRA-01
2002-08-25,5.4,12595.47,AS-BRA-01
2002-08-26,6.8,11428.05,AS-BRA-01
2002-08-27,7.4,10710.72,AS-BRA-01
2002-08-28,7.4,10105.91,AS-BRA-01
2002-08-29,11.8,11287.39,AS-BRA-01
2002-08-30,15.1,11146.74,AS-BRA-01
2002-08-31,7.4,10155.14,AS-BRA-01
2002-09-01,26.2,12314.16,AS-BRA-01
2002-09-02,7.4,10366.12,AS-BRA-01
2002-09-03,4.4,9177.6,AS-BRA-01
2002-09-04,11.9,8790.81,AS-BRA-01
2002-09-05,6.1,8157.87,AS-BRA-01
2002-09-06,15.7,9065.08,AS-BRA-01
2002-09-07,5.8,7975.02,AS-BRA-01
2002-09-08,2.7,6835.73,AS-BRA-01
2002-09-09,37.1,9705.05,AS-BRA-01
2002-09-10,17.0,9297.16,AS-BRA-01
2002-09-11,15.4,9247.93,AS-BRA-01
2002-09-12,0.0,7320.98,AS-BRA-01
2002-09-13,0.3,6132.47,AS-BRA-01
2002-09-14,4.0,5752.7,AS-BRA-01
2002-09-15,5.4,5801.93,AS-BRA-01
2002-09-16,0.9,5288.55,AS-BRA-01
2002-09-17,0.2,4711.87,AS-BRA-01
2002-09-18,0.0,4282.88,AS-BRA-01
2002-09-19,0.0,3938.28,AS-BRA-01
2002-09-20,16.8,4374.3,AS-BRA-01
2002-09-21,8.6,4690.77,AS-BRA-01
2002-09-22,56.4,13228.4,AS-BRA-01
2002-09-23,29.2,14599.77,AS-BRA-01
2002-09-24,38.6,19550.75,AS-BRA-01
2002-09-25,17.3,13003.36,AS-BRA-01
2002-09-26,0.7,8741.58,AS-BRA-01
2002-09-27,11.9,8052.38,AS-BRA-01
2002-09-28,12.4,7609.32,AS-BRA-01
2002-09-29,0.2,6181.69,AS-BRA-01
2002-09-30,0.2,5274.48,AS-BRA-01
2002-10-01,2.4,4782.2,AS-BRA-01
2002-10-02,1.9,4395.4,AS-BRA-01
2002-10-03,1.1,4029.71,AS-BRA-01
2002-10-04,0.5,3692.14,AS-BRA-01
2002-10-05,0.7,3403.8,AS-BRA-01
2002-10-06,1.1,3150.62,AS-BRA-01
2002-10-07,2.3,2974.81,AS-BRA-01
2002-10-08,1.6,2784.93,AS-BRA-01
2002-10-09,9.9,3375.67,AS-BRA-01
2002-10-10,5.2,3291.28,AS-BRA-01
2002-10-11,0.6,2798.99,AS-BRA-01
2002-10-12,3.9,2609.11,AS-BRA-01
2002-10-13,2.4,2384.07,AS-BRA-01
2002-10-14,10.9,2820.09,AS-BRA-01
2002-10-15,1.9,2454.39,AS-BRA-01
2002-10-16,0.6,2081.66,AS-BRA-01
2002-10-17,1.5,1870.68,AS-BRA-01
2002-10-18,28.6,5161.96,AS-BRA-01
2002-10-19,2.9,4409.47,AS-BRA-01
2002-10-20,0.3,3122.49,AS-BRA-01
2002-10-21,0.1,2433.3,AS-BRA-01
2002-10-22,0.5,2046.5,AS-BRA-01
2002-10-23,1.0,1814.42,AS-BRA-01
2002-10-24,0.0,1617.51,AS-BRA-01
2002-10-25,0.0,1434.66,AS-BRA-01
2002-10-26,0.0,1286.97,AS-BRA-01
2002-10-27,0.0,1146.32,AS-BRA-01
2002-10-28,0.2,1033.8,AS-BRA-01
2002-10-29,0.8,942.37,AS-BRA-01
2002-10-30,0.4,857.98,AS-BRA-01
2002-10-31,0.1,773.59,AS-BRA-01
2002-11-01,0.0,675.13,AS-BRA-01
2002-11-02,0.0,590.74,AS-BRA-01
2002-11-03,0.0,513.38,AS-BRA-01
2002-11-04,0.4,436.02,AS-BRA-01
2002-11-05,0.1,379.76,AS-BRA-01
2002-11-06,0.0,309.44,AS-BRA-01
2002-11-07,0.0,253.18,AS-BRA-01
2002-11-08,0.0,203.95,AS-BRA-01
2002-11-09,0.0,182.85,AS-BRA-01
2002-11-10,0.0,168.78,AS-BRA-01
2002-11-11,0.4,175.82,AS-BRA-01
2002-11-12,56.9,15943.01,AS-BRA-01
2002-11-13,24.8,10872.47,AS-BRA-01
2002-11-14,0.0,5647.21,AS-BRA-01
2002-11-15,0.0,3410.83,AS-BRA-01
2002-11-16,0.0,2377.03,AS-BRA-01
2002-11-17,0.0,1800.36,AS-BRA-01
2002-11-18,0.4,1427.63,AS-BRA-01
2002-11-19,0.5,1181.48,AS-BRA-01
2002-11-20,0.5,991.6,AS-BRA-01
2002-11-21,0.0,850.95,AS-BRA-01
2002-11-22,0.0,717.33,AS-BRA-01
2002-11-23,0.0,604.81,AS-BRA-01
2002-11-24,0.0,506.35,AS-BRA-01
2002-11-25,0.0,421.96,AS-BRA-01
2002-11-26,0.0,344.6,AS-BRA-01
2002-11-27,0.0,281.31,AS-BRA-01
2002-11-28,0.0,232.08,AS-BRA-01
2002-11-29,0.0,225.04,AS-BRA-01
2002-11-30,0.0,210.98,AS-BRA-01
2002-12-01,0.2,182.85,AS-BRA-01
2002-12-02,0.0,168.78,AS-BRA-01
2002-12-03,0.0,154.72,AS-BRA-01
2002-12-04,0.0,154.72,AS-BRA-01
2002-12-05,0.0,147.69,AS-BRA-01
2002-12-06,0.0,147.69,AS-BRA-01
2002-12-07,0.0,133.62,AS-BRA-01
2002-12-08,0.0,133.62,AS-BRA-01
2002-12-09,0.0,133.62,AS-BRA-01
2002-12-10,0.0,126.59,AS-BRA-01
2002-12-11,0.0,126.59,AS-BRA-01
2002-12-12,0.0,126.59,AS-BRA-01
2002-12-13,0.0,126.59,AS-BRA-01
2002-12-14,0.0,112.52,AS-BRA-01
2002-12-15,0.0,112.52,AS-BRA-01
2002-12-16,0.0,112.52,AS-BRA-01
2002-12-17,5.4,365.7,AS-BRA-01
2002-12-18,11.6,1005.67,AS-BRA-01
2002-12-19,3.0,949.41,AS-BRA-01
2002-12-20,5.0,794.69,AS-BRA-01
2002-12-21,0.7,555.58,AS-BRA-01
2002-12-22,0.3,365.7,AS-BRA-01
2002-12-23,0.0,253.18,AS-BRA-01
2002-12-24,1.6,246.14,AS-BRA-01
2002-12-25,6.6,421.96,AS-BRA-01
2002-12-26,0.3,365.7,AS-BRA-01
2002-12-27,0.0,253.18,AS-BRA-01
2002-12-28,0.0,210.98,AS-BRA-01
2002-12-29,0.0,182.85,AS-BRA-01
2002-12-30,0.0,154.72,AS-BRA-01
2002-12-31,0.0,133.62,AS-BRA-01
2003-01-01,0.2,126.59,AS-BRA-01
2003-01-02,0.0,112.52,AS-BRA-01
2003-01-03,0.0,112.52,AS-BRA-01
2003-01-04,0.1,126.59,AS-BRA-01
2003-01-05,1.5,133.62,AS-BRA-01
2003-01-06,0.0,126.59,AS-BRA-01
2003-01-07,0.0,112.52,AS-BRA-01
2003-01-08,0.0,112.52,AS-BRA-01
2003-01-09,0.0,105.49,AS-BRA-01
2003-01-10,0.0,105.49,AS-BRA-01
2003-01-11,0.0,91.42,AS-BRA-01
2003-01-12,0.0,91.42,AS-BRA-01
2003-01-13,0.0,91.42,AS-BRA-01
2003-01-14,0.0,91.42,AS-BRA-01
2003-01-15,0.0,84.39,AS-BRA-01
2003-01-16,0.0,84.39,AS-BRA-01
2003-01-17,0.0,84.39,AS-BRA-01
2003-01-18,0.0,84.39,AS-BRA-01
2003-01-19,0.0,84.39,AS-BRA-01
2003-01-20,0.0,84.39,AS-BRA-01
2003-01-21,0.0,84.39,AS-BRA-01
2003-01-22,0.0,70.33,AS-BRA-01
2003-01-23,0.0,70.33,AS-BRA-01
2003-01-24,0.1,70.33,AS-BRA-01
2003-01-25,0.1,70.33,AS-BRA-01
2003-01-26,0.0,70.33,AS-BRA-01
2003-01-27,0.0,70.33,AS-BRA-01
2003-01-28,0.0,70.33,AS-BRA-01
2003-01-29,4.7,302.4,AS-BRA-01
2003-01-30,0.0,302.4,AS-BRA-01
2003-01-31,0.5,210.98,AS-BRA-01
2003-02-01,0.4,182.85,AS-BRA-01
2003-02-02,0.0,154.72,AS-BRA-01
2003-02-03,0.0,133.62,AS-BRA-01
2003-02-04,0.0,126.59,AS-BRA-01
2003-02-05,10.4,625.91,AS-BRA-01
2003-02-06,0.2,562.61,AS-BRA-01
2003-02-07,0.2,344.6,AS-BRA-01
2003-02-08,1.3,246.14,AS-BRA-01
2003-02-09,0.9,189.88,AS-BRA-01
2003-02-10,1.1,154.72,AS-BRA-01
2003-02-11,0.0,133.62,AS-BRA-01
2003-02-12,5.3,302.4,AS-BRA-01
2003-02-13,0.1,288.34,AS-BRA-01
2003-02-14,0.0,210.98,AS-BRA-01
2003-02-15,0.1,168.78,AS-BRA-01
2003-02-16,0.0,133.62,AS-BRA-01
2003-02-17,0.0,126.59,AS-BRA-01
2003-02-18,0.0,112.52,AS-BRA-01
2003-02-19,2.1,225.04,AS-BRA-01
2003-02-20,0.0,225.04,AS-BRA-01
2003-02-21,0.0,168.78,AS-BRA-01
2003-02-22,0.1,147.69,AS-BRA-01
2003-02-23,0.0,126.59,AS-BRA-01
2003-02-24,0.0,112.52,AS-BRA-01
2003-02-25,1.8,112.52,AS-BRA-01
2003-02-26,0.5,105.49,AS-BRA-01
2003-02-27,0.1,105.49,AS-BRA-01
2003-02-28,0.0,91.42,AS-BRA-01
2003-03-01,0.0,84.39,AS-BRA-01
2003-03-02,0.1,84.39,AS-BRA-01
2003-03-03,0.5,84.39,AS-BRA-01
2003-03-04,0.0,70.33,AS-BRA-01
2003-03-05,0.0,70.33,AS-BRA-01
2003-03-06,0.0,70.33,AS-BRA-01
2003-03-07,0.0,70.33,AS-BRA-01
2003-03-08,0.0,70.33,AS-BRA-01
2003-03-09,0.0,56.26,AS-BRA-01
2003-03-10,0.0,70.33,AS-BRA-01
2003-03-11,2.7,91.42,AS-BRA-01
2003-03-12,0.7,112.52,AS-BRA-01
2003-03-13,4.5,464.15,AS-BRA-01
2003-03-14,0.5,421.96,AS-BRA-01
2003-03-15,0.2,288.34,AS-BRA-01
2003-03-16,2.1,225.04,AS-BRA-01
2003-03-17,0.6,182.85,AS-BRA-01
2003-03-18,2.5,203.95,AS-BRA-01
2003-03-19,9.0,639.97,AS-BRA-01
2003-03-20,24.9,1786.29,AS-BRA-01
2003-03-21,0.1,1125.22,AS-BRA-01
2003-03-22,0.0,576.68,AS-BRA-01
2003-03-23,0.0,337.57,AS-BRA-01
2003-03-24,0.0,203.95,AS-BRA-01
2003-03-25,1.9,182.85,AS-BRA-01
2003-03-26,2.9,203.95,AS-BRA-01
2003-03-27,1.3,182.85,AS-BRA-01
2003-03-28,0.3,133.62,AS-BRA-01
2003-03-29,2.4,154.72,AS-BRA-01
2003-03-30,15.5,949.41,AS-BRA-01
2003-03-31,5.1,1104.13,AS-BRA-01
2003-04-01,11.0,1237.75,AS-BRA-01
2003-04-02,1.8,815.79,AS-BRA-01
2003-04-03,1.0,464.15,AS-BRA-01
2003-04-04,0.2,288.34,AS-BRA-01
2003-04-05,0.2,203.95,AS-BRA-01
2003-04-06,0.1,154.72,AS-BRA-01
2003-04-07,0.6,133.62,AS-BRA-01
2003-04-08,0.0,112.52,AS-BRA-01
2003-04-09,0.0,91.42,AS-BRA-01
2003-04-10,0.6,91.42,AS-BRA-01
2003-04-11,3.6,182.85,AS-BRA-01
2003-04-12,24.0,2222.32,AS-BRA-01
2003-04-13,17.3,2355.94,AS-BRA-01
2003-04-14,1.2,1258.84,AS-BRA-01
2003-04-15,23.7,2222.32,AS-BRA-01
2003-04-16,7.6,1758.16,AS-BRA-01
2003-04-17,17.0,2159.02,AS-BRA-01
2003-04-18,0.8,1343.24,AS-BRA-01
2003-04-19,2.9,879.08,AS-BRA-01
2003-04-20,4.9,752.49,AS-BRA-01
2003-04-21,5.6,752.49,AS-BRA-01
2003-04-22,4.8,661.07,AS-BRA-01
2003-04-23,1.3,464.15,AS-BRA-01
2003-04-24,0.1,309.44,AS-BRA-01
2003-04-25,0.8,246.14,AS-BRA-01
2003-04-26,17.0,1125.22,AS-BRA-01
2003-04-27,9.2,1301.04,AS-BRA-01
2003-04-28,4.3,991.6,AS-BRA-01
2003-04-29,1.4,618.87,AS-BRA-01
2003-04-30,2.6,421.96,AS-BRA-01
2003-05-01,2.5,400.86,AS-BRA-01
2003-05-02,2.8,421.96,AS-BRA-01
2003-05-03,3.1,400.86,AS-BRA-01
2003-05-04,3.8,464.15,AS-BRA-01
2003-05-05,0.2,351.63,AS-BRA-01
2003-05-06,1.7,267.24,AS-BRA-01
2003-05-07,3.7,288.34,AS-BRA-01
2003-05-08,0.1,246.14,AS-BRA-01
2003-05-09,0.0,182.85,AS-BRA-01
2003-05-10,0.5,133.62,AS-BRA-01
2003-05-11,0.6,112.52,AS-BRA-01
2003-05-12,0.4,182.85,AS-BRA-01
2003-05-13,0.2,182.85,AS-BRA-01
2003-05-14,0.8,154.72,AS-BRA-01
2003-05-15,3.4,246.14,AS-BRA-01
2003-05-16,1.1,267.24,AS-BRA-01
2003-05-17,6.1,421.96,AS-BRA-01
2003-05-18,1.3,379.76,AS-BRA-01
2003-05-19,3.7,443.06,AS-BRA-01
2003-05-20,11.9,1012.7,AS-BRA-01
2003-05-21,7.1,1075.99,AS-BRA-01
2003-05-22,8.6,1272.91,AS-BRA-01
2003-05-23,12.9,1758.16,AS-BRA-01
2003-05-24,12.7,2264.51,AS-BRA-01
2003-05-25,5.7,1673.77,AS-BRA-01
2003-05-26,9.8,1301.04,AS-BRA-01
2003-05-27,5.2,991.6,AS-BRA-01
2003-05-28,0.9,618.87,AS-BRA-01
2003-05-29,6.6,710.3,AS-BRA-01
2003-05-30,3.4,618.87,AS-BRA-01
2003-05-31,1.2,421.96,AS-BRA-01
2003-06-01,4.2,527.45,AS-BRA-01
2003-06-02,8.3,928.31,AS-BRA-01
2003-06-03,36.6,3713.24,AS-BRA-01
2003-06-04,47.9,10028.55,AS-BRA-01
2003-06-05,15.6,8094.57,AS-BRA-01
2003-06-06,14.3,6005.88,AS-BRA-01
2003-06-07,14.7,4817.36,AS-BRA-01
2003-06-08,47.9,8678.28,AS-BRA-01
2003-06-09,15.1,7131.1,AS-BRA-01
2003-06-10,9.5,5478.43,AS-BRA-01
2003-06-11,38.1,8157.87,AS-BRA-01
2003-06-12,6.5,5844.13,AS-BRA-01
2003-06-13,10.8,4697.81,AS-BRA-01
2003-06-14,5.8,3938.28,AS-BRA-01
2003-06-15,2.9,3671.04,AS-BRA-01
2003-06-16,14.6,4831.43,AS-BRA-01
2003-06-17,3.2,4050.8,AS-BRA-01
2003-06-18,23.2,5302.61,AS-BRA-01
2003-06-19,20.3,5583.92,AS-BRA-01
2003-06-20,7.2,5218.22,AS-BRA-01
2003-06-21,31.2,8924.43,AS-BRA-01
2003-06-22,26.1,10844.34,AS-BRA-01
2003-06-23,48.3,21843.39,AS-BRA-01
2003-06-24,28.8,22216.12,AS-BRA-01
2003-06-25,11.0,16062.56,AS-BRA-01
2003-06-26,40.1,26337.25,AS-BRA-01
2003-06-27,96.8,44966.73,AS-BRA-01
2003-06-28,29.9,29945.0,AS-BRA-01
2003-06-29,42.4,30817.05,AS-BRA-01
2003-06-30,30.0,27750.82,AS-BRA-01
2003-07-01,34.2,22272.39,AS-BRA-01
2003-07-02,17.2,23875.83,AS-BRA-01
2003-07-03,18.3,20078.2,AS-BRA-01
2003-07-04,9.6,16582.98,AS-BRA-01
2003-07-05,8.6,14852.95,AS-BRA-01
2003-07-06,6.4,13298.73,AS-BRA-01
2003-07-07,3.8,12039.89,AS-BRA-01
2003-07-08,21.7,15183.48,AS-BRA-01
2003-07-09,7.1,13165.11,AS-BRA-01
2003-07-10,3.3,11807.81,AS-BRA-01
2003-07-11,21.8,14564.61,AS-BRA-01
2003-07-12,17.2,15830.48,AS-BRA-01
2003-07-13,37.7,20078.2,AS-BRA-01
2003-07-14,38.0,26780.31,AS-BRA-01
2003-07-15,19.6,20275.11,AS-BRA-01
2003-07-16,14.8,16822.09,AS-BRA-01
2003-07-17,29.0,17834.79,AS-BRA-01
2003-07-18,8.7,14888.11,AS-BRA-01
2003-07-19,5.1,12813.48,AS-BRA-01
2003-07-20,28.0,17237.01,AS-BRA-01
2003-07-21,38.5,27947.73,AS-BRA-01
2003-07-22,12.5,19937.55,AS-BRA-01
2003-07-23,10.1,14817.78,AS-BRA-01
2003-07-24,59.2,19839.09,AS-BRA-01
2003-07-25,3.1,14747.46,AS-BRA-01
2003-07-26,45.0,16990.87,AS-BRA-01
2003-07-27,17.2,16259.47,AS-BRA-01
2003-07-28,5.6,14177.81,AS-BRA-01
2003-07-29,41.2,20570.49,AS-BRA-01
2003-07-30,19.7,17968.41,AS-BRA-01
2003-07-31,49.3,25043.25,AS-BRA-01
2003-08-01,11.9,19599.98,AS-BRA-01
2003-08-02,5.9,14782.62,AS-BRA-01
2003-08-03,0.8,12131.31,AS-BRA-01
2003-08-04,1.5,10598.2,AS-BRA-01
2003-08-05,4.7,9782.41,AS-BRA-01
2003-08-06,14.8,10788.08,AS-BRA-01
2003-08-07,4.6,9852.74,AS-BRA-01
2003-08-08,2.4,8994.75,AS-BRA-01
2003-08-09,6.1,9015.85,AS-BRA-01
2003-08-10,6.8,9901.96,AS-BRA-01
2003-08-11,8.8,9437.81,AS-BRA-01
2003-08-12,21.9,14459.12,AS-BRA-01
2003-08-13,5.2,11744.52,AS-BRA-01
2003-08-14,19.7,12715.02,AS-BRA-01
2003-08-15,5.6,10731.82,AS-BRA-01
2003-08-16,15.7,11287.39,AS-BRA-01
2003-08-17,21.1,12904.9,AS-BRA-01
2003-08-18,2.3,10155.14,AS-BRA-01
2003-08-19,19.1,11456.18,AS-BRA-01
2003-08-20,12.0,10056.68,AS-BRA-01
2003-08-21,2.4,8481.37,AS-BRA-01
2003-08-22,73.1,16582.98,AS-BRA-01
2003-08-23,13.9,13833.21,AS-BRA-01
2003-08-24,5.7,10921.7,AS-BRA-01
2003-08-25,6.5,9177.6,AS-BRA-01
2003-08-26,13.1,8523.57,AS-BRA-01
2003-08-27,25.4,10844.34,AS-BRA-01
2003-08-28,18.3,12103.18,AS-BRA-01
2003-08-29,25.0,13966.83,AS-BRA-01
2003-08-30,10.5,12314.16,AS-BRA-01
2003-08-31,16.5,11744.52,AS-BRA-01
2003-09-01,43.6,18854.52,AS-BRA-01
2003-09-02,38.5,20176.66,AS-BRA-01
2003-09-03,50.9,25894.2,AS-BRA-01
2003-09-04,6.0,18538.05,AS-BRA-01
2003-09-05,52.6,21843.39,AS-BRA-01
2003-09-06,17.7,16779.89,AS-BRA-01
2003-09-07,14.5,14923.27,AS-BRA-01
2003-09-08,10.8,13692.56,AS-BRA-01
2003-09-09,10.5,12433.72,AS-BRA-01
2003-09-10,21.1,13326.86,AS-BRA-01
2003-09-11,51.8,19086.6,AS-BRA-01
2003-09-12,47.7,24628.32,AS-BRA-01
2003-09-13,25.6,18903.75,AS-BRA-01
2003-09-14,28.2,19086.6,AS-BRA-01
2003-09-15,11.3,15521.05,AS-BRA-01
2003-09-16,8.2,13129.95,AS-BRA-01
2003-09-17,16.8,13003.36,AS-BRA-01
2003-09-18,3.9,11371.79,AS-BRA-01
2003-09-19,8.9,10682.59,AS-BRA-01
2003-09-20,8.0,10443.48,AS-BRA-01
2003-09-21,12.0,11034.22,AS-BRA-01
2003-09-22,14.4,10759.95,AS-BRA-01
2003-09-23,2.2,9269.03,AS-BRA-01
2003-09-24,26.4,10921.7,AS-BRA-01
2003-09-25,1.4,9269.03,AS-BRA-01
2003-09-26,6.3,8544.66,AS-BRA-01
2003-09-27,7.7,8115.67,AS-BRA-01
2003-09-28,1.2,7278.79,AS-BRA-01
2003-09-29,4.7,7110.0,AS-BRA-01
2003-09-30,3.5,6603.65,AS-BRA-01
2003-10-01,7.9,6575.52,AS-BRA-01
2003-10-02,6.1,6216.86,AS-BRA-01
2003-10-03,8.2,6364.54,AS-BRA-01
2003-10-04,2.9,5956.65,AS-BRA-01
2003-10-05,3.3,5394.04,AS-BRA-01
2003-10-06,1.2,4901.75,AS-BRA-01
2003-10-07,5.5,5161.96,AS-BRA-01
2003-10-08,11.9,6315.31,AS-BRA-01
2003-10-09,42.6,13762.89,AS-BRA-01
2003-10-10,75.6,23643.75,AS-BRA-01
2003-10-11,0.3,13931.67,AS-BRA-01
2003-10-12,0.0,9416.71,AS-BRA-01
2003-10-13,0.0,7412.41,AS-BRA-01
2003-10-14,0.0,6315.31,AS-BRA-01
2003-10-15,0.6,5583.92,AS-BRA-01
2003-10-16,1.4,5091.63,AS-BRA-01
2003-10-17,0.2,4662.64,AS-BRA-01
2003-10-18,0.1,4275.85,AS-BRA-01
2003-10-19,0.7,3938.28,AS-BRA-01
2003-10-20,0.5,3642.91,AS-BRA-01
2003-10-21,0.1,3382.7,AS-BRA-01
2003-10-22,0.0,3136.56,AS-BRA-01
2003-10-23,0.1,2904.48,AS-BRA-01
2003-10-24,0.0,2693.5,AS-BRA-01
2003-10-25,0.2,2496.59,AS-BRA-01
2003-10-26,2.0,2341.87,AS-BRA-01
2003-10-27,4.4,2264.51,AS-BRA-01
2003-10-28,0.2,2116.83,AS-BRA-01
2003-10-29,2.8,2060.56,AS-BRA-01
2003-10-30,0.5,1898.81,AS-BRA-01
2003-10-31,17.5,2883.38,AS-BRA-01
2003-11-01,0.7,2440.33,AS-BRA-01
2003-11-02,0.9,1983.21,AS-BRA-01
2003-11-03,0.9,1701.9,AS-BRA-01
2003-11-04,0.0,1512.02,AS-BRA-01
2003-11-05,0.6,1371.37,AS-BRA-01
2003-11-06,0.3,1244.78,AS-BRA-01
2003-11-07,0.2,1132.26,AS-BRA-01
2003-11-08,0.0,1019.73,AS-BRA-01
2003-11-09,0.3,921.28,AS-BRA-01
2003-11-10,0.1,829.85,AS-BRA-01
2003-11-11,0.0,745.46,AS-BRA-01
2003-11-12,0.0,661.07,AS-BRA-01
2003-11-13,0.0,583.71,AS-BRA-01
2003-11-14,0.0,520.42,AS-BRA-01
2003-11-15,0.0,443.06,AS-BRA-01
2003-11-16,0.0,379.76,AS-BRA-01
2003-11-17,0.0,309.44,AS-BRA-01
2003-11-18,0.0,253.18,AS-BRA-01
2003-11-19,0.0,210.98,AS-BRA-01
2003-11-20,0.2,182.85,AS-BRA-01
2003-11-21,0.1,182.85,AS-BRA-01
2003-11-22,0.0,168.78,AS-BRA-01
2003-11-23,0.0,168.78,AS-BRA-01
2003-11-24,0.0,168.78,AS-BRA-01
2003-11-25,1.6,210.98,AS-BRA-01
2003-11-26,0.0,210.98,AS-BRA-01
2003-11-27,0.6,203.95,AS-BRA-01
2003-11-28,1.2,203.95,AS-BRA-01
2003-11-29,0.0,203.95,AS-BRA-01
2003-11-30,0.0,189.88,AS-BRA-01
2003-12-01,0.0,168.78,AS-BRA-01
2003-12-02,0.0,154.72,AS-BRA-01
2003-12-03,0.0,147.69,AS-BRA-01
2003-12-04,0.0,147.69,AS-BRA-01
2003-12-05,0.0,133.62,AS-BRA-01
2003-12-06,0.0,133.62,AS-BRA-01
2003-12-07,0.0,133.62,AS-BRA-01
2003-12-08,0.0,133.62,AS-BRA-01
2003-12-09,0.0,133.62,AS-BRA-01
2003-12-10,0.0,126.59,AS-BRA-01
2003-12-11,0.0,126.59,AS-BRA-01
2003-12-12,0.0,126.59,AS-BRA-01
2003-12-13,0.0,126.59,AS-BRA-01
2003-12-14,0.0,126.59,AS-BRA-01
2003-12-15,0.0,126.59,AS-BRA-01
2003-12-16,0.0,112.52,AS-BRA-01
2003-12-17,0.0,112.52,AS-BRA-01
2003-12-18,0.0,112.52,AS-BRA-01
2003-12-19,0.1,112.52,AS-BRA-01
2003-12-20,0.4,112.52,AS-BRA-01
2003-12-21,0.0,112.52,AS-BRA-01
2003-12-22,0.0,112.52,AS-BRA-01
2003-12-23,0.0,112.52,AS-BRA-01
2003-12-24,0.0,112.52,AS-BRA-01
2003-12-25,0.0,105.49,AS-BRA-01
2003-12-26,0.0,105.49,AS-BRA-01
2003-12-27,0.0,105.49,AS-BRA-01
2003-12-28,11.6,675.13,AS-BRA-01
2003-12-29,0.1,604.81,AS-BRA-01
2003-12-30,0.0,379.76,AS-BRA-01
2003-12-31,0.0,253.18,AS-BRA-01
2004-01-01,0.0,189.88,AS-BRA-01
2004-01-02,0.0,154.72,AS-BRA-01
2004-01-03,0.0,133.62,AS-BRA-01
2004-01-04,0.0,126.59,AS-BRA-01
2004-01-05,0.0,112.52,AS-BRA-01
2004-01-06,0.0,105.49,AS-BRA-01
2004-01-07,0.0,105.49,AS-BRA-01
2004-01-08,2.3,126.59,AS-BRA-01
2004-01-09,0.0,126.59,AS-BRA-01
2004-01-10,0.0,112.52,AS-BRA-01
2004-01-11,0.0,105.49,AS-BRA-01
2004-01-12,0.0,91.42,AS-BRA-01
2004-01-13,1.4,147.69,AS-BRA-01
2004-01-14,1.0,154.72,AS-BRA-01
2004-01-15,0.0,133.62,AS-BRA-01
2004-01-16,0.0,112.52,AS-BRA-01
2004-01-17,0.0,105.49,AS-BRA-01
2004-01-18,0.1,105.49,AS-BRA-01
2004-01-19,0.8,112.52,AS-BRA-01
2004-01-20,0.0,112.52,AS-BRA-01
2004-01-21,0.0,105.49,AS-BRA-01
2004-01-22,0.0,91.42,AS-BRA-01
2004-01-23,6.5,337.57,AS-BRA-01
2004-01-24,2.9,436.02,AS-BRA-01
2004-01-25,0.0,323.5,AS-BRA-01
2004-01-26,0.0,225.04,AS-BRA-01
2004-01-27,0.0,168.78,AS-BRA-01
2004-01-28,0.0,133.62,AS-BRA-01
2004-01-29,0.0,112.52,AS-BRA-01
2004-01-30,0.0,105.49,AS-BRA-01
2004-01-31,0.1,91.42,AS-BRA-01
2004-02-01,0.9,105.49,AS-BRA-01
2004-02-02,0.0,105.49,AS-BRA-01
2004-02-03,0.0,105.49,AS-BRA-01
2004-02-04,0.0,91.42,AS-BRA-01
2004-02-05,0.0,91.42,AS-BRA-01
2004-02-06,0.2,91.42,AS-BRA-01
2004-02-07,0.3,84.39,AS-BRA-01
2004-02-08,0.0,84.39,AS-BRA-01
2004-02-09,0.0,84.39,AS-BRA-01
2004-02-10,0.0,84.39,AS-BRA-01
2004-02-11,0.0,84.39,AS-BRA-01
2004-02-12,0.0,84.39,AS-BRA-01
2004-02-13,0.0,70.33,AS-BRA-01
2004-02-14,0.0,70.33,AS-BRA-01
2004-02-15,0.0,70.33,AS-BRA-01
2004-02-16,0.0,70.33,AS-BRA-01
2004-02-17,0.0,70.33,AS-BRA-01
2004-02-18,0.0,70.33,AS-BRA-01
2004-02-19,7.7,288.34,AS-BRA-01
2004-02-20,2.1,400.86,AS-BRA-01
2004-02-21,0.0,302.4,AS-BRA-01
2004-02-22,0.3,203.95,AS-BRA-01
2004-02-23,0.0,154.72,AS-BRA-01
2004-02-24,0.0,112.52,AS-BRA-01
2004-02-25,0.0,112.52,AS-BRA-01
2004-02-26,1.0,91.42,AS-BRA-01
2004-02-27,0.0,91.42,AS-BRA-01
2004-02-28,0.5,91.42,AS-BRA-01
2004-02-29,0.2,70.33,AS-BRA-01
2004-03-01,0.0,70.33,AS-BRA-01
2004-03-02,0.0,70.33,AS-BRA-01
2004-03-03,0.0,70.33,AS-BRA-01
2004-03-04,0.0,70.33,AS-BRA-01
2004-03-05,0.0,70.33,AS-BRA-01
2004-03-06,0.0,70.33,AS-BRA-01
2004-03-07,0.0,70.33,AS-BRA-01
2004-03-08,0.0,70.33,AS-BRA-01
2004-03-09,0.0,70.33,AS-BRA-01
2004-03-10,2.2,112.52,AS-BRA-01
2004-03-11,0.1,112.52,AS-BRA-01
2004-03-12,0.1,91.42,AS-BRA-01
2004-03-13,0.0,91.42,AS-BRA-01
2004-03-14,0.0,70.33,AS-BRA-01
2004-03-15,0.0,70.33,AS-BRA-01
2004-03-16,0.0,70.33,AS-BRA-01
2004-03-17,0.0,70.33,AS-BRA-01
2004-03-18,2.6,91.42,AS-BRA-01
2004-03-19,12.1,836.88,AS-BRA-01
2004-03-20,4.8,970.5,AS-BRA-01
2004-03-21,5.0,879.08,AS-BRA-01
2004-03-22,9.0,1033.8,AS-BRA-01
2004-03-23,2.9,773.59,AS-BRA-01
2004-03-24,0.6,464.15,AS-BRA-01
2004-03-25,0.0,288.34,AS-BRA-01
2004-03-26,1.6,203.95,AS-BRA-01
2004-03-27,0.9,154.72,AS-BRA-01
2004-03-28,0.3,112.52,AS-BRA-01
2004-03-29,0.4,91.42,AS-BRA-01
2004-03-30,15.2,815.79,AS-BRA-01
2004-03-31,1.6,682.17,AS-BRA-01
2004-04-01,0.7,400.86,AS-BRA-01
2004-04-02,0.4,246.14,AS-BRA-01
2004-04-03,18.7,1033.8,AS-BRA-01
2004-04-04,1.6,773.59,AS-BRA-01
2004-04-05,7.2,991.6,AS-BRA-01
2004-04-06,12.0,1406.53,AS-BRA-01
2004-04-07,9.7,1343.24,AS-BRA-01
2004-04-08,1.4,836.88,AS-BRA-01
2004-04-09,12.0,1322.14,AS-BRA-01
2004-04-10,14.9,1870.68,AS-BRA-01
2004-04-11,17.8,2644.27,AS-BRA-01
2004-04-12,17.5,3410.83,AS-BRA-01
2004-04-13,37.9,3846.86,AS-BRA-01
2004-04-14,31.0,5105.7,AS-BRA-01
2004-04-15,27.6,7201.43,AS-BRA-01
2004-04-16,14.1,4507.93,AS-BRA-01
2004-04-17,3.1,2813.06,AS-BRA-01
2004-04-18,4.3,2419.23,AS-BRA-01
2004-04-19,0.0,1828.49,AS-BRA-01
2004-04-20,0.0,1385.43,AS-BRA-01
2004-04-21,2.2,1272.91,AS-BRA-01
2004-04-22,10.1,1610.48,AS-BRA-01
2004-04-23,3.0,1455.76,AS-BRA-01
2004-04-24,3.3,1455.76,AS-BRA-01
2004-04-25,0.6,1167.42,AS-BRA-01
2004-04-26,3.3,1125.22,AS-BRA-01
2004-04-27,8.7,1427.63,AS-BRA-01
2004-04-28,3.9,1343.24,AS-BRA-01
2004-04-29,6.5,1455.76,AS-BRA-01
2004-04-30,1.9,1188.52,AS-BRA-01
2004-05-01,2.6,949.41,AS-BRA-01
2004-05-02,0.0,752.49,AS-BRA-01
2004-05-03,0.0,576.68,AS-BRA-01
2004-05-04,0.0,464.15,AS-BRA-01
2004-05-05,1.4,379.76,AS-BRA-01
2004-05-06,1.2,288.34,AS-BRA-01
2004-05-07,0.0,246.14,AS-BRA-01
2004-05-08,5.3,443.06,AS-BRA-01
2004-05-09,25.3,1828.49,AS-BRA-01
2004-05-10,1.4,1343.24,AS-BRA-01
2004-05-11,4.0,928.31,AS-BRA-01
2004-05-12,1.3,661.07,AS-BRA-01
2004-05-13,0.9,485.25,AS-BRA-01
2004-05-14,10.2,794.69,AS-BRA-01
2004-05-15,1.0,661.07,AS-BRA-01
2004-05-16,0.0,421.96,AS-BRA-01
2004-05-17,1.6,379.76,AS-BRA-01
2004-05-18,18.8,1933.98,AS-BRA-01
2004-05-19,4.2,1786.29,AS-BRA-01
2004-05-20,28.1,2988.87,AS-BRA-01
2004-05-21,67.3,16540.78,AS-BRA-01
2004-05-22,11.4,10077.78,AS-BRA-01
2004-05-23,49.0,14318.46,AS-BRA-01
2004-05-24,4.2,8305.55,AS-BRA-01
2004-05-25,1.5,5105.7,AS-BRA-01
2004-05-26,1.0,3649.94,AS-BRA-01
2004-05-27,3.4,3080.3,AS-BRA-01
2004-05-28,5.2,2883.38,AS-BRA-01
2004-05-29,5.5,2855.25,AS-BRA-01
2004-05-30,3.2,2552.85,AS-BRA-01
2004-05-31,4.2,2440.33,AS-BRA-01
2004-06-01,13.8,3431.93,AS-BRA-01
2004-06-02,4.8,3122.49,AS-BRA-01
2004-06-03,12.5,3453.03,AS-BRA-01
2004-06-04,3.3,2813.06,AS-BRA-01
2004-06-05,10.1,3080.3,AS-BRA-01
2004-06-06,5.4,2770.86,AS-BRA-01
2004-06-07,8.1,2841.19,AS-BRA-01
2004-06-08,5.2,2707.57,AS-BRA-01
2004-06-09,9.5,3017.0,AS-BRA-01
2004-06-10,13.8,3038.1,AS-BRA-01
2004-06-11,5.6,2904.48,AS-BRA-01
2004-06-12,2.6,2419.23,AS-BRA-01
2004-06-13,7.0,2658.34,AS-BRA-01
2004-06-14,8.6,2841.19,AS-BRA-01
2004-06-15,5.7,2974.81,AS-BRA-01
2004-06-16,9.2,3495.22,AS-BRA-01
2004-06-17,14.4,4536.06,AS-BRA-01
2004-06-18,16.4,4472.76,AS-BRA-01
2004-06-19,39.6,13798.05,AS-BRA-01
2004-06-20,55.1,22166.9,AS-BRA-01
2004-06-21,54.1,24747.88,AS-BRA-01
2004-06-22,43.6,20619.71,AS-BRA-01
2004-06-23,15.1,13460.48,AS-BRA-01
2004-06-24,7.3,9803.51,AS-BRA-01
2004-06-25,14.4,8586.86,AS-BRA-01
2004-06-26,2.1,6997.48,AS-BRA-01
2004-06-27,5.6,6202.79,AS-BRA-01
2004-06-28,2.5,5478.43,AS-BRA-01
2004-06-29,6.2,5612.05,AS-BRA-01
2004-06-30,5.7,5738.64,AS-BRA-01
2004-07-01,6.9,5942.58,AS-BRA-01
2004-07-02,13.5,6055.11,AS-BRA-01
2004-07-03,18.5,7243.62,AS-BRA-01
2004-07-04,21.4,10548.97,AS-BRA-01
2004-07-05,11.8,9346.38,AS-BRA-01
2004-07-06,29.6,14037.16,AS-BRA-01
2004-07-07,48.5,22377.88,AS-BRA-01
2004-07-08,37.2,23144.43,AS-BRA-01
2004-07-09,70.7,38039.57,AS-BRA-01
2004-07-10,79.1,33883.28,AS-BRA-01
2004-07-11,8.8,20422.8,AS-BRA-01
2004-07-12,0.6,14388.79,AS-BRA-01
2004-07-13,7.7,12468.88,AS-BRA-01
2004-07-14,15.5,12131.31,AS-BRA-01
2004-07-15,44.8,20472.03,AS-BRA-01
2004-07-16,20.0,19318.67,AS-BRA-01
2004-07-17,4.4,14494.28,AS-BRA-01
2004-07-18,26.2,16139.92,AS-BRA-01
2004-07-19,93.7,28763.52,AS-BRA-01
2004-07-20,12.1,19508.56,AS-BRA-01
2004-07-21,3.5,14529.44,AS-BRA-01
2004-07-22,15.1,14248.14,AS-BRA-01
2004-07-23,23.7,16379.03,AS-BRA-01
2004-07-24,25.1,17968.41,AS-BRA-01
2004-07-25,15.1,15753.12,AS-BRA-01
2004-07-26,20.3,15296.0,AS-BRA-01
2004-07-27,44.6,18010.6,AS-BRA-01
2004-07-28,21.4,17033.07,AS-BRA-01
2004-07-29,22.1,16948.67,AS-BRA-01
2004-07-30,11.6,14423.95,AS-BRA-01
2004-07-31,10.2,12904.9,AS-BRA-01
2004-08-01,7.1,11835.94,AS-BRA-01
2004-08-02,11.1,11568.7,AS-BRA-01
2004-08-03,36.7,15485.88,AS-BRA-01
2004-08-04,72.5,32160.28,AS-BRA-01
2004-08-05,105.2,50691.3,AS-BRA-01
2004-08-06,17.1,31857.88,AS-BRA-01
2004-08-07,4.5,20521.26,AS-BRA-01
2004-08-08,19.8,19888.32,AS-BRA-01
2004-08-09,43.8,23200.69,AS-BRA-01
2004-08-10,23.4,18903.75,AS-BRA-01
2004-08-11,4.0,15183.48,AS-BRA-01
2004-08-12,8.8,12975.23,AS-BRA-01
2004-08-13,28.0,15443.69,AS-BRA-01
2004-08-14,20.7,16864.28,AS-BRA-01
2004-08-15,23.8,17968.41,AS-BRA-01
2004-08-16,26.1,16702.53,AS-BRA-01
2004-08-17,33.7,18903.75,AS-BRA-01
2004-08-18,32.7,21794.17,AS-BRA-01
2004-08-19,17.1,18404.43,AS-BRA-01
2004-08-20,31.7,17194.82,AS-BRA-01
2004-08-21,10.7,14177.81,AS-BRA-01
2004-08-22,7.7,12250.87,AS-BRA-01
2004-08-23,6.1,11484.31,AS-BRA-01
2004-08-24,0.9,10183.27,AS-BRA-01
2004-08-25,2.6,9416.71,AS-BRA-01
2004-08-26,8.9,9367.48,AS-BRA-01
2004-08-27,23.9,17405.8,AS-BRA-01
2004-08-28,10.1,14072.32,AS-BRA-01
2004-08-29,15.5,13200.27,AS-BRA-01
2004-08-30,6.2,11343.66,AS-BRA-01
2004-08-31,7.8,10788.08,AS-BRA-01
2004-09-01,4.0,9585.49,AS-BRA-01
2004-09-02,15.3,10232.5,AS-BRA-01
2004-09-03,5.7,9318.25,AS-BRA-01
2004-09-04,3.3,8221.16,AS-BRA-01
2004-09-05,5.0,7869.53,AS-BRA-01
2004-09-06,2.3,7278.79,AS-BRA-01
2004-09-07,0.5,6540.36,AS-BRA-01
2004-09-08,58.5,15331.17,AS-BRA-01
2004-09-09,17.0,13966.83,AS-BRA-01
2004-09-10,2.0,10211.4,AS-BRA-01
2004-09-11,3.0,8347.75,AS-BRA-01
2004-09-12,10.5,8607.96,AS-BRA-01
2004-09-13,0.0,7299.89,AS-BRA-01
2004-09-14,0.3,6315.31,AS-BRA-01
2004-09-15,0.0,5661.28,AS-BRA-01
2004-09-16,2.1,5190.09,AS-BRA-01
2004-09-17,24.0,6800.57,AS-BRA-01
2004-09-18,28.4,10232.5,AS-BRA-01
2004-09-19,2.2,8052.38,AS-BRA-01
2004-09-20,3.7,6927.15,AS-BRA-01
2004-09-21,7.0,6230.92,AS-BRA-01
2004-09-22,18.5,7131.1,AS-BRA-01
2004-09-23,7.1,6350.48,AS-BRA-01
2004-09-24,14.9,6167.63,AS-BRA-01
2004-09-25,0.8,5204.16,AS-BRA-01
2004-09-26,0.9,4507.93,AS-BRA-01
2004-09-27,3.8,4191.46,AS-BRA-01
2004-09-28,7.8,4275.85,AS-BRA-01
2004-09-29,9.8,4676.71,AS-BRA-01
2004-09-30,1.9,4226.62,AS-BRA-01
2004-10-01,2.8,3748.4,AS-BRA-01
2004-10-02,10.8,4001.57,AS-BRA-01
2004-10-03,2.8,3649.94,AS-BRA-01
2004-10-04,1.1,3375.67,AS-BRA-01
2004-10-05,17.8,5176.03,AS-BRA-01
2004-10-06,42.8,11835.94,AS-BRA-01
2004-10-07,100.0,32617.41,AS-BRA-01
2004-10-08,54.5,25465.21,AS-BRA-01
2004-10-09,0.0,14177.81,AS-BRA-01
2004-10-10,0.0,9557.36,AS-BRA-01
2004-10-11,0.3,7510.86,AS-BRA-01
2004-10-12,2.6,6540.36,AS-BRA-01
2004-10-13,3.6,5907.42,AS-BRA-01
2004-10-14,10.0,6132.47,AS-BRA-01
2004-10-15,2.8,5583.92,AS-BRA-01
2004-10-16,0.3,4901.75,AS-BRA-01
2004-10-17,0.0,4374.3,AS-BRA-01
2004-10-18,0.0,3980.48,AS-BRA-01
2004-10-19,0.0,3664.01,AS-BRA-01
2004-10-20,0.2,3375.67,AS-BRA-01
2004-10-21,0.0,3122.49,AS-BRA-01
2004-10-22,0.0,2890.42,AS-BRA-01
2004-10-23,0.2,2679.44,AS-BRA-01
2004-10-24,0.0,2475.49,AS-BRA-01
2004-10-25,2.8,2370.0,AS-BRA-01
2004-10-26,0.6,2229.35,AS-BRA-01
2004-10-27,0.4,2060.56,AS-BRA-01
2004-10-28,0.4,1891.78,AS-BRA-01
2004-10-29,0.0,1744.1,AS-BRA-01
2004-10-30,0.0,1596.41,AS-BRA-01
2004-10-31,0.0,1455.76,AS-BRA-01
2004-11-01,0.0,1322.14,AS-BRA-01
2004-11-02,0.0,1202.58,AS-BRA-01
2004-11-03,0.0,1090.06,AS-BRA-01
2004-11-04,0.0,984.57,AS-BRA-01
2004-11-05,0.0,893.15,AS-BRA-01
2004-11-06,0.0,801.72,AS-BRA-01
2004-11-07,0.1,710.3,AS-BRA-01
2004-11-08,0.0,639.97,AS-BRA-01
2004-11-09,0.0,562.61,AS-BRA-01
2004-11-10,0.0,492.29,AS-BRA-01
2004-11-11,0.0,428.99,AS-BRA-01
2004-11-12,0.0,358.66,AS-BRA-01
2004-11-13,0.1,302.4,AS-BRA-01
2004-11-14,0.2,253.18,AS-BRA-01
2004-11-15,0.0,210.98,AS-BRA-01
2004-11-16,0.0,196.91,AS-BRA-01
2004-11-17,0.0,182.85,AS-BRA-01
2004-11-18,0.0,182.85,AS-BRA-01
2004-11-19,0.3,182.85,AS-BRA-01
2004-11-20,0.0,182.85,AS-BRA-01
2004-11-21,0.0,182.85,AS-BRA-01
2004-11-22,0.0,182.85,AS-BRA-01
2004-11-23,6.8,400.86,AS-BRA-01
2004-11-24,0.8,386.8,AS-BRA-01
2004-11-25,0.0,302.4,AS-BRA-01
2004-11-26,0.0,253.18,AS-BRA-01
2004-11-27,0.0,225.04,AS-BRA-01
2004-11-28,0.0,210.98,AS-BRA-01
2004-11-29,0.0,203.95,AS-BRA-01
2004-11-30,0.0,189.88,AS-BRA-01
2004-12-01,0.0,168.78,AS-BRA-01
2004-12-02,0.0,154.72,AS-BRA-01
2004-12-03,0.0,147.69,AS-BRA-01
2004-12-04,0.0,147.69,AS-BRA-01
2004-12-05,0.0,147.69,AS-BRA-01
2004-12-06,0.0,147.69,AS-BRA-01
2004-12-07,0.0,133.62,AS-BRA-01
2004-12-08,0.0,133.62,AS-BRA-01
2004-12-09,0.1,133.62,AS-BRA-01
2004-12-10,0.2,133.62,AS-BRA-01
2004-12-11,0.0,133.62,AS-BRA-01
2004-12-12,0.0,133.62,AS-BRA-01
2004-12-13,0.0,126.59,AS-BRA-01
2004-12-14,0.0,126.59,AS-BRA-01
2004-12-15,0.0,126.59,AS-BRA-01
2004-12-16,0.0,126.59,AS-BRA-01
2004-12-17,0.0,126.59,AS-BRA-01
2004-12-18,0.0,126.59,AS-BRA-01
2004-12-19,0.0,126.59,AS-BRA-01
2004-12-20,1.5,133.62,AS-BRA-01
2004-12-21,3.8,210.98,AS-BRA-01
2004-12-22,0.3,210.98,AS-BRA-01
2004-12-23,0.0,182.85,AS-BRA-01
2004-12-24,0.0,154.72,AS-BRA-01
2004-12-25,0.0,147.69,AS-BRA-01
2004-12-26,0.0,133.62,AS-BRA-01
2004-12-27,0.4,126.59,AS-BRA-01
2004-12-28,0.0,126.59,AS-BRA-01
2004-12-29,0.0,126.59,AS-BRA-01
2004-12-30,0.0,112.52,AS-BRA-01
2004-12-31,0.0,112.52,AS-BRA-01
2005-01-01,0.0,112.52,AS-BRA-01
2005-01-02,0.0,105.49,AS-BRA-01
2005-01-03,0.0,105.49,AS-BRA-01
2005-01-04,0.0,105.49,AS-BRA-01
2005-01-05,0.0,105.49,AS-BRA-01
2005-01-06,0.0,105.49,AS-BRA-01
2005-01-07,0.0,91.42,AS-BRA-01
2005-01-08,0.0,91.42,AS-BRA-01
2005-01-09,0.9,133.62,AS-BRA-01
2005-01-10,0.1,133.62,AS-BRA-01
2005-01-11,2.1,182.85,AS-BRA-01
2005-01-12,0.0,168.78,AS-BRA-01
2005-01-13,0.0,147.69,AS-BRA-01
2005-01-14,0.0,126.59,AS-BRA-01
2005-01-15,0.0,112.52,AS-BRA-01
2005-01-16,0.0,105.49,AS-BRA-01
2005-01-17,0.0,105.49,AS-BRA-01
2005-01-18,0.2,91.42,AS-BRA-01
2005-01-19,0.8,105.49,AS-BRA-01
2005-01-20,0.0,105.49,AS-BRA-01
2005-01-21,0.3,91.42,AS-BRA-01
2005-01-22,0.0,91.42,AS-BRA-01
2005-01-23,5.3,365.7,AS-BRA-01
2005-01-24,0.0,344.6,AS-BRA-01
2005-01-25,0.0,246.14,AS-BRA-01
2005-01-26,0.0,182.85,AS-BRA-01
2005-01-27,0.0,147.69,AS-BRA-01
2005-01-28,0.0,126.59,AS-BRA-01
2005-01-29,0.0,105.49,AS-BRA-01
2005-01-30,0.0,105.49,AS-BRA-01
2005-01-31,0.0,91.42,AS-BRA-01
2005-02-01,4.8,323.5,AS-BRA-01
2005-02-02,0.0,323.5,AS-BRA-01
2005-02-03,0.0,246.14,AS-BRA-01
2005-02-04,0.0,189.88,AS-BRA-01
2005-02-05,0.0,168.78,AS-BRA-01
2005-02-06,0.0,147.69,AS-BRA-01
2005-02-07,0.0,133.62,AS-BRA-01
2005-02-08,0.0,126.59,AS-BRA-01
2005-02-09,0.0,112.52,AS-BRA-01
2005-02-10,0.0,112.52,AS-BRA-01
2005-02-11,0.2,105.49,AS-BRA-01
2005-02-12,1.1,105.49,AS-BRA-01
2005-02-13,0.4,105.49,AS-BRA-01
2005-02-14,0.0,105.49,AS-BRA-01
2005-02-15,0.0,105.49,AS-BRA-01
2005-02-16,0.0,105.49,AS-BRA-01
2005-02-17,0.0,91.42,AS-BRA-01
2005-02-18,0.1,91.42,AS-BRA-01
2005-02-19,1.1,91.42,AS-BRA-01
2005-02-20,0.1,91.42,AS-BRA-01
2005-02-21,0.0,91.42,AS-BRA-01
2005-02-22,0.0,91.42,AS-BRA-01
2005-02-23,0.0,91.42,AS-BRA-01
2005-02-24,0.0,91.42,AS-BRA-01
2005-02-25,0.0,91.42,AS-BRA-01
2005-02-26,0.0,91.42,AS-BRA-01
2005-02-27,0.0,91.42,AS-BRA-01
2005-02-28,0.0,91.42,AS-BRA-01
2005-03-01,0.2,70.33,AS-BRA-01
2005-03-02,0.0,70.33,AS-BRA-01
2005-03-03,0.2,70.33,AS-BRA-01
2005-03-04,0.0,70.33,AS-BRA-01
2005-03-05,0.3,70.33,AS-BRA-01
2005-03-06,0.0,70.33,AS-BRA-01
2005-03-07,0.4,70.33,AS-BRA-01
2005-03-08,0.1,70.33,AS-BRA-01
2005-03-09,0.3,70.33,AS-BRA-01
2005-03-10,0.3,70.33,AS-BRA-01
2005-03-11,0.0,70.33,AS-BRA-01
2005-03-12,0.0,70.33,AS-BRA-01
2005-03-13,0.0,70.33,AS-BRA-01
2005-03-14,0.0,70.33,AS-BRA-01
2005-03-15,0.0,70.33,AS-BRA-01
2005-03-16,0.0,70.33,AS-BRA-01
2005-03-17,0.5,49.23,AS-BRA-01
2005-03-18,6.1,379.76,AS-BRA-01
2005-03-19,8.0,618.87,AS-BRA-01
2005-03-20,28.9,2004.3,AS-BRA-01
2005-03-21,12.2,2095.73,AS-BRA-01
2005-03-22,28.6,3101.4,AS-BRA-01
2005-03-23,17.7,2489.56,AS-BRA-01
2005-03-24,12.9,2510.65,AS-BRA-01
2005-03-25,9.7,2243.41,AS-BRA-01
2005-03-26,15.4,2243.41,AS-BRA-01
2005-03-27,2.6,1455.76,AS-BRA-01
2005-03-28,14.8,1652.67,AS-BRA-01
2005-03-29,9.2,1758.16,AS-BRA-01
2005-03-30,9.3,1631.57,AS-BRA-01
2005-03-31,2.0,1012.7,AS-BRA-01
2005-04-01,0.0,618.87,AS-BRA-01
2005-04-02,0.1,400.86,AS-BRA-01
2005-04-03,3.1,379.76,AS-BRA-01
2005-04-04,2.9,351.63,AS-BRA-01
2005-04-05,0.0,267.24,AS-BRA-01
2005-04-06,3.9,267.24,AS-BRA-01
2005-04-07,2.7,267.24,AS-BRA-01
2005-04-08,4.3,337.57,AS-BRA-01
2005-04-09,3.4,400.86,AS-BRA-01
2005-04-10,0.9,309.44,AS-BRA-01
2005-04-11,0.1,225.04,AS-BRA-01
2005-04-12,0.0,154.72,AS-BRA-01
2005-04-13,0.0,133.62,AS-BRA-01
2005-04-14,0.0,112.52,AS-BRA-01
2005-04-15,0.0,112.52,AS-BRA-01
2005-04-16,1.0,91.42,AS-BRA-01
2005-04-17,0.7,91.42,AS-BRA-01
2005-04-18,10.1,506.35,AS-BRA-01
2005-04-19,1.6,464.15,AS-BRA-01
2005-04-20,0.3,288.34,AS-BRA-01
2005-04-21,0.1,203.95,AS-BRA-01
2005-04-22,1.0,154.72,AS-BRA-01
2005-04-23,3.1,182.85,AS-BRA-01
2005-04-24,24.3,1364.33,AS-BRA-01
2005-04-25,16.3,1983.21,AS-BRA-01
2005-04-26,20.0,2243.41,AS-BRA-01
2005-04-27,4.7,1455.76,AS-BRA-01
2005-04-28,3.3,970.5,AS-BRA-01
2005-04-29,6.8,794.69,AS-BRA-01
2005-04-30,7.1,928.31,AS-BRA-01
2005-05-01,4.3,710.3,AS-BRA-01
2005-05-02,3.2,527.45,AS-BRA-01
2005-05-03,1.1,443.06,AS-BRA-01
2005-05-04,9.2,639.97,AS-BRA-01
2005-05-05,6.0,724.36,AS-BRA-01
2005-05-06,17.2,1694.87,AS-BRA-01
2005-05-07,11.9,1891.78,AS-BRA-01
2005-05-08,0.9,1188.52,AS-BRA-01
2005-05-09,8.0,1104.13,AS-BRA-01
2005-05-10,2.9,773.59,AS-BRA-01
2005-05-11,1.0,464.15,AS-BRA-01
2005-05-12,11.0,836.88,AS-BRA-01
2005-05-13,4.5,794.69,AS-BRA-01
2005-05-14,10.3,1012.7,AS-BRA-01
2005-05-15,5.6,794.69,AS-BRA-01
2005-05-16,4.1,597.77,AS-BRA-01
2005-05-17,11.8,1364.33,AS-BRA-01
2005-05-18,41.8,3628.84,AS-BRA-01
2005-05-19,11.6,3185.79,AS-BRA-01
2005-05-20,28.9,3256.11,AS-BRA-01
2005-05-21,16.3,3080.3,AS-BRA-01
2005-05-22,6.6,2355.94,AS-BRA-01
2005-05-23,10.3,2644.27,AS-BRA-01
2005-05-24,7.6,2313.74,AS-BRA-01
2005-05-25,4.0,1828.49,AS-BRA-01
2005-05-26,5.7,1497.95,AS-BRA-01
2005-05-27,2.0,1209.61,AS-BRA-01
2005-05-28,12.4,1568.28,AS-BRA-01
2005-05-29,3.4,1322.14,AS-BRA-01
2005-05-30,0.7,991.6,AS-BRA-01
2005-05-31,7.1,1012.7,AS-BRA-01
2005-06-01,1.5,900.18,AS-BRA-01
2005-06-02,0.7,710.3,AS-BRA-01
2005-06-03,1.3,618.87,AS-BRA-01
2005-06-04,4.6,752.49,AS-BRA-01
2005-06-05,4.8,872.05,AS-BRA-01
2005-06-06,2.3,752.49,AS-BRA-01
2005-06-07,7.5,963.47,AS-BRA-01
2005-06-08,4.9,991.6,AS-BRA-01
2005-06-09,5.1,963.47,AS-BRA-01
2005-06-10,1.9,752.49,AS-BRA-01
2005-06-11,1.4,583.71,AS-BRA-01
2005-06-12,0.2,450.09,AS-BRA-01
2005-06-13,2.3,583.71,AS-BRA-01
2005-06-14,2.0,597.77,AS-BRA-01
2005-06-15,2.7,562.61,AS-BRA-01
2005-06-16,16.0,1898.81,AS-BRA-01
2005-06-17,8.5,2137.92,AS-BRA-01
2005-06-18,3.1,1497.95,AS-BRA-01
2005-06-19,4.0,1237.75,AS-BRA-01
2005-06-20,7.8,1420.59,AS-BRA-01
2005-06-21,25.8,2475.49,AS-BRA-01
2005-06-22,11.8,3263.15,AS-BRA-01
2005-06-23,17.5,4050.8,AS-BRA-01
2005-06-24,24.5,8200.06,AS-BRA-01
2005-06-25,7.7,6350.48,AS-BRA-01
2005-06-26,4.3,4261.78,AS-BRA-01
2005-06-27,0.7,2918.55,AS-BRA-01
2005-06-28,8.8,2616.14,AS-BRA-01
2005-06-29,22.5,3790.6,AS-BRA-01
2005-06-30,50.6,11146.74,AS-BRA-01
2005-07-01,15.5,11343.66,AS-BRA-01
2005-07-02,15.7,12904.9,AS-BRA-01
2005-07-03,82.9,26583.4,AS-BRA-01
2005-07-04,5.6,14782.62,AS-BRA-01
2005-07-05,15.7,12975.23,AS-BRA-01
2005-07-06,4.1,9487.04,AS-BRA-01
2005-07-07,2.6,6906.06,AS-BRA-01
2005-07-08,0.0,5569.85,AS-BRA-01
2005-07-09,8.6,6821.67,AS-BRA-01
2005-07-10,34.9,13664.43,AS-BRA-01
2005-07-11,22.5,13530.81,AS-BRA-01
2005-07-12,21.9,13003.36,AS-BRA-01
2005-07-13,19.3,11955.5,AS-BRA-01
2005-07-14,43.5,18812.32,AS-BRA-01
2005-07-15,23.8,16498.58,AS-BRA-01
2005-07-16,2.0,11146.74,AS-BRA-01
2005-07-17,6.7,8882.23,AS-BRA-01
2005-07-18,25.4,10577.1,AS-BRA-01
2005-07-19,17.0,9733.18,AS-BRA-01
2005-07-20,9.0,8565.76,AS-BRA-01
2005-07-21,17.7,10155.14,AS-BRA-01
2005-07-22,22.2,12131.31,AS-BRA-01
2005-07-23,23.3,13425.32,AS-BRA-01
2005-07-24,5.9,10155.14,AS-BRA-01
2005-07-25,15.2,9437.81,AS-BRA-01
2005-07-26,35.8,14107.49,AS-BRA-01
2005-07-27,8.8,11231.13,AS-BRA-01
2005-07-28,19.5,10654.46,AS-BRA-01
2005-07-29,12.7,9346.38,AS-BRA-01
2005-07-30,32.1,12342.29,AS-BRA-01
2005-07-31,1.7,9437.81,AS-BRA-01
2005-08-01,0.2,7468.67,AS-BRA-01
2005-08-02,15.9,7686.68,AS-BRA-01
2005-08-03,22.2,9487.04,AS-BRA-01
2005-08-04,5.0,8115.67,AS-BRA-01
2005-08-05,39.2,20718.17,AS-BRA-01
2005-08-06,93.1,38855.36,AS-BRA-01
2005-08-07,28.3,33320.67,AS-BRA-01
2005-08-08,19.7,23587.49,AS-BRA-01
2005-08-09,10.1,18903.75,AS-BRA-01
2005-08-10,35.6,24332.95,AS-BRA-01
2005-08-11,51.5,29523.04,AS-BRA-01
2005-08-12,1.9,19086.6,AS-BRA-01
2005-08-13,3.3,14212.97,AS-BRA-01
2005-08-14,28.0,17152.62,AS-BRA-01
2005-08-15,11.0,15788.29,AS-BRA-01
2005-08-16,12.2,13629.27,AS-BRA-01
2005-08-17,10.9,12595.47,AS-BRA-01
2005-08-18,26.9,15443.69,AS-BRA-01
2005-08-19,20.8,16948.67,AS-BRA-01
2005-08-20,48.4,23418.71,AS-BRA-01
2005-08-21,48.0,30592.0,AS-BRA-01
2005-08-22,35.7,30451.35,AS-BRA-01
2005-08-23,23.2,25774.64,AS-BRA-01
2005-08-24,125.3,57400.45,AS-BRA-01
2005-08-25,20.9,38581.09,AS-BRA-01
2005-08-26,9.7,24332.95,AS-BRA-01
2005-08-27,3.2,18995.17,AS-BRA-01
2005-08-28,1.4,16217.28,AS-BRA-01
2005-08-29,0.9,14388.79,AS-BRA-01
2005-08-30,2.0,13263.57,AS-BRA-01
2005-08-31,6.3,13397.19,AS-BRA-01
2005-09-01,9.9,12904.9,AS-BRA-01
2005-09-02,11.1,14212.97,AS-BRA-01
2005-09-03,23.4,14705.26,AS-BRA-01
2005-09-04,4.8,12778.32,AS-BRA-01
2005-09-05,8.8,11716.39,AS-BRA-01
2005-09-06,3.4,10844.34,AS-BRA-01
2005-09-07,1.6,9733.18,AS-BRA-01
2005-09-08,1.3,8854.1,AS-BRA-01
2005-09-09,20.5,9951.19,AS-BRA-01
2005-09-10,5.8,8790.81,AS-BRA-01
2005-09-11,11.7,9606.59,AS-BRA-01
2005-09-12,0.7,8263.36,AS-BRA-01
2005-09-13,1.8,7257.69,AS-BRA-01
2005-09-14,0.0,6603.65,AS-BRA-01
2005-09-15,0.0,6083.24,AS-BRA-01
2005-09-16,0.1,5647.21,AS-BRA-01
2005-09-17,1.9,5288.55,AS-BRA-01
2005-09-18,0.1,4965.05,AS-BRA-01
2005-09-19,0.0,4634.51,AS-BRA-01
2005-09-20,38.2,11892.2,AS-BRA-01
2005-09-21,8.9,9782.41,AS-BRA-01
2005-09-22,1.2,7356.15,AS-BRA-01
2005-09-23,5.9,6364.54,AS-BRA-01
2005-09-24,3.0,5555.79,AS-BRA-01
2005-09-25,8.6,5422.17,AS-BRA-01
2005-09-26,1.8,4993.18,AS-BRA-01
2005-09-27,12.4,5506.56,AS-BRA-01
2005-09-28,4.0,4803.3,AS-BRA-01
2005-09-29,2.6,4212.55,AS-BRA-01
2005-09-30,6.3,4029.71,AS-BRA-01
2005-10-01,38.6,10105.91,AS-BRA-01
2005-10-02,24.3,12813.48,AS-BRA-01
2005-10-03,1.3,8263.36,AS-BRA-01
2005-10-04,16.6,8994.75,AS-BRA-01
2005-10-05,12.8,8115.67,AS-BRA-01
2005-10-06,0.2,6019.94,AS-BRA-01
2005-10-07,0.3,4831.43,AS-BRA-01
2005-10-08,2.9,4325.08,AS-BRA-01
2005-10-09,3.7,4029.71,AS-BRA-01
2005-10-10,1.5,3628.84,AS-BRA-01
2005-10-11,0.5,3263.15,AS-BRA-01
2005-10-12,0.0,2960.74,AS-BRA-01
2005-10-13,0.0,2707.57,AS-BRA-01
2005-10-14,0.0,2475.49,AS-BRA-01
2005-10-15,0.0,2271.54,AS-BRA-01
2005-10-16,1.5,2102.76,AS-BRA-01
2005-10-17,7.7,2250.45,AS-BRA-01
2005-10-18,14.2,3340.51,AS-BRA-01
2005-10-19,3.7,3009.97,AS-BRA-01
2005-10-20,5.6,3094.36,AS-BRA-01
2005-10-21,12.9,3713.24,AS-BRA-01
2005-10-22,37.2,6709.14,AS-BRA-01
2005-10-23,5.6,5358.88,AS-BRA-01
2005-10-24,0.1,3755.43,AS-BRA-01
2005-10-25,0.0,2918.55,AS-BRA-01
2005-10-26,0.2,2440.33,AS-BRA-01
2005-10-27,0.0,2137.92,AS-BRA-01
2005-10-28,0.0,1898.81,AS-BRA-01
2005-10-29,0.0,1701.9,AS-BRA-01
2005-10-30,0.0,1533.12,AS-BRA-01
2005-10-31,0.0,1378.4,AS-BRA-01
2005-11-01,0.2,1244.78,AS-BRA-01
2005-11-02,0.0,1125.22,AS-BRA-01
2005-11-03,0.0,1012.7,AS-BRA-01
2005-11-04,0.0,914.24,AS-BRA-01
2005-11-05,0.0,808.75,AS-BRA-01
2005-11-06,0.0,717.33,AS-BRA-01
2005-11-07,0.0,639.97,AS-BRA-01
2005-11-08,0.0,555.58,AS-BRA-01
2005-11-09,0.0,478.22,AS-BRA-01
2005-11-10,0.0,407.89,AS-BRA-01
2005-11-11,0.0,344.6,AS-BRA-01
2005-11-12,0.0,281.31,AS-BRA-01
2005-11-13,0.4,225.04,AS-BRA-01
2005-11-14,0.2,196.91,AS-BRA-01
2005-11-15,0.0,189.88,AS-BRA-01
2005-11-16,0.0,182.85,AS-BRA-01
2005-11-17,0.5,182.85,AS-BRA-01
2005-11-18,0.1,182.85,AS-BRA-01
2005-11-19,0.0,182.85,AS-BRA-01
2005-11-20,0.0,182.85,AS-BRA-01
2005-11-21,0.0,175.82,AS-BRA-01
2005-11-22,0.0,175.82,AS-BRA-01
2005-11-23,0.0,182.85,AS-BRA-01
2005-11-24,0.2,182.85,AS-BRA-01
2005-11-25,0.0,175.82,AS-BRA-01
2005-11-26,0.0,175.82,AS-BRA-01
2005-11-27,0.0,168.78,AS-BRA-01
2005-11-28,0.0,168.78,AS-BRA-01
2005-11-29,0.0,161.75,AS-BRA-01
2005-11-30,0.0,161.75,AS-BRA-01
2005-12-01,0.0,147.69,AS-BRA-01
2005-12-02,0.0,133.62,AS-BRA-01
2005-12-03,0.0,133.62,AS-BRA-01
2005-12-04,0.0,133.62,AS-BRA-01
2005-12-05,0.0,133.62,AS-BRA-01
2005-12-06,0.0,133.62,AS-BRA-01
2005-12-07,0.0,126.59,AS-BRA-01
2005-12-08,0.0,126.59,AS-BRA-01
2005-12-09,0.0,126.59,AS-BRA-01
2005-12-10,0.0,126.59,AS-BRA-01
2005-12-11,0.0,126.59,AS-BRA-01
2005-12-12,0.0,126.59,AS-BRA-01
2005-12-13,0.0,126.59,AS-BRA-01
2005-12-14,0.0,112.52,AS-BRA-01
2005-12-15,0.0,112.52,AS-BRA-01
2005-12-16,0.0,112.52,AS-BRA-01
2005-12-17,0.0,112.52,AS-BRA-01
2005-12-18,0.0,112.52,AS-BRA-01
2005-12-19,0.0,112.52,AS-BRA-01
2005-12-20,0.0,112.52,AS-BRA-01
2005-12-21,0.0,112.52,AS-BRA-01
2005-12-22,0.0,112.52,AS-BRA-01
2005-12-23,0.0,105.49,AS-BRA-01
2005-12-24,0.0,105.49,AS-BRA-01
2005-12-25,0.0,105.49,AS-BRA-01
2005-12-26,0.0,105.49,AS-BRA-01
2005-12-27,0.0,105.49,AS-BRA-01
2005-12-28,0.0,105.49,AS-BRA-01
2005-12-29,0.0,105.49,AS-BRA-01
2005-12-30,0.0,105.49,AS-BRA-01
2005-12-31,0.0,105.49,AS-BRA-01
2006-01-01,0.0,91.42,AS-BRA-01
2006-01-02,0.0,91.42,AS-BRA-01
2006-01-03,0.0,91.42,AS-BRA-01
2006-01-04,0.0,91.42,AS-BRA-01
2006-01-05,0.0,84.39,AS-BRA-01
2006-01-06,0.0,84.39,AS-BRA-01
2006-01-07,0.0,84.39,AS-BRA-01
2006-01-08,0.0,84.39,AS-BRA-01
2006-01-09,0.0,84.39,AS-BRA-01
2006-01-10,0.0,84.39,AS-BRA-01
2006-01-11,0.0,84.39,AS-BRA-01
2006-01-12,0.0,84.39,AS-BRA-01
2006-01-13,0.0,84.39,AS-BRA-01
2006-01-14,0.1,70.33,AS-BRA-01
2006-01-15,0.0,70.33,AS-BRA-01
2006-01-16,0.0,70.33,AS-BRA-01
2006-01-17,0.0,70.33,AS-BRA-01
2006-01-18,0.0,70.33,AS-BRA-01
2006-01-19,0.7,91.42,AS-BRA-01
2006-01-20,0.1,91.42,AS-BRA-01
2006-01-21,0.0,91.42,AS-BRA-01
2006-01-22,0.0,84.39,AS-BRA-01
2006-01-23,0.0,70.33,AS-BRA-01
2006-01-24,0.0,70.33,AS-BRA-01
2006-01-25,0.0,70.33,AS-BRA-01
2006-01-26,0.0,70.33,AS-BRA-01
2006-01-27,0.0,70.33,AS-BRA-01
2006-01-28,0.0,70.33,AS-BRA-01
2006-01-29,0.0,70.33,AS-BRA-01
2006-01-30,0.0,70.33,AS-BRA-01
2006-01-31,0.0,70.33,AS-BRA-01
2006-02-01,0.0,91.42,AS-BRA-01
2006-02-02,0.0,91.42,AS-BRA-01
2006-02-03,0.0,91.42,AS-BRA-01
2006-02-04,0.4,91.42,AS-BRA-01
2006-02-05,0.0,91.42,AS-BRA-01
2006-02-06,0.0,91.42,AS-BRA-01
2006-02-07,0.0,91.42,AS-BRA-01
2006-02-08,0.0,91.42,AS-BRA-01
2006-02-09,0.0,91.42,AS-BRA-01
2006-02-10,0.0,91.42,AS-BRA-01
2006-02-11,0.0,70.33,AS-BRA-01
2006-02-12,0.0,70.33,AS-BRA-01
2006-02-13,0.0,70.33,AS-BRA-01
2006-02-14,4.1,246.14,AS-BRA-01
2006-02-15,5.3,351.63,AS-BRA-01
2006-02-16,6.5,555.58,AS-BRA-01
2006-02-17,10.0,970.5,AS-BRA-01
2006-02-18,2.6,710.3,AS-BRA-01
2006-02-19,0.0,421.96,AS-BRA-01
2006-02-20,1.5,421.96,AS-BRA-01
2006-02-21,4.8,485.25,AS-BRA-01
2006-02-22,3.4,506.35,AS-BRA-01
2006-02-23,0.7,351.63,AS-BRA-01
2006-02-24,0.5,267.24,AS-BRA-01
2006-02-25,0.1,203.95,AS-BRA-01
2006-02-26,0.2,154.72,AS-BRA-01
2006-02-27,0.0,133.62,AS-BRA-01
2006-02-28,0.0,112.52,AS-BRA-01
2006-03-01,0.0,112.52,AS-BRA-01
2006-03-02,0.0,91.42,AS-BRA-01
2006-03-03,0.0,91.42,AS-BRA-01
2006-03-04,0.0,91.42,AS-BRA-01
2006-03-05,0.0,91.42,AS-BRA-01
2006-03-06,0.0,70.33,AS-BRA-01
2006-03-07,0.0,70.33,AS-BRA-01
2006-03-08,0.0,70.33,AS-BRA-01
2006-03-09,0.0,70.33,AS-BRA-01
2006-03-10,0.0,70.33,AS-BRA-01
2006-03-11,1.1,70.33,AS-BRA-01
2006-03-12,6.0,267.24,AS-BRA-01
2006-03-13,0.2,267.24,AS-BRA-01
2006-03-14,0.0,182.85,AS-BRA-01
2006-03-15,0.0,133.62,AS-BRA-01
2006-03-16,1.5,133.62,AS-BRA-01
2006-03-17,0.1,112.52,AS-BRA-01
2006-03-18,0.0,91.42,AS-BRA-01
2006-03-19,0.0,91.42,AS-BRA-01
2006-03-20,0.0,70.33,AS-BRA-01
2006-03-21,0.1,70.33,AS-BRA-01
2006-03-22,0.0,70.33,AS-BRA-01
2006-03-23,0.0,70.33,AS-BRA-01
2006-03-24,0.0,70.33,AS-BRA-01
2006-03-25,0.0,70.33,AS-BRA-01
2006-03-26,0.0,49.23,AS-BRA-01
2006-03-27,0.0,49.23,AS-BRA-01
2006-03-28,0.0,49.23,AS-BRA-01
2006-03-29,0.0,49.23,AS-BRA-01
2006-03-30,0.0,49.23,AS-BRA-01
2006-03-31,0.0,49.23,AS-BRA-01
2006-04-01,0.4,49.23,AS-BRA-01
2006-04-02,5.2,154.72,AS-BRA-01
2006-04-03,8.1,421.96,AS-BRA-01
2006-04-04,10.9,928.31,AS-BRA-01
2006-04-05,5.4,1033.8,AS-BRA-01
2006-04-06,8.7,1188.52,AS-BRA-01
2006-04-07,6.4,949.41,AS-BRA-01
2006-04-08,5.8,794.69,AS-BRA-01
2006-04-09,11.9,1167.42,AS-BRA-01
2006-04-10,34.9,3122.49,AS-BRA-01
2006-04-11,2.0,1744.1,AS-BRA-01
2006-04-12,0.0,794.69,AS-BRA-01
2006-04-13,0.1,421.96,AS-BRA-01
2006-04-14,0.0,267.24,AS-BRA-01
2006-04-15,0.0,182.85,AS-BRA-01
2006-04-16,0.0,133.62,AS-BRA-01
2006-04-17,25.1,1694.87,AS-BRA-01
2006-04-18,8.0,2798.99,AS-BRA-01
2006-04-19,7.2,2095.73,AS-BRA-01
2006-04-20,0.9,1104.13,AS-BRA-01
2006-04-21,0.3,576.68,AS-BRA-01
2006-04-22,3.3,464.15,AS-BRA-01
2006-04-23,1.7,337.57,AS-BRA-01
2006-04-24,8.7,485.25,AS-BRA-01
2006-04-25,9.3,724.36,AS-BRA-01
2006-04-26,11.6,1272.91,AS-BRA-01
2006-04-27,11.9,1427.63,AS-BRA-01
2006-04-28,0.0,836.88,AS-BRA-01
2006-04-29,0.0,443.06,AS-BRA-01
2006-04-30,0.0,267.24,AS-BRA-01
2006-05-01,2.9,225.04,AS-BRA-01
2006-05-02,2.4,225.04,AS-BRA-01
2006-05-03,6.9,464.15,AS-BRA-01
2006-05-04,5.7,576.68,AS-BRA-01
2006-05-05,10.8,928.31,AS-BRA-01
2006-05-06,24.3,2004.3,AS-BRA-01
2006-05-07,0.7,1209.61,AS-BRA-01
2006-05-08,0.6,618.87,AS-BRA-01
2006-05-09,17.7,1497.95,AS-BRA-01
2006-05-10,35.5,5161.96,AS-BRA-01
2006-05-11,11.2,3607.75,AS-BRA-01
2006-05-12,6.2,2201.22,AS-BRA-01
2006-05-13,20.8,2728.67,AS-BRA-01
2006-05-14,8.6,2222.32,AS-BRA-01
2006-05-15,0.0,1322.14,AS-BRA-01
2006-05-16,0.0,815.79,AS-BRA-01
2006-05-17,0.0,576.68,AS-BRA-01
2006-05-18,0.0,400.86,AS-BRA-01
2006-05-19,1.6,309.44,AS-BRA-01
2006-05-20,2.5,351.63,AS-BRA-01
2006-05-21,0.0,288.34,AS-BRA-01
2006-05-22,0.9,225.04,AS-BRA-01
2006-05-23,1.0,182.85,AS-BRA-01
2006-05-24,0.3,133.62,AS-BRA-01
2006-05-25,20.3,1322.14,AS-BRA-01
2006-05-26,23.1,3038.1,AS-BRA-01
2006-05-27,100.2,27490.61,AS-BRA-01
2006-05-28,27.5,15633.57,AS-BRA-01
2006-05-29,4.1,8242.26,AS-BRA-01
2006-05-30,8.8,5478.43,AS-BRA-01
2006-05-31,11.8,4472.76,AS-BRA-01
2006-06-01,13.9,4029.71,AS-BRA-01
2006-06-02,1.0,2925.58,AS-BRA-01
2006-06-03,2.2,2580.98,AS-BRA-01
2006-06-04,0.9,2222.32,AS-BRA-01
2006-06-05,7.4,3565.55,AS-BRA-01
2006-06-06,12.0,4261.78,AS-BRA-01
2006-06-07,7.3,4332.11,AS-BRA-01
2006-06-08,10.7,4557.15,AS-BRA-01
2006-06-09,11.1,4311.01,AS-BRA-01
2006-06-10,21.9,8460.27,AS-BRA-01
2006-06-11,11.1,6216.86,AS-BRA-01
2006-06-12,7.0,4536.06,AS-BRA-01
2006-06-13,5.6,3607.75,AS-BRA-01
2006-06-14,2.9,3017.0,AS-BRA-01
2006-06-15,3.1,2707.57,AS-BRA-01
2006-06-16,5.8,2658.34,AS-BRA-01
2006-06-17,13.0,2988.87,AS-BRA-01
2006-06-18,1.5,2552.85,AS-BRA-01
2006-06-19,7.5,2616.14,AS-BRA-01
2006-06-20,37.3,5844.13,AS-BRA-01
2006-06-21,25.5,6891.99,AS-BRA-01
2006-06-22,12.2,6153.56,AS-BRA-01
2006-06-23,12.5,5569.85,AS-BRA-01
2006-06-24,9.8,5478.43,AS-BRA-01
2006-06-25,19.0,6167.63,AS-BRA-01
2006-06-26,26.1,7686.68,AS-BRA-01
2006-06-27,12.8,6870.89,AS-BRA-01
2006-06-28,8.9,6315.31,AS-BRA-01
2006-06-29,13.1,6118.4,AS-BRA-01
2006-06-30,7.4,5633.15,AS-BRA-01
2006-07-01,2.1,4472.76,AS-BRA-01
2006-07-02,1.3,3671.04,AS-BRA-01
2006-07-03,28.2,8790.81,AS-BRA-01
2006-07-04,4.3,7074.84,AS-BRA-01
2006-07-05,0.7,5091.63,AS-BRA-01
2006-07-06,13.4,5260.42,AS-BRA-01
2006-07-07,16.0,6709.14,AS-BRA-01
2006-07-08,32.8,13038.52,AS-BRA-01
2006-07-09,23.4,15296.0,AS-BRA-01
2006-07-10,11.2,11716.39,AS-BRA-01
2006-07-11,28.1,15070.96,AS-BRA-01
2006-07-12,6.7,11034.22,AS-BRA-01
2006-07-13,12.2,10548.97,AS-BRA-01
2006-07-14,11.3,9416.71,AS-BRA-01
2006-07-15,13.7,11203.0,AS-BRA-01
2006-07-16,49.1,15753.12,AS-BRA-01
2006-07-17,2.6,10872.47,AS-BRA-01
2006-07-18,20.4,12039.89,AS-BRA-01
2006-07-19,40.9,21639.45,AS-BRA-01
2006-07-20,45.0,29037.79,AS-BRA-01
2006-07-21,8.3,18629.48,AS-BRA-01
2006-07-22,0.2,12468.88,AS-BRA-01
2006-07-23,0.8,9880.87,AS-BRA-01
2006-07-24,6.5,9269.03,AS-BRA-01
2006-07-25,11.0,9346.38,AS-BRA-01
2006-07-26,44.0,15070.96,AS-BRA-01
2006-07-27,19.0,14782.62,AS-BRA-01
2006-07-28,3.1,10816.21,AS-BRA-01
2006-07-29,7.0,9036.95,AS-BRA-01
2006-07-30,6.7,8439.17,AS-BRA-01
2006-07-31,10.0,8368.85,AS-BRA-01
2006-08-01,5.9,7707.78,AS-BRA-01
2006-08-02,79.1,17490.19,AS-BRA-01
2006-08-03,51.2,24691.62,AS-BRA-01
2006-08-04,20.3,17574.58,AS-BRA-01
2006-08-05,5.1,12103.18,AS-BRA-01
2006-08-06,1.1,9367.48,AS-BRA-01
2006-08-07,2.1,8178.97,AS-BRA-01
2006-08-08,0.0,7201.43,AS-BRA-01
2006-08-09,1.3,6505.2,AS-BRA-01
2006-08-10,11.5,7278.79,AS-BRA-01
2006-08-11,24.7,8010.18,AS-BRA-01
2006-08-12,25.7,13066.65,AS-BRA-01
2006-08-13,15.7,12623.6,AS-BRA-01
2006-08-14,9.6,9979.32,AS-BRA-01
2006-08-15,0.1,7651.52,AS-BRA-01
2006-08-16,10.0,6906.06,AS-BRA-01
2006-08-17,2.6,6385.64,AS-BRA-01
2006-08-18,1.2,6019.94,AS-BRA-01
2006-08-19,1.2,5379.97,AS-BRA-01
2006-08-20,0.9,4803.3,AS-BRA-01
2006-08-21,19.6,5942.58,AS-BRA-01
2006-08-22,24.7,8523.57,AS-BRA-01
2006-08-23,19.0,12011.76,AS-BRA-01
2006-08-24,16.8,11744.52,AS-BRA-01
2006-08-25,13.6,11716.39,AS-BRA-01
2006-08-26,22.9,13727.72,AS-BRA-01
2006-08-27,19.8,12342.29,AS-BRA-01
2006-08-28,28.6,11456.18,AS-BRA-01
2006-08-29,15.0,11716.39,AS-BRA-01
2006-08-30,1.0,8790.81,AS-BRA-01
2006-08-31,2.9,7187.36,AS-BRA-01
2006-09-01,1.0,6118.4,AS-BRA-01
2006-09-02,0.4,5408.1,AS-BRA-01
2006-09-03,7.4,5689.41,AS-BRA-01
2006-09-04,0.4,5077.57,AS-BRA-01
2006-09-05,0.1,4493.86,AS-BRA-01
2006-09-06,1.3,4093.0,AS-BRA-01
2006-09-07,5.5,4093.0,AS-BRA-01
2006-09-08,13.7,4887.69,AS-BRA-01
2006-09-09,6.8,4859.56,AS-BRA-01
2006-09-10,13.5,5647.21,AS-BRA-01
2006-09-11,10.9,5555.79,AS-BRA-01
2006-09-12,61.0,11231.13,AS-BRA-01
2006-09-13,7.6,8544.66,AS-BRA-01
2006-09-14,6.4,6786.5,AS-BRA-01
2006-09-15,1.1,5330.74,AS-BRA-01
2006-09-16,3.5,4831.43,AS-BRA-01
2006-09-17,0.8,4240.68,AS-BRA-01
2006-09-18,0.3,3727.3,AS-BRA-01
2006-09-19,11.4,3966.41,AS-BRA-01
2006-09-20,18.8,4676.71,AS-BRA-01
2006-09-21,13.1,5408.1,AS-BRA-01
2006-09-22,24.0,9226.83,AS-BRA-01
2006-09-23,33.4,11807.81,AS-BRA-01
2006-09-24,0.3,7792.17,AS-BRA-01
2006-09-25,0.2,5612.05,AS-BRA-01
2006-09-26,1.1,4620.45,AS-BRA-01
2006-09-27,0.8,3994.54,AS-BRA-01
2006-09-28,9.7,4261.78,AS-BRA-01
2006-09-29,4.7,4156.29,AS-BRA-01
2006-09-30,13.1,4901.75,AS-BRA-01
2006-10-01,7.8,4479.79,AS-BRA-01
2006-10-02,2.5,3783.56,AS-BRA-01
2006-10-03,1.6,3235.02,AS-BRA-01
2006-10-04,6.5,3263.15,AS-BRA-01
2006-10-05,0.8,2918.55,AS-BRA-01
2006-10-06,0.2,2566.92,AS-BRA-01
2006-10-07,0.4,2292.64,AS-BRA-01
2006-10-08,0.0,2088.7,AS-BRA-01
2006-10-09,0.0,1898.81,AS-BRA-01
2006-10-10,1.9,1793.32,AS-BRA-01
2006-10-11,1.9,1723.0,AS-BRA-01
2006-10-12,3.9,1701.9,AS-BRA-01
2006-10-13,0.4,1554.21,AS-BRA-01
2006-10-14,1.3,1399.5,AS-BRA-01
2006-10-15,1.5,1286.97,AS-BRA-01
2006-10-16,1.2,1181.48,AS-BRA-01
2006-10-17,0.1,1068.96,AS-BRA-01
2006-10-18,0.0,956.44,AS-BRA-01
2006-10-19,1.2,857.98,AS-BRA-01
2006-10-20,1.8,801.72,AS-BRA-01
2006-10-21,4.2,822.82,AS-BRA-01
2006-10-22,0.1,752.49,AS-BRA-01
2006-10-23,0.0,647.0,AS-BRA-01
2006-10-24,0.1,548.55,AS-BRA-01
2006-10-25,0.0,471.19,AS-BRA-01
2006-10-26,0.1,393.83,AS-BRA-01
2006-10-27,0.0,330.53,AS-BRA-01
2006-10-28,0.0,267.24,AS-BRA-01
2006-10-29,0.0,218.01,AS-BRA-01
2006-10-30,0.0,189.88,AS-BRA-01
2006-10-31,0.0,182.85,AS-BRA-01
2006-11-01,0.0,168.78,AS-BRA-01
2006-11-02,0.0,161.75,AS-BRA-01
2006-11-03,0.0,154.72,AS-BRA-01
2006-11-04,0.0,154.72,AS-BRA-01
2006-11-05,0.0,154.72,AS-BRA-01
2006-11-06,0.0,147.69,AS-BRA-01
2006-11-07,1.1,147.69,AS-BRA-01
2006-11-08,0.5,147.69,AS-BRA-01
2006-11-09,2.8,182.85,AS-BRA-01
2006-11-10,10.9,808.75,AS-BRA-01
2006-11-11,0.1,696.23,AS-BRA-01
2006-11-12,0.0,436.02,AS-BRA-01
2006-11-13,0.0,302.4,AS-BRA-01
2006-11-14,0.0,246.14,AS-BRA-01
2006-11-15,0.0,203.95,AS-BRA-01
2006-11-16,0.8,182.85,AS-BRA-01
2006-11-17,0.1,175.82,AS-BRA-01
2006-11-18,0.1,161.75,AS-BRA-01
2006-11-19,2.7,239.11,AS-BRA-01
2006-11-20,1.0,309.44,AS-BRA-01
2006-11-21,0.1,281.31,AS-BRA-01
2006-11-22,0.9,358.66,AS-BRA-01
2006-11-23,0.3,323.5,AS-BRA-01
2006-11-24,0.6,253.18,AS-BRA-01
2006-11-25,0.0,210.98,AS-BRA-01
2006-11-26,0.0,189.88,AS-BRA-01
2006-11-27,0.0,168.78,AS-BRA-01
2006-11-28,0.0,154.72,AS-BRA-01
2006-11-29,0.0,147.69,AS-BRA-01
2006-11-30,0.0,147.69,AS-BRA-01
2006-12-01,0.0,126.59,AS-BRA-01
2006-12-02,0.0,112.52,AS-BRA-01
2006-12-03,0.0,105.49,AS-BRA-01
2006-12-04,0.0,105.49,AS-BRA-01
2006-12-05,0.0,105.49,AS-BRA-01
2006-12-06,0.0,91.42,AS-BRA-01
2006-12-07,0.0,91.42,AS-BRA-01
2006-12-08,0.0,91.42,AS-BRA-01
2006-12-09,0.0,91.42,AS-BRA-01
2006-12-10,0.0,91.42,AS-BRA-01
2006-12-11,0.1,91.42,AS-BRA-01
2006-12-12,4.7,337.57,AS-BRA-01
2006-12-13,0.9,351.63,AS-BRA-01
2006-12-14,0.0,253.18,AS-BRA-01
2006-12-15,0.0,189.88,AS-BRA-01
2006-12-16,0.0,154.72,AS-BRA-01
2006-12-17,0.0,133.62,AS-BRA-01
2006-12-18,0.0,112.52,AS-BRA-01
2006-12-19,0.0,105.49,AS-BRA-01
2006-12-20,0.0,105.49,AS-BRA-01
2006-12-21,0.0,91.42,AS-BRA-01
2006-12-22,0.0,91.42,AS-BRA-01
2006-12-23,0.0,84.39,AS-BRA-01
2006-12-24,0.0,84.39,AS-BRA-01
2006-12-25,0.0,84.39,AS-BRA-01
2006-12-26,0.0,84.39,AS-BRA-01
2006-12-27,0.0,84.39,AS-BRA-01
2006-12-28,0.0,84.39,AS-BRA-01
2006-12-29,0.0,70.33,AS-BRA-01
2006-12-30,0.0,70.33,AS-BRA-01
2006-12-31,0.0,70.33,AS-BRA-01
2007-01-01,0.3,70.33,AS-BRA-01
2007-01-02,0.5,91.42,AS-BRA-01
2007-01-03,0.0,91.42,AS-BRA-01
2007-01-04,0.0,91.42,AS-BRA-01
2007-01-05,0.0,84.39,AS-BRA-01
2007-01-06,0.0,84.39,AS-BRA-01
2007-01-07,0.0,70.33,AS-BRA-01
2007-01-08,0.2,70.33,AS-BRA-01
2007-01-09,0.0,70.33,AS-BRA-01
2007-01-10,0.0,56.26,AS-BRA-01
2007-01-11,0.0,56.26,AS-BRA-01
2007-01-12,0.0,56.26,AS-BRA-01
2007-01-13,0.0,56.26,AS-BRA-01
2007-01-14,0.0,56.26,AS-BRA-01
2007-01-15,0.0,56.26,AS-BRA-01
2007-01-16,0.0,49.23,AS-BRA-01
2007-01-17,0.0,49.23,AS-BRA-01
2007-01-18,0.0,49.23,AS-BRA-01
2007-01-19,0.0,49.23,AS-BRA-01
2007-01-20,0.0,49.23,AS-BRA-01
2007-01-21,0.0,49.23,AS-BRA-01
2007-01-22,0.0,49.23,AS-BRA-01
2007-01-23,0.0,49.23,AS-BRA-01
2007-01-24,0.0,49.23,AS-BRA-01
2007-01-25,0.0,49.23,AS-BRA-01
2007-01-26,0.0,35.16,AS-BRA-01
2007-01-27,0.0,35.16,AS-BRA-01
2007-01-28,0.0,35.16,AS-BRA-01
2007-01-29,0.0,35.16,AS-BRA-01
2007-01-30,0.1,56.26,AS-BRA-01
2007-01-31,12.0,724.36,AS-BRA-01
2007-02-01,0.7,618.87,AS-BRA-01
2007-02-02,0.0,365.7,AS-BRA-01
2007-02-03,0.4,246.14,AS-BRA-01
2007-02-04,1.7,288.34,AS-BRA-01
2007-02-05,4.8,520.42,AS-BRA-01
2007-02-06,0.3,407.89,AS-BRA-01
2007-02-07,5.6,527.45,AS-BRA-01
2007-02-08,7.4,724.36,AS-BRA-01
2007-02-09,0.0,499.32,AS-BRA-01
2007-02-10,0.0,302.4,AS-BRA-01
2007-02-11,0.1,203.95,AS-BRA-01
2007-02-12,0.2,147.69,AS-BRA-01
2007-02-13,11.1,991.6,AS-BRA-01
2007-02-14,7.0,1462.79,AS-BRA-01
2007-02-15,0.1,893.15,AS-BRA-01
2007-02-16,1.1,541.51,AS-BRA-01
2007-02-17,0.5,337.57,AS-BRA-01
2007-02-18,0.3,225.04,AS-BRA-01
2007-02-19,0.0,154.72,AS-BRA-01
2007-02-20,0.4,126.59,AS-BRA-01
2007-02-21,0.0,105.49,AS-BRA-01
2007-02-22,0.0,91.42,AS-BRA-01
2007-02-23,0.0,84.39,AS-BRA-01
2007-02-24,0.0,70.33,AS-BRA-01
2007-02-25,3.3,203.95,AS-BRA-01
2007-02-26,0.8,225.04,AS-BRA-01
2007-02-27,0.9,182.85,AS-BRA-01
2007-02-28,0.0,133.62,AS-BRA-01
2007-03-01,0.9,126.59,AS-BRA-01
2007-03-02,6.5,302.4,AS-BRA-01
2007-03-03,0.4,267.24,AS-BRA-01
2007-03-04,0.0,189.88,AS-BRA-01
2007-03-05,0.4,133.62,AS-BRA-01
2007-03-06,0.1,112.52,AS-BRA-01
2007-03-07,0.0,91.42,AS-BRA-01
2007-03-08,0.0,84.39,AS-BRA-01
2007-03-09,0.0,70.33,AS-BRA-01
2007-03-10,0.0,56.26,AS-BRA-01
2007-03-11,0.0,56.26,AS-BRA-01
2007-03-12,0.0,56.26,AS-BRA-01
2007-03-13,0.0,49.23,AS-BRA-01
2007-03-14,0.1,49.23,AS-BRA-01
2007-03-15,0.0,49.23,AS-BRA-01
2007-03-16,0.0,49.23,AS-BRA-01
2007-03-17,0.0,49.23,AS-BRA-01
2007-03-18,0.0,35.16,AS-BRA-01
2007-03-19,0.0,49.23,AS-BRA-01
2007-03-20,0.0,49.23,AS-BRA-01
2007-03-21,2.1,70.33,AS-BRA-01
2007-03-22,16.6,1582.35,AS-BRA-01
2007-03-23,3.0,1476.86,AS-BRA-01
2007-03-24,1.2,857.98,AS-BRA-01
2007-03-25,0.2,464.15,AS-BRA-01
2007-03-26,0.0,267.24,AS-BRA-01
2007-03-27,0.0,182.85,AS-BRA-01
2007-03-28,0.0,112.52,AS-BRA-01
2007-03-29,0.0,91.42,AS-BRA-01
2007-03-30,0.0,70.33,AS-BRA-01
2007-03-31,0.0,70.33,AS-BRA-01
2007-04-01,0.0,70.33,AS-BRA-01
2007-04-02,0.2,70.33,AS-BRA-01
2007-04-03,0.3,70.33,AS-BRA-01
2007-04-04,1.3,70.33,AS-BRA-01
2007-04-05,9.1,506.35,AS-BRA-01
2007-04-06,32.8,2468.46,AS-BRA-01
2007-04-07,17.2,2468.46,AS-BRA-01
2007-04-08,23.1,2946.68,AS-BRA-01
2007-04-09,11.6,2468.46,AS-BRA-01
2007-04-10,22.6,2974.81,AS-BRA-01
2007-04-11,10.3,2440.33,AS-BRA-01
2007-04-12,0.0,1364.33,AS-BRA-01
2007-04-13,0.0,773.59,AS-BRA-01
2007-04-14,0.0,485.25,AS-BRA-01
2007-04-15,0.3,337.57,AS-BRA-01
2007-04-16,9.6,618.87,AS-BRA-01
2007-04-17,4.9,639.97,AS-BRA-01
2007-04-18,0.6,443.06,AS-BRA-01
2007-04-19,1.5,379.76,AS-BRA-01
2007-04-20,22.1,1582.35,AS-BRA-01
2007-04-21,15.0,2004.3,AS-BRA-01
2007-04-22,4.9,1343.24,AS-BRA-01
2007-04-23,9.3,1301.04,AS-BRA-01
2007-04-24,27.4,2770.86,AS-BRA-01
2007-04-25,12.2,2285.61,AS-BRA-01
2007-04-26,10.2,1694.87,AS-BRA-01
2007-04-27,9.7,1610.48,AS-BRA-01
2007-04-28,0.0,1061.93,AS-BRA-01
2007-04-29,0.6,661.07,AS-BRA-01
2007-04-30,0.0,443.06,AS-BRA-01
2007-05-01,0.2,337.57,AS-BRA-01
2007-05-02,0.0,246.14,AS-BRA-01
2007-05-03,0.1,182.85,AS-BRA-01
2007-05-04,0.7,154.72,AS-BRA-01
2007-05-05,0.4,133.62,AS-BRA-01
2007-05-06,0.6,112.52,AS-BRA-01
2007-05-07,15.5,794.69,AS-BRA-01
2007-05-08,26.5,3361.6,AS-BRA-01
2007-05-09,30.7,4634.51,AS-BRA-01
2007-05-10,12.5,3846.86,AS-BRA-01
2007-05-11,13.7,3235.02,AS-BRA-01
2007-05-12,4.4,2440.33,AS-BRA-01
2007-05-13,6.3,2053.53,AS-BRA-01
2007-05-14,4.6,1912.88,AS-BRA-01
2007-05-15,12.4,2616.14,AS-BRA-01
2007-05-16,1.8,1849.59,AS-BRA-01
2007-05-17,1.7,1343.24,AS-BRA-01
2007-05-18,11.8,2137.92,AS-BRA-01
2007-05-19,15.6,2841.19,AS-BRA-01
2007-05-20,11.4,2904.48,AS-BRA-01
2007-05-21,5.4,2355.94,AS-BRA-01
2007-05-22,27.0,4859.56,AS-BRA-01
2007-05-23,6.9,3586.65,AS-BRA-01
2007-05-24,2.8,2510.65,AS-BRA-01
2007-05-25,2.9,1912.88,AS-BRA-01
2007-05-26,8.9,1891.78,AS-BRA-01
2007-05-27,4.9,1744.1,AS-BRA-01
2007-05-28,3.1,1519.05,AS-BRA-01
2007-05-29,3.3,1385.43,AS-BRA-01
2007-05-30,5.8,1406.53,AS-BRA-01
2007-05-31,7.3,1582.35,AS-BRA-01
2007-06-01,4.3,1540.15,AS-BRA-01
2007-06-02,3.7,1497.95,AS-BRA-01
2007-06-03,5.0,1455.76,AS-BRA-01
2007-06-04,1.0,1188.52,AS-BRA-01
2007-06-05,13.0,2749.76,AS-BRA-01
2007-06-06,18.6,4050.8,AS-BRA-01
2007-06-07,15.7,4374.3,AS-BRA-01
2007-06-08,33.9,8136.77,AS-BRA-01
2007-06-09,91.1,20971.35,AS-BRA-01
2007-06-10,68.1,34122.39,AS-BRA-01
2007-06-11,44.2,34938.18,AS-BRA-01
2007-06-12,0.6,17834.79,AS-BRA-01
2007-06-13,16.4,12497.01,AS-BRA-01
2007-06-14,9.6,10211.4,AS-BRA-01
2007-06-15,28.5,12876.77,AS-BRA-01
2007-06-16,33.3,14599.77,AS-BRA-01
2007-06-17,6.2,11090.48,AS-BRA-01
2007-06-18,9.1,9086.18,AS-BRA-01
2007-06-19,6.7,8031.28,AS-BRA-01
2007-06-20,6.8,7356.15,AS-BRA-01
2007-06-21,23.9,9683.95,AS-BRA-01
2007-06-22,5.6,8178.97,AS-BRA-01
2007-06-23,12.6,8586.86,AS-BRA-01
2007-06-24,6.5,7953.92,AS-BRA-01
2007-06-25,6.7,7110.0,AS-BRA-01
2007-06-26,5.1,6519.26,AS-BRA-01
2007-06-27,12.5,6800.57,AS-BRA-01
2007-06-28,15.3,6948.25,AS-BRA-01
2007-06-29,15.0,8052.38,AS-BRA-01
2007-06-30,23.6,11716.39,AS-BRA-01
2007-07-01,21.2,12940.07,AS-BRA-01
2007-07-02,20.1,12686.89,AS-BRA-01
2007-07-03,6.4,9655.82,AS-BRA-01
2007-07-04,7.0,9086.18,AS-BRA-01
2007-07-05,6.2,7468.67,AS-BRA-01
2007-07-06,39.1,12131.31,AS-BRA-01
2007-07-07,28.8,15985.2,AS-BRA-01
2007-07-08,6.9,12039.89,AS-BRA-01
2007-07-09,9.8,10056.68,AS-BRA-01
2007-07-10,12.8,10007.45,AS-BRA-01
2007-07-11,12.6,9508.14,AS-BRA-01
2007-07-12,5.3,8242.26,AS-BRA-01
2007-07-13,14.1,7869.53,AS-BRA-01
2007-07-14,18.9,9177.6,AS-BRA-01
2007-07-15,61.0,15830.48,AS-BRA-01
2007-07-16,31.9,17574.58,AS-BRA-01
2007-07-17,14.6,14965.47,AS-BRA-01
2007-07-18,14.1,13868.38,AS-BRA-01
2007-07-19,8.2,11716.39,AS-BRA-01
2007-07-20,7.8,10654.46,AS-BRA-01
2007-07-21,34.5,14965.47,AS-BRA-01
2007-07-22,13.2,13530.81,AS-BRA-01
2007-07-23,29.2,20767.4,AS-BRA-01
2007-07-24,18.2,16990.87,AS-BRA-01
2007-07-25,48.9,23763.31,AS-BRA-01
2007-07-26,20.6,21639.45,AS-BRA-01
2007-07-27,31.3,19178.02,AS-BRA-01
2007-07-28,8.1,14599.77,AS-BRA-01
2007-07-29,12.0,12595.47,AS-BRA-01
2007-07-30,16.8,12778.32,AS-BRA-01
2007-07-31,20.6,12841.61,AS-BRA-01
2007-08-01,23.1,14388.79,AS-BRA-01
2007-08-02,4.2,11744.52,AS-BRA-01
2007-08-03,2.8,9852.74,AS-BRA-01
2007-08-04,3.8,8945.52,AS-BRA-01
2007-08-05,0.0,8031.28,AS-BRA-01
2007-08-06,47.3,13362.02,AS-BRA-01
2007-08-07,7.4,11660.12,AS-BRA-01
2007-08-08,0.6,9198.7,AS-BRA-01
2007-08-09,0.4,7792.17,AS-BRA-01
2007-08-10,2.6,7039.68,AS-BRA-01
2007-08-11,41.8,10788.08,AS-BRA-01
2007-08-12,29.1,13298.73,AS-BRA-01
2007-08-13,14.9,11259.26,AS-BRA-01
2007-08-14,55.3,19318.67,AS-BRA-01
2007-08-15,35.7,22757.64,AS-BRA-01
2007-08-16,33.3,20472.03,AS-BRA-01
2007-08-17,11.8,14965.47,AS-BRA-01
2007-08-18,17.7,13165.11,AS-BRA-01
2007-08-19,27.3,13165.11,AS-BRA-01
2007-08-20,3.8,10682.59,AS-BRA-01
2007-08-21,8.3,9536.27,AS-BRA-01
2007-08-22,10.3,8994.75,AS-BRA-01
2007-08-23,10.7,8678.28,AS-BRA-01
2007-08-24,6.7,8178.97,AS-BRA-01
2007-08-25,3.8,7489.77,AS-BRA-01
2007-08-26,18.7,8945.52,AS-BRA-01
2007-08-27,13.7,10183.27,AS-BRA-01
2007-08-28,6.5,8854.1,AS-BRA-01
2007-08-29,26.2,11484.31,AS-BRA-01
2007-08-30,7.5,9655.82,AS-BRA-01
2007-08-31,11.3,8502.47,AS-BRA-01
2007-09-01,11.0,9015.85,AS-BRA-01
2007-09-02,6.4,8010.18,AS-BRA-01
2007-09-03,16.9,8994.75,AS-BRA-01
2007-09-04,42.8,17405.8,AS-BRA-01
2007-09-05,53.0,23031.91,AS-BRA-01
2007-09-06,98.9,36112.63,AS-BRA-01
2007-09-07,45.3,43004.62,AS-BRA-01
2007-09-08,45.6,40929.99,AS-BRA-01
2007-09-09,5.5,24332.95,AS-BRA-01
2007-09-10,5.4,17532.38,AS-BRA-01
2007-09-11,2.1,14494.28,AS-BRA-01
2007-09-12,2.2,12778.32,AS-BRA-01
2007-09-13,17.7,14747.46,AS-BRA-01
2007-09-14,39.8,19740.63,AS-BRA-01
2007-09-15,7.1,15260.84,AS-BRA-01
2007-09-16,10.5,14072.32,AS-BRA-01
2007-09-17,0.9,11716.39,AS-BRA-01
2007-09-18,2.2,10366.12,AS-BRA-01
2007-09-19,0.5,9346.38,AS-BRA-01
2007-09-20,0.0,8523.57,AS-BRA-01
2007-09-21,0.0,7869.53,AS-BRA-01
2007-09-22,0.0,7299.89,AS-BRA-01
2007-09-23,0.0,6786.5,AS-BRA-01
2007-09-24,1.3,6336.41,AS-BRA-01
2007-09-25,0.5,5970.72,AS-BRA-01
2007-09-26,0.3,5583.92,AS-BRA-01
2007-09-27,1.0,5394.04,AS-BRA-01
2007-09-28,2.3,5675.34,AS-BRA-01
2007-09-29,15.0,6997.48,AS-BRA-01
2007-09-30,10.4,6519.26,AS-BRA-01
2007-10-01,1.5,5464.36,AS-BRA-01
2007-10-02,5.9,5119.77,AS-BRA-01
2007-10-03,3.1,4690.77,AS-BRA-01
2007-10-04,4.2,4458.7,AS-BRA-01
2007-10-05,0.0,3994.54,AS-BRA-01
2007-10-06,0.2,3600.71,AS-BRA-01
2007-10-07,15.3,4247.72,AS-BRA-01
2007-10-08,22.4,6266.09,AS-BRA-01
2007-10-09,29.6,8221.16,AS-BRA-01
2007-10-10,9.5,6434.87,AS-BRA-01
2007-10-11,0.0,4803.3,AS-BRA-01
2007-10-12,0.1,4015.64,AS-BRA-01
2007-10-13,5.3,4001.57,AS-BRA-01
2007-10-14,13.4,4768.13,AS-BRA-01
2007-10-15,4.3,4325.08,AS-BRA-01
2007-10-16,5.3,7356.15,AS-BRA-01
2007-10-17,6.8,7131.1,AS-BRA-01
2007-10-18,0.3,5204.16,AS-BRA-01
2007-10-19,0.2,4093.0,AS-BRA-01
2007-10-20,0.0,3481.16,AS-BRA-01
2007-10-21,0.7,3094.36,AS-BRA-01
2007-10-22,0.2,2798.99,AS-BRA-01
2007-10-23,0.0,2545.82,AS-BRA-01
2007-10-24,0.0,2320.77,AS-BRA-01
2007-10-25,0.0,2123.86,AS-BRA-01
2007-10-26,0.0,1933.98,AS-BRA-01
2007-10-27,0.4,1772.23,AS-BRA-01
2007-10-28,0.0,1624.54,AS-BRA-01
2007-10-29,0.0,1483.89,AS-BRA-01
2007-10-30,0.0,1357.3,AS-BRA-01
2007-10-31,0.0,1237.75,AS-BRA-01
2007-11-01,0.0,1104.13,AS-BRA-01
2007-11-02,0.0,998.64,AS-BRA-01
2007-11-03,0.0,900.18,AS-BRA-01
2007-11-04,0.2,808.75,AS-BRA-01
2007-11-05,0.8,724.36,AS-BRA-01
2007-11-06,0.1,661.07,AS-BRA-01
2007-11-07,0.3,583.71,AS-BRA-01
2007-11-08,0.3,520.42,AS-BRA-01
2007-11-09,0.0,450.09,AS-BRA-01
2007-11-10,1.1,386.8,AS-BRA-01
2007-11-11,1.2,337.57,AS-BRA-01
2007-11-12,0.0,295.37,AS-BRA-01
2007-11-13,0.0,246.14,AS-BRA-01
2007-11-14,0.0,203.95,AS-BRA-01
2007-11-15,12.6,1582.35,AS-BRA-01
2007-11-16,34.4,6167.63,AS-BRA-01
2007-11-17,0.0,3783.56,AS-BRA-01
2007-11-18,0.0,2215.28,AS-BRA-01
2007-11-19,0.0,1512.02,AS-BRA-01
2007-11-20,0.0,1139.29,AS-BRA-01
2007-11-21,0.0,893.15,AS-BRA-01
2007-11-22,0.0,724.36,AS-BRA-01
2007-11-23,0.0,597.77,AS-BRA-01
2007-11-24,0.0,485.25,AS-BRA-01
2007-11-25,0.0,386.8,AS-BRA-01
2007-11-26,0.0,323.5,AS-BRA-01
2007-11-27,0.0,281.31,AS-BRA-01
2007-11-28,0.0,253.18,AS-BRA-01
2007-11-29,0.0,246.14,AS-BRA-01
2007-11-30,0.0,232.08,AS-BRA-01
2007-12-01,0.7,210.98,AS-BRA-01
2007-12-02,0.0,189.88,AS-BRA-01
2007-12-03,0.0,189.88,AS-BRA-01
2007-12-04,0.1,182.85,AS-BRA-01
2007-12-05,0.0,182.85,AS-BRA-01
2007-12-06,0.0,168.78,AS-BRA-01
2007-12-07,0.0,168.78,AS-BRA-01
2007-12-08,0.0,154.72,AS-BRA-01
2007-12-09,0.0,154.72,AS-BRA-01
2007-12-10,0.0,154.72,AS-BRA-01
2007-12-11,0.0,154.72,AS-BRA-01
2007-12-12,0.0,147.69,AS-BRA-01
2007-12-13,0.0,147.69,AS-BRA-01
2007-12-14,0.0,147.69,AS-BRA-01
2007-12-15,0.0,147.69,AS-BRA-01
2007-12-16,0.0,133.62,AS-BRA-01
2007-12-17,0.0,133.62,AS-BRA-01
2007-12-18,0.0,133.62,AS-BRA-01
2007-12-19,0.0,133.62,AS-BRA-01
2007-12-20,0.0,133.62,AS-BRA-01
2007-12-21,0.0,126.59,AS-BRA-01
2007-12-22,0.0,126.59,AS-BRA-01
2007-12-23,0.0,126.59,AS-BRA-01
2007-12-24,0.0,126.59,AS-BRA-01
2007-12-25,0.0,126.59,AS-BRA-01
2007-12-26,0.0,126.59,AS-BRA-01
2007-12-27,0.0,126.59,AS-BRA-01
2007-12-28,0.0,112.52,AS-BRA-01
2007-12-29,0.0,112.52,AS-BRA-01
2007-12-30,0.0,112.52,AS-BRA-01
2007-12-31,0.0,112.52,AS-BRA-01
2008-01-01,0.0,112.52,AS-BRA-01
2008-01-02,0.0,105.49,AS-BRA-01
2008-01-03,0.0,105.49,AS-BRA-01
2008-01-04,0.0,105.49,AS-BRA-01
2008-01-05,0.0,105.49,AS-BRA-01
2008-01-06,0.0,105.49,AS-BRA-01
2008-01-07,0.0,105.49,AS-BRA-01
2008-01-08,0.0,105.49,AS-BRA-01
2008-01-09,0.0,91.42,AS-BRA-01
2008-01-10,0.0,91.42,AS-BRA-01
2008-01-11,0.8,91.42,AS-BRA-01
2008-01-12,0.0,91.42,AS-BRA-01
2008-01-13,0.0,91.42,AS-BRA-01
2008-01-14,0.0,91.42,AS-BRA-01
2008-01-15,0.0,91.42,AS-BRA-01
2008-01-16,0.0,91.42,AS-BRA-01
2008-01-17,0.0,91.42,AS-BRA-01
2008-01-18,0.0,91.42,AS-BRA-01
2008-01-19,0.0,91.42,AS-BRA-01
2008-01-20,0.9,91.42,AS-BRA-01
2008-01-21,0.0,91.42,AS-BRA-01
2008-01-22,0.0,91.42,AS-BRA-01
2008-01-23,13.3,1012.7,AS-BRA-01
2008-01-24,2.1,991.6,AS-BRA-01
2008-01-25,0.0,597.77,AS-BRA-01
2008-01-26,4.0,597.77,AS-BRA-01
2008-01-27,0.2,421.96,AS-BRA-01
2008-01-28,0.0,288.34,AS-BRA-01
2008-01-29,0.0,203.95,AS-BRA-01
2008-01-30,4.7,506.35,AS-BRA-01
2008-01-31,0.2,464.15,AS-BRA-01
2008-02-01,0.0,309.44,AS-BRA-01
2008-02-02,0.0,225.04,AS-BRA-01
2008-02-03,0.0,182.85,AS-BRA-01
2008-02-04,0.0,154.72,AS-BRA-01
2008-02-05,0.0,133.62,AS-BRA-01
2008-02-06,0.0,112.52,AS-BRA-01
2008-02-07,0.0,112.52,AS-BRA-01
2008-02-08,4.3,337.57,AS-BRA-01
2008-02-09,0.4,309.44,AS-BRA-01
2008-02-10,0.0,225.04,AS-BRA-01
2008-02-11,0.0,182.85,AS-BRA-01
2008-02-12,0.0,133.62,AS-BRA-01
2008-02-13,0.0,112.52,AS-BRA-01
2008-02-14,0.0,112.52,AS-BRA-01
2008-02-15,0.0,91.42,AS-BRA-01
2008-02-16,0.1,91.42,AS-BRA-01
2008-02-17,0.0,91.42,AS-BRA-01
2008-02-18,0.0,91.42,AS-BRA-01
2008-02-19,2.5,112.52,AS-BRA-01
2008-02-20,0.0,112.52,AS-BRA-01
2008-02-21,0.0,112.52,AS-BRA-01
2008-02-22,0.0,91.42,AS-BRA-01
2008-02-23,0.0,91.42,AS-BRA-01
2008-02-24,0.5,91.42,AS-BRA-01
2008-02-25,4.1,133.62,AS-BRA-01
2008-02-26,0.0,133.62,AS-BRA-01
2008-02-27,0.1,112.52,AS-BRA-01
2008-02-28,0.0,112.52,AS-BRA-01
2008-02-29,0.0,91.42,AS-BRA-01
2008-03-01,0.0,91.42,AS-BRA-01
2008-03-02,0.0,91.42,AS-BRA-01
2008-03-03,0.0,91.42,AS-BRA-01
2008-03-04,6.8,309.44,AS-BRA-01
2008-03-05,3.5,443.06,AS-BRA-01
2008-03-06,0.0,337.57,AS-BRA-01
2008-03-07,1.2,309.44,AS-BRA-01
2008-03-08,3.8,337.57,AS-BRA-01
2008-03-09,0.0,267.24,AS-BRA-01
2008-03-10,0.0,182.85,AS-BRA-01
2008-03-11,0.0,154.72,AS-BRA-01
2008-03-12,0.1,133.62,AS-BRA-01
2008-03-13,0.0,112.52,AS-BRA-01
2008-03-14,2.2,112.52,AS-BRA-01
2008-03-15,0.0,112.52,AS-BRA-01
2008-03-16,0.3,91.42,AS-BRA-01
2008-03-17,0.6,91.42,AS-BRA-01
2008-03-18,2.1,112.52,AS-BRA-01
2008-03-19,1.3,133.62,AS-BRA-01
2008-03-20,15.4,773.59,AS-BRA-01
2008-03-21,22.8,1891.78,AS-BRA-01
2008-03-22,3.9,1272.91,AS-BRA-01
2008-03-23,0.4,661.07,AS-BRA-01
2008-03-24,1.3,400.86,AS-BRA-01
2008-03-25,1.6,309.44,AS-BRA-01
2008-03-26,4.0,351.63,AS-BRA-01
2008-03-27,0.0,288.34,AS-BRA-01
2008-03-28,0.8,203.95,AS-BRA-01
2008-03-29,1.0,154.72,AS-BRA-01
2008-03-30,6.9,337.57,AS-BRA-01
2008-03-31,0.3,288.34,AS-BRA-01
2008-04-01,7.9,639.97,AS-BRA-01
2008-04-02,11.4,949.41,AS-BRA-01
2008-04-03,5.7,1061.93,AS-BRA-01
2008-04-04,4.8,794.69,AS-BRA-01
2008-04-05,0.0,485.25,AS-BRA-01
2008-04-06,0.0,309.44,AS-BRA-01
2008-04-07,0.0,225.04,AS-BRA-01
2008-04-08,0.0,182.85,AS-BRA-01
2008-04-09,0.0,154.72,AS-BRA-01
2008-04-10,0.0,133.62,AS-BRA-01
2008-04-11,0.0,112.52,AS-BRA-01
2008-04-12,3.6,182.85,AS-BRA-01
2008-04-13,3.7,225.04,AS-BRA-01
2008-04-14,12.5,710.3,AS-BRA-01
2008-04-15,3.5,639.97,AS-BRA-01
2008-04-16,3.0,485.25,AS-BRA-01
2008-04-17,7.9,661.07,AS-BRA-01
2008-04-18,5.6,639.97,AS-BRA-01
2008-04-19,0.2,421.96,AS-BRA-01
2008-04-20,0.0,288.34,AS-BRA-01
2008-04-21,0.0,203.95,AS-BRA-01
2008-04-22,0.0,154.72,AS-BRA-01
2008-04-23,0.2,133.62,AS-BRA-01
2008-04-24,1.6,133.62,AS-BRA-01
2008-04-25,2.6,182.85,AS-BRA-01
2008-04-26,3.0,225.04,AS-BRA-01
2008-04-27,3.0,246.14,AS-BRA-01
2008-04-28,5.4,337.57,AS-BRA-01
2008-04-29,8.4,506.35,AS-BRA-01
2008-04-30,5.6,597.77,AS-BRA-01
2008-05-01,55.5,4001.57,AS-BRA-01
2008-05-02,6.3,2355.94,AS-BRA-01
2008-05-03,1.8,1104.13,AS-BRA-01
2008-05-04,0.9,597.77,AS-BRA-01
2008-05-05,9.1,724.36,AS-BRA-01
2008-05-06,4.0,710.3,AS-BRA-01
2008-05-07,6.8,773.59,AS-BRA-01
2008-05-08,5.6,815.79,AS-BRA-01
2008-05-09,7.5,928.31,AS-BRA-01
2008-05-10,9.6,900.18,AS-BRA-01
2008-05-11,9.5,1075.99,AS-BRA-01
2008-05-12,3.8,815.79,AS-BRA-01
2008-05-13,1.4,506.35,AS-BRA-01
2008-05-14,2.0,485.25,AS-BRA-01
2008-05-15,6.5,576.68,AS-BRA-01
2008-05-16,5.5,900.18,AS-BRA-01
2008-05-17,7.9,1167.42,AS-BRA-01
2008-05-18,27.4,3038.1,AS-BRA-01
2008-05-19,20.0,3150.62,AS-BRA-01
2008-05-20,21.4,2974.81,AS-BRA-01
2008-05-21,18.3,2974.81,AS-BRA-01
2008-05-22,13.0,2552.85,AS-BRA-01
2008-05-23,9.6,2025.4,AS-BRA-01
2008-05-24,4.3,1715.97,AS-BRA-01
2008-05-25,1.9,1258.84,AS-BRA-01
2008-05-26,1.1,900.18,AS-BRA-01
2008-05-27,1.7,836.88,AS-BRA-01
2008-05-28,1.7,724.36,AS-BRA-01
2008-05-29,6.4,773.59,AS-BRA-01
2008-05-30,8.5,928.31,AS-BRA-01
2008-05-31,7.5,928.31,AS-BRA-01
2008-06-01,5.1,879.08,AS-BRA-01
2008-06-02,24.3,2243.41,AS-BRA-01
2008-06-03,12.9,2644.27,AS-BRA-01
2008-06-04,19.5,2841.19,AS-BRA-01
2008-06-05,10.2,2313.74,AS-BRA-01
2008-06-06,31.4,4993.18,AS-BRA-01
2008-06-07,21.3,5316.68,AS-BRA-01
2008-06-08,18.5,6005.88,AS-BRA-01
2008-06-09,29.6,15113.15,AS-BRA-01
2008-06-10,46.5,25528.5,AS-BRA-01
2008-06-11,46.2,26456.81,AS-BRA-01
2008-06-12,18.0,15788.29,AS-BRA-01
2008-06-13,16.8,11772.65,AS-BRA-01
2008-06-14,18.6,11259.26,AS-BRA-01
2008-06-15,2.3,8031.28,AS-BRA-01
2008-06-16,9.4,6821.67,AS-BRA-01
2008-06-17,20.1,8052.38,AS-BRA-01
2008-06-18,18.7,11006.09,AS-BRA-01
2008-06-19,20.1,12314.16,AS-BRA-01
2008-06-20,7.6,9705.05,AS-BRA-01
2008-06-21,7.9,7932.82,AS-BRA-01
2008-06-22,16.8,8790.81,AS-BRA-01
2008-06-23,16.2,12841.61,AS-BRA-01
2008-06-24,22.6,14388.79,AS-BRA-01
2008-06-25,4.3,10232.5,AS-BRA-01
2008-06-26,41.0,14494.28,AS-BRA-01
2008-06-27,14.2,12841.61,AS-BRA-01
2008-06-28,65.1,23474.97,AS-BRA-01
2008-06-29,63.9,25408.95,AS-BRA-01
2008-06-30,31.6,22975.65,AS-BRA-01
2008-07-01,30.4,28763.52,AS-BRA-01
2008-07-02,25.8,25289.39,AS-BRA-01
2008-07-03,18.0,24107.91,AS-BRA-01
2008-07-04,21.4,20816.63,AS-BRA-01
2008-07-05,65.4,25591.79,AS-BRA-01
2008-07-06,9.7,18052.8,AS-BRA-01
2008-07-07,8.1,14212.97,AS-BRA-01
2008-07-08,33.1,17068.23,AS-BRA-01
2008-07-09,38.4,23587.49,AS-BRA-01
2008-07-10,75.7,37329.28,AS-BRA-01
2008-07-11,58.1,48138.45,AS-BRA-01
2008-07-12,59.9,43412.52,AS-BRA-01
2008-07-13,76.7,40353.31,AS-BRA-01
2008-07-14,17.7,28967.46,AS-BRA-01
2008-07-15,13.4,23875.83,AS-BRA-01
2008-07-16,10.4,21175.29,AS-BRA-01
2008-07-17,4.7,19649.21,AS-BRA-01
2008-07-18,23.8,20872.89,AS-BRA-01
2008-07-19,32.7,24628.32,AS-BRA-01
2008-07-20,58.7,27687.52,AS-BRA-01
2008-07-21,2.7,20225.89,AS-BRA-01
2008-07-22,12.2,20872.89,AS-BRA-01
2008-07-23,6.2,19318.67,AS-BRA-01
2008-07-24,19.8,20275.11,AS-BRA-01
2008-07-25,19.2,19789.86,AS-BRA-01
2008-07-26,10.9,16618.14,AS-BRA-01
2008-07-27,21.1,16421.23,AS-BRA-01
2008-07-28,35.4,19839.09,AS-BRA-01
2008-07-29,4.9,17919.18,AS-BRA-01
2008-07-30,27.2,23200.69,AS-BRA-01
2008-07-31,47.9,28693.19,AS-BRA-01
2008-08-01,16.8,22701.38,AS-BRA-01
2008-08-02,35.4,24164.17,AS-BRA-01
2008-08-03,25.2,21224.52,AS-BRA-01
2008-08-04,20.8,21126.06,AS-BRA-01
2008-08-05,24.4,20872.89,AS-BRA-01
2008-08-06,18.3,18270.81,AS-BRA-01
2008-08-07,11.7,19086.6,AS-BRA-01
2008-08-08,0.0,15113.15,AS-BRA-01
2008-08-09,44.7,19410.1,AS-BRA-01
2008-08-10,26.5,21379.24,AS-BRA-01
2008-08-11,139.8,46802.25,AS-BRA-01
2008-08-12,22.9,30592.0,AS-BRA-01
2008-08-13,11.8,24508.77,AS-BRA-01
2008-08-14,6.3,21224.52,AS-BRA-01
2008-08-15,38.7,24804.14,AS-BRA-01
2008-08-16,9.7,22645.12,AS-BRA-01
2008-08-17,9.0,19789.86,AS-BRA-01
2008-08-18,56.7,35943.85,AS-BRA-01
2008-08-19,85.9,36197.02,AS-BRA-01
2008-08-20,26.2,30163.01,AS-BRA-01
2008-08-21,8.0,21688.68,AS-BRA-01
2008-08-22,18.9,19698.44,AS-BRA-01
2008-08-23,5.8,16906.48,AS-BRA-01
2008-08-24,0.9,14747.46,AS-BRA-01
2008-08-25,5.3,14107.49,AS-BRA-01
2008-08-26,23.5,16702.53,AS-BRA-01
2008-08-27,9.8,15035.79,AS-BRA-01
2008-08-28,8.5,13727.72,AS-BRA-01
2008-08-29,10.4,12940.07,AS-BRA-01
2008-08-30,8.5,12011.76,AS-BRA-01
2008-08-31,4.0,11090.48,AS-BRA-01
2008-09-01,2.5,10288.76,AS-BRA-01
2008-09-02,4.3,9754.28,AS-BRA-01
2008-09-03,4.5,9297.16,AS-BRA-01
2008-09-04,6.3,8973.65,AS-BRA-01
2008-09-05,3.8,8607.96,AS-BRA-01
2008-09-06,3.1,8242.26,AS-BRA-01
2008-09-07,8.7,8242.26,AS-BRA-01
2008-09-08,27.3,12405.59,AS-BRA-01
2008-09-09,12.9,11568.7,AS-BRA-01
2008-09-10,5.3,10492.71,AS-BRA-01
2008-09-11,0.9,8460.27,AS-BRA-01
2008-09-12,3.7,7651.52,AS-BRA-01
2008-09-13,9.5,7953.92,AS-BRA-01
2008-09-14,0.8,6927.15,AS-BRA-01
2008-09-15,5.4,6364.54,AS-BRA-01
2008-09-16,48.9,13326.86,AS-BRA-01
2008-09-17,10.2,10520.84,AS-BRA-01
2008-09-18,10.2,9782.41,AS-BRA-01
2008-09-19,1.9,7806.24,AS-BRA-01
2008-09-20,8.9,7145.17,AS-BRA-01
2008-09-21,8.0,6786.5,AS-BRA-01
2008-09-22,20.5,9951.19,AS-BRA-01
2008-09-23,16.6,9536.27,AS-BRA-01
2008-09-24,9.7,8418.08,AS-BRA-01
2008-09-25,9.6,7433.51,AS-BRA-01
2008-09-26,8.9,6997.48,AS-BRA-01
2008-09-27,34.5,10443.48,AS-BRA-01
2008-09-28,57.0,16421.23,AS-BRA-01
2008-09-29,12.9,11484.31,AS-BRA-01
2008-09-30,0.6,8242.26,AS-BRA-01
2008-10-01,1.9,7299.89,AS-BRA-01
2008-10-02,30.9,8565.76,AS-BRA-01
2008-10-03,8.9,8200.06,AS-BRA-01
2008-10-04,10.4,7792.17,AS-BRA-01
2008-10-05,6.0,6948.25,AS-BRA-01
2008-10-06,23.3,9705.05,AS-BRA-01
2008-10-07,12.0,8242.26,AS-BRA-01
2008-10-08,7.3,7053.74,AS-BRA-01
2008-10-09,0.5,5893.36,AS-BRA-01
2008-10-10,0.2,5119.77,AS-BRA-01
2008-10-11,0.2,4599.35,AS-BRA-01
2008-10-12,0.0,4191.46,AS-BRA-01
2008-10-13,2.7,3980.48,AS-BRA-01
2008-10-14,0.8,3685.11,AS-BRA-01
2008-10-15,0.5,3389.73,AS-BRA-01
2008-10-16,0.0,3129.53,AS-BRA-01
2008-10-17,0.0,2890.42,AS-BRA-01
2008-10-18,0.0,2665.37,AS-BRA-01
2008-10-19,0.0,2468.46,AS-BRA-01
2008-10-20,0.0,2278.58,AS-BRA-01
2008-10-21,0.0,2102.76,AS-BRA-01
2008-10-22,0.0,1933.98,AS-BRA-01
2008-10-23,0.0,1786.29,AS-BRA-01
2008-10-24,1.3,1652.67,AS-BRA-01
2008-10-25,0.1,1540.15,AS-BRA-01
2008-10-26,16.1,3178.76,AS-BRA-01
2008-10-27,34.0,5527.66,AS-BRA-01
2008-10-28,0.0,3783.56,AS-BRA-01
2008-10-29,0.0,2658.34,AS-BRA-01
2008-10-30,0.1,2116.83,AS-BRA-01
2008-10-31,0.0,1793.32,AS-BRA-01
2008-11-01,0.0,1568.28,AS-BRA-01
2008-11-02,0.0,1378.4,AS-BRA-01
2008-11-03,0.0,1230.71,AS-BRA-01
2008-11-04,1.3,1153.35,AS-BRA-01
2008-11-05,0.2,1061.93,AS-BRA-01
2008-11-06,0.0,949.41,AS-BRA-01
2008-11-07,0.0,836.88,AS-BRA-01
2008-11-08,0.0,738.43,AS-BRA-01
2008-11-09,0.0,647.0,AS-BRA-01
2008-11-10,0.0,562.61,AS-BRA-01
2008-11-11,0.0,485.25,AS-BRA-01
2008-11-12,0.0,414.93,AS-BRA-01
2008-11-13,0.0,351.63,AS-BRA-01
2008-11-14,0.0,281.31,AS-BRA-01
2008-11-15,0.0,225.04,AS-BRA-01
2008-11-16,0.0,203.95,AS-BRA-01
2008-11-17,0.0,196.91,AS-BRA-01
2008-11-18,0.0,189.88,AS-BRA-01
2008-11-19,0.0,189.88,AS-BRA-01
2008-11-20,0.0,182.85,AS-BRA-01
2008-11-21,0.2,182.85,AS-BRA-01
2008-11-22,0.1,182.85,AS-BRA-01
2008-11-23,0.0,182.85,AS-BRA-01
2008-11-24,0.0,175.82,AS-BRA-01
2008-11-25,0.0,175.82,AS-BRA-01
2008-11-26,0.0,175.82,AS-BRA-01
2008-11-27,0.0,168.78,AS-BRA-01
2008-11-28,0.0,168.78,AS-BRA-01
2008-11-29,0.0,168.78,AS-BRA-01
2008-11-30,0.0,168.78,AS-BRA-01
2008-12-01,0.0,147.69,AS-BRA-01
2008-12-02,0.0,147.69,AS-BRA-01
2008-12-03,0.0,133.62,AS-BRA-01
2008-12-04,0.0,133.62,AS-BRA-01
2008-12-05,0.0,133.62,AS-BRA-01
2008-12-06,0.0,133.62,AS-BRA-01
2008-12-07,0.5,133.62,AS-BRA-01
2008-12-08,0.0,133.62,AS-BRA-01
2008-12-09,0.0,133.62,AS-BRA-01
2008-12-10,0.0,133.62,AS-BRA-01
2008-12-11,2.2,246.14,AS-BRA-01
2008-12-12,0.1,253.18,AS-BRA-01
2008-12-13,0.0,210.98,AS-BRA-01
2008-12-14,0.0,182.85,AS-BRA-01
2008-12-15,0.0,168.78,AS-BRA-01
2008-12-16,0.0,154.72,AS-BRA-01
2008-12-17,0.0,147.69,AS-BRA-01
2008-12-18,0.0,133.62,AS-BRA-01
2008-12-19,0.0,133.62,AS-BRA-01
2008-12-20,0.0,126.59,AS-BRA-01
2008-12-21,0.1,133.62,AS-BRA-01
2008-12-22,0.1,147.69,AS-BRA-01
2008-12-23,0.4,133.62,AS-BRA-01
2008-12-24,0.7,133.62,AS-BRA-01
2008-12-25,0.1,126.59,AS-BRA-01
2008-12-26,5.8,323.5,AS-BRA-01
2008-12-27,2.2,365.7,AS-BRA-01
2008-12-28,0.0,281.31,AS-BRA-01
2008-12-29,0.0,210.98,AS-BRA-01
2008-12-30,0.0,182.85,AS-BRA-01
2008-12-31,0.0,154.72,AS-BRA-01
2009-01-01,0.0,133.62,AS-BRA-01
2009-01-02,0.0,126.59,AS-BRA-01
2009-01-03,0.0,112.52,AS-BRA-01
2009-01-04,0.0,112.52,AS-BRA-01
2009-01-05,0.0,105.49,AS-BRA-01
2009-01-06,0.0,105.49,AS-BRA-01
2009-01-07,0.0,105.49,AS-BRA-01
2009-01-08,0.0,91.42,AS-BRA-01
2009-01-09,0.0,91.42,AS-BRA-01
2009-01-10,0.0,91.42,AS-BRA-01
2009-01-11,0.0,91.42,AS-BRA-01
2009-01-12,0.0,91.42,AS-BRA-01
2009-01-13,0.0,84.39,AS-BRA-01
2009-01-14,0.0,91.42,AS-BRA-01
2009-01-15,0.0,91.42,AS-BRA-01
2009-01-16,0.0,91.42,AS-BRA-01
2009-01-17,0.0,70.33,AS-BRA-01
2009-01-18,0.0,70.33,AS-BRA-01
2009-01-19,0.0,70.33,AS-BRA-01
2009-01-20,0.6,182.85,AS-BRA-01
2009-01-21,0.0,203.95,AS-BRA-01
2009-01-22,0.0,154.72,AS-BRA-01
2009-01-23,0.0,133.62,AS-BRA-01
2009-01-24,0.8,133.62,AS-BRA-01
2009-01-25,0.6,182.85,AS-BRA-01
2009-01-26,3.0,288.34,AS-BRA-01
2009-01-27,0.1,267.24,AS-BRA-01
2009-01-28,0.0,182.85,AS-BRA-01
2009-01-29,0.0,154.72,AS-BRA-01
2009-01-30,0.0,112.52,AS-BRA-01
2009-01-31,0.1,112.52,AS-BRA-01
2009-02-01,0.0,112.52,AS-BRA-01
2009-02-02,0.0,133.62,AS-BRA-01
2009-02-03,0.0,112.52,AS-BRA-01
2009-02-04,0.0,112.52,AS-BRA-01
2009-02-05,0.0,112.52,AS-BRA-01
2009-02-06,0.0,112.52,AS-BRA-01
2009-02-07,0.0,112.52,AS-BRA-01
2009-02-08,0.0,91.42,AS-BRA-01
2009-02-09,0.0,91.42,AS-BRA-01
2009-02-10,0.0,91.42,AS-BRA-01
2009-02-11,0.0,91.42,AS-BRA-01
2009-02-12,0.0,91.42,AS-BRA-01
2009-02-13,0.0,91.42,AS-BRA-01
2009-02-14,0.0,91.42,AS-BRA-01
2009-02-15,0.0,91.42,AS-BRA-01
2009-02-16,0.0,91.42,AS-BRA-01
2009-02-17,0.0,91.42,AS-BRA-01
2009-02-18,0.0,91.42,AS-BRA-01
2009-02-19,0.0,91.42,AS-BRA-01
2009-02-20,0.0,91.42,AS-BRA-01
2009-02-21,0.0,91.42,AS-BRA-01
2009-02-22,0.0,91.42,AS-BRA-01
2009-02-23,0.0,70.33,AS-BRA-01
2009-02-24,0.3,70.33,AS-BRA-01
2009-02-25,3.6,133.62,AS-BRA-01
2009-02-26,0.0,154.72,AS-BRA-01
2009-02-27,0.0,133.62,AS-BRA-01
2009-02-28,0.0,112.52,AS-BRA-01
2009-03-01,0.0,91.42,AS-BRA-01
2009-03-02,0.0,91.42,AS-BRA-01
2009-03-03,0.0,91.42,AS-BRA-01
2009-03-04,0.0,91.42,AS-BRA-01
2009-03-05,0.4,70.33,AS-BRA-01
2009-03-06,0.0,70.33,AS-BRA-01
2009-03-07,0.0,70.33,AS-BRA-01
2009-03-08,0.0,70.33,AS-BRA-01
2009-03-09,0.0,70.33,AS-BRA-01
2009-03-10,0.0,70.33,AS-BRA-01
2009-03-11,0.0,70.33,AS-BRA-01
2009-03-12,0.0,70.33,AS-BRA-01
2009-03-13,0.0,70.33,AS-BRA-01
2009-03-14,0.0,70.33,AS-BRA-01
2009-03-15,0.0,70.33,AS-BRA-01
2009-03-16,0.0,70.33,AS-BRA-01
2009-03-17,0.0,70.33,AS-BRA-01
2009-03-18,0.0,70.33,AS-BRA-01
2009-03-19,0.6,49.23,AS-BRA-01
2009-03-20,0.0,49.23,AS-BRA-01
2009-03-21,0.0,49.23,AS-BRA-01
2009-03-22,1.0,49.23,AS-BRA-01
2009-03-23,0.0,49.23,AS-BRA-01
2009-03-24,0.0,49.23,AS-BRA-01
2009-03-25,0.0,49.23,AS-BRA-01
2009-03-26,2.1,70.33,AS-BRA-01
2009-03-27,5.4,225.04,AS-BRA-01
2009-03-28,2.7,309.44,AS-BRA-01
2009-03-29,2.6,309.44,AS-BRA-01
2009-03-30,14.4,815.79,AS-BRA-01
2009-03-31,6.5,928.31,AS-BRA-01
2009-04-01,5.6,857.98,AS-BRA-01
2009-04-02,0.0,555.58,AS-BRA-01
2009-04-03,13.0,900.18,AS-BRA-01
2009-04-04,3.0,710.3,AS-BRA-01
2009-04-05,0.1,421.96,AS-BRA-01
2009-04-06,7.8,724.36,AS-BRA-01
2009-04-07,4.7,724.36,AS-BRA-01
2009-04-08,0.6,464.15,AS-BRA-01
2009-04-09,2.8,351.63,AS-BRA-01
2009-04-10,2.8,351.63,AS-BRA-01
2009-04-11,0.2,288.34,AS-BRA-01
2009-04-12,0.0,203.95,AS-BRA-01
2009-04-13,0.1,154.72,AS-BRA-01
2009-04-14,0.1,112.52,AS-BRA-01
2009-04-15,0.2,112.52,AS-BRA-01
2009-04-16,0.4,91.42,AS-BRA-01
2009-04-17,4.9,203.95,AS-BRA-01
2009-04-18,0.1,203.95,AS-BRA-01
2009-04-19,0.9,154.72,AS-BRA-01
2009-04-20,2.4,154.72,AS-BRA-01
2009-04-21,3.1,288.34,AS-BRA-01
2009-04-22,3.5,337.57,AS-BRA-01
2009-04-23,1.2,246.14,AS-BRA-01
2009-04-24,0.0,182.85,AS-BRA-01
2009-04-25,0.0,133.62,AS-BRA-01
2009-04-26,0.0,112.52,AS-BRA-01
2009-04-27,0.0,91.42,AS-BRA-01
2009-04-28,0.0,91.42,AS-BRA-01
2009-04-29,20.0,1012.7,AS-BRA-01
2009-04-30,16.0,1610.48,AS-BRA-01
2009-05-01,28.2,4050.8,AS-BRA-01
2009-05-02,4.9,2285.61,AS-BRA-01
2009-05-03,11.0,1673.77,AS-BRA-01
2009-05-04,4.4,1075.99,AS-BRA-01
2009-05-05,4.5,752.49,AS-BRA-01
2009-05-06,6.5,724.36,AS-BRA-01
2009-05-07,1.2,485.25,AS-BRA-01
2009-05-08,0.1,288.34,AS-BRA-01
2009-05-09,0.0,203.95,AS-BRA-01
2009-05-10,5.5,309.44,AS-BRA-01
2009-05-11,0.0,267.24,AS-BRA-01
2009-05-12,2.7,288.34,AS-BRA-01
2009-05-13,2.9,400.86,AS-BRA-01
2009-05-14,5.7,485.25,AS-BRA-01
2009-05-15,10.1,970.5,AS-BRA-01
2009-05-16,19.1,1912.88,AS-BRA-01
2009-05-17,5.6,1497.95,AS-BRA-01
2009-05-18,4.2,1497.95,AS-BRA-01
2009-05-19,0.3,900.18,AS-BRA-01
2009-05-20,2.1,576.68,AS-BRA-01
2009-05-21,4.5,527.45,AS-BRA-01
2009-05-22,1.9,400.86,AS-BRA-01
2009-05-23,0.1,267.24,AS-BRA-01
2009-05-24,27.1,1807.39,AS-BRA-01
2009-05-25,28.5,4536.06,AS-BRA-01
2009-05-26,58.7,11512.44,AS-BRA-01
2009-05-27,1.2,5689.41,AS-BRA-01
2009-05-28,3.7,3122.49,AS-BRA-01
2009-05-29,3.6,2201.22,AS-BRA-01
2009-05-30,7.4,1828.49,AS-BRA-01
2009-05-31,1.2,1455.76,AS-BRA-01
2009-06-01,1.1,1167.42,AS-BRA-01
2009-06-02,2.3,991.6,AS-BRA-01
2009-06-03,5.0,1033.8,AS-BRA-01
2009-06-04,17.3,2313.74,AS-BRA-01
2009-06-05,27.0,4901.75,AS-BRA-01
2009-06-06,25.8,6948.25,AS-BRA-01
2009-06-07,9.0,4332.11,AS-BRA-01
2009-06-08,3.0,2658.34,AS-BRA-01
2009-06-09,2.3,1933.98,AS-BRA-01
2009-06-10,3.8,1631.57,AS-BRA-01
2009-06-11,11.2,2074.63,AS-BRA-01
2009-06-12,39.5,4507.93,AS-BRA-01
2009-06-13,9.7,3755.43,AS-BRA-01
2009-06-14,12.9,2946.68,AS-BRA-01
2009-06-15,14.1,2813.06,AS-BRA-01
2009-06-16,4.1,2222.32,AS-BRA-01
2009-06-17,2.9,1786.29,AS-BRA-01
2009-06-18,2.9,1497.95,AS-BRA-01
2009-06-19,5.9,1715.97,AS-BRA-01
2009-06-20,3.5,1610.48,AS-BRA-01
2009-06-21,5.7,1610.48,AS-BRA-01
2009-06-22,3.1,1497.95,AS-BRA-01
2009-06-23,20.3,2883.38,AS-BRA-01
2009-06-24,13.1,3607.75,AS-BRA-01
2009-06-25,12.9,4128.16,AS-BRA-01
2009-06-26,16.1,4697.81,AS-BRA-01
2009-06-27,14.0,4557.15,AS-BRA-01
2009-06-28,14.5,5358.88,AS-BRA-01
2009-06-29,17.6,7468.67,AS-BRA-01
2009-06-30,16.1,9086.18,AS-BRA-01
2009-07-01,3.7,6505.2,AS-BRA-01
2009-07-02,30.2,12497.01,AS-BRA-01
2009-07-03,11.2,10007.45,AS-BRA-01
2009-07-04,15.4,8854.1,AS-BRA-01
2009-07-05,4.9,7588.22,AS-BRA-01
2009-07-06,12.3,8924.43,AS-BRA-01
2009-07-07,28.1,13228.4,AS-BRA-01
2009-07-08,13.7,15563.24,AS-BRA-01
2009-07-09,25.4,16660.34,AS-BRA-01
2009-07-10,8.9,11716.39,AS-BRA-01
2009-07-11,1.0,8460.27,AS-BRA-01
2009-07-12,4.6,7630.42,AS-BRA-01
2009-07-13,12.3,8368.85,AS-BRA-01
2009-07-14,12.8,8565.76,AS-BRA-01
2009-07-15,22.0,12975.23,AS-BRA-01
2009-07-16,0.7,9557.36,AS-BRA-01
2009-07-17,1.9,7489.77,AS-BRA-01
2009-07-18,17.2,7911.73,AS-BRA-01
2009-07-19,21.6,8973.65,AS-BRA-01
2009-07-20,25.9,10577.1,AS-BRA-01
2009-07-21,37.8,13629.27,AS-BRA-01
2009-07-22,4.3,10598.2,AS-BRA-01
2009-07-23,2.0,8157.87,AS-BRA-01
2009-07-24,1.0,6673.98,AS-BRA-01
2009-07-25,19.9,9177.6,AS-BRA-01
2009-07-26,17.3,8854.1,AS-BRA-01
2009-07-27,23.5,11864.07,AS-BRA-01
2009-07-28,69.7,31703.16,AS-BRA-01
2009-07-29,53.0,28897.14,AS-BRA-01
2009-07-30,13.8,18010.6,AS-BRA-01
2009-07-31,5.8,12940.07,AS-BRA-01
2009-08-01,21.1,12468.88,AS-BRA-01
2009-08-02,5.6,10387.22,AS-BRA-01
2009-08-03,6.7,9318.25,AS-BRA-01
2009-08-04,31.9,12876.77,AS-BRA-01
2009-08-05,37.9,25711.35,AS-BRA-01
2009-08-06,83.3,32385.33,AS-BRA-01
2009-08-07,6.4,20127.43,AS-BRA-01
2009-08-08,5.8,14599.77,AS-BRA-01
2009-08-09,12.0,12715.02,AS-BRA-01
2009-08-10,41.3,18137.19,AS-BRA-01
2009-08-11,32.0,20225.89,AS-BRA-01
2009-08-12,28.7,21069.8,AS-BRA-01
2009-08-13,42.1,23031.91,AS-BRA-01
2009-08-14,27.1,22539.63,AS-BRA-01
2009-08-15,16.8,19037.37,AS-BRA-01
2009-08-16,11.2,16259.47,AS-BRA-01
2009-08-17,12.6,14852.95,AS-BRA-01
2009-08-18,15.1,14142.65,AS-BRA-01
2009-08-19,24.5,16301.67,AS-BRA-01
2009-08-20,11.4,15485.88,AS-BRA-01
2009-08-21,4.5,12750.18,AS-BRA-01
2009-08-22,15.3,12651.73,AS-BRA-01
2009-08-23,19.6,16182.12,AS-BRA-01
2009-08-24,2.8,12715.02,AS-BRA-01
2009-08-25,35.7,16020.36,AS-BRA-01
2009-08-26,50.4,17919.18,AS-BRA-01
2009-08-27,17.9,16822.09,AS-BRA-01
2009-08-28,0.3,12651.73,AS-BRA-01
2009-08-29,10.0,12222.74,AS-BRA-01
2009-08-30,14.4,12131.31,AS-BRA-01
2009-08-31,17.8,11716.39,AS-BRA-01
2009-09-01,3.6,9930.09,AS-BRA-01
2009-09-02,2.3,8741.58,AS-BRA-01
2009-09-03,31.7,11203.0,AS-BRA-01
2009-09-04,46.5,20127.43,AS-BRA-01
2009-09-05,25.0,18270.81,AS-BRA-01
2009-09-06,14.5,14283.3,AS-BRA-01
2009-09-07,1.2,10921.7,AS-BRA-01
2009-09-08,3.9,9388.58,AS-BRA-01
2009-09-09,14.3,10921.7,AS-BRA-01
2009-09-10,19.7,12560.3,AS-BRA-01
2009-09-11,2.8,10028.55,AS-BRA-01
2009-09-12,0.8,8263.36,AS-BRA-01
2009-09-13,4.3,7510.86,AS-BRA-01
2009-09-14,8.8,7412.41,AS-BRA-01
2009-09-15,10.2,7356.15,AS-BRA-01
2009-09-16,8.1,6983.42,AS-BRA-01
2009-09-17,4.3,6575.52,AS-BRA-01
2009-09-18,9.8,7166.26,AS-BRA-01
2009-09-19,6.4,8544.66,AS-BRA-01
2009-09-20,2.6,7468.67,AS-BRA-01
2009-09-21,12.0,7771.07,AS-BRA-01
2009-09-22,9.7,8221.16,AS-BRA-01
2009-09-23,12.0,8178.97,AS-BRA-01
2009-09-24,17.1,8368.85,AS-BRA-01
2009-09-25,9.7,8263.36,AS-BRA-01
2009-09-26,0.5,6589.59,AS-BRA-01
2009-09-27,0.0,5527.66,AS-BRA-01
2009-09-28,8.9,5204.16,AS-BRA-01
2009-09-29,2.1,4725.94,AS-BRA-01
2009-09-30,0.5,4275.85,AS-BRA-01
2009-10-01,0.0,3889.05,AS-BRA-01
2009-10-02,5.6,3966.41,AS-BRA-01
2009-10-03,13.7,5260.42,AS-BRA-01
2009-10-04,4.7,4950.98,AS-BRA-01
2009-10-05,12.8,5738.64,AS-BRA-01
2009-10-06,30.7,9177.6,AS-BRA-01
2009-10-07,17.9,9979.32,AS-BRA-01
2009-10-08,18.0,8636.09,AS-BRA-01
2009-10-09,0.6,6266.09,AS-BRA-01
2009-10-10,1.0,5035.37,AS-BRA-01
2009-10-11,0.4,4325.08,AS-BRA-01
2009-10-12,1.1,3853.89,AS-BRA-01
2009-10-13,0.2,3481.16,AS-BRA-01
2009-10-14,0.0,3164.69,AS-BRA-01
2009-10-15,2.7,3122.49,AS-BRA-01
2009-10-16,6.6,3263.15,AS-BRA-01
2009-10-17,0.4,2925.58,AS-BRA-01
2009-10-18,0.5,2602.08,AS-BRA-01
2009-10-19,0.0,2348.9,AS-BRA-01
2009-10-20,0.0,2137.92,AS-BRA-01
2009-10-21,0.0,1948.04,AS-BRA-01
2009-10-22,0.0,1779.26,AS-BRA-01
2009-10-23,0.0,1624.54,AS-BRA-01
2009-10-24,0.5,1483.89,AS-BRA-01
2009-10-25,0.0,1357.3,AS-BRA-01
2009-10-26,0.0,1237.75,AS-BRA-01
2009-10-27,0.0,1125.22,AS-BRA-01
2009-10-28,0.0,1012.7,AS-BRA-01
2009-10-29,0.0,914.24,AS-BRA-01
2009-10-30,0.0,815.79,AS-BRA-01
2009-10-31,0.0,724.36,AS-BRA-01
2009-11-01,0.0,625.91,AS-BRA-01
2009-11-02,0.0,548.55,AS-BRA-01
2009-11-03,0.0,471.19,AS-BRA-01
2009-11-04,0.0,400.86,AS-BRA-01
2009-11-05,0.0,337.57,AS-BRA-01
2009-11-06,0.0,274.27,AS-BRA-01
2009-11-07,0.0,218.01,AS-BRA-01
2009-11-08,0.0,175.82,AS-BRA-01
2009-11-09,0.0,161.75,AS-BRA-01
2009-11-10,0.0,161.75,AS-BRA-01
2009-11-11,0.1,154.72,AS-BRA-01
2009-11-12,0.0,154.72,AS-BRA-01
2009-11-13,0.0,147.69,AS-BRA-01
2009-11-14,4.0,232.08,AS-BRA-01
2009-11-15,3.2,344.6,AS-BRA-01
2009-11-16,1.1,309.44,AS-BRA-01
2009-11-17,0.0,253.18,AS-BRA-01
2009-11-18,0.0,218.01,AS-BRA-01
2009-11-19,0.8,196.91,AS-BRA-01
2009-11-20,0.0,182.85,AS-BRA-01
2009-11-21,0.1,168.78,AS-BRA-01
2009-11-22,0.0,161.75,AS-BRA-01
2009-11-23,0.0,154.72,AS-BRA-01
2009-11-24,0.1,147.69,AS-BRA-01
2009-11-25,0.0,147.69,AS-BRA-01
2009-11-26,0.0,147.69,AS-BRA-01
2009-11-27,0.5,140.65,AS-BRA-01
2009-11-28,0.0,140.65,AS-BRA-01
2009-11-29,0.0,140.65,AS-BRA-01
2009-11-30,0.0,133.62,AS-BRA-01
2009-12-01,0.0,112.52,AS-BRA-01
2009-12-02,0.0,105.49,AS-BRA-01
2009-12-03,0.0,98.46,AS-BRA-01
2009-12-04,0.0,98.46,AS-BRA-01
2009-12-05,0.0,98.46,AS-BRA-01
2009-12-06,1.5,112.52,AS-BRA-01
2009-12-07,0.0,119.55,AS-BRA-01
2009-12-08,0.5,105.49,AS-BRA-01
2009-12-09,0.0,105.49,AS-BRA-01
2009-12-10,0.0,105.49,AS-BRA-01
2009-12-11,0.0,98.46,AS-BRA-01
2009-12-12,0.0,98.46,AS-BRA-01
2009-12-13,0.0,91.42,AS-BRA-01
2009-12-14,0.0,91.42,AS-BRA-01
2009-12-15,0.1,84.39,AS-BRA-01
2009-12-16,0.0,84.39,AS-BRA-01
2009-12-17,0.2,84.39,AS-BRA-01
2009-12-18,0.0,84.39,AS-BRA-01
2009-12-19,0.1,84.39,AS-BRA-01
2009-12-20,0.2,84.39,AS-BRA-01
2009-12-21,0.0,84.39,AS-BRA-01
2009-12-22,0.0,84.39,AS-BRA-01
2009-12-23,0.0,84.39,AS-BRA-01
2009-12-24,0.0,70.33,AS-BRA-01
2009-12-25,0.0,70.33,AS-BRA-01
2009-12-26,0.0,70.33,AS-BRA-01
2009-12-27,0.0,70.33,AS-BRA-01
2009-12-28,0.0,70.33,AS-BRA-01
2009-12-29,0.0,70.33,AS-BRA-01
2009-12-30,0.0,70.33,AS-BRA-01
2009-12-31,0.0,70.33,AS-BRA-01
2010-01-01,0.0,70.33,AS-BRA-01
2010-01-02,0.0,70.33,AS-BRA-01
2010-01-03,0.0,56.26,AS-BRA-01
2010-01-04,0.0,56.26,AS-BRA-01
2010-01-05,0.0,56.26,AS-BRA-01
2010-01-06,0.0,56.26,AS-BRA-01
2010-01-07,0.0,56.26,AS-BRA-01
2010-01-08,0.0,56.26,AS-BRA-01
2010-01-09,0.0,56.26,AS-BRA-01
2010-01-10,0.0,56.26,AS-BRA-01
2010-01-11,0.0,56.26,AS-BRA-01
2010-01-12,0.0,56.26,AS-BRA-01
2010-01-13,0.0,49.23,AS-BRA-01
2010-01-14,0.0,49.23,AS-BRA-01
2010-01-15,0.0,49.23,AS-BRA-01
2010-01-16,0.0,49.23,AS-BRA-01
2010-01-17,0.0,49.23,AS-BRA-01
2010-01-18,0.0,49.23,AS-BRA-01
2010-01-19,0.0,49.23,AS-BRA-01
2010-01-20,0.0,49.23,AS-BRA-01
2010-01-21,0.0,49.23,AS-BRA-01
2010-01-22,0.0,49.23,AS-BRA-01
2010-01-23,0.0,49.23,AS-BRA-01
2010-01-24,0.0,35.16,AS-BRA-01
2010-01-25,0.0,35.16,AS-BRA-01
2010-01-26,0.0,35.16,AS-BRA-01
2010-01-27,0.1,35.16,AS-BRA-01
2010-01-28,0.0,35.16,AS-BRA-01
2010-01-29,0.0,35.16,AS-BRA-01
2010-01-30,0.0,35.16,AS-BRA-01
2010-01-31,0.1,35.16,AS-BRA-01
2010-02-01,0.0,56.26,AS-BRA-01
2010-02-02,0.0,70.33,AS-BRA-01
2010-02-03,0.0,70.33,AS-BRA-01
2010-02-04,0.0,70.33,AS-BRA-01
2010-02-05,0.0,70.33,AS-BRA-01
2010-02-06,0.0,70.33,AS-BRA-01
2010-02-07,0.0,70.33,AS-BRA-01
2010-02-08,0.0,70.33,AS-BRA-01
2010-02-09,0.0,70.33,AS-BRA-01
2010-02-10,0.0,70.33,AS-BRA-01
2010-02-11,0.0,70.33,AS-BRA-01
2010-02-12,0.0,49.23,AS-BRA-01
2010-02-13,0.0,49.23,AS-BRA-01
2010-02-14,0.0,49.23,AS-BRA-01
2010-02-15,0.0,49.23,AS-BRA-01
2010-02-16,0.0,49.23,AS-BRA-01
2010-02-17,0.0,49.23,AS-BRA-01
2010-02-18,0.0,49.23,AS-BRA-01
2010-02-19,0.0,49.23,AS-BRA-01
2010-02-20,0.0,49.23,AS-BRA-01
2010-02-21,0.0,49.23,AS-BRA-01
2010-02-22,0.0,49.23,AS-BRA-01
2010-02-23,0.0,49.23,AS-BRA-01
2010-02-24,0.2,49.23,AS-BRA-01
2010-02-25,0.8,49.23,AS-BRA-01
2010-02-26,0.0,49.23,AS-BRA-01
2010-02-27,0.1,49.23,AS-BRA-01
2010-02-28,0.1,49.23,AS-BRA-01
2010-03-01,0.0,49.23,AS-BRA-01
2010-03-02,0.7,49.23,AS-BRA-01
2010-03-03,0.0,49.23,AS-BRA-01
2010-03-04,0.0,49.23,AS-BRA-01
2010-03-05,0.0,49.23,AS-BRA-01
2010-03-06,0.0,49.23,AS-BRA-01
2010-03-07,0.0,49.23,AS-BRA-01
2010-03-08,0.0,49.23,AS-BRA-01
2010-03-09,0.0,49.23,AS-BRA-01
2010-03-10,0.0,49.23,AS-BRA-01
2010-03-11,0.0,49.23,AS-BRA-01
2010-03-12,0.0,49.23,AS-BRA-01
2010-03-13,0.0,49.23,AS-BRA-01
2010-03-14,0.0,49.23,AS-BRA-01
2010-03-15,2.3,70.33,AS-BRA-01
2010-03-16,0.0,70.33,AS-BRA-01
2010-03-17,0.0,70.33,AS-BRA-01
2010-03-18,0.0,49.23,AS-BRA-01
2010-03-19,0.0,49.23,AS-BRA-01
2010-03-20,0.0,49.23,AS-BRA-01
2010-03-21,0.0,49.23,AS-BRA-01
2010-03-22,0.0,49.23,AS-BRA-01
2010-03-23,0.0,49.23,AS-BRA-01
2010-03-24,0.0,49.23,AS-BRA-01
2010-03-25,1.2,49.23,AS-BRA-01
2010-03-26,2.7,91.42,AS-BRA-01
2010-03-27,17.5,815.79,AS-BRA-01
2010-03-28,13.5,1237.75,AS-BRA-01
2010-03-29,2.7,794.69,AS-BRA-01
2010-03-30,16.5,2004.3,AS-BRA-01
2010-03-31,25.8,2686.47,AS-BRA-01
2010-04-01,2.3,1455.76,AS-BRA-01
2010-04-02,2.4,724.36,AS-BRA-01
2010-04-03,1.4,400.86,AS-BRA-01
2010-04-04,4.8,379.76,AS-BRA-01
2010-04-05,1.0,288.34,AS-BRA-01
2010-04-06,0.2,203.95,AS-BRA-01
2010-04-07,0.0,133.62,AS-BRA-01
2010-04-08,3.4,225.04,AS-BRA-01
2010-04-09,2.3,267.24,AS-BRA-01
2010-04-10,0.1,203.95,AS-BRA-01
2010-04-11,0.8,133.62,AS-BRA-01
2010-04-12,0.8,112.52,AS-BRA-01
2010-04-13,1.2,91.42,AS-BRA-01
2010-04-14,13.7,337.57,AS-BRA-01
2010-04-15,13.9,1061.93,AS-BRA-01
2010-04-16,15.7,1891.78,AS-BRA-01
2010-04-17,34.9,3277.21,AS-BRA-01
2010-04-18,31.6,4507.93,AS-BRA-01
2010-04-19,32.1,5218.22,AS-BRA-01
2010-04-20,45.7,5780.83,AS-BRA-01
2010-04-21,3.6,3080.3,AS-BRA-01
2010-04-22,0.3,1631.57,AS-BRA-01
2010-04-23,0.2,1012.7,AS-BRA-01
2010-04-24,1.3,752.49,AS-BRA-01
2010-04-25,7.0,900.18,AS-BRA-01
2010-04-26,18.2,1983.21,AS-BRA-01
2010-04-27,15.9,2405.16,AS-BRA-01
2010-04-28,1.4,1519.05,AS-BRA-01
2010-04-29,11.8,1652.67,AS-BRA-01
2010-04-30,7.4,1568.28,AS-BRA-01
2010-05-01,2.2,1075.99,AS-BRA-01
2010-05-02,7.2,1125.22,AS-BRA-01
2010-05-03,2.1,900.18,AS-BRA-01
2010-05-04,5.3,928.31,AS-BRA-01
2010-05-05,9.4,1258.84,AS-BRA-01
2010-05-06,8.4,1631.57,AS-BRA-01
2010-05-07,9.6,1807.39,AS-BRA-01
2010-05-08,20.0,2580.98,AS-BRA-01
2010-05-09,36.0,4423.53,AS-BRA-01
2010-05-10,14.2,3410.83,AS-BRA-01
2010-05-11,12.8,2595.05,AS-BRA-01
2010-05-12,2.9,1758.16,AS-BRA-01
2010-05-13,19.0,1983.21,AS-BRA-01
2010-05-14,3.0,1652.67,AS-BRA-01
2010-05-15,3.1,1343.24,AS-BRA-01
2010-05-16,8.4,1364.33,AS-BRA-01
2010-05-17,7.6,1427.63,AS-BRA-01
2010-05-18,14.1,1786.29,AS-BRA-01
2010-05-19,6.9,2222.32,AS-BRA-01
2010-05-20,25.9,3017.0,AS-BRA-01
2010-05-21,3.5,2201.22,AS-BRA-01
2010-05-22,3.8,1631.57,AS-BRA-01
2010-05-23,12.3,2004.3,AS-BRA-01
2010-05-24,13.1,2883.38,AS-BRA-01
2010-05-25,56.9,15485.88,AS-BRA-01
2010-05-26,19.7,10337.99,AS-BRA-01
2010-05-27,21.2,7412.41,AS-BRA-01
2010-05-28,6.2,5232.29,AS-BRA-01
2010-05-29,8.1,4374.3,AS-BRA-01
2010-05-30,9.7,4001.57,AS-BRA-01
2010-05-31,8.5,3453.03,AS-BRA-01
2010-06-01,6.6,3052.17,AS-BRA-01
2010-06-02,6.2,3052.17,AS-BRA-01
2010-06-03,107.4,19367.9,AS-BRA-01
2010-06-04,16.8,11955.5,AS-BRA-01
2010-06-05,11.2,7932.82,AS-BRA-01
2010-06-06,3.9,5675.34,AS-BRA-01
2010-06-07,5.2,4662.64,AS-BRA-01
2010-06-08,39.4,7806.24,AS-BRA-01
2010-06-09,55.4,12377.45,AS-BRA-01
2010-06-10,3.5,8221.16,AS-BRA-01
2010-06-11,8.0,6420.8,AS-BRA-01
2010-06-12,3.0,5302.61,AS-BRA-01
2010-06-13,1.1,4557.15,AS-BRA-01
2010-06-14,7.2,4536.06,AS-BRA-01
2010-06-15,3.8,4093.0,AS-BRA-01
2010-06-16,20.1,5035.37,AS-BRA-01
2010-06-17,4.3,5007.24,AS-BRA-01
2010-06-18,32.8,14248.14,AS-BRA-01
2010-06-19,19.8,14248.14,AS-BRA-01
2010-06-20,35.8,15521.05,AS-BRA-01
2010-06-21,9.7,10921.7,AS-BRA-01
2010-06-22,10.7,10366.12,AS-BRA-01
2010-06-23,13.2,9634.72,AS-BRA-01
2010-06-24,44.9,19459.33,AS-BRA-01
2010-06-25,27.9,17750.4,AS-BRA-01
2010-06-26,19.9,14747.46,AS-BRA-01
2010-06-27,15.8,13228.4,AS-BRA-01
2010-06-28,16.7,16540.78,AS-BRA-01
2010-06-29,6.9,12377.45,AS-BRA-01
2010-06-30,10.6,12377.45,AS-BRA-01
2010-07-01,70.0,26843.6,AS-BRA-01
2010-07-02,17.6,20028.97,AS-BRA-01
2010-07-03,30.3,19649.21,AS-BRA-01
2010-07-04,11.5,14852.95,AS-BRA-01
2010-07-05,24.0,15443.69,AS-BRA-01
2010-07-06,7.1,14107.49,AS-BRA-01
2010-07-07,0.2,11062.35,AS-BRA-01
2010-07-08,0.4,9318.25,AS-BRA-01
2010-07-09,1.1,8326.65,AS-BRA-01
2010-07-10,10.3,9269.03,AS-BRA-01
2010-07-11,7.1,9107.27,AS-BRA-01
2010-07-12,80.2,28222.0,AS-BRA-01
2010-07-13,47.4,26583.4,AS-BRA-01
2010-07-14,16.8,19986.78,AS-BRA-01
2010-07-15,15.8,17532.38,AS-BRA-01
2010-07-16,5.7,13833.21,AS-BRA-01
2010-07-17,2.9,11688.26,AS-BRA-01
2010-07-18,16.4,11343.66,AS-BRA-01
2010-07-19,13.8,10921.7,AS-BRA-01
2010-07-20,13.1,11146.74,AS-BRA-01
2010-07-21,7.8,10598.2,AS-BRA-01
2010-07-22,6.4,9705.05,AS-BRA-01
2010-07-23,21.1,13397.19,AS-BRA-01
2010-07-24,9.0,11807.81,AS-BRA-01
2010-07-25,31.7,14212.97,AS-BRA-01
2010-07-26,8.9,11631.99,AS-BRA-01
2010-07-27,5.2,10492.71,AS-BRA-01
2010-07-28,2.4,9015.85,AS-BRA-01
2010-07-29,21.1,9831.64,AS-BRA-01
2010-07-30,32.1,14423.95,AS-BRA-01
2010-07-31,12.3,13038.52,AS-BRA-01
2010-08-01,17.6,14037.16,AS-BRA-01
2010-08-02,11.1,12651.73,AS-BRA-01
2010-08-03,10.1,11034.22,AS-BRA-01
2010-08-04,13.4,10759.95,AS-BRA-01
2010-08-05,43.7,15000.63,AS-BRA-01
2010-08-06,12.4,13228.4,AS-BRA-01
2010-08-07,0.3,9979.32,AS-BRA-01
2010-08-08,0.9,8221.16,AS-BRA-01
2010-08-09,2.8,7377.24,AS-BRA-01
2010-08-10,4.7,6906.06,AS-BRA-01
2010-08-11,7.8,6800.57,AS-BRA-01
2010-08-12,15.2,7806.24,AS-BRA-01
2010-08-13,12.6,7869.53,AS-BRA-01
2010-08-14,13.9,8903.33,AS-BRA-01
2010-08-15,28.2,11231.13,AS-BRA-01
2010-08-16,4.6,9065.08,AS-BRA-01
2010-08-17,12.3,9269.03,AS-BRA-01
2010-08-18,17.2,10155.14,AS-BRA-01
2010-08-19,53.5,22919.39,AS-BRA-01
2010-08-20,12.0,16217.28,AS-BRA-01
2010-08-21,1.7,11343.66,AS-BRA-01
2010-08-22,7.4,9508.14,AS-BRA-01
2010-08-23,10.3,8657.19,AS-BRA-01
2010-08-24,14.5,9198.7,AS-BRA-01
2010-08-25,11.2,8790.81,AS-BRA-01
2010-08-26,4.2,7827.33,AS-BRA-01
2010-08-27,12.5,8481.37,AS-BRA-01
2010-08-28,46.2,24107.91,AS-BRA-01
2010-08-29,34.4,19698.44,AS-BRA-01
2010-08-30,28.1,17574.58,AS-BRA-01
2010-08-31,37.7,20373.57,AS-BRA-01
2010-09-01,7.0,15070.96,AS-BRA-01
2010-09-02,21.2,15373.36,AS-BRA-01
2010-09-03,10.2,12595.47,AS-BRA-01
2010-09-04,8.6,12778.32,AS-BRA-01
2010-09-05,8.7,12194.61,AS-BRA-01
2010-09-06,9.0,11006.09,AS-BRA-01
2010-09-07,24.7,12904.9,AS-BRA-01
2010-09-08,10.2,11660.12,AS-BRA-01
2010-09-09,2.5,10028.55,AS-BRA-01
2010-09-10,13.2,9508.14,AS-BRA-01
2010-09-11,7.2,9177.6,AS-BRA-01
2010-09-12,1.6,8094.57,AS-BRA-01
2010-09-13,12.6,8544.66,AS-BRA-01
2010-09-14,32.7,14107.49,AS-BRA-01
2010-09-15,35.6,17666.0,AS-BRA-01
2010-09-16,53.1,19086.6,AS-BRA-01
2010-09-17,22.3,18137.19,AS-BRA-01
2010-09-18,13.3,14459.12,AS-BRA-01
2010-09-19,14.7,14670.1,AS-BRA-01
2010-09-20,17.6,13200.27,AS-BRA-01
2010-09-21,9.0,11090.48,AS-BRA-01
2010-09-22,1.2,9247.93,AS-BRA-01
2010-09-23,3.2,8418.08,AS-BRA-01
2010-09-24,12.9,8347.75,AS-BRA-01
2010-09-25,6.5,8136.77,AS-BRA-01
2010-09-26,4.1,7398.34,AS-BRA-01
2010-09-27,1.7,6659.91,AS-BRA-01
2010-09-28,1.0,6132.47,AS-BRA-01
2010-09-29,0.0,5633.15,AS-BRA-01
2010-09-30,2.0,5232.29,AS-BRA-01
2010-10-01,1.1,4873.62,AS-BRA-01
2010-10-02,0.5,4536.06,AS-BRA-01
2010-10-03,2.9,4296.95,AS-BRA-01
2010-10-04,3.7,4261.78,AS-BRA-01
2010-10-05,7.9,4479.79,AS-BRA-01
2010-10-06,12.3,5422.17,AS-BRA-01
2010-10-07,21.8,8586.86,AS-BRA-01
2010-10-08,123.3,42104.44,AS-BRA-01
2010-10-09,0.3,20872.89,AS-BRA-01
2010-10-10,0.9,12314.16,AS-BRA-01
2010-10-11,0.9,9015.85,AS-BRA-01
2010-10-12,0.0,7356.15,AS-BRA-01
2010-10-13,0.6,6505.2,AS-BRA-01
2010-10-14,0.3,5780.83,AS-BRA-01
2010-10-15,7.6,6399.71,AS-BRA-01
2010-10-16,15.7,6870.89,AS-BRA-01
2010-10-17,2.3,6167.63,AS-BRA-01
2010-10-18,0.0,5204.16,AS-BRA-01
2010-10-19,0.0,4543.09,AS-BRA-01
2010-10-20,0.6,4093.0,AS-BRA-01
2010-10-21,10.4,4444.63,AS-BRA-01
2010-10-22,1.1,4156.29,AS-BRA-01
2010-10-23,0.0,3685.11,AS-BRA-01
2010-10-24,1.4,3410.83,AS-BRA-01
2010-10-25,0.9,3108.43,AS-BRA-01
2010-10-26,0.0,2848.22,AS-BRA-01
2010-10-27,0.0,2609.11,AS-BRA-01
2010-10-28,0.0,2419.23,AS-BRA-01
2010-10-29,0.0,2222.32,AS-BRA-01
2010-10-30,0.0,2053.53,AS-BRA-01
2010-10-31,0.0,1891.78,AS-BRA-01
2010-11-01,3.2,1948.04,AS-BRA-01
2010-11-02,0.0,1807.39,AS-BRA-01
2010-11-03,0.7,1624.54,AS-BRA-01
2010-11-04,0.0,1469.82,AS-BRA-01
2010-11-05,0.0,1329.17,AS-BRA-01
2010-11-06,0.0,1195.55,AS-BRA-01
2010-11-07,0.0,1075.99,AS-BRA-01
2010-11-08,0.0,970.5,AS-BRA-01
2010-11-09,0.0,872.05,AS-BRA-01
2010-11-10,0.0,780.62,AS-BRA-01
2010-11-11,0.5,689.2,AS-BRA-01
2010-11-12,12.6,1427.63,AS-BRA-01
2010-11-13,3.6,1455.76,AS-BRA-01
2010-11-14,0.3,1097.09,AS-BRA-01
2010-11-15,0.0,836.88,AS-BRA-01
2010-11-16,0.0,668.1,AS-BRA-01
2010-11-17,0.0,576.68,AS-BRA-01
2010-11-18,0.0,492.29,AS-BRA-01
2010-11-19,5.7,780.62,AS-BRA-01
2010-11-20,1.0,710.3,AS-BRA-01
2010-11-21,0.2,527.45,AS-BRA-01
2010-11-22,0.0,393.83,AS-BRA-01
2010-11-23,0.0,295.37,AS-BRA-01
2010-11-24,0.0,246.14,AS-BRA-01
2010-11-25,0.0,225.04,AS-BRA-01
2010-11-26,0.6,210.98,AS-BRA-01
2010-11-27,0.3,203.95,AS-BRA-01
2010-11-28,0.0,196.91,AS-BRA-01
2010-11-29,0.1,196.91,AS-BRA-01
2010-11-30,0.0,189.88,AS-BRA-01
2010-12-01,0.0,161.75,AS-BRA-01
2010-12-02,0.0,147.69,AS-BRA-01
2010-12-03,0.0,147.69,AS-BRA-01
2010-12-04,0.0,147.69,AS-BRA-01
2010-12-05,0.0,140.65,AS-BRA-01
2010-12-06,0.0,140.65,AS-BRA-01
2010-12-07,0.0,140.65,AS-BRA-01
2010-12-08,0.2,140.65,AS-BRA-01
2010-12-09,4.9,407.89,AS-BRA-01
2010-12-10,0.0,400.86,AS-BRA-01
2010-12-11,0.0,295.37,AS-BRA-01
2010-12-12,0.0,232.08,AS-BRA-01
2010-12-13,0.0,203.95,AS-BRA-01
2010-12-14,0.0,182.85,AS-BRA-01
2010-12-15,0.0,154.72,AS-BRA-01
2010-12-16,0.0,147.69,AS-BRA-01
2010-12-17,0.0,147.69,AS-BRA-01
2010-12-18,0.0,133.62,AS-BRA-01
2010-12-19,0.0,133.62,AS-BRA-01
2010-12-20,0.0,133.62,AS-BRA-01
2010-12-21,0.0,126.59,AS-BRA-01
2010-12-22,0.0,126.59,AS-BRA-01
2010-12-23,0.0,126.59,AS-BRA-01
2010-12-24,0.0,126.59,AS-BRA-01
2010-12-25,0.0,126.59,AS-BRA-01
2010-12-26,0.0,112.52,AS-BRA-01
2010-12-27,0.0,112.52,AS-BRA-01
2010-12-28,0.0,112.52,AS-BRA-01
2010-12-29,0.0,112.52,AS-BRA-01
2010-12-30,0.0,112.52,AS-BRA-01
2010-12-31,0.0,112.52,AS-BRA-01
2011-01-01,1.4,154.72,AS-BRA-01
2011-01-02,0.0,154.72,AS-BRA-01
2011-01-03,0.0,147.69,AS-BRA-01
2011-01-04,0.0,126.59,AS-BRA-01
2011-01-05,0.0,126.59,AS-BRA-01
2011-01-06,0.0,112.52,AS-BRA-01
2011-01-07,0.0,105.49,AS-BRA-01
2011-01-08,0.0,105.49,AS-BRA-01
2011-01-09,0.0,105.49,AS-BRA-01
2011-01-10,0.0,91.42,AS-BRA-01
2011-01-11,0.0,91.42,AS-BRA-01
2011-01-12,0.0,91.42,AS-BRA-01
2011-01-13,0.0,91.42,AS-BRA-01
2011-01-14,0.0,91.42,AS-BRA-01
2011-01-15,0.0,91.42,AS-BRA-01
2011-01-16,7.3,323.5,AS-BRA-01
2011-01-17,0.8,323.5,AS-BRA-01
2011-01-18,2.4,323.5,AS-BRA-01
2011-01-19,0.9,281.31,AS-BRA-01
2011-01-20,0.0,210.98,AS-BRA-01
2011-01-21,0.0,168.78,AS-BRA-01
2011-01-22,0.0,133.62,AS-BRA-01
2011-01-23,0.0,126.59,AS-BRA-01
2011-01-24,0.0,105.49,AS-BRA-01
2011-01-25,0.0,105.49,AS-BRA-01
2011-01-26,0.0,91.42,AS-BRA-01
2011-01-27,0.0,91.42,AS-BRA-01
2011-01-28,0.3,84.39,AS-BRA-01
2011-01-29,0.0,84.39,AS-BRA-01
2011-01-30,0.0,84.39,AS-BRA-01
2011-01-31,0.0,84.39,AS-BRA-01
2011-02-01,0.3,105.49,AS-BRA-01
2011-02-02,0.0,112.52,AS-BRA-01
2011-02-03,0.0,112.52,AS-BRA-01
2011-02-04,0.0,112.52,AS-BRA-01
2011-02-05,0.0,112.52,AS-BRA-01
2011-02-06,0.0,112.52,AS-BRA-01
2011-02-07,0.0,112.52,AS-BRA-01
2011-02-08,0.0,112.52,AS-BRA-01
2011-02-09,0.0,112.52,AS-BRA-01
2011-02-10,0.0,112.52,AS-BRA-01
2011-02-11,0.0,91.42,AS-BRA-01
2011-02-12,0.0,91.42,AS-BRA-01
2011-02-13,0.0,91.42,AS-BRA-01
2011-02-14,0.0,91.42,AS-BRA-01
2011-02-15,0.1,91.42,AS-BRA-01
2011-02-16,0.8,91.42,AS-BRA-01
2011-02-17,4.5,309.44,AS-BRA-01
2011-02-18,0.0,288.34,AS-BRA-01
2011-02-19,0.0,225.04,AS-BRA-01
2011-02-20,0.0,182.85,AS-BRA-01
2011-02-21,0.0,154.72,AS-BRA-01
2011-02-22,0.0,133.62,AS-BRA-01
2011-02-23,0.0,112.52,AS-BRA-01
2011-02-24,0.0,112.52,AS-BRA-01
2011-02-25,0.0,112.52,AS-BRA-01
2011-02-26,0.0,91.42,AS-BRA-01
2011-02-27,0.0,91.42,AS-BRA-01
2011-02-28,0.0,91.42,AS-BRA-01
2011-03-01,0.0,91.42,AS-BRA-01
2011-03-02,0.0,91.42,AS-BRA-01
2011-03-03,0.0,91.42,AS-BRA-01
2011-03-04,0.0,91.42,AS-BRA-01
2011-03-05,0.0,91.42,AS-BRA-01
2011-03-06,0.0,91.42,AS-BRA-01
2011-03-07,0.0,70.33,AS-BRA-01
2011-03-08,0.0,70.33,AS-BRA-01
2011-03-09,0.0,70.33,AS-BRA-01
2011-03-10,0.0,70.33,AS-BRA-01
2011-03-11,5.5,337.57,AS-BRA-01
2011-03-12,6.2,351.63,AS-BRA-01
2011-03-13,0.0,246.14,AS-BRA-01
2011-03-14,0.0,182.85,AS-BRA-01
2011-03-15,0.2,133.62,AS-BRA-01
2011-03-16,0.0,112.52,AS-BRA-01
2011-03-17,1.0,112.52,AS-BRA-01
2011-03-18,25.6,1497.95,AS-BRA-01
2011-03-19,22.3,2334.84,AS-BRA-01
2011-03-20,14.6,1983.21,AS-BRA-01
2011-03-21,0.7,1061.93,AS-BRA-01
2011-03-22,0.0,555.58,AS-BRA-01
2011-03-23,0.2,337.57,AS-BRA-01
2011-03-24,0.1,225.04,AS-BRA-01
2011-03-25,3.5,337.57,AS-BRA-01
2011-03-26,8.9,485.25,AS-BRA-01
2011-03-27,2.2,400.86,AS-BRA-01
2011-03-28,5.1,400.86,AS-BRA-01
2011-03-29,2.4,506.35,AS-BRA-01
2011-03-30,13.5,1167.42,AS-BRA-01
2011-03-31,3.1,928.31,AS-BRA-01
2011-04-01,1.7,555.58,AS-BRA-01
2011-04-02,3.6,443.06,AS-BRA-01
2011-04-03,3.8,421.96,AS-BRA-01
2011-04-04,8.9,682.17,AS-BRA-01
2011-04-05,0.0,527.45,AS-BRA-01
2011-04-06,0.0,337.57,AS-BRA-01
2011-04-07,0.0,225.04,AS-BRA-01
2011-04-08,4.0,246.14,AS-BRA-01
2011-04-09,7.4,576.68,AS-BRA-01
2011-04-10,0.8,464.15,AS-BRA-01
2011-04-11,0.0,309.44,AS-BRA-01
2011-04-12,1.8,246.14,AS-BRA-01
2011-04-13,4.3,337.57,AS-BRA-01
2011-04-14,13.8,857.98,AS-BRA-01
2011-04-15,4.2,836.88,AS-BRA-01
2011-04-16,4.4,682.17,AS-BRA-01
2011-04-17,0.3,443.06,AS-BRA-01
2011-04-18,2.2,351.63,AS-BRA-01
2011-04-19,5.0,555.58,AS-BRA-01
2011-04-20,2.4,506.35,AS-BRA-01
2011-04-21,0.3,337.57,AS-BRA-01
2011-04-22,0.8,267.24,AS-BRA-01
2011-04-23,11.8,724.36,AS-BRA-01
2011-04-24,14.6,1301.04,AS-BRA-01
2011-04-25,9.0,1167.42,AS-BRA-01
2011-04-26,0.0,682.17,AS-BRA-01
2011-04-27,3.0,527.45,AS-BRA-01
2011-04-28,8.2,724.36,AS-BRA-01
2011-04-29,2.9,661.07,AS-BRA-01
2011-04-30,5.1,661.07,AS-BRA-01
2011-05-01,14.3,1631.57,AS-BRA-01
2011-05-02,20.5,2264.51,AS-BRA-01
2011-05-03,27.0,3326.44,AS-BRA-01
2011-05-04,2.5,1912.88,AS-BRA-01
2011-05-05,0.1,970.5,AS-BRA-01
2011-05-06,3.0,724.36,AS-BRA-01
2011-05-07,4.3,773.59,AS-BRA-01
2011-05-08,1.7,576.68,AS-BRA-01
2011-05-09,5.2,639.97,AS-BRA-01
2011-05-10,20.1,1455.76,AS-BRA-01
2011-05-11,17.8,2004.3,AS-BRA-01
2011-05-12,14.2,2137.92,AS-BRA-01
2011-05-13,9.5,1849.59,AS-BRA-01
2011-05-14,8.5,1610.48,AS-BRA-01
2011-05-15,4.6,1188.52,AS-BRA-01
2011-05-16,1.6,752.49,AS-BRA-01
2011-05-17,7.5,794.69,AS-BRA-01
2011-05-18,16.4,1828.49,AS-BRA-01
2011-05-19,27.7,3213.92,AS-BRA-01
2011-05-20,69.2,12103.18,AS-BRA-01
2011-05-21,41.2,15218.64,AS-BRA-01
2011-05-22,35.2,10844.34,AS-BRA-01
2011-05-23,1.8,5942.58,AS-BRA-01
2011-05-24,8.9,4374.3,AS-BRA-01
2011-05-25,0.1,3164.69,AS-BRA-01
2011-05-26,0.9,2468.46,AS-BRA-01
2011-05-27,10.2,3628.84,AS-BRA-01
2011-05-28,60.3,13868.38,AS-BRA-01
2011-05-29,59.3,28693.19,AS-BRA-01
2011-05-30,121.1,36893.25,AS-BRA-01
2011-05-31,9.7,18678.7,AS-BRA-01
2011-06-01,3.4,11118.61,AS-BRA-01
2011-06-02,4.5,8178.97,AS-BRA-01
2011-06-03,3.2,6575.52,AS-BRA-01
2011-06-04,2.5,5569.85,AS-BRA-01
2011-06-05,1.0,4901.75,AS-BRA-01
2011-06-06,10.9,5007.24,AS-BRA-01
2011-06-07,9.0,5408.1,AS-BRA-01
2011-06-08,4.5,4859.56,AS-BRA-01
2011-06-09,1.1,4156.29,AS-BRA-01
2011-06-10,4.0,3825.76,AS-BRA-01
2011-06-11,9.4,4226.62,AS-BRA-01
2011-06-12,6.8,4226.62,AS-BRA-01
2011-06-13,12.7,4789.23,AS-BRA-01
2011-06-14,53.0,15830.48,AS-BRA-01
2011-06-15,42.6,15865.65,AS-BRA-01
2011-06-16,6.7,10366.12,AS-BRA-01
2011-06-17,6.1,7588.22,AS-BRA-01
2011-06-18,6.3,6434.87,AS-BRA-01
2011-06-19,14.6,7299.89,AS-BRA-01
2011-06-20,3.3,6153.56,AS-BRA-01
2011-06-21,10.4,6216.86,AS-BRA-01
2011-06-22,12.2,7806.24,AS-BRA-01
2011-06-23,24.6,13066.65,AS-BRA-01
2011-06-24,17.8,12595.47,AS-BRA-01
2011-06-25,12.6,11512.44,AS-BRA-01
2011-06-26,48.9,17919.18,AS-BRA-01
2011-06-27,39.2,19410.1,AS-BRA-01
2011-06-28,66.0,27160.07,AS-BRA-01
2011-06-29,17.9,20127.43,AS-BRA-01
2011-06-30,5.0,13798.05,AS-BRA-01
2011-07-01,24.7,15485.88,AS-BRA-01
2011-07-02,16.3,14459.12,AS-BRA-01
2011-07-03,36.4,20718.17,AS-BRA-01
2011-07-04,62.6,28967.46,AS-BRA-01
2011-07-05,10.5,18720.9,AS-BRA-01
2011-07-06,1.3,13594.1,AS-BRA-01
2011-07-07,2.3,11259.26,AS-BRA-01
2011-07-08,8.1,10443.48,AS-BRA-01
2011-07-09,2.4,9465.94,AS-BRA-01
2011-07-10,4.4,9065.08,AS-BRA-01
2011-07-11,4.2,8305.55,AS-BRA-01
2011-07-12,16.8,9487.04,AS-BRA-01
2011-07-13,26.9,12159.44,AS-BRA-01
2011-07-14,28.5,14599.77,AS-BRA-01
2011-07-15,43.4,24804.14,AS-BRA-01
2011-07-16,8.8,20324.34,AS-BRA-01
2011-07-17,20.1,15985.2,AS-BRA-01
2011-07-18,61.6,32082.92,AS-BRA-01
2011-07-19,57.0,41415.24,AS-BRA-01
2011-07-20,8.2,25345.65,AS-BRA-01
2011-07-21,11.0,18812.32,AS-BRA-01
2011-07-22,29.8,19789.86,AS-BRA-01
2011-07-23,68.4,39692.25,AS-BRA-01
2011-07-24,41.1,31182.75,AS-BRA-01
2011-07-25,16.9,22434.14,AS-BRA-01
2011-07-26,13.1,18629.48,AS-BRA-01
2011-07-27,10.5,17237.01,AS-BRA-01
2011-07-28,2.9,14852.95,AS-BRA-01
2011-07-29,9.5,13966.83,AS-BRA-01
2011-07-30,5.3,12595.47,AS-BRA-01
2011-07-31,0.6,11203.0,AS-BRA-01
2011-08-01,8.2,10710.72,AS-BRA-01
2011-08-02,25.0,13038.52,AS-BRA-01
2011-08-03,64.2,28622.86,AS-BRA-01
2011-08-04,65.4,32694.76,AS-BRA-01
2011-08-05,18.4,22321.61,AS-BRA-01
2011-08-06,38.6,25226.1,AS-BRA-01
2011-08-07,19.8,21737.9,AS-BRA-01
2011-08-08,21.4,19178.02,AS-BRA-01
2011-08-09,11.0,16259.47,AS-BRA-01
2011-08-10,34.1,20521.26,AS-BRA-01
2011-08-11,1.1,15675.76,AS-BRA-01
2011-08-12,25.5,15633.57,AS-BRA-01
2011-08-13,22.2,18538.05,AS-BRA-01
2011-08-14,9.4,16498.58,AS-BRA-01
2011-08-15,22.8,17363.6,AS-BRA-01
2011-08-16,58.6,24332.95,AS-BRA-01
2011-08-17,7.6,17666.0,AS-BRA-01
2011-08-18,30.9,20767.4,AS-BRA-01
2011-08-19,3.9,15865.65,AS-BRA-01
2011-08-20,0.0,12686.89,AS-BRA-01
2011-08-21,26.4,14888.11,AS-BRA-01
2011-08-22,24.6,16702.53,AS-BRA-01
2011-08-23,20.6,16582.98,AS-BRA-01
2011-08-24,39.2,21484.73,AS-BRA-01
2011-08-25,14.8,17068.23,AS-BRA-01
2011-08-26,28.8,16217.28,AS-BRA-01
2011-08-27,14.2,13129.95,AS-BRA-01
2011-08-28,13.1,12194.61,AS-BRA-01
2011-08-29,18.3,11343.66,AS-BRA-01
2011-08-30,27.1,13664.43,AS-BRA-01
2011-08-31,1.9,11174.87,AS-BRA-01
2011-09-01,2.4,9705.05,AS-BRA-01
2011-09-02,6.3,9128.37,AS-BRA-01
2011-09-03,2.4,8263.36,AS-BRA-01
2011-09-04,9.8,10232.5,AS-BRA-01
2011-09-05,24.6,12011.76,AS-BRA-01
2011-09-06,37.7,15753.12,AS-BRA-01
2011-09-07,72.7,46035.69,AS-BRA-01
2011-09-08,45.8,38405.27,AS-BRA-01
2011-09-09,32.8,27617.2,AS-BRA-01
2011-09-10,14.3,20472.03,AS-BRA-01
2011-09-11,4.5,15521.05,AS-BRA-01
2011-09-12,4.1,13298.73,AS-BRA-01
2011-09-13,33.1,15443.69,AS-BRA-01
2011-09-14,32.9,18903.75,AS-BRA-01
2011-09-15,28.7,19986.78,AS-BRA-01
2011-09-16,19.1,17110.42,AS-BRA-01
2011-09-17,29.1,19178.02,AS-BRA-01
2011-09-18,14.6,16948.67,AS-BRA-01
2011-09-19,8.7,15035.79,AS-BRA-01
2011-09-20,9.5,15296.0,AS-BRA-01
2011-09-21,45.7,21273.75,AS-BRA-01
2011-09-22,12.9,17068.23,AS-BRA-01
2011-09-23,10.3,16336.83,AS-BRA-01
2011-09-24,4.9,15035.79,AS-BRA-01
2011-09-25,1.4,12532.17,AS-BRA-01
2011-09-26,4.4,11118.61,AS-BRA-01
2011-09-27,7.2,10337.99,AS-BRA-01
2011-09-28,0.3,9226.83,AS-BRA-01
2011-09-29,1.3,8565.76,AS-BRA-01
2011-09-30,5.4,8418.08,AS-BRA-01
2011-10-01,1.8,7728.88,AS-BRA-01
2011-10-02,3.8,7377.24,AS-BRA-01
2011-10-03,0.5,6744.31,AS-BRA-01
2011-10-04,0.3,6181.69,AS-BRA-01
2011-10-05,0.0,5724.57,AS-BRA-01
2011-10-06,0.1,5316.68,AS-BRA-01
2011-10-07,3.5,5105.7,AS-BRA-01
2011-10-08,0.8,4782.2,AS-BRA-01
2011-10-09,1.6,4479.79,AS-BRA-01
2011-10-10,1.2,4191.46,AS-BRA-01
2011-10-11,0.5,3889.05,AS-BRA-01
2011-10-12,0.0,3621.81,AS-BRA-01
2011-10-13,0.0,3375.67,AS-BRA-01
2011-10-14,4.7,3403.8,AS-BRA-01
2011-10-15,3.7,3375.67,AS-BRA-01
2011-10-16,1.5,3213.92,AS-BRA-01
2011-10-17,1.6,3002.94,AS-BRA-01
2011-10-18,3.7,2848.22,AS-BRA-01
2011-10-19,1.9,2644.27,AS-BRA-01
2011-10-20,2.4,2440.33,AS-BRA-01
2011-10-21,1.8,2236.38,AS-BRA-01
2011-10-22,0.2,2039.47,AS-BRA-01
2011-10-23,0.5,1870.68,AS-BRA-01
2011-10-24,1.6,1744.1,AS-BRA-01
2011-10-25,0.1,1610.48,AS-BRA-01
2011-10-26,0.4,1469.82,AS-BRA-01
2011-10-27,1.0,1357.3,AS-BRA-01
2011-10-28,0.3,1244.78,AS-BRA-01
2011-10-29,0.3,1139.29,AS-BRA-01
2011-10-30,9.9,1512.02,AS-BRA-01
2011-10-31,12.5,2426.26,AS-BRA-01
2011-11-01,6.3,2264.51,AS-BRA-01
2011-11-02,0.6,1659.7,AS-BRA-01
2011-11-03,0.0,1272.91,AS-BRA-01
2011-11-04,0.0,1047.86,AS-BRA-01
2011-11-05,0.1,886.11,AS-BRA-01
2011-11-06,2.8,836.88,AS-BRA-01
2011-11-07,0.0,752.49,AS-BRA-01
2011-11-08,0.0,639.97,AS-BRA-01
2011-11-09,0.0,548.55,AS-BRA-01
2011-11-10,0.0,464.15,AS-BRA-01
2011-11-11,0.0,386.8,AS-BRA-01
2011-11-12,0.0,323.5,AS-BRA-01
2011-11-13,0.0,260.21,AS-BRA-01
2011-11-14,0.0,218.01,AS-BRA-01
2011-11-15,0.9,196.91,AS-BRA-01
2011-11-16,2.5,253.18,AS-BRA-01
2011-11-17,0.4,253.18,AS-BRA-01
2011-11-18,0.0,232.08,AS-BRA-01
2011-11-19,0.0,218.01,AS-BRA-01
2011-11-20,0.0,203.95,AS-BRA-01
2011-11-21,0.0,196.91,AS-BRA-01
2011-11-22,0.0,189.88,AS-BRA-01
2011-11-23,0.0,182.85,AS-BRA-01
2011-11-24,0.0,182.85,AS-BRA-01
2011-11-25,0.0,182.85,AS-BRA-01
2011-11-26,0.0,182.85,AS-BRA-01
2011-11-27,0.0,182.85,AS-BRA-01
2011-11-28,0.0,168.78,AS-BRA-01
2011-11-29,0.0,168.78,AS-BRA-01
2011-11-30,0.0,168.78,AS-BRA-01
2011-12-01,0.0,147.69,AS-BRA-01
2011-12-02,0.0,133.62,AS-BRA-01
2011-12-03,0.0,133.62,AS-BRA-01
2011-12-04,0.0,133.62,AS-BRA-01
2011-12-05,0.0,133.62,AS-BRA-01
2011-12-06,0.0,133.62,AS-BRA-01
2011-12-07,0.0,133.62,AS-BRA-01
2011-12-08,0.0,133.62,AS-BRA-01
2011-12-09,0.8,154.72,AS-BRA-01
2011-12-10,0.3,168.78,AS-BRA-01
2011-12-11,0.2,154.72,AS-BRA-01
2011-12-12,0.0,147.69,AS-BRA-01
2011-12-13,0.0,147.69,AS-BRA-01
2011-12-14,0.0,133.62,AS-BRA-01
2011-12-15,0.0,133.62,AS-BRA-01
2011-12-16,0.7,133.62,AS-BRA-01
2011-12-17,0.0,126.59,AS-BRA-01
2011-12-18,0.0,126.59,AS-BRA-01
2011-12-19,0.0,126.59,AS-BRA-01
2011-12-20,0.0,126.59,AS-BRA-01
2011-12-21,0.0,126.59,AS-BRA-01
2011-12-22,0.0,112.52,AS-BRA-01
2011-12-23,0.0,112.52,AS-BRA-01
2011-12-24,0.0,112.52,AS-BRA-01
2011-12-25,0.0,112.52,AS-BRA-01
2011-12-26,0.0,112.52,AS-BRA-01
2011-12-27,0.0,112.52,AS-BRA-01
2011-12-28,0.0,112.52,AS-BRA-01
2011-12-29,0.0,112.52,AS-BRA-01
2011-12-30,0.0,105.49,AS-BRA-01
2011-12-31,0.0,105.49,AS-BRA-01
2012-01-01,0.3,105.49,AS-BRA-01
2012-01-02,1.1,112.52,AS-BRA-01
2012-01-03,0.3,126.59,AS-BRA-01
2012-01-04,0.1,112.52,AS-BRA-01
2012-01-05,0.3,112.52,AS-BRA-01
2012-01-06,0.0,112.52,AS-BRA-01
2012-01-07,0.0,105.49,AS-BRA-01
2012-01-08,0.0,105.49,AS-BRA-01
2012-01-09,0.0,105.49,AS-BRA-01
2012-01-10,0.0,91.42,AS-BRA-01
2012-01-11,0.4,91.42,AS-BRA-01
2012-01-12,1.4,147.69,AS-BRA-01
2012-01-13,0.8,154.72,AS-BRA-01
2012-01-14,0.0,133.62,AS-BRA-01
2012-01-15,0.0,133.62,AS-BRA-01
2012-01-16,0.0,112.52,AS-BRA-01
2012-01-17,0.9,112.52,AS-BRA-01
2012-01-18,2.2,133.62,AS-BRA-01
2012-01-19,3.2,288.34,AS-BRA-01
2012-01-20,1.0,288.34,AS-BRA-01
2012-01-21,0.0,203.95,AS-BRA-01
2012-01-22,0.0,154.72,AS-BRA-01
2012-01-23,0.0,133.62,AS-BRA-01
2012-01-24,0.0,112.52,AS-BRA-01
2012-01-25,0.1,112.52,AS-BRA-01
2012-01-26,0.0,91.42,AS-BRA-01
2012-01-27,0.0,91.42,AS-BRA-01
2012-01-28,0.0,91.42,AS-BRA-01
2012-01-29,0.0,91.42,AS-BRA-01
2012-01-30,0.0,91.42,AS-BRA-01
2012-01-31,0.0,70.33,AS-BRA-01
2012-02-01,0.0,91.42,AS-BRA-01
2012-02-02,0.0,112.52,AS-BRA-01
2012-02-03,0.0,112.52,AS-BRA-01
2012-02-04,0.0,112.52,AS-BRA-01
2012-02-05,0.0,91.42,AS-BRA-01
2012-02-06,0.0,91.42,AS-BRA-01
2012-02-07,0.0,91.42,AS-BRA-01
2012-02-08,0.2,91.42,AS-BRA-01
2012-02-09,0.0,91.42,AS-BRA-01
2012-02-10,0.0,91.42,AS-BRA-01
2012-02-11,0.0,91.42,AS-BRA-01
2012-02-12,0.0,91.42,AS-BRA-01
2012-02-13,0.0,91.42,AS-BRA-01
2012-02-14,0.0,91.42,AS-BRA-01
2012-02-15,0.0,91.42,AS-BRA-01
2012-02-16,0.0,91.42,AS-BRA-01
2012-02-17,0.0,91.42,AS-BRA-01
2012-02-18,0.0,91.42,AS-BRA-01
2012-02-19,0.0,91.42,AS-BRA-01
2012-02-20,0.0,91.42,AS-BRA-01
2012-02-21,0.0,70.33,AS-BRA-01
2012-02-22,0.0,70.33,AS-BRA-01
2012-02-23,0.0,70.33,AS-BRA-01
2012-02-24,0.0,70.33,AS-BRA-01
2012-02-25,0.0,70.33,AS-BRA-01
2012-02-26,0.0,70.33,AS-BRA-01
2012-02-27,0.0,70.33,AS-BRA-01
2012-02-28,0.0,70.33,AS-BRA-01
2012-02-29,0.7,91.42,AS-BRA-01
2012-03-01,0.0,112.52,AS-BRA-01
2012-03-02,0.0,112.52,AS-BRA-01
2012-03-03,0.0,91.42,AS-BRA-01
2012-03-04,0.2,91.42,AS-BRA-01
2012-03-05,0.7,91.42,AS-BRA-01
2012-03-06,0.2,91.42,AS-BRA-01
2012-03-07,0.0,91.42,AS-BRA-01
2012-03-08,0.0,91.42,AS-BRA-01
2012-03-09,0.0,91.42,AS-BRA-01
2012-03-10,0.0,91.42,AS-BRA-01
2012-03-11,0.0,70.33,AS-BRA-01
2012-03-12,0.0,70.33,AS-BRA-01
2012-03-13,0.4,70.33,AS-BRA-01
2012-03-14,0.2,70.33,AS-BRA-01
2012-03-15,0.0,70.33,AS-BRA-01
2012-03-16,0.0,70.33,AS-BRA-01
2012-03-17,0.0,70.33,AS-BRA-01
2012-03-18,0.0,70.33,AS-BRA-01
2012-03-19,0.0,70.33,AS-BRA-01
2012-03-20,0.0,70.33,AS-BRA-01
2012-03-21,2.0,91.42,AS-BRA-01
2012-03-22,0.0,91.42,AS-BRA-01
2012-03-23,0.0,91.42,AS-BRA-01
2012-03-24,0.0,70.33,AS-BRA-01
2012-03-25,0.0,70.33,AS-BRA-01
2012-03-26,0.0,70.33,AS-BRA-01
2012-03-27,0.0,70.33,AS-BRA-01
2012-03-28,0.1,70.33,AS-BRA-01
2012-03-29,0.0,70.33,AS-BRA-01
2012-03-30,0.0,70.33,AS-BRA-01
2012-03-31,0.0,70.33,AS-BRA-01
2012-04-01,0.0,70.33,AS-BRA-01
2012-04-02,0.0,70.33,AS-BRA-01
2012-04-03,0.6,70.33,AS-BRA-01
2012-04-04,7.2,288.34,AS-BRA-01
2012-04-05,16.5,970.5,AS-BRA-01
2012-04-06,13.6,1455.76,AS-BRA-01
2012-04-07,9.2,1455.76,AS-BRA-01
2012-04-08,27.1,2137.92,AS-BRA-01
2012-04-09,8.4,1744.1,AS-BRA-01
2012-04-10,10.4,1610.48,AS-BRA-01
2012-04-11,17.2,2580.98,AS-BRA-01
2012-04-12,6.3,1744.1,AS-BRA-01
2012-04-13,5.7,1167.42,AS-BRA-01
2012-04-14,0.8,661.07,AS-BRA-01
2012-04-15,5.0,527.45,AS-BRA-01
2012-04-16,0.2,351.63,AS-BRA-01
2012-04-17,0.2,246.14,AS-BRA-01
2012-04-18,17.4,597.77,AS-BRA-01
2012-04-19,13.2,1301.04,AS-BRA-01
2012-04-20,8.8,1209.61,AS-BRA-01
2012-04-21,13.5,1652.67,AS-BRA-01
2012-04-22,8.8,1364.33,AS-BRA-01
2012-04-23,0.0,752.49,AS-BRA-01
2012-04-24,4.2,682.17,AS-BRA-01
2012-04-25,8.3,752.49,AS-BRA-01
2012-04-26,7.2,724.36,AS-BRA-01
2012-04-27,4.5,618.87,AS-BRA-01
2012-04-28,4.1,555.58,AS-BRA-01
2012-04-29,2.3,464.15,AS-BRA-01
2012-04-30,6.6,576.68,AS-BRA-01
2012-05-01,15.1,1167.42,AS-BRA-01
2012-05-02,15.9,1364.33,AS-BRA-01
2012-05-03,2.6,857.98,AS-BRA-01
2012-05-04,0.6,485.25,AS-BRA-01
2012-05-05,0.0,309.44,AS-BRA-01
2012-05-06,0.0,225.04,AS-BRA-01
2012-05-07,0.0,154.72,AS-BRA-01
2012-05-08,0.0,133.62,AS-BRA-01
2012-05-09,0.0,112.52,AS-BRA-01
2012-05-10,1.3,133.62,AS-BRA-01
2012-05-11,4.3,288.34,AS-BRA-01
2012-05-12,8.6,710.3,AS-BRA-01
2012-05-13,6.9,794.69,AS-BRA-01
2012-05-14,2.9,576.68,AS-BRA-01
2012-05-15,1.5,421.96,AS-BRA-01
2012-05-16,3.8,400.86,AS-BRA-01
2012-05-17,1.3,337.57,AS-BRA-01
2012-05-18,0.0,246.14,AS-BRA-01
2012-05-19,15.6,1673.77,AS-BRA-01
2012-05-20,3.5,1272.91,AS-BRA-01
2012-05-21,1.8,724.36,AS-BRA-01
2012-05-22,3.1,464.15,AS-BRA-01
2012-05-23,2.9,400.86,AS-BRA-01
2012-05-24,8.6,682.17,AS-BRA-01
2012-05-25,9.7,815.79,AS-BRA-01
2012-05-26,1.4,618.87,AS-BRA-01
2012-05-27,7.0,857.98,AS-BRA-01
2012-05-28,9.5,1476.86,AS-BRA-01
2012-05-29,2.8,1061.93,AS-BRA-01
2012-05-30,19.8,2552.85,AS-BRA-01
2012-05-31,30.2,5893.36,AS-BRA-01
2012-06-01,6.5,3867.95,AS-BRA-01
2012-06-02,21.7,3825.76,AS-BRA-01
2012-06-03,35.7,4177.39,AS-BRA-01
2012-06-04,3.0,2489.56,AS-BRA-01
2012-06-05,2.0,1497.95,AS-BRA-01
2012-06-06,2.4,1104.13,AS-BRA-01
2012-06-07,28.9,3326.44,AS-BRA-01
2012-06-08,6.3,2644.27,AS-BRA-01
2012-06-09,13.6,2510.65,AS-BRA-01
2012-06-10,1.5,1744.1,AS-BRA-01
2012-06-11,3.3,1322.14,AS-BRA-01
2012-06-12,5.8,1237.75,AS-BRA-01
2012-06-13,8.5,1497.95,AS-BRA-01
2012-06-14,17.6,2194.19,AS-BRA-01
2012-06-15,10.5,2215.28,AS-BRA-01
2012-06-16,25.5,3136.56,AS-BRA-01
2012-06-17,8.6,2876.35,AS-BRA-01
2012-06-18,10.3,2946.68,AS-BRA-01
2012-06-19,47.2,12222.74,AS-BRA-01
2012-06-20,61.6,19318.67,AS-BRA-01
2012-06-21,101.6,27687.52,AS-BRA-01
2012-06-22,47.5,29945.0,AS-BRA-01
2012-06-23,38.0,26337.25,AS-BRA-01
2012-06-24,80.1,31330.43,AS-BRA-01
2012-06-25,40.6,27821.14,AS-BRA-01
2012-06-26,12.4,17237.01,AS-BRA-01
2012-06-27,6.2,12159.44,AS-BRA-01
2012-06-28,1.8,9557.36,AS-BRA-01
2012-06-29,4.7,8460.27,AS-BRA-01
2012-06-30,20.2,8882.23,AS-BRA-01
2012-07-01,20.6,9465.94,AS-BRA-01
2012-07-02,72.3,23088.17,AS-BRA-01
2012-07-03,14.6,18903.75,AS-BRA-01
2012-07-04,26.7,17110.42,AS-BRA-01
2012-07-05,20.4,15907.84,AS-BRA-01
2012-07-06,9.0,12433.72,AS-BRA-01
2012-07-07,20.2,13263.57,AS-BRA-01
2012-07-08,40.0,17968.41,AS-BRA-01
2012-07-09,13.5,16020.36,AS-BRA-01
2012-07-10,18.8,14852.95,AS-BRA-01
2012-07-11,7.7,12377.45,AS-BRA-01
2012-07-12,28.6,15563.24,AS-BRA-01
2012-07-13,14.9,16456.39,AS-BRA-01
2012-07-14,17.4,17363.6,AS-BRA-01
2012-07-15,10.5,14529.44,AS-BRA-01
2012-07-16,11.3,12940.07,AS-BRA-01
2012-07-17,7.5,11688.26,AS-BRA-01
2012-07-18,29.8,16540.78,AS-BRA-01
2012-07-19,54.4,20028.97,AS-BRA-01
2012-07-20,51.7,21948.88,AS-BRA-01
2012-07-21,39.0,24332.95,AS-BRA-01
2012-07-22,13.3,19839.09,AS-BRA-01
2012-07-23,23.6,21379.24,AS-BRA-01
2012-07-24,25.6,22701.38,AS-BRA-01
2012-07-25,13.6,19037.37,AS-BRA-01
2012-07-26,22.8,18404.43,AS-BRA-01
2012-07-27,40.7,28355.62,AS-BRA-01
2012-07-28,47.2,33088.59,AS-BRA-01
2012-07-29,62.3,31857.88,AS-BRA-01
2012-07-30,3.7,21175.29,AS-BRA-01
2012-07-31,8.1,18720.9,AS-BRA-01
2012-08-01,45.0,25648.05,AS-BRA-01
2012-08-02,25.7,25345.65,AS-BRA-01
2012-08-03,1.4,18186.42,AS-BRA-01
2012-08-04,34.4,19459.33,AS-BRA-01
2012-08-05,34.2,21175.29,AS-BRA-01
2012-08-06,19.5,21330.01,AS-BRA-01
2012-08-07,23.5,21639.45,AS-BRA-01
2012-08-08,2.8,16744.73,AS-BRA-01
2012-08-09,3.9,14107.49,AS-BRA-01
2012-08-10,15.7,13460.48,AS-BRA-01
2012-08-11,52.2,24107.91,AS-BRA-01
2012-08-12,31.5,29874.67,AS-BRA-01
2012-08-13,66.7,28355.62,AS-BRA-01
2012-08-14,13.4,21069.8,AS-BRA-01
2012-08-15,6.1,16456.39,AS-BRA-01
2012-08-16,16.2,15218.64,AS-BRA-01
2012-08-17,13.7,14037.16,AS-BRA-01
2012-08-18,2.6,12131.31,AS-BRA-01
2012-08-19,10.9,12975.23,AS-BRA-01
2012-08-20,14.5,14002.0,AS-BRA-01
2012-08-21,44.1,22813.9,AS-BRA-01
2012-08-22,45.6,23531.23,AS-BRA-01
2012-08-23,17.9,18995.17,AS-BRA-01
2012-08-24,4.9,14353.63,AS-BRA-01
2012-08-25,33.1,16948.67,AS-BRA-01
2012-08-26,24.6,15943.01,AS-BRA-01
2012-08-27,9.2,13200.27,AS-BRA-01
2012-08-28,5.2,11428.05,AS-BRA-01
2012-08-29,10.7,10872.47,AS-BRA-01
2012-08-30,9.2,10366.12,AS-BRA-01
2012-08-31,6.3,9901.96,AS-BRA-01
2012-09-01,5.2,9297.16,AS-BRA-01
2012-09-02,18.5,10626.33,AS-BRA-01
2012-09-03,10.8,9979.32,AS-BRA-01
2012-09-04,0.2,8368.85,AS-BRA-01
2012-09-05,9.6,7932.82,AS-BRA-01
2012-09-06,11.2,8565.76,AS-BRA-01
2012-09-07,0.1,7377.24,AS-BRA-01
2012-09-08,8.1,6744.31,AS-BRA-01
2012-09-09,43.7,14283.3,AS-BRA-01
2012-09-10,8.3,11287.39,AS-BRA-01
2012-09-11,35.4,13101.82,AS-BRA-01
2012-09-12,35.4,16020.36,AS-BRA-01
2012-09-13,25.0,16779.89,AS-BRA-01
2012-09-14,135.0,38405.27,AS-BRA-01
2012-09-15,13.1,23031.91,AS-BRA-01
2012-09-16,43.6,24276.69,AS-BRA-01
2012-09-17,3.8,16779.89,AS-BRA-01
2012-09-18,4.7,13066.65,AS-BRA-01
2012-09-19,4.6,11231.13,AS-BRA-01
2012-09-20,6.5,10415.35,AS-BRA-01
2012-09-21,1.4,9297.16,AS-BRA-01
2012-09-22,2.1,8502.47,AS-BRA-01
2012-09-23,2.3,7975.02,AS-BRA-01
2012-09-24,1.3,7356.15,AS-BRA-01
2012-09-25,2.0,6891.99,AS-BRA-01
2012-09-26,0.0,6350.48,AS-BRA-01
2012-09-27,0.2,5844.13,AS-BRA-01
2012-09-28,2.9,5583.92,AS-BRA-01
2012-09-29,3.9,5436.23,AS-BRA-01
2012-09-30,11.7,5865.23,AS-BRA-01
2012-10-01,6.4,5569.85,AS-BRA-01
2012-10-02,1.8,4993.18,AS-BRA-01
2012-10-03,4.5,4817.36,AS-BRA-01
2012-10-04,8.0,4929.88,AS-BRA-01
2012-10-05,2.3,4472.76,AS-BRA-01
2012-10-06,1.5,4029.71,AS-BRA-01
2012-10-07,0.0,3642.91,AS-BRA-01
2012-10-08,11.2,3959.38,AS-BRA-01
2012-10-09,7.0,4311.01,AS-BRA-01
2012-10-10,3.3,4191.46,AS-BRA-01
2012-10-11,8.4,4191.46,AS-BRA-01
2012-10-12,0.3,3537.42,AS-BRA-01
2012-10-13,0.0,3017.0,AS-BRA-01
2012-10-14,0.1,2686.47,AS-BRA-01
2012-10-15,0.0,2433.3,AS-BRA-01
2012-10-16,0.0,2222.32,AS-BRA-01
2012-10-17,0.0,2039.47,AS-BRA-01
2012-10-18,0.0,1870.68,AS-BRA-01
2012-10-19,0.0,1715.97,AS-BRA-01
2012-10-20,0.0,1575.31,AS-BRA-01
2012-10-21,0.0,1441.69,AS-BRA-01
2012-10-22,0.0,1315.1,AS-BRA-01
2012-10-23,0.1,1195.55,AS-BRA-01
2012-10-24,0.0,1090.06,AS-BRA-01
2012-10-25,0.0,984.57,AS-BRA-01
2012-10-26,0.0,893.15,AS-BRA-01
2012-10-27,0.0,801.72,AS-BRA-01
2012-10-28,0.0,710.3,AS-BRA-01
2012-10-29,0.0,625.91,AS-BRA-01
2012-10-30,0.0,555.58,AS-BRA-01
2012-10-31,0.0,485.25,AS-BRA-01
2012-11-01,0.0,407.89,AS-BRA-01
2012-11-02,0.0,337.57,AS-BRA-01
2012-11-03,0.0,274.27,AS-BRA-01
2012-11-04,0.0,218.01,AS-BRA-01
2012-11-05,0.0,182.85,AS-BRA-01
2012-11-06,0.0,168.78,AS-BRA-01
2012-11-07,0.0,161.75,AS-BRA-01
2012-11-08,0.3,161.75,AS-BRA-01
2012-11-09,0.0,161.75,AS-BRA-01
2012-11-10,0.0,161.75,AS-BRA-01
2012-11-11,0.0,154.72,AS-BRA-01
2012-11-12,0.0,154.72,AS-BRA-01
2012-11-13,0.0,154.72,AS-BRA-01
2012-11-14,0.0,154.72,AS-BRA-01
2012-11-15,0.0,147.69,AS-BRA-01
2012-11-16,0.0,147.69,AS-BRA-01
2012-11-17,0.0,147.69,AS-BRA-01
2012-11-18,0.0,147.69,AS-BRA-01
2012-11-19,0.0,147.69,AS-BRA-01
2012-11-20,0.0,147.69,AS-BRA-01
2012-11-21,0.0,147.69,AS-BRA-01
2012-11-22,0.0,147.69,AS-BRA-01
2012-11-23,0.0,140.65,AS-BRA-01
2012-11-24,0.0,140.65,AS-BRA-01
2012-11-25,0.0,140.65,AS-BRA-01
2012-11-26,0.0,140.65,AS-BRA-01
2012-11-27,0.0,140.65,AS-BRA-01
2012-11-28,0.0,133.62,AS-BRA-01
2012-11-29,0.0,133.62,AS-BRA-01
2012-11-30,0.0,133.62,AS-BRA-01
2012-12-01,0.0,112.52,AS-BRA-01
2012-12-02,0.0,105.49,AS-BRA-01
2012-12-03,0.0,105.49,AS-BRA-01
2012-12-04,0.0,98.46,AS-BRA-01
2012-12-05,0.0,98.46,AS-BRA-01
2012-12-06,0.0,98.46,AS-BRA-01
2012-12-07,0.0,98.46,AS-BRA-01
2012-12-08,0.0,91.42,AS-BRA-01
2012-12-09,0.0,91.42,AS-BRA-01
2012-12-10,0.0,91.42,AS-BRA-01
2012-12-11,0.0,91.42,AS-BRA-01
2012-12-12,4.2,168.78,AS-BRA-01
2012-12-13,0.6,168.78,AS-BRA-01
2012-12-14,0.0,147.69,AS-BRA-01
2012-12-15,0.0,126.59,AS-BRA-01
2012-12-16,0.0,112.52,AS-BRA-01
2012-12-17,0.0,105.49,AS-BRA-01
2012-12-18,0.0,105.49,AS-BRA-01
2012-12-19,0.7,210.98,AS-BRA-01
2012-12-20,0.2,351.63,AS-BRA-01
2012-12-21,0.0,302.4,AS-BRA-01
2012-12-22,0.0,225.04,AS-BRA-01
2012-12-23,0.0,168.78,AS-BRA-01
2012-12-24,0.0,133.62,AS-BRA-01
2012-12-25,0.1,126.59,AS-BRA-01
2012-12-26,0.0,112.52,AS-BRA-01
2012-12-27,0.0,105.49,AS-BRA-01
2012-12-28,0.0,91.42,AS-BRA-01
2012-12-29,0.0,91.42,AS-BRA-01
2012-12-30,0.0,84.39,AS-BRA-01
2012-12-31,0.0,84.39,AS-BRA-01
2013-01-01,0.0,70.33,AS-BRA-01
2013-01-02,0.0,70.33,AS-BRA-01
2013-01-03,0.0,56.26,AS-BRA-01
2013-01-04,0.2,56.26,AS-BRA-01
2013-01-05,0.0,56.26,AS-BRA-01
2013-01-06,0.0,56.26,AS-BRA-01
2013-01-07,0.0,56.26,AS-BRA-01
2013-01-08,0.7,56.26,AS-BRA-01
2013-01-09,0.0,56.26,AS-BRA-01
2013-01-10,0.0,56.26,AS-BRA-01
2013-01-11,0.0,49.23,AS-BRA-01
2013-01-12,0.0,49.23,AS-BRA-01
2013-01-13,0.0,49.23,AS-BRA-01
2013-01-14,0.0,49.23,AS-BRA-01
2013-01-15,0.0,49.23,AS-BRA-01
2013-01-16,0.0,49.23,AS-BRA-01
2013-01-17,0.0,49.23,AS-BRA-01
2013-01-18,0.0,49.23,AS-BRA-01
2013-01-19,0.0,49.23,AS-BRA-01
2013-01-20,0.0,35.16,AS-BRA-01
2013-01-21,0.0,35.16,AS-BRA-01
2013-01-22,0.0,35.16,AS-BRA-01
2013-01-23,0.0,35.16,AS-BRA-01
2013-01-24,0.0,35.16,AS-BRA-01
2013-01-25,0.0,35.16,AS-BRA-01
2013-01-26,0.0,35.16,AS-BRA-01
2013-01-27,0.0,35.16,AS-BRA-01
2013-01-28,0.0,35.16,AS-BRA-01
2013-01-29,0.0,35.16,AS-BRA-01
2013-01-30,0.0,35.16,AS-BRA-01
2013-01-31,0.0,28.13,AS-BRA-01
2013-02-01,0.0,70.33,AS-BRA-01
2013-02-02,0.0,91.42,AS-BRA-01
2013-02-03,0.0,91.42,AS-BRA-01
2013-02-04,0.0,91.42,AS-BRA-01
2013-02-05,0.0,91.42,AS-BRA-01
2013-02-06,0.0,91.42,AS-BRA-01
2013-02-07,0.0,70.33,AS-BRA-01
2013-02-08,0.3,70.33,AS-BRA-01
2013-02-09,0.0,70.33,AS-BRA-01
2013-02-10,0.0,70.33,AS-BRA-01
2013-02-11,0.0,70.33,AS-BRA-01
2013-02-12,0.0,70.33,AS-BRA-01
2013-02-13,0.0,70.33,AS-BRA-01
2013-02-14,0.0,70.33,AS-BRA-01
2013-02-15,0.0,70.33,AS-BRA-01
2013-02-16,2.0,154.72,AS-BRA-01
2013-02-17,10.5,970.5,AS-BRA-01
2013-02-18,0.2,752.49,AS-BRA-01
2013-02-19,0.0,421.96,AS-BRA-01
2013-02-20,0.0,267.24,AS-BRA-01
2013-02-21,0.0,203.95,AS-BRA-01
2013-02-22,0.0,154.72,AS-BRA-01
2013-02-23,0.0,112.52,AS-BRA-01
2013-02-24,0.0,112.52,AS-BRA-01
2013-02-25,0.0,91.42,AS-BRA-01
2013-02-26,0.0,91.42,AS-BRA-01
2013-02-27,0.0,91.42,AS-BRA-01
2013-02-28,0.0,70.33,AS-BRA-01
2013-03-01,0.0,70.33,AS-BRA-01
2013-03-02,0.0,70.33,AS-BRA-01
2013-03-03,0.0,49.23,AS-BRA-01
2013-03-04,0.0,49.23,AS-BRA-01
2013-03-05,0.0,49.23,AS-BRA-01
2013-03-06,0.0,49.23,AS-BRA-01
2013-03-07,0.0,49.23,AS-BRA-01
2013-03-08,0.0,49.23,AS-BRA-01
2013-03-09,0.0,49.23,AS-BRA-01
2013-03-10,0.4,49.23,AS-BRA-01
2013-03-11,6.4,203.95,AS-BRA-01
2013-03-12,0.0,203.95,AS-BRA-01
2013-03-13,0.0,133.62,AS-BRA-01
2013-03-14,0.0,112.52,AS-BRA-01
2013-03-15,0.4,91.42,AS-BRA-01
2013-03-16,0.0,70.33,AS-BRA-01
2013-03-17,0.0,49.23,AS-BRA-01
2013-03-18,0.0,49.23,AS-BRA-01
2013-03-19,0.0,49.23,AS-BRA-01
2013-03-20,0.0,49.23,AS-BRA-01
2013-03-21,25.5,1322.14,AS-BRA-01
2013-03-22,6.8,1167.42,AS-BRA-01
2013-03-23,0.0,618.87,AS-BRA-01
2013-03-24,0.0,337.57,AS-BRA-01
2013-03-25,4.3,400.86,AS-BRA-01
2013-03-26,0.0,309.44,AS-BRA-01
2013-03-27,0.0,182.85,AS-BRA-01
2013-03-28,0.0,133.62,AS-BRA-01
2013-03-29,0.1,91.42,AS-BRA-01
2013-03-30,0.8,112.52,AS-BRA-01
2013-03-31,0.0,112.52,AS-BRA-01
2013-04-01,0.0,91.42,AS-BRA-01
2013-04-02,0.0,91.42,AS-BRA-01
2013-04-03,0.3,70.33,AS-BRA-01
2013-04-04,0.0,70.33,AS-BRA-01
2013-04-05,0.0,70.33,AS-BRA-01
2013-04-06,0.0,49.23,AS-BRA-01
2013-04-07,0.0,49.23,AS-BRA-01
2013-04-08,0.0,49.23,AS-BRA-01
2013-04-09,0.0,49.23,AS-BRA-01
2013-04-10,5.2,203.95,AS-BRA-01
2013-04-11,5.0,351.63,AS-BRA-01
2013-04-12,0.1,267.24,AS-BRA-01
2013-04-13,1.4,182.85,AS-BRA-01
2013-04-14,16.2,857.98,AS-BRA-01
2013-04-15,14.4,1807.39,AS-BRA-01
2013-04-16,13.5,1715.97,AS-BRA-01
2013-04-17,22.9,2405.16,AS-BRA-01
2013-04-18,11.6,2025.4,AS-BRA-01
2013-04-19,12.4,1715.97,AS-BRA-01
2013-04-20,0.0,928.31,AS-BRA-01
2013-04-21,0.4,576.68,AS-BRA-01
2013-04-22,0.8,400.86,AS-BRA-01
2013-04-23,2.3,309.44,AS-BRA-01
2013-04-24,3.7,351.63,AS-BRA-01
2013-04-25,1.0,337.57,AS-BRA-01
2013-04-26,0.0,225.04,AS-BRA-01
2013-04-27,26.0,1807.39,AS-BRA-01
2013-04-28,6.8,1519.05,AS-BRA-01
2013-04-29,4.2,1075.99,AS-BRA-01
2013-04-30,29.2,3256.11,AS-BRA-01
2013-05-01,30.9,3340.51,AS-BRA-01
2013-05-02,11.6,2116.83,AS-BRA-01
2013-05-03,9.2,1540.15,AS-BRA-01
2013-05-04,4.4,1272.91,AS-BRA-01
2013-05-05,15.3,2595.05,AS-BRA-01
2013-05-06,3.7,1744.1,AS-BRA-01
2013-05-07,1.7,970.5,AS-BRA-01
2013-05-08,2.9,724.36,AS-BRA-01
2013-05-09,23.6,2116.83,AS-BRA-01
2013-05-10,17.5,3980.48,AS-BRA-01
2013-05-11,14.0,3101.4,AS-BRA-01
2013-05-12,13.9,2440.33,AS-BRA-01
2013-05-13,3.0,1540.15,AS-BRA-01
2013-05-14,6.0,1258.84,AS-BRA-01
2013-05-15,0.7,857.98,AS-BRA-01
2013-05-16,3.6,1012.7,AS-BRA-01
2013-05-17,8.2,1272.91,AS-BRA-01
2013-05-18,14.8,1962.11,AS-BRA-01
2013-05-19,2.5,1406.53,AS-BRA-01
2013-05-20,4.1,1301.04,AS-BRA-01
2013-05-21,21.9,2798.99,AS-BRA-01
2013-05-22,41.5,7510.86,AS-BRA-01
2013-05-23,59.1,36197.02,AS-BRA-01
2013-05-24,3.4,16990.87,AS-BRA-01
2013-05-25,0.0,8720.48,AS-BRA-01
2013-05-26,4.1,5942.58,AS-BRA-01
2013-05-27,23.3,7749.97,AS-BRA-01
2013-05-28,29.3,8811.9,AS-BRA-01
2013-05-29,17.3,7749.97,AS-BRA-01
2013-05-30,9.2,6266.09,AS-BRA-01
2013-05-31,12.0,5879.29,AS-BRA-01
2013-06-01,1.8,4536.06,AS-BRA-01
2013-06-02,0.8,3607.75,AS-BRA-01
2013-06-03,17.3,4831.43,AS-BRA-01
2013-06-04,2.8,4156.29,AS-BRA-01
2013-06-05,24.5,5063.5,AS-BRA-01
2013-06-06,10.4,4950.98,AS-BRA-01
2013-06-07,1.9,4128.16,AS-BRA-01
2013-06-08,6.0,3783.56,AS-BRA-01
2013-06-09,7.8,4177.39,AS-BRA-01
2013-06-10,3.9,3649.94,AS-BRA-01
2013-06-11,0.0,2974.81,AS-BRA-01
2013-06-12,0.0,2531.75,AS-BRA-01
2013-06-13,4.7,2419.23,AS-BRA-01
2013-06-14,5.9,2686.47,AS-BRA-01
2013-06-15,2.5,2855.25,AS-BRA-01
2013-06-16,12.2,2883.38,AS-BRA-01
2013-06-17,0.2,2377.03,AS-BRA-01
2013-06-18,21.3,3804.66,AS-BRA-01
2013-06-19,3.9,3474.13,AS-BRA-01
2013-06-20,6.3,3136.56,AS-BRA-01
2013-06-21,31.7,5569.85,AS-BRA-01
2013-06-22,56.8,12532.17,AS-BRA-01
2013-06-23,42.4,16744.73,AS-BRA-01
2013-06-24,22.0,13460.48,AS-BRA-01
2013-06-25,41.0,19178.02,AS-BRA-01
2013-06-26,20.4,15183.48,AS-BRA-01
2013-06-27,54.1,20225.89,AS-BRA-01
2013-06-28,34.3,23200.69,AS-BRA-01
2013-06-29,16.5,16456.39,AS-BRA-01
2013-06-30,5.0,11864.07,AS-BRA-01
2013-07-01,9.3,10471.61,AS-BRA-01
2013-07-02,38.3,15035.79,AS-BRA-01
2013-07-03,13.7,14965.47,AS-BRA-01
2013-07-04,14.0,13066.65,AS-BRA-01
2013-07-05,17.9,12778.32,AS-BRA-01
2013-07-06,9.4,10682.59,AS-BRA-01
2013-07-07,1.6,8699.38,AS-BRA-01
2013-07-08,4.5,7827.33,AS-BRA-01
2013-07-09,9.0,7651.52,AS-BRA-01
2013-07-10,6.9,7665.58,AS-BRA-01
2013-07-11,39.7,14423.95,AS-BRA-01
2013-07-12,21.8,13326.86,AS-BRA-01
2013-07-13,13.6,11371.79,AS-BRA-01
2013-07-14,12.7,12377.45,AS-BRA-01
2013-07-15,14.8,12222.74,AS-BRA-01
2013-07-16,13.7,12560.3,AS-BRA-01
2013-07-17,5.1,11034.22,AS-BRA-01
2013-07-18,3.0,9508.14,AS-BRA-01
2013-07-19,22.1,12011.76,AS-BRA-01
2013-07-20,18.9,11343.66,AS-BRA-01
2013-07-21,22.2,13165.11,AS-BRA-01
2013-07-22,12.6,11744.52,AS-BRA-01
2013-07-23,35.4,14248.14,AS-BRA-01
2013-07-24,20.9,13558.94,AS-BRA-01
2013-07-25,38.9,15753.12,AS-BRA-01
2013-07-26,12.0,13460.48,AS-BRA-01
2013-07-27,15.8,13298.73,AS-BRA-01
2013-07-28,20.1,14177.81,AS-BRA-01
2013-07-29,0.8,10654.46,AS-BRA-01
2013-07-30,36.8,14072.32,AS-BRA-01
2013-07-31,42.1,20422.8,AS-BRA-01
2013-08-01,51.8,22321.61,AS-BRA-01
2013-08-02,16.6,16498.58,AS-BRA-01
2013-08-03,4.2,12194.61,AS-BRA-01
2013-08-04,5.9,10366.12,AS-BRA-01
2013-08-05,26.9,12497.01,AS-BRA-01
2013-08-06,7.3,11118.61,AS-BRA-01
2013-08-07,22.4,11983.63,AS-BRA-01
2013-08-08,29.2,15373.36,AS-BRA-01
2013-08-09,18.3,15408.52,AS-BRA-01
2013-08-10,8.3,12904.9,AS-BRA-01
2013-08-11,20.0,14459.12,AS-BRA-01
2013-08-12,8.3,12468.88,AS-BRA-01
2013-08-13,11.6,11660.12,AS-BRA-01
2013-08-14,9.4,10211.4,AS-BRA-01
2013-08-15,11.8,10949.83,AS-BRA-01
2013-08-16,18.0,12075.05,AS-BRA-01
2013-08-17,5.7,10654.46,AS-BRA-01
2013-08-18,7.2,9346.38,AS-BRA-01
2013-08-19,31.3,11315.53,AS-BRA-01
2013-08-20,9.6,10007.45,AS-BRA-01
2013-08-21,6.4,9015.85,AS-BRA-01
2013-08-22,7.3,8389.95,AS-BRA-01
2013-08-23,3.0,7320.98,AS-BRA-01
2013-08-24,7.3,6821.67,AS-BRA-01
2013-08-25,15.8,6983.42,AS-BRA-01
2013-08-26,25.8,13129.95,AS-BRA-01
2013-08-27,57.2,26583.4,AS-BRA-01
2013-08-28,12.2,20767.4,AS-BRA-01
2013-08-29,5.3,14388.79,AS-BRA-01
2013-08-30,7.1,11688.26,AS-BRA-01
2013-08-31,26.3,14705.26,AS-BRA-01
2013-09-01,19.0,15485.88,AS-BRA-01
2013-09-02,24.9,15943.01,AS-BRA-01
2013-09-03,13.9,15633.57,AS-BRA-01
2013-09-04,28.1,16104.76,AS-BRA-01
2013-09-05,0.2,11864.07,AS-BRA-01
2013-09-06,2.9,9754.28,AS-BRA-01
2013-09-07,2.5,8544.66,AS-BRA-01
2013-09-08,8.7,8481.37,AS-BRA-01
2013-09-09,9.0,8903.33,AS-BRA-01
2013-09-10,12.0,8924.43,AS-BRA-01
2013-09-11,2.8,7630.42,AS-BRA-01
2013-09-12,0.0,6624.75,AS-BRA-01
2013-09-13,0.1,5942.58,AS-BRA-01
2013-09-14,21.2,9852.74,AS-BRA-01
2013-09-15,28.3,11835.94,AS-BRA-01
2013-09-16,11.2,9487.04,AS-BRA-01
2013-09-17,8.2,8094.57,AS-BRA-01
2013-09-18,1.0,6673.98,AS-BRA-01
2013-09-19,40.8,10077.78,AS-BRA-01
2013-09-20,6.5,8544.66,AS-BRA-01
2013-09-21,1.3,6695.08,AS-BRA-01
2013-09-22,6.0,6034.01,AS-BRA-01
2013-09-23,6.3,5689.41,AS-BRA-01
2013-09-24,5.0,5379.97,AS-BRA-01
2013-09-25,2.2,4817.36,AS-BRA-01
2013-09-26,11.0,5358.88,AS-BRA-01
2013-09-27,1.4,4782.2,AS-BRA-01
2013-09-28,19.9,5752.7,AS-BRA-01
2013-09-29,18.9,8903.33,AS-BRA-01
2013-09-30,1.2,6744.31,AS-BRA-01
2013-10-01,0.0,5161.96,AS-BRA-01
2013-10-02,0.0,4332.11,AS-BRA-01
2013-10-03,15.3,5316.68,AS-BRA-01
2013-10-04,10.6,7278.79,AS-BRA-01
2013-10-05,14.5,7489.77,AS-BRA-01
2013-10-06,22.4,10028.55,AS-BRA-01
2013-10-07,0.0,7187.36,AS-BRA-01
2013-10-08,0.0,5422.17,AS-BRA-01
2013-10-09,0.0,4507.93,AS-BRA-01
2013-10-10,0.0,3924.22,AS-BRA-01
2013-10-11,0.0,3502.26,AS-BRA-01
2013-10-12,0.5,3178.76,AS-BRA-01
2013-10-13,1.6,3045.14,AS-BRA-01
2013-10-14,0.2,2813.06,AS-BRA-01
2013-10-15,0.6,2595.05,AS-BRA-01
2013-10-16,1.5,2545.82,AS-BRA-01
2013-10-17,1.0,2355.94,AS-BRA-01
2013-10-18,1.1,2151.99,AS-BRA-01
2013-10-19,3.0,2095.73,AS-BRA-01
2013-10-20,1.1,1926.94,AS-BRA-01
2013-10-21,1.2,1793.32,AS-BRA-01
2013-10-22,1.4,1680.8,AS-BRA-01
2013-10-23,0.2,1533.12,AS-BRA-01
2013-10-24,0.1,1378.4,AS-BRA-01
2013-10-25,3.3,1603.44,AS-BRA-01
2013-10-26,5.0,1708.93,AS-BRA-01
2013-10-27,6.7,1842.55,AS-BRA-01
2013-10-28,4.1,1730.03,AS-BRA-01
2013-10-29,0.2,1427.63,AS-BRA-01
2013-10-30,1.0,1258.84,AS-BRA-01
2013-10-31,0.2,1083.03,AS-BRA-01
2013-11-01,0.3,921.28,AS-BRA-01
2013-11-02,0.4,801.72,AS-BRA-01
2013-11-03,0.2,703.26,AS-BRA-01
2013-11-04,0.0,611.84,AS-BRA-01
2013-11-05,0.0,527.45,AS-BRA-01
2013-11-06,0.0,450.09,AS-BRA-01
2013-11-07,0.0,379.76,AS-BRA-01
2013-11-08,0.0,309.44,AS-BRA-01
2013-11-09,0.0,253.18,AS-BRA-01
2013-11-10,0.0,203.95,AS-BRA-01
2013-11-11,0.0,182.85,AS-BRA-01
2013-11-12,0.0,168.78,AS-BRA-01
2013-11-13,0.0,168.78,AS-BRA-01
2013-11-14,0.0,161.75,AS-BRA-01
2013-11-15,0.0,168.78,AS-BRA-01
2013-11-16,0.0,154.72,AS-BRA-01
2013-11-17,0.0,154.72,AS-BRA-01
2013-11-18,0.0,154.72,AS-BRA-01
2013-11-19,0.0,154.72,AS-BRA-01
2013-11-20,0.0,154.72,AS-BRA-01
2013-11-21,0.0,147.69,AS-BRA-01
2013-11-22,0.0,147.69,AS-BRA-01
2013-11-23,0.0,147.69,AS-BRA-01
2013-11-24,0.0,147.69,AS-BRA-01
2013-11-25,0.0,147.69,AS-BRA-01
2013-11-26,0.0,147.69,AS-BRA-01
2013-11-27,0.0,147.69,AS-BRA-01
2013-11-28,0.0,147.69,AS-BRA-01
2013-11-29,0.0,133.62,AS-BRA-01
2013-11-30,0.0,133.62,AS-BRA-01
2013-12-01,0.0,126.59,AS-BRA-01
2013-12-02,0.0,112.52,AS-BRA-01
2013-12-03,0.0,112.52,AS-BRA-01
2013-12-04,0.0,105.49,AS-BRA-01
2013-12-05,0.0,105.49,AS-BRA-01
2013-12-06,0.0,105.49,AS-BRA-01
2013-12-07,0.0,105.49,AS-BRA-01
2013-12-08,0.0,105.49,AS-BRA-01
2013-12-09,0.0,105.49,AS-BRA-01
2013-12-10,0.0,105.49,AS-BRA-01
2013-12-11,0.0,105.49,AS-BRA-01
2013-12-12,0.4,105.49,AS-BRA-01
2013-12-13,5.1,281.31,AS-BRA-01
2013-12-14,0.8,281.31,AS-BRA-01
2013-12-15,0.0,210.98,AS-BRA-01
2013-12-16,0.0,168.78,AS-BRA-01
2013-12-17,0.0,147.69,AS-BRA-01
2013-12-18,0.0,126.59,AS-BRA-01
2013-12-19,0.0,126.59,AS-BRA-01
2013-12-20,0.2,112.52,AS-BRA-01
2013-12-21,0.0,105.49,AS-BRA-01
2013-12-22,0.0,105.49,AS-BRA-01
2013-12-23,0.0,105.49,AS-BRA-01
2013-12-24,0.0,91.42,AS-BRA-01
2013-12-25,0.0,91.42,AS-BRA-01
2013-12-26,0.0,91.42,AS-BRA-01
2013-12-27,0.0,91.42,AS-BRA-01
2013-12-28,0.0,91.42,AS-BRA-01
2013-12-29,0.0,84.39,AS-BRA-01
2013-12-30,0.0,84.39,AS-BRA-01
2013-12-31,0.0,84.39,AS-BRA-01
2014-01-01,0.0,84.39,AS-BRA-01
2014-01-02,0.0,70.33,AS-BRA-01
2014-01-03,0.0,70.33,AS-BRA-01
2014-01-04,0.0,70.33,AS-BRA-01
2014-01-05,0.0,70.33,AS-BRA-01
2014-01-06,0.3,70.33,AS-BRA-01
2014-01-07,0.7,84.39,AS-BRA-01
2014-01-08,0.0,84.39,AS-BRA-01
2014-01-09,0.0,70.33,AS-BRA-01
2014-01-10,0.0,70.33,AS-BRA-01
2014-01-11,0.1,70.33,AS-BRA-01
2014-01-12,0.1,70.33,AS-BRA-01
2014-01-13,0.0,56.26,AS-BRA-01
2014-01-14,0.0,56.26,AS-BRA-01
2014-01-15,0.0,56.26,AS-BRA-01
2014-01-16,0.0,56.26,AS-BRA-01
2014-01-17,0.0,56.26,AS-BRA-01
2014-01-18,0.0,56.26,AS-BRA-01
2014-01-19,0.0,56.26,AS-BRA-01
2014-01-20,0.0,49.23,AS-BRA-01
2014-01-21,0.0,49.23,AS-BRA-01
2014-01-22,0.0,49.23,AS-BRA-01
2014-01-23,0.0,49.23,AS-BRA-01
2014-01-24,0.0,49.23,AS-BRA-01
2014-01-25,0.0,49.23,AS-BRA-01
2014-01-26,0.0,49.23,AS-BRA-01
2014-01-27,0.0,49.23,AS-BRA-01
2014-01-28,0.0,49.23,AS-BRA-01
2014-01-29,0.0,49.23,AS-BRA-01
2014-01-30,0.0,49.23,AS-BRA-01
2014-01-31,0.0,49.23,AS-BRA-01
2014-02-01,0.0,49.23,AS-BRA-01
2014-02-02,0.0,70.33,AS-BRA-01
2014-02-03,0.0,70.33,AS-BRA-01
2014-02-04,0.0,70.33,AS-BRA-01
2014-02-05,0.1,70.33,AS-BRA-01
2014-02-06,1.1,70.33,AS-BRA-01
2014-02-07,1.1,91.42,AS-BRA-01
2014-02-08,1.0,91.42,AS-BRA-01
2014-02-09,0.0,91.42,AS-BRA-01
2014-02-10,0.0,70.33,AS-BRA-01
2014-02-11,0.0,70.33,AS-BRA-01
2014-02-12,0.0,70.33,AS-BRA-01
2014-02-13,0.0,70.33,AS-BRA-01
2014-02-14,0.0,70.33,AS-BRA-01
2014-02-15,1.5,133.62,AS-BRA-01
2014-02-16,12.7,1061.93,AS-BRA-01
2014-02-17,4.2,1104.13,AS-BRA-01
2014-02-18,0.0,639.97,AS-BRA-01
2014-02-19,0.0,351.63,AS-BRA-01
2014-02-20,0.0,225.04,AS-BRA-01
2014-02-21,0.0,154.72,AS-BRA-01
2014-02-22,0.0,112.52,AS-BRA-01
2014-02-23,0.0,91.42,AS-BRA-01
2014-02-24,0.0,91.42,AS-BRA-01
2014-02-25,0.0,70.33,AS-BRA-01
2014-02-26,0.0,70.33,AS-BRA-01
2014-02-27,0.0,70.33,AS-BRA-01
2014-02-28,0.0,70.33,AS-BRA-01
2014-03-01,0.0,70.33,AS-BRA-01
2014-03-02,0.0,70.33,AS-BRA-01
2014-03-03,0.6,49.23,AS-BRA-01
2014-03-04,0.0,49.23,AS-BRA-01
2014-03-05,0.0,49.23,AS-BRA-01
2014-03-06,0.0,49.23,AS-BRA-01
2014-03-07,0.0,49.23,AS-BRA-01
2014-03-08,0.0,49.23,AS-BRA-01
2014-03-09,0.0,49.23,AS-BRA-01
2014-03-10,0.0,49.23,AS-BRA-01
2014-03-11,0.0,49.23,AS-BRA-01
2014-03-12,0.0,49.23,AS-BRA-01
2014-03-13,0.0,49.23,AS-BRA-01
2014-03-14,0.0,49.23,AS-BRA-01
2014-03-15,0.0,49.23,AS-BRA-01
2014-03-16,0.0,49.23,AS-BRA-01
2014-03-17,0.1,49.23,AS-BRA-01
2014-03-18,0.2,49.23,AS-BRA-01
2014-03-19,11.1,421.96,AS-BRA-01
2014-03-20,2.5,443.06,AS-BRA-01
2014-03-21,0.0,288.34,AS-BRA-01
2014-03-22,0.2,182.85,AS-BRA-01
2014-03-23,0.3,133.62,AS-BRA-01
2014-03-24,0.0,91.42,AS-BRA-01
2014-03-25,0.5,70.33,AS-BRA-01
2014-03-26,0.3,70.33,AS-BRA-01
2014-03-27,1.6,70.33,AS-BRA-01
2014-03-28,0.0,70.33,AS-BRA-01
2014-03-29,0.0,70.33,AS-BRA-01
2014-03-30,0.0,49.23,AS-BRA-01
2014-03-31,0.0,49.23,AS-BRA-01
2014-04-01,0.0,70.33,AS-BRA-01
2014-04-02,0.0,70.33,AS-BRA-01
2014-04-03,0.8,70.33,AS-BRA-01
2014-04-04,1.3,91.42,AS-BRA-01
2014-04-05,0.0,91.42,AS-BRA-01
2014-04-06,0.0,70.33,AS-BRA-01
2014-04-07,2.4,112.52,AS-BRA-01
2014-04-08,7.1,309.44,AS-BRA-01
2014-04-09,2.5,337.57,AS-BRA-01
2014-04-10,0.0,246.14,AS-BRA-01
2014-04-11,0.0,154.72,AS-BRA-01
2014-04-12,0.0,133.62,AS-BRA-01
2014-04-13,0.0,112.52,AS-BRA-01
2014-04-14,0.0,91.42,AS-BRA-01
2014-04-15,0.4,91.42,AS-BRA-01
2014-04-16,2.6,112.52,AS-BRA-01
2014-04-17,2.6,154.72,AS-BRA-01
2014-04-18,0.0,133.62,AS-BRA-01
2014-04-19,0.0,112.52,AS-BRA-01
2014-04-20,0.0,91.42,AS-BRA-01
2014-04-21,0.0,70.33,AS-BRA-01
2014-04-22,0.0,70.33,AS-BRA-01
2014-04-23,0.0,70.33,AS-BRA-01
2014-04-24,0.0,70.33,AS-BRA-01
2014-04-25,0.0,49.23,AS-BRA-01
2014-04-26,0.3,49.23,AS-BRA-01
2014-04-27,0.0,49.23,AS-BRA-01
2014-04-28,23.8,1476.86,AS-BRA-01
2014-04-29,11.3,1427.63,AS-BRA-01
2014-04-30,0.5,752.49,AS-BRA-01
2014-05-01,12.1,1033.8,AS-BRA-01
2014-05-02,21.3,2074.63,AS-BRA-01
2014-05-03,10.1,1912.88,AS-BRA-01
2014-05-04,25.4,2264.51,AS-BRA-01
2014-05-05,11.2,1758.16,AS-BRA-01
2014-05-06,14.2,1870.68,AS-BRA-01
2014-05-07,22.6,2285.61,AS-BRA-01
2014-05-08,24.4,2707.57,AS-BRA-01
2014-05-09,1.1,1406.53,AS-BRA-01
2014-05-10,0.0,661.07,AS-BRA-01
2014-05-11,1.6,379.76,AS-BRA-01
2014-05-12,4.0,351.63,AS-BRA-01
2014-05-13,1.1,288.34,AS-BRA-01
2014-05-14,0.0,203.95,AS-BRA-01
2014-05-15,0.6,133.62,AS-BRA-01
2014-05-16,0.6,91.42,AS-BRA-01
2014-05-17,2.1,91.42,AS-BRA-01
2014-05-18,3.5,112.52,AS-BRA-01
2014-05-19,4.4,203.95,AS-BRA-01
2014-05-20,2.1,203.95,AS-BRA-01
2014-05-21,3.5,267.24,AS-BRA-01
2014-05-22,7.9,618.87,AS-BRA-01
2014-05-23,0.3,464.15,AS-BRA-01
2014-05-24,2.0,379.76,AS-BRA-01
2014-05-25,6.9,928.31,AS-BRA-01
2014-05-26,1.2,724.36,AS-BRA-01
2014-05-27,8.4,1075.99,AS-BRA-01
2014-05-28,9.9,1476.86,AS-BRA-01
2014-05-29,2.4,1012.7,AS-BRA-01
2014-05-30,8.7,991.6,AS-BRA-01
2014-05-31,0.4,618.87,AS-BRA-01
2014-06-01,3.7,527.45,AS-BRA-01
2014-06-02,0.6,421.96,AS-BRA-01
2014-06-03,2.4,421.96,AS-BRA-01
2014-06-04,1.5,379.76,AS-BRA-01
2014-06-05,2.6,351.63,AS-BRA-01
2014-06-06,7.8,639.97,AS-BRA-01
2014-06-07,15.2,1912.88,AS-BRA-01
2014-06-08,54.2,5007.24,AS-BRA-01
2014-06-09,32.0,5190.09,AS-BRA-01
2014-06-10,4.9,2798.99,AS-BRA-01
2014-06-11,4.9,1582.35,AS-BRA-01
2014-06-12,7.9,1188.52,AS-BRA-01
2014-06-13,3.3,879.08,AS-BRA-01
2014-06-14,1.0,597.77,AS-BRA-01
2014-06-15,8.5,1146.32,AS-BRA-01
2014-06-16,6.8,1146.32,AS-BRA-01
2014-06-17,4.3,900.18,AS-BRA-01
2014-06-18,14.7,2707.57,AS-BRA-01
2014-06-19,53.7,16779.89,AS-BRA-01
2014-06-20,26.7,13558.94,AS-BRA-01
2014-06-21,59.1,20472.03,AS-BRA-01
2014-06-22,45.1,22863.13,AS-BRA-01
2014-06-23,19.1,16906.48,AS-BRA-01
2014-06-24,4.3,9705.05,AS-BRA-01
2014-06-25,7.2,6927.15,AS-BRA-01
2014-06-26,26.3,10077.78,AS-BRA-01
2014-06-27,7.0,8115.67,AS-BRA-01
2014-06-28,4.7,6589.59,AS-BRA-01
2014-06-29,12.2,6118.4,AS-BRA-01
2014-06-30,12.3,6906.06,AS-BRA-01
2014-07-01,16.0,7335.05,AS-BRA-01
2014-07-02,34.0,11540.57,AS-BRA-01
2014-07-03,30.7,13228.4,AS-BRA-01
2014-07-04,15.3,10759.95,AS-BRA-01
2014-07-05,26.8,11955.5,AS-BRA-01
2014-07-06,0.4,8347.75,AS-BRA-01
2014-07-07,7.9,6962.32,AS-BRA-01
2014-07-08,6.5,6364.54,AS-BRA-01
2014-07-09,0.7,5478.43,AS-BRA-01
2014-07-10,13.8,7468.67,AS-BRA-01
2014-07-11,19.6,10309.86,AS-BRA-01
2014-07-12,38.0,13066.65,AS-BRA-01
2014-07-13,47.2,16020.36,AS-BRA-01
2014-07-14,24.0,13896.51,AS-BRA-01
2014-07-15,8.4,10759.95,AS-BRA-01
2014-07-16,29.6,13228.4,AS-BRA-01
2014-07-17,70.6,24276.69,AS-BRA-01
2014-07-18,17.5,18812.32,AS-BRA-01
2014-07-19,8.1,13664.43,AS-BRA-01
2014-07-20,0.7,10183.27,AS-BRA-01
2014-07-21,12.5,11983.63,AS-BRA-01
2014-07-22,43.3,21583.19,AS-BRA-01
2014-07-23,39.2,21224.52,AS-BRA-01
2014-07-24,16.8,19986.78,AS-BRA-01
2014-07-25,22.6,16301.67,AS-BRA-01
2014-07-26,60.4,21379.24,AS-BRA-01
2014-07-27,44.4,24164.17,AS-BRA-01
2014-07-28,6.2,16498.58,AS-BRA-01
2014-07-29,15.2,15907.84,AS-BRA-01
2014-07-30,27.5,16702.53,AS-BRA-01
2014-07-31,10.3,14423.95,AS-BRA-01
2014-08-01,8.9,13101.82,AS-BRA-01
2014-08-02,41.7,19789.86,AS-BRA-01
2014-08-03,22.7,19550.75,AS-BRA-01
2014-08-04,14.8,16582.98,AS-BRA-01
2014-08-05,8.4,13727.72,AS-BRA-01
2014-08-06,19.3,15218.64,AS-BRA-01
2014-08-07,35.1,18854.52,AS-BRA-01
2014-08-08,12.5,16379.03,AS-BRA-01
2014-08-09,22.5,16336.83,AS-BRA-01
2014-08-10,11.0,14529.44,AS-BRA-01
2014-08-11,3.4,11920.33,AS-BRA-01
2014-08-12,12.1,11744.52,AS-BRA-01
2014-08-13,113.3,43510.97,AS-BRA-01
2014-08-14,106.1,52140.03,AS-BRA-01
2014-08-15,29.1,36372.84,AS-BRA-01
2014-08-16,20.1,30022.36,AS-BRA-01
2014-08-17,3.0,21688.68,AS-BRA-01
2014-08-18,16.1,18763.1,AS-BRA-01
2014-08-19,8.6,17666.0,AS-BRA-01
2014-08-20,6.7,15633.57,AS-BRA-01
2014-08-21,13.5,15296.0,AS-BRA-01
2014-08-22,16.1,16336.83,AS-BRA-01
2014-08-23,18.5,17616.77,AS-BRA-01
2014-08-24,8.6,14965.47,AS-BRA-01
2014-08-25,6.6,13298.73,AS-BRA-01
2014-08-26,18.1,13362.02,AS-BRA-01
2014-08-27,9.2,12651.73,AS-BRA-01
2014-08-28,7.7,11772.65,AS-BRA-01
2014-08-29,12.3,12813.48,AS-BRA-01
2014-08-30,46.2,19599.98,AS-BRA-01
2014-08-31,22.7,18362.24,AS-BRA-01
2014-09-01,25.2,17237.01,AS-BRA-01
2014-09-02,8.8,14965.47,AS-BRA-01
2014-09-03,9.8,14107.49,AS-BRA-01
2014-09-04,2.3,11807.81,AS-BRA-01
2014-09-05,14.5,12686.89,AS-BRA-01
2014-09-06,33.8,15000.63,AS-BRA-01
2014-09-07,19.1,14142.65,AS-BRA-01
2014-09-08,12.2,12813.48,AS-BRA-01
2014-09-09,16.5,14599.77,AS-BRA-01
2014-09-10,8.9,12841.61,AS-BRA-01
2014-09-11,3.6,10710.72,AS-BRA-01
2014-09-12,7.2,9705.05,AS-BRA-01
2014-09-13,12.6,10415.35,AS-BRA-01
2014-09-14,2.4,9156.5,AS-BRA-01
2014-09-15,7.9,8973.65,AS-BRA-01
2014-09-16,8.0,8221.16,AS-BRA-01
2014-09-17,0.0,7222.53,AS-BRA-01
2014-09-18,9.7,7686.68,AS-BRA-01
2014-09-19,23.6,11540.57,AS-BRA-01
2014-09-20,68.0,26780.31,AS-BRA-01
2014-09-21,17.4,20324.34,AS-BRA-01
2014-09-22,58.2,24691.62,AS-BRA-01
2014-09-23,8.6,18812.32,AS-BRA-01
2014-09-24,0.6,13263.57,AS-BRA-01
2014-09-25,4.0,11090.48,AS-BRA-01
2014-09-26,3.0,9683.95,AS-BRA-01
2014-09-27,0.9,8523.57,AS-BRA-01
2014-09-28,17.3,9015.85,AS-BRA-01
2014-09-29,4.4,8221.16,AS-BRA-01
2014-09-30,0.1,7243.62,AS-BRA-01
2014-10-01,0.4,6505.2,AS-BRA-01
2014-10-02,0.3,5956.65,AS-BRA-01
2014-10-03,1.5,5555.79,AS-BRA-01
2014-10-04,0.0,5161.96,AS-BRA-01
2014-10-05,0.0,4789.23,AS-BRA-01
2014-10-06,0.7,4444.63,AS-BRA-01
2014-10-07,9.9,4585.28,AS-BRA-01
2014-10-08,4.2,4493.86,AS-BRA-01
2014-10-09,1.2,4156.29,AS-BRA-01
2014-10-10,0.8,3769.5,AS-BRA-01
2014-10-11,7.0,4001.57,AS-BRA-01
2014-10-12,9.8,4444.63,AS-BRA-01
2014-10-13,4.0,4121.13,AS-BRA-01
2014-10-14,7.5,4142.23,AS-BRA-01
2014-10-15,0.2,3502.26,AS-BRA-01
2014-10-16,0.0,3009.97,AS-BRA-01
2014-10-17,0.0,2679.44,AS-BRA-01
2014-10-18,0.4,2454.39,AS-BRA-01
2014-10-19,0.5,2278.58,AS-BRA-01
2014-10-20,0.2,2109.79,AS-BRA-01
2014-10-21,0.0,1926.94,AS-BRA-01
2014-10-22,0.0,1758.16,AS-BRA-01
2014-10-23,0.1,1610.48,AS-BRA-01
2014-10-24,0.0,1476.86,AS-BRA-01
2014-10-25,0.1,1343.24,AS-BRA-01
2014-10-26,0.5,1223.68,AS-BRA-01
2014-10-27,2.2,1139.29,AS-BRA-01
2014-10-28,1.6,1068.96,AS-BRA-01
2014-10-29,0.2,977.54,AS-BRA-01
2014-10-30,0.1,879.08,AS-BRA-01
2014-10-31,0.0,780.62,AS-BRA-01
2014-11-01,0.0,675.13,AS-BRA-01
2014-11-02,0.0,590.74,AS-BRA-01
2014-11-03,0.0,513.38,AS-BRA-01
2014-11-04,0.2,436.02,AS-BRA-01
2014-11-05,0.0,372.73,AS-BRA-01
2014-11-06,0.0,302.4,AS-BRA-01
2014-11-07,0.0,246.14,AS-BRA-01
2014-11-08,0.0,196.91,AS-BRA-01
2014-11-09,0.0,161.75,AS-BRA-01
2014-11-10,0.0,147.69,AS-BRA-01
2014-11-11,0.0,147.69,AS-BRA-01
2014-11-12,0.4,147.69,AS-BRA-01
2014-11-13,0.2,147.69,AS-BRA-01
2014-11-14,0.1,147.69,AS-BRA-01
2014-11-15,0.3,147.69,AS-BRA-01
2014-11-16,0.0,147.69,AS-BRA-01
2014-11-17,0.0,133.62,AS-BRA-01
2014-11-18,0.0,133.62,AS-BRA-01
2014-11-19,0.2,133.62,AS-BRA-01
2014-11-20,0.0,133.62,AS-BRA-01
2014-11-21,0.6,182.85,AS-BRA-01
2014-11-22,0.4,189.88,AS-BRA-01
2014-11-23,0.1,168.78,AS-BRA-01
2014-11-24,0.6,154.72,AS-BRA-01
2014-11-25,0.0,154.72,AS-BRA-01
2014-11-26,1.1,147.69,AS-BRA-01
2014-11-27,0.0,147.69,AS-BRA-01
2014-11-28,0.0,133.62,AS-BRA-01
2014-11-29,0.0,154.72,AS-BRA-01
2014-11-30,0.0,154.72,AS-BRA-01
2014-12-01,0.0,126.59,AS-BRA-01
2014-12-02,0.0,105.49,AS-BRA-01
2014-12-03,0.2,105.49,AS-BRA-01
2014-12-04,0.0,91.42,AS-BRA-01
2014-12-05,0.0,91.42,AS-BRA-01
2014-12-06,0.2,105.49,AS-BRA-01
2014-12-07,0.3,154.72,AS-BRA-01
2014-12-08,1.5,365.7,AS-BRA-01
2014-12-09,0.1,365.7,AS-BRA-01
2014-12-10,0.0,267.24,AS-BRA-01
2014-12-11,0.0,189.88,AS-BRA-01
2014-12-12,0.0,154.72,AS-BRA-01
2014-12-13,0.0,133.62,AS-BRA-01
2014-12-14,0.0,112.52,AS-BRA-01
2014-12-15,0.0,105.49,AS-BRA-01
2014-12-16,0.0,91.42,AS-BRA-01
2014-12-17,1.0,168.78,AS-BRA-01
2014-12-18,0.0,168.78,AS-BRA-01
2014-12-19,0.0,147.69,AS-BRA-01
2014-12-20,0.0,126.59,AS-BRA-01
2014-12-21,0.0,105.49,AS-BRA-01
2014-12-22,0.0,91.42,AS-BRA-01
2014-12-23,0.0,91.42,AS-BRA-01
2014-12-24,0.0,84.39,AS-BRA-01
2014-12-25,0.0,84.39,AS-BRA-01
2014-12-26,0.0,70.33,AS-BRA-01
2014-12-27,0.0,70.33,AS-BRA-01
2014-12-28,0.0,70.33,AS-BRA-01
2014-12-29,0.0,70.33,AS-BRA-01
2014-12-30,0.0,70.33,AS-BRA-01
2014-12-31,0.0,56.26,AS-BRA-01
2015-01-01,0.0,56.26,AS-BRA-01
2015-01-02,0.0,56.26,AS-BRA-01
2015-01-03,1.7,56.26,AS-BRA-01
2015-01-04,1.7,91.42,AS-BRA-01
2015-01-05,0.0,112.52,AS-BRA-01
2015-01-06,0.0,105.49,AS-BRA-01
2015-01-07,0.0,84.39,AS-BRA-01
2015-01-08,0.1,84.39,AS-BRA-01
2015-01-09,0.0,70.33,AS-BRA-01
2015-01-10,0.0,56.26,AS-BRA-01
2015-01-11,0.0,56.26,AS-BRA-01
2015-01-12,0.0,56.26,AS-BRA-01
2015-01-13,0.0,49.23,AS-BRA-01
2015-01-14,0.0,49.23,AS-BRA-01
2015-01-15,0.0,49.23,AS-BRA-01
2015-01-16,0.0,49.23,AS-BRA-01
2015-01-17,0.0,49.23,AS-BRA-01
2015-01-18,0.0,35.16,AS-BRA-01
2015-01-19,0.1,35.16,AS-BRA-01
2015-01-20,0.0,35.16,AS-BRA-01
2015-01-21,0.0,35.16,AS-BRA-01
2015-01-22,0.0,35.16,AS-BRA-01
2015-01-23,0.0,35.16,AS-BRA-01
2015-01-24,0.0,35.16,AS-BRA-01
2015-01-25,0.0,35.16,AS-BRA-01
2015-01-26,0.0,35.16,AS-BRA-01
2015-01-27,0.0,28.13,AS-BRA-01
2015-01-28,0.0,28.13,AS-BRA-01
2015-01-29,0.0,28.13,AS-BRA-01
2015-01-30,0.0,28.13,AS-BRA-01
2015-01-31,0.0,28.13,AS-BRA-01
2015-02-01,0.0,49.23,AS-BRA-01
2015-02-02,0.0,49.23,AS-BRA-01
2015-02-03,0.0,49.23,AS-BRA-01
2015-02-04,0.4,49.23,AS-BRA-01
2015-02-05,0.0,49.23,AS-BRA-01
2015-02-06,0.0,49.23,AS-BRA-01
2015-02-07,0.0,49.23,AS-BRA-01
2015-02-08,0.1,49.23,AS-BRA-01
2015-02-09,0.0,49.23,AS-BRA-01
2015-02-10,0.0,49.23,AS-BRA-01
2015-02-11,0.0,49.23,AS-BRA-01
2015-02-12,0.1,49.23,AS-BRA-01
2015-02-13,0.3,49.23,AS-BRA-01
2015-02-14,0.3,49.23,AS-BRA-01
2015-02-15,0.0,49.23,AS-BRA-01
2015-02-16,0.0,49.23,AS-BRA-01
2015-02-17,0.0,49.23,AS-BRA-01
2015-02-18,0.7,49.23,AS-BRA-01
2015-02-19,5.2,154.72,AS-BRA-01
2015-02-20,0.0,154.72,AS-BRA-01
2015-02-21,3.0,203.95,AS-BRA-01
2015-02-22,0.0,182.85,AS-BRA-01
2015-02-23,0.0,133.62,AS-BRA-01
2015-02-24,0.5,91.42,AS-BRA-01
2015-02-25,1.3,91.42,AS-BRA-01
2015-02-26,6.5,267.24,AS-BRA-01
2015-02-27,0.6,246.14,AS-BRA-01
2015-02-28,0.9,182.85,AS-BRA-01
2015-03-01,0.0,133.62,AS-BRA-01
2015-03-02,0.0,91.42,AS-BRA-01
2015-03-03,0.8,91.42,AS-BRA-01
2015-03-04,0.2,70.33,AS-BRA-01
2015-03-05,0.0,70.33,AS-BRA-01
2015-03-06,0.0,70.33,AS-BRA-01
2015-03-07,0.0,49.23,AS-BRA-01
2015-03-08,0.0,49.23,AS-BRA-01
2015-03-09,0.0,49.23,AS-BRA-01
2015-03-10,0.0,49.23,AS-BRA-01
2015-03-11,0.0,28.13,AS-BRA-01
2015-03-12,0.0,28.13,AS-BRA-01
2015-03-13,0.0,28.13,AS-BRA-01
2015-03-14,0.0,28.13,AS-BRA-01
2015-03-15,0.0,28.13,AS-BRA-01
2015-03-16,0.0,28.13,AS-BRA-01
2015-03-17,0.0,28.13,AS-BRA-01
2015-03-18,0.0,28.13,AS-BRA-01
2015-03-19,0.0,28.13,AS-BRA-01
2015-03-20,0.0,28.13,AS-BRA-01
2015-03-21,0.0,28.13,AS-BRA-01
2015-03-22,0.0,28.13,AS-BRA-01
2015-03-23,4.0,91.42,AS-BRA-01
2015-03-24,0.1,91.42,AS-BRA-01
2015-03-25,0.0,70.33,AS-BRA-01
2015-03-26,0.6,49.23,AS-BRA-01
2015-03-27,0.4,49.23,AS-BRA-01
2015-03-28,5.2,154.72,AS-BRA-01
2015-03-29,0.5,154.72,AS-BRA-01
2015-03-30,9.3,794.69,AS-BRA-01
2015-03-31,0.8,618.87,AS-BRA-01
2015-04-01,10.0,724.36,AS-BRA-01
2015-04-02,32.6,2510.65,AS-BRA-01
2015-04-03,5.3,1631.57,AS-BRA-01
2015-04-04,8.3,1104.13,AS-BRA-01
2015-04-05,20.1,1694.87,AS-BRA-01
2015-04-06,1.2,1075.99,AS-BRA-01
2015-04-07,2.3,661.07,AS-BRA-01
2015-04-08,5.9,555.58,AS-BRA-01
2015-04-09,1.0,421.96,AS-BRA-01
2015-04-10,0.9,267.24,AS-BRA-01
2015-04-11,0.3,154.72,AS-BRA-01
2015-04-12,0.0,112.52,AS-BRA-01
2015-04-13,0.0,91.42,AS-BRA-01
2015-04-14,0.0,70.33,AS-BRA-01
2015-04-15,0.0,49.23,AS-BRA-01
2015-04-16,0.0,49.23,AS-BRA-01
2015-04-17,4.9,154.72,AS-BRA-01
2015-04-18,16.2,1343.24,AS-BRA-01
2015-04-19,2.7,1012.7,AS-BRA-01
2015-04-20,3.8,710.3,AS-BRA-01
2015-04-21,25.6,2658.34,AS-BRA-01
2015-04-22,29.2,3474.13,AS-BRA-01
2015-04-23,11.9,2377.03,AS-BRA-01
2015-04-24,2.6,1364.33,AS-BRA-01
2015-04-25,3.7,1568.28,AS-BRA-01
2015-04-26,3.9,1258.84,AS-BRA-01
2015-04-27,3.2,991.6,AS-BRA-01
2015-04-28,10.5,1258.84,AS-BRA-01
2015-04-29,6.6,1343.24,AS-BRA-01
2015-04-30,0.9,836.88,AS-BRA-01
2015-05-01,10.9,1125.22,AS-BRA-01
2015-05-02,3.4,928.31,AS-BRA-01
2015-05-03,6.4,794.69,AS-BRA-01
2015-05-04,2.9,639.97,AS-BRA-01
2015-05-05,2.4,485.25,AS-BRA-01
2015-05-06,9.9,815.79,AS-BRA-01
2015-05-07,10.2,1061.93,AS-BRA-01
2015-05-08,3.9,836.88,AS-BRA-01
2015-05-09,0.2,506.35,AS-BRA-01
2015-05-10,4.4,506.35,AS-BRA-01
2015-05-11,7.9,815.79,AS-BRA-01
2015-05-12,15.4,1519.05,AS-BRA-01
2015-05-13,6.5,1385.43,AS-BRA-01
2015-05-14,11.4,1568.28,AS-BRA-01
2015-05-15,11.6,1540.15,AS-BRA-01
2015-05-16,0.6,949.41,AS-BRA-01
2015-05-17,2.8,710.3,AS-BRA-01
2015-05-18,15.7,1582.35,AS-BRA-01
2015-05-19,3.3,1237.75,AS-BRA-01
2015-05-20,0.4,794.69,AS-BRA-01
2015-05-21,24.1,2313.74,AS-BRA-01
2015-05-22,5.2,1744.1,AS-BRA-01
2015-05-23,5.0,1237.75,AS-BRA-01
2015-05-24,4.2,970.5,AS-BRA-01
2015-05-25,9.8,1167.42,AS-BRA-01
2015-05-26,6.0,1146.32,AS-BRA-01
2015-05-27,6.7,991.6,AS-BRA-01
2015-05-28,8.1,1033.8,AS-BRA-01
2015-05-29,55.1,6420.8,AS-BRA-01
2015-05-30,18.3,5583.92,AS-BRA-01
2015-05-31,31.6,5105.7,AS-BRA-01
2015-06-01,2.5,3185.79,AS-BRA-01
2015-06-02,8.9,2595.05,AS-BRA-01
2015-06-03,3.9,2074.63,AS-BRA-01
2015-06-04,1.2,1631.57,AS-BRA-01
2015-06-05,2.3,1385.43,AS-BRA-01
2015-06-06,3.3,1301.04,AS-BRA-01
2015-06-07,8.6,1476.86,AS-BRA-01
2015-06-08,5.7,1497.95,AS-BRA-01
2015-06-09,12.5,2137.92,AS-BRA-01
2015-06-10,99.9,28081.35,AS-BRA-01
2015-06-11,24.0,25345.65,AS-BRA-01
2015-06-12,13.7,15633.57,AS-BRA-01
2015-06-13,6.9,9585.49,AS-BRA-01
2015-06-14,15.3,8657.19,AS-BRA-01
2015-06-15,5.5,7018.58,AS-BRA-01
2015-06-16,27.5,15035.79,AS-BRA-01
2015-06-17,4.9,10598.2,AS-BRA-01
2015-06-18,10.1,9487.04,AS-BRA-01
2015-06-19,7.4,8115.67,AS-BRA-01
2015-06-20,52.3,15260.84,AS-BRA-01
2015-06-21,39.6,18453.66,AS-BRA-01
2015-06-22,30.9,18629.48,AS-BRA-01
2015-06-23,16.5,15035.79,AS-BRA-01
2015-06-24,4.9,10788.08,AS-BRA-01
2015-06-25,0.0,8263.36,AS-BRA-01
2015-06-26,0.3,6906.06,AS-BRA-01
2015-06-27,4.1,6484.1,AS-BRA-01
2015-06-28,22.0,10232.5,AS-BRA-01
2015-06-29,2.2,8741.58,AS-BRA-01
2015-06-30,3.4,7433.51,AS-BRA-01
2015-07-01,2.0,6673.98,AS-BRA-01
2015-07-02,6.4,6540.36,AS-BRA-01
2015-07-03,10.4,6624.75,AS-BRA-01
2015-07-04,36.8,12841.61,AS-BRA-01
2015-07-05,42.2,24747.88,AS-BRA-01
2015-07-06,5.9,15443.69,AS-BRA-01
2015-07-07,23.1,13129.95,AS-BRA-01
2015-07-08,11.7,10844.34,AS-BRA-01
2015-07-09,7.2,9128.37,AS-BRA-01
2015-07-10,32.1,11983.63,AS-BRA-01
2015-07-11,9.9,10309.86,AS-BRA-01
2015-07-12,0.9,8031.28,AS-BRA-01
2015-07-13,9.6,7630.42,AS-BRA-01
2015-07-14,16.5,8565.76,AS-BRA-01
2015-07-15,28.8,11174.87,AS-BRA-01
2015-07-16,1.7,8790.81,AS-BRA-01
2015-07-17,10.8,7707.78,AS-BRA-01
2015-07-18,15.1,8052.38,AS-BRA-01
2015-07-19,25.0,9416.71,AS-BRA-01
2015-07-20,14.2,10977.96,AS-BRA-01
2015-07-21,88.6,25894.2,AS-BRA-01
2015-07-22,57.7,33960.64,AS-BRA-01
2015-07-23,24.9,27420.28,AS-BRA-01
2015-07-24,18.5,20275.11,AS-BRA-01
2015-07-25,2.0,14072.32,AS-BRA-01
2015-07-26,0.6,11090.48,AS-BRA-01
2015-07-27,0.0,9487.04,AS-BRA-01
2015-07-28,17.8,9606.59,AS-BRA-01
2015-07-29,0.5,8481.37,AS-BRA-01
2015-07-30,1.8,8031.28,AS-BRA-01
2015-07-31,31.9,14353.63,AS-BRA-01
2015-08-01,11.7,12377.45,AS-BRA-01
2015-08-02,5.5,10260.63,AS-BRA-01
2015-08-03,0.2,8389.95,AS-BRA-01
2015-08-04,5.7,7749.97,AS-BRA-01
2015-08-05,21.9,9733.18,AS-BRA-01
2015-08-06,23.2,12039.89,AS-BRA-01
2015-08-07,31.8,15183.48,AS-BRA-01
2015-08-08,20.4,12686.89,AS-BRA-01
2015-08-09,11.7,10077.78,AS-BRA-01
2015-08-10,1.1,8052.38,AS-BRA-01
2015-08-11,34.3,12595.47,AS-BRA-01
2015-08-12,27.4,12813.48,AS-BRA-01
2015-08-13,22.9,12342.29,AS-BRA-01
2015-08-14,20.5,12560.3,AS-BRA-01
2015-08-15,9.9,11399.92,AS-BRA-01
2015-08-16,26.1,13495.65,AS-BRA-01
2015-08-17,17.8,14965.47,AS-BRA-01
2015-08-18,11.2,12595.47,AS-BRA-01
2015-08-19,43.1,20275.11,AS-BRA-01
2015-08-20,49.4,25289.39,AS-BRA-01
2015-08-21,5.7,16540.78,AS-BRA-01
2015-08-22,37.3,18812.32,AS-BRA-01
2015-08-23,31.7,17708.2,AS-BRA-01
2015-08-24,6.0,14283.3,AS-BRA-01
2015-08-25,17.1,14564.61,AS-BRA-01
2015-08-26,29.5,17792.59,AS-BRA-01
2015-08-27,31.7,20028.97,AS-BRA-01
2015-08-28,11.7,18010.6,AS-BRA-01
2015-08-29,28.7,19888.32,AS-BRA-01
2015-08-30,10.8,16618.14,AS-BRA-01
2015-08-31,88.3,43103.08,AS-BRA-01
2015-09-01,42.7,47132.78,AS-BRA-01
2015-09-02,22.2,31407.79,AS-BRA-01
2015-09-03,39.7,32385.33,AS-BRA-01
2015-09-04,13.0,23144.43,AS-BRA-01
2015-09-05,9.1,18270.81,AS-BRA-01
2015-09-06,7.5,16336.83,AS-BRA-01
2015-09-07,1.4,14423.95,AS-BRA-01
2015-09-08,0.5,12975.23,AS-BRA-01
2015-09-09,4.5,12103.18,AS-BRA-01
2015-09-10,51.4,22539.63,AS-BRA-01
2015-09-11,11.8,17834.79,AS-BRA-01
2015-09-12,1.7,13931.67,AS-BRA-01
2015-09-13,16.7,13798.05,AS-BRA-01
2015-09-14,30.7,15830.48,AS-BRA-01
2015-09-15,8.8,13896.51,AS-BRA-01
2015-09-16,2.0,11688.26,AS-BRA-01
2015-09-17,2.3,10492.71,AS-BRA-01
2015-09-18,0.0,9416.71,AS-BRA-01
2015-09-19,39.4,25106.54,AS-BRA-01
2015-09-20,64.8,37955.18,AS-BRA-01
2015-09-21,25.5,28018.06,AS-BRA-01
2015-09-22,31.7,24986.99,AS-BRA-01
2015-09-23,18.0,20472.03,AS-BRA-01
2015-09-24,5.2,15675.76,AS-BRA-01
2015-09-25,0.6,12750.18,AS-BRA-01
2015-09-26,0.2,11062.35,AS-BRA-01
2015-09-27,0.0,9951.19,AS-BRA-01
2015-09-28,0.1,9107.27,AS-BRA-01
2015-09-29,0.0,8418.08,AS-BRA-01
2015-09-30,0.4,7806.24,AS-BRA-01
2015-10-01,1.9,7320.98,AS-BRA-01
2015-10-02,2.1,6891.99,AS-BRA-01
2015-10-03,1.4,6470.03,AS-BRA-01
2015-10-04,0.2,6034.01,AS-BRA-01
2015-10-05,0.0,5633.15,AS-BRA-01
2015-10-06,2.5,5436.23,AS-BRA-01
2015-10-07,15.9,7039.68,AS-BRA-01
2015-10-08,6.6,6470.03,AS-BRA-01
2015-10-09,1.0,5478.43,AS-BRA-01
2015-10-10,10.7,5661.28,AS-BRA-01
2015-10-11,4.9,5379.97,AS-BRA-01
2015-10-12,3.5,4768.13,AS-BRA-01
2015-10-13,10.4,5007.24,AS-BRA-01
2015-10-14,7.9,4768.13,AS-BRA-01
2015-10-15,4.4,4409.47,AS-BRA-01
2015-10-16,2.6,4121.13,AS-BRA-01
2015-10-17,1.0,3649.94,AS-BRA-01
2015-10-18,0.4,3263.15,AS-BRA-01
2015-10-19,0.5,2981.84,AS-BRA-01
2015-10-20,0.5,2735.7,AS-BRA-01
2015-10-21,0.9,2538.78,AS-BRA-01
2015-10-22,1.9,2377.03,AS-BRA-01
2015-10-23,2.8,2292.64,AS-BRA-01
2015-10-24,0.0,2130.89,AS-BRA-01
2015-10-25,0.0,1955.08,AS-BRA-01
2015-10-26,0.0,1793.32,AS-BRA-01
2015-10-27,0.3,1638.61,AS-BRA-01
2015-10-28,0.0,1497.95,AS-BRA-01
2015-10-29,0.0,1364.33,AS-BRA-01
2015-10-30,1.3,1294.01,AS-BRA-01
2015-10-31,1.6,1188.52,AS-BRA-01
2015-11-01,3.1,1111.16,AS-BRA-01
2015-11-02,0.8,1012.7,AS-BRA-01
2015-11-03,0.1,914.24,AS-BRA-01
2015-11-04,1.3,829.85,AS-BRA-01
2015-11-05,0.7,752.49,AS-BRA-01
2015-11-06,0.7,675.13,AS-BRA-01
2015-11-07,0.0,597.77,AS-BRA-01
2015-11-08,0.0,520.42,AS-BRA-01
2015-11-09,0.0,443.06,AS-BRA-01
2015-11-10,0.0,379.76,AS-BRA-01
2015-11-11,0.0,309.44,AS-BRA-01
2015-11-12,0.0,253.18,AS-BRA-01
2015-11-13,0.0,203.95,AS-BRA-01
2015-11-14,0.0,182.85,AS-BRA-01
2015-11-15,0.4,175.82,AS-BRA-01
2015-11-16,0.5,182.85,AS-BRA-01
2015-11-17,0.0,189.88,AS-BRA-01
2015-11-18,0.8,182.85,AS-BRA-01
2015-11-19,0.0,182.85,AS-BRA-01
2015-11-20,0.0,175.82,AS-BRA-01
2015-11-21,0.0,175.82,AS-BRA-01
2015-11-22,0.0,168.78,AS-BRA-01
2015-11-23,0.0,168.78,AS-BRA-01
2015-11-24,0.0,161.75,AS-BRA-01
2015-11-25,0.0,161.75,AS-BRA-01
2015-11-26,0.0,154.72,AS-BRA-01
2015-11-27,0.0,154.72,AS-BRA-01
2015-11-28,0.0,154.72,AS-BRA-01
2015-11-29,0.0,147.69,AS-BRA-01
2015-11-30,0.0,147.69,AS-BRA-01
2015-12-01,0.0,126.59,AS-BRA-01
2015-12-02,0.0,112.52,AS-BRA-01
2015-12-03,3.9,203.95,AS-BRA-01
2015-12-04,0.3,210.98,AS-BRA-01
2015-12-05,0.0,175.82,AS-BRA-01
2015-12-06,0.0,147.69,AS-BRA-01
2015-12-07,0.0,140.65,AS-BRA-01
2015-12-08,0.1,133.62,AS-BRA-01
2015-12-09,0.0,126.59,AS-BRA-01
2015-12-10,0.0,119.55,AS-BRA-01
2015-12-11,2.7,330.53,AS-BRA-01
2015-12-12,10.8,963.47,AS-BRA-01
2015-12-13,0.0,738.43,AS-BRA-01
2015-12-14,0.0,436.02,AS-BRA-01
2015-12-15,0.4,295.37,AS-BRA-01
2015-12-16,0.0,225.04,AS-BRA-01
2015-12-17,0.0,182.85,AS-BRA-01
2015-12-18,0.3,154.72,AS-BRA-01
2015-12-19,0.3,133.62,AS-BRA-01
2015-12-20,0.0,126.59,AS-BRA-01
2015-12-21,0.0,119.55,AS-BRA-01
2015-12-22,0.0,112.52,AS-BRA-01
2015-12-23,0.0,105.49,AS-BRA-01
2015-12-24,0.0,105.49,AS-BRA-01
2015-12-25,0.0,105.49,AS-BRA-01
2015-12-26,0.0,98.46,AS-BRA-01
2015-12-27,0.0,98.46,AS-BRA-01
2015-12-28,0.0,91.42,AS-BRA-01
2015-12-29,0.0,91.42,AS-BRA-01
2015-12-30,0.0,91.42,AS-BRA-01
2015-12-31,0.3,84.39,AS-BRA-01
2016-01-01,0.0,84.39,AS-BRA-01
2016-01-02,0.0,84.39,AS-BRA-01
2016-01-03,0.0,84.39,AS-BRA-01
2016-01-04,0.0,77.36,AS-BRA-01
2016-01-05,0.0,77.36,AS-BRA-01
2016-01-06,0.0,77.36,AS-BRA-01
2016-01-07,0.0,77.36,AS-BRA-01
2016-01-08,6.2,267.24,AS-BRA-01
2016-01-09,15.1,829.85,AS-BRA-01
2016-01-10,0.2,625.91,AS-BRA-01
2016-01-11,0.0,365.7,AS-BRA-01
2016-01-12,0.0,232.08,AS-BRA-01
2016-01-13,0.0,168.78,AS-BRA-01
2016-01-14,0.0,133.62,AS-BRA-01
2016-01-15,0.4,112.52,AS-BRA-01
2016-01-16,0.8,105.49,AS-BRA-01
2016-01-17,0.0,91.42,AS-BRA-01
2016-01-18,0.0,84.39,AS-BRA-01
2016-01-19,1.5,91.42,AS-BRA-01
2016-01-20,10.8,696.23,AS-BRA-01
2016-01-21,0.0,661.07,AS-BRA-01
2016-01-22,0.0,400.86,AS-BRA-01
2016-01-23,0.0,246.14,AS-BRA-01
2016-01-24,0.1,182.85,AS-BRA-01
2016-01-25,2.0,203.95,AS-BRA-01
2016-01-26,3.2,309.44,AS-BRA-01
2016-01-27,7.7,879.08,AS-BRA-01
2016-01-28,0.0,675.13,AS-BRA-01
2016-01-29,0.0,386.8,AS-BRA-01
2016-01-30,0.0,246.14,AS-BRA-01
2016-01-31,0.1,168.78,AS-BRA-01
2016-02-01,0.9,168.78,AS-BRA-01
2016-02-02,0.1,154.72,AS-BRA-01
2016-02-03,0.3,225.04,AS-BRA-01
2016-02-04,0.0,210.98,AS-BRA-01
2016-02-05,0.0,168.78,AS-BRA-01
2016-02-06,0.0,147.69,AS-BRA-01
2016-02-07,0.0,126.59,AS-BRA-01
2016-02-08,0.5,112.52,AS-BRA-01
2016-02-09,8.6,562.61,AS-BRA-01
2016-02-10,0.8,576.68,AS-BRA-01
2016-02-11,2.9,485.25,AS-BRA-01
2016-02-12,0.7,365.7,AS-BRA-01
2016-02-13,0.2,267.24,AS-BRA-01
2016-02-14,0.0,189.88,AS-BRA-01
2016-02-15,0.0,154.72,AS-BRA-01
2016-02-16,0.0,133.62,AS-BRA-01
2016-02-17,0.0,126.59,AS-BRA-01
2016-02-18,0.7,112.52,AS-BRA-01
2016-02-19,0.9,133.62,AS-BRA-01
2016-02-20,1.5,168.78,AS-BRA-01
2016-02-21,0.3,147.69,AS-BRA-01
2016-02-22,0.0,126.59,AS-BRA-01
2016-02-23,0.0,112.52,AS-BRA-01
2016-02-24,0.1,105.49,AS-BRA-01
2016-02-25,0.0,105.49,AS-BRA-01
2016-02-26,0.0,91.42,AS-BRA-01
2016-02-27,0.2,91.42,AS-BRA-01
2016-02-28,0.0,91.42,AS-BRA-01
2016-02-29,1.3,91.42,AS-BRA-01
2016-03-01,1.3,105.49,AS-BRA-01
2016-03-02,0.0,105.49,AS-BRA-01
2016-03-03,0.8,105.49,AS-BRA-01
2016-03-04,3.2,147.69,AS-BRA-01
2016-03-05,0.1,133.62,AS-BRA-01
2016-03-06,2.0,154.72,AS-BRA-01
2016-03-07,1.0,147.69,AS-BRA-01
2016-03-08,1.5,147.69,AS-BRA-01
2016-03-09,0.0,133.62,AS-BRA-01
2016-03-10,0.0,112.52,AS-BRA-01
2016-03-11,0.1,105.49,AS-BRA-01
2016-03-12,0.3,91.42,AS-BRA-01
2016-03-13,0.0,91.42,AS-BRA-01
2016-03-14,0.0,91.42,AS-BRA-01
2016-03-15,0.0,70.33,AS-BRA-01
2016-03-16,0.0,70.33,AS-BRA-01
2016-03-17,0.0,70.33,AS-BRA-01
2016-03-18,0.0,70.33,AS-BRA-01
2016-03-19,0.0,70.33,AS-BRA-01
2016-03-20,2.7,112.52,AS-BRA-01
2016-03-21,8.4,400.86,AS-BRA-01
2016-03-22,0.0,351.63,AS-BRA-01
2016-03-23,0.0,225.04,AS-BRA-01
2016-03-24,0.0,154.72,AS-BRA-01
2016-03-25,0.0,133.62,AS-BRA-01
2016-03-26,0.1,112.52,AS-BRA-01
2016-03-27,14.8,857.98,AS-BRA-01
2016-03-28,14.2,1568.28,AS-BRA-01
2016-03-29,0.8,949.41,AS-BRA-01
2016-03-30,5.2,682.17,AS-BRA-01
2016-03-31,4.8,597.77,AS-BRA-01
2016-04-01,1.5,464.15,AS-BRA-01
2016-04-02,1.1,309.44,AS-BRA-01
2016-04-03,6.6,443.06,AS-BRA-01
2016-04-04,3.7,682.17,AS-BRA-01
2016-04-05,20.3,1631.57,AS-BRA-01
2016-04-06,4.5,1237.75,AS-BRA-01
2016-04-07,5.8,836.88,AS-BRA-01
2016-04-08,0.0,506.35,AS-BRA-01
2016-04-09,3.4,421.96,AS-BRA-01
2016-04-10,0.6,309.44,AS-BRA-01
2016-04-11,1.1,225.04,AS-BRA-01
2016-04-12,0.0,182.85,AS-BRA-01
2016-04-13,0.0,154.72,AS-BRA-01
2016-04-14,11.3,527.45,AS-BRA-01
2016-04-15,1.4,464.15,AS-BRA-01
2016-04-16,8.9,639.97,AS-BRA-01
2016-04-17,13.8,1476.86,AS-BRA-01
2016-04-18,19.2,2707.57,AS-BRA-01
2016-04-19,36.6,4662.64,AS-BRA-01
2016-04-20,54.4,8460.27,AS-BRA-01
2016-04-21,26.7,5942.58,AS-BRA-01
2016-04-22,2.0,3256.11,AS-BRA-01
2016-04-23,19.8,3185.79,AS-BRA-01
2016-04-24,2.4,2243.41,AS-BRA-01
2016-04-25,0.7,1568.28,AS-BRA-01
2016-04-26,8.5,1631.57,AS-BRA-01
2016-04-27,11.2,1673.77,AS-BRA-01
2016-04-28,1.0,1301.04,AS-BRA-01
2016-04-29,7.5,1364.33,AS-BRA-01
2016-04-30,3.3,1209.61,AS-BRA-01
2016-05-01,10.0,1427.63,AS-BRA-01
2016-05-02,0.4,1146.32,AS-BRA-01
2016-05-03,0.9,836.88,AS-BRA-01
2016-05-04,8.1,1061.93,AS-BRA-01
2016-05-05,9.5,1582.35,AS-BRA-01
2016-05-06,10.1,1786.29,AS-BRA-01
2016-05-07,3.5,1322.14,AS-BRA-01
2016-05-08,0.0,928.31,AS-BRA-01
2016-05-09,1.9,710.3,AS-BRA-01
2016-05-10,3.7,682.17,AS-BRA-01
2016-05-11,9.1,1075.99,AS-BRA-01
2016-05-12,8.8,1146.32,AS-BRA-01
2016-05-13,40.6,4472.76,AS-BRA-01
2016-05-14,44.2,11744.52,AS-BRA-01
2016-05-15,51.1,16104.76,AS-BRA-01
2016-05-16,28.3,10520.84,AS-BRA-01
2016-05-17,15.5,6948.25,AS-BRA-01
2016-05-18,17.1,5450.3,AS-BRA-01
2016-05-19,1.9,3938.28,AS-BRA-01
2016-05-20,21.5,6505.2,AS-BRA-01
2016-05-21,20.0,9705.05,AS-BRA-01
2016-05-22,0.3,6385.64,AS-BRA-01
2016-05-23,0.4,4395.4,AS-BRA-01
2016-05-24,8.6,4177.39,AS-BRA-01
2016-05-25,9.8,4107.06,AS-BRA-01
2016-05-26,4.5,3607.75,AS-BRA-01
2016-05-27,5.3,3431.93,AS-BRA-01
2016-05-28,16.6,4929.88,AS-BRA-01
2016-05-29,19.9,5541.72,AS-BRA-01
2016-05-30,9.9,4697.81,AS-BRA-01
2016-05-31,0.9,3565.55,AS-BRA-01
2016-06-01,2.8,3101.4,AS-BRA-01
2016-06-02,2.5,2749.76,AS-BRA-01
2016-06-03,1.2,2468.46,AS-BRA-01
2016-06-04,2.0,2264.51,AS-BRA-01
2016-06-05,10.3,2770.86,AS-BRA-01
2016-06-06,9.2,3080.3,AS-BRA-01
2016-06-07,13.1,3938.28,AS-BRA-01
2016-06-08,4.4,3410.83,AS-BRA-01
2016-06-09,7.9,4479.79,AS-BRA-01
2016-06-10,6.1,4029.71,AS-BRA-01
2016-06-11,7.7,4093.0,AS-BRA-01
2016-06-12,30.4,7953.92,AS-BRA-01
2016-06-13,21.4,8607.96,AS-BRA-01
2016-06-14,14.6,7131.1,AS-BRA-01
2016-06-15,27.3,10007.45,AS-BRA-01
2016-06-16,27.4,11512.44,AS-BRA-01
2016-06-17,30.7,17068.23,AS-BRA-01
2016-06-18,37.0,20176.66,AS-BRA-01
2016-06-19,8.5,14142.65,AS-BRA-01
2016-06-20,3.5,9754.28,AS-BRA-01
2016-06-21,5.7,8389.95,AS-BRA-01
2016-06-22,9.8,8326.65,AS-BRA-01
2016-06-23,12.4,8094.57,AS-BRA-01
2016-06-24,4.6,7707.78,AS-BRA-01
2016-06-25,12.0,7953.92,AS-BRA-01
2016-06-26,15.4,9367.48,AS-BRA-01
2016-06-27,28.4,13038.52,AS-BRA-01
2016-06-28,21.8,11955.5,AS-BRA-01
2016-06-29,10.8,10900.6,AS-BRA-01
2016-06-30,10.9,10056.68,AS-BRA-01
2016-07-01,20.3,13425.32,AS-BRA-01
2016-07-02,80.3,25043.25,AS-BRA-01
2016-07-03,23.7,18404.43,AS-BRA-01
2016-07-04,24.9,19986.78,AS-BRA-01
2016-07-05,14.4,16062.56,AS-BRA-01
2016-07-06,29.3,15865.65,AS-BRA-01
2016-07-07,6.5,12813.48,AS-BRA-01
2016-07-08,28.8,14923.27,AS-BRA-01
2016-07-09,35.7,16498.58,AS-BRA-01
2016-07-10,23.4,15633.57,AS-BRA-01
2016-07-11,16.5,15331.17,AS-BRA-01
2016-07-12,11.9,15113.15,AS-BRA-01
2016-07-13,7.0,13038.52,AS-BRA-01
2016-07-14,10.4,12103.18,AS-BRA-01
2016-07-15,31.1,15035.79,AS-BRA-01
2016-07-16,48.8,22757.64,AS-BRA-01
2016-07-17,15.6,18854.52,AS-BRA-01
2016-07-18,14.6,17194.82,AS-BRA-01
2016-07-19,21.3,20176.66,AS-BRA-01
2016-07-20,15.9,18137.19,AS-BRA-01
2016-07-21,17.1,18720.9,AS-BRA-01
2016-07-22,17.2,18587.28,AS-BRA-01
2016-07-23,9.6,16139.92,AS-BRA-01
2016-07-24,25.8,17405.8,AS-BRA-01
2016-07-25,67.4,34938.18,AS-BRA-01
2016-07-26,57.9,33883.28,AS-BRA-01
2016-07-27,14.2,22975.65,AS-BRA-01
2016-07-28,25.8,19599.98,AS-BRA-01
2016-07-29,10.9,16301.67,AS-BRA-01
2016-07-30,27.4,17750.4,AS-BRA-01
2016-07-31,14.4,15633.57,AS-BRA-01
2016-08-01,11.1,13833.21,AS-BRA-01
2016-08-02,4.1,12342.29,AS-BRA-01
2016-08-03,13.7,13727.72,AS-BRA-01
2016-08-04,27.9,17834.79,AS-BRA-01
2016-08-05,48.0,22054.37,AS-BRA-01
2016-08-06,74.1,36197.02,AS-BRA-01
2016-08-07,49.1,31928.21,AS-BRA-01
2016-08-08,9.7,21273.75,AS-BRA-01
2016-08-09,31.9,22863.13,AS-BRA-01
2016-08-10,1.1,17490.19,AS-BRA-01
2016-08-11,19.4,18587.28,AS-BRA-01
2016-08-12,5.8,15633.57,AS-BRA-01
2016-08-13,14.5,15598.41,AS-BRA-01
2016-08-14,7.8,13594.1,AS-BRA-01
2016-08-15,7.3,12433.72,AS-BRA-01
2016-08-16,0.6,10900.6,AS-BRA-01
2016-08-17,9.8,10759.95,AS-BRA-01
2016-08-18,1.8,10056.68,AS-BRA-01
2016-08-19,0.8,9036.95,AS-BRA-01
2016-08-20,0.1,8263.36,AS-BRA-01
2016-08-21,5.5,7932.82,AS-BRA-01
2016-08-22,2.4,7728.88,AS-BRA-01
2016-08-23,0.0,7074.84,AS-BRA-01
2016-08-24,0.2,6484.1,AS-BRA-01
2016-08-25,15.5,8115.67,AS-BRA-01
2016-08-26,2.7,7243.62,AS-BRA-01
2016-08-27,7.3,7074.84,AS-BRA-01
2016-08-28,14.2,7095.94,AS-BRA-01
2016-08-29,6.1,6575.52,AS-BRA-01
2016-08-30,25.8,8439.17,AS-BRA-01
2016-08-31,10.4,8157.87,AS-BRA-01
2016-09-01,4.9,7222.53,AS-BRA-01
2016-09-02,16.0,7489.77,AS-BRA-01
2016-09-03,14.0,9606.59,AS-BRA-01
2016-09-04,59.8,21020.57,AS-BRA-01
2016-09-05,10.5,15373.36,AS-BRA-01
2016-09-06,23.2,13692.56,AS-BRA-01
2016-09-07,29.7,15830.48,AS-BRA-01
2016-09-08,1.9,11955.5,AS-BRA-01
2016-09-09,19.5,13200.27,AS-BRA-01
2016-09-10,21.9,13228.4,AS-BRA-01
2016-09-11,21.2,12750.18,AS-BRA-01
2016-09-12,19.7,13038.52,AS-BRA-01
2016-09-13,67.2,19888.32,AS-BRA-01
2016-09-14,34.2,18538.05,AS-BRA-01
2016-09-15,9.6,14747.46,AS-BRA-01
2016-09-16,22.1,12532.17,AS-BRA-01
2016-09-17,21.6,12778.32,AS-BRA-01
2016-09-18,16.4,12342.29,AS-BRA-01
2016-09-19,29.4,14529.44,AS-BRA-01
2016-09-20,35.5,16744.73,AS-BRA-01
2016-09-21,64.1,23988.35,AS-BRA-01
2016-09-22,10.9,16906.48,AS-BRA-01
2016-09-23,13.3,14423.95,AS-BRA-01
2016-09-24,17.8,14852.95,AS-BRA-01
2016-09-25,12.5,13762.89,AS-BRA-01
2016-09-26,16.6,13003.36,AS-BRA-01
2016-09-27,6.9,11174.87,AS-BRA-01
2016-09-28,22.1,11512.44,AS-BRA-01
2016-09-29,15.7,11568.7,AS-BRA-01
2016-09-30,5.8,9880.87,AS-BRA-01
2016-10-01,2.7,8769.71,AS-BRA-01
2016-10-02,5.3,8073.48,AS-BRA-01
2016-10-03,3.9,7320.98,AS-BRA-01
2016-10-04,6.8,7145.17,AS-BRA-01
2016-10-05,5.2,6786.5,AS-BRA-01
2016-10-06,33.4,11631.99,AS-BRA-01
2016-10-07,18.6,11034.22,AS-BRA-01
2016-10-08,14.2,9508.14,AS-BRA-01
2016-10-09,14.0,9606.59,AS-BRA-01
2016-10-10,43.8,23763.31,AS-BRA-01
2016-10-11,127.3,36977.65,AS-BRA-01
2016-10-12,40.8,32315.0,AS-BRA-01
2016-10-13,0.2,19178.02,AS-BRA-01
2016-10-14,0.3,13692.56,AS-BRA-01
2016-10-15,0.2,11203.0,AS-BRA-01
2016-10-16,0.0,9754.28,AS-BRA-01
2016-10-17,0.0,8769.71,AS-BRA-01
2016-10-18,0.0,7996.12,AS-BRA-01
2016-10-19,0.0,7356.15,AS-BRA-01
2016-10-20,1.0,6800.57,AS-BRA-01
2016-10-21,0.0,6336.41,AS-BRA-01
2016-10-22,0.0,5893.36,AS-BRA-01
2016-10-23,0.0,5492.5,AS-BRA-01
2016-10-24,0.0,5119.77,AS-BRA-01
2016-10-25,0.0,4782.2,AS-BRA-01
2016-10-26,0.0,4458.7,AS-BRA-01
2016-10-27,3.8,4620.45,AS-BRA-01
2016-10-28,0.0,4296.95,AS-BRA-01
2016-10-29,0.5,3910.15,AS-BRA-01
2016-10-30,2.1,3621.81,AS-BRA-01
2016-10-31,0.0,3354.57,AS-BRA-01
2016-11-01,0.0,3094.36,AS-BRA-01
2016-11-02,0.0,2855.25,AS-BRA-01
2016-11-03,0.0,2644.27,AS-BRA-01
2016-11-04,0.0,2447.36,AS-BRA-01
2016-11-05,0.1,2264.51,AS-BRA-01
2016-11-06,0.0,2102.76,AS-BRA-01
2016-11-07,0.0,1941.01,AS-BRA-01
2016-11-08,0.9,1807.39,AS-BRA-01
2016-11-09,0.0,1694.87,AS-BRA-01
2016-11-10,0.0,1554.21,AS-BRA-01
2016-11-11,0.8,1441.69,AS-BRA-01
2016-11-12,0.1,1336.2,AS-BRA-01
2016-11-13,0.4,1237.75,AS-BRA-01
2016-11-14,0.2,1125.22,AS-BRA-01
2016-11-15,0.0,1019.73,AS-BRA-01
2016-11-16,0.0,928.31,AS-BRA-01
2016-11-17,0.0,829.85,AS-BRA-01
2016-11-18,0.0,738.43,AS-BRA-01
2016-11-19,0.0,661.07,AS-BRA-01
2016-11-20,0.0,583.71,AS-BRA-01
2016-11-21,0.0,506.35,AS-BRA-01
2016-11-22,0.0,443.06,AS-BRA-01
2016-11-23,0.0,379.76,AS-BRA-01
2016-11-24,0.0,309.44,AS-BRA-01
2016-11-25,0.0,253.18,AS-BRA-01
2016-11-26,0.0,225.04,AS-BRA-01
2016-11-27,0.0,210.98,AS-BRA-01
2016-11-28,0.1,210.98,AS-BRA-01
2016-11-29,0.0,210.98,AS-BRA-01
2016-11-30,0.0,210.98,AS-BRA-01
2016-12-01,0.5,189.88,AS-BRA-01
2016-12-02,0.0,182.85,AS-BRA-01
2016-12-03,0.0,182.85,AS-BRA-01
2016-12-04,0.0,168.78,AS-BRA-01
2016-12-05,0.0,168.78,AS-BRA-01
2016-12-06,0.0,168.78,AS-BRA-01
2016-12-07,0.0,168.78,AS-BRA-01
2016-12-08,0.0,168.78,AS-BRA-01
2016-12-09,0.0,168.78,AS-BRA-01
2016-12-10,0.0,168.78,AS-BRA-01
2016-12-11,0.0,168.78,AS-BRA-01
2016-12-12,0.0,154.72,AS-BRA-01
2016-12-13,0.0,154.72,AS-BRA-01
2016-12-14,0.0,154.72,AS-BRA-01
2016-12-15,0.0,154.72,AS-BRA-01
2016-12-16,0.0,154.72,AS-BRA-01
2016-12-17,0.0,154.72,AS-BRA-01
2016-12-18,0.8,154.72,AS-BRA-01
2016-12-19,0.4,189.88,AS-BRA-01
2016-12-20,0.2,232.08,AS-BRA-01
2016-12-21,0.0,225.04,AS-BRA-01
2016-12-22,0.0,203.95,AS-BRA-01
2016-12-23,0.0,189.88,AS-BRA-01
2016-12-24,0.5,182.85,AS-BRA-01
2016-12-25,0.1,168.78,AS-BRA-01
2016-12-26,0.6,232.08,AS-BRA-01
2016-12-27,0.1,246.14,AS-BRA-01
2016-12-28,0.0,210.98,AS-BRA-01
2016-12-29,0.0,189.88,AS-BRA-01
2016-12-30,0.0,182.85,AS-BRA-01
2016-12-31,0.0,168.78,AS-BRA-01
2017-01-01,0.0,147.69,AS-BRA-01
2017-01-02,0.0,133.62,AS-BRA-01
2017-01-03,0.0,133.62,AS-BRA-01
2017-01-04,1.4,126.59,AS-BRA-01
2017-01-05,0.0,126.59,AS-BRA-01
2017-01-06,0.0,126.59,AS-BRA-01
2017-01-07,0.0,126.59,AS-BRA-01
2017-01-08,0.0,126.59,AS-BRA-01
2017-01-09,0.0,112.52,AS-BRA-01
2017-01-10,0.1,112.52,AS-BRA-01
2017-01-11,0.0,112.52,AS-BRA-01
2017-01-12,0.4,112.52,AS-BRA-01
2017-01-13,0.0,112.52,AS-BRA-01
2017-01-14,0.0,112.52,AS-BRA-01
2017-01-15,0.0,112.52,AS-BRA-01
2017-01-16,0.0,112.52,AS-BRA-01
2017-01-17,0.0,112.52,AS-BRA-01
2017-01-18,0.0,112.52,AS-BRA-01
2017-01-19,0.0,112.52,AS-BRA-01
2017-01-20,0.0,91.42,AS-BRA-01
2017-01-21,0.0,91.42,AS-BRA-01
2017-01-22,0.0,91.42,AS-BRA-01
2017-01-23,0.0,91.42,AS-BRA-01
2017-01-24,0.0,91.42,AS-BRA-01
2017-01-25,0.0,91.42,AS-BRA-01
2017-01-26,0.0,91.42,AS-BRA-01
2017-01-27,0.0,91.42,AS-BRA-01
2017-01-28,1.0,246.14,AS-BRA-01
2017-01-29,0.0,246.14,AS-BRA-01
2017-01-30,0.0,203.95,AS-BRA-01
2017-01-31,1.0,154.72,AS-BRA-01
2017-02-01,0.5,154.72,AS-BRA-01
2017-02-02,0.2,154.72,AS-BRA-01
2017-02-03,0.0,154.72,AS-BRA-01
2017-02-04,0.0,133.62,AS-BRA-01
2017-02-05,0.0,133.62,AS-BRA-01
2017-02-06,0.0,133.62,AS-BRA-01
2017-02-07,0.2,133.62,AS-BRA-01
2017-02-08,0.1,112.52,AS-BRA-01
2017-02-09,0.0,112.52,AS-BRA-01
2017-02-10,0.0,112.52,AS-BRA-01
2017-02-11,0.0,112.52,AS-BRA-01
2017-02-12,0.0,112.52,AS-BRA-01
2017-02-13,0.0,112.52,AS-BRA-01
2017-02-14,0.0,112.52,AS-BRA-01
2017-02-15,0.0,112.52,AS-BRA-01
2017-02-16,0.0,112.52,AS-BRA-01
2017-02-17,0.0,112.52,AS-BRA-01
2017-02-18,0.0,112.52,AS-BRA-01
2017-02-19,0.0,112.52,AS-BRA-01
2017-02-20,10.6,682.17,AS-BRA-01
2017-02-21,3.4,1012.7,AS-BRA-01
2017-02-22,0.2,752.49,AS-BRA-01
2017-02-23,0.0,464.15,AS-BRA-01
2017-02-24,0.0,309.44,AS-BRA-01
2017-02-25,0.8,225.04,AS-BRA-01
2017-02-26,0.0,182.85,AS-BRA-01
2017-02-27,0.5,154.72,AS-BRA-01
2017-02-28,0.0,133.62,AS-BRA-01
2017-03-01,1.1,112.52,AS-BRA-01
2017-03-02,0.4,112.52,AS-BRA-01
2017-03-03,0.0,91.42,AS-BRA-01
2017-03-04,0.0,379.76,AS-BRA-01
2017-03-05,1.2,597.77,AS-BRA-01
2017-03-06,0.0,421.96,AS-BRA-01
2017-03-07,0.2,267.24,AS-BRA-01
2017-03-08,0.1,203.95,AS-BRA-01
2017-03-09,3.0,288.34,AS-BRA-01
2017-03-10,7.9,752.49,AS-BRA-01
2017-03-11,31.5,1870.68,AS-BRA-01
2017-03-12,0.6,1167.42,AS-BRA-01
2017-03-13,0.0,597.77,AS-BRA-01
2017-03-14,0.0,351.63,AS-BRA-01
2017-03-15,0.0,246.14,AS-BRA-01
2017-03-16,0.0,182.85,AS-BRA-01
2017-03-17,1.8,133.62,AS-BRA-01
2017-03-18,4.1,421.96,AS-BRA-01
2017-03-19,8.2,421.96,AS-BRA-01
2017-03-20,0.0,379.76,AS-BRA-01
2017-03-21,0.0,288.34,AS-BRA-01
2017-03-22,0.1,203.95,AS-BRA-01
2017-03-23,0.0,154.72,AS-BRA-01
2017-03-24,1.8,133.62,AS-BRA-01
2017-03-25,3.4,337.57,AS-BRA-01
2017-03-26,3.7,555.58,AS-BRA-01
2017-03-27,3.9,400.86,AS-BRA-01
2017-03-28,4.9,991.6,AS-BRA-01
2017-03-29,18.7,1385.43,AS-BRA-01
2017-03-30,10.7,2468.46,AS-BRA-01
2017-03-31,46.0,2025.4,AS-BRA-01
2017-04-01,55.6,4107.06,AS-BRA-01
2017-04-02,18.7,3586.65,AS-BRA-01
2017-04-03,22.8,2595.05,AS-BRA-01
2017-04-04,20.2,2285.61,AS-BRA-01
2017-04-05,1.5,1476.86,AS-BRA-01
2017-04-06,1.6,970.5,AS-BRA-01
2017-04-07,9.2,1104.13,AS-BRA-01
2017-04-08,3.2,970.5,AS-BRA-01
2017-04-09,0.1,710.3,AS-BRA-01
2017-04-10,0.0,506.35,AS-BRA-01
2017-04-11,0.0,379.76,AS-BRA-01
2017-04-12,0.0,288.34,AS-BRA-01
2017-04-13,0.7,225.04,AS-BRA-01
2017-04-14,4.7,182.85,AS-BRA-01
2017-04-15,8.3,1012.7,AS-BRA-01
2017-04-16,0.3,991.6,AS-BRA-01
2017-04-17,0.0,639.97,AS-BRA-01
2017-04-18,1.1,421.96,AS-BRA-01
2017-04-19,6.5,1258.84,AS-BRA-01
2017-04-20,36.9,2334.84,AS-BRA-01
2017-04-21,21.1,3164.69,AS-BRA-01
2017-04-22,32.1,3101.4,AS-BRA-01
2017-04-23,4.1,2644.27,AS-BRA-01
2017-04-24,6.0,2180.12,AS-BRA-01
2017-04-25,0.7,2004.3,AS-BRA-01
2017-04-26,2.9,1364.33,AS-BRA-01
2017-04-27,0.3,949.41,AS-BRA-01
2017-04-28,1.9,773.59,AS-BRA-01
2017-04-29,0.6,724.36,AS-BRA-01
2017-04-30,5.1,639.97,AS-BRA-01
2017-05-01,0.2,506.35,AS-BRA-01
2017-05-02,0.2,421.96,AS-BRA-01
2017-05-03,1.8,400.86,AS-BRA-01
2017-05-04,1.6,991.6,AS-BRA-01
2017-05-05,0.9,1061.93,AS-BRA-01
2017-05-06,9.4,1237.75,AS-BRA-01
2017-05-07,1.2,991.6,AS-BRA-01
2017-05-08,1.1,900.18,AS-BRA-01
2017-05-09,8.4,857.98,AS-BRA-01
2017-05-10,9.7,1301.04,AS-BRA-01
2017-05-11,8.2,991.6,AS-BRA-01
2017-05-12,0.5,1237.75,AS-BRA-01
2017-05-13,12.1,2552.85,AS-BRA-01
2017-05-14,7.4,2243.41,AS-BRA-01
2017-05-15,5.8,2004.3,AS-BRA-01
2017-05-16,2.9,1786.29,AS-BRA-01
2017-05-17,4.8,1807.39,AS-BRA-01
2017-05-18,3.5,1455.76,AS-BRA-01
2017-05-19,3.7,1188.52,AS-BRA-01
2017-05-20,3.3,1075.99,AS-BRA-01
2017-05-21,3.7,1033.8,AS-BRA-01
2017-05-22,8.1,1061.93,AS-BRA-01
2017-05-23,18.0,1631.57,AS-BRA-01
2017-05-24,4.1,1519.05,AS-BRA-01
2017-05-25,61.3,1758.16,AS-BRA-01
2017-05-26,9.6,2285.61,AS-BRA-01
2017-05-27,0.6,1983.21,AS-BRA-01
2017-05-28,1.3,1849.59,AS-BRA-01
2017-05-29,8.6,3150.62,AS-BRA-01
2017-05-30,52.4,8903.33,AS-BRA-01
2017-05-31,8.3,5633.15,AS-BRA-01
2017-06-01,4.7,3671.04,AS-BRA-01
2017-06-02,29.0,3565.55,AS-BRA-01
2017-06-03,13.3,3565.55,AS-BRA-01
2017-06-04,5.0,3431.93,AS-BRA-01
2017-06-05,0.7,2707.57,AS-BRA-01
2017-06-06,0.2,2095.73,AS-BRA-01
2017-06-07,0.0,1715.97,AS-BRA-01
2017-06-08,1.4,1519.05,AS-BRA-01
2017-06-09,1.6,2419.23,AS-BRA-01
2017-06-10,1.7,4950.98,AS-BRA-01
2017-06-11,10.1,6083.24,AS-BRA-01
2017-06-12,78.6,21428.47,AS-BRA-01
2017-06-13,30.0,18763.1,AS-BRA-01
2017-06-14,2.2,10598.2,AS-BRA-01
2017-06-15,27.2,13727.72,AS-BRA-01
2017-06-16,50.4,16421.23,AS-BRA-01
2017-06-17,8.3,11118.61,AS-BRA-01
2017-06-18,8.1,8481.37,AS-BRA-01
2017-06-19,13.4,9177.6,AS-BRA-01
2017-06-20,7.1,8073.48,AS-BRA-01
2017-06-21,22.2,12532.17,AS-BRA-01
2017-06-22,17.0,10921.7,AS-BRA-01
2017-06-23,8.9,10232.5,AS-BRA-01
2017-06-24,26.5,11631.99,AS-BRA-01
2017-06-25,27.7,12342.29,AS-BRA-01
2017-06-26,23.9,13558.94,AS-BRA-01
2017-06-27,15.9,13298.73,AS-BRA-01
2017-06-28,19.1,13692.56,AS-BRA-01
2017-06-29,2.0,11428.05,AS-BRA-01
2017-06-30,25.8,30739.69,AS-BRA-01
2017-07-01,47.9,27293.69,AS-BRA-01
2017-07-02,37.6,21273.75,AS-BRA-01
2017-07-03,68.8,28763.52,AS-BRA-01
2017-07-04,35.9,32315.0,AS-BRA-01
2017-07-05,37.2,43714.92,AS-BRA-01
2017-07-06,5.3,27356.99,AS-BRA-01
2017-07-07,8.8,20028.97,AS-BRA-01
2017-07-08,32.2,23249.92,AS-BRA-01
2017-07-09,23.7,23474.97,AS-BRA-01
2017-07-10,30.8,29874.67,AS-BRA-01
2017-07-11,22.0,22321.61,AS-BRA-01
2017-07-12,9.4,19227.25,AS-BRA-01
2017-07-13,18.1,25106.54,AS-BRA-01
2017-07-14,3.8,21948.88,AS-BRA-01
2017-07-15,9.6,16906.48,AS-BRA-01
2017-07-16,5.8,14212.97,AS-BRA-01
2017-07-17,0.9,12595.47,AS-BRA-01
2017-07-18,15.2,15788.29,AS-BRA-01
2017-07-19,22.3,19649.21,AS-BRA-01
2017-07-20,18.1,33883.28,AS-BRA-01
2017-07-21,1.8,26393.52,AS-BRA-01
2017-07-22,3.9,20324.34,AS-BRA-01
2017-07-23,14.2,17919.18,AS-BRA-01
2017-07-24,17.8,15183.48,AS-BRA-01
2017-07-25,8.1,13263.57,AS-BRA-01
2017-07-26,20.6,16744.73,AS-BRA-01
2017-07-27,2.8,13931.67,AS-BRA-01
2017-07-28,10.1,16182.12,AS-BRA-01
2017-07-29,6.3,14283.3,AS-BRA-01
2017-07-30,5.4,12011.76,AS-BRA-01
2017-07-31,1.0,10598.2,AS-BRA-01
2017-08-01,13.6,10598.2,AS-BRA-01
2017-08-02,35.6,12159.44,AS-BRA-01
2017-08-03,20.4,11146.74,AS-BRA-01
2017-08-04,20.3,15035.79,AS-BRA-01
2017-08-05,24.7,16906.48,AS-BRA-01
2017-08-06,8.9,16864.28,AS-BRA-01
2017-08-07,2.6,13727.72,AS-BRA-01
2017-08-08,12.0,11835.94,AS-BRA-01
2017-08-09,11.3,11772.65,AS-BRA-01
2017-08-10,32.2,14002.0,AS-BRA-01
2017-08-11,74.4,19698.44,AS-BRA-01
2017-08-12,68.7,28418.92,AS-BRA-01
2017-08-13,22.9,20619.71,AS-BRA-01
2017-08-14,9.2,20127.43,AS-BRA-01
2017-08-15,8.8,15485.88,AS-BRA-01
2017-08-16,15.6,16948.67,AS-BRA-01
2017-08-17,7.5,20872.89,AS-BRA-01
2017-08-18,27.8,18678.7,AS-BRA-01
2017-08-19,22.2,18629.48,AS-BRA-01
2017-08-20,3.4,15633.57,AS-BRA-01
2017-08-21,16.0,13727.72,AS-BRA-01
2017-08-22,1.4,12159.44,AS-BRA-01
2017-08-23,9.9,11343.66,AS-BRA-01
2017-08-24,4.5,10682.59,AS-BRA-01
2017-08-25,3.1,9880.87,AS-BRA-01
2017-08-26,33.4,12405.59,AS-BRA-01
2017-08-27,3.7,11343.66,AS-BRA-01
2017-08-28,7.6,10548.97,AS-BRA-01
2017-08-29,0.4,9346.38,AS-BRA-01
2017-08-30,15.1,9487.04,AS-BRA-01
2017-08-31,14.4,11983.63,AS-BRA-01
2017-09-01,22.2,13298.73,AS-BRA-01
2017-09-02,23.1,13200.27,AS-BRA-01
2017-09-03,45.9,12250.87,AS-BRA-01
2017-09-04,2.9,10105.91,AS-BRA-01
2017-09-05,1.1,8523.57,AS-BRA-01
2017-09-06,2.3,8178.97,AS-BRA-01
2017-09-07,1.7,7433.51,AS-BRA-01
2017-09-08,4.5,7707.78,AS-BRA-01
2017-09-09,18.1,8305.55,AS-BRA-01
2017-09-10,9.6,7953.92,AS-BRA-01
2017-09-11,35.3,7686.68,AS-BRA-01
2017-09-12,13.8,8347.75,AS-BRA-01
2017-09-13,14.5,12342.29,AS-BRA-01
2017-09-14,3.6,9831.64,AS-BRA-01
2017-09-15,2.5,7707.78,AS-BRA-01
2017-09-16,0.0,6505.2,AS-BRA-01
2017-09-17,15.6,6638.82,AS-BRA-01
2017-09-18,4.1,6216.86,AS-BRA-01
2017-09-19,32.8,6202.79,AS-BRA-01
2017-09-20,13.2,11343.66,AS-BRA-01
2017-09-21,2.6,8882.23,AS-BRA-01
2017-09-22,1.4,7053.74,AS-BRA-01
2017-09-23,3.2,6104.34,AS-BRA-01
2017-09-24,11.1,5816.0,AS-BRA-01
2017-09-25,4.5,5204.16,AS-BRA-01
2017-09-26,1.7,4950.98,AS-BRA-01
2017-09-27,0.3,5801.93,AS-BRA-01
2017-09-28,6.7,8010.18,AS-BRA-01
2017-09-29,31.6,19698.44,AS-BRA-01
2017-09-30,5.0,14248.14,AS-BRA-01
2017-10-01,4.0,12497.01,AS-BRA-01
2017-10-02,3.8,10211.4,AS-BRA-01
2017-10-03,3.9,8347.75,AS-BRA-01
2017-10-04,0.3,6765.4,AS-BRA-01
2017-10-05,0.0,6315.31,AS-BRA-01
2017-10-06,10.1,6856.83,AS-BRA-01
2017-10-07,24.8,8418.08,AS-BRA-01
2017-10-08,5.3,7749.97,AS-BRA-01
2017-10-09,7.9,7018.58,AS-BRA-01
2017-10-10,0.4,6519.26,AS-BRA-01
2017-10-11,0.0,5492.5,AS-BRA-01
2017-10-12,5.0,5007.24,AS-BRA-01
2017-10-13,3.7,4690.77,AS-BRA-01
2017-10-14,2.8,4676.71,AS-BRA-01
2017-10-15,1.8,4191.46,AS-BRA-01
2017-10-16,0.7,3748.4,AS-BRA-01
2017-10-17,0.0,3403.8,AS-BRA-01
2017-10-18,0.0,4142.23,AS-BRA-01
2017-10-19,5.0,4599.35,AS-BRA-01
2017-10-20,77.8,11660.12,AS-BRA-01
2017-10-21,63.9,26084.08,AS-BRA-01
2017-10-22,0.5,14494.28,AS-BRA-01
2017-10-23,0.7,9128.37,AS-BRA-01
2017-10-24,1.1,6997.48,AS-BRA-01
2017-10-25,0.0,5801.93,AS-BRA-01
2017-10-26,0.0,5035.37,AS-BRA-01
2017-10-27,0.0,4472.76,AS-BRA-01
2017-10-28,0.0,4036.74,AS-BRA-01
2017-10-29,1.6,4205.52,AS-BRA-01
2017-10-30,3.8,4036.74,AS-BRA-01
2017-10-31,0.0,3586.65,AS-BRA-01
2017-11-01,0.0,3185.79,AS-BRA-01
2017-11-02,0.0,2890.42,AS-BRA-01
2017-11-03,0.0,2644.27,AS-BRA-01
2017-11-04,0.0,2426.26,AS-BRA-01
2017-11-05,0.0,2236.38,AS-BRA-01
2017-11-06,0.0,2053.53,AS-BRA-01
2017-11-07,0.0,1891.78,AS-BRA-01
2017-11-08,0.0,1737.06,AS-BRA-01
2017-11-09,0.0,1589.38,AS-BRA-01
2017-11-10,0.0,1455.76,AS-BRA-01
2017-11-11,0.0,1336.2,AS-BRA-01
2017-11-12,0.0,1216.65,AS-BRA-01
2017-11-13,0.0,1104.13,AS-BRA-01
2017-11-14,0.0,1005.67,AS-BRA-01
2017-11-15,0.0,914.24,AS-BRA-01
2017-11-16,0.2,829.85,AS-BRA-01
2017-11-17,0.1,766.56,AS-BRA-01
2017-11-18,0.0,696.23,AS-BRA-01
2017-11-19,0.0,618.87,AS-BRA-01
2017-11-20,0.5,541.51,AS-BRA-01
2017-11-21,0.2,478.22,AS-BRA-01
2017-11-22,0.3,414.93,AS-BRA-01
2017-11-23,0.9,351.63,AS-BRA-01
2017-11-24,0.0,302.4,AS-BRA-01
2017-11-25,0.0,253.18,AS-BRA-01
2017-11-26,0.1,232.08,AS-BRA-01
2017-11-27,1.9,541.51,AS-BRA-01
2017-11-28,0.7,576.68,AS-BRA-01
2017-11-29,0.0,443.06,AS-BRA-01
2017-11-30,0.0,351.63,AS-BRA-01
2017-12-01,0.0,288.34,AS-BRA-01
2017-12-02,0.0,246.14,AS-BRA-01
2017-12-03,0.0,232.08,AS-BRA-01
2017-12-04,0.0,225.04,AS-BRA-01
2017-12-05,0.0,210.98,AS-BRA-01
2017-12-06,0.0,203.95,AS-BRA-01
2017-12-07,0.0,203.95,AS-BRA-01
2017-12-08,0.0,189.88,AS-BRA-01
2017-12-09,0.0,189.88,AS-BRA-01
2017-12-10,0.0,189.88,AS-BRA-01
2017-12-11,0.4,189.88,AS-BRA-01
2017-12-12,0.3,182.85,AS-BRA-01
2017-12-13,0.0,182.85,AS-BRA-01
2017-12-14,0.0,182.85,AS-BRA-01
2017-12-15,0.5,182.85,AS-BRA-01
2017-12-16,0.0,182.85,AS-BRA-01
2017-12-17,0.0,168.78,AS-BRA-01
2017-12-18,0.0,168.78,AS-BRA-01
2017-12-19,0.0,168.78,AS-BRA-01
2017-12-20,0.0,168.78,AS-BRA-01
2017-12-21,0.0,168.78,AS-BRA-01
2017-12-22,0.4,168.78,AS-BRA-01
2017-12-23,0.9,168.78,AS-BRA-01
2017-12-24,0.0,154.72,AS-BRA-01
2017-12-25,0.0,154.72,AS-BRA-01
2017-12-26,0.0,154.72,AS-BRA-01
2017-12-27,0.0,154.72,AS-BRA-01
2017-12-28,0.0,154.72,AS-BRA-01
2017-12-29,0.0,154.72,AS-BRA-01
2017-12-30,0.0,154.72,AS-BRA-01
2017-12-31,0.0,154.72,AS-BRA-01
2018-01-01,0.0,147.69,AS-BRA-01
2018-01-02,0.7,225.04,AS-BRA-01
2018-01-03,2.5,267.24,AS-BRA-01
2018-01-04,0.5,232.08,AS-BRA-01
2018-01-05,0.0,203.95,AS-BRA-01
2018-01-06,0.8,182.85,AS-BRA-01
2018-01-07,0.0,168.78,AS-BRA-01
2018-01-08,0.0,154.72,AS-BRA-01
2018-01-09,0.0,154.72,AS-BRA-01
2018-01-10,0.0,147.69,AS-BRA-01
2018-01-11,0.0,147.69,AS-BRA-01
2018-01-12,0.0,133.62,AS-BRA-01
2018-01-13,0.1,133.62,AS-BRA-01
2018-01-14,0.4,133.62,AS-BRA-01
2018-01-15,0.6,133.62,AS-BRA-01
2018-01-16,0.0,133.62,AS-BRA-01
2018-01-17,0.0,126.59,AS-BRA-01
2018-01-18,0.0,126.59,AS-BRA-01
2018-01-19,0.0,126.59,AS-BRA-01
2018-01-20,0.9,126.59,AS-BRA-01
2018-01-21,0.0,126.59,AS-BRA-01
2018-01-22,0.0,126.59,AS-BRA-01
2018-01-23,0.0,126.59,AS-BRA-01
2018-01-24,0.2,126.59,AS-BRA-01
2018-01-25,0.0,126.59,AS-BRA-01
2018-01-26,0.0,112.52,AS-BRA-01
2018-01-27,0.0,112.52,AS-BRA-01
2018-01-28,0.2,112.52,AS-BRA-01
2018-01-29,0.0,112.52,AS-BRA-01
2018-01-30,0.0,112.52,AS-BRA-01
2018-01-31,0.0,112.52,AS-BRA-01
2018-02-01,0.0,203.95,AS-BRA-01
2018-02-02,0.0,246.14,AS-BRA-01
2018-02-03,2.0,288.34,AS-BRA-01
2018-02-04,0.6,267.24,AS-BRA-01
2018-02-05,0.2,225.04,AS-BRA-01
2018-02-06,0.2,203.95,AS-BRA-01
2018-02-07,0.1,182.85,AS-BRA-01
2018-02-08,0.0,182.85,AS-BRA-01
2018-02-09,0.0,154.72,AS-BRA-01
2018-02-10,0.0,154.72,AS-BRA-01
2018-02-11,0.0,154.72,AS-BRA-01
2018-02-12,0.0,154.72,AS-BRA-01
2018-02-13,0.0,133.62,AS-BRA-01
2018-02-14,2.9,154.72,AS-BRA-01
2018-02-15,0.1,154.72,AS-BRA-01
2018-02-16,0.0,154.72,AS-BRA-01
2018-02-17,0.0,154.72,AS-BRA-01
2018-02-18,0.0,133.62,AS-BRA-01
2018-02-19,0.0,133.62,AS-BRA-01
2018-02-20,0.0,133.62,AS-BRA-01
2018-02-21,0.0,133.62,AS-BRA-01
2018-02-22,0.7,133.62,AS-BRA-01
2018-02-23,2.3,182.85,AS-BRA-01
2018-02-24,0.9,203.95,AS-BRA-01
2018-02-25,6.7,267.24,AS-BRA-01
2018-02-26,9.9,400.86,AS-BRA-01
2018-02-27,0.0,337.57,AS-BRA-01
2018-02-28,0.1,267.24,AS-BRA-01
2018-03-01,0.0,203.95,AS-BRA-01
2018-03-02,6.8,618.87,AS-BRA-01
2018-03-03,0.7,527.45,AS-BRA-01
2018-03-04,0.0,337.57,AS-BRA-01
2018-03-05,1.9,618.87,AS-BRA-01
2018-03-06,1.2,506.35,AS-BRA-01
2018-03-07,0.0,337.57,AS-BRA-01
2018-03-08,0.0,246.14,AS-BRA-01
2018-03-09,0.0,203.95,AS-BRA-01
2018-03-10,0.0,182.85,AS-BRA-01
2018-03-11,0.9,203.95,AS-BRA-01
2018-03-12,0.1,203.95,AS-BRA-01
2018-03-13,2.2,203.95,AS-BRA-01
2018-03-14,0.0,203.95,AS-BRA-01
2018-03-15,8.4,309.44,AS-BRA-01
2018-03-16,1.0,661.07,AS-BRA-01
2018-03-17,2.2,661.07,AS-BRA-01
2018-03-18,0.0,443.06,AS-BRA-01
2018-03-19,0.0,288.34,AS-BRA-01
2018-03-20,0.0,225.04,AS-BRA-01
2018-03-21,0.0,182.85,AS-BRA-01
2018-03-22,8.2,182.85,AS-BRA-01
2018-03-23,1.4,443.06,AS-BRA-01
2018-03-24,0.0,400.86,AS-BRA-01
2018-03-25,0.0,267.24,AS-BRA-01
2018-03-26,2.4,555.58,AS-BRA-01
2018-03-27,0.7,900.18,AS-BRA-01
2018-03-28,0.0,618.87,AS-BRA-01
2018-03-29,5.7,1209.61,AS-BRA-01
2018-03-30,1.3,1125.22,AS-BRA-01
2018-03-31,1.4,661.07,AS-BRA-01
2018-04-01,0.0,421.96,AS-BRA-01
2018-04-02,0.0,288.34,AS-BRA-01
2018-04-03,0.7,225.04,AS-BRA-01
2018-04-04,0.4,203.95,AS-BRA-01
2018-04-05,4.6,400.86,AS-BRA-01
2018-04-06,5.2,724.36,AS-BRA-01
2018-04-07,3.7,928.31,AS-BRA-01
2018-04-08,11.0,1343.24,AS-BRA-01
2018-04-09,2.4,928.31,AS-BRA-01
2018-04-10,1.9,639.97,AS-BRA-01
2018-04-11,10.4,1104.13,AS-BRA-01
2018-04-12,8.7,1258.84,AS-BRA-01
2018-04-13,0.7,836.88,AS-BRA-01
2018-04-14,2.1,794.69,AS-BRA-01
2018-04-15,0.3,618.87,AS-BRA-01
2018-04-16,3.3,485.25,AS-BRA-01
2018-04-17,2.0,1237.75,AS-BRA-01
2018-04-18,18.2,2595.05,AS-BRA-01
2018-04-19,12.6,2974.81,AS-BRA-01
2018-04-20,42.7,2468.46,AS-BRA-01
2018-04-21,4.8,1807.39,AS-BRA-01
2018-04-22,0.2,1167.42,AS-BRA-01
2018-04-23,0.6,773.59,AS-BRA-01
2018-04-24,0.3,527.45,AS-BRA-01
2018-04-25,0.4,379.76,AS-BRA-01
2018-04-26,2.0,351.63,AS-BRA-01
2018-04-27,4.2,527.45,AS-BRA-01
2018-04-28,6.2,1828.49,AS-BRA-01
2018-04-29,5.6,2595.05,AS-BRA-01
2018-04-30,8.2,3431.93,AS-BRA-01
2018-05-01,1.5,2580.98,AS-BRA-01
2018-05-02,5.6,2004.3,AS-BRA-01
2018-05-03,3.6,1540.15,AS-BRA-01
2018-05-04,10.3,2095.73,AS-BRA-01
2018-05-05,3.6,1786.29,AS-BRA-01
2018-05-06,10.5,2841.19,AS-BRA-01
2018-05-07,19.5,3101.4,AS-BRA-01
2018-05-08,8.0,2531.75,AS-BRA-01
2018-05-09,4.2,1744.1,AS-BRA-01
2018-05-10,1.4,1237.75,AS-BRA-01
2018-05-11,1.3,1104.13,AS-BRA-01
2018-05-12,0.8,949.41,AS-BRA-01
2018-05-13,3.2,773.59,AS-BRA-01
2018-05-14,0.6,661.07,AS-BRA-01
2018-05-15,1.2,1167.42,AS-BRA-01
2018-05-16,0.5,1828.49,AS-BRA-01
2018-05-17,6.2,1406.53,AS-BRA-01
2018-05-18,17.2,3256.11,AS-BRA-01
2018-05-19,15.5,3565.55,AS-BRA-01
2018-05-20,1.7,2419.23,AS-BRA-01
2018-05-21,3.7,1715.97,AS-BRA-01
2018-05-22,7.9,2616.14,AS-BRA-01
2018-05-23,48.0,4374.3,AS-BRA-01
2018-05-24,1.5,3544.45,AS-BRA-01
2018-05-25,116.0,2925.58,AS-BRA-01
2018-05-26,7.5,2355.94,AS-BRA-01
2018-05-27,1.6,1870.68,AS-BRA-01
2018-05-28,1.5,2095.73,AS-BRA-01
2018-05-29,0.4,1870.68,AS-BRA-01
2018-05-30,1.5,2116.83,AS-BRA-01
2018-05-31,3.0,2159.02,AS-BRA-01
2018-06-01,0.6,2116.83,AS-BRA-01
2018-06-02,9.3,1849.59,AS-BRA-01
2018-06-03,3.9,2355.94,AS-BRA-01
2018-06-04,14.3,2580.98,AS-BRA-01
2018-06-05,12.3,2116.83,AS-BRA-01
2018-06-06,7.3,2095.73,AS-BRA-01
2018-06-07,9.2,2798.99,AS-BRA-01
2018-06-08,12.9,3783.56,AS-BRA-01
2018-06-09,2.4,4444.63,AS-BRA-01
2018-06-10,6.0,4993.18,AS-BRA-01
2018-06-11,2.3,10211.4,AS-BRA-01
2018-06-12,6.3,21843.39,AS-BRA-01
2018-06-13,5.0,13066.65,AS-BRA-01
2018-06-14,15.4,8010.18,AS-BRA-01
2018-06-15,2.2,5991.81,AS-BRA-01
2018-06-16,1.4,4789.23,AS-BRA-01
2018-06-17,3.2,4205.52,AS-BRA-01
2018-06-18,4.2,3692.14,AS-BRA-01
2018-06-19,2.9,3305.34,AS-BRA-01
2018-06-20,3.4,3410.83,AS-BRA-01
2018-06-21,6.1,3305.34,AS-BRA-01
2018-06-22,1.4,3052.17,AS-BRA-01
2018-06-23,8.9,3164.69,AS-BRA-01
2018-06-24,13.5,4507.93,AS-BRA-01
2018-06-25,52.8,5991.81,AS-BRA-01
2018-06-26,15.7,14494.28,AS-BRA-01
2018-06-27,10.7,15753.12,AS-BRA-01
2018-06-28,2.8,9585.49,AS-BRA-01
2018-06-29,0.8,7243.62,AS-BRA-01
2018-06-30,1.3,6505.2,AS-BRA-01
2018-07-01,2.0,7433.51,AS-BRA-01
2018-07-02,7.5,6216.86,AS-BRA-01
2018-07-03,15.0,6420.8,AS-BRA-01
2018-07-04,10.3,8481.37,AS-BRA-01
2018-07-05,7.2,6786.5,AS-BRA-01
2018-07-06,2.4,5703.47,AS-BRA-01
2018-07-07,13.3,5133.83,AS-BRA-01
2018-07-08,4.5,6997.48,AS-BRA-01
2018-07-09,5.0,6948.25,AS-BRA-01
2018-07-10,8.0,8347.75,AS-BRA-01
2018-07-11,13.6,11287.39,AS-BRA-01
2018-07-12,38.5,16864.28,AS-BRA-01
2018-07-13,10.2,19227.25,AS-BRA-01
2018-07-14,1.4,13038.52,AS-BRA-01
2018-07-15,10.3,12103.18,AS-BRA-01
2018-07-16,6.4,10415.35,AS-BRA-01
2018-07-17,53.2,11259.26,AS-BRA-01
2018-07-18,2.4,10183.27,AS-BRA-01
2018-07-19,0.5,7932.82,AS-BRA-01
2018-07-20,17.6,13101.82,AS-BRA-01
2018-07-21,24.0,17447.99,AS-BRA-01
2018-07-22,15.8,19410.1,AS-BRA-01
2018-07-23,30.8,16182.12,AS-BRA-01
2018-07-24,15.8,19740.63,AS-BRA-01
2018-07-25,19.3,17237.01,AS-BRA-01
2018-07-26,14.3,17968.41,AS-BRA-01
2018-07-27,33.6,22005.15,AS-BRA-01
2018-07-28,54.6,25957.49,AS-BRA-01
2018-07-29,18.2,37680.91,AS-BRA-01
2018-07-30,36.4,48708.1,AS-BRA-01
2018-07-31,38.5,47688.36,AS-BRA-01
2018-08-01,17.7,37863.76,AS-BRA-01
2018-08-02,17.2,26393.52,AS-BRA-01
2018-08-03,4.7,22919.39,AS-BRA-01
2018-08-04,26.9,22975.65,AS-BRA-01
2018-08-05,7.5,19698.44,AS-BRA-01
2018-08-06,1.0,19937.55,AS-BRA-01
2018-08-07,19.5,19367.9,AS-BRA-01
2018-08-08,14.3,15985.2,AS-BRA-01
2018-08-09,5.4,14388.79,AS-BRA-01
2018-08-10,1.7,13101.82,AS-BRA-01
2018-08-11,3.3,12686.89,AS-BRA-01
2018-08-12,45.4,17237.01,AS-BRA-01
2018-08-13,8.3,14459.12,AS-BRA-01
2018-08-14,12.4,13101.82,AS-BRA-01
2018-08-15,9.7,16660.34,AS-BRA-01
2018-08-16,21.5,16990.87,AS-BRA-01
2018-08-17,5.9,13200.27,AS-BRA-01
2018-08-18,0.0,11034.22,AS-BRA-01
2018-08-19,0.1,9782.41,AS-BRA-01
2018-08-20,22.5,15148.32,AS-BRA-01
2018-08-21,24.7,13460.48,AS-BRA-01
2018-08-22,16.2,14564.61,AS-BRA-01
2018-08-23,37.3,14177.81,AS-BRA-01
2018-08-24,20.9,16702.53,AS-BRA-01
2018-08-25,41.1,22813.9,AS-BRA-01
2018-08-26,16.9,29452.72,AS-BRA-01
2018-08-27,23.8,33243.31,AS-BRA-01
2018-08-28,22.2,27884.44,AS-BRA-01
2018-08-29,6.5,19318.67,AS-BRA-01
2018-08-30,11.9,16822.09,AS-BRA-01
2018-08-31,13.5,18362.24,AS-BRA-01
2018-09-01,38.3,21330.01,AS-BRA-01
2018-09-02,22.0,20422.8,AS-BRA-01
2018-09-03,4.1,18186.42,AS-BRA-01
2018-09-04,6.1,14852.95,AS-BRA-01
2018-09-05,19.0,15113.15,AS-BRA-01
2018-09-06,16.3,15907.84,AS-BRA-01
2018-09-07,1.6,13326.86,AS-BRA-01
2018-09-08,0.7,11231.13,AS-BRA-01
2018-09-09,7.7,10520.84,AS-BRA-01
2018-09-10,3.9,10900.6,AS-BRA-01
2018-09-11,1.5,11983.63,AS-BRA-01
2018-09-12,7.0,10977.96,AS-BRA-01
2018-09-13,13.7,10520.84,AS-BRA-01
2018-09-14,27.1,9536.27,AS-BRA-01
2018-09-15,1.5,8924.43,AS-BRA-01
2018-09-16,1.0,8242.26,AS-BRA-01
2018-09-17,0.3,7377.24,AS-BRA-01
2018-09-18,0.2,6709.14,AS-BRA-01
2018-09-19,0.0,6202.79,AS-BRA-01
2018-09-20,14.7,11428.05,AS-BRA-01
2018-09-21,8.2,11596.83,AS-BRA-01
2018-09-22,1.9,8973.65,AS-BRA-01
2018-09-23,4.3,7398.34,AS-BRA-01
2018-09-24,2.3,6730.24,AS-BRA-01
2018-09-25,2.7,6069.17,AS-BRA-01
2018-09-26,7.7,5492.5,AS-BRA-01
2018-09-27,0.9,5021.31,AS-BRA-01
2018-09-28,3.7,5161.96,AS-BRA-01
2018-09-29,3.6,4725.94,AS-BRA-01
2018-09-30,4.4,4325.08,AS-BRA-01
2018-10-01,0.4,3938.28,AS-BRA-01
2018-10-02,2.9,3664.01,AS-BRA-01
2018-10-03,0.7,3389.73,AS-BRA-01
2018-10-04,0.0,3150.62,AS-BRA-01
2018-10-05,1.8,2925.58,AS-BRA-01
2018-10-06,0.7,2784.93,AS-BRA-01
2018-10-07,0.9,2658.34,AS-BRA-01
2018-10-08,8.3,2531.75,AS-BRA-01
2018-10-09,0.2,2341.87,AS-BRA-01
2018-10-10,0.0,2151.99,AS-BRA-01
2018-10-11,6.0,2988.87,AS-BRA-01
2018-10-12,1.6,2707.57,AS-BRA-01
2018-10-13,0.6,2609.11,AS-BRA-01
2018-10-14,0.3,2236.38,AS-BRA-01
2018-10-15,1.2,1926.94,AS-BRA-01
2018-10-16,0.1,1701.9,AS-BRA-01
2018-10-17,0.0,1540.15,AS-BRA-01
2018-10-18,0.2,1406.53,AS-BRA-01
2018-10-19,0.6,1286.97,AS-BRA-01
2018-10-20,0.5,1174.45,AS-BRA-01
2018-10-21,0.1,1061.93,AS-BRA-01
2018-10-22,0.2,984.57,AS-BRA-01
2018-10-23,0.7,900.18,AS-BRA-01
2018-10-24,0.1,815.79,AS-BRA-01
2018-10-25,0.0,745.46,AS-BRA-01
2018-10-26,0.0,675.13,AS-BRA-01
2018-10-27,0.0,597.77,AS-BRA-01
2018-10-28,0.0,527.45,AS-BRA-01
2018-10-29,0.3,597.77,AS-BRA-01
2018-10-30,0.0,555.58,AS-BRA-01
2018-10-31,0.0,450.09,AS-BRA-01
2018-11-01,0.0,443.06,AS-BRA-01
2018-11-02,0.4,407.89,AS-BRA-01
2018-11-03,1.1,407.89,AS-BRA-01
2018-11-04,3.9,414.93,AS-BRA-01
2018-11-05,1.4,450.09,AS-BRA-01
2018-11-06,0.7,436.02,AS-BRA-01
2018-11-07,0.0,365.7,AS-BRA-01
2018-11-08,0.0,309.44,AS-BRA-01
2018-11-09,0.0,281.31,AS-BRA-01
2018-11-10,0.0,253.18,AS-BRA-01
2018-11-11,0.0,246.14,AS-BRA-01
2018-11-12,0.0,232.08,AS-BRA-01
2018-11-13,0.8,225.04,AS-BRA-01
2018-11-14,0.1,225.04,AS-BRA-01
2018-11-15,1.6,239.11,AS-BRA-01
2018-11-16,1.1,239.11,AS-BRA-01
2018-11-17,1.7,239.11,AS-BRA-01
2018-11-18,0.0,232.08,AS-BRA-01
2018-11-19,0.0,225.04,AS-BRA-01
2018-11-20,0.0,218.01,AS-BRA-01
2018-11-21,0.2,218.01,AS-BRA-01
2018-11-22,0.0,210.98,AS-BRA-01
2018-11-23,0.0,203.95,AS-BRA-01
2018-11-24,0.0,203.95,AS-BRA-01
2018-11-25,0.0,203.95,AS-BRA-01
2018-11-26,0.0,203.95,AS-BRA-01
2018-11-27,0.0,189.88,AS-BRA-01
2018-11-28,0.0,189.88,AS-BRA-01
2018-11-29,0.0,189.88,AS-BRA-01
2018-11-30,0.0,189.88,AS-BRA-01
2018-12-01,0.0,168.78,AS-BRA-01
2018-12-02,0.1,154.72,AS-BRA-01
2018-12-03,0.2,154.72,AS-BRA-01
2018-12-04,0.0,154.72,AS-BRA-01
2018-12-05,0.0,154.72,AS-BRA-01
2018-12-06,0.0,154.72,AS-BRA-01
2018-12-07,0.2,189.88,AS-BRA-01
2018-12-08,0.0,189.88,AS-BRA-01
2018-12-09,0.0,182.85,AS-BRA-01
2018-12-10,0.0,168.78,AS-BRA-01
2018-12-11,0.0,168.78,AS-BRA-01
2018-12-12,0.0,154.72,AS-BRA-01
2018-12-13,0.0,154.72,AS-BRA-01
2018-12-14,0.0,147.69,AS-BRA-01
2018-12-15,0.0,147.69,AS-BRA-01
2018-12-16,0.0,147.69,AS-BRA-01
2018-12-17,1.8,267.24,AS-BRA-01
2018-12-18,20.9,2151.99,AS-BRA-01
2018-12-19,0.0,1497.95,AS-BRA-01
2018-12-20,0.0,815.79,AS-BRA-01
2018-12-21,0.0,555.58,AS-BRA-01
2018-12-22,0.0,379.76,AS-BRA-01
2018-12-23,0.0,281.31,AS-BRA-01
2018-12-24,0.0,225.04,AS-BRA-01
2018-12-25,0.3,203.95,AS-BRA-01
2018-12-26,0.7,182.85,AS-BRA-01
2018-12-27,0.7,168.78,AS-BRA-01
2018-12-28,0.8,253.18,AS-BRA-01
2018-12-29,0.0,246.14,AS-BRA-01
2018-12-30,0.0,210.98,AS-BRA-01
2018-12-31,0.0,189.88,AS-BRA-01
2019-01-01,0.0,154.72,AS-BRA-01
2019-01-02,0.0,154.72,AS-BRA-01
2019-01-03,3.0,182.85,AS-BRA-01
2019-01-04,1.7,182.85,AS-BRA-01
2019-01-05,0.0,154.72,AS-BRA-01
2019-01-06,0.0,154.72,AS-BRA-01
2019-01-07,0.0,133.62,AS-BRA-01
2019-01-08,0.0,133.62,AS-BRA-01
2019-01-09,0.0,133.62,AS-BRA-01
2019-01-10,0.0,133.62,AS-BRA-01
2019-01-11,0.0,133.62,AS-BRA-01
2019-01-12,0.0,133.62,AS-BRA-01
2019-01-13,0.0,112.52,AS-BRA-01
2019-01-14,0.0,112.52,AS-BRA-01
2019-01-15,0.0,112.52,AS-BRA-01
2019-01-16,0.0,112.52,AS-BRA-01
2019-01-17,0.0,112.52,AS-BRA-01
2019-01-18,0.0,112.52,AS-BRA-01
2019-01-19,0.0,112.52,AS-BRA-01
2019-01-20,0.0,112.52,AS-BRA-01
2019-01-21,0.0,112.52,AS-BRA-01
2019-01-22,0.0,112.52,AS-BRA-01
2019-01-23,0.0,112.52,AS-BRA-01
2019-01-24,0.0,112.52,AS-BRA-01
2019-01-25,0.0,112.52,AS-BRA-01
2019-01-26,0.0,91.42,AS-BRA-01
2019-01-27,0.0,91.42,AS-BRA-01
2019-01-28,0.0,91.42,AS-BRA-01
2019-01-29,1.0,182.85,AS-BRA-01
2019-01-30,0.0,182.85,AS-BRA-01
2019-01-31,0.0,154.72,AS-BRA-01
2019-02-01,0.0,154.72,AS-BRA-01
2019-02-02,0.0,154.72,AS-BRA-01
2019-02-03,0.0,154.72,AS-BRA-01
2019-02-04,0.0,133.62,AS-BRA-01
2019-02-05,0.0,133.62,AS-BRA-01
2019-02-06,0.0,133.62,AS-BRA-01
2019-02-07,0.0,133.62,AS-BRA-01
2019-02-08,9.1,337.57,AS-BRA-01
2019-02-09,5.0,464.15,AS-BRA-01
2019-02-10,0.0,351.63,AS-BRA-01
2019-02-11,0.0,267.24,AS-BRA-01
2019-02-12,0.0,203.95,AS-BRA-01
2019-02-13,0.0,182.85,AS-BRA-01
2019-02-14,0.0,154.72,AS-BRA-01
2019-02-15,1.3,133.62,AS-BRA-01
2019-02-16,1.2,337.57,AS-BRA-01
2019-02-17,0.5,337.57,AS-BRA-01
2019-02-18,1.3,267.24,AS-BRA-01
2019-02-19,0.0,225.04,AS-BRA-01
2019-02-20,5.4,203.95,AS-BRA-01
2019-02-21,0.1,154.72,AS-BRA-01
2019-02-22,0.1,154.72,AS-BRA-01
2019-02-23,0.4,133.62,AS-BRA-01
2019-02-24,0.0,133.62,AS-BRA-01
2019-02-25,0.0,133.62,AS-BRA-01
2019-02-26,0.0,112.52,AS-BRA-01
2019-02-27,2.7,1983.21,AS-BRA-01
2019-02-28,5.4,2658.34,AS-BRA-01
2019-03-01,0.0,1497.95,AS-BRA-01
2019-03-02,0.0,794.69,AS-BRA-01
2019-03-03,0.0,464.15,AS-BRA-01
2019-03-04,0.8,379.76,AS-BRA-01
2019-03-05,3.0,527.45,AS-BRA-01
2019-03-06,1.6,506.35,AS-BRA-01
2019-03-07,0.0,351.63,AS-BRA-01
2019-03-08,0.0,267.24,AS-BRA-01
2019-03-09,0.0,203.95,AS-BRA-01
2019-03-10,0.0,154.72,AS-BRA-01
2019-03-11,0.0,154.72,AS-BRA-01
2019-03-12,0.0,133.62,AS-BRA-01
2019-03-13,0.0,133.62,AS-BRA-01
2019-03-14,0.0,112.52,AS-BRA-01
2019-03-15,0.0,112.52,AS-BRA-01
2019-03-16,0.0,112.52,AS-BRA-01
2019-03-17,0.0,112.52,AS-BRA-01
2019-03-18,0.0,112.52,AS-BRA-01
2019-03-19,0.4,112.52,AS-BRA-01
2019-03-20,0.0,112.52,AS-BRA-01
2019-03-21,0.0,112.52,AS-BRA-01
2019-03-22,0.3,154.72,AS-BRA-01
2019-03-23,0.0,154.72,AS-BRA-01
2019-03-24,0.0,133.62,AS-BRA-01
2019-03-25,0.0,133.62,AS-BRA-01
2019-03-26,0.1,246.14,AS-BRA-01
2019-03-27,0.4,225.04,AS-BRA-01
2019-03-28,0.0,182.85,AS-BRA-01
2019-03-29,0.1,154.72,AS-BRA-01
2019-03-30,8.9,309.44,AS-BRA-01
2019-03-31,14.8,2095.73,AS-BRA-01
2019-04-01,0.5,1849.59,AS-BRA-01
2019-04-02,0.6,1237.75,AS-BRA-01
2019-04-03,0.0,710.3,AS-BRA-01
2019-04-04,1.9,443.06,AS-BRA-01
2019-04-05,1.8,309.44,AS-BRA-01
2019-04-06,0.2,225.04,AS-BRA-01
2019-04-07,23.0,2285.61,AS-BRA-01
2019-04-08,19.6,1962.11,AS-BRA-01
2019-04-09,7.9,1983.21,AS-BRA-01
2019-04-10,0.2,1209.61,AS-BRA-01
2019-04-11,0.3,710.3,AS-BRA-01
2019-04-12,0.0,464.15,AS-BRA-01
2019-04-13,0.3,443.06,AS-BRA-01
2019-04-14,6.6,773.59,AS-BRA-01
2019-04-15,11.4,1568.28,AS-BRA-01
2019-04-16,6.6,1167.42,AS-BRA-01
2019-04-17,3.2,710.3,AS-BRA-01
2019-04-18,0.0,485.25,AS-BRA-01
2019-04-19,0.0,351.63,AS-BRA-01
2019-04-20,2.4,288.34,AS-BRA-01
2019-04-21,0.2,225.04,AS-BRA-01
2019-04-22,0.0,203.95,AS-BRA-01
2019-04-23,0.0,154.72,AS-BRA-01
2019-04-24,0.0,154.72,AS-BRA-01
2019-04-25,0.0,154.72,AS-BRA-01
2019-04-26,3.8,639.97,AS-BRA-01
2019-04-27,16.9,1237.75,AS-BRA-01
2019-04-28,4.5,949.41,AS-BRA-01
2019-04-29,34.9,682.17,AS-BRA-01
2019-04-30,14.9,970.5,AS-BRA-01
2019-05-01,5.0,1125.22,AS-BRA-01
2019-05-02,0.6,836.88,AS-BRA-01
2019-05-03,1.1,1427.63,AS-BRA-01
2019-05-04,54.6,10682.59,AS-BRA-01
2019-05-05,1.5,5724.57,AS-BRA-01
2019-05-06,0.1,2988.87,AS-BRA-01
2019-05-07,2.5,1891.78,AS-BRA-01
2019-05-08,5.3,1476.86,AS-BRA-01
2019-05-09,7.9,1272.91,AS-BRA-01
2019-05-10,2.6,1033.8,AS-BRA-01
2019-05-11,1.3,836.88,AS-BRA-01
2019-05-12,0.4,661.07,AS-BRA-01
2019-05-13,3.4,879.08,AS-BRA-01
2019-05-14,2.4,991.6,AS-BRA-01
2019-05-15,6.7,991.6,AS-BRA-01
2019-05-16,9.9,1125.22,AS-BRA-01
2019-05-17,8.4,1209.61,AS-BRA-01
2019-05-18,3.4,1188.52,AS-BRA-01
2019-05-19,0.9,857.98,AS-BRA-01
2019-05-20,1.3,682.17,AS-BRA-01
2019-05-21,4.9,970.5,AS-BRA-01
2019-05-22,15.0,1933.98,AS-BRA-01
2019-05-23,16.2,2405.16,AS-BRA-01
2019-05-24,29.7,3122.49,AS-BRA-01
2019-05-25,5.0,2201.22,AS-BRA-01
2019-05-26,1.1,1406.53,AS-BRA-01
2019-05-27,14.2,1209.61,AS-BRA-01
2019-05-28,0.6,1167.42,AS-BRA-01
2019-05-29,0.7,1075.99,AS-BRA-01
2019-05-30,18.8,1146.32,AS-BRA-01
2019-05-31,5.0,1455.76,AS-BRA-01
2019-06-01,0.2,1237.75,AS-BRA-01
2019-06-02,6.8,1322.14,AS-BRA-01
2019-06-03,14.3,9508.14,AS-BRA-01
2019-06-04,1.2,7243.62,AS-BRA-01
2019-06-05,2.4,4311.01,AS-BRA-01
2019-06-06,15.3,4093.0,AS-BRA-01
2019-06-07,30.6,5633.15,AS-BRA-01
2019-06-08,4.5,4261.78,AS-BRA-01
2019-06-09,6.1,3305.34,AS-BRA-01
2019-06-10,7.8,2658.34,AS-BRA-01
2019-06-11,3.6,2095.73,AS-BRA-01
2019-06-12,3.6,2053.53,AS-BRA-01
2019-06-13,16.0,3017.0,AS-BRA-01
2019-06-14,12.2,2813.06,AS-BRA-01
2019-06-15,5.1,4177.39,AS-BRA-01
2019-06-16,1.7,3256.11,AS-BRA-01
2019-06-17,1.3,3101.4,AS-BRA-01
2019-06-18,0.5,2419.23,AS-BRA-01
2019-06-19,1.8,2201.22,AS-BRA-01
2019-06-20,7.7,2841.19,AS-BRA-01
2019-06-21,9.8,7320.98,AS-BRA-01
2019-06-22,6.3,5492.5,AS-BRA-01
2019-06-23,3.2,3628.84,AS-BRA-01
2019-06-24,0.4,2707.57,AS-BRA-01
2019-06-25,7.5,3340.51,AS-BRA-01
2019-06-26,18.9,8031.28,AS-BRA-01
2019-06-27,21.5,18763.1,AS-BRA-01
2019-06-28,4.7,11034.22,AS-BRA-01
2019-06-29,0.4,6744.31,AS-BRA-01
2019-06-30,14.2,8263.36,AS-BRA-01
2019-07-01,21.4,8326.65,AS-BRA-01
2019-07-02,12.7,7018.58,AS-BRA-01
2019-07-03,29.6,8678.28,AS-BRA-01
2019-07-04,19.3,10232.5,AS-BRA-01
2019-07-05,18.6,10816.21,AS-BRA-01
2019-07-06,39.5,8347.75,AS-BRA-01
2019-07-07,28.3,12560.3,AS-BRA-01
2019-07-08,57.5,25894.2,AS-BRA-01
2019-07-09,17.9,16379.03,AS-BRA-01
2019-07-10,40.7,24276.69,AS-BRA-01
2019-07-11,20.0,22483.36,AS-BRA-01
2019-07-12,21.7,19318.67,AS-BRA-01
2019-07-13,9.2,15443.69,AS-BRA-01
2019-07-14,30.0,12778.32,AS-BRA-01
2019-07-15,43.5,12715.02,AS-BRA-01
2019-07-16,1.9,10232.5,AS-BRA-01
2019-07-17,0.9,8544.66,AS-BRA-01
2019-07-18,3.8,8305.55,AS-BRA-01
2019-07-19,5.4,7553.06,AS-BRA-01
2019-07-20,6.6,6948.25,AS-BRA-01
2019-07-21,2.7,7588.22,AS-BRA-01
2019-07-22,4.4,7651.52,AS-BRA-01
2019-07-23,11.6,7792.17,AS-BRA-01
2019-07-24,6.6,8347.75,AS-BRA-01
2019-07-25,33.1,11688.26,AS-BRA-01
2019-07-26,3.5,10921.7,AS-BRA-01
2019-07-27,6.4,9065.08,AS-BRA-01
2019-07-28,6.3,8741.58,AS-BRA-01
2019-07-29,1.2,8052.38,AS-BRA-01
2019-07-30,6.5,8263.36,AS-BRA-01
2019-07-31,41.7,10366.12,AS-BRA-01
2019-08-01,20.3,9416.71,AS-BRA-01
2019-08-02,11.1,10056.68,AS-BRA-01
2019-08-03,11.0,13200.27,AS-BRA-01
2019-08-04,2.1,10077.78,AS-BRA-01
2019-08-05,0.4,7792.17,AS-BRA-01
2019-08-06,0.2,6695.08,AS-BRA-01
2019-08-07,1.7,7707.78,AS-BRA-01
2019-08-08,8.7,8221.16,AS-BRA-01
2019-08-09,1.2,7953.92,AS-BRA-01
2019-08-10,8.2,7018.58,AS-BRA-01
2019-08-11,0.0,5844.13,AS-BRA-01
2019-08-12,4.7,11540.57,AS-BRA-01
2019-08-13,12.7,19599.98,AS-BRA-01
2019-08-14,6.4,23932.09,AS-BRA-01
2019-08-15,47.6,17792.59,AS-BRA-01
2019-08-16,10.5,13003.36,AS-BRA-01
2019-08-17,2.9,9831.64,AS-BRA-01
2019-08-18,2.8,8790.81,AS-BRA-01
2019-08-19,0.3,7489.77,AS-BRA-01
2019-08-20,1.0,6589.59,AS-BRA-01
2019-08-21,1.7,5942.58,AS-BRA-01
2019-08-22,20.3,6434.87,AS-BRA-01
2019-08-23,29.9,11955.5,AS-BRA-01
2019-08-24,4.4,10816.21,AS-BRA-01
2019-08-25,0.3,8010.18,AS-BRA-01
2019-08-26,1.1,6821.67,AS-BRA-01
2019-08-27,0.9,6153.56,AS-BRA-01
2019-08-28,3.6,8607.96,AS-BRA-01
2019-08-29,1.3,7412.41,AS-BRA-01
2019-08-30,3.6,8263.36,AS-BRA-01
2019-08-31,0.7,7039.68,AS-BRA-01
2019-09-01,0.0,6280.15,AS-BRA-01
2019-09-02,1.4,13200.27,AS-BRA-01
2019-09-03,7.7,14599.77,AS-BRA-01
2019-09-04,23.9,15218.64,AS-BRA-01
2019-09-05,7.1,11835.94,AS-BRA-01
2019-09-06,13.9,12468.88,AS-BRA-01
2019-09-07,12.3,12778.32,AS-BRA-01
2019-09-08,20.9,13966.83,AS-BRA-01
2019-09-09,13.1,12940.07,AS-BRA-01
2019-09-10,14.1,13868.38,AS-BRA-01
2019-09-11,20.6,16301.67,AS-BRA-01
2019-09-12,41.0,30669.36,AS-BRA-01
2019-09-13,11.5,29171.41,AS-BRA-01
2019-09-14,5.0,18995.17,AS-BRA-01
2019-09-15,14.3,15070.96,AS-BRA-01
2019-09-16,15.3,12433.72,AS-BRA-01
2019-09-17,8.4,12778.32,AS-BRA-01
2019-09-18,0.8,10577.1,AS-BRA-01
2019-09-19,3.0,9318.25,AS-BRA-01
2019-09-20,3.9,8523.57,AS-BRA-01
2019-09-21,3.1,10211.4,AS-BRA-01
2019-09-22,26.9,12194.61,AS-BRA-01
2019-09-23,10.4,10949.83,AS-BRA-01
2019-09-24,15.2,12075.05,AS-BRA-01
2019-09-25,15.0,10682.59,AS-BRA-01
2019-09-26,2.9,9128.37,AS-BRA-01
2019-09-27,9.3,8678.28,AS-BRA-01
2019-09-28,11.0,10028.55,AS-BRA-01
2019-09-29,9.1,9346.38,AS-BRA-01
2019-09-30,19.3,9508.14,AS-BRA-01
2019-10-01,8.3,8811.9,AS-BRA-01
2019-10-02,2.0,7975.02,AS-BRA-01
2019-10-03,4.5,7110.0,AS-BRA-01
2019-10-04,3.8,6470.03,AS-BRA-01
2019-10-05,2.8,6104.34,AS-BRA-01
2019-10-06,7.3,7356.15,AS-BRA-01
2019-10-07,11.6,8157.87,AS-BRA-01
2019-10-08,6.3,8073.48,AS-BRA-01
2019-10-09,1.2,6638.82,AS-BRA-01
2019-10-10,2.8,6301.25,AS-BRA-01
2019-10-11,1.3,5555.79,AS-BRA-01
2019-10-12,1.0,4901.75,AS-BRA-01
2019-10-13,0.1,4423.53,AS-BRA-01
2019-10-14,0.0,4057.84,AS-BRA-01
2019-10-15,0.0,4212.55,AS-BRA-01
2019-10-16,3.2,3966.41,AS-BRA-01
2019-10-17,0.2,3671.04,AS-BRA-01
2019-10-18,0.2,3354.57,AS-BRA-01
2019-10-19,0.0,3073.27,AS-BRA-01
2019-10-20,0.3,2841.19,AS-BRA-01
2019-10-21,0.7,2644.27,AS-BRA-01
2019-10-22,1.0,2454.39,AS-BRA-01
2019-10-23,2.0,2362.97,AS-BRA-01
2019-10-24,6.4,2742.73,AS-BRA-01
2019-10-25,90.9,17194.82,AS-BRA-01
2019-10-26,1.0,11456.18,AS-BRA-01
2019-10-27,0.1,7018.58,AS-BRA-01
2019-10-28,0.0,5035.37,AS-BRA-01
2019-10-29,0.0,4050.8,AS-BRA-01
2019-10-30,1.7,3600.71,AS-BRA-01
2019-10-31,5.4,3579.62,AS-BRA-01
2019-11-01,0.0,3136.56,AS-BRA-01
2019-11-02,0.0,2728.67,AS-BRA-01
2019-11-03,0.0,2426.26,AS-BRA-01
2019-11-04,0.6,2250.45,AS-BRA-01
2019-11-05,0.3,2081.66,AS-BRA-01
2019-11-06,0.3,1898.81,AS-BRA-01
2019-11-07,0.0,1730.03,AS-BRA-01
2019-11-08,0.4,1575.31,AS-BRA-01
2019-11-09,1.1,1568.28,AS-BRA-01
2019-11-10,11.1,2229.35,AS-BRA-01
2019-11-11,0.0,1948.04,AS-BRA-01
2019-11-12,0.1,1575.31,AS-BRA-01
2019-11-13,0.0,1336.2,AS-BRA-01
2019-11-14,0.0,1167.42,AS-BRA-01
2019-11-15,0.1,1033.8,AS-BRA-01
2019-11-16,1.8,914.24,AS-BRA-01
2019-11-17,0.2,822.82,AS-BRA-01
2019-11-18,0.0,738.43,AS-BRA-01
2019-11-19,5.5,780.62,AS-BRA-01
2019-11-20,4.9,724.36,AS-BRA-01
2019-11-21,0.0,625.91,AS-BRA-01
2019-11-22,0.0,527.45,AS-BRA-01
2019-11-23,0.2,450.09,AS-BRA-01
2019-11-24,0.0,386.8,AS-BRA-01
2019-11-25,0.0,323.5,AS-BRA-01
2019-11-26,0.1,267.24,AS-BRA-01
2019-11-27,0.0,253.18,AS-BRA-01
2019-11-28,0.0,246.14,AS-BRA-01
2019-11-29,0.0,232.08,AS-BRA-01
2019-11-30,0.6,232.08,AS-BRA-01
2019-12-01,1.0,203.95,AS-BRA-01
2019-12-02,0.1,189.88,AS-BRA-01
2019-12-03,0.0,189.88,AS-BRA-01
2019-12-04,0.0,182.85,AS-BRA-01
2019-12-05,0.0,182.85,AS-BRA-01
2019-12-06,0.0,182.85,AS-BRA-01
2019-12-07,0.0,182.85,AS-BRA-01
2019-12-08,0.0,182.85,AS-BRA-01
2019-12-09,0.2,168.78,AS-BRA-01
2019-12-10,0.2,168.78,AS-BRA-01
2019-12-11,0.5,189.88,AS-BRA-01
2019-12-12,0.0,189.88,AS-BRA-01
2019-12-13,0.0,189.88,AS-BRA-01
2019-12-14,0.0,182.85,AS-BRA-01
2019-12-15,0.4,182.85,AS-BRA-01
2019-12-16,0.1,168.78,AS-BRA-01
2019-12-17,0.3,168.78,AS-BRA-01
2019-12-18,0.1,168.78,AS-BRA-01
2019-12-19,0.0,168.78,AS-BRA-01
2019-12-20,0.0,168.78,AS-BRA-01
2019-12-21,0.0,203.95,AS-BRA-01
2019-12-22,0.3,210.98,AS-BRA-01
2019-12-23,0.1,189.88,AS-BRA-01
2019-12-24,0.0,182.85,AS-BRA-01
2019-12-25,0.1,168.78,AS-BRA-01
2019-12-26,0.1,168.78,AS-BRA-01
2019-12-27,2.4,182.85,AS-BRA-01
2019-12-28,0.0,182.85,AS-BRA-01
2019-12-29,0.0,168.78,AS-BRA-01
2019-12-30,0.0,168.78,AS-BRA-01
2019-12-31,0.0,154.72,AS-BRA-01
2020-01-01,0.3,154.72,AS-BRA-01
2020-01-02,1.9,253.18,AS-BRA-01
2020-01-03,4.0,872.05,AS-BRA-01
2020-01-04,0.2,815.79,AS-BRA-01
2020-01-05,2.1,682.17,AS-BRA-01
2020-01-06,0.6,485.25,AS-BRA-01
2020-01-07,0.0,337.57,AS-BRA-01
2020-01-08,0.0,267.24,AS-BRA-01
2020-01-09,2.4,225.04,AS-BRA-01
2020-01-10,0.2,182.85,AS-BRA-01
2020-01-11,0.0,182.85,AS-BRA-01
2020-01-12,0.0,154.72,AS-BRA-01
2020-01-13,0.0,154.72,AS-BRA-01
2020-01-14,0.0,154.72,AS-BRA-01
2020-01-15,0.2,133.62,AS-BRA-01
2020-01-16,0.0,133.62,AS-BRA-01
2020-01-17,0.0,133.62,AS-BRA-01
2020-01-18,1.1,133.62,AS-BRA-01
2020-01-19,3.9,443.06,AS-BRA-01
2020-01-20,0.0,421.96,AS-BRA-01
2020-01-21,0.0,288.34,AS-BRA-01
2020-01-22,0.0,225.04,AS-BRA-01
2020-01-23,0.3,203.95,AS-BRA-01
2020-01-24,0.0,182.85,AS-BRA-01
2020-01-25,0.0,168.78,AS-BRA-01
2020-01-26,0.2,147.69,AS-BRA-01
2020-01-27,0.1,147.69,AS-BRA-01
2020-01-28,0.0,133.62,AS-BRA-01
2020-01-29,1.4,133.62,AS-BRA-01
2020-01-30,5.4,253.18,AS-BRA-01
2020-01-31,1.1,253.18,AS-BRA-01
2020-02-01,1.4,246.14,AS-BRA-01
2020-02-02,0.6,225.04,AS-BRA-01
2020-02-03,0.0,203.95,AS-BRA-01
2020-02-04,0.0,182.85,AS-BRA-01
2020-02-05,0.1,168.78,AS-BRA-01
2020-02-06,0.1,168.78,AS-BRA-01
2020-02-07,0.0,154.72,AS-BRA-01
2020-02-08,0.0,154.72,AS-BRA-01
2020-02-09,0.1,147.69,AS-BRA-01
2020-02-10,0.5,147.69,AS-BRA-01
2020-02-11,0.0,147.69,AS-BRA-01
2020-02-12,0.0,133.62,AS-BRA-01
2020-02-13,0.0,133.62,AS-BRA-01
2020-02-14,0.0,133.62,AS-BRA-01
2020-02-15,0.2,133.62,AS-BRA-01
2020-02-16,0.1,133.62,AS-BRA-01
2020-02-17,0.7,133.62,AS-BRA-01
2020-02-18,0.9,133.62,AS-BRA-01
2020-02-19,0.5,154.72,AS-BRA-01
2020-02-20,0.2,182.85,AS-BRA-01
2020-02-21,0.0,154.72,AS-BRA-01
2020-02-22,0.0,154.72,AS-BRA-01
2020-02-23,0.0,147.69,AS-BRA-01
2020-02-24,0.2,147.69,AS-BRA-01
2020-02-25,5.5,527.45,AS-BRA-01
2020-02-26,9.3,1033.8,AS-BRA-01
2020-02-27,0.1,752.49,AS-BRA-01
2020-02-28,0.0,443.06,AS-BRA-01
2020-02-29,0.0,302.4,AS-BRA-01
2020-03-01,0.0,232.08,AS-BRA-01
2020-03-02,0.7,246.14,AS-BRA-01
2020-03-03,4.0,379.76,AS-BRA-01
2020-03-04,0.5,337.57,AS-BRA-01
2020-03-05,2.1,246.14,AS-BRA-01
2020-03-06,1.5,203.95,AS-BRA-01
2020-03-07,0.8,225.04,AS-BRA-01
2020-03-08,1.4,225.04,AS-BRA-01
2020-03-09,0.0,182.85,AS-BRA-01
2020-03-10,0.3,154.72,AS-BRA-01
2020-03-11,0.0,154.72,AS-BRA-01
2020-03-12,0.3,133.62,AS-BRA-01
2020-03-13,0.0,133.62,AS-BRA-01
2020-03-14,2.2,133.62,AS-BRA-01
2020-03-15,0.1,112.52,AS-BRA-01
2020-03-16,0.0,112.52,AS-BRA-01
2020-03-17,0.0,112.52,AS-BRA-01
2020-03-18,0.0,112.52,AS-BRA-01
2020-03-19,0.3,112.52,AS-BRA-01
2020-03-20,1.3,112.52,AS-BRA-01
2020-03-21,0.0,133.62,AS-BRA-01
2020-03-22,2.5,182.85,AS-BRA-01
2020-03-23,4.3,288.34,AS-BRA-01
2020-03-24,0.0,267.24,AS-BRA-01
2020-03-25,0.0,203.95,AS-BRA-01
2020-03-26,0.2,154.72,AS-BRA-01
2020-03-27,0.0,154.72,AS-BRA-01
2020-03-28,0.0,133.62,AS-BRA-01
2020-03-29,0.0,112.52,AS-BRA-01
2020-03-30,0.0,112.52,AS-BRA-01
2020-03-31,0.0,112.52,AS-BRA-01
2020-04-01,0.0,112.52,AS-BRA-01
2020-04-02,0.0,133.62,AS-BRA-01
2020-04-03,0.0,112.52,AS-BRA-01
2020-04-04,0.0,112.52,AS-BRA-01
2020-04-05,0.0,112.52,AS-BRA-01
2020-04-06,0.0,112.52,AS-BRA-01
2020-04-07,0.0,112.52,AS-BRA-01
2020-04-08,5.8,112.52,AS-BRA-01
2020-04-09,5.2,112.52,AS-BRA-01
2020-04-10,0.5,112.52,AS-BRA-01
2020-04-11,0.3,112.52,AS-BRA-01
2020-04-12,0.0,112.52,AS-BRA-01
2020-04-13,0.1,112.52,AS-BRA-01
2020-04-14,0.6,112.52,AS-BRA-01
2020-04-15,0.2,133.62,AS-BRA-01
2020-04-16,5.7,464.15,AS-BRA-01
2020-04-17,3.0,1033.8,AS-BRA-01
2020-04-18,4.6,1258.84,AS-BRA-01
2020-04-19,10.1,1188.52,AS-BRA-01
2020-04-20,1.3,1209.61,AS-BRA-01
2020-04-21,5.8,1786.29,AS-BRA-01
2020-04-22,9.1,1343.24,AS-BRA-01
2020-04-23,1.2,815.79,AS-BRA-01
2020-04-24,6.7,485.25,AS-BRA-01
2020-04-25,1.8,309.44,AS-BRA-01
2020-04-26,0.6,225.04,AS-BRA-01
2020-04-27,2.5,288.34,AS-BRA-01
2020-04-28,3.6,815.79,AS-BRA-01
2020-04-29,11.3,1322.14,AS-BRA-01
2020-04-30,0.4,949.41,AS-BRA-01
2020-05-01,3.6,555.58,AS-BRA-01
2020-05-02,0.4,337.57,AS-BRA-01
2020-05-03,1.2,246.14,AS-BRA-01
2020-05-04,3.3,203.95,AS-BRA-01
2020-05-05,3.6,267.24,AS-BRA-01
2020-05-06,2.6,682.17,AS-BRA-01
2020-05-07,1.7,555.58,AS-BRA-01
2020-05-08,5.6,351.63,AS-BRA-01
2020-05-09,0.0,246.14,AS-BRA-01
2020-05-10,0.3,203.95,AS-BRA-01
2020-05-11,0.8,154.72,AS-BRA-01
2020-05-12,3.1,225.04,AS-BRA-01
2020-05-13,16.7,1322.14,AS-BRA-01
2020-05-14,12.5,1385.43,AS-BRA-01
2020-05-15,10.6,1061.93,AS-BRA-01
2020-05-16,15.7,2355.94,AS-BRA-01
2020-05-17,8.9,1406.53,AS-BRA-01
2020-05-18,0.7,752.49,AS-BRA-01
2020-05-19,1.1,443.06,AS-BRA-01
2020-05-20,13.1,1849.59,AS-BRA-01
2020-05-21,61.1,14142.65,AS-BRA-01
2020-05-22,47.4,7433.51,AS-BRA-01
2020-05-23,5.8,6181.69,AS-BRA-01
2020-05-24,51.1,3959.38,AS-BRA-01
2020-05-25,6.3,3235.02,AS-BRA-01
2020-05-26,58.7,6216.86,AS-BRA-01
2020-05-27,42.2,7110.0,AS-BRA-01
2020-05-28,6.4,4395.4,AS-BRA-01
2020-05-29,7.7,3586.65,AS-BRA-01
2020-05-30,8.7,3565.55,AS-BRA-01
2020-05-31,0.7,2707.57,AS-BRA-01
2020-06-01,7.4,2419.23,AS-BRA-01
2020-06-02,0.9,2159.02,AS-BRA-01
2020-06-03,7.9,2468.46,AS-BRA-01
2020-06-04,7.0,3122.49,AS-BRA-01
2020-06-05,16.6,3783.56,AS-BRA-01
2020-06-06,39.9,3052.17,AS-BRA-01
2020-06-07,2.9,2334.84,AS-BRA-01
2020-06-08,5.6,1891.78,AS-BRA-01
2020-06-09,1.5,1652.67,AS-BRA-01
2020-06-10,5.7,1715.97,AS-BRA-01
2020-06-11,38.3,9465.94,AS-BRA-01
2020-06-12,16.5,12904.9,AS-BRA-01
2020-06-13,7.2,11203.0,AS-BRA-01
2020-06-14,3.5,7131.1,AS-BRA-01
2020-06-15,15.2,7335.05,AS-BRA-01
2020-06-16,20.8,9297.16,AS-BRA-01
2020-06-17,54.9,12715.02,AS-BRA-01
2020-06-18,35.6,13896.51,AS-BRA-01
2020-06-19,6.7,11512.44,AS-BRA-01
2020-06-20,12.4,9269.03,AS-BRA-01
2020-06-21,6.0,10134.04,AS-BRA-01
2020-06-22,2.7,8903.33,AS-BRA-01
2020-06-23,2.1,6800.57,AS-BRA-01
2020-06-24,2.8,6765.4,AS-BRA-01
2020-06-25,68.9,9852.74,AS-BRA-01
2020-06-26,82.7,15521.05,AS-BRA-01
2020-06-27,35.8,15521.05,AS-BRA-01
2020-06-28,17.0,10598.2,AS-BRA-01
2020-06-29,11.9,13629.27,AS-BRA-01
2020-06-30,1.2,10077.78,AS-BRA-01
2020-07-01,4.5,8115.67,AS-BRA-01
2020-07-02,11.6,9557.36,AS-BRA-01
2020-07-03,12.9,9036.95,AS-BRA-01
2020-07-04,39.5,12314.16,AS-BRA-01
2020-07-05,42.2,14634.93,AS-BRA-01
2020-07-06,61.4,18137.19,AS-BRA-01
2020-07-07,18.3,13003.36,AS-BRA-01
2020-07-08,23.4,14177.81,AS-BRA-01
2020-07-09,5.6,13460.48,AS-BRA-01
2020-07-10,17.6,16540.78,AS-BRA-01
2020-07-11,52.4,16217.28,AS-BRA-01
2020-07-12,11.8,12904.9,AS-BRA-01
2020-07-13,17.4,10288.76,AS-BRA-01
2020-07-14,86.2,20225.89,AS-BRA-01
2020-07-15,3.3,20767.4,AS-BRA-01
2020-07-16,6.0,14212.97,AS-BRA-01
2020-07-17,1.2,10921.7,AS-BRA-01
2020-07-18,10.1,9536.27,AS-BRA-01
2020-07-19,95.6,12405.59,AS-BRA-01
2020-07-20,45.2,13966.83,AS-BRA-01
2020-07-21,19.9,15598.41,AS-BRA-01
2020-07-22,39.7,35521.89,AS-BRA-01
2020-07-23,20.1,23707.05,AS-BRA-01
2020-07-24,18.3,17152.62,AS-BRA-01
2020-07-25,1.5,13397.19,AS-BRA-01
2020-07-26,14.1,11716.39,AS-BRA-01
2020-07-27,25.5,13263.57,AS-BRA-01
2020-07-28,13.2,12377.45,AS-BRA-01
2020-07-29,14.5,18270.81,AS-BRA-01
2020-07-30,4.9,14142.65,AS-BRA-01
2020-07-31,9.5,11983.63,AS-BRA-01
2020-08-01,1.3,10007.45,AS-BRA-01
2020-08-02,1.0,8833.0,AS-BRA-01
2020-08-03,0.9,7996.12,AS-BRA-01
2020-08-04,0.2,7869.53,AS-BRA-01
2020-08-05,1.2,7749.97,AS-BRA-01
2020-08-06,3.4,7911.73,AS-BRA-01
2020-08-07,3.9,7145.17,AS-BRA-01
2020-08-08,20.6,11920.33,AS-BRA-01
2020-08-09,6.6,12715.02,AS-BRA-01
2020-08-10,2.0,10471.61,AS-BRA-01
2020-08-11,8.9,10366.12,AS-BRA-01
2020-08-12,21.9,9585.49,AS-BRA-01
2020-08-13,11.8,10309.86,AS-BRA-01
2020-08-14,6.5,8882.23,AS-BRA-01
2020-08-15,10.4,14965.47,AS-BRA-01
2020-08-16,7.6,17110.42,AS-BRA-01
2020-08-17,56.6,14888.11,AS-BRA-01
2020-08-18,9.4,11540.57,AS-BRA-01
2020-08-19,2.3,10260.63,AS-BRA-01
2020-08-20,20.5,10007.45,AS-BRA-01
2020-08-21,17.6,11744.52,AS-BRA-01
2020-08-22,15.2,14107.49,AS-BRA-01
2020-08-23,5.1,11259.26,AS-BRA-01
2020-08-24,1.4,9128.37,AS-BRA-01
2020-08-25,4.0,8136.77,AS-BRA-01
2020-08-26,5.7,12314.16,AS-BRA-01
2020-08-27,4.2,10471.61,AS-BRA-01
2020-08-28,1.6,8699.38,AS-BRA-01
2020-08-29,5.8,7567.13,AS-BRA-01
2020-08-30,15.3,8790.81,AS-BRA-01
2020-08-31,17.4,11596.83,AS-BRA-01
2020-09-01,7.0,10759.95,AS-BRA-01
2020-09-02,3.1,9015.85,AS-BRA-01
2020-09-03,0.7,7257.69,AS-BRA-01
2020-09-04,1.4,6202.79,AS-BRA-01
2020-09-05,2.9,6104.34,AS-BRA-01
2020-09-06,3.6,6638.82,AS-BRA-01
2020-09-07,4.8,6385.64,AS-BRA-01
2020-09-08,4.4,5464.36,AS-BRA-01
2020-09-09,3.2,5232.29,AS-BRA-01
2020-09-10,9.5,5394.04,AS-BRA-01
2020-09-11,7.3,5893.36,AS-BRA-01
2020-09-12,10.5,7890.63,AS-BRA-01
2020-09-13,9.7,8305.55,AS-BRA-01
2020-09-14,13.3,6983.42,AS-BRA-01
2020-09-15,4.7,7806.24,AS-BRA-01
2020-09-16,5.5,6216.86,AS-BRA-01
2020-09-17,2.4,5555.79,AS-BRA-01
2020-09-18,0.7,5119.77,AS-BRA-01
2020-09-19,0.0,4472.76,AS-BRA-01
2020-09-20,3.2,3959.38,AS-BRA-01
2020-09-21,20.3,5190.09,AS-BRA-01
2020-09-22,44.8,18094.99,AS-BRA-01
2020-09-23,10.2,14072.32,AS-BRA-01
2020-09-24,28.8,11512.44,AS-BRA-01
2020-09-25,9.0,11118.61,AS-BRA-01
2020-09-26,7.9,14388.79,AS-BRA-01
2020-09-27,15.6,12497.01,AS-BRA-01
2020-09-28,2.3,9107.27,AS-BRA-01
2020-09-29,1.1,7187.36,AS-BRA-01
2020-09-30,1.1,6399.71,AS-BRA-01
2020-10-01,4.2,6252.02,AS-BRA-01
2020-10-02,16.7,5830.06,AS-BRA-01
2020-10-03,17.7,5302.61,AS-BRA-01
2020-10-04,5.1,4887.69,AS-BRA-01
2020-10-05,11.0,4979.11,AS-BRA-01
2020-10-06,14.1,5991.81,AS-BRA-01
2020-10-07,10.9,5422.17,AS-BRA-01
2020-10-08,0.6,4543.09,AS-BRA-01
2020-10-09,1.7,3959.38,AS-BRA-01
2020-10-10,1.3,3832.79,AS-BRA-01
2020-10-11,3.6,3649.94,AS-BRA-01
2020-10-12,0.1,3291.28,AS-BRA-01
2020-10-13,0.0,3073.27,AS-BRA-01
2020-10-14,0.3,2883.38,AS-BRA-01
2020-10-15,0.3,2644.27,AS-BRA-01
2020-10-16,0.5,2426.26,AS-BRA-01
2020-10-17,0.0,2236.38,AS-BRA-01
2020-10-18,1.2,2173.09,AS-BRA-01
2020-10-19,0.3,2025.4,AS-BRA-01
2020-10-20,0.3,1849.59,AS-BRA-01
2020-10-21,0.2,1701.9,AS-BRA-01
2020-10-22,6.6,2869.32,AS-BRA-01
2020-10-23,126.8,36541.62,AS-BRA-01
2020-10-24,30.9,18052.8,AS-BRA-01
2020-10-25,1.3,10337.99,AS-BRA-01
2020-10-26,2.3,7018.58,AS-BRA-01
2020-10-27,0.0,5330.74,AS-BRA-01
2020-10-28,0.0,4381.34,AS-BRA-01
2020-10-29,0.0,3755.43,AS-BRA-01
2020-10-30,0.0,3312.38,AS-BRA-01
2020-10-31,4.3,3769.5,AS-BRA-01
2020-11-01,0.3,3410.83,AS-BRA-01
2020-11-02,0.6,2925.58,AS-BRA-01
2020-11-03,0.4,2595.05,AS-BRA-01
2020-11-04,0.0,2341.87,AS-BRA-01
2020-11-05,0.0,2116.83,AS-BRA-01
2020-11-06,0.0,1919.91,AS-BRA-01
2020-11-07,0.0,1744.1,AS-BRA-01
2020-11-08,0.0,1589.38,AS-BRA-01
2020-11-09,0.0,1455.76,AS-BRA-01
2020-11-10,0.0,1322.14,AS-BRA-01
2020-11-11,0.0,1202.58,AS-BRA-01
2020-11-12,0.0,1083.03,AS-BRA-01
2020-11-13,0.0,984.57,AS-BRA-01
2020-11-14,0.0,879.08,AS-BRA-01
2020-11-15,0.0,794.69,AS-BRA-01
2020-11-16,0.5,710.3,AS-BRA-01
2020-11-17,2.9,625.91,AS-BRA-01
2020-11-18,0.6,569.64,AS-BRA-01
2020-11-19,0.4,506.35,AS-BRA-01
2020-11-20,2.3,464.15,AS-BRA-01
2020-11-21,1.3,421.96,AS-BRA-01
2020-11-22,0.7,365.7,AS-BRA-01
2020-11-23,0.0,302.4,AS-BRA-01
2020-11-24,0.0,253.18,AS-BRA-01
2020-11-25,0.0,232.08,AS-BRA-01
2020-11-26,0.0,225.04,AS-BRA-01
2020-11-27,0.0,225.04,AS-BRA-01
2020-11-28,0.0,218.01,AS-BRA-01
2020-11-29,0.0,218.01,AS-BRA-01
2020-11-30,0.0,210.98,AS-BRA-01
2020-12-01,0.0,182.85,AS-BRA-01
2020-12-02,0.0,168.78,AS-BRA-01
2020-12-03,0.2,168.78,AS-BRA-01
2020-12-04,0.0,281.31,AS-BRA-01
2020-12-05,1.6,499.32,AS-BRA-01
2020-12-06,0.5,625.91,AS-BRA-01
2020-12-07,0.1,478.22,AS-BRA-01
2020-12-08,0.0,337.57,AS-BRA-01
2020-12-09,0.0,267.24,AS-BRA-01
2020-12-10,0.0,225.04,AS-BRA-01
2020-12-11,0.2,203.95,AS-BRA-01
2020-12-12,0.0,189.88,AS-BRA-01
2020-12-13,1.5,182.85,AS-BRA-01
2020-12-14,1.0,168.78,AS-BRA-01
2020-12-15,0.1,161.75,AS-BRA-01
2020-12-16,0.0,154.72,AS-BRA-01
2020-12-17,0.0,154.72,AS-BRA-01
2020-12-18,0.1,154.72,AS-BRA-01
2020-12-19,0.0,147.69,AS-BRA-01
2020-12-20,0.0,147.69,AS-BRA-01
2020-12-21,0.0,147.69,AS-BRA-01
2020-12-22,0.0,147.69,AS-BRA-01
2020-12-23,0.0,147.69,AS-BRA-01
2020-12-24,0.0,133.62,AS-BRA-01
2020-12-25,0.0,133.62,AS-BRA-01
2020-12-26,0.0,133.62,AS-BRA-01
2020-12-27,0.0,133.62,AS-BRA-01
2020-12-28,0.0,133.62,AS-BRA-01
2020-12-29,0.0,133.62,AS-BRA-01
2020-12-30,0.0,133.62,AS-BRA-01
2020-12-31,0.0,126.59,AS-BRA-01
2021-01-01,0.0,126.59,AS-BRA-01
2021-01-02,0.0,126.59,AS-BRA-01
2021-01-03,0.0,126.59,AS-BRA-01
2021-01-04,0.0,126.59,AS-BRA-01
2021-01-05,0.0,126.59,AS-BRA-01
2021-01-06,0.0,112.52,AS-BRA-01
2021-01-07,0.0,112.52,AS-BRA-01
2021-01-08,0.0,112.52,AS-BRA-01
2021-01-09,0.0,112.52,AS-BRA-01
2021-01-10,1.2,112.52,AS-BRA-01
2021-01-11,1.1,112.52,AS-BRA-01
2021-01-12,2.8,112.52,AS-BRA-01
2021-01-13,0.2,112.52,AS-BRA-01
2021-01-14,0.0,112.52,AS-BRA-01
2021-01-15,0.0,112.52,AS-BRA-01
2021-01-16,0.3,105.49,AS-BRA-01
2021-01-17,0.0,105.49,AS-BRA-01
2021-01-18,9.0,203.95,AS-BRA-01
2021-01-19,2.7,682.17,AS-BRA-01
2021-01-20,2.5,857.98,AS-BRA-01
2021-01-21,0.2,576.68,AS-BRA-01
2021-01-22,0.0,351.63,AS-BRA-01
2021-01-23,0.0,253.18,AS-BRA-01
2021-01-24,1.3,203.95,AS-BRA-01
2021-01-25,0.1,168.78,AS-BRA-01
2021-01-26,0.0,147.69,AS-BRA-01
2021-01-27,0.0,133.62,AS-BRA-01
2021-01-28,0.0,126.59,AS-BRA-01
2021-01-29,0.0,112.52,AS-BRA-01
2021-01-30,0.6,133.62,AS-BRA-01
2021-01-31,0.0,133.62,AS-BRA-01
2021-02-01,0.1,133.62,AS-BRA-01
2021-02-02,0.0,154.72,AS-BRA-01
2021-02-03,0.0,133.62,AS-BRA-01
2021-02-04,0.0,133.62,AS-BRA-01
2021-02-05,0.0,133.62,AS-BRA-01
2021-02-06,0.0,133.62,AS-BRA-01
2021-02-07,0.0,133.62,AS-BRA-01
2021-02-08,0.0,112.52,AS-BRA-01
2021-02-09,0.0,112.52,AS-BRA-01
2021-02-10,0.0,112.52,AS-BRA-01
2021-02-11,0.0,112.52,AS-BRA-01
2021-02-12,0.0,112.52,AS-BRA-01
2021-02-13,0.0,112.52,AS-BRA-01
2021-02-14,0.0,112.52,AS-BRA-01
2021-02-15,0.2,112.52,AS-BRA-01
2021-02-16,0.0,112.52,AS-BRA-01
2021-02-17,0.0,112.52,AS-BRA-01
2021-02-18,0.0,112.52,AS-BRA-01
2021-02-19,0.0,112.52,AS-BRA-01
2021-02-20,0.0,112.52,AS-BRA-01
2021-02-21,0.0,112.52,AS-BRA-01
2021-02-22,0.0,112.52,AS-BRA-01
2021-02-23,0.0,91.42,AS-BRA-01
2021-02-24,0.0,91.42,AS-BRA-01
2021-02-25,0.0,91.42,AS-BRA-01
2021-02-26,0.1,91.42,AS-BRA-01
2021-02-27,0.2,91.42,AS-BRA-01
2021-02-28,0.2,91.42,AS-BRA-01
2021-03-01,0.0,91.42,AS-BRA-01
2021-03-02,0.0,91.42,AS-BRA-01
2021-03-03,0.0,91.42,AS-BRA-01
2021-03-04,1.2,91.42,AS-BRA-01
2021-03-05,0.0,91.42,AS-BRA-01
2021-03-06,0.3,91.42,AS-BRA-01
2021-03-07,0.0,91.42,AS-BRA-01
2021-03-08,0.0,91.42,AS-BRA-01
2021-03-09,0.4,203.95,AS-BRA-01
2021-03-10,2.3,203.95,AS-BRA-01
2021-03-11,0.0,154.72,AS-BRA-01
2021-03-12,0.0,133.62,AS-BRA-01
2021-03-13,0.0,112.52,AS-BRA-01
2021-03-14,0.7,112.52,AS-BRA-01
2021-03-15,0.2,112.52,AS-BRA-01
2021-03-16,0.0,91.42,AS-BRA-01
2021-03-17,0.0,91.42,AS-BRA-01
2021-03-18,0.0,91.42,AS-BRA-01
2021-03-19,0.0,91.42,AS-BRA-01
2021-03-20,0.0,91.42,AS-BRA-01
2021-03-21,0.0,91.42,AS-BRA-01
2021-03-22,0.0,91.42,AS-BRA-01
2021-03-23,0.0,91.42,AS-BRA-01
2021-03-24,0.0,70.33,AS-BRA-01
2021-03-25,0.0,70.33,AS-BRA-01
2021-03-26,0.0,70.33,AS-BRA-01
2021-03-27,0.0,70.33,AS-BRA-01
2021-03-28,0.0,70.33,AS-BRA-01
2021-03-29,0.0,70.33,AS-BRA-01
2021-03-30,21.2,639.97,AS-BRA-01
2021-03-31,1.6,618.87,AS-BRA-01
2021-04-01,1.0,400.86,AS-BRA-01
2021-04-02,0.0,267.24,AS-BRA-01
2021-04-03,0.1,203.95,AS-BRA-01
2021-04-04,0.1,154.72,AS-BRA-01
2021-04-05,0.0,133.62,AS-BRA-01
2021-04-06,0.0,112.52,AS-BRA-01
2021-04-07,0.6,288.34,AS-BRA-01
2021-04-08,1.0,1568.28,AS-BRA-01
2021-04-09,1.4,1125.22,AS-BRA-01
2021-04-10,0.1,597.77,AS-BRA-01
2021-04-11,0.0,351.63,AS-BRA-01
2021-04-12,0.0,246.14,AS-BRA-01
2021-04-13,0.0,182.85,AS-BRA-01
2021-04-14,0.8,154.72,AS-BRA-01
2021-04-15,0.1,288.34,AS-BRA-01
2021-04-16,3.5,815.79,AS-BRA-01
2021-04-17,1.6,1715.97,AS-BRA-01
2021-04-18,9.5,1188.52,AS-BRA-01
2021-04-19,0.1,661.07,AS-BRA-01
2021-04-20,0.1,443.06,AS-BRA-01
2021-04-21,0.0,309.44,AS-BRA-01
2021-04-22,1.1,225.04,AS-BRA-01
2021-04-23,0.0,182.85,AS-BRA-01
2021-04-24,0.0,133.62,AS-BRA-01
2021-04-25,0.0,112.52,AS-BRA-01
2021-04-26,0.0,133.62,AS-BRA-01
2021-04-27,0.0,133.62,AS-BRA-01
2021-04-28,0.3,133.62,AS-BRA-01
2021-04-29,0.0,133.62,AS-BRA-01
2021-04-30,0.2,133.62,AS-BRA-01
2021-05-01,0.2,112.52,AS-BRA-01
2021-05-02,10.0,337.57,AS-BRA-01
2021-05-03,8.2,661.07,AS-BRA-01
2021-05-04,2.9,555.58,AS-BRA-01
2021-05-05,10.8,618.87,AS-BRA-01
2021-05-06,5.7,506.35,AS-BRA-01
2021-05-07,14.6,421.96,AS-BRA-01
2021-05-08,7.1,555.58,AS-BRA-01
2021-05-09,6.2,555.58,AS-BRA-01
2021-05-10,17.4,773.59,AS-BRA-01
2021-05-11,44.8,1568.28,AS-BRA-01
2021-05-12,33.7,1272.91,AS-BRA-01
2021-05-13,20.0,2405.16,AS-BRA-01
2021-05-14,4.8,1582.35,AS-BRA-01
2021-05-15,11.7,1209.61,AS-BRA-01
2021-05-16,3.5,773.59,AS-BRA-01
2021-05-17,16.8,527.45,AS-BRA-01
2021-05-18,8.4,421.96,AS-BRA-01
2021-05-19,6.5,485.25,AS-BRA-01
2021-05-20,3.8,421.96,AS-BRA-01
2021-05-21,3.7,337.57,AS-BRA-01
2021-05-22,0.7,267.24,AS-BRA-01
2021-05-23,1.0,267.24,AS-BRA-01
2021-05-24,23.6,928.31,AS-BRA-01
2021-05-25,4.9,3017.0,AS-BRA-01
2021-05-26,25.8,2468.46,AS-BRA-01
2021-05-27,0.9,1891.78,AS-BRA-01
2021-05-28,0.3,1033.8,AS-BRA-01
2021-05-29,1.8,555.58,AS-BRA-01
2021-05-30,3.8,379.76,AS-BRA-01
2021-05-31,68.8,3867.95,AS-BRA-01
2021-06-01,6.1,2377.03,AS-BRA-01
2021-06-02,1.9,1167.42,AS-BRA-01
2021-06-03,1.4,661.07,AS-BRA-01
2021-06-04,7.7,836.88,AS-BRA-01
2021-06-05,21.1,2222.32,AS-BRA-01
2021-06-06,6.9,2095.73,AS-BRA-01
2021-06-07,4.7,1568.28,AS-BRA-01
2021-06-08,1.1,970.5,AS-BRA-01
2021-06-09,4.3,794.69,AS-BRA-01
2021-06-10,11.2,3671.04,AS-BRA-01
2021-06-11,12.9,3825.76,AS-BRA-01
2021-06-12,9.3,5394.04,AS-BRA-01
2021-06-13,2.9,4247.72,AS-BRA-01
2021-06-14,11.8,3361.6,AS-BRA-01
2021-06-15,33.1,3628.84,AS-BRA-01
2021-06-16,2.1,2419.23,AS-BRA-01
2021-06-17,1.0,2405.16,AS-BRA-01
2021-06-18,17.6,2841.19,AS-BRA-01
2021-06-19,22.3,11203.0,AS-BRA-01
2021-06-20,2.2,12623.6,AS-BRA-01
2021-06-21,3.6,9177.6,AS-BRA-01
2021-06-22,72.2,9388.58,AS-BRA-01
2021-06-23,2.1,6484.1,AS-BRA-01
2021-06-24,1.2,5450.3,AS-BRA-01
2021-06-25,6.4,4662.64,AS-BRA-01
2021-06-26,8.9,4374.3,AS-BRA-01
2021-06-27,1.4,3980.48,AS-BRA-01
2021-06-28,4.1,3579.62,AS-BRA-01
2021-06-29,15.3,5246.35,AS-BRA-01
2021-06-30,22.9,5007.24,AS-BRA-01
2021-07-01,2.6,4296.95,AS-BRA-01
2021-07-02,6.1,3832.79,AS-BRA-01
2021-07-03,10.1,3446.0,AS-BRA-01
2021-07-04,6.0,3227.98,AS-BRA-01
2021-07-05,3.1,3628.84,AS-BRA-01
2021-07-06,19.2,5921.49,AS-BRA-01
2021-07-07,54.8,15113.15,AS-BRA-01
2021-07-08,28.9,10816.21,AS-BRA-01
2021-07-09,11.4,11203.0,AS-BRA-01
2021-07-10,7.1,8347.75,AS-BRA-01
2021-07-11,13.7,7932.82,AS-BRA-01
2021-07-12,21.0,10471.61,AS-BRA-01
2021-07-13,22.2,10598.2,AS-BRA-01
2021-07-14,5.0,7686.68,AS-BRA-01
2021-07-15,3.6,6005.88,AS-BRA-01
2021-07-16,10.5,8994.75,AS-BRA-01
2021-07-17,6.5,10759.95,AS-BRA-01
2021-07-18,21.4,10007.45,AS-BRA-01
2021-07-19,20.0,9733.18,AS-BRA-01
2021-07-20,9.1,9065.08,AS-BRA-01
2021-07-21,8.3,8368.85,AS-BRA-01
2021-07-22,1.1,6765.4,AS-BRA-01
2021-07-23,10.9,6709.14,AS-BRA-01
2021-07-24,7.7,7095.94,AS-BRA-01
2021-07-25,7.0,7468.67,AS-BRA-01
2021-07-26,14.1,7074.84,AS-BRA-01
2021-07-27,6.0,6420.8,AS-BRA-01
2021-07-28,1.2,5506.56,AS-BRA-01
2021-07-29,6.8,4901.75,AS-BRA-01
2021-07-30,17.9,8854.1,AS-BRA-01
2021-07-31,28.8,12222.74,AS-BRA-01
2021-08-01,25.5,21020.57,AS-BRA-01
2021-08-02,13.7,15985.2,AS-BRA-01
2021-08-03,4.9,12075.05,AS-BRA-01
2021-08-04,6.4,10977.96,AS-BRA-01
2021-08-05,0.8,9156.5,AS-BRA-01
2021-08-06,34.4,14564.61,AS-BRA-01
2021-08-07,10.9,18137.19,AS-BRA-01
2021-08-08,11.8,13931.67,AS-BRA-01
2021-08-09,6.6,10492.71,AS-BRA-01
2021-08-10,6.5,11006.09,AS-BRA-01
2021-08-11,11.3,10260.63,AS-BRA-01
2021-08-12,4.8,9634.72,AS-BRA-01
2021-08-13,7.9,9852.74,AS-BRA-01
2021-08-14,2.6,8178.97,AS-BRA-01
2021-08-15,5.5,7145.17,AS-BRA-01
2021-08-16,18.2,14353.63,AS-BRA-01
2021-08-17,32.7,15113.15,AS-BRA-01
2021-08-18,24.1,12686.89,AS-BRA-01
2021-08-19,10.2,15485.88,AS-BRA-01
2021-08-20,6.0,11864.07,AS-BRA-01
2021-08-21,0.7,9107.27,AS-BRA-01
2021-08-22,1.1,7609.32,AS-BRA-01
2021-08-23,11.8,8368.85,AS-BRA-01
2021-08-24,0.6,7398.34,AS-BRA-01
2021-08-25,4.7,7095.94,AS-BRA-01
2021-08-26,25.7,8973.65,AS-BRA-01
2021-08-27,23.3,9297.16,AS-BRA-01
2021-08-28,11.5,8741.58,AS-BRA-01
2021-08-29,16.9,7953.92,AS-BRA-01
2021-08-30,13.1,12286.03,AS-BRA-01
2021-08-31,6.0,9705.05,AS-BRA-01
2021-09-01,12.1,8284.46,AS-BRA-01
2021-09-02,9.2,7243.62,AS-BRA-01
2021-09-03,2.6,6315.31,AS-BRA-01
2021-09-04,1.8,5689.41,AS-BRA-01
2021-09-05,6.7,5464.36,AS-BRA-01
2021-09-06,7.3,17834.79,AS-BRA-01
2021-09-07,115.8,33883.28,AS-BRA-01
2021-09-08,0.4,18538.05,AS-BRA-01
2021-09-09,1.2,11955.5,AS-BRA-01
2021-09-10,0.0,9156.5,AS-BRA-01
2021-09-11,3.0,7728.88,AS-BRA-01
2021-09-12,0.0,6786.5,AS-BRA-01
2021-09-13,0.0,6104.34,AS-BRA-01
2021-09-14,0.6,6132.47,AS-BRA-01
2021-09-15,2.3,5647.21,AS-BRA-01
2021-09-16,33.7,13530.81,AS-BRA-01
2021-09-17,8.8,12686.89,AS-BRA-01
2021-09-18,5.9,13397.19,AS-BRA-01
2021-09-19,1.4,9901.96,AS-BRA-01
2021-09-20,6.8,8031.28,AS-BRA-01
2021-09-21,23.7,10548.97,AS-BRA-01
2021-09-22,6.7,10844.34,AS-BRA-01
2021-09-23,0.0,8523.57,AS-BRA-01
2021-09-24,2.2,6821.67,AS-BRA-01
2021-09-25,0.2,6484.1,AS-BRA-01
2021-09-26,0.0,5612.05,AS-BRA-01
2021-09-27,0.0,5583.92,AS-BRA-01
2021-09-28,8.4,7531.96,AS-BRA-01
2021-09-29,8.5,6927.15,AS-BRA-01
2021-09-30,0.2,5506.56,AS-BRA-01
2021-10-01,0.0,4634.51,AS-BRA-01
2021-10-02,4.8,5133.83,AS-BRA-01
2021-10-03,8.5,5422.17,AS-BRA-01
2021-10-04,3.3,4873.62,AS-BRA-01
2021-10-05,2.7,4423.53,AS-BRA-01
2021-10-06,1.7,3846.86,AS-BRA-01
2021-10-07,0.8,3410.83,AS-BRA-01
2021-10-08,5.8,3094.36,AS-BRA-01
2021-10-09,1.7,2911.51,AS-BRA-01
2021-10-10,1.2,2693.5,AS-BRA-01
2021-10-11,0.0,2475.49,AS-BRA-01
2021-10-12,0.0,2271.54,AS-BRA-01
2021-10-13,0.0,2088.7,AS-BRA-01
2021-10-14,0.0,1912.88,AS-BRA-01
2021-10-15,0.0,1765.19,AS-BRA-01
2021-10-16,18.1,1694.87,AS-BRA-01
2021-10-17,7.5,1652.67,AS-BRA-01
2021-10-18,6.4,1990.24,AS-BRA-01
2021-10-19,12.6,4536.06,AS-BRA-01
2021-10-20,9.4,3692.14,AS-BRA-01
2021-10-21,0.5,2609.11,AS-BRA-01
2021-10-22,0.0,2039.47,AS-BRA-01
2021-10-23,0.0,1701.9,AS-BRA-01
2021-10-24,0.1,1476.86,AS-BRA-01
2021-10-25,3.2,1322.14,AS-BRA-01
2021-10-26,0.1,1188.52,AS-BRA-01
2021-10-27,0.0,1068.96,AS-BRA-01
2021-10-28,0.0,956.44,AS-BRA-01
2021-10-29,0.0,843.92,AS-BRA-01
2021-10-30,0.0,752.49,AS-BRA-01
2021-10-31,0.0,661.07,AS-BRA-01
2021-11-01,0.4,576.68,AS-BRA-01
2021-11-02,0.0,499.32,AS-BRA-01
2021-11-03,0.0,428.99,AS-BRA-01
2021-11-04,0.0,351.63,AS-BRA-01
2021-11-05,0.0,295.37,AS-BRA-01
2021-11-06,0.0,232.08,AS-BRA-01
2021-11-07,0.0,203.95,AS-BRA-01
2021-11-08,0.0,196.91,AS-BRA-01
2021-11-09,0.0,189.88,AS-BRA-01
2021-11-10,0.0,189.88,AS-BRA-01
2021-11-11,0.0,182.85,AS-BRA-01
2021-11-12,0.0,182.85,AS-BRA-01
2021-11-13,0.0,182.85,AS-BRA-01
2021-11-14,0.0,182.85,AS-BRA-01
2021-11-15,0.0,175.82,AS-BRA-01
2021-11-16,0.0,175.82,AS-BRA-01
2021-11-17,0.0,175.82,AS-BRA-01
2021-11-18,0.0,168.78,AS-BRA-01
2021-11-19,0.0,168.78,AS-BRA-01
2021-11-20,0.0,168.78,AS-BRA-01
2021-11-21,0.2,161.75,AS-BRA-01
2021-11-22,1.3,161.75,AS-BRA-01
2021-11-23,0.1,161.75,AS-BRA-01
2021-11-24,0.0,161.75,AS-BRA-01
2021-11-25,0.0,154.72,AS-BRA-01
2021-11-26,0.0,154.72,AS-BRA-01
2021-11-27,0.0,154.72,AS-BRA-01
2021-11-28,0.0,154.72,AS-BRA-01
2021-11-29,0.0,154.72,AS-BRA-01
2021-11-30,0.0,154.72,AS-BRA-01
2021-12-01,0.0,126.59,AS-BRA-01
2021-12-02,0.0,112.52,AS-BRA-01
2021-12-03,0.0,105.49,AS-BRA-01
2021-12-04,0.0,105.49,AS-BRA-01
2021-12-05,0.0,105.49,AS-BRA-01
2021-12-06,0.1,105.49,AS-BRA-01
2021-12-07,0.0,105.49,AS-BRA-01
2021-12-08,0.0,105.49,AS-BRA-01
2021-12-09,0.0,105.49,AS-BRA-01
2021-12-10,0.2,105.49,AS-BRA-01
2021-12-11,0.0,91.42,AS-BRA-01
2021-12-12,0.0,91.42,AS-BRA-01
2021-12-13,0.0,91.42,AS-BRA-01
2021-12-14,0.0,91.42,AS-BRA-01
2021-12-15,0.0,91.42,AS-BRA-01
2021-12-16,0.0,91.42,AS-BRA-01
2021-12-17,0.0,91.42,AS-BRA-01
2021-12-18,0.0,91.42,AS-BRA-01
2021-12-19,0.0,91.42,AS-BRA-01
2021-12-20,0.0,84.39,AS-BRA-01
2021-12-21,0.0,84.39,AS-BRA-01
2021-12-22,0.0,288.34,AS-BRA-01
2021-12-23,0.0,288.34,AS-BRA-01
2021-12-24,0.0,210.98,AS-BRA-01
2021-12-25,0.0,225.04,AS-BRA-01
2021-12-26,0.0,189.88,AS-BRA-01
2021-12-27,0.0,154.72,AS-BRA-01
2021-12-28,0.0,133.62,AS-BRA-01
2021-12-29,0.0,112.52,AS-BRA-01
2021-12-30,0.7,225.04,AS-BRA-01
2021-12-31,0.0,225.04,AS-BRA-01
2022-01-01,0.0,168.78,AS-BRA-01
2022-01-02,0.0,133.62,AS-BRA-01
2022-01-03,0.0,112.52,AS-BRA-01
2022-01-04,0.0,105.49,AS-BRA-01
2022-01-05,0.0,91.42,AS-BRA-01
2022-01-06,0.0,91.42,AS-BRA-01
2022-01-07,0.0,91.42,AS-BRA-01
2022-01-08,0.0,70.33,AS-BRA-01
2022-01-09,0.0,70.33,AS-BRA-01
2022-01-10,0.0,70.33,AS-BRA-01
2022-01-11,0.0,70.33,AS-BRA-01
2022-01-12,12.0,710.3,AS-BRA-01
2022-01-13,0.1,618.87,AS-BRA-01
2022-01-14,0.0,365.7,AS-BRA-01
2022-01-15,0.0,232.08,AS-BRA-01
2022-01-16,0.0,168.78,AS-BRA-01
2022-01-17,0.0,133.62,AS-BRA-01
2022-01-18,0.2,112.52,AS-BRA-01
2022-01-19,0.3,154.72,AS-BRA-01
2022-01-20,7.5,253.18,AS-BRA-01
2022-01-21,0.2,232.08,AS-BRA-01
2022-01-22,2.7,168.78,AS-BRA-01
2022-01-23,0.3,133.62,AS-BRA-01
2022-01-24,0.2,105.49,AS-BRA-01
2022-01-25,1.3,147.69,AS-BRA-01
2022-01-26,2.4,253.18,AS-BRA-01
2022-01-27,1.5,281.31,AS-BRA-01
2022-01-28,0.0,225.04,AS-BRA-01
2022-01-29,0.0,154.72,AS-BRA-01
2022-01-30,0.0,126.59,AS-BRA-01
2022-01-31,2.8,105.49,AS-BRA-01
2022-02-01,4.1,717.33,AS-BRA-01
2022-02-02,0.1,625.91,AS-BRA-01
2022-02-03,0.0,379.76,AS-BRA-01
2022-02-04,57.0,2855.25,AS-BRA-01
2022-02-05,2.8,2517.69,AS-BRA-01
2022-02-06,0.0,1336.2,AS-BRA-01
2022-02-07,0.5,717.33,AS-BRA-01
2022-02-08,0.7,450.09,AS-BRA-01
2022-02-09,0.0,302.4,AS-BRA-01
2022-02-10,1.1,210.98,AS-BRA-01
2022-02-11,1.8,210.98,AS-BRA-01
2022-02-12,0.4,189.88,AS-BRA-01
2022-02-13,0.0,154.72,AS-BRA-01
2022-02-14,0.0,133.62,AS-BRA-01
2022-02-15,0.0,112.52,AS-BRA-01
2022-02-16,0.0,105.49,AS-BRA-01
2022-02-17,0.0,105.49,AS-BRA-01
2022-02-18,0.0,91.42,AS-BRA-01
2022-02-19,0.0,91.42,AS-BRA-01
2022-02-20,4.7,91.42,AS-BRA-01
2022-02-21,1.4,246.14,AS-BRA-01
2022-02-22,0.0,246.14,AS-BRA-01
2022-02-23,0.0,182.85,AS-BRA-01
2022-02-24,0.0,133.62,AS-BRA-01
2022-02-25,4.9,112.52,AS-BRA-01
2022-02-26,0.0,112.52,AS-BRA-01
2022-02-27,0.0,91.42,AS-BRA-01
2022-02-28,1.9,112.52,AS-BRA-01
2022-03-01,0.0,91.42,AS-BRA-01
2022-03-02,0.0,91.42,AS-BRA-01
2022-03-03,0.0,91.42,AS-BRA-01
2022-03-04,0.0,70.33,AS-BRA-01
2022-03-05,0.0,70.33,AS-BRA-01
2022-03-06,0.0,70.33,AS-BRA-01
2022-03-07,0.0,70.33,AS-BRA-01
2022-03-08,0.0,70.33,AS-BRA-01
2022-03-09,0.0,70.33,AS-BRA-01
2022-03-10,0.0,70.33,AS-BRA-01
2022-03-11,0.0,70.33,AS-BRA-01
2022-03-12,0.0,70.33,AS-BRA-01
2022-03-13,0.0,49.23,AS-BRA-01
2022-03-14,0.0,49.23,AS-BRA-01
2022-03-15,0.0,49.23,AS-BRA-01
2022-03-16,0.0,49.23,AS-BRA-01
2022-03-17,0.0,49.23,AS-BRA-01
2022-03-18,0.0,49.23,AS-BRA-01
2022-03-19,0.0,49.23,AS-BRA-01
2022-03-20,0.0,49.23,AS-BRA-01
2022-03-21,0.0,49.23,AS-BRA-01
2022-03-22,0.0,49.23,AS-BRA-01
2022-03-23,0.1,49.23,AS-BRA-01
2022-03-24,0.5,49.23,AS-BRA-01
2022-03-25,2.3,555.58,AS-BRA-01
2022-03-26,0.3,506.35,AS-BRA-01
2022-03-27,0.0,309.44,AS-BRA-01
2022-03-28,2.7,225.04,AS-BRA-01
2022-03-29,0.6,154.72,AS-BRA-01
2022-03-30,0.6,112.52,AS-BRA-01
2022-03-31,1.5,154.72,AS-BRA-01
2022-04-01,62.0,485.25,AS-BRA-01
2022-04-02,36.7,773.59,AS-BRA-01
2022-04-03,3.0,682.17,AS-BRA-01
2022-04-04,1.6,857.98,AS-BRA-01
2022-04-05,1.9,639.97,AS-BRA-01
2022-04-06,0.1,464.15,AS-BRA-01
2022-04-07,0.2,309.44,AS-BRA-01
2022-04-08,11.3,203.95,AS-BRA-01
2022-04-09,6.8,225.04,AS-BRA-01
2022-04-10,22.1,815.79,AS-BRA-01
2022-04-11,3.6,618.87,AS-BRA-01
2022-04-12,9.2,351.63,AS-BRA-01
2022-04-13,25.4,1167.42,AS-BRA-01
2022-04-14,6.9,1301.04,AS-BRA-01
2022-04-15,0.0,900.18,AS-BRA-01
2022-04-16,0.9,639.97,AS-BRA-01
2022-04-17,4.3,506.35,AS-BRA-01
2022-04-18,4.7,337.57,AS-BRA-01
2022-04-19,14.0,1385.43,AS-BRA-01
2022-04-20,2.2,1075.99,AS-BRA-01
2022-04-21,0.5,576.68,AS-BRA-01
2022-04-22,13.4,1033.8,AS-BRA-01
2022-04-23,3.2,857.98,AS-BRA-01
2022-04-24,0.0,555.58,AS-BRA-01
2022-04-25,0.7,337.57,AS-BRA-01
2022-04-26,6.0,225.04,AS-BRA-01
2022-04-27,0.6,267.24,AS-BRA-01
2022-04-28,0.8,246.14,AS-BRA-01
2022-04-29,21.4,857.98,AS-BRA-01
2022-04-30,9.5,3361.6,AS-BRA-01
2022-05-01,2.5,2074.63,AS-BRA-01
2022-05-02,9.4,1146.32,AS-BRA-01
2022-05-03,14.6,1427.63,AS-BRA-01
2022-05-04,0.0,970.5,AS-BRA-01
2022-05-05,0.0,555.58,AS-BRA-01
2022-05-06,0.4,464.15,AS-BRA-01
2022-05-07,5.2,724.36,AS-BRA-01
2022-05-08,2.2,724.36,AS-BRA-01
2022-05-09,1.9,773.59,AS-BRA-01
2022-05-10,1.3,1497.95,AS-BRA-01
2022-05-11,2.7,2489.56,AS-BRA-01
2022-05-12,12.0,2510.65,AS-BRA-01
2022-05-13,43.2,3277.21,AS-BRA-01
2022-05-14,66.6,3038.1,AS-BRA-01
2022-05-15,43.4,2053.53,AS-BRA-01
2022-05-16,75.7,2201.22,AS-BRA-01
2022-05-17,39.1,3410.83,AS-BRA-01
2022-05-18,6.6,2728.67,AS-BRA-01
2022-05-19,12.9,2243.41,AS-BRA-01
2022-05-20,34.2,2531.75,AS-BRA-01
2022-05-21,43.7,4725.94,AS-BRA-01
2022-05-22,9.9,3389.73,AS-BRA-01
2022-05-23,0.1,2468.46,AS-BRA-01
2022-05-24,8.6,2264.51,AS-BRA-01
2022-05-25,5.5,2180.12,AS-BRA-01
2022-05-26,1.2,1694.87,AS-BRA-01
2022-05-27,1.1,1610.48,AS-BRA-01
2022-05-28,0.0,1343.24,AS-BRA-01
2022-05-29,2.0,1125.22,AS-BRA-01
2022-05-30,10.8,1167.42,AS-BRA-01
2022-05-31,15.7,4557.15,AS-BRA-01
2022-06-01,26.0,4901.75,AS-BRA-01
2022-06-02,10.6,3846.86,AS-BRA-01
2022-06-03,9.0,3453.03,AS-BRA-01
2022-06-04,5.3,3017.0,AS-BRA-01
2022-06-05,2.3,2686.47,AS-BRA-01
2022-06-06,1.3,2334.84,AS-BRA-01
2022-06-07,18.2,2616.14,AS-BRA-01
2022-06-08,18.6,2707.57,AS-BRA-01
2022-06-09,14.5,4768.13,AS-BRA-01
2022-06-10,15.6,4360.24,AS-BRA-01
2022-06-11,7.4,3213.92,AS-BRA-01
2022-06-12,14.0,2658.34,AS-BRA-01
2022-06-13,43.9,2510.65,AS-BRA-01
2022-06-14,26.3,3910.15,AS-BRA-01
2022-06-15,33.3,8031.28,AS-BRA-01
2022-06-16,46.6,11062.35,AS-BRA-01
2022-06-17,56.0,8790.81,AS-BRA-01
2022-06-18,18.0,7335.05,AS-BRA-01
2022-06-19,13.3,7890.63,AS-BRA-01
2022-06-20,7.3,6153.56,AS-BRA-01
2022-06-21,16.7,5218.22,AS-BRA-01
2022-06-22,8.2,4261.78,AS-BRA-01
2022-06-23,7.0,3825.76,AS-BRA-01
2022-06-24,27.0,4332.11,AS-BRA-01
2022-06-25,8.4,4859.56,AS-BRA-01
2022-06-26,3.6,4346.17,AS-BRA-01
2022-06-27,5.9,4093.0,AS-BRA-01
2022-06-28,16.5,7890.63,AS-BRA-01
2022-06-29,17.5,7110.0,AS-BRA-01
2022-06-30,13.7,6589.59,AS-BRA-01
2022-07-01,23.2,7074.84,AS-BRA-01
2022-07-02,4.7,5766.77,AS-BRA-01
2022-07-03,3.2,5204.16,AS-BRA-01
2022-07-04,5.4,4662.64,AS-BRA-01
2022-07-05,9.1,5478.43,AS-BRA-01
2022-07-06,14.0,5612.05,AS-BRA-01
2022-07-07,0.0,4423.53,AS-BRA-01
2022-07-08,7.4,4472.76,AS-BRA-01
2022-07-09,6.1,3959.38,AS-BRA-01
2022-07-10,24.7,4845.49,AS-BRA-01
2022-07-11,21.9,9156.5,AS-BRA-01
2022-07-12,17.9,8481.37,AS-BRA-01
2022-07-13,1.4,7531.96,AS-BRA-01
2022-07-14,0.0,5780.83,AS-BRA-01
2022-07-15,5.7,5555.79,AS-BRA-01
2022-07-16,28.0,7609.32,AS-BRA-01
2022-07-17,16.3,7018.58,AS-BRA-01
2022-07-18,0.2,5302.61,AS-BRA-01
2022-07-19,2.7,5766.77,AS-BRA-01
2022-07-20,49.1,15070.96,AS-BRA-01
2022-07-21,34.0,11231.13,AS-BRA-01
2022-07-22,1.8,9247.93,AS-BRA-01
2022-07-23,17.0,13530.81,AS-BRA-01
2022-07-24,5.2,13298.73,AS-BRA-01
2022-07-25,16.9,11259.26,AS-BRA-01
2022-07-26,4.3,9754.28,AS-BRA-01
2022-07-27,2.2,9367.48,AS-BRA-01
2022-07-28,6.6,8699.38,AS-BRA-01
2022-07-29,12.4,7039.68,AS-BRA-01
2022-07-30,35.6,8502.47,AS-BRA-01
2022-07-31,12.6,7489.77,AS-BRA-01
2022-08-01,5.6,7489.77,AS-BRA-01
2022-08-02,8.6,8544.66,AS-BRA-01
2022-08-03,7.9,7771.07,AS-BRA-01
2022-08-04,11.0,10598.2,AS-BRA-01
2022-08-05,29.5,8699.38,AS-BRA-01
2022-08-06,2.1,8460.27,AS-BRA-01
2022-08-07,33.1,6948.25,AS-BRA-01
2022-08-08,1.0,9367.48,AS-BRA-01
2022-08-09,13.3,7686.68,AS-BRA-01
2022-08-10,1.0,7110.0,AS-BRA-01
2022-08-11,0.1,5991.81,AS-BRA-01
2022-08-12,0.0,5161.96,AS-BRA-01
2022-08-13,0.2,4571.22,AS-BRA-01
2022-08-14,28.9,4831.43,AS-BRA-01
2022-08-15,0.4,10309.86,AS-BRA-01
2022-08-16,1.1,7665.58,AS-BRA-01
2022-08-17,1.3,5724.57,AS-BRA-01
2022-08-18,11.8,4725.94,AS-BRA-01
2022-08-19,8.3,4789.23,AS-BRA-01
2022-08-20,24.6,5492.5,AS-BRA-01
2022-08-21,1.4,5408.1,AS-BRA-01
2022-08-22,0.6,4458.7,AS-BRA-01
2022-08-23,11.7,5190.09,AS-BRA-01
2022-08-24,0.4,5260.42,AS-BRA-01
2022-08-25,0.0,4395.4,AS-BRA-01
2022-08-26,0.0,3621.81,AS-BRA-01
2022-08-27,7.1,3136.56,AS-BRA-01
2022-08-28,19.1,3235.02,AS-BRA-01
2022-08-29,8.4,3685.11,AS-BRA-01
2022-08-30,9.3,4050.8,AS-BRA-01
2022-08-31,28.8,3607.75,AS-BRA-01
2022-09-01,9.4,3108.43,AS-BRA-01
2022-09-02,7.6,3502.26,AS-BRA-01
2022-09-03,22.4,4634.51,AS-BRA-01
2022-09-04,7.8,6132.47,AS-BRA-01
2022-09-05,12.2,4599.35,AS-BRA-01
2022-09-06,22.6,4472.76,AS-BRA-01
2022-09-07,19.8,4915.82,AS-BRA-01
2022-09-08,8.6,4965.05,AS-BRA-01
2022-09-09,0.0,5190.09,AS-BRA-01
2022-09-10,0.0,3994.54,AS-BRA-01
2022-09-11,21.0,3263.15,AS-BRA-01
2022-09-12,50.2,10155.14,AS-BRA-01
2022-09-13,16.7,23200.69,AS-BRA-01
2022-09-14,10.5,16779.89,AS-BRA-01
2022-09-15,6.7,10598.2,AS-BRA-01
2022-09-16,8.4,9437.81,AS-BRA-01
2022-09-17,3.1,9655.82,AS-BRA-01
2022-09-18,1.0,7299.89,AS-BRA-01
2022-09-19,20.4,6448.94,AS-BRA-01
2022-09-20,9.3,10155.14,AS-BRA-01
2022-09-21,4.7,7932.82,AS-BRA-01
2022-09-22,7.2,6554.42,AS-BRA-01
2022-09-23,10.5,6519.26,AS-BRA-01
2022-09-24,4.8,5991.81,AS-BRA-01
2022-09-25,2.8,6484.1,AS-BRA-01
2022-09-26,1.2,6266.09,AS-BRA-01
2022-09-27,2.3,5190.09,AS-BRA-01
2022-09-28,3.5,4599.35,AS-BRA-01
2022-09-29,1.6,5344.81,AS-BRA-01
2022-09-30,0.1,4915.82,AS-BRA-01
2022-10-01,0.0,4128.16,AS-BRA-01
2022-10-02,1.8,3579.62,AS-BRA-01
2022-10-03,13.9,3853.89,AS-BRA-01
2022-10-04,3.5,4697.81,AS-BRA-01
2022-10-05,14.5,5379.97,AS-BRA-01
2022-10-06,1.9,4536.06,AS-BRA-01
2022-10-07,1.7,3811.69,AS-BRA-01
2022-10-08,4.9,3403.8,AS-BRA-01
2022-10-09,4.7,3664.01,AS-BRA-01
2022-10-10,4.4,3523.35,AS-BRA-01
2022-10-11,7.1,3361.6,AS-BRA-01
2022-10-12,6.9,3277.21,AS-BRA-01
2022-10-13,11.2,2953.71,AS-BRA-01
2022-10-14,1.0,2658.34,AS-BRA-01
2022-10-15,0.0,2362.97,AS-BRA-01
2022-10-16,0.0,2123.86,AS-BRA-01
2022-10-17,0.0,1905.85,AS-BRA-01
2022-10-18,5.0,1744.1,AS-BRA-01
2022-10-19,3.2,1603.44,AS-BRA-01
2022-10-20,0.0,1476.86,AS-BRA-01
2022-10-21,0.0,1350.27,AS-BRA-01
2022-10-22,0.0,1230.71,AS-BRA-01
2022-10-23,2.2,1118.19,AS-BRA-01
2022-10-24,31.9,1012.7,AS-BRA-01
2022-10-25,12.0,7806.24,AS-BRA-01
2022-10-26,3.3,7243.62,AS-BRA-01
2022-10-27,0.3,4430.57,AS-BRA-01
2022-10-28,0.0,3017.0,AS-BRA-01
2022-10-29,0.0,2334.84,AS-BRA-01
2022-10-30,0.0,1919.91,AS-BRA-01
2022-10-31,0.0,1638.61,AS-BRA-01
2022-11-01,0.0,1420.59,AS-BRA-01
2022-11-02,0.3,1244.78,AS-BRA-01
2022-11-03,0.1,1097.09,AS-BRA-01
2022-11-04,0.0,963.47,AS-BRA-01
2022-11-05,0.0,857.98,AS-BRA-01
2022-11-06,0.6,752.49,AS-BRA-01
2022-11-07,0.1,661.07,AS-BRA-01
2022-11-08,0.0,576.68,AS-BRA-01
2022-11-09,0.1,499.32,AS-BRA-01
2022-11-10,0.0,428.99,AS-BRA-01
2022-11-11,0.0,351.63,AS-BRA-01
2022-11-12,0.0,288.34,AS-BRA-01
2022-11-13,0.0,246.14,AS-BRA-01
2022-11-14,0.0,225.04,AS-BRA-01
2022-11-15,0.0,225.04,AS-BRA-01
2022-11-16,0.6,218.01,AS-BRA-01
2022-11-17,0.0,210.98,AS-BRA-01
2022-11-18,0.0,203.95,AS-BRA-01
2022-11-19,0.0,203.95,AS-BRA-01
2022-11-20,0.0,203.95,AS-BRA-01
2022-11-21,0.0,203.95,AS-BRA-01
2022-11-22,0.0,196.91,AS-BRA-01
2022-11-23,0.0,196.91,AS-BRA-01
2022-11-24,0.0,189.88,AS-BRA-01
2022-11-25,0.0,189.88,AS-BRA-01
2022-11-26,0.0,182.85,AS-BRA-01
2022-11-27,0.0,182.85,AS-BRA-01
2022-11-28,0.0,182.85,AS-BRA-01
2022-11-29,0.0,182.85,AS-BRA-01
2022-11-30,0.0,182.85,AS-BRA-01
2022-12-01,0.0,182.85,AS-BRA-01
2022-12-02,0.0,147.69,AS-BRA-01
2022-12-03,0.0,133.62,AS-BRA-01
2022-12-04,0.0,133.62,AS-BRA-01
2022-12-05,0.0,133.62,AS-BRA-01
2022-12-06,0.0,126.59,AS-BRA-01
2022-12-07,0.0,126.59,AS-BRA-01
2022-12-08,0.0,126.59,AS-BRA-01
2022-12-09,0.0,126.59,AS-BRA-01
2022-12-10,0.0,119.55,AS-BRA-01
2022-12-11,0.0,119.55,AS-BRA-01
2022-12-12,0.0,119.55,AS-BRA-01
2022-12-13,0.0,119.55,AS-BRA-01
2022-12-14,0.0,112.52,AS-BRA-01
2022-12-15,0.1,112.52,AS-BRA-01
2022-12-16,0.0,112.52,AS-BRA-01
2022-12-17,0.0,112.52,AS-BRA-01
2022-12-18,0.0,105.49,AS-BRA-01
2022-12-19,0.0,105.49,AS-BRA-01
2022-12-20,0.0,105.49,AS-BRA-01
2022-12-21,0.0,105.49,AS-BRA-01
2022-12-22,0.5,105.49,AS-BRA-01
2022-12-23,0.1,105.49,AS-BRA-01
2022-12-24,0.0,105.49,AS-BRA-01
2022-12-25,0.2,105.49,AS-BRA-01
2022-12-26,3.6,105.49,AS-BRA-01
2022-12-27,1.5,119.55,AS-BRA-01
2022-12-28,0.0,126.59,AS-BRA-01
2022-12-29,0.0,119.55,AS-BRA-01
2022-12-30,0.0,112.52,AS-BRA-01
2022-12-31,0.4,105.49,AS-BRA-01
2023-01-01,0.0,98.46,AS-BRA-01
2023-01-02,0.0,98.46,AS-BRA-01
2023-01-03,0.0,91.42,AS-BRA-01
2023-01-04,0.0,91.42,AS-BRA-01
2023-01-05,0.0,91.42,AS-BRA-01
2023-01-06,0.0,91.42,AS-BRA-01
2023-01-07,0.0,91.42,AS-BRA-01
2023-01-08,0.0,84.39,AS-BRA-01
2023-01-09,0.0,84.39,AS-BRA-01
2023-01-10,0.0,84.39,AS-BRA-01
2023-01-11,0.0,84.39,AS-BRA-01
2023-01-12,0.0,84.39,AS-BRA-01
2023-01-13,0.0,84.39,AS-BRA-01
2023-01-14,0.1,84.39,AS-BRA-01
2023-01-15,0.5,84.39,AS-BRA-01
2023-01-16,0.0,84.39,AS-BRA-01
2023-01-17,0.1,84.39,AS-BRA-01
2023-01-18,0.0,84.39,AS-BRA-01
2023-01-19,0.0,84.39,AS-BRA-01
2023-01-20,0.0,70.33,AS-BRA-01
2023-01-21,0.0,70.33,AS-BRA-01
2023-01-22,0.0,70.33,AS-BRA-01
2023-01-23,0.0,70.33,AS-BRA-01
2023-01-24,0.0,70.33,AS-BRA-01
2023-01-25,0.0,70.33,AS-BRA-01
2023-01-26,0.0,70.33,AS-BRA-01
2023-01-27,0.0,70.33,AS-BRA-01
2023-01-28,0.0,56.26,AS-BRA-01
2023-01-29,0.0,56.26,AS-BRA-01
2023-01-30,0.0,56.26,AS-BRA-01
2023-01-31,0.0,56.26,AS-BRA-01
2023-02-01,0.3,56.26,AS-BRA-01
2023-02-02,0.0,84.39,AS-BRA-01
2023-02-03,0.0,91.42,AS-BRA-01
2023-02-04,0.0,91.42,AS-BRA-01
2023-02-05,0.1,91.42,AS-BRA-01
2023-02-06,0.5,91.42,AS-BRA-01
2023-02-07,0.0,84.39,AS-BRA-01
2023-02-08,0.7,133.62,AS-BRA-01
2023-02-09,0.4,147.69,AS-BRA-01
2023-02-10,0.6,168.78,AS-BRA-01
2023-02-11,2.1,154.72,AS-BRA-01
2023-02-12,0.3,133.62,AS-BRA-01
2023-02-13,0.0,112.52,AS-BRA-01
2023-02-14,0.0,105.49,AS-BRA-01
2023-02-15,0.0,105.49,AS-BRA-01
2023-02-16,0.0,91.42,AS-BRA-01
2023-02-17,0.0,91.42,AS-BRA-01
2023-02-18,0.0,84.39,AS-BRA-01
2023-02-19,0.0,84.39,AS-BRA-01
2023-02-20,0.0,84.39,AS-BRA-01
2023-02-21,8.3,210.98,AS-BRA-01
2023-02-22,3.5,724.36,AS-BRA-01
2023-02-23,0.3,555.58,AS-BRA-01
2023-02-24,0.0,337.57,AS-BRA-01
2023-02-25,0.0,225.04,AS-BRA-01
2023-02-26,0.0,154.72,AS-BRA-01
2023-02-27,0.0,133.62,AS-BRA-01
2023-02-28,0.0,112.52,AS-BRA-01
2023-03-01,0.0,112.52,AS-BRA-01
2023-03-02,0.0,91.42,AS-BRA-01
2023-03-03,0.2,91.42,AS-BRA-01
2023-03-04,0.1,70.33,AS-BRA-01
2023-03-05,0.2,70.33,AS-BRA-01
2023-03-06,2.5,70.33,AS-BRA-01
2023-03-07,0.0,70.33,AS-BRA-01
2023-03-08,0.0,70.33,AS-BRA-01
2023-03-09,0.0,70.33,AS-BRA-01
2023-03-10,0.0,70.33,AS-BRA-01
2023-03-11,0.0,70.33,AS-BRA-01
2023-03-12,0.0,70.33,AS-BRA-01
2023-03-13,0.0,70.33,AS-BRA-01
2023-03-14,0.0,70.33,AS-BRA-01
2023-03-15,3.5,288.34,AS-BRA-01
2023-03-16,0.6,288.34,AS-BRA-01
2023-03-17,4.1,246.14,AS-BRA-01
2023-03-18,6.0,464.15,AS-BRA-01
2023-03-19,17.8,1519.05,AS-BRA-01
2023-03-20,21.7,1983.21,AS-BRA-01
2023-03-21,6.4,1849.59,AS-BRA-01
2023-03-22,1.8,1364.33,AS-BRA-01
2023-03-23,6.3,991.6,AS-BRA-01
2023-03-24,1.1,576.68,AS-BRA-01
2023-03-25,5.2,710.3,AS-BRA-01
2023-03-26,6.1,724.36,AS-BRA-01
2023-03-27,0.0,485.25,AS-BRA-01
2023-03-28,0.2,337.57,AS-BRA-01
2023-03-29,0.0,555.58,AS-BRA-01
2023-03-30,0.0,464.15,AS-BRA-01
2023-03-31,5.0,527.45,AS-BRA-01
2023-04-01,49.2,1828.49,AS-BRA-01
2023-04-02,10.4,1807.39,AS-BRA-01
2023-04-03,9.0,1167.42,AS-BRA-01
2023-04-04,0.1,661.07,AS-BRA-01
2023-04-05,0.0,379.76,AS-BRA-01
2023-04-06,3.1,246.14,AS-BRA-01
2023-04-07,0.0,182.85,AS-BRA-01
2023-04-08,0.0,154.72,AS-BRA-01
2023-04-09,0.0,133.62,AS-BRA-01
2023-04-10,0.0,112.52,AS-BRA-01
2023-04-11,0.0,91.42,AS-BRA-01
2023-04-12,0.0,91.42,AS-BRA-01
2023-04-13,0.0,91.42,AS-BRA-01
2023-04-14,0.0,91.42,AS-BRA-01
2023-04-15,0.0,70.33,AS-BRA-01
2023-04-16,0.0,70.33,AS-BRA-01
2023-04-17,0.0,112.52,AS-BRA-01
2023-04-18,2.0,527.45,AS-BRA-01
2023-04-19,8.3,682.17,AS-BRA-01
2023-04-20,1.0,527.45,AS-BRA-01
2023-04-21,0.5,337.57,AS-BRA-01
2023-04-22,2.6,400.86,AS-BRA-01
2023-04-23,10.7,618.87,AS-BRA-01
2023-04-24,0.0,443.06,AS-BRA-01
2023-04-25,0.5,309.44,AS-BRA-01
2023-04-26,7.0,225.04,AS-BRA-01
2023-04-27,5.5,182.85,AS-BRA-01
2023-04-28,10.1,133.62,AS-BRA-01
2023-04-29,6.4,203.95,AS-BRA-01
2023-04-30,9.5,246.14,AS-BRA-01
2023-05-01,0.2,464.15,AS-BRA-01
2023-05-02,2.2,400.86,AS-BRA-01
2023-05-03,6.5,267.24,AS-BRA-01
2023-05-04,27.1,527.45,AS-BRA-01
2023-05-05,0.2,421.96,AS-BRA-01
2023-05-06,0.6,267.24,AS-BRA-01
2023-05-07,1.7,182.85,AS-BRA-01
2023-05-08,0.2,133.62,AS-BRA-01
2023-05-09,0.0,112.52,AS-BRA-01
2023-05-10,0.0,91.42,AS-BRA-01
2023-05-11,4.3,112.52,AS-BRA-01
2023-05-12,0.0,112.52,AS-BRA-01
2023-05-13,0.0,91.42,AS-BRA-01
2023-05-14,0.0,91.42,AS-BRA-01
2023-05-15,6.6,154.72,AS-BRA-01
2023-05-16,20.9,1476.86,AS-BRA-01
2023-05-17,11.8,2222.32,AS-BRA-01
2023-05-18,12.5,1933.98,AS-BRA-01
2023-05-19,17.7,1631.57,AS-BRA-01
2023-05-20,4.3,1061.93,AS-BRA-01
2023-05-21,12.8,1476.86,AS-BRA-01
2023-05-22,2.8,991.6,AS-BRA-01
2023-05-23,20.2,900.18,AS-BRA-01
2023-05-24,26.5,1715.97,AS-BRA-01
2023-05-25,10.5,1272.91,AS-BRA-01
2023-05-26,14.7,991.6,AS-BRA-01
2023-05-27,20.5,879.08,AS-BRA-01
2023-05-28,0.9,555.58,AS-BRA-01
2023-05-29,0.0,337.57,AS-BRA-01
2023-05-30,0.0,225.04,AS-BRA-01
2023-05-31,3.4,154.72,AS-BRA-01
2023-06-01,0.5,203.95,AS-BRA-01
2023-06-02,0.0,203.95,AS-BRA-01
2023-06-03,0.4,154.72,AS-BRA-01
2023-06-04,1.5,133.62,AS-BRA-01
2023-06-05,0.1,112.52,AS-BRA-01
2023-06-06,0.2,112.52,AS-BRA-01
2023-06-07,31.4,91.42,AS-BRA-01
2023-06-08,50.8,1427.63,AS-BRA-01
2023-06-09,44.1,2201.22,AS-BRA-01
2023-06-10,80.7,6554.42,AS-BRA-01
2023-06-11,29.1,8523.57,AS-BRA-01
2023-06-12,16.4,4754.07,AS-BRA-01
2023-06-13,2.0,4001.57,AS-BRA-01
2023-06-14,30.5,5091.63,AS-BRA-01
2023-06-15,18.6,3544.45,AS-BRA-01
2023-06-16,26.5,2763.83,AS-BRA-01
2023-06-17,52.0,2770.86,AS-BRA-01
2023-06-18,66.0,2981.84,AS-BRA-01
2023-06-19,51.5,11744.52,AS-BRA-01
2023-06-20,20.1,7996.12,AS-BRA-01
2023-06-21,14.5,6153.56,AS-BRA-01
2023-06-22,19.0,5218.22,AS-BRA-01
2023-06-23,9.6,3692.14,AS-BRA-01
2023-06-24,18.7,3164.69,AS-BRA-01
2023-06-25,25.4,5063.5,AS-BRA-01
2023-06-26,58.4,6575.52,AS-BRA-01
2023-06-27,23.7,9437.81,AS-BRA-01
2023-06-28,14.6,16582.98,AS-BRA-01
2023-06-29,12.2,13530.81,AS-BRA-01
2023-06-30,4.2,9585.49,AS-BRA-01
2023-07-01,23.4,7553.06,AS-BRA-01
2023-07-02,23.1,6856.83,AS-BRA-01
2023-07-03,22.8,6336.41,AS-BRA-01
2023-07-04,6.3,5921.49,AS-BRA-01
2023-07-05,50.5,17033.07,AS-BRA-01
2023-07-06,38.5,27293.69,AS-BRA-01
2023-07-07,26.3,22054.37,AS-BRA-01
2023-07-08,17.4,16990.87,AS-BRA-01
2023-07-09,8.2,14423.95,AS-BRA-01
2023-07-10,19.0,12560.3,AS-BRA-01
2023-07-11,5.5,10654.46,AS-BRA-01
2023-07-12,8.7,9065.08,AS-BRA-01
2023-07-13,16.4,9634.72,AS-BRA-01
2023-07-14,13.4,19839.09,AS-BRA-01
2023-07-15,12.0,29663.7,AS-BRA-01
2023-07-16,34.7,27617.2,AS-BRA-01
2023-07-17,5.4,17490.19,AS-BRA-01
2023-07-18,0.0,12686.89,AS-BRA-01
2023-07-19,0.3,11203.0,AS-BRA-01
2023-07-20,15.3,12595.47,AS-BRA-01
2023-07-21,30.2,10492.71,AS-BRA-01
2023-07-22,12.8,17447.99,AS-BRA-01
2023-07-23,30.3,15521.05,AS-BRA-01
2023-07-24,19.0,12405.59,AS-BRA-01
2023-07-25,38.0,14852.95,AS-BRA-01
2023-07-26,7.5,12194.61,AS-BRA-01
2023-07-27,7.5,12011.76,AS-BRA-01
2023-07-28,21.5,11864.07,AS-BRA-01
2023-07-29,14.3,10949.83,AS-BRA-01
2023-07-30,6.1,13495.65,AS-BRA-01
2023-07-31,4.3,10337.99,AS-BRA-01
2023-08-01,0.5,8811.9,AS-BRA-01
2023-08-02,48.5,12778.32,AS-BRA-01
2023-08-03,39.3,21273.75,AS-BRA-01
2023-08-04,35.7,19178.02,AS-BRA-01
2023-08-05,2.8,16301.67,AS-BRA-01
2023-08-06,45.4,15633.57,AS-BRA-01
2023-08-07,56.3,15633.57,AS-BRA-01
2023-08-08,49.5,14002.0,AS-BRA-01
2023-08-09,4.0,12813.48,AS-BRA-01
2023-08-10,2.4,12377.45,AS-BRA-01
2023-08-11,12.0,12623.6,AS-BRA-01
2023-08-12,54.8,10816.21,AS-BRA-01
2023-08-13,30.3,13129.95,AS-BRA-01
2023-08-14,0.4,14459.12,AS-BRA-01
2023-08-15,6.5,13629.27,AS-BRA-01
2023-08-16,2.3,11660.12,AS-BRA-01
2023-08-17,7.3,12433.72,AS-BRA-01
2023-08-18,4.7,10548.97,AS-BRA-01
2023-08-19,8.3,9634.72,AS-BRA-01
2023-08-20,2.4,9557.36,AS-BRA-01
2023-08-21,4.4,8924.43,AS-BRA-01
2023-08-22,14.2,8769.71,AS-BRA-01
2023-08-23,22.5,8854.1,AS-BRA-01
2023-08-24,21.9,8854.1,AS-BRA-01
2023-08-25,47.0,12778.32,AS-BRA-01
2023-08-26,53.5,16660.34,AS-BRA-01
2023-08-27,24.8,18270.81,AS-BRA-01
2023-08-28,3.1,16104.76,AS-BRA-01
2023-08-29,0.1,13896.51,AS-BRA-01
2023-08-30,0.0,11259.26,AS-BRA-01
2023-08-31,0.0,9437.81,AS-BRA-01
2023-09-01,0.7,8347.75,AS-BRA-01
2023-09-02,4.1,7890.63,AS-BRA-01
2023-09-03,0.2,7953.92,AS-BRA-01
2023-09-04,0.1,7053.74,AS-BRA-01
2023-09-05,0.0,6104.34,AS-BRA-01
2023-09-06,0.0,5612.05,AS-BRA-01
2023-09-07,14.0,5541.72,AS-BRA-01
2023-09-08,4.9,12841.61,AS-BRA-01
2023-09-09,10.2,11456.18,AS-BRA-01
2023-09-10,0.8,7848.43,AS-BRA-01
2023-09-11,16.5,8200.06,AS-BRA-01
2023-09-12,4.1,7187.36,AS-BRA-01
2023-09-13,8.1,6315.31,AS-BRA-01
2023-09-14,2.4,5647.21,AS-BRA-01
2023-09-15,4.3,4789.23,AS-BRA-01
2023-09-16,2.7,4395.4,AS-BRA-01
2023-09-17,3.7,4128.16,AS-BRA-01
2023-09-18,1.3,3734.33,AS-BRA-01
2023-09-19,10.6,6603.65,AS-BRA-01
2023-09-20,34.4,7243.62,AS-BRA-01
2023-09-21,21.1,8523.57,AS-BRA-01
2023-09-22,7.2,9655.82,AS-BRA-01
2023-09-23,8.5,7651.52,AS-BRA-01
2023-09-24,11.8,7243.62,AS-BRA-01
2023-09-25,10.1,8657.19,AS-BRA-01
2023-09-26,10.8,11006.09,AS-BRA-01
2023-09-27,0.8,9388.58,AS-BRA-01
2023-09-28,0.0,5865.23,AS-BRA-01
2023-09-29,0.0,4887.69,AS-BRA-01
2023-09-30,22.6,4325.08,AS-BRA-01
2023-10-01,8.9,7018.58,AS-BRA-01
2023-10-02,24.1,7187.36,AS-BRA-01
2023-10-03,20.9,7630.42,AS-BRA-01
2023-10-04,47.0,10366.12,AS-BRA-01
2023-10-05,88.9,15788.29,AS-BRA-01
2023-10-06,34.2,21948.88,AS-BRA-01
2023-10-07,6.0,18812.32,AS-BRA-01
2023-10-08,13.3,14002.0,AS-BRA-01
2023-10-09,2.3,10260.63,AS-BRA-01
2023-10-10,3.6,8811.9,AS-BRA-01
2023-10-11,2.3,7412.41,AS-BRA-01
2023-10-12,4.0,6765.4,AS-BRA-01
2023-10-13,1.0,6350.48,AS-BRA-01
2023-10-14,2.7,5569.85,AS-BRA-01
2023-10-15,1.1,4965.05,AS-BRA-01
2023-10-16,0.1,4599.35,AS-BRA-01
2023-10-17,2.8,4212.55,AS-BRA-01
2023-10-18,0.7,3938.28,AS-BRA-01
2023-10-19,0.1,3649.94,AS-BRA-01
2023-10-20,0.0,3382.7,AS-BRA-01
2023-10-21,0.0,3136.56,AS-BRA-01
2023-10-22,0.0,2925.58,AS-BRA-01
2023-10-23,0.0,2721.63,AS-BRA-01
2023-10-24,0.0,2510.65,AS-BRA-01
2023-10-25,0.4,2320.77,AS-BRA-01
2023-10-26,1.5,2137.92,AS-BRA-01
2023-10-27,0.0,1983.21,AS-BRA-01
2023-10-28,0.0,1898.81,AS-BRA-01
2023-10-29,0.0,1779.26,AS-BRA-01
2023-10-30,0.0,1645.64,AS-BRA-01
2023-10-31,0.0,1497.95,AS-BRA-01
2023-11-01,0.0,1357.3,AS-BRA-01
2023-11-02,0.0,1237.75,AS-BRA-01
2023-11-03,0.0,1118.19,AS-BRA-01
2023-11-04,10.8,1012.7,AS-BRA-01
2023-11-05,0.8,1272.91,AS-BRA-01
2023-11-06,0.0,1167.42,AS-BRA-01
2023-11-07,0.0,731.4,AS-BRA-01
2023-11-08,0.4,647.0,AS-BRA-01
2023-11-09,0.0,569.64,AS-BRA-01
2023-11-10,0.0,492.29,AS-BRA-01
2023-11-11,0.0,421.96,AS-BRA-01
2023-11-12,0.0,358.66,AS-BRA-01
2023-11-13,0.0,295.37,AS-BRA-01
2023-11-14,0.0,239.11,AS-BRA-01
2023-11-15,0.0,189.88,AS-BRA-01
2023-11-16,0.0,175.82,AS-BRA-01
2023-11-17,3.4,168.78,AS-BRA-01
2023-11-18,0.0,379.76,AS-BRA-01
2023-11-19,0.0,379.76,AS-BRA-01
2023-11-20,0.0,302.4,AS-BRA-01
2023-11-21,1.5,358.66,AS-BRA-01
2023-11-22,1.1,316.47,AS-BRA-01
2023-11-23,0.0,274.27,AS-BRA-01
2023-11-24,0.0,210.98,AS-BRA-01
2023-11-25,0.0,196.91,AS-BRA-01
2023-11-26,0.0,189.88,AS-BRA-01
2023-11-27,0.0,182.85,AS-BRA-01
2023-11-28,0.0,175.82,AS-BRA-01
2023-11-29,0.0,168.78,AS-BRA-01
2023-11-30,0.0,168.78,AS-BRA-01
2023-12-01,0.0,161.75,AS-BRA-01
2023-12-02,0.0,154.72,AS-BRA-01
2023-12-03,0.0,126.59,AS-BRA-01
2023-12-04,0.0,112.52,AS-BRA-01
2023-12-05,0.0,105.49,AS-BRA-01
2023-12-06,0.3,105.49,AS-BRA-01
2023-12-07,3.3,105.49,AS-BRA-01
2023-12-08,0.0,1406.53,AS-BRA-01
2023-12-09,0.2,1153.35,AS-BRA-01
2023-12-10,0.4,450.09,AS-BRA-01
2023-12-11,0.0,330.53,AS-BRA-01
2023-12-12,3.0,253.18,AS-BRA-01
2023-12-13,6.4,218.01,AS-BRA-01
2023-12-14,0.3,337.57,AS-BRA-01
2023-12-15,0.0,344.6,AS-BRA-01
2023-12-16,0.0,203.95,AS-BRA-01
2023-12-17,0.0,168.78,AS-BRA-01
2023-12-18,0.0,147.69,AS-BRA-01
2023-12-19,0.0,133.62,AS-BRA-01
2023-12-20,0.0,119.55,AS-BRA-01
2023-12-21,0.0,112.52,AS-BRA-01
2023-12-22,0.0,105.49,AS-BRA-01
2023-12-23,0.0,105.49,AS-BRA-01
2023-12-24,0.0,98.46,AS-BRA-01
2023-12-25,0.0,98.46,AS-BRA-01
2023-12-26,0.0,91.42,AS-BRA-01
2023-12-27,0.0,91.42,AS-BRA-01
2023-12-28,0.0,91.42,AS-BRA-01
2023-12-29,0.0,84.39,AS-BRA-01
2023-12-30,0.0,84.39,AS-BRA-01
2023-12-31,0.0,84.39,AS-BRA-01
2024-01-01,0.0,84.39,AS-BRA-01
2024-01-02,0.0,84.39,AS-BRA-01
2024-01-03,0.0,77.36,AS-BRA-01
2024-01-04,0.0,77.36,AS-BRA-01
2024-01-05,0.0,77.36,AS-BRA-01
2024-01-06,0.0,77.36,AS-BRA-01
2024-01-07,0.0,70.33,AS-BRA-01
2024-01-08,0.1,70.33,AS-BRA-01
2024-01-09,0.0,70.33,AS-BRA-01
2024-01-10,0.0,70.33,AS-BRA-01
2024-01-11,0.0,70.33,AS-BRA-01
2024-01-12,0.0,70.33,AS-BRA-01
2024-01-13,0.0,70.33,AS-BRA-01
2024-01-14,0.0,70.33,AS-BRA-01
2024-01-15,0.0,56.26,AS-BRA-01
2024-01-16,4.7,56.26,AS-BRA-01
2024-01-17,0.4,281.31,AS-BRA-01
2024-01-18,0.0,288.34,AS-BRA-01
2024-01-19,0.0,379.76,AS-BRA-01
2024-01-20,0.0,232.08,AS-BRA-01
2024-01-21,2.3,168.78,AS-BRA-01
2024-01-22,0.0,344.6,AS-BRA-01
2024-01-23,0.2,309.44,AS-BRA-01
2024-01-24,2.7,112.52,AS-BRA-01
2024-01-25,0.5,147.69,AS-BRA-01
2024-01-26,0.1,189.88,AS-BRA-01
2024-01-27,2.0,323.5,AS-BRA-01
2024-01-28,2.1,246.14,AS-BRA-01
2024-01-29,0.2,337.57,AS-BRA-01
2024-01-30,0.7,246.14,AS-BRA-01
2024-01-31,4.1,147.69,AS-BRA-01
2024-02-01,0.3,225.04,AS-BRA-01
2024-02-02,1.0,203.95,AS-BRA-01
2024-02-03,0.0,344.6,AS-BRA-01
2024-02-04,0.1,323.5,AS-BRA-01
2024-02-05,1.0,203.95,AS-BRA-01
2024-02-06,2.0,154.72,AS-BRA-01
2024-02-07,0.2,337.57,AS-BRA-01
2024-02-08,0.0,351.63,AS-BRA-01
2024-02-09,0.0,154.72,AS-BRA-01
2024-02-10,0.0,133.62,AS-BRA-01
2024-02-11,0.0,112.52,AS-BRA-01
2024-02-12,0.0,105.49,AS-BRA-01
2024-02-13,0.0,105.49,AS-BRA-01
2024-02-14,0.0,91.42,AS-BRA-01
2024-02-15,1.6,91.42,AS-BRA-01
2024-02-16,0.0,84.39,AS-BRA-01
2024-02-17,0.2,84.39,AS-BRA-01
2024-02-18,0.0,84.39,AS-BRA-01
2024-02-19,0.9,84.39,AS-BRA-01
2024-02-20,3.1,84.39,AS-BRA-01
2024-02-21,0.0,91.42,AS-BRA-01
2024-02-22,4.1,91.42,AS-BRA-01
2024-02-23,0.0,91.42,AS-BRA-01
2024-02-24,0.0,246.14,AS-BRA-01
2024-02-25,0.1,189.88,AS-BRA-01
2024-02-26,0.0,147.69,AS-BRA-01
2024-02-27,0.0,126.59,AS-BRA-01
2024-02-28,0.0,105.49,AS-BRA-01
2024-02-29,0.0,91.42,AS-BRA-01
2024-03-01,0.0,91.42,AS-BRA-01
2024-03-02,0.0,84.39,AS-BRA-01
2024-03-03,0.0,84.39,AS-BRA-01
2024-03-04,0.2,70.33,AS-BRA-01
2024-03-05,0.0,105.49,AS-BRA-01
2024-03-06,0.0,105.49,AS-BRA-01
2024-03-07,0.0,84.39,AS-BRA-01
2024-03-08,0.0,70.33,AS-BRA-01
2024-03-09,0.0,70.33,AS-BRA-01
2024-03-10,0.0,70.33,AS-BRA-01
2024-03-11,0.0,56.26,AS-BRA-01
2024-03-12,0.0,56.26,AS-BRA-01
2024-03-13,0.0,56.26,AS-BRA-01
2024-03-14,0.4,56.26,AS-BRA-01
2024-03-15,0.0,56.26,AS-BRA-01
2024-03-16,0.0,49.23,AS-BRA-01
2024-03-17,0.0,49.23,AS-BRA-01
2024-03-18,0.0,49.23,AS-BRA-01
2024-03-19,0.0,49.23,AS-BRA-01
2024-03-20,15.4,49.23,AS-BRA-01
2024-03-21,12.4,1090.06,AS-BRA-01
2024-03-22,1.9,2018.37,AS-BRA-01
2024-03-23,6.0,1357.3,AS-BRA-01
2024-03-24,0.4,2651.31,AS-BRA-01
2024-03-25,23.9,1540.15,AS-BRA-01
2024-03-26,6.7,2580.98,AS-BRA-01
2024-03-27,0.4,1730.03,AS-BRA-01
2024-03-28,0.0,386.8,AS-BRA-01
2024-03-29,3.3,436.02,AS-BRA-01
2024-03-30,2.1,267.24,AS-BRA-01
2024-03-31,10.5,267.24,AS-BRA-01
2024-04-01,0.0,661.07,AS-BRA-01
2024-04-02,0.0,478.22,AS-BRA-01
2024-04-03,0.0,365.7,AS-BRA-01
2024-04-04,1.2,246.14,AS-BRA-01
2024-04-05,1.3,182.85,AS-BRA-01
2024-04-06,0.0,246.14,AS-BRA-01
2024-04-07,0.0,253.18,AS-BRA-01
2024-04-08,0.0,133.62,AS-BRA-01
2024-04-09,0.0,112.52,AS-BRA-01
2024-04-10,0.0,91.42,AS-BRA-01
2024-04-11,5.8,91.42,AS-BRA-01
2024-04-12,0.0,84.39,AS-BRA-01
2024-04-13,0.0,126.59,AS-BRA-01
2024-04-14,0.0,91.42,AS-BRA-01
2024-04-15,0.0,91.42,AS-BRA-01
2024-04-16,4.9,84.39,AS-BRA-01
2024-04-17,0.1,253.18,AS-BRA-01
2024-04-18,0.0,386.8,AS-BRA-01
2024-04-19,2.3,450.09,AS-BRA-01
2024-04-20,5.7,302.4,AS-BRA-01
2024-04-21,1.2,246.14,AS-BRA-01
2024-04-22,0.3,225.04,AS-BRA-01
2024-04-23,0.0,133.62,AS-BRA-01
2024-04-24,0.7,112.52,AS-BRA-01
2024-04-25,0.0,105.49,AS-BRA-01
2024-04-26,0.0,84.39,AS-BRA-01
2024-04-27,4.7,84.39,AS-BRA-01
2024-04-28,0.0,91.42,AS-BRA-01
2024-04-29,0.8,91.42,AS-BRA-01
2024-04-30,0.0,210.98,AS-BRA-01
2024-05-01,0.0,147.69,AS-BRA-01
2024-05-02,0.2,112.52,AS-BRA-01
2024-05-03,0.0,112.52,AS-BRA-01
2024-05-04,0.7,91.42,AS-BRA-01
2024-05-05,24.0,829.85,AS-BRA-01
2024-05-06,39.1,2890.42,AS-BRA-01
2024-05-07,7.9,3980.48,AS-BRA-01
2024-05-08,0.4,2060.56,AS-BRA-01
2024-05-09,0.8,1483.89,AS-BRA-01
2024-05-10,4.3,893.15,AS-BRA-01
2024-05-11,0.3,443.06,AS-BRA-01
2024-05-12,0.4,576.68,AS-BRA-01
2024-05-13,26.9,527.45,AS-BRA-01
2024-05-14,0.1,1568.28,AS-BRA-01
2024-05-15,0.8,1012.7,AS-BRA-01
2024-05-16,17.6,147.69,AS-BRA-01
2024-05-17,1.8,147.69,AS-BRA-01
2024-05-18,10.5,323.5,AS-BRA-01
2024-05-19,16.4,675.13,AS-BRA-01
2024-05-20,7.2,1751.13,AS-BRA-01
2024-05-21,9.7,1209.61,AS-BRA-01
2024-05-22,0.4,625.91,AS-BRA-01
2024-05-23,0.7,597.77,AS-BRA-01
2024-05-24,2.5,639.97,AS-BRA-01
2024-05-25,0.0,900.18,AS-BRA-01
2024-05-26,14.4,682.17,AS-BRA-01
2024-05-27,51.3,3607.75,AS-BRA-01
2024-05-28,33.7,12715.02,AS-BRA-01
2024-05-29,12.1,8544.66,AS-BRA-01
2024-05-30,24.3,4374.3,AS-BRA-01
2024-05-31,4.8,6315.31,AS-BRA-01
2024-06-01,6.8,3783.56,AS-BRA-01
2024-06-02,16.2,4507.93,AS-BRA-01
2024-06-03,12.6,5344.81,AS-BRA-01
2024-06-04,29.4,4423.53,AS-BRA-01
2024-06-05,3.6,4585.28,AS-BRA-01
2024-06-06,6.5,4015.64,AS-BRA-01
2024-06-07,0.2,12813.48,AS-BRA-01
2024-06-08,12.2,6948.25,AS-BRA-01
2024-06-09,7.9,3446.0,AS-BRA-01
2024-06-10,6.4,2918.55,AS-BRA-01
2024-06-11,3.9,1912.88,AS-BRA-01
2024-06-12,20.2,2545.82,AS-BRA-01
2024-06-13,6.9,3516.32,AS-BRA-01
2024-06-14,21.0,5246.35,AS-BRA-01
2024-06-15,92.3,3516.32,AS-BRA-01
2024-06-16,38.6,16582.98,AS-BRA-01
2024-06-17,72.6,18678.7,AS-BRA-01
2024-06-18,108.8,18629.48,AS-BRA-01
2024-06-19,33.2,21020.57,AS-BRA-01
2024-06-20,16.9,17152.62,AS-BRA-01
2024-06-21,2.8,11983.63,AS-BRA-01
2024-06-22,20.7,9156.5,AS-BRA-01
2024-06-23,12.8,10548.97,AS-BRA-01
2024-06-24,5.1,9416.71,AS-BRA-01
2024-06-25,11.4,8481.37,AS-BRA-01
2024-06-26,11.9,8741.58,AS-BRA-01
2024-06-27,22.2,11484.31,AS-BRA-01
2024-06-28,27.0,15070.96,AS-BRA-01
2024-06-29,58.3,16618.14,AS-BRA-01
2024-06-30,68.5,21737.9,AS-BRA-01
2024-07-01,52.7,28826.81,AS-BRA-01
2024-07-02,11.7,30381.02,AS-BRA-01
2024-07-03,46.3,22321.61,AS-BRA-01
2024-07-04,43.5,20767.4,AS-BRA-01
2024-07-05,19.7,19986.78,AS-BRA-01
2024-07-06,12.4,20570.49,AS-BRA-01
2024-07-07,8.4,22166.9,AS-BRA-01
2024-07-08,8.6,18453.66,AS-BRA-01
2024-07-09,4.3,15830.48,AS-BRA-01
2024-07-10,9.2,14107.49,AS-BRA-01
2024-07-11,5.7,14072.32,AS-BRA-01
2024-07-12,25.4,14599.77,AS-BRA-01
2024-07-13,2.0,18945.94,AS-BRA-01
2024-07-14,30.8,16540.78,AS-BRA-01
2024-07-15,35.4,26337.25,AS-BRA-01
2024-07-16,5.7,24691.62,AS-BRA-01
2024-07-17,4.0,19269.45,AS-BRA-01
2024-07-18,3.8,17237.01,AS-BRA-01
2024-07-19,23.8,15113.15,AS-BRA-01
2024-07-20,9.5,15788.29,AS-BRA-01
2024-07-21,68.2,15443.69,AS-BRA-01
2024-07-22,58.1,24747.88,AS-BRA-01
2024-07-23,24.7,28559.57,AS-BRA-01
2024-07-24,30.0,21899.66,AS-BRA-01
2024-07-25,22.5,21224.52,AS-BRA-01
2024-07-26,0.4,20028.97,AS-BRA-01
2024-07-27,0.2,16702.53,AS-BRA-01
2024-07-28,6.4,14529.44,AS-BRA-01
2024-07-29,17.7,16498.58,AS-BRA-01
2024-07-30,21.1,19269.45,AS-BRA-01
2024-07-31,2.1,17405.8,AS-BRA-01
2024-08-01,12.6,14423.95,AS-BRA-01
2024-08-02,30.2,15113.15,AS-BRA-01
2024-08-03,29.6,16582.98,AS-BRA-01
2024-08-04,2.6,15788.29,AS-BRA-01
2024-08-05,71.3,13425.32,AS-BRA-01
2024-08-06,58.1,16336.83,AS-BRA-01
2024-08-07,39.7,25043.25,AS-BRA-01
2024-08-08,27.5,23587.49,AS-BRA-01
2024-08-09,10.1,19839.09,AS-BRA-01
2024-08-10,11.9,16062.56,AS-BRA-01
2024-08-11,19.1,16582.98,AS-BRA-01
2024-08-12,14.8,18629.48,AS-BRA-01
2024-08-13,4.3,15443.69,AS-BRA-01
2024-08-14,0.6,14212.97,AS-BRA-01
2024-08-15,16.1,13896.51,AS-BRA-01
2024-08-16,2.3,13495.65,AS-BRA-01
2024-08-17,10.9,11540.57,AS-BRA-01
2024-08-18,30.2,11716.39,AS-BRA-01
2024-08-19,43.2,11343.66,AS-BRA-01
2024-08-20,73.5,14634.93,AS-BRA-01
2024-08-21,26.9,20922.12,AS-BRA-01
2024-08-22,3.0,31555.48,AS-BRA-01
2024-08-23,24.6,21379.24,AS-BRA-01
2024-08-24,12.3,20078.2,AS-BRA-01
2024-08-25,9.0,21126.06,AS-BRA-01
2024-08-26,5.3,17194.82,AS-BRA-01
2024-08-27,1.5,17152.62,AS-BRA-01
2024-08-28,0.5,13966.83,AS-BRA-01
2024-08-29,2.8,11716.39,AS-BRA-01
2024-08-30,9.8,11428.05,AS-BRA-01
2024-08-31,14.8,12194.61,AS-BRA-01
2024-09-01,7.4,13263.57,AS-BRA-01
2024-09-02,4.8,11259.26,AS-BRA-01
2024-09-03,19.6,13066.65,AS-BRA-01
2024-09-04,15.9,15943.01,AS-BRA-01
2024-09-05,5.2,13101.82,AS-BRA-01
2024-09-06,0.0,11006.09,AS-BRA-01
2024-09-07,0.0,8720.48,AS-BRA-01
2024-09-08,0.4,7686.68,AS-BRA-01
2024-09-09,4.4,6948.25,AS-BRA-01
2024-09-10,3.0,7095.94,AS-BRA-01
2024-09-11,9.2,6997.48,AS-BRA-01
2024-09-12,0.0,6252.02,AS-BRA-01
2024-09-13,0.3,6505.2,AS-BRA-01
2024-09-14,0.0,5612.05,AS-BRA-01
2024-09-15,2.1,4620.45,AS-BRA-01
2024-09-16,6.0,4395.4,AS-BRA-01
2024-09-17,0.0,4740.0,AS-BRA-01
2024-09-18,1.3,4282.88,AS-BRA-01
2024-09-19,0.0,3649.94,AS-BRA-01
2024-09-20,0.0,3467.09,AS-BRA-01
2024-09-21,0.0,3206.89,AS-BRA-01
2024-09-22,0.0,2974.81,AS-BRA-01
2024-09-23,0.0,2749.76,AS-BRA-01
2024-09-24,34.8,2545.82,AS-BRA-01
2024-09-25,31.7,7398.34,AS-BRA-01
2024-09-26,13.4,15183.48,AS-BRA-01
2024-09-27,2.8,10682.59,AS-BRA-01
2024-09-28,2.0,7489.77,AS-BRA-01
2024-09-29,7.4,7110.0,AS-BRA-01
2024-09-30,16.1,5893.36,AS-BRA-01
2024-10-01,5.5,5752.7,AS-BRA-01
2024-10-02,8.2,5780.83,AS-BRA-01
2024-10-03,31.3,6167.63,AS-BRA-01
2024-10-04,42.7,12075.05,AS-BRA-01
2024-10-05,34.7,17616.77,AS-BRA-01
2024-10-06,9.0,35106.96,AS-BRA-01
2024-10-07,5.5,18945.94,AS-BRA-01
2024-10-08,4.6,10056.68,AS-BRA-01
2024-10-09,7.2,9198.7,AS-BRA-01
2024-10-10,14.8,7792.17,AS-BRA-01
2024-10-11,1.3,5942.58,AS-BRA-01
2024-10-12,1.0,5379.97,AS-BRA-01
2024-10-13,0.7,5176.03,AS-BRA-01
2024-10-14,0.0,4676.71,AS-BRA-01
2024-10-15,3.9,4156.29,AS-BRA-01
2024-10-16,4.9,4015.64,AS-BRA-01
2024-10-17,2.1,3889.05,AS-BRA-01
2024-10-18,0.9,3846.86,AS-BRA-01
2024-10-19,0.4,3544.45,AS-BRA-01
2024-10-20,0.0,3002.94,AS-BRA-01
2024-10-21,0.0,2665.37,AS-BRA-01
2024-10-22,0.0,2510.65,AS-BRA-01
2024-10-23,1.9,2313.74,AS-BRA-01
2024-10-24,8.9,2580.98,AS-BRA-01
2024-10-25,4.9,4247.72,AS-BRA-01
2024-10-26,0.9,3277.21,AS-BRA-01
2024-10-27,0.0,2665.37,AS-BRA-01
2024-10-28,0.0,2271.54,AS-BRA-01
2024-10-29,5.8,1997.27,AS-BRA-01
2024-10-30,10.1,2988.87,AS-BRA-01
2024-10-31,6.8,2651.31,AS-BRA-01
2024-11-01,0.4,1856.62,AS-BRA-01
2024-11-02,0.0,1610.48,AS-BRA-01
2024-11-03,0.0,1399.5,AS-BRA-01
2024-11-04,0.0,1139.29,AS-BRA-01
2024-11-05,0.0,1019.73,AS-BRA-01
2024-11-06,0.0,914.24,AS-BRA-01
2024-11-07,0.0,822.82,AS-BRA-01
2024-11-08,0.0,738.43,AS-BRA-01
2024-11-09,0.0,654.04,AS-BRA-01
2024-11-10,0.0,583.71,AS-BRA-01
2024-11-11,0.0,506.35,AS-BRA-01
2024-11-12,1.3,436.02,AS-BRA-01
2024-11-13,0.0,365.7,AS-BRA-01
2024-11-14,0.0,302.4,AS-BRA-01
2024-11-15,0.0,253.18,AS-BRA-01
2024-11-16,0.9,203.95,AS-BRA-01
2024-11-17,0.0,189.88,AS-BRA-01
2024-11-18,0.0,182.85,AS-BRA-01
2024-11-19,0.0,182.85,AS-BRA-01
2024-11-20,0.0,182.85,AS-BRA-01
2024-11-21,0.0,182.85,AS-BRA-01
2024-11-22,1.8,175.82,AS-BRA-01
2024-11-23,0.4,196.91,AS-BRA-01
2024-11-24,1.1,239.11,AS-BRA-01
2024-11-25,0.0,288.34,AS-BRA-01
2024-11-26,0.2,246.14,AS-BRA-01
2024-11-27,0.0,218.01,AS-BRA-01
2024-11-28,0.0,203.95,AS-BRA-01
2024-11-29,0.0,189.88,AS-BRA-01
2024-11-30,0.0,182.85,AS-BRA-01
2024-12-01,0.0,182.85,AS-BRA-01
2024-12-02,0.0,175.82,AS-BRA-01
2024-12-03,0.0,140.65,AS-BRA-01
2024-12-04,1.1,126.59,AS-BRA-01
2024-12-05,0.4,119.55,AS-BRA-01
2024-12-06,0.2,119.55,AS-BRA-01
2024-12-07,1.0,119.55,AS-BRA-01
2024-12-08,0.0,112.52,AS-BRA-01
2024-12-09,0.0,112.52,AS-BRA-01
2024-12-10,0.5,112.52,AS-BRA-01
2024-12-11,0.3,112.52,AS-BRA-01
2024-12-12,0.0,105.49,AS-BRA-01
2024-12-13,0.0,105.49,AS-BRA-01
2024-12-14,0.0,105.49,AS-BRA-01
2024-12-15,0.0,105.49,AS-BRA-01
2024-12-16,0.0,105.49,AS-BRA-01
2024-12-17,0.0,105.49,AS-BRA-01
2024-12-18,0.0,105.49,AS-BRA-01
2024-12-19,0.0,98.46,AS-BRA-01
2024-12-20,0.3,98.46,AS-BRA-01
2024-12-21,0.0,98.46,AS-BRA-01
2024-12-22,0.0,98.46,AS-BRA-01
2024-12-23,0.0,91.42,AS-BRA-01
2024-12-24,0.0,91.42,AS-BRA-01
2024-12-25,0.0,91.42,AS-BRA-01
2024-12-26,0.0,91.42,AS-BRA-01
2024-12-27,0.0,91.42,AS-BRA-01
2024-12-28,0.0,84.39,AS-BRA-01
2024-12-29,0.0,84.39,AS-BRA-01
2024-12-30,0.0,84.39,AS-BRA-01
2024-12-31,0.0,84.39,AS-BRA-01
2025-01-01,0.0,84.39,AS-BRA-01
2025-01-02,0.0,84.39,AS-BRA-01
2025-01-03,0.0,84.39,AS-BRA-01
2025-01-04,0.0,84.39,AS-BRA-01
2025-01-05,0.0,84.39,AS-BRA-01
2025-01-06,0.0,70.33,AS-BRA-01
2025-01-07,8.3,70.33,AS-BRA-01
2025-01-08,0.5,436.02,AS-BRA-01
2025-01-09,0.2,407.89,AS-BRA-01
2025-01-10,0.0,267.24,AS-BRA-01
2025-01-11,0.0,189.88,AS-BRA-01
2025-01-12,0.0,147.69,AS-BRA-01
2025-01-13,0.5,126.59,AS-BRA-01
2025-01-14,0.4,105.49,AS-BRA-01
2025-01-15,0.0,70.33,AS-BRA-01
2025-01-16,0.0,70.33,AS-BRA-01
2025-01-17,0.0,70.33,AS-BRA-01
2025-01-18,0.0,70.33,AS-BRA-01
2025-01-19,0.0,70.33,AS-BRA-01
2025-01-20,0.0,56.26,AS-BRA-01
2025-01-21,0.0,56.26,AS-BRA-01
2025-01-22,0.0,56.26,AS-BRA-01
2025-01-23,0.0,56.26,AS-BRA-01
2025-01-24,0.0,56.26,AS-BRA-01
2025-01-25,0.0,56.26,AS-BRA-01
2025-01-26,0.0,56.26,AS-BRA-01
2025-01-27,0.0,56.26,AS-BRA-01
2025-01-28,0.4,56.26,AS-BRA-01
2025-01-29,2.6,56.26,AS-BRA-01
2025-01-30,0.1,56.26,AS-BRA-01
2025-01-31,1.0,56.26,AS-BRA-01
2025-02-01,0.1,49.23,AS-BRA-01
2025-02-02,0.0,56.26,AS-BRA-01
2025-02-03,0.4,91.42,AS-BRA-01
2025-02-04,0.0,91.42,AS-BRA-01
2025-02-05,0.1,91.42,AS-BRA-01
2025-02-06,1.1,91.42,AS-BRA-01
2025-02-07,0.0,84.39,AS-BRA-01
2025-02-08,0.0,84.39,AS-BRA-01
2025-02-09,0.0,84.39,AS-BRA-01
2025-02-10,0.0,84.39,AS-BRA-01
2025-02-11,0.6,70.33,AS-BRA-01
2025-02-12,0.1,70.33,AS-BRA-01
2025-02-13,0.3,70.33,AS-BRA-01
2025-02-14,0.0,70.33,AS-BRA-01
2025-02-15,0.1,70.33,AS-BRA-01
2025-02-16,0.0,112.52,AS-BRA-01
2025-02-17,0.0,105.49,AS-BRA-01
2025-02-18,0.0,91.42,AS-BRA-01
2025-02-19,0.1,84.39,AS-BRA-01
2025-02-20,0.0,84.39,AS-BRA-01
2025-02-21,0.3,84.39,AS-BRA-01
2025-02-22,3.3,70.33,AS-BRA-01
2025-02-23,1.9,70.33,AS-BRA-01
2025-02-24,2.8,182.85,AS-BRA-01
2025-02-25,0.3,225.04,AS-BRA-01
2025-02-26,0.0,91.42,AS-BRA-01
2025-02-27,0.0,70.33,AS-BRA-01
2025-02-28,0.0,70.33,AS-BRA-01
2025-03-01,6.9,70.33,AS-BRA-01
2025-03-02,0.0,309.44,AS-BRA-01
2025-03-03,0.0,288.34,AS-BRA-01
2025-03-04,0.2,182.85,AS-BRA-01
2025-03-05,0.0,133.62,AS-BRA-01
2025-03-06,0.0,112.52,AS-BRA-01
2025-03-07,0.0,91.42,AS-BRA-01
2025-03-08,0.0,70.33,AS-BRA-01
2025-03-09,0.0,70.33,AS-BRA-01
2025-03-10,0.0,70.33,AS-BRA-01
2025-03-11,11.4,70.33,AS-BRA-01
2025-03-12,4.8,112.52,AS-BRA-01
2025-03-13,20.8,421.96,AS-BRA-01
2025-03-14,9.2,879.08,AS-BRA-01
2025-03-15,1.5,1012.7,AS-BRA-01
2025-03-16,0.3,443.06,AS-BRA-01
2025-03-17,0.0,133.62,AS-BRA-01
2025-03-18,0.0,112.52,AS-BRA-01
2025-03-19,0.0,91.42,AS-BRA-01
2025-03-20,0.0,91.42,AS-BRA-01
2025-03-21,0.5,70.33,AS-BRA-01
2025-03-22,2.8,49.23,AS-BRA-01
2025-03-23,0.1,506.35,AS-BRA-01
2025-03-24,0.0,443.06,AS-BRA-01
2025-03-25,0.0,49.23,AS-BRA-01
2025-03-26,0.0,70.33,AS-BRA-01
2025-03-27,0.0,70.33,AS-BRA-01
2025-03-28,0.0,49.23,AS-BRA-01
2025-03-29,0.1,49.23,AS-BRA-01
2025-03-30,0.0,49.23,AS-BRA-01
2025-03-31,0.0,49.23,AS-BRA-01
2025-04-01,0.0,28.13,AS-BRA-01
2025-04-02,0.1,28.13,AS-BRA-01
2025-04-03,0.0,49.23,AS-BRA-01
2025-04-04,0.0,112.52,AS-BRA-01
2025-04-05,0.1,91.42,AS-BRA-01
2025-04-06,0.8,70.33,AS-BRA-01
2025-04-07,0.0,70.33,AS-BRA-01
2025-04-08,0.4,203.95,AS-BRA-01
2025-04-09,9.1,133.62,AS-BRA-01
2025-04-10,8.7,267.24,AS-BRA-01
2025-04-11,7.4,555.58,AS-BRA-01
2025-04-12,8.6,752.49,AS-BRA-01
2025-04-13,2.8,879.08,AS-BRA-01
2025-04-14,0.0,661.07,AS-BRA-01
2025-04-15,0.5,724.36,AS-BRA-01
2025-04-16,12.0,443.06,AS-BRA-01
2025-04-17,3.2,794.69,AS-BRA-01
2025-04-18,1.4,1301.04,AS-BRA-01
2025-04-19,19.3,1188.52,AS-BRA-01
2025-04-20,4.8,991.6,AS-BRA-01
2025-04-21,96.3,1301.04,AS-BRA-01
2025-04-22,29.8,3164.69,AS-BRA-01
2025-04-23,1.2,2946.68,AS-BRA-01
2025-04-24,0.1,1075.99,AS-BRA-01
2025-04-25,0.0,555.58,AS-BRA-01
2025-04-26,2.7,288.34,AS-BRA-01
2025-04-27,3.9,379.76,AS-BRA-01
2025-04-28,4.2,836.88,AS-BRA-01
2025-04-29,3.6,1209.61,AS-BRA-01
2025-04-30,0.5,794.69,AS-BRA-01
2025-05-01,2.2,267.24,AS-BRA-01
2025-05-02,2.1,154.72,AS-BRA-01
2025-05-03,0.6,154.72,AS-BRA-01
2025-05-04,3.4,246.14,AS-BRA-01
2025-05-05,1.3,246.14,AS-BRA-01
2025-05-06,6.5,133.62,AS-BRA-01
2025-05-07,3.9,1322.14,AS-BRA-01
2025-05-08,14.1,1188.52,AS-BRA-01
2025-05-09,6.6,1033.8,AS-BRA-01
2025-05-10,2.0,682.17,AS-BRA-01
2025-05-11,8.2,267.24,AS-BRA-01
2025-05-12,25.0,597.77,AS-BRA-01
2025-05-13,2.3,2946.68,AS-BRA-01
2025-05-14,10.0,2405.16,AS-BRA-01
2025-05-15,15.2,1364.33,AS-BRA-01
2025-05-16,3.4,3410.83,AS-BRA-01
2025-05-17,19.8,2813.06,AS-BRA-01
2025-05-18,26.8,2707.57,AS-BRA-01
2025-05-19,2.8,4374.3,AS-BRA-01
2025-05-20,73.5,3410.83,AS-BRA-01
2025-05-21,7.1,16301.67,AS-BRA-01
2025-05-22,3.1,9297.16,AS-BRA-01
2025-05-23,6.4,4768.13,AS-BRA-01
2025-05-24,10.1,879.08,AS-BRA-01
2025-05-25,24.8,576.68,AS-BRA-01
2025-05-26,38.9,949.41,AS-BRA-01
2025-05-27,6.5,1075.99,AS-BRA-01
2025-05-28,23.2,3846.86,AS-BRA-01
2025-05-29,46.8,2510.65,AS-BRA-01
2025-05-30,146.3,8347.75,AS-BRA-01
2025-05-31,10.5,51893.88,AS-BRA-01
2025-06-01,3.6,23144.43,AS-BRA-01
2025-06-02,0.9,9487.04,AS-BRA-01
2025-06-03,0.3,5527.66,AS-BRA-01
2025-06-04,49.9,3889.05,AS-BRA-01
2025-06-05,10.6,5492.5,AS-BRA-01
2025-06-06,2.5,4965.05,AS-BRA-01
2025-06-07,0.8,3256.11,AS-BRA-01
2025-06-08,0.2,2377.03,AS-BRA-01
2025-06-09,0.0,2053.53,AS-BRA-01
2025-06-10,3.6,1807.39,AS-BRA-01
2025-06-11,1.5,1912.88,AS-BRA-01
2025-06-12,0.0,1694.87,AS-BRA-01
2025-06-13,0.5,1385.43,AS-BRA-01
2025-06-14,6.3,1258.84,AS-BRA-01
2025-06-15,25.6,2770.86,AS-BRA-01
2025-06-16,10.6,5801.93,AS-BRA-01
2025-06-17,27.1,8263.36,AS-BRA-01
2025-06-18,20.5,14852.95,AS-BRA-01
2025-06-19,18.6,12194.61,AS-BRA-01
2025-06-20,28.7,6005.88,AS-BRA-01
2025-06-21,28.8,6948.25,AS-BRA-01
2025-06-22,24.8,7975.02,AS-BRA-01
2025-06-23,30.8,9487.04,AS-BRA-01
2025-06-24,17.2,10816.21,AS-BRA-01
2025-06-25,5.9,9416.71,AS-BRA-01
2025-06-26,3.1,7806.24,AS-BRA-01
2025-06-27,17.3,7320.98,AS-BRA-01
2025-06-28,3.2,7609.32,AS-BRA-01
2025-06-29,26.8,6484.1,AS-BRA-01
2025-06-30,36.6,6484.1,AS-BRA-01
2025-07-01,48.5,9733.18,AS-BRA-01
2025-07-02,47.4,12377.45,AS-BRA-01
2025-07-03,57.8,11287.39,AS-BRA-01
2025-07-04,68.7,10492.71,AS-BRA-01
2025-07-05,27.4,9015.85,AS-BRA-01
2025-07-06,2.9,9416.71,AS-BRA-01
2025-07-07,0.2,8439.17,AS-BRA-01
2025-07-08,3.7,6659.91,AS-BRA-01
2025-07-09,21.7,6034.01,AS-BRA-01
2025-07-10,3.2,5907.42,AS-BRA-01
2025-07-11,0.1,5647.21,AS-BRA-01
2025-07-12,0.9,6709.14,AS-BRA-01
2025-07-13,13.3,6252.02,AS-BRA-01
2025-07-14,20.6,7510.86,AS-BRA-01
2025-07-15,11.5,11343.66,AS-BRA-01
2025-07-16,1.0,12651.73,AS-BRA-01
2025-07-17,3.0,8678.28,AS-BRA-01
2025-07-18,2.0,5633.15,AS-BRA-01
2025-07-19,8.3,5007.24,AS-BRA-01
2025-07-20,5.7,9951.19,AS-BRA-01
2025-07-21,15.1,8439.17,AS-BRA-01
2025-07-22,1.8,5766.77,AS-BRA-01
2025-07-23,0.2,5942.58,AS-BRA-01
2025-07-24,14.7,5724.57,AS-BRA-01
2025-07-25,1.8,5569.85,AS-BRA-01
2025-07-26,22.1,5541.72,AS-BRA-01
2025-07-27,61.6,7468.67,AS-BRA-01
2025-07-28,24.0,13263.57,AS-BRA-01
2025-07-29,29.5,18720.9,AS-BRA-01
2025-07-30,20.1,22701.38,AS-BRA-01
2025-07-31,29.2,18945.94,AS-BRA-01
2025-08-01,37.5,15788.29,AS-BRA-01
2025-08-02,24.7,12468.88,AS-BRA-01
2025-08-03,8.1,13228.4,AS-BRA-01
2025-08-04,15.3,14388.79,AS-BRA-01
2025-08-05,2.1,13762.89,AS-BRA-01
2025-08-06,1.9,11807.81,AS-BRA-01
2025-08-07,21.3,9655.82,AS-BRA-01
2025-08-08,54.8,16702.53,AS-BRA-01
2025-08-09,0.4,17237.01,AS-BRA-01
2025-08-10,4.5,9951.19,AS-BRA-01
2025-08-11,13.7,8305.55,AS-BRA-01
2025-08-12,42.1,8607.96,AS-BRA-01
2025-08-13,30.0,17666.0,AS-BRA-01
2025-08-14,0.2,17532.38,AS-BRA-01
2025-08-15,0.7,15148.32,AS-BRA-01
2025-08-16,0.9,11568.7,AS-BRA-01
2025-08-17,0.6,8833.0,AS-BRA-01
2025-08-18,8.4,7609.32,AS-BRA-01
2025-08-19,7.9,11006.09,AS-BRA-01
2025-08-20,16.8,10731.82,AS-BRA-01
2025-08-21,33.8,10626.33,AS-BRA-01
2025-08-22,18.0,13038.52,AS-BRA-01
2025-08-23,4.5,10872.47,AS-BRA-01
2025-08-24,32.6,12497.01,AS-BRA-01
2025-08-25,3.4,14002.0,AS-BRA-01
2025-08-26,6.5,13228.4,AS-BRA-01
2025-08-27,13.6,12377.45,AS-BRA-01
2025-08-28,20.7,13692.56,AS-BRA-01
2025-08-29,8.9,17194.82,AS-BRA-01
2025-08-30,6.3,19599.98,AS-BRA-01
2025-08-31,1.9,15443.69,AS-BRA-01
2025-09-01,2.2,10977.96,AS-BRA-01
2025-09-02,1.1,9416.71,AS-BRA-01
2025-09-03,6.6,9226.83,AS-BRA-01
2025-09-04,4.1,9318.25,AS-BRA-01
2025-09-05,3.7,8157.87,AS-BRA-01
2025-09-06,18.8,9634.72,AS-BRA-01
2025-09-07,7.6,9177.6,AS-BRA-01
2025-09-08,8.7,8439.17,AS-BRA-01
2025-09-09,5.5,7553.06,AS-BRA-01
2025-09-10,13.4,6765.4,AS-BRA-01
2025-09-11,5.6,6856.83,AS-BRA-01
2025-09-12,8.6,7686.68,AS-BRA-01
2025-09-13,18.8,7707.78,AS-BRA-01
2025-09-14,7.4,9803.51,AS-BRA-01
2025-09-15,13.8,13362.02,AS-BRA-01
2025-09-16,29.5,11983.63,AS-BRA-01
2025-09-17,7.5,13868.38,AS-BRA-01
2025-09-18,11.3,12715.02,AS-BRA-01
2025-09-19,1.5,12497.01,AS-BRA-01
2025-09-20,6.4,11203.0,AS-BRA-01
2025-09-21,0.2,9487.04,AS-BRA-01
2025-09-22,4.9,8178.97,AS-BRA-01
2025-09-23,2.7,9655.82,AS-BRA-01
2025-09-24,1.0,9297.16,AS-BRA-01
2025-09-25,0.1,8607.96,AS-BRA-01
2025-09-26,0.0,7243.62,AS-BRA-01
2025-09-27,1.7,6821.67,AS-BRA-01
2025-09-28,0.8,7018.58,AS-BRA-01
2025-09-29,0.3,7018.58,AS-BRA-01
2025-09-30,0.2,5724.57,AS-BRA-01
2025-10-01,22.4,5077.57,AS-BRA-01
2025-10-02,12.0,10816.21,AS-BRA-01
2025-10-03,4.2,10366.12,AS-BRA-01
2025-10-04,1.8,7320.98,AS-BRA-01
2025-10-05,0.9,6385.64,AS-BRA-01
2025-10-06,0.7,6800.57,AS-BRA-01
2025-10-07,1.7,5865.23,AS-BRA-01
2025-10-08,5.5,4859.56,AS-BRA-01
2025-10-09,0.5,5703.47,AS-BRA-01
2025-10-10,14.9,5506.56,AS-BRA-01
2025-10-11,18.3,5119.77,AS-BRA-01
2025-10-12,1.6,7320.98,AS-BRA-01
2025-10-13,0.3,5801.93,AS-BRA-01
2025-10-14,0.3,3685.11,AS-BRA-01
2025-10-15,0.0,3305.34,AS-BRA-01
2025-10-16,0.0,3009.97,AS-BRA-01
2025-10-17,0.0,2763.83,AS-BRA-01
2025-10-18,0.0,2545.82,AS-BRA-01
2025-10-19,0.0,2355.94,AS-BRA-01
2025-10-20,0.0,2173.09,AS-BRA-01
2025-10-21,0.0,1997.27,AS-BRA-01
2025-10-22,0.0,1835.52,AS-BRA-01
2025-10-23,0.0,1694.87,AS-BRA-01
2025-10-24,10.0,1547.18,AS-BRA-01
2025-10-25,0.8,1441.69,AS-BRA-01
2025-10-26,7.9,1364.33,AS-BRA-01
2025-10-27,0.0,1223.68,AS-BRA-01
2025-10-28,0.0,1125.22,AS-BRA-01
2025-10-29,2.1,1012.7,AS-BRA-01
2025-10-30,1.5,914.24,AS-BRA-01
2025-10-31,17.4,815.79,AS-BRA-01
2025-11-01,37.8,2700.54,AS-BRA-01
2025-11-02,0.8,15943.01,AS-BRA-01
2025-11-03,0.3,8460.27,AS-BRA-01
2025-11-04,0.0,2911.51,AS-BRA-01
2025-11-05,0.8,2102.76,AS-BRA-01
2025-11-06,0.8,1687.83,AS-BRA-01
2025-11-07,0.0,1483.89,AS-BRA-01
2025-11-08,0.0,1343.24,AS-BRA-01
2025-11-09,0.0,1139.29,AS-BRA-01
2025-11-10,0.0,977.54,AS-BRA-01
2025-11-11,1.0,836.88,AS-BRA-01
2025-11-12,0.0,724.36,AS-BRA-01
2025-11-13,0.2,625.91,AS-BRA-01
2025-11-14,0.0,541.51,AS-BRA-01
2025-11-15,0.0,457.12,AS-BRA-01
2025-11-16,0.0,379.76,AS-BRA-01
2025-11-17,0.0,316.47,AS-BRA-01
2025-11-18,0.0,253.18,AS-BRA-01
2025-11-19,0.0,225.04,AS-BRA-01
2025-11-20,0.0,210.98,AS-BRA-01
2025-11-21,1.2,203.95,AS-BRA-01
2025-11-22,0.9,203.95,AS-BRA-01
2025-11-23,4.0,196.91,AS-BRA-01
2025-11-24,0.0,260.21,AS-BRA-01
2025-11-25,0.0,260.21,AS-BRA-01
2025-11-26,0.0,210.98,AS-BRA-01
2025-11-27,0.0,203.95,AS-BRA-01
2025-11-28,0.0,196.91,AS-BRA-01
2025-11-29,0.0,189.88,AS-BRA-01
2025-11-30,0.0,182.85,AS-BRA-01
2025-12-01,0.0,182.85,AS-BRA-01
2025-12-02,0.0,182.85,AS-BRA-01
2025-12-03,0.0,147.69,AS-BRA-01
2025-12-04,0.0,126.59,AS-BRA-01
2025-12-05,0.0,126.59,AS-BRA-01
2025-12-06,0.0,126.59,AS-BRA-01
2025-12-07,0.0,126.59,AS-BRA-01
2025-12-08,0.0,126.59,AS-BRA-01
2025-12-09,0.0,112.52,AS-BRA-01
2025-12-10,0.0,112.52,AS-BRA-01
2025-12-11,0.0,112.52,AS-BRA-01
2025-12-12,0.0,112.52,AS-BRA-01
2025-12-13,0.0,112.52,AS-BRA-01
2025-12-14,0.0,112.52,AS-BRA-01
2025-12-15,0.0,105.49,AS-BRA-01
2025-12-16,0.0,105.49,AS-BRA-01
2025-12-17,0.0,105.49,AS-BRA-01
2025-12-18,0.0,105.49,AS-BRA-01
2025-12-19,0.0,105.49,AS-BRA-01
2025-12-20,0.0,105.49,AS-BRA-01
2025-12-21,0.0,105.49,AS-BRA-01
2025-12-22,0.0,105.49,AS-BRA-01
2025-12-23,0.8,91.42,AS-BRA-01
2025-12-24,2.4,105.49,AS-BRA-01
2025-12-25,0.2,105.49,AS-BRA-01
2025-12-26,0.0,147.69,AS-BRA-01
2025-12-27,0.0,168.78,AS-BRA-01
2025-12-28,0.1,147.69,AS-BRA-01
2025-12-29,0.0,126.59,AS-BRA-01
2025-12-30,0.2,112.52,AS-BRA-01
2025-12-31,0.0,112.52,AS-BRA-01
