date,precipitation_sum_mm,river_discharge_m3s,station_id
1990-01-01,0.0,50.29,AS-DHA-01
1990-01-02,0.0,50.29,AS-DHA-01
1990-01-03,0.0,50.29,AS-DHA-01
1990-01-04,0.0,50.29,AS-DHA-01
1990-01-05,0.0,50.29,AS-DHA-01
1990-01-06,0.0,50.29,AS-DHA-01
1990-01-07,0.0,50.29,AS-DHA-01
1990-01-08,0.5,50.29,AS-DHA-01
1990-01-09,1.2,50.29,AS-DHA-01
1990-01-10,0.3,50.29,AS-DHA-01
1990-01-11,0.0,50.29,AS-DHA-01
1990-01-12,0.0,50.29,AS-DHA-01
1990-01-13,0.0,50.29,AS-DHA-01
1990-01-14,0.0,50.29,AS-DHA-01
1990-01-15,0.0,50.29,AS-DHA-01
1990-01-16,0.0,50.29,AS-DHA-01
1990-01-17,0.2,50.29,AS-DHA-01
1990-01-18,0.0,50.29,AS-DHA-01
1990-01-19,0.0,50.29,AS-DHA-01
1990-01-20,0.0,50.29,AS-DHA-01
1990-01-21,0.0,50.29,AS-DHA-01
1990-01-22,4.9,50.29,AS-DHA-01
1990-01-23,2.2,50.29,AS-DHA-01
1990-01-24,1.3,50.29,AS-DHA-01
1990-01-25,0.0,50.29,AS-DHA-01
1990-01-26,2.1,50.29,AS-DHA-01
1990-01-27,5.5,50.29,AS-DHA-01
1990-01-28,6.5,50.29,AS-DHA-01
1990-01-29,1.9,50.29,AS-DHA-01
1990-01-30,12.2,50.29,AS-DHA-01
1990-01-31,5.6,50.29,AS-DHA-01
1990-02-01,4.1,50.29,AS-DHA-01
1990-02-02,2.3,50.29,AS-DHA-01
1990-02-03,0.0,50.29,AS-DHA-01
1990-02-04,0.0,50.29,AS-DHA-01
1990-02-05,1.4,50.29,AS-DHA-01
1990-02-06,0.0,50.29,AS-DHA-01
1990-02-07,0.0,50.29,AS-DHA-01
1990-02-08,0.0,50.29,AS-DHA-01
1990-02-09,0.0,50.29,AS-DHA-01
1990-02-10,0.0,50.29,AS-DHA-01
1990-02-11,1.2,50.29,AS-DHA-01
1990-02-12,2.9,50.29,AS-DHA-01
1990-02-13,1.5,50.29,AS-DHA-01
1990-02-14,11.7,50.29,AS-DHA-01
1990-02-15,8.0,50.29,AS-DHA-01
1990-02-16,11.9,50.29,AS-DHA-01
1990-02-17,2.6,50.29,AS-DHA-01
1990-02-18,0.0,50.29,AS-DHA-01
1990-02-19,2.9,50.29,AS-DHA-01
1990-02-20,21.3,50.29,AS-DHA-01
1990-02-21,21.1,50.29,AS-DHA-01
1990-02-22,18.5,50.29,AS-DHA-01
1990-02-23,3.3,50.29,AS-DHA-01
1990-02-24,0.5,50.29,AS-DHA-01
1990-02-25,6.1,50.29,AS-DHA-01
1990-02-26,13.2,50.29,AS-DHA-01
1990-02-27,5.6,50.29,AS-DHA-01
1990-02-28,4.7,50.29,AS-DHA-01
1990-03-01,13.8,50.29,AS-DHA-01
1990-03-02,3.2,50.29,AS-DHA-01
1990-03-03,9.3,50.29,AS-DHA-01
1990-03-04,0.0,50.29,AS-DHA-01
1990-03-05,0.0,50.29,AS-DHA-01
1990-03-06,1.8,50.29,AS-DHA-01
1990-03-07,0.1,50.29,AS-DHA-01
1990-03-08,0.0,50.29,AS-DHA-01
1990-03-09,0.0,50.29,AS-DHA-01
1990-03-10,2.7,50.29,AS-DHA-01
1990-03-11,9.5,50.29,AS-DHA-01
1990-03-12,10.5,50.29,AS-DHA-01
1990-03-13,6.8,50.29,AS-DHA-01
1990-03-14,0.0,50.29,AS-DHA-01
1990-03-15,0.0,50.29,AS-DHA-01
1990-03-16,0.0,50.29,AS-DHA-01
1990-03-17,0.0,50.29,AS-DHA-01
1990-03-18,0.0,50.29,AS-DHA-01
1990-03-19,10.5,50.29,AS-DHA-01
1990-03-20,23.7,50.29,AS-DHA-01
1990-03-21,62.3,50.29,AS-DHA-01
1990-03-22,52.6,50.29,AS-DHA-01
1990-03-23,10.5,50.29,AS-DHA-01
1990-03-24,25.8,50.29,AS-DHA-01
1990-03-25,27.0,50.29,AS-DHA-01
1990-03-26,12.5,50.29,AS-DHA-01
1990-03-27,4.9,50.29,AS-DHA-01
1990-03-28,9.1,50.29,AS-DHA-01
1990-03-29,14.3,50.29,AS-DHA-01
1990-03-30,15.0,50.29,AS-DHA-01
1990-03-31,17.8,50.29,AS-DHA-01
1990-04-01,22.2,50.29,AS-DHA-01
1990-04-02,31.7,50.29,AS-DHA-01
1990-04-03,17.1,50.29,AS-DHA-01
1990-04-04,10.9,50.29,AS-DHA-01
1990-04-05,7.8,50.29,AS-DHA-01
1990-04-06,0.2,50.29,AS-DHA-01
1990-04-07,17.2,50.29,AS-DHA-01
1990-04-08,54.3,50.29,AS-DHA-01
1990-04-09,45.0,50.29,AS-DHA-01
1990-04-10,8.8,50.29,AS-DHA-01
1990-04-11,0.0,50.29,AS-DHA-01
1990-04-12,11.7,50.29,AS-DHA-01
1990-04-13,37.8,50.29,AS-DHA-01
1990-04-14,6.3,50.29,AS-DHA-01
1990-04-15,6.8,50.29,AS-DHA-01
1990-04-16,17.0,50.29,AS-DHA-01
1990-04-17,62.2,50.29,AS-DHA-01
1990-04-18,94.5,50.29,AS-DHA-01
1990-04-19,89.0,50.29,AS-DHA-01
1990-04-20,85.4,50.29,AS-DHA-01
1990-04-21,102.0,50.29,AS-DHA-01
1990-04-22,45.7,50.29,AS-DHA-01
1990-04-23,76.7,50.29,AS-DHA-01
1990-04-24,54.0,50.29,AS-DHA-01
1990-04-25,10.0,50.29,AS-DHA-01
1990-04-26,47.6,50.29,AS-DHA-01
1990-04-27,44.1,50.29,AS-DHA-01
1990-04-28,32.1,50.29,AS-DHA-01
1990-04-29,33.4,50.29,AS-DHA-01
1990-04-30,4.8,50.29,AS-DHA-01
1990-05-01,13.8,50.29,AS-DHA-01
1990-05-02,3.4,50.29,AS-DHA-01
1990-05-03,14.0,50.29,AS-DHA-01
1990-05-04,0.0,50.29,AS-DHA-01
1990-05-05,0.0,50.29,AS-DHA-01
1990-05-06,1.4,50.29,AS-DHA-01
1990-05-07,5.6,50.29,AS-DHA-01
1990-05-08,36.8,50.29,AS-DHA-01
1990-05-09,17.6,50.29,AS-DHA-01
1990-05-10,2.5,50.29,AS-DHA-01
1990-05-11,4.5,50.29,AS-DHA-01
1990-05-12,36.8,50.29,AS-DHA-01
1990-05-13,76.8,50.29,AS-DHA-01
1990-05-14,76.2,50.29,AS-DHA-01
1990-05-15,0.0,50.29,AS-DHA-01
1990-05-16,0.0,50.29,AS-DHA-01
1990-05-17,0.0,50.29,AS-DHA-01
1990-05-18,3.8,50.29,AS-DHA-01
1990-05-19,37.4,50.29,AS-DHA-01
1990-05-20,100.1,50.29,AS-DHA-01
1990-05-21,47.8,50.29,AS-DHA-01
1990-05-22,7.0,50.29,AS-DHA-01
1990-05-23,1.5,50.29,AS-DHA-01
1990-05-24,35.5,50.29,AS-DHA-01
1990-05-25,50.4,50.29,AS-DHA-01
1990-05-26,33.4,50.29,AS-DHA-01
1990-05-27,72.2,50.29,AS-DHA-01
1990-05-28,44.9,50.29,AS-DHA-01
1990-05-29,9.1,50.29,AS-DHA-01
1990-05-30,32.9,50.29,AS-DHA-01
1990-05-31,50.7,50.29,AS-DHA-01
1990-06-01,48.5,50.29,AS-DHA-01
1990-06-02,36.9,50.29,AS-DHA-01
1990-06-03,48.9,50.29,AS-DHA-01
1990-06-04,31.3,50.29,AS-DHA-01
1990-06-05,86.2,50.29,AS-DHA-01
1990-06-06,9.0,50.29,AS-DHA-01
1990-06-07,73.4,50.29,AS-DHA-01
1990-06-08,34.1,50.29,AS-DHA-01
1990-06-09,9.5,50.29,AS-DHA-01
1990-06-10,10.7,50.29,AS-DHA-01
1990-06-11,15.4,50.29,AS-DHA-01
1990-06-12,1.3,50.29,AS-DHA-01
1990-06-13,7.3,50.29,AS-DHA-01
1990-06-14,53.7,50.29,AS-DHA-01
1990-06-15,33.7,50.29,AS-DHA-01
1990-06-16,42.8,50.29,AS-DHA-01
1990-06-17,41.2,50.29,AS-DHA-01
1990-06-18,29.8,50.29,AS-DHA-01
1990-06-19,30.3,50.29,AS-DHA-01
1990-06-20,35.9,50.29,AS-DHA-01
1990-06-21,36.7,50.29,AS-DHA-01
1990-06-22,38.5,50.29,AS-DHA-01
1990-06-23,32.8,50.29,AS-DHA-01
1990-06-24,0.0,50.29,AS-DHA-01
1990-06-25,2.9,50.29,AS-DHA-01
1990-06-26,1.0,50.29,AS-DHA-01
1990-06-27,41.5,50.29,AS-DHA-01
1990-06-28,39.3,50.29,AS-DHA-01
1990-06-29,32.6,50.29,AS-DHA-01
1990-06-30,49.7,50.29,AS-DHA-01
1990-07-01,12.3,50.29,AS-DHA-01
1990-07-02,58.1,50.29,AS-DHA-01
1990-07-03,127.0,50.29,AS-DHA-01
1990-07-04,33.1,50.29,AS-DHA-01
1990-07-05,31.0,50.29,AS-DHA-01
1990-07-06,20.5,50.29,AS-DHA-01
1990-07-07,34.3,50.29,AS-DHA-01
1990-07-08,53.2,50.29,AS-DHA-01
1990-07-09,16.2,50.29,AS-DHA-01
1990-07-10,34.8,50.29,AS-DHA-01
1990-07-11,36.8,50.29,AS-DHA-01
1990-07-12,26.9,50.29,AS-DHA-01
1990-07-13,18.2,50.29,AS-DHA-01
1990-07-14,20.1,50.29,AS-DHA-01
1990-07-15,22.6,50.29,AS-DHA-01
1990-07-16,12.8,50.29,AS-DHA-01
1990-07-17,13.8,50.29,AS-DHA-01
1990-07-18,4.7,50.29,AS-DHA-01
1990-07-19,22.1,50.29,AS-DHA-01
1990-07-20,32.9,50.29,AS-DHA-01
1990-07-21,34.6,50.29,AS-DHA-01
1990-07-22,21.6,50.29,AS-DHA-01
1990-07-23,48.8,50.29,AS-DHA-01
1990-07-24,26.5,50.29,AS-DHA-01
1990-07-25,38.1,50.29,AS-DHA-01
1990-07-26,40.2,50.29,AS-DHA-01
1990-07-27,4.8,50.29,AS-DHA-01
1990-07-28,19.7,50.29,AS-DHA-01
1990-07-29,17.1,50.29,AS-DHA-01
1990-07-30,19.0,50.29,AS-DHA-01
1990-07-31,11.9,50.29,AS-DHA-01
1990-08-01,29.6,50.29,AS-DHA-01
1990-08-02,19.9,50.29,AS-DHA-01
1990-08-03,12.0,50.29,AS-DHA-01
1990-08-04,8.1,50.29,AS-DHA-01
1990-08-05,23.7,50.29,AS-DHA-01
1990-08-06,34.6,50.29,AS-DHA-01
1990-08-07,21.4,50.29,AS-DHA-01
1990-08-08,14.4,50.29,AS-DHA-01
1990-08-09,21.9,50.29,AS-DHA-01
1990-08-10,17.0,50.29,AS-DHA-01
1990-08-11,7.6,50.29,AS-DHA-01
1990-08-12,58.1,50.29,AS-DHA-01
1990-08-13,35.9,50.29,AS-DHA-01
1990-08-14,13.0,50.29,AS-DHA-01
1990-08-15,35.2,50.29,AS-DHA-01
1990-08-16,44.6,50.29,AS-DHA-01
1990-08-17,17.0,50.29,AS-DHA-01
1990-08-18,4.9,50.29,AS-DHA-01
1990-08-19,3.1,50.29,AS-DHA-01
1990-08-20,8.0,50.29,AS-DHA-01
1990-08-21,31.9,50.29,AS-DHA-01
1990-08-22,23.7,50.29,AS-DHA-01
1990-08-23,15.7,50.29,AS-DHA-01
1990-08-24,26.5,50.29,AS-DHA-01
1990-08-25,34.9,50.29,AS-DHA-01
1990-08-26,12.8,50.29,AS-DHA-01
1990-08-27,18.4,50.29,AS-DHA-01
1990-08-28,11.6,50.29,AS-DHA-01
1990-08-29,3.0,50.29,AS-DHA-01
1990-08-30,3.2,50.29,AS-DHA-01
1990-08-31,4.7,50.29,AS-DHA-01
1990-09-01,18.3,50.29,AS-DHA-01
1990-09-02,21.2,50.29,AS-DHA-01
1990-09-03,30.7,50.29,AS-DHA-01
1990-09-04,16.9,50.29,AS-DHA-01
1990-09-05,44.1,50.29,AS-DHA-01
1990-09-06,18.8,50.29,AS-DHA-01
1990-09-07,12.2,50.29,AS-DHA-01
1990-09-08,20.7,50.29,AS-DHA-01
1990-09-09,25.9,50.29,AS-DHA-01
1990-09-10,43.6,50.29,AS-DHA-01
1990-09-11,24.8,50.29,AS-DHA-01
1990-09-12,20.0,50.29,AS-DHA-01
1990-09-13,17.0,50.29,AS-DHA-01
1990-09-14,44.2,50.29,AS-DHA-01
1990-09-15,23.8,50.29,AS-DHA-01
1990-09-16,37.2,50.29,AS-DHA-01
1990-09-17,66.3,50.29,AS-DHA-01
1990-09-18,5.1,50.29,AS-DHA-01
1990-09-19,0.0,50.29,AS-DHA-01
1990-09-20,0.5,50.29,AS-DHA-01
1990-09-21,18.5,50.29,AS-DHA-01
1990-09-22,26.7,50.29,AS-DHA-01
1990-09-23,22.0,50.29,AS-DHA-01
1990-09-24,21.5,50.29,AS-DHA-01
1990-09-25,11.1,50.29,AS-DHA-01
1990-09-26,53.2,50.29,AS-DHA-01
1990-09-27,73.6,50.29,AS-DHA-01
1990-09-28,25.8,50.29,AS-DHA-01
1990-09-29,20.1,50.29,AS-DHA-01
1990-09-30,25.1,50.29,AS-DHA-01
1990-10-01,20.7,50.29,AS-DHA-01
1990-10-02,21.3,50.29,AS-DHA-01
1990-10-03,18.2,50.29,AS-DHA-01
1990-10-04,9.5,50.29,AS-DHA-01
1990-10-05,0.8,50.29,AS-DHA-01
1990-10-06,0.0,50.29,AS-DHA-01
1990-10-07,42.1,50.29,AS-DHA-01
1990-10-08,33.3,50.29,AS-DHA-01
1990-10-09,48.0,50.29,AS-DHA-01
1990-10-10,42.4,50.29,AS-DHA-01
1990-10-11,3.0,50.29,AS-DHA-01
1990-10-12,1.1,50.29,AS-DHA-01
1990-10-13,0.0,50.29,AS-DHA-01
1990-10-14,0.0,50.29,AS-DHA-01
1990-10-15,25.3,50.29,AS-DHA-01
1990-10-16,8.5,50.29,AS-DHA-01
1990-10-17,0.2,50.29,AS-DHA-01
1990-10-18,0.0,50.29,AS-DHA-01
1990-10-19,0.0,50.29,AS-DHA-01
1990-10-20,0.0,50.29,AS-DHA-01
1990-10-21,0.0,50.29,AS-DHA-01
1990-10-22,0.0,50.29,AS-DHA-01
1990-10-23,0.0,50.29,AS-DHA-01
1990-10-24,0.0,50.29,AS-DHA-01
1990-10-25,0.0,50.29,AS-DHA-01
1990-10-26,0.8,50.29,AS-DHA-01
1990-10-27,3.9,50.29,AS-DHA-01
1990-10-28,0.2,50.29,AS-DHA-01
1990-10-29,0.0,50.29,AS-DHA-01
1990-10-30,0.0,50.29,AS-DHA-01
1990-10-31,0.0,50.29,AS-DHA-01
1990-11-01,0.0,50.29,AS-DHA-01
1990-11-02,0.0,50.29,AS-DHA-01
1990-11-03,0.0,50.29,AS-DHA-01
1990-11-04,0.0,50.29,AS-DHA-01
1990-11-05,0.0,50.29,AS-DHA-01
1990-11-06,0.0,50.29,AS-DHA-01
1990-11-07,1.4,50.29,AS-DHA-01
1990-11-08,0.0,50.29,AS-DHA-01
1990-11-09,0.0,50.29,AS-DHA-01
1990-11-10,0.0,50.29,AS-DHA-01
1990-11-11,0.0,50.29,AS-DHA-01
1990-11-12,0.0,50.29,AS-DHA-01
1990-11-13,0.0,50.29,AS-DHA-01
1990-11-14,0.0,50.29,AS-DHA-01
1990-11-15,0.0,50.29,AS-DHA-01
1990-11-16,0.0,50.29,AS-DHA-01
1990-11-17,0.0,50.29,AS-DHA-01
1990-11-18,0.0,50.29,AS-DHA-01
1990-11-19,0.0,50.29,AS-DHA-01
1990-11-20,0.0,50.29,AS-DHA-01
1990-11-21,0.0,50.29,AS-DHA-01
1990-11-22,0.0,50.29,AS-DHA-01
1990-11-23,0.0,50.29,AS-DHA-01
1990-11-24,0.0,50.29,AS-DHA-01
1990-11-25,0.0,50.29,AS-DHA-01
1990-11-26,0.0,50.29,AS-DHA-01
1990-11-27,0.0,50.29,AS-DHA-01
1990-11-28,0.0,50.29,AS-DHA-01
1990-11-29,0.0,50.29,AS-DHA-01
1990-11-30,0.0,50.29,AS-DHA-01
1990-12-01,3.7,50.29,AS-DHA-01
1990-12-02,0.9,50.29,AS-DHA-01
1990-12-03,0.0,50.29,AS-DHA-01
1990-12-04,0.0,50.29,AS-DHA-01
1990-12-05,0.0,50.29,AS-DHA-01
1990-12-06,0.0,50.29,AS-DHA-01
1990-12-07,0.0,50.29,AS-DHA-01
1990-12-08,0.0,50.29,AS-DHA-01
1990-12-09,0.0,50.29,AS-DHA-01
1990-12-10,0.0,50.29,AS-DHA-01
1990-12-11,0.0,50.29,AS-DHA-01
1990-12-12,0.0,50.29,AS-DHA-01
1990-12-13,0.0,50.29,AS-DHA-01
1990-12-14,0.0,50.29,AS-DHA-01
1990-12-15,0.0,50.29,AS-DHA-01
1990-12-16,0.0,50.29,AS-DHA-01
1990-12-17,0.0,50.29,AS-DHA-01
1990-12-18,0.0,50.29,AS-DHA-01
1990-12-19,0.0,50.29,AS-DHA-01
1990-12-20,0.0,50.29,AS-DHA-01
1990-12-21,0.0,50.29,AS-DHA-01
1990-12-22,0.0,50.29,AS-DHA-01
1990-12-23,0.0,50.29,AS-DHA-01
1990-12-24,0.0,50.29,AS-DHA-01
1990-12-25,0.0,50.29,AS-DHA-01
1990-12-26,0.0,50.29,AS-DHA-01
1990-12-27,0.0,50.29,AS-DHA-01
1990-12-28,0.0,50.29,AS-DHA-01
1990-12-29,0.0,50.29,AS-DHA-01
1990-12-30,0.0,50.29,AS-DHA-01
1990-12-31,0.0,50.29,AS-DHA-01
1991-01-01,0.6,50.29,AS-DHA-01
1991-01-02,3.3,50.29,AS-DHA-01
1991-01-03,25.9,50.29,AS-DHA-01
1991-01-04,0.4,50.29,AS-DHA-01
1991-01-05,0.0,50.29,AS-DHA-01
1991-01-06,0.0,50.29,AS-DHA-01
1991-01-07,0.0,50.29,AS-DHA-01
1991-01-08,0.0,50.29,AS-DHA-01
1991-01-09,0.3,50.29,AS-DHA-01
1991-01-10,0.6,50.29,AS-DHA-01
1991-01-11,0.2,50.29,AS-DHA-01
1991-01-12,0.0,50.29,AS-DHA-01
1991-01-13,0.3,50.29,AS-DHA-01
1991-01-14,0.4,50.29,AS-DHA-01
1991-01-15,0.0,50.29,AS-DHA-01
1991-01-16,0.0,50.29,AS-DHA-01
1991-01-17,0.0,50.29,AS-DHA-01
1991-01-18,0.0,50.29,AS-DHA-01
1991-01-19,10.8,50.29,AS-DHA-01
1991-01-20,3.7,50.29,AS-DHA-01
1991-01-21,0.0,50.29,AS-DHA-01
1991-01-22,0.2,50.29,AS-DHA-01
1991-01-23,0.0,50.29,AS-DHA-01
1991-01-24,0.0,50.29,AS-DHA-01
1991-01-25,0.0,50.29,AS-DHA-01
1991-01-26,0.0,50.29,AS-DHA-01
1991-01-27,0.0,50.29,AS-DHA-01
1991-01-28,0.0,50.29,AS-DHA-01
1991-01-29,0.9,50.29,AS-DHA-01
1991-01-30,1.0,50.29,AS-DHA-01
1991-01-31,4.1,50.29,AS-DHA-01
1991-02-01,33.9,50.29,AS-DHA-01
1991-02-02,19.5,50.29,AS-DHA-01
1991-02-03,7.5,50.29,AS-DHA-01
1991-02-04,22.5,50.29,AS-DHA-01
1991-02-05,0.2,50.29,AS-DHA-01
1991-02-06,0.0,50.29,AS-DHA-01
1991-02-07,0.0,50.29,AS-DHA-01
1991-02-08,0.0,50.29,AS-DHA-01
1991-02-09,0.0,50.29,AS-DHA-01
1991-02-10,0.0,50.29,AS-DHA-01
1991-02-11,4.3,50.29,AS-DHA-01
1991-02-12,9.5,50.29,AS-DHA-01
1991-02-13,2.1,50.29,AS-DHA-01
1991-02-14,3.2,50.29,AS-DHA-01
1991-02-15,0.1,50.29,AS-DHA-01
1991-02-16,0.0,50.29,AS-DHA-01
1991-02-17,0.0,50.29,AS-DHA-01
1991-02-18,0.0,50.29,AS-DHA-01
1991-02-19,0.0,50.29,AS-DHA-01
1991-02-20,0.0,50.29,AS-DHA-01
1991-02-21,0.0,50.29,AS-DHA-01
1991-02-22,0.0,50.29,AS-DHA-01
1991-02-23,0.0,50.29,AS-DHA-01
1991-02-24,0.7,50.29,AS-DHA-01
1991-02-25,2.6,50.29,AS-DHA-01
1991-02-26,0.8,50.29,AS-DHA-01
1991-02-27,10.6,50.29,AS-DHA-01
1991-02-28,22.6,50.29,AS-DHA-01
1991-03-01,27.6,50.29,AS-DHA-01
1991-03-02,6.9,50.29,AS-DHA-01
1991-03-03,0.0,50.29,AS-DHA-01
1991-03-04,0.0,50.29,AS-DHA-01
1991-03-05,8.2,50.29,AS-DHA-01
1991-03-06,3.4,50.29,AS-DHA-01
1991-03-07,0.7,50.29,AS-DHA-01
1991-03-08,0.0,50.29,AS-DHA-01
1991-03-09,0.0,50.29,AS-DHA-01
1991-03-10,1.7,50.29,AS-DHA-01
1991-03-11,2.8,50.29,AS-DHA-01
1991-03-12,6.0,50.29,AS-DHA-01
1991-03-13,0.7,50.29,AS-DHA-01
1991-03-14,0.2,50.29,AS-DHA-01
1991-03-15,2.9,50.29,AS-DHA-01
1991-03-16,1.3,50.29,AS-DHA-01
1991-03-17,0.0,50.29,AS-DHA-01
1991-03-18,0.0,50.29,AS-DHA-01
1991-03-19,0.7,50.29,AS-DHA-01
1991-03-20,3.5,50.29,AS-DHA-01
1991-03-21,0.0,50.29,AS-DHA-01
1991-03-22,0.0,50.29,AS-DHA-01
1991-03-23,0.2,50.29,AS-DHA-01
1991-03-24,20.2,50.29,AS-DHA-01
1991-03-25,1.5,50.29,AS-DHA-01
1991-03-26,0.2,50.29,AS-DHA-01
1991-03-27,0.0,50.29,AS-DHA-01
1991-03-28,2.2,50.29,AS-DHA-01
1991-03-29,9.1,50.29,AS-DHA-01
1991-03-30,0.4,50.29,AS-DHA-01
1991-03-31,25.2,50.29,AS-DHA-01
1991-04-01,74.5,50.29,AS-DHA-01
1991-04-02,106.6,50.29,AS-DHA-01
1991-04-03,19.8,50.29,AS-DHA-01
1991-04-04,13.7,50.29,AS-DHA-01
1991-04-05,15.9,50.29,AS-DHA-01
1991-04-06,18.6,50.29,AS-DHA-01
1991-04-07,29.4,50.29,AS-DHA-01
1991-04-08,21.5,50.29,AS-DHA-01
1991-04-09,3.7,50.29,AS-DHA-01
1991-04-10,15.4,50.29,AS-DHA-01
1991-04-11,1.5,50.29,AS-DHA-01
1991-04-12,0.8,50.29,AS-DHA-01
1991-04-13,0.0,50.29,AS-DHA-01
1991-04-14,0.0,50.29,AS-DHA-01
1991-04-15,2.1,50.29,AS-DHA-01
1991-04-16,1.5,50.29,AS-DHA-01
1991-04-17,0.4,50.29,AS-DHA-01
1991-04-18,1.1,50.29,AS-DHA-01
1991-04-19,0.0,50.29,AS-DHA-01
1991-04-20,1.5,50.29,AS-DHA-01
1991-04-21,0.2,50.29,AS-DHA-01
1991-04-22,16.8,50.29,AS-DHA-01
1991-04-23,41.6,50.29,AS-DHA-01
1991-04-24,13.8,50.29,AS-DHA-01
1991-04-25,5.7,50.29,AS-DHA-01
1991-04-26,1.0,50.29,AS-DHA-01
1991-04-27,0.2,50.29,AS-DHA-01
1991-04-28,0.1,50.29,AS-DHA-01
1991-04-29,4.8,50.29,AS-DHA-01
1991-04-30,37.4,50.29,AS-DHA-01
1991-05-01,42.7,50.29,AS-DHA-01
1991-05-02,41.7,50.29,AS-DHA-01
1991-05-03,17.7,50.29,AS-DHA-01
1991-05-04,36.2,50.29,AS-DHA-01
1991-05-05,109.2,50.29,AS-DHA-01
1991-05-06,64.7,50.29,AS-DHA-01
1991-05-07,170.0,50.29,AS-DHA-01
1991-05-08,199.1,50.29,AS-DHA-01
1991-05-09,180.3,50.29,AS-DHA-01
1991-05-10,98.3,50.29,AS-DHA-01
1991-05-11,21.9,50.29,AS-DHA-01
1991-05-12,20.6,50.29,AS-DHA-01
1991-05-13,44.0,50.29,AS-DHA-01
1991-05-14,14.0,50.29,AS-DHA-01
1991-05-15,0.8,50.29,AS-DHA-01
1991-05-16,14.8,50.29,AS-DHA-01
1991-05-17,31.4,50.29,AS-DHA-01
1991-05-18,29.7,50.29,AS-DHA-01
1991-05-19,43.0,50.29,AS-DHA-01
1991-05-20,9.3,50.29,AS-DHA-01
1991-05-21,29.1,50.29,AS-DHA-01
1991-05-22,33.3,50.29,AS-DHA-01
1991-05-23,17.5,50.29,AS-DHA-01
1991-05-24,19.8,50.29,AS-DHA-01
1991-05-25,5.2,50.29,AS-DHA-01
1991-05-26,11.9,50.29,AS-DHA-01
1991-05-27,11.8,50.29,AS-DHA-01
1991-05-28,34.7,50.29,AS-DHA-01
1991-05-29,55.3,50.29,AS-DHA-01
1991-05-30,57.0,50.29,AS-DHA-01
1991-05-31,43.4,50.29,AS-DHA-01
1991-06-01,34.2,50.29,AS-DHA-01
1991-06-02,58.7,50.29,AS-DHA-01
1991-06-03,20.8,50.29,AS-DHA-01
1991-06-04,14.3,50.29,AS-DHA-01
1991-06-05,13.2,50.29,AS-DHA-01
1991-06-06,42.0,50.29,AS-DHA-01
1991-06-07,31.2,50.29,AS-DHA-01
1991-06-08,15.1,50.29,AS-DHA-01
1991-06-09,21.7,50.29,AS-DHA-01
1991-06-10,28.2,50.29,AS-DHA-01
1991-06-11,33.0,50.29,AS-DHA-01
1991-06-12,38.9,50.29,AS-DHA-01
1991-06-13,25.6,50.29,AS-DHA-01
1991-06-14,15.9,50.29,AS-DHA-01
1991-06-15,21.8,50.29,AS-DHA-01
1991-06-16,33.3,50.29,AS-DHA-01
1991-06-17,62.2,50.29,AS-DHA-01
1991-06-18,64.1,50.29,AS-DHA-01
1991-06-19,48.0,50.29,AS-DHA-01
1991-06-20,23.0,50.29,AS-DHA-01
1991-06-21,35.5,50.29,AS-DHA-01
1991-06-22,4.5,50.29,AS-DHA-01
1991-06-23,28.5,50.29,AS-DHA-01
1991-06-24,10.0,50.29,AS-DHA-01
1991-06-25,12.6,50.29,AS-DHA-01
1991-06-26,7.7,50.29,AS-DHA-01
1991-06-27,18.5,50.29,AS-DHA-01
1991-06-28,54.3,50.29,AS-DHA-01
1991-06-29,15.8,50.29,AS-DHA-01
1991-06-30,12.0,50.29,AS-DHA-01
1991-07-01,12.2,50.29,AS-DHA-01
1991-07-02,33.9,50.29,AS-DHA-01
1991-07-03,31.9,50.29,AS-DHA-01
1991-07-04,43.2,50.29,AS-DHA-01
1991-07-05,50.3,50.29,AS-DHA-01
1991-07-06,40.8,50.29,AS-DHA-01
1991-07-07,28.0,50.29,AS-DHA-01
1991-07-08,33.3,50.29,AS-DHA-01
1991-07-09,51.2,50.29,AS-DHA-01
1991-07-10,96.2,50.29,AS-DHA-01
1991-07-11,24.6,50.29,AS-DHA-01
1991-07-12,24.2,50.29,AS-DHA-01
1991-07-13,29.7,50.29,AS-DHA-01
1991-07-14,15.3,50.29,AS-DHA-01
1991-07-15,12.7,50.29,AS-DHA-01
1991-07-16,22.8,50.29,AS-DHA-01
1991-07-17,21.8,50.29,AS-DHA-01
1991-07-18,13.1,50.29,AS-DHA-01
1991-07-19,8.3,50.29,AS-DHA-01
1991-07-20,17.2,50.29,AS-DHA-01
1991-07-21,29.4,50.29,AS-DHA-01
1991-07-22,17.8,50.29,AS-DHA-01
1991-07-23,19.2,50.29,AS-DHA-01
1991-07-24,7.2,50.29,AS-DHA-01
1991-07-25,22.5,50.29,AS-DHA-01
1991-07-26,21.8,50.29,AS-DHA-01
1991-07-27,11.1,50.29,AS-DHA-01
1991-07-28,15.8,50.29,AS-DHA-01
1991-07-29,62.4,50.29,AS-DHA-01
1991-07-30,13.3,50.29,AS-DHA-01
1991-07-31,13.7,50.29,AS-DHA-01
1991-08-01,43.2,50.29,AS-DHA-01
1991-08-02,51.5,50.29,AS-DHA-01
1991-08-03,59.9,50.29,AS-DHA-01
1991-08-04,11.7,50.29,AS-DHA-01
1991-08-05,13.5,50.29,AS-DHA-01
1991-08-06,47.9,50.29,AS-DHA-01
1991-08-07,44.4,50.29,AS-DHA-01
1991-08-08,61.0,50.29,AS-DHA-01
1991-08-09,21.6,50.29,AS-DHA-01
1991-08-10,8.0,50.29,AS-DHA-01
1991-08-11,22.4,50.29,AS-DHA-01
1991-08-12,17.6,50.29,AS-DHA-01
1991-08-13,44.1,50.29,AS-DHA-01
1991-08-14,44.0,50.29,AS-DHA-01
1991-08-15,85.1,50.29,AS-DHA-01
1991-08-16,120.5,50.29,AS-DHA-01
1991-08-17,6.1,50.29,AS-DHA-01
1991-08-18,19.0,50.29,AS-DHA-01
1991-08-19,9.6,50.29,AS-DHA-01
1991-08-20,0.0,50.29,AS-DHA-01
1991-08-21,6.9,50.29,AS-DHA-01
1991-08-22,42.8,50.29,AS-DHA-01
1991-08-23,33.8,50.29,AS-DHA-01
1991-08-24,27.6,50.29,AS-DHA-01
1991-08-25,29.1,50.29,AS-DHA-01
1991-08-26,35.1,50.29,AS-DHA-01
1991-08-27,10.4,50.29,AS-DHA-01
1991-08-28,0.3,50.29,AS-DHA-01
1991-08-29,0.8,50.29,AS-DHA-01
1991-08-30,24.9,50.29,AS-DHA-01
1991-08-31,37.0,50.29,AS-DHA-01
1991-09-01,38.8,50.29,AS-DHA-01
1991-09-02,42.7,50.29,AS-DHA-01
1991-09-03,70.8,50.29,AS-DHA-01
1991-09-04,32.2,50.29,AS-DHA-01
1991-09-05,27.2,50.29,AS-DHA-01
1991-09-06,48.8,50.29,AS-DHA-01
1991-09-07,53.3,50.29,AS-DHA-01
1991-09-08,32.7,50.29,AS-DHA-01
1991-09-09,4.5,50.29,AS-DHA-01
1991-09-10,13.5,50.29,AS-DHA-01
1991-09-11,19.7,50.29,AS-DHA-01
1991-09-12,14.7,50.29,AS-DHA-01
1991-09-13,17.7,50.29,AS-DHA-01
1991-09-14,13.0,50.29,AS-DHA-01
1991-09-15,29.3,50.29,AS-DHA-01
1991-09-16,38.3,50.29,AS-DHA-01
1991-09-17,21.1,50.29,AS-DHA-01
1991-09-18,29.6,50.29,AS-DHA-01
1991-09-19,15.4,50.29,AS-DHA-01
1991-09-20,9.7,50.29,AS-DHA-01
1991-09-21,19.8,50.29,AS-DHA-01
1991-09-22,30.2,50.29,AS-DHA-01
1991-09-23,26.6,50.29,AS-DHA-01
1991-09-24,25.4,50.29,AS-DHA-01
1991-09-25,70.5,50.29,AS-DHA-01
1991-09-26,101.7,50.29,AS-DHA-01
1991-09-27,17.4,50.29,AS-DHA-01
1991-09-28,2.3,50.29,AS-DHA-01
1991-09-29,2.8,50.29,AS-DHA-01
1991-09-30,9.0,50.29,AS-DHA-01
1991-10-01,0.7,50.29,AS-DHA-01
1991-10-02,0.4,50.29,AS-DHA-01
1991-10-03,6.4,50.29,AS-DHA-01
1991-10-04,38.4,50.29,AS-DHA-01
1991-10-05,29.5,50.29,AS-DHA-01
1991-10-06,35.7,50.29,AS-DHA-01
1991-10-07,13.4,50.29,AS-DHA-01
1991-10-08,8.6,50.29,AS-DHA-01
1991-10-09,2.5,50.29,AS-DHA-01
1991-10-10,7.2,50.29,AS-DHA-01
1991-10-11,10.1,50.29,AS-DHA-01
1991-10-12,38.0,50.29,AS-DHA-01
1991-10-13,26.9,50.29,AS-DHA-01
1991-10-14,6.8,50.29,AS-DHA-01
1991-10-15,18.0,50.29,AS-DHA-01
1991-10-16,7.5,50.29,AS-DHA-01
1991-10-17,6.4,50.29,AS-DHA-01
1991-10-18,5.0,50.29,AS-DHA-01
1991-10-19,8.1,50.29,AS-DHA-01
1991-10-20,2.9,50.29,AS-DHA-01
1991-10-21,0.0,50.29,AS-DHA-01
1991-10-22,0.0,50.29,AS-DHA-01
1991-10-23,0.0,50.29,AS-DHA-01
1991-10-24,0.0,50.29,AS-DHA-01
1991-10-25,0.0,50.29,AS-DHA-01
1991-10-26,0.0,50.29,AS-DHA-01
1991-10-27,0.0,50.29,AS-DHA-01
1991-10-28,0.0,50.29,AS-DHA-01
1991-10-29,0.3,50.29,AS-DHA-01
1991-10-30,2.4,50.29,AS-DHA-01
1991-10-31,4.9,50.29,AS-DHA-01
1991-11-01,0.8,50.29,AS-DHA-01
1991-11-02,2.9,50.29,AS-DHA-01
1991-11-03,0.1,50.29,AS-DHA-01
1991-11-04,0.0,50.29,AS-DHA-01
1991-11-05,8.7,50.29,AS-DHA-01
1991-11-06,0.7,50.29,AS-DHA-01
1991-11-07,0.0,50.29,AS-DHA-01
1991-11-08,0.0,50.29,AS-DHA-01
1991-11-09,0.0,50.29,AS-DHA-01
1991-11-10,0.0,50.29,AS-DHA-01
1991-11-11,0.0,50.29,AS-DHA-01
1991-11-12,0.0,50.29,AS-DHA-01
1991-11-13,0.0,50.29,AS-DHA-01
1991-11-14,0.0,50.29,AS-DHA-01
1991-11-15,0.0,50.29,AS-DHA-01
1991-11-16,0.0,50.29,AS-DHA-01
1991-11-17,0.0,50.29,AS-DHA-01
1991-11-18,0.0,50.29,AS-DHA-01
1991-11-19,0.2,50.29,AS-DHA-01
1991-11-20,0.4,50.29,AS-DHA-01
1991-11-21,0.2,50.29,AS-DHA-01
1991-11-22,0.0,50.29,AS-DHA-01
1991-11-23,0.0,50.29,AS-DHA-01
1991-11-24,0.0,50.29,AS-DHA-01
1991-11-25,0.0,50.29,AS-DHA-01
1991-11-26,0.0,50.29,AS-DHA-01
1991-11-27,2.3,50.29,AS-DHA-01
1991-11-28,11.5,50.29,AS-DHA-01
1991-11-29,1.8,50.29,AS-DHA-01
1991-11-30,6.1,50.29,AS-DHA-01
1991-12-01,2.1,50.29,AS-DHA-01
1991-12-02,0.0,50.29,AS-DHA-01
1991-12-03,0.0,50.29,AS-DHA-01
1991-12-04,0.0,50.29,AS-DHA-01
1991-12-05,0.0,50.29,AS-DHA-01
1991-12-06,0.0,50.29,AS-DHA-01
1991-12-07,0.0,50.29,AS-DHA-01
1991-12-08,0.0,50.29,AS-DHA-01
1991-12-09,0.0,50.29,AS-DHA-01
1991-12-10,0.0,50.29,AS-DHA-01
1991-12-11,0.0,50.29,AS-DHA-01
1991-12-12,0.0,50.29,AS-DHA-01
1991-12-13,0.0,50.29,AS-DHA-01
1991-12-14,0.0,50.29,AS-DHA-01
1991-12-15,0.0,50.29,AS-DHA-01
1991-12-16,0.0,50.29,AS-DHA-01
1991-12-17,0.0,50.29,AS-DHA-01
1991-12-18,0.0,50.29,AS-DHA-01
1991-12-19,0.0,50.29,AS-DHA-01
1991-12-20,0.0,50.29,AS-DHA-01
1991-12-21,0.0,50.29,AS-DHA-01
1991-12-22,0.7,50.29,AS-DHA-01
1991-12-23,15.9,50.29,AS-DHA-01
1991-12-24,26.3,50.29,AS-DHA-01
1991-12-25,25.3,50.29,AS-DHA-01
1991-12-26,14.0,50.29,AS-DHA-01
1991-12-27,1.9,50.29,AS-DHA-01
1991-12-28,1.2,50.29,AS-DHA-01
1991-12-29,7.0,50.29,AS-DHA-01
1991-12-30,0.0,50.29,AS-DHA-01
1991-12-31,0.0,50.29,AS-DHA-01
1992-01-01,0.0,50.29,AS-DHA-01
1992-01-02,0.0,50.29,AS-DHA-01
1992-01-03,0.0,50.29,AS-DHA-01
1992-01-04,0.0,50.29,AS-DHA-01
1992-01-05,0.0,50.29,AS-DHA-01
1992-01-06,0.1,50.29,AS-DHA-01
1992-01-07,0.0,50.29,AS-DHA-01
1992-01-08,0.0,50.29,AS-DHA-01
1992-01-09,0.0,50.29,AS-DHA-01
1992-01-10,0.0,50.29,AS-DHA-01
1992-01-11,0.0,50.29,AS-DHA-01
1992-01-12,13.4,50.29,AS-DHA-01
1992-01-13,0.0,50.29,AS-DHA-01
1992-01-14,0.6,50.29,AS-DHA-01
1992-01-15,0.9,50.29,AS-DHA-01
1992-01-16,16.3,50.29,AS-DHA-01
1992-01-17,8.4,50.29,AS-DHA-01
1992-01-18,0.0,50.29,AS-DHA-01
1992-01-19,0.0,50.29,AS-DHA-01
1992-01-20,0.0,50.29,AS-DHA-01
1992-01-21,0.2,50.29,AS-DHA-01
1992-01-22,0.7,50.29,AS-DHA-01
1992-01-23,0.1,50.29,AS-DHA-01
1992-01-24,0.3,50.29,AS-DHA-01
1992-01-25,0.0,50.29,AS-DHA-01
1992-01-26,0.0,50.29,AS-DHA-01
1992-01-27,0.0,50.29,AS-DHA-01
1992-01-28,0.0,50.29,AS-DHA-01
1992-01-29,0.0,50.29,AS-DHA-01
1992-01-30,0.0,50.29,AS-DHA-01
1992-01-31,22.6,50.29,AS-DHA-01
1992-02-01,34.6,50.29,AS-DHA-01
1992-02-02,21.9,50.29,AS-DHA-01
1992-02-03,6.7,50.29,AS-DHA-01
1992-02-04,1.8,50.29,AS-DHA-01
1992-02-05,0.0,50.29,AS-DHA-01
1992-02-06,0.0,50.29,AS-DHA-01
1992-02-07,3.2,50.29,AS-DHA-01
1992-02-08,8.6,50.29,AS-DHA-01
1992-02-09,2.8,50.29,AS-DHA-01
1992-02-10,0.1,50.29,AS-DHA-01
1992-02-11,0.0,50.29,AS-DHA-01
1992-02-12,0.0,50.29,AS-DHA-01
1992-02-13,7.1,50.29,AS-DHA-01
1992-02-14,18.2,50.29,AS-DHA-01
1992-02-15,8.3,50.29,AS-DHA-01
1992-02-16,2.8,50.29,AS-DHA-01
1992-02-17,3.8,50.29,AS-DHA-01
1992-02-18,5.5,50.29,AS-DHA-01
1992-02-19,0.0,50.29,AS-DHA-01
1992-02-20,0.4,50.29,AS-DHA-01
1992-02-21,17.4,50.29,AS-DHA-01
1992-02-22,4.9,50.29,AS-DHA-01
1992-02-23,4.5,50.29,AS-DHA-01
1992-02-24,4.0,50.29,AS-DHA-01
1992-02-25,2.2,50.29,AS-DHA-01
1992-02-26,0.0,50.29,AS-DHA-01
1992-02-27,5.2,50.29,AS-DHA-01
1992-02-28,3.8,50.29,AS-DHA-01
1992-02-29,0.3,50.29,AS-DHA-01
1992-03-01,4.2,50.29,AS-DHA-01
1992-03-02,5.1,50.29,AS-DHA-01
1992-03-03,4.5,50.29,AS-DHA-01
1992-03-04,2.8,50.29,AS-DHA-01
1992-03-05,0.3,50.29,AS-DHA-01
1992-03-06,2.7,50.29,AS-DHA-01
1992-03-07,1.6,50.29,AS-DHA-01
1992-03-08,1.6,50.29,AS-DHA-01
1992-03-09,1.6,50.29,AS-DHA-01
1992-03-10,1.3,50.29,AS-DHA-01
1992-03-11,0.0,50.29,AS-DHA-01
1992-03-12,0.0,50.29,AS-DHA-01
1992-03-13,1.3,50.29,AS-DHA-01
1992-03-14,2.3,50.29,AS-DHA-01
1992-03-15,1.7,50.29,AS-DHA-01
1992-03-16,0.4,50.29,AS-DHA-01
1992-03-17,0.3,50.29,AS-DHA-01
1992-03-18,9.2,50.29,AS-DHA-01
1992-03-19,5.1,50.29,AS-DHA-01
1992-03-20,16.4,50.29,AS-DHA-01
1992-03-21,37.2,50.29,AS-DHA-01
1992-03-22,25.9,50.29,AS-DHA-01
1992-03-23,3.5,50.29,AS-DHA-01
1992-03-24,2.2,50.29,AS-DHA-01
1992-03-25,4.0,50.29,AS-DHA-01
1992-03-26,4.2,50.29,AS-DHA-01
1992-03-27,0.7,50.29,AS-DHA-01
1992-03-28,0.6,50.29,AS-DHA-01
1992-03-29,2.2,50.29,AS-DHA-01
1992-03-30,0.5,50.29,AS-DHA-01
1992-03-31,0.3,50.29,AS-DHA-01
1992-04-01,9.4,50.29,AS-DHA-01
1992-04-02,5.0,50.29,AS-DHA-01
1992-04-03,2.8,50.29,AS-DHA-01
1992-04-04,30.5,50.29,AS-DHA-01
1992-04-05,7.7,50.29,AS-DHA-01
1992-04-06,47.5,50.29,AS-DHA-01
1992-04-07,35.6,50.29,AS-DHA-01
1992-04-08,16.4,50.29,AS-DHA-01
1992-04-09,4.9,50.29,AS-DHA-01
1992-04-10,1.2,50.29,AS-DHA-01
1992-04-11,1.1,50.29,AS-DHA-01
1992-04-12,1.7,50.29,AS-DHA-01
1992-04-13,1.9,50.29,AS-DHA-01
1992-04-14,3.4,50.29,AS-DHA-01
1992-04-15,2.1,50.29,AS-DHA-01
1992-04-16,4.5,50.29,AS-DHA-01
1992-04-17,22.2,50.29,AS-DHA-01
1992-04-18,29.1,50.29,AS-DHA-01
1992-04-19,54.0,50.29,AS-DHA-01
1992-04-20,17.2,50.29,AS-DHA-01
1992-04-21,25.2,50.29,AS-DHA-01
1992-04-22,40.6,50.29,AS-DHA-01
1992-04-23,15.6,50.29,AS-DHA-01
1992-04-24,4.3,50.29,AS-DHA-01
1992-04-25,0.0,50.29,AS-DHA-01
1992-04-26,4.5,50.29,AS-DHA-01
1992-04-27,3.1,50.29,AS-DHA-01
1992-04-28,1.7,50.29,AS-DHA-01
1992-04-29,0.6,50.29,AS-DHA-01
1992-04-30,4.4,50.29,AS-DHA-01
1992-05-01,43.0,50.29,AS-DHA-01
1992-05-02,38.5,50.29,AS-DHA-01
1992-05-03,29.0,50.29,AS-DHA-01
1992-05-04,6.2,50.29,AS-DHA-01
1992-05-05,16.4,50.29,AS-DHA-01
1992-05-06,12.2,50.29,AS-DHA-01
1992-05-07,36.6,50.29,AS-DHA-01
1992-05-08,12.0,50.29,AS-DHA-01
1992-05-09,7.0,50.29,AS-DHA-01
1992-05-10,20.1,50.29,AS-DHA-01
1992-05-11,7.8,50.29,AS-DHA-01
1992-05-12,0.0,50.29,AS-DHA-01
1992-05-13,1.8,50.29,AS-DHA-01
1992-05-14,12.4,50.29,AS-DHA-01
1992-05-15,73.4,50.29,AS-DHA-01
1992-05-16,112.2,50.29,AS-DHA-01
1992-05-17,58.3,50.29,AS-DHA-01
1992-05-18,5.4,50.29,AS-DHA-01
1992-05-19,1.8,50.29,AS-DHA-01
1992-05-20,19.9,50.29,AS-DHA-01
1992-05-21,16.6,50.29,AS-DHA-01
1992-05-22,5.9,50.29,AS-DHA-01
1992-05-23,0.3,50.29,AS-DHA-01
1992-05-24,0.0,50.29,AS-DHA-01
1992-05-25,8.2,50.29,AS-DHA-01
1992-05-26,0.6,50.29,AS-DHA-01
1992-05-27,0.9,50.29,AS-DHA-01
1992-05-28,5.6,50.29,AS-DHA-01
1992-05-29,9.3,50.29,AS-DHA-01
1992-05-30,29.5,50.29,AS-DHA-01
1992-05-31,14.4,50.29,AS-DHA-01
1992-06-01,8.6,50.29,AS-DHA-01
1992-06-02,6.0,50.29,AS-DHA-01
1992-06-03,2.7,50.29,AS-DHA-01
1992-06-04,2.6,50.29,AS-DHA-01
1992-06-05,12.6,50.29,AS-DHA-01
1992-06-06,26.5,50.29,AS-DHA-01
1992-06-07,22.8,50.29,AS-DHA-01
1992-06-08,14.0,50.29,AS-DHA-01
1992-06-09,13.7,50.29,AS-DHA-01
1992-06-10,30.5,50.29,AS-DHA-01
1992-06-11,64.0,50.29,AS-DHA-01
1992-06-12,57.1,50.29,AS-DHA-01
1992-06-13,54.4,50.29,AS-DHA-01
1992-06-14,25.8,50.29,AS-DHA-01
1992-06-15,7.8,50.29,AS-DHA-01
1992-06-16,3.3,50.29,AS-DHA-01
1992-06-17,52.7,50.29,AS-DHA-01
1992-06-18,26.5,50.29,AS-DHA-01
1992-06-19,34.0,50.29,AS-DHA-01
1992-06-20,28.0,50.29,AS-DHA-01
1992-06-21,32.2,50.29,AS-DHA-01
1992-06-22,44.0,50.29,AS-DHA-01
1992-06-23,63.5,50.29,AS-DHA-01
1992-06-24,49.7,50.29,AS-DHA-01
1992-06-25,42.9,50.29,AS-DHA-01
1992-06-26,16.7,50.29,AS-DHA-01
1992-06-27,35.8,50.29,AS-DHA-01
1992-06-28,25.2,50.29,AS-DHA-01
1992-06-29,45.4,50.29,AS-DHA-01
1992-06-30,54.9,50.29,AS-DHA-01
1992-07-01,39.3,50.29,AS-DHA-01
1992-07-02,38.3,50.29,AS-DHA-01
1992-07-03,57.7,50.29,AS-DHA-01
1992-07-04,19.2,50.29,AS-DHA-01
1992-07-05,12.9,50.29,AS-DHA-01
1992-07-06,30.6,50.29,AS-DHA-01
1992-07-07,40.7,50.29,AS-DHA-01
1992-07-08,34.5,50.29,AS-DHA-01
1992-07-09,10.6,50.29,AS-DHA-01
1992-07-10,13.2,50.29,AS-DHA-01
1992-07-11,34.2,50.29,AS-DHA-01
1992-07-12,47.8,50.29,AS-DHA-01
1992-07-13,20.7,50.29,AS-DHA-01
1992-07-14,26.6,50.29,AS-DHA-01
1992-07-15,34.3,50.29,AS-DHA-01
1992-07-16,25.4,50.29,AS-DHA-01
1992-07-17,29.9,50.29,AS-DHA-01
1992-07-18,33.7,50.29,AS-DHA-01
1992-07-19,25.9,50.29,AS-DHA-01
1992-07-20,12.9,50.29,AS-DHA-01
1992-07-21,20.8,50.29,AS-DHA-01
1992-07-22,23.3,50.29,AS-DHA-01
1992-07-23,27.5,50.29,AS-DHA-01
1992-07-24,9.5,50.29,AS-DHA-01
1992-07-25,1.4,50.29,AS-DHA-01
1992-07-26,2.7,50.29,AS-DHA-01
1992-07-27,41.8,50.29,AS-DHA-01
1992-07-28,30.4,50.29,AS-DHA-01
1992-07-29,18.9,50.29,AS-DHA-01
1992-07-30,20.8,50.29,AS-DHA-01
1992-07-31,20.7,50.29,AS-DHA-01
1992-08-01,30.9,50.29,AS-DHA-01
1992-08-02,26.0,50.29,AS-DHA-01
1992-08-03,43.6,50.29,AS-DHA-01
1992-08-04,11.4,50.29,AS-DHA-01
1992-08-05,13.0,50.29,AS-DHA-01
1992-08-06,27.4,50.29,AS-DHA-01
1992-08-07,15.1,50.29,AS-DHA-01
1992-08-08,27.8,50.29,AS-DHA-01
1992-08-09,19.1,50.29,AS-DHA-01
1992-08-10,3.6,50.29,AS-DHA-01
1992-08-11,1.2,50.29,AS-DHA-01
1992-08-12,9.3,50.29,AS-DHA-01
1992-08-13,31.7,50.29,AS-DHA-01
1992-08-14,20.0,50.29,AS-DHA-01
1992-08-15,39.2,50.29,AS-DHA-01
1992-08-16,45.7,50.29,AS-DHA-01
1992-08-17,25.8,50.29,AS-DHA-01
1992-08-18,4.2,50.29,AS-DHA-01
1992-08-19,19.1,50.29,AS-DHA-01
1992-08-20,39.7,50.29,AS-DHA-01
1992-08-21,12.1,50.29,AS-DHA-01
1992-08-22,2.3,50.29,AS-DHA-01
1992-08-23,15.7,50.29,AS-DHA-01
1992-08-24,39.3,50.29,AS-DHA-01
1992-08-25,30.5,50.29,AS-DHA-01
1992-08-26,11.1,50.29,AS-DHA-01
1992-08-27,14.3,50.29,AS-DHA-01
1992-08-28,4.4,50.29,AS-DHA-01
1992-08-29,8.8,50.29,AS-DHA-01
1992-08-30,9.1,50.29,AS-DHA-01
1992-08-31,6.5,50.29,AS-DHA-01
1992-09-01,0.5,50.29,AS-DHA-01
1992-09-02,20.3,50.29,AS-DHA-01
1992-09-03,18.0,50.29,AS-DHA-01
1992-09-04,10.8,50.29,AS-DHA-01
1992-09-05,12.7,50.29,AS-DHA-01
1992-09-06,9.7,50.29,AS-DHA-01
1992-09-07,22.4,50.29,AS-DHA-01
1992-09-08,23.3,50.29,AS-DHA-01
1992-09-09,3.3,50.29,AS-DHA-01
1992-09-10,19.3,50.29,AS-DHA-01
1992-09-11,16.4,50.29,AS-DHA-01
1992-09-12,17.7,50.29,AS-DHA-01
1992-09-13,18.8,50.29,AS-DHA-01
1992-09-14,30.9,50.29,AS-DHA-01
1992-09-15,23.9,50.29,AS-DHA-01
1992-09-16,47.0,50.29,AS-DHA-01
1992-09-17,30.0,50.29,AS-DHA-01
1992-09-18,4.3,50.29,AS-DHA-01
1992-09-19,0.0,50.29,AS-DHA-01
1992-09-20,0.0,50.29,AS-DHA-01
1992-09-21,0.0,50.29,AS-DHA-01
1992-09-22,0.0,50.29,AS-DHA-01
1992-09-23,0.7,50.29,AS-DHA-01
1992-09-24,8.6,50.29,AS-DHA-01
1992-09-25,20.9,50.29,AS-DHA-01
1992-09-26,40.4,50.29,AS-DHA-01
1992-09-27,54.9,50.29,AS-DHA-01
1992-09-28,10.8,50.29,AS-DHA-01
1992-09-29,5.5,50.29,AS-DHA-01
1992-09-30,9.4,50.29,AS-DHA-01
1992-10-01,6.0,50.29,AS-DHA-01
1992-10-02,2.2,50.29,AS-DHA-01
1992-10-03,8.0,50.29,AS-DHA-01
1992-10-04,17.0,50.29,AS-DHA-01
1992-10-05,9.5,50.29,AS-DHA-01
1992-10-06,8.8,50.29,AS-DHA-01
1992-10-07,0.4,50.29,AS-DHA-01
1992-10-08,0.0,50.29,AS-DHA-01
1992-10-09,0.0,50.29,AS-DHA-01
1992-10-10,0.7,50.29,AS-DHA-01
1992-10-11,3.4,50.29,AS-DHA-01
1992-10-12,19.6,50.29,AS-DHA-01
1992-10-13,44.5,50.29,AS-DHA-01
1992-10-14,49.0,50.29,AS-DHA-01
1992-10-15,4.8,50.29,AS-DHA-01
1992-10-16,14.9,50.29,AS-DHA-01
1992-10-17,2.4,50.29,AS-DHA-01
1992-10-18,7.9,50.29,AS-DHA-01
1992-10-19,6.3,50.29,AS-DHA-01
1992-10-20,1.5,50.29,AS-DHA-01
1992-10-21,2.1,50.29,AS-DHA-01
1992-10-22,1.2,50.29,AS-DHA-01
1992-10-23,8.2,50.29,AS-DHA-01
1992-10-24,1.1,50.29,AS-DHA-01
1992-10-25,0.0,50.29,AS-DHA-01
1992-10-26,0.0,50.29,AS-DHA-01
1992-10-27,0.0,50.29,AS-DHA-01
1992-10-28,0.0,50.29,AS-DHA-01
1992-10-29,0.0,50.29,AS-DHA-01
1992-10-30,0.0,50.29,AS-DHA-01
1992-10-31,0.0,50.29,AS-DHA-01
1992-11-01,0.0,50.29,AS-DHA-01
1992-11-02,0.0,50.29,AS-DHA-01
1992-11-03,0.0,50.29,AS-DHA-01
1992-11-04,0.0,50.29,AS-DHA-01
1992-11-05,0.0,50.29,AS-DHA-01
1992-11-06,0.0,50.29,AS-DHA-01
1992-11-07,0.0,50.29,AS-DHA-01
1992-11-08,0.0,50.29,AS-DHA-01
1992-11-09,2.1,50.29,AS-DHA-01
1992-11-10,17.4,50.29,AS-DHA-01
1992-11-11,0.0,50.29,AS-DHA-01
1992-11-12,0.0,50.29,AS-DHA-01
1992-11-13,0.0,50.29,AS-DHA-01
1992-11-14,0.0,50.29,AS-DHA-01
1992-11-15,0.0,50.29,AS-DHA-01
1992-11-16,0.0,50.29,AS-DHA-01
1992-11-17,0.0,50.29,AS-DHA-01
1992-11-18,0.0,50.29,AS-DHA-01
1992-11-19,0.0,50.29,AS-DHA-01
1992-11-20,0.0,50.29,AS-DHA-01
1992-11-21,0.0,50.29,AS-DHA-01
1992-11-22,0.0,50.29,AS-DHA-01
1992-11-23,0.4,50.29,AS-DHA-01
1992-11-24,4.1,50.29,AS-DHA-01
1992-11-25,0.0,50.29,AS-DHA-01
1992-11-26,0.0,50.29,AS-DHA-01
1992-11-27,0.0,50.29,AS-DHA-01
1992-11-28,0.0,50.29,AS-DHA-01
1992-11-29,0.0,50.29,AS-DHA-01
1992-11-30,0.0,50.29,AS-DHA-01
1992-12-01,0.2,50.29,AS-DHA-01
1992-12-02,15.1,50.29,AS-DHA-01
1992-12-03,14.2,50.29,AS-DHA-01
1992-12-04,4.5,50.29,AS-DHA-01
1992-12-05,0.0,50.29,AS-DHA-01
1992-12-06,0.0,50.29,AS-DHA-01
1992-12-07,0.0,50.29,AS-DHA-01
1992-12-08,0.0,50.29,AS-DHA-01
1992-12-09,0.0,50.29,AS-DHA-01
1992-12-10,0.0,50.29,AS-DHA-01
1992-12-11,0.0,50.29,AS-DHA-01
1992-12-12,0.0,50.29,AS-DHA-01
1992-12-13,0.0,50.29,AS-DHA-01
1992-12-14,0.0,50.29,AS-DHA-01
1992-12-15,0.0,50.29,AS-DHA-01
1992-12-16,0.0,50.29,AS-DHA-01
1992-12-17,0.0,50.29,AS-DHA-01
1992-12-18,0.0,50.29,AS-DHA-01
1992-12-19,0.0,50.29,AS-DHA-01
1992-12-20,0.0,50.29,AS-DHA-01
1992-12-21,0.0,50.29,AS-DHA-01
1992-12-22,0.0,50.29,AS-DHA-01
1992-12-23,0.0,50.29,AS-DHA-01
1992-12-24,0.0,50.29,AS-DHA-01
1992-12-25,0.0,50.29,AS-DHA-01
1992-12-26,0.2,50.29,AS-DHA-01
1992-12-27,0.2,50.29,AS-DHA-01
1992-12-28,0.0,50.29,AS-DHA-01
1992-12-29,0.0,50.29,AS-DHA-01
1992-12-30,0.0,50.29,AS-DHA-01
1992-12-31,0.0,50.29,AS-DHA-01
1993-01-01,0.0,50.29,AS-DHA-01
1993-01-02,0.3,50.29,AS-DHA-01
1993-01-03,2.5,50.29,AS-DHA-01
1993-01-04,7.4,50.29,AS-DHA-01
1993-01-05,11.7,50.29,AS-DHA-01
1993-01-06,2.6,50.29,AS-DHA-01
1993-01-07,2.6,50.29,AS-DHA-01
1993-01-08,12.6,50.29,AS-DHA-01
1993-01-09,15.6,50.29,AS-DHA-01
1993-01-10,4.6,50.29,AS-DHA-01
1993-01-11,3.4,50.29,AS-DHA-01
1993-01-12,12.5,50.29,AS-DHA-01
1993-01-13,9.2,50.29,AS-DHA-01
1993-01-14,2.2,50.29,AS-DHA-01
1993-01-15,0.1,50.29,AS-DHA-01
1993-01-16,0.0,50.29,AS-DHA-01
1993-01-17,1.8,50.29,AS-DHA-01
1993-01-18,1.7,50.29,AS-DHA-01
1993-01-19,1.0,50.29,AS-DHA-01
1993-01-20,0.1,50.29,AS-DHA-01
1993-01-21,0.8,50.29,AS-DHA-01
1993-01-22,0.6,50.29,AS-DHA-01
1993-01-23,0.6,50.29,AS-DHA-01
1993-01-24,0.0,50.29,AS-DHA-01
1993-01-25,0.0,50.29,AS-DHA-01
1993-01-26,0.0,50.29,AS-DHA-01
1993-01-27,0.0,50.29,AS-DHA-01
1993-01-28,0.0,50.29,AS-DHA-01
1993-01-29,0.0,50.29,AS-DHA-01
1993-01-30,0.0,50.29,AS-DHA-01
1993-01-31,0.4,50.29,AS-DHA-01
1993-02-01,0.1,50.29,AS-DHA-01
1993-02-02,0.0,50.29,AS-DHA-01
1993-02-03,0.0,50.29,AS-DHA-01
1993-02-04,0.0,50.29,AS-DHA-01
1993-02-05,0.0,50.29,AS-DHA-01
1993-02-06,0.0,50.29,AS-DHA-01
1993-02-07,0.0,50.29,AS-DHA-01
1993-02-08,0.0,50.29,AS-DHA-01
1993-02-09,0.0,50.29,AS-DHA-01
1993-02-10,0.0,50.29,AS-DHA-01
1993-02-11,0.0,50.29,AS-DHA-01
1993-02-12,5.9,50.29,AS-DHA-01
1993-02-13,44.5,50.29,AS-DHA-01
1993-02-14,15.9,50.29,AS-DHA-01
1993-02-15,11.0,50.29,AS-DHA-01
1993-02-16,61.7,50.29,AS-DHA-01
1993-02-17,81.6,50.29,AS-DHA-01
1993-02-18,36.0,50.29,AS-DHA-01
1993-02-19,9.7,50.29,AS-DHA-01
1993-02-20,13.4,50.29,AS-DHA-01
1993-02-21,3.0,50.29,AS-DHA-01
1993-02-22,6.4,50.29,AS-DHA-01
1993-02-23,0.0,50.29,AS-DHA-01
1993-02-24,0.0,50.29,AS-DHA-01
1993-02-25,0.0,50.29,AS-DHA-01
1993-02-26,0.0,50.29,AS-DHA-01
1993-02-27,2.5,50.29,AS-DHA-01
1993-02-28,0.4,50.29,AS-DHA-01
1993-03-01,0.0,50.29,AS-DHA-01
1993-03-02,0.0,50.29,AS-DHA-01
1993-03-03,0.0,50.29,AS-DHA-01
1993-03-04,0.2,50.29,AS-DHA-01
1993-03-05,0.7,50.29,AS-DHA-01
1993-03-06,0.0,50.29,AS-DHA-01
1993-03-07,0.0,50.29,AS-DHA-01
1993-03-08,0.0,50.29,AS-DHA-01
1993-03-09,0.0,50.29,AS-DHA-01
1993-03-10,0.0,50.29,AS-DHA-01
1993-03-11,2.1,50.29,AS-DHA-01
1993-03-12,2.6,50.29,AS-DHA-01
1993-03-13,16.6,50.29,AS-DHA-01
1993-03-14,25.3,50.29,AS-DHA-01
1993-03-15,17.3,50.29,AS-DHA-01
1993-03-16,3.1,50.29,AS-DHA-01
1993-03-17,0.8,50.29,AS-DHA-01
1993-03-18,0.6,50.29,AS-DHA-01
1993-03-19,1.3,50.29,AS-DHA-01
1993-03-20,39.0,50.29,AS-DHA-01
1993-03-21,17.7,50.29,AS-DHA-01
1993-03-22,43.5,50.29,AS-DHA-01
1993-03-23,18.5,50.29,AS-DHA-01
1993-03-24,26.8,50.29,AS-DHA-01
1993-03-25,8.4,50.29,AS-DHA-01
1993-03-26,38.3,50.29,AS-DHA-01
1993-03-27,7.9,50.29,AS-DHA-01
1993-03-28,1.3,50.29,AS-DHA-01
1993-03-29,0.0,50.29,AS-DHA-01
1993-03-30,0.0,50.29,AS-DHA-01
1993-03-31,0.0,50.29,AS-DHA-01
1993-04-01,0.0,50.29,AS-DHA-01
1993-04-02,0.0,50.29,AS-DHA-01
1993-04-03,1.0,50.29,AS-DHA-01
1993-04-04,0.2,50.29,AS-DHA-01
1993-04-05,0.6,50.29,AS-DHA-01
1993-04-06,0.1,50.29,AS-DHA-01
1993-04-07,18.8,50.29,AS-DHA-01
1993-04-08,18.8,50.29,AS-DHA-01
1993-04-09,39.6,50.29,AS-DHA-01
1993-04-10,29.8,50.29,AS-DHA-01
1993-04-11,17.4,50.29,AS-DHA-01
1993-04-12,25.0,50.29,AS-DHA-01
1993-04-13,7.8,50.29,AS-DHA-01
1993-04-14,4.1,50.29,AS-DHA-01
1993-04-15,16.8,50.29,AS-DHA-01
1993-04-16,30.7,50.29,AS-DHA-01
1993-04-17,25.4,50.29,AS-DHA-01
1993-04-18,21.8,50.29,AS-DHA-01
1993-04-19,0.4,50.29,AS-DHA-01
1993-04-20,0.0,50.29,AS-DHA-01
1993-04-21,0.0,50.29,AS-DHA-01
1993-04-22,0.0,50.29,AS-DHA-01
1993-04-23,8.3,50.29,AS-DHA-01
1993-04-24,20.1,50.29,AS-DHA-01
1993-04-25,35.4,50.29,AS-DHA-01
1993-04-26,19.8,50.29,AS-DHA-01
1993-04-27,10.7,50.29,AS-DHA-01
1993-04-28,2.7,50.29,AS-DHA-01
1993-04-29,14.1,50.29,AS-DHA-01
1993-04-30,13.9,50.29,AS-DHA-01
1993-05-01,10.9,50.29,AS-DHA-01
1993-05-02,14.9,50.29,AS-DHA-01
1993-05-03,68.3,50.29,AS-DHA-01
1993-05-04,120.2,50.29,AS-DHA-01
1993-05-05,74.8,50.29,AS-DHA-01
1993-05-06,50.1,50.29,AS-DHA-01
1993-05-07,12.1,50.29,AS-DHA-01
1993-05-08,9.9,50.29,AS-DHA-01
1993-05-09,40.1,50.29,AS-DHA-01
1993-05-10,31.4,50.29,AS-DHA-01
1993-05-11,26.4,50.29,AS-DHA-01
1993-05-12,69.6,50.29,AS-DHA-01
1993-05-13,88.6,50.29,AS-DHA-01
1993-05-14,70.4,50.29,AS-DHA-01
1993-05-15,43.8,50.29,AS-DHA-01
1993-05-16,32.6,50.29,AS-DHA-01
1993-05-17,48.2,50.29,AS-DHA-01
1993-05-18,49.4,50.29,AS-DHA-01
1993-05-19,28.7,50.29,AS-DHA-01
1993-05-20,5.0,50.29,AS-DHA-01
1993-05-21,3.3,50.29,AS-DHA-01
1993-05-22,0.0,50.29,AS-DHA-01
1993-05-23,0.0,50.29,AS-DHA-01
1993-05-24,2.7,50.29,AS-DHA-01
1993-05-25,2.3,50.29,AS-DHA-01
1993-05-26,17.1,50.29,AS-DHA-01
1993-05-27,26.5,50.29,AS-DHA-01
1993-05-28,14.1,50.29,AS-DHA-01
1993-05-29,4.7,50.29,AS-DHA-01
1993-05-30,16.2,50.29,AS-DHA-01
1993-05-31,20.0,50.29,AS-DHA-01
1993-06-01,27.4,50.29,AS-DHA-01
1993-06-02,20.7,50.29,AS-DHA-01
1993-06-03,13.7,50.29,AS-DHA-01
1993-06-04,42.8,50.29,AS-DHA-01
1993-06-05,56.0,50.29,AS-DHA-01
1993-06-06,99.9,50.29,AS-DHA-01
1993-06-07,52.0,50.29,AS-DHA-01
1993-06-08,49.7,50.29,AS-DHA-01
1993-06-09,87.6,50.29,AS-DHA-01
1993-06-10,42.0,50.29,AS-DHA-01
1993-06-11,98.7,50.29,AS-DHA-01
1993-06-12,43.0,50.29,AS-DHA-01
1993-06-13,0.0,50.29,AS-DHA-01
1993-06-14,0.0,50.29,AS-DHA-01
1993-06-15,24.5,50.29,AS-DHA-01
1993-06-16,32.8,50.29,AS-DHA-01
1993-06-17,6.7,50.29,AS-DHA-01
1993-06-18,21.9,50.29,AS-DHA-01
1993-06-19,36.5,50.29,AS-DHA-01
1993-06-20,39.3,50.29,AS-DHA-01
1993-06-21,8.3,50.29,AS-DHA-01
1993-06-22,21.0,50.29,AS-DHA-01
1993-06-23,8.5,50.29,AS-DHA-01
1993-06-24,44.2,50.29,AS-DHA-01
1993-06-25,23.4,50.29,AS-DHA-01
1993-06-26,27.7,50.29,AS-DHA-01
1993-06-27,16.9,50.29,AS-DHA-01
1993-06-28,15.5,50.29,AS-DHA-01
1993-06-29,38.3,50.29,AS-DHA-01
1993-06-30,40.6,50.29,AS-DHA-01
1993-07-01,46.7,50.29,AS-DHA-01
1993-07-02,30.7,50.29,AS-DHA-01
1993-07-03,62.6,50.29,AS-DHA-01
1993-07-04,37.3,50.29,AS-DHA-01
1993-07-05,51.1,50.29,AS-DHA-01
1993-07-06,7.3,50.29,AS-DHA-01
1993-07-07,8.4,50.29,AS-DHA-01
1993-07-08,25.5,50.29,AS-DHA-01
1993-07-09,25.2,50.29,AS-DHA-01
1993-07-10,16.0,50.29,AS-DHA-01
1993-07-11,38.8,50.29,AS-DHA-01
1993-07-12,24.0,50.29,AS-DHA-01
1993-07-13,17.5,50.29,AS-DHA-01
1993-07-14,49.7,50.29,AS-DHA-01
1993-07-15,25.9,50.29,AS-DHA-01
1993-07-16,17.2,50.29,AS-DHA-01
1993-07-17,20.5,50.29,AS-DHA-01
1993-07-18,7.9,50.29,AS-DHA-01
1993-07-19,5.6,50.29,AS-DHA-01
1993-07-20,31.0,50.29,AS-DHA-01
1993-07-21,128.6,50.29,AS-DHA-01
1993-07-22,18.9,50.29,AS-DHA-01
1993-07-23,11.2,50.29,AS-DHA-01
1993-07-24,17.9,50.29,AS-DHA-01
1993-07-25,45.5,50.29,AS-DHA-01
1993-07-26,26.6,50.29,AS-DHA-01
1993-07-27,15.5,50.29,AS-DHA-01
1993-07-28,18.1,50.29,AS-DHA-01
1993-07-29,25.7,50.29,AS-DHA-01
1993-07-30,24.9,50.29,AS-DHA-01
1993-07-31,17.3,50.29,AS-DHA-01
1993-08-01,19.1,50.29,AS-DHA-01
1993-08-02,47.9,50.29,AS-DHA-01
1993-08-03,29.7,50.29,AS-DHA-01
1993-08-04,30.1,50.29,AS-DHA-01
1993-08-05,25.9,50.29,AS-DHA-01
1993-08-06,15.3,50.29,AS-DHA-01
1993-08-07,21.0,50.29,AS-DHA-01
1993-08-08,64.2,50.29,AS-DHA-01
1993-08-09,38.7,50.29,AS-DHA-01
1993-08-10,40.0,50.29,AS-DHA-01
1993-08-11,24.5,50.29,AS-DHA-01
1993-08-12,18.8,50.29,AS-DHA-01
1993-08-13,26.7,50.29,AS-DHA-01
1993-08-14,35.1,50.29,AS-DHA-01
1993-08-15,22.3,50.29,AS-DHA-01
1993-08-16,40.7,50.29,AS-DHA-01
1993-08-17,30.7,50.29,AS-DHA-01
1993-08-18,32.6,50.29,AS-DHA-01
1993-08-19,40.9,50.29,AS-DHA-01
1993-08-20,26.6,50.29,AS-DHA-01
1993-08-21,48.1,50.29,AS-DHA-01
1993-08-22,37.5,50.29,AS-DHA-01
1993-08-23,14.3,50.29,AS-DHA-01
1993-08-24,43.1,50.29,AS-DHA-01
1993-08-25,10.3,50.29,AS-DHA-01
1993-08-26,19.3,50.29,AS-DHA-01
1993-08-27,18.9,50.29,AS-DHA-01
1993-08-28,70.4,50.29,AS-DHA-01
1993-08-29,72.7,50.29,AS-DHA-01
1993-08-30,21.9,50.29,AS-DHA-01
1993-08-31,12.7,50.29,AS-DHA-01
1993-09-01,23.3,50.29,AS-DHA-01
1993-09-02,27.5,50.29,AS-DHA-01
1993-09-03,3.6,50.29,AS-DHA-01
1993-09-04,3.8,50.29,AS-DHA-01
1993-09-05,3.5,50.29,AS-DHA-01
1993-09-06,22.7,50.29,AS-DHA-01
1993-09-07,44.1,50.29,AS-DHA-01
1993-09-08,24.9,50.29,AS-DHA-01
1993-09-09,27.4,50.29,AS-DHA-01
1993-09-10,8.3,50.29,AS-DHA-01
1993-09-11,3.9,50.29,AS-DHA-01
1993-09-12,32.5,50.29,AS-DHA-01
1993-09-13,19.9,50.29,AS-DHA-01
1993-09-14,37.2,50.29,AS-DHA-01
1993-09-15,54.8,50.29,AS-DHA-01
1993-09-16,24.4,50.29,AS-DHA-01
1993-09-17,15.5,50.29,AS-DHA-01
1993-09-18,4.7,50.29,AS-DHA-01
1993-09-19,0.5,50.29,AS-DHA-01
1993-09-20,15.2,50.29,AS-DHA-01
1993-09-21,13.9,50.29,AS-DHA-01
1993-09-22,25.9,50.29,AS-DHA-01
1993-09-23,9.8,50.29,AS-DHA-01
1993-09-24,7.0,50.29,AS-DHA-01
1993-09-25,21.2,50.29,AS-DHA-01
1993-09-26,38.5,50.29,AS-DHA-01
1993-09-27,41.5,50.29,AS-DHA-01
1993-09-28,41.5,50.29,AS-DHA-01
1993-09-29,15.8,50.29,AS-DHA-01
1993-09-30,15.9,50.29,AS-DHA-01
1993-10-01,21.9,50.29,AS-DHA-01
1993-10-02,38.8,50.29,AS-DHA-01
1993-10-03,56.8,50.29,AS-DHA-01
1993-10-04,3.4,50.29,AS-DHA-01
1993-10-05,3.8,50.29,AS-DHA-01
1993-10-06,21.8,50.29,AS-DHA-01
1993-10-07,14.0,50.29,AS-DHA-01
1993-10-08,6.6,50.29,AS-DHA-01
1993-10-09,1.7,50.29,AS-DHA-01
1993-10-10,2.0,50.29,AS-DHA-01
1993-10-11,2.9,50.29,AS-DHA-01
1993-10-12,20.5,50.29,AS-DHA-01
1993-10-13,63.4,50.29,AS-DHA-01
1993-10-14,16.1,50.29,AS-DHA-01
1993-10-15,16.2,50.29,AS-DHA-01
1993-10-16,3.6,50.29,AS-DHA-01
1993-10-17,0.8,50.29,AS-DHA-01
1993-10-18,0.4,50.29,AS-DHA-01
1993-10-19,0.0,50.29,AS-DHA-01
1993-10-20,2.7,50.29,AS-DHA-01
1993-10-21,5.3,50.29,AS-DHA-01
1993-10-22,0.6,50.29,AS-DHA-01
1993-10-23,0.2,50.29,AS-DHA-01
1993-10-24,0.5,50.29,AS-DHA-01
1993-10-25,1.2,50.29,AS-DHA-01
1993-10-26,3.3,50.29,AS-DHA-01
1993-10-27,0.6,50.29,AS-DHA-01
1993-10-28,0.0,50.29,AS-DHA-01
1993-10-29,0.0,50.29,AS-DHA-01
1993-10-30,0.0,50.29,AS-DHA-01
1993-10-31,0.0,50.29,AS-DHA-01
1993-11-01,0.0,50.29,AS-DHA-01
1993-11-02,1.0,50.29,AS-DHA-01
1993-11-03,0.6,50.29,AS-DHA-01
1993-11-04,5.5,50.29,AS-DHA-01
1993-11-05,0.3,50.29,AS-DHA-01
1993-11-06,0.0,50.29,AS-DHA-01
1993-11-07,0.0,50.29,AS-DHA-01
1993-11-08,0.0,50.29,AS-DHA-01
1993-11-09,0.0,50.29,AS-DHA-01
1993-11-10,0.0,50.29,AS-DHA-01
1993-11-11,0.0,50.29,AS-DHA-01
1993-11-12,0.0,50.29,AS-DHA-01
1993-11-13,0.0,50.29,AS-DHA-01
1993-11-14,0.8,50.29,AS-DHA-01
1993-11-15,2.4,50.29,AS-DHA-01
1993-11-16,0.1,50.29,AS-DHA-01
1993-11-17,0.5,50.29,AS-DHA-01
1993-11-18,0.1,50.29,AS-DHA-01
1993-11-19,0.4,50.29,AS-DHA-01
1993-11-20,0.0,50.29,AS-DHA-01
1993-11-21,0.0,50.29,AS-DHA-01
1993-11-22,0.0,50.29,AS-DHA-01
1993-11-23,0.0,50.29,AS-DHA-01
1993-11-24,0.0,50.29,AS-DHA-01
1993-11-25,0.0,50.29,AS-DHA-01
1993-11-26,0.0,50.29,AS-DHA-01
1993-11-27,0.0,50.29,AS-DHA-01
1993-11-28,0.0,50.29,AS-DHA-01
1993-11-29,0.0,50.29,AS-DHA-01
1993-11-30,0.0,50.29,AS-DHA-01
1993-12-01,0.0,50.29,AS-DHA-01
1993-12-02,0.0,50.29,AS-DHA-01
1993-12-03,0.0,50.29,AS-DHA-01
1993-12-04,0.0,50.29,AS-DHA-01
1993-12-05,0.0,50.29,AS-DHA-01
1993-12-06,0.0,50.29,AS-DHA-01
1993-12-07,0.0,50.29,AS-DHA-01
1993-12-08,0.0,50.29,AS-DHA-01
1993-12-09,0.0,50.29,AS-DHA-01
1993-12-10,0.0,50.29,AS-DHA-01
1993-12-11,0.0,50.29,AS-DHA-01
1993-12-12,0.6,50.29,AS-DHA-01
1993-12-13,0.0,50.29,AS-DHA-01
1993-12-14,0.0,50.29,AS-DHA-01
1993-12-15,0.0,50.29,AS-DHA-01
1993-12-16,0.0,50.29,AS-DHA-01
1993-12-17,0.0,50.29,AS-DHA-01
1993-12-18,0.0,50.29,AS-DHA-01
1993-12-19,0.0,50.29,AS-DHA-01
1993-12-20,0.0,50.29,AS-DHA-01
1993-12-21,0.0,50.29,AS-DHA-01
1993-12-22,0.0,50.29,AS-DHA-01
1993-12-23,0.0,50.29,AS-DHA-01
1993-12-24,0.0,50.29,AS-DHA-01
1993-12-25,0.0,50.29,AS-DHA-01
1993-12-26,0.0,50.29,AS-DHA-01
1993-12-27,0.0,50.29,AS-DHA-01
1993-12-28,0.0,50.29,AS-DHA-01
1993-12-29,0.0,50.29,AS-DHA-01
1993-12-30,0.0,50.29,AS-DHA-01
1993-12-31,0.0,50.29,AS-DHA-01
1994-01-01,0.0,50.29,AS-DHA-01
1994-01-02,0.0,50.29,AS-DHA-01
1994-01-03,0.0,50.29,AS-DHA-01
1994-01-04,0.0,50.29,AS-DHA-01
1994-01-05,0.0,50.29,AS-DHA-01
1994-01-06,0.0,50.29,AS-DHA-01
1994-01-07,0.0,50.29,AS-DHA-01
1994-01-08,0.0,50.29,AS-DHA-01
1994-01-09,0.0,50.29,AS-DHA-01
1994-01-10,0.0,50.29,AS-DHA-01
1994-01-11,0.0,50.29,AS-DHA-01
1994-01-12,0.0,50.29,AS-DHA-01
1994-01-13,0.0,50.29,AS-DHA-01
1994-01-14,0.0,50.29,AS-DHA-01
1994-01-15,6.3,50.29,AS-DHA-01
1994-01-16,32.9,50.29,AS-DHA-01
1994-01-17,0.1,50.29,AS-DHA-01
1994-01-18,0.0,50.29,AS-DHA-01
1994-01-19,0.0,50.29,AS-DHA-01
1994-01-20,0.0,50.29,AS-DHA-01
1994-01-21,0.0,50.29,AS-DHA-01
1994-01-22,0.0,50.29,AS-DHA-01
1994-01-23,0.0,50.29,AS-DHA-01
1994-01-24,0.0,50.29,AS-DHA-01
1994-01-25,0.0,50.29,AS-DHA-01
1994-01-26,0.0,50.29,AS-DHA-01
1994-01-27,0.0,50.29,AS-DHA-01
1994-01-28,0.0,50.29,AS-DHA-01
1994-01-29,0.0,50.29,AS-DHA-01
1994-01-30,8.0,50.29,AS-DHA-01
1994-01-31,15.9,50.29,AS-DHA-01
1994-02-01,6.4,50.29,AS-DHA-01
1994-02-02,9.4,50.29,AS-DHA-01
1994-02-03,0.0,50.29,AS-DHA-01
1994-02-04,0.0,50.29,AS-DHA-01
1994-02-05,0.0,50.29,AS-DHA-01
1994-02-06,0.0,50.29,AS-DHA-01
1994-02-07,0.0,50.29,AS-DHA-01
1994-02-08,0.0,50.29,AS-DHA-01
1994-02-09,10.8,50.29,AS-DHA-01
1994-02-10,2.6,50.29,AS-DHA-01
1994-02-11,2.1,50.29,AS-DHA-01
1994-02-12,2.1,50.29,AS-DHA-01
1994-02-13,0.9,50.29,AS-DHA-01
1994-02-14,0.0,50.29,AS-DHA-01
1994-02-15,0.0,50.29,AS-DHA-01
1994-02-16,0.0,50.29,AS-DHA-01
1994-02-17,0.0,50.29,AS-DHA-01
1994-02-18,0.0,50.29,AS-DHA-01
1994-02-19,0.0,50.29,AS-DHA-01
1994-02-20,0.0,50.29,AS-DHA-01
1994-02-21,0.5,50.29,AS-DHA-01
1994-02-22,13.9,50.29,AS-DHA-01
1994-02-23,0.4,50.29,AS-DHA-01
1994-02-24,0.0,50.29,AS-DHA-01
1994-02-25,0.0,50.29,AS-DHA-01
1994-02-26,0.0,50.29,AS-DHA-01
1994-02-27,0.1,50.29,AS-DHA-01
1994-02-28,4.9,50.29,AS-DHA-01
1994-03-01,16.4,50.29,AS-DHA-01
1994-03-02,0.0,50.29,AS-DHA-01
1994-03-03,0.0,50.29,AS-DHA-01
1994-03-04,0.5,50.29,AS-DHA-01
1994-03-05,2.8,50.29,AS-DHA-01
1994-03-06,2.8,50.29,AS-DHA-01
1994-03-07,0.0,50.29,AS-DHA-01
1994-03-08,0.0,50.29,AS-DHA-01
1994-03-09,0.0,50.29,AS-DHA-01
1994-03-10,0.0,50.29,AS-DHA-01
1994-03-11,0.0,50.29,AS-DHA-01
1994-03-12,0.0,50.29,AS-DHA-01
1994-03-13,10.5,50.29,AS-DHA-01
1994-03-14,14.3,50.29,AS-DHA-01
1994-03-15,66.4,50.29,AS-DHA-01
1994-03-16,57.7,50.29,AS-DHA-01
1994-03-17,52.1,50.29,AS-DHA-01
1994-03-18,11.5,50.29,AS-DHA-01
1994-03-19,8.7,50.29,AS-DHA-01
1994-03-20,55.6,50.29,AS-DHA-01
1994-03-21,54.9,50.29,AS-DHA-01
1994-03-22,51.3,50.29,AS-DHA-01
1994-03-23,23.4,50.29,AS-DHA-01
1994-03-24,26.1,50.29,AS-DHA-01
1994-03-25,36.7,50.29,AS-DHA-01
1994-03-26,79.2,50.29,AS-DHA-01
1994-03-27,37.8,50.29,AS-DHA-01
1994-03-28,5.1,50.29,AS-DHA-01
1994-03-29,0.0,50.29,AS-DHA-01
1994-03-30,0.0,50.29,AS-DHA-01
1994-03-31,28.7,50.29,AS-DHA-01
1994-04-01,58.0,50.29,AS-DHA-01
1994-04-02,27.7,50.29,AS-DHA-01
1994-04-03,10.7,50.29,AS-DHA-01
1994-04-04,0.2,50.29,AS-DHA-01
1994-04-05,0.1,50.29,AS-DHA-01
1994-04-06,7.6,50.29,AS-DHA-01
1994-04-07,5.9,50.29,AS-DHA-01
1994-04-08,1.9,50.29,AS-DHA-01
1994-04-09,1.0,50.29,AS-DHA-01
1994-04-10,0.1,50.29,AS-DHA-01
1994-04-11,0.9,50.29,AS-DHA-01
1994-04-12,0.3,50.29,AS-DHA-01
1994-04-13,0.5,50.29,AS-DHA-01
1994-04-14,0.0,50.29,AS-DHA-01
1994-04-15,0.9,50.29,AS-DHA-01
1994-04-16,2.0,50.29,AS-DHA-01
1994-04-17,15.8,50.29,AS-DHA-01
1994-04-18,62.0,50.29,AS-DHA-01
1994-04-19,26.6,50.29,AS-DHA-01
1994-04-20,31.4,50.29,AS-DHA-01
1994-04-21,54.1,50.29,AS-DHA-01
1994-04-22,41.1,50.29,AS-DHA-01
1994-04-23,24.1,50.29,AS-DHA-01
1994-04-24,7.7,50.29,AS-DHA-01
1994-04-25,9.5,50.29,AS-DHA-01
1994-04-26,12.2,50.29,AS-DHA-01
1994-04-27,0.0,50.29,AS-DHA-01
1994-04-28,0.0,50.29,AS-DHA-01
1994-04-29,0.0,50.29,AS-DHA-01
1994-04-30,0.5,50.29,AS-DHA-01
1994-05-01,3.2,50.29,AS-DHA-01
1994-05-02,0.0,50.29,AS-DHA-01
1994-05-03,0.4,50.29,AS-DHA-01
1994-05-04,36.5,50.29,AS-DHA-01
1994-05-05,19.0,50.29,AS-DHA-01
1994-05-06,2.7,50.29,AS-DHA-01
1994-05-07,20.0,50.29,AS-DHA-01
1994-05-08,8.8,50.29,AS-DHA-01
1994-05-09,0.4,50.29,AS-DHA-01
1994-05-10,11.7,50.29,AS-DHA-01
1994-05-11,10.8,50.29,AS-DHA-01
1994-05-12,1.9,50.29,AS-DHA-01
1994-05-13,1.7,50.29,AS-DHA-01
1994-05-14,24.9,50.29,AS-DHA-01
1994-05-15,23.1,50.29,AS-DHA-01
1994-05-16,10.1,50.29,AS-DHA-01
1994-05-17,4.7,50.29,AS-DHA-01
1994-05-18,0.0,50.29,AS-DHA-01
1994-05-19,0.0,50.29,AS-DHA-01
1994-05-20,0.0,50.29,AS-DHA-01
1994-05-21,3.8,50.29,AS-DHA-01
1994-05-22,32.6,50.29,AS-DHA-01
1994-05-23,6.9,50.29,AS-DHA-01
1994-05-24,27.9,50.29,AS-DHA-01
1994-05-25,32.2,50.29,AS-DHA-01
1994-05-26,52.1,50.29,AS-DHA-01
1994-05-27,34.5,50.29,AS-DHA-01
1994-05-28,42.1,50.29,AS-DHA-01
1994-05-29,55.5,50.29,AS-DHA-01
1994-05-30,24.5,50.29,AS-DHA-01
1994-05-31,74.2,50.29,AS-DHA-01
1994-06-01,80.5,50.29,AS-DHA-01
1994-06-02,13.7,50.29,AS-DHA-01
1994-06-03,30.9,50.29,AS-DHA-01
1994-06-04,14.2,50.29,AS-DHA-01
1994-06-05,6.3,50.29,AS-DHA-01
1994-06-06,19.7,50.29,AS-DHA-01
1994-06-07,7.0,50.29,AS-DHA-01
1994-06-08,3.6,50.29,AS-DHA-01
1994-06-09,15.6,50.29,AS-DHA-01
1994-06-10,41.4,50.29,AS-DHA-01
1994-06-11,55.5,50.29,AS-DHA-01
1994-06-12,66.5,50.29,AS-DHA-01
1994-06-13,26.3,50.29,AS-DHA-01
1994-06-14,32.4,50.29,AS-DHA-01
1994-06-15,35.7,50.29,AS-DHA-01
1994-06-16,16.9,50.29,AS-DHA-01
1994-06-17,18.1,50.29,AS-DHA-01
1994-06-18,32.6,50.29,AS-DHA-01
1994-06-19,44.0,50.29,AS-DHA-01
1994-06-20,52.7,50.29,AS-DHA-01
1994-06-21,64.2,50.29,AS-DHA-01
1994-06-22,22.8,50.29,AS-DHA-01
1994-06-23,46.7,50.29,AS-DHA-01
1994-06-24,26.2,50.29,AS-DHA-01
1994-06-25,4.2,50.29,AS-DHA-01
1994-06-26,16.5,50.29,AS-DHA-01
1994-06-27,46.5,50.29,AS-DHA-01
1994-06-28,27.3,50.29,AS-DHA-01
1994-06-29,19.6,50.29,AS-DHA-01
1994-06-30,60.4,50.29,AS-DHA-01
1994-07-01,19.1,50.29,AS-DHA-01
1994-07-02,24.4,50.29,AS-DHA-01
1994-07-03,9.5,50.29,AS-DHA-01
1994-07-04,7.8,50.29,AS-DHA-01
1994-07-05,14.2,50.29,AS-DHA-01
1994-07-06,10.5,50.29,AS-DHA-01
1994-07-07,12.8,50.29,AS-DHA-01
1994-07-08,22.9,50.29,AS-DHA-01
1994-07-09,26.5,50.29,AS-DHA-01
1994-07-10,18.4,50.29,AS-DHA-01
1994-07-11,31.1,50.29,AS-DHA-01
1994-07-12,13.2,50.29,AS-DHA-01
1994-07-13,9.2,50.29,AS-DHA-01
1994-07-14,2.5,50.29,AS-DHA-01
1994-07-15,8.5,50.29,AS-DHA-01
1994-07-16,15.9,50.29,AS-DHA-01
1994-07-17,43.1,50.29,AS-DHA-01
1994-07-18,43.2,50.29,AS-DHA-01
1994-07-19,42.8,50.29,AS-DHA-01
1994-07-20,51.8,50.29,AS-DHA-01
1994-07-21,29.0,50.29,AS-DHA-01
1994-07-22,8.2,50.29,AS-DHA-01
1994-07-23,8.4,50.29,AS-DHA-01
1994-07-24,26.6,50.29,AS-DHA-01
1994-07-25,8.1,50.29,AS-DHA-01
1994-07-26,24.5,50.29,AS-DHA-01
1994-07-27,31.7,50.29,AS-DHA-01
1994-07-28,32.3,50.29,AS-DHA-01
1994-07-29,12.1,50.29,AS-DHA-01
1994-07-30,1.3,50.29,AS-DHA-01
1994-07-31,0.9,50.29,AS-DHA-01
1994-08-01,5.6,50.29,AS-DHA-01
1994-08-02,20.5,50.29,AS-DHA-01
1994-08-03,47.4,50.29,AS-DHA-01
1994-08-04,30.4,50.29,AS-DHA-01
1994-08-05,15.9,50.29,AS-DHA-01
1994-08-06,10.8,50.29,AS-DHA-01
1994-08-07,11.2,50.29,AS-DHA-01
1994-08-08,11.1,50.29,AS-DHA-01
1994-08-09,32.8,50.29,AS-DHA-01
1994-08-10,21.6,50.29,AS-DHA-01
1994-08-11,19.1,50.29,AS-DHA-01
1994-08-12,20.2,50.29,AS-DHA-01
1994-08-13,58.1,50.29,AS-DHA-01
1994-08-14,35.2,50.29,AS-DHA-01
1994-08-15,2.9,50.29,AS-DHA-01
1994-08-16,0.0,50.29,AS-DHA-01
1994-08-17,25.1,50.29,AS-DHA-01
1994-08-18,8.9,50.29,AS-DHA-01
1994-08-19,21.3,50.29,AS-DHA-01
1994-08-20,14.1,50.29,AS-DHA-01
1994-08-21,47.5,50.29,AS-DHA-01
1994-08-22,30.9,50.29,AS-DHA-01
1994-08-23,11.7,50.29,AS-DHA-01
1994-08-24,11.4,50.29,AS-DHA-01
1994-08-25,14.8,50.29,AS-DHA-01
1994-08-26,7.2,50.29,AS-DHA-01
1994-08-27,1.7,50.29,AS-DHA-01
1994-08-28,36.7,50.29,AS-DHA-01
1994-08-29,22.8,50.29,AS-DHA-01
1994-08-30,9.5,50.29,AS-DHA-01
1994-08-31,0.3,50.29,AS-DHA-01
1994-09-01,19.6,50.29,AS-DHA-01
1994-09-02,27.0,50.29,AS-DHA-01
1994-09-03,7.4,50.29,AS-DHA-01
1994-09-04,20.2,50.29,AS-DHA-01
1994-09-05,12.0,50.29,AS-DHA-01
1994-09-06,4.3,50.29,AS-DHA-01
1994-09-07,18.3,50.29,AS-DHA-01
1994-09-08,23.5,50.29,AS-DHA-01
1994-09-09,13.9,50.29,AS-DHA-01
1994-09-10,16.1,50.29,AS-DHA-01
1994-09-11,15.3,50.29,AS-DHA-01
1994-09-12,23.2,50.29,AS-DHA-01
1994-09-13,28.0,50.29,AS-DHA-01
1994-09-14,14.7,50.29,AS-DHA-01
1994-09-15,13.5,50.29,AS-DHA-01
1994-09-16,26.8,50.29,AS-DHA-01
1994-09-17,33.4,50.29,AS-DHA-01
1994-09-18,17.5,50.29,AS-DHA-01
1994-09-19,19.5,50.29,AS-DHA-01
1994-09-20,18.4,50.29,AS-DHA-01
1994-09-21,22.4,50.29,AS-DHA-01
1994-09-22,11.6,50.29,AS-DHA-01
1994-09-23,9.5,50.29,AS-DHA-01
1994-09-24,7.2,50.29,AS-DHA-01
1994-09-25,3.6,50.29,AS-DHA-01
1994-09-26,2.1,50.29,AS-DHA-01
1994-09-27,8.0,50.29,AS-DHA-01
1994-09-28,0.0,50.29,AS-DHA-01
1994-09-29,1.2,50.29,AS-DHA-01
1994-09-30,13.9,50.29,AS-DHA-01
1994-10-01,7.7,50.29,AS-DHA-01
1994-10-02,12.7,50.29,AS-DHA-01
1994-10-03,9.3,50.29,AS-DHA-01
1994-10-04,22.3,50.29,AS-DHA-01
1994-10-05,16.5,50.29,AS-DHA-01
1994-10-06,7.6,50.29,AS-DHA-01
1994-10-07,17.5,50.29,AS-DHA-01
1994-10-08,20.0,50.29,AS-DHA-01
1994-10-09,42.3,50.29,AS-DHA-01
1994-10-10,26.2,50.29,AS-DHA-01
1994-10-11,4.5,50.29,AS-DHA-01
1994-10-12,6.0,50.29,AS-DHA-01
1994-10-13,6.0,50.29,AS-DHA-01
1994-10-14,2.5,50.29,AS-DHA-01
1994-10-15,1.1,50.29,AS-DHA-01
1994-10-16,0.4,50.29,AS-DHA-01
1994-10-17,0.0,50.29,AS-DHA-01
1994-10-18,0.0,50.29,AS-DHA-01
1994-10-19,0.0,50.29,AS-DHA-01
1994-10-20,0.0,50.29,AS-DHA-01
1994-10-21,0.0,50.29,AS-DHA-01
1994-10-22,0.0,50.29,AS-DHA-01
1994-10-23,0.0,50.29,AS-DHA-01
1994-10-24,0.0,50.29,AS-DHA-01
1994-10-25,0.0,50.29,AS-DHA-01
1994-10-26,0.0,50.29,AS-DHA-01
1994-10-27,0.0,50.29,AS-DHA-01
1994-10-28,0.3,50.29,AS-DHA-01
1994-10-29,0.0,50.29,AS-DHA-01
1994-10-30,0.0,50.29,AS-DHA-01
1994-10-31,0.0,50.29,AS-DHA-01
1994-11-01,0.0,50.29,AS-DHA-01
1994-11-02,0.8,50.29,AS-DHA-01
1994-11-03,0.1,50.29,AS-DHA-01
1994-11-04,0.0,50.29,AS-DHA-01
1994-11-05,0.0,50.29,AS-DHA-01
1994-11-06,0.0,50.29,AS-DHA-01
1994-11-07,0.0,50.29,AS-DHA-01
1994-11-08,0.0,50.29,AS-DHA-01
1994-11-09,0.0,50.29,AS-DHA-01
1994-11-10,0.6,50.29,AS-DHA-01
1994-11-11,5.6,50.29,AS-DHA-01
1994-11-12,6.2,50.29,AS-DHA-01
1994-11-13,0.3,50.29,AS-DHA-01
1994-11-14,0.0,50.29,AS-DHA-01
1994-11-15,0.0,50.29,AS-DHA-01
1994-11-16,0.0,50.29,AS-DHA-01
1994-11-17,0.0,50.29,AS-DHA-01
1994-11-18,0.0,50.29,AS-DHA-01
1994-11-19,0.0,50.29,AS-DHA-01
1994-11-20,0.0,50.29,AS-DHA-01
1994-11-21,0.0,50.29,AS-DHA-01
1994-11-22,0.0,50.29,AS-DHA-01
1994-11-23,0.0,50.29,AS-DHA-01
1994-11-24,0.0,50.29,AS-DHA-01
1994-11-25,0.1,50.29,AS-DHA-01
1994-11-26,0.0,50.29,AS-DHA-01
1994-11-27,0.0,50.29,AS-DHA-01
1994-11-28,4.8,50.29,AS-DHA-01
1994-11-29,6.6,50.29,AS-DHA-01
1994-11-30,1.9,50.29,AS-DHA-01
1994-12-01,0.0,50.29,AS-DHA-01
1994-12-02,0.0,50.29,AS-DHA-01
1994-12-03,0.0,50.29,AS-DHA-01
1994-12-04,0.0,50.29,AS-DHA-01
1994-12-05,0.0,50.29,AS-DHA-01
1994-12-06,0.0,50.29,AS-DHA-01
1994-12-07,0.0,50.29,AS-DHA-01
1994-12-08,0.2,50.29,AS-DHA-01
1994-12-09,0.6,50.29,AS-DHA-01
1994-12-10,4.1,50.29,AS-DHA-01
1994-12-11,5.1,50.29,AS-DHA-01
1994-12-12,0.0,50.29,AS-DHA-01
1994-12-13,0.0,50.29,AS-DHA-01
1994-12-14,0.0,50.29,AS-DHA-01
1994-12-15,0.0,50.29,AS-DHA-01
1994-12-16,0.0,50.29,AS-DHA-01
1994-12-17,0.0,50.29,AS-DHA-01
1994-12-18,0.0,50.29,AS-DHA-01
1994-12-19,0.0,50.29,AS-DHA-01
1994-12-20,0.0,50.29,AS-DHA-01
1994-12-21,0.0,50.29,AS-DHA-01
1994-12-22,0.0,50.29,AS-DHA-01
1994-12-23,0.0,50.29,AS-DHA-01
1994-12-24,0.0,50.29,AS-DHA-01
1994-12-25,0.0,50.29,AS-DHA-01
1994-12-26,0.0,50.29,AS-DHA-01
1994-12-27,0.0,50.29,AS-DHA-01
1994-12-28,0.0,50.29,AS-DHA-01
1994-12-29,0.0,50.29,AS-DHA-01
1994-12-30,0.0,50.29,AS-DHA-01
1994-12-31,6.8,50.29,AS-DHA-01
1995-01-01,1.5,50.29,AS-DHA-01
1995-01-02,0.0,50.29,AS-DHA-01
1995-01-03,0.0,50.29,AS-DHA-01
1995-01-04,0.0,50.29,AS-DHA-01
1995-01-05,0.0,50.29,AS-DHA-01
1995-01-06,0.0,50.29,AS-DHA-01
1995-01-07,0.0,50.29,AS-DHA-01
1995-01-08,0.0,50.29,AS-DHA-01
1995-01-09,0.0,50.29,AS-DHA-01
1995-01-10,0.0,50.29,AS-DHA-01
1995-01-11,0.0,50.29,AS-DHA-01
1995-01-12,0.8,50.29,AS-DHA-01
1995-01-13,11.0,50.29,AS-DHA-01
1995-01-14,0.3,50.29,AS-DHA-01
1995-01-15,0.0,50.29,AS-DHA-01
1995-01-16,0.0,50.29,AS-DHA-01
1995-01-17,0.0,50.29,AS-DHA-01
1995-01-18,0.3,50.29,AS-DHA-01
1995-01-19,0.0,50.29,AS-DHA-01
1995-01-20,2.0,50.29,AS-DHA-01
1995-01-21,9.8,50.29,AS-DHA-01
1995-01-22,2.4,50.29,AS-DHA-01
1995-01-23,0.0,50.29,AS-DHA-01
1995-01-24,0.0,50.29,AS-DHA-01
1995-01-25,0.0,50.29,AS-DHA-01
1995-01-26,0.0,50.29,AS-DHA-01
1995-01-27,0.0,50.29,AS-DHA-01
1995-01-28,0.0,50.29,AS-DHA-01
1995-01-29,0.0,50.29,AS-DHA-01
1995-01-30,0.0,50.29,AS-DHA-01
1995-01-31,0.0,50.29,AS-DHA-01
1995-02-01,0.0,50.29,AS-DHA-01
1995-02-02,0.0,50.29,AS-DHA-01
1995-02-03,0.0,50.29,AS-DHA-01
1995-02-04,0.0,50.29,AS-DHA-01
1995-02-05,6.2,50.29,AS-DHA-01
1995-02-06,7.9,50.29,AS-DHA-01
1995-02-07,0.0,50.29,AS-DHA-01
1995-02-08,0.8,50.29,AS-DHA-01
1995-02-09,0.0,50.29,AS-DHA-01
1995-02-10,0.0,50.29,AS-DHA-01
1995-02-11,0.0,50.29,AS-DHA-01
1995-02-12,1.8,50.29,AS-DHA-01
1995-02-13,0.9,50.29,AS-DHA-01
1995-02-14,0.0,50.29,AS-DHA-01
1995-02-15,16.7,50.29,AS-DHA-01
1995-02-16,4.6,50.29,AS-DHA-01
1995-02-17,1.7,50.29,AS-DHA-01
1995-02-18,16.6,50.29,AS-DHA-01
1995-02-19,4.5,50.29,AS-DHA-01
1995-02-20,5.1,50.29,AS-DHA-01
1995-02-21,5.9,50.29,AS-DHA-01
1995-02-22,0.6,50.29,AS-DHA-01
1995-02-23,19.0,50.29,AS-DHA-01
1995-02-24,6.3,50.29,AS-DHA-01
1995-02-25,4.3,50.29,AS-DHA-01
1995-02-26,0.0,50.29,AS-DHA-01
1995-02-27,3.7,50.29,AS-DHA-01
1995-02-28,4.9,50.29,AS-DHA-01
1995-03-01,5.1,50.29,AS-DHA-01
1995-03-02,2.9,50.29,AS-DHA-01
1995-03-03,1.5,50.29,AS-DHA-01
1995-03-04,0.0,50.29,AS-DHA-01
1995-03-05,0.1,50.29,AS-DHA-01
1995-03-06,0.0,50.29,AS-DHA-01
1995-03-07,1.1,50.29,AS-DHA-01
1995-03-08,0.0,50.29,AS-DHA-01
1995-03-09,1.2,50.29,AS-DHA-01
1995-03-10,0.1,50.29,AS-DHA-01
1995-03-11,0.0,50.29,AS-DHA-01
1995-03-12,0.4,50.29,AS-DHA-01
1995-03-13,0.0,50.29,AS-DHA-01
1995-03-14,0.0,50.29,AS-DHA-01
1995-03-15,0.0,50.29,AS-DHA-01
1995-03-16,0.0,50.29,AS-DHA-01
1995-03-17,0.1,50.29,AS-DHA-01
1995-03-18,1.2,50.29,AS-DHA-01
1995-03-19,0.0,50.29,AS-DHA-01
1995-03-20,0.2,50.29,AS-DHA-01
1995-03-21,5.8,50.29,AS-DHA-01
1995-03-22,0.0,50.29,AS-DHA-01
1995-03-23,0.0,50.29,AS-DHA-01
1995-03-24,0.0,50.29,AS-DHA-01
1995-03-25,1.1,50.29,AS-DHA-01
1995-03-26,2.6,50.29,AS-DHA-01
1995-03-27,26.5,50.29,AS-DHA-01
1995-03-28,66.2,50.29,AS-DHA-01
1995-03-29,24.7,50.29,AS-DHA-01
1995-03-30,17.8,50.29,AS-DHA-01
1995-03-31,7.8,50.29,AS-DHA-01
1995-04-01,3.1,50.29,AS-DHA-01
1995-04-02,0.8,50.29,AS-DHA-01
1995-04-03,0.4,50.29,AS-DHA-01
1995-04-04,0.0,50.29,AS-DHA-01
1995-04-05,5.3,50.29,AS-DHA-01
1995-04-06,2.8,50.29,AS-DHA-01
1995-04-07,26.4,50.29,AS-DHA-01
1995-04-08,15.8,50.29,AS-DHA-01
1995-04-09,19.9,50.29,AS-DHA-01
1995-04-10,0.6,50.29,AS-DHA-01
1995-04-11,33.1,50.29,AS-DHA-01
1995-04-12,6.7,50.29,AS-DHA-01
1995-04-13,4.3,50.29,AS-DHA-01
1995-04-14,18.4,50.29,AS-DHA-01
1995-04-15,14.4,50.29,AS-DHA-01
1995-04-16,24.3,50.29,AS-DHA-01
1995-04-17,1.9,50.29,AS-DHA-01
1995-04-18,16.5,50.29,AS-DHA-01
1995-04-19,6.0,50.29,AS-DHA-01
1995-04-20,16.3,50.29,AS-DHA-01
1995-04-21,4.1,50.29,AS-DHA-01
1995-04-22,0.1,50.29,AS-DHA-01
1995-04-23,14.9,50.29,AS-DHA-01
1995-04-24,21.5,50.29,AS-DHA-01
1995-04-25,27.5,50.29,AS-DHA-01
1995-04-26,29.7,50.29,AS-DHA-01
1995-04-27,67.5,50.29,AS-DHA-01
1995-04-28,49.8,50.29,AS-DHA-01
1995-04-29,9.6,50.29,AS-DHA-01
1995-04-30,49.7,50.29,AS-DHA-01
1995-05-01,65.5,50.29,AS-DHA-01
1995-05-02,42.1,50.29,AS-DHA-01
1995-05-03,25.9,50.29,AS-DHA-01
1995-05-04,9.7,50.29,AS-DHA-01
1995-05-05,23.9,50.29,AS-DHA-01
1995-05-06,17.5,50.29,AS-DHA-01
1995-05-07,15.4,50.29,AS-DHA-01
1995-05-08,0.4,50.29,AS-DHA-01
1995-05-09,0.9,50.29,AS-DHA-01
1995-05-10,15.6,50.29,AS-DHA-01
1995-05-11,8.5,50.29,AS-DHA-01
1995-05-12,21.6,50.29,AS-DHA-01
1995-05-13,37.8,50.29,AS-DHA-01
1995-05-14,57.1,50.29,AS-DHA-01
1995-05-15,44.5,50.29,AS-DHA-01
1995-05-16,25.9,50.29,AS-DHA-01
1995-05-17,112.0,50.29,AS-DHA-01
1995-05-18,16.0,50.29,AS-DHA-01
1995-05-19,2.4,50.29,AS-DHA-01
1995-05-20,4.9,50.29,AS-DHA-01
1995-05-21,5.4,50.29,AS-DHA-01
1995-05-22,15.9,50.29,AS-DHA-01
1995-05-23,10.2,50.29,AS-DHA-01
1995-05-24,17.8,50.29,AS-DHA-01
1995-05-25,15.0,50.29,AS-DHA-01
1995-05-26,9.7,50.29,AS-DHA-01
1995-05-27,9.5,50.29,AS-DHA-01
1995-05-28,24.5,50.29,AS-DHA-01
1995-05-29,50.2,50.29,AS-DHA-01
1995-05-30,42.9,50.29,AS-DHA-01
1995-05-31,19.8,50.29,AS-DHA-01
1995-06-01,14.0,50.29,AS-DHA-01
1995-06-02,19.0,50.29,AS-DHA-01
1995-06-03,21.7,50.29,AS-DHA-01
1995-06-04,18.5,50.29,AS-DHA-01
1995-06-05,30.5,50.29,AS-DHA-01
1995-06-06,37.4,50.29,AS-DHA-01
1995-06-07,21.0,50.29,AS-DHA-01
1995-06-08,35.7,50.29,AS-DHA-01
1995-06-09,0.9,50.29,AS-DHA-01
1995-06-10,2.8,50.29,AS-DHA-01
1995-06-11,16.6,50.29,AS-DHA-01
1995-06-12,38.2,50.29,AS-DHA-01
1995-06-13,59.8,50.29,AS-DHA-01
1995-06-14,26.9,50.29,AS-DHA-01
1995-06-15,66.2,50.29,AS-DHA-01
1995-06-16,50.4,50.29,AS-DHA-01
1995-06-17,47.5,50.29,AS-DHA-01
1995-06-18,16.4,50.29,AS-DHA-01
1995-06-19,21.2,50.29,AS-DHA-01
1995-06-20,63.9,50.29,AS-DHA-01
1995-06-21,49.0,50.29,AS-DHA-01
1995-06-22,60.4,50.29,AS-DHA-01
1995-06-23,57.4,50.29,AS-DHA-01
1995-06-24,23.9,50.29,AS-DHA-01
1995-06-25,28.9,50.29,AS-DHA-01
1995-06-26,19.4,50.29,AS-DHA-01
1995-06-27,28.8,50.29,AS-DHA-01
1995-06-28,27.2,50.29,AS-DHA-01
1995-06-29,41.4,50.29,AS-DHA-01
1995-06-30,49.8,50.29,AS-DHA-01
1995-07-01,124.8,50.29,AS-DHA-01
1995-07-02,42.2,50.29,AS-DHA-01
1995-07-03,25.3,50.29,AS-DHA-01
1995-07-04,35.3,50.29,AS-DHA-01
1995-07-05,61.2,50.29,AS-DHA-01
1995-07-06,97.8,50.29,AS-DHA-01
1995-07-07,40.0,50.29,AS-DHA-01
1995-07-08,38.8,50.29,AS-DHA-01
1995-07-09,25.2,50.29,AS-DHA-01
1995-07-10,45.5,50.29,AS-DHA-01
1995-07-11,74.2,50.29,AS-DHA-01
1995-07-12,21.2,50.29,AS-DHA-01
1995-07-13,36.4,50.29,AS-DHA-01
1995-07-14,22.1,50.29,AS-DHA-01
1995-07-15,21.9,50.29,AS-DHA-01
1995-07-16,30.9,50.29,AS-DHA-01
1995-07-17,22.2,50.29,AS-DHA-01
1995-07-18,18.2,50.29,AS-DHA-01
1995-07-19,1.0,50.29,AS-DHA-01
1995-07-20,35.7,50.29,AS-DHA-01
1995-07-21,53.3,50.29,AS-DHA-01
1995-07-22,22.5,50.29,AS-DHA-01
1995-07-23,39.9,50.29,AS-DHA-01
1995-07-24,16.7,50.29,AS-DHA-01
1995-07-25,7.7,50.29,AS-DHA-01
1995-07-26,25.0,50.29,AS-DHA-01
1995-07-27,42.8,50.29,AS-DHA-01
1995-07-28,21.7,50.29,AS-DHA-01
1995-07-29,10.6,50.29,AS-DHA-01
1995-07-30,22.1,50.29,AS-DHA-01
1995-07-31,14.9,50.29,AS-DHA-01
1995-08-01,6.4,50.29,AS-DHA-01
1995-08-02,55.2,50.29,AS-DHA-01
1995-08-03,14.3,50.29,AS-DHA-01
1995-08-04,17.5,50.29,AS-DHA-01
1995-08-05,20.2,50.29,AS-DHA-01
1995-08-06,25.4,50.29,AS-DHA-01
1995-08-07,5.2,50.29,AS-DHA-01
1995-08-08,55.3,50.29,AS-DHA-01
1995-08-09,39.6,50.29,AS-DHA-01
1995-08-10,26.6,50.29,AS-DHA-01
1995-08-11,32.5,50.29,AS-DHA-01
1995-08-12,153.4,50.29,AS-DHA-01
1995-08-13,143.7,50.29,AS-DHA-01
1995-08-14,18.6,50.29,AS-DHA-01
1995-08-15,5.3,50.29,AS-DHA-01
1995-08-16,7.7,50.29,AS-DHA-01
1995-08-17,14.4,50.29,AS-DHA-01
1995-08-18,7.1,50.29,AS-DHA-01
1995-08-19,13.7,50.29,AS-DHA-01
1995-08-20,14.9,50.29,AS-DHA-01
1995-08-21,19.2,50.29,AS-DHA-01
1995-08-22,15.9,50.29,AS-DHA-01
1995-08-23,13.9,50.29,AS-DHA-01
1995-08-24,21.3,50.29,AS-DHA-01
1995-08-25,23.4,50.29,AS-DHA-01
1995-08-26,9.0,50.29,AS-DHA-01
1995-08-27,5.9,50.29,AS-DHA-01
1995-08-28,13.7,50.29,AS-DHA-01
1995-08-29,12.5,50.29,AS-DHA-01
1995-08-30,11.9,50.29,AS-DHA-01
1995-08-31,15.7,50.29,AS-DHA-01
1995-09-01,10.1,50.29,AS-DHA-01
1995-09-02,26.5,50.29,AS-DHA-01
1995-09-03,34.1,50.29,AS-DHA-01
1995-09-04,40.0,50.29,AS-DHA-01
1995-09-05,33.9,50.29,AS-DHA-01
1995-09-06,34.7,50.29,AS-DHA-01
1995-09-07,16.8,50.29,AS-DHA-01
1995-09-08,27.0,50.29,AS-DHA-01
1995-09-09,30.2,50.29,AS-DHA-01
1995-09-10,14.0,50.29,AS-DHA-01
1995-09-11,8.5,50.29,AS-DHA-01
1995-09-12,11.7,50.29,AS-DHA-01
1995-09-13,12.4,50.29,AS-DHA-01
1995-09-14,0.1,50.29,AS-DHA-01
1995-09-15,4.6,50.29,AS-DHA-01
1995-09-16,14.3,50.29,AS-DHA-01
1995-09-17,22.2,50.29,AS-DHA-01
1995-09-18,28.4,50.29,AS-DHA-01
1995-09-19,23.0,50.29,AS-DHA-01
1995-09-20,55.0,50.29,AS-DHA-01
1995-09-21,42.8,50.29,AS-DHA-01
1995-09-22,53.1,50.29,AS-DHA-01
1995-09-23,65.6,50.29,AS-DHA-01
1995-09-24,22.8,50.29,AS-DHA-01
1995-09-25,18.3,50.29,AS-DHA-01
1995-09-26,38.2,50.29,AS-DHA-01
1995-09-27,3.9,50.29,AS-DHA-01
1995-09-28,4.7,50.29,AS-DHA-01
1995-09-29,3.3,50.29,AS-DHA-01
1995-09-30,21.1,50.29,AS-DHA-01
1995-10-01,7.8,50.29,AS-DHA-01
1995-10-02,0.8,50.29,AS-DHA-01
1995-10-03,7.9,50.29,AS-DHA-01
1995-10-04,20.9,50.29,AS-DHA-01
1995-10-05,13.5,50.29,AS-DHA-01
1995-10-06,11.4,50.29,AS-DHA-01
1995-10-07,8.5,50.29,AS-DHA-01
1995-10-08,3.6,50.29,AS-DHA-01
1995-10-09,3.1,50.29,AS-DHA-01
1995-10-10,4.6,50.29,AS-DHA-01
1995-10-11,7.8,50.29,AS-DHA-01
1995-10-12,0.8,50.29,AS-DHA-01
1995-10-13,0.0,50.29,AS-DHA-01
1995-10-14,0.4,50.29,AS-DHA-01
1995-10-15,0.0,50.29,AS-DHA-01
1995-10-16,0.0,50.29,AS-DHA-01
1995-10-17,2.0,50.29,AS-DHA-01
1995-10-18,18.4,50.29,AS-DHA-01
1995-10-19,8.5,50.29,AS-DHA-01
1995-10-20,1.0,50.29,AS-DHA-01
1995-10-21,3.8,50.29,AS-DHA-01
1995-10-22,0.9,50.29,AS-DHA-01
1995-10-23,0.0,50.29,AS-DHA-01
1995-10-24,0.0,50.29,AS-DHA-01
1995-10-25,0.0,50.29,AS-DHA-01
1995-10-26,0.0,50.29,AS-DHA-01
1995-10-27,0.0,50.29,AS-DHA-01
1995-10-28,0.0,50.29,AS-DHA-01
1995-10-29,0.0,50.29,AS-DHA-01
1995-10-30,0.0,50.29,AS-DHA-01
1995-10-31,0.0,50.29,AS-DHA-01
1995-11-01,0.2,50.29,AS-DHA-01
1995-11-02,5.0,50.29,AS-DHA-01
1995-11-03,0.3,50.29,AS-DHA-01
1995-11-04,0.1,50.29,AS-DHA-01
1995-11-05,0.0,50.29,AS-DHA-01
1995-11-06,0.0,50.29,AS-DHA-01
1995-11-07,0.0,50.29,AS-DHA-01
1995-11-08,0.0,50.29,AS-DHA-01
1995-11-09,4.5,50.29,AS-DHA-01
1995-11-10,45.4,50.29,AS-DHA-01
1995-11-11,12.7,50.29,AS-DHA-01
1995-11-12,12.4,50.29,AS-DHA-01
1995-11-13,0.0,50.29,AS-DHA-01
1995-11-14,0.0,50.29,AS-DHA-01
1995-11-15,0.0,50.29,AS-DHA-01
1995-11-16,0.4,50.29,AS-DHA-01
1995-11-17,0.2,50.29,AS-DHA-01
1995-11-18,0.0,50.29,AS-DHA-01
1995-11-19,1.3,50.29,AS-DHA-01
1995-11-20,0.2,50.29,AS-DHA-01
1995-11-21,0.1,50.29,AS-DHA-01
1995-11-22,0.0,50.29,AS-DHA-01
1995-11-23,0.0,50.29,AS-DHA-01
1995-11-24,0.0,50.29,AS-DHA-01
1995-11-25,21.8,50.29,AS-DHA-01
1995-11-26,3.5,50.29,AS-DHA-01
1995-11-27,1.4,50.29,AS-DHA-01
1995-11-28,0.0,50.29,AS-DHA-01
1995-11-29,0.0,50.29,AS-DHA-01
1995-11-30,0.0,50.29,AS-DHA-01
1995-12-01,0.0,50.29,AS-DHA-01
1995-12-02,0.0,50.29,AS-DHA-01
1995-12-03,0.0,50.29,AS-DHA-01
1995-12-04,0.0,50.29,AS-DHA-01
1995-12-05,0.1,50.29,AS-DHA-01
1995-12-06,0.0,50.29,AS-DHA-01
1995-12-07,0.0,50.29,AS-DHA-01
1995-12-08,0.0,50.29,AS-DHA-01
1995-12-09,0.1,50.29,AS-DHA-01
1995-12-10,0.1,50.29,AS-DHA-01
1995-12-11,0.1,50.29,AS-DHA-01
1995-12-12,1.4,50.29,AS-DHA-01
1995-12-13,0.7,50.29,AS-DHA-01
1995-12-14,0.2,50.29,AS-DHA-01
1995-12-15,0.0,50.29,AS-DHA-01
1995-12-16,2.0,50.29,AS-DHA-01
1995-12-17,3.3,50.29,AS-DHA-01
1995-12-18,1.3,50.29,AS-DHA-01
1995-12-19,5.5,50.29,AS-DHA-01
1995-12-20,0.0,50.29,AS-DHA-01
1995-12-21,0.0,50.29,AS-DHA-01
1995-12-22,0.0,50.29,AS-DHA-01
1995-12-23,2.9,50.29,AS-DHA-01
1995-12-24,9.6,50.29,AS-DHA-01
1995-12-25,0.2,50.29,AS-DHA-01
1995-12-26,1.3,50.29,AS-DHA-01
1995-12-27,0.0,50.29,AS-DHA-01
1995-12-28,0.0,50.29,AS-DHA-01
1995-12-29,0.0,50.29,AS-DHA-01
1995-12-30,0.0,50.29,AS-DHA-01
1995-12-31,0.0,50.29,AS-DHA-01
1996-01-01,0.0,50.29,AS-DHA-01
1996-01-02,0.0,50.29,AS-DHA-01
1996-01-03,0.0,50.29,AS-DHA-01
1996-01-04,2.4,50.29,AS-DHA-01
1996-01-05,0.0,50.29,AS-DHA-01
1996-01-06,0.0,50.29,AS-DHA-01
1996-01-07,0.0,50.29,AS-DHA-01
1996-01-08,0.0,50.29,AS-DHA-01
1996-01-09,0.0,50.29,AS-DHA-01
1996-01-10,0.3,50.29,AS-DHA-01
1996-01-11,8.9,50.29,AS-DHA-01
1996-01-12,9.7,50.29,AS-DHA-01
1996-01-13,1.4,50.29,AS-DHA-01
1996-01-14,0.0,50.29,AS-DHA-01
1996-01-15,0.0,50.29,AS-DHA-01
1996-01-16,4.0,50.29,AS-DHA-01
1996-01-17,4.9,50.29,AS-DHA-01
1996-01-18,3.5,50.29,AS-DHA-01
1996-01-19,0.6,50.29,AS-DHA-01
1996-01-20,2.3,50.29,AS-DHA-01
1996-01-21,1.7,50.29,AS-DHA-01
1996-01-22,0.0,50.29,AS-DHA-01
1996-01-23,0.6,50.29,AS-DHA-01
1996-01-24,5.0,50.29,AS-DHA-01
1996-01-25,0.3,50.29,AS-DHA-01
1996-01-26,0.5,50.29,AS-DHA-01
1996-01-27,0.0,50.29,AS-DHA-01
1996-01-28,0.0,50.29,AS-DHA-01
1996-01-29,0.1,50.29,AS-DHA-01
1996-01-30,0.3,50.29,AS-DHA-01
1996-01-31,0.0,50.29,AS-DHA-01
1996-02-01,0.0,50.29,AS-DHA-01
1996-02-02,0.0,50.29,AS-DHA-01
1996-02-03,0.0,50.29,AS-DHA-01
1996-02-04,0.0,50.29,AS-DHA-01
1996-02-05,0.0,50.29,AS-DHA-01
1996-02-06,0.0,50.29,AS-DHA-01
1996-02-07,0.0,50.29,AS-DHA-01
1996-02-08,0.0,50.29,AS-DHA-01
1996-02-09,0.0,50.29,AS-DHA-01
1996-02-10,0.0,50.29,AS-DHA-01
1996-02-11,0.2,50.29,AS-DHA-01
1996-02-12,8.7,50.29,AS-DHA-01
1996-02-13,0.0,50.29,AS-DHA-01
1996-02-14,0.0,50.29,AS-DHA-01
1996-02-15,0.0,50.29,AS-DHA-01
1996-02-16,0.8,50.29,AS-DHA-01
1996-02-17,0.2,50.29,AS-DHA-01
1996-02-18,0.0,50.29,AS-DHA-01
1996-02-19,0.0,50.29,AS-DHA-01
1996-02-20,15.8,50.29,AS-DHA-01
1996-02-21,32.5,50.29,AS-DHA-01
1996-02-22,35.0,50.29,AS-DHA-01
1996-02-23,2.1,50.29,AS-DHA-01
1996-02-24,7.1,50.29,AS-DHA-01
1996-02-25,13.7,50.29,AS-DHA-01
1996-02-26,13.3,50.29,AS-DHA-01
1996-02-27,5.0,50.29,AS-DHA-01
1996-02-28,3.9,50.29,AS-DHA-01
1996-02-29,0.9,50.29,AS-DHA-01
1996-03-01,0.0,50.29,AS-DHA-01
1996-03-02,0.0,50.29,AS-DHA-01
1996-03-03,0.0,50.29,AS-DHA-01
1996-03-04,0.0,50.29,AS-DHA-01
1996-03-05,0.0,50.29,AS-DHA-01
1996-03-06,2.8,50.29,AS-DHA-01
1996-03-07,23.4,50.29,AS-DHA-01
1996-03-08,33.1,50.29,AS-DHA-01
1996-03-09,0.8,50.29,AS-DHA-01
1996-03-10,3.6,50.29,AS-DHA-01
1996-03-11,16.0,50.29,AS-DHA-01
1996-03-12,29.3,50.29,AS-DHA-01
1996-03-13,82.0,50.29,AS-DHA-01
1996-03-14,21.5,50.29,AS-DHA-01
1996-03-15,24.2,50.29,AS-DHA-01
1996-03-16,20.8,50.29,AS-DHA-01
1996-03-17,4.9,50.29,AS-DHA-01
1996-03-18,0.4,50.29,AS-DHA-01
1996-03-19,0.0,50.29,AS-DHA-01
1996-03-20,0.4,50.29,AS-DHA-01
1996-03-21,1.2,50.29,AS-DHA-01
1996-03-22,13.1,50.29,AS-DHA-01
1996-03-23,12.8,50.29,AS-DHA-01
1996-03-24,16.4,50.29,AS-DHA-01
1996-03-25,16.3,50.29,AS-DHA-01
1996-03-26,57.9,50.29,AS-DHA-01
1996-03-27,4.4,50.29,AS-DHA-01
1996-03-28,2.1,50.29,AS-DHA-01
1996-03-29,4.8,50.29,AS-DHA-01
1996-03-30,20.1,50.29,AS-DHA-01
1996-03-31,5.9,50.29,AS-DHA-01
1996-04-01,0.2,50.29,AS-DHA-01
1996-04-02,4.0,50.29,AS-DHA-01
1996-04-03,4.8,50.29,AS-DHA-01
1996-04-04,0.3,50.29,AS-DHA-01
1996-04-05,7.4,50.29,AS-DHA-01
1996-04-06,17.1,50.29,AS-DHA-01
1996-04-07,30.1,50.29,AS-DHA-01
1996-04-08,6.2,50.29,AS-DHA-01
1996-04-09,0.4,50.29,AS-DHA-01
1996-04-10,1.1,50.29,AS-DHA-01
1996-04-11,0.3,50.29,AS-DHA-01
1996-04-12,0.6,50.29,AS-DHA-01
1996-04-13,0.0,50.29,AS-DHA-01
1996-04-14,0.0,50.29,AS-DHA-01
1996-04-15,0.0,50.29,AS-DHA-01
1996-04-16,0.8,50.29,AS-DHA-01
1996-04-17,7.5,50.29,AS-DHA-01
1996-04-18,21.2,50.29,AS-DHA-01
1996-04-19,4.4,50.29,AS-DHA-01
1996-04-20,33.0,50.29,AS-DHA-01
1996-04-21,22.4,50.29,AS-DHA-01
1996-04-22,8.0,50.29,AS-DHA-01
1996-04-23,26.4,50.29,AS-DHA-01
1996-04-24,16.3,50.29,AS-DHA-01
1996-04-25,16.9,50.29,AS-DHA-01
1996-04-26,4.5,50.29,AS-DHA-01
1996-04-27,0.0,50.29,AS-DHA-01
1996-04-28,7.5,50.29,AS-DHA-01
1996-04-29,0.5,50.29,AS-DHA-01
1996-04-30,10.7,50.29,AS-DHA-01
1996-05-01,49.5,50.29,AS-DHA-01
1996-05-02,38.2,50.29,AS-DHA-01
1996-05-03,4.3,50.29,AS-DHA-01
1996-05-04,10.1,50.29,AS-DHA-01
1996-05-05,8.8,50.29,AS-DHA-01
1996-05-06,16.8,50.29,AS-DHA-01
1996-05-07,27.1,50.29,AS-DHA-01
1996-05-08,8.1,50.29,AS-DHA-01
1996-05-09,36.2,50.29,AS-DHA-01
1996-05-10,63.2,50.29,AS-DHA-01
1996-05-11,73.3,50.29,AS-DHA-01
1996-05-12,43.3,50.29,AS-DHA-01
1996-05-13,72.3,50.29,AS-DHA-01
1996-05-14,100.2,50.29,AS-DHA-01
1996-05-15,39.4,50.29,AS-DHA-01
1996-05-16,9.2,50.29,AS-DHA-01
1996-05-17,28.6,50.29,AS-DHA-01
1996-05-18,8.3,50.29,AS-DHA-01
1996-05-19,4.2,50.29,AS-DHA-01
1996-05-20,0.0,50.29,AS-DHA-01
1996-05-21,2.9,50.29,AS-DHA-01
1996-05-22,5.4,50.29,AS-DHA-01
1996-05-23,12.1,50.29,AS-DHA-01
1996-05-24,6.2,50.29,AS-DHA-01
1996-05-25,6.1,50.29,AS-DHA-01
1996-05-26,25.7,50.29,AS-DHA-01
1996-05-27,28.2,50.29,AS-DHA-01
1996-05-28,41.4,50.29,AS-DHA-01
1996-05-29,53.6,50.29,AS-DHA-01
1996-05-30,59.1,50.29,AS-DHA-01
1996-05-31,110.0,50.29,AS-DHA-01
1996-06-01,18.8,50.29,AS-DHA-01
1996-06-02,30.8,50.29,AS-DHA-01
1996-06-03,42.5,50.29,AS-DHA-01
1996-06-04,15.1,50.29,AS-DHA-01
1996-06-05,23.1,50.29,AS-DHA-01
1996-06-06,18.0,50.29,AS-DHA-01
1996-06-07,23.8,50.29,AS-DHA-01
1996-06-08,4.9,50.29,AS-DHA-01
1996-06-09,0.0,50.29,AS-DHA-01
1996-06-10,0.0,50.29,AS-DHA-01
1996-06-11,6.7,50.29,AS-DHA-01
1996-06-12,1.0,50.29,AS-DHA-01
1996-06-13,0.3,50.29,AS-DHA-01
1996-06-14,9.8,50.29,AS-DHA-01
1996-06-15,17.0,50.29,AS-DHA-01
1996-06-16,19.3,50.29,AS-DHA-01
1996-06-17,16.3,50.29,AS-DHA-01
1996-06-18,17.3,50.29,AS-DHA-01
1996-06-19,4.1,50.29,AS-DHA-01
1996-06-20,15.6,50.29,AS-DHA-01
1996-06-21,24.1,50.29,AS-DHA-01
1996-06-22,30.5,50.29,AS-DHA-01
1996-06-23,16.6,50.29,AS-DHA-01
1996-06-24,31.0,50.29,AS-DHA-01
1996-06-25,22.7,50.29,AS-DHA-01
1996-06-26,27.6,50.29,AS-DHA-01
1996-06-27,39.4,50.29,AS-DHA-01
1996-06-28,33.3,50.29,AS-DHA-01
1996-06-29,32.7,50.29,AS-DHA-01
1996-06-30,37.7,50.29,AS-DHA-01
1996-07-01,66.0,50.29,AS-DHA-01
1996-07-02,50.0,50.29,AS-DHA-01
1996-07-03,6.5,50.29,AS-DHA-01
1996-07-04,21.3,50.29,AS-DHA-01
1996-07-05,12.2,50.29,AS-DHA-01
1996-07-06,21.9,50.29,AS-DHA-01
1996-07-07,25.1,50.29,AS-DHA-01
1996-07-08,16.8,50.29,AS-DHA-01
1996-07-09,14.2,50.29,AS-DHA-01
1996-07-10,18.1,50.29,AS-DHA-01
1996-07-11,44.1,50.29,AS-DHA-01
1996-07-12,25.3,50.29,AS-DHA-01
1996-07-13,12.2,50.29,AS-DHA-01
1996-07-14,12.5,50.29,AS-DHA-01
1996-07-15,22.1,50.29,AS-DHA-01
1996-07-16,33.9,50.29,AS-DHA-01
1996-07-17,25.6,50.29,AS-DHA-01
1996-07-18,37.7,50.29,AS-DHA-01
1996-07-19,58.3,50.29,AS-DHA-01
1996-07-20,36.8,50.29,AS-DHA-01
1996-07-21,25.5,50.29,AS-DHA-01
1996-07-22,19.5,50.29,AS-DHA-01
1996-07-23,8.4,50.29,AS-DHA-01
1996-07-24,0.1,50.29,AS-DHA-01
1996-07-25,16.6,50.29,AS-DHA-01
1996-07-26,10.1,50.29,AS-DHA-01
1996-07-27,1.7,50.29,AS-DHA-01
1996-07-28,8.9,50.29,AS-DHA-01
1996-07-29,24.3,50.29,AS-DHA-01
1996-07-30,11.4,50.29,AS-DHA-01
1996-07-31,5.1,50.29,AS-DHA-01
1996-08-01,0.7,50.29,AS-DHA-01
1996-08-02,29.0,50.29,AS-DHA-01
1996-08-03,24.0,50.29,AS-DHA-01
1996-08-04,25.3,50.29,AS-DHA-01
1996-08-05,35.8,50.29,AS-DHA-01
1996-08-06,28.6,50.29,AS-DHA-01
1996-08-07,24.5,50.29,AS-DHA-01
1996-08-08,50.7,50.29,AS-DHA-01
1996-08-09,14.0,50.29,AS-DHA-01
1996-08-10,38.0,50.29,AS-DHA-01
1996-08-11,30.5,50.29,AS-DHA-01
1996-08-12,79.7,50.29,AS-DHA-01
1996-08-13,14.5,50.29,AS-DHA-01
1996-08-14,2.2,50.29,AS-DHA-01
1996-08-15,12.0,50.29,AS-DHA-01
1996-08-16,21.7,50.29,AS-DHA-01
1996-08-17,57.2,50.29,AS-DHA-01
1996-08-18,14.4,50.29,AS-DHA-01
1996-08-19,14.2,50.29,AS-DHA-01
1996-08-20,22.1,50.29,AS-DHA-01
1996-08-21,20.7,50.29,AS-DHA-01
1996-08-22,18.9,50.29,AS-DHA-01
1996-08-23,1.8,50.29,AS-DHA-01
1996-08-24,0.2,50.29,AS-DHA-01
1996-08-25,0.6,50.29,AS-DHA-01
1996-08-26,1.7,50.29,AS-DHA-01
1996-08-27,25.8,50.29,AS-DHA-01
1996-08-28,38.0,50.29,AS-DHA-01
1996-08-29,50.9,50.29,AS-DHA-01
1996-08-30,83.1,50.29,AS-DHA-01
1996-08-31,28.0,50.29,AS-DHA-01
1996-09-01,31.6,50.29,AS-DHA-01
1996-09-02,33.1,50.29,AS-DHA-01
1996-09-03,13.7,50.29,AS-DHA-01
1996-09-04,28.0,50.29,AS-DHA-01
1996-09-05,40.8,50.29,AS-DHA-01
1996-09-06,25.7,50.29,AS-DHA-01
1996-09-07,17.8,50.29,AS-DHA-01
1996-09-08,11.8,50.29,AS-DHA-01
1996-09-09,0.0,50.29,AS-DHA-01
1996-09-10,10.4,50.29,AS-DHA-01
1996-09-11,12.3,50.29,AS-DHA-01
1996-09-12,1.0,50.29,AS-DHA-01
1996-09-13,2.7,50.29,AS-DHA-01
1996-09-14,0.3,50.29,AS-DHA-01
1996-09-15,0.0,50.29,AS-DHA-01
1996-09-16,11.2,50.29,AS-DHA-01
1996-09-17,17.7,50.29,AS-DHA-01
1996-09-18,13.0,50.29,AS-DHA-01
1996-09-19,33.2,50.29,AS-DHA-01
1996-09-20,30.8,50.29,AS-DHA-01
1996-09-21,49.4,50.29,AS-DHA-01
1996-09-22,48.8,50.29,AS-DHA-01
1996-09-23,16.5,50.29,AS-DHA-01
1996-09-24,2.6,50.29,AS-DHA-01
1996-09-25,10.6,50.29,AS-DHA-01
1996-09-26,4.5,50.29,AS-DHA-01
1996-09-27,44.6,50.29,AS-DHA-01
1996-09-28,16.1,50.29,AS-DHA-01
1996-09-29,6.0,50.29,AS-DHA-01
1996-09-30,13.8,50.29,AS-DHA-01
1996-10-01,6.2,50.29,AS-DHA-01
1996-10-02,32.8,50.29,AS-DHA-01
1996-10-03,26.6,50.29,AS-DHA-01
1996-10-04,23.3,50.29,AS-DHA-01
1996-10-05,22.2,50.29,AS-DHA-01
1996-10-06,15.2,50.29,AS-DHA-01
1996-10-07,15.0,50.29,AS-DHA-01
1996-10-08,2.5,50.29,AS-DHA-01
1996-10-09,8.2,50.29,AS-DHA-01
1996-10-10,4.1,50.29,AS-DHA-01
1996-10-11,0.0,50.29,AS-DHA-01
1996-10-12,0.2,50.29,AS-DHA-01
1996-10-13,0.0,50.29,AS-DHA-01
1996-10-14,0.0,50.29,AS-DHA-01
1996-10-15,0.0,50.29,AS-DHA-01
1996-10-16,0.0,50.29,AS-DHA-01
1996-10-17,0.0,50.29,AS-DHA-01
1996-10-18,0.0,50.29,AS-DHA-01
1996-10-19,0.0,50.29,AS-DHA-01
1996-10-20,0.0,50.29,AS-DHA-01
1996-10-21,0.0,50.29,AS-DHA-01
1996-10-22,0.0,50.29,AS-DHA-01
1996-10-23,0.0,50.29,AS-DHA-01
1996-10-24,0.0,50.29,AS-DHA-01
1996-10-25,0.0,50.29,AS-DHA-01
1996-10-26,0.7,50.29,AS-DHA-01
1996-10-27,8.3,50.29,AS-DHA-01
1996-10-28,32.3,50.29,AS-DHA-01
1996-10-29,49.1,50.29,AS-DHA-01
1996-10-30,95.3,50.29,AS-DHA-01
1996-10-31,1.4,50.29,AS-DHA-01
1996-11-01,0.0,50.29,AS-DHA-01
1996-11-02,0.0,50.29,AS-DHA-01
1996-11-03,0.0,50.29,AS-DHA-01
1996-11-04,0.0,50.29,AS-DHA-01
1996-11-05,0.3,50.29,AS-DHA-01
1996-11-06,2.8,50.29,AS-DHA-01
1996-11-07,0.1,50.29,AS-DHA-01
1996-11-08,2.0,50.29,AS-DHA-01
1996-11-09,1.9,50.29,AS-DHA-01
1996-11-10,2.5,50.29,AS-DHA-01
1996-11-11,0.2,50.29,AS-DHA-01
1996-11-12,0.2,50.29,AS-DHA-01
1996-11-13,0.5,50.29,AS-DHA-01
1996-11-14,0.1,50.29,AS-DHA-01
1996-11-15,0.3,50.29,AS-DHA-01
1996-11-16,0.5,50.29,AS-DHA-01
1996-11-17,0.6,50.29,AS-DHA-01
1996-11-18,0.0,50.29,AS-DHA-01
1996-11-19,0.0,50.29,AS-DHA-01
1996-11-20,0.0,50.29,AS-DHA-01
1996-11-21,0.0,50.29,AS-DHA-01
1996-11-22,0.1,50.29,AS-DHA-01
1996-11-23,0.3,50.29,AS-DHA-01
1996-11-24,3.2,50.29,AS-DHA-01
1996-11-25,1.8,50.29,AS-DHA-01
1996-11-26,0.0,50.29,AS-DHA-01
1996-11-27,0.0,50.29,AS-DHA-01
1996-11-28,0.0,50.29,AS-DHA-01
1996-11-29,0.0,50.29,AS-DHA-01
1996-11-30,0.0,50.29,AS-DHA-01
1996-12-01,0.0,50.29,AS-DHA-01
1996-12-02,0.0,50.29,AS-DHA-01
1996-12-03,0.0,50.29,AS-DHA-01
1996-12-04,0.0,50.29,AS-DHA-01
1996-12-05,0.0,50.29,AS-DHA-01
1996-12-06,0.0,50.29,AS-DHA-01
1996-12-07,0.0,50.29,AS-DHA-01
1996-12-08,0.0,50.29,AS-DHA-01
1996-12-09,0.0,50.29,AS-DHA-01
1996-12-10,0.0,50.29,AS-DHA-01
1996-12-11,0.0,50.29,AS-DHA-01
1996-12-12,0.0,50.29,AS-DHA-01
1996-12-13,0.0,50.29,AS-DHA-01
1996-12-14,2.8,50.29,AS-DHA-01
1996-12-15,3.3,50.29,AS-DHA-01
1996-12-16,0.2,50.29,AS-DHA-01
1996-12-17,0.0,50.29,AS-DHA-01
1996-12-18,0.0,50.29,AS-DHA-01
1996-12-19,0.0,50.29,AS-DHA-01
1996-12-20,0.0,50.29,AS-DHA-01
1996-12-21,0.0,50.29,AS-DHA-01
1996-12-22,0.0,50.29,AS-DHA-01
1996-12-23,0.0,50.29,AS-DHA-01
1996-12-24,0.0,50.29,AS-DHA-01
1996-12-25,0.0,50.29,AS-DHA-01
1996-12-26,0.0,50.29,AS-DHA-01
1996-12-27,0.0,50.29,AS-DHA-01
1996-12-28,0.0,50.29,AS-DHA-01
1996-12-29,0.0,50.29,AS-DHA-01
1996-12-30,0.0,50.29,AS-DHA-01
1996-12-31,0.0,50.29,AS-DHA-01
1997-01-01,0.0,50.29,AS-DHA-01
1997-01-02,0.0,49.94,AS-DHA-01
1997-01-03,0.0,49.59,AS-DHA-01
1997-01-04,0.0,49.25,AS-DHA-01
1997-01-05,0.0,49.02,AS-DHA-01
1997-01-06,0.0,48.67,AS-DHA-01
1997-01-07,0.0,48.45,AS-DHA-01
1997-01-08,0.0,48.22,AS-DHA-01
1997-01-09,0.0,47.88,AS-DHA-01
1997-01-10,0.0,47.54,AS-DHA-01
1997-01-11,0.0,47.32,AS-DHA-01
1997-01-12,0.8,46.98,AS-DHA-01
1997-01-13,0.3,46.76,AS-DHA-01
1997-01-14,0.0,46.54,AS-DHA-01
1997-01-15,0.0,46.22,AS-DHA-01
1997-01-16,6.2,46.11,AS-DHA-01
1997-01-17,2.1,46.0,AS-DHA-01
1997-01-18,0.0,46.22,AS-DHA-01
1997-01-19,0.0,46.11,AS-DHA-01
1997-01-20,1.8,45.89,AS-DHA-01
1997-01-21,16.1,48.67,AS-DHA-01
1997-01-22,21.2,56.03,AS-DHA-01
1997-01-23,1.5,61.82,AS-DHA-01
1997-01-24,9.0,62.11,AS-DHA-01
1997-01-25,1.2,59.82,AS-DHA-01
1997-01-26,0.0,56.96,AS-DHA-01
1997-01-27,0.0,53.22,AS-DHA-01
1997-01-28,0.0,49.82,AS-DHA-01
1997-01-29,0.0,47.54,AS-DHA-01
1997-01-30,4.2,46.22,AS-DHA-01
1997-01-31,4.5,45.57,AS-DHA-01
1997-02-01,11.0,46.43,AS-DHA-01
1997-02-02,5.3,50.29,AS-DHA-01
1997-02-03,9.8,54.86,AS-DHA-01
1997-02-04,15.2,59.26,AS-DHA-01
1997-02-05,10.4,66.0,AS-DHA-01
1997-02-06,8.2,70.63,AS-DHA-01
1997-02-07,7.3,71.8,AS-DHA-01
1997-02-08,9.8,73.48,AS-DHA-01
1997-02-09,2.5,74.35,AS-DHA-01
1997-02-10,3.1,71.46,AS-DHA-01
1997-02-11,1.0,67.41,AS-DHA-01
1997-02-12,0.6,64.17,AS-DHA-01
1997-02-13,0.1,61.53,AS-DHA-01
1997-02-14,1.6,59.13,AS-DHA-01
1997-02-15,1.4,56.96,AS-DHA-01
1997-02-16,14.2,56.16,AS-DHA-01
1997-02-17,2.1,56.42,AS-DHA-01
1997-02-18,1.6,56.16,AS-DHA-01
1997-02-19,5.4,55.24,AS-DHA-01
1997-02-20,8.2,56.96,AS-DHA-01
1997-02-21,0.3,64.63,AS-DHA-01
1997-02-22,4.7,69.48,AS-DHA-01
1997-02-23,2.9,66.47,AS-DHA-01
1997-02-24,0.0,63.58,AS-DHA-01
1997-02-25,0.1,60.39,AS-DHA-01
1997-02-26,1.1,56.42,AS-DHA-01
1997-02-27,12.7,58.72,AS-DHA-01
1997-02-28,7.3,68.51,AS-DHA-01
1997-03-01,0.0,75.75,AS-DHA-01
1997-03-02,0.0,74.18,AS-DHA-01
1997-03-03,0.2,68.2,AS-DHA-01
1997-03-04,4.5,63.87,AS-DHA-01
1997-03-05,0.3,61.39,AS-DHA-01
1997-03-06,0.0,58.45,AS-DHA-01
1997-03-07,0.0,55.11,AS-DHA-01
1997-03-08,0.0,52.1,AS-DHA-01
1997-03-09,0.0,49.48,AS-DHA-01
1997-03-10,5.2,47.88,AS-DHA-01
1997-03-11,0.1,47.43,AS-DHA-01
1997-03-12,1.6,46.43,AS-DHA-01
1997-03-13,19.1,49.48,AS-DHA-01
1997-03-14,23.1,71.29,AS-DHA-01
1997-03-15,30.7,113.31,AS-DHA-01
1997-03-16,35.6,204.63,AS-DHA-01
1997-03-17,41.2,262.68,AS-DHA-01
1997-03-18,6.9,220.86,AS-DHA-01
1997-03-19,26.3,207.01,AS-DHA-01
1997-03-20,11.9,185.68,AS-DHA-01
1997-03-21,0.9,174.02,AS-DHA-01
1997-03-22,6.1,162.71,AS-DHA-01
1997-03-23,11.2,151.09,AS-DHA-01
1997-03-24,21.7,147.63,AS-DHA-01
1997-03-25,7.5,141.92,AS-DHA-01
1997-03-26,2.5,135.48,AS-DHA-01
1997-03-27,0.0,129.05,AS-DHA-01
1997-03-28,1.1,121.2,AS-DHA-01
1997-03-29,17.5,114.37,AS-DHA-01
1997-03-30,24.0,120.36,AS-DHA-01
1997-03-31,12.5,127.55,AS-DHA-01
1997-04-01,6.2,132.69,AS-DHA-01
1997-04-02,24.6,150.39,AS-DHA-01
1997-04-03,4.6,150.73,AS-DHA-01
1997-04-04,11.5,144.57,AS-DHA-01
1997-04-05,7.5,140.61,AS-DHA-01
1997-04-06,18.3,144.24,AS-DHA-01
1997-04-07,13.5,148.31,AS-DHA-01
1997-04-08,1.0,147.28,AS-DHA-01
1997-04-09,0.0,143.24,AS-DHA-01
1997-04-10,0.9,135.48,AS-DHA-01
1997-04-11,1.3,127.85,AS-DHA-01
1997-04-12,2.3,124.34,AS-DHA-01
1997-04-13,0.3,123.48,AS-DHA-01
1997-04-14,3.9,121.2,AS-DHA-01
1997-04-15,18.4,125.5,AS-DHA-01
1997-04-16,22.7,147.28,AS-DHA-01
1997-04-17,19.3,165.76,AS-DHA-01
1997-04-18,14.1,167.68,AS-DHA-01
1997-04-19,9.3,160.47,AS-DHA-01
1997-04-20,8.8,151.44,AS-DHA-01
1997-04-21,7.0,142.25,AS-DHA-01
1997-04-22,7.8,134.54,AS-DHA-01
1997-04-23,9.0,132.69,AS-DHA-01
1997-04-24,0.6,131.46,AS-DHA-01
1997-04-25,5.1,128.75,AS-DHA-01
1997-04-26,2.1,124.05,AS-DHA-01
1997-04-27,1.5,120.92,AS-DHA-01
1997-04-28,3.0,123.19,AS-DHA-01
1997-04-29,0.1,126.08,AS-DHA-01
1997-04-30,1.4,126.67,AS-DHA-01
1997-05-01,0.8,129.35,AS-DHA-01
1997-05-02,24.9,135.8,AS-DHA-01
1997-05-03,38.6,154.63,AS-DHA-01
1997-05-04,26.6,178.51,AS-DHA-01
1997-05-05,12.3,177.27,AS-DHA-01
1997-05-06,7.0,164.61,AS-DHA-01
1997-05-07,18.7,153.2,AS-DHA-01
1997-05-08,10.4,144.91,AS-DHA-01
1997-05-09,20.0,145.92,AS-DHA-01
1997-05-10,26.6,161.59,AS-DHA-01
1997-05-11,10.4,161.59,AS-DHA-01
1997-05-12,6.9,157.88,AS-DHA-01
1997-05-13,7.1,156.43,AS-DHA-01
1997-05-14,4.6,152.14,AS-DHA-01
1997-05-15,9.7,147.28,AS-DHA-01
1997-05-16,5.1,142.25,AS-DHA-01
1997-05-17,4.1,135.48,AS-DHA-01
1997-05-18,1.4,130.55,AS-DHA-01
1997-05-19,34.7,292.14,AS-DHA-01
1997-05-20,43.8,555.01,AS-DHA-01
1997-05-21,33.2,513.14,AS-DHA-01
1997-05-22,14.1,416.91,AS-DHA-01
1997-05-23,18.1,350.63,AS-DHA-01
1997-05-24,12.8,311.67,AS-DHA-01
1997-05-25,5.6,288.12,AS-DHA-01
1997-05-26,34.4,286.13,AS-DHA-01
1997-05-27,15.4,277.66,AS-DHA-01
1997-05-28,3.5,267.58,AS-DHA-01
1997-05-29,7.9,265.74,AS-DHA-01
1997-05-30,32.3,295.54,AS-DHA-01
1997-05-31,59.9,337.12,AS-DHA-01
1997-06-01,28.9,341.05,AS-DHA-01
1997-06-02,23.5,330.96,AS-DHA-01
1997-06-03,7.6,308.8,AS-DHA-01
1997-06-04,20.5,292.14,AS-DHA-01
1997-06-05,26.8,283.5,AS-DHA-01
1997-06-06,23.7,284.82,AS-DHA-01
1997-06-07,22.2,293.5,AS-DHA-01
1997-06-08,29.8,303.15,AS-DHA-01
1997-06-09,26.3,317.48,AS-DHA-01
1997-06-10,23.8,321.91,AS-DHA-01
1997-06-11,29.1,323.4,AS-DHA-01
1997-06-12,34.5,320.43,AS-DHA-01
1997-06-13,39.7,331.73,AS-DHA-01
1997-06-14,17.7,321.91,AS-DHA-01
1997-06-15,25.5,327.16,AS-DHA-01
1997-06-16,74.0,558.86,AS-DHA-01
1997-06-17,38.1,624.29,AS-DHA-01
1997-06-18,5.8,536.13,AS-DHA-01
1997-06-19,2.6,486.62,AS-DHA-01
1997-06-20,21.1,475.52,AS-DHA-01
1997-06-21,21.6,459.35,AS-DHA-01
1997-06-22,5.0,439.64,AS-DHA-01
1997-06-23,17.2,462.54,AS-DHA-01
1997-06-24,31.5,516.7,AS-DHA-01
1997-06-25,10.0,525.12,AS-DHA-01
1997-06-26,32.8,532.43,AS-DHA-01
1997-06-27,25.3,560.15,AS-DHA-01
1997-06-28,16.7,562.75,AS-DHA-01
1997-06-29,14.1,528.76,AS-DHA-01
1997-06-30,42.5,519.09,AS-DHA-01
1997-07-01,26.6,502.59,AS-DHA-01
1997-07-02,38.4,579.87,AS-DHA-01
1997-07-03,25.9,647.76,AS-DHA-01
1997-07-04,13.9,618.56,AS-DHA-01
1997-07-05,19.7,589.31,AS-DHA-01
1997-07-06,30.2,585.25,AS-DHA-01
1997-07-07,31.1,567.95,AS-DHA-01
1997-07-08,38.5,574.55,AS-DHA-01
1997-07-09,121.8,985.46,AS-DHA-01
1997-07-10,138.0,2217.6,AS-DHA-01
1997-07-11,30.5,2285.02,AS-DHA-01
1997-07-12,13.0,1678.11,AS-DHA-01
1997-07-13,26.5,1290.46,AS-DHA-01
1997-07-14,24.2,1136.84,AS-DHA-01
1997-07-15,13.8,1048.73,AS-DHA-01
1997-07-16,29.0,1015.44,AS-DHA-01
1997-07-17,17.0,1027.21,AS-DHA-01
1997-07-18,11.8,990.02,AS-DHA-01
1997-07-19,9.3,923.87,AS-DHA-01
1997-07-20,18.7,866.12,AS-DHA-01
1997-07-21,3.9,817.62,AS-DHA-01
1997-07-22,14.0,771.82,AS-DHA-01
1997-07-23,14.4,730.27,AS-DHA-01
1997-07-24,17.7,702.2,AS-DHA-01
1997-07-25,9.3,672.1,AS-DHA-01
1997-07-26,22.2,667.46,AS-DHA-01
1997-07-27,7.4,664.4,AS-DHA-01
1997-07-28,45.2,690.96,AS-DHA-01
1997-07-29,33.0,705.45,AS-DHA-01
1997-07-30,61.9,838.62,AS-DHA-01
1997-07-31,29.7,848.34,AS-DHA-01
1997-08-01,23.6,791.65,AS-DHA-01
1997-08-02,16.4,735.34,AS-DHA-01
1997-08-03,17.0,684.62,AS-DHA-01
1997-08-04,1.0,644.77,AS-DHA-01
1997-08-05,24.6,653.76,AS-DHA-01
1997-08-06,27.6,694.16,AS-DHA-01
1997-08-07,20.5,692.55,AS-DHA-01
1997-08-08,8.7,646.26,AS-DHA-01
1997-08-09,25.7,780.77,AS-DHA-01
1997-08-10,96.2,1628.59,AS-DHA-01
1997-08-11,36.1,1823.23,AS-DHA-01
1997-08-12,76.5,2232.98,AS-DHA-01
1997-08-13,40.3,2060.01,AS-DHA-01
1997-08-14,58.0,1814.85,AS-DHA-01
1997-08-15,23.7,1544.54,AS-DHA-01
1997-08-16,40.9,1386.01,AS-DHA-01
1997-08-17,20.3,1296.42,AS-DHA-01
1997-08-18,0.1,1193.21,AS-DHA-01
1997-08-19,18.6,1105.83,AS-DHA-01
1997-08-20,7.9,1034.34,AS-DHA-01
1997-08-21,0.5,976.42,AS-DHA-01
1997-08-22,4.2,923.87,AS-DHA-01
1997-08-23,0.9,870.12,AS-DHA-01
1997-08-24,0.0,815.74,AS-DHA-01
1997-08-25,1.4,762.98,AS-DHA-01
1997-08-26,0.0,718.59,AS-DHA-01
1997-08-27,7.6,679.9,AS-DHA-01
1997-08-28,49.6,737.05,AS-DHA-01
1997-08-29,42.0,777.18,AS-DHA-01
1997-08-30,33.4,770.05,AS-DHA-01
1997-08-31,23.5,771.82,AS-DHA-01
1997-09-01,23.8,738.74,AS-DHA-01
1997-09-02,27.8,687.78,AS-DHA-01
1997-09-03,21.8,653.76,AS-DHA-01
1997-09-04,31.2,661.34,AS-DHA-01
1997-09-05,40.8,971.93,AS-DHA-01
1997-09-06,16.0,1063.34,AS-DHA-01
1997-09-07,5.6,932.43,AS-DHA-01
1997-09-08,12.3,811.98,AS-DHA-01
1997-09-09,14.3,735.34,AS-DHA-01
1997-09-10,22.5,690.96,AS-DHA-01
1997-09-11,36.7,673.65,AS-DHA-01
1997-09-12,34.8,649.25,AS-DHA-01
1997-09-13,68.0,659.82,AS-DHA-01
1997-09-14,63.9,672.1,AS-DHA-01
1997-09-15,27.9,641.81,AS-DHA-01
1997-09-16,32.1,611.46,AS-DHA-01
1997-09-17,32.3,601.67,AS-DHA-01
1997-09-18,25.5,590.68,AS-DHA-01
1997-09-19,25.1,582.55,AS-DHA-01
1997-09-20,4.1,562.75,AS-DHA-01
1997-09-21,12.8,577.21,AS-DHA-01
1997-09-22,39.2,617.13,AS-DHA-01
1997-09-23,26.9,659.82,AS-DHA-01
1997-09-24,8.1,643.28,AS-DHA-01
1997-09-25,13.8,624.29,AS-DHA-01
1997-09-26,13.8,649.25,AS-DHA-01
1997-09-27,35.8,1110.93,AS-DHA-01
1997-09-28,7.3,1182.26,AS-DHA-01
1997-09-29,29.3,985.46,AS-DHA-01
1997-09-30,25.5,878.19,AS-DHA-01
1997-10-01,12.1,802.68,AS-DHA-01
1997-10-02,0.9,733.65,AS-DHA-01
1997-10-03,0.0,672.1,AS-DHA-01
1997-10-04,0.0,619.98,AS-DHA-01
1997-10-05,0.0,574.55,AS-DHA-01
1997-10-06,0.0,534.89,AS-DHA-01
1997-10-07,0.2,500.28,AS-DHA-01
1997-10-08,7.5,500.28,AS-DHA-01
1997-10-09,15.2,506.09,AS-DHA-01
1997-10-10,18.6,491.13,AS-DHA-01
1997-10-11,0.0,464.67,AS-DHA-01
1997-10-12,0.3,433.59,AS-DHA-01
1997-10-13,0.0,402.73,AS-DHA-01
1997-10-14,0.0,374.9,AS-DHA-01
1997-10-15,0.0,350.63,AS-DHA-01
1997-10-16,0.0,328.67,AS-DHA-01
1997-10-17,0.0,306.67,AS-DHA-01
1997-10-18,0.0,286.13,AS-DHA-01
1997-10-19,0.5,268.83,AS-DHA-01
1997-10-20,0.2,251.98,AS-DHA-01
1997-10-21,2.2,236.73,AS-DHA-01
1997-10-22,0.2,222.4,AS-DHA-01
1997-10-23,0.0,207.49,AS-DHA-01
1997-10-24,0.0,193.57,AS-DHA-01
1997-10-25,0.2,181.01,AS-DHA-01
1997-10-26,0.0,171.22,AS-DHA-01
1997-10-27,0.0,162.34,AS-DHA-01
1997-10-28,0.0,152.14,AS-DHA-01
1997-10-29,0.0,141.92,AS-DHA-01
1997-10-30,0.1,132.69,AS-DHA-01
1997-10-31,0.0,124.34,AS-DHA-01
1997-11-01,0.0,117.05,AS-DHA-01
1997-11-02,0.0,109.94,AS-DHA-01
1997-11-03,0.0,103.49,AS-DHA-01
1997-11-04,0.0,97.65,AS-DHA-01
1997-11-05,0.0,92.13,AS-DHA-01
1997-11-06,0.0,87.13,AS-DHA-01
1997-11-07,0.0,82.77,AS-DHA-01
1997-11-08,3.9,79.0,AS-DHA-01
1997-11-09,2.5,77.0,AS-DHA-01
1997-11-10,1.4,75.75,AS-DHA-01
1997-11-11,0.6,74.87,AS-DHA-01
1997-11-12,0.0,74.35,AS-DHA-01
1997-11-13,0.6,72.64,AS-DHA-01
1997-11-14,0.0,70.14,AS-DHA-01
1997-11-15,0.0,67.41,AS-DHA-01
1997-11-16,0.0,64.93,AS-DHA-01
1997-11-17,0.0,62.99,AS-DHA-01
1997-11-18,0.0,61.24,AS-DHA-01
1997-11-19,0.0,59.68,AS-DHA-01
1997-11-20,0.0,58.45,AS-DHA-01
1997-11-21,0.0,57.36,AS-DHA-01
1997-11-22,0.0,56.42,AS-DHA-01
1997-11-23,0.0,55.63,AS-DHA-01
1997-11-24,3.0,55.24,AS-DHA-01
1997-11-25,2.2,54.98,AS-DHA-01
1997-11-26,1.8,54.98,AS-DHA-01
1997-11-27,3.1,55.11,AS-DHA-01
1997-11-28,0.0,54.86,AS-DHA-01
1997-11-29,0.0,54.34,AS-DHA-01
1997-11-30,0.0,53.84,AS-DHA-01
1997-12-01,0.1,53.47,AS-DHA-01
1997-12-02,2.7,53.34,AS-DHA-01
1997-12-03,0.0,52.97,AS-DHA-01
1997-12-04,0.0,52.59,AS-DHA-01
1997-12-05,0.0,52.22,AS-DHA-01
1997-12-06,0.0,51.86,AS-DHA-01
1997-12-07,0.0,51.49,AS-DHA-01
1997-12-08,0.0,51.13,AS-DHA-01
1997-12-09,0.1,50.89,AS-DHA-01
1997-12-10,18.1,52.97,AS-DHA-01
1997-12-11,1.1,60.11,AS-DHA-01
1997-12-12,0.0,65.39,AS-DHA-01
1997-12-13,0.0,61.97,AS-DHA-01
1997-12-14,37.3,67.73,AS-DHA-01
1997-12-15,2.3,73.83,AS-DHA-01
1997-12-16,0.0,73.14,AS-DHA-01
1997-12-17,0.0,66.47,AS-DHA-01
1997-12-18,0.0,60.81,AS-DHA-01
1997-12-19,0.0,57.09,AS-DHA-01
1997-12-20,0.0,54.6,AS-DHA-01
1997-12-21,0.0,52.84,AS-DHA-01
1997-12-22,0.0,51.61,AS-DHA-01
1997-12-23,0.0,50.65,AS-DHA-01
1997-12-24,0.0,49.94,AS-DHA-01
1997-12-25,0.0,49.48,AS-DHA-01
1997-12-26,0.0,49.02,AS-DHA-01
1997-12-27,0.0,48.56,AS-DHA-01
1997-12-28,0.0,48.1,AS-DHA-01
1997-12-29,0.0,47.88,AS-DHA-01
1997-12-30,0.0,47.43,AS-DHA-01
1997-12-31,0.0,47.09,AS-DHA-01
1998-01-01,0.0,46.76,AS-DHA-01
1998-01-02,0.0,46.43,AS-DHA-01
1998-01-03,0.0,46.0,AS-DHA-01
1998-01-04,0.0,45.67,AS-DHA-01
1998-01-05,0.0,45.24,AS-DHA-01
1998-01-06,0.3,45.03,AS-DHA-01
1998-01-07,0.0,44.82,AS-DHA-01
1998-01-08,0.0,44.51,AS-DHA-01
1998-01-09,0.0,44.2,AS-DHA-01
1998-01-10,0.0,43.89,AS-DHA-01
1998-01-11,0.0,43.58,AS-DHA-01
1998-01-12,2.9,43.48,AS-DHA-01
1998-01-13,13.0,44.51,AS-DHA-01
1998-01-14,4.2,46.11,AS-DHA-01
1998-01-15,5.0,47.21,AS-DHA-01
1998-01-16,4.6,47.09,AS-DHA-01
1998-01-17,0.1,46.0,AS-DHA-01
1998-01-18,2.7,44.93,AS-DHA-01
1998-01-19,0.2,44.1,AS-DHA-01
1998-01-20,0.1,43.48,AS-DHA-01
1998-01-21,1.0,43.17,AS-DHA-01
1998-01-22,0.0,44.41,AS-DHA-01
1998-01-23,0.0,45.24,AS-DHA-01
1998-01-24,0.0,43.99,AS-DHA-01
1998-01-25,0.0,42.46,AS-DHA-01
1998-01-26,0.0,41.67,AS-DHA-01
1998-01-27,0.0,41.18,AS-DHA-01
1998-01-28,0.2,40.69,AS-DHA-01
1998-01-29,7.8,40.79,AS-DHA-01
1998-01-30,9.6,41.96,AS-DHA-01
1998-01-31,0.0,44.3,AS-DHA-01
1998-02-01,0.0,44.82,AS-DHA-01
1998-02-02,0.0,42.86,AS-DHA-01
1998-02-03,1.5,41.18,AS-DHA-01
1998-02-04,7.4,40.79,AS-DHA-01
1998-02-05,3.1,40.69,AS-DHA-01
1998-02-06,0.1,40.41,AS-DHA-01
1998-02-07,0.0,39.28,AS-DHA-01
1998-02-08,0.4,38.18,AS-DHA-01
1998-02-09,0.0,37.65,AS-DHA-01
1998-02-10,0.0,37.11,AS-DHA-01
1998-02-11,0.0,36.76,AS-DHA-01
1998-02-12,0.0,36.33,AS-DHA-01
1998-02-13,0.0,35.99,AS-DHA-01
1998-02-14,0.0,35.65,AS-DHA-01
1998-02-15,3.2,35.56,AS-DHA-01
1998-02-16,5.6,35.73,AS-DHA-01
1998-02-17,15.2,38.28,AS-DHA-01
1998-02-18,16.9,46.32,AS-DHA-01
1998-02-19,6.9,54.73,AS-DHA-01
1998-02-20,5.0,56.69,AS-DHA-01
1998-02-21,6.7,54.22,AS-DHA-01
1998-02-22,0.5,50.53,AS-DHA-01
1998-02-23,0.0,46.98,AS-DHA-01
1998-02-24,0.0,43.78,AS-DHA-01
1998-02-25,0.0,40.98,AS-DHA-01
1998-02-26,6.9,39.75,AS-DHA-01
1998-02-27,4.7,41.76,AS-DHA-01
1998-02-28,0.0,43.78,AS-DHA-01
1998-03-01,0.0,42.36,AS-DHA-01
1998-03-02,0.7,40.03,AS-DHA-01
1998-03-03,0.0,38.18,AS-DHA-01
1998-03-04,0.0,36.76,AS-DHA-01
1998-03-05,0.0,35.73,AS-DHA-01
1998-03-06,1.9,35.15,AS-DHA-01
1998-03-07,35.4,44.93,AS-DHA-01
1998-03-08,0.0,54.47,AS-DHA-01
1998-03-09,1.3,58.58,AS-DHA-01
1998-03-10,0.2,53.47,AS-DHA-01
1998-03-11,0.0,47.32,AS-DHA-01
1998-03-12,0.0,42.76,AS-DHA-01
1998-03-13,1.8,39.66,AS-DHA-01
1998-03-14,17.4,38.64,AS-DHA-01
1998-03-15,2.1,38.37,AS-DHA-01
1998-03-16,0.0,37.56,AS-DHA-01
1998-03-17,0.0,36.42,AS-DHA-01
1998-03-18,0.2,35.4,AS-DHA-01
1998-03-19,12.4,35.56,AS-DHA-01
1998-03-20,8.8,36.33,AS-DHA-01
1998-03-21,11.0,37.82,AS-DHA-01
1998-03-22,82.1,277.02,AS-DHA-01
1998-03-23,74.8,460.4,AS-DHA-01
1998-03-24,3.7,330.96,AS-DHA-01
1998-03-25,46.9,279.6,AS-DHA-01
1998-03-26,6.5,225.51,AS-DHA-01
1998-03-27,0.0,187.4,AS-DHA-01
1998-03-28,0.0,159.35,AS-DHA-01
1998-03-29,1.9,138.67,AS-DHA-01
1998-03-30,38.7,142.25,AS-DHA-01
1998-03-31,3.2,143.58,AS-DHA-01
1998-04-01,0.0,139.3,AS-DHA-01
1998-04-02,0.0,127.55,AS-DHA-01
1998-04-03,0.0,114.9,AS-DHA-01
1998-04-04,3.0,104.46,AS-DHA-01
1998-04-05,5.5,95.85,AS-DHA-01
1998-04-06,2.5,90.85,AS-DHA-01
1998-04-07,0.8,92.99,AS-DHA-01
1998-04-08,20.9,96.52,AS-DHA-01
1998-04-09,56.0,203.69,AS-DHA-01
1998-04-10,27.1,242.82,AS-DHA-01
1998-04-11,10.6,233.46,AS-DHA-01
1998-04-12,6.8,205.1,AS-DHA-01
1998-04-13,2.0,178.09,AS-DHA-01
1998-04-14,2.4,156.79,AS-DHA-01
1998-04-15,18.7,162.34,AS-DHA-01
1998-04-16,0.1,163.09,AS-DHA-01
1998-04-17,0.0,157.52,AS-DHA-01
1998-04-18,0.0,152.5,AS-DHA-01
1998-04-19,7.3,147.97,AS-DHA-01
1998-04-20,13.7,190.47,AS-DHA-01
1998-04-21,25.8,402.73,AS-DHA-01
1998-04-22,22.3,728.59,AS-DHA-01
1998-04-23,14.2,770.05,AS-DHA-01
1998-04-24,5.5,617.13,AS-DHA-01
1998-04-25,1.9,495.69,AS-DHA-01
1998-04-26,9.6,422.72,AS-DHA-01
1998-04-27,55.1,423.7,AS-DHA-01
1998-04-28,26.5,397.18,AS-DHA-01
1998-04-29,9.2,363.82,AS-DHA-01
1998-04-30,19.6,374.05,AS-DHA-01
1998-05-01,28.7,381.01,AS-DHA-01
1998-05-02,15.9,354.7,AS-DHA-01
1998-05-03,4.5,327.91,AS-DHA-01
1998-05-04,14.9,309.51,AS-DHA-01
1998-05-05,21.6,299.66,AS-DHA-01
1998-05-06,6.4,294.18,AS-DHA-01
1998-05-07,11.5,306.67,AS-DHA-01
1998-05-08,23.8,311.67,AS-DHA-01
1998-05-09,15.8,308.09,AS-DHA-01
1998-05-10,8.6,296.22,AS-DHA-01
1998-05-11,6.4,280.25,AS-DHA-01
1998-05-12,3.7,265.74,AS-DHA-01
1998-05-13,0.0,249.66,AS-DHA-01
1998-05-14,2.5,231.86,AS-DHA-01
1998-05-15,8.0,215.31,AS-DHA-01
1998-05-16,0.4,201.81,AS-DHA-01
1998-05-17,0.0,190.03,AS-DHA-01
1998-05-18,0.5,179.75,AS-DHA-01
1998-05-19,1.1,172.81,AS-DHA-01
1998-05-20,20.1,656.78,AS-DHA-01
1998-05-21,3.7,1001.49,AS-DHA-01
1998-05-22,20.7,735.34,AS-DHA-01
1998-05-23,12.4,534.89,AS-DHA-01
1998-05-24,42.7,499.13,AS-DHA-01
1998-05-25,3.1,466.82,AS-DHA-01
1998-05-26,10.2,423.7,AS-DHA-01
1998-05-27,27.9,405.52,AS-DHA-01
1998-05-28,7.2,386.33,AS-DHA-01
1998-05-29,10.5,362.15,AS-DHA-01
1998-05-30,10.1,349.01,AS-DHA-01
1998-05-31,50.6,715.27,AS-DHA-01
1998-06-01,28.0,750.77,AS-DHA-01
1998-06-02,101.8,862.14,AS-DHA-01
1998-06-03,48.8,987.73,AS-DHA-01
1998-06-04,28.8,911.18,AS-DHA-01
1998-06-05,28.8,766.5,AS-DHA-01
1998-06-06,19.6,698.98,AS-DHA-01
1998-06-07,27.9,870.12,AS-DHA-01
1998-06-08,82.9,1166.03,AS-DHA-01
1998-06-09,83.5,1246.61,AS-DHA-01
1998-06-10,49.6,1226.67,AS-DHA-01
1998-06-11,112.6,1235.18,AS-DHA-01
1998-06-12,50.2,1100.74,AS-DHA-01
1998-06-13,19.5,949.78,AS-DHA-01
1998-06-14,4.5,844.44,AS-DHA-01
1998-06-15,16.3,773.61,AS-DHA-01
1998-06-16,6.4,720.24,AS-DHA-01
1998-06-17,8.8,678.33,AS-DHA-01
1998-06-18,16.3,644.77,AS-DHA-01
1998-06-19,21.2,614.29,AS-DHA-01
1998-06-20,21.7,597.52,AS-DHA-01
1998-06-21,23.3,583.9,AS-DHA-01
1998-06-22,38.1,581.22,AS-DHA-01
1998-06-23,25.7,582.55,AS-DHA-01
1998-06-24,48.6,586.6,AS-DHA-01
1998-06-25,40.7,571.91,AS-DHA-01
1998-06-26,23.5,560.15,AS-DHA-01
1998-06-27,33.6,604.46,AS-DHA-01
1998-06-28,49.4,766.5,AS-DHA-01
1998-06-29,41.4,880.21,AS-DHA-01
1998-06-30,58.4,880.21,AS-DHA-01
1998-07-01,30.6,894.53,AS-DHA-01
1998-07-02,28.9,874.15,AS-DHA-01
1998-07-03,40.8,810.11,AS-DHA-01
1998-07-04,21.2,770.05,AS-DHA-01
1998-07-05,14.9,726.92,AS-DHA-01
1998-07-06,31.5,705.45,AS-DHA-01
1998-07-07,23.8,690.96,AS-DHA-01
1998-07-08,23.4,681.46,AS-DHA-01
1998-07-09,37.2,678.33,AS-DHA-01
1998-07-10,23.2,656.78,AS-DHA-01
1998-07-11,43.6,644.77,AS-DHA-01
1998-07-12,42.0,664.4,AS-DHA-01
1998-07-13,25.7,683.04,AS-DHA-01
1998-07-14,6.2,662.86,AS-DHA-01
1998-07-15,16.6,669.01,AS-DHA-01
1998-07-16,19.2,683.04,AS-DHA-01
1998-07-17,62.9,689.37,AS-DHA-01
1998-07-18,17.1,659.82,AS-DHA-01
1998-07-19,19.5,631.53,AS-DHA-01
1998-07-20,15.8,603.06,AS-DHA-01
1998-07-21,6.0,743.87,AS-DHA-01
1998-07-22,6.6,813.85,AS-DHA-01
1998-07-23,9.0,752.49,AS-DHA-01
1998-07-24,2.6,694.16,AS-DHA-01
1998-07-25,2.8,641.81,AS-DHA-01
1998-07-26,4.0,603.06,AS-DHA-01
1998-07-27,13.6,578.53,AS-DHA-01
1998-07-28,20.4,607.25,AS-DHA-01
1998-07-29,29.0,686.19,AS-DHA-01
1998-07-30,18.9,708.71,AS-DHA-01
1998-07-31,11.6,658.29,AS-DHA-01
1998-08-01,20.1,608.65,AS-DHA-01
1998-08-02,31.4,590.68,AS-DHA-01
1998-08-03,29.8,578.53,AS-DHA-01
1998-08-04,27.9,555.01,AS-DHA-01
1998-08-05,28.7,577.21,AS-DHA-01
1998-08-06,38.3,634.45,AS-DHA-01
1998-08-07,26.2,631.53,AS-DHA-01
1998-08-08,41.8,644.77,AS-DHA-01
1998-08-09,25.1,652.26,AS-DHA-01
1998-08-10,43.5,658.29,AS-DHA-01
1998-08-11,23.7,650.75,AS-DHA-01
1998-08-12,41.6,634.45,AS-DHA-01
1998-08-13,33.6,615.71,AS-DHA-01
1998-08-14,47.6,694.16,AS-DHA-01
1998-08-15,38.6,730.27,AS-DHA-01
1998-08-16,18.7,743.87,AS-DHA-01
1998-08-17,56.7,880.21,AS-DHA-01
1998-08-18,20.1,860.15,AS-DHA-01
1998-08-19,46.3,798.98,AS-DHA-01
1998-08-20,39.8,773.61,AS-DHA-01
1998-08-21,11.4,740.45,AS-DHA-01
1998-08-22,26.6,702.2,AS-DHA-01
1998-08-23,15.3,672.1,AS-DHA-01
1998-08-24,25.5,669.01,AS-DHA-01
1998-08-25,38.9,1116.07,AS-DHA-01
1998-08-26,8.7,1198.72,AS-DHA-01
1998-08-27,12.5,987.73,AS-DHA-01
1998-08-28,26.6,850.3,AS-DHA-01
1998-08-29,15.4,777.18,AS-DHA-01
1998-08-30,49.8,782.58,AS-DHA-01
1998-08-31,52.5,827.09,AS-DHA-01
1998-09-01,34.9,825.19,AS-DHA-01
1998-09-02,52.4,808.24,AS-DHA-01
1998-09-03,32.6,770.05,AS-DHA-01
1998-09-04,44.9,777.18,AS-DHA-01
1998-09-05,38.7,956.37,AS-DHA-01
1998-09-06,0.0,954.17,AS-DHA-01
1998-09-07,0.0,834.76,AS-DHA-01
1998-09-08,3.1,742.16,AS-DHA-01
1998-09-09,1.7,676.76,AS-DHA-01
1998-09-10,10.2,628.63,AS-DHA-01
1998-09-11,11.9,597.52,AS-DHA-01
1998-09-12,17.3,575.88,AS-DHA-01
1998-09-13,10.7,552.46,AS-DHA-01
1998-09-14,1.6,527.54,AS-DHA-01
1998-09-15,0.2,499.13,AS-DHA-01
1998-09-16,0.2,467.9,AS-DHA-01
1998-09-17,10.9,442.69,AS-DHA-01
1998-09-18,16.0,427.63,AS-DHA-01
1998-09-19,11.0,424.68,AS-DHA-01
1998-09-20,39.4,436.6,AS-DHA-01
1998-09-21,36.7,435.6,AS-DHA-01
1998-09-22,9.2,416.91,AS-DHA-01
1998-09-23,15.3,390.82,AS-DHA-01
1998-09-24,23.2,376.64,AS-DHA-01
1998-09-25,6.9,362.98,AS-DHA-01
1998-09-26,2.9,346.6,AS-DHA-01
1998-09-27,12.2,337.12,AS-DHA-01
1998-09-28,2.3,333.26,AS-DHA-01
1998-09-29,0.0,321.17,AS-DHA-01
1998-09-30,0.6,303.85,AS-DHA-01
1998-10-01,0.0,285.47,AS-DHA-01
1998-10-02,0.5,268.2,AS-DHA-01
1998-10-03,5.4,256.09,AS-DHA-01
1998-10-04,3.0,250.24,AS-DHA-01
1998-10-05,0.0,245.08,AS-DHA-01
1998-10-06,0.0,232.39,AS-DHA-01
1998-10-07,0.0,216.81,AS-DHA-01
1998-10-08,0.0,203.69,AS-DHA-01
1998-10-09,0.0,190.9,AS-DHA-01
1998-10-10,0.3,178.92,AS-DHA-01
1998-10-11,0.0,168.46,AS-DHA-01
1998-10-12,0.0,160.1,AS-DHA-01
1998-10-13,0.0,152.14,AS-DHA-01
1998-10-14,1.2,144.91,AS-DHA-01
1998-10-15,0.7,139.3,AS-DHA-01
1998-10-16,11.3,134.24,AS-DHA-01
1998-10-17,16.4,132.07,AS-DHA-01
1998-10-18,68.4,161.59,AS-DHA-01
1998-10-19,38.2,188.71,AS-DHA-01
1998-10-20,48.4,218.83,AS-DHA-01
1998-10-21,11.0,218.33,AS-DHA-01
1998-10-22,6.2,212.84,AS-DHA-01
1998-10-23,5.9,199.95,AS-DHA-01
1998-10-24,0.1,182.69,AS-DHA-01
1998-10-25,0.2,168.07,AS-DHA-01
1998-10-26,4.2,155.35,AS-DHA-01
1998-10-27,0.4,144.57,AS-DHA-01
1998-10-28,0.1,136.43,AS-DHA-01
1998-10-29,0.0,128.45,AS-DHA-01
1998-10-30,0.0,120.36,AS-DHA-01
1998-10-31,0.0,112.52,AS-DHA-01
1998-11-01,0.0,105.44,AS-DHA-01
1998-11-02,0.0,99.72,AS-DHA-01
1998-11-03,0.0,94.52,AS-DHA-01
1998-11-04,0.0,88.97,AS-DHA-01
1998-11-05,0.0,83.74,AS-DHA-01
1998-11-06,0.0,79.0,AS-DHA-01
1998-11-07,0.0,75.05,AS-DHA-01
1998-11-08,0.3,71.96,AS-DHA-01
1998-11-09,0.0,69.48,AS-DHA-01
1998-11-10,0.7,67.41,AS-DHA-01
1998-11-11,0.0,67.09,AS-DHA-01
1998-11-12,0.0,68.83,AS-DHA-01
1998-11-13,0.0,68.2,AS-DHA-01
1998-11-14,0.0,65.54,AS-DHA-01
1998-11-15,0.0,62.7,AS-DHA-01
1998-11-16,0.2,60.39,AS-DHA-01
1998-11-17,0.0,58.58,AS-DHA-01
1998-11-18,0.0,56.82,AS-DHA-01
1998-11-19,0.0,55.5,AS-DHA-01
1998-11-20,0.0,54.34,AS-DHA-01
1998-11-21,0.0,53.59,AS-DHA-01
1998-11-22,8.7,91.91,AS-DHA-01
1998-11-23,73.1,936.73,AS-DHA-01
1998-11-24,1.6,1095.68,AS-DHA-01
1998-11-25,0.3,745.59,AS-DHA-01
1998-11-26,0.0,513.14,AS-DHA-01
1998-11-27,0.0,388.12,AS-DHA-01
1998-11-28,0.0,314.56,AS-DHA-01
1998-11-29,0.0,265.13,AS-DHA-01
1998-11-30,0.0,229.18,AS-DHA-01
1998-12-01,0.0,201.81,AS-DHA-01
1998-12-02,0.0,179.34,AS-DHA-01
1998-12-03,0.0,160.47,AS-DHA-01
1998-12-04,0.0,144.24,AS-DHA-01
1998-12-05,0.0,130.24,AS-DHA-01
1998-12-06,0.0,118.15,AS-DHA-01
1998-12-07,0.0,107.66,AS-DHA-01
1998-12-08,0.0,98.33,AS-DHA-01
1998-12-09,0.0,90.64,AS-DHA-01
1998-12-10,0.0,84.33,AS-DHA-01
1998-12-11,0.0,79.0,AS-DHA-01
1998-12-12,0.0,74.87,AS-DHA-01
1998-12-13,0.0,71.29,AS-DHA-01
1998-12-14,0.0,68.51,AS-DHA-01
1998-12-15,0.0,65.23,AS-DHA-01
1998-12-16,0.0,62.11,AS-DHA-01
1998-12-17,0.0,59.54,AS-DHA-01
1998-12-18,0.0,57.63,AS-DHA-01
1998-12-19,0.0,55.9,AS-DHA-01
1998-12-20,0.0,54.47,AS-DHA-01
1998-12-21,0.0,53.22,AS-DHA-01
1998-12-22,0.0,52.22,AS-DHA-01
1998-12-23,0.0,51.37,AS-DHA-01
1998-12-24,0.0,50.77,AS-DHA-01
1998-12-25,0.0,50.18,AS-DHA-01
1998-12-26,0.0,49.71,AS-DHA-01
1998-12-27,0.0,49.25,AS-DHA-01
1998-12-28,0.0,48.79,AS-DHA-01
1998-12-29,0.0,48.45,AS-DHA-01
1998-12-30,0.0,48.1,AS-DHA-01
1998-12-31,0.0,47.77,AS-DHA-01
1999-01-01,0.0,47.32,AS-DHA-01
1999-01-02,0.0,46.98,AS-DHA-01
1999-01-03,0.0,46.65,AS-DHA-01
1999-01-04,0.0,46.22,AS-DHA-01
1999-01-05,0.0,45.89,AS-DHA-01
1999-01-06,0.0,45.46,AS-DHA-01
1999-01-07,0.0,45.14,AS-DHA-01
1999-01-08,0.3,44.82,AS-DHA-01
1999-01-09,0.0,44.51,AS-DHA-01
1999-01-10,7.1,44.51,AS-DHA-01
1999-01-11,0.0,45.03,AS-DHA-01
1999-01-12,0.0,45.57,AS-DHA-01
1999-01-13,0.0,44.82,AS-DHA-01
1999-01-14,0.0,43.99,AS-DHA-01
1999-01-15,0.0,43.48,AS-DHA-01
1999-01-16,0.0,43.07,AS-DHA-01
1999-01-17,0.0,42.66,AS-DHA-01
1999-01-18,0.0,42.36,AS-DHA-01
1999-01-19,0.0,42.06,AS-DHA-01
1999-01-20,0.0,41.76,AS-DHA-01
1999-01-21,0.0,41.47,AS-DHA-01
1999-01-22,0.0,41.18,AS-DHA-01
1999-01-23,0.0,40.89,AS-DHA-01
1999-01-24,0.0,40.6,AS-DHA-01
1999-01-25,0.0,40.31,AS-DHA-01
1999-01-26,0.0,39.94,AS-DHA-01
1999-01-27,0.0,39.66,AS-DHA-01
1999-01-28,0.0,39.38,AS-DHA-01
1999-01-29,2.2,39.19,AS-DHA-01
1999-01-30,4.1,39.1,AS-DHA-01
1999-01-31,0.0,38.82,AS-DHA-01
1999-02-01,0.0,38.64,AS-DHA-01
1999-02-02,0.0,38.37,AS-DHA-01
1999-02-03,0.0,38.09,AS-DHA-01
1999-02-04,0.0,37.82,AS-DHA-01
1999-02-05,0.0,37.56,AS-DHA-01
1999-02-06,0.0,37.29,AS-DHA-01
1999-02-07,0.0,36.33,AS-DHA-01
1999-02-08,0.0,35.32,AS-DHA-01
1999-02-09,0.0,34.82,AS-DHA-01
1999-02-10,0.0,34.49,AS-DHA-01
1999-02-11,0.0,34.25,AS-DHA-01
1999-02-12,0.0,33.92,AS-DHA-01
1999-02-13,0.0,33.68,AS-DHA-01
1999-02-14,0.0,33.36,AS-DHA-01
1999-02-15,0.0,33.13,AS-DHA-01
1999-02-16,0.0,32.81,AS-DHA-01
1999-02-17,0.0,32.74,AS-DHA-01
1999-02-18,0.0,32.74,AS-DHA-01
1999-02-19,0.0,32.58,AS-DHA-01
1999-02-20,0.0,32.35,AS-DHA-01
1999-02-21,0.0,32.12,AS-DHA-01
1999-02-22,0.0,31.89,AS-DHA-01
1999-02-23,0.0,31.59,AS-DHA-01
1999-02-24,0.0,31.36,AS-DHA-01
1999-02-25,0.0,31.14,AS-DHA-01
1999-02-26,0.0,30.92,AS-DHA-01
1999-02-27,0.7,30.99,AS-DHA-01
1999-02-28,0.3,31.14,AS-DHA-01
1999-03-01,0.0,31.07,AS-DHA-01
1999-03-02,0.0,30.92,AS-DHA-01
1999-03-03,0.0,30.77,AS-DHA-01
1999-03-04,0.0,30.49,AS-DHA-01
1999-03-05,0.0,30.27,AS-DHA-01
1999-03-06,0.0,29.99,AS-DHA-01
1999-03-07,0.0,29.77,AS-DHA-01
1999-03-08,0.0,29.56,AS-DHA-01
1999-03-09,0.0,29.35,AS-DHA-01
1999-03-10,0.0,29.0,AS-DHA-01
1999-03-11,0.0,28.73,AS-DHA-01
1999-03-12,0.0,28.59,AS-DHA-01
1999-03-13,0.1,28.45,AS-DHA-01
1999-03-14,0.0,28.45,AS-DHA-01
1999-03-15,0.0,28.32,AS-DHA-01
1999-03-16,0.0,28.05,AS-DHA-01
1999-03-17,0.0,27.85,AS-DHA-01
1999-03-18,0.1,27.58,AS-DHA-01
1999-03-19,0.0,27.45,AS-DHA-01
1999-03-20,0.0,27.32,AS-DHA-01
1999-03-21,0.0,27.06,AS-DHA-01
1999-03-22,0.0,26.61,AS-DHA-01
1999-03-23,0.0,26.23,AS-DHA-01
1999-03-24,0.0,25.92,AS-DHA-01
1999-03-25,4.2,26.04,AS-DHA-01
1999-03-26,59.6,40.21,AS-DHA-01
1999-03-27,73.4,125.2,AS-DHA-01
1999-03-28,4.6,122.91,AS-DHA-01
1999-03-29,0.0,94.08,AS-DHA-01
1999-03-30,0.0,71.96,AS-DHA-01
1999-03-31,2.8,58.04,AS-DHA-01
1999-04-01,1.2,49.59,AS-DHA-01
1999-04-02,0.6,44.51,AS-DHA-01
1999-04-03,1.4,40.6,AS-DHA-01
1999-04-04,10.1,37.91,AS-DHA-01
1999-04-05,2.8,35.82,AS-DHA-01
1999-04-06,9.8,34.66,AS-DHA-01
1999-04-07,3.4,33.84,AS-DHA-01
1999-04-08,0.0,33.05,AS-DHA-01
1999-04-09,0.5,31.82,AS-DHA-01
1999-04-10,1.2,30.7,AS-DHA-01
1999-04-11,0.0,29.84,AS-DHA-01
1999-04-12,0.7,29.0,AS-DHA-01
1999-04-13,1.8,28.05,AS-DHA-01
1999-04-14,1.1,27.25,AS-DHA-01
1999-04-15,10.0,26.99,AS-DHA-01
1999-04-16,0.2,26.74,AS-DHA-01
1999-04-17,0.3,26.42,AS-DHA-01
1999-04-18,0.3,25.98,AS-DHA-01
1999-04-19,0.8,25.62,AS-DHA-01
1999-04-20,0.0,25.31,AS-DHA-01
1999-04-21,0.0,24.95,AS-DHA-01
1999-04-22,0.6,24.71,AS-DHA-01
1999-04-23,11.3,24.83,AS-DHA-01
1999-04-24,4.5,24.89,AS-DHA-01
1999-04-25,4.7,24.83,AS-DHA-01
1999-04-26,4.5,25.13,AS-DHA-01
1999-04-27,6.9,25.5,AS-DHA-01
1999-04-28,22.0,27.19,AS-DHA-01
1999-04-29,10.2,28.79,AS-DHA-01
1999-04-30,7.7,29.77,AS-DHA-01
1999-05-01,4.4,29.28,AS-DHA-01
1999-05-02,28.1,35.07,AS-DHA-01
1999-05-03,67.0,122.62,AS-DHA-01
1999-05-04,63.7,233.46,AS-DHA-01
1999-05-05,28.9,199.95,AS-DHA-01
1999-05-06,25.0,152.85,AS-DHA-01
1999-05-07,1.9,127.26,AS-DHA-01
1999-05-08,3.8,110.46,AS-DHA-01
1999-05-09,13.7,103.01,AS-DHA-01
1999-05-10,30.6,103.01,AS-DHA-01
1999-05-11,2.1,102.53,AS-DHA-01
1999-05-12,19.0,110.46,AS-DHA-01
1999-05-13,27.7,118.15,AS-DHA-01
1999-05-14,58.4,156.79,AS-DHA-01
1999-05-15,33.0,169.64,AS-DHA-01
1999-05-16,2.6,155.71,AS-DHA-01
1999-05-17,0.8,138.35,AS-DHA-01
1999-05-18,7.7,123.77,AS-DHA-01
1999-05-19,5.3,114.64,AS-DHA-01
1999-05-20,8.9,114.11,AS-DHA-01
1999-05-21,25.5,122.33,AS-DHA-01
1999-05-22,46.2,153.55,AS-DHA-01
1999-05-23,17.2,222.4,AS-DHA-01
1999-05-24,23.6,297.6,AS-DHA-01
1999-05-25,62.4,386.33,AS-DHA-01
1999-05-26,29.3,440.65,AS-DHA-01
1999-05-27,57.3,464.67,AS-DHA-01
1999-05-28,40.7,456.17,AS-DHA-01
1999-05-29,11.1,601.67,AS-DHA-01
1999-05-30,55.9,1290.46,AS-DHA-01
1999-05-31,9.0,1182.26,AS-DHA-01
1999-06-01,20.8,840.56,AS-DHA-01
1999-06-02,11.3,658.29,AS-DHA-01
1999-06-03,6.0,553.72,AS-DHA-01
1999-06-04,2.0,487.74,AS-DHA-01
1999-06-05,3.2,439.64,AS-DHA-01
1999-06-06,0.5,408.33,AS-DHA-01
1999-06-07,17.5,392.63,AS-DHA-01
1999-06-08,11.6,381.01,AS-DHA-01
1999-06-09,11.7,369.76,AS-DHA-01
1999-06-10,66.9,467.9,AS-DHA-01
1999-06-11,47.6,494.54,AS-DHA-01
1999-06-12,8.3,453.03,AS-DHA-01
1999-06-13,13.4,409.28,AS-DHA-01
1999-06-14,30.0,379.27,AS-DHA-01
1999-06-15,52.0,374.05,AS-DHA-01
1999-06-16,23.2,367.2,AS-DHA-01
1999-06-17,27.5,389.01,AS-DHA-01
1999-06-18,19.7,414.03,AS-DHA-01
1999-06-19,33.9,423.7,AS-DHA-01
1999-06-20,36.7,411.18,AS-DHA-01
1999-06-21,18.5,387.23,AS-DHA-01
1999-06-22,26.6,368.9,AS-DHA-01
1999-06-23,44.8,673.65,AS-DHA-01
1999-06-24,26.5,806.39,AS-DHA-01
1999-06-25,58.6,655.27,AS-DHA-01
1999-06-26,44.5,669.01,AS-DHA-01
1999-06-27,43.6,735.34,AS-DHA-01
1999-06-28,8.0,673.65,AS-DHA-01
1999-06-29,31.2,597.52,AS-DHA-01
1999-06-30,57.2,638.85,AS-DHA-01
1999-07-01,46.0,659.82,AS-DHA-01
1999-07-02,21.2,612.88,AS-DHA-01
1999-07-03,32.8,571.91,AS-DHA-01
1999-07-04,21.9,632.99,AS-DHA-01
1999-07-05,29.4,655.27,AS-DHA-01
1999-07-06,37.5,593.4,AS-DHA-01
1999-07-07,11.3,534.89,AS-DHA-01
1999-07-08,22.2,495.69,AS-DHA-01
1999-07-09,42.3,608.65,AS-DHA-01
1999-07-10,59.4,1013.1,AS-DHA-01
1999-07-11,12.3,1031.95,AS-DHA-01
1999-07-12,13.6,860.15,AS-DHA-01
1999-07-13,27.1,766.5,AS-DHA-01
1999-07-14,23.2,735.34,AS-DHA-01
1999-07-15,22.2,713.63,AS-DHA-01
1999-07-16,46.2,731.96,AS-DHA-01
1999-07-17,62.1,904.9,AS-DHA-01
1999-07-18,102.3,1272.74,AS-DHA-01
1999-07-19,75.5,1323.58,AS-DHA-01
1999-07-20,21.2,1139.46,AS-DHA-01
1999-07-21,35.0,1010.77,AS-DHA-01
1999-07-22,46.4,985.46,AS-DHA-01
1999-07-23,32.1,1024.85,AS-DHA-01
1999-07-24,9.3,1024.85,AS-DHA-01
1999-07-25,11.3,992.3,AS-DHA-01
1999-07-26,14.0,921.74,AS-DHA-01
1999-07-27,4.7,868.12,AS-DHA-01
1999-07-28,35.9,884.28,AS-DHA-01
1999-07-29,11.1,967.46,AS-DHA-01
1999-07-30,6.9,941.06,AS-DHA-01
1999-07-31,26.1,892.47,AS-DHA-01
1999-08-01,23.2,870.12,AS-DHA-01
1999-08-02,9.2,827.09,AS-DHA-01
1999-08-03,30.1,784.39,AS-DHA-01
1999-08-04,32.7,742.16,AS-DHA-01
1999-08-05,15.2,702.2,AS-DHA-01
1999-08-06,37.4,705.45,AS-DHA-01
1999-08-07,47.9,810.11,AS-DHA-01
1999-08-08,40.7,1171.41,AS-DHA-01
1999-08-09,55.2,1238.02,AS-DHA-01
1999-08-10,14.0,1060.89,AS-DHA-01
1999-08-11,22.4,928.14,AS-DHA-01
1999-08-12,47.7,872.13,AS-DHA-01
1999-08-13,24.8,821.4,AS-DHA-01
1999-08-14,21.9,842.49,AS-DHA-01
1999-08-15,45.7,1168.72,AS-DHA-01
1999-08-16,24.4,1223.84,AS-DHA-01
1999-08-17,28.0,1103.28,AS-DHA-01
1999-08-18,15.2,990.02,AS-DHA-01
1999-08-19,7.0,900.74,AS-DHA-01
1999-08-20,24.9,836.68,AS-DHA-01
1999-08-21,30.2,789.82,AS-DHA-01
1999-08-22,27.7,745.59,AS-DHA-01
1999-08-23,23.8,708.71,AS-DHA-01
1999-08-24,52.2,708.71,AS-DHA-01
1999-08-25,16.2,687.78,AS-DHA-01
1999-08-26,6.5,667.46,AS-DHA-01
1999-08-27,6.0,695.75,AS-DHA-01
1999-08-28,30.4,838.62,AS-DHA-01
1999-08-29,31.4,945.41,AS-DHA-01
1999-08-30,6.7,915.39,AS-DHA-01
1999-08-31,23.9,840.56,AS-DHA-01
1999-09-01,46.0,784.39,AS-DHA-01
1999-09-02,22.6,735.34,AS-DHA-01
1999-09-03,5.6,723.57,AS-DHA-01
1999-09-04,13.7,730.27,AS-DHA-01
1999-09-05,10.8,713.63,AS-DHA-01
1999-09-06,10.2,676.76,AS-DHA-01
1999-09-07,17.3,643.28,AS-DHA-01
1999-09-08,28.0,631.53,AS-DHA-01
1999-09-09,28.8,640.33,AS-DHA-01
1999-09-10,15.3,656.78,AS-DHA-01
1999-09-11,17.9,658.29,AS-DHA-01
1999-09-12,17.5,632.99,AS-DHA-01
1999-09-13,20.8,598.9,AS-DHA-01
1999-09-14,17.9,567.95,AS-DHA-01
1999-09-15,32.3,543.61,AS-DHA-01
1999-09-16,10.7,517.9,AS-DHA-01
1999-09-17,11.0,527.54,AS-DHA-01
1999-09-18,3.1,543.61,AS-DHA-01
1999-09-19,1.2,528.76,AS-DHA-01
1999-09-20,18.6,516.7,AS-DHA-01
1999-09-21,19.4,566.65,AS-DHA-01
1999-09-22,3.4,592.03,AS-DHA-01
1999-09-23,4.0,544.86,AS-DHA-01
1999-09-24,10.4,500.28,AS-DHA-01
1999-09-25,1.7,464.67,AS-DHA-01
1999-09-26,0.4,433.59,AS-DHA-01
1999-09-27,1.1,405.52,AS-DHA-01
1999-09-28,0.6,380.13,AS-DHA-01
1999-09-29,1.9,357.16,AS-DHA-01
1999-09-30,2.3,345.01,AS-DHA-01
1999-10-01,3.5,343.41,AS-DHA-01
1999-10-02,5.2,340.26,AS-DHA-01
1999-10-03,7.1,334.8,AS-DHA-01
1999-10-04,16.9,340.26,AS-DHA-01
1999-10-05,17.0,349.01,AS-DHA-01
1999-10-06,23.4,349.01,AS-DHA-01
1999-10-07,39.3,362.15,AS-DHA-01
1999-10-08,17.2,368.9,AS-DHA-01
1999-10-09,8.1,353.06,AS-DHA-01
1999-10-10,2.2,330.19,AS-DHA-01
1999-10-11,0.0,307.38,AS-DHA-01
1999-10-12,0.0,286.79,AS-DHA-01
1999-10-13,0.0,271.95,AS-DHA-01
1999-10-14,4.7,262.07,AS-DHA-01
1999-10-15,4.7,257.27,AS-DHA-01
1999-10-16,1.4,254.32,AS-DHA-01
1999-10-17,18.0,275.74,AS-DHA-01
1999-10-18,35.7,461.47,AS-DHA-01
1999-10-19,17.6,575.88,AS-DHA-01
1999-10-20,13.3,543.61,AS-DHA-01
1999-10-21,11.1,502.59,AS-DHA-01
1999-10-22,2.5,462.54,AS-DHA-01
1999-10-23,0.0,421.75,AS-DHA-01
1999-10-24,0.0,384.55,AS-DHA-01
1999-10-25,0.0,352.25,AS-DHA-01
1999-10-26,0.0,322.66,AS-DHA-01
1999-10-27,0.0,296.91,AS-DHA-01
1999-10-28,0.2,274.48,AS-DHA-01
1999-10-29,12.1,267.58,AS-DHA-01
1999-10-30,7.2,277.02,AS-DHA-01
1999-10-31,0.1,272.58,AS-DHA-01
1999-11-01,0.7,258.47,AS-DHA-01
1999-11-02,10.6,254.91,AS-DHA-01
1999-11-03,6.3,258.47,AS-DHA-01
1999-11-04,1.1,253.14,AS-DHA-01
1999-11-05,0.0,240.04,AS-DHA-01
1999-11-06,0.0,224.46,AS-DHA-01
1999-11-07,0.0,209.9,AS-DHA-01
1999-11-08,0.0,196.28,AS-DHA-01
1999-11-09,0.0,183.96,AS-DHA-01
1999-11-10,0.0,172.01,AS-DHA-01
1999-11-11,0.0,160.47,AS-DHA-01
1999-11-12,0.0,149.34,AS-DHA-01
1999-11-13,0.0,138.67,AS-DHA-01
1999-11-14,0.0,128.45,AS-DHA-01
1999-11-15,0.0,119.25,AS-DHA-01
1999-11-16,0.5,110.46,AS-DHA-01
1999-11-17,0.4,103.25,AS-DHA-01
1999-11-18,0.0,96.96,AS-DHA-01
1999-11-19,0.1,91.07,AS-DHA-01
1999-11-20,0.0,85.52,AS-DHA-01
1999-11-21,0.0,80.3,AS-DHA-01
1999-11-22,0.0,75.58,AS-DHA-01
1999-11-23,0.0,71.29,AS-DHA-01
1999-11-24,0.0,67.25,AS-DHA-01
1999-11-25,0.0,63.58,AS-DHA-01
1999-11-26,0.0,60.39,AS-DHA-01
1999-11-27,0.0,57.63,AS-DHA-01
1999-11-28,0.0,55.24,AS-DHA-01
1999-11-29,0.0,53.34,AS-DHA-01
1999-11-30,0.0,51.73,AS-DHA-01
1999-12-01,0.0,50.29,AS-DHA-01
1999-12-02,0.0,49.13,AS-DHA-01
1999-12-03,0.0,48.1,AS-DHA-01
1999-12-04,0.0,47.32,AS-DHA-01
1999-12-05,0.0,46.65,AS-DHA-01
1999-12-06,0.0,46.22,AS-DHA-01
1999-12-07,0.0,45.89,AS-DHA-01
1999-12-08,0.0,45.46,AS-DHA-01
1999-12-09,0.0,45.14,AS-DHA-01
1999-12-10,0.0,44.93,AS-DHA-01
1999-12-11,0.2,45.46,AS-DHA-01
1999-12-12,0.0,48.22,AS-DHA-01
1999-12-13,0.0,51.49,AS-DHA-01
1999-12-14,0.0,50.41,AS-DHA-01
1999-12-15,1.1,48.1,AS-DHA-01
1999-12-16,0.0,46.43,AS-DHA-01
1999-12-17,0.0,45.46,AS-DHA-01
1999-12-18,0.0,44.51,AS-DHA-01
1999-12-19,0.0,43.68,AS-DHA-01
1999-12-20,0.0,43.17,AS-DHA-01
1999-12-21,0.0,42.76,AS-DHA-01
1999-12-22,0.0,42.46,AS-DHA-01
1999-12-23,0.0,42.16,AS-DHA-01
1999-12-24,0.1,41.86,AS-DHA-01
1999-12-25,0.0,41.76,AS-DHA-01
1999-12-26,0.0,41.57,AS-DHA-01
1999-12-27,0.0,41.27,AS-DHA-01
1999-12-28,0.0,40.89,AS-DHA-01
1999-12-29,0.0,40.6,AS-DHA-01
1999-12-30,0.0,40.31,AS-DHA-01
1999-12-31,0.0,40.12,AS-DHA-01
2000-01-01,0.0,39.85,AS-DHA-01
2000-01-02,0.0,39.56,AS-DHA-01
2000-01-03,0.0,39.28,AS-DHA-01
2000-01-04,0.0,38.91,AS-DHA-01
2000-01-05,0.0,38.64,AS-DHA-01
2000-01-06,0.0,38.28,AS-DHA-01
2000-01-07,0.0,38.0,AS-DHA-01
2000-01-08,0.0,37.74,AS-DHA-01
2000-01-09,0.0,37.47,AS-DHA-01
2000-01-10,0.0,37.2,AS-DHA-01
2000-01-11,0.0,37.03,AS-DHA-01
2000-01-12,0.0,36.76,AS-DHA-01
2000-01-13,0.3,36.5,AS-DHA-01
2000-01-14,6.9,36.68,AS-DHA-01
2000-01-15,0.8,36.68,AS-DHA-01
2000-01-16,0.8,36.42,AS-DHA-01
2000-01-17,0.2,36.07,AS-DHA-01
2000-01-18,0.0,35.82,AS-DHA-01
2000-01-19,0.5,35.48,AS-DHA-01
2000-01-20,12.4,35.73,AS-DHA-01
2000-01-21,0.4,35.56,AS-DHA-01
2000-01-22,7.0,36.07,AS-DHA-01
2000-01-23,4.3,38.37,AS-DHA-01
2000-01-24,0.3,41.37,AS-DHA-01
2000-01-25,0.0,41.18,AS-DHA-01
2000-01-26,0.0,39.01,AS-DHA-01
2000-01-27,0.0,36.94,AS-DHA-01
2000-01-28,20.0,37.2,AS-DHA-01
2000-01-29,20.4,39.75,AS-DHA-01
2000-01-30,0.0,46.76,AS-DHA-01
2000-01-31,0.0,52.47,AS-DHA-01
2000-02-01,0.0,48.9,AS-DHA-01
2000-02-02,7.0,44.3,AS-DHA-01
2000-02-03,5.6,42.06,AS-DHA-01
2000-02-04,0.0,41.37,AS-DHA-01
2000-02-05,0.0,40.21,AS-DHA-01
2000-02-06,0.4,38.55,AS-DHA-01
2000-02-07,8.7,38.46,AS-DHA-01
2000-02-08,3.8,40.03,AS-DHA-01
2000-02-09,2.9,40.79,AS-DHA-01
2000-02-10,0.0,38.91,AS-DHA-01
2000-02-11,0.0,36.5,AS-DHA-01
2000-02-12,0.0,34.74,AS-DHA-01
2000-02-13,0.0,33.6,AS-DHA-01
2000-02-14,0.0,32.74,AS-DHA-01
2000-02-15,0.0,32.2,AS-DHA-01
2000-02-16,0.0,31.74,AS-DHA-01
2000-02-17,0.0,31.44,AS-DHA-01
2000-02-18,5.0,31.29,AS-DHA-01
2000-02-19,1.2,31.07,AS-DHA-01
2000-02-20,0.8,30.77,AS-DHA-01
2000-02-21,0.0,30.49,AS-DHA-01
2000-02-22,0.0,30.2,AS-DHA-01
2000-02-23,0.0,29.91,AS-DHA-01
2000-02-24,0.0,29.63,AS-DHA-01
2000-02-25,0.0,29.35,AS-DHA-01
2000-02-26,1.8,29.14,AS-DHA-01
2000-02-27,1.7,29.14,AS-DHA-01
2000-02-28,0.4,29.14,AS-DHA-01
2000-02-29,0.0,29.0,AS-DHA-01
2000-03-01,5.1,29.28,AS-DHA-01
2000-03-02,37.9,51.13,AS-DHA-01
2000-03-03,11.2,74.52,AS-DHA-01
2000-03-04,6.9,79.55,AS-DHA-01
2000-03-05,15.3,77.36,AS-DHA-01
2000-03-06,7.6,75.75,AS-DHA-01
2000-03-07,3.9,74.52,AS-DHA-01
2000-03-08,21.3,73.83,AS-DHA-01
2000-03-09,30.7,84.92,AS-DHA-01
2000-03-10,10.6,82.96,AS-DHA-01
2000-03-11,4.0,77.36,AS-DHA-01
2000-03-12,36.8,121.48,AS-DHA-01
2000-03-13,27.0,166.53,AS-DHA-01
2000-03-14,14.5,164.61,AS-DHA-01
2000-03-15,31.1,167.68,AS-DHA-01
2000-03-16,8.0,152.5,AS-DHA-01
2000-03-17,0.0,133.31,AS-DHA-01
2000-03-18,0.0,116.24,AS-DHA-01
2000-03-19,3.1,103.25,AS-DHA-01
2000-03-20,1.7,93.64,AS-DHA-01
2000-03-21,0.0,85.52,AS-DHA-01
2000-03-22,0.0,78.45,AS-DHA-01
2000-03-23,0.0,72.47,AS-DHA-01
2000-03-24,0.0,66.94,AS-DHA-01
2000-03-25,0.7,62.26,AS-DHA-01
2000-03-26,0.0,58.17,AS-DHA-01
2000-03-27,0.0,54.6,AS-DHA-01
2000-03-28,0.0,51.37,AS-DHA-01
2000-03-29,0.0,48.79,AS-DHA-01
2000-03-30,0.0,46.65,AS-DHA-01
2000-03-31,3.5,44.93,AS-DHA-01
2000-04-01,6.4,43.99,AS-DHA-01
2000-04-02,1.9,43.27,AS-DHA-01
2000-04-03,4.6,42.26,AS-DHA-01
2000-04-04,2.0,40.98,AS-DHA-01
2000-04-05,15.2,43.37,AS-DHA-01
2000-04-06,25.8,50.53,AS-DHA-01
2000-04-07,12.7,52.22,AS-DHA-01
2000-04-08,14.9,53.22,AS-DHA-01
2000-04-09,7.6,52.72,AS-DHA-01
2000-04-10,18.3,54.1,AS-DHA-01
2000-04-11,2.2,54.1,AS-DHA-01
2000-04-12,0.0,52.47,AS-DHA-01
2000-04-13,0.2,49.94,AS-DHA-01
2000-04-14,3.0,47.43,AS-DHA-01
2000-04-15,0.0,45.35,AS-DHA-01
2000-04-16,18.0,49.48,AS-DHA-01
2000-04-17,7.1,54.86,AS-DHA-01
2000-04-18,13.2,58.86,AS-DHA-01
2000-04-19,0.4,60.53,AS-DHA-01
2000-04-20,8.4,62.84,AS-DHA-01
2000-04-21,23.5,69.48,AS-DHA-01
2000-04-22,27.4,91.49,AS-DHA-01
2000-04-23,40.6,142.58,AS-DHA-01
2000-04-24,38.3,190.03,AS-DHA-01
2000-04-25,16.4,197.65,AS-DHA-01
2000-04-26,13.5,190.47,AS-DHA-01
2000-04-27,13.0,667.46,AS-DHA-01
2000-04-28,35.9,1226.67,AS-DHA-01
2000-04-29,48.4,1015.44,AS-DHA-01
2000-04-30,66.8,880.21,AS-DHA-01
2000-05-01,107.4,987.73,AS-DHA-01
2000-05-02,75.0,945.41,AS-DHA-01
2000-05-03,6.0,755.98,AS-DHA-01
2000-05-04,0.0,621.41,AS-DHA-01
2000-05-05,0.0,534.89,AS-DHA-01
2000-05-06,3.9,474.42,AS-DHA-01
2000-05-07,8.4,431.59,AS-DHA-01
2000-05-08,19.6,399.94,AS-DHA-01
2000-05-09,6.1,373.18,AS-DHA-01
2000-05-10,2.4,347.4,AS-DHA-01
2000-05-11,0.9,321.91,AS-DHA-01
2000-05-12,0.6,299.66,AS-DHA-01
2000-05-13,4.9,279.6,AS-DHA-01
2000-05-14,13.9,262.68,AS-DHA-01
2000-05-15,33.1,267.58,AS-DHA-01
2000-05-16,37.4,282.85,AS-DHA-01
2000-05-17,66.4,326.41,AS-DHA-01
2000-05-18,126.2,684.62,AS-DHA-01
2000-05-19,19.6,854.23,AS-DHA-01
2000-05-20,15.9,829.0,AS-DHA-01
2000-05-21,12.3,678.33,AS-DHA-01
2000-05-22,38.3,673.65,AS-DHA-01
2000-05-23,81.6,947.59,AS-DHA-01
2000-05-24,34.3,1031.95,AS-DHA-01
2000-05-25,54.3,1118.65,AS-DHA-01
2000-05-26,57.0,1311.44,AS-DHA-01
2000-05-27,24.3,1179.54,AS-DHA-01
2000-05-28,64.0,1048.73,AS-DHA-01
2000-05-29,35.1,976.42,AS-DHA-01
2000-05-30,21.4,911.18,AS-DHA-01
2000-05-31,16.9,852.26,AS-DHA-01
2000-06-01,54.9,810.11,AS-DHA-01
2000-06-02,2.6,752.49,AS-DHA-01
2000-06-03,0.0,695.75,AS-DHA-01
2000-06-04,22.4,661.34,AS-DHA-01
2000-06-05,23.0,697.36,AS-DHA-01
2000-06-06,21.7,713.63,AS-DHA-01
2000-06-07,40.8,692.55,AS-DHA-01
2000-06-08,13.8,650.75,AS-DHA-01
2000-06-09,13.6,608.65,AS-DHA-01
2000-06-10,41.2,578.53,AS-DHA-01
2000-06-11,18.6,543.61,AS-DHA-01
2000-06-12,130.5,1471.59,AS-DHA-01
2000-06-13,23.5,1498.96,AS-DHA-01
2000-06-14,14.6,1103.28,AS-DHA-01
2000-06-15,17.1,904.9,AS-DHA-01
2000-06-16,8.1,813.85,AS-DHA-01
2000-06-17,5.7,770.05,AS-DHA-01
2000-06-18,71.9,900.74,AS-DHA-01
2000-06-19,19.5,921.74,AS-DHA-01
2000-06-20,55.9,915.39,AS-DHA-01
2000-06-21,26.8,840.56,AS-DHA-01
2000-06-22,58.6,789.82,AS-DHA-01
2000-06-23,25.2,743.87,AS-DHA-01
2000-06-24,65.3,752.49,AS-DHA-01
2000-06-25,17.1,784.39,AS-DHA-01
2000-06-26,21.0,775.39,AS-DHA-01
2000-06-27,19.7,718.59,AS-DHA-01
2000-06-28,23.0,686.19,AS-DHA-01
2000-06-29,27.4,675.21,AS-DHA-01
2000-06-30,20.4,653.76,AS-DHA-01
2000-07-01,24.0,615.71,AS-DHA-01
2000-07-02,15.4,577.21,AS-DHA-01
2000-07-03,9.0,541.1,AS-DHA-01
2000-07-04,17.2,513.14,AS-DHA-01
2000-07-05,27.4,492.27,AS-DHA-01
2000-07-06,5.2,463.61,AS-DHA-01
2000-07-07,18.9,444.74,AS-DHA-01
2000-07-08,27.8,434.6,AS-DHA-01
2000-07-09,61.4,465.75,AS-DHA-01
2000-07-10,15.0,475.52,AS-DHA-01
2000-07-11,3.1,477.72,AS-DHA-01
2000-07-12,32.6,566.65,AS-DHA-01
2000-07-13,24.4,605.84,AS-DHA-01
2000-07-14,32.8,587.95,AS-DHA-01
2000-07-15,19.8,582.55,AS-DHA-01
2000-07-16,16.2,564.04,AS-DHA-01
2000-07-17,33.3,567.95,AS-DHA-01
2000-07-18,4.2,555.01,AS-DHA-01
2000-07-19,0.3,515.52,AS-DHA-01
2000-07-20,30.3,501.44,AS-DHA-01
2000-07-21,22.0,487.74,AS-DHA-01
2000-07-22,30.3,472.24,AS-DHA-01
2000-07-23,28.3,460.4,AS-DHA-01
2000-07-24,20.3,471.15,AS-DHA-01
2000-07-25,10.5,474.42,AS-DHA-01
2000-07-26,19.5,450.94,AS-DHA-01
2000-07-27,27.3,433.59,AS-DHA-01
2000-07-28,27.7,421.75,AS-DHA-01
2000-07-29,21.0,407.4,AS-DHA-01
2000-07-30,12.1,386.33,AS-DHA-01
2000-07-31,21.8,368.9,AS-DHA-01
2000-08-01,59.1,397.18,AS-DHA-01
2000-08-02,52.7,842.49,AS-DHA-01
2000-08-03,14.8,947.59,AS-DHA-01
2000-08-04,14.3,743.87,AS-DHA-01
2000-08-05,10.2,617.13,AS-DHA-01
2000-08-06,25.9,557.58,AS-DHA-01
2000-08-07,14.1,529.99,AS-DHA-01
2000-08-08,18.1,558.86,AS-DHA-01
2000-08-09,32.8,652.26,AS-DHA-01
2000-08-10,31.3,676.76,AS-DHA-01
2000-08-11,50.7,676.76,AS-DHA-01
2000-08-12,33.3,675.21,AS-DHA-01
2000-08-13,19.9,638.85,AS-DHA-01
2000-08-14,24.4,607.25,AS-DHA-01
2000-08-15,43.1,601.67,AS-DHA-01
2000-08-16,94.0,631.53,AS-DHA-01
2000-08-17,11.0,637.38,AS-DHA-01
2000-08-18,38.1,745.59,AS-DHA-01
2000-08-19,24.3,795.3,AS-DHA-01
2000-08-20,18.2,733.65,AS-DHA-01
2000-08-21,7.1,665.93,AS-DHA-01
2000-08-22,2.3,710.34,AS-DHA-01
2000-08-23,16.2,755.98,AS-DHA-01
2000-08-24,8.2,710.34,AS-DHA-01
2000-08-25,6.4,649.25,AS-DHA-01
2000-08-26,20.2,611.46,AS-DHA-01
2000-08-27,23.5,587.95,AS-DHA-01
2000-08-28,35.1,574.55,AS-DHA-01
2000-08-29,16.5,644.77,AS-DHA-01
2000-08-30,12.6,743.87,AS-DHA-01
2000-08-31,16.1,766.5,AS-DHA-01
2000-09-01,20.2,1039.11,AS-DHA-01
2000-09-02,39.9,1113.5,AS-DHA-01
2000-09-03,22.2,1235.18,AS-DHA-01
2000-09-04,18.3,1609.94,AS-DHA-01
2000-09-05,20.2,1573.27,AS-DHA-01
2000-09-06,28.7,1305.41,AS-DHA-01
2000-09-07,22.7,1190.46,AS-DHA-01
2000-09-08,31.6,1090.65,AS-DHA-01
2000-09-09,45.2,999.19,AS-DHA-01
2000-09-10,44.8,943.24,AS-DHA-01
2000-09-11,12.0,880.21,AS-DHA-01
2000-09-12,0.5,819.5,AS-DHA-01
2000-09-13,4.0,786.19,AS-DHA-01
2000-09-14,79.1,996.88,AS-DHA-01
2000-09-15,55.8,1238.02,AS-DHA-01
2000-09-16,51.8,1913.61,AS-DHA-01
2000-09-17,37.9,2843.99,AS-DHA-01
2000-09-18,17.7,3047.45,AS-DHA-01
2000-09-19,1.2,2442.88,AS-DHA-01
2000-09-20,7.4,1844.36,AS-DHA-01
2000-09-21,10.4,1540.98,AS-DHA-01
2000-09-22,21.5,1354.44,AS-DHA-01
2000-09-23,32.7,1258.16,AS-DHA-01
2000-09-24,25.8,1193.21,AS-DHA-01
2000-09-25,15.9,1126.41,AS-DHA-01
2000-09-26,5.2,1053.58,AS-DHA-01
2000-09-27,2.6,983.19,AS-DHA-01
2000-09-28,0.0,919.62,AS-DHA-01
2000-09-29,0.0,862.14,AS-DHA-01
2000-09-30,13.9,834.76,AS-DHA-01
2000-10-01,9.3,965.23,AS-DHA-01
2000-10-02,33.3,1366.98,AS-DHA-01
2000-10-03,13.3,1562.43,AS-DHA-01
2000-10-04,1.2,1379.64,AS-DHA-01
2000-10-05,1.6,1147.37,AS-DHA-01
2000-10-06,0.2,1003.8,AS-DHA-01
2000-10-07,2.6,906.99,AS-DHA-01
2000-10-08,4.0,832.83,AS-DHA-01
2000-10-09,11.9,773.61,AS-DHA-01
2000-10-10,3.6,725.24,AS-DHA-01
2000-10-11,0.7,679.9,AS-DHA-01
2000-10-12,0.1,635.91,AS-DHA-01
2000-10-13,0.0,596.14,AS-DHA-01
2000-10-14,0.0,558.86,AS-DHA-01
2000-10-15,0.0,525.12,AS-DHA-01
2000-10-16,0.0,494.54,AS-DHA-01
2000-10-17,0.3,467.9,AS-DHA-01
2000-10-18,0.0,446.8,AS-DHA-01
2000-10-19,0.0,424.68,AS-DHA-01
2000-10-20,1.3,399.02,AS-DHA-01
2000-10-21,0.0,373.18,AS-DHA-01
2000-10-22,0.0,349.01,AS-DHA-01
2000-10-23,2.2,326.41,AS-DHA-01
2000-10-24,0.0,306.67,AS-DHA-01
2000-10-25,0.0,286.79,AS-DHA-01
2000-10-26,0.0,267.58,AS-DHA-01
2000-10-27,7.9,380.13,AS-DHA-01
2000-10-28,16.1,759.47,AS-DHA-01
2000-10-29,2.1,784.39,AS-DHA-01
2000-10-30,0.0,579.87,AS-DHA-01
2000-10-31,0.0,464.67,AS-DHA-01
2000-11-01,0.0,395.35,AS-DHA-01
2000-11-02,0.0,348.21,AS-DHA-01
2000-11-03,0.0,313.11,AS-DHA-01
2000-11-04,0.0,284.16,AS-DHA-01
2000-11-05,0.2,260.27,AS-DHA-01
2000-11-06,1.0,238.93,AS-DHA-01
2000-11-07,1.0,220.86,AS-DHA-01
2000-11-08,0.0,204.16,AS-DHA-01
2000-11-09,4.4,188.71,AS-DHA-01
2000-11-10,6.0,174.42,AS-DHA-01
2000-11-11,0.0,161.59,AS-DHA-01
2000-11-12,0.0,149.34,AS-DHA-01
2000-11-13,0.0,138.67,AS-DHA-01
2000-11-14,0.9,128.75,AS-DHA-01
2000-11-15,0.0,119.53,AS-DHA-01
2000-11-16,0.0,110.71,AS-DHA-01
2000-11-17,0.0,102.53,AS-DHA-01
2000-11-18,0.3,95.41,AS-DHA-01
2000-11-19,8.0,90.01,AS-DHA-01
2000-11-20,4.3,85.12,AS-DHA-01
2000-11-21,0.0,80.3,AS-DHA-01
2000-11-22,0.0,75.75,AS-DHA-01
2000-11-23,0.0,71.8,AS-DHA-01
2000-11-24,0.0,68.51,AS-DHA-01
2000-11-25,0.0,65.54,AS-DHA-01
2000-11-26,0.0,63.14,AS-DHA-01
2000-11-27,0.0,61.24,AS-DHA-01
2000-11-28,0.0,59.4,AS-DHA-01
2000-11-29,4.1,57.9,AS-DHA-01
2000-11-30,0.1,56.69,AS-DHA-01
2000-12-01,0.1,55.5,AS-DHA-01
2000-12-02,0.0,54.47,AS-DHA-01
2000-12-03,0.0,53.59,AS-DHA-01
2000-12-04,0.0,52.72,AS-DHA-01
2000-12-05,0.0,52.1,AS-DHA-01
2000-12-06,0.0,51.49,AS-DHA-01
2000-12-07,0.0,51.13,AS-DHA-01
2000-12-08,0.0,50.77,AS-DHA-01
2000-12-09,0.0,50.41,AS-DHA-01
2000-12-10,0.0,50.18,AS-DHA-01
2000-12-11,0.5,49.82,AS-DHA-01
2000-12-12,0.2,49.48,AS-DHA-01
2000-12-13,0.0,49.25,AS-DHA-01
2000-12-14,0.0,48.9,AS-DHA-01
2000-12-15,0.0,48.56,AS-DHA-01
2000-12-16,0.0,48.22,AS-DHA-01
2000-12-17,0.0,47.88,AS-DHA-01
2000-12-18,0.0,47.65,AS-DHA-01
2000-12-19,0.0,47.32,AS-DHA-01
2000-12-20,0.0,46.98,AS-DHA-01
2000-12-21,0.0,46.76,AS-DHA-01
2000-12-22,0.0,46.43,AS-DHA-01
2000-12-23,0.0,46.11,AS-DHA-01
2000-12-24,0.0,45.78,AS-DHA-01
2000-12-25,0.0,45.46,AS-DHA-01
2000-12-26,0.0,45.24,AS-DHA-01
2000-12-27,0.0,44.93,AS-DHA-01
2000-12-28,0.0,44.62,AS-DHA-01
2000-12-29,0.0,44.3,AS-DHA-01
2000-12-30,0.0,44.1,AS-DHA-01
2000-12-31,0.0,43.78,AS-DHA-01
2001-01-01,0.0,43.48,AS-DHA-01
2001-01-02,0.0,43.17,AS-DHA-01
2001-01-03,0.9,42.86,AS-DHA-01
2001-01-04,1.0,42.56,AS-DHA-01
2001-01-05,4.2,42.36,AS-DHA-01
2001-01-06,0.0,42.16,AS-DHA-01
2001-01-07,0.0,41.86,AS-DHA-01
2001-01-08,0.0,41.57,AS-DHA-01
2001-01-09,0.0,41.27,AS-DHA-01
2001-01-10,0.0,40.98,AS-DHA-01
2001-01-11,0.0,40.69,AS-DHA-01
2001-01-12,0.0,40.5,AS-DHA-01
2001-01-13,0.0,40.12,AS-DHA-01
2001-01-14,0.0,39.85,AS-DHA-01
2001-01-15,0.0,39.56,AS-DHA-01
2001-01-16,0.0,39.28,AS-DHA-01
2001-01-17,0.0,39.01,AS-DHA-01
2001-01-18,0.0,38.73,AS-DHA-01
2001-01-19,0.0,38.46,AS-DHA-01
2001-01-20,0.0,38.18,AS-DHA-01
2001-01-21,0.0,37.91,AS-DHA-01
2001-01-22,0.0,37.65,AS-DHA-01
2001-01-23,10.2,38.0,AS-DHA-01
2001-01-24,6.2,38.82,AS-DHA-01
2001-01-25,0.0,38.82,AS-DHA-01
2001-01-26,0.0,38.09,AS-DHA-01
2001-01-27,0.0,37.47,AS-DHA-01
2001-01-28,0.0,37.03,AS-DHA-01
2001-01-29,0.0,36.68,AS-DHA-01
2001-01-30,0.0,36.25,AS-DHA-01
2001-01-31,0.1,35.9,AS-DHA-01
2001-02-01,0.6,35.73,AS-DHA-01
2001-02-02,1.4,35.73,AS-DHA-01
2001-02-03,0.3,35.4,AS-DHA-01
2001-02-04,0.0,35.15,AS-DHA-01
2001-02-05,0.0,34.82,AS-DHA-01
2001-02-06,0.0,34.49,AS-DHA-01
2001-02-07,0.0,33.68,AS-DHA-01
2001-02-08,0.0,32.89,AS-DHA-01
2001-02-09,0.0,32.5,AS-DHA-01
2001-02-10,0.0,32.12,AS-DHA-01
2001-02-11,0.0,31.89,AS-DHA-01
2001-02-12,0.0,31.59,AS-DHA-01
2001-02-13,0.0,31.36,AS-DHA-01
2001-02-14,0.0,31.07,AS-DHA-01
2001-02-15,0.0,30.77,AS-DHA-01
2001-02-16,0.6,30.49,AS-DHA-01
2001-02-17,7.6,30.49,AS-DHA-01
2001-02-18,4.3,30.56,AS-DHA-01
2001-02-19,13.7,31.59,AS-DHA-01
2001-02-20,19.3,34.17,AS-DHA-01
2001-02-21,41.1,39.19,AS-DHA-01
2001-02-22,13.3,40.79,AS-DHA-01
2001-02-23,0.0,41.96,AS-DHA-01
2001-02-24,1.8,41.96,AS-DHA-01
2001-02-25,31.8,76.29,AS-DHA-01
2001-02-26,52.2,144.91,AS-DHA-01
2001-02-27,8.2,133.31,AS-DHA-01
2001-02-28,0.4,108.42,AS-DHA-01
2001-03-01,0.3,88.55,AS-DHA-01
2001-03-02,1.1,75.05,AS-DHA-01
2001-03-03,0.0,65.39,AS-DHA-01
2001-03-04,0.0,58.31,AS-DHA-01
2001-03-05,1.2,52.84,AS-DHA-01
2001-03-06,8.8,49.37,AS-DHA-01
2001-03-07,0.0,47.09,AS-DHA-01
2001-03-08,0.0,44.62,AS-DHA-01
2001-03-09,0.0,41.76,AS-DHA-01
2001-03-10,1.5,39.28,AS-DHA-01
2001-03-11,0.0,37.47,AS-DHA-01
2001-03-12,0.0,35.99,AS-DHA-01
2001-03-13,0.0,34.58,AS-DHA-01
2001-03-14,0.0,33.52,AS-DHA-01
2001-03-15,0.3,32.66,AS-DHA-01
2001-03-16,1.7,31.74,AS-DHA-01
2001-03-17,0.4,30.85,AS-DHA-01
2001-03-18,0.2,30.13,AS-DHA-01
2001-03-19,0.0,29.63,AS-DHA-01
2001-03-20,0.0,29.14,AS-DHA-01
2001-03-21,0.0,28.66,AS-DHA-01
2001-03-22,0.0,28.18,AS-DHA-01
2001-03-23,23.8,30.06,AS-DHA-01
2001-03-24,15.7,35.65,AS-DHA-01
2001-03-25,21.1,42.56,AS-DHA-01
2001-03-26,6.8,42.16,AS-DHA-01
2001-03-27,16.3,53.47,AS-DHA-01
2001-03-28,10.1,59.82,AS-DHA-01
2001-03-29,21.4,74.52,AS-DHA-01
2001-03-30,19.8,86.32,AS-DHA-01
2001-03-31,12.5,82.77,AS-DHA-01
2001-04-01,10.2,78.08,AS-DHA-01
2001-04-02,11.7,74.35,AS-DHA-01
2001-04-03,1.6,69.64,AS-DHA-01
2001-04-04,0.4,64.17,AS-DHA-01
2001-04-05,0.0,59.13,AS-DHA-01
2001-04-06,0.0,54.6,AS-DHA-01
2001-04-07,0.5,50.65,AS-DHA-01
2001-04-08,4.8,47.88,AS-DHA-01
2001-04-09,3.6,46.54,AS-DHA-01
2001-04-10,22.8,61.24,AS-DHA-01
2001-04-11,11.9,66.62,AS-DHA-01
2001-04-12,32.5,84.33,AS-DHA-01
2001-04-13,32.4,116.24,AS-DHA-01
2001-04-14,24.0,119.53,AS-DHA-01
2001-04-15,10.2,104.46,AS-DHA-01
2001-04-16,17.0,97.65,AS-DHA-01
2001-04-17,1.2,92.77,AS-DHA-01
2001-04-18,24.4,96.52,AS-DHA-01
2001-04-19,21.5,100.41,AS-DHA-01
2001-04-20,2.8,96.3,AS-DHA-01
2001-04-21,16.1,95.85,AS-DHA-01
2001-04-22,0.6,91.07,AS-DHA-01
2001-04-23,0.0,84.13,AS-DHA-01
2001-04-24,0.0,77.54,AS-DHA-01
2001-04-25,8.8,71.96,AS-DHA-01
2001-04-26,7.2,68.35,AS-DHA-01
2001-04-27,21.1,72.81,AS-DHA-01
2001-04-28,56.1,153.2,AS-DHA-01
2001-04-29,114.5,453.03,AS-DHA-01
2001-04-30,45.5,468.98,AS-DHA-01
2001-05-01,2.3,338.69,AS-DHA-01
2001-05-02,0.0,250.24,AS-DHA-01
2001-05-03,36.6,211.36,AS-DHA-01
2001-05-04,42.9,209.9,AS-DHA-01
2001-05-05,43.0,236.18,AS-DHA-01
2001-05-06,19.7,227.08,AS-DHA-01
2001-05-07,42.7,252.56,AS-DHA-01
2001-05-08,10.4,253.73,AS-DHA-01
2001-05-09,56.0,597.52,AS-DHA-01
2001-05-10,11.1,1134.22,AS-DHA-01
2001-05-11,1.0,1070.72,AS-DHA-01
2001-05-12,0.0,737.05,AS-DHA-01
2001-05-13,0.0,547.38,AS-DHA-01
2001-05-14,3.4,440.65,AS-DHA-01
2001-05-15,4.6,378.39,AS-DHA-01
2001-05-16,16.7,346.6,AS-DHA-01
2001-05-17,46.4,342.62,AS-DHA-01
2001-05-18,17.3,328.67,AS-DHA-01
2001-05-19,21.0,323.4,AS-DHA-01
2001-05-20,9.4,312.39,AS-DHA-01
2001-05-21,18.6,298.98,AS-DHA-01
2001-05-22,44.2,304.55,AS-DHA-01
2001-05-23,33.8,307.38,AS-DHA-01
2001-05-24,16.7,292.14,AS-DHA-01
2001-05-25,18.3,275.74,AS-DHA-01
2001-05-26,2.1,260.27,AS-DHA-01
2001-05-27,8.7,249.66,AS-DHA-01
2001-05-28,10.6,246.79,AS-DHA-01
2001-05-29,17.7,245.65,AS-DHA-01
2001-05-30,28.3,249.66,AS-DHA-01
2001-05-31,115.8,470.06,AS-DHA-01
2001-06-01,23.0,738.74,AS-DHA-01
2001-06-02,52.2,874.15,AS-DHA-01
2001-06-03,52.5,797.14,AS-DHA-01
2001-06-04,114.0,844.44,AS-DHA-01
2001-06-05,31.0,846.38,AS-DHA-01
2001-06-06,42.6,811.98,AS-DHA-01
2001-06-07,51.5,762.98,AS-DHA-01
2001-06-08,28.0,723.57,AS-DHA-01
2001-06-09,24.3,738.74,AS-DHA-01
2001-06-10,7.2,747.3,AS-DHA-01
2001-06-11,10.4,726.92,AS-DHA-01
2001-06-12,17.7,745.59,AS-DHA-01
2001-06-13,9.9,762.98,AS-DHA-01
2001-06-14,12.7,766.5,AS-DHA-01
2001-06-15,20.5,784.39,AS-DHA-01
2001-06-16,20.1,811.98,AS-DHA-01
2001-06-17,41.8,886.32,AS-DHA-01
2001-06-18,20.0,880.21,AS-DHA-01
2001-06-19,30.8,827.09,AS-DHA-01
2001-06-20,40.9,786.19,AS-DHA-01
2001-06-21,18.2,752.49,AS-DHA-01
2001-06-22,39.3,798.98,AS-DHA-01
2001-06-23,22.6,786.19,AS-DHA-01
2001-06-24,14.2,768.27,AS-DHA-01
2001-06-25,24.7,764.74,AS-DHA-01
2001-06-26,36.9,784.39,AS-DHA-01
2001-06-27,30.8,782.58,AS-DHA-01
2001-06-28,17.3,770.05,AS-DHA-01
2001-06-29,34.1,990.02,AS-DHA-01
2001-06-30,25.6,1495.52,AS-DHA-01
2001-07-01,12.5,2172.1,AS-DHA-01
2001-07-02,4.7,1918.02,AS-DHA-01
2001-07-03,7.7,1481.8,AS-DHA-01
2001-07-04,2.0,1218.21,AS-DHA-01
2001-07-05,22.3,1144.72,AS-DHA-01
2001-07-06,31.5,1190.46,AS-DHA-01
2001-07-07,18.3,1166.03,AS-DHA-01
2001-07-08,65.8,1129.0,AS-DHA-01
2001-07-09,15.0,1136.84,AS-DHA-01
2001-07-10,26.4,1275.67,AS-DHA-01
2001-07-11,22.9,1255.27,AS-DHA-01
2001-07-12,14.1,1144.72,AS-DHA-01
2001-07-13,11.6,1041.51,AS-DHA-01
2001-07-14,21.7,956.37,AS-DHA-01
2001-07-15,16.4,902.81,AS-DHA-01
2001-07-16,21.8,898.66,AS-DHA-01
2001-07-17,27.9,909.08,AS-DHA-01
2001-07-18,26.7,987.73,AS-DHA-01
2001-07-19,25.3,978.67,AS-DHA-01
2001-07-20,54.5,934.58,AS-DHA-01
2001-07-21,41.9,936.73,AS-DHA-01
2001-07-22,6.8,932.43,AS-DHA-01
2001-07-23,20.8,900.74,AS-DHA-01
2001-07-24,34.2,852.26,AS-DHA-01
2001-07-25,13.5,795.3,AS-DHA-01
2001-07-26,17.2,742.16,AS-DHA-01
2001-07-27,26.5,698.98,AS-DHA-01
2001-07-28,9.9,655.27,AS-DHA-01
2001-07-29,118.2,743.87,AS-DHA-01
2001-07-30,29.5,1363.84,AS-DHA-01
2001-07-31,23.4,1940.24,AS-DHA-01
2001-08-01,8.0,1717.23,AS-DHA-01
2001-08-02,0.8,1405.31,AS-DHA-01
2001-08-03,0.0,1131.61,AS-DHA-01
2001-08-04,2.7,980.93,AS-DHA-01
2001-08-05,12.9,892.47,AS-DHA-01
2001-08-06,3.1,844.44,AS-DHA-01
2001-08-07,4.1,797.14,AS-DHA-01
2001-08-08,7.3,755.98,AS-DHA-01
2001-08-09,11.5,721.91,AS-DHA-01
2001-08-10,14.0,690.96,AS-DHA-01
2001-08-11,8.9,661.34,AS-DHA-01
2001-08-12,26.7,641.81,AS-DHA-01
2001-08-13,11.8,655.27,AS-DHA-01
2001-08-14,34.0,707.08,AS-DHA-01
2001-08-15,24.5,705.45,AS-DHA-01
2001-08-16,8.7,655.27,AS-DHA-01
2001-08-17,22.2,615.71,AS-DHA-01
2001-08-18,7.0,593.4,AS-DHA-01
2001-08-19,5.6,575.88,AS-DHA-01
2001-08-20,14.4,587.95,AS-DHA-01
2001-08-21,28.5,605.84,AS-DHA-01
2001-08-22,27.6,594.78,AS-DHA-01
2001-08-23,14.9,567.95,AS-DHA-01
2001-08-24,22.6,544.86,AS-DHA-01
2001-08-25,29.7,537.37,AS-DHA-01
2001-08-26,22.8,622.85,AS-DHA-01
2001-08-27,15.7,676.76,AS-DHA-01
2001-08-28,15.9,665.93,AS-DHA-01
2001-08-29,24.4,646.26,AS-DHA-01
2001-08-30,28.0,638.85,AS-DHA-01
2001-08-31,58.2,667.46,AS-DHA-01
2001-09-01,29.5,656.78,AS-DHA-01
2001-09-02,11.6,610.06,AS-DHA-01
2001-09-03,14.4,562.75,AS-DHA-01
2001-09-04,11.6,521.49,AS-DHA-01
2001-09-05,17.2,499.13,AS-DHA-01
2001-09-06,28.1,504.92,AS-DHA-01
2001-09-07,35.3,508.42,AS-DHA-01
2001-09-08,31.3,493.4,AS-DHA-01
2001-09-09,44.4,486.62,AS-DHA-01
2001-09-10,23.8,508.42,AS-DHA-01
2001-09-11,30.9,569.27,AS-DHA-01
2001-09-12,18.8,604.46,AS-DHA-01
2001-09-13,32.4,617.13,AS-DHA-01
2001-09-14,23.1,570.59,AS-DHA-01
2001-09-15,6.1,520.3,AS-DHA-01
2001-09-16,20.5,499.13,AS-DHA-01
2001-09-17,60.3,1168.72,AS-DHA-01
2001-09-18,29.6,1261.06,AS-DHA-01
2001-09-19,21.7,1029.58,AS-DHA-01
2001-09-20,13.5,864.13,AS-DHA-01
2001-09-21,5.6,750.77,AS-DHA-01
2001-09-22,8.0,678.33,AS-DHA-01
2001-09-23,10.1,635.91,AS-DHA-01
2001-09-24,10.3,607.25,AS-DHA-01
2001-09-25,4.5,590.68,AS-DHA-01
2001-09-26,10.3,586.6,AS-DHA-01
2001-09-27,8.4,578.53,AS-DHA-01
2001-09-28,4.3,561.45,AS-DHA-01
2001-09-29,14.8,543.61,AS-DHA-01
2001-09-30,25.6,522.7,AS-DHA-01
2001-10-01,42.3,531.2,AS-DHA-01
2001-10-02,36.3,567.95,AS-DHA-01
2001-10-03,33.9,703.83,AS-DHA-01
2001-10-04,51.1,838.62,AS-DHA-01
2001-10-05,11.5,793.48,AS-DHA-01
2001-10-06,28.9,715.27,AS-DHA-01
2001-10-07,20.1,656.78,AS-DHA-01
2001-10-08,2.0,604.46,AS-DHA-01
2001-10-09,2.8,564.04,AS-DHA-01
2001-10-10,10.2,553.72,AS-DHA-01
2001-10-11,3.5,543.61,AS-DHA-01
2001-10-12,0.6,514.33,AS-DHA-01
2001-10-13,11.6,488.87,AS-DHA-01
2001-10-14,11.9,476.62,AS-DHA-01
2001-10-15,4.9,464.67,AS-DHA-01
2001-10-16,5.0,444.74,AS-DHA-01
2001-10-17,5.8,424.68,AS-DHA-01
2001-10-18,57.9,450.94,AS-DHA-01
2001-10-19,9.1,450.94,AS-DHA-01
2001-10-20,0.0,428.62,AS-DHA-01
2001-10-21,0.0,399.02,AS-DHA-01
2001-10-22,0.0,369.76,AS-DHA-01
2001-10-23,0.0,342.62,AS-DHA-01
2001-10-24,0.0,317.48,AS-DHA-01
2001-10-25,0.0,295.54,AS-DHA-01
2001-10-26,0.0,276.38,AS-DHA-01
2001-10-27,0.0,259.07,AS-DHA-01
2001-10-28,0.0,242.27,AS-DHA-01
2001-10-29,2.5,230.25,AS-DHA-01
2001-10-30,27.1,254.32,AS-DHA-01
2001-10-31,2.1,377.51,AS-DHA-01
2001-11-01,1.7,455.12,AS-DHA-01
2001-11-02,0.0,386.33,AS-DHA-01
2001-11-03,0.1,330.19,AS-DHA-01
2001-11-04,2.0,292.14,AS-DHA-01
2001-11-05,0.9,264.51,AS-DHA-01
2001-11-06,0.0,241.15,AS-DHA-01
2001-11-07,1.8,221.89,AS-DHA-01
2001-11-08,1.7,211.85,AS-DHA-01
2001-11-09,0.2,207.01,AS-DHA-01
2001-11-10,0.0,196.28,AS-DHA-01
2001-11-11,0.0,182.26,AS-DHA-01
2001-11-12,0.0,168.86,AS-DHA-01
2001-11-13,0.0,156.79,AS-DHA-01
2001-11-14,0.0,145.58,AS-DHA-01
2001-11-15,0.0,135.48,AS-DHA-01
2001-11-16,0.9,126.08,AS-DHA-01
2001-11-17,2.6,118.7,AS-DHA-01
2001-11-18,0.1,112.26,AS-DHA-01
2001-11-19,0.0,105.69,AS-DHA-01
2001-11-20,0.0,98.79,AS-DHA-01
2001-11-21,5.5,92.99,AS-DHA-01
2001-11-22,3.6,89.17,AS-DHA-01
2001-11-23,7.6,86.52,AS-DHA-01
2001-11-24,0.0,83.54,AS-DHA-01
2001-11-25,0.0,79.93,AS-DHA-01
2001-11-26,0.0,75.22,AS-DHA-01
2001-11-27,0.0,70.96,AS-DHA-01
2001-11-28,0.0,67.25,AS-DHA-01
2001-11-29,0.0,64.17,AS-DHA-01
2001-11-30,0.0,61.39,AS-DHA-01
2001-12-01,0.0,58.86,AS-DHA-01
2001-12-02,0.0,56.69,AS-DHA-01
2001-12-03,0.0,54.98,AS-DHA-01
2001-12-04,0.0,53.47,AS-DHA-01
2001-12-05,0.0,52.22,AS-DHA-01
2001-12-06,0.0,51.13,AS-DHA-01
2001-12-07,0.0,50.29,AS-DHA-01
2001-12-08,14.0,50.29,AS-DHA-01
2001-12-09,4.2,50.65,AS-DHA-01
2001-12-10,0.0,50.18,AS-DHA-01
2001-12-11,0.0,49.25,AS-DHA-01
2001-12-12,0.0,48.56,AS-DHA-01
2001-12-13,0.0,47.99,AS-DHA-01
2001-12-14,0.0,47.65,AS-DHA-01
2001-12-15,0.0,47.21,AS-DHA-01
2001-12-16,0.0,46.98,AS-DHA-01
2001-12-17,0.0,46.65,AS-DHA-01
2001-12-18,0.0,46.32,AS-DHA-01
2001-12-19,0.0,46.0,AS-DHA-01
2001-12-20,0.0,45.67,AS-DHA-01
2001-12-21,0.0,45.35,AS-DHA-01
2001-12-22,0.0,45.03,AS-DHA-01
2001-12-23,0.0,44.72,AS-DHA-01
2001-12-24,0.0,44.41,AS-DHA-01
2001-12-25,0.0,44.1,AS-DHA-01
2001-12-26,0.0,43.89,AS-DHA-01
2001-12-27,0.0,43.58,AS-DHA-01
2001-12-28,0.0,43.27,AS-DHA-01
2001-12-29,0.0,42.97,AS-DHA-01
2001-12-30,0.0,42.66,AS-DHA-01
2001-12-31,0.0,42.36,AS-DHA-01
2002-01-01,0.0,42.16,AS-DHA-01
2002-01-02,0.0,41.86,AS-DHA-01
2002-01-03,0.0,41.57,AS-DHA-01
2002-01-04,0.0,41.18,AS-DHA-01
2002-01-05,0.0,40.89,AS-DHA-01
2002-01-06,0.0,40.6,AS-DHA-01
2002-01-07,0.0,40.31,AS-DHA-01
2002-01-08,0.0,40.12,AS-DHA-01
2002-01-09,0.0,40.03,AS-DHA-01
2002-01-10,0.0,39.94,AS-DHA-01
2002-01-11,0.0,39.66,AS-DHA-01
2002-01-12,0.0,39.28,AS-DHA-01
2002-01-13,0.0,39.01,AS-DHA-01
2002-01-14,0.0,38.64,AS-DHA-01
2002-01-15,0.0,38.37,AS-DHA-01
2002-01-16,0.2,38.09,AS-DHA-01
2002-01-17,8.7,38.37,AS-DHA-01
2002-01-18,9.1,40.21,AS-DHA-01
2002-01-19,10.7,42.97,AS-DHA-01
2002-01-20,11.1,44.51,AS-DHA-01
2002-01-21,4.7,43.99,AS-DHA-01
2002-01-22,7.4,43.48,AS-DHA-01
2002-01-23,15.9,46.22,AS-DHA-01
2002-01-24,7.9,56.03,AS-DHA-01
2002-01-25,0.4,63.72,AS-DHA-01
2002-01-26,0.0,60.81,AS-DHA-01
2002-01-27,0.0,54.34,AS-DHA-01
2002-01-28,0.6,49.25,AS-DHA-01
2002-01-29,0.1,46.0,AS-DHA-01
2002-01-30,4.8,44.41,AS-DHA-01
2002-01-31,0.0,43.37,AS-DHA-01
2002-02-01,0.0,41.86,AS-DHA-01
2002-02-02,0.0,40.31,AS-DHA-01
2002-02-03,0.0,38.91,AS-DHA-01
2002-02-04,0.0,38.0,AS-DHA-01
2002-02-05,0.0,37.29,AS-DHA-01
2002-02-06,0.0,36.68,AS-DHA-01
2002-02-07,0.0,35.73,AS-DHA-01
2002-02-08,0.0,34.9,AS-DHA-01
2002-02-09,0.0,34.33,AS-DHA-01
2002-02-10,0.0,34.01,AS-DHA-01
2002-02-11,0.0,33.68,AS-DHA-01
2002-02-12,0.0,33.36,AS-DHA-01
2002-02-13,0.0,33.13,AS-DHA-01
2002-02-14,0.0,32.81,AS-DHA-01
2002-02-15,0.0,32.5,AS-DHA-01
2002-02-16,0.0,32.27,AS-DHA-01
2002-02-17,0.0,32.04,AS-DHA-01
2002-02-18,0.0,31.82,AS-DHA-01
2002-02-19,12.3,32.2,AS-DHA-01
2002-02-20,4.3,33.05,AS-DHA-01
2002-02-21,17.6,34.49,AS-DHA-01
2002-02-22,0.1,34.82,AS-DHA-01
2002-02-23,0.0,33.92,AS-DHA-01
2002-02-24,0.3,32.74,AS-DHA-01
2002-02-25,0.1,31.82,AS-DHA-01
2002-02-26,1.7,31.29,AS-DHA-01
2002-02-27,1.1,31.07,AS-DHA-01
2002-02-28,0.0,31.07,AS-DHA-01
2002-03-01,0.0,30.92,AS-DHA-01
2002-03-02,0.0,30.56,AS-DHA-01
2002-03-03,2.0,30.35,AS-DHA-01
2002-03-04,3.2,30.27,AS-DHA-01
2002-03-05,0.5,30.13,AS-DHA-01
2002-03-06,0.6,29.84,AS-DHA-01
2002-03-07,0.0,29.56,AS-DHA-01
2002-03-08,0.1,29.28,AS-DHA-01
2002-03-09,0.0,29.07,AS-DHA-01
2002-03-10,0.1,28.79,AS-DHA-01
2002-03-11,4.4,29.0,AS-DHA-01
2002-03-12,0.0,30.99,AS-DHA-01
2002-03-13,0.0,32.74,AS-DHA-01
2002-03-14,0.4,31.59,AS-DHA-01
2002-03-15,0.2,29.91,AS-DHA-01
2002-03-16,0.2,28.86,AS-DHA-01
2002-03-17,0.0,28.32,AS-DHA-01
2002-03-18,0.0,27.91,AS-DHA-01
2002-03-19,0.0,27.65,AS-DHA-01
2002-03-20,0.0,27.38,AS-DHA-01
2002-03-21,0.0,27.12,AS-DHA-01
2002-03-22,6.2,26.93,AS-DHA-01
2002-03-23,18.9,27.65,AS-DHA-01
2002-03-24,45.7,62.7,AS-DHA-01
2002-03-25,59.4,174.42,AS-DHA-01
2002-03-26,55.9,316.02,AS-DHA-01
2002-03-27,19.7,253.14,AS-DHA-01
2002-03-28,19.1,186.11,AS-DHA-01
2002-03-29,6.1,146.94,AS-DHA-01
2002-03-30,0.2,122.33,AS-DHA-01
2002-03-31,0.0,105.44,AS-DHA-01
2002-04-01,6.1,96.07,AS-DHA-01
2002-04-02,43.4,164.99,AS-DHA-01
2002-04-03,27.8,197.19,AS-DHA-01
2002-04-04,1.4,172.01,AS-DHA-01
2002-04-05,0.0,146.26,AS-DHA-01
2002-04-06,0.2,125.5,AS-DHA-01
2002-04-07,0.1,109.94,AS-DHA-01
2002-04-08,23.0,108.42,AS-DHA-01
2002-04-09,33.1,114.11,AS-DHA-01
2002-04-10,21.6,119.53,AS-DHA-01
2002-04-11,2.3,114.37,AS-DHA-01
2002-04-12,0.0,106.17,AS-DHA-01
2002-04-13,0.0,98.56,AS-DHA-01
2002-04-14,0.0,91.49,AS-DHA-01
2002-04-15,4.5,84.72,AS-DHA-01
2002-04-16,56.7,206.05,AS-DHA-01
2002-04-17,25.8,261.48,AS-DHA-01
2002-04-18,8.0,219.84,AS-DHA-01
2002-04-19,46.1,234.55,AS-DHA-01
2002-04-20,7.5,210.39,AS-DHA-01
2002-04-21,32.6,210.39,AS-DHA-01
2002-04-22,10.3,198.11,AS-DHA-01
2002-04-23,2.8,181.01,AS-DHA-01
2002-04-24,3.2,168.07,AS-DHA-01
2002-04-25,8.7,160.1,AS-DHA-01
2002-04-26,42.8,199.49,AS-DHA-01
2002-04-27,52.2,265.13,AS-DHA-01
2002-04-28,30.8,293.5,AS-DHA-01
2002-04-29,24.6,273.84,AS-DHA-01
2002-04-30,31.2,286.79,AS-DHA-01
2002-05-01,31.5,317.48,AS-DHA-01
2002-05-02,23.4,327.91,AS-DHA-01
2002-05-03,32.3,321.17,AS-DHA-01
2002-05-04,8.1,292.82,AS-DHA-01
2002-05-05,3.2,268.83,AS-DHA-01
2002-05-06,4.8,256.09,AS-DHA-01
2002-05-07,0.6,251.4,AS-DHA-01
2002-05-08,0.2,242.27,AS-DHA-01
2002-05-09,3.3,229.72,AS-DHA-01
2002-05-10,3.1,232.39,AS-DHA-01
2002-05-11,13.3,866.12,AS-DHA-01
2002-05-12,3.8,1323.58,AS-DHA-01
2002-05-13,7.0,928.14,AS-DHA-01
2002-05-14,16.3,622.85,AS-DHA-01
2002-05-15,1.2,492.27,AS-DHA-01
2002-05-16,0.6,430.6,AS-DHA-01
2002-05-17,4.7,393.53,AS-DHA-01
2002-05-18,12.8,407.4,AS-DHA-01
2002-05-19,7.8,415.95,AS-DHA-01
2002-05-20,33.3,502.59,AS-DHA-01
2002-05-21,56.8,619.98,AS-DHA-01
2002-05-22,65.3,759.47,AS-DHA-01
2002-05-23,3.6,686.19,AS-DHA-01
2002-05-24,4.6,600.29,AS-DHA-01
2002-05-25,45.0,604.46,AS-DHA-01
2002-05-26,154.7,811.98,AS-DHA-01
2002-05-27,27.5,825.19,AS-DHA-01
2002-05-28,21.1,731.96,AS-DHA-01
2002-05-29,4.1,650.75,AS-DHA-01
2002-05-30,18.7,600.29,AS-DHA-01
2002-05-31,44.5,585.25,AS-DHA-01
2002-06-01,26.8,552.46,AS-DHA-01
2002-06-02,18.5,521.49,AS-DHA-01
2002-06-03,19.0,497.97,AS-DHA-01
2002-06-04,18.1,473.34,AS-DHA-01
2002-06-05,15.6,455.12,AS-DHA-01
2002-06-06,47.7,458.29,AS-DHA-01
2002-06-07,61.7,486.62,AS-DHA-01
2002-06-08,21.8,462.54,AS-DHA-01
2002-06-09,1.4,429.61,AS-DHA-01
2002-06-10,41.8,436.6,AS-DHA-01
2002-06-11,53.6,479.93,AS-DHA-01
2002-06-12,41.2,508.42,AS-DHA-01
2002-06-13,64.6,664.4,AS-DHA-01
2002-06-14,86.4,874.15,AS-DHA-01
2002-06-15,56.7,1136.84,AS-DHA-01
2002-06-16,52.8,1139.46,AS-DHA-01
2002-06-17,23.2,983.19,AS-DHA-01
2002-06-18,42.5,852.26,AS-DHA-01
2002-06-19,34.9,752.49,AS-DHA-01
2002-06-20,20.4,731.96,AS-DHA-01
2002-06-21,15.2,804.53,AS-DHA-01
2002-06-22,6.8,798.98,AS-DHA-01
2002-06-23,1.6,759.47,AS-DHA-01
2002-06-24,40.1,764.74,AS-DHA-01
2002-06-25,27.1,750.77,AS-DHA-01
2002-06-26,17.8,715.27,AS-DHA-01
2002-06-27,8.2,664.4,AS-DHA-01
2002-06-28,13.8,617.13,AS-DHA-01
2002-06-29,28.5,596.14,AS-DHA-01
2002-06-30,63.6,1060.89,AS-DHA-01
2002-07-01,41.0,1373.3,AS-DHA-01
2002-07-02,28.9,1176.82,AS-DHA-01
2002-07-03,39.5,1013.1,AS-DHA-01
2002-07-04,33.9,915.39,AS-DHA-01
2002-07-05,17.1,834.76,AS-DHA-01
2002-07-06,42.7,800.83,AS-DHA-01
2002-07-07,50.6,842.49,AS-DHA-01
2002-07-08,30.0,882.25,AS-DHA-01
2002-07-09,27.5,864.13,AS-DHA-01
2002-07-10,36.5,844.44,AS-DHA-01
2002-07-11,14.0,823.29,AS-DHA-01
2002-07-12,5.3,819.5,AS-DHA-01
2002-07-13,12.7,784.39,AS-DHA-01
2002-07-14,40.8,743.87,AS-DHA-01
2002-07-15,20.6,703.83,AS-DHA-01
2002-07-16,17.9,676.76,AS-DHA-01
2002-07-17,24.8,708.71,AS-DHA-01
2002-07-18,20.9,711.99,AS-DHA-01
2002-07-19,53.0,683.04,AS-DHA-01
2002-07-20,46.0,675.21,AS-DHA-01
2002-07-21,44.6,681.46,AS-DHA-01
2002-07-22,35.7,1163.34,AS-DHA-01
2002-07-23,28.8,1370.13,AS-DHA-01
2002-07-24,25.0,1142.09,AS-DHA-01
2002-07-25,39.9,978.67,AS-DHA-01
2002-07-26,24.1,878.19,AS-DHA-01
2002-07-27,52.1,856.19,AS-DHA-01
2002-07-28,39.7,844.44,AS-DHA-01
2002-07-29,19.6,821.4,AS-DHA-01
2002-07-30,25.3,854.23,AS-DHA-01
2002-07-31,17.3,874.15,AS-DHA-01
2002-08-01,34.6,866.12,AS-DHA-01
2002-08-02,17.8,829.0,AS-DHA-01
2002-08-03,19.8,834.76,AS-DHA-01
2002-08-04,15.7,870.12,AS-DHA-01
2002-08-05,15.7,866.12,AS-DHA-01
2002-08-06,12.2,858.17,AS-DHA-01
2002-08-07,20.3,829.0,AS-DHA-01
2002-08-08,38.2,811.98,AS-DHA-01
2002-08-09,34.3,850.3,AS-DHA-01
2002-08-10,51.4,915.39,AS-DHA-01
2002-08-11,43.0,996.88,AS-DHA-01
2002-08-12,23.4,1351.32,AS-DHA-01
2002-08-13,14.5,1882.99,AS-DHA-01
2002-08-14,9.0,1944.71,AS-DHA-01
2002-08-15,45.1,1729.13,AS-DHA-01
2002-08-16,41.4,1551.68,AS-DHA-01
2002-08-17,31.1,1379.64,AS-DHA-01
2002-08-18,18.2,1243.74,AS-DHA-01
2002-08-19,13.7,1187.72,AS-DHA-01
2002-08-20,2.4,1126.41,AS-DHA-01
2002-08-21,0.2,1048.73,AS-DHA-01
2002-08-22,6.6,990.02,AS-DHA-01
2002-08-23,33.5,999.19,AS-DHA-01
2002-08-24,12.2,985.46,AS-DHA-01
2002-08-25,6.5,934.58,AS-DHA-01
2002-08-26,7.2,878.19,AS-DHA-01
2002-08-27,3.4,829.0,AS-DHA-01
2002-08-28,5.7,786.19,AS-DHA-01
2002-08-29,26.7,757.72,AS-DHA-01
2002-08-30,9.3,737.05,AS-DHA-01
2002-08-31,0.8,718.59,AS-DHA-01
2002-09-01,11.5,698.98,AS-DHA-01
2002-09-02,11.2,676.76,AS-DHA-01
2002-09-03,7.9,644.77,AS-DHA-01
2002-09-04,0.0,614.29,AS-DHA-01
2002-09-05,2.3,592.03,AS-DHA-01
2002-09-06,1.7,569.27,AS-DHA-01
2002-09-07,0.2,547.38,AS-DHA-01
2002-09-08,0.0,523.91,AS-DHA-01
2002-09-09,1.3,499.13,AS-DHA-01
2002-09-10,0.1,474.42,AS-DHA-01
2002-09-11,10.2,456.17,AS-DHA-01
2002-09-12,4.6,445.76,AS-DHA-01
2002-09-13,1.1,430.6,AS-DHA-01
2002-09-14,7.7,408.33,AS-DHA-01
2002-09-15,25.9,389.91,AS-DHA-01
2002-09-16,6.3,374.05,AS-DHA-01
2002-09-17,3.1,355.52,AS-DHA-01
2002-09-18,0.0,335.58,AS-DHA-01
2002-09-19,0.0,316.75,AS-DHA-01
2002-09-20,0.0,299.66,AS-DHA-01
2002-09-21,13.7,294.18,AS-DHA-01
2002-09-22,52.6,381.01,AS-DHA-01
2002-09-23,125.3,698.98,AS-DHA-01
2002-09-24,28.1,775.39,AS-DHA-01
2002-09-25,13.3,675.21,AS-DHA-01
2002-09-26,7.9,586.6,AS-DHA-01
2002-09-27,59.0,1126.41,AS-DHA-01
2002-09-28,62.9,1636.12,AS-DHA-01
2002-09-29,15.8,1348.21,AS-DHA-01
2002-09-30,8.3,1024.85,AS-DHA-01
2002-10-01,11.5,838.62,AS-DHA-01
2002-10-02,4.2,733.65,AS-DHA-01
2002-10-03,6.7,664.4,AS-DHA-01
2002-10-04,7.3,612.88,AS-DHA-01
2002-10-05,0.5,571.91,AS-DHA-01
2002-10-06,0.2,533.67,AS-DHA-01
2002-10-07,0.0,499.13,AS-DHA-01
2002-10-08,0.5,466.82,AS-DHA-01
2002-10-09,2.1,435.6,AS-DHA-01
2002-10-10,0.4,406.46,AS-DHA-01
2002-10-11,0.0,382.78,AS-DHA-01
2002-10-12,0.0,360.48,AS-DHA-01
2002-10-13,0.0,336.35,AS-DHA-01
2002-10-14,2.3,313.83,AS-DHA-01
2002-10-15,1.0,296.22,AS-DHA-01
2002-10-16,0.2,281.54,AS-DHA-01
2002-10-17,1.7,265.74,AS-DHA-01
2002-10-18,11.8,251.4,AS-DHA-01
2002-10-19,42.0,365.5,AS-DHA-01
2002-10-20,6.3,404.58,AS-DHA-01
2002-10-21,1.5,380.13,AS-DHA-01
2002-10-22,2.0,345.01,AS-DHA-01
2002-10-23,0.0,308.8,AS-DHA-01
2002-10-24,0.0,278.31,AS-DHA-01
2002-10-25,0.0,253.14,AS-DHA-01
2002-10-26,0.0,231.32,AS-DHA-01
2002-10-27,0.0,212.84,AS-DHA-01
2002-10-28,0.0,196.73,AS-DHA-01
2002-10-29,0.0,182.26,AS-DHA-01
2002-10-30,0.0,168.46,AS-DHA-01
2002-10-31,0.0,155.35,AS-DHA-01
2002-11-01,0.0,142.91,AS-DHA-01
2002-11-02,0.0,131.46,AS-DHA-01
2002-11-03,0.4,121.2,AS-DHA-01
2002-11-04,0.6,113.31,AS-DHA-01
2002-11-05,0.0,108.42,AS-DHA-01
2002-11-06,0.0,103.01,AS-DHA-01
2002-11-07,0.0,97.65,AS-DHA-01
2002-11-08,0.0,90.85,AS-DHA-01
2002-11-09,0.0,84.52,AS-DHA-01
2002-11-10,0.0,78.63,AS-DHA-01
2002-11-11,0.3,74.0,AS-DHA-01
2002-11-12,28.1,214.32,AS-DHA-01
2002-11-13,42.7,476.62,AS-DHA-01
2002-11-14,1.8,400.87,AS-DHA-01
2002-11-15,0.0,310.95,AS-DHA-01
2002-11-16,0.0,251.98,AS-DHA-01
2002-11-17,0.0,211.85,AS-DHA-01
2002-11-18,0.2,182.26,AS-DHA-01
2002-11-19,0.7,160.1,AS-DHA-01
2002-11-20,0.4,143.24,AS-DHA-01
2002-11-21,0.0,128.75,AS-DHA-01
2002-11-22,0.0,115.44,AS-DHA-01
2002-11-23,0.0,103.25,AS-DHA-01
2002-11-24,0.0,92.99,AS-DHA-01
2002-11-25,0.0,84.72,AS-DHA-01
2002-11-26,0.0,78.63,AS-DHA-01
2002-11-27,0.0,74.0,AS-DHA-01
2002-11-28,0.0,70.3,AS-DHA-01
2002-11-29,0.0,66.78,AS-DHA-01
2002-11-30,0.0,63.87,AS-DHA-01
2002-12-01,0.3,61.68,AS-DHA-01
2002-12-02,0.5,60.11,AS-DHA-01
2002-12-03,0.0,58.86,AS-DHA-01
2002-12-04,0.0,57.36,AS-DHA-01
2002-12-05,0.0,56.03,AS-DHA-01
2002-12-06,0.0,54.98,AS-DHA-01
2002-12-07,0.0,54.1,AS-DHA-01
2002-12-08,0.0,53.34,AS-DHA-01
2002-12-09,0.0,52.72,AS-DHA-01
2002-12-10,0.0,52.22,AS-DHA-01
2002-12-11,0.0,51.73,AS-DHA-01
2002-12-12,0.0,51.37,AS-DHA-01
2002-12-13,0.0,50.89,AS-DHA-01
2002-12-14,0.0,50.41,AS-DHA-01
2002-12-15,0.0,50.06,AS-DHA-01
2002-12-16,0.0,49.71,AS-DHA-01
2002-12-17,1.2,49.48,AS-DHA-01
2002-12-18,9.4,51.49,AS-DHA-01
2002-12-19,7.4,58.04,AS-DHA-01
2002-12-20,13.3,64.78,AS-DHA-01
2002-12-21,8.3,67.73,AS-DHA-01
2002-12-22,0.4,68.2,AS-DHA-01
2002-12-23,0.0,64.93,AS-DHA-01
2002-12-24,0.0,60.11,AS-DHA-01
2002-12-25,0.2,56.16,AS-DHA-01
2002-12-26,0.0,54.34,AS-DHA-01
2002-12-27,0.4,52.84,AS-DHA-01
2002-12-28,2.1,51.49,AS-DHA-01
2002-12-29,1.2,51.25,AS-DHA-01
2002-12-30,0.0,50.65,AS-DHA-01
2002-12-31,0.0,49.37,AS-DHA-01
2003-01-01,0.8,48.33,AS-DHA-01
2003-01-02,0.0,47.65,AS-DHA-01
2003-01-03,0.0,47.21,AS-DHA-01
2003-01-04,1.0,46.87,AS-DHA-01
2003-01-05,0.5,46.87,AS-DHA-01
2003-01-06,0.0,47.21,AS-DHA-01
2003-01-07,0.0,46.76,AS-DHA-01
2003-01-08,0.0,46.11,AS-DHA-01
2003-01-09,0.0,45.57,AS-DHA-01
2003-01-10,0.0,45.24,AS-DHA-01
2003-01-11,0.0,44.82,AS-DHA-01
2003-01-12,0.0,44.51,AS-DHA-01
2003-01-13,0.0,44.2,AS-DHA-01
2003-01-14,0.0,43.89,AS-DHA-01
2003-01-15,0.0,43.58,AS-DHA-01
2003-01-16,0.0,43.27,AS-DHA-01
2003-01-17,0.0,42.86,AS-DHA-01
2003-01-18,0.0,42.56,AS-DHA-01
2003-01-19,0.0,42.26,AS-DHA-01
2003-01-20,0.0,41.96,AS-DHA-01
2003-01-21,0.0,41.67,AS-DHA-01
2003-01-22,0.0,41.37,AS-DHA-01
2003-01-23,0.4,41.08,AS-DHA-01
2003-01-24,1.8,40.89,AS-DHA-01
2003-01-25,0.0,40.69,AS-DHA-01
2003-01-26,0.0,40.41,AS-DHA-01
2003-01-27,0.0,40.12,AS-DHA-01
2003-01-28,0.0,39.85,AS-DHA-01
2003-01-29,10.5,40.5,AS-DHA-01
2003-01-30,6.9,44.62,AS-DHA-01
2003-01-31,2.1,51.37,AS-DHA-01
2003-02-01,0.0,53.59,AS-DHA-01
2003-02-02,0.0,50.06,AS-DHA-01
2003-02-03,0.0,45.89,AS-DHA-01
2003-02-04,0.0,42.97,AS-DHA-01
2003-02-05,16.7,44.1,AS-DHA-01
2003-02-06,5.8,51.86,AS-DHA-01
2003-02-07,3.5,58.86,AS-DHA-01
2003-02-08,3.5,56.69,AS-DHA-01
2003-02-09,5.9,51.61,AS-DHA-01
2003-02-10,2.5,47.65,AS-DHA-01
2003-02-11,0.1,44.93,AS-DHA-01
2003-02-12,8.6,43.99,AS-DHA-01
2003-02-13,9.0,47.77,AS-DHA-01
2003-02-14,20.5,56.56,AS-DHA-01
2003-02-15,0.0,62.7,AS-DHA-01
2003-02-16,0.0,63.29,AS-DHA-01
2003-02-17,0.0,57.76,AS-DHA-01
2003-02-18,0.0,52.35,AS-DHA-01
2003-02-19,0.6,47.99,AS-DHA-01
2003-02-20,15.7,47.09,AS-DHA-01
2003-02-21,4.8,47.43,AS-DHA-01
2003-02-22,0.0,48.22,AS-DHA-01
2003-02-23,0.0,47.54,AS-DHA-01
2003-02-24,0.0,44.93,AS-DHA-01
2003-02-25,6.6,43.27,AS-DHA-01
2003-02-26,7.9,43.17,AS-DHA-01
2003-02-27,0.6,43.48,AS-DHA-01
2003-02-28,0.2,42.86,AS-DHA-01
2003-03-01,0.0,41.57,AS-DHA-01
2003-03-02,1.0,40.31,AS-DHA-01
2003-03-03,10.4,40.6,AS-DHA-01
2003-03-04,1.6,43.07,AS-DHA-01
2003-03-05,0.0,44.41,AS-DHA-01
2003-03-06,0.0,42.76,AS-DHA-01
2003-03-07,0.0,40.6,AS-DHA-01
2003-03-08,0.4,38.91,AS-DHA-01
2003-03-09,0.0,37.74,AS-DHA-01
2003-03-10,1.0,36.76,AS-DHA-01
2003-03-11,1.8,36.25,AS-DHA-01
2003-03-12,6.2,37.11,AS-DHA-01
2003-03-13,42.6,52.22,AS-DHA-01
2003-03-14,9.4,62.55,AS-DHA-01
2003-03-15,9.7,64.93,AS-DHA-01
2003-03-16,9.5,64.93,AS-DHA-01
2003-03-17,8.2,66.47,AS-DHA-01
2003-03-18,1.9,66.31,AS-DHA-01
2003-03-19,15.4,68.83,AS-DHA-01
2003-03-20,19.0,74.35,AS-DHA-01
2003-03-21,1.7,77.54,AS-DHA-01
2003-03-22,0.0,74.87,AS-DHA-01
2003-03-23,0.0,68.35,AS-DHA-01
2003-03-24,0.1,62.26,AS-DHA-01
2003-03-25,0.8,58.86,AS-DHA-01
2003-03-26,0.3,60.11,AS-DHA-01
2003-03-27,0.4,62.99,AS-DHA-01
2003-03-28,0.0,62.11,AS-DHA-01
2003-03-29,1.9,59.54,AS-DHA-01
2003-03-30,39.3,86.92,AS-DHA-01
2003-03-31,33.2,180.17,AS-DHA-01
2003-04-01,28.2,305.25,AS-DHA-01
2003-04-02,37.7,344.21,AS-DHA-01
2003-04-03,8.5,314.56,AS-DHA-01
2003-04-04,3.1,265.74,AS-DHA-01
2003-04-05,0.0,226.55,AS-DHA-01
2003-04-06,0.1,196.28,AS-DHA-01
2003-04-07,2.4,174.02,AS-DHA-01
2003-04-08,2.4,156.07,AS-DHA-01
2003-04-09,10.8,142.58,AS-DHA-01
2003-04-10,1.3,130.85,AS-DHA-01
2003-04-11,35.9,229.72,AS-DHA-01
2003-04-12,99.4,631.53,AS-DHA-01
2003-04-13,22.0,737.05,AS-DHA-01
2003-04-14,2.6,592.03,AS-DHA-01
2003-04-15,22.0,462.54,AS-DHA-01
2003-04-16,35.3,453.03,AS-DHA-01
2003-04-17,75.8,711.99,AS-DHA-01
2003-04-18,0.3,673.65,AS-DHA-01
2003-04-19,14.0,534.89,AS-DHA-01
2003-04-20,30.6,466.82,AS-DHA-01
2003-04-21,26.2,426.64,AS-DHA-01
2003-04-22,53.9,481.04,AS-DHA-01
2003-04-23,7.3,447.83,AS-DHA-01
2003-04-24,0.1,393.53,AS-DHA-01
2003-04-25,0.6,350.63,AS-DHA-01
2003-04-26,8.4,319.69,AS-DHA-01
2003-04-27,4.1,296.22,AS-DHA-01
2003-04-28,17.0,280.25,AS-DHA-01
2003-04-29,0.6,268.83,AS-DHA-01
2003-04-30,17.7,266.35,AS-DHA-01
2003-05-01,22.9,276.38,AS-DHA-01
2003-05-02,14.6,285.47,AS-DHA-01
2003-05-03,2.7,282.19,AS-DHA-01
2003-05-04,24.7,293.5,AS-DHA-01
2003-05-05,9.0,298.98,AS-DHA-01
2003-05-06,25.2,298.29,AS-DHA-01
2003-05-07,5.2,280.89,AS-DHA-01
2003-05-08,2.9,260.87,AS-DHA-01
2003-05-09,0.2,243.39,AS-DHA-01
2003-05-10,1.2,229.72,AS-DHA-01
2003-05-11,0.0,221.89,AS-DHA-01
2003-05-12,0.0,211.36,AS-DHA-01
2003-05-13,0.4,196.73,AS-DHA-01
2003-05-14,3.4,183.54,AS-DHA-01
2003-05-15,12.2,174.02,AS-DHA-01
2003-05-16,11.5,174.02,AS-DHA-01
2003-05-17,18.4,182.69,AS-DHA-01
2003-05-18,12.2,174.42,AS-DHA-01
2003-05-19,1.1,164.61,AS-DHA-01
2003-05-20,24.2,172.41,AS-DHA-01
2003-05-21,25.5,198.11,AS-DHA-01
2003-05-22,5.0,206.53,AS-DHA-01
2003-05-23,11.7,204.63,AS-DHA-01
2003-05-24,45.5,213.83,AS-DHA-01
2003-05-25,23.6,218.33,AS-DHA-01
2003-05-26,36.0,253.14,AS-DHA-01
2003-05-27,30.7,268.2,AS-DHA-01
2003-05-28,6.8,245.08,AS-DHA-01
2003-05-29,3.1,223.44,AS-DHA-01
2003-05-30,8.1,204.63,AS-DHA-01
2003-05-31,0.0,189.15,AS-DHA-01
2003-06-01,8.5,176.46,AS-DHA-01
2003-06-02,15.8,166.14,AS-DHA-01
2003-06-03,15.5,194.93,AS-DHA-01
2003-06-04,27.6,274.48,AS-DHA-01
2003-06-05,66.1,399.02,AS-DHA-01
2003-06-06,47.2,454.08,AS-DHA-01
2003-06-07,126.7,1003.8,AS-DHA-01
2003-06-08,56.2,1555.25,AS-DHA-01
2003-06-09,21.2,1548.1,AS-DHA-01
2003-06-10,7.6,1502.42,AS-DHA-01
2003-06-11,16.8,1454.72,AS-DHA-01
2003-06-12,52.3,1296.42,AS-DHA-01
2003-06-13,28.7,1058.45,AS-DHA-01
2003-06-14,45.6,923.87,AS-DHA-01
2003-06-15,35.9,840.56,AS-DHA-01
2003-06-16,3.6,777.18,AS-DHA-01
2003-06-17,12.3,731.96,AS-DHA-01
2003-06-18,7.4,733.65,AS-DHA-01
2003-06-19,22.7,797.14,AS-DHA-01
2003-06-20,23.6,840.56,AS-DHA-01
2003-06-21,6.9,821.4,AS-DHA-01
2003-06-22,23.4,870.12,AS-DHA-01
2003-06-23,32.0,896.6,AS-DHA-01
2003-06-24,54.9,888.36,AS-DHA-01
2003-06-25,19.0,830.92,AS-DHA-01
2003-06-26,47.6,806.39,AS-DHA-01
2003-06-27,52.2,800.83,AS-DHA-01
2003-06-28,102.2,846.38,AS-DHA-01
2003-06-29,80.4,1075.67,AS-DHA-01
2003-06-30,95.7,1275.67,AS-DHA-01
2003-07-01,34.3,1163.34,AS-DHA-01
2003-07-02,56.6,1058.45,AS-DHA-01
2003-07-03,43.5,956.37,AS-DHA-01
2003-07-04,24.9,878.19,AS-DHA-01
2003-07-05,39.1,848.34,AS-DHA-01
2003-07-06,17.4,819.5,AS-DHA-01
2003-07-07,25.5,798.98,AS-DHA-01
2003-07-08,56.0,825.19,AS-DHA-01
2003-07-09,22.4,800.83,AS-DHA-01
2003-07-10,37.9,759.47,AS-DHA-01
2003-07-11,51.9,777.18,AS-DHA-01
2003-07-12,97.3,860.15,AS-DHA-01
2003-07-13,45.7,832.83,AS-DHA-01
2003-07-14,50.3,815.74,AS-DHA-01
2003-07-15,25.1,813.85,AS-DHA-01
2003-07-16,37.9,813.85,AS-DHA-01
2003-07-17,23.6,813.85,AS-DHA-01
2003-07-18,24.9,797.14,AS-DHA-01
2003-07-19,20.2,745.59,AS-DHA-01
2003-07-20,39.6,745.59,AS-DHA-01
2003-07-21,13.3,728.59,AS-DHA-01
2003-07-22,7.1,694.16,AS-DHA-01
2003-07-23,0.2,656.78,AS-DHA-01
2003-07-24,12.1,652.26,AS-DHA-01
2003-07-25,0.8,646.26,AS-DHA-01
2003-07-26,39.6,649.25,AS-DHA-01
2003-07-27,37.5,653.76,AS-DHA-01
2003-07-28,18.6,644.77,AS-DHA-01
2003-07-29,16.0,612.88,AS-DHA-01
2003-07-30,20.5,581.22,AS-DHA-01
2003-07-31,22.7,564.04,AS-DHA-01
2003-08-01,46.1,555.01,AS-DHA-01
2003-08-02,9.4,528.76,AS-DHA-01
2003-08-03,7.1,500.28,AS-DHA-01
2003-08-04,8.9,478.82,AS-DHA-01
2003-08-05,16.6,461.47,AS-DHA-01
2003-08-06,12.7,457.23,AS-DHA-01
2003-08-07,12.6,462.54,AS-DHA-01
2003-08-08,15.3,461.47,AS-DHA-01
2003-08-09,33.1,458.29,AS-DHA-01
2003-08-10,16.4,437.61,AS-DHA-01
2003-08-11,13.9,412.13,AS-DHA-01
2003-08-12,9.8,388.12,AS-DHA-01
2003-08-13,31.6,391.72,AS-DHA-01
2003-08-14,29.3,453.03,AS-DHA-01
2003-08-15,19.7,483.26,AS-DHA-01
2003-08-16,30.4,456.17,AS-DHA-01
2003-08-17,58.3,517.9,AS-DHA-01
2003-08-18,22.1,548.65,AS-DHA-01
2003-08-19,12.3,546.12,AS-DHA-01
2003-08-20,16.4,587.95,AS-DHA-01
2003-08-21,0.1,582.55,AS-DHA-01
2003-08-22,52.4,630.07,AS-DHA-01
2003-08-23,26.4,650.75,AS-DHA-01
2003-08-24,17.6,601.67,AS-DHA-01
2003-08-25,4.8,589.31,AS-DHA-01
2003-08-26,23.4,579.87,AS-DHA-01
2003-08-27,29.7,892.47,AS-DHA-01
2003-08-28,15.3,945.41,AS-DHA-01
2003-08-29,14.1,778.98,AS-DHA-01
2003-08-30,10.8,665.93,AS-DHA-01
2003-08-31,20.3,594.78,AS-DHA-01
2003-09-01,27.6,586.6,AS-DHA-01
2003-09-02,40.5,603.06,AS-DHA-01
2003-09-03,46.8,625.73,AS-DHA-01
2003-09-04,12.9,611.46,AS-DHA-01
2003-09-05,29.7,586.6,AS-DHA-01
2003-09-06,27.7,582.55,AS-DHA-01
2003-09-07,35.1,596.14,AS-DHA-01
2003-09-08,10.3,608.65,AS-DHA-01
2003-09-09,3.7,610.06,AS-DHA-01
2003-09-10,10.6,597.52,AS-DHA-01
2003-09-11,15.3,603.06,AS-DHA-01
2003-09-12,7.9,630.07,AS-DHA-01
2003-09-13,16.3,676.76,AS-DHA-01
2003-09-14,17.4,687.78,AS-DHA-01
2003-09-15,30.8,661.34,AS-DHA-01
2003-09-16,22.3,638.85,AS-DHA-01
2003-09-17,28.4,622.85,AS-DHA-01
2003-09-18,22.5,603.06,AS-DHA-01
2003-09-19,35.9,597.52,AS-DHA-01
2003-09-20,19.1,575.88,AS-DHA-01
2003-09-21,10.5,562.75,AS-DHA-01
2003-09-22,5.4,553.72,AS-DHA-01
2003-09-23,4.1,534.89,AS-DHA-01
2003-09-24,15.7,539.85,AS-DHA-01
2003-09-25,2.1,547.38,AS-DHA-01
2003-09-26,25.9,548.65,AS-DHA-01
2003-09-27,14.1,538.61,AS-DHA-01
2003-09-28,19.9,520.3,AS-DHA-01
2003-09-29,22.9,503.75,AS-DHA-01
2003-09-30,21.3,488.87,AS-DHA-01
2003-10-01,28.8,483.26,AS-DHA-01
2003-10-02,20.0,472.24,AS-DHA-01
2003-10-03,15.4,476.62,AS-DHA-01
2003-10-04,28.5,502.59,AS-DHA-01
2003-10-05,7.3,503.75,AS-DHA-01
2003-10-06,0.6,479.93,AS-DHA-01
2003-10-07,3.0,455.12,AS-DHA-01
2003-10-08,5.1,465.75,AS-DHA-01
2003-10-09,64.7,561.45,AS-DHA-01
2003-10-10,85.9,926.01,AS-DHA-01
2003-10-11,9.4,921.74,AS-DHA-01
2003-10-12,0.8,778.98,AS-DHA-01
2003-10-13,0.0,673.65,AS-DHA-01
2003-10-14,0.0,597.52,AS-DHA-01
2003-10-15,4.8,551.18,AS-DHA-01
2003-10-16,4.0,525.12,AS-DHA-01
2003-10-17,3.7,501.44,AS-DHA-01
2003-10-18,5.5,472.24,AS-DHA-01
2003-10-19,1.5,441.67,AS-DHA-01
2003-10-20,3.9,416.91,AS-DHA-01
2003-10-21,4.0,395.35,AS-DHA-01
2003-10-22,0.4,373.18,AS-DHA-01
2003-10-23,0.0,350.63,AS-DHA-01
2003-10-24,0.0,330.96,AS-DHA-01
2003-10-25,0.0,313.83,AS-DHA-01
2003-10-26,3.2,299.66,AS-DHA-01
2003-10-27,6.0,291.47,AS-DHA-01
2003-10-28,2.8,283.5,AS-DHA-01
2003-10-29,0.5,270.7,AS-DHA-01
2003-10-30,0.3,254.32,AS-DHA-01
2003-10-31,9.8,240.59,AS-DHA-01
2003-11-01,1.9,234.0,AS-DHA-01
2003-11-02,0.0,225.51,AS-DHA-01
2003-11-03,0.0,211.36,AS-DHA-01
2003-11-04,0.0,197.65,AS-DHA-01
2003-11-05,0.0,183.96,AS-DHA-01
2003-11-06,1.6,170.83,AS-DHA-01
2003-11-07,0.9,159.72,AS-DHA-01
2003-11-08,0.9,149.34,AS-DHA-01
2003-11-09,0.2,139.63,AS-DHA-01
2003-11-10,0.0,129.94,AS-DHA-01
2003-11-11,0.0,121.2,AS-DHA-01
2003-11-12,0.3,113.58,AS-DHA-01
2003-11-13,0.0,106.42,AS-DHA-01
2003-11-14,0.0,99.95,AS-DHA-01
2003-11-15,0.0,93.86,AS-DHA-01
2003-11-16,0.0,87.94,AS-DHA-01
2003-11-17,0.0,82.77,AS-DHA-01
2003-11-18,0.0,78.26,AS-DHA-01
2003-11-19,0.0,74.52,AS-DHA-01
2003-11-20,1.1,71.13,AS-DHA-01
2003-11-21,0.2,68.51,AS-DHA-01
2003-11-22,0.0,66.31,AS-DHA-01
2003-11-23,0.0,64.02,AS-DHA-01
2003-11-24,0.0,61.97,AS-DHA-01
2003-11-25,0.6,60.39,AS-DHA-01
2003-11-26,0.5,59.13,AS-DHA-01
2003-11-27,0.0,58.04,AS-DHA-01
2003-11-28,0.0,57.09,AS-DHA-01
2003-11-29,0.0,56.42,AS-DHA-01
2003-11-30,0.0,55.63,AS-DHA-01
2003-12-01,0.0,54.98,AS-DHA-01
2003-12-02,0.0,54.47,AS-DHA-01
2003-12-03,0.0,54.22,AS-DHA-01
2003-12-04,0.0,53.84,AS-DHA-01
2003-12-05,0.0,53.47,AS-DHA-01
2003-12-06,0.0,53.22,AS-DHA-01
2003-12-07,0.0,52.84,AS-DHA-01
2003-12-08,0.0,52.59,AS-DHA-01
2003-12-09,0.1,52.22,AS-DHA-01
2003-12-10,0.0,51.98,AS-DHA-01
2003-12-11,0.0,51.73,AS-DHA-01
2003-12-12,0.0,51.49,AS-DHA-01
2003-12-13,0.0,51.13,AS-DHA-01
2003-12-14,0.0,50.89,AS-DHA-01
2003-12-15,0.0,50.53,AS-DHA-01
2003-12-16,0.0,50.18,AS-DHA-01
2003-12-17,0.1,49.94,AS-DHA-01
2003-12-18,1.1,49.82,AS-DHA-01
2003-12-19,17.6,57.63,AS-DHA-01
2003-12-20,7.7,88.35,AS-DHA-01
2003-12-21,0.0,102.77,AS-DHA-01
2003-12-22,0.0,98.33,AS-DHA-01
2003-12-23,0.0,87.94,AS-DHA-01
2003-12-24,0.8,78.81,AS-DHA-01
2003-12-25,0.1,72.47,AS-DHA-01
2003-12-26,0.0,67.57,AS-DHA-01
2003-12-27,0.0,63.14,AS-DHA-01
2003-12-28,9.5,61.24,AS-DHA-01
2003-12-29,0.5,66.47,AS-DHA-01
2003-12-30,0.0,72.3,AS-DHA-01
2003-12-31,0.0,67.73,AS-DHA-01
2004-01-01,0.0,61.82,AS-DHA-01
2004-01-02,0.0,57.9,AS-DHA-01
2004-01-03,0.0,55.24,AS-DHA-01
2004-01-04,0.0,53.22,AS-DHA-01
2004-01-05,0.0,51.61,AS-DHA-01
2004-01-06,0.0,50.29,AS-DHA-01
2004-01-07,0.0,49.25,AS-DHA-01
2004-01-08,2.0,48.79,AS-DHA-01
2004-01-09,0.0,50.29,AS-DHA-01
2004-01-10,0.0,51.86,AS-DHA-01
2004-01-11,0.0,50.29,AS-DHA-01
2004-01-12,0.0,48.45,AS-DHA-01
2004-01-13,0.4,47.54,AS-DHA-01
2004-01-14,29.0,50.18,AS-DHA-01
2004-01-15,0.1,52.22,AS-DHA-01
2004-01-16,0.0,52.1,AS-DHA-01
2004-01-17,0.0,49.82,AS-DHA-01
2004-01-18,3.1,48.33,AS-DHA-01
2004-01-19,8.0,48.1,AS-DHA-01
2004-01-20,0.9,48.33,AS-DHA-01
2004-01-21,0.0,47.99,AS-DHA-01
2004-01-22,1.7,46.98,AS-DHA-01
2004-01-23,7.0,46.98,AS-DHA-01
2004-01-24,13.7,49.25,AS-DHA-01
2004-01-25,3.2,52.1,AS-DHA-01
2004-01-26,0.2,52.72,AS-DHA-01
2004-01-27,0.0,50.77,AS-DHA-01
2004-01-28,0.0,48.1,AS-DHA-01
2004-01-29,0.0,46.43,AS-DHA-01
2004-01-30,0.0,45.35,AS-DHA-01
2004-01-31,0.0,44.62,AS-DHA-01
2004-02-01,0.0,44.1,AS-DHA-01
2004-02-02,2.4,43.89,AS-DHA-01
2004-02-03,4.0,43.99,AS-DHA-01
2004-02-04,0.0,43.78,AS-DHA-01
2004-02-05,0.0,43.27,AS-DHA-01
2004-02-06,3.9,42.97,AS-DHA-01
2004-02-07,0.1,42.16,AS-DHA-01
2004-02-08,0.0,41.27,AS-DHA-01
2004-02-09,0.0,40.79,AS-DHA-01
2004-02-10,0.0,40.31,AS-DHA-01
2004-02-11,0.0,39.94,AS-DHA-01
2004-02-12,0.0,39.66,AS-DHA-01
2004-02-13,0.0,39.28,AS-DHA-01
2004-02-14,0.0,39.01,AS-DHA-01
2004-02-15,0.6,38.64,AS-DHA-01
2004-02-16,0.0,38.37,AS-DHA-01
2004-02-17,0.0,38.18,AS-DHA-01
2004-02-18,0.0,37.91,AS-DHA-01
2004-02-19,3.8,37.82,AS-DHA-01
2004-02-20,6.1,37.91,AS-DHA-01
2004-02-21,0.0,38.09,AS-DHA-01
2004-02-22,4.1,37.91,AS-DHA-01
2004-02-23,0.2,37.91,AS-DHA-01
2004-02-24,0.0,37.74,AS-DHA-01
2004-02-25,0.0,37.11,AS-DHA-01
2004-02-26,0.0,36.59,AS-DHA-01
2004-02-27,0.0,36.59,AS-DHA-01
2004-02-28,9.0,37.2,AS-DHA-01
2004-02-29,2.3,37.56,AS-DHA-01
2004-03-01,2.9,37.29,AS-DHA-01
2004-03-02,0.3,36.85,AS-DHA-01
2004-03-03,0.0,36.33,AS-DHA-01
2004-03-04,0.0,35.99,AS-DHA-01
2004-03-05,0.0,35.73,AS-DHA-01
2004-03-06,0.1,35.48,AS-DHA-01
2004-03-07,0.1,35.15,AS-DHA-01
2004-03-08,0.0,34.99,AS-DHA-01
2004-03-09,0.0,34.58,AS-DHA-01
2004-03-10,2.8,34.49,AS-DHA-01
2004-03-11,0.1,34.58,AS-DHA-01
2004-03-12,0.0,34.41,AS-DHA-01
2004-03-13,0.0,34.01,AS-DHA-01
2004-03-14,0.0,33.68,AS-DHA-01
2004-03-15,0.0,33.29,AS-DHA-01
2004-03-16,0.0,33.05,AS-DHA-01
2004-03-17,0.0,32.74,AS-DHA-01
2004-03-18,0.3,32.5,AS-DHA-01
2004-03-19,9.5,32.58,AS-DHA-01
2004-03-20,31.2,52.84,AS-DHA-01
2004-03-21,12.6,75.05,AS-DHA-01
2004-03-22,19.5,78.26,AS-DHA-01
2004-03-23,7.7,73.48,AS-DHA-01
2004-03-24,0.9,67.09,AS-DHA-01
2004-03-25,0.7,59.82,AS-DHA-01
2004-03-26,1.1,53.84,AS-DHA-01
2004-03-27,2.0,49.13,AS-DHA-01
2004-03-28,26.6,51.37,AS-DHA-01
2004-03-29,5.7,51.01,AS-DHA-01
2004-03-30,16.9,58.17,AS-DHA-01
2004-03-31,4.7,65.54,AS-DHA-01
2004-04-01,3.2,68.67,AS-DHA-01
2004-04-02,9.9,66.78,AS-DHA-01
2004-04-03,22.5,85.52,AS-DHA-01
2004-04-04,23.5,123.19,AS-DHA-01
2004-04-05,18.9,148.31,AS-DHA-01
2004-04-06,5.0,140.28,AS-DHA-01
2004-04-07,15.7,136.43,AS-DHA-01
2004-04-08,7.9,132.07,AS-DHA-01
2004-04-09,22.7,133.93,AS-DHA-01
2004-04-10,49.8,322.66,AS-DHA-01
2004-04-11,62.2,707.08,AS-DHA-01
2004-04-12,107.4,1139.46,AS-DHA-01
2004-04-13,150.9,1481.8,AS-DHA-01
2004-04-14,125.5,1967.25,AS-DHA-01
2004-04-15,199.9,2575.79,AS-DHA-01
2004-04-16,65.7,2629.75,AS-DHA-01
2004-04-17,18.5,2734.77,AS-DHA-01
2004-04-18,27.9,2494.06,AS-DHA-01
2004-04-19,5.8,1990.04,AS-DHA-01
2004-04-20,0.0,1591.5,AS-DHA-01
2004-04-21,7.1,1308.42,AS-DHA-01
2004-04-22,16.0,1139.46,AS-DHA-01
2004-04-23,22.6,1048.73,AS-DHA-01
2004-04-24,4.4,967.46,AS-DHA-01
2004-04-25,3.6,898.66,AS-DHA-01
2004-04-26,3.0,838.62,AS-DHA-01
2004-04-27,8.0,798.98,AS-DHA-01
2004-04-28,3.9,768.27,AS-DHA-01
2004-04-29,6.3,733.65,AS-DHA-01
2004-04-30,1.5,692.55,AS-DHA-01
2004-05-01,9.3,650.75,AS-DHA-01
2004-05-02,1.8,611.46,AS-DHA-01
2004-05-03,2.0,573.22,AS-DHA-01
2004-05-04,0.0,534.89,AS-DHA-01
2004-05-05,0.0,499.13,AS-DHA-01
2004-05-06,0.0,464.67,AS-DHA-01
2004-05-07,0.0,433.59,AS-DHA-01
2004-05-08,7.6,405.52,AS-DHA-01
2004-05-09,17.7,383.67,AS-DHA-01
2004-05-10,21.1,367.2,AS-DHA-01
2004-05-11,36.0,395.35,AS-DHA-01
2004-05-12,27.3,445.76,AS-DHA-01
2004-05-13,40.4,564.04,AS-DHA-01
2004-05-14,29.7,596.14,AS-DHA-01
2004-05-15,14.2,533.67,AS-DHA-01
2004-05-16,0.0,474.42,AS-DHA-01
2004-05-17,13.0,435.6,AS-DHA-01
2004-05-18,30.6,446.8,AS-DHA-01
2004-05-19,3.5,750.77,AS-DHA-01
2004-05-20,40.1,930.28,AS-DHA-01
2004-05-21,66.0,882.25,AS-DHA-01
2004-05-22,17.5,949.78,AS-DHA-01
2004-05-23,39.3,1003.8,AS-DHA-01
2004-05-24,16.1,862.14,AS-DHA-01
2004-05-25,29.1,762.98,AS-DHA-01
2004-05-26,12.7,683.04,AS-DHA-01
2004-05-27,27.4,624.29,AS-DHA-01
2004-05-28,45.0,596.14,AS-DHA-01
2004-05-29,44.9,586.6,AS-DHA-01
2004-05-30,15.4,548.65,AS-DHA-01
2004-05-31,22.0,508.42,AS-DHA-01
2004-06-01,23.6,474.42,AS-DHA-01
2004-06-02,34.4,457.23,AS-DHA-01
2004-06-03,73.8,513.14,AS-DHA-01
2004-06-04,61.3,521.49,AS-DHA-01
2004-06-05,24.8,495.69,AS-DHA-01
2004-06-06,21.7,475.52,AS-DHA-01
2004-06-07,26.9,473.34,AS-DHA-01
2004-06-08,15.6,459.35,AS-DHA-01
2004-06-09,12.6,441.67,AS-DHA-01
2004-06-10,3.4,427.63,AS-DHA-01
2004-06-11,6.1,412.13,AS-DHA-01
2004-06-12,3.7,399.02,AS-DHA-01
2004-06-13,13.8,405.52,AS-DHA-01
2004-06-14,22.8,445.76,AS-DHA-01
2004-06-15,11.2,461.47,AS-DHA-01
2004-06-16,36.5,458.29,AS-DHA-01
2004-06-17,29.8,444.74,AS-DHA-01
2004-06-18,33.3,476.62,AS-DHA-01
2004-06-19,37.8,533.67,AS-DHA-01
2004-06-20,38.4,649.25,AS-DHA-01
2004-06-21,23.8,715.27,AS-DHA-01
2004-06-22,133.5,1095.68,AS-DHA-01
2004-06-23,23.7,1226.67,AS-DHA-01
2004-06-24,13.8,1121.23,AS-DHA-01
2004-06-25,36.4,996.88,AS-DHA-01
2004-06-26,24.1,896.6,AS-DHA-01
2004-06-27,18.5,804.53,AS-DHA-01
2004-06-28,32.5,749.03,AS-DHA-01
2004-06-29,16.5,695.75,AS-DHA-01
2004-06-30,45.4,664.4,AS-DHA-01
2004-07-01,26.6,638.85,AS-DHA-01
2004-07-02,7.0,617.13,AS-DHA-01
2004-07-03,51.0,614.29,AS-DHA-01
2004-07-04,36.4,614.29,AS-DHA-01
2004-07-05,44.6,650.75,AS-DHA-01
2004-07-06,48.6,690.96,AS-DHA-01
2004-07-07,115.1,1093.16,AS-DHA-01
2004-07-08,84.6,1351.32,AS-DHA-01
2004-07-09,91.7,1647.46,AS-DHA-01
2004-07-10,73.8,1670.4,AS-DHA-01
2004-07-11,11.8,1392.42,AS-DHA-01
2004-07-12,10.8,1182.26,AS-DHA-01
2004-07-13,2.5,1063.34,AS-DHA-01
2004-07-14,20.2,1126.41,AS-DHA-01
2004-07-15,22.1,1150.01,AS-DHA-01
2004-07-16,49.6,1139.46,AS-DHA-01
2004-07-17,61.3,1142.09,AS-DHA-01
2004-07-18,25.2,1204.25,AS-DHA-01
2004-07-19,146.2,1454.72,AS-DHA-01
2004-07-20,18.8,1451.38,AS-DHA-01
2004-07-21,23.6,1314.47,AS-DHA-01
2004-07-22,4.3,1209.82,AS-DHA-01
2004-07-23,24.6,1258.16,AS-DHA-01
2004-07-24,28.6,1305.41,AS-DHA-01
2004-07-25,11.6,1243.74,AS-DHA-01
2004-07-26,11.6,1171.41,AS-DHA-01
2004-07-27,41.5,1123.82,AS-DHA-01
2004-07-28,33.1,1093.16,AS-DHA-01
2004-07-29,19.6,1171.41,AS-DHA-01
2004-07-30,34.1,1155.33,AS-DHA-01
2004-07-31,41.2,1075.67,AS-DHA-01
2004-08-01,12.0,1029.58,AS-DHA-01
2004-08-02,4.3,999.19,AS-DHA-01
2004-08-03,19.0,978.67,AS-DHA-01
2004-08-04,32.8,976.42,AS-DHA-01
2004-08-05,10.1,938.9,AS-DHA-01
2004-08-06,17.0,892.47,AS-DHA-01
2004-08-07,9.4,906.99,AS-DHA-01
2004-08-08,32.9,913.28,AS-DHA-01
2004-08-09,7.7,934.58,AS-DHA-01
2004-08-10,15.2,949.78,AS-DHA-01
2004-08-11,2.8,902.81,AS-DHA-01
2004-08-12,17.6,848.34,AS-DHA-01
2004-08-13,7.0,821.4,AS-DHA-01
2004-08-14,17.7,791.65,AS-DHA-01
2004-08-15,11.1,754.23,AS-DHA-01
2004-08-16,10.4,737.05,AS-DHA-01
2004-08-17,37.9,738.74,AS-DHA-01
2004-08-18,43.0,747.3,AS-DHA-01
2004-08-19,26.4,768.27,AS-DHA-01
2004-08-20,15.4,815.74,AS-DHA-01
2004-08-21,19.6,800.83,AS-DHA-01
2004-08-22,19.7,755.98,AS-DHA-01
2004-08-23,14.3,721.91,AS-DHA-01
2004-08-24,21.2,690.96,AS-DHA-01
2004-08-25,20.9,653.76,AS-DHA-01
2004-08-26,15.4,621.41,AS-DHA-01
2004-08-27,13.8,594.78,AS-DHA-01
2004-08-28,21.9,566.65,AS-DHA-01
2004-08-29,27.6,548.65,AS-DHA-01
2004-08-30,20.0,538.61,AS-DHA-01
2004-08-31,34.1,532.43,AS-DHA-01
2004-09-01,35.2,625.73,AS-DHA-01
2004-09-02,27.7,650.75,AS-DHA-01
2004-09-03,9.9,593.4,AS-DHA-01
2004-09-04,39.7,574.55,AS-DHA-01
2004-09-05,31.3,562.75,AS-DHA-01
2004-09-06,12.0,531.2,AS-DHA-01
2004-09-07,12.6,497.97,AS-DHA-01
2004-09-08,33.3,490.0,AS-DHA-01
2004-09-09,7.6,510.78,AS-DHA-01
2004-09-10,0.0,531.2,AS-DHA-01
2004-09-11,2.0,506.09,AS-DHA-01
2004-09-12,24.0,806.39,AS-DHA-01
2004-09-13,0.2,894.53,AS-DHA-01
2004-09-14,0.0,742.16,AS-DHA-01
2004-09-15,0.0,634.45,AS-DHA-01
2004-09-16,6.6,574.55,AS-DHA-01
2004-09-17,12.0,557.58,AS-DHA-01
2004-09-18,26.1,577.21,AS-DHA-01
2004-09-19,40.4,577.21,AS-DHA-01
2004-09-20,6.8,538.61,AS-DHA-01
2004-09-21,6.4,529.99,AS-DHA-01
2004-09-22,17.6,539.85,AS-DHA-01
2004-09-23,15.8,611.46,AS-DHA-01
2004-09-24,26.2,652.26,AS-DHA-01
2004-09-25,16.6,608.65,AS-DHA-01
2004-09-26,3.8,560.15,AS-DHA-01
2004-09-27,6.9,521.49,AS-DHA-01
2004-09-28,26.5,499.13,AS-DHA-01
2004-09-29,37.3,487.74,AS-DHA-01
2004-09-30,8.2,471.15,AS-DHA-01
2004-10-01,1.1,453.03,AS-DHA-01
2004-10-02,12.2,442.69,AS-DHA-01
2004-10-03,22.4,440.65,AS-DHA-01
2004-10-04,47.8,456.17,AS-DHA-01
2004-10-05,37.5,510.78,AS-DHA-01
2004-10-06,139.4,773.61,AS-DHA-01
2004-10-07,42.0,876.16,AS-DHA-01
2004-10-08,35.3,884.28,AS-DHA-01
2004-10-09,3.8,793.48,AS-DHA-01
2004-10-10,0.2,698.98,AS-DHA-01
2004-10-11,0.5,624.29,AS-DHA-01
2004-10-12,3.3,566.65,AS-DHA-01
2004-10-13,13.5,523.91,AS-DHA-01
2004-10-14,10.5,509.6,AS-DHA-01
2004-10-15,22.2,702.2,AS-DHA-01
2004-10-16,0.0,784.39,AS-DHA-01
2004-10-17,0.0,676.76,AS-DHA-01
2004-10-18,0.0,587.95,AS-DHA-01
2004-10-19,0.0,526.33,AS-DHA-01
2004-10-20,0.0,477.72,AS-DHA-01
2004-10-21,0.0,437.61,AS-DHA-01
2004-10-22,0.0,403.65,AS-DHA-01
2004-10-23,0.0,374.05,AS-DHA-01
2004-10-24,0.0,348.21,AS-DHA-01
2004-10-25,0.0,327.91,AS-DHA-01
2004-10-26,0.0,310.95,AS-DHA-01
2004-10-27,4.3,294.18,AS-DHA-01
2004-10-28,1.4,279.6,AS-DHA-01
2004-10-29,0.0,263.9,AS-DHA-01
2004-10-30,0.0,246.22,AS-DHA-01
2004-10-31,0.0,229.18,AS-DHA-01
2004-11-01,0.0,212.84,AS-DHA-01
2004-11-02,0.0,197.65,AS-DHA-01
2004-11-03,0.0,183.96,AS-DHA-01
2004-11-04,0.0,171.62,AS-DHA-01
2004-11-05,0.0,160.1,AS-DHA-01
2004-11-06,0.0,148.99,AS-DHA-01
2004-11-07,0.0,138.67,AS-DHA-01
2004-11-08,0.0,129.64,AS-DHA-01
2004-11-09,0.0,122.05,AS-DHA-01
2004-11-10,0.0,114.37,AS-DHA-01
2004-11-11,0.0,106.91,AS-DHA-01
2004-11-12,0.0,100.18,AS-DHA-01
2004-11-13,0.0,94.3,AS-DHA-01
2004-11-14,0.0,89.17,AS-DHA-01
2004-11-15,0.0,84.52,AS-DHA-01
2004-11-16,0.0,80.11,AS-DHA-01
2004-11-17,0.0,76.29,AS-DHA-01
2004-11-18,0.0,72.64,AS-DHA-01
2004-11-19,0.3,69.64,AS-DHA-01
2004-11-20,0.0,67.25,AS-DHA-01
2004-11-21,0.0,65.23,AS-DHA-01
2004-11-22,0.0,63.29,AS-DHA-01
2004-11-23,0.2,61.53,AS-DHA-01
2004-11-24,0.0,60.81,AS-DHA-01
2004-11-25,0.0,61.1,AS-DHA-01
2004-11-26,0.0,61.1,AS-DHA-01
2004-11-27,0.0,60.11,AS-DHA-01
2004-11-28,0.0,58.86,AS-DHA-01
2004-11-29,0.0,58.17,AS-DHA-01
2004-11-30,0.0,57.49,AS-DHA-01
2004-12-01,0.0,56.56,AS-DHA-01
2004-12-02,0.0,55.63,AS-DHA-01
2004-12-03,0.0,54.98,AS-DHA-01
2004-12-04,0.0,54.34,AS-DHA-01
2004-12-05,0.0,53.72,AS-DHA-01
2004-12-06,0.0,53.34,AS-DHA-01
2004-12-07,0.0,52.97,AS-DHA-01
2004-12-08,0.0,52.59,AS-DHA-01
2004-12-09,0.0,52.35,AS-DHA-01
2004-12-10,0.0,51.98,AS-DHA-01
2004-12-11,0.0,51.73,AS-DHA-01
2004-12-12,0.0,51.37,AS-DHA-01
2004-12-13,0.0,51.01,AS-DHA-01
2004-12-14,0.0,50.77,AS-DHA-01
2004-12-15,0.0,50.41,AS-DHA-01
2004-12-16,0.0,50.29,AS-DHA-01
2004-12-17,0.0,50.53,AS-DHA-01
2004-12-18,0.0,50.77,AS-DHA-01
2004-12-19,0.0,50.18,AS-DHA-01
2004-12-20,0.6,49.48,AS-DHA-01
2004-12-21,21.2,51.01,AS-DHA-01
2004-12-22,1.8,53.72,AS-DHA-01
2004-12-23,0.0,54.6,AS-DHA-01
2004-12-24,0.0,52.47,AS-DHA-01
2004-12-25,0.3,50.53,AS-DHA-01
2004-12-26,5.3,49.82,AS-DHA-01
2004-12-27,0.0,49.48,AS-DHA-01
2004-12-28,0.0,48.9,AS-DHA-01
2004-12-29,0.0,48.33,AS-DHA-01
2004-12-30,0.0,47.77,AS-DHA-01
2004-12-31,0.0,47.43,AS-DHA-01
2005-01-01,0.0,46.98,AS-DHA-01
2005-01-02,0.0,46.65,AS-DHA-01
2005-01-03,0.0,46.32,AS-DHA-01
2005-01-04,0.0,45.89,AS-DHA-01
2005-01-05,0.0,45.57,AS-DHA-01
2005-01-06,0.0,45.24,AS-DHA-01
2005-01-07,0.0,44.93,AS-DHA-01
2005-01-08,0.0,44.62,AS-DHA-01
2005-01-09,10.0,45.14,AS-DHA-01
2005-01-10,14.7,47.54,AS-DHA-01
2005-01-11,10.4,48.9,AS-DHA-01
2005-01-12,0.1,48.1,AS-DHA-01
2005-01-13,0.0,46.76,AS-DHA-01
2005-01-14,0.0,45.24,AS-DHA-01
2005-01-15,0.0,44.3,AS-DHA-01
2005-01-16,0.0,43.68,AS-DHA-01
2005-01-17,0.0,43.27,AS-DHA-01
2005-01-18,2.8,43.07,AS-DHA-01
2005-01-19,12.8,43.58,AS-DHA-01
2005-01-20,7.0,44.41,AS-DHA-01
2005-01-21,0.0,44.1,AS-DHA-01
2005-01-22,0.0,43.27,AS-DHA-01
2005-01-23,1.6,42.56,AS-DHA-01
2005-01-24,0.3,42.36,AS-DHA-01
2005-01-25,0.0,42.26,AS-DHA-01
2005-01-26,0.0,41.67,AS-DHA-01
2005-01-27,0.0,41.18,AS-DHA-01
2005-01-28,0.0,40.79,AS-DHA-01
2005-01-29,0.0,40.41,AS-DHA-01
2005-01-30,0.0,40.12,AS-DHA-01
2005-01-31,0.0,39.75,AS-DHA-01
2005-02-01,3.8,39.75,AS-DHA-01
2005-02-02,1.6,39.85,AS-DHA-01
2005-02-03,0.0,39.66,AS-DHA-01
2005-02-04,0.0,39.28,AS-DHA-01
2005-02-05,0.1,39.01,AS-DHA-01
2005-02-06,0.1,38.64,AS-DHA-01
2005-02-07,0.0,37.82,AS-DHA-01
2005-02-08,0.0,36.94,AS-DHA-01
2005-02-09,0.0,36.5,AS-DHA-01
2005-02-10,0.0,36.16,AS-DHA-01
2005-02-11,3.7,35.99,AS-DHA-01
2005-02-12,15.6,37.38,AS-DHA-01
2005-02-13,10.0,40.03,AS-DHA-01
2005-02-14,9.3,41.67,AS-DHA-01
2005-02-15,8.0,41.86,AS-DHA-01
2005-02-16,3.2,41.86,AS-DHA-01
2005-02-17,5.2,44.93,AS-DHA-01
2005-02-18,5.1,50.53,AS-DHA-01
2005-02-19,8.6,54.47,AS-DHA-01
2005-02-20,17.8,57.63,AS-DHA-01
2005-02-21,0.7,56.03,AS-DHA-01
2005-02-22,0.4,52.59,AS-DHA-01
2005-02-23,3.3,49.13,AS-DHA-01
2005-02-24,1.0,47.21,AS-DHA-01
2005-02-25,3.9,46.22,AS-DHA-01
2005-02-26,0.7,44.3,AS-DHA-01
2005-02-27,0.0,42.16,AS-DHA-01
2005-02-28,0.1,40.41,AS-DHA-01
2005-03-01,2.1,39.1,AS-DHA-01
2005-03-02,5.9,38.82,AS-DHA-01
2005-03-03,12.2,41.18,AS-DHA-01
2005-03-04,3.4,43.48,AS-DHA-01
2005-03-05,57.6,120.36,AS-DHA-01
2005-03-06,9.9,133.31,AS-DHA-01
2005-03-07,4.4,112.52,AS-DHA-01
2005-03-08,14.5,100.18,AS-DHA-01
2005-03-09,3.1,91.91,AS-DHA-01
2005-03-10,3.7,84.72,AS-DHA-01
2005-03-11,1.6,77.0,AS-DHA-01
2005-03-12,1.7,70.3,AS-DHA-01
2005-03-13,0.0,65.08,AS-DHA-01
2005-03-14,0.1,60.96,AS-DHA-01
2005-03-15,0.7,58.86,AS-DHA-01
2005-03-16,0.0,58.45,AS-DHA-01
2005-03-17,14.1,57.22,AS-DHA-01
2005-03-18,2.6,55.5,AS-DHA-01
2005-03-19,10.5,64.93,AS-DHA-01
2005-03-20,78.4,343.41,AS-DHA-01
2005-03-21,53.2,537.37,AS-DHA-01
2005-03-22,85.2,669.01,AS-DHA-01
2005-03-23,45.6,601.67,AS-DHA-01
2005-03-24,26.6,458.29,AS-DHA-01
2005-03-25,26.3,390.82,AS-DHA-01
2005-03-26,14.0,353.88,AS-DHA-01
2005-03-27,10.8,325.65,AS-DHA-01
2005-03-28,56.6,451.98,AS-DHA-01
2005-03-29,30.5,477.72,AS-DHA-01
2005-03-30,23.8,446.8,AS-DHA-01
2005-03-31,22.1,406.46,AS-DHA-01
2005-04-01,0.6,359.65,AS-DHA-01
2005-04-02,0.4,321.91,AS-DHA-01
2005-04-03,2.3,289.46,AS-DHA-01
2005-04-04,3.1,263.9,AS-DHA-01
2005-04-05,0.0,243.39,AS-DHA-01
2005-04-06,3.2,226.03,AS-DHA-01
2005-04-07,11.4,213.83,AS-DHA-01
2005-04-08,13.4,210.39,AS-DHA-01
2005-04-09,2.0,203.69,AS-DHA-01
2005-04-10,7.1,192.23,AS-DHA-01
2005-04-11,3.2,181.01,AS-DHA-01
2005-04-12,1.4,170.83,AS-DHA-01
2005-04-13,0.0,159.72,AS-DHA-01
2005-04-14,0.0,148.99,AS-DHA-01
2005-04-15,0.0,138.67,AS-DHA-01
2005-04-16,1.8,129.05,AS-DHA-01
2005-04-17,11.6,124.34,AS-DHA-01
2005-04-18,10.8,120.64,AS-DHA-01
2005-04-19,1.9,115.17,AS-DHA-01
2005-04-20,0.0,108.42,AS-DHA-01
2005-04-21,0.0,101.35,AS-DHA-01
2005-04-22,1.7,95.18,AS-DHA-01
2005-04-23,6.0,90.22,AS-DHA-01
2005-04-24,32.0,111.48,AS-DHA-01
2005-04-25,20.8,132.38,AS-DHA-01
2005-04-26,50.6,195.38,AS-DHA-01
2005-04-27,37.2,248.5,AS-DHA-01
2005-04-28,57.3,362.98,AS-DHA-01
2005-04-29,24.3,337.12,AS-DHA-01
2005-04-30,8.3,270.7,AS-DHA-01
2005-05-01,11.1,231.86,AS-DHA-01
2005-05-02,0.0,207.01,AS-DHA-01
2005-05-03,5.2,188.71,AS-DHA-01
2005-05-04,15.7,179.34,AS-DHA-01
2005-05-05,14.0,176.05,AS-DHA-01
2005-05-06,20.8,181.01,AS-DHA-01
2005-05-07,3.5,180.17,AS-DHA-01
2005-05-08,0.3,173.21,AS-DHA-01
2005-05-09,19.4,171.62,AS-DHA-01
2005-05-10,33.8,174.42,AS-DHA-01
2005-05-11,16.0,167.68,AS-DHA-01
2005-05-12,8.2,158.25,AS-DHA-01
2005-05-13,16.2,160.47,AS-DHA-01
2005-05-14,18.0,174.42,AS-DHA-01
2005-05-15,16.5,216.31,AS-DHA-01
2005-05-16,23.2,252.56,AS-DHA-01
2005-05-17,36.1,316.02,AS-DHA-01
2005-05-18,56.0,459.35,AS-DHA-01
2005-05-19,28.0,502.59,AS-DHA-01
2005-05-20,25.1,453.03,AS-DHA-01
2005-05-21,39.1,468.98,AS-DHA-01
2005-05-22,17.3,459.35,AS-DHA-01
2005-05-23,43.6,467.9,AS-DHA-01
2005-05-24,16.4,456.17,AS-DHA-01
2005-05-25,6.6,417.87,AS-DHA-01
2005-05-26,12.4,392.63,AS-DHA-01
2005-05-27,27.5,396.27,AS-DHA-01
2005-05-28,8.2,378.39,AS-DHA-01
2005-05-29,3.7,350.63,AS-DHA-01
2005-05-30,3.3,324.15,AS-DHA-01
2005-05-31,17.3,307.38,AS-DHA-01
2005-06-01,10.1,290.12,AS-DHA-01
2005-06-02,4.7,272.58,AS-DHA-01
2005-06-03,6.9,254.32,AS-DHA-01
2005-06-04,1.1,237.83,AS-DHA-01
2005-06-05,1.7,223.94,AS-DHA-01
2005-06-06,5.4,211.85,AS-DHA-01
2005-06-07,10.7,202.27,AS-DHA-01
2005-06-08,11.6,194.02,AS-DHA-01
2005-06-09,1.7,184.82,AS-DHA-01
2005-06-10,3.3,175.23,AS-DHA-01
2005-06-11,3.0,166.14,AS-DHA-01
2005-06-12,6.7,158.25,AS-DHA-01
2005-06-13,8.5,151.44,AS-DHA-01
2005-06-14,9.9,145.24,AS-DHA-01
2005-06-15,22.1,141.59,AS-DHA-01
2005-06-16,4.1,138.03,AS-DHA-01
2005-06-17,34.2,145.92,AS-DHA-01
2005-06-18,43.9,174.83,AS-DHA-01
2005-06-19,19.3,176.86,AS-DHA-01
2005-06-20,16.6,166.92,AS-DHA-01
2005-06-21,13.2,158.25,AS-DHA-01
2005-06-22,32.8,159.35,AS-DHA-01
2005-06-23,50.2,171.22,AS-DHA-01
2005-06-24,48.8,192.23,AS-DHA-01
2005-06-25,13.8,186.96,AS-DHA-01
2005-06-26,5.6,212.84,AS-DHA-01
2005-06-27,1.0,266.35,AS-DHA-01
2005-06-28,38.3,302.45,AS-DHA-01
2005-06-29,1.6,314.56,AS-DHA-01
2005-06-30,20.2,310.95,AS-DHA-01
2005-07-01,14.7,315.29,AS-DHA-01
2005-07-02,20.2,321.91,AS-DHA-01
2005-07-03,38.7,381.9,AS-DHA-01
2005-07-04,38.4,414.03,AS-DHA-01
2005-07-05,38.9,417.87,AS-DHA-01
2005-07-06,44.1,436.6,AS-DHA-01
2005-07-07,17.7,690.96,AS-DHA-01
2005-07-08,8.0,728.59,AS-DHA-01
2005-07-09,23.0,574.55,AS-DHA-01
2005-07-10,45.4,504.92,AS-DHA-01
2005-07-11,63.7,483.26,AS-DHA-01
2005-07-12,54.7,483.26,AS-DHA-01
2005-07-13,44.4,482.15,AS-DHA-01
2005-07-14,30.4,482.15,AS-DHA-01
2005-07-15,45.1,596.14,AS-DHA-01
2005-07-16,14.7,605.84,AS-DHA-01
2005-07-17,20.3,541.1,AS-DHA-01
2005-07-18,9.1,491.13,AS-DHA-01
2005-07-19,24.8,461.47,AS-DHA-01
2005-07-20,26.9,444.74,AS-DHA-01
2005-07-21,30.7,424.68,AS-DHA-01
2005-07-22,9.0,423.7,AS-DHA-01
2005-07-23,12.3,441.67,AS-DHA-01
2005-07-24,3.0,437.61,AS-DHA-01
2005-07-25,8.9,414.99,AS-DHA-01
2005-07-26,15.9,404.58,AS-DHA-01
2005-07-27,16.8,403.65,AS-DHA-01
2005-07-28,8.7,405.52,AS-DHA-01
2005-07-29,0.8,396.27,AS-DHA-01
2005-07-30,12.4,380.13,AS-DHA-01
2005-07-31,24.8,374.05,AS-DHA-01
2005-08-01,5.6,490.0,AS-DHA-01
2005-08-02,0.1,532.43,AS-DHA-01
2005-08-03,24.1,486.62,AS-DHA-01
2005-08-04,15.5,475.52,AS-DHA-01
2005-08-05,36.8,476.62,AS-DHA-01
2005-08-06,51.0,471.15,AS-DHA-01
2005-08-07,38.7,453.03,AS-DHA-01
2005-08-08,16.5,522.7,AS-DHA-01
2005-08-09,31.6,586.6,AS-DHA-01
2005-08-10,25.8,560.15,AS-DHA-01
2005-08-11,26.6,541.1,AS-DHA-01
2005-08-12,5.8,520.3,AS-DHA-01
2005-08-13,10.8,493.4,AS-DHA-01
2005-08-14,32.9,531.2,AS-DHA-01
2005-08-15,14.2,542.35,AS-DHA-01
2005-08-16,18.8,511.95,AS-DHA-01
2005-08-17,38.8,493.4,AS-DHA-01
2005-08-18,36.8,509.6,AS-DHA-01
2005-08-19,21.4,561.45,AS-DHA-01
2005-08-20,23.1,578.53,AS-DHA-01
2005-08-21,15.0,542.35,AS-DHA-01
2005-08-22,54.8,562.75,AS-DHA-01
2005-08-23,46.3,565.34,AS-DHA-01
2005-08-24,27.8,543.61,AS-DHA-01
2005-08-25,51.1,547.38,AS-DHA-01
2005-08-26,25.1,532.43,AS-DHA-01
2005-08-27,14.1,499.13,AS-DHA-01
2005-08-28,6.2,465.75,AS-DHA-01
2005-08-29,9.5,437.61,AS-DHA-01
2005-08-30,17.7,417.87,AS-DHA-01
2005-08-31,11.3,429.61,AS-DHA-01
2005-09-01,0.4,436.6,AS-DHA-01
2005-09-02,7.6,416.91,AS-DHA-01
2005-09-03,35.6,430.6,AS-DHA-01
2005-09-04,20.0,442.69,AS-DHA-01
2005-09-05,13.1,444.74,AS-DHA-01
2005-09-06,3.1,434.6,AS-DHA-01
2005-09-07,0.7,419.81,AS-DHA-01
2005-09-08,0.1,400.87,AS-DHA-01
2005-09-09,0.1,381.01,AS-DHA-01
2005-09-10,0.2,364.67,AS-DHA-01
2005-09-11,0.4,349.01,AS-DHA-01
2005-09-12,0.0,332.48,AS-DHA-01
2005-09-13,0.0,314.56,AS-DHA-01
2005-09-14,0.0,296.22,AS-DHA-01
2005-09-15,0.0,278.95,AS-DHA-01
2005-09-16,0.1,262.07,AS-DHA-01
2005-09-17,1.0,250.24,AS-DHA-01
2005-09-18,0.0,242.27,AS-DHA-01
2005-09-19,0.2,266.96,AS-DHA-01
2005-09-20,53.8,1063.34,AS-DHA-01
2005-09-21,24.2,1100.74,AS-DHA-01
2005-09-22,22.6,777.18,AS-DHA-01
2005-09-23,19.6,610.06,AS-DHA-01
2005-09-24,26.2,528.76,AS-DHA-01
2005-09-25,18.9,475.52,AS-DHA-01
2005-09-26,3.9,432.59,AS-DHA-01
2005-09-27,0.5,405.52,AS-DHA-01
2005-09-28,6.5,393.53,AS-DHA-01
2005-09-29,18.1,383.67,AS-DHA-01
2005-09-30,11.6,368.9,AS-DHA-01
2005-10-01,42.3,388.12,AS-DHA-01
2005-10-02,28.1,400.87,AS-DHA-01
2005-10-03,0.6,375.77,AS-DHA-01
2005-10-04,9.5,344.21,AS-DHA-01
2005-10-05,18.6,321.91,AS-DHA-01
2005-10-06,3.2,305.96,AS-DHA-01
2005-10-07,1.2,290.12,AS-DHA-01
2005-10-08,0.2,278.95,AS-DHA-01
2005-10-09,0.3,271.32,AS-DHA-01
2005-10-10,0.2,260.27,AS-DHA-01
2005-10-11,0.0,249.66,AS-DHA-01
2005-10-12,0.0,238.93,AS-DHA-01
2005-10-13,0.0,226.55,AS-DHA-01
2005-10-14,0.0,216.81,AS-DHA-01
2005-10-15,0.0,207.01,AS-DHA-01
2005-10-16,1.4,199.49,AS-DHA-01
2005-10-17,13.5,194.02,AS-DHA-01
2005-10-18,2.2,188.27,AS-DHA-01
2005-10-19,0.9,183.54,AS-DHA-01
2005-10-20,3.3,182.26,AS-DHA-01
2005-10-21,11.0,186.11,AS-DHA-01
2005-10-22,10.4,195.82,AS-DHA-01
2005-10-23,9.6,216.81,AS-DHA-01
2005-10-24,0.3,243.39,AS-DHA-01
2005-10-25,0.0,239.48,AS-DHA-01
2005-10-26,0.1,221.89,AS-DHA-01
2005-10-27,0.5,205.1,AS-DHA-01
2005-10-28,0.0,190.9,AS-DHA-01
2005-10-29,0.0,178.09,AS-DHA-01
2005-10-30,0.0,166.14,AS-DHA-01
2005-10-31,0.3,157.52,AS-DHA-01
2005-11-01,0.6,151.44,AS-DHA-01
2005-11-02,0.0,144.24,AS-DHA-01
2005-11-03,0.0,135.48,AS-DHA-01
2005-11-04,0.0,126.67,AS-DHA-01
2005-11-05,0.0,118.7,AS-DHA-01
2005-11-06,0.0,111.74,AS-DHA-01
2005-11-07,0.0,104.71,AS-DHA-01
2005-11-08,0.0,98.1,AS-DHA-01
2005-11-09,0.0,91.91,AS-DHA-01
2005-11-10,0.0,86.72,AS-DHA-01
2005-11-11,0.0,82.39,AS-DHA-01
2005-11-12,0.0,77.9,AS-DHA-01
2005-11-13,0.0,73.48,AS-DHA-01
2005-11-14,0.0,69.48,AS-DHA-01
2005-11-15,0.0,66.0,AS-DHA-01
2005-11-16,0.0,62.99,AS-DHA-01
2005-11-17,0.7,60.81,AS-DHA-01
2005-11-18,1.1,58.86,AS-DHA-01
2005-11-19,0.0,57.09,AS-DHA-01
2005-11-20,0.0,55.37,AS-DHA-01
2005-11-21,0.0,53.72,AS-DHA-01
2005-11-22,0.0,52.35,AS-DHA-01
2005-11-23,1.4,51.49,AS-DHA-01
2005-11-24,0.5,50.77,AS-DHA-01
2005-11-25,0.0,50.06,AS-DHA-01
2005-11-26,0.0,49.02,AS-DHA-01
2005-11-27,0.0,48.1,AS-DHA-01
2005-11-28,0.0,47.32,AS-DHA-01
2005-11-29,0.0,46.76,AS-DHA-01
2005-11-30,0.0,46.32,AS-DHA-01
2005-12-01,0.0,45.89,AS-DHA-01
2005-12-02,0.0,45.57,AS-DHA-01
2005-12-03,0.0,45.14,AS-DHA-01
2005-12-04,0.0,44.82,AS-DHA-01
2005-12-05,0.0,44.62,AS-DHA-01
2005-12-06,0.0,44.3,AS-DHA-01
2005-12-07,0.0,43.99,AS-DHA-01
2005-12-08,0.0,43.68,AS-DHA-01
2005-12-09,0.0,43.48,AS-DHA-01
2005-12-10,0.0,43.17,AS-DHA-01
2005-12-11,0.0,42.86,AS-DHA-01
2005-12-12,0.0,42.66,AS-DHA-01
2005-12-13,0.0,42.36,AS-DHA-01
2005-12-14,0.0,42.06,AS-DHA-01
2005-12-15,0.0,41.76,AS-DHA-01
2005-12-16,0.0,41.47,AS-DHA-01
2005-12-17,0.0,41.18,AS-DHA-01
2005-12-18,0.0,40.89,AS-DHA-01
2005-12-19,0.0,40.6,AS-DHA-01
2005-12-20,0.0,40.41,AS-DHA-01
2005-12-21,0.0,40.12,AS-DHA-01
2005-12-22,0.6,40.79,AS-DHA-01
2005-12-23,0.8,47.32,AS-DHA-01
2005-12-24,0.0,54.34,AS-DHA-01
2005-12-25,0.0,53.34,AS-DHA-01
2005-12-26,0.1,49.82,AS-DHA-01
2005-12-27,0.0,47.32,AS-DHA-01
2005-12-28,0.0,45.67,AS-DHA-01
2005-12-29,0.0,43.68,AS-DHA-01
2005-12-30,0.0,41.96,AS-DHA-01
2005-12-31,0.0,40.6,AS-DHA-01
2006-01-01,0.0,39.56,AS-DHA-01
2006-01-02,0.0,38.91,AS-DHA-01
2006-01-03,0.0,38.46,AS-DHA-01
2006-01-04,0.0,38.09,AS-DHA-01
2006-01-05,0.0,37.74,AS-DHA-01
2006-01-06,0.0,37.47,AS-DHA-01
2006-01-07,0.0,37.2,AS-DHA-01
2006-01-08,0.0,36.94,AS-DHA-01
2006-01-09,0.0,36.68,AS-DHA-01
2006-01-10,0.0,36.33,AS-DHA-01
2006-01-11,0.0,36.07,AS-DHA-01
2006-01-12,0.0,35.82,AS-DHA-01
2006-01-13,0.0,35.65,AS-DHA-01
2006-01-14,0.2,35.4,AS-DHA-01
2006-01-15,0.0,35.15,AS-DHA-01
2006-01-16,0.0,34.9,AS-DHA-01
2006-01-17,5.2,35.15,AS-DHA-01
2006-01-18,6.9,35.9,AS-DHA-01
2006-01-19,5.3,37.03,AS-DHA-01
2006-01-20,4.2,38.91,AS-DHA-01
2006-01-21,3.0,39.56,AS-DHA-01
2006-01-22,0.8,38.09,AS-DHA-01
2006-01-23,0.0,36.5,AS-DHA-01
2006-01-24,0.1,35.48,AS-DHA-01
2006-01-25,0.4,34.82,AS-DHA-01
2006-01-26,0.0,34.33,AS-DHA-01
2006-01-27,0.0,33.92,AS-DHA-01
2006-01-28,0.0,33.52,AS-DHA-01
2006-01-29,0.0,33.13,AS-DHA-01
2006-01-30,0.0,32.74,AS-DHA-01
2006-01-31,0.0,32.43,AS-DHA-01
2006-02-01,0.0,32.2,AS-DHA-01
2006-02-02,0.0,32.04,AS-DHA-01
2006-02-03,0.0,31.74,AS-DHA-01
2006-02-04,4.5,31.66,AS-DHA-01
2006-02-05,0.2,31.82,AS-DHA-01
2006-02-06,0.0,31.97,AS-DHA-01
2006-02-07,0.0,30.92,AS-DHA-01
2006-02-08,0.0,29.77,AS-DHA-01
2006-02-09,0.0,29.28,AS-DHA-01
2006-02-10,0.0,28.93,AS-DHA-01
2006-02-11,0.0,28.66,AS-DHA-01
2006-02-12,0.0,28.38,AS-DHA-01
2006-02-13,0.0,28.11,AS-DHA-01
2006-02-14,12.4,29.14,AS-DHA-01
2006-02-15,30.5,35.99,AS-DHA-01
2006-02-16,69.9,115.17,AS-DHA-01
2006-02-17,20.7,127.26,AS-DHA-01
2006-02-18,1.1,104.22,AS-DHA-01
2006-02-19,0.2,85.72,AS-DHA-01
2006-02-20,2.6,71.13,AS-DHA-01
2006-02-21,20.6,66.31,AS-DHA-01
2006-02-22,8.0,65.23,AS-DHA-01
2006-02-23,5.7,64.93,AS-DHA-01
2006-02-24,8.1,62.7,AS-DHA-01
2006-02-25,3.3,59.4,AS-DHA-01
2006-02-26,0.8,56.03,AS-DHA-01
2006-02-27,0.9,52.72,AS-DHA-01
2006-02-28,0.0,49.59,AS-DHA-01
2006-03-01,0.7,46.65,AS-DHA-01
2006-03-02,0.0,44.41,AS-DHA-01
2006-03-03,0.0,42.46,AS-DHA-01
2006-03-04,0.0,40.41,AS-DHA-01
2006-03-05,3.9,38.64,AS-DHA-01
2006-03-06,0.5,37.29,AS-DHA-01
2006-03-07,0.0,36.07,AS-DHA-01
2006-03-08,0.0,34.74,AS-DHA-01
2006-03-09,0.0,33.36,AS-DHA-01
2006-03-10,0.0,32.12,AS-DHA-01
2006-03-11,2.7,30.99,AS-DHA-01
2006-03-12,39.2,41.27,AS-DHA-01
2006-03-13,10.9,44.3,AS-DHA-01
2006-03-14,0.3,43.99,AS-DHA-01
2006-03-15,0.0,41.18,AS-DHA-01
2006-03-16,4.8,38.09,AS-DHA-01
2006-03-17,3.6,36.07,AS-DHA-01
2006-03-18,0.8,34.74,AS-DHA-01
2006-03-19,0.0,33.29,AS-DHA-01
2006-03-20,0.0,31.89,AS-DHA-01
2006-03-21,0.0,30.7,AS-DHA-01
2006-03-22,1.1,29.7,AS-DHA-01
2006-03-23,0.9,29.0,AS-DHA-01
2006-03-24,0.0,28.52,AS-DHA-01
2006-03-25,0.0,27.85,AS-DHA-01
2006-03-26,0.1,27.19,AS-DHA-01
2006-03-27,0.0,26.61,AS-DHA-01
2006-03-28,0.0,26.1,AS-DHA-01
2006-03-29,0.0,25.68,AS-DHA-01
2006-03-30,0.0,25.37,AS-DHA-01
2006-03-31,0.0,25.13,AS-DHA-01
2006-04-01,0.2,24.89,AS-DHA-01
2006-04-02,0.4,24.83,AS-DHA-01
2006-04-03,43.5,87.73,AS-DHA-01
2006-04-04,77.8,282.85,AS-DHA-01
2006-04-05,12.0,238.37,AS-DHA-01
2006-04-06,13.7,194.02,AS-DHA-01
2006-04-07,31.5,266.35,AS-DHA-01
2006-04-08,25.8,318.95,AS-DHA-01
2006-04-09,32.9,377.51,AS-DHA-01
2006-04-10,81.5,491.13,AS-DHA-01
2006-04-11,13.9,392.63,AS-DHA-01
2006-04-12,5.1,301.75,AS-DHA-01
2006-04-13,5.5,248.5,AS-DHA-01
2006-04-14,4.7,214.32,AS-DHA-01
2006-04-15,0.0,189.59,AS-DHA-01
2006-04-16,2.7,170.83,AS-DHA-01
2006-04-17,14.0,160.1,AS-DHA-01
2006-04-18,18.9,158.62,AS-DHA-01
2006-04-19,16.0,165.76,AS-DHA-01
2006-04-20,2.6,166.53,AS-DHA-01
2006-04-21,0.9,158.62,AS-DHA-01
2006-04-22,6.5,147.97,AS-DHA-01
2006-04-23,12.6,138.35,AS-DHA-01
2006-04-24,1.8,131.15,AS-DHA-01
2006-04-25,6.0,125.2,AS-DHA-01
2006-04-26,19.5,126.08,AS-DHA-01
2006-04-27,14.8,126.96,AS-DHA-01
2006-04-28,0.0,127.85,AS-DHA-01
2006-04-29,0.0,123.48,AS-DHA-01
2006-04-30,0.0,114.11,AS-DHA-01
2006-05-01,1.2,106.17,AS-DHA-01
2006-05-02,7.6,99.02,AS-DHA-01
2006-05-03,27.0,95.85,AS-DHA-01
2006-05-04,22.4,102.06,AS-DHA-01
2006-05-05,14.8,105.44,AS-DHA-01
2006-05-06,25.3,112.26,AS-DHA-01
2006-05-07,12.4,116.78,AS-DHA-01
2006-05-08,0.0,117.6,AS-DHA-01
2006-05-09,3.4,112.26,AS-DHA-01
2006-05-10,14.7,108.17,AS-DHA-01
2006-05-11,66.1,143.9,AS-DHA-01
2006-05-12,25.1,177.68,AS-DHA-01
2006-05-13,28.0,195.82,AS-DHA-01
2006-05-14,16.6,198.11,AS-DHA-01
2006-05-15,0.0,197.19,AS-DHA-01
2006-05-16,0.0,180.59,AS-DHA-01
2006-05-17,0.0,160.84,AS-DHA-01
2006-05-18,0.2,144.24,AS-DHA-01
2006-05-19,33.0,141.59,AS-DHA-01
2006-05-20,20.3,135.17,AS-DHA-01
2006-05-21,0.0,129.05,AS-DHA-01
2006-05-22,0.0,124.34,AS-DHA-01
2006-05-23,0.0,124.05,AS-DHA-01
2006-05-24,1.3,122.91,AS-DHA-01
2006-05-25,6.3,120.92,AS-DHA-01
2006-05-26,44.5,154.63,AS-DHA-01
2006-05-27,19.5,176.46,AS-DHA-01
2006-05-28,55.4,508.42,AS-DHA-01
2006-05-29,37.6,759.47,AS-DHA-01
2006-05-30,51.8,702.2,AS-DHA-01
2006-05-31,31.2,590.68,AS-DHA-01
2006-06-01,13.7,486.62,AS-DHA-01
2006-06-02,19.3,417.87,AS-DHA-01
2006-06-03,10.8,370.6,AS-DHA-01
2006-06-04,23.1,359.65,AS-DHA-01
2006-06-05,40.7,414.03,AS-DHA-01
2006-06-06,42.0,477.72,AS-DHA-01
2006-06-07,19.0,501.44,AS-DHA-01
2006-06-08,6.0,470.06,AS-DHA-01
2006-06-09,3.9,413.07,AS-DHA-01
2006-06-10,88.5,586.6,AS-DHA-01
2006-06-11,71.9,672.1,AS-DHA-01
2006-06-12,15.0,601.67,AS-DHA-01
2006-06-13,9.5,618.56,AS-DHA-01
2006-06-14,14.2,622.85,AS-DHA-01
2006-06-15,8.3,589.31,AS-DHA-01
2006-06-16,14.7,556.29,AS-DHA-01
2006-06-17,5.7,507.25,AS-DHA-01
2006-06-18,6.0,463.61,AS-DHA-01
2006-06-19,0.7,433.59,AS-DHA-01
2006-06-20,15.7,456.17,AS-DHA-01
2006-06-21,11.0,468.98,AS-DHA-01
2006-06-22,34.1,502.59,AS-DHA-01
2006-06-23,27.0,541.1,AS-DHA-01
2006-06-24,10.0,533.67,AS-DHA-01
2006-06-25,21.3,556.29,AS-DHA-01
2006-06-26,29.1,597.52,AS-DHA-01
2006-06-27,25.0,597.52,AS-DHA-01
2006-06-28,14.8,569.27,AS-DHA-01
2006-06-29,17.1,532.43,AS-DHA-01
2006-06-30,8.0,511.95,AS-DHA-01
2006-07-01,0.0,504.92,AS-DHA-01
2006-07-02,2.6,483.26,AS-DHA-01
2006-07-03,11.4,478.82,AS-DHA-01
2006-07-04,13.9,475.52,AS-DHA-01
2006-07-05,3.4,449.91,AS-DHA-01
2006-07-06,9.8,424.68,AS-DHA-01
2006-07-07,36.8,432.59,AS-DHA-01
2006-07-08,8.5,482.15,AS-DHA-01
2006-07-09,10.0,558.86,AS-DHA-01
2006-07-10,15.9,603.06,AS-DHA-01
2006-07-11,18.2,587.95,AS-DHA-01
2006-07-12,26.5,536.13,AS-DHA-01
2006-07-13,25.9,502.59,AS-DHA-01
2006-07-14,24.8,490.0,AS-DHA-01
2006-07-15,13.0,490.0,AS-DHA-01
2006-07-16,30.5,494.54,AS-DHA-01
2006-07-17,12.2,1110.93,AS-DHA-01
2006-07-18,22.3,1360.69,AS-DHA-01
2006-07-19,20.0,1209.82,AS-DHA-01
2006-07-20,31.4,1113.5,AS-DHA-01
2006-07-21,31.4,980.93,AS-DHA-01
2006-07-22,2.6,846.38,AS-DHA-01
2006-07-23,7.1,747.3,AS-DHA-01
2006-07-24,21.5,683.04,AS-DHA-01
2006-07-25,23.8,669.01,AS-DHA-01
2006-07-26,24.0,815.74,AS-DHA-01
2006-07-27,17.9,913.28,AS-DHA-01
2006-07-28,0.9,850.3,AS-DHA-01
2006-07-29,8.3,754.23,AS-DHA-01
2006-07-30,4.8,700.58,AS-DHA-01
2006-07-31,4.0,675.21,AS-DHA-01
2006-08-01,0.2,646.26,AS-DHA-01
2006-08-02,19.3,628.63,AS-DHA-01
2006-08-03,19.0,631.53,AS-DHA-01
2006-08-04,19.2,621.41,AS-DHA-01
2006-08-05,9.0,587.95,AS-DHA-01
2006-08-06,4.4,552.46,AS-DHA-01
2006-08-07,15.8,519.09,AS-DHA-01
2006-08-08,4.6,490.0,AS-DHA-01
2006-08-09,0.4,462.54,AS-DHA-01
2006-08-10,0.0,440.65,AS-DHA-01
2006-08-11,16.6,426.64,AS-DHA-01
2006-08-12,20.5,460.4,AS-DHA-01
2006-08-13,13.7,471.15,AS-DHA-01
2006-08-14,1.3,445.76,AS-DHA-01
2006-08-15,0.0,418.84,AS-DHA-01
2006-08-16,6.2,392.63,AS-DHA-01
2006-08-17,14.8,374.9,AS-DHA-01
2006-08-18,11.3,363.82,AS-DHA-01
2006-08-19,4.8,349.01,AS-DHA-01
2006-08-20,3.7,338.69,AS-DHA-01
2006-08-21,25.5,352.25,AS-DHA-01
2006-08-22,9.2,368.05,AS-DHA-01
2006-08-23,11.7,357.99,AS-DHA-01
2006-08-24,18.2,339.47,AS-DHA-01
2006-08-25,40.5,329.43,AS-DHA-01
2006-08-26,42.3,320.43,AS-DHA-01
2006-08-27,2.9,319.69,AS-DHA-01
2006-08-28,12.2,332.48,AS-DHA-01
2006-08-29,48.6,431.59,AS-DHA-01
2006-08-30,25.0,482.15,AS-DHA-01
2006-08-31,7.3,431.59,AS-DHA-01
2006-09-01,1.4,390.82,AS-DHA-01
2006-09-02,4.7,367.2,AS-DHA-01
2006-09-03,14.3,345.01,AS-DHA-01
2006-09-04,2.2,322.66,AS-DHA-01
2006-09-05,0.0,303.85,AS-DHA-01
2006-09-06,3.6,286.13,AS-DHA-01
2006-09-07,7.6,268.2,AS-DHA-01
2006-09-08,41.3,260.27,AS-DHA-01
2006-09-09,23.1,253.14,AS-DHA-01
2006-09-10,51.0,290.8,AS-DHA-01
2006-09-11,39.0,329.43,AS-DHA-01
2006-09-12,56.1,377.51,AS-DHA-01
2006-09-13,15.8,368.9,AS-DHA-01
2006-09-14,3.8,339.47,AS-DHA-01
2006-09-15,0.1,312.39,AS-DHA-01
2006-09-16,0.5,298.98,AS-DHA-01
2006-09-17,0.0,289.46,AS-DHA-01
2006-09-18,0.0,276.38,AS-DHA-01
2006-09-19,0.5,260.87,AS-DHA-01
2006-09-20,5.3,251.4,AS-DHA-01
2006-09-21,4.8,249.66,AS-DHA-01
2006-09-22,22.5,254.91,AS-DHA-01
2006-09-23,9.5,264.51,AS-DHA-01
2006-09-24,1.7,260.27,AS-DHA-01
2006-09-25,3.6,242.82,AS-DHA-01
2006-09-26,6.3,228.13,AS-DHA-01
2006-09-27,0.0,217.82,AS-DHA-01
2006-09-28,0.0,207.49,AS-DHA-01
2006-09-29,1.4,208.45,AS-DHA-01
2006-09-30,3.6,221.37,AS-DHA-01
2006-10-01,4.4,226.55,AS-DHA-01
2006-10-02,3.2,221.37,AS-DHA-01
2006-10-03,1.3,208.94,AS-DHA-01
2006-10-04,12.5,197.19,AS-DHA-01
2006-10-05,20.7,196.28,AS-DHA-01
2006-10-06,0.0,196.28,AS-DHA-01
2006-10-07,0.0,190.03,AS-DHA-01
2006-10-08,0.0,177.68,AS-DHA-01
2006-10-09,0.0,164.99,AS-DHA-01
2006-10-10,2.1,155.35,AS-DHA-01
2006-10-11,0.5,151.79,AS-DHA-01
2006-10-12,0.6,151.09,AS-DHA-01
2006-10-13,0.5,147.97,AS-DHA-01
2006-10-14,0.4,140.93,AS-DHA-01
2006-10-15,0.5,133.0,AS-DHA-01
2006-10-16,0.2,124.91,AS-DHA-01
2006-10-17,0.3,117.33,AS-DHA-01
2006-10-18,0.2,109.94,AS-DHA-01
2006-10-19,0.0,103.49,AS-DHA-01
2006-10-20,0.2,99.72,AS-DHA-01
2006-10-21,0.2,99.72,AS-DHA-01
2006-10-22,0.0,100.41,AS-DHA-01
2006-10-23,0.0,99.72,AS-DHA-01
2006-10-24,0.3,96.52,AS-DHA-01
2006-10-25,0.0,93.42,AS-DHA-01
2006-10-26,0.0,89.59,AS-DHA-01
2006-10-27,0.0,85.32,AS-DHA-01
2006-10-28,0.0,80.87,AS-DHA-01
2006-10-29,0.0,76.46,AS-DHA-01
2006-10-30,0.0,72.64,AS-DHA-01
2006-10-31,0.0,68.67,AS-DHA-01
2006-11-01,0.0,65.39,AS-DHA-01
2006-11-02,0.0,63.44,AS-DHA-01
2006-11-03,0.0,63.29,AS-DHA-01
2006-11-04,0.0,62.11,AS-DHA-01
2006-11-05,0.0,60.67,AS-DHA-01
2006-11-06,0.0,59.68,AS-DHA-01
2006-11-07,0.9,58.58,AS-DHA-01
2006-11-08,0.0,59.26,AS-DHA-01
2006-11-09,0.0,61.53,AS-DHA-01
2006-11-10,0.0,61.39,AS-DHA-01
2006-11-11,4.8,61.82,AS-DHA-01
2006-11-12,0.0,62.99,AS-DHA-01
2006-11-13,0.0,62.11,AS-DHA-01
2006-11-14,0.0,59.54,AS-DHA-01
2006-11-15,0.0,57.09,AS-DHA-01
2006-11-16,0.0,54.86,AS-DHA-01
2006-11-17,0.0,52.97,AS-DHA-01
2006-11-18,0.0,51.25,AS-DHA-01
2006-11-19,0.4,49.82,AS-DHA-01
2006-11-20,1.4,49.48,AS-DHA-01
2006-11-21,0.2,50.41,AS-DHA-01
2006-11-22,6.3,50.65,AS-DHA-01
2006-11-23,9.2,49.94,AS-DHA-01
2006-11-24,8.7,49.25,AS-DHA-01
2006-11-25,10.0,48.9,AS-DHA-01
2006-11-26,6.3,48.1,AS-DHA-01
2006-11-27,0.6,47.09,AS-DHA-01
2006-11-28,0.0,45.78,AS-DHA-01
2006-11-29,0.0,44.3,AS-DHA-01
2006-11-30,0.0,43.17,AS-DHA-01
2006-12-01,0.0,42.26,AS-DHA-01
2006-12-02,0.0,41.47,AS-DHA-01
2006-12-03,0.0,40.89,AS-DHA-01
2006-12-04,0.0,40.5,AS-DHA-01
2006-12-05,0.0,40.12,AS-DHA-01
2006-12-06,0.0,39.85,AS-DHA-01
2006-12-07,0.0,39.56,AS-DHA-01
2006-12-08,0.0,39.28,AS-DHA-01
2006-12-09,0.0,39.01,AS-DHA-01
2006-12-10,0.0,38.82,AS-DHA-01
2006-12-11,0.0,38.55,AS-DHA-01
2006-12-12,9.6,39.1,AS-DHA-01
2006-12-13,1.0,40.5,AS-DHA-01
2006-12-14,0.0,40.79,AS-DHA-01
2006-12-15,0.0,39.56,AS-DHA-01
2006-12-16,0.0,38.55,AS-DHA-01
2006-12-17,0.0,37.91,AS-DHA-01
2006-12-18,0.0,37.47,AS-DHA-01
2006-12-19,0.0,37.2,AS-DHA-01
2006-12-20,0.0,36.85,AS-DHA-01
2006-12-21,0.0,36.59,AS-DHA-01
2006-12-22,0.0,36.25,AS-DHA-01
2006-12-23,0.0,35.99,AS-DHA-01
2006-12-24,0.0,35.73,AS-DHA-01
2006-12-25,0.0,35.4,AS-DHA-01
2006-12-26,0.0,35.15,AS-DHA-01
2006-12-27,1.1,34.99,AS-DHA-01
2006-12-28,0.3,34.74,AS-DHA-01
2006-12-29,0.0,34.58,AS-DHA-01
2006-12-30,0.0,34.33,AS-DHA-01
2006-12-31,0.0,34.09,AS-DHA-01
2007-01-01,1.3,34.01,AS-DHA-01
2007-01-02,2.7,34.09,AS-DHA-01
2007-01-03,0.1,34.17,AS-DHA-01
2007-01-04,0.0,33.92,AS-DHA-01
2007-01-05,0.0,33.52,AS-DHA-01
2007-01-06,0.0,33.13,AS-DHA-01
2007-01-07,0.0,32.81,AS-DHA-01
2007-01-08,0.0,32.5,AS-DHA-01
2007-01-09,0.0,32.27,AS-DHA-01
2007-01-10,0.0,31.97,AS-DHA-01
2007-01-11,0.0,31.74,AS-DHA-01
2007-01-12,0.0,31.51,AS-DHA-01
2007-01-13,0.1,31.21,AS-DHA-01
2007-01-14,0.4,30.99,AS-DHA-01
2007-01-15,0.0,30.77,AS-DHA-01
2007-01-16,0.0,30.56,AS-DHA-01
2007-01-17,0.0,30.27,AS-DHA-01
2007-01-18,0.0,30.06,AS-DHA-01
2007-01-19,0.2,29.77,AS-DHA-01
2007-01-20,0.6,29.63,AS-DHA-01
2007-01-21,0.5,29.49,AS-DHA-01
2007-01-22,0.0,29.35,AS-DHA-01
2007-01-23,0.0,29.07,AS-DHA-01
2007-01-24,0.0,28.86,AS-DHA-01
2007-01-25,0.0,28.59,AS-DHA-01
2007-01-26,0.0,28.32,AS-DHA-01
2007-01-27,0.0,28.05,AS-DHA-01
2007-01-28,0.0,27.85,AS-DHA-01
2007-01-29,0.0,27.65,AS-DHA-01
2007-01-30,0.9,27.58,AS-DHA-01
2007-01-31,1.6,28.32,AS-DHA-01
2007-02-01,0.0,32.2,AS-DHA-01
2007-02-02,0.3,35.9,AS-DHA-01
2007-02-03,4.8,36.33,AS-DHA-01
2007-02-04,18.0,36.94,AS-DHA-01
2007-02-05,11.9,40.89,AS-DHA-01
2007-02-06,2.7,48.1,AS-DHA-01
2007-02-07,1.2,48.9,AS-DHA-01
2007-02-08,10.3,46.87,AS-DHA-01
2007-02-09,0.0,47.54,AS-DHA-01
2007-02-10,0.0,47.54,AS-DHA-01
2007-02-11,0.0,43.89,AS-DHA-01
2007-02-12,5.4,40.5,AS-DHA-01
2007-02-13,10.0,40.98,AS-DHA-01
2007-02-14,33.4,65.39,AS-DHA-01
2007-02-15,12.3,97.42,AS-DHA-01
2007-02-16,13.2,99.72,AS-DHA-01
2007-02-17,1.1,89.17,AS-DHA-01
2007-02-18,0.0,78.45,AS-DHA-01
2007-02-19,0.0,68.83,AS-DHA-01
2007-02-20,0.0,60.67,AS-DHA-01
2007-02-21,0.0,53.97,AS-DHA-01
2007-02-22,0.0,48.67,AS-DHA-01
2007-02-23,0.0,44.2,AS-DHA-01
2007-02-24,0.0,40.5,AS-DHA-01
2007-02-25,0.2,37.56,AS-DHA-01
2007-02-26,26.1,41.37,AS-DHA-01
2007-02-27,4.3,43.58,AS-DHA-01
2007-02-28,0.0,44.62,AS-DHA-01
2007-03-01,5.0,42.16,AS-DHA-01
2007-03-02,12.2,39.66,AS-DHA-01
2007-03-03,1.5,38.73,AS-DHA-01
2007-03-04,0.4,37.74,AS-DHA-01
2007-03-05,1.8,35.9,AS-DHA-01
2007-03-06,0.5,34.01,AS-DHA-01
2007-03-07,1.1,32.35,AS-DHA-01
2007-03-08,0.0,30.92,AS-DHA-01
2007-03-09,0.0,29.77,AS-DHA-01
2007-03-10,0.0,28.73,AS-DHA-01
2007-03-11,0.0,27.98,AS-DHA-01
2007-03-12,0.0,27.38,AS-DHA-01
2007-03-13,0.0,26.87,AS-DHA-01
2007-03-14,1.6,26.55,AS-DHA-01
2007-03-15,3.4,26.74,AS-DHA-01
2007-03-16,3.5,27.25,AS-DHA-01
2007-03-17,0.0,27.25,AS-DHA-01
2007-03-18,0.0,26.61,AS-DHA-01
2007-03-19,0.0,26.04,AS-DHA-01
2007-03-20,0.0,25.62,AS-DHA-01
2007-03-21,0.6,25.37,AS-DHA-01
2007-03-22,10.1,28.32,AS-DHA-01
2007-03-23,2.2,37.2,AS-DHA-01
2007-03-24,8.1,45.24,AS-DHA-01
2007-03-25,5.6,45.78,AS-DHA-01
2007-03-26,0.3,42.36,AS-DHA-01
2007-03-27,0.0,37.56,AS-DHA-01
2007-03-28,0.0,33.29,AS-DHA-01
2007-03-29,0.0,30.2,AS-DHA-01
2007-03-30,0.0,28.05,AS-DHA-01
2007-03-31,0.0,26.61,AS-DHA-01
2007-04-01,0.0,25.68,AS-DHA-01
2007-04-02,8.4,25.37,AS-DHA-01
2007-04-03,25.2,29.28,AS-DHA-01
2007-04-04,30.6,48.45,AS-DHA-01
2007-04-05,23.0,63.44,AS-DHA-01
2007-04-06,58.8,183.96,AS-DHA-01
2007-04-07,62.1,295.54,AS-DHA-01
2007-04-08,106.0,549.91,AS-DHA-01
2007-04-09,82.7,733.65,AS-DHA-01
2007-04-10,41.4,655.27,AS-DHA-01
2007-04-11,35.6,551.18,AS-DHA-01
2007-04-12,0.0,435.6,AS-DHA-01
2007-04-13,0.0,349.01,AS-DHA-01
2007-04-14,0.0,293.5,AS-DHA-01
2007-04-15,0.0,254.91,AS-DHA-01
2007-04-16,16.1,230.78,AS-DHA-01
2007-04-17,0.3,213.33,AS-DHA-01
2007-04-18,2.3,197.65,AS-DHA-01
2007-04-19,8.3,183.96,AS-DHA-01
2007-04-20,37.6,186.96,AS-DHA-01
2007-04-21,52.9,240.04,AS-DHA-01
2007-04-22,30.4,290.12,AS-DHA-01
2007-04-23,40.7,332.48,AS-DHA-01
2007-04-24,75.8,445.76,AS-DHA-01
2007-04-25,19.4,402.73,AS-DHA-01
2007-04-26,4.4,326.41,AS-DHA-01
2007-04-27,15.9,284.82,AS-DHA-01
2007-04-28,0.0,259.07,AS-DHA-01
2007-04-29,0.0,236.73,AS-DHA-01
2007-04-30,0.0,215.31,AS-DHA-01
2007-05-01,0.0,197.19,AS-DHA-01
2007-05-02,0.0,181.84,AS-DHA-01
2007-05-03,0.3,167.68,AS-DHA-01
2007-05-04,0.0,156.43,AS-DHA-01
2007-05-05,0.0,146.6,AS-DHA-01
2007-05-06,2.2,136.75,AS-DHA-01
2007-05-07,1.3,130.24,AS-DHA-01
2007-05-08,15.0,132.38,AS-DHA-01
2007-05-09,14.7,138.67,AS-DHA-01
2007-05-10,10.2,148.99,AS-DHA-01
2007-05-11,18.9,172.81,AS-DHA-01
2007-05-12,13.4,232.39,AS-DHA-01
2007-05-13,3.6,281.54,AS-DHA-01
2007-05-14,18.8,384.55,AS-DHA-01
2007-05-15,38.5,581.22,AS-DHA-01
2007-05-16,10.9,525.12,AS-DHA-01
2007-05-17,2.4,440.65,AS-DHA-01
2007-05-18,3.8,397.18,AS-DHA-01
2007-05-19,26.9,367.2,AS-DHA-01
2007-05-20,20.9,364.67,AS-DHA-01
2007-05-21,34.7,390.82,AS-DHA-01
2007-05-22,22.6,412.13,AS-DHA-01
2007-05-23,28.1,402.73,AS-DHA-01
2007-05-24,7.9,373.18,AS-DHA-01
2007-05-25,23.1,351.43,AS-DHA-01
2007-05-26,15.6,331.73,AS-DHA-01
2007-05-27,17.3,327.91,AS-DHA-01
2007-05-28,12.0,323.4,AS-DHA-01
2007-05-29,7.0,310.23,AS-DHA-01
2007-05-30,5.7,290.8,AS-DHA-01
2007-05-31,21.0,271.32,AS-DHA-01
2007-06-01,29.3,265.13,AS-DHA-01
2007-06-02,10.2,254.91,AS-DHA-01
2007-06-03,16.4,243.95,AS-DHA-01
2007-06-04,15.4,236.18,AS-DHA-01
2007-06-05,37.7,240.04,AS-DHA-01
2007-06-06,100.3,277.02,AS-DHA-01
2007-06-07,87.4,328.67,AS-DHA-01
2007-06-08,67.2,381.01,AS-DHA-01
2007-06-09,31.1,389.01,AS-DHA-01
2007-06-10,25.7,412.13,AS-DHA-01
2007-06-11,53.6,662.86,AS-DHA-01
2007-06-12,0.7,740.45,AS-DHA-01
2007-06-13,19.3,590.68,AS-DHA-01
2007-06-14,57.2,561.45,AS-DHA-01
2007-06-15,15.3,684.62,AS-DHA-01
2007-06-16,78.8,1103.28,AS-DHA-01
2007-06-17,42.4,1861.43,AS-DHA-01
2007-06-18,47.3,2285.02,AS-DHA-01
2007-06-19,24.9,1773.52,AS-DHA-01
2007-06-20,15.2,1302.41,AS-DHA-01
2007-06-21,24.7,1068.25,AS-DHA-01
2007-06-22,20.0,945.41,AS-DHA-01
2007-06-23,21.9,888.36,AS-DHA-01
2007-06-24,37.7,906.99,AS-DHA-01
2007-06-25,6.2,856.19,AS-DHA-01
2007-06-26,17.5,798.98,AS-DHA-01
2007-06-27,20.5,759.47,AS-DHA-01
2007-06-28,28.7,985.46,AS-DHA-01
2007-06-29,11.5,1168.72,AS-DHA-01
2007-06-30,8.6,1056.01,AS-DHA-01
2007-07-01,18.0,896.6,AS-DHA-01
2007-07-02,24.6,800.83,AS-DHA-01
2007-07-03,2.7,750.77,AS-DHA-01
2007-07-04,4.9,726.92,AS-DHA-01
2007-07-05,33.4,836.68,AS-DHA-01
2007-07-06,12.5,886.32,AS-DHA-01
2007-07-07,19.5,870.12,AS-DHA-01
2007-07-08,14.1,817.62,AS-DHA-01
2007-07-09,10.4,743.87,AS-DHA-01
2007-07-10,45.8,694.16,AS-DHA-01
2007-07-11,33.5,655.27,AS-DHA-01
2007-07-12,15.4,622.85,AS-DHA-01
2007-07-13,20.8,628.63,AS-DHA-01
2007-07-14,14.8,634.45,AS-DHA-01
2007-07-15,43.0,735.34,AS-DHA-01
2007-07-16,46.7,780.77,AS-DHA-01
2007-07-17,20.6,723.57,AS-DHA-01
2007-07-18,21.8,675.21,AS-DHA-01
2007-07-19,32.3,726.92,AS-DHA-01
2007-07-20,10.0,721.91,AS-DHA-01
2007-07-21,35.3,690.96,AS-DHA-01
2007-07-22,20.8,747.3,AS-DHA-01
2007-07-23,68.6,821.4,AS-DHA-01
2007-07-24,39.5,858.17,AS-DHA-01
2007-07-25,74.8,1123.82,AS-DHA-01
2007-07-26,85.0,1360.69,AS-DHA-01
2007-07-27,42.8,1258.16,AS-DHA-01
2007-07-28,19.6,1073.19,AS-DHA-01
2007-07-29,29.0,951.97,AS-DHA-01
2007-07-30,33.5,880.21,AS-DHA-01
2007-07-31,25.1,866.12,AS-DHA-01
2007-08-01,21.8,911.18,AS-DHA-01
2007-08-02,6.4,884.28,AS-DHA-01
2007-08-03,1.8,817.62,AS-DHA-01
2007-08-04,0.3,762.98,AS-DHA-01
2007-08-05,3.5,718.59,AS-DHA-01
2007-08-06,13.3,673.65,AS-DHA-01
2007-08-07,22.6,641.81,AS-DHA-01
2007-08-08,1.7,614.29,AS-DHA-01
2007-08-09,0.0,581.22,AS-DHA-01
2007-08-10,37.5,573.22,AS-DHA-01
2007-08-11,60.6,597.52,AS-DHA-01
2007-08-12,30.9,603.06,AS-DHA-01
2007-08-13,60.2,804.53,AS-DHA-01
2007-08-14,20.6,850.3,AS-DHA-01
2007-08-15,42.4,825.19,AS-DHA-01
2007-08-16,36.5,811.98,AS-DHA-01
2007-08-17,14.6,810.11,AS-DHA-01
2007-08-18,1.5,766.5,AS-DHA-01
2007-08-19,9.0,707.08,AS-DHA-01
2007-08-20,15.5,661.34,AS-DHA-01
2007-08-21,18.5,627.18,AS-DHA-01
2007-08-22,18.5,604.46,AS-DHA-01
2007-08-23,16.9,592.03,AS-DHA-01
2007-08-24,15.2,577.21,AS-DHA-01
2007-08-25,14.7,641.81,AS-DHA-01
2007-08-26,16.6,1261.06,AS-DHA-01
2007-08-27,62.5,1737.12,AS-DHA-01
2007-08-28,23.6,1495.52,AS-DHA-01
2007-08-29,24.8,1207.04,AS-DHA-01
2007-08-30,26.2,1041.51,AS-DHA-01
2007-08-31,29.3,960.79,AS-DHA-01
2007-09-01,21.5,1255.27,AS-DHA-01
2007-09-02,31.6,1299.41,AS-DHA-01
2007-09-03,35.4,1182.26,AS-DHA-01
2007-09-04,40.4,1215.41,AS-DHA-01
2007-09-05,31.0,1363.84,AS-DHA-01
2007-09-06,88.8,1512.84,AS-DHA-01
2007-09-07,139.7,1761.3,AS-DHA-01
2007-09-08,76.0,2031.73,AS-DHA-01
2007-09-09,35.9,1861.43,AS-DHA-01
2007-09-10,16.7,1562.43,AS-DHA-01
2007-09-11,25.6,1382.83,AS-DHA-01
2007-09-12,14.1,1329.7,AS-DHA-01
2007-09-13,9.9,1320.54,AS-DHA-01
2007-09-14,27.8,1366.98,AS-DHA-01
2007-09-15,16.0,1329.7,AS-DHA-01
2007-09-16,22.3,1249.49,AS-DHA-01
2007-09-17,0.4,1160.67,AS-DHA-01
2007-09-18,1.7,1083.13,AS-DHA-01
2007-09-19,0.0,1017.78,AS-DHA-01
2007-09-20,0.0,949.78,AS-DHA-01
2007-09-21,0.0,884.28,AS-DHA-01
2007-09-22,0.0,825.19,AS-DHA-01
2007-09-23,0.0,768.27,AS-DHA-01
2007-09-24,0.3,718.59,AS-DHA-01
2007-09-25,6.2,672.1,AS-DHA-01
2007-09-26,13.6,635.91,AS-DHA-01
2007-09-27,32.3,615.71,AS-DHA-01
2007-09-28,6.2,603.06,AS-DHA-01
2007-09-29,7.7,603.06,AS-DHA-01
2007-09-30,25.1,598.9,AS-DHA-01
2007-10-01,17.4,581.22,AS-DHA-01
2007-10-02,2.3,557.58,AS-DHA-01
2007-10-03,0.0,534.89,AS-DHA-01
2007-10-04,0.5,511.95,AS-DHA-01
2007-10-05,0.0,485.5,AS-DHA-01
2007-10-06,0.0,463.61,AS-DHA-01
2007-10-07,15.4,449.91,AS-DHA-01
2007-10-08,29.5,690.96,AS-DHA-01
2007-10-09,19.9,923.87,AS-DHA-01
2007-10-10,36.4,890.42,AS-DHA-01
2007-10-11,2.4,771.82,AS-DHA-01
2007-10-12,0.5,669.01,AS-DHA-01
2007-10-13,2.2,615.71,AS-DHA-01
2007-10-14,16.5,608.65,AS-DHA-01
2007-10-15,17.5,653.76,AS-DHA-01
2007-10-16,20.7,698.98,AS-DHA-01
2007-10-17,31.6,683.04,AS-DHA-01
2007-10-18,18.2,644.77,AS-DHA-01
2007-10-19,25.8,627.18,AS-DHA-01
2007-10-20,11.6,614.29,AS-DHA-01
2007-10-21,3.8,587.95,AS-DHA-01
2007-10-22,0.0,546.12,AS-DHA-01
2007-10-23,0.0,504.92,AS-DHA-01
2007-10-24,0.0,466.82,AS-DHA-01
2007-10-25,0.0,433.59,AS-DHA-01
2007-10-26,0.0,401.8,AS-DHA-01
2007-10-27,0.0,373.18,AS-DHA-01
2007-10-28,0.0,346.6,AS-DHA-01
2007-10-29,0.0,321.91,AS-DHA-01
2007-10-30,0.0,298.98,AS-DHA-01
2007-10-31,0.0,278.31,AS-DHA-01
2007-11-01,0.0,259.07,AS-DHA-01
2007-11-02,0.0,245.65,AS-DHA-01
2007-11-03,0.0,237.83,AS-DHA-01
2007-11-04,0.0,226.55,AS-DHA-01
2007-11-05,0.4,211.36,AS-DHA-01
2007-11-06,0.0,198.11,AS-DHA-01
2007-11-07,0.8,189.59,AS-DHA-01
2007-11-08,0.0,181.84,AS-DHA-01
2007-11-09,1.2,169.25,AS-DHA-01
2007-11-10,3.5,158.98,AS-DHA-01
2007-11-11,0.2,152.5,AS-DHA-01
2007-11-12,0.0,146.26,AS-DHA-01
2007-11-13,0.0,137.07,AS-DHA-01
2007-11-14,0.0,127.26,AS-DHA-01
2007-11-15,2.7,122.05,AS-DHA-01
2007-11-16,14.6,132.38,AS-DHA-01
2007-11-17,0.0,144.91,AS-DHA-01
2007-11-18,0.0,141.26,AS-DHA-01
2007-11-19,0.0,129.94,AS-DHA-01
2007-11-20,0.0,119.25,AS-DHA-01
2007-11-21,0.0,109.69,AS-DHA-01
2007-11-22,0.0,101.82,AS-DHA-01
2007-11-23,0.0,95.63,AS-DHA-01
2007-11-24,0.0,89.59,AS-DHA-01
2007-11-25,0.0,83.54,AS-DHA-01
2007-11-26,0.0,78.26,AS-DHA-01
2007-11-27,0.0,73.48,AS-DHA-01
2007-11-28,0.0,69.32,AS-DHA-01
2007-11-29,0.0,66.0,AS-DHA-01
2007-11-30,0.3,63.72,AS-DHA-01
2007-12-01,0.4,62.26,AS-DHA-01
2007-12-02,0.0,61.24,AS-DHA-01
2007-12-03,1.2,59.96,AS-DHA-01
2007-12-04,2.8,59.82,AS-DHA-01
2007-12-05,0.0,61.39,AS-DHA-01
2007-12-06,0.0,60.67,AS-DHA-01
2007-12-07,0.0,58.17,AS-DHA-01
2007-12-08,0.0,55.9,AS-DHA-01
2007-12-09,0.0,54.1,AS-DHA-01
2007-12-10,0.0,52.59,AS-DHA-01
2007-12-11,0.0,51.37,AS-DHA-01
2007-12-12,0.0,50.41,AS-DHA-01
2007-12-13,0.0,49.71,AS-DHA-01
2007-12-14,0.0,49.13,AS-DHA-01
2007-12-15,0.0,48.67,AS-DHA-01
2007-12-16,0.0,48.33,AS-DHA-01
2007-12-17,0.0,47.99,AS-DHA-01
2007-12-18,0.0,47.65,AS-DHA-01
2007-12-19,0.0,47.32,AS-DHA-01
2007-12-20,0.0,46.98,AS-DHA-01
2007-12-21,0.0,46.65,AS-DHA-01
2007-12-22,0.0,46.32,AS-DHA-01
2007-12-23,0.0,46.11,AS-DHA-01
2007-12-24,0.0,45.78,AS-DHA-01
2007-12-25,0.0,45.46,AS-DHA-01
2007-12-26,0.0,45.14,AS-DHA-01
2007-12-27,0.0,44.93,AS-DHA-01
2007-12-28,0.0,44.62,AS-DHA-01
2007-12-29,0.0,44.41,AS-DHA-01
2007-12-30,0.0,44.1,AS-DHA-01
2007-12-31,0.0,43.78,AS-DHA-01
2008-01-01,0.0,43.48,AS-DHA-01
2008-01-02,0.0,43.17,AS-DHA-01
2008-01-03,0.0,42.86,AS-DHA-01
2008-01-04,0.0,42.56,AS-DHA-01
2008-01-05,0.0,42.16,AS-DHA-01
2008-01-06,0.0,41.86,AS-DHA-01
2008-01-07,0.0,41.57,AS-DHA-01
2008-01-08,0.0,41.27,AS-DHA-01
2008-01-09,0.0,40.98,AS-DHA-01
2008-01-10,0.0,40.69,AS-DHA-01
2008-01-11,0.8,40.5,AS-DHA-01
2008-01-12,1.9,40.31,AS-DHA-01
2008-01-13,0.0,40.12,AS-DHA-01
2008-01-14,0.0,39.94,AS-DHA-01
2008-01-15,0.0,39.66,AS-DHA-01
2008-01-16,0.0,39.38,AS-DHA-01
2008-01-17,0.0,39.1,AS-DHA-01
2008-01-18,0.0,38.91,AS-DHA-01
2008-01-19,0.0,38.73,AS-DHA-01
2008-01-20,4.4,38.55,AS-DHA-01
2008-01-21,3.9,38.55,AS-DHA-01
2008-01-22,0.2,38.37,AS-DHA-01
2008-01-23,7.0,38.91,AS-DHA-01
2008-01-24,10.3,41.76,AS-DHA-01
2008-01-25,2.1,48.9,AS-DHA-01
2008-01-26,9.4,55.24,AS-DHA-01
2008-01-27,19.6,57.76,AS-DHA-01
2008-01-28,3.4,58.04,AS-DHA-01
2008-01-29,8.3,55.24,AS-DHA-01
2008-01-30,12.5,52.47,AS-DHA-01
2008-01-31,11.4,55.5,AS-DHA-01
2008-02-01,0.6,61.39,AS-DHA-01
2008-02-02,0.0,60.39,AS-DHA-01
2008-02-03,0.0,54.73,AS-DHA-01
2008-02-04,0.0,49.37,AS-DHA-01
2008-02-05,0.0,45.57,AS-DHA-01
2008-02-06,0.0,42.76,AS-DHA-01
2008-02-07,0.4,40.31,AS-DHA-01
2008-02-08,6.1,39.85,AS-DHA-01
2008-02-09,3.5,44.93,AS-DHA-01
2008-02-10,6.9,53.97,AS-DHA-01
2008-02-11,4.0,58.45,AS-DHA-01
2008-02-12,0.1,56.42,AS-DHA-01
2008-02-13,0.2,50.89,AS-DHA-01
2008-02-14,0.0,46.0,AS-DHA-01
2008-02-15,0.0,42.36,AS-DHA-01
2008-02-16,0.0,39.94,AS-DHA-01
2008-02-17,0.2,38.55,AS-DHA-01
2008-02-18,0.2,37.74,AS-DHA-01
2008-02-19,4.7,37.11,AS-DHA-01
2008-02-20,1.0,36.94,AS-DHA-01
2008-02-21,0.0,37.03,AS-DHA-01
2008-02-22,0.0,36.68,AS-DHA-01
2008-02-23,0.0,35.99,AS-DHA-01
2008-02-24,0.1,35.4,AS-DHA-01
2008-02-25,17.7,36.5,AS-DHA-01
2008-02-26,15.0,39.19,AS-DHA-01
2008-02-27,2.8,40.79,AS-DHA-01
2008-02-28,0.0,41.08,AS-DHA-01
2008-02-29,0.0,40.21,AS-DHA-01
2008-03-01,0.0,38.37,AS-DHA-01
2008-03-02,0.0,36.76,AS-DHA-01
2008-03-03,0.0,36.07,AS-DHA-01
2008-03-04,10.9,37.03,AS-DHA-01
2008-03-05,10.3,41.18,AS-DHA-01
2008-03-06,0.0,47.21,AS-DHA-01
2008-03-07,0.0,49.82,AS-DHA-01
2008-03-08,2.5,47.77,AS-DHA-01
2008-03-09,0.0,47.43,AS-DHA-01
2008-03-10,0.0,47.65,AS-DHA-01
2008-03-11,0.1,45.35,AS-DHA-01
2008-03-12,0.7,42.86,AS-DHA-01
2008-03-13,0.8,40.89,AS-DHA-01
2008-03-14,5.4,39.38,AS-DHA-01
2008-03-15,6.6,38.82,AS-DHA-01
2008-03-16,6.0,39.01,AS-DHA-01
2008-03-17,3.7,39.85,AS-DHA-01
2008-03-18,18.8,44.82,AS-DHA-01
2008-03-19,39.3,86.52,AS-DHA-01
2008-03-20,45.1,187.83,AS-DHA-01
2008-03-21,40.4,287.46,AS-DHA-01
2008-03-22,6.4,301.75,AS-DHA-01
2008-03-23,2.4,245.65,AS-DHA-01
2008-03-24,20.5,217.82,AS-DHA-01
2008-03-25,9.1,194.02,AS-DHA-01
2008-03-26,17.6,195.38,AS-DHA-01
2008-03-27,5.3,184.82,AS-DHA-01
2008-03-28,5.4,168.86,AS-DHA-01
2008-03-29,6.9,154.63,AS-DHA-01
2008-03-30,15.0,144.57,AS-DHA-01
2008-03-31,13.6,139.63,AS-DHA-01
2008-04-01,6.7,135.48,AS-DHA-01
2008-04-02,1.2,130.55,AS-DHA-01
2008-04-03,11.5,135.8,AS-DHA-01
2008-04-04,5.5,143.9,AS-DHA-01
2008-04-05,0.0,142.58,AS-DHA-01
2008-04-06,0.0,133.93,AS-DHA-01
2008-04-07,0.0,123.48,AS-DHA-01
2008-04-08,0.1,114.64,AS-DHA-01
2008-04-09,0.0,106.17,AS-DHA-01
2008-04-10,0.1,98.1,AS-DHA-01
2008-04-11,0.7,90.85,AS-DHA-01
2008-04-12,4.1,84.72,AS-DHA-01
2008-04-13,20.4,91.28,AS-DHA-01
2008-04-14,58.7,215.81,AS-DHA-01
2008-04-15,13.4,241.15,AS-DHA-01
2008-04-16,34.0,237.28,AS-DHA-01
2008-04-17,7.3,212.35,AS-DHA-01
2008-04-18,27.4,205.57,AS-DHA-01
2008-04-19,16.9,189.15,AS-DHA-01
2008-04-20,1.6,169.25,AS-DHA-01
2008-04-21,0.0,151.44,AS-DHA-01
2008-04-22,0.0,136.43,AS-DHA-01
2008-04-23,0.0,124.34,AS-DHA-01
2008-04-24,9.0,116.24,AS-DHA-01
2008-04-25,7.1,111.74,AS-DHA-01
2008-04-26,14.0,110.46,AS-DHA-01
2008-04-27,9.1,109.43,AS-DHA-01
2008-04-28,25.0,137.07,AS-DHA-01
2008-04-29,23.5,148.99,AS-DHA-01
2008-04-30,1.2,141.26,AS-DHA-01
2008-05-01,28.6,158.98,AS-DHA-01
2008-05-02,18.0,169.64,AS-DHA-01
2008-05-03,12.8,162.34,AS-DHA-01
2008-05-04,0.0,150.73,AS-DHA-01
2008-05-05,17.1,141.92,AS-DHA-01
2008-05-06,22.7,136.43,AS-DHA-01
2008-05-07,21.0,139.3,AS-DHA-01
2008-05-08,15.4,138.35,AS-DHA-01
2008-05-09,5.8,132.69,AS-DHA-01
2008-05-10,5.5,126.37,AS-DHA-01
2008-05-11,0.6,121.2,AS-DHA-01
2008-05-12,14.5,116.78,AS-DHA-01
2008-05-13,3.0,113.58,AS-DHA-01
2008-05-14,16.0,185.68,AS-DHA-01
2008-05-15,5.0,320.43,AS-DHA-01
2008-05-16,6.7,317.48,AS-DHA-01
2008-05-17,51.0,310.95,AS-DHA-01
2008-05-18,40.9,318.21,AS-DHA-01
2008-05-19,29.3,308.09,AS-DHA-01
2008-05-20,25.4,324.9,AS-DHA-01
2008-05-21,32.2,342.62,AS-DHA-01
2008-05-22,20.8,334.03,AS-DHA-01
2008-05-23,12.9,312.39,AS-DHA-01
2008-05-24,24.3,294.18,AS-DHA-01
2008-05-25,30.0,282.19,AS-DHA-01
2008-05-26,49.5,294.18,AS-DHA-01
2008-05-27,27.1,288.79,AS-DHA-01
2008-05-28,16.1,277.02,AS-DHA-01
2008-05-29,16.6,266.35,AS-DHA-01
2008-05-30,17.5,254.32,AS-DHA-01
2008-05-31,16.3,269.45,AS-DHA-01
2008-06-01,10.6,293.5,AS-DHA-01
2008-06-02,39.8,320.43,AS-DHA-01
2008-06-03,19.6,324.15,AS-DHA-01
2008-06-04,38.7,361.31,AS-DHA-01
2008-06-05,35.0,367.2,AS-DHA-01
2008-06-06,48.2,367.2,AS-DHA-01
2008-06-07,33.4,379.27,AS-DHA-01
2008-06-08,24.9,434.6,AS-DHA-01
2008-06-09,21.3,449.91,AS-DHA-01
2008-06-10,56.2,447.83,AS-DHA-01
2008-06-11,48.0,470.06,AS-DHA-01
2008-06-12,17.3,465.75,AS-DHA-01
2008-06-13,47.4,463.61,AS-DHA-01
2008-06-14,12.2,455.12,AS-DHA-01
2008-06-15,10.9,459.35,AS-DHA-01
2008-06-16,71.5,878.19,AS-DHA-01
2008-06-17,22.7,1056.01,AS-DHA-01
2008-06-18,11.5,888.36,AS-DHA-01
2008-06-19,53.9,771.82,AS-DHA-01
2008-06-20,21.9,692.55,AS-DHA-01
2008-06-21,9.8,624.29,AS-DHA-01
2008-06-22,38.9,582.55,AS-DHA-01
2008-06-23,32.9,551.18,AS-DHA-01
2008-06-24,37.6,627.18,AS-DHA-01
2008-06-25,42.2,856.19,AS-DHA-01
2008-06-26,22.6,980.93,AS-DHA-01
2008-06-27,17.3,923.87,AS-DHA-01
2008-06-28,14.4,858.17,AS-DHA-01
2008-06-29,26.9,915.39,AS-DHA-01
2008-06-30,60.1,983.19,AS-DHA-01
2008-07-01,46.6,911.18,AS-DHA-01
2008-07-02,40.1,836.68,AS-DHA-01
2008-07-03,41.8,798.98,AS-DHA-01
2008-07-04,29.8,789.82,AS-DHA-01
2008-07-05,12.1,990.02,AS-DHA-01
2008-07-06,10.3,1080.64,AS-DHA-01
2008-07-07,5.5,971.93,AS-DHA-01
2008-07-08,7.5,888.36,AS-DHA-01
2008-07-09,41.0,900.74,AS-DHA-01
2008-07-10,49.3,892.47,AS-DHA-01
2008-07-11,20.4,825.19,AS-DHA-01
2008-07-12,15.1,777.18,AS-DHA-01
2008-07-13,41.3,761.22,AS-DHA-01
2008-07-14,51.2,788.01,AS-DHA-01
2008-07-15,29.2,778.98,AS-DHA-01
2008-07-16,16.4,725.24,AS-DHA-01
2008-07-17,20.3,676.76,AS-DHA-01
2008-07-18,25.4,656.78,AS-DHA-01
2008-07-19,24.4,640.33,AS-DHA-01
2008-07-20,17.6,614.29,AS-DHA-01
2008-07-21,31.6,594.78,AS-DHA-01
2008-07-22,9.9,567.95,AS-DHA-01
2008-07-23,18.8,541.1,AS-DHA-01
2008-07-24,34.6,526.33,AS-DHA-01
2008-07-25,17.4,519.09,AS-DHA-01
2008-07-26,11.9,566.65,AS-DHA-01
2008-07-27,2.6,597.52,AS-DHA-01
2008-07-28,12.9,579.87,AS-DHA-01
2008-07-29,32.5,555.01,AS-DHA-01
2008-07-30,47.0,553.72,AS-DHA-01
2008-07-31,32.0,573.22,AS-DHA-01
2008-08-01,11.3,630.07,AS-DHA-01
2008-08-02,20.3,669.01,AS-DHA-01
2008-08-03,34.5,672.1,AS-DHA-01
2008-08-04,38.4,675.21,AS-DHA-01
2008-08-05,17.1,716.93,AS-DHA-01
2008-08-06,20.6,749.03,AS-DHA-01
2008-08-07,2.1,695.75,AS-DHA-01
2008-08-08,9.8,632.99,AS-DHA-01
2008-08-09,28.9,627.18,AS-DHA-01
2008-08-10,60.9,752.49,AS-DHA-01
2008-08-11,64.9,926.01,AS-DHA-01
2008-08-12,36.8,951.97,AS-DHA-01
2008-08-13,17.7,896.6,AS-DHA-01
2008-08-14,46.5,848.34,AS-DHA-01
2008-08-15,17.7,786.19,AS-DHA-01
2008-08-16,43.1,755.98,AS-DHA-01
2008-08-17,61.3,830.92,AS-DHA-01
2008-08-18,41.4,894.53,AS-DHA-01
2008-08-19,29.5,923.87,AS-DHA-01
2008-08-20,26.7,904.9,AS-DHA-01
2008-08-21,21.3,856.19,AS-DHA-01
2008-08-22,20.4,1129.0,AS-DHA-01
2008-08-23,26.0,1461.45,AS-DHA-01
2008-08-24,16.9,1332.77,AS-DHA-01
2008-08-25,24.6,1320.54,AS-DHA-01
2008-08-26,13.7,1226.67,AS-DHA-01
2008-08-27,19.4,1078.14,AS-DHA-01
2008-08-28,70.0,1073.19,AS-DHA-01
2008-08-29,24.7,1053.58,AS-DHA-01
2008-08-30,9.1,999.19,AS-DHA-01
2008-08-31,8.4,923.87,AS-DHA-01
2008-09-01,28.2,864.13,AS-DHA-01
2008-09-02,35.0,823.29,AS-DHA-01
2008-09-03,21.4,791.65,AS-DHA-01
2008-09-04,39.7,815.74,AS-DHA-01
2008-09-05,30.0,862.14,AS-DHA-01
2008-09-06,6.4,842.49,AS-DHA-01
2008-09-07,1.5,798.98,AS-DHA-01
2008-09-08,14.1,798.98,AS-DHA-01
2008-09-09,6.7,786.19,AS-DHA-01
2008-09-10,1.6,759.47,AS-DHA-01
2008-09-11,6.9,725.24,AS-DHA-01
2008-09-12,1.0,692.55,AS-DHA-01
2008-09-13,0.9,672.1,AS-DHA-01
2008-09-14,0.6,646.26,AS-DHA-01
2008-09-15,0.0,610.06,AS-DHA-01
2008-09-16,36.4,624.29,AS-DHA-01
2008-09-17,10.7,628.63,AS-DHA-01
2008-09-18,34.4,615.71,AS-DHA-01
2008-09-19,11.3,583.9,AS-DHA-01
2008-09-20,18.6,551.18,AS-DHA-01
2008-09-21,29.2,541.1,AS-DHA-01
2008-09-22,24.7,586.6,AS-DHA-01
2008-09-23,6.3,615.71,AS-DHA-01
2008-09-24,13.7,589.31,AS-DHA-01
2008-09-25,18.8,555.01,AS-DHA-01
2008-09-26,4.6,532.43,AS-DHA-01
2008-09-27,0.9,526.33,AS-DHA-01
2008-09-28,35.6,612.88,AS-DHA-01
2008-09-29,24.7,635.91,AS-DHA-01
2008-09-30,2.1,583.9,AS-DHA-01
2008-10-01,4.5,534.89,AS-DHA-01
2008-10-02,13.0,590.68,AS-DHA-01
2008-10-03,10.3,638.85,AS-DHA-01
2008-10-04,7.0,619.98,AS-DHA-01
2008-10-05,3.7,592.03,AS-DHA-01
2008-10-06,11.9,566.65,AS-DHA-01
2008-10-07,51.5,592.03,AS-DHA-01
2008-10-08,36.4,594.78,AS-DHA-01
2008-10-09,11.5,561.45,AS-DHA-01
2008-10-10,2.9,522.7,AS-DHA-01
2008-10-11,0.2,487.74,AS-DHA-01
2008-10-12,0.0,457.23,AS-DHA-01
2008-10-13,0.0,427.63,AS-DHA-01
2008-10-14,1.5,399.94,AS-DHA-01
2008-10-15,0.0,375.77,AS-DHA-01
2008-10-16,0.0,353.06,AS-DHA-01
2008-10-17,0.0,329.43,AS-DHA-01
2008-10-18,0.0,306.67,AS-DHA-01
2008-10-19,0.0,284.82,AS-DHA-01
2008-10-20,0.0,266.96,AS-DHA-01
2008-10-21,0.0,251.4,AS-DHA-01
2008-10-22,0.0,235.09,AS-DHA-01
2008-10-23,0.0,219.33,AS-DHA-01
2008-10-24,2.0,205.1,AS-DHA-01
2008-10-25,3.3,196.73,AS-DHA-01
2008-10-26,18.6,215.31,AS-DHA-01
2008-10-27,11.1,256.69,AS-DHA-01
2008-10-28,0.5,259.67,AS-DHA-01
2008-10-29,0.0,240.04,AS-DHA-01
2008-10-30,0.0,219.33,AS-DHA-01
2008-10-31,0.0,201.34,AS-DHA-01
2008-11-01,0.0,185.25,AS-DHA-01
2008-11-02,0.0,170.83,AS-DHA-01
2008-11-03,0.0,157.16,AS-DHA-01
2008-11-04,0.6,145.58,AS-DHA-01
2008-11-05,0.9,135.8,AS-DHA-01
2008-11-06,0.0,127.85,AS-DHA-01
2008-11-07,0.0,119.81,AS-DHA-01
2008-11-08,0.0,110.96,AS-DHA-01
2008-11-09,0.0,102.53,AS-DHA-01
2008-11-10,0.0,95.18,AS-DHA-01
2008-11-11,0.0,88.35,AS-DHA-01
2008-11-12,0.0,82.39,AS-DHA-01
2008-11-13,0.0,77.18,AS-DHA-01
2008-11-14,0.0,72.64,AS-DHA-01
2008-11-15,0.0,68.83,AS-DHA-01
2008-11-16,0.0,65.54,AS-DHA-01
2008-11-17,0.0,62.7,AS-DHA-01
2008-11-18,0.0,60.39,AS-DHA-01
2008-11-19,0.0,58.45,AS-DHA-01
2008-11-20,0.0,56.82,AS-DHA-01
2008-11-21,3.1,55.63,AS-DHA-01
2008-11-22,2.0,54.73,AS-DHA-01
2008-11-23,0.0,54.1,AS-DHA-01
2008-11-24,0.0,53.34,AS-DHA-01
2008-11-25,0.0,52.84,AS-DHA-01
2008-11-26,0.0,52.22,AS-DHA-01
2008-11-27,0.0,51.86,AS-DHA-01
2008-11-28,0.0,51.49,AS-DHA-01
2008-11-29,0.0,51.13,AS-DHA-01
2008-11-30,0.0,50.77,AS-DHA-01
2008-12-01,0.0,50.41,AS-DHA-01
2008-12-02,0.0,50.06,AS-DHA-01
2008-12-03,0.0,49.71,AS-DHA-01
2008-12-04,0.0,49.48,AS-DHA-01
2008-12-05,0.0,49.13,AS-DHA-01
2008-12-06,0.0,48.79,AS-DHA-01
2008-12-07,0.0,48.56,AS-DHA-01
2008-12-08,0.0,48.33,AS-DHA-01
2008-12-09,0.0,47.99,AS-DHA-01
2008-12-10,0.0,47.65,AS-DHA-01
2008-12-11,0.2,47.43,AS-DHA-01
2008-12-12,0.4,47.21,AS-DHA-01
2008-12-13,0.0,46.98,AS-DHA-01
2008-12-14,0.0,46.76,AS-DHA-01
2008-12-15,0.0,46.43,AS-DHA-01
2008-12-16,0.0,46.11,AS-DHA-01
2008-12-17,0.0,45.78,AS-DHA-01
2008-12-18,0.0,45.46,AS-DHA-01
2008-12-19,0.0,45.14,AS-DHA-01
2008-12-20,0.0,44.82,AS-DHA-01
2008-12-21,0.0,44.62,AS-DHA-01
2008-12-22,0.7,44.41,AS-DHA-01
2008-12-23,0.0,44.51,AS-DHA-01
2008-12-24,0.0,44.72,AS-DHA-01
2008-12-25,0.0,44.41,AS-DHA-01
2008-12-26,2.4,44.1,AS-DHA-01
2008-12-27,1.3,44.62,AS-DHA-01
2008-12-28,0.0,45.14,AS-DHA-01
2008-12-29,0.0,44.51,AS-DHA-01
2008-12-30,0.0,43.68,AS-DHA-01
2008-12-31,0.2,43.07,AS-DHA-01
2009-01-01,0.0,42.66,AS-DHA-01
2009-01-02,0.0,42.26,AS-DHA-01
2009-01-03,0.0,41.96,AS-DHA-01
2009-01-04,0.0,41.57,AS-DHA-01
2009-01-05,0.0,41.27,AS-DHA-01
2009-01-06,0.0,40.98,AS-DHA-01
2009-01-07,0.0,40.69,AS-DHA-01
2009-01-08,0.0,40.31,AS-DHA-01
2009-01-09,0.0,40.03,AS-DHA-01
2009-01-10,0.0,39.75,AS-DHA-01
2009-01-11,0.2,39.47,AS-DHA-01
2009-01-12,0.0,39.28,AS-DHA-01
2009-01-13,0.0,39.01,AS-DHA-01
2009-01-14,0.0,38.64,AS-DHA-01
2009-01-15,0.0,38.46,AS-DHA-01
2009-01-16,0.0,38.09,AS-DHA-01
2009-01-17,0.0,37.82,AS-DHA-01
2009-01-18,0.0,37.56,AS-DHA-01
2009-01-19,0.7,37.38,AS-DHA-01
2009-01-20,5.4,37.56,AS-DHA-01
2009-01-21,0.2,37.56,AS-DHA-01
2009-01-22,0.0,37.2,AS-DHA-01
2009-01-23,0.0,36.85,AS-DHA-01
2009-01-24,0.0,36.5,AS-DHA-01
2009-01-25,7.0,37.2,AS-DHA-01
2009-01-26,13.1,39.47,AS-DHA-01
2009-01-27,6.8,41.47,AS-DHA-01
2009-01-28,1.3,41.27,AS-DHA-01
2009-01-29,0.0,39.66,AS-DHA-01
2009-01-30,0.0,38.09,AS-DHA-01
2009-01-31,0.8,36.94,AS-DHA-01
2009-02-01,6.7,36.68,AS-DHA-01
2009-02-02,0.0,36.25,AS-DHA-01
2009-02-03,0.0,35.65,AS-DHA-01
2009-02-04,0.0,35.15,AS-DHA-01
2009-02-05,0.0,34.74,AS-DHA-01
2009-02-06,0.0,34.33,AS-DHA-01
2009-02-07,0.0,33.52,AS-DHA-01
2009-02-08,0.0,32.66,AS-DHA-01
2009-02-09,0.0,32.2,AS-DHA-01
2009-02-10,0.0,31.82,AS-DHA-01
2009-02-11,0.0,31.44,AS-DHA-01
2009-02-12,0.6,31.14,AS-DHA-01
2009-02-13,0.0,30.85,AS-DHA-01
2009-02-14,0.0,30.63,AS-DHA-01
2009-02-15,0.0,30.35,AS-DHA-01
2009-02-16,0.0,30.06,AS-DHA-01
2009-02-17,0.0,29.91,AS-DHA-01
2009-02-18,0.0,29.77,AS-DHA-01
2009-02-19,0.0,29.56,AS-DHA-01
2009-02-20,0.0,29.35,AS-DHA-01
2009-02-21,0.0,29.07,AS-DHA-01
2009-02-22,0.0,28.86,AS-DHA-01
2009-02-23,0.6,28.66,AS-DHA-01
2009-02-24,26.5,31.07,AS-DHA-01
2009-02-25,50.5,81.05,AS-DHA-01
2009-02-26,11.1,91.07,AS-DHA-01
2009-02-27,1.7,76.29,AS-DHA-01
2009-02-28,7.5,63.72,AS-DHA-01
2009-03-01,0.0,55.37,AS-DHA-01
2009-03-02,0.0,49.37,AS-DHA-01
2009-03-03,0.0,44.51,AS-DHA-01
2009-03-04,0.9,40.69,AS-DHA-01
2009-03-05,4.6,38.91,AS-DHA-01
2009-03-06,5.1,39.47,AS-DHA-01
2009-03-07,0.3,39.94,AS-DHA-01
2009-03-08,0.0,38.46,AS-DHA-01
2009-03-09,0.0,36.07,AS-DHA-01
2009-03-10,0.2,34.01,AS-DHA-01
2009-03-11,0.0,32.43,AS-DHA-01
2009-03-12,0.0,31.14,AS-DHA-01
2009-03-13,0.0,30.13,AS-DHA-01
2009-03-14,0.0,29.28,AS-DHA-01
2009-03-15,0.0,28.66,AS-DHA-01
2009-03-16,0.0,28.18,AS-DHA-01
2009-03-17,0.0,27.78,AS-DHA-01
2009-03-18,0.0,27.45,AS-DHA-01
2009-03-19,2.0,27.19,AS-DHA-01
2009-03-20,0.3,27.32,AS-DHA-01
2009-03-21,0.0,27.52,AS-DHA-01
2009-03-22,0.5,27.06,AS-DHA-01
2009-03-23,0.0,26.61,AS-DHA-01
2009-03-24,0.5,26.55,AS-DHA-01
2009-03-25,0.0,26.55,AS-DHA-01
2009-03-26,12.1,26.8,AS-DHA-01
2009-03-27,7.6,27.19,AS-DHA-01
2009-03-28,5.3,28.59,AS-DHA-01
2009-03-29,12.0,31.51,AS-DHA-01
2009-03-30,53.5,112.26,AS-DHA-01
2009-03-31,62.2,294.18,AS-DHA-01
2009-04-01,18.6,248.5,AS-DHA-01
2009-04-02,0.4,172.41,AS-DHA-01
2009-04-03,10.6,143.24,AS-DHA-01
2009-04-04,49.0,196.73,AS-DHA-01
2009-04-05,5.5,186.96,AS-DHA-01
2009-04-06,37.7,181.01,AS-DHA-01
2009-04-07,13.7,158.62,AS-DHA-01
2009-04-08,13.8,139.3,AS-DHA-01
2009-04-09,0.2,124.05,AS-DHA-01
2009-04-10,24.9,129.35,AS-DHA-01
2009-04-11,9.3,125.2,AS-DHA-01
2009-04-12,0.0,116.78,AS-DHA-01
2009-04-13,0.0,107.41,AS-DHA-01
2009-04-14,0.1,98.1,AS-DHA-01
2009-04-15,0.2,89.8,AS-DHA-01
2009-04-16,2.0,83.15,AS-DHA-01
2009-04-17,10.4,78.45,AS-DHA-01
2009-04-18,17.0,79.55,AS-DHA-01
2009-04-19,10.4,80.49,AS-DHA-01
2009-04-20,31.3,98.79,AS-DHA-01
2009-04-21,14.1,152.14,AS-DHA-01
2009-04-22,16.6,262.07,AS-DHA-01
2009-04-23,17.5,218.33,AS-DHA-01
2009-04-24,0.9,177.68,AS-DHA-01
2009-04-25,0.4,149.34,AS-DHA-01
2009-04-26,0.6,128.75,AS-DHA-01
2009-04-27,2.6,113.05,AS-DHA-01
2009-04-28,0.2,100.88,AS-DHA-01
2009-04-29,3.8,91.07,AS-DHA-01
2009-04-30,23.6,118.7,AS-DHA-01
2009-05-01,25.0,145.92,AS-DHA-01
2009-05-02,0.0,145.92,AS-DHA-01
2009-05-03,4.1,134.54,AS-DHA-01
2009-05-04,13.2,124.91,AS-DHA-01
2009-05-05,6.0,117.6,AS-DHA-01
2009-05-06,25.8,125.79,AS-DHA-01
2009-05-07,5.8,126.67,AS-DHA-01
2009-05-08,3.3,118.15,AS-DHA-01
2009-05-09,4.3,107.66,AS-DHA-01
2009-05-10,14.2,102.77,AS-DHA-01
2009-05-11,10.5,104.95,AS-DHA-01
2009-05-12,0.9,103.98,AS-DHA-01
2009-05-13,23.5,106.42,AS-DHA-01
2009-05-14,26.3,126.37,AS-DHA-01
2009-05-15,0.4,130.85,AS-DHA-01
2009-05-16,13.6,130.24,AS-DHA-01
2009-05-17,31.4,146.6,AS-DHA-01
2009-05-18,23.9,194.47,AS-DHA-01
2009-05-19,0.1,241.71,AS-DHA-01
2009-05-20,7.9,213.33,AS-DHA-01
2009-05-21,5.2,185.25,AS-DHA-01
2009-05-22,2.3,166.53,AS-DHA-01
2009-05-23,0.9,153.91,AS-DHA-01
2009-05-24,16.1,155.71,AS-DHA-01
2009-05-25,13.5,182.69,AS-DHA-01
2009-05-26,22.1,215.31,AS-DHA-01
2009-05-27,17.4,210.87,AS-DHA-01
2009-05-28,15.5,196.73,AS-DHA-01
2009-05-29,14.2,183.96,AS-DHA-01
2009-05-30,36.2,187.4,AS-DHA-01
2009-05-31,21.6,195.82,AS-DHA-01
2009-06-01,19.6,198.11,AS-DHA-01
2009-06-02,3.8,192.23,AS-DHA-01
2009-06-03,4.2,185.68,AS-DHA-01
2009-06-04,10.2,185.68,AS-DHA-01
2009-06-05,14.1,192.68,AS-DHA-01
2009-06-06,22.6,232.39,AS-DHA-01
2009-06-07,15.5,260.87,AS-DHA-01
2009-06-08,10.1,263.9,AS-DHA-01
2009-06-09,3.1,249.66,AS-DHA-01
2009-06-10,13.0,230.78,AS-DHA-01
2009-06-11,23.1,225.51,AS-DHA-01
2009-06-12,31.9,229.18,AS-DHA-01
2009-06-13,14.0,223.44,AS-DHA-01
2009-06-14,26.5,229.72,AS-DHA-01
2009-06-15,17.5,234.55,AS-DHA-01
2009-06-16,8.7,240.59,AS-DHA-01
2009-06-17,5.9,260.27,AS-DHA-01
2009-06-18,6.6,248.5,AS-DHA-01
2009-06-19,29.9,237.83,AS-DHA-01
2009-06-20,25.9,240.04,AS-DHA-01
2009-06-21,17.0,235.09,AS-DHA-01
2009-06-22,26.6,228.13,AS-DHA-01
2009-06-23,9.7,218.83,AS-DHA-01
2009-06-24,29.4,229.72,AS-DHA-01
2009-06-25,24.9,249.66,AS-DHA-01
2009-06-26,17.9,252.56,AS-DHA-01
2009-06-27,26.3,248.5,AS-DHA-01
2009-06-28,18.7,237.28,AS-DHA-01
2009-06-29,38.3,250.82,AS-DHA-01
2009-06-30,51.3,274.48,AS-DHA-01
2009-07-01,33.2,300.36,AS-DHA-01
2009-07-02,51.9,487.74,AS-DHA-01
2009-07-03,30.3,604.46,AS-DHA-01
2009-07-04,27.1,539.85,AS-DHA-01
2009-07-05,34.8,467.9,AS-DHA-01
2009-07-06,30.1,415.95,AS-DHA-01
2009-07-07,14.3,418.84,AS-DHA-01
2009-07-08,6.3,418.84,AS-DHA-01
2009-07-09,3.1,381.01,AS-DHA-01
2009-07-10,6.8,351.43,AS-DHA-01
2009-07-11,5.5,327.91,AS-DHA-01
2009-07-12,18.5,346.6,AS-DHA-01
2009-07-13,16.4,367.2,AS-DHA-01
2009-07-14,4.0,352.25,AS-DHA-01
2009-07-15,29.1,353.88,AS-DHA-01
2009-07-16,10.7,356.34,AS-DHA-01
2009-07-17,26.6,338.69,AS-DHA-01
2009-07-18,2.0,324.9,AS-DHA-01
2009-07-19,16.5,325.65,AS-DHA-01
2009-07-20,30.4,323.4,AS-DHA-01
2009-07-21,14.2,316.02,AS-DHA-01
2009-07-22,37.2,437.61,AS-DHA-01
2009-07-23,15.6,497.97,AS-DHA-01
2009-07-24,12.1,399.02,AS-DHA-01
2009-07-25,41.1,353.88,AS-DHA-01
2009-07-26,20.0,338.69,AS-DHA-01
2009-07-27,13.0,467.9,AS-DHA-01
2009-07-28,40.6,819.5,AS-DHA-01
2009-07-29,26.6,1001.49,AS-DHA-01
2009-07-30,28.3,848.34,AS-DHA-01
2009-07-31,4.7,679.9,AS-DHA-01
2009-08-01,14.6,605.84,AS-DHA-01
2009-08-02,24.5,570.59,AS-DHA-01
2009-08-03,26.5,547.38,AS-DHA-01
2009-08-04,37.6,553.72,AS-DHA-01
2009-08-05,92.7,611.46,AS-DHA-01
2009-08-06,45.6,615.71,AS-DHA-01
2009-08-07,34.0,604.46,AS-DHA-01
2009-08-08,17.6,766.5,AS-DHA-01
2009-08-09,13.6,840.56,AS-DHA-01
2009-08-10,32.6,771.82,AS-DHA-01
2009-08-11,39.4,715.27,AS-DHA-01
2009-08-12,64.6,755.98,AS-DHA-01
2009-08-13,26.9,730.27,AS-DHA-01
2009-08-14,29.4,710.34,AS-DHA-01
2009-08-15,17.0,1043.91,AS-DHA-01
2009-08-16,27.6,1123.82,AS-DHA-01
2009-08-17,13.3,938.9,AS-DHA-01
2009-08-18,15.5,832.83,AS-DHA-01
2009-08-19,64.6,838.62,AS-DHA-01
2009-08-20,76.8,852.26,AS-DHA-01
2009-08-21,43.0,878.19,AS-DHA-01
2009-08-22,26.0,878.19,AS-DHA-01
2009-08-23,15.7,906.99,AS-DHA-01
2009-08-24,5.4,888.36,AS-DHA-01
2009-08-25,5.8,880.21,AS-DHA-01
2009-08-26,55.6,892.47,AS-DHA-01
2009-08-27,19.6,858.17,AS-DHA-01
2009-08-28,21.3,806.39,AS-DHA-01
2009-08-29,41.0,798.98,AS-DHA-01
2009-08-30,4.0,762.98,AS-DHA-01
2009-08-31,8.2,720.24,AS-DHA-01
2009-09-01,11.8,676.76,AS-DHA-01
2009-09-02,0.7,637.38,AS-DHA-01
2009-09-03,18.7,646.26,AS-DHA-01
2009-09-04,24.4,667.46,AS-DHA-01
2009-09-05,20.7,675.21,AS-DHA-01
2009-09-06,4.6,652.26,AS-DHA-01
2009-09-07,0.5,617.13,AS-DHA-01
2009-09-08,7.4,582.55,AS-DHA-01
2009-09-09,34.2,565.34,AS-DHA-01
2009-09-10,26.5,561.45,AS-DHA-01
2009-09-11,7.9,547.38,AS-DHA-01
2009-09-12,2.0,519.09,AS-DHA-01
2009-09-13,14.5,488.87,AS-DHA-01
2009-09-14,18.0,467.9,AS-DHA-01
2009-09-15,25.8,455.12,AS-DHA-01
2009-09-16,17.0,443.72,AS-DHA-01
2009-09-17,32.4,449.91,AS-DHA-01
2009-09-18,33.2,476.62,AS-DHA-01
2009-09-19,11.7,478.82,AS-DHA-01
2009-09-20,16.6,468.98,AS-DHA-01
2009-09-21,27.1,517.9,AS-DHA-01
2009-09-22,15.5,603.06,AS-DHA-01
2009-09-23,9.3,665.93,AS-DHA-01
2009-09-24,14.2,694.16,AS-DHA-01
2009-09-25,10.8,667.46,AS-DHA-01
2009-09-26,0.0,610.06,AS-DHA-01
2009-09-27,0.0,555.01,AS-DHA-01
2009-09-28,0.0,510.78,AS-DHA-01
2009-09-29,0.0,474.42,AS-DHA-01
2009-09-30,0.0,439.64,AS-DHA-01
2009-10-01,0.0,406.46,AS-DHA-01
2009-10-02,0.2,379.27,AS-DHA-01
2009-10-03,0.7,357.99,AS-DHA-01
2009-10-04,1.8,341.83,AS-DHA-01
2009-10-05,5.3,330.96,AS-DHA-01
2009-10-06,8.1,332.48,AS-DHA-01
2009-10-07,72.8,367.2,AS-DHA-01
2009-10-08,46.4,397.18,AS-DHA-01
2009-10-09,69.6,442.69,AS-DHA-01
2009-10-10,11.0,426.64,AS-DHA-01
2009-10-11,1.3,410.23,AS-DHA-01
2009-10-12,0.3,382.78,AS-DHA-01
2009-10-13,0.0,351.43,AS-DHA-01
2009-10-14,0.0,325.65,AS-DHA-01
2009-10-15,0.0,310.95,AS-DHA-01
2009-10-16,14.6,318.95,AS-DHA-01
2009-10-17,12.6,322.66,AS-DHA-01
2009-10-18,3.8,310.23,AS-DHA-01
2009-10-19,6.7,290.8,AS-DHA-01
2009-10-20,1.5,271.95,AS-DHA-01
2009-10-21,0.0,253.73,AS-DHA-01
2009-10-22,0.0,235.64,AS-DHA-01
2009-10-23,0.0,218.83,AS-DHA-01
2009-10-24,0.0,204.16,AS-DHA-01
2009-10-25,0.0,190.9,AS-DHA-01
2009-10-26,0.0,176.86,AS-DHA-01
2009-10-27,0.0,163.47,AS-DHA-01
2009-10-28,0.0,152.14,AS-DHA-01
2009-10-29,0.0,141.26,AS-DHA-01
2009-10-30,0.0,130.85,AS-DHA-01
2009-10-31,0.0,120.64,AS-DHA-01
2009-11-01,0.0,111.22,AS-DHA-01
2009-11-02,0.0,102.53,AS-DHA-01
2009-11-03,0.0,94.74,AS-DHA-01
2009-11-04,0.0,88.14,AS-DHA-01
2009-11-05,0.6,82.57,AS-DHA-01
2009-11-06,0.0,77.36,AS-DHA-01
2009-11-07,0.0,72.64,AS-DHA-01
2009-11-08,0.0,68.83,AS-DHA-01
2009-11-09,0.0,65.54,AS-DHA-01
2009-11-10,0.2,62.26,AS-DHA-01
2009-11-11,0.2,59.13,AS-DHA-01
2009-11-12,0.0,56.56,AS-DHA-01
2009-11-13,0.1,54.22,AS-DHA-01
2009-11-14,5.8,52.84,AS-DHA-01
2009-11-15,13.9,54.47,AS-DHA-01
2009-11-16,6.2,57.76,AS-DHA-01
2009-11-17,4.6,59.96,AS-DHA-01
2009-11-18,1.8,61.97,AS-DHA-01
2009-11-19,1.9,64.17,AS-DHA-01
2009-11-20,3.1,62.4,AS-DHA-01
2009-11-21,0.0,58.17,AS-DHA-01
2009-11-22,0.1,54.6,AS-DHA-01
2009-11-23,0.0,51.86,AS-DHA-01
2009-11-24,0.0,50.06,AS-DHA-01
2009-11-25,0.0,48.79,AS-DHA-01
2009-11-26,0.1,47.77,AS-DHA-01
2009-11-27,0.0,46.98,AS-DHA-01
2009-11-28,0.0,46.32,AS-DHA-01
2009-11-29,0.0,45.78,AS-DHA-01
2009-11-30,0.0,45.35,AS-DHA-01
2009-12-01,0.0,44.93,AS-DHA-01
2009-12-02,0.0,44.51,AS-DHA-01
2009-12-03,0.0,44.1,AS-DHA-01
2009-12-04,0.0,43.89,AS-DHA-01
2009-12-05,5.0,43.89,AS-DHA-01
2009-12-06,12.0,44.72,AS-DHA-01
2009-12-07,4.1,45.46,AS-DHA-01
2009-12-08,1.6,45.14,AS-DHA-01
2009-12-09,0.0,44.3,AS-DHA-01
2009-12-10,0.0,43.48,AS-DHA-01
2009-12-11,0.1,42.76,AS-DHA-01
2009-12-12,0.0,42.26,AS-DHA-01
2009-12-13,0.0,41.76,AS-DHA-01
2009-12-14,2.4,41.47,AS-DHA-01
2009-12-15,0.0,41.18,AS-DHA-01
2009-12-16,2.2,40.98,AS-DHA-01
2009-12-17,2.6,40.89,AS-DHA-01
2009-12-18,1.0,40.69,AS-DHA-01
2009-12-19,2.9,40.6,AS-DHA-01
2009-12-20,0.0,40.79,AS-DHA-01
2009-12-21,0.0,40.79,AS-DHA-01
2009-12-22,0.0,40.21,AS-DHA-01
2009-12-23,0.0,39.66,AS-DHA-01
2009-12-24,3.1,39.28,AS-DHA-01
2009-12-25,1.3,39.01,AS-DHA-01
2009-12-26,0.0,38.73,AS-DHA-01
2009-12-27,0.0,38.37,AS-DHA-01
2009-12-28,0.0,38.09,AS-DHA-01
2009-12-29,0.0,37.74,AS-DHA-01
2009-12-30,0.0,37.47,AS-DHA-01
2009-12-31,5.0,37.47,AS-DHA-01
2010-01-01,0.3,37.38,AS-DHA-01
2010-01-02,0.0,37.03,AS-DHA-01
2010-01-03,0.0,36.68,AS-DHA-01
2010-01-04,0.0,36.33,AS-DHA-01
2010-01-05,0.0,35.99,AS-DHA-01
2010-01-06,0.0,35.73,AS-DHA-01
2010-01-07,0.0,35.4,AS-DHA-01
2010-01-08,0.0,35.15,AS-DHA-01
2010-01-09,0.0,34.9,AS-DHA-01
2010-01-10,0.0,34.66,AS-DHA-01
2010-01-11,0.0,34.33,AS-DHA-01
2010-01-12,0.4,34.17,AS-DHA-01
2010-01-13,0.0,33.92,AS-DHA-01
2010-01-14,0.0,33.68,AS-DHA-01
2010-01-15,0.0,33.36,AS-DHA-01
2010-01-16,0.0,33.13,AS-DHA-01
2010-01-17,0.0,32.81,AS-DHA-01
2010-01-18,0.0,32.58,AS-DHA-01
2010-01-19,0.0,32.35,AS-DHA-01
2010-01-20,0.0,32.04,AS-DHA-01
2010-01-21,0.0,31.82,AS-DHA-01
2010-01-22,0.0,31.59,AS-DHA-01
2010-01-23,0.0,31.36,AS-DHA-01
2010-01-24,0.0,31.14,AS-DHA-01
2010-01-25,0.0,30.92,AS-DHA-01
2010-01-26,0.5,31.14,AS-DHA-01
2010-01-27,0.0,31.74,AS-DHA-01
2010-01-28,0.0,31.66,AS-DHA-01
2010-01-29,0.0,30.99,AS-DHA-01
2010-01-30,0.0,30.27,AS-DHA-01
2010-01-31,0.0,29.84,AS-DHA-01
2010-02-01,0.0,29.63,AS-DHA-01
2010-02-02,0.0,29.42,AS-DHA-01
2010-02-03,0.0,29.21,AS-DHA-01
2010-02-04,0.0,28.93,AS-DHA-01
2010-02-05,0.0,28.66,AS-DHA-01
2010-02-06,0.0,28.45,AS-DHA-01
2010-02-07,0.0,27.71,AS-DHA-01
2010-02-08,0.0,26.87,AS-DHA-01
2010-02-09,0.0,26.48,AS-DHA-01
2010-02-10,0.0,26.23,AS-DHA-01
2010-02-11,0.0,25.98,AS-DHA-01
2010-02-12,0.0,25.74,AS-DHA-01
2010-02-13,0.3,25.5,AS-DHA-01
2010-02-14,0.3,25.31,AS-DHA-01
2010-02-15,0.0,25.13,AS-DHA-01
2010-02-16,0.0,24.95,AS-DHA-01
2010-02-17,1.0,24.89,AS-DHA-01
2010-02-18,0.3,24.95,AS-DHA-01
2010-02-19,0.0,24.95,AS-DHA-01
2010-02-20,0.0,24.83,AS-DHA-01
2010-02-21,0.0,24.65,AS-DHA-01
2010-02-22,0.0,24.36,AS-DHA-01
2010-02-23,0.0,24.13,AS-DHA-01
2010-02-24,6.9,24.54,AS-DHA-01
2010-02-25,12.7,25.92,AS-DHA-01
2010-02-26,0.0,26.17,AS-DHA-01
2010-02-27,19.7,27.06,AS-DHA-01
2010-02-28,0.1,27.58,AS-DHA-01
2010-03-01,16.7,28.93,AS-DHA-01
2010-03-02,14.2,31.59,AS-DHA-01
2010-03-03,6.1,33.52,AS-DHA-01
2010-03-04,6.4,34.01,AS-DHA-01
2010-03-05,8.7,34.82,AS-DHA-01
2010-03-06,2.2,35.82,AS-DHA-01
2010-03-07,1.7,35.56,AS-DHA-01
2010-03-08,0.0,33.36,AS-DHA-01
2010-03-09,0.1,31.07,AS-DHA-01
2010-03-10,0.0,29.35,AS-DHA-01
2010-03-11,0.0,27.98,AS-DHA-01
2010-03-12,0.0,26.74,AS-DHA-01
2010-03-13,0.9,25.74,AS-DHA-01
2010-03-14,0.0,24.89,AS-DHA-01
2010-03-15,18.7,26.23,AS-DHA-01
2010-03-16,0.0,28.11,AS-DHA-01
2010-03-17,0.0,28.59,AS-DHA-01
2010-03-18,0.0,27.12,AS-DHA-01
2010-03-19,0.0,25.56,AS-DHA-01
2010-03-20,0.0,24.48,AS-DHA-01
2010-03-21,0.0,23.61,AS-DHA-01
2010-03-22,1.4,22.94,AS-DHA-01
2010-03-23,8.6,22.99,AS-DHA-01
2010-03-24,9.5,23.5,AS-DHA-01
2010-03-25,3.4,23.78,AS-DHA-01
2010-03-26,8.9,24.3,AS-DHA-01
2010-03-27,39.1,109.43,AS-DHA-01
2010-03-28,89.9,367.2,AS-DHA-01
2010-03-29,45.6,455.12,AS-DHA-01
2010-03-30,106.2,723.57,AS-DHA-01
2010-03-31,47.3,742.16,AS-DHA-01
2010-04-01,56.5,737.05,AS-DHA-01
2010-04-02,41.1,555.01,AS-DHA-01
2010-04-03,27.0,435.6,AS-DHA-01
2010-04-04,41.5,416.91,AS-DHA-01
2010-04-05,27.5,368.9,AS-DHA-01
2010-04-06,7.9,306.67,AS-DHA-01
2010-04-07,0.0,262.07,AS-DHA-01
2010-04-08,2.0,228.65,AS-DHA-01
2010-04-09,25.7,245.65,AS-DHA-01
2010-04-10,27.0,264.51,AS-DHA-01
2010-04-11,68.3,361.31,AS-DHA-01
2010-04-12,101.6,589.31,AS-DHA-01
2010-04-13,34.0,510.78,AS-DHA-01
2010-04-14,27.7,430.6,AS-DHA-01
2010-04-15,4.0,359.65,AS-DHA-01
2010-04-16,7.9,315.29,AS-DHA-01
2010-04-17,72.3,450.94,AS-DHA-01
2010-04-18,49.5,510.78,AS-DHA-01
2010-04-19,143.8,1070.72,AS-DHA-01
2010-04-20,126.0,1761.3,AS-DHA-01
2010-04-21,125.9,1887.34,AS-DHA-01
2010-04-22,130.6,1606.24,AS-DHA-01
2010-04-23,38.7,1240.88,AS-DHA-01
2010-04-24,72.2,1083.13,AS-DHA-01
2010-04-25,124.9,1163.34,AS-DHA-01
2010-04-26,70.5,1193.21,AS-DHA-01
2010-04-27,10.7,1034.34,AS-DHA-01
2010-04-28,0.0,886.32,AS-DHA-01
2010-04-29,43.3,813.85,AS-DHA-01
2010-04-30,9.1,742.16,AS-DHA-01
2010-05-01,0.4,683.04,AS-DHA-01
2010-05-02,6.4,632.99,AS-DHA-01
2010-05-03,10.9,592.03,AS-DHA-01
2010-05-04,12.6,558.86,AS-DHA-01
2010-05-05,41.6,566.65,AS-DHA-01
2010-05-06,28.6,557.58,AS-DHA-01
2010-05-07,49.8,557.58,AS-DHA-01
2010-05-08,67.8,624.29,AS-DHA-01
2010-05-09,64.3,757.72,AS-DHA-01
2010-05-10,30.3,764.74,AS-DHA-01
2010-05-11,44.1,733.65,AS-DHA-01
2010-05-12,42.2,697.36,AS-DHA-01
2010-05-13,56.3,703.83,AS-DHA-01
2010-05-14,39.8,665.93,AS-DHA-01
2010-05-15,51.3,683.04,AS-DHA-01
2010-05-16,43.9,690.96,AS-DHA-01
2010-05-17,7.3,615.71,AS-DHA-01
2010-05-18,27.1,581.22,AS-DHA-01
2010-05-19,34.1,565.34,AS-DHA-01
2010-05-20,56.0,575.88,AS-DHA-01
2010-05-21,23.3,558.86,AS-DHA-01
2010-05-22,4.4,526.33,AS-DHA-01
2010-05-23,18.7,499.13,AS-DHA-01
2010-05-24,20.8,506.09,AS-DHA-01
2010-05-25,32.9,578.53,AS-DHA-01
2010-05-26,30.8,958.58,AS-DHA-01
2010-05-27,12.3,971.93,AS-DHA-01
2010-05-28,8.7,788.01,AS-DHA-01
2010-05-29,17.4,694.16,AS-DHA-01
2010-05-30,16.0,637.38,AS-DHA-01
2010-05-31,10.2,594.78,AS-DHA-01
2010-06-01,35.5,621.41,AS-DHA-01
2010-06-02,91.9,761.22,AS-DHA-01
2010-06-03,98.7,1509.36,AS-DHA-01
2010-06-04,91.8,2403.81,AS-DHA-01
2010-06-05,45.0,2050.54,AS-DHA-01
2010-06-06,17.6,1967.25,AS-DHA-01
2010-06-07,14.4,1761.3,AS-DHA-01
2010-06-08,33.8,1512.84,AS-DHA-01
2010-06-09,52.2,1405.31,AS-DHA-01
2010-06-10,9.6,1246.61,AS-DHA-01
2010-06-11,36.7,1129.0,AS-DHA-01
2010-06-12,31.9,1051.16,AS-DHA-01
2010-06-13,13.1,983.19,AS-DHA-01
2010-06-14,31.8,1015.44,AS-DHA-01
2010-06-15,8.6,1080.64,AS-DHA-01
2010-06-16,19.3,1024.85,AS-DHA-01
2010-06-17,30.7,938.9,AS-DHA-01
2010-06-18,35.9,900.74,AS-DHA-01
2010-06-19,40.2,926.01,AS-DHA-01
2010-06-20,37.5,1103.28,AS-DHA-01
2010-06-21,14.6,1095.68,AS-DHA-01
2010-06-22,49.7,1017.78,AS-DHA-01
2010-06-23,36.7,996.88,AS-DHA-01
2010-06-24,53.8,1147.37,AS-DHA-01
2010-06-25,31.0,1338.93,AS-DHA-01
2010-06-26,19.7,1275.67,AS-DHA-01
2010-06-27,25.2,1118.65,AS-DHA-01
2010-06-28,58.8,1010.77,AS-DHA-01
2010-06-29,17.0,1041.51,AS-DHA-01
2010-06-30,9.8,1100.74,AS-DHA-01
2010-07-01,38.8,1095.68,AS-DHA-01
2010-07-02,18.3,1041.51,AS-DHA-01
2010-07-03,41.5,1204.25,AS-DHA-01
2010-07-04,20.2,1193.21,AS-DHA-01
2010-07-05,36.9,1073.19,AS-DHA-01
2010-07-06,15.5,976.42,AS-DHA-01
2010-07-07,8.0,896.6,AS-DHA-01
2010-07-08,1.4,829.0,AS-DHA-01
2010-07-09,16.5,770.05,AS-DHA-01
2010-07-10,10.8,721.91,AS-DHA-01
2010-07-11,38.0,800.83,AS-DHA-01
2010-07-12,19.5,1075.67,AS-DHA-01
2010-07-13,15.0,1048.73,AS-DHA-01
2010-07-14,20.3,919.62,AS-DHA-01
2010-07-15,31.0,868.12,AS-DHA-01
2010-07-16,29.8,827.09,AS-DHA-01
2010-07-17,22.4,784.39,AS-DHA-01
2010-07-18,25.7,773.61,AS-DHA-01
2010-07-19,21.5,900.74,AS-DHA-01
2010-07-20,24.6,963.01,AS-DHA-01
2010-07-21,36.0,896.6,AS-DHA-01
2010-07-22,21.0,829.0,AS-DHA-01
2010-07-23,44.9,817.62,AS-DHA-01
2010-07-24,19.1,798.98,AS-DHA-01
2010-07-25,58.4,856.19,AS-DHA-01
2010-07-26,6.9,848.34,AS-DHA-01
2010-07-27,8.9,793.48,AS-DHA-01
2010-07-28,29.6,797.14,AS-DHA-01
2010-07-29,13.0,827.09,AS-DHA-01
2010-07-30,32.0,850.3,AS-DHA-01
2010-07-31,4.1,813.85,AS-DHA-01
2010-08-01,15.8,759.47,AS-DHA-01
2010-08-02,24.9,823.29,AS-DHA-01
2010-08-03,37.5,902.81,AS-DHA-01
2010-08-04,16.1,884.28,AS-DHA-01
2010-08-05,7.7,890.42,AS-DHA-01
2010-08-06,15.9,858.17,AS-DHA-01
2010-08-07,2.0,791.65,AS-DHA-01
2010-08-08,10.3,733.65,AS-DHA-01
2010-08-09,5.3,687.78,AS-DHA-01
2010-08-10,10.6,652.26,AS-DHA-01
2010-08-11,9.3,653.76,AS-DHA-01
2010-08-12,44.1,694.16,AS-DHA-01
2010-08-13,17.3,687.78,AS-DHA-01
2010-08-14,17.0,653.76,AS-DHA-01
2010-08-15,26.5,652.26,AS-DHA-01
2010-08-16,18.2,661.34,AS-DHA-01
2010-08-17,8.2,641.81,AS-DHA-01
2010-08-18,42.2,653.76,AS-DHA-01
2010-08-19,27.7,652.26,AS-DHA-01
2010-08-20,18.3,637.38,AS-DHA-01
2010-08-21,20.1,611.46,AS-DHA-01
2010-08-22,38.4,596.14,AS-DHA-01
2010-08-23,19.6,575.88,AS-DHA-01
2010-08-24,5.1,573.22,AS-DHA-01
2010-08-25,24.2,575.88,AS-DHA-01
2010-08-26,21.1,566.65,AS-DHA-01
2010-08-27,32.1,561.45,AS-DHA-01
2010-08-28,13.9,543.61,AS-DHA-01
2010-08-29,3.3,521.49,AS-DHA-01
2010-08-30,26.2,522.7,AS-DHA-01
2010-08-31,35.8,569.27,AS-DHA-01
2010-09-01,27.7,579.87,AS-DHA-01
2010-09-02,14.2,565.34,AS-DHA-01
2010-09-03,29.1,577.21,AS-DHA-01
2010-09-04,59.3,582.55,AS-DHA-01
2010-09-05,24.1,555.01,AS-DHA-01
2010-09-06,30.1,528.76,AS-DHA-01
2010-09-07,22.5,509.6,AS-DHA-01
2010-09-08,45.3,528.76,AS-DHA-01
2010-09-09,31.0,529.99,AS-DHA-01
2010-09-10,15.1,508.42,AS-DHA-01
2010-09-11,9.1,487.74,AS-DHA-01
2010-09-12,5.4,481.04,AS-DHA-01
2010-09-13,25.2,519.09,AS-DHA-01
2010-09-14,28.2,605.84,AS-DHA-01
2010-09-15,32.1,692.55,AS-DHA-01
2010-09-16,26.0,723.57,AS-DHA-01
2010-09-17,30.8,773.61,AS-DHA-01
2010-09-18,29.1,808.24,AS-DHA-01
2010-09-19,31.6,789.82,AS-DHA-01
2010-09-20,49.4,788.01,AS-DHA-01
2010-09-21,12.9,747.3,AS-DHA-01
2010-09-22,0.0,687.78,AS-DHA-01
2010-09-23,25.2,655.27,AS-DHA-01
2010-09-24,22.0,653.76,AS-DHA-01
2010-09-25,26.3,662.86,AS-DHA-01
2010-09-26,13.1,659.82,AS-DHA-01
2010-09-27,10.1,646.26,AS-DHA-01
2010-09-28,5.1,625.73,AS-DHA-01
2010-09-29,0.0,598.9,AS-DHA-01
2010-09-30,0.0,557.58,AS-DHA-01
2010-10-01,4.9,521.49,AS-DHA-01
2010-10-02,0.2,494.54,AS-DHA-01
2010-10-03,1.2,464.67,AS-DHA-01
2010-10-04,9.6,439.64,AS-DHA-01
2010-10-05,14.7,418.84,AS-DHA-01
2010-10-06,12.3,424.68,AS-DHA-01
2010-10-07,16.5,476.62,AS-DHA-01
2010-10-08,98.6,919.62,AS-DHA-01
2010-10-09,8.8,958.58,AS-DHA-01
2010-10-10,4.4,791.65,AS-DHA-01
2010-10-11,0.8,675.21,AS-DHA-01
2010-10-12,0.0,593.4,AS-DHA-01
2010-10-13,0.8,534.89,AS-DHA-01
2010-10-14,0.9,495.69,AS-DHA-01
2010-10-15,1.9,473.34,AS-DHA-01
2010-10-16,13.3,455.12,AS-DHA-01
2010-10-17,1.5,439.64,AS-DHA-01
2010-10-18,0.0,429.61,AS-DHA-01
2010-10-19,0.0,412.13,AS-DHA-01
2010-10-20,3.8,389.91,AS-DHA-01
2010-10-21,5.4,374.9,AS-DHA-01
2010-10-22,3.2,360.48,AS-DHA-01
2010-10-23,4.7,346.6,AS-DHA-01
2010-10-24,16.0,339.47,AS-DHA-01
2010-10-25,1.9,328.67,AS-DHA-01
2010-10-26,4.5,308.8,AS-DHA-01
2010-10-27,14.6,292.82,AS-DHA-01
2010-10-28,1.1,281.54,AS-DHA-01
2010-10-29,0.0,266.35,AS-DHA-01
2010-10-30,0.0,247.37,AS-DHA-01
2010-10-31,0.0,228.65,AS-DHA-01
2010-11-01,2.1,213.33,AS-DHA-01
2010-11-02,3.9,212.35,AS-DHA-01
2010-11-03,0.3,223.44,AS-DHA-01
2010-11-04,0.0,219.33,AS-DHA-01
2010-11-05,0.0,203.21,AS-DHA-01
2010-11-06,0.0,186.96,AS-DHA-01
2010-11-07,0.0,172.41,AS-DHA-01
2010-11-08,0.0,159.35,AS-DHA-01
2010-11-09,0.0,147.28,AS-DHA-01
2010-11-10,0.0,136.43,AS-DHA-01
2010-11-11,0.0,126.37,AS-DHA-01
2010-11-12,6.0,117.6,AS-DHA-01
2010-11-13,0.6,110.46,AS-DHA-01
2010-11-14,0.0,104.71,AS-DHA-01
2010-11-15,0.0,99.25,AS-DHA-01
2010-11-16,0.0,93.42,AS-DHA-01
2010-11-17,0.5,87.94,AS-DHA-01
2010-11-18,0.0,83.15,AS-DHA-01
2010-11-19,10.5,79.55,AS-DHA-01
2010-11-20,10.0,79.18,AS-DHA-01
2010-11-21,2.6,80.49,AS-DHA-01
2010-11-22,0.0,78.81,AS-DHA-01
2010-11-23,0.0,74.7,AS-DHA-01
2010-11-24,0.0,70.3,AS-DHA-01
2010-11-25,0.0,66.62,AS-DHA-01
2010-11-26,0.1,64.02,AS-DHA-01
2010-11-27,0.6,62.26,AS-DHA-01
2010-11-28,1.4,61.82,AS-DHA-01
2010-11-29,7.3,61.1,AS-DHA-01
2010-11-30,1.5,60.11,AS-DHA-01
2010-12-01,0.0,58.17,AS-DHA-01
2010-12-02,0.0,55.77,AS-DHA-01
2010-12-03,0.0,53.84,AS-DHA-01
2010-12-04,0.0,52.35,AS-DHA-01
2010-12-05,0.0,51.13,AS-DHA-01
2010-12-06,0.0,50.18,AS-DHA-01
2010-12-07,0.0,49.48,AS-DHA-01
2010-12-08,2.4,49.59,AS-DHA-01
2010-12-09,3.2,54.1,AS-DHA-01
2010-12-10,0.0,69.97,AS-DHA-01
2010-12-11,2.3,80.11,AS-DHA-01
2010-12-12,2.2,76.11,AS-DHA-01
2010-12-13,0.0,70.79,AS-DHA-01
2010-12-14,0.0,65.54,AS-DHA-01
2010-12-15,0.0,60.67,AS-DHA-01
2010-12-16,0.0,56.96,AS-DHA-01
2010-12-17,0.0,54.1,AS-DHA-01
2010-12-18,0.0,51.86,AS-DHA-01
2010-12-19,0.0,50.29,AS-DHA-01
2010-12-20,0.0,49.02,AS-DHA-01
2010-12-21,0.0,48.1,AS-DHA-01
2010-12-22,0.0,47.43,AS-DHA-01
2010-12-23,0.0,46.98,AS-DHA-01
2010-12-24,0.0,46.65,AS-DHA-01
2010-12-25,0.0,46.32,AS-DHA-01
2010-12-26,0.0,46.0,AS-DHA-01
2010-12-27,0.0,45.57,AS-DHA-01
2010-12-28,0.0,45.24,AS-DHA-01
2010-12-29,0.0,44.93,AS-DHA-01
2010-12-30,0.0,44.62,AS-DHA-01
2010-12-31,0.0,44.3,AS-DHA-01
2011-01-01,6.8,44.41,AS-DHA-01
2011-01-02,0.6,44.72,AS-DHA-01
2011-01-03,0.0,44.41,AS-DHA-01
2011-01-04,0.0,43.89,AS-DHA-01
2011-01-05,0.0,43.48,AS-DHA-01
2011-01-06,0.0,43.07,AS-DHA-01
2011-01-07,0.0,42.66,AS-DHA-01
2011-01-08,0.0,42.36,AS-DHA-01
2011-01-09,0.4,42.06,AS-DHA-01
2011-01-10,0.6,41.86,AS-DHA-01
2011-01-11,0.0,41.67,AS-DHA-01
2011-01-12,0.0,41.47,AS-DHA-01
2011-01-13,0.0,41.18,AS-DHA-01
2011-01-14,0.0,40.89,AS-DHA-01
2011-01-15,0.0,40.6,AS-DHA-01
2011-01-16,26.6,43.78,AS-DHA-01
2011-01-17,3.4,52.22,AS-DHA-01
2011-01-18,14.4,61.39,AS-DHA-01
2011-01-19,6.9,59.82,AS-DHA-01
2011-01-20,0.0,55.9,AS-DHA-01
2011-01-21,0.0,51.37,AS-DHA-01
2011-01-22,0.0,47.43,AS-DHA-01
2011-01-23,0.1,44.62,AS-DHA-01
2011-01-24,0.7,42.76,AS-DHA-01
2011-01-25,0.3,41.76,AS-DHA-01
2011-01-26,0.4,40.89,AS-DHA-01
2011-01-27,1.6,40.21,AS-DHA-01
2011-01-28,0.1,39.85,AS-DHA-01
2011-01-29,0.0,39.28,AS-DHA-01
2011-01-30,0.0,38.82,AS-DHA-01
2011-01-31,4.4,38.73,AS-DHA-01
2011-02-01,0.0,39.1,AS-DHA-01
2011-02-02,0.0,39.1,AS-DHA-01
2011-02-03,0.0,38.46,AS-DHA-01
2011-02-04,0.0,37.91,AS-DHA-01
2011-02-05,0.0,37.56,AS-DHA-01
2011-02-06,0.0,37.11,AS-DHA-01
2011-02-07,0.0,36.33,AS-DHA-01
2011-02-08,3.1,35.73,AS-DHA-01
2011-02-09,3.7,35.65,AS-DHA-01
2011-02-10,0.0,35.32,AS-DHA-01
2011-02-11,0.0,34.9,AS-DHA-01
2011-02-12,0.0,34.49,AS-DHA-01
2011-02-13,0.0,34.17,AS-DHA-01
2011-02-14,0.0,33.84,AS-DHA-01
2011-02-15,2.2,33.68,AS-DHA-01
2011-02-16,12.1,34.25,AS-DHA-01
2011-02-17,17.2,37.65,AS-DHA-01
2011-02-18,0.4,38.82,AS-DHA-01
2011-02-19,0.7,38.09,AS-DHA-01
2011-02-20,0.0,36.68,AS-DHA-01
2011-02-21,0.0,35.4,AS-DHA-01
2011-02-22,0.0,34.58,AS-DHA-01
2011-02-23,0.0,33.92,AS-DHA-01
2011-02-24,0.0,33.29,AS-DHA-01
2011-02-25,0.0,32.58,AS-DHA-01
2011-02-26,0.0,32.04,AS-DHA-01
2011-02-27,0.0,31.89,AS-DHA-01
2011-02-28,0.0,31.82,AS-DHA-01
2011-03-01,0.0,31.59,AS-DHA-01
2011-03-02,0.0,31.36,AS-DHA-01
2011-03-03,0.0,30.99,AS-DHA-01
2011-03-04,0.0,30.77,AS-DHA-01
2011-03-05,0.6,30.56,AS-DHA-01
2011-03-06,0.0,30.35,AS-DHA-01
2011-03-07,0.0,30.06,AS-DHA-01
2011-03-08,1.3,29.84,AS-DHA-01
2011-03-09,0.0,29.63,AS-DHA-01
2011-03-10,0.9,29.35,AS-DHA-01
2011-03-11,5.6,29.56,AS-DHA-01
2011-03-12,15.8,31.59,AS-DHA-01
2011-03-13,1.4,33.76,AS-DHA-01
2011-03-14,0.0,34.17,AS-DHA-01
2011-03-15,0.0,32.74,AS-DHA-01
2011-03-16,0.0,31.07,AS-DHA-01
2011-03-17,0.0,29.84,AS-DHA-01
2011-03-18,34.7,33.84,AS-DHA-01
2011-03-19,22.8,54.98,AS-DHA-01
2011-03-20,10.7,69.81,AS-DHA-01
2011-03-21,4.4,64.93,AS-DHA-01
2011-03-22,1.3,55.11,AS-DHA-01
2011-03-23,4.7,47.99,AS-DHA-01
2011-03-24,8.9,43.58,AS-DHA-01
2011-03-25,8.7,41.18,AS-DHA-01
2011-03-26,10.7,40.21,AS-DHA-01
2011-03-27,0.0,39.47,AS-DHA-01
2011-03-28,4.3,38.82,AS-DHA-01
2011-03-29,10.4,40.12,AS-DHA-01
2011-03-30,10.7,45.78,AS-DHA-01
2011-03-31,26.5,62.26,AS-DHA-01
2011-04-01,4.3,72.98,AS-DHA-01
2011-04-02,9.8,72.13,AS-DHA-01
2011-04-03,1.5,66.0,AS-DHA-01
2011-04-04,14.6,65.54,AS-DHA-01
2011-04-05,13.6,65.69,AS-DHA-01
2011-04-06,4.9,64.63,AS-DHA-01
2011-04-07,0.4,61.53,AS-DHA-01
2011-04-08,0.1,57.36,AS-DHA-01
2011-04-09,2.9,53.22,AS-DHA-01
2011-04-10,3.3,50.06,AS-DHA-01
2011-04-11,0.0,48.56,AS-DHA-01
2011-04-12,0.4,47.77,AS-DHA-01
2011-04-13,3.5,46.22,AS-DHA-01
2011-04-14,2.9,47.88,AS-DHA-01
2011-04-15,15.7,54.86,AS-DHA-01
2011-04-16,2.2,59.82,AS-DHA-01
2011-04-17,0.0,59.4,AS-DHA-01
2011-04-18,12.7,56.42,AS-DHA-01
2011-04-19,18.4,58.31,AS-DHA-01
2011-04-20,15.2,67.25,AS-DHA-01
2011-04-21,2.6,71.8,AS-DHA-01
2011-04-22,1.8,68.51,AS-DHA-01
2011-04-23,19.5,64.32,AS-DHA-01
2011-04-24,13.1,65.08,AS-DHA-01
2011-04-25,2.1,66.94,AS-DHA-01
2011-04-26,0.0,66.0,AS-DHA-01
2011-04-27,4.0,63.58,AS-DHA-01
2011-04-28,4.9,67.57,AS-DHA-01
2011-04-29,1.8,75.4,AS-DHA-01
2011-04-30,14.9,80.49,AS-DHA-01
2011-05-01,40.1,96.3,AS-DHA-01
2011-05-02,52.0,146.94,AS-DHA-01
2011-05-03,44.7,259.67,AS-DHA-01
2011-05-04,5.1,260.27,AS-DHA-01
2011-05-05,2.8,207.97,AS-DHA-01
2011-05-06,4.8,173.21,AS-DHA-01
2011-05-07,15.8,153.55,AS-DHA-01
2011-05-08,8.0,141.59,AS-DHA-01
2011-05-09,8.6,133.0,AS-DHA-01
2011-05-10,31.2,135.17,AS-DHA-01
2011-05-11,41.6,155.35,AS-DHA-01
2011-05-12,28.7,164.61,AS-DHA-01
2011-05-13,13.9,153.91,AS-DHA-01
2011-05-14,18.7,145.24,AS-DHA-01
2011-05-15,19.3,144.24,AS-DHA-01
2011-05-16,1.9,142.58,AS-DHA-01
2011-05-17,0.1,139.63,AS-DHA-01
2011-05-18,20.7,151.09,AS-DHA-01
2011-05-19,15.8,181.84,AS-DHA-01
2011-05-20,87.6,306.67,AS-DHA-01
2011-05-21,88.8,771.82,AS-DHA-01
2011-05-22,36.9,1269.81,AS-DHA-01
2011-05-23,16.3,1100.74,AS-DHA-01
2011-05-24,67.9,874.15,AS-DHA-01
2011-05-25,7.2,700.58,AS-DHA-01
2011-05-26,0.0,581.22,AS-DHA-01
2011-05-27,1.1,502.59,AS-DHA-01
2011-05-28,12.1,477.72,AS-DHA-01
2011-05-29,55.3,678.33,AS-DHA-01
2011-05-30,58.8,1598.86,AS-DHA-01
2011-05-31,21.9,1701.47,AS-DHA-01
2011-06-01,29.0,1218.21,AS-DHA-01
2011-06-02,20.2,923.87,AS-DHA-01
2011-06-03,6.2,768.27,AS-DHA-01
2011-06-04,18.4,679.9,AS-DHA-01
2011-06-05,15.1,615.71,AS-DHA-01
2011-06-06,6.2,564.04,AS-DHA-01
2011-06-07,11.9,527.54,AS-DHA-01
2011-06-08,13.6,589.31,AS-DHA-01
2011-06-09,16.3,850.3,AS-DHA-01
2011-06-10,5.0,838.62,AS-DHA-01
2011-06-11,20.0,716.93,AS-DHA-01
2011-06-12,24.6,700.58,AS-DHA-01
2011-06-13,3.2,675.21,AS-DHA-01
2011-06-14,33.6,652.26,AS-DHA-01
2011-06-15,20.8,637.38,AS-DHA-01
2011-06-16,20.0,778.98,AS-DHA-01
2011-06-17,13.0,827.09,AS-DHA-01
2011-06-18,14.1,821.4,AS-DHA-01
2011-06-19,8.1,778.98,AS-DHA-01
2011-06-20,34.3,726.92,AS-DHA-01
2011-06-21,48.6,702.2,AS-DHA-01
2011-06-22,22.3,670.56,AS-DHA-01
2011-06-23,19.6,638.85,AS-DHA-01
2011-06-24,5.2,614.29,AS-DHA-01
2011-06-25,25.3,635.91,AS-DHA-01
2011-06-26,46.2,683.04,AS-DHA-01
2011-06-27,92.2,956.37,AS-DHA-01
2011-06-28,60.2,1027.21,AS-DHA-01
2011-06-29,47.9,983.19,AS-DHA-01
2011-06-30,15.3,1022.48,AS-DHA-01
2011-07-01,17.1,999.19,AS-DHA-01
2011-07-02,8.8,886.32,AS-DHA-01
2011-07-03,68.7,890.42,AS-DHA-01
2011-07-04,11.6,860.15,AS-DHA-01
2011-07-05,36.5,817.62,AS-DHA-01
2011-07-06,15.3,766.5,AS-DHA-01
2011-07-07,9.9,713.63,AS-DHA-01
2011-07-08,7.2,662.86,AS-DHA-01
2011-07-09,14.1,619.98,AS-DHA-01
2011-07-10,29.2,586.6,AS-DHA-01
2011-07-11,18.6,562.75,AS-DHA-01
2011-07-12,46.6,605.84,AS-DHA-01
2011-07-13,48.6,659.82,AS-DHA-01
2011-07-14,45.1,687.78,AS-DHA-01
2011-07-15,48.8,766.5,AS-DHA-01
2011-07-16,25.8,823.29,AS-DHA-01
2011-07-17,86.9,854.23,AS-DHA-01
2011-07-18,58.4,936.73,AS-DHA-01
2011-07-19,25.4,1053.58,AS-DHA-01
2011-07-20,18.3,1073.19,AS-DHA-01
2011-07-21,61.2,1272.74,AS-DHA-01
2011-07-22,23.6,1351.32,AS-DHA-01
2011-07-23,6.9,1195.96,AS-DHA-01
2011-07-24,21.1,1039.11,AS-DHA-01
2011-07-25,19.4,994.59,AS-DHA-01
2011-07-26,19.0,985.46,AS-DHA-01
2011-07-27,20.3,930.28,AS-DHA-01
2011-07-28,29.0,870.12,AS-DHA-01
2011-07-29,40.2,834.76,AS-DHA-01
2011-07-30,19.9,793.48,AS-DHA-01
2011-07-31,1.2,742.16,AS-DHA-01
2011-08-01,6.7,708.71,AS-DHA-01
2011-08-02,16.7,731.96,AS-DHA-01
2011-08-03,51.4,789.82,AS-DHA-01
2011-08-04,30.7,797.14,AS-DHA-01
2011-08-05,25.8,780.77,AS-DHA-01
2011-08-06,29.9,1408.55,AS-DHA-01
2011-08-07,24.3,1651.27,AS-DHA-01
2011-08-08,20.0,1697.56,AS-DHA-01
2011-08-09,27.8,1580.54,AS-DHA-01
2011-08-10,4.4,1348.21,AS-DHA-01
2011-08-11,5.4,1182.26,AS-DHA-01
2011-08-12,40.8,1139.46,AS-DHA-01
2011-08-13,18.4,1163.34,AS-DHA-01
2011-08-14,37.2,1152.66,AS-DHA-01
2011-08-15,29.0,1166.03,AS-DHA-01
2011-08-16,11.2,1116.07,AS-DHA-01
2011-08-17,30.6,1036.72,AS-DHA-01
2011-08-18,19.1,960.79,AS-DHA-01
2011-08-19,4.7,898.66,AS-DHA-01
2011-08-20,15.9,894.53,AS-DHA-01
2011-08-21,36.0,963.01,AS-DHA-01
2011-08-22,27.2,994.59,AS-DHA-01
2011-08-23,42.0,1034.34,AS-DHA-01
2011-08-24,23.4,1065.79,AS-DHA-01
2011-08-25,8.0,1046.32,AS-DHA-01
2011-08-26,1.2,976.42,AS-DHA-01
2011-08-27,0.6,904.9,AS-DHA-01
2011-08-28,2.2,842.49,AS-DHA-01
2011-08-29,1.6,793.48,AS-DHA-01
2011-08-30,2.7,757.72,AS-DHA-01
2011-08-31,6.6,723.57,AS-DHA-01
2011-09-01,15.7,686.19,AS-DHA-01
2011-09-02,11.2,653.76,AS-DHA-01
2011-09-03,2.1,624.29,AS-DHA-01
2011-09-04,22.1,617.13,AS-DHA-01
2011-09-05,39.0,683.04,AS-DHA-01
2011-09-06,35.5,730.27,AS-DHA-01
2011-09-07,27.9,735.34,AS-DHA-01
2011-09-08,16.8,761.22,AS-DHA-01
2011-09-09,18.0,813.85,AS-DHA-01
2011-09-10,3.5,786.19,AS-DHA-01
2011-09-11,2.6,718.59,AS-DHA-01
2011-09-12,1.1,664.4,AS-DHA-01
2011-09-13,15.8,637.38,AS-DHA-01
2011-09-14,47.5,687.78,AS-DHA-01
2011-09-15,29.9,745.59,AS-DHA-01
2011-09-16,18.5,747.3,AS-DHA-01
2011-09-17,31.4,715.27,AS-DHA-01
2011-09-18,18.6,669.01,AS-DHA-01
2011-09-19,13.5,627.18,AS-DHA-01
2011-09-20,19.7,637.38,AS-DHA-01
2011-09-21,24.8,710.34,AS-DHA-01
2011-09-22,33.9,762.98,AS-DHA-01
2011-09-23,66.7,810.11,AS-DHA-01
2011-09-24,55.6,795.3,AS-DHA-01
2011-09-25,21.7,720.24,AS-DHA-01
2011-09-26,18.8,652.26,AS-DHA-01
2011-09-27,19.8,601.67,AS-DHA-01
2011-09-28,6.3,564.04,AS-DHA-01
2011-09-29,0.8,537.37,AS-DHA-01
2011-09-30,4.3,520.3,AS-DHA-01
2011-10-01,7.2,510.78,AS-DHA-01
2011-10-02,19.0,521.49,AS-DHA-01
2011-10-03,14.2,542.35,AS-DHA-01
2011-10-04,3.9,539.85,AS-DHA-01
2011-10-05,0.0,507.25,AS-DHA-01
2011-10-06,0.0,468.98,AS-DHA-01
2011-10-07,1.0,436.6,AS-DHA-01
2011-10-08,0.5,409.28,AS-DHA-01
2011-10-09,0.3,388.12,AS-DHA-01
2011-10-10,0.0,365.5,AS-DHA-01
2011-10-11,0.0,341.83,AS-DHA-01
2011-10-12,0.0,318.95,AS-DHA-01
2011-10-13,0.0,296.22,AS-DHA-01
2011-10-14,0.1,274.48,AS-DHA-01
2011-10-15,0.8,254.91,AS-DHA-01
2011-10-16,0.5,236.73,AS-DHA-01
2011-10-17,1.5,221.37,AS-DHA-01
2011-10-18,6.8,211.36,AS-DHA-01
2011-10-19,1.4,207.97,AS-DHA-01
2011-10-20,6.6,207.97,AS-DHA-01
2011-10-21,10.6,211.36,AS-DHA-01
2011-10-22,17.5,211.36,AS-DHA-01
2011-10-23,2.0,203.21,AS-DHA-01
2011-10-24,0.0,190.9,AS-DHA-01
2011-10-25,0.3,177.27,AS-DHA-01
2011-10-26,8.8,166.53,AS-DHA-01
2011-10-27,1.0,159.35,AS-DHA-01
2011-10-28,0.3,150.73,AS-DHA-01
2011-10-29,0.0,140.28,AS-DHA-01
2011-10-30,0.7,131.15,AS-DHA-01
2011-10-31,0.2,123.48,AS-DHA-01
2011-11-01,2.5,117.33,AS-DHA-01
2011-11-02,0.0,111.74,AS-DHA-01
2011-11-03,0.4,107.16,AS-DHA-01
2011-11-04,0.0,102.53,AS-DHA-01
2011-11-05,0.0,97.42,AS-DHA-01
2011-11-06,0.5,92.34,AS-DHA-01
2011-11-07,0.0,89.17,AS-DHA-01
2011-11-08,0.0,85.92,AS-DHA-01
2011-11-09,0.0,81.82,AS-DHA-01
2011-11-10,0.0,77.0,AS-DHA-01
2011-11-11,0.0,72.3,AS-DHA-01
2011-11-12,0.0,68.35,AS-DHA-01
2011-11-13,0.0,64.78,AS-DHA-01
2011-11-14,0.7,61.97,AS-DHA-01
2011-11-15,7.7,60.39,AS-DHA-01
2011-11-16,3.7,61.1,AS-DHA-01
2011-11-17,0.1,61.68,AS-DHA-01
2011-11-18,0.0,60.53,AS-DHA-01
2011-11-19,0.0,58.45,AS-DHA-01
2011-11-20,0.0,56.29,AS-DHA-01
2011-11-21,0.0,54.34,AS-DHA-01
2011-11-22,0.0,52.59,AS-DHA-01
2011-11-23,0.0,51.25,AS-DHA-01
2011-11-24,0.0,50.06,AS-DHA-01
2011-11-25,0.0,49.02,AS-DHA-01
2011-11-26,0.0,48.22,AS-DHA-01
2011-11-27,0.0,47.54,AS-DHA-01
2011-11-28,0.0,46.98,AS-DHA-01
2011-11-29,0.0,46.65,AS-DHA-01
2011-11-30,0.0,46.43,AS-DHA-01
2011-12-01,0.0,46.11,AS-DHA-01
2011-12-02,0.0,45.67,AS-DHA-01
2011-12-03,1.5,45.35,AS-DHA-01
2011-12-04,3.7,45.35,AS-DHA-01
2011-12-05,0.0,45.46,AS-DHA-01
2011-12-06,0.0,45.24,AS-DHA-01
2011-12-07,0.0,44.82,AS-DHA-01
2011-12-08,0.0,44.41,AS-DHA-01
2011-12-09,1.4,44.2,AS-DHA-01
2011-12-10,14.4,44.3,AS-DHA-01
2011-12-11,2.8,44.3,AS-DHA-01
2011-12-12,0.0,43.99,AS-DHA-01
2011-12-13,0.0,43.48,AS-DHA-01
2011-12-14,0.0,43.07,AS-DHA-01
2011-12-15,0.0,42.76,AS-DHA-01
2011-12-16,0.0,42.46,AS-DHA-01
2011-12-17,0.0,42.16,AS-DHA-01
2011-12-18,0.0,41.86,AS-DHA-01
2011-12-19,0.0,41.57,AS-DHA-01
2011-12-20,0.0,41.27,AS-DHA-01
2011-12-21,0.0,40.98,AS-DHA-01
2011-12-22,0.0,40.69,AS-DHA-01
2011-12-23,0.0,40.41,AS-DHA-01
2011-12-24,0.0,40.12,AS-DHA-01
2011-12-25,0.0,39.85,AS-DHA-01
2011-12-26,0.0,39.56,AS-DHA-01
2011-12-27,0.0,39.28,AS-DHA-01
2011-12-28,0.0,39.01,AS-DHA-01
2011-12-29,0.0,38.73,AS-DHA-01
2011-12-30,0.0,38.46,AS-DHA-01
2011-12-31,0.0,38.18,AS-DHA-01
2012-01-01,0.7,37.91,AS-DHA-01
2012-01-02,4.0,38.18,AS-DHA-01
2012-01-03,12.1,40.89,AS-DHA-01
2012-01-04,7.8,44.2,AS-DHA-01
2012-01-05,1.9,43.99,AS-DHA-01
2012-01-06,0.0,41.86,AS-DHA-01
2012-01-07,0.0,39.85,AS-DHA-01
2012-01-08,0.0,38.55,AS-DHA-01
2012-01-09,0.7,38.37,AS-DHA-01
2012-01-10,1.1,42.46,AS-DHA-01
2012-01-11,8.1,49.25,AS-DHA-01
2012-01-12,0.5,51.98,AS-DHA-01
2012-01-13,0.9,50.65,AS-DHA-01
2012-01-14,0.0,48.22,AS-DHA-01
2012-01-15,0.0,46.11,AS-DHA-01
2012-01-16,0.0,43.58,AS-DHA-01
2012-01-17,2.5,41.76,AS-DHA-01
2012-01-18,4.2,41.67,AS-DHA-01
2012-01-19,7.2,43.58,AS-DHA-01
2012-01-20,14.7,48.1,AS-DHA-01
2012-01-21,10.7,54.34,AS-DHA-01
2012-01-22,1.2,56.82,AS-DHA-01
2012-01-23,0.0,53.72,AS-DHA-01
2012-01-24,0.0,48.79,AS-DHA-01
2012-01-25,0.1,44.62,AS-DHA-01
2012-01-26,0.0,41.76,AS-DHA-01
2012-01-27,0.1,39.66,AS-DHA-01
2012-01-28,0.0,38.0,AS-DHA-01
2012-01-29,0.0,36.85,AS-DHA-01
2012-01-30,0.0,35.99,AS-DHA-01
2012-01-31,0.0,35.4,AS-DHA-01
2012-02-01,0.0,35.07,AS-DHA-01
2012-02-02,0.0,34.74,AS-DHA-01
2012-02-03,0.0,34.49,AS-DHA-01
2012-02-04,0.0,34.17,AS-DHA-01
2012-02-05,0.0,33.84,AS-DHA-01
2012-02-06,0.2,33.52,AS-DHA-01
2012-02-07,0.0,32.89,AS-DHA-01
2012-02-08,0.0,32.12,AS-DHA-01
2012-02-09,18.5,32.5,AS-DHA-01
2012-02-10,0.3,32.89,AS-DHA-01
2012-02-11,0.0,32.58,AS-DHA-01
2012-02-12,0.0,31.82,AS-DHA-01
2012-02-13,0.0,31.21,AS-DHA-01
2012-02-14,0.0,30.77,AS-DHA-01
2012-02-15,0.0,30.49,AS-DHA-01
2012-02-16,0.0,30.2,AS-DHA-01
2012-02-17,2.1,30.13,AS-DHA-01
2012-02-18,1.4,30.06,AS-DHA-01
2012-02-19,0.0,29.84,AS-DHA-01
2012-02-20,0.0,29.63,AS-DHA-01
2012-02-21,0.0,29.35,AS-DHA-01
2012-02-22,0.2,29.07,AS-DHA-01
2012-02-23,0.0,28.93,AS-DHA-01
2012-02-24,0.1,28.73,AS-DHA-01
2012-02-25,0.0,28.45,AS-DHA-01
2012-02-26,0.0,28.11,AS-DHA-01
2012-02-27,0.0,28.05,AS-DHA-01
2012-02-28,0.0,28.05,AS-DHA-01
2012-02-29,21.7,30.35,AS-DHA-01
2012-03-01,5.5,31.89,AS-DHA-01
2012-03-02,9.6,33.52,AS-DHA-01
2012-03-03,11.5,34.74,AS-DHA-01
2012-03-04,1.9,35.15,AS-DHA-01
2012-03-05,0.5,35.07,AS-DHA-01
2012-03-06,6.7,35.65,AS-DHA-01
2012-03-07,15.6,41.47,AS-DHA-01
2012-03-08,3.8,44.2,AS-DHA-01
2012-03-09,1.0,43.89,AS-DHA-01
2012-03-10,0.0,42.36,AS-DHA-01
2012-03-11,0.0,39.75,AS-DHA-01
2012-03-12,0.0,37.11,AS-DHA-01
2012-03-13,4.2,34.82,AS-DHA-01
2012-03-14,0.3,32.89,AS-DHA-01
2012-03-15,6.4,31.74,AS-DHA-01
2012-03-16,4.1,30.92,AS-DHA-01
2012-03-17,0.0,30.27,AS-DHA-01
2012-03-18,0.0,29.42,AS-DHA-01
2012-03-19,0.0,28.52,AS-DHA-01
2012-03-20,0.0,27.91,AS-DHA-01
2012-03-21,3.0,27.45,AS-DHA-01
2012-03-22,5.8,27.52,AS-DHA-01
2012-03-23,0.6,27.52,AS-DHA-01
2012-03-24,0.0,26.93,AS-DHA-01
2012-03-25,0.0,26.29,AS-DHA-01
2012-03-26,0.9,25.98,AS-DHA-01
2012-03-27,8.0,26.17,AS-DHA-01
2012-03-28,2.6,26.55,AS-DHA-01
2012-03-29,4.4,26.74,AS-DHA-01
2012-03-30,0.0,26.42,AS-DHA-01
2012-03-31,0.0,26.04,AS-DHA-01
2012-04-01,0.0,25.68,AS-DHA-01
2012-04-02,0.0,25.25,AS-DHA-01
2012-04-03,0.0,24.89,AS-DHA-01
2012-04-04,6.0,24.83,AS-DHA-01
2012-04-05,20.2,33.52,AS-DHA-01
2012-04-06,18.4,42.36,AS-DHA-01
2012-04-07,14.3,49.59,AS-DHA-01
2012-04-08,31.8,79.74,AS-DHA-01
2012-04-09,28.2,123.77,AS-DHA-01
2012-04-10,0.9,126.67,AS-DHA-01
2012-04-11,23.3,133.31,AS-DHA-01
2012-04-12,60.2,250.82,AS-DHA-01
2012-04-13,13.9,256.09,AS-DHA-01
2012-04-14,8.6,208.94,AS-DHA-01
2012-04-15,1.5,183.54,AS-DHA-01
2012-04-16,6.8,164.61,AS-DHA-01
2012-04-17,10.4,148.31,AS-DHA-01
2012-04-18,20.0,202.74,AS-DHA-01
2012-04-19,35.1,290.8,AS-DHA-01
2012-04-20,0.0,286.79,AS-DHA-01
2012-04-21,24.9,271.32,AS-DHA-01
2012-04-22,18.7,250.24,AS-DHA-01
2012-04-23,12.6,227.61,AS-DHA-01
2012-04-24,34.4,251.98,AS-DHA-01
2012-04-25,44.9,324.15,AS-DHA-01
2012-04-26,29.6,363.82,AS-DHA-01
2012-04-27,49.1,450.94,AS-DHA-01
2012-04-28,90.6,557.58,AS-DHA-01
2012-04-29,26.3,503.75,AS-DHA-01
2012-04-30,44.5,476.62,AS-DHA-01
2012-05-01,71.2,517.9,AS-DHA-01
2012-05-02,45.8,522.7,AS-DHA-01
2012-05-03,8.5,457.23,AS-DHA-01
2012-05-04,3.7,397.18,AS-DHA-01
2012-05-05,0.0,352.25,AS-DHA-01
2012-05-06,0.0,317.48,AS-DHA-01
2012-05-07,0.0,289.46,AS-DHA-01
2012-05-08,0.0,266.35,AS-DHA-01
2012-05-09,0.1,245.65,AS-DHA-01
2012-05-10,10.5,229.18,AS-DHA-01
2012-05-11,14.7,215.81,AS-DHA-01
2012-05-12,41.5,243.39,AS-DHA-01
2012-05-13,20.0,242.27,AS-DHA-01
2012-05-14,8.3,226.55,AS-DHA-01
2012-05-15,9.2,211.85,AS-DHA-01
2012-05-16,4.8,199.49,AS-DHA-01
2012-05-17,12.3,186.53,AS-DHA-01
2012-05-18,0.0,176.46,AS-DHA-01
2012-05-19,1.0,165.37,AS-DHA-01
2012-05-20,17.3,156.07,AS-DHA-01
2012-05-21,8.3,151.09,AS-DHA-01
2012-05-22,17.8,147.63,AS-DHA-01
2012-05-23,10.0,143.24,AS-DHA-01
2012-05-24,6.0,137.71,AS-DHA-01
2012-05-25,1.2,131.46,AS-DHA-01
2012-05-26,2.5,124.63,AS-DHA-01
2012-05-27,45.5,134.54,AS-DHA-01
2012-05-28,14.2,130.55,AS-DHA-01
2012-05-29,27.6,129.94,AS-DHA-01
2012-05-30,40.6,149.34,AS-DHA-01
2012-05-31,32.7,178.51,AS-DHA-01
2012-06-01,43.3,1024.85,AS-DHA-01
2012-06-02,8.4,1218.21,AS-DHA-01
2012-06-03,59.8,1314.47,AS-DHA-01
2012-06-04,6.6,1221.03,AS-DHA-01
2012-06-05,10.7,834.76,AS-DHA-01
2012-06-06,12.1,603.06,AS-DHA-01
2012-06-07,15.0,503.75,AS-DHA-01
2012-06-08,10.9,446.8,AS-DHA-01
2012-06-09,11.9,405.52,AS-DHA-01
2012-06-10,39.5,388.12,AS-DHA-01
2012-06-11,15.6,374.9,AS-DHA-01
2012-06-12,20.5,357.16,AS-DHA-01
2012-06-13,30.4,348.21,AS-DHA-01
2012-06-14,122.2,443.72,AS-DHA-01
2012-06-15,38.4,510.78,AS-DHA-01
2012-06-16,47.9,601.67,AS-DHA-01
2012-06-17,1.4,544.86,AS-DHA-01
2012-06-18,23.5,488.87,AS-DHA-01
2012-06-19,25.2,479.93,AS-DHA-01
2012-06-20,24.1,475.52,AS-DHA-01
2012-06-21,38.0,495.69,AS-DHA-01
2012-06-22,16.4,564.04,AS-DHA-01
2012-06-23,50.8,614.29,AS-DHA-01
2012-06-24,72.2,683.04,AS-DHA-01
2012-06-25,41.4,755.98,AS-DHA-01
2012-06-26,25.7,757.72,AS-DHA-01
2012-06-27,15.4,689.37,AS-DHA-01
2012-06-28,4.8,624.29,AS-DHA-01
2012-06-29,9.3,582.55,AS-DHA-01
2012-06-30,1.8,583.9,AS-DHA-01
2012-07-01,1.8,575.88,AS-DHA-01
2012-07-02,31.3,596.14,AS-DHA-01
2012-07-03,27.4,658.29,AS-DHA-01
2012-07-04,50.8,694.16,AS-DHA-01
2012-07-05,70.3,681.46,AS-DHA-01
2012-07-06,6.5,632.99,AS-DHA-01
2012-07-07,73.8,650.75,AS-DHA-01
2012-07-08,29.0,687.78,AS-DHA-01
2012-07-09,33.6,707.08,AS-DHA-01
2012-07-10,34.3,664.4,AS-DHA-01
2012-07-11,11.8,608.65,AS-DHA-01
2012-07-12,59.8,614.29,AS-DHA-01
2012-07-13,42.1,617.13,AS-DHA-01
2012-07-14,90.7,928.14,AS-DHA-01
2012-07-15,45.1,958.58,AS-DHA-01
2012-07-16,22.1,819.5,AS-DHA-01
2012-07-17,25.5,733.65,AS-DHA-01
2012-07-18,40.3,713.63,AS-DHA-01
2012-07-19,19.0,735.34,AS-DHA-01
2012-07-20,27.8,750.77,AS-DHA-01
2012-07-21,37.6,757.72,AS-DHA-01
2012-07-22,21.8,742.16,AS-DHA-01
2012-07-23,89.7,1024.85,AS-DHA-01
2012-07-24,39.5,1187.72,AS-DHA-01
2012-07-25,27.9,1065.79,AS-DHA-01
2012-07-26,24.5,921.74,AS-DHA-01
2012-07-27,20.6,838.62,AS-DHA-01
2012-07-28,21.8,813.85,AS-DHA-01
2012-07-29,17.5,797.14,AS-DHA-01
2012-07-30,4.9,757.72,AS-DHA-01
2012-07-31,4.6,707.08,AS-DHA-01
2012-08-01,24.6,747.3,AS-DHA-01
2012-08-02,31.3,866.12,AS-DHA-01
2012-08-03,4.4,862.14,AS-DHA-01
2012-08-04,53.3,919.62,AS-DHA-01
2012-08-05,44.5,974.17,AS-DHA-01
2012-08-06,24.6,926.01,AS-DHA-01
2012-08-07,30.8,928.14,AS-DHA-01
2012-08-08,7.6,898.66,AS-DHA-01
2012-08-09,9.0,830.92,AS-DHA-01
2012-08-10,24.3,834.76,AS-DHA-01
2012-08-11,52.2,850.3,AS-DHA-01
2012-08-12,34.6,813.85,AS-DHA-01
2012-08-13,13.7,755.98,AS-DHA-01
2012-08-14,16.5,702.2,AS-DHA-01
2012-08-15,14.8,673.65,AS-DHA-01
2012-08-16,4.3,655.27,AS-DHA-01
2012-08-17,6.5,631.53,AS-DHA-01
2012-08-18,11.5,607.25,AS-DHA-01
2012-08-19,16.7,618.56,AS-DHA-01
2012-08-20,63.3,1314.47,AS-DHA-01
2012-08-21,38.7,1402.07,AS-DHA-01
2012-08-22,39.0,1163.34,AS-DHA-01
2012-08-23,18.0,978.67,AS-DHA-01
2012-08-24,3.1,860.15,AS-DHA-01
2012-08-25,9.6,791.65,AS-DHA-01
2012-08-26,20.3,766.5,AS-DHA-01
2012-08-27,18.3,749.03,AS-DHA-01
2012-08-28,9.7,715.27,AS-DHA-01
2012-08-29,22.2,683.04,AS-DHA-01
2012-08-30,13.5,650.75,AS-DHA-01
2012-08-31,27.3,625.73,AS-DHA-01
2012-09-01,17.0,597.52,AS-DHA-01
2012-09-02,4.4,594.78,AS-DHA-01
2012-09-03,48.8,721.91,AS-DHA-01
2012-09-04,0.9,858.17,AS-DHA-01
2012-09-05,0.5,836.68,AS-DHA-01
2012-09-06,3.4,745.59,AS-DHA-01
2012-09-07,0.3,673.65,AS-DHA-01
2012-09-08,1.4,624.29,AS-DHA-01
2012-09-09,26.6,605.84,AS-DHA-01
2012-09-10,13.9,590.68,AS-DHA-01
2012-09-11,21.3,575.88,AS-DHA-01
2012-09-12,27.9,617.13,AS-DHA-01
2012-09-13,68.7,834.76,AS-DHA-01
2012-09-14,30.8,1139.46,AS-DHA-01
2012-09-15,12.5,1060.89,AS-DHA-01
2012-09-16,8.5,894.53,AS-DHA-01
2012-09-17,17.0,811.98,AS-DHA-01
2012-09-18,40.1,773.61,AS-DHA-01
2012-09-19,17.8,713.63,AS-DHA-01
2012-09-20,16.6,658.29,AS-DHA-01
2012-09-21,18.4,612.88,AS-DHA-01
2012-09-22,14.5,575.88,AS-DHA-01
2012-09-23,26.1,555.01,AS-DHA-01
2012-09-24,17.5,549.91,AS-DHA-01
2012-09-25,3.1,544.86,AS-DHA-01
2012-09-26,0.3,525.12,AS-DHA-01
2012-09-27,1.2,511.95,AS-DHA-01
2012-09-28,0.7,502.59,AS-DHA-01
2012-09-29,17.3,492.27,AS-DHA-01
2012-09-30,23.6,482.15,AS-DHA-01
2012-10-01,32.3,481.04,AS-DHA-01
2012-10-02,17.5,478.82,AS-DHA-01
2012-10-03,24.1,483.26,AS-DHA-01
2012-10-04,53.5,640.33,AS-DHA-01
2012-10-05,14.6,806.39,AS-DHA-01
2012-10-06,9.8,782.58,AS-DHA-01
2012-10-07,0.3,672.1,AS-DHA-01
2012-10-08,0.3,601.67,AS-DHA-01
2012-10-09,16.6,579.87,AS-DHA-01
2012-10-10,14.8,579.87,AS-DHA-01
2012-10-11,14.5,730.27,AS-DHA-01
2012-10-12,2.8,791.65,AS-DHA-01
2012-10-13,3.3,690.96,AS-DHA-01
2012-10-14,2.9,608.65,AS-DHA-01
2012-10-15,0.0,552.46,AS-DHA-01
2012-10-16,0.0,508.42,AS-DHA-01
2012-10-17,0.0,468.98,AS-DHA-01
2012-10-18,0.0,435.6,AS-DHA-01
2012-10-19,0.0,407.4,AS-DHA-01
2012-10-20,0.0,381.01,AS-DHA-01
2012-10-21,0.0,354.7,AS-DHA-01
2012-10-22,0.0,330.19,AS-DHA-01
2012-10-23,0.0,306.67,AS-DHA-01
2012-10-24,0.1,284.16,AS-DHA-01
2012-10-25,0.6,265.74,AS-DHA-01
2012-10-26,0.0,248.5,AS-DHA-01
2012-10-27,0.0,231.32,AS-DHA-01
2012-10-28,0.0,214.81,AS-DHA-01
2012-10-29,0.0,198.57,AS-DHA-01
2012-10-30,0.0,183.96,AS-DHA-01
2012-10-31,0.0,170.43,AS-DHA-01
2012-11-01,0.0,157.52,AS-DHA-01
2012-11-02,0.0,145.58,AS-DHA-01
2012-11-03,0.0,134.85,AS-DHA-01
2012-11-04,0.0,124.91,AS-DHA-01
2012-11-05,0.6,118.15,AS-DHA-01
2012-11-06,0.3,137.07,AS-DHA-01
2012-11-07,1.2,183.11,AS-DHA-01
2012-11-08,4.8,181.01,AS-DHA-01
2012-11-09,0.0,163.47,AS-DHA-01
2012-11-10,0.0,147.28,AS-DHA-01
2012-11-11,0.0,133.31,AS-DHA-01
2012-11-12,0.0,121.48,AS-DHA-01
2012-11-13,0.0,111.48,AS-DHA-01
2012-11-14,0.0,102.77,AS-DHA-01
2012-11-15,0.0,95.63,AS-DHA-01
2012-11-16,0.0,89.59,AS-DHA-01
2012-11-17,0.0,83.54,AS-DHA-01
2012-11-18,0.0,78.08,AS-DHA-01
2012-11-19,0.2,73.48,AS-DHA-01
2012-11-20,0.0,70.63,AS-DHA-01
2012-11-21,0.0,69.97,AS-DHA-01
2012-11-22,0.0,68.35,AS-DHA-01
2012-11-23,0.0,65.54,AS-DHA-01
2012-11-24,0.0,62.7,AS-DHA-01
2012-11-25,0.9,60.11,AS-DHA-01
2012-11-26,0.0,57.9,AS-DHA-01
2012-11-27,0.0,56.16,AS-DHA-01
2012-11-28,0.0,54.34,AS-DHA-01
2012-11-29,0.0,52.84,AS-DHA-01
2012-11-30,0.0,51.49,AS-DHA-01
2012-12-01,0.0,50.18,AS-DHA-01
2012-12-02,0.0,49.13,AS-DHA-01
2012-12-03,0.0,48.22,AS-DHA-01
2012-12-04,0.0,47.43,AS-DHA-01
2012-12-05,0.0,46.76,AS-DHA-01
2012-12-06,0.0,46.22,AS-DHA-01
2012-12-07,0.0,45.89,AS-DHA-01
2012-12-08,0.0,45.57,AS-DHA-01
2012-12-09,2.0,45.46,AS-DHA-01
2012-12-10,1.8,45.46,AS-DHA-01
2012-12-11,0.0,45.24,AS-DHA-01
2012-12-12,13.3,45.67,AS-DHA-01
2012-12-13,1.8,45.89,AS-DHA-01
2012-12-14,0.0,45.35,AS-DHA-01
2012-12-15,0.0,44.62,AS-DHA-01
2012-12-16,0.0,44.2,AS-DHA-01
2012-12-17,0.0,43.78,AS-DHA-01
2012-12-18,0.0,43.48,AS-DHA-01
2012-12-19,5.5,43.48,AS-DHA-01
2012-12-20,4.7,43.68,AS-DHA-01
2012-12-21,0.7,43.48,AS-DHA-01
2012-12-22,0.0,42.86,AS-DHA-01
2012-12-23,0.0,42.36,AS-DHA-01
2012-12-24,0.0,41.96,AS-DHA-01
2012-12-25,0.0,41.57,AS-DHA-01
2012-12-26,0.0,41.27,AS-DHA-01
2012-12-27,0.0,40.98,AS-DHA-01
2012-12-28,0.0,40.69,AS-DHA-01
2012-12-29,0.0,40.31,AS-DHA-01
2012-12-30,0.0,40.03,AS-DHA-01
2012-12-31,0.0,39.75,AS-DHA-01
2013-01-01,0.0,39.47,AS-DHA-01
2013-01-02,0.0,39.19,AS-DHA-01
2013-01-03,1.0,38.91,AS-DHA-01
2013-01-04,0.1,38.64,AS-DHA-01
2013-01-05,0.0,38.46,AS-DHA-01
2013-01-06,0.0,38.09,AS-DHA-01
2013-01-07,0.9,37.91,AS-DHA-01
2013-01-08,1.5,37.65,AS-DHA-01
2013-01-09,0.0,37.47,AS-DHA-01
2013-01-10,0.0,37.2,AS-DHA-01
2013-01-11,0.0,36.94,AS-DHA-01
2013-01-12,0.0,36.68,AS-DHA-01
2013-01-13,0.0,36.33,AS-DHA-01
2013-01-14,0.0,35.99,AS-DHA-01
2013-01-15,0.0,35.82,AS-DHA-01
2013-01-16,0.0,35.48,AS-DHA-01
2013-01-17,0.0,35.24,AS-DHA-01
2013-01-18,0.0,34.9,AS-DHA-01
2013-01-19,0.0,34.66,AS-DHA-01
2013-01-20,1.6,34.49,AS-DHA-01
2013-01-21,1.0,34.25,AS-DHA-01
2013-01-22,0.0,34.01,AS-DHA-01
2013-01-23,0.0,33.76,AS-DHA-01
2013-01-24,0.0,33.52,AS-DHA-01
2013-01-25,0.0,33.21,AS-DHA-01
2013-01-26,0.0,32.97,AS-DHA-01
2013-01-27,0.0,32.66,AS-DHA-01
2013-01-28,0.0,32.43,AS-DHA-01
2013-01-29,0.0,32.12,AS-DHA-01
2013-01-30,0.0,31.89,AS-DHA-01
2013-01-31,0.0,31.66,AS-DHA-01
2013-02-01,0.0,31.51,AS-DHA-01
2013-02-02,0.0,31.36,AS-DHA-01
2013-02-03,0.0,31.36,AS-DHA-01
2013-02-04,0.0,31.82,AS-DHA-01
2013-02-05,0.0,32.04,AS-DHA-01
2013-02-06,0.0,31.44,AS-DHA-01
2013-02-07,0.0,30.13,AS-DHA-01
2013-02-08,6.9,29.35,AS-DHA-01
2013-02-09,2.6,29.0,AS-DHA-01
2013-02-10,0.0,28.66,AS-DHA-01
2013-02-11,0.0,28.25,AS-DHA-01
2013-02-12,0.0,27.85,AS-DHA-01
2013-02-13,0.0,27.58,AS-DHA-01
2013-02-14,0.0,27.32,AS-DHA-01
2013-02-15,0.0,27.06,AS-DHA-01
2013-02-16,3.1,26.87,AS-DHA-01
2013-02-17,12.6,27.71,AS-DHA-01
2013-02-18,3.6,29.35,AS-DHA-01
2013-02-19,0.0,30.13,AS-DHA-01
2013-02-20,0.0,29.35,AS-DHA-01
2013-02-21,0.0,28.32,AS-DHA-01
2013-02-22,0.0,27.52,AS-DHA-01
2013-02-23,0.0,26.99,AS-DHA-01
2013-02-24,0.0,26.55,AS-DHA-01
2013-02-25,0.4,26.17,AS-DHA-01
2013-02-26,0.0,25.8,AS-DHA-01
2013-02-27,0.0,25.74,AS-DHA-01
2013-02-28,0.0,25.74,AS-DHA-01
2013-03-01,0.0,25.62,AS-DHA-01
2013-03-02,0.0,25.37,AS-DHA-01
2013-03-03,0.0,25.19,AS-DHA-01
2013-03-04,0.0,24.89,AS-DHA-01
2013-03-05,0.0,24.65,AS-DHA-01
2013-03-06,0.0,24.42,AS-DHA-01
2013-03-07,0.0,24.18,AS-DHA-01
2013-03-08,0.0,24.01,AS-DHA-01
2013-03-09,0.0,23.78,AS-DHA-01
2013-03-10,1.4,23.61,AS-DHA-01
2013-03-11,19.5,24.13,AS-DHA-01
2013-03-12,0.0,24.07,AS-DHA-01
2013-03-13,0.3,23.67,AS-DHA-01
2013-03-14,0.0,23.38,AS-DHA-01
2013-03-15,0.0,23.16,AS-DHA-01
2013-03-16,0.5,22.83,AS-DHA-01
2013-03-17,2.4,22.66,AS-DHA-01
2013-03-18,8.3,23.67,AS-DHA-01
2013-03-19,0.1,23.95,AS-DHA-01
2013-03-20,0.0,23.38,AS-DHA-01
2013-03-21,23.5,24.77,AS-DHA-01
2013-03-22,35.7,37.82,AS-DHA-01
2013-03-23,0.1,45.14,AS-DHA-01
2013-03-24,0.0,43.48,AS-DHA-01
2013-03-25,42.0,68.51,AS-DHA-01
2013-03-26,22.4,82.96,AS-DHA-01
2013-03-27,0.3,75.22,AS-DHA-01
2013-03-28,0.1,62.55,AS-DHA-01
2013-03-29,19.1,57.09,AS-DHA-01
2013-03-30,55.1,113.84,AS-DHA-01
2013-03-31,8.0,112.52,AS-DHA-01
2013-04-01,8.7,95.18,AS-DHA-01
2013-04-02,2.9,80.68,AS-DHA-01
2013-04-03,15.2,75.05,AS-DHA-01
2013-04-04,8.4,71.63,AS-DHA-01
2013-04-05,3.6,68.67,AS-DHA-01
2013-04-06,0.4,63.29,AS-DHA-01
2013-04-07,0.0,57.49,AS-DHA-01
2013-04-08,0.0,52.22,AS-DHA-01
2013-04-09,2.1,48.22,AS-DHA-01
2013-04-10,22.7,67.25,AS-DHA-01
2013-04-11,16.7,73.14,AS-DHA-01
2013-04-12,9.2,67.25,AS-DHA-01
2013-04-13,7.5,61.39,AS-DHA-01
2013-04-14,11.2,58.45,AS-DHA-01
2013-04-15,19.7,64.32,AS-DHA-01
2013-04-16,30.0,81.62,AS-DHA-01
2013-04-17,43.7,126.37,AS-DHA-01
2013-04-18,21.8,142.25,AS-DHA-01
2013-04-19,4.6,129.05,AS-DHA-01
2013-04-20,0.2,113.84,AS-DHA-01
2013-04-21,0.6,100.41,AS-DHA-01
2013-04-22,4.3,92.34,AS-DHA-01
2013-04-23,0.0,88.14,AS-DHA-01
2013-04-24,0.0,83.15,AS-DHA-01
2013-04-25,0.0,77.36,AS-DHA-01
2013-04-26,0.0,71.8,AS-DHA-01
2013-04-27,40.3,103.49,AS-DHA-01
2013-04-28,8.9,121.2,AS-DHA-01
2013-04-29,42.6,158.25,AS-DHA-01
2013-04-30,32.8,195.38,AS-DHA-01
2013-05-01,83.8,383.67,AS-DHA-01
2013-05-02,65.5,421.75,AS-DHA-01
2013-05-03,19.5,331.73,AS-DHA-01
2013-05-04,38.8,349.82,AS-DHA-01
2013-05-05,32.1,365.5,AS-DHA-01
2013-05-06,23.7,474.42,AS-DHA-01
2013-05-07,0.0,519.09,AS-DHA-01
2013-05-08,17.0,451.98,AS-DHA-01
2013-05-09,5.7,410.23,AS-DHA-01
2013-05-10,10.1,565.34,AS-DHA-01
2013-05-11,33.4,752.49,AS-DHA-01
2013-05-12,36.4,708.71,AS-DHA-01
2013-05-13,25.4,615.71,AS-DHA-01
2013-05-14,10.6,523.91,AS-DHA-01
2013-05-15,2.2,457.23,AS-DHA-01
2013-05-16,14.6,589.31,AS-DHA-01
2013-05-17,10.0,662.86,AS-DHA-01
2013-05-18,21.7,578.53,AS-DHA-01
2013-05-19,10.6,513.14,AS-DHA-01
2013-05-20,3.6,466.82,AS-DHA-01
2013-05-21,11.6,427.63,AS-DHA-01
2013-05-22,7.3,426.64,AS-DHA-01
2013-05-23,19.6,478.82,AS-DHA-01
2013-05-24,27.2,557.58,AS-DHA-01
2013-05-25,0.3,533.67,AS-DHA-01
2013-05-26,6.0,476.62,AS-DHA-01
2013-05-27,28.8,454.08,AS-DHA-01
2013-05-28,20.6,470.06,AS-DHA-01
2013-05-29,18.6,510.78,AS-DHA-01
2013-05-30,13.5,542.35,AS-DHA-01
2013-05-31,25.0,526.33,AS-DHA-01
2013-06-01,4.1,482.15,AS-DHA-01
2013-06-02,1.5,438.62,AS-DHA-01
2013-06-03,12.2,405.52,AS-DHA-01
2013-06-04,13.8,390.82,AS-DHA-01
2013-06-05,12.3,407.4,AS-DHA-01
2013-06-06,31.3,477.72,AS-DHA-01
2013-06-07,48.3,525.12,AS-DHA-01
2013-06-08,11.6,538.61,AS-DHA-01
2013-06-09,16.1,558.86,AS-DHA-01
2013-06-10,0.3,521.49,AS-DHA-01
2013-06-11,0.0,473.34,AS-DHA-01
2013-06-12,0.0,427.63,AS-DHA-01
2013-06-13,0.0,389.01,AS-DHA-01
2013-06-14,10.1,359.65,AS-DHA-01
2013-06-15,16.8,344.21,AS-DHA-01
2013-06-16,12.3,343.41,AS-DHA-01
2013-06-17,12.3,345.01,AS-DHA-01
2013-06-18,18.6,335.58,AS-DHA-01
2013-06-19,17.8,321.17,AS-DHA-01
2013-06-20,12.2,310.95,AS-DHA-01
2013-06-21,20.8,313.83,AS-DHA-01
2013-06-22,17.5,362.98,AS-DHA-01
2013-06-23,11.1,424.68,AS-DHA-01
2013-06-24,31.3,520.3,AS-DHA-01
2013-06-25,17.5,686.19,AS-DHA-01
2013-06-26,28.8,689.37,AS-DHA-01
2013-06-27,46.5,619.98,AS-DHA-01
2013-06-28,41.8,658.29,AS-DHA-01
2013-06-29,17.8,697.36,AS-DHA-01
2013-06-30,19.5,821.4,AS-DHA-01
2013-07-01,14.0,832.83,AS-DHA-01
2013-07-02,31.9,750.77,AS-DHA-01
2013-07-03,26.0,720.24,AS-DHA-01
2013-07-04,25.7,708.71,AS-DHA-01
2013-07-05,37.9,731.96,AS-DHA-01
2013-07-06,16.8,710.34,AS-DHA-01
2013-07-07,1.8,679.9,AS-DHA-01
2013-07-08,14.5,655.27,AS-DHA-01
2013-07-09,29.1,631.53,AS-DHA-01
2013-07-10,30.0,600.29,AS-DHA-01
2013-07-11,19.9,600.29,AS-DHA-01
2013-07-12,22.6,641.81,AS-DHA-01
2013-07-13,20.2,632.99,AS-DHA-01
2013-07-14,29.2,603.06,AS-DHA-01
2013-07-15,18.1,649.25,AS-DHA-01
2013-07-16,28.8,838.62,AS-DHA-01
2013-07-17,19.5,850.3,AS-DHA-01
2013-07-18,10.8,738.74,AS-DHA-01
2013-07-19,30.4,679.9,AS-DHA-01
2013-07-20,46.5,647.76,AS-DHA-01
2013-07-21,43.2,649.25,AS-DHA-01
2013-07-22,25.4,762.98,AS-DHA-01
2013-07-23,34.6,934.58,AS-DHA-01
2013-07-24,26.7,938.9,AS-DHA-01
2013-07-25,50.2,1105.83,AS-DHA-01
2013-07-26,37.7,1235.18,AS-DHA-01
2013-07-27,18.2,1150.01,AS-DHA-01
2013-07-28,3.5,1001.49,AS-DHA-01
2013-07-29,0.8,892.47,AS-DHA-01
2013-07-30,16.0,846.38,AS-DHA-01
2013-07-31,25.7,906.99,AS-DHA-01
2013-08-01,25.6,898.66,AS-DHA-01
2013-08-02,14.6,827.09,AS-DHA-01
2013-08-03,3.0,768.27,AS-DHA-01
2013-08-04,21.8,747.3,AS-DHA-01
2013-08-05,14.8,823.29,AS-DHA-01
2013-08-06,27.2,878.19,AS-DHA-01
2013-08-07,23.4,854.23,AS-DHA-01
2013-08-08,51.1,858.17,AS-DHA-01
2013-08-09,11.3,813.85,AS-DHA-01
2013-08-10,15.2,802.68,AS-DHA-01
2013-08-11,27.3,884.28,AS-DHA-01
2013-08-12,25.6,921.74,AS-DHA-01
2013-08-13,18.0,911.18,AS-DHA-01
2013-08-14,5.1,868.12,AS-DHA-01
2013-08-15,20.3,825.19,AS-DHA-01
2013-08-16,30.3,788.01,AS-DHA-01
2013-08-17,3.2,755.98,AS-DHA-01
2013-08-18,2.9,738.74,AS-DHA-01
2013-08-19,12.4,718.59,AS-DHA-01
2013-08-20,25.3,738.74,AS-DHA-01
2013-08-21,16.2,745.59,AS-DHA-01
2013-08-22,20.5,713.63,AS-DHA-01
2013-08-23,10.9,670.56,AS-DHA-01
2013-08-24,2.9,632.99,AS-DHA-01
2013-08-25,10.7,598.9,AS-DHA-01
2013-08-26,30.8,716.93,AS-DHA-01
2013-08-27,20.1,892.47,AS-DHA-01
2013-08-28,26.9,884.28,AS-DHA-01
2013-08-29,20.5,782.58,AS-DHA-01
2013-08-30,18.8,700.58,AS-DHA-01
2013-08-31,52.0,658.29,AS-DHA-01
2013-09-01,49.1,631.53,AS-DHA-01
2013-09-02,52.9,612.88,AS-DHA-01
2013-09-03,21.3,587.95,AS-DHA-01
2013-09-04,34.5,611.46,AS-DHA-01
2013-09-05,20.8,615.71,AS-DHA-01
2013-09-06,6.7,590.68,AS-DHA-01
2013-09-07,26.0,575.88,AS-DHA-01
2013-09-08,12.1,569.27,AS-DHA-01
2013-09-09,11.7,575.88,AS-DHA-01
2013-09-10,3.5,574.55,AS-DHA-01
2013-09-11,2.1,570.59,AS-DHA-01
2013-09-12,0.1,556.29,AS-DHA-01
2013-09-13,0.1,525.12,AS-DHA-01
2013-09-14,2.4,515.52,AS-DHA-01
2013-09-15,12.1,548.65,AS-DHA-01
2013-09-16,4.9,567.95,AS-DHA-01
2013-09-17,0.9,555.01,AS-DHA-01
2013-09-18,0.3,528.76,AS-DHA-01
2013-09-19,7.0,519.09,AS-DHA-01
2013-09-20,4.1,514.33,AS-DHA-01
2013-09-21,3.6,491.13,AS-DHA-01
2013-09-22,9.7,465.75,AS-DHA-01
2013-09-23,12.5,440.65,AS-DHA-01
2013-09-24,14.1,432.59,AS-DHA-01
2013-09-25,22.8,435.6,AS-DHA-01
2013-09-26,16.0,457.23,AS-DHA-01
2013-09-27,1.1,479.93,AS-DHA-01
2013-09-28,1.0,470.06,AS-DHA-01
2013-09-29,0.3,451.98,AS-DHA-01
2013-09-30,1.4,428.62,AS-DHA-01
2013-10-01,0.0,403.65,AS-DHA-01
2013-10-02,0.0,376.64,AS-DHA-01
2013-10-03,7.7,364.67,AS-DHA-01
2013-10-04,43.0,415.95,AS-DHA-01
2013-10-05,34.7,593.4,AS-DHA-01
2013-10-06,22.9,819.5,AS-DHA-01
2013-10-07,1.2,791.65,AS-DHA-01
2013-10-08,0.0,665.93,AS-DHA-01
2013-10-09,0.0,574.55,AS-DHA-01
2013-10-10,0.0,509.6,AS-DHA-01
2013-10-11,0.0,459.35,AS-DHA-01
2013-10-12,0.1,418.84,AS-DHA-01
2013-10-13,0.8,384.55,AS-DHA-01
2013-10-14,5.9,356.34,AS-DHA-01
2013-10-15,3.4,332.48,AS-DHA-01
2013-10-16,3.7,312.39,AS-DHA-01
2013-10-17,0.0,294.85,AS-DHA-01
2013-10-18,0.4,277.02,AS-DHA-01
2013-10-19,0.5,259.07,AS-DHA-01
2013-10-20,14.9,244.52,AS-DHA-01
2013-10-21,19.4,234.55,AS-DHA-01
2013-10-22,4.4,228.65,AS-DHA-01
2013-10-23,0.0,221.89,AS-DHA-01
2013-10-24,0.0,209.9,AS-DHA-01
2013-10-25,1.3,195.38,AS-DHA-01
2013-10-26,6.1,190.47,AS-DHA-01
2013-10-27,9.5,199.49,AS-DHA-01
2013-10-28,33.7,221.37,AS-DHA-01
2013-10-29,27.8,232.39,AS-DHA-01
2013-10-30,0.0,221.89,AS-DHA-01
2013-10-31,0.0,204.63,AS-DHA-01
2013-11-01,0.0,186.96,AS-DHA-01
2013-11-02,0.0,170.83,AS-DHA-01
2013-11-03,0.0,156.79,AS-DHA-01
2013-11-04,0.0,143.58,AS-DHA-01
2013-11-05,0.0,132.07,AS-DHA-01
2013-11-06,0.0,121.77,AS-DHA-01
2013-11-07,0.0,112.0,AS-DHA-01
2013-11-08,0.0,103.01,AS-DHA-01
2013-11-09,0.0,95.18,AS-DHA-01
2013-11-10,0.0,87.94,AS-DHA-01
2013-11-11,0.0,81.43,AS-DHA-01
2013-11-12,0.0,75.58,AS-DHA-01
2013-11-13,0.0,70.63,AS-DHA-01
2013-11-14,0.0,66.47,AS-DHA-01
2013-11-15,0.0,62.7,AS-DHA-01
2013-11-16,0.0,59.54,AS-DHA-01
2013-11-17,0.0,56.96,AS-DHA-01
2013-11-18,0.0,54.73,AS-DHA-01
2013-11-19,0.0,52.84,AS-DHA-01
2013-11-20,0.0,51.25,AS-DHA-01
2013-11-21,0.0,50.06,AS-DHA-01
2013-11-22,0.0,49.13,AS-DHA-01
2013-11-23,0.0,48.45,AS-DHA-01
2013-11-24,0.0,47.88,AS-DHA-01
2013-11-25,0.0,47.43,AS-DHA-01
2013-11-26,0.0,47.09,AS-DHA-01
2013-11-27,0.0,46.76,AS-DHA-01
2013-11-28,0.0,46.43,AS-DHA-01
2013-11-29,0.0,46.11,AS-DHA-01
2013-11-30,0.0,45.89,AS-DHA-01
2013-12-01,0.0,45.46,AS-DHA-01
2013-12-02,0.0,45.14,AS-DHA-01
2013-12-03,0.0,44.82,AS-DHA-01
2013-12-04,0.0,44.51,AS-DHA-01
2013-12-05,0.0,44.2,AS-DHA-01
2013-12-06,0.0,43.89,AS-DHA-01
2013-12-07,0.0,43.58,AS-DHA-01
2013-12-08,0.0,43.27,AS-DHA-01
2013-12-09,0.0,43.07,AS-DHA-01
2013-12-10,0.0,42.76,AS-DHA-01
2013-12-11,0.0,42.46,AS-DHA-01
2013-12-12,1.9,42.16,AS-DHA-01
2013-12-13,0.6,41.96,AS-DHA-01
2013-12-14,0.0,41.67,AS-DHA-01
2013-12-15,0.0,41.57,AS-DHA-01
2013-12-16,0.0,41.37,AS-DHA-01
2013-12-17,0.0,41.08,AS-DHA-01
2013-12-18,0.0,40.69,AS-DHA-01
2013-12-19,1.0,40.5,AS-DHA-01
2013-12-20,1.1,40.6,AS-DHA-01
2013-12-21,0.0,40.89,AS-DHA-01
2013-12-22,0.0,40.69,AS-DHA-01
2013-12-23,0.6,40.31,AS-DHA-01
2013-12-24,0.3,40.03,AS-DHA-01
2013-12-25,0.0,39.85,AS-DHA-01
2013-12-26,0.1,39.66,AS-DHA-01
2013-12-27,0.0,39.38,AS-DHA-01
2013-12-28,0.0,39.01,AS-DHA-01
2013-12-29,0.2,38.64,AS-DHA-01
2013-12-30,0.0,38.28,AS-DHA-01
2013-12-31,0.0,38.0,AS-DHA-01
2014-01-01,0.0,37.65,AS-DHA-01
2014-01-02,0.0,37.29,AS-DHA-01
2014-01-03,0.0,37.03,AS-DHA-01
2014-01-04,0.0,36.68,AS-DHA-01
2014-01-05,0.0,36.33,AS-DHA-01
2014-01-06,2.4,36.16,AS-DHA-01
2014-01-07,3.6,36.07,AS-DHA-01
2014-01-08,0.0,35.9,AS-DHA-01
2014-01-09,0.0,35.65,AS-DHA-01
2014-01-10,0.0,35.32,AS-DHA-01
2014-01-11,0.0,34.99,AS-DHA-01
2014-01-12,0.5,34.66,AS-DHA-01
2014-01-13,0.0,34.49,AS-DHA-01
2014-01-14,0.0,34.25,AS-DHA-01
2014-01-15,0.0,34.01,AS-DHA-01
2014-01-16,0.0,33.76,AS-DHA-01
2014-01-17,0.0,33.44,AS-DHA-01
2014-01-18,0.0,33.21,AS-DHA-01
2014-01-19,1.3,33.05,AS-DHA-01
2014-01-20,0.0,33.92,AS-DHA-01
2014-01-21,0.0,34.66,AS-DHA-01
2014-01-22,0.0,33.92,AS-DHA-01
2014-01-23,0.0,32.97,AS-DHA-01
2014-01-24,0.0,32.43,AS-DHA-01
2014-01-25,0.0,32.12,AS-DHA-01
2014-01-26,0.0,31.74,AS-DHA-01
2014-01-27,0.0,31.44,AS-DHA-01
2014-01-28,0.0,31.14,AS-DHA-01
2014-01-29,0.0,30.85,AS-DHA-01
2014-01-30,0.0,30.56,AS-DHA-01
2014-01-31,0.0,30.35,AS-DHA-01
2014-02-01,0.0,30.06,AS-DHA-01
2014-02-02,0.0,29.84,AS-DHA-01
2014-02-03,0.0,29.63,AS-DHA-01
2014-02-04,0.0,29.35,AS-DHA-01
2014-02-05,0.9,29.14,AS-DHA-01
2014-02-06,2.4,29.07,AS-DHA-01
2014-02-07,5.2,28.73,AS-DHA-01
2014-02-08,6.1,28.45,AS-DHA-01
2014-02-09,6.7,28.66,AS-DHA-01
2014-02-10,3.2,28.66,AS-DHA-01
2014-02-11,1.0,28.32,AS-DHA-01
2014-02-12,0.2,27.85,AS-DHA-01
2014-02-13,0.0,27.45,AS-DHA-01
2014-02-14,0.0,27.06,AS-DHA-01
2014-02-15,5.9,27.25,AS-DHA-01
2014-02-16,13.5,30.56,AS-DHA-01
2014-02-17,24.8,37.91,AS-DHA-01
2014-02-18,0.1,43.27,AS-DHA-01
2014-02-19,0.0,41.96,AS-DHA-01
2014-02-20,0.0,36.85,AS-DHA-01
2014-02-21,0.0,32.74,AS-DHA-01
2014-02-22,0.0,30.06,AS-DHA-01
2014-02-23,0.0,28.32,AS-DHA-01
2014-02-24,0.2,27.19,AS-DHA-01
2014-02-25,0.0,26.67,AS-DHA-01
2014-02-26,0.0,26.29,AS-DHA-01
2014-02-27,0.0,26.17,AS-DHA-01
2014-02-28,0.3,26.04,AS-DHA-01
2014-03-01,0.3,25.98,AS-DHA-01
2014-03-02,5.7,26.04,AS-DHA-01
2014-03-03,1.6,25.92,AS-DHA-01
2014-03-04,0.0,25.56,AS-DHA-01
2014-03-05,1.2,25.25,AS-DHA-01
2014-03-06,0.4,25.07,AS-DHA-01
2014-03-07,0.0,24.71,AS-DHA-01
2014-03-08,0.0,24.42,AS-DHA-01
2014-03-09,0.0,24.18,AS-DHA-01
2014-03-10,0.0,23.9,AS-DHA-01
2014-03-11,0.0,23.55,AS-DHA-01
2014-03-12,0.0,23.33,AS-DHA-01
2014-03-13,0.0,23.1,AS-DHA-01
2014-03-14,0.0,22.88,AS-DHA-01
2014-03-15,0.0,22.61,AS-DHA-01
2014-03-16,0.0,22.34,AS-DHA-01
2014-03-17,0.0,22.12,AS-DHA-01
2014-03-18,2.0,21.96,AS-DHA-01
2014-03-19,17.5,22.34,AS-DHA-01
2014-03-20,17.1,23.61,AS-DHA-01
2014-03-21,1.5,24.65,AS-DHA-01
2014-03-22,5.7,25.07,AS-DHA-01
2014-03-23,2.3,24.36,AS-DHA-01
2014-03-24,0.0,24.24,AS-DHA-01
2014-03-25,1.3,24.3,AS-DHA-01
2014-03-26,2.5,24.3,AS-DHA-01
2014-03-27,7.8,25.56,AS-DHA-01
2014-03-28,5.6,29.21,AS-DHA-01
2014-03-29,2.2,31.59,AS-DHA-01
2014-03-30,0.0,30.27,AS-DHA-01
2014-03-31,0.7,27.65,AS-DHA-01
2014-04-01,0.8,25.37,AS-DHA-01
2014-04-02,0.3,23.9,AS-DHA-01
2014-04-03,6.3,23.33,AS-DHA-01
2014-04-04,0.2,23.27,AS-DHA-01
2014-04-05,0.0,23.95,AS-DHA-01
2014-04-06,0.0,24.36,AS-DHA-01
2014-04-07,6.0,24.54,AS-DHA-01
2014-04-08,14.1,26.87,AS-DHA-01
2014-04-09,3.4,30.56,AS-DHA-01
2014-04-10,2.3,32.12,AS-DHA-01
2014-04-11,1.1,30.49,AS-DHA-01
2014-04-12,0.0,27.98,AS-DHA-01
2014-04-13,0.0,25.8,AS-DHA-01
2014-04-14,0.7,24.13,AS-DHA-01
2014-04-15,0.0,22.94,AS-DHA-01
2014-04-16,0.6,22.07,AS-DHA-01
2014-04-17,4.4,21.65,AS-DHA-01
2014-04-18,0.0,21.75,AS-DHA-01
2014-04-19,0.0,21.81,AS-DHA-01
2014-04-20,0.0,21.34,AS-DHA-01
2014-04-21,0.0,20.69,AS-DHA-01
2014-04-22,0.0,20.19,AS-DHA-01
2014-04-23,0.0,19.8,AS-DHA-01
2014-04-24,1.7,19.47,AS-DHA-01
2014-04-25,1.3,19.19,AS-DHA-01
2014-04-26,1.0,19.19,AS-DHA-01
2014-04-27,0.5,19.24,AS-DHA-01
2014-04-28,6.7,19.85,AS-DHA-01
2014-04-29,8.7,20.74,AS-DHA-01
2014-04-30,0.8,22.02,AS-DHA-01
2014-05-01,5.9,23.22,AS-DHA-01
2014-05-02,16.6,26.99,AS-DHA-01
2014-05-03,22.7,45.03,AS-DHA-01
2014-05-04,43.3,87.94,AS-DHA-01
2014-05-05,40.8,121.77,AS-DHA-01
2014-05-06,29.5,119.81,AS-DHA-01
2014-05-07,56.2,203.21,AS-DHA-01
2014-05-08,68.8,301.05,AS-DHA-01
2014-05-09,44.4,297.6,AS-DHA-01
2014-05-10,16.8,227.08,AS-DHA-01
2014-05-11,6.3,176.05,AS-DHA-01
2014-05-12,28.4,162.34,AS-DHA-01
2014-05-13,10.6,144.91,AS-DHA-01
2014-05-14,3.5,129.35,AS-DHA-01
2014-05-15,1.8,115.44,AS-DHA-01
2014-05-16,1.4,104.22,AS-DHA-01
2014-05-17,0.0,95.18,AS-DHA-01
2014-05-18,0.6,87.53,AS-DHA-01
2014-05-19,0.0,81.43,AS-DHA-01
2014-05-20,16.1,85.12,AS-DHA-01
2014-05-21,3.7,86.52,AS-DHA-01
2014-05-22,0.9,82.01,AS-DHA-01
2014-05-23,0.0,75.58,AS-DHA-01
2014-05-24,6.1,70.14,AS-DHA-01
2014-05-25,22.8,68.35,AS-DHA-01
2014-05-26,21.2,72.47,AS-DHA-01
2014-05-27,54.0,86.32,AS-DHA-01
2014-05-28,29.3,86.12,AS-DHA-01
2014-05-29,26.4,84.33,AS-DHA-01
2014-05-30,13.6,81.24,AS-DHA-01
2014-05-31,4.8,77.36,AS-DHA-01
2014-06-01,8.8,75.93,AS-DHA-01
2014-06-02,17.0,74.87,AS-DHA-01
2014-06-03,18.7,73.83,AS-DHA-01
2014-06-04,8.7,72.64,AS-DHA-01
2014-06-05,12.5,71.13,AS-DHA-01
2014-06-06,6.9,68.83,AS-DHA-01
2014-06-07,31.7,72.13,AS-DHA-01
2014-06-08,6.7,72.13,AS-DHA-01
2014-06-09,17.0,71.96,AS-DHA-01
2014-06-10,26.9,81.24,AS-DHA-01
2014-06-11,31.5,92.56,AS-DHA-01
2014-06-12,21.2,94.96,AS-DHA-01
2014-06-13,4.6,90.43,AS-DHA-01
2014-06-14,21.0,90.64,AS-DHA-01
2014-06-15,45.4,118.7,AS-DHA-01
2014-06-16,18.4,134.54,AS-DHA-01
2014-06-17,6.6,180.59,AS-DHA-01
2014-06-18,16.4,246.79,AS-DHA-01
2014-06-19,33.4,330.19,AS-DHA-01
2014-06-20,45.0,455.12,AS-DHA-01
2014-06-21,60.0,527.54,AS-DHA-01
2014-06-22,32.2,544.86,AS-DHA-01
2014-06-23,47.3,551.18,AS-DHA-01
2014-06-24,15.5,490.0,AS-DHA-01
2014-06-25,9.0,462.54,AS-DHA-01
2014-06-26,17.2,485.5,AS-DHA-01
2014-06-27,13.2,471.15,AS-DHA-01
2014-06-28,25.0,428.62,AS-DHA-01
2014-06-29,32.5,423.7,AS-DHA-01
2014-06-30,20.0,446.8,AS-DHA-01
2014-07-01,11.9,486.62,AS-DHA-01
2014-07-02,26.0,528.76,AS-DHA-01
2014-07-03,47.4,543.61,AS-DHA-01
2014-07-04,15.2,543.61,AS-DHA-01
2014-07-05,21.8,520.3,AS-DHA-01
2014-07-06,10.2,475.52,AS-DHA-01
2014-07-07,16.3,442.69,AS-DHA-01
2014-07-08,11.4,418.84,AS-DHA-01
2014-07-09,3.9,392.63,AS-DHA-01
2014-07-10,12.7,374.9,AS-DHA-01
2014-07-11,15.4,380.13,AS-DHA-01
2014-07-12,10.8,389.91,AS-DHA-01
2014-07-13,35.6,431.59,AS-DHA-01
2014-07-14,43.0,522.7,AS-DHA-01
2014-07-15,68.8,694.16,AS-DHA-01
2014-07-16,18.4,686.19,AS-DHA-01
2014-07-17,20.8,681.46,AS-DHA-01
2014-07-18,40.5,694.16,AS-DHA-01
2014-07-19,9.2,664.4,AS-DHA-01
2014-07-20,24.6,679.9,AS-DHA-01
2014-07-21,26.9,735.34,AS-DHA-01
2014-07-22,18.1,733.65,AS-DHA-01
2014-07-23,17.1,718.59,AS-DHA-01
2014-07-24,9.1,738.74,AS-DHA-01
2014-07-25,5.8,726.92,AS-DHA-01
2014-07-26,10.6,731.96,AS-DHA-01
2014-07-27,40.0,804.53,AS-DHA-01
2014-07-28,24.7,817.62,AS-DHA-01
2014-07-29,17.7,848.34,AS-DHA-01
2014-07-30,17.7,874.15,AS-DHA-01
2014-07-31,46.9,880.21,AS-DHA-01
2014-08-01,61.6,923.87,AS-DHA-01
2014-08-02,100.5,1070.72,AS-DHA-01
2014-08-03,34.7,1163.34,AS-DHA-01
2014-08-04,13.7,1160.67,AS-DHA-01
2014-08-05,27.3,1060.89,AS-DHA-01
2014-08-06,23.1,969.69,AS-DHA-01
2014-08-07,19.5,902.81,AS-DHA-01
2014-08-08,43.2,919.62,AS-DHA-01
2014-08-09,12.4,900.74,AS-DHA-01
2014-08-10,7.1,830.92,AS-DHA-01
2014-08-11,8.1,761.22,AS-DHA-01
2014-08-12,47.5,726.92,AS-DHA-01
2014-08-13,52.4,721.91,AS-DHA-01
2014-08-14,99.0,856.19,AS-DHA-01
2014-08-15,171.2,1144.72,AS-DHA-01
2014-08-16,12.3,1338.93,AS-DHA-01
2014-08-17,25.6,1345.11,AS-DHA-01
2014-08-18,30.4,1171.41,AS-DHA-01
2014-08-19,18.8,1008.44,AS-DHA-01
2014-08-20,23.1,917.5,AS-DHA-01
2014-08-21,45.4,934.58,AS-DHA-01
2014-08-22,31.1,969.69,AS-DHA-01
2014-08-23,17.7,926.01,AS-DHA-01
2014-08-24,26.6,888.36,AS-DHA-01
2014-08-25,14.8,868.12,AS-DHA-01
2014-08-26,5.4,834.76,AS-DHA-01
2014-08-27,1.0,817.62,AS-DHA-01
2014-08-28,2.5,789.82,AS-DHA-01
2014-08-29,2.1,740.45,AS-DHA-01
2014-08-30,37.1,902.81,AS-DHA-01
2014-08-31,0.4,945.41,AS-DHA-01
2014-09-01,28.6,874.15,AS-DHA-01
2014-09-02,8.7,811.98,AS-DHA-01
2014-09-03,7.7,782.58,AS-DHA-01
2014-09-04,34.7,791.65,AS-DHA-01
2014-09-05,13.1,771.82,AS-DHA-01
2014-09-06,21.7,791.65,AS-DHA-01
2014-09-07,42.5,844.44,AS-DHA-01
2014-09-08,37.4,846.38,AS-DHA-01
2014-09-09,38.9,813.85,AS-DHA-01
2014-09-10,42.6,780.77,AS-DHA-01
2014-09-11,17.0,728.59,AS-DHA-01
2014-09-12,26.2,690.96,AS-DHA-01
2014-09-13,33.4,656.78,AS-DHA-01
2014-09-14,13.5,622.85,AS-DHA-01
2014-09-15,6.7,600.29,AS-DHA-01
2014-09-16,1.4,579.87,AS-DHA-01
2014-09-17,0.0,551.18,AS-DHA-01
2014-09-18,15.6,622.85,AS-DHA-01
2014-09-19,47.9,780.77,AS-DHA-01
2014-09-20,67.7,830.92,AS-DHA-01
2014-09-21,63.6,778.98,AS-DHA-01
2014-09-22,141.3,1013.1,AS-DHA-01
2014-09-23,98.8,1857.15,AS-DHA-01
2014-09-24,31.1,1835.87,AS-DHA-01
2014-09-25,24.5,1448.04,AS-DHA-01
2014-09-26,26.2,1201.49,AS-DHA-01
2014-09-27,6.3,1039.11,AS-DHA-01
2014-09-28,0.8,930.28,AS-DHA-01
2014-09-29,0.3,844.44,AS-DHA-01
2014-09-30,0.2,775.39,AS-DHA-01
2014-10-01,0.3,718.59,AS-DHA-01
2014-10-02,0.0,669.01,AS-DHA-01
2014-10-03,0.0,625.73,AS-DHA-01
2014-10-04,0.0,583.9,AS-DHA-01
2014-10-05,0.0,544.86,AS-DHA-01
2014-10-06,0.4,507.25,AS-DHA-01
2014-10-07,1.1,474.42,AS-DHA-01
2014-10-08,0.0,445.76,AS-DHA-01
2014-10-09,0.7,417.87,AS-DHA-01
2014-10-10,0.0,393.53,AS-DHA-01
2014-10-11,2.9,376.64,AS-DHA-01
2014-10-12,4.8,371.46,AS-DHA-01
2014-10-13,1.4,372.32,AS-DHA-01
2014-10-14,24.0,367.2,AS-DHA-01
2014-10-15,4.5,354.7,AS-DHA-01
2014-10-16,9.2,339.47,AS-DHA-01
2014-10-17,2.0,321.17,AS-DHA-01
2014-10-18,2.5,304.55,AS-DHA-01
2014-10-19,2.1,292.14,AS-DHA-01
2014-10-20,0.0,278.31,AS-DHA-01
2014-10-21,0.0,259.07,AS-DHA-01
2014-10-22,0.0,240.04,AS-DHA-01
2014-10-23,0.0,222.4,AS-DHA-01
2014-10-24,0.0,205.57,AS-DHA-01
2014-10-25,0.0,189.59,AS-DHA-01
2014-10-26,0.8,174.83,AS-DHA-01
2014-10-27,0.0,164.23,AS-DHA-01
2014-10-28,0.1,156.07,AS-DHA-01
2014-10-29,0.7,147.63,AS-DHA-01
2014-10-30,0.3,137.39,AS-DHA-01
2014-10-31,0.0,127.26,AS-DHA-01
2014-11-01,0.0,117.6,AS-DHA-01
2014-11-02,0.0,108.42,AS-DHA-01
2014-11-03,0.0,100.65,AS-DHA-01
2014-11-04,0.0,93.42,AS-DHA-01
2014-11-05,0.0,87.13,AS-DHA-01
2014-11-06,0.0,81.24,AS-DHA-01
2014-11-07,0.0,75.93,AS-DHA-01
2014-11-08,0.0,70.96,AS-DHA-01
2014-11-09,0.0,66.16,AS-DHA-01
2014-11-10,0.0,61.97,AS-DHA-01
2014-11-11,0.0,58.17,AS-DHA-01
2014-11-12,0.0,55.11,AS-DHA-01
2014-11-13,0.0,52.59,AS-DHA-01
2014-11-14,0.0,50.18,AS-DHA-01
2014-11-15,0.0,47.88,AS-DHA-01
2014-11-16,0.0,46.22,AS-DHA-01
2014-11-17,0.0,44.82,AS-DHA-01
2014-11-18,0.0,43.68,AS-DHA-01
2014-11-19,0.2,42.66,AS-DHA-01
2014-11-20,0.0,41.57,AS-DHA-01
2014-11-21,0.0,40.89,AS-DHA-01
2014-11-22,0.1,40.31,AS-DHA-01
2014-11-23,0.8,39.85,AS-DHA-01
2014-11-24,0.9,39.56,AS-DHA-01
2014-11-25,0.0,39.19,AS-DHA-01
2014-11-26,0.0,38.91,AS-DHA-01
2014-11-27,0.2,38.64,AS-DHA-01
2014-11-28,0.6,38.37,AS-DHA-01
2014-11-29,0.3,38.09,AS-DHA-01
2014-11-30,0.0,38.0,AS-DHA-01
2014-12-01,0.0,37.65,AS-DHA-01
2014-12-02,0.0,37.29,AS-DHA-01
2014-12-03,0.0,37.03,AS-DHA-01
2014-12-04,0.0,36.85,AS-DHA-01
2014-12-05,0.0,36.59,AS-DHA-01
2014-12-06,0.0,36.25,AS-DHA-01
2014-12-07,0.0,35.99,AS-DHA-01
2014-12-08,0.0,35.82,AS-DHA-01
2014-12-09,0.3,35.56,AS-DHA-01
2014-12-10,2.2,35.4,AS-DHA-01
2014-12-11,3.4,35.15,AS-DHA-01
2014-12-12,0.0,34.9,AS-DHA-01
2014-12-13,0.0,34.66,AS-DHA-01
2014-12-14,0.0,34.33,AS-DHA-01
2014-12-15,0.0,34.09,AS-DHA-01
2014-12-16,0.0,33.84,AS-DHA-01
2014-12-17,1.4,33.68,AS-DHA-01
2014-12-18,0.0,34.09,AS-DHA-01
2014-12-19,0.0,34.58,AS-DHA-01
2014-12-20,0.0,34.01,AS-DHA-01
2014-12-21,0.0,33.21,AS-DHA-01
2014-12-22,0.0,32.81,AS-DHA-01
2014-12-23,0.0,32.43,AS-DHA-01
2014-12-24,0.0,32.12,AS-DHA-01
2014-12-25,0.0,31.82,AS-DHA-01
2014-12-26,0.0,31.59,AS-DHA-01
2014-12-27,0.0,31.29,AS-DHA-01
2014-12-28,0.0,30.99,AS-DHA-01
2014-12-29,0.0,30.77,AS-DHA-01
2014-12-30,0.0,30.49,AS-DHA-01
2014-12-31,0.0,30.27,AS-DHA-01
2015-01-01,0.0,29.99,AS-DHA-01
2015-01-02,0.0,29.77,AS-DHA-01
2015-01-03,0.0,29.49,AS-DHA-01
2015-01-04,13.0,30.42,AS-DHA-01
2015-01-05,5.2,34.01,AS-DHA-01
2015-01-06,0.0,37.56,AS-DHA-01
2015-01-07,0.0,36.16,AS-DHA-01
2015-01-08,0.0,33.21,AS-DHA-01
2015-01-09,0.0,31.66,AS-DHA-01
2015-01-10,0.0,32.97,AS-DHA-01
2015-01-11,0.0,34.74,AS-DHA-01
2015-01-12,0.0,33.36,AS-DHA-01
2015-01-13,0.0,30.99,AS-DHA-01
2015-01-14,0.0,29.56,AS-DHA-01
2015-01-15,0.0,28.73,AS-DHA-01
2015-01-16,0.0,28.25,AS-DHA-01
2015-01-17,0.1,27.98,AS-DHA-01
2015-01-18,0.0,28.25,AS-DHA-01
2015-01-19,0.0,29.14,AS-DHA-01
2015-01-20,0.0,29.49,AS-DHA-01
2015-01-21,0.0,28.79,AS-DHA-01
2015-01-22,0.0,27.71,AS-DHA-01
2015-01-23,0.2,26.93,AS-DHA-01
2015-01-24,1.4,26.55,AS-DHA-01
2015-01-25,0.0,26.29,AS-DHA-01
2015-01-26,0.0,25.98,AS-DHA-01
2015-01-27,0.0,25.68,AS-DHA-01
2015-01-28,0.0,25.44,AS-DHA-01
2015-01-29,0.5,25.19,AS-DHA-01
2015-01-30,2.9,25.07,AS-DHA-01
2015-01-31,0.3,24.83,AS-DHA-01
2015-02-01,0.0,24.71,AS-DHA-01
2015-02-02,0.0,24.54,AS-DHA-01
2015-02-03,0.0,24.24,AS-DHA-01
2015-02-04,0.0,24.01,AS-DHA-01
2015-02-05,0.1,23.78,AS-DHA-01
2015-02-06,0.0,23.61,AS-DHA-01
2015-02-07,0.0,22.94,AS-DHA-01
2015-02-08,0.0,22.12,AS-DHA-01
2015-02-09,0.0,21.7,AS-DHA-01
2015-02-10,0.0,21.34,AS-DHA-01
2015-02-11,0.0,21.09,AS-DHA-01
2015-02-12,6.7,21.14,AS-DHA-01
2015-02-13,10.7,21.6,AS-DHA-01
2015-02-14,0.3,21.65,AS-DHA-01
2015-02-15,0.0,21.44,AS-DHA-01
2015-02-16,0.0,21.29,AS-DHA-01
2015-02-17,0.0,21.23,AS-DHA-01
2015-02-18,3.3,21.14,AS-DHA-01
2015-02-19,11.1,21.54,AS-DHA-01
2015-02-20,0.0,22.39,AS-DHA-01
2015-02-21,7.1,23.55,AS-DHA-01
2015-02-22,0.0,24.54,AS-DHA-01
2015-02-23,0.0,25.31,AS-DHA-01
2015-02-24,0.0,23.95,AS-DHA-01
2015-02-25,3.2,22.5,AS-DHA-01
2015-02-26,3.4,21.75,AS-DHA-01
2015-02-27,14.6,22.34,AS-DHA-01
2015-02-28,1.4,22.45,AS-DHA-01
2015-03-01,0.0,21.96,AS-DHA-01
2015-03-02,0.1,21.29,AS-DHA-01
2015-03-03,1.5,20.89,AS-DHA-01
2015-03-04,0.1,20.54,AS-DHA-01
2015-03-05,1.2,20.44,AS-DHA-01
2015-03-06,0.0,20.29,AS-DHA-01
2015-03-07,0.0,20.05,AS-DHA-01
2015-03-08,0.0,19.76,AS-DHA-01
2015-03-09,0.0,19.47,AS-DHA-01
2015-03-10,0.0,19.19,AS-DHA-01
2015-03-11,0.0,18.91,AS-DHA-01
2015-03-12,0.0,18.73,AS-DHA-01
2015-03-13,0.0,18.5,AS-DHA-01
2015-03-14,0.0,18.37,AS-DHA-01
2015-03-15,0.0,18.19,AS-DHA-01
2015-03-16,0.0,18.06,AS-DHA-01
2015-03-17,0.7,17.88,AS-DHA-01
2015-03-18,2.1,17.88,AS-DHA-01
2015-03-19,0.9,17.75,AS-DHA-01
2015-03-20,0.0,17.67,AS-DHA-01
2015-03-21,0.0,17.5,AS-DHA-01
2015-03-22,0.0,17.28,AS-DHA-01
2015-03-23,0.0,17.03,AS-DHA-01
2015-03-24,0.0,16.87,AS-DHA-01
2015-03-25,1.1,17.03,AS-DHA-01
2015-03-26,0.0,17.67,AS-DHA-01
2015-03-27,2.2,18.24,AS-DHA-01
2015-03-28,8.0,18.68,AS-DHA-01
2015-03-29,0.0,19.14,AS-DHA-01
2015-03-30,19.6,20.59,AS-DHA-01
2015-03-31,37.7,24.71,AS-DHA-01
2015-04-01,56.2,67.25,AS-DHA-01
2015-04-02,59.4,173.21,AS-DHA-01
2015-04-03,28.1,183.11,AS-DHA-01
2015-04-04,31.2,161.59,AS-DHA-01
2015-04-05,50.7,214.32,AS-DHA-01
2015-04-06,24.7,222.92,AS-DHA-01
2015-04-07,3.8,186.96,AS-DHA-01
2015-04-08,11.3,156.79,AS-DHA-01
2015-04-09,14.3,140.28,AS-DHA-01
2015-04-10,20.0,136.43,AS-DHA-01
2015-04-11,0.1,125.5,AS-DHA-01
2015-04-12,0.0,113.84,AS-DHA-01
2015-04-13,0.0,102.29,AS-DHA-01
2015-04-14,0.0,92.56,AS-DHA-01
2015-04-15,0.0,84.92,AS-DHA-01
2015-04-16,3.6,78.26,AS-DHA-01
2015-04-17,52.0,94.74,AS-DHA-01
2015-04-18,67.7,155.71,AS-DHA-01
2015-04-19,13.1,153.2,AS-DHA-01
2015-04-20,15.9,160.47,AS-DHA-01
2015-04-21,25.4,230.78,AS-DHA-01
2015-04-22,98.0,630.07,AS-DHA-01
2015-04-23,57.7,694.16,AS-DHA-01
2015-04-24,9.6,515.52,AS-DHA-01
2015-04-25,8.5,399.02,AS-DHA-01
2015-04-26,19.6,346.6,AS-DHA-01
2015-04-27,7.1,313.11,AS-DHA-01
2015-04-28,4.0,289.46,AS-DHA-01
2015-04-29,22.3,282.85,AS-DHA-01
2015-04-30,8.6,276.38,AS-DHA-01
2015-05-01,15.5,272.58,AS-DHA-01
2015-05-02,16.5,267.58,AS-DHA-01
2015-05-03,4.7,258.47,AS-DHA-01
2015-05-04,3.6,245.65,AS-DHA-01
2015-05-05,5.7,230.25,AS-DHA-01
2015-05-06,14.9,219.84,AS-DHA-01
2015-05-07,4.8,208.45,AS-DHA-01
2015-05-08,2.5,195.38,AS-DHA-01
2015-05-09,0.0,183.54,AS-DHA-01
2015-05-10,9.4,173.21,AS-DHA-01
2015-05-11,20.0,174.02,AS-DHA-01
2015-05-12,22.0,190.47,AS-DHA-01
2015-05-13,14.2,197.19,AS-DHA-01
2015-05-14,17.9,211.36,AS-DHA-01
2015-05-15,25.0,226.03,AS-DHA-01
2015-05-16,18.3,237.28,AS-DHA-01
2015-05-17,22.7,245.08,AS-DHA-01
2015-05-18,6.5,234.55,AS-DHA-01
2015-05-19,0.4,221.37,AS-DHA-01
2015-05-20,17.6,214.32,AS-DHA-01
2015-05-21,45.1,215.81,AS-DHA-01
2015-05-22,23.9,212.35,AS-DHA-01
2015-05-23,29.4,222.4,AS-DHA-01
2015-05-24,30.6,239.48,AS-DHA-01
2015-05-25,30.1,253.14,AS-DHA-01
2015-05-26,8.2,242.27,AS-DHA-01
2015-05-27,24.6,247.37,AS-DHA-01
2015-05-28,26.0,260.87,AS-DHA-01
2015-05-29,18.4,334.8,AS-DHA-01
2015-05-30,39.7,513.14,AS-DHA-01
2015-05-31,40.3,526.33,AS-DHA-01
2015-06-01,10.0,457.23,AS-DHA-01
2015-06-02,6.4,398.1,AS-DHA-01
2015-06-03,14.1,357.99,AS-DHA-01
2015-06-04,13.0,329.43,AS-DHA-01
2015-06-05,21.7,311.67,AS-DHA-01
2015-06-06,28.3,296.91,AS-DHA-01
2015-06-07,16.5,284.82,AS-DHA-01
2015-06-08,24.3,279.6,AS-DHA-01
2015-06-09,67.1,347.4,AS-DHA-01
2015-06-10,138.3,567.95,AS-DHA-01
2015-06-11,64.1,793.48,AS-DHA-01
2015-06-12,59.2,1131.61,AS-DHA-01
2015-06-13,50.5,1085.63,AS-DHA-01
2015-06-14,39.1,896.6,AS-DHA-01
2015-06-15,42.1,829.0,AS-DHA-01
2015-06-16,50.0,795.3,AS-DHA-01
2015-06-17,55.2,762.98,AS-DHA-01
2015-06-18,58.1,762.98,AS-DHA-01
2015-06-19,24.4,718.59,AS-DHA-01
2015-06-20,31.6,844.44,AS-DHA-01
2015-06-21,43.9,938.9,AS-DHA-01
2015-06-22,47.2,956.37,AS-DHA-01
2015-06-23,42.3,1051.16,AS-DHA-01
2015-06-24,3.9,1003.8,AS-DHA-01
2015-06-25,47.6,938.9,AS-DHA-01
2015-06-26,40.6,934.58,AS-DHA-01
2015-06-27,9.3,1036.72,AS-DHA-01
2015-06-28,45.5,1060.89,AS-DHA-01
2015-06-29,14.9,958.58,AS-DHA-01
2015-06-30,9.9,850.3,AS-DHA-01
2015-07-01,7.9,770.05,AS-DHA-01
2015-07-02,13.5,708.71,AS-DHA-01
2015-07-03,17.6,662.86,AS-DHA-01
2015-07-04,40.2,718.59,AS-DHA-01
2015-07-05,11.4,866.12,AS-DHA-01
2015-07-06,3.3,906.99,AS-DHA-01
2015-07-07,8.3,844.44,AS-DHA-01
2015-07-08,3.2,868.12,AS-DHA-01
2015-07-09,12.4,943.24,AS-DHA-01
2015-07-10,2.8,904.9,AS-DHA-01
2015-07-11,12.2,811.98,AS-DHA-01
2015-07-12,8.3,738.74,AS-DHA-01
2015-07-13,22.5,689.37,AS-DHA-01
2015-07-14,31.9,669.01,AS-DHA-01
2015-07-15,63.4,900.74,AS-DHA-01
2015-07-16,2.0,1008.44,AS-DHA-01
2015-07-17,18.2,947.59,AS-DHA-01
2015-07-18,8.8,892.47,AS-DHA-01
2015-07-19,1.5,890.42,AS-DHA-01
2015-07-20,27.0,1080.64,AS-DHA-01
2015-07-21,28.9,1379.64,AS-DHA-01
2015-07-22,39.5,1382.83,AS-DHA-01
2015-07-23,56.3,1636.12,AS-DHA-01
2015-07-24,14.4,1632.36,AS-DHA-01
2015-07-25,0.0,1389.21,AS-DHA-01
2015-07-26,0.0,1179.54,AS-DHA-01
2015-07-27,0.0,1046.32,AS-DHA-01
2015-07-28,1.4,971.93,AS-DHA-01
2015-07-29,1.8,913.28,AS-DHA-01
2015-07-30,3.8,898.66,AS-DHA-01
2015-07-31,35.6,1348.21,AS-DHA-01
2015-08-01,12.2,1421.59,AS-DHA-01
2015-08-02,8.6,1209.82,AS-DHA-01
2015-08-03,6.3,1051.16,AS-DHA-01
2015-08-04,11.4,983.19,AS-DHA-01
2015-08-05,25.1,936.73,AS-DHA-01
2015-08-06,14.1,911.18,AS-DHA-01
2015-08-07,4.7,943.24,AS-DHA-01
2015-08-08,2.3,941.06,AS-DHA-01
2015-08-09,1.8,928.14,AS-DHA-01
2015-08-10,3.8,900.74,AS-DHA-01
2015-08-11,22.3,864.13,AS-DHA-01
2015-08-12,25.0,836.68,AS-DHA-01
2015-08-13,29.0,808.24,AS-DHA-01
2015-08-14,21.4,773.61,AS-DHA-01
2015-08-15,24.8,738.74,AS-DHA-01
2015-08-16,5.0,698.98,AS-DHA-01
2015-08-17,15.9,667.46,AS-DHA-01
2015-08-18,82.9,715.27,AS-DHA-01
2015-08-19,51.3,786.19,AS-DHA-01
2015-08-20,20.1,978.67,AS-DHA-01
2015-08-21,10.7,1060.89,AS-DHA-01
2015-08-22,27.8,1078.14,AS-DHA-01
2015-08-23,97.5,1095.68,AS-DHA-01
2015-08-24,22.3,1001.49,AS-DHA-01
2015-08-25,16.6,947.59,AS-DHA-01
2015-08-26,28.8,921.74,AS-DHA-01
2015-08-27,38.6,945.41,AS-DHA-01
2015-08-28,25.5,917.5,AS-DHA-01
2015-08-29,26.6,992.3,AS-DHA-01
2015-08-30,50.2,1068.25,AS-DHA-01
2015-08-31,34.9,1070.72,AS-DHA-01
2015-09-01,50.0,1204.25,AS-DHA-01
2015-09-02,49.9,1357.56,AS-DHA-01
2015-09-03,73.2,1576.9,AS-DHA-01
2015-09-04,61.8,1584.19,AS-DHA-01
2015-09-05,12.9,1376.46,AS-DHA-01
2015-09-06,19.8,1204.25,AS-DHA-01
2015-09-07,6.1,1088.13,AS-DHA-01
2015-09-08,4.7,994.59,AS-DHA-01
2015-09-09,13.5,923.87,AS-DHA-01
2015-09-10,22.3,958.58,AS-DHA-01
2015-09-11,28.8,976.42,AS-DHA-01
2015-09-12,14.7,928.14,AS-DHA-01
2015-09-13,11.9,874.15,AS-DHA-01
2015-09-14,36.2,846.38,AS-DHA-01
2015-09-15,32.1,840.56,AS-DHA-01
2015-09-16,11.6,825.19,AS-DHA-01
2015-09-17,0.2,789.82,AS-DHA-01
2015-09-18,0.0,742.16,AS-DHA-01
2015-09-19,51.8,909.08,AS-DHA-01
2015-09-20,11.7,930.28,AS-DHA-01
2015-09-21,27.8,850.3,AS-DHA-01
2015-09-22,53.7,815.74,AS-DHA-01
2015-09-23,29.8,777.18,AS-DHA-01
2015-09-24,52.6,829.0,AS-DHA-01
2015-09-25,2.8,821.4,AS-DHA-01
2015-09-26,0.6,749.03,AS-DHA-01
2015-09-27,0.3,681.46,AS-DHA-01
2015-09-28,0.2,625.73,AS-DHA-01
2015-09-29,0.1,579.87,AS-DHA-01
2015-09-30,2.0,539.85,AS-DHA-01
2015-10-01,9.0,504.92,AS-DHA-01
2015-10-02,7.7,479.93,AS-DHA-01
2015-10-03,2.0,458.29,AS-DHA-01
2015-10-04,0.0,435.6,AS-DHA-01
2015-10-05,0.9,417.87,AS-DHA-01
2015-10-06,1.2,409.28,AS-DHA-01
2015-10-07,20.6,486.62,AS-DHA-01
2015-10-08,8.0,583.9,AS-DHA-01
2015-10-09,4.1,567.95,AS-DHA-01
2015-10-10,31.5,511.95,AS-DHA-01
2015-10-11,7.6,473.34,AS-DHA-01
2015-10-12,0.1,449.91,AS-DHA-01
2015-10-13,2.1,423.7,AS-DHA-01
2015-10-14,2.4,400.87,AS-DHA-01
2015-10-15,0.9,383.67,AS-DHA-01
2015-10-16,0.2,365.5,AS-DHA-01
2015-10-17,1.3,349.01,AS-DHA-01
2015-10-18,0.0,332.48,AS-DHA-01
2015-10-19,0.0,311.67,AS-DHA-01
2015-10-20,0.0,290.12,AS-DHA-01
2015-10-21,0.2,268.2,AS-DHA-01
2015-10-22,10.3,249.08,AS-DHA-01
2015-10-23,18.7,232.93,AS-DHA-01
2015-10-24,0.1,220.35,AS-DHA-01
2015-10-25,0.0,206.53,AS-DHA-01
2015-10-26,0.0,191.34,AS-DHA-01
2015-10-27,0.0,176.46,AS-DHA-01
2015-10-28,0.0,162.71,AS-DHA-01
2015-10-29,0.0,150.39,AS-DHA-01
2015-10-30,0.0,138.99,AS-DHA-01
2015-10-31,0.3,128.75,AS-DHA-01
2015-11-01,0.1,121.48,AS-DHA-01
2015-11-02,0.2,117.87,AS-DHA-01
2015-11-03,3.2,115.7,AS-DHA-01
2015-11-04,15.4,112.52,AS-DHA-01
2015-11-05,3.3,108.17,AS-DHA-01
2015-11-06,0.0,102.29,AS-DHA-01
2015-11-07,0.0,94.74,AS-DHA-01
2015-11-08,0.0,87.73,AS-DHA-01
2015-11-09,0.0,81.43,AS-DHA-01
2015-11-10,0.0,75.75,AS-DHA-01
2015-11-11,0.0,70.96,AS-DHA-01
2015-11-12,0.0,66.62,AS-DHA-01
2015-11-13,0.0,63.14,AS-DHA-01
2015-11-14,0.0,59.82,AS-DHA-01
2015-11-15,0.0,57.09,AS-DHA-01
2015-11-16,2.0,55.24,AS-DHA-01
2015-11-17,0.9,54.47,AS-DHA-01
2015-11-18,0.0,53.47,AS-DHA-01
2015-11-19,0.0,51.73,AS-DHA-01
2015-11-20,0.0,50.18,AS-DHA-01
2015-11-21,0.0,48.79,AS-DHA-01
2015-11-22,0.0,47.43,AS-DHA-01
2015-11-23,0.0,46.32,AS-DHA-01
2015-11-24,0.0,45.57,AS-DHA-01
2015-11-25,0.0,44.93,AS-DHA-01
2015-11-26,0.0,44.51,AS-DHA-01
2015-11-27,0.0,44.2,AS-DHA-01
2015-11-28,0.0,43.89,AS-DHA-01
2015-11-29,0.0,43.58,AS-DHA-01
2015-11-30,0.0,43.27,AS-DHA-01
2015-12-01,0.0,42.86,AS-DHA-01
2015-12-02,1.3,42.66,AS-DHA-01
2015-12-03,20.0,44.41,AS-DHA-01
2015-12-04,2.2,47.99,AS-DHA-01
2015-12-05,0.0,49.25,AS-DHA-01
2015-12-06,0.0,46.98,AS-DHA-01
2015-12-07,0.0,44.72,AS-DHA-01
2015-12-08,0.0,43.27,AS-DHA-01
2015-12-09,0.0,42.46,AS-DHA-01
2015-12-10,1.7,42.06,AS-DHA-01
2015-12-11,1.7,42.76,AS-DHA-01
2015-12-12,14.1,45.57,AS-DHA-01
2015-12-13,2.8,49.82,AS-DHA-01
2015-12-14,1.7,51.86,AS-DHA-01
2015-12-15,0.5,49.82,AS-DHA-01
2015-12-16,0.0,47.21,AS-DHA-01
2015-12-17,0.0,44.72,AS-DHA-01
2015-12-18,2.7,42.86,AS-DHA-01
2015-12-19,0.8,41.86,AS-DHA-01
2015-12-20,0.0,41.18,AS-DHA-01
2015-12-21,0.0,40.69,AS-DHA-01
2015-12-22,0.0,40.21,AS-DHA-01
2015-12-23,0.0,39.85,AS-DHA-01
2015-12-24,0.0,39.47,AS-DHA-01
2015-12-25,0.0,39.19,AS-DHA-01
2015-12-26,0.0,38.82,AS-DHA-01
2015-12-27,0.0,38.55,AS-DHA-01
2015-12-28,0.0,38.18,AS-DHA-01
2015-12-29,0.0,37.91,AS-DHA-01
2015-12-30,0.0,37.74,AS-DHA-01
2015-12-31,0.0,37.47,AS-DHA-01
2016-01-01,0.0,37.2,AS-DHA-01
2016-01-02,0.0,36.94,AS-DHA-01
2016-01-03,0.0,36.59,AS-DHA-01
2016-01-04,0.0,36.42,AS-DHA-01
2016-01-05,0.0,36.16,AS-DHA-01
2016-01-06,0.0,35.82,AS-DHA-01
2016-01-07,0.0,35.56,AS-DHA-01
2016-01-08,2.1,35.48,AS-DHA-01
2016-01-09,16.5,37.91,AS-DHA-01
2016-01-10,0.0,42.26,AS-DHA-01
2016-01-11,0.0,43.78,AS-DHA-01
2016-01-12,0.0,41.27,AS-DHA-01
2016-01-13,0.0,38.73,AS-DHA-01
2016-01-14,0.0,36.94,AS-DHA-01
2016-01-15,0.3,35.9,AS-DHA-01
2016-01-16,1.4,35.24,AS-DHA-01
2016-01-17,0.0,34.9,AS-DHA-01
2016-01-18,0.0,34.41,AS-DHA-01
2016-01-19,0.4,34.01,AS-DHA-01
2016-01-20,11.2,34.82,AS-DHA-01
2016-01-21,2.5,40.12,AS-DHA-01
2016-01-22,0.1,44.93,AS-DHA-01
2016-01-23,0.0,42.76,AS-DHA-01
2016-01-24,0.0,38.73,AS-DHA-01
2016-01-25,0.5,35.9,AS-DHA-01
2016-01-26,0.9,34.58,AS-DHA-01
2016-01-27,3.7,34.74,AS-DHA-01
2016-01-28,0.0,35.4,AS-DHA-01
2016-01-29,0.0,35.15,AS-DHA-01
2016-01-30,0.6,34.01,AS-DHA-01
2016-01-31,1.0,33.52,AS-DHA-01
2016-02-01,2.4,34.41,AS-DHA-01
2016-02-02,0.8,36.42,AS-DHA-01
2016-02-03,0.6,37.29,AS-DHA-01
2016-02-04,0.0,36.5,AS-DHA-01
2016-02-05,0.0,35.32,AS-DHA-01
2016-02-06,0.0,34.09,AS-DHA-01
2016-02-07,0.0,32.66,AS-DHA-01
2016-02-08,7.7,31.74,AS-DHA-01
2016-02-09,24.6,34.74,AS-DHA-01
2016-02-10,8.1,37.91,AS-DHA-01
2016-02-11,7.1,40.6,AS-DHA-01
2016-02-12,5.8,41.76,AS-DHA-01
2016-02-13,0.8,41.96,AS-DHA-01
2016-02-14,0.0,40.89,AS-DHA-01
2016-02-15,0.0,38.55,AS-DHA-01
2016-02-16,0.0,36.33,AS-DHA-01
2016-02-17,0.7,34.66,AS-DHA-01
2016-02-18,4.5,33.92,AS-DHA-01
2016-02-19,3.7,35.4,AS-DHA-01
2016-02-20,9.4,40.12,AS-DHA-01
2016-02-21,7.6,46.65,AS-DHA-01
2016-02-22,1.9,51.98,AS-DHA-01
2016-02-23,1.8,53.97,AS-DHA-01
2016-02-24,6.2,51.61,AS-DHA-01
2016-02-25,3.0,49.37,AS-DHA-01
2016-02-26,0.0,48.22,AS-DHA-01
2016-02-27,0.0,46.32,AS-DHA-01
2016-02-28,0.0,43.58,AS-DHA-01
2016-02-29,0.0,40.69,AS-DHA-01
2016-03-01,1.8,38.55,AS-DHA-01
2016-03-02,0.0,37.65,AS-DHA-01
2016-03-03,2.1,37.38,AS-DHA-01
2016-03-04,2.5,38.37,AS-DHA-01
2016-03-05,0.0,40.5,AS-DHA-01
2016-03-06,1.3,41.27,AS-DHA-01
2016-03-07,8.4,41.18,AS-DHA-01
2016-03-08,8.9,43.27,AS-DHA-01
2016-03-09,12.1,48.33,AS-DHA-01
2016-03-10,8.3,55.37,AS-DHA-01
2016-03-11,3.4,60.67,AS-DHA-01
2016-03-12,1.3,61.24,AS-DHA-01
2016-03-13,1.7,59.26,AS-DHA-01
2016-03-14,0.7,57.63,AS-DHA-01
2016-03-15,0.9,55.5,AS-DHA-01
2016-03-16,1.3,52.35,AS-DHA-01
2016-03-17,0.0,49.13,AS-DHA-01
2016-03-18,0.1,46.11,AS-DHA-01
2016-03-19,5.1,47.77,AS-DHA-01
2016-03-20,12.1,60.25,AS-DHA-01
2016-03-21,32.2,98.1,AS-DHA-01
2016-03-22,6.0,107.91,AS-DHA-01
2016-03-23,0.4,98.1,AS-DHA-01
2016-03-24,0.0,86.92,AS-DHA-01
2016-03-25,0.0,78.45,AS-DHA-01
2016-03-26,0.0,70.63,AS-DHA-01
2016-03-27,9.7,67.41,AS-DHA-01
2016-03-28,22.2,76.64,AS-DHA-01
2016-03-29,15.6,88.55,AS-DHA-01
2016-03-30,8.6,104.95,AS-DHA-01
2016-03-31,14.3,118.42,AS-DHA-01
2016-04-01,5.0,117.87,AS-DHA-01
2016-04-02,0.0,114.37,AS-DHA-01
2016-04-03,10.0,110.71,AS-DHA-01
2016-04-04,20.7,116.78,AS-DHA-01
2016-04-05,67.0,362.15,AS-DHA-01
2016-04-06,43.3,546.12,AS-DHA-01
2016-04-07,50.3,537.37,AS-DHA-01
2016-04-08,22.4,433.59,AS-DHA-01
2016-04-09,44.1,434.6,AS-DHA-01
2016-04-10,16.1,422.72,AS-DHA-01
2016-04-11,32.4,423.7,AS-DHA-01
2016-04-12,2.3,373.18,AS-DHA-01
2016-04-13,7.1,323.4,AS-DHA-01
2016-04-14,38.8,381.01,AS-DHA-01
2016-04-15,36.7,474.42,AS-DHA-01
2016-04-16,82.6,882.25,AS-DHA-01
2016-04-17,29.3,1103.28,AS-DHA-01
2016-04-18,53.7,1415.06,AS-DHA-01
2016-04-19,68.9,1882.99,AS-DHA-01
2016-04-20,120.2,1967.25,AS-DHA-01
2016-04-21,158.2,2465.49,AS-DHA-01
2016-04-22,43.1,2876.93,AS-DHA-01
2016-04-23,93.7,2964.38,AS-DHA-01
2016-04-24,8.4,2381.76,AS-DHA-01
2016-04-25,26.5,1810.68,AS-DHA-01
2016-04-26,31.4,1591.5,AS-DHA-01
2016-04-27,47.5,1519.82,AS-DHA-01
2016-04-28,12.0,1370.13,AS-DHA-01
2016-04-29,10.6,1229.5,AS-DHA-01
2016-04-30,40.4,1204.25,AS-DHA-01
2016-05-01,28.4,1190.46,AS-DHA-01
2016-05-02,0.7,1098.21,AS-DHA-01
2016-05-03,1.2,1006.12,AS-DHA-01
2016-05-04,15.3,941.06,AS-DHA-01
2016-05-05,25.7,900.74,AS-DHA-01
2016-05-06,20.6,858.17,AS-DHA-01
2016-05-07,10.7,808.24,AS-DHA-01
2016-05-08,3.6,761.22,AS-DHA-01
2016-05-09,0.5,715.27,AS-DHA-01
2016-05-10,0.8,670.56,AS-DHA-01
2016-05-11,16.3,632.99,AS-DHA-01
2016-05-12,36.7,628.63,AS-DHA-01
2016-05-13,46.7,678.33,AS-DHA-01
2016-05-14,56.6,764.74,AS-DHA-01
2016-05-15,76.3,1006.12,AS-DHA-01
2016-05-16,126.8,1221.03,AS-DHA-01
2016-05-17,46.0,1105.83,AS-DHA-01
2016-05-18,35.6,1024.85,AS-DHA-01
2016-05-19,5.5,904.9,AS-DHA-01
2016-05-20,15.9,941.06,AS-DHA-01
2016-05-21,42.8,1685.86,AS-DHA-01
2016-05-22,5.6,1595.18,AS-DHA-01
2016-05-23,0.0,1223.84,AS-DHA-01
2016-05-24,27.7,1017.78,AS-DHA-01
2016-05-25,55.0,938.9,AS-DHA-01
2016-05-26,19.9,862.14,AS-DHA-01
2016-05-27,7.8,793.48,AS-DHA-01
2016-05-28,16.5,735.34,AS-DHA-01
2016-05-29,19.1,698.98,AS-DHA-01
2016-05-30,18.9,665.93,AS-DHA-01
2016-05-31,12.6,637.38,AS-DHA-01
2016-06-01,2.4,607.25,AS-DHA-01
2016-06-02,1.0,574.55,AS-DHA-01
2016-06-03,5.3,537.37,AS-DHA-01
2016-06-04,9.8,506.09,AS-DHA-01
2016-06-05,34.2,519.09,AS-DHA-01
2016-06-06,16.9,516.7,AS-DHA-01
2016-06-07,38.9,556.29,AS-DHA-01
2016-06-08,33.9,582.55,AS-DHA-01
2016-06-09,13.0,643.28,AS-DHA-01
2016-06-10,22.6,764.74,AS-DHA-01
2016-06-11,13.1,742.16,AS-DHA-01
2016-06-12,13.6,673.65,AS-DHA-01
2016-06-13,23.9,710.34,AS-DHA-01
2016-06-14,19.1,735.34,AS-DHA-01
2016-06-15,14.4,844.44,AS-DHA-01
2016-06-16,26.9,1039.11,AS-DHA-01
2016-06-17,69.5,1351.32,AS-DHA-01
2016-06-18,30.6,1296.42,AS-DHA-01
2016-06-19,20.1,1090.65,AS-DHA-01
2016-06-20,15.1,930.28,AS-DHA-01
2016-06-21,15.0,832.83,AS-DHA-01
2016-06-22,29.3,791.65,AS-DHA-01
2016-06-23,13.6,752.49,AS-DHA-01
2016-06-24,41.5,728.59,AS-DHA-01
2016-06-25,35.6,750.77,AS-DHA-01
2016-06-26,7.6,757.72,AS-DHA-01
2016-06-27,17.9,738.74,AS-DHA-01
2016-06-28,21.7,707.08,AS-DHA-01
2016-06-29,41.5,695.75,AS-DHA-01
2016-06-30,52.8,700.58,AS-DHA-01
2016-07-01,22.9,702.2,AS-DHA-01
2016-07-02,20.6,941.06,AS-DHA-01
2016-07-03,17.4,1147.37,AS-DHA-01
2016-07-04,12.7,1046.32,AS-DHA-01
2016-07-05,15.7,923.87,AS-DHA-01
2016-07-06,17.8,898.66,AS-DHA-01
2016-07-07,12.8,926.01,AS-DHA-01
2016-07-08,50.9,911.18,AS-DHA-01
2016-07-09,24.9,1075.67,AS-DHA-01
2016-07-10,13.9,1113.5,AS-DHA-01
2016-07-11,21.1,1083.13,AS-DHA-01
2016-07-12,44.8,1075.67,AS-DHA-01
2016-07-13,11.9,985.46,AS-DHA-01
2016-07-14,29.4,906.99,AS-DHA-01
2016-07-15,22.2,848.34,AS-DHA-01
2016-07-16,8.3,795.3,AS-DHA-01
2016-07-17,23.9,757.72,AS-DHA-01
2016-07-18,12.4,718.59,AS-DHA-01
2016-07-19,31.3,690.96,AS-DHA-01
2016-07-20,31.8,675.21,AS-DHA-01
2016-07-21,29.7,661.34,AS-DHA-01
2016-07-22,27.9,647.76,AS-DHA-01
2016-07-23,30.7,655.27,AS-DHA-01
2016-07-24,33.5,956.37,AS-DHA-01
2016-07-25,35.9,1168.72,AS-DHA-01
2016-07-26,1.4,1056.01,AS-DHA-01
2016-07-27,10.4,913.28,AS-DHA-01
2016-07-28,4.8,827.09,AS-DHA-01
2016-07-29,5.2,797.14,AS-DHA-01
2016-07-30,4.1,762.98,AS-DHA-01
2016-07-31,1.3,721.91,AS-DHA-01
2016-08-01,2.3,681.46,AS-DHA-01
2016-08-02,0.0,641.81,AS-DHA-01
2016-08-03,26.9,611.46,AS-DHA-01
2016-08-04,23.0,679.9,AS-DHA-01
2016-08-05,30.8,773.61,AS-DHA-01
2016-08-06,37.6,862.14,AS-DHA-01
2016-08-07,18.5,840.56,AS-DHA-01
2016-08-08,14.3,766.5,AS-DHA-01
2016-08-09,18.5,750.77,AS-DHA-01
2016-08-10,13.2,759.47,AS-DHA-01
2016-08-11,8.7,745.59,AS-DHA-01
2016-08-12,25.9,707.08,AS-DHA-01
2016-08-13,37.7,689.37,AS-DHA-01
2016-08-14,17.2,662.86,AS-DHA-01
2016-08-15,24.6,659.82,AS-DHA-01
2016-08-16,0.0,649.25,AS-DHA-01
2016-08-17,17.7,634.45,AS-DHA-01
2016-08-18,4.1,614.29,AS-DHA-01
2016-08-19,0.5,574.55,AS-DHA-01
2016-08-20,0.0,533.67,AS-DHA-01
2016-08-21,24.9,541.1,AS-DHA-01
2016-08-22,0.2,547.38,AS-DHA-01
2016-08-23,0.3,515.52,AS-DHA-01
2016-08-24,0.0,477.72,AS-DHA-01
2016-08-25,0.0,475.52,AS-DHA-01
2016-08-26,5.8,482.15,AS-DHA-01
2016-08-27,14.4,461.47,AS-DHA-01
2016-08-28,16.0,437.61,AS-DHA-01
2016-08-29,26.4,431.59,AS-DHA-01
2016-08-30,29.6,436.6,AS-DHA-01
2016-08-31,22.1,432.59,AS-DHA-01
2016-09-01,13.9,431.59,AS-DHA-01
2016-09-02,48.0,460.4,AS-DHA-01
2016-09-03,42.9,453.03,AS-DHA-01
2016-09-04,16.1,458.29,AS-DHA-01
2016-09-05,18.1,479.93,AS-DHA-01
2016-09-06,24.9,488.87,AS-DHA-01
2016-09-07,41.3,516.7,AS-DHA-01
2016-09-08,42.9,542.35,AS-DHA-01
2016-09-09,41.6,583.9,AS-DHA-01
2016-09-10,18.5,621.41,AS-DHA-01
2016-09-11,7.5,605.84,AS-DHA-01
2016-09-12,1.6,578.53,AS-DHA-01
2016-09-13,5.7,579.87,AS-DHA-01
2016-09-14,6.2,579.87,AS-DHA-01
2016-09-15,34.0,566.65,AS-DHA-01
2016-09-16,46.3,574.55,AS-DHA-01
2016-09-17,24.4,574.55,AS-DHA-01
2016-09-18,24.6,573.22,AS-DHA-01
2016-09-19,38.8,604.46,AS-DHA-01
2016-09-20,21.4,662.86,AS-DHA-01
2016-09-21,18.0,675.21,AS-DHA-01
2016-09-22,26.2,649.25,AS-DHA-01
2016-09-23,49.4,656.78,AS-DHA-01
2016-09-24,28.4,644.77,AS-DHA-01
2016-09-25,20.5,625.73,AS-DHA-01
2016-09-26,19.1,612.88,AS-DHA-01
2016-09-27,4.7,583.9,AS-DHA-01
2016-09-28,0.0,548.65,AS-DHA-01
2016-09-29,15.1,525.12,AS-DHA-01
2016-09-30,9.4,507.25,AS-DHA-01
2016-10-01,1.5,483.26,AS-DHA-01
2016-10-02,1.6,456.17,AS-DHA-01
2016-10-03,0.0,430.6,AS-DHA-01
2016-10-04,0.3,409.28,AS-DHA-01
2016-10-05,2.4,393.53,AS-DHA-01
2016-10-06,8.1,377.51,AS-DHA-01
2016-10-07,29.8,389.91,AS-DHA-01
2016-10-08,36.1,411.18,AS-DHA-01
2016-10-09,58.2,427.63,AS-DHA-01
2016-10-10,45.5,459.35,AS-DHA-01
2016-10-11,18.7,500.28,AS-DHA-01
2016-10-12,35.9,541.1,AS-DHA-01
2016-10-13,4.0,516.7,AS-DHA-01
2016-10-14,0.2,477.72,AS-DHA-01
2016-10-15,0.0,441.67,AS-DHA-01
2016-10-16,0.0,410.23,AS-DHA-01
2016-10-17,0.0,381.9,AS-DHA-01
2016-10-18,0.0,357.99,AS-DHA-01
2016-10-19,0.0,334.03,AS-DHA-01
2016-10-20,0.0,310.95,AS-DHA-01
2016-10-21,0.0,288.79,AS-DHA-01
2016-10-22,0.0,268.2,AS-DHA-01
2016-10-23,0.0,249.08,AS-DHA-01
2016-10-24,0.0,230.78,AS-DHA-01
2016-10-25,0.1,214.81,AS-DHA-01
2016-10-26,0.7,207.49,AS-DHA-01
2016-10-27,22.0,387.23,AS-DHA-01
2016-10-28,0.1,534.89,AS-DHA-01
2016-10-29,0.0,459.35,AS-DHA-01
2016-10-30,0.0,386.33,AS-DHA-01
2016-10-31,0.0,337.91,AS-DHA-01
2016-11-01,0.0,303.85,AS-DHA-01
2016-11-02,0.0,274.48,AS-DHA-01
2016-11-03,0.0,251.4,AS-DHA-01
2016-11-04,0.0,233.46,AS-DHA-01
2016-11-05,0.9,224.98,AS-DHA-01
2016-11-06,2.7,341.05,AS-DHA-01
2016-11-07,2.1,479.93,AS-DHA-01
2016-11-08,0.0,440.65,AS-DHA-01
2016-11-09,0.0,374.05,AS-DHA-01
2016-11-10,0.0,322.66,AS-DHA-01
2016-11-11,0.0,287.46,AS-DHA-01
2016-11-12,0.1,262.07,AS-DHA-01
2016-11-13,0.0,241.15,AS-DHA-01
2016-11-14,0.0,222.4,AS-DHA-01
2016-11-15,0.0,205.57,AS-DHA-01
2016-11-16,0.0,189.59,AS-DHA-01
2016-11-17,0.0,175.64,AS-DHA-01
2016-11-18,0.0,162.71,AS-DHA-01
2016-11-19,0.0,151.09,AS-DHA-01
2016-11-20,0.0,140.28,AS-DHA-01
2016-11-21,0.0,130.85,AS-DHA-01
2016-11-22,0.0,121.77,AS-DHA-01
2016-11-23,0.0,113.84,AS-DHA-01
2016-11-24,0.0,106.42,AS-DHA-01
2016-11-25,0.0,99.72,AS-DHA-01
2016-11-26,0.0,93.64,AS-DHA-01
2016-11-27,0.0,88.35,AS-DHA-01
2016-11-28,0.0,83.54,AS-DHA-01
2016-11-29,0.0,79.37,AS-DHA-01
2016-11-30,0.0,75.75,AS-DHA-01
2016-12-01,0.2,72.47,AS-DHA-01
2016-12-02,0.0,69.81,AS-DHA-01
2016-12-03,0.0,67.41,AS-DHA-01
2016-12-04,0.0,65.39,AS-DHA-01
2016-12-05,0.0,63.44,AS-DHA-01
2016-12-06,0.0,61.53,AS-DHA-01
2016-12-07,0.0,59.96,AS-DHA-01
2016-12-08,0.0,58.58,AS-DHA-01
2016-12-09,0.0,57.36,AS-DHA-01
2016-12-10,0.0,56.29,AS-DHA-01
2016-12-11,0.0,55.37,AS-DHA-01
2016-12-12,0.0,54.6,AS-DHA-01
2016-12-13,0.0,53.97,AS-DHA-01
2016-12-14,0.0,53.47,AS-DHA-01
2016-12-15,0.0,52.97,AS-DHA-01
2016-12-16,0.0,52.59,AS-DHA-01
2016-12-17,0.0,52.35,AS-DHA-01
2016-12-18,0.0,51.98,AS-DHA-01
2016-12-19,1.2,51.86,AS-DHA-01
2016-12-20,0.4,51.86,AS-DHA-01
2016-12-21,0.0,51.86,AS-DHA-01
2016-12-22,0.0,51.49,AS-DHA-01
2016-12-23,0.4,51.01,AS-DHA-01
2016-12-24,1.9,50.53,AS-DHA-01
2016-12-25,0.7,50.29,AS-DHA-01
2016-12-26,6.5,50.41,AS-DHA-01
2016-12-27,0.1,51.13,AS-DHA-01
2016-12-28,0.0,51.86,AS-DHA-01
2016-12-29,0.0,50.89,AS-DHA-01
2016-12-30,0.0,49.71,AS-DHA-01
2016-12-31,0.0,49.13,AS-DHA-01
2017-01-01,0.2,48.67,AS-DHA-01
2017-01-02,0.0,48.33,AS-DHA-01
2017-01-03,0.1,47.99,AS-DHA-01
2017-01-04,0.2,47.88,AS-DHA-01
2017-01-05,0.2,48.1,AS-DHA-01
2017-01-06,0.0,48.22,AS-DHA-01
2017-01-07,0.0,47.65,AS-DHA-01
2017-01-08,0.0,46.98,AS-DHA-01
2017-01-09,0.0,46.54,AS-DHA-01
2017-01-10,0.1,46.22,AS-DHA-01
2017-01-11,0.0,45.89,AS-DHA-01
2017-01-12,0.0,45.78,AS-DHA-01
2017-01-13,0.0,45.46,AS-DHA-01
2017-01-14,0.0,45.14,AS-DHA-01
2017-01-15,0.0,44.82,AS-DHA-01
2017-01-16,0.0,44.51,AS-DHA-01
2017-01-17,0.0,44.2,AS-DHA-01
2017-01-18,0.0,43.89,AS-DHA-01
2017-01-19,0.0,43.58,AS-DHA-01
2017-01-20,0.0,43.27,AS-DHA-01
2017-01-21,0.0,42.97,AS-DHA-01
2017-01-22,0.0,42.66,AS-DHA-01
2017-01-23,0.0,42.36,AS-DHA-01
2017-01-24,0.0,42.06,AS-DHA-01
2017-01-25,0.0,41.86,AS-DHA-01
2017-01-26,0.0,41.57,AS-DHA-01
2017-01-27,0.0,41.27,AS-DHA-01
2017-01-28,4.9,41.86,AS-DHA-01
2017-01-29,0.0,42.46,AS-DHA-01
2017-01-30,0.0,42.36,AS-DHA-01
2017-01-31,6.4,41.57,AS-DHA-01
2017-02-01,0.2,41.08,AS-DHA-01
2017-02-02,0.0,40.79,AS-DHA-01
2017-02-03,0.0,40.41,AS-DHA-01
2017-02-04,0.0,40.03,AS-DHA-01
2017-02-05,0.0,39.75,AS-DHA-01
2017-02-06,0.0,39.38,AS-DHA-01
2017-02-07,0.1,38.37,AS-DHA-01
2017-02-08,0.0,37.38,AS-DHA-01
2017-02-09,0.3,36.94,AS-DHA-01
2017-02-10,0.1,36.59,AS-DHA-01
2017-02-11,0.0,36.25,AS-DHA-01
2017-02-12,0.0,35.99,AS-DHA-01
2017-02-13,0.0,35.73,AS-DHA-01
2017-02-14,0.0,35.48,AS-DHA-01
2017-02-15,0.0,35.24,AS-DHA-01
2017-02-16,0.0,34.99,AS-DHA-01
2017-02-17,0.0,34.82,AS-DHA-01
2017-02-18,0.0,34.66,AS-DHA-01
2017-02-19,0.4,34.49,AS-DHA-01
2017-02-20,37.2,40.03,AS-DHA-01
2017-02-21,11.5,54.22,AS-DHA-01
2017-02-22,6.2,59.4,AS-DHA-01
2017-02-23,2.4,57.49,AS-DHA-01
2017-02-24,0.7,53.34,AS-DHA-01
2017-02-25,0.0,49.13,AS-DHA-01
2017-02-26,0.0,45.14,AS-DHA-01
2017-02-27,0.0,42.16,AS-DHA-01
2017-02-28,0.0,40.03,AS-DHA-01
2017-03-01,0.8,38.46,AS-DHA-01
2017-03-02,1.1,37.29,AS-DHA-01
2017-03-03,1.4,36.68,AS-DHA-01
2017-03-04,0.3,37.38,AS-DHA-01
2017-03-05,12.8,48.9,AS-DHA-01
2017-03-06,2.9,51.25,AS-DHA-01
2017-03-07,0.1,49.37,AS-DHA-01
2017-03-08,1.1,46.32,AS-DHA-01
2017-03-09,0.4,45.14,AS-DHA-01
2017-03-10,5.0,46.76,AS-DHA-01
2017-03-11,17.3,141.26,AS-DHA-01
2017-03-12,1.5,167.68,AS-DHA-01
2017-03-13,0.9,134.85,AS-DHA-01
2017-03-14,0.0,107.91,AS-DHA-01
2017-03-15,0.0,88.97,AS-DHA-01
2017-03-16,0.0,75.75,AS-DHA-01
2017-03-17,0.8,66.78,AS-DHA-01
2017-03-18,10.2,98.33,AS-DHA-01
2017-03-19,3.1,102.29,AS-DHA-01
2017-03-20,3.4,94.74,AS-DHA-01
2017-03-21,0.0,94.08,AS-DHA-01
2017-03-22,0.0,91.28,AS-DHA-01
2017-03-23,0.0,81.43,AS-DHA-01
2017-03-24,5.4,72.13,AS-DHA-01
2017-03-25,10.1,68.2,AS-DHA-01
2017-03-26,7.6,68.83,AS-DHA-01
2017-03-27,2.9,72.3,AS-DHA-01
2017-03-28,13.3,98.1,AS-DHA-01
2017-03-29,44.3,304.55,AS-DHA-01
2017-03-30,12.9,604.46,AS-DHA-01
2017-03-31,37.8,1100.74,AS-DHA-01
2017-04-01,47.1,1512.84,AS-DHA-01
2017-04-02,63.5,1495.52,AS-DHA-01
2017-04-03,51.0,1223.84,AS-DHA-01
2017-04-04,40.3,1136.84,AS-DHA-01
2017-04-05,0.0,963.01,AS-DHA-01
2017-04-06,0.1,766.5,AS-DHA-01
2017-04-07,6.3,652.26,AS-DHA-01
2017-04-08,2.6,581.22,AS-DHA-01
2017-04-09,1.5,529.99,AS-DHA-01
2017-04-10,0.3,483.26,AS-DHA-01
2017-04-11,0.0,442.69,AS-DHA-01
2017-04-12,0.0,406.46,AS-DHA-01
2017-04-13,0.0,374.05,AS-DHA-01
2017-04-14,0.4,345.01,AS-DHA-01
2017-04-15,5.0,318.95,AS-DHA-01
2017-04-16,11.1,299.66,AS-DHA-01
2017-04-17,0.0,286.79,AS-DHA-01
2017-04-18,0.2,274.48,AS-DHA-01
2017-04-19,30.9,301.75,AS-DHA-01
2017-04-20,48.2,362.15,AS-DHA-01
2017-04-21,3.9,438.62,AS-DHA-01
2017-04-22,17.5,603.06,AS-DHA-01
2017-04-23,5.5,647.76,AS-DHA-01
2017-04-24,31.8,567.95,AS-DHA-01
2017-04-25,5.4,531.2,AS-DHA-01
2017-04-26,6.7,482.15,AS-DHA-01
2017-04-27,2.0,434.6,AS-DHA-01
2017-04-28,1.4,402.73,AS-DHA-01
2017-04-29,11.3,393.53,AS-DHA-01
2017-04-30,10.8,392.63,AS-DHA-01
2017-05-01,1.3,377.51,AS-DHA-01
2017-05-02,2.9,355.52,AS-DHA-01
2017-05-03,0.2,330.96,AS-DHA-01
2017-05-04,10.5,307.38,AS-DHA-01
2017-05-05,30.8,397.18,AS-DHA-01
2017-05-06,24.5,438.62,AS-DHA-01
2017-05-07,3.8,407.4,AS-DHA-01
2017-05-08,0.2,366.35,AS-DHA-01
2017-05-09,9.7,332.48,AS-DHA-01
2017-05-10,3.5,308.09,AS-DHA-01
2017-05-11,1.3,294.18,AS-DHA-01
2017-05-12,0.0,280.89,AS-DHA-01
2017-05-13,0.8,275.11,AS-DHA-01
2017-05-14,14.7,292.14,AS-DHA-01
2017-05-15,11.8,407.4,AS-DHA-01
2017-05-16,9.3,500.28,AS-DHA-01
2017-05-17,0.2,456.17,AS-DHA-01
2017-05-18,1.2,407.4,AS-DHA-01
2017-05-19,7.7,373.18,AS-DHA-01
2017-05-20,3.3,357.16,AS-DHA-01
2017-05-21,3.8,336.35,AS-DHA-01
2017-05-22,2.6,316.75,AS-DHA-01
2017-05-23,2.1,301.05,AS-DHA-01
2017-05-24,8.5,284.82,AS-DHA-01
2017-05-25,5.7,275.74,AS-DHA-01
2017-05-26,0.3,278.31,AS-DHA-01
2017-05-27,0.8,285.47,AS-DHA-01
2017-05-28,3.7,292.14,AS-DHA-01
2017-05-29,22.4,312.39,AS-DHA-01
2017-05-30,51.8,892.47,AS-DHA-01
2017-05-31,5.4,1123.82,AS-DHA-01
2017-06-01,5.1,921.74,AS-DHA-01
2017-06-02,15.3,771.82,AS-DHA-01
2017-06-03,14.5,840.56,AS-DHA-01
2017-06-04,2.2,793.48,AS-DHA-01
2017-06-05,3.1,687.78,AS-DHA-01
2017-06-06,0.0,607.25,AS-DHA-01
2017-06-07,0.6,547.38,AS-DHA-01
2017-06-08,8.7,506.09,AS-DHA-01
2017-06-09,1.3,479.93,AS-DHA-01
2017-06-10,2.6,482.15,AS-DHA-01
2017-06-11,29.2,503.75,AS-DHA-01
2017-06-12,9.4,1215.41,AS-DHA-01
2017-06-13,64.2,1701.47,AS-DHA-01
2017-06-14,3.5,1389.21,AS-DHA-01
2017-06-15,8.4,1098.21,AS-DHA-01
2017-06-16,19.7,1182.26,AS-DHA-01
2017-06-17,74.5,1495.52,AS-DHA-01
2017-06-18,5.1,1458.09,AS-DHA-01
2017-06-19,6.4,1290.46,AS-DHA-01
2017-06-20,4.5,1123.82,AS-DHA-01
2017-06-21,7.6,1036.72,AS-DHA-01
2017-06-22,11.6,990.02,AS-DHA-01
2017-06-23,8.0,956.37,AS-DHA-01
2017-06-24,24.8,967.46,AS-DHA-01
2017-06-25,12.9,951.97,AS-DHA-01
2017-06-26,12.4,919.62,AS-DHA-01
2017-06-27,6.1,890.42,AS-DHA-01
2017-06-28,24.8,978.67,AS-DHA-01
2017-06-29,20.1,1029.58,AS-DHA-01
2017-06-30,54.8,1078.14,AS-DHA-01
2017-07-01,19.5,1093.16,AS-DHA-01
2017-07-02,15.7,1075.67,AS-DHA-01
2017-07-03,38.6,1041.51,AS-DHA-01
2017-07-04,17.8,1320.54,AS-DHA-01
2017-07-05,3.5,1530.37,AS-DHA-01
2017-07-06,7.4,1474.98,AS-DHA-01
2017-07-07,33.2,1332.77,AS-DHA-01
2017-07-08,16.4,1207.04,AS-DHA-01
2017-07-09,82.1,1258.16,AS-DHA-01
2017-07-10,18.3,1338.93,AS-DHA-01
2017-07-11,25.6,1249.49,AS-DHA-01
2017-07-12,3.5,1139.46,AS-DHA-01
2017-07-13,11.7,1063.34,AS-DHA-01
2017-07-14,11.6,1006.12,AS-DHA-01
2017-07-15,12.4,1015.44,AS-DHA-01
2017-07-16,11.3,1001.49,AS-DHA-01
2017-07-17,1.4,932.43,AS-DHA-01
2017-07-18,3.4,1041.51,AS-DHA-01
2017-07-19,19.1,1290.46,AS-DHA-01
2017-07-20,37.5,1461.45,AS-DHA-01
2017-07-21,7.1,1408.55,AS-DHA-01
2017-07-22,12.1,1348.21,AS-DHA-01
2017-07-23,15.3,1639.89,AS-DHA-01
2017-07-24,13.4,1598.86,AS-DHA-01
2017-07-25,1.4,1424.87,AS-DHA-01
2017-07-26,3.7,1290.46,AS-DHA-01
2017-07-27,11.7,1171.41,AS-DHA-01
2017-07-28,11.1,1105.83,AS-DHA-01
2017-07-29,7.2,1058.45,AS-DHA-01
2017-07-30,2.3,1006.12,AS-DHA-01
2017-07-31,6.8,954.17,AS-DHA-01
2017-08-01,5.5,904.9,AS-DHA-01
2017-08-02,4.3,864.13,AS-DHA-01
2017-08-03,9.6,832.83,AS-DHA-01
2017-08-04,15.9,815.74,AS-DHA-01
2017-08-05,33.4,819.5,AS-DHA-01
2017-08-06,33.1,808.24,AS-DHA-01
2017-08-07,16.7,778.98,AS-DHA-01
2017-08-08,39.7,747.3,AS-DHA-01
2017-08-09,16.3,720.24,AS-DHA-01
2017-08-10,45.2,874.15,AS-DHA-01
2017-08-11,119.6,1218.21,AS-DHA-01
2017-08-12,67.7,1326.63,AS-DHA-01
2017-08-13,30.6,1281.57,AS-DHA-01
2017-08-14,4.9,1150.01,AS-DHA-01
2017-08-15,8.8,1043.91,AS-DHA-01
2017-08-16,7.1,969.69,AS-DHA-01
2017-08-17,13.6,928.14,AS-DHA-01
2017-08-18,14.1,890.42,AS-DHA-01
2017-08-19,2.5,876.16,AS-DHA-01
2017-08-20,7.0,874.15,AS-DHA-01
2017-08-21,6.3,888.36,AS-DHA-01
2017-08-22,7.4,874.15,AS-DHA-01
2017-08-23,9.0,823.29,AS-DHA-01
2017-08-24,0.8,778.98,AS-DHA-01
2017-08-25,6.7,762.98,AS-DHA-01
2017-08-26,36.4,868.12,AS-DHA-01
2017-08-27,9.0,886.32,AS-DHA-01
2017-08-28,11.0,848.34,AS-DHA-01
2017-08-29,6.0,808.24,AS-DHA-01
2017-08-30,16.9,759.47,AS-DHA-01
2017-08-31,20.5,725.24,AS-DHA-01
2017-09-01,16.5,725.24,AS-DHA-01
2017-09-02,71.6,715.27,AS-DHA-01
2017-09-03,27.2,770.05,AS-DHA-01
2017-09-04,6.3,773.61,AS-DHA-01
2017-09-05,3.3,725.24,AS-DHA-01
2017-09-06,6.7,669.01,AS-DHA-01
2017-09-07,12.7,628.63,AS-DHA-01
2017-09-08,6.9,604.46,AS-DHA-01
2017-09-09,36.3,589.31,AS-DHA-01
2017-09-10,14.1,649.25,AS-DHA-01
2017-09-11,29.7,725.24,AS-DHA-01
2017-09-12,14.4,768.27,AS-DHA-01
2017-09-13,12.4,759.47,AS-DHA-01
2017-09-14,5.3,716.93,AS-DHA-01
2017-09-15,0.3,675.21,AS-DHA-01
2017-09-16,0.6,632.99,AS-DHA-01
2017-09-17,10.0,593.4,AS-DHA-01
2017-09-18,2.1,583.9,AS-DHA-01
2017-09-19,61.3,627.18,AS-DHA-01
2017-09-20,8.8,655.27,AS-DHA-01
2017-09-21,7.8,641.81,AS-DHA-01
2017-09-22,2.9,601.67,AS-DHA-01
2017-09-23,3.5,560.15,AS-DHA-01
2017-09-24,4.8,522.7,AS-DHA-01
2017-09-25,0.7,491.13,AS-DHA-01
2017-09-26,0.5,468.98,AS-DHA-01
2017-09-27,7.7,484.38,AS-DHA-01
2017-09-28,15.7,546.12,AS-DHA-01
2017-09-29,24.3,614.29,AS-DHA-01
2017-09-30,8.7,655.27,AS-DHA-01
2017-10-01,13.4,646.26,AS-DHA-01
2017-10-02,7.6,625.73,AS-DHA-01
2017-10-03,3.1,583.9,AS-DHA-01
2017-10-04,0.8,543.61,AS-DHA-01
2017-10-05,0.0,509.6,AS-DHA-01
2017-10-06,0.5,487.74,AS-DHA-01
2017-10-07,10.0,490.0,AS-DHA-01
2017-10-08,11.0,490.0,AS-DHA-01
2017-10-09,2.6,478.82,AS-DHA-01
2017-10-10,0.2,461.47,AS-DHA-01
2017-10-11,0.5,449.91,AS-DHA-01
2017-10-12,6.7,441.67,AS-DHA-01
2017-10-13,6.8,431.59,AS-DHA-01
2017-10-14,6.6,416.91,AS-DHA-01
2017-10-15,3.5,398.1,AS-DHA-01
2017-10-16,0.0,380.13,AS-DHA-01
2017-10-17,0.0,360.48,AS-DHA-01
2017-10-18,0.2,339.47,AS-DHA-01
2017-10-19,12.3,325.65,AS-DHA-01
2017-10-20,30.1,358.82,AS-DHA-01
2017-10-21,55.2,1029.58,AS-DHA-01
2017-10-22,1.3,1131.61,AS-DHA-01
2017-10-23,10.1,870.12,AS-DHA-01
2017-10-24,3.6,711.99,AS-DHA-01
2017-10-25,0.3,612.88,AS-DHA-01
2017-10-26,0.0,543.61,AS-DHA-01
2017-10-27,0.0,490.0,AS-DHA-01
2017-10-28,0.0,447.83,AS-DHA-01
2017-10-29,0.9,413.07,AS-DHA-01
2017-10-30,13.2,401.8,AS-DHA-01
2017-10-31,0.0,408.33,AS-DHA-01
2017-11-01,0.0,391.72,AS-DHA-01
2017-11-02,0.0,362.15,AS-DHA-01
2017-11-03,0.0,334.8,AS-DHA-01
2017-11-04,0.0,310.23,AS-DHA-01
2017-11-05,0.0,288.12,AS-DHA-01
2017-11-06,0.0,266.96,AS-DHA-01
2017-11-07,0.0,247.37,AS-DHA-01
2017-11-08,0.0,229.18,AS-DHA-01
2017-11-09,0.0,212.35,AS-DHA-01
2017-11-10,0.0,196.28,AS-DHA-01
2017-11-11,0.0,181.43,AS-DHA-01
2017-11-12,0.0,168.07,AS-DHA-01
2017-11-13,0.0,154.98,AS-DHA-01
2017-11-14,0.0,143.58,AS-DHA-01
2017-11-15,0.0,132.69,AS-DHA-01
2017-11-16,0.0,123.19,AS-DHA-01
2017-11-17,0.0,116.51,AS-DHA-01
2017-11-18,0.0,113.05,AS-DHA-01
2017-11-19,0.0,108.92,AS-DHA-01
2017-11-20,0.0,103.25,AS-DHA-01
2017-11-21,0.1,98.33,AS-DHA-01
2017-11-22,0.0,93.21,AS-DHA-01
2017-11-23,0.0,87.73,AS-DHA-01
2017-11-24,0.0,82.96,AS-DHA-01
2017-11-25,0.0,79.0,AS-DHA-01
2017-11-26,0.0,75.4,AS-DHA-01
2017-11-27,2.1,72.13,AS-DHA-01
2017-11-28,3.5,70.46,AS-DHA-01
2017-11-29,0.0,69.32,AS-DHA-01
2017-11-30,0.0,67.41,AS-DHA-01
2017-12-01,0.0,65.08,AS-DHA-01
2017-12-02,0.0,63.14,AS-DHA-01
2017-12-03,0.0,61.53,AS-DHA-01
2017-12-04,0.0,60.25,AS-DHA-01
2017-12-05,0.0,59.13,AS-DHA-01
2017-12-06,0.0,58.31,AS-DHA-01
2017-12-07,0.0,57.76,AS-DHA-01
2017-12-08,0.0,57.22,AS-DHA-01
2017-12-09,0.0,56.82,AS-DHA-01
2017-12-10,0.4,56.82,AS-DHA-01
2017-12-11,0.7,58.86,AS-DHA-01
2017-12-12,0.6,65.85,AS-DHA-01
2017-12-13,0.5,73.66,AS-DHA-01
2017-12-14,0.7,74.52,AS-DHA-01
2017-12-15,0.0,70.63,AS-DHA-01
2017-12-16,0.0,66.16,AS-DHA-01
2017-12-17,0.0,62.4,AS-DHA-01
2017-12-18,0.0,59.68,AS-DHA-01
2017-12-19,0.0,57.63,AS-DHA-01
2017-12-20,0.0,56.29,AS-DHA-01
2017-12-21,0.0,55.37,AS-DHA-01
2017-12-22,0.0,54.73,AS-DHA-01
2017-12-23,0.1,54.34,AS-DHA-01
2017-12-24,0.0,53.97,AS-DHA-01
2017-12-25,0.0,53.59,AS-DHA-01
2017-12-26,0.0,53.22,AS-DHA-01
2017-12-27,0.0,52.97,AS-DHA-01
2017-12-28,0.0,52.59,AS-DHA-01
2017-12-29,0.0,52.22,AS-DHA-01
2017-12-30,0.0,51.98,AS-DHA-01
2017-12-31,0.0,51.61,AS-DHA-01
2018-01-01,0.0,51.25,AS-DHA-01
2018-01-02,4.0,52.22,AS-DHA-01
2018-01-03,4.6,56.29,AS-DHA-01
2018-01-04,0.0,59.68,AS-DHA-01
2018-01-05,0.0,58.72,AS-DHA-01
2018-01-06,0.2,55.37,AS-DHA-01
2018-01-07,0.0,52.84,AS-DHA-01
2018-01-08,0.0,51.49,AS-DHA-01
2018-01-09,0.0,50.77,AS-DHA-01
2018-01-10,0.0,50.18,AS-DHA-01
2018-01-11,0.0,49.82,AS-DHA-01
2018-01-12,0.0,49.37,AS-DHA-01
2018-01-13,0.0,49.02,AS-DHA-01
2018-01-14,0.0,49.02,AS-DHA-01
2018-01-15,0.3,48.9,AS-DHA-01
2018-01-16,0.0,48.9,AS-DHA-01
2018-01-17,0.0,48.56,AS-DHA-01
2018-01-18,0.0,48.1,AS-DHA-01
2018-01-19,0.0,47.65,AS-DHA-01
2018-01-20,0.0,47.32,AS-DHA-01
2018-01-21,0.0,47.09,AS-DHA-01
2018-01-22,0.0,46.76,AS-DHA-01
2018-01-23,0.0,46.43,AS-DHA-01
2018-01-24,6.4,46.65,AS-DHA-01
2018-01-25,0.2,46.98,AS-DHA-01
2018-01-26,0.6,46.76,AS-DHA-01
2018-01-27,0.7,46.32,AS-DHA-01
2018-01-28,0.2,45.78,AS-DHA-01
2018-01-29,0.0,45.35,AS-DHA-01
2018-01-30,0.0,44.93,AS-DHA-01
2018-01-31,0.0,44.62,AS-DHA-01
2018-02-01,0.2,44.41,AS-DHA-01
2018-02-02,0.7,44.51,AS-DHA-01
2018-02-03,3.3,45.03,AS-DHA-01
2018-02-04,5.1,45.78,AS-DHA-01
2018-02-05,1.4,46.22,AS-DHA-01
2018-02-06,0.7,46.76,AS-DHA-01
2018-02-07,0.9,46.87,AS-DHA-01
2018-02-08,0.1,45.67,AS-DHA-01
2018-02-09,0.7,44.3,AS-DHA-01
2018-02-10,0.2,43.27,AS-DHA-01
2018-02-11,0.0,42.66,AS-DHA-01
2018-02-12,0.0,42.06,AS-DHA-01
2018-02-13,0.0,41.47,AS-DHA-01
2018-02-14,11.3,43.07,AS-DHA-01
2018-02-15,0.0,44.3,AS-DHA-01
2018-02-16,0.0,44.1,AS-DHA-01
2018-02-17,0.0,42.56,AS-DHA-01
2018-02-18,0.3,41.37,AS-DHA-01
2018-02-19,0.0,40.6,AS-DHA-01
2018-02-20,0.0,40.12,AS-DHA-01
2018-02-21,0.0,39.66,AS-DHA-01
2018-02-22,1.6,39.28,AS-DHA-01
2018-02-23,1.1,39.28,AS-DHA-01
2018-02-24,0.6,39.66,AS-DHA-01
2018-02-25,8.4,40.98,AS-DHA-01
2018-02-26,6.9,45.57,AS-DHA-01
2018-02-27,0.0,54.1,AS-DHA-01
2018-02-28,0.1,56.69,AS-DHA-01
2018-03-01,0.6,52.35,AS-DHA-01
2018-03-02,6.6,51.73,AS-DHA-01
2018-03-03,22.8,69.81,AS-DHA-01
2018-03-04,3.8,75.4,AS-DHA-01
2018-03-05,5.4,94.96,AS-DHA-01
2018-03-06,2.3,96.74,AS-DHA-01
2018-03-07,0.0,88.76,AS-DHA-01
2018-03-08,0.0,79.37,AS-DHA-01
2018-03-09,0.7,71.13,AS-DHA-01
2018-03-10,0.0,64.78,AS-DHA-01
2018-03-11,0.0,60.39,AS-DHA-01
2018-03-12,0.0,57.49,AS-DHA-01
2018-03-13,1.0,56.42,AS-DHA-01
2018-03-14,0.0,56.03,AS-DHA-01
2018-03-15,28.8,74.7,AS-DHA-01
2018-03-16,2.2,155.35,AS-DHA-01
2018-03-17,1.1,176.86,AS-DHA-01
2018-03-18,0.5,154.27,AS-DHA-01
2018-03-19,0.0,132.38,AS-DHA-01
2018-03-20,0.0,115.44,AS-DHA-01
2018-03-21,0.0,101.82,AS-DHA-01
2018-03-22,0.1,91.28,AS-DHA-01
2018-03-23,0.9,83.35,AS-DHA-01
2018-03-24,0.1,78.08,AS-DHA-01
2018-03-25,0.9,74.0,AS-DHA-01
2018-03-26,9.1,73.31,AS-DHA-01
2018-03-27,2.7,73.48,AS-DHA-01
2018-03-28,0.0,73.14,AS-DHA-01
2018-03-29,8.5,73.48,AS-DHA-01
2018-03-30,0.0,76.64,AS-DHA-01
2018-03-31,0.0,78.63,AS-DHA-01
2018-04-01,0.0,75.93,AS-DHA-01
2018-04-02,0.0,71.63,AS-DHA-01
2018-04-03,0.6,67.25,AS-DHA-01
2018-04-04,2.4,63.44,AS-DHA-01
2018-04-05,1.8,61.82,AS-DHA-01
2018-04-06,5.4,61.97,AS-DHA-01
2018-04-07,9.9,62.4,AS-DHA-01
2018-04-08,4.9,73.14,AS-DHA-01
2018-04-09,4.1,82.01,AS-DHA-01
2018-04-10,3.3,83.74,AS-DHA-01
2018-04-11,5.7,85.32,AS-DHA-01
2018-04-12,7.9,90.22,AS-DHA-01
2018-04-13,2.6,96.52,AS-DHA-01
2018-04-14,12.7,136.43,AS-DHA-01
2018-04-15,0.1,139.3,AS-DHA-01
2018-04-16,0.7,125.2,AS-DHA-01
2018-04-17,2.2,112.52,AS-DHA-01
2018-04-18,11.6,120.09,AS-DHA-01
2018-04-19,5.8,131.15,AS-DHA-01
2018-04-20,10.4,161.21,AS-DHA-01
2018-04-21,30.9,195.38,AS-DHA-01
2018-04-22,4.7,184.39,AS-DHA-01
2018-04-23,0.0,163.85,AS-DHA-01
2018-04-24,0.0,146.6,AS-DHA-01
2018-04-25,0.1,133.31,AS-DHA-01
2018-04-26,1.6,123.19,AS-DHA-01
2018-04-27,1.0,117.33,AS-DHA-01
2018-04-28,1.4,117.6,AS-DHA-01
2018-04-29,16.3,123.19,AS-DHA-01
2018-04-30,5.7,131.77,AS-DHA-01
2018-05-01,6.8,138.35,AS-DHA-01
2018-05-02,7.3,139.63,AS-DHA-01
2018-05-03,2.1,145.92,AS-DHA-01
2018-05-04,19.7,175.23,AS-DHA-01
2018-05-05,4.3,237.28,AS-DHA-01
2018-05-06,12.4,364.67,AS-DHA-01
2018-05-07,17.1,494.54,AS-DHA-01
2018-05-08,13.7,553.72,AS-DHA-01
2018-05-09,2.1,472.24,AS-DHA-01
2018-05-10,1.9,396.27,AS-DHA-01
2018-05-11,10.4,345.01,AS-DHA-01
2018-05-12,3.0,312.39,AS-DHA-01
2018-05-13,0.8,288.12,AS-DHA-01
2018-05-14,1.5,265.74,AS-DHA-01
2018-05-15,4.5,269.45,AS-DHA-01
2018-05-16,4.8,267.58,AS-DHA-01
2018-05-17,1.6,260.27,AS-DHA-01
2018-05-18,4.9,252.56,AS-DHA-01
2018-05-19,6.3,251.4,AS-DHA-01
2018-05-20,1.2,250.82,AS-DHA-01
2018-05-21,0.1,240.59,AS-DHA-01
2018-05-22,10.3,229.18,AS-DHA-01
2018-05-23,9.1,230.25,AS-DHA-01
2018-05-24,14.3,240.59,AS-DHA-01
2018-05-25,19.9,262.68,AS-DHA-01
2018-05-26,14.4,270.07,AS-DHA-01
2018-05-27,1.9,261.48,AS-DHA-01
2018-05-28,11.2,249.08,AS-DHA-01
2018-05-29,2.0,238.37,AS-DHA-01
2018-05-30,1.0,230.25,AS-DHA-01
2018-05-31,9.0,221.37,AS-DHA-01
2018-06-01,3.8,216.81,AS-DHA-01
2018-06-02,6.4,219.33,AS-DHA-01
2018-06-03,9.7,224.98,AS-DHA-01
2018-06-04,4.3,227.08,AS-DHA-01
2018-06-05,5.4,228.65,AS-DHA-01
2018-06-06,24.1,241.15,AS-DHA-01
2018-06-07,10.0,269.45,AS-DHA-01
2018-06-08,2.9,292.82,AS-DHA-01
2018-06-09,2.3,278.31,AS-DHA-01
2018-06-10,5.1,267.58,AS-DHA-01
2018-06-11,2.6,347.4,AS-DHA-01
2018-06-12,64.5,1438.07,AS-DHA-01
2018-06-13,46.1,1922.45,AS-DHA-01
2018-06-14,12.2,1444.7,AS-DHA-01
2018-06-15,7.2,1006.12,AS-DHA-01
2018-06-16,6.2,788.01,AS-DHA-01
2018-06-17,18.1,684.62,AS-DHA-01
2018-06-18,2.9,615.71,AS-DHA-01
2018-06-19,1.2,558.86,AS-DHA-01
2018-06-20,3.5,511.95,AS-DHA-01
2018-06-21,4.2,481.04,AS-DHA-01
2018-06-22,9.3,457.23,AS-DHA-01
2018-06-23,5.4,430.6,AS-DHA-01
2018-06-24,17.3,406.46,AS-DHA-01
2018-06-25,9.6,395.35,AS-DHA-01
2018-06-26,15.3,402.73,AS-DHA-01
2018-06-27,9.4,487.74,AS-DHA-01
2018-06-28,23.6,543.61,AS-DHA-01
2018-06-29,7.5,491.13,AS-DHA-01
2018-06-30,5.9,442.69,AS-DHA-01
2018-07-01,9.9,403.65,AS-DHA-01
2018-07-02,36.3,384.55,AS-DHA-01
2018-07-03,13.2,368.9,AS-DHA-01
2018-07-04,7.0,358.82,AS-DHA-01
2018-07-05,1.9,353.06,AS-DHA-01
2018-07-06,7.3,341.05,AS-DHA-01
2018-07-07,33.2,416.91,AS-DHA-01
2018-07-08,10.6,551.18,AS-DHA-01
2018-07-09,7.9,539.85,AS-DHA-01
2018-07-10,5.2,488.87,AS-DHA-01
2018-07-11,43.0,471.15,AS-DHA-01
2018-07-12,13.9,520.3,AS-DHA-01
2018-07-13,4.8,538.61,AS-DHA-01
2018-07-14,12.4,509.6,AS-DHA-01
2018-07-15,5.3,477.72,AS-DHA-01
2018-07-16,26.2,519.09,AS-DHA-01
2018-07-17,42.8,546.12,AS-DHA-01
2018-07-18,7.1,517.9,AS-DHA-01
2018-07-19,2.3,479.93,AS-DHA-01
2018-07-20,52.5,500.28,AS-DHA-01
2018-07-21,31.0,589.31,AS-DHA-01
2018-07-22,5.4,624.29,AS-DHA-01
2018-07-23,24.0,676.76,AS-DHA-01
2018-07-24,27.7,777.18,AS-DHA-01
2018-07-25,18.6,815.74,AS-DHA-01
2018-07-26,10.4,728.59,AS-DHA-01
2018-07-27,12.2,643.28,AS-DHA-01
2018-07-28,16.1,594.78,AS-DHA-01
2018-07-29,5.6,569.27,AS-DHA-01
2018-07-30,35.1,635.91,AS-DHA-01
2018-07-31,41.4,947.59,AS-DHA-01
2018-08-01,12.7,1116.07,AS-DHA-01
2018-08-02,19.0,1027.21,AS-DHA-01
2018-08-03,3.9,882.25,AS-DHA-01
2018-08-04,12.1,770.05,AS-DHA-01
2018-08-05,4.4,716.93,AS-DHA-01
2018-08-06,14.6,684.62,AS-DHA-01
2018-08-07,43.9,768.27,AS-DHA-01
2018-08-08,18.8,784.39,AS-DHA-01
2018-08-09,8.8,742.16,AS-DHA-01
2018-08-10,10.9,690.96,AS-DHA-01
2018-08-11,11.9,681.46,AS-DHA-01
2018-08-12,32.9,749.03,AS-DHA-01
2018-08-13,17.0,791.65,AS-DHA-01
2018-08-14,45.7,810.11,AS-DHA-01
2018-08-15,24.5,782.58,AS-DHA-01
2018-08-16,27.1,743.87,AS-DHA-01
2018-08-17,1.2,703.83,AS-DHA-01
2018-08-18,0.5,658.29,AS-DHA-01
2018-08-19,8.5,618.56,AS-DHA-01
2018-08-20,27.1,637.38,AS-DHA-01
2018-08-21,11.5,711.99,AS-DHA-01
2018-08-22,13.5,817.62,AS-DHA-01
2018-08-23,15.7,810.11,AS-DHA-01
2018-08-24,32.6,761.22,AS-DHA-01
2018-08-25,7.2,733.65,AS-DHA-01
2018-08-26,6.8,791.65,AS-DHA-01
2018-08-27,9.3,815.74,AS-DHA-01
2018-08-28,12.4,791.65,AS-DHA-01
2018-08-29,17.5,749.03,AS-DHA-01
2018-08-30,11.5,697.36,AS-DHA-01
2018-08-31,26.2,662.86,AS-DHA-01
2018-09-01,11.4,658.29,AS-DHA-01
2018-09-02,7.0,650.75,AS-DHA-01
2018-09-03,6.2,649.25,AS-DHA-01
2018-09-04,20.1,632.99,AS-DHA-01
2018-09-05,28.0,617.13,AS-DHA-01
2018-09-06,10.8,608.65,AS-DHA-01
2018-09-07,1.0,592.03,AS-DHA-01
2018-09-08,4.4,561.45,AS-DHA-01
2018-09-09,21.9,555.01,AS-DHA-01
2018-09-10,8.9,538.61,AS-DHA-01
2018-09-11,1.7,517.9,AS-DHA-01
2018-09-12,31.0,508.42,AS-DHA-01
2018-09-13,7.1,499.13,AS-DHA-01
2018-09-14,10.9,476.62,AS-DHA-01
2018-09-15,0.5,449.91,AS-DHA-01
2018-09-16,0.0,424.68,AS-DHA-01
2018-09-17,0.3,404.58,AS-DHA-01
2018-09-18,0.0,385.44,AS-DHA-01
2018-09-19,1.7,370.6,AS-DHA-01
2018-09-20,1.4,374.9,AS-DHA-01
2018-09-21,19.5,408.33,AS-DHA-01
2018-09-22,5.7,414.03,AS-DHA-01
2018-09-23,13.6,396.27,AS-DHA-01
2018-09-24,6.2,376.64,AS-DHA-01
2018-09-25,6.1,367.2,AS-DHA-01
2018-09-26,5.2,351.43,AS-DHA-01
2018-09-27,2.6,334.03,AS-DHA-01
2018-09-28,8.2,318.21,AS-DHA-01
2018-09-29,4.0,301.75,AS-DHA-01
2018-09-30,5.1,288.12,AS-DHA-01
2018-10-01,2.6,275.11,AS-DHA-01
2018-10-02,4.6,261.48,AS-DHA-01
2018-10-03,1.6,246.22,AS-DHA-01
2018-10-04,0.0,230.25,AS-DHA-01
2018-10-05,0.6,216.31,AS-DHA-01
2018-10-06,8.8,205.1,AS-DHA-01
2018-10-07,4.0,195.38,AS-DHA-01
2018-10-08,6.3,186.96,AS-DHA-01
2018-10-09,1.6,178.51,AS-DHA-01
2018-10-10,1.2,168.86,AS-DHA-01
2018-10-11,4.7,162.34,AS-DHA-01
2018-10-12,5.8,167.3,AS-DHA-01
2018-10-13,4.8,181.43,AS-DHA-01
2018-10-14,3.1,196.73,AS-DHA-01
2018-10-15,3.0,198.11,AS-DHA-01
2018-10-16,0.0,188.27,AS-DHA-01
2018-10-17,0.4,174.42,AS-DHA-01
2018-10-18,1.9,162.71,AS-DHA-01
2018-10-19,1.5,152.14,AS-DHA-01
2018-10-20,0.0,141.92,AS-DHA-01
2018-10-21,0.0,132.38,AS-DHA-01
2018-10-22,0.1,124.05,AS-DHA-01
2018-10-23,0.0,116.78,AS-DHA-01
2018-10-24,0.1,110.46,AS-DHA-01
2018-10-25,0.0,104.71,AS-DHA-01
2018-10-26,0.0,99.48,AS-DHA-01
2018-10-27,0.0,94.52,AS-DHA-01
2018-10-28,0.0,90.01,AS-DHA-01
2018-10-29,0.7,86.52,AS-DHA-01
2018-10-30,0.0,83.74,AS-DHA-01
2018-10-31,0.0,80.68,AS-DHA-01
2018-11-01,0.0,76.82,AS-DHA-01
2018-11-02,1.2,73.83,AS-DHA-01
2018-11-03,2.4,72.98,AS-DHA-01
2018-11-04,5.0,73.66,AS-DHA-01
2018-11-05,1.6,73.14,AS-DHA-01
2018-11-06,2.0,74.87,AS-DHA-01
2018-11-07,0.0,74.52,AS-DHA-01
2018-11-08,0.0,72.13,AS-DHA-01
2018-11-09,0.0,68.67,AS-DHA-01
2018-11-10,0.0,65.54,AS-DHA-01
2018-11-11,0.0,62.84,AS-DHA-01
2018-11-12,0.0,60.53,AS-DHA-01
2018-11-13,0.2,58.72,AS-DHA-01
2018-11-14,0.4,57.22,AS-DHA-01
2018-11-15,1.4,56.16,AS-DHA-01
2018-11-16,1.0,56.16,AS-DHA-01
2018-11-17,7.0,57.36,AS-DHA-01
2018-11-18,0.0,58.58,AS-DHA-01
2018-11-19,0.0,58.45,AS-DHA-01
2018-11-20,0.0,56.56,AS-DHA-01
2018-11-21,0.0,54.86,AS-DHA-01
2018-11-22,0.0,53.47,AS-DHA-01
2018-11-23,0.0,52.47,AS-DHA-01
2018-11-24,0.0,51.61,AS-DHA-01
2018-11-25,0.0,50.77,AS-DHA-01
2018-11-26,0.0,50.06,AS-DHA-01
2018-11-27,0.0,49.48,AS-DHA-01
2018-11-28,0.0,49.02,AS-DHA-01
2018-11-29,0.0,48.45,AS-DHA-01
2018-11-30,0.0,48.1,AS-DHA-01
2018-12-01,0.0,47.65,AS-DHA-01
2018-12-02,0.0,47.32,AS-DHA-01
2018-12-03,0.2,46.98,AS-DHA-01
2018-12-04,0.0,46.76,AS-DHA-01
2018-12-05,0.0,46.54,AS-DHA-01
2018-12-06,0.0,46.22,AS-DHA-01
2018-12-07,0.0,46.0,AS-DHA-01
2018-12-08,0.0,45.67,AS-DHA-01
2018-12-09,0.0,45.35,AS-DHA-01
2018-12-10,0.0,45.03,AS-DHA-01
2018-12-11,0.0,44.72,AS-DHA-01
2018-12-12,0.0,44.51,AS-DHA-01
2018-12-13,0.0,44.3,AS-DHA-01
2018-12-14,0.0,43.99,AS-DHA-01
2018-12-15,0.0,43.68,AS-DHA-01
2018-12-16,0.0,43.48,AS-DHA-01
2018-12-17,0.1,43.27,AS-DHA-01
2018-12-18,32.6,83.54,AS-DHA-01
2018-12-19,0.0,132.07,AS-DHA-01
2018-12-20,0.0,124.91,AS-DHA-01
2018-12-21,0.0,103.49,AS-DHA-01
2018-12-22,0.0,86.92,AS-DHA-01
2018-12-23,0.0,75.22,AS-DHA-01
2018-12-24,0.0,66.0,AS-DHA-01
2018-12-25,0.0,58.86,AS-DHA-01
2018-12-26,0.0,53.97,AS-DHA-01
2018-12-27,0.0,50.53,AS-DHA-01
2018-12-28,4.5,48.33,AS-DHA-01
2018-12-29,0.0,47.32,AS-DHA-01
2018-12-30,0.0,46.76,AS-DHA-01
2018-12-31,0.0,45.57,AS-DHA-01
2019-01-01,0.0,44.51,AS-DHA-01
2019-01-02,0.0,43.89,AS-DHA-01
2019-01-03,7.0,43.48,AS-DHA-01
2019-01-04,0.4,43.27,AS-DHA-01
2019-01-05,0.0,42.76,AS-DHA-01
2019-01-06,0.0,42.16,AS-DHA-01
2019-01-07,0.0,41.67,AS-DHA-01
2019-01-08,0.0,41.27,AS-DHA-01
2019-01-09,2.2,40.98,AS-DHA-01
2019-01-10,0.0,40.79,AS-DHA-01
2019-01-11,0.0,40.5,AS-DHA-01
2019-01-12,0.0,40.12,AS-DHA-01
2019-01-13,0.0,39.85,AS-DHA-01
2019-01-14,0.0,39.47,AS-DHA-01
2019-01-15,0.0,39.19,AS-DHA-01
2019-01-16,0.0,38.91,AS-DHA-01
2019-01-17,0.0,38.64,AS-DHA-01
2019-01-18,0.0,38.28,AS-DHA-01
2019-01-19,0.0,38.0,AS-DHA-01
2019-01-20,0.0,37.74,AS-DHA-01
2019-01-21,0.0,37.47,AS-DHA-01
2019-01-22,0.0,37.2,AS-DHA-01
2019-01-23,0.0,36.94,AS-DHA-01
2019-01-24,0.0,36.68,AS-DHA-01
2019-01-25,0.0,36.42,AS-DHA-01
2019-01-26,0.0,36.16,AS-DHA-01
2019-01-27,0.0,35.9,AS-DHA-01
2019-01-28,0.0,35.73,AS-DHA-01
2019-01-29,3.2,37.47,AS-DHA-01
2019-01-30,0.0,42.26,AS-DHA-01
2019-01-31,0.0,45.57,AS-DHA-01
2019-02-01,0.0,42.66,AS-DHA-01
2019-02-02,0.0,39.19,AS-DHA-01
2019-02-03,0.0,37.11,AS-DHA-01
2019-02-04,0.0,36.07,AS-DHA-01
2019-02-05,0.0,35.48,AS-DHA-01
2019-02-06,0.0,35.07,AS-DHA-01
2019-02-07,0.0,34.17,AS-DHA-01
2019-02-08,1.4,33.52,AS-DHA-01
2019-02-09,4.0,35.32,AS-DHA-01
2019-02-10,0.9,37.74,AS-DHA-01
2019-02-11,0.0,38.82,AS-DHA-01
2019-02-12,0.0,37.11,AS-DHA-01
2019-02-13,0.0,34.99,AS-DHA-01
2019-02-14,0.0,33.52,AS-DHA-01
2019-02-15,0.0,32.81,AS-DHA-01
2019-02-16,2.2,35.82,AS-DHA-01
2019-02-17,3.3,41.37,AS-DHA-01
2019-02-18,10.8,45.35,AS-DHA-01
2019-02-19,6.3,46.11,AS-DHA-01
2019-02-20,0.7,45.14,AS-DHA-01
2019-02-21,0.0,44.3,AS-DHA-01
2019-02-22,4.7,42.66,AS-DHA-01
2019-02-23,1.7,41.57,AS-DHA-01
2019-02-24,0.0,41.27,AS-DHA-01
2019-02-25,0.1,40.79,AS-DHA-01
2019-02-26,1.1,42.86,AS-DHA-01
2019-02-27,1.5,45.57,AS-DHA-01
2019-02-28,6.8,59.13,AS-DHA-01
2019-03-01,0.7,70.46,AS-DHA-01
2019-03-02,0.0,72.64,AS-DHA-01
2019-03-03,0.4,65.23,AS-DHA-01
2019-03-04,5.6,60.39,AS-DHA-01
2019-03-05,3.2,63.29,AS-DHA-01
2019-03-06,2.6,64.63,AS-DHA-01
2019-03-07,0.8,63.44,AS-DHA-01
2019-03-08,1.1,60.81,AS-DHA-01
2019-03-09,0.7,58.04,AS-DHA-01
2019-03-10,0.0,55.24,AS-DHA-01
2019-03-11,0.2,52.22,AS-DHA-01
2019-03-12,4.7,49.71,AS-DHA-01
2019-03-13,0.6,47.77,AS-DHA-01
2019-03-14,0.0,46.0,AS-DHA-01
2019-03-15,0.0,44.1,AS-DHA-01
2019-03-16,0.4,42.26,AS-DHA-01
2019-03-17,0.0,40.69,AS-DHA-01
2019-03-18,1.4,41.08,AS-DHA-01
2019-03-19,0.3,57.9,AS-DHA-01
2019-03-20,5.5,69.48,AS-DHA-01
2019-03-21,1.2,68.83,AS-DHA-01
2019-03-22,11.2,86.52,AS-DHA-01
2019-03-23,1.1,121.77,AS-DHA-01
2019-03-24,0.0,118.7,AS-DHA-01
2019-03-25,0.0,101.58,AS-DHA-01
2019-03-26,0.0,87.13,AS-DHA-01
2019-03-27,6.3,78.26,AS-DHA-01
2019-03-28,0.0,74.18,AS-DHA-01
2019-03-29,0.0,70.79,AS-DHA-01
2019-03-30,10.2,66.78,AS-DHA-01
2019-03-31,33.5,100.41,AS-DHA-01
2019-04-01,3.1,181.01,AS-DHA-01
2019-04-02,18.2,187.83,AS-DHA-01
2019-04-03,1.8,158.62,AS-DHA-01
2019-04-04,4.1,137.71,AS-DHA-01
2019-04-05,4.5,124.91,AS-DHA-01
2019-04-06,0.0,117.33,AS-DHA-01
2019-04-07,10.2,123.77,AS-DHA-01
2019-04-08,13.4,173.21,AS-DHA-01
2019-04-09,8.1,211.36,AS-DHA-01
2019-04-10,2.4,196.73,AS-DHA-01
2019-04-11,0.5,172.81,AS-DHA-01
2019-04-12,0.2,152.5,AS-DHA-01
2019-04-13,7.0,135.8,AS-DHA-01
2019-04-14,11.4,124.05,AS-DHA-01
2019-04-15,11.6,119.25,AS-DHA-01
2019-04-16,14.6,122.05,AS-DHA-01
2019-04-17,1.6,124.91,AS-DHA-01
2019-04-18,1.2,121.77,AS-DHA-01
2019-04-19,3.3,117.87,AS-DHA-01
2019-04-20,5.3,113.31,AS-DHA-01
2019-04-21,0.0,108.67,AS-DHA-01
2019-04-22,0.0,103.98,AS-DHA-01
2019-04-23,0.2,98.33,AS-DHA-01
2019-04-24,0.0,92.77,AS-DHA-01
2019-04-25,0.0,87.13,AS-DHA-01
2019-04-26,1.4,82.77,AS-DHA-01
2019-04-27,21.0,85.92,AS-DHA-01
2019-04-28,6.9,102.29,AS-DHA-01
2019-04-29,25.7,157.52,AS-DHA-01
2019-04-30,45.5,278.31,AS-DHA-01
2019-05-01,54.6,439.64,AS-DHA-01
2019-05-02,0.7,362.15,AS-DHA-01
2019-05-03,2.2,286.79,AS-DHA-01
2019-05-04,50.1,352.25,AS-DHA-01
2019-05-05,3.1,348.21,AS-DHA-01
2019-05-06,1.4,296.91,AS-DHA-01
2019-05-07,0.9,256.09,AS-DHA-01
2019-05-08,13.3,234.55,AS-DHA-01
2019-05-09,50.4,296.91,AS-DHA-01
2019-05-10,20.6,365.5,AS-DHA-01
2019-05-11,16.6,350.63,AS-DHA-01
2019-05-12,5.1,318.95,AS-DHA-01
2019-05-13,0.6,278.95,AS-DHA-01
2019-05-14,1.5,265.13,AS-DHA-01
2019-05-15,6.5,249.66,AS-DHA-01
2019-05-16,6.0,232.93,AS-DHA-01
2019-05-17,42.0,231.32,AS-DHA-01
2019-05-18,21.7,232.93,AS-DHA-01
2019-05-19,4.3,227.08,AS-DHA-01
2019-05-20,4.8,213.83,AS-DHA-01
2019-05-21,7.2,201.81,AS-DHA-01
2019-05-22,9.8,194.93,AS-DHA-01
2019-05-23,17.3,211.36,AS-DHA-01
2019-05-24,13.1,330.19,AS-DHA-01
2019-05-25,4.0,481.04,AS-DHA-01
2019-05-26,2.5,431.59,AS-DHA-01
2019-05-27,1.9,346.6,AS-DHA-01
2019-05-28,0.7,293.5,AS-DHA-01
2019-05-29,0.3,258.47,AS-DHA-01
2019-05-30,1.3,231.86,AS-DHA-01
2019-05-31,1.0,212.84,AS-DHA-01
2019-06-01,1.6,199.49,AS-DHA-01
2019-06-02,4.3,188.71,AS-DHA-01
2019-06-03,7.1,179.75,AS-DHA-01
2019-06-04,15.4,173.61,AS-DHA-01
2019-06-05,5.2,170.04,AS-DHA-01
2019-06-06,6.2,166.53,AS-DHA-01
2019-06-07,11.5,166.53,AS-DHA-01
2019-06-08,11.5,185.68,AS-DHA-01
2019-06-09,12.6,253.14,AS-DHA-01
2019-06-10,3.9,290.12,AS-DHA-01
2019-06-11,4.7,269.45,AS-DHA-01
2019-06-12,0.3,282.85,AS-DHA-01
2019-06-13,41.3,298.29,AS-DHA-01
2019-06-14,37.2,291.47,AS-DHA-01
2019-06-15,4.5,301.75,AS-DHA-01
2019-06-16,9.0,298.98,AS-DHA-01
2019-06-17,4.8,288.12,AS-DHA-01
2019-06-18,9.0,273.21,AS-DHA-01
2019-06-19,7.5,278.95,AS-DHA-01
2019-06-20,60.3,337.91,AS-DHA-01
2019-06-21,64.4,382.78,AS-DHA-01
2019-06-22,17.2,376.64,AS-DHA-01
2019-06-23,5.7,351.43,AS-DHA-01
2019-06-24,1.5,322.66,AS-DHA-01
2019-06-25,7.2,313.83,AS-DHA-01
2019-06-26,12.2,302.45,AS-DHA-01
2019-06-27,13.2,325.65,AS-DHA-01
2019-06-28,10.7,442.69,AS-DHA-01
2019-06-29,1.0,491.13,AS-DHA-01
2019-06-30,10.0,450.94,AS-DHA-01
2019-07-01,37.2,527.54,AS-DHA-01
2019-07-02,3.1,566.65,AS-DHA-01
2019-07-03,2.9,539.85,AS-DHA-01
2019-07-04,14.2,522.7,AS-DHA-01
2019-07-05,22.6,526.33,AS-DHA-01
2019-07-06,60.4,670.56,AS-DHA-01
2019-07-07,19.8,844.44,AS-DHA-01
2019-07-08,34.0,932.43,AS-DHA-01
2019-07-09,18.8,1110.93,AS-DHA-01
2019-07-10,21.9,1139.46,AS-DHA-01
2019-07-11,34.3,1126.41,AS-DHA-01
2019-07-12,8.2,1041.51,AS-DHA-01
2019-07-13,26.0,954.17,AS-DHA-01
2019-07-14,12.5,934.58,AS-DHA-01
2019-07-15,32.6,956.37,AS-DHA-01
2019-07-16,11.1,900.74,AS-DHA-01
2019-07-17,2.1,813.85,AS-DHA-01
2019-07-18,1.4,742.16,AS-DHA-01
2019-07-19,4.8,700.58,AS-DHA-01
2019-07-20,2.7,664.4,AS-DHA-01
2019-07-21,3.5,650.75,AS-DHA-01
2019-07-22,7.9,738.74,AS-DHA-01
2019-07-23,10.0,764.74,AS-DHA-01
2019-07-24,12.7,754.23,AS-DHA-01
2019-07-25,36.2,810.11,AS-DHA-01
2019-07-26,18.1,872.13,AS-DHA-01
2019-07-27,5.2,852.26,AS-DHA-01
2019-07-28,5.8,919.62,AS-DHA-01
2019-07-29,9.1,1017.78,AS-DHA-01
2019-07-30,22.1,1024.85,AS-DHA-01
2019-07-31,43.8,949.78,AS-DHA-01
2019-08-01,12.8,888.36,AS-DHA-01
2019-08-02,8.4,894.53,AS-DHA-01
2019-08-03,6.6,898.66,AS-DHA-01
2019-08-04,7.7,842.49,AS-DHA-01
2019-08-05,0.1,771.82,AS-DHA-01
2019-08-06,0.1,718.59,AS-DHA-01
2019-08-07,45.4,716.93,AS-DHA-01
2019-08-08,15.3,749.03,AS-DHA-01
2019-08-09,8.5,749.03,AS-DHA-01
2019-08-10,9.8,703.83,AS-DHA-01
2019-08-11,0.0,661.34,AS-DHA-01
2019-08-12,18.3,647.76,AS-DHA-01
2019-08-13,5.1,627.18,AS-DHA-01
2019-08-14,20.0,615.71,AS-DHA-01
2019-08-15,12.4,601.67,AS-DHA-01
2019-08-16,2.9,577.21,AS-DHA-01
2019-08-17,3.1,544.86,AS-DHA-01
2019-08-18,7.0,513.14,AS-DHA-01
2019-08-19,1.3,482.15,AS-DHA-01
2019-08-20,2.2,453.03,AS-DHA-01
2019-08-21,3.6,424.68,AS-DHA-01
2019-08-22,12.0,406.46,AS-DHA-01
2019-08-23,15.2,424.68,AS-DHA-01
2019-08-24,0.6,479.93,AS-DHA-01
2019-08-25,1.0,486.62,AS-DHA-01
2019-08-26,15.9,458.29,AS-DHA-01
2019-08-27,22.5,455.12,AS-DHA-01
2019-08-28,8.7,457.23,AS-DHA-01
2019-08-29,11.2,445.76,AS-DHA-01
2019-08-30,2.8,421.75,AS-DHA-01
2019-08-31,2.4,403.65,AS-DHA-01
2019-09-01,0.0,390.82,AS-DHA-01
2019-09-02,1.6,383.67,AS-DHA-01
2019-09-03,24.0,423.7,AS-DHA-01
2019-09-04,16.2,437.61,AS-DHA-01
2019-09-05,3.6,414.03,AS-DHA-01
2019-09-06,14.0,395.35,AS-DHA-01
2019-09-07,8.2,387.23,AS-DHA-01
2019-09-08,9.4,385.44,AS-DHA-01
2019-09-09,17.6,389.91,AS-DHA-01
2019-09-10,28.4,390.82,AS-DHA-01
2019-09-11,13.4,457.23,AS-DHA-01
2019-09-12,29.6,549.91,AS-DHA-01
2019-09-13,21.4,557.58,AS-DHA-01
2019-09-14,6.0,541.1,AS-DHA-01
2019-09-15,15.3,541.1,AS-DHA-01
2019-09-16,22.9,548.65,AS-DHA-01
2019-09-17,7.8,533.67,AS-DHA-01
2019-09-18,0.5,504.92,AS-DHA-01
2019-09-19,5.0,473.34,AS-DHA-01
2019-09-20,3.5,443.72,AS-DHA-01
2019-09-21,3.9,434.6,AS-DHA-01
2019-09-22,57.5,471.15,AS-DHA-01
2019-09-23,21.1,638.85,AS-DHA-01
2019-09-24,7.7,775.39,AS-DHA-01
2019-09-25,2.6,737.05,AS-DHA-01
2019-09-26,7.6,649.25,AS-DHA-01
2019-09-27,2.4,582.55,AS-DHA-01
2019-09-28,4.1,533.67,AS-DHA-01
2019-09-29,13.0,504.92,AS-DHA-01
2019-09-30,14.9,514.33,AS-DHA-01
2019-10-01,4.5,532.43,AS-DHA-01
2019-10-02,1.2,539.85,AS-DHA-01
2019-10-03,6.0,521.49,AS-DHA-01
2019-10-04,7.0,490.0,AS-DHA-01
2019-10-05,2.0,462.54,AS-DHA-01
2019-10-06,18.3,462.54,AS-DHA-01
2019-10-07,16.7,473.34,AS-DHA-01
2019-10-08,14.6,478.82,AS-DHA-01
2019-10-09,6.7,487.74,AS-DHA-01
2019-10-10,6.9,478.82,AS-DHA-01
2019-10-11,0.8,457.23,AS-DHA-01
2019-10-12,0.6,430.6,AS-DHA-01
2019-10-13,0.0,400.87,AS-DHA-01
2019-10-14,0.0,372.32,AS-DHA-01
2019-10-15,1.7,352.25,AS-DHA-01
2019-10-16,5.1,340.26,AS-DHA-01
2019-10-17,0.7,328.67,AS-DHA-01
2019-10-18,0.2,310.95,AS-DHA-01
2019-10-19,0.9,291.47,AS-DHA-01
2019-10-20,1.8,273.84,AS-DHA-01
2019-10-21,2.4,263.29,AS-DHA-01
2019-10-22,0.7,254.32,AS-DHA-01
2019-10-23,1.8,241.71,AS-DHA-01
2019-10-24,13.9,285.47,AS-DHA-01
2019-10-25,14.7,368.9,AS-DHA-01
2019-10-26,37.0,1402.07,AS-DHA-01
2019-10-27,0.3,1441.38,AS-DHA-01
2019-10-28,0.1,985.46,AS-DHA-01
2019-10-29,0.0,745.59,AS-DHA-01
2019-10-30,0.3,615.71,AS-DHA-01
2019-10-31,7.6,534.89,AS-DHA-01
2019-11-01,0.0,482.15,AS-DHA-01
2019-11-02,0.0,438.62,AS-DHA-01
2019-11-03,0.0,400.87,AS-DHA-01
2019-11-04,0.7,368.05,AS-DHA-01
2019-11-05,3.9,343.41,AS-DHA-01
2019-11-06,0.1,321.91,AS-DHA-01
2019-11-07,0.7,299.66,AS-DHA-01
2019-11-08,0.0,277.66,AS-DHA-01
2019-11-09,5.2,261.48,AS-DHA-01
2019-11-10,4.0,265.13,AS-DHA-01
2019-11-11,1.0,275.74,AS-DHA-01
2019-11-12,0.0,277.66,AS-DHA-01
2019-11-13,0.5,266.96,AS-DHA-01
2019-11-14,0.0,248.5,AS-DHA-01
2019-11-15,0.0,229.18,AS-DHA-01
2019-11-16,1.1,211.36,AS-DHA-01
2019-11-17,9.8,194.93,AS-DHA-01
2019-11-18,1.4,180.17,AS-DHA-01
2019-11-19,1.2,167.3,AS-DHA-01
2019-11-20,0.0,156.07,AS-DHA-01
2019-11-21,0.0,145.24,AS-DHA-01
2019-11-22,0.0,134.54,AS-DHA-01
2019-11-23,0.0,124.05,AS-DHA-01
2019-11-24,0.2,114.37,AS-DHA-01
2019-11-25,0.0,105.69,AS-DHA-01
2019-11-26,0.0,97.87,AS-DHA-01
2019-11-27,0.0,91.07,AS-DHA-01
2019-11-28,0.0,84.72,AS-DHA-01
2019-11-29,0.0,79.0,AS-DHA-01
2019-11-30,2.3,74.35,AS-DHA-01
2019-12-01,0.6,70.79,AS-DHA-01
2019-12-02,0.0,67.88,AS-DHA-01
2019-12-03,0.0,65.08,AS-DHA-01
2019-12-04,0.0,62.7,AS-DHA-01
2019-12-05,0.0,60.96,AS-DHA-01
2019-12-06,0.0,59.13,AS-DHA-01
2019-12-07,0.0,57.63,AS-DHA-01
2019-12-08,0.0,56.29,AS-DHA-01
2019-12-09,0.0,55.24,AS-DHA-01
2019-12-10,0.0,54.47,AS-DHA-01
2019-12-11,0.5,54.47,AS-DHA-01
2019-12-12,0.0,54.98,AS-DHA-01
2019-12-13,0.0,54.73,AS-DHA-01
2019-12-14,0.0,53.72,AS-DHA-01
2019-12-15,0.0,52.97,AS-DHA-01
2019-12-16,0.5,52.47,AS-DHA-01
2019-12-17,0.0,52.1,AS-DHA-01
2019-12-18,0.0,51.86,AS-DHA-01
2019-12-19,0.0,51.49,AS-DHA-01
2019-12-20,0.0,51.25,AS-DHA-01
2019-12-21,0.0,50.89,AS-DHA-01
2019-12-22,0.5,50.65,AS-DHA-01
2019-12-23,0.0,50.29,AS-DHA-01
2019-12-24,0.0,50.06,AS-DHA-01
2019-12-25,0.0,49.71,AS-DHA-01
2019-12-26,0.0,49.48,AS-DHA-01
2019-12-27,1.4,49.37,AS-DHA-01
2019-12-28,0.0,50.77,AS-DHA-01
2019-12-29,0.0,52.22,AS-DHA-01
2019-12-30,0.0,51.13,AS-DHA-01
2019-12-31,0.0,49.59,AS-DHA-01
2020-01-01,0.6,48.67,AS-DHA-01
2020-01-02,0.0,48.33,AS-DHA-01
2020-01-03,14.9,52.22,AS-DHA-01
2020-01-04,3.8,69.0,AS-DHA-01
2020-01-05,3.2,85.92,AS-DHA-01
2020-01-06,0.0,88.14,AS-DHA-01
2020-01-07,0.0,84.92,AS-DHA-01
2020-01-08,0.0,76.46,AS-DHA-01
2020-01-09,1.1,68.2,AS-DHA-01
2020-01-10,0.5,62.26,AS-DHA-01
2020-01-11,0.0,58.31,AS-DHA-01
2020-01-12,0.0,54.98,AS-DHA-01
2020-01-13,0.0,52.1,AS-DHA-01
2020-01-14,0.3,49.82,AS-DHA-01
2020-01-15,0.0,48.45,AS-DHA-01
2020-01-16,0.0,47.54,AS-DHA-01
2020-01-17,0.0,46.98,AS-DHA-01
2020-01-18,0.1,46.65,AS-DHA-01
2020-01-19,4.7,52.35,AS-DHA-01
2020-01-20,2.0,55.9,AS-DHA-01
2020-01-21,0.7,57.9,AS-DHA-01
2020-01-22,0.4,56.96,AS-DHA-01
2020-01-23,7.4,54.86,AS-DHA-01
2020-01-24,0.6,53.84,AS-DHA-01
2020-01-25,0.0,53.34,AS-DHA-01
2020-01-26,0.0,51.73,AS-DHA-01
2020-01-27,0.8,49.82,AS-DHA-01
2020-01-28,0.0,48.9,AS-DHA-01
2020-01-29,0.5,48.1,AS-DHA-01
2020-01-30,15.8,48.33,AS-DHA-01
2020-01-31,2.8,51.61,AS-DHA-01
2020-02-01,0.8,54.47,AS-DHA-01
2020-02-02,2.2,53.97,AS-DHA-01
2020-02-03,0.0,52.47,AS-DHA-01
2020-02-04,0.1,50.77,AS-DHA-01
2020-02-05,3.4,48.67,AS-DHA-01
2020-02-06,0.0,47.43,AS-DHA-01
2020-02-07,0.0,45.89,AS-DHA-01
2020-02-08,0.0,44.3,AS-DHA-01
2020-02-09,1.6,43.37,AS-DHA-01
2020-02-10,0.1,43.37,AS-DHA-01
2020-02-11,0.1,43.58,AS-DHA-01
2020-02-12,0.0,42.86,AS-DHA-01
2020-02-13,0.0,41.96,AS-DHA-01
2020-02-14,1.0,41.76,AS-DHA-01
2020-02-15,0.4,42.26,AS-DHA-01
2020-02-16,0.1,42.26,AS-DHA-01
2020-02-17,3.7,41.76,AS-DHA-01
2020-02-18,3.6,41.47,AS-DHA-01
2020-02-19,1.7,41.18,AS-DHA-01
2020-02-20,0.6,40.6,AS-DHA-01
2020-02-21,0.0,40.12,AS-DHA-01
2020-02-22,0.0,39.75,AS-DHA-01
2020-02-23,2.8,39.66,AS-DHA-01
2020-02-24,1.0,40.31,AS-DHA-01
2020-02-25,7.2,43.07,AS-DHA-01
2020-02-26,6.8,50.41,AS-DHA-01
2020-02-27,1.0,60.67,AS-DHA-01
2020-02-28,0.0,64.17,AS-DHA-01
2020-02-29,0.0,60.39,AS-DHA-01
2020-03-01,0.0,54.86,AS-DHA-01
2020-03-02,2.7,50.65,AS-DHA-01
2020-03-03,1.8,49.13,AS-DHA-01
2020-03-04,0.5,49.59,AS-DHA-01
2020-03-05,0.0,49.48,AS-DHA-01
2020-03-06,1.1,48.67,AS-DHA-01
2020-03-07,3.9,50.06,AS-DHA-01
2020-03-08,2.3,52.97,AS-DHA-01
2020-03-09,0.5,53.22,AS-DHA-01
2020-03-10,0.3,51.86,AS-DHA-01
2020-03-11,0.1,49.13,AS-DHA-01
2020-03-12,0.0,46.54,AS-DHA-01
2020-03-13,0.0,44.41,AS-DHA-01
2020-03-14,0.0,42.66,AS-DHA-01
2020-03-15,0.7,41.57,AS-DHA-01
2020-03-16,0.6,40.89,AS-DHA-01
2020-03-17,0.0,40.41,AS-DHA-01
2020-03-18,0.0,39.85,AS-DHA-01
2020-03-19,0.2,39.1,AS-DHA-01
2020-03-20,4.9,38.73,AS-DHA-01
2020-03-21,0.4,38.55,AS-DHA-01
2020-03-22,0.0,38.73,AS-DHA-01
2020-03-23,9.8,39.66,AS-DHA-01
2020-03-24,2.2,42.36,AS-DHA-01
2020-03-25,3.2,44.82,AS-DHA-01
2020-03-26,0.3,44.62,AS-DHA-01
2020-03-27,0.1,42.76,AS-DHA-01
2020-03-28,1.5,40.89,AS-DHA-01
2020-03-29,0.4,39.47,AS-DHA-01
2020-03-30,0.0,38.37,AS-DHA-01
2020-03-31,0.0,37.38,AS-DHA-01
2020-04-01,0.3,36.68,AS-DHA-01
2020-04-02,0.0,36.07,AS-DHA-01
2020-04-03,0.0,36.33,AS-DHA-01
2020-04-04,1.3,36.94,AS-DHA-01
2020-04-05,0.0,37.2,AS-DHA-01
2020-04-06,0.0,36.5,AS-DHA-01
2020-04-07,0.6,35.65,AS-DHA-01
2020-04-08,2.3,35.65,AS-DHA-01
2020-04-09,2.3,37.29,AS-DHA-01
2020-04-10,3.1,39.28,AS-DHA-01
2020-04-11,0.0,39.66,AS-DHA-01
2020-04-12,0.7,38.91,AS-DHA-01
2020-04-13,0.0,38.18,AS-DHA-01
2020-04-14,0.0,37.2,AS-DHA-01
2020-04-15,0.0,36.33,AS-DHA-01
2020-04-16,1.8,35.9,AS-DHA-01
2020-04-17,5.4,39.01,AS-DHA-01
2020-04-18,27.6,111.22,AS-DHA-01
2020-04-19,13.8,168.46,AS-DHA-01
2020-04-20,12.9,149.69,AS-DHA-01
2020-04-21,2.8,135.8,AS-DHA-01
2020-04-22,27.4,175.23,AS-DHA-01
2020-04-23,1.5,163.09,AS-DHA-01
2020-04-24,6.8,142.25,AS-DHA-01
2020-04-25,1.0,129.94,AS-DHA-01
2020-04-26,0.1,121.77,AS-DHA-01
2020-04-27,17.3,114.37,AS-DHA-01
2020-04-28,2.1,114.11,AS-DHA-01
2020-04-29,14.7,130.24,AS-DHA-01
2020-04-30,2.6,140.28,AS-DHA-01
2020-05-01,0.2,137.07,AS-DHA-01
2020-05-02,4.6,131.15,AS-DHA-01
2020-05-03,1.8,129.94,AS-DHA-01
2020-05-04,1.9,131.46,AS-DHA-01
2020-05-05,1.9,133.31,AS-DHA-01
2020-05-06,4.0,135.17,AS-DHA-01
2020-05-07,5.0,133.31,AS-DHA-01
2020-05-08,4.9,128.45,AS-DHA-01
2020-05-09,0.2,120.92,AS-DHA-01
2020-05-10,0.0,112.26,AS-DHA-01
2020-05-11,0.3,104.95,AS-DHA-01
2020-05-12,15.3,125.79,AS-DHA-01
2020-05-13,37.9,205.1,AS-DHA-01
2020-05-14,9.5,212.35,AS-DHA-01
2020-05-15,9.3,224.98,AS-DHA-01
2020-05-16,14.4,269.45,AS-DHA-01
2020-05-17,7.7,257.87,AS-DHA-01
2020-05-18,0.7,223.94,AS-DHA-01
2020-05-19,0.4,196.28,AS-DHA-01
2020-05-20,5.8,182.69,AS-DHA-01
2020-05-21,19.7,187.4,AS-DHA-01
2020-05-22,5.2,187.83,AS-DHA-01
2020-05-23,5.9,182.26,AS-DHA-01
2020-05-24,34.8,179.75,AS-DHA-01
2020-05-25,15.1,191.34,AS-DHA-01
2020-05-26,72.1,402.73,AS-DHA-01
2020-05-27,5.4,1636.12,AS-DHA-01
2020-05-28,5.5,1540.98,AS-DHA-01
2020-05-29,7.3,994.59,AS-DHA-01
2020-05-30,2.2,755.98,AS-DHA-01
2020-05-31,0.1,641.81,AS-DHA-01
2020-06-01,11.3,575.88,AS-DHA-01
2020-06-02,3.1,519.09,AS-DHA-01
2020-06-03,11.8,507.25,AS-DHA-01
2020-06-04,4.3,494.54,AS-DHA-01
2020-06-05,16.4,468.98,AS-DHA-01
2020-06-06,20.9,453.03,AS-DHA-01
2020-06-07,4.4,431.59,AS-DHA-01
2020-06-08,1.7,406.46,AS-DHA-01
2020-06-09,0.0,398.1,AS-DHA-01
2020-06-10,6.6,427.63,AS-DHA-01
2020-06-11,7.9,442.69,AS-DHA-01
2020-06-12,15.8,430.6,AS-DHA-01
2020-06-13,13.8,428.62,AS-DHA-01
2020-06-14,2.0,422.72,AS-DHA-01
2020-06-15,7.2,423.7,AS-DHA-01
2020-06-16,10.3,414.99,AS-DHA-01
2020-06-17,61.9,679.9,AS-DHA-01
2020-06-18,7.2,806.39,AS-DHA-01
2020-06-19,8.5,694.16,AS-DHA-01
2020-06-20,11.9,670.56,AS-DHA-01
2020-06-21,15.7,650.75,AS-DHA-01
2020-06-22,5.0,612.88,AS-DHA-01
2020-06-23,5.9,564.04,AS-DHA-01
2020-06-24,28.2,522.7,AS-DHA-01
2020-06-25,26.6,495.69,AS-DHA-01
2020-06-26,20.0,532.43,AS-DHA-01
2020-06-27,26.4,679.9,AS-DHA-01
2020-06-28,11.2,718.59,AS-DHA-01
2020-06-29,7.2,643.28,AS-DHA-01
2020-06-30,1.3,578.53,AS-DHA-01
2020-07-01,2.3,527.54,AS-DHA-01
2020-07-02,26.3,502.59,AS-DHA-01
2020-07-03,23.9,501.44,AS-DHA-01
2020-07-04,4.6,519.09,AS-DHA-01
2020-07-05,3.7,546.12,AS-DHA-01
2020-07-06,5.0,614.29,AS-DHA-01
2020-07-07,11.5,628.63,AS-DHA-01
2020-07-08,12.4,593.4,AS-DHA-01
2020-07-09,33.8,577.21,AS-DHA-01
2020-07-10,40.8,604.46,AS-DHA-01
2020-07-11,28.7,743.87,AS-DHA-01
2020-07-12,11.6,780.77,AS-DHA-01
2020-07-13,4.2,737.05,AS-DHA-01
2020-07-14,14.1,670.56,AS-DHA-01
2020-07-15,6.1,615.71,AS-DHA-01
2020-07-16,15.7,577.21,AS-DHA-01
2020-07-17,1.6,542.35,AS-DHA-01
2020-07-18,15.8,520.3,AS-DHA-01
2020-07-19,12.6,529.99,AS-DHA-01
2020-07-20,55.8,592.03,AS-DHA-01
2020-07-21,30.5,627.18,AS-DHA-01
2020-07-22,7.8,630.07,AS-DHA-01
2020-07-23,5.8,848.34,AS-DHA-01
2020-07-24,11.6,1015.44,AS-DHA-01
2020-07-25,4.8,904.9,AS-DHA-01
2020-07-26,4.8,777.18,AS-DHA-01
2020-07-27,21.6,692.55,AS-DHA-01
2020-07-28,8.7,675.21,AS-DHA-01
2020-07-29,8.5,670.56,AS-DHA-01
2020-07-30,2.6,655.27,AS-DHA-01
2020-07-31,8.4,635.91,AS-DHA-01
2020-08-01,4.2,598.9,AS-DHA-01
2020-08-02,2.3,555.01,AS-DHA-01
2020-08-03,1.0,515.52,AS-DHA-01
2020-08-04,0.0,483.26,AS-DHA-01
2020-08-05,0.0,459.35,AS-DHA-01
2020-08-06,7.5,441.67,AS-DHA-01
2020-08-07,16.8,430.6,AS-DHA-01
2020-08-08,10.1,416.91,AS-DHA-01
2020-08-09,9.7,414.99,AS-DHA-01
2020-08-10,29.0,411.18,AS-DHA-01
2020-08-11,9.7,399.02,AS-DHA-01
2020-08-12,12.0,388.12,AS-DHA-01
2020-08-13,12.4,392.63,AS-DHA-01
2020-08-14,14.8,422.72,AS-DHA-01
2020-08-15,7.3,458.29,AS-DHA-01
2020-08-16,5.3,506.09,AS-DHA-01
2020-08-17,15.7,539.85,AS-DHA-01
2020-08-18,3.8,521.49,AS-DHA-01
2020-08-19,25.2,546.12,AS-DHA-01
2020-08-20,23.8,618.56,AS-DHA-01
2020-08-21,13.2,596.14,AS-DHA-01
2020-08-22,15.2,539.85,AS-DHA-01
2020-08-23,3.2,495.69,AS-DHA-01
2020-08-24,35.8,479.93,AS-DHA-01
2020-08-25,17.1,474.42,AS-DHA-01
2020-08-26,3.1,464.67,AS-DHA-01
2020-08-27,2.1,442.69,AS-DHA-01
2020-08-28,2.1,417.87,AS-DHA-01
2020-08-29,8.8,395.35,AS-DHA-01
2020-08-30,4.0,381.01,AS-DHA-01
2020-08-31,10.0,386.33,AS-DHA-01
2020-09-01,8.5,398.1,AS-DHA-01
2020-09-02,3.8,399.02,AS-DHA-01
2020-09-03,1.1,380.13,AS-DHA-01
2020-09-04,6.0,356.34,AS-DHA-01
2020-09-05,6.5,339.47,AS-DHA-01
2020-09-06,14.4,326.41,AS-DHA-01
2020-09-07,4.8,316.02,AS-DHA-01
2020-09-08,2.8,306.67,AS-DHA-01
2020-09-09,4.1,303.15,AS-DHA-01
2020-09-10,15.4,318.21,AS-DHA-01
2020-09-11,14.3,323.4,AS-DHA-01
2020-09-12,7.1,380.13,AS-DHA-01
2020-09-13,12.7,423.7,AS-DHA-01
2020-09-14,8.0,415.95,AS-DHA-01
2020-09-15,2.8,391.72,AS-DHA-01
2020-09-16,15.1,369.76,AS-DHA-01
2020-09-17,13.6,362.98,AS-DHA-01
2020-09-18,1.1,360.48,AS-DHA-01
2020-09-19,0.0,343.41,AS-DHA-01
2020-09-20,0.2,321.17,AS-DHA-01
2020-09-21,9.5,346.6,AS-DHA-01
2020-09-22,46.0,444.74,AS-DHA-01
2020-09-23,7.3,488.87,AS-DHA-01
2020-09-24,12.7,564.04,AS-DHA-01
2020-09-25,18.5,653.76,AS-DHA-01
2020-09-26,22.1,649.25,AS-DHA-01
2020-09-27,37.4,601.67,AS-DHA-01
2020-09-28,1.6,536.13,AS-DHA-01
2020-09-29,1.4,481.04,AS-DHA-01
2020-09-30,4.0,442.69,AS-DHA-01
2020-10-01,10.7,427.63,AS-DHA-01
2020-10-02,7.0,451.98,AS-DHA-01
2020-10-03,5.9,491.13,AS-DHA-01
2020-10-04,20.8,557.58,AS-DHA-01
2020-10-05,31.6,619.98,AS-DHA-01
2020-10-06,9.5,630.07,AS-DHA-01
2020-10-07,20.7,596.14,AS-DHA-01
2020-10-08,0.6,539.85,AS-DHA-01
2020-10-09,0.2,494.54,AS-DHA-01
2020-10-10,2.0,470.06,AS-DHA-01
2020-10-11,1.4,455.12,AS-DHA-01
2020-10-12,3.7,436.6,AS-DHA-01
2020-10-13,0.2,414.03,AS-DHA-01
2020-10-14,0.1,390.82,AS-DHA-01
2020-10-15,0.0,368.9,AS-DHA-01
2020-10-16,0.0,348.21,AS-DHA-01
2020-10-17,0.0,325.65,AS-DHA-01
2020-10-18,3.0,327.91,AS-DHA-01
2020-10-19,18.3,359.65,AS-DHA-01
2020-10-20,10.9,360.48,AS-DHA-01
2020-10-21,1.5,385.44,AS-DHA-01
2020-10-22,23.6,592.03,AS-DHA-01
2020-10-23,31.3,1108.38,AS-DHA-01
2020-10-24,42.5,1272.74,AS-DHA-01
2020-10-25,0.0,1006.12,AS-DHA-01
2020-10-26,1.0,804.53,AS-DHA-01
2020-10-27,0.1,686.19,AS-DHA-01
2020-10-28,0.0,611.46,AS-DHA-01
2020-10-29,0.0,552.46,AS-DHA-01
2020-10-30,0.0,503.75,AS-DHA-01
2020-10-31,4.5,492.27,AS-DHA-01
2020-11-01,0.6,491.13,AS-DHA-01
2020-11-02,3.3,472.24,AS-DHA-01
2020-11-03,1.4,449.91,AS-DHA-01
2020-11-04,1.5,426.64,AS-DHA-01
2020-11-05,0.3,399.94,AS-DHA-01
2020-11-06,0.0,372.32,AS-DHA-01
2020-11-07,0.0,345.81,AS-DHA-01
2020-11-08,0.0,321.17,AS-DHA-01
2020-11-09,0.0,297.6,AS-DHA-01
2020-11-10,0.0,275.74,AS-DHA-01
2020-11-11,0.0,256.09,AS-DHA-01
2020-11-12,0.0,237.28,AS-DHA-01
2020-11-13,0.0,219.84,AS-DHA-01
2020-11-14,0.0,203.21,AS-DHA-01
2020-11-15,0.0,188.27,AS-DHA-01
2020-11-16,0.0,174.42,AS-DHA-01
2020-11-17,6.5,162.34,AS-DHA-01
2020-11-18,1.3,154.63,AS-DHA-01
2020-11-19,0.4,146.94,AS-DHA-01
2020-11-20,0.6,137.07,AS-DHA-01
2020-11-21,6.4,128.45,AS-DHA-01
2020-11-22,2.1,122.05,AS-DHA-01
2020-11-23,0.0,117.05,AS-DHA-01
2020-11-24,0.0,110.71,AS-DHA-01
2020-11-25,0.0,103.25,AS-DHA-01
2020-11-26,0.0,96.52,AS-DHA-01
2020-11-27,0.0,90.22,AS-DHA-01
2020-11-28,0.0,84.72,AS-DHA-01
2020-11-29,0.0,79.55,AS-DHA-01
2020-11-30,0.0,75.05,AS-DHA-01
2020-12-01,0.0,70.96,AS-DHA-01
2020-12-02,0.0,67.41,AS-DHA-01
2020-12-03,0.0,64.47,AS-DHA-01
2020-12-04,0.1,62.4,AS-DHA-01
2020-12-05,0.6,60.81,AS-DHA-01
2020-12-06,1.5,59.54,AS-DHA-01
2020-12-07,2.2,58.45,AS-DHA-01
2020-12-08,0.0,57.36,AS-DHA-01
2020-12-09,0.0,56.16,AS-DHA-01
2020-12-10,0.0,55.11,AS-DHA-01
2020-12-11,0.0,54.34,AS-DHA-01
2020-12-12,0.2,53.84,AS-DHA-01
2020-12-13,2.8,53.22,AS-DHA-01
2020-12-14,0.0,52.97,AS-DHA-01
2020-12-15,0.0,52.59,AS-DHA-01
2020-12-16,0.1,52.22,AS-DHA-01
2020-12-17,1.4,51.86,AS-DHA-01
2020-12-18,1.7,51.61,AS-DHA-01
2020-12-19,0.0,51.37,AS-DHA-01
2020-12-20,0.0,51.01,AS-DHA-01
2020-12-21,0.0,50.65,AS-DHA-01
2020-12-22,0.0,50.29,AS-DHA-01
2020-12-23,0.0,49.94,AS-DHA-01
2020-12-24,0.0,49.71,AS-DHA-01
2020-12-25,0.0,49.37,AS-DHA-01
2020-12-26,0.0,49.02,AS-DHA-01
2020-12-27,0.0,48.67,AS-DHA-01
2020-12-28,0.0,48.45,AS-DHA-01
2020-12-29,0.0,48.1,AS-DHA-01
2020-12-30,0.0,47.77,AS-DHA-01
2020-12-31,0.0,47.54,AS-DHA-01
2021-01-01,0.0,47.21,AS-DHA-01
2021-01-02,0.0,46.87,AS-DHA-01
2021-01-03,0.0,46.54,AS-DHA-01
2021-01-04,0.0,46.22,AS-DHA-01
2021-01-05,0.0,45.89,AS-DHA-01
2021-01-06,0.0,45.57,AS-DHA-01
2021-01-07,0.0,45.24,AS-DHA-01
2021-01-08,0.0,45.03,AS-DHA-01
2021-01-09,1.6,44.72,AS-DHA-01
2021-01-10,4.0,44.72,AS-DHA-01
2021-01-11,1.2,45.24,AS-DHA-01
2021-01-12,1.0,45.67,AS-DHA-01
2021-01-13,0.9,45.14,AS-DHA-01
2021-01-14,0.0,44.51,AS-DHA-01
2021-01-15,0.0,43.99,AS-DHA-01
2021-01-16,0.0,43.58,AS-DHA-01
2021-01-17,0.0,43.27,AS-DHA-01
2021-01-18,0.2,42.97,AS-DHA-01
2021-01-19,3.6,43.48,AS-DHA-01
2021-01-20,6.2,46.54,AS-DHA-01
2021-01-21,0.6,51.37,AS-DHA-01
2021-01-22,0.0,54.22,AS-DHA-01
2021-01-23,0.0,51.98,AS-DHA-01
2021-01-24,1.3,48.22,AS-DHA-01
2021-01-25,0.8,45.78,AS-DHA-01
2021-01-26,0.0,44.2,AS-DHA-01
2021-01-27,0.0,43.07,AS-DHA-01
2021-01-28,0.0,42.26,AS-DHA-01
2021-01-29,0.0,41.67,AS-DHA-01
2021-01-30,3.3,41.47,AS-DHA-01
2021-01-31,0.1,41.27,AS-DHA-01
2021-02-01,0.0,40.98,AS-DHA-01
2021-02-02,0.0,40.69,AS-DHA-01
2021-02-03,0.0,40.31,AS-DHA-01
2021-02-04,0.0,39.94,AS-DHA-01
2021-02-05,0.0,39.66,AS-DHA-01
2021-02-06,0.0,39.38,AS-DHA-01
2021-02-07,0.0,38.55,AS-DHA-01
2021-02-08,0.0,37.65,AS-DHA-01
2021-02-09,0.0,37.2,AS-DHA-01
2021-02-10,0.0,36.85,AS-DHA-01
2021-02-11,0.0,36.59,AS-DHA-01
2021-02-12,0.0,36.33,AS-DHA-01
2021-02-13,0.0,35.99,AS-DHA-01
2021-02-14,0.0,35.73,AS-DHA-01
2021-02-15,0.0,35.48,AS-DHA-01
2021-02-16,1.0,35.15,AS-DHA-01
2021-02-17,0.0,34.99,AS-DHA-01
2021-02-18,0.0,34.82,AS-DHA-01
2021-02-19,0.0,34.74,AS-DHA-01
2021-02-20,0.0,34.82,AS-DHA-01
2021-02-21,0.0,34.74,AS-DHA-01
2021-02-22,0.0,34.33,AS-DHA-01
2021-02-23,0.1,33.92,AS-DHA-01
2021-02-24,0.0,33.6,AS-DHA-01
2021-02-25,0.1,33.36,AS-DHA-01
2021-02-26,0.0,33.29,AS-DHA-01
2021-02-27,0.2,33.84,AS-DHA-01
2021-02-28,4.2,34.33,AS-DHA-01
2021-03-01,1.0,34.41,AS-DHA-01
2021-03-02,0.2,34.33,AS-DHA-01
2021-03-03,0.2,34.17,AS-DHA-01
2021-03-04,2.8,33.92,AS-DHA-01
2021-03-05,0.1,34.9,AS-DHA-01
2021-03-06,6.7,41.86,AS-DHA-01
2021-03-07,0.0,45.67,AS-DHA-01
2021-03-08,0.0,46.22,AS-DHA-01
2021-03-09,15.4,45.03,AS-DHA-01
2021-03-10,19.7,46.43,AS-DHA-01
2021-03-11,1.0,48.45,AS-DHA-01
2021-03-12,0.0,47.77,AS-DHA-01
2021-03-13,0.1,44.93,AS-DHA-01
2021-03-14,14.2,45.24,AS-DHA-01
2021-03-15,0.1,46.11,AS-DHA-01
2021-03-16,0.0,45.24,AS-DHA-01
2021-03-17,0.0,42.66,AS-DHA-01
2021-03-18,0.0,40.12,AS-DHA-01
2021-03-19,0.0,38.0,AS-DHA-01
2021-03-20,0.0,36.42,AS-DHA-01
2021-03-21,0.0,34.99,AS-DHA-01
2021-03-22,0.0,33.76,AS-DHA-01
2021-03-23,0.0,32.74,AS-DHA-01
2021-03-24,0.0,31.89,AS-DHA-01
2021-03-25,0.0,31.21,AS-DHA-01
2021-03-26,0.0,30.63,AS-DHA-01
2021-03-27,0.0,30.2,AS-DHA-01
2021-03-28,0.0,29.77,AS-DHA-01
2021-03-29,0.0,29.49,AS-DHA-01
2021-03-30,32.2,30.7,AS-DHA-01
2021-03-31,58.9,138.03,AS-DHA-01
2021-04-01,10.8,183.96,AS-DHA-01
2021-04-02,5.2,146.94,AS-DHA-01
2021-04-03,0.0,119.53,AS-DHA-01
2021-04-04,0.0,98.79,AS-DHA-01
2021-04-05,0.0,82.96,AS-DHA-01
2021-04-06,0.0,71.63,AS-DHA-01
2021-04-07,0.5,63.58,AS-DHA-01
2021-04-08,3.5,61.82,AS-DHA-01
2021-04-09,5.3,62.26,AS-DHA-01
2021-04-10,0.2,63.58,AS-DHA-01
2021-04-11,0.1,61.24,AS-DHA-01
2021-04-12,0.0,56.96,AS-DHA-01
2021-04-13,0.0,53.09,AS-DHA-01
2021-04-14,5.0,50.18,AS-DHA-01
2021-04-15,1.1,47.88,AS-DHA-01
2021-04-16,3.9,47.43,AS-DHA-01
2021-04-17,1.8,53.97,AS-DHA-01
2021-04-18,7.5,71.46,AS-DHA-01
2021-04-19,1.9,76.64,AS-DHA-01
2021-04-20,1.6,72.98,AS-DHA-01
2021-04-21,0.3,67.25,AS-DHA-01
2021-04-22,0.1,61.82,AS-DHA-01
2021-04-23,0.0,58.45,AS-DHA-01
2021-04-24,0.0,55.77,AS-DHA-01
2021-04-25,0.0,52.35,AS-DHA-01
2021-04-26,0.0,48.9,AS-DHA-01
2021-04-27,0.0,46.43,AS-DHA-01
2021-04-28,0.5,45.14,AS-DHA-01
2021-04-29,0.0,44.2,AS-DHA-01
2021-04-30,5.4,42.86,AS-DHA-01
2021-05-01,2.7,41.96,AS-DHA-01
2021-05-02,8.4,41.86,AS-DHA-01
2021-05-03,4.0,42.66,AS-DHA-01
2021-05-04,4.3,45.35,AS-DHA-01
2021-05-05,15.8,49.25,AS-DHA-01
2021-05-06,5.0,52.35,AS-DHA-01
2021-05-07,4.0,53.22,AS-DHA-01
2021-05-08,7.0,52.72,AS-DHA-01
2021-05-09,11.8,57.76,AS-DHA-01
2021-05-10,13.9,65.23,AS-DHA-01
2021-05-11,18.4,79.18,AS-DHA-01
2021-05-12,12.7,82.96,AS-DHA-01
2021-05-13,9.8,107.16,AS-DHA-01
2021-05-14,12.7,137.71,AS-DHA-01
2021-05-15,7.0,133.62,AS-DHA-01
2021-05-16,10.1,119.81,AS-DHA-01
2021-05-17,10.6,108.42,AS-DHA-01
2021-05-18,11.9,104.46,AS-DHA-01
2021-05-19,24.3,119.81,AS-DHA-01
2021-05-20,3.4,132.38,AS-DHA-01
2021-05-21,3.9,134.54,AS-DHA-01
2021-05-22,5.4,134.24,AS-DHA-01
2021-05-23,0.4,125.2,AS-DHA-01
2021-05-24,4.1,116.78,AS-DHA-01
2021-05-25,1.1,112.78,AS-DHA-01
2021-05-26,92.7,213.33,AS-DHA-01
2021-05-27,4.4,227.61,AS-DHA-01
2021-05-28,0.7,202.27,AS-DHA-01
2021-05-29,9.4,176.05,AS-DHA-01
2021-05-30,6.3,154.63,AS-DHA-01
2021-05-31,11.4,145.24,AS-DHA-01
2021-06-01,11.5,194.02,AS-DHA-01
2021-06-02,5.8,205.57,AS-DHA-01
2021-06-03,1.6,186.53,AS-DHA-01
2021-06-04,3.5,167.68,AS-DHA-01
2021-06-05,26.1,163.85,AS-DHA-01
2021-06-06,41.5,222.4,AS-DHA-01
2021-06-07,9.5,253.73,AS-DHA-01
2021-06-08,10.2,258.47,AS-DHA-01
2021-06-09,1.2,239.48,AS-DHA-01
2021-06-10,0.2,224.98,AS-DHA-01
2021-06-11,15.5,238.93,AS-DHA-01
2021-06-12,28.4,255.5,AS-DHA-01
2021-06-13,2.5,260.87,AS-DHA-01
2021-06-14,4.5,263.9,AS-DHA-01
2021-06-15,3.8,254.91,AS-DHA-01
2021-06-16,21.6,277.66,AS-DHA-01
2021-06-17,9.9,346.6,AS-DHA-01
2021-06-18,17.2,475.52,AS-DHA-01
2021-06-19,2.9,560.15,AS-DHA-01
2021-06-20,3.2,538.61,AS-DHA-01
2021-06-21,2.4,486.62,AS-DHA-01
2021-06-22,13.7,556.29,AS-DHA-01
2021-06-23,6.6,567.95,AS-DHA-01
2021-06-24,6.9,490.0,AS-DHA-01
2021-06-25,5.9,438.62,AS-DHA-01
2021-06-26,5.2,405.52,AS-DHA-01
2021-06-27,2.5,375.77,AS-DHA-01
2021-06-28,7.5,351.43,AS-DHA-01
2021-06-29,6.9,330.96,AS-DHA-01
2021-06-30,8.3,365.5,AS-DHA-01
2021-07-01,5.5,421.75,AS-DHA-01
2021-07-02,6.9,451.98,AS-DHA-01
2021-07-03,8.9,459.35,AS-DHA-01
2021-07-04,6.0,447.83,AS-DHA-01
2021-07-05,5.8,414.99,AS-DHA-01
2021-07-06,20.6,383.67,AS-DHA-01
2021-07-07,10.5,408.33,AS-DHA-01
2021-07-08,4.2,436.6,AS-DHA-01
2021-07-09,16.0,450.94,AS-DHA-01
2021-07-10,21.4,456.17,AS-DHA-01
2021-07-11,0.1,438.62,AS-DHA-01
2021-07-12,2.3,434.6,AS-DHA-01
2021-07-13,20.2,460.4,AS-DHA-01
2021-07-14,45.6,472.24,AS-DHA-01
2021-07-15,5.6,445.76,AS-DHA-01
2021-07-16,8.2,492.27,AS-DHA-01
2021-07-17,7.2,514.33,AS-DHA-01
2021-07-18,19.3,484.38,AS-DHA-01
2021-07-19,11.2,457.23,AS-DHA-01
2021-07-20,10.7,443.72,AS-DHA-01
2021-07-21,9.4,442.69,AS-DHA-01
2021-07-22,4.2,449.91,AS-DHA-01
2021-07-23,2.4,474.42,AS-DHA-01
2021-07-24,0.7,485.5,AS-DHA-01
2021-07-25,6.5,459.35,AS-DHA-01
2021-07-26,22.7,432.59,AS-DHA-01
2021-07-27,1.9,431.59,AS-DHA-01
2021-07-28,41.8,468.98,AS-DHA-01
2021-07-29,53.5,546.12,AS-DHA-01
2021-07-30,38.5,625.73,AS-DHA-01
2021-07-31,59.4,720.24,AS-DHA-01
2021-08-01,52.1,720.24,AS-DHA-01
2021-08-02,4.8,698.98,AS-DHA-01
2021-08-03,16.3,637.38,AS-DHA-01
2021-08-04,10.5,598.9,AS-DHA-01
2021-08-05,21.4,587.95,AS-DHA-01
2021-08-06,26.3,647.76,AS-DHA-01
2021-08-07,8.2,675.21,AS-DHA-01
2021-08-08,3.8,630.07,AS-DHA-01
2021-08-09,7.3,570.59,AS-DHA-01
2021-08-10,3.1,531.2,AS-DHA-01
2021-08-11,15.8,726.92,AS-DHA-01
2021-08-12,26.0,759.47,AS-DHA-01
2021-08-13,10.3,791.65,AS-DHA-01
2021-08-14,9.5,757.72,AS-DHA-01
2021-08-15,16.8,676.76,AS-DHA-01
2021-08-16,21.7,631.53,AS-DHA-01
2021-08-17,10.6,634.45,AS-DHA-01
2021-08-18,6.5,684.62,AS-DHA-01
2021-08-19,18.1,689.37,AS-DHA-01
2021-08-20,7.0,644.77,AS-DHA-01
2021-08-21,1.3,592.03,AS-DHA-01
2021-08-22,2.5,547.38,AS-DHA-01
2021-08-23,19.4,522.7,AS-DHA-01
2021-08-24,23.0,615.71,AS-DHA-01
2021-08-25,28.7,683.04,AS-DHA-01
2021-08-26,39.7,713.63,AS-DHA-01
2021-08-27,17.2,743.87,AS-DHA-01
2021-08-28,6.1,718.59,AS-DHA-01
2021-08-29,9.8,762.98,AS-DHA-01
2021-08-30,8.2,778.98,AS-DHA-01
2021-08-31,4.5,726.92,AS-DHA-01
2021-09-01,5.1,679.9,AS-DHA-01
2021-09-02,10.6,659.82,AS-DHA-01
2021-09-03,2.1,637.38,AS-DHA-01
2021-09-04,2.7,597.52,AS-DHA-01
2021-09-05,4.7,561.45,AS-DHA-01
2021-09-06,14.0,566.65,AS-DHA-01
2021-09-07,0.9,570.59,AS-DHA-01
2021-09-08,2.5,552.46,AS-DHA-01
2021-09-09,0.9,532.43,AS-DHA-01
2021-09-10,0.0,513.14,AS-DHA-01
2021-09-11,0.0,491.13,AS-DHA-01
2021-09-12,0.0,466.82,AS-DHA-01
2021-09-13,0.1,439.64,AS-DHA-01
2021-09-14,0.0,413.07,AS-DHA-01
2021-09-15,4.6,433.59,AS-DHA-01
2021-09-16,31.6,495.69,AS-DHA-01
2021-09-17,10.8,516.7,AS-DHA-01
2021-09-18,21.6,517.9,AS-DHA-01
2021-09-19,1.2,507.25,AS-DHA-01
2021-09-20,8.1,493.4,AS-DHA-01
2021-09-21,19.9,499.13,AS-DHA-01
2021-09-22,4.0,499.13,AS-DHA-01
2021-09-23,0.6,483.26,AS-DHA-01
2021-09-24,1.6,455.12,AS-DHA-01
2021-09-25,0.3,429.61,AS-DHA-01
2021-09-26,0.0,407.4,AS-DHA-01
2021-09-27,0.1,385.44,AS-DHA-01
2021-09-28,18.2,384.55,AS-DHA-01
2021-09-29,15.4,389.01,AS-DHA-01
2021-09-30,2.1,374.05,AS-DHA-01
2021-10-01,0.7,349.01,AS-DHA-01
2021-10-02,8.2,326.41,AS-DHA-01
2021-10-03,13.8,317.48,AS-DHA-01
2021-10-04,13.0,310.23,AS-DHA-01
2021-10-05,0.4,301.05,AS-DHA-01
2021-10-06,0.3,290.12,AS-DHA-01
2021-10-07,3.1,275.74,AS-DHA-01
2021-10-08,1.7,259.67,AS-DHA-01
2021-10-09,3.9,245.65,AS-DHA-01
2021-10-10,0.9,231.86,AS-DHA-01
2021-10-11,0.0,216.81,AS-DHA-01
2021-10-12,0.0,201.34,AS-DHA-01
2021-10-13,0.0,186.53,AS-DHA-01
2021-10-14,0.0,175.64,AS-DHA-01
2021-10-15,0.0,167.68,AS-DHA-01
2021-10-16,2.6,158.98,AS-DHA-01
2021-10-17,1.7,150.73,AS-DHA-01
2021-10-18,17.2,143.24,AS-DHA-01
2021-10-19,5.5,139.3,AS-DHA-01
2021-10-20,15.9,155.35,AS-DHA-01
2021-10-21,4.2,166.53,AS-DHA-01
2021-10-22,0.1,164.99,AS-DHA-01
2021-10-23,0.0,153.2,AS-DHA-01
2021-10-24,0.0,140.28,AS-DHA-01
2021-10-25,0.7,129.35,AS-DHA-01
2021-10-26,0.6,120.09,AS-DHA-01
2021-10-27,0.1,112.0,AS-DHA-01
2021-10-28,0.0,104.46,AS-DHA-01
2021-10-29,0.0,97.65,AS-DHA-01
2021-10-30,0.0,92.13,AS-DHA-01
2021-10-31,1.9,86.92,AS-DHA-01
2021-11-01,1.4,82.01,AS-DHA-01
2021-11-02,0.0,77.36,AS-DHA-01
2021-11-03,0.0,73.31,AS-DHA-01
2021-11-04,0.0,69.64,AS-DHA-01
2021-11-05,0.0,66.62,AS-DHA-01
2021-11-06,0.0,63.29,AS-DHA-01
2021-11-07,0.0,60.11,AS-DHA-01
2021-11-08,0.0,57.49,AS-DHA-01
2021-11-09,0.0,54.98,AS-DHA-01
2021-11-10,0.0,52.97,AS-DHA-01
2021-11-11,0.0,51.25,AS-DHA-01
2021-11-12,0.0,50.18,AS-DHA-01
2021-11-13,0.0,49.37,AS-DHA-01
2021-11-14,0.0,48.67,AS-DHA-01
2021-11-15,0.0,47.88,AS-DHA-01
2021-11-16,0.0,46.98,AS-DHA-01
2021-11-17,0.0,46.32,AS-DHA-01
2021-11-18,0.0,45.67,AS-DHA-01
2021-11-19,0.0,45.14,AS-DHA-01
2021-11-20,0.0,44.72,AS-DHA-01
2021-11-21,0.4,44.41,AS-DHA-01
2021-11-22,1.6,44.2,AS-DHA-01
2021-11-23,0.5,43.99,AS-DHA-01
2021-11-24,0.0,43.78,AS-DHA-01
2021-11-25,0.0,43.48,AS-DHA-01
2021-11-26,0.0,43.17,AS-DHA-01
2021-11-27,0.0,42.86,AS-DHA-01
2021-11-28,0.0,42.56,AS-DHA-01
2021-11-29,0.0,42.26,AS-DHA-01
2021-11-30,0.0,41.96,AS-DHA-01
2021-12-01,0.0,41.57,AS-DHA-01
2021-12-02,0.0,41.18,AS-DHA-01
2021-12-03,0.0,40.89,AS-DHA-01
2021-12-04,0.0,40.6,AS-DHA-01
2021-12-05,0.0,40.31,AS-DHA-01
2021-12-06,0.1,40.5,AS-DHA-01
2021-12-07,2.6,44.2,AS-DHA-01
2021-12-08,0.0,50.77,AS-DHA-01
2021-12-09,0.0,53.72,AS-DHA-01
2021-12-10,0.6,52.35,AS-DHA-01
2021-12-11,0.3,49.94,AS-DHA-01
2021-12-12,0.0,47.43,AS-DHA-01
2021-12-13,0.0,45.24,AS-DHA-01
2021-12-14,0.0,43.27,AS-DHA-01
2021-12-15,0.0,41.67,AS-DHA-01
2021-12-16,0.0,40.5,AS-DHA-01
2021-12-17,0.0,39.66,AS-DHA-01
2021-12-18,0.0,38.91,AS-DHA-01
2021-12-19,0.0,38.37,AS-DHA-01
2021-12-20,0.0,38.0,AS-DHA-01
2021-12-21,0.0,37.65,AS-DHA-01
2021-12-22,2.0,37.47,AS-DHA-01
2021-12-23,0.0,37.56,AS-DHA-01
2021-12-24,0.0,37.65,AS-DHA-01
2021-12-25,3.4,37.2,AS-DHA-01
2021-12-26,0.0,36.85,AS-DHA-01
2021-12-27,0.0,36.68,AS-DHA-01
2021-12-28,0.0,36.42,AS-DHA-01
2021-12-29,0.0,36.07,AS-DHA-01
2021-12-30,0.4,35.73,AS-DHA-01
2021-12-31,0.0,35.73,AS-DHA-01
2022-01-01,0.0,35.65,AS-DHA-01
2022-01-02,0.0,35.32,AS-DHA-01
2022-01-03,0.2,34.82,AS-DHA-01
2022-01-04,0.0,34.49,AS-DHA-01
2022-01-05,0.0,34.09,AS-DHA-01
2022-01-06,0.0,33.84,AS-DHA-01
2022-01-07,0.0,33.52,AS-DHA-01
2022-01-08,0.0,33.21,AS-DHA-01
2022-01-09,0.0,32.97,AS-DHA-01
2022-01-10,0.0,32.74,AS-DHA-01
2022-01-11,1.6,32.58,AS-DHA-01
2022-01-12,6.2,35.15,AS-DHA-01
2022-01-13,0.9,39.38,AS-DHA-01
2022-01-14,0.0,42.36,AS-DHA-01
2022-01-15,0.0,40.98,AS-DHA-01
2022-01-16,0.0,38.0,AS-DHA-01
2022-01-17,0.0,35.9,AS-DHA-01
2022-01-18,0.0,34.33,AS-DHA-01
2022-01-19,0.0,33.21,AS-DHA-01
2022-01-20,0.7,32.58,AS-DHA-01
2022-01-21,3.3,33.68,AS-DHA-01
2022-01-22,2.2,35.65,AS-DHA-01
2022-01-23,1.2,35.65,AS-DHA-01
2022-01-24,1.3,35.56,AS-DHA-01
2022-01-25,0.0,37.2,AS-DHA-01
2022-01-26,0.1,39.28,AS-DHA-01
2022-01-27,3.9,42.36,AS-DHA-01
2022-01-28,0.0,44.51,AS-DHA-01
2022-01-29,0.0,44.2,AS-DHA-01
2022-01-30,0.0,41.37,AS-DHA-01
2022-01-31,2.1,38.73,AS-DHA-01
2022-02-01,11.6,40.03,AS-DHA-01
2022-02-02,0.9,44.93,AS-DHA-01
2022-02-03,0.0,47.77,AS-DHA-01
2022-02-04,21.5,47.09,AS-DHA-01
2022-02-05,12.3,52.35,AS-DHA-01
2022-02-06,0.0,60.53,AS-DHA-01
2022-02-07,0.1,60.25,AS-DHA-01
2022-02-08,1.9,53.09,AS-DHA-01
2022-02-09,0.0,46.65,AS-DHA-01
2022-02-10,1.7,42.16,AS-DHA-01
2022-02-11,2.6,39.94,AS-DHA-01
2022-02-12,0.1,38.73,AS-DHA-01
2022-02-13,0.0,37.74,AS-DHA-01
2022-02-14,0.0,35.99,AS-DHA-01
2022-02-15,0.0,34.09,AS-DHA-01
2022-02-16,0.0,32.5,AS-DHA-01
2022-02-17,0.0,31.29,AS-DHA-01
2022-02-18,0.0,30.42,AS-DHA-01
2022-02-19,0.9,29.99,AS-DHA-01
2022-02-20,3.7,30.42,AS-DHA-01
2022-02-21,5.1,31.44,AS-DHA-01
2022-02-22,0.0,32.58,AS-DHA-01
2022-02-23,0.0,32.5,AS-DHA-01
2022-02-24,0.0,31.36,AS-DHA-01
2022-02-25,4.7,30.77,AS-DHA-01
2022-02-26,0.0,32.43,AS-DHA-01
2022-02-27,0.2,34.74,AS-DHA-01
2022-02-28,0.0,34.82,AS-DHA-01
2022-03-01,0.0,33.52,AS-DHA-01
2022-03-02,0.0,31.97,AS-DHA-01
2022-03-03,0.0,30.7,AS-DHA-01
2022-03-04,0.0,29.77,AS-DHA-01
2022-03-05,0.0,29.07,AS-DHA-01
2022-03-06,0.0,28.66,AS-DHA-01
2022-03-07,0.0,28.25,AS-DHA-01
2022-03-08,0.0,27.91,AS-DHA-01
2022-03-09,0.0,27.65,AS-DHA-01
2022-03-10,0.0,27.38,AS-DHA-01
2022-03-11,0.0,27.12,AS-DHA-01
2022-03-12,0.0,26.87,AS-DHA-01
2022-03-13,0.0,26.67,AS-DHA-01
2022-03-14,0.0,26.42,AS-DHA-01
2022-03-15,0.0,26.23,AS-DHA-01
2022-03-16,0.0,26.04,AS-DHA-01
2022-03-17,0.0,25.87,AS-DHA-01
2022-03-18,0.0,25.68,AS-DHA-01
2022-03-19,0.0,25.5,AS-DHA-01
2022-03-20,0.2,25.31,AS-DHA-01
2022-03-21,0.0,25.13,AS-DHA-01
2022-03-22,0.0,24.89,AS-DHA-01
2022-03-23,0.0,24.65,AS-DHA-01
2022-03-24,1.4,24.71,AS-DHA-01
2022-03-25,10.0,26.99,AS-DHA-01
2022-03-26,1.8,33.6,AS-DHA-01
2022-03-27,4.4,39.94,AS-DHA-01
2022-03-28,5.1,40.12,AS-DHA-01
2022-03-29,0.2,36.76,AS-DHA-01
2022-03-30,8.2,34.17,AS-DHA-01
2022-03-31,6.4,33.05,AS-DHA-01
2022-04-01,5.5,39.47,AS-DHA-01
2022-04-02,6.5,47.54,AS-DHA-01
2022-04-03,16.1,61.68,AS-DHA-01
2022-04-04,14.8,75.75,AS-DHA-01
2022-04-05,11.5,79.37,AS-DHA-01
2022-04-06,8.7,79.93,AS-DHA-01
2022-04-07,0.1,75.05,AS-DHA-01
2022-04-08,5.4,70.96,AS-DHA-01
2022-04-09,8.4,72.81,AS-DHA-01
2022-04-10,46.9,162.34,AS-DHA-01
2022-04-11,5.1,222.4,AS-DHA-01
2022-04-12,16.1,204.63,AS-DHA-01
2022-04-13,50.5,262.68,AS-DHA-01
2022-04-14,70.8,243.95,AS-DHA-01
2022-04-15,1.9,216.81,AS-DHA-01
2022-04-16,15.1,187.83,AS-DHA-01
2022-04-17,32.1,203.69,AS-DHA-01
2022-04-18,27.0,205.57,AS-DHA-01
2022-04-19,2.7,189.15,AS-DHA-01
2022-04-20,0.1,173.61,AS-DHA-01
2022-04-21,0.3,160.1,AS-DHA-01
2022-04-22,31.6,159.35,AS-DHA-01
2022-04-23,7.1,158.62,AS-DHA-01
2022-04-24,3.3,151.79,AS-DHA-01
2022-04-25,0.9,140.93,AS-DHA-01
2022-04-26,7.1,131.46,AS-DHA-01
2022-04-27,4.2,132.69,AS-DHA-01
2022-04-28,0.0,129.94,AS-DHA-01
2022-04-29,9.0,127.26,AS-DHA-01
2022-04-30,4.9,138.99,AS-DHA-01
2022-05-01,1.0,141.59,AS-DHA-01
2022-05-02,5.2,137.39,AS-DHA-01
2022-05-03,18.0,151.09,AS-DHA-01
2022-05-04,1.0,197.19,AS-DHA-01
2022-05-05,0.0,190.03,AS-DHA-01
2022-05-06,6.5,168.07,AS-DHA-01
2022-05-07,0.6,154.27,AS-DHA-01
2022-05-08,18.2,150.73,AS-DHA-01
2022-05-09,14.3,147.97,AS-DHA-01
2022-05-10,13.2,146.94,AS-DHA-01
2022-05-11,29.5,519.09,AS-DHA-01
2022-05-12,13.3,930.28,AS-DHA-01
2022-05-13,17.8,936.73,AS-DHA-01
2022-05-14,19.9,983.19,AS-DHA-01
2022-05-15,30.0,983.19,AS-DHA-01
2022-05-16,34.5,791.65,AS-DHA-01
2022-05-17,35.2,684.62,AS-DHA-01
2022-05-18,11.0,643.28,AS-DHA-01
2022-05-19,21.9,611.46,AS-DHA-01
2022-05-20,20.7,553.72,AS-DHA-01
2022-05-21,22.8,515.52,AS-DHA-01
2022-05-22,1.4,481.04,AS-DHA-01
2022-05-23,13.2,445.76,AS-DHA-01
2022-05-24,3.5,414.99,AS-DHA-01
2022-05-25,14.2,393.53,AS-DHA-01
2022-05-26,5.8,384.55,AS-DHA-01
2022-05-27,2.2,371.46,AS-DHA-01
2022-05-28,3.9,348.21,AS-DHA-01
2022-05-29,0.6,324.9,AS-DHA-01
2022-05-30,10.0,315.29,AS-DHA-01
2022-05-31,16.6,325.65,AS-DHA-01
2022-06-01,21.5,334.8,AS-DHA-01
2022-06-02,20.2,336.35,AS-DHA-01
2022-06-03,38.9,441.67,AS-DHA-01
2022-06-04,0.8,514.33,AS-DHA-01
2022-06-05,3.9,457.23,AS-DHA-01
2022-06-06,8.9,427.63,AS-DHA-01
2022-06-07,7.3,446.8,AS-DHA-01
2022-06-08,34.7,443.72,AS-DHA-01
2022-06-09,28.2,460.4,AS-DHA-01
2022-06-10,37.1,477.72,AS-DHA-01
2022-06-11,8.6,456.17,AS-DHA-01
2022-06-12,14.3,422.72,AS-DHA-01
2022-06-13,41.4,442.69,AS-DHA-01
2022-06-14,42.7,619.98,AS-DHA-01
2022-06-15,35.8,956.37,AS-DHA-01
2022-06-16,71.3,1093.16,AS-DHA-01
2022-06-17,39.1,1379.64,AS-DHA-01
2022-06-18,18.3,1530.37,AS-DHA-01
2022-06-19,13.5,1338.93,AS-DHA-01
2022-06-20,27.8,1116.07,AS-DHA-01
2022-06-21,17.7,985.46,AS-DHA-01
2022-06-22,21.4,906.99,AS-DHA-01
2022-06-23,33.9,838.62,AS-DHA-01
2022-06-24,24.2,788.01,AS-DHA-01
2022-06-25,14.4,761.22,AS-DHA-01
2022-06-26,10.2,715.27,AS-DHA-01
2022-06-27,23.7,670.56,AS-DHA-01
2022-06-28,18.5,658.29,AS-DHA-01
2022-06-29,23.3,689.37,AS-DHA-01
2022-06-30,16.4,686.19,AS-DHA-01
2022-07-01,11.8,656.78,AS-DHA-01
2022-07-02,17.5,641.81,AS-DHA-01
2022-07-03,16.8,630.07,AS-DHA-01
2022-07-04,12.8,611.46,AS-DHA-01
2022-07-05,18.5,597.52,AS-DHA-01
2022-07-06,18.9,574.55,AS-DHA-01
2022-07-07,1.2,539.85,AS-DHA-01
2022-07-08,21.2,508.42,AS-DHA-01
2022-07-09,9.3,486.62,AS-DHA-01
2022-07-10,7.1,515.52,AS-DHA-01
2022-07-11,22.8,567.95,AS-DHA-01
2022-07-12,20.5,560.15,AS-DHA-01
2022-07-13,1.1,519.09,AS-DHA-01
2022-07-14,0.6,477.72,AS-DHA-01
2022-07-15,0.5,444.74,AS-DHA-01
2022-07-16,42.1,427.63,AS-DHA-01
2022-07-17,28.8,415.95,AS-DHA-01
2022-07-18,3.1,399.02,AS-DHA-01
2022-07-19,11.5,377.51,AS-DHA-01
2022-07-20,36.9,357.16,AS-DHA-01
2022-07-21,16.0,360.48,AS-DHA-01
2022-07-22,19.4,376.64,AS-DHA-01
2022-07-23,25.8,454.08,AS-DHA-01
2022-07-24,26.3,484.38,AS-DHA-01
2022-07-25,40.7,464.67,AS-DHA-01
2022-07-26,5.9,443.72,AS-DHA-01
2022-07-27,5.7,432.59,AS-DHA-01
2022-07-28,9.3,415.95,AS-DHA-01
2022-07-29,10.4,403.65,AS-DHA-01
2022-07-30,27.1,399.02,AS-DHA-01
2022-07-31,8.7,381.01,AS-DHA-01
2022-08-01,4.2,381.01,AS-DHA-01
2022-08-02,17.4,379.27,AS-DHA-01
2022-08-03,0.5,369.76,AS-DHA-01
2022-08-04,17.6,405.52,AS-DHA-01
2022-08-05,6.2,460.4,AS-DHA-01
2022-08-06,2.6,457.23,AS-DHA-01
2022-08-07,40.1,434.6,AS-DHA-01
2022-08-08,10.1,461.47,AS-DHA-01
2022-08-09,0.4,479.93,AS-DHA-01
2022-08-10,4.4,449.91,AS-DHA-01
2022-08-11,0.1,413.07,AS-DHA-01
2022-08-12,3.9,383.67,AS-DHA-01
2022-08-13,17.4,358.82,AS-DHA-01
2022-08-14,0.5,334.8,AS-DHA-01
2022-08-15,1.8,359.65,AS-DHA-01
2022-08-16,1.7,385.44,AS-DHA-01
2022-08-17,0.6,356.34,AS-DHA-01
2022-08-18,12.3,321.91,AS-DHA-01
2022-08-19,0.4,300.36,AS-DHA-01
2022-08-20,16.9,302.45,AS-DHA-01
2022-08-21,0.7,310.23,AS-DHA-01
2022-08-22,10.1,303.15,AS-DHA-01
2022-08-23,2.3,289.46,AS-DHA-01
2022-08-24,1.6,273.21,AS-DHA-01
2022-08-25,2.0,261.48,AS-DHA-01
2022-08-26,1.5,254.91,AS-DHA-01
2022-08-27,43.8,250.24,AS-DHA-01
2022-08-28,11.7,247.37,AS-DHA-01
2022-08-29,2.4,249.08,AS-DHA-01
2022-08-30,4.1,243.95,AS-DHA-01
2022-08-31,2.5,232.39,AS-DHA-01
2022-09-01,19.7,228.13,AS-DHA-01
2022-09-02,9.1,229.72,AS-DHA-01
2022-09-03,16.3,237.28,AS-DHA-01
2022-09-04,10.5,256.69,AS-DHA-01
2022-09-05,36.6,325.65,AS-DHA-01
2022-09-06,7.0,363.82,AS-DHA-01
2022-09-07,12.8,382.78,AS-DHA-01
2022-09-08,0.7,406.46,AS-DHA-01
2022-09-09,0.0,382.78,AS-DHA-01
2022-09-10,0.0,349.82,AS-DHA-01
2022-09-11,22.8,332.48,AS-DHA-01
2022-09-12,20.4,358.82,AS-DHA-01
2022-09-13,17.4,377.51,AS-DHA-01
2022-09-14,8.4,370.6,AS-DHA-01
2022-09-15,17.2,363.82,AS-DHA-01
2022-09-16,6.4,350.63,AS-DHA-01
2022-09-17,3.3,342.62,AS-DHA-01
2022-09-18,0.4,327.16,AS-DHA-01
2022-09-19,38.5,315.29,AS-DHA-01
2022-09-20,16.7,307.38,AS-DHA-01
2022-09-21,20.5,301.05,AS-DHA-01
2022-09-22,8.1,294.18,AS-DHA-01
2022-09-23,23.4,294.18,AS-DHA-01
2022-09-24,16.8,308.8,AS-DHA-01
2022-09-25,12.3,324.15,AS-DHA-01
2022-09-26,4.8,330.96,AS-DHA-01
2022-09-27,17.7,324.9,AS-DHA-01
2022-09-28,3.1,317.48,AS-DHA-01
2022-09-29,0.7,313.11,AS-DHA-01
2022-09-30,0.2,308.09,AS-DHA-01
2022-10-01,0.0,298.29,AS-DHA-01
2022-10-02,0.0,284.16,AS-DHA-01
2022-10-03,21.1,270.7,AS-DHA-01
2022-10-04,32.6,271.95,AS-DHA-01
2022-10-05,14.8,325.65,AS-DHA-01
2022-10-06,5.4,363.82,AS-DHA-01
2022-10-07,14.3,349.82,AS-DHA-01
2022-10-08,5.5,326.41,AS-DHA-01
2022-10-09,12.7,318.21,AS-DHA-01
2022-10-10,8.5,310.23,AS-DHA-01
2022-10-11,14.7,304.55,AS-DHA-01
2022-10-12,10.0,291.47,AS-DHA-01
2022-10-13,18.6,291.47,AS-DHA-01
2022-10-14,3.6,292.14,AS-DHA-01
2022-10-15,0.3,280.25,AS-DHA-01
2022-10-16,0.0,265.13,AS-DHA-01
2022-10-17,0.0,247.93,AS-DHA-01
2022-10-18,1.2,232.93,AS-DHA-01
2022-10-19,0.2,231.32,AS-DHA-01
2022-10-20,0.0,235.09,AS-DHA-01
2022-10-21,0.0,228.65,AS-DHA-01
2022-10-22,0.0,212.84,AS-DHA-01
2022-10-23,2.8,196.73,AS-DHA-01
2022-10-24,45.9,181.84,AS-DHA-01
2022-10-25,2.9,404.58,AS-DHA-01
2022-10-26,1.6,562.75,AS-DHA-01
2022-10-27,0.4,454.08,AS-DHA-01
2022-10-28,0.0,370.6,AS-DHA-01
2022-10-29,0.0,313.83,AS-DHA-01
2022-10-30,0.0,273.21,AS-DHA-01
2022-10-31,0.0,242.27,AS-DHA-01
2022-11-01,0.0,217.32,AS-DHA-01
2022-11-02,0.0,195.82,AS-DHA-01
2022-11-03,0.0,177.68,AS-DHA-01
2022-11-04,0.0,161.59,AS-DHA-01
2022-11-05,0.0,147.97,AS-DHA-01
2022-11-06,0.0,135.48,AS-DHA-01
2022-11-07,0.0,124.63,AS-DHA-01
2022-11-08,0.0,115.44,AS-DHA-01
2022-11-09,0.0,106.91,AS-DHA-01
2022-11-10,0.0,99.02,AS-DHA-01
2022-11-11,0.0,91.71,AS-DHA-01
2022-11-12,0.0,85.12,AS-DHA-01
2022-11-13,0.0,79.55,AS-DHA-01
2022-11-14,0.0,75.05,AS-DHA-01
2022-11-15,0.0,71.13,AS-DHA-01
2022-11-16,0.0,67.41,AS-DHA-01
2022-11-17,0.0,63.87,AS-DHA-01
2022-11-18,0.0,60.81,AS-DHA-01
2022-11-19,0.0,58.31,AS-DHA-01
2022-11-20,0.0,56.16,AS-DHA-01
2022-11-21,0.0,54.22,AS-DHA-01
2022-11-22,0.0,52.59,AS-DHA-01
2022-11-23,0.0,51.37,AS-DHA-01
2022-11-24,0.0,50.29,AS-DHA-01
2022-11-25,0.0,49.37,AS-DHA-01
2022-11-26,0.0,48.67,AS-DHA-01
2022-11-27,0.0,48.22,AS-DHA-01
2022-11-28,0.0,47.77,AS-DHA-01
2022-11-29,0.0,47.43,AS-DHA-01
2022-11-30,0.0,46.98,AS-DHA-01
2022-12-01,0.0,46.65,AS-DHA-01
2022-12-02,0.0,46.22,AS-DHA-01
2022-12-03,0.0,45.89,AS-DHA-01
2022-12-04,0.0,45.46,AS-DHA-01
2022-12-05,0.0,45.14,AS-DHA-01
2022-12-06,0.0,44.82,AS-DHA-01
2022-12-07,0.0,44.51,AS-DHA-01
2022-12-08,0.0,44.2,AS-DHA-01
2022-12-09,0.0,43.89,AS-DHA-01
2022-12-10,0.0,43.58,AS-DHA-01
2022-12-11,0.0,43.27,AS-DHA-01
2022-12-12,0.0,42.86,AS-DHA-01
2022-12-13,0.0,42.66,AS-DHA-01
2022-12-14,0.0,42.36,AS-DHA-01
2022-12-15,0.0,42.06,AS-DHA-01
2022-12-16,0.0,41.76,AS-DHA-01
2022-12-17,0.0,41.47,AS-DHA-01
2022-12-18,0.0,41.27,AS-DHA-01
2022-12-19,0.0,40.89,AS-DHA-01
2022-12-20,0.0,40.6,AS-DHA-01
2022-12-21,0.0,40.5,AS-DHA-01
2022-12-22,0.0,40.31,AS-DHA-01
2022-12-23,0.0,40.03,AS-DHA-01
2022-12-24,0.0,39.75,AS-DHA-01
2022-12-25,1.7,39.38,AS-DHA-01
2022-12-26,1.8,39.28,AS-DHA-01
2022-12-27,3.2,40.89,AS-DHA-01
2022-12-28,0.0,48.22,AS-DHA-01
2022-12-29,0.0,56.82,AS-DHA-01
2022-12-30,0.0,56.69,AS-DHA-01
2022-12-31,0.0,46.0,AS-DHA-01
2023-01-01,0.0,42.97,AS-DHA-01
2023-01-02,0.0,41.18,AS-DHA-01
2023-01-03,0.0,39.94,AS-DHA-01
2023-01-04,0.0,39.01,AS-DHA-01
2023-01-05,0.0,38.37,AS-DHA-01
2023-01-06,0.0,37.82,AS-DHA-01
2023-01-07,0.0,37.47,AS-DHA-01
2023-01-08,0.0,37.11,AS-DHA-01
2023-01-09,0.0,36.76,AS-DHA-01
2023-01-10,0.0,36.5,AS-DHA-01
2023-01-11,0.0,36.16,AS-DHA-01
2023-01-12,0.2,35.9,AS-DHA-01
2023-01-13,0.7,35.65,AS-DHA-01
2023-01-14,4.5,35.65,AS-DHA-01
2023-01-15,0.9,35.48,AS-DHA-01
2023-01-16,0.9,35.24,AS-DHA-01
2023-01-17,0.9,34.99,AS-DHA-01
2023-01-18,0.0,34.74,AS-DHA-01
2023-01-19,0.0,34.41,AS-DHA-01
2023-01-20,0.0,34.09,AS-DHA-01
2023-01-21,0.0,33.76,AS-DHA-01
2023-01-22,0.0,33.52,AS-DHA-01
2023-01-23,0.0,33.21,AS-DHA-01
2023-01-24,0.0,32.97,AS-DHA-01
2023-01-25,0.0,32.74,AS-DHA-01
2023-01-26,0.0,32.43,AS-DHA-01
2023-01-27,0.0,32.2,AS-DHA-01
2023-01-28,0.0,31.97,AS-DHA-01
2023-01-29,0.0,31.66,AS-DHA-01
2023-01-30,0.0,31.44,AS-DHA-01
2023-01-31,0.0,31.14,AS-DHA-01
2023-02-01,0.0,30.85,AS-DHA-01
2023-02-02,0.0,30.7,AS-DHA-01
2023-02-03,0.0,30.56,AS-DHA-01
2023-02-04,0.7,30.27,AS-DHA-01
2023-02-05,0.1,30.06,AS-DHA-01
2023-02-06,5.4,29.99,AS-DHA-01
2023-02-07,1.1,29.84,AS-DHA-01
2023-02-08,1.0,29.7,AS-DHA-01
2023-02-09,1.9,30.06,AS-DHA-01
2023-02-10,2.2,30.27,AS-DHA-01
2023-02-11,4.3,30.13,AS-DHA-01
2023-02-12,5.3,30.56,AS-DHA-01
2023-02-13,0.0,30.2,AS-DHA-01
2023-02-14,0.0,29.35,AS-DHA-01
2023-02-15,0.0,28.59,AS-DHA-01
2023-02-16,0.0,28.25,AS-DHA-01
2023-02-17,0.0,28.11,AS-DHA-01
2023-02-18,0.0,27.78,AS-DHA-01
2023-02-19,0.4,27.38,AS-DHA-01
2023-02-20,0.7,27.06,AS-DHA-01
2023-02-21,10.8,27.78,AS-DHA-01
2023-02-22,22.3,35.48,AS-DHA-01
2023-02-23,6.8,40.79,AS-DHA-01
2023-02-24,0.0,40.41,AS-DHA-01
2023-02-25,0.0,37.74,AS-DHA-01
2023-02-26,0.0,34.9,AS-DHA-01
2023-02-27,0.1,32.74,AS-DHA-01
2023-02-28,0.0,31.29,AS-DHA-01
2023-03-01,0.0,30.06,AS-DHA-01
2023-03-02,0.0,28.93,AS-DHA-01
2023-03-03,0.0,27.85,AS-DHA-01
2023-03-04,0.0,27.12,AS-DHA-01
2023-03-05,0.0,26.48,AS-DHA-01
2023-03-06,5.4,26.1,AS-DHA-01
2023-03-07,0.0,25.92,AS-DHA-01
2023-03-08,0.0,25.68,AS-DHA-01
2023-03-09,0.0,25.31,AS-DHA-01
2023-03-10,0.0,24.95,AS-DHA-01
2023-03-11,0.0,24.65,AS-DHA-01
2023-03-12,0.0,24.36,AS-DHA-01
2023-03-13,0.0,24.18,AS-DHA-01
2023-03-14,3.0,23.95,AS-DHA-01
2023-03-15,4.6,26.74,AS-DHA-01
2023-03-16,23.2,29.49,AS-DHA-01
2023-03-17,0.0,31.89,AS-DHA-01
2023-03-18,1.4,30.77,AS-DHA-01
2023-03-19,13.0,35.4,AS-DHA-01
2023-03-20,23.2,51.25,AS-DHA-01
2023-03-21,15.2,63.29,AS-DHA-01
2023-03-22,21.4,64.47,AS-DHA-01
2023-03-23,13.8,68.51,AS-DHA-01
2023-03-24,0.6,64.93,AS-DHA-01
2023-03-25,0.5,58.99,AS-DHA-01
2023-03-26,0.9,60.39,AS-DHA-01
2023-03-27,3.7,59.26,AS-DHA-01
2023-03-28,3.4,58.04,AS-DHA-01
2023-03-29,10.4,56.16,AS-DHA-01
2023-03-30,0.2,54.47,AS-DHA-01
2023-03-31,2.3,52.35,AS-DHA-01
2023-04-01,22.4,60.96,AS-DHA-01
2023-04-02,32.8,105.93,AS-DHA-01
2023-04-03,7.4,125.79,AS-DHA-01
2023-04-04,13.1,138.35,AS-DHA-01
2023-04-05,3.7,133.31,AS-DHA-01
2023-04-06,0.0,120.36,AS-DHA-01
2023-04-07,0.0,106.17,AS-DHA-01
2023-04-08,0.0,92.99,AS-DHA-01
2023-04-09,0.0,82.39,AS-DHA-01
2023-04-10,0.0,74.18,AS-DHA-01
2023-04-11,0.0,67.73,AS-DHA-01
2023-04-12,0.0,62.4,AS-DHA-01
2023-04-13,0.0,57.76,AS-DHA-01
2023-04-14,0.0,53.59,AS-DHA-01
2023-04-15,0.0,49.94,AS-DHA-01
2023-04-16,0.3,47.09,AS-DHA-01
2023-04-17,0.0,45.14,AS-DHA-01
2023-04-18,5.2,43.99,AS-DHA-01
2023-04-19,6.0,43.48,AS-DHA-01
2023-04-20,0.2,57.09,AS-DHA-01
2023-04-21,2.0,62.55,AS-DHA-01
2023-04-22,0.5,75.75,AS-DHA-01
2023-04-23,2.0,80.87,AS-DHA-01
2023-04-24,0.1,81.05,AS-DHA-01
2023-04-25,0.0,77.54,AS-DHA-01
2023-04-26,0.4,72.3,AS-DHA-01
2023-04-27,3.0,67.41,AS-DHA-01
2023-04-28,3.5,61.82,AS-DHA-01
2023-04-29,3.3,57.63,AS-DHA-01
2023-04-30,11.9,54.47,AS-DHA-01
2023-05-01,8.3,63.14,AS-DHA-01
2023-05-02,8.0,92.56,AS-DHA-01
2023-05-03,14.5,93.42,AS-DHA-01
2023-05-04,16.1,92.56,AS-DHA-01
2023-05-05,5.7,91.28,AS-DHA-01
2023-05-06,4.4,86.32,AS-DHA-01
2023-05-07,6.1,79.18,AS-DHA-01
2023-05-08,0.1,71.8,AS-DHA-01
2023-05-09,0.0,65.39,AS-DHA-01
2023-05-10,0.0,59.96,AS-DHA-01
2023-05-11,3.9,55.77,AS-DHA-01
2023-05-12,0.6,52.47,AS-DHA-01
2023-05-13,0.0,49.48,AS-DHA-01
2023-05-14,12.3,50.65,AS-DHA-01
2023-05-15,6.6,74.7,AS-DHA-01
2023-05-16,13.7,98.56,AS-DHA-01
2023-05-17,37.2,125.5,AS-DHA-01
2023-05-18,15.2,151.44,AS-DHA-01
2023-05-19,18.5,155.35,AS-DHA-01
2023-05-20,12.8,142.91,AS-DHA-01
2023-05-21,5.3,142.58,AS-DHA-01
2023-05-22,3.7,135.48,AS-DHA-01
2023-05-23,5.0,124.05,AS-DHA-01
2023-05-24,14.7,114.9,AS-DHA-01
2023-05-25,17.5,110.96,AS-DHA-01
2023-05-26,13.7,108.17,AS-DHA-01
2023-05-27,1.9,103.98,AS-DHA-01
2023-05-28,0.2,101.12,AS-DHA-01
2023-05-29,0.0,96.07,AS-DHA-01
2023-05-30,0.0,88.76,AS-DHA-01
2023-05-31,1.5,82.01,AS-DHA-01
2023-06-01,4.0,77.0,AS-DHA-01
2023-06-02,6.5,72.98,AS-DHA-01
2023-06-03,11.5,68.83,AS-DHA-01
2023-06-04,8.5,64.78,AS-DHA-01
2023-06-05,0.2,61.1,AS-DHA-01
2023-06-06,0.1,58.45,AS-DHA-01
2023-06-07,0.9,57.22,AS-DHA-01
2023-06-08,33.9,56.96,AS-DHA-01
2023-06-09,30.1,63.58,AS-DHA-01
2023-06-10,80.6,254.32,AS-DHA-01
2023-06-11,74.8,432.59,AS-DHA-01
2023-06-12,8.4,386.33,AS-DHA-01
2023-06-13,23.6,313.11,AS-DHA-01
2023-06-14,10.0,273.84,AS-DHA-01
2023-06-15,22.0,242.82,AS-DHA-01
2023-06-16,67.0,270.07,AS-DHA-01
2023-06-17,114.3,335.58,AS-DHA-01
2023-06-18,51.1,426.64,AS-DHA-01
2023-06-19,15.2,534.89,AS-DHA-01
2023-06-20,24.7,491.13,AS-DHA-01
2023-06-21,12.3,463.61,AS-DHA-01
2023-06-22,12.7,439.64,AS-DHA-01
2023-06-23,6.8,390.82,AS-DHA-01
2023-06-24,23.9,366.35,AS-DHA-01
2023-06-25,24.4,358.82,AS-DHA-01
2023-06-26,27.9,342.62,AS-DHA-01
2023-06-27,9.3,358.82,AS-DHA-01
2023-06-28,9.6,369.76,AS-DHA-01
2023-06-29,3.4,351.43,AS-DHA-01
2023-06-30,7.6,327.16,AS-DHA-01
2023-07-01,5.6,306.67,AS-DHA-01
2023-07-02,2.6,317.48,AS-DHA-01
2023-07-03,16.4,332.48,AS-DHA-01
2023-07-04,9.5,349.82,AS-DHA-01
2023-07-05,46.1,656.78,AS-DHA-01
2023-07-06,20.3,810.11,AS-DHA-01
2023-07-07,12.8,686.19,AS-DHA-01
2023-07-08,31.6,596.14,AS-DHA-01
2023-07-09,3.4,523.91,AS-DHA-01
2023-07-10,17.9,493.4,AS-DHA-01
2023-07-11,1.5,463.61,AS-DHA-01
2023-07-12,21.8,450.94,AS-DHA-01
2023-07-13,31.9,470.06,AS-DHA-01
2023-07-14,27.8,453.03,AS-DHA-01
2023-07-15,8.3,431.59,AS-DHA-01
2023-07-16,32.7,426.64,AS-DHA-01
2023-07-17,9.9,428.62,AS-DHA-01
2023-07-18,0.0,406.46,AS-DHA-01
2023-07-19,0.4,384.55,AS-DHA-01
2023-07-20,41.6,446.8,AS-DHA-01
2023-07-21,11.6,473.34,AS-DHA-01
2023-07-22,33.3,474.42,AS-DHA-01
2023-07-23,16.4,484.38,AS-DHA-01
2023-07-24,24.1,461.47,AS-DHA-01
2023-07-25,11.9,448.87,AS-DHA-01
2023-07-26,15.9,456.17,AS-DHA-01
2023-07-27,14.0,446.8,AS-DHA-01
2023-07-28,24.9,427.63,AS-DHA-01
2023-07-29,8.4,417.87,AS-DHA-01
2023-07-30,0.2,412.13,AS-DHA-01
2023-07-31,15.4,401.8,AS-DHA-01
2023-08-01,0.1,384.55,AS-DHA-01
2023-08-02,19.9,547.38,AS-DHA-01
2023-08-03,14.1,600.29,AS-DHA-01
2023-08-04,101.9,730.27,AS-DHA-01
2023-08-05,4.8,574.55,AS-DHA-01
2023-08-06,15.4,565.34,AS-DHA-01
2023-08-07,28.6,827.09,AS-DHA-01
2023-08-08,7.1,911.18,AS-DHA-01
2023-08-09,0.5,750.77,AS-DHA-01
2023-08-10,13.7,634.45,AS-DHA-01
2023-08-11,4.9,596.14,AS-DHA-01
2023-08-12,9.6,565.34,AS-DHA-01
2023-08-13,8.5,557.58,AS-DHA-01
2023-08-14,4.6,546.12,AS-DHA-01
2023-08-15,20.7,508.42,AS-DHA-01
2023-08-16,8.1,520.3,AS-DHA-01
2023-08-17,29.6,637.38,AS-DHA-01
2023-08-18,29.0,653.76,AS-DHA-01
2023-08-19,11.4,615.71,AS-DHA-01
2023-08-20,3.4,600.29,AS-DHA-01
2023-08-21,13.1,492.27,AS-DHA-01
2023-08-22,9.7,516.7,AS-DHA-01
2023-08-23,9.8,612.88,AS-DHA-01
2023-08-24,24.9,582.55,AS-DHA-01
2023-08-25,26.4,583.9,AS-DHA-01
2023-08-26,25.8,675.21,AS-DHA-01
2023-08-27,23.2,791.65,AS-DHA-01
2023-08-28,2.3,945.41,AS-DHA-01
2023-08-29,0.8,791.65,AS-DHA-01
2023-08-30,0.0,766.5,AS-DHA-01
2023-08-31,1.0,768.27,AS-DHA-01
2023-09-01,2.4,683.04,AS-DHA-01
2023-09-02,2.5,635.91,AS-DHA-01
2023-09-03,0.1,600.29,AS-DHA-01
2023-09-04,9.1,561.45,AS-DHA-01
2023-09-05,0.0,511.95,AS-DHA-01
2023-09-06,0.0,482.15,AS-DHA-01
2023-09-07,34.2,458.29,AS-DHA-01
2023-09-08,1.8,476.62,AS-DHA-01
2023-09-09,11.6,500.28,AS-DHA-01
2023-09-10,3.6,513.14,AS-DHA-01
2023-09-11,16.0,458.29,AS-DHA-01
2023-09-12,13.5,483.26,AS-DHA-01
2023-09-13,10.6,533.67,AS-DHA-01
2023-09-14,0.0,488.87,AS-DHA-01
2023-09-15,7.0,447.83,AS-DHA-01
2023-09-16,3.5,430.6,AS-DHA-01
2023-09-17,1.2,406.46,AS-DHA-01
2023-09-18,1.2,370.6,AS-DHA-01
2023-09-19,11.4,373.18,AS-DHA-01
2023-09-20,25.8,455.12,AS-DHA-01
2023-09-21,15.3,500.28,AS-DHA-01
2023-09-22,4.9,532.43,AS-DHA-01
2023-09-23,24.3,492.27,AS-DHA-01
2023-09-24,4.5,450.94,AS-DHA-01
2023-09-25,4.0,442.69,AS-DHA-01
2023-09-26,0.6,415.95,AS-DHA-01
2023-09-27,0.2,394.44,AS-DHA-01
2023-09-28,0.1,358.82,AS-DHA-01
2023-09-29,0.0,326.41,AS-DHA-01
2023-09-30,12.8,316.02,AS-DHA-01
2023-10-01,15.0,323.4,AS-DHA-01
2023-10-02,14.1,347.4,AS-DHA-01
2023-10-03,14.1,354.7,AS-DHA-01
2023-10-04,16.0,387.23,AS-DHA-01
2023-10-05,8.5,391.72,AS-DHA-01
2023-10-06,4.0,397.18,AS-DHA-01
2023-10-07,9.3,399.02,AS-DHA-01
2023-10-08,13.6,481.04,AS-DHA-01
2023-10-09,5.3,478.82,AS-DHA-01
2023-10-10,2.3,370.6,AS-DHA-01
2023-10-11,17.6,374.9,AS-DHA-01
2023-10-12,10.9,347.4,AS-DHA-01
2023-10-13,0.2,394.44,AS-DHA-01
2023-10-14,3.2,365.5,AS-DHA-01
2023-10-15,3.0,333.26,AS-DHA-01
2023-10-16,1.0,313.83,AS-DHA-01
2023-10-17,0.4,289.46,AS-DHA-01
2023-10-18,0.6,268.83,AS-DHA-01
2023-10-19,0.0,249.66,AS-DHA-01
2023-10-20,0.1,236.18,AS-DHA-01
2023-10-21,0.0,216.81,AS-DHA-01
2023-10-22,0.0,200.41,AS-DHA-01
2023-10-23,0.0,186.11,AS-DHA-01
2023-10-24,0.0,171.62,AS-DHA-01
2023-10-25,0.0,160.1,AS-DHA-01
2023-10-26,0.7,152.5,AS-DHA-01
2023-10-27,0.0,157.16,AS-DHA-01
2023-10-28,0.6,157.52,AS-DHA-01
2023-10-29,0.0,129.64,AS-DHA-01
2023-10-30,0.0,120.36,AS-DHA-01
2023-10-31,0.0,111.48,AS-DHA-01
2023-11-01,0.0,102.77,AS-DHA-01
2023-11-02,0.0,95.18,AS-DHA-01
2023-11-03,0.0,87.53,AS-DHA-01
2023-11-04,1.2,80.87,AS-DHA-01
2023-11-05,0.0,75.4,AS-DHA-01
2023-11-06,0.0,70.46,AS-DHA-01
2023-11-07,0.0,66.16,AS-DHA-01
2023-11-08,0.5,62.11,AS-DHA-01
2023-11-09,0.0,58.45,AS-DHA-01
2023-11-10,0.0,55.5,AS-DHA-01
2023-11-11,0.0,53.22,AS-DHA-01
2023-11-12,0.0,51.01,AS-DHA-01
2023-11-13,0.0,49.13,AS-DHA-01
2023-11-14,0.0,47.54,AS-DHA-01
2023-11-15,0.0,46.22,AS-DHA-01
2023-11-16,0.0,45.03,AS-DHA-01
2023-11-17,26.2,44.1,AS-DHA-01
2023-11-18,0.0,219.33,AS-DHA-01
2023-11-19,0.0,437.61,AS-DHA-01
2023-11-20,0.0,306.67,AS-DHA-01
2023-11-21,0.8,309.51,AS-DHA-01
2023-11-22,6.0,236.18,AS-DHA-01
2023-11-23,0.0,190.47,AS-DHA-01
2023-11-24,0.1,158.62,AS-DHA-01
2023-11-25,0.0,135.17,AS-DHA-01
2023-11-26,0.0,116.78,AS-DHA-01
2023-11-27,0.0,102.29,AS-DHA-01
2023-11-28,0.0,90.22,AS-DHA-01
2023-11-29,0.0,80.3,AS-DHA-01
2023-11-30,0.0,71.96,AS-DHA-01
2023-12-01,0.0,65.23,AS-DHA-01
2023-12-02,0.0,59.96,AS-DHA-01
2023-12-03,0.0,55.63,AS-DHA-01
2023-12-04,0.0,52.47,AS-DHA-01
2023-12-05,0.0,50.06,AS-DHA-01
2023-12-06,0.0,48.22,AS-DHA-01
2023-12-07,5.3,46.87,AS-DHA-01
2023-12-08,9.1,49.82,AS-DHA-01
2023-12-09,0.3,75.05,AS-DHA-01
2023-12-10,0.4,110.96,AS-DHA-01
2023-12-11,0.0,102.06,AS-DHA-01
2023-12-12,0.3,90.64,AS-DHA-01
2023-12-13,0.9,79.37,AS-DHA-01
2023-12-14,3.5,70.63,AS-DHA-01
2023-12-15,0.0,64.47,AS-DHA-01
2023-12-16,0.0,61.53,AS-DHA-01
2023-12-17,0.0,56.56,AS-DHA-01
2023-12-18,0.0,52.22,AS-DHA-01
2023-12-19,0.0,48.9,AS-DHA-01
2023-12-20,0.0,46.43,AS-DHA-01
2023-12-21,0.0,44.72,AS-DHA-01
2023-12-22,0.0,43.48,AS-DHA-01
2023-12-23,0.0,42.66,AS-DHA-01
2023-12-24,0.8,42.06,AS-DHA-01
2023-12-25,0.0,41.86,AS-DHA-01
2023-12-26,0.0,43.37,AS-DHA-01
2023-12-27,0.0,42.66,AS-DHA-01
2023-12-28,0.2,41.96,AS-DHA-01
2023-12-29,0.0,40.89,AS-DHA-01
2023-12-30,0.0,40.12,AS-DHA-01
2023-12-31,0.0,39.75,AS-DHA-01
2024-01-01,0.0,39.28,AS-DHA-01
2024-01-02,0.0,39.01,AS-DHA-01
2024-01-03,0.0,38.64,AS-DHA-01
2024-01-04,0.0,38.28,AS-DHA-01
2024-01-05,0.0,37.91,AS-DHA-01
2024-01-06,0.0,37.65,AS-DHA-01
2024-01-07,0.0,37.29,AS-DHA-01
2024-01-08,0.0,37.03,AS-DHA-01
2024-01-09,0.0,36.68,AS-DHA-01
2024-01-10,0.0,36.42,AS-DHA-01
2024-01-11,0.0,36.07,AS-DHA-01
2024-01-12,0.0,35.82,AS-DHA-01
2024-01-13,0.0,35.48,AS-DHA-01
2024-01-14,0.0,35.15,AS-DHA-01
2024-01-15,0.0,34.9,AS-DHA-01
2024-01-16,0.6,34.66,AS-DHA-01
2024-01-17,1.6,34.58,AS-DHA-01
2024-01-18,0.1,34.49,AS-DHA-01
2024-01-19,0.0,34.82,AS-DHA-01
2024-01-20,0.0,34.33,AS-DHA-01
2024-01-21,0.0,33.84,AS-DHA-01
2024-01-22,0.0,33.52,AS-DHA-01
2024-01-23,0.0,33.21,AS-DHA-01
2024-01-24,0.0,32.89,AS-DHA-01
2024-01-25,0.4,32.66,AS-DHA-01
2024-01-26,3.1,32.43,AS-DHA-01
2024-01-27,0.3,32.35,AS-DHA-01
2024-01-28,0.0,32.27,AS-DHA-01
2024-01-29,0.0,32.12,AS-DHA-01
2024-01-30,1.2,31.82,AS-DHA-01
2024-01-31,3.6,31.51,AS-DHA-01
2024-02-01,0.2,31.29,AS-DHA-01
2024-02-02,8.0,31.44,AS-DHA-01
2024-02-03,0.8,32.81,AS-DHA-01
2024-02-04,0.1,35.65,AS-DHA-01
2024-02-05,5.9,39.47,AS-DHA-01
2024-02-06,2.1,38.37,AS-DHA-01
2024-02-07,1.2,38.91,AS-DHA-01
2024-02-08,0.2,43.37,AS-DHA-01
2024-02-09,0.0,43.68,AS-DHA-01
2024-02-10,0.0,41.47,AS-DHA-01
2024-02-11,0.0,37.11,AS-DHA-01
2024-02-12,0.0,33.68,AS-DHA-01
2024-02-13,0.0,31.51,AS-DHA-01
2024-02-14,0.0,30.35,AS-DHA-01
2024-02-15,1.4,29.7,AS-DHA-01
2024-02-16,0.0,29.28,AS-DHA-01
2024-02-17,2.3,29.49,AS-DHA-01
2024-02-18,0.1,28.93,AS-DHA-01
2024-02-19,0.0,29.14,AS-DHA-01
2024-02-20,7.6,28.59,AS-DHA-01
2024-02-21,0.6,28.59,AS-DHA-01
2024-02-22,18.5,28.73,AS-DHA-01
2024-02-23,1.9,35.65,AS-DHA-01
2024-02-24,0.0,44.62,AS-DHA-01
2024-02-25,1.4,46.54,AS-DHA-01
2024-02-26,0.0,48.22,AS-DHA-01
2024-02-27,0.0,43.89,AS-DHA-01
2024-02-28,0.3,39.85,AS-DHA-01
2024-02-29,0.3,36.25,AS-DHA-01
2024-03-01,0.0,33.36,AS-DHA-01
2024-03-02,0.0,31.36,AS-DHA-01
2024-03-03,0.1,29.99,AS-DHA-01
2024-03-04,0.8,29.0,AS-DHA-01
2024-03-05,0.1,28.73,AS-DHA-01
2024-03-06,0.0,28.59,AS-DHA-01
2024-03-07,0.0,27.65,AS-DHA-01
2024-03-08,0.0,27.38,AS-DHA-01
2024-03-09,0.0,27.12,AS-DHA-01
2024-03-10,0.0,26.8,AS-DHA-01
2024-03-11,0.0,26.61,AS-DHA-01
2024-03-12,0.1,26.29,AS-DHA-01
2024-03-13,0.0,25.98,AS-DHA-01
2024-03-14,0.0,25.8,AS-DHA-01
2024-03-15,0.0,25.56,AS-DHA-01
2024-03-16,0.0,25.31,AS-DHA-01
2024-03-17,0.0,25.44,AS-DHA-01
2024-03-18,0.0,25.19,AS-DHA-01
2024-03-19,0.0,24.89,AS-DHA-01
2024-03-20,3.3,24.65,AS-DHA-01
2024-03-21,15.6,24.54,AS-DHA-01
2024-03-22,2.8,26.87,AS-DHA-01
2024-03-23,11.4,37.11,AS-DHA-01
2024-03-24,2.3,37.11,AS-DHA-01
2024-03-25,4.0,46.98,AS-DHA-01
2024-03-26,4.0,40.6,AS-DHA-01
2024-03-27,0.0,40.69,AS-DHA-01
2024-03-28,0.0,44.1,AS-DHA-01
2024-03-29,1.3,55.11,AS-DHA-01
2024-03-30,3.3,52.35,AS-DHA-01
2024-03-31,68.1,53.59,AS-DHA-01
2024-04-01,10.9,77.18,AS-DHA-01
2024-04-02,0.1,113.84,AS-DHA-01
2024-04-03,0.5,86.52,AS-DHA-01
2024-04-04,7.7,75.58,AS-DHA-01
2024-04-05,22.6,77.73,AS-DHA-01
2024-04-06,0.2,84.13,AS-DHA-01
2024-04-07,0.5,84.92,AS-DHA-01
2024-04-08,0.0,93.42,AS-DHA-01
2024-04-09,0.0,81.24,AS-DHA-01
2024-04-10,0.0,71.96,AS-DHA-01
2024-04-11,0.0,65.54,AS-DHA-01
2024-04-12,0.6,60.53,AS-DHA-01
2024-04-13,0.0,56.56,AS-DHA-01
2024-04-14,0.0,53.34,AS-DHA-01
2024-04-15,4.0,48.79,AS-DHA-01
2024-04-16,10.9,45.78,AS-DHA-01
2024-04-17,2.9,44.62,AS-DHA-01
2024-04-18,14.4,47.54,AS-DHA-01
2024-04-19,10.7,58.99,AS-DHA-01
2024-04-20,26.7,185.25,AS-DHA-01
2024-04-21,6.8,656.78,AS-DHA-01
2024-04-22,6.1,720.24,AS-DHA-01
2024-04-23,1.0,296.91,AS-DHA-01
2024-04-24,0.0,228.13,AS-DHA-01
2024-04-25,2.3,186.53,AS-DHA-01
2024-04-26,26.9,157.52,AS-DHA-01
2024-04-27,14.1,140.61,AS-DHA-01
2024-04-28,2.8,138.35,AS-DHA-01
2024-04-29,9.8,138.35,AS-DHA-01
2024-04-30,32.0,136.43,AS-DHA-01
2024-05-01,0.8,215.31,AS-DHA-01
2024-05-02,4.8,240.04,AS-DHA-01
2024-05-03,0.0,223.44,AS-DHA-01
2024-05-04,1.3,194.02,AS-DHA-01
2024-05-05,7.4,174.42,AS-DHA-01
2024-05-06,7.5,211.85,AS-DHA-01
2024-05-07,0.5,275.74,AS-DHA-01
2024-05-08,0.0,312.39,AS-DHA-01
2024-05-09,0.3,266.35,AS-DHA-01
2024-05-10,1.1,237.83,AS-DHA-01
2024-05-11,13.9,249.66,AS-DHA-01
2024-05-12,0.0,242.82,AS-DHA-01
2024-05-13,0.8,217.82,AS-DHA-01
2024-05-14,0.7,211.85,AS-DHA-01
2024-05-15,2.0,195.38,AS-DHA-01
2024-05-16,11.4,181.43,AS-DHA-01
2024-05-17,46.1,170.04,AS-DHA-01
2024-05-18,25.6,160.84,AS-DHA-01
2024-05-19,14.5,216.31,AS-DHA-01
2024-05-20,1.4,263.9,AS-DHA-01
2024-05-21,1.4,240.59,AS-DHA-01
2024-05-22,0.0,215.31,AS-DHA-01
2024-05-23,22.6,203.21,AS-DHA-01
2024-05-24,0.6,188.27,AS-DHA-01
2024-05-25,21.5,180.17,AS-DHA-01
2024-05-26,24.8,178.92,AS-DHA-01
2024-05-27,26.4,249.66,AS-DHA-01
2024-05-28,47.7,259.67,AS-DHA-01
2024-05-29,4.9,1258.16,AS-DHA-01
2024-05-30,21.9,1451.38,AS-DHA-01
2024-05-31,12.2,788.01,AS-DHA-01
2024-06-01,2.2,614.29,AS-DHA-01
2024-06-02,2.9,539.85,AS-DHA-01
2024-06-03,18.1,473.34,AS-DHA-01
2024-06-04,10.6,436.6,AS-DHA-01
2024-06-05,9.2,414.03,AS-DHA-01
2024-06-06,3.1,455.12,AS-DHA-01
2024-06-07,19.7,408.33,AS-DHA-01
2024-06-08,3.8,368.9,AS-DHA-01
2024-06-09,25.8,339.47,AS-DHA-01
2024-06-10,22.5,322.66,AS-DHA-01
2024-06-11,14.0,305.25,AS-DHA-01
2024-06-12,11.4,308.09,AS-DHA-01
2024-06-13,10.1,320.43,AS-DHA-01
2024-06-14,17.2,468.98,AS-DHA-01
2024-06-15,4.5,638.85,AS-DHA-01
2024-06-16,11.1,422.72,AS-DHA-01
2024-06-17,34.5,458.29,AS-DHA-01
2024-06-18,52.5,503.75,AS-DHA-01
2024-06-19,28.7,740.45,AS-DHA-01
2024-06-20,35.2,1085.63,AS-DHA-01
2024-06-21,6.8,976.42,AS-DHA-01
2024-06-22,6.8,808.24,AS-DHA-01
2024-06-23,18.3,750.77,AS-DHA-01
2024-06-24,31.7,695.75,AS-DHA-01
2024-06-25,9.4,679.9,AS-DHA-01
2024-06-26,26.8,655.27,AS-DHA-01
2024-06-27,35.9,635.91,AS-DHA-01
2024-06-28,30.7,804.53,AS-DHA-01
2024-06-29,26.5,884.28,AS-DHA-01
2024-06-30,57.1,1051.16,AS-DHA-01
2024-07-01,31.8,1152.66,AS-DHA-01
2024-07-02,33.3,2511.35,AS-DHA-01
2024-07-03,30.3,2476.87,AS-DHA-01
2024-07-04,37.6,1806.51,AS-DHA-01
2024-07-05,36.2,1548.1,AS-DHA-01
2024-07-06,26.2,1544.54,AS-DHA-01
2024-07-07,17.5,1464.82,AS-DHA-01
2024-07-08,19.8,1448.04,AS-DHA-01
2024-07-09,11.6,1329.7,AS-DHA-01
2024-07-10,7.3,1207.04,AS-DHA-01
2024-07-11,0.7,1123.82,AS-DHA-01
2024-07-12,27.0,1098.21,AS-DHA-01
2024-07-13,3.1,1118.65,AS-DHA-01
2024-07-14,10.2,1010.77,AS-DHA-01
2024-07-15,22.7,990.02,AS-DHA-01
2024-07-16,6.9,1060.89,AS-DHA-01
2024-07-17,2.3,1013.1,AS-DHA-01
2024-07-18,1.3,943.24,AS-DHA-01
2024-07-19,18.2,1008.44,AS-DHA-01
2024-07-20,11.6,1024.85,AS-DHA-01
2024-07-21,49.9,971.93,AS-DHA-01
2024-07-22,15.2,980.93,AS-DHA-01
2024-07-23,1.3,941.06,AS-DHA-01
2024-07-24,10.8,919.62,AS-DHA-01
2024-07-25,14.2,900.74,AS-DHA-01
2024-07-26,6.0,886.32,AS-DHA-01
2024-07-27,7.7,936.73,AS-DHA-01
2024-07-28,21.7,860.15,AS-DHA-01
2024-07-29,29.8,808.24,AS-DHA-01
2024-07-30,14.9,884.28,AS-DHA-01
2024-07-31,17.3,896.6,AS-DHA-01
2024-08-01,19.0,1249.49,AS-DHA-01
2024-08-02,16.6,1351.32,AS-DHA-01
2024-08-03,4.8,1218.21,AS-DHA-01
2024-08-04,10.6,1190.46,AS-DHA-01
2024-08-05,33.6,1266.88,AS-DHA-01
2024-08-06,3.3,1226.67,AS-DHA-01
2024-08-07,9.7,1179.54,AS-DHA-01
2024-08-08,14.8,1302.41,AS-DHA-01
2024-08-09,13.8,1281.57,AS-DHA-01
2024-08-10,21.6,1166.03,AS-DHA-01
2024-08-11,70.2,1142.09,AS-DHA-01
2024-08-12,42.9,1386.01,AS-DHA-01
2024-08-13,13.7,1376.46,AS-DHA-01
2024-08-14,20.9,1110.93,AS-DHA-01
2024-08-15,23.5,1108.38,AS-DHA-01
2024-08-16,4.4,1051.16,AS-DHA-01
2024-08-17,42.2,1031.95,AS-DHA-01
2024-08-18,33.7,1020.13,AS-DHA-01
2024-08-19,16.5,1314.47,AS-DHA-01
2024-08-20,23.2,1379.64,AS-DHA-01
2024-08-21,8.5,1717.23,AS-DHA-01
2024-08-22,8.8,1844.36,AS-DHA-01
2024-08-23,16.0,1584.19,AS-DHA-01
2024-08-24,16.7,1643.67,AS-DHA-01
2024-08-25,26.1,1471.59,AS-DHA-01
2024-08-26,21.8,1351.32,AS-DHA-01
2024-08-27,1.4,1255.27,AS-DHA-01
2024-08-28,3.8,1249.49,AS-DHA-01
2024-08-29,1.0,1198.72,AS-DHA-01
2024-08-30,30.2,1155.33,AS-DHA-01
2024-08-31,9.1,1013.1,AS-DHA-01
2024-09-01,6.5,958.58,AS-DHA-01
2024-09-02,15.5,949.78,AS-DHA-01
2024-09-03,11.8,1190.46,AS-DHA-01
2024-09-04,24.9,1108.38,AS-DHA-01
2024-09-05,13.9,1043.91,AS-DHA-01
2024-09-06,5.4,1001.49,AS-DHA-01
2024-09-07,11.4,963.01,AS-DHA-01
2024-09-08,21.5,906.99,AS-DHA-01
2024-09-09,24.3,892.47,AS-DHA-01
2024-09-10,3.0,856.19,AS-DHA-01
2024-09-11,9.3,832.83,AS-DHA-01
2024-09-12,0.1,832.83,AS-DHA-01
2024-09-13,0.1,791.65,AS-DHA-01
2024-09-14,0.3,737.05,AS-DHA-01
2024-09-15,0.4,670.56,AS-DHA-01
2024-09-16,1.5,637.38,AS-DHA-01
2024-09-17,0.5,608.65,AS-DHA-01
2024-09-18,0.5,569.27,AS-DHA-01
2024-09-19,0.0,547.38,AS-DHA-01
2024-09-20,0.0,522.7,AS-DHA-01
2024-09-21,0.0,487.74,AS-DHA-01
2024-09-22,0.0,457.23,AS-DHA-01
2024-09-23,7.2,427.63,AS-DHA-01
2024-09-24,5.9,413.07,AS-DHA-01
2024-09-25,38.7,401.8,AS-DHA-01
2024-09-26,11.6,539.85,AS-DHA-01
2024-09-27,2.4,565.34,AS-DHA-01
2024-09-28,18.8,667.46,AS-DHA-01
2024-09-29,38.0,589.31,AS-DHA-01
2024-09-30,8.8,556.29,AS-DHA-01
2024-10-01,13.2,523.91,AS-DHA-01
2024-10-02,19.8,466.82,AS-DHA-01
2024-10-03,17.1,504.92,AS-DHA-01
2024-10-04,19.8,721.91,AS-DHA-01
2024-10-05,2.2,808.24,AS-DHA-01
2024-10-06,2.3,628.63,AS-DHA-01
2024-10-07,2.5,635.91,AS-DHA-01
2024-10-08,7.8,564.04,AS-DHA-01
2024-10-09,24.3,528.76,AS-DHA-01
2024-10-10,3.8,521.49,AS-DHA-01
2024-10-11,14.5,493.4,AS-DHA-01
2024-10-12,0.4,451.98,AS-DHA-01
2024-10-13,1.5,424.68,AS-DHA-01
2024-10-14,0.0,400.87,AS-DHA-01
2024-10-15,23.4,370.6,AS-DHA-01
2024-10-16,3.9,357.99,AS-DHA-01
2024-10-17,10.1,355.52,AS-DHA-01
2024-10-18,4.9,328.67,AS-DHA-01
2024-10-19,4.6,305.96,AS-DHA-01
2024-10-20,0.0,293.5,AS-DHA-01
2024-10-21,0.0,259.07,AS-DHA-01
2024-10-22,0.0,240.59,AS-DHA-01
2024-10-23,7.3,223.94,AS-DHA-01
2024-10-24,8.5,213.83,AS-DHA-01
2024-10-25,0.5,213.33,AS-DHA-01
2024-10-26,0.0,256.09,AS-DHA-01
2024-10-27,0.0,283.5,AS-DHA-01
2024-10-28,0.0,256.09,AS-DHA-01
2024-10-29,0.5,231.86,AS-DHA-01
2024-10-30,8.1,211.36,AS-DHA-01
2024-10-31,4.9,197.19,AS-DHA-01
2024-11-01,0.0,183.54,AS-DHA-01
2024-11-02,0.0,168.07,AS-DHA-01
2024-11-03,0.0,155.71,AS-DHA-01
2024-11-04,0.0,142.91,AS-DHA-01
2024-11-05,0.0,134.24,AS-DHA-01
2024-11-06,1.7,124.63,AS-DHA-01
2024-11-07,1.1,117.33,AS-DHA-01
2024-11-08,0.0,128.15,AS-DHA-01
2024-11-09,0.0,125.2,AS-DHA-01
2024-11-10,0.0,118.98,AS-DHA-01
2024-11-11,0.0,109.69,AS-DHA-01
2024-11-12,0.0,100.88,AS-DHA-01
2024-11-13,0.0,93.42,AS-DHA-01
2024-11-14,0.0,86.72,AS-DHA-01
2024-11-15,0.0,81.05,AS-DHA-01
2024-11-16,0.0,79.37,AS-DHA-01
2024-11-17,0.0,74.52,AS-DHA-01
2024-11-18,0.0,70.3,AS-DHA-01
2024-11-19,0.0,66.62,AS-DHA-01
2024-11-20,0.0,63.72,AS-DHA-01
2024-11-21,0.0,60.96,AS-DHA-01
2024-11-22,0.1,58.58,AS-DHA-01
2024-11-23,1.3,57.09,AS-DHA-01
2024-11-24,0.3,56.96,AS-DHA-01
2024-11-25,0.0,57.49,AS-DHA-01
2024-11-26,0.0,56.42,AS-DHA-01
2024-11-27,0.0,54.73,AS-DHA-01
2024-11-28,0.0,53.34,AS-DHA-01
2024-11-29,0.0,52.22,AS-DHA-01
2024-11-30,0.0,50.89,AS-DHA-01
2024-12-01,0.0,49.94,AS-DHA-01
2024-12-02,0.0,49.02,AS-DHA-01
2024-12-03,0.0,48.22,AS-DHA-01
2024-12-04,0.0,47.54,AS-DHA-01
2024-12-05,0.0,46.98,AS-DHA-01
2024-12-06,0.5,46.65,AS-DHA-01
2024-12-07,0.5,46.43,AS-DHA-01
2024-12-08,0.0,46.32,AS-DHA-01
2024-12-09,0.0,46.11,AS-DHA-01
2024-12-10,0.0,45.78,AS-DHA-01
2024-12-11,0.0,45.35,AS-DHA-01
2024-12-12,0.0,45.14,AS-DHA-01
2024-12-13,0.0,44.82,AS-DHA-01
2024-12-14,0.0,44.51,AS-DHA-01
2024-12-15,0.0,44.2,AS-DHA-01
2024-12-16,0.0,43.89,AS-DHA-01
2024-12-17,0.0,43.58,AS-DHA-01
2024-12-18,0.0,43.27,AS-DHA-01
2024-12-19,0.0,42.97,AS-DHA-01
2024-12-20,0.0,42.66,AS-DHA-01
2024-12-21,0.0,42.36,AS-DHA-01
2024-12-22,0.0,42.06,AS-DHA-01
2024-12-23,0.0,41.76,AS-DHA-01
2024-12-24,0.0,41.47,AS-DHA-01
2024-12-25,0.0,41.18,AS-DHA-01
2024-12-26,0.0,40.89,AS-DHA-01
2024-12-27,0.0,40.6,AS-DHA-01
2024-12-28,0.0,40.31,AS-DHA-01
2024-12-29,0.0,40.03,AS-DHA-01
2024-12-30,0.0,39.75,AS-DHA-01
2024-12-31,0.0,39.47,AS-DHA-01
2025-01-01,0.0,39.19,AS-DHA-01
2025-01-02,0.0,38.91,AS-DHA-01
2025-01-03,0.0,38.64,AS-DHA-01
2025-01-04,0.0,38.37,AS-DHA-01
2025-01-05,0.0,38.0,AS-DHA-01
2025-01-06,0.3,37.74,AS-DHA-01
2025-01-07,28.7,37.38,AS-DHA-01
2025-01-08,3.9,39.47,AS-DHA-01
2025-01-09,0.0,45.35,AS-DHA-01
2025-01-10,0.0,47.54,AS-DHA-01
2025-01-11,0.0,44.51,AS-DHA-01
2025-01-12,0.0,41.27,AS-DHA-01
2025-01-13,4.3,39.1,AS-DHA-01
2025-01-14,0.0,37.82,AS-DHA-01
2025-01-15,0.0,36.07,AS-DHA-01
2025-01-16,0.0,35.9,AS-DHA-01
2025-01-17,0.0,35.56,AS-DHA-01
2025-01-18,0.0,35.15,AS-DHA-01
2025-01-19,0.0,34.82,AS-DHA-01
2025-01-20,0.0,34.58,AS-DHA-01
2025-01-21,0.0,34.25,AS-DHA-01
2025-01-22,0.0,33.92,AS-DHA-01
2025-01-23,0.4,33.68,AS-DHA-01
2025-01-24,1.9,33.36,AS-DHA-01
2025-01-25,0.2,33.21,AS-DHA-01
2025-01-26,0.0,32.97,AS-DHA-01
2025-01-27,0.0,32.74,AS-DHA-01
2025-01-28,0.1,32.5,AS-DHA-01
2025-01-29,1.9,32.27,AS-DHA-01
2025-01-30,2.5,32.12,AS-DHA-01
2025-01-31,3.5,32.04,AS-DHA-01
2025-02-01,0.1,32.35,AS-DHA-01
2025-02-02,0.1,32.66,AS-DHA-01
2025-02-03,0.1,32.97,AS-DHA-01
2025-02-04,0.0,32.58,AS-DHA-01
2025-02-05,1.2,32.35,AS-DHA-01
2025-02-06,5.7,31.82,AS-DHA-01
2025-02-07,0.3,31.36,AS-DHA-01
2025-02-08,0.0,30.77,AS-DHA-01
2025-02-09,0.0,29.91,AS-DHA-01
2025-02-10,10.0,29.35,AS-DHA-01
2025-02-11,0.5,28.93,AS-DHA-01
2025-02-12,0.5,28.66,AS-DHA-01
2025-02-13,3.3,29.0,AS-DHA-01
2025-02-14,0.9,29.0,AS-DHA-01
2025-02-15,0.1,29.49,AS-DHA-01
2025-02-16,0.0,30.2,AS-DHA-01
2025-02-17,0.0,29.07,AS-DHA-01
2025-02-18,0.9,28.45,AS-DHA-01
2025-02-19,0.0,28.32,AS-DHA-01
2025-02-20,0.0,29.63,AS-DHA-01
2025-02-21,6.1,28.45,AS-DHA-01
2025-02-22,2.0,27.91,AS-DHA-01
2025-02-23,0.3,27.71,AS-DHA-01
2025-02-24,0.3,27.32,AS-DHA-01
2025-02-25,1.8,28.18,AS-DHA-01
2025-02-26,0.0,28.93,AS-DHA-01
2025-02-27,0.0,28.52,AS-DHA-01
2025-02-28,0.2,27.45,AS-DHA-01
2025-03-01,22.2,26.87,AS-DHA-01
2025-03-02,1.8,33.05,AS-DHA-01
2025-03-03,0.1,37.2,AS-DHA-01
2025-03-04,0.3,39.19,AS-DHA-01
2025-03-05,1.3,37.91,AS-DHA-01
2025-03-06,0.0,34.33,AS-DHA-01
2025-03-07,0.0,31.07,AS-DHA-01
2025-03-08,3.8,29.21,AS-DHA-01
2025-03-09,0.0,27.71,AS-DHA-01
2025-03-10,0.0,26.8,AS-DHA-01
2025-03-11,0.9,26.04,AS-DHA-01
2025-03-12,0.7,25.5,AS-DHA-01
2025-03-13,17.4,26.36,AS-DHA-01
2025-03-14,3.8,112.78,AS-DHA-01
2025-03-15,23.6,149.34,AS-DHA-01
2025-03-16,4.3,92.56,AS-DHA-01
2025-03-17,3.0,104.22,AS-DHA-01
2025-03-18,0.0,91.07,AS-DHA-01
2025-03-19,0.0,84.92,AS-DHA-01
2025-03-20,0.0,72.64,AS-DHA-01
2025-03-21,3.6,64.63,AS-DHA-01
2025-03-22,0.5,58.04,AS-DHA-01
2025-03-23,0.3,52.72,AS-DHA-01
2025-03-24,0.0,53.47,AS-DHA-01
2025-03-25,0.0,56.69,AS-DHA-01
2025-03-26,0.0,52.35,AS-DHA-01
2025-03-27,0.2,47.88,AS-DHA-01
2025-03-28,0.1,43.99,AS-DHA-01
2025-03-29,1.4,40.6,AS-DHA-01
2025-03-30,0.1,37.82,AS-DHA-01
2025-03-31,0.0,35.99,AS-DHA-01
2025-04-01,0.2,33.92,AS-DHA-01
2025-04-02,0.2,32.12,AS-DHA-01
2025-04-03,0.0,30.63,AS-DHA-01
2025-04-04,0.0,29.63,AS-DHA-01
2025-04-05,0.0,28.66,AS-DHA-01
2025-04-06,0.0,27.52,AS-DHA-01
2025-04-07,0.0,27.19,AS-DHA-01
2025-04-08,0.0,28.45,AS-DHA-01
2025-04-09,10.5,28.11,AS-DHA-01
2025-04-10,2.8,26.99,AS-DHA-01
2025-04-11,6.9,27.58,AS-DHA-01
2025-04-12,2.2,28.79,AS-DHA-01
2025-04-13,0.7,31.59,AS-DHA-01
2025-04-14,0.0,29.84,AS-DHA-01
2025-04-15,2.2,29.56,AS-DHA-01
2025-04-16,14.2,30.42,AS-DHA-01
2025-04-17,9.4,30.85,AS-DHA-01
2025-04-18,4.1,42.36,AS-DHA-01
2025-04-19,3.8,52.84,AS-DHA-01
2025-04-20,5.5,51.01,AS-DHA-01
2025-04-21,54.6,48.79,AS-DHA-01
2025-04-22,19.8,56.16,AS-DHA-01
2025-04-23,5.4,74.0,AS-DHA-01
2025-04-24,14.2,66.78,AS-DHA-01
2025-04-25,23.4,64.02,AS-DHA-01
2025-04-26,3.0,89.38,AS-DHA-01
2025-04-27,0.7,77.9,AS-DHA-01
2025-04-28,9.0,77.36,AS-DHA-01
2025-04-29,0.0,74.87,AS-DHA-01
2025-04-30,0.0,72.98,AS-DHA-01
2025-05-01,0.1,84.72,AS-DHA-01
2025-05-02,0.3,81.05,AS-DHA-01
2025-05-03,0.6,80.49,AS-DHA-01
2025-05-04,7.4,94.96,AS-DHA-01
2025-05-05,2.7,96.3,AS-DHA-01
2025-05-06,4.8,89.8,AS-DHA-01
2025-05-07,26.4,93.86,AS-DHA-01
2025-05-08,16.8,85.12,AS-DHA-01
2025-05-09,0.5,87.73,AS-DHA-01
2025-05-10,2.5,92.56,AS-DHA-01
2025-05-11,5.4,83.93,AS-DHA-01
2025-05-12,16.3,84.92,AS-DHA-01
2025-05-13,8.8,113.05,AS-DHA-01
2025-05-14,9.3,127.85,AS-DHA-01
2025-05-15,17.4,91.71,AS-DHA-01
2025-05-16,0.2,114.37,AS-DHA-01
2025-05-17,5.4,106.91,AS-DHA-01
2025-05-18,8.6,117.05,AS-DHA-01
2025-05-19,6.0,136.43,AS-DHA-01
2025-05-20,12.8,149.34,AS-DHA-01
2025-05-21,7.1,179.34,AS-DHA-01
2025-05-22,1.0,195.38,AS-DHA-01
2025-05-23,1.2,187.4,AS-DHA-01
2025-05-24,7.4,174.83,AS-DHA-01
2025-05-25,37.6,162.71,AS-DHA-01
2025-05-26,6.2,201.81,AS-DHA-01
2025-05-27,0.4,286.79,AS-DHA-01
2025-05-28,36.2,307.38,AS-DHA-01
2025-05-29,46.1,342.62,AS-DHA-01
2025-05-30,107.6,520.3,AS-DHA-01
2025-05-31,20.4,1721.19,AS-DHA-01
2025-06-01,6.6,1709.33,AS-DHA-01
2025-06-02,19.2,1136.84,AS-DHA-01
2025-06-03,2.0,1041.51,AS-DHA-01
2025-06-04,6.7,856.19,AS-DHA-01
2025-06-05,2.6,802.68,AS-DHA-01
2025-06-06,1.3,700.58,AS-DHA-01
2025-06-07,2.3,617.13,AS-DHA-01
2025-06-08,0.6,565.34,AS-DHA-01
2025-06-09,0.1,517.9,AS-DHA-01
2025-06-10,1.1,477.72,AS-DHA-01
2025-06-11,2.5,446.8,AS-DHA-01
2025-06-12,0.8,418.84,AS-DHA-01
2025-06-13,1.3,397.18,AS-DHA-01
2025-06-14,18.7,389.01,AS-DHA-01
2025-06-15,9.0,376.64,AS-DHA-01
2025-06-16,34.7,373.18,AS-DHA-01
2025-06-17,20.8,460.4,AS-DHA-01
2025-06-18,14.6,544.86,AS-DHA-01
2025-06-19,7.3,496.83,AS-DHA-01
2025-06-20,3.0,638.85,AS-DHA-01
2025-06-21,48.4,598.9,AS-DHA-01
2025-06-22,29.0,605.84,AS-DHA-01
2025-06-23,52.2,664.4,AS-DHA-01
2025-06-24,33.9,689.37,AS-DHA-01
2025-06-25,2.5,827.09,AS-DHA-01
2025-06-26,18.8,823.29,AS-DHA-01
2025-06-27,7.2,771.82,AS-DHA-01
2025-06-28,6.7,684.62,AS-DHA-01
2025-06-29,12.1,630.07,AS-DHA-01
2025-06-30,28.0,604.46,AS-DHA-01
2025-07-01,58.4,649.25,AS-DHA-01
2025-07-02,37.3,813.85,AS-DHA-01
2025-07-03,38.6,854.23,AS-DHA-01
2025-07-04,5.7,791.65,AS-DHA-01
2025-07-05,13.2,802.68,AS-DHA-01
2025-07-06,5.9,985.46,AS-DHA-01
2025-07-07,36.6,1110.93,AS-DHA-01
2025-07-08,14.2,1043.91,AS-DHA-01
2025-07-09,9.9,1031.95,AS-DHA-01
2025-07-10,0.2,1024.85,AS-DHA-01
2025-07-11,0.2,945.41,AS-DHA-01
2025-07-12,0.0,838.62,AS-DHA-01
2025-07-13,8.5,768.27,AS-DHA-01
2025-07-14,1.6,755.98,AS-DHA-01
2025-07-15,12.5,777.18,AS-DHA-01
2025-07-16,10.0,728.59,AS-DHA-01
2025-07-17,3.9,730.27,AS-DHA-01
2025-07-18,1.7,670.56,AS-DHA-01
2025-07-19,6.8,615.71,AS-DHA-01
2025-07-20,1.3,600.29,AS-DHA-01
2025-07-21,1.2,596.14,AS-DHA-01
2025-07-22,10.2,574.55,AS-DHA-01
2025-07-23,0.6,521.49,AS-DHA-01
2025-07-24,1.7,538.61,AS-DHA-01
2025-07-25,57.4,561.45,AS-DHA-01
2025-07-26,14.0,565.34,AS-DHA-01
2025-07-27,48.1,569.27,AS-DHA-01
2025-07-28,13.0,667.46,AS-DHA-01
2025-07-29,14.3,936.73,AS-DHA-01
2025-07-30,6.0,1269.81,AS-DHA-01
2025-07-31,2.5,960.79,AS-DHA-01
2025-08-01,13.5,876.16,AS-DHA-01
2025-08-02,12.6,762.98,AS-DHA-01
2025-08-03,6.6,720.24,AS-DHA-01
2025-08-04,9.4,707.08,AS-DHA-01
2025-08-05,1.1,720.24,AS-DHA-01
2025-08-06,8.8,686.19,AS-DHA-01
2025-08-07,5.3,687.78,AS-DHA-01
2025-08-08,9.1,665.93,AS-DHA-01
2025-08-09,7.4,698.98,AS-DHA-01
2025-08-10,1.4,597.52,AS-DHA-01
2025-08-11,15.2,564.04,AS-DHA-01
2025-08-12,29.0,594.78,AS-DHA-01
2025-08-13,10.9,868.12,AS-DHA-01
2025-08-14,2.7,850.3,AS-DHA-01
2025-08-15,0.0,708.71,AS-DHA-01
2025-08-16,4.5,679.9,AS-DHA-01
2025-08-17,3.0,662.86,AS-DHA-01
2025-08-18,28.4,630.07,AS-DHA-01
2025-08-19,12.7,637.38,AS-DHA-01
2025-08-20,18.7,610.06,AS-DHA-01
2025-08-21,12.2,594.78,AS-DHA-01
2025-08-22,10.1,566.65,AS-DHA-01
2025-08-23,0.8,557.58,AS-DHA-01
2025-08-24,10.1,650.75,AS-DHA-01
2025-08-25,5.9,687.78,AS-DHA-01
2025-08-26,12.8,700.58,AS-DHA-01
2025-08-27,40.4,672.1,AS-DHA-01
2025-08-28,24.5,630.07,AS-DHA-01
2025-08-29,30.8,676.76,AS-DHA-01
2025-08-30,2.4,917.5,AS-DHA-01
2025-08-31,0.1,930.28,AS-DHA-01
2025-09-01,0.0,798.98,AS-DHA-01
2025-09-02,5.3,692.55,AS-DHA-01
2025-09-03,24.8,667.46,AS-DHA-01
2025-09-04,1.2,723.57,AS-DHA-01
2025-09-05,14.3,743.87,AS-DHA-01
2025-09-06,13.7,621.41,AS-DHA-01
2025-09-07,4.9,598.9,AS-DHA-01
2025-09-08,7.0,575.88,AS-DHA-01
2025-09-09,2.8,564.04,AS-DHA-01
2025-09-10,3.9,565.34,AS-DHA-01
2025-09-11,3.8,557.58,AS-DHA-01
2025-09-12,10.9,589.31,AS-DHA-01
2025-09-13,17.3,594.78,AS-DHA-01
2025-09-14,21.9,617.13,AS-DHA-01
2025-09-15,33.1,697.36,AS-DHA-01
2025-09-16,26.3,802.68,AS-DHA-01
2025-09-17,29.3,731.96,AS-DHA-01
2025-09-18,28.4,888.36,AS-DHA-01
2025-09-19,12.3,800.83,AS-DHA-01
2025-09-20,3.7,775.39,AS-DHA-01
2025-09-21,0.4,737.05,AS-DHA-01
2025-09-22,18.6,665.93,AS-DHA-01
2025-09-23,13.2,664.4,AS-DHA-01
2025-09-24,0.8,747.3,AS-DHA-01
2025-09-25,0.0,761.22,AS-DHA-01
2025-09-26,19.4,643.28,AS-DHA-01
2025-09-27,0.8,638.85,AS-DHA-01
2025-09-28,0.0,627.18,AS-DHA-01
2025-09-29,0.8,547.38,AS-DHA-01
2025-09-30,21.0,500.28,AS-DHA-01
2025-10-01,12.8,538.61,AS-DHA-01
2025-10-02,8.5,617.13,AS-DHA-01
2025-10-03,6.8,679.9,AS-DHA-01
2025-10-04,4.6,611.46,AS-DHA-01
2025-10-05,2.2,579.87,AS-DHA-01
2025-10-06,0.8,543.61,AS-DHA-01
2025-10-07,4.1,520.3,AS-DHA-01
2025-10-08,2.2,502.59,AS-DHA-01
2025-10-09,7.1,499.13,AS-DHA-01
2025-10-10,18.0,481.04,AS-DHA-01
2025-10-11,15.6,520.3,AS-DHA-01
2025-10-12,3.6,605.84,AS-DHA-01
2025-10-13,5.6,571.91,AS-DHA-01
2025-10-14,0.0,484.38,AS-DHA-01
2025-10-15,0.0,432.59,AS-DHA-01
2025-10-16,0.0,400.87,AS-DHA-01
2025-10-17,0.0,371.46,AS-DHA-01
2025-10-18,0.0,345.01,AS-DHA-01
2025-10-19,0.0,330.96,AS-DHA-01
2025-10-20,0.0,308.8,AS-DHA-01
2025-10-21,0.0,289.46,AS-DHA-01
2025-10-22,0.0,271.32,AS-DHA-01
2025-10-23,0.0,251.98,AS-DHA-01
2025-10-24,54.5,234.0,AS-DHA-01
2025-10-25,0.1,219.33,AS-DHA-01
2025-10-26,0.4,207.97,AS-DHA-01
2025-10-27,0.1,196.28,AS-DHA-01
2025-10-28,0.0,183.54,AS-DHA-01
2025-10-29,0.7,170.04,AS-DHA-01
2025-10-30,0.3,159.35,AS-DHA-01
2025-10-31,4.3,151.44,AS-DHA-01
2025-11-01,13.3,141.92,AS-DHA-01
2025-11-02,10.5,138.99,AS-DHA-01
2025-11-03,0.1,246.22,AS-DHA-01
2025-11-04,0.0,274.48,AS-DHA-01
2025-11-05,1.7,257.87,AS-DHA-01
2025-11-06,2.1,231.86,AS-DHA-01
2025-11-07,0.1,307.38,AS-DHA-01
2025-11-08,0.0,172.01,AS-DHA-01
2025-11-09,0.0,156.79,AS-DHA-01
2025-11-10,0.0,142.91,AS-DHA-01
2025-11-11,0.0,131.15,AS-DHA-01
2025-11-12,0.0,120.09,AS-DHA-01
2025-11-13,0.0,110.96,AS-DHA-01
2025-11-14,0.0,102.77,AS-DHA-01
2025-11-15,0.0,94.96,AS-DHA-01
2025-11-16,0.0,88.97,AS-DHA-01
2025-11-17,0.0,82.77,AS-DHA-01
2025-11-18,0.0,77.0,AS-DHA-01
2025-11-19,0.0,71.96,AS-DHA-01
2025-11-20,0.0,67.41,AS-DHA-01
2025-11-21,11.2,63.44,AS-DHA-01
2025-11-22,3.0,60.39,AS-DHA-01
2025-11-23,1.3,58.58,AS-DHA-01
2025-11-24,0.0,57.63,AS-DHA-01
2025-11-25,0.0,56.03,AS-DHA-01
2025-11-26,0.0,53.84,AS-DHA-01
2025-11-27,0.0,51.86,AS-DHA-01
2025-11-28,0.0,50.29,AS-DHA-01
2025-11-29,0.0,48.9,AS-DHA-01
2025-11-30,0.0,47.77,AS-DHA-01
2025-12-01,0.0,46.87,AS-DHA-01
2025-12-02,0.0,46.22,AS-DHA-01
2025-12-03,0.0,45.57,AS-DHA-01
2025-12-04,0.0,45.03,AS-DHA-01
2025-12-05,0.0,44.72,AS-DHA-01
2025-12-06,0.0,44.41,AS-DHA-01
2025-12-07,0.0,44.1,AS-DHA-01
2025-12-08,0.0,43.68,AS-DHA-01
2025-12-09,0.0,43.37,AS-DHA-01
2025-12-10,0.0,43.07,AS-DHA-01
2025-12-11,0.0,42.76,AS-DHA-01
2025-12-12,0.0,42.46,AS-DHA-01
2025-12-13,0.0,42.16,AS-DHA-01
2025-12-14,0.0,41.86,AS-DHA-01
2025-12-15,0.0,41.57,AS-DHA-01
2025-12-16,0.0,41.27,AS-DHA-01
2025-12-17,0.0,40.98,AS-DHA-01
2025-12-18,0.0,40.69,AS-DHA-01
2025-12-19,0.0,40.41,AS-DHA-01
2025-12-20,0.0,40.12,AS-DHA-01
2025-12-21,0.0,39.75,AS-DHA-01
2025-12-22,0.0,39.47,AS-DHA-01
2025-12-23,1.0,39.19,AS-DHA-01
2025-12-24,0.1,38.91,AS-DHA-01
2025-12-25,0.0,38.64,AS-DHA-01
2025-12-26,0.0,38.46,AS-DHA-01
2025-12-27,0.0,38.37,AS-DHA-01
2025-12-28,0.0,38.09,AS-DHA-01
2025-12-29,0.3,37.82,AS-DHA-01
2025-12-30,0.8,37.47,AS-DHA-01
2025-12-31,0.0,37.2,AS-DHA-01
