date,precipitation_sum_mm,river_discharge_m3s,station_id
1990-01-01,0.0,913.73,AS-JIA-01
1990-01-02,0.0,913.73,AS-JIA-01
1990-01-03,0.0,913.73,AS-JIA-01
1990-01-04,0.0,913.73,AS-JIA-01
1990-01-05,0.0,913.73,AS-JIA-01
1990-01-06,0.0,913.73,AS-JIA-01
1990-01-07,0.0,913.73,AS-JIA-01
1990-01-08,0.0,913.73,AS-JIA-01
1990-01-09,0.1,913.73,AS-JIA-01
1990-01-10,0.0,913.73,AS-JIA-01
1990-01-11,0.0,913.73,AS-JIA-01
1990-01-12,0.0,913.73,AS-JIA-01
1990-01-13,0.0,913.73,AS-JIA-01
1990-01-14,0.0,913.73,AS-JIA-01
1990-01-15,0.0,913.73,AS-JIA-01
1990-01-16,0.0,913.73,AS-JIA-01
1990-01-17,0.0,913.73,AS-JIA-01
1990-01-18,0.0,913.73,AS-JIA-01
1990-01-19,0.0,913.73,AS-JIA-01
1990-01-20,0.0,913.73,AS-JIA-01
1990-01-21,0.0,913.73,AS-JIA-01
1990-01-22,1.9,913.73,AS-JIA-01
1990-01-23,1.6,913.73,AS-JIA-01
1990-01-24,0.2,913.73,AS-JIA-01
1990-01-25,0.0,913.73,AS-JIA-01
1990-01-26,0.7,913.73,AS-JIA-01
1990-01-27,2.8,913.73,AS-JIA-01
1990-01-28,1.1,913.73,AS-JIA-01
1990-01-29,1.4,913.73,AS-JIA-01
1990-01-30,0.5,913.73,AS-JIA-01
1990-01-31,1.5,913.73,AS-JIA-01
1990-02-01,1.2,913.73,AS-JIA-01
1990-02-02,0.0,913.73,AS-JIA-01
1990-02-03,0.0,913.73,AS-JIA-01
1990-02-04,0.0,913.73,AS-JIA-01
1990-02-05,0.0,913.73,AS-JIA-01
1990-02-06,0.0,913.73,AS-JIA-01
1990-02-07,0.0,913.73,AS-JIA-01
1990-02-08,0.0,913.73,AS-JIA-01
1990-02-09,0.0,913.73,AS-JIA-01
1990-02-10,0.0,913.73,AS-JIA-01
1990-02-11,0.0,913.73,AS-JIA-01
1990-02-12,0.5,913.73,AS-JIA-01
1990-02-13,0.2,913.73,AS-JIA-01
1990-02-14,5.9,913.73,AS-JIA-01
1990-02-15,2.1,913.73,AS-JIA-01
1990-02-16,2.3,913.73,AS-JIA-01
1990-02-17,1.1,913.73,AS-JIA-01
1990-02-18,0.0,913.73,AS-JIA-01
1990-02-19,2.1,913.73,AS-JIA-01
1990-02-20,4.8,913.73,AS-JIA-01
1990-02-21,7.6,913.73,AS-JIA-01
1990-02-22,7.3,913.73,AS-JIA-01
1990-02-23,2.2,913.73,AS-JIA-01
1990-02-24,0.3,913.73,AS-JIA-01
1990-02-25,0.8,913.73,AS-JIA-01
1990-02-26,5.6,913.73,AS-JIA-01
1990-02-27,6.0,913.73,AS-JIA-01
1990-02-28,4.5,913.73,AS-JIA-01
1990-03-01,3.2,913.73,AS-JIA-01
1990-03-02,0.6,913.73,AS-JIA-01
1990-03-03,0.0,913.73,AS-JIA-01
1990-03-04,0.0,913.73,AS-JIA-01
1990-03-05,0.0,913.73,AS-JIA-01
1990-03-06,0.0,913.73,AS-JIA-01
1990-03-07,0.2,913.73,AS-JIA-01
1990-03-08,0.0,913.73,AS-JIA-01
1990-03-09,0.1,913.73,AS-JIA-01
1990-03-10,0.5,913.73,AS-JIA-01
1990-03-11,1.1,913.73,AS-JIA-01
1990-03-12,18.0,913.73,AS-JIA-01
1990-03-13,3.5,913.73,AS-JIA-01
1990-03-14,0.0,913.73,AS-JIA-01
1990-03-15,0.0,913.73,AS-JIA-01
1990-03-16,0.0,913.73,AS-JIA-01
1990-03-17,0.0,913.73,AS-JIA-01
1990-03-18,0.0,913.73,AS-JIA-01
1990-03-19,0.9,913.73,AS-JIA-01
1990-03-20,10.3,913.73,AS-JIA-01
1990-03-21,14.3,913.73,AS-JIA-01
1990-03-22,2.0,913.73,AS-JIA-01
1990-03-23,6.5,913.73,AS-JIA-01
1990-03-24,10.8,913.73,AS-JIA-01
1990-03-25,11.9,913.73,AS-JIA-01
1990-03-26,1.1,913.73,AS-JIA-01
1990-03-27,3.7,913.73,AS-JIA-01
1990-03-28,1.1,913.73,AS-JIA-01
1990-03-29,5.1,913.73,AS-JIA-01
1990-03-30,8.6,913.73,AS-JIA-01
1990-03-31,13.0,913.73,AS-JIA-01
1990-04-01,10.1,913.73,AS-JIA-01
1990-04-02,7.4,913.73,AS-JIA-01
1990-04-03,19.9,913.73,AS-JIA-01
1990-04-04,7.5,913.73,AS-JIA-01
1990-04-05,1.5,913.73,AS-JIA-01
1990-04-06,0.4,913.73,AS-JIA-01
1990-04-07,5.4,913.73,AS-JIA-01
1990-04-08,35.0,913.73,AS-JIA-01
1990-04-09,16.8,913.73,AS-JIA-01
1990-04-10,2.0,913.73,AS-JIA-01
1990-04-11,0.0,913.73,AS-JIA-01
1990-04-12,0.4,913.73,AS-JIA-01
1990-04-13,27.9,913.73,AS-JIA-01
1990-04-14,10.8,913.73,AS-JIA-01
1990-04-15,2.7,913.73,AS-JIA-01
1990-04-16,36.0,913.73,AS-JIA-01
1990-04-17,20.0,913.73,AS-JIA-01
1990-04-18,38.3,913.73,AS-JIA-01
1990-04-19,64.9,913.73,AS-JIA-01
1990-04-20,57.0,913.73,AS-JIA-01
1990-04-21,14.1,913.73,AS-JIA-01
1990-04-22,15.5,913.73,AS-JIA-01
1990-04-23,34.2,913.73,AS-JIA-01
1990-04-24,18.1,913.73,AS-JIA-01
1990-04-25,5.9,913.73,AS-JIA-01
1990-04-26,12.5,913.73,AS-JIA-01
1990-04-27,50.7,913.73,AS-JIA-01
1990-04-28,38.9,913.73,AS-JIA-01
1990-04-29,13.6,913.73,AS-JIA-01
1990-04-30,2.0,913.73,AS-JIA-01
1990-05-01,4.2,913.73,AS-JIA-01
1990-05-02,4.4,913.73,AS-JIA-01
1990-05-03,16.4,913.73,AS-JIA-01
1990-05-04,0.0,913.73,AS-JIA-01
1990-05-05,0.0,913.73,AS-JIA-01
1990-05-06,5.2,913.73,AS-JIA-01
1990-05-07,4.8,913.73,AS-JIA-01
1990-05-08,13.7,913.73,AS-JIA-01
1990-05-09,7.0,913.73,AS-JIA-01
1990-05-10,2.4,913.73,AS-JIA-01
1990-05-11,1.9,913.73,AS-JIA-01
1990-05-12,20.3,913.73,AS-JIA-01
1990-05-13,28.9,913.73,AS-JIA-01
1990-05-14,67.0,913.73,AS-JIA-01
1990-05-15,0.0,913.73,AS-JIA-01
1990-05-16,0.0,913.73,AS-JIA-01
1990-05-17,0.0,913.73,AS-JIA-01
1990-05-18,1.4,913.73,AS-JIA-01
1990-05-19,16.2,913.73,AS-JIA-01
1990-05-20,16.9,913.73,AS-JIA-01
1990-05-21,8.9,913.73,AS-JIA-01
1990-05-22,3.6,913.73,AS-JIA-01
1990-05-23,2.9,913.73,AS-JIA-01
1990-05-24,6.9,913.73,AS-JIA-01
1990-05-25,8.3,913.73,AS-JIA-01
1990-05-26,14.1,913.73,AS-JIA-01
1990-05-27,18.0,913.73,AS-JIA-01
1990-05-28,4.3,913.73,AS-JIA-01
1990-05-29,1.6,913.73,AS-JIA-01
1990-05-30,11.1,913.73,AS-JIA-01
1990-05-31,26.3,913.73,AS-JIA-01
1990-06-01,25.6,913.73,AS-JIA-01
1990-06-02,27.7,913.73,AS-JIA-01
1990-06-03,24.9,913.73,AS-JIA-01
1990-06-04,18.9,913.73,AS-JIA-01
1990-06-05,48.3,913.73,AS-JIA-01
1990-06-06,55.2,913.73,AS-JIA-01
1990-06-07,68.7,913.73,AS-JIA-01
1990-06-08,49.1,913.73,AS-JIA-01
1990-06-09,22.4,913.73,AS-JIA-01
1990-06-10,3.9,913.73,AS-JIA-01
1990-06-11,6.0,913.73,AS-JIA-01
1990-06-12,7.8,913.73,AS-JIA-01
1990-06-13,3.5,913.73,AS-JIA-01
1990-06-14,20.5,913.73,AS-JIA-01
1990-06-15,29.1,913.73,AS-JIA-01
1990-06-16,20.8,913.73,AS-JIA-01
1990-06-17,15.2,913.73,AS-JIA-01
1990-06-18,12.3,913.73,AS-JIA-01
1990-06-19,25.8,913.73,AS-JIA-01
1990-06-20,35.1,913.73,AS-JIA-01
1990-06-21,24.4,913.73,AS-JIA-01
1990-06-22,43.2,913.73,AS-JIA-01
1990-06-23,19.9,913.73,AS-JIA-01
1990-06-24,0.2,913.73,AS-JIA-01
1990-06-25,0.7,913.73,AS-JIA-01
1990-06-26,0.3,913.73,AS-JIA-01
1990-06-27,36.9,913.73,AS-JIA-01
1990-06-28,12.4,913.73,AS-JIA-01
1990-06-29,14.6,913.73,AS-JIA-01
1990-06-30,29.4,913.73,AS-JIA-01
1990-07-01,3.0,913.73,AS-JIA-01
1990-07-02,8.2,913.73,AS-JIA-01
1990-07-03,15.5,913.73,AS-JIA-01
1990-07-04,21.9,913.73,AS-JIA-01
1990-07-05,48.5,913.73,AS-JIA-01
1990-07-06,13.3,913.73,AS-JIA-01
1990-07-07,18.3,913.73,AS-JIA-01
1990-07-08,30.2,913.73,AS-JIA-01
1990-07-09,1.0,913.73,AS-JIA-01
1990-07-10,18.3,913.73,AS-JIA-01
1990-07-11,17.9,913.73,AS-JIA-01
1990-07-12,20.7,913.73,AS-JIA-01
1990-07-13,20.2,913.73,AS-JIA-01
1990-07-14,22.5,913.73,AS-JIA-01
1990-07-15,13.2,913.73,AS-JIA-01
1990-07-16,4.0,913.73,AS-JIA-01
1990-07-17,9.9,913.73,AS-JIA-01
1990-07-18,21.2,913.73,AS-JIA-01
1990-07-19,15.9,913.73,AS-JIA-01
1990-07-20,14.8,913.73,AS-JIA-01
1990-07-21,14.6,913.73,AS-JIA-01
1990-07-22,20.6,913.73,AS-JIA-01
1990-07-23,25.5,913.73,AS-JIA-01
1990-07-24,30.1,913.73,AS-JIA-01
1990-07-25,15.5,913.73,AS-JIA-01
1990-07-26,19.1,913.73,AS-JIA-01
1990-07-27,4.3,913.73,AS-JIA-01
1990-07-28,10.5,913.73,AS-JIA-01
1990-07-29,18.1,913.73,AS-JIA-01
1990-07-30,9.3,913.73,AS-JIA-01
1990-07-31,13.0,913.73,AS-JIA-01
1990-08-01,22.4,913.73,AS-JIA-01
1990-08-02,4.2,913.73,AS-JIA-01
1990-08-03,2.1,913.73,AS-JIA-01
1990-08-04,7.3,913.73,AS-JIA-01
1990-08-05,16.9,913.73,AS-JIA-01
1990-08-06,6.3,913.73,AS-JIA-01
1990-08-07,9.3,913.73,AS-JIA-01
1990-08-08,7.2,913.73,AS-JIA-01
1990-08-09,16.5,913.73,AS-JIA-01
1990-08-10,14.6,913.73,AS-JIA-01
1990-08-11,14.4,913.73,AS-JIA-01
1990-08-12,10.5,913.73,AS-JIA-01
1990-08-13,9.4,913.73,AS-JIA-01
1990-08-14,12.7,913.73,AS-JIA-01
1990-08-15,14.0,913.73,AS-JIA-01
1990-08-16,20.3,913.73,AS-JIA-01
1990-08-17,9.6,913.73,AS-JIA-01
1990-08-18,4.6,913.73,AS-JIA-01
1990-08-19,1.1,913.73,AS-JIA-01
1990-08-20,22.5,913.73,AS-JIA-01
1990-08-21,17.6,913.73,AS-JIA-01
1990-08-22,6.6,913.73,AS-JIA-01
1990-08-23,8.6,913.73,AS-JIA-01
1990-08-24,16.6,913.73,AS-JIA-01
1990-08-25,33.9,913.73,AS-JIA-01
1990-08-26,6.8,913.73,AS-JIA-01
1990-08-27,5.8,913.73,AS-JIA-01
1990-08-28,9.2,913.73,AS-JIA-01
1990-08-29,1.6,913.73,AS-JIA-01
1990-08-30,2.6,913.73,AS-JIA-01
1990-08-31,4.6,913.73,AS-JIA-01
1990-09-01,10.7,913.73,AS-JIA-01
1990-09-02,12.5,913.73,AS-JIA-01
1990-09-03,40.3,913.73,AS-JIA-01
1990-09-04,13.5,913.73,AS-JIA-01
1990-09-05,16.6,913.73,AS-JIA-01
1990-09-06,8.1,913.73,AS-JIA-01
1990-09-07,4.0,913.73,AS-JIA-01
1990-09-08,5.9,913.73,AS-JIA-01
1990-09-09,11.2,913.73,AS-JIA-01
1990-09-10,11.4,913.73,AS-JIA-01
1990-09-11,14.1,913.73,AS-JIA-01
1990-09-12,12.6,913.73,AS-JIA-01
1990-09-13,11.1,913.73,AS-JIA-01
1990-09-14,9.4,913.73,AS-JIA-01
1990-09-15,7.3,913.73,AS-JIA-01
1990-09-16,14.6,913.73,AS-JIA-01
1990-09-17,34.0,913.73,AS-JIA-01
1990-09-18,5.4,913.73,AS-JIA-01
1990-09-19,0.0,913.73,AS-JIA-01
1990-09-20,0.2,913.73,AS-JIA-01
1990-09-21,4.4,913.73,AS-JIA-01
1990-09-22,16.4,913.73,AS-JIA-01
1990-09-23,18.0,913.73,AS-JIA-01
1990-09-24,17.8,913.73,AS-JIA-01
1990-09-25,5.5,913.73,AS-JIA-01
1990-09-26,24.4,913.73,AS-JIA-01
1990-09-27,49.7,913.73,AS-JIA-01
1990-09-28,16.1,913.73,AS-JIA-01
1990-09-29,13.1,913.73,AS-JIA-01
1990-09-30,12.5,913.73,AS-JIA-01
1990-10-01,8.0,913.73,AS-JIA-01
1990-10-02,7.8,913.73,AS-JIA-01
1990-10-03,16.6,913.73,AS-JIA-01
1990-10-04,13.4,913.73,AS-JIA-01
1990-10-05,4.8,913.73,AS-JIA-01
1990-10-06,0.0,913.73,AS-JIA-01
1990-10-07,20.7,913.73,AS-JIA-01
1990-10-08,51.9,913.73,AS-JIA-01
1990-10-09,99.5,913.73,AS-JIA-01
1990-10-10,28.1,913.73,AS-JIA-01
1990-10-11,0.0,913.73,AS-JIA-01
1990-10-12,1.0,913.73,AS-JIA-01
1990-10-13,0.0,913.73,AS-JIA-01
1990-10-14,0.0,913.73,AS-JIA-01
1990-10-15,6.2,913.73,AS-JIA-01
1990-10-16,5.8,913.73,AS-JIA-01
1990-10-17,1.2,913.73,AS-JIA-01
1990-10-18,0.0,913.73,AS-JIA-01
1990-10-19,0.0,913.73,AS-JIA-01
1990-10-20,0.0,913.73,AS-JIA-01
1990-10-21,0.0,913.73,AS-JIA-01
1990-10-22,0.0,913.73,AS-JIA-01
1990-10-23,0.0,913.73,AS-JIA-01
1990-10-24,0.0,913.73,AS-JIA-01
1990-10-25,0.0,913.73,AS-JIA-01
1990-10-26,0.3,913.73,AS-JIA-01
1990-10-27,0.1,913.73,AS-JIA-01
1990-10-28,0.0,913.73,AS-JIA-01
1990-10-29,0.0,913.73,AS-JIA-01
1990-10-30,0.0,913.73,AS-JIA-01
1990-10-31,0.0,913.73,AS-JIA-01
1990-11-01,0.0,913.73,AS-JIA-01
1990-11-02,0.0,913.73,AS-JIA-01
1990-11-03,0.0,913.73,AS-JIA-01
1990-11-04,0.0,913.73,AS-JIA-01
1990-11-05,0.0,913.73,AS-JIA-01
1990-11-06,0.0,913.73,AS-JIA-01
1990-11-07,0.0,913.73,AS-JIA-01
1990-11-08,0.0,913.73,AS-JIA-01
1990-11-09,0.0,913.73,AS-JIA-01
1990-11-10,0.0,913.73,AS-JIA-01
1990-11-11,0.0,913.73,AS-JIA-01
1990-11-12,0.0,913.73,AS-JIA-01
1990-11-13,0.0,913.73,AS-JIA-01
1990-11-14,0.0,913.73,AS-JIA-01
1990-11-15,0.0,913.73,AS-JIA-01
1990-11-16,0.0,913.73,AS-JIA-01
1990-11-17,0.0,913.73,AS-JIA-01
1990-11-18,0.0,913.73,AS-JIA-01
1990-11-19,0.0,913.73,AS-JIA-01
1990-11-20,0.0,913.73,AS-JIA-01
1990-11-21,0.0,913.73,AS-JIA-01
1990-11-22,0.0,913.73,AS-JIA-01
1990-11-23,0.0,913.73,AS-JIA-01
1990-11-24,0.0,913.73,AS-JIA-01
1990-11-25,0.0,913.73,AS-JIA-01
1990-11-26,0.0,913.73,AS-JIA-01
1990-11-27,0.0,913.73,AS-JIA-01
1990-11-28,0.0,913.73,AS-JIA-01
1990-11-29,0.0,913.73,AS-JIA-01
1990-11-30,0.3,913.73,AS-JIA-01
1990-12-01,0.1,913.73,AS-JIA-01
1990-12-02,0.0,913.73,AS-JIA-01
1990-12-03,0.0,913.73,AS-JIA-01
1990-12-04,0.0,913.73,AS-JIA-01
1990-12-05,0.0,913.73,AS-JIA-01
1990-12-06,0.0,913.73,AS-JIA-01
1990-12-07,0.0,913.73,AS-JIA-01
1990-12-08,0.0,913.73,AS-JIA-01
1990-12-09,0.0,913.73,AS-JIA-01
1990-12-10,0.0,913.73,AS-JIA-01
1990-12-11,0.0,913.73,AS-JIA-01
1990-12-12,0.0,913.73,AS-JIA-01
1990-12-13,0.0,913.73,AS-JIA-01
1990-12-14,0.0,913.73,AS-JIA-01
1990-12-15,0.0,913.73,AS-JIA-01
1990-12-16,0.0,913.73,AS-JIA-01
1990-12-17,0.0,913.73,AS-JIA-01
1990-12-18,0.0,913.73,AS-JIA-01
1990-12-19,0.0,913.73,AS-JIA-01
1990-12-20,0.0,913.73,AS-JIA-01
1990-12-21,0.0,913.73,AS-JIA-01
1990-12-22,0.0,913.73,AS-JIA-01
1990-12-23,0.0,913.73,AS-JIA-01
1990-12-24,0.0,913.73,AS-JIA-01
1990-12-25,0.0,913.73,AS-JIA-01
1990-12-26,0.0,913.73,AS-JIA-01
1990-12-27,0.0,913.73,AS-JIA-01
1990-12-28,0.1,913.73,AS-JIA-01
1990-12-29,0.0,913.73,AS-JIA-01
1990-12-30,0.0,913.73,AS-JIA-01
1990-12-31,0.0,913.73,AS-JIA-01
1991-01-01,3.1,913.73,AS-JIA-01
1991-01-02,3.7,913.73,AS-JIA-01
1991-01-03,6.5,913.73,AS-JIA-01
1991-01-04,0.2,913.73,AS-JIA-01
1991-01-05,0.0,913.73,AS-JIA-01
1991-01-06,0.0,913.73,AS-JIA-01
1991-01-07,0.0,913.73,AS-JIA-01
1991-01-08,0.0,913.73,AS-JIA-01
1991-01-09,0.0,913.73,AS-JIA-01
1991-01-10,0.0,913.73,AS-JIA-01
1991-01-11,0.0,913.73,AS-JIA-01
1991-01-12,0.0,913.73,AS-JIA-01
1991-01-13,0.0,913.73,AS-JIA-01
1991-01-14,0.0,913.73,AS-JIA-01
1991-01-15,0.0,913.73,AS-JIA-01
1991-01-16,0.0,913.73,AS-JIA-01
1991-01-17,0.0,913.73,AS-JIA-01
1991-01-18,0.0,913.73,AS-JIA-01
1991-01-19,0.0,913.73,AS-JIA-01
1991-01-20,0.0,913.73,AS-JIA-01
1991-01-21,0.0,913.73,AS-JIA-01
1991-01-22,0.0,913.73,AS-JIA-01
1991-01-23,0.0,913.73,AS-JIA-01
1991-01-24,0.0,913.73,AS-JIA-01
1991-01-25,0.0,913.73,AS-JIA-01
1991-01-26,0.0,913.73,AS-JIA-01
1991-01-27,0.0,913.73,AS-JIA-01
1991-01-28,0.0,913.73,AS-JIA-01
1991-01-29,0.0,913.73,AS-JIA-01
1991-01-30,0.3,913.73,AS-JIA-01
1991-01-31,1.5,913.73,AS-JIA-01
1991-02-01,6.9,913.73,AS-JIA-01
1991-02-02,3.1,913.73,AS-JIA-01
1991-02-03,2.9,913.73,AS-JIA-01
1991-02-04,7.6,913.73,AS-JIA-01
1991-02-05,0.2,913.73,AS-JIA-01
1991-02-06,0.0,913.73,AS-JIA-01
1991-02-07,0.0,913.73,AS-JIA-01
1991-02-08,0.0,913.73,AS-JIA-01
1991-02-09,0.0,913.73,AS-JIA-01
1991-02-10,0.4,913.73,AS-JIA-01
1991-02-11,0.5,913.73,AS-JIA-01
1991-02-12,0.9,913.73,AS-JIA-01
1991-02-13,0.2,913.73,AS-JIA-01
1991-02-14,0.0,913.73,AS-JIA-01
1991-02-15,0.0,913.73,AS-JIA-01
1991-02-16,0.0,913.73,AS-JIA-01
1991-02-17,0.0,913.73,AS-JIA-01
1991-02-18,0.0,913.73,AS-JIA-01
1991-02-19,0.0,913.73,AS-JIA-01
1991-02-20,0.0,913.73,AS-JIA-01
1991-02-21,0.0,913.73,AS-JIA-01
1991-02-22,0.0,913.73,AS-JIA-01
1991-02-23,0.0,913.73,AS-JIA-01
1991-02-24,0.0,913.73,AS-JIA-01
1991-02-25,0.0,913.73,AS-JIA-01
1991-02-26,0.4,913.73,AS-JIA-01
1991-02-27,3.2,913.73,AS-JIA-01
1991-02-28,9.8,913.73,AS-JIA-01
1991-03-01,5.3,913.73,AS-JIA-01
1991-03-02,3.1,913.73,AS-JIA-01
1991-03-03,0.0,913.73,AS-JIA-01
1991-03-04,0.0,913.73,AS-JIA-01
1991-03-05,3.7,913.73,AS-JIA-01
1991-03-06,0.0,913.73,AS-JIA-01
1991-03-07,0.0,913.73,AS-JIA-01
1991-03-08,0.0,913.73,AS-JIA-01
1991-03-09,0.0,913.73,AS-JIA-01
1991-03-10,0.0,913.73,AS-JIA-01
1991-03-11,1.0,913.73,AS-JIA-01
1991-03-12,8.1,913.73,AS-JIA-01
1991-03-13,1.7,913.73,AS-JIA-01
1991-03-14,0.0,913.73,AS-JIA-01
1991-03-15,1.2,913.73,AS-JIA-01
1991-03-16,2.1,913.73,AS-JIA-01
1991-03-17,0.0,913.73,AS-JIA-01
1991-03-18,0.0,913.73,AS-JIA-01
1991-03-19,0.0,913.73,AS-JIA-01
1991-03-20,0.0,913.73,AS-JIA-01
1991-03-21,0.0,913.73,AS-JIA-01
1991-03-22,0.0,913.73,AS-JIA-01
1991-03-23,0.0,913.73,AS-JIA-01
1991-03-24,7.8,913.73,AS-JIA-01
1991-03-25,0.5,913.73,AS-JIA-01
1991-03-26,0.0,913.73,AS-JIA-01
1991-03-27,0.0,913.73,AS-JIA-01
1991-03-28,2.2,913.73,AS-JIA-01
1991-03-29,5.4,913.73,AS-JIA-01
1991-03-30,0.0,913.73,AS-JIA-01
1991-03-31,9.4,913.73,AS-JIA-01
1991-04-01,49.3,913.73,AS-JIA-01
1991-04-02,22.9,913.73,AS-JIA-01
1991-04-03,4.8,913.73,AS-JIA-01
1991-04-04,7.5,913.73,AS-JIA-01
1991-04-05,8.0,913.73,AS-JIA-01
1991-04-06,12.2,913.73,AS-JIA-01
1991-04-07,15.0,913.73,AS-JIA-01
1991-04-08,11.5,913.73,AS-JIA-01
1991-04-09,12.7,913.73,AS-JIA-01
1991-04-10,5.4,913.73,AS-JIA-01
1991-04-11,3.4,913.73,AS-JIA-01
1991-04-12,0.8,913.73,AS-JIA-01
1991-04-13,0.0,913.73,AS-JIA-01
1991-04-14,0.0,913.73,AS-JIA-01
1991-04-15,5.2,913.73,AS-JIA-01
1991-04-16,0.6,913.73,AS-JIA-01
1991-04-17,0.2,913.73,AS-JIA-01
1991-04-18,0.0,913.73,AS-JIA-01
1991-04-19,0.0,913.73,AS-JIA-01
1991-04-20,0.0,913.73,AS-JIA-01
1991-04-21,0.0,913.73,AS-JIA-01
1991-04-22,5.4,913.73,AS-JIA-01
1991-04-23,28.9,913.73,AS-JIA-01
1991-04-24,8.8,913.73,AS-JIA-01
1991-04-25,3.5,913.73,AS-JIA-01
1991-04-26,1.5,913.73,AS-JIA-01
1991-04-27,1.8,913.73,AS-JIA-01
1991-04-28,0.5,913.73,AS-JIA-01
1991-04-29,0.9,913.73,AS-JIA-01
1991-04-30,6.4,913.73,AS-JIA-01
1991-05-01,17.7,913.73,AS-JIA-01
1991-05-02,24.9,913.73,AS-JIA-01
1991-05-03,8.3,913.73,AS-JIA-01
1991-05-04,19.3,913.73,AS-JIA-01
1991-05-05,53.0,913.73,AS-JIA-01
1991-05-06,36.5,913.73,AS-JIA-01
1991-05-07,70.7,913.73,AS-JIA-01
1991-05-08,76.4,913.73,AS-JIA-01
1991-05-09,52.1,913.73,AS-JIA-01
1991-05-10,28.0,913.73,AS-JIA-01
1991-05-11,9.9,913.73,AS-JIA-01
1991-05-12,9.6,913.73,AS-JIA-01
1991-05-13,17.1,913.73,AS-JIA-01
1991-05-14,15.6,913.73,AS-JIA-01
1991-05-15,1.6,913.73,AS-JIA-01
1991-05-16,7.7,913.73,AS-JIA-01
1991-05-17,3.8,913.73,AS-JIA-01
1991-05-18,10.2,913.73,AS-JIA-01
1991-05-19,17.9,913.73,AS-JIA-01
1991-05-20,1.9,913.73,AS-JIA-01
1991-05-21,7.3,913.73,AS-JIA-01
1991-05-22,12.6,913.73,AS-JIA-01
1991-05-23,22.0,913.73,AS-JIA-01
1991-05-24,11.6,913.73,AS-JIA-01
1991-05-25,3.3,913.73,AS-JIA-01
1991-05-26,15.2,913.73,AS-JIA-01
1991-05-27,18.8,913.73,AS-JIA-01
1991-05-28,5.2,913.73,AS-JIA-01
1991-05-29,36.7,913.73,AS-JIA-01
1991-05-30,50.4,913.73,AS-JIA-01
1991-05-31,15.7,913.73,AS-JIA-01
1991-06-01,14.6,913.73,AS-JIA-01
1991-06-02,102.3,913.73,AS-JIA-01
1991-06-03,7.0,913.73,AS-JIA-01
1991-06-04,11.2,913.73,AS-JIA-01
1991-06-05,12.8,913.73,AS-JIA-01
1991-06-06,16.8,913.73,AS-JIA-01
1991-06-07,13.9,913.73,AS-JIA-01
1991-06-08,6.6,913.73,AS-JIA-01
1991-06-09,18.2,913.73,AS-JIA-01
1991-06-10,13.8,913.73,AS-JIA-01
1991-06-11,62.4,913.73,AS-JIA-01
1991-06-12,17.4,913.73,AS-JIA-01
1991-06-13,23.3,913.73,AS-JIA-01
1991-06-14,6.6,913.73,AS-JIA-01
1991-06-15,23.3,913.73,AS-JIA-01
1991-06-16,55.2,913.73,AS-JIA-01
1991-06-17,28.0,913.73,AS-JIA-01
1991-06-18,18.6,913.73,AS-JIA-01
1991-06-19,57.6,913.73,AS-JIA-01
1991-06-20,9.4,913.73,AS-JIA-01
1991-06-21,13.6,913.73,AS-JIA-01
1991-06-22,7.7,913.73,AS-JIA-01
1991-06-23,19.3,913.73,AS-JIA-01
1991-06-24,10.6,913.73,AS-JIA-01
1991-06-25,4.1,913.73,AS-JIA-01
1991-06-26,4.7,913.73,AS-JIA-01
1991-06-27,33.2,913.73,AS-JIA-01
1991-06-28,25.0,913.73,AS-JIA-01
1991-06-29,17.4,913.73,AS-JIA-01
1991-06-30,5.1,913.73,AS-JIA-01
1991-07-01,9.2,913.73,AS-JIA-01
1991-07-02,12.4,913.73,AS-JIA-01
1991-07-03,26.3,913.73,AS-JIA-01
1991-07-04,27.6,913.73,AS-JIA-01
1991-07-05,74.8,913.73,AS-JIA-01
1991-07-06,52.8,913.73,AS-JIA-01
1991-07-07,25.6,913.73,AS-JIA-01
1991-07-08,17.3,913.73,AS-JIA-01
1991-07-09,20.6,913.73,AS-JIA-01
1991-07-10,25.1,913.73,AS-JIA-01
1991-07-11,3.7,913.73,AS-JIA-01
1991-07-12,7.8,913.73,AS-JIA-01
1991-07-13,6.2,913.73,AS-JIA-01
1991-07-14,6.0,913.73,AS-JIA-01
1991-07-15,7.6,913.73,AS-JIA-01
1991-07-16,24.9,913.73,AS-JIA-01
1991-07-17,32.5,913.73,AS-JIA-01
1991-07-18,10.2,913.73,AS-JIA-01
1991-07-19,8.9,913.73,AS-JIA-01
1991-07-20,2.9,913.73,AS-JIA-01
1991-07-21,1.2,913.73,AS-JIA-01
1991-07-22,1.5,913.73,AS-JIA-01
1991-07-23,7.3,913.73,AS-JIA-01
1991-07-24,7.3,913.73,AS-JIA-01
1991-07-25,3.5,913.73,AS-JIA-01
1991-07-26,5.4,913.73,AS-JIA-01
1991-07-27,5.8,913.73,AS-JIA-01
1991-07-28,6.3,913.73,AS-JIA-01
1991-07-29,21.2,913.73,AS-JIA-01
1991-07-30,4.7,913.73,AS-JIA-01
1991-07-31,15.9,913.73,AS-JIA-01
1991-08-01,19.0,913.73,AS-JIA-01
1991-08-02,28.4,913.73,AS-JIA-01
1991-08-03,22.2,913.73,AS-JIA-01
1991-08-04,5.0,913.73,AS-JIA-01
1991-08-05,9.5,913.73,AS-JIA-01
1991-08-06,5.3,913.73,AS-JIA-01
1991-08-07,6.7,913.73,AS-JIA-01
1991-08-08,3.6,913.73,AS-JIA-01
1991-08-09,4.7,913.73,AS-JIA-01
1991-08-10,6.9,913.73,AS-JIA-01
1991-08-11,13.4,913.73,AS-JIA-01
1991-08-12,6.0,913.73,AS-JIA-01
1991-08-13,16.1,913.73,AS-JIA-01
1991-08-14,34.9,913.73,AS-JIA-01
1991-08-15,50.1,913.73,AS-JIA-01
1991-08-16,14.2,913.73,AS-JIA-01
1991-08-17,7.6,913.73,AS-JIA-01
1991-08-18,10.1,913.73,AS-JIA-01
1991-08-19,10.1,913.73,AS-JIA-01
1991-08-20,0.0,913.73,AS-JIA-01
1991-08-21,22.3,913.73,AS-JIA-01
1991-08-22,23.9,913.73,AS-JIA-01
1991-08-23,11.9,913.73,AS-JIA-01
1991-08-24,15.0,913.73,AS-JIA-01
1991-08-25,19.8,913.73,AS-JIA-01
1991-08-26,26.4,913.73,AS-JIA-01
1991-08-27,18.3,913.73,AS-JIA-01
1991-08-28,2.1,913.73,AS-JIA-01
1991-08-29,0.4,913.73,AS-JIA-01
1991-08-30,12.2,913.73,AS-JIA-01
1991-08-31,14.1,913.73,AS-JIA-01
1991-09-01,35.7,913.73,AS-JIA-01
1991-09-02,9.9,913.73,AS-JIA-01
1991-09-03,33.7,913.73,AS-JIA-01
1991-09-04,14.9,913.73,AS-JIA-01
1991-09-05,16.0,913.73,AS-JIA-01
1991-09-06,36.4,913.73,AS-JIA-01
1991-09-07,45.0,913.73,AS-JIA-01
1991-09-08,47.3,913.73,AS-JIA-01
1991-09-09,0.8,913.73,AS-JIA-01
1991-09-10,14.6,913.73,AS-JIA-01
1991-09-11,4.8,913.73,AS-JIA-01
1991-09-12,15.6,913.73,AS-JIA-01
1991-09-13,11.2,913.73,AS-JIA-01
1991-09-14,1.8,913.73,AS-JIA-01
1991-09-15,8.9,913.73,AS-JIA-01
1991-09-16,4.9,913.73,AS-JIA-01
1991-09-17,9.1,913.73,AS-JIA-01
1991-09-18,9.8,913.73,AS-JIA-01
1991-09-19,5.3,913.73,AS-JIA-01
1991-09-20,5.0,913.73,AS-JIA-01
1991-09-21,6.5,913.73,AS-JIA-01
1991-09-22,18.7,913.73,AS-JIA-01
1991-09-23,8.5,913.73,AS-JIA-01
1991-09-24,9.3,913.73,AS-JIA-01
1991-09-25,21.7,913.73,AS-JIA-01
1991-09-26,12.7,913.73,AS-JIA-01
1991-09-27,4.4,913.73,AS-JIA-01
1991-09-28,2.6,913.73,AS-JIA-01
1991-09-29,2.4,913.73,AS-JIA-01
1991-09-30,2.2,913.73,AS-JIA-01
1991-10-01,0.3,913.73,AS-JIA-01
1991-10-02,0.0,913.73,AS-JIA-01
1991-10-03,0.9,913.73,AS-JIA-01
1991-10-04,6.0,913.73,AS-JIA-01
1991-10-05,13.0,913.73,AS-JIA-01
1991-10-06,17.7,913.73,AS-JIA-01
1991-10-07,8.0,913.73,AS-JIA-01
1991-10-08,7.6,913.73,AS-JIA-01
1991-10-09,2.3,913.73,AS-JIA-01
1991-10-10,1.1,913.73,AS-JIA-01
1991-10-11,1.8,913.73,AS-JIA-01
1991-10-12,5.7,913.73,AS-JIA-01
1991-10-13,26.7,913.73,AS-JIA-01
1991-10-14,55.8,913.73,AS-JIA-01
1991-10-15,10.1,913.73,AS-JIA-01
1991-10-16,0.5,913.73,AS-JIA-01
1991-10-17,3.2,913.73,AS-JIA-01
1991-10-18,2.1,913.73,AS-JIA-01
1991-10-19,2.2,913.73,AS-JIA-01
1991-10-20,0.0,913.73,AS-JIA-01
1991-10-21,0.0,913.73,AS-JIA-01
1991-10-22,0.0,913.73,AS-JIA-01
1991-10-23,0.0,913.73,AS-JIA-01
1991-10-24,0.0,913.73,AS-JIA-01
1991-10-25,0.0,913.73,AS-JIA-01
1991-10-26,0.0,913.73,AS-JIA-01
1991-10-27,0.0,913.73,AS-JIA-01
1991-10-28,0.0,913.73,AS-JIA-01
1991-10-29,0.0,913.73,AS-JIA-01
1991-10-30,0.0,913.73,AS-JIA-01
1991-10-31,0.0,913.73,AS-JIA-01
1991-11-01,0.0,913.73,AS-JIA-01
1991-11-02,0.5,913.73,AS-JIA-01
1991-11-03,0.0,913.73,AS-JIA-01
1991-11-04,0.0,913.73,AS-JIA-01
1991-11-05,0.2,913.73,AS-JIA-01
1991-11-06,0.0,913.73,AS-JIA-01
1991-11-07,0.0,913.73,AS-JIA-01
1991-11-08,0.0,913.73,AS-JIA-01
1991-11-09,0.0,913.73,AS-JIA-01
1991-11-10,0.0,913.73,AS-JIA-01
1991-11-11,0.0,913.73,AS-JIA-01
1991-11-12,0.0,913.73,AS-JIA-01
1991-11-13,0.0,913.73,AS-JIA-01
1991-11-14,0.0,913.73,AS-JIA-01
1991-11-15,0.0,913.73,AS-JIA-01
1991-11-16,0.0,913.73,AS-JIA-01
1991-11-17,0.0,913.73,AS-JIA-01
1991-11-18,0.0,913.73,AS-JIA-01
1991-11-19,0.0,913.73,AS-JIA-01
1991-11-20,0.3,913.73,AS-JIA-01
1991-11-21,0.0,913.73,AS-JIA-01
1991-11-22,0.0,913.73,AS-JIA-01
1991-11-23,0.0,913.73,AS-JIA-01
1991-11-24,0.0,913.73,AS-JIA-01
1991-11-25,0.0,913.73,AS-JIA-01
1991-11-26,0.0,913.73,AS-JIA-01
1991-11-27,0.0,913.73,AS-JIA-01
1991-11-28,0.8,913.73,AS-JIA-01
1991-11-29,0.4,913.73,AS-JIA-01
1991-11-30,0.2,913.73,AS-JIA-01
1991-12-01,0.1,913.73,AS-JIA-01
1991-12-02,0.0,913.73,AS-JIA-01
1991-12-03,0.0,913.73,AS-JIA-01
1991-12-04,0.0,913.73,AS-JIA-01
1991-12-05,0.0,913.73,AS-JIA-01
1991-12-06,0.0,913.73,AS-JIA-01
1991-12-07,0.0,913.73,AS-JIA-01
1991-12-08,0.0,913.73,AS-JIA-01
1991-12-09,0.0,913.73,AS-JIA-01
1991-12-10,0.0,913.73,AS-JIA-01
1991-12-11,0.0,913.73,AS-JIA-01
1991-12-12,0.0,913.73,AS-JIA-01
1991-12-13,0.0,913.73,AS-JIA-01
1991-12-14,0.0,913.73,AS-JIA-01
1991-12-15,0.0,913.73,AS-JIA-01
1991-12-16,0.0,913.73,AS-JIA-01
1991-12-17,0.0,913.73,AS-JIA-01
1991-12-18,0.0,913.73,AS-JIA-01
1991-12-19,0.0,913.73,AS-JIA-01
1991-12-20,0.0,913.73,AS-JIA-01
1991-12-21,0.0,913.73,AS-JIA-01
1991-12-22,5.8,913.73,AS-JIA-01
1991-12-23,5.5,913.73,AS-JIA-01
1991-12-24,8.0,913.73,AS-JIA-01
1991-12-25,12.3,913.73,AS-JIA-01
1991-12-26,6.3,913.73,AS-JIA-01
1991-12-27,2.6,913.73,AS-JIA-01
1991-12-28,1.0,913.73,AS-JIA-01
1991-12-29,0.1,913.73,AS-JIA-01
1991-12-30,0.0,913.73,AS-JIA-01
1991-12-31,0.0,913.73,AS-JIA-01
1992-01-01,0.0,913.73,AS-JIA-01
1992-01-02,0.0,913.73,AS-JIA-01
1992-01-03,0.0,913.73,AS-JIA-01
1992-01-04,0.0,913.73,AS-JIA-01
1992-01-05,0.0,913.73,AS-JIA-01
1992-01-06,0.0,913.73,AS-JIA-01
1992-01-07,0.0,913.73,AS-JIA-01
1992-01-08,0.0,913.73,AS-JIA-01
1992-01-09,0.0,913.73,AS-JIA-01
1992-01-10,0.0,913.73,AS-JIA-01
1992-01-11,0.0,913.73,AS-JIA-01
1992-01-12,12.4,913.73,AS-JIA-01
1992-01-13,0.0,913.73,AS-JIA-01
1992-01-14,0.0,913.73,AS-JIA-01
1992-01-15,0.0,913.73,AS-JIA-01
1992-01-16,2.1,913.73,AS-JIA-01
1992-01-17,0.3,913.73,AS-JIA-01
1992-01-18,0.0,913.73,AS-JIA-01
1992-01-19,0.0,913.73,AS-JIA-01
1992-01-20,0.0,913.73,AS-JIA-01
1992-01-21,0.0,913.73,AS-JIA-01
1992-01-22,2.3,913.73,AS-JIA-01
1992-01-23,0.0,913.73,AS-JIA-01
1992-01-24,0.0,913.73,AS-JIA-01
1992-01-25,0.0,913.73,AS-JIA-01
1992-01-26,0.0,913.73,AS-JIA-01
1992-01-27,0.0,913.73,AS-JIA-01
1992-01-28,0.0,913.73,AS-JIA-01
1992-01-29,0.0,913.73,AS-JIA-01
1992-01-30,0.0,913.73,AS-JIA-01
1992-01-31,13.1,913.73,AS-JIA-01
1992-02-01,10.8,913.73,AS-JIA-01
1992-02-02,1.0,913.73,AS-JIA-01
1992-02-03,0.5,913.73,AS-JIA-01
1992-02-04,0.7,913.73,AS-JIA-01
1992-02-05,0.0,913.73,AS-JIA-01
1992-02-06,0.0,913.73,AS-JIA-01
1992-02-07,3.7,913.73,AS-JIA-01
1992-02-08,0.3,913.73,AS-JIA-01
1992-02-09,0.8,913.73,AS-JIA-01
1992-02-10,1.0,913.73,AS-JIA-01
1992-02-11,0.0,913.73,AS-JIA-01
1992-02-12,0.0,913.73,AS-JIA-01
1992-02-13,0.0,913.73,AS-JIA-01
1992-02-14,9.0,913.73,AS-JIA-01
1992-02-15,3.4,913.73,AS-JIA-01
1992-02-16,0.9,913.73,AS-JIA-01
1992-02-17,1.1,913.73,AS-JIA-01
1992-02-18,0.5,913.73,AS-JIA-01
1992-02-19,0.0,913.73,AS-JIA-01
1992-02-20,0.0,913.73,AS-JIA-01
1992-02-21,5.1,913.73,AS-JIA-01
1992-02-22,0.4,913.73,AS-JIA-01
1992-02-23,1.2,913.73,AS-JIA-01
1992-02-24,1.7,913.73,AS-JIA-01
1992-02-25,0.4,913.73,AS-JIA-01
1992-02-26,0.0,913.73,AS-JIA-01
1992-02-27,0.1,913.73,AS-JIA-01
1992-02-28,0.0,913.73,AS-JIA-01
1992-02-29,0.0,913.73,AS-JIA-01
1992-03-01,2.6,913.73,AS-JIA-01
1992-03-02,1.7,913.73,AS-JIA-01
1992-03-03,0.0,913.73,AS-JIA-01
1992-03-04,0.6,913.73,AS-JIA-01
1992-03-05,0.7,913.73,AS-JIA-01
1992-03-06,0.2,913.73,AS-JIA-01
1992-03-07,0.0,913.73,AS-JIA-01
1992-03-08,0.0,913.73,AS-JIA-01
1992-03-09,0.0,913.73,AS-JIA-01
1992-03-10,0.0,913.73,AS-JIA-01
1992-03-11,0.0,913.73,AS-JIA-01
1992-03-12,0.0,913.73,AS-JIA-01
1992-03-13,0.0,913.73,AS-JIA-01
1992-03-14,0.0,913.73,AS-JIA-01
1992-03-15,0.0,913.73,AS-JIA-01
1992-03-16,0.0,913.73,AS-JIA-01
1992-03-17,0.0,913.73,AS-JIA-01
1992-03-18,0.0,913.73,AS-JIA-01
1992-03-19,0.0,913.73,AS-JIA-01
1992-03-20,1.2,913.73,AS-JIA-01
1992-03-21,22.8,913.73,AS-JIA-01
1992-03-22,7.8,913.73,AS-JIA-01
1992-03-23,3.4,913.73,AS-JIA-01
1992-03-24,0.0,913.73,AS-JIA-01
1992-03-25,0.0,913.73,AS-JIA-01
1992-03-26,0.0,913.73,AS-JIA-01
1992-03-27,0.0,913.73,AS-JIA-01
1992-03-28,0.1,913.73,AS-JIA-01
1992-03-29,0.0,913.73,AS-JIA-01
1992-03-30,0.0,913.73,AS-JIA-01
1992-03-31,0.0,913.73,AS-JIA-01
1992-04-01,0.1,913.73,AS-JIA-01
1992-04-02,0.0,913.73,AS-JIA-01
1992-04-03,0.3,913.73,AS-JIA-01
1992-04-04,1.5,913.73,AS-JIA-01
1992-04-05,1.0,913.73,AS-JIA-01
1992-04-06,11.8,913.73,AS-JIA-01
1992-04-07,3.1,913.73,AS-JIA-01
1992-04-08,0.5,913.73,AS-JIA-01
1992-04-09,0.3,913.73,AS-JIA-01
1992-04-10,0.0,913.73,AS-JIA-01
1992-04-11,0.0,913.73,AS-JIA-01
1992-04-12,1.3,913.73,AS-JIA-01
1992-04-13,0.3,913.73,AS-JIA-01
1992-04-14,0.0,913.73,AS-JIA-01
1992-04-15,0.0,913.73,AS-JIA-01
1992-04-16,0.2,913.73,AS-JIA-01
1992-04-17,8.0,913.73,AS-JIA-01
1992-04-18,6.4,913.73,AS-JIA-01
1992-04-19,22.6,913.73,AS-JIA-01
1992-04-20,2.4,913.73,AS-JIA-01
1992-04-21,2.7,913.73,AS-JIA-01
1992-04-22,10.6,913.73,AS-JIA-01
1992-04-23,8.5,913.73,AS-JIA-01
1992-04-24,6.1,913.73,AS-JIA-01
1992-04-25,1.2,913.73,AS-JIA-01
1992-04-26,3.7,913.73,AS-JIA-01
1992-04-27,5.4,913.73,AS-JIA-01
1992-04-28,3.7,913.73,AS-JIA-01
1992-04-29,0.6,913.73,AS-JIA-01
1992-04-30,2.8,913.73,AS-JIA-01
1992-05-01,12.7,913.73,AS-JIA-01
1992-05-02,22.6,913.73,AS-JIA-01
1992-05-03,32.2,913.73,AS-JIA-01
1992-05-04,5.5,913.73,AS-JIA-01
1992-05-05,2.0,913.73,AS-JIA-01
1992-05-06,6.3,913.73,AS-JIA-01
1992-05-07,9.5,913.73,AS-JIA-01
1992-05-08,6.8,913.73,AS-JIA-01
1992-05-09,1.0,913.73,AS-JIA-01
1992-05-10,21.9,913.73,AS-JIA-01
1992-05-11,11.4,913.73,AS-JIA-01
1992-05-12,0.8,913.73,AS-JIA-01
1992-05-13,4.2,913.73,AS-JIA-01
1992-05-14,8.4,913.73,AS-JIA-01
1992-05-15,32.4,913.73,AS-JIA-01
1992-05-16,101.2,913.73,AS-JIA-01
1992-05-17,61.8,913.73,AS-JIA-01
1992-05-18,10.9,913.73,AS-JIA-01
1992-05-19,4.0,913.73,AS-JIA-01
1992-05-20,8.7,913.73,AS-JIA-01
1992-05-21,11.9,913.73,AS-JIA-01
1992-05-22,5.7,913.73,AS-JIA-01
1992-05-23,3.1,913.73,AS-JIA-01
1992-05-24,0.7,913.73,AS-JIA-01
1992-05-25,2.1,913.73,AS-JIA-01
1992-05-26,5.2,913.73,AS-JIA-01
1992-05-27,0.0,913.73,AS-JIA-01
1992-05-28,0.0,913.73,AS-JIA-01
1992-05-29,3.4,913.73,AS-JIA-01
1992-05-30,7.2,913.73,AS-JIA-01
1992-05-31,11.9,913.73,AS-JIA-01
1992-06-01,5.9,913.73,AS-JIA-01
1992-06-02,4.2,913.73,AS-JIA-01
1992-06-03,4.1,913.73,AS-JIA-01
1992-06-04,2.6,913.73,AS-JIA-01
1992-06-05,8.9,913.73,AS-JIA-01
1992-06-06,15.3,913.73,AS-JIA-01
1992-06-07,23.0,913.73,AS-JIA-01
1992-06-08,9.5,913.73,AS-JIA-01
1992-06-09,0.3,913.73,AS-JIA-01
1992-06-10,9.2,913.73,AS-JIA-01
1992-06-11,8.7,913.73,AS-JIA-01
1992-06-12,15.8,913.73,AS-JIA-01
1992-06-13,10.4,913.73,AS-JIA-01
1992-06-14,5.0,913.73,AS-JIA-01
1992-06-15,0.2,913.73,AS-JIA-01
1992-06-16,3.3,913.73,AS-JIA-01
1992-06-17,26.0,913.73,AS-JIA-01
1992-06-18,18.4,913.73,AS-JIA-01
1992-06-19,16.7,913.73,AS-JIA-01
1992-06-20,14.1,913.73,AS-JIA-01
1992-06-21,17.7,913.73,AS-JIA-01
1992-06-22,38.6,913.73,AS-JIA-01
1992-06-23,79.1,913.73,AS-JIA-01
1992-06-24,73.4,913.73,AS-JIA-01
1992-06-25,66.6,913.73,AS-JIA-01
1992-06-26,28.3,913.73,AS-JIA-01
1992-06-27,12.4,913.73,AS-JIA-01
1992-06-28,9.9,913.73,AS-JIA-01
1992-06-29,5.0,913.73,AS-JIA-01
1992-06-30,14.2,913.73,AS-JIA-01
1992-07-01,15.2,913.73,AS-JIA-01
1992-07-02,10.2,913.73,AS-JIA-01
1992-07-03,16.1,913.73,AS-JIA-01
1992-07-04,26.4,913.73,AS-JIA-01
1992-07-05,25.4,913.73,AS-JIA-01
1992-07-06,10.2,913.73,AS-JIA-01
1992-07-07,13.9,913.73,AS-JIA-01
1992-07-08,6.7,913.73,AS-JIA-01
1992-07-09,2.2,913.73,AS-JIA-01
1992-07-10,20.8,913.73,AS-JIA-01
1992-07-11,28.1,913.73,AS-JIA-01
1992-07-12,5.4,913.73,AS-JIA-01
1992-07-13,4.9,913.73,AS-JIA-01
1992-07-14,55.6,913.73,AS-JIA-01
1992-07-15,25.4,913.73,AS-JIA-01
1992-07-16,19.8,913.73,AS-JIA-01
1992-07-17,18.2,913.73,AS-JIA-01
1992-07-18,28.2,913.73,AS-JIA-01
1992-07-19,22.1,913.73,AS-JIA-01
1992-07-20,3.7,913.73,AS-JIA-01
1992-07-21,12.2,913.73,AS-JIA-01
1992-07-22,3.2,913.73,AS-JIA-01
1992-07-23,6.9,913.73,AS-JIA-01
1992-07-24,3.6,913.73,AS-JIA-01
1992-07-25,4.3,913.73,AS-JIA-01
1992-07-26,3.4,913.73,AS-JIA-01
1992-07-27,11.5,913.73,AS-JIA-01
1992-07-28,17.8,913.73,AS-JIA-01
1992-07-29,6.7,913.73,AS-JIA-01
1992-07-30,17.6,913.73,AS-JIA-01
1992-07-31,9.1,913.73,AS-JIA-01
1992-08-01,18.8,913.73,AS-JIA-01
1992-08-02,28.6,913.73,AS-JIA-01
1992-08-03,21.2,913.73,AS-JIA-01
1992-08-04,8.4,913.73,AS-JIA-01
1992-08-05,4.6,913.73,AS-JIA-01
1992-08-06,6.4,913.73,AS-JIA-01
1992-08-07,6.9,913.73,AS-JIA-01
1992-08-08,7.8,913.73,AS-JIA-01
1992-08-09,1.8,913.73,AS-JIA-01
1992-08-10,0.6,913.73,AS-JIA-01
1992-08-11,2.1,913.73,AS-JIA-01
1992-08-12,1.9,913.73,AS-JIA-01
1992-08-13,2.9,913.73,AS-JIA-01
1992-08-14,6.8,913.73,AS-JIA-01
1992-08-15,16.1,913.73,AS-JIA-01
1992-08-16,14.0,913.73,AS-JIA-01
1992-08-17,2.3,913.73,AS-JIA-01
1992-08-18,4.5,913.73,AS-JIA-01
1992-08-19,4.9,913.73,AS-JIA-01
1992-08-20,24.3,913.73,AS-JIA-01
1992-08-21,16.0,913.73,AS-JIA-01
1992-08-22,1.7,913.73,AS-JIA-01
1992-08-23,4.3,913.73,AS-JIA-01
1992-08-24,5.7,913.73,AS-JIA-01
1992-08-25,107.5,913.73,AS-JIA-01
1992-08-26,55.8,913.73,AS-JIA-01
1992-08-27,11.7,913.73,AS-JIA-01
1992-08-28,3.2,913.73,AS-JIA-01
1992-08-29,3.9,913.73,AS-JIA-01
1992-08-30,13.1,913.73,AS-JIA-01
1992-08-31,21.1,913.73,AS-JIA-01
1992-09-01,0.5,913.73,AS-JIA-01
1992-09-02,2.0,913.73,AS-JIA-01
1992-09-03,7.1,913.73,AS-JIA-01
1992-09-04,2.2,913.73,AS-JIA-01
1992-09-05,7.0,913.73,AS-JIA-01
1992-09-06,11.3,913.73,AS-JIA-01
1992-09-07,6.6,913.73,AS-JIA-01
1992-09-08,5.4,913.73,AS-JIA-01
1992-09-09,8.2,913.73,AS-JIA-01
1992-09-10,14.8,913.73,AS-JIA-01
1992-09-11,8.1,913.73,AS-JIA-01
1992-09-12,25.0,913.73,AS-JIA-01
1992-09-13,5.6,913.73,AS-JIA-01
1992-09-14,12.0,913.73,AS-JIA-01
1992-09-15,11.6,913.73,AS-JIA-01
1992-09-16,11.7,913.73,AS-JIA-01
1992-09-17,9.7,913.73,AS-JIA-01
1992-09-18,5.2,913.73,AS-JIA-01
1992-09-19,0.3,913.73,AS-JIA-01
1992-09-20,0.0,913.73,AS-JIA-01
1992-09-21,0.0,913.73,AS-JIA-01
1992-09-22,0.0,913.73,AS-JIA-01
1992-09-23,0.0,913.73,AS-JIA-01
1992-09-24,8.6,913.73,AS-JIA-01
1992-09-25,12.1,913.73,AS-JIA-01
1992-09-26,29.7,913.73,AS-JIA-01
1992-09-27,38.2,913.73,AS-JIA-01
1992-09-28,10.8,913.73,AS-JIA-01
1992-09-29,1.2,913.73,AS-JIA-01
1992-09-30,3.1,913.73,AS-JIA-01
1992-10-01,1.4,913.73,AS-JIA-01
1992-10-02,0.1,913.73,AS-JIA-01
1992-10-03,2.3,913.73,AS-JIA-01
1992-10-04,7.1,913.73,AS-JIA-01
1992-10-05,6.3,913.73,AS-JIA-01
1992-10-06,2.9,913.73,AS-JIA-01
1992-10-07,0.1,913.73,AS-JIA-01
1992-10-08,0.0,913.73,AS-JIA-01
1992-10-09,0.0,913.73,AS-JIA-01
1992-10-10,0.0,913.73,AS-JIA-01
1992-10-11,1.8,913.73,AS-JIA-01
1992-10-12,13.3,913.73,AS-JIA-01
1992-10-13,28.8,913.73,AS-JIA-01
1992-10-14,18.0,913.73,AS-JIA-01
1992-10-15,0.6,913.73,AS-JIA-01
1992-10-16,2.9,913.73,AS-JIA-01
1992-10-17,0.5,913.73,AS-JIA-01
1992-10-18,0.0,913.73,AS-JIA-01
1992-10-19,1.9,913.73,AS-JIA-01
1992-10-20,1.9,913.73,AS-JIA-01
1992-10-21,0.4,913.73,AS-JIA-01
1992-10-22,0.2,913.73,AS-JIA-01
1992-10-23,1.7,913.73,AS-JIA-01
1992-10-24,0.4,913.73,AS-JIA-01
1992-10-25,0.0,913.73,AS-JIA-01
1992-10-26,0.0,913.73,AS-JIA-01
1992-10-27,0.0,913.73,AS-JIA-01
1992-10-28,0.0,913.73,AS-JIA-01
1992-10-29,0.0,913.73,AS-JIA-01
1992-10-30,0.0,913.73,AS-JIA-01
1992-10-31,0.0,913.73,AS-JIA-01
1992-11-01,0.0,913.73,AS-JIA-01
1992-11-02,0.0,913.73,AS-JIA-01
1992-11-03,0.0,913.73,AS-JIA-01
1992-11-04,0.0,913.73,AS-JIA-01
1992-11-05,0.0,913.73,AS-JIA-01
1992-11-06,0.1,913.73,AS-JIA-01
1992-11-07,0.0,913.73,AS-JIA-01
1992-11-08,0.0,913.73,AS-JIA-01
1992-11-09,0.0,913.73,AS-JIA-01
1992-11-10,5.2,913.73,AS-JIA-01
1992-11-11,0.0,913.73,AS-JIA-01
1992-11-12,0.0,913.73,AS-JIA-01
1992-11-13,0.0,913.73,AS-JIA-01
1992-11-14,0.0,913.73,AS-JIA-01
1992-11-15,0.0,913.73,AS-JIA-01
1992-11-16,0.0,913.73,AS-JIA-01
1992-11-17,0.0,913.73,AS-JIA-01
1992-11-18,0.0,913.73,AS-JIA-01
1992-11-19,0.0,913.73,AS-JIA-01
1992-11-20,0.0,913.73,AS-JIA-01
1992-11-21,0.0,913.73,AS-JIA-01
1992-11-22,0.0,913.73,AS-JIA-01
1992-11-23,0.0,913.73,AS-JIA-01
1992-11-24,0.3,913.73,AS-JIA-01
1992-11-25,0.0,913.73,AS-JIA-01
1992-11-26,0.0,913.73,AS-JIA-01
1992-11-27,0.0,913.73,AS-JIA-01
1992-11-28,0.0,913.73,AS-JIA-01
1992-11-29,0.0,913.73,AS-JIA-01
1992-11-30,0.0,913.73,AS-JIA-01
1992-12-01,0.0,913.73,AS-JIA-01
1992-12-02,3.8,913.73,AS-JIA-01
1992-12-03,4.3,913.73,AS-JIA-01
1992-12-04,2.5,913.73,AS-JIA-01
1992-12-05,0.0,913.73,AS-JIA-01
1992-12-06,0.0,913.73,AS-JIA-01
1992-12-07,0.0,913.73,AS-JIA-01
1992-12-08,0.0,913.73,AS-JIA-01
1992-12-09,0.0,913.73,AS-JIA-01
1992-12-10,0.0,913.73,AS-JIA-01
1992-12-11,0.0,913.73,AS-JIA-01
1992-12-12,0.0,913.73,AS-JIA-01
1992-12-13,0.0,913.73,AS-JIA-01
1992-12-14,0.0,913.73,AS-JIA-01
1992-12-15,0.0,913.73,AS-JIA-01
1992-12-16,0.0,913.73,AS-JIA-01
1992-12-17,0.0,913.73,AS-JIA-01
1992-12-18,0.0,913.73,AS-JIA-01
1992-12-19,0.0,913.73,AS-JIA-01
1992-12-20,0.0,913.73,AS-JIA-01
1992-12-21,0.0,913.73,AS-JIA-01
1992-12-22,0.0,913.73,AS-JIA-01
1992-12-23,0.0,913.73,AS-JIA-01
1992-12-24,0.0,913.73,AS-JIA-01
1992-12-25,0.0,913.73,AS-JIA-01
1992-12-26,0.0,913.73,AS-JIA-01
1992-12-27,0.0,913.73,AS-JIA-01
1992-12-28,0.0,913.73,AS-JIA-01
1992-12-29,0.0,913.73,AS-JIA-01
1992-12-30,0.0,913.73,AS-JIA-01
1992-12-31,0.0,913.73,AS-JIA-01
1993-01-01,0.0,913.73,AS-JIA-01
1993-01-02,0.0,913.73,AS-JIA-01
1993-01-03,0.0,913.73,AS-JIA-01
1993-01-04,0.4,913.73,AS-JIA-01
1993-01-05,3.3,913.73,AS-JIA-01
1993-01-06,3.0,913.73,AS-JIA-01
1993-01-07,8.0,913.73,AS-JIA-01
1993-01-08,16.1,913.73,AS-JIA-01
1993-01-09,3.7,913.73,AS-JIA-01
1993-01-10,2.4,913.73,AS-JIA-01
1993-01-11,0.2,913.73,AS-JIA-01
1993-01-12,0.9,913.73,AS-JIA-01
1993-01-13,0.9,913.73,AS-JIA-01
1993-01-14,0.2,913.73,AS-JIA-01
1993-01-15,0.0,913.73,AS-JIA-01
1993-01-16,0.0,913.73,AS-JIA-01
1993-01-17,0.0,913.73,AS-JIA-01
1993-01-18,0.0,913.73,AS-JIA-01
1993-01-19,0.0,913.73,AS-JIA-01
1993-01-20,0.0,913.73,AS-JIA-01
1993-01-21,0.0,913.73,AS-JIA-01
1993-01-22,0.0,913.73,AS-JIA-01
1993-01-23,0.0,913.73,AS-JIA-01
1993-01-24,0.0,913.73,AS-JIA-01
1993-01-25,0.0,913.73,AS-JIA-01
1993-01-26,0.0,913.73,AS-JIA-01
1993-01-27,0.0,913.73,AS-JIA-01
1993-01-28,0.0,913.73,AS-JIA-01
1993-01-29,0.0,913.73,AS-JIA-01
1993-01-30,0.0,913.73,AS-JIA-01
1993-01-31,0.3,913.73,AS-JIA-01
1993-02-01,0.1,913.73,AS-JIA-01
1993-02-02,0.0,913.73,AS-JIA-01
1993-02-03,0.0,913.73,AS-JIA-01
1993-02-04,0.0,913.73,AS-JIA-01
1993-02-05,0.0,913.73,AS-JIA-01
1993-02-06,0.0,913.73,AS-JIA-01
1993-02-07,0.0,913.73,AS-JIA-01
1993-02-08,0.0,913.73,AS-JIA-01
1993-02-09,0.0,913.73,AS-JIA-01
1993-02-10,0.0,913.73,AS-JIA-01
1993-02-11,0.0,913.73,AS-JIA-01
1993-02-12,7.5,913.73,AS-JIA-01
1993-02-13,46.3,913.73,AS-JIA-01
1993-02-14,15.8,913.73,AS-JIA-01
1993-02-15,8.3,913.73,AS-JIA-01
1993-02-16,25.3,913.73,AS-JIA-01
1993-02-17,19.9,913.73,AS-JIA-01
1993-02-18,5.4,913.73,AS-JIA-01
1993-02-19,9.2,913.73,AS-JIA-01
1993-02-20,3.7,913.73,AS-JIA-01
1993-02-21,0.8,913.73,AS-JIA-01
1993-02-22,6.1,913.73,AS-JIA-01
1993-02-23,0.0,913.73,AS-JIA-01
1993-02-24,0.0,913.73,AS-JIA-01
1993-02-25,0.0,913.73,AS-JIA-01
1993-02-26,0.0,913.73,AS-JIA-01
1993-02-27,0.0,913.73,AS-JIA-01
1993-02-28,0.1,913.73,AS-JIA-01
1993-03-01,0.0,913.73,AS-JIA-01
1993-03-02,0.0,913.73,AS-JIA-01
1993-03-03,0.0,913.73,AS-JIA-01
1993-03-04,0.0,913.73,AS-JIA-01
1993-03-05,0.0,913.73,AS-JIA-01
1993-03-06,0.0,913.73,AS-JIA-01
1993-03-07,0.0,913.73,AS-JIA-01
1993-03-08,0.0,913.73,AS-JIA-01
1993-03-09,0.0,913.73,AS-JIA-01
1993-03-10,0.0,913.73,AS-JIA-01
1993-03-11,0.2,913.73,AS-JIA-01
1993-03-12,0.5,913.73,AS-JIA-01
1993-03-13,3.3,913.73,AS-JIA-01
1993-03-14,2.2,913.73,AS-JIA-01
1993-03-15,1.4,913.73,AS-JIA-01
1993-03-16,1.3,913.73,AS-JIA-01
1993-03-17,0.0,913.73,AS-JIA-01
1993-03-18,0.0,913.73,AS-JIA-01
1993-03-19,0.0,913.73,AS-JIA-01
1993-03-20,3.2,913.73,AS-JIA-01
1993-03-21,4.6,913.73,AS-JIA-01
1993-03-22,4.5,913.73,AS-JIA-01
1993-03-23,1.3,913.73,AS-JIA-01
1993-03-24,0.2,913.73,AS-JIA-01
1993-03-25,3.6,913.73,AS-JIA-01
1993-03-26,15.3,913.73,AS-JIA-01
1993-03-27,1.5,913.73,AS-JIA-01
1993-03-28,0.0,913.73,AS-JIA-01
1993-03-29,0.0,913.73,AS-JIA-01
1993-03-30,0.0,913.73,AS-JIA-01
1993-03-31,0.0,913.73,AS-JIA-01
1993-04-01,0.0,913.73,AS-JIA-01
1993-04-02,0.0,913.73,AS-JIA-01
1993-04-03,0.0,913.73,AS-JIA-01
1993-04-04,0.0,913.73,AS-JIA-01
1993-04-05,0.0,913.73,AS-JIA-01
1993-04-06,0.0,913.73,AS-JIA-01
1993-04-07,0.2,913.73,AS-JIA-01
1993-04-08,6.5,913.73,AS-JIA-01
1993-04-09,9.0,913.73,AS-JIA-01
1993-04-10,4.7,913.73,AS-JIA-01
1993-04-11,20.2,913.73,AS-JIA-01
1993-04-12,21.8,913.73,AS-JIA-01
1993-04-13,5.3,913.73,AS-JIA-01
1993-04-14,3.4,913.73,AS-JIA-01
1993-04-15,1.8,913.73,AS-JIA-01
1993-04-16,3.6,913.73,AS-JIA-01
1993-04-17,2.4,913.73,AS-JIA-01
1993-04-18,4.3,913.73,AS-JIA-01
1993-04-19,2.3,913.73,AS-JIA-01
1993-04-20,0.0,913.73,AS-JIA-01
1993-04-21,1.3,913.73,AS-JIA-01
1993-04-22,0.0,913.73,AS-JIA-01
1993-04-23,7.0,913.73,AS-JIA-01
1993-04-24,5.0,913.73,AS-JIA-01
1993-04-25,15.5,913.73,AS-JIA-01
1993-04-26,7.1,913.73,AS-JIA-01
1993-04-27,0.8,913.73,AS-JIA-01
1993-04-28,0.3,913.73,AS-JIA-01
1993-04-29,6.8,913.73,AS-JIA-01
1993-04-30,3.4,913.73,AS-JIA-01
1993-05-01,2.5,913.73,AS-JIA-01
1993-05-02,12.7,913.73,AS-JIA-01
1993-05-03,74.8,913.73,AS-JIA-01
1993-05-04,69.2,913.73,AS-JIA-01
1993-05-05,29.9,913.73,AS-JIA-01
1993-05-06,16.0,913.73,AS-JIA-01
1993-05-07,0.1,913.73,AS-JIA-01
1993-05-08,4.0,913.73,AS-JIA-01
1993-05-09,19.5,913.73,AS-JIA-01
1993-05-10,16.7,913.73,AS-JIA-01
1993-05-11,13.4,913.73,AS-JIA-01
1993-05-12,17.9,913.73,AS-JIA-01
1993-05-13,28.7,913.73,AS-JIA-01
1993-05-14,21.9,913.73,AS-JIA-01
1993-05-15,34.6,913.73,AS-JIA-01
1993-05-16,42.8,913.73,AS-JIA-01
1993-05-17,81.5,913.73,AS-JIA-01
1993-05-18,20.3,913.73,AS-JIA-01
1993-05-19,8.5,913.73,AS-JIA-01
1993-05-20,6.9,913.73,AS-JIA-01
1993-05-21,4.0,913.73,AS-JIA-01
1993-05-22,0.2,913.73,AS-JIA-01
1993-05-23,0.0,913.73,AS-JIA-01
1993-05-24,0.0,913.73,AS-JIA-01
1993-05-25,3.9,913.73,AS-JIA-01
1993-05-26,6.6,913.73,AS-JIA-01
1993-05-27,18.2,913.73,AS-JIA-01
1993-05-28,9.5,913.73,AS-JIA-01
1993-05-29,0.3,913.73,AS-JIA-01
1993-05-30,8.8,913.73,AS-JIA-01
1993-05-31,6.8,913.73,AS-JIA-01
1993-06-01,12.6,913.73,AS-JIA-01
1993-06-02,8.7,913.73,AS-JIA-01
1993-06-03,12.1,913.73,AS-JIA-01
1993-06-04,36.9,913.73,AS-JIA-01
1993-06-05,21.8,913.73,AS-JIA-01
1993-06-06,79.5,913.73,AS-JIA-01
1993-06-07,27.2,913.73,AS-JIA-01
1993-06-08,30.9,913.73,AS-JIA-01
1993-06-09,46.5,913.73,AS-JIA-01
1993-06-10,32.2,913.73,AS-JIA-01
1993-06-11,63.4,913.73,AS-JIA-01
1993-06-12,48.5,913.73,AS-JIA-01
1993-06-13,0.0,913.73,AS-JIA-01
1993-06-14,0.0,913.73,AS-JIA-01
1993-06-15,5.1,913.73,AS-JIA-01
1993-06-16,11.6,913.73,AS-JIA-01
1993-06-17,10.1,913.73,AS-JIA-01
1993-06-18,16.9,913.73,AS-JIA-01
1993-06-19,43.3,913.73,AS-JIA-01
1993-06-20,22.1,913.73,AS-JIA-01
1993-06-21,19.6,913.73,AS-JIA-01
1993-06-22,10.5,913.73,AS-JIA-01
1993-06-23,1.1,913.73,AS-JIA-01
1993-06-24,15.2,913.73,AS-JIA-01
1993-06-25,12.7,913.73,AS-JIA-01
1993-06-26,9.3,913.73,AS-JIA-01
1993-06-27,1.1,913.73,AS-JIA-01
1993-06-28,5.1,913.73,AS-JIA-01
1993-06-29,16.9,913.73,AS-JIA-01
1993-06-30,34.8,913.73,AS-JIA-01
1993-07-01,40.6,913.73,AS-JIA-01
1993-07-02,33.5,913.73,AS-JIA-01
1993-07-03,20.6,913.73,AS-JIA-01
1993-07-04,7.5,913.73,AS-JIA-01
1993-07-05,15.7,913.73,AS-JIA-01
1993-07-06,3.8,913.73,AS-JIA-01
1993-07-07,5.4,913.73,AS-JIA-01
1993-07-08,5.7,913.73,AS-JIA-01
1993-07-09,14.6,913.73,AS-JIA-01
1993-07-10,6.7,913.73,AS-JIA-01
1993-07-11,8.9,913.73,AS-JIA-01
1993-07-12,9.2,913.73,AS-JIA-01
1993-07-13,9.6,913.73,AS-JIA-01
1993-07-14,9.5,913.73,AS-JIA-01
1993-07-15,6.8,913.73,AS-JIA-01
1993-07-16,4.3,913.73,AS-JIA-01
1993-07-17,9.8,913.73,AS-JIA-01
1993-07-18,16.0,913.73,AS-JIA-01
1993-07-19,22.1,913.73,AS-JIA-01
1993-07-20,29.1,913.73,AS-JIA-01
1993-07-21,88.1,913.73,AS-JIA-01
1993-07-22,3.7,913.73,AS-JIA-01
1993-07-23,13.7,913.73,AS-JIA-01
1993-07-24,23.8,913.73,AS-JIA-01
1993-07-25,26.3,913.73,AS-JIA-01
1993-07-26,5.1,913.73,AS-JIA-01
1993-07-27,0.2,913.73,AS-JIA-01
1993-07-28,5.8,913.73,AS-JIA-01
1993-07-29,3.2,913.73,AS-JIA-01
1993-07-30,6.0,913.73,AS-JIA-01
1993-07-31,8.0,913.73,AS-JIA-01
1993-08-01,12.2,913.73,AS-JIA-01
1993-08-02,16.9,913.73,AS-JIA-01
1993-08-03,41.1,913.73,AS-JIA-01
1993-08-04,66.4,913.73,AS-JIA-01
1993-08-05,18.7,913.73,AS-JIA-01
1993-08-06,6.1,913.73,AS-JIA-01
1993-08-07,25.9,913.73,AS-JIA-01
1993-08-08,26.8,913.73,AS-JIA-01
1993-08-09,53.9,913.73,AS-JIA-01
1993-08-10,20.7,913.73,AS-JIA-01
1993-08-11,19.4,913.73,AS-JIA-01
1993-08-12,10.0,913.73,AS-JIA-01
1993-08-13,8.9,913.73,AS-JIA-01
1993-08-14,19.3,913.73,AS-JIA-01
1993-08-15,17.8,913.73,AS-JIA-01
1993-08-16,21.9,913.73,AS-JIA-01
1993-08-17,14.3,913.73,AS-JIA-01
1993-08-18,29.9,913.73,AS-JIA-01
1993-08-19,28.7,913.73,AS-JIA-01
1993-08-20,24.8,913.73,AS-JIA-01
1993-08-21,31.8,913.73,AS-JIA-01
1993-08-22,38.1,913.73,AS-JIA-01
1993-08-23,16.8,913.73,AS-JIA-01
1993-08-24,31.2,913.73,AS-JIA-01
1993-08-25,8.6,913.73,AS-JIA-01
1993-08-26,19.2,913.73,AS-JIA-01
1993-08-27,23.3,913.73,AS-JIA-01
1993-08-28,22.4,913.73,AS-JIA-01
1993-08-29,37.6,913.73,AS-JIA-01
1993-08-30,12.4,913.73,AS-JIA-01
1993-08-31,5.2,913.73,AS-JIA-01
1993-09-01,9.5,913.73,AS-JIA-01
1993-09-02,17.6,913.73,AS-JIA-01
1993-09-03,0.3,913.73,AS-JIA-01
1993-09-04,2.8,913.73,AS-JIA-01
1993-09-05,1.1,913.73,AS-JIA-01
1993-09-06,6.5,913.73,AS-JIA-01
1993-09-07,7.1,913.73,AS-JIA-01
1993-09-08,13.6,913.73,AS-JIA-01
1993-09-09,12.2,913.73,AS-JIA-01
1993-09-10,6.3,913.73,AS-JIA-01
1993-09-11,1.9,913.73,AS-JIA-01
1993-09-12,8.8,913.73,AS-JIA-01
1993-09-13,6.2,913.73,AS-JIA-01
1993-09-14,9.2,913.73,AS-JIA-01
1993-09-15,6.6,913.73,AS-JIA-01
1993-09-16,5.0,913.73,AS-JIA-01
1993-09-17,3.2,913.73,AS-JIA-01
1993-09-18,3.0,913.73,AS-JIA-01
1993-09-19,0.0,913.73,AS-JIA-01
1993-09-20,11.7,913.73,AS-JIA-01
1993-09-21,7.3,913.73,AS-JIA-01
1993-09-22,11.2,913.73,AS-JIA-01
1993-09-23,18.4,913.73,AS-JIA-01
1993-09-24,4.5,913.73,AS-JIA-01
1993-09-25,15.7,913.73,AS-JIA-01
1993-09-26,13.1,913.73,AS-JIA-01
1993-09-27,14.5,913.73,AS-JIA-01
1993-09-28,54.2,913.73,AS-JIA-01
1993-09-29,51.6,913.73,AS-JIA-01
1993-09-30,9.8,913.73,AS-JIA-01
1993-10-01,12.7,913.73,AS-JIA-01
1993-10-02,36.7,913.73,AS-JIA-01
1993-10-03,8.1,913.73,AS-JIA-01
1993-10-04,3.3,913.73,AS-JIA-01
1993-10-05,1.5,913.73,AS-JIA-01
1993-10-06,5.7,913.73,AS-JIA-01
1993-10-07,12.9,913.73,AS-JIA-01
1993-10-08,2.7,913.73,AS-JIA-01
1993-10-09,2.5,913.73,AS-JIA-01
1993-10-10,3.0,913.73,AS-JIA-01
1993-10-11,3.2,913.73,AS-JIA-01
1993-10-12,10.0,913.73,AS-JIA-01
1993-10-13,19.2,913.73,AS-JIA-01
1993-10-14,7.1,913.73,AS-JIA-01
1993-10-15,6.2,913.73,AS-JIA-01
1993-10-16,7.6,913.73,AS-JIA-01
1993-10-17,3.4,913.73,AS-JIA-01
1993-10-18,0.4,913.73,AS-JIA-01
1993-10-19,0.1,913.73,AS-JIA-01
1993-10-20,1.9,913.73,AS-JIA-01
1993-10-21,1.4,913.73,AS-JIA-01
1993-10-22,0.0,913.73,AS-JIA-01
1993-10-23,0.0,913.73,AS-JIA-01
1993-10-24,0.3,913.73,AS-JIA-01
1993-10-25,0.1,913.73,AS-JIA-01
1993-10-26,0.2,913.73,AS-JIA-01
1993-10-27,0.3,913.73,AS-JIA-01
1993-10-28,0.0,913.73,AS-JIA-01
1993-10-29,0.0,913.73,AS-JIA-01
1993-10-30,0.0,913.73,AS-JIA-01
1993-10-31,0.0,913.73,AS-JIA-01
1993-11-01,0.0,913.73,AS-JIA-01
1993-11-02,0.0,913.73,AS-JIA-01
1993-11-03,0.2,913.73,AS-JIA-01
1993-11-04,0.9,913.73,AS-JIA-01
1993-11-05,0.3,913.73,AS-JIA-01
1993-11-06,0.0,913.73,AS-JIA-01
1993-11-07,0.0,913.73,AS-JIA-01
1993-11-08,0.0,913.73,AS-JIA-01
1993-11-09,0.0,913.73,AS-JIA-01
1993-11-10,0.6,913.73,AS-JIA-01
1993-11-11,0.0,913.73,AS-JIA-01
1993-11-12,0.0,913.73,AS-JIA-01
1993-11-13,0.0,913.73,AS-JIA-01
1993-11-14,0.5,913.73,AS-JIA-01
1993-11-15,0.0,913.73,AS-JIA-01
1993-11-16,0.5,913.73,AS-JIA-01
1993-11-17,0.5,913.73,AS-JIA-01
1993-11-18,0.0,913.73,AS-JIA-01
1993-11-19,0.0,913.73,AS-JIA-01
1993-11-20,0.0,913.73,AS-JIA-01
1993-11-21,0.0,913.73,AS-JIA-01
1993-11-22,0.0,913.73,AS-JIA-01
1993-11-23,0.0,913.73,AS-JIA-01
1993-11-24,0.0,913.73,AS-JIA-01
1993-11-25,0.0,913.73,AS-JIA-01
1993-11-26,0.0,913.73,AS-JIA-01
1993-11-27,0.0,913.73,AS-JIA-01
1993-11-28,0.0,913.73,AS-JIA-01
1993-11-29,0.0,913.73,AS-JIA-01
1993-11-30,0.0,913.73,AS-JIA-01
1993-12-01,0.0,913.73,AS-JIA-01
1993-12-02,0.0,913.73,AS-JIA-01
1993-12-03,0.0,913.73,AS-JIA-01
1993-12-04,0.0,913.73,AS-JIA-01
1993-12-05,0.0,913.73,AS-JIA-01
1993-12-06,0.0,913.73,AS-JIA-01
1993-12-07,0.0,913.73,AS-JIA-01
1993-12-08,0.0,913.73,AS-JIA-01
1993-12-09,0.0,913.73,AS-JIA-01
1993-12-10,0.0,913.73,AS-JIA-01
1993-12-11,0.0,913.73,AS-JIA-01
1993-12-12,0.0,913.73,AS-JIA-01
1993-12-13,0.0,913.73,AS-JIA-01
1993-12-14,0.0,913.73,AS-JIA-01
1993-12-15,0.0,913.73,AS-JIA-01
1993-12-16,0.0,913.73,AS-JIA-01
1993-12-17,0.0,913.73,AS-JIA-01
1993-12-18,0.0,913.73,AS-JIA-01
1993-12-19,0.0,913.73,AS-JIA-01
1993-12-20,0.0,913.73,AS-JIA-01
1993-12-21,0.4,913.73,AS-JIA-01
1993-12-22,0.0,913.73,AS-JIA-01
1993-12-23,0.0,913.73,AS-JIA-01
1993-12-24,0.0,913.73,AS-JIA-01
1993-12-25,0.0,913.73,AS-JIA-01
1993-12-26,0.0,913.73,AS-JIA-01
1993-12-27,0.0,913.73,AS-JIA-01
1993-12-28,0.0,913.73,AS-JIA-01
1993-12-29,0.0,913.73,AS-JIA-01
1993-12-30,0.0,913.73,AS-JIA-01
1993-12-31,0.0,913.73,AS-JIA-01
1994-01-01,0.0,913.73,AS-JIA-01
1994-01-02,0.0,913.73,AS-JIA-01
1994-01-03,0.0,913.73,AS-JIA-01
1994-01-04,0.0,913.73,AS-JIA-01
1994-01-05,0.0,913.73,AS-JIA-01
1994-01-06,0.0,913.73,AS-JIA-01
1994-01-07,0.0,913.73,AS-JIA-01
1994-01-08,0.0,913.73,AS-JIA-01
1994-01-09,0.0,913.73,AS-JIA-01
1994-01-10,0.0,913.73,AS-JIA-01
1994-01-11,0.0,913.73,AS-JIA-01
1994-01-12,0.0,913.73,AS-JIA-01
1994-01-13,0.0,913.73,AS-JIA-01
1994-01-14,2.1,913.73,AS-JIA-01
1994-01-15,3.7,913.73,AS-JIA-01
1994-01-16,11.0,913.73,AS-JIA-01
1994-01-17,0.0,913.73,AS-JIA-01
1994-01-18,0.0,913.73,AS-JIA-01
1994-01-19,0.0,913.73,AS-JIA-01
1994-01-20,0.0,913.73,AS-JIA-01
1994-01-21,0.0,913.73,AS-JIA-01
1994-01-22,0.0,913.73,AS-JIA-01
1994-01-23,0.0,913.73,AS-JIA-01
1994-01-24,0.0,913.73,AS-JIA-01
1994-01-25,0.0,913.73,AS-JIA-01
1994-01-26,0.0,913.73,AS-JIA-01
1994-01-27,0.0,913.73,AS-JIA-01
1994-01-28,0.0,913.73,AS-JIA-01
1994-01-29,0.2,913.73,AS-JIA-01
1994-01-30,1.8,913.73,AS-JIA-01
1994-01-31,2.6,913.73,AS-JIA-01
1994-02-01,0.0,913.73,AS-JIA-01
1994-02-02,5.2,913.73,AS-JIA-01
1994-02-03,0.0,913.73,AS-JIA-01
1994-02-04,0.0,913.73,AS-JIA-01
1994-02-05,0.0,913.73,AS-JIA-01
1994-02-06,0.0,913.73,AS-JIA-01
1994-02-07,0.0,913.73,AS-JIA-01
1994-02-08,0.0,913.73,AS-JIA-01
1994-02-09,9.7,913.73,AS-JIA-01
1994-02-10,1.7,913.73,AS-JIA-01
1994-02-11,0.1,913.73,AS-JIA-01
1994-02-12,0.0,913.73,AS-JIA-01
1994-02-13,0.1,913.73,AS-JIA-01
1994-02-14,0.0,913.73,AS-JIA-01
1994-02-15,0.0,913.73,AS-JIA-01
1994-02-16,0.0,913.73,AS-JIA-01
1994-02-17,0.0,913.73,AS-JIA-01
1994-02-18,0.0,913.73,AS-JIA-01
1994-02-19,0.0,913.73,AS-JIA-01
1994-02-20,0.0,913.73,AS-JIA-01
1994-02-21,1.3,913.73,AS-JIA-01
1994-02-22,8.2,913.73,AS-JIA-01
1994-02-23,0.2,913.73,AS-JIA-01
1994-02-24,0.0,913.73,AS-JIA-01
1994-02-25,0.0,913.73,AS-JIA-01
1994-02-26,0.0,913.73,AS-JIA-01
1994-02-27,0.0,913.73,AS-JIA-01
1994-02-28,0.1,913.73,AS-JIA-01
1994-03-01,1.1,913.73,AS-JIA-01
1994-03-02,0.0,913.73,AS-JIA-01
1994-03-03,0.0,913.73,AS-JIA-01
1994-03-04,0.0,913.73,AS-JIA-01
1994-03-05,0.0,913.73,AS-JIA-01
1994-03-06,0.0,913.73,AS-JIA-01
1994-03-07,0.0,913.73,AS-JIA-01
1994-03-08,0.0,913.73,AS-JIA-01
1994-03-09,0.0,913.73,AS-JIA-01
1994-03-10,0.0,913.73,AS-JIA-01
1994-03-11,0.0,913.73,AS-JIA-01
1994-03-12,0.0,913.73,AS-JIA-01
1994-03-13,5.8,913.73,AS-JIA-01
1994-03-14,3.7,913.73,AS-JIA-01
1994-03-15,32.9,913.73,AS-JIA-01
1994-03-16,10.1,913.73,AS-JIA-01
1994-03-17,7.8,913.73,AS-JIA-01
1994-03-18,4.2,913.73,AS-JIA-01
1994-03-19,1.3,913.73,AS-JIA-01
1994-03-20,28.1,913.73,AS-JIA-01
1994-03-21,17.3,913.73,AS-JIA-01
1994-03-22,11.4,913.73,AS-JIA-01
1994-03-23,2.4,913.73,AS-JIA-01
1994-03-24,15.4,913.73,AS-JIA-01
1994-03-25,19.4,913.73,AS-JIA-01
1994-03-26,62.1,913.73,AS-JIA-01
1994-03-27,13.5,913.73,AS-JIA-01
1994-03-28,5.4,913.73,AS-JIA-01
1994-03-29,0.0,913.73,AS-JIA-01
1994-03-30,0.0,913.73,AS-JIA-01
1994-03-31,11.9,913.73,AS-JIA-01
1994-04-01,15.6,913.73,AS-JIA-01
1994-04-02,11.7,913.73,AS-JIA-01
1994-04-03,12.6,913.73,AS-JIA-01
1994-04-04,0.0,913.73,AS-JIA-01
1994-04-05,0.0,913.73,AS-JIA-01
1994-04-06,0.5,913.73,AS-JIA-01
1994-04-07,2.1,913.73,AS-JIA-01
1994-04-08,1.0,913.73,AS-JIA-01
1994-04-09,0.2,913.73,AS-JIA-01
1994-04-10,0.0,913.73,AS-JIA-01
1994-04-11,0.0,913.73,AS-JIA-01
1994-04-12,0.0,913.73,AS-JIA-01
1994-04-13,0.0,913.73,AS-JIA-01
1994-04-14,0.0,913.73,AS-JIA-01
1994-04-15,0.0,913.73,AS-JIA-01
1994-04-16,7.8,913.73,AS-JIA-01
1994-04-17,23.4,913.73,AS-JIA-01
1994-04-18,8.7,913.73,AS-JIA-01
1994-04-19,22.0,913.73,AS-JIA-01
1994-04-20,21.0,913.73,AS-JIA-01
1994-04-21,12.1,913.73,AS-JIA-01
1994-04-22,6.8,913.73,AS-JIA-01
1994-04-23,7.2,913.73,AS-JIA-01
1994-04-24,16.6,913.73,AS-JIA-01
1994-04-25,8.4,913.73,AS-JIA-01
1994-04-26,2.0,913.73,AS-JIA-01
1994-04-27,0.5,913.73,AS-JIA-01
1994-04-28,0.0,913.73,AS-JIA-01
1994-04-29,0.0,913.73,AS-JIA-01
1994-04-30,0.3,913.73,AS-JIA-01
1994-05-01,0.0,913.73,AS-JIA-01
1994-05-02,0.0,913.73,AS-JIA-01
1994-05-03,0.0,913.73,AS-JIA-01
1994-05-04,9.8,913.73,AS-JIA-01
1994-05-05,9.9,913.73,AS-JIA-01
1994-05-06,7.3,913.73,AS-JIA-01
1994-05-07,27.2,913.73,AS-JIA-01
1994-05-08,5.1,913.73,AS-JIA-01
1994-05-09,2.9,913.73,AS-JIA-01
1994-05-10,5.9,913.73,AS-JIA-01
1994-05-11,2.9,913.73,AS-JIA-01
1994-05-12,2.0,913.73,AS-JIA-01
1994-05-13,1.3,913.73,AS-JIA-01
1994-05-14,14.2,913.73,AS-JIA-01
1994-05-15,13.6,913.73,AS-JIA-01
1994-05-16,9.0,913.73,AS-JIA-01
1994-05-17,2.7,913.73,AS-JIA-01
1994-05-18,1.5,913.73,AS-JIA-01
1994-05-19,0.0,913.73,AS-JIA-01
1994-05-20,0.0,913.73,AS-JIA-01
1994-05-21,3.6,913.73,AS-JIA-01
1994-05-22,8.9,913.73,AS-JIA-01
1994-05-23,6.5,913.73,AS-JIA-01
1994-05-24,19.7,913.73,AS-JIA-01
1994-05-25,13.1,913.73,AS-JIA-01
1994-05-26,8.2,913.73,AS-JIA-01
1994-05-27,9.2,913.73,AS-JIA-01
1994-05-28,21.7,913.73,AS-JIA-01
1994-05-29,29.4,913.73,AS-JIA-01
1994-05-30,77.4,913.73,AS-JIA-01
1994-05-31,114.4,913.73,AS-JIA-01
1994-06-01,24.0,913.73,AS-JIA-01
1994-06-02,0.5,913.73,AS-JIA-01
1994-06-03,46.7,913.73,AS-JIA-01
1994-06-04,26.5,913.73,AS-JIA-01
1994-06-05,34.9,913.73,AS-JIA-01
1994-06-06,1.7,913.73,AS-JIA-01
1994-06-07,2.8,913.73,AS-JIA-01
1994-06-08,0.4,913.73,AS-JIA-01
1994-06-09,13.3,913.73,AS-JIA-01
1994-06-10,10.7,913.73,AS-JIA-01
1994-06-11,84.1,913.73,AS-JIA-01
1994-06-12,22.9,913.73,AS-JIA-01
1994-06-13,24.2,913.73,AS-JIA-01
1994-06-14,19.7,913.73,AS-JIA-01
1994-06-15,19.6,913.73,AS-JIA-01
1994-06-16,5.5,913.73,AS-JIA-01
1994-06-17,8.1,913.73,AS-JIA-01
1994-06-18,23.0,913.73,AS-JIA-01
1994-06-19,12.6,913.73,AS-JIA-01
1994-06-20,10.6,913.73,AS-JIA-01
1994-06-21,38.6,913.73,AS-JIA-01
1994-06-22,17.6,913.73,AS-JIA-01
1994-06-23,18.5,913.73,AS-JIA-01
1994-06-24,7.0,913.73,AS-JIA-01
1994-06-25,1.5,913.73,AS-JIA-01
1994-06-26,5.5,913.73,AS-JIA-01
1994-06-27,12.4,913.73,AS-JIA-01
1994-06-28,16.1,913.73,AS-JIA-01
1994-06-29,5.9,913.73,AS-JIA-01
1994-06-30,23.1,913.73,AS-JIA-01
1994-07-01,11.9,913.73,AS-JIA-01
1994-07-02,11.5,913.73,AS-JIA-01
1994-07-03,4.7,913.73,AS-JIA-01
1994-07-04,8.3,913.73,AS-JIA-01
1994-07-05,9.6,913.73,AS-JIA-01
1994-07-06,13.0,913.73,AS-JIA-01
1994-07-07,10.8,913.73,AS-JIA-01
1994-07-08,10.9,913.73,AS-JIA-01
1994-07-09,9.8,913.73,AS-JIA-01
1994-07-10,5.9,913.73,AS-JIA-01
1994-07-11,4.2,913.73,AS-JIA-01
1994-07-12,2.2,913.73,AS-JIA-01
1994-07-13,14.0,913.73,AS-JIA-01
1994-07-14,5.7,913.73,AS-JIA-01
1994-07-15,6.7,913.73,AS-JIA-01
1994-07-16,12.8,913.73,AS-JIA-01
1994-07-17,15.6,913.73,AS-JIA-01
1994-07-18,16.6,913.73,AS-JIA-01
1994-07-19,8.8,913.73,AS-JIA-01
1994-07-20,22.8,913.73,AS-JIA-01
1994-07-21,14.3,913.73,AS-JIA-01
1994-07-22,6.1,913.73,AS-JIA-01
1994-07-23,7.4,913.73,AS-JIA-01
1994-07-24,8.0,913.73,AS-JIA-01
1994-07-25,13.3,913.73,AS-JIA-01
1994-07-26,16.9,913.73,AS-JIA-01
1994-07-27,10.5,913.73,AS-JIA-01
1994-07-28,4.6,913.73,AS-JIA-01
1994-07-29,5.0,913.73,AS-JIA-01
1994-07-30,1.4,913.73,AS-JIA-01
1994-07-31,1.9,913.73,AS-JIA-01
1994-08-01,2.6,913.73,AS-JIA-01
1994-08-02,39.5,913.73,AS-JIA-01
1994-08-03,18.7,913.73,AS-JIA-01
1994-08-04,16.3,913.73,AS-JIA-01
1994-08-05,6.3,913.73,AS-JIA-01
1994-08-06,14.6,913.73,AS-JIA-01
1994-08-07,7.8,913.73,AS-JIA-01
1994-08-08,3.6,913.73,AS-JIA-01
1994-08-09,31.5,913.73,AS-JIA-01
1994-08-10,8.1,913.73,AS-JIA-01
1994-08-11,56.5,913.73,AS-JIA-01
1994-08-12,11.0,913.73,AS-JIA-01
1994-08-13,38.9,913.73,AS-JIA-01
1994-08-14,13.2,913.73,AS-JIA-01
1994-08-15,4.6,913.73,AS-JIA-01
1994-08-16,0.0,913.73,AS-JIA-01
1994-08-17,10.3,913.73,AS-JIA-01
1994-08-18,15.3,913.73,AS-JIA-01
1994-08-19,5.6,913.73,AS-JIA-01
1994-08-20,3.4,913.73,AS-JIA-01
1994-08-21,31.5,913.73,AS-JIA-01
1994-08-22,22.2,913.73,AS-JIA-01
1994-08-23,26.8,913.73,AS-JIA-01
1994-08-24,34.9,913.73,AS-JIA-01
1994-08-25,8.5,913.73,AS-JIA-01
1994-08-26,2.4,913.73,AS-JIA-01
1994-08-27,0.6,913.73,AS-JIA-01
1994-08-28,12.9,913.73,AS-JIA-01
1994-08-29,4.1,913.73,AS-JIA-01
1994-08-30,6.7,913.73,AS-JIA-01
1994-08-31,16.9,913.73,AS-JIA-01
1994-09-01,7.4,913.73,AS-JIA-01
1994-09-02,15.1,913.73,AS-JIA-01
1994-09-03,1.4,913.73,AS-JIA-01
1994-09-04,7.3,913.73,AS-JIA-01
1994-09-05,2.7,913.73,AS-JIA-01
1994-09-06,2.5,913.73,AS-JIA-01
1994-09-07,6.5,913.73,AS-JIA-01
1994-09-08,18.5,913.73,AS-JIA-01
1994-09-09,14.5,913.73,AS-JIA-01
1994-09-10,21.0,913.73,AS-JIA-01
1994-09-11,11.5,913.73,AS-JIA-01
1994-09-12,14.9,913.73,AS-JIA-01
1994-09-13,23.2,913.73,AS-JIA-01
1994-09-14,14.1,913.73,AS-JIA-01
1994-09-15,3.3,913.73,AS-JIA-01
1994-09-16,14.9,913.73,AS-JIA-01
1994-09-17,14.2,913.73,AS-JIA-01
1994-09-18,7.6,913.73,AS-JIA-01
1994-09-19,8.5,913.73,AS-JIA-01
1994-09-20,10.0,913.73,AS-JIA-01
1994-09-21,4.8,913.73,AS-JIA-01
1994-09-22,10.5,913.73,AS-JIA-01
1994-09-23,4.0,913.73,AS-JIA-01
1994-09-24,2.9,913.73,AS-JIA-01
1994-09-25,0.6,913.73,AS-JIA-01
1994-09-26,0.5,913.73,AS-JIA-01
1994-09-27,0.0,913.73,AS-JIA-01
1994-09-28,0.0,913.73,AS-JIA-01
1994-09-29,0.7,913.73,AS-JIA-01
1994-09-30,5.1,913.73,AS-JIA-01
1994-10-01,3.8,913.73,AS-JIA-01
1994-10-02,6.7,913.73,AS-JIA-01
1994-10-03,11.1,913.73,AS-JIA-01
1994-10-04,14.0,913.73,AS-JIA-01
1994-10-05,9.8,913.73,AS-JIA-01
1994-10-06,6.0,913.73,AS-JIA-01
1994-10-07,8.7,913.73,AS-JIA-01
1994-10-08,18.4,913.73,AS-JIA-01
1994-10-09,63.7,913.73,AS-JIA-01
1994-10-10,52.6,913.73,AS-JIA-01
1994-10-11,0.5,913.73,AS-JIA-01
1994-10-12,3.4,913.73,AS-JIA-01
1994-10-13,4.3,913.73,AS-JIA-01
1994-10-14,0.6,913.73,AS-JIA-01
1994-10-15,0.7,913.73,AS-JIA-01
1994-10-16,1.0,913.73,AS-JIA-01
1994-10-17,0.0,913.73,AS-JIA-01
1994-10-18,0.0,913.73,AS-JIA-01
1994-10-19,0.0,913.73,AS-JIA-01
1994-10-20,0.0,913.73,AS-JIA-01
1994-10-21,0.0,913.73,AS-JIA-01
1994-10-22,0.0,913.73,AS-JIA-01
1994-10-23,0.0,913.73,AS-JIA-01
1994-10-24,0.0,913.73,AS-JIA-01
1994-10-25,0.0,913.73,AS-JIA-01
1994-10-26,0.0,913.73,AS-JIA-01
1994-10-27,0.0,913.73,AS-JIA-01
1994-10-28,0.0,913.73,AS-JIA-01
1994-10-29,0.1,913.73,AS-JIA-01
1994-10-30,0.0,913.73,AS-JIA-01
1994-10-31,0.0,913.73,AS-JIA-01
1994-11-01,0.0,913.73,AS-JIA-01
1994-11-02,0.0,913.73,AS-JIA-01
1994-11-03,0.0,913.73,AS-JIA-01
1994-11-04,0.0,913.73,AS-JIA-01
1994-11-05,0.0,913.73,AS-JIA-01
1994-11-06,0.0,913.73,AS-JIA-01
1994-11-07,0.0,913.73,AS-JIA-01
1994-11-08,0.0,913.73,AS-JIA-01
1994-11-09,0.0,913.73,AS-JIA-01
1994-11-10,0.0,913.73,AS-JIA-01
1994-11-11,0.8,913.73,AS-JIA-01
1994-11-12,6.8,913.73,AS-JIA-01
1994-11-13,0.0,913.73,AS-JIA-01
1994-11-14,0.0,913.73,AS-JIA-01
1994-11-15,0.0,913.73,AS-JIA-01
1994-11-16,0.0,913.73,AS-JIA-01
1994-11-17,0.0,913.73,AS-JIA-01
1994-11-18,0.0,913.73,AS-JIA-01
1994-11-19,0.0,913.73,AS-JIA-01
1994-11-20,0.0,913.73,AS-JIA-01
1994-11-21,0.0,913.73,AS-JIA-01
1994-11-22,0.0,913.73,AS-JIA-01
1994-11-23,0.0,913.73,AS-JIA-01
1994-11-24,0.0,913.73,AS-JIA-01
1994-11-25,0.0,913.73,AS-JIA-01
1994-11-26,0.0,913.73,AS-JIA-01
1994-11-27,0.0,913.73,AS-JIA-01
1994-11-28,0.3,913.73,AS-JIA-01
1994-11-29,0.6,913.73,AS-JIA-01
1994-11-30,0.1,913.73,AS-JIA-01
1994-12-01,0.0,913.73,AS-JIA-01
1994-12-02,0.0,913.73,AS-JIA-01
1994-12-03,0.0,913.73,AS-JIA-01
1994-12-04,0.0,913.73,AS-JIA-01
1994-12-05,0.0,913.73,AS-JIA-01
1994-12-06,0.0,913.73,AS-JIA-01
1994-12-07,0.0,913.73,AS-JIA-01
1994-12-08,0.0,913.73,AS-JIA-01
1994-12-09,0.0,913.73,AS-JIA-01
1994-12-10,2.0,913.73,AS-JIA-01
1994-12-11,4.3,913.73,AS-JIA-01
1994-12-12,0.2,913.73,AS-JIA-01
1994-12-13,0.0,913.73,AS-JIA-01
1994-12-14,0.0,913.73,AS-JIA-01
1994-12-15,0.0,913.73,AS-JIA-01
1994-12-16,0.0,913.73,AS-JIA-01
1994-12-17,0.0,913.73,AS-JIA-01
1994-12-18,0.0,913.73,AS-JIA-01
1994-12-19,0.0,913.73,AS-JIA-01
1994-12-20,0.0,913.73,AS-JIA-01
1994-12-21,0.0,913.73,AS-JIA-01
1994-12-22,0.0,913.73,AS-JIA-01
1994-12-23,0.0,913.73,AS-JIA-01
1994-12-24,0.0,913.73,AS-JIA-01
1994-12-25,0.0,913.73,AS-JIA-01
1994-12-26,0.0,913.73,AS-JIA-01
1994-12-27,0.0,913.73,AS-JIA-01
1994-12-28,0.0,913.73,AS-JIA-01
1994-12-29,0.0,913.73,AS-JIA-01
1994-12-30,0.0,913.73,AS-JIA-01
1994-12-31,1.9,913.73,AS-JIA-01
1995-01-01,0.9,913.73,AS-JIA-01
1995-01-02,0.0,913.73,AS-JIA-01
1995-01-03,0.0,913.73,AS-JIA-01
1995-01-04,0.0,913.73,AS-JIA-01
1995-01-05,0.0,913.73,AS-JIA-01
1995-01-06,0.0,913.73,AS-JIA-01
1995-01-07,0.0,913.73,AS-JIA-01
1995-01-08,0.0,913.73,AS-JIA-01
1995-01-09,0.3,913.73,AS-JIA-01
1995-01-10,0.0,913.73,AS-JIA-01
1995-01-11,0.0,913.73,AS-JIA-01
1995-01-12,1.0,913.73,AS-JIA-01
1995-01-13,1.2,913.73,AS-JIA-01
1995-01-14,0.0,913.73,AS-JIA-01
1995-01-15,0.0,913.73,AS-JIA-01
1995-01-16,0.0,913.73,AS-JIA-01
1995-01-17,0.0,913.73,AS-JIA-01
1995-01-18,0.0,913.73,AS-JIA-01
1995-01-19,0.0,913.73,AS-JIA-01
1995-01-20,0.0,913.73,AS-JIA-01
1995-01-21,0.0,913.73,AS-JIA-01
1995-01-22,0.3,913.73,AS-JIA-01
1995-01-23,0.0,913.73,AS-JIA-01
1995-01-24,0.0,913.73,AS-JIA-01
1995-01-25,0.0,913.73,AS-JIA-01
1995-01-26,0.0,913.73,AS-JIA-01
1995-01-27,0.0,913.73,AS-JIA-01
1995-01-28,0.0,913.73,AS-JIA-01
1995-01-29,0.0,913.73,AS-JIA-01
1995-01-30,0.0,913.73,AS-JIA-01
1995-01-31,0.0,913.73,AS-JIA-01
1995-02-01,0.0,913.73,AS-JIA-01
1995-02-02,0.0,913.73,AS-JIA-01
1995-02-03,0.0,913.73,AS-JIA-01
1995-02-04,0.0,913.73,AS-JIA-01
1995-02-05,3.9,913.73,AS-JIA-01
1995-02-06,2.5,913.73,AS-JIA-01
1995-02-07,0.0,913.73,AS-JIA-01
1995-02-08,1.5,913.73,AS-JIA-01
1995-02-09,0.0,913.73,AS-JIA-01
1995-02-10,0.0,913.73,AS-JIA-01
1995-02-11,0.0,913.73,AS-JIA-01
1995-02-12,0.0,913.73,AS-JIA-01
1995-02-13,0.0,913.73,AS-JIA-01
1995-02-14,0.0,913.73,AS-JIA-01
1995-02-15,5.4,913.73,AS-JIA-01
1995-02-16,2.0,913.73,AS-JIA-01
1995-02-17,0.0,913.73,AS-JIA-01
1995-02-18,5.3,913.73,AS-JIA-01
1995-02-19,0.4,913.73,AS-JIA-01
1995-02-20,3.5,913.73,AS-JIA-01
1995-02-21,1.7,913.73,AS-JIA-01
1995-02-22,0.5,913.73,AS-JIA-01
1995-02-23,3.3,913.73,AS-JIA-01
1995-02-24,0.0,913.73,AS-JIA-01
1995-02-25,0.0,913.73,AS-JIA-01
1995-02-26,0.0,913.73,AS-JIA-01
1995-02-27,0.9,913.73,AS-JIA-01
1995-02-28,1.3,913.73,AS-JIA-01
1995-03-01,2.5,913.73,AS-JIA-01
1995-03-02,0.3,913.73,AS-JIA-01
1995-03-03,0.0,913.73,AS-JIA-01
1995-03-04,0.1,913.73,AS-JIA-01
1995-03-05,0.0,913.73,AS-JIA-01
1995-03-06,0.0,913.73,AS-JIA-01
1995-03-07,0.2,913.73,AS-JIA-01
1995-03-08,0.2,913.73,AS-JIA-01
1995-03-09,0.0,913.73,AS-JIA-01
1995-03-10,0.0,913.73,AS-JIA-01
1995-03-11,0.0,913.73,AS-JIA-01
1995-03-12,1.3,913.73,AS-JIA-01
1995-03-13,0.0,913.73,AS-JIA-01
1995-03-14,0.0,913.73,AS-JIA-01
1995-03-15,0.0,913.73,AS-JIA-01
1995-03-16,0.0,913.73,AS-JIA-01
1995-03-17,0.0,913.73,AS-JIA-01
1995-03-18,0.0,913.73,AS-JIA-01
1995-03-19,0.0,913.73,AS-JIA-01
1995-03-20,0.0,913.73,AS-JIA-01
1995-03-21,0.4,913.73,AS-JIA-01
1995-03-22,0.0,913.73,AS-JIA-01
1995-03-23,0.0,913.73,AS-JIA-01
1995-03-24,0.0,913.73,AS-JIA-01
1995-03-25,0.0,913.73,AS-JIA-01
1995-03-26,2.0,913.73,AS-JIA-01
1995-03-27,2.1,913.73,AS-JIA-01
1995-03-28,30.1,913.73,AS-JIA-01
1995-03-29,25.1,913.73,AS-JIA-01
1995-03-30,11.8,913.73,AS-JIA-01
1995-03-31,1.5,913.73,AS-JIA-01
1995-04-01,0.8,913.73,AS-JIA-01
1995-04-02,0.0,913.73,AS-JIA-01
1995-04-03,0.0,913.73,AS-JIA-01
1995-04-04,0.0,913.73,AS-JIA-01
1995-04-05,0.3,913.73,AS-JIA-01
1995-04-06,0.0,913.73,AS-JIA-01
1995-04-07,4.6,913.73,AS-JIA-01
1995-04-08,0.6,913.73,AS-JIA-01
1995-04-09,2.7,913.73,AS-JIA-01
1995-04-10,0.0,913.73,AS-JIA-01
1995-04-11,6.8,913.73,AS-JIA-01
1995-04-12,7.1,913.73,AS-JIA-01
1995-04-13,0.0,913.73,AS-JIA-01
1995-04-14,1.0,913.73,AS-JIA-01
1995-04-15,8.4,913.73,AS-JIA-01
1995-04-16,3.3,913.73,AS-JIA-01
1995-04-17,0.7,913.73,AS-JIA-01
1995-04-18,4.0,913.73,AS-JIA-01
1995-04-19,7.3,913.73,AS-JIA-01
1995-04-20,13.3,913.73,AS-JIA-01
1995-04-21,0.5,913.73,AS-JIA-01
1995-04-22,0.0,913.73,AS-JIA-01
1995-04-23,15.5,913.73,AS-JIA-01
1995-04-24,8.6,913.73,AS-JIA-01
1995-04-25,13.5,913.73,AS-JIA-01
1995-04-26,30.7,913.73,AS-JIA-01
1995-04-27,48.5,913.73,AS-JIA-01
1995-04-28,12.0,913.73,AS-JIA-01
1995-04-29,1.6,913.73,AS-JIA-01
1995-04-30,18.6,913.73,AS-JIA-01
1995-05-01,28.4,913.73,AS-JIA-01
1995-05-02,14.8,913.73,AS-JIA-01
1995-05-03,14.0,913.73,AS-JIA-01
1995-05-04,9.2,913.73,AS-JIA-01
1995-05-05,18.1,913.73,AS-JIA-01
1995-05-06,11.5,913.73,AS-JIA-01
1995-05-07,2.5,913.73,AS-JIA-01
1995-05-08,0.3,913.73,AS-JIA-01
1995-05-09,0.5,913.73,AS-JIA-01
1995-05-10,4.7,913.73,AS-JIA-01
1995-05-11,1.5,913.73,AS-JIA-01
1995-05-12,6.2,913.73,AS-JIA-01
1995-05-13,7.1,913.73,AS-JIA-01
1995-05-14,23.1,913.73,AS-JIA-01
1995-05-15,41.2,913.73,AS-JIA-01
1995-05-16,35.4,913.73,AS-JIA-01
1995-05-17,95.9,913.73,AS-JIA-01
1995-05-18,5.8,913.73,AS-JIA-01
1995-05-19,4.1,913.73,AS-JIA-01
1995-05-20,6.4,913.73,AS-JIA-01
1995-05-21,24.8,913.73,AS-JIA-01
1995-05-22,15.1,913.73,AS-JIA-01
1995-05-23,12.2,913.73,AS-JIA-01
1995-05-24,27.6,913.73,AS-JIA-01
1995-05-25,21.1,913.73,AS-JIA-01
1995-05-26,18.6,913.73,AS-JIA-01
1995-05-27,6.6,913.73,AS-JIA-01
1995-05-28,27.3,913.73,AS-JIA-01
1995-05-29,12.8,913.73,AS-JIA-01
1995-05-30,16.0,913.73,AS-JIA-01
1995-05-31,21.0,913.73,AS-JIA-01
1995-06-01,9.8,913.73,AS-JIA-01
1995-06-02,8.1,913.73,AS-JIA-01
1995-06-03,9.4,913.73,AS-JIA-01
1995-06-04,8.5,913.73,AS-JIA-01
1995-06-05,7.0,913.73,AS-JIA-01
1995-06-06,16.6,913.73,AS-JIA-01
1995-06-07,13.6,913.73,AS-JIA-01
1995-06-08,18.2,913.73,AS-JIA-01
1995-06-09,6.0,913.73,AS-JIA-01
1995-06-10,0.4,913.73,AS-JIA-01
1995-06-11,30.9,913.73,AS-JIA-01
1995-06-12,21.7,913.73,AS-JIA-01
1995-06-13,23.1,913.73,AS-JIA-01
1995-06-14,60.9,913.73,AS-JIA-01
1995-06-15,177.6,913.73,AS-JIA-01
1995-06-16,107.8,913.73,AS-JIA-01
1995-06-17,43.6,913.73,AS-JIA-01
1995-06-18,15.8,913.73,AS-JIA-01
1995-06-19,37.3,913.73,AS-JIA-01
1995-06-20,37.7,913.73,AS-JIA-01
1995-06-21,19.3,913.73,AS-JIA-01
1995-06-22,20.8,913.73,AS-JIA-01
1995-06-23,32.7,913.73,AS-JIA-01
1995-06-24,15.1,913.73,AS-JIA-01
1995-06-25,19.7,913.73,AS-JIA-01
1995-06-26,11.1,913.73,AS-JIA-01
1995-06-27,9.2,913.73,AS-JIA-01
1995-06-28,11.1,913.73,AS-JIA-01
1995-06-29,34.2,913.73,AS-JIA-01
1995-06-30,31.5,913.73,AS-JIA-01
1995-07-01,35.3,913.73,AS-JIA-01
1995-07-02,144.3,913.73,AS-JIA-01
1995-07-03,76.5,913.73,AS-JIA-01
1995-07-04,67.6,913.73,AS-JIA-01
1995-07-05,76.1,913.73,AS-JIA-01
1995-07-06,42.1,913.73,AS-JIA-01
1995-07-07,9.0,913.73,AS-JIA-01
1995-07-08,9.6,913.73,AS-JIA-01
1995-07-09,13.7,913.73,AS-JIA-01
1995-07-10,18.9,913.73,AS-JIA-01
1995-07-11,12.4,913.73,AS-JIA-01
1995-07-12,10.8,913.73,AS-JIA-01
1995-07-13,17.7,913.73,AS-JIA-01
1995-07-14,9.7,913.73,AS-JIA-01
1995-07-15,15.2,913.73,AS-JIA-01
1995-07-16,15.1,913.73,AS-JIA-01
1995-07-17,18.8,913.73,AS-JIA-01
1995-07-18,16.6,913.73,AS-JIA-01
1995-07-19,20.0,913.73,AS-JIA-01
1995-07-20,24.9,913.73,AS-JIA-01
1995-07-21,7.5,913.73,AS-JIA-01
1995-07-22,2.9,913.73,AS-JIA-01
1995-07-23,5.2,913.73,AS-JIA-01
1995-07-24,5.6,913.73,AS-JIA-01
1995-07-25,3.8,913.73,AS-JIA-01
1995-07-26,10.3,913.73,AS-JIA-01
1995-07-27,13.3,913.73,AS-JIA-01
1995-07-28,13.6,913.73,AS-JIA-01
1995-07-29,1.5,913.73,AS-JIA-01
1995-07-30,10.5,913.73,AS-JIA-01
1995-07-31,5.4,913.73,AS-JIA-01
1995-08-01,1.4,913.73,AS-JIA-01
1995-08-02,22.9,913.73,AS-JIA-01
1995-08-03,4.1,913.73,AS-JIA-01
1995-08-04,7.1,913.73,AS-JIA-01
1995-08-05,2.2,913.73,AS-JIA-01
1995-08-06,12.3,913.73,AS-JIA-01
1995-08-07,9.8,913.73,AS-JIA-01
1995-08-08,19.9,913.73,AS-JIA-01
1995-08-09,12.3,913.73,AS-JIA-01
1995-08-10,4.6,913.73,AS-JIA-01
1995-08-11,37.0,913.73,AS-JIA-01
1995-08-12,140.0,913.73,AS-JIA-01
1995-08-13,82.6,913.73,AS-JIA-01
1995-08-14,46.3,913.73,AS-JIA-01
1995-08-15,22.9,913.73,AS-JIA-01
1995-08-16,6.8,913.73,AS-JIA-01
1995-08-17,6.0,913.73,AS-JIA-01
1995-08-18,7.8,913.73,AS-JIA-01
1995-08-19,8.2,913.73,AS-JIA-01
1995-08-20,6.8,913.73,AS-JIA-01
1995-08-21,7.9,913.73,AS-JIA-01
1995-08-22,13.7,913.73,AS-JIA-01
1995-08-23,10.7,913.73,AS-JIA-01
1995-08-24,8.4,913.73,AS-JIA-01
1995-08-25,17.2,913.73,AS-JIA-01
1995-08-26,5.7,913.73,AS-JIA-01
1995-08-27,0.5,913.73,AS-JIA-01
1995-08-28,7.2,913.73,AS-JIA-01
1995-08-29,8.8,913.73,AS-JIA-01
1995-08-30,3.6,913.73,AS-JIA-01
1995-08-31,4.8,913.73,AS-JIA-01
1995-09-01,11.3,913.73,AS-JIA-01
1995-09-02,7.1,913.73,AS-JIA-01
1995-09-03,15.3,913.73,AS-JIA-01
1995-09-04,22.9,913.73,AS-JIA-01
1995-09-05,12.1,913.73,AS-JIA-01
1995-09-06,24.0,913.73,AS-JIA-01
1995-09-07,8.7,913.73,AS-JIA-01
1995-09-08,7.4,913.73,AS-JIA-01
1995-09-09,6.9,913.73,AS-JIA-01
1995-09-10,4.7,913.73,AS-JIA-01
1995-09-11,2.0,913.73,AS-JIA-01
1995-09-12,3.2,913.73,AS-JIA-01
1995-09-13,2.6,913.73,AS-JIA-01
1995-09-14,0.0,913.73,AS-JIA-01
1995-09-15,0.0,913.73,AS-JIA-01
1995-09-16,6.8,913.73,AS-JIA-01
1995-09-17,18.5,913.73,AS-JIA-01
1995-09-18,14.9,913.73,AS-JIA-01
1995-09-19,9.8,913.73,AS-JIA-01
1995-09-20,15.3,913.73,AS-JIA-01
1995-09-21,21.6,913.73,AS-JIA-01
1995-09-22,94.6,913.73,AS-JIA-01
1995-09-23,134.3,913.73,AS-JIA-01
1995-09-24,55.2,913.73,AS-JIA-01
1995-09-25,5.4,913.73,AS-JIA-01
1995-09-26,18.1,913.73,AS-JIA-01
1995-09-27,11.0,913.73,AS-JIA-01
1995-09-28,6.3,913.73,AS-JIA-01
1995-09-29,2.3,913.73,AS-JIA-01
1995-09-30,7.1,913.73,AS-JIA-01
1995-10-01,3.2,913.73,AS-JIA-01
1995-10-02,0.1,913.73,AS-JIA-01
1995-10-03,1.4,913.73,AS-JIA-01
1995-10-04,7.1,913.73,AS-JIA-01
1995-10-05,7.0,913.73,AS-JIA-01
1995-10-06,3.6,913.73,AS-JIA-01
1995-10-07,2.7,913.73,AS-JIA-01
1995-10-08,1.0,913.73,AS-JIA-01
1995-10-09,3.3,913.73,AS-JIA-01
1995-10-10,2.9,913.73,AS-JIA-01
1995-10-11,5.1,913.73,AS-JIA-01
1995-10-12,2.6,913.73,AS-JIA-01
1995-10-13,0.0,913.73,AS-JIA-01
1995-10-14,0.0,913.73,AS-JIA-01
1995-10-15,0.0,913.73,AS-JIA-01
1995-10-16,0.1,913.73,AS-JIA-01
1995-10-17,3.4,913.73,AS-JIA-01
1995-10-18,7.2,913.73,AS-JIA-01
1995-10-19,4.7,913.73,AS-JIA-01
1995-10-20,5.0,913.73,AS-JIA-01
1995-10-21,1.8,913.73,AS-JIA-01
1995-10-22,3.2,913.73,AS-JIA-01
1995-10-23,0.1,913.73,AS-JIA-01
1995-10-24,0.0,913.73,AS-JIA-01
1995-10-25,0.0,913.73,AS-JIA-01
1995-10-26,0.0,913.73,AS-JIA-01
1995-10-27,0.0,913.73,AS-JIA-01
1995-10-28,0.0,913.73,AS-JIA-01
1995-10-29,0.0,913.73,AS-JIA-01
1995-10-30,0.0,913.73,AS-JIA-01
1995-10-31,0.0,913.73,AS-JIA-01
1995-11-01,0.0,913.73,AS-JIA-01
1995-11-02,0.1,913.73,AS-JIA-01
1995-11-03,0.0,913.73,AS-JIA-01
1995-11-04,0.0,913.73,AS-JIA-01
1995-11-05,0.0,913.73,AS-JIA-01
1995-11-06,0.0,913.73,AS-JIA-01
1995-11-07,0.0,913.73,AS-JIA-01
1995-11-08,0.0,913.73,AS-JIA-01
1995-11-09,3.3,913.73,AS-JIA-01
1995-11-10,45.1,913.73,AS-JIA-01
1995-11-11,2.1,913.73,AS-JIA-01
1995-11-12,4.3,913.73,AS-JIA-01
1995-11-13,0.0,913.73,AS-JIA-01
1995-11-14,0.0,913.73,AS-JIA-01
1995-11-15,0.0,913.73,AS-JIA-01
1995-11-16,0.0,913.73,AS-JIA-01
1995-11-17,0.0,913.73,AS-JIA-01
1995-11-18,0.0,913.73,AS-JIA-01
1995-11-19,0.0,913.73,AS-JIA-01
1995-11-20,0.0,913.73,AS-JIA-01
1995-11-21,0.0,913.73,AS-JIA-01
1995-11-22,0.0,913.73,AS-JIA-01
1995-11-23,0.0,913.73,AS-JIA-01
1995-11-24,0.0,913.73,AS-JIA-01
1995-11-25,3.1,913.73,AS-JIA-01
1995-11-26,0.0,913.73,AS-JIA-01
1995-11-27,0.8,913.73,AS-JIA-01
1995-11-28,0.0,913.73,AS-JIA-01
1995-11-29,0.0,913.73,AS-JIA-01
1995-11-30,0.0,913.73,AS-JIA-01
1995-12-01,0.0,913.73,AS-JIA-01
1995-12-02,0.0,913.73,AS-JIA-01
1995-12-03,0.0,913.73,AS-JIA-01
1995-12-04,0.0,913.73,AS-JIA-01
1995-12-05,0.0,913.73,AS-JIA-01
1995-12-06,0.0,913.73,AS-JIA-01
1995-12-07,0.0,913.73,AS-JIA-01
1995-12-08,0.0,913.73,AS-JIA-01
1995-12-09,0.0,913.73,AS-JIA-01
1995-12-10,0.0,913.73,AS-JIA-01
1995-12-11,0.4,913.73,AS-JIA-01
1995-12-12,2.1,913.73,AS-JIA-01
1995-12-13,0.7,913.73,AS-JIA-01
1995-12-14,0.7,913.73,AS-JIA-01
1995-12-15,0.0,913.73,AS-JIA-01
1995-12-16,0.5,913.73,AS-JIA-01
1995-12-17,0.2,913.73,AS-JIA-01
1995-12-18,0.0,913.73,AS-JIA-01
1995-12-19,0.9,913.73,AS-JIA-01
1995-12-20,0.0,913.73,AS-JIA-01
1995-12-21,0.0,913.73,AS-JIA-01
1995-12-22,0.1,913.73,AS-JIA-01
1995-12-23,4.5,913.73,AS-JIA-01
1995-12-24,2.2,913.73,AS-JIA-01
1995-12-25,0.0,913.73,AS-JIA-01
1995-12-26,0.0,913.73,AS-JIA-01
1995-12-27,0.0,913.73,AS-JIA-01
1995-12-28,0.0,913.73,AS-JIA-01
1995-12-29,0.0,913.73,AS-JIA-01
1995-12-30,0.0,913.73,AS-JIA-01
1995-12-31,0.0,913.73,AS-JIA-01
1996-01-01,0.0,913.73,AS-JIA-01
1996-01-02,0.0,913.73,AS-JIA-01
1996-01-03,0.0,913.73,AS-JIA-01
1996-01-04,0.0,913.73,AS-JIA-01
1996-01-05,0.0,913.73,AS-JIA-01
1996-01-06,0.0,913.73,AS-JIA-01
1996-01-07,0.0,913.73,AS-JIA-01
1996-01-08,0.0,913.73,AS-JIA-01
1996-01-09,0.0,913.73,AS-JIA-01
1996-01-10,0.7,913.73,AS-JIA-01
1996-01-11,1.2,913.73,AS-JIA-01
1996-01-12,1.0,913.73,AS-JIA-01
1996-01-13,2.2,913.73,AS-JIA-01
1996-01-14,0.5,913.73,AS-JIA-01
1996-01-15,0.0,913.73,AS-JIA-01
1996-01-16,2.6,913.73,AS-JIA-01
1996-01-17,0.5,913.73,AS-JIA-01
1996-01-18,1.8,913.73,AS-JIA-01
1996-01-19,0.7,913.73,AS-JIA-01
1996-01-20,1.6,913.73,AS-JIA-01
1996-01-21,0.7,913.73,AS-JIA-01
1996-01-22,0.0,913.73,AS-JIA-01
1996-01-23,0.7,913.73,AS-JIA-01
1996-01-24,2.8,913.73,AS-JIA-01
1996-01-25,4.0,913.73,AS-JIA-01
1996-01-26,0.6,913.73,AS-JIA-01
1996-01-27,0.0,913.73,AS-JIA-01
1996-01-28,0.0,913.73,AS-JIA-01
1996-01-29,0.8,913.73,AS-JIA-01
1996-01-30,0.1,913.73,AS-JIA-01
1996-01-31,0.0,913.73,AS-JIA-01
1996-02-01,0.0,913.73,AS-JIA-01
1996-02-02,0.0,913.73,AS-JIA-01
1996-02-03,0.0,913.73,AS-JIA-01
1996-02-04,0.0,913.73,AS-JIA-01
1996-02-05,0.0,913.73,AS-JIA-01
1996-02-06,0.0,913.73,AS-JIA-01
1996-02-07,0.0,913.73,AS-JIA-01
1996-02-08,0.0,913.73,AS-JIA-01
1996-02-09,0.0,913.73,AS-JIA-01
1996-02-10,0.0,913.73,AS-JIA-01
1996-02-11,0.0,913.73,AS-JIA-01
1996-02-12,1.3,913.73,AS-JIA-01
1996-02-13,0.0,913.73,AS-JIA-01
1996-02-14,0.0,913.73,AS-JIA-01
1996-02-15,0.0,913.73,AS-JIA-01
1996-02-16,0.0,913.73,AS-JIA-01
1996-02-17,0.0,913.73,AS-JIA-01
1996-02-18,0.0,913.73,AS-JIA-01
1996-02-19,0.0,913.73,AS-JIA-01
1996-02-20,3.7,913.73,AS-JIA-01
1996-02-21,10.8,913.73,AS-JIA-01
1996-02-22,7.5,913.73,AS-JIA-01
1996-02-23,1.4,913.73,AS-JIA-01
1996-02-24,2.1,913.73,AS-JIA-01
1996-02-25,5.2,913.73,AS-JIA-01
1996-02-26,1.6,913.73,AS-JIA-01
1996-02-27,1.1,913.73,AS-JIA-01
1996-02-28,0.7,913.73,AS-JIA-01
1996-02-29,0.2,913.73,AS-JIA-01
1996-03-01,0.0,913.73,AS-JIA-01
1996-03-02,0.0,913.73,AS-JIA-01
1996-03-03,0.0,913.73,AS-JIA-01
1996-03-04,0.0,913.73,AS-JIA-01
1996-03-05,0.1,913.73,AS-JIA-01
1996-03-06,0.0,913.73,AS-JIA-01
1996-03-07,4.1,913.73,AS-JIA-01
1996-03-08,17.8,913.73,AS-JIA-01
1996-03-09,0.0,913.73,AS-JIA-01
1996-03-10,1.7,913.73,AS-JIA-01
1996-03-11,2.5,913.73,AS-JIA-01
1996-03-12,8.0,913.73,AS-JIA-01
1996-03-13,18.5,913.73,AS-JIA-01
1996-03-14,3.2,913.73,AS-JIA-01
1996-03-15,2.9,913.73,AS-JIA-01
1996-03-16,3.3,913.73,AS-JIA-01
1996-03-17,1.9,913.73,AS-JIA-01
1996-03-18,0.1,913.73,AS-JIA-01
1996-03-19,0.0,913.73,AS-JIA-01
1996-03-20,0.0,913.73,AS-JIA-01
1996-03-21,0.0,913.73,AS-JIA-01
1996-03-22,5.3,913.73,AS-JIA-01
1996-03-23,1.7,913.73,AS-JIA-01
1996-03-24,0.1,913.73,AS-JIA-01
1996-03-25,7.9,913.73,AS-JIA-01
1996-03-26,14.1,913.73,AS-JIA-01
1996-03-27,0.1,913.73,AS-JIA-01
1996-03-28,0.0,913.73,AS-JIA-01
1996-03-29,2.5,913.73,AS-JIA-01
1996-03-30,5.4,913.73,AS-JIA-01
1996-03-31,6.7,913.73,AS-JIA-01
1996-04-01,1.1,913.73,AS-JIA-01
1996-04-02,0.0,913.73,AS-JIA-01
1996-04-03,0.0,913.73,AS-JIA-01
1996-04-04,0.5,913.73,AS-JIA-01
1996-04-05,1.4,913.73,AS-JIA-01
1996-04-06,3.1,913.73,AS-JIA-01
1996-04-07,4.0,913.73,AS-JIA-01
1996-04-08,1.5,913.73,AS-JIA-01
1996-04-09,0.3,913.73,AS-JIA-01
1996-04-10,0.0,913.73,AS-JIA-01
1996-04-11,0.3,913.73,AS-JIA-01
1996-04-12,0.0,913.73,AS-JIA-01
1996-04-13,0.0,913.73,AS-JIA-01
1996-04-14,0.1,913.73,AS-JIA-01
1996-04-15,0.0,913.73,AS-JIA-01
1996-04-16,0.0,913.73,AS-JIA-01
1996-04-17,0.9,913.73,AS-JIA-01
1996-04-18,2.3,913.73,AS-JIA-01
1996-04-19,2.9,913.73,AS-JIA-01
1996-04-20,11.8,913.73,AS-JIA-01
1996-04-21,3.7,913.73,AS-JIA-01
1996-04-22,1.4,913.73,AS-JIA-01
1996-04-23,6.3,913.73,AS-JIA-01
1996-04-24,8.4,913.73,AS-JIA-01
1996-04-25,13.4,913.73,AS-JIA-01
1996-04-26,3.5,913.73,AS-JIA-01
1996-04-27,0.0,913.73,AS-JIA-01
1996-04-28,0.7,913.73,AS-JIA-01
1996-04-29,0.0,913.73,AS-JIA-01
1996-04-30,16.0,913.73,AS-JIA-01
1996-05-01,41.2,913.73,AS-JIA-01
1996-05-02,64.4,913.73,AS-JIA-01
1996-05-03,6.4,913.73,AS-JIA-01
1996-05-04,10.3,913.73,AS-JIA-01
1996-05-05,13.2,913.73,AS-JIA-01
1996-05-06,7.4,913.73,AS-JIA-01
1996-05-07,6.3,913.73,AS-JIA-01
1996-05-08,8.4,913.73,AS-JIA-01
1996-05-09,29.0,913.73,AS-JIA-01
1996-05-10,39.8,913.73,AS-JIA-01
1996-05-11,21.3,913.73,AS-JIA-01
1996-05-12,21.5,913.73,AS-JIA-01
1996-05-13,28.7,913.73,AS-JIA-01
1996-05-14,62.3,913.73,AS-JIA-01
1996-05-15,29.0,913.73,AS-JIA-01
1996-05-16,3.7,913.73,AS-JIA-01
1996-05-17,18.7,913.73,AS-JIA-01
1996-05-18,15.2,913.73,AS-JIA-01
1996-05-19,7.6,913.73,AS-JIA-01
1996-05-20,3.8,913.73,AS-JIA-01
1996-05-21,2.9,913.73,AS-JIA-01
1996-05-22,0.4,913.73,AS-JIA-01
1996-05-23,3.3,913.73,AS-JIA-01
1996-05-24,5.9,913.73,AS-JIA-01
1996-05-25,7.0,913.73,AS-JIA-01
1996-05-26,20.0,913.73,AS-JIA-01
1996-05-27,17.9,913.73,AS-JIA-01
1996-05-28,7.1,913.73,AS-JIA-01
1996-05-29,56.5,913.73,AS-JIA-01
1996-05-30,66.9,913.73,AS-JIA-01
1996-05-31,20.2,913.73,AS-JIA-01
1996-06-01,41.3,913.73,AS-JIA-01
1996-06-02,36.4,913.73,AS-JIA-01
1996-06-03,11.8,913.73,AS-JIA-01
1996-06-04,9.4,913.73,AS-JIA-01
1996-06-05,12.9,913.73,AS-JIA-01
1996-06-06,8.2,913.73,AS-JIA-01
1996-06-07,7.5,913.73,AS-JIA-01
1996-06-08,2.3,913.73,AS-JIA-01
1996-06-09,0.0,913.73,AS-JIA-01
1996-06-10,0.1,913.73,AS-JIA-01
1996-06-11,4.1,913.73,AS-JIA-01
1996-06-12,5.8,913.73,AS-JIA-01
1996-06-13,0.6,913.73,AS-JIA-01
1996-06-14,11.2,913.73,AS-JIA-01
1996-06-15,6.1,913.73,AS-JIA-01
1996-06-16,10.8,913.73,AS-JIA-01
1996-06-17,12.4,913.73,AS-JIA-01
1996-06-18,32.3,913.73,AS-JIA-01
1996-06-19,4.4,913.73,AS-JIA-01
1996-06-20,32.7,913.73,AS-JIA-01
1996-06-21,13.4,913.73,AS-JIA-01
1996-06-22,21.4,913.73,AS-JIA-01
1996-06-23,12.9,913.73,AS-JIA-01
1996-06-24,30.5,913.73,AS-JIA-01
1996-06-25,39.1,913.73,AS-JIA-01
1996-06-26,12.4,913.73,AS-JIA-01
1996-06-27,42.7,913.73,AS-JIA-01
1996-06-28,39.0,913.73,AS-JIA-01
1996-06-29,35.7,913.73,AS-JIA-01
1996-06-30,25.7,913.73,AS-JIA-01
1996-07-01,57.2,913.73,AS-JIA-01
1996-07-02,150.3,913.73,AS-JIA-01
1996-07-03,19.7,913.73,AS-JIA-01
1996-07-04,9.5,913.73,AS-JIA-01
1996-07-05,8.2,913.73,AS-JIA-01
1996-07-06,17.9,913.73,AS-JIA-01
1996-07-07,9.9,913.73,AS-JIA-01
1996-07-08,7.8,913.73,AS-JIA-01
1996-07-09,13.2,913.73,AS-JIA-01
1996-07-10,18.6,913.73,AS-JIA-01
1996-07-11,166.0,913.73,AS-JIA-01
1996-07-12,56.0,913.73,AS-JIA-01
1996-07-13,13.7,913.73,AS-JIA-01
1996-07-14,6.3,913.73,AS-JIA-01
1996-07-15,24.8,913.73,AS-JIA-01
1996-07-16,19.2,913.73,AS-JIA-01
1996-07-17,17.3,913.73,AS-JIA-01
1996-07-18,11.3,913.73,AS-JIA-01
1996-07-19,7.8,913.73,AS-JIA-01
1996-07-20,12.7,913.73,AS-JIA-01
1996-07-21,5.6,913.73,AS-JIA-01
1996-07-22,13.2,913.73,AS-JIA-01
1996-07-23,2.5,913.73,AS-JIA-01
1996-07-24,0.2,913.73,AS-JIA-01
1996-07-25,21.5,913.73,AS-JIA-01
1996-07-26,15.4,913.73,AS-JIA-01
1996-07-27,2.2,913.73,AS-JIA-01
1996-07-28,6.6,913.73,AS-JIA-01
1996-07-29,13.3,913.73,AS-JIA-01
1996-07-30,14.1,913.73,AS-JIA-01
1996-07-31,9.0,913.73,AS-JIA-01
1996-08-01,1.7,913.73,AS-JIA-01
1996-08-02,10.3,913.73,AS-JIA-01
1996-08-03,3.2,913.73,AS-JIA-01
1996-08-04,13.8,913.73,AS-JIA-01
1996-08-05,12.6,913.73,AS-JIA-01
1996-08-06,2.4,913.73,AS-JIA-01
1996-08-07,10.4,913.73,AS-JIA-01
1996-08-08,7.1,913.73,AS-JIA-01
1996-08-09,8.1,913.73,AS-JIA-01
1996-08-10,8.9,913.73,AS-JIA-01
1996-08-11,13.6,913.73,AS-JIA-01
1996-08-12,32.5,913.73,AS-JIA-01
1996-08-13,17.2,913.73,AS-JIA-01
1996-08-14,13.3,913.73,AS-JIA-01
1996-08-15,7.3,913.73,AS-JIA-01
1996-08-16,13.1,913.73,AS-JIA-01
1996-08-17,12.8,913.73,AS-JIA-01
1996-08-18,12.4,913.73,AS-JIA-01
1996-08-19,21.4,913.73,AS-JIA-01
1996-08-20,10.8,913.73,AS-JIA-01
1996-08-21,5.3,913.73,AS-JIA-01
1996-08-22,7.5,913.73,AS-JIA-01
1996-08-23,0.9,913.73,AS-JIA-01
1996-08-24,0.3,913.73,AS-JIA-01
1996-08-25,0.9,913.73,AS-JIA-01
1996-08-26,2.3,913.73,AS-JIA-01
1996-08-27,14.0,913.73,AS-JIA-01
1996-08-28,14.7,913.73,AS-JIA-01
1996-08-29,25.9,913.73,AS-JIA-01
1996-08-30,36.7,913.73,AS-JIA-01
1996-08-31,19.7,913.73,AS-JIA-01
1996-09-01,8.1,913.73,AS-JIA-01
1996-09-02,3.9,913.73,AS-JIA-01
1996-09-03,5.9,913.73,AS-JIA-01
1996-09-04,18.7,913.73,AS-JIA-01
1996-09-05,86.2,913.73,AS-JIA-01
1996-09-06,8.8,913.73,AS-JIA-01
1996-09-07,9.3,913.73,AS-JIA-01
1996-09-08,5.2,913.73,AS-JIA-01
1996-09-09,0.6,913.73,AS-JIA-01
1996-09-10,0.7,913.73,AS-JIA-01
1996-09-11,6.0,913.73,AS-JIA-01
1996-09-12,2.0,913.73,AS-JIA-01
1996-09-13,0.5,913.73,AS-JIA-01
1996-09-14,0.1,913.73,AS-JIA-01
1996-09-15,0.5,913.73,AS-JIA-01
1996-09-16,7.8,913.73,AS-JIA-01
1996-09-17,6.8,913.73,AS-JIA-01
1996-09-18,5.8,913.73,AS-JIA-01
1996-09-19,12.9,913.73,AS-JIA-01
1996-09-20,10.7,913.73,AS-JIA-01
1996-09-21,15.8,913.73,AS-JIA-01
1996-09-22,23.4,913.73,AS-JIA-01
1996-09-23,14.6,913.73,AS-JIA-01
1996-09-24,4.6,913.73,AS-JIA-01
1996-09-25,1.2,913.73,AS-JIA-01
1996-09-26,0.8,913.73,AS-JIA-01
1996-09-27,26.2,913.73,AS-JIA-01
1996-09-28,26.5,913.73,AS-JIA-01
1996-09-29,13.9,913.73,AS-JIA-01
1996-09-30,3.8,913.73,AS-JIA-01
1996-10-01,2.2,913.73,AS-JIA-01
1996-10-02,15.5,913.73,AS-JIA-01
1996-10-03,7.3,913.73,AS-JIA-01
1996-10-04,2.9,913.73,AS-JIA-01
1996-10-05,10.3,913.73,AS-JIA-01
1996-10-06,11.6,913.73,AS-JIA-01
1996-10-07,3.5,913.73,AS-JIA-01
1996-10-08,1.6,913.73,AS-JIA-01
1996-10-09,0.5,913.73,AS-JIA-01
1996-10-10,1.1,913.73,AS-JIA-01
1996-10-11,0.4,913.73,AS-JIA-01
1996-10-12,0.0,913.73,AS-JIA-01
1996-10-13,0.0,913.73,AS-JIA-01
1996-10-14,0.0,913.73,AS-JIA-01
1996-10-15,7.9,913.73,AS-JIA-01
1996-10-16,0.6,913.73,AS-JIA-01
1996-10-17,0.0,913.73,AS-JIA-01
1996-10-18,0.0,913.73,AS-JIA-01
1996-10-19,0.0,913.73,AS-JIA-01
1996-10-20,0.0,913.73,AS-JIA-01
1996-10-21,0.0,913.73,AS-JIA-01
1996-10-22,0.0,913.73,AS-JIA-01
1996-10-23,0.0,913.73,AS-JIA-01
1996-10-24,0.0,913.73,AS-JIA-01
1996-10-25,0.0,913.73,AS-JIA-01
1996-10-26,0.3,913.73,AS-JIA-01
1996-10-27,4.2,913.73,AS-JIA-01
1996-10-28,28.9,913.73,AS-JIA-01
1996-10-29,128.9,913.73,AS-JIA-01
1996-10-30,14.3,913.73,AS-JIA-01
1996-10-31,0.7,913.73,AS-JIA-01
1996-11-01,0.0,913.73,AS-JIA-01
1996-11-02,0.0,913.73,AS-JIA-01
1996-11-03,0.0,913.73,AS-JIA-01
1996-11-04,0.0,913.73,AS-JIA-01
1996-11-05,0.0,913.73,AS-JIA-01
1996-11-06,0.5,913.73,AS-JIA-01
1996-11-07,0.1,913.73,AS-JIA-01
1996-11-08,0.2,913.73,AS-JIA-01
1996-11-09,0.4,913.73,AS-JIA-01
1996-11-10,0.0,913.73,AS-JIA-01
1996-11-11,0.0,913.73,AS-JIA-01
1996-11-12,0.0,913.73,AS-JIA-01
1996-11-13,0.1,913.73,AS-JIA-01
1996-11-14,0.0,913.73,AS-JIA-01
1996-11-15,0.0,913.73,AS-JIA-01
1996-11-16,1.1,913.73,AS-JIA-01
1996-11-17,0.7,913.73,AS-JIA-01
1996-11-18,0.0,913.73,AS-JIA-01
1996-11-19,0.0,913.73,AS-JIA-01
1996-11-20,0.0,913.73,AS-JIA-01
1996-11-21,0.0,913.73,AS-JIA-01
1996-11-22,0.1,913.73,AS-JIA-01
1996-11-23,0.7,913.73,AS-JIA-01
1996-11-24,0.2,913.73,AS-JIA-01
1996-11-25,0.4,913.73,AS-JIA-01
1996-11-26,0.0,913.73,AS-JIA-01
1996-11-27,0.0,913.73,AS-JIA-01
1996-11-28,0.0,913.73,AS-JIA-01
1996-11-29,0.0,913.73,AS-JIA-01
1996-11-30,0.0,913.73,AS-JIA-01
1996-12-01,0.0,913.73,AS-JIA-01
1996-12-02,0.0,913.73,AS-JIA-01
1996-12-03,0.0,913.73,AS-JIA-01
1996-12-04,0.0,913.73,AS-JIA-01
1996-12-05,0.0,913.73,AS-JIA-01
1996-12-06,0.0,913.73,AS-JIA-01
1996-12-07,0.0,913.73,AS-JIA-01
1996-12-08,0.0,913.73,AS-JIA-01
1996-12-09,0.0,913.73,AS-JIA-01
1996-12-10,0.0,913.73,AS-JIA-01
1996-12-11,0.0,913.73,AS-JIA-01
1996-12-12,0.0,913.73,AS-JIA-01
1996-12-13,0.0,913.73,AS-JIA-01
1996-12-14,0.1,913.73,AS-JIA-01
1996-12-15,0.1,913.73,AS-JIA-01
1996-12-16,0.0,913.73,AS-JIA-01
1996-12-17,0.0,913.73,AS-JIA-01
1996-12-18,0.0,913.73,AS-JIA-01
1996-12-19,0.0,913.73,AS-JIA-01
1996-12-20,0.0,913.73,AS-JIA-01
1996-12-21,0.0,913.73,AS-JIA-01
1996-12-22,0.0,913.73,AS-JIA-01
1996-12-23,0.0,913.73,AS-JIA-01
1996-12-24,0.0,913.73,AS-JIA-01
1996-12-25,0.0,913.73,AS-JIA-01
1996-12-26,0.0,913.73,AS-JIA-01
1996-12-27,0.0,913.73,AS-JIA-01
1996-12-28,0.0,913.73,AS-JIA-01
1996-12-29,0.0,913.73,AS-JIA-01
1996-12-30,0.0,913.73,AS-JIA-01
1996-12-31,0.0,913.73,AS-JIA-01
1997-01-01,0.0,913.73,AS-JIA-01
1997-01-02,0.0,873.02,AS-JIA-01
1997-01-03,0.0,838.63,AS-JIA-01
1997-01-04,0.0,799.11,AS-JIA-01
1997-01-05,0.0,765.75,AS-JIA-01
1997-01-06,0.0,771.28,AS-JIA-01
1997-01-07,0.0,787.94,AS-JIA-01
1997-01-08,0.0,776.82,AS-JIA-01
1997-01-09,0.0,771.28,AS-JIA-01
1997-01-10,0.0,760.23,AS-JIA-01
1997-01-11,0.0,743.76,AS-JIA-01
1997-01-12,0.0,732.83,AS-JIA-01
1997-01-13,0.0,721.97,AS-JIA-01
1997-01-14,0.0,711.14,AS-JIA-01
1997-01-15,0.0,716.55,AS-JIA-01
1997-01-16,0.3,721.97,AS-JIA-01
1997-01-17,0.6,705.75,AS-JIA-01
1997-01-18,0.0,684.31,AS-JIA-01
1997-01-19,0.0,668.36,AS-JIA-01
1997-01-20,0.1,668.36,AS-JIA-01
1997-01-21,5.3,678.98,AS-JIA-01
1997-01-22,1.8,711.14,AS-JIA-01
1997-01-23,0.3,754.73,AS-JIA-01
1997-01-24,1.1,838.63,AS-JIA-01
1997-01-25,0.0,902.03,AS-JIA-01
1997-01-26,0.0,907.87,AS-JIA-01
1997-01-27,0.0,890.39,AS-JIA-01
1997-01-28,0.0,890.39,AS-JIA-01
1997-01-29,0.0,873.02,AS-JIA-01
1997-01-30,0.9,907.87,AS-JIA-01
1997-01-31,1.3,997.17,AS-JIA-01
1997-02-01,1.8,1083.34,AS-JIA-01
1997-02-02,0.4,1102.17,AS-JIA-01
1997-02-03,1.8,1172.33,AS-JIA-01
1997-02-04,2.7,1270.91,AS-JIA-01
1997-02-05,4.5,1428.85,AS-JIA-01
1997-02-06,4.0,1647.83,AS-JIA-01
1997-02-07,1.0,1818.31,AS-JIA-01
1997-02-08,1.8,1826.26,AS-JIA-01
1997-02-09,2.9,1716.53,AS-JIA-01
1997-02-10,3.3,1625.24,AS-JIA-01
1997-02-11,0.1,1602.81,AS-JIA-01
1997-02-12,0.0,1558.42,AS-JIA-01
1997-02-13,0.0,1529.16,AS-JIA-01
1997-02-14,0.3,1587.95,AS-JIA-01
1997-02-15,1.1,1794.54,AS-JIA-01
1997-02-16,0.0,2284.27,AS-JIA-01
1997-02-17,0.0,3219.69,AS-JIA-01
1997-02-18,0.7,3836.94,AS-JIA-01
1997-02-19,2.8,3811.8,AS-JIA-01
1997-02-20,1.4,3507.22,AS-JIA-01
1997-02-21,0.7,3186.28,AS-JIA-01
1997-02-22,1.3,3011.97,AS-JIA-01
1997-02-23,1.2,2854.28,AS-JIA-01
1997-02-24,0.0,2662.19,AS-JIA-01
1997-02-25,0.0,2478.34,AS-JIA-01
1997-02-26,0.3,2320.51,AS-JIA-01
1997-02-27,3.2,2266.27,AS-JIA-01
1997-02-28,6.0,2239.43,AS-JIA-01
1997-03-01,0.0,2248.35,AS-JIA-01
1997-03-02,0.0,2284.27,AS-JIA-01
1997-03-03,0.8,2284.27,AS-JIA-01
1997-03-04,0.0,2293.29,AS-JIA-01
1997-03-05,0.1,2431.28,AS-JIA-01
1997-03-06,0.0,2752.14,AS-JIA-01
1997-03-07,0.0,2874.99,AS-JIA-01
1997-03-08,0.0,2701.94,AS-JIA-01
1997-03-09,0.0,2506.83,AS-JIA-01
1997-03-10,2.0,2384.75,AS-JIA-01
1997-03-11,0.0,2394.01,AS-JIA-01
1997-03-12,0.0,2642.46,AS-JIA-01
1997-03-13,3.2,3230.87,AS-JIA-01
1997-03-14,28.2,4406.24,AS-JIA-01
1997-03-15,10.1,6494.97,AS-JIA-01
1997-03-16,19.2,8717.98,AS-JIA-01
1997-03-17,2.4,9821.64,AS-JIA-01
1997-03-18,1.4,10416.85,AS-JIA-01
1997-03-19,3.5,10416.85,AS-JIA-01
1997-03-20,0.4,11189.77,AS-JIA-01
1997-03-21,0.1,12920.98,AS-JIA-01
1997-03-22,3.7,14069.96,AS-JIA-01
1997-03-23,2.5,13818.89,AS-JIA-01
1997-03-24,3.4,13997.82,AS-JIA-01
1997-03-25,8.7,13363.21,AS-JIA-01
1997-03-26,4.1,11794.08,AS-JIA-01
1997-03-27,0.0,10306.38,AS-JIA-01
1997-03-28,0.0,9230.81,AS-JIA-01
1997-03-29,7.6,8694.17,AS-JIA-01
1997-03-30,14.0,8646.73,AS-JIA-01
1997-03-31,4.2,8717.98,AS-JIA-01
1997-04-01,2.6,8670.43,AS-JIA-01
1997-04-02,10.6,8599.5,AS-JIA-01
1997-04-03,1.2,8529.06,AS-JIA-01
1997-04-04,5.7,8412.74,AS-JIA-01
1997-04-05,4.5,8435.9,AS-JIA-01
1997-04-06,2.8,8813.77,AS-JIA-01
1997-04-07,14.9,9331.32,AS-JIA-01
1997-04-08,1.8,9156.01,AS-JIA-01
1997-04-09,0.0,8366.58,AS-JIA-01
1997-04-10,0.7,7634.91,AS-JIA-01
1997-04-11,1.0,7076.27,AS-JIA-01
1997-04-12,0.5,6665.16,AS-JIA-01
1997-04-13,0.0,6309.96,AS-JIA-01
1997-04-14,0.8,5987.47,AS-JIA-01
1997-04-15,4.9,5745.73,AS-JIA-01
1997-04-16,4.1,5594.4,AS-JIA-01
1997-04-17,2.9,5779.8,AS-JIA-01
1997-04-18,8.4,6838.92,AS-JIA-01
1997-04-19,6.0,8161.49,AS-JIA-01
1997-04-20,3.7,8320.64,AS-JIA-01
1997-04-21,8.6,7444.83,AS-JIA-01
1997-04-22,3.3,6627.04,AS-JIA-01
1997-04-23,5.5,6075.71,AS-JIA-01
1997-04-24,0.0,5661.28,AS-JIA-01
1997-04-25,1.0,5332.98,AS-JIA-01
1997-04-26,5.4,5050.17,AS-JIA-01
1997-04-27,0.6,4808.43,AS-JIA-01
1997-04-28,0.4,4575.44,AS-JIA-01
1997-04-29,0.0,4406.24,AS-JIA-01
1997-04-30,0.3,4255.2,AS-JIA-01
1997-05-01,0.0,4094.73,AS-JIA-01
1997-05-02,4.6,4003.15,AS-JIA-01
1997-05-03,21.6,4462.12,AS-JIA-01
1997-05-04,16.7,5112.0,AS-JIA-01
1997-05-05,5.2,5728.76,AS-JIA-01
1997-05-06,4.7,6589.09,AS-JIA-01
1997-05-07,19.7,7382.34,AS-JIA-01
1997-05-08,1.4,7571.11,AS-JIA-01
1997-05-09,5.5,7982.72,AS-JIA-01
1997-05-10,17.0,9331.32,AS-JIA-01
1997-05-11,2.7,10169.71,AS-JIA-01
1997-05-12,2.2,9638.5,AS-JIA-01
1997-05-13,1.9,8599.5,AS-JIA-01
1997-05-14,5.3,7938.54,AS-JIA-01
1997-05-15,6.8,7807.22,AS-JIA-01
1997-05-16,8.4,8575.97,AS-JIA-01
1997-05-17,5.9,11189.77,AS-JIA-01
1997-05-18,0.7,13055.65,AS-JIA-01
1997-05-19,17.5,12330.09,AS-JIA-01
1997-05-20,10.6,12820.78,AS-JIA-01
1997-05-21,20.3,16272.31,AS-JIA-01
1997-05-22,20.0,19501.0,AS-JIA-01
1997-05-23,16.8,19452.37,AS-JIA-01
1997-05-24,8.8,17464.73,AS-JIA-01
1997-05-25,6.0,16563.25,AS-JIA-01
1997-05-26,8.0,16067.34,AS-JIA-01
1997-05-27,7.9,14923.99,AS-JIA-01
1997-05-28,0.3,13501.98,AS-JIA-01
1997-05-29,13.2,12655.34,AS-JIA-01
1997-05-30,26.1,12524.33,AS-JIA-01
1997-05-31,6.1,12988.14,AS-JIA-01
1997-06-01,13.8,14734.47,AS-JIA-01
1997-06-02,22.6,18318.77,AS-JIA-01
1997-06-03,8.2,19452.37,AS-JIA-01
1997-06-04,6.7,18972.42,AS-JIA-01
1997-06-05,13.8,19115.25,AS-JIA-01
1997-06-06,24.0,20701.77,AS-JIA-01
1997-06-07,54.6,22299.14,AS-JIA-01
1997-06-08,17.2,24188.5,AS-JIA-01
1997-06-09,20.4,28357.35,AS-JIA-01
1997-06-10,28.6,31402.53,AS-JIA-01
1997-06-11,19.2,31478.68,AS-JIA-01
1997-06-12,34.6,32721.34,AS-JIA-01
1997-06-13,6.7,30650.57,AS-JIA-01
1997-06-14,4.0,28219.54,AS-JIA-01
1997-06-15,62.6,26744.98,AS-JIA-01
1997-06-16,30.6,29698.53,AS-JIA-01
1997-06-17,40.8,34673.24,AS-JIA-01
1997-06-18,6.9,34010.58,AS-JIA-01
1997-06-19,0.1,30207.63,AS-JIA-01
1997-06-20,6.5,27139.76,AS-JIA-01
1997-06-21,16.8,26355.61,AS-JIA-01
1997-06-22,1.4,26875.95,AS-JIA-01
1997-06-23,2.4,26549.64,AS-JIA-01
1997-06-24,15.7,26679.71,AS-JIA-01
1997-06-25,5.8,27206.08,AS-JIA-01
1997-06-26,26.5,28495.77,AS-JIA-01
1997-06-27,18.2,29554.55,AS-JIA-01
1997-06-28,7.6,31402.53,AS-JIA-01
1997-06-29,5.8,33683.79,AS-JIA-01
1997-06-30,35.8,34010.58,AS-JIA-01
1997-07-01,26.1,34257.67,AS-JIA-01
1997-07-02,20.4,36035.77,AS-JIA-01
1997-07-03,2.9,37002.02,AS-JIA-01
1997-07-04,14.6,36647.84,AS-JIA-01
1997-07-05,29.6,36824.53,AS-JIA-01
1997-07-06,39.7,38544.35,AS-JIA-01
1997-07-07,23.2,42623.92,AS-JIA-01
1997-07-08,23.0,50006.44,AS-JIA-01
1997-07-09,125.8,57113.4,AS-JIA-01
1997-07-10,133.2,53955.01,AS-JIA-01
1997-07-11,17.4,45462.69,AS-JIA-01
1997-07-12,10.9,39480.23,AS-JIA-01
1997-07-13,7.5,38084.44,AS-JIA-01
1997-07-14,13.8,37811.05,AS-JIA-01
1997-07-15,13.6,36122.61,AS-JIA-01
1997-07-16,14.0,34589.74,AS-JIA-01
1997-07-17,18.5,33360.03,AS-JIA-01
1997-07-18,19.0,32406.36,AS-JIA-01
1997-07-19,10.6,30724.99,AS-JIA-01
1997-07-20,4.2,28985.32,AS-JIA-01
1997-07-21,2.2,27339.18,AS-JIA-01
1997-07-22,5.0,25844.77,AS-JIA-01
1997-07-23,6.4,24608.07,AS-JIA-01
1997-07-24,9.3,23775.65,AS-JIA-01
1997-07-25,7.1,22800.26,AS-JIA-01
1997-07-26,11.6,22079.72,AS-JIA-01
1997-07-27,3.1,21754.37,AS-JIA-01
1997-07-28,5.5,21380.43,AS-JIA-01
1997-07-29,7.5,21117.0,AS-JIA-01
1997-07-30,30.5,21327.5,AS-JIA-01
1997-07-31,4.0,21012.47,AS-JIA-01
1997-08-01,23.4,19943.52,AS-JIA-01
1997-08-02,4.4,19211.02,AS-JIA-01
1997-08-03,11.1,18736.55,AS-JIA-01
1997-08-04,4.1,18410.86,AS-JIA-01
1997-08-05,23.0,18318.77,AS-JIA-01
1997-08-06,11.0,17864.62,AS-JIA-01
1997-08-07,3.4,17116.15,AS-JIA-01
1997-08-08,4.6,16773.93,AS-JIA-01
1997-08-09,24.9,17954.63,AS-JIA-01
1997-08-10,53.3,23717.22,AS-JIA-01
1997-08-11,12.5,26941.67,AS-JIA-01
1997-08-12,13.6,25219.28,AS-JIA-01
1997-08-13,15.0,23658.89,AS-JIA-01
1997-08-14,18.8,22134.38,AS-JIA-01
1997-08-15,13.6,20650.4,AS-JIA-01
1997-08-16,12.1,19549.72,AS-JIA-01
1997-08-17,3.8,18830.56,AS-JIA-01
1997-08-18,0.0,17909.55,AS-JIA-01
1997-08-19,4.0,17030.0,AS-JIA-01
1997-08-20,1.9,16231.11,AS-JIA-01
1997-08-21,0.2,15466.44,AS-JIA-01
1997-08-22,0.8,14696.84,AS-JIA-01
1997-08-23,1.0,13925.99,AS-JIA-01
1997-08-24,0.0,13191.55,AS-JIA-01
1997-08-25,0.2,12524.33,AS-JIA-01
1997-08-26,0.0,11856.06,AS-JIA-01
1997-08-27,6.1,11248.95,AS-JIA-01
1997-08-28,34.2,11130.85,AS-JIA-01
1997-08-29,23.8,11887.16,AS-JIA-01
1997-08-30,40.6,12787.54,AS-JIA-01
1997-08-31,21.7,13501.98,AS-JIA-01
1997-09-01,6.6,13571.84,AS-JIA-01
1997-09-02,8.7,13191.55,AS-JIA-01
1997-09-03,7.6,12988.14,AS-JIA-01
1997-09-04,8.2,12988.14,AS-JIA-01
1997-09-05,6.4,13123.45,AS-JIA-01
1997-09-06,10.7,13191.55,AS-JIA-01
1997-09-07,5.0,12459.29,AS-JIA-01
1997-09-08,7.3,11763.19,AS-JIA-01
1997-09-09,5.8,11579.4,AS-JIA-01
1997-09-10,7.8,11549.01,AS-JIA-01
1997-09-11,10.7,11825.04,AS-JIA-01
1997-09-12,14.9,12556.97,AS-JIA-01
1997-09-13,13.6,14142.44,AS-JIA-01
1997-09-14,19.4,16437.97,AS-JIA-01
1997-09-15,19.9,18045.03,AS-JIA-01
1997-09-16,24.6,18227.09,AS-JIA-01
1997-09-17,24.9,18364.77,AS-JIA-01
1997-09-18,9.5,19549.72,AS-JIA-01
1997-09-19,19.3,25655.59,AS-JIA-01
1997-09-20,4.5,27472.93,AS-JIA-01
1997-09-21,0.3,23083.19,AS-JIA-01
1997-09-22,16.7,19598.55,AS-JIA-01
1997-09-23,38.9,18972.42,AS-JIA-01
1997-09-24,9.4,20701.77,AS-JIA-01
1997-09-25,2.2,21754.37,AS-JIA-01
1997-09-26,3.5,20395.32,AS-JIA-01
1997-09-27,8.3,19019.92,AS-JIA-01
1997-09-28,6.1,19163.09,AS-JIA-01
1997-09-29,19.4,20243.69,AS-JIA-01
1997-09-30,10.6,23083.19,AS-JIA-01
1997-10-01,5.2,23658.89,AS-JIA-01
1997-10-02,2.1,21222.02,AS-JIA-01
1997-10-03,0.0,18549.81,AS-JIA-01
1997-10-04,0.0,16647.23,AS-JIA-01
1997-10-05,0.0,15270.69,AS-JIA-01
1997-10-06,0.0,14142.44,AS-JIA-01
1997-10-07,0.0,13225.72,AS-JIA-01
1997-10-08,3.8,12491.78,AS-JIA-01
1997-10-09,7.7,11980.88,AS-JIA-01
1997-10-10,8.1,11887.16,AS-JIA-01
1997-10-11,0.8,11549.01,AS-JIA-01
1997-10-12,0.1,11042.99,AS-JIA-01
1997-10-13,0.0,10472.47,AS-JIA-01
1997-10-14,0.0,9901.05,AS-JIA-01
1997-10-15,0.0,9331.32,AS-JIA-01
1997-10-16,0.0,8813.77,AS-JIA-01
1997-10-17,0.0,8320.64,AS-JIA-01
1997-10-18,0.0,7872.65,AS-JIA-01
1997-10-19,0.0,7444.83,AS-JIA-01
1997-10-20,0.0,7076.27,AS-JIA-01
1997-10-21,0.0,6722.69,AS-JIA-01
1997-10-22,0.2,6365.02,AS-JIA-01
1997-10-23,0.0,6057.99,AS-JIA-01
1997-10-24,0.2,5745.73,AS-JIA-01
1997-10-25,0.8,5462.49,AS-JIA-01
1997-10-26,0.0,5205.83,AS-JIA-01
1997-10-27,0.0,4973.67,AS-JIA-01
1997-10-28,0.0,4749.37,AS-JIA-01
1997-10-29,0.0,4518.52,AS-JIA-01
1997-10-30,0.0,4268.78,AS-JIA-01
1997-10-31,0.0,4042.22,AS-JIA-01
1997-11-01,0.0,3836.94,AS-JIA-01
1997-11-02,0.0,3651.24,AS-JIA-01
1997-11-03,0.0,3471.84,AS-JIA-01
1997-11-04,0.0,3298.54,AS-JIA-01
1997-11-05,0.0,3131.12,AS-JIA-01
1997-11-06,0.0,2958.8,AS-JIA-01
1997-11-07,0.0,2792.71,AS-JIA-01
1997-11-08,0.4,2662.19,AS-JIA-01
1997-11-09,1.0,2593.52,AS-JIA-01
1997-11-10,1.5,2711.93,AS-JIA-01
1997-11-11,0.5,2823.39,AS-JIA-01
1997-11-12,0.2,3022.67,AS-JIA-01
1997-11-13,0.5,3309.9,AS-JIA-01
1997-11-14,0.0,3321.3,AS-JIA-01
1997-11-15,0.0,3109.23,AS-JIA-01
1997-11-16,0.0,2864.62,AS-JIA-01
1997-11-17,0.0,2652.31,AS-JIA-01
1997-11-18,0.0,2468.88,AS-JIA-01
1997-11-19,0.0,2329.62,AS-JIA-01
1997-11-20,0.0,2239.43,AS-JIA-01
1997-11-21,0.0,2177.51,AS-JIA-01
1997-11-22,0.0,2142.57,AS-JIA-01
1997-11-23,0.0,2160.0,AS-JIA-01
1997-11-24,0.1,2160.0,AS-JIA-01
1997-11-25,0.2,2133.88,AS-JIA-01
1997-11-26,3.8,2195.1,AS-JIA-01
1997-11-27,1.7,2384.75,AS-JIA-01
1997-11-28,0.8,2564.42,AS-JIA-01
1997-11-29,0.0,2885.38,AS-JIA-01
1997-11-30,0.0,2958.8,AS-JIA-01
1997-12-01,1.0,2752.14,AS-JIA-01
1997-12-02,0.3,2525.94,AS-JIA-01
1997-12-03,0.0,2357.09,AS-JIA-01
1997-12-04,0.0,2257.3,AS-JIA-01
1997-12-05,0.0,2177.51,AS-JIA-01
1997-12-06,0.0,2090.77,AS-JIA-01
1997-12-07,0.0,2006.0,AS-JIA-01
1997-12-08,0.0,1931.37,AS-JIA-01
1997-12-09,0.0,1842.23,AS-JIA-01
1997-12-10,12.7,1786.67,AS-JIA-01
1997-12-11,0.0,1778.79,AS-JIA-01
1997-12-12,0.0,1786.67,AS-JIA-01
1997-12-13,0.0,1818.31,AS-JIA-01
1997-12-14,8.3,1834.23,AS-JIA-01
1997-12-15,0.6,1834.23,AS-JIA-01
1997-12-16,0.0,1826.26,AS-JIA-01
1997-12-17,0.0,1826.26,AS-JIA-01
1997-12-18,0.0,1778.79,AS-JIA-01
1997-12-19,0.0,1685.81,AS-JIA-01
1997-12-20,0.0,1580.54,AS-JIA-01
1997-12-21,0.0,1485.77,AS-JIA-01
1997-12-22,0.0,1393.8,AS-JIA-01
1997-12-23,0.0,1297.78,AS-JIA-01
1997-12-24,0.0,1224.48,AS-JIA-01
1997-12-25,0.0,1159.44,AS-JIA-01
1997-12-26,0.0,1095.88,AS-JIA-01
1997-12-27,0.0,1046.06,AS-JIA-01
1997-12-28,0.0,1039.91,AS-JIA-01
1997-12-29,0.0,1027.62,AS-JIA-01
1997-12-30,0.0,1021.51,AS-JIA-01
1997-12-31,0.0,1039.91,AS-JIA-01
1998-01-01,0.0,1033.76,AS-JIA-01
1998-01-02,0.0,1027.62,AS-JIA-01
1998-01-03,0.0,1021.51,AS-JIA-01
1998-01-04,0.0,997.17,AS-JIA-01
1998-01-05,0.0,949.17,AS-JIA-01
1998-01-06,0.0,907.87,AS-JIA-01
1998-01-07,0.0,861.5,AS-JIA-01
1998-01-08,0.0,815.97,AS-JIA-01
1998-01-09,0.0,776.82,AS-JIA-01
1998-01-10,0.0,743.76,AS-JIA-01
1998-01-11,0.0,711.14,AS-JIA-01
1998-01-12,0.6,727.39,AS-JIA-01
1998-01-13,10.3,832.94,AS-JIA-01
1998-01-14,2.6,884.58,AS-JIA-01
1998-01-15,4.8,979.06,AS-JIA-01
1998-01-16,8.7,1224.48,AS-JIA-01
1998-01-17,2.3,1435.9,AS-JIA-01
1998-01-18,0.8,1551.08,AS-JIA-01
1998-01-19,0.0,1602.81,AS-JIA-01
1998-01-20,0.0,1602.81,AS-JIA-01
1998-01-21,0.0,1587.95,AS-JIA-01
1998-01-22,0.0,1507.39,AS-JIA-01
1998-01-23,0.0,1400.78,AS-JIA-01
1998-01-24,0.0,1311.31,AS-JIA-01
1998-01-25,0.0,1237.67,AS-JIA-01
1998-01-26,0.0,1178.8,AS-JIA-01
1998-01-27,0.0,1121.13,AS-JIA-01
1998-01-28,0.3,1064.64,AS-JIA-01
1998-01-29,0.0,1015.4,AS-JIA-01
1998-01-30,0.9,973.06,AS-JIA-01
1998-01-31,0.0,949.17,AS-JIA-01
1998-02-01,0.0,949.17,AS-JIA-01
1998-02-02,0.0,961.08,AS-JIA-01
1998-02-03,0.0,1015.4,AS-JIA-01
1998-02-04,0.3,1159.44,AS-JIA-01
1998-02-05,0.2,1536.45,AS-JIA-01
1998-02-06,0.0,2125.23,AS-JIA-01
1998-02-07,0.0,2221.63,AS-JIA-01
1998-02-08,0.0,1923.17,AS-JIA-01
1998-02-09,0.0,1625.24,AS-JIA-01
1998-02-10,0.0,1400.78,AS-JIA-01
1998-02-11,0.0,1237.67,AS-JIA-01
1998-02-12,0.0,1108.47,AS-JIA-01
1998-02-13,0.0,1003.23,AS-JIA-01
1998-02-14,0.0,919.6,AS-JIA-01
1998-02-15,0.2,979.06,AS-JIA-01
1998-02-16,1.2,1033.76,AS-JIA-01
1998-02-17,7.5,1172.33,AS-JIA-01
1998-02-18,10.4,1331.72,AS-JIA-01
1998-02-19,3.1,1617.75,AS-JIA-01
1998-02-20,3.0,2230.51,AS-JIA-01
1998-02-21,0.5,2895.8,AS-JIA-01
1998-02-22,0.0,3001.29,AS-JIA-01
1998-02-23,0.0,2721.95,AS-JIA-01
1998-02-24,0.0,2440.64,AS-JIA-01
1998-02-25,1.0,2257.3,AS-JIA-01
1998-02-26,3.2,2212.77,AS-JIA-01
1998-02-27,1.9,2248.35,AS-JIA-01
1998-02-28,0.0,2525.94,AS-JIA-01
1998-03-01,0.0,2752.14,AS-JIA-01
1998-03-02,0.0,2642.46,AS-JIA-01
1998-03-03,0.0,2497.31,AS-JIA-01
1998-03-04,0.0,2375.51,AS-JIA-01
1998-03-05,0.0,2257.3,AS-JIA-01
1998-03-06,0.5,2221.63,AS-JIA-01
1998-03-07,4.8,2497.31,AS-JIA-01
1998-03-08,0.2,4406.24,AS-JIA-01
1998-03-09,0.0,6365.02,AS-JIA-01
1998-03-10,0.0,5745.73,AS-JIA-01
1998-03-11,0.0,4764.08,AS-JIA-01
1998-03-12,0.0,4107.93,AS-JIA-01
1998-03-13,0.3,3737.1,AS-JIA-01
1998-03-14,0.4,3566.75,AS-JIA-01
1998-03-15,0.0,3774.32,AS-JIA-01
1998-03-16,0.0,4282.38,AS-JIA-01
1998-03-17,0.0,4255.2,AS-JIA-01
1998-03-18,0.0,3862.18,AS-JIA-01
1998-03-19,0.2,3590.76,AS-JIA-01
1998-03-20,0.7,3824.35,AS-JIA-01
1998-03-21,4.2,4214.66,AS-JIA-01
1998-03-22,21.7,4734.69,AS-JIA-01
1998-03-23,33.6,6897.65,AS-JIA-01
1998-03-24,7.4,11072.21,AS-JIA-01
1998-03-25,6.0,13818.89,AS-JIA-01
1998-03-26,2.8,13089.5,AS-JIA-01
1998-03-27,0.0,10811.63,AS-JIA-01
1998-03-28,0.0,8813.77,AS-JIA-01
1998-03-29,0.2,7486.73,AS-JIA-01
1998-03-30,16.5,6819.44,AS-JIA-01
1998-03-31,0.9,6589.09,AS-JIA-01
1998-04-01,0.0,6532.48,AS-JIA-01
1998-04-02,0.0,6147.04,AS-JIA-01
1998-04-03,0.0,5627.76,AS-JIA-01
1998-04-04,0.2,5158.75,AS-JIA-01
1998-04-05,7.4,4898.04,AS-JIA-01
1998-04-06,1.6,4705.44,AS-JIA-01
1998-04-07,0.0,4476.17,AS-JIA-01
1998-04-08,6.7,4364.67,AS-JIA-01
1998-04-09,22.8,5365.13,AS-JIA-01
1998-04-10,9.5,7217.79,AS-JIA-01
1998-04-11,1.8,8343.58,AS-JIA-01
1998-04-12,3.5,8694.17,AS-JIA-01
1998-04-13,0.0,9407.33,AS-JIA-01
1998-04-14,0.0,10984.75,AS-JIA-01
1998-04-15,3.3,10811.63,AS-JIA-01
1998-04-16,0.2,9432.77,AS-JIA-01
1998-04-17,0.2,8161.49,AS-JIA-01
1998-04-18,0.0,7320.28,AS-JIA-01
1998-04-19,2.6,6703.47,AS-JIA-01
1998-04-20,5.2,6255.28,AS-JIA-01
1998-04-21,2.0,6164.98,AS-JIA-01
1998-04-22,5.1,6494.97,AS-JIA-01
1998-04-23,0.2,6937.02,AS-JIA-01
1998-04-24,0.4,6589.09,AS-JIA-01
1998-04-25,4.4,6093.49,AS-JIA-01
1998-04-26,7.2,5745.73,AS-JIA-01
1998-04-27,9.8,5661.28,AS-JIA-01
1998-04-28,12.9,5831.18,AS-JIA-01
1998-04-29,9.0,6551.3,AS-JIA-01
1998-04-30,15.3,8717.98,AS-JIA-01
1998-05-01,7.3,10224.19,AS-JIA-01
1998-05-02,10.6,9032.51,AS-JIA-01
1998-05-03,0.9,7807.22,AS-JIA-01
1998-05-04,4.1,7056.24,AS-JIA-01
1998-05-05,8.8,6780.6,AS-JIA-01
1998-05-06,5.0,6917.31,AS-JIA-01
1998-05-07,4.2,7258.64,AS-JIA-01
1998-05-08,9.7,8138.97,AS-JIA-01
1998-05-09,14.2,10926.76,AS-JIA-01
1998-05-10,8.7,14178.8,AS-JIA-01
1998-05-11,3.1,15000.43,AS-JIA-01
1998-05-12,1.9,14847.92,AS-JIA-01
1998-05-13,0.0,13328.73,AS-JIA-01
1998-05-14,0.6,11130.85,AS-JIA-01
1998-05-15,2.3,9716.64,AS-JIA-01
1998-05-16,0.5,8934.74,AS-JIA-01
1998-05-17,0.0,8412.74,AS-JIA-01
1998-05-18,1.5,8161.49,AS-JIA-01
1998-05-19,0.0,8094.06,AS-JIA-01
1998-05-20,5.1,8366.58,AS-JIA-01
1998-05-21,1.8,10007.77,AS-JIA-01
1998-05-22,12.5,12622.49,AS-JIA-01
1998-05-23,23.4,20856.59,AS-JIA-01
1998-05-24,48.1,32249.97,AS-JIA-01
1998-05-25,8.1,27607.27,AS-JIA-01
1998-05-26,2.4,20143.18,AS-JIA-01
1998-05-27,5.6,16521.4,AS-JIA-01
1998-05-28,0.5,14962.17,AS-JIA-01
1998-05-29,9.7,14251.8,AS-JIA-01
1998-05-30,17.3,15945.49,AS-JIA-01
1998-05-31,17.5,22913.03,AS-JIA-01
1998-06-01,12.8,23254.5,AS-JIA-01
1998-06-02,19.8,21593.38,AS-JIA-01
1998-06-03,16.7,21646.91,AS-JIA-01
1998-06-04,34.8,22079.72,AS-JIA-01
1998-06-05,23.4,24188.5,AS-JIA-01
1998-06-06,49.0,31175.13,AS-JIA-01
1998-06-07,51.2,38451.96,AS-JIA-01
1998-06-08,61.2,40632.03,AS-JIA-01
1998-06-09,37.7,40827.15,AS-JIA-01
1998-06-10,54.5,38636.96,AS-JIA-01
1998-06-11,58.2,37449.4,AS-JIA-01
1998-06-12,26.9,36296.87,AS-JIA-01
1998-06-13,3.1,35776.44,AS-JIA-01
1998-06-14,3.2,34010.58,AS-JIA-01
1998-06-15,2.5,31024.37,AS-JIA-01
1998-06-16,5.7,29482.82,AS-JIA-01
1998-06-17,9.3,31478.68,AS-JIA-01
1998-06-18,18.3,36296.87,AS-JIA-01
1998-06-19,16.0,37180.38,AS-JIA-01
1998-06-20,11.1,36384.3,AS-JIA-01
1998-06-21,22.2,36559.8,AS-JIA-01
1998-06-22,25.9,37359.52,AS-JIA-01
1998-06-23,29.6,39009.59,AS-JIA-01
1998-06-24,36.9,40632.03,AS-JIA-01
1998-06-25,31.4,41417.83,AS-JIA-01
1998-06-26,14.8,40632.03,AS-JIA-01
1998-06-27,21.7,39103.28,AS-JIA-01
1998-06-28,25.7,40437.86,AS-JIA-01
1998-06-29,22.9,44073.82,AS-JIA-01
1998-06-30,12.9,44603.11,AS-JIA-01
1998-07-01,12.9,43550.67,AS-JIA-01
1998-07-02,18.3,40925.02,AS-JIA-01
1998-07-03,22.8,39103.28,AS-JIA-01
1998-07-04,41.3,39860.62,AS-JIA-01
1998-07-05,29.4,42218.2,AS-JIA-01
1998-07-06,9.4,44496.77,AS-JIA-01
1998-07-07,7.6,43863.84,AS-JIA-01
1998-07-08,8.5,42522.14,AS-JIA-01
1998-07-09,16.6,41023.12,AS-JIA-01
1998-07-10,26.8,41220.0,AS-JIA-01
1998-07-11,47.0,45354.38,AS-JIA-01
1998-07-12,16.6,45030.94,AS-JIA-01
1998-07-13,11.5,40148.26,AS-JIA-01
1998-07-14,11.8,36824.53,AS-JIA-01
1998-07-15,24.8,35518.93,AS-JIA-01
1998-07-16,24.6,35862.67,AS-JIA-01
1998-07-17,49.6,36559.8,AS-JIA-01
1998-07-18,26.0,37269.85,AS-JIA-01
1998-07-19,16.0,37993.09,AS-JIA-01
1998-07-20,12.0,38359.77,AS-JIA-01
1998-07-21,19.6,38451.96,AS-JIA-01
1998-07-22,18.7,38636.96,AS-JIA-01
1998-07-23,13.9,40632.03,AS-JIA-01
1998-07-24,17.4,42930.72,AS-JIA-01
1998-07-25,5.8,43759.21,AS-JIA-01
1998-07-26,3.1,42522.14,AS-JIA-01
1998-07-27,3.6,39385.64,AS-JIA-01
1998-07-28,13.2,35949.15,AS-JIA-01
1998-07-29,25.4,33928.61,AS-JIA-01
1998-07-30,9.2,33360.03,AS-JIA-01
1998-07-31,5.4,33683.79,AS-JIA-01
1998-08-01,7.7,36122.61,AS-JIA-01
1998-08-02,15.6,42117.35,AS-JIA-01
1998-08-03,12.6,43654.81,AS-JIA-01
1998-08-04,7.9,41517.07,AS-JIA-01
1998-08-05,11.4,38729.79,AS-JIA-01
1998-08-06,13.8,35690.41,AS-JIA-01
1998-08-07,12.7,33928.61,AS-JIA-01
1998-08-08,16.0,34924.92,AS-JIA-01
1998-08-09,15.2,36913.17,AS-JIA-01
1998-08-10,14.5,36736.08,AS-JIA-01
1998-08-11,22.0,37629.79,AS-JIA-01
1998-08-12,31.5,39197.18,AS-JIA-01
1998-08-13,11.7,39385.64,AS-JIA-01
1998-08-14,33.4,38544.35,AS-JIA-01
1998-08-15,8.6,38636.96,AS-JIA-01
1998-08-16,15.2,40534.83,AS-JIA-01
1998-08-17,51.7,41417.83,AS-JIA-01
1998-08-18,20.1,39197.18,AS-JIA-01
1998-08-19,22.0,37811.05,AS-JIA-01
1998-08-20,25.5,38267.8,AS-JIA-01
1998-08-21,2.2,36035.77,AS-JIA-01
1998-08-22,13.2,33039.19,AS-JIA-01
1998-08-23,9.6,31402.53,AS-JIA-01
1998-08-24,7.3,30799.57,AS-JIA-01
1998-08-25,12.3,31555.01,AS-JIA-01
1998-08-26,9.4,32172.05,AS-JIA-01
1998-08-27,6.9,32016.7,AS-JIA-01
1998-08-28,9.1,32879.89,AS-JIA-01
1998-08-29,20.6,36209.63,AS-JIA-01
1998-08-30,21.5,42725.98,AS-JIA-01
1998-08-31,27.6,46448.88,AS-JIA-01
1998-09-01,67.0,48947.28,AS-JIA-01
1998-09-02,22.9,50724.76,AS-JIA-01
1998-09-03,9.9,51575.56,AS-JIA-01
1998-09-04,12.3,50604.35,AS-JIA-01
1998-09-05,22.2,46338.3,AS-JIA-01
1998-09-06,0.9,40632.03,AS-JIA-01
1998-09-07,0.0,36035.77,AS-JIA-01
1998-09-08,0.0,32879.89,AS-JIA-01
1998-09-09,2.1,30502.22,AS-JIA-01
1998-09-10,8.5,28634.83,AS-JIA-01
1998-09-11,11.7,27339.18,AS-JIA-01
1998-09-12,4.9,26162.96,AS-JIA-01
1998-09-13,8.1,25034.45,AS-JIA-01
1998-09-14,0.6,23834.21,AS-JIA-01
1998-09-15,0.0,22632.07,AS-JIA-01
1998-09-16,0.7,21486.67,AS-JIA-01
1998-09-17,4.7,20446.09,AS-JIA-01
1998-09-18,7.4,19647.48,AS-JIA-01
1998-09-19,12.0,19019.92,AS-JIA-01
1998-09-20,19.0,19115.25,AS-JIA-01
1998-09-21,6.3,19211.02,AS-JIA-01
1998-09-22,2.6,19259.07,AS-JIA-01
1998-09-23,5.3,19211.02,AS-JIA-01
1998-09-24,6.9,19019.92,AS-JIA-01
1998-09-25,0.7,18318.77,AS-JIA-01
1998-09-26,1.8,17376.99,AS-JIA-01
1998-09-27,4.3,16396.41,AS-JIA-01
1998-09-28,3.9,15664.43,AS-JIA-01
1998-09-29,0.0,15038.76,AS-JIA-01
1998-09-30,0.6,14325.11,AS-JIA-01
1998-10-01,1.9,13536.87,AS-JIA-01
1998-10-02,0.1,12854.11,AS-JIA-01
1998-10-03,0.2,12330.09,AS-JIA-01
1998-10-04,0.1,11856.06,AS-JIA-01
1998-10-05,0.0,11398.12,AS-JIA-01
1998-10-06,0.0,10897.89,AS-JIA-01
1998-10-07,0.0,10361.48,AS-JIA-01
1998-10-08,0.0,9848.05,AS-JIA-01
1998-10-09,0.0,9356.59,AS-JIA-01
1998-10-10,0.1,8934.74,AS-JIA-01
1998-10-11,0.0,8694.17,AS-JIA-01
1998-10-12,0.0,8505.68,AS-JIA-01
1998-10-13,0.0,8229.39,AS-JIA-01
1998-10-14,0.2,8049.38,AS-JIA-01
1998-10-15,1.7,7872.65,AS-JIA-01
1998-10-16,6.2,7634.91,AS-JIA-01
1998-10-17,4.1,7486.73,AS-JIA-01
1998-10-18,20.6,7916.52,AS-JIA-01
1998-10-19,16.7,10196.91,AS-JIA-01
1998-10-20,32.4,19501.0,AS-JIA-01
1998-10-21,5.3,28704.6,AS-JIA-01
1998-10-22,1.3,29843.14,AS-JIA-01
1998-10-23,2.6,23484.79,AS-JIA-01
1998-10-24,0.1,18272.9,AS-JIA-01
1998-10-25,2.2,15309.66,AS-JIA-01
1998-10-26,3.1,13854.51,AS-JIA-01
1998-10-27,3.8,12988.14,AS-JIA-01
1998-10-28,1.2,12202.09,AS-JIA-01
1998-10-29,0.0,11428.16,AS-JIA-01
1998-10-30,0.0,10669.17,AS-JIA-01
1998-10-31,0.0,10007.77,AS-JIA-01
1998-11-01,0.0,9458.29,AS-JIA-01
1998-11-02,0.0,8934.74,AS-JIA-01
1998-11-03,0.0,8459.11,AS-JIA-01
1998-11-04,0.0,8004.89,AS-JIA-01
1998-11-05,0.0,7549.95,AS-JIA-01
1998-11-06,0.0,7136.64,AS-JIA-01
1998-11-07,0.0,6761.25,AS-JIA-01
1998-11-08,0.0,6420.45,AS-JIA-01
1998-11-09,0.0,6093.49,AS-JIA-01
1998-11-10,0.0,5865.63,AS-JIA-01
1998-11-11,0.0,5611.06,AS-JIA-01
1998-11-12,0.0,5365.13,AS-JIA-01
1998-11-13,0.0,5127.55,AS-JIA-01
1998-11-14,0.0,4868.03,AS-JIA-01
1998-11-15,0.0,4604.09,AS-JIA-01
1998-11-16,0.0,4350.87,AS-JIA-01
1998-11-17,0.0,4121.17,AS-JIA-01
1998-11-18,0.0,3913.04,AS-JIA-01
1998-11-19,0.0,3724.75,AS-JIA-01
1998-11-20,0.0,3554.79,AS-JIA-01
1998-11-21,0.0,3413.41,AS-JIA-01
1998-11-22,4.4,3309.9,AS-JIA-01
1998-11-23,21.0,3862.18,AS-JIA-01
1998-11-24,0.0,5190.11,AS-JIA-01
1998-11-25,0.0,4928.19,AS-JIA-01
1998-11-26,0.0,4476.17,AS-JIA-01
1998-11-27,0.0,4121.17,AS-JIA-01
1998-11-28,0.0,3811.8,AS-JIA-01
1998-11-29,0.0,3519.08,AS-JIA-01
1998-11-30,0.0,3275.88,AS-JIA-01
1998-12-01,0.0,3054.95,AS-JIA-01
1998-12-02,0.0,2874.99,AS-JIA-01
1998-12-03,0.0,2721.95,AS-JIA-01
1998-12-04,0.0,2574.1,AS-JIA-01
1998-12-05,0.0,2450.04,AS-JIA-01
1998-12-06,0.0,2320.51,AS-JIA-01
1998-12-07,0.0,2203.92,AS-JIA-01
1998-12-08,0.0,2090.77,AS-JIA-01
1998-12-09,0.0,1989.29,AS-JIA-01
1998-12-10,0.0,1923.17,AS-JIA-01
1998-12-11,0.0,1858.26,AS-JIA-01
1998-12-12,0.0,1810.37,AS-JIA-01
1998-12-13,0.0,1770.95,AS-JIA-01
1998-12-14,0.0,1701.14,AS-JIA-01
1998-12-15,0.0,1617.75,AS-JIA-01
1998-12-16,0.0,1543.76,AS-JIA-01
1998-12-17,0.0,1464.3,AS-JIA-01
1998-12-18,0.0,1393.8,AS-JIA-01
1998-12-19,0.0,1331.72,AS-JIA-01
1998-12-20,0.0,1270.91,AS-JIA-01
1998-12-21,0.0,1211.35,AS-JIA-01
1998-12-22,0.0,1159.44,AS-JIA-01
1998-12-23,0.0,1114.79,AS-JIA-01
1998-12-24,0.0,1070.86,AS-JIA-01
1998-12-25,0.0,1033.76,AS-JIA-01
1998-12-26,0.0,997.17,AS-JIA-01
1998-12-27,0.0,955.12,AS-JIA-01
1998-12-28,0.0,919.6,AS-JIA-01
1998-12-29,0.0,884.58,AS-JIA-01
1998-12-30,0.0,850.04,AS-JIA-01
1998-12-31,0.0,827.28,AS-JIA-01
1999-01-01,0.0,810.34,AS-JIA-01
1999-01-02,0.0,787.94,AS-JIA-01
1999-01-03,0.0,776.82,AS-JIA-01
1999-01-04,0.0,760.23,AS-JIA-01
1999-01-05,0.0,727.39,AS-JIA-01
1999-01-06,0.0,695.0,AS-JIA-01
1999-01-07,0.0,663.06,AS-JIA-01
1999-01-08,0.0,636.79,AS-JIA-01
1999-01-09,2.3,621.16,AS-JIA-01
1999-01-10,3.8,615.97,AS-JIA-01
1999-01-11,0.0,605.64,AS-JIA-01
1999-01-12,0.0,600.49,AS-JIA-01
1999-01-13,0.0,595.35,AS-JIA-01
1999-01-14,0.0,590.23,AS-JIA-01
1999-01-15,0.0,569.85,AS-JIA-01
1999-01-16,0.0,544.63,AS-JIA-01
1999-01-17,0.0,519.7,AS-JIA-01
1999-01-18,0.0,499.96,AS-JIA-01
1999-01-19,0.0,480.41,AS-JIA-01
1999-01-20,0.0,461.04,AS-JIA-01
1999-01-21,0.0,441.84,AS-JIA-01
1999-01-22,0.0,427.55,AS-JIA-01
1999-01-23,0.0,418.09,AS-JIA-01
1999-01-24,0.0,403.97,AS-JIA-01
1999-01-25,0.0,394.61,AS-JIA-01
1999-01-26,0.0,389.95,AS-JIA-01
1999-01-27,0.0,389.95,AS-JIA-01
1999-01-28,0.0,385.29,AS-JIA-01
1999-01-29,0.0,389.95,AS-JIA-01
1999-01-30,0.2,456.22,AS-JIA-01
1999-01-31,0.0,490.17,AS-JIA-01
1999-02-01,0.0,480.41,AS-JIA-01
1999-02-02,0.0,475.55,AS-JIA-01
1999-02-03,0.0,470.71,AS-JIA-01
1999-02-04,0.0,456.22,AS-JIA-01
1999-02-05,0.0,441.84,AS-JIA-01
1999-02-06,0.0,427.55,AS-JIA-01
1999-02-07,0.0,376.02,AS-JIA-01
1999-02-08,0.0,298.9,AS-JIA-01
1999-02-09,0.0,233.32,AS-JIA-01
1999-02-10,0.0,186.64,AS-JIA-01
1999-02-11,0.0,149.31,AS-JIA-01
1999-02-12,0.0,124.87,AS-JIA-01
1999-02-13,0.0,108.75,AS-JIA-01
1999-02-14,0.0,96.75,AS-JIA-01
1999-02-15,0.0,80.9,AS-JIA-01
1999-02-16,0.0,73.03,AS-JIA-01
1999-02-17,0.0,73.03,AS-JIA-01
1999-02-18,0.0,112.76,AS-JIA-01
1999-02-19,0.0,178.28,AS-JIA-01
1999-02-20,0.0,224.74,AS-JIA-01
1999-02-21,0.0,268.01,AS-JIA-01
1999-02-22,0.0,285.6,AS-JIA-01
1999-02-23,0.0,316.78,AS-JIA-01
1999-02-24,0.0,403.97,AS-JIA-01
1999-02-25,0.0,470.71,AS-JIA-01
1999-02-26,0.0,499.96,AS-JIA-01
1999-02-27,0.0,600.49,AS-JIA-01
1999-02-28,0.0,1052.24,AS-JIA-01
1999-03-01,0.0,1731.99,AS-JIA-01
1999-03-02,0.0,1802.45,AS-JIA-01
1999-03-03,0.0,1529.16,AS-JIA-01
1999-03-04,0.0,1297.78,AS-JIA-01
1999-03-05,0.0,1121.13,AS-JIA-01
1999-03-06,0.0,991.12,AS-JIA-01
1999-03-07,0.0,890.39,AS-JIA-01
1999-03-08,0.0,873.02,AS-JIA-01
1999-03-09,0.0,949.17,AS-JIA-01
1999-03-10,0.0,1070.86,AS-JIA-01
1999-03-11,0.0,1587.95,AS-JIA-01
1999-03-12,0.0,2338.76,AS-JIA-01
1999-03-13,0.0,2478.34,AS-JIA-01
1999-03-14,0.0,2384.75,AS-JIA-01
1999-03-15,0.0,2329.62,AS-JIA-01
1999-03-16,0.0,2142.57,AS-JIA-01
1999-03-17,0.0,1898.69,AS-JIA-01
1999-03-18,0.0,1708.82,AS-JIA-01
1999-03-19,0.0,1573.15,AS-JIA-01
1999-03-20,0.0,1485.77,AS-JIA-01
1999-03-21,0.0,1414.78,AS-JIA-01
1999-03-22,0.0,1338.55,AS-JIA-01
1999-03-23,0.0,1284.32,AS-JIA-01
1999-03-24,0.0,1237.67,AS-JIA-01
1999-03-25,0.2,1198.29,AS-JIA-01
1999-03-26,13.4,1291.04,AS-JIA-01
1999-03-27,13.6,1625.24,AS-JIA-01
1999-03-28,0.9,2603.27,AS-JIA-01
1999-03-29,0.0,3887.55,AS-JIA-01
1999-03-30,0.0,3495.4,AS-JIA-01
1999-03-31,0.0,2772.38,AS-JIA-01
1999-04-01,0.7,2459.44,AS-JIA-01
1999-04-02,1.0,2375.51,AS-JIA-01
1999-04-03,2.7,2662.19,AS-JIA-01
1999-04-04,0.0,4808.43,AS-JIA-01
1999-04-05,4.1,8813.77,AS-JIA-01
1999-04-06,12.1,8861.98,AS-JIA-01
1999-04-07,4.1,8206.7,AS-JIA-01
1999-04-08,0.0,7507.75,AS-JIA-01
1999-04-09,0.8,6182.95,AS-JIA-01
1999-04-10,1.7,5205.83,AS-JIA-01
1999-04-11,0.0,4589.75,AS-JIA-01
1999-04-12,0.0,4201.22,AS-JIA-01
1999-04-13,0.1,3951.47,AS-JIA-01
1999-04-14,3.2,3862.18,AS-JIA-01
1999-04-15,5.7,4241.66,AS-JIA-01
1999-04-16,1.0,5511.67,AS-JIA-01
1999-04-17,0.0,7116.47,AS-JIA-01
1999-04-18,0.0,7096.35,AS-JIA-01
1999-04-19,0.0,5987.47,AS-JIA-01
1999-04-20,0.0,5081.02,AS-JIA-01
1999-04-21,0.0,4504.37,AS-JIA-01
1999-04-22,0.4,4214.66,AS-JIA-01
1999-04-23,7.9,4589.75,AS-JIA-01
1999-04-24,10.2,6200.97,AS-JIA-01
1999-04-25,17.0,8071.7,AS-JIA-01
1999-04-26,12.1,9664.49,AS-JIA-01
1999-04-27,20.3,9560.92,AS-JIA-01
1999-04-28,27.5,9690.52,AS-JIA-01
1999-04-29,44.0,11949.55,AS-JIA-01
1999-04-30,36.3,15077.2,AS-JIA-01
1999-05-01,33.6,18830.56,AS-JIA-01
1999-05-02,42.0,22025.19,AS-JIA-01
1999-05-03,66.2,21754.37,AS-JIA-01
1999-05-04,25.5,18972.42,AS-JIA-01
1999-05-05,31.3,16026.63,AS-JIA-01
1999-05-06,6.6,13677.23,AS-JIA-01
1999-05-07,0.0,12330.09,AS-JIA-01
1999-05-08,1.6,11398.12,AS-JIA-01
1999-05-09,11.7,10754.44,AS-JIA-01
1999-05-10,16.2,10444.63,AS-JIA-01
1999-05-11,3.7,10169.71,AS-JIA-01
1999-05-12,10.4,9874.51,AS-JIA-01
1999-05-13,6.0,9586.72,AS-JIA-01
1999-05-14,12.0,9586.72,AS-JIA-01
1999-05-15,6.7,9981.0,AS-JIA-01
1999-05-16,2.0,10224.19,AS-JIA-01
1999-05-17,0.8,9927.64,AS-JIA-01
1999-05-18,5.0,9255.85,AS-JIA-01
1999-05-19,9.2,8861.98,AS-JIA-01
1999-05-20,0.0,8552.49,AS-JIA-01
1999-05-21,11.3,8343.58,AS-JIA-01
1999-05-22,22.6,9205.81,AS-JIA-01
1999-05-23,28.0,12297.97,AS-JIA-01
1999-05-24,11.3,14142.44,AS-JIA-01
1999-05-25,20.2,14621.8,AS-JIA-01
1999-05-26,12.1,15154.32,AS-JIA-01
1999-05-27,30.0,15154.32,AS-JIA-01
1999-05-28,25.9,15744.28,AS-JIA-01
1999-05-29,12.6,19067.53,AS-JIA-01
1999-05-30,25.4,23658.89,AS-JIA-01
1999-05-31,11.5,30724.99,AS-JIA-01
1999-06-01,17.1,31402.53,AS-JIA-01
1999-06-02,9.6,28426.48,AS-JIA-01
1999-06-03,5.8,24973.12,AS-JIA-01
1999-06-04,2.1,21169.46,AS-JIA-01
1999-06-05,0.3,18364.77,AS-JIA-01
1999-06-06,0.1,16773.93,AS-JIA-01
1999-06-07,0.2,15986.02,AS-JIA-01
1999-06-08,2.3,15784.33,AS-JIA-01
1999-06-09,9.8,16108.14,AS-JIA-01
1999-06-10,24.8,16987.08,AS-JIA-01
1999-06-11,25.9,17864.62,AS-JIA-01
1999-06-12,4.4,18783.5,AS-JIA-01
1999-06-13,3.1,21117.0,AS-JIA-01
1999-06-14,8.7,23542.69,AS-JIA-01
1999-06-15,10.5,24911.93,AS-JIA-01
1999-06-16,9.9,23834.21,AS-JIA-01
1999-06-17,17.7,22409.6,AS-JIA-01
1999-06-18,7.9,23197.26,AS-JIA-01
1999-06-19,10.6,25844.77,AS-JIA-01
1999-06-20,12.2,29482.82,AS-JIA-01
1999-06-21,24.6,33440.68,AS-JIA-01
1999-06-22,37.7,37091.12,AS-JIA-01
1999-06-23,74.8,37901.96,AS-JIA-01
1999-06-24,44.9,39575.0,AS-JIA-01
1999-06-25,32.9,40827.15,AS-JIA-01
1999-06-26,6.2,37359.52,AS-JIA-01
1999-06-27,34.0,35604.57,AS-JIA-01
1999-06-28,4.3,35518.93,AS-JIA-01
1999-06-29,11.3,36384.3,AS-JIA-01
1999-06-30,16.7,38175.99,AS-JIA-01
1999-07-01,15.2,39860.62,AS-JIA-01
1999-07-02,10.3,39103.28,AS-JIA-01
1999-07-03,21.6,37539.49,AS-JIA-01
1999-07-04,11.2,35690.41,AS-JIA-01
1999-07-05,9.3,33199.25,AS-JIA-01
1999-07-06,16.8,31785.08,AS-JIA-01
1999-07-07,19.2,31175.13,AS-JIA-01
1999-07-08,12.1,32172.05,AS-JIA-01
1999-07-09,42.0,37180.38,AS-JIA-01
1999-07-10,71.4,40052.13,AS-JIA-01
1999-07-11,25.6,36471.92,AS-JIA-01
1999-07-12,10.2,32328.08,AS-JIA-01
1999-07-13,0.6,29626.44,AS-JIA-01
1999-07-14,19.7,28150.88,AS-JIA-01
1999-07-15,15.1,28288.38,AS-JIA-01
1999-07-16,25.2,28495.77,AS-JIA-01
1999-07-17,23.1,29411.27,AS-JIA-01
1999-07-18,44.3,30281.01,AS-JIA-01
1999-07-19,42.5,29988.41,AS-JIA-01
1999-07-20,15.4,28357.35,AS-JIA-01
1999-07-21,28.5,26355.61,AS-JIA-01
1999-07-22,21.7,25718.53,AS-JIA-01
1999-07-23,15.1,25971.59,AS-JIA-01
1999-07-24,8.6,25655.59,AS-JIA-01
1999-07-25,1.0,24608.07,AS-JIA-01
1999-07-26,7.2,23658.89,AS-JIA-01
1999-07-27,1.8,22913.03,AS-JIA-01
1999-07-28,12.8,22134.38,AS-JIA-01
1999-07-29,4.5,21646.91,AS-JIA-01
1999-07-30,0.4,21117.0,AS-JIA-01
1999-07-31,6.9,20193.37,AS-JIA-01
1999-08-01,13.7,19403.88,AS-JIA-01
1999-08-02,7.3,18689.71,AS-JIA-01
1999-08-03,12.5,18135.85,AS-JIA-01
1999-08-04,9.2,17730.39,AS-JIA-01
1999-08-05,0.6,17464.73,AS-JIA-01
1999-08-06,14.1,17464.73,AS-JIA-01
1999-08-07,5.8,17641.42,AS-JIA-01
1999-08-08,8.2,18410.86,AS-JIA-01
1999-08-09,54.5,18925.04,AS-JIA-01
1999-08-10,15.0,18972.42,AS-JIA-01
1999-08-11,20.2,19844.4,AS-JIA-01
1999-08-12,19.8,21862.34,AS-JIA-01
1999-08-13,90.8,23140.16,AS-JIA-01
1999-08-14,26.7,22354.3,AS-JIA-01
1999-08-15,12.8,21169.46,AS-JIA-01
1999-08-16,9.7,21012.47,AS-JIA-01
1999-08-17,12.1,20548.02,AS-JIA-01
1999-08-18,7.3,19598.55,AS-JIA-01
1999-08-19,4.7,18877.75,AS-JIA-01
1999-08-20,11.2,18642.97,AS-JIA-01
1999-08-21,15.8,19844.4,AS-JIA-01
1999-08-22,6.5,23484.79,AS-JIA-01
1999-08-23,11.1,27339.18,AS-JIA-01
1999-08-24,17.8,29411.27,AS-JIA-01
1999-08-25,14.6,30799.57,AS-JIA-01
1999-08-26,7.7,28357.35,AS-JIA-01
1999-08-27,4.0,25157.53,AS-JIA-01
1999-08-28,55.0,23775.65,AS-JIA-01
1999-08-29,39.3,23197.26,AS-JIA-01
1999-08-30,12.6,22244.1,AS-JIA-01
1999-08-31,25.8,21808.28,AS-JIA-01
1999-09-01,14.0,22688.0,AS-JIA-01
1999-09-02,7.4,24427.41,AS-JIA-01
1999-09-03,5.4,24367.47,AS-JIA-01
1999-09-04,2.9,22913.03,AS-JIA-01
1999-09-05,4.6,21486.67,AS-JIA-01
1999-09-06,10.1,20856.59,AS-JIA-01
1999-09-07,7.3,20446.09,AS-JIA-01
1999-09-08,12.0,19893.9,AS-JIA-01
1999-09-09,10.0,19501.0,AS-JIA-01
1999-09-10,9.8,19067.53,AS-JIA-01
1999-09-11,11.7,18457.07,AS-JIA-01
1999-09-12,13.3,17819.77,AS-JIA-01
1999-09-13,2.0,17159.38,AS-JIA-01
1999-09-14,2.9,16521.4,AS-JIA-01
1999-09-15,9.9,16231.11,AS-JIA-01
1999-09-16,8.4,16026.63,AS-JIA-01
1999-09-17,10.4,15824.48,AS-JIA-01
1999-09-18,0.6,15505.85,AS-JIA-01
1999-09-19,0.1,15038.76,AS-JIA-01
1999-09-20,10.2,14509.9,AS-JIA-01
1999-09-21,13.0,14106.16,AS-JIA-01
1999-09-22,0.4,13677.23,AS-JIA-01
1999-09-23,1.3,13055.65,AS-JIA-01
1999-09-24,2.2,12426.88,AS-JIA-01
1999-09-25,0.0,11856.06,AS-JIA-01
1999-09-26,0.0,11308.41,AS-JIA-01
1999-09-27,0.0,10782.99,AS-JIA-01
1999-09-28,0.0,10306.38,AS-JIA-01
1999-09-29,0.1,9848.05,AS-JIA-01
1999-09-30,1.2,9432.77,AS-JIA-01
1999-10-01,4.0,9106.44,AS-JIA-01
1999-10-02,2.5,8861.98,AS-JIA-01
1999-10-03,4.4,8670.43,AS-JIA-01
1999-10-04,5.6,8670.43,AS-JIA-01
1999-10-05,5.9,8789.74,AS-JIA-01
1999-10-06,6.8,8934.74,AS-JIA-01
1999-10-07,6.9,9255.85,AS-JIA-01
1999-10-08,11.2,10333.9,AS-JIA-01
1999-10-09,2.7,11980.88,AS-JIA-01
1999-10-10,0.6,12589.68,AS-JIA-01
1999-10-11,0.0,11609.86,AS-JIA-01
1999-10-12,0.0,10416.85,AS-JIA-01
1999-10-13,0.1,9638.5,AS-JIA-01
1999-10-14,3.4,9032.51,AS-JIA-01
1999-10-15,0.0,8505.68,AS-JIA-01
1999-10-16,0.0,8071.7,AS-JIA-01
1999-10-17,13.8,7982.72,AS-JIA-01
1999-10-18,55.4,9535.16,AS-JIA-01
1999-10-19,69.0,12787.54,AS-JIA-01
1999-10-20,6.5,15193.03,AS-JIA-01
1999-10-21,6.4,15038.76,AS-JIA-01
1999-10-22,0.2,13225.72,AS-JIA-01
1999-10-23,0.0,11488.45,AS-JIA-01
1999-10-24,0.0,10278.93,AS-JIA-01
1999-10-25,0.0,9432.77,AS-JIA-01
1999-10-26,0.0,8765.77,AS-JIA-01
1999-10-27,0.0,8184.07,AS-JIA-01
1999-10-28,0.0,7656.28,AS-JIA-01
1999-10-29,3.2,7217.79,AS-JIA-01
1999-10-30,2.7,6976.59,AS-JIA-01
1999-10-31,0.0,6684.29,AS-JIA-01
1999-11-01,0.0,6439.02,AS-JIA-01
1999-11-02,3.4,6273.45,AS-JIA-01
1999-11-03,2.4,6309.96,AS-JIA-01
1999-11-04,0.3,6365.02,AS-JIA-01
1999-11-05,0.0,6219.03,AS-JIA-01
1999-11-06,0.0,5969.95,AS-JIA-01
1999-11-07,0.0,5678.09,AS-JIA-01
1999-11-08,0.0,5349.04,AS-JIA-01
1999-11-09,0.0,5050.17,AS-JIA-01
1999-11-10,0.0,4793.62,AS-JIA-01
1999-11-11,0.0,4575.44,AS-JIA-01
1999-11-12,0.0,4364.67,AS-JIA-01
1999-11-13,0.0,4161.05,AS-JIA-01
1999-11-14,0.0,3951.47,AS-JIA-01
1999-11-15,0.0,3737.1,AS-JIA-01
1999-11-16,0.0,3554.79,AS-JIA-01
1999-11-17,0.0,3425.04,AS-JIA-01
1999-11-18,0.0,3332.73,AS-JIA-01
1999-11-19,0.0,3298.54,AS-JIA-01
1999-11-20,0.0,3287.2,AS-JIA-01
1999-11-21,0.0,3208.53,AS-JIA-01
1999-11-22,0.0,3087.44,AS-JIA-01
1999-11-23,0.0,2969.38,AS-JIA-01
1999-11-24,0.0,2823.39,AS-JIA-01
1999-11-25,0.0,2672.1,AS-JIA-01
1999-11-26,0.0,2535.53,AS-JIA-01
1999-11-27,0.0,2440.64,AS-JIA-01
1999-11-28,0.0,2384.75,AS-JIA-01
1999-11-29,0.0,2338.76,AS-JIA-01
1999-11-30,0.0,2266.27,AS-JIA-01
1999-12-01,0.0,2177.51,AS-JIA-01
1999-12-02,0.0,2082.21,AS-JIA-01
1999-12-03,0.0,1980.95,AS-JIA-01
1999-12-04,0.0,1890.57,AS-JIA-01
1999-12-05,0.0,1810.37,AS-JIA-01
1999-12-06,0.0,1739.74,AS-JIA-01
1999-12-07,0.0,1678.18,AS-JIA-01
1999-12-08,0.0,1625.24,AS-JIA-01
1999-12-09,0.0,1565.78,AS-JIA-01
1999-12-10,0.0,1514.62,AS-JIA-01
1999-12-11,0.0,1464.3,AS-JIA-01
1999-12-12,0.0,1407.77,AS-JIA-01
1999-12-13,0.0,1366.05,AS-JIA-01
1999-12-14,0.0,1331.72,AS-JIA-01
1999-12-15,0.5,1318.1,AS-JIA-01
1999-12-16,0.0,1291.04,AS-JIA-01
1999-12-17,0.0,1257.57,AS-JIA-01
1999-12-18,0.0,1231.07,AS-JIA-01
1999-12-19,0.0,1204.81,AS-JIA-01
1999-12-20,0.0,1159.44,AS-JIA-01
1999-12-21,0.0,1108.47,AS-JIA-01
1999-12-22,0.0,1077.09,AS-JIA-01
1999-12-23,0.0,1052.24,AS-JIA-01
1999-12-24,0.0,1033.76,AS-JIA-01
1999-12-25,0.0,1015.4,AS-JIA-01
1999-12-26,0.0,1003.23,AS-JIA-01
1999-12-27,0.0,1009.31,AS-JIA-01
1999-12-28,0.0,997.17,AS-JIA-01
1999-12-29,0.0,967.06,AS-JIA-01
1999-12-30,0.0,949.17,AS-JIA-01
1999-12-31,0.0,925.49,AS-JIA-01
2000-01-01,0.0,890.39,AS-JIA-01
2000-01-02,0.0,855.77,AS-JIA-01
2000-01-03,0.0,821.62,AS-JIA-01
2000-01-04,0.0,782.37,AS-JIA-01
2000-01-05,0.0,749.23,AS-JIA-01
2000-01-06,0.0,721.97,AS-JIA-01
2000-01-07,0.0,689.66,AS-JIA-01
2000-01-08,0.0,663.06,AS-JIA-01
2000-01-09,0.0,642.02,AS-JIA-01
2000-01-10,0.0,631.57,AS-JIA-01
2000-01-11,0.0,626.35,AS-JIA-01
2000-01-12,0.0,615.97,AS-JIA-01
2000-01-13,0.1,626.35,AS-JIA-01
2000-01-14,1.2,721.97,AS-JIA-01
2000-01-15,2.3,867.25,AS-JIA-01
2000-01-16,0.3,1009.31,AS-JIA-01
2000-01-17,0.2,1127.47,AS-JIA-01
2000-01-18,0.0,1211.35,AS-JIA-01
2000-01-19,0.8,1217.91,AS-JIA-01
2000-01-20,8.9,1250.92,AS-JIA-01
2000-01-21,0.4,1250.92,AS-JIA-01
2000-01-22,0.0,1270.91,AS-JIA-01
2000-01-23,0.0,1359.15,AS-JIA-01
2000-01-24,0.0,1400.78,AS-JIA-01
2000-01-25,0.0,1379.89,AS-JIA-01
2000-01-26,0.0,1324.9,AS-JIA-01
2000-01-27,0.0,1270.91,AS-JIA-01
2000-01-28,5.2,1284.32,AS-JIA-01
2000-01-29,4.4,1297.78,AS-JIA-01
2000-01-30,0.0,1428.85,AS-JIA-01
2000-01-31,0.0,1617.75,AS-JIA-01
2000-02-01,0.0,1678.18,AS-JIA-01
2000-02-02,10.0,1678.18,AS-JIA-01
2000-02-03,0.0,1662.97,AS-JIA-01
2000-02-04,0.0,1708.82,AS-JIA-01
2000-02-05,0.0,1763.13,AS-JIA-01
2000-02-06,0.1,1755.31,AS-JIA-01
2000-02-07,0.2,1724.25,AS-JIA-01
2000-02-08,0.0,1693.47,AS-JIA-01
2000-02-09,0.2,1708.82,AS-JIA-01
2000-02-10,0.0,1708.82,AS-JIA-01
2000-02-11,0.0,1662.97,AS-JIA-01
2000-02-12,0.0,1602.81,AS-JIA-01
2000-02-13,0.0,1521.88,AS-JIA-01
2000-02-14,0.0,1435.9,AS-JIA-01
2000-02-15,0.0,1366.05,AS-JIA-01
2000-02-16,0.0,1297.78,AS-JIA-01
2000-02-17,0.0,1237.67,AS-JIA-01
2000-02-18,0.0,1204.81,AS-JIA-01
2000-02-19,0.0,1204.81,AS-JIA-01
2000-02-20,0.0,1264.23,AS-JIA-01
2000-02-21,0.0,1345.4,AS-JIA-01
2000-02-22,0.0,1359.15,AS-JIA-01
2000-02-23,0.0,1331.72,AS-JIA-01
2000-02-24,0.0,1284.32,AS-JIA-01
2000-02-25,0.0,1244.29,AS-JIA-01
2000-02-26,0.1,1224.48,AS-JIA-01
2000-02-27,0.0,1231.07,AS-JIA-01
2000-02-28,0.0,1244.29,AS-JIA-01
2000-02-29,0.0,1237.67,AS-JIA-01
2000-03-01,3.1,1224.48,AS-JIA-01
2000-03-02,3.4,1250.92,AS-JIA-01
2000-03-03,3.9,1386.84,AS-JIA-01
2000-03-04,2.3,1587.95,AS-JIA-01
2000-03-05,6.0,1882.46,AS-JIA-01
2000-03-06,2.8,2160.0,AS-JIA-01
2000-03-07,1.1,2347.92,AS-JIA-01
2000-03-08,11.7,2721.95,AS-JIA-01
2000-03-09,0.9,4029.17,AS-JIA-01
2000-03-10,0.1,5935.02,AS-JIA-01
2000-03-11,0.1,6255.28,AS-JIA-01
2000-03-12,4.6,5528.13,AS-JIA-01
2000-03-13,4.0,5050.17,AS-JIA-01
2000-03-14,5.7,5081.02,AS-JIA-01
2000-03-15,5.1,6075.71,AS-JIA-01
2000-03-16,2.3,7361.6,AS-JIA-01
2000-03-17,0.0,7320.28,AS-JIA-01
2000-03-18,0.0,6608.04,AS-JIA-01
2000-03-19,0.0,6040.3,AS-JIA-01
2000-03-20,0.0,5831.18,AS-JIA-01
2000-03-21,0.0,5952.46,AS-JIA-01
2000-03-22,0.0,5952.46,AS-JIA-01
2000-03-23,0.0,5528.13,AS-JIA-01
2000-03-24,0.0,5019.46,AS-JIA-01
2000-03-25,0.0,4661.8,AS-JIA-01
2000-03-26,0.0,4518.52,AS-JIA-01
2000-03-27,0.0,4378.49,AS-JIA-01
2000-03-28,0.0,4107.93,AS-JIA-01
2000-03-29,0.2,3824.35,AS-JIA-01
2000-03-30,0.0,3590.76,AS-JIA-01
2000-03-31,0.3,3495.4,AS-JIA-01
2000-04-01,0.1,4016.14,AS-JIA-01
2000-04-02,0.1,5112.0,AS-JIA-01
2000-04-03,0.2,8717.98,AS-JIA-01
2000-04-04,0.0,10725.95,AS-JIA-01
2000-04-05,0.3,11338.24,AS-JIA-01
2000-04-06,2.5,12170.25,AS-JIA-01
2000-04-07,3.5,12012.26,AS-JIA-01
2000-04-08,5.0,11458.27,AS-JIA-01
2000-04-09,10.9,11189.77,AS-JIA-01
2000-04-10,6.0,11980.88,AS-JIA-01
2000-04-11,1.0,12721.28,AS-JIA-01
2000-04-12,0.0,11488.45,AS-JIA-01
2000-04-13,0.0,9690.52,AS-JIA-01
2000-04-14,0.3,8482.37,AS-JIA-01
2000-04-15,1.5,7699.15,AS-JIA-01
2000-04-16,11.9,7382.34,AS-JIA-01
2000-04-17,3.9,7592.33,AS-JIA-01
2000-04-18,7.7,8027.1,AS-JIA-01
2000-04-19,1.5,8027.1,AS-JIA-01
2000-04-20,1.4,7528.82,AS-JIA-01
2000-04-21,0.9,7076.27,AS-JIA-01
2000-04-22,15.7,7076.27,AS-JIA-01
2000-04-23,16.8,8004.89,AS-JIA-01
2000-04-24,16.5,10955.72,AS-JIA-01
2000-04-25,20.5,15077.2,AS-JIA-01
2000-04-26,11.3,15664.43,AS-JIA-01
2000-04-27,0.3,13606.88,AS-JIA-01
2000-04-28,4.9,12787.54,AS-JIA-01
2000-04-29,15.9,14178.8,AS-JIA-01
2000-04-30,24.9,20908.43,AS-JIA-01
2000-05-01,34.6,28288.38,AS-JIA-01
2000-05-02,28.8,26549.64,AS-JIA-01
2000-05-03,2.1,22409.6,AS-JIA-01
2000-05-04,0.0,18642.97,AS-JIA-01
2000-05-05,0.0,15905.06,AS-JIA-01
2000-05-06,5.6,14178.8,AS-JIA-01
2000-05-07,0.8,13157.46,AS-JIA-01
2000-05-08,5.2,12754.37,AS-JIA-01
2000-05-09,0.6,12233.97,AS-JIA-01
2000-05-10,3.0,11640.38,AS-JIA-01
2000-05-11,0.3,11101.49,AS-JIA-01
2000-05-12,1.1,10612.66,AS-JIA-01
2000-05-13,0.4,10169.71,AS-JIA-01
2000-05-14,16.7,9795.31,AS-JIA-01
2000-05-15,14.4,9742.8,AS-JIA-01
2000-05-16,10.7,9954.29,AS-JIA-01
2000-05-17,29.5,11398.12,AS-JIA-01
2000-05-18,96.9,17464.73,AS-JIA-01
2000-05-19,1.1,21970.78,AS-JIA-01
2000-05-20,1.6,20143.18,AS-JIA-01
2000-05-21,16.0,17159.38,AS-JIA-01
2000-05-22,21.0,16647.23,AS-JIA-01
2000-05-23,31.6,17685.87,AS-JIA-01
2000-05-24,4.5,17552.86,AS-JIA-01
2000-05-25,8.6,16987.08,AS-JIA-01
2000-05-26,59.1,20497.02,AS-JIA-01
2000-05-27,31.1,30799.57,AS-JIA-01
2000-05-28,93.5,40437.86,AS-JIA-01
2000-05-29,38.4,38729.79,AS-JIA-01
2000-05-30,10.9,30799.57,AS-JIA-01
2000-05-31,9.8,25157.53,AS-JIA-01
2000-06-01,5.5,22969.64,AS-JIA-01
2000-06-02,0.2,22189.16,AS-JIA-01
2000-06-03,0.0,20804.87,AS-JIA-01
2000-06-04,10.6,19893.9,AS-JIA-01
2000-06-05,12.6,19943.52,AS-JIA-01
2000-06-06,12.2,19943.52,AS-JIA-01
2000-06-07,8.9,20446.09,AS-JIA-01
2000-06-08,7.9,22744.07,AS-JIA-01
2000-06-09,5.6,26549.64,AS-JIA-01
2000-06-10,9.5,31175.13,AS-JIA-01
2000-06-11,28.1,36913.17,AS-JIA-01
2000-06-12,8.6,39103.28,AS-JIA-01
2000-06-13,17.3,39669.98,AS-JIA-01
2000-06-14,6.1,40534.83,AS-JIA-01
2000-06-15,5.5,36035.77,AS-JIA-01
2000-06-16,7.9,31250.76,AS-JIA-01
2000-06-17,5.9,29126.64,AS-JIA-01
2000-06-18,31.2,28914.91,AS-JIA-01
2000-06-19,9.0,28774.56,AS-JIA-01
2000-06-20,14.0,30061.31,AS-JIA-01
2000-06-21,25.8,35009.19,AS-JIA-01
2000-06-22,15.9,44390.68,AS-JIA-01
2000-06-23,16.0,48368.28,AS-JIA-01
2000-06-24,26.0,47230.14,AS-JIA-01
2000-06-25,22.3,43654.81,AS-JIA-01
2000-06-26,17.3,41023.12,AS-JIA-01
2000-06-27,7.2,39669.98,AS-JIA-01
2000-06-28,14.0,38544.35,AS-JIA-01
2000-06-29,10.3,36559.8,AS-JIA-01
2000-06-30,5.5,35776.44,AS-JIA-01
2000-07-01,3.6,36647.84,AS-JIA-01
2000-07-02,5.2,36736.08,AS-JIA-01
2000-07-03,1.6,34756.93,AS-JIA-01
2000-07-04,4.8,33039.19,AS-JIA-01
2000-07-05,9.7,32800.52,AS-JIA-01
2000-07-06,6.9,32484.82,AS-JIA-01
2000-07-07,5.2,31708.22,AS-JIA-01
2000-07-08,12.7,31785.08,AS-JIA-01
2000-07-09,26.3,34257.67,AS-JIA-01
2000-07-10,24.2,36736.08,AS-JIA-01
2000-07-11,8.7,36209.63,AS-JIA-01
2000-07-12,35.7,33765.23,AS-JIA-01
2000-07-13,49.2,33602.57,AS-JIA-01
2000-07-14,10.6,35093.65,AS-JIA-01
2000-07-15,9.8,34010.58,AS-JIA-01
2000-07-16,11.8,31478.68,AS-JIA-01
2000-07-17,21.7,29915.69,AS-JIA-01
2000-07-18,1.8,29197.57,AS-JIA-01
2000-07-19,20.3,28565.22,AS-JIA-01
2000-07-20,36.6,28495.77,AS-JIA-01
2000-07-21,13.2,28014.05,AS-JIA-01
2000-07-22,9.8,26484.8,AS-JIA-01
2000-07-23,4.9,25343.25,AS-JIA-01
2000-07-24,1.2,24729.19,AS-JIA-01
2000-07-25,14.0,24010.74,AS-JIA-01
2000-07-26,26.1,23775.65,AS-JIA-01
2000-07-27,3.6,23658.89,AS-JIA-01
2000-07-28,9.5,23484.79,AS-JIA-01
2000-07-29,3.0,23369.39,AS-JIA-01
2000-07-30,6.1,23542.69,AS-JIA-01
2000-07-31,10.3,25281.22,AS-JIA-01
2000-08-01,66.8,34175.09,AS-JIA-01
2000-08-02,23.4,45462.69,AS-JIA-01
2000-08-03,30.8,47795.97,AS-JIA-01
2000-08-04,11.0,41121.45,AS-JIA-01
2000-08-05,3.7,34589.74,AS-JIA-01
2000-08-06,4.1,30428.31,AS-JIA-01
2000-08-07,4.5,28014.05,AS-JIA-01
2000-08-08,14.1,26941.67,AS-JIA-01
2000-08-09,30.6,27073.59,AS-JIA-01
2000-08-10,25.9,28495.77,AS-JIA-01
2000-08-11,15.2,29988.41,AS-JIA-01
2000-08-12,7.8,29988.41,AS-JIA-01
2000-08-13,11.6,29197.57,AS-JIA-01
2000-08-14,16.2,28985.32,AS-JIA-01
2000-08-15,13.5,28914.91,AS-JIA-01
2000-08-16,19.8,29197.57,AS-JIA-01
2000-08-17,2.7,28357.35,AS-JIA-01
2000-08-18,15.9,26810.39,AS-JIA-01
2000-08-19,10.9,26810.39,AS-JIA-01
2000-08-20,14.0,27674.67,AS-JIA-01
2000-08-21,5.9,26744.98,AS-JIA-01
2000-08-22,6.0,24850.86,AS-JIA-01
2000-08-23,10.6,23542.69,AS-JIA-01
2000-08-24,1.7,22632.07,AS-JIA-01
2000-08-25,1.1,21754.37,AS-JIA-01
2000-08-26,4.7,21012.47,AS-JIA-01
2000-08-27,14.4,21380.43,AS-JIA-01
2000-08-28,16.3,24307.69,AS-JIA-01
2000-08-29,13.8,28426.48,AS-JIA-01
2000-08-30,19.0,27607.27,AS-JIA-01
2000-08-31,40.4,24789.95,AS-JIA-01
2000-09-01,18.9,23140.16,AS-JIA-01
2000-09-02,3.6,22465.02,AS-JIA-01
2000-09-03,22.1,22189.16,AS-JIA-01
2000-09-04,32.5,22688.0,AS-JIA-01
2000-09-05,6.5,23140.16,AS-JIA-01
2000-09-06,15.8,23140.16,AS-JIA-01
2000-09-07,24.4,23892.92,AS-JIA-01
2000-09-08,27.1,24850.86,AS-JIA-01
2000-09-09,28.2,26614.6,AS-JIA-01
2000-09-10,14.2,27742.23,AS-JIA-01
2000-09-11,9.1,27945.86,AS-JIA-01
2000-09-12,0.1,26035.22,AS-JIA-01
2000-09-13,2.3,23369.39,AS-JIA-01
2000-09-14,32.5,22409.6,AS-JIA-01
2000-09-15,55.4,24668.56,AS-JIA-01
2000-09-16,101.0,29482.82,AS-JIA-01
2000-09-17,37.9,30949.27,AS-JIA-01
2000-09-18,11.5,28288.38,AS-JIA-01
2000-09-19,0.0,25219.28,AS-JIA-01
2000-09-20,6.9,22632.07,AS-JIA-01
2000-09-21,7.7,20960.39,AS-JIA-01
2000-09-22,2.2,19893.9,AS-JIA-01
2000-09-23,13.7,19307.23,AS-JIA-01
2000-09-24,8.0,19696.53,AS-JIA-01
2000-09-25,4.1,21646.91,AS-JIA-01
2000-09-26,6.0,23254.5,AS-JIA-01
2000-09-27,4.8,22134.38,AS-JIA-01
2000-09-28,0.8,19745.7,AS-JIA-01
2000-09-29,0.0,17864.62,AS-JIA-01
2000-09-30,1.0,16563.25,AS-JIA-01
2000-10-01,3.7,15704.31,AS-JIA-01
2000-10-02,8.0,15505.85,AS-JIA-01
2000-10-03,1.4,15545.36,AS-JIA-01
2000-10-04,0.0,14923.99,AS-JIA-01
2000-10-05,0.0,14033.85,AS-JIA-01
2000-10-06,0.0,13225.72,AS-JIA-01
2000-10-07,1.6,12524.33,AS-JIA-01
2000-10-08,6.9,12265.94,AS-JIA-01
2000-10-09,7.9,12491.78,AS-JIA-01
2000-10-10,5.8,12887.51,AS-JIA-01
2000-10-11,2.2,12524.33,AS-JIA-01
2000-10-12,0.0,11825.04,AS-JIA-01
2000-10-13,0.3,11278.65,AS-JIA-01
2000-10-14,0.0,10640.88,AS-JIA-01
2000-10-15,0.0,10007.77,AS-JIA-01
2000-10-16,0.0,9458.29,AS-JIA-01
2000-10-17,1.4,8934.74,AS-JIA-01
2000-10-18,0.1,8459.11,AS-JIA-01
2000-10-19,0.0,8004.89,AS-JIA-01
2000-10-20,0.2,7613.6,AS-JIA-01
2000-10-21,0.0,7258.64,AS-JIA-01
2000-10-22,0.1,6996.43,AS-JIA-01
2000-10-23,0.3,7096.35,AS-JIA-01
2000-10-24,0.0,7036.26,AS-JIA-01
2000-10-25,0.0,6819.44,AS-JIA-01
2000-10-26,0.0,6532.48,AS-JIA-01
2000-10-27,1.6,6237.14,AS-JIA-01
2000-10-28,26.9,6365.02,AS-JIA-01
2000-10-29,2.5,6476.27,AS-JIA-01
2000-10-30,0.0,6075.71,AS-JIA-01
2000-10-31,0.0,5678.09,AS-JIA-01
2000-11-01,0.0,5316.96,AS-JIA-01
2000-11-02,0.0,4988.89,AS-JIA-01
2000-11-03,0.0,4705.44,AS-JIA-01
2000-11-04,0.0,4434.11,AS-JIA-01
2000-11-05,0.0,4187.79,AS-JIA-01
2000-11-06,0.2,3977.25,AS-JIA-01
2000-11-07,0.7,3786.79,AS-JIA-01
2000-11-08,0.0,3626.96,AS-JIA-01
2000-11-09,0.5,3471.84,AS-JIA-01
2000-11-10,0.4,3332.73,AS-JIA-01
2000-11-11,0.0,3253.32,AS-JIA-01
2000-11-12,0.0,3253.32,AS-JIA-01
2000-11-13,1.0,3355.65,AS-JIA-01
2000-11-14,0.4,3448.39,AS-JIA-01
2000-11-15,0.0,3390.22,AS-JIA-01
2000-11-16,0.0,3367.14,AS-JIA-01
2000-11-17,0.0,3309.9,AS-JIA-01
2000-11-18,0.0,3164.14,AS-JIA-01
2000-11-19,5.3,3275.88,AS-JIA-01
2000-11-20,2.6,3483.61,AS-JIA-01
2000-11-21,0.0,3977.25,AS-JIA-01
2000-11-22,0.0,3900.28,AS-JIA-01
2000-11-23,0.0,3530.96,AS-JIA-01
2000-11-24,0.0,3219.69,AS-JIA-01
2000-11-25,0.0,3001.29,AS-JIA-01
2000-11-26,0.0,2823.39,AS-JIA-01
2000-11-27,0.0,2672.1,AS-JIA-01
2000-11-28,0.0,2545.13,AS-JIA-01
2000-11-29,0.1,2525.94,AS-JIA-01
2000-11-30,0.5,2564.42,AS-JIA-01
2000-12-01,0.0,2613.02,AS-JIA-01
2000-12-02,0.0,2642.46,AS-JIA-01
2000-12-03,0.0,2632.63,AS-JIA-01
2000-12-04,0.0,2535.53,AS-JIA-01
2000-12-05,0.0,2403.3,AS-JIA-01
2000-12-06,0.0,2266.27,AS-JIA-01
2000-12-07,0.0,2160.0,AS-JIA-01
2000-12-08,0.0,2056.63,AS-JIA-01
2000-12-09,0.0,1964.35,AS-JIA-01
2000-12-10,0.0,1898.69,AS-JIA-01
2000-12-11,0.0,1898.69,AS-JIA-01
2000-12-12,0.0,1890.57,AS-JIA-01
2000-12-13,0.0,1874.38,AS-JIA-01
2000-12-14,0.0,1850.24,AS-JIA-01
2000-12-15,0.0,1794.54,AS-JIA-01
2000-12-16,0.0,1708.82,AS-JIA-01
2000-12-17,0.0,1617.75,AS-JIA-01
2000-12-18,0.0,1536.45,AS-JIA-01
2000-12-19,0.0,1464.3,AS-JIA-01
2000-12-20,0.0,1400.78,AS-JIA-01
2000-12-21,0.0,1352.27,AS-JIA-01
2000-12-22,0.0,1304.54,AS-JIA-01
2000-12-23,0.0,1264.23,AS-JIA-01
2000-12-24,0.0,1217.91,AS-JIA-01
2000-12-25,0.0,1165.87,AS-JIA-01
2000-12-26,0.0,1114.79,AS-JIA-01
2000-12-27,0.0,1070.86,AS-JIA-01
2000-12-28,0.0,1027.62,AS-JIA-01
2000-12-29,0.0,991.12,AS-JIA-01
2000-12-30,0.0,961.08,AS-JIA-01
2000-12-31,0.0,919.6,AS-JIA-01
2001-01-01,0.0,913.73,AS-JIA-01
2001-01-02,0.0,937.3,AS-JIA-01
2001-01-03,0.0,973.06,AS-JIA-01
2001-01-04,1.1,1046.06,AS-JIA-01
2001-01-05,0.1,1140.22,AS-JIA-01
2001-01-06,0.0,1211.35,AS-JIA-01
2001-01-07,0.0,1237.67,AS-JIA-01
2001-01-08,0.0,1244.29,AS-JIA-01
2001-01-09,0.0,1237.67,AS-JIA-01
2001-01-10,0.0,1191.77,AS-JIA-01
2001-01-11,0.0,1159.44,AS-JIA-01
2001-01-12,0.0,1133.84,AS-JIA-01
2001-01-13,0.0,1114.79,AS-JIA-01
2001-01-14,0.0,1089.6,AS-JIA-01
2001-01-15,0.0,1052.24,AS-JIA-01
2001-01-16,0.0,1021.51,AS-JIA-01
2001-01-17,0.0,991.12,AS-JIA-01
2001-01-18,0.0,955.12,AS-JIA-01
2001-01-19,0.0,913.73,AS-JIA-01
2001-01-20,0.0,873.02,AS-JIA-01
2001-01-21,0.0,855.77,AS-JIA-01
2001-01-22,0.0,878.79,AS-JIA-01
2001-01-23,5.6,967.06,AS-JIA-01
2001-01-24,0.7,1204.81,AS-JIA-01
2001-01-25,0.0,1890.57,AS-JIA-01
2001-01-26,0.0,2230.51,AS-JIA-01
2001-01-27,0.0,1997.64,AS-JIA-01
2001-01-28,0.0,1716.53,AS-JIA-01
2001-01-29,0.0,1507.39,AS-JIA-01
2001-01-30,0.0,1366.05,AS-JIA-01
2001-01-31,0.0,1257.57,AS-JIA-01
2001-02-01,1.5,1198.29,AS-JIA-01
2001-02-02,2.9,1270.91,AS-JIA-01
2001-02-03,1.1,1338.55,AS-JIA-01
2001-02-04,0.0,1421.81,AS-JIA-01
2001-02-05,0.0,1625.24,AS-JIA-01
2001-02-06,0.0,1701.14,AS-JIA-01
2001-02-07,0.0,1573.15,AS-JIA-01
2001-02-08,0.0,1393.8,AS-JIA-01
2001-02-09,0.0,1250.92,AS-JIA-01
2001-02-10,0.0,1153.01,AS-JIA-01
2001-02-11,0.0,1102.17,AS-JIA-01
2001-02-12,0.1,1083.34,AS-JIA-01
2001-02-13,0.0,1077.09,AS-JIA-01
2001-02-14,0.0,1108.47,AS-JIA-01
2001-02-15,0.0,1133.84,AS-JIA-01
2001-02-16,1.6,1095.88,AS-JIA-01
2001-02-17,0.5,1052.24,AS-JIA-01
2001-02-18,3.7,1089.6,AS-JIA-01
2001-02-19,5.0,1165.87,AS-JIA-01
2001-02-20,5.8,1257.57,AS-JIA-01
2001-02-21,12.0,1558.42,AS-JIA-01
2001-02-22,3.5,1947.82,AS-JIA-01
2001-02-23,0.0,2212.77,AS-JIA-01
2001-02-24,0.0,2212.77,AS-JIA-01
2001-02-25,11.9,2125.23,AS-JIA-01
2001-02-26,10.1,2284.27,AS-JIA-01
2001-02-27,2.6,2916.69,AS-JIA-01
2001-02-28,0.2,3824.35,AS-JIA-01
2001-03-01,0.0,4121.17,AS-JIA-01
2001-03-02,0.0,3824.35,AS-JIA-01
2001-03-03,0.0,3495.4,AS-JIA-01
2001-03-04,0.0,3309.9,AS-JIA-01
2001-03-05,0.0,3120.16,AS-JIA-01
2001-03-06,0.0,2927.19,AS-JIA-01
2001-03-07,0.0,2864.62,AS-JIA-01
2001-03-08,0.0,2802.91,AS-JIA-01
2001-03-09,0.0,2642.46,AS-JIA-01
2001-03-10,0.1,2450.04,AS-JIA-01
2001-03-11,0.0,2266.27,AS-JIA-01
2001-03-12,0.0,2107.96,AS-JIA-01
2001-03-13,0.0,1980.95,AS-JIA-01
2001-03-14,0.0,1858.26,AS-JIA-01
2001-03-15,0.0,1770.95,AS-JIA-01
2001-03-16,0.0,1786.67,AS-JIA-01
2001-03-17,0.0,1890.57,AS-JIA-01
2001-03-18,0.0,2151.28,AS-JIA-01
2001-03-19,0.0,2421.92,AS-JIA-01
2001-03-20,0.0,2403.3,AS-JIA-01
2001-03-21,0.0,2203.92,AS-JIA-01
2001-03-22,0.0,2022.8,AS-JIA-01
2001-03-23,10.1,1997.64,AS-JIA-01
2001-03-24,0.9,2440.64,AS-JIA-01
2001-03-25,2.3,4228.14,AS-JIA-01
2001-03-26,1.3,5174.42,AS-JIA-01
2001-03-27,3.3,4490.25,AS-JIA-01
2001-03-28,0.9,3887.55,AS-JIA-01
2001-03-29,10.3,3724.75,AS-JIA-01
2001-03-30,7.3,3925.81,AS-JIA-01
2001-03-31,2.7,4309.68,AS-JIA-01
2001-04-01,9.4,5349.04,AS-JIA-01
2001-04-02,5.5,7076.27,AS-JIA-01
2001-04-03,3.1,7656.28,AS-JIA-01
2001-04-04,0.0,7116.47,AS-JIA-01
2001-04-05,0.0,6164.98,AS-JIA-01
2001-04-06,0.0,5462.49,AS-JIA-01
2001-04-07,0.0,5143.14,AS-JIA-01
2001-04-08,9.3,5237.4,AS-JIA-01
2001-04-09,4.0,6040.3,AS-JIA-01
2001-04-10,6.8,8983.51,AS-JIA-01
2001-04-11,10.7,10984.75,AS-JIA-01
2001-04-12,19.9,10142.56,AS-JIA-01
2001-04-13,8.7,9057.11,AS-JIA-01
2001-04-14,5.9,8959.09,AS-JIA-01
2001-04-15,5.4,9795.31,AS-JIA-01
2001-04-16,10.8,10584.48,AS-JIA-01
2001-04-17,5.6,10897.89,AS-JIA-01
2001-04-18,11.2,11013.83,AS-JIA-01
2001-04-19,7.0,11308.41,AS-JIA-01
2001-04-20,7.5,11609.86,AS-JIA-01
2001-04-21,1.8,11248.95,AS-JIA-01
2001-04-22,0.1,11072.21,AS-JIA-01
2001-04-23,0.0,10556.39,AS-JIA-01
2001-04-24,0.0,9612.58,AS-JIA-01
2001-04-25,1.2,8934.74,AS-JIA-01
2001-04-26,11.4,9306.1,AS-JIA-01
2001-04-27,21.7,10612.66,AS-JIA-01
2001-04-28,36.7,12075.23,AS-JIA-01
2001-04-29,50.2,13925.99,AS-JIA-01
2001-04-30,16.8,13961.87,AS-JIA-01
2001-05-01,1.2,12524.33,AS-JIA-01
2001-05-02,0.0,10955.72,AS-JIA-01
2001-05-03,24.1,10088.46,AS-JIA-01
2001-05-04,18.6,9690.52,AS-JIA-01
2001-05-05,18.1,9795.31,AS-JIA-01
2001-05-06,6.6,9742.8,AS-JIA-01
2001-05-07,15.5,9795.31,AS-JIA-01
2001-05-08,4.2,9795.31,AS-JIA-01
2001-05-09,42.3,10333.9,AS-JIA-01
2001-05-10,0.0,11219.32,AS-JIA-01
2001-05-11,0.9,11518.69,AS-JIA-01
2001-05-12,0.0,10612.66,AS-JIA-01
2001-05-13,0.0,9509.48,AS-JIA-01
2001-05-14,0.6,8670.43,AS-JIA-01
2001-05-15,2.2,8184.07,AS-JIA-01
2001-05-16,12.8,8138.97,AS-JIA-01
2001-05-17,11.4,8861.98,AS-JIA-01
2001-05-18,9.2,10472.47,AS-JIA-01
2001-05-19,9.1,13123.45,AS-JIA-01
2001-05-20,8.8,12887.51,AS-JIA-01
2001-05-21,3.6,11248.95,AS-JIA-01
2001-05-22,8.9,10640.88,AS-JIA-01
2001-05-23,9.9,11579.4,AS-JIA-01
2001-05-24,10.0,13606.88,AS-JIA-01
2001-05-25,4.4,15784.33,AS-JIA-01
2001-05-26,1.1,15945.49,AS-JIA-01
2001-05-27,2.0,14251.8,AS-JIA-01
2001-05-28,15.7,13191.55,AS-JIA-01
2001-05-29,10.1,12556.97,AS-JIA-01
2001-05-30,23.7,12202.09,AS-JIA-01
2001-05-31,40.3,13997.82,AS-JIA-01
2001-06-01,13.4,17159.38,AS-JIA-01
2001-06-02,23.1,17464.73,AS-JIA-01
2001-06-03,33.4,16605.19,AS-JIA-01
2001-06-04,58.5,18181.42,AS-JIA-01
2001-06-05,32.3,20960.39,AS-JIA-01
2001-06-06,22.3,22632.07,AS-JIA-01
2001-06-07,7.1,26227.02,AS-JIA-01
2001-06-08,11.5,27007.56,AS-JIA-01
2001-06-09,9.9,25908.1,AS-JIA-01
2001-06-10,5.1,23140.16,AS-JIA-01
2001-06-11,1.0,20908.43,AS-JIA-01
2001-06-12,8.6,20043.11,AS-JIA-01
2001-06-13,3.9,19794.98,AS-JIA-01
2001-06-14,20.1,19403.88,AS-JIA-01
2001-06-15,2.6,19211.02,AS-JIA-01
2001-06-16,1.4,18877.75,AS-JIA-01
2001-06-17,23.5,18925.04,AS-JIA-01
2001-06-18,5.3,19598.55,AS-JIA-01
2001-06-19,11.4,20548.02,AS-JIA-01
2001-06-20,9.6,22688.0,AS-JIA-01
2001-06-21,12.1,26162.96,AS-JIA-01
2001-06-22,5.3,27877.84,AS-JIA-01
2001-06-23,12.7,27007.56,AS-JIA-01
2001-06-24,13.6,25592.84,AS-JIA-01
2001-06-25,13.4,25219.28,AS-JIA-01
2001-06-26,21.2,25655.59,AS-JIA-01
2001-06-27,19.6,26875.95,AS-JIA-01
2001-06-28,11.4,28704.6,AS-JIA-01
2001-06-29,8.0,29626.44,AS-JIA-01
2001-06-30,17.3,28704.6,AS-JIA-01
2001-07-01,11.5,27945.86,AS-JIA-01
2001-07-02,0.7,26614.6,AS-JIA-01
2001-07-03,0.1,24911.93,AS-JIA-01
2001-07-04,0.0,23484.79,AS-JIA-01
2001-07-05,7.4,22632.07,AS-JIA-01
2001-07-06,25.2,22465.02,AS-JIA-01
2001-07-07,3.9,22632.07,AS-JIA-01
2001-07-08,20.7,23600.72,AS-JIA-01
2001-07-09,14.6,24911.93,AS-JIA-01
2001-07-10,6.7,26162.96,AS-JIA-01
2001-07-11,19.9,25530.23,AS-JIA-01
2001-07-12,17.1,24427.41,AS-JIA-01
2001-07-13,6.7,23892.92,AS-JIA-01
2001-07-14,16.4,24307.69,AS-JIA-01
2001-07-15,13.6,24668.56,AS-JIA-01
2001-07-16,4.1,23951.76,AS-JIA-01
2001-07-17,5.0,22744.07,AS-JIA-01
2001-07-18,19.6,21700.59,AS-JIA-01
2001-07-19,24.9,21916.49,AS-JIA-01
2001-07-20,8.3,23717.22,AS-JIA-01
2001-07-21,13.6,23892.92,AS-JIA-01
2001-07-22,3.6,22632.07,AS-JIA-01
2001-07-23,8.2,21012.47,AS-JIA-01
2001-07-24,8.1,20193.37,AS-JIA-01
2001-07-25,8.2,20143.18,AS-JIA-01
2001-07-26,10.0,20960.39,AS-JIA-01
2001-07-27,9.2,21808.28,AS-JIA-01
2001-07-28,24.1,25034.45,AS-JIA-01
2001-07-29,55.5,32094.27,AS-JIA-01
2001-07-30,25.9,34010.58,AS-JIA-01
2001-07-31,12.9,31555.01,AS-JIA-01
2001-08-01,16.3,28082.39,AS-JIA-01
2001-08-02,3.3,25034.45,AS-JIA-01
2001-08-03,0.6,22688.0,AS-JIA-01
2001-08-04,0.3,20908.43,AS-JIA-01
2001-08-05,6.4,19696.53,AS-JIA-01
2001-08-06,7.7,18689.71,AS-JIA-01
2001-08-07,1.3,17730.39,AS-JIA-01
2001-08-08,10.1,16901.53,AS-JIA-01
2001-08-09,9.4,16190.02,AS-JIA-01
2001-08-10,7.1,15505.85,AS-JIA-01
2001-08-11,2.9,15038.76,AS-JIA-01
2001-08-12,1.5,14847.92,AS-JIA-01
2001-08-13,4.9,14547.12,AS-JIA-01
2001-08-14,15.2,14621.8,AS-JIA-01
2001-08-15,11.3,15193.03,AS-JIA-01
2001-08-16,4.5,15154.32,AS-JIA-01
2001-08-17,12.0,15784.33,AS-JIA-01
2001-08-18,4.6,16479.62,AS-JIA-01
2001-08-19,2.1,16396.41,AS-JIA-01
2001-08-20,8.3,15784.33,AS-JIA-01
2001-08-21,14.6,16067.34,AS-JIA-01
2001-08-22,9.9,17864.62,AS-JIA-01
2001-08-23,3.2,22244.1,AS-JIA-01
2001-08-24,5.3,24069.84,AS-JIA-01
2001-08-25,13.5,23775.65,AS-JIA-01
2001-08-26,30.5,23311.89,AS-JIA-01
2001-08-27,18.4,22465.02,AS-JIA-01
2001-08-28,7.7,20908.43,AS-JIA-01
2001-08-29,16.4,19696.53,AS-JIA-01
2001-08-30,15.4,18877.75,AS-JIA-01
2001-08-31,31.2,18596.34,AS-JIA-01
2001-09-01,12.8,19307.23,AS-JIA-01
2001-09-02,2.1,21064.67,AS-JIA-01
2001-09-03,3.6,22969.64,AS-JIA-01
2001-09-04,3.0,22354.3,AS-JIA-01
2001-09-05,9.7,20446.09,AS-JIA-01
2001-09-06,15.9,19307.23,AS-JIA-01
2001-09-07,23.1,18877.75,AS-JIA-01
2001-09-08,10.7,18689.71,AS-JIA-01
2001-09-09,12.7,18783.5,AS-JIA-01
2001-09-10,26.6,19259.07,AS-JIA-01
2001-09-11,14.9,19259.07,AS-JIA-01
2001-09-12,20.7,18736.55,AS-JIA-01
2001-09-13,8.5,18503.38,AS-JIA-01
2001-09-14,3.3,18364.77,AS-JIA-01
2001-09-15,8.3,17954.63,AS-JIA-01
2001-09-16,7.2,17376.99,AS-JIA-01
2001-09-17,9.1,17289.63,AS-JIA-01
2001-09-18,6.6,17202.7,AS-JIA-01
2001-09-19,120.2,17685.87,AS-JIA-01
2001-09-20,5.9,16987.08,AS-JIA-01
2001-09-21,0.4,15945.49,AS-JIA-01
2001-09-22,6.7,15115.72,AS-JIA-01
2001-09-23,7.0,14509.9,AS-JIA-01
2001-09-24,5.6,14033.85,AS-JIA-01
2001-09-25,3.9,13536.87,AS-JIA-01
2001-09-26,3.8,13055.65,AS-JIA-01
2001-09-27,0.5,12655.34,AS-JIA-01
2001-09-28,0.6,12233.97,AS-JIA-01
2001-09-29,1.8,11825.04,AS-JIA-01
2001-09-30,13.5,11609.86,AS-JIA-01
2001-10-01,12.3,12170.25,AS-JIA-01
2001-10-02,16.5,14142.44,AS-JIA-01
2001-10-03,15.6,16231.11,AS-JIA-01
2001-10-04,16.2,16647.23,AS-JIA-01
2001-10-05,21.5,16816.37,AS-JIA-01
2001-10-06,7.0,18364.77,AS-JIA-01
2001-10-07,5.6,19355.5,AS-JIA-01
2001-10-08,3.0,18272.9,AS-JIA-01
2001-10-09,1.9,16731.6,AS-JIA-01
2001-10-10,0.6,15387.86,AS-JIA-01
2001-10-11,1.2,14810.02,AS-JIA-01
2001-10-12,1.5,14509.9,AS-JIA-01
2001-10-13,4.9,14069.96,AS-JIA-01
2001-10-14,8.8,13712.52,AS-JIA-01
2001-10-15,5.3,13997.82,AS-JIA-01
2001-10-16,6.5,14772.2,AS-JIA-01
2001-10-17,3.5,14547.12,AS-JIA-01
2001-10-18,19.8,14069.96,AS-JIA-01
2001-10-19,0.7,13606.88,AS-JIA-01
2001-10-20,0.0,12920.98,AS-JIA-01
2001-10-21,0.0,12043.72,AS-JIA-01
2001-10-22,0.0,11219.32,AS-JIA-01
2001-10-23,0.0,10500.38,AS-JIA-01
2001-10-24,0.0,9821.64,AS-JIA-01
2001-10-25,0.0,9205.81,AS-JIA-01
2001-10-26,0.0,8670.43,AS-JIA-01
2001-10-27,0.0,8184.07,AS-JIA-01
2001-10-28,0.0,7720.67,AS-JIA-01
2001-10-29,0.6,7279.14,AS-JIA-01
2001-10-30,10.9,6976.59,AS-JIA-01
2001-10-31,1.1,6838.92,AS-JIA-01
2001-11-01,2.2,6897.65,AS-JIA-01
2001-11-02,0.0,6646.07,AS-JIA-01
2001-11-03,0.2,6401.93,AS-JIA-01
2001-11-04,6.3,6457.63,AS-JIA-01
2001-11-05,1.9,6627.04,AS-JIA-01
2001-11-06,0.0,6917.31,AS-JIA-01
2001-11-07,0.7,6917.31,AS-JIA-01
2001-11-08,1.9,6494.97,AS-JIA-01
2001-11-09,0.0,6111.3,AS-JIA-01
2001-11-10,0.0,5814.01,AS-JIA-01
2001-11-11,0.0,5495.24,AS-JIA-01
2001-11-12,0.0,5174.42,AS-JIA-01
2001-11-13,0.0,4853.07,AS-JIA-01
2001-11-14,0.0,4561.16,AS-JIA-01
2001-11-15,0.0,4296.01,AS-JIA-01
2001-11-16,0.0,4055.3,AS-JIA-01
2001-11-17,0.7,3874.86,AS-JIA-01
2001-11-18,0.0,3737.1,AS-JIA-01
2001-11-19,0.0,3626.96,AS-JIA-01
2001-11-20,0.0,3507.22,AS-JIA-01
2001-11-21,0.4,3401.81,AS-JIA-01
2001-11-22,0.0,3332.73,AS-JIA-01
2001-11-23,2.9,3242.09,AS-JIA-01
2001-11-24,0.0,3109.23,AS-JIA-01
2001-11-25,0.0,2979.99,AS-JIA-01
2001-11-26,0.0,2843.96,AS-JIA-01
2001-11-27,0.0,2701.94,AS-JIA-01
2001-11-28,0.0,2574.1,AS-JIA-01
2001-11-29,0.0,2468.88,AS-JIA-01
2001-11-30,0.0,2357.09,AS-JIA-01
2001-12-01,0.0,2257.3,AS-JIA-01
2001-12-02,0.0,2168.74,AS-JIA-01
2001-12-03,0.0,2082.21,AS-JIA-01
2001-12-04,0.0,1997.64,AS-JIA-01
2001-12-05,0.0,1964.35,AS-JIA-01
2001-12-06,0.0,1939.59,AS-JIA-01
2001-12-07,0.0,1923.17,AS-JIA-01
2001-12-08,6.4,2082.21,AS-JIA-01
2001-12-09,1.6,2203.92,AS-JIA-01
2001-12-10,0.0,2320.51,AS-JIA-01
2001-12-11,0.0,2357.09,AS-JIA-01
2001-12-12,0.0,2266.27,AS-JIA-01
2001-12-13,0.0,2142.57,AS-JIA-01
2001-12-14,0.0,2022.8,AS-JIA-01
2001-12-15,0.0,1906.84,AS-JIA-01
2001-12-16,0.0,1810.37,AS-JIA-01
2001-12-17,0.0,1731.99,AS-JIA-01
2001-12-18,0.0,1662.97,AS-JIA-01
2001-12-19,0.0,1587.95,AS-JIA-01
2001-12-20,0.0,1521.88,AS-JIA-01
2001-12-21,0.0,1464.3,AS-JIA-01
2001-12-22,0.0,1407.77,AS-JIA-01
2001-12-23,0.0,1338.55,AS-JIA-01
2001-12-24,0.0,1270.91,AS-JIA-01
2001-12-25,0.0,1204.81,AS-JIA-01
2001-12-26,0.0,1140.22,AS-JIA-01
2001-12-27,0.0,1083.34,AS-JIA-01
2001-12-28,0.0,1033.76,AS-JIA-01
2001-12-29,0.0,991.12,AS-JIA-01
2001-12-30,0.0,955.12,AS-JIA-01
2001-12-31,0.0,925.49,AS-JIA-01
2002-01-01,0.0,896.21,AS-JIA-01
2002-01-02,0.0,867.25,AS-JIA-01
2002-01-03,0.0,832.94,AS-JIA-01
2002-01-04,0.0,793.52,AS-JIA-01
2002-01-05,0.0,749.23,AS-JIA-01
2002-01-06,0.0,711.14,AS-JIA-01
2002-01-07,0.0,673.66,AS-JIA-01
2002-01-08,0.0,642.02,AS-JIA-01
2002-01-09,0.0,605.64,AS-JIA-01
2002-01-10,0.0,574.92,AS-JIA-01
2002-01-11,0.0,549.65,AS-JIA-01
2002-01-12,0.0,529.64,AS-JIA-01
2002-01-13,0.0,509.81,AS-JIA-01
2002-01-14,0.0,490.17,AS-JIA-01
2002-01-15,0.0,475.55,AS-JIA-01
2002-01-16,0.2,475.55,AS-JIA-01
2002-01-17,3.4,504.89,AS-JIA-01
2002-01-18,1.5,580.01,AS-JIA-01
2002-01-19,3.2,721.97,AS-JIA-01
2002-01-20,3.8,1027.62,AS-JIA-01
2002-01-21,1.3,1610.28,AS-JIA-01
2002-01-22,0.1,2302.35,AS-JIA-01
2002-01-23,0.2,2721.95,AS-JIA-01
2002-01-24,0.3,2916.69,AS-JIA-01
2002-01-25,0.0,2979.99,AS-JIA-01
2002-01-26,0.0,2823.39,AS-JIA-01
2002-01-27,0.0,2593.52,AS-JIA-01
2002-01-28,0.8,2384.75,AS-JIA-01
2002-01-29,0.0,2221.63,AS-JIA-01
2002-01-30,0.0,2125.23,AS-JIA-01
2002-01-31,0.0,2107.96,AS-JIA-01
2002-02-01,0.0,2073.67,AS-JIA-01
2002-02-02,0.0,1980.95,AS-JIA-01
2002-02-03,0.0,1882.46,AS-JIA-01
2002-02-04,0.0,1794.54,AS-JIA-01
2002-02-05,0.0,1724.25,AS-JIA-01
2002-02-06,0.0,1685.81,AS-JIA-01
2002-02-07,0.0,1610.28,AS-JIA-01
2002-02-08,0.0,1507.39,AS-JIA-01
2002-02-09,0.0,1428.85,AS-JIA-01
2002-02-10,0.0,1359.15,AS-JIA-01
2002-02-11,0.0,1311.31,AS-JIA-01
2002-02-12,0.0,1277.6,AS-JIA-01
2002-02-13,0.0,1264.23,AS-JIA-01
2002-02-14,0.0,1244.29,AS-JIA-01
2002-02-15,0.0,1237.67,AS-JIA-01
2002-02-16,0.0,1231.07,AS-JIA-01
2002-02-17,0.0,1191.77,AS-JIA-01
2002-02-18,0.0,1121.13,AS-JIA-01
2002-02-19,1.9,1058.43,AS-JIA-01
2002-02-20,0.0,1027.62,AS-JIA-01
2002-02-21,0.1,1121.13,AS-JIA-01
2002-02-22,0.0,1153.01,AS-JIA-01
2002-02-23,0.0,1127.47,AS-JIA-01
2002-02-24,0.0,1127.47,AS-JIA-01
2002-02-25,0.0,1165.87,AS-JIA-01
2002-02-26,0.0,1211.35,AS-JIA-01
2002-02-27,0.0,1536.45,AS-JIA-01
2002-02-28,0.0,2221.63,AS-JIA-01
2002-03-01,0.0,2375.51,AS-JIA-01
2002-03-02,0.0,2116.58,AS-JIA-01
2002-03-03,1.8,1923.17,AS-JIA-01
2002-03-04,0.0,1915.0,AS-JIA-01
2002-03-05,0.0,2221.63,AS-JIA-01
2002-03-06,0.0,2478.34,AS-JIA-01
2002-03-07,0.0,2459.44,AS-JIA-01
2002-03-08,0.0,2329.62,AS-JIA-01
2002-03-09,0.0,2133.88,AS-JIA-01
2002-03-10,0.0,1972.65,AS-JIA-01
2002-03-11,0.0,1915.0,AS-JIA-01
2002-03-12,0.0,1834.23,AS-JIA-01
2002-03-13,0.0,1794.54,AS-JIA-01
2002-03-14,0.0,1842.23,AS-JIA-01
2002-03-15,0.0,1989.29,AS-JIA-01
2002-03-16,0.0,2478.34,AS-JIA-01
2002-03-17,0.0,2885.38,AS-JIA-01
2002-03-18,0.0,2792.71,AS-JIA-01
2002-03-19,0.0,2516.37,AS-JIA-01
2002-03-20,0.0,2248.35,AS-JIA-01
2002-03-21,0.0,2090.77,AS-JIA-01
2002-03-22,0.7,2014.39,AS-JIA-01
2002-03-23,3.0,2073.67,AS-JIA-01
2002-03-24,26.7,2613.02,AS-JIA-01
2002-03-25,14.9,3287.2,AS-JIA-01
2002-03-26,11.6,4029.17,AS-JIA-01
2002-03-27,4.9,4838.16,AS-JIA-01
2002-03-28,8.5,6040.3,AS-JIA-01
2002-03-29,5.0,7116.47,AS-JIA-01
2002-03-30,0.2,6780.6,AS-JIA-01
2002-03-31,0.0,5848.39,AS-JIA-01
2002-04-01,3.0,5050.17,AS-JIA-01
2002-04-02,8.3,4690.86,AS-JIA-01
2002-04-03,8.7,4823.28,AS-JIA-01
2002-04-04,0.0,4943.31,AS-JIA-01
2002-04-05,0.0,4838.16,AS-JIA-01
2002-04-06,0.0,4504.37,AS-JIA-01
2002-04-07,0.1,4107.93,AS-JIA-01
2002-04-08,6.8,3964.35,AS-JIA-01
2002-04-09,7.7,4518.52,AS-JIA-01
2002-04-10,6.5,8505.68,AS-JIA-01
2002-04-11,3.8,14142.44,AS-JIA-01
2002-04-12,0.5,12589.68,AS-JIA-01
2002-04-13,0.0,9612.58,AS-JIA-01
2002-04-14,0.0,7656.28,AS-JIA-01
2002-04-15,0.0,6589.09,AS-JIA-01
2002-04-16,15.4,6532.48,AS-JIA-01
2002-04-17,6.1,7238.2,AS-JIA-01
2002-04-18,12.5,9106.44,AS-JIA-01
2002-04-19,20.6,16521.4,AS-JIA-01
2002-04-20,1.2,18272.9,AS-JIA-01
2002-04-21,20.2,14810.02,AS-JIA-01
2002-04-22,7.7,12043.72,AS-JIA-01
2002-04-23,0.0,10333.9,AS-JIA-01
2002-04-24,2.0,9205.81,AS-JIA-01
2002-04-25,10.7,8482.37,AS-JIA-01
2002-04-26,28.7,8575.97,AS-JIA-01
2002-04-27,13.8,9664.49,AS-JIA-01
2002-04-28,33.6,11189.77,AS-JIA-01
2002-04-29,15.5,11219.32,AS-JIA-01
2002-04-30,11.7,10754.44,AS-JIA-01
2002-05-01,15.1,10869.06,AS-JIA-01
2002-05-02,13.4,10612.66,AS-JIA-01
2002-05-03,17.7,10034.6,AS-JIA-01
2002-05-04,15.5,9407.33,AS-JIA-01
2002-05-05,2.4,8861.98,AS-JIA-01
2002-05-06,1.1,8389.64,AS-JIA-01
2002-05-07,0.5,7894.57,AS-JIA-01
2002-05-08,0.0,7465.76,AS-JIA-01
2002-05-09,2.0,7116.47,AS-JIA-01
2002-05-10,3.1,6878.02,AS-JIA-01
2002-05-11,4.4,7279.14,AS-JIA-01
2002-05-12,0.0,8741.85,AS-JIA-01
2002-05-13,0.6,9230.81,AS-JIA-01
2002-05-14,10.5,8505.68,AS-JIA-01
2002-05-15,6.2,7785.5,AS-JIA-01
2002-05-16,0.1,7340.91,AS-JIA-01
2002-05-17,1.9,7197.44,AS-JIA-01
2002-05-18,4.3,7340.91,AS-JIA-01
2002-05-19,18.3,8027.1,AS-JIA-01
2002-05-20,17.0,10754.44,AS-JIA-01
2002-05-21,19.5,22520.57,AS-JIA-01
2002-05-22,13.7,30134.36,AS-JIA-01
2002-05-23,0.5,25530.23,AS-JIA-01
2002-05-24,1.3,18689.71,AS-JIA-01
2002-05-25,20.3,15000.43,AS-JIA-01
2002-05-26,96.4,15309.66,AS-JIA-01
2002-05-27,21.2,15824.48,AS-JIA-01
2002-05-28,27.6,15270.69,AS-JIA-01
2002-05-29,0.5,14215.27,AS-JIA-01
2002-05-30,12.1,12954.52,AS-JIA-01
2002-05-31,5.4,12297.97,AS-JIA-01
2002-06-01,7.2,12106.83,AS-JIA-01
2002-06-02,5.8,12106.83,AS-JIA-01
2002-06-03,8.4,12265.94,AS-JIA-01
2002-06-04,21.8,12491.78,AS-JIA-01
2002-06-05,8.3,12491.78,AS-JIA-01
2002-06-06,10.7,12988.14,AS-JIA-01
2002-06-07,5.7,13606.88,AS-JIA-01
2002-06-08,0.4,13642.02,AS-JIA-01
2002-06-09,0.0,12920.98,AS-JIA-01
2002-06-10,20.6,12556.97,AS-JIA-01
2002-06-11,24.4,13747.9,AS-JIA-01
2002-06-12,25.3,15624.65,AS-JIA-01
2002-06-13,95.2,21486.67,AS-JIA-01
2002-06-14,91.8,26941.67,AS-JIA-01
2002-06-15,53.8,27139.76,AS-JIA-01
2002-06-16,8.5,26291.25,AS-JIA-01
2002-06-17,13.1,25718.53,AS-JIA-01
2002-06-18,12.0,27139.76,AS-JIA-01
2002-06-19,11.2,28495.77,AS-JIA-01
2002-06-20,28.3,28014.05,AS-JIA-01
2002-06-21,15.0,27674.67,AS-JIA-01
2002-06-22,13.8,27007.56,AS-JIA-01
2002-06-23,7.9,26614.6,AS-JIA-01
2002-06-24,8.7,26227.02,AS-JIA-01
2002-06-25,11.2,26291.25,AS-JIA-01
2002-06-26,8.4,26875.95,AS-JIA-01
2002-06-27,3.6,26941.67,AS-JIA-01
2002-06-28,5.2,28150.88,AS-JIA-01
2002-06-29,23.9,31631.54,AS-JIA-01
2002-06-30,67.5,35518.93,AS-JIA-01
2002-07-01,28.7,36296.87,AS-JIA-01
2002-07-02,41.2,34673.24,AS-JIA-01
2002-07-03,11.5,35093.65,AS-JIA-01
2002-07-04,50.6,35776.44,AS-JIA-01
2002-07-05,42.0,34924.92,AS-JIA-01
2002-07-06,24.7,34589.74,AS-JIA-01
2002-07-07,29.2,35093.65,AS-JIA-01
2002-07-08,20.0,35604.57,AS-JIA-01
2002-07-09,13.3,34257.67,AS-JIA-01
2002-07-10,21.3,33119.11,AS-JIA-01
2002-07-11,30.6,33521.53,AS-JIA-01
2002-07-12,33.1,33765.23,AS-JIA-01
2002-07-13,11.6,32879.89,AS-JIA-01
2002-07-14,7.7,31708.22,AS-JIA-01
2002-07-15,3.4,29626.44,AS-JIA-01
2002-07-16,16.3,27607.27,AS-JIA-01
2002-07-17,21.5,26614.6,AS-JIA-01
2002-07-18,5.4,26484.8,AS-JIA-01
2002-07-19,36.7,28985.32,AS-JIA-01
2002-07-20,40.1,36824.53,AS-JIA-01
2002-07-21,56.8,49180.74,AS-JIA-01
2002-07-22,46.4,54211.63,AS-JIA-01
2002-07-23,48.5,53192.36,AS-JIA-01
2002-07-24,14.8,50604.35,AS-JIA-01
2002-07-25,6.9,46893.74,AS-JIA-01
2002-07-26,10.2,43968.71,AS-JIA-01
2002-07-27,17.3,42420.59,AS-JIA-01
2002-07-28,117.7,42420.59,AS-JIA-01
2002-07-29,33.4,39860.62,AS-JIA-01
2002-07-30,11.8,35862.67,AS-JIA-01
2002-07-31,15.6,33440.68,AS-JIA-01
2002-08-01,12.3,33119.11,AS-JIA-01
2002-08-02,4.5,32800.52,AS-JIA-01
2002-08-03,11.3,31555.01,AS-JIA-01
2002-08-04,7.3,30207.63,AS-JIA-01
2002-08-05,7.6,28634.83,AS-JIA-01
2002-08-06,5.6,27139.76,AS-JIA-01
2002-08-07,6.3,26035.22,AS-JIA-01
2002-08-08,10.5,24973.12,AS-JIA-01
2002-08-09,21.4,24608.07,AS-JIA-01
2002-08-10,53.5,27472.93,AS-JIA-01
2002-08-11,57.7,34673.24,AS-JIA-01
2002-08-12,50.4,35518.93,AS-JIA-01
2002-08-13,3.3,32094.27,AS-JIA-01
2002-08-14,6.5,29197.57,AS-JIA-01
2002-08-15,15.9,27139.76,AS-JIA-01
2002-08-16,1.1,25781.58,AS-JIA-01
2002-08-17,19.4,24729.19,AS-JIA-01
2002-08-18,15.7,24248.02,AS-JIA-01
2002-08-19,16.1,25095.92,AS-JIA-01
2002-08-20,3.6,24911.93,AS-JIA-01
2002-08-21,0.0,23026.35,AS-JIA-01
2002-08-22,2.0,21327.5,AS-JIA-01
2002-08-23,16.2,20395.32,AS-JIA-01
2002-08-24,8.9,19893.9,AS-JIA-01
2002-08-25,4.8,19211.02,AS-JIA-01
2002-08-26,3.1,18410.86,AS-JIA-01
2002-08-27,1.8,17597.1,AS-JIA-01
2002-08-28,5.5,16816.37,AS-JIA-01
2002-08-29,18.3,16190.02,AS-JIA-01
2002-08-30,12.1,15664.43,AS-JIA-01
2002-08-31,3.3,15038.76,AS-JIA-01
2002-09-01,12.3,14435.72,AS-JIA-01
2002-09-02,4.9,13854.51,AS-JIA-01
2002-09-03,3.2,13294.32,AS-JIA-01
2002-09-04,0.4,12754.37,AS-JIA-01
2002-09-05,5.0,12459.29,AS-JIA-01
2002-09-06,1.8,12202.09,AS-JIA-01
2002-09-07,1.0,11825.04,AS-JIA-01
2002-09-08,0.0,11248.95,AS-JIA-01
2002-09-09,0.0,10640.88,AS-JIA-01
2002-09-10,3.9,10115.49,AS-JIA-01
2002-09-11,4.8,9690.52,AS-JIA-01
2002-09-12,1.2,9306.1,AS-JIA-01
2002-09-13,0.4,8959.09,AS-JIA-01
2002-09-14,5.3,8934.74,AS-JIA-01
2002-09-15,6.9,9509.48,AS-JIA-01
2002-09-16,5.2,12854.11,AS-JIA-01
2002-09-17,3.4,15309.66,AS-JIA-01
2002-09-18,0.0,13501.98,AS-JIA-01
2002-09-19,0.0,11219.32,AS-JIA-01
2002-09-20,0.0,9874.51,AS-JIA-01
2002-09-21,2.4,9032.51,AS-JIA-01
2002-09-22,12.2,8813.77,AS-JIA-01
2002-09-23,43.2,11130.85,AS-JIA-01
2002-09-24,30.0,15309.66,AS-JIA-01
2002-09-25,33.3,17289.63,AS-JIA-01
2002-09-26,5.7,16689.37,AS-JIA-01
2002-09-27,19.4,16605.19,AS-JIA-01
2002-09-28,19.4,18503.38,AS-JIA-01
2002-09-29,4.6,21222.02,AS-JIA-01
2002-09-30,7.0,24608.07,AS-JIA-01
2002-10-01,10.2,25655.59,AS-JIA-01
2002-10-02,6.1,22079.72,AS-JIA-01
2002-10-03,5.6,19115.25,AS-JIA-01
2002-10-04,2.7,17508.74,AS-JIA-01
2002-10-05,0.0,16067.34,AS-JIA-01
2002-10-06,0.0,14772.2,AS-JIA-01
2002-10-07,0.0,13712.52,AS-JIA-01
2002-10-08,0.3,12820.78,AS-JIA-01
2002-10-09,0.3,12012.26,AS-JIA-01
2002-10-10,0.3,11308.41,AS-JIA-01
2002-10-11,0.0,10697.53,AS-JIA-01
2002-10-12,0.0,10142.56,AS-JIA-01
2002-10-13,0.1,9612.58,AS-JIA-01
2002-10-14,0.0,9081.75,AS-JIA-01
2002-10-15,0.0,8575.97,AS-JIA-01
2002-10-16,0.0,8116.48,AS-JIA-01
2002-10-17,0.0,7720.67,AS-JIA-01
2002-10-18,12.3,7634.91,AS-JIA-01
2002-10-19,3.0,7742.23,AS-JIA-01
2002-10-20,0.2,8049.38,AS-JIA-01
2002-10-21,1.3,8049.38,AS-JIA-01
2002-10-22,1.7,7785.5,AS-JIA-01
2002-10-23,0.2,7465.76,AS-JIA-01
2002-10-24,0.0,7116.47,AS-JIA-01
2002-10-25,0.0,6722.69,AS-JIA-01
2002-10-26,0.0,6346.62,AS-JIA-01
2002-10-27,0.0,5987.47,AS-JIA-01
2002-10-28,1.0,5678.09,AS-JIA-01
2002-10-29,0.0,5365.13,AS-JIA-01
2002-10-30,0.0,5081.02,AS-JIA-01
2002-10-31,0.0,4823.28,AS-JIA-01
2002-11-01,0.0,4561.16,AS-JIA-01
2002-11-02,0.0,4309.68,AS-JIA-01
2002-11-03,0.0,4068.41,AS-JIA-01
2002-11-04,0.0,3874.86,AS-JIA-01
2002-11-05,0.0,3712.43,AS-JIA-01
2002-11-06,0.0,3554.79,AS-JIA-01
2002-11-07,0.0,3401.81,AS-JIA-01
2002-11-08,0.0,3230.87,AS-JIA-01
2002-11-09,0.0,3065.75,AS-JIA-01
2002-11-10,0.0,2906.23,AS-JIA-01
2002-11-11,0.1,2762.24,AS-JIA-01
2002-11-12,27.1,2802.91,AS-JIA-01
2002-11-13,17.6,3253.32,AS-JIA-01
2002-11-14,0.0,3626.96,AS-JIA-01
2002-11-15,0.0,4121.17,AS-JIA-01
2002-11-16,0.0,4296.01,AS-JIA-01
2002-11-17,0.0,3925.81,AS-JIA-01
2002-11-18,0.0,3495.4,AS-JIA-01
2002-11-19,0.0,3164.14,AS-JIA-01
2002-11-20,0.0,2916.69,AS-JIA-01
2002-11-21,0.0,2731.99,AS-JIA-01
2002-11-22,0.0,2583.8,AS-JIA-01
2002-11-23,0.0,2450.04,AS-JIA-01
2002-11-24,0.0,2320.51,AS-JIA-01
2002-11-25,0.0,2186.29,AS-JIA-01
2002-11-26,0.0,2073.67,AS-JIA-01
2002-11-27,0.0,1972.65,AS-JIA-01
2002-11-28,0.0,1882.46,AS-JIA-01
2002-11-29,0.0,1802.45,AS-JIA-01
2002-11-30,0.0,1724.25,AS-JIA-01
2002-12-01,0.0,1678.18,AS-JIA-01
2002-12-02,0.0,1617.75,AS-JIA-01
2002-12-03,0.0,1558.42,AS-JIA-01
2002-12-04,0.0,1529.16,AS-JIA-01
2002-12-05,0.0,1514.62,AS-JIA-01
2002-12-06,0.0,1492.96,AS-JIA-01
2002-12-07,0.0,1464.3,AS-JIA-01
2002-12-08,0.0,1435.9,AS-JIA-01
2002-12-09,0.0,1407.77,AS-JIA-01
2002-12-10,0.0,1366.05,AS-JIA-01
2002-12-11,0.0,1311.31,AS-JIA-01
2002-12-12,0.0,1257.57,AS-JIA-01
2002-12-13,0.0,1204.81,AS-JIA-01
2002-12-14,0.0,1153.01,AS-JIA-01
2002-12-15,0.0,1102.17,AS-JIA-01
2002-12-16,0.0,1046.06,AS-JIA-01
2002-12-17,0.0,997.17,AS-JIA-01
2002-12-18,0.0,967.06,AS-JIA-01
2002-12-19,0.9,985.08,AS-JIA-01
2002-12-20,4.8,1089.6,AS-JIA-01
2002-12-21,2.5,1217.91,AS-JIA-01
2002-12-22,0.0,1257.57,AS-JIA-01
2002-12-23,0.0,1270.91,AS-JIA-01
2002-12-24,0.0,1284.32,AS-JIA-01
2002-12-25,0.0,1257.57,AS-JIA-01
2002-12-26,0.0,1191.77,AS-JIA-01
2002-12-27,0.4,1140.22,AS-JIA-01
2002-12-28,1.4,1140.22,AS-JIA-01
2002-12-29,1.8,1165.87,AS-JIA-01
2002-12-30,0.0,1140.22,AS-JIA-01
2002-12-31,0.0,1089.6,AS-JIA-01
2003-01-01,0.0,1064.64,AS-JIA-01
2003-01-02,0.0,1033.76,AS-JIA-01
2003-01-03,0.0,991.12,AS-JIA-01
2003-01-04,1.8,943.23,AS-JIA-01
2003-01-05,0.0,902.03,AS-JIA-01
2003-01-06,0.0,855.77,AS-JIA-01
2003-01-07,0.0,815.97,AS-JIA-01
2003-01-08,0.0,810.34,AS-JIA-01
2003-01-09,0.0,799.11,AS-JIA-01
2003-01-10,0.0,760.23,AS-JIA-01
2003-01-11,0.0,749.23,AS-JIA-01
2003-01-12,0.0,743.76,AS-JIA-01
2003-01-13,0.0,732.83,AS-JIA-01
2003-01-14,0.0,705.75,AS-JIA-01
2003-01-15,0.0,678.98,AS-JIA-01
2003-01-16,0.0,657.79,AS-JIA-01
2003-01-17,0.0,631.57,AS-JIA-01
2003-01-18,0.0,600.49,AS-JIA-01
2003-01-19,0.0,569.85,AS-JIA-01
2003-01-20,0.0,534.63,AS-JIA-01
2003-01-21,0.0,504.89,AS-JIA-01
2003-01-22,0.0,480.41,AS-JIA-01
2003-01-23,0.4,470.71,AS-JIA-01
2003-01-24,1.6,504.89,AS-JIA-01
2003-01-25,0.0,534.63,AS-JIA-01
2003-01-26,0.0,534.63,AS-JIA-01
2003-01-27,0.0,529.64,AS-JIA-01
2003-01-28,0.0,524.67,AS-JIA-01
2003-01-29,3.6,554.68,AS-JIA-01
2003-01-30,2.4,631.57,AS-JIA-01
2003-01-31,0.6,787.94,AS-JIA-01
2003-02-01,0.0,1052.24,AS-JIA-01
2003-02-02,0.0,1185.27,AS-JIA-01
2003-02-03,0.0,1133.84,AS-JIA-01
2003-02-04,0.0,1046.06,AS-JIA-01
2003-02-05,8.7,1027.62,AS-JIA-01
2003-02-06,0.8,1039.91,AS-JIA-01
2003-02-07,2.7,1102.17,AS-JIA-01
2003-02-08,0.5,1178.8,AS-JIA-01
2003-02-09,1.9,1217.91,AS-JIA-01
2003-02-10,1.3,1304.54,AS-JIA-01
2003-02-11,0.0,1492.96,AS-JIA-01
2003-02-12,4.5,1731.99,AS-JIA-01
2003-02-13,3.5,1939.59,AS-JIA-01
2003-02-14,3.0,2065.13,AS-JIA-01
2003-02-15,0.0,2160.0,AS-JIA-01
2003-02-16,0.0,2142.57,AS-JIA-01
2003-02-17,0.0,1989.29,AS-JIA-01
2003-02-18,0.0,1794.54,AS-JIA-01
2003-02-19,0.2,1625.24,AS-JIA-01
2003-02-20,0.0,1507.39,AS-JIA-01
2003-02-21,0.0,1492.96,AS-JIA-01
2003-02-22,0.0,1716.53,AS-JIA-01
2003-02-23,0.0,1989.29,AS-JIA-01
2003-02-24,0.0,1931.37,AS-JIA-01
2003-02-25,4.2,1770.95,AS-JIA-01
2003-02-26,0.8,1708.82,AS-JIA-01
2003-02-27,2.7,1716.53,AS-JIA-01
2003-02-28,0.0,1810.37,AS-JIA-01
2003-03-01,0.0,1858.26,AS-JIA-01
2003-03-02,0.1,1810.37,AS-JIA-01
2003-03-03,4.9,1802.45,AS-JIA-01
2003-03-04,0.5,1866.31,AS-JIA-01
2003-03-05,0.0,2031.23,AS-JIA-01
2003-03-06,0.0,2642.46,AS-JIA-01
2003-03-07,0.0,2813.14,AS-JIA-01
2003-03-08,0.0,2506.83,AS-JIA-01
2003-03-09,0.0,2212.77,AS-JIA-01
2003-03-10,0.2,1997.64,AS-JIA-01
2003-03-11,0.9,1882.46,AS-JIA-01
2003-03-12,2.2,1874.38,AS-JIA-01
2003-03-13,2.9,2022.8,AS-JIA-01
2003-03-14,0.6,2394.01,AS-JIA-01
2003-03-15,1.6,2895.8,AS-JIA-01
2003-03-16,7.0,3033.41,AS-JIA-01
2003-03-17,2.4,3076.59,AS-JIA-01
2003-03-18,3.6,3507.22,AS-JIA-01
2003-03-19,13.1,4228.14,AS-JIA-01
2003-03-20,20.3,4647.33,AS-JIA-01
2003-03-21,1.9,4532.7,AS-JIA-01
2003-03-22,0.0,4228.14,AS-JIA-01
2003-03-23,0.0,3824.35,AS-JIA-01
2003-03-24,0.0,3425.04,AS-JIA-01
2003-03-25,0.0,3120.16,AS-JIA-01
2003-03-26,0.1,2874.99,AS-JIA-01
2003-03-27,0.1,2701.94,AS-JIA-01
2003-03-28,0.0,2564.42,AS-JIA-01
2003-03-29,1.5,2478.34,AS-JIA-01
2003-03-30,24.8,3044.16,AS-JIA-01
2003-03-31,31.3,3651.24,AS-JIA-01
2003-04-01,13.7,4094.73,AS-JIA-01
2003-04-02,5.8,4561.16,AS-JIA-01
2003-04-03,0.7,5221.6,AS-JIA-01
2003-04-04,1.1,5429.88,AS-JIA-01
2003-04-05,0.0,5221.6,AS-JIA-01
2003-04-06,0.0,4853.07,AS-JIA-01
2003-04-07,0.6,4793.62,AS-JIA-01
2003-04-08,0.2,4853.07,AS-JIA-01
2003-04-09,0.3,5004.16,AS-JIA-01
2003-04-10,0.0,5004.16,AS-JIA-01
2003-04-11,15.7,5081.02,AS-JIA-01
2003-04-12,19.2,6022.65,AS-JIA-01
2003-04-13,0.4,7136.64,AS-JIA-01
2003-04-14,0.0,7056.24,AS-JIA-01
2003-04-15,6.2,6383.45,AS-JIA-01
2003-04-16,8.5,5917.61,AS-JIA-01
2003-04-17,37.5,6346.62,AS-JIA-01
2003-04-18,0.0,7528.82,AS-JIA-01
2003-04-19,5.8,7699.15,AS-JIA-01
2003-04-20,7.9,7613.6,AS-JIA-01
2003-04-21,14.3,10306.38,AS-JIA-01
2003-04-22,16.7,14033.85,AS-JIA-01
2003-04-23,0.0,14215.27,AS-JIA-01
2003-04-24,0.0,11670.98,AS-JIA-01
2003-04-25,2.7,9407.33,AS-JIA-01
2003-04-26,26.9,8435.9,AS-JIA-01
2003-04-27,31.6,8274.9,AS-JIA-01
2003-04-28,5.4,8252.11,AS-JIA-01
2003-04-29,0.9,8004.89,AS-JIA-01
2003-04-30,3.0,7872.65,AS-JIA-01
2003-05-01,9.5,7960.6,AS-JIA-01
2003-05-02,9.7,7894.57,AS-JIA-01
2003-05-03,1.0,7720.67,AS-JIA-01
2003-05-04,9.1,7982.72,AS-JIA-01
2003-05-05,2.9,10528.34,AS-JIA-01
2003-05-06,6.6,14696.84,AS-JIA-01
2003-05-07,7.1,16149.03,AS-JIA-01
2003-05-08,5.4,16647.23,AS-JIA-01
2003-05-09,0.0,15864.72,AS-JIA-01
2003-05-10,0.5,13536.87,AS-JIA-01
2003-05-11,0.0,11549.01,AS-JIA-01
2003-05-12,0.0,10224.19,AS-JIA-01
2003-05-13,0.0,9331.32,AS-JIA-01
2003-05-14,3.1,8717.98,AS-JIA-01
2003-05-15,3.9,8623.09,AS-JIA-01
2003-05-16,4.3,9032.51,AS-JIA-01
2003-05-17,3.8,10528.34,AS-JIA-01
2003-05-18,11.3,12655.34,AS-JIA-01
2003-05-19,1.2,13055.65,AS-JIA-01
2003-05-20,8.9,11949.55,AS-JIA-01
2003-05-21,21.0,12688.28,AS-JIA-01
2003-05-22,6.5,13363.21,AS-JIA-01
2003-05-23,20.1,12820.78,AS-JIA-01
2003-05-24,5.4,11856.06,AS-JIA-01
2003-05-25,21.7,12491.78,AS-JIA-01
2003-05-26,53.9,16689.37,AS-JIA-01
2003-05-27,13.9,18642.97,AS-JIA-01
2003-05-28,7.4,17685.87,AS-JIA-01
2003-05-29,5.8,17030.0,AS-JIA-01
2003-05-30,17.0,15664.43,AS-JIA-01
2003-05-31,0.0,14033.85,AS-JIA-01
2003-06-01,1.0,12854.11,AS-JIA-01
2003-06-02,6.5,12043.72,AS-JIA-01
2003-06-03,3.5,11701.65,AS-JIA-01
2003-06-04,34.7,12491.78,AS-JIA-01
2003-06-05,6.9,14069.96,AS-JIA-01
2003-06-06,18.6,15704.31,AS-JIA-01
2003-06-07,12.1,18410.86,AS-JIA-01
2003-06-08,29.6,21593.38,AS-JIA-01
2003-06-09,10.8,20294.11,AS-JIA-01
2003-06-10,0.8,17685.87,AS-JIA-01
2003-06-11,22.4,16521.4,AS-JIA-01
2003-06-12,22.1,18227.09,AS-JIA-01
2003-06-13,17.1,24367.47,AS-JIA-01
2003-06-14,18.6,33928.61,AS-JIA-01
2003-06-15,8.7,34506.43,AS-JIA-01
2003-06-16,12.2,29554.55,AS-JIA-01
2003-06-17,5.6,25157.53,AS-JIA-01
2003-06-18,3.2,22800.26,AS-JIA-01
2003-06-19,1.2,22134.38,AS-JIA-01
2003-06-20,16.2,22134.38,AS-JIA-01
2003-06-21,4.8,22299.14,AS-JIA-01
2003-06-22,23.1,22744.07,AS-JIA-01
2003-06-23,21.3,23484.79,AS-JIA-01
2003-06-24,12.1,25157.53,AS-JIA-01
2003-06-25,11.5,29554.55,AS-JIA-01
2003-06-26,32.8,37901.96,AS-JIA-01
2003-06-27,84.0,43239.59,AS-JIA-01
2003-06-28,96.4,45462.69,AS-JIA-01
2003-06-29,71.4,49650.93,AS-JIA-01
2003-06-30,70.6,49415.31,AS-JIA-01
2003-07-01,19.4,45354.38,AS-JIA-01
2003-07-02,10.0,40925.02,AS-JIA-01
2003-07-03,19.3,40729.45,AS-JIA-01
2003-07-04,8.1,43446.75,AS-JIA-01
2003-07-05,10.8,42930.72,AS-JIA-01
2003-07-06,12.5,40729.45,AS-JIA-01
2003-07-07,17.0,44603.11,AS-JIA-01
2003-07-08,17.3,52315.71,AS-JIA-01
2003-07-09,34.3,52814.91,AS-JIA-01
2003-07-10,5.0,49063.88,AS-JIA-01
2003-07-11,19.5,47005.65,AS-JIA-01
2003-07-12,24.0,45138.5,AS-JIA-01
2003-07-13,14.3,43550.67,AS-JIA-01
2003-07-14,24.2,41517.07,AS-JIA-01
2003-07-15,15.1,39765.19,AS-JIA-01
2003-07-16,10.3,37901.96,AS-JIA-01
2003-07-17,17.5,36471.92,AS-JIA-01
2003-07-18,6.8,35690.41,AS-JIA-01
2003-07-19,11.4,36736.08,AS-JIA-01
2003-07-20,18.2,40341.1,AS-JIA-01
2003-07-21,8.0,38084.44,AS-JIA-01
2003-07-22,4.7,33683.79,AS-JIA-01
2003-07-23,0.0,30576.3,AS-JIA-01
2003-07-24,11.4,28704.6,AS-JIA-01
2003-07-25,6.7,27472.93,AS-JIA-01
2003-07-26,18.1,26875.95,AS-JIA-01
2003-07-27,27.0,26355.61,AS-JIA-01
2003-07-28,13.3,26614.6,AS-JIA-01
2003-07-29,58.6,30502.22,AS-JIA-01
2003-07-30,39.0,35348.25,AS-JIA-01
2003-07-31,7.0,33846.82,AS-JIA-01
2003-08-01,11.9,30428.31,AS-JIA-01
2003-08-02,2.6,27742.23,AS-JIA-01
2003-08-03,0.5,25592.84,AS-JIA-01
2003-08-04,3.9,24069.84,AS-JIA-01
2003-08-05,3.6,22800.26,AS-JIA-01
2003-08-06,7.5,21700.59,AS-JIA-01
2003-08-07,15.6,21433.48,AS-JIA-01
2003-08-08,9.0,21327.5,AS-JIA-01
2003-08-09,5.5,21064.67,AS-JIA-01
2003-08-10,5.8,21169.46,AS-JIA-01
2003-08-11,7.9,21700.59,AS-JIA-01
2003-08-12,10.3,21808.28,AS-JIA-01
2003-08-13,5.4,20960.39,AS-JIA-01
2003-08-14,24.5,20243.69,AS-JIA-01
2003-08-15,13.7,20193.37,AS-JIA-01
2003-08-16,12.6,21539.96,AS-JIA-01
2003-08-17,81.7,25530.23,AS-JIA-01
2003-08-18,49.5,28426.48,AS-JIA-01
2003-08-19,9.6,26291.25,AS-JIA-01
2003-08-20,8.6,24010.74,AS-JIA-01
2003-08-21,0.4,22079.72,AS-JIA-01
2003-08-22,51.0,21064.67,AS-JIA-01
2003-08-23,11.4,20701.77,AS-JIA-01
2003-08-24,5.1,20143.18,AS-JIA-01
2003-08-25,1.3,19355.5,AS-JIA-01
2003-08-26,16.8,18410.86,AS-JIA-01
2003-08-27,13.0,18090.39,AS-JIA-01
2003-08-28,12.8,18364.77,AS-JIA-01
2003-08-29,6.9,18689.71,AS-JIA-01
2003-08-30,7.7,19115.25,AS-JIA-01
2003-08-31,13.5,20093.07,AS-JIA-01
2003-09-01,22.0,21808.28,AS-JIA-01
2003-09-02,16.9,22856.58,AS-JIA-01
2003-09-03,23.1,23542.69,AS-JIA-01
2003-09-04,14.2,23600.72,AS-JIA-01
2003-09-05,14.5,22299.14,AS-JIA-01
2003-09-06,15.7,21169.46,AS-JIA-01
2003-09-07,20.7,20093.07,AS-JIA-01
2003-09-08,8.9,19259.07,AS-JIA-01
2003-09-09,2.2,18830.56,AS-JIA-01
2003-09-10,1.0,18227.09,AS-JIA-01
2003-09-11,1.2,17597.1,AS-JIA-01
2003-09-12,5.5,17508.74,AS-JIA-01
2003-09-13,4.6,17552.86,AS-JIA-01
2003-09-14,12.3,17289.63,AS-JIA-01
2003-09-15,20.8,17073.04,AS-JIA-01
2003-09-16,8.2,17073.04,AS-JIA-01
2003-09-17,19.7,17376.99,AS-JIA-01
2003-09-18,9.6,17775.03,AS-JIA-01
2003-09-19,10.8,18135.85,AS-JIA-01
2003-09-20,18.4,18736.55,AS-JIA-01
2003-09-21,8.0,18925.04,AS-JIA-01
2003-09-22,5.5,17730.39,AS-JIA-01
2003-09-23,0.7,16521.4,AS-JIA-01
2003-09-24,13.9,15905.06,AS-JIA-01
2003-09-25,1.7,15309.66,AS-JIA-01
2003-09-26,7.8,14772.2,AS-JIA-01
2003-09-27,10.6,14547.12,AS-JIA-01
2003-09-28,4.3,14734.47,AS-JIA-01
2003-09-29,10.9,15000.43,AS-JIA-01
2003-09-30,10.0,15154.32,AS-JIA-01
2003-10-01,8.4,15986.02,AS-JIA-01
2003-10-02,11.9,16396.41,AS-JIA-01
2003-10-03,7.8,16190.02,AS-JIA-01
2003-10-04,9.0,16026.63,AS-JIA-01
2003-10-05,5.0,16479.62,AS-JIA-01
2003-10-06,0.0,16190.02,AS-JIA-01
2003-10-07,0.5,15038.76,AS-JIA-01
2003-10-08,1.6,13854.51,AS-JIA-01
2003-10-09,42.9,13890.21,AS-JIA-01
2003-10-10,98.9,17954.63,AS-JIA-01
2003-10-11,0.8,21862.34,AS-JIA-01
2003-10-12,0.7,20548.02,AS-JIA-01
2003-10-13,0.0,17641.42,AS-JIA-01
2003-10-14,0.0,15545.36,AS-JIA-01
2003-10-15,0.1,14069.96,AS-JIA-01
2003-10-16,0.0,13021.85,AS-JIA-01
2003-10-17,0.3,12297.97,AS-JIA-01
2003-10-18,0.5,11670.98,AS-JIA-01
2003-10-19,2.1,11278.65,AS-JIA-01
2003-10-20,0.6,11072.21,AS-JIA-01
2003-10-21,1.1,10926.76,AS-JIA-01
2003-10-22,0.8,10556.39,AS-JIA-01
2003-10-23,0.0,10007.77,AS-JIA-01
2003-10-24,0.0,9509.48,AS-JIA-01
2003-10-25,0.0,9081.75,AS-JIA-01
2003-10-26,2.2,8717.98,AS-JIA-01
2003-10-27,6.1,8646.73,AS-JIA-01
2003-10-28,3.5,9255.85,AS-JIA-01
2003-10-29,0.4,9716.64,AS-JIA-01
2003-10-30,0.1,9007.98,AS-JIA-01
2003-10-31,3.1,8252.11,AS-JIA-01
2003-11-01,0.2,7699.15,AS-JIA-01
2003-11-02,0.6,7279.14,AS-JIA-01
2003-11-03,0.0,6878.02,AS-JIA-01
2003-11-04,0.0,6513.7,AS-JIA-01
2003-11-05,0.5,6182.95,AS-JIA-01
2003-11-06,0.0,5882.92,AS-JIA-01
2003-11-07,0.2,5644.5,AS-JIA-01
2003-11-08,1.9,5577.77,AS-JIA-01
2003-11-09,0.5,5495.24,AS-JIA-01
2003-11-10,0.0,5381.27,AS-JIA-01
2003-11-11,0.0,5190.11,AS-JIA-01
2003-11-12,0.0,4943.31,AS-JIA-01
2003-11-13,0.0,4705.44,AS-JIA-01
2003-11-14,0.0,4462.12,AS-JIA-01
2003-11-15,0.0,4228.14,AS-JIA-01
2003-11-16,0.0,4016.14,AS-JIA-01
2003-11-17,0.0,3824.35,AS-JIA-01
2003-11-18,0.0,3675.63,AS-JIA-01
2003-11-19,0.0,3507.22,AS-JIA-01
2003-11-20,0.0,3344.17,AS-JIA-01
2003-11-21,0.0,3186.28,AS-JIA-01
2003-11-22,0.0,3033.41,AS-JIA-01
2003-11-23,0.0,2895.8,AS-JIA-01
2003-11-24,0.0,2752.14,AS-JIA-01
2003-11-25,0.0,2642.46,AS-JIA-01
2003-11-26,0.0,2564.42,AS-JIA-01
2003-11-27,0.0,2554.77,AS-JIA-01
2003-11-28,0.0,2574.1,AS-JIA-01
2003-11-29,0.0,2603.27,AS-JIA-01
2003-11-30,0.0,2622.82,AS-JIA-01
2003-12-01,0.0,2564.42,AS-JIA-01
2003-12-02,0.0,2450.04,AS-JIA-01
2003-12-03,0.0,2347.92,AS-JIA-01
2003-12-04,0.0,2311.41,AS-JIA-01
2003-12-05,0.0,2248.35,AS-JIA-01
2003-12-06,0.0,2195.1,AS-JIA-01
2003-12-07,0.0,2160.0,AS-JIA-01
2003-12-08,0.0,2090.77,AS-JIA-01
2003-12-09,0.0,2006.0,AS-JIA-01
2003-12-10,0.0,1931.37,AS-JIA-01
2003-12-11,0.0,1850.24,AS-JIA-01
2003-12-12,0.0,1770.95,AS-JIA-01
2003-12-13,0.0,1685.81,AS-JIA-01
2003-12-14,0.0,1610.28,AS-JIA-01
2003-12-15,0.0,1529.16,AS-JIA-01
2003-12-16,0.0,1457.18,AS-JIA-01
2003-12-17,0.0,1407.77,AS-JIA-01
2003-12-18,0.0,1366.05,AS-JIA-01
2003-12-19,0.9,1324.9,AS-JIA-01
2003-12-20,2.5,1318.1,AS-JIA-01
2003-12-21,0.0,1338.55,AS-JIA-01
2003-12-22,0.0,1324.9,AS-JIA-01
2003-12-23,0.0,1297.78,AS-JIA-01
2003-12-24,0.0,1277.6,AS-JIA-01
2003-12-25,0.0,1244.29,AS-JIA-01
2003-12-26,0.0,1198.29,AS-JIA-01
2003-12-27,0.0,1159.44,AS-JIA-01
2003-12-28,4.8,1140.22,AS-JIA-01
2003-12-29,0.0,1133.84,AS-JIA-01
2003-12-30,0.0,1133.84,AS-JIA-01
2003-12-31,0.0,1140.22,AS-JIA-01
2004-01-01,0.0,1127.47,AS-JIA-01
2004-01-02,0.0,1089.6,AS-JIA-01
2004-01-03,0.0,1046.06,AS-JIA-01
2004-01-04,0.0,997.17,AS-JIA-01
2004-01-05,0.0,955.12,AS-JIA-01
2004-01-06,0.0,919.6,AS-JIA-01
2004-01-07,0.0,890.39,AS-JIA-01
2004-01-08,0.0,855.77,AS-JIA-01
2004-01-09,0.0,821.62,AS-JIA-01
2004-01-10,0.0,787.94,AS-JIA-01
2004-01-11,0.0,760.23,AS-JIA-01
2004-01-12,0.0,727.39,AS-JIA-01
2004-01-13,1.3,700.37,AS-JIA-01
2004-01-14,4.5,695.0,AS-JIA-01
2004-01-15,0.0,700.37,AS-JIA-01
2004-01-16,0.0,700.37,AS-JIA-01
2004-01-17,0.0,705.75,AS-JIA-01
2004-01-18,0.3,716.55,AS-JIA-01
2004-01-19,4.0,727.39,AS-JIA-01
2004-01-20,0.0,727.39,AS-JIA-01
2004-01-21,0.0,721.97,AS-JIA-01
2004-01-22,0.1,727.39,AS-JIA-01
2004-01-23,6.1,754.73,AS-JIA-01
2004-01-24,4.5,850.04,AS-JIA-01
2004-01-25,0.2,943.23,AS-JIA-01
2004-01-26,0.0,1284.32,AS-JIA-01
2004-01-27,0.1,1685.81,AS-JIA-01
2004-01-28,0.0,1640.28,AS-JIA-01
2004-01-29,0.0,1450.07,AS-JIA-01
2004-01-30,0.0,1291.04,AS-JIA-01
2004-01-31,0.5,1191.77,AS-JIA-01
2004-02-01,0.1,1159.44,AS-JIA-01
2004-02-02,0.0,1185.27,AS-JIA-01
2004-02-03,0.0,1178.8,AS-JIA-01
2004-02-04,0.0,1204.81,AS-JIA-01
2004-02-05,0.0,1264.23,AS-JIA-01
2004-02-06,0.3,1284.32,AS-JIA-01
2004-02-07,0.0,1211.35,AS-JIA-01
2004-02-08,0.0,1077.09,AS-JIA-01
2004-02-09,0.0,967.06,AS-JIA-01
2004-02-10,0.0,884.58,AS-JIA-01
2004-02-11,0.0,827.28,AS-JIA-01
2004-02-12,0.0,765.75,AS-JIA-01
2004-02-13,0.0,700.37,AS-JIA-01
2004-02-14,0.0,642.02,AS-JIA-01
2004-02-15,0.3,610.8,AS-JIA-01
2004-02-16,0.0,585.11,AS-JIA-01
2004-02-17,0.0,544.63,AS-JIA-01
2004-02-18,0.0,524.67,AS-JIA-01
2004-02-19,3.3,534.63,AS-JIA-01
2004-02-20,2.4,564.78,AS-JIA-01
2004-02-21,0.0,580.01,AS-JIA-01
2004-02-22,1.2,626.35,AS-JIA-01
2004-02-23,0.0,652.52,AS-JIA-01
2004-02-24,0.0,626.35,AS-JIA-01
2004-02-25,0.0,590.23,AS-JIA-01
2004-02-26,0.0,580.01,AS-JIA-01
2004-02-27,0.2,642.02,AS-JIA-01
2004-02-28,3.9,967.06,AS-JIA-01
2004-02-29,0.0,1366.05,AS-JIA-01
2004-03-01,0.0,1794.54,AS-JIA-01
2004-03-02,0.0,2440.64,AS-JIA-01
2004-03-03,0.0,2823.39,AS-JIA-01
2004-03-04,0.0,2652.31,AS-JIA-01
2004-03-05,0.0,2403.3,AS-JIA-01
2004-03-06,0.0,2320.51,AS-JIA-01
2004-03-07,0.1,2320.51,AS-JIA-01
2004-03-08,0.0,2497.31,AS-JIA-01
2004-03-09,0.0,2545.13,AS-JIA-01
2004-03-10,3.3,2357.09,AS-JIA-01
2004-03-11,0.0,2168.74,AS-JIA-01
2004-03-12,0.0,2082.21,AS-JIA-01
2004-03-13,0.0,2039.68,AS-JIA-01
2004-03-14,0.0,1980.95,AS-JIA-01
2004-03-15,0.0,1898.69,AS-JIA-01
2004-03-16,0.4,1802.45,AS-JIA-01
2004-03-17,0.0,1708.82,AS-JIA-01
2004-03-18,0.5,1708.82,AS-JIA-01
2004-03-19,14.5,2338.76,AS-JIA-01
2004-03-20,24.7,3208.53,AS-JIA-01
2004-03-21,6.9,3887.55,AS-JIA-01
2004-03-22,12.2,4174.41,AS-JIA-01
2004-03-23,28.4,5174.42,AS-JIA-01
2004-03-24,13.8,7340.91,AS-JIA-01
2004-03-25,3.2,10416.85,AS-JIA-01
2004-03-26,2.2,12524.33,AS-JIA-01
2004-03-27,7.8,13259.97,AS-JIA-01
2004-03-28,0.1,14142.44,AS-JIA-01
2004-03-29,0.4,15704.31,AS-JIA-01
2004-03-30,3.3,14509.9,AS-JIA-01
2004-03-31,2.8,13089.5,AS-JIA-01
2004-04-01,0.0,11488.45,AS-JIA-01
2004-04-02,4.4,9901.05,AS-JIA-01
2004-04-03,20.4,8886.19,AS-JIA-01
2004-04-04,3.2,8252.11,AS-JIA-01
2004-04-05,4.9,7785.5,AS-JIA-01
2004-04-06,1.7,7340.91,AS-JIA-01
2004-04-07,11.4,6956.78,AS-JIA-01
2004-04-08,8.3,6627.04,AS-JIA-01
2004-04-09,50.9,6976.59,AS-JIA-01
2004-04-10,31.7,7444.83,AS-JIA-01
2004-04-11,9.4,8161.49,AS-JIA-01
2004-04-12,36.7,9901.05,AS-JIA-01
2004-04-13,76.7,13571.84,AS-JIA-01
2004-04-14,35.1,17552.86,AS-JIA-01
2004-04-15,53.8,22079.72,AS-JIA-01
2004-04-16,20.6,24427.41,AS-JIA-01
2004-04-17,1.5,21433.48,AS-JIA-01
2004-04-18,9.0,18227.09,AS-JIA-01
2004-04-19,0.1,15664.43,AS-JIA-01
2004-04-20,0.0,13677.23,AS-JIA-01
2004-04-21,0.0,12138.51,AS-JIA-01
2004-04-22,12.8,11640.38,AS-JIA-01
2004-04-23,20.8,11609.86,AS-JIA-01
2004-04-24,4.2,11579.4,AS-JIA-01
2004-04-25,2.8,11458.27,AS-JIA-01
2004-04-26,3.2,10926.76,AS-JIA-01
2004-04-27,2.2,10061.51,AS-JIA-01
2004-04-28,1.2,9356.59,AS-JIA-01
2004-04-29,0.3,8837.84,AS-JIA-01
2004-04-30,0.5,8343.58,AS-JIA-01
2004-05-01,1.7,8138.97,AS-JIA-01
2004-05-02,1.0,8861.98,AS-JIA-01
2004-05-03,0.0,10278.93,AS-JIA-01
2004-05-04,0.0,10500.38,AS-JIA-01
2004-05-05,0.1,9230.81,AS-JIA-01
2004-05-06,0.0,8138.97,AS-JIA-01
2004-05-07,0.0,7382.34,AS-JIA-01
2004-05-08,2.3,6976.59,AS-JIA-01
2004-05-09,19.6,7096.35,AS-JIA-01
2004-05-10,27.1,9156.01,AS-JIA-01
2004-05-11,50.8,12787.54,AS-JIA-01
2004-05-12,25.0,16944.25,AS-JIA-01
2004-05-13,16.3,19943.52,AS-JIA-01
2004-05-14,41.2,24973.12,AS-JIA-01
2004-05-15,15.6,25908.1,AS-JIA-01
2004-05-16,1.1,22409.6,AS-JIA-01
2004-05-17,0.6,18181.42,AS-JIA-01
2004-05-18,13.8,16901.53,AS-JIA-01
2004-05-19,3.7,17376.99,AS-JIA-01
2004-05-20,11.4,17202.7,AS-JIA-01
2004-05-21,47.8,17073.04,AS-JIA-01
2004-05-22,18.9,18272.9,AS-JIA-01
2004-05-23,39.3,18689.71,AS-JIA-01
2004-05-24,9.9,17775.03,AS-JIA-01
2004-05-25,6.4,16901.53,AS-JIA-01
2004-05-26,2.0,16731.6,AS-JIA-01
2004-05-27,7.1,16026.63,AS-JIA-01
2004-05-28,7.1,15000.43,AS-JIA-01
2004-05-29,6.3,14472.78,AS-JIA-01
2004-05-30,5.5,14142.44,AS-JIA-01
2004-05-31,3.2,13818.89,AS-JIA-01
2004-06-01,8.5,13363.21,AS-JIA-01
2004-06-02,11.1,13123.45,AS-JIA-01
2004-06-03,24.3,13854.51,AS-JIA-01
2004-06-04,39.9,15664.43,AS-JIA-01
2004-06-05,9.3,17376.99,AS-JIA-01
2004-06-06,19.2,17159.38,AS-JIA-01
2004-06-07,8.4,16272.31,AS-JIA-01
2004-06-08,5.1,15864.72,AS-JIA-01
2004-06-09,5.9,15584.96,AS-JIA-01
2004-06-10,1.1,15115.72,AS-JIA-01
2004-06-11,5.0,14547.12,AS-JIA-01
2004-06-12,7.9,14251.8,AS-JIA-01
2004-06-13,4.0,14547.12,AS-JIA-01
2004-06-14,8.2,15427.09,AS-JIA-01
2004-06-15,2.3,15387.86,AS-JIA-01
2004-06-16,5.6,14962.17,AS-JIA-01
2004-06-17,15.3,15864.72,AS-JIA-01
2004-06-18,13.3,18227.09,AS-JIA-01
2004-06-19,23.0,21064.67,AS-JIA-01
2004-06-20,26.4,26227.02,AS-JIA-01
2004-06-21,16.2,31939.32,AS-JIA-01
2004-06-22,123.0,38544.35,AS-JIA-01
2004-06-23,50.4,40729.45,AS-JIA-01
2004-06-24,33.8,41616.53,AS-JIA-01
2004-06-25,18.8,39669.98,AS-JIA-01
2004-06-26,12.1,36209.63,AS-JIA-01
2004-06-27,10.8,33846.82,AS-JIA-01
2004-06-28,9.7,32800.52,AS-JIA-01
2004-06-29,13.6,34010.58,AS-JIA-01
2004-06-30,9.3,35862.67,AS-JIA-01
2004-07-01,4.7,35263.16,AS-JIA-01
2004-07-02,0.2,33765.23,AS-JIA-01
2004-07-03,26.4,32563.46,AS-JIA-01
2004-07-04,10.7,32484.82,AS-JIA-01
2004-07-05,16.7,33602.57,AS-JIA-01
2004-07-06,35.9,38544.35,AS-JIA-01
2004-07-07,79.4,49180.74,AS-JIA-01
2004-07-08,33.9,54858.23,AS-JIA-01
2004-07-09,59.0,56978.3,AS-JIA-01
2004-07-10,118.4,54988.52,AS-JIA-01
2004-07-11,16.9,51698.22,AS-JIA-01
2004-07-12,17.4,46227.98,AS-JIA-01
2004-07-13,6.0,41517.07,AS-JIA-01
2004-07-14,5.9,38636.96,AS-JIA-01
2004-07-15,40.7,37993.09,AS-JIA-01
2004-07-16,47.4,41517.07,AS-JIA-01
2004-07-17,21.8,47795.97,AS-JIA-01
2004-07-18,54.1,54211.63,AS-JIA-01
2004-07-19,105.0,58343.5,AS-JIA-01
2004-07-20,33.7,53955.01,AS-JIA-01
2004-07-21,6.6,47117.76,AS-JIA-01
2004-07-22,1.3,42623.92,AS-JIA-01
2004-07-23,7.1,40729.45,AS-JIA-01
2004-07-24,23.6,39103.28,AS-JIA-01
2004-07-25,8.1,37091.12,AS-JIA-01
2004-07-26,9.0,35348.25,AS-JIA-01
2004-07-27,7.3,34340.4,AS-JIA-01
2004-07-28,36.8,33765.23,AS-JIA-01
2004-07-29,12.5,32879.89,AS-JIA-01
2004-07-30,12.7,31708.22,AS-JIA-01
2004-07-31,7.0,30502.22,AS-JIA-01
2004-08-01,6.8,29339.87,AS-JIA-01
2004-08-02,0.5,28288.38,AS-JIA-01
2004-08-03,0.7,27339.18,AS-JIA-01
2004-08-04,29.2,27007.56,AS-JIA-01
2004-08-05,5.5,27272.55,AS-JIA-01
2004-08-06,13.7,26941.67,AS-JIA-01
2004-08-07,2.8,26941.67,AS-JIA-01
2004-08-08,12.0,26484.8,AS-JIA-01
2004-08-09,9.8,25467.76,AS-JIA-01
2004-08-10,2.9,24248.02,AS-JIA-01
2004-08-11,1.8,23083.19,AS-JIA-01
2004-08-12,7.4,22025.19,AS-JIA-01
2004-08-13,4.9,20960.39,AS-JIA-01
2004-08-14,14.5,20143.18,AS-JIA-01
2004-08-15,1.3,19501.0,AS-JIA-01
2004-08-16,4.8,19019.92,AS-JIA-01
2004-08-17,23.3,18877.75,AS-JIA-01
2004-08-18,15.5,18925.04,AS-JIA-01
2004-08-19,9.9,18689.71,AS-JIA-01
2004-08-20,3.8,18227.09,AS-JIA-01
2004-08-21,7.9,17819.77,AS-JIA-01
2004-08-22,6.5,17376.99,AS-JIA-01
2004-08-23,7.3,17073.04,AS-JIA-01
2004-08-24,3.4,17073.04,AS-JIA-01
2004-08-25,7.1,17202.7,AS-JIA-01
2004-08-26,15.3,18503.38,AS-JIA-01
2004-08-27,21.3,20650.4,AS-JIA-01
2004-08-28,29.1,21222.02,AS-JIA-01
2004-08-29,9.2,20395.32,AS-JIA-01
2004-08-30,15.8,19844.4,AS-JIA-01
2004-08-31,11.8,19598.55,AS-JIA-01
2004-09-01,60.9,21274.7,AS-JIA-01
2004-09-02,16.6,23600.72,AS-JIA-01
2004-09-03,3.3,24129.12,AS-JIA-01
2004-09-04,14.1,23026.35,AS-JIA-01
2004-09-05,10.4,22189.16,AS-JIA-01
2004-09-06,4.6,22025.19,AS-JIA-01
2004-09-07,17.6,22969.64,AS-JIA-01
2004-09-08,80.5,27540.03,AS-JIA-01
2004-09-09,11.1,28495.77,AS-JIA-01
2004-09-10,0.0,25281.22,AS-JIA-01
2004-09-11,0.0,22189.16,AS-JIA-01
2004-09-12,6.4,20753.25,AS-JIA-01
2004-09-13,0.0,20395.32,AS-JIA-01
2004-09-14,0.0,19355.5,AS-JIA-01
2004-09-15,0.0,17954.63,AS-JIA-01
2004-09-16,0.6,16731.6,AS-JIA-01
2004-09-17,7.8,15824.48,AS-JIA-01
2004-09-18,14.4,15348.72,AS-JIA-01
2004-09-19,15.0,15545.36,AS-JIA-01
2004-09-20,4.9,15387.86,AS-JIA-01
2004-09-21,5.3,14772.2,AS-JIA-01
2004-09-22,13.3,14435.72,AS-JIA-01
2004-09-23,9.8,14696.84,AS-JIA-01
2004-09-24,19.4,15704.31,AS-JIA-01
2004-09-25,6.3,16773.93,AS-JIA-01
2004-09-26,3.9,16149.03,AS-JIA-01
2004-09-27,2.1,14810.02,AS-JIA-01
2004-09-28,15.9,13997.82,AS-JIA-01
2004-09-29,14.6,13536.87,AS-JIA-01
2004-09-30,0.6,13055.65,AS-JIA-01
2004-10-01,0.0,12491.78,AS-JIA-01
2004-10-02,2.5,11980.88,AS-JIA-01
2004-10-03,5.2,11794.08,AS-JIA-01
2004-10-04,8.5,12459.29,AS-JIA-01
2004-10-05,22.8,15348.72,AS-JIA-01
2004-10-06,72.6,21380.43,AS-JIA-01
2004-10-07,52.3,23197.26,AS-JIA-01
2004-10-08,87.5,22856.58,AS-JIA-01
2004-10-09,1.3,21754.37,AS-JIA-01
2004-10-10,0.3,19452.37,AS-JIA-01
2004-10-11,0.4,17333.25,AS-JIA-01
2004-10-12,4.4,16026.63,AS-JIA-01
2004-10-13,4.8,15077.2,AS-JIA-01
2004-10-14,6.6,14361.9,AS-JIA-01
2004-10-15,5.6,14069.96,AS-JIA-01
2004-10-16,0.0,13890.21,AS-JIA-01
2004-10-17,0.0,13328.73,AS-JIA-01
2004-10-18,0.0,12491.78,AS-JIA-01
2004-10-19,0.0,11670.98,AS-JIA-01
2004-10-20,0.0,10897.89,AS-JIA-01
2004-10-21,0.0,10224.19,AS-JIA-01
2004-10-22,0.0,9638.5,AS-JIA-01
2004-10-23,0.0,9131.21,AS-JIA-01
2004-10-24,0.0,8646.73,AS-JIA-01
2004-10-25,0.0,8184.07,AS-JIA-01
2004-10-26,0.0,7763.84,AS-JIA-01
2004-10-27,1.4,7340.91,AS-JIA-01
2004-10-28,0.3,7016.32,AS-JIA-01
2004-10-29,0.0,6722.69,AS-JIA-01
2004-10-30,0.0,6420.45,AS-JIA-01
2004-10-31,0.0,6129.15,AS-JIA-01
2004-11-01,0.0,5831.18,AS-JIA-01
2004-11-02,0.0,5511.67,AS-JIA-01
2004-11-03,0.0,5221.6,AS-JIA-01
2004-11-04,0.0,4943.31,AS-JIA-01
2004-11-05,0.0,4676.32,AS-JIA-01
2004-11-06,0.0,4420.17,AS-JIA-01
2004-11-07,0.0,4174.41,AS-JIA-01
2004-11-08,0.0,3951.47,AS-JIA-01
2004-11-09,0.0,3774.32,AS-JIA-01
2004-11-10,0.0,3590.76,AS-JIA-01
2004-11-11,0.0,3425.04,AS-JIA-01
2004-11-12,0.0,3275.88,AS-JIA-01
2004-11-13,0.0,3153.11,AS-JIA-01
2004-11-14,0.0,3033.41,AS-JIA-01
2004-11-15,0.0,2937.7,AS-JIA-01
2004-11-16,0.0,2813.14,AS-JIA-01
2004-11-17,0.0,2682.02,AS-JIA-01
2004-11-18,0.0,2554.77,AS-JIA-01
2004-11-19,0.5,2468.88,AS-JIA-01
2004-11-20,0.0,2375.51,AS-JIA-01
2004-11-21,0.0,2275.25,AS-JIA-01
2004-11-22,0.0,2186.29,AS-JIA-01
2004-11-23,0.0,2099.35,AS-JIA-01
2004-11-24,0.3,2006.0,AS-JIA-01
2004-11-25,0.0,1915.0,AS-JIA-01
2004-11-26,0.0,1826.26,AS-JIA-01
2004-11-27,0.0,1747.52,AS-JIA-01
2004-11-28,0.0,1670.57,AS-JIA-01
2004-11-29,0.0,1595.37,AS-JIA-01
2004-11-30,0.0,1529.16,AS-JIA-01
2004-12-01,0.0,1471.44,AS-JIA-01
2004-12-02,0.0,1414.78,AS-JIA-01
2004-12-03,0.0,1366.05,AS-JIA-01
2004-12-04,0.0,1318.1,AS-JIA-01
2004-12-05,0.0,1264.23,AS-JIA-01
2004-12-06,0.0,1211.35,AS-JIA-01
2004-12-07,0.0,1159.44,AS-JIA-01
2004-12-08,0.0,1114.79,AS-JIA-01
2004-12-09,0.0,1070.86,AS-JIA-01
2004-12-10,0.0,1033.76,AS-JIA-01
2004-12-11,0.0,997.17,AS-JIA-01
2004-12-12,0.0,961.08,AS-JIA-01
2004-12-13,0.0,931.39,AS-JIA-01
2004-12-14,0.0,902.03,AS-JIA-01
2004-12-15,0.0,867.25,AS-JIA-01
2004-12-16,0.0,838.63,AS-JIA-01
2004-12-17,0.0,815.97,AS-JIA-01
2004-12-18,0.0,793.52,AS-JIA-01
2004-12-19,0.0,771.28,AS-JIA-01
2004-12-20,0.7,765.75,AS-JIA-01
2004-12-21,13.4,844.33,AS-JIA-01
2004-12-22,2.0,943.23,AS-JIA-01
2004-12-23,0.0,1058.43,AS-JIA-01
2004-12-24,0.0,1185.27,AS-JIA-01
2004-12-25,0.0,1284.32,AS-JIA-01
2004-12-26,0.0,1297.78,AS-JIA-01
2004-12-27,0.0,1270.91,AS-JIA-01
2004-12-28,0.0,1277.6,AS-JIA-01
2004-12-29,0.0,1257.57,AS-JIA-01
2004-12-30,0.0,1198.29,AS-JIA-01
2004-12-31,0.0,1114.79,AS-JIA-01
2005-01-01,0.0,1039.91,AS-JIA-01
2005-01-02,0.0,979.06,AS-JIA-01
2005-01-03,0.0,925.49,AS-JIA-01
2005-01-04,0.0,878.79,AS-JIA-01
2005-01-05,0.0,850.04,AS-JIA-01
2005-01-06,0.0,827.28,AS-JIA-01
2005-01-07,0.0,827.28,AS-JIA-01
2005-01-08,0.0,832.94,AS-JIA-01
2005-01-09,2.9,832.94,AS-JIA-01
2005-01-10,1.2,878.79,AS-JIA-01
2005-01-11,11.5,955.12,AS-JIA-01
2005-01-12,0.1,997.17,AS-JIA-01
2005-01-13,0.0,1039.91,AS-JIA-01
2005-01-14,0.0,1052.24,AS-JIA-01
2005-01-15,0.0,1003.23,AS-JIA-01
2005-01-16,0.0,943.23,AS-JIA-01
2005-01-17,0.0,902.03,AS-JIA-01
2005-01-18,0.1,913.73,AS-JIA-01
2005-01-19,3.7,997.17,AS-JIA-01
2005-01-20,1.5,1178.8,AS-JIA-01
2005-01-21,0.0,1421.81,AS-JIA-01
2005-01-22,0.0,1536.45,AS-JIA-01
2005-01-23,5.2,1507.39,AS-JIA-01
2005-01-24,0.0,1421.81,AS-JIA-01
2005-01-25,0.0,1324.9,AS-JIA-01
2005-01-26,0.2,1270.91,AS-JIA-01
2005-01-27,0.1,1257.57,AS-JIA-01
2005-01-28,0.0,1224.48,AS-JIA-01
2005-01-29,0.0,1211.35,AS-JIA-01
2005-01-30,0.0,1204.81,AS-JIA-01
2005-01-31,0.0,1211.35,AS-JIA-01
2005-02-01,3.1,1318.1,AS-JIA-01
2005-02-02,2.4,1393.8,AS-JIA-01
2005-02-03,0.0,1492.96,AS-JIA-01
2005-02-04,0.0,1670.57,AS-JIA-01
2005-02-05,0.0,1708.82,AS-JIA-01
2005-02-06,0.0,1640.28,AS-JIA-01
2005-02-07,0.0,1514.62,AS-JIA-01
2005-02-08,0.0,1400.78,AS-JIA-01
2005-02-09,0.0,1304.54,AS-JIA-01
2005-02-10,0.0,1217.91,AS-JIA-01
2005-02-11,0.0,1140.22,AS-JIA-01
2005-02-12,2.9,1140.22,AS-JIA-01
2005-02-13,2.4,1428.85,AS-JIA-01
2005-02-14,0.0,2440.64,AS-JIA-01
2005-02-15,0.7,4618.47,AS-JIA-01
2005-02-16,0.0,5694.94,AS-JIA-01
2005-02-17,0.1,6164.98,AS-JIA-01
2005-02-18,0.5,6237.14,AS-JIA-01
2005-02-19,1.1,5762.75,AS-JIA-01
2005-02-20,1.4,5381.27,AS-JIA-01
2005-02-21,0.0,5221.6,AS-JIA-01
2005-02-22,0.0,5221.6,AS-JIA-01
2005-02-23,0.0,5332.98,AS-JIA-01
2005-02-24,0.0,5446.16,AS-JIA-01
2005-02-25,0.0,5019.46,AS-JIA-01
2005-02-26,0.2,4632.88,AS-JIA-01
2005-02-27,0.0,4518.52,AS-JIA-01
2005-02-28,0.0,4476.17,AS-JIA-01
2005-03-01,0.1,4350.87,AS-JIA-01
2005-03-02,1.6,4228.14,AS-JIA-01
2005-03-03,0.5,4161.05,AS-JIA-01
2005-03-04,1.3,4161.05,AS-JIA-01
2005-03-05,4.8,4504.37,AS-JIA-01
2005-03-06,0.2,6309.96,AS-JIA-01
2005-03-07,0.9,9586.72,AS-JIA-01
2005-03-08,1.4,10034.6,AS-JIA-01
2005-03-09,0.7,8861.98,AS-JIA-01
2005-03-10,0.3,8229.39,AS-JIA-01
2005-03-11,0.1,7938.54,AS-JIA-01
2005-03-12,0.5,7742.23,AS-JIA-01
2005-03-13,0.0,7549.95,AS-JIA-01
2005-03-14,0.0,6956.78,AS-JIA-01
2005-03-15,0.0,6255.28,AS-JIA-01
2005-03-16,0.0,5694.94,AS-JIA-01
2005-03-17,4.3,5365.13,AS-JIA-01
2005-03-18,4.9,5112.0,AS-JIA-01
2005-03-19,8.3,5065.57,AS-JIA-01
2005-03-20,38.7,6182.95,AS-JIA-01
2005-03-21,14.9,8412.74,AS-JIA-01
2005-03-22,36.3,10361.48,AS-JIA-01
2005-03-23,16.8,12330.09,AS-JIA-01
2005-03-24,22.9,14325.11,AS-JIA-01
2005-03-25,10.4,14621.8,AS-JIA-01
2005-03-26,9.8,13363.21,AS-JIA-01
2005-03-27,7.1,11518.69,AS-JIA-01
2005-03-28,13.6,10528.34,AS-JIA-01
2005-03-29,6.5,10811.63,AS-JIA-01
2005-03-30,12.8,11825.04,AS-JIA-01
2005-03-31,8.9,12524.33,AS-JIA-01
2005-04-01,2.3,12721.28,AS-JIA-01
2005-04-02,0.5,12394.55,AS-JIA-01
2005-04-03,1.3,11278.65,AS-JIA-01
2005-04-04,0.8,10061.51,AS-JIA-01
2005-04-05,0.0,9106.44,AS-JIA-01
2005-04-06,2.3,8459.11,AS-JIA-01
2005-04-07,18.2,8252.11,AS-JIA-01
2005-04-08,21.6,8505.68,AS-JIA-01
2005-04-09,6.8,9306.1,AS-JIA-01
2005-04-10,6.7,11579.4,AS-JIA-01
2005-04-11,3.5,15231.82,AS-JIA-01
2005-04-12,0.2,17333.25,AS-JIA-01
2005-04-13,0.0,15744.28,AS-JIA-01
2005-04-14,0.0,13089.5,AS-JIA-01
2005-04-15,0.0,11160.27,AS-JIA-01
2005-04-16,3.2,10142.56,AS-JIA-01
2005-04-17,9.0,10088.46,AS-JIA-01
2005-04-18,13.9,12138.51,AS-JIA-01
2005-04-19,6.2,14435.72,AS-JIA-01
2005-04-20,0.0,13225.72,AS-JIA-01
2005-04-21,0.0,11248.95,AS-JIA-01
2005-04-22,0.4,9901.05,AS-JIA-01
2005-04-23,1.2,9007.98,AS-JIA-01
2005-04-24,17.0,8482.37,AS-JIA-01
2005-04-25,5.8,8184.07,AS-JIA-01
2005-04-26,30.0,8959.09,AS-JIA-01
2005-04-27,33.0,12075.23,AS-JIA-01
2005-04-28,28.1,14659.27,AS-JIA-01
2005-04-29,13.4,14885.91,AS-JIA-01
2005-04-30,8.7,13536.87,AS-JIA-01
2005-05-01,6.6,12075.23,AS-JIA-01
2005-05-02,0.0,10697.53,AS-JIA-01
2005-05-03,2.4,9742.8,AS-JIA-01
2005-05-04,11.1,9057.11,AS-JIA-01
2005-05-05,7.3,8552.49,AS-JIA-01
2005-05-06,9.8,8274.9,AS-JIA-01
2005-05-07,2.6,8161.49,AS-JIA-01
2005-05-08,0.0,7872.65,AS-JIA-01
2005-05-09,2.5,7592.33,AS-JIA-01
2005-05-10,12.6,8049.38,AS-JIA-01
2005-05-11,2.1,9927.64,AS-JIA-01
2005-05-12,12.5,13294.32,AS-JIA-01
2005-05-13,16.6,13712.52,AS-JIA-01
2005-05-14,26.1,12491.78,AS-JIA-01
2005-05-15,18.9,11887.16,AS-JIA-01
2005-05-16,12.9,11579.4,AS-JIA-01
2005-05-17,33.2,11518.69,AS-JIA-01
2005-05-18,20.8,11458.27,AS-JIA-01
2005-05-19,6.8,11160.27,AS-JIA-01
2005-05-20,25.9,11549.01,AS-JIA-01
2005-05-21,29.0,13021.85,AS-JIA-01
2005-05-22,3.1,12887.51,AS-JIA-01
2005-05-23,5.3,11825.04,AS-JIA-01
2005-05-24,6.2,10984.75,AS-JIA-01
2005-05-25,5.3,10528.34,AS-JIA-01
2005-05-26,7.8,10389.13,AS-JIA-01
2005-05-27,16.1,10697.53,AS-JIA-01
2005-05-28,8.5,12138.51,AS-JIA-01
2005-05-29,5.1,12920.98,AS-JIA-01
2005-05-30,5.6,12556.97,AS-JIA-01
2005-05-31,12.2,12012.26,AS-JIA-01
2005-06-01,11.8,14178.8,AS-JIA-01
2005-06-02,3.9,20804.87,AS-JIA-01
2005-06-03,3.1,22025.19,AS-JIA-01
2005-06-04,1.1,18642.97,AS-JIA-01
2005-06-05,2.1,15387.86,AS-JIA-01
2005-06-06,0.7,13606.88,AS-JIA-01
2005-06-07,0.4,12688.28,AS-JIA-01
2005-06-08,1.0,12265.94,AS-JIA-01
2005-06-09,1.4,12106.83,AS-JIA-01
2005-06-10,2.1,12012.26,AS-JIA-01
2005-06-11,0.5,12012.26,AS-JIA-01
2005-06-12,0.5,12106.83,AS-JIA-01
2005-06-13,0.3,12330.09,AS-JIA-01
2005-06-14,1.4,12820.78,AS-JIA-01
2005-06-15,1.7,13818.89,AS-JIA-01
2005-06-16,6.6,15231.82,AS-JIA-01
2005-06-17,24.4,16944.25,AS-JIA-01
2005-06-18,7.2,19259.07,AS-JIA-01
2005-06-19,6.1,22409.6,AS-JIA-01
2005-06-20,4.6,23717.22,AS-JIA-01
2005-06-21,24.8,23311.89,AS-JIA-01
2005-06-22,7.6,23369.39,AS-JIA-01
2005-06-23,11.2,25781.58,AS-JIA-01
2005-06-24,22.2,27945.86,AS-JIA-01
2005-06-25,9.8,28288.38,AS-JIA-01
2005-06-26,1.3,25219.28,AS-JIA-01
2005-06-27,0.4,23026.35,AS-JIA-01
2005-06-28,1.7,22913.03,AS-JIA-01
2005-06-29,5.0,23140.16,AS-JIA-01
2005-06-30,2.7,22856.58,AS-JIA-01
2005-07-01,20.8,23026.35,AS-JIA-01
2005-07-02,8.3,23600.72,AS-JIA-01
2005-07-03,6.1,23542.69,AS-JIA-01
2005-07-04,26.4,23311.89,AS-JIA-01
2005-07-05,11.2,23026.35,AS-JIA-01
2005-07-06,7.2,22299.14,AS-JIA-01
2005-07-07,1.9,21486.67,AS-JIA-01
2005-07-08,1.4,21327.5,AS-JIA-01
2005-07-09,12.5,22134.38,AS-JIA-01
2005-07-10,28.7,26099.03,AS-JIA-01
2005-07-11,19.5,32328.08,AS-JIA-01
2005-07-12,15.6,34840.85,AS-JIA-01
2005-07-13,17.6,31250.76,AS-JIA-01
2005-07-14,29.6,28426.48,AS-JIA-01
2005-07-15,9.1,27007.56,AS-JIA-01
2005-07-16,2.6,26614.6,AS-JIA-01
2005-07-17,11.3,27007.56,AS-JIA-01
2005-07-18,18.3,28426.48,AS-JIA-01
2005-07-19,20.1,29197.57,AS-JIA-01
2005-07-20,15.0,28357.35,AS-JIA-01
2005-07-21,7.6,27007.56,AS-JIA-01
2005-07-22,5.0,25281.22,AS-JIA-01
2005-07-23,12.8,24129.12,AS-JIA-01
2005-07-24,1.9,23083.19,AS-JIA-01
2005-07-25,25.3,22134.38,AS-JIA-01
2005-07-26,18.9,21327.5,AS-JIA-01
2005-07-27,5.6,20446.09,AS-JIA-01
2005-07-28,9.4,19696.53,AS-JIA-01
2005-07-29,4.2,18972.42,AS-JIA-01
2005-07-30,8.7,18181.42,AS-JIA-01
2005-07-31,4.7,17420.8,AS-JIA-01
2005-08-01,1.1,16901.53,AS-JIA-01
2005-08-02,2.9,16858.91,AS-JIA-01
2005-08-03,3.9,16816.37,AS-JIA-01
2005-08-04,5.7,16773.93,AS-JIA-01
2005-08-05,6.0,17730.39,AS-JIA-01
2005-08-06,49.4,19794.98,AS-JIA-01
2005-08-07,14.7,20960.39,AS-JIA-01
2005-08-08,3.9,20043.11,AS-JIA-01
2005-08-09,14.0,18783.5,AS-JIA-01
2005-08-10,14.1,17775.03,AS-JIA-01
2005-08-11,23.5,17464.73,AS-JIA-01
2005-08-12,3.6,17376.99,AS-JIA-01
2005-08-13,5.6,16563.25,AS-JIA-01
2005-08-14,10.7,16313.58,AS-JIA-01
2005-08-15,6.8,16272.31,AS-JIA-01
2005-08-16,2.6,15704.31,AS-JIA-01
2005-08-17,11.5,15348.72,AS-JIA-01
2005-08-18,10.1,15505.85,AS-JIA-01
2005-08-19,25.7,16067.34,AS-JIA-01
2005-08-20,21.9,16944.25,AS-JIA-01
2005-08-21,17.1,19355.5,AS-JIA-01
2005-08-22,37.7,22025.19,AS-JIA-01
2005-08-23,20.5,24427.41,AS-JIA-01
2005-08-24,26.1,27206.08,AS-JIA-01
2005-08-25,35.5,27674.67,AS-JIA-01
2005-08-26,8.7,27472.93,AS-JIA-01
2005-08-27,4.4,27073.59,AS-JIA-01
2005-08-28,4.8,25971.59,AS-JIA-01
2005-08-29,5.5,23951.76,AS-JIA-01
2005-08-30,5.5,21808.28,AS-JIA-01
2005-08-31,2.2,20043.11,AS-JIA-01
2005-09-01,0.5,18736.55,AS-JIA-01
2005-09-02,2.3,17730.39,AS-JIA-01
2005-09-03,16.8,17202.7,AS-JIA-01
2005-09-04,10.7,17246.11,AS-JIA-01
2005-09-05,9.8,17289.63,AS-JIA-01
2005-09-06,0.1,16689.37,AS-JIA-01
2005-09-07,0.0,15784.33,AS-JIA-01
2005-09-08,0.0,14962.17,AS-JIA-01
2005-09-09,3.6,14142.44,AS-JIA-01
2005-09-10,0.2,13363.21,AS-JIA-01
2005-09-11,7.8,12954.52,AS-JIA-01
2005-09-12,0.2,12330.09,AS-JIA-01
2005-09-13,0.0,11549.01,AS-JIA-01
2005-09-14,0.0,10840.31,AS-JIA-01
2005-09-15,0.0,10196.91,AS-JIA-01
2005-09-16,0.4,9586.72,AS-JIA-01
2005-09-17,0.0,9057.11,AS-JIA-01
2005-09-18,0.0,8552.49,AS-JIA-01
2005-09-19,0.0,8116.48,AS-JIA-01
2005-09-20,34.5,8599.5,AS-JIA-01
2005-09-21,15.7,9432.77,AS-JIA-01
2005-09-22,7.1,9458.29,AS-JIA-01
2005-09-23,15.2,10640.88,AS-JIA-01
2005-09-24,17.0,14547.12,AS-JIA-01
2005-09-25,10.3,16026.63,AS-JIA-01
2005-09-26,6.6,13890.21,AS-JIA-01
2005-09-27,2.3,11670.98,AS-JIA-01
2005-09-28,0.2,10224.19,AS-JIA-01
2005-09-29,5.8,9356.59,AS-JIA-01
2005-09-30,5.1,8983.51,AS-JIA-01
2005-10-01,17.9,8959.09,AS-JIA-01
2005-10-02,12.0,9586.72,AS-JIA-01
2005-10-03,2.1,9821.64,AS-JIA-01
2005-10-04,4.0,9612.58,AS-JIA-01
2005-10-05,5.1,9280.95,AS-JIA-01
2005-10-06,0.5,8765.77,AS-JIA-01
2005-10-07,4.3,8252.11,AS-JIA-01
2005-10-08,0.0,7828.98,AS-JIA-01
2005-10-09,0.0,7465.76,AS-JIA-01
2005-10-10,0.1,7116.47,AS-JIA-01
2005-10-11,0.0,6819.44,AS-JIA-01
2005-10-12,0.0,6494.97,AS-JIA-01
2005-10-13,0.0,6147.04,AS-JIA-01
2005-10-14,0.0,5796.89,AS-JIA-01
2005-10-15,0.0,5462.49,AS-JIA-01
2005-10-16,0.1,5174.42,AS-JIA-01
2005-10-17,9.1,4973.67,AS-JIA-01
2005-10-18,5.5,4943.31,AS-JIA-01
2005-10-19,1.2,4808.43,AS-JIA-01
2005-10-20,1.6,4618.47,AS-JIA-01
2005-10-21,12.3,4676.32,AS-JIA-01
2005-10-22,32.8,5478.84,AS-JIA-01
2005-10-23,13.0,6551.3,AS-JIA-01
2005-10-24,0.8,7938.54,AS-JIA-01
2005-10-25,0.0,8229.39,AS-JIA-01
2005-10-26,0.0,7382.34,AS-JIA-01
2005-10-27,0.0,6570.18,AS-JIA-01
2005-10-28,0.0,6005.04,AS-JIA-01
2005-10-29,0.0,5594.4,AS-JIA-01
2005-10-30,0.0,5237.4,AS-JIA-01
2005-10-31,0.2,4928.19,AS-JIA-01
2005-11-01,0.0,4661.8,AS-JIA-01
2005-11-02,0.0,4448.11,AS-JIA-01
2005-11-03,0.0,4255.2,AS-JIA-01
2005-11-04,0.0,4055.3,AS-JIA-01
2005-11-05,0.0,3849.55,AS-JIA-01
2005-11-06,0.0,3651.24,AS-JIA-01
2005-11-07,0.0,3460.1,AS-JIA-01
2005-11-08,0.0,3275.88,AS-JIA-01
2005-11-09,0.0,3109.23,AS-JIA-01
2005-11-10,0.0,2937.7,AS-JIA-01
2005-11-11,0.0,2782.52,AS-JIA-01
2005-11-12,0.0,2632.63,AS-JIA-01
2005-11-13,0.0,2497.31,AS-JIA-01
2005-11-14,0.0,2366.29,AS-JIA-01
2005-11-15,0.0,2239.43,AS-JIA-01
2005-11-16,0.0,2125.23,AS-JIA-01
2005-11-17,0.0,2056.63,AS-JIA-01
2005-11-18,0.0,2039.68,AS-JIA-01
2005-11-19,0.0,2099.35,AS-JIA-01
2005-11-20,0.0,2195.1,AS-JIA-01
2005-11-21,0.0,2212.77,AS-JIA-01
2005-11-22,0.0,2142.57,AS-JIA-01
2005-11-23,0.6,2107.96,AS-JIA-01
2005-11-24,0.0,2048.14,AS-JIA-01
2005-11-25,0.0,1972.65,AS-JIA-01
2005-11-26,0.0,1915.0,AS-JIA-01
2005-11-27,0.0,1866.31,AS-JIA-01
2005-11-28,0.0,1794.54,AS-JIA-01
2005-11-29,0.0,1701.14,AS-JIA-01
2005-11-30,0.0,1617.75,AS-JIA-01
2005-12-01,0.0,1558.42,AS-JIA-01
2005-12-02,0.0,1500.16,AS-JIA-01
2005-12-03,0.0,1428.85,AS-JIA-01
2005-12-04,0.0,1372.96,AS-JIA-01
2005-12-05,0.0,1331.72,AS-JIA-01
2005-12-06,0.0,1284.32,AS-JIA-01
2005-12-07,0.0,1231.07,AS-JIA-01
2005-12-08,0.0,1198.29,AS-JIA-01
2005-12-09,0.0,1159.44,AS-JIA-01
2005-12-10,0.0,1114.79,AS-JIA-01
2005-12-11,0.0,1083.34,AS-JIA-01
2005-12-12,0.0,1046.06,AS-JIA-01
2005-12-13,0.0,997.17,AS-JIA-01
2005-12-14,0.0,949.17,AS-JIA-01
2005-12-15,0.0,902.03,AS-JIA-01
2005-12-16,0.0,861.5,AS-JIA-01
2005-12-17,0.0,815.97,AS-JIA-01
2005-12-18,0.0,782.37,AS-JIA-01
2005-12-19,0.0,754.73,AS-JIA-01
2005-12-20,0.0,738.29,AS-JIA-01
2005-12-21,0.0,711.14,AS-JIA-01
2005-12-22,0.0,684.31,AS-JIA-01
2005-12-23,0.0,668.36,AS-JIA-01
2005-12-24,0.0,663.06,AS-JIA-01
2005-12-25,0.0,652.52,AS-JIA-01
2005-12-26,0.0,652.52,AS-JIA-01
2005-12-27,0.0,652.52,AS-JIA-01
2005-12-28,0.0,663.06,AS-JIA-01
2005-12-29,0.0,657.79,AS-JIA-01
2005-12-30,0.0,631.57,AS-JIA-01
2005-12-31,0.0,590.23,AS-JIA-01
2006-01-01,0.0,554.68,AS-JIA-01
2006-01-02,0.0,519.7,AS-JIA-01
2006-01-03,0.0,490.17,AS-JIA-01
2006-01-04,0.0,456.22,AS-JIA-01
2006-01-05,0.0,427.55,AS-JIA-01
2006-01-06,0.0,403.97,AS-JIA-01
2006-01-07,0.0,380.66,AS-JIA-01
2006-01-08,0.0,362.2,AS-JIA-01
2006-01-09,0.0,343.9,AS-JIA-01
2006-01-10,0.0,330.29,AS-JIA-01
2006-01-11,0.0,316.78,AS-JIA-01
2006-01-12,0.0,312.29,AS-JIA-01
2006-01-13,0.0,334.82,AS-JIA-01
2006-01-14,0.1,371.4,AS-JIA-01
2006-01-15,0.0,376.02,AS-JIA-01
2006-01-16,0.0,366.79,AS-JIA-01
2006-01-17,2.2,380.66,AS-JIA-01
2006-01-18,13.3,418.09,AS-JIA-01
2006-01-19,5.8,446.62,AS-JIA-01
2006-01-20,1.2,446.62,AS-JIA-01
2006-01-21,1.7,475.55,AS-JIA-01
2006-01-22,0.0,514.76,AS-JIA-01
2006-01-23,0.0,539.62,AS-JIA-01
2006-01-24,0.0,580.01,AS-JIA-01
2006-01-25,0.0,605.64,AS-JIA-01
2006-01-26,0.0,600.49,AS-JIA-01
2006-01-27,0.0,585.11,AS-JIA-01
2006-01-28,0.0,549.65,AS-JIA-01
2006-01-29,0.0,509.81,AS-JIA-01
2006-01-30,0.0,465.87,AS-JIA-01
2006-01-31,0.0,427.55,AS-JIA-01
2006-02-01,0.0,385.29,AS-JIA-01
2006-02-02,0.0,353.03,AS-JIA-01
2006-02-03,0.0,316.78,AS-JIA-01
2006-02-04,1.4,316.78,AS-JIA-01
2006-02-05,0.0,321.27,AS-JIA-01
2006-02-06,0.0,307.82,AS-JIA-01
2006-02-07,0.0,268.01,AS-JIA-01
2006-02-08,0.0,207.71,AS-JIA-01
2006-02-09,0.0,141.13,AS-JIA-01
2006-02-10,0.0,84.85,AS-JIA-01
2006-02-11,0.0,53.5,AS-JIA-01
2006-02-12,0.0,22.72,AS-JIA-01
2006-02-13,0.0,3.76,AS-JIA-01
2006-02-14,0.5,0.0,AS-JIA-01
2006-02-15,15.8,45.74,AS-JIA-01
2006-02-16,9.6,376.02,AS-JIA-01
2006-02-17,4.1,1507.39,AS-JIA-01
2006-02-18,0.0,3242.09,AS-JIA-01
2006-02-19,0.0,3011.97,AS-JIA-01
2006-02-20,0.2,2230.51,AS-JIA-01
2006-02-21,2.6,1755.31,AS-JIA-01
2006-02-22,3.2,1580.54,AS-JIA-01
2006-02-23,0.7,1647.83,AS-JIA-01
2006-02-24,2.2,1874.38,AS-JIA-01
2006-02-25,0.6,2302.35,AS-JIA-01
2006-02-26,3.7,2782.52,AS-JIA-01
2006-02-27,1.2,3332.73,AS-JIA-01
2006-02-28,0.0,4296.01,AS-JIA-01
2006-03-01,0.0,5594.4,AS-JIA-01
2006-03-02,0.0,5528.13,AS-JIA-01
2006-03-03,0.0,4676.32,AS-JIA-01
2006-03-04,0.0,3951.47,AS-JIA-01
2006-03-05,0.0,3483.61,AS-JIA-01
2006-03-06,0.0,3230.87,AS-JIA-01
2006-03-07,0.0,3076.59,AS-JIA-01
2006-03-08,0.0,2916.69,AS-JIA-01
2006-03-09,0.0,2742.04,AS-JIA-01
2006-03-10,0.0,2564.42,AS-JIA-01
2006-03-11,0.6,2440.64,AS-JIA-01
2006-03-12,7.0,2516.37,AS-JIA-01
2006-03-13,1.6,3298.54,AS-JIA-01
2006-03-14,0.0,3964.35,AS-JIA-01
2006-03-15,0.0,3874.86,AS-JIA-01
2006-03-16,1.1,3700.13,AS-JIA-01
2006-03-17,0.0,3651.24,AS-JIA-01
2006-03-18,0.0,3774.32,AS-JIA-01
2006-03-19,0.0,3749.49,AS-JIA-01
2006-03-20,0.0,3471.84,AS-JIA-01
2006-03-21,0.0,3197.39,AS-JIA-01
2006-03-22,0.0,3065.75,AS-JIA-01
2006-03-23,0.3,2990.63,AS-JIA-01
2006-03-24,0.0,2916.69,AS-JIA-01
2006-03-25,0.0,2854.28,AS-JIA-01
2006-03-26,0.0,2823.39,AS-JIA-01
2006-03-27,0.0,2854.28,AS-JIA-01
2006-03-28,0.0,3142.1,AS-JIA-01
2006-03-29,0.0,3507.22,AS-JIA-01
2006-03-30,0.4,3530.96,AS-JIA-01
2006-03-31,0.0,3309.9,AS-JIA-01
2006-04-01,0.0,3022.67,AS-JIA-01
2006-04-02,5.9,2885.38,AS-JIA-01
2006-04-03,20.5,3065.75,AS-JIA-01
2006-04-04,41.4,4174.41,AS-JIA-01
2006-04-05,0.0,5413.64,AS-JIA-01
2006-04-06,4.4,5611.06,AS-JIA-01
2006-04-07,13.1,5253.24,AS-JIA-01
2006-04-08,3.7,4868.03,AS-JIA-01
2006-04-09,6.8,4647.33,AS-JIA-01
2006-04-10,15.9,5112.0,AS-JIA-01
2006-04-11,9.0,5987.47,AS-JIA-01
2006-04-12,3.4,8184.07,AS-JIA-01
2006-04-13,5.4,12106.83,AS-JIA-01
2006-04-14,0.8,14772.2,AS-JIA-01
2006-04-15,2.0,15864.72,AS-JIA-01
2006-04-16,5.7,15270.69,AS-JIA-01
2006-04-17,13.2,14696.84,AS-JIA-01
2006-04-18,11.7,14033.85,AS-JIA-01
2006-04-19,10.2,12954.52,AS-JIA-01
2006-04-20,2.5,11518.69,AS-JIA-01
2006-04-21,1.1,10169.71,AS-JIA-01
2006-04-22,0.7,9156.01,AS-JIA-01
2006-04-23,3.5,8412.74,AS-JIA-01
2006-04-24,1.3,7872.65,AS-JIA-01
2006-04-25,1.6,7465.76,AS-JIA-01
2006-04-26,4.5,7217.79,AS-JIA-01
2006-04-27,6.1,6996.43,AS-JIA-01
2006-04-28,0.0,6722.69,AS-JIA-01
2006-04-29,0.0,6365.02,AS-JIA-01
2006-04-30,0.0,5952.46,AS-JIA-01
2006-05-01,1.6,5611.06,AS-JIA-01
2006-05-02,4.3,5627.76,AS-JIA-01
2006-05-03,15.3,6147.04,AS-JIA-01
2006-05-04,4.2,6665.16,AS-JIA-01
2006-05-05,12.8,7677.69,AS-JIA-01
2006-05-06,18.9,8959.09,AS-JIA-01
2006-05-07,3.7,8694.17,AS-JIA-01
2006-05-08,0.2,7656.28,AS-JIA-01
2006-05-09,2.6,6741.94,AS-JIA-01
2006-05-10,17.8,6273.45,AS-JIA-01
2006-05-11,24.4,6457.63,AS-JIA-01
2006-05-12,9.4,7528.82,AS-JIA-01
2006-05-13,14.8,11189.77,AS-JIA-01
2006-05-14,13.9,13432.43,AS-JIA-01
2006-05-15,0.0,11732.38,AS-JIA-01
2006-05-16,0.0,9742.8,AS-JIA-01
2006-05-17,0.0,8389.64,AS-JIA-01
2006-05-18,0.0,7507.75,AS-JIA-01
2006-05-19,1.0,6996.43,AS-JIA-01
2006-05-20,3.0,6858.45,AS-JIA-01
2006-05-21,0.0,6646.07,AS-JIA-01
2006-05-22,0.0,6365.02,AS-JIA-01
2006-05-23,0.0,6111.3,AS-JIA-01
2006-05-24,0.1,5987.47,AS-JIA-01
2006-05-25,0.0,5935.02,AS-JIA-01
2006-05-26,23.8,6255.28,AS-JIA-01
2006-05-27,27.9,8049.38,AS-JIA-01
2006-05-28,26.6,10955.72,AS-JIA-01
2006-05-29,8.1,13925.99,AS-JIA-01
2006-05-30,24.3,17819.77,AS-JIA-01
2006-05-31,25.3,23951.76,AS-JIA-01
2006-06-01,27.7,26162.96,AS-JIA-01
2006-06-02,0.9,23427.02,AS-JIA-01
2006-06-03,0.8,19501.0,AS-JIA-01
2006-06-04,2.9,16987.08,AS-JIA-01
2006-06-05,12.4,15986.02,AS-JIA-01
2006-06-06,9.8,15905.06,AS-JIA-01
2006-06-07,11.6,16479.62,AS-JIA-01
2006-06-08,22.2,17030.0,AS-JIA-01
2006-06-09,5.2,17864.62,AS-JIA-01
2006-06-10,16.0,22244.1,AS-JIA-01
2006-06-11,72.3,29770.75,AS-JIA-01
2006-06-12,36.7,35604.57,AS-JIA-01
2006-06-13,19.7,36736.08,AS-JIA-01
2006-06-14,23.9,33279.55,AS-JIA-01
2006-06-15,11.1,31708.22,AS-JIA-01
2006-06-16,9.1,30207.63,AS-JIA-01
2006-06-17,5.5,27007.56,AS-JIA-01
2006-06-18,0.2,24010.74,AS-JIA-01
2006-06-19,2.8,22354.3,AS-JIA-01
2006-06-20,6.3,21754.37,AS-JIA-01
2006-06-21,12.2,21646.91,AS-JIA-01
2006-06-22,12.1,21327.5,AS-JIA-01
2006-06-23,11.2,22134.38,AS-JIA-01
2006-06-24,13.6,23427.02,AS-JIA-01
2006-06-25,18.8,23484.79,AS-JIA-01
2006-06-26,16.5,24188.5,AS-JIA-01
2006-06-27,11.9,25405.43,AS-JIA-01
2006-06-28,3.9,26099.03,AS-JIA-01
2006-06-29,7.7,26162.96,AS-JIA-01
2006-06-30,4.1,25034.45,AS-JIA-01
2006-07-01,12.2,23951.76,AS-JIA-01
2006-07-02,4.9,23658.89,AS-JIA-01
2006-07-03,4.5,23369.39,AS-JIA-01
2006-07-04,11.4,23369.39,AS-JIA-01
2006-07-05,3.3,23658.89,AS-JIA-01
2006-07-06,11.2,25405.43,AS-JIA-01
2006-07-07,16.2,28357.35,AS-JIA-01
2006-07-08,14.1,28150.88,AS-JIA-01
2006-07-09,5.4,26227.02,AS-JIA-01
2006-07-10,1.6,24608.07,AS-JIA-01
2006-07-11,19.6,23892.92,AS-JIA-01
2006-07-12,25.7,23369.39,AS-JIA-01
2006-07-13,9.0,23197.26,AS-JIA-01
2006-07-14,8.8,23311.89,AS-JIA-01
2006-07-15,6.1,23083.19,AS-JIA-01
2006-07-16,10.8,22744.07,AS-JIA-01
2006-07-17,5.1,22134.38,AS-JIA-01
2006-07-18,9.1,22299.14,AS-JIA-01
2006-07-19,16.6,22688.0,AS-JIA-01
2006-07-20,10.4,23834.21,AS-JIA-01
2006-07-21,22.2,23658.89,AS-JIA-01
2006-07-22,1.1,22409.6,AS-JIA-01
2006-07-23,1.1,22025.19,AS-JIA-01
2006-07-24,3.8,22299.14,AS-JIA-01
2006-07-25,13.4,22800.26,AS-JIA-01
2006-07-26,7.9,22025.19,AS-JIA-01
2006-07-27,1.1,20395.32,AS-JIA-01
2006-07-28,8.5,19019.92,AS-JIA-01
2006-07-29,8.8,17775.03,AS-JIA-01
2006-07-30,6.2,16689.37,AS-JIA-01
2006-07-31,0.4,15744.28,AS-JIA-01
2006-08-01,0.0,14962.17,AS-JIA-01
2006-08-02,11.8,14547.12,AS-JIA-01
2006-08-03,19.5,14435.72,AS-JIA-01
2006-08-04,20.6,13925.99,AS-JIA-01
2006-08-05,5.3,13225.72,AS-JIA-01
2006-08-06,5.2,12655.34,AS-JIA-01
2006-08-07,2.5,12297.97,AS-JIA-01
2006-08-08,1.4,11825.04,AS-JIA-01
2006-08-09,0.7,11278.65,AS-JIA-01
2006-08-10,3.5,10725.95,AS-JIA-01
2006-08-11,25.5,10416.85,AS-JIA-01
2006-08-12,9.9,10251.53,AS-JIA-01
2006-08-13,5.2,10115.49,AS-JIA-01
2006-08-14,3.4,9795.31,AS-JIA-01
2006-08-15,0.0,9381.94,AS-JIA-01
2006-08-16,2.1,8910.43,AS-JIA-01
2006-08-17,12.4,8505.68,AS-JIA-01
2006-08-18,3.6,8297.75,AS-JIA-01
2006-08-19,1.1,8206.7,AS-JIA-01
2006-08-20,0.5,7938.54,AS-JIA-01
2006-08-21,1.6,7872.65,AS-JIA-01
2006-08-22,1.5,7872.65,AS-JIA-01
2006-08-23,13.2,7763.84,AS-JIA-01
2006-08-24,10.5,8094.06,AS-JIA-01
2006-08-25,10.3,9205.81,AS-JIA-01
2006-08-26,6.4,10278.93,AS-JIA-01
2006-08-27,1.7,10169.71,AS-JIA-01
2006-08-28,11.6,9690.52,AS-JIA-01
2006-08-29,18.5,9458.29,AS-JIA-01
2006-08-30,8.4,9432.77,AS-JIA-01
2006-08-31,4.1,9057.11,AS-JIA-01
2006-09-01,0.2,8599.5,AS-JIA-01
2006-09-02,0.0,8184.07,AS-JIA-01
2006-09-03,6.4,7785.5,AS-JIA-01
2006-09-04,0.2,7382.34,AS-JIA-01
2006-09-05,0.0,7056.24,AS-JIA-01
2006-09-06,1.5,7177.12,AS-JIA-01
2006-09-07,16.1,8184.07,AS-JIA-01
2006-09-08,12.7,10926.76,AS-JIA-01
2006-09-09,7.4,12787.54,AS-JIA-01
2006-09-10,24.9,15231.82,AS-JIA-01
2006-09-11,21.5,18549.81,AS-JIA-01
2006-09-12,51.9,20701.77,AS-JIA-01
2006-09-13,3.9,23717.22,AS-JIA-01
2006-09-14,0.9,23658.89,AS-JIA-01
2006-09-15,1.0,19943.52,AS-JIA-01
2006-09-16,2.3,16731.6,AS-JIA-01
2006-09-17,0.5,14696.84,AS-JIA-01
2006-09-18,0.0,13397.78,AS-JIA-01
2006-09-19,0.4,12394.55,AS-JIA-01
2006-09-20,0.6,11579.4,AS-JIA-01
2006-09-21,5.4,10955.72,AS-JIA-01
2006-09-22,9.1,10389.13,AS-JIA-01
2006-09-23,7.0,9927.64,AS-JIA-01
2006-09-24,1.6,9483.85,AS-JIA-01
2006-09-25,0.0,9255.85,AS-JIA-01
2006-09-26,1.6,9081.75,AS-JIA-01
2006-09-27,0.0,8694.17,AS-JIA-01
2006-09-28,0.0,8252.11,AS-JIA-01
2006-09-29,2.5,7872.65,AS-JIA-01
2006-09-30,1.6,7571.11,AS-JIA-01
2006-10-01,5.0,7340.91,AS-JIA-01
2006-10-02,0.5,7116.47,AS-JIA-01
2006-10-03,1.7,7056.24,AS-JIA-01
2006-10-04,8.7,7423.95,AS-JIA-01
2006-10-05,4.1,8252.11,AS-JIA-01
2006-10-06,0.0,9007.98,AS-JIA-01
2006-10-07,0.0,8670.43,AS-JIA-01
2006-10-08,0.0,7763.84,AS-JIA-01
2006-10-09,0.0,7016.32,AS-JIA-01
2006-10-10,0.3,6476.27,AS-JIA-01
2006-10-11,0.0,6075.71,AS-JIA-01
2006-10-12,0.0,5762.75,AS-JIA-01
2006-10-13,0.0,5495.24,AS-JIA-01
2006-10-14,0.0,5365.13,AS-JIA-01
2006-10-15,0.6,5349.04,AS-JIA-01
2006-10-16,1.0,5237.4,AS-JIA-01
2006-10-17,1.2,4973.67,AS-JIA-01
2006-10-18,0.0,4705.44,AS-JIA-01
2006-10-19,0.0,4476.17,AS-JIA-01
2006-10-20,0.0,4268.78,AS-JIA-01
2006-10-21,0.0,4055.3,AS-JIA-01
2006-10-22,0.0,3849.55,AS-JIA-01
2006-10-23,0.0,3663.42,AS-JIA-01
2006-10-24,0.3,3495.4,AS-JIA-01
2006-10-25,0.0,3332.73,AS-JIA-01
2006-10-26,0.0,3164.14,AS-JIA-01
2006-10-27,0.0,2990.63,AS-JIA-01
2006-10-28,0.0,2813.14,AS-JIA-01
2006-10-29,0.0,2652.31,AS-JIA-01
2006-10-30,0.0,2506.83,AS-JIA-01
2006-10-31,0.0,2366.29,AS-JIA-01
2006-11-01,0.0,2230.51,AS-JIA-01
2006-11-02,0.0,2099.35,AS-JIA-01
2006-11-03,0.0,1980.95,AS-JIA-01
2006-11-04,0.0,1964.35,AS-JIA-01
2006-11-05,0.0,1915.0,AS-JIA-01
2006-11-06,0.0,1802.45,AS-JIA-01
2006-11-07,0.3,1724.25,AS-JIA-01
2006-11-08,0.0,1662.97,AS-JIA-01
2006-11-09,0.0,1602.81,AS-JIA-01
2006-11-10,0.0,1536.45,AS-JIA-01
2006-11-11,0.0,1471.44,AS-JIA-01
2006-11-12,0.0,1421.81,AS-JIA-01
2006-11-13,0.0,1400.78,AS-JIA-01
2006-11-14,0.0,1407.77,AS-JIA-01
2006-11-15,0.0,1407.77,AS-JIA-01
2006-11-16,0.8,1372.96,AS-JIA-01
2006-11-17,0.0,1324.9,AS-JIA-01
2006-11-18,0.0,1277.6,AS-JIA-01
2006-11-19,0.0,1257.57,AS-JIA-01
2006-11-20,0.0,1244.29,AS-JIA-01
2006-11-21,0.0,1204.81,AS-JIA-01
2006-11-22,2.0,1224.48,AS-JIA-01
2006-11-23,1.3,1414.78,AS-JIA-01
2006-11-24,0.3,1632.75,AS-JIA-01
2006-11-25,0.4,2090.77,AS-JIA-01
2006-11-26,0.6,2742.04,AS-JIA-01
2006-11-27,0.0,2927.19,AS-JIA-01
2006-11-28,0.0,2691.97,AS-JIA-01
2006-11-29,0.0,2384.75,AS-JIA-01
2006-11-30,0.0,2125.23,AS-JIA-01
2006-12-01,0.0,1923.17,AS-JIA-01
2006-12-02,0.0,1763.13,AS-JIA-01
2006-12-03,0.0,1632.75,AS-JIA-01
2006-12-04,0.0,1514.62,AS-JIA-01
2006-12-05,0.0,1414.78,AS-JIA-01
2006-12-06,0.0,1324.9,AS-JIA-01
2006-12-07,0.0,1237.67,AS-JIA-01
2006-12-08,0.0,1172.33,AS-JIA-01
2006-12-09,0.0,1153.01,AS-JIA-01
2006-12-10,0.0,1140.22,AS-JIA-01
2006-12-11,0.0,1165.87,AS-JIA-01
2006-12-12,4.0,1224.48,AS-JIA-01
2006-12-13,0.4,1324.9,AS-JIA-01
2006-12-14,0.0,1701.14,AS-JIA-01
2006-12-15,0.0,1923.17,AS-JIA-01
2006-12-16,0.0,1739.74,AS-JIA-01
2006-12-17,0.0,1500.16,AS-JIA-01
2006-12-18,0.0,1331.72,AS-JIA-01
2006-12-19,0.0,1211.35,AS-JIA-01
2006-12-20,0.0,1114.79,AS-JIA-01
2006-12-21,0.0,1021.51,AS-JIA-01
2006-12-22,0.0,955.12,AS-JIA-01
2006-12-23,0.0,902.03,AS-JIA-01
2006-12-24,0.0,838.63,AS-JIA-01
2006-12-25,0.0,771.28,AS-JIA-01
2006-12-26,0.0,711.14,AS-JIA-01
2006-12-27,1.3,711.14,AS-JIA-01
2006-12-28,0.0,700.37,AS-JIA-01
2006-12-29,0.0,652.52,AS-JIA-01
2006-12-30,0.0,636.79,AS-JIA-01
2006-12-31,0.0,626.35,AS-JIA-01
2007-01-01,0.0,621.16,AS-JIA-01
2007-01-02,0.7,610.8,AS-JIA-01
2007-01-03,0.0,580.01,AS-JIA-01
2007-01-04,0.0,549.65,AS-JIA-01
2007-01-05,0.0,529.64,AS-JIA-01
2007-01-06,0.0,499.96,AS-JIA-01
2007-01-07,0.0,495.06,AS-JIA-01
2007-01-08,0.0,495.06,AS-JIA-01
2007-01-09,0.0,480.41,AS-JIA-01
2007-01-10,0.0,475.55,AS-JIA-01
2007-01-11,0.0,480.41,AS-JIA-01
2007-01-12,0.0,504.89,AS-JIA-01
2007-01-13,0.0,549.65,AS-JIA-01
2007-01-14,0.0,564.78,AS-JIA-01
2007-01-15,0.0,590.23,AS-JIA-01
2007-01-16,0.0,663.06,AS-JIA-01
2007-01-17,0.0,678.98,AS-JIA-01
2007-01-18,0.0,647.26,AS-JIA-01
2007-01-19,0.0,605.64,AS-JIA-01
2007-01-20,0.0,564.78,AS-JIA-01
2007-01-21,0.0,549.65,AS-JIA-01
2007-01-22,0.2,529.64,AS-JIA-01
2007-01-23,0.0,499.96,AS-JIA-01
2007-01-24,0.0,485.28,AS-JIA-01
2007-01-25,0.0,470.71,AS-JIA-01
2007-01-26,0.0,441.84,AS-JIA-01
2007-01-27,0.0,403.97,AS-JIA-01
2007-01-28,0.0,380.66,AS-JIA-01
2007-01-29,0.0,348.46,AS-JIA-01
2007-01-30,0.0,316.78,AS-JIA-01
2007-01-31,0.3,285.6,AS-JIA-01
2007-02-01,0.0,259.28,AS-JIA-01
2007-02-02,0.0,276.78,AS-JIA-01
2007-02-03,0.4,307.82,AS-JIA-01
2007-02-04,6.6,316.78,AS-JIA-01
2007-02-05,7.0,334.82,AS-JIA-01
2007-02-06,0.4,357.6,AS-JIA-01
2007-02-07,0.5,371.4,AS-JIA-01
2007-02-08,1.0,389.95,AS-JIA-01
2007-02-09,0.0,385.29,AS-JIA-01
2007-02-10,0.0,357.6,AS-JIA-01
2007-02-11,0.6,339.35,AS-JIA-01
2007-02-12,2.3,357.6,AS-JIA-01
2007-02-13,5.7,403.97,AS-JIA-01
2007-02-14,11.4,475.55,AS-JIA-01
2007-02-15,0.2,626.35,AS-JIA-01
2007-02-16,1.0,861.5,AS-JIA-01
2007-02-17,0.9,1153.01,AS-JIA-01
2007-02-18,0.0,1352.27,AS-JIA-01
2007-02-19,0.0,1311.31,AS-JIA-01
2007-02-20,0.0,1185.27,AS-JIA-01
2007-02-21,0.0,1058.43,AS-JIA-01
2007-02-22,0.0,943.23,AS-JIA-01
2007-02-23,0.0,850.04,AS-JIA-01
2007-02-24,0.0,765.75,AS-JIA-01
2007-02-25,2.3,700.37,AS-JIA-01
2007-02-26,5.5,810.34,AS-JIA-01
2007-02-27,0.4,967.06,AS-JIA-01
2007-02-28,0.0,1140.22,AS-JIA-01
2007-03-01,1.9,1284.32,AS-JIA-01
2007-03-02,10.2,1485.77,AS-JIA-01
2007-03-03,2.5,1739.74,AS-JIA-01
2007-03-04,0.0,2248.35,AS-JIA-01
2007-03-05,1.0,2487.81,AS-JIA-01
2007-03-06,0.6,2248.35,AS-JIA-01
2007-03-07,0.0,1997.64,AS-JIA-01
2007-03-08,0.0,1850.24,AS-JIA-01
2007-03-09,0.0,1794.54,AS-JIA-01
2007-03-10,0.0,1739.74,AS-JIA-01
2007-03-11,0.0,1655.39,AS-JIA-01
2007-03-12,0.0,1551.08,AS-JIA-01
2007-03-13,0.0,1507.39,AS-JIA-01
2007-03-14,0.0,1514.62,AS-JIA-01
2007-03-15,0.0,1536.45,AS-JIA-01
2007-03-16,0.0,1818.31,AS-JIA-01
2007-03-17,0.0,2468.88,AS-JIA-01
2007-03-18,0.0,2554.77,AS-JIA-01
2007-03-19,0.0,2212.77,AS-JIA-01
2007-03-20,0.0,1882.46,AS-JIA-01
2007-03-21,1.1,1655.39,AS-JIA-01
2007-03-22,7.9,1536.45,AS-JIA-01
2007-03-23,0.1,1478.59,AS-JIA-01
2007-03-24,0.0,1529.16,AS-JIA-01
2007-03-25,0.3,1685.81,AS-JIA-01
2007-03-26,0.0,1858.26,AS-JIA-01
2007-03-27,0.0,2440.64,AS-JIA-01
2007-03-28,0.0,2792.71,AS-JIA-01
2007-03-29,0.0,2487.81,AS-JIA-01
2007-03-30,0.0,2133.88,AS-JIA-01
2007-03-31,0.0,1898.69,AS-JIA-01
2007-04-01,0.0,1778.79,AS-JIA-01
2007-04-02,11.6,1989.29,AS-JIA-01
2007-04-03,2.6,3626.96,AS-JIA-01
2007-04-04,5.0,7076.27,AS-JIA-01
2007-04-05,4.7,7916.52,AS-JIA-01
2007-04-06,6.8,7177.12,AS-JIA-01
2007-04-07,18.7,6858.45,AS-JIA-01
2007-04-08,37.0,7785.5,AS-JIA-01
2007-04-09,25.7,10528.34,AS-JIA-01
2007-04-10,37.1,12012.26,AS-JIA-01
2007-04-11,31.3,12075.23,AS-JIA-01
2007-04-12,0.0,11072.21,AS-JIA-01
2007-04-13,0.0,9306.1,AS-JIA-01
2007-04-14,0.0,7828.98,AS-JIA-01
2007-04-15,0.0,6780.6,AS-JIA-01
2007-04-16,5.6,6093.49,AS-JIA-01
2007-04-17,1.0,5611.06,AS-JIA-01
2007-04-18,0.4,5253.24,AS-JIA-01
2007-04-19,1.9,4973.67,AS-JIA-01
2007-04-20,34.7,5511.67,AS-JIA-01
2007-04-21,23.9,7938.54,AS-JIA-01
2007-04-22,16.8,12297.97,AS-JIA-01
2007-04-23,29.8,18457.07,AS-JIA-01
2007-04-24,51.6,20753.25,AS-JIA-01
2007-04-25,33.5,18318.77,AS-JIA-01
2007-04-26,15.9,17597.1,AS-JIA-01
2007-04-27,13.1,17641.42,AS-JIA-01
2007-04-28,0.0,15505.85,AS-JIA-01
2007-04-29,0.0,12820.78,AS-JIA-01
2007-04-30,0.0,11013.83,AS-JIA-01
2007-05-01,0.0,9821.64,AS-JIA-01
2007-05-02,0.0,8959.09,AS-JIA-01
2007-05-03,0.2,8320.64,AS-JIA-01
2007-05-04,0.0,7807.22,AS-JIA-01
2007-05-05,0.0,7340.91,AS-JIA-01
2007-05-06,0.0,6937.02,AS-JIA-01
2007-05-07,1.4,6570.18,AS-JIA-01
2007-05-08,12.0,6273.45,AS-JIA-01
2007-05-09,5.8,6057.99,AS-JIA-01
2007-05-10,7.2,6057.99,AS-JIA-01
2007-05-11,11.4,6365.02,AS-JIA-01
2007-05-12,0.1,7016.32,AS-JIA-01
2007-05-13,0.4,7258.64,AS-JIA-01
2007-05-14,7.0,7299.68,AS-JIA-01
2007-05-15,15.5,7982.72,AS-JIA-01
2007-05-16,8.0,9795.31,AS-JIA-01
2007-05-17,1.4,11042.99,AS-JIA-01
2007-05-18,0.6,9981.0,AS-JIA-01
2007-05-19,8.2,8934.74,AS-JIA-01
2007-05-20,9.6,8575.97,AS-JIA-01
2007-05-21,7.1,8694.17,AS-JIA-01
2007-05-22,17.2,9106.44,AS-JIA-01
2007-05-23,21.1,10034.6,AS-JIA-01
2007-05-24,18.2,13432.43,AS-JIA-01
2007-05-25,8.4,17552.86,AS-JIA-01
2007-05-26,7.7,18689.71,AS-JIA-01
2007-05-27,15.2,16437.97,AS-JIA-01
2007-05-28,5.3,14033.85,AS-JIA-01
2007-05-29,3.6,12754.37,AS-JIA-01
2007-05-30,9.6,12887.51,AS-JIA-01
2007-05-31,13.7,14398.77,AS-JIA-01
2007-06-01,23.8,16773.93,AS-JIA-01
2007-06-02,24.5,18318.77,AS-JIA-01
2007-06-03,14.1,19452.37,AS-JIA-01
2007-06-04,4.6,17909.55,AS-JIA-01
2007-06-05,10.0,15309.66,AS-JIA-01
2007-06-06,17.9,14398.77,AS-JIA-01
2007-06-07,9.6,14361.9,AS-JIA-01
2007-06-08,42.6,15545.36,AS-JIA-01
2007-06-09,28.3,16773.93,AS-JIA-01
2007-06-10,52.3,18181.42,AS-JIA-01
2007-06-11,29.5,19745.7,AS-JIA-01
2007-06-12,0.3,18783.5,AS-JIA-01
2007-06-13,10.3,17159.38,AS-JIA-01
2007-06-14,26.2,19745.7,AS-JIA-01
2007-06-15,12.8,24010.74,AS-JIA-01
2007-06-16,65.4,27406.0,AS-JIA-01
2007-06-17,18.6,32016.7,AS-JIA-01
2007-06-18,24.2,36035.77,AS-JIA-01
2007-06-19,5.8,34340.4,AS-JIA-01
2007-06-20,12.7,30281.01,AS-JIA-01
2007-06-21,16.7,27674.67,AS-JIA-01
2007-06-22,18.3,26941.67,AS-JIA-01
2007-06-23,20.5,28357.35,AS-JIA-01
2007-06-24,25.1,27607.27,AS-JIA-01
2007-06-25,5.8,25655.59,AS-JIA-01
2007-06-26,3.3,23542.69,AS-JIA-01
2007-06-27,12.3,22189.16,AS-JIA-01
2007-06-28,4.1,21808.28,AS-JIA-01
2007-06-29,5.4,21380.43,AS-JIA-01
2007-06-30,10.9,20908.43,AS-JIA-01
2007-07-01,8.5,21117.0,AS-JIA-01
2007-07-02,11.7,21808.28,AS-JIA-01
2007-07-03,2.9,22134.38,AS-JIA-01
2007-07-04,0.8,21862.34,AS-JIA-01
2007-07-05,0.2,21433.48,AS-JIA-01
2007-07-06,2.2,21327.5,AS-JIA-01
2007-07-07,14.1,21808.28,AS-JIA-01
2007-07-08,50.3,22134.38,AS-JIA-01
2007-07-09,7.2,22409.6,AS-JIA-01
2007-07-10,13.9,23892.92,AS-JIA-01
2007-07-11,16.4,26810.39,AS-JIA-01
2007-07-12,6.4,27007.56,AS-JIA-01
2007-07-13,14.4,24248.02,AS-JIA-01
2007-07-14,13.0,22299.14,AS-JIA-01
2007-07-15,21.2,22800.26,AS-JIA-01
2007-07-16,31.1,24129.12,AS-JIA-01
2007-07-17,15.9,24547.72,AS-JIA-01
2007-07-18,39.9,26549.64,AS-JIA-01
2007-07-19,23.9,30428.31,AS-JIA-01
2007-07-20,9.0,32016.7,AS-JIA-01
2007-07-21,32.8,31175.13,AS-JIA-01
2007-07-22,23.7,31326.56,AS-JIA-01
2007-07-23,31.8,32484.82,AS-JIA-01
2007-07-24,14.3,31555.01,AS-JIA-01
2007-07-25,39.7,34840.85,AS-JIA-01
2007-07-26,55.6,38359.77,AS-JIA-01
2007-07-27,19.6,36384.3,AS-JIA-01
2007-07-28,29.5,36209.63,AS-JIA-01
2007-07-29,16.6,37002.02,AS-JIA-01
2007-07-30,26.7,37002.02,AS-JIA-01
2007-07-31,24.0,36647.84,AS-JIA-01
2007-08-01,16.4,35009.19,AS-JIA-01
2007-08-02,0.6,31708.22,AS-JIA-01
2007-08-03,0.1,28844.65,AS-JIA-01
2007-08-04,0.3,26679.71,AS-JIA-01
2007-08-05,12.3,25219.28,AS-JIA-01
2007-08-06,5.5,24010.74,AS-JIA-01
2007-08-07,18.3,22856.58,AS-JIA-01
2007-08-08,1.1,21970.78,AS-JIA-01
2007-08-09,0.0,21012.47,AS-JIA-01
2007-08-10,4.6,20243.69,AS-JIA-01
2007-08-11,20.9,20446.09,AS-JIA-01
2007-08-12,6.5,21327.5,AS-JIA-01
2007-08-13,35.2,23427.02,AS-JIA-01
2007-08-14,29.5,25343.25,AS-JIA-01
2007-08-15,27.0,26420.13,AS-JIA-01
2007-08-16,22.6,26875.95,AS-JIA-01
2007-08-17,8.7,26420.13,AS-JIA-01
2007-08-18,1.1,24487.51,AS-JIA-01
2007-08-19,3.7,22299.14,AS-JIA-01
2007-08-20,8.6,20548.02,AS-JIA-01
2007-08-21,10.5,19259.07,AS-JIA-01
2007-08-22,9.6,19355.5,AS-JIA-01
2007-08-23,4.5,19745.7,AS-JIA-01
2007-08-24,7.5,18877.75,AS-JIA-01
2007-08-25,9.2,17730.39,AS-JIA-01
2007-08-26,10.6,17552.86,AS-JIA-01
2007-08-27,12.3,18364.77,AS-JIA-01
2007-08-28,11.5,18503.38,AS-JIA-01
2007-08-29,15.4,18689.71,AS-JIA-01
2007-08-30,6.9,18830.56,AS-JIA-01
2007-08-31,8.9,18364.77,AS-JIA-01
2007-09-01,21.4,18457.07,AS-JIA-01
2007-09-02,17.3,20650.4,AS-JIA-01
2007-09-03,33.3,26291.25,AS-JIA-01
2007-09-04,85.1,34340.4,AS-JIA-01
2007-09-05,103.7,36296.87,AS-JIA-01
2007-09-06,124.6,36296.87,AS-JIA-01
2007-09-07,56.8,38359.77,AS-JIA-01
2007-09-08,34.9,40148.26,AS-JIA-01
2007-09-09,42.4,38359.77,AS-JIA-01
2007-09-10,9.5,35263.16,AS-JIA-01
2007-09-11,4.5,32959.45,AS-JIA-01
2007-09-12,8.0,30724.99,AS-JIA-01
2007-09-13,5.8,28634.83,AS-JIA-01
2007-09-14,15.4,27073.59,AS-JIA-01
2007-09-15,9.2,26679.71,AS-JIA-01
2007-09-16,11.1,27406.0,AS-JIA-01
2007-09-17,0.0,26291.25,AS-JIA-01
2007-09-18,0.2,24248.02,AS-JIA-01
2007-09-19,0.0,22409.6,AS-JIA-01
2007-09-20,0.0,20856.59,AS-JIA-01
2007-09-21,0.0,19549.72,AS-JIA-01
2007-09-22,0.0,18364.77,AS-JIA-01
2007-09-23,0.0,17289.63,AS-JIA-01
2007-09-24,0.1,16272.31,AS-JIA-01
2007-09-25,0.0,15387.86,AS-JIA-01
2007-09-26,0.3,14509.9,AS-JIA-01
2007-09-27,3.5,13818.89,AS-JIA-01
2007-09-28,5.3,13328.73,AS-JIA-01
2007-09-29,12.7,12820.78,AS-JIA-01
2007-09-30,7.8,12524.33,AS-JIA-01
2007-10-01,7.6,12426.88,AS-JIA-01
2007-10-02,1.1,12138.51,AS-JIA-01
2007-10-03,0.0,11670.98,AS-JIA-01
2007-10-04,0.0,11160.27,AS-JIA-01
2007-10-05,0.0,10669.17,AS-JIA-01
2007-10-06,0.4,10142.56,AS-JIA-01
2007-10-07,6.8,9690.52,AS-JIA-01
2007-10-08,38.0,10034.6,AS-JIA-01
2007-10-09,14.8,11488.45,AS-JIA-01
2007-10-10,17.7,12394.55,AS-JIA-01
2007-10-11,1.2,12297.97,AS-JIA-01
2007-10-12,0.5,11701.65,AS-JIA-01
2007-10-13,0.4,10897.89,AS-JIA-01
2007-10-14,7.9,10224.19,AS-JIA-01
2007-10-15,8.7,9927.64,AS-JIA-01
2007-10-16,51.7,10169.71,AS-JIA-01
2007-10-17,15.3,11278.65,AS-JIA-01
2007-10-18,6.9,13123.45,AS-JIA-01
2007-10-19,10.0,14547.12,AS-JIA-01
2007-10-20,4.4,15154.32,AS-JIA-01
2007-10-21,3.4,14288.42,AS-JIA-01
2007-10-22,0.2,12754.37,AS-JIA-01
2007-10-23,0.0,11368.15,AS-JIA-01
2007-10-24,0.0,10361.48,AS-JIA-01
2007-10-25,0.0,9560.92,AS-JIA-01
2007-10-26,0.0,8910.43,AS-JIA-01
2007-10-27,0.0,8320.64,AS-JIA-01
2007-10-28,0.0,7785.5,AS-JIA-01
2007-10-29,0.0,7320.28,AS-JIA-01
2007-10-30,0.0,6917.31,AS-JIA-01
2007-10-31,0.0,6532.48,AS-JIA-01
2007-11-01,0.0,6200.97,AS-JIA-01
2007-11-02,0.0,5917.61,AS-JIA-01
2007-11-03,0.0,5661.28,AS-JIA-01
2007-11-04,0.0,5397.44,AS-JIA-01
2007-11-05,0.0,5112.0,AS-JIA-01
2007-11-06,0.0,4823.28,AS-JIA-01
2007-11-07,0.0,4546.91,AS-JIA-01
2007-11-08,0.0,4309.68,AS-JIA-01
2007-11-09,0.1,4107.93,AS-JIA-01
2007-11-10,0.0,3938.63,AS-JIA-01
2007-11-11,0.0,3811.8,AS-JIA-01
2007-11-12,0.0,3687.87,AS-JIA-01
2007-11-13,0.0,3554.79,AS-JIA-01
2007-11-14,0.0,3390.22,AS-JIA-01
2007-11-15,5.0,3208.53,AS-JIA-01
2007-11-16,21.2,3164.14,AS-JIA-01
2007-11-17,0.0,3142.1,AS-JIA-01
2007-11-18,0.0,3087.44,AS-JIA-01
2007-11-19,0.0,3022.67,AS-JIA-01
2007-11-20,0.0,2927.19,AS-JIA-01
2007-11-21,0.0,2792.71,AS-JIA-01
2007-11-22,0.0,2652.31,AS-JIA-01
2007-11-23,0.0,2516.37,AS-JIA-01
2007-11-24,0.0,2384.75,AS-JIA-01
2007-11-25,0.0,2257.3,AS-JIA-01
2007-11-26,0.0,2133.88,AS-JIA-01
2007-11-27,0.0,2014.39,AS-JIA-01
2007-11-28,0.0,1898.69,AS-JIA-01
2007-11-29,0.0,1794.54,AS-JIA-01
2007-11-30,0.0,1701.14,AS-JIA-01
2007-12-01,0.0,1632.75,AS-JIA-01
2007-12-02,0.0,1573.15,AS-JIA-01
2007-12-03,1.3,1543.76,AS-JIA-01
2007-12-04,0.3,1514.62,AS-JIA-01
2007-12-05,0.0,1492.96,AS-JIA-01
2007-12-06,0.0,1471.44,AS-JIA-01
2007-12-07,0.0,1428.85,AS-JIA-01
2007-12-08,0.0,1366.05,AS-JIA-01
2007-12-09,0.0,1291.04,AS-JIA-01
2007-12-10,0.0,1211.35,AS-JIA-01
2007-12-11,0.0,1159.44,AS-JIA-01
2007-12-12,0.0,1121.13,AS-JIA-01
2007-12-13,0.0,1083.34,AS-JIA-01
2007-12-14,0.0,1046.06,AS-JIA-01
2007-12-15,0.0,1009.31,AS-JIA-01
2007-12-16,0.0,973.06,AS-JIA-01
2007-12-17,0.0,937.3,AS-JIA-01
2007-12-18,0.0,896.21,AS-JIA-01
2007-12-19,0.0,855.77,AS-JIA-01
2007-12-20,0.0,810.34,AS-JIA-01
2007-12-21,0.0,765.75,AS-JIA-01
2007-12-22,0.0,721.97,AS-JIA-01
2007-12-23,0.0,684.31,AS-JIA-01
2007-12-24,0.0,647.26,AS-JIA-01
2007-12-25,0.0,610.8,AS-JIA-01
2007-12-26,0.0,574.92,AS-JIA-01
2007-12-27,0.0,544.63,AS-JIA-01
2007-12-28,0.0,509.81,AS-JIA-01
2007-12-29,0.0,480.41,AS-JIA-01
2007-12-30,0.0,461.04,AS-JIA-01
2007-12-31,0.0,446.62,AS-JIA-01
2008-01-01,0.0,437.06,AS-JIA-01
2008-01-02,0.0,427.55,AS-JIA-01
2008-01-03,0.0,418.09,AS-JIA-01
2008-01-04,0.0,408.67,AS-JIA-01
2008-01-05,0.0,394.61,AS-JIA-01
2008-01-06,0.0,385.29,AS-JIA-01
2008-01-07,0.0,371.4,AS-JIA-01
2008-01-08,0.0,353.03,AS-JIA-01
2008-01-09,0.0,330.29,AS-JIA-01
2008-01-10,0.0,303.35,AS-JIA-01
2008-01-11,1.4,307.82,AS-JIA-01
2008-01-12,2.2,339.35,AS-JIA-01
2008-01-13,0.0,357.6,AS-JIA-01
2008-01-14,0.0,380.66,AS-JIA-01
2008-01-15,0.0,413.37,AS-JIA-01
2008-01-16,0.0,432.3,AS-JIA-01
2008-01-17,0.0,432.3,AS-JIA-01
2008-01-18,0.0,446.62,AS-JIA-01
2008-01-19,0.0,490.17,AS-JIA-01
2008-01-20,1.3,631.57,AS-JIA-01
2008-01-21,0.0,1617.75,AS-JIA-01
2008-01-22,0.0,2854.28,AS-JIA-01
2008-01-23,7.5,2864.62,AS-JIA-01
2008-01-24,3.2,2450.04,AS-JIA-01
2008-01-25,0.6,2107.96,AS-JIA-01
2008-01-26,8.3,1989.29,AS-JIA-01
2008-01-27,2.3,2065.13,AS-JIA-01
2008-01-28,0.4,2357.09,AS-JIA-01
2008-01-29,0.2,2691.97,AS-JIA-01
2008-01-30,5.8,2762.24,AS-JIA-01
2008-01-31,0.9,2762.24,AS-JIA-01
2008-02-01,0.9,2762.24,AS-JIA-01
2008-02-02,0.0,2721.95,AS-JIA-01
2008-02-03,0.0,2564.42,AS-JIA-01
2008-02-04,0.0,2357.09,AS-JIA-01
2008-02-05,0.0,2177.51,AS-JIA-01
2008-02-06,0.1,2065.13,AS-JIA-01
2008-02-07,2.7,1989.29,AS-JIA-01
2008-02-08,3.2,1939.59,AS-JIA-01
2008-02-09,1.7,1980.95,AS-JIA-01
2008-02-10,1.1,2275.25,AS-JIA-01
2008-02-11,0.0,2979.99,AS-JIA-01
2008-02-12,0.0,3230.87,AS-JIA-01
2008-02-13,0.0,2969.38,AS-JIA-01
2008-02-14,0.0,2642.46,AS-JIA-01
2008-02-15,0.0,2412.6,AS-JIA-01
2008-02-16,0.0,2230.51,AS-JIA-01
2008-02-17,0.0,2048.14,AS-JIA-01
2008-02-18,0.4,1898.69,AS-JIA-01
2008-02-19,3.6,1810.37,AS-JIA-01
2008-02-20,0.9,1778.79,AS-JIA-01
2008-02-21,0.0,1810.37,AS-JIA-01
2008-02-22,0.0,1778.79,AS-JIA-01
2008-02-23,0.0,1662.97,AS-JIA-01
2008-02-24,0.2,1551.08,AS-JIA-01
2008-02-25,8.8,1558.42,AS-JIA-01
2008-02-26,1.0,1632.75,AS-JIA-01
2008-02-27,0.0,1874.38,AS-JIA-01
2008-02-28,0.0,2275.25,AS-JIA-01
2008-02-29,0.0,2302.35,AS-JIA-01
2008-03-01,0.0,2039.68,AS-JIA-01
2008-03-02,0.0,1794.54,AS-JIA-01
2008-03-03,1.0,1640.28,AS-JIA-01
2008-03-04,13.1,1595.37,AS-JIA-01
2008-03-05,4.6,1580.54,AS-JIA-01
2008-03-06,0.0,1573.15,AS-JIA-01
2008-03-07,0.0,1543.76,AS-JIA-01
2008-03-08,0.0,1485.77,AS-JIA-01
2008-03-09,0.0,1414.78,AS-JIA-01
2008-03-10,0.0,1331.72,AS-JIA-01
2008-03-11,0.0,1291.04,AS-JIA-01
2008-03-12,0.0,1338.55,AS-JIA-01
2008-03-13,0.3,1457.18,AS-JIA-01
2008-03-14,5.7,1770.95,AS-JIA-01
2008-03-15,0.3,2823.39,AS-JIA-01
2008-03-16,0.5,5478.84,AS-JIA-01
2008-03-17,0.7,5711.84,AS-JIA-01
2008-03-18,4.2,4647.33,AS-JIA-01
2008-03-19,12.4,4147.72,AS-JIA-01
2008-03-20,14.8,4546.91,AS-JIA-01
2008-03-21,12.6,5577.77,AS-JIA-01
2008-03-22,0.5,6200.97,AS-JIA-01
2008-03-23,0.1,5745.73,AS-JIA-01
2008-03-24,4.5,5349.04,AS-JIA-01
2008-03-25,4.4,5205.83,AS-JIA-01
2008-03-26,10.1,5446.16,AS-JIA-01
2008-03-27,0.5,5882.92,AS-JIA-01
2008-03-28,12.2,6937.02,AS-JIA-01
2008-03-29,5.0,8623.09,AS-JIA-01
2008-03-30,4.7,10088.46,AS-JIA-01
2008-03-31,3.5,10926.76,AS-JIA-01
2008-04-01,8.2,10251.53,AS-JIA-01
2008-04-02,10.6,9586.72,AS-JIA-01
2008-04-03,13.1,9638.5,AS-JIA-01
2008-04-04,6.2,9432.77,AS-JIA-01
2008-04-05,1.0,8983.51,AS-JIA-01
2008-04-06,0.0,8505.68,AS-JIA-01
2008-04-07,0.0,7785.5,AS-JIA-01
2008-04-08,0.0,7116.47,AS-JIA-01
2008-04-09,0.0,6627.04,AS-JIA-01
2008-04-10,0.0,6237.14,AS-JIA-01
2008-04-11,0.0,5917.61,AS-JIA-01
2008-04-12,7.2,6040.3,AS-JIA-01
2008-04-13,13.5,7076.27,AS-JIA-01
2008-04-14,21.5,9131.21,AS-JIA-01
2008-04-15,8.3,10669.17,AS-JIA-01
2008-04-16,0.7,10061.51,AS-JIA-01
2008-04-17,6.7,9081.75,AS-JIA-01
2008-04-18,14.4,10782.99,AS-JIA-01
2008-04-19,3.8,14106.16,AS-JIA-01
2008-04-20,0.3,13055.65,AS-JIA-01
2008-04-21,0.0,10840.31,AS-JIA-01
2008-04-22,0.0,9458.29,AS-JIA-01
2008-04-23,0.3,8459.11,AS-JIA-01
2008-04-24,13.3,8094.06,AS-JIA-01
2008-04-25,8.5,8161.49,AS-JIA-01
2008-04-26,37.5,9057.11,AS-JIA-01
2008-04-27,25.9,11949.55,AS-JIA-01
2008-04-28,43.0,17730.39,AS-JIA-01
2008-04-29,17.7,19943.52,AS-JIA-01
2008-04-30,7.9,16773.93,AS-JIA-01
2008-05-01,31.8,14142.44,AS-JIA-01
2008-05-02,17.6,13890.21,AS-JIA-01
2008-05-03,4.0,14547.12,AS-JIA-01
2008-05-04,0.0,13783.35,AS-JIA-01
2008-05-05,2.5,12233.97,AS-JIA-01
2008-05-06,6.7,11101.49,AS-JIA-01
2008-05-07,5.5,10584.48,AS-JIA-01
2008-05-08,5.9,10782.99,AS-JIA-01
2008-05-09,8.6,11458.27,AS-JIA-01
2008-05-10,6.3,11763.19,AS-JIA-01
2008-05-11,0.1,11189.77,AS-JIA-01
2008-05-12,0.2,10251.53,AS-JIA-01
2008-05-13,2.5,9612.58,AS-JIA-01
2008-05-14,3.7,9306.1,AS-JIA-01
2008-05-15,1.2,9280.95,AS-JIA-01
2008-05-16,1.7,9255.85,AS-JIA-01
2008-05-17,9.8,9280.95,AS-JIA-01
2008-05-18,14.0,9458.29,AS-JIA-01
2008-05-19,15.5,10500.38,AS-JIA-01
2008-05-20,12.4,13606.88,AS-JIA-01
2008-05-21,22.6,15466.44,AS-JIA-01
2008-05-22,19.1,14696.84,AS-JIA-01
2008-05-23,6.6,13397.78,AS-JIA-01
2008-05-24,9.4,12524.33,AS-JIA-01
2008-05-25,6.7,12170.25,AS-JIA-01
2008-05-26,8.3,12106.83,AS-JIA-01
2008-05-27,3.5,12330.09,AS-JIA-01
2008-05-28,6.6,12887.51,AS-JIA-01
2008-05-29,5.5,13925.99,AS-JIA-01
2008-05-30,7.3,14962.17,AS-JIA-01
2008-05-31,10.0,15744.28,AS-JIA-01
2008-06-01,18.4,16563.25,AS-JIA-01
2008-06-02,8.5,16816.37,AS-JIA-01
2008-06-03,3.1,16647.23,AS-JIA-01
2008-06-04,33.3,15905.06,AS-JIA-01
2008-06-05,5.7,15000.43,AS-JIA-01
2008-06-06,22.6,14810.02,AS-JIA-01
2008-06-07,31.2,15505.85,AS-JIA-01
2008-06-08,11.6,16067.34,AS-JIA-01
2008-06-09,22.2,16026.63,AS-JIA-01
2008-06-10,9.6,16272.31,AS-JIA-01
2008-06-11,23.5,18457.07,AS-JIA-01
2008-06-12,17.5,19355.5,AS-JIA-01
2008-06-13,21.4,21222.02,AS-JIA-01
2008-06-14,19.7,26744.98,AS-JIA-01
2008-06-15,1.3,26484.8,AS-JIA-01
2008-06-16,2.4,24188.5,AS-JIA-01
2008-06-17,16.2,24427.41,AS-JIA-01
2008-06-18,24.0,26227.02,AS-JIA-01
2008-06-19,20.6,28014.05,AS-JIA-01
2008-06-20,7.1,28150.88,AS-JIA-01
2008-06-21,6.6,28219.54,AS-JIA-01
2008-06-22,15.1,28565.22,AS-JIA-01
2008-06-23,8.0,29197.57,AS-JIA-01
2008-06-24,7.6,29988.41,AS-JIA-01
2008-06-25,5.8,30428.31,AS-JIA-01
2008-06-26,43.2,31631.54,AS-JIA-01
2008-06-27,5.6,30428.31,AS-JIA-01
2008-06-28,11.8,28219.54,AS-JIA-01
2008-06-29,16.2,26549.64,AS-JIA-01
2008-06-30,17.4,25844.77,AS-JIA-01
2008-07-01,18.1,25781.58,AS-JIA-01
2008-07-02,26.8,27809.94,AS-JIA-01
2008-07-03,19.7,31862.11,AS-JIA-01
2008-07-04,25.5,37629.79,AS-JIA-01
2008-07-05,18.6,37359.52,AS-JIA-01
2008-07-06,1.7,31555.01,AS-JIA-01
2008-07-07,0.4,27339.18,AS-JIA-01
2008-07-08,4.1,24911.93,AS-JIA-01
2008-07-09,21.8,23951.76,AS-JIA-01
2008-07-10,24.5,23775.65,AS-JIA-01
2008-07-11,15.5,24307.69,AS-JIA-01
2008-07-12,45.1,27607.27,AS-JIA-01
2008-07-13,22.6,29554.55,AS-JIA-01
2008-07-14,22.1,29554.55,AS-JIA-01
2008-07-15,9.7,29268.64,AS-JIA-01
2008-07-16,10.6,28219.54,AS-JIA-01
2008-07-17,7.7,27206.08,AS-JIA-01
2008-07-18,25.5,27007.56,AS-JIA-01
2008-07-19,36.6,27073.59,AS-JIA-01
2008-07-20,12.9,27674.67,AS-JIA-01
2008-07-21,13.5,30281.01,AS-JIA-01
2008-07-22,10.8,31785.08,AS-JIA-01
2008-07-23,8.7,29843.14,AS-JIA-01
2008-07-24,21.7,29339.87,AS-JIA-01
2008-07-25,25.6,30061.31,AS-JIA-01
2008-07-26,6.5,28844.65,AS-JIA-01
2008-07-27,6.8,26549.64,AS-JIA-01
2008-07-28,10.2,24547.72,AS-JIA-01
2008-07-29,2.9,23717.22,AS-JIA-01
2008-07-30,16.6,23542.69,AS-JIA-01
2008-07-31,11.4,22969.64,AS-JIA-01
2008-08-01,8.8,21862.34,AS-JIA-01
2008-08-02,11.5,21064.67,AS-JIA-01
2008-08-03,15.7,21012.47,AS-JIA-01
2008-08-04,24.9,21222.02,AS-JIA-01
2008-08-05,30.8,21754.37,AS-JIA-01
2008-08-06,12.1,22134.38,AS-JIA-01
2008-08-07,1.2,21222.02,AS-JIA-01
2008-08-08,0.1,19647.48,AS-JIA-01
2008-08-09,44.7,19163.09,AS-JIA-01
2008-08-10,18.0,19647.48,AS-JIA-01
2008-08-11,22.9,21380.43,AS-JIA-01
2008-08-12,26.6,23197.26,AS-JIA-01
2008-08-13,20.1,24487.51,AS-JIA-01
2008-08-14,13.9,24668.56,AS-JIA-01
2008-08-15,12.2,25655.59,AS-JIA-01
2008-08-16,17.8,27206.08,AS-JIA-01
2008-08-17,15.2,28565.22,AS-JIA-01
2008-08-18,29.4,29411.27,AS-JIA-01
2008-08-19,14.1,28914.91,AS-JIA-01
2008-08-20,18.6,27139.76,AS-JIA-01
2008-08-21,8.0,25095.92,AS-JIA-01
2008-08-22,5.7,24010.74,AS-JIA-01
2008-08-23,12.4,23951.76,AS-JIA-01
2008-08-24,7.4,24010.74,AS-JIA-01
2008-08-25,16.1,24547.72,AS-JIA-01
2008-08-26,19.5,28219.54,AS-JIA-01
2008-08-27,23.8,32328.08,AS-JIA-01
2008-08-28,17.4,33683.79,AS-JIA-01
2008-08-29,9.8,35263.16,AS-JIA-01
2008-08-30,11.8,37993.09,AS-JIA-01
2008-08-31,13.0,38544.35,AS-JIA-01
2008-09-01,8.6,37539.49,AS-JIA-01
2008-09-02,14.8,37269.85,AS-JIA-01
2008-09-03,19.6,38175.99,AS-JIA-01
2008-09-04,13.1,36559.8,AS-JIA-01
2008-09-05,14.6,36122.61,AS-JIA-01
2008-09-06,3.0,35776.44,AS-JIA-01
2008-09-07,0.0,32094.27,AS-JIA-01
2008-09-08,2.8,28844.65,AS-JIA-01
2008-09-09,3.4,26810.39,AS-JIA-01
2008-09-10,0.2,25095.92,AS-JIA-01
2008-09-11,2.5,23658.89,AS-JIA-01
2008-09-12,0.2,22409.6,AS-JIA-01
2008-09-13,0.0,21433.48,AS-JIA-01
2008-09-14,0.2,20497.02,AS-JIA-01
2008-09-15,0.1,19549.72,AS-JIA-01
2008-09-16,20.3,19115.25,AS-JIA-01
2008-09-17,9.4,18503.38,AS-JIA-01
2008-09-18,11.0,17819.77,AS-JIA-01
2008-09-19,2.4,17116.15,AS-JIA-01
2008-09-20,6.6,16479.62,AS-JIA-01
2008-09-21,16.9,16108.14,AS-JIA-01
2008-09-22,19.2,15905.06,AS-JIA-01
2008-09-23,7.0,15505.85,AS-JIA-01
2008-09-24,1.3,14810.02,AS-JIA-01
2008-09-25,7.7,14178.8,AS-JIA-01
2008-09-26,2.3,13606.88,AS-JIA-01
2008-09-27,2.0,13157.46,AS-JIA-01
2008-09-28,4.3,13055.65,AS-JIA-01
2008-09-29,11.9,13191.55,AS-JIA-01
2008-09-30,1.3,12787.54,AS-JIA-01
2008-10-01,1.8,12362.27,AS-JIA-01
2008-10-02,6.3,12170.25,AS-JIA-01
2008-10-03,7.0,12170.25,AS-JIA-01
2008-10-04,10.1,11949.55,AS-JIA-01
2008-10-05,17.3,11549.01,AS-JIA-01
2008-10-06,10.4,11130.85,AS-JIA-01
2008-10-07,35.1,11219.32,AS-JIA-01
2008-10-08,12.4,11856.06,AS-JIA-01
2008-10-09,4.4,12988.14,AS-JIA-01
2008-10-10,0.3,13501.98,AS-JIA-01
2008-10-11,0.0,12524.33,AS-JIA-01
2008-10-12,0.0,11338.24,AS-JIA-01
2008-10-13,0.0,10472.47,AS-JIA-01
2008-10-14,0.0,9742.8,AS-JIA-01
2008-10-15,0.0,9156.01,AS-JIA-01
2008-10-16,0.0,8623.09,AS-JIA-01
2008-10-17,0.0,8116.48,AS-JIA-01
2008-10-18,0.0,7656.28,AS-JIA-01
2008-10-19,0.0,7217.79,AS-JIA-01
2008-10-20,0.0,6819.44,AS-JIA-01
2008-10-21,0.0,6457.63,AS-JIA-01
2008-10-22,0.0,6129.15,AS-JIA-01
2008-10-23,0.0,5814.01,AS-JIA-01
2008-10-24,0.0,5511.67,AS-JIA-01
2008-10-25,0.0,5221.6,AS-JIA-01
2008-10-26,20.7,5127.55,AS-JIA-01
2008-10-27,28.9,7444.83,AS-JIA-01
2008-10-28,0.0,13089.5,AS-JIA-01
2008-10-29,0.0,14325.11,AS-JIA-01
2008-10-30,0.0,10811.63,AS-JIA-01
2008-10-31,0.0,8599.5,AS-JIA-01
2008-11-01,0.0,7320.28,AS-JIA-01
2008-11-02,0.0,6494.97,AS-JIA-01
2008-11-03,0.0,5900.25,AS-JIA-01
2008-11-04,0.1,5462.49,AS-JIA-01
2008-11-05,0.0,5143.14,AS-JIA-01
2008-11-06,0.0,4883.02,AS-JIA-01
2008-11-07,0.0,4647.33,AS-JIA-01
2008-11-08,0.0,4406.24,AS-JIA-01
2008-11-09,0.0,4147.72,AS-JIA-01
2008-11-10,0.0,3887.55,AS-JIA-01
2008-11-11,0.0,3651.24,AS-JIA-01
2008-11-12,0.0,3425.04,AS-JIA-01
2008-11-13,0.0,3230.87,AS-JIA-01
2008-11-14,0.0,3044.16,AS-JIA-01
2008-11-15,0.0,2885.38,AS-JIA-01
2008-11-16,0.0,2731.99,AS-JIA-01
2008-11-17,0.0,2593.52,AS-JIA-01
2008-11-18,0.0,2459.44,AS-JIA-01
2008-11-19,0.0,2329.62,AS-JIA-01
2008-11-20,0.0,2212.77,AS-JIA-01
2008-11-21,0.1,2177.51,AS-JIA-01
2008-11-22,0.5,2177.51,AS-JIA-01
2008-11-23,0.0,2257.3,AS-JIA-01
2008-11-24,0.0,2293.29,AS-JIA-01
2008-11-25,0.0,2177.51,AS-JIA-01
2008-11-26,0.0,2039.68,AS-JIA-01
2008-11-27,0.0,1915.0,AS-JIA-01
2008-11-28,0.0,1810.37,AS-JIA-01
2008-11-29,0.0,1708.82,AS-JIA-01
2008-11-30,0.0,1617.75,AS-JIA-01
2008-12-01,0.0,1529.16,AS-JIA-01
2008-12-02,0.0,1457.18,AS-JIA-01
2008-12-03,0.0,1393.8,AS-JIA-01
2008-12-04,0.0,1345.4,AS-JIA-01
2008-12-05,0.0,1297.78,AS-JIA-01
2008-12-06,0.0,1244.29,AS-JIA-01
2008-12-07,0.0,1198.29,AS-JIA-01
2008-12-08,0.0,1159.44,AS-JIA-01
2008-12-09,0.0,1114.79,AS-JIA-01
2008-12-10,0.0,1070.86,AS-JIA-01
2008-12-11,3.6,1058.43,AS-JIA-01
2008-12-12,0.4,1070.86,AS-JIA-01
2008-12-13,0.0,1070.86,AS-JIA-01
2008-12-14,0.0,1058.43,AS-JIA-01
2008-12-15,0.0,1039.91,AS-JIA-01
2008-12-16,0.0,1021.51,AS-JIA-01
2008-12-17,0.0,991.12,AS-JIA-01
2008-12-18,0.0,955.12,AS-JIA-01
2008-12-19,0.0,919.6,AS-JIA-01
2008-12-20,0.0,873.02,AS-JIA-01
2008-12-21,0.0,832.94,AS-JIA-01
2008-12-22,0.0,815.97,AS-JIA-01
2008-12-23,0.0,855.77,AS-JIA-01
2008-12-24,0.0,861.5,AS-JIA-01
2008-12-25,0.0,827.28,AS-JIA-01
2008-12-26,0.2,815.97,AS-JIA-01
2008-12-27,0.0,815.97,AS-JIA-01
2008-12-28,0.0,821.62,AS-JIA-01
2008-12-29,0.0,810.34,AS-JIA-01
2008-12-30,0.0,793.52,AS-JIA-01
2008-12-31,0.0,765.75,AS-JIA-01
2009-01-01,0.3,760.23,AS-JIA-01
2009-01-02,0.0,743.76,AS-JIA-01
2009-01-03,0.0,738.29,AS-JIA-01
2009-01-04,0.0,749.23,AS-JIA-01
2009-01-05,0.0,760.23,AS-JIA-01
2009-01-06,0.0,787.94,AS-JIA-01
2009-01-07,0.0,787.94,AS-JIA-01
2009-01-08,0.0,776.82,AS-JIA-01
2009-01-09,0.0,771.28,AS-JIA-01
2009-01-10,0.0,760.23,AS-JIA-01
2009-01-11,0.0,743.76,AS-JIA-01
2009-01-12,0.0,721.97,AS-JIA-01
2009-01-13,0.0,689.66,AS-JIA-01
2009-01-14,0.0,663.06,AS-JIA-01
2009-01-15,0.0,631.57,AS-JIA-01
2009-01-16,0.0,595.35,AS-JIA-01
2009-01-17,0.0,564.78,AS-JIA-01
2009-01-18,0.0,534.63,AS-JIA-01
2009-01-19,0.0,514.76,AS-JIA-01
2009-01-20,0.7,514.76,AS-JIA-01
2009-01-21,0.0,514.76,AS-JIA-01
2009-01-22,0.0,499.96,AS-JIA-01
2009-01-23,0.0,485.28,AS-JIA-01
2009-01-24,0.0,480.41,AS-JIA-01
2009-01-25,0.0,480.41,AS-JIA-01
2009-01-26,2.7,504.89,AS-JIA-01
2009-01-27,8.3,605.64,AS-JIA-01
2009-01-28,3.1,765.75,AS-JIA-01
2009-01-29,0.0,967.06,AS-JIA-01
2009-01-30,0.0,1146.61,AS-JIA-01
2009-01-31,0.0,1217.91,AS-JIA-01
2009-02-01,0.2,1172.33,AS-JIA-01
2009-02-02,0.0,1114.79,AS-JIA-01
2009-02-03,0.0,1121.13,AS-JIA-01
2009-02-04,0.0,1108.47,AS-JIA-01
2009-02-05,0.0,1052.24,AS-JIA-01
2009-02-06,0.0,967.06,AS-JIA-01
2009-02-07,0.0,850.04,AS-JIA-01
2009-02-08,0.0,711.14,AS-JIA-01
2009-02-09,0.0,600.49,AS-JIA-01
2009-02-10,0.0,514.76,AS-JIA-01
2009-02-11,0.0,451.41,AS-JIA-01
2009-02-12,0.0,403.97,AS-JIA-01
2009-02-13,0.0,362.2,AS-JIA-01
2009-02-14,0.0,330.29,AS-JIA-01
2009-02-15,0.0,312.29,AS-JIA-01
2009-02-16,0.0,303.35,AS-JIA-01
2009-02-17,0.0,294.45,AS-JIA-01
2009-02-18,0.0,312.29,AS-JIA-01
2009-02-19,0.0,357.6,AS-JIA-01
2009-02-20,0.0,380.66,AS-JIA-01
2009-02-21,0.0,465.87,AS-JIA-01
2009-02-22,0.0,647.26,AS-JIA-01
2009-02-23,0.0,1039.91,AS-JIA-01
2009-02-24,6.4,1731.99,AS-JIA-01
2009-02-25,3.3,2357.09,AS-JIA-01
2009-02-26,0.8,3602.79,AS-JIA-01
2009-02-27,0.0,5381.27,AS-JIA-01
2009-02-28,0.3,6057.99,AS-JIA-01
2009-03-01,0.0,5917.61,AS-JIA-01
2009-03-02,0.0,5381.27,AS-JIA-01
2009-03-03,0.0,4518.52,AS-JIA-01
2009-03-04,0.0,3799.28,AS-JIA-01
2009-03-05,0.2,3344.17,AS-JIA-01
2009-03-06,3.2,3076.59,AS-JIA-01
2009-03-07,0.0,2958.8,AS-JIA-01
2009-03-08,0.0,2979.99,AS-JIA-01
2009-03-09,0.0,3219.69,AS-JIA-01
2009-03-10,0.0,3321.3,AS-JIA-01
2009-03-11,0.0,3287.2,AS-JIA-01
2009-03-12,0.0,3483.61,AS-JIA-01
2009-03-13,0.0,3712.43,AS-JIA-01
2009-03-14,0.0,3471.84,AS-JIA-01
2009-03-15,0.0,3054.95,AS-JIA-01
2009-03-16,0.0,2731.99,AS-JIA-01
2009-03-17,0.0,2487.81,AS-JIA-01
2009-03-18,0.0,2284.27,AS-JIA-01
2009-03-19,0.7,2125.23,AS-JIA-01
2009-03-20,0.0,1997.64,AS-JIA-01
2009-03-21,0.0,1898.69,AS-JIA-01
2009-03-22,1.5,1818.31,AS-JIA-01
2009-03-23,0.5,1755.31,AS-JIA-01
2009-03-24,0.0,1685.81,AS-JIA-01
2009-03-25,0.0,1632.75,AS-JIA-01
2009-03-26,1.1,1625.24,AS-JIA-01
2009-03-27,2.8,1670.57,AS-JIA-01
2009-03-28,0.7,1770.95,AS-JIA-01
2009-03-29,1.0,1858.26,AS-JIA-01
2009-03-30,18.1,1956.08,AS-JIA-01
2009-03-31,16.7,2583.8,AS-JIA-01
2009-04-01,9.4,3799.28,AS-JIA-01
2009-04-02,0.0,4913.09,AS-JIA-01
2009-04-03,5.5,4575.44,AS-JIA-01
2009-04-04,12.5,4029.17,AS-JIA-01
2009-04-05,0.4,3749.49,AS-JIA-01
2009-04-06,0.2,3566.75,AS-JIA-01
2009-04-07,9.0,3712.43,AS-JIA-01
2009-04-08,6.2,4420.17,AS-JIA-01
2009-04-09,2.8,5019.46,AS-JIA-01
2009-04-10,7.0,5429.88,AS-JIA-01
2009-04-11,0.2,6937.02,AS-JIA-01
2009-04-12,0.0,7096.35,AS-JIA-01
2009-04-13,0.0,6040.3,AS-JIA-01
2009-04-14,0.0,5127.55,AS-JIA-01
2009-04-15,0.0,4532.7,AS-JIA-01
2009-04-16,2.7,4462.12,AS-JIA-01
2009-04-17,16.5,5004.16,AS-JIA-01
2009-04-18,6.2,6093.49,AS-JIA-01
2009-04-19,2.2,8274.9,AS-JIA-01
2009-04-20,6.6,8389.64,AS-JIA-01
2009-04-21,3.7,7340.91,AS-JIA-01
2009-04-22,4.3,6838.92,AS-JIA-01
2009-04-23,5.5,7320.28,AS-JIA-01
2009-04-24,1.9,8138.97,AS-JIA-01
2009-04-25,0.0,8206.7,AS-JIA-01
2009-04-26,0.0,7528.82,AS-JIA-01
2009-04-27,0.0,7036.26,AS-JIA-01
2009-04-28,0.0,6570.18,AS-JIA-01
2009-04-29,2.4,6200.97,AS-JIA-01
2009-04-30,20.3,6219.03,AS-JIA-01
2009-05-01,9.9,6457.63,AS-JIA-01
2009-05-02,0.0,6494.97,AS-JIA-01
2009-05-03,4.8,6237.14,AS-JIA-01
2009-05-04,8.2,6200.97,AS-JIA-01
2009-05-05,5.0,6761.25,AS-JIA-01
2009-05-06,5.9,7136.64,AS-JIA-01
2009-05-07,2.9,7238.2,AS-JIA-01
2009-05-08,0.4,7634.91,AS-JIA-01
2009-05-09,3.7,9280.95,AS-JIA-01
2009-05-10,19.5,11701.65,AS-JIA-01
2009-05-11,14.9,12170.25,AS-JIA-01
2009-05-12,0.4,10897.89,AS-JIA-01
2009-05-13,9.0,10115.49,AS-JIA-01
2009-05-14,9.2,9716.64,AS-JIA-01
2009-05-15,1.3,9106.44,AS-JIA-01
2009-05-16,7.4,8482.37,AS-JIA-01
2009-05-17,9.3,8116.48,AS-JIA-01
2009-05-18,4.3,8094.06,AS-JIA-01
2009-05-19,0.0,8027.1,AS-JIA-01
2009-05-20,0.8,7699.15,AS-JIA-01
2009-05-21,5.4,7872.65,AS-JIA-01
2009-05-22,1.1,8552.49,AS-JIA-01
2009-05-23,1.0,8623.09,AS-JIA-01
2009-05-24,4.9,8552.49,AS-JIA-01
2009-05-25,17.9,8886.19,AS-JIA-01
2009-05-26,40.1,12589.68,AS-JIA-01
2009-05-27,1.0,16396.41,AS-JIA-01
2009-05-28,3.6,16231.11,AS-JIA-01
2009-05-29,6.2,13925.99,AS-JIA-01
2009-05-30,13.8,12556.97,AS-JIA-01
2009-05-31,5.8,12988.14,AS-JIA-01
2009-06-01,6.7,15704.31,AS-JIA-01
2009-06-02,2.2,17289.63,AS-JIA-01
2009-06-03,0.3,15427.09,AS-JIA-01
2009-06-04,4.8,13397.78,AS-JIA-01
2009-06-05,1.0,12362.27,AS-JIA-01
2009-06-06,6.3,11918.31,AS-JIA-01
2009-06-07,5.5,12297.97,AS-JIA-01
2009-06-08,7.9,14142.44,AS-JIA-01
2009-06-09,9.6,16396.41,AS-JIA-01
2009-06-10,8.3,18736.55,AS-JIA-01
2009-06-11,7.5,18736.55,AS-JIA-01
2009-06-12,110.7,18227.09,AS-JIA-01
2009-06-13,14.3,17730.39,AS-JIA-01
2009-06-14,11.3,17246.11,AS-JIA-01
2009-06-15,12.6,16987.08,AS-JIA-01
2009-06-16,7.4,17159.38,AS-JIA-01
2009-06-17,0.9,16944.25,AS-JIA-01
2009-06-18,1.6,16731.6,AS-JIA-01
2009-06-19,12.7,17202.7,AS-JIA-01
2009-06-20,15.4,18642.97,AS-JIA-01
2009-06-21,7.5,20344.66,AS-JIA-01
2009-06-22,9.6,21486.67,AS-JIA-01
2009-06-23,6.9,22134.38,AS-JIA-01
2009-06-24,17.7,22299.14,AS-JIA-01
2009-06-25,13.6,22354.3,AS-JIA-01
2009-06-26,6.9,23369.39,AS-JIA-01
2009-06-27,8.6,25655.59,AS-JIA-01
2009-06-28,7.5,28634.83,AS-JIA-01
2009-06-29,30.8,32642.3,AS-JIA-01
2009-06-30,35.1,38916.13,AS-JIA-01
2009-07-01,18.0,43446.75,AS-JIA-01
2009-07-02,18.6,42522.14,AS-JIA-01
2009-07-03,17.8,40052.13,AS-JIA-01
2009-07-04,7.6,37720.33,AS-JIA-01
2009-07-05,8.5,35433.5,AS-JIA-01
2009-07-06,16.3,34010.58,AS-JIA-01
2009-07-07,18.7,33440.68,AS-JIA-01
2009-07-08,13.4,32642.3,AS-JIA-01
2009-07-09,21.9,31785.08,AS-JIA-01
2009-07-10,7.2,31708.22,AS-JIA-01
2009-07-11,0.4,31250.76,AS-JIA-01
2009-07-12,4.6,28985.32,AS-JIA-01
2009-07-13,3.0,26614.6,AS-JIA-01
2009-07-14,2.8,25343.25,AS-JIA-01
2009-07-15,13.3,24668.56,AS-JIA-01
2009-07-16,2.4,23892.92,AS-JIA-01
2009-07-17,1.0,22969.64,AS-JIA-01
2009-07-18,3.1,22134.38,AS-JIA-01
2009-07-19,3.1,21646.91,AS-JIA-01
2009-07-20,3.5,21222.02,AS-JIA-01
2009-07-21,19.9,21064.67,AS-JIA-01
2009-07-22,6.4,20753.25,AS-JIA-01
2009-07-23,2.2,19696.53,AS-JIA-01
2009-07-24,1.1,18736.55,AS-JIA-01
2009-07-25,34.2,20395.32,AS-JIA-01
2009-07-26,27.0,25467.76,AS-JIA-01
2009-07-27,1.8,27272.55,AS-JIA-01
2009-07-28,42.7,27206.08,AS-JIA-01
2009-07-29,32.2,27742.23,AS-JIA-01
2009-07-30,8.4,27139.76,AS-JIA-01
2009-07-31,22.3,26420.13,AS-JIA-01
2009-08-01,21.8,25908.1,AS-JIA-01
2009-08-02,10.2,24307.69,AS-JIA-01
2009-08-03,6.5,23311.89,AS-JIA-01
2009-08-04,29.6,25530.23,AS-JIA-01
2009-08-05,36.1,27206.08,AS-JIA-01
2009-08-06,9.8,26355.61,AS-JIA-01
2009-08-07,9.3,24487.51,AS-JIA-01
2009-08-08,9.1,23197.26,AS-JIA-01
2009-08-09,7.7,22800.26,AS-JIA-01
2009-08-10,18.7,22688.0,AS-JIA-01
2009-08-11,24.5,23427.02,AS-JIA-01
2009-08-12,61.9,27206.08,AS-JIA-01
2009-08-13,74.2,30799.57,AS-JIA-01
2009-08-14,22.4,28634.83,AS-JIA-01
2009-08-15,18.6,26875.95,AS-JIA-01
2009-08-16,21.0,27339.18,AS-JIA-01
2009-08-17,10.4,28357.35,AS-JIA-01
2009-08-18,18.6,29988.41,AS-JIA-01
2009-08-19,16.8,30428.31,AS-JIA-01
2009-08-20,17.1,31099.65,AS-JIA-01
2009-08-21,14.0,31024.37,AS-JIA-01
2009-08-22,19.3,29268.64,AS-JIA-01
2009-08-23,7.0,28357.35,AS-JIA-01
2009-08-24,0.3,27607.27,AS-JIA-01
2009-08-25,0.5,25405.43,AS-JIA-01
2009-08-26,4.0,23717.22,AS-JIA-01
2009-08-27,16.7,22520.57,AS-JIA-01
2009-08-28,6.3,21593.38,AS-JIA-01
2009-08-29,24.8,20856.59,AS-JIA-01
2009-08-30,15.3,20143.18,AS-JIA-01
2009-08-31,4.4,19211.02,AS-JIA-01
2009-09-01,2.4,18318.77,AS-JIA-01
2009-09-02,0.4,17420.8,AS-JIA-01
2009-09-03,0.1,16731.6,AS-JIA-01
2009-09-04,12.4,16396.41,AS-JIA-01
2009-09-05,14.7,15986.02,AS-JIA-01
2009-09-06,15.8,15270.69,AS-JIA-01
2009-09-07,2.1,14509.9,AS-JIA-01
2009-09-08,7.8,13854.51,AS-JIA-01
2009-09-09,16.3,13397.78,AS-JIA-01
2009-09-10,15.2,13294.32,AS-JIA-01
2009-09-11,3.1,13191.55,AS-JIA-01
2009-09-12,0.3,12622.49,AS-JIA-01
2009-09-13,2.6,12012.26,AS-JIA-01
2009-09-14,8.1,11794.08,AS-JIA-01
2009-09-15,11.1,11794.08,AS-JIA-01
2009-09-16,6.1,11887.16,AS-JIA-01
2009-09-17,11.1,11763.19,AS-JIA-01
2009-09-18,21.6,12265.94,AS-JIA-01
2009-09-19,18.2,13818.89,AS-JIA-01
2009-09-20,8.0,16987.08,AS-JIA-01
2009-09-21,7.8,19307.23,AS-JIA-01
2009-09-22,9.4,18090.39,AS-JIA-01
2009-09-23,1.5,16479.62,AS-JIA-01
2009-09-24,24.5,15193.03,AS-JIA-01
2009-09-25,4.4,14215.27,AS-JIA-01
2009-09-26,0.0,13397.78,AS-JIA-01
2009-09-27,0.0,12655.34,AS-JIA-01
2009-09-28,0.0,11949.55,AS-JIA-01
2009-09-29,0.0,11219.32,AS-JIA-01
2009-09-30,0.0,10528.34,AS-JIA-01
2009-10-01,0.0,9874.51,AS-JIA-01
2009-10-02,0.0,9280.95,AS-JIA-01
2009-10-03,1.1,8765.77,AS-JIA-01
2009-10-04,8.6,8343.58,AS-JIA-01
2009-10-05,5.9,8094.06,AS-JIA-01
2009-10-06,15.2,8071.7,AS-JIA-01
2009-10-07,38.0,9874.51,AS-JIA-01
2009-10-08,77.0,15905.06,AS-JIA-01
2009-10-09,16.8,22299.14,AS-JIA-01
2009-10-10,5.0,22465.02,AS-JIA-01
2009-10-11,0.9,18736.55,AS-JIA-01
2009-10-12,0.0,15348.72,AS-JIA-01
2009-10-13,0.0,13225.72,AS-JIA-01
2009-10-14,0.0,11825.04,AS-JIA-01
2009-10-15,2.3,10840.31,AS-JIA-01
2009-10-16,2.5,10088.46,AS-JIA-01
2009-10-17,2.9,9742.8,AS-JIA-01
2009-10-18,4.2,9638.5,AS-JIA-01
2009-10-19,2.0,10034.6,AS-JIA-01
2009-10-20,0.0,10333.9,AS-JIA-01
2009-10-21,0.0,9690.52,AS-JIA-01
2009-10-22,0.0,8789.74,AS-JIA-01
2009-10-23,0.0,8094.06,AS-JIA-01
2009-10-24,0.0,7549.95,AS-JIA-01
2009-10-25,0.0,7096.35,AS-JIA-01
2009-10-26,0.0,6684.29,AS-JIA-01
2009-10-27,0.0,6328.27,AS-JIA-01
2009-10-28,0.0,6005.04,AS-JIA-01
2009-10-29,0.0,5678.09,AS-JIA-01
2009-10-30,0.0,5365.13,AS-JIA-01
2009-10-31,0.0,5081.02,AS-JIA-01
2009-11-01,0.0,4808.43,AS-JIA-01
2009-11-02,0.0,4546.91,AS-JIA-01
2009-11-03,0.0,4309.68,AS-JIA-01
2009-11-04,0.0,4094.73,AS-JIA-01
2009-11-05,0.0,3874.86,AS-JIA-01
2009-11-06,0.0,3675.63,AS-JIA-01
2009-11-07,0.0,3483.61,AS-JIA-01
2009-11-08,0.0,3309.9,AS-JIA-01
2009-11-09,0.0,3153.11,AS-JIA-01
2009-11-10,0.0,3054.95,AS-JIA-01
2009-11-11,0.0,2937.7,AS-JIA-01
2009-11-12,0.0,2823.39,AS-JIA-01
2009-11-13,0.0,2711.93,AS-JIA-01
2009-11-14,9.8,2603.27,AS-JIA-01
2009-11-15,10.8,2792.71,AS-JIA-01
2009-11-16,5.1,3287.2,AS-JIA-01
2009-11-17,1.0,4255.2,AS-JIA-01
2009-11-18,0.7,6532.48,AS-JIA-01
2009-11-19,0.4,8138.97,AS-JIA-01
2009-11-20,0.0,7486.73,AS-JIA-01
2009-11-21,0.0,6383.45,AS-JIA-01
2009-11-22,0.0,5397.44,AS-JIA-01
2009-11-23,0.0,4720.05,AS-JIA-01
2009-11-24,0.0,4241.66,AS-JIA-01
2009-11-25,0.0,3874.86,AS-JIA-01
2009-11-26,0.0,3590.76,AS-JIA-01
2009-11-27,0.0,3367.14,AS-JIA-01
2009-11-28,0.0,3197.39,AS-JIA-01
2009-11-29,0.0,3054.95,AS-JIA-01
2009-11-30,0.0,2916.69,AS-JIA-01
2009-12-01,0.0,2772.38,AS-JIA-01
2009-12-02,0.0,2632.63,AS-JIA-01
2009-12-03,0.0,2516.37,AS-JIA-01
2009-12-04,0.0,2403.3,AS-JIA-01
2009-12-05,0.0,2320.51,AS-JIA-01
2009-12-06,0.2,2320.51,AS-JIA-01
2009-12-07,0.8,2497.31,AS-JIA-01
2009-12-08,0.0,2833.66,AS-JIA-01
2009-12-09,0.0,3011.97,AS-JIA-01
2009-12-10,0.0,2927.19,AS-JIA-01
2009-12-11,0.0,2742.04,AS-JIA-01
2009-12-12,0.0,2554.77,AS-JIA-01
2009-12-13,0.0,2384.75,AS-JIA-01
2009-12-14,0.0,2266.27,AS-JIA-01
2009-12-15,0.0,2212.77,AS-JIA-01
2009-12-16,1.4,2248.35,AS-JIA-01
2009-12-17,2.3,2347.92,AS-JIA-01
2009-12-18,1.7,2487.81,AS-JIA-01
2009-12-19,0.7,2813.14,AS-JIA-01
2009-12-20,0.0,3109.23,AS-JIA-01
2009-12-21,0.0,3131.12,AS-JIA-01
2009-12-22,0.0,2948.23,AS-JIA-01
2009-12-23,0.0,2772.38,AS-JIA-01
2009-12-24,0.7,2642.46,AS-JIA-01
2009-12-25,0.0,2545.13,AS-JIA-01
2009-12-26,0.0,2497.31,AS-JIA-01
2009-12-27,0.0,2421.92,AS-JIA-01
2009-12-28,0.0,2311.41,AS-JIA-01
2009-12-29,0.0,2186.29,AS-JIA-01
2009-12-30,0.0,2056.63,AS-JIA-01
2009-12-31,0.0,1972.65,AS-JIA-01
2010-01-01,0.0,1890.57,AS-JIA-01
2010-01-02,0.0,1834.23,AS-JIA-01
2010-01-03,0.0,1810.37,AS-JIA-01
2010-01-04,0.0,1731.99,AS-JIA-01
2010-01-05,0.0,1625.24,AS-JIA-01
2010-01-06,0.0,1521.88,AS-JIA-01
2010-01-07,0.0,1421.81,AS-JIA-01
2010-01-08,0.0,1331.72,AS-JIA-01
2010-01-09,0.0,1257.57,AS-JIA-01
2010-01-10,0.0,1191.77,AS-JIA-01
2010-01-11,0.0,1133.84,AS-JIA-01
2010-01-12,0.0,1083.34,AS-JIA-01
2010-01-13,0.0,1027.62,AS-JIA-01
2010-01-14,0.0,991.12,AS-JIA-01
2010-01-15,0.0,955.12,AS-JIA-01
2010-01-16,0.0,925.49,AS-JIA-01
2010-01-17,0.0,907.87,AS-JIA-01
2010-01-18,0.0,878.79,AS-JIA-01
2010-01-19,0.0,832.94,AS-JIA-01
2010-01-20,0.0,776.82,AS-JIA-01
2010-01-21,0.0,721.97,AS-JIA-01
2010-01-22,0.0,678.98,AS-JIA-01
2010-01-23,0.0,631.57,AS-JIA-01
2010-01-24,0.0,595.35,AS-JIA-01
2010-01-25,0.0,559.73,AS-JIA-01
2010-01-26,0.0,529.64,AS-JIA-01
2010-01-27,0.0,504.89,AS-JIA-01
2010-01-28,0.0,485.28,AS-JIA-01
2010-01-29,0.0,475.55,AS-JIA-01
2010-01-30,0.0,480.41,AS-JIA-01
2010-01-31,0.0,480.41,AS-JIA-01
2010-02-01,0.0,485.28,AS-JIA-01
2010-02-02,0.0,524.67,AS-JIA-01
2010-02-03,0.0,569.85,AS-JIA-01
2010-02-04,0.0,605.64,AS-JIA-01
2010-02-05,0.0,636.79,AS-JIA-01
2010-02-06,0.0,657.79,AS-JIA-01
2010-02-07,0.0,610.8,AS-JIA-01
2010-02-08,0.0,519.7,AS-JIA-01
2010-02-09,0.0,437.06,AS-JIA-01
2010-02-10,0.0,403.97,AS-JIA-01
2010-02-11,0.0,385.29,AS-JIA-01
2010-02-12,0.0,385.29,AS-JIA-01
2010-02-13,0.0,480.41,AS-JIA-01
2010-02-14,0.0,600.49,AS-JIA-01
2010-02-15,0.0,732.83,AS-JIA-01
2010-02-16,0.0,985.08,AS-JIA-01
2010-02-17,0.0,1204.81,AS-JIA-01
2010-02-18,0.0,1297.78,AS-JIA-01
2010-02-19,0.0,1478.59,AS-JIA-01
2010-02-20,0.0,1610.28,AS-JIA-01
2010-02-21,0.0,1507.39,AS-JIA-01
2010-02-22,0.0,1338.55,AS-JIA-01
2010-02-23,0.0,1237.67,AS-JIA-01
2010-02-24,0.0,1250.92,AS-JIA-01
2010-02-25,0.4,1400.78,AS-JIA-01
2010-02-26,0.0,1662.97,AS-JIA-01
2010-02-27,2.5,1834.23,AS-JIA-01
2010-02-28,0.0,1794.54,AS-JIA-01
2010-03-01,3.2,1755.31,AS-JIA-01
2010-03-02,3.3,1866.31,AS-JIA-01
2010-03-03,0.2,2195.1,AS-JIA-01
2010-03-04,0.0,3054.95,AS-JIA-01
2010-03-05,0.2,3811.8,AS-JIA-01
2010-03-06,0.0,4618.47,AS-JIA-01
2010-03-07,0.0,5678.09,AS-JIA-01
2010-03-08,0.0,5882.92,AS-JIA-01
2010-03-09,0.0,5511.67,AS-JIA-01
2010-03-10,0.0,4928.19,AS-JIA-01
2010-03-11,0.0,4448.11,AS-JIA-01
2010-03-12,0.0,4107.93,AS-JIA-01
2010-03-13,0.0,3862.18,AS-JIA-01
2010-03-14,0.0,3824.35,AS-JIA-01
2010-03-15,2.6,4029.17,AS-JIA-01
2010-03-16,0.0,4147.72,AS-JIA-01
2010-03-17,0.0,3990.19,AS-JIA-01
2010-03-18,0.0,3675.63,AS-JIA-01
2010-03-19,0.0,3344.17,AS-JIA-01
2010-03-20,0.0,3054.95,AS-JIA-01
2010-03-21,0.0,2833.66,AS-JIA-01
2010-03-22,0.0,3120.16,AS-JIA-01
2010-03-23,1.6,3786.79,AS-JIA-01
2010-03-24,1.5,4973.67,AS-JIA-01
2010-03-25,1.9,6858.45,AS-JIA-01
2010-03-26,14.5,8297.75,AS-JIA-01
2010-03-27,34.2,12524.33,AS-JIA-01
2010-03-28,34.1,17909.55,AS-JIA-01
2010-03-29,3.9,16605.19,AS-JIA-01
2010-03-30,28.2,14772.2,AS-JIA-01
2010-03-31,29.6,15945.49,AS-JIA-01
2010-04-01,9.5,19598.55,AS-JIA-01
2010-04-02,8.9,21012.47,AS-JIA-01
2010-04-03,14.8,20804.87,AS-JIA-01
2010-04-04,19.8,20960.39,AS-JIA-01
2010-04-05,9.0,19993.26,AS-JIA-01
2010-04-06,3.0,19745.7,AS-JIA-01
2010-04-07,0.0,19794.98,AS-JIA-01
2010-04-08,0.4,17376.99,AS-JIA-01
2010-04-09,19.5,15505.85,AS-JIA-01
2010-04-10,12.5,15427.09,AS-JIA-01
2010-04-11,14.6,18181.42,AS-JIA-01
2010-04-12,15.2,18783.5,AS-JIA-01
2010-04-13,6.3,18045.03,AS-JIA-01
2010-04-14,18.5,20650.4,AS-JIA-01
2010-04-15,5.7,20856.59,AS-JIA-01
2010-04-16,2.4,17954.63,AS-JIA-01
2010-04-17,39.6,16605.19,AS-JIA-01
2010-04-18,30.9,16858.91,AS-JIA-01
2010-04-19,69.7,19067.53,AS-JIA-01
2010-04-20,55.1,22520.57,AS-JIA-01
2010-04-21,27.1,24129.12,AS-JIA-01
2010-04-22,8.8,26035.22,AS-JIA-01
2010-04-23,17.0,30207.63,AS-JIA-01
2010-04-24,36.8,34257.67,AS-JIA-01
2010-04-25,34.7,36647.84,AS-JIA-01
2010-04-26,25.1,34924.92,AS-JIA-01
2010-04-27,2.8,29055.9,AS-JIA-01
2010-04-28,0.0,24188.5,AS-JIA-01
2010-04-29,13.0,21222.02,AS-JIA-01
2010-04-30,3.7,19307.23,AS-JIA-01
2010-05-01,0.0,17909.55,AS-JIA-01
2010-05-02,2.3,16944.25,AS-JIA-01
2010-05-03,6.5,16901.53,AS-JIA-01
2010-05-04,9.4,19211.02,AS-JIA-01
2010-05-05,15.8,19844.4,AS-JIA-01
2010-05-06,14.1,18736.55,AS-JIA-01
2010-05-07,11.8,18227.09,AS-JIA-01
2010-05-08,17.4,18181.42,AS-JIA-01
2010-05-09,17.6,19598.55,AS-JIA-01
2010-05-10,12.8,21380.43,AS-JIA-01
2010-05-11,26.8,22913.03,AS-JIA-01
2010-05-12,25.0,29843.14,AS-JIA-01
2010-05-13,31.8,35776.44,AS-JIA-01
2010-05-14,37.4,36122.61,AS-JIA-01
2010-05-15,23.2,35348.25,AS-JIA-01
2010-05-16,19.9,33602.57,AS-JIA-01
2010-05-17,3.9,28985.32,AS-JIA-01
2010-05-18,5.6,24850.86,AS-JIA-01
2010-05-19,39.7,25718.53,AS-JIA-01
2010-05-20,77.4,32172.05,AS-JIA-01
2010-05-21,14.5,38359.77,AS-JIA-01
2010-05-22,4.8,36913.17,AS-JIA-01
2010-05-23,10.1,30576.3,AS-JIA-01
2010-05-24,15.2,26744.98,AS-JIA-01
2010-05-25,14.3,25844.77,AS-JIA-01
2010-05-26,3.2,25281.22,AS-JIA-01
2010-05-27,4.1,24248.02,AS-JIA-01
2010-05-28,4.9,22465.02,AS-JIA-01
2010-05-29,7.1,21169.46,AS-JIA-01
2010-05-30,5.1,20960.39,AS-JIA-01
2010-05-31,11.8,23026.35,AS-JIA-01
2010-06-01,22.4,28634.83,AS-JIA-01
2010-06-02,31.6,28985.32,AS-JIA-01
2010-06-03,53.1,27139.76,AS-JIA-01
2010-06-04,12.8,26810.39,AS-JIA-01
2010-06-05,16.1,27945.86,AS-JIA-01
2010-06-06,11.4,34924.92,AS-JIA-01
2010-06-07,15.2,39669.98,AS-JIA-01
2010-06-08,15.2,34340.4,AS-JIA-01
2010-06-09,30.7,29626.44,AS-JIA-01
2010-06-10,4.3,28150.88,AS-JIA-01
2010-06-11,6.9,29197.57,AS-JIA-01
2010-06-12,11.6,29988.41,AS-JIA-01
2010-06-13,7.1,31708.22,AS-JIA-01
2010-06-14,11.6,32642.3,AS-JIA-01
2010-06-15,5.9,32016.7,AS-JIA-01
2010-06-16,16.9,30502.22,AS-JIA-01
2010-06-17,10.2,28985.32,AS-JIA-01
2010-06-18,19.4,29698.53,AS-JIA-01
2010-06-19,43.2,31631.54,AS-JIA-01
2010-06-20,18.0,34257.67,AS-JIA-01
2010-06-21,18.9,37002.02,AS-JIA-01
2010-06-22,16.6,40437.86,AS-JIA-01
2010-06-23,23.9,41417.83,AS-JIA-01
2010-06-24,37.5,41318.78,AS-JIA-01
2010-06-25,19.7,41318.78,AS-JIA-01
2010-06-26,42.5,43968.71,AS-JIA-01
2010-06-27,8.6,46448.88,AS-JIA-01
2010-06-28,51.5,46008.03,AS-JIA-01
2010-06-29,16.0,44603.11,AS-JIA-01
2010-06-30,14.0,43654.81,AS-JIA-01
2010-07-01,25.7,42522.14,AS-JIA-01
2010-07-02,10.6,41816.15,AS-JIA-01
2010-07-03,33.4,40827.15,AS-JIA-01
2010-07-04,14.6,39765.19,AS-JIA-01
2010-07-05,18.6,39197.18,AS-JIA-01
2010-07-06,6.3,38729.79,AS-JIA-01
2010-07-07,1.6,38729.79,AS-JIA-01
2010-07-08,4.4,39385.64,AS-JIA-01
2010-07-09,8.4,41220.0,AS-JIA-01
2010-07-10,7.8,41816.15,AS-JIA-01
2010-07-11,38.9,43033.44,AS-JIA-01
2010-07-12,32.6,42623.92,AS-JIA-01
2010-07-13,12.5,39575.0,AS-JIA-01
2010-07-14,9.7,36913.17,AS-JIA-01
2010-07-15,11.3,36296.87,AS-JIA-01
2010-07-16,6.3,37269.85,AS-JIA-01
2010-07-17,13.7,40632.03,AS-JIA-01
2010-07-18,25.7,43550.67,AS-JIA-01
2010-07-19,15.0,44709.68,AS-JIA-01
2010-07-20,11.4,43550.67,AS-JIA-01
2010-07-21,13.5,41716.22,AS-JIA-01
2010-07-22,20.2,40341.1,AS-JIA-01
2010-07-23,19.2,39103.28,AS-JIA-01
2010-07-24,6.9,37629.79,AS-JIA-01
2010-07-25,27.6,36471.92,AS-JIA-01
2010-07-26,5.3,36736.08,AS-JIA-01
2010-07-27,4.7,35433.5,AS-JIA-01
2010-07-28,17.3,33199.25,AS-JIA-01
2010-07-29,8.9,32172.05,AS-JIA-01
2010-07-30,25.1,33039.19,AS-JIA-01
2010-07-31,3.7,32721.34,AS-JIA-01
2010-08-01,15.1,31326.56,AS-JIA-01
2010-08-02,14.1,30428.31,AS-JIA-01
2010-08-03,19.9,30207.63,AS-JIA-01
2010-08-04,10.7,30061.31,AS-JIA-01
2010-08-05,3.3,28844.65,AS-JIA-01
2010-08-06,8.2,27206.08,AS-JIA-01
2010-08-07,0.3,25781.58,AS-JIA-01
2010-08-08,1.3,24668.56,AS-JIA-01
2010-08-09,4.8,23600.72,AS-JIA-01
2010-08-10,2.0,22576.27,AS-JIA-01
2010-08-11,14.0,21700.59,AS-JIA-01
2010-08-12,32.0,21222.02,AS-JIA-01
2010-08-13,13.5,21274.7,AS-JIA-01
2010-08-14,10.8,21012.47,AS-JIA-01
2010-08-15,9.8,21012.47,AS-JIA-01
2010-08-16,10.6,21380.43,AS-JIA-01
2010-08-17,12.3,21970.78,AS-JIA-01
2010-08-18,61.1,23369.39,AS-JIA-01
2010-08-19,19.9,24729.19,AS-JIA-01
2010-08-20,10.1,25530.23,AS-JIA-01
2010-08-21,10.8,26679.71,AS-JIA-01
2010-08-22,20.6,28985.32,AS-JIA-01
2010-08-23,10.2,31250.76,AS-JIA-01
2010-08-24,1.4,30428.31,AS-JIA-01
2010-08-25,16.0,27339.18,AS-JIA-01
2010-08-26,11.5,25219.28,AS-JIA-01
2010-08-27,12.0,25592.84,AS-JIA-01
2010-08-28,9.3,25971.59,AS-JIA-01
2010-08-29,5.5,24487.51,AS-JIA-01
2010-08-30,21.4,23311.89,AS-JIA-01
2010-08-31,22.3,23542.69,AS-JIA-01
2010-09-01,6.3,24608.07,AS-JIA-01
2010-09-02,13.4,24911.93,AS-JIA-01
2010-09-03,19.0,24668.56,AS-JIA-01
2010-09-04,8.2,26941.67,AS-JIA-01
2010-09-05,6.5,31708.22,AS-JIA-01
2010-09-06,18.3,34257.67,AS-JIA-01
2010-09-07,13.4,32879.89,AS-JIA-01
2010-09-08,8.9,30502.22,AS-JIA-01
2010-09-09,12.1,29843.14,AS-JIA-01
2010-09-10,13.2,30576.3,AS-JIA-01
2010-09-11,5.4,31250.76,AS-JIA-01
2010-09-12,2.5,28774.56,AS-JIA-01
2010-09-13,16.5,26549.64,AS-JIA-01
2010-09-14,25.1,25971.59,AS-JIA-01
2010-09-15,23.7,26035.22,AS-JIA-01
2010-09-16,11.8,25718.53,AS-JIA-01
2010-09-17,14.4,25281.22,AS-JIA-01
2010-09-18,9.1,24547.72,AS-JIA-01
2010-09-19,11.5,23951.76,AS-JIA-01
2010-09-20,24.8,24789.95,AS-JIA-01
2010-09-21,8.9,24789.95,AS-JIA-01
2010-09-22,0.0,22969.64,AS-JIA-01
2010-09-23,10.5,21327.5,AS-JIA-01
2010-09-24,11.3,20548.02,AS-JIA-01
2010-09-25,12.6,20599.15,AS-JIA-01
2010-09-26,7.3,21169.46,AS-JIA-01
2010-09-27,6.0,22913.03,AS-JIA-01
2010-09-28,3.4,24188.5,AS-JIA-01
2010-09-29,0.0,22465.02,AS-JIA-01
2010-09-30,0.3,20043.11,AS-JIA-01
2010-10-01,0.0,18272.9,AS-JIA-01
2010-10-02,0.0,17030.0,AS-JIA-01
2010-10-03,0.4,16231.11,AS-JIA-01
2010-10-04,7.6,15864.72,AS-JIA-01
2010-10-05,16.2,16108.14,AS-JIA-01
2010-10-06,13.1,16521.4,AS-JIA-01
2010-10-07,20.7,15986.02,AS-JIA-01
2010-10-08,85.0,17685.87,AS-JIA-01
2010-10-09,0.3,19259.07,AS-JIA-01
2010-10-10,2.3,19019.92,AS-JIA-01
2010-10-11,1.3,18410.86,AS-JIA-01
2010-10-12,0.0,16944.25,AS-JIA-01
2010-10-13,0.1,15387.86,AS-JIA-01
2010-10-14,0.3,14142.44,AS-JIA-01
2010-10-15,4.4,13328.73,AS-JIA-01
2010-10-16,7.8,13021.85,AS-JIA-01
2010-10-17,0.6,12820.78,AS-JIA-01
2010-10-18,0.0,12362.27,AS-JIA-01
2010-10-19,0.0,11825.04,AS-JIA-01
2010-10-20,0.0,11308.41,AS-JIA-01
2010-10-21,1.2,10754.44,AS-JIA-01
2010-10-22,1.7,10361.48,AS-JIA-01
2010-10-23,0.0,10251.53,AS-JIA-01
2010-10-24,1.4,10361.48,AS-JIA-01
2010-10-25,1.6,10142.56,AS-JIA-01
2010-10-26,1.7,9664.49,AS-JIA-01
2010-10-27,2.7,9180.89,AS-JIA-01
2010-10-28,0.1,8741.85,AS-JIA-01
2010-10-29,0.0,8343.58,AS-JIA-01
2010-10-30,0.0,7938.54,AS-JIA-01
2010-10-31,0.0,7528.82,AS-JIA-01
2010-11-01,0.3,7156.86,AS-JIA-01
2010-11-02,0.0,6897.65,AS-JIA-01
2010-11-03,0.0,6741.94,AS-JIA-01
2010-11-04,0.0,6684.29,AS-JIA-01
2010-11-05,0.0,6457.63,AS-JIA-01
2010-11-06,0.0,6111.3,AS-JIA-01
2010-11-07,0.0,5745.73,AS-JIA-01
2010-11-08,0.0,5413.64,AS-JIA-01
2010-11-09,0.0,5112.0,AS-JIA-01
2010-11-10,0.0,4838.16,AS-JIA-01
2010-11-11,0.0,4575.44,AS-JIA-01
2010-11-12,0.1,4378.49,AS-JIA-01
2010-11-13,0.0,4268.78,AS-JIA-01
2010-11-14,0.0,4161.05,AS-JIA-01
2010-11-15,0.0,4029.17,AS-JIA-01
2010-11-16,0.0,3900.28,AS-JIA-01
2010-11-17,0.0,3761.89,AS-JIA-01
2010-11-18,0.0,3626.96,AS-JIA-01
2010-11-19,2.7,3675.63,AS-JIA-01
2010-11-20,1.1,4094.73,AS-JIA-01
2010-11-21,0.7,5221.6,AS-JIA-01
2010-11-22,0.0,6075.71,AS-JIA-01
2010-11-23,0.0,5397.44,AS-JIA-01
2010-11-24,0.0,4690.86,AS-JIA-01
2010-11-25,0.0,4201.22,AS-JIA-01
2010-11-26,0.0,3849.55,AS-JIA-01
2010-11-27,0.1,3590.76,AS-JIA-01
2010-11-28,1.0,3436.7,AS-JIA-01
2010-11-29,0.0,3413.41,AS-JIA-01
2010-11-30,0.1,3530.96,AS-JIA-01
2010-12-01,0.0,3700.13,AS-JIA-01
2010-12-02,0.0,3712.43,AS-JIA-01
2010-12-03,0.0,3554.79,AS-JIA-01
2010-12-04,0.0,3332.73,AS-JIA-01
2010-12-05,0.0,3120.16,AS-JIA-01
2010-12-06,0.0,2937.7,AS-JIA-01
2010-12-07,0.0,2772.38,AS-JIA-01
2010-12-08,0.0,2622.82,AS-JIA-01
2010-12-09,0.0,2487.81,AS-JIA-01
2010-12-10,0.0,2394.01,AS-JIA-01
2010-12-11,0.0,2394.01,AS-JIA-01
2010-12-12,0.0,2375.51,AS-JIA-01
2010-12-13,0.0,2338.76,AS-JIA-01
2010-12-14,0.0,2338.76,AS-JIA-01
2010-12-15,0.0,2293.29,AS-JIA-01
2010-12-16,0.0,2203.92,AS-JIA-01
2010-12-17,0.0,2099.35,AS-JIA-01
2010-12-18,0.0,2014.39,AS-JIA-01
2010-12-19,0.0,1947.82,AS-JIA-01
2010-12-20,0.0,1874.38,AS-JIA-01
2010-12-21,0.0,1786.67,AS-JIA-01
2010-12-22,0.0,1708.82,AS-JIA-01
2010-12-23,0.0,1640.28,AS-JIA-01
2010-12-24,0.0,1595.37,AS-JIA-01
2010-12-25,0.0,1565.78,AS-JIA-01
2010-12-26,0.0,1514.62,AS-JIA-01
2010-12-27,0.0,1464.3,AS-JIA-01
2010-12-28,0.0,1407.77,AS-JIA-01
2010-12-29,0.0,1352.27,AS-JIA-01
2010-12-30,0.0,1291.04,AS-JIA-01
2010-12-31,0.0,1257.57,AS-JIA-01
2011-01-01,1.3,1264.23,AS-JIA-01
2011-01-02,0.0,1297.78,AS-JIA-01
2011-01-03,0.0,1617.75,AS-JIA-01
2011-01-04,0.0,1882.46,AS-JIA-01
2011-01-05,0.0,1747.52,AS-JIA-01
2011-01-06,0.0,1551.08,AS-JIA-01
2011-01-07,0.0,1414.78,AS-JIA-01
2011-01-08,0.0,1318.1,AS-JIA-01
2011-01-09,0.0,1250.92,AS-JIA-01
2011-01-10,0.0,1204.81,AS-JIA-01
2011-01-11,0.0,1185.27,AS-JIA-01
2011-01-12,0.0,1172.33,AS-JIA-01
2011-01-13,0.0,1153.01,AS-JIA-01
2011-01-14,0.0,1121.13,AS-JIA-01
2011-01-15,0.0,1083.34,AS-JIA-01
2011-01-16,6.0,1108.47,AS-JIA-01
2011-01-17,2.8,1366.05,AS-JIA-01
2011-01-18,4.2,2116.58,AS-JIA-01
2011-01-19,2.5,2375.51,AS-JIA-01
2011-01-20,0.0,2142.57,AS-JIA-01
2011-01-21,0.0,1915.0,AS-JIA-01
2011-01-22,0.0,1755.31,AS-JIA-01
2011-01-23,0.0,1640.28,AS-JIA-01
2011-01-24,0.0,1565.78,AS-JIA-01
2011-01-25,0.0,1536.45,AS-JIA-01
2011-01-26,0.0,1565.78,AS-JIA-01
2011-01-27,0.2,1602.81,AS-JIA-01
2011-01-28,0.0,1670.57,AS-JIA-01
2011-01-29,0.0,1802.45,AS-JIA-01
2011-01-30,0.0,1858.26,AS-JIA-01
2011-01-31,0.2,1810.37,AS-JIA-01
2011-02-01,0.0,1739.74,AS-JIA-01
2011-02-02,0.0,1685.81,AS-JIA-01
2011-02-03,0.0,1625.24,AS-JIA-01
2011-02-04,0.0,1536.45,AS-JIA-01
2011-02-05,0.0,1442.98,AS-JIA-01
2011-02-06,0.0,1359.15,AS-JIA-01
2011-02-07,0.0,1244.29,AS-JIA-01
2011-02-08,4.0,1165.87,AS-JIA-01
2011-02-09,0.3,1204.81,AS-JIA-01
2011-02-10,0.0,1217.91,AS-JIA-01
2011-02-11,0.0,1277.6,AS-JIA-01
2011-02-12,0.0,1366.05,AS-JIA-01
2011-02-13,0.0,1359.15,AS-JIA-01
2011-02-14,0.0,1318.1,AS-JIA-01
2011-02-15,1.8,1324.9,AS-JIA-01
2011-02-16,6.8,1471.44,AS-JIA-01
2011-02-17,3.5,1858.26,AS-JIA-01
2011-02-18,0.0,3253.32,AS-JIA-01
2011-02-19,0.1,4705.44,AS-JIA-01
2011-02-20,0.0,4448.11,AS-JIA-01
2011-02-21,0.0,3749.49,AS-JIA-01
2011-02-22,0.0,3197.39,AS-JIA-01
2011-02-23,0.0,2802.91,AS-JIA-01
2011-02-24,0.0,2506.83,AS-JIA-01
2011-02-25,0.0,2284.27,AS-JIA-01
2011-02-26,0.0,2107.96,AS-JIA-01
2011-02-27,0.0,2014.39,AS-JIA-01
2011-02-28,0.0,2006.0,AS-JIA-01
2011-03-01,0.0,2014.39,AS-JIA-01
2011-03-02,0.0,1964.35,AS-JIA-01
2011-03-03,0.0,1874.38,AS-JIA-01
2011-03-04,0.0,1818.31,AS-JIA-01
2011-03-05,0.0,1898.69,AS-JIA-01
2011-03-06,0.0,2014.39,AS-JIA-01
2011-03-07,0.0,2257.3,AS-JIA-01
2011-03-08,0.0,2421.92,AS-JIA-01
2011-03-09,0.0,2487.81,AS-JIA-01
2011-03-10,0.0,2885.38,AS-JIA-01
2011-03-11,0.2,3874.86,AS-JIA-01
2011-03-12,2.5,4632.88,AS-JIA-01
2011-03-13,0.0,4778.83,AS-JIA-01
2011-03-14,0.0,4647.33,AS-JIA-01
2011-03-15,0.0,4161.05,AS-JIA-01
2011-03-16,0.0,3663.42,AS-JIA-01
2011-03-17,0.1,3287.2,AS-JIA-01
2011-03-18,53.5,3824.35,AS-JIA-01
2011-03-19,17.9,4764.08,AS-JIA-01
2011-03-20,25.1,6005.04,AS-JIA-01
2011-03-21,3.1,8983.51,AS-JIA-01
2011-03-22,0.0,12754.37,AS-JIA-01
2011-03-23,0.4,12265.94,AS-JIA-01
2011-03-24,5.3,10444.63,AS-JIA-01
2011-03-25,11.3,10061.51,AS-JIA-01
2011-03-26,4.7,10306.38,AS-JIA-01
2011-03-27,0.4,9280.95,AS-JIA-01
2011-03-28,0.5,7916.52,AS-JIA-01
2011-03-29,2.0,7016.32,AS-JIA-01
2011-03-30,3.3,6532.48,AS-JIA-01
2011-03-31,8.8,6570.18,AS-JIA-01
2011-04-01,4.3,7036.26,AS-JIA-01
2011-04-02,3.3,7571.11,AS-JIA-01
2011-04-03,5.3,7916.52,AS-JIA-01
2011-04-04,11.4,7982.72,AS-JIA-01
2011-04-05,2.8,8366.58,AS-JIA-01
2011-04-06,1.4,9106.44,AS-JIA-01
2011-04-07,0.6,9280.95,AS-JIA-01
2011-04-08,2.2,9032.51,AS-JIA-01
2011-04-09,3.2,8910.43,AS-JIA-01
2011-04-10,2.6,8670.43,AS-JIA-01
2011-04-11,0.3,8206.7,AS-JIA-01
2011-04-12,0.3,7571.11,AS-JIA-01
2011-04-13,0.8,7016.32,AS-JIA-01
2011-04-14,8.9,6956.78,AS-JIA-01
2011-04-15,4.4,7238.2,AS-JIA-01
2011-04-16,3.9,7361.6,AS-JIA-01
2011-04-17,0.0,7116.47,AS-JIA-01
2011-04-18,0.7,6646.07,AS-JIA-01
2011-04-19,12.2,6420.45,AS-JIA-01
2011-04-20,7.9,7299.68,AS-JIA-01
2011-04-21,1.9,10196.91,AS-JIA-01
2011-04-22,0.6,13089.5,AS-JIA-01
2011-04-23,9.4,12954.52,AS-JIA-01
2011-04-24,8.5,12043.72,AS-JIA-01
2011-04-25,1.8,10472.47,AS-JIA-01
2011-04-26,0.0,9032.51,AS-JIA-01
2011-04-27,0.2,8071.7,AS-JIA-01
2011-04-28,0.1,7444.83,AS-JIA-01
2011-04-29,0.0,7016.32,AS-JIA-01
2011-04-30,0.4,6722.69,AS-JIA-01
2011-05-01,19.5,7279.14,AS-JIA-01
2011-05-02,92.7,11042.99,AS-JIA-01
2011-05-03,26.3,13783.35,AS-JIA-01
2011-05-04,0.1,13467.16,AS-JIA-01
2011-05-05,0.0,11918.31,AS-JIA-01
2011-05-06,0.0,10142.56,AS-JIA-01
2011-05-07,6.9,9106.44,AS-JIA-01
2011-05-08,4.9,8910.43,AS-JIA-01
2011-05-09,4.0,9407.33,AS-JIA-01
2011-05-10,18.5,9638.5,AS-JIA-01
2011-05-11,8.6,9007.98,AS-JIA-01
2011-05-12,8.5,8482.37,AS-JIA-01
2011-05-13,4.1,8412.74,AS-JIA-01
2011-05-14,5.0,8529.06,AS-JIA-01
2011-05-15,6.5,8552.49,AS-JIA-01
2011-05-16,6.4,8529.06,AS-JIA-01
2011-05-17,0.0,8343.58,AS-JIA-01
2011-05-18,7.4,7850.78,AS-JIA-01
2011-05-19,15.5,7507.75,AS-JIA-01
2011-05-20,64.5,8389.64,AS-JIA-01
2011-05-21,11.8,10251.53,AS-JIA-01
2011-05-22,16.9,11918.31,AS-JIA-01
2011-05-23,9.6,12920.98,AS-JIA-01
2011-05-24,33.8,16731.6,AS-JIA-01
2011-05-25,0.0,17508.74,AS-JIA-01
2011-05-26,0.0,14398.77,AS-JIA-01
2011-05-27,5.0,12106.83,AS-JIA-01
2011-05-28,5.6,11072.21,AS-JIA-01
2011-05-29,13.8,11338.24,AS-JIA-01
2011-05-30,18.3,13854.51,AS-JIA-01
2011-05-31,12.5,17159.38,AS-JIA-01
2011-06-01,9.5,19355.5,AS-JIA-01
2011-06-02,8.0,20753.25,AS-JIA-01
2011-06-03,7.7,20701.77,AS-JIA-01
2011-06-04,6.3,21064.67,AS-JIA-01
2011-06-05,6.6,22465.02,AS-JIA-01
2011-06-06,5.1,22409.6,AS-JIA-01
2011-06-07,11.1,19943.52,AS-JIA-01
2011-06-08,6.7,18045.03,AS-JIA-01
2011-06-09,1.7,17420.8,AS-JIA-01
2011-06-10,7.3,17464.73,AS-JIA-01
2011-06-11,13.2,18181.42,AS-JIA-01
2011-06-12,2.5,18783.5,AS-JIA-01
2011-06-13,4.3,18045.03,AS-JIA-01
2011-06-14,9.9,17289.63,AS-JIA-01
2011-06-15,52.1,17775.03,AS-JIA-01
2011-06-16,55.7,19549.72,AS-JIA-01
2011-06-17,28.9,21222.02,AS-JIA-01
2011-06-18,1.8,21012.47,AS-JIA-01
2011-06-19,4.0,20243.69,AS-JIA-01
2011-06-20,12.2,20043.11,AS-JIA-01
2011-06-21,19.1,20960.39,AS-JIA-01
2011-06-22,13.1,22576.27,AS-JIA-01
2011-06-23,10.2,23140.16,AS-JIA-01
2011-06-24,2.7,22856.58,AS-JIA-01
2011-06-25,15.7,22688.0,AS-JIA-01
2011-06-26,23.1,22576.27,AS-JIA-01
2011-06-27,46.0,23311.89,AS-JIA-01
2011-06-28,59.0,23427.02,AS-JIA-01
2011-06-29,35.4,24729.19,AS-JIA-01
2011-06-30,5.2,27472.93,AS-JIA-01
2011-07-01,11.9,27945.86,AS-JIA-01
2011-07-02,15.0,28357.35,AS-JIA-01
2011-07-03,23.7,29770.75,AS-JIA-01
2011-07-04,9.5,29698.53,AS-JIA-01
2011-07-05,3.1,29126.64,AS-JIA-01
2011-07-06,1.9,28704.6,AS-JIA-01
2011-07-07,3.4,28704.6,AS-JIA-01
2011-07-08,4.7,29339.87,AS-JIA-01
2011-07-09,6.3,29482.82,AS-JIA-01
2011-07-10,1.8,28565.22,AS-JIA-01
2011-07-11,3.7,26941.67,AS-JIA-01
2011-07-12,12.6,26035.22,AS-JIA-01
2011-07-13,19.3,27945.86,AS-JIA-01
2011-07-14,33.9,33521.53,AS-JIA-01
2011-07-15,62.3,36471.92,AS-JIA-01
2011-07-16,34.5,33928.61,AS-JIA-01
2011-07-17,10.4,32172.05,AS-JIA-01
2011-07-18,43.1,35949.15,AS-JIA-01
2011-07-19,32.7,37901.96,AS-JIA-01
2011-07-20,6.0,33846.82,AS-JIA-01
2011-07-21,48.6,32328.08,AS-JIA-01
2011-07-22,13.2,31939.32,AS-JIA-01
2011-07-23,15.2,31175.13,AS-JIA-01
2011-07-24,3.9,30061.31,AS-JIA-01
2011-07-25,14.5,28704.6,AS-JIA-01
2011-07-26,14.6,27945.86,AS-JIA-01
2011-07-27,1.9,27472.93,AS-JIA-01
2011-07-28,12.0,27540.03,AS-JIA-01
2011-07-29,19.8,27272.55,AS-JIA-01
2011-07-30,1.9,26162.96,AS-JIA-01
2011-07-31,1.1,24911.93,AS-JIA-01
2011-08-01,3.8,23892.92,AS-JIA-01
2011-08-02,17.1,23834.21,AS-JIA-01
2011-08-03,32.1,24850.86,AS-JIA-01
2011-08-04,29.0,28985.32,AS-JIA-01
2011-08-05,31.4,32721.34,AS-JIA-01
2011-08-06,7.0,30650.57,AS-JIA-01
2011-08-07,10.6,28426.48,AS-JIA-01
2011-08-08,10.7,26614.6,AS-JIA-01
2011-08-09,21.7,25034.45,AS-JIA-01
2011-08-10,0.9,23369.39,AS-JIA-01
2011-08-11,0.0,21916.49,AS-JIA-01
2011-08-12,16.5,21222.02,AS-JIA-01
2011-08-13,28.5,21064.67,AS-JIA-01
2011-08-14,10.7,21646.91,AS-JIA-01
2011-08-15,52.7,24547.72,AS-JIA-01
2011-08-16,37.9,27607.27,AS-JIA-01
2011-08-17,7.7,26162.96,AS-JIA-01
2011-08-18,13.5,23951.76,AS-JIA-01
2011-08-19,1.4,22134.38,AS-JIA-01
2011-08-20,0.4,20701.77,AS-JIA-01
2011-08-21,21.1,20294.11,AS-JIA-01
2011-08-22,62.9,21593.38,AS-JIA-01
2011-08-23,64.8,22520.57,AS-JIA-01
2011-08-24,19.9,22244.1,AS-JIA-01
2011-08-25,1.0,21169.46,AS-JIA-01
2011-08-26,0.9,19696.53,AS-JIA-01
2011-08-27,0.0,18318.77,AS-JIA-01
2011-08-28,0.4,17159.38,AS-JIA-01
2011-08-29,0.0,16231.11,AS-JIA-01
2011-08-30,3.4,15348.72,AS-JIA-01
2011-08-31,2.2,14547.12,AS-JIA-01
2011-09-01,6.4,13925.99,AS-JIA-01
2011-09-02,5.3,13432.43,AS-JIA-01
2011-09-03,2.0,12988.14,AS-JIA-01
2011-09-04,5.8,12556.97,AS-JIA-01
2011-09-05,11.9,12426.88,AS-JIA-01
2011-09-06,27.4,13259.97,AS-JIA-01
2011-09-07,12.1,13997.82,AS-JIA-01
2011-09-08,5.2,15115.72,AS-JIA-01
2011-09-09,8.0,15348.72,AS-JIA-01
2011-09-10,9.3,14659.27,AS-JIA-01
2011-09-11,7.0,13818.89,AS-JIA-01
2011-09-12,0.0,13089.5,AS-JIA-01
2011-09-13,1.5,12491.78,AS-JIA-01
2011-09-14,15.1,12170.25,AS-JIA-01
2011-09-15,4.1,12233.97,AS-JIA-01
2011-09-16,8.6,12459.29,AS-JIA-01
2011-09-17,25.6,12854.11,AS-JIA-01
2011-09-18,13.9,13677.23,AS-JIA-01
2011-09-19,3.5,14215.27,AS-JIA-01
2011-09-20,11.8,13642.02,AS-JIA-01
2011-09-21,15.1,12988.14,AS-JIA-01
2011-09-22,19.2,12721.28,AS-JIA-01
2011-09-23,36.0,13712.52,AS-JIA-01
2011-09-24,12.0,15864.72,AS-JIA-01
2011-09-25,2.6,17819.77,AS-JIA-01
2011-09-26,4.3,18135.85,AS-JIA-01
2011-09-27,6.3,17730.39,AS-JIA-01
2011-09-28,3.4,17909.55,AS-JIA-01
2011-09-29,1.4,17030.0,AS-JIA-01
2011-09-30,1.9,15309.66,AS-JIA-01
2011-10-01,1.9,13997.82,AS-JIA-01
2011-10-02,10.1,13397.78,AS-JIA-01
2011-10-03,6.7,13890.21,AS-JIA-01
2011-10-04,5.6,14251.8,AS-JIA-01
2011-10-05,0.0,13783.35,AS-JIA-01
2011-10-06,0.0,12820.78,AS-JIA-01
2011-10-07,0.0,11887.16,AS-JIA-01
2011-10-08,0.7,11101.49,AS-JIA-01
2011-10-09,0.0,10416.85,AS-JIA-01
2011-10-10,0.1,9848.05,AS-JIA-01
2011-10-11,0.0,9306.1,AS-JIA-01
2011-10-12,0.0,8813.77,AS-JIA-01
2011-10-13,0.0,8343.58,AS-JIA-01
2011-10-14,0.0,7894.57,AS-JIA-01
2011-10-15,0.8,7634.91,AS-JIA-01
2011-10-16,0.4,7613.6,AS-JIA-01
2011-10-17,5.6,7634.91,AS-JIA-01
2011-10-18,5.5,7982.72,AS-JIA-01
2011-10-19,0.8,8343.58,AS-JIA-01
2011-10-20,0.0,8252.11,AS-JIA-01
2011-10-21,1.9,7916.52,AS-JIA-01
2011-10-22,5.4,8004.89,AS-JIA-01
2011-10-23,2.0,8505.68,AS-JIA-01
2011-10-24,0.0,8552.49,AS-JIA-01
2011-10-25,0.0,7872.65,AS-JIA-01
2011-10-26,5.6,7320.28,AS-JIA-01
2011-10-27,0.9,6878.02,AS-JIA-01
2011-10-28,0.0,6494.97,AS-JIA-01
2011-10-29,0.0,6147.04,AS-JIA-01
2011-10-30,0.1,5831.18,AS-JIA-01
2011-10-31,0.1,5544.65,AS-JIA-01
2011-11-01,2.0,5316.96,AS-JIA-01
2011-11-02,0.0,5112.0,AS-JIA-01
2011-11-03,0.0,4898.04,AS-JIA-01
2011-11-04,0.0,4690.86,AS-JIA-01
2011-11-05,0.0,4462.12,AS-JIA-01
2011-11-06,0.0,4241.66,AS-JIA-01
2011-11-07,0.0,4042.22,AS-JIA-01
2011-11-08,0.0,3862.18,AS-JIA-01
2011-11-09,0.0,3675.63,AS-JIA-01
2011-11-10,0.0,3495.4,AS-JIA-01
2011-11-11,0.0,3309.9,AS-JIA-01
2011-11-12,0.0,3131.12,AS-JIA-01
2011-11-13,0.4,3001.29,AS-JIA-01
2011-11-14,0.0,2937.7,AS-JIA-01
2011-11-15,0.2,2969.38,AS-JIA-01
2011-11-16,0.8,3131.12,AS-JIA-01
2011-11-17,0.0,3253.32,AS-JIA-01
2011-11-18,0.0,3242.09,AS-JIA-01
2011-11-19,0.0,3120.16,AS-JIA-01
2011-11-20,0.0,2937.7,AS-JIA-01
2011-11-21,0.0,2762.24,AS-JIA-01
2011-11-22,0.0,2593.52,AS-JIA-01
2011-11-23,0.0,2450.04,AS-JIA-01
2011-11-24,0.0,2320.51,AS-JIA-01
2011-11-25,0.0,2195.1,AS-JIA-01
2011-11-26,0.0,2082.21,AS-JIA-01
2011-11-27,0.0,1972.65,AS-JIA-01
2011-11-28,0.0,1874.38,AS-JIA-01
2011-11-29,0.0,1786.67,AS-JIA-01
2011-11-30,0.0,1708.82,AS-JIA-01
2011-12-01,0.0,1640.28,AS-JIA-01
2011-12-02,0.0,1573.15,AS-JIA-01
2011-12-03,0.0,1521.88,AS-JIA-01
2011-12-04,0.0,1492.96,AS-JIA-01
2011-12-05,0.0,1464.3,AS-JIA-01
2011-12-06,0.0,1435.9,AS-JIA-01
2011-12-07,0.0,1428.85,AS-JIA-01
2011-12-08,0.0,1421.81,AS-JIA-01
2011-12-09,0.0,1414.78,AS-JIA-01
2011-12-10,0.0,1492.96,AS-JIA-01
2011-12-11,0.9,1602.81,AS-JIA-01
2011-12-12,0.0,1874.38,AS-JIA-01
2011-12-13,0.0,2039.68,AS-JIA-01
2011-12-14,0.0,1931.37,AS-JIA-01
2011-12-15,0.0,1794.54,AS-JIA-01
2011-12-16,0.0,1708.82,AS-JIA-01
2011-12-17,0.0,1647.83,AS-JIA-01
2011-12-18,0.0,1602.81,AS-JIA-01
2011-12-19,0.0,1573.15,AS-JIA-01
2011-12-20,0.0,1521.88,AS-JIA-01
2011-12-21,0.0,1464.3,AS-JIA-01
2011-12-22,0.0,1393.8,AS-JIA-01
2011-12-23,0.0,1331.72,AS-JIA-01
2011-12-24,0.0,1264.23,AS-JIA-01
2011-12-25,0.0,1198.29,AS-JIA-01
2011-12-26,0.0,1146.61,AS-JIA-01
2011-12-27,0.0,1102.17,AS-JIA-01
2011-12-28,0.0,1064.64,AS-JIA-01
2011-12-29,0.0,1039.91,AS-JIA-01
2011-12-30,0.0,1015.4,AS-JIA-01
2011-12-31,0.0,979.06,AS-JIA-01
2012-01-01,0.2,943.23,AS-JIA-01
2012-01-02,1.5,955.12,AS-JIA-01
2012-01-03,2.0,1027.62,AS-JIA-01
2012-01-04,0.9,1244.29,AS-JIA-01
2012-01-05,0.1,1580.54,AS-JIA-01
2012-01-06,0.0,1747.52,AS-JIA-01
2012-01-07,0.0,1708.82,AS-JIA-01
2012-01-08,0.0,1625.24,AS-JIA-01
2012-01-09,0.0,1558.42,AS-JIA-01
2012-01-10,0.0,1521.88,AS-JIA-01
2012-01-11,2.7,1514.62,AS-JIA-01
2012-01-12,0.3,1529.16,AS-JIA-01
2012-01-13,1.8,1551.08,AS-JIA-01
2012-01-14,0.0,1551.08,AS-JIA-01
2012-01-15,0.0,1514.62,AS-JIA-01
2012-01-16,0.0,1442.98,AS-JIA-01
2012-01-17,0.7,1386.84,AS-JIA-01
2012-01-18,1.5,1372.96,AS-JIA-01
2012-01-19,2.9,1393.8,AS-JIA-01
2012-01-20,1.0,1492.96,AS-JIA-01
2012-01-21,3.2,1701.14,AS-JIA-01
2012-01-22,0.0,1915.0,AS-JIA-01
2012-01-23,0.0,2031.23,AS-JIA-01
2012-01-24,0.0,1972.65,AS-JIA-01
2012-01-25,0.0,1810.37,AS-JIA-01
2012-01-26,0.0,1685.81,AS-JIA-01
2012-01-27,0.0,1632.75,AS-JIA-01
2012-01-28,0.0,1617.75,AS-JIA-01
2012-01-29,0.0,1625.24,AS-JIA-01
2012-01-30,0.0,1610.28,AS-JIA-01
2012-01-31,0.0,1551.08,AS-JIA-01
2012-02-01,0.0,1464.3,AS-JIA-01
2012-02-02,0.0,1372.96,AS-JIA-01
2012-02-03,0.0,1277.6,AS-JIA-01
2012-02-04,0.0,1198.29,AS-JIA-01
2012-02-05,0.0,1140.22,AS-JIA-01
2012-02-06,0.1,1095.88,AS-JIA-01
2012-02-07,0.0,1003.23,AS-JIA-01
2012-02-08,0.3,925.49,AS-JIA-01
2012-02-09,1.3,902.03,AS-JIA-01
2012-02-10,0.0,925.49,AS-JIA-01
2012-02-11,0.0,1231.07,AS-JIA-01
2012-02-12,0.0,1580.54,AS-JIA-01
2012-02-13,0.0,1543.76,AS-JIA-01
2012-02-14,0.0,1379.89,AS-JIA-01
2012-02-15,0.0,1257.57,AS-JIA-01
2012-02-16,0.0,1198.29,AS-JIA-01
2012-02-17,0.0,1185.27,AS-JIA-01
2012-02-18,0.1,1270.91,AS-JIA-01
2012-02-19,0.0,1435.9,AS-JIA-01
2012-02-20,0.0,1543.76,AS-JIA-01
2012-02-21,0.0,1507.39,AS-JIA-01
2012-02-22,0.0,1435.9,AS-JIA-01
2012-02-23,0.0,1366.05,AS-JIA-01
2012-02-24,0.0,1345.4,AS-JIA-01
2012-02-25,0.0,1366.05,AS-JIA-01
2012-02-26,0.0,1435.9,AS-JIA-01
2012-02-27,0.0,1617.75,AS-JIA-01
2012-02-28,0.0,1980.95,AS-JIA-01
2012-02-29,1.2,2230.51,AS-JIA-01
2012-03-01,0.1,2632.63,AS-JIA-01
2012-03-02,0.0,3483.61,AS-JIA-01
2012-03-03,0.3,3938.63,AS-JIA-01
2012-03-04,0.0,3824.35,AS-JIA-01
2012-03-05,0.0,3530.96,AS-JIA-01
2012-03-06,1.5,3264.59,AS-JIA-01
2012-03-07,0.3,3175.2,AS-JIA-01
2012-03-08,0.0,3495.4,AS-JIA-01
2012-03-09,0.0,4378.49,AS-JIA-01
2012-03-10,0.0,4676.32,AS-JIA-01
2012-03-11,0.0,4309.68,AS-JIA-01
2012-03-12,0.0,3862.18,AS-JIA-01
2012-03-13,2.4,3483.61,AS-JIA-01
2012-03-14,0.5,3253.32,AS-JIA-01
2012-03-15,0.0,3219.69,AS-JIA-01
2012-03-16,0.0,3614.86,AS-JIA-01
2012-03-17,0.0,4042.22,AS-JIA-01
2012-03-18,0.0,3849.55,AS-JIA-01
2012-03-19,0.0,3448.39,AS-JIA-01
2012-03-20,0.0,3109.23,AS-JIA-01
2012-03-21,0.5,2916.69,AS-JIA-01
2012-03-22,0.5,2937.7,AS-JIA-01
2012-03-23,0.0,2990.63,AS-JIA-01
2012-03-24,0.0,3355.65,AS-JIA-01
2012-03-25,0.0,3507.22,AS-JIA-01
2012-03-26,0.0,3332.73,AS-JIA-01
2012-03-27,1.8,3197.39,AS-JIA-01
2012-03-28,0.4,3208.53,AS-JIA-01
2012-03-29,0.3,3355.65,AS-JIA-01
2012-03-30,0.2,4462.12,AS-JIA-01
2012-03-31,0.0,5848.39,AS-JIA-01
2012-04-01,0.0,5190.11,AS-JIA-01
2012-04-02,0.0,4337.11,AS-JIA-01
2012-04-03,0.0,3761.89,AS-JIA-01
2012-04-04,2.8,3448.39,AS-JIA-01
2012-04-05,7.1,3530.96,AS-JIA-01
2012-04-06,15.5,4309.68,AS-JIA-01
2012-04-07,27.1,5779.8,AS-JIA-01
2012-04-08,37.4,6741.94,AS-JIA-01
2012-04-09,15.0,6457.63,AS-JIA-01
2012-04-10,1.6,5694.94,AS-JIA-01
2012-04-11,5.0,5112.0,AS-JIA-01
2012-04-12,14.9,5050.17,AS-JIA-01
2012-04-13,13.0,5831.18,AS-JIA-01
2012-04-14,13.1,8741.85,AS-JIA-01
2012-04-15,9.1,11042.99,AS-JIA-01
2012-04-16,1.1,11701.65,AS-JIA-01
2012-04-17,9.4,13259.97,AS-JIA-01
2012-04-18,15.1,13259.97,AS-JIA-01
2012-04-19,3.8,12688.28,AS-JIA-01
2012-04-20,0.1,11701.65,AS-JIA-01
2012-04-21,2.0,10278.93,AS-JIA-01
2012-04-22,1.9,9535.16,AS-JIA-01
2012-04-23,0.6,10278.93,AS-JIA-01
2012-04-24,11.6,13191.55,AS-JIA-01
2012-04-25,10.4,14923.99,AS-JIA-01
2012-04-26,14.6,14398.77,AS-JIA-01
2012-04-27,26.1,14435.72,AS-JIA-01
2012-04-28,19.3,16731.6,AS-JIA-01
2012-04-29,13.6,20294.11,AS-JIA-01
2012-04-30,17.7,21862.34,AS-JIA-01
2012-05-01,12.7,21754.37,AS-JIA-01
2012-05-02,10.2,21380.43,AS-JIA-01
2012-05-03,4.7,19259.07,AS-JIA-01
2012-05-04,4.0,16773.93,AS-JIA-01
2012-05-05,0.0,14885.91,AS-JIA-01
2012-05-06,0.0,13432.43,AS-JIA-01
2012-05-07,0.0,12330.09,AS-JIA-01
2012-05-08,0.0,11428.16,AS-JIA-01
2012-05-09,0.0,10725.95,AS-JIA-01
2012-05-10,5.0,10142.56,AS-JIA-01
2012-05-11,4.9,9690.52,AS-JIA-01
2012-05-12,15.7,9927.64,AS-JIA-01
2012-05-13,17.5,11160.27,AS-JIA-01
2012-05-14,16.9,13328.73,AS-JIA-01
2012-05-15,8.1,18925.04,AS-JIA-01
2012-05-16,5.4,22244.1,AS-JIA-01
2012-05-17,7.8,20856.59,AS-JIA-01
2012-05-18,0.0,17159.38,AS-JIA-01
2012-05-19,2.4,13961.87,AS-JIA-01
2012-05-20,1.8,12330.09,AS-JIA-01
2012-05-21,0.9,11518.69,AS-JIA-01
2012-05-22,7.2,11428.16,AS-JIA-01
2012-05-23,8.8,12138.51,AS-JIA-01
2012-05-24,10.7,14033.85,AS-JIA-01
2012-05-25,5.1,14398.77,AS-JIA-01
2012-05-26,0.3,12920.98,AS-JIA-01
2012-05-27,9.1,11670.98,AS-JIA-01
2012-05-28,12.0,11398.12,AS-JIA-01
2012-05-29,7.0,11130.85,AS-JIA-01
2012-05-30,12.9,11308.41,AS-JIA-01
2012-05-31,16.0,13467.16,AS-JIA-01
2012-06-01,4.2,16563.25,AS-JIA-01
2012-06-02,4.1,19067.53,AS-JIA-01
2012-06-03,54.7,21486.67,AS-JIA-01
2012-06-04,34.8,26099.03,AS-JIA-01
2012-06-05,14.7,30428.31,AS-JIA-01
2012-06-06,5.4,27272.55,AS-JIA-01
2012-06-07,2.5,23311.89,AS-JIA-01
2012-06-08,3.0,20093.07,AS-JIA-01
2012-06-09,2.7,18090.39,AS-JIA-01
2012-06-10,7.2,18045.03,AS-JIA-01
2012-06-11,15.1,20143.18,AS-JIA-01
2012-06-12,8.9,21593.38,AS-JIA-01
2012-06-13,50.9,23254.5,AS-JIA-01
2012-06-14,76.0,24973.12,AS-JIA-01
2012-06-15,36.8,25281.22,AS-JIA-01
2012-06-16,15.6,26744.98,AS-JIA-01
2012-06-17,3.3,26549.64,AS-JIA-01
2012-06-18,3.7,24911.93,AS-JIA-01
2012-06-19,15.6,24608.07,AS-JIA-01
2012-06-20,16.2,26227.02,AS-JIA-01
2012-06-21,22.7,30354.59,AS-JIA-01
2012-06-22,42.0,32800.52,AS-JIA-01
2012-06-23,68.0,33602.57,AS-JIA-01
2012-06-24,106.7,40827.15,AS-JIA-01
2012-06-25,49.6,50484.21,AS-JIA-01
2012-06-26,48.7,53572.37,AS-JIA-01
2012-06-27,65.8,49063.88,AS-JIA-01
2012-06-28,2.8,40534.83,AS-JIA-01
2012-06-29,2.0,34756.93,AS-JIA-01
2012-06-30,2.2,31939.32,AS-JIA-01
2012-07-01,1.3,30874.34,AS-JIA-01
2012-07-02,11.7,30281.01,AS-JIA-01
2012-07-03,34.0,31250.76,AS-JIA-01
2012-07-04,28.7,35348.25,AS-JIA-01
2012-07-05,17.8,37901.96,AS-JIA-01
2012-07-06,8.2,36824.53,AS-JIA-01
2012-07-07,19.4,35433.5,AS-JIA-01
2012-07-08,21.8,34010.58,AS-JIA-01
2012-07-09,25.4,32959.45,AS-JIA-01
2012-07-10,10.6,32879.89,AS-JIA-01
2012-07-11,8.3,34340.4,AS-JIA-01
2012-07-12,18.2,37091.12,AS-JIA-01
2012-07-13,18.4,38175.99,AS-JIA-01
2012-07-14,44.0,39480.23,AS-JIA-01
2012-07-15,9.7,41616.53,AS-JIA-01
2012-07-16,9.2,42930.72,AS-JIA-01
2012-07-17,16.7,42522.14,AS-JIA-01
2012-07-18,16.7,41716.22,AS-JIA-01
2012-07-19,11.2,40244.57,AS-JIA-01
2012-07-20,3.7,37993.09,AS-JIA-01
2012-07-21,26.7,36384.3,AS-JIA-01
2012-07-22,13.4,35690.41,AS-JIA-01
2012-07-23,18.3,37359.52,AS-JIA-01
2012-07-24,22.2,39669.98,AS-JIA-01
2012-07-25,8.6,37091.12,AS-JIA-01
2012-07-26,18.6,34010.58,AS-JIA-01
2012-07-27,18.6,33279.55,AS-JIA-01
2012-07-28,26.0,33602.57,AS-JIA-01
2012-07-29,4.8,33602.57,AS-JIA-01
2012-07-30,1.9,32172.05,AS-JIA-01
2012-07-31,4.8,30207.63,AS-JIA-01
2012-08-01,14.6,29915.69,AS-JIA-01
2012-08-02,14.5,31175.13,AS-JIA-01
2012-08-03,0.4,30134.36,AS-JIA-01
2012-08-04,19.7,28288.38,AS-JIA-01
2012-08-05,13.8,26875.95,AS-JIA-01
2012-08-06,16.7,25971.59,AS-JIA-01
2012-08-07,25.4,26035.22,AS-JIA-01
2012-08-08,1.0,25908.1,AS-JIA-01
2012-08-09,4.6,24608.07,AS-JIA-01
2012-08-10,16.3,23369.39,AS-JIA-01
2012-08-11,23.3,22744.07,AS-JIA-01
2012-08-12,8.3,22079.72,AS-JIA-01
2012-08-13,5.7,21012.47,AS-JIA-01
2012-08-14,5.0,20043.11,AS-JIA-01
2012-08-15,9.0,19452.37,AS-JIA-01
2012-08-16,2.5,19067.53,AS-JIA-01
2012-08-17,6.4,18318.77,AS-JIA-01
2012-08-18,1.7,17420.8,AS-JIA-01
2012-08-19,7.5,17116.15,AS-JIA-01
2012-08-20,15.8,20294.11,AS-JIA-01
2012-08-21,57.1,26810.39,AS-JIA-01
2012-08-22,41.7,28914.91,AS-JIA-01
2012-08-23,15.8,30281.01,AS-JIA-01
2012-08-24,3.2,28565.22,AS-JIA-01
2012-08-25,4.7,24307.69,AS-JIA-01
2012-08-26,10.9,21380.43,AS-JIA-01
2012-08-27,9.7,19844.4,AS-JIA-01
2012-08-28,9.4,18972.42,AS-JIA-01
2012-08-29,8.1,18642.97,AS-JIA-01
2012-08-30,7.7,18830.56,AS-JIA-01
2012-08-31,2.6,21222.02,AS-JIA-01
2012-09-01,5.3,24248.02,AS-JIA-01
2012-09-02,1.3,23369.39,AS-JIA-01
2012-09-03,28.4,21646.91,AS-JIA-01
2012-09-04,9.9,20446.09,AS-JIA-01
2012-09-05,1.0,18877.75,AS-JIA-01
2012-09-06,0.9,17376.99,AS-JIA-01
2012-09-07,0.0,16149.03,AS-JIA-01
2012-09-08,0.5,15193.03,AS-JIA-01
2012-09-09,22.7,14885.91,AS-JIA-01
2012-09-10,6.2,14734.47,AS-JIA-01
2012-09-11,15.9,14962.17,AS-JIA-01
2012-09-12,22.1,18318.77,AS-JIA-01
2012-09-13,51.9,24427.41,AS-JIA-01
2012-09-14,28.2,23542.69,AS-JIA-01
2012-09-15,32.0,22025.19,AS-JIA-01
2012-09-16,70.1,23892.92,AS-JIA-01
2012-09-17,14.7,26484.8,AS-JIA-01
2012-09-18,10.0,27945.86,AS-JIA-01
2012-09-19,6.5,29843.14,AS-JIA-01
2012-09-20,5.2,34257.67,AS-JIA-01
2012-09-21,12.8,37359.52,AS-JIA-01
2012-09-22,10.3,37720.33,AS-JIA-01
2012-09-23,10.5,37269.85,AS-JIA-01
2012-09-24,9.7,35178.31,AS-JIA-01
2012-09-25,4.8,31402.53,AS-JIA-01
2012-09-26,0.0,27339.18,AS-JIA-01
2012-09-27,0.5,24367.47,AS-JIA-01
2012-09-28,2.0,22520.57,AS-JIA-01
2012-09-29,3.5,21539.96,AS-JIA-01
2012-09-30,17.7,21222.02,AS-JIA-01
2012-10-01,17.8,21916.49,AS-JIA-01
2012-10-02,17.0,24729.19,AS-JIA-01
2012-10-03,14.6,29411.27,AS-JIA-01
2012-10-04,10.1,34673.24,AS-JIA-01
2012-10-05,8.4,35178.31,AS-JIA-01
2012-10-06,7.9,31708.22,AS-JIA-01
2012-10-07,2.0,27540.03,AS-JIA-01
2012-10-08,3.0,24367.47,AS-JIA-01
2012-10-09,3.6,22465.02,AS-JIA-01
2012-10-10,8.8,21754.37,AS-JIA-01
2012-10-11,6.9,22079.72,AS-JIA-01
2012-10-12,7.8,23083.19,AS-JIA-01
2012-10-13,1.8,22856.58,AS-JIA-01
2012-10-14,0.0,21169.46,AS-JIA-01
2012-10-15,0.0,19355.5,AS-JIA-01
2012-10-16,0.0,17864.62,AS-JIA-01
2012-10-17,0.0,16647.23,AS-JIA-01
2012-10-18,0.0,15624.65,AS-JIA-01
2012-10-19,0.0,14696.84,AS-JIA-01
2012-10-20,0.0,13854.51,AS-JIA-01
2012-10-21,0.0,13055.65,AS-JIA-01
2012-10-22,0.0,12297.97,AS-JIA-01
2012-10-23,0.0,11640.38,AS-JIA-01
2012-10-24,0.2,11042.99,AS-JIA-01
2012-10-25,0.3,10500.38,AS-JIA-01
2012-10-26,0.0,9981.0,AS-JIA-01
2012-10-27,0.0,9509.48,AS-JIA-01
2012-10-28,0.0,9032.51,AS-JIA-01
2012-10-29,0.0,8529.06,AS-JIA-01
2012-10-30,0.0,8027.1,AS-JIA-01
2012-10-31,0.0,7571.11,AS-JIA-01
2012-11-01,0.0,7136.64,AS-JIA-01
2012-11-02,0.0,6722.69,AS-JIA-01
2012-11-03,0.0,6346.62,AS-JIA-01
2012-11-04,0.0,5987.47,AS-JIA-01
2012-11-05,0.0,5661.28,AS-JIA-01
2012-11-06,0.0,5365.13,AS-JIA-01
2012-11-07,0.2,5190.11,AS-JIA-01
2012-11-08,0.8,5019.46,AS-JIA-01
2012-11-09,0.0,4808.43,AS-JIA-01
2012-11-10,0.0,4618.47,AS-JIA-01
2012-11-11,0.0,4420.17,AS-JIA-01
2012-11-12,0.0,4187.79,AS-JIA-01
2012-11-13,0.0,3938.63,AS-JIA-01
2012-11-14,0.0,3712.43,AS-JIA-01
2012-11-15,0.0,3507.22,AS-JIA-01
2012-11-16,0.0,3309.9,AS-JIA-01
2012-11-17,0.0,3131.12,AS-JIA-01
2012-11-18,0.0,2948.23,AS-JIA-01
2012-11-19,0.0,2782.52,AS-JIA-01
2012-11-20,0.0,2622.82,AS-JIA-01
2012-11-21,0.0,2487.81,AS-JIA-01
2012-11-22,0.0,2375.51,AS-JIA-01
2012-11-23,0.0,2266.27,AS-JIA-01
2012-11-24,0.0,2186.29,AS-JIA-01
2012-11-25,0.0,2133.88,AS-JIA-01
2012-11-26,0.0,2073.67,AS-JIA-01
2012-11-27,0.0,2048.14,AS-JIA-01
2012-11-28,0.0,2022.8,AS-JIA-01
2012-11-29,0.0,1972.65,AS-JIA-01
2012-11-30,0.0,1931.37,AS-JIA-01
2012-12-01,0.0,1874.38,AS-JIA-01
2012-12-02,0.0,1810.37,AS-JIA-01
2012-12-03,0.0,1755.31,AS-JIA-01
2012-12-04,0.0,1685.81,AS-JIA-01
2012-12-05,0.0,1602.81,AS-JIA-01
2012-12-06,0.0,1514.62,AS-JIA-01
2012-12-07,0.0,1435.9,AS-JIA-01
2012-12-08,0.0,1372.96,AS-JIA-01
2012-12-09,0.2,1338.55,AS-JIA-01
2012-12-10,0.0,1318.1,AS-JIA-01
2012-12-11,0.0,1352.27,AS-JIA-01
2012-12-12,3.0,1457.18,AS-JIA-01
2012-12-13,2.3,1640.28,AS-JIA-01
2012-12-14,0.0,1956.08,AS-JIA-01
2012-12-15,0.0,2133.88,AS-JIA-01
2012-12-16,0.0,2039.68,AS-JIA-01
2012-12-17,0.0,1866.31,AS-JIA-01
2012-12-18,0.0,1708.82,AS-JIA-01
2012-12-19,0.5,1595.37,AS-JIA-01
2012-12-20,2.3,1543.76,AS-JIA-01
2012-12-21,0.1,1529.16,AS-JIA-01
2012-12-22,0.0,1580.54,AS-JIA-01
2012-12-23,0.0,1632.75,AS-JIA-01
2012-12-24,0.0,1587.95,AS-JIA-01
2012-12-25,0.0,1500.16,AS-JIA-01
2012-12-26,0.0,1407.77,AS-JIA-01
2012-12-27,0.0,1318.1,AS-JIA-01
2012-12-28,0.0,1237.67,AS-JIA-01
2012-12-29,0.0,1165.87,AS-JIA-01
2012-12-30,0.0,1102.17,AS-JIA-01
2012-12-31,0.0,1046.06,AS-JIA-01
2013-01-01,0.0,991.12,AS-JIA-01
2013-01-02,0.0,943.23,AS-JIA-01
2013-01-03,0.0,925.49,AS-JIA-01
2013-01-04,0.1,937.3,AS-JIA-01
2013-01-05,0.1,949.17,AS-JIA-01
2013-01-06,0.0,991.12,AS-JIA-01
2013-01-07,0.0,1064.64,AS-JIA-01
2013-01-08,0.0,1083.34,AS-JIA-01
2013-01-09,0.0,1058.43,AS-JIA-01
2013-01-10,0.0,1058.43,AS-JIA-01
2013-01-11,0.0,1064.64,AS-JIA-01
2013-01-12,0.0,1027.62,AS-JIA-01
2013-01-13,0.0,967.06,AS-JIA-01
2013-01-14,0.0,902.03,AS-JIA-01
2013-01-15,0.0,850.04,AS-JIA-01
2013-01-16,0.0,799.11,AS-JIA-01
2013-01-17,0.0,754.73,AS-JIA-01
2013-01-18,0.0,711.14,AS-JIA-01
2013-01-19,0.0,673.66,AS-JIA-01
2013-01-20,0.0,678.98,AS-JIA-01
2013-01-21,0.0,705.75,AS-JIA-01
2013-01-22,0.0,787.94,AS-JIA-01
2013-01-23,0.0,919.6,AS-JIA-01
2013-01-24,0.0,925.49,AS-JIA-01
2013-01-25,0.0,855.77,AS-JIA-01
2013-01-26,0.0,776.82,AS-JIA-01
2013-01-27,0.0,716.55,AS-JIA-01
2013-01-28,0.0,663.06,AS-JIA-01
2013-01-29,0.0,610.8,AS-JIA-01
2013-01-30,0.0,559.73,AS-JIA-01
2013-01-31,0.0,514.76,AS-JIA-01
2013-02-01,0.0,475.55,AS-JIA-01
2013-02-02,0.1,437.06,AS-JIA-01
2013-02-03,0.0,413.37,AS-JIA-01
2013-02-04,0.0,394.61,AS-JIA-01
2013-02-05,0.0,371.4,AS-JIA-01
2013-02-06,0.0,353.03,AS-JIA-01
2013-02-07,0.0,298.9,AS-JIA-01
2013-02-08,0.0,272.39,AS-JIA-01
2013-02-09,0.0,229.02,AS-JIA-01
2013-02-10,0.0,169.95,AS-JIA-01
2013-02-11,0.0,174.11,AS-JIA-01
2013-02-12,0.0,186.64,AS-JIA-01
2013-02-13,0.0,182.45,AS-JIA-01
2013-02-14,0.0,182.45,AS-JIA-01
2013-02-15,0.0,174.11,AS-JIA-01
2013-02-16,3.6,229.02,AS-JIA-01
2013-02-17,16.5,564.78,AS-JIA-01
2013-02-18,1.9,855.77,AS-JIA-01
2013-02-19,0.0,1185.27,AS-JIA-01
2013-02-20,0.0,1521.88,AS-JIA-01
2013-02-21,0.0,1471.44,AS-JIA-01
2013-02-22,0.0,1237.67,AS-JIA-01
2013-02-23,0.0,1039.91,AS-JIA-01
2013-02-24,0.0,884.58,AS-JIA-01
2013-02-25,0.0,771.28,AS-JIA-01
2013-02-26,0.0,678.98,AS-JIA-01
2013-02-27,0.0,626.35,AS-JIA-01
2013-02-28,0.0,600.49,AS-JIA-01
2013-03-01,0.0,590.23,AS-JIA-01
2013-03-02,0.0,569.85,AS-JIA-01
2013-03-03,0.0,549.65,AS-JIA-01
2013-03-04,0.0,524.67,AS-JIA-01
2013-03-05,0.0,499.96,AS-JIA-01
2013-03-06,0.0,490.17,AS-JIA-01
2013-03-07,0.0,470.71,AS-JIA-01
2013-03-08,0.0,437.06,AS-JIA-01
2013-03-09,0.0,403.97,AS-JIA-01
2013-03-10,0.0,366.79,AS-JIA-01
2013-03-11,0.7,339.35,AS-JIA-01
2013-03-12,0.0,316.78,AS-JIA-01
2013-03-13,0.0,294.45,AS-JIA-01
2013-03-14,0.0,290.02,AS-JIA-01
2013-03-15,0.4,298.9,AS-JIA-01
2013-03-16,0.0,353.03,AS-JIA-01
2013-03-17,0.0,480.41,AS-JIA-01
2013-03-18,0.0,716.55,AS-JIA-01
2013-03-19,0.0,1231.07,AS-JIA-01
2013-03-20,0.0,1565.78,AS-JIA-01
2013-03-21,6.0,1521.88,AS-JIA-01
2013-03-22,9.8,1442.98,AS-JIA-01
2013-03-23,0.0,1457.18,AS-JIA-01
2013-03-24,0.0,1551.08,AS-JIA-01
2013-03-25,18.8,1670.57,AS-JIA-01
2013-03-26,0.7,1810.37,AS-JIA-01
2013-03-27,0.0,1956.08,AS-JIA-01
2013-03-28,0.0,2099.35,AS-JIA-01
2013-03-29,2.3,2186.29,AS-JIA-01
2013-03-30,11.3,2497.31,AS-JIA-01
2013-03-31,1.1,3602.79,AS-JIA-01
2013-04-01,0.8,5065.57,AS-JIA-01
2013-04-02,0.0,5034.8,AS-JIA-01
2013-04-03,3.5,4661.8,AS-JIA-01
2013-04-04,0.1,4309.68,AS-JIA-01
2013-04-05,0.0,4296.01,AS-JIA-01
2013-04-06,0.0,4883.02,AS-JIA-01
2013-04-07,0.0,5158.75,AS-JIA-01
2013-04-08,0.0,4676.32,AS-JIA-01
2013-04-09,0.0,4161.05,AS-JIA-01
2013-04-10,10.4,4055.3,AS-JIA-01
2013-04-11,5.5,4589.75,AS-JIA-01
2013-04-12,0.6,7720.67,AS-JIA-01
2013-04-13,6.3,10697.53,AS-JIA-01
2013-04-14,8.2,10278.93,AS-JIA-01
2013-04-15,24.0,10115.49,AS-JIA-01
2013-04-16,21.7,10061.51,AS-JIA-01
2013-04-17,7.2,9131.21,AS-JIA-01
2013-04-18,3.1,8229.39,AS-JIA-01
2013-04-19,9.5,7850.78,AS-JIA-01
2013-04-20,0.1,7571.11,AS-JIA-01
2013-04-21,1.0,6996.43,AS-JIA-01
2013-04-22,1.3,6494.97,AS-JIA-01
2013-04-23,0.3,6164.98,AS-JIA-01
2013-04-24,0.0,5969.95,AS-JIA-01
2013-04-25,0.1,5711.84,AS-JIA-01
2013-04-26,0.0,5397.44,AS-JIA-01
2013-04-27,14.9,5237.4,AS-JIA-01
2013-04-28,1.0,5253.24,AS-JIA-01
2013-04-29,0.9,5190.11,AS-JIA-01
2013-04-30,23.0,5253.24,AS-JIA-01
2013-05-01,47.4,6164.98,AS-JIA-01
2013-05-02,14.6,9180.89,AS-JIA-01
2013-05-03,10.3,14547.12,AS-JIA-01
2013-05-04,20.3,23834.21,AS-JIA-01
2013-05-05,23.4,22913.03,AS-JIA-01
2013-05-06,4.6,17159.38,AS-JIA-01
2013-05-07,0.1,13536.87,AS-JIA-01
2013-05-08,0.9,11428.16,AS-JIA-01
2013-05-09,5.2,10306.38,AS-JIA-01
2013-05-10,0.5,9560.92,AS-JIA-01
2013-05-11,13.9,9535.16,AS-JIA-01
2013-05-12,19.7,10169.71,AS-JIA-01
2013-05-13,7.3,11825.04,AS-JIA-01
2013-05-14,10.1,15348.72,AS-JIA-01
2013-05-15,2.8,15864.72,AS-JIA-01
2013-05-16,6.4,14069.96,AS-JIA-01
2013-05-17,11.0,13123.45,AS-JIA-01
2013-05-18,14.8,13536.87,AS-JIA-01
2013-05-19,7.3,14398.77,AS-JIA-01
2013-05-20,1.8,13677.23,AS-JIA-01
2013-05-21,4.6,12170.25,AS-JIA-01
2013-05-22,12.8,11308.41,AS-JIA-01
2013-05-23,29.8,11130.85,AS-JIA-01
2013-05-24,18.6,11219.32,AS-JIA-01
2013-05-25,0.0,10897.89,AS-JIA-01
2013-05-26,0.6,10361.48,AS-JIA-01
2013-05-27,11.3,10169.71,AS-JIA-01
2013-05-28,16.0,10528.34,AS-JIA-01
2013-05-29,14.8,11609.86,AS-JIA-01
2013-05-30,48.3,14288.42,AS-JIA-01
2013-05-31,6.4,16108.14,AS-JIA-01
2013-06-01,1.3,15905.06,AS-JIA-01
2013-06-02,0.4,14659.27,AS-JIA-01
2013-06-03,6.4,13747.9,AS-JIA-01
2013-06-04,9.8,13467.16,AS-JIA-01
2013-06-05,2.4,13089.5,AS-JIA-01
2013-06-06,3.0,13191.55,AS-JIA-01
2013-06-07,7.9,14178.8,AS-JIA-01
2013-06-08,22.7,15466.44,AS-JIA-01
2013-06-09,32.7,16108.14,AS-JIA-01
2013-06-10,0.0,15387.86,AS-JIA-01
2013-06-11,0.0,14033.85,AS-JIA-01
2013-06-12,0.0,12887.51,AS-JIA-01
2013-06-13,0.0,12012.26,AS-JIA-01
2013-06-14,14.0,11308.41,AS-JIA-01
2013-06-15,5.2,10782.99,AS-JIA-01
2013-06-16,7.8,10782.99,AS-JIA-01
2013-06-17,2.9,11549.01,AS-JIA-01
2013-06-18,11.4,13089.5,AS-JIA-01
2013-06-19,14.9,14659.27,AS-JIA-01
2013-06-20,11.3,15231.82,AS-JIA-01
2013-06-21,28.2,15387.86,AS-JIA-01
2013-06-22,27.5,16396.41,AS-JIA-01
2013-06-23,7.8,17508.74,AS-JIA-01
2013-06-24,44.1,18783.5,AS-JIA-01
2013-06-25,26.1,22409.6,AS-JIA-01
2013-06-26,13.3,27742.23,AS-JIA-01
2013-06-27,28.4,33521.53,AS-JIA-01
2013-06-28,36.7,36824.53,AS-JIA-01
2013-06-29,6.8,33521.53,AS-JIA-01
2013-06-30,11.3,29482.82,AS-JIA-01
2013-07-01,7.0,27339.18,AS-JIA-01
2013-07-02,25.4,27206.08,AS-JIA-01
2013-07-03,28.0,27540.03,AS-JIA-01
2013-07-04,27.1,27742.23,AS-JIA-01
2013-07-05,17.9,29554.55,AS-JIA-01
2013-07-06,11.0,31939.32,AS-JIA-01
2013-07-07,4.4,30874.34,AS-JIA-01
2013-07-08,5.2,29843.14,AS-JIA-01
2013-07-09,5.1,30281.01,AS-JIA-01
2013-07-10,6.4,29268.64,AS-JIA-01
2013-07-11,9.9,28014.05,AS-JIA-01
2013-07-12,11.7,27007.56,AS-JIA-01
2013-07-13,14.9,26484.8,AS-JIA-01
2013-07-14,10.6,26162.96,AS-JIA-01
2013-07-15,4.2,25971.59,AS-JIA-01
2013-07-16,12.4,25592.84,AS-JIA-01
2013-07-17,11.6,25530.23,AS-JIA-01
2013-07-18,2.2,26162.96,AS-JIA-01
2013-07-19,10.5,27406.0,AS-JIA-01
2013-07-20,17.0,27339.18,AS-JIA-01
2013-07-21,16.6,27607.27,AS-JIA-01
2013-07-22,2.8,27406.0,AS-JIA-01
2013-07-23,23.4,26227.02,AS-JIA-01
2013-07-24,24.8,25844.77,AS-JIA-01
2013-07-25,23.8,25718.53,AS-JIA-01
2013-07-26,14.6,25781.58,AS-JIA-01
2013-07-27,8.6,25908.1,AS-JIA-01
2013-07-28,0.3,24668.56,AS-JIA-01
2013-07-29,0.0,22969.64,AS-JIA-01
2013-07-30,6.9,22354.3,AS-JIA-01
2013-07-31,36.5,22520.57,AS-JIA-01
2013-08-01,18.4,22354.3,AS-JIA-01
2013-08-02,11.4,21486.67,AS-JIA-01
2013-08-03,7.5,20243.69,AS-JIA-01
2013-08-04,16.2,19259.07,AS-JIA-01
2013-08-05,35.2,19943.52,AS-JIA-01
2013-08-06,17.9,22189.16,AS-JIA-01
2013-08-07,5.3,22189.16,AS-JIA-01
2013-08-08,29.0,22354.3,AS-JIA-01
2013-08-09,10.8,21808.28,AS-JIA-01
2013-08-10,13.9,20599.15,AS-JIA-01
2013-08-11,15.4,19993.26,AS-JIA-01
2013-08-12,7.7,19501.0,AS-JIA-01
2013-08-13,10.5,18642.97,AS-JIA-01
2013-08-14,4.5,17775.03,AS-JIA-01
2013-08-15,9.5,16944.25,AS-JIA-01
2013-08-16,22.3,16437.97,AS-JIA-01
2013-08-17,3.8,16149.03,AS-JIA-01
2013-08-18,0.7,15905.06,AS-JIA-01
2013-08-19,10.5,15387.86,AS-JIA-01
2013-08-20,17.0,15077.2,AS-JIA-01
2013-08-21,13.0,14547.12,AS-JIA-01
2013-08-22,8.5,14069.96,AS-JIA-01
2013-08-23,14.2,13536.87,AS-JIA-01
2013-08-24,0.2,12854.11,AS-JIA-01
2013-08-25,3.4,12297.97,AS-JIA-01
2013-08-26,33.9,12622.49,AS-JIA-01
2013-08-27,14.3,14251.8,AS-JIA-01
2013-08-28,14.0,14962.17,AS-JIA-01
2013-08-29,5.3,14509.9,AS-JIA-01
2013-08-30,9.6,14621.8,AS-JIA-01
2013-08-31,4.7,15505.85,AS-JIA-01
2013-09-01,29.2,16647.23,AS-JIA-01
2013-09-02,22.7,18925.04,AS-JIA-01
2013-09-03,19.6,22409.6,AS-JIA-01
2013-09-04,32.5,27540.03,AS-JIA-01
2013-09-05,11.5,33928.61,AS-JIA-01
2013-09-06,6.6,36296.87,AS-JIA-01
2013-09-07,5.4,32328.08,AS-JIA-01
2013-09-08,4.4,27540.03,AS-JIA-01
2013-09-09,4.5,24367.47,AS-JIA-01
2013-09-10,1.6,22409.6,AS-JIA-01
2013-09-11,0.0,20960.39,AS-JIA-01
2013-09-12,0.0,19696.53,AS-JIA-01
2013-09-13,0.0,18549.81,AS-JIA-01
2013-09-14,3.8,17508.74,AS-JIA-01
2013-09-15,2.0,16647.23,AS-JIA-01
2013-09-16,1.2,15945.49,AS-JIA-01
2013-09-17,0.0,15193.03,AS-JIA-01
2013-09-18,0.0,14472.78,AS-JIA-01
2013-09-19,2.2,13854.51,AS-JIA-01
2013-09-20,7.7,13259.97,AS-JIA-01
2013-09-21,0.6,12754.37,AS-JIA-01
2013-09-22,1.4,12265.94,AS-JIA-01
2013-09-23,7.3,11887.16,AS-JIA-01
2013-09-24,4.7,11856.06,AS-JIA-01
2013-09-25,8.5,12012.26,AS-JIA-01
2013-09-26,9.8,12589.68,AS-JIA-01
2013-09-27,4.5,12426.88,AS-JIA-01
2013-09-28,7.1,11980.88,AS-JIA-01
2013-09-29,0.8,11278.65,AS-JIA-01
2013-09-30,0.2,10612.66,AS-JIA-01
2013-10-01,0.0,10007.77,AS-JIA-01
2013-10-02,0.0,9458.29,AS-JIA-01
2013-10-03,1.5,8983.51,AS-JIA-01
2013-10-04,9.9,9156.01,AS-JIA-01
2013-10-05,26.0,10306.38,AS-JIA-01
2013-10-06,8.1,11980.88,AS-JIA-01
2013-10-07,0.0,12721.28,AS-JIA-01
2013-10-08,0.0,12012.26,AS-JIA-01
2013-10-09,0.0,10869.06,AS-JIA-01
2013-10-10,0.0,9848.05,AS-JIA-01
2013-10-11,0.0,8983.51,AS-JIA-01
2013-10-12,0.0,8274.9,AS-JIA-01
2013-10-13,0.0,7677.69,AS-JIA-01
2013-10-14,0.0,7361.6,AS-JIA-01
2013-10-15,1.1,7340.91,AS-JIA-01
2013-10-16,1.2,7279.14,AS-JIA-01
2013-10-17,0.4,7076.27,AS-JIA-01
2013-10-18,0.9,6956.78,AS-JIA-01
2013-10-19,0.1,6937.02,AS-JIA-01
2013-10-20,5.8,7016.32,AS-JIA-01
2013-10-21,6.4,7382.34,AS-JIA-01
2013-10-22,3.9,8252.11,AS-JIA-01
2013-10-23,0.0,8297.75,AS-JIA-01
2013-10-24,0.0,7486.73,AS-JIA-01
2013-10-25,0.1,6741.94,AS-JIA-01
2013-10-26,0.0,6182.95,AS-JIA-01
2013-10-27,1.4,5796.89,AS-JIA-01
2013-10-28,7.0,5882.92,AS-JIA-01
2013-10-29,4.8,7528.82,AS-JIA-01
2013-10-30,0.1,9356.59,AS-JIA-01
2013-10-31,0.1,8670.43,AS-JIA-01
2013-11-01,0.0,7634.91,AS-JIA-01
2013-11-02,0.4,7076.27,AS-JIA-01
2013-11-03,0.3,6703.47,AS-JIA-01
2013-11-04,0.0,6383.45,AS-JIA-01
2013-11-05,0.0,6005.04,AS-JIA-01
2013-11-06,0.0,5611.06,AS-JIA-01
2013-11-07,0.0,5237.4,AS-JIA-01
2013-11-08,0.0,4898.04,AS-JIA-01
2013-11-09,0.0,4589.75,AS-JIA-01
2013-11-10,0.0,4296.01,AS-JIA-01
2013-11-11,0.0,4042.22,AS-JIA-01
2013-11-12,0.0,3799.28,AS-JIA-01
2013-11-13,0.0,3578.74,AS-JIA-01
2013-11-14,0.0,3367.14,AS-JIA-01
2013-11-15,0.0,3175.2,AS-JIA-01
2013-11-16,0.0,3001.29,AS-JIA-01
2013-11-17,0.0,2833.66,AS-JIA-01
2013-11-18,0.0,2682.02,AS-JIA-01
2013-11-19,0.0,2535.53,AS-JIA-01
2013-11-20,0.0,2403.3,AS-JIA-01
2013-11-21,0.0,2275.25,AS-JIA-01
2013-11-22,0.0,2160.0,AS-JIA-01
2013-11-23,0.0,2056.63,AS-JIA-01
2013-11-24,0.0,1956.08,AS-JIA-01
2013-11-25,0.0,1858.26,AS-JIA-01
2013-11-26,0.0,1763.13,AS-JIA-01
2013-11-27,0.0,1678.18,AS-JIA-01
2013-11-28,0.0,1587.95,AS-JIA-01
2013-11-29,0.0,1514.62,AS-JIA-01
2013-11-30,0.0,1442.98,AS-JIA-01
2013-12-01,0.0,1386.84,AS-JIA-01
2013-12-02,0.0,1324.9,AS-JIA-01
2013-12-03,0.0,1270.91,AS-JIA-01
2013-12-04,0.0,1211.35,AS-JIA-01
2013-12-05,0.0,1165.87,AS-JIA-01
2013-12-06,0.0,1121.13,AS-JIA-01
2013-12-07,0.0,1070.86,AS-JIA-01
2013-12-08,0.0,1021.51,AS-JIA-01
2013-12-09,0.0,985.08,AS-JIA-01
2013-12-10,0.0,973.06,AS-JIA-01
2013-12-11,0.0,991.12,AS-JIA-01
2013-12-12,1.2,1015.4,AS-JIA-01
2013-12-13,0.7,1015.4,AS-JIA-01
2013-12-14,0.0,1052.24,AS-JIA-01
2013-12-15,0.0,1070.86,AS-JIA-01
2013-12-16,0.0,1033.76,AS-JIA-01
2013-12-17,0.0,991.12,AS-JIA-01
2013-12-18,0.0,943.23,AS-JIA-01
2013-12-19,0.0,902.03,AS-JIA-01
2013-12-20,0.0,896.21,AS-JIA-01
2013-12-21,0.0,890.39,AS-JIA-01
2013-12-22,0.0,855.77,AS-JIA-01
2013-12-23,0.0,827.28,AS-JIA-01
2013-12-24,0.0,799.11,AS-JIA-01
2013-12-25,0.0,776.82,AS-JIA-01
2013-12-26,0.0,760.23,AS-JIA-01
2013-12-27,0.0,749.23,AS-JIA-01
2013-12-28,0.1,760.23,AS-JIA-01
2013-12-29,0.0,771.28,AS-JIA-01
2013-12-30,0.0,754.73,AS-JIA-01
2013-12-31,0.0,743.76,AS-JIA-01
2014-01-01,0.0,743.76,AS-JIA-01
2014-01-02,0.0,738.29,AS-JIA-01
2014-01-03,0.0,711.14,AS-JIA-01
2014-01-04,0.0,673.66,AS-JIA-01
2014-01-05,0.0,663.06,AS-JIA-01
2014-01-06,0.6,727.39,AS-JIA-01
2014-01-07,1.6,754.73,AS-JIA-01
2014-01-08,0.0,743.76,AS-JIA-01
2014-01-09,0.0,771.28,AS-JIA-01
2014-01-10,0.0,782.37,AS-JIA-01
2014-01-11,0.0,787.94,AS-JIA-01
2014-01-12,0.0,787.94,AS-JIA-01
2014-01-13,0.0,771.28,AS-JIA-01
2014-01-14,0.0,771.28,AS-JIA-01
2014-01-15,0.0,776.82,AS-JIA-01
2014-01-16,0.0,765.75,AS-JIA-01
2014-01-17,0.0,732.83,AS-JIA-01
2014-01-18,0.0,684.31,AS-JIA-01
2014-01-19,0.9,663.06,AS-JIA-01
2014-01-20,0.0,647.26,AS-JIA-01
2014-01-21,0.0,610.8,AS-JIA-01
2014-01-22,0.0,569.85,AS-JIA-01
2014-01-23,0.0,534.63,AS-JIA-01
2014-01-24,0.0,514.76,AS-JIA-01
2014-01-25,0.0,504.89,AS-JIA-01
2014-01-26,0.0,490.17,AS-JIA-01
2014-01-27,0.0,475.55,AS-JIA-01
2014-01-28,0.0,470.71,AS-JIA-01
2014-01-29,0.0,461.04,AS-JIA-01
2014-01-30,0.0,446.62,AS-JIA-01
2014-01-31,0.0,437.06,AS-JIA-01
2014-02-01,0.0,422.82,AS-JIA-01
2014-02-02,0.0,394.61,AS-JIA-01
2014-02-03,0.0,366.79,AS-JIA-01
2014-02-04,0.0,339.35,AS-JIA-01
2014-02-05,0.5,339.35,AS-JIA-01
2014-02-06,2.1,362.2,AS-JIA-01
2014-02-07,2.2,380.66,AS-JIA-01
2014-02-08,6.3,539.62,AS-JIA-01
2014-02-09,0.1,743.76,AS-JIA-01
2014-02-10,1.3,937.3,AS-JIA-01
2014-02-11,0.0,1204.81,AS-JIA-01
2014-02-12,0.0,1386.84,AS-JIA-01
2014-02-13,0.0,1345.4,AS-JIA-01
2014-02-14,0.2,1264.23,AS-JIA-01
2014-02-15,2.4,1231.07,AS-JIA-01
2014-02-16,15.8,1359.15,AS-JIA-01
2014-02-17,10.8,1625.24,AS-JIA-01
2014-02-18,0.1,2142.57,AS-JIA-01
2014-02-19,0.0,2506.83,AS-JIA-01
2014-02-20,0.0,2357.09,AS-JIA-01
2014-02-21,0.0,2022.8,AS-JIA-01
2014-02-22,0.0,1755.31,AS-JIA-01
2014-02-23,0.0,1565.78,AS-JIA-01
2014-02-24,0.0,1428.85,AS-JIA-01
2014-02-25,0.0,1338.55,AS-JIA-01
2014-02-26,0.0,1331.72,AS-JIA-01
2014-02-27,0.0,1372.96,AS-JIA-01
2014-02-28,0.0,1421.81,AS-JIA-01
2014-03-01,0.0,1536.45,AS-JIA-01
2014-03-02,0.2,1794.54,AS-JIA-01
2014-03-03,0.2,2082.21,AS-JIA-01
2014-03-04,0.0,2275.25,AS-JIA-01
2014-03-05,2.1,2302.35,AS-JIA-01
2014-03-06,0.0,2195.1,AS-JIA-01
2014-03-07,0.0,2073.67,AS-JIA-01
2014-03-08,0.0,2006.0,AS-JIA-01
2014-03-09,0.0,1964.35,AS-JIA-01
2014-03-10,0.0,1874.38,AS-JIA-01
2014-03-11,0.0,1763.13,AS-JIA-01
2014-03-12,0.0,1647.83,AS-JIA-01
2014-03-13,0.0,1558.42,AS-JIA-01
2014-03-14,0.0,1492.96,AS-JIA-01
2014-03-15,0.0,1435.9,AS-JIA-01
2014-03-16,0.0,1379.89,AS-JIA-01
2014-03-17,0.0,1318.1,AS-JIA-01
2014-03-18,0.1,1277.6,AS-JIA-01
2014-03-19,6.3,1507.39,AS-JIA-01
2014-03-20,3.8,2151.28,AS-JIA-01
2014-03-21,0.0,2642.46,AS-JIA-01
2014-03-22,1.7,2682.02,AS-JIA-01
2014-03-23,0.7,2468.88,AS-JIA-01
2014-03-24,0.0,2142.57,AS-JIA-01
2014-03-25,0.0,1890.57,AS-JIA-01
2014-03-26,0.0,1731.99,AS-JIA-01
2014-03-27,0.2,1617.75,AS-JIA-01
2014-03-28,0.0,1536.45,AS-JIA-01
2014-03-29,0.3,1640.28,AS-JIA-01
2014-03-30,0.1,1964.35,AS-JIA-01
2014-03-31,0.0,2545.13,AS-JIA-01
2014-04-01,0.0,4323.38,AS-JIA-01
2014-04-02,0.0,5349.04,AS-JIA-01
2014-04-03,1.7,4720.05,AS-JIA-01
2014-04-04,0.0,4055.3,AS-JIA-01
2014-04-05,0.0,3602.79,AS-JIA-01
2014-04-06,0.0,3309.9,AS-JIA-01
2014-04-07,2.5,3175.2,AS-JIA-01
2014-04-08,5.5,3153.11,AS-JIA-01
2014-04-09,1.6,3219.69,AS-JIA-01
2014-04-10,1.6,3425.04,AS-JIA-01
2014-04-11,0.0,4121.17,AS-JIA-01
2014-04-12,0.0,4589.75,AS-JIA-01
2014-04-13,0.0,4228.14,AS-JIA-01
2014-04-14,0.0,3737.1,AS-JIA-01
2014-04-15,0.0,3390.22,AS-JIA-01
2014-04-16,0.0,3197.39,AS-JIA-01
2014-04-17,6.9,3253.32,AS-JIA-01
2014-04-18,0.0,3614.86,AS-JIA-01
2014-04-19,0.0,4268.78,AS-JIA-01
2014-04-20,0.0,4255.2,AS-JIA-01
2014-04-21,0.0,4081.55,AS-JIA-01
2014-04-22,0.0,4282.38,AS-JIA-01
2014-04-23,0.0,4255.2,AS-JIA-01
2014-04-24,0.0,4003.15,AS-JIA-01
2014-04-25,0.3,3900.28,AS-JIA-01
2014-04-26,0.0,3938.63,AS-JIA-01
2014-04-27,0.0,3900.28,AS-JIA-01
2014-04-28,1.0,4107.93,AS-JIA-01
2014-04-29,2.9,4174.41,AS-JIA-01
2014-04-30,0.0,4107.93,AS-JIA-01
2014-05-01,1.8,3938.63,AS-JIA-01
2014-05-02,18.1,3938.63,AS-JIA-01
2014-05-03,32.8,4255.2,AS-JIA-01
2014-05-04,37.6,4705.44,AS-JIA-01
2014-05-05,6.3,5127.55,AS-JIA-01
2014-05-06,19.3,5544.65,AS-JIA-01
2014-05-07,50.2,7116.47,AS-JIA-01
2014-05-08,48.2,9795.31,AS-JIA-01
2014-05-09,17.5,12459.29,AS-JIA-01
2014-05-10,1.9,15193.03,AS-JIA-01
2014-05-11,6.9,17730.39,AS-JIA-01
2014-05-12,12.2,20344.66,AS-JIA-01
2014-05-13,11.2,20344.66,AS-JIA-01
2014-05-14,2.6,18642.97,AS-JIA-01
2014-05-15,0.8,19893.9,AS-JIA-01
2014-05-16,1.8,21433.48,AS-JIA-01
2014-05-17,0.5,18689.71,AS-JIA-01
2014-05-18,1.3,15348.72,AS-JIA-01
2014-05-19,0.0,13191.55,AS-JIA-01
2014-05-20,1.8,12362.27,AS-JIA-01
2014-05-21,6.0,12820.78,AS-JIA-01
2014-05-22,6.0,14251.8,AS-JIA-01
2014-05-23,1.0,14472.78,AS-JIA-01
2014-05-24,1.2,13191.55,AS-JIA-01
2014-05-25,5.7,12012.26,AS-JIA-01
2014-05-26,6.1,11428.16,AS-JIA-01
2014-05-27,3.3,11428.16,AS-JIA-01
2014-05-28,11.6,12362.27,AS-JIA-01
2014-05-29,6.2,14142.44,AS-JIA-01
2014-05-30,3.4,14810.02,AS-JIA-01
2014-05-31,0.6,13606.88,AS-JIA-01
2014-06-01,2.3,12043.72,AS-JIA-01
2014-06-02,5.6,11189.77,AS-JIA-01
2014-06-03,3.7,11072.21,AS-JIA-01
2014-06-04,1.5,11219.32,AS-JIA-01
2014-06-05,4.0,11794.08,AS-JIA-01
2014-06-06,9.5,12491.78,AS-JIA-01
2014-06-07,11.3,13747.9,AS-JIA-01
2014-06-08,26.5,15584.96,AS-JIA-01
2014-06-09,34.2,17508.74,AS-JIA-01
2014-06-10,25.5,18549.81,AS-JIA-01
2014-06-11,20.1,19403.88,AS-JIA-01
2014-06-12,2.7,20446.09,AS-JIA-01
2014-06-13,5.2,20650.4,AS-JIA-01
2014-06-14,5.4,19549.72,AS-JIA-01
2014-06-15,9.0,18503.38,AS-JIA-01
2014-06-16,1.4,18364.77,AS-JIA-01
2014-06-17,4.2,18045.03,AS-JIA-01
2014-06-18,10.0,17508.74,AS-JIA-01
2014-06-19,30.8,17864.62,AS-JIA-01
2014-06-20,55.6,21433.48,AS-JIA-01
2014-06-21,80.5,28844.65,AS-JIA-01
2014-06-22,118.1,33119.11,AS-JIA-01
2014-06-23,88.3,34010.58,AS-JIA-01
2014-06-24,11.1,32959.45,AS-JIA-01
2014-06-25,4.1,30724.99,AS-JIA-01
2014-06-26,14.4,28357.35,AS-JIA-01
2014-06-27,15.4,27007.56,AS-JIA-01
2014-06-28,11.8,27073.59,AS-JIA-01
2014-06-29,13.0,29915.69,AS-JIA-01
2014-06-30,3.9,32328.08,AS-JIA-01
2014-07-01,11.4,31402.53,AS-JIA-01
2014-07-02,20.6,29197.57,AS-JIA-01
2014-07-03,6.7,28219.54,AS-JIA-01
2014-07-04,3.2,27540.03,AS-JIA-01
2014-07-05,6.6,26355.61,AS-JIA-01
2014-07-06,10.7,25343.25,AS-JIA-01
2014-07-07,15.3,25844.77,AS-JIA-01
2014-07-08,23.6,27540.03,AS-JIA-01
2014-07-09,1.4,27007.56,AS-JIA-01
2014-07-10,4.0,24973.12,AS-JIA-01
2014-07-11,9.1,23775.65,AS-JIA-01
2014-07-12,2.9,23254.5,AS-JIA-01
2014-07-13,18.0,23083.19,AS-JIA-01
2014-07-14,36.5,24188.5,AS-JIA-01
2014-07-15,23.4,28634.83,AS-JIA-01
2014-07-16,26.8,31099.65,AS-JIA-01
2014-07-17,12.0,29339.87,AS-JIA-01
2014-07-18,24.1,28014.05,AS-JIA-01
2014-07-19,5.1,26810.39,AS-JIA-01
2014-07-20,14.7,25405.43,AS-JIA-01
2014-07-21,3.2,24487.51,AS-JIA-01
2014-07-22,21.5,24367.47,AS-JIA-01
2014-07-23,5.5,25281.22,AS-JIA-01
2014-07-24,3.5,25219.28,AS-JIA-01
2014-07-25,1.2,24188.5,AS-JIA-01
2014-07-26,1.6,23026.35,AS-JIA-01
2014-07-27,10.6,22354.3,AS-JIA-01
2014-07-28,28.8,22079.72,AS-JIA-01
2014-07-29,33.3,21700.59,AS-JIA-01
2014-07-30,17.3,21064.67,AS-JIA-01
2014-07-31,7.6,20548.02,AS-JIA-01
2014-08-01,9.7,20804.87,AS-JIA-01
2014-08-02,18.4,22465.02,AS-JIA-01
2014-08-03,6.8,23717.22,AS-JIA-01
2014-08-04,0.7,23542.69,AS-JIA-01
2014-08-05,17.3,22744.07,AS-JIA-01
2014-08-06,15.0,21916.49,AS-JIA-01
2014-08-07,8.5,21433.48,AS-JIA-01
2014-08-08,13.9,21169.46,AS-JIA-01
2014-08-09,14.9,20856.59,AS-JIA-01
2014-08-10,9.3,20548.02,AS-JIA-01
2014-08-11,4.5,21808.28,AS-JIA-01
2014-08-12,25.2,27472.93,AS-JIA-01
2014-08-13,127.7,34840.85,AS-JIA-01
2014-08-14,154.6,40341.1,AS-JIA-01
2014-08-15,68.1,44923.63,AS-JIA-01
2014-08-16,50.8,43550.67,AS-JIA-01
2014-08-17,21.7,38451.96,AS-JIA-01
2014-08-18,8.9,33765.23,AS-JIA-01
2014-08-19,10.7,30874.34,AS-JIA-01
2014-08-20,3.2,29055.9,AS-JIA-01
2014-08-21,25.0,29482.82,AS-JIA-01
2014-08-22,21.9,33683.79,AS-JIA-01
2014-08-23,21.3,39385.64,AS-JIA-01
2014-08-24,8.3,42218.2,AS-JIA-01
2014-08-25,6.2,39860.62,AS-JIA-01
2014-08-26,10.1,35518.93,AS-JIA-01
2014-08-27,2.9,31631.54,AS-JIA-01
2014-08-28,0.0,28774.56,AS-JIA-01
2014-08-29,1.8,26679.71,AS-JIA-01
2014-08-30,21.9,25592.84,AS-JIA-01
2014-08-31,1.7,24547.72,AS-JIA-01
2014-09-01,3.9,23369.39,AS-JIA-01
2014-09-02,7.0,22354.3,AS-JIA-01
2014-09-03,13.5,21539.96,AS-JIA-01
2014-09-04,9.6,20856.59,AS-JIA-01
2014-09-05,10.7,20243.69,AS-JIA-01
2014-09-06,13.6,19452.37,AS-JIA-01
2014-09-07,16.2,18925.04,AS-JIA-01
2014-09-08,9.0,19163.09,AS-JIA-01
2014-09-09,11.1,20093.07,AS-JIA-01
2014-09-10,7.4,20856.59,AS-JIA-01
2014-09-11,3.2,20599.15,AS-JIA-01
2014-09-12,11.2,19598.55,AS-JIA-01
2014-09-13,15.8,18783.5,AS-JIA-01
2014-09-14,2.3,18090.39,AS-JIA-01
2014-09-15,5.8,17246.11,AS-JIA-01
2014-09-16,1.9,16272.31,AS-JIA-01
2014-09-17,0.0,15387.86,AS-JIA-01
2014-09-18,16.9,14772.2,AS-JIA-01
2014-09-19,116.0,16396.41,AS-JIA-01
2014-09-20,48.0,19452.37,AS-JIA-01
2014-09-21,33.3,22354.3,AS-JIA-01
2014-09-22,82.1,27139.76,AS-JIA-01
2014-09-23,43.6,30874.34,AS-JIA-01
2014-09-24,2.6,29268.64,AS-JIA-01
2014-09-25,12.3,25908.1,AS-JIA-01
2014-09-26,18.2,24729.19,AS-JIA-01
2014-09-27,9.6,26291.25,AS-JIA-01
2014-09-28,1.8,26484.8,AS-JIA-01
2014-09-29,4.6,23369.39,AS-JIA-01
2014-09-30,0.0,20395.32,AS-JIA-01
2014-10-01,0.0,18503.38,AS-JIA-01
2014-10-02,0.7,17116.15,AS-JIA-01
2014-10-03,0.0,15986.02,AS-JIA-01
2014-10-04,0.0,15000.43,AS-JIA-01
2014-10-05,0.0,14142.44,AS-JIA-01
2014-10-06,0.0,13294.32,AS-JIA-01
2014-10-07,0.0,12524.33,AS-JIA-01
2014-10-08,0.0,11794.08,AS-JIA-01
2014-10-09,0.0,11160.27,AS-JIA-01
2014-10-10,0.1,10584.48,AS-JIA-01
2014-10-11,4.0,10278.93,AS-JIA-01
2014-10-12,1.2,9848.05,AS-JIA-01
2014-10-13,0.7,9560.92,AS-JIA-01
2014-10-14,5.2,9458.29,AS-JIA-01
2014-10-15,2.8,9586.72,AS-JIA-01
2014-10-16,2.0,10306.38,AS-JIA-01
2014-10-17,0.0,10725.95,AS-JIA-01
2014-10-18,2.9,9954.29,AS-JIA-01
2014-10-19,0.0,9057.11,AS-JIA-01
2014-10-20,0.0,8412.74,AS-JIA-01
2014-10-21,0.0,7894.57,AS-JIA-01
2014-10-22,0.0,7403.12,AS-JIA-01
2014-10-23,0.0,6976.59,AS-JIA-01
2014-10-24,0.0,6551.3,AS-JIA-01
2014-10-25,0.0,6164.98,AS-JIA-01
2014-10-26,0.0,5831.18,AS-JIA-01
2014-10-27,0.0,5528.13,AS-JIA-01
2014-10-28,0.0,5253.24,AS-JIA-01
2014-10-29,0.0,4988.89,AS-JIA-01
2014-10-30,0.0,4764.08,AS-JIA-01
2014-10-31,0.0,4518.52,AS-JIA-01
2014-11-01,0.0,4282.38,AS-JIA-01
2014-11-02,0.0,4068.41,AS-JIA-01
2014-11-03,0.0,3900.28,AS-JIA-01
2014-11-04,0.0,3749.49,AS-JIA-01
2014-11-05,0.0,3602.79,AS-JIA-01
2014-11-06,0.0,3483.61,AS-JIA-01
2014-11-07,0.0,3355.65,AS-JIA-01
2014-11-08,0.0,3197.39,AS-JIA-01
2014-11-09,0.0,3022.67,AS-JIA-01
2014-11-10,0.0,2843.96,AS-JIA-01
2014-11-11,0.0,2701.94,AS-JIA-01
2014-11-12,0.8,2691.97,AS-JIA-01
2014-11-13,0.0,2622.82,AS-JIA-01
2014-11-14,0.0,2535.53,AS-JIA-01
2014-11-15,0.0,2487.81,AS-JIA-01
2014-11-16,0.0,2431.28,AS-JIA-01
2014-11-17,0.0,2347.92,AS-JIA-01
2014-11-18,0.0,2266.27,AS-JIA-01
2014-11-19,0.0,2177.51,AS-JIA-01
2014-11-20,0.0,2099.35,AS-JIA-01
2014-11-21,0.2,2022.8,AS-JIA-01
2014-11-22,0.0,1997.64,AS-JIA-01
2014-11-23,0.2,2014.39,AS-JIA-01
2014-11-24,0.0,1989.29,AS-JIA-01
2014-11-25,0.0,2022.8,AS-JIA-01
2014-11-26,0.0,2073.67,AS-JIA-01
2014-11-27,0.0,2014.39,AS-JIA-01
2014-11-28,0.0,1906.84,AS-JIA-01
2014-11-29,0.0,1818.31,AS-JIA-01
2014-11-30,0.0,1731.99,AS-JIA-01
2014-12-01,0.0,1640.28,AS-JIA-01
2014-12-02,0.0,1551.08,AS-JIA-01
2014-12-03,0.0,1478.59,AS-JIA-01
2014-12-04,0.0,1407.77,AS-JIA-01
2014-12-05,0.0,1345.4,AS-JIA-01
2014-12-06,0.0,1291.04,AS-JIA-01
2014-12-07,0.0,1244.29,AS-JIA-01
2014-12-08,0.0,1244.29,AS-JIA-01
2014-12-09,3.1,1311.31,AS-JIA-01
2014-12-10,1.5,1407.77,AS-JIA-01
2014-12-11,0.9,1529.16,AS-JIA-01
2014-12-12,0.0,1786.67,AS-JIA-01
2014-12-13,0.0,1915.0,AS-JIA-01
2014-12-14,0.0,1826.26,AS-JIA-01
2014-12-15,0.0,1716.53,AS-JIA-01
2014-12-16,0.0,1632.75,AS-JIA-01
2014-12-17,2.9,1573.15,AS-JIA-01
2014-12-18,0.0,1573.15,AS-JIA-01
2014-12-19,0.0,1587.95,AS-JIA-01
2014-12-20,0.0,1543.76,AS-JIA-01
2014-12-21,0.0,1464.3,AS-JIA-01
2014-12-22,0.0,1372.96,AS-JIA-01
2014-12-23,0.0,1291.04,AS-JIA-01
2014-12-24,0.0,1217.91,AS-JIA-01
2014-12-25,0.0,1153.01,AS-JIA-01
2014-12-26,0.0,1102.17,AS-JIA-01
2014-12-27,0.0,1064.64,AS-JIA-01
2014-12-28,0.0,1033.76,AS-JIA-01
2014-12-29,0.0,985.08,AS-JIA-01
2014-12-30,0.0,937.3,AS-JIA-01
2014-12-31,0.0,890.39,AS-JIA-01
2015-01-01,0.0,838.63,AS-JIA-01
2015-01-02,0.0,787.94,AS-JIA-01
2015-01-03,0.6,743.76,AS-JIA-01
2015-01-04,4.6,771.28,AS-JIA-01
2015-01-05,0.8,844.33,AS-JIA-01
2015-01-06,0.0,979.06,AS-JIA-01
2015-01-07,0.0,1178.8,AS-JIA-01
2015-01-08,0.0,1198.29,AS-JIA-01
2015-01-09,0.0,1089.6,AS-JIA-01
2015-01-10,0.0,979.06,AS-JIA-01
2015-01-11,0.0,896.21,AS-JIA-01
2015-01-12,0.0,832.94,AS-JIA-01
2015-01-13,0.0,771.28,AS-JIA-01
2015-01-14,0.0,716.55,AS-JIA-01
2015-01-15,0.0,673.66,AS-JIA-01
2015-01-16,0.0,631.57,AS-JIA-01
2015-01-17,0.0,590.23,AS-JIA-01
2015-01-18,0.0,549.65,AS-JIA-01
2015-01-19,0.0,519.7,AS-JIA-01
2015-01-20,0.0,499.96,AS-JIA-01
2015-01-21,0.0,475.55,AS-JIA-01
2015-01-22,0.0,441.84,AS-JIA-01
2015-01-23,0.0,432.3,AS-JIA-01
2015-01-24,0.0,432.3,AS-JIA-01
2015-01-25,0.0,413.37,AS-JIA-01
2015-01-26,0.0,394.61,AS-JIA-01
2015-01-27,0.0,399.28,AS-JIA-01
2015-01-28,0.0,437.06,AS-JIA-01
2015-01-29,0.1,480.41,AS-JIA-01
2015-01-30,0.0,539.62,AS-JIA-01
2015-01-31,0.0,626.35,AS-JIA-01
2015-02-01,0.0,782.37,AS-JIA-01
2015-02-02,0.0,902.03,AS-JIA-01
2015-02-03,0.0,850.04,AS-JIA-01
2015-02-04,0.0,743.76,AS-JIA-01
2015-02-05,0.0,668.36,AS-JIA-01
2015-02-06,0.0,605.64,AS-JIA-01
2015-02-07,0.0,514.76,AS-JIA-01
2015-02-08,0.0,432.3,AS-JIA-01
2015-02-09,0.0,413.37,AS-JIA-01
2015-02-10,0.1,389.95,AS-JIA-01
2015-02-11,0.0,357.6,AS-JIA-01
2015-02-12,3.7,348.46,AS-JIA-01
2015-02-13,3.0,362.2,AS-JIA-01
2015-02-14,0.0,362.2,AS-JIA-01
2015-02-15,0.0,348.46,AS-JIA-01
2015-02-16,0.0,334.82,AS-JIA-01
2015-02-17,0.0,325.77,AS-JIA-01
2015-02-18,0.9,316.78,AS-JIA-01
2015-02-19,2.7,316.78,AS-JIA-01
2015-02-20,0.0,312.29,AS-JIA-01
2015-02-21,0.9,307.82,AS-JIA-01
2015-02-22,0.0,307.82,AS-JIA-01
2015-02-23,0.0,303.35,AS-JIA-01
2015-02-24,0.0,290.02,AS-JIA-01
2015-02-25,0.0,321.27,AS-JIA-01
2015-02-26,3.7,480.41,AS-JIA-01
2015-02-27,2.1,749.23,AS-JIA-01
2015-02-28,0.4,1379.89,AS-JIA-01
2015-03-01,0.0,2662.19,AS-JIA-01
2015-03-02,0.0,3054.95,AS-JIA-01
2015-03-03,0.0,2843.96,AS-JIA-01
2015-03-04,0.0,3044.16,AS-JIA-01
2015-03-05,0.3,3913.04,AS-JIA-01
2015-03-06,0.0,4420.17,AS-JIA-01
2015-03-07,0.0,3951.47,AS-JIA-01
2015-03-08,0.0,3321.3,AS-JIA-01
2015-03-09,0.0,2874.99,AS-JIA-01
2015-03-10,0.0,2583.8,AS-JIA-01
2015-03-11,0.0,2357.09,AS-JIA-01
2015-03-12,0.0,2195.1,AS-JIA-01
2015-03-13,0.0,2082.21,AS-JIA-01
2015-03-14,0.0,2031.23,AS-JIA-01
2015-03-15,0.0,2065.13,AS-JIA-01
2015-03-16,0.0,2125.23,AS-JIA-01
2015-03-17,0.0,2275.25,AS-JIA-01
2015-03-18,0.0,2906.23,AS-JIA-01
2015-03-19,0.0,3862.18,AS-JIA-01
2015-03-20,0.0,4029.17,AS-JIA-01
2015-03-21,0.0,3663.42,AS-JIA-01
2015-03-22,0.0,3175.2,AS-JIA-01
2015-03-23,0.0,2762.24,AS-JIA-01
2015-03-24,0.1,2478.34,AS-JIA-01
2015-03-25,0.0,2266.27,AS-JIA-01
2015-03-26,0.0,2090.77,AS-JIA-01
2015-03-27,0.4,1964.35,AS-JIA-01
2015-03-28,2.4,1874.38,AS-JIA-01
2015-03-29,0.1,1818.31,AS-JIA-01
2015-03-30,6.5,1956.08,AS-JIA-01
2015-03-31,1.6,2284.27,AS-JIA-01
2015-04-01,12.7,3309.9,AS-JIA-01
2015-04-02,39.4,4808.43,AS-JIA-01
2015-04-03,6.6,5285.03,AS-JIA-01
2015-04-04,7.4,5365.13,AS-JIA-01
2015-04-05,6.5,7036.26,AS-JIA-01
2015-04-06,8.6,11042.99,AS-JIA-01
2015-04-07,1.3,11609.86,AS-JIA-01
2015-04-08,5.6,10115.49,AS-JIA-01
2015-04-09,13.4,9716.64,AS-JIA-01
2015-04-10,0.8,10556.39,AS-JIA-01
2015-04-11,0.0,9848.05,AS-JIA-01
2015-04-12,0.0,8274.9,AS-JIA-01
2015-04-13,0.0,7197.44,AS-JIA-01
2015-04-14,0.0,6457.63,AS-JIA-01
2015-04-15,0.0,5935.02,AS-JIA-01
2015-04-16,0.0,5711.84,AS-JIA-01
2015-04-17,13.1,6147.04,AS-JIA-01
2015-04-18,25.0,8552.49,AS-JIA-01
2015-04-19,5.2,11219.32,AS-JIA-01
2015-04-20,0.6,10528.34,AS-JIA-01
2015-04-21,24.1,9280.95,AS-JIA-01
2015-04-22,50.5,9690.52,AS-JIA-01
2015-04-23,19.8,12426.88,AS-JIA-01
2015-04-24,8.9,14472.78,AS-JIA-01
2015-04-25,7.1,13225.72,AS-JIA-01
2015-04-26,4.7,11160.27,AS-JIA-01
2015-04-27,2.3,9716.64,AS-JIA-01
2015-04-28,1.8,8789.74,AS-JIA-01
2015-04-29,15.6,8252.11,AS-JIA-01
2015-04-30,0.6,7894.57,AS-JIA-01
2015-05-01,5.8,7634.91,AS-JIA-01
2015-05-02,4.6,7613.6,AS-JIA-01
2015-05-03,6.6,7960.6,AS-JIA-01
2015-05-04,5.2,8934.74,AS-JIA-01
2015-05-05,4.1,9432.77,AS-JIA-01
2015-05-06,6.3,8886.19,AS-JIA-01
2015-05-07,8.1,8004.89,AS-JIA-01
2015-05-08,0.9,7320.28,AS-JIA-01
2015-05-09,0.0,6800.0,AS-JIA-01
2015-05-10,5.6,6383.45,AS-JIA-01
2015-05-11,15.4,6111.3,AS-JIA-01
2015-05-12,11.9,6005.04,AS-JIA-01
2015-05-13,2.4,6164.98,AS-JIA-01
2015-05-14,10.5,6627.04,AS-JIA-01
2015-05-15,29.0,7258.64,AS-JIA-01
2015-05-16,6.3,8343.58,AS-JIA-01
2015-05-17,7.0,11458.27,AS-JIA-01
2015-05-18,2.8,13191.55,AS-JIA-01
2015-05-19,0.0,11794.08,AS-JIA-01
2015-05-20,1.8,10169.71,AS-JIA-01
2015-05-21,12.6,10196.91,AS-JIA-01
2015-05-22,20.8,12754.37,AS-JIA-01
2015-05-23,22.1,17909.55,AS-JIA-01
2015-05-24,27.3,23197.26,AS-JIA-01
2015-05-25,26.5,23600.72,AS-JIA-01
2015-05-26,11.5,21700.59,AS-JIA-01
2015-05-27,58.1,19943.52,AS-JIA-01
2015-05-28,22.3,18642.97,AS-JIA-01
2015-05-29,13.0,17685.87,AS-JIA-01
2015-05-30,15.4,16563.25,AS-JIA-01
2015-05-31,21.0,16521.4,AS-JIA-01
2015-06-01,15.3,19211.02,AS-JIA-01
2015-06-02,16.4,22856.58,AS-JIA-01
2015-06-03,12.3,21970.78,AS-JIA-01
2015-06-04,5.6,19794.98,AS-JIA-01
2015-06-05,7.3,19019.92,AS-JIA-01
2015-06-06,14.5,21169.46,AS-JIA-01
2015-06-07,50.9,26614.6,AS-JIA-01
2015-06-08,48.9,30428.31,AS-JIA-01
2015-06-09,49.5,34924.92,AS-JIA-01
2015-06-10,54.7,36471.92,AS-JIA-01
2015-06-11,43.7,31555.01,AS-JIA-01
2015-06-12,23.0,28082.39,AS-JIA-01
2015-06-13,11.1,28014.05,AS-JIA-01
2015-06-14,13.7,29770.75,AS-JIA-01
2015-06-15,27.3,31402.53,AS-JIA-01
2015-06-16,13.2,31402.53,AS-JIA-01
2015-06-17,4.7,30281.01,AS-JIA-01
2015-06-18,13.8,29268.64,AS-JIA-01
2015-06-19,9.4,29055.9,AS-JIA-01
2015-06-20,19.1,29339.87,AS-JIA-01
2015-06-21,21.1,29411.27,AS-JIA-01
2015-06-22,37.0,29988.41,AS-JIA-01
2015-06-23,121.7,31939.32,AS-JIA-01
2015-06-24,11.7,30874.34,AS-JIA-01
2015-06-25,14.7,29197.57,AS-JIA-01
2015-06-26,15.1,28985.32,AS-JIA-01
2015-06-27,17.0,29268.64,AS-JIA-01
2015-06-28,26.3,30428.31,AS-JIA-01
2015-06-29,4.0,30576.3,AS-JIA-01
2015-06-30,5.4,31555.01,AS-JIA-01
2015-07-01,4.6,34423.33,AS-JIA-01
2015-07-02,10.9,34756.93,AS-JIA-01
2015-07-03,6.3,33602.57,AS-JIA-01
2015-07-04,20.9,34092.74,AS-JIA-01
2015-07-05,4.3,33683.79,AS-JIA-01
2015-07-06,0.0,31024.37,AS-JIA-01
2015-07-07,10.2,28704.6,AS-JIA-01
2015-07-08,2.0,26679.71,AS-JIA-01
2015-07-09,2.1,25034.45,AS-JIA-01
2015-07-10,3.7,24487.51,AS-JIA-01
2015-07-11,4.6,23775.65,AS-JIA-01
2015-07-12,2.8,23026.35,AS-JIA-01
2015-07-13,11.6,23484.79,AS-JIA-01
2015-07-14,34.4,27472.93,AS-JIA-01
2015-07-15,37.2,34340.4,AS-JIA-01
2015-07-16,0.0,32800.52,AS-JIA-01
2015-07-17,4.2,27607.27,AS-JIA-01
2015-07-18,1.2,24427.41,AS-JIA-01
2015-07-19,0.5,22632.07,AS-JIA-01
2015-07-20,11.8,22025.19,AS-JIA-01
2015-07-21,26.5,22189.16,AS-JIA-01
2015-07-22,35.4,22409.6,AS-JIA-01
2015-07-23,25.2,23484.79,AS-JIA-01
2015-07-24,11.3,23775.65,AS-JIA-01
2015-07-25,0.0,22299.14,AS-JIA-01
2015-07-26,0.0,20344.66,AS-JIA-01
2015-07-27,0.0,18830.56,AS-JIA-01
2015-07-28,2.1,17597.1,AS-JIA-01
2015-07-29,0.0,16647.23,AS-JIA-01
2015-07-30,0.6,15824.48,AS-JIA-01
2015-07-31,25.1,15624.65,AS-JIA-01
2015-08-01,12.1,15624.65,AS-JIA-01
2015-08-02,1.9,14810.02,AS-JIA-01
2015-08-03,4.0,14069.96,AS-JIA-01
2015-08-04,16.6,14361.9,AS-JIA-01
2015-08-05,7.6,15505.85,AS-JIA-01
2015-08-06,7.4,16605.19,AS-JIA-01
2015-08-07,9.3,17289.63,AS-JIA-01
2015-08-08,4.0,16987.08,AS-JIA-01
2015-08-09,3.4,15784.33,AS-JIA-01
2015-08-10,0.7,14847.92,AS-JIA-01
2015-08-11,9.8,14215.27,AS-JIA-01
2015-08-12,12.2,13925.99,AS-JIA-01
2015-08-13,8.7,14435.72,AS-JIA-01
2015-08-14,7.7,14547.12,AS-JIA-01
2015-08-15,7.5,15231.82,AS-JIA-01
2015-08-16,7.5,16987.08,AS-JIA-01
2015-08-17,11.0,21222.02,AS-JIA-01
2015-08-18,21.0,26549.64,AS-JIA-01
2015-08-19,32.1,32642.3,AS-JIA-01
2015-08-20,89.5,38822.83,AS-JIA-01
2015-08-21,47.3,36824.53,AS-JIA-01
2015-08-22,32.6,31862.11,AS-JIA-01
2015-08-23,61.0,29197.57,AS-JIA-01
2015-08-24,32.0,27272.55,AS-JIA-01
2015-08-25,13.4,25530.23,AS-JIA-01
2015-08-26,32.8,24608.07,AS-JIA-01
2015-08-27,17.1,24911.93,AS-JIA-01
2015-08-28,11.4,26941.67,AS-JIA-01
2015-08-29,21.3,32249.97,AS-JIA-01
2015-08-30,38.9,38636.96,AS-JIA-01
2015-08-31,63.8,39765.19,AS-JIA-01
2015-09-01,14.6,37180.38,AS-JIA-01
2015-09-02,4.4,34340.4,AS-JIA-01
2015-09-03,28.0,32016.7,AS-JIA-01
2015-09-04,11.3,29843.14,AS-JIA-01
2015-09-05,8.6,27742.23,AS-JIA-01
2015-09-06,11.7,26549.64,AS-JIA-01
2015-09-07,5.7,26099.03,AS-JIA-01
2015-09-08,5.6,25281.22,AS-JIA-01
2015-09-09,2.8,23775.65,AS-JIA-01
2015-09-10,14.5,22576.27,AS-JIA-01
2015-09-11,15.1,21862.34,AS-JIA-01
2015-09-12,9.2,21169.46,AS-JIA-01
2015-09-13,2.9,20856.59,AS-JIA-01
2015-09-14,21.2,20856.59,AS-JIA-01
2015-09-15,11.6,20446.09,AS-JIA-01
2015-09-16,5.4,19943.52,AS-JIA-01
2015-09-17,0.0,19163.09,AS-JIA-01
2015-09-18,0.0,18135.85,AS-JIA-01
2015-09-19,18.9,18410.86,AS-JIA-01
2015-09-20,26.8,19696.53,AS-JIA-01
2015-09-21,30.7,20294.11,AS-JIA-01
2015-09-22,39.3,21327.5,AS-JIA-01
2015-09-23,84.7,22520.57,AS-JIA-01
2015-09-24,21.7,23658.89,AS-JIA-01
2015-09-25,2.0,23775.65,AS-JIA-01
2015-09-26,0.2,22576.27,AS-JIA-01
2015-09-27,0.0,20294.11,AS-JIA-01
2015-09-28,0.0,18227.09,AS-JIA-01
2015-09-29,0.0,16731.6,AS-JIA-01
2015-09-30,0.2,15505.85,AS-JIA-01
2015-10-01,1.1,14509.9,AS-JIA-01
2015-10-02,4.2,13854.51,AS-JIA-01
2015-10-03,5.2,13536.87,AS-JIA-01
2015-10-04,0.0,12787.54,AS-JIA-01
2015-10-05,0.4,12012.26,AS-JIA-01
2015-10-06,0.2,11368.15,AS-JIA-01
2015-10-07,7.3,10955.72,AS-JIA-01
2015-10-08,1.7,10725.95,AS-JIA-01
2015-10-09,2.2,10697.53,AS-JIA-01
2015-10-10,18.6,11338.24,AS-JIA-01
2015-10-11,2.0,12075.23,AS-JIA-01
2015-10-12,0.0,11701.65,AS-JIA-01
2015-10-13,0.5,10697.53,AS-JIA-01
2015-10-14,1.7,9821.64,AS-JIA-01
2015-10-15,0.0,9131.21,AS-JIA-01
2015-10-16,1.7,8575.97,AS-JIA-01
2015-10-17,0.0,8116.48,AS-JIA-01
2015-10-18,0.0,7720.67,AS-JIA-01
2015-10-19,0.0,7320.28,AS-JIA-01
2015-10-20,0.0,6917.31,AS-JIA-01
2015-10-21,0.0,6532.48,AS-JIA-01
2015-10-22,0.8,6309.96,AS-JIA-01
2015-10-23,4.0,6309.96,AS-JIA-01
2015-10-24,0.2,6273.45,AS-JIA-01
2015-10-25,0.0,6005.04,AS-JIA-01
2015-10-26,0.0,5644.5,AS-JIA-01
2015-10-27,0.0,5285.03,AS-JIA-01
2015-10-28,0.0,4943.31,AS-JIA-01
2015-10-29,0.0,4632.88,AS-JIA-01
2015-10-30,0.0,4364.67,AS-JIA-01
2015-10-31,0.0,4107.93,AS-JIA-01
2015-11-01,0.0,3874.86,AS-JIA-01
2015-11-02,0.0,3663.42,AS-JIA-01
2015-11-03,0.7,3507.22,AS-JIA-01
2015-11-04,4.5,3724.75,AS-JIA-01
2015-11-05,2.1,4042.22,AS-JIA-01
2015-11-06,0.0,4255.2,AS-JIA-01
2015-11-07,0.0,4174.41,AS-JIA-01
2015-11-08,0.0,3951.47,AS-JIA-01
2015-11-09,0.0,3700.13,AS-JIA-01
2015-11-10,0.0,3448.39,AS-JIA-01
2015-11-11,0.0,3208.53,AS-JIA-01
2015-11-12,0.0,2990.63,AS-JIA-01
2015-11-13,0.0,2792.71,AS-JIA-01
2015-11-14,0.0,2622.82,AS-JIA-01
2015-11-15,0.0,2459.44,AS-JIA-01
2015-11-16,0.6,2338.76,AS-JIA-01
2015-11-17,0.3,2329.62,AS-JIA-01
2015-11-18,0.0,2266.27,AS-JIA-01
2015-11-19,0.0,2212.77,AS-JIA-01
2015-11-20,0.0,2186.29,AS-JIA-01
2015-11-21,0.0,2116.58,AS-JIA-01
2015-11-22,0.0,2006.0,AS-JIA-01
2015-11-23,0.0,1890.57,AS-JIA-01
2015-11-24,0.0,1770.95,AS-JIA-01
2015-11-25,0.0,1670.57,AS-JIA-01
2015-11-26,0.0,1573.15,AS-JIA-01
2015-11-27,0.0,1492.96,AS-JIA-01
2015-11-28,0.0,1428.85,AS-JIA-01
2015-11-29,0.0,1359.15,AS-JIA-01
2015-11-30,0.0,1297.78,AS-JIA-01
2015-12-01,0.0,1244.29,AS-JIA-01
2015-12-02,0.0,1198.29,AS-JIA-01
2015-12-03,3.2,1159.44,AS-JIA-01
2015-12-04,0.2,1153.01,AS-JIA-01
2015-12-05,0.2,1172.33,AS-JIA-01
2015-12-06,0.0,1204.81,AS-JIA-01
2015-12-07,0.0,1198.29,AS-JIA-01
2015-12-08,0.0,1153.01,AS-JIA-01
2015-12-09,0.0,1083.34,AS-JIA-01
2015-12-10,0.0,1015.4,AS-JIA-01
2015-12-11,2.6,979.06,AS-JIA-01
2015-12-12,5.3,1009.31,AS-JIA-01
2015-12-13,0.6,1077.09,AS-JIA-01
2015-12-14,1.1,1198.29,AS-JIA-01
2015-12-15,0.5,1284.32,AS-JIA-01
2015-12-16,0.0,1311.31,AS-JIA-01
2015-12-17,0.0,1324.9,AS-JIA-01
2015-12-18,0.2,1338.55,AS-JIA-01
2015-12-19,0.0,1291.04,AS-JIA-01
2015-12-20,0.0,1224.48,AS-JIA-01
2015-12-21,0.0,1185.27,AS-JIA-01
2015-12-22,0.0,1146.61,AS-JIA-01
2015-12-23,0.0,1095.88,AS-JIA-01
2015-12-24,0.0,1058.43,AS-JIA-01
2015-12-25,0.0,1015.4,AS-JIA-01
2015-12-26,0.0,961.08,AS-JIA-01
2015-12-27,0.0,907.87,AS-JIA-01
2015-12-28,0.0,861.5,AS-JIA-01
2015-12-29,0.0,810.34,AS-JIA-01
2015-12-30,0.0,771.28,AS-JIA-01
2015-12-31,0.1,738.29,AS-JIA-01
2016-01-01,0.0,705.75,AS-JIA-01
2016-01-02,0.0,678.98,AS-JIA-01
2016-01-03,0.0,678.98,AS-JIA-01
2016-01-04,0.0,673.66,AS-JIA-01
2016-01-05,0.0,647.26,AS-JIA-01
2016-01-06,0.0,605.64,AS-JIA-01
2016-01-07,0.0,569.85,AS-JIA-01
2016-01-08,1.6,549.65,AS-JIA-01
2016-01-09,7.2,554.68,AS-JIA-01
2016-01-10,0.0,569.85,AS-JIA-01
2016-01-11,0.0,615.97,AS-JIA-01
2016-01-12,0.0,673.66,AS-JIA-01
2016-01-13,0.0,684.31,AS-JIA-01
2016-01-14,0.0,642.02,AS-JIA-01
2016-01-15,0.2,585.11,AS-JIA-01
2016-01-16,1.5,544.63,AS-JIA-01
2016-01-17,0.0,509.81,AS-JIA-01
2016-01-18,0.0,470.71,AS-JIA-01
2016-01-19,2.4,451.41,AS-JIA-01
2016-01-20,5.0,446.62,AS-JIA-01
2016-01-21,0.0,461.04,AS-JIA-01
2016-01-22,0.0,480.41,AS-JIA-01
2016-01-23,0.0,514.76,AS-JIA-01
2016-01-24,0.0,539.62,AS-JIA-01
2016-01-25,1.5,539.62,AS-JIA-01
2016-01-26,2.0,514.76,AS-JIA-01
2016-01-27,0.5,490.17,AS-JIA-01
2016-01-28,0.0,485.28,AS-JIA-01
2016-01-29,0.0,480.41,AS-JIA-01
2016-01-30,0.0,465.87,AS-JIA-01
2016-01-31,0.0,451.41,AS-JIA-01
2016-02-01,0.0,437.06,AS-JIA-01
2016-02-02,0.3,437.06,AS-JIA-01
2016-02-03,2.0,451.41,AS-JIA-01
2016-02-04,0.0,470.71,AS-JIA-01
2016-02-05,0.0,490.17,AS-JIA-01
2016-02-06,0.0,504.89,AS-JIA-01
2016-02-07,0.0,485.28,AS-JIA-01
2016-02-08,0.9,461.04,AS-JIA-01
2016-02-09,9.0,490.17,AS-JIA-01
2016-02-10,4.6,631.57,AS-JIA-01
2016-02-11,2.5,850.04,AS-JIA-01
2016-02-12,3.7,1058.43,AS-JIA-01
2016-02-13,0.8,1257.57,AS-JIA-01
2016-02-14,0.8,1435.9,AS-JIA-01
2016-02-15,0.3,1507.39,AS-JIA-01
2016-02-16,0.0,1492.96,AS-JIA-01
2016-02-17,0.1,1407.77,AS-JIA-01
2016-02-18,0.5,1318.1,AS-JIA-01
2016-02-19,0.0,1264.23,AS-JIA-01
2016-02-20,5.4,1277.6,AS-JIA-01
2016-02-21,5.6,1507.39,AS-JIA-01
2016-02-22,0.2,2116.58,AS-JIA-01
2016-02-23,0.5,3900.28,AS-JIA-01
2016-02-24,0.8,4490.25,AS-JIA-01
2016-02-25,0.0,4016.14,AS-JIA-01
2016-02-26,0.0,3425.04,AS-JIA-01
2016-02-27,0.0,2937.7,AS-JIA-01
2016-02-28,0.0,2583.8,AS-JIA-01
2016-02-29,0.0,2311.41,AS-JIA-01
2016-03-01,0.4,2090.77,AS-JIA-01
2016-03-02,0.0,1915.0,AS-JIA-01
2016-03-03,0.4,1778.79,AS-JIA-01
2016-03-04,4.2,1670.57,AS-JIA-01
2016-03-05,0.0,1573.15,AS-JIA-01
2016-03-06,0.0,1478.59,AS-JIA-01
2016-03-07,4.0,1507.39,AS-JIA-01
2016-03-08,5.7,1739.74,AS-JIA-01
2016-03-09,1.5,2090.77,AS-JIA-01
2016-03-10,1.1,2554.77,AS-JIA-01
2016-03-11,0.1,2721.95,AS-JIA-01
2016-03-12,2.9,2622.82,AS-JIA-01
2016-03-13,1.1,2632.63,AS-JIA-01
2016-03-14,0.1,2752.14,AS-JIA-01
2016-03-15,0.0,3367.14,AS-JIA-01
2016-03-16,0.0,4561.16,AS-JIA-01
2016-03-17,0.0,5544.65,AS-JIA-01
2016-03-18,0.0,5511.67,AS-JIA-01
2016-03-19,0.0,4647.33,AS-JIA-01
2016-03-20,2.5,3990.19,AS-JIA-01
2016-03-21,6.2,3824.35,AS-JIA-01
2016-03-22,0.0,4228.14,AS-JIA-01
2016-03-23,0.0,4928.19,AS-JIA-01
2016-03-24,0.0,4988.89,AS-JIA-01
2016-03-25,0.0,4420.17,AS-JIA-01
2016-03-26,0.0,3849.55,AS-JIA-01
2016-03-27,7.0,3651.24,AS-JIA-01
2016-03-28,40.8,3913.04,AS-JIA-01
2016-03-29,6.5,4296.01,AS-JIA-01
2016-03-30,2.2,5190.11,AS-JIA-01
2016-03-31,9.8,5332.98,AS-JIA-01
2016-04-01,0.8,4838.16,AS-JIA-01
2016-04-02,0.0,4364.67,AS-JIA-01
2016-04-03,1.9,4029.17,AS-JIA-01
2016-04-04,2.6,3887.55,AS-JIA-01
2016-04-05,35.6,4309.68,AS-JIA-01
2016-04-06,15.1,6439.02,AS-JIA-01
2016-04-07,11.9,9716.64,AS-JIA-01
2016-04-08,3.2,12170.25,AS-JIA-01
2016-04-09,8.8,15945.49,AS-JIA-01
2016-04-10,0.2,15193.03,AS-JIA-01
2016-04-11,12.8,12988.14,AS-JIA-01
2016-04-12,0.8,12688.28,AS-JIA-01
2016-04-13,0.4,13642.02,AS-JIA-01
2016-04-14,18.8,14696.84,AS-JIA-01
2016-04-15,3.3,15387.86,AS-JIA-01
2016-04-16,14.6,14361.9,AS-JIA-01
2016-04-17,8.9,13501.98,AS-JIA-01
2016-04-18,12.7,12920.98,AS-JIA-01
2016-04-19,5.2,13055.65,AS-JIA-01
2016-04-20,55.2,14810.02,AS-JIA-01
2016-04-21,31.0,17464.73,AS-JIA-01
2016-04-22,19.4,20446.09,AS-JIA-01
2016-04-23,19.6,22520.57,AS-JIA-01
2016-04-24,2.6,23254.5,AS-JIA-01
2016-04-25,2.6,23834.21,AS-JIA-01
2016-04-26,3.1,21862.34,AS-JIA-01
2016-04-27,6.3,19163.09,AS-JIA-01
2016-04-28,15.7,18457.07,AS-JIA-01
2016-04-29,9.5,21222.02,AS-JIA-01
2016-04-30,9.7,22465.02,AS-JIA-01
2016-05-01,15.7,21486.67,AS-JIA-01
2016-05-02,1.4,19647.48,AS-JIA-01
2016-05-03,0.0,17333.25,AS-JIA-01
2016-05-04,3.3,15466.44,AS-JIA-01
2016-05-05,8.3,14288.42,AS-JIA-01
2016-05-06,15.3,13536.87,AS-JIA-01
2016-05-07,8.2,13021.85,AS-JIA-01
2016-05-08,2.0,12556.97,AS-JIA-01
2016-05-09,0.0,12043.72,AS-JIA-01
2016-05-10,0.0,11458.27,AS-JIA-01
2016-05-11,11.6,10811.63,AS-JIA-01
2016-05-12,6.3,10333.9,AS-JIA-01
2016-05-13,29.6,10278.93,AS-JIA-01
2016-05-14,47.3,10840.31,AS-JIA-01
2016-05-15,61.1,12721.28,AS-JIA-01
2016-05-16,81.5,16149.03,AS-JIA-01
2016-05-17,47.4,20753.25,AS-JIA-01
2016-05-18,33.8,24427.41,AS-JIA-01
2016-05-19,0.1,23427.02,AS-JIA-01
2016-05-20,13.5,19598.55,AS-JIA-01
2016-05-21,16.4,17730.39,AS-JIA-01
2016-05-22,2.5,17597.1,AS-JIA-01
2016-05-23,0.0,16563.25,AS-JIA-01
2016-05-24,10.4,15466.44,AS-JIA-01
2016-05-25,28.2,15309.66,AS-JIA-01
2016-05-26,9.3,16149.03,AS-JIA-01
2016-05-27,2.3,16689.37,AS-JIA-01
2016-05-28,9.1,15545.36,AS-JIA-01
2016-05-29,18.0,14325.11,AS-JIA-01
2016-05-30,7.0,13997.82,AS-JIA-01
2016-05-31,4.4,14251.8,AS-JIA-01
2016-06-01,0.9,13890.21,AS-JIA-01
2016-06-02,0.0,12954.52,AS-JIA-01
2016-06-03,0.5,11949.55,AS-JIA-01
2016-06-04,5.9,11278.65,AS-JIA-01
2016-06-05,14.4,11398.12,AS-JIA-01
2016-06-06,7.4,11918.31,AS-JIA-01
2016-06-07,6.4,12491.78,AS-JIA-01
2016-06-08,6.8,12954.52,AS-JIA-01
2016-06-09,5.9,13606.88,AS-JIA-01
2016-06-10,2.5,14288.42,AS-JIA-01
2016-06-11,2.9,14325.11,AS-JIA-01
2016-06-12,8.7,13783.35,AS-JIA-01
2016-06-13,34.2,14847.92,AS-JIA-01
2016-06-14,22.3,16190.02,AS-JIA-01
2016-06-15,4.9,16689.37,AS-JIA-01
2016-06-16,5.0,17641.42,AS-JIA-01
2016-06-17,22.3,19403.88,AS-JIA-01
2016-06-18,23.8,20701.77,AS-JIA-01
2016-06-19,2.2,22244.1,AS-JIA-01
2016-06-20,7.9,26420.13,AS-JIA-01
2016-06-21,6.5,30724.99,AS-JIA-01
2016-06-22,5.2,31250.76,AS-JIA-01
2016-06-23,19.8,30134.36,AS-JIA-01
2016-06-24,2.6,29554.55,AS-JIA-01
2016-06-25,2.0,29411.27,AS-JIA-01
2016-06-26,4.0,29482.82,AS-JIA-01
2016-06-27,11.0,29988.41,AS-JIA-01
2016-06-28,10.6,30207.63,AS-JIA-01
2016-06-29,17.8,31099.65,AS-JIA-01
2016-06-30,11.9,36209.63,AS-JIA-01
2016-07-01,12.4,41616.53,AS-JIA-01
2016-07-02,21.0,41517.07,AS-JIA-01
2016-07-03,26.5,40925.02,AS-JIA-01
2016-07-04,23.2,38544.35,AS-JIA-01
2016-07-05,5.9,35009.19,AS-JIA-01
2016-07-06,2.1,32721.34,AS-JIA-01
2016-07-07,1.5,31631.54,AS-JIA-01
2016-07-08,2.8,31631.54,AS-JIA-01
2016-07-09,9.8,32016.7,AS-JIA-01
2016-07-10,4.2,31175.13,AS-JIA-01
2016-07-11,12.0,29988.41,AS-JIA-01
2016-07-12,11.5,29554.55,AS-JIA-01
2016-07-13,5.4,29698.53,AS-JIA-01
2016-07-14,6.6,30428.31,AS-JIA-01
2016-07-15,33.5,31862.11,AS-JIA-01
2016-07-16,12.7,32642.3,AS-JIA-01
2016-07-17,19.0,31939.32,AS-JIA-01
2016-07-18,20.2,32642.3,AS-JIA-01
2016-07-19,27.4,33199.25,AS-JIA-01
2016-07-20,10.7,31402.53,AS-JIA-01
2016-07-21,9.1,31478.68,AS-JIA-01
2016-07-22,25.6,36913.17,AS-JIA-01
2016-07-23,15.1,41318.78,AS-JIA-01
2016-07-24,19.9,40925.02,AS-JIA-01
2016-07-25,30.0,39669.98,AS-JIA-01
2016-07-26,9.9,37180.38,AS-JIA-01
2016-07-27,2.8,33199.25,AS-JIA-01
2016-07-28,4.0,30281.01,AS-JIA-01
2016-07-29,6.8,28150.88,AS-JIA-01
2016-07-30,1.8,26614.6,AS-JIA-01
2016-07-31,4.2,25467.76,AS-JIA-01
2016-08-01,0.6,24188.5,AS-JIA-01
2016-08-02,8.0,23026.35,AS-JIA-01
2016-08-03,1.5,22025.19,AS-JIA-01
2016-08-04,3.7,21486.67,AS-JIA-01
2016-08-05,4.5,21433.48,AS-JIA-01
2016-08-06,28.8,21700.59,AS-JIA-01
2016-08-07,10.1,21700.59,AS-JIA-01
2016-08-08,2.9,20908.43,AS-JIA-01
2016-08-09,4.6,20143.18,AS-JIA-01
2016-08-10,3.6,19452.37,AS-JIA-01
2016-08-11,0.4,18736.55,AS-JIA-01
2016-08-12,5.1,17954.63,AS-JIA-01
2016-08-13,12.6,17289.63,AS-JIA-01
2016-08-14,5.8,16858.91,AS-JIA-01
2016-08-15,5.8,16437.97,AS-JIA-01
2016-08-16,0.9,16067.34,AS-JIA-01
2016-08-17,10.7,15704.31,AS-JIA-01
2016-08-18,1.9,15077.2,AS-JIA-01
2016-08-19,0.4,14361.9,AS-JIA-01
2016-08-20,0.0,13747.9,AS-JIA-01
2016-08-21,12.6,13783.35,AS-JIA-01
2016-08-22,0.0,13677.23,AS-JIA-01
2016-08-23,0.1,13021.85,AS-JIA-01
2016-08-24,0.4,12330.09,AS-JIA-01
2016-08-25,8.6,11732.38,AS-JIA-01
2016-08-26,3.2,11248.95,AS-JIA-01
2016-08-27,6.2,10782.99,AS-JIA-01
2016-08-28,8.7,10389.13,AS-JIA-01
2016-08-29,8.3,10389.13,AS-JIA-01
2016-08-30,12.9,10754.44,AS-JIA-01
2016-08-31,14.0,11887.16,AS-JIA-01
2016-09-01,13.4,15038.76,AS-JIA-01
2016-09-02,15.7,20599.15,AS-JIA-01
2016-09-03,18.9,22354.3,AS-JIA-01
2016-09-04,18.0,20753.25,AS-JIA-01
2016-09-05,13.5,19745.7,AS-JIA-01
2016-09-06,8.5,19403.88,AS-JIA-01
2016-09-07,19.1,19452.37,AS-JIA-01
2016-09-08,7.7,20294.11,AS-JIA-01
2016-09-09,12.6,21539.96,AS-JIA-01
2016-09-10,16.3,20294.11,AS-JIA-01
2016-09-11,3.0,18457.07,AS-JIA-01
2016-09-12,2.1,17159.38,AS-JIA-01
2016-09-13,2.3,16067.34,AS-JIA-01
2016-09-14,3.4,15115.72,AS-JIA-01
2016-09-15,9.3,14435.72,AS-JIA-01
2016-09-16,11.1,14033.85,AS-JIA-01
2016-09-17,11.2,13961.87,AS-JIA-01
2016-09-18,12.3,14251.8,AS-JIA-01
2016-09-19,22.3,14847.92,AS-JIA-01
2016-09-20,22.0,15000.43,AS-JIA-01
2016-09-21,25.7,15154.32,AS-JIA-01
2016-09-22,27.0,17030.0,AS-JIA-01
2016-09-23,7.1,20093.07,AS-JIA-01
2016-09-24,12.3,22969.64,AS-JIA-01
2016-09-25,17.7,22800.26,AS-JIA-01
2016-09-26,9.7,21222.02,AS-JIA-01
2016-09-27,0.3,19259.07,AS-JIA-01
2016-09-28,0.0,17552.86,AS-JIA-01
2016-09-29,2.8,16396.41,AS-JIA-01
2016-09-30,4.0,15986.02,AS-JIA-01
2016-10-01,5.6,15154.32,AS-JIA-01
2016-10-02,3.4,14288.42,AS-JIA-01
2016-10-03,2.1,13432.43,AS-JIA-01
2016-10-04,0.0,12688.28,AS-JIA-01
2016-10-05,0.4,12043.72,AS-JIA-01
2016-10-06,0.6,11458.27,AS-JIA-01
2016-10-07,15.7,11278.65,AS-JIA-01
2016-10-08,12.6,11887.16,AS-JIA-01
2016-10-09,18.2,13997.82,AS-JIA-01
2016-10-10,17.0,17289.63,AS-JIA-01
2016-10-11,27.0,20143.18,AS-JIA-01
2016-10-12,75.2,21970.78,AS-JIA-01
2016-10-13,22.4,21754.37,AS-JIA-01
2016-10-14,0.0,19598.55,AS-JIA-01
2016-10-15,0.0,16901.53,AS-JIA-01
2016-10-16,0.0,14962.17,AS-JIA-01
2016-10-17,0.0,13606.88,AS-JIA-01
2016-10-18,0.0,12589.68,AS-JIA-01
2016-10-19,0.0,11732.38,AS-JIA-01
2016-10-20,0.0,10984.75,AS-JIA-01
2016-10-21,0.0,10306.38,AS-JIA-01
2016-10-22,0.0,9664.49,AS-JIA-01
2016-10-23,0.0,9106.44,AS-JIA-01
2016-10-24,0.0,8552.49,AS-JIA-01
2016-10-25,0.0,8071.7,AS-JIA-01
2016-10-26,0.1,7656.28,AS-JIA-01
2016-10-27,3.3,7465.76,AS-JIA-01
2016-10-28,0.3,7613.6,AS-JIA-01
2016-10-29,0.0,7465.76,AS-JIA-01
2016-10-30,0.0,7116.47,AS-JIA-01
2016-10-31,0.0,6703.47,AS-JIA-01
2016-11-01,0.0,6309.96,AS-JIA-01
2016-11-02,0.0,5935.02,AS-JIA-01
2016-11-03,0.0,5594.4,AS-JIA-01
2016-11-04,0.0,5285.03,AS-JIA-01
2016-11-05,0.0,4988.89,AS-JIA-01
2016-11-06,0.0,4778.83,AS-JIA-01
2016-11-07,0.0,4764.08,AS-JIA-01
2016-11-08,0.1,4705.44,AS-JIA-01
2016-11-09,0.0,4589.75,AS-JIA-01
2016-11-10,0.0,4378.49,AS-JIA-01
2016-11-11,0.0,4121.17,AS-JIA-01
2016-11-12,0.0,3874.86,AS-JIA-01
2016-11-13,0.0,3675.63,AS-JIA-01
2016-11-14,0.0,3507.22,AS-JIA-01
2016-11-15,0.0,3344.17,AS-JIA-01
2016-11-16,0.0,3219.69,AS-JIA-01
2016-11-17,0.0,3109.23,AS-JIA-01
2016-11-18,0.0,2990.63,AS-JIA-01
2016-11-19,0.0,2854.28,AS-JIA-01
2016-11-20,0.0,2701.94,AS-JIA-01
2016-11-21,0.0,2554.77,AS-JIA-01
2016-11-22,0.0,2412.6,AS-JIA-01
2016-11-23,0.0,2275.25,AS-JIA-01
2016-11-24,0.0,2151.28,AS-JIA-01
2016-11-25,0.0,2039.68,AS-JIA-01
2016-11-26,0.0,1923.17,AS-JIA-01
2016-11-27,0.0,1834.23,AS-JIA-01
2016-11-28,0.0,1755.31,AS-JIA-01
2016-11-29,0.0,1678.18,AS-JIA-01
2016-11-30,0.0,1610.28,AS-JIA-01
2016-12-01,0.0,1565.78,AS-JIA-01
2016-12-02,0.0,1551.08,AS-JIA-01
2016-12-03,0.0,1521.88,AS-JIA-01
2016-12-04,0.0,1464.3,AS-JIA-01
2016-12-05,0.0,1421.81,AS-JIA-01
2016-12-06,0.0,1372.96,AS-JIA-01
2016-12-07,0.0,1311.31,AS-JIA-01
2016-12-08,0.0,1244.29,AS-JIA-01
2016-12-09,0.0,1185.27,AS-JIA-01
2016-12-10,0.0,1127.47,AS-JIA-01
2016-12-11,0.0,1070.86,AS-JIA-01
2016-12-12,0.0,1021.51,AS-JIA-01
2016-12-13,0.0,979.06,AS-JIA-01
2016-12-14,0.0,931.39,AS-JIA-01
2016-12-15,0.0,890.39,AS-JIA-01
2016-12-16,0.0,855.77,AS-JIA-01
2016-12-17,0.0,815.97,AS-JIA-01
2016-12-18,0.0,787.94,AS-JIA-01
2016-12-19,0.1,754.73,AS-JIA-01
2016-12-20,0.6,727.39,AS-JIA-01
2016-12-21,0.0,700.37,AS-JIA-01
2016-12-22,0.0,678.98,AS-JIA-01
2016-12-23,0.0,657.79,AS-JIA-01
2016-12-24,1.2,657.79,AS-JIA-01
2016-12-25,0.7,749.23,AS-JIA-01
2016-12-26,9.9,855.77,AS-JIA-01
2016-12-27,0.0,919.6,AS-JIA-01
2016-12-28,0.0,1046.06,AS-JIA-01
2016-12-29,0.0,1102.17,AS-JIA-01
2016-12-30,0.0,1033.76,AS-JIA-01
2016-12-31,0.0,943.23,AS-JIA-01
2017-01-01,0.0,867.25,AS-JIA-01
2017-01-02,0.0,804.72,AS-JIA-01
2017-01-03,0.0,754.73,AS-JIA-01
2017-01-04,0.0,716.55,AS-JIA-01
2017-01-05,0.0,689.66,AS-JIA-01
2017-01-06,0.0,668.36,AS-JIA-01
2017-01-07,0.0,652.52,AS-JIA-01
2017-01-08,0.0,642.02,AS-JIA-01
2017-01-09,0.0,636.79,AS-JIA-01
2017-01-10,0.0,631.57,AS-JIA-01
2017-01-11,0.4,636.79,AS-JIA-01
2017-01-12,0.0,642.02,AS-JIA-01
2017-01-13,0.0,663.06,AS-JIA-01
2017-01-14,0.0,678.98,AS-JIA-01
2017-01-15,0.0,663.06,AS-JIA-01
2017-01-16,0.0,631.57,AS-JIA-01
2017-01-17,0.0,610.8,AS-JIA-01
2017-01-18,0.0,590.23,AS-JIA-01
2017-01-19,0.0,559.73,AS-JIA-01
2017-01-20,0.0,534.63,AS-JIA-01
2017-01-21,0.0,514.76,AS-JIA-01
2017-01-22,0.0,490.17,AS-JIA-01
2017-01-23,0.0,465.87,AS-JIA-01
2017-01-24,0.0,446.62,AS-JIA-01
2017-01-25,0.0,422.82,AS-JIA-01
2017-01-26,0.0,399.28,AS-JIA-01
2017-01-27,0.0,380.66,AS-JIA-01
2017-01-28,2.3,366.79,AS-JIA-01
2017-01-29,0.0,357.6,AS-JIA-01
2017-01-30,0.0,353.03,AS-JIA-01
2017-01-31,2.5,362.2,AS-JIA-01
2017-02-01,0.0,376.02,AS-JIA-01
2017-02-02,0.0,389.95,AS-JIA-01
2017-02-03,0.0,385.29,AS-JIA-01
2017-02-04,0.0,376.02,AS-JIA-01
2017-02-05,0.0,366.79,AS-JIA-01
2017-02-06,0.1,357.6,AS-JIA-01
2017-02-07,0.4,316.78,AS-JIA-01
2017-02-08,0.0,250.58,AS-JIA-01
2017-02-09,0.0,211.95,AS-JIA-01
2017-02-10,0.2,246.25,AS-JIA-01
2017-02-11,0.4,268.01,AS-JIA-01
2017-02-12,0.0,294.45,AS-JIA-01
2017-02-13,0.0,353.03,AS-JIA-01
2017-02-14,0.0,389.95,AS-JIA-01
2017-02-15,0.0,376.02,AS-JIA-01
2017-02-16,0.0,334.82,AS-JIA-01
2017-02-17,0.0,294.45,AS-JIA-01
2017-02-18,0.0,254.93,AS-JIA-01
2017-02-19,0.2,224.74,AS-JIA-01
2017-02-20,31.5,422.82,AS-JIA-01
2017-02-21,16.6,705.75,AS-JIA-01
2017-02-22,10.7,1133.84,AS-JIA-01
2017-02-23,0.0,2099.35,AS-JIA-01
2017-02-24,0.0,3460.1,AS-JIA-01
2017-02-25,0.0,3448.39,AS-JIA-01
2017-02-26,0.1,2813.14,AS-JIA-01
2017-02-27,0.0,2302.35,AS-JIA-01
2017-02-28,0.0,1964.35,AS-JIA-01
2017-03-01,0.0,1747.52,AS-JIA-01
2017-03-02,2.8,1693.47,AS-JIA-01
2017-03-03,0.2,1708.82,AS-JIA-01
2017-03-04,0.0,2039.68,AS-JIA-01
2017-03-05,29.6,3749.49,AS-JIA-01
2017-03-06,0.1,5935.02,AS-JIA-01
2017-03-07,0.0,6291.69,AS-JIA-01
2017-03-08,0.3,5495.24,AS-JIA-01
2017-03-09,13.8,4647.33,AS-JIA-01
2017-03-10,13.4,4228.14,AS-JIA-01
2017-03-11,14.7,4406.24,AS-JIA-01
2017-03-12,0.4,5237.4,AS-JIA-01
2017-03-13,0.0,6040.3,AS-JIA-01
2017-03-14,0.0,6040.3,AS-JIA-01
2017-03-15,0.0,5269.12,AS-JIA-01
2017-03-16,0.2,4561.16,AS-JIA-01
2017-03-17,4.2,4147.72,AS-JIA-01
2017-03-18,7.2,4134.43,AS-JIA-01
2017-03-19,3.0,4504.37,AS-JIA-01
2017-03-20,2.5,4749.37,AS-JIA-01
2017-03-21,0.0,4504.37,AS-JIA-01
2017-03-22,0.0,4107.93,AS-JIA-01
2017-03-23,0.0,3737.1,AS-JIA-01
2017-03-24,6.0,3471.84,AS-JIA-01
2017-03-25,3.8,3275.88,AS-JIA-01
2017-03-26,5.5,3142.1,AS-JIA-01
2017-03-27,2.6,3054.95,AS-JIA-01
2017-03-28,4.5,3054.95,AS-JIA-01
2017-03-29,25.1,3519.08,AS-JIA-01
2017-03-30,4.2,4296.01,AS-JIA-01
2017-03-31,14.1,4913.09,AS-JIA-01
2017-04-01,35.6,6328.27,AS-JIA-01
2017-04-02,61.3,8910.43,AS-JIA-01
2017-04-03,30.1,13328.73,AS-JIA-01
2017-04-04,26.4,15466.44,AS-JIA-01
2017-04-05,0.0,13294.32,AS-JIA-01
2017-04-06,0.0,10528.34,AS-JIA-01
2017-04-07,6.0,8694.17,AS-JIA-01
2017-04-08,5.3,7850.78,AS-JIA-01
2017-04-09,3.1,8459.11,AS-JIA-01
2017-04-10,0.9,11042.99,AS-JIA-01
2017-04-11,0.0,11458.27,AS-JIA-01
2017-04-12,0.0,9742.8,AS-JIA-01
2017-04-13,0.8,8161.49,AS-JIA-01
2017-04-14,1.6,7136.64,AS-JIA-01
2017-04-15,14.7,6722.69,AS-JIA-01
2017-04-16,2.0,6476.27,AS-JIA-01
2017-04-17,0.0,6237.14,AS-JIA-01
2017-04-18,0.6,5831.18,AS-JIA-01
2017-04-19,23.9,5917.61,AS-JIA-01
2017-04-20,6.3,6532.48,AS-JIA-01
2017-04-21,3.9,7016.32,AS-JIA-01
2017-04-22,15.4,7036.26,AS-JIA-01
2017-04-23,25.9,6878.02,AS-JIA-01
2017-04-24,9.8,7634.91,AS-JIA-01
2017-04-25,17.7,11579.4,AS-JIA-01
2017-04-26,2.9,18596.34,AS-JIA-01
2017-04-27,5.6,21646.91,AS-JIA-01
2017-04-28,15.6,22800.26,AS-JIA-01
2017-04-29,17.5,21064.67,AS-JIA-01
2017-04-30,11.4,17464.73,AS-JIA-01
2017-05-01,1.1,15038.76,AS-JIA-01
2017-05-02,3.6,14215.27,AS-JIA-01
2017-05-03,0.3,14106.16,AS-JIA-01
2017-05-04,20.1,13328.73,AS-JIA-01
2017-05-05,10.0,13571.84,AS-JIA-01
2017-05-06,7.6,15348.72,AS-JIA-01
2017-05-07,2.1,15038.76,AS-JIA-01
2017-05-08,1.6,13363.21,AS-JIA-01
2017-05-09,5.6,11887.16,AS-JIA-01
2017-05-10,9.1,10897.89,AS-JIA-01
2017-05-11,1.0,10251.53,AS-JIA-01
2017-05-12,0.0,9716.64,AS-JIA-01
2017-05-13,0.3,9280.95,AS-JIA-01
2017-05-14,2.5,9007.98,AS-JIA-01
2017-05-15,6.0,8861.98,AS-JIA-01
2017-05-16,2.1,8741.85,AS-JIA-01
2017-05-17,1.7,8505.68,AS-JIA-01
2017-05-18,4.4,8343.58,AS-JIA-01
2017-05-19,7.8,8741.85,AS-JIA-01
2017-05-20,12.4,10061.51,AS-JIA-01
2017-05-21,4.9,11189.77,AS-JIA-01
2017-05-22,5.3,11488.45,AS-JIA-01
2017-05-23,5.2,11072.21,AS-JIA-01
2017-05-24,5.0,11013.83,AS-JIA-01
2017-05-25,11.2,11701.65,AS-JIA-01
2017-05-26,0.7,12138.51,AS-JIA-01
2017-05-27,0.4,11579.4,AS-JIA-01
2017-05-28,0.2,11130.85,AS-JIA-01
2017-05-29,15.7,10669.17,AS-JIA-01
2017-05-30,72.1,13571.84,AS-JIA-01
2017-05-31,11.6,21754.37,AS-JIA-01
2017-06-01,2.2,24973.12,AS-JIA-01
2017-06-02,21.1,25655.59,AS-JIA-01
2017-06-03,25.6,28774.56,AS-JIA-01
2017-06-04,4.1,27877.84,AS-JIA-01
2017-06-05,4.0,22744.07,AS-JIA-01
2017-06-06,0.0,18783.5,AS-JIA-01
2017-06-07,0.9,16647.23,AS-JIA-01
2017-06-08,14.8,15584.96,AS-JIA-01
2017-06-09,3.1,14962.17,AS-JIA-01
2017-06-10,3.5,14547.12,AS-JIA-01
2017-06-11,18.2,14435.72,AS-JIA-01
2017-06-12,18.2,16479.62,AS-JIA-01
2017-06-13,84.9,24427.41,AS-JIA-01
2017-06-14,1.2,31175.13,AS-JIA-01
2017-06-15,12.1,29126.64,AS-JIA-01
2017-06-16,47.5,26614.6,AS-JIA-01
2017-06-17,56.3,26549.64,AS-JIA-01
2017-06-18,20.8,26941.67,AS-JIA-01
2017-06-19,12.0,28495.77,AS-JIA-01
2017-06-20,8.6,28634.83,AS-JIA-01
2017-06-21,16.8,26679.71,AS-JIA-01
2017-06-22,12.2,25781.58,AS-JIA-01
2017-06-23,5.3,25781.58,AS-JIA-01
2017-06-24,10.5,26420.13,AS-JIA-01
2017-06-25,22.1,27945.86,AS-JIA-01
2017-06-26,14.3,30874.34,AS-JIA-01
2017-06-27,23.9,31326.56,AS-JIA-01
2017-06-28,35.9,30724.99,AS-JIA-01
2017-06-29,21.7,32328.08,AS-JIA-01
2017-06-30,127.8,38544.35,AS-JIA-01
2017-07-01,36.6,43759.21,AS-JIA-01
2017-07-02,30.8,43654.81,AS-JIA-01
2017-07-03,35.9,43343.03,AS-JIA-01
2017-07-04,19.9,42218.2,AS-JIA-01
2017-07-05,7.6,41517.07,AS-JIA-01
2017-07-06,7.1,40632.03,AS-JIA-01
2017-07-07,21.5,40534.83,AS-JIA-01
2017-07-08,25.2,43863.84,AS-JIA-01
2017-07-09,55.5,50006.44,AS-JIA-01
2017-07-10,16.7,52191.64,AS-JIA-01
2017-07-11,12.5,47005.65,AS-JIA-01
2017-07-12,0.3,40341.1,AS-JIA-01
2017-07-13,10.6,36035.77,AS-JIA-01
2017-07-14,11.3,33440.68,AS-JIA-01
2017-07-15,1.8,31708.22,AS-JIA-01
2017-07-16,1.1,30650.57,AS-JIA-01
2017-07-17,0.3,29482.82,AS-JIA-01
2017-07-18,3.5,28495.77,AS-JIA-01
2017-07-19,17.3,28150.88,AS-JIA-01
2017-07-20,14.9,28150.88,AS-JIA-01
2017-07-21,2.2,28014.05,AS-JIA-01
2017-07-22,17.8,27406.0,AS-JIA-01
2017-07-23,55.9,27272.55,AS-JIA-01
2017-07-24,11.2,27007.56,AS-JIA-01
2017-07-25,5.8,25718.53,AS-JIA-01
2017-07-26,11.8,24367.47,AS-JIA-01
2017-07-27,6.7,23484.79,AS-JIA-01
2017-07-28,26.7,22800.26,AS-JIA-01
2017-07-29,9.9,22189.16,AS-JIA-01
2017-07-30,6.9,21380.43,AS-JIA-01
2017-07-31,7.1,20599.15,AS-JIA-01
2017-08-01,33.8,20548.02,AS-JIA-01
2017-08-02,21.4,21117.0,AS-JIA-01
2017-08-03,36.1,21916.49,AS-JIA-01
2017-08-04,12.5,21700.59,AS-JIA-01
2017-08-05,21.2,21064.67,AS-JIA-01
2017-08-06,16.8,20753.25,AS-JIA-01
2017-08-07,12.8,21117.0,AS-JIA-01
2017-08-08,3.8,22744.07,AS-JIA-01
2017-08-09,17.6,26810.39,AS-JIA-01
2017-08-10,91.3,37901.96,AS-JIA-01
2017-08-11,82.4,48599.11,AS-JIA-01
2017-08-12,42.3,45354.38,AS-JIA-01
2017-08-13,31.6,37901.96,AS-JIA-01
2017-08-14,9.4,32800.52,AS-JIA-01
2017-08-15,19.2,30207.63,AS-JIA-01
2017-08-16,7.6,28844.65,AS-JIA-01
2017-08-17,1.1,27540.03,AS-JIA-01
2017-08-18,13.9,26875.95,AS-JIA-01
2017-08-19,1.9,27206.08,AS-JIA-01
2017-08-20,11.2,25908.1,AS-JIA-01
2017-08-21,11.0,24307.69,AS-JIA-01
2017-08-22,5.5,23083.19,AS-JIA-01
2017-08-23,1.1,21916.49,AS-JIA-01
2017-08-24,0.8,20804.87,AS-JIA-01
2017-08-25,2.7,19794.98,AS-JIA-01
2017-08-26,45.8,19452.37,AS-JIA-01
2017-08-27,4.3,19163.09,AS-JIA-01
2017-08-28,11.5,18457.07,AS-JIA-01
2017-08-29,13.8,17909.55,AS-JIA-01
2017-08-30,27.8,17333.25,AS-JIA-01
2017-08-31,22.6,16944.25,AS-JIA-01
2017-09-01,23.0,17073.04,AS-JIA-01
2017-09-02,26.8,18135.85,AS-JIA-01
2017-09-03,28.3,20701.77,AS-JIA-01
2017-09-04,6.2,23427.02,AS-JIA-01
2017-09-05,4.9,24973.12,AS-JIA-01
2017-09-06,12.3,23658.89,AS-JIA-01
2017-09-07,11.6,21274.7,AS-JIA-01
2017-09-08,13.0,20193.37,AS-JIA-01
2017-09-09,55.7,21754.37,AS-JIA-01
2017-09-10,40.9,21970.78,AS-JIA-01
2017-09-11,15.2,20804.87,AS-JIA-01
2017-09-12,12.8,19893.9,AS-JIA-01
2017-09-13,9.6,19259.07,AS-JIA-01
2017-09-14,1.7,18227.09,AS-JIA-01
2017-09-15,0.5,17116.15,AS-JIA-01
2017-09-16,0.0,16108.14,AS-JIA-01
2017-09-17,50.0,15427.09,AS-JIA-01
2017-09-18,2.4,14923.99,AS-JIA-01
2017-09-19,33.2,14659.27,AS-JIA-01
2017-09-20,37.1,14547.12,AS-JIA-01
2017-09-21,4.8,14547.12,AS-JIA-01
2017-09-22,6.2,15348.72,AS-JIA-01
2017-09-23,9.7,16479.62,AS-JIA-01
2017-09-24,6.4,16689.37,AS-JIA-01
2017-09-25,3.7,16026.63,AS-JIA-01
2017-09-26,1.8,14847.92,AS-JIA-01
2017-09-27,0.6,13747.9,AS-JIA-01
2017-09-28,16.8,13123.45,AS-JIA-01
2017-09-29,38.8,13363.21,AS-JIA-01
2017-09-30,9.9,14033.85,AS-JIA-01
2017-10-01,22.1,15231.82,AS-JIA-01
2017-10-02,15.6,16731.6,AS-JIA-01
2017-10-03,11.9,17552.86,AS-JIA-01
2017-10-04,0.4,16944.25,AS-JIA-01
2017-10-05,0.0,15387.86,AS-JIA-01
2017-10-06,0.5,13890.21,AS-JIA-01
2017-10-07,7.9,12887.51,AS-JIA-01
2017-10-08,8.0,12233.97,AS-JIA-01
2017-10-09,0.8,11670.98,AS-JIA-01
2017-10-10,0.7,11101.49,AS-JIA-01
2017-10-11,0.1,10584.48,AS-JIA-01
2017-10-12,43.2,10251.53,AS-JIA-01
2017-10-13,17.0,10556.39,AS-JIA-01
2017-10-14,6.7,11856.06,AS-JIA-01
2017-10-15,5.3,15348.72,AS-JIA-01
2017-10-16,0.3,16149.03,AS-JIA-01
2017-10-17,0.0,13925.99,AS-JIA-01
2017-10-18,0.0,11980.88,AS-JIA-01
2017-10-19,1.5,10754.44,AS-JIA-01
2017-10-20,13.2,10115.49,AS-JIA-01
2017-10-21,45.5,11763.19,AS-JIA-01
2017-10-22,0.9,14398.77,AS-JIA-01
2017-10-23,7.1,14734.47,AS-JIA-01
2017-10-24,6.6,14142.44,AS-JIA-01
2017-10-25,2.1,13123.45,AS-JIA-01
2017-10-26,0.0,11825.04,AS-JIA-01
2017-10-27,0.0,10754.44,AS-JIA-01
2017-10-28,0.0,9901.05,AS-JIA-01
2017-10-29,0.1,9156.01,AS-JIA-01
2017-10-30,30.4,8575.97,AS-JIA-01
2017-10-31,0.0,8229.39,AS-JIA-01
2017-11-01,0.0,8027.1,AS-JIA-01
2017-11-02,0.0,7699.15,AS-JIA-01
2017-11-03,0.0,7279.14,AS-JIA-01
2017-11-04,0.0,6838.92,AS-JIA-01
2017-11-05,0.0,6420.45,AS-JIA-01
2017-11-06,0.0,6040.3,AS-JIA-01
2017-11-07,0.0,5678.09,AS-JIA-01
2017-11-08,0.0,5349.04,AS-JIA-01
2017-11-09,0.0,5034.8,AS-JIA-01
2017-11-10,0.0,4734.69,AS-JIA-01
2017-11-11,0.0,4462.12,AS-JIA-01
2017-11-12,0.0,4201.22,AS-JIA-01
2017-11-13,0.0,3964.35,AS-JIA-01
2017-11-14,0.0,3737.1,AS-JIA-01
2017-11-15,0.0,3519.08,AS-JIA-01
2017-11-16,0.0,3309.9,AS-JIA-01
2017-11-17,0.0,3120.16,AS-JIA-01
2017-11-18,0.0,2948.23,AS-JIA-01
2017-11-19,0.0,2823.39,AS-JIA-01
2017-11-20,0.1,2742.04,AS-JIA-01
2017-11-21,0.2,2662.19,AS-JIA-01
2017-11-22,0.0,2603.27,AS-JIA-01
2017-11-23,0.6,2535.53,AS-JIA-01
2017-11-24,0.0,2459.44,AS-JIA-01
2017-11-25,0.0,2384.75,AS-JIA-01
2017-11-26,0.0,2293.29,AS-JIA-01
2017-11-27,4.7,2195.1,AS-JIA-01
2017-11-28,0.4,2099.35,AS-JIA-01
2017-11-29,0.0,2022.8,AS-JIA-01
2017-11-30,0.0,1956.08,AS-JIA-01
2017-12-01,0.0,1882.46,AS-JIA-01
2017-12-02,0.0,1810.37,AS-JIA-01
2017-12-03,0.0,1731.99,AS-JIA-01
2017-12-04,0.0,1647.83,AS-JIA-01
2017-12-05,0.0,1565.78,AS-JIA-01
2017-12-06,0.0,1485.77,AS-JIA-01
2017-12-07,0.0,1414.78,AS-JIA-01
2017-12-08,0.0,1345.4,AS-JIA-01
2017-12-09,0.0,1284.32,AS-JIA-01
2017-12-10,0.0,1231.07,AS-JIA-01
2017-12-11,0.0,1178.8,AS-JIA-01
2017-12-12,1.2,1159.44,AS-JIA-01
2017-12-13,4.2,1159.44,AS-JIA-01
2017-12-14,1.2,1165.87,AS-JIA-01
2017-12-15,0.0,1146.61,AS-JIA-01
2017-12-16,0.0,1108.47,AS-JIA-01
2017-12-17,0.0,1083.34,AS-JIA-01
2017-12-18,0.0,1058.43,AS-JIA-01
2017-12-19,0.0,1021.51,AS-JIA-01
2017-12-20,0.0,979.06,AS-JIA-01
2017-12-21,0.0,937.3,AS-JIA-01
2017-12-22,0.0,907.87,AS-JIA-01
2017-12-23,0.0,878.79,AS-JIA-01
2017-12-24,0.0,850.04,AS-JIA-01
2017-12-25,0.0,821.62,AS-JIA-01
2017-12-26,0.0,799.11,AS-JIA-01
2017-12-27,0.1,776.82,AS-JIA-01
2017-12-28,0.0,749.23,AS-JIA-01
2017-12-29,0.0,721.97,AS-JIA-01
2017-12-30,0.0,689.66,AS-JIA-01
2017-12-31,0.0,657.79,AS-JIA-01
2018-01-01,0.0,631.57,AS-JIA-01
2018-01-02,0.0,605.64,AS-JIA-01
2018-01-03,3.7,605.64,AS-JIA-01
2018-01-04,0.0,610.8,AS-JIA-01
2018-01-05,0.9,626.35,AS-JIA-01
2018-01-06,0.6,678.98,AS-JIA-01
2018-01-07,0.0,711.14,AS-JIA-01
2018-01-08,0.0,695.0,AS-JIA-01
2018-01-09,0.0,678.98,AS-JIA-01
2018-01-10,0.0,668.36,AS-JIA-01
2018-01-11,0.0,652.52,AS-JIA-01
2018-01-12,0.0,621.16,AS-JIA-01
2018-01-13,0.0,590.23,AS-JIA-01
2018-01-14,0.0,564.78,AS-JIA-01
2018-01-15,0.0,549.65,AS-JIA-01
2018-01-16,0.0,539.62,AS-JIA-01
2018-01-17,0.0,534.63,AS-JIA-01
2018-01-18,0.0,534.63,AS-JIA-01
2018-01-19,0.0,524.67,AS-JIA-01
2018-01-20,0.0,509.81,AS-JIA-01
2018-01-21,0.0,490.17,AS-JIA-01
2018-01-22,0.0,470.71,AS-JIA-01
2018-01-23,0.0,456.22,AS-JIA-01
2018-01-24,6.9,480.41,AS-JIA-01
2018-01-25,0.1,504.89,AS-JIA-01
2018-01-26,1.0,519.7,AS-JIA-01
2018-01-27,0.7,574.92,AS-JIA-01
2018-01-28,0.0,621.16,AS-JIA-01
2018-01-29,0.0,636.79,AS-JIA-01
2018-01-30,0.0,636.79,AS-JIA-01
2018-01-31,0.0,615.97,AS-JIA-01
2018-02-01,0.1,585.11,AS-JIA-01
2018-02-02,0.1,574.92,AS-JIA-01
2018-02-03,1.1,636.79,AS-JIA-01
2018-02-04,1.0,732.83,AS-JIA-01
2018-02-05,1.7,832.94,AS-JIA-01
2018-02-06,2.4,967.06,AS-JIA-01
2018-02-07,1.3,1058.43,AS-JIA-01
2018-02-08,0.0,1108.47,AS-JIA-01
2018-02-09,0.2,1211.35,AS-JIA-01
2018-02-10,0.0,1662.97,AS-JIA-01
2018-02-11,0.0,2065.13,AS-JIA-01
2018-02-12,0.0,1989.29,AS-JIA-01
2018-02-13,0.0,1739.74,AS-JIA-01
2018-02-14,8.0,1558.42,AS-JIA-01
2018-02-15,0.8,1450.07,AS-JIA-01
2018-02-16,0.0,1450.07,AS-JIA-01
2018-02-17,0.1,1514.62,AS-JIA-01
2018-02-18,0.6,1500.16,AS-JIA-01
2018-02-19,0.0,1457.18,AS-JIA-01
2018-02-20,0.0,1485.77,AS-JIA-01
2018-02-21,0.0,1543.76,AS-JIA-01
2018-02-22,0.9,1500.16,AS-JIA-01
2018-02-23,3.3,1421.81,AS-JIA-01
2018-02-24,1.0,1366.05,AS-JIA-01
2018-02-25,4.4,1345.4,AS-JIA-01
2018-02-26,10.1,1338.55,AS-JIA-01
2018-02-27,0.0,1338.55,AS-JIA-01
2018-02-28,0.0,1331.72,AS-JIA-01
2018-03-01,0.5,1331.72,AS-JIA-01
2018-03-02,19.2,1386.84,AS-JIA-01
2018-03-03,11.3,1617.75,AS-JIA-01
2018-03-04,1.8,2168.74,AS-JIA-01
2018-03-05,7.7,2813.14,AS-JIA-01
2018-03-06,0.1,3799.28,AS-JIA-01
2018-03-07,0.0,5627.76,AS-JIA-01
2018-03-08,0.0,5848.39,AS-JIA-01
2018-03-09,0.0,4778.83,AS-JIA-01
2018-03-10,0.4,3925.81,AS-JIA-01
2018-03-11,0.0,3390.22,AS-JIA-01
2018-03-12,0.0,3044.16,AS-JIA-01
2018-03-13,1.1,2823.39,AS-JIA-01
2018-03-14,0.0,2632.63,AS-JIA-01
2018-03-15,13.5,2574.1,AS-JIA-01
2018-03-16,4.9,3142.1,AS-JIA-01
2018-03-17,1.7,4378.49,AS-JIA-01
2018-03-18,0.0,6129.15,AS-JIA-01
2018-03-19,0.0,6439.02,AS-JIA-01
2018-03-20,0.0,5429.88,AS-JIA-01
2018-03-21,0.0,4504.37,AS-JIA-01
2018-03-22,3.7,3977.25,AS-JIA-01
2018-03-23,7.5,3824.35,AS-JIA-01
2018-03-24,0.7,3639.08,AS-JIA-01
2018-03-25,0.9,3614.86,AS-JIA-01
2018-03-26,8.5,3849.55,AS-JIA-01
2018-03-27,2.6,3824.35,AS-JIA-01
2018-03-28,0.1,3639.08,AS-JIA-01
2018-03-29,7.8,3602.79,AS-JIA-01
2018-03-30,2.9,3554.79,AS-JIA-01
2018-03-31,0.0,3471.84,AS-JIA-01
2018-04-01,0.0,3390.22,AS-JIA-01
2018-04-02,0.0,3242.09,AS-JIA-01
2018-04-03,0.0,3011.97,AS-JIA-01
2018-04-04,1.1,2782.52,AS-JIA-01
2018-04-05,1.4,2742.04,AS-JIA-01
2018-04-06,2.8,2662.19,AS-JIA-01
2018-04-07,2.7,2545.13,AS-JIA-01
2018-04-08,17.0,2554.77,AS-JIA-01
2018-04-09,4.7,2613.02,AS-JIA-01
2018-04-10,7.8,2701.94,AS-JIA-01
2018-04-11,4.6,2958.8,AS-JIA-01
2018-04-12,9.9,3530.96,AS-JIA-01
2018-04-13,8.0,4604.09,AS-JIA-01
2018-04-14,11.2,6684.29,AS-JIA-01
2018-04-15,0.4,7894.57,AS-JIA-01
2018-04-16,0.0,7136.64,AS-JIA-01
2018-04-17,0.5,5917.61,AS-JIA-01
2018-04-18,10.4,5065.57,AS-JIA-01
2018-04-19,4.3,4589.75,AS-JIA-01
2018-04-20,13.9,4462.12,AS-JIA-01
2018-04-21,22.8,4928.19,AS-JIA-01
2018-04-22,7.1,6111.3,AS-JIA-01
2018-04-23,3.5,7444.83,AS-JIA-01
2018-04-24,0.4,7785.5,AS-JIA-01
2018-04-25,1.1,6996.43,AS-JIA-01
2018-04-26,4.4,6093.49,AS-JIA-01
2018-04-27,0.5,5413.64,AS-JIA-01
2018-04-28,1.7,4958.47,AS-JIA-01
2018-04-29,5.7,4690.86,AS-JIA-01
2018-04-30,16.5,4676.32,AS-JIA-01
2018-05-01,1.1,4720.05,AS-JIA-01
2018-05-02,0.7,4676.32,AS-JIA-01
2018-05-03,0.0,4575.44,AS-JIA-01
2018-05-04,11.5,4589.75,AS-JIA-01
2018-05-05,1.4,4734.69,AS-JIA-01
2018-05-06,5.9,4973.67,AS-JIA-01
2018-05-07,13.8,5253.24,AS-JIA-01
2018-05-08,7.4,5814.01,AS-JIA-01
2018-05-09,3.7,6665.16,AS-JIA-01
2018-05-10,5.3,8934.74,AS-JIA-01
2018-05-11,5.3,12362.27,AS-JIA-01
2018-05-12,0.4,11488.45,AS-JIA-01
2018-05-13,0.0,9156.01,AS-JIA-01
2018-05-14,0.4,7763.84,AS-JIA-01
2018-05-15,10.2,7258.64,AS-JIA-01
2018-05-16,0.2,6838.92,AS-JIA-01
2018-05-17,0.1,6420.45,AS-JIA-01
2018-05-18,8.3,6129.15,AS-JIA-01
2018-05-19,9.0,5969.95,AS-JIA-01
2018-05-20,1.5,5900.25,AS-JIA-01
2018-05-21,1.6,5831.18,AS-JIA-01
2018-05-22,21.3,5848.39,AS-JIA-01
2018-05-23,37.6,6570.18,AS-JIA-01
2018-05-24,16.4,8184.07,AS-JIA-01
2018-05-25,42.1,10955.72,AS-JIA-01
2018-05-26,31.0,14106.16,AS-JIA-01
2018-05-27,3.9,17289.63,AS-JIA-01
2018-05-28,1.5,19115.25,AS-JIA-01
2018-05-29,0.6,17999.77,AS-JIA-01
2018-05-30,3.7,15000.43,AS-JIA-01
2018-05-31,2.2,12721.28,AS-JIA-01
2018-06-01,0.8,11609.86,AS-JIA-01
2018-06-02,9.4,11338.24,AS-JIA-01
2018-06-03,10.5,11701.65,AS-JIA-01
2018-06-04,2.6,11980.88,AS-JIA-01
2018-06-05,8.2,11488.45,AS-JIA-01
2018-06-06,7.6,10840.31,AS-JIA-01
2018-06-07,9.8,10697.53,AS-JIA-01
2018-06-08,0.1,10472.47,AS-JIA-01
2018-06-09,0.8,10115.49,AS-JIA-01
2018-06-10,0.2,10061.51,AS-JIA-01
2018-06-11,0.0,10333.9,AS-JIA-01
2018-06-12,40.6,12106.83,AS-JIA-01
2018-06-13,8.0,15584.96,AS-JIA-01
2018-06-14,12.7,19549.72,AS-JIA-01
2018-06-15,10.8,25592.84,AS-JIA-01
2018-06-16,7.5,27339.18,AS-JIA-01
2018-06-17,5.2,25844.77,AS-JIA-01
2018-06-18,4.1,22856.58,AS-JIA-01
2018-06-19,9.0,20395.32,AS-JIA-01
2018-06-20,3.4,19355.5,AS-JIA-01
2018-06-21,10.2,19696.53,AS-JIA-01
2018-06-22,3.2,21064.67,AS-JIA-01
2018-06-23,10.3,22856.58,AS-JIA-01
2018-06-24,21.2,23484.79,AS-JIA-01
2018-06-25,10.9,24367.47,AS-JIA-01
2018-06-26,19.2,25157.53,AS-JIA-01
2018-06-27,15.1,25718.53,AS-JIA-01
2018-06-28,5.1,27945.86,AS-JIA-01
2018-06-29,2.8,29554.55,AS-JIA-01
2018-06-30,6.4,28844.65,AS-JIA-01
2018-07-01,11.6,29126.64,AS-JIA-01
2018-07-02,19.3,30724.99,AS-JIA-01
2018-07-03,26.6,34175.09,AS-JIA-01
2018-07-04,7.0,37720.33,AS-JIA-01
2018-07-05,4.6,34423.33,AS-JIA-01
2018-07-06,7.0,30134.36,AS-JIA-01
2018-07-07,24.4,28014.05,AS-JIA-01
2018-07-08,14.9,27674.67,AS-JIA-01
2018-07-09,9.3,28014.05,AS-JIA-01
2018-07-10,17.6,29268.64,AS-JIA-01
2018-07-11,17.5,30134.36,AS-JIA-01
2018-07-12,15.8,29988.41,AS-JIA-01
2018-07-13,9.9,29843.14,AS-JIA-01
2018-07-14,2.3,28985.32,AS-JIA-01
2018-07-15,9.1,27406.0,AS-JIA-01
2018-07-16,12.2,26484.8,AS-JIA-01
2018-07-17,2.8,26484.8,AS-JIA-01
2018-07-18,0.8,26549.64,AS-JIA-01
2018-07-19,0.1,25467.76,AS-JIA-01
2018-07-20,28.7,24547.72,AS-JIA-01
2018-07-21,4.5,24307.69,AS-JIA-01
2018-07-22,2.3,24129.12,AS-JIA-01
2018-07-23,31.4,25034.45,AS-JIA-01
2018-07-24,11.0,25718.53,AS-JIA-01
2018-07-25,29.7,25281.22,AS-JIA-01
2018-07-26,18.0,23951.76,AS-JIA-01
2018-07-27,21.8,22632.07,AS-JIA-01
2018-07-28,29.6,22969.64,AS-JIA-01
2018-07-29,11.3,23951.76,AS-JIA-01
2018-07-30,78.5,25781.58,AS-JIA-01
2018-07-31,17.1,28914.91,AS-JIA-01
2018-08-01,22.8,31478.68,AS-JIA-01
2018-08-02,8.4,30874.34,AS-JIA-01
2018-08-03,9.9,27809.94,AS-JIA-01
2018-08-04,8.6,25844.77,AS-JIA-01
2018-08-05,3.5,24427.41,AS-JIA-01
2018-08-06,13.3,23311.89,AS-JIA-01
2018-08-07,26.5,22688.0,AS-JIA-01
2018-08-08,18.6,22134.38,AS-JIA-01
2018-08-09,19.3,21380.43,AS-JIA-01
2018-08-10,7.5,21117.0,AS-JIA-01
2018-08-11,12.3,21646.91,AS-JIA-01
2018-08-12,26.8,23717.22,AS-JIA-01
2018-08-13,13.7,24608.07,AS-JIA-01
2018-08-14,9.4,23542.69,AS-JIA-01
2018-08-15,4.9,22134.38,AS-JIA-01
2018-08-16,21.0,20804.87,AS-JIA-01
2018-08-17,1.5,19893.9,AS-JIA-01
2018-08-18,0.3,19115.25,AS-JIA-01
2018-08-19,17.5,19259.07,AS-JIA-01
2018-08-20,47.1,19163.09,AS-JIA-01
2018-08-21,24.4,19115.25,AS-JIA-01
2018-08-22,12.7,19403.88,AS-JIA-01
2018-08-23,11.3,20243.69,AS-JIA-01
2018-08-24,24.4,20548.02,AS-JIA-01
2018-08-25,24.0,20193.37,AS-JIA-01
2018-08-26,4.2,19745.7,AS-JIA-01
2018-08-27,51.8,20243.69,AS-JIA-01
2018-08-28,21.7,21646.91,AS-JIA-01
2018-08-29,10.8,22465.02,AS-JIA-01
2018-08-30,8.6,22520.57,AS-JIA-01
2018-08-31,9.7,21970.78,AS-JIA-01
2018-09-01,27.4,21327.5,AS-JIA-01
2018-09-02,4.1,20908.43,AS-JIA-01
2018-09-03,15.6,20548.02,AS-JIA-01
2018-09-04,3.6,19647.48,AS-JIA-01
2018-09-05,34.3,18972.42,AS-JIA-01
2018-09-06,13.3,18689.71,AS-JIA-01
2018-09-07,0.8,18364.77,AS-JIA-01
2018-09-08,2.1,18272.9,AS-JIA-01
2018-09-09,2.9,19844.4,AS-JIA-01
2018-09-10,2.7,23484.79,AS-JIA-01
2018-09-11,6.8,26744.98,AS-JIA-01
2018-09-12,30.1,29126.64,AS-JIA-01
2018-09-13,17.4,31631.54,AS-JIA-01
2018-09-14,22.7,31631.54,AS-JIA-01
2018-09-15,0.5,28495.77,AS-JIA-01
2018-09-16,0.2,24668.56,AS-JIA-01
2018-09-17,0.0,21916.49,AS-JIA-01
2018-09-18,0.2,20143.18,AS-JIA-01
2018-09-19,0.0,18877.75,AS-JIA-01
2018-09-20,4.8,18135.85,AS-JIA-01
2018-09-21,25.6,17775.03,AS-JIA-01
2018-09-22,7.9,17685.87,AS-JIA-01
2018-09-23,14.4,17685.87,AS-JIA-01
2018-09-24,27.0,17819.77,AS-JIA-01
2018-09-25,13.8,18736.55,AS-JIA-01
2018-09-26,26.1,19163.09,AS-JIA-01
2018-09-27,5.5,18642.97,AS-JIA-01
2018-09-28,4.0,18181.42,AS-JIA-01
2018-09-29,8.6,17775.03,AS-JIA-01
2018-09-30,5.9,17420.8,AS-JIA-01
2018-10-01,18.9,17333.25,AS-JIA-01
2018-10-02,11.6,17552.86,AS-JIA-01
2018-10-03,0.8,17420.8,AS-JIA-01
2018-10-04,0.0,16437.97,AS-JIA-01
2018-10-05,2.3,15387.86,AS-JIA-01
2018-10-06,3.9,14584.41,AS-JIA-01
2018-10-07,6.8,13961.87,AS-JIA-01
2018-10-08,7.4,13712.52,AS-JIA-01
2018-10-09,0.0,13191.55,AS-JIA-01
2018-10-10,0.0,12491.78,AS-JIA-01
2018-10-11,2.4,11825.04,AS-JIA-01
2018-10-12,3.4,11428.16,AS-JIA-01
2018-10-13,3.0,11825.04,AS-JIA-01
2018-10-14,6.8,13055.65,AS-JIA-01
2018-10-15,4.1,13677.23,AS-JIA-01
2018-10-16,0.0,13055.65,AS-JIA-01
2018-10-17,0.5,11980.88,AS-JIA-01
2018-10-18,1.1,11013.83,AS-JIA-01
2018-10-19,0.3,10556.39,AS-JIA-01
2018-10-20,0.0,10416.85,AS-JIA-01
2018-10-21,0.0,10034.6,AS-JIA-01
2018-10-22,0.0,9483.85,AS-JIA-01
2018-10-23,0.0,8983.51,AS-JIA-01
2018-10-24,0.1,8529.06,AS-JIA-01
2018-10-25,0.0,8094.06,AS-JIA-01
2018-10-26,0.0,7656.28,AS-JIA-01
2018-10-27,0.0,7258.64,AS-JIA-01
2018-10-28,0.0,6878.02,AS-JIA-01
2018-10-29,0.0,6513.7,AS-JIA-01
2018-10-30,0.0,6164.98,AS-JIA-01
2018-10-31,0.0,5831.18,AS-JIA-01
2018-11-01,0.0,5511.67,AS-JIA-01
2018-11-02,0.8,5316.96,AS-JIA-01
2018-11-03,6.2,5429.88,AS-JIA-01
2018-11-04,4.5,5779.8,AS-JIA-01
2018-11-05,11.1,6646.07,AS-JIA-01
2018-11-06,2.9,7807.22,AS-JIA-01
2018-11-07,0.2,8116.48,AS-JIA-01
2018-11-08,0.0,7528.82,AS-JIA-01
2018-11-09,0.0,6627.04,AS-JIA-01
2018-11-10,0.0,5900.25,AS-JIA-01
2018-11-11,0.0,5381.27,AS-JIA-01
2018-11-12,0.0,5004.16,AS-JIA-01
2018-11-13,0.0,4705.44,AS-JIA-01
2018-11-14,0.0,4518.52,AS-JIA-01
2018-11-15,7.7,4589.75,AS-JIA-01
2018-11-16,4.9,5158.75,AS-JIA-01
2018-11-17,0.1,6237.14,AS-JIA-01
2018-11-18,0.0,6858.45,AS-JIA-01
2018-11-19,0.0,6532.48,AS-JIA-01
2018-11-20,0.0,5779.8,AS-JIA-01
2018-11-21,0.0,5174.42,AS-JIA-01
2018-11-22,0.0,4764.08,AS-JIA-01
2018-11-23,0.0,4434.11,AS-JIA-01
2018-11-24,0.0,4147.72,AS-JIA-01
2018-11-25,0.0,3900.28,AS-JIA-01
2018-11-26,0.0,3675.63,AS-JIA-01
2018-11-27,0.0,3471.84,AS-JIA-01
2018-11-28,0.0,3287.2,AS-JIA-01
2018-11-29,0.0,3109.23,AS-JIA-01
2018-11-30,0.0,2937.7,AS-JIA-01
2018-12-01,0.0,2792.71,AS-JIA-01
2018-12-02,0.0,2652.31,AS-JIA-01
2018-12-03,0.1,2545.13,AS-JIA-01
2018-12-04,0.0,2431.28,AS-JIA-01
2018-12-05,0.0,2329.62,AS-JIA-01
2018-12-06,0.0,2239.43,AS-JIA-01
2018-12-07,0.0,2151.28,AS-JIA-01
2018-12-08,0.0,2073.67,AS-JIA-01
2018-12-09,0.0,2006.0,AS-JIA-01
2018-12-10,0.0,1939.59,AS-JIA-01
2018-12-11,0.0,1858.26,AS-JIA-01
2018-12-12,0.0,1778.79,AS-JIA-01
2018-12-13,0.0,1693.47,AS-JIA-01
2018-12-14,0.0,1625.24,AS-JIA-01
2018-12-15,0.0,1558.42,AS-JIA-01
2018-12-16,0.0,1514.62,AS-JIA-01
2018-12-17,0.3,1485.77,AS-JIA-01
2018-12-18,23.1,1551.08,AS-JIA-01
2018-12-19,0.0,1724.25,AS-JIA-01
2018-12-20,0.0,1858.26,AS-JIA-01
2018-12-21,0.0,1956.08,AS-JIA-01
2018-12-22,0.0,1923.17,AS-JIA-01
2018-12-23,0.0,1794.54,AS-JIA-01
2018-12-24,0.0,1647.83,AS-JIA-01
2018-12-25,0.0,1543.76,AS-JIA-01
2018-12-26,0.0,1457.18,AS-JIA-01
2018-12-27,0.0,1386.84,AS-JIA-01
2018-12-28,0.1,1318.1,AS-JIA-01
2018-12-29,0.0,1264.23,AS-JIA-01
2018-12-30,0.0,1217.91,AS-JIA-01
2018-12-31,0.0,1172.33,AS-JIA-01
2019-01-01,0.0,1127.47,AS-JIA-01
2019-01-02,0.0,1077.09,AS-JIA-01
2019-01-03,1.5,1046.06,AS-JIA-01
2019-01-04,0.4,1015.4,AS-JIA-01
2019-01-05,0.0,979.06,AS-JIA-01
2019-01-06,0.0,949.17,AS-JIA-01
2019-01-07,0.0,919.6,AS-JIA-01
2019-01-08,0.0,878.79,AS-JIA-01
2019-01-09,2.3,855.77,AS-JIA-01
2019-01-10,0.1,838.63,AS-JIA-01
2019-01-11,0.0,815.97,AS-JIA-01
2019-01-12,0.0,787.94,AS-JIA-01
2019-01-13,0.0,765.75,AS-JIA-01
2019-01-14,0.0,749.23,AS-JIA-01
2019-01-15,0.0,727.39,AS-JIA-01
2019-01-16,0.0,695.0,AS-JIA-01
2019-01-17,0.0,663.06,AS-JIA-01
2019-01-18,0.0,636.79,AS-JIA-01
2019-01-19,0.0,610.8,AS-JIA-01
2019-01-20,0.0,580.01,AS-JIA-01
2019-01-21,0.0,549.65,AS-JIA-01
2019-01-22,0.0,529.64,AS-JIA-01
2019-01-23,0.0,514.76,AS-JIA-01
2019-01-24,0.0,509.81,AS-JIA-01
2019-01-25,0.0,499.96,AS-JIA-01
2019-01-26,0.0,499.96,AS-JIA-01
2019-01-27,0.0,544.63,AS-JIA-01
2019-01-28,0.0,580.01,AS-JIA-01
2019-01-29,1.0,621.16,AS-JIA-01
2019-01-30,0.0,673.66,AS-JIA-01
2019-01-31,0.0,738.29,AS-JIA-01
2019-02-01,0.0,787.94,AS-JIA-01
2019-02-02,0.0,765.75,AS-JIA-01
2019-02-03,0.0,716.55,AS-JIA-01
2019-02-04,0.0,668.36,AS-JIA-01
2019-02-05,0.0,631.57,AS-JIA-01
2019-02-06,0.0,621.16,AS-JIA-01
2019-02-07,0.0,574.92,AS-JIA-01
2019-02-08,6.8,534.63,AS-JIA-01
2019-02-09,11.8,595.35,AS-JIA-01
2019-02-10,0.0,636.79,AS-JIA-01
2019-02-11,0.0,867.25,AS-JIA-01
2019-02-12,0.0,1146.61,AS-JIA-01
2019-02-13,0.0,1095.88,AS-JIA-01
2019-02-14,0.0,943.23,AS-JIA-01
2019-02-15,0.0,815.97,AS-JIA-01
2019-02-16,0.8,804.72,AS-JIA-01
2019-02-17,5.2,902.03,AS-JIA-01
2019-02-18,17.0,1366.05,AS-JIA-01
2019-02-19,10.5,2125.23,AS-JIA-01
2019-02-20,0.7,2302.35,AS-JIA-01
2019-02-21,0.0,2133.88,AS-JIA-01
2019-02-22,0.8,1939.59,AS-JIA-01
2019-02-23,2.5,1810.37,AS-JIA-01
2019-02-24,0.0,1802.45,AS-JIA-01
2019-02-25,0.6,2142.57,AS-JIA-01
2019-02-26,8.4,2885.38,AS-JIA-01
2019-02-27,3.0,4147.72,AS-JIA-01
2019-02-28,5.2,5253.24,AS-JIA-01
2019-03-01,0.7,5865.63,AS-JIA-01
2019-03-02,0.0,5917.61,AS-JIA-01
2019-03-03,1.0,5127.55,AS-JIA-01
2019-03-04,12.4,4448.11,AS-JIA-01
2019-03-05,16.2,4214.66,AS-JIA-01
2019-03-06,3.7,4518.52,AS-JIA-01
2019-03-07,0.0,5143.14,AS-JIA-01
2019-03-08,0.3,5316.96,AS-JIA-01
2019-03-09,0.0,5050.17,AS-JIA-01
2019-03-10,0.0,4661.8,AS-JIA-01
2019-03-11,0.0,4296.01,AS-JIA-01
2019-03-12,0.4,3990.19,AS-JIA-01
2019-03-13,0.0,3724.75,AS-JIA-01
2019-03-14,0.0,3542.86,AS-JIA-01
2019-03-15,0.0,3495.4,AS-JIA-01
2019-03-16,0.0,3675.63,AS-JIA-01
2019-03-17,0.0,4734.69,AS-JIA-01
2019-03-18,0.1,5611.06,AS-JIA-01
2019-03-19,8.7,5332.98,AS-JIA-01
2019-03-20,0.8,5253.24,AS-JIA-01
2019-03-21,0.2,5495.24,AS-JIA-01
2019-03-22,2.4,5611.06,AS-JIA-01
2019-03-23,0.5,5728.76,AS-JIA-01
2019-03-24,0.0,5969.95,AS-JIA-01
2019-03-25,0.0,5848.39,AS-JIA-01
2019-03-26,0.4,5478.84,AS-JIA-01
2019-03-27,6.0,5237.4,AS-JIA-01
2019-03-28,0.0,5205.83,AS-JIA-01
2019-03-29,0.0,4973.67,AS-JIA-01
2019-03-30,14.3,4661.8,AS-JIA-01
2019-03-31,44.6,5096.49,AS-JIA-01
2019-04-01,6.9,5796.89,AS-JIA-01
2019-04-02,11.7,7444.83,AS-JIA-01
2019-04-03,0.3,8959.09,AS-JIA-01
2019-04-04,4.9,8229.39,AS-JIA-01
2019-04-05,0.1,6996.43,AS-JIA-01
2019-04-06,0.0,6093.49,AS-JIA-01
2019-04-07,21.3,5544.65,AS-JIA-01
2019-04-08,2.5,5253.24,AS-JIA-01
2019-04-09,2.8,5158.75,AS-JIA-01
2019-04-10,0.4,5034.8,AS-JIA-01
2019-04-11,0.2,4838.16,AS-JIA-01
2019-04-12,0.3,4618.47,AS-JIA-01
2019-04-13,2.9,4364.67,AS-JIA-01
2019-04-14,11.2,4161.05,AS-JIA-01
2019-04-15,7.9,4042.22,AS-JIA-01
2019-04-16,12.5,3964.35,AS-JIA-01
2019-04-17,1.0,4055.3,AS-JIA-01
2019-04-18,1.9,4575.44,AS-JIA-01
2019-04-19,3.9,5478.84,AS-JIA-01
2019-04-20,6.7,6722.69,AS-JIA-01
2019-04-21,0.2,6800.0,AS-JIA-01
2019-04-22,0.3,5969.95,AS-JIA-01
2019-04-23,0.0,5285.03,AS-JIA-01
2019-04-24,0.0,4838.16,AS-JIA-01
2019-04-25,0.6,4504.37,AS-JIA-01
2019-04-26,12.1,4406.24,AS-JIA-01
2019-04-27,4.0,4676.32,AS-JIA-01
2019-04-28,41.2,4793.62,AS-JIA-01
2019-04-29,15.3,4913.09,AS-JIA-01
2019-04-30,41.6,6255.28,AS-JIA-01
2019-05-01,57.9,8552.49,AS-JIA-01
2019-05-02,3.8,11308.41,AS-JIA-01
2019-05-03,3.1,13501.98,AS-JIA-01
2019-05-04,74.8,17999.77,AS-JIA-01
2019-05-05,7.1,19019.92,AS-JIA-01
2019-05-06,0.1,18181.42,AS-JIA-01
2019-05-07,5.1,17552.86,AS-JIA-01
2019-05-08,8.9,15744.28,AS-JIA-01
2019-05-09,32.2,15077.2,AS-JIA-01
2019-05-10,13.8,16149.03,AS-JIA-01
2019-05-11,10.3,16858.91,AS-JIA-01
2019-05-12,2.0,18736.55,AS-JIA-01
2019-05-13,5.0,23369.39,AS-JIA-01
2019-05-14,10.7,23775.65,AS-JIA-01
2019-05-15,9.7,20193.37,AS-JIA-01
2019-05-16,11.8,17073.04,AS-JIA-01
2019-05-17,28.2,15784.33,AS-JIA-01
2019-05-18,24.3,15624.65,AS-JIA-01
2019-05-19,10.0,16521.4,AS-JIA-01
2019-05-20,8.3,17775.03,AS-JIA-01
2019-05-21,19.9,16944.25,AS-JIA-01
2019-05-22,19.9,15505.85,AS-JIA-01
2019-05-23,29.7,14923.99,AS-JIA-01
2019-05-24,12.6,14584.41,AS-JIA-01
2019-05-25,3.7,14142.44,AS-JIA-01
2019-05-26,11.7,14215.27,AS-JIA-01
2019-05-27,13.5,14472.78,AS-JIA-01
2019-05-28,0.7,14069.96,AS-JIA-01
2019-05-29,1.0,13328.73,AS-JIA-01
2019-05-30,2.6,13055.65,AS-JIA-01
2019-05-31,2.2,12655.34,AS-JIA-01
2019-06-01,0.0,11949.55,AS-JIA-01
2019-06-02,0.0,11219.32,AS-JIA-01
2019-06-03,3.9,10811.63,AS-JIA-01
2019-06-04,5.5,10782.99,AS-JIA-01
2019-06-05,3.1,10754.44,AS-JIA-01
2019-06-06,5.1,10725.95,AS-JIA-01
2019-06-07,18.2,11488.45,AS-JIA-01
2019-06-08,23.8,13191.55,AS-JIA-01
2019-06-09,10.6,15864.72,AS-JIA-01
2019-06-10,9.0,19067.53,AS-JIA-01
2019-06-11,0.9,18830.56,AS-JIA-01
2019-06-12,0.2,16605.19,AS-JIA-01
2019-06-13,4.4,15945.49,AS-JIA-01
2019-06-14,17.7,16026.63,AS-JIA-01
2019-06-15,28.5,16816.37,AS-JIA-01
2019-06-16,18.6,20446.09,AS-JIA-01
2019-06-17,7.0,26810.39,AS-JIA-01
2019-06-18,5.0,26810.39,AS-JIA-01
2019-06-19,5.1,22969.64,AS-JIA-01
2019-06-20,6.2,21274.7,AS-JIA-01
2019-06-21,13.4,21970.78,AS-JIA-01
2019-06-22,12.3,23775.65,AS-JIA-01
2019-06-23,2.3,25219.28,AS-JIA-01
2019-06-24,2.5,25781.58,AS-JIA-01
2019-06-25,11.2,27339.18,AS-JIA-01
2019-06-26,43.5,33119.11,AS-JIA-01
2019-06-27,36.3,39765.19,AS-JIA-01
2019-06-28,13.1,39009.59,AS-JIA-01
2019-06-29,1.1,34589.74,AS-JIA-01
2019-06-30,0.0,30502.22,AS-JIA-01
2019-07-01,13.3,28565.22,AS-JIA-01
2019-07-02,5.7,27809.94,AS-JIA-01
2019-07-03,5.3,27007.56,AS-JIA-01
2019-07-04,16.2,26679.71,AS-JIA-01
2019-07-05,10.3,27406.0,AS-JIA-01
2019-07-06,54.4,29915.69,AS-JIA-01
2019-07-07,54.5,32016.7,AS-JIA-01
2019-07-08,26.4,35518.93,AS-JIA-01
2019-07-09,21.8,38267.8,AS-JIA-01
2019-07-10,22.5,44073.82,AS-JIA-01
2019-07-11,30.5,52814.91,AS-JIA-01
2019-07-12,22.3,57657.0,AS-JIA-01
2019-07-13,8.5,56709.03,AS-JIA-01
2019-07-14,33.2,52940.43,AS-JIA-01
2019-07-15,82.3,49415.31,AS-JIA-01
2019-07-16,13.8,46559.71,AS-JIA-01
2019-07-17,2.9,41220.0,AS-JIA-01
2019-07-18,5.8,36913.17,AS-JIA-01
2019-07-19,4.3,34423.33,AS-JIA-01
2019-07-20,5.2,33521.53,AS-JIA-01
2019-07-21,9.2,34756.93,AS-JIA-01
2019-07-22,25.0,38267.8,AS-JIA-01
2019-07-23,25.8,39860.62,AS-JIA-01
2019-07-24,14.2,37993.09,AS-JIA-01
2019-07-25,19.2,36035.77,AS-JIA-01
2019-07-26,9.2,34423.33,AS-JIA-01
2019-07-27,13.3,32172.05,AS-JIA-01
2019-07-28,7.7,30354.59,AS-JIA-01
2019-07-29,1.8,29482.82,AS-JIA-01
2019-07-30,19.4,29770.75,AS-JIA-01
2019-07-31,26.6,30949.27,AS-JIA-01
2019-08-01,14.9,31402.53,AS-JIA-01
2019-08-02,5.3,29626.44,AS-JIA-01
2019-08-03,15.0,27742.23,AS-JIA-01
2019-08-04,2.0,26549.64,AS-JIA-01
2019-08-05,0.7,25592.84,AS-JIA-01
2019-08-06,0.8,24668.56,AS-JIA-01
2019-08-07,22.0,24307.69,AS-JIA-01
2019-08-08,4.2,23775.65,AS-JIA-01
2019-08-09,2.3,23197.26,AS-JIA-01
2019-08-10,4.7,22632.07,AS-JIA-01
2019-08-11,0.0,21754.37,AS-JIA-01
2019-08-12,16.6,21700.59,AS-JIA-01
2019-08-13,19.8,21117.0,AS-JIA-01
2019-08-14,8.0,20753.25,AS-JIA-01
2019-08-15,33.2,21539.96,AS-JIA-01
2019-08-16,9.4,21274.7,AS-JIA-01
2019-08-17,1.3,19993.26,AS-JIA-01
2019-08-18,7.2,18783.5,AS-JIA-01
2019-08-19,0.3,18045.03,AS-JIA-01
2019-08-20,3.2,17641.42,AS-JIA-01
2019-08-21,0.6,16944.25,AS-JIA-01
2019-08-22,8.4,16149.03,AS-JIA-01
2019-08-23,14.3,15744.28,AS-JIA-01
2019-08-24,3.8,15864.72,AS-JIA-01
2019-08-25,0.0,15545.36,AS-JIA-01
2019-08-26,0.0,14621.8,AS-JIA-01
2019-08-27,2.6,13818.89,AS-JIA-01
2019-08-28,1.4,13363.21,AS-JIA-01
2019-08-29,1.5,12854.11,AS-JIA-01
2019-08-30,5.8,12622.49,AS-JIA-01
2019-08-31,2.8,12202.09,AS-JIA-01
2019-09-01,0.0,11732.38,AS-JIA-01
2019-09-02,6.4,11549.01,AS-JIA-01
2019-09-03,2.1,11701.65,AS-JIA-01
2019-09-04,13.4,11732.38,AS-JIA-01
2019-09-05,16.7,11670.98,AS-JIA-01
2019-09-06,8.7,11518.69,AS-JIA-01
2019-09-07,20.8,11549.01,AS-JIA-01
2019-09-08,31.3,12233.97,AS-JIA-01
2019-09-09,12.7,13961.87,AS-JIA-01
2019-09-10,36.1,16026.63,AS-JIA-01
2019-09-11,2.4,16773.93,AS-JIA-01
2019-09-12,13.6,17999.77,AS-JIA-01
2019-09-13,21.8,20243.69,AS-JIA-01
2019-09-14,2.6,21380.43,AS-JIA-01
2019-09-15,32.4,22688.0,AS-JIA-01
2019-09-16,35.2,24367.47,AS-JIA-01
2019-09-17,23.3,25467.76,AS-JIA-01
2019-09-18,4.7,23658.89,AS-JIA-01
2019-09-19,16.5,21222.02,AS-JIA-01
2019-09-20,4.5,19163.09,AS-JIA-01
2019-09-21,6.2,17819.77,AS-JIA-01
2019-09-22,22.3,17552.86,AS-JIA-01
2019-09-23,24.7,19307.23,AS-JIA-01
2019-09-24,15.3,21646.91,AS-JIA-01
2019-09-25,10.5,21169.46,AS-JIA-01
2019-09-26,7.6,19259.07,AS-JIA-01
2019-09-27,2.9,17552.86,AS-JIA-01
2019-09-28,2.2,16354.95,AS-JIA-01
2019-09-29,14.6,15427.09,AS-JIA-01
2019-09-30,12.0,14810.02,AS-JIA-01
2019-10-01,3.8,14325.11,AS-JIA-01
2019-10-02,1.0,13783.35,AS-JIA-01
2019-10-03,3.6,13259.97,AS-JIA-01
2019-10-04,8.8,12688.28,AS-JIA-01
2019-10-05,1.2,12170.25,AS-JIA-01
2019-10-06,8.4,11670.98,AS-JIA-01
2019-10-07,3.6,11308.41,AS-JIA-01
2019-10-08,12.1,11189.77,AS-JIA-01
2019-10-09,4.1,11579.4,AS-JIA-01
2019-10-10,5.8,12524.33,AS-JIA-01
2019-10-11,4.9,13363.21,AS-JIA-01
2019-10-12,1.0,12920.98,AS-JIA-01
2019-10-13,0.0,11856.06,AS-JIA-01
2019-10-14,0.0,11013.83,AS-JIA-01
2019-10-15,0.0,10333.9,AS-JIA-01
2019-10-16,0.8,9742.8,AS-JIA-01
2019-10-17,0.2,9230.81,AS-JIA-01
2019-10-18,0.0,8765.77,AS-JIA-01
2019-10-19,0.1,8435.9,AS-JIA-01
2019-10-20,1.3,8252.11,AS-JIA-01
2019-10-21,2.3,8297.75,AS-JIA-01
2019-10-22,1.2,8934.74,AS-JIA-01
2019-10-23,0.4,9664.49,AS-JIA-01
2019-10-24,3.6,9381.94,AS-JIA-01
2019-10-25,30.5,9131.21,AS-JIA-01
2019-10-26,16.9,9795.31,AS-JIA-01
2019-10-27,0.0,11278.65,AS-JIA-01
2019-10-28,0.0,10697.53,AS-JIA-01
2019-10-29,0.0,9586.72,AS-JIA-01
2019-10-30,0.0,8646.73,AS-JIA-01
2019-10-31,0.0,7960.6,AS-JIA-01
2019-11-01,0.0,7444.83,AS-JIA-01
2019-11-02,0.0,7076.27,AS-JIA-01
2019-11-03,0.0,6722.69,AS-JIA-01
2019-11-04,1.5,6365.02,AS-JIA-01
2019-11-05,0.5,6075.71,AS-JIA-01
2019-11-06,0.0,5796.89,AS-JIA-01
2019-11-07,0.0,5544.65,AS-JIA-01
2019-11-08,0.0,5285.03,AS-JIA-01
2019-11-09,1.7,5019.46,AS-JIA-01
2019-11-10,3.4,4793.62,AS-JIA-01
2019-11-11,0.0,4647.33,AS-JIA-01
2019-11-12,0.0,4532.7,AS-JIA-01
2019-11-13,0.0,4448.11,AS-JIA-01
2019-11-14,0.0,4337.11,AS-JIA-01
2019-11-15,0.0,4161.05,AS-JIA-01
2019-11-16,1.8,3964.35,AS-JIA-01
2019-11-17,1.7,3874.86,AS-JIA-01
2019-11-18,6.9,3913.04,AS-JIA-01
2019-11-19,13.7,4147.72,AS-JIA-01
2019-11-20,1.2,4350.87,AS-JIA-01
2019-11-21,0.0,4309.68,AS-JIA-01
2019-11-22,0.0,4068.41,AS-JIA-01
2019-11-23,0.0,3811.8,AS-JIA-01
2019-11-24,0.0,3578.74,AS-JIA-01
2019-11-25,0.0,3390.22,AS-JIA-01
2019-11-26,0.0,3242.09,AS-JIA-01
2019-11-27,0.0,3142.1,AS-JIA-01
2019-11-28,0.0,3065.75,AS-JIA-01
2019-11-29,0.0,3076.59,AS-JIA-01
2019-11-30,3.2,3287.2,AS-JIA-01
2019-12-01,2.3,3436.7,AS-JIA-01
2019-12-02,0.0,3590.76,AS-JIA-01
2019-12-03,0.0,3578.74,AS-JIA-01
2019-12-04,0.0,3413.41,AS-JIA-01
2019-12-05,0.0,3208.53,AS-JIA-01
2019-12-06,0.0,3001.29,AS-JIA-01
2019-12-07,0.0,2823.39,AS-JIA-01
2019-12-08,0.0,2662.19,AS-JIA-01
2019-12-09,0.0,2516.37,AS-JIA-01
2019-12-10,0.0,2384.75,AS-JIA-01
2019-12-11,0.3,2284.27,AS-JIA-01
2019-12-12,0.0,2195.1,AS-JIA-01
2019-12-13,0.0,2107.96,AS-JIA-01
2019-12-14,0.0,2056.63,AS-JIA-01
2019-12-15,0.4,2048.14,AS-JIA-01
2019-12-16,2.8,2116.58,AS-JIA-01
2019-12-17,1.0,2275.25,AS-JIA-01
2019-12-18,0.0,2497.31,AS-JIA-01
2019-12-19,0.0,2554.77,AS-JIA-01
2019-12-20,0.0,2431.28,AS-JIA-01
2019-12-21,0.1,2293.29,AS-JIA-01
2019-12-22,0.4,2212.77,AS-JIA-01
2019-12-23,0.0,2160.0,AS-JIA-01
2019-12-24,1.1,2151.28,AS-JIA-01
2019-12-25,0.0,2142.57,AS-JIA-01
2019-12-26,0.0,2142.57,AS-JIA-01
2019-12-27,1.5,2116.58,AS-JIA-01
2019-12-28,0.0,2056.63,AS-JIA-01
2019-12-29,0.0,1997.64,AS-JIA-01
2019-12-30,0.0,1915.0,AS-JIA-01
2019-12-31,0.0,1818.31,AS-JIA-01
2020-01-01,0.0,1716.53,AS-JIA-01
2020-01-02,0.1,1625.24,AS-JIA-01
2020-01-03,6.1,1558.42,AS-JIA-01
2020-01-04,3.0,1573.15,AS-JIA-01
2020-01-05,8.1,1763.13,AS-JIA-01
2020-01-06,0.2,2151.28,AS-JIA-01
2020-01-07,0.0,2535.53,AS-JIA-01
2020-01-08,0.0,2535.53,AS-JIA-01
2020-01-09,1.9,2375.51,AS-JIA-01
2020-01-10,0.0,2230.51,AS-JIA-01
2020-01-11,0.0,2221.63,AS-JIA-01
2020-01-12,0.0,2212.77,AS-JIA-01
2020-01-13,0.0,2073.67,AS-JIA-01
2020-01-14,0.0,1906.84,AS-JIA-01
2020-01-15,0.0,1778.79,AS-JIA-01
2020-01-16,0.0,1693.47,AS-JIA-01
2020-01-17,0.0,1685.81,AS-JIA-01
2020-01-18,1.3,1747.52,AS-JIA-01
2020-01-19,9.6,1866.31,AS-JIA-01
2020-01-20,0.7,2293.29,AS-JIA-01
2020-01-21,0.0,3044.16,AS-JIA-01
2020-01-22,0.3,3264.59,AS-JIA-01
2020-01-23,3.9,3109.23,AS-JIA-01
2020-01-24,1.0,2927.19,AS-JIA-01
2020-01-25,0.0,2782.52,AS-JIA-01
2020-01-26,0.0,2622.82,AS-JIA-01
2020-01-27,0.0,2440.64,AS-JIA-01
2020-01-28,0.1,2275.25,AS-JIA-01
2020-01-29,0.0,2133.88,AS-JIA-01
2020-01-30,4.3,2099.35,AS-JIA-01
2020-01-31,0.8,2133.88,AS-JIA-01
2020-02-01,0.7,2203.92,AS-JIA-01
2020-02-02,4.2,2275.25,AS-JIA-01
2020-02-03,0.0,2248.35,AS-JIA-01
2020-02-04,0.0,2195.1,AS-JIA-01
2020-02-05,0.5,2142.57,AS-JIA-01
2020-02-06,1.3,2056.63,AS-JIA-01
2020-02-07,0.0,1923.17,AS-JIA-01
2020-02-08,0.0,1786.67,AS-JIA-01
2020-02-09,0.4,1678.18,AS-JIA-01
2020-02-10,0.0,1587.95,AS-JIA-01
2020-02-11,0.0,1507.39,AS-JIA-01
2020-02-12,0.0,1435.9,AS-JIA-01
2020-02-13,0.0,1372.96,AS-JIA-01
2020-02-14,1.1,1318.1,AS-JIA-01
2020-02-15,0.0,1270.91,AS-JIA-01
2020-02-16,0.0,1217.91,AS-JIA-01
2020-02-17,1.4,1231.07,AS-JIA-01
2020-02-18,0.8,1324.9,AS-JIA-01
2020-02-19,1.9,1521.88,AS-JIA-01
2020-02-20,0.1,1747.52,AS-JIA-01
2020-02-21,0.0,1786.67,AS-JIA-01
2020-02-22,0.0,1739.74,AS-JIA-01
2020-02-23,0.1,1693.47,AS-JIA-01
2020-02-24,1.6,1662.97,AS-JIA-01
2020-02-25,7.1,1670.57,AS-JIA-01
2020-02-26,8.2,1716.53,AS-JIA-01
2020-02-27,1.1,1778.79,AS-JIA-01
2020-02-28,0.0,1850.24,AS-JIA-01
2020-02-29,0.0,1898.69,AS-JIA-01
2020-03-01,0.0,1866.31,AS-JIA-01
2020-03-02,0.9,1850.24,AS-JIA-01
2020-03-03,7.0,1874.38,AS-JIA-01
2020-03-04,0.4,1956.08,AS-JIA-01
2020-03-05,2.8,2048.14,AS-JIA-01
2020-03-06,1.2,2107.96,AS-JIA-01
2020-03-07,1.7,2239.43,AS-JIA-01
2020-03-08,1.1,2487.81,AS-JIA-01
2020-03-09,0.5,2711.93,AS-JIA-01
2020-03-10,0.0,2864.62,AS-JIA-01
2020-03-11,0.0,2916.69,AS-JIA-01
2020-03-12,0.0,2895.8,AS-JIA-01
2020-03-13,0.0,2864.62,AS-JIA-01
2020-03-14,0.0,2937.7,AS-JIA-01
2020-03-15,0.0,2927.19,AS-JIA-01
2020-03-16,0.0,3044.16,AS-JIA-01
2020-03-17,0.0,3355.65,AS-JIA-01
2020-03-18,0.0,3355.65,AS-JIA-01
2020-03-19,0.0,3120.16,AS-JIA-01
2020-03-20,5.9,2948.23,AS-JIA-01
2020-03-21,1.8,2874.99,AS-JIA-01
2020-03-22,0.5,2833.66,AS-JIA-01
2020-03-23,4.9,2742.04,AS-JIA-01
2020-03-24,0.0,2613.02,AS-JIA-01
2020-03-25,0.1,2497.31,AS-JIA-01
2020-03-26,0.2,2403.3,AS-JIA-01
2020-03-27,0.5,2329.62,AS-JIA-01
2020-03-28,0.9,2450.04,AS-JIA-01
2020-03-29,0.0,2792.71,AS-JIA-01
2020-03-30,0.0,3862.18,AS-JIA-01
2020-03-31,0.0,4823.28,AS-JIA-01
2020-04-01,0.0,4448.11,AS-JIA-01
2020-04-02,1.3,3990.19,AS-JIA-01
2020-04-03,0.1,4068.41,AS-JIA-01
2020-04-04,0.0,4575.44,AS-JIA-01
2020-04-05,0.0,4838.16,AS-JIA-01
2020-04-06,0.0,4546.91,AS-JIA-01
2020-04-07,0.0,4161.05,AS-JIA-01
2020-04-08,4.0,3887.55,AS-JIA-01
2020-04-09,0.5,3786.79,AS-JIA-01
2020-04-10,0.9,4003.15,AS-JIA-01
2020-04-11,0.0,4268.78,AS-JIA-01
2020-04-12,4.9,4134.43,AS-JIA-01
2020-04-13,0.0,3824.35,AS-JIA-01
2020-04-14,0.0,3554.79,AS-JIA-01
2020-04-15,0.9,3344.17,AS-JIA-01
2020-04-16,7.2,3219.69,AS-JIA-01
2020-04-17,4.6,3164.14,AS-JIA-01
2020-04-18,9.5,3507.22,AS-JIA-01
2020-04-19,26.2,4187.79,AS-JIA-01
2020-04-20,9.0,5900.25,AS-JIA-01
2020-04-21,1.2,8297.75,AS-JIA-01
2020-04-22,9.7,10007.77,AS-JIA-01
2020-04-23,5.5,11042.99,AS-JIA-01
2020-04-24,9.8,9664.49,AS-JIA-01
2020-04-25,5.6,8049.38,AS-JIA-01
2020-04-26,0.0,7076.27,AS-JIA-01
2020-04-27,0.3,6383.45,AS-JIA-01
2020-04-28,2.0,5900.25,AS-JIA-01
2020-04-29,6.5,5661.28,AS-JIA-01
2020-04-30,1.0,5594.4,AS-JIA-01
2020-05-01,0.4,5528.13,AS-JIA-01
2020-05-02,7.7,5332.98,AS-JIA-01
2020-05-03,3.0,5143.14,AS-JIA-01
2020-05-04,19.4,5065.57,AS-JIA-01
2020-05-05,6.2,5269.12,AS-JIA-01
2020-05-06,4.1,5900.25,AS-JIA-01
2020-05-07,12.9,7056.24,AS-JIA-01
2020-05-08,5.1,7894.57,AS-JIA-01
2020-05-09,0.0,7279.14,AS-JIA-01
2020-05-10,0.0,6383.45,AS-JIA-01
2020-05-11,6.1,5745.73,AS-JIA-01
2020-05-12,19.8,6129.15,AS-JIA-01
2020-05-13,55.8,7486.73,AS-JIA-01
2020-05-14,24.6,8297.75,AS-JIA-01
2020-05-15,10.8,8138.97,AS-JIA-01
2020-05-16,22.3,7938.54,AS-JIA-01
2020-05-17,7.0,7592.33,AS-JIA-01
2020-05-18,0.1,7258.64,AS-JIA-01
2020-05-19,1.3,7096.35,AS-JIA-01
2020-05-20,3.8,7217.79,AS-JIA-01
2020-05-21,52.6,8934.74,AS-JIA-01
2020-05-22,26.4,10869.06,AS-JIA-01
2020-05-23,7.8,12138.51,AS-JIA-01
2020-05-24,55.3,15664.43,AS-JIA-01
2020-05-25,35.2,24729.19,AS-JIA-01
2020-05-26,69.5,32094.27,AS-JIA-01
2020-05-27,7.7,32406.36,AS-JIA-01
2020-05-28,4.5,26810.39,AS-JIA-01
2020-05-29,8.0,20497.02,AS-JIA-01
2020-05-30,1.0,17073.04,AS-JIA-01
2020-05-31,2.8,15193.03,AS-JIA-01
2020-06-01,13.2,14509.9,AS-JIA-01
2020-06-02,4.6,16437.97,AS-JIA-01
2020-06-03,16.8,20856.59,AS-JIA-01
2020-06-04,21.8,21646.91,AS-JIA-01
2020-06-05,13.9,20143.18,AS-JIA-01
2020-06-06,32.8,20650.4,AS-JIA-01
2020-06-07,13.7,21808.28,AS-JIA-01
2020-06-08,4.0,21808.28,AS-JIA-01
2020-06-09,0.0,20143.18,AS-JIA-01
2020-06-10,7.6,18549.81,AS-JIA-01
2020-06-11,10.5,18181.42,AS-JIA-01
2020-06-12,18.3,18549.81,AS-JIA-01
2020-06-13,5.7,19355.5,AS-JIA-01
2020-06-14,1.4,19745.7,AS-JIA-01
2020-06-15,24.0,20856.59,AS-JIA-01
2020-06-16,6.0,23197.26,AS-JIA-01
2020-06-17,41.5,26355.61,AS-JIA-01
2020-06-18,9.5,28844.65,AS-JIA-01
2020-06-19,26.5,31024.37,AS-JIA-01
2020-06-20,28.0,32249.97,AS-JIA-01
2020-06-21,14.1,33683.79,AS-JIA-01
2020-06-22,6.3,35009.19,AS-JIA-01
2020-06-23,7.4,36824.53,AS-JIA-01
2020-06-24,16.3,39765.19,AS-JIA-01
2020-06-25,61.3,43239.59,AS-JIA-01
2020-06-26,37.2,49180.74,AS-JIA-01
2020-06-27,37.0,55119.03,AS-JIA-01
2020-06-28,9.4,51698.22,AS-JIA-01
2020-06-29,4.9,44496.77,AS-JIA-01
2020-06-30,1.4,40437.86,AS-JIA-01
2020-07-01,8.1,39103.28,AS-JIA-01
2020-07-02,11.7,40052.13,AS-JIA-01
2020-07-03,2.8,39765.19,AS-JIA-01
2020-07-04,41.7,38822.83,AS-JIA-01
2020-07-05,23.7,38822.83,AS-JIA-01
2020-07-06,11.8,39009.59,AS-JIA-01
2020-07-07,9.3,38359.77,AS-JIA-01
2020-07-08,39.5,38175.99,AS-JIA-01
2020-07-09,32.5,43446.75,AS-JIA-01
2020-07-10,31.8,52191.64,AS-JIA-01
2020-07-11,55.1,58205.57,AS-JIA-01
2020-07-12,15.3,56174.12,AS-JIA-01
2020-07-13,9.3,48599.11,AS-JIA-01
2020-07-14,13.3,42725.98,AS-JIA-01
2020-07-15,2.6,41023.12,AS-JIA-01
2020-07-16,5.1,40827.15,AS-JIA-01
2020-07-17,1.9,40729.45,AS-JIA-01
2020-07-18,10.0,40827.15,AS-JIA-01
2020-07-19,30.8,43759.21,AS-JIA-01
2020-07-20,37.8,50604.35,AS-JIA-01
2020-07-21,26.5,51209.24,AS-JIA-01
2020-07-22,4.7,47795.97,AS-JIA-01
2020-07-23,8.2,42623.92,AS-JIA-01
2020-07-24,11.1,39197.18,AS-JIA-01
2020-07-25,2.4,36559.8,AS-JIA-01
2020-07-26,22.1,34840.85,AS-JIA-01
2020-07-27,44.1,33683.79,AS-JIA-01
2020-07-28,19.4,32959.45,AS-JIA-01
2020-07-29,25.4,34924.92,AS-JIA-01
2020-07-30,6.7,38359.77,AS-JIA-01
2020-07-31,4.7,36647.84,AS-JIA-01
2020-08-01,2.5,33039.19,AS-JIA-01
2020-08-02,3.3,30428.31,AS-JIA-01
2020-08-03,0.6,28634.83,AS-JIA-01
2020-08-04,4.4,27139.76,AS-JIA-01
2020-08-05,0.1,25844.77,AS-JIA-01
2020-08-06,11.7,24729.19,AS-JIA-01
2020-08-07,2.5,24487.51,AS-JIA-01
2020-08-08,29.3,25844.77,AS-JIA-01
2020-08-09,20.4,28357.35,AS-JIA-01
2020-08-10,2.3,29770.75,AS-JIA-01
2020-08-11,18.4,30799.57,AS-JIA-01
2020-08-12,12.3,31555.01,AS-JIA-01
2020-08-13,26.0,30207.63,AS-JIA-01
2020-08-14,16.8,29197.57,AS-JIA-01
2020-08-15,21.8,29770.75,AS-JIA-01
2020-08-16,4.2,32249.97,AS-JIA-01
2020-08-17,27.2,34092.74,AS-JIA-01
2020-08-18,2.2,32959.45,AS-JIA-01
2020-08-19,12.6,30061.31,AS-JIA-01
2020-08-20,17.0,27674.67,AS-JIA-01
2020-08-21,8.2,25971.59,AS-JIA-01
2020-08-22,15.0,24427.41,AS-JIA-01
2020-08-23,3.7,23083.19,AS-JIA-01
2020-08-24,3.6,21862.34,AS-JIA-01
2020-08-25,7.6,21064.67,AS-JIA-01
2020-08-26,7.7,20446.09,AS-JIA-01
2020-08-27,1.5,19794.98,AS-JIA-01
2020-08-28,4.8,19403.88,AS-JIA-01
2020-08-29,7.3,19696.53,AS-JIA-01
2020-08-30,11.6,20497.02,AS-JIA-01
2020-08-31,22.3,19794.98,AS-JIA-01
2020-09-01,2.8,18642.97,AS-JIA-01
2020-09-02,0.0,17641.42,AS-JIA-01
2020-09-03,2.1,16858.91,AS-JIA-01
2020-09-04,4.7,16437.97,AS-JIA-01
2020-09-05,14.9,17775.03,AS-JIA-01
2020-09-06,6.5,21012.47,AS-JIA-01
2020-09-07,6.5,21700.59,AS-JIA-01
2020-09-08,14.6,20043.11,AS-JIA-01
2020-09-09,9.1,18503.38,AS-JIA-01
2020-09-10,11.3,17819.77,AS-JIA-01
2020-09-11,12.4,18596.34,AS-JIA-01
2020-09-12,17.4,20856.59,AS-JIA-01
2020-09-13,13.4,22800.26,AS-JIA-01
2020-09-14,9.0,23140.16,AS-JIA-01
2020-09-15,3.5,23427.02,AS-JIA-01
2020-09-16,11.5,24248.02,AS-JIA-01
2020-09-17,3.7,24668.56,AS-JIA-01
2020-09-18,0.5,22800.26,AS-JIA-01
2020-09-19,0.0,20294.11,AS-JIA-01
2020-09-20,0.5,19019.92,AS-JIA-01
2020-09-21,14.8,18642.97,AS-JIA-01
2020-09-22,53.0,19355.5,AS-JIA-01
2020-09-23,26.4,20856.59,AS-JIA-01
2020-09-24,17.2,23254.5,AS-JIA-01
2020-09-25,17.0,28357.35,AS-JIA-01
2020-09-26,11.5,33119.11,AS-JIA-01
2020-09-27,8.6,34092.74,AS-JIA-01
2020-09-28,3.4,30207.63,AS-JIA-01
2020-09-29,1.3,25844.77,AS-JIA-01
2020-09-30,0.5,22856.58,AS-JIA-01
2020-10-01,1.6,21064.67,AS-JIA-01
2020-10-02,13.5,20548.02,AS-JIA-01
2020-10-03,17.8,20753.25,AS-JIA-01
2020-10-04,18.5,22025.19,AS-JIA-01
2020-10-05,28.9,23775.65,AS-JIA-01
2020-10-06,12.8,26099.03,AS-JIA-01
2020-10-07,15.5,27540.03,AS-JIA-01
2020-10-08,0.8,25219.28,AS-JIA-01
2020-10-09,0.0,22134.38,AS-JIA-01
2020-10-10,0.4,19943.52,AS-JIA-01
2020-10-11,0.8,18457.07,AS-JIA-01
2020-10-12,1.0,17289.63,AS-JIA-01
2020-10-13,0.0,16313.58,AS-JIA-01
2020-10-14,0.1,15387.86,AS-JIA-01
2020-10-15,0.0,14547.12,AS-JIA-01
2020-10-16,0.0,13747.9,AS-JIA-01
2020-10-17,0.0,13021.85,AS-JIA-01
2020-10-18,7.7,12362.27,AS-JIA-01
2020-10-19,2.4,11887.16,AS-JIA-01
2020-10-20,2.5,11701.65,AS-JIA-01
2020-10-21,0.0,11763.19,AS-JIA-01
2020-10-22,11.2,11732.38,AS-JIA-01
2020-10-23,66.9,13089.5,AS-JIA-01
2020-10-24,34.7,15466.44,AS-JIA-01
2020-10-25,2.8,16816.37,AS-JIA-01
2020-10-26,1.2,15986.02,AS-JIA-01
2020-10-27,0.0,14178.8,AS-JIA-01
2020-10-28,0.0,12754.37,AS-JIA-01
2020-10-29,0.0,11732.38,AS-JIA-01
2020-10-30,0.0,10897.89,AS-JIA-01
2020-10-31,0.5,10196.91,AS-JIA-01
2020-11-01,7.7,9690.52,AS-JIA-01
2020-11-02,3.7,9280.95,AS-JIA-01
2020-11-03,4.9,9131.21,AS-JIA-01
2020-11-04,0.0,9664.49,AS-JIA-01
2020-11-05,0.0,11160.27,AS-JIA-01
2020-11-06,0.0,11248.95,AS-JIA-01
2020-11-07,0.0,10061.51,AS-JIA-01
2020-11-08,0.0,9032.51,AS-JIA-01
2020-11-09,0.0,8252.11,AS-JIA-01
2020-11-10,0.0,7656.28,AS-JIA-01
2020-11-11,0.0,7156.86,AS-JIA-01
2020-11-12,0.0,6703.47,AS-JIA-01
2020-11-13,0.0,6309.96,AS-JIA-01
2020-11-14,0.0,5935.02,AS-JIA-01
2020-11-15,0.0,5594.4,AS-JIA-01
2020-11-16,0.0,5269.12,AS-JIA-01
2020-11-17,1.3,4988.89,AS-JIA-01
2020-11-18,1.3,4793.62,AS-JIA-01
2020-11-19,1.6,4632.88,AS-JIA-01
2020-11-20,3.7,4546.91,AS-JIA-01
2020-11-21,1.8,4504.37,AS-JIA-01
2020-11-22,0.2,4420.17,AS-JIA-01
2020-11-23,0.0,4462.12,AS-JIA-01
2020-11-24,0.0,4504.37,AS-JIA-01
2020-11-25,0.0,4296.01,AS-JIA-01
2020-11-26,0.0,4003.15,AS-JIA-01
2020-11-27,0.0,3737.1,AS-JIA-01
2020-11-28,0.0,3519.08,AS-JIA-01
2020-11-29,0.0,3321.3,AS-JIA-01
2020-11-30,0.0,3142.1,AS-JIA-01
2020-12-01,0.0,2979.99,AS-JIA-01
2020-12-02,0.0,2823.39,AS-JIA-01
2020-12-03,0.0,2682.02,AS-JIA-01
2020-12-04,0.0,2554.77,AS-JIA-01
2020-12-05,0.0,2468.88,AS-JIA-01
2020-12-06,2.6,2403.3,AS-JIA-01
2020-12-07,0.1,2338.76,AS-JIA-01
2020-12-08,0.0,2284.27,AS-JIA-01
2020-12-09,0.0,2221.63,AS-JIA-01
2020-12-10,0.0,2133.88,AS-JIA-01
2020-12-11,0.0,2039.68,AS-JIA-01
2020-12-12,0.0,1956.08,AS-JIA-01
2020-12-13,0.5,1923.17,AS-JIA-01
2020-12-14,0.2,1915.0,AS-JIA-01
2020-12-15,0.0,1890.57,AS-JIA-01
2020-12-16,0.2,1874.38,AS-JIA-01
2020-12-17,0.8,1939.59,AS-JIA-01
2020-12-18,0.0,1939.59,AS-JIA-01
2020-12-19,0.0,1906.84,AS-JIA-01
2020-12-20,0.0,1906.84,AS-JIA-01
2020-12-21,0.0,1874.38,AS-JIA-01
2020-12-22,0.0,1794.54,AS-JIA-01
2020-12-23,0.0,1701.14,AS-JIA-01
2020-12-24,0.0,1610.28,AS-JIA-01
2020-12-25,0.0,1529.16,AS-JIA-01
2020-12-26,0.0,1464.3,AS-JIA-01
2020-12-27,0.0,1407.77,AS-JIA-01
2020-12-28,0.0,1359.15,AS-JIA-01
2020-12-29,0.0,1311.31,AS-JIA-01
2020-12-30,0.0,1257.57,AS-JIA-01
2020-12-31,0.0,1204.81,AS-JIA-01
2021-01-01,0.0,1153.01,AS-JIA-01
2021-01-02,0.0,1095.88,AS-JIA-01
2021-01-03,0.0,1046.06,AS-JIA-01
2021-01-04,0.0,997.17,AS-JIA-01
2021-01-05,0.0,943.23,AS-JIA-01
2021-01-06,0.0,907.87,AS-JIA-01
2021-01-07,0.0,878.79,AS-JIA-01
2021-01-08,0.0,855.77,AS-JIA-01
2021-01-09,0.0,844.33,AS-JIA-01
2021-01-10,1.2,844.33,AS-JIA-01
2021-01-11,0.5,844.33,AS-JIA-01
2021-01-12,0.6,850.04,AS-JIA-01
2021-01-13,0.0,855.77,AS-JIA-01
2021-01-14,0.0,867.25,AS-JIA-01
2021-01-15,0.0,884.58,AS-JIA-01
2021-01-16,0.0,878.79,AS-JIA-01
2021-01-17,0.0,855.77,AS-JIA-01
2021-01-18,0.0,832.94,AS-JIA-01
2021-01-19,4.1,919.6,AS-JIA-01
2021-01-20,7.1,1102.17,AS-JIA-01
2021-01-21,0.2,1133.84,AS-JIA-01
2021-01-22,0.0,1114.79,AS-JIA-01
2021-01-23,0.0,1114.79,AS-JIA-01
2021-01-24,0.7,1121.13,AS-JIA-01
2021-01-25,0.0,1108.47,AS-JIA-01
2021-01-26,0.0,1077.09,AS-JIA-01
2021-01-27,0.0,1046.06,AS-JIA-01
2021-01-28,0.0,1021.51,AS-JIA-01
2021-01-29,0.3,997.17,AS-JIA-01
2021-01-30,2.7,973.06,AS-JIA-01
2021-01-31,0.0,943.23,AS-JIA-01
2021-02-01,0.0,907.87,AS-JIA-01
2021-02-02,0.0,873.02,AS-JIA-01
2021-02-03,0.0,838.63,AS-JIA-01
2021-02-04,0.0,799.11,AS-JIA-01
2021-02-05,0.0,760.23,AS-JIA-01
2021-02-06,0.2,721.97,AS-JIA-01
2021-02-07,0.0,652.52,AS-JIA-01
2021-02-08,0.0,564.78,AS-JIA-01
2021-02-09,0.0,485.28,AS-JIA-01
2021-02-10,0.0,427.55,AS-JIA-01
2021-02-11,0.0,385.29,AS-JIA-01
2021-02-12,0.0,353.03,AS-JIA-01
2021-02-13,0.0,325.77,AS-JIA-01
2021-02-14,0.7,303.35,AS-JIA-01
2021-02-15,1.3,303.35,AS-JIA-01
2021-02-16,0.0,330.29,AS-JIA-01
2021-02-17,0.0,348.46,AS-JIA-01
2021-02-18,0.7,353.03,AS-JIA-01
2021-02-19,0.0,366.79,AS-JIA-01
2021-02-20,0.0,389.95,AS-JIA-01
2021-02-21,0.0,418.09,AS-JIA-01
2021-02-22,0.0,441.84,AS-JIA-01
2021-02-23,0.0,437.06,AS-JIA-01
2021-02-24,0.0,408.67,AS-JIA-01
2021-02-25,1.3,376.02,AS-JIA-01
2021-02-26,2.6,353.03,AS-JIA-01
2021-02-27,3.6,403.97,AS-JIA-01
2021-02-28,2.2,595.35,AS-JIA-01
2021-03-01,0.3,827.28,AS-JIA-01
2021-03-02,0.2,997.17,AS-JIA-01
2021-03-03,0.0,1185.27,AS-JIA-01
2021-03-04,0.9,1457.18,AS-JIA-01
2021-03-05,1.2,1662.97,AS-JIA-01
2021-03-06,1.0,1716.53,AS-JIA-01
2021-03-07,0.0,1763.13,AS-JIA-01
2021-03-08,0.1,1882.46,AS-JIA-01
2021-03-09,2.2,1931.37,AS-JIA-01
2021-03-10,4.9,1818.31,AS-JIA-01
2021-03-11,1.3,1685.81,AS-JIA-01
2021-03-12,1.0,1580.54,AS-JIA-01
2021-03-13,0.0,1573.15,AS-JIA-01
2021-03-14,0.8,1716.53,AS-JIA-01
2021-03-15,0.2,1818.31,AS-JIA-01
2021-03-16,0.0,1826.26,AS-JIA-01
2021-03-17,0.0,1802.45,AS-JIA-01
2021-03-18,0.0,1778.79,AS-JIA-01
2021-03-19,0.0,1739.74,AS-JIA-01
2021-03-20,0.0,1739.74,AS-JIA-01
2021-03-21,0.0,1794.54,AS-JIA-01
2021-03-22,0.0,1923.17,AS-JIA-01
2021-03-23,0.0,2186.29,AS-JIA-01
2021-03-24,0.0,2311.41,AS-JIA-01
2021-03-25,0.0,2203.92,AS-JIA-01
2021-03-26,0.0,2133.88,AS-JIA-01
2021-03-27,0.0,2239.43,AS-JIA-01
2021-03-28,0.0,2248.35,AS-JIA-01
2021-03-29,1.8,2073.67,AS-JIA-01
2021-03-30,30.6,1956.08,AS-JIA-01
2021-03-31,8.3,2065.13,AS-JIA-01
2021-04-01,10.6,2516.37,AS-JIA-01
2021-04-02,2.1,3390.22,AS-JIA-01
2021-04-03,0.2,4676.32,AS-JIA-01
2021-04-04,1.0,4943.31,AS-JIA-01
2021-04-05,0.0,4518.52,AS-JIA-01
2021-04-06,0.0,3887.55,AS-JIA-01
2021-04-07,4.2,3390.22,AS-JIA-01
2021-04-08,5.2,3109.23,AS-JIA-01
2021-04-09,1.5,3098.33,AS-JIA-01
2021-04-10,0.5,3425.04,AS-JIA-01
2021-04-11,2.3,5528.13,AS-JIA-01
2021-04-12,1.0,7656.28,AS-JIA-01
2021-04-13,7.0,7592.33,AS-JIA-01
2021-04-14,3.5,7177.12,AS-JIA-01
2021-04-15,1.4,6476.27,AS-JIA-01
2021-04-16,10.1,5779.8,AS-JIA-01
2021-04-17,7.4,5381.27,AS-JIA-01
2021-04-18,13.9,5561.19,AS-JIA-01
2021-04-19,4.9,6365.02,AS-JIA-01
2021-04-20,0.5,7528.82,AS-JIA-01
2021-04-21,1.4,7699.15,AS-JIA-01
2021-04-22,2.0,6976.59,AS-JIA-01
2021-04-23,0.0,6494.97,AS-JIA-01
2021-04-24,0.0,6383.45,AS-JIA-01
2021-04-25,0.0,5935.02,AS-JIA-01
2021-04-26,0.1,5511.67,AS-JIA-01
2021-04-27,0.6,5253.24,AS-JIA-01
2021-04-28,0.3,4988.89,AS-JIA-01
2021-04-29,0.0,4690.86,AS-JIA-01
2021-04-30,0.5,4420.17,AS-JIA-01
2021-05-01,7.6,4174.41,AS-JIA-01
2021-05-02,1.0,3977.25,AS-JIA-01
2021-05-03,0.0,3836.94,AS-JIA-01
2021-05-04,3.6,3737.1,AS-JIA-01
2021-05-05,5.9,3724.75,AS-JIA-01
2021-05-06,5.3,3887.55,AS-JIA-01
2021-05-07,7.0,4107.93,AS-JIA-01
2021-05-08,2.5,4187.79,AS-JIA-01
2021-05-09,22.4,4546.91,AS-JIA-01
2021-05-10,17.1,5285.03,AS-JIA-01
2021-05-11,17.9,5661.28,AS-JIA-01
2021-05-12,15.0,5711.84,AS-JIA-01
2021-05-13,17.1,6147.04,AS-JIA-01
2021-05-14,18.2,7096.35,AS-JIA-01
2021-05-15,18.2,8959.09,AS-JIA-01
2021-05-16,13.8,9901.05,AS-JIA-01
2021-05-17,15.9,8837.84,AS-JIA-01
2021-05-18,19.1,7982.72,AS-JIA-01
2021-05-19,7.1,8229.39,AS-JIA-01
2021-05-20,4.2,10306.38,AS-JIA-01
2021-05-21,22.4,15664.43,AS-JIA-01
2021-05-22,11.9,18503.38,AS-JIA-01
2021-05-23,6.7,16149.03,AS-JIA-01
2021-05-24,6.3,13536.87,AS-JIA-01
2021-05-25,4.6,12688.28,AS-JIA-01
2021-05-26,50.0,15466.44,AS-JIA-01
2021-05-27,1.3,18503.38,AS-JIA-01
2021-05-28,0.6,19598.55,AS-JIA-01
2021-05-29,0.7,18272.9,AS-JIA-01
2021-05-30,7.3,17641.42,AS-JIA-01
2021-05-31,72.1,18503.38,AS-JIA-01
2021-06-01,7.3,18642.97,AS-JIA-01
2021-06-02,6.8,18272.9,AS-JIA-01
2021-06-03,1.9,18642.97,AS-JIA-01
2021-06-04,23.0,19211.02,AS-JIA-01
2021-06-05,155.8,19647.48,AS-JIA-01
2021-06-06,43.2,19696.53,AS-JIA-01
2021-06-07,34.8,20093.07,AS-JIA-01
2021-06-08,5.8,21970.78,AS-JIA-01
2021-06-09,1.0,25157.53,AS-JIA-01
2021-06-10,0.9,23197.26,AS-JIA-01
2021-06-11,15.0,20344.66,AS-JIA-01
2021-06-12,15.8,19893.9,AS-JIA-01
2021-06-13,2.1,19696.53,AS-JIA-01
2021-06-14,9.2,19355.5,AS-JIA-01
2021-06-15,8.0,19549.72,AS-JIA-01
2021-06-16,5.1,20344.66,AS-JIA-01
2021-06-17,1.5,21327.5,AS-JIA-01
2021-06-18,5.0,21646.91,AS-JIA-01
2021-06-19,2.5,22079.72,AS-JIA-01
2021-06-20,2.8,21808.28,AS-JIA-01
2021-06-21,5.9,21012.47,AS-JIA-01
2021-06-22,64.0,21117.0,AS-JIA-01
2021-06-23,2.4,22632.07,AS-JIA-01
2021-06-24,3.0,22856.58,AS-JIA-01
2021-06-25,4.0,22800.26,AS-JIA-01
2021-06-26,4.2,22913.03,AS-JIA-01
2021-06-27,2.7,22913.03,AS-JIA-01
2021-06-28,3.0,23311.89,AS-JIA-01
2021-06-29,22.5,26099.03,AS-JIA-01
2021-06-30,15.9,29626.44,AS-JIA-01
2021-07-01,5.6,30576.3,AS-JIA-01
2021-07-02,3.9,30502.22,AS-JIA-01
2021-07-03,2.9,30874.34,AS-JIA-01
2021-07-04,8.6,29126.64,AS-JIA-01
2021-07-05,4.4,26941.67,AS-JIA-01
2021-07-06,35.0,26549.64,AS-JIA-01
2021-07-07,10.0,26941.67,AS-JIA-01
2021-07-08,3.4,26941.67,AS-JIA-01
2021-07-09,16.1,26227.02,AS-JIA-01
2021-07-10,13.6,27809.94,AS-JIA-01
2021-07-11,9.1,28774.56,AS-JIA-01
2021-07-12,2.2,26744.98,AS-JIA-01
2021-07-13,26.4,25157.53,AS-JIA-01
2021-07-14,4.8,24729.19,AS-JIA-01
2021-07-15,2.5,24427.41,AS-JIA-01
2021-07-16,10.7,23892.92,AS-JIA-01
2021-07-17,22.3,23775.65,AS-JIA-01
2021-07-18,20.1,23369.39,AS-JIA-01
2021-07-19,19.5,23026.35,AS-JIA-01
2021-07-20,9.3,22244.1,AS-JIA-01
2021-07-21,15.6,21380.43,AS-JIA-01
2021-07-22,17.4,20650.4,AS-JIA-01
2021-07-23,1.7,19893.9,AS-JIA-01
2021-07-24,10.7,19403.88,AS-JIA-01
2021-07-25,9.3,19019.92,AS-JIA-01
2021-07-26,3.2,18877.75,AS-JIA-01
2021-07-27,1.8,19696.53,AS-JIA-01
2021-07-28,28.3,19943.52,AS-JIA-01
2021-07-29,9.7,19893.9,AS-JIA-01
2021-07-30,16.0,20446.09,AS-JIA-01
2021-07-31,46.4,20650.4,AS-JIA-01
2021-08-01,9.8,19943.52,AS-JIA-01
2021-08-02,0.7,18830.56,AS-JIA-01
2021-08-03,1.5,17685.87,AS-JIA-01
2021-08-04,2.8,16689.37,AS-JIA-01
2021-08-05,8.3,15905.06,AS-JIA-01
2021-08-06,20.8,15466.44,AS-JIA-01
2021-08-07,14.1,15270.69,AS-JIA-01
2021-08-08,2.7,15986.02,AS-JIA-01
2021-08-09,5.9,17030.0,AS-JIA-01
2021-08-10,7.5,17597.1,AS-JIA-01
2021-08-11,38.7,19067.53,AS-JIA-01
2021-08-12,6.7,20446.09,AS-JIA-01
2021-08-13,13.6,22688.0,AS-JIA-01
2021-08-14,9.1,26549.64,AS-JIA-01
2021-08-15,5.6,27206.08,AS-JIA-01
2021-08-16,13.9,24973.12,AS-JIA-01
2021-08-17,29.1,23369.39,AS-JIA-01
2021-08-18,28.9,23658.89,AS-JIA-01
2021-08-19,11.8,25157.53,AS-JIA-01
2021-08-20,7.4,26810.39,AS-JIA-01
2021-08-21,0.9,25908.1,AS-JIA-01
2021-08-22,7.0,24427.41,AS-JIA-01
2021-08-23,13.8,24069.84,AS-JIA-01
2021-08-24,22.1,24188.5,AS-JIA-01
2021-08-25,9.5,27339.18,AS-JIA-01
2021-08-26,15.1,38451.96,AS-JIA-01
2021-08-27,15.0,45030.94,AS-JIA-01
2021-08-28,9.1,42828.23,AS-JIA-01
2021-08-29,19.6,40534.83,AS-JIA-01
2021-08-30,31.1,36736.08,AS-JIA-01
2021-08-31,10.1,32563.46,AS-JIA-01
2021-09-01,25.6,29915.69,AS-JIA-01
2021-09-02,12.2,28357.35,AS-JIA-01
2021-09-03,1.8,26810.39,AS-JIA-01
2021-09-04,4.6,25530.23,AS-JIA-01
2021-09-05,1.8,24487.51,AS-JIA-01
2021-09-06,24.1,24729.19,AS-JIA-01
2021-09-07,7.1,24850.86,AS-JIA-01
2021-09-08,4.9,24129.12,AS-JIA-01
2021-09-09,0.2,22969.64,AS-JIA-01
2021-09-10,0.0,22134.38,AS-JIA-01
2021-09-11,0.0,21380.43,AS-JIA-01
2021-09-12,0.0,20548.02,AS-JIA-01
2021-09-13,0.0,19745.7,AS-JIA-01
2021-09-14,1.3,19019.92,AS-JIA-01
2021-09-15,5.7,18181.42,AS-JIA-01
2021-09-16,12.1,17508.74,AS-JIA-01
2021-09-17,35.1,17730.39,AS-JIA-01
2021-09-18,11.4,20548.02,AS-JIA-01
2021-09-19,1.0,21700.59,AS-JIA-01
2021-09-20,1.0,20043.11,AS-JIA-01
2021-09-21,18.9,18181.42,AS-JIA-01
2021-09-22,0.6,17116.15,AS-JIA-01
2021-09-23,0.2,16190.02,AS-JIA-01
2021-09-24,0.0,15309.66,AS-JIA-01
2021-09-25,0.0,14509.9,AS-JIA-01
2021-09-26,0.0,13854.51,AS-JIA-01
2021-09-27,1.8,13432.43,AS-JIA-01
2021-09-28,1.6,13055.65,AS-JIA-01
2021-09-29,5.5,12655.34,AS-JIA-01
2021-09-30,0.7,12170.25,AS-JIA-01
2021-10-01,1.8,11609.86,AS-JIA-01
2021-10-02,18.4,11189.77,AS-JIA-01
2021-10-03,9.2,11701.65,AS-JIA-01
2021-10-04,7.1,12820.78,AS-JIA-01
2021-10-05,2.4,12820.78,AS-JIA-01
2021-10-06,0.4,12075.23,AS-JIA-01
2021-10-07,3.2,11189.77,AS-JIA-01
2021-10-08,2.7,10528.34,AS-JIA-01
2021-10-09,4.6,10007.77,AS-JIA-01
2021-10-10,0.0,9509.48,AS-JIA-01
2021-10-11,0.0,9007.98,AS-JIA-01
2021-10-12,0.0,8552.49,AS-JIA-01
2021-10-13,0.0,8116.48,AS-JIA-01
2021-10-14,0.0,7677.69,AS-JIA-01
2021-10-15,0.0,7258.64,AS-JIA-01
2021-10-16,2.7,6878.02,AS-JIA-01
2021-10-17,1.6,6608.04,AS-JIA-01
2021-10-18,28.8,6439.02,AS-JIA-01
2021-10-19,21.6,6722.69,AS-JIA-01
2021-10-20,7.8,7960.6,AS-JIA-01
2021-10-21,0.5,10955.72,AS-JIA-01
2021-10-22,0.0,15466.44,AS-JIA-01
2021-10-23,0.0,14398.77,AS-JIA-01
2021-10-24,0.0,11308.41,AS-JIA-01
2021-10-25,2.0,9560.92,AS-JIA-01
2021-10-26,0.3,8599.5,AS-JIA-01
2021-10-27,0.0,7960.6,AS-JIA-01
2021-10-28,0.0,7444.83,AS-JIA-01
2021-10-29,0.0,7016.32,AS-JIA-01
2021-10-30,0.0,6608.04,AS-JIA-01
2021-10-31,0.0,6255.28,AS-JIA-01
2021-11-01,0.0,5935.02,AS-JIA-01
2021-11-02,0.0,5661.28,AS-JIA-01
2021-11-03,0.0,5429.88,AS-JIA-01
2021-11-04,0.0,5205.83,AS-JIA-01
2021-11-05,0.0,4973.67,AS-JIA-01
2021-11-06,0.0,4734.69,AS-JIA-01
2021-11-07,0.0,4518.52,AS-JIA-01
2021-11-08,0.0,4296.01,AS-JIA-01
2021-11-09,0.0,4081.55,AS-JIA-01
2021-11-10,0.0,3874.86,AS-JIA-01
2021-11-11,0.0,3687.87,AS-JIA-01
2021-11-12,0.0,3507.22,AS-JIA-01
2021-11-13,0.0,3344.17,AS-JIA-01
2021-11-14,0.0,3186.28,AS-JIA-01
2021-11-15,0.0,3054.95,AS-JIA-01
2021-11-16,0.0,2927.19,AS-JIA-01
2021-11-17,0.0,2813.14,AS-JIA-01
2021-11-18,0.0,2701.94,AS-JIA-01
2021-11-19,0.0,2583.8,AS-JIA-01
2021-11-20,0.0,2468.88,AS-JIA-01
2021-11-21,0.0,2366.29,AS-JIA-01
2021-11-22,1.6,2302.35,AS-JIA-01
2021-11-23,0.2,2284.27,AS-JIA-01
2021-11-24,0.0,2302.35,AS-JIA-01
2021-11-25,0.0,2320.51,AS-JIA-01
2021-11-26,0.0,2293.29,AS-JIA-01
2021-11-27,0.0,2230.51,AS-JIA-01
2021-11-28,0.0,2142.57,AS-JIA-01
2021-11-29,0.0,2048.14,AS-JIA-01
2021-11-30,0.0,1964.35,AS-JIA-01
2021-12-01,0.0,1874.38,AS-JIA-01
2021-12-02,0.0,1794.54,AS-JIA-01
2021-12-03,0.0,1708.82,AS-JIA-01
2021-12-04,0.0,1632.75,AS-JIA-01
2021-12-05,0.0,1573.15,AS-JIA-01
2021-12-06,0.0,1514.62,AS-JIA-01
2021-12-07,0.2,1529.16,AS-JIA-01
2021-12-08,0.0,1551.08,AS-JIA-01
2021-12-09,0.0,1655.39,AS-JIA-01
2021-12-10,0.4,1763.13,AS-JIA-01
2021-12-11,0.0,1716.53,AS-JIA-01
2021-12-12,0.0,1640.28,AS-JIA-01
2021-12-13,0.0,1602.81,AS-JIA-01
2021-12-14,0.0,1558.42,AS-JIA-01
2021-12-15,0.0,1500.16,AS-JIA-01
2021-12-16,0.0,1435.9,AS-JIA-01
2021-12-17,0.0,1372.96,AS-JIA-01
2021-12-18,0.0,1318.1,AS-JIA-01
2021-12-19,0.0,1264.23,AS-JIA-01
2021-12-20,0.0,1217.91,AS-JIA-01
2021-12-21,0.0,1165.87,AS-JIA-01
2021-12-22,0.4,1121.13,AS-JIA-01
2021-12-23,0.0,1077.09,AS-JIA-01
2021-12-24,0.0,1033.76,AS-JIA-01
2021-12-25,0.2,997.17,AS-JIA-01
2021-12-26,0.2,961.08,AS-JIA-01
2021-12-27,0.0,949.17,AS-JIA-01
2021-12-28,0.0,937.3,AS-JIA-01
2021-12-29,0.0,913.73,AS-JIA-01
2021-12-30,0.6,913.73,AS-JIA-01
2021-12-31,0.0,913.73,AS-JIA-01
2022-01-01,0.0,907.87,AS-JIA-01
2022-01-02,0.0,925.49,AS-JIA-01
2022-01-03,0.0,925.49,AS-JIA-01
2022-01-04,0.0,902.03,AS-JIA-01
2022-01-05,0.0,855.77,AS-JIA-01
2022-01-06,0.0,810.34,AS-JIA-01
2022-01-07,0.0,771.28,AS-JIA-01
2022-01-08,0.0,738.29,AS-JIA-01
2022-01-09,0.0,716.55,AS-JIA-01
2022-01-10,0.0,716.55,AS-JIA-01
2022-01-11,0.1,732.83,AS-JIA-01
2022-01-12,7.2,754.73,AS-JIA-01
2022-01-13,0.4,799.11,AS-JIA-01
2022-01-14,0.0,867.25,AS-JIA-01
2022-01-15,0.0,973.06,AS-JIA-01
2022-01-16,0.0,1052.24,AS-JIA-01
2022-01-17,0.0,1039.91,AS-JIA-01
2022-01-18,0.0,979.06,AS-JIA-01
2022-01-19,0.0,907.87,AS-JIA-01
2022-01-20,0.1,844.33,AS-JIA-01
2022-01-21,2.3,804.72,AS-JIA-01
2022-01-22,1.0,804.72,AS-JIA-01
2022-01-23,0.2,810.34,AS-JIA-01
2022-01-24,0.2,832.94,AS-JIA-01
2022-01-25,4.1,884.58,AS-JIA-01
2022-01-26,6.2,973.06,AS-JIA-01
2022-01-27,5.6,1121.13,AS-JIA-01
2022-01-28,0.0,1297.78,AS-JIA-01
2022-01-29,0.0,1428.85,AS-JIA-01
2022-01-30,0.0,1414.78,AS-JIA-01
2022-01-31,4.7,1304.54,AS-JIA-01
2022-02-01,16.8,1237.67,AS-JIA-01
2022-02-02,0.0,1198.29,AS-JIA-01
2022-02-03,0.0,1185.27,AS-JIA-01
2022-02-04,11.1,1284.32,AS-JIA-01
2022-02-05,9.8,1393.8,AS-JIA-01
2022-02-06,0.0,1478.59,AS-JIA-01
2022-02-07,0.4,1610.28,AS-JIA-01
2022-02-08,1.1,1655.39,AS-JIA-01
2022-02-09,0.1,1565.78,AS-JIA-01
2022-02-10,10.1,1521.88,AS-JIA-01
2022-02-11,10.0,1551.08,AS-JIA-01
2022-02-12,3.7,1551.08,AS-JIA-01
2022-02-13,0.0,1610.28,AS-JIA-01
2022-02-14,0.0,1595.37,AS-JIA-01
2022-02-15,0.0,1471.44,AS-JIA-01
2022-02-16,0.0,1331.72,AS-JIA-01
2022-02-17,0.0,1237.67,AS-JIA-01
2022-02-18,0.0,1165.87,AS-JIA-01
2022-02-19,0.1,1140.22,AS-JIA-01
2022-02-20,24.9,1153.01,AS-JIA-01
2022-02-21,3.9,1204.81,AS-JIA-01
2022-02-22,0.0,1352.27,AS-JIA-01
2022-02-23,0.0,1435.9,AS-JIA-01
2022-02-24,0.0,1372.96,AS-JIA-01
2022-02-25,9.6,1277.6,AS-JIA-01
2022-02-26,0.4,1237.67,AS-JIA-01
2022-02-27,10.0,1264.23,AS-JIA-01
2022-02-28,7.7,1366.05,AS-JIA-01
2022-03-01,0.0,1464.3,AS-JIA-01
2022-03-02,0.0,1521.88,AS-JIA-01
2022-03-03,0.0,1529.16,AS-JIA-01
2022-03-04,0.0,1492.96,AS-JIA-01
2022-03-05,0.0,1414.78,AS-JIA-01
2022-03-06,0.0,1324.9,AS-JIA-01
2022-03-07,0.0,1250.92,AS-JIA-01
2022-03-08,0.0,1191.77,AS-JIA-01
2022-03-09,0.0,1140.22,AS-JIA-01
2022-03-10,0.0,1083.34,AS-JIA-01
2022-03-11,0.0,1027.62,AS-JIA-01
2022-03-12,0.0,985.08,AS-JIA-01
2022-03-13,0.0,949.17,AS-JIA-01
2022-03-14,0.0,931.39,AS-JIA-01
2022-03-15,0.0,919.6,AS-JIA-01
2022-03-16,0.0,902.03,AS-JIA-01
2022-03-17,0.0,884.58,AS-JIA-01
2022-03-18,0.0,867.25,AS-JIA-01
2022-03-19,0.1,913.73,AS-JIA-01
2022-03-20,0.0,1058.43,AS-JIA-01
2022-03-21,0.0,1284.32,AS-JIA-01
2022-03-22,0.0,2284.27,AS-JIA-01
2022-03-23,7.6,3390.22,AS-JIA-01
2022-03-24,6.2,3378.67,AS-JIA-01
2022-03-25,30.9,3590.76,AS-JIA-01
2022-03-26,7.8,4973.67,AS-JIA-01
2022-03-27,1.3,5694.94,AS-JIA-01
2022-03-28,7.1,5269.12,AS-JIA-01
2022-03-29,0.2,4490.25,AS-JIA-01
2022-03-30,0.6,4003.15,AS-JIA-01
2022-03-31,3.2,4201.22,AS-JIA-01
2022-04-01,32.3,6722.69,AS-JIA-01
2022-04-02,0.6,10088.46,AS-JIA-01
2022-04-03,21.9,10612.66,AS-JIA-01
2022-04-04,64.4,14547.12,AS-JIA-01
2022-04-05,13.8,18642.97,AS-JIA-01
2022-04-06,6.4,16901.53,AS-JIA-01
2022-04-07,8.6,13854.51,AS-JIA-01
2022-04-08,46.4,12012.26,AS-JIA-01
2022-04-09,0.0,10725.95,AS-JIA-01
2022-04-10,61.9,9981.0,AS-JIA-01
2022-04-11,0.0,9509.48,AS-JIA-01
2022-04-12,4.5,9032.51,AS-JIA-01
2022-04-13,28.1,9230.81,AS-JIA-01
2022-04-14,15.2,11949.55,AS-JIA-01
2022-04-15,16.6,18736.55,AS-JIA-01
2022-04-16,36.7,24911.93,AS-JIA-01
2022-04-17,35.5,26679.71,AS-JIA-01
2022-04-18,7.3,24547.72,AS-JIA-01
2022-04-19,4.6,19259.07,AS-JIA-01
2022-04-20,0.4,15624.65,AS-JIA-01
2022-04-21,0.2,13536.87,AS-JIA-01
2022-04-22,25.7,12491.78,AS-JIA-01
2022-04-23,22.5,12787.54,AS-JIA-01
2022-04-24,16.1,14923.99,AS-JIA-01
2022-04-25,8.1,16773.93,AS-JIA-01
2022-04-26,5.5,15945.49,AS-JIA-01
2022-04-27,4.3,14398.77,AS-JIA-01
2022-04-28,0.0,13363.21,AS-JIA-01
2022-04-29,14.1,12524.33,AS-JIA-01
2022-04-30,17.5,11887.16,AS-JIA-01
2022-05-01,0.0,11338.24,AS-JIA-01
2022-05-02,1.8,10869.06,AS-JIA-01
2022-05-03,21.3,11428.16,AS-JIA-01
2022-05-04,0.0,12556.97,AS-JIA-01
2022-05-05,0.0,12233.97,AS-JIA-01
2022-05-06,0.9,10955.72,AS-JIA-01
2022-05-07,1.1,9954.29,AS-JIA-01
2022-05-08,16.0,9280.95,AS-JIA-01
2022-05-09,9.6,8861.98,AS-JIA-01
2022-05-10,4.3,8886.19,AS-JIA-01
2022-05-11,37.7,9927.64,AS-JIA-01
2022-05-12,31.3,11763.19,AS-JIA-01
2022-05-13,59.2,13854.51,AS-JIA-01
2022-05-14,49.3,19115.25,AS-JIA-01
2022-05-15,39.5,24850.86,AS-JIA-01
2022-05-16,112.4,25281.22,AS-JIA-01
2022-05-17,75.8,26035.22,AS-JIA-01
2022-05-18,30.6,28565.22,AS-JIA-01
2022-05-19,22.2,29411.27,AS-JIA-01
2022-05-20,4.9,27809.94,AS-JIA-01
2022-05-21,16.0,24668.56,AS-JIA-01
2022-05-22,13.4,21916.49,AS-JIA-01
2022-05-23,0.8,19893.9,AS-JIA-01
2022-05-24,3.5,18503.38,AS-JIA-01
2022-05-25,7.9,17420.8,AS-JIA-01
2022-05-26,12.8,17333.25,AS-JIA-01
2022-05-27,16.8,18549.81,AS-JIA-01
2022-05-28,2.5,18181.42,AS-JIA-01
2022-05-29,0.7,16605.19,AS-JIA-01
2022-05-30,8.5,15505.85,AS-JIA-01
2022-05-31,14.6,14962.17,AS-JIA-01
2022-06-01,27.3,14847.92,AS-JIA-01
2022-06-02,42.7,15309.66,AS-JIA-01
2022-06-03,38.3,16354.95,AS-JIA-01
2022-06-04,16.3,17641.42,AS-JIA-01
2022-06-05,4.3,18364.77,AS-JIA-01
2022-06-06,10.5,18503.38,AS-JIA-01
2022-06-07,22.4,19211.02,AS-JIA-01
2022-06-08,21.9,22409.6,AS-JIA-01
2022-06-09,41.0,25781.58,AS-JIA-01
2022-06-10,18.7,27540.03,AS-JIA-01
2022-06-11,30.6,27945.86,AS-JIA-01
2022-06-12,44.7,29268.64,AS-JIA-01
2022-06-13,95.6,30874.34,AS-JIA-01
2022-06-14,80.0,31478.68,AS-JIA-01
2022-06-15,53.9,34924.92,AS-JIA-01
2022-06-16,113.9,41220.0,AS-JIA-01
2022-06-17,87.3,45789.16,AS-JIA-01
2022-06-18,25.5,44816.55,AS-JIA-01
2022-06-19,25.2,39765.19,AS-JIA-01
2022-06-20,8.5,35776.44,AS-JIA-01
2022-06-21,4.7,33279.55,AS-JIA-01
2022-06-22,8.8,31326.56,AS-JIA-01
2022-06-23,6.4,30949.27,AS-JIA-01
2022-06-24,29.1,32172.05,AS-JIA-01
2022-06-25,33.0,33683.79,AS-JIA-01
2022-06-26,7.7,34340.4,AS-JIA-01
2022-06-27,29.2,36384.3,AS-JIA-01
2022-06-28,36.6,40052.13,AS-JIA-01
2022-06-29,6.7,40244.57,AS-JIA-01
2022-06-30,53.4,36384.3,AS-JIA-01
2022-07-01,7.2,33199.25,AS-JIA-01
2022-07-02,16.2,31099.65,AS-JIA-01
2022-07-03,24.0,29915.69,AS-JIA-01
2022-07-04,4.4,28985.32,AS-JIA-01
2022-07-05,12.7,27877.84,AS-JIA-01
2022-07-06,10.9,27073.59,AS-JIA-01
2022-07-07,0.1,26035.22,AS-JIA-01
2022-07-08,7.8,25405.43,AS-JIA-01
2022-07-09,11.4,24729.19,AS-JIA-01
2022-07-10,11.1,24010.74,AS-JIA-01
2022-07-11,18.7,23775.65,AS-JIA-01
2022-07-12,11.8,23140.16,AS-JIA-01
2022-07-13,0.1,21808.28,AS-JIA-01
2022-07-14,0.0,20497.02,AS-JIA-01
2022-07-15,7.4,19403.88,AS-JIA-01
2022-07-16,8.1,18549.81,AS-JIA-01
2022-07-17,25.4,17819.77,AS-JIA-01
2022-07-18,1.7,17775.03,AS-JIA-01
2022-07-19,20.6,20143.18,AS-JIA-01
2022-07-20,22.5,23542.69,AS-JIA-01
2022-07-21,22.6,23951.76,AS-JIA-01
2022-07-22,5.1,24608.07,AS-JIA-01
2022-07-23,22.9,22520.57,AS-JIA-01
2022-07-24,40.7,20093.07,AS-JIA-01
2022-07-25,34.7,18596.34,AS-JIA-01
2022-07-26,5.0,17909.55,AS-JIA-01
2022-07-27,15.6,17464.73,AS-JIA-01
2022-07-28,14.9,16773.93,AS-JIA-01
2022-07-29,12.6,16396.41,AS-JIA-01
2022-07-30,43.8,16858.91,AS-JIA-01
2022-07-31,16.5,18272.9,AS-JIA-01
2022-08-01,3.2,18272.9,AS-JIA-01
2022-08-02,15.9,18642.97,AS-JIA-01
2022-08-03,18.9,17597.1,AS-JIA-01
2022-08-04,1.1,16479.62,AS-JIA-01
2022-08-05,19.5,15864.72,AS-JIA-01
2022-08-06,13.2,15427.09,AS-JIA-01
2022-08-07,30.2,15077.2,AS-JIA-01
2022-08-08,22.2,14696.84,AS-JIA-01
2022-08-09,10.2,14361.9,AS-JIA-01
2022-08-10,18.1,13925.99,AS-JIA-01
2022-08-11,0.4,13747.9,AS-JIA-01
2022-08-12,0.0,13606.88,AS-JIA-01
2022-08-13,10.1,12954.52,AS-JIA-01
2022-08-14,38.7,12265.94,AS-JIA-01
2022-08-15,1.1,11918.31,AS-JIA-01
2022-08-16,1.4,11732.38,AS-JIA-01
2022-08-17,2.0,11428.16,AS-JIA-01
2022-08-18,0.2,10984.75,AS-JIA-01
2022-08-19,5.6,10612.66,AS-JIA-01
2022-08-20,14.1,10612.66,AS-JIA-01
2022-08-21,1.8,10669.17,AS-JIA-01
2022-08-22,0.9,10444.63,AS-JIA-01
2022-08-23,2.4,10061.51,AS-JIA-01
2022-08-24,0.1,9716.64,AS-JIA-01
2022-08-25,0.3,9306.1,AS-JIA-01
2022-08-26,0.3,8959.09,AS-JIA-01
2022-08-27,39.7,8670.43,AS-JIA-01
2022-08-28,15.5,9007.98,AS-JIA-01
2022-08-29,10.7,11101.49,AS-JIA-01
2022-08-30,6.0,14288.42,AS-JIA-01
2022-08-31,12.9,14547.12,AS-JIA-01
2022-09-01,39.5,13432.43,AS-JIA-01
2022-09-02,21.1,13157.46,AS-JIA-01
2022-09-03,42.1,13536.87,AS-JIA-01
2022-09-04,24.4,15664.43,AS-JIA-01
2022-09-05,41.4,23026.35,AS-JIA-01
2022-09-06,11.7,32484.82,AS-JIA-01
2022-09-07,23.2,31708.22,AS-JIA-01
2022-09-08,1.5,27272.55,AS-JIA-01
2022-09-09,0.0,24850.86,AS-JIA-01
2022-09-10,0.0,23083.19,AS-JIA-01
2022-09-11,9.8,20446.09,AS-JIA-01
2022-09-12,33.6,18503.38,AS-JIA-01
2022-09-13,11.7,17376.99,AS-JIA-01
2022-09-14,1.9,16396.41,AS-JIA-01
2022-09-15,12.4,15784.33,AS-JIA-01
2022-09-16,20.0,15545.36,AS-JIA-01
2022-09-17,3.5,15584.96,AS-JIA-01
2022-09-18,0.4,15545.36,AS-JIA-01
2022-09-19,25.1,14962.17,AS-JIA-01
2022-09-20,9.1,14178.8,AS-JIA-01
2022-09-21,15.8,13571.84,AS-JIA-01
2022-09-22,18.4,13747.9,AS-JIA-01
2022-09-23,27.2,15154.32,AS-JIA-01
2022-09-24,19.1,18227.09,AS-JIA-01
2022-09-25,8.1,22688.0,AS-JIA-01
2022-09-26,6.4,24427.41,AS-JIA-01
2022-09-27,9.2,22134.38,AS-JIA-01
2022-09-28,9.7,19598.55,AS-JIA-01
2022-09-29,2.7,17954.63,AS-JIA-01
2022-09-30,0.0,16816.37,AS-JIA-01
2022-10-01,0.0,15824.48,AS-JIA-01
2022-10-02,0.0,14847.92,AS-JIA-01
2022-10-03,14.1,13997.82,AS-JIA-01
2022-10-04,19.8,13259.97,AS-JIA-01
2022-10-05,30.3,12887.51,AS-JIA-01
2022-10-06,5.9,13642.02,AS-JIA-01
2022-10-07,18.4,15545.36,AS-JIA-01
2022-10-08,37.5,16816.37,AS-JIA-01
2022-10-09,31.8,17730.39,AS-JIA-01
2022-10-10,49.9,19452.37,AS-JIA-01
2022-10-11,30.6,23311.89,AS-JIA-01
2022-10-12,18.4,28357.35,AS-JIA-01
2022-10-13,12.7,30134.36,AS-JIA-01
2022-10-14,5.1,28219.54,AS-JIA-01
2022-10-15,0.5,25281.22,AS-JIA-01
2022-10-16,0.0,22244.1,AS-JIA-01
2022-10-17,0.0,19647.48,AS-JIA-01
2022-10-18,0.1,17775.03,AS-JIA-01
2022-10-19,5.5,16437.97,AS-JIA-01
2022-10-20,0.0,15427.09,AS-JIA-01
2022-10-21,0.0,14547.12,AS-JIA-01
2022-10-22,0.0,13747.9,AS-JIA-01
2022-10-23,1.4,12954.52,AS-JIA-01
2022-10-24,40.6,12202.09,AS-JIA-01
2022-10-25,15.1,12721.28,AS-JIA-01
2022-10-26,1.9,15624.65,AS-JIA-01
2022-10-27,0.0,18503.38,AS-JIA-01
2022-10-28,0.0,17464.73,AS-JIA-01
2022-10-29,0.0,14772.2,AS-JIA-01
2022-10-30,0.0,12988.14,AS-JIA-01
2022-10-31,0.0,11794.08,AS-JIA-01
2022-11-01,0.0,10869.06,AS-JIA-01
2022-11-02,0.1,10088.46,AS-JIA-01
2022-11-03,0.0,9432.77,AS-JIA-01
2022-11-04,0.0,8837.84,AS-JIA-01
2022-11-05,0.0,8320.64,AS-JIA-01
2022-11-06,0.0,7828.98,AS-JIA-01
2022-11-07,0.0,7382.34,AS-JIA-01
2022-11-08,0.0,6976.59,AS-JIA-01
2022-11-09,0.0,6589.09,AS-JIA-01
2022-11-10,0.0,6237.14,AS-JIA-01
2022-11-11,0.0,5900.25,AS-JIA-01
2022-11-12,0.0,5577.77,AS-JIA-01
2022-11-13,0.0,5332.98,AS-JIA-01
2022-11-14,0.0,5081.02,AS-JIA-01
2022-11-15,0.0,4808.43,AS-JIA-01
2022-11-16,0.0,4575.44,AS-JIA-01
2022-11-17,0.0,4350.87,AS-JIA-01
2022-11-18,0.0,4134.43,AS-JIA-01
2022-11-19,0.0,3925.81,AS-JIA-01
2022-11-20,0.0,3724.75,AS-JIA-01
2022-11-21,0.0,3530.96,AS-JIA-01
2022-11-22,0.0,3344.17,AS-JIA-01
2022-11-23,0.0,3164.14,AS-JIA-01
2022-11-24,0.0,3001.29,AS-JIA-01
2022-11-25,0.0,2843.96,AS-JIA-01
2022-11-26,0.0,2711.93,AS-JIA-01
2022-11-27,0.0,2574.1,AS-JIA-01
2022-11-28,0.0,2450.04,AS-JIA-01
2022-11-29,0.0,2320.51,AS-JIA-01
2022-11-30,0.0,2203.92,AS-JIA-01
2022-12-01,0.0,2099.35,AS-JIA-01
2022-12-02,0.0,1997.64,AS-JIA-01
2022-12-03,0.0,1898.69,AS-JIA-01
2022-12-04,0.0,1810.37,AS-JIA-01
2022-12-05,0.0,1731.99,AS-JIA-01
2022-12-06,0.0,1655.39,AS-JIA-01
2022-12-07,0.0,1580.54,AS-JIA-01
2022-12-08,0.0,1514.62,AS-JIA-01
2022-12-09,0.0,1450.07,AS-JIA-01
2022-12-10,0.0,1393.8,AS-JIA-01
2022-12-11,0.0,1331.72,AS-JIA-01
2022-12-12,0.0,1277.6,AS-JIA-01
2022-12-13,0.0,1217.91,AS-JIA-01
2022-12-14,0.0,1165.87,AS-JIA-01
2022-12-15,0.0,1121.13,AS-JIA-01
2022-12-16,0.0,1070.86,AS-JIA-01
2022-12-17,0.0,1033.76,AS-JIA-01
2022-12-18,0.0,1009.31,AS-JIA-01
2022-12-19,0.0,991.12,AS-JIA-01
2022-12-20,0.0,967.06,AS-JIA-01
2022-12-21,0.0,943.23,AS-JIA-01
2022-12-22,0.0,913.73,AS-JIA-01
2022-12-23,0.0,896.21,AS-JIA-01
2022-12-24,0.4,878.79,AS-JIA-01
2022-12-25,4.5,855.77,AS-JIA-01
2022-12-26,4.4,873.02,AS-JIA-01
2022-12-27,3.9,979.06,AS-JIA-01
2022-12-28,0.0,1052.24,AS-JIA-01
2022-12-29,0.0,1114.79,AS-JIA-01
2022-12-30,0.0,1204.81,AS-JIA-01
2022-12-31,0.0,1159.44,AS-JIA-01
2023-01-01,0.0,1095.88,AS-JIA-01
2023-01-02,0.0,1046.06,AS-JIA-01
2023-01-03,0.0,1003.23,AS-JIA-01
2023-01-04,0.0,961.08,AS-JIA-01
2023-01-05,0.0,907.87,AS-JIA-01
2023-01-06,0.0,861.5,AS-JIA-01
2023-01-07,0.0,815.97,AS-JIA-01
2023-01-08,0.0,776.82,AS-JIA-01
2023-01-09,0.0,732.83,AS-JIA-01
2023-01-10,0.0,700.37,AS-JIA-01
2023-01-11,0.0,663.06,AS-JIA-01
2023-01-12,0.1,657.79,AS-JIA-01
2023-01-13,0.1,700.37,AS-JIA-01
2023-01-14,1.7,727.39,AS-JIA-01
2023-01-15,1.0,743.76,AS-JIA-01
2023-01-16,0.0,771.28,AS-JIA-01
2023-01-17,0.0,810.34,AS-JIA-01
2023-01-18,0.0,867.25,AS-JIA-01
2023-01-19,0.0,925.49,AS-JIA-01
2023-01-20,0.0,955.12,AS-JIA-01
2023-01-21,0.0,949.17,AS-JIA-01
2023-01-22,0.0,919.6,AS-JIA-01
2023-01-23,0.0,867.25,AS-JIA-01
2023-01-24,0.0,821.62,AS-JIA-01
2023-01-25,0.0,787.94,AS-JIA-01
2023-01-26,0.0,754.73,AS-JIA-01
2023-01-27,0.0,727.39,AS-JIA-01
2023-01-28,0.0,700.37,AS-JIA-01
2023-01-29,0.0,668.36,AS-JIA-01
2023-01-30,0.0,642.02,AS-JIA-01
2023-01-31,0.0,621.16,AS-JIA-01
2023-02-01,0.3,626.35,AS-JIA-01
2023-02-02,0.0,626.35,AS-JIA-01
2023-02-03,0.0,595.35,AS-JIA-01
2023-02-04,0.0,585.11,AS-JIA-01
2023-02-05,0.2,590.23,AS-JIA-01
2023-02-06,7.6,595.35,AS-JIA-01
2023-02-07,11.4,631.57,AS-JIA-01
2023-02-08,3.0,668.36,AS-JIA-01
2023-02-09,2.0,673.66,AS-JIA-01
2023-02-10,0.3,673.66,AS-JIA-01
2023-02-11,3.9,705.75,AS-JIA-01
2023-02-12,2.0,890.39,AS-JIA-01
2023-02-13,0.0,997.17,AS-JIA-01
2023-02-14,0.0,1217.91,AS-JIA-01
2023-02-15,0.0,1428.85,AS-JIA-01
2023-02-16,0.0,1338.55,AS-JIA-01
2023-02-17,0.0,1165.87,AS-JIA-01
2023-02-18,0.0,1015.4,AS-JIA-01
2023-02-19,0.0,907.87,AS-JIA-01
2023-02-20,3.1,832.94,AS-JIA-01
2023-02-21,14.5,867.25,AS-JIA-01
2023-02-22,16.8,1127.47,AS-JIA-01
2023-02-23,14.8,2632.63,AS-JIA-01
2023-02-24,0.0,4604.09,AS-JIA-01
2023-02-25,0.0,4214.66,AS-JIA-01
2023-02-26,0.0,3332.73,AS-JIA-01
2023-02-27,0.0,2762.24,AS-JIA-01
2023-02-28,0.0,2421.92,AS-JIA-01
2023-03-01,0.0,2212.77,AS-JIA-01
2023-03-02,0.0,2082.21,AS-JIA-01
2023-03-03,0.0,1964.35,AS-JIA-01
2023-03-04,0.0,1842.23,AS-JIA-01
2023-03-05,0.0,1731.99,AS-JIA-01
2023-03-06,5.3,1755.31,AS-JIA-01
2023-03-07,0.0,1763.13,AS-JIA-01
2023-03-08,0.0,1802.45,AS-JIA-01
2023-03-09,0.0,1890.57,AS-JIA-01
2023-03-10,0.0,1842.23,AS-JIA-01
2023-03-11,0.0,1716.53,AS-JIA-01
2023-03-12,0.0,1617.75,AS-JIA-01
2023-03-13,0.0,1521.88,AS-JIA-01
2023-03-14,0.2,1450.07,AS-JIA-01
2023-03-15,6.3,1507.39,AS-JIA-01
2023-03-16,2.0,1724.25,AS-JIA-01
2023-03-17,2.6,2160.0,AS-JIA-01
2023-03-18,5.2,2450.04,AS-JIA-01
2023-03-19,9.9,2412.6,AS-JIA-01
2023-03-20,30.3,2545.13,AS-JIA-01
2023-03-21,17.5,2895.8,AS-JIA-01
2023-03-22,36.1,3590.76,AS-JIA-01
2023-03-23,7.8,4734.69,AS-JIA-01
2023-03-24,5.0,5253.24,AS-JIA-01
2023-03-25,7.4,4838.16,AS-JIA-01
2023-03-26,18.8,4364.67,AS-JIA-01
2023-03-27,1.1,4350.87,AS-JIA-01
2023-03-28,4.2,5544.65,AS-JIA-01
2023-03-29,0.0,6819.44,AS-JIA-01
2023-03-30,1.8,6237.14,AS-JIA-01
2023-03-31,21.8,5332.98,AS-JIA-01
2023-04-01,19.2,5081.02,AS-JIA-01
2023-04-02,34.6,5446.16,AS-JIA-01
2023-04-03,23.8,6494.97,AS-JIA-01
2023-04-04,25.6,6976.59,AS-JIA-01
2023-04-05,4.3,6780.6,AS-JIA-01
2023-04-06,0.8,6476.27,AS-JIA-01
2023-04-07,0.0,6309.96,AS-JIA-01
2023-04-08,0.0,5882.92,AS-JIA-01
2023-04-09,0.0,5511.67,AS-JIA-01
2023-04-10,0.0,5300.97,AS-JIA-01
2023-04-11,0.0,5158.75,AS-JIA-01
2023-04-12,0.0,5112.0,AS-JIA-01
2023-04-13,0.0,4913.09,AS-JIA-01
2023-04-14,0.0,4575.44,AS-JIA-01
2023-04-15,0.0,4241.66,AS-JIA-01
2023-04-16,0.1,4016.14,AS-JIA-01
2023-04-17,0.1,3977.25,AS-JIA-01
2023-04-18,15.7,3977.25,AS-JIA-01
2023-04-19,3.9,4081.55,AS-JIA-01
2023-04-20,6.7,4883.02,AS-JIA-01
2023-04-21,4.0,6420.45,AS-JIA-01
2023-04-22,5.8,8435.9,AS-JIA-01
2023-04-23,6.5,10169.71,AS-JIA-01
2023-04-24,0.0,9901.05,AS-JIA-01
2023-04-25,0.1,8505.68,AS-JIA-01
2023-04-26,4.5,7361.6,AS-JIA-01
2023-04-27,1.7,6780.6,AS-JIA-01
2023-04-28,18.3,6684.29,AS-JIA-01
2023-04-29,21.7,6665.16,AS-JIA-01
2023-04-30,16.7,6627.04,AS-JIA-01
2023-05-01,11.1,6858.45,AS-JIA-01
2023-05-02,2.0,7916.52,AS-JIA-01
2023-05-03,13.8,9901.05,AS-JIA-01
2023-05-04,26.8,10640.88,AS-JIA-01
2023-05-05,5.0,10869.06,AS-JIA-01
2023-05-06,11.0,11518.69,AS-JIA-01
2023-05-07,15.7,11368.15,AS-JIA-01
2023-05-08,5.1,10500.38,AS-JIA-01
2023-05-09,0.0,9901.05,AS-JIA-01
2023-05-10,0.0,10007.77,AS-JIA-01
2023-05-11,5.3,10528.34,AS-JIA-01
2023-05-12,0.0,10361.48,AS-JIA-01
2023-05-13,0.0,9381.94,AS-JIA-01
2023-05-14,0.0,8366.58,AS-JIA-01
2023-05-15,30.3,8116.48,AS-JIA-01
2023-05-16,35.7,9106.44,AS-JIA-01
2023-05-17,31.0,9874.51,AS-JIA-01
2023-05-18,51.3,9769.02,AS-JIA-01
2023-05-19,10.0,9432.77,AS-JIA-01
2023-05-20,37.7,9716.64,AS-JIA-01
2023-05-21,18.7,11013.83,AS-JIA-01
2023-05-22,11.3,11609.86,AS-JIA-01
2023-05-23,1.2,10528.34,AS-JIA-01
2023-05-24,27.2,9280.95,AS-JIA-01
2023-05-25,27.5,8623.09,AS-JIA-01
2023-05-26,23.3,9106.44,AS-JIA-01
2023-05-27,1.7,9901.05,AS-JIA-01
2023-05-28,0.0,9612.58,AS-JIA-01
2023-05-29,0.0,8694.17,AS-JIA-01
2023-05-30,0.0,7850.78,AS-JIA-01
2023-05-31,0.0,7238.2,AS-JIA-01
2023-06-01,10.5,7258.64,AS-JIA-01
2023-06-02,6.2,7699.15,AS-JIA-01
2023-06-03,9.4,8229.39,AS-JIA-01
2023-06-04,2.4,8274.9,AS-JIA-01
2023-06-05,0.0,7699.15,AS-JIA-01
2023-06-06,0.0,7076.27,AS-JIA-01
2023-06-07,1.4,7382.34,AS-JIA-01
2023-06-08,6.4,7677.69,AS-JIA-01
2023-06-09,62.2,7763.84,AS-JIA-01
2023-06-10,56.0,10361.48,AS-JIA-01
2023-06-11,41.6,19067.53,AS-JIA-01
2023-06-12,31.1,24487.51,AS-JIA-01
2023-06-13,46.4,21916.49,AS-JIA-01
2023-06-14,84.5,23834.21,AS-JIA-01
2023-06-15,30.5,34175.09,AS-JIA-01
2023-06-16,113.3,39009.59,AS-JIA-01
2023-06-17,101.7,36913.17,AS-JIA-01
2023-06-18,55.4,32721.34,AS-JIA-01
2023-06-19,35.2,28495.77,AS-JIA-01
2023-06-20,23.5,27877.84,AS-JIA-01
2023-06-21,48.9,30281.01,AS-JIA-01
2023-06-22,27.0,32249.97,AS-JIA-01
2023-06-23,11.9,29915.69,AS-JIA-01
2023-06-24,9.3,26420.13,AS-JIA-01
2023-06-25,24.3,25034.45,AS-JIA-01
2023-06-26,13.8,25157.53,AS-JIA-01
2023-06-27,18.2,25592.84,AS-JIA-01
2023-06-28,4.5,26035.22,AS-JIA-01
2023-06-29,8.0,26355.61,AS-JIA-01
2023-06-30,9.1,27742.23,AS-JIA-01
2023-07-01,45.2,28985.32,AS-JIA-01
2023-07-02,21.2,29126.64,AS-JIA-01
2023-07-03,13.7,29915.69,AS-JIA-01
2023-07-04,10.9,31175.13,AS-JIA-01
2023-07-05,35.4,32800.52,AS-JIA-01
2023-07-06,52.4,33683.79,AS-JIA-01
2023-07-07,23.1,33119.11,AS-JIA-01
2023-07-08,3.7,31708.22,AS-JIA-01
2023-07-09,48.8,29915.69,AS-JIA-01
2023-07-10,10.6,28985.32,AS-JIA-01
2023-07-11,17.9,29339.87,AS-JIA-01
2023-07-12,26.9,33199.25,AS-JIA-01
2023-07-13,54.8,37002.02,AS-JIA-01
2023-07-14,10.6,35263.16,AS-JIA-01
2023-07-15,18.7,32172.05,AS-JIA-01
2023-07-16,27.3,32328.08,AS-JIA-01
2023-07-17,5.8,33440.68,AS-JIA-01
2023-07-18,0.0,30799.57,AS-JIA-01
2023-07-19,0.0,27139.76,AS-JIA-01
2023-07-20,6.2,24729.19,AS-JIA-01
2023-07-21,15.7,23658.89,AS-JIA-01
2023-07-22,38.4,22800.26,AS-JIA-01
2023-07-23,19.7,22134.38,AS-JIA-01
2023-07-24,33.0,22576.27,AS-JIA-01
2023-07-25,38.0,23427.02,AS-JIA-01
2023-07-26,21.5,23834.21,AS-JIA-01
2023-07-27,17.3,24129.12,AS-JIA-01
2023-07-28,38.2,24911.93,AS-JIA-01
2023-07-29,14.0,26162.96,AS-JIA-01
2023-07-30,4.0,24069.84,AS-JIA-01
2023-07-31,0.4,21916.49,AS-JIA-01
2023-08-01,0.1,20804.87,AS-JIA-01
2023-08-02,5.3,20908.43,AS-JIA-01
2023-08-03,34.1,22576.27,AS-JIA-01
2023-08-04,40.3,24547.72,AS-JIA-01
2023-08-05,10.5,23083.19,AS-JIA-01
2023-08-06,62.6,25343.25,AS-JIA-01
2023-08-07,33.0,28219.54,AS-JIA-01
2023-08-08,4.0,28014.05,AS-JIA-01
2023-08-09,10.8,26035.22,AS-JIA-01
2023-08-10,17.4,24668.56,AS-JIA-01
2023-08-11,16.4,23892.92,AS-JIA-01
2023-08-12,64.9,23254.5,AS-JIA-01
2023-08-13,9.7,24129.12,AS-JIA-01
2023-08-14,3.0,26549.64,AS-JIA-01
2023-08-15,20.0,24911.93,AS-JIA-01
2023-08-16,14.3,23717.22,AS-JIA-01
2023-08-17,25.4,23140.16,AS-JIA-01
2023-08-18,36.7,22520.57,AS-JIA-01
2023-08-19,31.4,21380.43,AS-JIA-01
2023-08-20,4.6,21808.28,AS-JIA-01
2023-08-21,6.9,22299.14,AS-JIA-01
2023-08-22,24.6,23197.26,AS-JIA-01
2023-08-23,18.4,25219.28,AS-JIA-01
2023-08-24,14.6,24973.12,AS-JIA-01
2023-08-25,27.1,24608.07,AS-JIA-01
2023-08-26,44.9,28014.05,AS-JIA-01
2023-08-27,44.3,34340.4,AS-JIA-01
2023-08-28,18.3,39197.18,AS-JIA-01
2023-08-29,0.5,43033.44,AS-JIA-01
2023-08-30,0.0,35433.5,AS-JIA-01
2023-08-31,0.1,29915.69,AS-JIA-01
2023-09-01,3.8,26291.25,AS-JIA-01
2023-09-02,1.2,24129.12,AS-JIA-01
2023-09-03,0.0,22576.27,AS-JIA-01
2023-09-04,0.0,21117.0,AS-JIA-01
2023-09-05,0.0,19844.4,AS-JIA-01
2023-09-06,0.0,18736.55,AS-JIA-01
2023-09-07,17.5,17685.87,AS-JIA-01
2023-09-08,12.6,17030.0,AS-JIA-01
2023-09-09,4.7,16521.4,AS-JIA-01
2023-09-10,5.7,15905.06,AS-JIA-01
2023-09-11,9.8,15231.82,AS-JIA-01
2023-09-12,6.5,15000.43,AS-JIA-01
2023-09-13,6.5,14215.27,AS-JIA-01
2023-09-14,3.7,13677.23,AS-JIA-01
2023-09-15,4.5,13501.98,AS-JIA-01
2023-09-16,5.5,12954.52,AS-JIA-01
2023-09-17,1.4,12265.94,AS-JIA-01
2023-09-18,2.8,11579.4,AS-JIA-01
2023-09-19,22.5,11160.27,AS-JIA-01
2023-09-20,36.4,11101.49,AS-JIA-01
2023-09-21,10.2,11278.65,AS-JIA-01
2023-09-22,28.9,11763.19,AS-JIA-01
2023-09-23,19.9,12954.52,AS-JIA-01
2023-09-24,3.8,16773.93,AS-JIA-01
2023-09-25,4.0,17420.8,AS-JIA-01
2023-09-26,5.5,16313.58,AS-JIA-01
2023-09-27,2.8,14962.17,AS-JIA-01
2023-09-28,0.0,13123.45,AS-JIA-01
2023-09-29,0.0,12170.25,AS-JIA-01
2023-09-30,7.0,11368.15,AS-JIA-01
2023-10-01,13.4,10697.53,AS-JIA-01
2023-10-02,18.7,10251.53,AS-JIA-01
2023-10-03,15.9,9954.29,AS-JIA-01
2023-10-04,17.2,9874.51,AS-JIA-01
2023-10-05,25.6,10061.51,AS-JIA-01
2023-10-06,8.0,11609.86,AS-JIA-01
2023-10-07,23.2,13642.02,AS-JIA-01
2023-10-08,82.7,14509.9,AS-JIA-01
2023-10-09,14.8,13747.9,AS-JIA-01
2023-10-10,0.8,15905.06,AS-JIA-01
2023-10-11,5.5,17819.77,AS-JIA-01
2023-10-12,14.9,17073.04,AS-JIA-01
2023-10-13,0.2,15784.33,AS-JIA-01
2023-10-14,4.5,14106.16,AS-JIA-01
2023-10-15,1.4,12988.14,AS-JIA-01
2023-10-16,0.0,11980.88,AS-JIA-01
2023-10-17,0.0,11130.85,AS-JIA-01
2023-10-18,7.6,10444.63,AS-JIA-01
2023-10-19,0.4,9874.51,AS-JIA-01
2023-10-20,0.0,9381.94,AS-JIA-01
2023-10-21,0.0,8983.51,AS-JIA-01
2023-10-22,0.0,8575.97,AS-JIA-01
2023-10-23,0.0,8116.48,AS-JIA-01
2023-10-24,0.0,7677.69,AS-JIA-01
2023-10-25,0.0,7238.2,AS-JIA-01
2023-10-26,3.8,6838.92,AS-JIA-01
2023-10-27,0.0,6457.63,AS-JIA-01
2023-10-28,0.0,6164.98,AS-JIA-01
2023-10-29,0.0,5952.46,AS-JIA-01
2023-10-30,0.0,5745.73,AS-JIA-01
2023-10-31,0.0,5478.84,AS-JIA-01
2023-11-01,0.0,5190.11,AS-JIA-01
2023-11-02,0.0,4898.04,AS-JIA-01
2023-11-03,0.0,4618.47,AS-JIA-01
2023-11-04,5.3,4364.67,AS-JIA-01
2023-11-05,0.7,4147.72,AS-JIA-01
2023-11-06,0.0,4016.14,AS-JIA-01
2023-11-07,0.0,4055.3,AS-JIA-01
2023-11-08,0.0,3913.04,AS-JIA-01
2023-11-09,0.0,3724.75,AS-JIA-01
2023-11-10,0.0,3519.08,AS-JIA-01
2023-11-11,0.0,3332.73,AS-JIA-01
2023-11-12,0.0,3164.14,AS-JIA-01
2023-11-13,0.0,3001.29,AS-JIA-01
2023-11-14,0.0,2843.96,AS-JIA-01
2023-11-15,0.0,2701.94,AS-JIA-01
2023-11-16,0.0,2564.42,AS-JIA-01
2023-11-17,6.6,2431.28,AS-JIA-01
2023-11-18,0.0,2347.92,AS-JIA-01
2023-11-19,0.0,2613.02,AS-JIA-01
2023-11-20,0.0,2632.63,AS-JIA-01
2023-11-21,1.1,2652.31,AS-JIA-01
2023-11-22,0.3,2450.04,AS-JIA-01
2023-11-23,0.0,2284.27,AS-JIA-01
2023-11-24,0.0,2168.74,AS-JIA-01
2023-11-25,0.0,2048.14,AS-JIA-01
2023-11-26,0.0,1947.82,AS-JIA-01
2023-11-27,0.0,1850.24,AS-JIA-01
2023-11-28,0.0,1739.74,AS-JIA-01
2023-11-29,0.0,1640.28,AS-JIA-01
2023-11-30,0.0,1543.76,AS-JIA-01
2023-12-01,0.0,1457.18,AS-JIA-01
2023-12-02,0.0,1379.89,AS-JIA-01
2023-12-03,0.0,1304.54,AS-JIA-01
2023-12-04,0.0,1244.29,AS-JIA-01
2023-12-05,0.0,1185.27,AS-JIA-01
2023-12-06,0.0,1140.22,AS-JIA-01
2023-12-07,2.9,1102.17,AS-JIA-01
2023-12-08,1.8,1083.34,AS-JIA-01
2023-12-09,0.3,1083.34,AS-JIA-01
2023-12-10,0.7,1127.47,AS-JIA-01
2023-12-11,0.0,1140.22,AS-JIA-01
2023-12-12,0.8,1191.77,AS-JIA-01
2023-12-13,8.9,1217.91,AS-JIA-01
2023-12-14,2.2,1211.35,AS-JIA-01
2023-12-15,0.0,1198.29,AS-JIA-01
2023-12-16,0.0,1224.48,AS-JIA-01
2023-12-17,0.0,1231.07,AS-JIA-01
2023-12-18,0.0,1204.81,AS-JIA-01
2023-12-19,0.0,1146.61,AS-JIA-01
2023-12-20,0.0,1083.34,AS-JIA-01
2023-12-21,0.0,1046.06,AS-JIA-01
2023-12-22,0.0,997.17,AS-JIA-01
2023-12-23,0.0,955.12,AS-JIA-01
2023-12-24,0.0,902.03,AS-JIA-01
2023-12-25,0.0,855.77,AS-JIA-01
2023-12-26,0.0,810.34,AS-JIA-01
2023-12-27,0.0,771.28,AS-JIA-01
2023-12-28,0.0,732.83,AS-JIA-01
2023-12-29,0.0,695.0,AS-JIA-01
2023-12-30,0.0,663.06,AS-JIA-01
2023-12-31,0.0,636.79,AS-JIA-01
2024-01-01,0.0,610.8,AS-JIA-01
2024-01-02,0.0,585.11,AS-JIA-01
2024-01-03,0.0,559.73,AS-JIA-01
2024-01-04,0.0,539.62,AS-JIA-01
2024-01-05,0.0,519.7,AS-JIA-01
2024-01-06,0.0,509.81,AS-JIA-01
2024-01-07,0.0,495.06,AS-JIA-01
2024-01-08,0.0,475.55,AS-JIA-01
2024-01-09,0.0,461.04,AS-JIA-01
2024-01-10,0.0,441.84,AS-JIA-01
2024-01-11,0.0,422.82,AS-JIA-01
2024-01-12,0.0,403.97,AS-JIA-01
2024-01-13,0.0,389.95,AS-JIA-01
2024-01-14,0.0,371.4,AS-JIA-01
2024-01-15,0.0,353.03,AS-JIA-01
2024-01-16,0.7,330.29,AS-JIA-01
2024-01-17,0.5,312.29,AS-JIA-01
2024-01-18,0.1,298.9,AS-JIA-01
2024-01-19,0.0,290.02,AS-JIA-01
2024-01-20,0.7,321.27,AS-JIA-01
2024-01-21,0.9,334.82,AS-JIA-01
2024-01-22,0.0,334.82,AS-JIA-01
2024-01-23,0.0,339.35,AS-JIA-01
2024-01-24,0.0,348.46,AS-JIA-01
2024-01-25,2.5,330.29,AS-JIA-01
2024-01-26,0.5,325.77,AS-JIA-01
2024-01-27,2.0,348.46,AS-JIA-01
2024-01-28,0.0,357.6,AS-JIA-01
2024-01-29,0.0,362.2,AS-JIA-01
2024-01-30,0.4,366.79,AS-JIA-01
2024-01-31,5.9,362.2,AS-JIA-01
2024-02-01,3.3,357.6,AS-JIA-01
2024-02-02,13.7,366.79,AS-JIA-01
2024-02-03,0.5,432.3,AS-JIA-01
2024-02-04,0.0,539.62,AS-JIA-01
2024-02-05,2.1,721.97,AS-JIA-01
2024-02-06,0.4,850.04,AS-JIA-01
2024-02-07,1.5,919.6,AS-JIA-01
2024-02-08,0.0,943.23,AS-JIA-01
2024-02-09,0.0,1064.64,AS-JIA-01
2024-02-10,0.0,1102.17,AS-JIA-01
2024-02-11,0.0,1070.86,AS-JIA-01
2024-02-12,0.0,973.06,AS-JIA-01
2024-02-13,0.0,867.25,AS-JIA-01
2024-02-14,0.0,776.82,AS-JIA-01
2024-02-15,0.4,684.31,AS-JIA-01
2024-02-16,0.0,615.97,AS-JIA-01
2024-02-17,0.3,574.92,AS-JIA-01
2024-02-18,0.0,549.65,AS-JIA-01
2024-02-19,0.0,529.64,AS-JIA-01
2024-02-20,4.8,544.63,AS-JIA-01
2024-02-21,2.6,539.62,AS-JIA-01
2024-02-22,8.2,595.35,AS-JIA-01
2024-02-23,0.0,749.23,AS-JIA-01
2024-02-24,0.3,1551.08,AS-JIA-01
2024-02-25,0.0,2885.38,AS-JIA-01
2024-02-26,0.0,3253.32,AS-JIA-01
2024-02-27,0.0,2854.28,AS-JIA-01
2024-02-28,0.0,2525.94,AS-JIA-01
2024-02-29,0.0,2248.35,AS-JIA-01
2024-03-01,0.0,1997.64,AS-JIA-01
2024-03-02,0.0,1850.24,AS-JIA-01
2024-03-03,4.2,1747.52,AS-JIA-01
2024-03-04,2.8,1655.39,AS-JIA-01
2024-03-05,0.1,1610.28,AS-JIA-01
2024-03-06,0.0,1693.47,AS-JIA-01
2024-03-07,0.0,2151.28,AS-JIA-01
2024-03-08,0.0,2672.1,AS-JIA-01
2024-03-09,0.0,2701.94,AS-JIA-01
2024-03-10,0.0,2516.37,AS-JIA-01
2024-03-11,0.0,2357.09,AS-JIA-01
2024-03-12,0.5,2195.1,AS-JIA-01
2024-03-13,0.0,2039.68,AS-JIA-01
2024-03-14,0.0,1915.0,AS-JIA-01
2024-03-15,0.0,2082.21,AS-JIA-01
2024-03-16,0.0,2338.76,AS-JIA-01
2024-03-17,0.0,2564.42,AS-JIA-01
2024-03-18,0.0,2574.1,AS-JIA-01
2024-03-19,0.0,2613.02,AS-JIA-01
2024-03-20,11.5,2603.27,AS-JIA-01
2024-03-21,5.3,2554.77,AS-JIA-01
2024-03-22,6.7,2603.27,AS-JIA-01
2024-03-23,11.5,2642.46,AS-JIA-01
2024-03-24,0.1,2554.77,AS-JIA-01
2024-03-25,18.6,2701.94,AS-JIA-01
2024-03-26,9.0,2937.7,AS-JIA-01
2024-03-27,0.0,3142.1,AS-JIA-01
2024-03-28,0.0,3774.32,AS-JIA-01
2024-03-29,0.3,3874.86,AS-JIA-01
2024-03-30,6.4,3663.42,AS-JIA-01
2024-03-31,29.6,3298.54,AS-JIA-01
2024-04-01,0.7,3602.79,AS-JIA-01
2024-04-02,0.0,5381.27,AS-JIA-01
2024-04-03,0.6,8049.38,AS-JIA-01
2024-04-04,1.7,7894.57,AS-JIA-01
2024-04-05,7.2,7742.23,AS-JIA-01
2024-04-06,0.3,7444.83,AS-JIA-01
2024-04-07,0.1,7320.28,AS-JIA-01
2024-04-08,0.1,8983.51,AS-JIA-01
2024-04-09,2.9,10897.89,AS-JIA-01
2024-04-10,1.2,10782.99,AS-JIA-01
2024-04-11,2.6,9769.02,AS-JIA-01
2024-04-12,0.0,8505.68,AS-JIA-01
2024-04-13,0.0,7465.76,AS-JIA-01
2024-04-14,0.0,6722.69,AS-JIA-01
2024-04-15,2.7,6182.95,AS-JIA-01
2024-04-16,49.4,5711.84,AS-JIA-01
2024-04-17,12.8,5694.94,AS-JIA-01
2024-04-18,0.2,6703.47,AS-JIA-01
2024-04-19,14.8,6741.94,AS-JIA-01
2024-04-20,31.1,7656.28,AS-JIA-01
2024-04-21,2.4,7486.73,AS-JIA-01
2024-04-22,3.8,7720.67,AS-JIA-01
2024-04-23,0.1,7156.86,AS-JIA-01
2024-04-24,0.0,7894.57,AS-JIA-01
2024-04-25,0.0,11549.01,AS-JIA-01
2024-04-26,0.1,13501.98,AS-JIA-01
2024-04-27,11.0,12721.28,AS-JIA-01
2024-04-28,63.6,10697.53,AS-JIA-01
2024-04-29,3.9,9638.5,AS-JIA-01
2024-04-30,1.9,10361.48,AS-JIA-01
2024-05-01,0.7,11949.55,AS-JIA-01
2024-05-02,1.1,11856.06,AS-JIA-01
2024-05-03,0.0,14325.11,AS-JIA-01
2024-05-04,0.0,16731.6,AS-JIA-01
2024-05-05,13.6,16190.02,AS-JIA-01
2024-05-06,1.9,13294.32,AS-JIA-01
2024-05-07,0.0,11856.06,AS-JIA-01
2024-05-08,0.1,11458.27,AS-JIA-01
2024-05-09,2.0,10500.38,AS-JIA-01
2024-05-10,0.1,9664.49,AS-JIA-01
2024-05-11,0.1,9106.44,AS-JIA-01
2024-05-12,0.1,8599.5,AS-JIA-01
2024-05-13,0.0,8297.75,AS-JIA-01
2024-05-14,0.0,7916.52,AS-JIA-01
2024-05-15,1.5,7528.82,AS-JIA-01
2024-05-16,9.8,7279.14,AS-JIA-01
2024-05-17,38.5,7258.64,AS-JIA-01
2024-05-18,32.0,8138.97,AS-JIA-01
2024-05-19,9.9,9007.98,AS-JIA-01
2024-05-20,0.1,9356.59,AS-JIA-01
2024-05-21,0.2,8343.58,AS-JIA-01
2024-05-22,0.2,7763.84,AS-JIA-01
2024-05-23,6.0,7299.68,AS-JIA-01
2024-05-24,0.2,7016.32,AS-JIA-01
2024-05-25,4.8,6761.25,AS-JIA-01
2024-05-26,15.8,6897.65,AS-JIA-01
2024-05-27,38.7,7361.6,AS-JIA-01
2024-05-28,102.0,7916.52,AS-JIA-01
2024-05-29,23.9,11308.41,AS-JIA-01
2024-05-30,28.4,22025.19,AS-JIA-01
2024-05-31,22.8,30502.22,AS-JIA-01
2024-06-01,11.8,24010.74,AS-JIA-01
2024-06-02,11.0,22800.26,AS-JIA-01
2024-06-03,37.8,21169.46,AS-JIA-01
2024-06-04,20.4,20093.07,AS-JIA-01
2024-06-05,0.3,19844.4,AS-JIA-01
2024-06-06,2.9,18135.85,AS-JIA-01
2024-06-07,25.6,16437.97,AS-JIA-01
2024-06-08,38.5,15986.02,AS-JIA-01
2024-06-09,6.1,15466.44,AS-JIA-01
2024-06-10,7.4,16149.03,AS-JIA-01
2024-06-11,5.6,16108.14,AS-JIA-01
2024-06-12,16.6,15905.06,AS-JIA-01
2024-06-13,28.2,18272.9,AS-JIA-01
2024-06-14,7.4,20395.32,AS-JIA-01
2024-06-15,21.6,22244.1,AS-JIA-01
2024-06-16,53.8,23197.26,AS-JIA-01
2024-06-17,125.9,22688.0,AS-JIA-01
2024-06-18,49.2,24973.12,AS-JIA-01
2024-06-19,37.6,26810.39,AS-JIA-01
2024-06-20,16.2,29770.75,AS-JIA-01
2024-06-21,2.0,31099.65,AS-JIA-01
2024-06-22,0.6,27272.55,AS-JIA-01
2024-06-23,11.8,24487.51,AS-JIA-01
2024-06-24,38.6,23484.79,AS-JIA-01
2024-06-25,12.2,24367.47,AS-JIA-01
2024-06-26,7.0,24973.12,AS-JIA-01
2024-06-27,26.1,25718.53,AS-JIA-01
2024-06-28,24.6,28082.39,AS-JIA-01
2024-06-29,58.3,32800.52,AS-JIA-01
2024-06-30,59.1,45030.94,AS-JIA-01
2024-07-01,25.2,51087.73,AS-JIA-01
2024-07-02,43.4,51821.14,AS-JIA-01
2024-07-03,3.0,44923.63,AS-JIA-01
2024-07-04,37.2,38544.35,AS-JIA-01
2024-07-05,31.5,38267.8,AS-JIA-01
2024-07-06,24.2,41220.0,AS-JIA-01
2024-07-07,10.6,41616.53,AS-JIA-01
2024-07-08,9.8,39860.62,AS-JIA-01
2024-07-09,3.4,35862.67,AS-JIA-01
2024-07-10,13.5,34589.74,AS-JIA-01
2024-07-11,16.7,35093.65,AS-JIA-01
2024-07-12,40.3,35518.93,AS-JIA-01
2024-07-13,13.7,37359.52,AS-JIA-01
2024-07-14,12.6,35604.57,AS-JIA-01
2024-07-15,16.1,35178.31,AS-JIA-01
2024-07-16,5.9,32879.89,AS-JIA-01
2024-07-17,3.6,31708.22,AS-JIA-01
2024-07-18,0.6,30207.63,AS-JIA-01
2024-07-19,14.8,29268.64,AS-JIA-01
2024-07-20,9.8,28014.05,AS-JIA-01
2024-07-21,15.9,27139.76,AS-JIA-01
2024-07-22,15.8,28426.48,AS-JIA-01
2024-07-23,3.0,29411.27,AS-JIA-01
2024-07-24,3.0,28985.32,AS-JIA-01
2024-07-25,0.3,29197.57,AS-JIA-01
2024-07-26,16.7,27206.08,AS-JIA-01
2024-07-27,1.0,25592.84,AS-JIA-01
2024-07-28,8.9,24973.12,AS-JIA-01
2024-07-29,15.0,24069.84,AS-JIA-01
2024-07-30,11.9,24729.19,AS-JIA-01
2024-07-31,1.0,24010.74,AS-JIA-01
2024-08-01,4.2,23311.89,AS-JIA-01
2024-08-02,4.0,22688.0,AS-JIA-01
2024-08-03,2.6,21970.78,AS-JIA-01
2024-08-04,9.0,21593.38,AS-JIA-01
2024-08-05,8.3,21916.49,AS-JIA-01
2024-08-06,1.9,22913.03,AS-JIA-01
2024-08-07,26.7,21862.34,AS-JIA-01
2024-08-08,42.7,21808.28,AS-JIA-01
2024-08-09,27.8,22354.3,AS-JIA-01
2024-08-10,7.3,22969.64,AS-JIA-01
2024-08-11,50.8,24010.74,AS-JIA-01
2024-08-12,19.5,24248.02,AS-JIA-01
2024-08-13,11.8,23951.76,AS-JIA-01
2024-08-14,3.5,22025.19,AS-JIA-01
2024-08-15,21.1,20753.25,AS-JIA-01
2024-08-16,0.0,19647.48,AS-JIA-01
2024-08-17,21.7,19115.25,AS-JIA-01
2024-08-18,22.3,17954.63,AS-JIA-01
2024-08-19,13.2,17819.77,AS-JIA-01
2024-08-20,43.4,17864.62,AS-JIA-01
2024-08-21,8.3,17954.63,AS-JIA-01
2024-08-22,2.1,17909.55,AS-JIA-01
2024-08-23,13.9,17030.0,AS-JIA-01
2024-08-24,13.9,16605.19,AS-JIA-01
2024-08-25,19.2,15744.28,AS-JIA-01
2024-08-26,1.0,15038.76,AS-JIA-01
2024-08-27,3.8,14547.12,AS-JIA-01
2024-08-28,0.8,14178.8,AS-JIA-01
2024-08-29,8.3,13501.98,AS-JIA-01
2024-08-30,14.3,12820.78,AS-JIA-01
2024-08-31,5.4,11918.31,AS-JIA-01
2024-09-01,0.7,11980.88,AS-JIA-01
2024-09-02,18.8,12233.97,AS-JIA-01
2024-09-03,25.0,12106.83,AS-JIA-01
2024-09-04,22.0,11732.38,AS-JIA-01
2024-09-05,14.3,11701.65,AS-JIA-01
2024-09-06,0.0,11918.31,AS-JIA-01
2024-09-07,0.0,11488.45,AS-JIA-01
2024-09-08,0.0,11278.65,AS-JIA-01
2024-09-09,6.3,10725.95,AS-JIA-01
2024-09-10,11.3,10278.93,AS-JIA-01
2024-09-11,3.2,9981.0,AS-JIA-01
2024-09-12,0.0,9586.72,AS-JIA-01
2024-09-13,0.2,9032.51,AS-JIA-01
2024-09-14,0.7,8623.09,AS-JIA-01
2024-09-15,8.6,8320.64,AS-JIA-01
2024-09-16,0.0,8071.7,AS-JIA-01
2024-09-17,0.1,7720.67,AS-JIA-01
2024-09-18,0.2,7361.6,AS-JIA-01
2024-09-19,0.0,7116.47,AS-JIA-01
2024-09-20,0.0,6838.92,AS-JIA-01
2024-09-21,0.0,6570.18,AS-JIA-01
2024-09-22,0.0,6309.96,AS-JIA-01
2024-09-23,4.5,6075.71,AS-JIA-01
2024-09-24,13.0,5969.95,AS-JIA-01
2024-09-25,4.5,5831.18,AS-JIA-01
2024-09-26,7.9,6858.45,AS-JIA-01
2024-09-27,1.7,7720.67,AS-JIA-01
2024-09-28,4.9,8049.38,AS-JIA-01
2024-09-29,15.1,8274.9,AS-JIA-01
2024-09-30,21.1,8389.64,AS-JIA-01
2024-10-01,49.7,8694.17,AS-JIA-01
2024-10-02,12.7,8741.85,AS-JIA-01
2024-10-03,50.1,9081.75,AS-JIA-01
2024-10-04,23.1,10196.91,AS-JIA-01
2024-10-05,14.4,14178.8,AS-JIA-01
2024-10-06,5.3,20856.59,AS-JIA-01
2024-10-07,7.6,24188.5,AS-JIA-01
2024-10-08,12.1,21274.7,AS-JIA-01
2024-10-09,9.9,17999.77,AS-JIA-01
2024-10-10,26.1,16901.53,AS-JIA-01
2024-10-11,26.3,17864.62,AS-JIA-01
2024-10-12,11.3,20043.11,AS-JIA-01
2024-10-13,15.0,19993.26,AS-JIA-01
2024-10-14,0.0,19403.88,AS-JIA-01
2024-10-15,0.5,16901.53,AS-JIA-01
2024-10-16,2.6,15077.2,AS-JIA-01
2024-10-17,14.9,14325.11,AS-JIA-01
2024-10-18,2.3,13089.5,AS-JIA-01
2024-10-19,1.0,12854.11,AS-JIA-01
2024-10-20,0.0,12721.28,AS-JIA-01
2024-10-21,0.0,12043.72,AS-JIA-01
2024-10-22,0.0,11368.15,AS-JIA-01
2024-10-23,1.9,10697.53,AS-JIA-01
2024-10-24,12.0,10034.6,AS-JIA-01
2024-10-25,2.0,9458.29,AS-JIA-01
2024-10-26,0.5,9057.11,AS-JIA-01
2024-10-27,0.0,8765.77,AS-JIA-01
2024-10-28,0.0,8765.77,AS-JIA-01
2024-10-29,1.4,8366.58,AS-JIA-01
2024-10-30,48.7,7850.78,AS-JIA-01
2024-10-31,8.0,7528.82,AS-JIA-01
2024-11-01,0.1,7320.28,AS-JIA-01
2024-11-02,0.0,7076.27,AS-JIA-01
2024-11-03,0.0,6761.25,AS-JIA-01
2024-11-04,0.0,6476.27,AS-JIA-01
2024-11-05,0.0,6129.15,AS-JIA-01
2024-11-06,0.0,5779.8,AS-JIA-01
2024-11-07,0.1,5495.24,AS-JIA-01
2024-11-08,0.0,5285.03,AS-JIA-01
2024-11-09,0.0,5050.17,AS-JIA-01
2024-11-10,0.0,4793.62,AS-JIA-01
2024-11-11,0.0,4546.91,AS-JIA-01
2024-11-12,0.0,4296.01,AS-JIA-01
2024-11-13,0.0,4055.3,AS-JIA-01
2024-11-14,0.0,3836.94,AS-JIA-01
2024-11-15,0.0,3639.08,AS-JIA-01
2024-11-16,0.0,3471.84,AS-JIA-01
2024-11-17,0.0,3287.2,AS-JIA-01
2024-11-18,0.0,3109.23,AS-JIA-01
2024-11-19,0.0,2958.8,AS-JIA-01
2024-11-20,0.0,2823.39,AS-JIA-01
2024-11-21,0.0,2701.94,AS-JIA-01
2024-11-22,0.0,2574.1,AS-JIA-01
2024-11-23,0.1,2450.04,AS-JIA-01
2024-11-24,2.4,2347.92,AS-JIA-01
2024-11-25,0.0,2239.43,AS-JIA-01
2024-11-26,0.0,2203.92,AS-JIA-01
2024-11-27,0.0,2168.74,AS-JIA-01
2024-11-28,0.0,2125.23,AS-JIA-01
2024-11-29,0.0,2065.13,AS-JIA-01
2024-11-30,0.0,2031.23,AS-JIA-01
2024-12-01,0.0,1947.82,AS-JIA-01
2024-12-02,0.0,1850.24,AS-JIA-01
2024-12-03,0.0,1755.31,AS-JIA-01
2024-12-04,0.0,1662.97,AS-JIA-01
2024-12-05,0.0,1587.95,AS-JIA-01
2024-12-06,0.1,1514.62,AS-JIA-01
2024-12-07,0.0,1464.3,AS-JIA-01
2024-12-08,0.0,1428.85,AS-JIA-01
2024-12-09,0.0,1393.8,AS-JIA-01
2024-12-10,1.7,1366.05,AS-JIA-01
2024-12-11,0.0,1345.4,AS-JIA-01
2024-12-12,0.0,1352.27,AS-JIA-01
2024-12-13,0.0,1359.15,AS-JIA-01
2024-12-14,0.0,1345.4,AS-JIA-01
2024-12-15,0.0,1297.78,AS-JIA-01
2024-12-16,0.0,1250.92,AS-JIA-01
2024-12-17,0.0,1198.29,AS-JIA-01
2024-12-18,0.0,1140.22,AS-JIA-01
2024-12-19,0.0,1089.6,AS-JIA-01
2024-12-20,0.0,1033.76,AS-JIA-01
2024-12-21,0.0,979.06,AS-JIA-01
2024-12-22,0.0,931.39,AS-JIA-01
2024-12-23,0.0,896.21,AS-JIA-01
2024-12-24,0.0,873.02,AS-JIA-01
2024-12-25,0.0,850.04,AS-JIA-01
2024-12-26,0.0,827.28,AS-JIA-01
2024-12-27,0.0,799.11,AS-JIA-01
2024-12-28,0.0,776.82,AS-JIA-01
2024-12-29,0.0,743.76,AS-JIA-01
2024-12-30,0.0,711.14,AS-JIA-01
2024-12-31,0.0,678.98,AS-JIA-01
2025-01-01,0.0,652.52,AS-JIA-01
2025-01-02,0.0,631.57,AS-JIA-01
2025-01-03,0.0,615.97,AS-JIA-01
2025-01-04,0.0,600.49,AS-JIA-01
2025-01-05,0.0,569.85,AS-JIA-01
2025-01-06,0.0,539.62,AS-JIA-01
2025-01-07,8.1,509.81,AS-JIA-01
2025-01-08,0.7,485.28,AS-JIA-01
2025-01-09,0.0,504.89,AS-JIA-01
2025-01-10,0.0,610.8,AS-JIA-01
2025-01-11,0.0,782.37,AS-JIA-01
2025-01-12,0.0,827.28,AS-JIA-01
2025-01-13,0.1,765.75,AS-JIA-01
2025-01-14,0.0,689.66,AS-JIA-01
2025-01-15,0.0,668.36,AS-JIA-01
2025-01-16,0.0,652.52,AS-JIA-01
2025-01-17,0.0,631.57,AS-JIA-01
2025-01-18,0.0,610.8,AS-JIA-01
2025-01-19,0.0,574.92,AS-JIA-01
2025-01-20,0.0,534.63,AS-JIA-01
2025-01-21,0.0,495.06,AS-JIA-01
2025-01-22,0.0,461.04,AS-JIA-01
2025-01-23,0.3,427.55,AS-JIA-01
2025-01-24,0.1,403.97,AS-JIA-01
2025-01-25,0.0,394.61,AS-JIA-01
2025-01-26,0.0,441.84,AS-JIA-01
2025-01-27,0.0,480.41,AS-JIA-01
2025-01-28,0.0,539.62,AS-JIA-01
2025-01-29,5.8,564.78,AS-JIA-01
2025-01-30,5.7,564.78,AS-JIA-01
2025-01-31,1.0,564.78,AS-JIA-01
2025-02-01,2.2,600.49,AS-JIA-01
2025-02-02,0.0,760.23,AS-JIA-01
2025-02-03,0.0,949.17,AS-JIA-01
2025-02-04,0.0,1003.23,AS-JIA-01
2025-02-05,0.1,937.3,AS-JIA-01
2025-02-06,2.5,838.63,AS-JIA-01
2025-02-07,2.4,760.23,AS-JIA-01
2025-02-08,0.0,678.98,AS-JIA-01
2025-02-09,0.0,700.37,AS-JIA-01
2025-02-10,21.7,793.52,AS-JIA-01
2025-02-11,3.4,919.6,AS-JIA-01
2025-02-12,0.5,925.49,AS-JIA-01
2025-02-13,3.8,949.17,AS-JIA-01
2025-02-14,0.7,1121.13,AS-JIA-01
2025-02-15,0.0,1882.46,AS-JIA-01
2025-02-16,2.7,2459.44,AS-JIA-01
2025-02-17,0.0,2375.51,AS-JIA-01
2025-02-18,0.2,2107.96,AS-JIA-01
2025-02-19,0.0,1906.84,AS-JIA-01
2025-02-20,0.1,1794.54,AS-JIA-01
2025-02-21,2.0,1731.99,AS-JIA-01
2025-02-22,2.0,1701.14,AS-JIA-01
2025-02-23,0.0,1670.57,AS-JIA-01
2025-02-24,11.0,1640.28,AS-JIA-01
2025-02-25,2.5,1724.25,AS-JIA-01
2025-02-26,0.0,1850.24,AS-JIA-01
2025-02-27,0.0,1931.37,AS-JIA-01
2025-02-28,1.5,1964.35,AS-JIA-01
2025-03-01,22.9,1874.38,AS-JIA-01
2025-03-02,2.1,1802.45,AS-JIA-01
2025-03-03,0.2,1858.26,AS-JIA-01
2025-03-04,0.0,2099.35,AS-JIA-01
2025-03-05,0.1,2478.34,AS-JIA-01
2025-03-06,0.0,2662.19,AS-JIA-01
2025-03-07,0.0,2711.93,AS-JIA-01
2025-03-08,0.1,2843.96,AS-JIA-01
2025-03-09,0.0,2772.38,AS-JIA-01
2025-03-10,0.0,2593.52,AS-JIA-01
2025-03-11,1.1,2450.04,AS-JIA-01
2025-03-12,1.4,2320.51,AS-JIA-01
2025-03-13,49.9,2186.29,AS-JIA-01
2025-03-14,8.3,2248.35,AS-JIA-01
2025-03-15,19.4,2613.02,AS-JIA-01
2025-03-16,7.7,2874.99,AS-JIA-01
2025-03-17,0.0,3471.84,AS-JIA-01
2025-03-18,0.0,3938.63,AS-JIA-01
2025-03-19,0.0,6111.3,AS-JIA-01
2025-03-20,0.0,7656.28,AS-JIA-01
2025-03-21,3.5,7056.24,AS-JIA-01
2025-03-22,9.9,5882.92,AS-JIA-01
2025-03-23,0.0,5300.97,AS-JIA-01
2025-03-24,0.0,5429.88,AS-JIA-01
2025-03-25,0.0,5661.28,AS-JIA-01
2025-03-26,0.0,5143.14,AS-JIA-01
2025-03-27,0.0,4561.16,AS-JIA-01
2025-03-28,2.9,4094.73,AS-JIA-01
2025-03-29,7.3,3761.89,AS-JIA-01
2025-03-30,0.0,3626.96,AS-JIA-01
2025-03-31,0.1,4309.68,AS-JIA-01
2025-04-01,0.0,5397.44,AS-JIA-01
2025-04-02,0.2,5365.13,AS-JIA-01
2025-04-03,0.0,5050.17,AS-JIA-01
2025-04-04,0.0,5174.42,AS-JIA-01
2025-04-05,0.0,5397.44,AS-JIA-01
2025-04-06,5.1,5594.4,AS-JIA-01
2025-04-07,0.0,5694.94,AS-JIA-01
2025-04-08,0.7,5814.01,AS-JIA-01
2025-04-09,14.0,5237.4,AS-JIA-01
2025-04-10,0.1,4749.37,AS-JIA-01
2025-04-11,3.7,4448.11,AS-JIA-01
2025-04-12,15.0,4448.11,AS-JIA-01
2025-04-13,4.6,4749.37,AS-JIA-01
2025-04-14,0.0,5349.04,AS-JIA-01
2025-04-15,6.2,5831.18,AS-JIA-01
2025-04-16,34.2,5495.24,AS-JIA-01
2025-04-17,13.0,5237.4,AS-JIA-01
2025-04-18,1.1,5034.8,AS-JIA-01
2025-04-19,5.8,4823.28,AS-JIA-01
2025-04-20,6.6,4589.75,AS-JIA-01
2025-04-21,3.1,4490.25,AS-JIA-01
2025-04-22,27.9,4518.52,AS-JIA-01
2025-04-23,4.5,5050.17,AS-JIA-01
2025-04-24,8.2,7279.14,AS-JIA-01
2025-04-25,20.4,15905.06,AS-JIA-01
2025-04-26,17.4,17954.63,AS-JIA-01
2025-04-27,1.7,18503.38,AS-JIA-01
2025-04-28,4.5,18830.56,AS-JIA-01
2025-04-29,12.0,16354.95,AS-JIA-01
2025-04-30,0.0,13890.21,AS-JIA-01
2025-05-01,0.7,12754.37,AS-JIA-01
2025-05-02,0.0,11368.15,AS-JIA-01
2025-05-03,0.5,10224.19,AS-JIA-01
2025-05-04,21.6,9612.58,AS-JIA-01
2025-05-05,64.7,9057.11,AS-JIA-01
2025-05-06,12.8,8694.17,AS-JIA-01
2025-05-07,15.4,8789.74,AS-JIA-01
2025-05-08,17.9,9131.21,AS-JIA-01
2025-05-09,4.0,9927.64,AS-JIA-01
2025-05-10,15.5,9874.51,AS-JIA-01
2025-05-11,14.2,9032.51,AS-JIA-01
2025-05-12,32.1,8646.73,AS-JIA-01
2025-05-13,24.3,8886.19,AS-JIA-01
2025-05-14,30.2,9381.94,AS-JIA-01
2025-05-15,45.1,12655.34,AS-JIA-01
2025-05-16,18.0,14621.8,AS-JIA-01
2025-05-17,20.4,14509.9,AS-JIA-01
2025-05-18,9.4,15864.72,AS-JIA-01
2025-05-19,6.3,15309.66,AS-JIA-01
2025-05-20,18.5,13432.43,AS-JIA-01
2025-05-21,7.8,12106.83,AS-JIA-01
2025-05-22,2.4,11609.86,AS-JIA-01
2025-05-23,0.9,11488.45,AS-JIA-01
2025-05-24,1.9,10869.06,AS-JIA-01
2025-05-25,30.9,10725.95,AS-JIA-01
2025-05-26,11.1,10725.95,AS-JIA-01
2025-05-27,5.3,10640.88,AS-JIA-01
2025-05-28,11.6,10897.89,AS-JIA-01
2025-05-29,29.7,12426.88,AS-JIA-01
2025-05-30,137.2,14069.96,AS-JIA-01
2025-05-31,23.9,28634.83,AS-JIA-01
2025-06-01,9.8,47568.81,AS-JIA-01
2025-06-02,5.6,47342.77,AS-JIA-01
2025-06-03,8.7,42930.72,AS-JIA-01
2025-06-04,22.6,37002.02,AS-JIA-01
2025-06-05,2.7,31708.22,AS-JIA-01
2025-06-06,0.9,26744.98,AS-JIA-01
2025-06-07,2.2,23542.69,AS-JIA-01
2025-06-08,0.2,21433.48,AS-JIA-01
2025-06-09,0.0,20093.07,AS-JIA-01
2025-06-10,0.0,18925.04,AS-JIA-01
2025-06-11,0.0,18045.03,AS-JIA-01
2025-06-12,0.0,17073.04,AS-JIA-01
2025-06-13,0.1,16563.25,AS-JIA-01
2025-06-14,11.6,16231.11,AS-JIA-01
2025-06-15,4.6,16026.63,AS-JIA-01
2025-06-16,22.0,16026.63,AS-JIA-01
2025-06-17,19.6,17508.74,AS-JIA-01
2025-06-18,13.1,18783.5,AS-JIA-01
2025-06-19,13.7,20395.32,AS-JIA-01
2025-06-20,5.6,22299.14,AS-JIA-01
2025-06-21,22.6,23717.22,AS-JIA-01
2025-06-22,38.4,26227.02,AS-JIA-01
2025-06-23,41.1,25971.59,AS-JIA-01
2025-06-24,42.0,26162.96,AS-JIA-01
2025-06-25,1.6,30354.59,AS-JIA-01
2025-06-26,16.2,36647.84,AS-JIA-01
2025-06-27,33.5,32800.52,AS-JIA-01
2025-06-28,15.5,27607.27,AS-JIA-01
2025-06-29,2.8,25592.84,AS-JIA-01
2025-06-30,28.4,25405.43,AS-JIA-01
2025-07-01,25.6,25219.28,AS-JIA-01
2025-07-02,9.3,25343.25,AS-JIA-01
2025-07-03,8.9,27206.08,AS-JIA-01
2025-07-04,30.7,28082.39,AS-JIA-01
2025-07-05,14.7,28634.83,AS-JIA-01
2025-07-06,1.0,29915.69,AS-JIA-01
2025-07-07,0.8,30207.63,AS-JIA-01
2025-07-08,0.6,27272.55,AS-JIA-01
2025-07-09,4.8,24248.02,AS-JIA-01
2025-07-10,8.6,21808.28,AS-JIA-01
2025-07-11,0.0,20804.87,AS-JIA-01
2025-07-12,0.4,19993.26,AS-JIA-01
2025-07-13,1.9,19307.23,AS-JIA-01
2025-07-14,0.6,18877.75,AS-JIA-01
2025-07-15,22.4,19115.25,AS-JIA-01
2025-07-16,3.7,19501.0,AS-JIA-01
2025-07-17,5.6,18642.97,AS-JIA-01
2025-07-18,4.9,17597.1,AS-JIA-01
2025-07-19,16.5,16521.4,AS-JIA-01
2025-07-20,10.8,16901.53,AS-JIA-01
2025-07-21,5.3,18272.9,AS-JIA-01
2025-07-22,0.8,17641.42,AS-JIA-01
2025-07-23,0.1,16563.25,AS-JIA-01
2025-07-24,9.3,15154.32,AS-JIA-01
2025-07-25,26.1,14325.11,AS-JIA-01
2025-07-26,21.5,14435.72,AS-JIA-01
2025-07-27,23.0,14923.99,AS-JIA-01
2025-07-28,15.4,16190.02,AS-JIA-01
2025-07-29,4.3,16901.53,AS-JIA-01
2025-07-30,17.4,16605.19,AS-JIA-01
2025-07-31,6.3,15077.2,AS-JIA-01
2025-08-01,17.6,14178.8,AS-JIA-01
2025-08-02,36.0,13783.35,AS-JIA-01
2025-08-03,26.6,15038.76,AS-JIA-01
2025-08-04,8.7,16396.41,AS-JIA-01
2025-08-05,1.8,17246.11,AS-JIA-01
2025-08-06,6.7,17073.04,AS-JIA-01
2025-08-07,32.2,15864.72,AS-JIA-01
2025-08-08,13.3,15270.69,AS-JIA-01
2025-08-09,4.8,16067.34,AS-JIA-01
2025-08-10,16.6,17730.39,AS-JIA-01
2025-08-11,25.9,17909.55,AS-JIA-01
2025-08-12,43.2,17597.1,AS-JIA-01
2025-08-13,31.2,19163.09,AS-JIA-01
2025-08-14,0.0,19993.26,AS-JIA-01
2025-08-15,0.3,19163.09,AS-JIA-01
2025-08-16,0.1,18227.09,AS-JIA-01
2025-08-17,2.4,16479.62,AS-JIA-01
2025-08-18,12.6,15193.03,AS-JIA-01
2025-08-19,34.5,14621.8,AS-JIA-01
2025-08-20,38.5,14696.84,AS-JIA-01
2025-08-21,34.0,15584.96,AS-JIA-01
2025-08-22,0.3,16479.62,AS-JIA-01
2025-08-23,1.4,16987.08,AS-JIA-01
2025-08-24,11.9,17730.39,AS-JIA-01
2025-08-25,0.4,16901.53,AS-JIA-01
2025-08-26,7.1,15704.31,AS-JIA-01
2025-08-27,7.6,15038.76,AS-JIA-01
2025-08-28,20.5,14621.8,AS-JIA-01
2025-08-29,33.0,15864.72,AS-JIA-01
2025-08-30,9.7,17954.63,AS-JIA-01
2025-08-31,0.0,18972.42,AS-JIA-01
2025-09-01,0.0,20548.02,AS-JIA-01
2025-09-02,1.6,19696.53,AS-JIA-01
2025-09-03,16.0,17464.73,AS-JIA-01
2025-09-04,2.1,16190.02,AS-JIA-01
2025-09-05,17.9,15704.31,AS-JIA-01
2025-09-06,18.6,15115.72,AS-JIA-01
2025-09-07,11.4,14435.72,AS-JIA-01
2025-09-08,7.4,14215.27,AS-JIA-01
2025-09-09,26.8,13712.52,AS-JIA-01
2025-09-10,16.3,13536.87,AS-JIA-01
2025-09-11,20.6,13606.88,AS-JIA-01
2025-09-12,16.1,14142.44,AS-JIA-01
2025-09-13,41.3,14069.96,AS-JIA-01
2025-09-14,23.0,14810.02,AS-JIA-01
2025-09-15,27.1,16605.19,AS-JIA-01
2025-09-16,26.5,16987.08,AS-JIA-01
2025-09-17,6.8,16773.93,AS-JIA-01
2025-09-18,22.7,17464.73,AS-JIA-01
2025-09-19,4.3,18090.39,AS-JIA-01
2025-09-20,0.9,17597.1,AS-JIA-01
2025-09-21,0.4,16689.37,AS-JIA-01
2025-09-22,16.0,15905.06,AS-JIA-01
2025-09-23,2.9,15624.65,AS-JIA-01
2025-09-24,0.4,14923.99,AS-JIA-01
2025-09-25,0.0,14547.12,AS-JIA-01
2025-09-26,5.9,13606.88,AS-JIA-01
2025-09-27,5.6,12920.98,AS-JIA-01
2025-09-28,1.6,12265.94,AS-JIA-01
2025-09-29,0.3,11488.45,AS-JIA-01
2025-09-30,13.9,10811.63,AS-JIA-01
2025-10-01,19.9,10389.13,AS-JIA-01
2025-10-02,26.2,10500.38,AS-JIA-01
2025-10-03,7.0,11013.83,AS-JIA-01
2025-10-04,8.8,11219.32,AS-JIA-01
2025-10-05,10.6,11763.19,AS-JIA-01
2025-10-06,0.7,13712.52,AS-JIA-01
2025-10-07,7.1,13925.99,AS-JIA-01
2025-10-08,7.6,12721.28,AS-JIA-01
2025-10-09,6.1,11732.38,AS-JIA-01
2025-10-10,13.5,11160.27,AS-JIA-01
2025-10-11,12.6,11013.83,AS-JIA-01
2025-10-12,3.2,11072.21,AS-JIA-01
2025-10-13,0.2,11763.19,AS-JIA-01
2025-10-14,0.0,11042.99,AS-JIA-01
2025-10-15,0.0,10333.9,AS-JIA-01
2025-10-16,0.0,9638.5,AS-JIA-01
2025-10-17,0.0,8983.51,AS-JIA-01
2025-10-18,0.0,8412.74,AS-JIA-01
2025-10-19,0.0,7916.52,AS-JIA-01
2025-10-20,0.0,7444.83,AS-JIA-01
2025-10-21,0.0,7016.32,AS-JIA-01
2025-10-22,0.0,6627.04,AS-JIA-01
2025-10-23,0.0,6255.28,AS-JIA-01
2025-10-24,3.1,5882.92,AS-JIA-01
2025-10-25,4.2,5561.19,AS-JIA-01
2025-10-26,0.3,5349.04,AS-JIA-01
2025-10-27,0.0,5237.4,AS-JIA-01
2025-10-28,0.0,5127.55,AS-JIA-01
2025-10-29,0.4,4928.19,AS-JIA-01
2025-10-30,8.4,4690.86,AS-JIA-01
2025-10-31,17.7,4476.17,AS-JIA-01
2025-11-01,9.3,4518.52,AS-JIA-01
2025-11-02,1.1,5096.49,AS-JIA-01
2025-11-03,0.0,6439.02,AS-JIA-01
2025-11-04,0.0,7507.75,AS-JIA-01
2025-11-05,0.0,7016.32,AS-JIA-01
2025-11-06,2.1,6365.02,AS-JIA-01
2025-11-07,0.0,5848.39,AS-JIA-01
2025-11-08,0.0,5332.98,AS-JIA-01
2025-11-09,0.0,5143.14,AS-JIA-01
2025-11-10,0.0,4868.03,AS-JIA-01
2025-11-11,0.0,4561.16,AS-JIA-01
2025-11-12,0.0,4268.78,AS-JIA-01
2025-11-13,0.0,4003.15,AS-JIA-01
2025-11-14,0.0,3761.89,AS-JIA-01
2025-11-15,0.0,3554.79,AS-JIA-01
2025-11-16,0.0,3355.65,AS-JIA-01
2025-11-17,0.0,3186.28,AS-JIA-01
2025-11-18,0.0,3022.67,AS-JIA-01
2025-11-19,0.0,2874.99,AS-JIA-01
2025-11-20,0.0,2711.93,AS-JIA-01
2025-11-21,1.7,2564.42,AS-JIA-01
2025-11-22,0.0,2421.92,AS-JIA-01
2025-11-23,3.2,2302.35,AS-JIA-01
2025-11-24,0.0,2212.77,AS-JIA-01
2025-11-25,0.0,2133.88,AS-JIA-01
2025-11-26,0.0,2073.67,AS-JIA-01
2025-11-27,0.0,1997.64,AS-JIA-01
2025-11-28,0.0,1947.82,AS-JIA-01
2025-11-29,0.0,1866.31,AS-JIA-01
2025-11-30,0.0,1778.79,AS-JIA-01
2025-12-01,0.0,1693.47,AS-JIA-01
2025-12-02,0.0,1610.28,AS-JIA-01
2025-12-03,0.0,1536.45,AS-JIA-01
2025-12-04,0.0,1457.18,AS-JIA-01
2025-12-05,0.0,1400.78,AS-JIA-01
2025-12-06,0.0,1359.15,AS-JIA-01
2025-12-07,0.0,1304.54,AS-JIA-01
2025-12-08,0.0,1250.92,AS-JIA-01
2025-12-09,0.0,1198.29,AS-JIA-01
2025-12-10,0.0,1146.61,AS-JIA-01
2025-12-11,0.0,1095.88,AS-JIA-01
2025-12-12,0.0,1046.06,AS-JIA-01
2025-12-13,0.0,1003.23,AS-JIA-01
2025-12-14,0.0,955.12,AS-JIA-01
2025-12-15,0.0,913.73,AS-JIA-01
2025-12-16,0.0,878.79,AS-JIA-01
2025-12-17,0.0,838.63,AS-JIA-01
2025-12-18,0.0,804.72,AS-JIA-01
2025-12-19,0.0,787.94,AS-JIA-01
2025-12-20,0.0,760.23,AS-JIA-01
2025-12-21,0.0,732.83,AS-JIA-01
2025-12-22,0.0,700.37,AS-JIA-01
2025-12-23,0.6,673.66,AS-JIA-01
2025-12-24,0.0,647.26,AS-JIA-01
2025-12-25,0.0,621.16,AS-JIA-01
2025-12-26,0.0,600.49,AS-JIA-01
2025-12-27,0.0,590.23,AS-JIA-01
2025-12-28,0.0,574.92,AS-JIA-01
2025-12-29,0.0,559.73,AS-JIA-01
2025-12-30,0.0,549.65,AS-JIA-01
2025-12-31,0.0,544.63,AS-JIA-01
