date,river_discharge_m3s,precipitation_sum_mm,station_id
1997-01-01,15.71,0.0,KL-ACH-01
1997-01-02,14.74,0.0,KL-ACH-01
1997-01-03,13.86,0.9,KL-ACH-01
1997-01-04,13.13,0.0,KL-ACH-01
1997-01-05,12.37,0.0,KL-ACH-01
1997-01-06,11.65,0.1,KL-ACH-01
1997-01-07,10.99,0.0,KL-ACH-01
1997-01-08,10.4,0.0,KL-ACH-01
1997-01-09,9.84,0.0,KL-ACH-01
1997-01-10,9.33,0.0,KL-ACH-01
1997-01-11,7.69,0.7,KL-ACH-01
1997-01-12,7.0,1.3,KL-ACH-01
1997-01-13,6.55,0.9,KL-ACH-01
1997-01-14,6.16,2.4,KL-ACH-01
1997-01-15,5.81,0.4,KL-ACH-01
1997-01-16,5.53,2.8,KL-ACH-01
1997-01-17,5.24,0.0,KL-ACH-01
1997-01-18,4.9,0.1,KL-ACH-01
1997-01-19,4.61,0.5,KL-ACH-01
1997-01-20,4.37,0.0,KL-ACH-01
1997-01-21,4.46,0.0,KL-ACH-01
1997-01-22,4.46,0.5,KL-ACH-01
1997-01-23,4.4,1.2,KL-ACH-01
1997-01-24,4.31,0.3,KL-ACH-01
1997-01-25,4.24,0.0,KL-ACH-01
1997-01-26,4.14,0.1,KL-ACH-01
1997-01-27,4.05,0.0,KL-ACH-01
1997-01-28,3.97,0.0,KL-ACH-01
1997-01-29,3.91,0.0,KL-ACH-01
1997-01-30,3.84,0.0,KL-ACH-01
1997-01-31,4.86,0.0,KL-ACH-01
1997-02-01,5.28,0.2,KL-ACH-01
1997-02-02,5.31,0.0,KL-ACH-01
1997-02-03,5.28,0.9,KL-ACH-01
1997-02-04,5.31,0.4,KL-ACH-01
1997-02-05,5.28,2.8,KL-ACH-01
1997-02-06,5.97,0.7,KL-ACH-01
1997-02-07,5.97,0.0,KL-ACH-01
1997-02-08,5.68,0.2,KL-ACH-01
1997-02-09,5.53,0.0,KL-ACH-01
1997-02-10,5.37,0.2,KL-ACH-01
1997-02-11,5.25,0.0,KL-ACH-01
1997-02-12,5.19,0.1,KL-ACH-01
1997-02-13,5.1,0.0,KL-ACH-01
1997-02-14,5.12,0.0,KL-ACH-01
1997-02-15,5.07,0.0,KL-ACH-01
1997-02-16,5.03,0.0,KL-ACH-01
1997-02-17,5.0,0.0,KL-ACH-01
1997-02-18,5.0,0.0,KL-ACH-01
1997-02-19,4.97,0.0,KL-ACH-01
1997-02-20,4.9,0.1,KL-ACH-01
1997-02-21,4.87,0.1,KL-ACH-01
1997-02-22,4.81,0.1,KL-ACH-01
1997-02-23,4.85,1.0,KL-ACH-01
1997-02-24,4.85,0.3,KL-ACH-01
1997-02-25,4.85,0.0,KL-ACH-01
1997-02-26,4.78,0.0,KL-ACH-01
1997-02-27,4.78,0.0,KL-ACH-01
1997-02-28,4.69,0.3,KL-ACH-01
1997-03-01,4.62,0.1,KL-ACH-01
1997-03-02,4.62,0.0,KL-ACH-01
1997-03-03,4.71,5.1,KL-ACH-01
1997-03-04,4.94,5.7,KL-ACH-01
1997-03-05,4.85,1.0,KL-ACH-01
1997-03-06,4.78,0.6,KL-ACH-01
1997-03-07,4.71,0.3,KL-ACH-01
1997-03-08,4.66,0.0,KL-ACH-01
1997-03-09,4.66,0.0,KL-ACH-01
1997-03-10,4.6,0.0,KL-ACH-01
1997-03-11,4.53,0.0,KL-ACH-01
1997-03-12,4.5,0.2,KL-ACH-01
1997-03-13,4.43,0.3,KL-ACH-01
1997-03-14,4.47,0.7,KL-ACH-01
1997-03-15,4.5,1.0,KL-ACH-01
1997-03-16,4.5,3.1,KL-ACH-01
1997-03-17,4.53,2.0,KL-ACH-01
1997-03-18,4.53,1.6,KL-ACH-01
1997-03-19,4.53,1.7,KL-ACH-01
1997-03-20,4.66,3.2,KL-ACH-01
1997-03-21,4.87,4.9,KL-ACH-01
1997-03-22,5.25,9.5,KL-ACH-01
1997-03-23,5.15,2.0,KL-ACH-01
1997-03-24,4.97,1.1,KL-ACH-01
1997-03-25,4.85,0.2,KL-ACH-01
1997-03-26,4.69,0.7,KL-ACH-01
1997-03-27,4.6,0.9,KL-ACH-01
1997-03-28,4.56,0.3,KL-ACH-01
1997-03-29,4.56,2.1,KL-ACH-01
1997-03-30,4.9,6.2,KL-ACH-01
1997-03-31,4.87,2.9,KL-ACH-01
1997-04-01,5.19,11.2,KL-ACH-01
1997-04-02,4.97,2.2,KL-ACH-01
1997-04-03,4.87,1.2,KL-ACH-01
1997-04-04,4.81,2.6,KL-ACH-01
1997-04-05,5.68,22.9,KL-ACH-01
1997-04-06,5.62,3.5,KL-ACH-01
1997-04-07,5.84,13.1,KL-ACH-01
1997-04-08,5.53,4.8,KL-ACH-01
1997-04-09,5.93,5.6,KL-ACH-01
1997-04-10,6.06,0.2,KL-ACH-01
1997-04-11,5.97,3.6,KL-ACH-01
1997-04-12,5.81,0.0,KL-ACH-01
1997-04-13,5.65,0.0,KL-ACH-01
1997-04-14,5.56,0.1,KL-ACH-01
1997-04-15,5.53,2.3,KL-ACH-01
1997-04-16,5.59,5.3,KL-ACH-01
1997-04-17,5.71,4.6,KL-ACH-01
1997-04-18,5.71,0.4,KL-ACH-01
1997-04-19,5.65,2.8,KL-ACH-01
1997-04-20,5.71,6.9,KL-ACH-01
1997-04-21,5.62,0.1,KL-ACH-01
1997-04-22,5.56,0.5,KL-ACH-01
1997-04-23,5.5,0.3,KL-ACH-01
1997-04-24,5.5,0.4,KL-ACH-01
1997-04-25,5.59,4.1,KL-ACH-01
1997-04-26,5.78,5.7,KL-ACH-01
1997-04-27,5.9,3.8,KL-ACH-01
1997-04-28,5.93,6.2,KL-ACH-01
1997-04-29,5.87,4.2,KL-ACH-01
1997-04-30,5.81,4.8,KL-ACH-01
1997-05-01,5.75,5.3,KL-ACH-01
1997-05-02,5.68,3.8,KL-ACH-01
1997-05-03,5.87,11.1,KL-ACH-01
1997-05-04,5.9,4.1,KL-ACH-01
1997-05-05,5.84,2.9,KL-ACH-01
1997-05-06,5.87,6.3,KL-ACH-01
1997-05-07,6.38,20.3,KL-ACH-01
1997-05-08,7.75,31.4,KL-ACH-01
1997-05-09,8.66,8.5,KL-ACH-01
1997-05-10,8.93,3.2,KL-ACH-01
1997-05-11,8.53,2.8,KL-ACH-01
1997-05-12,8.1,1.9,KL-ACH-01
1997-05-13,7.81,3.0,KL-ACH-01
1997-05-14,7.71,5.4,KL-ACH-01
1997-05-15,7.99,7.8,KL-ACH-01
1997-05-16,8.06,1.9,KL-ACH-01
1997-05-17,7.99,3.5,KL-ACH-01
1997-05-18,8.04,1.0,KL-ACH-01
1997-05-19,7.87,4.0,KL-ACH-01
1997-05-20,7.63,0.0,KL-ACH-01
1997-05-21,7.28,0.0,KL-ACH-01
1997-05-22,6.96,0.0,KL-ACH-01
1997-05-23,6.66,0.0,KL-ACH-01
1997-05-24,6.53,6.2,KL-ACH-01
1997-05-25,6.82,9.3,KL-ACH-01
1997-05-26,7.15,11.3,KL-ACH-01
1997-05-27,7.47,5.6,KL-ACH-01
1997-05-28,7.63,0.9,KL-ACH-01
1997-05-29,7.43,2.0,KL-ACH-01
1997-05-30,7.13,0.6,KL-ACH-01
1997-05-31,7.24,12.5,KL-ACH-01
1997-06-01,7.91,7.4,KL-ACH-01
1997-06-02,8.06,0.5,KL-ACH-01
1997-06-03,7.93,6.2,KL-ACH-01
1997-06-04,8.38,5.5,KL-ACH-01
1997-06-05,8.75,3.2,KL-ACH-01
1997-06-06,8.68,5.6,KL-ACH-01
1997-06-07,8.75,7.3,KL-ACH-01
1997-06-08,8.91,8.8,KL-ACH-01
1997-06-09,8.98,2.0,KL-ACH-01
1997-06-10,8.66,1.6,KL-ACH-01
1997-06-11,8.59,12.7,KL-ACH-01
1997-06-12,8.98,11.6,KL-ACH-01
1997-06-13,10.09,25.1,KL-ACH-01
1997-06-14,11.68,4.2,KL-ACH-01
1997-06-15,11.76,4.8,KL-ACH-01
1997-06-16,11.65,0.0,KL-ACH-01
1997-06-17,11.16,3.8,KL-ACH-01
1997-06-18,10.89,4.6,KL-ACH-01
1997-06-19,10.78,8.8,KL-ACH-01
1997-06-20,10.64,3.9,KL-ACH-01
1997-06-21,10.32,2.4,KL-ACH-01
1997-06-22,10.35,11.2,KL-ACH-01
1997-06-23,10.83,10.2,KL-ACH-01
1997-06-24,11.74,16.2,KL-ACH-01
1997-06-25,13.35,9.2,KL-ACH-01
1997-06-26,14.38,26.1,KL-ACH-01
1997-06-27,16.3,15.0,KL-ACH-01
1997-06-28,17.28,10.9,KL-ACH-01
1997-06-29,18.82,33.4,KL-ACH-01
1997-06-30,55.1,75.7,KL-ACH-01
1997-07-01,59.81,14.1,KL-ACH-01
1997-07-02,53.7,8.3,KL-ACH-01
1997-07-03,48.66,10.5,KL-ACH-01
1997-07-04,45.77,6.1,KL-ACH-01
1997-07-05,43.06,11.8,KL-ACH-01
1997-07-06,41.56,7.7,KL-ACH-01
1997-07-07,39.64,19.5,KL-ACH-01
1997-07-08,39.55,3.7,KL-ACH-01
1997-07-09,38.08,14.7,KL-ACH-01
1997-07-10,38.54,17.6,KL-ACH-01
1997-07-11,38.99,9.3,KL-ACH-01
1997-07-12,38.17,2.4,KL-ACH-01
1997-07-13,36.15,5.2,KL-ACH-01
1997-07-14,34.56,3.7,KL-ACH-01
1997-07-15,32.88,5.0,KL-ACH-01
1997-07-16,31.14,2.0,KL-ACH-01
1997-07-17,29.69,6.4,KL-ACH-01
1997-07-18,28.38,5.9,KL-ACH-01
1997-07-19,27.38,2.9,KL-ACH-01
1997-07-20,26.29,7.5,KL-ACH-01
1997-07-21,25.55,13.9,KL-ACH-01
1997-07-22,25.24,5.7,KL-ACH-01
1997-07-23,26.29,30.1,KL-ACH-01
1997-07-24,40.11,45.4,KL-ACH-01
1997-07-25,46.42,15.2,KL-ACH-01
1997-07-26,47.31,11.5,KL-ACH-01
1997-07-27,47.08,8.9,KL-ACH-01
1997-07-28,45.56,2.1,KL-ACH-01
1997-07-29,42.45,1.8,KL-ACH-01
1997-07-30,40.21,6.7,KL-ACH-01
1997-07-31,39.09,9.7,KL-ACH-01
1997-08-01,38.81,25.3,KL-ACH-01
1997-08-02,39.93,4.3,KL-ACH-01
1997-08-03,38.08,3.9,KL-ACH-01
1997-08-04,36.33,3.7,KL-ACH-01
1997-08-05,34.73,1.4,KL-ACH-01
1997-08-06,32.81,5.2,KL-ACH-01
1997-08-07,32.11,17.8,KL-ACH-01
1997-08-08,34.16,21.8,KL-ACH-01
1997-08-09,35.22,5.5,KL-ACH-01
1997-08-10,33.99,9.5,KL-ACH-01
1997-08-11,32.81,4.3,KL-ACH-01
1997-08-12,31.21,6.2,KL-ACH-01
1997-08-13,29.69,4.3,KL-ACH-01
1997-08-14,28.38,0.0,KL-ACH-01
1997-08-15,26.61,0.0,KL-ACH-01
1997-08-16,24.88,2.6,KL-ACH-01
1997-08-17,23.6,5.0,KL-ACH-01
1997-08-18,22.71,1.3,KL-ACH-01
1997-08-19,21.49,2.3,KL-ACH-01
1997-08-20,20.43,4.4,KL-ACH-01
1997-08-21,21.23,37.3,KL-ACH-01
1997-08-22,25.79,9.7,KL-ACH-01
1997-08-23,27.12,11.4,KL-ACH-01
1997-08-24,26.99,0.0,KL-ACH-01
1997-08-25,25.36,1.7,KL-ACH-01
1997-08-26,23.89,6.2,KL-ACH-01
1997-08-27,23.21,7.7,KL-ACH-01
1997-08-28,22.99,12.1,KL-ACH-01
1997-08-29,23.83,13.7,KL-ACH-01
1997-08-30,24.76,2.8,KL-ACH-01
1997-08-31,23.55,0.0,KL-ACH-01
1997-09-01,21.96,0.6,KL-ACH-01
1997-09-02,20.78,0.8,KL-ACH-01
1997-09-03,19.61,1.4,KL-ACH-01
1997-09-04,18.45,0.3,KL-ACH-01
1997-09-05,17.49,4.8,KL-ACH-01
1997-09-06,17.37,3.5,KL-ACH-01
1997-09-07,17.03,3.0,KL-ACH-01
1997-09-08,16.78,6.0,KL-ACH-01
1997-09-09,16.82,12.1,KL-ACH-01
1997-09-10,18.01,10.9,KL-ACH-01
1997-09-11,19.28,15.2,KL-ACH-01
1997-09-12,20.88,7.3,KL-ACH-01
1997-09-13,21.75,8.0,KL-ACH-01
1997-09-14,22.23,8.5,KL-ACH-01
1997-09-15,23.43,13.8,KL-ACH-01
1997-09-16,25.61,8.1,KL-ACH-01
1997-09-17,25.61,12.8,KL-ACH-01
1997-09-18,26.86,26.6,KL-ACH-01
1997-09-19,29.83,13.3,KL-ACH-01
1997-09-20,30.77,9.4,KL-ACH-01
1997-09-21,30.62,10.1,KL-ACH-01
1997-09-22,30.62,17.4,KL-ACH-01
1997-09-23,32.73,16.3,KL-ACH-01
1997-09-24,36.5,11.2,KL-ACH-01
1997-09-25,37.64,3.3,KL-ACH-01
1997-09-26,36.58,3.1,KL-ACH-01
1997-09-27,34.65,1.5,KL-ACH-01
1997-09-28,32.88,1.4,KL-ACH-01
1997-09-29,31.28,0.0,KL-ACH-01
1997-09-30,29.34,2.8,KL-ACH-01
1997-10-01,27.91,0.0,KL-ACH-01
1997-10-02,26.16,0.0,KL-ACH-01
1997-10-03,24.47,2.2,KL-ACH-01
1997-10-04,23.77,15.8,KL-ACH-01
1997-10-05,25.12,4.8,KL-ACH-01
1997-10-06,24.94,6.7,KL-ACH-01
1997-10-07,24.82,3.8,KL-ACH-01
1997-10-08,25.73,7.1,KL-ACH-01
1997-10-09,25.3,7.4,KL-ACH-01
1997-10-10,24.41,4.2,KL-ACH-01
1997-10-11,23.32,7.6,KL-ACH-01
1997-10-12,22.93,8.4,KL-ACH-01
1997-10-13,22.17,7.8,KL-ACH-01
1997-10-14,22.55,37.2,KL-ACH-01
1997-10-15,23.55,8.9,KL-ACH-01
1997-10-16,24.12,20.7,KL-ACH-01
1997-10-17,24.88,6.3,KL-ACH-01
1997-10-18,24.23,17.4,KL-ACH-01
1997-10-19,24.29,19.9,KL-ACH-01
1997-10-20,24.82,17.1,KL-ACH-01
1997-10-21,26.54,25.6,KL-ACH-01
1997-10-22,28.99,4.7,KL-ACH-01
1997-10-23,29.06,10.6,KL-ACH-01
1997-10-24,28.85,0.4,KL-ACH-01
1997-10-25,27.51,4.7,KL-ACH-01
1997-10-26,27.58,28.3,KL-ACH-01
1997-10-27,29.76,7.4,KL-ACH-01
1997-10-28,31.14,7.6,KL-ACH-01
1997-10-29,31.66,14.8,KL-ACH-01
1997-10-30,35.06,14.2,KL-ACH-01
1997-10-31,36.41,12.6,KL-ACH-01
1997-11-01,43.36,29.1,KL-ACH-01
1997-11-02,50.17,16.2,KL-ACH-01
1997-11-03,55.49,40.6,KL-ACH-01
1997-11-04,61.23,29.9,KL-ACH-01
1997-11-05,63.71,20.7,KL-ACH-01
1997-11-06,63.27,27.8,KL-ACH-01
1997-11-07,73.64,38.5,KL-ACH-01
1997-11-08,94.28,105.9,KL-ACH-01
1997-11-09,95.16,14.4,KL-ACH-01
1997-11-10,88.74,4.1,KL-ACH-01
1997-11-11,82.56,7.2,KL-ACH-01
1997-11-12,77.52,7.8,KL-ACH-01
1997-11-13,72.11,0.3,KL-ACH-01
1997-11-14,66.92,0.8,KL-ACH-01
1997-11-15,62.24,5.0,KL-ACH-01
1997-11-16,59.67,8.6,KL-ACH-01
1997-11-17,57.08,7.7,KL-ACH-01
1997-11-18,54.59,0.2,KL-ACH-01
1997-11-19,51.24,1.0,KL-ACH-01
1997-11-20,47.98,1.8,KL-ACH-01
1997-11-21,45.67,9.8,KL-ACH-01
1997-11-22,45.13,11.1,KL-ACH-01
1997-11-23,44.08,17.4,KL-ACH-01
1997-11-24,44.39,13.5,KL-ACH-01
1997-11-25,44.81,0.9,KL-ACH-01
1997-11-26,42.45,2.3,KL-ACH-01
1997-11-27,40.02,4.5,KL-ACH-01
1997-11-28,38.36,11.4,KL-ACH-01
1997-11-29,36.84,1.0,KL-ACH-01
1997-11-30,34.65,0.8,KL-ACH-01
1997-12-01,32.5,0.0,KL-ACH-01
1997-12-02,30.41,0.3,KL-ACH-01
1997-12-03,28.72,9.8,KL-ACH-01
1997-12-04,27.91,19.3,KL-ACH-01
1997-12-05,27.77,22.2,KL-ACH-01
1997-12-06,34.16,32.7,KL-ACH-01
1997-12-07,38.63,3.1,KL-ACH-01
1997-12-08,37.28,13.3,KL-ACH-01
1997-12-09,37.19,7.9,KL-ACH-01
1997-12-10,35.81,0.7,KL-ACH-01
1997-12-11,33.43,1.4,KL-ACH-01
1997-12-12,31.28,2.1,KL-ACH-01
1997-12-13,29.34,1.5,KL-ACH-01
1997-12-14,27.51,3.7,KL-ACH-01
1997-12-15,26.04,1.6,KL-ACH-01
1997-12-16,24.59,2.1,KL-ACH-01
1997-12-17,23.49,16.5,KL-ACH-01
1997-12-18,23.15,12.3,KL-ACH-01
1997-12-19,23.04,8.5,KL-ACH-01
1997-12-20,22.66,19.9,KL-ACH-01
1997-12-21,22.93,4.5,KL-ACH-01
1997-12-22,21.8,0.8,KL-ACH-01
1997-12-23,20.48,1.5,KL-ACH-01
1997-12-24,19.18,0.3,KL-ACH-01
1997-12-25,17.97,0.0,KL-ACH-01
1997-12-26,16.78,0.2,KL-ACH-01
1997-12-27,15.71,0.0,KL-ACH-01
1997-12-28,14.7,0.0,KL-ACH-01
1997-12-29,13.76,0.0,KL-ACH-01
1997-12-30,12.9,0.3,KL-ACH-01
1997-12-31,12.12,0.0,KL-ACH-01
1998-01-01,11.42,3.0,KL-ACH-01
1998-01-02,10.83,1.6,KL-ACH-01
1998-01-03,10.27,0.0,KL-ACH-01
1998-01-04,9.74,0.0,KL-ACH-01
1998-01-05,9.21,0.0,KL-ACH-01
1998-01-06,8.77,0.0,KL-ACH-01
1998-01-07,8.35,0.0,KL-ACH-01
1998-01-08,7.97,0.0,KL-ACH-01
1998-01-09,7.67,0.6,KL-ACH-01
1998-01-10,7.41,0.0,KL-ACH-01
1998-01-11,6.18,0.0,KL-ACH-01
1998-01-12,5.58,0.0,KL-ACH-01
1998-01-13,5.25,0.0,KL-ACH-01
1998-01-14,5.0,0.0,KL-ACH-01
1998-01-15,4.78,0.1,KL-ACH-01
1998-01-16,4.57,0.0,KL-ACH-01
1998-01-17,4.36,0.2,KL-ACH-01
1998-01-18,4.25,0.0,KL-ACH-01
1998-01-19,4.19,0.4,KL-ACH-01
1998-01-20,4.14,1.7,KL-ACH-01
1998-01-21,4.25,0.5,KL-ACH-01
1998-01-22,4.25,2.4,KL-ACH-01
1998-01-23,4.22,0.5,KL-ACH-01
1998-01-24,4.18,1.5,KL-ACH-01
1998-01-25,4.13,0.2,KL-ACH-01
1998-01-26,4.06,0.0,KL-ACH-01
1998-01-27,3.99,0.0,KL-ACH-01
1998-01-28,3.92,0.1,KL-ACH-01
1998-01-29,3.91,0.0,KL-ACH-01
1998-01-30,3.88,0.0,KL-ACH-01
1998-01-31,4.9,0.0,KL-ACH-01
1998-02-01,5.27,0.0,KL-ACH-01
1998-02-02,5.28,0.0,KL-ACH-01
1998-02-03,5.25,0.0,KL-ACH-01
1998-02-04,5.24,0.0,KL-ACH-01
1998-02-05,5.21,0.0,KL-ACH-01
1998-02-06,5.19,0.0,KL-ACH-01
1998-02-07,5.19,0.6,KL-ACH-01
1998-02-08,5.15,0.0,KL-ACH-01
1998-02-09,5.11,0.0,KL-ACH-01
1998-02-10,5.03,0.0,KL-ACH-01
1998-02-11,5.01,0.0,KL-ACH-01
1998-02-12,4.97,0.5,KL-ACH-01
1998-02-13,4.97,0.9,KL-ACH-01
1998-02-14,4.98,0.1,KL-ACH-01
1998-02-15,4.98,0.0,KL-ACH-01
1998-02-16,5.01,0.5,KL-ACH-01
1998-02-17,4.98,0.2,KL-ACH-01
1998-02-18,4.98,0.0,KL-ACH-01
1998-02-19,4.87,0.0,KL-ACH-01
1998-02-20,4.79,0.0,KL-ACH-01
1998-02-21,4.9,0.0,KL-ACH-01
1998-02-22,4.78,0.0,KL-ACH-01
1998-02-23,4.79,0.0,KL-ACH-01
1998-02-24,4.81,2.2,KL-ACH-01
1998-02-25,4.87,2.9,KL-ACH-01
1998-02-26,4.77,0.0,KL-ACH-01
1998-02-27,4.75,0.2,KL-ACH-01
1998-02-28,4.66,0.0,KL-ACH-01
1998-03-01,4.62,0.3,KL-ACH-01
1998-03-02,4.56,0.9,KL-ACH-01
1998-03-03,4.57,0.2,KL-ACH-01
1998-03-04,4.52,0.0,KL-ACH-01
1998-03-05,4.52,0.4,KL-ACH-01
1998-03-06,4.55,0.4,KL-ACH-01
1998-03-07,4.48,0.0,KL-ACH-01
1998-03-08,4.46,0.0,KL-ACH-01
1998-03-09,4.42,0.2,KL-ACH-01
1998-03-10,4.41,0.0,KL-ACH-01
1998-03-11,4.43,0.5,KL-ACH-01
1998-03-12,4.36,0.0,KL-ACH-01
1998-03-13,4.3,0.0,KL-ACH-01
1998-03-14,4.25,0.9,KL-ACH-01
1998-03-15,4.28,0.0,KL-ACH-01
1998-03-16,4.28,0.0,KL-ACH-01
1998-03-17,4.25,0.0,KL-ACH-01
1998-03-18,4.25,0.4,KL-ACH-01
1998-03-19,4.31,0.0,KL-ACH-01
1998-03-20,4.25,0.0,KL-ACH-01
1998-03-21,4.25,0.0,KL-ACH-01
1998-03-22,4.22,0.1,KL-ACH-01
1998-03-23,4.25,1.3,KL-ACH-01
1998-03-24,4.28,0.2,KL-ACH-01
1998-03-25,4.28,0.0,KL-ACH-01
1998-03-26,4.25,0.4,KL-ACH-01
1998-03-27,4.19,1.5,KL-ACH-01
1998-03-28,4.22,2.1,KL-ACH-01
1998-03-29,4.25,0.5,KL-ACH-01
1998-03-30,4.19,0.6,KL-ACH-01
1998-03-31,4.19,1.6,KL-ACH-01
1998-04-01,4.87,13.4,KL-ACH-01
1998-04-02,5.22,12.5,KL-ACH-01
1998-04-03,5.31,9.8,KL-ACH-01
1998-04-04,4.87,0.0,KL-ACH-01
1998-04-05,4.62,0.0,KL-ACH-01
1998-04-06,4.5,1.4,KL-ACH-01
1998-04-07,4.6,2.5,KL-ACH-01
1998-04-08,4.62,3.9,KL-ACH-01
1998-04-09,5.31,3.3,KL-ACH-01
1998-04-10,5.41,0.8,KL-ACH-01
1998-04-11,5.34,0.9,KL-ACH-01
1998-04-12,5.34,2.3,KL-ACH-01
1998-04-13,5.34,0.6,KL-ACH-01
1998-04-14,5.31,1.6,KL-ACH-01
1998-04-15,5.31,0.7,KL-ACH-01
1998-04-16,5.31,1.4,KL-ACH-01
1998-04-17,5.34,3.7,KL-ACH-01
1998-04-18,5.31,0.4,KL-ACH-01
1998-04-19,5.28,0.3,KL-ACH-01
1998-04-20,5.28,0.1,KL-ACH-01
1998-04-21,5.28,0.7,KL-ACH-01
1998-04-22,5.28,1.8,KL-ACH-01
1998-04-23,5.34,4.4,KL-ACH-01
1998-04-24,5.34,1.5,KL-ACH-01
1998-04-25,5.31,1.2,KL-ACH-01
1998-04-26,5.37,3.6,KL-ACH-01
1998-04-27,5.59,8.2,KL-ACH-01
1998-04-28,5.62,10.2,KL-ACH-01
1998-04-29,5.65,6.8,KL-ACH-01
1998-04-30,5.59,5.3,KL-ACH-01
1998-05-01,5.47,1.8,KL-ACH-01
1998-05-02,5.5,5.0,KL-ACH-01
1998-05-03,5.5,6.5,KL-ACH-01
1998-05-04,5.5,5.1,KL-ACH-01
1998-05-05,5.47,3.6,KL-ACH-01
1998-05-06,5.44,4.2,KL-ACH-01
1998-05-07,5.31,1.0,KL-ACH-01
1998-05-08,5.28,2.6,KL-ACH-01
1998-05-09,5.5,12.4,KL-ACH-01
1998-05-10,5.47,5.0,KL-ACH-01
1998-05-11,5.97,20.7,KL-ACH-01
1998-05-12,6.35,20.3,KL-ACH-01
1998-05-13,6.78,25.0,KL-ACH-01
1998-05-14,6.74,15.7,KL-ACH-01
1998-05-15,8.77,63.0,KL-ACH-01
1998-05-16,8.93,15.2,KL-ACH-01
1998-05-17,8.46,0.2,KL-ACH-01
1998-05-18,7.85,5.7,KL-ACH-01
1998-05-19,7.69,9.1,KL-ACH-01
1998-05-20,7.69,1.9,KL-ACH-01
1998-05-21,7.47,3.4,KL-ACH-01
1998-05-22,7.32,1.9,KL-ACH-01
1998-05-23,7.04,1.9,KL-ACH-01
1998-05-24,6.74,1.6,KL-ACH-01
1998-05-25,6.57,5.3,KL-ACH-01
1998-05-26,6.62,7.8,KL-ACH-01
1998-05-27,6.85,9.9,KL-ACH-01
1998-05-28,7.04,5.1,KL-ACH-01
1998-05-29,7.09,9.3,KL-ACH-01
1998-05-30,7.05,3.7,KL-ACH-01
1998-05-31,6.94,0.4,KL-ACH-01
1998-06-01,7.0,12.9,KL-ACH-01
1998-06-02,7.43,9.0,KL-ACH-01
1998-06-03,7.91,6.2,KL-ACH-01
1998-06-04,8.16,3.4,KL-ACH-01
1998-06-05,8.1,2.1,KL-ACH-01
1998-06-06,7.93,6.2,KL-ACH-01
1998-06-07,7.91,3.6,KL-ACH-01
1998-06-08,7.69,2.8,KL-ACH-01
1998-06-09,7.41,2.7,KL-ACH-01
1998-06-10,7.26,4.4,KL-ACH-01
1998-06-11,7.2,4.2,KL-ACH-01
1998-06-12,7.11,4.1,KL-ACH-01
1998-06-13,7.11,6.4,KL-ACH-01
1998-06-14,7.22,6.4,KL-ACH-01
1998-06-15,7.75,14.7,KL-ACH-01
1998-06-16,9.59,27.1,KL-ACH-01
1998-06-17,11.13,9.0,KL-ACH-01
1998-06-18,11.47,7.6,KL-ACH-01
1998-06-19,11.36,4.5,KL-ACH-01
1998-06-20,11.3,4.7,KL-ACH-01
1998-06-21,11.42,7.1,KL-ACH-01
1998-06-22,12.12,10.3,KL-ACH-01
1998-06-23,13.19,9.2,KL-ACH-01
1998-06-24,13.76,5.9,KL-ACH-01
1998-06-25,15.26,31.7,KL-ACH-01
1998-06-26,22.33,32.2,KL-ACH-01
1998-06-27,35.48,34.7,KL-ACH-01
1998-06-28,51.6,39.5,KL-ACH-01
1998-06-29,64.46,29.2,KL-ACH-01
1998-06-30,65.53,15.4,KL-ACH-01
1998-07-01,65.99,26.7,KL-ACH-01
1998-07-02,66.45,14.1,KL-ACH-01
1998-07-03,65.99,17.6,KL-ACH-01
1998-07-04,64.77,4.5,KL-ACH-01
1998-07-05,60.66,0.0,KL-ACH-01
1998-07-06,56.15,0.5,KL-ACH-01
1998-07-07,52.09,2.2,KL-ACH-01
1998-07-08,48.66,2.7,KL-ACH-01
1998-07-09,45.56,3.3,KL-ACH-01
1998-07-10,42.95,3.7,KL-ACH-01
1998-07-11,40.78,3.4,KL-ACH-01
1998-07-12,38.63,4.4,KL-ACH-01
1998-07-13,36.76,7.1,KL-ACH-01
1998-07-14,36.33,26.5,KL-ACH-01
1998-07-15,36.84,7.5,KL-ACH-01
1998-07-16,35.81,8.5,KL-ACH-01
1998-07-17,34.81,5.8,KL-ACH-01
1998-07-18,33.83,24.9,KL-ACH-01
1998-07-19,35.56,14.8,KL-ACH-01
1998-07-20,36.41,9.9,KL-ACH-01
1998-07-21,36.15,1.6,KL-ACH-01
1998-07-22,34.48,4.9,KL-ACH-01
1998-07-23,33.04,13.7,KL-ACH-01
1998-07-24,33.04,17.8,KL-ACH-01
1998-07-25,34.56,13.5,KL-ACH-01
1998-07-26,34.89,3.7,KL-ACH-01
1998-07-27,33.83,5.8,KL-ACH-01
1998-07-28,33.36,8.7,KL-ACH-01
1998-07-29,33.43,5.3,KL-ACH-01
1998-07-30,32.57,1.8,KL-ACH-01
1998-07-31,31.21,1.7,KL-ACH-01
1998-08-01,29.69,6.5,KL-ACH-01
1998-08-02,28.65,10.1,KL-ACH-01
1998-08-03,28.72,15.4,KL-ACH-01
1998-08-04,30.7,6.0,KL-ACH-01
1998-08-05,30.33,8.9,KL-ACH-01
1998-08-06,29.34,4.1,KL-ACH-01
1998-08-07,27.91,9.3,KL-ACH-01
1998-08-08,26.99,4.0,KL-ACH-01
1998-08-09,25.92,2.8,KL-ACH-01
1998-08-10,24.94,4.4,KL-ACH-01
1998-08-11,24.12,5.1,KL-ACH-01
1998-08-12,23.32,3.1,KL-ACH-01
1998-08-13,22.07,2.6,KL-ACH-01
1998-08-14,20.83,0.0,KL-ACH-01
1998-08-15,19.65,2.1,KL-ACH-01
1998-08-16,19.84,6.5,KL-ACH-01
1998-08-17,19.65,2.4,KL-ACH-01
1998-08-18,19.04,9.9,KL-ACH-01
1998-08-19,19.75,14.4,KL-ACH-01
1998-08-20,21.28,18.3,KL-ACH-01
1998-08-21,22.23,19.6,KL-ACH-01
1998-08-22,23.55,15.0,KL-ACH-01
1998-08-23,25.12,24.3,KL-ACH-01
1998-08-24,29.2,18.4,KL-ACH-01
1998-08-25,31.96,4.5,KL-ACH-01
1998-08-26,30.92,1.5,KL-ACH-01
1998-08-27,29.13,1.6,KL-ACH-01
1998-08-28,27.58,3.0,KL-ACH-01
1998-08-29,26.1,0.0,KL-ACH-01
1998-08-30,24.47,2.1,KL-ACH-01
1998-08-31,23.49,3.9,KL-ACH-01
1998-09-01,22.82,1.9,KL-ACH-01
1998-09-02,21.86,0.1,KL-ACH-01
1998-09-03,20.83,7.1,KL-ACH-01
1998-09-04,20.98,14.4,KL-ACH-01
1998-09-05,22.82,27.3,KL-ACH-01
1998-09-06,26.8,8.0,KL-ACH-01
1998-09-07,28.11,10.5,KL-ACH-01
1998-09-08,30.26,27.3,KL-ACH-01
1998-09-09,35.06,20.0,KL-ACH-01
1998-09-10,36.07,2.9,KL-ACH-01
1998-09-11,34.24,3.1,KL-ACH-01
1998-09-12,32.57,3.6,KL-ACH-01
1998-09-13,30.99,4.6,KL-ACH-01
1998-09-14,29.41,4.6,KL-ACH-01
1998-09-15,28.38,4.4,KL-ACH-01
1998-09-16,27.58,7.6,KL-ACH-01
1998-09-17,26.8,3.2,KL-ACH-01
1998-09-18,25.55,0.3,KL-ACH-01
1998-09-19,23.95,0.6,KL-ACH-01
1998-09-20,22.5,3.8,KL-ACH-01
1998-09-21,21.39,4.5,KL-ACH-01
1998-09-22,21.49,23.5,KL-ACH-01
1998-09-23,24.23,21.0,KL-ACH-01
1998-09-24,25.85,8.8,KL-ACH-01
1998-09-25,25.55,0.0,KL-ACH-01
1998-09-26,24.29,14.3,KL-ACH-01
1998-09-27,24.35,12.0,KL-ACH-01
1998-09-28,25.18,20.1,KL-ACH-01
1998-09-29,27.44,3.6,KL-ACH-01
1998-09-30,26.8,0.2,KL-ACH-01
1998-10-01,25.12,1.7,KL-ACH-01
1998-10-02,24.47,20.7,KL-ACH-01
1998-10-03,24.76,3.9,KL-ACH-01
1998-10-04,23.66,1.9,KL-ACH-01
1998-10-05,22.44,1.5,KL-ACH-01
1998-10-06,21.8,10.0,KL-ACH-01
1998-10-07,22.01,8.1,KL-ACH-01
1998-10-08,22.44,29.4,KL-ACH-01
1998-10-09,26.86,24.9,KL-ACH-01
1998-10-10,42.35,42.9,KL-ACH-01
1998-10-11,71.61,58.3,KL-ACH-01
1998-10-12,79.17,24.8,KL-ACH-01
1998-10-13,76.62,14.5,KL-ACH-01
1998-10-14,71.28,6.8,KL-ACH-01
1998-10-15,66.45,5.7,KL-ACH-01
1998-10-16,62.24,3.0,KL-ACH-01
1998-10-17,57.61,1.2,KL-ACH-01
1998-10-18,53.7,0.9,KL-ACH-01
1998-10-19,49.93,0.3,KL-ACH-01
1998-10-20,46.42,0.0,KL-ACH-01
1998-10-21,43.16,0.0,KL-ACH-01
1998-10-22,40.21,0.0,KL-ACH-01
1998-10-23,37.46,0.2,KL-ACH-01
1998-10-24,35.06,1.3,KL-ACH-01
1998-10-25,32.81,2.1,KL-ACH-01
1998-10-26,31.21,7.6,KL-ACH-01
1998-10-27,30.99,10.9,KL-ACH-01
1998-10-28,31.43,16.5,KL-ACH-01
1998-10-29,32.34,9.7,KL-ACH-01
1998-10-30,31.66,0.2,KL-ACH-01
1998-10-31,29.76,2.4,KL-ACH-01
1998-11-01,28.85,2.4,KL-ACH-01
1998-11-02,27.44,0.0,KL-ACH-01
1998-11-03,25.85,4.1,KL-ACH-01
1998-11-04,25.92,29.6,KL-ACH-01
1998-11-05,29.06,24.7,KL-ACH-01
1998-11-06,32.81,4.5,KL-ACH-01
1998-11-07,33.28,3.2,KL-ACH-01
1998-11-08,32.34,14.9,KL-ACH-01
1998-11-09,35.06,17.1,KL-ACH-01
1998-11-10,37.99,21.5,KL-ACH-01
1998-11-11,41.46,13.8,KL-ACH-01
1998-11-12,40.3,1.0,KL-ACH-01
1998-11-13,37.82,3.9,KL-ACH-01
1998-11-14,37.19,3.2,KL-ACH-01
1998-11-15,35.9,0.0,KL-ACH-01
1998-11-16,33.67,0.1,KL-ACH-01
1998-11-17,31.43,0.0,KL-ACH-01
1998-11-18,29.41,0.1,KL-ACH-01
1998-11-19,27.64,0.0,KL-ACH-01
1998-11-20,25.79,0.1,KL-ACH-01
1998-11-21,24.18,0.3,KL-ACH-01
1998-11-22,22.66,0.1,KL-ACH-01
1998-11-23,21.28,0.3,KL-ACH-01
1998-11-24,20.04,1.0,KL-ACH-01
1998-11-25,19.0,2.6,KL-ACH-01
1998-11-26,18.19,0.6,KL-ACH-01
1998-11-27,17.2,0.8,KL-ACH-01
1998-11-28,16.22,0.8,KL-ACH-01
1998-11-29,15.44,3.6,KL-ACH-01
1998-11-30,15.22,1.1,KL-ACH-01
1998-12-01,14.78,11.9,KL-ACH-01
1998-12-02,15.14,11.2,KL-ACH-01
1998-12-03,15.0,0.0,KL-ACH-01
1998-12-04,14.1,1.4,KL-ACH-01
1998-12-05,13.72,17.8,KL-ACH-01
1998-12-06,13.96,3.1,KL-ACH-01
1998-12-07,14.0,6.6,KL-ACH-01
1998-12-08,14.67,29.0,KL-ACH-01
1998-12-09,18.68,8.4,KL-ACH-01
1998-12-10,19.65,9.1,KL-ACH-01
1998-12-11,20.68,19.8,KL-ACH-01
1998-12-12,24.0,22.8,KL-ACH-01
1998-12-13,27.51,10.6,KL-ACH-01
1998-12-14,27.84,0.4,KL-ACH-01
1998-12-15,26.35,1.4,KL-ACH-01
1998-12-16,24.88,6.2,KL-ACH-01
1998-12-17,24.06,1.8,KL-ACH-01
1998-12-18,22.93,8.1,KL-ACH-01
1998-12-19,21.96,1.8,KL-ACH-01
1998-12-20,21.03,10.7,KL-ACH-01
1998-12-21,20.73,0.3,KL-ACH-01
1998-12-22,19.56,0.7,KL-ACH-01
1998-12-23,18.32,0.0,KL-ACH-01
1998-12-24,17.16,0.0,KL-ACH-01
1998-12-25,16.02,0.0,KL-ACH-01
1998-12-26,15.0,0.0,KL-ACH-01
1998-12-27,14.03,0.9,KL-ACH-01
1998-12-28,13.29,6.5,KL-ACH-01
1998-12-29,12.77,3.6,KL-ACH-01
1998-12-30,12.24,8.2,KL-ACH-01
1998-12-31,11.71,2.6,KL-ACH-01
1999-01-01,11.16,4.7,KL-ACH-01
1999-01-02,10.72,1.5,KL-ACH-01
1999-01-03,10.25,0.0,KL-ACH-01
1999-01-04,9.69,0.0,KL-ACH-01
1999-01-05,9.14,0.0,KL-ACH-01
1999-01-06,8.68,0.0,KL-ACH-01
1999-01-07,8.29,0.0,KL-ACH-01
1999-01-08,7.91,0.0,KL-ACH-01
1999-01-09,7.59,1.6,KL-ACH-01
1999-01-10,7.34,1.0,KL-ACH-01
1999-01-11,6.28,0.2,KL-ACH-01
1999-01-12,5.79,0.9,KL-ACH-01
1999-01-13,5.55,0.0,KL-ACH-01
1999-01-14,5.31,0.5,KL-ACH-01
1999-01-15,5.1,0.0,KL-ACH-01
1999-01-16,4.9,0.0,KL-ACH-01
1999-01-17,4.71,0.0,KL-ACH-01
1999-01-18,4.52,0.0,KL-ACH-01
1999-01-19,4.33,0.0,KL-ACH-01
1999-01-20,4.14,0.0,KL-ACH-01
1999-01-21,4.19,0.0,KL-ACH-01
1999-01-22,4.2,0.0,KL-ACH-01
1999-01-23,4.18,0.0,KL-ACH-01
1999-01-24,4.13,0.0,KL-ACH-01
1999-01-25,4.13,0.0,KL-ACH-01
1999-01-26,4.0,0.0,KL-ACH-01
1999-01-27,3.88,0.0,KL-ACH-01
1999-01-28,3.79,0.0,KL-ACH-01
1999-01-29,3.75,0.0,KL-ACH-01
1999-01-30,3.75,0.0,KL-ACH-01
1999-01-31,4.81,0.3,KL-ACH-01
1999-02-01,5.19,2.1,KL-ACH-01
1999-02-02,5.22,0.0,KL-ACH-01
1999-02-03,5.19,0.4,KL-ACH-01
1999-02-04,5.22,0.7,KL-ACH-01
1999-02-05,5.28,8.0,KL-ACH-01
1999-02-06,5.62,2.5,KL-ACH-01
1999-02-07,5.56,3.1,KL-ACH-01
1999-02-08,5.78,18.8,KL-ACH-01
1999-02-09,5.93,0.2,KL-ACH-01
1999-02-10,5.75,1.6,KL-ACH-01
1999-02-11,5.56,0.6,KL-ACH-01
1999-02-12,5.41,0.0,KL-ACH-01
1999-02-13,5.31,0.2,KL-ACH-01
1999-02-14,5.25,0.0,KL-ACH-01
1999-02-15,5.19,0.6,KL-ACH-01
1999-02-16,5.15,0.5,KL-ACH-01
1999-02-17,5.1,0.1,KL-ACH-01
1999-02-18,5.07,0.6,KL-ACH-01
1999-02-19,5.15,0.4,KL-ACH-01
1999-02-20,5.56,17.8,KL-ACH-01
1999-02-21,5.65,2.9,KL-ACH-01
1999-02-22,5.53,0.0,KL-ACH-01
1999-02-23,5.28,0.0,KL-ACH-01
1999-02-24,5.12,0.0,KL-ACH-01
1999-02-25,5.03,0.0,KL-ACH-01
1999-02-26,5.0,0.0,KL-ACH-01
1999-02-27,4.97,0.0,KL-ACH-01
1999-02-28,4.87,0.0,KL-ACH-01
1999-03-01,4.87,0.0,KL-ACH-01
1999-03-02,4.85,0.9,KL-ACH-01
1999-03-03,4.78,0.0,KL-ACH-01
1999-03-04,4.75,0.0,KL-ACH-01
1999-03-05,4.75,0.0,KL-ACH-01
1999-03-06,4.75,0.0,KL-ACH-01
1999-03-07,4.69,0.0,KL-ACH-01
1999-03-08,4.69,0.6,KL-ACH-01
1999-03-09,4.62,0.0,KL-ACH-01
1999-03-10,4.69,2.0,KL-ACH-01
1999-03-11,4.71,1.6,KL-ACH-01
1999-03-12,5.0,6.7,KL-ACH-01
1999-03-13,5.03,3.8,KL-ACH-01
1999-03-14,5.0,3.4,KL-ACH-01
1999-03-15,5.37,10.0,KL-ACH-01
1999-03-16,5.31,4.8,KL-ACH-01
1999-03-17,5.44,7.4,KL-ACH-01
1999-03-18,5.25,0.8,KL-ACH-01
1999-03-19,5.07,0.3,KL-ACH-01
1999-03-20,4.97,1.2,KL-ACH-01
1999-03-21,4.94,1.1,KL-ACH-01
1999-03-22,4.97,1.6,KL-ACH-01
1999-03-23,5.0,1.5,KL-ACH-01
1999-03-24,5.34,8.5,KL-ACH-01
1999-03-25,5.31,0.5,KL-ACH-01
1999-03-26,5.37,0.4,KL-ACH-01
1999-03-27,5.28,0.0,KL-ACH-01
1999-03-28,5.15,0.1,KL-ACH-01
1999-03-29,5.07,0.6,KL-ACH-01
1999-03-30,5.0,0.6,KL-ACH-01
1999-03-31,4.97,1.2,KL-ACH-01
1999-04-01,5.0,1.0,KL-ACH-01
1999-04-02,5.34,9.1,KL-ACH-01
1999-04-03,5.22,0.0,KL-ACH-01
1999-04-04,5.1,0.5,KL-ACH-01
1999-04-05,5.15,2.1,KL-ACH-01
1999-04-06,5.12,0.7,KL-ACH-01
1999-04-07,5.03,1.5,KL-ACH-01
1999-04-08,5.34,6.6,KL-ACH-01
1999-04-09,5.65,0.9,KL-ACH-01
1999-04-10,5.78,2.3,KL-ACH-01
1999-04-11,5.93,6.4,KL-ACH-01
1999-04-12,5.97,2.7,KL-ACH-01
1999-04-13,5.9,2.4,KL-ACH-01
1999-04-14,5.81,1.2,KL-ACH-01
1999-04-15,5.71,0.0,KL-ACH-01
1999-04-16,5.65,0.8,KL-ACH-01
1999-04-17,5.59,0.8,KL-ACH-01
1999-04-18,5.78,10.4,KL-ACH-01
1999-04-19,5.97,6.0,KL-ACH-01
1999-04-20,6.1,7.0,KL-ACH-01
1999-04-21,6.19,7.9,KL-ACH-01
1999-04-22,6.41,12.5,KL-ACH-01
1999-04-23,7.32,27.1,KL-ACH-01
1999-04-24,8.44,17.8,KL-ACH-01
1999-04-25,9.21,10.4,KL-ACH-01
1999-04-26,9.62,4.9,KL-ACH-01
1999-04-27,9.62,3.7,KL-ACH-01
1999-04-28,9.79,6.7,KL-ACH-01
1999-04-29,9.94,10.9,KL-ACH-01
1999-04-30,10.19,4.3,KL-ACH-01
1999-05-01,10.04,0.2,KL-ACH-01
1999-05-02,9.47,0.0,KL-ACH-01
1999-05-03,8.91,1.1,KL-ACH-01
1999-05-04,8.75,8.1,KL-ACH-01
1999-05-05,14.07,62.6,KL-ACH-01
1999-05-06,17.54,11.7,KL-ACH-01
1999-05-07,18.14,17.4,KL-ACH-01
1999-05-08,18.45,8.1,KL-ACH-01
1999-05-09,18.23,9.4,KL-ACH-01
1999-05-10,17.79,4.8,KL-ACH-01
1999-05-11,17.62,3.4,KL-ACH-01
1999-05-12,17.2,10.4,KL-ACH-01
1999-05-13,18.01,13.9,KL-ACH-01
1999-05-14,18.86,12.6,KL-ACH-01
1999-05-15,20.04,20.4,KL-ACH-01
1999-05-16,21.96,14.3,KL-ACH-01
1999-05-17,22.6,6.2,KL-ACH-01
1999-05-18,22.39,5.7,KL-ACH-01
1999-05-19,22.44,7.3,KL-ACH-01
1999-05-20,22.12,7.1,KL-ACH-01
1999-05-21,22.17,17.2,KL-ACH-01
1999-05-22,22.17,2.0,KL-ACH-01
1999-05-23,21.34,7.7,KL-ACH-01
1999-05-24,22.07,19.0,KL-ACH-01
1999-05-25,27.18,34.1,KL-ACH-01
1999-05-26,32.96,22.4,KL-ACH-01
1999-05-27,36.93,16.1,KL-ACH-01
1999-05-28,39.74,16.1,KL-ACH-01
1999-05-29,43.36,20.0,KL-ACH-01
1999-05-30,46.32,17.0,KL-ACH-01
1999-05-31,46.75,6.4,KL-ACH-01
1999-06-01,44.81,3.5,KL-ACH-01
1999-06-02,42.25,3.1,KL-ACH-01
1999-06-03,40.11,3.5,KL-ACH-01
1999-06-04,38.17,2.9,KL-ACH-01
1999-06-05,36.67,10.4,KL-ACH-01
1999-06-06,37.55,12.1,KL-ACH-01
1999-06-07,39.74,23.9,KL-ACH-01
1999-06-08,43.87,12.1,KL-ACH-01
1999-06-09,45.88,25.8,KL-ACH-01
1999-06-10,49.93,18.4,KL-ACH-01
1999-06-11,57.61,31.5,KL-ACH-01
1999-06-12,65.22,19.8,KL-ACH-01
1999-06-13,68.5,23.4,KL-ACH-01
1999-06-14,69.15,13.9,KL-ACH-01
1999-06-15,68.5,7.7,KL-ACH-01
1999-06-16,65.83,4.2,KL-ACH-01
1999-06-17,62.39,8.7,KL-ACH-01
1999-06-18,60.09,6.7,KL-ACH-01
1999-06-19,57.61,3.6,KL-ACH-01
1999-06-20,54.34,2.4,KL-ACH-01
1999-06-21,51.48,1.2,KL-ACH-01
1999-06-22,48.2,0.1,KL-ACH-01
1999-06-23,45.03,1.7,KL-ACH-01
1999-06-24,42.25,0.9,KL-ACH-01
1999-06-25,39.55,1.5,KL-ACH-01
1999-06-26,37.02,0.6,KL-ACH-01
1999-06-27,34.73,0.6,KL-ACH-01
1999-06-28,32.57,0.0,KL-ACH-01
1999-06-29,30.62,0.0,KL-ACH-01
1999-06-30,28.65,0.0,KL-ACH-01
1999-07-01,26.8,2.1,KL-ACH-01
1999-07-02,25.3,3.2,KL-ACH-01
1999-07-03,24.18,6.6,KL-ACH-01
1999-07-04,23.95,29.6,KL-ACH-01
1999-07-05,48.09,59.1,KL-ACH-01
1999-07-06,52.21,18.6,KL-ACH-01
1999-07-07,49.58,9.7,KL-ACH-01
1999-07-08,45.77,17.2,KL-ACH-01
1999-07-09,44.81,12.0,KL-ACH-01
1999-07-10,43.16,2.3,KL-ACH-01
1999-07-11,40.4,1.0,KL-ACH-01
1999-07-12,37.46,1.9,KL-ACH-01
1999-07-13,35.31,3.4,KL-ACH-01
1999-07-14,33.28,4.9,KL-ACH-01
1999-07-15,31.73,11.0,KL-ACH-01
1999-07-16,31.89,18.1,KL-ACH-01
1999-07-17,34.4,27.4,KL-ACH-01
1999-07-18,57.08,57.4,KL-ACH-01
1999-07-19,64.31,24.8,KL-ACH-01
1999-07-20,63.12,17.2,KL-ACH-01
1999-07-21,60.94,7.9,KL-ACH-01
1999-07-22,57.34,11.4,KL-ACH-01
1999-07-23,54.59,2.7,KL-ACH-01
1999-07-24,51.12,2.6,KL-ACH-01
1999-07-25,48.32,5.4,KL-ACH-01
1999-07-26,46.64,19.2,KL-ACH-01
1999-07-27,47.19,5.8,KL-ACH-01
1999-07-28,45.34,4.0,KL-ACH-01
1999-07-29,43.36,6.8,KL-ACH-01
1999-07-30,41.56,3.0,KL-ACH-01
1999-07-31,39.93,11.9,KL-ACH-01
1999-08-01,38.45,8.2,KL-ACH-01
1999-08-02,37.02,2.3,KL-ACH-01
1999-08-03,35.22,2.3,KL-ACH-01
1999-08-04,33.43,1.2,KL-ACH-01
1999-08-05,31.51,5.2,KL-ACH-01
1999-08-06,30.33,4.8,KL-ACH-01
1999-08-07,29.27,2.5,KL-ACH-01
1999-08-08,28.24,4.4,KL-ACH-01
1999-08-09,26.93,2.2,KL-ACH-01
1999-08-10,25.85,1.2,KL-ACH-01
1999-08-11,24.64,7.5,KL-ACH-01
1999-08-12,24.59,3.3,KL-ACH-01
1999-08-13,23.66,0.4,KL-ACH-01
1999-08-14,22.28,1.5,KL-ACH-01
1999-08-15,21.03,6.1,KL-ACH-01
1999-08-16,20.93,5.6,KL-ACH-01
1999-08-17,20.78,14.5,KL-ACH-01
1999-08-18,21.8,5.9,KL-ACH-01
1999-08-19,21.75,4.5,KL-ACH-01
1999-08-20,21.03,5.5,KL-ACH-01
1999-08-21,20.88,10.9,KL-ACH-01
1999-08-22,20.98,1.7,KL-ACH-01
1999-08-23,20.38,7.3,KL-ACH-01
1999-08-24,19.7,2.5,KL-ACH-01
1999-08-25,19.04,10.8,KL-ACH-01
1999-08-26,18.82,4.6,KL-ACH-01
1999-08-27,18.19,0.9,KL-ACH-01
1999-08-28,17.24,1.7,KL-ACH-01
1999-08-29,16.38,3.0,KL-ACH-01
1999-08-30,15.67,3.1,KL-ACH-01
1999-08-31,15.03,3.8,KL-ACH-01
1999-09-01,14.67,5.7,KL-ACH-01
1999-09-02,14.45,3.7,KL-ACH-01
1999-09-03,14.38,2.3,KL-ACH-01
1999-09-04,13.96,3.8,KL-ACH-01
1999-09-05,13.45,2.8,KL-ACH-01
1999-09-06,13.03,9.4,KL-ACH-01
1999-09-07,12.9,2.6,KL-ACH-01
1999-09-08,12.43,2.1,KL-ACH-01
1999-09-09,11.82,1.9,KL-ACH-01
1999-09-10,11.3,3.3,KL-ACH-01
1999-09-11,10.8,2.1,KL-ACH-01
1999-09-12,10.38,0.8,KL-ACH-01
1999-09-13,9.96,3.5,KL-ACH-01
1999-09-14,9.72,1.7,KL-ACH-01
1999-09-15,9.4,0.9,KL-ACH-01
1999-09-16,9.12,0.4,KL-ACH-01
1999-09-17,8.75,0.5,KL-ACH-01
1999-09-18,8.48,2.7,KL-ACH-01
1999-09-19,8.31,1.7,KL-ACH-01
1999-09-20,8.08,0.2,KL-ACH-01
1999-09-21,7.81,0.2,KL-ACH-01
1999-09-22,7.57,0.0,KL-ACH-01
1999-09-23,7.32,0.2,KL-ACH-01
1999-09-24,7.65,1.3,KL-ACH-01
1999-09-25,8.06,0.8,KL-ACH-01
1999-09-26,8.59,9.5,KL-ACH-01
1999-09-27,9.62,2.2,KL-ACH-01
1999-09-28,9.69,3.6,KL-ACH-01
1999-09-29,9.69,11.5,KL-ACH-01
1999-09-30,10.17,11.5,KL-ACH-01
1999-10-01,10.89,11.4,KL-ACH-01
1999-10-02,11.71,1.7,KL-ACH-01
1999-10-03,11.59,3.6,KL-ACH-01
1999-10-04,11.71,16.4,KL-ACH-01
1999-10-05,14.45,36.6,KL-ACH-01
1999-10-06,19.7,10.6,KL-ACH-01
1999-10-07,21.65,13.4,KL-ACH-01
1999-10-08,24.7,32.2,KL-ACH-01
1999-10-09,29.13,2.9,KL-ACH-01
1999-10-10,29.48,19.9,KL-ACH-01
1999-10-11,32.27,7.0,KL-ACH-01
1999-10-12,33.83,19.6,KL-ACH-01
1999-10-13,37.73,32.0,KL-ACH-01
1999-10-14,87.92,84.7,KL-ACH-01
1999-10-15,95.61,23.3,KL-ACH-01
1999-10-16,87.92,17.0,KL-ACH-01
1999-10-17,84.7,25.1,KL-ACH-01
1999-10-18,83.14,10.9,KL-ACH-01
1999-10-19,79.91,8.4,KL-ACH-01
1999-10-20,76.8,6.1,KL-ACH-01
1999-10-21,73.47,3.6,KL-ACH-01
1999-10-22,70.12,2.4,KL-ACH-01
1999-10-23,66.61,13.6,KL-ACH-01
1999-10-24,66.14,18.2,KL-ACH-01
1999-10-25,67.39,9.8,KL-ACH-01
1999-10-26,65.68,8.2,KL-ACH-01
1999-10-27,64.16,11.5,KL-ACH-01
1999-10-28,63.86,26.2,KL-ACH-01
1999-10-29,65.07,8.1,KL-ACH-01
1999-10-30,62.83,4.6,KL-ACH-01
1999-10-31,59.67,0.7,KL-ACH-01
1999-11-01,55.89,0.0,KL-ACH-01
1999-11-02,52.21,1.3,KL-ACH-01
1999-11-03,49.0,0.0,KL-ACH-01
1999-11-04,45.88,1.7,KL-ACH-01
1999-11-05,43.26,1.9,KL-ACH-01
1999-11-06,41.27,11.7,KL-ACH-01
1999-11-07,40.88,1.7,KL-ACH-01
1999-11-08,38.63,2.0,KL-ACH-01
1999-11-09,36.41,0.0,KL-ACH-01
1999-11-10,34.08,0.4,KL-ACH-01
1999-11-11,31.96,1.1,KL-ACH-01
1999-11-12,30.05,1.2,KL-ACH-01
1999-11-13,28.38,1.4,KL-ACH-01
1999-11-14,26.67,1.0,KL-ACH-01
1999-11-15,25.0,0.0,KL-ACH-01
1999-11-16,23.43,0.0,KL-ACH-01
1999-11-17,21.96,2.3,KL-ACH-01
1999-11-18,20.78,7.3,KL-ACH-01
1999-11-19,20.98,30.1,KL-ACH-01
1999-11-20,23.77,35.6,KL-ACH-01
1999-11-21,26.67,10.7,KL-ACH-01
1999-11-22,27.71,4.1,KL-ACH-01
1999-11-23,27.44,2.9,KL-ACH-01
1999-11-24,26.04,0.4,KL-ACH-01
1999-11-25,24.35,0.0,KL-ACH-01
1999-11-26,22.93,6.1,KL-ACH-01
1999-11-27,21.91,6.5,KL-ACH-01
1999-11-28,21.59,20.2,KL-ACH-01
1999-11-29,22.01,23.2,KL-ACH-01
1999-11-30,22.17,4.4,KL-ACH-01
1999-12-01,21.08,3.6,KL-ACH-01
1999-12-02,20.13,14.0,KL-ACH-01
1999-12-03,19.32,0.7,KL-ACH-01
1999-12-04,18.14,1.0,KL-ACH-01
1999-12-05,16.99,0.0,KL-ACH-01
1999-12-06,15.9,0.0,KL-ACH-01
1999-12-07,14.96,0.0,KL-ACH-01
1999-12-08,14.1,0.0,KL-ACH-01
1999-12-09,13.32,0.1,KL-ACH-01
1999-12-10,12.58,0.4,KL-ACH-01
1999-12-11,12.0,2.1,KL-ACH-01
1999-12-12,11.62,4.7,KL-ACH-01
1999-12-13,11.56,7.6,KL-ACH-01
1999-12-14,11.53,12.2,KL-ACH-01
1999-12-15,11.39,1.7,KL-ACH-01
1999-12-16,10.8,0.1,KL-ACH-01
1999-12-17,10.25,2.5,KL-ACH-01
1999-12-18,9.81,2.2,KL-ACH-01
1999-12-19,9.4,0.4,KL-ACH-01
1999-12-20,8.95,0.0,KL-ACH-01
1999-12-21,8.55,0.0,KL-ACH-01
1999-12-22,8.2,0.0,KL-ACH-01
1999-12-23,7.97,4.4,KL-ACH-01
1999-12-24,7.85,0.0,KL-ACH-01
1999-12-25,7.63,0.4,KL-ACH-01
1999-12-26,7.41,0.0,KL-ACH-01
1999-12-27,7.2,0.0,KL-ACH-01
1999-12-28,7.04,0.0,KL-ACH-01
1999-12-29,6.89,0.0,KL-ACH-01
1999-12-30,6.76,0.0,KL-ACH-01
1999-12-31,6.64,0.0,KL-ACH-01
2000-01-01,6.55,0.0,KL-ACH-01
2000-01-02,6.45,0.0,KL-ACH-01
2000-01-03,6.4,1.9,KL-ACH-01
2000-01-04,6.36,0.0,KL-ACH-01
2000-01-05,6.28,0.2,KL-ACH-01
2000-01-06,6.29,5.4,KL-ACH-01
2000-01-07,6.53,10.7,KL-ACH-01
2000-01-08,6.67,7.1,KL-ACH-01
2000-01-09,6.69,5.1,KL-ACH-01
2000-01-10,6.71,5.6,KL-ACH-01
2000-01-11,5.82,11.9,KL-ACH-01
2000-01-12,5.56,3.8,KL-ACH-01
2000-01-13,5.62,9.2,KL-ACH-01
2000-01-14,5.62,0.7,KL-ACH-01
2000-01-15,5.44,2.3,KL-ACH-01
2000-01-16,5.31,3.1,KL-ACH-01
2000-01-17,5.19,0.6,KL-ACH-01
2000-01-18,5.0,0.2,KL-ACH-01
2000-01-19,4.79,0.0,KL-ACH-01
2000-01-20,4.6,0.0,KL-ACH-01
2000-01-21,4.62,0.0,KL-ACH-01
2000-01-22,4.6,0.0,KL-ACH-01
2000-01-23,4.52,0.6,KL-ACH-01
2000-01-24,4.46,0.0,KL-ACH-01
2000-01-25,4.36,0.0,KL-ACH-01
2000-01-26,4.28,0.0,KL-ACH-01
2000-01-27,4.19,0.0,KL-ACH-01
2000-01-28,4.09,0.2,KL-ACH-01
2000-01-29,4.01,0.0,KL-ACH-01
2000-01-30,3.94,0.0,KL-ACH-01
2000-01-31,4.97,0.0,KL-ACH-01
2000-02-01,5.28,0.0,KL-ACH-01
2000-02-02,5.3,0.0,KL-ACH-01
2000-02-03,5.28,2.9,KL-ACH-01
2000-02-04,5.46,9.5,KL-ACH-01
2000-02-05,5.49,4.8,KL-ACH-01
2000-02-06,5.58,4.1,KL-ACH-01
2000-02-07,5.53,1.2,KL-ACH-01
2000-02-08,5.44,0.4,KL-ACH-01
2000-02-09,5.37,0.1,KL-ACH-01
2000-02-10,5.34,0.8,KL-ACH-01
2000-02-11,5.31,3.3,KL-ACH-01
2000-02-12,5.41,7.0,KL-ACH-01
2000-02-13,5.44,0.8,KL-ACH-01
2000-02-14,5.37,1.0,KL-ACH-01
2000-02-15,5.28,0.2,KL-ACH-01
2000-02-16,5.22,0.2,KL-ACH-01
2000-02-17,5.19,0.9,KL-ACH-01
2000-02-18,5.15,0.0,KL-ACH-01
2000-02-19,5.1,0.2,KL-ACH-01
2000-02-20,5.03,0.1,KL-ACH-01
2000-02-21,5.0,0.1,KL-ACH-01
2000-02-22,4.97,0.5,KL-ACH-01
2000-02-23,5.0,0.3,KL-ACH-01
2000-02-24,5.0,2.4,KL-ACH-01
2000-02-25,5.12,1.9,KL-ACH-01
2000-02-26,5.07,0.4,KL-ACH-01
2000-02-27,5.0,1.0,KL-ACH-01
2000-02-28,5.59,18.8,KL-ACH-01
2000-02-29,5.41,0.8,KL-ACH-01
2000-03-01,5.22,0.0,KL-ACH-01
2000-03-02,5.12,0.6,KL-ACH-01
2000-03-03,5.0,0.0,KL-ACH-01
2000-03-04,4.9,0.0,KL-ACH-01
2000-03-05,4.87,0.0,KL-ACH-01
2000-03-06,4.87,0.2,KL-ACH-01
2000-03-07,4.85,0.6,KL-ACH-01
2000-03-08,4.78,0.2,KL-ACH-01
2000-03-09,4.75,0.3,KL-ACH-01
2000-03-10,4.75,2.6,KL-ACH-01
2000-03-11,4.75,0.1,KL-ACH-01
2000-03-12,4.75,0.7,KL-ACH-01
2000-03-13,4.69,0.0,KL-ACH-01
2000-03-14,5.37,15.2,KL-ACH-01
2000-03-15,5.65,4.7,KL-ACH-01
2000-03-16,5.65,0.3,KL-ACH-01
2000-03-17,5.44,0.0,KL-ACH-01
2000-03-18,5.15,0.0,KL-ACH-01
2000-03-19,5.0,0.0,KL-ACH-01
2000-03-20,4.85,0.0,KL-ACH-01
2000-03-21,4.75,0.0,KL-ACH-01
2000-03-22,4.71,0.3,KL-ACH-01
2000-03-23,4.71,0.7,KL-ACH-01
2000-03-24,4.81,3.7,KL-ACH-01
2000-03-25,4.78,2.8,KL-ACH-01
2000-03-26,4.9,4.0,KL-ACH-01
2000-03-27,5.22,9.5,KL-ACH-01
2000-03-28,5.31,6.0,KL-ACH-01
2000-03-29,5.1,1.8,KL-ACH-01
2000-03-30,5.34,5.7,KL-ACH-01
2000-03-31,5.62,2.4,KL-ACH-01
2000-04-01,6.1,17.2,KL-ACH-01
2000-04-02,6.06,5.9,KL-ACH-01
2000-04-03,6.0,7.8,KL-ACH-01
2000-04-04,6.06,8.5,KL-ACH-01
2000-04-05,6.46,14.3,KL-ACH-01
2000-04-06,8.29,31.1,KL-ACH-01
2000-04-07,9.81,5.8,KL-ACH-01
2000-04-08,10.25,0.8,KL-ACH-01
2000-04-09,9.79,0.8,KL-ACH-01
2000-04-10,9.45,0.0,KL-ACH-01
2000-04-11,9.19,7.9,KL-ACH-01
2000-04-12,9.21,1.3,KL-ACH-01
2000-04-13,9.21,6.1,KL-ACH-01
2000-04-14,9.09,3.8,KL-ACH-01
2000-04-15,9.07,3.1,KL-ACH-01
2000-04-16,8.93,0.0,KL-ACH-01
2000-04-17,8.77,4.5,KL-ACH-01
2000-04-18,9.16,2.4,KL-ACH-01
2000-04-19,10.94,7.9,KL-ACH-01
2000-04-20,11.45,3.6,KL-ACH-01
2000-04-21,11.3,6.7,KL-ACH-01
2000-04-22,11.27,9.8,KL-ACH-01
2000-04-23,11.16,0.6,KL-ACH-01
2000-04-24,10.83,5.1,KL-ACH-01
2000-04-25,10.59,9.5,KL-ACH-01
2000-04-26,10.61,1.5,KL-ACH-01
2000-04-27,10.59,4.9,KL-ACH-01
2000-04-28,10.67,2.5,KL-ACH-01
2000-04-29,10.59,0.5,KL-ACH-01
2000-04-30,10.22,1.5,KL-ACH-01
2000-05-01,10.19,0.0,KL-ACH-01
2000-05-02,9.91,0.9,KL-ACH-01
2000-05-03,9.72,2.3,KL-ACH-01
2000-05-04,9.62,4.0,KL-ACH-01
2000-05-05,9.59,5.9,KL-ACH-01
2000-05-06,9.86,9.5,KL-ACH-01
2000-05-07,10.19,4.8,KL-ACH-01
2000-05-08,10.04,3.4,KL-ACH-01
2000-05-09,9.84,2.7,KL-ACH-01
2000-05-10,9.62,7.4,KL-ACH-01
2000-05-11,9.84,12.5,KL-ACH-01
2000-05-12,9.91,0.3,KL-ACH-01
2000-05-13,9.57,0.2,KL-ACH-01
2000-05-14,9.09,0.0,KL-ACH-01
2000-05-15,8.62,0.0,KL-ACH-01
2000-05-16,8.23,3.0,KL-ACH-01
2000-05-17,8.51,20.1,KL-ACH-01
2000-05-18,9.19,4.6,KL-ACH-01
2000-05-19,9.12,4.9,KL-ACH-01
2000-05-20,8.89,2.0,KL-ACH-01
2000-05-21,8.59,2.7,KL-ACH-01
2000-05-22,8.25,0.3,KL-ACH-01
2000-05-23,7.87,1.2,KL-ACH-01
2000-05-24,7.69,5.9,KL-ACH-01
2000-05-25,7.87,9.5,KL-ACH-01
2000-05-26,8.31,14.7,KL-ACH-01
2000-05-27,9.52,24.2,KL-ACH-01
2000-05-28,10.67,2.7,KL-ACH-01
2000-05-29,10.35,0.6,KL-ACH-01
2000-05-30,9.74,3.3,KL-ACH-01
2000-05-31,9.3,2.1,KL-ACH-01
2000-06-01,9.09,10.6,KL-ACH-01
2000-06-02,9.19,6.0,KL-ACH-01
2000-06-03,9.09,2.8,KL-ACH-01
2000-06-04,9.0,8.2,KL-ACH-01
2000-06-05,9.67,21.4,KL-ACH-01
2000-06-06,17.62,34.8,KL-ACH-01
2000-06-07,28.72,29.0,KL-ACH-01
2000-06-08,32.96,20.7,KL-ACH-01
2000-06-09,34.81,23.5,KL-ACH-01
2000-06-10,35.39,20.6,KL-ACH-01
2000-06-11,36.5,12.7,KL-ACH-01
2000-06-12,36.76,8.6,KL-ACH-01
2000-06-13,36.5,4.5,KL-ACH-01
2000-06-14,34.81,2.2,KL-ACH-01
2000-06-15,32.81,2.0,KL-ACH-01
2000-06-16,30.84,2.3,KL-ACH-01
2000-06-17,29.2,3.2,KL-ACH-01
2000-06-18,28.04,5.4,KL-ACH-01
2000-06-19,27.05,5.9,KL-ACH-01
2000-06-20,26.42,3.8,KL-ACH-01
2000-06-21,25.55,5.7,KL-ACH-01
2000-06-22,24.59,6.8,KL-ACH-01
2000-06-23,23.6,2.9,KL-ACH-01
2000-06-24,22.6,1.6,KL-ACH-01
2000-06-25,21.49,1.5,KL-ACH-01
2000-06-26,20.43,6.5,KL-ACH-01
2000-06-27,20.09,18.9,KL-ACH-01
2000-06-28,20.93,19.1,KL-ACH-01
2000-06-29,22.23,14.3,KL-ACH-01
2000-06-30,24.12,13.5,KL-ACH-01
2000-07-01,26.42,12.4,KL-ACH-01
2000-07-02,27.91,8.5,KL-ACH-01
2000-07-03,27.51,1.2,KL-ACH-01
2000-07-04,26.23,4.9,KL-ACH-01
2000-07-05,25.73,10.1,KL-ACH-01
2000-07-06,25.79,7.9,KL-ACH-01
2000-07-07,25.79,4.0,KL-ACH-01
2000-07-08,25.12,5.0,KL-ACH-01
2000-07-09,24.59,6.0,KL-ACH-01
2000-07-10,24.0,3.4,KL-ACH-01
2000-07-11,23.6,8.9,KL-ACH-01
2000-07-12,23.6,3.2,KL-ACH-01
2000-07-13,22.71,2.2,KL-ACH-01
2000-07-14,21.59,1.9,KL-ACH-01
2000-07-15,20.48,0.0,KL-ACH-01
2000-07-16,19.18,0.0,KL-ACH-01
2000-07-17,17.97,2.7,KL-ACH-01
2000-07-18,17.32,3.7,KL-ACH-01
2000-07-19,16.78,3.0,KL-ACH-01
2000-07-20,15.9,0.1,KL-ACH-01
2000-07-21,14.96,0.2,KL-ACH-01
2000-07-22,14.17,0.0,KL-ACH-01
2000-07-23,13.35,0.0,KL-ACH-01
2000-07-24,12.55,0.4,KL-ACH-01
2000-07-25,11.85,0.8,KL-ACH-01
2000-07-26,11.27,0.8,KL-ACH-01
2000-07-27,10.94,6.5,KL-ACH-01
2000-07-28,10.89,2.1,KL-ACH-01
2000-07-29,10.67,4.8,KL-ACH-01
2000-07-30,10.61,4.0,KL-ACH-01
2000-07-31,10.38,5.2,KL-ACH-01
2000-08-01,10.32,0.4,KL-ACH-01
2000-08-02,10.14,1.0,KL-ACH-01
2000-08-03,10.19,15.8,KL-ACH-01
2000-08-04,11.62,25.1,KL-ACH-01
2000-08-05,14.67,7.8,KL-ACH-01
2000-08-06,15.98,25.9,KL-ACH-01
2000-08-07,18.45,16.3,KL-ACH-01
2000-08-08,22.5,20.0,KL-ACH-01
2000-08-09,26.8,17.9,KL-ACH-01
2000-08-10,30.19,14.9,KL-ACH-01
2000-08-11,31.58,3.2,KL-ACH-01
2000-08-12,30.41,0.0,KL-ACH-01
2000-08-13,28.51,0.5,KL-ACH-01
2000-08-14,27.25,2.7,KL-ACH-01
2000-08-15,27.91,14.6,KL-ACH-01
2000-08-16,29.69,2.7,KL-ACH-01
2000-08-17,28.92,11.1,KL-ACH-01
2000-08-18,29.62,23.5,KL-ACH-01
2000-08-19,32.11,5.6,KL-ACH-01
2000-08-20,32.27,5.4,KL-ACH-01
2000-08-21,31.66,6.7,KL-ACH-01
2000-08-22,31.43,10.5,KL-ACH-01
2000-08-23,33.2,14.8,KL-ACH-01
2000-08-24,48.55,41.0,KL-ACH-01
2000-08-25,68.34,33.3,KL-ACH-01
2000-08-26,80.85,36.0,KL-ACH-01
2000-08-27,81.04,17.5,KL-ACH-01
2000-08-28,76.98,10.1,KL-ACH-01
2000-08-29,71.95,2.5,KL-ACH-01
2000-08-30,66.14,0.6,KL-ACH-01
2000-08-31,61.09,2.0,KL-ACH-01
2000-09-01,56.68,0.5,KL-ACH-01
2000-09-02,52.7,0.5,KL-ACH-01
2000-09-03,49.0,0.8,KL-ACH-01
2000-09-04,45.77,0.9,KL-ACH-01
2000-09-05,42.95,3.0,KL-ACH-01
2000-09-06,40.59,2.5,KL-ACH-01
2000-09-07,38.36,0.6,KL-ACH-01
2000-09-08,36.07,0.7,KL-ACH-01
2000-09-09,34.08,0.2,KL-ACH-01
2000-09-10,32.04,0.6,KL-ACH-01
2000-09-11,30.05,0.7,KL-ACH-01
2000-09-12,28.24,2.2,KL-ACH-01
2000-09-13,26.67,1.4,KL-ACH-01
2000-09-14,25.73,3.0,KL-ACH-01
2000-09-15,24.76,5.4,KL-ACH-01
2000-09-16,24.35,11.9,KL-ACH-01
2000-09-17,24.18,2.9,KL-ACH-01
2000-09-18,23.21,6.0,KL-ACH-01
2000-09-19,22.77,13.8,KL-ACH-01
2000-09-20,23.83,22.5,KL-ACH-01
2000-09-21,26.54,14.0,KL-ACH-01
2000-09-22,27.31,10.1,KL-ACH-01
2000-09-23,28.79,8.3,KL-ACH-01
2000-09-24,30.84,10.3,KL-ACH-01
2000-09-25,33.51,29.0,KL-ACH-01
2000-09-26,37.64,4.7,KL-ACH-01
2000-09-27,38.17,7.3,KL-ACH-01
2000-09-28,37.99,4.6,KL-ACH-01
2000-09-29,37.19,6.1,KL-ACH-01
2000-09-30,36.33,9.1,KL-ACH-01
2000-10-01,47.98,51.6,KL-ACH-01
2000-10-02,55.49,21.5,KL-ACH-01
2000-10-03,56.54,18.2,KL-ACH-01
2000-10-04,55.23,7.5,KL-ACH-01
2000-10-05,52.7,8.0,KL-ACH-01
2000-10-06,50.52,10.0,KL-ACH-01
2000-10-07,48.89,3.6,KL-ACH-01
2000-10-08,46.21,2.9,KL-ACH-01
2000-10-09,43.67,2.7,KL-ACH-01
2000-10-10,41.07,1.4,KL-ACH-01
2000-10-11,38.63,0.6,KL-ACH-01
2000-10-12,36.33,1.3,KL-ACH-01
2000-10-13,34.4,0.9,KL-ACH-01
2000-10-14,32.5,2.7,KL-ACH-01
2000-10-15,30.92,2.0,KL-ACH-01
2000-10-16,29.76,13.1,KL-ACH-01
2000-10-17,29.55,5.4,KL-ACH-01
2000-10-18,29.13,9.2,KL-ACH-01
2000-10-19,28.92,2.1,KL-ACH-01
2000-10-20,27.51,0.3,KL-ACH-01
2000-10-21,25.79,2.0,KL-ACH-01
2000-10-22,24.64,12.0,KL-ACH-01
2000-10-23,25.73,8.4,KL-ACH-01
2000-10-24,25.36,0.6,KL-ACH-01
2000-10-25,24.0,1.4,KL-ACH-01
2000-10-26,22.71,0.0,KL-ACH-01
2000-10-27,21.23,0.0,KL-ACH-01
2000-10-28,19.89,0.1,KL-ACH-01
2000-10-29,18.86,0.8,KL-ACH-01
2000-10-30,17.92,1.2,KL-ACH-01
2000-10-31,17.16,1.4,KL-ACH-01
2000-11-01,16.3,1.6,KL-ACH-01
2000-11-02,15.48,1.7,KL-ACH-01
2000-11-03,14.7,2.0,KL-ACH-01
2000-11-04,13.93,3.0,KL-ACH-01
2000-11-05,13.39,5.3,KL-ACH-01
2000-11-06,12.8,2.5,KL-ACH-01
2000-11-07,12.21,1.4,KL-ACH-01
2000-11-08,11.56,1.1,KL-ACH-01
2000-11-09,10.89,0.1,KL-ACH-01
2000-11-10,10.25,0.6,KL-ACH-01
2000-11-11,9.72,1.1,KL-ACH-01
2000-11-12,9.28,0.0,KL-ACH-01
2000-11-13,8.86,2.9,KL-ACH-01
2000-11-14,8.51,0.7,KL-ACH-01
2000-11-15,8.1,0.0,KL-ACH-01
2000-11-16,7.73,0.1,KL-ACH-01
2000-11-17,7.41,0.0,KL-ACH-01
2000-11-18,7.18,5.6,KL-ACH-01
2000-11-19,8.02,27.5,KL-ACH-01
2000-11-20,21.08,61.9,KL-ACH-01
2000-11-21,28.11,16.8,KL-ACH-01
2000-11-22,29.55,8.4,KL-ACH-01
2000-11-23,28.92,9.3,KL-ACH-01
2000-11-24,28.65,0.8,KL-ACH-01
2000-11-25,26.8,4.4,KL-ACH-01
2000-11-26,24.94,0.0,KL-ACH-01
2000-11-27,23.15,0.0,KL-ACH-01
2000-11-28,21.54,0.0,KL-ACH-01
2000-11-29,20.04,0.3,KL-ACH-01
2000-11-30,19.0,8.2,KL-ACH-01
2000-12-01,19.18,0.0,KL-ACH-01
2000-12-02,18.23,0.8,KL-ACH-01
2000-12-03,17.32,5.4,KL-ACH-01
2000-12-04,16.42,0.5,KL-ACH-01
2000-12-05,15.6,9.1,KL-ACH-01
2000-12-06,14.85,0.0,KL-ACH-01
2000-12-07,13.89,0.0,KL-ACH-01
2000-12-08,13.0,0.0,KL-ACH-01
2000-12-09,12.15,0.0,KL-ACH-01
2000-12-10,11.36,0.0,KL-ACH-01
2000-12-11,10.64,0.0,KL-ACH-01
2000-12-12,9.96,0.0,KL-ACH-01
2000-12-13,9.35,0.0,KL-ACH-01
2000-12-14,8.82,0.0,KL-ACH-01
2000-12-15,8.33,0.0,KL-ACH-01
2000-12-16,7.91,0.0,KL-ACH-01
2000-12-17,7.53,0.0,KL-ACH-01
2000-12-18,7.22,0.0,KL-ACH-01
2000-12-19,6.96,0.0,KL-ACH-01
2000-12-20,6.74,0.0,KL-ACH-01
2000-12-21,6.59,0.0,KL-ACH-01
2000-12-22,6.45,0.0,KL-ACH-01
2000-12-23,6.36,0.0,KL-ACH-01
2000-12-24,6.29,0.0,KL-ACH-01
2000-12-25,6.24,0.0,KL-ACH-01
2000-12-26,6.21,1.0,KL-ACH-01
2000-12-27,53.08,62.5,KL-ACH-01
2000-12-28,46.97,29.8,KL-ACH-01
2000-12-29,38.36,0.2,KL-ACH-01
2000-12-30,31.21,0.7,KL-ACH-01
2000-12-31,26.48,2.4,KL-ACH-01
2001-01-01,23.38,3.0,KL-ACH-01
2001-01-02,21.7,3.3,KL-ACH-01
2001-01-03,20.13,1.1,KL-ACH-01
2001-01-04,18.5,0.0,KL-ACH-01
2001-01-05,16.95,0.7,KL-ACH-01
2001-01-06,15.63,0.2,KL-ACH-01
2001-01-07,14.45,0.0,KL-ACH-01
2001-01-08,13.42,0.0,KL-ACH-01
2001-01-09,12.46,0.1,KL-ACH-01
2001-01-10,11.59,0.2,KL-ACH-01
2001-01-11,9.52,0.0,KL-ACH-01
2001-01-12,8.4,0.8,KL-ACH-01
2001-01-13,7.65,0.0,KL-ACH-01
2001-01-14,6.98,0.5,KL-ACH-01
2001-01-15,6.38,0.0,KL-ACH-01
2001-01-16,5.79,0.1,KL-ACH-01
2001-01-17,5.3,0.0,KL-ACH-01
2001-01-18,4.86,0.0,KL-ACH-01
2001-01-19,4.57,0.4,KL-ACH-01
2001-01-20,4.47,0.0,KL-ACH-01
2001-01-21,4.47,0.0,KL-ACH-01
2001-01-22,4.48,0.2,KL-ACH-01
2001-01-23,4.46,0.5,KL-ACH-01
2001-01-24,4.33,1.3,KL-ACH-01
2001-01-25,4.5,12.8,KL-ACH-01
2001-01-26,4.64,1.2,KL-ACH-01
2001-01-27,4.57,0.1,KL-ACH-01
2001-01-28,4.53,0.0,KL-ACH-01
2001-01-29,4.43,0.4,KL-ACH-01
2001-01-30,4.25,2.0,KL-ACH-01
2001-01-31,5.4,1.7,KL-ACH-01
2001-02-01,5.7,3.2,KL-ACH-01
2001-02-02,5.97,11.5,KL-ACH-01
2001-02-03,6.38,11.2,KL-ACH-01
2001-02-04,6.35,1.6,KL-ACH-01
2001-02-05,6.24,5.0,KL-ACH-01
2001-02-06,6.31,1.2,KL-ACH-01
2001-02-07,6.13,0.0,KL-ACH-01
2001-02-08,5.97,0.0,KL-ACH-01
2001-02-09,5.84,0.5,KL-ACH-01
2001-02-10,5.71,0.1,KL-ACH-01
2001-02-11,5.78,0.1,KL-ACH-01
2001-02-12,5.68,0.0,KL-ACH-01
2001-02-13,5.62,1.0,KL-ACH-01
2001-02-14,5.56,0.0,KL-ACH-01
2001-02-15,5.59,0.9,KL-ACH-01
2001-02-16,5.65,1.9,KL-ACH-01
2001-02-17,5.62,0.5,KL-ACH-01
2001-02-18,5.62,1.4,KL-ACH-01
2001-02-19,5.56,2.8,KL-ACH-01
2001-02-20,5.5,0.7,KL-ACH-01
2001-02-21,5.47,0.7,KL-ACH-01
2001-02-22,5.41,0.5,KL-ACH-01
2001-02-23,5.37,0.4,KL-ACH-01
2001-02-24,5.41,1.6,KL-ACH-01
2001-02-25,6.03,1.2,KL-ACH-01
2001-02-26,6.21,0.6,KL-ACH-01
2001-02-27,6.06,1.3,KL-ACH-01
2001-02-28,5.87,1.1,KL-ACH-01
2001-03-01,5.87,1.8,KL-ACH-01
2001-03-02,5.68,0.2,KL-ACH-01
2001-03-03,5.47,0.0,KL-ACH-01
2001-03-04,5.41,1.4,KL-ACH-01
2001-03-05,5.34,0.2,KL-ACH-01
2001-03-06,5.31,0.0,KL-ACH-01
2001-03-07,5.25,0.0,KL-ACH-01
2001-03-08,5.22,0.0,KL-ACH-01
2001-03-09,5.31,0.6,KL-ACH-01
2001-03-10,5.25,1.7,KL-ACH-01
2001-03-11,5.19,0.3,KL-ACH-01
2001-03-12,5.15,0.3,KL-ACH-01
2001-03-13,5.12,0.0,KL-ACH-01
2001-03-14,5.07,0.1,KL-ACH-01
2001-03-15,5.1,0.0,KL-ACH-01
2001-03-16,5.03,0.8,KL-ACH-01
2001-03-17,5.03,1.1,KL-ACH-01
2001-03-18,5.03,0.6,KL-ACH-01
2001-03-19,5.0,0.1,KL-ACH-01
2001-03-20,4.97,1.0,KL-ACH-01
2001-03-21,4.97,0.2,KL-ACH-01
2001-03-22,4.9,0.2,KL-ACH-01
2001-03-23,4.87,0.4,KL-ACH-01
2001-03-24,4.97,2.4,KL-ACH-01
2001-03-25,5.0,0.8,KL-ACH-01
2001-03-26,4.97,0.0,KL-ACH-01
2001-03-27,4.9,0.0,KL-ACH-01
2001-03-28,4.97,0.0,KL-ACH-01
2001-03-29,5.37,5.7,KL-ACH-01
2001-03-30,5.34,3.5,KL-ACH-01
2001-03-31,5.15,1.1,KL-ACH-01
2001-04-01,5.0,0.1,KL-ACH-01
2001-04-02,4.97,0.5,KL-ACH-01
2001-04-03,5.0,1.4,KL-ACH-01
2001-04-04,5.47,9.6,KL-ACH-01
2001-04-05,6.19,21.2,KL-ACH-01
2001-04-06,6.43,12.5,KL-ACH-01
2001-04-07,6.38,5.3,KL-ACH-01
2001-04-08,6.62,12.8,KL-ACH-01
2001-04-09,7.22,3.9,KL-ACH-01
2001-04-10,8.44,33.9,KL-ACH-01
2001-04-11,11.11,55.2,KL-ACH-01
2001-04-12,12.27,6.4,KL-ACH-01
2001-04-13,12.12,2.7,KL-ACH-01
2001-04-14,11.79,9.2,KL-ACH-01
2001-04-15,11.94,3.8,KL-ACH-01
2001-04-16,12.15,9.2,KL-ACH-01
2001-04-17,12.96,7.2,KL-ACH-01
2001-04-18,13.76,26.9,KL-ACH-01
2001-04-19,16.14,25.8,KL-ACH-01
2001-04-20,20.09,24.6,KL-ACH-01
2001-04-21,22.5,3.9,KL-ACH-01
2001-04-22,21.91,5.5,KL-ACH-01
2001-04-23,21.23,3.1,KL-ACH-01
2001-04-24,20.63,3.9,KL-ACH-01
2001-04-25,19.99,3.0,KL-ACH-01
2001-04-26,19.14,2.5,KL-ACH-01
2001-04-27,19.8,4.5,KL-ACH-01
2001-04-28,21.39,7.3,KL-ACH-01
2001-04-29,22.07,6.1,KL-ACH-01
2001-04-30,23.1,22.1,KL-ACH-01
2001-05-01,25.67,8.1,KL-ACH-01
2001-05-02,26.23,2.9,KL-ACH-01
2001-05-03,25.42,0.3,KL-ACH-01
2001-05-04,24.06,0.0,KL-ACH-01
2001-05-05,22.6,0.1,KL-ACH-01
2001-05-06,21.34,3.1,KL-ACH-01
2001-05-07,20.93,9.5,KL-ACH-01
2001-05-08,21.03,7.1,KL-ACH-01
2001-05-09,21.23,4.9,KL-ACH-01
2001-05-10,20.58,5.2,KL-ACH-01
2001-05-11,19.99,0.5,KL-ACH-01
2001-05-12,19.23,10.2,KL-ACH-01
2001-05-13,19.42,6.0,KL-ACH-01
2001-05-14,19.61,0.3,KL-ACH-01
2001-05-15,18.59,1.6,KL-ACH-01
2001-05-16,17.58,0.0,KL-ACH-01
2001-05-17,16.58,3.0,KL-ACH-01
2001-05-18,16.26,3.6,KL-ACH-01
2001-05-19,15.52,0.3,KL-ACH-01
2001-05-20,14.7,2.5,KL-ACH-01
2001-05-21,14.0,1.6,KL-ACH-01
2001-05-22,13.35,4.4,KL-ACH-01
2001-05-23,13.29,12.8,KL-ACH-01
2001-05-24,14.07,1.7,KL-ACH-01
2001-05-25,13.86,4.9,KL-ACH-01
2001-05-26,13.79,11.9,KL-ACH-01
2001-05-27,14.17,3.0,KL-ACH-01
2001-05-28,14.07,10.6,KL-ACH-01
2001-05-29,14.52,15.0,KL-ACH-01
2001-05-30,15.94,14.7,KL-ACH-01
2001-05-31,17.07,0.1,KL-ACH-01
2001-06-01,16.3,2.2,KL-ACH-01
2001-06-02,15.37,1.8,KL-ACH-01
2001-06-03,15.07,13.2,KL-ACH-01
2001-06-04,16.38,13.7,KL-ACH-01
2001-06-05,18.14,16.9,KL-ACH-01
2001-06-06,20.13,25.9,KL-ACH-01
2001-06-07,22.66,23.0,KL-ACH-01
2001-06-08,24.82,9.7,KL-ACH-01
2001-06-09,25.12,7.1,KL-ACH-01
2001-06-10,25.06,10.9,KL-ACH-01
2001-06-11,29.27,39.8,KL-ACH-01
2001-06-12,36.24,26.2,KL-ACH-01
2001-06-13,41.46,22.3,KL-ACH-01
2001-06-14,45.24,14.1,KL-ACH-01
2001-06-15,45.56,7.7,KL-ACH-01
2001-06-16,45.34,6.9,KL-ACH-01
2001-06-17,43.67,5.6,KL-ACH-01
2001-06-18,42.05,4.1,KL-ACH-01
2001-06-19,40.3,3.0,KL-ACH-01
2001-06-20,38.17,3.9,KL-ACH-01
2001-06-21,36.15,3.8,KL-ACH-01
2001-06-22,34.89,10.2,KL-ACH-01
2001-06-23,34.97,13.7,KL-ACH-01
2001-06-24,35.48,2.6,KL-ACH-01
2001-06-25,34.32,2.8,KL-ACH-01
2001-06-26,32.88,5.6,KL-ACH-01
2001-06-27,31.43,4.3,KL-ACH-01
2001-06-28,30.19,4.6,KL-ACH-01
2001-06-29,29.2,10.3,KL-ACH-01
2001-06-30,29.41,6.9,KL-ACH-01
2001-07-01,28.99,4.8,KL-ACH-01
2001-07-02,27.77,1.9,KL-ACH-01
2001-07-03,26.86,17.8,KL-ACH-01
2001-07-04,28.79,26.5,KL-ACH-01
2001-07-05,32.19,10.4,KL-ACH-01
2001-07-06,33.2,10.9,KL-ACH-01
2001-07-07,33.83,11.3,KL-ACH-01
2001-07-08,39.74,34.0,KL-ACH-01
2001-07-09,47.08,24.3,KL-ACH-01
2001-07-10,51.36,21.3,KL-ACH-01
2001-07-11,54.08,12.3,KL-ACH-01
2001-07-12,52.7,1.2,KL-ACH-01
2001-07-13,49.23,0.2,KL-ACH-01
2001-07-14,45.88,0.0,KL-ACH-01
2001-07-15,42.65,0.0,KL-ACH-01
2001-07-16,39.74,0.4,KL-ACH-01
2001-07-17,37.28,1.4,KL-ACH-01
2001-07-18,34.97,2.0,KL-ACH-01
2001-07-19,33.2,0.4,KL-ACH-01
2001-07-20,31.21,0.0,KL-ACH-01
2001-07-21,29.2,0.0,KL-ACH-01
2001-07-22,27.31,3.2,KL-ACH-01
2001-07-23,25.92,4.6,KL-ACH-01
2001-07-24,24.59,2.2,KL-ACH-01
2001-07-25,23.43,3.6,KL-ACH-01
2001-07-26,22.88,18.6,KL-ACH-01
2001-07-27,23.72,23.2,KL-ACH-01
2001-07-28,24.82,31.4,KL-ACH-01
2001-07-29,27.18,6.8,KL-ACH-01
2001-07-30,26.86,12.0,KL-ACH-01
2001-07-31,26.35,12.8,KL-ACH-01
2001-08-01,26.99,26.1,KL-ACH-01
2001-08-02,30.77,12.3,KL-ACH-01
2001-08-03,31.81,15.2,KL-ACH-01
2001-08-04,32.34,9.5,KL-ACH-01
2001-08-05,32.73,1.7,KL-ACH-01
2001-08-06,31.14,1.7,KL-ACH-01
2001-08-07,29.41,3.0,KL-ACH-01
2001-08-08,27.84,2.8,KL-ACH-01
2001-08-09,26.48,0.0,KL-ACH-01
2001-08-10,24.88,1.5,KL-ACH-01
2001-08-11,23.6,1.2,KL-ACH-01
2001-08-12,22.44,4.1,KL-ACH-01
2001-08-13,21.39,2.6,KL-ACH-01
2001-08-14,20.38,1.0,KL-ACH-01
2001-08-15,19.23,1.9,KL-ACH-01
2001-08-16,18.41,2.7,KL-ACH-01
2001-08-17,17.66,1.8,KL-ACH-01
2001-08-18,16.82,1.9,KL-ACH-01
2001-08-19,16.42,6.2,KL-ACH-01
2001-08-20,16.46,5.9,KL-ACH-01
2001-08-21,16.34,1.6,KL-ACH-01
2001-08-22,15.87,3.7,KL-ACH-01
2001-08-23,15.41,1.8,KL-ACH-01
2001-08-24,14.78,2.2,KL-ACH-01
2001-08-25,14.17,9.0,KL-ACH-01
2001-08-26,13.83,2.7,KL-ACH-01
2001-08-27,13.22,3.0,KL-ACH-01
2001-08-28,12.77,1.8,KL-ACH-01
2001-08-29,12.27,2.0,KL-ACH-01
2001-08-30,11.76,1.5,KL-ACH-01
2001-08-31,11.25,1.9,KL-ACH-01
2001-09-01,10.75,0.6,KL-ACH-01
2001-09-02,10.25,0.2,KL-ACH-01
2001-09-03,9.76,0.0,KL-ACH-01
2001-09-04,9.26,0.0,KL-ACH-01
2001-09-05,8.82,0.2,KL-ACH-01
2001-09-06,8.4,0.0,KL-ACH-01
2001-09-07,8.02,0.0,KL-ACH-01
2001-09-08,7.69,0.9,KL-ACH-01
2001-09-09,7.59,2.2,KL-ACH-01
2001-09-10,7.41,0.6,KL-ACH-01
2001-09-11,7.28,0.7,KL-ACH-01
2001-09-12,7.07,0.0,KL-ACH-01
2001-09-13,6.85,0.1,KL-ACH-01
2001-09-14,6.67,0.0,KL-ACH-01
2001-09-15,6.57,0.0,KL-ACH-01
2001-09-16,6.48,1.1,KL-ACH-01
2001-09-17,6.6,2.4,KL-ACH-01
2001-09-18,6.71,6.7,KL-ACH-01
2001-09-19,6.98,8.3,KL-ACH-01
2001-09-20,7.57,7.3,KL-ACH-01
2001-09-21,8.04,11.8,KL-ACH-01
2001-09-22,8.79,19.5,KL-ACH-01
2001-09-23,10.04,12.0,KL-ACH-01
2001-09-24,10.97,13.1,KL-ACH-01
2001-09-25,11.79,13.9,KL-ACH-01
2001-09-26,12.46,3.2,KL-ACH-01
2001-09-27,12.15,2.8,KL-ACH-01
2001-09-28,11.79,4.5,KL-ACH-01
2001-09-29,12.61,20.0,KL-ACH-01
2001-09-30,16.54,25.8,KL-ACH-01
2001-10-01,19.89,5.5,KL-ACH-01
2001-10-02,19.94,2.4,KL-ACH-01
2001-10-03,18.86,0.8,KL-ACH-01
2001-10-04,17.71,0.0,KL-ACH-01
2001-10-05,16.54,0.9,KL-ACH-01
2001-10-06,15.67,3.2,KL-ACH-01
2001-10-07,15.0,3.3,KL-ACH-01
2001-10-08,14.42,0.9,KL-ACH-01
2001-10-09,13.69,0.2,KL-ACH-01
2001-10-10,13.06,3.6,KL-ACH-01
2001-10-11,12.8,6.3,KL-ACH-01
2001-10-12,13.03,0.1,KL-ACH-01
2001-10-13,12.87,15.0,KL-ACH-01
2001-10-14,14.49,18.0,KL-ACH-01
2001-10-15,18.77,32.2,KL-ACH-01
2001-10-16,22.99,6.9,KL-ACH-01
2001-10-17,23.55,13.3,KL-ACH-01
2001-10-18,24.35,7.2,KL-ACH-01
2001-10-19,24.59,12.4,KL-ACH-01
2001-10-20,25.85,14.5,KL-ACH-01
2001-10-21,27.91,9.5,KL-ACH-01
2001-10-22,28.24,8.5,KL-ACH-01
2001-10-23,28.38,12.0,KL-ACH-01
2001-10-24,31.21,8.4,KL-ACH-01
2001-10-25,32.04,11.8,KL-ACH-01
2001-10-26,32.19,13.3,KL-ACH-01
2001-10-27,35.31,29.9,KL-ACH-01
2001-10-28,40.21,8.9,KL-ACH-01
2001-10-29,41.66,9.9,KL-ACH-01
2001-10-30,42.95,2.8,KL-ACH-01
2001-10-31,41.27,2.0,KL-ACH-01
2001-11-01,39.09,0.1,KL-ACH-01
2001-11-02,37.11,4.3,KL-ACH-01
2001-11-03,37.28,3.1,KL-ACH-01
2001-11-04,36.5,1.4,KL-ACH-01
2001-11-05,35.22,8.8,KL-ACH-01
2001-11-06,35.9,7.4,KL-ACH-01
2001-11-07,35.81,12.0,KL-ACH-01
2001-11-08,36.41,3.6,KL-ACH-01
2001-11-09,35.31,4.1,KL-ACH-01
2001-11-10,34.16,0.8,KL-ACH-01
2001-11-11,32.27,0.5,KL-ACH-01
2001-11-12,30.41,0.0,KL-ACH-01
2001-11-13,28.58,0.7,KL-ACH-01
2001-11-14,27.18,2.7,KL-ACH-01
2001-11-15,30.12,20.5,KL-ACH-01
2001-11-16,53.45,106.9,KL-ACH-01
2001-11-17,54.85,10.3,KL-ACH-01
2001-11-18,51.0,19.0,KL-ACH-01
2001-11-19,47.53,9.6,KL-ACH-01
2001-11-20,44.19,5.9,KL-ACH-01
2001-11-21,41.17,3.9,KL-ACH-01
2001-11-22,39.46,26.0,KL-ACH-01
2001-11-23,39.83,23.7,KL-ACH-01
2001-11-24,38.81,4.7,KL-ACH-01
2001-11-25,36.24,1.6,KL-ACH-01
2001-11-26,33.83,3.1,KL-ACH-01
2001-11-27,31.66,1.2,KL-ACH-01
2001-11-28,29.62,0.6,KL-ACH-01
2001-11-29,27.71,1.4,KL-ACH-01
2001-11-30,25.98,0.9,KL-ACH-01
2001-12-01,24.35,0.4,KL-ACH-01
2001-12-02,22.99,8.0,KL-ACH-01
2001-12-03,21.96,3.6,KL-ACH-01
2001-12-04,20.83,6.5,KL-ACH-01
2001-12-05,19.89,7.1,KL-ACH-01
2001-12-06,19.04,6.0,KL-ACH-01
2001-12-07,18.01,0.0,KL-ACH-01
2001-12-08,16.86,0.0,KL-ACH-01
2001-12-09,15.79,0.0,KL-ACH-01
2001-12-10,14.81,0.0,KL-ACH-01
2001-12-11,13.89,0.0,KL-ACH-01
2001-12-12,13.09,0.0,KL-ACH-01
2001-12-13,12.34,0.0,KL-ACH-01
2001-12-14,11.65,0.0,KL-ACH-01
2001-12-15,11.02,0.0,KL-ACH-01
2001-12-16,10.46,0.0,KL-ACH-01
2001-12-17,9.91,0.0,KL-ACH-01
2001-12-18,9.45,0.8,KL-ACH-01
2001-12-19,9.07,0.8,KL-ACH-01
2001-12-20,8.71,1.9,KL-ACH-01
2001-12-21,8.71,15.0,KL-ACH-01
2001-12-22,8.82,6.5,KL-ACH-01
2001-12-23,8.89,10.1,KL-ACH-01
2001-12-24,9.05,10.6,KL-ACH-01
2001-12-25,9.23,1.1,KL-ACH-01
2001-12-26,8.89,0.9,KL-ACH-01
2001-12-27,8.46,0.7,KL-ACH-01
2001-12-28,8.16,0.0,KL-ACH-01
2001-12-29,7.89,1.0,KL-ACH-01
2001-12-30,7.77,5.4,KL-ACH-01
2001-12-31,7.65,0.3,KL-ACH-01
2002-01-01,7.47,0.0,KL-ACH-01
2002-01-02,7.28,0.0,KL-ACH-01
2002-01-03,7.13,0.0,KL-ACH-01
2002-01-04,6.98,0.1,KL-ACH-01
2002-01-05,6.87,1.8,KL-ACH-01
2002-01-06,6.82,2.6,KL-ACH-01
2002-01-07,6.74,0.2,KL-ACH-01
2002-01-08,6.66,0.0,KL-ACH-01
2002-01-09,6.57,0.5,KL-ACH-01
2002-01-10,6.48,0.1,KL-ACH-01
2002-01-11,5.07,0.5,KL-ACH-01
2002-01-12,4.3,0.5,KL-ACH-01
2002-01-13,4.24,0.0,KL-ACH-01
2002-01-14,4.2,0.0,KL-ACH-01
2002-01-15,4.18,0.0,KL-ACH-01
2002-01-16,4.14,0.0,KL-ACH-01
2002-01-17,4.11,0.0,KL-ACH-01
2002-01-18,4.08,0.0,KL-ACH-01
2002-01-19,4.06,0.0,KL-ACH-01
2002-01-20,4.04,0.0,KL-ACH-01
2002-01-21,4.01,0.0,KL-ACH-01
2002-01-22,4.04,3.0,KL-ACH-01
2002-01-23,4.05,2.2,KL-ACH-01
2002-01-24,4.04,0.7,KL-ACH-01
2002-01-25,4.01,0.8,KL-ACH-01
2002-01-26,4.0,0.1,KL-ACH-01
2002-01-27,4.0,1.1,KL-ACH-01
2002-01-28,4.04,0.9,KL-ACH-01
2002-01-29,4.0,0.0,KL-ACH-01
2002-01-30,3.99,0.0,KL-ACH-01
2002-01-31,5.01,0.4,KL-ACH-01
2002-02-01,6.18,27.8,KL-ACH-01
2002-02-02,7.3,9.0,KL-ACH-01
2002-02-03,7.24,0.5,KL-ACH-01
2002-02-04,6.74,0.6,KL-ACH-01
2002-02-05,6.28,2.9,KL-ACH-01
2002-02-06,6.0,2.2,KL-ACH-01
2002-02-07,5.89,2.7,KL-ACH-01
2002-02-08,5.78,0.9,KL-ACH-01
2002-02-09,5.73,0.0,KL-ACH-01
2002-02-10,5.59,0.0,KL-ACH-01
2002-02-11,5.49,0.0,KL-ACH-01
2002-02-12,5.46,0.7,KL-ACH-01
2002-02-13,5.37,0.0,KL-ACH-01
2002-02-14,5.31,0.0,KL-ACH-01
2002-02-15,5.25,0.0,KL-ACH-01
2002-02-16,5.24,0.8,KL-ACH-01
2002-02-17,5.21,0.0,KL-ACH-01
2002-02-18,5.21,0.0,KL-ACH-01
2002-02-19,5.15,0.0,KL-ACH-01
2002-02-20,5.1,0.0,KL-ACH-01
2002-02-21,5.07,0.2,KL-ACH-01
2002-02-22,5.03,0.0,KL-ACH-01
2002-02-23,5.0,0.0,KL-ACH-01
2002-02-24,4.97,0.0,KL-ACH-01
2002-02-25,4.94,0.0,KL-ACH-01
2002-02-26,4.9,0.0,KL-ACH-01
2002-02-27,4.9,0.5,KL-ACH-01
2002-02-28,4.85,0.0,KL-ACH-01
2002-03-01,4.81,0.0,KL-ACH-01
2002-03-02,4.81,0.1,KL-ACH-01
2002-03-03,4.78,0.3,KL-ACH-01
2002-03-04,4.71,0.0,KL-ACH-01
2002-03-05,4.69,0.0,KL-ACH-01
2002-03-06,4.69,0.0,KL-ACH-01
2002-03-07,4.69,0.0,KL-ACH-01
2002-03-08,4.69,0.5,KL-ACH-01
2002-03-09,4.62,0.4,KL-ACH-01
2002-03-10,4.62,0.2,KL-ACH-01
2002-03-11,4.53,0.0,KL-ACH-01
2002-03-12,4.5,0.0,KL-ACH-01
2002-03-13,4.6,0.2,KL-ACH-01
2002-03-14,4.56,0.4,KL-ACH-01
2002-03-15,5.1,11.4,KL-ACH-01
2002-03-16,5.71,18.1,KL-ACH-01
2002-03-17,5.47,5.4,KL-ACH-01
2002-03-18,5.12,0.0,KL-ACH-01
2002-03-19,4.94,0.0,KL-ACH-01
2002-03-20,4.81,0.0,KL-ACH-01
2002-03-21,4.71,0.0,KL-ACH-01
2002-03-22,4.71,2.1,KL-ACH-01
2002-03-23,4.69,1.1,KL-ACH-01
2002-03-24,4.66,0.7,KL-ACH-01
2002-03-25,4.66,0.0,KL-ACH-01
2002-03-26,4.56,0.7,KL-ACH-01
2002-03-27,4.56,0.3,KL-ACH-01
2002-03-28,5.34,15.9,KL-ACH-01
2002-03-29,5.25,1.6,KL-ACH-01
2002-03-30,5.44,7.6,KL-ACH-01
2002-03-31,5.5,5.0,KL-ACH-01
2002-04-01,5.34,2.5,KL-ACH-01
2002-04-02,5.1,0.7,KL-ACH-01
2002-04-03,4.9,0.0,KL-ACH-01
2002-04-04,4.87,0.7,KL-ACH-01
2002-04-05,4.87,4.5,KL-ACH-01
2002-04-06,4.94,4.3,KL-ACH-01
2002-04-07,4.87,1.6,KL-ACH-01
2002-04-08,4.97,4.4,KL-ACH-01
2002-04-09,5.71,3.0,KL-ACH-01
2002-04-10,5.84,1.9,KL-ACH-01
2002-04-11,5.78,4.1,KL-ACH-01
2002-04-12,5.97,12.3,KL-ACH-01
2002-04-13,6.24,15.4,KL-ACH-01
2002-04-14,6.1,2.9,KL-ACH-01
2002-04-15,5.97,1.6,KL-ACH-01
2002-04-16,5.84,1.4,KL-ACH-01
2002-04-17,5.84,3.5,KL-ACH-01
2002-04-18,5.78,0.7,KL-ACH-01
2002-04-19,5.75,4.4,KL-ACH-01
2002-04-20,5.84,6.0,KL-ACH-01
2002-04-21,5.9,5.4,KL-ACH-01
2002-04-22,6.1,8.0,KL-ACH-01
2002-04-23,6.21,2.3,KL-ACH-01
2002-04-24,6.1,1.8,KL-ACH-01
2002-04-25,5.93,1.9,KL-ACH-01
2002-04-26,5.93,5.3,KL-ACH-01
2002-04-27,5.93,2.7,KL-ACH-01
2002-04-28,5.97,4.4,KL-ACH-01
2002-04-29,6.0,2.8,KL-ACH-01
2002-04-30,6.16,2.8,KL-ACH-01
2002-05-01,6.21,2.9,KL-ACH-01
2002-05-02,6.06,2.0,KL-ACH-01
2002-05-03,6.69,28.8,KL-ACH-01
2002-05-04,7.09,8.2,KL-ACH-01
2002-05-05,7.18,2.5,KL-ACH-01
2002-05-06,7.38,18.1,KL-ACH-01
2002-05-07,7.57,7.1,KL-ACH-01
2002-05-08,7.63,3.4,KL-ACH-01
2002-05-09,7.34,1.7,KL-ACH-01
2002-05-10,7.59,18.9,KL-ACH-01
2002-05-11,7.87,4.3,KL-ACH-01
2002-05-12,7.85,8.6,KL-ACH-01
2002-05-13,7.99,10.7,KL-ACH-01
2002-05-14,8.35,2.6,KL-ACH-01
2002-05-15,8.06,0.1,KL-ACH-01
2002-05-16,7.75,3.6,KL-ACH-01
2002-05-17,8.04,18.4,KL-ACH-01
2002-05-18,9.28,25.8,KL-ACH-01
2002-05-19,11.19,19.4,KL-ACH-01
2002-05-20,12.84,14.0,KL-ACH-01
2002-05-21,13.69,12.7,KL-ACH-01
2002-05-22,14.1,3.6,KL-ACH-01
2002-05-23,13.93,9.2,KL-ACH-01
2002-05-24,14.1,8.3,KL-ACH-01
2002-05-25,14.31,5.5,KL-ACH-01
2002-05-26,14.35,4.9,KL-ACH-01
2002-05-27,14.42,11.0,KL-ACH-01
2002-05-28,15.44,12.7,KL-ACH-01
2002-05-29,16.42,7.1,KL-ACH-01
2002-05-30,16.7,9.5,KL-ACH-01
2002-05-31,16.74,5.8,KL-ACH-01
2002-06-01,16.86,12.6,KL-ACH-01
2002-06-02,17.49,11.7,KL-ACH-01
2002-06-03,17.92,4.3,KL-ACH-01
2002-06-04,17.66,4.1,KL-ACH-01
2002-06-05,17.03,6.3,KL-ACH-01
2002-06-06,16.66,5.9,KL-ACH-01
2002-06-07,16.54,5.8,KL-ACH-01
2002-06-08,16.26,6.2,KL-ACH-01
2002-06-09,15.87,5.2,KL-ACH-01
2002-06-10,15.67,6.8,KL-ACH-01
2002-06-11,15.98,19.6,KL-ACH-01
2002-06-12,17.92,21.7,KL-ACH-01
2002-06-13,37.37,70.4,KL-ACH-01
2002-06-14,43.46,19.6,KL-ACH-01
2002-06-15,41.17,5.5,KL-ACH-01
2002-06-16,37.99,8.2,KL-ACH-01
2002-06-17,35.81,0.0,KL-ACH-01
2002-06-18,32.88,2.5,KL-ACH-01
2002-06-19,30.41,0.9,KL-ACH-01
2002-06-20,28.31,2.1,KL-ACH-01
2002-06-21,26.86,6.2,KL-ACH-01
2002-06-22,25.79,3.1,KL-ACH-01
2002-06-23,24.88,7.6,KL-ACH-01
2002-06-24,24.82,9.1,KL-ACH-01
2002-06-25,24.76,3.1,KL-ACH-01
2002-06-26,23.95,3.0,KL-ACH-01
2002-06-27,22.88,1.8,KL-ACH-01
2002-06-28,21.59,1.5,KL-ACH-01
2002-06-29,20.33,0.6,KL-ACH-01
2002-06-30,19.23,3.2,KL-ACH-01
2002-07-01,18.45,4.2,KL-ACH-01
2002-07-02,18.14,6.7,KL-ACH-01
2002-07-03,17.84,2.8,KL-ACH-01
2002-07-04,17.41,5.4,KL-ACH-01
2002-07-05,17.07,0.9,KL-ACH-01
2002-07-06,16.38,2.0,KL-ACH-01
2002-07-07,15.67,2.3,KL-ACH-01
2002-07-08,14.92,2.8,KL-ACH-01
2002-07-09,14.21,1.3,KL-ACH-01
2002-07-10,13.49,2.9,KL-ACH-01
2002-07-11,13.13,4.6,KL-ACH-01
2002-07-12,12.77,1.3,KL-ACH-01
2002-07-13,12.24,2.4,KL-ACH-01
2002-07-14,11.76,3.0,KL-ACH-01
2002-07-15,11.5,2.4,KL-ACH-01
2002-07-16,11.19,1.2,KL-ACH-01
2002-07-17,10.72,3.0,KL-ACH-01
2002-07-18,10.38,2.6,KL-ACH-01
2002-07-19,10.25,4.4,KL-ACH-01
2002-07-20,10.04,6.1,KL-ACH-01
2002-07-21,9.96,8.3,KL-ACH-01
2002-07-22,10.12,3.2,KL-ACH-01
2002-07-23,10.25,7.1,KL-ACH-01
2002-07-24,10.19,3.8,KL-ACH-01
2002-07-25,9.86,1.3,KL-ACH-01
2002-07-26,9.45,0.3,KL-ACH-01
2002-07-27,9.0,2.1,KL-ACH-01
2002-07-28,8.79,9.8,KL-ACH-01
2002-07-29,8.93,7.6,KL-ACH-01
2002-07-30,9.02,6.4,KL-ACH-01
2002-07-31,10.17,35.0,KL-ACH-01
2002-08-01,13.13,28.2,KL-ACH-01
2002-08-02,16.34,20.4,KL-ACH-01
2002-08-03,19.09,12.1,KL-ACH-01
2002-08-04,20.63,13.3,KL-ACH-01
2002-08-05,22.17,8.6,KL-ACH-01
2002-08-06,22.33,4.4,KL-ACH-01
2002-08-07,21.96,3.5,KL-ACH-01
2002-08-08,21.44,3.6,KL-ACH-01
2002-08-09,21.13,7.9,KL-ACH-01
2002-08-10,21.59,11.4,KL-ACH-01
2002-08-11,23.77,7.1,KL-ACH-01
2002-08-12,24.06,1.6,KL-ACH-01
2002-08-13,23.1,2.8,KL-ACH-01
2002-08-14,21.91,2.2,KL-ACH-01
2002-08-15,21.08,4.6,KL-ACH-01
2002-08-16,21.39,24.6,KL-ACH-01
2002-08-17,24.82,17.0,KL-ACH-01
2002-08-18,27.84,2.0,KL-ACH-01
2002-08-19,26.99,2.3,KL-ACH-01
2002-08-20,25.36,2.4,KL-ACH-01
2002-08-21,23.95,1.9,KL-ACH-01
2002-08-22,22.71,2.2,KL-ACH-01
2002-08-23,21.65,3.3,KL-ACH-01
2002-08-24,20.73,0.2,KL-ACH-01
2002-08-25,19.51,0.3,KL-ACH-01
2002-08-26,18.28,0.0,KL-ACH-01
2002-08-27,17.16,0.0,KL-ACH-01
2002-08-28,16.22,1.3,KL-ACH-01
2002-08-29,15.41,0.3,KL-ACH-01
2002-08-30,14.67,1.0,KL-ACH-01
2002-08-31,13.93,0.9,KL-ACH-01
2002-09-01,13.19,1.1,KL-ACH-01
2002-09-02,12.55,0.8,KL-ACH-01
2002-09-03,11.94,2.7,KL-ACH-01
2002-09-04,11.42,1.3,KL-ACH-01
2002-09-05,10.94,3.4,KL-ACH-01
2002-09-06,10.8,2.2,KL-ACH-01
2002-09-07,10.64,2.8,KL-ACH-01
2002-09-08,10.59,3.0,KL-ACH-01
2002-09-09,10.4,8.1,KL-ACH-01
2002-09-10,10.3,1.7,KL-ACH-01
2002-09-11,10.04,0.5,KL-ACH-01
2002-09-12,9.57,1.4,KL-ACH-01
2002-09-13,9.14,0.0,KL-ACH-01
2002-09-14,8.64,0.1,KL-ACH-01
2002-09-15,8.2,0.2,KL-ACH-01
2002-09-16,7.89,2.2,KL-ACH-01
2002-09-17,7.71,3.0,KL-ACH-01
2002-09-18,7.53,0.2,KL-ACH-01
2002-09-19,7.22,0.3,KL-ACH-01
2002-09-20,7.11,8.3,KL-ACH-01
2002-09-21,7.11,0.5,KL-ACH-01
2002-09-22,6.87,0.0,KL-ACH-01
2002-09-23,6.59,0.0,KL-ACH-01
2002-09-24,6.36,0.0,KL-ACH-01
2002-09-25,6.18,0.8,KL-ACH-01
2002-09-26,6.05,0.0,KL-ACH-01
2002-09-27,5.93,0.0,KL-ACH-01
2002-09-28,5.87,1.3,KL-ACH-01
2002-09-29,6.06,9.2,KL-ACH-01
2002-09-30,7.0,19.4,KL-ACH-01
2002-10-01,8.35,21.3,KL-ACH-01
2002-10-02,8.95,6.3,KL-ACH-01
2002-10-03,9.91,25.2,KL-ACH-01
2002-10-04,12.96,20.2,KL-ACH-01
2002-10-05,15.48,18.8,KL-ACH-01
2002-10-06,17.37,12.0,KL-ACH-01
2002-10-07,19.51,25.2,KL-ACH-01
2002-10-08,24.94,36.0,KL-ACH-01
2002-10-09,28.44,28.6,KL-ACH-01
2002-10-10,30.62,1.8,KL-ACH-01
2002-10-11,29.2,2.0,KL-ACH-01
2002-10-12,27.44,6.0,KL-ACH-01
2002-10-13,26.8,8.6,KL-ACH-01
2002-10-14,28.58,29.2,KL-ACH-01
2002-10-15,33.43,10.7,KL-ACH-01
2002-10-16,34.48,13.0,KL-ACH-01
2002-10-17,35.48,0.8,KL-ACH-01
2002-10-18,33.99,6.1,KL-ACH-01
2002-10-19,32.81,4.1,KL-ACH-01
2002-10-20,31.96,16.5,KL-ACH-01
2002-10-21,32.19,3.1,KL-ACH-01
2002-10-22,31.58,11.2,KL-ACH-01
2002-10-23,31.36,6.8,KL-ACH-01
2002-10-24,31.14,1.4,KL-ACH-01
2002-10-25,29.83,3.3,KL-ACH-01
2002-10-26,28.72,5.6,KL-ACH-01
2002-10-27,28.51,0.0,KL-ACH-01
2002-10-28,27.05,0.9,KL-ACH-01
2002-10-29,26.1,16.1,KL-ACH-01
2002-10-30,30.19,19.5,KL-ACH-01
2002-10-31,34.65,18.4,KL-ACH-01
2002-11-01,36.93,10.3,KL-ACH-01
2002-11-02,37.55,14.7,KL-ACH-01
2002-11-03,37.37,11.8,KL-ACH-01
2002-11-04,37.9,39.1,KL-ACH-01
2002-11-05,39.83,23.6,KL-ACH-01
2002-11-06,43.06,12.5,KL-ACH-01
2002-11-07,46.64,22.7,KL-ACH-01
2002-11-08,55.62,37.0,KL-ACH-01
2002-11-09,61.52,17.7,KL-ACH-01
2002-11-10,61.95,7.7,KL-ACH-01
2002-11-11,60.24,2.0,KL-ACH-01
2002-11-12,56.68,1.0,KL-ACH-01
2002-11-13,53.08,0.4,KL-ACH-01
2002-11-14,49.93,6.5,KL-ACH-01
2002-11-15,50.05,9.7,KL-ACH-01
2002-11-16,47.75,2.2,KL-ACH-01
2002-11-17,45.13,16.8,KL-ACH-01
2002-11-18,43.06,4.1,KL-ACH-01
2002-11-19,41.95,12.1,KL-ACH-01
2002-11-20,41.76,9.6,KL-ACH-01
2002-11-21,41.17,13.7,KL-ACH-01
2002-11-22,41.07,7.7,KL-ACH-01
2002-11-23,39.27,1.3,KL-ACH-01
2002-11-24,37.02,0.1,KL-ACH-01
2002-11-25,34.73,1.6,KL-ACH-01
2002-11-26,32.88,1.1,KL-ACH-01
2002-11-27,31.14,1.0,KL-ACH-01
2002-11-28,29.27,2.8,KL-ACH-01
2002-11-29,27.58,3.6,KL-ACH-01
2002-11-30,25.98,1.0,KL-ACH-01
2002-12-01,24.35,0.0,KL-ACH-01
2002-12-02,22.82,0.0,KL-ACH-01
2002-12-03,21.34,0.4,KL-ACH-01
2002-12-04,20.04,0.8,KL-ACH-01
2002-12-05,18.86,0.5,KL-ACH-01
2002-12-06,30.55,40.1,KL-ACH-01
2002-12-07,36.15,32.0,KL-ACH-01
2002-12-08,35.73,4.3,KL-ACH-01
2002-12-09,32.5,4.2,KL-ACH-01
2002-12-10,30.05,16.9,KL-ACH-01
2002-12-11,29.62,0.3,KL-ACH-01
2002-12-12,27.58,0.0,KL-ACH-01
2002-12-13,25.49,1.8,KL-ACH-01
2002-12-14,23.72,1.9,KL-ACH-01
2002-12-15,22.12,0.2,KL-ACH-01
2002-12-16,20.63,1.1,KL-ACH-01
2002-12-17,19.28,0.0,KL-ACH-01
2002-12-18,17.97,1.9,KL-ACH-01
2002-12-19,16.82,0.0,KL-ACH-01
2002-12-20,15.71,0.0,KL-ACH-01
2002-12-21,14.67,0.0,KL-ACH-01
2002-12-22,13.69,0.0,KL-ACH-01
2002-12-23,12.84,0.0,KL-ACH-01
2002-12-24,12.0,0.0,KL-ACH-01
2002-12-25,11.25,0.0,KL-ACH-01
2002-12-26,10.53,0.1,KL-ACH-01
2002-12-27,9.99,0.0,KL-ACH-01
2002-12-28,9.45,0.0,KL-ACH-01
2002-12-29,8.93,0.3,KL-ACH-01
2002-12-30,8.51,0.0,KL-ACH-01
2002-12-31,8.12,0.0,KL-ACH-01
2003-01-01,7.77,0.0,KL-ACH-01
2003-01-02,7.43,1.5,KL-ACH-01
2003-01-03,7.18,0.0,KL-ACH-01
2003-01-04,6.93,0.0,KL-ACH-01
2003-01-05,6.71,0.0,KL-ACH-01
2003-01-06,6.55,0.0,KL-ACH-01
2003-01-07,6.43,0.0,KL-ACH-01
2003-01-08,6.31,0.0,KL-ACH-01
2003-01-09,6.21,0.0,KL-ACH-01
2003-01-10,6.14,0.6,KL-ACH-01
2003-01-11,4.75,0.1,KL-ACH-01
2003-01-12,4.05,0.0,KL-ACH-01
2003-01-13,4.0,0.0,KL-ACH-01
2003-01-14,3.97,0.0,KL-ACH-01
2003-01-15,3.95,0.0,KL-ACH-01
2003-01-16,3.92,0.0,KL-ACH-01
2003-01-17,3.91,0.0,KL-ACH-01
2003-01-18,3.89,0.1,KL-ACH-01
2003-01-19,3.88,0.3,KL-ACH-01
2003-01-20,3.88,0.0,KL-ACH-01
2003-01-21,3.86,0.3,KL-ACH-01
2003-01-22,3.86,0.0,KL-ACH-01
2003-01-23,3.84,0.0,KL-ACH-01
2003-01-24,3.83,0.2,KL-ACH-01
2003-01-25,3.83,0.2,KL-ACH-01
2003-01-26,3.81,0.0,KL-ACH-01
2003-01-27,3.8,0.0,KL-ACH-01
2003-01-28,3.8,0.2,KL-ACH-01
2003-01-29,3.79,0.0,KL-ACH-01
2003-01-30,3.79,0.1,KL-ACH-01
2003-01-31,4.64,0.1,KL-ACH-01
2003-02-01,4.98,0.9,KL-ACH-01
2003-02-02,5.27,2.3,KL-ACH-01
2003-02-03,5.08,0.7,KL-ACH-01
2003-02-04,5.03,0.3,KL-ACH-01
2003-02-05,4.98,0.0,KL-ACH-01
2003-02-06,4.98,1.6,KL-ACH-01
2003-02-07,5.0,0.6,KL-ACH-01
2003-02-08,4.92,0.1,KL-ACH-01
2003-02-09,4.92,0.0,KL-ACH-01
2003-02-10,4.89,0.0,KL-ACH-01
2003-02-11,4.83,0.0,KL-ACH-01
2003-02-12,4.87,3.7,KL-ACH-01
2003-02-13,5.21,13.7,KL-ACH-01
2003-02-14,5.14,0.0,KL-ACH-01
2003-02-15,5.14,5.4,KL-ACH-01
2003-02-16,5.03,0.8,KL-ACH-01
2003-02-17,4.96,0.4,KL-ACH-01
2003-02-18,4.87,0.6,KL-ACH-01
2003-02-19,4.86,0.1,KL-ACH-01
2003-02-20,4.79,0.2,KL-ACH-01
2003-02-21,4.73,1.5,KL-ACH-01
2003-02-22,4.68,0.7,KL-ACH-01
2003-02-23,4.69,0.1,KL-ACH-01
2003-02-24,4.7,1.3,KL-ACH-01
2003-02-25,4.97,6.6,KL-ACH-01
2003-02-26,5.07,6.8,KL-ACH-01
2003-02-27,5.0,0.7,KL-ACH-01
2003-02-28,4.94,3.6,KL-ACH-01
2003-03-01,4.94,1.5,KL-ACH-01
2003-03-02,4.85,1.0,KL-ACH-01
2003-03-03,4.81,1.5,KL-ACH-01
2003-03-04,4.71,0.0,KL-ACH-01
2003-03-05,4.7,1.1,KL-ACH-01
2003-03-06,4.61,1.0,KL-ACH-01
2003-03-07,4.61,0.2,KL-ACH-01
2003-03-08,4.55,0.1,KL-ACH-01
2003-03-09,4.48,0.0,KL-ACH-01
2003-03-10,4.47,0.3,KL-ACH-01
2003-03-11,4.47,1.5,KL-ACH-01
2003-03-12,4.41,0.0,KL-ACH-01
2003-03-13,5.15,19.5,KL-ACH-01
2003-03-14,5.53,14.4,KL-ACH-01
2003-03-15,5.53,6.9,KL-ACH-01
2003-03-16,5.68,13.2,KL-ACH-01
2003-03-17,5.71,11.9,KL-ACH-01
2003-03-18,6.0,18.7,KL-ACH-01
2003-03-19,6.21,17.3,KL-ACH-01
2003-03-20,6.19,9.2,KL-ACH-01
2003-03-21,5.78,0.8,KL-ACH-01
2003-03-22,5.41,0.0,KL-ACH-01
2003-03-23,5.19,0.0,KL-ACH-01
2003-03-24,5.03,0.0,KL-ACH-01
2003-03-25,4.87,0.0,KL-ACH-01
2003-03-26,4.75,0.1,KL-ACH-01
2003-03-27,4.71,1.3,KL-ACH-01
2003-03-28,4.75,1.4,KL-ACH-01
2003-03-29,4.71,0.3,KL-ACH-01
2003-03-30,5.25,10.8,KL-ACH-01
2003-03-31,5.5,0.6,KL-ACH-01
2003-04-01,5.37,0.3,KL-ACH-01
2003-04-02,5.56,7.8,KL-ACH-01
2003-04-03,6.03,15.2,KL-ACH-01
2003-04-04,5.97,3.2,KL-ACH-01
2003-04-05,5.65,0.4,KL-ACH-01
2003-04-06,6.5,32.7,KL-ACH-01
2003-04-07,6.41,3.6,KL-ACH-01
2003-04-08,6.03,0.6,KL-ACH-01
2003-04-09,6.1,0.6,KL-ACH-01
2003-04-10,6.0,1.6,KL-ACH-01
2003-04-11,6.16,10.7,KL-ACH-01
2003-04-12,6.24,2.8,KL-ACH-01
2003-04-13,6.16,1.9,KL-ACH-01
2003-04-14,6.0,0.4,KL-ACH-01
2003-04-15,5.97,6.7,KL-ACH-01
2003-04-16,5.93,0.5,KL-ACH-01
2003-04-17,5.81,0.5,KL-ACH-01
2003-04-18,5.78,3.8,KL-ACH-01
2003-04-19,5.81,4.4,KL-ACH-01
2003-04-20,5.97,6.6,KL-ACH-01
2003-04-21,6.38,9.4,KL-ACH-01
2003-04-22,6.62,7.0,KL-ACH-01
2003-04-23,6.57,2.2,KL-ACH-01
2003-04-24,6.46,2.1,KL-ACH-01
2003-04-25,6.38,3.8,KL-ACH-01
2003-04-26,6.21,1.4,KL-ACH-01
2003-04-27,6.19,4.3,KL-ACH-01
2003-04-28,6.66,12.9,KL-ACH-01
2003-04-29,8.12,34.5,KL-ACH-01
2003-04-30,9.81,22.4,KL-ACH-01
2003-05-01,11.85,30.1,KL-ACH-01
2003-05-02,12.61,1.1,KL-ACH-01
2003-05-03,12.58,10.0,KL-ACH-01
2003-05-04,12.9,9.8,KL-ACH-01
2003-05-05,13.52,12.0,KL-ACH-01
2003-05-06,14.03,6.5,KL-ACH-01
2003-05-07,13.83,0.5,KL-ACH-01
2003-05-08,13.22,3.7,KL-ACH-01
2003-05-09,12.96,5.9,KL-ACH-01
2003-05-10,13.69,2.0,KL-ACH-01
2003-05-11,13.93,7.6,KL-ACH-01
2003-05-12,13.93,4.1,KL-ACH-01
2003-05-13,13.72,3.5,KL-ACH-01
2003-05-14,13.32,4.6,KL-ACH-01
2003-05-15,12.9,0.8,KL-ACH-01
2003-05-16,12.61,8.4,KL-ACH-01
2003-05-17,12.8,3.3,KL-ACH-01
2003-05-18,12.49,0.0,KL-ACH-01
2003-05-19,11.76,0.0,KL-ACH-01
2003-05-20,11.02,0.1,KL-ACH-01
2003-05-21,10.43,2.3,KL-ACH-01
2003-05-22,10.09,0.1,KL-ACH-01
2003-05-23,9.62,1.5,KL-ACH-01
2003-05-24,9.21,0.0,KL-ACH-01
2003-05-25,8.89,0.5,KL-ACH-01
2003-05-26,8.75,6.4,KL-ACH-01
2003-05-27,9.12,17.6,KL-ACH-01
2003-05-28,9.91,8.0,KL-ACH-01
2003-05-29,10.04,10.8,KL-ACH-01
2003-05-30,10.04,2.5,KL-ACH-01
2003-05-31,9.74,1.5,KL-ACH-01
2003-06-01,9.26,0.0,KL-ACH-01
2003-06-02,8.77,0.3,KL-ACH-01
2003-06-03,8.46,8.1,KL-ACH-01
2003-06-04,8.68,7.9,KL-ACH-01
2003-06-05,8.84,5.0,KL-ACH-01
2003-06-06,9.07,6.2,KL-ACH-01
2003-06-07,9.38,11.1,KL-ACH-01
2003-06-08,10.07,19.8,KL-ACH-01
2003-06-09,10.69,5.1,KL-ACH-01
2003-06-10,10.75,3.0,KL-ACH-01
2003-06-11,10.48,4.5,KL-ACH-01
2003-06-12,10.51,15.7,KL-ACH-01
2003-06-13,12.03,29.6,KL-ACH-01
2003-06-14,14.49,18.6,KL-ACH-01
2003-06-15,16.26,12.9,KL-ACH-01
2003-06-16,17.71,25.1,KL-ACH-01
2003-06-17,21.44,31.8,KL-ACH-01
2003-06-18,26.16,29.6,KL-ACH-01
2003-06-19,29.97,18.4,KL-ACH-01
2003-06-20,33.59,37.6,KL-ACH-01
2003-06-21,43.67,35.1,KL-ACH-01
2003-06-22,57.88,35.1,KL-ACH-01
2003-06-23,64.46,29.5,KL-ACH-01
2003-06-24,65.37,24.7,KL-ACH-01
2003-06-25,63.86,5.1,KL-ACH-01
2003-06-26,59.26,1.6,KL-ACH-01
2003-06-27,55.1,3.5,KL-ACH-01
2003-06-28,51.6,4.0,KL-ACH-01
2003-06-29,48.55,9.4,KL-ACH-01
2003-06-30,46.42,7.9,KL-ACH-01
2003-07-01,47.31,39.3,KL-ACH-01
2003-07-02,50.29,16.3,KL-ACH-01
2003-07-03,50.29,10.0,KL-ACH-01
2003-07-04,52.21,35.0,KL-ACH-01
2003-07-05,55.89,25.8,KL-ACH-01
2003-07-06,56.81,6.4,KL-ACH-01
2003-07-07,53.95,0.2,KL-ACH-01
2003-07-08,50.29,6.2,KL-ACH-01
2003-07-09,47.53,7.8,KL-ACH-01
2003-07-10,46.1,7.8,KL-ACH-01
2003-07-11,44.6,14.1,KL-ACH-01
2003-07-12,43.67,5.0,KL-ACH-01
2003-07-13,42.35,27.5,KL-ACH-01
2003-07-14,45.56,12.3,KL-ACH-01
2003-07-15,46.53,15.2,KL-ACH-01
2003-07-16,47.08,6.6,KL-ACH-01
2003-07-17,45.34,2.0,KL-ACH-01
2003-07-18,42.75,1.5,KL-ACH-01
2003-07-19,40.21,1.0,KL-ACH-01
2003-07-20,37.82,0.9,KL-ACH-01
2003-07-21,35.56,4.1,KL-ACH-01
2003-07-22,33.91,7.3,KL-ACH-01
2003-07-23,32.88,10.4,KL-ACH-01
2003-07-24,32.5,6.0,KL-ACH-01
2003-07-25,31.58,6.9,KL-ACH-01
2003-07-26,30.48,6.9,KL-ACH-01
2003-07-27,29.62,6.2,KL-ACH-01
2003-07-28,28.79,6.6,KL-ACH-01
2003-07-29,27.64,1.4,KL-ACH-01
2003-07-30,26.42,16.4,KL-ACH-01
2003-07-31,27.51,14.2,KL-ACH-01
2003-08-01,27.38,5.2,KL-ACH-01
2003-08-02,26.61,2.9,KL-ACH-01
2003-08-03,25.42,8.8,KL-ACH-01
2003-08-04,24.88,4.8,KL-ACH-01
2003-08-05,23.89,4.5,KL-ACH-01
2003-08-06,22.82,3.7,KL-ACH-01
2003-08-07,21.91,2.9,KL-ACH-01
2003-08-08,20.98,2.9,KL-ACH-01
2003-08-09,20.13,4.2,KL-ACH-01
2003-08-10,19.14,0.1,KL-ACH-01
2003-08-11,18.01,2.7,KL-ACH-01
2003-08-12,17.71,6.0,KL-ACH-01
2003-08-13,17.58,7.5,KL-ACH-01
2003-08-14,17.45,5.2,KL-ACH-01
2003-08-15,17.71,12.4,KL-ACH-01
2003-08-16,18.1,8.6,KL-ACH-01
2003-08-17,18.05,8.3,KL-ACH-01
2003-08-18,17.88,3.8,KL-ACH-01
2003-08-19,17.16,1.5,KL-ACH-01
2003-08-20,16.26,2.7,KL-ACH-01
2003-08-21,15.75,3.8,KL-ACH-01
2003-08-22,15.75,14.2,KL-ACH-01
2003-08-23,17.11,11.4,KL-ACH-01
2003-08-24,18.63,3.1,KL-ACH-01
2003-08-25,18.14,1.4,KL-ACH-01
2003-08-26,17.41,2.0,KL-ACH-01
2003-08-27,16.66,6.5,KL-ACH-01
2003-08-28,16.02,2.6,KL-ACH-01
2003-08-29,15.22,1.6,KL-ACH-01
2003-08-30,14.56,6.1,KL-ACH-01
2003-08-31,15.14,29.2,KL-ACH-01
2003-09-01,18.14,6.5,KL-ACH-01
2003-09-02,18.19,7.0,KL-ACH-01
2003-09-03,17.84,5.1,KL-ACH-01
2003-09-04,17.28,4.7,KL-ACH-01
2003-09-05,16.7,2.3,KL-ACH-01
2003-09-06,15.94,2.1,KL-ACH-01
2003-09-07,15.37,2.0,KL-ACH-01
2003-09-08,14.7,0.0,KL-ACH-01
2003-09-09,13.93,2.4,KL-ACH-01
2003-09-10,13.49,4.5,KL-ACH-01
2003-09-11,13.26,1.8,KL-ACH-01
2003-09-12,12.65,0.4,KL-ACH-01
2003-09-13,11.97,2.7,KL-ACH-01
2003-09-14,11.56,2.2,KL-ACH-01
2003-09-15,11.13,4.4,KL-ACH-01
2003-09-16,10.89,4.3,KL-ACH-01
2003-09-17,10.61,6.1,KL-ACH-01
2003-09-18,10.61,4.0,KL-ACH-01
2003-09-19,10.61,7.1,KL-ACH-01
2003-09-20,10.8,0.1,KL-ACH-01
2003-09-21,10.32,0.0,KL-ACH-01
2003-09-22,9.72,0.0,KL-ACH-01
2003-09-23,9.19,1.9,KL-ACH-01
2003-09-24,8.84,2.9,KL-ACH-01
2003-09-25,8.59,4.7,KL-ACH-01
2003-09-26,8.64,5.2,KL-ACH-01
2003-09-27,8.84,1.7,KL-ACH-01
2003-09-28,8.79,0.8,KL-ACH-01
2003-09-29,8.57,3.6,KL-ACH-01
2003-09-30,9.59,22.9,KL-ACH-01
2003-10-01,13.52,9.3,KL-ACH-01
2003-10-02,15.75,21.1,KL-ACH-01
2003-10-03,18.41,31.1,KL-ACH-01
2003-10-04,20.93,4.7,KL-ACH-01
2003-10-05,21.28,21.3,KL-ACH-01
2003-10-06,24.29,18.5,KL-ACH-01
2003-10-07,28.31,19.2,KL-ACH-01
2003-10-08,32.04,4.6,KL-ACH-01
2003-10-09,31.43,3.3,KL-ACH-01
2003-10-10,29.83,1.9,KL-ACH-01
2003-10-11,28.11,3.7,KL-ACH-01
2003-10-12,27.31,20.0,KL-ACH-01
2003-10-13,29.27,7.1,KL-ACH-01
2003-10-14,29.41,3.3,KL-ACH-01
2003-10-15,28.85,9.1,KL-ACH-01
2003-10-16,29.41,13.5,KL-ACH-01
2003-10-17,29.83,3.8,KL-ACH-01
2003-10-18,29.06,9.8,KL-ACH-01
2003-10-19,29.97,10.6,KL-ACH-01
2003-10-20,30.41,13.8,KL-ACH-01
2003-10-21,30.99,10.9,KL-ACH-01
2003-10-22,31.81,3.3,KL-ACH-01
2003-10-23,31.28,10.7,KL-ACH-01
2003-10-24,31.43,11.7,KL-ACH-01
2003-10-25,31.66,0.4,KL-ACH-01
2003-10-26,29.97,0.0,KL-ACH-01
2003-10-27,28.31,1.4,KL-ACH-01
2003-10-28,26.99,4.0,KL-ACH-01
2003-10-29,26.35,11.6,KL-ACH-01
2003-10-30,26.61,10.7,KL-ACH-01
2003-10-31,26.16,15.0,KL-ACH-01
2003-11-01,25.61,9.1,KL-ACH-01
2003-11-02,24.7,6.6,KL-ACH-01
2003-11-03,23.83,13.8,KL-ACH-01
2003-11-04,23.66,3.7,KL-ACH-01
2003-11-05,23.32,26.5,KL-ACH-01
2003-11-06,24.94,22.3,KL-ACH-01
2003-11-07,27.25,17.3,KL-ACH-01
2003-11-08,32.73,29.9,KL-ACH-01
2003-11-09,38.9,3.1,KL-ACH-01
2003-11-10,37.19,0.6,KL-ACH-01
2003-11-11,34.48,0.0,KL-ACH-01
2003-11-12,32.34,10.9,KL-ACH-01
2003-11-13,30.92,2.3,KL-ACH-01
2003-11-14,29.48,19.3,KL-ACH-01
2003-11-15,28.65,5.5,KL-ACH-01
2003-11-16,27.51,0.7,KL-ACH-01
2003-11-17,25.92,1.0,KL-ACH-01
2003-11-18,24.23,0.0,KL-ACH-01
2003-11-19,22.66,0.9,KL-ACH-01
2003-11-20,21.28,4.4,KL-ACH-01
2003-11-21,20.93,2.7,KL-ACH-01
2003-11-22,20.09,9.3,KL-ACH-01
2003-11-23,19.56,6.3,KL-ACH-01
2003-11-24,18.5,0.0,KL-ACH-01
2003-11-25,17.24,0.5,KL-ACH-01
2003-11-26,16.34,9.5,KL-ACH-01
2003-11-27,15.79,5.8,KL-ACH-01
2003-11-28,15.6,3.6,KL-ACH-01
2003-11-29,16.02,16.5,KL-ACH-01
2003-11-30,17.88,2.8,KL-ACH-01
2003-12-01,17.32,0.2,KL-ACH-01
2003-12-02,16.14,0.6,KL-ACH-01
2003-12-03,15.11,1.4,KL-ACH-01
2003-12-04,14.17,0.0,KL-ACH-01
2003-12-05,13.26,0.9,KL-ACH-01
2003-12-06,12.43,0.5,KL-ACH-01
2003-12-07,11.68,0.0,KL-ACH-01
2003-12-08,10.94,0.0,KL-ACH-01
2003-12-09,10.27,0.0,KL-ACH-01
2003-12-10,9.67,0.0,KL-ACH-01
2003-12-11,9.12,0.0,KL-ACH-01
2003-12-12,8.62,0.0,KL-ACH-01
2003-12-13,8.2,0.2,KL-ACH-01
2003-12-14,7.83,0.2,KL-ACH-01
2003-12-15,7.49,0.0,KL-ACH-01
2003-12-16,7.22,0.0,KL-ACH-01
2003-12-17,6.98,0.3,KL-ACH-01
2003-12-18,6.82,1.6,KL-ACH-01
2003-12-19,6.73,3.0,KL-ACH-01
2003-12-20,6.71,4.1,KL-ACH-01
2003-12-21,6.66,0.0,KL-ACH-01
2003-12-22,6.53,0.0,KL-ACH-01
2003-12-23,6.41,0.0,KL-ACH-01
2003-12-24,6.29,0.0,KL-ACH-01
2003-12-25,6.21,0.0,KL-ACH-01
2003-12-26,6.13,0.2,KL-ACH-01
2003-12-27,6.06,0.1,KL-ACH-01
2003-12-28,6.01,0.0,KL-ACH-01
2003-12-29,5.97,0.0,KL-ACH-01
2003-12-30,5.93,0.0,KL-ACH-01
2003-12-31,5.9,0.0,KL-ACH-01
2004-01-01,5.89,0.2,KL-ACH-01
2004-01-02,5.87,0.0,KL-ACH-01
2004-01-03,5.84,0.5,KL-ACH-01
2004-01-04,5.81,0.0,KL-ACH-01
2004-01-05,5.81,0.0,KL-ACH-01
2004-01-06,5.79,0.8,KL-ACH-01
2004-01-07,5.78,0.3,KL-ACH-01
2004-01-08,5.78,0.0,KL-ACH-01
2004-01-09,5.76,0.0,KL-ACH-01
2004-01-10,5.75,0.0,KL-ACH-01
2004-01-11,3.88,0.0,KL-ACH-01
2004-01-12,3.76,0.0,KL-ACH-01
2004-01-13,3.76,0.0,KL-ACH-01
2004-01-14,3.75,0.0,KL-ACH-01
2004-01-15,3.75,0.0,KL-ACH-01
2004-01-16,3.73,0.0,KL-ACH-01
2004-01-17,3.73,0.0,KL-ACH-01
2004-01-18,3.72,0.0,KL-ACH-01
2004-01-19,3.72,0.0,KL-ACH-01
2004-01-20,3.72,2.5,KL-ACH-01
2004-01-21,3.73,2.4,KL-ACH-01
2004-01-22,3.72,0.4,KL-ACH-01
2004-01-23,3.7,0.0,KL-ACH-01
2004-01-24,3.69,0.0,KL-ACH-01
2004-01-25,3.7,2.8,KL-ACH-01
2004-01-26,3.69,0.0,KL-ACH-01
2004-01-27,3.69,0.5,KL-ACH-01
2004-01-28,3.67,0.2,KL-ACH-01
2004-01-29,3.69,2.9,KL-ACH-01
2004-01-30,3.7,2.7,KL-ACH-01
2004-01-31,4.46,3.1,KL-ACH-01
2004-02-01,4.78,0.6,KL-ACH-01
2004-02-02,4.86,0.7,KL-ACH-01
2004-02-03,4.83,0.3,KL-ACH-01
2004-02-04,4.81,0.2,KL-ACH-01
2004-02-05,4.77,0.0,KL-ACH-01
2004-02-06,4.73,0.0,KL-ACH-01
2004-02-07,4.7,0.5,KL-ACH-01
2004-02-08,4.81,4.6,KL-ACH-01
2004-02-09,4.78,1.9,KL-ACH-01
2004-02-10,4.79,5.1,KL-ACH-01
2004-02-11,4.79,1.5,KL-ACH-01
2004-02-12,4.73,0.1,KL-ACH-01
2004-02-13,4.73,0.4,KL-ACH-01
2004-02-14,4.66,0.1,KL-ACH-01
2004-02-15,4.6,0.0,KL-ACH-01
2004-02-16,4.57,0.0,KL-ACH-01
2004-02-17,4.56,0.1,KL-ACH-01
2004-02-18,4.6,1.8,KL-ACH-01
2004-02-19,4.55,0.9,KL-ACH-01
2004-02-20,4.55,1.1,KL-ACH-01
2004-02-21,4.5,0.0,KL-ACH-01
2004-02-22,4.47,0.0,KL-ACH-01
2004-02-23,4.41,0.0,KL-ACH-01
2004-02-24,4.37,0.0,KL-ACH-01
2004-02-25,4.35,0.0,KL-ACH-01
2004-02-26,4.31,0.0,KL-ACH-01
2004-02-27,4.41,2.0,KL-ACH-01
2004-02-28,4.47,2.6,KL-ACH-01
2004-02-29,4.43,0.2,KL-ACH-01
2004-03-01,4.43,0.4,KL-ACH-01
2004-03-02,4.35,0.0,KL-ACH-01
2004-03-03,4.35,0.0,KL-ACH-01
2004-03-04,4.31,0.4,KL-ACH-01
2004-03-05,4.22,0.1,KL-ACH-01
2004-03-06,4.22,0.0,KL-ACH-01
2004-03-07,4.19,0.0,KL-ACH-01
2004-03-08,4.22,0.0,KL-ACH-01
2004-03-09,4.15,0.5,KL-ACH-01
2004-03-10,4.15,0.2,KL-ACH-01
2004-03-11,4.15,0.0,KL-ACH-01
2004-03-12,4.15,0.0,KL-ACH-01
2004-03-13,4.19,0.1,KL-ACH-01
2004-03-14,4.13,0.4,KL-ACH-01
2004-03-15,4.15,0.2,KL-ACH-01
2004-03-16,4.13,0.2,KL-ACH-01
2004-03-17,4.19,1.0,KL-ACH-01
2004-03-18,4.09,0.2,KL-ACH-01
2004-03-19,4.06,0.1,KL-ACH-01
2004-03-20,4.13,0.5,KL-ACH-01
2004-03-21,4.09,0.0,KL-ACH-01
2004-03-22,4.66,12.7,KL-ACH-01
2004-03-23,4.97,7.0,KL-ACH-01
2004-03-24,4.87,4.7,KL-ACH-01
2004-03-25,4.97,7.7,KL-ACH-01
2004-03-26,4.66,0.7,KL-ACH-01
2004-03-27,5.37,20.5,KL-ACH-01
2004-03-28,5.41,11.2,KL-ACH-01
2004-03-29,5.12,4.3,KL-ACH-01
2004-03-30,5.03,6.1,KL-ACH-01
2004-03-31,5.03,4.7,KL-ACH-01
2004-04-01,5.03,6.4,KL-ACH-01
2004-04-02,5.59,10.3,KL-ACH-01
2004-04-03,5.93,9.2,KL-ACH-01
2004-04-04,5.75,3.8,KL-ACH-01
2004-04-05,6.03,17.5,KL-ACH-01
2004-04-06,6.24,8.1,KL-ACH-01
2004-04-07,6.57,14.8,KL-ACH-01
2004-04-08,6.91,5.2,KL-ACH-01
2004-04-09,6.91,3.2,KL-ACH-01
2004-04-10,7.18,2.6,KL-ACH-01
2004-04-11,7.05,4.5,KL-ACH-01
2004-04-12,7.18,14.9,KL-ACH-01
2004-04-13,7.81,10.8,KL-ACH-01
2004-04-14,8.29,3.6,KL-ACH-01
2004-04-15,8.1,2.0,KL-ACH-01
2004-04-16,7.87,3.6,KL-ACH-01
2004-04-17,7.59,0.0,KL-ACH-01
2004-04-18,7.22,0.2,KL-ACH-01
2004-04-19,6.94,0.0,KL-ACH-01
2004-04-20,6.94,9.1,KL-ACH-01
2004-04-21,7.79,6.5,KL-ACH-01
2004-04-22,7.97,2.0,KL-ACH-01
2004-04-23,7.91,6.1,KL-ACH-01
2004-04-24,8.25,6.0,KL-ACH-01
2004-04-25,9.28,29.3,KL-ACH-01
2004-04-26,10.07,16.9,KL-ACH-01
2004-04-27,11.39,9.6,KL-ACH-01
2004-04-28,12.09,3.7,KL-ACH-01
2004-04-29,12.03,3.7,KL-ACH-01
2004-04-30,12.09,3.7,KL-ACH-01
2004-05-01,12.15,5.1,KL-ACH-01
2004-05-02,14.81,48.8,KL-ACH-01
2004-05-03,39.18,35.8,KL-ACH-01
2004-05-04,43.57,31.7,KL-ACH-01
2004-05-05,42.45,33.4,KL-ACH-01
2004-05-06,50.52,49.3,KL-ACH-01
2004-05-07,53.45,17.3,KL-ACH-01
2004-05-08,52.09,1.0,KL-ACH-01
2004-05-09,47.75,0.3,KL-ACH-01
2004-05-10,43.67,1.2,KL-ACH-01
2004-05-11,40.4,0.9,KL-ACH-01
2004-05-12,37.46,3.2,KL-ACH-01
2004-05-13,34.97,0.2,KL-ACH-01
2004-05-14,32.65,5.9,KL-ACH-01
2004-05-15,31.73,16.1,KL-ACH-01
2004-05-16,31.66,4.4,KL-ACH-01
2004-05-17,30.7,11.7,KL-ACH-01
2004-05-18,31.21,15.3,KL-ACH-01
2004-05-19,32.19,5.7,KL-ACH-01
2004-05-20,32.5,28.9,KL-ACH-01
2004-05-21,34.81,4.3,KL-ACH-01
2004-05-22,33.75,2.0,KL-ACH-01
2004-05-23,32.19,6.6,KL-ACH-01
2004-05-24,31.06,3.8,KL-ACH-01
2004-05-25,29.83,12.1,KL-ACH-01
2004-05-26,29.69,20.7,KL-ACH-01
2004-05-27,30.26,11.4,KL-ACH-01
2004-05-28,30.12,11.5,KL-ACH-01
2004-05-29,30.19,8.2,KL-ACH-01
2004-05-30,30.33,7.2,KL-ACH-01
2004-05-31,29.27,3.9,KL-ACH-01
2004-06-01,27.91,6.0,KL-ACH-01
2004-06-02,26.8,9.3,KL-ACH-01
2004-06-03,27.25,10.7,KL-ACH-01
2004-06-04,27.25,7.4,KL-ACH-01
2004-06-05,27.05,21.1,KL-ACH-01
2004-06-06,29.06,20.0,KL-ACH-01
2004-06-07,31.73,31.1,KL-ACH-01
2004-06-08,36.76,29.4,KL-ACH-01
2004-06-09,43.26,37.4,KL-ACH-01
2004-06-10,48.89,16.1,KL-ACH-01
2004-06-11,49.23,8.6,KL-ACH-01
2004-06-12,49.58,17.8,KL-ACH-01
2004-06-13,53.33,20.1,KL-ACH-01
2004-06-14,56.41,13.8,KL-ACH-01
2004-06-15,57.34,11.3,KL-ACH-01
2004-06-16,58.16,17.4,KL-ACH-01
2004-06-17,59.39,12.3,KL-ACH-01
2004-06-18,59.81,6.3,KL-ACH-01
2004-06-19,58.7,4.1,KL-ACH-01
2004-06-20,56.15,3.2,KL-ACH-01
2004-06-21,52.95,0.9,KL-ACH-01
2004-06-22,49.58,1.9,KL-ACH-01
2004-06-23,46.42,0.9,KL-ACH-01
2004-06-24,43.46,1.3,KL-ACH-01
2004-06-25,40.78,1.7,KL-ACH-01
2004-06-26,38.26,2.5,KL-ACH-01
2004-06-27,35.98,2.1,KL-ACH-01
2004-06-28,34.24,11.7,KL-ACH-01
2004-06-29,34.56,18.5,KL-ACH-01
2004-06-30,35.14,4.9,KL-ACH-01
2004-07-01,34.08,4.5,KL-ACH-01
2004-07-02,33.04,3.4,KL-ACH-01
2004-07-03,32.11,7.2,KL-ACH-01
2004-07-04,31.14,3.9,KL-ACH-01
2004-07-05,29.69,1.6,KL-ACH-01
2004-07-06,28.31,8.5,KL-ACH-01
2004-07-07,27.77,8.6,KL-ACH-01
2004-07-08,27.58,16.2,KL-ACH-01
2004-07-09,29.83,16.4,KL-ACH-01
2004-07-10,30.84,17.5,KL-ACH-01
2004-07-11,30.84,8.1,KL-ACH-01
2004-07-12,29.62,4.5,KL-ACH-01
2004-07-13,28.31,3.9,KL-ACH-01
2004-07-14,26.93,4.1,KL-ACH-01
2004-07-15,26.23,20.2,KL-ACH-01
2004-07-16,28.85,27.4,KL-ACH-01
2004-07-17,30.19,20.6,KL-ACH-01
2004-07-18,30.19,11.0,KL-ACH-01
2004-07-19,32.65,31.5,KL-ACH-01
2004-07-20,37.46,9.8,KL-ACH-01
2004-07-21,36.67,5.5,KL-ACH-01
2004-07-22,35.39,8.6,KL-ACH-01
2004-07-23,33.91,0.8,KL-ACH-01
2004-07-24,32.19,7.8,KL-ACH-01
2004-07-25,31.58,4.0,KL-ACH-01
2004-07-26,30.41,3.2,KL-ACH-01
2004-07-27,29.41,4.1,KL-ACH-01
2004-07-28,28.11,4.8,KL-ACH-01
2004-07-29,26.99,9.0,KL-ACH-01
2004-07-30,26.35,0.6,KL-ACH-01
2004-07-31,24.82,1.5,KL-ACH-01
2004-08-01,23.32,0.6,KL-ACH-01
2004-08-02,22.01,4.8,KL-ACH-01
2004-08-03,22.44,25.5,KL-ACH-01
2004-08-04,25.67,20.0,KL-ACH-01
2004-08-05,30.12,27.3,KL-ACH-01
2004-08-06,36.07,32.0,KL-ACH-01
2004-08-07,40.69,4.7,KL-ACH-01
2004-08-08,39.55,3.0,KL-ACH-01
2004-08-09,37.19,0.0,KL-ACH-01
2004-08-10,34.56,0.0,KL-ACH-01
2004-08-11,32.27,0.5,KL-ACH-01
2004-08-12,30.19,3.2,KL-ACH-01
2004-08-13,28.58,5.9,KL-ACH-01
2004-08-14,28.11,15.1,KL-ACH-01
2004-08-15,28.85,3.4,KL-ACH-01
2004-08-16,28.72,26.2,KL-ACH-01
2004-08-17,30.77,6.3,KL-ACH-01
2004-08-18,30.05,16.9,KL-ACH-01
2004-08-19,30.41,9.5,KL-ACH-01
2004-08-20,29.9,13.9,KL-ACH-01
2004-08-21,29.69,2.5,KL-ACH-01
2004-08-22,28.11,1.1,KL-ACH-01
2004-08-23,26.35,1.6,KL-ACH-01
2004-08-24,24.76,1.8,KL-ACH-01
2004-08-25,23.27,0.0,KL-ACH-01
2004-08-26,21.8,1.6,KL-ACH-01
2004-08-27,20.73,2.5,KL-ACH-01
2004-08-28,19.65,0.8,KL-ACH-01
2004-08-29,18.5,1.9,KL-ACH-01
2004-08-30,17.54,2.8,KL-ACH-01
2004-08-31,16.78,0.7,KL-ACH-01
2004-09-01,15.83,0.0,KL-ACH-01
2004-09-02,14.85,0.0,KL-ACH-01
2004-09-03,14.03,0.1,KL-ACH-01
2004-09-04,13.29,1.1,KL-ACH-01
2004-09-05,12.71,7.0,KL-ACH-01
2004-09-06,13.03,19.7,KL-ACH-01
2004-09-07,14.81,7.9,KL-ACH-01
2004-09-08,15.48,11.3,KL-ACH-01
2004-09-09,15.87,6.2,KL-ACH-01
2004-09-10,16.22,15.1,KL-ACH-01
2004-09-11,17.28,10.1,KL-ACH-01
2004-09-12,17.45,5.4,KL-ACH-01
2004-09-13,16.91,0.1,KL-ACH-01
2004-09-14,16.14,6.4,KL-ACH-01
2004-09-15,16.14,11.6,KL-ACH-01
2004-09-16,16.42,6.2,KL-ACH-01
2004-09-17,17.07,13.3,KL-ACH-01
2004-09-18,18.82,12.1,KL-ACH-01
2004-09-19,20.68,15.8,KL-ACH-01
2004-09-20,21.96,1.8,KL-ACH-01
2004-09-21,21.96,2.9,KL-ACH-01
2004-09-22,21.44,0.5,KL-ACH-01
2004-09-23,20.53,6.0,KL-ACH-01
2004-09-24,22.28,15.9,KL-ACH-01
2004-09-25,25.61,14.8,KL-ACH-01
2004-09-26,28.38,21.1,KL-ACH-01
2004-09-27,32.57,26.4,KL-ACH-01
2004-09-28,36.5,10.3,KL-ACH-01
2004-09-29,36.15,0.7,KL-ACH-01
2004-09-30,34.16,2.3,KL-ACH-01
2004-10-01,32.57,1.3,KL-ACH-01
2004-10-02,31.28,20.3,KL-ACH-01
2004-10-03,32.65,28.4,KL-ACH-01
2004-10-04,36.5,12.7,KL-ACH-01
2004-10-05,36.84,3.7,KL-ACH-01
2004-10-06,35.31,1.1,KL-ACH-01
2004-10-07,33.43,0.1,KL-ACH-01
2004-10-08,31.28,0.4,KL-ACH-01
2004-10-09,29.48,4.7,KL-ACH-01
2004-10-10,28.65,4.6,KL-ACH-01
2004-10-11,28.65,7.6,KL-ACH-01
2004-10-12,29.34,11.6,KL-ACH-01
2004-10-13,31.96,14.3,KL-ACH-01
2004-10-14,34.4,28.0,KL-ACH-01
2004-10-15,37.19,9.4,KL-ACH-01
2004-10-16,37.99,7.5,KL-ACH-01
2004-10-17,38.17,14.5,KL-ACH-01
2004-10-18,39.83,16.1,KL-ACH-01
2004-10-19,41.17,11.6,KL-ACH-01
2004-10-20,41.46,13.7,KL-ACH-01
2004-10-21,41.46,29.6,KL-ACH-01
2004-10-22,41.46,4.6,KL-ACH-01
2004-10-23,39.74,15.8,KL-ACH-01
2004-10-24,39.09,2.1,KL-ACH-01
2004-10-25,36.93,4.9,KL-ACH-01
2004-10-26,36.07,30.7,KL-ACH-01
2004-10-27,37.02,20.2,KL-ACH-01
2004-10-28,38.36,24.4,KL-ACH-01
2004-10-29,38.08,8.8,KL-ACH-01
2004-10-30,37.19,5.1,KL-ACH-01
2004-10-31,35.56,6.3,KL-ACH-01
2004-11-01,34.24,5.3,KL-ACH-01
2004-11-02,34.4,6.3,KL-ACH-01
2004-11-03,34.89,8.9,KL-ACH-01
2004-11-04,33.36,1.6,KL-ACH-01
2004-11-05,31.36,2.1,KL-ACH-01
2004-11-06,29.9,0.1,KL-ACH-01
2004-11-07,28.44,7.7,KL-ACH-01
2004-11-08,28.51,16.3,KL-ACH-01
2004-11-09,29.76,20.4,KL-ACH-01
2004-11-10,30.41,11.3,KL-ACH-01
2004-11-11,29.83,11.5,KL-ACH-01
2004-11-12,30.19,30.0,KL-ACH-01
2004-11-13,30.77,7.9,KL-ACH-01
2004-11-14,30.05,11.5,KL-ACH-01
2004-11-15,29.83,15.2,KL-ACH-01
2004-11-16,29.41,0.5,KL-ACH-01
2004-11-17,27.64,1.5,KL-ACH-01
2004-11-18,25.85,2.5,KL-ACH-01
2004-11-19,24.29,0.2,KL-ACH-01
2004-11-20,22.99,10.4,KL-ACH-01
2004-11-21,22.71,10.0,KL-ACH-01
2004-11-22,22.23,11.0,KL-ACH-01
2004-11-23,21.39,4.0,KL-ACH-01
2004-11-24,20.33,7.2,KL-ACH-01
2004-11-25,19.32,2.2,KL-ACH-01
2004-11-26,18.23,0.0,KL-ACH-01
2004-11-27,17.07,0.0,KL-ACH-01
2004-11-28,15.98,0.0,KL-ACH-01
2004-11-29,14.96,0.0,KL-ACH-01
2004-11-30,14.03,0.2,KL-ACH-01
2004-12-01,13.16,0.2,KL-ACH-01
2004-12-02,12.52,7.5,KL-ACH-01
2004-12-03,12.34,11.3,KL-ACH-01
2004-12-04,12.21,3.5,KL-ACH-01
2004-12-05,11.62,0.6,KL-ACH-01
2004-12-06,10.94,0.0,KL-ACH-01
2004-12-07,10.35,0.0,KL-ACH-01
2004-12-08,9.84,0.0,KL-ACH-01
2004-12-09,9.35,0.4,KL-ACH-01
2004-12-10,8.93,0.1,KL-ACH-01
2004-12-11,8.55,0.0,KL-ACH-01
2004-12-12,8.23,0.0,KL-ACH-01
2004-12-13,7.99,4.2,KL-ACH-01
2004-12-14,7.99,3.0,KL-ACH-01
2004-12-15,7.91,1.0,KL-ACH-01
2004-12-16,7.65,0.0,KL-ACH-01
2004-12-17,7.41,0.0,KL-ACH-01
2004-12-18,7.18,0.0,KL-ACH-01
2004-12-19,7.0,0.0,KL-ACH-01
2004-12-20,6.85,0.0,KL-ACH-01
2004-12-21,6.73,0.0,KL-ACH-01
2004-12-22,6.59,0.7,KL-ACH-01
2004-12-23,6.5,0.0,KL-ACH-01
2004-12-24,6.4,0.0,KL-ACH-01
2004-12-25,6.29,0.1,KL-ACH-01
2004-12-26,6.21,0.0,KL-ACH-01
2004-12-27,6.14,0.0,KL-ACH-01
2004-12-28,6.08,1.6,KL-ACH-01
2004-12-29,6.05,0.0,KL-ACH-01
2004-12-30,6.0,0.0,KL-ACH-01
2004-12-31,6.01,5.2,KL-ACH-01
2005-01-01,6.26,10.6,KL-ACH-01
2005-01-02,6.4,3.3,KL-ACH-01
2005-01-03,6.28,0.1,KL-ACH-01
2005-01-04,6.14,0.5,KL-ACH-01
2005-01-05,6.05,0.0,KL-ACH-01
2005-01-06,5.97,0.0,KL-ACH-01
2005-01-07,5.92,0.0,KL-ACH-01
2005-01-08,5.89,0.0,KL-ACH-01
2005-01-09,5.85,0.0,KL-ACH-01
2005-01-10,5.82,0.0,KL-ACH-01
2005-01-11,4.18,0.0,KL-ACH-01
2005-01-12,3.8,0.0,KL-ACH-01
2005-01-13,3.76,0.0,KL-ACH-01
2005-01-14,3.76,0.0,KL-ACH-01
2005-01-15,3.75,0.0,KL-ACH-01
2005-01-16,3.75,1.2,KL-ACH-01
2005-01-17,3.75,0.3,KL-ACH-01
2005-01-18,3.73,0.0,KL-ACH-01
2005-01-19,3.72,0.5,KL-ACH-01
2005-01-20,3.72,0.0,KL-ACH-01
2005-01-21,3.7,0.0,KL-ACH-01
2005-01-22,3.7,0.0,KL-ACH-01
2005-01-23,3.69,0.0,KL-ACH-01
2005-01-24,3.69,0.8,KL-ACH-01
2005-01-25,3.69,1.2,KL-ACH-01
2005-01-26,3.75,5.0,KL-ACH-01
2005-01-27,4.05,14.3,KL-ACH-01
2005-01-28,3.99,1.1,KL-ACH-01
2005-01-29,4.5,22.9,KL-ACH-01
2005-01-30,4.48,4.5,KL-ACH-01
2005-01-31,5.35,2.8,KL-ACH-01
2005-02-01,5.53,1.9,KL-ACH-01
2005-02-02,5.44,1.8,KL-ACH-01
2005-02-03,5.35,2.2,KL-ACH-01
2005-02-04,5.28,1.1,KL-ACH-01
2005-02-05,5.21,0.9,KL-ACH-01
2005-02-06,5.12,0.1,KL-ACH-01
2005-02-07,5.05,0.0,KL-ACH-01
2005-02-08,4.97,0.0,KL-ACH-01
2005-02-09,4.9,0.0,KL-ACH-01
2005-02-10,4.85,0.0,KL-ACH-01
2005-02-11,4.83,0.0,KL-ACH-01
2005-02-12,4.79,0.0,KL-ACH-01
2005-02-13,4.78,0.0,KL-ACH-01
2005-02-14,4.75,0.0,KL-ACH-01
2005-02-15,4.71,0.0,KL-ACH-01
2005-02-16,4.7,0.0,KL-ACH-01
2005-02-17,4.66,0.0,KL-ACH-01
2005-02-18,4.64,0.0,KL-ACH-01
2005-02-19,4.6,0.0,KL-ACH-01
2005-02-20,4.53,0.0,KL-ACH-01
2005-02-21,4.53,0.4,KL-ACH-01
2005-02-22,4.56,0.7,KL-ACH-01
2005-02-23,4.6,6.0,KL-ACH-01
2005-02-24,4.6,2.0,KL-ACH-01
2005-02-25,4.56,0.0,KL-ACH-01
2005-02-26,4.53,0.0,KL-ACH-01
2005-02-27,4.5,0.0,KL-ACH-01
2005-02-28,4.43,0.0,KL-ACH-01
2005-03-01,4.41,0.0,KL-ACH-01
2005-03-02,4.35,0.0,KL-ACH-01
2005-03-03,4.28,0.0,KL-ACH-01
2005-03-04,4.31,0.1,KL-ACH-01
2005-03-05,4.35,1.0,KL-ACH-01
2005-03-06,4.71,12.5,KL-ACH-01
2005-03-07,4.71,3.4,KL-ACH-01
2005-03-08,4.6,1.9,KL-ACH-01
2005-03-09,4.62,3.4,KL-ACH-01
2005-03-10,4.56,0.5,KL-ACH-01
2005-03-11,4.5,2.5,KL-ACH-01
2005-03-12,4.47,3.0,KL-ACH-01
2005-03-13,4.5,3.7,KL-ACH-01
2005-03-14,4.47,3.0,KL-ACH-01
2005-03-15,4.53,1.2,KL-ACH-01
2005-03-16,4.47,0.8,KL-ACH-01
2005-03-17,4.35,0.1,KL-ACH-01
2005-03-18,4.28,0.0,KL-ACH-01
2005-03-19,4.22,1.2,KL-ACH-01
2005-03-20,4.6,8.8,KL-ACH-01
2005-03-21,4.47,0.3,KL-ACH-01
2005-03-22,4.37,0.3,KL-ACH-01
2005-03-23,4.31,0.2,KL-ACH-01
2005-03-24,4.22,0.4,KL-ACH-01
2005-03-25,4.15,0.6,KL-ACH-01
2005-03-26,4.22,0.0,KL-ACH-01
2005-03-27,4.35,1.4,KL-ACH-01
2005-03-28,4.35,1.1,KL-ACH-01
2005-03-29,4.37,0.7,KL-ACH-01
2005-03-30,4.41,4.2,KL-ACH-01
2005-03-31,4.85,9.1,KL-ACH-01
2005-04-01,4.66,0.0,KL-ACH-01
2005-04-02,4.94,12.1,KL-ACH-01
2005-04-03,5.31,13.0,KL-ACH-01
2005-04-04,5.87,23.6,KL-ACH-01
2005-04-05,6.03,15.1,KL-ACH-01
2005-04-06,5.87,6.7,KL-ACH-01
2005-04-07,5.71,6.4,KL-ACH-01
2005-04-08,5.56,5.1,KL-ACH-01
2005-04-09,5.62,3.9,KL-ACH-01
2005-04-10,5.56,2.9,KL-ACH-01
2005-04-11,5.62,7.5,KL-ACH-01
2005-04-12,5.59,4.1,KL-ACH-01
2005-04-13,5.56,4.9,KL-ACH-01
2005-04-14,5.62,6.9,KL-ACH-01
2005-04-15,5.65,7.2,KL-ACH-01
2005-04-16,5.59,3.9,KL-ACH-01
2005-04-17,5.47,1.4,KL-ACH-01
2005-04-18,5.37,0.8,KL-ACH-01
2005-04-19,6.06,27.8,KL-ACH-01
2005-04-20,6.57,16.8,KL-ACH-01
2005-04-21,6.38,1.7,KL-ACH-01
2005-04-22,6.66,22.0,KL-ACH-01
2005-04-23,6.66,7.2,KL-ACH-01
2005-04-24,6.57,5.3,KL-ACH-01
2005-04-25,6.59,8.2,KL-ACH-01
2005-04-26,6.59,3.1,KL-ACH-01
2005-04-27,6.53,2.8,KL-ACH-01
2005-04-28,6.5,5.3,KL-ACH-01
2005-04-29,6.5,2.2,KL-ACH-01
2005-04-30,6.46,4.2,KL-ACH-01
2005-05-01,6.66,10.2,KL-ACH-01
2005-05-02,7.34,21.5,KL-ACH-01
2005-05-03,7.57,7.6,KL-ACH-01
2005-05-04,7.43,2.8,KL-ACH-01
2005-05-05,7.13,0.7,KL-ACH-01
2005-05-06,6.82,0.7,KL-ACH-01
2005-05-07,6.62,3.5,KL-ACH-01
2005-05-08,6.73,3.4,KL-ACH-01
2005-05-09,6.59,1.9,KL-ACH-01
2005-05-10,6.46,2.0,KL-ACH-01
2005-05-11,6.35,0.6,KL-ACH-01
2005-05-12,6.35,8.9,KL-ACH-01
2005-05-13,6.66,9.0,KL-ACH-01
2005-05-14,6.74,2.6,KL-ACH-01
2005-05-15,6.74,8.3,KL-ACH-01
2005-05-16,6.78,3.5,KL-ACH-01
2005-05-17,6.62,0.7,KL-ACH-01
2005-05-18,6.38,0.0,KL-ACH-01
2005-05-19,6.16,1.5,KL-ACH-01
2005-05-20,6.1,2.9,KL-ACH-01
2005-05-21,6.13,4.7,KL-ACH-01
2005-05-22,6.21,5.2,KL-ACH-01
2005-05-23,6.31,5.7,KL-ACH-01
2005-05-24,6.38,3.8,KL-ACH-01
2005-05-25,6.57,10.0,KL-ACH-01
2005-05-26,7.0,13.2,KL-ACH-01
2005-05-27,7.57,11.4,KL-ACH-01
2005-05-28,8.35,11.9,KL-ACH-01
2005-05-29,8.91,17.3,KL-ACH-01
2005-05-30,9.45,10.8,KL-ACH-01
2005-05-31,9.4,3.8,KL-ACH-01
2005-06-01,9.26,4.2,KL-ACH-01
2005-06-02,9.21,9.6,KL-ACH-01
2005-06-03,9.72,3.1,KL-ACH-01
2005-06-04,10.09,16.9,KL-ACH-01
2005-06-05,10.86,8.3,KL-ACH-01
2005-06-06,11.56,9.1,KL-ACH-01
2005-06-07,12.03,2.0,KL-ACH-01
2005-06-08,11.76,7.2,KL-ACH-01
2005-06-09,12.24,18.3,KL-ACH-01
2005-06-10,14.45,6.6,KL-ACH-01
2005-06-11,14.96,5.1,KL-ACH-01
2005-06-12,14.85,6.0,KL-ACH-01
2005-06-13,14.74,11.8,KL-ACH-01
2005-06-14,15.0,6.2,KL-ACH-01
2005-06-15,14.85,8.6,KL-ACH-01
2005-06-16,16.02,31.8,KL-ACH-01
2005-06-17,22.99,38.1,KL-ACH-01
2005-06-18,28.85,18.8,KL-ACH-01
2005-06-19,31.43,24.0,KL-ACH-01
2005-06-20,32.81,12.2,KL-ACH-01
2005-06-21,32.73,7.3,KL-ACH-01
2005-06-22,31.58,1.2,KL-ACH-01
2005-06-23,29.9,2.6,KL-ACH-01
2005-06-24,28.38,4.7,KL-ACH-01
2005-06-25,27.18,5.8,KL-ACH-01
2005-06-26,26.42,4.7,KL-ACH-01
2005-06-27,25.49,4.7,KL-ACH-01
2005-06-28,25.18,5.0,KL-ACH-01
2005-06-29,24.76,6.6,KL-ACH-01
2005-06-30,24.59,6.5,KL-ACH-01
2005-07-01,24.23,8.2,KL-ACH-01
2005-07-02,23.89,6.7,KL-ACH-01
2005-07-03,23.1,3.7,KL-ACH-01
2005-07-04,22.55,10.5,KL-ACH-01
2005-07-05,22.88,9.5,KL-ACH-01
2005-07-06,23.15,11.3,KL-ACH-01
2005-07-07,23.32,3.6,KL-ACH-01
2005-07-08,22.55,6.3,KL-ACH-01
2005-07-09,22.6,6.2,KL-ACH-01
2005-07-10,23.21,22.4,KL-ACH-01
2005-07-11,25.55,10.3,KL-ACH-01
2005-07-12,25.85,2.4,KL-ACH-01
2005-07-13,24.94,16.1,KL-ACH-01
2005-07-14,26.23,9.9,KL-ACH-01
2005-07-15,27.51,8.6,KL-ACH-01
2005-07-16,27.25,9.8,KL-ACH-01
2005-07-17,27.71,19.8,KL-ACH-01
2005-07-18,30.33,4.4,KL-ACH-01
2005-07-19,29.9,10.5,KL-ACH-01
2005-07-20,29.62,10.0,KL-ACH-01
2005-07-21,29.62,0.1,KL-ACH-01
2005-07-22,28.17,7.2,KL-ACH-01
2005-07-23,27.97,15.7,KL-ACH-01
2005-07-24,29.62,15.3,KL-ACH-01
2005-07-25,31.58,12.6,KL-ACH-01
2005-07-26,34.4,16.2,KL-ACH-01
2005-07-27,38.54,17.0,KL-ACH-01
2005-07-28,42.05,22.3,KL-ACH-01
2005-07-29,44.71,10.2,KL-ACH-01
2005-07-30,46.32,16.1,KL-ACH-01
2005-07-31,51.24,34.4,KL-ACH-01
2005-08-01,55.1,15.7,KL-ACH-01
2005-08-02,56.28,5.5,KL-ACH-01
2005-08-03,54.08,4.8,KL-ACH-01
2005-08-04,51.36,3.6,KL-ACH-01
2005-08-05,48.66,3.0,KL-ACH-01
2005-08-06,45.77,0.8,KL-ACH-01
2005-08-07,42.75,0.2,KL-ACH-01
2005-08-08,40.02,2.6,KL-ACH-01
2005-08-09,37.64,0.8,KL-ACH-01
2005-08-10,35.22,2.2,KL-ACH-01
2005-08-11,33.2,2.2,KL-ACH-01
2005-08-12,31.51,2.6,KL-ACH-01
2005-08-13,29.83,2.9,KL-ACH-01
2005-08-14,28.24,2.6,KL-ACH-01
2005-08-15,26.73,1.0,KL-ACH-01
2005-08-16,25.18,0.8,KL-ACH-01
2005-08-17,23.66,1.4,KL-ACH-01
2005-08-18,22.23,0.1,KL-ACH-01
2005-08-19,20.83,2.1,KL-ACH-01
2005-08-20,19.65,0.5,KL-ACH-01
2005-08-21,18.45,0.1,KL-ACH-01
2005-08-22,17.28,0.0,KL-ACH-01
2005-08-23,16.18,0.2,KL-ACH-01
2005-08-24,15.37,0.2,KL-ACH-01
2005-08-25,14.49,0.1,KL-ACH-01
2005-08-26,13.69,0.6,KL-ACH-01
2005-08-27,13.35,13.8,KL-ACH-01
2005-08-28,15.07,5.7,KL-ACH-01
2005-08-29,16.06,6.4,KL-ACH-01
2005-08-30,16.38,7.5,KL-ACH-01
2005-08-31,16.7,7.2,KL-ACH-01
2005-09-01,16.74,5.9,KL-ACH-01
2005-09-02,17.03,14.7,KL-ACH-01
2005-09-03,18.01,12.6,KL-ACH-01
2005-09-04,20.78,43.1,KL-ACH-01
2005-09-05,26.73,35.0,KL-ACH-01
2005-09-06,31.66,33.2,KL-ACH-01
2005-09-07,35.64,25.8,KL-ACH-01
2005-09-08,37.64,23.3,KL-ACH-01
2005-09-09,39.36,17.7,KL-ACH-01
2005-09-10,42.35,27.6,KL-ACH-01
2005-09-11,46.21,20.3,KL-ACH-01
2005-09-12,47.75,9.7,KL-ACH-01
2005-09-13,46.86,10.9,KL-ACH-01
2005-09-14,45.24,4.2,KL-ACH-01
2005-09-15,43.57,2.3,KL-ACH-01
2005-09-16,41.46,0.6,KL-ACH-01
2005-09-17,38.9,1.0,KL-ACH-01
2005-09-18,36.5,0.2,KL-ACH-01
2005-09-19,34.4,8.5,KL-ACH-01
2005-09-20,33.59,6.9,KL-ACH-01
2005-09-21,32.88,1.7,KL-ACH-01
2005-09-22,31.06,0.3,KL-ACH-01
2005-09-23,29.06,0.3,KL-ACH-01
2005-09-24,27.38,1.4,KL-ACH-01
2005-09-25,25.79,0.2,KL-ACH-01
2005-09-26,24.23,0.9,KL-ACH-01
2005-09-27,22.77,1.3,KL-ACH-01
2005-09-28,21.49,0.5,KL-ACH-01
2005-09-29,20.23,2.3,KL-ACH-01
2005-09-30,19.09,2.6,KL-ACH-01
2005-10-01,18.14,0.0,KL-ACH-01
2005-10-02,16.99,0.0,KL-ACH-01
2005-10-03,15.98,0.0,KL-ACH-01
2005-10-04,15.26,10.5,KL-ACH-01
2005-10-05,16.02,8.9,KL-ACH-01
2005-10-06,18.01,24.0,KL-ACH-01
2005-10-07,20.73,7.3,KL-ACH-01
2005-10-08,22.28,13.1,KL-ACH-01
2005-10-09,22.88,4.8,KL-ACH-01
2005-10-10,22.88,7.4,KL-ACH-01
2005-10-11,22.99,12.6,KL-ACH-01
2005-10-12,24.0,18.1,KL-ACH-01
2005-10-13,26.42,7.5,KL-ACH-01
2005-10-14,26.8,2.5,KL-ACH-01
2005-10-15,25.79,0.9,KL-ACH-01
2005-10-16,24.41,0.4,KL-ACH-01
2005-10-17,22.99,1.6,KL-ACH-01
2005-10-18,21.86,3.4,KL-ACH-01
2005-10-19,21.18,8.0,KL-ACH-01
2005-10-20,20.83,3.6,KL-ACH-01
2005-10-21,20.33,4.6,KL-ACH-01
2005-10-22,20.09,11.8,KL-ACH-01
2005-10-23,21.54,20.9,KL-ACH-01
2005-10-24,24.53,19.4,KL-ACH-01
2005-10-25,26.48,4.7,KL-ACH-01
2005-10-26,25.61,2.4,KL-ACH-01
2005-10-27,24.23,0.4,KL-ACH-01
2005-10-28,22.71,2.8,KL-ACH-01
2005-10-29,21.8,4.7,KL-ACH-01
2005-10-30,21.03,1.1,KL-ACH-01
2005-10-31,20.38,9.0,KL-ACH-01
2005-11-01,20.63,9.7,KL-ACH-01
2005-11-02,21.44,8.8,KL-ACH-01
2005-11-03,22.07,15.7,KL-ACH-01
2005-11-04,22.55,20.3,KL-ACH-01
2005-11-05,27.71,47.8,KL-ACH-01
2005-11-06,32.88,14.0,KL-ACH-01
2005-11-07,33.99,7.4,KL-ACH-01
2005-11-08,35.14,27.8,KL-ACH-01
2005-11-09,37.82,16.1,KL-ACH-01
2005-11-10,39.46,5.4,KL-ACH-01
2005-11-11,40.69,9.8,KL-ACH-01
2005-11-12,154.24,80.6,KL-ACH-01
2005-11-13,150.71,48.9,KL-ACH-01
2005-11-14,130.52,20.4,KL-ACH-01
2005-11-15,116.76,4.9,KL-ACH-01
2005-11-16,102.75,1.2,KL-ACH-01
2005-11-17,91.9,1.6,KL-ACH-01
2005-11-18,83.33,0.0,KL-ACH-01
2005-11-19,76.45,0.0,KL-ACH-01
2005-11-20,70.45,1.1,KL-ACH-01
2005-11-21,65.68,8.1,KL-ACH-01
2005-11-22,87.1,37.1,KL-ACH-01
2005-11-23,90.83,23.4,KL-ACH-01
2005-11-24,89.57,10.7,KL-ACH-01
2005-11-25,86.1,15.8,KL-ACH-01
2005-11-26,80.28,13.7,KL-ACH-01
2005-11-27,75.38,11.6,KL-ACH-01
2005-11-28,71.11,11.5,KL-ACH-01
2005-11-29,66.76,2.3,KL-ACH-01
2005-11-30,62.83,2.9,KL-ACH-01
2005-12-01,58.98,1.4,KL-ACH-01
2005-12-02,55.62,1.1,KL-ACH-01
2005-12-03,52.33,4.7,KL-ACH-01
2005-12-04,50.29,15.7,KL-ACH-01
2005-12-05,50.52,16.6,KL-ACH-01
2005-12-06,48.89,5.0,KL-ACH-01
2005-12-07,45.99,0.5,KL-ACH-01
2005-12-08,42.85,0.0,KL-ACH-01
2005-12-09,40.11,0.4,KL-ACH-01
2005-12-10,37.99,13.9,KL-ACH-01
2005-12-11,39.09,21.8,KL-ACH-01
2005-12-12,42.25,5.2,KL-ACH-01
2005-12-13,40.69,10.1,KL-ACH-01
2005-12-14,38.9,7.1,KL-ACH-01
2005-12-15,36.76,0.4,KL-ACH-01
2005-12-16,34.4,0.9,KL-ACH-01
2005-12-17,32.11,0.0,KL-ACH-01
2005-12-18,30.05,0.5,KL-ACH-01
2005-12-19,29.13,0.0,KL-ACH-01
2005-12-20,27.77,0.5,KL-ACH-01
2005-12-21,26.35,3.4,KL-ACH-01
2005-12-22,25.42,2.2,KL-ACH-01
2005-12-23,24.18,0.2,KL-ACH-01
2005-12-24,22.99,0.1,KL-ACH-01
2005-12-25,21.65,0.9,KL-ACH-01
2005-12-26,20.33,0.6,KL-ACH-01
2005-12-27,19.04,0.0,KL-ACH-01
2005-12-28,17.79,0.0,KL-ACH-01
2005-12-29,16.66,0.0,KL-ACH-01
2005-12-30,15.6,0.0,KL-ACH-01
2005-12-31,14.6,0.0,KL-ACH-01
2006-01-01,13.69,0.0,KL-ACH-01
2006-01-02,12.8,0.0,KL-ACH-01
2006-01-03,12.0,0.0,KL-ACH-01
2006-01-04,11.25,0.0,KL-ACH-01
2006-01-05,10.83,15.9,KL-ACH-01
2006-01-06,10.89,7.0,KL-ACH-01
2006-01-07,10.35,0.0,KL-ACH-01
2006-01-08,9.86,7.8,KL-ACH-01
2006-01-09,9.52,5.3,KL-ACH-01
2006-01-10,9.14,2.0,KL-ACH-01
2006-01-11,7.73,0.0,KL-ACH-01
2006-01-12,7.02,1.9,KL-ACH-01
2006-01-13,6.73,3.4,KL-ACH-01
2006-01-14,6.43,0.2,KL-ACH-01
2006-01-15,6.11,0.7,KL-ACH-01
2006-01-16,5.84,1.8,KL-ACH-01
2006-01-17,5.59,0.7,KL-ACH-01
2006-01-18,5.34,0.0,KL-ACH-01
2006-01-19,5.08,0.0,KL-ACH-01
2006-01-20,4.85,0.0,KL-ACH-01
2006-01-21,4.83,0.0,KL-ACH-01
2006-01-22,4.75,0.0,KL-ACH-01
2006-01-23,4.62,0.0,KL-ACH-01
2006-01-24,4.5,0.0,KL-ACH-01
2006-01-25,4.37,2.3,KL-ACH-01
2006-01-26,4.31,0.0,KL-ACH-01
2006-01-27,4.25,0.0,KL-ACH-01
2006-01-28,4.15,0.1,KL-ACH-01
2006-01-29,4.06,0.3,KL-ACH-01
2006-01-30,4.04,0.0,KL-ACH-01
2006-01-31,5.0,0.0,KL-ACH-01
2006-02-01,5.34,0.0,KL-ACH-01
2006-02-02,5.34,0.0,KL-ACH-01
2006-02-03,5.34,0.0,KL-ACH-01
2006-02-04,5.28,0.1,KL-ACH-01
2006-02-05,5.28,0.0,KL-ACH-01
2006-02-06,5.25,0.0,KL-ACH-01
2006-02-07,5.25,0.0,KL-ACH-01
2006-02-08,5.22,0.0,KL-ACH-01
2006-02-09,5.15,0.0,KL-ACH-01
2006-02-10,5.1,0.0,KL-ACH-01
2006-02-11,5.07,0.0,KL-ACH-01
2006-02-12,5.03,0.0,KL-ACH-01
2006-02-13,5.07,0.0,KL-ACH-01
2006-02-14,5.0,0.0,KL-ACH-01
2006-02-15,5.0,0.0,KL-ACH-01
2006-02-16,4.9,0.0,KL-ACH-01
2006-02-17,4.87,0.0,KL-ACH-01
2006-02-18,4.85,0.0,KL-ACH-01
2006-02-19,4.9,0.0,KL-ACH-01
2006-02-20,4.81,0.0,KL-ACH-01
2006-02-21,4.81,0.0,KL-ACH-01
2006-02-22,4.85,0.3,KL-ACH-01
2006-02-23,4.78,0.0,KL-ACH-01
2006-02-24,4.71,0.0,KL-ACH-01
2006-02-25,4.75,0.7,KL-ACH-01
2006-02-26,4.69,0.1,KL-ACH-01
2006-02-27,4.66,0.6,KL-ACH-01
2006-02-28,4.66,0.3,KL-ACH-01
2006-03-01,4.6,0.0,KL-ACH-01
2006-03-02,4.53,1.0,KL-ACH-01
2006-03-03,5.56,27.8,KL-ACH-01
2006-03-04,6.16,14.7,KL-ACH-01
2006-03-05,6.21,12.2,KL-ACH-01
2006-03-06,6.13,11.4,KL-ACH-01
2006-03-07,5.84,3.7,KL-ACH-01
2006-03-08,5.5,1.4,KL-ACH-01
2006-03-09,5.37,4.5,KL-ACH-01
2006-03-10,5.53,8.7,KL-ACH-01
2006-03-11,5.75,6.2,KL-ACH-01
2006-03-12,5.53,0.0,KL-ACH-01
2006-03-13,5.22,0.0,KL-ACH-01
2006-03-14,5.0,0.1,KL-ACH-01
2006-03-15,4.9,0.0,KL-ACH-01
2006-03-16,4.85,0.1,KL-ACH-01
2006-03-17,4.78,0.5,KL-ACH-01
2006-03-18,4.69,0.0,KL-ACH-01
2006-03-19,4.66,1.9,KL-ACH-01
2006-03-20,4.66,0.5,KL-ACH-01
2006-03-21,4.9,6.4,KL-ACH-01
2006-03-22,4.81,1.5,KL-ACH-01
2006-03-23,5.22,9.1,KL-ACH-01
2006-03-24,5.03,0.9,KL-ACH-01
2006-03-25,4.87,1.1,KL-ACH-01
2006-03-26,5.0,5.6,KL-ACH-01
2006-03-27,5.12,1.1,KL-ACH-01
2006-03-28,5.07,1.8,KL-ACH-01
2006-03-29,5.84,15.8,KL-ACH-01
2006-03-30,7.53,21.0,KL-ACH-01
2006-03-31,8.73,5.2,KL-ACH-01
2006-04-01,8.84,4.3,KL-ACH-01
2006-04-02,8.98,1.7,KL-ACH-01
2006-04-03,8.77,0.3,KL-ACH-01
2006-04-04,8.44,1.8,KL-ACH-01
2006-04-05,8.16,0.2,KL-ACH-01
2006-04-06,8.1,1.8,KL-ACH-01
2006-04-07,8.12,1.7,KL-ACH-01
2006-04-08,8.38,2.9,KL-ACH-01
2006-04-09,10.32,5.4,KL-ACH-01
2006-04-10,13.32,3.5,KL-ACH-01
2006-04-11,14.63,3.7,KL-ACH-01
2006-04-12,14.7,3.7,KL-ACH-01
2006-04-13,14.89,3.5,KL-ACH-01
2006-04-14,15.14,7.8,KL-ACH-01
2006-04-15,17.11,7.1,KL-ACH-01
2006-04-16,17.24,5.2,KL-ACH-01
2006-04-17,17.32,5.8,KL-ACH-01
2006-04-18,17.16,12.1,KL-ACH-01
2006-04-19,17.62,3.4,KL-ACH-01
2006-04-20,18.54,21.3,KL-ACH-01
2006-04-21,21.59,14.3,KL-ACH-01
2006-04-22,24.18,5.9,KL-ACH-01
2006-04-23,24.18,0.2,KL-ACH-01
2006-04-24,23.04,3.4,KL-ACH-01
2006-04-25,22.07,2.3,KL-ACH-01
2006-04-26,21.34,0.3,KL-ACH-01
2006-04-27,20.13,0.1,KL-ACH-01
2006-04-28,19.14,3.1,KL-ACH-01
2006-04-29,18.54,0.9,KL-ACH-01
2006-04-30,17.71,0.0,KL-ACH-01
2006-05-01,16.62,0.0,KL-ACH-01
2006-05-02,15.63,0.8,KL-ACH-01
2006-05-03,14.85,5.0,KL-ACH-01
2006-05-04,15.33,24.7,KL-ACH-01
2006-05-05,15.98,8.1,KL-ACH-01
2006-05-06,16.22,5.9,KL-ACH-01
2006-05-07,16.46,6.4,KL-ACH-01
2006-05-08,16.86,7.6,KL-ACH-01
2006-05-09,16.99,10.4,KL-ACH-01
2006-05-10,17.03,3.6,KL-ACH-01
2006-05-11,16.78,5.6,KL-ACH-01
2006-05-12,16.66,10.4,KL-ACH-01
2006-05-13,17.24,12.1,KL-ACH-01
2006-05-14,18.01,4.3,KL-ACH-01
2006-05-15,18.23,9.2,KL-ACH-01
2006-05-16,18.45,5.0,KL-ACH-01
2006-05-17,18.54,5.1,KL-ACH-01
2006-05-18,18.95,18.7,KL-ACH-01
2006-05-19,20.38,10.2,KL-ACH-01
2006-05-20,20.13,0.3,KL-ACH-01
2006-05-21,19.09,8.0,KL-ACH-01
2006-05-22,18.54,11.8,KL-ACH-01
2006-05-23,18.54,13.0,KL-ACH-01
2006-05-24,19.0,6.1,KL-ACH-01
2006-05-25,19.09,16.4,KL-ACH-01
2006-05-26,21.65,25.2,KL-ACH-01
2006-05-27,24.53,30.5,KL-ACH-01
2006-05-28,30.19,34.1,KL-ACH-01
2006-05-29,43.98,38.7,KL-ACH-01
2006-05-30,62.53,35.7,KL-ACH-01
2006-05-31,86.5,48.4,KL-ACH-01
2006-06-01,87.31,5.9,KL-ACH-01
2006-06-02,77.52,2.3,KL-ACH-01
2006-06-03,69.47,5.4,KL-ACH-01
2006-06-04,63.71,3.2,KL-ACH-01
2006-06-05,58.7,2.7,KL-ACH-01
2006-06-06,54.72,3.2,KL-ACH-01
2006-06-07,51.12,4.0,KL-ACH-01
2006-06-08,48.43,5.2,KL-ACH-01
2006-06-09,46.1,7.0,KL-ACH-01
2006-06-10,43.77,2.1,KL-ACH-01
2006-06-11,40.98,0.5,KL-ACH-01
2006-06-12,38.36,0.5,KL-ACH-01
2006-06-13,35.81,1.7,KL-ACH-01
2006-06-14,33.59,2.9,KL-ACH-01
2006-06-15,31.81,5.5,KL-ACH-01
2006-06-16,30.84,7.4,KL-ACH-01
2006-06-17,30.12,1.4,KL-ACH-01
2006-06-18,28.38,0.3,KL-ACH-01
2006-06-19,27.05,9.0,KL-ACH-01
2006-06-20,27.44,22.1,KL-ACH-01
2006-06-21,28.92,23.1,KL-ACH-01
2006-06-22,38.26,44.1,KL-ACH-01
2006-06-23,51.0,43.7,KL-ACH-01
2006-06-24,54.46,17.2,KL-ACH-01
2006-06-25,52.95,4.2,KL-ACH-01
2006-06-26,49.0,4.1,KL-ACH-01
2006-06-27,45.34,0.7,KL-ACH-01
2006-06-28,42.15,7.0,KL-ACH-01
2006-06-29,40.3,8.6,KL-ACH-01
2006-06-30,38.9,3.0,KL-ACH-01
2006-07-01,36.93,4.2,KL-ACH-01
2006-07-02,35.56,7.6,KL-ACH-01
2006-07-03,35.81,15.8,KL-ACH-01
2006-07-04,39.27,19.3,KL-ACH-01
2006-07-05,42.85,16.8,KL-ACH-01
2006-07-06,44.29,3.4,KL-ACH-01
2006-07-07,42.25,3.7,KL-ACH-01
2006-07-08,40.02,3.4,KL-ACH-01
2006-07-09,37.64,1.4,KL-ACH-01
2006-07-10,35.56,6.6,KL-ACH-01
2006-07-11,34.16,7.5,KL-ACH-01
2006-07-12,33.91,32.3,KL-ACH-01
2006-07-13,41.76,43.8,KL-ACH-01
2006-07-14,47.42,6.8,KL-ACH-01
2006-07-15,45.99,4.2,KL-ACH-01
2006-07-16,43.57,3.1,KL-ACH-01
2006-07-17,41.36,6.0,KL-ACH-01
2006-07-18,39.46,2.4,KL-ACH-01
2006-07-19,37.46,1.3,KL-ACH-01
2006-07-20,35.14,2.0,KL-ACH-01
2006-07-21,32.96,0.4,KL-ACH-01
2006-07-22,30.77,0.2,KL-ACH-01
2006-07-23,28.79,0.0,KL-ACH-01
2006-07-24,26.86,0.0,KL-ACH-01
2006-07-25,25.12,0.3,KL-ACH-01
2006-07-26,23.55,1.1,KL-ACH-01
2006-07-27,22.33,1.9,KL-ACH-01
2006-07-28,21.28,2.0,KL-ACH-01
2006-07-29,20.28,2.9,KL-ACH-01
2006-07-30,19.37,2.0,KL-ACH-01
2006-07-31,18.36,2.0,KL-ACH-01
2006-08-01,17.41,1.2,KL-ACH-01
2006-08-02,16.62,4.0,KL-ACH-01
2006-08-03,15.9,3.0,KL-ACH-01
2006-08-04,15.22,0.5,KL-ACH-01
2006-08-05,14.52,2.1,KL-ACH-01
2006-08-06,13.89,1.7,KL-ACH-01
2006-08-07,13.39,2.5,KL-ACH-01
2006-08-08,12.84,4.0,KL-ACH-01
2006-08-09,12.43,1.9,KL-ACH-01
2006-08-10,12.34,12.4,KL-ACH-01
2006-08-11,13.13,11.7,KL-ACH-01
2006-08-12,15.33,24.2,KL-ACH-01
2006-08-13,19.09,24.9,KL-ACH-01
2006-08-14,22.88,12.5,KL-ACH-01
2006-08-15,24.64,18.9,KL-ACH-01
2006-08-16,28.11,16.6,KL-ACH-01
2006-08-17,30.05,8.2,KL-ACH-01
2006-08-18,29.9,13.5,KL-ACH-01
2006-08-19,29.97,14.1,KL-ACH-01
2006-08-20,30.41,4.2,KL-ACH-01
2006-08-21,29.97,0.3,KL-ACH-01
2006-08-22,28.65,2.4,KL-ACH-01
2006-08-23,27.05,0.0,KL-ACH-01
2006-08-24,25.3,0.1,KL-ACH-01
2006-08-25,23.83,0.7,KL-ACH-01
2006-08-26,23.43,0.6,KL-ACH-01
2006-08-27,22.33,0.0,KL-ACH-01
2006-08-28,20.98,2.9,KL-ACH-01
2006-08-29,19.99,1.7,KL-ACH-01
2006-08-30,19.04,2.4,KL-ACH-01
2006-08-31,18.1,1.9,KL-ACH-01
2006-09-01,17.49,6.4,KL-ACH-01
2006-09-02,17.11,0.6,KL-ACH-01
2006-09-03,16.86,0.7,KL-ACH-01
2006-09-04,16.58,1.3,KL-ACH-01
2006-09-05,17.03,0.1,KL-ACH-01
2006-09-06,16.74,12.0,KL-ACH-01
2006-09-07,19.56,15.6,KL-ACH-01
2006-09-08,23.83,14.8,KL-ACH-01
2006-09-09,26.48,26.1,KL-ACH-01
2006-09-10,29.62,13.2,KL-ACH-01
2006-09-11,31.43,19.5,KL-ACH-01
2006-09-12,34.48,10.0,KL-ACH-01
2006-09-13,34.97,15.3,KL-ACH-01
2006-09-14,35.31,13.1,KL-ACH-01
2006-09-15,36.15,15.8,KL-ACH-01
2006-09-16,38.99,26.0,KL-ACH-01
2006-09-17,43.36,13.0,KL-ACH-01
2006-09-18,44.29,6.9,KL-ACH-01
2006-09-19,43.06,4.7,KL-ACH-01
2006-09-20,41.56,4.8,KL-ACH-01
2006-09-21,41.07,22.2,KL-ACH-01
2006-09-22,42.95,3.7,KL-ACH-01
2006-09-23,41.46,4.0,KL-ACH-01
2006-09-24,40.4,19.6,KL-ACH-01
2006-09-25,41.76,27.2,KL-ACH-01
2006-09-26,44.81,1.7,KL-ACH-01
2006-09-27,42.65,2.3,KL-ACH-01
2006-09-28,40.02,0.0,KL-ACH-01
2006-09-29,37.46,0.0,KL-ACH-01
2006-09-30,35.06,2.5,KL-ACH-01
2006-10-01,33.12,2.4,KL-ACH-01
2006-10-02,31.21,0.3,KL-ACH-01
2006-10-03,29.34,2.1,KL-ACH-01
2006-10-04,28.31,10.6,KL-ACH-01
2006-10-05,27.84,1.7,KL-ACH-01
2006-10-06,26.8,10.8,KL-ACH-01
2006-10-07,26.93,15.0,KL-ACH-01
2006-10-08,28.38,2.3,KL-ACH-01
2006-10-09,27.31,5.8,KL-ACH-01
2006-10-10,26.86,18.0,KL-ACH-01
2006-10-11,29.41,19.4,KL-ACH-01
2006-10-12,31.73,16.1,KL-ACH-01
2006-10-13,34.73,15.2,KL-ACH-01
2006-10-14,37.55,23.9,KL-ACH-01
2006-10-15,40.78,15.1,KL-ACH-01
2006-10-16,43.46,21.2,KL-ACH-01
2006-10-17,45.13,25.5,KL-ACH-01
2006-10-18,47.19,7.7,KL-ACH-01
2006-10-19,46.32,10.6,KL-ACH-01
2006-10-20,48.32,39.8,KL-ACH-01
2006-10-21,52.7,18.2,KL-ACH-01
2006-10-22,51.48,16.4,KL-ACH-01
2006-10-23,50.4,24.7,KL-ACH-01
2006-10-24,50.52,12.1,KL-ACH-01
2006-10-25,50.29,29.0,KL-ACH-01
2006-10-26,52.46,31.3,KL-ACH-01
2006-10-27,59.39,33.9,KL-ACH-01
2006-10-28,63.42,14.8,KL-ACH-01
2006-10-29,63.57,12.3,KL-ACH-01
2006-10-30,63.42,9.2,KL-ACH-01
2006-10-31,61.37,16.9,KL-ACH-01
2006-11-01,62.1,21.0,KL-ACH-01
2006-11-02,65.53,13.5,KL-ACH-01
2006-11-03,66.92,33.8,KL-ACH-01
2006-11-04,68.98,7.0,KL-ACH-01
2006-11-05,65.99,16.5,KL-ACH-01
2006-11-06,66.92,21.3,KL-ACH-01
2006-11-07,68.18,2.6,KL-ACH-01
2006-11-08,65.22,9.8,KL-ACH-01
2006-11-09,62.83,11.9,KL-ACH-01
2006-11-10,62.39,31.0,KL-ACH-01
2006-11-11,64.46,29.5,KL-ACH-01
2006-11-12,68.18,25.9,KL-ACH-01
2006-11-13,69.31,21.7,KL-ACH-01
2006-11-14,68.5,16.3,KL-ACH-01
2006-11-15,65.37,13.8,KL-ACH-01
2006-11-16,62.39,12.9,KL-ACH-01
2006-11-17,61.09,33.7,KL-ACH-01
2006-11-18,63.12,25.3,KL-ACH-01
2006-11-19,66.61,3.2,KL-ACH-01
2006-11-20,64.77,18.7,KL-ACH-01
2006-11-21,63.27,13.2,KL-ACH-01
2006-11-22,61.09,12.4,KL-ACH-01
2006-11-23,59.39,3.2,KL-ACH-01
2006-11-24,57.48,8.9,KL-ACH-01
2006-11-25,55.62,1.0,KL-ACH-01
2006-11-26,52.46,12.3,KL-ACH-01
2006-11-27,50.64,8.2,KL-ACH-01
2006-11-28,47.87,3.1,KL-ACH-01
2006-11-29,45.03,0.2,KL-ACH-01
2006-11-30,42.15,0.2,KL-ACH-01
2006-12-01,39.46,0.0,KL-ACH-01
2006-12-02,36.93,0.0,KL-ACH-01
2006-12-03,34.56,0.0,KL-ACH-01
2006-12-04,32.34,0.0,KL-ACH-01
2006-12-05,30.26,0.0,KL-ACH-01
2006-12-06,28.38,0.0,KL-ACH-01
2006-12-07,26.54,0.0,KL-ACH-01
2006-12-08,24.88,0.0,KL-ACH-01
2006-12-09,23.32,0.0,KL-ACH-01
2006-12-10,21.86,0.0,KL-ACH-01
2006-12-11,20.53,1.7,KL-ACH-01
2006-12-12,19.7,11.8,KL-ACH-01
2006-12-13,19.42,0.5,KL-ACH-01
2006-12-14,18.36,0.0,KL-ACH-01
2006-12-15,17.24,0.0,KL-ACH-01
2006-12-16,16.14,0.0,KL-ACH-01
2006-12-17,15.18,0.0,KL-ACH-01
2006-12-18,14.28,0.0,KL-ACH-01
2006-12-19,13.42,0.9,KL-ACH-01
2006-12-20,12.68,0.0,KL-ACH-01
2006-12-21,12.0,0.0,KL-ACH-01
2006-12-22,11.33,0.0,KL-ACH-01
2006-12-23,10.78,0.0,KL-ACH-01
2006-12-24,10.22,0.0,KL-ACH-01
2006-12-25,9.74,0.0,KL-ACH-01
2006-12-26,9.26,0.0,KL-ACH-01
2006-12-27,8.84,0.0,KL-ACH-01
2006-12-28,8.46,0.0,KL-ACH-01
2006-12-29,8.1,0.0,KL-ACH-01
2006-12-30,7.79,0.0,KL-ACH-01
2006-12-31,7.53,0.0,KL-ACH-01
2007-01-01,7.32,0.0,KL-ACH-01
2007-01-02,7.09,0.2,KL-ACH-01
2007-01-03,6.94,0.0,KL-ACH-01
2007-01-04,6.8,0.0,KL-ACH-01
2007-01-05,6.69,0.0,KL-ACH-01
2007-01-06,6.59,0.0,KL-ACH-01
2007-01-07,6.52,0.0,KL-ACH-01
2007-01-08,6.45,0.0,KL-ACH-01
2007-01-09,6.4,0.0,KL-ACH-01
2007-01-10,6.35,0.0,KL-ACH-01
2007-01-11,4.43,0.0,KL-ACH-01
2007-01-12,4.18,0.0,KL-ACH-01
2007-01-13,4.15,0.0,KL-ACH-01
2007-01-14,4.13,0.0,KL-ACH-01
2007-01-15,4.11,0.0,KL-ACH-01
2007-01-16,4.08,0.0,KL-ACH-01
2007-01-17,4.08,0.0,KL-ACH-01
2007-01-18,4.06,0.0,KL-ACH-01
2007-01-19,4.06,0.0,KL-ACH-01
2007-01-20,4.05,0.0,KL-ACH-01
2007-01-21,4.05,0.0,KL-ACH-01
2007-01-22,4.04,0.0,KL-ACH-01
2007-01-23,4.04,0.0,KL-ACH-01
2007-01-24,4.01,0.0,KL-ACH-01
2007-01-25,4.01,0.0,KL-ACH-01
2007-01-26,4.0,0.0,KL-ACH-01
2007-01-27,4.05,4.6,KL-ACH-01
2007-01-28,4.05,1.9,KL-ACH-01
2007-01-29,4.04,0.0,KL-ACH-01
2007-01-30,4.0,0.0,KL-ACH-01
2007-01-31,4.81,0.0,KL-ACH-01
2007-02-01,5.14,0.0,KL-ACH-01
2007-02-02,5.19,0.0,KL-ACH-01
2007-02-03,5.21,0.0,KL-ACH-01
2007-02-04,5.15,0.0,KL-ACH-01
2007-02-05,5.1,0.0,KL-ACH-01
2007-02-06,5.08,0.0,KL-ACH-01
2007-02-07,5.07,1.6,KL-ACH-01
2007-02-08,5.07,0.0,KL-ACH-01
2007-02-09,5.07,0.1,KL-ACH-01
2007-02-10,5.14,0.3,KL-ACH-01
2007-02-11,5.08,0.3,KL-ACH-01
2007-02-12,5.07,0.1,KL-ACH-01
2007-02-13,5.03,0.2,KL-ACH-01
2007-02-14,4.94,0.0,KL-ACH-01
2007-02-15,4.9,0.0,KL-ACH-01
2007-02-16,4.86,0.0,KL-ACH-01
2007-02-17,4.87,0.6,KL-ACH-01
2007-02-18,4.87,0.3,KL-ACH-01
2007-02-19,5.0,2.0,KL-ACH-01
2007-02-20,4.94,1.5,KL-ACH-01
2007-02-21,4.81,0.0,KL-ACH-01
2007-02-22,4.79,0.0,KL-ACH-01
2007-02-23,4.77,0.0,KL-ACH-01
2007-02-24,4.78,0.0,KL-ACH-01
2007-02-25,4.81,0.7,KL-ACH-01
2007-02-26,4.7,1.7,KL-ACH-01
2007-02-27,4.7,2.8,KL-ACH-01
2007-02-28,4.73,0.3,KL-ACH-01
2007-03-01,4.7,0.5,KL-ACH-01
2007-03-02,4.71,0.5,KL-ACH-01
2007-03-03,4.68,0.2,KL-ACH-01
2007-03-04,4.69,0.7,KL-ACH-01
2007-03-05,4.69,0.2,KL-ACH-01
2007-03-06,4.73,1.2,KL-ACH-01
2007-03-07,4.66,2.3,KL-ACH-01
2007-03-08,4.73,0.3,KL-ACH-01
2007-03-09,4.61,2.2,KL-ACH-01
2007-03-10,4.55,0.6,KL-ACH-01
2007-03-11,4.56,1.6,KL-ACH-01
2007-03-12,4.62,3.3,KL-ACH-01
2007-03-13,4.56,0.6,KL-ACH-01
2007-03-14,4.61,1.4,KL-ACH-01
2007-03-15,4.62,0.7,KL-ACH-01
2007-03-16,4.53,0.4,KL-ACH-01
2007-03-17,5.07,9.7,KL-ACH-01
2007-03-18,4.9,0.2,KL-ACH-01
2007-03-19,5.22,10.2,KL-ACH-01
2007-03-20,5.07,5.2,KL-ACH-01
2007-03-21,4.9,0.4,KL-ACH-01
2007-03-22,4.81,0.3,KL-ACH-01
2007-03-23,4.71,0.3,KL-ACH-01
2007-03-24,4.69,1.1,KL-ACH-01
2007-03-25,4.69,2.4,KL-ACH-01
2007-03-26,4.71,1.9,KL-ACH-01
2007-03-27,4.62,1.7,KL-ACH-01
2007-03-28,4.6,1.2,KL-ACH-01
2007-03-29,4.6,1.5,KL-ACH-01
2007-03-30,4.56,0.3,KL-ACH-01
2007-03-31,5.0,7.4,KL-ACH-01
2007-04-01,4.9,2.9,KL-ACH-01
2007-04-02,4.78,0.6,KL-ACH-01
2007-04-03,4.75,1.4,KL-ACH-01
2007-04-04,4.71,2.1,KL-ACH-01
2007-04-05,4.62,0.4,KL-ACH-01
2007-04-06,4.97,3.9,KL-ACH-01
2007-04-07,5.19,7.7,KL-ACH-01
2007-04-08,5.22,5.1,KL-ACH-01
2007-04-09,6.06,20.9,KL-ACH-01
2007-04-10,7.24,42.6,KL-ACH-01
2007-04-11,6.73,9.0,KL-ACH-01
2007-04-12,6.46,8.2,KL-ACH-01
2007-04-13,6.41,10.5,KL-ACH-01
2007-04-14,6.62,16.1,KL-ACH-01
2007-04-15,7.15,22.9,KL-ACH-01
2007-04-16,7.18,1.9,KL-ACH-01
2007-04-17,6.87,1.5,KL-ACH-01
2007-04-18,6.5,0.0,KL-ACH-01
2007-04-19,6.19,0.2,KL-ACH-01
2007-04-20,6.06,3.8,KL-ACH-01
2007-04-21,6.41,16.4,KL-ACH-01
2007-04-22,6.87,8.0,KL-ACH-01
2007-04-23,7.0,4.8,KL-ACH-01
2007-04-24,7.22,5.6,KL-ACH-01
2007-04-25,7.32,7.6,KL-ACH-01
2007-04-26,7.71,7.8,KL-ACH-01
2007-04-27,8.18,3.2,KL-ACH-01
2007-04-28,8.44,5.5,KL-ACH-01
2007-04-29,8.4,3.3,KL-ACH-01
2007-04-30,8.84,2.9,KL-ACH-01
2007-05-01,9.02,0.1,KL-ACH-01
2007-05-02,8.93,6.4,KL-ACH-01
2007-05-03,8.98,13.9,KL-ACH-01
2007-05-04,9.59,13.9,KL-ACH-01
2007-05-05,10.38,9.1,KL-ACH-01
2007-05-06,10.67,9.3,KL-ACH-01
2007-05-07,11.02,10.0,KL-ACH-01
2007-05-08,11.59,6.7,KL-ACH-01
2007-05-09,12.12,19.1,KL-ACH-01
2007-05-10,13.32,11.6,KL-ACH-01
2007-05-11,13.59,0.0,KL-ACH-01
2007-05-12,12.9,0.5,KL-ACH-01
2007-05-13,12.21,2.7,KL-ACH-01
2007-05-14,11.88,2.4,KL-ACH-01
2007-05-15,11.65,2.1,KL-ACH-01
2007-05-16,11.22,0.0,KL-ACH-01
2007-05-17,10.61,0.0,KL-ACH-01
2007-05-18,9.99,0.0,KL-ACH-01
2007-05-19,9.45,0.0,KL-ACH-01
2007-05-20,8.93,0.0,KL-ACH-01
2007-05-21,8.46,0.3,KL-ACH-01
2007-05-22,8.12,1.3,KL-ACH-01
2007-05-23,8.1,10.7,KL-ACH-01
2007-05-24,8.31,2.0,KL-ACH-01
2007-05-25,8.44,8.8,KL-ACH-01
2007-05-26,8.59,3.9,KL-ACH-01
2007-05-27,8.93,18.7,KL-ACH-01
2007-05-28,10.12,13.4,KL-ACH-01
2007-05-29,11.13,5.7,KL-ACH-01
2007-05-30,11.05,9.6,KL-ACH-01
2007-05-31,10.72,0.4,KL-ACH-01
2007-06-01,10.09,1.2,KL-ACH-01
2007-06-02,9.62,2.4,KL-ACH-01
2007-06-03,9.28,0.4,KL-ACH-01
2007-06-04,8.84,0.0,KL-ACH-01
2007-06-05,8.51,4.3,KL-ACH-01
2007-06-06,8.73,14.5,KL-ACH-01
2007-06-07,9.3,11.7,KL-ACH-01
2007-06-08,9.72,9.5,KL-ACH-01
2007-06-09,10.17,7.4,KL-ACH-01
2007-06-10,10.78,10.8,KL-ACH-01
2007-06-11,11.79,23.2,KL-ACH-01
2007-06-12,13.39,18.9,KL-ACH-01
2007-06-13,14.63,7.4,KL-ACH-01
2007-06-14,14.42,7.4,KL-ACH-01
2007-06-15,15.03,31.1,KL-ACH-01
2007-06-16,17.37,14.4,KL-ACH-01
2007-06-17,18.54,18.8,KL-ACH-01
2007-06-18,20.93,23.5,KL-ACH-01
2007-06-19,23.27,8.1,KL-ACH-01
2007-06-20,24.0,19.7,KL-ACH-01
2007-06-21,37.28,44.2,KL-ACH-01
2007-06-22,85.9,64.3,KL-ACH-01
2007-06-23,95.38,32.4,KL-ACH-01
2007-06-24,86.9,4.7,KL-ACH-01
2007-06-25,75.74,0.0,KL-ACH-01
2007-06-26,67.08,2.5,KL-ACH-01
2007-06-27,60.66,1.0,KL-ACH-01
2007-06-28,55.62,6.4,KL-ACH-01
2007-06-29,52.95,17.3,KL-ACH-01
2007-06-30,56.41,20.2,KL-ACH-01
2007-07-01,60.38,20.6,KL-ACH-01
2007-07-02,68.34,33.1,KL-ACH-01
2007-07-03,74.51,34.1,KL-ACH-01
2007-07-04,74.68,5.0,KL-ACH-01
2007-07-05,69.96,6.1,KL-ACH-01
2007-07-06,65.99,7.1,KL-ACH-01
2007-07-07,63.12,3.1,KL-ACH-01
2007-07-08,59.95,7.3,KL-ACH-01
2007-07-09,57.48,5.3,KL-ACH-01
2007-07-10,54.98,4.1,KL-ACH-01
2007-07-11,52.58,13.6,KL-ACH-01
2007-07-12,50.88,6.3,KL-ACH-01
2007-07-13,48.89,4.6,KL-ACH-01
2007-07-14,46.97,3.0,KL-ACH-01
2007-07-15,44.92,9.0,KL-ACH-01
2007-07-16,44.29,19.2,KL-ACH-01
2007-07-17,45.67,14.6,KL-ACH-01
2007-07-18,44.92,10.3,KL-ACH-01
2007-07-19,43.98,30.7,KL-ACH-01
2007-07-20,55.89,49.0,KL-ACH-01
2007-07-21,62.39,11.4,KL-ACH-01
2007-07-22,59.39,11.7,KL-ACH-01
2007-07-23,56.15,17.2,KL-ACH-01
2007-07-24,58.43,46.0,KL-ACH-01
2007-07-25,60.66,9.2,KL-ACH-01
2007-07-26,58.29,12.4,KL-ACH-01
2007-07-27,56.41,6.6,KL-ACH-01
2007-07-28,53.58,2.7,KL-ACH-01
2007-07-29,50.4,2.2,KL-ACH-01
2007-07-30,47.31,5.2,KL-ACH-01
2007-07-31,44.71,11.6,KL-ACH-01
2007-08-01,45.77,28.5,KL-ACH-01
2007-08-02,55.1,34.2,KL-ACH-01
2007-08-03,60.09,4.1,KL-ACH-01
2007-08-04,57.21,8.7,KL-ACH-01
2007-08-05,55.75,16.4,KL-ACH-01
2007-08-06,56.28,5.7,KL-ACH-01
2007-08-07,54.08,3.7,KL-ACH-01
2007-08-08,51.6,6.6,KL-ACH-01
2007-08-09,50.29,18.3,KL-ACH-01
2007-08-10,53.08,26.9,KL-ACH-01
2007-08-11,57.48,5.3,KL-ACH-01
2007-08-12,54.98,3.5,KL-ACH-01
2007-08-13,51.36,1.9,KL-ACH-01
2007-08-14,47.98,0.1,KL-ACH-01
2007-08-15,44.81,0.0,KL-ACH-01
2007-08-16,41.85,2.5,KL-ACH-01
2007-08-17,39.93,2.6,KL-ACH-01
2007-08-18,37.82,5.0,KL-ACH-01
2007-08-19,36.15,2.6,KL-ACH-01
2007-08-20,34.24,2.4,KL-ACH-01
2007-08-21,33.04,28.5,KL-ACH-01
2007-08-22,34.08,1.1,KL-ACH-01
2007-08-23,32.34,1.5,KL-ACH-01
2007-08-24,30.55,5.8,KL-ACH-01
2007-08-25,29.76,9.3,KL-ACH-01
2007-08-26,29.62,24.9,KL-ACH-01
2007-08-27,31.28,7.7,KL-ACH-01
2007-08-28,30.99,9.6,KL-ACH-01
2007-08-29,30.7,12.7,KL-ACH-01
2007-08-30,30.26,15.7,KL-ACH-01
2007-08-31,31.28,12.8,KL-ACH-01
2007-09-01,31.73,11.0,KL-ACH-01
2007-09-02,32.19,24.0,KL-ACH-01
2007-09-03,33.43,0.7,KL-ACH-01
2007-09-04,31.89,5.7,KL-ACH-01
2007-09-05,31.06,19.2,KL-ACH-01
2007-09-06,32.19,1.6,KL-ACH-01
2007-09-07,30.92,2.7,KL-ACH-01
2007-09-08,30.05,18.1,KL-ACH-01
2007-09-09,44.08,46.2,KL-ACH-01
2007-09-10,50.17,2.2,KL-ACH-01
2007-09-11,47.31,2.6,KL-ACH-01
2007-09-12,44.19,9.7,KL-ACH-01
2007-09-13,43.16,11.2,KL-ACH-01
2007-09-14,42.95,13.1,KL-ACH-01
2007-09-15,42.25,25.3,KL-ACH-01
2007-09-16,43.98,22.8,KL-ACH-01
2007-09-17,44.81,9.6,KL-ACH-01
2007-09-18,45.24,18.6,KL-ACH-01
2007-09-19,48.43,19.3,KL-ACH-01
2007-09-20,51.12,8.4,KL-ACH-01
2007-09-21,50.76,9.0,KL-ACH-01
2007-09-22,51.24,17.3,KL-ACH-01
2007-09-23,55.1,19.8,KL-ACH-01
2007-09-24,57.88,13.3,KL-ACH-01
2007-09-25,58.43,16.6,KL-ACH-01
2007-09-26,58.02,2.3,KL-ACH-01
2007-09-27,55.1,4.8,KL-ACH-01
2007-09-28,52.21,5.9,KL-ACH-01
2007-09-29,50.4,2.1,KL-ACH-01
2007-09-30,47.64,5.8,KL-ACH-01
2007-10-01,45.88,5.0,KL-ACH-01
2007-10-02,44.29,1.7,KL-ACH-01
2007-10-03,42.05,1.3,KL-ACH-01
2007-10-04,39.83,1.6,KL-ACH-01
2007-10-05,37.73,1.6,KL-ACH-01
2007-10-06,35.56,1.2,KL-ACH-01
2007-10-07,33.59,3.4,KL-ACH-01
2007-10-08,32.65,1.7,KL-ACH-01
2007-10-09,30.99,0.0,KL-ACH-01
2007-10-10,29.76,23.3,KL-ACH-01
2007-10-11,32.11,23.0,KL-ACH-01
2007-10-12,35.9,14.8,KL-ACH-01
2007-10-13,37.73,17.2,KL-ACH-01
2007-10-14,40.02,18.3,KL-ACH-01
2007-10-15,42.25,12.0,KL-ACH-01
2007-10-16,44.08,10.8,KL-ACH-01
2007-10-17,48.66,23.3,KL-ACH-01
2007-10-18,53.33,5.3,KL-ACH-01
2007-10-19,52.83,23.2,KL-ACH-01
2007-10-20,56.54,23.4,KL-ACH-01
2007-10-21,59.26,0.4,KL-ACH-01
2007-10-22,56.15,4.6,KL-ACH-01
2007-10-23,56.94,19.2,KL-ACH-01
2007-10-24,64.77,27.4,KL-ACH-01
2007-10-25,69.47,9.6,KL-ACH-01
2007-10-26,68.82,18.6,KL-ACH-01
2007-10-27,69.31,8.7,KL-ACH-01
2007-10-28,66.92,7.0,KL-ACH-01
2007-10-29,63.86,11.5,KL-ACH-01
2007-10-30,61.09,5.9,KL-ACH-01
2007-10-31,58.02,0.7,KL-ACH-01
2007-11-01,54.34,0.0,KL-ACH-01
2007-11-02,51.24,15.8,KL-ACH-01
2007-11-03,51.48,19.3,KL-ACH-01
2007-11-04,52.33,8.3,KL-ACH-01
2007-11-05,51.36,11.2,KL-ACH-01
2007-11-06,50.29,6.4,KL-ACH-01
2007-11-07,49.93,11.5,KL-ACH-01
2007-11-08,50.4,7.0,KL-ACH-01
2007-11-09,49.47,3.0,KL-ACH-01
2007-11-10,47.53,8.5,KL-ACH-01
2007-11-11,47.31,5.3,KL-ACH-01
2007-11-12,45.34,9.4,KL-ACH-01
2007-11-13,42.95,2.3,KL-ACH-01
2007-11-14,40.78,0.1,KL-ACH-01
2007-11-15,38.26,1.1,KL-ACH-01
2007-11-16,36.07,0.2,KL-ACH-01
2007-11-17,33.75,0.0,KL-ACH-01
2007-11-18,31.66,0.0,KL-ACH-01
2007-11-19,29.62,0.4,KL-ACH-01
2007-11-20,27.97,7.6,KL-ACH-01
2007-11-21,26.61,1.0,KL-ACH-01
2007-11-22,25.18,7.5,KL-ACH-01
2007-11-23,23.89,4.6,KL-ACH-01
2007-11-24,22.77,4.9,KL-ACH-01
2007-11-25,21.8,0.0,KL-ACH-01
2007-11-26,20.48,0.1,KL-ACH-01
2007-11-27,19.23,0.3,KL-ACH-01
2007-11-28,18.05,0.0,KL-ACH-01
2007-11-29,17.03,5.2,KL-ACH-01
2007-11-30,16.22,1.6,KL-ACH-01
2007-12-01,15.33,0.4,KL-ACH-01
2007-12-02,14.38,0.0,KL-ACH-01
2007-12-03,13.52,0.3,KL-ACH-01
2007-12-04,12.74,0.0,KL-ACH-01
2007-12-05,12.0,0.0,KL-ACH-01
2007-12-06,11.3,0.0,KL-ACH-01
2007-12-07,10.69,0.0,KL-ACH-01
2007-12-08,10.14,0.0,KL-ACH-01
2007-12-09,9.62,0.6,KL-ACH-01
2007-12-10,9.19,1.6,KL-ACH-01
2007-12-11,8.82,1.7,KL-ACH-01
2007-12-12,8.51,0.2,KL-ACH-01
2007-12-13,8.23,1.0,KL-ACH-01
2007-12-14,8.2,10.6,KL-ACH-01
2007-12-15,9.38,5.1,KL-ACH-01
2007-12-16,9.5,0.0,KL-ACH-01
2007-12-17,8.95,0.0,KL-ACH-01
2007-12-18,35.22,47.6,KL-ACH-01
2007-12-19,36.15,26.4,KL-ACH-01
2007-12-20,31.43,1.6,KL-ACH-01
2007-12-21,27.05,13.5,KL-ACH-01
2007-12-22,24.35,1.6,KL-ACH-01
2007-12-23,21.86,0.5,KL-ACH-01
2007-12-24,19.84,0.0,KL-ACH-01
2007-12-25,18.14,0.0,KL-ACH-01
2007-12-26,16.74,0.0,KL-ACH-01
2007-12-27,15.48,1.0,KL-ACH-01
2007-12-28,14.49,0.0,KL-ACH-01
2007-12-29,13.52,0.3,KL-ACH-01
2007-12-30,12.65,0.0,KL-ACH-01
2007-12-31,11.88,0.0,KL-ACH-01
2008-01-01,11.13,0.0,KL-ACH-01
2008-01-02,10.43,0.0,KL-ACH-01
2008-01-03,9.79,0.0,KL-ACH-01
2008-01-04,9.21,1.4,KL-ACH-01
2008-01-05,8.73,0.2,KL-ACH-01
2008-01-06,8.31,0.0,KL-ACH-01
2008-01-07,7.91,0.0,KL-ACH-01
2008-01-08,7.59,0.0,KL-ACH-01
2008-01-09,7.3,0.0,KL-ACH-01
2008-01-10,7.05,0.0,KL-ACH-01
2008-01-11,5.5,0.0,KL-ACH-01
2008-01-12,4.69,0.0,KL-ACH-01
2008-01-13,4.42,0.0,KL-ACH-01
2008-01-14,4.35,0.0,KL-ACH-01
2008-01-15,4.28,0.0,KL-ACH-01
2008-01-16,4.22,0.0,KL-ACH-01
2008-01-17,4.19,0.0,KL-ACH-01
2008-01-18,4.15,0.0,KL-ACH-01
2008-01-19,4.13,0.0,KL-ACH-01
2008-01-20,4.13,0.0,KL-ACH-01
2008-01-21,4.09,0.0,KL-ACH-01
2008-01-22,4.09,0.0,KL-ACH-01
2008-01-23,4.06,0.0,KL-ACH-01
2008-01-24,4.06,0.1,KL-ACH-01
2008-01-25,4.06,0.1,KL-ACH-01
2008-01-26,4.04,0.0,KL-ACH-01
2008-01-27,4.04,0.2,KL-ACH-01
2008-01-28,4.04,0.0,KL-ACH-01
2008-01-29,4.0,0.6,KL-ACH-01
2008-01-30,4.0,0.4,KL-ACH-01
2008-01-31,5.0,0.0,KL-ACH-01
2008-02-01,5.41,1.0,KL-ACH-01
2008-02-02,5.41,0.0,KL-ACH-01
2008-02-03,5.41,0.5,KL-ACH-01
2008-02-04,5.44,5.4,KL-ACH-01
2008-02-05,5.56,2.1,KL-ACH-01
2008-02-06,5.5,0.2,KL-ACH-01
2008-02-07,5.47,1.6,KL-ACH-01
2008-02-08,6.19,20.3,KL-ACH-01
2008-02-09,7.93,21.8,KL-ACH-01
2008-02-10,8.89,5.1,KL-ACH-01
2008-02-11,8.89,2.5,KL-ACH-01
2008-02-12,9.35,29.1,KL-ACH-01
2008-02-13,9.45,6.6,KL-ACH-01
2008-02-14,9.07,5.2,KL-ACH-01
2008-02-15,8.51,0.7,KL-ACH-01
2008-02-16,7.99,1.1,KL-ACH-01
2008-02-17,7.63,0.2,KL-ACH-01
2008-02-18,7.22,0.0,KL-ACH-01
2008-02-19,6.87,1.0,KL-ACH-01
2008-02-20,6.59,0.7,KL-ACH-01
2008-02-21,6.35,0.0,KL-ACH-01
2008-02-22,6.13,0.4,KL-ACH-01
2008-02-23,5.97,0.0,KL-ACH-01
2008-02-24,5.81,0.2,KL-ACH-01
2008-02-25,5.78,0.4,KL-ACH-01
2008-02-26,5.65,0.1,KL-ACH-01
2008-02-27,5.59,0.0,KL-ACH-01
2008-02-28,5.53,0.0,KL-ACH-01
2008-02-29,5.37,1.9,KL-ACH-01
2008-03-01,5.56,6.4,KL-ACH-01
2008-03-02,5.78,8.1,KL-ACH-01
2008-03-03,5.65,1.0,KL-ACH-01
2008-03-04,5.53,0.0,KL-ACH-01
2008-03-05,5.41,0.0,KL-ACH-01
2008-03-06,5.31,0.0,KL-ACH-01
2008-03-07,5.25,0.0,KL-ACH-01
2008-03-08,5.19,0.0,KL-ACH-01
2008-03-09,5.1,0.1,KL-ACH-01
2008-03-10,5.19,1.7,KL-ACH-01
2008-03-11,5.19,1.3,KL-ACH-01
2008-03-12,5.56,11.7,KL-ACH-01
2008-03-13,6.1,16.4,KL-ACH-01
2008-03-14,7.04,15.5,KL-ACH-01
2008-03-15,7.81,15.3,KL-ACH-01
2008-03-16,9.4,21.3,KL-ACH-01
2008-03-17,10.83,24.9,KL-ACH-01
2008-03-18,12.68,18.6,KL-ACH-01
2008-03-19,14.67,22.6,KL-ACH-01
2008-03-20,15.94,16.8,KL-ACH-01
2008-03-21,16.95,6.6,KL-ACH-01
2008-03-22,17.32,15.3,KL-ACH-01
2008-03-23,18.23,6.8,KL-ACH-01
2008-03-24,18.19,0.8,KL-ACH-01
2008-03-25,17.11,0.0,KL-ACH-01
2008-03-26,15.9,0.0,KL-ACH-01
2008-03-27,14.81,0.5,KL-ACH-01
2008-03-28,14.45,10.7,KL-ACH-01
2008-03-29,14.74,3.6,KL-ACH-01
2008-03-30,15.03,16.0,KL-ACH-01
2008-03-31,15.83,2.7,KL-ACH-01
2008-04-01,15.6,2.2,KL-ACH-01
2008-04-02,15.94,24.3,KL-ACH-01
2008-04-03,18.28,8.8,KL-ACH-01
2008-04-04,19.04,6.3,KL-ACH-01
2008-04-05,18.54,5.3,KL-ACH-01
2008-04-06,17.71,4.4,KL-ACH-01
2008-04-07,16.78,1.7,KL-ACH-01
2008-04-08,16.58,9.0,KL-ACH-01
2008-04-09,16.5,12.3,KL-ACH-01
2008-04-10,16.3,2.7,KL-ACH-01
2008-04-11,15.83,7.2,KL-ACH-01
2008-04-12,15.98,14.3,KL-ACH-01
2008-04-13,17.37,10.3,KL-ACH-01
2008-04-14,19.37,6.0,KL-ACH-01
2008-04-15,19.75,7.1,KL-ACH-01
2008-04-16,19.56,2.3,KL-ACH-01
2008-04-17,19.04,2.5,KL-ACH-01
2008-04-18,18.54,3.1,KL-ACH-01
2008-04-19,18.14,0.3,KL-ACH-01
2008-04-20,17.62,0.6,KL-ACH-01
2008-04-21,17.03,2.0,KL-ACH-01
2008-04-22,16.62,1.9,KL-ACH-01
2008-04-23,16.54,1.6,KL-ACH-01
2008-04-24,17.92,8.1,KL-ACH-01
2008-04-25,22.23,6.0,KL-ACH-01
2008-04-26,43.77,37.6,KL-ACH-01
2008-04-27,50.52,10.3,KL-ACH-01
2008-04-28,47.64,10.2,KL-ACH-01
2008-04-29,44.39,4.9,KL-ACH-01
2008-04-30,41.07,4.9,KL-ACH-01
2008-05-01,38.54,5.7,KL-ACH-01
2008-05-02,36.76,0.9,KL-ACH-01
2008-05-03,34.32,0.0,KL-ACH-01
2008-05-04,31.89,0.8,KL-ACH-01
2008-05-05,30.12,4.9,KL-ACH-01
2008-05-06,29.2,0.0,KL-ACH-01
2008-05-07,27.51,4.9,KL-ACH-01
2008-05-08,27.12,10.6,KL-ACH-01
2008-05-09,27.44,8.9,KL-ACH-01
2008-05-10,27.91,10.2,KL-ACH-01
2008-05-11,27.97,9.7,KL-ACH-01
2008-05-12,27.91,2.0,KL-ACH-01
2008-05-13,27.64,8.6,KL-ACH-01
2008-05-14,27.64,3.9,KL-ACH-01
2008-05-15,27.84,4.6,KL-ACH-01
2008-05-16,27.38,3.9,KL-ACH-01
2008-05-17,26.93,7.5,KL-ACH-01
2008-05-18,26.54,3.7,KL-ACH-01
2008-05-19,25.98,4.6,KL-ACH-01
2008-05-20,25.61,9.0,KL-ACH-01
2008-05-21,25.73,6.3,KL-ACH-01
2008-05-22,25.55,6.0,KL-ACH-01
2008-05-23,25.42,12.0,KL-ACH-01
2008-05-24,25.55,5.0,KL-ACH-01
2008-05-25,24.88,10.5,KL-ACH-01
2008-05-26,25.12,13.3,KL-ACH-01
2008-05-27,25.73,6.2,KL-ACH-01
2008-05-28,25.73,9.0,KL-ACH-01
2008-05-29,26.04,3.3,KL-ACH-01
2008-05-30,25.85,17.5,KL-ACH-01
2008-05-31,27.64,12.6,KL-ACH-01
2008-06-01,28.24,14.9,KL-ACH-01
2008-06-02,28.92,12.4,KL-ACH-01
2008-06-03,29.97,15.2,KL-ACH-01
2008-06-04,31.51,14.6,KL-ACH-01
2008-06-05,31.73,0.7,KL-ACH-01
2008-06-06,29.97,4.3,KL-ACH-01
2008-06-07,28.58,8.2,KL-ACH-01
2008-06-08,28.38,20.3,KL-ACH-01
2008-06-09,30.19,25.4,KL-ACH-01
2008-06-10,32.19,3.2,KL-ACH-01
2008-06-11,31.06,3.9,KL-ACH-01
2008-06-12,29.55,2.2,KL-ACH-01
2008-06-13,28.44,6.2,KL-ACH-01
2008-06-14,28.04,7.4,KL-ACH-01
2008-06-15,27.71,1.8,KL-ACH-01
2008-06-16,26.54,4.1,KL-ACH-01
2008-06-17,25.92,3.9,KL-ACH-01
2008-06-18,26.04,19.5,KL-ACH-01
2008-06-19,26.23,5.9,KL-ACH-01
2008-06-20,25.24,5.0,KL-ACH-01
2008-06-21,25.0,15.6,KL-ACH-01
2008-06-22,25.98,14.0,KL-ACH-01
2008-06-23,26.42,4.7,KL-ACH-01
2008-06-24,25.85,3.0,KL-ACH-01
2008-06-25,25.42,10.6,KL-ACH-01
2008-06-26,26.86,5.1,KL-ACH-01
2008-06-27,26.93,4.5,KL-ACH-01
2008-06-28,27.18,21.9,KL-ACH-01
2008-06-29,28.99,12.3,KL-ACH-01
2008-06-30,29.97,14.4,KL-ACH-01
2008-07-01,32.5,33.7,KL-ACH-01
2008-07-02,37.64,0.1,KL-ACH-01
2008-07-03,35.9,1.9,KL-ACH-01
2008-07-04,33.59,0.3,KL-ACH-01
2008-07-05,31.58,3.0,KL-ACH-01
2008-07-06,29.97,7.9,KL-ACH-01
2008-07-07,28.79,3.4,KL-ACH-01
2008-07-08,27.64,2.8,KL-ACH-01
2008-07-09,26.61,1.3,KL-ACH-01
2008-07-10,25.67,3.8,KL-ACH-01
2008-07-11,25.06,5.0,KL-ACH-01
2008-07-12,24.12,2.6,KL-ACH-01
2008-07-13,22.88,2.4,KL-ACH-01
2008-07-14,21.91,7.5,KL-ACH-01
2008-07-15,25.3,37.8,KL-ACH-01
2008-07-16,30.77,11.4,KL-ACH-01
2008-07-17,30.92,6.9,KL-ACH-01
2008-07-18,30.48,20.0,KL-ACH-01
2008-07-19,31.81,19.2,KL-ACH-01
2008-07-20,32.96,15.9,KL-ACH-01
2008-07-21,34.24,18.0,KL-ACH-01
2008-07-22,34.56,10.8,KL-ACH-01
2008-07-23,40.3,36.9,KL-ACH-01
2008-07-24,46.97,23.9,KL-ACH-01
2008-07-25,47.53,11.9,KL-ACH-01
2008-07-26,46.1,9.5,KL-ACH-01
2008-07-27,50.17,27.8,KL-ACH-01
2008-07-28,57.61,21.0,KL-ACH-01
2008-07-29,60.94,16.7,KL-ACH-01
2008-07-30,61.37,16.6,KL-ACH-01
2008-07-31,61.09,13.5,KL-ACH-01
2008-08-01,58.84,4.5,KL-ACH-01
2008-08-02,55.75,0.0,KL-ACH-01
2008-08-03,52.09,2.1,KL-ACH-01
2008-08-04,48.77,0.0,KL-ACH-01
2008-08-05,45.56,0.0,KL-ACH-01
2008-08-06,42.55,0.3,KL-ACH-01
2008-08-07,39.93,1.9,KL-ACH-01
2008-08-08,37.64,5.7,KL-ACH-01
2008-08-09,36.33,4.4,KL-ACH-01
2008-08-10,34.89,7.1,KL-ACH-01
2008-08-11,35.06,18.3,KL-ACH-01
2008-08-12,42.55,46.7,KL-ACH-01
2008-08-13,48.32,13.9,KL-ACH-01
2008-08-14,49.35,28.2,KL-ACH-01
2008-08-15,50.17,14.0,KL-ACH-01
2008-08-16,48.55,0.0,KL-ACH-01
2008-08-17,45.24,0.0,KL-ACH-01
2008-08-18,42.25,1.3,KL-ACH-01
2008-08-19,39.93,5.8,KL-ACH-01
2008-08-20,38.26,3.0,KL-ACH-01
2008-08-21,37.02,8.2,KL-ACH-01
2008-08-22,35.56,0.4,KL-ACH-01
2008-08-23,33.59,1.5,KL-ACH-01
2008-08-24,31.89,0.8,KL-ACH-01
2008-08-25,30.12,3.8,KL-ACH-01
2008-08-26,29.13,3.2,KL-ACH-01
2008-08-27,28.79,8.9,KL-ACH-01
2008-08-28,28.72,1.9,KL-ACH-01
2008-08-29,28.04,9.5,KL-ACH-01
2008-08-30,30.99,20.9,KL-ACH-01
2008-08-31,34.24,23.3,KL-ACH-01
2008-09-01,38.17,9.1,KL-ACH-01
2008-09-02,37.64,2.5,KL-ACH-01
2008-09-03,36.15,6.7,KL-ACH-01
2008-09-04,34.97,5.5,KL-ACH-01
2008-09-05,34.56,6.0,KL-ACH-01
2008-09-06,34.48,14.0,KL-ACH-01
2008-09-07,35.48,18.7,KL-ACH-01
2008-09-08,37.64,15.8,KL-ACH-01
2008-09-09,37.99,7.1,KL-ACH-01
2008-09-10,37.11,8.9,KL-ACH-01
2008-09-11,37.82,13.7,KL-ACH-01
2008-09-12,39.18,4.4,KL-ACH-01
2008-09-13,38.26,2.4,KL-ACH-01
2008-09-14,36.33,3.0,KL-ACH-01
2008-09-15,34.56,0.7,KL-ACH-01
2008-09-16,32.57,2.4,KL-ACH-01
2008-09-17,30.7,0.8,KL-ACH-01
2008-09-18,28.85,0.3,KL-ACH-01
2008-09-19,27.12,0.6,KL-ACH-01
2008-09-20,25.73,11.2,KL-ACH-01
2008-09-21,25.85,1.4,KL-ACH-01
2008-09-22,24.82,1.3,KL-ACH-01
2008-09-23,23.66,1.8,KL-ACH-01
2008-09-24,22.5,2.1,KL-ACH-01
2008-09-25,21.65,7.0,KL-ACH-01
2008-09-26,21.44,0.4,KL-ACH-01
2008-09-27,20.33,0.0,KL-ACH-01
2008-09-28,19.09,0.0,KL-ACH-01
2008-09-29,17.92,0.0,KL-ACH-01
2008-09-30,16.82,0.0,KL-ACH-01
2008-10-01,15.83,0.0,KL-ACH-01
2008-10-02,14.89,0.0,KL-ACH-01
2008-10-03,14.03,0.0,KL-ACH-01
2008-10-04,13.22,0.0,KL-ACH-01
2008-10-05,12.52,0.0,KL-ACH-01
2008-10-06,11.88,0.5,KL-ACH-01
2008-10-07,11.56,3.1,KL-ACH-01
2008-10-08,11.88,2.8,KL-ACH-01
2008-10-09,12.27,9.8,KL-ACH-01
2008-10-10,13.06,11.4,KL-ACH-01
2008-10-11,13.55,21.2,KL-ACH-01
2008-10-12,13.59,9.0,KL-ACH-01
2008-10-13,14.74,11.8,KL-ACH-01
2008-10-14,18.5,43.8,KL-ACH-01
2008-10-15,20.48,20.9,KL-ACH-01
2008-10-16,21.13,10.5,KL-ACH-01
2008-10-17,21.28,10.3,KL-ACH-01
2008-10-18,22.6,25.3,KL-ACH-01
2008-10-19,24.53,13.9,KL-ACH-01
2008-10-20,28.11,27.3,KL-ACH-01
2008-10-21,36.93,46.8,KL-ACH-01
2008-10-22,42.45,8.3,KL-ACH-01
2008-10-23,42.05,16.5,KL-ACH-01
2008-10-24,44.29,13.6,KL-ACH-01
2008-10-25,48.2,8.0,KL-ACH-01
2008-10-26,47.53,5.6,KL-ACH-01
2008-10-27,45.56,0.0,KL-ACH-01
2008-10-28,42.65,0.0,KL-ACH-01
2008-10-29,39.83,2.8,KL-ACH-01
2008-10-30,37.9,4.2,KL-ACH-01
2008-10-31,36.76,2.8,KL-ACH-01
2008-11-01,35.56,1.2,KL-ACH-01
2008-11-02,34.65,4.2,KL-ACH-01
2008-11-03,32.96,0.5,KL-ACH-01
2008-11-04,30.99,0.0,KL-ACH-01
2008-11-05,29.2,2.1,KL-ACH-01
2008-11-06,28.17,1.5,KL-ACH-01
2008-11-07,26.73,1.8,KL-ACH-01
2008-11-08,26.23,31.2,KL-ACH-01
2008-11-09,26.1,9.4,KL-ACH-01
2008-11-10,27.31,4.8,KL-ACH-01
2008-11-11,26.48,2.0,KL-ACH-01
2008-11-12,25.12,5.1,KL-ACH-01
2008-11-13,24.76,1.3,KL-ACH-01
2008-11-14,23.6,0.8,KL-ACH-01
2008-11-15,22.55,0.0,KL-ACH-01
2008-11-16,21.23,0.5,KL-ACH-01
2008-11-17,20.18,2.1,KL-ACH-01
2008-11-18,19.37,3.8,KL-ACH-01
2008-11-19,18.82,8.4,KL-ACH-01
2008-11-20,18.68,5.3,KL-ACH-01
2008-11-21,18.28,14.4,KL-ACH-01
2008-11-22,18.77,18.8,KL-ACH-01
2008-11-23,22.07,28.2,KL-ACH-01
2008-11-24,28.44,26.4,KL-ACH-01
2008-11-25,33.36,4.5,KL-ACH-01
2008-11-26,32.57,2.0,KL-ACH-01
2008-11-27,30.92,5.1,KL-ACH-01
2008-11-28,29.9,2.0,KL-ACH-01
2008-11-29,29.55,28.6,KL-ACH-01
2008-11-30,32.96,14.4,KL-ACH-01
2008-12-01,34.08,8.8,KL-ACH-01
2008-12-02,32.73,3.1,KL-ACH-01
2008-12-03,31.06,2.5,KL-ACH-01
2008-12-04,29.34,0.0,KL-ACH-01
2008-12-05,27.44,0.1,KL-ACH-01
2008-12-06,25.79,1.0,KL-ACH-01
2008-12-07,24.41,0.4,KL-ACH-01
2008-12-08,23.6,14.1,KL-ACH-01
2008-12-09,24.35,11.5,KL-ACH-01
2008-12-10,24.88,9.4,KL-ACH-01
2008-12-11,24.76,4.7,KL-ACH-01
2008-12-12,23.66,0.4,KL-ACH-01
2008-12-13,22.23,1.2,KL-ACH-01
2008-12-14,21.13,6.5,KL-ACH-01
2008-12-15,20.48,10.5,KL-ACH-01
2008-12-16,19.75,6.0,KL-ACH-01
2008-12-17,18.82,0.0,KL-ACH-01
2008-12-18,18.01,12.6,KL-ACH-01
2008-12-19,18.82,0.2,KL-ACH-01
2008-12-20,18.14,4.9,KL-ACH-01
2008-12-21,17.24,0.0,KL-ACH-01
2008-12-22,16.22,0.8,KL-ACH-01
2008-12-23,15.29,0.0,KL-ACH-01
2008-12-24,14.38,0.3,KL-ACH-01
2008-12-25,13.59,0.8,KL-ACH-01
2008-12-26,12.9,0.0,KL-ACH-01
2008-12-27,12.21,0.0,KL-ACH-01
2008-12-28,11.59,0.0,KL-ACH-01
2008-12-29,10.99,0.0,KL-ACH-01
2008-12-30,10.46,0.0,KL-ACH-01
2008-12-31,9.96,0.0,KL-ACH-01
2009-01-01,9.52,0.0,KL-ACH-01
2009-01-02,9.12,0.0,KL-ACH-01
2009-01-03,8.73,0.0,KL-ACH-01
2009-01-04,8.38,0.0,KL-ACH-01
2009-01-05,8.08,0.0,KL-ACH-01
2009-01-06,7.81,0.0,KL-ACH-01
2009-01-07,7.59,0.0,KL-ACH-01
2009-01-08,7.38,0.0,KL-ACH-01
2009-01-09,7.2,0.0,KL-ACH-01
2009-01-10,7.05,0.0,KL-ACH-01
2009-01-11,5.61,0.0,KL-ACH-01
2009-01-12,4.89,0.0,KL-ACH-01
2009-01-13,4.56,0.0,KL-ACH-01
2009-01-14,4.5,0.0,KL-ACH-01
2009-01-15,4.43,0.0,KL-ACH-01
2009-01-16,4.41,0.0,KL-ACH-01
2009-01-17,4.37,0.0,KL-ACH-01
2009-01-18,4.35,0.1,KL-ACH-01
2009-01-19,4.35,0.0,KL-ACH-01
2009-01-20,4.31,0.0,KL-ACH-01
2009-01-21,4.28,0.0,KL-ACH-01
2009-01-22,4.28,0.0,KL-ACH-01
2009-01-23,4.25,0.0,KL-ACH-01
2009-01-24,4.22,0.0,KL-ACH-01
2009-01-25,4.22,0.0,KL-ACH-01
2009-01-26,4.28,5.4,KL-ACH-01
2009-01-27,6.16,59.3,KL-ACH-01
2009-01-28,6.69,1.5,KL-ACH-01
2009-01-29,6.38,0.0,KL-ACH-01
2009-01-30,5.9,0.0,KL-ACH-01
2009-01-31,6.46,0.0,KL-ACH-01
2009-02-01,6.46,0.0,KL-ACH-01
2009-02-02,6.35,0.0,KL-ACH-01
2009-02-03,6.21,0.0,KL-ACH-01
2009-02-04,6.13,0.0,KL-ACH-01
2009-02-05,6.03,0.0,KL-ACH-01
2009-02-06,6.0,0.0,KL-ACH-01
2009-02-07,5.93,0.0,KL-ACH-01
2009-02-08,5.87,0.5,KL-ACH-01
2009-02-09,5.84,0.0,KL-ACH-01
2009-02-10,5.81,0.0,KL-ACH-01
2009-02-11,5.75,0.1,KL-ACH-01
2009-02-12,5.71,0.2,KL-ACH-01
2009-02-13,5.65,0.4,KL-ACH-01
2009-02-14,5.62,0.2,KL-ACH-01
2009-02-15,5.62,0.0,KL-ACH-01
2009-02-16,5.59,0.0,KL-ACH-01
2009-02-17,5.59,0.0,KL-ACH-01
2009-02-18,5.59,0.0,KL-ACH-01
2009-02-19,5.53,0.0,KL-ACH-01
2009-02-20,5.47,0.0,KL-ACH-01
2009-02-21,5.44,0.0,KL-ACH-01
2009-02-22,5.44,0.3,KL-ACH-01
2009-02-23,5.47,1.4,KL-ACH-01
2009-02-24,5.44,1.4,KL-ACH-01
2009-02-25,5.37,1.0,KL-ACH-01
2009-02-26,5.41,0.0,KL-ACH-01
2009-02-27,5.41,3.5,KL-ACH-01
2009-02-28,5.31,0.3,KL-ACH-01
2009-03-01,5.22,0.0,KL-ACH-01
2009-03-02,5.19,0.0,KL-ACH-01
2009-03-03,5.19,0.1,KL-ACH-01
2009-03-04,5.22,0.4,KL-ACH-01
2009-03-05,5.19,0.0,KL-ACH-01
2009-03-06,5.15,0.0,KL-ACH-01
2009-03-07,5.12,0.0,KL-ACH-01
2009-03-08,5.15,0.1,KL-ACH-01
2009-03-09,6.03,27.2,KL-ACH-01
2009-03-10,5.81,0.6,KL-ACH-01
2009-03-11,5.68,4.8,KL-ACH-01
2009-03-12,6.62,29.5,KL-ACH-01
2009-03-13,7.0,13.9,KL-ACH-01
2009-03-14,7.53,24.7,KL-ACH-01
2009-03-15,7.43,6.6,KL-ACH-01
2009-03-16,7.22,2.3,KL-ACH-01
2009-03-17,6.82,0.6,KL-ACH-01
2009-03-18,6.43,0.6,KL-ACH-01
2009-03-19,6.19,2.4,KL-ACH-01
2009-03-20,6.0,0.9,KL-ACH-01
2009-03-21,5.84,0.0,KL-ACH-01
2009-03-22,5.71,1.4,KL-ACH-01
2009-03-23,5.62,1.5,KL-ACH-01
2009-03-24,6.03,11.7,KL-ACH-01
2009-03-25,5.9,0.6,KL-ACH-01
2009-03-26,5.75,1.0,KL-ACH-01
2009-03-27,5.87,6.2,KL-ACH-01
2009-03-28,6.57,8.8,KL-ACH-01
2009-03-29,6.74,1.8,KL-ACH-01
2009-03-30,6.5,0.5,KL-ACH-01
2009-03-31,6.19,0.0,KL-ACH-01
2009-04-01,6.0,3.8,KL-ACH-01
2009-04-02,5.9,0.6,KL-ACH-01
2009-04-03,5.75,0.7,KL-ACH-01
2009-04-04,5.62,0.3,KL-ACH-01
2009-04-05,5.56,0.3,KL-ACH-01
2009-04-06,5.47,0.8,KL-ACH-01
2009-04-07,5.62,2.0,KL-ACH-01
2009-04-08,5.68,2.3,KL-ACH-01
2009-04-09,6.1,2.9,KL-ACH-01
2009-04-10,6.66,19.5,KL-ACH-01
2009-04-11,7.41,15.0,KL-ACH-01
2009-04-12,7.28,0.0,KL-ACH-01
2009-04-13,6.94,0.9,KL-ACH-01
2009-04-14,6.69,0.4,KL-ACH-01
2009-04-15,6.5,2.8,KL-ACH-01
2009-04-16,6.46,1.5,KL-ACH-01
2009-04-17,6.38,1.5,KL-ACH-01
2009-04-18,6.31,0.0,KL-ACH-01
2009-04-19,6.24,2.3,KL-ACH-01
2009-04-20,6.31,5.1,KL-ACH-01
2009-04-21,6.43,6.9,KL-ACH-01
2009-04-22,6.91,16.2,KL-ACH-01
2009-04-23,7.09,3.6,KL-ACH-01
2009-04-24,7.18,3.2,KL-ACH-01
2009-04-25,7.38,6.0,KL-ACH-01
2009-04-26,7.47,0.5,KL-ACH-01
2009-04-27,7.49,0.7,KL-ACH-01
2009-04-28,7.59,4.6,KL-ACH-01
2009-04-29,8.12,3.0,KL-ACH-01
2009-04-30,8.38,2.0,KL-ACH-01
2009-05-01,8.23,2.0,KL-ACH-01
2009-05-02,7.97,1.4,KL-ACH-01
2009-05-03,7.81,0.0,KL-ACH-01
2009-05-04,7.57,0.0,KL-ACH-01
2009-05-05,7.28,0.5,KL-ACH-01
2009-05-06,7.09,1.7,KL-ACH-01
2009-05-07,7.0,1.7,KL-ACH-01
2009-05-08,7.05,3.8,KL-ACH-01
2009-05-09,7.15,6.8,KL-ACH-01
2009-05-10,7.47,14.4,KL-ACH-01
2009-05-11,7.59,6.8,KL-ACH-01
2009-05-12,7.49,2.6,KL-ACH-01
2009-05-13,7.38,1.2,KL-ACH-01
2009-05-14,7.22,0.5,KL-ACH-01
2009-05-15,7.18,6.9,KL-ACH-01
2009-05-16,7.49,9.5,KL-ACH-01
2009-05-17,7.59,6.0,KL-ACH-01
2009-05-18,7.49,4.7,KL-ACH-01
2009-05-19,8.35,30.4,KL-ACH-01
2009-05-20,9.67,15.8,KL-ACH-01
2009-05-21,10.35,14.3,KL-ACH-01
2009-05-22,11.39,22.2,KL-ACH-01
2009-05-23,12.34,8.3,KL-ACH-01
2009-05-24,13.19,19.3,KL-ACH-01
2009-05-25,15.03,15.7,KL-ACH-01
2009-05-26,16.3,12.1,KL-ACH-01
2009-05-27,16.74,7.1,KL-ACH-01
2009-05-28,16.66,3.2,KL-ACH-01
2009-05-29,16.14,4.9,KL-ACH-01
2009-05-30,16.06,13.6,KL-ACH-01
2009-05-31,16.42,9.7,KL-ACH-01
2009-06-01,16.3,3.0,KL-ACH-01
2009-06-02,15.83,4.6,KL-ACH-01
2009-06-03,15.48,2.8,KL-ACH-01
2009-06-04,15.18,7.5,KL-ACH-01
2009-06-05,15.98,20.1,KL-ACH-01
2009-06-06,21.08,32.2,KL-ACH-01
2009-06-07,27.77,23.2,KL-ACH-01
2009-06-08,31.66,11.5,KL-ACH-01
2009-06-09,32.34,2.4,KL-ACH-01
2009-06-10,30.7,2.5,KL-ACH-01
2009-06-11,29.27,11.3,KL-ACH-01
2009-06-12,30.12,11.4,KL-ACH-01
2009-06-13,30.41,17.1,KL-ACH-01
2009-06-14,30.55,10.8,KL-ACH-01
2009-06-15,30.05,9.8,KL-ACH-01
2009-06-16,30.48,9.7,KL-ACH-01
2009-06-17,31.66,11.9,KL-ACH-01
2009-06-18,33.59,30.8,KL-ACH-01
2009-06-19,37.73,12.7,KL-ACH-01
2009-06-20,39.55,4.3,KL-ACH-01
2009-06-21,38.36,7.3,KL-ACH-01
2009-06-22,37.64,15.8,KL-ACH-01
2009-06-23,37.82,11.6,KL-ACH-01
2009-06-24,37.99,11.9,KL-ACH-01
2009-06-25,38.45,12.3,KL-ACH-01
2009-06-26,38.08,9.2,KL-ACH-01
2009-06-27,37.64,13.8,KL-ACH-01
2009-06-28,37.28,4.3,KL-ACH-01
2009-06-29,37.11,27.9,KL-ACH-01
2009-06-30,40.21,25.0,KL-ACH-01
2009-07-01,46.42,34.8,KL-ACH-01
2009-07-02,53.08,28.3,KL-ACH-01
2009-07-03,56.41,24.4,KL-ACH-01
2009-07-04,58.57,14.1,KL-ACH-01
2009-07-05,58.7,19.8,KL-ACH-01
2009-07-06,59.67,12.1,KL-ACH-01
2009-07-07,58.29,6.7,KL-ACH-01
2009-07-08,56.41,23.6,KL-ACH-01
2009-07-09,58.02,8.0,KL-ACH-01
2009-07-10,56.81,2.1,KL-ACH-01
2009-07-11,53.83,3.5,KL-ACH-01
2009-07-12,51.0,4.7,KL-ACH-01
2009-07-13,48.55,8.2,KL-ACH-01
2009-07-14,47.98,12.5,KL-ACH-01
2009-07-15,54.72,27.8,KL-ACH-01
2009-07-16,63.27,23.7,KL-ACH-01
2009-07-17,89.57,52.0,KL-ACH-01
2009-07-18,94.28,6.3,KL-ACH-01
2009-07-19,85.3,4.1,KL-ACH-01
2009-07-20,77.34,3.7,KL-ACH-01
2009-07-21,71.44,2.8,KL-ACH-01
2009-07-22,66.92,5.5,KL-ACH-01
2009-07-23,62.97,5.3,KL-ACH-01
2009-07-24,58.98,0.0,KL-ACH-01
2009-07-25,54.85,0.5,KL-ACH-01
2009-07-26,51.12,0.8,KL-ACH-01
2009-07-27,47.75,3.7,KL-ACH-01
2009-07-28,45.34,3.0,KL-ACH-01
2009-07-29,42.85,7.0,KL-ACH-01
2009-07-30,40.88,1.6,KL-ACH-01
2009-07-31,39.36,31.6,KL-ACH-01
2009-08-01,40.98,17.7,KL-ACH-01
2009-08-02,41.17,3.6,KL-ACH-01
2009-08-03,39.64,3.2,KL-ACH-01
2009-08-04,37.46,3.3,KL-ACH-01
2009-08-05,35.64,4.1,KL-ACH-01
2009-08-06,34.08,6.4,KL-ACH-01
2009-08-07,32.81,2.3,KL-ACH-01
2009-08-08,31.14,1.0,KL-ACH-01
2009-08-09,29.41,1.8,KL-ACH-01
2009-08-10,27.71,2.4,KL-ACH-01
2009-08-11,26.48,6.5,KL-ACH-01
2009-08-12,25.3,0.3,KL-ACH-01
2009-08-13,23.83,0.7,KL-ACH-01
2009-08-14,22.71,7.5,KL-ACH-01
2009-08-15,22.28,3.2,KL-ACH-01
2009-08-16,21.49,9.0,KL-ACH-01
2009-08-17,22.28,8.2,KL-ACH-01
2009-08-18,22.55,8.1,KL-ACH-01
2009-08-19,25.18,33.0,KL-ACH-01
2009-08-20,29.41,10.0,KL-ACH-01
2009-08-21,31.58,21.9,KL-ACH-01
2009-08-22,33.75,14.5,KL-ACH-01
2009-08-23,34.97,9.0,KL-ACH-01
2009-08-24,35.22,9.8,KL-ACH-01
2009-08-25,34.89,5.6,KL-ACH-01
2009-08-26,33.99,7.2,KL-ACH-01
2009-08-27,33.36,12.9,KL-ACH-01
2009-08-28,33.2,5.0,KL-ACH-01
2009-08-29,32.88,2.8,KL-ACH-01
2009-08-30,31.36,2.8,KL-ACH-01
2009-08-31,30.26,6.8,KL-ACH-01
2009-09-01,30.19,28.3,KL-ACH-01
2009-09-02,33.2,26.5,KL-ACH-01
2009-09-03,35.81,6.0,KL-ACH-01
2009-09-04,35.56,15.9,KL-ACH-01
2009-09-05,37.64,15.9,KL-ACH-01
2009-09-06,41.07,22.0,KL-ACH-01
2009-09-07,45.03,12.6,KL-ACH-01
2009-09-08,47.08,6.4,KL-ACH-01
2009-09-09,45.45,1.4,KL-ACH-01
2009-09-10,42.85,0.8,KL-ACH-01
2009-09-11,40.3,0.0,KL-ACH-01
2009-09-12,37.64,0.0,KL-ACH-01
2009-09-13,35.98,16.1,KL-ACH-01
2009-09-14,37.37,3.7,KL-ACH-01
2009-09-15,35.81,0.2,KL-ACH-01
2009-09-16,33.83,3.6,KL-ACH-01
2009-09-17,33.04,20.8,KL-ACH-01
2009-09-18,35.06,23.1,KL-ACH-01
2009-09-19,36.76,7.0,KL-ACH-01
2009-09-20,36.41,7.3,KL-ACH-01
2009-09-21,36.24,12.2,KL-ACH-01
2009-09-22,37.55,7.8,KL-ACH-01
2009-09-23,37.73,6.4,KL-ACH-01
2009-09-24,37.28,1.5,KL-ACH-01
2009-09-25,35.39,1.7,KL-ACH-01
2009-09-26,33.59,9.9,KL-ACH-01
2009-09-27,33.04,15.9,KL-ACH-01
2009-09-28,34.56,6.5,KL-ACH-01
2009-09-29,34.56,9.8,KL-ACH-01
2009-09-30,36.07,7.0,KL-ACH-01
2009-10-01,54.46,44.3,KL-ACH-01
2009-10-02,69.47,32.1,KL-ACH-01
2009-10-03,70.45,11.4,KL-ACH-01
2009-10-04,67.55,5.1,KL-ACH-01
2009-10-05,63.12,2.6,KL-ACH-01
2009-10-06,58.7,2.0,KL-ACH-01
2009-10-07,54.46,2.3,KL-ACH-01
2009-10-08,50.76,0.2,KL-ACH-01
2009-10-09,47.19,0.1,KL-ACH-01
2009-10-10,43.98,0.0,KL-ACH-01
2009-10-11,41.07,0.0,KL-ACH-01
2009-10-12,38.54,3.7,KL-ACH-01
2009-10-13,39.64,11.0,KL-ACH-01
2009-10-14,40.69,8.7,KL-ACH-01
2009-10-15,41.76,5.6,KL-ACH-01
2009-10-16,42.85,8.7,KL-ACH-01
2009-10-17,42.65,3.3,KL-ACH-01
2009-10-18,40.5,5.7,KL-ACH-01
2009-10-19,38.54,10.4,KL-ACH-01
2009-10-20,37.19,7.0,KL-ACH-01
2009-10-21,36.76,17.4,KL-ACH-01
2009-10-22,36.76,28.5,KL-ACH-01
2009-10-23,35.73,0.6,KL-ACH-01
2009-10-24,33.51,0.0,KL-ACH-01
2009-10-25,31.58,5.0,KL-ACH-01
2009-10-26,32.57,11.7,KL-ACH-01
2009-10-27,32.73,1.1,KL-ACH-01
2009-10-28,31.14,4.7,KL-ACH-01
2009-10-29,29.76,7.5,KL-ACH-01
2009-10-30,28.99,9.5,KL-ACH-01
2009-10-31,28.58,15.2,KL-ACH-01
2009-11-01,28.04,4.5,KL-ACH-01
2009-11-02,26.86,2.2,KL-ACH-01
2009-11-03,25.49,4.6,KL-ACH-01
2009-11-04,25.36,29.4,KL-ACH-01
2009-11-05,27.91,20.4,KL-ACH-01
2009-11-06,42.25,42.0,KL-ACH-01
2009-11-07,100.86,109.3,KL-ACH-01
2009-11-08,124.89,36.0,KL-ACH-01
2009-11-09,123.17,28.5,KL-ACH-01
2009-11-10,110.43,3.4,KL-ACH-01
2009-11-11,96.5,2.5,KL-ACH-01
2009-11-12,86.3,1.9,KL-ACH-01
2009-11-13,78.98,16.7,KL-ACH-01
2009-11-14,80.66,45.0,KL-ACH-01
2009-11-15,89.57,21.4,KL-ACH-01
2009-11-16,91.04,5.3,KL-ACH-01
2009-11-17,85.1,1.7,KL-ACH-01
2009-11-18,78.43,4.4,KL-ACH-01
2009-11-19,73.82,11.5,KL-ACH-01
2009-11-20,71.11,9.3,KL-ACH-01
2009-11-21,69.31,13.4,KL-ACH-01
2009-11-22,67.71,13.8,KL-ACH-01
2009-11-23,65.07,1.9,KL-ACH-01
2009-11-24,61.09,4.2,KL-ACH-01
2009-11-25,57.75,10.7,KL-ACH-01
2009-11-26,55.49,1.3,KL-ACH-01
2009-11-27,52.09,0.0,KL-ACH-01
2009-11-28,48.77,0.0,KL-ACH-01
2009-11-29,45.56,0.2,KL-ACH-01
2009-11-30,42.75,5.5,KL-ACH-01
2009-12-01,40.88,18.5,KL-ACH-01
2009-12-02,41.17,6.4,KL-ACH-01
2009-12-03,39.55,9.0,KL-ACH-01
2009-12-04,37.82,5.1,KL-ACH-01
2009-12-05,35.9,2.6,KL-ACH-01
2009-12-06,33.83,1.5,KL-ACH-01
2009-12-07,31.81,0.2,KL-ACH-01
2009-12-08,29.83,0.1,KL-ACH-01
2009-12-09,27.97,1.7,KL-ACH-01
2009-12-10,26.29,0.0,KL-ACH-01
2009-12-11,24.7,0.0,KL-ACH-01
2009-12-12,23.15,0.0,KL-ACH-01
2009-12-13,21.8,2.8,KL-ACH-01
2009-12-14,20.78,6.5,KL-ACH-01
2009-12-15,20.18,9.8,KL-ACH-01
2009-12-16,123.17,71.4,KL-ACH-01
2009-12-17,96.72,2.6,KL-ACH-01
2009-12-18,69.63,0.7,KL-ACH-01
2009-12-19,54.98,0.0,KL-ACH-01
2009-12-20,46.21,0.0,KL-ACH-01
2009-12-21,40.3,2.3,KL-ACH-01
2009-12-22,36.07,2.2,KL-ACH-01
2009-12-23,33.12,3.4,KL-ACH-01
2009-12-24,31.06,0.8,KL-ACH-01
2009-12-25,28.72,0.6,KL-ACH-01
2009-12-26,26.54,1.3,KL-ACH-01
2009-12-27,25.36,23.6,KL-ACH-01
2009-12-28,25.61,9.4,KL-ACH-01
2009-12-29,24.41,0.5,KL-ACH-01
2009-12-30,22.71,1.0,KL-ACH-01
2009-12-31,21.23,0.1,KL-ACH-01
2010-01-01,19.89,0.8,KL-ACH-01
2010-01-02,18.63,0.9,KL-ACH-01
2010-01-03,17.49,0.0,KL-ACH-01
2010-01-04,16.42,0.8,KL-ACH-01
2010-01-05,15.48,0.1,KL-ACH-01
2010-01-06,14.56,0.0,KL-ACH-01
2010-01-07,13.69,0.0,KL-ACH-01
2010-01-08,12.87,0.0,KL-ACH-01
2010-01-09,12.34,9.8,KL-ACH-01
2010-01-10,12.3,18.2,KL-ACH-01
2010-01-11,11.33,0.4,KL-ACH-01
2010-01-12,10.61,2.5,KL-ACH-01
2010-01-13,10.38,11.8,KL-ACH-01
2010-01-14,10.19,0.2,KL-ACH-01
2010-01-15,9.62,0.2,KL-ACH-01
2010-01-16,9.02,0.0,KL-ACH-01
2010-01-17,8.46,0.0,KL-ACH-01
2010-01-18,7.97,0.0,KL-ACH-01
2010-01-19,7.49,0.0,KL-ACH-01
2010-01-20,7.05,0.0,KL-ACH-01
2010-01-21,6.73,0.0,KL-ACH-01
2010-01-22,6.43,0.0,KL-ACH-01
2010-01-23,6.18,0.0,KL-ACH-01
2010-01-24,5.95,0.0,KL-ACH-01
2010-01-25,5.71,0.0,KL-ACH-01
2010-01-26,5.52,0.0,KL-ACH-01
2010-01-27,5.35,0.0,KL-ACH-01
2010-01-28,5.24,0.1,KL-ACH-01
2010-01-29,5.11,0.0,KL-ACH-01
2010-01-30,4.98,0.0,KL-ACH-01
2010-01-31,5.89,0.0,KL-ACH-01
2010-02-01,6.14,0.0,KL-ACH-01
2010-02-02,6.08,0.2,KL-ACH-01
2010-02-03,6.05,0.1,KL-ACH-01
2010-02-04,6.0,0.0,KL-ACH-01
2010-02-05,5.97,0.0,KL-ACH-01
2010-02-06,5.93,0.0,KL-ACH-01
2010-02-07,5.9,0.0,KL-ACH-01
2010-02-08,5.84,0.0,KL-ACH-01
2010-02-09,5.78,0.0,KL-ACH-01
2010-02-10,5.87,0.1,KL-ACH-01
2010-02-11,5.97,0.0,KL-ACH-01
2010-02-12,5.81,0.0,KL-ACH-01
2010-02-13,5.68,0.5,KL-ACH-01
2010-02-14,5.62,0.0,KL-ACH-01
2010-02-15,5.59,0.0,KL-ACH-01
2010-02-16,5.56,0.0,KL-ACH-01
2010-02-17,5.56,1.7,KL-ACH-01
2010-02-18,5.59,0.0,KL-ACH-01
2010-02-19,5.62,0.7,KL-ACH-01
2010-02-20,5.5,0.0,KL-ACH-01
2010-02-21,5.44,0.0,KL-ACH-01
2010-02-22,5.34,0.7,KL-ACH-01
2010-02-23,5.37,0.3,KL-ACH-01
2010-02-24,5.41,2.0,KL-ACH-01
2010-02-25,5.71,11.7,KL-ACH-01
2010-02-26,5.71,2.8,KL-ACH-01
2010-02-27,5.62,2.0,KL-ACH-01
2010-02-28,5.5,0.0,KL-ACH-01
2010-03-01,5.41,0.0,KL-ACH-01
2010-03-02,5.34,0.1,KL-ACH-01
2010-03-03,5.28,0.0,KL-ACH-01
2010-03-04,5.31,0.1,KL-ACH-01
2010-03-05,5.41,1.1,KL-ACH-01
2010-03-06,5.41,0.6,KL-ACH-01
2010-03-07,5.28,0.0,KL-ACH-01
2010-03-08,5.25,0.7,KL-ACH-01
2010-03-09,5.25,0.0,KL-ACH-01
2010-03-10,5.25,0.0,KL-ACH-01
2010-03-11,5.22,0.0,KL-ACH-01
2010-03-12,5.15,0.0,KL-ACH-01
2010-03-13,5.15,0.0,KL-ACH-01
2010-03-14,5.1,0.5,KL-ACH-01
2010-03-15,5.1,0.4,KL-ACH-01
2010-03-16,5.19,4.0,KL-ACH-01
2010-03-17,5.15,0.5,KL-ACH-01
2010-03-18,5.12,0.5,KL-ACH-01
2010-03-19,5.07,0.0,KL-ACH-01
2010-03-20,5.0,0.0,KL-ACH-01
2010-03-21,4.97,0.0,KL-ACH-01
2010-03-22,5.0,1.7,KL-ACH-01
2010-03-23,5.0,0.0,KL-ACH-01
2010-03-24,5.0,0.8,KL-ACH-01
2010-03-25,4.94,1.5,KL-ACH-01
2010-03-26,5.65,11.9,KL-ACH-01
2010-03-27,5.9,5.1,KL-ACH-01
2010-03-28,5.9,4.2,KL-ACH-01
2010-03-29,6.13,4.8,KL-ACH-01
2010-03-30,6.57,13.9,KL-ACH-01
2010-03-31,6.74,5.1,KL-ACH-01
2010-04-01,6.46,0.5,KL-ACH-01
2010-04-02,6.16,0.0,KL-ACH-01
2010-04-03,6.13,2.7,KL-ACH-01
2010-04-04,6.53,10.4,KL-ACH-01
2010-04-05,7.13,15.4,KL-ACH-01
2010-04-06,7.81,2.4,KL-ACH-01
2010-04-07,7.97,3.2,KL-ACH-01
2010-04-08,7.65,3.9,KL-ACH-01
2010-04-09,7.81,1.7,KL-ACH-01
2010-04-10,7.69,0.4,KL-ACH-01
2010-04-11,7.53,0.7,KL-ACH-01
2010-04-12,7.41,2.3,KL-ACH-01
2010-04-13,7.32,1.7,KL-ACH-01
2010-04-14,7.32,6.4,KL-ACH-01
2010-04-15,7.43,1.7,KL-ACH-01
2010-04-16,7.79,14.0,KL-ACH-01
2010-04-17,8.23,7.6,KL-ACH-01
2010-04-18,8.57,9.4,KL-ACH-01
2010-04-19,8.62,4.2,KL-ACH-01
2010-04-20,8.62,6.7,KL-ACH-01
2010-04-21,8.89,5.3,KL-ACH-01
2010-04-22,8.82,1.2,KL-ACH-01
2010-04-23,9.21,14.7,KL-ACH-01
2010-04-24,10.12,3.6,KL-ACH-01
2010-04-25,10.22,6.1,KL-ACH-01
2010-04-26,11.19,21.8,KL-ACH-01
2010-04-27,12.18,7.0,KL-ACH-01
2010-04-28,13.03,9.2,KL-ACH-01
2010-04-29,14.21,4.0,KL-ACH-01
2010-04-30,14.63,20.4,KL-ACH-01
2010-05-01,16.86,5.6,KL-ACH-01
2010-05-02,17.54,9.4,KL-ACH-01
2010-05-03,17.79,3.7,KL-ACH-01
2010-05-04,17.79,1.9,KL-ACH-01
2010-05-05,17.2,1.9,KL-ACH-01
2010-05-06,16.66,0.7,KL-ACH-01
2010-05-07,15.98,5.4,KL-ACH-01
2010-05-08,15.75,6.8,KL-ACH-01
2010-05-09,15.83,11.4,KL-ACH-01
2010-05-10,16.3,6.4,KL-ACH-01
2010-05-11,16.7,9.1,KL-ACH-01
2010-05-12,17.16,9.0,KL-ACH-01
2010-05-13,17.41,2.6,KL-ACH-01
2010-05-14,17.32,10.6,KL-ACH-01
2010-05-15,17.58,2.7,KL-ACH-01
2010-05-16,17.71,8.6,KL-ACH-01
2010-05-17,17.79,11.6,KL-ACH-01
2010-05-18,17.84,4.7,KL-ACH-01
2010-05-19,17.66,9.9,KL-ACH-01
2010-05-20,18.36,18.2,KL-ACH-01
2010-05-21,19.65,7.7,KL-ACH-01
2010-05-22,19.7,8.7,KL-ACH-01
2010-05-23,19.42,15.8,KL-ACH-01
2010-05-24,21.28,19.1,KL-ACH-01
2010-05-25,23.89,9.0,KL-ACH-01
2010-05-26,24.7,4.5,KL-ACH-01
2010-05-27,24.53,9.0,KL-ACH-01
2010-05-28,25.42,13.5,KL-ACH-01
2010-05-29,26.86,6.5,KL-ACH-01
2010-05-30,26.99,9.0,KL-ACH-01
2010-05-31,26.54,1.0,KL-ACH-01
2010-06-01,25.24,2.0,KL-ACH-01
2010-06-02,24.23,8.3,KL-ACH-01
2010-06-03,24.35,4.8,KL-ACH-01
2010-06-04,24.06,11.5,KL-ACH-01
2010-06-05,25.24,26.5,KL-ACH-01
2010-06-06,27.12,5.6,KL-ACH-01
2010-06-07,26.54,10.7,KL-ACH-01
2010-06-08,26.67,12.9,KL-ACH-01
2010-06-09,27.31,13.0,KL-ACH-01
2010-06-10,33.75,43.2,KL-ACH-01
2010-06-11,56.68,44.0,KL-ACH-01
2010-06-12,75.56,23.0,KL-ACH-01
2010-06-13,92.33,37.0,KL-ACH-01
2010-06-14,90.83,23.3,KL-ACH-01
2010-06-15,84.7,1.7,KL-ACH-01
2010-06-16,76.62,3.8,KL-ACH-01
2010-06-17,70.78,19.0,KL-ACH-01
2010-06-18,67.87,5.5,KL-ACH-01
2010-06-19,65.22,5.7,KL-ACH-01
2010-06-20,61.81,1.9,KL-ACH-01
2010-06-21,58.43,2.2,KL-ACH-01
2010-06-22,55.23,8.7,KL-ACH-01
2010-06-23,63.71,48.8,KL-ACH-01
2010-06-24,69.96,29.7,KL-ACH-01
2010-06-25,71.28,11.0,KL-ACH-01
2010-06-26,69.15,6.4,KL-ACH-01
2010-06-27,65.53,9.1,KL-ACH-01
2010-06-28,65.07,35.1,KL-ACH-01
2010-06-29,66.92,12.8,KL-ACH-01
2010-06-30,65.68,18.7,KL-ACH-01
2010-07-01,68.18,24.6,KL-ACH-01
2010-07-02,71.28,8.8,KL-ACH-01
2010-07-03,70.29,21.3,KL-ACH-01
2010-07-04,70.78,19.9,KL-ACH-01
2010-07-05,73.64,32.6,KL-ACH-01
2010-07-06,75.38,1.3,KL-ACH-01
2010-07-07,70.78,4.4,KL-ACH-01
2010-07-08,66.45,1.2,KL-ACH-01
2010-07-09,63.12,7.3,KL-ACH-01
2010-07-10,60.66,6.8,KL-ACH-01
2010-07-11,61.23,1.8,KL-ACH-01
2010-07-12,59.39,8.5,KL-ACH-01
2010-07-13,57.48,4.9,KL-ACH-01
2010-07-14,56.02,6.0,KL-ACH-01
2010-07-15,53.58,8.1,KL-ACH-01
2010-07-16,52.7,27.0,KL-ACH-01
2010-07-17,54.98,19.2,KL-ACH-01
2010-07-18,57.48,18.6,KL-ACH-01
2010-07-19,60.24,30.9,KL-ACH-01
2010-07-20,63.27,3.9,KL-ACH-01
2010-07-21,60.38,2.5,KL-ACH-01
2010-07-22,57.21,1.8,KL-ACH-01
2010-07-23,53.7,2.7,KL-ACH-01
2010-07-24,50.64,0.3,KL-ACH-01
2010-07-25,47.53,5.0,KL-ACH-01
2010-07-26,45.03,2.0,KL-ACH-01
2010-07-27,42.55,8.0,KL-ACH-01
2010-07-28,41.17,11.8,KL-ACH-01
2010-07-29,40.69,18.2,KL-ACH-01
2010-07-30,42.65,10.5,KL-ACH-01
2010-07-31,41.76,2.5,KL-ACH-01
2010-08-01,39.36,0.2,KL-ACH-01
2010-08-02,36.93,0.8,KL-ACH-01
2010-08-03,34.81,6.4,KL-ACH-01
2010-08-04,33.83,2.5,KL-ACH-01
2010-08-05,32.27,1.4,KL-ACH-01
2010-08-06,30.55,2.5,KL-ACH-01
2010-08-07,29.27,1.7,KL-ACH-01
2010-08-08,28.17,14.2,KL-ACH-01
2010-08-09,27.97,9.9,KL-ACH-01
2010-08-10,27.12,1.1,KL-ACH-01
2010-08-11,25.61,1.5,KL-ACH-01
2010-08-12,24.53,17.0,KL-ACH-01
2010-08-13,25.36,11.7,KL-ACH-01
2010-08-14,25.42,5.3,KL-ACH-01
2010-08-15,42.15,64.5,KL-ACH-01
2010-08-16,52.21,36.4,KL-ACH-01
2010-08-17,53.08,18.6,KL-ACH-01
2010-08-18,50.52,3.1,KL-ACH-01
2010-08-19,47.08,1.9,KL-ACH-01
2010-08-20,43.46,5.6,KL-ACH-01
2010-08-21,41.46,10.7,KL-ACH-01
2010-08-22,40.3,5.9,KL-ACH-01
2010-08-23,38.9,13.6,KL-ACH-01
2010-08-24,37.99,13.1,KL-ACH-01
2010-08-25,37.73,14.8,KL-ACH-01
2010-08-26,39.09,19.7,KL-ACH-01
2010-08-27,41.46,8.1,KL-ACH-01
2010-08-28,41.36,15.0,KL-ACH-01
2010-08-29,42.65,20.0,KL-ACH-01
2010-08-30,48.09,31.1,KL-ACH-01
2010-08-31,53.33,1.9,KL-ACH-01
2010-09-01,50.29,0.0,KL-ACH-01
2010-09-02,46.53,0.6,KL-ACH-01
2010-09-03,43.46,2.0,KL-ACH-01
2010-09-04,40.88,2.6,KL-ACH-01
2010-09-05,38.45,1.3,KL-ACH-01
2010-09-06,36.33,1.8,KL-ACH-01
2010-09-07,34.32,6.2,KL-ACH-01
2010-09-08,32.81,2.4,KL-ACH-01
2010-09-09,31.36,7.1,KL-ACH-01
2010-09-10,30.48,17.6,KL-ACH-01
2010-09-11,30.48,3.5,KL-ACH-01
2010-09-12,28.99,5.0,KL-ACH-01
2010-09-13,28.44,16.1,KL-ACH-01
2010-09-14,30.05,12.8,KL-ACH-01
2010-09-15,30.19,11.0,KL-ACH-01
2010-09-16,30.05,10.5,KL-ACH-01
2010-09-17,29.76,3.4,KL-ACH-01
2010-09-18,29.2,15.9,KL-ACH-01
2010-09-19,29.55,1.8,KL-ACH-01
2010-09-20,28.24,0.4,KL-ACH-01
2010-09-21,26.67,4.3,KL-ACH-01
2010-09-22,28.65,2.5,KL-ACH-01
2010-09-23,31.14,16.1,KL-ACH-01
2010-09-24,32.34,17.1,KL-ACH-01
2010-09-25,34.56,2.8,KL-ACH-01
2010-09-26,34.4,14.7,KL-ACH-01
2010-09-27,38.08,7.3,KL-ACH-01
2010-09-28,38.72,5.2,KL-ACH-01
2010-09-29,39.46,5.3,KL-ACH-01
2010-09-30,39.46,11.2,KL-ACH-01
2010-10-01,43.46,21.2,KL-ACH-01
2010-10-02,47.75,11.7,KL-ACH-01
2010-10-03,49.35,26.5,KL-ACH-01
2010-10-04,52.09,4.7,KL-ACH-01
2010-10-05,50.64,19.9,KL-ACH-01
2010-10-06,54.72,26.9,KL-ACH-01
2010-10-07,58.7,7.8,KL-ACH-01
2010-10-08,57.75,6.9,KL-ACH-01
2010-10-09,55.89,8.4,KL-ACH-01
2010-10-10,55.75,3.2,KL-ACH-01
2010-10-11,52.95,0.2,KL-ACH-01
2010-10-12,49.7,3.5,KL-ACH-01
2010-10-13,46.97,2.8,KL-ACH-01
2010-10-14,44.39,5.0,KL-ACH-01
2010-10-15,42.45,2.7,KL-ACH-01
2010-10-16,40.59,4.6,KL-ACH-01
2010-10-17,38.72,3.1,KL-ACH-01
2010-10-18,36.93,2.3,KL-ACH-01
2010-10-19,35.14,1.7,KL-ACH-01
2010-10-20,33.36,2.5,KL-ACH-01
2010-10-21,32.04,5.4,KL-ACH-01
2010-10-22,31.14,2.1,KL-ACH-01
2010-10-23,29.83,2.8,KL-ACH-01
2010-10-24,28.44,1.3,KL-ACH-01
2010-10-25,26.99,0.0,KL-ACH-01
2010-10-26,25.42,3.8,KL-ACH-01
2010-10-27,25.06,9.0,KL-ACH-01
2010-10-28,25.85,26.7,KL-ACH-01
2010-10-29,28.31,10.8,KL-ACH-01
2010-10-30,31.21,8.0,KL-ACH-01
2010-10-31,32.27,2.0,KL-ACH-01
2010-11-01,30.92,4.9,KL-ACH-01
2010-11-02,29.62,1.9,KL-ACH-01
2010-11-03,28.38,1.2,KL-ACH-01
2010-11-04,27.71,2.2,KL-ACH-01
2010-11-05,27.97,11.7,KL-ACH-01
2010-11-06,28.51,6.6,KL-ACH-01
2010-11-07,27.58,4.7,KL-ACH-01
2010-11-08,27.12,3.9,KL-ACH-01
2010-11-09,26.29,8.4,KL-ACH-01
2010-11-10,26.61,8.0,KL-ACH-01
2010-11-11,28.79,26.3,KL-ACH-01
2010-11-12,32.57,4.4,KL-ACH-01
2010-11-13,32.04,3.3,KL-ACH-01
2010-11-14,31.21,6.1,KL-ACH-01
2010-11-15,30.05,2.7,KL-ACH-01
2010-11-16,29.62,25.4,KL-ACH-01
2010-11-17,32.73,12.0,KL-ACH-01
2010-11-18,35.06,5.5,KL-ACH-01
2010-11-19,35.81,22.5,KL-ACH-01
2010-11-20,36.67,23.0,KL-ACH-01
2010-11-21,46.64,42.6,KL-ACH-01
2010-11-22,54.08,14.7,KL-ACH-01
2010-11-23,56.54,11.5,KL-ACH-01
2010-11-24,57.48,18.5,KL-ACH-01
2010-11-25,100.16,72.2,KL-ACH-01
2010-11-26,111.72,22.7,KL-ACH-01
2010-11-27,104.44,5.8,KL-ACH-01
2010-11-28,97.86,12.7,KL-ACH-01
2010-11-29,91.9,3.1,KL-ACH-01
2010-11-30,84.9,2.0,KL-ACH-01
2010-12-01,83.72,28.4,KL-ACH-01
2010-12-02,91.04,33.7,KL-ACH-01
2010-12-03,92.97,15.9,KL-ACH-01
2010-12-04,91.26,7.5,KL-ACH-01
2010-12-05,87.51,0.0,KL-ACH-01
2010-12-06,81.41,0.1,KL-ACH-01
2010-12-07,75.74,4.0,KL-ACH-01
2010-12-08,78.25,47.4,KL-ACH-01
2010-12-09,80.85,1.3,KL-ACH-01
2010-12-10,75.91,1.8,KL-ACH-01
2010-12-11,70.94,4.2,KL-ACH-01
2010-12-12,67.08,0.1,KL-ACH-01
2010-12-13,62.68,0.0,KL-ACH-01
2010-12-14,58.43,0.0,KL-ACH-01
2010-12-15,54.59,0.7,KL-ACH-01
2010-12-16,51.24,6.4,KL-ACH-01
2010-12-17,48.43,0.7,KL-ACH-01
2010-12-18,45.56,2.9,KL-ACH-01
2010-12-19,42.85,0.1,KL-ACH-01
2010-12-20,40.11,0.8,KL-ACH-01
2010-12-21,37.82,10.7,KL-ACH-01
2010-12-22,35.81,0.9,KL-ACH-01
2010-12-23,33.59,0.3,KL-ACH-01
2010-12-24,31.58,0.6,KL-ACH-01
2010-12-25,29.76,0.5,KL-ACH-01
2010-12-26,28.04,0.7,KL-ACH-01
2010-12-27,26.35,0.0,KL-ACH-01
2010-12-28,24.82,0.7,KL-ACH-01
2010-12-29,23.6,6.1,KL-ACH-01
2010-12-30,22.71,12.9,KL-ACH-01
2010-12-31,22.12,15.7,KL-ACH-01
2011-01-01,21.49,1.0,KL-ACH-01
2011-01-02,20.43,3.3,KL-ACH-01
2011-01-03,20.18,3.2,KL-ACH-01
2011-01-04,19.56,7.7,KL-ACH-01
2011-01-05,18.82,2.7,KL-ACH-01
2011-01-06,17.97,6.5,KL-ACH-01
2011-01-07,17.45,8.5,KL-ACH-01
2011-01-08,17.16,0.3,KL-ACH-01
2011-01-09,16.62,1.4,KL-ACH-01
2011-01-10,16.06,0.9,KL-ACH-01
2011-01-11,15.03,2.1,KL-ACH-01
2011-01-12,14.28,0.3,KL-ACH-01
2011-01-13,13.42,0.0,KL-ACH-01
2011-01-14,12.58,0.1,KL-ACH-01
2011-01-15,11.82,0.0,KL-ACH-01
2011-01-16,11.11,0.7,KL-ACH-01
2011-01-17,10.43,0.4,KL-ACH-01
2011-01-18,9.84,0.0,KL-ACH-01
2011-01-19,9.26,0.0,KL-ACH-01
2011-01-20,8.73,0.0,KL-ACH-01
2011-01-21,8.29,0.0,KL-ACH-01
2011-01-22,7.87,0.0,KL-ACH-01
2011-01-23,7.49,0.0,KL-ACH-01
2011-01-24,7.15,0.0,KL-ACH-01
2011-01-25,6.78,0.0,KL-ACH-01
2011-01-26,6.5,0.0,KL-ACH-01
2011-01-27,6.23,0.3,KL-ACH-01
2011-01-28,5.98,0.0,KL-ACH-01
2011-01-29,5.78,0.0,KL-ACH-01
2011-01-30,5.59,0.0,KL-ACH-01
2011-01-31,6.38,0.4,KL-ACH-01
2011-02-01,6.52,0.1,KL-ACH-01
2011-02-02,6.41,0.0,KL-ACH-01
2011-02-03,6.35,0.0,KL-ACH-01
2011-02-04,6.33,0.0,KL-ACH-01
2011-02-05,6.19,0.0,KL-ACH-01
2011-02-06,6.13,0.0,KL-ACH-01
2011-02-07,6.06,0.6,KL-ACH-01
2011-02-08,6.03,0.0,KL-ACH-01
2011-02-09,5.97,2.2,KL-ACH-01
2011-02-10,6.06,3.1,KL-ACH-01
2011-02-11,6.03,0.6,KL-ACH-01
2011-02-12,5.93,0.0,KL-ACH-01
2011-02-13,5.9,0.0,KL-ACH-01
2011-02-14,5.84,0.0,KL-ACH-01
2011-02-15,5.84,0.0,KL-ACH-01
2011-02-16,5.81,0.0,KL-ACH-01
2011-02-17,5.75,0.0,KL-ACH-01
2011-02-18,5.78,0.0,KL-ACH-01
2011-02-19,5.68,0.0,KL-ACH-01
2011-02-20,5.65,0.4,KL-ACH-01
2011-02-21,5.78,6.5,KL-ACH-01
2011-02-22,6.53,27.2,KL-ACH-01
2011-02-23,7.32,20.9,KL-ACH-01
2011-02-24,7.63,14.7,KL-ACH-01
2011-02-25,7.85,9.4,KL-ACH-01
2011-02-26,8.25,8.8,KL-ACH-01
2011-02-27,8.73,6.8,KL-ACH-01
2011-02-28,8.59,0.0,KL-ACH-01
2011-03-01,8.12,0.0,KL-ACH-01
2011-03-02,7.71,0.0,KL-ACH-01
2011-03-03,7.34,0.0,KL-ACH-01
2011-03-04,7.04,0.0,KL-ACH-01
2011-03-05,6.85,2.0,KL-ACH-01
2011-03-06,6.66,1.1,KL-ACH-01
2011-03-07,6.46,0.5,KL-ACH-01
2011-03-08,6.31,0.0,KL-ACH-01
2011-03-09,6.19,0.0,KL-ACH-01
2011-03-10,6.03,0.0,KL-ACH-01
2011-03-11,5.87,0.1,KL-ACH-01
2011-03-12,5.78,0.1,KL-ACH-01
2011-03-13,6.87,27.2,KL-ACH-01
2011-03-14,7.04,9.6,KL-ACH-01
2011-03-15,6.73,0.1,KL-ACH-01
2011-03-16,6.43,0.3,KL-ACH-01
2011-03-17,6.24,0.2,KL-ACH-01
2011-03-18,6.1,0.0,KL-ACH-01
2011-03-19,5.97,0.0,KL-ACH-01
2011-03-20,5.84,0.1,KL-ACH-01
2011-03-21,5.78,0.3,KL-ACH-01
2011-03-22,5.68,0.2,KL-ACH-01
2011-03-23,5.62,1.5,KL-ACH-01
2011-03-24,5.71,1.8,KL-ACH-01
2011-03-25,6.06,9.1,KL-ACH-01
2011-03-26,6.24,4.4,KL-ACH-01
2011-03-27,7.32,23.9,KL-ACH-01
2011-03-28,8.59,10.3,KL-ACH-01
2011-03-29,9.79,8.9,KL-ACH-01
2011-03-30,10.8,1.1,KL-ACH-01
2011-03-31,10.61,0.5,KL-ACH-01
2011-04-01,10.35,1.1,KL-ACH-01
2011-04-02,10.72,5.7,KL-ACH-01
2011-04-03,11.25,6.3,KL-ACH-01
2011-04-04,11.42,2.7,KL-ACH-01
2011-04-05,11.3,0.1,KL-ACH-01
2011-04-06,11.16,1.1,KL-ACH-01
2011-04-07,10.75,0.1,KL-ACH-01
2011-04-08,10.25,0.5,KL-ACH-01
2011-04-09,10.4,4.0,KL-ACH-01
2011-04-10,10.43,10.4,KL-ACH-01
2011-04-11,10.59,11.7,KL-ACH-01
2011-04-12,10.94,4.2,KL-ACH-01
2011-04-13,11.02,7.1,KL-ACH-01
2011-04-14,11.05,4.7,KL-ACH-01
2011-04-15,11.05,3.5,KL-ACH-01
2011-04-16,11.39,1.9,KL-ACH-01
2011-04-17,11.33,9.3,KL-ACH-01
2011-04-18,12.09,15.7,KL-ACH-01
2011-04-19,13.69,19.4,KL-ACH-01
2011-04-20,14.78,6.9,KL-ACH-01
2011-04-21,15.83,18.6,KL-ACH-01
2011-04-22,17.97,27.9,KL-ACH-01
2011-04-23,21.39,41.5,KL-ACH-01
2011-04-24,25.3,7.7,KL-ACH-01
2011-04-25,25.61,6.2,KL-ACH-01
2011-04-26,25.55,8.0,KL-ACH-01
2011-04-27,25.0,6.9,KL-ACH-01
2011-04-28,24.76,8.2,KL-ACH-01
2011-04-29,24.64,0.0,KL-ACH-01
2011-04-30,23.49,6.9,KL-ACH-01
2011-05-01,23.1,7.4,KL-ACH-01
2011-05-02,22.99,6.3,KL-ACH-01
2011-05-03,22.71,12.2,KL-ACH-01
2011-05-04,22.93,16.6,KL-ACH-01
2011-05-05,23.27,0.8,KL-ACH-01
2011-05-06,22.23,5.8,KL-ACH-01
2011-05-07,22.23,3.0,KL-ACH-01
2011-05-08,21.44,0.0,KL-ACH-01
2011-05-09,20.13,0.2,KL-ACH-01
2011-05-10,19.0,2.4,KL-ACH-01
2011-05-11,18.1,0.2,KL-ACH-01
2011-05-12,17.11,0.0,KL-ACH-01
2011-05-13,16.3,1.9,KL-ACH-01
2011-05-14,15.75,6.2,KL-ACH-01
2011-05-15,15.48,3.8,KL-ACH-01
2011-05-16,15.6,6.1,KL-ACH-01
2011-05-17,15.48,5.2,KL-ACH-01
2011-05-18,15.71,9.2,KL-ACH-01
2011-05-19,16.42,1.4,KL-ACH-01
2011-05-20,16.1,4.7,KL-ACH-01
2011-05-21,15.83,9.9,KL-ACH-01
2011-05-22,16.3,5.9,KL-ACH-01
2011-05-23,16.1,3.9,KL-ACH-01
2011-05-24,15.6,0.8,KL-ACH-01
2011-05-25,15.22,8.6,KL-ACH-01
2011-05-26,15.6,7.0,KL-ACH-01
2011-05-27,16.22,14.5,KL-ACH-01
2011-05-28,17.49,15.8,KL-ACH-01
2011-05-29,19.51,22.5,KL-ACH-01
2011-05-30,21.39,10.8,KL-ACH-01
2011-05-31,23.27,23.9,KL-ACH-01
2011-06-01,79.72,80.3,KL-ACH-01
2011-06-02,82.56,30.7,KL-ACH-01
2011-06-03,73.47,14.3,KL-ACH-01
2011-06-04,67.23,7.7,KL-ACH-01
2011-06-05,61.52,5.6,KL-ACH-01
2011-06-06,57.61,15.5,KL-ACH-01
2011-06-07,55.1,7.1,KL-ACH-01
2011-06-08,52.21,3.0,KL-ACH-01
2011-06-09,49.35,5.1,KL-ACH-01
2011-06-10,47.64,7.1,KL-ACH-01
2011-06-11,46.32,5.2,KL-ACH-01
2011-06-12,44.39,5.0,KL-ACH-01
2011-06-13,42.95,10.5,KL-ACH-01
2011-06-14,42.45,27.5,KL-ACH-01
2011-06-15,44.71,4.1,KL-ACH-01
2011-06-16,43.67,9.6,KL-ACH-01
2011-06-17,43.36,18.2,KL-ACH-01
2011-06-18,45.77,2.3,KL-ACH-01
2011-06-19,44.19,2.3,KL-ACH-01
2011-06-20,41.76,1.3,KL-ACH-01
2011-06-21,39.74,0.8,KL-ACH-01
2011-06-22,37.46,3.8,KL-ACH-01
2011-06-23,35.64,2.0,KL-ACH-01
2011-06-24,33.91,3.6,KL-ACH-01
2011-06-25,32.57,6.3,KL-ACH-01
2011-06-26,31.73,4.9,KL-ACH-01
2011-06-27,30.7,6.7,KL-ACH-01
2011-06-28,29.83,2.3,KL-ACH-01
2011-06-29,28.31,0.6,KL-ACH-01
2011-06-30,26.73,6.0,KL-ACH-01
2011-07-01,25.49,5.7,KL-ACH-01
2011-07-02,24.64,0.0,KL-ACH-01
2011-07-03,23.27,0.5,KL-ACH-01
2011-07-04,22.07,7.8,KL-ACH-01
2011-07-05,27.84,56.3,KL-ACH-01
2011-07-06,32.73,11.7,KL-ACH-01
2011-07-07,32.5,7.5,KL-ACH-01
2011-07-08,31.21,5.5,KL-ACH-01
2011-07-09,29.83,2.4,KL-ACH-01
2011-07-10,28.04,2.4,KL-ACH-01
2011-07-11,26.67,8.5,KL-ACH-01
2011-07-12,26.67,25.1,KL-ACH-01
2011-07-13,27.97,4.6,KL-ACH-01
2011-07-14,27.71,15.9,KL-ACH-01
2011-07-15,29.27,21.7,KL-ACH-01
2011-07-16,38.36,33.5,KL-ACH-01
2011-07-17,45.67,26.7,KL-ACH-01
2011-07-18,47.42,17.5,KL-ACH-01
2011-07-19,48.32,5.9,KL-ACH-01
2011-07-20,46.1,4.9,KL-ACH-01
2011-07-21,43.87,4.2,KL-ACH-01
2011-07-22,41.66,4.8,KL-ACH-01
2011-07-23,39.74,4.3,KL-ACH-01
2011-07-24,37.99,5.9,KL-ACH-01
2011-07-25,37.02,18.9,KL-ACH-01
2011-07-26,37.64,15.2,KL-ACH-01
2011-07-27,38.17,13.0,KL-ACH-01
2011-07-28,39.27,9.6,KL-ACH-01
2011-07-29,39.93,14.8,KL-ACH-01
2011-07-30,39.93,3.2,KL-ACH-01
2011-07-31,38.36,3.8,KL-ACH-01
2011-08-01,36.5,0.8,KL-ACH-01
2011-08-02,34.65,6.3,KL-ACH-01
2011-08-03,33.99,11.8,KL-ACH-01
2011-08-04,34.48,11.7,KL-ACH-01
2011-08-05,35.31,24.8,KL-ACH-01
2011-08-06,37.46,17.2,KL-ACH-01
2011-08-07,39.09,15.3,KL-ACH-01
2011-08-08,39.18,11.0,KL-ACH-01
2011-08-09,38.36,9.9,KL-ACH-01
2011-08-10,37.19,2.2,KL-ACH-01
2011-08-11,35.73,12.2,KL-ACH-01
2011-08-12,34.89,6.6,KL-ACH-01
2011-08-13,33.2,3.5,KL-ACH-01
2011-08-14,31.73,0.7,KL-ACH-01
2011-08-15,30.12,6.7,KL-ACH-01
2011-08-16,29.69,10.7,KL-ACH-01
2011-08-17,29.76,6.5,KL-ACH-01
2011-08-18,29.27,8.2,KL-ACH-01
2011-08-19,28.65,6.0,KL-ACH-01
2011-08-20,34.4,52.6,KL-ACH-01
2011-08-21,39.83,9.1,KL-ACH-01
2011-08-22,39.18,20.2,KL-ACH-01
2011-08-23,39.55,19.2,KL-ACH-01
2011-08-24,39.64,12.5,KL-ACH-01
2011-08-25,39.18,5.1,KL-ACH-01
2011-08-26,37.82,6.5,KL-ACH-01
2011-08-27,36.58,5.3,KL-ACH-01
2011-08-28,35.48,5.5,KL-ACH-01
2011-08-29,34.56,6.6,KL-ACH-01
2011-08-30,33.91,12.3,KL-ACH-01
2011-08-31,46.97,52.4,KL-ACH-01
2011-09-01,53.83,21.1,KL-ACH-01
2011-09-02,62.39,42.5,KL-ACH-01
2011-09-03,65.07,5.0,KL-ACH-01
2011-09-04,60.24,5.3,KL-ACH-01
2011-09-05,56.15,3.5,KL-ACH-01
2011-09-06,52.46,8.7,KL-ACH-01
2011-09-07,49.47,3.0,KL-ACH-01
2011-09-08,46.97,9.7,KL-ACH-01
2011-09-09,45.67,12.1,KL-ACH-01
2011-09-10,45.24,22.8,KL-ACH-01
2011-09-11,48.32,22.5,KL-ACH-01
2011-09-12,50.29,20.7,KL-ACH-01
2011-09-13,52.21,32.4,KL-ACH-01
2011-09-14,55.49,27.8,KL-ACH-01
2011-09-15,57.21,10.9,KL-ACH-01
2011-09-16,57.08,5.3,KL-ACH-01
2011-09-17,54.46,2.4,KL-ACH-01
2011-09-18,51.24,0.4,KL-ACH-01
2011-09-19,48.32,2.9,KL-ACH-01
2011-09-20,45.99,13.9,KL-ACH-01
2011-09-21,45.45,6.6,KL-ACH-01
2011-09-22,43.98,4.0,KL-ACH-01
2011-09-23,41.66,0.1,KL-ACH-01
2011-09-24,39.09,1.0,KL-ACH-01
2011-09-25,36.76,0.8,KL-ACH-01
2011-09-26,34.73,0.0,KL-ACH-01
2011-09-27,32.57,0.0,KL-ACH-01
2011-09-28,30.62,0.0,KL-ACH-01
2011-09-29,28.79,0.0,KL-ACH-01
2011-09-30,27.05,0.3,KL-ACH-01
2011-10-01,25.61,0.1,KL-ACH-01
2011-10-02,24.18,0.0,KL-ACH-01
2011-10-03,22.77,0.0,KL-ACH-01
2011-10-04,21.49,0.9,KL-ACH-01
2011-10-05,20.38,0.0,KL-ACH-01
2011-10-06,19.28,0.2,KL-ACH-01
2011-10-07,18.28,1.2,KL-ACH-01
2011-10-08,17.37,0.0,KL-ACH-01
2011-10-09,16.42,0.0,KL-ACH-01
2011-10-10,15.52,0.1,KL-ACH-01
2011-10-11,14.74,0.0,KL-ACH-01
2011-10-12,14.14,5.0,KL-ACH-01
2011-10-13,14.38,3.6,KL-ACH-01
2011-10-14,14.14,0.8,KL-ACH-01
2011-10-15,14.21,3.7,KL-ACH-01
2011-10-16,14.42,8.9,KL-ACH-01
2011-10-17,14.92,2.0,KL-ACH-01
2011-10-18,14.7,0.6,KL-ACH-01
2011-10-19,14.1,0.9,KL-ACH-01
2011-10-20,13.66,0.3,KL-ACH-01
2011-10-21,14.1,26.9,KL-ACH-01
2011-10-22,15.83,11.7,KL-ACH-01
2011-10-23,16.22,7.7,KL-ACH-01
2011-10-24,18.95,30.0,KL-ACH-01
2011-10-25,22.28,16.0,KL-ACH-01
2011-10-26,24.41,3.3,KL-ACH-01
2011-10-27,24.59,5.6,KL-ACH-01
2011-10-28,24.23,7.6,KL-ACH-01
2011-10-29,24.82,28.8,KL-ACH-01
2011-10-30,30.62,35.5,KL-ACH-01
2011-10-31,37.28,27.1,KL-ACH-01
2011-11-01,42.15,27.7,KL-ACH-01
2011-11-02,46.75,11.0,KL-ACH-01
2011-11-03,45.88,6.6,KL-ACH-01
2011-11-04,44.39,1.2,KL-ACH-01
2011-11-05,42.65,11.4,KL-ACH-01
2011-11-06,43.67,11.7,KL-ACH-01
2011-11-07,44.81,11.2,KL-ACH-01
2011-11-08,44.39,0.6,KL-ACH-01
2011-11-09,41.85,0.0,KL-ACH-01
2011-11-10,39.18,0.0,KL-ACH-01
2011-11-11,36.67,0.0,KL-ACH-01
2011-11-12,34.4,0.0,KL-ACH-01
2011-11-13,32.34,0.3,KL-ACH-01
2011-11-14,30.48,2.7,KL-ACH-01
2011-11-15,28.79,1.0,KL-ACH-01
2011-11-16,27.12,0.3,KL-ACH-01
2011-11-17,25.61,3.8,KL-ACH-01
2011-11-18,24.23,3.9,KL-ACH-01
2011-11-19,22.99,0.4,KL-ACH-01
2011-11-20,21.65,0.0,KL-ACH-01
2011-11-21,20.48,3.2,KL-ACH-01
2011-11-22,19.7,0.3,KL-ACH-01
2011-11-23,18.59,1.1,KL-ACH-01
2011-11-24,17.62,2.7,KL-ACH-01
2011-11-25,17.16,9.5,KL-ACH-01
2011-11-26,17.97,18.6,KL-ACH-01
2011-11-27,21.91,38.5,KL-ACH-01
2011-11-28,27.05,9.8,KL-ACH-01
2011-11-29,27.51,1.2,KL-ACH-01
2011-11-30,26.61,9.7,KL-ACH-01
2011-12-01,26.67,2.6,KL-ACH-01
2011-12-02,25.49,2.9,KL-ACH-01
2011-12-03,24.35,1.7,KL-ACH-01
2011-12-04,23.95,5.4,KL-ACH-01
2011-12-05,24.82,1.5,KL-ACH-01
2011-12-06,23.95,0.3,KL-ACH-01
2011-12-07,22.6,0.0,KL-ACH-01
2011-12-08,21.23,0.0,KL-ACH-01
2011-12-09,19.99,0.3,KL-ACH-01
2011-12-10,18.86,2.8,KL-ACH-01
2011-12-11,17.92,3.8,KL-ACH-01
2011-12-12,17.28,4.0,KL-ACH-01
2011-12-13,16.46,0.7,KL-ACH-01
2011-12-14,15.56,1.1,KL-ACH-01
2011-12-15,14.74,1.5,KL-ACH-01
2011-12-16,14.0,0.5,KL-ACH-01
2011-12-17,13.26,0.0,KL-ACH-01
2011-12-18,12.52,0.1,KL-ACH-01
2011-12-19,12.03,7.7,KL-ACH-01
2011-12-20,11.79,0.8,KL-ACH-01
2011-12-21,11.45,0.4,KL-ACH-01
2011-12-22,10.91,0.0,KL-ACH-01
2011-12-23,10.4,0.0,KL-ACH-01
2011-12-24,9.91,0.0,KL-ACH-01
2011-12-25,9.64,0.0,KL-ACH-01
2011-12-26,9.28,0.0,KL-ACH-01
2011-12-27,8.93,0.0,KL-ACH-01
2011-12-28,8.59,0.1,KL-ACH-01
2011-12-29,8.29,0.0,KL-ACH-01
2011-12-30,8.25,6.9,KL-ACH-01
2011-12-31,11.42,49.0,KL-ACH-01
2012-01-01,15.9,0.0,KL-ACH-01
2012-01-02,15.83,0.0,KL-ACH-01
2012-01-03,14.78,0.0,KL-ACH-01
2012-01-04,13.86,0.0,KL-ACH-01
2012-01-05,13.13,2.3,KL-ACH-01
2012-01-06,12.49,0.0,KL-ACH-01
2012-01-07,11.79,0.0,KL-ACH-01
2012-01-08,11.16,1.9,KL-ACH-01
2012-01-09,10.64,2.8,KL-ACH-01
2012-01-10,10.25,2.6,KL-ACH-01
2012-01-11,8.73,1.5,KL-ACH-01
2012-01-12,8.04,0.9,KL-ACH-01
2012-01-13,7.63,2.3,KL-ACH-01
2012-01-14,7.24,0.8,KL-ACH-01
2012-01-15,6.85,0.0,KL-ACH-01
2012-01-16,6.46,0.0,KL-ACH-01
2012-01-17,6.1,0.0,KL-ACH-01
2012-01-18,5.75,0.0,KL-ACH-01
2012-01-19,5.47,0.1,KL-ACH-01
2012-01-20,5.25,0.0,KL-ACH-01
2012-01-21,5.31,0.2,KL-ACH-01
2012-01-22,5.28,0.1,KL-ACH-01
2012-01-23,5.19,0.0,KL-ACH-01
2012-01-24,5.07,0.0,KL-ACH-01
2012-01-25,4.94,0.0,KL-ACH-01
2012-01-26,4.81,0.0,KL-ACH-01
2012-01-27,4.75,0.0,KL-ACH-01
2012-01-28,4.69,0.0,KL-ACH-01
2012-01-29,4.62,0.8,KL-ACH-01
2012-01-30,4.56,0.2,KL-ACH-01
2012-01-31,5.71,0.5,KL-ACH-01
2012-02-01,6.06,0.7,KL-ACH-01
2012-02-02,6.06,0.0,KL-ACH-01
2012-02-03,6.03,0.0,KL-ACH-01
2012-02-04,6.0,0.0,KL-ACH-01
2012-02-05,6.0,0.0,KL-ACH-01
2012-02-06,6.03,0.3,KL-ACH-01
2012-02-07,6.0,0.3,KL-ACH-01
2012-02-08,5.93,0.0,KL-ACH-01
2012-02-09,6.1,10.8,KL-ACH-01
2012-02-10,6.38,7.2,KL-ACH-01
2012-02-11,6.5,9.3,KL-ACH-01
2012-02-12,6.5,1.4,KL-ACH-01
2012-02-13,6.31,0.6,KL-ACH-01
2012-02-14,6.19,0.0,KL-ACH-01
2012-02-15,6.1,0.4,KL-ACH-01
2012-02-16,5.97,0.5,KL-ACH-01
2012-02-17,5.93,0.2,KL-ACH-01
2012-02-18,5.87,0.0,KL-ACH-01
2012-02-19,5.81,0.0,KL-ACH-01
2012-02-20,5.75,0.0,KL-ACH-01
2012-02-21,5.71,0.0,KL-ACH-01
2012-02-22,5.75,0.0,KL-ACH-01
2012-02-23,5.71,0.0,KL-ACH-01
2012-02-24,5.65,0.0,KL-ACH-01
2012-02-25,5.59,0.0,KL-ACH-01
2012-02-26,5.56,0.0,KL-ACH-01
2012-02-27,5.56,0.0,KL-ACH-01
2012-02-28,5.47,0.0,KL-ACH-01
2012-02-29,5.44,0.0,KL-ACH-01
2012-03-01,5.44,0.5,KL-ACH-01
2012-03-02,5.44,1.3,KL-ACH-01
2012-03-03,5.5,0.5,KL-ACH-01
2012-03-04,5.41,0.0,KL-ACH-01
2012-03-05,5.44,0.6,KL-ACH-01
2012-03-06,5.53,0.3,KL-ACH-01
2012-03-07,5.5,2.8,KL-ACH-01
2012-03-08,5.56,1.8,KL-ACH-01
2012-03-09,5.37,0.0,KL-ACH-01
2012-03-10,5.44,0.0,KL-ACH-01
2012-03-11,5.44,2.2,KL-ACH-01
2012-03-12,5.62,5.8,KL-ACH-01
2012-03-13,5.62,2.2,KL-ACH-01
2012-03-14,5.62,2.6,KL-ACH-01
2012-03-15,5.65,3.6,KL-ACH-01
2012-03-16,5.9,5.8,KL-ACH-01
2012-03-17,5.71,1.2,KL-ACH-01
2012-03-18,5.59,1.9,KL-ACH-01
2012-03-19,5.62,1.5,KL-ACH-01
2012-03-20,5.56,0.5,KL-ACH-01
2012-03-21,5.53,0.4,KL-ACH-01
2012-03-22,5.87,7.8,KL-ACH-01
2012-03-23,5.78,0.6,KL-ACH-01
2012-03-24,5.65,0.0,KL-ACH-01
2012-03-25,5.5,0.2,KL-ACH-01
2012-03-26,5.47,0.7,KL-ACH-01
2012-03-27,5.44,0.0,KL-ACH-01
2012-03-28,5.37,1.4,KL-ACH-01
2012-03-29,6.28,22.6,KL-ACH-01
2012-03-30,6.57,0.5,KL-ACH-01
2012-03-31,6.62,9.2,KL-ACH-01
2012-04-01,6.78,7.6,KL-ACH-01
2012-04-02,6.43,2.9,KL-ACH-01
2012-04-03,6.1,0.3,KL-ACH-01
2012-04-04,6.1,2.5,KL-ACH-01
2012-04-05,5.97,0.7,KL-ACH-01
2012-04-06,6.06,2.4,KL-ACH-01
2012-04-07,6.1,1.8,KL-ACH-01
2012-04-08,6.69,3.4,KL-ACH-01
2012-04-09,6.96,2.3,KL-ACH-01
2012-04-10,7.0,1.8,KL-ACH-01
2012-04-11,6.96,0.8,KL-ACH-01
2012-04-12,6.94,4.6,KL-ACH-01
2012-04-13,6.91,0.5,KL-ACH-01
2012-04-14,6.82,0.8,KL-ACH-01
2012-04-15,6.78,4.4,KL-ACH-01
2012-04-16,6.74,0.8,KL-ACH-01
2012-04-17,6.73,1.0,KL-ACH-01
2012-04-18,6.73,2.3,KL-ACH-01
2012-04-19,6.78,0.8,KL-ACH-01
2012-04-20,6.74,1.7,KL-ACH-01
2012-04-21,6.91,9.5,KL-ACH-01
2012-04-22,7.04,2.4,KL-ACH-01
2012-04-23,7.63,9.0,KL-ACH-01
2012-04-24,9.07,43.0,KL-ACH-01
2012-04-25,10.8,25.0,KL-ACH-01
2012-04-26,11.94,15.6,KL-ACH-01
2012-04-27,12.55,13.1,KL-ACH-01
2012-04-28,12.87,3.5,KL-ACH-01
2012-04-29,12.61,3.9,KL-ACH-01
2012-04-30,12.61,3.8,KL-ACH-01
2012-05-01,12.34,2.8,KL-ACH-01
2012-05-02,12.03,3.9,KL-ACH-01
2012-05-03,12.03,11.4,KL-ACH-01
2012-05-04,13.22,25.5,KL-ACH-01
2012-05-05,16.78,72.7,KL-ACH-01
2012-05-06,17.71,0.6,KL-ACH-01
2012-05-07,16.58,0.0,KL-ACH-01
2012-05-08,15.52,0.0,KL-ACH-01
2012-05-09,14.67,3.3,KL-ACH-01
2012-05-10,14.17,5.1,KL-ACH-01
2012-05-11,15.14,31.8,KL-ACH-01
2012-05-12,17.79,9.7,KL-ACH-01
2012-05-13,18.1,1.1,KL-ACH-01
2012-05-14,17.32,1.2,KL-ACH-01
2012-05-15,16.7,3.7,KL-ACH-01
2012-05-16,16.58,0.8,KL-ACH-01
2012-05-17,15.94,1.2,KL-ACH-01
2012-05-18,15.26,1.4,KL-ACH-01
2012-05-19,14.74,2.2,KL-ACH-01
2012-05-20,14.38,1.1,KL-ACH-01
2012-05-21,14.24,13.2,KL-ACH-01
2012-05-22,14.56,0.1,KL-ACH-01
2012-05-23,14.28,11.7,KL-ACH-01
2012-05-24,14.49,0.0,KL-ACH-01
2012-05-25,13.86,0.7,KL-ACH-01
2012-05-26,13.32,5.6,KL-ACH-01
2012-05-27,13.69,2.0,KL-ACH-01
2012-05-28,13.39,1.5,KL-ACH-01
2012-05-29,12.84,0.0,KL-ACH-01
2012-05-30,12.34,4.3,KL-ACH-01
2012-05-31,12.09,2.9,KL-ACH-01
2012-06-01,12.43,3.6,KL-ACH-01
2012-06-02,12.37,7.3,KL-ACH-01
2012-06-03,12.3,5.0,KL-ACH-01
2012-06-04,12.24,11.2,KL-ACH-01
2012-06-05,12.68,10.2,KL-ACH-01
2012-06-06,13.42,12.0,KL-ACH-01
2012-06-07,14.17,7.9,KL-ACH-01
2012-06-08,14.49,2.9,KL-ACH-01
2012-06-09,14.17,2.5,KL-ACH-01
2012-06-10,13.79,1.4,KL-ACH-01
2012-06-11,13.16,1.7,KL-ACH-01
2012-06-12,12.84,10.4,KL-ACH-01
2012-06-13,14.38,37.6,KL-ACH-01
2012-06-14,18.14,24.5,KL-ACH-01
2012-06-15,20.28,14.0,KL-ACH-01
2012-06-16,21.8,22.4,KL-ACH-01
2012-06-17,24.88,30.8,KL-ACH-01
2012-06-18,29.48,15.0,KL-ACH-01
2012-06-19,31.36,10.5,KL-ACH-01
2012-06-20,31.96,3.0,KL-ACH-01
2012-06-21,31.51,3.5,KL-ACH-01
2012-06-22,30.55,3.9,KL-ACH-01
2012-06-23,29.48,2.3,KL-ACH-01
2012-06-24,28.17,2.4,KL-ACH-01
2012-06-25,26.73,1.5,KL-ACH-01
2012-06-26,25.55,10.1,KL-ACH-01
2012-06-27,25.36,3.8,KL-ACH-01
2012-06-28,24.41,10.0,KL-ACH-01
2012-06-29,23.95,4.7,KL-ACH-01
2012-06-30,22.93,3.4,KL-ACH-01
2012-07-01,22.55,19.1,KL-ACH-01
2012-07-02,25.18,21.5,KL-ACH-01
2012-07-03,29.13,10.1,KL-ACH-01
2012-07-04,30.48,4.5,KL-ACH-01
2012-07-05,29.62,4.0,KL-ACH-01
2012-07-06,28.17,1.9,KL-ACH-01
2012-07-07,26.73,3.9,KL-ACH-01
2012-07-08,25.79,9.9,KL-ACH-01
2012-07-09,26.29,31.6,KL-ACH-01
2012-07-10,29.48,14.5,KL-ACH-01
2012-07-11,29.76,3.7,KL-ACH-01
2012-07-12,28.44,3.4,KL-ACH-01
2012-07-13,26.93,1.3,KL-ACH-01
2012-07-14,25.49,5.0,KL-ACH-01
2012-07-15,24.41,0.7,KL-ACH-01
2012-07-16,23.1,1.4,KL-ACH-01
2012-07-17,21.96,3.3,KL-ACH-01
2012-07-18,21.54,2.7,KL-ACH-01
2012-07-19,20.73,2.5,KL-ACH-01
2012-07-20,20.04,3.6,KL-ACH-01
2012-07-21,19.61,3.4,KL-ACH-01
2012-07-22,19.14,3.3,KL-ACH-01
2012-07-23,18.59,2.4,KL-ACH-01
2012-07-24,18.01,4.0,KL-ACH-01
2012-07-25,17.41,2.8,KL-ACH-01
2012-07-26,16.82,1.2,KL-ACH-01
2012-07-27,16.1,0.6,KL-ACH-01
2012-07-28,15.33,3.8,KL-ACH-01
2012-07-29,14.7,1.1,KL-ACH-01
2012-07-30,14.1,0.2,KL-ACH-01
2012-07-31,13.42,1.5,KL-ACH-01
2012-08-01,12.93,0.0,KL-ACH-01
2012-08-02,12.34,2.8,KL-ACH-01
2012-08-03,12.03,3.4,KL-ACH-01
2012-08-04,12.06,7.9,KL-ACH-01
2012-08-05,12.43,3.9,KL-ACH-01
2012-08-06,12.37,3.9,KL-ACH-01
2012-08-07,12.09,2.7,KL-ACH-01
2012-08-08,12.43,17.2,KL-ACH-01
2012-08-09,14.31,20.8,KL-ACH-01
2012-08-10,15.52,12.7,KL-ACH-01
2012-08-11,16.74,15.8,KL-ACH-01
2012-08-12,18.36,20.3,KL-ACH-01
2012-08-13,18.95,3.8,KL-ACH-01
2012-08-14,18.28,7.3,KL-ACH-01
2012-08-15,18.82,14.8,KL-ACH-01
2012-08-16,19.84,18.1,KL-ACH-01
2012-08-17,22.5,26.7,KL-ACH-01
2012-08-18,25.79,4.1,KL-ACH-01
2012-08-19,25.3,2.2,KL-ACH-01
2012-08-20,23.89,0.9,KL-ACH-01
2012-08-21,22.55,0.0,KL-ACH-01
2012-08-22,21.39,5.5,KL-ACH-01
2012-08-23,21.8,1.9,KL-ACH-01
2012-08-24,21.65,13.8,KL-ACH-01
2012-08-25,22.93,24.1,KL-ACH-01
2012-08-26,25.24,15.9,KL-ACH-01
2012-08-27,25.61,4.0,KL-ACH-01
2012-08-28,24.88,1.4,KL-ACH-01
2012-08-29,26.16,40.9,KL-ACH-01
2012-08-30,30.84,26.0,KL-ACH-01
2012-08-31,34.4,27.4,KL-ACH-01
2012-09-01,38.81,14.2,KL-ACH-01
2012-09-02,39.18,5.9,KL-ACH-01
2012-09-03,37.9,9.3,KL-ACH-01
2012-09-04,37.02,6.7,KL-ACH-01
2012-09-05,35.73,2.1,KL-ACH-01
2012-09-06,33.83,6.0,KL-ACH-01
2012-09-07,32.34,3.6,KL-ACH-01
2012-09-08,30.99,10.0,KL-ACH-01
2012-09-09,30.12,8.4,KL-ACH-01
2012-09-10,29.55,4.3,KL-ACH-01
2012-09-11,28.51,2.9,KL-ACH-01
2012-09-12,27.25,2.4,KL-ACH-01
2012-09-13,26.16,5.0,KL-ACH-01
2012-09-14,25.49,6.7,KL-ACH-01
2012-09-15,24.94,8.4,KL-ACH-01
2012-09-16,24.64,2.1,KL-ACH-01
2012-09-17,23.49,0.3,KL-ACH-01
2012-09-18,22.17,1.7,KL-ACH-01
2012-09-19,21.13,0.1,KL-ACH-01
2012-09-20,20.04,0.1,KL-ACH-01
2012-09-21,18.95,0.1,KL-ACH-01
2012-09-22,17.97,0.7,KL-ACH-01
2012-09-23,17.07,0.0,KL-ACH-01
2012-09-24,16.18,0.0,KL-ACH-01
2012-09-25,15.26,0.0,KL-ACH-01
2012-09-26,14.42,0.0,KL-ACH-01
2012-09-27,13.66,1.1,KL-ACH-01
2012-09-28,13.06,0.5,KL-ACH-01
2012-09-29,12.55,4.6,KL-ACH-01
2012-09-30,12.24,1.7,KL-ACH-01
2012-10-01,11.82,1.8,KL-ACH-01
2012-10-02,11.42,0.3,KL-ACH-01
2012-10-03,10.91,0.7,KL-ACH-01
2012-10-04,10.48,1.2,KL-ACH-01
2012-10-05,10.09,0.0,KL-ACH-01
2012-10-06,9.69,0.0,KL-ACH-01
2012-10-07,9.33,2.1,KL-ACH-01
2012-10-08,9.59,1.4,KL-ACH-01
2012-10-09,9.54,0.7,KL-ACH-01
2012-10-10,9.54,13.6,KL-ACH-01
2012-10-11,9.89,5.7,KL-ACH-01
2012-10-12,10.46,7.1,KL-ACH-01
2012-10-13,11.39,18.0,KL-ACH-01
2012-10-14,12.68,19.0,KL-ACH-01
2012-10-15,14.89,6.1,KL-ACH-01
2012-10-16,16.62,15.2,KL-ACH-01
2012-10-17,18.77,21.2,KL-ACH-01
2012-10-18,21.59,15.9,KL-ACH-01
2012-10-19,28.92,38.3,KL-ACH-01
2012-10-20,51.72,42.6,KL-ACH-01
2012-10-21,56.15,15.1,KL-ACH-01
2012-10-22,51.84,16.3,KL-ACH-01
2012-10-23,49.35,22.0,KL-ACH-01
2012-10-24,49.47,22.0,KL-ACH-01
2012-10-25,50.76,2.3,KL-ACH-01
2012-10-26,47.75,3.4,KL-ACH-01
2012-10-27,44.71,4.7,KL-ACH-01
2012-10-28,42.85,20.3,KL-ACH-01
2012-10-29,42.15,19.9,KL-ACH-01
2012-10-30,44.81,4.1,KL-ACH-01
2012-10-31,43.26,6.7,KL-ACH-01
2012-11-01,42.15,8.1,KL-ACH-01
2012-11-02,42.75,4.3,KL-ACH-01
2012-11-03,41.07,1.0,KL-ACH-01
2012-11-04,38.54,0.1,KL-ACH-01
2012-11-05,36.07,0.0,KL-ACH-01
2012-11-06,33.75,0.0,KL-ACH-01
2012-11-07,32.11,16.7,KL-ACH-01
2012-11-08,35.14,12.8,KL-ACH-01
2012-11-09,36.07,4.4,KL-ACH-01
2012-11-10,34.56,1.0,KL-ACH-01
2012-11-11,32.73,7.8,KL-ACH-01
2012-11-12,31.43,9.7,KL-ACH-01
2012-11-13,30.33,0.3,KL-ACH-01
2012-11-14,28.58,0.0,KL-ACH-01
2012-11-15,26.86,0.6,KL-ACH-01
2012-11-16,25.3,0.0,KL-ACH-01
2012-11-17,23.72,0.0,KL-ACH-01
2012-11-18,22.28,0.0,KL-ACH-01
2012-11-19,20.93,0.0,KL-ACH-01
2012-11-20,19.65,0.0,KL-ACH-01
2012-11-21,18.54,0.0,KL-ACH-01
2012-11-22,17.66,1.3,KL-ACH-01
2012-11-23,17.58,1.3,KL-ACH-01
2012-11-24,48.77,45.6,KL-ACH-01
2012-11-25,49.47,0.3,KL-ACH-01
2012-11-26,40.4,1.3,KL-ACH-01
2012-11-27,34.4,0.3,KL-ACH-01
2012-11-28,30.33,0.2,KL-ACH-01
2012-11-29,27.31,0.1,KL-ACH-01
2012-11-30,24.94,0.0,KL-ACH-01
2012-12-01,22.93,0.0,KL-ACH-01
2012-12-02,21.23,0.0,KL-ACH-01
2012-12-03,19.8,0.4,KL-ACH-01
2012-12-04,19.04,0.5,KL-ACH-01
2012-12-05,18.05,0.5,KL-ACH-01
2012-12-06,16.91,0.5,KL-ACH-01
2012-12-07,15.9,0.6,KL-ACH-01
2012-12-08,15.0,0.3,KL-ACH-01
2012-12-09,14.1,1.2,KL-ACH-01
2012-12-10,13.29,0.2,KL-ACH-01
2012-12-11,12.55,0.3,KL-ACH-01
2012-12-12,11.85,0.0,KL-ACH-01
2012-12-13,11.19,0.4,KL-ACH-01
2012-12-14,10.64,0.0,KL-ACH-01
2012-12-15,10.09,0.0,KL-ACH-01
2012-12-16,9.59,0.0,KL-ACH-01
2012-12-17,9.16,0.2,KL-ACH-01
2012-12-18,8.75,0.3,KL-ACH-01
2012-12-19,8.44,1.4,KL-ACH-01
2012-12-20,8.2,0.0,KL-ACH-01
2012-12-21,7.91,0.0,KL-ACH-01
2012-12-22,7.65,0.1,KL-ACH-01
2012-12-23,7.41,0.0,KL-ACH-01
2012-12-24,7.22,0.0,KL-ACH-01
2012-12-25,7.05,0.0,KL-ACH-01
2012-12-26,7.07,10.7,KL-ACH-01
2012-12-27,7.79,24.7,KL-ACH-01
2012-12-28,8.53,3.6,KL-ACH-01
2012-12-29,8.53,4.0,KL-ACH-01
2012-12-30,8.25,2.8,KL-ACH-01
2012-12-31,8.02,4.6,KL-ACH-01
2013-01-01,7.79,0.4,KL-ACH-01
2013-01-02,7.55,1.6,KL-ACH-01
2013-01-03,7.39,0.0,KL-ACH-01
2013-01-04,7.22,0.0,KL-ACH-01
2013-01-05,7.05,0.4,KL-ACH-01
2013-01-06,6.96,2.4,KL-ACH-01
2013-01-07,6.93,0.4,KL-ACH-01
2013-01-08,7.02,8.9,KL-ACH-01
2013-01-09,7.45,0.4,KL-ACH-01
2013-01-10,7.3,0.0,KL-ACH-01
2013-01-11,5.58,0.3,KL-ACH-01
2013-01-12,4.78,0.9,KL-ACH-01
2013-01-13,4.55,0.0,KL-ACH-01
2013-01-14,4.48,0.0,KL-ACH-01
2013-01-15,4.43,0.0,KL-ACH-01
2013-01-16,4.4,0.0,KL-ACH-01
2013-01-17,4.36,0.0,KL-ACH-01
2013-01-18,4.35,0.0,KL-ACH-01
2013-01-19,4.31,0.0,KL-ACH-01
2013-01-20,4.3,0.0,KL-ACH-01
2013-01-21,4.26,0.0,KL-ACH-01
2013-01-22,4.25,0.0,KL-ACH-01
2013-01-23,4.24,0.0,KL-ACH-01
2013-01-24,4.24,0.0,KL-ACH-01
2013-01-25,4.22,0.0,KL-ACH-01
2013-01-26,4.2,0.0,KL-ACH-01
2013-01-27,4.2,0.0,KL-ACH-01
2013-01-28,4.19,0.0,KL-ACH-01
2013-01-29,4.19,0.0,KL-ACH-01
2013-01-30,4.18,0.0,KL-ACH-01
2013-01-31,5.12,0.0,KL-ACH-01
2013-02-01,5.5,0.0,KL-ACH-01
2013-02-02,5.53,0.0,KL-ACH-01
2013-02-03,5.5,0.0,KL-ACH-01
2013-02-04,5.53,0.0,KL-ACH-01
2013-02-05,5.47,0.0,KL-ACH-01
2013-02-06,5.53,5.5,KL-ACH-01
2013-02-07,5.5,2.1,KL-ACH-01
2013-02-08,5.5,0.6,KL-ACH-01
2013-02-09,5.5,0.0,KL-ACH-01
2013-02-10,5.44,0.3,KL-ACH-01
2013-02-11,5.44,0.2,KL-ACH-01
2013-02-12,5.44,0.0,KL-ACH-01
2013-02-13,5.47,1.4,KL-ACH-01
2013-02-14,5.71,4.4,KL-ACH-01
2013-02-15,5.65,4.2,KL-ACH-01
2013-02-16,5.47,0.0,KL-ACH-01
2013-02-17,5.5,4.1,KL-ACH-01
2013-02-18,5.56,4.4,KL-ACH-01
2013-02-19,6.41,28.9,KL-ACH-01
2013-02-20,6.21,0.4,KL-ACH-01
2013-02-21,5.97,0.2,KL-ACH-01
2013-02-22,5.71,0.0,KL-ACH-01
2013-02-23,5.59,0.0,KL-ACH-01
2013-02-24,5.5,0.0,KL-ACH-01
2013-02-25,5.44,0.0,KL-ACH-01
2013-02-26,5.37,0.0,KL-ACH-01
2013-02-27,5.31,0.0,KL-ACH-01
2013-02-28,5.22,0.0,KL-ACH-01
2013-03-01,5.22,0.0,KL-ACH-01
2013-03-02,5.19,0.0,KL-ACH-01
2013-03-03,5.19,0.0,KL-ACH-01
2013-03-04,5.15,0.0,KL-ACH-01
2013-03-05,5.44,1.2,KL-ACH-01
2013-03-06,5.37,1.8,KL-ACH-01
2013-03-07,5.25,0.2,KL-ACH-01
2013-03-08,5.56,11.3,KL-ACH-01
2013-03-09,6.06,18.5,KL-ACH-01
2013-03-10,6.21,12.1,KL-ACH-01
2013-03-11,6.31,11.0,KL-ACH-01
2013-03-12,6.0,3.6,KL-ACH-01
2013-03-13,5.71,2.2,KL-ACH-01
2013-03-14,5.59,1.7,KL-ACH-01
2013-03-15,5.41,0.0,KL-ACH-01
2013-03-16,5.9,14.1,KL-ACH-01
2013-03-17,6.06,9.9,KL-ACH-01
2013-03-18,5.81,2.3,KL-ACH-01
2013-03-19,5.62,1.2,KL-ACH-01
2013-03-20,5.47,0.6,KL-ACH-01
2013-03-21,5.41,2.5,KL-ACH-01
2013-03-22,5.31,0.3,KL-ACH-01
2013-03-23,5.28,0.5,KL-ACH-01
2013-03-24,5.22,0.0,KL-ACH-01
2013-03-25,5.65,9.8,KL-ACH-01
2013-03-26,6.16,10.7,KL-ACH-01
2013-03-27,6.0,0.5,KL-ACH-01
2013-03-28,5.84,3.6,KL-ACH-01
2013-03-29,5.62,0.2,KL-ACH-01
2013-03-30,5.53,0.1,KL-ACH-01
2013-03-31,5.44,0.0,KL-ACH-01
2013-04-01,5.34,0.2,KL-ACH-01
2013-04-02,5.28,0.2,KL-ACH-01
2013-04-03,5.34,0.9,KL-ACH-01
2013-04-04,5.31,0.3,KL-ACH-01
2013-04-05,5.25,0.0,KL-ACH-01
2013-04-06,5.22,0.2,KL-ACH-01
2013-04-07,5.25,0.0,KL-ACH-01
2013-04-08,5.19,0.2,KL-ACH-01
2013-04-09,5.81,4.4,KL-ACH-01
2013-04-10,6.0,0.9,KL-ACH-01
2013-04-11,5.97,0.9,KL-ACH-01
2013-04-12,5.93,0.6,KL-ACH-01
2013-04-13,6.1,7.7,KL-ACH-01
2013-04-14,6.16,1.1,KL-ACH-01
2013-04-15,6.41,14.3,KL-ACH-01
2013-04-16,6.35,0.0,KL-ACH-01
2013-04-17,6.19,0.8,KL-ACH-01
2013-04-18,6.06,0.0,KL-ACH-01
2013-04-19,6.0,0.0,KL-ACH-01
2013-04-20,5.93,0.0,KL-ACH-01
2013-04-21,5.9,0.0,KL-ACH-01
2013-04-22,5.87,0.0,KL-ACH-01
2013-04-23,6.0,6.9,KL-ACH-01
2013-04-24,6.13,5.2,KL-ACH-01
2013-04-25,6.46,6.5,KL-ACH-01
2013-04-26,6.59,4.5,KL-ACH-01
2013-04-27,6.5,1.2,KL-ACH-01
2013-04-28,6.46,1.5,KL-ACH-01
2013-04-29,6.38,0.9,KL-ACH-01
2013-04-30,6.46,9.8,KL-ACH-01
2013-05-01,6.91,9.5,KL-ACH-01
2013-05-02,7.22,9.0,KL-ACH-01
2013-05-03,7.63,14.1,KL-ACH-01
2013-05-04,7.85,3.5,KL-ACH-01
2013-05-05,7.85,4.8,KL-ACH-01
2013-05-06,8.18,14.8,KL-ACH-01
2013-05-07,8.77,9.4,KL-ACH-01
2013-05-08,8.89,11.0,KL-ACH-01
2013-05-09,8.84,3.4,KL-ACH-01
2013-05-10,8.66,2.2,KL-ACH-01
2013-05-11,8.4,0.4,KL-ACH-01
2013-05-12,8.16,0.2,KL-ACH-01
2013-05-13,8.25,17.0,KL-ACH-01
2013-05-14,8.46,1.1,KL-ACH-01
2013-05-15,8.18,0.4,KL-ACH-01
2013-05-16,7.85,0.0,KL-ACH-01
2013-05-17,7.49,0.0,KL-ACH-01
2013-05-18,7.22,0.0,KL-ACH-01
2013-05-19,6.96,0.0,KL-ACH-01
2013-05-20,6.74,0.0,KL-ACH-01
2013-05-21,6.73,4.5,KL-ACH-01
2013-05-22,7.04,7.6,KL-ACH-01
2013-05-23,7.43,5.6,KL-ACH-01
2013-05-24,7.69,9.9,KL-ACH-01
2013-05-25,8.1,15.4,KL-ACH-01
2013-05-26,8.59,8.7,KL-ACH-01
2013-05-27,8.77,8.9,KL-ACH-01
2013-05-28,8.84,5.4,KL-ACH-01
2013-05-29,8.62,0.2,KL-ACH-01
2013-05-30,8.4,9.1,KL-ACH-01
2013-05-31,9.81,44.1,KL-ACH-01
2013-06-01,12.03,11.7,KL-ACH-01
2013-06-02,13.59,24.1,KL-ACH-01
2013-06-03,16.58,37.4,KL-ACH-01
2013-06-04,19.7,10.6,KL-ACH-01
2013-06-05,20.09,3.3,KL-ACH-01
2013-06-06,20.83,36.7,KL-ACH-01
2013-06-07,23.6,22.0,KL-ACH-01
2013-06-08,35.56,44.5,KL-ACH-01
2013-06-09,42.05,7.0,KL-ACH-01
2013-06-10,40.5,8.9,KL-ACH-01
2013-06-11,42.25,29.5,KL-ACH-01
2013-06-12,55.89,41.6,KL-ACH-01
2013-06-13,60.94,12.3,KL-ACH-01
2013-06-14,60.38,11.5,KL-ACH-01
2013-06-15,60.94,24.5,KL-ACH-01
2013-06-16,66.92,24.2,KL-ACH-01
2013-06-17,69.96,13.6,KL-ACH-01
2013-06-18,72.45,21.8,KL-ACH-01
2013-06-19,89.36,49.5,KL-ACH-01
2013-06-20,96.72,26.0,KL-ACH-01
2013-06-21,106.4,38.4,KL-ACH-01
2013-06-22,127.23,58.0,KL-ACH-01
2013-06-23,126.64,14.6,KL-ACH-01
2013-06-24,118.12,10.7,KL-ACH-01
2013-06-25,111.72,15.2,KL-ACH-01
2013-06-26,107.64,14.3,KL-ACH-01
2013-06-27,103.71,11.3,KL-ACH-01
2013-06-28,97.86,5.2,KL-ACH-01
2013-06-29,91.68,1.5,KL-ACH-01
2013-06-30,86.1,16.4,KL-ACH-01
2013-07-01,83.33,11.9,KL-ACH-01
2013-07-02,79.91,13.7,KL-ACH-01
2013-07-03,77.89,6.7,KL-ACH-01
2013-07-04,74.86,4.8,KL-ACH-01
2013-07-05,71.11,1.8,KL-ACH-01
2013-07-06,66.92,2.7,KL-ACH-01
2013-07-07,63.12,11.0,KL-ACH-01
2013-07-08,61.52,26.2,KL-ACH-01
2013-07-09,62.1,18.4,KL-ACH-01
2013-07-10,62.68,24.7,KL-ACH-01
2013-07-11,64.16,18.0,KL-ACH-01
2013-07-12,62.83,6.0,KL-ACH-01
2013-07-13,59.81,1.4,KL-ACH-01
2013-07-14,56.68,4.3,KL-ACH-01
2013-07-15,53.58,3.4,KL-ACH-01
2013-07-16,50.88,7.8,KL-ACH-01
2013-07-17,49.12,8.4,KL-ACH-01
2013-07-18,47.64,12.8,KL-ACH-01
2013-07-19,47.53,20.9,KL-ACH-01
2013-07-20,49.23,10.0,KL-ACH-01
2013-07-21,48.55,17.6,KL-ACH-01
2013-07-22,49.23,18.2,KL-ACH-01
2013-07-23,50.88,9.7,KL-ACH-01
2013-07-24,51.97,19.2,KL-ACH-01
2013-07-25,54.72,13.4,KL-ACH-01
2013-07-26,56.02,5.5,KL-ACH-01
2013-07-27,54.59,0.5,KL-ACH-01
2013-07-28,51.36,1.5,KL-ACH-01
2013-07-29,48.2,0.0,KL-ACH-01
2013-07-30,45.24,3.3,KL-ACH-01
2013-07-31,43.36,7.3,KL-ACH-01
2013-08-01,42.65,10.4,KL-ACH-01
2013-08-02,43.26,7.1,KL-ACH-01
2013-08-03,43.06,17.8,KL-ACH-01
2013-08-04,75.38,74.7,KL-ACH-01
2013-08-05,109.66,52.5,KL-ACH-01
2013-08-06,103.71,15.2,KL-ACH-01
2013-08-07,91.68,2.8,KL-ACH-01
2013-08-08,81.22,1.3,KL-ACH-01
2013-08-09,73.82,6.1,KL-ACH-01
2013-08-10,67.87,1.5,KL-ACH-01
2013-08-11,62.83,5.2,KL-ACH-01
2013-08-12,59.39,1.9,KL-ACH-01
2013-08-13,55.36,2.8,KL-ACH-01
2013-08-14,51.97,0.4,KL-ACH-01
2013-08-15,48.43,1.5,KL-ACH-01
2013-08-16,45.67,3.4,KL-ACH-01
2013-08-17,43.46,5.7,KL-ACH-01
2013-08-18,41.76,10.1,KL-ACH-01
2013-08-19,40.98,0.6,KL-ACH-01
2013-08-20,38.81,9.4,KL-ACH-01
2013-08-21,37.46,4.7,KL-ACH-01
2013-08-22,35.81,0.6,KL-ACH-01
2013-08-23,33.67,1.5,KL-ACH-01
2013-08-24,31.81,1.5,KL-ACH-01
2013-08-25,29.97,1.5,KL-ACH-01
2013-08-26,28.17,1.4,KL-ACH-01
2013-08-27,26.67,0.1,KL-ACH-01
2013-08-28,25.24,3.5,KL-ACH-01
2013-08-29,24.47,0.3,KL-ACH-01
2013-08-30,23.6,3.3,KL-ACH-01
2013-08-31,23.83,5.6,KL-ACH-01
2013-09-01,24.82,12.6,KL-ACH-01
2013-09-02,26.54,10.2,KL-ACH-01
2013-09-03,26.8,1.9,KL-ACH-01
2013-09-04,25.73,5.2,KL-ACH-01
2013-09-05,24.94,8.9,KL-ACH-01
2013-09-06,26.93,29.3,KL-ACH-01
2013-09-07,32.19,18.9,KL-ACH-01
2013-09-08,35.22,29.3,KL-ACH-01
2013-09-09,38.81,11.7,KL-ACH-01
2013-09-10,38.99,6.0,KL-ACH-01
2013-09-11,38.72,16.7,KL-ACH-01
2013-09-12,40.59,23.4,KL-ACH-01
2013-09-13,45.56,24.2,KL-ACH-01
2013-09-14,47.64,12.2,KL-ACH-01
2013-09-15,47.31,10.5,KL-ACH-01
2013-09-16,48.55,23.6,KL-ACH-01
2013-09-17,61.37,47.2,KL-ACH-01
2013-09-18,68.5,11.6,KL-ACH-01
2013-09-19,67.08,10.7,KL-ACH-01
2013-09-20,65.83,10.1,KL-ACH-01
2013-09-21,65.22,2.8,KL-ACH-01
2013-09-22,61.95,4.1,KL-ACH-01
2013-09-23,58.29,1.0,KL-ACH-01
2013-09-24,54.46,1.6,KL-ACH-01
2013-09-25,51.0,1.5,KL-ACH-01
2013-09-26,47.87,0.1,KL-ACH-01
2013-09-27,44.71,0.0,KL-ACH-01
2013-09-28,41.85,2.1,KL-ACH-01
2013-09-29,39.46,1.4,KL-ACH-01
2013-09-30,37.28,4.8,KL-ACH-01
2013-10-01,35.73,1.0,KL-ACH-01
2013-10-02,33.83,0.7,KL-ACH-01
2013-10-03,32.11,3.6,KL-ACH-01
2013-10-04,30.62,0.0,KL-ACH-01
2013-10-05,28.79,0.0,KL-ACH-01
2013-10-06,27.05,2.8,KL-ACH-01
2013-10-07,25.67,3.3,KL-ACH-01
2013-10-08,25.12,9.5,KL-ACH-01
2013-10-09,25.42,7.2,KL-ACH-01
2013-10-10,25.49,1.9,KL-ACH-01
2013-10-11,24.7,2.4,KL-ACH-01
2013-10-12,23.66,3.0,KL-ACH-01
2013-10-13,22.55,2.5,KL-ACH-01
2013-10-14,21.59,0.0,KL-ACH-01
2013-10-15,20.33,0.0,KL-ACH-01
2013-10-16,19.84,24.3,KL-ACH-01
2013-10-17,21.28,22.3,KL-ACH-01
2013-10-18,106.65,33.6,KL-ACH-01
2013-10-19,92.33,20.5,KL-ACH-01
2013-10-20,74.68,18.3,KL-ACH-01
2013-10-21,65.22,6.4,KL-ACH-01
2013-10-22,57.88,8.1,KL-ACH-01
2013-10-23,52.83,1.3,KL-ACH-01
2013-10-24,48.55,0.3,KL-ACH-01
2013-10-25,44.6,2.7,KL-ACH-01
2013-10-26,41.36,0.9,KL-ACH-01
2013-10-27,38.45,0.0,KL-ACH-01
2013-10-28,35.64,0.0,KL-ACH-01
2013-10-29,33.2,0.0,KL-ACH-01
2013-10-30,31.14,2.4,KL-ACH-01
2013-10-31,30.7,30.8,KL-ACH-01
2013-11-01,31.89,5.5,KL-ACH-01
2013-11-02,30.77,14.8,KL-ACH-01
2013-11-03,30.33,5.1,KL-ACH-01
2013-11-04,28.99,5.6,KL-ACH-01
2013-11-05,27.51,1.8,KL-ACH-01
2013-11-06,25.98,3.6,KL-ACH-01
2013-11-07,24.76,2.1,KL-ACH-01
2013-11-08,23.55,8.1,KL-ACH-01
2013-11-09,22.39,0.0,KL-ACH-01
2013-11-10,21.03,1.6,KL-ACH-01
2013-11-11,19.89,5.5,KL-ACH-01
2013-11-12,19.65,25.2,KL-ACH-01
2013-11-13,21.49,20.3,KL-ACH-01
2013-11-14,22.93,4.0,KL-ACH-01
2013-11-15,22.39,0.9,KL-ACH-01
2013-11-16,21.49,5.9,KL-ACH-01
2013-11-17,22.12,4.9,KL-ACH-01
2013-11-18,22.55,21.7,KL-ACH-01
2013-11-19,23.04,10.7,KL-ACH-01
2013-11-20,24.64,3.0,KL-ACH-01
2013-11-21,24.47,2.8,KL-ACH-01
2013-11-22,25.36,5.6,KL-ACH-01
2013-11-23,26.35,12.9,KL-ACH-01
2013-11-24,29.69,9.2,KL-ACH-01
2013-11-25,31.06,14.0,KL-ACH-01
2013-11-26,32.57,3.1,KL-ACH-01
2013-11-27,31.96,7.1,KL-ACH-01
2013-11-28,32.11,2.5,KL-ACH-01
2013-11-29,31.06,0.6,KL-ACH-01
2013-11-30,29.34,5.0,KL-ACH-01
2013-12-01,29.13,19.7,KL-ACH-01
2013-12-02,31.43,12.5,KL-ACH-01
2013-12-03,32.42,6.0,KL-ACH-01
2013-12-04,31.14,3.9,KL-ACH-01
2013-12-05,29.9,8.4,KL-ACH-01
2013-12-06,28.44,0.0,KL-ACH-01
2013-12-07,26.8,0.0,KL-ACH-01
2013-12-08,25.18,0.3,KL-ACH-01
2013-12-09,23.95,0.0,KL-ACH-01
2013-12-10,22.6,0.4,KL-ACH-01
2013-12-11,21.49,0.1,KL-ACH-01
2013-12-12,20.58,8.8,KL-ACH-01
2013-12-13,21.91,2.6,KL-ACH-01
2013-12-14,22.39,0.3,KL-ACH-01
2013-12-15,21.28,0.8,KL-ACH-01
2013-12-16,20.23,1.2,KL-ACH-01
2013-12-17,19.14,0.0,KL-ACH-01
2013-12-18,17.97,0.0,KL-ACH-01
2013-12-19,16.91,0.0,KL-ACH-01
2013-12-20,15.9,0.0,KL-ACH-01
2013-12-21,14.96,0.1,KL-ACH-01
2013-12-22,14.1,0.0,KL-ACH-01
2013-12-23,13.29,0.0,KL-ACH-01
2013-12-24,12.55,0.0,KL-ACH-01
2013-12-25,11.85,0.0,KL-ACH-01
2013-12-26,11.22,0.0,KL-ACH-01
2013-12-27,10.61,0.0,KL-ACH-01
2013-12-28,10.07,0.0,KL-ACH-01
2013-12-29,9.57,0.0,KL-ACH-01
2013-12-30,9.14,0.0,KL-ACH-01
2013-12-31,8.73,0.0,KL-ACH-01
2014-01-01,8.35,0.0,KL-ACH-01
2014-01-02,8.02,0.0,KL-ACH-01
2014-01-03,7.71,0.0,KL-ACH-01
2014-01-04,7.41,0.0,KL-ACH-01
2014-01-05,7.22,0.1,KL-ACH-01
2014-01-06,7.24,0.0,KL-ACH-01
2014-01-07,7.22,3.4,KL-ACH-01
2014-01-08,7.47,2.1,KL-ACH-01
2014-01-09,7.63,0.1,KL-ACH-01
2014-01-10,7.39,0.4,KL-ACH-01
2014-01-11,5.55,0.0,KL-ACH-01
2014-01-12,4.64,0.0,KL-ACH-01
2014-01-13,4.52,0.0,KL-ACH-01
2014-01-14,4.42,0.1,KL-ACH-01
2014-01-15,4.33,0.0,KL-ACH-01
2014-01-16,4.26,0.1,KL-ACH-01
2014-01-17,4.26,3.7,KL-ACH-01
2014-01-18,4.25,0.0,KL-ACH-01
2014-01-19,4.22,0.3,KL-ACH-01
2014-01-20,4.19,0.1,KL-ACH-01
2014-01-21,4.19,0.0,KL-ACH-01
2014-01-22,4.15,0.0,KL-ACH-01
2014-01-23,4.15,0.0,KL-ACH-01
2014-01-24,4.13,0.0,KL-ACH-01
2014-01-25,4.13,0.0,KL-ACH-01
2014-01-26,4.13,0.0,KL-ACH-01
2014-01-27,4.13,0.0,KL-ACH-01
2014-01-28,4.09,0.0,KL-ACH-01
2014-01-29,4.09,0.0,KL-ACH-01
2014-01-30,4.09,0.0,KL-ACH-01
2014-01-31,5.03,0.0,KL-ACH-01
2014-02-01,5.37,0.0,KL-ACH-01
2014-02-02,5.41,0.0,KL-ACH-01
2014-02-03,5.41,0.0,KL-ACH-01
2014-02-04,5.41,0.0,KL-ACH-01
2014-02-05,5.41,0.0,KL-ACH-01
2014-02-06,5.34,0.0,KL-ACH-01
2014-02-07,5.37,0.0,KL-ACH-01
2014-02-08,5.34,0.0,KL-ACH-01
2014-02-09,5.37,0.0,KL-ACH-01
2014-02-10,5.25,0.0,KL-ACH-01
2014-02-11,5.19,0.0,KL-ACH-01
2014-02-12,5.22,0.1,KL-ACH-01
2014-02-13,5.15,0.7,KL-ACH-01
2014-02-14,5.25,1.9,KL-ACH-01
2014-02-15,5.28,1.3,KL-ACH-01
2014-02-16,5.28,1.3,KL-ACH-01
2014-02-17,5.19,0.0,KL-ACH-01
2014-02-18,5.31,1.1,KL-ACH-01
2014-02-19,5.34,0.8,KL-ACH-01
2014-02-20,5.25,2.9,KL-ACH-01
2014-02-21,5.44,9.0,KL-ACH-01
2014-02-22,5.53,5.8,KL-ACH-01
2014-02-23,5.47,0.1,KL-ACH-01
2014-02-24,5.34,0.0,KL-ACH-01
2014-02-25,5.22,0.0,KL-ACH-01
2014-02-26,5.15,0.0,KL-ACH-01
2014-02-27,5.12,0.0,KL-ACH-01
2014-02-28,5.1,0.2,KL-ACH-01
2014-03-01,5.12,2.1,KL-ACH-01
2014-03-02,5.53,13.0,KL-ACH-01
2014-03-03,5.53,2.9,KL-ACH-01
2014-03-04,5.41,4.0,KL-ACH-01
2014-03-05,5.37,2.7,KL-ACH-01
2014-03-06,5.34,4.2,KL-ACH-01
2014-03-07,5.25,2.7,KL-ACH-01
2014-03-08,5.12,0.0,KL-ACH-01
2014-03-09,5.12,0.3,KL-ACH-01
2014-03-10,5.12,0.0,KL-ACH-01
2014-03-11,5.0,0.0,KL-ACH-01
2014-03-12,4.9,0.0,KL-ACH-01
2014-03-13,4.85,0.0,KL-ACH-01
2014-03-14,4.81,0.0,KL-ACH-01
2014-03-15,4.81,0.0,KL-ACH-01
2014-03-16,4.81,0.0,KL-ACH-01
2014-03-17,4.78,0.0,KL-ACH-01
2014-03-18,4.78,0.0,KL-ACH-01
2014-03-19,4.81,0.3,KL-ACH-01
2014-03-20,5.84,27.9,KL-ACH-01
2014-03-21,5.62,3.6,KL-ACH-01
2014-03-22,5.31,1.0,KL-ACH-01
2014-03-23,5.12,0.8,KL-ACH-01
2014-03-24,5.0,0.4,KL-ACH-01
2014-03-25,4.87,0.0,KL-ACH-01
2014-03-26,4.81,0.0,KL-ACH-01
2014-03-27,4.75,0.0,KL-ACH-01
2014-03-28,4.71,0.0,KL-ACH-01
2014-03-29,4.66,0.0,KL-ACH-01
2014-03-30,4.66,0.6,KL-ACH-01
2014-03-31,4.66,1.2,KL-ACH-01
2014-04-01,4.69,0.9,KL-ACH-01
2014-04-02,4.69,0.0,KL-ACH-01
2014-04-03,4.66,0.7,KL-ACH-01
2014-04-04,4.69,1.0,KL-ACH-01
2014-04-05,4.75,3.6,KL-ACH-01
2014-04-06,5.22,6.6,KL-ACH-01
2014-04-07,5.5,10.9,KL-ACH-01
2014-04-08,5.78,11.4,KL-ACH-01
2014-04-09,6.1,4.5,KL-ACH-01
2014-04-10,6.13,4.0,KL-ACH-01
2014-04-11,6.0,1.1,KL-ACH-01
2014-04-12,6.28,10.7,KL-ACH-01
2014-04-13,6.31,0.7,KL-ACH-01
2014-04-14,6.74,17.8,KL-ACH-01
2014-04-15,6.91,2.2,KL-ACH-01
2014-04-16,6.94,7.1,KL-ACH-01
2014-04-17,6.82,2.7,KL-ACH-01
2014-04-18,6.74,0.7,KL-ACH-01
2014-04-19,6.62,0.8,KL-ACH-01
2014-04-20,6.5,1.1,KL-ACH-01
2014-04-21,6.38,1.2,KL-ACH-01
2014-04-22,6.28,1.3,KL-ACH-01
2014-04-23,6.24,3.8,KL-ACH-01
2014-04-24,6.43,9.7,KL-ACH-01
2014-04-25,6.53,1.8,KL-ACH-01
2014-04-26,6.5,0.6,KL-ACH-01
2014-04-27,6.62,8.0,KL-ACH-01
2014-04-28,6.59,1.8,KL-ACH-01
2014-04-29,6.66,7.1,KL-ACH-01
2014-04-30,6.91,13.1,KL-ACH-01
2014-05-01,6.87,2.0,KL-ACH-01
2014-05-02,7.18,18.5,KL-ACH-01
2014-05-03,8.29,21.0,KL-ACH-01
2014-05-04,10.8,34.9,KL-ACH-01
2014-05-05,15.03,54.8,KL-ACH-01
2014-05-06,19.32,48.6,KL-ACH-01
2014-05-07,28.58,53.3,KL-ACH-01
2014-05-08,32.81,27.0,KL-ACH-01
2014-05-09,33.67,3.8,KL-ACH-01
2014-05-10,31.81,2.7,KL-ACH-01
2014-05-11,29.97,1.1,KL-ACH-01
2014-05-12,28.38,4.8,KL-ACH-01
2014-05-13,27.58,5.8,KL-ACH-01
2014-05-14,26.42,0.8,KL-ACH-01
2014-05-15,24.94,0.1,KL-ACH-01
2014-05-16,23.38,0.0,KL-ACH-01
2014-05-17,21.86,0.0,KL-ACH-01
2014-05-18,20.48,0.2,KL-ACH-01
2014-05-19,19.23,2.3,KL-ACH-01
2014-05-20,18.36,2.8,KL-ACH-01
2014-05-21,17.84,4.4,KL-ACH-01
2014-05-22,18.01,7.7,KL-ACH-01
2014-05-23,17.92,2.3,KL-ACH-01
2014-05-24,17.75,15.4,KL-ACH-01
2014-05-25,18.86,2.1,KL-ACH-01
2014-05-26,18.63,0.2,KL-ACH-01
2014-05-27,17.62,0.3,KL-ACH-01
2014-05-28,16.7,5.3,KL-ACH-01
2014-05-29,17.11,15.8,KL-ACH-01
2014-05-30,18.77,13.6,KL-ACH-01
2014-05-31,19.89,6.5,KL-ACH-01
2014-06-01,20.18,6.1,KL-ACH-01
2014-06-02,20.93,22.5,KL-ACH-01
2014-06-03,23.6,11.3,KL-ACH-01
2014-06-04,24.06,10.7,KL-ACH-01
2014-06-05,25.3,23.1,KL-ACH-01
2014-06-06,28.51,19.1,KL-ACH-01
2014-06-07,30.41,18.3,KL-ACH-01
2014-06-08,31.96,6.7,KL-ACH-01
2014-06-09,31.58,6.9,KL-ACH-01
2014-06-10,31.36,15.1,KL-ACH-01
2014-06-11,32.11,6.4,KL-ACH-01
2014-06-12,31.73,13.9,KL-ACH-01
2014-06-13,32.19,1.7,KL-ACH-01
2014-06-14,30.7,1.7,KL-ACH-01
2014-06-15,28.92,0.2,KL-ACH-01
2014-06-16,27.18,4.5,KL-ACH-01
2014-06-17,26.1,7.3,KL-ACH-01
2014-06-18,26.29,7.0,KL-ACH-01
2014-06-19,26.23,8.0,KL-ACH-01
2014-06-20,26.54,11.1,KL-ACH-01
2014-06-21,27.38,3.8,KL-ACH-01
2014-06-22,26.61,2.4,KL-ACH-01
2014-06-23,25.24,2.5,KL-ACH-01
2014-06-24,24.0,1.0,KL-ACH-01
2014-06-25,23.04,2.9,KL-ACH-01
2014-06-26,22.17,2.7,KL-ACH-01
2014-06-27,21.13,1.5,KL-ACH-01
2014-06-28,20.13,2.8,KL-ACH-01
2014-06-29,19.42,4.0,KL-ACH-01
2014-06-30,19.7,31.2,KL-ACH-01
2014-07-01,23.15,17.5,KL-ACH-01
2014-07-02,24.23,2.0,KL-ACH-01
2014-07-03,22.99,1.3,KL-ACH-01
2014-07-04,21.75,6.3,KL-ACH-01
2014-07-05,21.49,11.0,KL-ACH-01
2014-07-06,21.44,6.1,KL-ACH-01
2014-07-07,20.93,11.0,KL-ACH-01
2014-07-08,20.63,6.4,KL-ACH-01
2014-07-09,20.38,8.6,KL-ACH-01
2014-07-10,21.08,21.5,KL-ACH-01
2014-07-11,22.6,6.7,KL-ACH-01
2014-07-12,23.32,13.4,KL-ACH-01
2014-07-13,25.0,14.6,KL-ACH-01
2014-07-14,27.84,26.3,KL-ACH-01
2014-07-15,32.5,15.1,KL-ACH-01
2014-07-16,34.16,4.3,KL-ACH-01
2014-07-17,33.28,0.1,KL-ACH-01
2014-07-18,31.43,7.4,KL-ACH-01
2014-07-19,30.84,7.3,KL-ACH-01
2014-07-20,30.26,5.9,KL-ACH-01
2014-07-21,29.83,4.4,KL-ACH-01
2014-07-22,29.41,7.1,KL-ACH-01
2014-07-23,29.2,4.9,KL-ACH-01
2014-07-24,28.24,3.9,KL-ACH-01
2014-07-25,27.05,3.0,KL-ACH-01
2014-07-26,25.85,8.5,KL-ACH-01
2014-07-27,25.18,10.2,KL-ACH-01
2014-07-28,24.82,7.6,KL-ACH-01
2014-07-29,24.53,4.4,KL-ACH-01
2014-07-30,24.0,3.0,KL-ACH-01
2014-07-31,24.0,16.6,KL-ACH-01
2014-08-01,26.61,34.9,KL-ACH-01
2014-08-02,30.62,4.0,KL-ACH-01
2014-08-03,30.19,14.2,KL-ACH-01
2014-08-04,30.05,4.2,KL-ACH-01
2014-08-05,28.99,6.3,KL-ACH-01
2014-08-06,27.91,1.8,KL-ACH-01
2014-08-07,26.67,8.5,KL-ACH-01
2014-08-08,26.61,32.4,KL-ACH-01
2014-08-09,28.85,1.7,KL-ACH-01
2014-08-10,27.71,6.9,KL-ACH-01
2014-08-11,26.86,17.5,KL-ACH-01
2014-08-12,27.84,10.7,KL-ACH-01
2014-08-13,27.58,0.8,KL-ACH-01
2014-08-14,26.35,9.1,KL-ACH-01
2014-08-15,25.55,2.1,KL-ACH-01
2014-08-16,25.12,8.6,KL-ACH-01
2014-08-17,25.24,6.4,KL-ACH-01
2014-08-18,25.98,17.0,KL-ACH-01
2014-08-19,28.11,10.3,KL-ACH-01
2014-08-20,29.41,4.0,KL-ACH-01
2014-08-21,29.55,17.2,KL-ACH-01
2014-08-22,34.32,26.1,KL-ACH-01
2014-08-23,39.74,16.1,KL-ACH-01
2014-08-24,41.85,1.8,KL-ACH-01
2014-08-25,40.02,1.3,KL-ACH-01
2014-08-26,37.73,5.4,KL-ACH-01
2014-08-27,36.33,6.4,KL-ACH-01
2014-08-28,35.39,10.2,KL-ACH-01
2014-08-29,37.28,24.9,KL-ACH-01
2014-08-30,42.45,23.6,KL-ACH-01
2014-08-31,45.88,13.8,KL-ACH-01
2014-09-01,47.08,11.1,KL-ACH-01
2014-09-02,57.08,51.0,KL-ACH-01
2014-09-03,75.56,67.7,KL-ACH-01
2014-09-04,77.52,3.6,KL-ACH-01
2014-09-05,70.94,11.1,KL-ACH-01
2014-09-06,66.3,4.8,KL-ACH-01
2014-09-07,61.81,3.4,KL-ACH-01
2014-09-08,57.88,3.7,KL-ACH-01
2014-09-09,54.46,2.5,KL-ACH-01
2014-09-10,51.12,3.2,KL-ACH-01
2014-09-11,47.98,0.0,KL-ACH-01
2014-09-12,44.81,1.0,KL-ACH-01
2014-09-13,42.15,8.6,KL-ACH-01
2014-09-14,41.27,15.9,KL-ACH-01
2014-09-15,41.07,8.6,KL-ACH-01
2014-09-16,39.55,2.1,KL-ACH-01
2014-09-17,37.37,2.8,KL-ACH-01
2014-09-18,35.22,2.2,KL-ACH-01
2014-09-19,33.2,1.8,KL-ACH-01
2014-09-20,31.28,1.1,KL-ACH-01
2014-09-21,29.48,0.6,KL-ACH-01
2014-09-22,27.91,2.3,KL-ACH-01
2014-09-23,27.64,7.3,KL-ACH-01
2014-09-24,27.44,5.8,KL-ACH-01
2014-09-25,40.21,48.2,KL-ACH-01
2014-09-26,47.19,16.5,KL-ACH-01
2014-09-27,49.23,14.5,KL-ACH-01
2014-09-28,48.66,9.9,KL-ACH-01
2014-09-29,48.09,12.9,KL-ACH-01
2014-09-30,49.35,14.9,KL-ACH-01
2014-10-01,48.89,9.7,KL-ACH-01
2014-10-02,49.58,10.3,KL-ACH-01
2014-10-03,47.98,14.9,KL-ACH-01
2014-10-04,47.19,12.4,KL-ACH-01
2014-10-05,47.64,7.4,KL-ACH-01
2014-10-06,46.64,7.5,KL-ACH-01
2014-10-07,44.71,14.6,KL-ACH-01
2014-10-08,43.67,1.9,KL-ACH-01
2014-10-09,41.46,3.7,KL-ACH-01
2014-10-10,40.4,2.8,KL-ACH-01
2014-10-11,38.63,1.6,KL-ACH-01
2014-10-12,36.67,3.5,KL-ACH-01
2014-10-13,35.06,5.1,KL-ACH-01
2014-10-14,35.22,24.4,KL-ACH-01
2014-10-15,38.9,18.9,KL-ACH-01
2014-10-16,43.06,14.0,KL-ACH-01
2014-10-17,47.64,43.4,KL-ACH-01
2014-10-18,53.95,28.9,KL-ACH-01
2014-10-19,56.81,10.0,KL-ACH-01
2014-10-20,55.23,17.6,KL-ACH-01
2014-10-21,57.08,16.9,KL-ACH-01
2014-10-22,58.16,12.4,KL-ACH-01
2014-10-23,58.02,15.8,KL-ACH-01
2014-10-24,58.16,9.7,KL-ACH-01
2014-10-25,59.53,3.8,KL-ACH-01
2014-10-26,58.02,12.4,KL-ACH-01
2014-10-27,57.21,11.7,KL-ACH-01
2014-10-28,58.43,7.4,KL-ACH-01
2014-10-29,59.26,14.6,KL-ACH-01
2014-10-30,61.52,26.4,KL-ACH-01
2014-10-31,61.81,12.7,KL-ACH-01
2014-11-01,60.94,11.1,KL-ACH-01
2014-11-02,59.95,1.7,KL-ACH-01
2014-11-03,61.81,40.8,KL-ACH-01
2014-11-04,65.83,3.7,KL-ACH-01
2014-11-05,63.12,1.7,KL-ACH-01
2014-11-06,59.39,1.0,KL-ACH-01
2014-11-07,55.62,0.1,KL-ACH-01
2014-11-08,51.97,0.7,KL-ACH-01
2014-11-09,48.77,0.0,KL-ACH-01
2014-11-10,45.77,3.5,KL-ACH-01
2014-11-11,43.87,21.7,KL-ACH-01
2014-11-12,43.77,12.3,KL-ACH-01
2014-11-13,46.53,7.4,KL-ACH-01
2014-11-14,46.1,18.6,KL-ACH-01
2014-11-15,44.81,1.8,KL-ACH-01
2014-11-16,42.05,1.7,KL-ACH-01
2014-11-17,39.55,3.2,KL-ACH-01
2014-11-18,37.19,1.6,KL-ACH-01
2014-11-19,34.97,1.0,KL-ACH-01
2014-11-20,33.28,19.1,KL-ACH-01
2014-11-21,34.48,10.3,KL-ACH-01
2014-11-22,35.73,27.9,KL-ACH-01
2014-11-23,37.55,5.6,KL-ACH-01
2014-11-24,36.41,10.2,KL-ACH-01
2014-11-25,35.48,0.6,KL-ACH-01
2014-11-26,33.51,0.4,KL-ACH-01
2014-11-27,32.27,18.9,KL-ACH-01
2014-11-28,34.97,17.8,KL-ACH-01
2014-11-29,36.67,7.7,KL-ACH-01
2014-11-30,40.02,8.5,KL-ACH-01
2014-12-01,39.55,2.3,KL-ACH-01
2014-12-02,37.46,2.5,KL-ACH-01
2014-12-03,35.31,3.6,KL-ACH-01
2014-12-04,33.36,0.4,KL-ACH-01
2014-12-05,31.28,0.0,KL-ACH-01
2014-12-06,29.34,0.0,KL-ACH-01
2014-12-07,27.51,0.1,KL-ACH-01
2014-12-08,26.1,11.6,KL-ACH-01
2014-12-09,26.54,13.2,KL-ACH-01
2014-12-10,27.58,32.3,KL-ACH-01
2014-12-11,29.2,6.8,KL-ACH-01
2014-12-12,29.06,7.0,KL-ACH-01
2014-12-13,28.79,24.3,KL-ACH-01
2014-12-14,28.44,9.6,KL-ACH-01
2014-12-15,27.18,0.8,KL-ACH-01
2014-12-16,25.98,15.0,KL-ACH-01
2014-12-17,25.67,18.1,KL-ACH-01
2014-12-18,26.8,6.5,KL-ACH-01
2014-12-19,26.54,4.3,KL-ACH-01
2014-12-20,25.24,0.8,KL-ACH-01
2014-12-21,23.89,1.7,KL-ACH-01
2014-12-22,22.55,1.3,KL-ACH-01
2014-12-23,21.18,1.0,KL-ACH-01
2014-12-24,20.04,2.0,KL-ACH-01
2014-12-25,19.0,2.4,KL-ACH-01
2014-12-26,18.36,0.2,KL-ACH-01
2014-12-27,17.37,0.0,KL-ACH-01
2014-12-28,16.42,1.3,KL-ACH-01
2014-12-29,16.14,0.8,KL-ACH-01
2014-12-30,15.79,0.3,KL-ACH-01
2014-12-31,15.07,3.8,KL-ACH-01
2015-01-01,14.78,1.3,KL-ACH-01
2015-01-02,14.42,0.0,KL-ACH-01
2015-01-03,13.69,0.0,KL-ACH-01
2015-01-04,12.9,0.0,KL-ACH-01
2015-01-05,12.15,0.3,KL-ACH-01
2015-01-06,11.5,0.0,KL-ACH-01
2015-01-07,10.91,0.0,KL-ACH-01
2015-01-08,10.51,1.4,KL-ACH-01
2015-01-09,10.32,4.9,KL-ACH-01
2015-01-10,10.4,0.8,KL-ACH-01
2015-01-11,9.09,0.0,KL-ACH-01
2015-01-12,8.35,0.0,KL-ACH-01
2015-01-13,7.85,0.0,KL-ACH-01
2015-01-14,7.41,0.0,KL-ACH-01
2015-01-15,7.02,0.0,KL-ACH-01
2015-01-16,6.62,0.0,KL-ACH-01
2015-01-17,6.28,0.0,KL-ACH-01
2015-01-18,5.98,0.0,KL-ACH-01
2015-01-19,5.68,0.0,KL-ACH-01
2015-01-20,5.43,0.1,KL-ACH-01
2015-01-21,5.3,1.2,KL-ACH-01
2015-01-22,5.24,0.0,KL-ACH-01
2015-01-23,5.14,0.0,KL-ACH-01
2015-01-24,5.01,0.4,KL-ACH-01
2015-01-25,4.9,0.1,KL-ACH-01
2015-01-26,4.81,0.0,KL-ACH-01
2015-01-27,4.71,0.0,KL-ACH-01
2015-01-28,4.62,0.0,KL-ACH-01
2015-01-29,4.53,1.2,KL-ACH-01
2015-01-30,4.47,0.2,KL-ACH-01
2015-01-31,5.47,0.0,KL-ACH-01
2015-02-01,5.78,0.0,KL-ACH-01
2015-02-02,5.78,0.0,KL-ACH-01
2015-02-03,5.75,0.0,KL-ACH-01
2015-02-04,5.75,0.0,KL-ACH-01
2015-02-05,5.71,0.3,KL-ACH-01
2015-02-06,5.65,0.5,KL-ACH-01
2015-02-07,5.62,1.9,KL-ACH-01
2015-02-08,5.65,0.2,KL-ACH-01
2015-02-09,5.62,0.0,KL-ACH-01
2015-02-10,5.65,0.4,KL-ACH-01
2015-02-11,5.56,0.6,KL-ACH-01
2015-02-12,5.5,0.4,KL-ACH-01
2015-02-13,5.56,2.9,KL-ACH-01
2015-02-14,5.53,1.4,KL-ACH-01
2015-02-15,5.5,1.3,KL-ACH-01
2015-02-16,5.47,0.0,KL-ACH-01
2015-02-17,5.47,0.1,KL-ACH-01
2015-02-18,5.5,0.0,KL-ACH-01
2015-02-19,5.47,0.0,KL-ACH-01
2015-02-20,5.34,0.0,KL-ACH-01
2015-02-21,5.31,0.0,KL-ACH-01
2015-02-22,5.28,0.0,KL-ACH-01
2015-02-23,5.25,0.0,KL-ACH-01
2015-02-24,5.25,0.0,KL-ACH-01
2015-02-25,5.22,0.0,KL-ACH-01
2015-02-26,5.25,2.4,KL-ACH-01
2015-02-27,5.31,1.7,KL-ACH-01
2015-02-28,5.78,15.1,KL-ACH-01
2015-03-01,6.03,0.7,KL-ACH-01
2015-03-02,5.97,3.1,KL-ACH-01
2015-03-03,6.0,7.6,KL-ACH-01
2015-03-04,6.24,6.9,KL-ACH-01
2015-03-05,6.35,3.2,KL-ACH-01
2015-03-06,6.66,13.9,KL-ACH-01
2015-03-07,6.62,8.9,KL-ACH-01
2015-03-08,6.35,2.3,KL-ACH-01
2015-03-09,6.19,3.5,KL-ACH-01
2015-03-10,5.97,0.0,KL-ACH-01
2015-03-11,5.75,0.0,KL-ACH-01
2015-03-12,5.65,0.3,KL-ACH-01
2015-03-13,5.53,1.0,KL-ACH-01
2015-03-14,6.0,14.4,KL-ACH-01
2015-03-15,6.69,18.5,KL-ACH-01
2015-03-16,6.94,8.0,KL-ACH-01
2015-03-17,6.74,1.8,KL-ACH-01
2015-03-18,6.43,0.2,KL-ACH-01
2015-03-19,6.16,0.0,KL-ACH-01
2015-03-20,5.9,0.4,KL-ACH-01
2015-03-21,5.71,0.0,KL-ACH-01
2015-03-22,5.56,0.2,KL-ACH-01
2015-03-23,5.47,1.2,KL-ACH-01
2015-03-24,5.44,0.9,KL-ACH-01
2015-03-25,5.37,0.7,KL-ACH-01
2015-03-26,5.31,0.0,KL-ACH-01
2015-03-27,5.25,0.8,KL-ACH-01
2015-03-28,5.22,0.1,KL-ACH-01
2015-03-29,5.22,2.1,KL-ACH-01
2015-03-30,5.19,2.4,KL-ACH-01
2015-03-31,5.19,2.0,KL-ACH-01
2015-04-01,5.84,16.5,KL-ACH-01
2015-04-02,5.97,2.7,KL-ACH-01
2015-04-03,6.0,3.9,KL-ACH-01
2015-04-04,5.87,1.5,KL-ACH-01
2015-04-05,6.03,5.2,KL-ACH-01
2015-04-06,6.38,1.4,KL-ACH-01
2015-04-07,6.59,4.2,KL-ACH-01
2015-04-08,6.62,1.3,KL-ACH-01
2015-04-09,7.18,9.1,KL-ACH-01
2015-04-10,7.38,7.3,KL-ACH-01
2015-04-11,7.49,3.2,KL-ACH-01
2015-04-12,7.43,4.7,KL-ACH-01
2015-04-13,7.57,9.8,KL-ACH-01
2015-04-14,7.71,6.2,KL-ACH-01
2015-04-15,7.81,7.0,KL-ACH-01
2015-04-16,7.81,7.3,KL-ACH-01
2015-04-17,7.79,3.1,KL-ACH-01
2015-04-18,7.59,0.3,KL-ACH-01
2015-04-19,7.41,3.9,KL-ACH-01
2015-04-20,7.81,18.9,KL-ACH-01
2015-04-21,10.12,43.4,KL-ACH-01
2015-04-22,12.96,6.5,KL-ACH-01
2015-04-23,13.62,5.5,KL-ACH-01
2015-04-24,14.07,22.8,KL-ACH-01
2015-04-25,15.41,1.1,KL-ACH-01
2015-04-26,15.83,23.5,KL-ACH-01
2015-04-27,17.16,10.3,KL-ACH-01
2015-04-28,18.86,5.5,KL-ACH-01
2015-04-29,19.32,3.5,KL-ACH-01
2015-04-30,18.68,4.3,KL-ACH-01
2015-05-01,18.23,0.1,KL-ACH-01
2015-05-02,17.62,2.7,KL-ACH-01
2015-05-03,17.24,0.2,KL-ACH-01
2015-05-04,16.58,3.4,KL-ACH-01
2015-05-05,17.45,8.3,KL-ACH-01
2015-05-06,17.79,2.0,KL-ACH-01
2015-05-07,17.79,15.8,KL-ACH-01
2015-05-08,18.95,10.7,KL-ACH-01
2015-05-09,19.51,9.3,KL-ACH-01
2015-05-10,20.58,15.7,KL-ACH-01
2015-05-11,26.67,59.5,KL-ACH-01
2015-05-12,30.19,17.9,KL-ACH-01
2015-05-13,31.89,14.5,KL-ACH-01
2015-05-14,32.65,13.6,KL-ACH-01
2015-05-15,32.57,3.9,KL-ACH-01
2015-05-16,32.11,23.1,KL-ACH-01
2015-05-17,35.31,20.1,KL-ACH-01
2015-05-18,38.9,18.5,KL-ACH-01
2015-05-19,40.98,13.5,KL-ACH-01
2015-05-20,42.25,7.4,KL-ACH-01
2015-05-21,41.66,8.3,KL-ACH-01
2015-05-22,40.69,3.6,KL-ACH-01
2015-05-23,39.18,3.0,KL-ACH-01
2015-05-24,37.37,6.0,KL-ACH-01
2015-05-25,36.41,1.4,KL-ACH-01
2015-05-26,34.65,3.9,KL-ACH-01
2015-05-27,33.2,0.9,KL-ACH-01
2015-05-28,31.36,4.4,KL-ACH-01
2015-05-29,29.9,6.7,KL-ACH-01
2015-05-30,29.97,11.3,KL-ACH-01
2015-05-31,30.7,15.5,KL-ACH-01
2015-06-01,31.81,7.6,KL-ACH-01
2015-06-02,31.81,10.5,KL-ACH-01
2015-06-03,31.43,7.3,KL-ACH-01
2015-06-04,31.81,13.3,KL-ACH-01
2015-06-05,32.88,5.5,KL-ACH-01
2015-06-06,32.27,0.0,KL-ACH-01
2015-06-07,30.62,10.6,KL-ACH-01
2015-06-08,30.48,15.8,KL-ACH-01
2015-06-09,31.81,6.7,KL-ACH-01
2015-06-10,31.06,1.6,KL-ACH-01
2015-06-11,30.19,32.1,KL-ACH-01
2015-06-12,32.65,10.9,KL-ACH-01
2015-06-13,31.81,2.5,KL-ACH-01
2015-06-14,30.55,8.3,KL-ACH-01
2015-06-15,29.34,6.3,KL-ACH-01
2015-06-16,28.31,10.2,KL-ACH-01
2015-06-17,28.24,6.3,KL-ACH-01
2015-06-18,28.04,12.5,KL-ACH-01
2015-06-19,28.85,11.8,KL-ACH-01
2015-06-20,31.51,10.8,KL-ACH-01
2015-06-21,34.4,12.4,KL-ACH-01
2015-06-22,36.67,9.4,KL-ACH-01
2015-06-23,37.11,3.2,KL-ACH-01
2015-06-24,36.33,6.8,KL-ACH-01
2015-06-25,36.58,9.5,KL-ACH-01
2015-06-26,37.64,13.8,KL-ACH-01
2015-06-27,40.02,11.6,KL-ACH-01
2015-06-28,40.21,4.3,KL-ACH-01
2015-06-29,39.18,12.0,KL-ACH-01
2015-06-30,38.45,2.9,KL-ACH-01
2015-07-01,36.67,1.8,KL-ACH-01
2015-07-02,34.89,0.8,KL-ACH-01
2015-07-03,32.96,2.1,KL-ACH-01
2015-07-04,31.43,3.7,KL-ACH-01
2015-07-05,30.05,4.2,KL-ACH-01
2015-07-06,28.99,1.6,KL-ACH-01
2015-07-07,27.51,4.0,KL-ACH-01
2015-07-08,26.35,4.1,KL-ACH-01
2015-07-09,25.42,4.1,KL-ACH-01
2015-07-10,25.12,24.5,KL-ACH-01
2015-07-11,27.64,7.9,KL-ACH-01
2015-07-12,27.97,1.1,KL-ACH-01
2015-07-13,26.54,1.9,KL-ACH-01
2015-07-14,25.12,3.0,KL-ACH-01
2015-07-15,24.06,8.0,KL-ACH-01
2015-07-16,24.18,8.2,KL-ACH-01
2015-07-17,26.23,37.9,KL-ACH-01
2015-07-18,31.14,13.4,KL-ACH-01
2015-07-19,36.07,29.8,KL-ACH-01
2015-07-20,41.85,9.0,KL-ACH-01
2015-07-21,41.36,9.9,KL-ACH-01
2015-07-22,41.17,29.0,KL-ACH-01
2015-07-23,43.67,28.4,KL-ACH-01
2015-07-24,46.86,9.1,KL-ACH-01
2015-07-25,45.67,11.7,KL-ACH-01
2015-07-26,44.08,5.3,KL-ACH-01
2015-07-27,42.35,1.8,KL-ACH-01
2015-07-28,39.83,0.0,KL-ACH-01
2015-07-29,37.37,0.0,KL-ACH-01
2015-07-30,35.06,2.1,KL-ACH-01
2015-07-31,33.12,0.9,KL-ACH-01
2015-08-01,31.36,3.4,KL-ACH-01
2015-08-02,30.41,17.0,KL-ACH-01
2015-08-03,30.7,6.9,KL-ACH-01
2015-08-04,30.77,8.3,KL-ACH-01
2015-08-05,30.48,5.1,KL-ACH-01
2015-08-06,29.69,2.9,KL-ACH-01
2015-08-07,28.38,3.1,KL-ACH-01
2015-08-08,27.25,5.5,KL-ACH-01
2015-08-09,26.29,6.3,KL-ACH-01
2015-08-10,26.04,10.1,KL-ACH-01
2015-08-11,25.73,3.7,KL-ACH-01
2015-08-12,25.12,3.6,KL-ACH-01
2015-08-13,24.18,2.6,KL-ACH-01
2015-08-14,22.93,0.1,KL-ACH-01
2015-08-15,21.59,2.7,KL-ACH-01
2015-08-16,20.78,4.6,KL-ACH-01
2015-08-17,20.68,3.3,KL-ACH-01
2015-08-18,24.35,33.6,KL-ACH-01
2015-08-19,29.55,0.3,KL-ACH-01
2015-08-20,29.13,3.0,KL-ACH-01
2015-08-21,27.91,5.8,KL-ACH-01
2015-08-22,27.25,1.4,KL-ACH-01
2015-08-23,25.92,3.0,KL-ACH-01
2015-08-24,24.7,1.9,KL-ACH-01
2015-08-25,23.43,0.3,KL-ACH-01
2015-08-26,22.07,0.2,KL-ACH-01
2015-08-27,20.73,2.2,KL-ACH-01
2015-08-28,19.65,0.7,KL-ACH-01
2015-08-29,18.68,2.8,KL-ACH-01
2015-08-30,17.84,0.2,KL-ACH-01
2015-08-31,16.91,0.3,KL-ACH-01
2015-09-01,16.1,1.8,KL-ACH-01
2015-09-02,15.44,0.4,KL-ACH-01
2015-09-03,14.7,0.8,KL-ACH-01
2015-09-04,14.6,10.5,KL-ACH-01
2015-09-05,15.9,18.5,KL-ACH-01
2015-09-06,18.1,23.5,KL-ACH-01
2015-09-07,20.23,8.3,KL-ACH-01
2015-09-08,20.88,10.0,KL-ACH-01
2015-09-09,21.13,7.8,KL-ACH-01
2015-09-10,21.23,5.5,KL-ACH-01
2015-09-11,21.96,18.3,KL-ACH-01
2015-09-12,23.38,9.2,KL-ACH-01
2015-09-13,23.83,1.1,KL-ACH-01
2015-09-14,22.82,3.9,KL-ACH-01
2015-09-15,22.17,11.0,KL-ACH-01
2015-09-16,22.77,5.8,KL-ACH-01
2015-09-17,23.32,9.0,KL-ACH-01
2015-09-18,23.15,5.9,KL-ACH-01
2015-09-19,23.27,21.4,KL-ACH-01
2015-09-20,25.42,5.6,KL-ACH-01
2015-09-21,25.73,0.0,KL-ACH-01
2015-09-22,24.35,1.8,KL-ACH-01
2015-09-23,23.72,6.8,KL-ACH-01
2015-09-24,24.41,9.1,KL-ACH-01
2015-09-25,25.73,11.5,KL-ACH-01
2015-09-26,25.73,6.2,KL-ACH-01
2015-09-27,25.18,7.9,KL-ACH-01
2015-09-28,26.67,23.4,KL-ACH-01
2015-09-29,30.7,17.8,KL-ACH-01
2015-09-30,33.51,16.0,KL-ACH-01
2015-10-01,35.81,5.2,KL-ACH-01
2015-10-02,35.22,5.3,KL-ACH-01
2015-10-03,34.56,1.0,KL-ACH-01
2015-10-04,33.83,23.8,KL-ACH-01
2015-10-05,34.56,7.9,KL-ACH-01
2015-10-06,33.59,3.0,KL-ACH-01
2015-10-07,32.04,3.2,KL-ACH-01
2015-10-08,30.99,12.2,KL-ACH-01
2015-10-09,31.73,6.7,KL-ACH-01
2015-10-10,32.04,16.3,KL-ACH-01
2015-10-11,34.73,7.5,KL-ACH-01
2015-10-12,35.22,15.4,KL-ACH-01
2015-10-13,37.9,21.6,KL-ACH-01
2015-10-14,40.3,9.8,KL-ACH-01
2015-10-15,41.76,3.0,KL-ACH-01
2015-10-16,39.74,2.7,KL-ACH-01
2015-10-17,37.46,2.9,KL-ACH-01
2015-10-18,35.64,11.8,KL-ACH-01
2015-10-19,35.64,10.9,KL-ACH-01
2015-10-20,35.22,12.7,KL-ACH-01
2015-10-21,34.4,6.4,KL-ACH-01
2015-10-22,32.73,3.4,KL-ACH-01
2015-10-23,31.14,10.3,KL-ACH-01
2015-10-24,31.43,1.9,KL-ACH-01
2015-10-25,30.92,6.3,KL-ACH-01
2015-10-26,29.69,1.1,KL-ACH-01
2015-10-27,28.17,1.3,KL-ACH-01
2015-10-28,28.65,35.8,KL-ACH-01
2015-10-29,32.57,30.7,KL-ACH-01
2015-10-30,36.07,31.9,KL-ACH-01
2015-10-31,43.46,16.4,KL-ACH-01
2015-11-01,49.12,21.3,KL-ACH-01
2015-11-02,51.48,6.5,KL-ACH-01
2015-11-03,49.93,0.8,KL-ACH-01
2015-11-04,47.53,11.4,KL-ACH-01
2015-11-05,48.32,10.7,KL-ACH-01
2015-11-06,48.66,18.1,KL-ACH-01
2015-11-07,50.88,35.5,KL-ACH-01
2015-11-08,52.46,14.8,KL-ACH-01
2015-11-09,52.09,4.8,KL-ACH-01
2015-11-10,49.82,0.2,KL-ACH-01
2015-11-11,46.64,1.0,KL-ACH-01
2015-11-12,43.98,4.8,KL-ACH-01
2015-11-13,43.06,5.9,KL-ACH-01
2015-11-14,42.95,8.4,KL-ACH-01
2015-11-15,44.08,8.8,KL-ACH-01
2015-11-16,43.77,0.6,KL-ACH-01
2015-11-17,41.56,4.1,KL-ACH-01
2015-11-18,40.69,4.6,KL-ACH-01
2015-11-19,39.64,3.4,KL-ACH-01
2015-11-20,38.17,5.7,KL-ACH-01
2015-11-21,36.76,2.8,KL-ACH-01
2015-11-22,35.31,9.1,KL-ACH-01
2015-11-23,34.48,4.6,KL-ACH-01
2015-11-24,32.73,2.2,KL-ACH-01
2015-11-25,30.77,0.4,KL-ACH-01
2015-11-26,28.92,0.5,KL-ACH-01
2015-11-27,27.25,1.4,KL-ACH-01
2015-11-28,25.73,0.2,KL-ACH-01
2015-11-29,25.49,14.3,KL-ACH-01
2015-11-30,26.54,9.7,KL-ACH-01
2015-12-01,27.18,20.3,KL-ACH-01
2015-12-02,29.41,5.4,KL-ACH-01
2015-12-03,31.66,3.8,KL-ACH-01
2015-12-04,31.89,18.0,KL-ACH-01
2015-12-05,33.75,16.9,KL-ACH-01
2015-12-06,34.56,3.7,KL-ACH-01
2015-12-07,34.24,13.8,KL-ACH-01
2015-12-08,33.67,15.6,KL-ACH-01
2015-12-09,35.39,1.9,KL-ACH-01
2015-12-10,34.4,6.5,KL-ACH-01
2015-12-11,32.88,7.4,KL-ACH-01
2015-12-12,32.27,8.3,KL-ACH-01
2015-12-13,31.58,16.8,KL-ACH-01
2015-12-14,32.11,10.0,KL-ACH-01
2015-12-15,33.12,21.9,KL-ACH-01
2015-12-16,33.83,1.8,KL-ACH-01
2015-12-17,32.27,0.1,KL-ACH-01
2015-12-18,30.33,4.7,KL-ACH-01
2015-12-19,29.55,10.5,KL-ACH-01
2015-12-20,29.55,1.5,KL-ACH-01
2015-12-21,27.97,0.0,KL-ACH-01
2015-12-22,26.23,0.0,KL-ACH-01
2015-12-23,24.64,0.0,KL-ACH-01
2015-12-24,23.15,0.5,KL-ACH-01
2015-12-25,21.8,0.0,KL-ACH-01
2015-12-26,20.48,0.0,KL-ACH-01
2015-12-27,19.28,0.0,KL-ACH-01
2015-12-28,18.19,0.0,KL-ACH-01
2015-12-29,17.11,0.0,KL-ACH-01
2015-12-30,16.14,1.1,KL-ACH-01
2015-12-31,15.26,0.0,KL-ACH-01
2016-01-01,14.42,0.0,KL-ACH-01
2016-01-02,13.62,0.0,KL-ACH-01
2016-01-03,12.87,0.0,KL-ACH-01
2016-01-04,12.18,0.0,KL-ACH-01
2016-01-05,11.56,0.0,KL-ACH-01
2016-01-06,10.94,0.0,KL-ACH-01
2016-01-07,10.4,0.0,KL-ACH-01
2016-01-08,9.91,0.0,KL-ACH-01
2016-01-09,9.45,0.0,KL-ACH-01
2016-01-10,9.05,0.0,KL-ACH-01
2016-01-11,7.55,0.0,KL-ACH-01
2016-01-12,6.85,0.1,KL-ACH-01
2016-01-13,6.43,0.0,KL-ACH-01
2016-01-14,6.08,0.0,KL-ACH-01
2016-01-15,5.76,0.0,KL-ACH-01
2016-01-16,5.49,0.0,KL-ACH-01
2016-01-17,5.24,0.0,KL-ACH-01
2016-01-18,4.98,0.0,KL-ACH-01
2016-01-19,4.73,0.0,KL-ACH-01
2016-01-20,4.64,0.7,KL-ACH-01
2016-01-21,4.85,1.9,KL-ACH-01
2016-01-22,4.94,0.2,KL-ACH-01
2016-01-23,4.9,0.0,KL-ACH-01
2016-01-24,4.83,0.0,KL-ACH-01
2016-01-25,4.73,1.6,KL-ACH-01
2016-01-26,4.68,0.1,KL-ACH-01
2016-01-27,4.64,0.8,KL-ACH-01
2016-01-28,4.6,0.0,KL-ACH-01
2016-01-29,4.55,0.0,KL-ACH-01
2016-01-30,4.48,0.0,KL-ACH-01
2016-01-31,5.56,0.0,KL-ACH-01
2016-02-01,5.9,0.0,KL-ACH-01
2016-02-02,5.9,0.0,KL-ACH-01
2016-02-03,5.89,0.0,KL-ACH-01
2016-02-04,5.84,0.0,KL-ACH-01
2016-02-05,5.84,0.0,KL-ACH-01
2016-02-06,5.78,0.0,KL-ACH-01
2016-02-07,5.78,0.0,KL-ACH-01
2016-02-08,5.75,0.0,KL-ACH-01
2016-02-09,5.75,3.6,KL-ACH-01
2016-02-10,5.71,1.5,KL-ACH-01
2016-02-11,5.73,2.2,KL-ACH-01
2016-02-12,5.75,0.1,KL-ACH-01
2016-02-13,5.73,0.3,KL-ACH-01
2016-02-14,5.7,0.3,KL-ACH-01
2016-02-15,5.68,0.4,KL-ACH-01
2016-02-16,5.65,0.0,KL-ACH-01
2016-02-17,5.65,0.1,KL-ACH-01
2016-02-18,5.7,0.0,KL-ACH-01
2016-02-19,5.58,0.4,KL-ACH-01
2016-02-20,5.52,1.1,KL-ACH-01
2016-02-21,5.49,0.2,KL-ACH-01
2016-02-22,5.44,0.0,KL-ACH-01
2016-02-23,5.46,0.3,KL-ACH-01
2016-02-24,5.46,0.1,KL-ACH-01
2016-02-25,5.41,0.8,KL-ACH-01
2016-02-26,5.4,0.1,KL-ACH-01
2016-02-27,5.4,0.0,KL-ACH-01
2016-02-28,5.34,0.4,KL-ACH-01
2016-02-29,5.31,0.8,KL-ACH-01
2016-03-01,5.31,0.0,KL-ACH-01
2016-03-02,5.3,0.0,KL-ACH-01
2016-03-03,5.21,0.0,KL-ACH-01
2016-03-04,5.25,0.0,KL-ACH-01
2016-03-05,5.22,0.0,KL-ACH-01
2016-03-06,5.15,0.9,KL-ACH-01
2016-03-07,5.11,0.1,KL-ACH-01
2016-03-08,5.14,0.0,KL-ACH-01
2016-03-09,5.12,0.1,KL-ACH-01
2016-03-10,5.08,0.1,KL-ACH-01
2016-03-11,5.15,4.5,KL-ACH-01
2016-03-12,5.19,1.8,KL-ACH-01
2016-03-13,5.15,0.1,KL-ACH-01
2016-03-14,5.15,1.1,KL-ACH-01
2016-03-15,5.22,2.5,KL-ACH-01
2016-03-16,5.15,0.1,KL-ACH-01
2016-03-17,5.1,0.2,KL-ACH-01
2016-03-18,5.07,0.8,KL-ACH-01
2016-03-19,5.07,0.4,KL-ACH-01
2016-03-20,5.03,0.1,KL-ACH-01
2016-03-21,5.07,0.1,KL-ACH-01
2016-03-22,5.28,1.3,KL-ACH-01
2016-03-23,5.5,5.9,KL-ACH-01
2016-03-24,5.44,2.6,KL-ACH-01
2016-03-25,5.28,0.2,KL-ACH-01
2016-03-26,5.12,0.0,KL-ACH-01
2016-03-27,5.07,0.0,KL-ACH-01
2016-03-28,5.07,2.4,KL-ACH-01
2016-03-29,5.34,6.9,KL-ACH-01
2016-03-30,5.31,2.5,KL-ACH-01
2016-03-31,5.25,2.4,KL-ACH-01
2016-04-01,5.15,0.3,KL-ACH-01
2016-04-02,5.12,0.7,KL-ACH-01
2016-04-03,5.12,0.3,KL-ACH-01
2016-04-04,6.59,27.1,KL-ACH-01
2016-04-05,7.28,18.6,KL-ACH-01
2016-04-06,7.69,0.1,KL-ACH-01
2016-04-07,7.32,2.0,KL-ACH-01
2016-04-08,7.59,2.4,KL-ACH-01
2016-04-09,7.65,6.0,KL-ACH-01
2016-04-10,7.71,1.2,KL-ACH-01
2016-04-11,7.53,0.3,KL-ACH-01
2016-04-12,7.34,0.6,KL-ACH-01
2016-04-13,7.15,0.9,KL-ACH-01
2016-04-14,7.34,17.9,KL-ACH-01
2016-04-15,7.38,5.3,KL-ACH-01
2016-04-16,7.32,1.5,KL-ACH-01
2016-04-17,7.53,4.8,KL-ACH-01
2016-04-18,7.79,1.6,KL-ACH-01
2016-04-19,8.12,5.3,KL-ACH-01
2016-04-20,8.1,3.1,KL-ACH-01
2016-04-21,8.06,3.2,KL-ACH-01
2016-04-22,8.06,1.3,KL-ACH-01
2016-04-23,7.97,0.1,KL-ACH-01
2016-04-24,7.79,0.0,KL-ACH-01
2016-04-25,7.65,0.1,KL-ACH-01
2016-04-26,7.49,1.0,KL-ACH-01
2016-04-27,7.32,1.0,KL-ACH-01
2016-04-28,7.18,1.2,KL-ACH-01
2016-04-29,7.04,0.2,KL-ACH-01
2016-04-30,6.91,2.7,KL-ACH-01
2016-05-01,6.87,0.9,KL-ACH-01
2016-05-02,6.82,0.5,KL-ACH-01
2016-05-03,6.74,0.0,KL-ACH-01
2016-05-04,6.66,1.3,KL-ACH-01
2016-05-05,6.74,7.0,KL-ACH-01
2016-05-06,6.87,3.3,KL-ACH-01
2016-05-07,7.28,13.9,KL-ACH-01
2016-05-08,8.1,8.8,KL-ACH-01
2016-05-09,8.44,1.5,KL-ACH-01
2016-05-10,9.26,32.5,KL-ACH-01
2016-05-11,10.83,11.3,KL-ACH-01
2016-05-12,12.27,33.8,KL-ACH-01
2016-05-13,12.68,9.6,KL-ACH-01
2016-05-14,13.19,12.8,KL-ACH-01
2016-05-15,15.41,26.6,KL-ACH-01
2016-05-16,17.79,9.1,KL-ACH-01
2016-05-17,18.36,21.3,KL-ACH-01
2016-05-18,19.28,8.6,KL-ACH-01
2016-05-19,19.65,11.5,KL-ACH-01
2016-05-20,20.58,3.9,KL-ACH-01
2016-05-21,19.99,2.9,KL-ACH-01
2016-05-22,19.14,7.5,KL-ACH-01
2016-05-23,18.86,6.6,KL-ACH-01
2016-05-24,18.5,8.8,KL-ACH-01
2016-05-25,19.46,15.1,KL-ACH-01
2016-05-26,19.89,0.7,KL-ACH-01
2016-05-27,19.37,16.6,KL-ACH-01
2016-05-28,19.8,7.6,KL-ACH-01
2016-05-29,19.61,4.6,KL-ACH-01
2016-05-30,19.51,22.4,KL-ACH-01
2016-05-31,21.49,20.4,KL-ACH-01
2016-06-01,23.66,27.7,KL-ACH-01
2016-06-02,25.36,10.3,KL-ACH-01
2016-06-03,25.49,13.6,KL-ACH-01
2016-06-04,25.49,3.3,KL-ACH-01
2016-06-05,24.7,6.4,KL-ACH-01
2016-06-06,24.12,6.1,KL-ACH-01
2016-06-07,24.76,24.1,KL-ACH-01
2016-06-08,31.89,37.0,KL-ACH-01
2016-06-09,41.46,26.6,KL-ACH-01
2016-06-10,47.87,24.0,KL-ACH-01
2016-06-11,50.52,9.8,KL-ACH-01
2016-06-12,49.93,15.6,KL-ACH-01
2016-06-13,49.12,3.4,KL-ACH-01
2016-06-14,46.86,3.6,KL-ACH-01
2016-06-15,44.6,7.7,KL-ACH-01
2016-06-16,42.85,6.3,KL-ACH-01
2016-06-17,41.46,13.5,KL-ACH-01
2016-06-18,42.35,22.2,KL-ACH-01
2016-06-19,45.56,15.2,KL-ACH-01
2016-06-20,45.77,10.0,KL-ACH-01
2016-06-21,44.92,23.2,KL-ACH-01
2016-06-22,46.64,10.5,KL-ACH-01
2016-06-23,46.32,8.3,KL-ACH-01
2016-06-24,45.45,16.2,KL-ACH-01
2016-06-25,45.67,3.5,KL-ACH-01
2016-06-26,43.98,3.4,KL-ACH-01
2016-06-27,42.35,13.6,KL-ACH-01
2016-06-28,43.16,16.3,KL-ACH-01
2016-06-29,45.45,9.8,KL-ACH-01
2016-06-30,46.64,6.4,KL-ACH-01
2016-07-01,45.56,5.8,KL-ACH-01
2016-07-02,43.87,3.2,KL-ACH-01
2016-07-03,41.66,2.8,KL-ACH-01
2016-07-04,39.55,5.6,KL-ACH-01
2016-07-05,37.73,5.2,KL-ACH-01
2016-07-06,36.84,11.6,KL-ACH-01
2016-07-07,36.5,5.8,KL-ACH-01
2016-07-08,35.81,16.3,KL-ACH-01
2016-07-09,36.76,8.0,KL-ACH-01
2016-07-10,37.37,8.0,KL-ACH-01
2016-07-11,37.99,8.9,KL-ACH-01
2016-07-12,38.45,3.6,KL-ACH-01
2016-07-13,36.93,2.8,KL-ACH-01
2016-07-14,35.39,9.4,KL-ACH-01
2016-07-15,35.14,13.7,KL-ACH-01
2016-07-16,35.22,3.3,KL-ACH-01
2016-07-17,33.51,1.8,KL-ACH-01
2016-07-18,31.81,6.8,KL-ACH-01
2016-07-19,30.7,0.1,KL-ACH-01
2016-07-20,29.13,1.7,KL-ACH-01
2016-07-21,27.64,2.9,KL-ACH-01
2016-07-22,26.48,5.5,KL-ACH-01
2016-07-23,26.29,9.2,KL-ACH-01
2016-07-24,26.99,16.0,KL-ACH-01
2016-07-25,28.38,8.1,KL-ACH-01
2016-07-26,28.44,13.5,KL-ACH-01
2016-07-27,31.06,31.6,KL-ACH-01
2016-07-28,34.32,6.3,KL-ACH-01
2016-07-29,33.51,1.7,KL-ACH-01
2016-07-30,31.73,2.6,KL-ACH-01
2016-07-31,30.05,2.8,KL-ACH-01
2016-08-01,28.51,3.7,KL-ACH-01
2016-08-02,27.31,2.3,KL-ACH-01
2016-08-03,26.48,8.2,KL-ACH-01
2016-08-04,26.54,4.7,KL-ACH-01
2016-08-05,25.79,1.9,KL-ACH-01
2016-08-06,24.59,0.4,KL-ACH-01
2016-08-07,23.15,2.3,KL-ACH-01
2016-08-08,21.96,0.8,KL-ACH-01
2016-08-09,20.78,1.4,KL-ACH-01
2016-08-10,19.7,1.2,KL-ACH-01
2016-08-11,18.68,1.9,KL-ACH-01
2016-08-12,17.88,7.5,KL-ACH-01
2016-08-13,17.28,2.3,KL-ACH-01
2016-08-14,16.7,3.3,KL-ACH-01
2016-08-15,16.3,3.6,KL-ACH-01
2016-08-16,16.14,4.7,KL-ACH-01
2016-08-17,15.98,2.5,KL-ACH-01
2016-08-18,15.41,2.5,KL-ACH-01
2016-08-19,14.85,1.6,KL-ACH-01
2016-08-20,14.21,2.6,KL-ACH-01
2016-08-21,13.69,1.4,KL-ACH-01
2016-08-22,13.32,4.8,KL-ACH-01
2016-08-23,13.19,8.6,KL-ACH-01
2016-08-24,13.79,10.4,KL-ACH-01
2016-08-25,14.07,5.2,KL-ACH-01
2016-08-26,13.96,8.4,KL-ACH-01
2016-08-27,13.83,2.0,KL-ACH-01
2016-08-28,13.42,1.6,KL-ACH-01
2016-08-29,12.96,5.3,KL-ACH-01
2016-08-30,12.96,11.3,KL-ACH-01
2016-08-31,13.96,5.5,KL-ACH-01
2016-09-01,14.17,14.5,KL-ACH-01
2016-09-02,14.6,9.7,KL-ACH-01
2016-09-03,14.6,4.1,KL-ACH-01
2016-09-04,14.07,1.4,KL-ACH-01
2016-09-05,13.42,0.9,KL-ACH-01
2016-09-06,12.84,2.0,KL-ACH-01
2016-09-07,12.37,0.2,KL-ACH-01
2016-09-08,11.85,3.1,KL-ACH-01
2016-09-09,11.65,2.3,KL-ACH-01
2016-09-10,11.36,0.7,KL-ACH-01
2016-09-11,10.97,1.3,KL-ACH-01
2016-09-12,10.61,2.3,KL-ACH-01
2016-09-13,10.38,5.3,KL-ACH-01
2016-09-14,10.27,5.1,KL-ACH-01
2016-09-15,10.22,4.4,KL-ACH-01
2016-09-16,10.09,2.1,KL-ACH-01
2016-09-17,9.94,2.5,KL-ACH-01
2016-09-18,9.81,7.6,KL-ACH-01
2016-09-19,9.91,2.4,KL-ACH-01
2016-09-20,9.69,2.5,KL-ACH-01
2016-09-21,9.4,0.5,KL-ACH-01
2016-09-22,9.16,1.6,KL-ACH-01
2016-09-23,8.98,4.7,KL-ACH-01
2016-09-24,8.91,2.6,KL-ACH-01
2016-09-25,8.79,2.2,KL-ACH-01
2016-09-26,8.68,2.8,KL-ACH-01
2016-09-27,8.48,0.5,KL-ACH-01
2016-09-28,8.29,4.5,KL-ACH-01
2016-09-29,8.4,7.6,KL-ACH-01
2016-09-30,8.62,1.6,KL-ACH-01
2016-10-01,8.46,0.5,KL-ACH-01
2016-10-02,8.14,0.1,KL-ACH-01
2016-10-03,7.85,0.4,KL-ACH-01
2016-10-04,7.65,1.7,KL-ACH-01
2016-10-05,7.55,1.8,KL-ACH-01
2016-10-06,7.41,0.2,KL-ACH-01
2016-10-07,7.22,0.0,KL-ACH-01
2016-10-08,7.04,0.9,KL-ACH-01
2016-10-09,6.89,0.1,KL-ACH-01
2016-10-10,6.76,0.9,KL-ACH-01
2016-10-11,6.66,0.0,KL-ACH-01
2016-10-12,6.6,2.7,KL-ACH-01
2016-10-13,7.02,18.5,KL-ACH-01
2016-10-14,8.04,7.5,KL-ACH-01
2016-10-15,10.94,34.5,KL-ACH-01
2016-10-16,15.07,13.0,KL-ACH-01
2016-10-17,15.52,9.3,KL-ACH-01
2016-10-18,16.42,0.8,KL-ACH-01
2016-10-19,16.14,3.6,KL-ACH-01
2016-10-20,15.75,10.1,KL-ACH-01
2016-10-21,16.14,11.8,KL-ACH-01
2016-10-22,17.62,4.2,KL-ACH-01
2016-10-23,17.49,3.7,KL-ACH-01
2016-10-24,16.91,0.1,KL-ACH-01
2016-10-25,16.02,3.0,KL-ACH-01
2016-10-26,15.6,8.1,KL-ACH-01
2016-10-27,17.03,22.9,KL-ACH-01
2016-10-28,19.32,1.8,KL-ACH-01
2016-10-29,19.04,1.8,KL-ACH-01
2016-10-30,18.54,11.0,KL-ACH-01
2016-10-31,21.08,36.5,KL-ACH-01
2016-11-01,23.66,11.8,KL-ACH-01
2016-11-02,24.47,16.9,KL-ACH-01
2016-11-03,25.79,21.6,KL-ACH-01
2016-11-04,29.62,22.5,KL-ACH-01
2016-11-05,31.89,1.4,KL-ACH-01
2016-11-06,30.55,0.0,KL-ACH-01
2016-11-07,28.58,0.0,KL-ACH-01
2016-11-08,26.8,2.0,KL-ACH-01
2016-11-09,25.42,5.6,KL-ACH-01
2016-11-10,24.88,0.8,KL-ACH-01
2016-11-11,23.55,0.6,KL-ACH-01
2016-11-12,22.23,0.9,KL-ACH-01
2016-11-13,21.34,14.0,KL-ACH-01
2016-11-14,21.59,9.2,KL-ACH-01
2016-11-15,21.34,3.4,KL-ACH-01
2016-11-16,20.38,3.0,KL-ACH-01
2016-11-17,19.32,1.1,KL-ACH-01
2016-11-18,18.41,6.4,KL-ACH-01
2016-11-19,17.66,4.2,KL-ACH-01
2016-11-20,17.58,0.1,KL-ACH-01
2016-11-21,16.78,2.8,KL-ACH-01
2016-11-22,16.22,8.1,KL-ACH-01
2016-11-23,15.83,2.4,KL-ACH-01
2016-11-24,15.03,0.0,KL-ACH-01
2016-11-25,14.17,0.0,KL-ACH-01
2016-11-26,13.35,0.0,KL-ACH-01
2016-11-27,12.65,0.0,KL-ACH-01
2016-11-28,12.03,0.0,KL-ACH-01
2016-11-29,11.45,0.1,KL-ACH-01
2016-11-30,10.91,0.8,KL-ACH-01
2016-12-01,10.48,2.0,KL-ACH-01
2016-12-02,10.32,0.4,KL-ACH-01
2016-12-03,9.99,0.6,KL-ACH-01
2016-12-04,9.94,0.0,KL-ACH-01
2016-12-05,9.57,0.7,KL-ACH-01
2016-12-06,9.19,1.8,KL-ACH-01
2016-12-07,8.93,0.0,KL-ACH-01
2016-12-08,8.57,0.4,KL-ACH-01
2016-12-09,8.46,0.0,KL-ACH-01
2016-12-10,8.33,0.0,KL-ACH-01
2016-12-11,8.04,0.0,KL-ACH-01
2016-12-12,7.77,0.0,KL-ACH-01
2016-12-13,7.51,1.3,KL-ACH-01
2016-12-14,7.36,0.0,KL-ACH-01
2016-12-15,7.17,0.0,KL-ACH-01
2016-12-16,6.98,0.9,KL-ACH-01
2016-12-17,6.85,0.1,KL-ACH-01
2016-12-18,6.73,0.0,KL-ACH-01
2016-12-19,6.62,0.1,KL-ACH-01
2016-12-20,6.53,0.4,KL-ACH-01
2016-12-21,6.5,2.3,KL-ACH-01
2016-12-22,6.46,0.3,KL-ACH-01
2016-12-23,6.41,0.0,KL-ACH-01
2016-12-24,6.36,0.3,KL-ACH-01
2016-12-25,6.33,0.0,KL-ACH-01
2016-12-26,6.28,0.0,KL-ACH-01
2016-12-27,6.24,0.0,KL-ACH-01
2016-12-28,6.23,0.2,KL-ACH-01
2016-12-29,6.21,1.8,KL-ACH-01
2016-12-30,6.21,0.0,KL-ACH-01
2016-12-31,6.19,0.0,KL-ACH-01
2017-01-01,6.16,0.0,KL-ACH-01
2017-01-02,6.14,0.3,KL-ACH-01
2017-01-03,6.13,0.0,KL-ACH-01
2017-01-04,6.13,0.1,KL-ACH-01
2017-01-05,6.11,0.5,KL-ACH-01
2017-01-06,6.11,0.0,KL-ACH-01
2017-01-07,6.1,1.1,KL-ACH-01
2017-01-08,6.1,0.8,KL-ACH-01
2017-01-09,6.08,0.9,KL-ACH-01
2017-01-10,6.08,0.0,KL-ACH-01
2017-01-11,4.22,0.2,KL-ACH-01
2017-01-12,4.0,0.2,KL-ACH-01
2017-01-13,4.0,0.4,KL-ACH-01
2017-01-14,4.0,0.1,KL-ACH-01
2017-01-15,4.0,0.0,KL-ACH-01
2017-01-16,3.97,0.0,KL-ACH-01
2017-01-17,3.97,0.0,KL-ACH-01
2017-01-18,3.97,0.0,KL-ACH-01
2017-01-19,3.97,0.0,KL-ACH-01
2017-01-20,3.97,0.6,KL-ACH-01
2017-01-21,3.97,0.4,KL-ACH-01
2017-01-22,4.22,1.2,KL-ACH-01
2017-01-23,4.15,0.0,KL-ACH-01
2017-01-24,4.06,0.0,KL-ACH-01
2017-01-25,4.06,1.5,KL-ACH-01
2017-01-26,4.19,5.5,KL-ACH-01
2017-01-27,4.81,14.0,KL-ACH-01
2017-01-28,5.31,18.2,KL-ACH-01
2017-01-29,5.37,3.7,KL-ACH-01
2017-01-30,5.28,2.4,KL-ACH-01
2017-01-31,5.87,0.0,KL-ACH-01
2017-02-01,5.93,0.3,KL-ACH-01
2017-02-02,5.84,0.0,KL-ACH-01
2017-02-03,5.75,0.0,KL-ACH-01
2017-02-04,5.65,0.0,KL-ACH-01
2017-02-05,5.59,0.0,KL-ACH-01
2017-02-06,5.56,0.1,KL-ACH-01
2017-02-07,5.53,0.3,KL-ACH-01
2017-02-08,5.53,0.2,KL-ACH-01
2017-02-09,5.53,0.0,KL-ACH-01
2017-02-10,5.44,0.0,KL-ACH-01
2017-02-11,5.41,0.2,KL-ACH-01
2017-02-12,5.37,0.0,KL-ACH-01
2017-02-13,5.31,0.0,KL-ACH-01
2017-02-14,5.31,0.5,KL-ACH-01
2017-02-15,5.28,0.0,KL-ACH-01
2017-02-16,5.22,0.0,KL-ACH-01
2017-02-17,5.19,0.0,KL-ACH-01
2017-02-18,5.12,0.0,KL-ACH-01
2017-02-19,5.12,0.0,KL-ACH-01
2017-02-20,5.07,0.0,KL-ACH-01
2017-02-21,5.07,0.2,KL-ACH-01
2017-02-22,5.03,0.3,KL-ACH-01
2017-02-23,5.03,1.0,KL-ACH-01
2017-02-24,5.03,0.1,KL-ACH-01
2017-02-25,5.0,0.0,KL-ACH-01
2017-02-26,5.12,0.3,KL-ACH-01
2017-02-27,5.0,0.0,KL-ACH-01
2017-02-28,5.0,0.0,KL-ACH-01
2017-03-01,4.94,0.0,KL-ACH-01
2017-03-02,4.97,0.0,KL-ACH-01
2017-03-03,4.9,3.4,KL-ACH-01
2017-03-04,6.38,32.9,KL-ACH-01
2017-03-05,6.38,8.4,KL-ACH-01
2017-03-06,6.38,8.2,KL-ACH-01
2017-03-07,6.35,12.0,KL-ACH-01
2017-03-08,6.21,17.9,KL-ACH-01
2017-03-09,6.38,10.3,KL-ACH-01
2017-03-10,6.43,33.3,KL-ACH-01
2017-03-11,6.31,1.0,KL-ACH-01
2017-03-12,6.13,1.1,KL-ACH-01
2017-03-13,5.97,5.6,KL-ACH-01
2017-03-14,6.46,21.9,KL-ACH-01
2017-03-15,7.41,13.0,KL-ACH-01
2017-03-16,7.53,3.8,KL-ACH-01
2017-03-17,7.15,1.6,KL-ACH-01
2017-03-18,6.91,9.0,KL-ACH-01
2017-03-19,7.22,2.9,KL-ACH-01
2017-03-20,7.15,2.7,KL-ACH-01
2017-03-21,6.94,5.2,KL-ACH-01
2017-03-22,6.74,4.4,KL-ACH-01
2017-03-23,6.59,2.3,KL-ACH-01
2017-03-24,6.46,0.0,KL-ACH-01
2017-03-25,6.31,0.1,KL-ACH-01
2017-03-26,6.16,3.8,KL-ACH-01
2017-03-27,6.19,2.4,KL-ACH-01
2017-03-28,6.13,0.4,KL-ACH-01
2017-03-29,6.0,2.4,KL-ACH-01
2017-03-30,5.9,2.8,KL-ACH-01
2017-03-31,6.1,5.4,KL-ACH-01
2017-04-01,5.97,1.5,KL-ACH-01
2017-04-02,5.87,4.5,KL-ACH-01
2017-04-03,6.35,5.2,KL-ACH-01
2017-04-04,7.05,3.1,KL-ACH-01
2017-04-05,7.69,2.4,KL-ACH-01
2017-04-06,15.33,10.3,KL-ACH-01
2017-04-07,16.99,0.3,KL-ACH-01
2017-04-08,15.33,3.4,KL-ACH-01
2017-04-09,14.45,8.3,KL-ACH-01
2017-04-10,14.38,3.3,KL-ACH-01
2017-04-11,14.24,12.0,KL-ACH-01
2017-04-12,15.83,2.3,KL-ACH-01
2017-04-13,17.28,6.9,KL-ACH-01
2017-04-14,18.01,2.3,KL-ACH-01
2017-04-15,17.66,6.5,KL-ACH-01
2017-04-16,17.28,9.0,KL-ACH-01
2017-04-17,17.41,3.8,KL-ACH-01
2017-04-18,16.7,1.1,KL-ACH-01
2017-04-19,15.75,1.8,KL-ACH-01
2017-04-20,15.11,5.8,KL-ACH-01
2017-04-21,14.89,1.6,KL-ACH-01
2017-04-22,14.63,4.2,KL-ACH-01
2017-04-23,14.63,9.1,KL-ACH-01
2017-04-24,14.42,3.2,KL-ACH-01
2017-04-25,14.24,6.2,KL-ACH-01
2017-04-26,14.03,5.9,KL-ACH-01
2017-04-27,13.69,2.8,KL-ACH-01
2017-04-28,13.42,2.5,KL-ACH-01
2017-04-29,13.32,3.7,KL-ACH-01
2017-04-30,13.49,4.6,KL-ACH-01
2017-05-01,13.29,5.5,KL-ACH-01
2017-05-02,13.83,14.7,KL-ACH-01
2017-05-03,14.14,9.2,KL-ACH-01
2017-05-04,14.38,3.4,KL-ACH-01
2017-05-05,14.21,5.5,KL-ACH-01
2017-05-06,14.42,6.6,KL-ACH-01
2017-05-07,15.07,11.7,KL-ACH-01
2017-05-08,16.06,13.5,KL-ACH-01
2017-05-09,16.26,6.5,KL-ACH-01
2017-05-10,15.75,13.8,KL-ACH-01
2017-05-11,15.9,10.4,KL-ACH-01
2017-05-12,15.63,22.6,KL-ACH-01
2017-05-13,17.79,13.1,KL-ACH-01
2017-05-14,18.68,19.4,KL-ACH-01
2017-05-15,19.56,2.0,KL-ACH-01
2017-05-16,19.04,6.2,KL-ACH-01
2017-05-17,18.82,3.5,KL-ACH-01
2017-05-18,19.32,27.4,KL-ACH-01
2017-05-19,22.6,6.6,KL-ACH-01
2017-05-20,22.07,25.1,KL-ACH-01
2017-05-21,22.33,27.7,KL-ACH-01
2017-05-22,24.18,17.3,KL-ACH-01
2017-05-23,25.12,18.4,KL-ACH-01
2017-05-24,25.36,20.1,KL-ACH-01
2017-05-25,26.42,35.1,KL-ACH-01
2017-05-26,28.99,12.7,KL-ACH-01
2017-05-27,29.34,5.9,KL-ACH-01
2017-05-28,27.77,37.5,KL-ACH-01
2017-05-29,27.58,50.9,KL-ACH-01
2017-05-30,30.41,58.3,KL-ACH-01
2017-05-31,32.81,49.1,KL-ACH-01
2017-06-01,45.88,43.1,KL-ACH-01
2017-06-02,60.38,36.7,KL-ACH-01
2017-06-03,70.29,28.7,KL-ACH-01
2017-06-04,71.95,22.6,KL-ACH-01
2017-06-05,68.82,10.0,KL-ACH-01
2017-06-06,64.92,24.0,KL-ACH-01
2017-06-07,61.52,9.3,KL-ACH-01
2017-06-08,58.7,1.7,KL-ACH-01
2017-06-09,54.72,6.0,KL-ACH-01
2017-06-10,51.97,18.9,KL-ACH-01
2017-06-11,51.84,13.8,KL-ACH-01
2017-06-12,50.52,14.3,KL-ACH-01
2017-06-13,48.43,13.6,KL-ACH-01
2017-06-14,47.08,8.5,KL-ACH-01
2017-06-15,45.13,8.4,KL-ACH-01
2017-06-16,43.36,16.6,KL-ACH-01
2017-06-17,41.95,22.3,KL-ACH-01
2017-06-18,39.74,10.8,KL-ACH-01
2017-06-19,37.46,8.6,KL-ACH-01
2017-06-20,35.73,11.6,KL-ACH-01
2017-06-21,33.99,13.0,KL-ACH-01
2017-06-22,32.65,11.1,KL-ACH-01
2017-06-23,31.73,18.2,KL-ACH-01
2017-06-24,32.27,29.5,KL-ACH-01
2017-06-25,33.91,24.9,KL-ACH-01
2017-06-26,38.45,35.2,KL-ACH-01
2017-06-27,45.67,38.4,KL-ACH-01
2017-06-28,50.05,12.0,KL-ACH-01
2017-06-29,48.09,5.1,KL-ACH-01
2017-06-30,45.45,10.9,KL-ACH-01
2017-07-01,43.16,24.9,KL-ACH-01
2017-07-02,42.75,15.4,KL-ACH-01
2017-07-03,41.85,9.1,KL-ACH-01
2017-07-04,40.11,4.5,KL-ACH-01
2017-07-05,37.73,6.3,KL-ACH-01
2017-07-06,35.73,7.1,KL-ACH-01
2017-07-07,34.16,8.7,KL-ACH-01
2017-07-08,32.42,14.6,KL-ACH-01
2017-07-09,30.84,13.2,KL-ACH-01
2017-07-10,29.27,15.9,KL-ACH-01
2017-07-11,28.44,9.2,KL-ACH-01
2017-07-12,27.25,4.5,KL-ACH-01
2017-07-13,25.85,6.5,KL-ACH-01
2017-07-14,24.59,3.7,KL-ACH-01
2017-07-15,23.43,3.2,KL-ACH-01
2017-07-16,22.44,9.8,KL-ACH-01
2017-07-17,21.65,14.5,KL-ACH-01
2017-07-18,21.28,17.3,KL-ACH-01
2017-07-19,21.59,38.4,KL-ACH-01
2017-07-20,22.44,19.3,KL-ACH-01
2017-07-21,24.12,8.3,KL-ACH-01
2017-07-22,23.55,5.2,KL-ACH-01
2017-07-23,22.12,2.1,KL-ACH-01
2017-07-24,20.73,1.6,KL-ACH-01
2017-07-25,19.42,0.2,KL-ACH-01
2017-07-26,18.28,1.2,KL-ACH-01
2017-07-27,17.28,7.5,KL-ACH-01
2017-07-28,16.42,14.4,KL-ACH-01
2017-07-29,15.83,2.8,KL-ACH-01
2017-07-30,15.07,6.2,KL-ACH-01
2017-07-31,14.7,9.9,KL-ACH-01
2017-08-01,14.63,4.6,KL-ACH-01
2017-08-02,14.52,4.7,KL-ACH-01
2017-08-03,14.35,18.1,KL-ACH-01
2017-08-04,14.45,14.3,KL-ACH-01
2017-08-05,14.74,21.1,KL-ACH-01
2017-08-06,14.78,14.8,KL-ACH-01
2017-08-07,14.7,21.5,KL-ACH-01
2017-08-08,14.74,4.2,KL-ACH-01
2017-08-09,14.6,22.1,KL-ACH-01
2017-08-10,15.48,27.2,KL-ACH-01
2017-08-11,16.91,14.2,KL-ACH-01
2017-08-12,17.92,0.6,KL-ACH-01
2017-08-13,17.16,0.3,KL-ACH-01
2017-08-14,16.14,2.2,KL-ACH-01
2017-08-15,15.37,3.3,KL-ACH-01
2017-08-16,15.07,10.7,KL-ACH-01
2017-08-17,15.0,26.2,KL-ACH-01
2017-08-18,15.6,28.3,KL-ACH-01
2017-08-19,17.62,20.6,KL-ACH-01
2017-08-20,19.32,43.1,KL-ACH-01
2017-08-21,22.17,35.4,KL-ACH-01
2017-08-22,26.04,8.9,KL-ACH-01
2017-08-23,26.67,1.7,KL-ACH-01
2017-08-24,25.55,3.7,KL-ACH-01
2017-08-25,24.53,2.7,KL-ACH-01
2017-08-26,23.32,8.1,KL-ACH-01
2017-08-27,23.21,29.8,KL-ACH-01
2017-08-28,28.92,56.6,KL-ACH-01
2017-08-29,36.24,35.4,KL-ACH-01
2017-08-30,40.59,18.1,KL-ACH-01
2017-08-31,40.02,0.5,KL-ACH-01
2017-09-01,37.55,13.5,KL-ACH-01
2017-09-02,37.73,25.6,KL-ACH-01
2017-09-03,38.99,13.5,KL-ACH-01
2017-09-04,39.83,15.7,KL-ACH-01
2017-09-05,38.81,15.7,KL-ACH-01
2017-09-06,39.74,12.7,KL-ACH-01
2017-09-07,41.17,21.5,KL-ACH-01
2017-09-08,43.16,13.8,KL-ACH-01
2017-09-09,43.16,21.9,KL-ACH-01
2017-09-10,43.06,6.8,KL-ACH-01
2017-09-11,41.27,11.6,KL-ACH-01
2017-09-12,40.69,8.5,KL-ACH-01
2017-09-13,39.55,40.2,KL-ACH-01
2017-09-14,41.46,22.2,KL-ACH-01
2017-09-15,42.45,18.5,KL-ACH-01
2017-09-16,42.45,34.1,KL-ACH-01
2017-09-17,66.45,59.1,KL-ACH-01
2017-09-18,74.68,15.1,KL-ACH-01
2017-09-19,68.98,16.4,KL-ACH-01
2017-09-20,64.16,13.6,KL-ACH-01
2017-09-21,60.38,5.7,KL-ACH-01
2017-09-22,56.54,1.2,KL-ACH-01
2017-09-23,52.46,0.6,KL-ACH-01
2017-09-24,48.77,4.5,KL-ACH-01
2017-09-25,45.88,11.7,KL-ACH-01
2017-09-26,43.26,18.3,KL-ACH-01
2017-09-27,41.17,22.4,KL-ACH-01
2017-09-28,42.55,30.1,KL-ACH-01
2017-09-29,44.71,8.5,KL-ACH-01
2017-09-30,43.26,4.9,KL-ACH-01
2017-10-01,41.36,3.5,KL-ACH-01
2017-10-02,39.83,2.2,KL-ACH-01
2017-10-03,38.08,1.6,KL-ACH-01
2017-10-04,35.9,5.6,KL-ACH-01
2017-10-05,34.32,23.1,KL-ACH-01
2017-10-06,34.73,25.8,KL-ACH-01
2017-10-07,35.39,7.2,KL-ACH-01
2017-10-08,33.99,8.6,KL-ACH-01
2017-10-09,32.19,3.0,KL-ACH-01
2017-10-10,30.62,2.6,KL-ACH-01
2017-10-11,29.34,14.8,KL-ACH-01
2017-10-12,28.79,19.6,KL-ACH-01
2017-10-13,30.19,24.5,KL-ACH-01
2017-10-14,31.66,46.3,KL-ACH-01
2017-10-15,31.51,10.6,KL-ACH-01
2017-10-16,30.55,10.2,KL-ACH-01
2017-10-17,29.41,45.8,KL-ACH-01
2017-10-18,28.79,12.0,KL-ACH-01
2017-10-19,27.97,7.9,KL-ACH-01
2017-10-20,27.64,10.3,KL-ACH-01
2017-10-21,28.38,45.3,KL-ACH-01
2017-10-22,29.76,12.4,KL-ACH-01
2017-10-23,29.34,0.0,KL-ACH-01
2017-10-24,27.58,0.0,KL-ACH-01
2017-10-25,25.92,12.6,KL-ACH-01
2017-10-26,26.8,33.8,KL-ACH-01
2017-10-27,27.44,14.1,KL-ACH-01
2017-10-28,30.48,15.3,KL-ACH-01
2017-10-29,32.73,16.0,KL-ACH-01
2017-10-30,33.2,16.4,KL-ACH-01
2017-10-31,36.41,21.9,KL-ACH-01
2017-11-01,36.67,14.3,KL-ACH-01
2017-11-02,38.99,11.0,KL-ACH-01
2017-11-03,42.65,6.9,KL-ACH-01
2017-11-04,69.63,32.6,KL-ACH-01
2017-11-05,79.17,26.7,KL-ACH-01
2017-11-06,76.62,31.1,KL-ACH-01
2017-11-07,71.78,12.7,KL-ACH-01
2017-11-08,69.31,39.4,KL-ACH-01
2017-11-09,67.39,15.3,KL-ACH-01
2017-11-10,66.45,1.6,KL-ACH-01
2017-11-11,62.53,1.5,KL-ACH-01
2017-11-12,59.39,2.7,KL-ACH-01
2017-11-13,56.15,1.4,KL-ACH-01
2017-11-14,52.46,0.0,KL-ACH-01
2017-11-15,49.0,0.1,KL-ACH-01
2017-11-16,45.88,0.0,KL-ACH-01
2017-11-17,42.85,0.8,KL-ACH-01
2017-11-18,40.11,7.6,KL-ACH-01
2017-11-19,37.73,11.9,KL-ACH-01
2017-11-20,37.11,25.5,KL-ACH-01
2017-11-21,35.98,4.7,KL-ACH-01
2017-11-22,34.16,14.3,KL-ACH-01
2017-11-23,32.73,0.0,KL-ACH-01
2017-11-24,30.7,3.1,KL-ACH-01
2017-11-25,29.13,3.7,KL-ACH-01
2017-11-26,28.85,4.5,KL-ACH-01
2017-11-27,31.43,8.5,KL-ACH-01
2017-11-28,31.73,11.5,KL-ACH-01
2017-11-29,31.89,6.6,KL-ACH-01
2017-11-30,41.95,27.0,KL-ACH-01
2017-12-01,52.46,32.2,KL-ACH-01
2017-12-02,55.49,4.4,KL-ACH-01
2017-12-03,52.7,0.8,KL-ACH-01
2017-12-04,48.43,0.0,KL-ACH-01
2017-12-05,44.6,0.1,KL-ACH-01
2017-12-06,41.56,0.2,KL-ACH-01
2017-12-07,38.81,1.7,KL-ACH-01
2017-12-08,36.41,2.7,KL-ACH-01
2017-12-09,34.65,1.1,KL-ACH-01
2017-12-10,33.83,3.0,KL-ACH-01
2017-12-11,32.04,2.7,KL-ACH-01
2017-12-12,30.05,2.9,KL-ACH-01
2017-12-13,28.44,6.1,KL-ACH-01
2017-12-14,27.12,2.2,KL-ACH-01
2017-12-15,26.16,7.2,KL-ACH-01
2017-12-16,24.88,0.0,KL-ACH-01
2017-12-17,23.32,0.0,KL-ACH-01
2017-12-18,21.86,0.0,KL-ACH-01
2017-12-19,20.53,0.1,KL-ACH-01
2017-12-20,19.32,0.2,KL-ACH-01
2017-12-21,18.19,0.6,KL-ACH-01
2017-12-22,17.16,0.2,KL-ACH-01
2017-12-23,16.18,0.1,KL-ACH-01
2017-12-24,15.29,0.0,KL-ACH-01
2017-12-25,14.38,0.0,KL-ACH-01
2017-12-26,13.55,0.6,KL-ACH-01
2017-12-27,12.8,0.0,KL-ACH-01
2017-12-28,12.09,0.0,KL-ACH-01
2017-12-29,11.45,0.0,KL-ACH-01
2017-12-30,10.83,0.0,KL-ACH-01
2017-12-31,10.27,0.3,KL-ACH-01
2018-01-01,9.81,0.0,KL-ACH-01
2018-01-02,9.35,0.0,KL-ACH-01
2018-01-03,8.98,0.7,KL-ACH-01
2018-01-04,8.75,0.3,KL-ACH-01
2018-01-05,8.46,1.1,KL-ACH-01
2018-01-06,8.2,0.0,KL-ACH-01
2018-01-07,7.89,0.1,KL-ACH-01
2018-01-08,7.63,0.0,KL-ACH-01
2018-01-09,7.41,0.0,KL-ACH-01
2018-01-10,7.22,1.9,KL-ACH-01
2018-01-11,5.65,0.0,KL-ACH-01
2018-01-12,4.83,1.6,KL-ACH-01
2018-01-13,4.6,0.0,KL-ACH-01
2018-01-14,4.52,0.0,KL-ACH-01
2018-01-15,4.46,0.0,KL-ACH-01
2018-01-16,4.4,0.0,KL-ACH-01
2018-01-17,4.35,0.2,KL-ACH-01
2018-01-18,4.31,0.0,KL-ACH-01
2018-01-19,4.28,0.0,KL-ACH-01
2018-01-20,4.26,0.0,KL-ACH-01
2018-01-21,4.26,0.0,KL-ACH-01
2018-01-22,4.25,0.0,KL-ACH-01
2018-01-23,4.2,0.4,KL-ACH-01
2018-01-24,4.2,1.7,KL-ACH-01
2018-01-25,4.19,0.7,KL-ACH-01
2018-01-26,4.19,0.1,KL-ACH-01
2018-01-27,4.19,0.1,KL-ACH-01
2018-01-28,4.19,0.3,KL-ACH-01
2018-01-29,4.15,0.0,KL-ACH-01
2018-01-30,4.15,0.0,KL-ACH-01
2018-01-31,5.19,0.0,KL-ACH-01
2018-02-01,5.56,0.0,KL-ACH-01
2018-02-02,5.59,0.0,KL-ACH-01
2018-02-03,5.59,0.0,KL-ACH-01
2018-02-04,5.56,0.0,KL-ACH-01
2018-02-05,5.5,0.3,KL-ACH-01
2018-02-06,5.47,5.7,KL-ACH-01
2018-02-07,5.59,10.3,KL-ACH-01
2018-02-08,5.9,15.9,KL-ACH-01
2018-02-09,6.19,10.0,KL-ACH-01
2018-02-10,6.21,2.6,KL-ACH-01
2018-02-11,6.13,0.3,KL-ACH-01
2018-02-12,6.16,0.7,KL-ACH-01
2018-02-13,6.1,0.8,KL-ACH-01
2018-02-14,5.93,0.0,KL-ACH-01
2018-02-15,5.81,0.0,KL-ACH-01
2018-02-16,5.71,0.0,KL-ACH-01
2018-02-17,5.68,0.0,KL-ACH-01
2018-02-18,5.59,0.0,KL-ACH-01
2018-02-19,5.56,0.2,KL-ACH-01
2018-02-20,5.47,0.0,KL-ACH-01
2018-02-21,5.44,0.0,KL-ACH-01
2018-02-22,5.41,0.2,KL-ACH-01
2018-02-23,5.37,0.0,KL-ACH-01
2018-02-24,5.34,0.0,KL-ACH-01
2018-02-25,5.28,0.0,KL-ACH-01
2018-02-26,5.28,0.3,KL-ACH-01
2018-02-27,5.25,0.0,KL-ACH-01
2018-02-28,5.19,0.4,KL-ACH-01
2018-03-01,5.19,0.7,KL-ACH-01
2018-03-02,5.19,0.0,KL-ACH-01
2018-03-03,5.15,0.0,KL-ACH-01
2018-03-04,5.12,0.0,KL-ACH-01
2018-03-05,5.15,0.3,KL-ACH-01
2018-03-06,5.1,0.1,KL-ACH-01
2018-03-07,5.07,0.2,KL-ACH-01
2018-03-08,5.1,0.0,KL-ACH-01
2018-03-09,5.0,0.1,KL-ACH-01
2018-03-10,4.94,0.0,KL-ACH-01
2018-03-11,4.9,0.0,KL-ACH-01
2018-03-12,4.87,0.9,KL-ACH-01
2018-03-13,5.68,12.1,KL-ACH-01
2018-03-14,5.59,12.5,KL-ACH-01
2018-03-15,5.37,4.9,KL-ACH-01
2018-03-16,5.22,6.2,KL-ACH-01
2018-03-17,5.25,8.9,KL-ACH-01
2018-03-18,6.38,11.2,KL-ACH-01
2018-03-19,6.41,7.9,KL-ACH-01
2018-03-20,5.87,1.8,KL-ACH-01
2018-03-21,5.59,3.5,KL-ACH-01
2018-03-22,5.44,3.3,KL-ACH-01
2018-03-23,5.34,0.0,KL-ACH-01
2018-03-24,5.31,3.4,KL-ACH-01
2018-03-25,5.19,0.0,KL-ACH-01
2018-03-26,5.12,0.7,KL-ACH-01
2018-03-27,5.84,9.6,KL-ACH-01
2018-03-28,5.59,0.9,KL-ACH-01
2018-03-29,5.5,2.0,KL-ACH-01
2018-03-30,5.44,4.0,KL-ACH-01
2018-03-31,5.31,0.8,KL-ACH-01
2018-04-01,5.31,6.1,KL-ACH-01
2018-04-02,5.28,1.0,KL-ACH-01
2018-04-03,5.22,6.4,KL-ACH-01
2018-04-04,5.25,4.7,KL-ACH-01
2018-04-05,5.28,2.7,KL-ACH-01
2018-04-06,5.25,1.2,KL-ACH-01
2018-04-07,5.22,3.8,KL-ACH-01
2018-04-08,5.15,0.8,KL-ACH-01
2018-04-09,6.0,19.6,KL-ACH-01
2018-04-10,6.16,10.3,KL-ACH-01
2018-04-11,6.5,11.6,KL-ACH-01
2018-04-12,6.94,18.5,KL-ACH-01
2018-04-13,6.94,20.6,KL-ACH-01
2018-04-14,7.0,13.2,KL-ACH-01
2018-04-15,7.0,13.6,KL-ACH-01
2018-04-16,6.82,5.8,KL-ACH-01
2018-04-17,6.62,1.9,KL-ACH-01
2018-04-18,6.57,3.9,KL-ACH-01
2018-04-19,6.53,3.3,KL-ACH-01
2018-04-20,6.59,3.0,KL-ACH-01
2018-04-21,6.69,15.8,KL-ACH-01
2018-04-22,6.59,2.0,KL-ACH-01
2018-04-23,6.5,4.7,KL-ACH-01
2018-04-24,6.46,2.8,KL-ACH-01
2018-04-25,6.46,1.5,KL-ACH-01
2018-04-26,6.53,4.3,KL-ACH-01
2018-04-27,6.74,1.6,KL-ACH-01
2018-04-28,6.85,2.4,KL-ACH-01
2018-04-29,6.78,6.3,KL-ACH-01
2018-04-30,6.74,4.0,KL-ACH-01
2018-05-01,6.74,0.9,KL-ACH-01
2018-05-02,6.94,13.7,KL-ACH-01
2018-05-03,7.0,13.4,KL-ACH-01
2018-05-04,7.57,12.2,KL-ACH-01
2018-05-05,8.46,17.6,KL-ACH-01
2018-05-06,8.75,17.4,KL-ACH-01
2018-05-07,9.21,19.9,KL-ACH-01
2018-05-08,9.47,40.2,KL-ACH-01
2018-05-09,10.25,14.6,KL-ACH-01
2018-05-10,11.56,28.6,KL-ACH-01
2018-05-11,13.79,18.3,KL-ACH-01
2018-05-12,15.52,19.4,KL-ACH-01
2018-05-13,17.97,7.5,KL-ACH-01
2018-05-14,18.41,10.3,KL-ACH-01
2018-05-15,18.95,13.9,KL-ACH-01
2018-05-16,21.03,5.0,KL-ACH-01
2018-05-17,22.88,26.3,KL-ACH-01
2018-05-18,24.94,9.1,KL-ACH-01
2018-05-19,25.79,6.3,KL-ACH-01
2018-05-20,25.06,10.1,KL-ACH-01
2018-05-21,24.53,12.9,KL-ACH-01
2018-05-22,23.72,16.8,KL-ACH-01
2018-05-23,23.27,20.4,KL-ACH-01
2018-05-24,24.88,15.9,KL-ACH-01
2018-05-25,35.9,59.2,KL-ACH-01
2018-05-26,41.95,164.5,KL-ACH-01
2018-05-27,47.75,27.0,KL-ACH-01
2018-05-28,57.08,30.0,KL-ACH-01
2018-05-29,60.24,16.3,KL-ACH-01
2018-05-30,56.54,7.5,KL-ACH-01
2018-05-31,52.7,4.6,KL-ACH-01
2018-06-01,49.58,27.6,KL-ACH-01
2018-06-02,49.0,23.0,KL-ACH-01
2018-06-03,50.29,20.6,KL-ACH-01
2018-06-04,52.46,21.8,KL-ACH-01
2018-06-05,51.12,8.2,KL-ACH-01
2018-06-06,49.7,27.8,KL-ACH-01
2018-06-07,50.17,30.2,KL-ACH-01
2018-06-08,53.33,31.0,KL-ACH-01
2018-06-09,60.38,29.6,KL-ACH-01
2018-06-10,65.53,31.2,KL-ACH-01
2018-06-11,67.55,35.0,KL-ACH-01
2018-06-12,67.71,20.3,KL-ACH-01
2018-06-13,65.68,24.2,KL-ACH-01
2018-06-14,65.53,26.6,KL-ACH-01
2018-06-15,64.46,21.2,KL-ACH-01
2018-06-16,62.39,20.1,KL-ACH-01
2018-06-17,60.94,7.8,KL-ACH-01
2018-06-18,58.16,23.4,KL-ACH-01
2018-06-19,56.02,26.0,KL-ACH-01
2018-06-20,56.41,28.0,KL-ACH-01
2018-06-21,61.09,27.9,KL-ACH-01
2018-06-22,64.61,15.8,KL-ACH-01
2018-06-23,63.71,18.8,KL-ACH-01
2018-06-24,60.8,9.3,KL-ACH-01
2018-06-25,58.43,28.5,KL-ACH-01
2018-06-26,58.43,10.8,KL-ACH-01
2018-06-27,56.28,16.7,KL-ACH-01
2018-06-28,54.21,17.4,KL-ACH-01
2018-06-29,52.46,15.5,KL-ACH-01
2018-06-30,52.33,15.9,KL-ACH-01
2018-07-01,50.52,12.9,KL-ACH-01
2018-07-02,48.89,11.9,KL-ACH-01
2018-07-03,47.53,4.7,KL-ACH-01
2018-07-04,44.92,1.8,KL-ACH-01
2018-07-05,42.15,11.5,KL-ACH-01
2018-07-06,39.64,4.2,KL-ACH-01
2018-07-07,37.46,13.5,KL-ACH-01
2018-07-08,36.76,17.8,KL-ACH-01
2018-07-09,37.46,31.4,KL-ACH-01
2018-07-10,40.4,44.1,KL-ACH-01
2018-07-11,45.13,38.9,KL-ACH-01
2018-07-12,48.55,16.1,KL-ACH-01
2018-07-13,49.82,29.8,KL-ACH-01
2018-07-14,50.29,31.4,KL-ACH-01
2018-07-15,52.95,67.8,KL-ACH-01
2018-07-16,62.53,32.9,KL-ACH-01
2018-07-17,67.55,19.6,KL-ACH-01
2018-07-18,65.22,21.4,KL-ACH-01
2018-07-19,64.16,25.9,KL-ACH-01
2018-07-20,61.81,12.6,KL-ACH-01
2018-07-21,59.95,16.3,KL-ACH-01
2018-07-22,56.81,6.6,KL-ACH-01
2018-07-23,53.2,12.2,KL-ACH-01
2018-07-24,50.17,21.1,KL-ACH-01
2018-07-25,47.75,14.7,KL-ACH-01
2018-07-26,45.13,11.1,KL-ACH-01
2018-07-27,42.55,7.5,KL-ACH-01
2018-07-28,40.11,7.3,KL-ACH-01
2018-07-29,37.9,21.6,KL-ACH-01
2018-07-30,36.24,25.7,KL-ACH-01
2018-07-31,35.14,12.2,KL-ACH-01
2018-08-01,33.67,7.0,KL-ACH-01
2018-08-02,31.89,10.5,KL-ACH-01
2018-08-03,30.12,5.1,KL-ACH-01
2018-08-04,28.44,4.7,KL-ACH-01
2018-08-05,26.8,8.6,KL-ACH-01
2018-08-06,25.61,10.1,KL-ACH-01
2018-08-07,25.24,29.3,KL-ACH-01
2018-08-08,26.86,45.4,KL-ACH-01
2018-08-09,29.97,15.8,KL-ACH-01
2018-08-10,29.2,6.9,KL-ACH-01
2018-08-11,27.91,10.0,KL-ACH-01
2018-08-12,27.38,41.1,KL-ACH-01
2018-08-13,28.72,36.3,KL-ACH-01
2018-08-14,88.33,87.9,KL-ACH-01
2018-08-15,168.04,120.6,KL-ACH-01
2018-08-16,162.68,64.4,KL-ACH-01
2018-08-17,135.14,35.0,KL-ACH-01
2018-08-18,117.03,34.0,KL-ACH-01
2018-08-19,104.44,23.2,KL-ACH-01
2018-08-20,94.28,8.4,KL-ACH-01
2018-08-21,86.5,4.0,KL-ACH-01
2018-08-22,79.35,2.0,KL-ACH-01
2018-08-23,73.13,2.3,KL-ACH-01
2018-08-24,67.55,0.8,KL-ACH-01
2018-08-25,62.83,1.8,KL-ACH-01
2018-08-26,58.43,6.6,KL-ACH-01
2018-08-27,54.59,11.4,KL-ACH-01
2018-08-28,51.24,4.7,KL-ACH-01
2018-08-29,49.12,3.6,KL-ACH-01
2018-08-30,46.21,4.9,KL-ACH-01
2018-08-31,43.46,10.3,KL-ACH-01
2018-09-01,40.88,2.1,KL-ACH-01
2018-09-02,38.36,2.6,KL-ACH-01
2018-09-03,35.98,0.7,KL-ACH-01
2018-09-04,33.67,0.1,KL-ACH-01
2018-09-05,31.58,0.3,KL-ACH-01
2018-09-06,29.62,2.4,KL-ACH-01
2018-09-07,27.91,1.3,KL-ACH-01
2018-09-08,26.23,0.0,KL-ACH-01
2018-09-09,24.64,0.0,KL-ACH-01
2018-09-10,23.1,0.0,KL-ACH-01
2018-09-11,21.7,0.0,KL-ACH-01
2018-09-12,20.43,0.0,KL-ACH-01
2018-09-13,19.18,0.0,KL-ACH-01
2018-09-14,18.05,0.0,KL-ACH-01
2018-09-15,16.99,0.1,KL-ACH-01
2018-09-16,15.98,4.8,KL-ACH-01
2018-09-17,15.22,5.2,KL-ACH-01
2018-09-18,14.6,13.4,KL-ACH-01
2018-09-19,14.31,8.3,KL-ACH-01
2018-09-20,13.96,20.8,KL-ACH-01
2018-09-21,14.03,0.9,KL-ACH-01
2018-09-22,13.39,0.4,KL-ACH-01
2018-09-23,12.71,9.3,KL-ACH-01
2018-09-24,12.58,9.1,KL-ACH-01
2018-09-25,12.3,2.5,KL-ACH-01
2018-09-26,11.91,6.3,KL-ACH-01
2018-09-27,11.91,6.4,KL-ACH-01
2018-09-28,13.29,15.8,KL-ACH-01
2018-09-29,13.62,11.1,KL-ACH-01
2018-09-30,14.92,33.1,KL-ACH-01
2018-10-01,15.9,14.6,KL-ACH-01
2018-10-02,15.79,13.5,KL-ACH-01
2018-10-03,16.3,31.3,KL-ACH-01
2018-10-04,100.62,21.3,KL-ACH-01
2018-10-05,86.9,15.0,KL-ACH-01
2018-10-06,67.71,43.3,KL-ACH-01
2018-10-07,56.94,15.2,KL-ACH-01
2018-10-08,51.84,13.3,KL-ACH-01
2018-10-09,49.93,6.3,KL-ACH-01
2018-10-10,46.42,10.1,KL-ACH-01
2018-10-11,43.57,5.2,KL-ACH-01
2018-10-12,42.05,15.0,KL-ACH-01
2018-10-13,40.02,19.8,KL-ACH-01
2018-10-14,40.4,14.8,KL-ACH-01
2018-10-15,43.06,10.4,KL-ACH-01
2018-10-16,42.65,31.4,KL-ACH-01
2018-10-17,42.35,10.0,KL-ACH-01
2018-10-18,40.3,11.4,KL-ACH-01
2018-10-19,39.09,23.9,KL-ACH-01
2018-10-20,41.36,26.9,KL-ACH-01
2018-10-21,43.46,25.3,KL-ACH-01
2018-10-22,46.53,13.4,KL-ACH-01
2018-10-23,46.97,3.8,KL-ACH-01
2018-10-24,46.21,6.1,KL-ACH-01
2018-10-25,44.29,5.5,KL-ACH-01
2018-10-26,41.85,7.6,KL-ACH-01
2018-10-27,39.27,5.8,KL-ACH-01
2018-10-28,37.02,1.4,KL-ACH-01
2018-10-29,34.81,2.5,KL-ACH-01
2018-10-30,33.28,0.3,KL-ACH-01
2018-10-31,31.58,5.1,KL-ACH-01
2018-11-01,31.36,2.5,KL-ACH-01
2018-11-02,31.51,15.7,KL-ACH-01
2018-11-03,32.96,18.4,KL-ACH-01
2018-11-04,33.28,0.0,KL-ACH-01
2018-11-05,31.36,8.1,KL-ACH-01
2018-11-06,29.55,3.2,KL-ACH-01
2018-11-07,28.79,0.1,KL-ACH-01
2018-11-08,29.2,4.7,KL-ACH-01
2018-11-09,32.81,32.9,KL-ACH-01
2018-11-10,33.04,3.3,KL-ACH-01
2018-11-11,31.28,0.8,KL-ACH-01
2018-11-12,29.76,2.7,KL-ACH-01
2018-11-13,29.83,1.7,KL-ACH-01
2018-11-14,28.72,2.5,KL-ACH-01
2018-11-15,27.51,9.8,KL-ACH-01
2018-11-16,38.72,46.0,KL-ACH-01
2018-11-17,45.24,0.6,KL-ACH-01
2018-11-18,41.95,9.5,KL-ACH-01
2018-11-19,39.27,31.5,KL-ACH-01
2018-11-20,36.76,6.5,KL-ACH-01
2018-11-21,34.97,5.5,KL-ACH-01
2018-11-22,33.91,13.7,KL-ACH-01
2018-11-23,33.12,7.5,KL-ACH-01
2018-11-24,32.65,34.0,KL-ACH-01
2018-11-25,32.42,4.6,KL-ACH-01
2018-11-26,30.62,0.3,KL-ACH-01
2018-11-27,28.58,0.0,KL-ACH-01
2018-11-28,26.73,0.8,KL-ACH-01
2018-11-29,25.3,33.7,KL-ACH-01
2018-11-30,24.35,7.1,KL-ACH-01
2018-12-01,22.99,0.4,KL-ACH-01
2018-12-02,21.59,0.2,KL-ACH-01
2018-12-03,20.23,0.1,KL-ACH-01
2018-12-04,19.04,7.8,KL-ACH-01
2018-12-05,18.68,24.2,KL-ACH-01
2018-12-06,19.32,11.6,KL-ACH-01
2018-12-07,18.86,2.3,KL-ACH-01
2018-12-08,17.92,0.3,KL-ACH-01
2018-12-09,16.91,0.0,KL-ACH-01
2018-12-10,15.9,1.2,KL-ACH-01
2018-12-11,15.03,1.2,KL-ACH-01
2018-12-12,14.45,1.5,KL-ACH-01
2018-12-13,14.24,3.1,KL-ACH-01
2018-12-14,13.86,1.3,KL-ACH-01
2018-12-15,13.29,0.2,KL-ACH-01
2018-12-16,12.61,0.1,KL-ACH-01
2018-12-17,11.94,0.1,KL-ACH-01
2018-12-18,11.3,0.0,KL-ACH-01
2018-12-19,10.78,1.5,KL-ACH-01
2018-12-20,10.32,0.1,KL-ACH-01
2018-12-21,9.84,0.0,KL-ACH-01
2018-12-22,9.64,0.5,KL-ACH-01
2018-12-23,11.68,8.6,KL-ACH-01
2018-12-24,12.58,6.1,KL-ACH-01
2018-12-25,12.27,1.3,KL-ACH-01
2018-12-26,11.65,0.0,KL-ACH-01
2018-12-27,11.02,1.1,KL-ACH-01
2018-12-28,10.51,4.6,KL-ACH-01
2018-12-29,9.99,1.9,KL-ACH-01
2018-12-30,9.45,0.3,KL-ACH-01
2018-12-31,8.98,0.0,KL-ACH-01
2019-01-01,8.53,0.0,KL-ACH-01
2019-01-02,8.18,0.0,KL-ACH-01
2019-01-03,7.87,0.0,KL-ACH-01
2019-01-04,7.59,0.0,KL-ACH-01
2019-01-05,7.38,0.0,KL-ACH-01
2019-01-06,7.15,0.0,KL-ACH-01
2019-01-07,7.0,0.0,KL-ACH-01
2019-01-08,6.85,0.0,KL-ACH-01
2019-01-09,6.74,0.0,KL-ACH-01
2019-01-10,6.66,0.0,KL-ACH-01
2019-01-11,5.25,0.0,KL-ACH-01
2019-01-12,4.5,0.0,KL-ACH-01
2019-01-13,4.31,0.0,KL-ACH-01
2019-01-14,4.28,0.0,KL-ACH-01
2019-01-15,4.28,0.0,KL-ACH-01
2019-01-16,4.25,0.0,KL-ACH-01
2019-01-17,4.22,0.0,KL-ACH-01
2019-01-18,4.22,0.0,KL-ACH-01
2019-01-19,4.19,0.0,KL-ACH-01
2019-01-20,4.19,0.0,KL-ACH-01
2019-01-21,4.15,0.0,KL-ACH-01
2019-01-22,4.15,0.0,KL-ACH-01
2019-01-23,4.15,0.0,KL-ACH-01
2019-01-24,4.13,0.8,KL-ACH-01
2019-01-25,4.13,0.0,KL-ACH-01
2019-01-26,4.13,0.1,KL-ACH-01
2019-01-27,4.13,0.9,KL-ACH-01
2019-01-28,4.13,0.2,KL-ACH-01
2019-01-29,4.09,0.5,KL-ACH-01
2019-01-30,4.09,0.0,KL-ACH-01
2019-01-31,5.07,0.1,KL-ACH-01
2019-02-01,5.5,0.0,KL-ACH-01
2019-02-02,5.53,0.0,KL-ACH-01
2019-02-03,5.5,0.0,KL-ACH-01
2019-02-04,5.53,0.0,KL-ACH-01
2019-02-05,5.68,10.0,KL-ACH-01
2019-02-06,5.5,0.7,KL-ACH-01
2019-02-07,5.47,0.4,KL-ACH-01
2019-02-08,5.44,1.2,KL-ACH-01
2019-02-09,5.59,16.8,KL-ACH-01
2019-02-10,5.78,12.8,KL-ACH-01
2019-02-11,5.68,0.0,KL-ACH-01
2019-02-12,5.56,0.0,KL-ACH-01
2019-02-13,5.47,0.0,KL-ACH-01
2019-02-14,5.41,0.1,KL-ACH-01
2019-02-15,5.37,3.1,KL-ACH-01
2019-02-16,5.34,8.0,KL-ACH-01
2019-02-17,5.28,0.0,KL-ACH-01
2019-02-18,5.25,0.0,KL-ACH-01
2019-02-19,5.25,1.5,KL-ACH-01
2019-02-20,5.19,2.3,KL-ACH-01
2019-02-21,5.19,0.0,KL-ACH-01
2019-02-22,5.12,0.0,KL-ACH-01
2019-02-23,5.12,0.0,KL-ACH-01
2019-02-24,5.1,0.0,KL-ACH-01
2019-02-25,5.1,0.0,KL-ACH-01
2019-02-26,5.07,0.1,KL-ACH-01
2019-02-27,5.12,1.0,KL-ACH-01
2019-02-28,5.1,1.3,KL-ACH-01
2019-03-01,5.0,0.3,KL-ACH-01
2019-03-02,5.65,7.4,KL-ACH-01
2019-03-03,5.75,1.4,KL-ACH-01
2019-03-04,5.53,0.7,KL-ACH-01
2019-03-05,5.37,0.2,KL-ACH-01
2019-03-06,5.25,1.2,KL-ACH-01
2019-03-07,5.15,0.1,KL-ACH-01
2019-03-08,5.19,5.2,KL-ACH-01
2019-03-09,5.28,12.2,KL-ACH-01
2019-03-10,5.19,1.2,KL-ACH-01
2019-03-11,5.15,3.4,KL-ACH-01
2019-03-12,5.1,0.5,KL-ACH-01
2019-03-13,5.03,0.0,KL-ACH-01
2019-03-14,4.97,0.0,KL-ACH-01
2019-03-15,5.0,0.0,KL-ACH-01
2019-03-16,4.97,0.2,KL-ACH-01
2019-03-17,4.9,0.8,KL-ACH-01
2019-03-18,4.9,2.1,KL-ACH-01
2019-03-19,4.87,0.3,KL-ACH-01
2019-03-20,4.9,2.5,KL-ACH-01
2019-03-21,4.81,0.2,KL-ACH-01
2019-03-22,4.78,0.5,KL-ACH-01
2019-03-23,4.81,1.2,KL-ACH-01
2019-03-24,4.81,2.5,KL-ACH-01
2019-03-25,4.71,0.3,KL-ACH-01
2019-03-26,4.69,0.0,KL-ACH-01
2019-03-27,4.69,1.8,KL-ACH-01
2019-03-28,4.69,1.6,KL-ACH-01
2019-03-29,4.71,3.4,KL-ACH-01
2019-03-30,4.78,2.1,KL-ACH-01
2019-03-31,4.75,0.9,KL-ACH-01
2019-04-01,4.71,3.1,KL-ACH-01
2019-04-02,4.71,2.2,KL-ACH-01
2019-04-03,4.81,3.1,KL-ACH-01
2019-04-04,4.78,0.2,KL-ACH-01
2019-04-05,4.71,0.4,KL-ACH-01
2019-04-06,4.75,3.0,KL-ACH-01
2019-04-07,4.71,0.3,KL-ACH-01
2019-04-08,4.71,4.5,KL-ACH-01
2019-04-09,5.62,3.6,KL-ACH-01
2019-04-10,5.84,2.2,KL-ACH-01
2019-04-11,5.81,3.3,KL-ACH-01
2019-04-12,5.81,1.2,KL-ACH-01
2019-04-13,5.78,3.0,KL-ACH-01
2019-04-14,5.78,1.6,KL-ACH-01
2019-04-15,5.75,2.8,KL-ACH-01
2019-04-16,5.78,19.3,KL-ACH-01
2019-04-17,5.93,13.9,KL-ACH-01
2019-04-18,7.15,33.5,KL-ACH-01
2019-04-19,7.32,17.8,KL-ACH-01
2019-04-20,8.31,31.3,KL-ACH-01
2019-04-21,8.29,1.7,KL-ACH-01
2019-04-22,8.23,16.9,KL-ACH-01
2019-04-23,8.53,6.5,KL-ACH-01
2019-04-24,8.53,8.7,KL-ACH-01
2019-04-25,8.29,10.6,KL-ACH-01
2019-04-26,8.04,6.1,KL-ACH-01
2019-04-27,7.87,0.7,KL-ACH-01
2019-04-28,8.23,8.1,KL-ACH-01
2019-04-29,9.0,13.1,KL-ACH-01
2019-04-30,9.52,10.7,KL-ACH-01
2019-05-01,9.47,7.4,KL-ACH-01
2019-05-02,9.12,0.4,KL-ACH-01
2019-05-03,8.68,2.4,KL-ACH-01
2019-05-04,8.25,1.7,KL-ACH-01
2019-05-05,7.91,0.6,KL-ACH-01
2019-05-06,7.59,4.2,KL-ACH-01
2019-05-07,7.69,1.5,KL-ACH-01
2019-05-08,7.91,0.2,KL-ACH-01
2019-05-09,7.75,3.1,KL-ACH-01
2019-05-10,7.63,1.4,KL-ACH-01
2019-05-11,7.69,7.9,KL-ACH-01
2019-05-12,7.99,7.9,KL-ACH-01
2019-05-13,8.62,5.8,KL-ACH-01
2019-05-14,8.73,7.4,KL-ACH-01
2019-05-15,8.91,7.2,KL-ACH-01
2019-05-16,9.19,6.6,KL-ACH-01
2019-05-17,9.59,10.4,KL-ACH-01
2019-05-18,10.07,3.7,KL-ACH-01
2019-05-19,10.09,4.0,KL-ACH-01
2019-05-20,10.04,3.7,KL-ACH-01
2019-05-21,10.43,5.9,KL-ACH-01
2019-05-22,10.67,12.1,KL-ACH-01
2019-05-23,11.13,12.8,KL-ACH-01
2019-05-24,11.56,33.4,KL-ACH-01
2019-05-25,12.18,7.9,KL-ACH-01
2019-05-26,12.58,11.0,KL-ACH-01
2019-05-27,12.96,9.3,KL-ACH-01
2019-05-28,13.39,0.3,KL-ACH-01
2019-05-29,13.89,27.3,KL-ACH-01
2019-05-30,16.62,11.2,KL-ACH-01
2019-05-31,17.03,21.5,KL-ACH-01
2019-06-01,17.79,3.7,KL-ACH-01
2019-06-02,18.01,8.9,KL-ACH-01
2019-06-03,18.45,8.5,KL-ACH-01
2019-06-04,18.1,16.3,KL-ACH-01
2019-06-05,18.86,27.3,KL-ACH-01
2019-06-06,21.49,11.2,KL-ACH-01
2019-06-07,22.17,11.4,KL-ACH-01
2019-06-08,22.71,15.0,KL-ACH-01
2019-06-09,23.89,33.4,KL-ACH-01
2019-06-10,29.62,29.5,KL-ACH-01
2019-06-11,35.06,27.0,KL-ACH-01
2019-06-12,37.02,30.1,KL-ACH-01
2019-06-13,38.81,22.8,KL-ACH-01
2019-06-14,38.54,11.7,KL-ACH-01
2019-06-15,37.19,12.6,KL-ACH-01
2019-06-16,35.31,3.4,KL-ACH-01
2019-06-17,33.12,9.4,KL-ACH-01
2019-06-18,31.28,8.4,KL-ACH-01
2019-06-19,29.9,16.9,KL-ACH-01
2019-06-20,28.92,16.8,KL-ACH-01
2019-06-21,28.31,21.3,KL-ACH-01
2019-06-22,28.38,21.5,KL-ACH-01
2019-06-23,29.34,20.3,KL-ACH-01
2019-06-24,28.72,12.4,KL-ACH-01
2019-06-25,27.58,15.1,KL-ACH-01
2019-06-26,26.48,4.8,KL-ACH-01
2019-06-27,25.55,4.2,KL-ACH-01
2019-06-28,24.64,3.5,KL-ACH-01
2019-06-29,23.55,3.5,KL-ACH-01
2019-06-30,22.77,3.9,KL-ACH-01
2019-07-01,21.96,6.7,KL-ACH-01
2019-07-02,22.23,18.2,KL-ACH-01
2019-07-03,22.99,13.4,KL-ACH-01
2019-07-04,22.82,14.9,KL-ACH-01
2019-07-05,22.82,12.7,KL-ACH-01
2019-07-06,23.43,7.3,KL-ACH-01
2019-07-07,23.95,12.7,KL-ACH-01
2019-07-08,23.27,7.7,KL-ACH-01
2019-07-09,22.44,13.0,KL-ACH-01
2019-07-10,22.71,8.2,KL-ACH-01
2019-07-11,22.23,0.3,KL-ACH-01
2019-07-12,20.93,9.2,KL-ACH-01
2019-07-13,19.99,7.7,KL-ACH-01
2019-07-14,19.65,18.4,KL-ACH-01
2019-07-15,20.43,10.3,KL-ACH-01
2019-07-16,20.78,13.2,KL-ACH-01
2019-07-17,20.43,28.2,KL-ACH-01
2019-07-18,49.47,77.2,KL-ACH-01
2019-07-19,63.57,64.1,KL-ACH-01
2019-07-20,61.52,39.0,KL-ACH-01
2019-07-21,62.39,46.8,KL-ACH-01
2019-07-22,62.39,13.9,KL-ACH-01
2019-07-23,59.53,3.7,KL-ACH-01
2019-07-24,54.85,5.0,KL-ACH-01
2019-07-25,50.88,18.4,KL-ACH-01
2019-07-26,48.2,2.8,KL-ACH-01
2019-07-27,45.13,1.9,KL-ACH-01
2019-07-28,42.05,1.1,KL-ACH-01
2019-07-29,39.18,2.9,KL-ACH-01
2019-07-30,36.76,4.3,KL-ACH-01
2019-07-31,34.32,2.3,KL-ACH-01
2019-08-01,32.19,7.3,KL-ACH-01
2019-08-02,30.55,10.0,KL-ACH-01
2019-08-03,29.55,6.4,KL-ACH-01
2019-08-04,28.72,18.4,KL-ACH-01
2019-08-05,28.51,22.7,KL-ACH-01
2019-08-06,28.85,33.2,KL-ACH-01
2019-08-07,30.7,67.7,KL-ACH-01
2019-08-08,44.19,78.4,KL-ACH-01
2019-08-09,51.97,38.3,KL-ACH-01
2019-08-10,54.34,30.2,KL-ACH-01
2019-08-11,53.7,27.2,KL-ACH-01
2019-08-12,51.36,16.8,KL-ACH-01
2019-08-13,58.7,174.7,KL-ACH-01
2019-08-14,64.01,30.8,KL-ACH-01
2019-08-15,62.1,16.2,KL-ACH-01
2019-08-16,57.88,3.5,KL-ACH-01
2019-08-17,53.95,10.0,KL-ACH-01
2019-08-18,50.4,11.0,KL-ACH-01
2019-08-19,47.64,10.3,KL-ACH-01
2019-08-20,46.42,18.0,KL-ACH-01
2019-08-21,46.42,29.9,KL-ACH-01
2019-08-22,47.08,33.0,KL-ACH-01
2019-08-23,49.0,27.9,KL-ACH-01
2019-08-24,48.77,10.7,KL-ACH-01
2019-08-25,47.53,33.1,KL-ACH-01
2019-08-26,58.16,66.3,KL-ACH-01
2019-08-27,64.46,17.9,KL-ACH-01
2019-08-28,64.16,29.4,KL-ACH-01
2019-08-29,65.22,27.9,KL-ACH-01
2019-08-30,64.61,10.9,KL-ACH-01
2019-08-31,61.52,16.6,KL-ACH-01
2019-09-01,59.39,21.7,KL-ACH-01
2019-09-02,60.09,27.2,KL-ACH-01
2019-09-03,59.81,14.4,KL-ACH-01
2019-09-04,57.88,25.4,KL-ACH-01
2019-09-05,58.02,22.4,KL-ACH-01
2019-09-06,57.08,13.7,KL-ACH-01
2019-09-07,55.36,7.0,KL-ACH-01
2019-09-08,52.46,5.2,KL-ACH-01
2019-09-09,49.12,3.5,KL-ACH-01
2019-09-10,46.1,14.6,KL-ACH-01
2019-09-11,43.98,13.9,KL-ACH-01
2019-09-12,44.29,10.2,KL-ACH-01
2019-09-13,42.95,7.8,KL-ACH-01
2019-09-14,40.78,8.6,KL-ACH-01
2019-09-15,38.72,15.7,KL-ACH-01
2019-09-16,37.37,9.0,KL-ACH-01
2019-09-17,35.81,14.8,KL-ACH-01
2019-09-18,34.4,22.0,KL-ACH-01
2019-09-19,34.73,20.3,KL-ACH-01
2019-09-20,35.64,5.4,KL-ACH-01
2019-09-21,34.16,3.7,KL-ACH-01
2019-09-22,32.81,12.4,KL-ACH-01
2019-09-23,34.48,20.9,KL-ACH-01
2019-09-24,36.07,12.3,KL-ACH-01
2019-09-25,38.99,38.9,KL-ACH-01
2019-09-26,38.54,30.2,KL-ACH-01
2019-09-27,37.37,1.9,KL-ACH-01
2019-09-28,35.9,11.7,KL-ACH-01
2019-09-29,34.48,54.1,KL-ACH-01
2019-09-30,35.06,15.6,KL-ACH-01
2019-10-01,34.32,10.4,KL-ACH-01
2019-10-02,34.73,17.9,KL-ACH-01
2019-10-03,35.31,9.4,KL-ACH-01
2019-10-04,36.15,3.0,KL-ACH-01
2019-10-05,36.07,22.5,KL-ACH-01
2019-10-06,38.36,10.8,KL-ACH-01
2019-10-07,38.9,13.6,KL-ACH-01
2019-10-08,39.74,4.1,KL-ACH-01
2019-10-09,39.18,13.3,KL-ACH-01
2019-10-10,38.81,12.3,KL-ACH-01
2019-10-11,37.82,39.4,KL-ACH-01
2019-10-12,37.19,19.5,KL-ACH-01
2019-10-13,40.21,18.4,KL-ACH-01
2019-10-14,43.16,28.8,KL-ACH-01
2019-10-15,42.75,25.0,KL-ACH-01
2019-10-16,44.6,38.1,KL-ACH-01
2019-10-17,44.6,13.0,KL-ACH-01
2019-10-18,45.77,18.7,KL-ACH-01
2019-10-19,47.64,22.7,KL-ACH-01
2019-10-20,49.93,56.2,KL-ACH-01
2019-10-21,54.46,24.1,KL-ACH-01
2019-10-22,53.58,10.2,KL-ACH-01
2019-10-23,51.72,57.6,KL-ACH-01
2019-10-24,52.58,16.7,KL-ACH-01
2019-10-25,51.0,9.6,KL-ACH-01
2019-10-26,49.12,8.0,KL-ACH-01
2019-10-27,47.98,0.0,KL-ACH-01
2019-10-28,47.75,2.5,KL-ACH-01
2019-10-29,48.43,20.0,KL-ACH-01
2019-10-30,49.93,33.6,KL-ACH-01
2019-10-31,52.83,29.9,KL-ACH-01
2019-11-01,53.83,0.0,KL-ACH-01
2019-11-02,51.0,4.7,KL-ACH-01
2019-11-03,50.29,28.2,KL-ACH-01
2019-11-04,50.88,6.7,KL-ACH-01
2019-11-05,48.55,7.4,KL-ACH-01
2019-11-06,45.99,4.7,KL-ACH-01
2019-11-07,43.77,6.7,KL-ACH-01
2019-11-08,42.35,5.1,KL-ACH-01
2019-11-09,44.19,14.1,KL-ACH-01
2019-11-10,45.99,19.6,KL-ACH-01
2019-11-11,45.77,13.2,KL-ACH-01
2019-11-12,45.67,7.3,KL-ACH-01
2019-11-13,43.67,0.0,KL-ACH-01
2019-11-14,40.88,1.5,KL-ACH-01
2019-11-15,38.72,23.3,KL-ACH-01
2019-11-16,37.64,36.2,KL-ACH-01
2019-11-17,38.17,13.2,KL-ACH-01
2019-11-18,36.5,3.7,KL-ACH-01
2019-11-19,35.31,31.7,KL-ACH-01
2019-11-20,35.64,13.1,KL-ACH-01
2019-11-21,34.32,5.3,KL-ACH-01
2019-11-22,32.57,7.2,KL-ACH-01
2019-11-23,31.36,0.1,KL-ACH-01
2019-11-24,29.55,19.2,KL-ACH-01
2019-11-25,27.84,2.6,KL-ACH-01
2019-11-26,26.16,2.5,KL-ACH-01
2019-11-27,24.59,1.0,KL-ACH-01
2019-11-28,23.49,0.0,KL-ACH-01
2019-11-29,22.82,12.5,KL-ACH-01
2019-11-30,23.04,41.7,KL-ACH-01
2019-12-01,25.73,26.6,KL-ACH-01
2019-12-02,26.8,2.9,KL-ACH-01
2019-12-03,25.67,4.3,KL-ACH-01
2019-12-04,25.42,0.0,KL-ACH-01
2019-12-05,24.06,1.1,KL-ACH-01
2019-12-06,22.66,0.1,KL-ACH-01
2019-12-07,21.8,15.7,KL-ACH-01
2019-12-08,20.93,1.6,KL-ACH-01
2019-12-09,19.84,0.0,KL-ACH-01
2019-12-10,18.63,0.2,KL-ACH-01
2019-12-11,17.54,0.6,KL-ACH-01
2019-12-12,16.62,1.1,KL-ACH-01
2019-12-13,15.83,2.9,KL-ACH-01
2019-12-14,15.56,46.8,KL-ACH-01
2019-12-15,15.18,0.0,KL-ACH-01
2019-12-16,14.31,0.3,KL-ACH-01
2019-12-17,13.42,0.6,KL-ACH-01
2019-12-18,12.68,0.5,KL-ACH-01
2019-12-19,11.97,1.6,KL-ACH-01
2019-12-20,11.94,11.2,KL-ACH-01
2019-12-21,13.79,0.0,KL-ACH-01
2019-12-22,13.59,0.2,KL-ACH-01
2019-12-23,12.8,0.2,KL-ACH-01
2019-12-24,12.34,0.8,KL-ACH-01
2019-12-25,12.03,5.7,KL-ACH-01
2019-12-26,11.42,4.0,KL-ACH-01
2019-12-27,10.83,0.4,KL-ACH-01
2019-12-28,10.27,0.0,KL-ACH-01
2019-12-29,9.79,0.0,KL-ACH-01
2019-12-30,9.35,0.3,KL-ACH-01
2019-12-31,9.02,2.0,KL-ACH-01
2020-01-01,8.66,1.0,KL-ACH-01
2020-01-02,8.33,0.5,KL-ACH-01
2020-01-03,8.06,1.5,KL-ACH-01
2020-01-04,7.89,6.2,KL-ACH-01
2020-01-05,7.79,1.4,KL-ACH-01
2020-01-06,7.59,0.0,KL-ACH-01
2020-01-07,7.41,0.0,KL-ACH-01
2020-01-08,7.22,1.2,KL-ACH-01
2020-01-09,7.09,0.0,KL-ACH-01
2020-01-10,6.96,0.0,KL-ACH-01
2020-01-11,5.59,0.0,KL-ACH-01
2020-01-12,4.94,0.0,KL-ACH-01
2020-01-13,4.6,0.6,KL-ACH-01
2020-01-14,4.47,0.0,KL-ACH-01
2020-01-15,4.41,0.0,KL-ACH-01
2020-01-16,4.35,0.0,KL-ACH-01
2020-01-17,4.28,0.1,KL-ACH-01
2020-01-18,4.25,0.8,KL-ACH-01
2020-01-19,4.22,0.4,KL-ACH-01
2020-01-20,4.22,0.0,KL-ACH-01
2020-01-21,4.22,0.0,KL-ACH-01
2020-01-22,4.19,0.0,KL-ACH-01
2020-01-23,4.15,0.0,KL-ACH-01
2020-01-24,4.13,0.0,KL-ACH-01
2020-01-25,4.09,0.0,KL-ACH-01
2020-01-26,4.08,0.0,KL-ACH-01
2020-01-27,4.06,0.6,KL-ACH-01
2020-01-28,4.05,0.2,KL-ACH-01
2020-01-29,4.05,0.4,KL-ACH-01
2020-01-30,4.04,0.2,KL-ACH-01
2020-01-31,5.0,1.2,KL-ACH-01
2020-02-01,5.35,2.0,KL-ACH-01
2020-02-02,5.5,1.4,KL-ACH-01
2020-02-03,5.46,0.0,KL-ACH-01
2020-02-04,5.43,0.0,KL-ACH-01
2020-02-05,5.43,0.5,KL-ACH-01
2020-02-06,5.4,0.7,KL-ACH-01
2020-02-07,5.43,0.9,KL-ACH-01
2020-02-08,5.4,1.2,KL-ACH-01
2020-02-09,5.35,0.0,KL-ACH-01
2020-02-10,5.3,0.0,KL-ACH-01
2020-02-11,5.25,0.0,KL-ACH-01
2020-02-12,5.22,0.2,KL-ACH-01
2020-02-13,5.21,0.2,KL-ACH-01
2020-02-14,5.21,0.1,KL-ACH-01
2020-02-15,5.19,1.8,KL-ACH-01
2020-02-16,5.15,0.0,KL-ACH-01
2020-02-17,5.14,0.0,KL-ACH-01
2020-02-18,5.14,0.0,KL-ACH-01
2020-02-19,5.19,0.0,KL-ACH-01
2020-02-20,5.1,0.0,KL-ACH-01
2020-02-21,5.0,0.9,KL-ACH-01
2020-02-22,5.03,0.6,KL-ACH-01
2020-02-23,5.01,0.0,KL-ACH-01
2020-02-24,4.94,0.1,KL-ACH-01
2020-02-25,4.89,0.0,KL-ACH-01
2020-02-26,4.86,0.2,KL-ACH-01
2020-02-27,4.87,1.0,KL-ACH-01
2020-02-28,4.83,0.3,KL-ACH-01
2020-02-29,4.85,0.3,KL-ACH-01
2020-03-01,4.86,0.2,KL-ACH-01
2020-03-02,5.03,6.7,KL-ACH-01
2020-03-03,5.22,3.5,KL-ACH-01
2020-03-04,5.15,6.0,KL-ACH-01
2020-03-05,5.19,5.2,KL-ACH-01
2020-03-06,5.07,1.9,KL-ACH-01
2020-03-07,5.0,1.0,KL-ACH-01
2020-03-08,4.94,0.4,KL-ACH-01
2020-03-09,4.94,9.1,KL-ACH-01
2020-03-10,5.03,0.9,KL-ACH-01
2020-03-11,6.41,1.5,KL-ACH-01
2020-03-12,6.41,0.8,KL-ACH-01
2020-03-13,5.84,0.0,KL-ACH-01
2020-03-14,5.5,0.6,KL-ACH-01
2020-03-15,5.34,0.9,KL-ACH-01
2020-03-16,5.19,0.5,KL-ACH-01
2020-03-17,5.1,0.0,KL-ACH-01
2020-03-18,5.03,0.4,KL-ACH-01
2020-03-19,5.0,1.4,KL-ACH-01
2020-03-20,4.9,1.7,KL-ACH-01
2020-03-21,5.28,11.2,KL-ACH-01
2020-03-22,5.15,1.2,KL-ACH-01
2020-03-23,5.25,9.8,KL-ACH-01
2020-03-24,5.53,4.1,KL-ACH-01
2020-03-25,5.34,3.2,KL-ACH-01
2020-03-26,5.15,0.1,KL-ACH-01
2020-03-27,5.07,0.4,KL-ACH-01
2020-03-28,4.94,0.6,KL-ACH-01
2020-03-29,4.94,0.2,KL-ACH-01
2020-03-30,4.9,1.4,KL-ACH-01
2020-03-31,4.81,1.2,KL-ACH-01
2020-04-01,4.78,0.1,KL-ACH-01
2020-04-02,4.75,0.3,KL-ACH-01
2020-04-03,4.75,2.0,KL-ACH-01
2020-04-04,4.71,0.4,KL-ACH-01
2020-04-05,4.87,11.1,KL-ACH-01
2020-04-06,4.87,6.5,KL-ACH-01
2020-04-07,5.12,3.4,KL-ACH-01
2020-04-08,6.13,15.3,KL-ACH-01
2020-04-09,6.21,7.8,KL-ACH-01
2020-04-10,6.0,2.2,KL-ACH-01
2020-04-11,5.87,1.6,KL-ACH-01
2020-04-12,5.78,1.5,KL-ACH-01
2020-04-13,5.75,0.8,KL-ACH-01
2020-04-14,5.71,4.5,KL-ACH-01
2020-04-15,5.71,1.8,KL-ACH-01
2020-04-16,5.68,1.2,KL-ACH-01
2020-04-17,5.65,3.0,KL-ACH-01
2020-04-18,5.65,3.4,KL-ACH-01
2020-04-19,5.68,7.6,KL-ACH-01
2020-04-20,6.0,8.1,KL-ACH-01
2020-04-21,6.1,9.0,KL-ACH-01
2020-04-22,6.0,13.3,KL-ACH-01
2020-04-23,6.06,15.1,KL-ACH-01
2020-04-24,6.13,9.2,KL-ACH-01
2020-04-25,5.97,0.8,KL-ACH-01
2020-04-26,6.1,11.1,KL-ACH-01
2020-04-27,5.93,4.3,KL-ACH-01
2020-04-28,6.57,34.5,KL-ACH-01
2020-04-29,6.28,3.0,KL-ACH-01
2020-04-30,6.1,6.6,KL-ACH-01
2020-05-01,6.06,7.1,KL-ACH-01
2020-05-02,6.0,14.0,KL-ACH-01
2020-05-03,5.87,5.0,KL-ACH-01
2020-05-04,5.81,3.8,KL-ACH-01
2020-05-05,5.81,5.8,KL-ACH-01
2020-05-06,5.87,1.3,KL-ACH-01
2020-05-07,6.5,9.2,KL-ACH-01
2020-05-08,6.74,10.2,KL-ACH-01
2020-05-09,7.05,14.6,KL-ACH-01
2020-05-10,7.34,12.2,KL-ACH-01
2020-05-11,7.05,4.0,KL-ACH-01
2020-05-12,7.38,9.3,KL-ACH-01
2020-05-13,7.47,7.5,KL-ACH-01
2020-05-14,7.43,36.9,KL-ACH-01
2020-05-15,8.25,19.7,KL-ACH-01
2020-05-16,8.4,29.2,KL-ACH-01
2020-05-17,8.46,22.3,KL-ACH-01
2020-05-18,9.21,31.5,KL-ACH-01
2020-05-19,9.69,9.1,KL-ACH-01
2020-05-20,9.47,7.5,KL-ACH-01
2020-05-21,9.38,58.0,KL-ACH-01
2020-05-22,9.45,11.6,KL-ACH-01
2020-05-23,9.28,6.5,KL-ACH-01
2020-05-24,9.38,3.5,KL-ACH-01
2020-05-25,9.28,18.3,KL-ACH-01
2020-05-26,9.4,12.0,KL-ACH-01
2020-05-27,9.47,12.6,KL-ACH-01
2020-05-28,9.69,14.9,KL-ACH-01
2020-05-29,12.24,40.2,KL-ACH-01
2020-05-30,13.96,19.0,KL-ACH-01
2020-05-31,13.69,22.4,KL-ACH-01
2020-06-01,14.17,26.1,KL-ACH-01
2020-06-02,15.9,27.5,KL-ACH-01
2020-06-03,17.49,17.5,KL-ACH-01
2020-06-04,18.5,24.9,KL-ACH-01
2020-06-05,19.56,36.0,KL-ACH-01
2020-06-06,21.65,47.5,KL-ACH-01
2020-06-07,23.89,27.7,KL-ACH-01
2020-06-08,27.31,2.7,KL-ACH-01
2020-06-09,26.35,7.4,KL-ACH-01
2020-06-10,25.49,17.6,KL-ACH-01
2020-06-11,24.88,17.4,KL-ACH-01
2020-06-12,24.94,8.7,KL-ACH-01
2020-06-13,24.41,17.2,KL-ACH-01
2020-06-14,24.7,9.4,KL-ACH-01
2020-06-15,24.35,7.2,KL-ACH-01
2020-06-16,23.32,18.6,KL-ACH-01
2020-06-17,22.44,8.4,KL-ACH-01
2020-06-18,21.8,2.6,KL-ACH-01
2020-06-19,20.93,17.9,KL-ACH-01
2020-06-20,20.43,13.6,KL-ACH-01
2020-06-21,20.28,41.0,KL-ACH-01
2020-06-22,20.73,22.9,KL-ACH-01
2020-06-23,20.23,3.5,KL-ACH-01
2020-06-24,19.23,9.6,KL-ACH-01
2020-06-25,19.28,24.6,KL-ACH-01
2020-06-26,21.39,36.3,KL-ACH-01
2020-06-27,21.75,13.0,KL-ACH-01
2020-06-28,20.93,12.0,KL-ACH-01
2020-06-29,20.63,24.8,KL-ACH-01
2020-06-30,21.86,10.0,KL-ACH-01
2020-07-01,20.98,10.3,KL-ACH-01
2020-07-02,20.28,17.4,KL-ACH-01
2020-07-03,20.48,12.7,KL-ACH-01
2020-07-04,21.03,14.2,KL-ACH-01
2020-07-05,21.03,12.0,KL-ACH-01
2020-07-06,21.03,18.5,KL-ACH-01
2020-07-07,20.68,3.5,KL-ACH-01
2020-07-08,19.7,2.4,KL-ACH-01
2020-07-09,19.23,18.2,KL-ACH-01
2020-07-10,20.18,3.5,KL-ACH-01
2020-07-11,19.7,11.2,KL-ACH-01
2020-07-12,19.65,6.0,KL-ACH-01
2020-07-13,19.61,3.4,KL-ACH-01
2020-07-14,19.23,0.6,KL-ACH-01
2020-07-15,18.36,18.1,KL-ACH-01
2020-07-16,18.28,36.6,KL-ACH-01
2020-07-17,21.49,24.8,KL-ACH-01
2020-07-18,24.94,4.7,KL-ACH-01
2020-07-19,24.23,1.7,KL-ACH-01
2020-07-20,23.15,7.8,KL-ACH-01
2020-07-21,24.47,17.2,KL-ACH-01
2020-07-22,24.35,12.0,KL-ACH-01
2020-07-23,26.35,16.7,KL-ACH-01
2020-07-24,27.12,20.8,KL-ACH-01
2020-07-25,29.34,8.3,KL-ACH-01
2020-07-26,28.38,6.8,KL-ACH-01
2020-07-27,26.86,1.2,KL-ACH-01
2020-07-28,26.04,16.8,KL-ACH-01
2020-07-29,28.31,71.2,KL-ACH-01
2020-07-30,31.51,21.9,KL-ACH-01
2020-07-31,32.73,37.9,KL-ACH-01
2020-08-01,35.56,20.1,KL-ACH-01
2020-08-02,39.09,40.3,KL-ACH-01
2020-08-03,43.87,21.2,KL-ACH-01
2020-08-04,46.86,28.2,KL-ACH-01
2020-08-05,48.89,24.5,KL-ACH-01
2020-08-06,60.09,48.5,KL-ACH-01
2020-08-07,79.35,45.6,KL-ACH-01
2020-08-08,88.33,37.3,KL-ACH-01
2020-08-09,97.86,79.8,KL-ACH-01
2020-08-10,98.54,22.7,KL-ACH-01
2020-08-11,92.11,9.0,KL-ACH-01
2020-08-12,84.7,1.5,KL-ACH-01
2020-08-13,78.07,4.2,KL-ACH-01
2020-08-14,72.62,3.9,KL-ACH-01
2020-08-15,67.71,4.6,KL-ACH-01
2020-08-16,63.27,3.2,KL-ACH-01
2020-08-17,59.12,2.3,KL-ACH-01
2020-08-18,55.23,2.2,KL-ACH-01
2020-08-19,51.72,1.5,KL-ACH-01
2020-08-20,48.32,3.8,KL-ACH-01
2020-08-21,45.24,0.8,KL-ACH-01
2020-08-22,42.35,2.8,KL-ACH-01
2020-08-23,40.11,9.3,KL-ACH-01
2020-08-24,38.81,4.6,KL-ACH-01
2020-08-25,36.76,1.1,KL-ACH-01
2020-08-26,34.48,1.4,KL-ACH-01
2020-08-27,32.34,1.2,KL-ACH-01
2020-08-28,30.33,0.4,KL-ACH-01
2020-08-29,28.38,3.7,KL-ACH-01
2020-08-30,26.73,5.2,KL-ACH-01
2020-08-31,25.42,10.9,KL-ACH-01
2020-09-01,24.23,78.2,KL-ACH-01
2020-09-02,24.23,72.5,KL-ACH-01
2020-09-03,26.29,6.0,KL-ACH-01
2020-09-04,26.04,10.6,KL-ACH-01
2020-09-05,24.94,27.3,KL-ACH-01
2020-09-06,65.68,67.6,KL-ACH-01
2020-09-07,64.77,31.0,KL-ACH-01
2020-09-08,54.34,34.9,KL-ACH-01
2020-09-09,50.29,39.2,KL-ACH-01
2020-09-10,50.76,16.8,KL-ACH-01
2020-09-11,48.55,32.6,KL-ACH-01
2020-09-12,49.58,12.1,KL-ACH-01
2020-09-13,49.58,17.3,KL-ACH-01
2020-09-14,48.09,24.4,KL-ACH-01
2020-09-15,45.88,9.3,KL-ACH-01
2020-09-16,43.46,12.6,KL-ACH-01
2020-09-17,41.27,23.1,KL-ACH-01
2020-09-18,39.83,32.2,KL-ACH-01
2020-09-19,46.97,43.6,KL-ACH-01
2020-09-20,54.59,16.4,KL-ACH-01
2020-09-21,62.39,26.3,KL-ACH-01
2020-09-22,67.39,21.1,KL-ACH-01
2020-09-23,68.5,12.0,KL-ACH-01
2020-09-24,64.92,13.0,KL-ACH-01
2020-09-25,60.66,12.2,KL-ACH-01
2020-09-26,57.61,12.6,KL-ACH-01
2020-09-27,54.46,7.0,KL-ACH-01
2020-09-28,51.84,13.1,KL-ACH-01
2020-09-29,49.23,3.8,KL-ACH-01
2020-09-30,46.42,12.8,KL-ACH-01
2020-10-01,44.6,2.4,KL-ACH-01
2020-10-02,41.95,1.6,KL-ACH-01
2020-10-03,39.27,1.6,KL-ACH-01
2020-10-04,37.11,0.8,KL-ACH-01
2020-10-05,34.73,0.0,KL-ACH-01
2020-10-06,32.65,13.5,KL-ACH-01
2020-10-07,32.65,11.0,KL-ACH-01
2020-10-08,32.11,35.5,KL-ACH-01
2020-10-09,34.08,5.5,KL-ACH-01
2020-10-10,33.04,32.1,KL-ACH-01
2020-10-11,33.28,19.3,KL-ACH-01
2020-10-12,33.51,33.5,KL-ACH-01
2020-10-13,40.02,28.2,KL-ACH-01
2020-10-14,46.64,27.4,KL-ACH-01
2020-10-15,49.93,18.1,KL-ACH-01
2020-10-16,49.58,4.6,KL-ACH-01
2020-10-17,47.08,9.6,KL-ACH-01
2020-10-18,44.71,2.8,KL-ACH-01
2020-10-19,41.95,6.0,KL-ACH-01
2020-10-20,39.55,13.3,KL-ACH-01
2020-10-21,37.37,4.8,KL-ACH-01
2020-10-22,35.14,2.4,KL-ACH-01
2020-10-23,33.12,0.9,KL-ACH-01
2020-10-24,31.28,1.8,KL-ACH-01
2020-10-25,29.41,0.1,KL-ACH-01
2020-10-26,27.51,2.7,KL-ACH-01
2020-10-27,26.99,7.9,KL-ACH-01
2020-10-28,30.99,9.2,KL-ACH-01
2020-10-29,33.59,8.9,KL-ACH-01
2020-10-30,32.34,1.8,KL-ACH-01
2020-10-31,30.84,0.2,KL-ACH-01
2020-11-01,29.41,8.2,KL-ACH-01
2020-11-02,27.97,12.0,KL-ACH-01
2020-11-03,27.25,24.6,KL-ACH-01
2020-11-04,28.31,14.3,KL-ACH-01
2020-11-05,28.85,23.9,KL-ACH-01
2020-11-06,29.13,3.2,KL-ACH-01
2020-11-07,27.77,3.2,KL-ACH-01
2020-11-08,26.93,33.2,KL-ACH-01
2020-11-09,26.54,0.8,KL-ACH-01
2020-11-10,25.06,0.0,KL-ACH-01
2020-11-11,23.43,1.2,KL-ACH-01
2020-11-12,22.23,5.6,KL-ACH-01
2020-11-13,21.75,9.8,KL-ACH-01
2020-11-14,21.49,0.8,KL-ACH-01
2020-11-15,20.73,18.4,KL-ACH-01
2020-11-16,20.38,10.7,KL-ACH-01
2020-11-17,22.6,40.2,KL-ACH-01
2020-11-18,24.59,3.9,KL-ACH-01
2020-11-19,23.66,3.1,KL-ACH-01
2020-11-20,22.39,0.8,KL-ACH-01
2020-11-21,21.28,0.0,KL-ACH-01
2020-11-22,19.99,0.0,KL-ACH-01
2020-11-23,18.77,0.0,KL-ACH-01
2020-11-24,17.62,0.1,KL-ACH-01
2020-11-25,16.58,2.7,KL-ACH-01
2020-11-26,15.79,3.5,KL-ACH-01
2020-11-27,15.26,2.8,KL-ACH-01
2020-11-28,14.67,1.3,KL-ACH-01
2020-11-29,13.96,0.3,KL-ACH-01
2020-11-30,13.26,1.7,KL-ACH-01
2020-12-01,12.55,0.8,KL-ACH-01
2020-12-02,12.06,7.7,KL-ACH-01
2020-12-03,13.79,7.5,KL-ACH-01
2020-12-04,17.97,1.0,KL-ACH-01
2020-12-05,21.44,9.6,KL-ACH-01
2020-12-06,46.42,19.0,KL-ACH-01
2020-12-07,50.64,13.7,KL-ACH-01
2020-12-08,45.34,7.5,KL-ACH-01
2020-12-09,39.93,4.3,KL-ACH-01
2020-12-10,35.9,1.1,KL-ACH-01
2020-12-11,32.73,0.2,KL-ACH-01
2020-12-12,30.19,0.3,KL-ACH-01
2020-12-13,28.11,0.0,KL-ACH-01
2020-12-14,26.16,0.0,KL-ACH-01
2020-12-15,24.47,7.4,KL-ACH-01
2020-12-16,24.59,13.6,KL-ACH-01
2020-12-17,24.12,15.2,KL-ACH-01
2020-12-18,24.18,12.4,KL-ACH-01
2020-12-19,24.12,0.0,KL-ACH-01
2020-12-20,22.88,0.0,KL-ACH-01
2020-12-21,21.39,0.0,KL-ACH-01
2020-12-22,20.13,7.3,KL-ACH-01
2020-12-23,19.61,0.6,KL-ACH-01
2020-12-24,18.54,0.3,KL-ACH-01
2020-12-25,17.41,0.7,KL-ACH-01
2020-12-26,16.38,0.0,KL-ACH-01
2020-12-27,15.37,0.0,KL-ACH-01
2020-12-28,14.45,0.0,KL-ACH-01
2020-12-29,13.69,0.2,KL-ACH-01
2020-12-30,13.13,0.1,KL-ACH-01
2020-12-31,12.77,6.7,KL-ACH-01
2021-01-01,12.96,0.0,KL-ACH-01
2021-01-02,12.37,0.0,KL-ACH-01
2021-01-03,11.62,2.0,KL-ACH-01
2021-01-04,11.11,8.0,KL-ACH-01
2021-01-05,11.47,5.9,KL-ACH-01
2021-01-06,13.19,32.6,KL-ACH-01
2021-01-07,16.42,13.2,KL-ACH-01
2021-01-08,16.82,9.3,KL-ACH-01
2021-01-09,16.95,9.7,KL-ACH-01
2021-01-10,17.03,13.1,KL-ACH-01
2021-01-11,16.46,3.6,KL-ACH-01
2021-01-12,17.66,47.6,KL-ACH-01
2021-01-13,20.88,28.8,KL-ACH-01
2021-01-14,25.79,14.8,KL-ACH-01
2021-01-15,25.18,3.6,KL-ACH-01
2021-01-16,24.06,11.5,KL-ACH-01
2021-01-17,23.27,0.4,KL-ACH-01
2021-01-18,21.75,0.0,KL-ACH-01
2021-01-19,20.28,0.0,KL-ACH-01
2021-01-20,18.95,0.0,KL-ACH-01
2021-01-21,17.16,2.1,KL-ACH-01
2021-01-22,16.1,1.8,KL-ACH-01
2021-01-23,15.33,2.6,KL-ACH-01
2021-01-24,14.56,0.0,KL-ACH-01
2021-01-25,13.72,0.0,KL-ACH-01
2021-01-26,12.8,0.0,KL-ACH-01
2021-01-27,11.97,0.0,KL-ACH-01
2021-01-28,11.19,0.0,KL-ACH-01
2021-01-29,10.51,0.0,KL-ACH-01
2021-01-30,9.84,0.2,KL-ACH-01
2021-01-31,10.07,0.3,KL-ACH-01
2021-02-01,9.69,0.3,KL-ACH-01
2021-02-02,9.19,0.0,KL-ACH-01
2021-02-03,8.75,0.0,KL-ACH-01
2021-02-04,8.35,0.0,KL-ACH-01
2021-02-05,7.99,0.2,KL-ACH-01
2021-02-06,7.69,0.0,KL-ACH-01
2021-02-07,7.38,0.0,KL-ACH-01
2021-02-08,7.15,0.0,KL-ACH-01
2021-02-09,6.94,0.0,KL-ACH-01
2021-02-10,6.73,0.0,KL-ACH-01
2021-02-11,6.53,0.0,KL-ACH-01
2021-02-12,6.43,0.0,KL-ACH-01
2021-02-13,6.31,0.0,KL-ACH-01
2021-02-14,6.21,0.0,KL-ACH-01
2021-02-15,6.13,0.0,KL-ACH-01
2021-02-16,6.06,2.4,KL-ACH-01
2021-02-17,6.0,3.0,KL-ACH-01
2021-02-18,5.97,2.3,KL-ACH-01
2021-02-19,5.9,2.8,KL-ACH-01
2021-02-20,5.87,0.8,KL-ACH-01
2021-02-21,5.84,0.4,KL-ACH-01
2021-02-22,5.78,0.9,KL-ACH-01
2021-02-23,5.75,0.2,KL-ACH-01
2021-02-24,5.71,0.8,KL-ACH-01
2021-02-25,5.75,2.0,KL-ACH-01
2021-02-26,5.78,0.9,KL-ACH-01
2021-02-27,5.78,0.8,KL-ACH-01
2021-02-28,5.62,0.0,KL-ACH-01
2021-03-01,5.59,0.7,KL-ACH-01
2021-03-02,5.53,0.0,KL-ACH-01
2021-03-03,5.5,0.0,KL-ACH-01
2021-03-04,5.47,0.0,KL-ACH-01
2021-03-05,5.41,0.0,KL-ACH-01
2021-03-06,5.34,0.1,KL-ACH-01
2021-03-07,5.31,0.2,KL-ACH-01
2021-03-08,5.31,1.1,KL-ACH-01
2021-03-09,5.59,1.6,KL-ACH-01
2021-03-10,5.56,5.5,KL-ACH-01
2021-03-11,6.0,15.8,KL-ACH-01
2021-03-12,5.84,0.1,KL-ACH-01
2021-03-13,5.62,0.0,KL-ACH-01
2021-03-14,5.44,0.2,KL-ACH-01
2021-03-15,5.37,0.0,KL-ACH-01
2021-03-16,5.28,0.9,KL-ACH-01
2021-03-17,5.25,0.4,KL-ACH-01
2021-03-18,5.22,2.9,KL-ACH-01
2021-03-19,5.44,0.5,KL-ACH-01
2021-03-20,5.28,1.5,KL-ACH-01
2021-03-21,5.25,4.5,KL-ACH-01
2021-03-22,5.19,2.1,KL-ACH-01
2021-03-23,5.12,0.6,KL-ACH-01
2021-03-24,5.12,3.8,KL-ACH-01
2021-03-25,5.22,1.8,KL-ACH-01
2021-03-26,5.19,0.1,KL-ACH-01
2021-03-27,5.34,6.3,KL-ACH-01
2021-03-28,5.56,13.1,KL-ACH-01
2021-03-29,5.65,3.5,KL-ACH-01
2021-03-30,5.37,1.0,KL-ACH-01
2021-03-31,5.25,1.6,KL-ACH-01
2021-04-01,5.9,19.7,KL-ACH-01
2021-04-02,5.78,0.0,KL-ACH-01
2021-04-03,5.53,0.3,KL-ACH-01
2021-04-04,5.34,0.0,KL-ACH-01
2021-04-05,5.25,0.2,KL-ACH-01
2021-04-06,5.25,6.2,KL-ACH-01
2021-04-07,5.56,3.8,KL-ACH-01
2021-04-08,5.41,2.0,KL-ACH-01
2021-04-09,5.93,3.8,KL-ACH-01
2021-04-10,6.06,3.5,KL-ACH-01
2021-04-11,6.16,10.6,KL-ACH-01
2021-04-12,6.85,25.4,KL-ACH-01
2021-04-13,7.34,16.4,KL-ACH-01
2021-04-14,7.93,13.6,KL-ACH-01
2021-04-15,9.07,16.1,KL-ACH-01
2021-04-16,9.91,15.8,KL-ACH-01
2021-04-17,9.91,7.3,KL-ACH-01
2021-04-18,10.12,28.9,KL-ACH-01
2021-04-19,10.32,17.8,KL-ACH-01
2021-04-20,10.25,2.0,KL-ACH-01
2021-04-21,10.22,9.6,KL-ACH-01
2021-04-22,10.25,3.7,KL-ACH-01
2021-04-23,10.04,6.1,KL-ACH-01
2021-04-24,10.19,9.9,KL-ACH-01
2021-04-25,10.53,15.7,KL-ACH-01
2021-04-26,11.39,15.3,KL-ACH-01
2021-04-27,12.12,10.0,KL-ACH-01
2021-04-28,12.46,13.7,KL-ACH-01
2021-04-29,12.49,9.0,KL-ACH-01
2021-04-30,12.71,14.6,KL-ACH-01
2021-05-01,13.29,8.9,KL-ACH-01
2021-05-02,14.03,24.0,KL-ACH-01
2021-05-03,15.67,13.3,KL-ACH-01
2021-05-04,17.32,10.3,KL-ACH-01
2021-05-05,17.58,3.0,KL-ACH-01
2021-05-06,17.07,5.3,KL-ACH-01
2021-05-07,17.71,28.6,KL-ACH-01
2021-05-08,20.93,2.2,KL-ACH-01
2021-05-09,20.63,17.1,KL-ACH-01
2021-05-10,20.83,30.4,KL-ACH-01
2021-05-11,22.66,23.4,KL-ACH-01
2021-05-12,23.83,13.1,KL-ACH-01
2021-05-13,25.67,29.8,KL-ACH-01
2021-05-14,43.67,78.5,KL-ACH-01
2021-05-15,66.3,55.1,KL-ACH-01
2021-05-16,68.34,29.7,KL-ACH-01
2021-05-17,63.86,14.9,KL-ACH-01
2021-05-18,57.75,11.8,KL-ACH-01
2021-05-19,53.95,26.4,KL-ACH-01
2021-05-20,53.45,14.1,KL-ACH-01
2021-05-21,51.24,21.8,KL-ACH-01
2021-05-22,49.47,47.5,KL-ACH-01
2021-05-23,50.64,13.0,KL-ACH-01
2021-05-24,51.0,19.0,KL-ACH-01
2021-05-25,49.82,60.9,KL-ACH-01
2021-05-26,66.92,62.5,KL-ACH-01
2021-05-27,73.64,11.7,KL-ACH-01
2021-05-28,68.34,6.8,KL-ACH-01
2021-05-29,63.27,15.0,KL-ACH-01
2021-05-30,58.7,3.4,KL-ACH-01
2021-05-31,54.72,8.2,KL-ACH-01
2021-06-01,52.21,6.0,KL-ACH-01
2021-06-02,49.58,11.6,KL-ACH-01
2021-06-03,47.08,31.6,KL-ACH-01
2021-06-04,47.64,16.4,KL-ACH-01
2021-06-05,50.29,22.1,KL-ACH-01
2021-06-06,54.59,10.3,KL-ACH-01
2021-06-07,52.33,15.4,KL-ACH-01
2021-06-08,49.58,18.9,KL-ACH-01
2021-06-09,48.2,4.7,KL-ACH-01
2021-06-10,45.67,3.8,KL-ACH-01
2021-06-11,43.16,4.9,KL-ACH-01
2021-06-12,40.98,21.4,KL-ACH-01
2021-06-13,43.06,35.5,KL-ACH-01
2021-06-14,47.98,22.9,KL-ACH-01
2021-06-15,48.55,28.7,KL-ACH-01
2021-06-16,50.17,21.2,KL-ACH-01
2021-06-17,49.23,14.8,KL-ACH-01
2021-06-18,47.42,3.9,KL-ACH-01
2021-06-19,45.24,4.5,KL-ACH-01
2021-06-20,43.16,3.2,KL-ACH-01
2021-06-21,40.69,2.0,KL-ACH-01
2021-06-22,38.45,11.2,KL-ACH-01
2021-06-23,36.41,15.6,KL-ACH-01
2021-06-24,35.39,1.9,KL-ACH-01
2021-06-25,33.51,2.1,KL-ACH-01
2021-06-26,31.43,6.5,KL-ACH-01
2021-06-27,29.83,6.8,KL-ACH-01
2021-06-28,28.24,12.6,KL-ACH-01
2021-06-29,27.58,6.7,KL-ACH-01
2021-06-30,26.67,3.7,KL-ACH-01
2021-07-01,25.49,19.1,KL-ACH-01
2021-07-02,24.88,11.2,KL-ACH-01
2021-07-03,23.83,22.1,KL-ACH-01
2021-07-04,23.15,14.1,KL-ACH-01
2021-07-05,22.77,5.1,KL-ACH-01
2021-07-06,22.12,6.3,KL-ACH-01
2021-07-07,21.13,13.5,KL-ACH-01
2021-07-08,20.83,12.8,KL-ACH-01
2021-07-09,24.76,52.0,KL-ACH-01
2021-07-10,32.19,59.8,KL-ACH-01
2021-07-11,37.11,16.7,KL-ACH-01
2021-07-12,36.58,17.2,KL-ACH-01
2021-07-13,35.56,8.9,KL-ACH-01
2021-07-14,33.91,11.3,KL-ACH-01
2021-07-15,32.19,6.2,KL-ACH-01
2021-07-16,30.55,8.1,KL-ACH-01
2021-07-17,29.13,3.0,KL-ACH-01
2021-07-18,27.38,7.3,KL-ACH-01
2021-07-19,25.85,6.0,KL-ACH-01
2021-07-20,24.64,3.1,KL-ACH-01
2021-07-21,23.6,13.3,KL-ACH-01
2021-07-22,23.83,24.7,KL-ACH-01
2021-07-23,27.71,35.4,KL-ACH-01
2021-07-24,32.65,31.4,KL-ACH-01
2021-07-25,34.81,42.2,KL-ACH-01
2021-07-26,35.31,12.1,KL-ACH-01
2021-07-27,34.73,18.0,KL-ACH-01
2021-07-28,33.43,11.6,KL-ACH-01
2021-07-29,32.04,1.9,KL-ACH-01
2021-07-30,30.19,2.6,KL-ACH-01
2021-07-31,28.51,6.4,KL-ACH-01
2021-08-01,26.93,2.5,KL-ACH-01
2021-08-02,25.55,7.2,KL-ACH-01
2021-08-03,24.12,4.7,KL-ACH-01
2021-08-04,22.71,6.2,KL-ACH-01
2021-08-05,21.59,12.0,KL-ACH-01
2021-08-06,21.28,36.2,KL-ACH-01
2021-08-07,21.75,32.0,KL-ACH-01
2021-08-08,22.17,20.7,KL-ACH-01
2021-08-09,25.0,28.0,KL-ACH-01
2021-08-10,24.41,9.8,KL-ACH-01
2021-08-11,23.72,28.9,KL-ACH-01
2021-08-12,23.49,12.0,KL-ACH-01
2021-08-13,22.6,9.4,KL-ACH-01
2021-08-14,21.96,8.1,KL-ACH-01
2021-08-15,20.93,4.4,KL-ACH-01
2021-08-16,19.89,2.3,KL-ACH-01
2021-08-17,19.28,20.1,KL-ACH-01
2021-08-18,20.09,24.4,KL-ACH-01
2021-08-19,22.99,7.4,KL-ACH-01
2021-08-20,22.44,3.4,KL-ACH-01
2021-08-21,21.18,10.9,KL-ACH-01
2021-08-22,20.13,7.8,KL-ACH-01
2021-08-23,19.75,8.4,KL-ACH-01
2021-08-24,19.23,3.5,KL-ACH-01
2021-08-25,18.72,12.6,KL-ACH-01
2021-08-26,18.54,25.0,KL-ACH-01
2021-08-27,19.7,23.6,KL-ACH-01
2021-08-28,21.75,25.0,KL-ACH-01
2021-08-29,26.61,49.4,KL-ACH-01
2021-08-30,31.96,12.6,KL-ACH-01
2021-08-31,31.81,9.0,KL-ACH-01
2021-09-01,30.48,7.0,KL-ACH-01
2021-09-02,29.34,6.4,KL-ACH-01
2021-09-03,28.31,18.6,KL-ACH-01
2021-09-04,27.58,13.3,KL-ACH-01
2021-09-05,27.12,36.0,KL-ACH-01
2021-09-06,27.91,12.6,KL-ACH-01
2021-09-07,27.64,11.2,KL-ACH-01
2021-09-08,27.58,5.3,KL-ACH-01
2021-09-09,26.48,3.6,KL-ACH-01
2021-09-10,25.12,2.8,KL-ACH-01
2021-09-11,23.83,10.2,KL-ACH-01
2021-09-12,23.77,21.0,KL-ACH-01
2021-09-13,25.36,11.1,KL-ACH-01
2021-09-14,25.12,12.5,KL-ACH-01
2021-09-15,24.29,17.4,KL-ACH-01
2021-09-16,23.72,10.2,KL-ACH-01
2021-09-17,23.1,0.9,KL-ACH-01
2021-09-18,22.17,2.2,KL-ACH-01
2021-09-19,21.23,2.3,KL-ACH-01
2021-09-20,20.93,1.7,KL-ACH-01
2021-09-21,19.94,3.0,KL-ACH-01
2021-09-22,18.82,3.6,KL-ACH-01
2021-09-23,17.79,4.6,KL-ACH-01
2021-09-24,16.91,4.5,KL-ACH-01
2021-09-25,16.26,4.1,KL-ACH-01
2021-09-26,16.74,45.9,KL-ACH-01
2021-09-27,21.23,77.2,KL-ACH-01
2021-09-28,25.79,29.9,KL-ACH-01
2021-09-29,28.31,3.6,KL-ACH-01
2021-09-30,27.38,6.8,KL-ACH-01
2021-10-01,27.18,117.6,KL-ACH-01
2021-10-02,29.62,16.3,KL-ACH-01
2021-10-03,32.27,7.7,KL-ACH-01
2021-10-04,32.73,17.5,KL-ACH-01
2021-10-05,32.04,17.2,KL-ACH-01
2021-10-06,33.12,13.2,KL-ACH-01
2021-10-07,33.51,8.0,KL-ACH-01
2021-10-08,32.88,20.8,KL-ACH-01
2021-10-09,32.96,19.4,KL-ACH-01
2021-10-10,32.42,21.0,KL-ACH-01
2021-10-11,35.56,68.1,KL-ACH-01
2021-10-12,40.98,18.6,KL-ACH-01
2021-10-13,41.07,11.0,KL-ACH-01
2021-10-14,38.99,3.2,KL-ACH-01
2021-10-15,37.73,13.7,KL-ACH-01
2021-10-16,47.98,74.4,KL-ACH-01
2021-10-17,55.1,17.0,KL-ACH-01
2021-10-18,56.15,4.6,KL-ACH-01
2021-10-19,53.08,4.6,KL-ACH-01
2021-10-20,53.83,33.3,KL-ACH-01
2021-10-21,57.21,19.8,KL-ACH-01
2021-10-22,56.41,9.8,KL-ACH-01
2021-10-23,54.46,22.0,KL-ACH-01
2021-10-24,56.02,8.5,KL-ACH-01
2021-10-25,53.95,15.4,KL-ACH-01
2021-10-26,52.46,6.8,KL-ACH-01
2021-10-27,61.81,41.1,KL-ACH-01
2021-10-28,65.99,10.0,KL-ACH-01
2021-10-29,63.71,11.3,KL-ACH-01
2021-10-30,61.95,24.8,KL-ACH-01
2021-10-31,63.27,28.3,KL-ACH-01
2021-11-01,67.55,27.6,KL-ACH-01
2021-11-02,71.11,48.9,KL-ACH-01
2021-11-03,69.96,21.7,KL-ACH-01
2021-11-04,67.71,32.5,KL-ACH-01
2021-11-05,66.76,29.2,KL-ACH-01
2021-11-06,63.57,8.9,KL-ACH-01
2021-11-07,59.95,3.8,KL-ACH-01
2021-11-08,56.15,16.7,KL-ACH-01
2021-11-09,54.34,15.2,KL-ACH-01
2021-11-10,56.28,2.2,KL-ACH-01
2021-11-11,53.95,4.4,KL-ACH-01
2021-11-12,52.09,13.1,KL-ACH-01
2021-11-13,55.23,73.8,KL-ACH-01
2021-11-14,61.37,61.0,KL-ACH-01
2021-11-15,68.18,33.2,KL-ACH-01
2021-11-16,71.61,16.4,KL-ACH-01
2021-11-17,67.87,6.4,KL-ACH-01
2021-11-18,64.31,3.9,KL-ACH-01
2021-11-19,61.52,23.6,KL-ACH-01
2021-11-20,60.52,1.2,KL-ACH-01
2021-11-21,57.61,0.0,KL-ACH-01
2021-11-22,54.08,6.6,KL-ACH-01
2021-11-23,52.58,33.2,KL-ACH-01
2021-11-24,54.46,1.4,KL-ACH-01
2021-11-25,56.41,45.0,KL-ACH-01
2021-11-26,60.52,16.8,KL-ACH-01
2021-11-27,62.24,45.0,KL-ACH-01
2021-11-28,72.45,29.7,KL-ACH-01
2021-11-29,76.62,12.6,KL-ACH-01
2021-11-30,74.51,7.9,KL-ACH-01
2021-12-01,69.31,5.2,KL-ACH-01
2021-12-02,64.31,6.3,KL-ACH-01
2021-12-03,60.66,5.0,KL-ACH-01
2021-12-04,57.75,6.9,KL-ACH-01
2021-12-05,54.59,6.5,KL-ACH-01
2021-12-06,51.24,21.5,KL-ACH-01
2021-12-07,50.64,5.2,KL-ACH-01
2021-12-08,48.09,1.9,KL-ACH-01
2021-12-09,45.56,20.7,KL-ACH-01
2021-12-10,44.92,1.6,KL-ACH-01
2021-12-11,42.35,0.5,KL-ACH-01
2021-12-12,39.64,0.2,KL-ACH-01
2021-12-13,37.19,0.0,KL-ACH-01
2021-12-14,34.89,2.0,KL-ACH-01
2021-12-15,32.73,0.7,KL-ACH-01
2021-12-16,30.77,2.4,KL-ACH-01
2021-12-17,28.92,0.2,KL-ACH-01
2021-12-18,27.25,0.0,KL-ACH-01
2021-12-19,25.61,0.0,KL-ACH-01
2021-12-20,24.06,0.0,KL-ACH-01
2021-12-21,22.66,0.0,KL-ACH-01
2021-12-22,21.28,0.0,KL-ACH-01
2021-12-23,20.09,0.0,KL-ACH-01
2021-12-24,18.91,0.0,KL-ACH-01
2021-12-25,17.79,0.0,KL-ACH-01
2021-12-26,16.78,0.1,KL-ACH-01
2021-12-27,15.83,0.0,KL-ACH-01
2021-12-28,14.92,0.0,KL-ACH-01
2021-12-29,14.1,0.0,KL-ACH-01
2021-12-30,13.32,0.0,KL-ACH-01
2021-12-31,12.58,1.7,KL-ACH-01
2022-01-01,11.94,16.6,KL-ACH-01
2022-01-02,11.39,4.8,KL-ACH-01
2022-01-03,10.8,0.1,KL-ACH-01
2022-01-04,10.27,0.0,KL-ACH-01
2022-01-05,9.79,0.0,KL-ACH-01
2022-01-06,9.35,0.0,KL-ACH-01
2022-01-07,8.98,0.1,KL-ACH-01
2022-01-08,8.62,0.9,KL-ACH-01
2022-01-09,8.35,0.5,KL-ACH-01
2022-01-10,8.06,1.4,KL-ACH-01
2022-01-11,6.21,0.1,KL-ACH-01
2022-01-12,5.19,0.1,KL-ACH-01
2022-01-13,5.0,0.0,KL-ACH-01
2022-01-14,4.87,0.5,KL-ACH-01
2022-01-15,4.75,2.5,KL-ACH-01
2022-01-16,4.66,0.2,KL-ACH-01
2022-01-17,4.57,0.1,KL-ACH-01
2022-01-18,4.52,0.0,KL-ACH-01
2022-01-19,4.46,0.1,KL-ACH-01
2022-01-20,4.42,0.0,KL-ACH-01
2022-01-21,4.41,0.4,KL-ACH-01
2022-01-22,4.37,2.0,KL-ACH-01
2022-01-23,4.35,0.5,KL-ACH-01
2022-01-24,4.33,0.0,KL-ACH-01
2022-01-25,4.31,0.0,KL-ACH-01
2022-01-26,4.3,1.1,KL-ACH-01
2022-01-27,4.3,0.1,KL-ACH-01
2022-01-28,4.28,0.0,KL-ACH-01
2022-01-29,4.26,0.0,KL-ACH-01
2022-01-30,4.26,0.0,KL-ACH-01
2022-01-31,5.22,0.2,KL-ACH-01
2022-02-01,5.61,0.6,KL-ACH-01
2022-02-02,5.67,2.1,KL-ACH-01
2022-02-03,5.7,3.3,KL-ACH-01
2022-02-04,5.64,0.0,KL-ACH-01
2022-02-05,5.59,0.0,KL-ACH-01
2022-02-06,5.59,1.2,KL-ACH-01
2022-02-07,5.58,0.4,KL-ACH-01
2022-02-08,5.58,0.1,KL-ACH-01
2022-02-09,5.55,0.0,KL-ACH-01
2022-02-10,5.56,0.0,KL-ACH-01
2022-02-11,5.61,3.1,KL-ACH-01
2022-02-12,5.95,33.9,KL-ACH-01
2022-02-13,6.1,0.0,KL-ACH-01
2022-02-14,5.85,2.3,KL-ACH-01
2022-02-15,5.76,0.3,KL-ACH-01
2022-02-16,5.65,14.3,KL-ACH-01
2022-02-17,5.62,0.2,KL-ACH-01
2022-02-18,5.56,0.1,KL-ACH-01
2022-02-19,5.53,0.4,KL-ACH-01
2022-02-20,5.47,0.0,KL-ACH-01
2022-02-21,5.44,1.3,KL-ACH-01
2022-02-22,5.47,1.0,KL-ACH-01
2022-02-23,5.37,0.0,KL-ACH-01
2022-02-24,5.41,0.2,KL-ACH-01
2022-02-25,5.34,1.2,KL-ACH-01
2022-02-26,5.28,0.0,KL-ACH-01
2022-02-27,5.25,2.1,KL-ACH-01
2022-02-28,5.22,0.0,KL-ACH-01
2022-03-01,5.22,0.0,KL-ACH-01
2022-03-02,5.19,0.0,KL-ACH-01
2022-03-03,5.19,0.0,KL-ACH-01
2022-03-04,5.15,0.0,KL-ACH-01
2022-03-05,5.12,0.0,KL-ACH-01
2022-03-06,5.19,0.7,KL-ACH-01
2022-03-07,5.19,0.6,KL-ACH-01
2022-03-08,5.15,0.5,KL-ACH-01
2022-03-09,5.07,0.3,KL-ACH-01
2022-03-10,5.03,0.0,KL-ACH-01
2022-03-11,5.03,1.1,KL-ACH-01
2022-03-12,5.0,0.1,KL-ACH-01
2022-03-13,4.97,0.0,KL-ACH-01
2022-03-14,4.94,0.0,KL-ACH-01
2022-03-15,5.07,3.8,KL-ACH-01
2022-03-16,5.65,12.1,KL-ACH-01
2022-03-17,5.75,0.6,KL-ACH-01
2022-03-18,5.59,3.6,KL-ACH-01
2022-03-19,5.71,5.6,KL-ACH-01
2022-03-20,5.56,1.2,KL-ACH-01
2022-03-21,5.47,0.3,KL-ACH-01
2022-03-22,5.25,0.1,KL-ACH-01
2022-03-23,5.34,5.2,KL-ACH-01
2022-03-24,5.47,3.5,KL-ACH-01
2022-03-25,5.41,1.2,KL-ACH-01
2022-03-26,5.28,1.2,KL-ACH-01
2022-03-27,5.56,2.8,KL-ACH-01
2022-03-28,5.56,4.8,KL-ACH-01
2022-03-29,5.47,3.5,KL-ACH-01
2022-03-30,5.5,8.8,KL-ACH-01
2022-03-31,5.56,1.2,KL-ACH-01
2022-04-01,5.84,2.3,KL-ACH-01
2022-04-02,5.81,6.3,KL-ACH-01
2022-04-03,5.78,30.4,KL-ACH-01
2022-04-04,5.81,1.2,KL-ACH-01
2022-04-05,5.78,2.4,KL-ACH-01
2022-04-06,5.81,3.7,KL-ACH-01
2022-04-07,5.84,1.4,KL-ACH-01
2022-04-08,6.38,11.5,KL-ACH-01
2022-04-09,9.07,12.8,KL-ACH-01
2022-04-10,10.94,20.1,KL-ACH-01
2022-04-11,12.93,32.6,KL-ACH-01
2022-04-12,13.52,26.6,KL-ACH-01
2022-04-13,16.42,15.4,KL-ACH-01
2022-04-14,19.75,4.5,KL-ACH-01
2022-04-15,20.23,4.0,KL-ACH-01
2022-04-16,19.14,7.7,KL-ACH-01
2022-04-17,18.41,7.0,KL-ACH-01
2022-04-18,18.36,25.6,KL-ACH-01
2022-04-19,17.79,6.3,KL-ACH-01
2022-04-20,17.37,0.3,KL-ACH-01
2022-04-21,16.7,2.7,KL-ACH-01
2022-04-22,16.38,22.5,KL-ACH-01
2022-04-23,16.42,0.5,KL-ACH-01
2022-04-24,16.06,2.1,KL-ACH-01
2022-04-25,16.54,11.8,KL-ACH-01
2022-04-26,17.49,1.0,KL-ACH-01
2022-04-27,17.32,2.3,KL-ACH-01
2022-04-28,16.7,11.9,KL-ACH-01
2022-04-29,16.5,8.7,KL-ACH-01
2022-04-30,16.46,1.0,KL-ACH-01
2022-05-01,16.02,15.4,KL-ACH-01
2022-05-02,15.67,7.2,KL-ACH-01
2022-05-03,15.56,2.1,KL-ACH-01
2022-05-04,15.44,29.3,KL-ACH-01
2022-05-05,15.79,8.3,KL-ACH-01
2022-05-06,15.56,10.1,KL-ACH-01
2022-05-07,15.26,6.3,KL-ACH-01
2022-05-08,14.52,3.7,KL-ACH-01
2022-05-09,14.28,27.0,KL-ACH-01
2022-05-10,14.24,26.5,KL-ACH-01
2022-05-11,13.93,13.4,KL-ACH-01
2022-05-12,14.31,6.9,KL-ACH-01
2022-05-13,14.7,15.9,KL-ACH-01
2022-05-14,16.3,63.9,KL-ACH-01
2022-05-15,23.89,26.0,KL-ACH-01
2022-05-16,30.26,15.1,KL-ACH-01
2022-05-17,33.36,32.7,KL-ACH-01
2022-05-18,40.69,44.5,KL-ACH-01
2022-05-19,50.05,39.4,KL-ACH-01
2022-05-20,53.95,30.0,KL-ACH-01
2022-05-21,53.08,10.2,KL-ACH-01
2022-05-22,51.48,17.2,KL-ACH-01
2022-05-23,49.93,8.8,KL-ACH-01
2022-05-24,48.43,19.8,KL-ACH-01
2022-05-25,48.77,7.4,KL-ACH-01
2022-05-26,47.87,5.6,KL-ACH-01
2022-05-27,47.19,7.0,KL-ACH-01
2022-05-28,45.45,9.4,KL-ACH-01
2022-05-29,45.56,5.9,KL-ACH-01
2022-05-30,44.81,1.6,KL-ACH-01
2022-05-31,42.85,5.0,KL-ACH-01
2022-06-01,41.27,7.6,KL-ACH-01
2022-06-02,39.74,2.9,KL-ACH-01
2022-06-03,38.45,12.7,KL-ACH-01
2022-06-04,37.37,3.7,KL-ACH-01
2022-06-05,36.58,28.8,KL-ACH-01
2022-06-06,35.81,16.4,KL-ACH-01
2022-06-07,34.56,5.6,KL-ACH-01
2022-06-08,33.28,9.0,KL-ACH-01
2022-06-09,31.96,16.4,KL-ACH-01
2022-06-10,30.7,21.1,KL-ACH-01
2022-06-11,30.41,8.0,KL-ACH-01
2022-06-12,29.9,17.1,KL-ACH-01
2022-06-13,29.9,11.1,KL-ACH-01
2022-06-14,28.31,2.9,KL-ACH-01
2022-06-15,26.99,14.0,KL-ACH-01
2022-06-16,27.05,3.6,KL-ACH-01
2022-06-17,26.23,24.5,KL-ACH-01
2022-06-18,27.25,28.0,KL-ACH-01
2022-06-19,27.38,3.3,KL-ACH-01
2022-06-20,26.42,22.2,KL-ACH-01
2022-06-21,26.16,4.4,KL-ACH-01
2022-06-22,24.94,2.2,KL-ACH-01
2022-06-23,23.77,13.4,KL-ACH-01
2022-06-24,23.32,18.1,KL-ACH-01
2022-06-25,23.49,10.1,KL-ACH-01
2022-06-26,23.1,2.9,KL-ACH-01
2022-06-27,22.44,4.0,KL-ACH-01
2022-06-28,22.44,17.0,KL-ACH-01
2022-06-29,23.66,4.5,KL-ACH-01
2022-06-30,23.49,12.7,KL-ACH-01
2022-07-01,23.6,4.5,KL-ACH-01
2022-07-02,23.15,16.8,KL-ACH-01
2022-07-03,26.16,62.7,KL-ACH-01
2022-07-04,31.89,10.7,KL-ACH-01
2022-07-05,33.83,9.6,KL-ACH-01
2022-07-06,34.97,5.6,KL-ACH-01
2022-07-07,36.07,48.3,KL-ACH-01
2022-07-08,38.17,9.0,KL-ACH-01
2022-07-09,37.55,5.3,KL-ACH-01
2022-07-10,37.28,12.9,KL-ACH-01
2022-07-11,36.84,9.4,KL-ACH-01
2022-07-12,36.58,17.2,KL-ACH-01
2022-07-13,37.28,23.6,KL-ACH-01
2022-07-14,41.46,22.3,KL-ACH-01
2022-07-15,45.34,12.1,KL-ACH-01
2022-07-16,45.99,6.5,KL-ACH-01
2022-07-17,44.08,13.0,KL-ACH-01
2022-07-18,42.55,1.5,KL-ACH-01
2022-07-19,43.46,6.9,KL-ACH-01
2022-07-20,41.56,23.3,KL-ACH-01
2022-07-21,39.74,3.6,KL-ACH-01
2022-07-22,37.99,6.4,KL-ACH-01
2022-07-23,36.24,21.3,KL-ACH-01
2022-07-24,34.48,1.1,KL-ACH-01
2022-07-25,32.42,0.8,KL-ACH-01
2022-07-26,30.41,0.9,KL-ACH-01
2022-07-27,29.06,6.6,KL-ACH-01
2022-07-28,29.62,2.3,KL-ACH-01
2022-07-29,30.05,16.2,KL-ACH-01
2022-07-30,30.33,20.3,KL-ACH-01
2022-07-31,30.62,44.5,KL-ACH-01
2022-08-01,30.62,67.6,KL-ACH-01
2022-08-02,120.06,44.2,KL-ACH-01
2022-08-03,139.28,57.2,KL-ACH-01
2022-08-04,170.4,36.6,KL-ACH-01
2022-08-05,171.19,26.2,KL-ACH-01
2022-08-06,145.89,10.3,KL-ACH-01
2022-08-07,125.77,16.9,KL-ACH-01
2022-08-08,116.22,14.3,KL-ACH-01
2022-08-09,111.72,6.4,KL-ACH-01
2022-08-10,106.89,3.9,KL-ACH-01
2022-08-11,101.09,3.0,KL-ACH-01
2022-08-12,94.5,1.0,KL-ACH-01
2022-08-13,87.72,2.4,KL-ACH-01
2022-08-14,81.6,0.2,KL-ACH-01
2022-08-15,75.91,0.0,KL-ACH-01
2022-08-16,70.78,0.4,KL-ACH-01
2022-08-17,65.99,0.4,KL-ACH-01
2022-08-18,61.81,4.3,KL-ACH-01
2022-08-19,57.88,1.2,KL-ACH-01
2022-08-20,55.1,1.1,KL-ACH-01
2022-08-21,51.97,15.3,KL-ACH-01
2022-08-22,48.77,29.1,KL-ACH-01
2022-08-23,54.59,34.7,KL-ACH-01
2022-08-24,61.37,21.7,KL-ACH-01
2022-08-25,64.01,12.6,KL-ACH-01
2022-08-26,63.27,21.5,KL-ACH-01
2022-08-27,62.83,13.2,KL-ACH-01
2022-08-28,75.91,7.4,KL-ACH-01
2022-08-29,80.47,14.7,KL-ACH-01
2022-08-30,75.38,25.8,KL-ACH-01
2022-08-31,75.38,32.3,KL-ACH-01
2022-09-01,77.7,22.3,KL-ACH-01
2022-09-02,82.37,7.7,KL-ACH-01
2022-09-03,84.31,5.5,KL-ACH-01
2022-09-04,81.04,8.5,KL-ACH-01
2022-09-05,77.52,13.2,KL-ACH-01
2022-09-06,75.21,8.7,KL-ACH-01
2022-09-07,76.09,11.4,KL-ACH-01
2022-09-08,77.89,8.2,KL-ACH-01
2022-09-09,77.89,13.5,KL-ACH-01
2022-09-10,75.21,12.5,KL-ACH-01
2022-09-11,72.79,7.4,KL-ACH-01
2022-09-12,70.45,4.9,KL-ACH-01
2022-09-13,67.08,3.7,KL-ACH-01
2022-09-14,63.57,2.5,KL-ACH-01
2022-09-15,59.95,1.0,KL-ACH-01
2022-09-16,56.68,1.5,KL-ACH-01
2022-09-17,53.33,4.4,KL-ACH-01
2022-09-18,50.05,4.7,KL-ACH-01
2022-09-19,47.42,2.1,KL-ACH-01
2022-09-20,44.92,2.5,KL-ACH-01
2022-09-21,42.35,2.0,KL-ACH-01
2022-09-22,40.02,1.3,KL-ACH-01
2022-09-23,37.55,1.7,KL-ACH-01
2022-09-24,35.22,1.8,KL-ACH-01
2022-09-25,33.12,1.1,KL-ACH-01
2022-09-26,31.21,0.8,KL-ACH-01
2022-09-27,29.34,0.4,KL-ACH-01
2022-09-28,27.71,1.9,KL-ACH-01
2022-09-29,26.04,3.6,KL-ACH-01
2022-09-30,24.7,2.5,KL-ACH-01
2022-10-01,23.55,4.6,KL-ACH-01
2022-10-02,22.71,16.7,KL-ACH-01
2022-10-03,22.17,4.1,KL-ACH-01
2022-10-04,22.23,2.8,KL-ACH-01
2022-10-05,21.49,7.2,KL-ACH-01
2022-10-06,20.48,2.7,KL-ACH-01
2022-10-07,19.56,8.6,KL-ACH-01
2022-10-08,18.54,1.7,KL-ACH-01
2022-10-09,17.54,4.1,KL-ACH-01
2022-10-10,16.66,8.7,KL-ACH-01
2022-10-11,15.83,14.2,KL-ACH-01
2022-10-12,15.14,3.8,KL-ACH-01
2022-10-13,15.79,21.8,KL-ACH-01
2022-10-14,16.46,13.6,KL-ACH-01
2022-10-15,17.2,20.3,KL-ACH-01
2022-10-16,17.62,19.7,KL-ACH-01
2022-10-17,18.82,59.2,KL-ACH-01
2022-10-18,28.72,29.9,KL-ACH-01
2022-10-19,38.72,17.7,KL-ACH-01
2022-10-20,42.55,19.8,KL-ACH-01
2022-10-21,39.93,9.8,KL-ACH-01
2022-10-22,38.9,18.1,KL-ACH-01
2022-10-23,40.21,4.0,KL-ACH-01
2022-10-24,39.74,2.9,KL-ACH-01
2022-10-25,38.08,1.5,KL-ACH-01
2022-10-26,36.41,0.0,KL-ACH-01
2022-10-27,34.4,1.8,KL-ACH-01
2022-10-28,32.27,0.8,KL-ACH-01
2022-10-29,30.62,5.8,KL-ACH-01
2022-10-30,28.99,37.8,KL-ACH-01
2022-10-31,28.58,53.8,KL-ACH-01
2022-11-01,32.57,25.1,KL-ACH-01
2022-11-02,39.74,18.2,KL-ACH-01
2022-11-03,42.75,0.7,KL-ACH-01
2022-11-04,41.95,18.1,KL-ACH-01
2022-11-05,40.69,59.9,KL-ACH-01
2022-11-06,43.26,27.6,KL-ACH-01
2022-11-07,45.24,7.6,KL-ACH-01
2022-11-08,46.75,28.5,KL-ACH-01
2022-11-09,45.45,19.9,KL-ACH-01
2022-11-10,47.42,9.3,KL-ACH-01
2022-11-11,45.45,14.3,KL-ACH-01
2022-11-12,43.16,2.1,KL-ACH-01
2022-11-13,43.77,10.6,KL-ACH-01
2022-11-14,41.85,44.2,KL-ACH-01
2022-11-15,41.07,2.1,KL-ACH-01
2022-11-16,42.25,9.3,KL-ACH-01
2022-11-17,41.36,4.3,KL-ACH-01
2022-11-18,40.21,1.7,KL-ACH-01
2022-11-19,38.36,0.4,KL-ACH-01
2022-11-20,36.76,0.3,KL-ACH-01
2022-11-21,34.56,0.1,KL-ACH-01
2022-11-22,32.73,0.9,KL-ACH-01
2022-11-23,30.77,0.0,KL-ACH-01
2022-11-24,28.85,0.0,KL-ACH-01
2022-11-25,27.12,0.4,KL-ACH-01
2022-11-26,25.49,0.4,KL-ACH-01
2022-11-27,24.0,7.3,KL-ACH-01
2022-11-28,23.04,14.0,KL-ACH-01
2022-11-29,23.72,25.5,KL-ACH-01
2022-11-30,23.6,0.9,KL-ACH-01
2022-12-01,23.15,1.1,KL-ACH-01
2022-12-02,21.96,8.7,KL-ACH-01
2022-12-03,20.93,5.1,KL-ACH-01
2022-12-04,20.38,38.3,KL-ACH-01
2022-12-05,20.33,1.2,KL-ACH-01
2022-12-06,20.04,0.2,KL-ACH-01
2022-12-07,18.95,0.5,KL-ACH-01
2022-12-08,17.92,0.6,KL-ACH-01
2022-12-09,17.16,0.9,KL-ACH-01
2022-12-10,16.26,12.4,KL-ACH-01
2022-12-11,15.56,26.2,KL-ACH-01
2022-12-12,15.29,33.6,KL-ACH-01
2022-12-13,15.9,0.0,KL-ACH-01
2022-12-14,15.83,29.8,KL-ACH-01
2022-12-15,15.41,0.4,KL-ACH-01
2022-12-16,15.56,0.0,KL-ACH-01
2022-12-17,14.78,0.0,KL-ACH-01
2022-12-18,13.96,0.4,KL-ACH-01
2022-12-19,13.19,0.0,KL-ACH-01
2022-12-20,12.65,0.9,KL-ACH-01
2022-12-21,12.55,1.0,KL-ACH-01
2022-12-22,12.03,0.4,KL-ACH-01
2022-12-23,11.47,0.1,KL-ACH-01
2022-12-24,10.94,0.3,KL-ACH-01
2022-12-25,10.48,2.6,KL-ACH-01
2022-12-26,10.12,1.0,KL-ACH-01
2022-12-27,10.02,0.5,KL-ACH-01
2022-12-28,10.19,2.9,KL-ACH-01
2022-12-29,9.89,0.0,KL-ACH-01
2022-12-30,9.45,0.0,KL-ACH-01
2022-12-31,8.68,0.0,KL-ACH-01
2023-01-01,8.35,0.0,KL-ACH-01
2023-01-02,8.04,0.0,KL-ACH-01
2023-01-03,7.79,0.0,KL-ACH-01
2023-01-04,7.57,0.0,KL-ACH-01
2023-01-05,7.39,0.0,KL-ACH-01
2023-01-06,7.22,0.2,KL-ACH-01
2023-01-07,7.07,0.0,KL-ACH-01
2023-01-08,6.96,0.0,KL-ACH-01
2023-01-09,6.89,0.2,KL-ACH-01
2023-01-10,6.82,0.0,KL-ACH-01
2023-01-11,5.31,0.0,KL-ACH-01
2023-01-12,4.52,0.0,KL-ACH-01
2023-01-13,4.46,0.0,KL-ACH-01
2023-01-14,4.42,0.0,KL-ACH-01
2023-01-15,4.4,0.0,KL-ACH-01
2023-01-16,4.37,0.0,KL-ACH-01
2023-01-17,4.36,1.5,KL-ACH-01
2023-01-18,4.35,0.0,KL-ACH-01
2023-01-19,4.31,0.0,KL-ACH-01
2023-01-20,4.3,0.0,KL-ACH-01
2023-01-21,4.28,0.0,KL-ACH-01
2023-01-22,4.33,0.0,KL-ACH-01
2023-01-23,4.28,2.6,KL-ACH-01
2023-01-24,4.62,23.4,KL-ACH-01
2023-01-25,4.7,0.2,KL-ACH-01
2023-01-26,4.7,0.0,KL-ACH-01
2023-01-27,4.6,0.0,KL-ACH-01
2023-01-28,4.48,0.0,KL-ACH-01
2023-01-29,4.37,0.0,KL-ACH-01
2023-01-30,4.3,1.7,KL-ACH-01
2023-01-31,5.67,2.3,KL-ACH-01
2023-02-01,6.14,0.4,KL-ACH-01
2023-02-02,6.36,6.6,KL-ACH-01
2023-02-03,6.74,1.4,KL-ACH-01
2023-02-04,7.15,19.2,KL-ACH-01
2023-02-05,7.09,0.0,KL-ACH-01
2023-02-06,6.8,0.0,KL-ACH-01
2023-02-07,6.55,0.0,KL-ACH-01
2023-02-08,6.36,0.0,KL-ACH-01
2023-02-09,6.28,0.0,KL-ACH-01
2023-02-10,6.16,0.0,KL-ACH-01
2023-02-11,6.11,0.0,KL-ACH-01
2023-02-12,6.0,0.0,KL-ACH-01
2023-02-13,5.9,0.0,KL-ACH-01
2023-02-14,5.89,0.0,KL-ACH-01
2023-02-15,5.79,0.0,KL-ACH-01
2023-02-16,5.73,0.0,KL-ACH-01
2023-02-17,5.73,0.0,KL-ACH-01
2023-02-18,5.73,0.0,KL-ACH-01
2023-02-19,5.62,0.0,KL-ACH-01
2023-02-20,5.56,1.0,KL-ACH-01
2023-02-21,5.5,0.4,KL-ACH-01
2023-02-22,5.47,0.0,KL-ACH-01
2023-02-23,5.5,0.0,KL-ACH-01
2023-02-24,5.44,0.0,KL-ACH-01
2023-02-25,5.41,0.0,KL-ACH-01
2023-02-26,5.37,0.0,KL-ACH-01
2023-02-27,5.37,0.0,KL-ACH-01
2023-02-28,5.41,1.1,KL-ACH-01
2023-03-01,5.37,1.0,KL-ACH-01
2023-03-02,5.28,0.0,KL-ACH-01
2023-03-03,5.22,0.0,KL-ACH-01
2023-03-04,5.22,0.0,KL-ACH-01
2023-03-05,5.25,0.5,KL-ACH-01
2023-03-06,5.22,0.4,KL-ACH-01
2023-03-07,5.19,0.0,KL-ACH-01
2023-03-08,5.12,0.7,KL-ACH-01
2023-03-09,5.1,1.4,KL-ACH-01
2023-03-10,5.07,0.2,KL-ACH-01
2023-03-11,5.1,0.1,KL-ACH-01
2023-03-12,5.03,0.3,KL-ACH-01
2023-03-13,5.0,0.9,KL-ACH-01
2023-03-14,5.03,2.5,KL-ACH-01
2023-03-15,5.19,2.9,KL-ACH-01
2023-03-16,5.59,6.7,KL-ACH-01
2023-03-17,5.56,7.3,KL-ACH-01
2023-03-18,5.81,12.5,KL-ACH-01
2023-03-19,5.62,2.8,KL-ACH-01
2023-03-20,5.44,7.3,KL-ACH-01
2023-03-21,5.28,0.1,KL-ACH-01
2023-03-22,5.15,0.0,KL-ACH-01
2023-03-23,5.07,0.4,KL-ACH-01
2023-03-24,5.15,12.8,KL-ACH-01
2023-03-25,5.34,3.1,KL-ACH-01
2023-03-26,5.71,10.2,KL-ACH-01
2023-03-27,5.53,0.7,KL-ACH-01
2023-03-28,5.34,1.2,KL-ACH-01
2023-03-29,5.5,3.5,KL-ACH-01
2023-03-30,5.34,6.4,KL-ACH-01
2023-03-31,5.19,0.9,KL-ACH-01
2023-04-01,5.15,10.1,KL-ACH-01
2023-04-02,5.19,1.7,KL-ACH-01
2023-04-03,5.25,3.1,KL-ACH-01
2023-04-04,5.37,0.9,KL-ACH-01
2023-04-05,5.68,4.9,KL-ACH-01
2023-04-06,5.56,0.9,KL-ACH-01
2023-04-07,5.47,3.1,KL-ACH-01
2023-04-08,5.37,1.0,KL-ACH-01
2023-04-09,6.0,5.0,KL-ACH-01
2023-04-10,6.1,0.5,KL-ACH-01
2023-04-11,6.03,0.9,KL-ACH-01
2023-04-12,6.03,0.0,KL-ACH-01
2023-04-13,6.0,1.3,KL-ACH-01
2023-04-14,6.0,0.8,KL-ACH-01
2023-04-15,5.97,1.5,KL-ACH-01
2023-04-16,5.97,0.7,KL-ACH-01
2023-04-17,5.97,1.1,KL-ACH-01
2023-04-18,6.0,0.4,KL-ACH-01
2023-04-19,6.0,2.6,KL-ACH-01
2023-04-20,6.0,3.1,KL-ACH-01
2023-04-21,6.03,6.5,KL-ACH-01
2023-04-22,6.06,6.3,KL-ACH-01
2023-04-23,6.19,1.7,KL-ACH-01
2023-04-24,6.31,15.5,KL-ACH-01
2023-04-25,6.59,11.3,KL-ACH-01
2023-04-26,7.13,9.9,KL-ACH-01
2023-04-27,6.91,11.9,KL-ACH-01
2023-04-28,6.62,11.1,KL-ACH-01
2023-04-29,7.05,30.8,KL-ACH-01
2023-04-30,7.81,23.2,KL-ACH-01
2023-05-01,8.77,32.6,KL-ACH-01
2023-05-02,9.07,50.6,KL-ACH-01
2023-05-03,8.77,3.0,KL-ACH-01
2023-05-04,8.23,0.5,KL-ACH-01
2023-05-05,7.75,3.2,KL-ACH-01
2023-05-06,7.53,3.7,KL-ACH-01
2023-05-07,7.41,1.0,KL-ACH-01
2023-05-08,7.13,3.4,KL-ACH-01
2023-05-09,7.34,27.1,KL-ACH-01
2023-05-10,7.91,4.1,KL-ACH-01
2023-05-11,8.29,10.5,KL-ACH-01
2023-05-12,8.29,11.1,KL-ACH-01
2023-05-13,8.35,5.3,KL-ACH-01
2023-05-14,8.25,8.9,KL-ACH-01
2023-05-15,8.04,2.5,KL-ACH-01
2023-05-16,7.81,1.9,KL-ACH-01
2023-05-17,7.53,1.2,KL-ACH-01
2023-05-18,7.57,12.2,KL-ACH-01
2023-05-19,8.04,3.5,KL-ACH-01
2023-05-20,8.31,10.7,KL-ACH-01
2023-05-21,8.46,3.9,KL-ACH-01
2023-05-22,8.53,10.1,KL-ACH-01
2023-05-23,8.53,1.3,KL-ACH-01
2023-05-24,8.35,7.8,KL-ACH-01
2023-05-25,8.31,5.6,KL-ACH-01
2023-05-26,8.23,3.3,KL-ACH-01
2023-05-27,8.18,10.5,KL-ACH-01
2023-05-28,8.53,3.0,KL-ACH-01
2023-05-29,8.89,11.5,KL-ACH-01
2023-05-30,9.16,12.5,KL-ACH-01
2023-05-31,9.52,21.0,KL-ACH-01
2023-06-01,10.12,7.0,KL-ACH-01
2023-06-02,10.17,13.3,KL-ACH-01
2023-06-03,10.12,30.7,KL-ACH-01
2023-06-04,10.22,1.2,KL-ACH-01
2023-06-05,10.19,16.1,KL-ACH-01
2023-06-06,10.27,11.9,KL-ACH-01
2023-06-07,10.43,11.7,KL-ACH-01
2023-06-08,10.69,13.0,KL-ACH-01
2023-06-09,10.69,15.2,KL-ACH-01
2023-06-10,10.89,1.6,KL-ACH-01
2023-06-11,10.78,21.9,KL-ACH-01
2023-06-12,11.94,23.2,KL-ACH-01
2023-06-13,14.03,20.2,KL-ACH-01
2023-06-14,14.78,2.0,KL-ACH-01
2023-06-15,14.24,3.6,KL-ACH-01
2023-06-16,13.59,1.6,KL-ACH-01
2023-06-17,13.0,4.1,KL-ACH-01
2023-06-18,12.55,5.4,KL-ACH-01
2023-06-19,12.15,5.9,KL-ACH-01
2023-06-20,11.74,6.3,KL-ACH-01
2023-06-21,11.33,4.3,KL-ACH-01
2023-06-22,11.02,4.7,KL-ACH-01
2023-06-23,10.72,3.1,KL-ACH-01
2023-06-24,10.4,1.4,KL-ACH-01
2023-06-25,10.4,47.6,KL-ACH-01
2023-06-26,11.27,13.0,KL-ACH-01
2023-06-27,11.62,24.4,KL-ACH-01
2023-06-28,12.43,25.3,KL-ACH-01
2023-06-29,12.52,25.6,KL-ACH-01
2023-06-30,12.65,3.9,KL-ACH-01
2023-07-01,12.37,6.9,KL-ACH-01
2023-07-02,12.34,32.4,KL-ACH-01
2023-07-03,18.86,25.9,KL-ACH-01
2023-07-04,45.13,66.1,KL-ACH-01
2023-07-05,80.28,63.4,KL-ACH-01
2023-07-06,75.21,39.6,KL-ACH-01
2023-07-07,67.08,26.5,KL-ACH-01
2023-07-08,62.83,20.9,KL-ACH-01
2023-07-09,57.34,1.7,KL-ACH-01
2023-07-10,52.09,5.9,KL-ACH-01
2023-07-11,48.43,6.6,KL-ACH-01
2023-07-12,45.24,7.9,KL-ACH-01
2023-07-13,42.15,15.2,KL-ACH-01
2023-07-14,40.3,3.8,KL-ACH-01
2023-07-15,37.99,2.9,KL-ACH-01
2023-07-16,35.64,3.3,KL-ACH-01
2023-07-17,33.59,5.5,KL-ACH-01
2023-07-18,32.19,6.8,KL-ACH-01
2023-07-19,32.27,14.9,KL-ACH-01
2023-07-20,32.81,3.7,KL-ACH-01
2023-07-21,32.5,3.7,KL-ACH-01
2023-07-22,31.58,10.0,KL-ACH-01
2023-07-23,30.7,25.2,KL-ACH-01
2023-07-24,30.84,18.2,KL-ACH-01
2023-07-25,29.62,6.9,KL-ACH-01
2023-07-26,28.65,7.5,KL-ACH-01
2023-07-27,27.97,0.7,KL-ACH-01
2023-07-28,26.61,0.7,KL-ACH-01
2023-07-29,25.0,0.7,KL-ACH-01
2023-07-30,23.6,0.8,KL-ACH-01
2023-07-31,22.23,3.3,KL-ACH-01
2023-08-01,21.03,2.8,KL-ACH-01
2023-08-02,19.89,3.0,KL-ACH-01
2023-08-03,18.91,1.6,KL-ACH-01
2023-08-04,17.92,3.3,KL-ACH-01
2023-08-05,18.28,0.9,KL-ACH-01
2023-08-06,17.49,1.5,KL-ACH-01
2023-08-07,16.22,1.2,KL-ACH-01
2023-08-08,15.41,1.2,KL-ACH-01
2023-08-09,14.63,1.1,KL-ACH-01
2023-08-10,13.96,4.1,KL-ACH-01
2023-08-11,13.32,3.2,KL-ACH-01
2023-08-12,12.74,7.1,KL-ACH-01
2023-08-13,12.61,0.9,KL-ACH-01
2023-08-14,12.84,5.6,KL-ACH-01
2023-08-15,12.34,1.3,KL-ACH-01
2023-08-16,11.91,0.1,KL-ACH-01
2023-08-17,11.39,3.8,KL-ACH-01
2023-08-18,10.69,8.2,KL-ACH-01
2023-08-19,10.56,1.1,KL-ACH-01
2023-08-20,10.38,0.6,KL-ACH-01
2023-08-21,9.84,1.3,KL-ACH-01
2023-08-22,9.45,1.1,KL-ACH-01
2023-08-23,9.19,1.1,KL-ACH-01
2023-08-24,9.02,0.4,KL-ACH-01
2023-08-25,8.38,1.9,KL-ACH-01
2023-08-26,7.93,4.0,KL-ACH-01
2023-08-27,7.75,1.0,KL-ACH-01
2023-08-28,7.61,15.4,KL-ACH-01
2023-08-29,7.49,33.3,KL-ACH-01
2023-08-30,8.06,17.5,KL-ACH-01
2023-08-31,9.54,18.6,KL-ACH-01
2023-09-01,9.38,30.0,KL-ACH-01
2023-09-02,9.91,32.1,KL-ACH-01
2023-09-03,11.71,42.1,KL-ACH-01
2023-09-04,16.06,8.1,KL-ACH-01
2023-09-05,17.92,15.5,KL-ACH-01
2023-09-06,15.03,25.2,KL-ACH-01
2023-09-07,16.86,40.3,KL-ACH-01
2023-09-08,20.38,14.2,KL-ACH-01
2023-09-09,23.95,13.1,KL-ACH-01
2023-09-10,22.01,49.8,KL-ACH-01
2023-09-11,22.12,38.2,KL-ACH-01
2023-09-12,25.55,10.9,KL-ACH-01
2023-09-13,30.7,13.4,KL-ACH-01
2023-09-14,25.61,12.1,KL-ACH-01
2023-09-15,25.92,22.1,KL-ACH-01
2023-09-16,26.8,31.5,KL-ACH-01
2023-09-17,29.41,21.1,KL-ACH-01
2023-09-18,28.99,47.6,KL-ACH-01
2023-09-19,28.85,21.2,KL-ACH-01
2023-09-20,33.12,18.6,KL-ACH-01
2023-09-21,34.16,24.2,KL-ACH-01
2023-09-22,38.08,16.6,KL-ACH-01
2023-09-23,41.66,21.9,KL-ACH-01
2023-09-24,49.12,22.6,KL-ACH-01
2023-09-25,52.58,11.2,KL-ACH-01
2023-09-26,51.36,17.9,KL-ACH-01
2023-09-27,47.75,17.1,KL-ACH-01
2023-09-28,45.45,36.9,KL-ACH-01
2023-09-29,52.83,53.0,KL-ACH-01
2023-09-30,70.78,45.4,KL-ACH-01
2023-10-01,70.45,44.2,KL-ACH-01
2023-10-02,80.66,33.3,KL-ACH-01
2023-10-03,95.16,9.4,KL-ACH-01
2023-10-04,90.2,6.4,KL-ACH-01
2023-10-05,83.92,2.9,KL-ACH-01
2023-10-06,79.35,0.1,KL-ACH-01
2023-10-07,75.56,1.1,KL-ACH-01
2023-10-08,71.11,5.2,KL-ACH-01
2023-10-09,66.14,3.2,KL-ACH-01
2023-10-10,65.68,17.4,KL-ACH-01
2023-10-11,62.83,16.3,KL-ACH-01
2023-10-12,68.66,21.1,KL-ACH-01
2023-10-13,75.21,34.8,KL-ACH-01
2023-10-14,63.71,35.6,KL-ACH-01
2023-10-15,68.02,3.8,KL-ACH-01
2023-10-16,62.68,7.2,KL-ACH-01
2023-10-17,68.66,44.0,KL-ACH-01
2023-10-18,75.56,3.9,KL-ACH-01
2023-10-19,80.47,12.7,KL-ACH-01
2023-10-20,77.52,3.7,KL-ACH-01
2023-10-21,73.99,9.2,KL-ACH-01
2023-10-22,67.87,63.6,KL-ACH-01
2023-10-23,74.34,34.5,KL-ACH-01
2023-10-24,76.62,10.5,KL-ACH-01
2023-10-25,63.71,9.9,KL-ACH-01
2023-10-26,60.52,8.8,KL-ACH-01
2023-10-27,63.42,23.2,KL-ACH-01
2023-10-28,59.95,15.7,KL-ACH-01
2023-10-29,57.75,17.0,KL-ACH-01
2023-10-30,57.08,19.3,KL-ACH-01
2023-10-31,60.09,22.2,KL-ACH-01
2023-11-01,60.09,15.3,KL-ACH-01
2023-11-02,60.66,28.4,KL-ACH-01
2023-11-03,60.38,16.9,KL-ACH-01
2023-11-04,64.46,40.9,KL-ACH-01
2023-11-05,72.96,12.5,KL-ACH-01
2023-11-06,74.68,9.8,KL-ACH-01
2023-11-07,66.61,10.2,KL-ACH-01
2023-11-08,64.16,46.6,KL-ACH-01
2023-11-09,67.87,23.3,KL-ACH-01
2023-11-10,68.34,16.5,KL-ACH-01
2023-11-11,115.14,29.0,KL-ACH-01
2023-11-12,109.66,0.0,KL-ACH-01
2023-11-13,132.35,1.6,KL-ACH-01
2023-11-14,115.68,1.2,KL-ACH-01
2023-11-15,105.17,7.2,KL-ACH-01
2023-11-16,99.23,13.4,KL-ACH-01
2023-11-17,94.72,7.8,KL-ACH-01
2023-11-18,92.11,30.3,KL-ACH-01
2023-11-19,87.1,16.7,KL-ACH-01
2023-11-20,85.5,7.6,KL-ACH-01
2023-11-21,80.28,13.8,KL-ACH-01
2023-11-22,78.07,66.5,KL-ACH-01
2023-11-23,78.07,3.6,KL-ACH-01
2023-11-24,76.8,1.8,KL-ACH-01
2023-11-25,82.75,19.8,KL-ACH-01
2023-11-26,79.35,3.0,KL-ACH-01
2023-11-27,74.34,0.9,KL-ACH-01
2023-11-28,68.82,10.4,KL-ACH-01
2023-11-29,64.61,1.8,KL-ACH-01
2023-11-30,60.8,2.1,KL-ACH-01
2023-12-01,56.28,20.8,KL-ACH-01
2023-12-02,55.62,11.0,KL-ACH-01
2023-12-03,53.58,4.2,KL-ACH-01
2023-12-04,51.84,3.1,KL-ACH-01
2023-12-05,48.77,1.0,KL-ACH-01
2023-12-06,46.75,0.0,KL-ACH-01
2023-12-07,44.19,0.9,KL-ACH-01
2023-12-08,41.46,20.1,KL-ACH-01
2023-12-09,39.36,12.7,KL-ACH-01
2023-12-10,37.99,8.5,KL-ACH-01
2023-12-11,36.33,19.5,KL-ACH-01
2023-12-12,35.56,20.6,KL-ACH-01
2023-12-13,34.56,0.0,KL-ACH-01
2023-12-14,32.34,0.1,KL-ACH-01
2023-12-15,29.06,4.9,KL-ACH-01
2023-12-16,27.51,6.5,KL-ACH-01
2023-12-17,27.12,83.2,KL-ACH-01
2023-12-18,85.7,56.4,KL-ACH-01
2023-12-19,146.91,0.2,KL-ACH-01
2023-12-20,110.43,0.0,KL-ACH-01
2023-12-21,76.8,1.0,KL-ACH-01
2023-12-22,65.99,0.0,KL-ACH-01
2023-12-23,58.43,0.0,KL-ACH-01
2023-12-24,52.33,0.2,KL-ACH-01
2023-12-25,47.64,0.4,KL-ACH-01
2023-12-26,43.87,0.0,KL-ACH-01
2023-12-27,40.5,0.1,KL-ACH-01
2023-12-28,37.46,0.5,KL-ACH-01
2023-12-29,34.81,0.0,KL-ACH-01
2023-12-30,32.65,0.3,KL-ACH-01
2023-12-31,30.48,0.0,KL-ACH-01
2024-01-01,28.44,0.0,KL-ACH-01
2024-01-02,26.61,0.0,KL-ACH-01
2024-01-03,24.88,5.6,KL-ACH-01
2024-01-04,23.43,17.3,KL-ACH-01
2024-01-05,22.5,4.4,KL-ACH-01
2024-01-06,21.44,25.8,KL-ACH-01
2024-01-07,21.65,19.5,KL-ACH-01
2024-01-08,23.72,6.0,KL-ACH-01
2024-01-09,23.32,16.2,KL-ACH-01
2024-01-10,21.13,15.4,KL-ACH-01
2024-01-11,22.12,0.0,KL-ACH-01
2024-01-12,19.09,0.0,KL-ACH-01
2024-01-13,17.07,0.0,KL-ACH-01
2024-01-14,15.9,0.0,KL-ACH-01
2024-01-15,14.85,0.0,KL-ACH-01
2024-01-16,13.86,0.3,KL-ACH-01
2024-01-17,12.96,0.0,KL-ACH-01
2024-01-18,12.12,0.0,KL-ACH-01
2024-01-19,11.33,0.9,KL-ACH-01
2024-01-20,10.67,6.1,KL-ACH-01
2024-01-21,10.17,0.0,KL-ACH-01
2024-01-22,9.62,2.2,KL-ACH-01
2024-01-23,9.0,0.3,KL-ACH-01
2024-01-24,8.46,2.5,KL-ACH-01
2024-01-25,8.25,2.6,KL-ACH-01
2024-01-26,8.04,0.0,KL-ACH-01
2024-01-27,7.43,0.0,KL-ACH-01
2024-01-28,7.24,0.0,KL-ACH-01
2024-01-29,6.85,0.0,KL-ACH-01
2024-01-30,6.52,0.0,KL-ACH-01
2024-01-31,6.21,2.5,KL-ACH-01
2024-02-01,6.85,0.6,KL-ACH-01
2024-02-02,6.96,0.1,KL-ACH-01
2024-02-03,6.78,0.2,KL-ACH-01
2024-02-04,6.59,0.0,KL-ACH-01
2024-02-05,6.5,0.0,KL-ACH-01
2024-02-06,6.43,0.0,KL-ACH-01
2024-02-07,6.33,0.0,KL-ACH-01
2024-02-08,6.24,0.0,KL-ACH-01
2024-02-09,6.18,0.0,KL-ACH-01
2024-02-10,6.13,0.0,KL-ACH-01
2024-02-11,6.03,0.0,KL-ACH-01
2024-02-12,5.97,0.0,KL-ACH-01
2024-02-13,5.92,0.7,KL-ACH-01
2024-02-14,5.89,1.6,KL-ACH-01
2024-02-15,5.84,0.1,KL-ACH-01
2024-02-16,5.81,0.0,KL-ACH-01
2024-02-17,5.76,0.2,KL-ACH-01
2024-02-18,5.71,0.5,KL-ACH-01
2024-02-19,5.7,0.0,KL-ACH-01
2024-02-20,5.65,0.0,KL-ACH-01
2024-02-21,5.56,1.2,KL-ACH-01
2024-02-22,5.55,0.5,KL-ACH-01
2024-02-23,5.52,0.3,KL-ACH-01
2024-02-24,5.5,1.8,KL-ACH-01
2024-02-25,5.49,0.5,KL-ACH-01
2024-02-26,5.46,0.0,KL-ACH-01
2024-02-27,5.44,1.2,KL-ACH-01
2024-02-28,5.41,0.0,KL-ACH-01
2024-02-29,5.34,0.0,KL-ACH-01
2024-03-01,5.3,0.0,KL-ACH-01
2024-03-02,5.4,0.0,KL-ACH-01
2024-03-03,5.31,0.2,KL-ACH-01
2024-03-04,5.24,1.1,KL-ACH-01
2024-03-05,5.22,5.3,KL-ACH-01
2024-03-06,5.28,0.9,KL-ACH-01
2024-03-07,5.24,0.1,KL-ACH-01
2024-03-08,5.17,11.6,KL-ACH-01
2024-03-09,5.17,6.6,KL-ACH-01
2024-03-10,5.22,0.1,KL-ACH-01
2024-03-11,5.19,8.4,KL-ACH-01
2024-03-12,5.11,0.0,KL-ACH-01
2024-03-13,5.05,6.1,KL-ACH-01
2024-03-14,5.1,1.0,KL-ACH-01
2024-03-15,5.08,18.1,KL-ACH-01
2024-03-16,5.08,0.9,KL-ACH-01
2024-03-17,5.07,0.2,KL-ACH-01
2024-03-18,4.98,5.2,KL-ACH-01
2024-03-19,5.0,3.3,KL-ACH-01
2024-03-20,4.98,2.8,KL-ACH-01
2024-03-21,4.97,0.7,KL-ACH-01
2024-03-22,4.92,10.4,KL-ACH-01
2024-03-23,5.28,5.1,KL-ACH-01
2024-03-24,5.53,0.1,KL-ACH-01
2024-03-25,5.22,2.3,KL-ACH-01
2024-03-26,5.17,4.0,KL-ACH-01
2024-03-27,5.11,0.8,KL-ACH-01
2024-03-28,5.07,5.0,KL-ACH-01
2024-03-29,5.52,7.7,KL-ACH-01
2024-03-30,5.47,1.6,KL-ACH-01
2024-03-31,5.32,0.5,KL-ACH-01
2024-04-01,5.22,2.9,KL-ACH-01
2024-04-02,5.15,9.2,KL-ACH-01
2024-04-03,5.17,3.8,KL-ACH-01
2024-04-04,5.15,6.2,KL-ACH-01
2024-04-05,5.28,10.0,KL-ACH-01
2024-04-06,5.46,0.5,KL-ACH-01
2024-04-07,5.37,2.6,KL-ACH-01
2024-04-08,5.19,17.9,KL-ACH-01
2024-04-09,5.93,0.3,KL-ACH-01
2024-04-10,6.01,0.6,KL-ACH-01
2024-04-11,5.95,15.6,KL-ACH-01
2024-04-12,6.13,19.4,KL-ACH-01
2024-04-13,6.38,3.6,KL-ACH-01
2024-04-14,6.19,1.2,KL-ACH-01
2024-04-15,6.13,0.7,KL-ACH-01
2024-04-16,6.05,3.9,KL-ACH-01
2024-04-17,6.06,1.0,KL-ACH-01
2024-04-18,6.05,3.7,KL-ACH-01
2024-04-19,6.11,7.0,KL-ACH-01
2024-04-20,6.23,1.2,KL-ACH-01
2024-04-21,6.16,8.5,KL-ACH-01
2024-04-22,6.16,9.8,KL-ACH-01
2024-04-23,6.19,9.3,KL-ACH-01
2024-04-24,6.21,1.0,KL-ACH-01
2024-04-25,6.18,1.1,KL-ACH-01
2024-04-26,6.06,0.6,KL-ACH-01
2024-04-27,6.01,16.4,KL-ACH-01
2024-04-28,6.05,10.5,KL-ACH-01
2024-04-29,6.13,29.6,KL-ACH-01
2024-04-30,6.26,9.9,KL-ACH-01
2024-05-01,6.26,5.5,KL-ACH-01
2024-05-02,6.29,0.4,KL-ACH-01
2024-05-03,7.95,11.1,KL-ACH-01
2024-05-04,7.39,3.1,KL-ACH-01
2024-05-05,7.05,8.1,KL-ACH-01
2024-05-06,6.67,0.2,KL-ACH-01
2024-05-07,6.53,2.6,KL-ACH-01
2024-05-08,6.43,16.7,KL-ACH-01
2024-05-09,6.35,9.1,KL-ACH-01
2024-05-10,6.52,26.6,KL-ACH-01
2024-05-11,8.91,2.8,KL-ACH-01
2024-05-12,9.23,23.2,KL-ACH-01
2024-05-13,8.57,11.3,KL-ACH-01
2024-05-14,10.19,28.2,KL-ACH-01
2024-05-15,9.79,17.4,KL-ACH-01
2024-05-16,10.59,35.4,KL-ACH-01
2024-05-17,12.21,31.1,KL-ACH-01
2024-05-18,13.89,39.0,KL-ACH-01
2024-05-19,17.97,23.5,KL-ACH-01
2024-05-20,42.55,42.7,KL-ACH-01
2024-05-21,57.08,38.4,KL-ACH-01
2024-05-22,94.72,79.6,KL-ACH-01
2024-05-23,180.55,64.8,KL-ACH-01
2024-05-24,161.93,89.4,KL-ACH-01
2024-05-25,144.55,24.7,KL-ACH-01
2024-05-26,143.54,51.9,KL-ACH-01
2024-05-27,106.4,70.6,KL-ACH-01
2024-05-28,103.95,38.3,KL-ACH-01
2024-05-29,96.27,66.2,KL-ACH-01
2024-05-30,91.47,58.3,KL-ACH-01
2024-05-31,84.9,40.3,KL-ACH-01
2024-06-01,87.51,7.2,KL-ACH-01
2024-06-02,82.95,22.8,KL-ACH-01
2024-06-03,82.75,8.5,KL-ACH-01
2024-06-04,79.72,21.4,KL-ACH-01
2024-06-05,71.11,22.0,KL-ACH-01
2024-06-06,69.15,36.6,KL-ACH-01
2024-06-07,66.61,39.6,KL-ACH-01
2024-06-08,70.61,26.4,KL-ACH-01
2024-06-09,90.62,18.1,KL-ACH-01
2024-06-10,85.5,9.1,KL-ACH-01
2024-06-11,84.31,22.3,KL-ACH-01
2024-06-12,80.66,11.5,KL-ACH-01
2024-06-13,77.34,7.5,KL-ACH-01
2024-06-14,73.64,3.4,KL-ACH-01
2024-06-15,69.15,1.6,KL-ACH-01
2024-06-16,64.92,3.6,KL-ACH-01
2024-06-17,60.52,20.0,KL-ACH-01
2024-06-18,57.88,20.6,KL-ACH-01
2024-06-19,57.75,44.6,KL-ACH-01
2024-06-20,54.72,24.3,KL-ACH-01
2024-06-21,53.95,27.5,KL-ACH-01
2024-06-22,53.08,38.7,KL-ACH-01
2024-06-23,63.27,41.4,KL-ACH-01
2024-06-24,69.96,45.8,KL-ACH-01
2024-06-25,96.05,53.1,KL-ACH-01
2024-06-26,116.22,63.8,KL-ACH-01
2024-06-27,120.9,17.4,KL-ACH-01
2024-06-28,111.72,3.6,KL-ACH-01
2024-06-29,110.43,8.2,KL-ACH-01
2024-06-30,103.95,12.6,KL-ACH-01
2024-07-01,95.38,13.7,KL-ACH-01
2024-07-02,88.74,4.0,KL-ACH-01
2024-07-03,82.75,4.6,KL-ACH-01
2024-07-04,78.07,8.7,KL-ACH-01
2024-07-05,72.96,9.3,KL-ACH-01
2024-07-06,70.94,1.7,KL-ACH-01
2024-07-07,70.45,15.2,KL-ACH-01
2024-07-08,61.09,5.3,KL-ACH-01
2024-07-09,60.24,4.7,KL-ACH-01
2024-07-10,54.46,9.4,KL-ACH-01
2024-07-11,53.95,3.0,KL-ACH-01
2024-07-12,50.29,23.4,KL-ACH-01
2024-07-13,48.77,38.6,KL-ACH-01
2024-07-14,49.35,30.9,KL-ACH-01
2024-07-15,51.24,60.7,KL-ACH-01
2024-07-16,66.61,28.1,KL-ACH-01
2024-07-17,71.95,55.7,KL-ACH-01
2024-07-18,81.22,34.0,KL-ACH-01
2024-07-19,85.3,11.5,KL-ACH-01
2024-07-20,74.68,3.1,KL-ACH-01
2024-07-21,68.18,2.7,KL-ACH-01
2024-07-22,64.61,5.6,KL-ACH-01
2024-07-23,62.39,3.7,KL-ACH-01
2024-07-24,58.98,7.5,KL-ACH-01
2024-07-25,57.08,5.7,KL-ACH-01
2024-07-26,53.08,4.5,KL-ACH-01
2024-07-27,53.08,7.9,KL-ACH-01
2024-07-28,51.48,23.8,KL-ACH-01
2024-07-29,49.93,33.1,KL-ACH-01
2024-07-30,50.88,14.2,KL-ACH-01
2024-07-31,51.97,9.4,KL-ACH-01
2024-08-01,56.94,22.2,KL-ACH-01
2024-08-02,58.43,2.1,KL-ACH-01
2024-08-03,55.23,10.6,KL-ACH-01
2024-08-04,52.58,0.4,KL-ACH-01
2024-08-05,50.17,23.0,KL-ACH-01
2024-08-06,47.31,4.8,KL-ACH-01
2024-08-07,47.31,5.3,KL-ACH-01
2024-08-08,44.19,4.4,KL-ACH-01
2024-08-09,42.15,2.2,KL-ACH-01
2024-08-10,39.55,7.1,KL-ACH-01
2024-08-11,37.46,7.5,KL-ACH-01
2024-08-12,36.76,40.7,KL-ACH-01
2024-08-13,40.3,23.7,KL-ACH-01
2024-08-14,43.26,12.6,KL-ACH-01
2024-08-15,40.88,7.9,KL-ACH-01
2024-08-16,52.58,20.1,KL-ACH-01
2024-08-17,52.33,9.8,KL-ACH-01
2024-08-18,53.45,2.1,KL-ACH-01
2024-08-19,51.84,30.1,KL-ACH-01
2024-08-20,55.23,26.2,KL-ACH-01
2024-08-21,55.36,3.7,KL-ACH-01
2024-08-22,52.83,1.6,KL-ACH-01
2024-08-23,52.33,0.9,KL-ACH-01
2024-08-24,49.35,9.1,KL-ACH-01
2024-08-25,46.32,2.4,KL-ACH-01
2024-08-26,44.39,3.2,KL-ACH-01
2024-08-27,42.65,3.2,KL-ACH-01
2024-08-28,41.56,8.8,KL-ACH-01
2024-08-29,39.93,20.4,KL-ACH-01
2024-08-30,38.99,33.4,KL-ACH-01
2024-08-31,40.4,8.2,KL-ACH-01
2024-09-01,42.55,28.7,KL-ACH-01
2024-09-02,38.63,30.5,KL-ACH-01
2024-09-03,40.21,33.1,KL-ACH-01
2024-09-04,40.88,4.1,KL-ACH-01
2024-09-05,39.46,1.5,KL-ACH-01
2024-09-06,34.97,3.3,KL-ACH-01
2024-09-07,33.04,3.4,KL-ACH-01
2024-09-08,31.06,11.5,KL-ACH-01
2024-09-09,29.69,28.6,KL-ACH-01
2024-09-10,30.48,11.2,KL-ACH-01
2024-09-11,32.27,24.9,KL-ACH-01
2024-09-12,31.51,4.2,KL-ACH-01
2024-09-13,31.43,4.4,KL-ACH-01
2024-09-14,30.48,1.7,KL-ACH-01
2024-09-15,28.65,7.0,KL-ACH-01
2024-09-16,27.64,2.5,KL-ACH-01
2024-09-17,26.42,5.1,KL-ACH-01
2024-09-18,24.76,1.6,KL-ACH-01
2024-09-19,23.55,1.2,KL-ACH-01
2024-09-20,22.01,1.6,KL-ACH-01
2024-09-21,21.03,2.1,KL-ACH-01
2024-09-22,19.65,5.6,KL-ACH-01
2024-09-23,18.95,7.1,KL-ACH-01
2024-09-24,18.72,9.8,KL-ACH-01
2024-09-25,19.14,6.4,KL-ACH-01
2024-09-26,18.32,2.0,KL-ACH-01
2024-09-27,17.54,1.6,KL-ACH-01
2024-09-28,16.14,2.8,KL-ACH-01
2024-09-29,15.71,17.5,KL-ACH-01
2024-09-30,16.3,23.8,KL-ACH-01
2024-10-01,16.26,10.8,KL-ACH-01
2024-10-02,16.22,4.9,KL-ACH-01
2024-10-03,15.41,1.4,KL-ACH-01
2024-10-04,14.31,14.6,KL-ACH-01
2024-10-05,14.6,0.6,KL-ACH-01
2024-10-06,15.29,35.2,KL-ACH-01
2024-10-07,15.6,28.8,KL-ACH-01
2024-10-08,18.5,3.1,KL-ACH-01
2024-10-09,23.27,44.5,KL-ACH-01
2024-10-10,26.54,17.9,KL-ACH-01
2024-10-11,27.31,31.0,KL-ACH-01
2024-10-12,27.77,2.2,KL-ACH-01
2024-10-13,27.77,7.3,KL-ACH-01
2024-10-14,26.16,5.7,KL-ACH-01
2024-10-15,28.92,6.4,KL-ACH-01
2024-10-16,26.99,3.4,KL-ACH-01
2024-10-17,25.92,3.2,KL-ACH-01
2024-10-18,26.8,2.9,KL-ACH-01
2024-10-19,25.98,3.7,KL-ACH-01
2024-10-20,24.7,5.4,KL-ACH-01
2024-10-21,23.72,3.5,KL-ACH-01
2024-10-22,23.04,9.7,KL-ACH-01
2024-10-23,22.6,36.9,KL-ACH-01
2024-10-24,23.38,44.5,KL-ACH-01
2024-10-25,33.43,47.1,KL-ACH-01
2024-10-26,40.21,18.9,KL-ACH-01
2024-10-27,35.22,19.6,KL-ACH-01
2024-10-28,86.1,1.3,KL-ACH-01
2024-10-29,72.96,12.1,KL-ACH-01
2024-10-30,61.52,0.8,KL-ACH-01
2024-10-31,56.94,9.1,KL-ACH-01
2024-11-01,49.82,15.1,KL-ACH-01
2024-11-02,48.09,34.6,KL-ACH-01
2024-11-03,53.7,25.9,KL-ACH-01
2024-11-04,55.75,30.5,KL-ACH-01
2024-11-05,50.88,4.7,KL-ACH-01
2024-11-06,51.6,1.5,KL-ACH-01
2024-11-07,46.1,6.0,KL-ACH-01
2024-11-08,41.36,18.9,KL-ACH-01
2024-11-09,39.46,3.2,KL-ACH-01
2024-11-10,39.93,2.1,KL-ACH-01
2024-11-11,37.73,0.0,KL-ACH-01
2024-11-12,35.22,2.8,KL-ACH-01
2024-11-13,33.04,0.2,KL-ACH-01
2024-11-14,31.66,26.3,KL-ACH-01
2024-11-15,31.28,7.9,KL-ACH-01
2024-11-16,31.89,41.5,KL-ACH-01
2024-11-17,34.97,14.0,KL-ACH-01
2024-11-18,32.65,2.6,KL-ACH-01
2024-11-19,29.62,0.3,KL-ACH-01
2024-11-20,29.41,9.5,KL-ACH-01
2024-11-21,28.31,15.2,KL-ACH-01
2024-11-22,29.06,10.2,KL-ACH-01
2024-11-23,28.11,0.5,KL-ACH-01
2024-11-24,31.66,1.7,KL-ACH-01
2024-11-25,29.2,0.0,KL-ACH-01
2024-11-26,27.12,13.7,KL-ACH-01
2024-11-27,26.54,4.0,KL-ACH-01
2024-11-28,27.25,0.9,KL-ACH-01
2024-11-29,27.31,0.3,KL-ACH-01
2024-11-30,28.65,1.7,KL-ACH-01
2024-12-01,26.86,25.8,KL-ACH-01
2024-12-02,26.42,13.2,KL-ACH-01
2024-12-03,28.72,1.1,KL-ACH-01
2024-12-04,27.38,2.4,KL-ACH-01
2024-12-05,25.98,17.3,KL-ACH-01
2024-12-06,25.49,0.5,KL-ACH-01
2024-12-07,24.88,4.1,KL-ACH-01
2024-12-08,22.23,1.8,KL-ACH-01
2024-12-09,21.44,1.7,KL-ACH-01
2024-12-10,19.94,2.5,KL-ACH-01
2024-12-11,19.0,0.0,KL-ACH-01
2024-12-12,18.91,37.6,KL-ACH-01
2024-12-13,17.45,23.0,KL-ACH-01
2024-12-14,26.93,17.7,KL-ACH-01
2024-12-15,34.16,0.0,KL-ACH-01
2024-12-16,27.12,0.0,KL-ACH-01
2024-12-17,24.88,0.5,KL-ACH-01
2024-12-18,23.38,0.0,KL-ACH-01
2024-12-19,25.3,0.6,KL-ACH-01
2024-12-20,22.66,1.1,KL-ACH-01
2024-12-21,21.39,1.0,KL-ACH-01
2024-12-22,20.63,0.2,KL-ACH-01
2024-12-23,19.09,0.0,KL-ACH-01
2024-12-24,17.97,0.0,KL-ACH-01
2024-12-25,16.86,0.0,KL-ACH-01
2024-12-26,15.9,2.9,KL-ACH-01
2024-12-27,15.0,1.8,KL-ACH-01
2024-12-28,14.31,0.0,KL-ACH-01
2024-12-29,13.49,0.1,KL-ACH-01
2024-12-30,12.84,1.8,KL-ACH-01
2024-12-31,12.15,0.2,KL-ACH-01
2025-01-01,11.91,0.0,KL-ACH-01
2025-01-02,11.11,0.0,KL-ACH-01
2025-01-03,10.46,0.0,KL-ACH-01
2025-01-04,9.94,0.0,KL-ACH-01
2025-01-05,9.45,0.0,KL-ACH-01
2025-01-06,9.0,0.0,KL-ACH-01
2025-01-07,8.62,0.0,KL-ACH-01
2025-01-08,8.27,0.2,KL-ACH-01
2025-01-09,7.97,0.0,KL-ACH-01
2025-01-10,7.69,2.2,KL-ACH-01
2025-01-11,7.43,0.3,KL-ACH-01
2025-01-12,6.05,3.7,KL-ACH-01
2025-01-13,5.3,14.2,KL-ACH-01
2025-01-14,5.67,6.3,KL-ACH-01
2025-01-15,6.6,1.6,KL-ACH-01
2025-01-16,6.19,0.4,KL-ACH-01
2025-01-17,5.5,0.0,KL-ACH-01
2025-01-18,5.14,3.0,KL-ACH-01
2025-01-19,5.05,2.7,KL-ACH-01
2025-01-20,5.67,0.8,KL-ACH-01
2025-01-21,5.56,0.0,KL-ACH-01
2025-01-22,5.7,0.0,KL-ACH-01
2025-01-23,5.52,0.0,KL-ACH-01
2025-01-24,5.28,0.0,KL-ACH-01
2025-01-25,5.43,0.2,KL-ACH-01
2025-01-26,5.19,0.0,KL-ACH-01
2025-01-27,5.07,0.0,KL-ACH-01
2025-01-28,4.94,0.0,KL-ACH-01
2025-01-29,4.81,0.0,KL-ACH-01
2025-01-30,4.85,0.3,KL-ACH-01
2025-01-31,4.73,3.6,KL-ACH-01
2025-02-01,5.61,1.7,KL-ACH-01
2025-02-02,5.95,1.1,KL-ACH-01
2025-02-03,6.0,0.1,KL-ACH-01
2025-02-04,5.97,0.0,KL-ACH-01
2025-02-05,5.92,0.0,KL-ACH-01
2025-02-06,5.87,0.0,KL-ACH-01
2025-02-07,5.84,0.0,KL-ACH-01
2025-02-08,5.81,0.0,KL-ACH-01
2025-02-09,5.76,0.0,KL-ACH-01
2025-02-10,5.7,0.0,KL-ACH-01
2025-02-11,5.65,0.0,KL-ACH-01
2025-02-12,5.59,0.0,KL-ACH-01
2025-02-13,5.58,0.0,KL-ACH-01
2025-02-14,5.55,0.0,KL-ACH-01
2025-02-15,5.53,0.0,KL-ACH-01
2025-02-16,5.5,0.1,KL-ACH-01
2025-02-17,5.49,0.0,KL-ACH-01
2025-02-18,5.47,0.0,KL-ACH-01
2025-02-19,5.43,0.0,KL-ACH-01
2025-02-20,5.43,0.2,KL-ACH-01
2025-02-21,5.37,0.2,KL-ACH-01
2025-02-22,5.34,0.4,KL-ACH-01
2025-02-23,5.34,0.1,KL-ACH-01
2025-02-24,5.34,0.0,KL-ACH-01
2025-02-25,5.28,0.3,KL-ACH-01
2025-02-26,5.25,3.1,KL-ACH-01
2025-02-27,5.34,0.0,KL-ACH-01
2025-02-28,5.28,4.5,KL-ACH-01
2025-03-01,5.19,2.2,KL-ACH-01
2025-03-02,5.37,2.9,KL-ACH-01
2025-03-03,5.34,1.4,KL-ACH-01
2025-03-04,5.22,0.0,KL-ACH-01
2025-03-05,5.19,1.5,KL-ACH-01
2025-03-06,5.15,1.6,KL-ACH-01
2025-03-07,5.15,0.5,KL-ACH-01
2025-03-08,5.19,3.8,KL-ACH-01
2025-03-09,5.25,1.0,KL-ACH-01
2025-03-10,5.15,0.0,KL-ACH-01
2025-03-11,5.03,8.6,KL-ACH-01
2025-03-12,5.84,0.0,KL-ACH-01
2025-03-13,5.93,0.5,KL-ACH-01
2025-03-14,5.22,1.3,KL-ACH-01
2025-03-15,5.15,1.4,KL-ACH-01
2025-03-16,5.1,21.6,KL-ACH-01
2025-03-17,5.87,3.3,KL-ACH-01
2025-03-18,5.78,15.6,KL-ACH-01
2025-03-19,5.71,1.2,KL-ACH-01
2025-03-20,5.5,0.0,KL-ACH-01
2025-03-21,5.37,7.8,KL-ACH-01
2025-03-22,5.71,10.4,KL-ACH-01
2025-03-23,6.1,10.0,KL-ACH-01
2025-03-24,6.21,2.3,KL-ACH-01
2025-03-25,6.0,1.2,KL-ACH-01
2025-03-26,5.71,7.4,KL-ACH-01
2025-03-27,5.75,6.0,KL-ACH-01
2025-03-28,5.62,3.9,KL-ACH-01
2025-03-29,5.59,0.4,KL-ACH-01
2025-03-30,5.37,1.3,KL-ACH-01
2025-03-31,5.28,0.5,KL-ACH-01
2025-04-01,5.34,1.5,KL-ACH-01
2025-04-02,5.44,8.5,KL-ACH-01
2025-04-03,5.78,5.9,KL-ACH-01
2025-04-04,6.1,24.2,KL-ACH-01
2025-04-05,6.28,13.8,KL-ACH-01
2025-04-06,7.0,20.2,KL-ACH-01
2025-04-07,7.85,3.3,KL-ACH-01
2025-04-08,8.62,3.9,KL-ACH-01
2025-04-09,7.53,4.0,KL-ACH-01
2025-04-10,7.79,0.6,KL-ACH-01
2025-04-11,7.47,13.5,KL-ACH-01
2025-04-12,7.41,8.0,KL-ACH-01
2025-04-13,7.38,0.7,KL-ACH-01
2025-04-14,7.09,3.2,KL-ACH-01
2025-04-15,7.28,3.7,KL-ACH-01
2025-04-16,7.18,2.9,KL-ACH-01
2025-04-17,7.09,15.8,KL-ACH-01
2025-04-18,7.09,11.0,KL-ACH-01
2025-04-19,7.34,5.5,KL-ACH-01
2025-04-20,7.32,4.4,KL-ACH-01
2025-04-21,7.34,1.9,KL-ACH-01
2025-04-22,7.53,9.3,KL-ACH-01
2025-04-23,7.81,10.1,KL-ACH-01
2025-04-24,7.91,15.8,KL-ACH-01
2025-04-25,8.1,8.3,KL-ACH-01
2025-04-26,8.77,4.0,KL-ACH-01
2025-04-27,8.66,19.6,KL-ACH-01
2025-04-28,8.51,17.6,KL-ACH-01
2025-04-29,9.21,8.0,KL-ACH-01
2025-04-30,9.52,4.9,KL-ACH-01
2025-05-01,10.4,3.6,KL-ACH-01
2025-05-02,10.4,7.2,KL-ACH-01
2025-05-03,10.27,8.5,KL-ACH-01
2025-05-04,10.38,3.0,KL-ACH-01
2025-05-05,10.17,6.9,KL-ACH-01
2025-05-06,9.74,13.7,KL-ACH-01
2025-05-07,10.35,5.8,KL-ACH-01
2025-05-08,11.94,0.4,KL-ACH-01
2025-05-09,11.91,0.0,KL-ACH-01
2025-05-10,10.69,0.1,KL-ACH-01
2025-05-11,9.86,1.2,KL-ACH-01
2025-05-12,9.4,17.0,KL-ACH-01
2025-05-13,9.3,9.7,KL-ACH-01
2025-05-14,9.69,16.8,KL-ACH-01
2025-05-15,10.32,6.0,KL-ACH-01
2025-05-16,10.27,2.4,KL-ACH-01
2025-05-17,10.19,11.5,KL-ACH-01
2025-05-18,10.51,27.2,KL-ACH-01
2025-05-19,10.67,38.8,KL-ACH-01
2025-05-20,11.13,3.8,KL-ACH-01
2025-05-21,11.62,3.3,KL-ACH-01
2025-05-22,13.29,7.1,KL-ACH-01
2025-05-23,13.03,33.5,KL-ACH-01
2025-05-24,15.48,53.2,KL-ACH-01
2025-05-25,35.31,110.6,KL-ACH-01
2025-05-26,56.02,68.4,KL-ACH-01
2025-05-27,80.85,24.8,KL-ACH-01
2025-05-28,99.23,14.1,KL-ACH-01
2025-05-29,68.98,52.7,KL-ACH-01
2025-05-30,93.41,61.9,KL-ACH-01
2025-05-31,134.52,25.0,KL-ACH-01
2025-06-01,113.02,2.7,KL-ACH-01
2025-06-02,99.93,5.8,KL-ACH-01
2025-06-03,82.56,13.1,KL-ACH-01
2025-06-04,75.38,23.1,KL-ACH-01
2025-06-05,71.61,0.6,KL-ACH-01
2025-06-06,66.61,2.0,KL-ACH-01
2025-06-07,59.67,2.4,KL-ACH-01
2025-06-08,55.75,4.6,KL-ACH-01
2025-06-09,52.09,1.4,KL-ACH-01
2025-06-10,48.55,30.4,KL-ACH-01
2025-06-11,46.1,25.3,KL-ACH-01
2025-06-12,47.08,11.1,KL-ACH-01
2025-06-13,48.2,43.1,KL-ACH-01
2025-06-14,53.33,56.1,KL-ACH-01
2025-06-15,82.95,47.6,KL-ACH-01
2025-06-16,108.14,21.9,KL-ACH-01
2025-06-17,102.28,8.9,KL-ACH-01
2025-06-18,93.62,5.7,KL-ACH-01
2025-06-19,87.51,6.6,KL-ACH-01
2025-06-20,80.66,8.2,KL-ACH-01
2025-06-21,75.03,5.9,KL-ACH-01
2025-06-22,69.47,6.6,KL-ACH-01
2025-06-23,65.07,9.5,KL-ACH-01
2025-06-24,62.1,12.0,KL-ACH-01
2025-06-25,57.75,30.4,KL-ACH-01
2025-06-26,57.48,35.9,KL-ACH-01
2025-06-27,57.08,5.4,KL-ACH-01
2025-06-28,56.94,22.6,KL-ACH-01
2025-06-29,54.98,3.9,KL-ACH-01
2025-06-30,53.45,5.1,KL-ACH-01
2025-07-01,50.4,3.3,KL-ACH-01
2025-07-02,46.75,11.9,KL-ACH-01
2025-07-03,43.46,0.9,KL-ACH-01
2025-07-04,41.56,2.4,KL-ACH-01
2025-07-05,38.54,3.3,KL-ACH-01
2025-07-06,36.5,5.6,KL-ACH-01
2025-07-07,34.89,3.7,KL-ACH-01
2025-07-08,33.51,3.3,KL-ACH-01
2025-07-09,31.66,3.0,KL-ACH-01
2025-07-10,30.19,3.3,KL-ACH-01
2025-07-11,28.31,15.1,KL-ACH-01
2025-07-12,27.12,7.5,KL-ACH-01
2025-07-13,26.73,11.9,KL-ACH-01
2025-07-14,25.0,20.6,KL-ACH-01
2025-07-15,24.82,5.2,KL-ACH-01
2025-07-16,25.18,47.7,KL-ACH-01
2025-07-17,24.88,15.8,KL-ACH-01
2025-07-18,27.12,32.1,KL-ACH-01
2025-07-19,30.33,60.1,KL-ACH-01
2025-07-20,58.29,24.7,KL-ACH-01
2025-07-21,66.45,24.9,KL-ACH-01
2025-07-22,62.39,14.8,KL-ACH-01
2025-07-23,83.14,26.2,KL-ACH-01
2025-07-24,100.62,40.0,KL-ACH-01
2025-07-25,104.68,25.6,KL-ACH-01
2025-07-26,115.95,30.6,KL-ACH-01
2025-07-27,131.13,5.3,KL-ACH-01
2025-07-28,114.61,1.2,KL-ACH-01
2025-07-29,95.38,0.5,KL-ACH-01
2025-07-30,86.7,4.3,KL-ACH-01
2025-07-31,79.72,8.6,KL-ACH-01
2025-08-01,75.56,8.0,KL-ACH-01
2025-08-02,71.61,26.8,KL-ACH-01
2025-08-03,71.44,16.0,KL-ACH-01
2025-08-04,70.78,13.6,KL-ACH-01
2025-08-05,67.71,4.1,KL-ACH-01
2025-08-06,75.91,1.7,KL-ACH-01
2025-08-07,66.92,7.7,KL-ACH-01
2025-08-08,61.95,17.4,KL-ACH-01
2025-08-09,59.81,3.6,KL-ACH-01
2025-08-10,56.28,17.3,KL-ACH-01
2025-08-11,51.72,15.5,KL-ACH-01
2025-08-12,49.82,29.8,KL-ACH-01
2025-08-13,46.86,15.6,KL-ACH-01
2025-08-14,46.53,26.6,KL-ACH-01
2025-08-15,43.77,22.4,KL-ACH-01
2025-08-16,44.29,34.1,KL-ACH-01
2025-08-17,43.87,13.8,KL-ACH-01
2025-08-18,40.98,5.9,KL-ACH-01
2025-08-19,40.11,1.7,KL-ACH-01
2025-08-20,37.02,1.5,KL-ACH-01
2025-08-21,34.65,0.9,KL-ACH-01
2025-08-22,32.42,1.0,KL-ACH-01
2025-08-23,30.48,1.2,KL-ACH-01
2025-08-24,28.72,1.0,KL-ACH-01
2025-08-25,26.93,2.0,KL-ACH-01
2025-08-26,25.3,4.0,KL-ACH-01
2025-08-27,23.83,38.1,KL-ACH-01
2025-08-28,23.77,25.2,KL-ACH-01
2025-08-29,25.06,18.4,KL-ACH-01
2025-08-30,26.23,11.2,KL-ACH-01
2025-08-31,30.05,6.9,KL-ACH-01
2025-09-01,29.69,5.0,KL-ACH-01
2025-09-02,30.48,4.3,KL-ACH-01
2025-09-03,29.06,8.1,KL-ACH-01
2025-09-04,27.38,5.4,KL-ACH-01
2025-09-05,26.67,3.7,KL-ACH-01
2025-09-06,24.88,2.0,KL-ACH-01
2025-09-07,23.66,1.1,KL-ACH-01
2025-09-08,22.12,0.7,KL-ACH-01
2025-09-09,20.73,2.2,KL-ACH-01
2025-09-10,19.51,2.1,KL-ACH-01
2025-09-11,19.56,0.7,KL-ACH-01
2025-09-12,18.5,1.0,KL-ACH-01
2025-09-13,17.84,0.6,KL-ACH-01
2025-09-14,16.06,2.3,KL-ACH-01
2025-09-15,15.29,8.8,KL-ACH-01
2025-09-16,14.81,17.4,KL-ACH-01
2025-09-17,14.63,19.8,KL-ACH-01
2025-09-18,14.7,13.5,KL-ACH-01
2025-09-19,15.41,1.6,KL-ACH-01
2025-09-20,16.54,1.2,KL-ACH-01
2025-09-21,16.06,10.7,KL-ACH-01
2025-09-22,15.26,5.0,KL-ACH-01
2025-09-23,14.89,20.5,KL-ACH-01
2025-09-24,13.93,20.2,KL-ACH-01
2025-09-25,14.42,35.1,KL-ACH-01
2025-09-26,13.55,21.6,KL-ACH-01
2025-09-27,14.7,11.0,KL-ACH-01
2025-09-28,18.14,6.2,KL-ACH-01
2025-09-29,17.24,4.6,KL-ACH-01
2025-09-30,17.03,1.1,KL-ACH-01
