date,river_discharge_m3s,precipitation_sum_mm,station_id
1997-01-01,25.3,0.0,KL-MUV-01
1997-01-02,23.77,0.0,KL-MUV-01
1997-01-03,22.39,0.0,KL-MUV-01
1997-01-04,21.23,0.0,KL-MUV-01
1997-01-05,19.99,0.0,KL-MUV-01
1997-01-06,18.91,0.0,KL-MUV-01
1997-01-07,18.01,0.0,KL-MUV-01
1997-01-08,17.11,0.0,KL-MUV-01
1997-01-09,16.14,0.0,KL-MUV-01
1997-01-10,15.22,0.0,KL-MUV-01
1997-01-11,14.17,0.0,KL-MUV-01
1997-01-12,13.39,0.6,KL-MUV-01
1997-01-13,12.65,0.2,KL-MUV-01
1997-01-14,11.97,0.1,KL-MUV-01
1997-01-15,11.39,0.2,KL-MUV-01
1997-01-16,10.99,0.7,KL-MUV-01
1997-01-17,10.83,0.0,KL-MUV-01
1997-01-18,10.4,0.2,KL-MUV-01
1997-01-19,9.99,0.0,KL-MUV-01
1997-01-20,9.52,0.0,KL-MUV-01
1997-01-21,9.05,0.0,KL-MUV-01
1997-01-22,8.62,0.0,KL-MUV-01
1997-01-23,8.18,0.0,KL-MUV-01
1997-01-24,7.85,0.0,KL-MUV-01
1997-01-25,7.57,0.0,KL-MUV-01
1997-01-26,7.3,0.0,KL-MUV-01
1997-01-27,7.05,0.6,KL-MUV-01
1997-01-28,7.24,0.6,KL-MUV-01
1997-01-29,7.24,0.0,KL-MUV-01
1997-01-30,7.05,0.0,KL-MUV-01
1997-01-31,6.87,0.0,KL-MUV-01
1997-02-01,6.62,0.0,KL-MUV-01
1997-02-02,6.35,0.0,KL-MUV-01
1997-02-03,6.1,0.0,KL-MUV-01
1997-02-04,5.84,0.0,KL-MUV-01
1997-02-05,5.59,0.0,KL-MUV-01
1997-02-06,5.37,0.0,KL-MUV-01
1997-02-07,5.19,0.0,KL-MUV-01
1997-02-08,5.0,0.1,KL-MUV-01
1997-02-09,4.87,0.0,KL-MUV-01
1997-02-10,4.71,0.0,KL-MUV-01
1997-02-11,4.56,0.0,KL-MUV-01
1997-02-12,4.43,0.0,KL-MUV-01
1997-02-13,4.35,0.0,KL-MUV-01
1997-02-14,4.25,0.0,KL-MUV-01
1997-02-15,4.22,0.0,KL-MUV-01
1997-02-16,4.13,0.0,KL-MUV-01
1997-02-17,4.04,0.0,KL-MUV-01
1997-02-18,3.94,0.0,KL-MUV-01
1997-02-19,3.88,0.0,KL-MUV-01
1997-02-20,3.81,0.0,KL-MUV-01
1997-02-21,3.79,0.0,KL-MUV-01
1997-02-22,3.79,0.3,KL-MUV-01
1997-02-23,3.79,0.6,KL-MUV-01
1997-02-24,3.81,0.0,KL-MUV-01
1997-02-25,3.81,0.0,KL-MUV-01
1997-02-26,3.79,0.0,KL-MUV-01
1997-02-27,3.75,0.0,KL-MUV-01
1997-02-28,3.75,0.0,KL-MUV-01
1997-03-01,3.79,0.0,KL-MUV-01
1997-03-02,3.75,0.0,KL-MUV-01
1997-03-03,3.69,0.7,KL-MUV-01
1997-03-04,3.69,0.0,KL-MUV-01
1997-03-05,3.66,0.0,KL-MUV-01
1997-03-06,3.62,0.0,KL-MUV-01
1997-03-07,3.56,0.0,KL-MUV-01
1997-03-08,3.53,0.0,KL-MUV-01
1997-03-09,3.5,0.0,KL-MUV-01
1997-03-10,3.47,0.0,KL-MUV-01
1997-03-11,3.47,0.0,KL-MUV-01
1997-03-12,3.44,0.0,KL-MUV-01
1997-03-13,3.44,0.0,KL-MUV-01
1997-03-14,3.44,0.0,KL-MUV-01
1997-03-15,3.41,0.0,KL-MUV-01
1997-03-16,3.41,0.0,KL-MUV-01
1997-03-17,3.41,0.2,KL-MUV-01
1997-03-18,3.38,0.0,KL-MUV-01
1997-03-19,3.38,0.0,KL-MUV-01
1997-03-20,3.38,0.8,KL-MUV-01
1997-03-21,3.44,10.9,KL-MUV-01
1997-03-22,3.47,4.8,KL-MUV-01
1997-03-23,3.44,1.6,KL-MUV-01
1997-03-24,3.44,2.5,KL-MUV-01
1997-03-25,3.44,0.1,KL-MUV-01
1997-03-26,3.41,1.1,KL-MUV-01
1997-03-27,3.38,0.0,KL-MUV-01
1997-03-28,3.38,0.0,KL-MUV-01
1997-03-29,3.38,1.9,KL-MUV-01
1997-03-30,3.44,2.5,KL-MUV-01
1997-03-31,3.47,1.2,KL-MUV-01
1997-04-01,3.5,2.9,KL-MUV-01
1997-04-02,3.47,2.5,KL-MUV-01
1997-04-03,3.44,1.4,KL-MUV-01
1997-04-04,3.44,3.2,KL-MUV-01
1997-04-05,3.44,2.6,KL-MUV-01
1997-04-06,3.44,2.5,KL-MUV-01
1997-04-07,3.47,3.9,KL-MUV-01
1997-04-08,3.53,4.3,KL-MUV-01
1997-04-09,3.72,0.7,KL-MUV-01
1997-04-10,3.88,0.0,KL-MUV-01
1997-04-11,3.88,0.2,KL-MUV-01
1997-04-12,3.81,0.0,KL-MUV-01
1997-04-13,3.72,0.0,KL-MUV-01
1997-04-14,3.62,0.7,KL-MUV-01
1997-04-15,3.56,0.1,KL-MUV-01
1997-04-16,3.53,1.4,KL-MUV-01
1997-04-17,3.56,1.0,KL-MUV-01
1997-04-18,3.59,0.0,KL-MUV-01
1997-04-19,3.56,0.0,KL-MUV-01
1997-04-20,3.56,1.2,KL-MUV-01
1997-04-21,3.56,1.5,KL-MUV-01
1997-04-22,3.56,5.3,KL-MUV-01
1997-04-23,3.53,0.1,KL-MUV-01
1997-04-24,3.53,0.0,KL-MUV-01
1997-04-25,3.5,0.8,KL-MUV-01
1997-04-26,3.53,5.3,KL-MUV-01
1997-04-27,3.59,3.2,KL-MUV-01
1997-04-28,3.59,1.6,KL-MUV-01
1997-04-29,3.62,4.9,KL-MUV-01
1997-04-30,3.62,2.5,KL-MUV-01
1997-05-01,3.66,7.5,KL-MUV-01
1997-05-02,3.72,1.9,KL-MUV-01
1997-05-03,3.94,13.5,KL-MUV-01
1997-05-04,4.25,3.6,KL-MUV-01
1997-05-05,4.28,3.0,KL-MUV-01
1997-05-06,4.15,1.8,KL-MUV-01
1997-05-07,4.09,6.9,KL-MUV-01
1997-05-08,4.41,28.0,KL-MUV-01
1997-05-09,5.15,4.0,KL-MUV-01
1997-05-10,5.41,1.9,KL-MUV-01
1997-05-11,5.31,6.5,KL-MUV-01
1997-05-12,5.41,4.3,KL-MUV-01
1997-05-13,5.34,5.2,KL-MUV-01
1997-05-14,5.34,3.6,KL-MUV-01
1997-05-15,5.44,8.6,KL-MUV-01
1997-05-16,5.41,2.3,KL-MUV-01
1997-05-17,5.34,2.2,KL-MUV-01
1997-05-18,5.62,2.6,KL-MUV-01
1997-05-19,5.65,1.8,KL-MUV-01
1997-05-20,5.53,0.0,KL-MUV-01
1997-05-21,5.31,0.0,KL-MUV-01
1997-05-22,5.07,0.0,KL-MUV-01
1997-05-23,4.87,0.0,KL-MUV-01
1997-05-24,4.69,9.7,KL-MUV-01
1997-05-25,4.66,14.8,KL-MUV-01
1997-05-26,4.81,5.6,KL-MUV-01
1997-05-27,4.87,8.7,KL-MUV-01
1997-05-28,4.81,1.9,KL-MUV-01
1997-05-29,4.71,0.6,KL-MUV-01
1997-05-30,4.56,0.2,KL-MUV-01
1997-05-31,4.47,5.8,KL-MUV-01
1997-06-01,4.75,10.8,KL-MUV-01
1997-06-02,5.03,0.5,KL-MUV-01
1997-06-03,5.07,7.4,KL-MUV-01
1997-06-04,5.1,5.1,KL-MUV-01
1997-06-05,5.22,9.0,KL-MUV-01
1997-06-06,5.19,5.5,KL-MUV-01
1997-06-07,5.07,6.9,KL-MUV-01
1997-06-08,5.1,20.3,KL-MUV-01
1997-06-09,5.47,0.5,KL-MUV-01
1997-06-10,5.41,0.7,KL-MUV-01
1997-06-11,5.28,13.0,KL-MUV-01
1997-06-12,5.53,17.1,KL-MUV-01
1997-06-13,5.9,44.9,KL-MUV-01
1997-06-14,6.59,8.8,KL-MUV-01
1997-06-15,6.59,7.3,KL-MUV-01
1997-06-16,6.53,0.0,KL-MUV-01
1997-06-17,6.24,7.1,KL-MUV-01
1997-06-18,6.1,2.9,KL-MUV-01
1997-06-19,5.98,9.0,KL-MUV-01
1997-06-20,5.9,3.1,KL-MUV-01
1997-06-21,5.71,6.2,KL-MUV-01
1997-06-22,5.64,12.1,KL-MUV-01
1997-06-23,5.73,10.8,KL-MUV-01
1997-06-24,6.16,22.4,KL-MUV-01
1997-06-25,7.26,11.7,KL-MUV-01
1997-06-26,8.08,25.4,KL-MUV-01
1997-06-27,9.72,17.7,KL-MUV-01
1997-06-28,11.39,23.3,KL-MUV-01
1997-06-29,17.45,43.7,KL-MUV-01
1997-06-30,53.08,99.4,KL-MUV-01
1997-07-01,51.12,21.4,KL-MUV-01
1997-07-02,43.87,14.6,KL-MUV-01
1997-07-03,39.09,16.3,KL-MUV-01
1997-07-04,36.93,11.9,KL-MUV-01
1997-07-05,34.89,24.5,KL-MUV-01
1997-07-06,34.48,21.5,KL-MUV-01
1997-07-07,33.36,14.7,KL-MUV-01
1997-07-08,32.73,4.7,KL-MUV-01
1997-07-09,31.36,26.1,KL-MUV-01
1997-07-10,32.42,21.5,KL-MUV-01
1997-07-11,33.36,16.3,KL-MUV-01
1997-07-12,32.88,5.0,KL-MUV-01
1997-07-13,31.36,7.2,KL-MUV-01
1997-07-14,30.33,13.8,KL-MUV-01
1997-07-15,29.69,4.3,KL-MUV-01
1997-07-16,28.85,9.4,KL-MUV-01
1997-07-17,27.91,14.9,KL-MUV-01
1997-07-18,27.25,9.7,KL-MUV-01
1997-07-19,27.05,5.6,KL-MUV-01
1997-07-20,26.1,12.2,KL-MUV-01
1997-07-21,25.67,13.1,KL-MUV-01
1997-07-22,26.67,13.8,KL-MUV-01
1997-07-23,29.34,24.9,KL-MUV-01
1997-07-24,56.28,82.7,KL-MUV-01
1997-07-25,64.61,27.0,KL-MUV-01
1997-07-26,60.38,11.5,KL-MUV-01
1997-07-27,56.02,14.7,KL-MUV-01
1997-07-28,51.97,8.0,KL-MUV-01
1997-07-29,48.09,5.1,KL-MUV-01
1997-07-30,45.03,10.1,KL-MUV-01
1997-07-31,43.26,17.2,KL-MUV-01
1997-08-01,46.75,39.8,KL-MUV-01
1997-08-02,48.77,17.6,KL-MUV-01
1997-08-03,46.21,8.8,KL-MUV-01
1997-08-04,43.67,2.7,KL-MUV-01
1997-08-05,41.27,3.4,KL-MUV-01
1997-08-06,38.99,14.0,KL-MUV-01
1997-08-07,41.27,25.4,KL-MUV-01
1997-08-08,43.26,22.7,KL-MUV-01
1997-08-09,42.35,13.7,KL-MUV-01
1997-08-10,41.66,30.4,KL-MUV-01
1997-08-11,42.55,20.1,KL-MUV-01
1997-08-12,41.17,13.2,KL-MUV-01
1997-08-13,39.46,1.5,KL-MUV-01
1997-08-14,37.02,0.3,KL-MUV-01
1997-08-15,34.65,1.1,KL-MUV-01
1997-08-16,32.5,5.3,KL-MUV-01
1997-08-17,30.77,9.5,KL-MUV-01
1997-08-18,29.76,6.2,KL-MUV-01
1997-08-19,28.58,5.4,KL-MUV-01
1997-08-20,27.71,6.7,KL-MUV-01
1997-08-21,33.43,33.4,KL-MUV-01
1997-08-22,36.5,20.9,KL-MUV-01
1997-08-23,35.48,11.1,KL-MUV-01
1997-08-24,33.75,0.2,KL-MUV-01
1997-08-25,31.36,6.0,KL-MUV-01
1997-08-26,29.41,14.6,KL-MUV-01
1997-08-27,28.51,17.0,KL-MUV-01
1997-08-28,28.85,13.0,KL-MUV-01
1997-08-29,29.9,13.8,KL-MUV-01
1997-08-30,30.62,1.5,KL-MUV-01
1997-08-31,29.2,0.6,KL-MUV-01
1997-09-01,27.44,1.4,KL-MUV-01
1997-09-02,25.92,1.3,KL-MUV-01
1997-09-03,24.47,0.9,KL-MUV-01
1997-09-04,23.27,1.0,KL-MUV-01
1997-09-05,22.07,4.2,KL-MUV-01
1997-09-06,21.08,7.1,KL-MUV-01
1997-09-07,20.23,2.2,KL-MUV-01
1997-09-08,19.61,10.5,KL-MUV-01
1997-09-09,19.04,9.6,KL-MUV-01
1997-09-10,18.95,8.3,KL-MUV-01
1997-09-11,18.41,7.2,KL-MUV-01
1997-09-12,17.97,4.8,KL-MUV-01
1997-09-13,17.84,5.4,KL-MUV-01
1997-09-14,17.54,4.0,KL-MUV-01
1997-09-15,17.11,11.0,KL-MUV-01
1997-09-16,17.54,7.8,KL-MUV-01
1997-09-17,17.11,5.6,KL-MUV-01
1997-09-18,16.62,14.1,KL-MUV-01
1997-09-19,17.41,9.0,KL-MUV-01
1997-09-20,17.32,12.2,KL-MUV-01
1997-09-21,16.91,13.9,KL-MUV-01
1997-09-22,16.7,21.4,KL-MUV-01
1997-09-23,17.2,14.2,KL-MUV-01
1997-09-24,17.88,8.3,KL-MUV-01
1997-09-25,17.62,7.8,KL-MUV-01
1997-09-26,17.16,1.0,KL-MUV-01
1997-09-27,16.42,3.1,KL-MUV-01
1997-09-28,15.6,1.3,KL-MUV-01
1997-09-29,14.96,0.9,KL-MUV-01
1997-09-30,14.17,1.1,KL-MUV-01
1997-10-01,13.52,1.1,KL-MUV-01
1997-10-02,12.84,1.0,KL-MUV-01
1997-10-03,12.15,2.0,KL-MUV-01
1997-10-04,11.85,13.1,KL-MUV-01
1997-10-05,13.89,8.6,KL-MUV-01
1997-10-06,14.17,26.3,KL-MUV-01
1997-10-07,14.21,7.7,KL-MUV-01
1997-10-08,13.93,8.1,KL-MUV-01
1997-10-09,14.1,1.9,KL-MUV-01
1997-10-10,14.42,2.0,KL-MUV-01
1997-10-11,14.21,2.7,KL-MUV-01
1997-10-12,14.96,9.7,KL-MUV-01
1997-10-13,15.83,2.4,KL-MUV-01
1997-10-14,16.74,10.5,KL-MUV-01
1997-10-15,18.01,0.7,KL-MUV-01
1997-10-16,18.63,12.0,KL-MUV-01
1997-10-17,20.48,0.9,KL-MUV-01
1997-10-18,20.73,10.1,KL-MUV-01
1997-10-19,22.55,7.7,KL-MUV-01
1997-10-20,27.64,10.9,KL-MUV-01
1997-10-21,35.39,28.4,KL-MUV-01
1997-10-22,38.08,5.5,KL-MUV-01
1997-10-23,36.5,5.5,KL-MUV-01
1997-10-24,34.56,0.0,KL-MUV-01
1997-10-25,33.12,8.5,KL-MUV-01
1997-10-26,39.27,14.2,KL-MUV-01
1997-10-27,41.95,4.8,KL-MUV-01
1997-10-28,40.21,2.8,KL-MUV-01
1997-10-29,38.81,9.1,KL-MUV-01
1997-10-30,40.78,11.8,KL-MUV-01
1997-10-31,42.15,2.4,KL-MUV-01
1997-11-01,56.41,40.8,KL-MUV-01
1997-11-02,60.38,17.0,KL-MUV-01
1997-11-03,69.96,37.0,KL-MUV-01
1997-11-04,77.7,18.7,KL-MUV-01
1997-11-05,79.91,8.6,KL-MUV-01
1997-11-06,84.51,3.2,KL-MUV-01
1997-11-07,105.91,12.5,KL-MUV-01
1997-11-08,114.61,21.8,KL-MUV-01
1997-11-09,105.66,20.2,KL-MUV-01
1997-11-10,96.05,7.3,KL-MUV-01
1997-11-11,88.95,5.0,KL-MUV-01
1997-11-12,82.95,1.1,KL-MUV-01
1997-11-13,78.07,0.6,KL-MUV-01
1997-11-14,72.79,0.2,KL-MUV-01
1997-11-15,68.02,0.7,KL-MUV-01
1997-11-16,65.07,2.3,KL-MUV-01
1997-11-17,61.95,1.7,KL-MUV-01
1997-11-18,59.12,1.7,KL-MUV-01
1997-11-19,55.49,7.4,KL-MUV-01
1997-11-20,52.09,6.1,KL-MUV-01
1997-11-21,49.23,0.8,KL-MUV-01
1997-11-22,47.08,3.6,KL-MUV-01
1997-11-23,45.88,19.0,KL-MUV-01
1997-11-24,45.45,6.7,KL-MUV-01
1997-11-25,44.81,2.8,KL-MUV-01
1997-11-26,42.65,1.0,KL-MUV-01
1997-11-27,40.11,3.4,KL-MUV-01
1997-11-28,38.63,2.9,KL-MUV-01
1997-11-29,37.82,4.4,KL-MUV-01
1997-11-30,36.58,0.1,KL-MUV-01
1997-12-01,34.56,0.0,KL-MUV-01
1997-12-02,32.88,0.0,KL-MUV-01
1997-12-03,31.28,0.5,KL-MUV-01
1997-12-04,31.06,10.7,KL-MUV-01
1997-12-05,36.84,21.4,KL-MUV-01
1997-12-06,44.39,20.9,KL-MUV-01
1997-12-07,45.99,9.3,KL-MUV-01
1997-12-08,43.87,8.6,KL-MUV-01
1997-12-09,42.05,9.9,KL-MUV-01
1997-12-10,39.46,0.5,KL-MUV-01
1997-12-11,36.93,0.4,KL-MUV-01
1997-12-12,34.89,3.5,KL-MUV-01
1997-12-13,33.2,0.3,KL-MUV-01
1997-12-14,31.43,0.0,KL-MUV-01
1997-12-15,29.83,0.1,KL-MUV-01
1997-12-16,28.44,0.0,KL-MUV-01
1997-12-17,27.18,0.0,KL-MUV-01
1997-12-18,26.61,2.5,KL-MUV-01
1997-12-19,26.86,2.2,KL-MUV-01
1997-12-20,28.72,16.5,KL-MUV-01
1997-12-21,30.77,1.2,KL-MUV-01
1997-12-22,30.26,0.1,KL-MUV-01
1997-12-23,28.72,1.1,KL-MUV-01
1997-12-24,27.51,0.0,KL-MUV-01
1997-12-25,25.92,0.0,KL-MUV-01
1997-12-26,24.41,0.0,KL-MUV-01
1997-12-27,23.1,0.0,KL-MUV-01
1997-12-28,21.75,0.0,KL-MUV-01
1997-12-29,20.43,0.0,KL-MUV-01
1997-12-30,19.23,0.0,KL-MUV-01
1997-12-31,18.36,0.0,KL-MUV-01
1998-01-01,17.45,1.5,KL-MUV-01
1998-01-02,18.41,0.0,KL-MUV-01
1998-01-03,18.68,0.0,KL-MUV-01
1998-01-04,17.71,0.0,KL-MUV-01
1998-01-05,16.7,0.0,KL-MUV-01
1998-01-06,15.75,0.0,KL-MUV-01
1998-01-07,14.85,0.0,KL-MUV-01
1998-01-08,14.03,0.0,KL-MUV-01
1998-01-09,13.22,0.0,KL-MUV-01
1998-01-10,12.52,0.0,KL-MUV-01
1998-01-11,11.62,0.0,KL-MUV-01
1998-01-12,10.94,0.0,KL-MUV-01
1998-01-13,10.35,0.0,KL-MUV-01
1998-01-14,9.79,0.0,KL-MUV-01
1998-01-15,9.26,0.0,KL-MUV-01
1998-01-16,8.82,0.0,KL-MUV-01
1998-01-17,8.35,0.0,KL-MUV-01
1998-01-18,7.95,0.3,KL-MUV-01
1998-01-19,7.57,2.3,KL-MUV-01
1998-01-20,7.3,0.0,KL-MUV-01
1998-01-21,7.17,0.0,KL-MUV-01
1998-01-22,6.91,1.1,KL-MUV-01
1998-01-23,6.71,0.1,KL-MUV-01
1998-01-24,6.43,0.6,KL-MUV-01
1998-01-25,6.18,0.0,KL-MUV-01
1998-01-26,5.92,0.0,KL-MUV-01
1998-01-27,5.65,0.0,KL-MUV-01
1998-01-28,5.43,0.0,KL-MUV-01
1998-01-29,5.21,0.0,KL-MUV-01
1998-01-30,4.98,0.0,KL-MUV-01
1998-01-31,4.94,0.0,KL-MUV-01
1998-02-01,4.79,0.0,KL-MUV-01
1998-02-02,4.62,0.0,KL-MUV-01
1998-02-03,4.48,0.0,KL-MUV-01
1998-02-04,4.35,0.0,KL-MUV-01
1998-02-05,4.22,0.0,KL-MUV-01
1998-02-06,4.11,0.0,KL-MUV-01
1998-02-07,4.01,0.1,KL-MUV-01
1998-02-08,3.92,0.0,KL-MUV-01
1998-02-09,3.86,0.0,KL-MUV-01
1998-02-10,3.79,0.0,KL-MUV-01
1998-02-11,3.73,0.1,KL-MUV-01
1998-02-12,3.67,0.0,KL-MUV-01
1998-02-13,3.66,1.9,KL-MUV-01
1998-02-14,3.65,0.0,KL-MUV-01
1998-02-15,3.61,0.0,KL-MUV-01
1998-02-16,3.59,0.0,KL-MUV-01
1998-02-17,3.56,0.2,KL-MUV-01
1998-02-18,3.53,0.3,KL-MUV-01
1998-02-19,3.52,0.0,KL-MUV-01
1998-02-20,3.49,0.0,KL-MUV-01
1998-02-21,3.49,0.0,KL-MUV-01
1998-02-22,3.46,0.0,KL-MUV-01
1998-02-23,3.46,0.0,KL-MUV-01
1998-02-24,3.46,0.4,KL-MUV-01
1998-02-25,3.47,0.1,KL-MUV-01
1998-02-26,3.47,0.0,KL-MUV-01
1998-02-27,3.46,0.0,KL-MUV-01
1998-02-28,3.44,0.0,KL-MUV-01
1998-03-01,3.43,0.0,KL-MUV-01
1998-03-02,3.41,0.0,KL-MUV-01
1998-03-03,3.41,0.0,KL-MUV-01
1998-03-04,3.4,0.0,KL-MUV-01
1998-03-05,3.4,0.0,KL-MUV-01
1998-03-06,3.41,0.2,KL-MUV-01
1998-03-07,3.4,0.0,KL-MUV-01
1998-03-08,3.4,0.0,KL-MUV-01
1998-03-09,3.4,0.0,KL-MUV-01
1998-03-10,3.38,0.0,KL-MUV-01
1998-03-11,3.4,0.6,KL-MUV-01
1998-03-12,3.36,0.0,KL-MUV-01
1998-03-13,3.36,0.0,KL-MUV-01
1998-03-14,3.35,0.0,KL-MUV-01
1998-03-15,3.35,0.0,KL-MUV-01
1998-03-16,3.35,0.0,KL-MUV-01
1998-03-17,3.35,0.0,KL-MUV-01
1998-03-18,3.35,0.0,KL-MUV-01
1998-03-19,3.35,0.0,KL-MUV-01
1998-03-20,3.32,0.0,KL-MUV-01
1998-03-21,3.32,0.0,KL-MUV-01
1998-03-22,3.32,0.0,KL-MUV-01
1998-03-23,3.32,0.0,KL-MUV-01
1998-03-24,3.32,0.0,KL-MUV-01
1998-03-25,3.32,0.0,KL-MUV-01
1998-03-26,3.32,0.0,KL-MUV-01
1998-03-27,3.32,0.3,KL-MUV-01
1998-03-28,3.29,0.0,KL-MUV-01
1998-03-29,3.32,0.0,KL-MUV-01
1998-03-30,3.29,0.0,KL-MUV-01
1998-03-31,3.32,0.2,KL-MUV-01
1998-04-01,3.38,1.1,KL-MUV-01
1998-04-02,3.47,4.2,KL-MUV-01
1998-04-03,3.5,0.1,KL-MUV-01
1998-04-04,3.47,0.0,KL-MUV-01
1998-04-05,3.41,0.0,KL-MUV-01
1998-04-06,3.38,0.4,KL-MUV-01
1998-04-07,3.38,1.9,KL-MUV-01
1998-04-08,3.38,0.5,KL-MUV-01
1998-04-09,3.47,0.1,KL-MUV-01
1998-04-10,3.5,1.4,KL-MUV-01
1998-04-11,3.47,0.6,KL-MUV-01
1998-04-12,3.47,0.3,KL-MUV-01
1998-04-13,3.47,0.6,KL-MUV-01
1998-04-14,3.47,1.0,KL-MUV-01
1998-04-15,3.47,1.5,KL-MUV-01
1998-04-16,3.47,1.4,KL-MUV-01
1998-04-17,3.47,1.5,KL-MUV-01
1998-04-18,3.44,0.0,KL-MUV-01
1998-04-19,3.44,0.3,KL-MUV-01
1998-04-20,3.44,0.0,KL-MUV-01
1998-04-21,3.44,0.6,KL-MUV-01
1998-04-22,3.44,3.2,KL-MUV-01
1998-04-23,3.47,4.5,KL-MUV-01
1998-04-24,3.47,0.0,KL-MUV-01
1998-04-25,3.47,1.0,KL-MUV-01
1998-04-26,3.47,6.7,KL-MUV-01
1998-04-27,3.5,9.8,KL-MUV-01
1998-04-28,3.53,12.3,KL-MUV-01
1998-04-29,3.56,12.5,KL-MUV-01
1998-04-30,3.53,3.5,KL-MUV-01
1998-05-01,3.5,7.3,KL-MUV-01
1998-05-02,3.53,0.2,KL-MUV-01
1998-05-03,3.5,1.1,KL-MUV-01
1998-05-04,3.47,2.6,KL-MUV-01
1998-05-05,3.47,0.0,KL-MUV-01
1998-05-06,3.44,3.2,KL-MUV-01
1998-05-07,3.41,0.9,KL-MUV-01
1998-05-08,3.41,1.3,KL-MUV-01
1998-05-09,3.44,3.8,KL-MUV-01
1998-05-10,3.44,3.2,KL-MUV-01
1998-05-11,3.5,14.5,KL-MUV-01
1998-05-12,3.59,4.0,KL-MUV-01
1998-05-13,3.75,2.7,KL-MUV-01
1998-05-14,4.25,17.7,KL-MUV-01
1998-05-15,245.04,327.5,KL-MUV-01
1998-05-16,132.05,127.2,KL-MUV-01
1998-05-17,75.56,3.1,KL-MUV-01
1998-05-18,49.58,11.6,KL-MUV-01
1998-05-19,36.41,13.3,KL-MUV-01
1998-05-20,29.06,3.2,KL-MUV-01
1998-05-21,24.29,1.6,KL-MUV-01
1998-05-22,20.78,1.8,KL-MUV-01
1998-05-23,18.14,2.9,KL-MUV-01
1998-05-24,16.18,1.5,KL-MUV-01
1998-05-25,14.74,5.6,KL-MUV-01
1998-05-26,13.86,10.3,KL-MUV-01
1998-05-27,13.66,12.4,KL-MUV-01
1998-05-28,13.69,6.1,KL-MUV-01
1998-05-29,13.45,14.0,KL-MUV-01
1998-05-30,13.39,5.4,KL-MUV-01
1998-05-31,12.87,1.1,KL-MUV-01
1998-06-01,12.27,15.5,KL-MUV-01
1998-06-02,12.74,14.1,KL-MUV-01
1998-06-03,12.65,8.7,KL-MUV-01
1998-06-04,12.37,1.8,KL-MUV-01
1998-06-05,11.85,7.8,KL-MUV-01
1998-06-06,11.5,10.0,KL-MUV-01
1998-06-07,11.25,5.9,KL-MUV-01
1998-06-08,10.8,3.0,KL-MUV-01
1998-06-09,10.38,8.9,KL-MUV-01
1998-06-10,10.17,12.7,KL-MUV-01
1998-06-11,10.12,9.9,KL-MUV-01
1998-06-12,10.02,13.2,KL-MUV-01
1998-06-13,9.91,14.5,KL-MUV-01
1998-06-14,9.99,18.0,KL-MUV-01
1998-06-15,10.32,18.7,KL-MUV-01
1998-06-16,11.5,39.5,KL-MUV-01
1998-06-17,13.35,23.5,KL-MUV-01
1998-06-18,14.17,25.0,KL-MUV-01
1998-06-19,14.6,11.3,KL-MUV-01
1998-06-20,14.89,6.0,KL-MUV-01
1998-06-21,14.81,10.0,KL-MUV-01
1998-06-22,15.44,8.9,KL-MUV-01
1998-06-23,16.7,10.5,KL-MUV-01
1998-06-24,18.19,8.6,KL-MUV-01
1998-06-25,28.04,41.9,KL-MUV-01
1998-06-26,44.71,27.7,KL-MUV-01
1998-06-27,68.34,53.3,KL-MUV-01
1998-06-28,81.6,48.7,KL-MUV-01
1998-06-29,89.78,37.6,KL-MUV-01
1998-06-30,89.36,25.9,KL-MUV-01
1998-07-01,86.9,34.1,KL-MUV-01
1998-07-02,84.31,22.0,KL-MUV-01
1998-07-03,86.3,38.5,KL-MUV-01
1998-07-04,82.95,20.8,KL-MUV-01
1998-07-05,76.8,1.0,KL-MUV-01
1998-07-06,70.12,2.4,KL-MUV-01
1998-07-07,64.77,2.4,KL-MUV-01
1998-07-08,60.09,3.4,KL-MUV-01
1998-07-09,56.15,3.2,KL-MUV-01
1998-07-10,52.95,7.7,KL-MUV-01
1998-07-11,50.4,8.0,KL-MUV-01
1998-07-12,47.87,10.3,KL-MUV-01
1998-07-13,45.99,17.6,KL-MUV-01
1998-07-14,46.42,16.1,KL-MUV-01
1998-07-15,47.53,5.2,KL-MUV-01
1998-07-16,45.45,10.2,KL-MUV-01
1998-07-17,44.92,8.7,KL-MUV-01
1998-07-18,52.58,31.8,KL-MUV-01
1998-07-19,55.89,23.7,KL-MUV-01
1998-07-20,54.72,10.6,KL-MUV-01
1998-07-21,51.72,5.0,KL-MUV-01
1998-07-22,48.66,5.0,KL-MUV-01
1998-07-23,45.88,16.5,KL-MUV-01
1998-07-24,44.92,19.1,KL-MUV-01
1998-07-25,45.24,21.1,KL-MUV-01
1998-07-26,45.67,12.4,KL-MUV-01
1998-07-27,44.19,10.7,KL-MUV-01
1998-07-28,43.36,11.1,KL-MUV-01
1998-07-29,43.67,9.1,KL-MUV-01
1998-07-30,43.36,9.6,KL-MUV-01
1998-07-31,41.85,4.3,KL-MUV-01
1998-08-01,39.74,8.2,KL-MUV-01
1998-08-02,38.45,8.9,KL-MUV-01
1998-08-03,38.26,15.2,KL-MUV-01
1998-08-04,39.64,16.0,KL-MUV-01
1998-08-05,38.45,16.1,KL-MUV-01
1998-08-06,37.82,11.7,KL-MUV-01
1998-08-07,36.24,17.8,KL-MUV-01
1998-08-08,35.48,6.6,KL-MUV-01
1998-08-09,34.4,8.1,KL-MUV-01
1998-08-10,33.36,14.5,KL-MUV-01
1998-08-11,33.28,10.0,KL-MUV-01
1998-08-12,32.34,2.0,KL-MUV-01
1998-08-13,30.77,3.1,KL-MUV-01
1998-08-14,29.48,0.2,KL-MUV-01
1998-08-15,27.91,4.1,KL-MUV-01
1998-08-16,27.58,5.3,KL-MUV-01
1998-08-17,26.93,1.6,KL-MUV-01
1998-08-18,25.61,10.1,KL-MUV-01
1998-08-19,25.36,13.2,KL-MUV-01
1998-08-20,25.0,25.3,KL-MUV-01
1998-08-21,25.24,24.7,KL-MUV-01
1998-08-22,25.98,15.9,KL-MUV-01
1998-08-23,26.48,8.3,KL-MUV-01
1998-08-24,30.33,38.5,KL-MUV-01
1998-08-25,33.91,18.2,KL-MUV-01
1998-08-26,32.88,3.4,KL-MUV-01
1998-08-27,30.84,4.6,KL-MUV-01
1998-08-28,28.92,1.6,KL-MUV-01
1998-08-29,27.18,0.3,KL-MUV-01
1998-08-30,25.55,1.3,KL-MUV-01
1998-08-31,24.35,3.5,KL-MUV-01
1998-09-01,23.66,5.0,KL-MUV-01
1998-09-02,22.66,6.9,KL-MUV-01
1998-09-03,21.59,11.6,KL-MUV-01
1998-09-04,21.13,8.9,KL-MUV-01
1998-09-05,21.08,25.5,KL-MUV-01
1998-09-06,22.23,10.6,KL-MUV-01
1998-09-07,22.12,13.4,KL-MUV-01
1998-09-08,24.06,33.5,KL-MUV-01
1998-09-09,35.39,39.8,KL-MUV-01
1998-09-10,38.72,3.4,KL-MUV-01
1998-09-11,35.9,2.6,KL-MUV-01
1998-09-12,33.2,8.5,KL-MUV-01
1998-09-13,31.14,6.1,KL-MUV-01
1998-09-14,29.55,10.3,KL-MUV-01
1998-09-15,28.17,15.2,KL-MUV-01
1998-09-16,27.38,21.4,KL-MUV-01
1998-09-17,27.18,4.9,KL-MUV-01
1998-09-18,25.92,1.1,KL-MUV-01
1998-09-19,24.35,4.4,KL-MUV-01
1998-09-20,22.93,4.7,KL-MUV-01
1998-09-21,21.75,9.0,KL-MUV-01
1998-09-22,21.03,18.2,KL-MUV-01
1998-09-23,21.8,27.8,KL-MUV-01
1998-09-24,23.27,11.2,KL-MUV-01
1998-09-25,23.6,0.7,KL-MUV-01
1998-09-26,22.55,9.6,KL-MUV-01
1998-09-27,22.99,16.0,KL-MUV-01
1998-09-28,22.93,28.0,KL-MUV-01
1998-09-29,23.38,8.5,KL-MUV-01
1998-09-30,24.94,0.4,KL-MUV-01
1998-10-01,23.77,1.8,KL-MUV-01
1998-10-02,22.6,23.3,KL-MUV-01
1998-10-03,22.6,5.9,KL-MUV-01
1998-10-04,21.7,3.6,KL-MUV-01
1998-10-05,20.73,7.5,KL-MUV-01
1998-10-06,19.94,11.5,KL-MUV-01
1998-10-07,19.8,18.8,KL-MUV-01
1998-10-08,19.56,34.7,KL-MUV-01
1998-10-09,22.23,47.3,KL-MUV-01
1998-10-10,39.46,42.5,KL-MUV-01
1998-10-11,58.43,44.0,KL-MUV-01
1998-10-12,63.42,33.8,KL-MUV-01
1998-10-13,58.98,13.7,KL-MUV-01
1998-10-14,53.08,20.4,KL-MUV-01
1998-10-15,49.35,6.7,KL-MUV-01
1998-10-16,45.77,1.5,KL-MUV-01
1998-10-17,42.25,2.3,KL-MUV-01
1998-10-18,39.46,4.7,KL-MUV-01
1998-10-19,36.93,1.4,KL-MUV-01
1998-10-20,34.4,0.1,KL-MUV-01
1998-10-21,32.11,0.0,KL-MUV-01
1998-10-22,29.97,0.0,KL-MUV-01
1998-10-23,28.04,0.2,KL-MUV-01
1998-10-24,26.29,0.0,KL-MUV-01
1998-10-25,24.82,4.6,KL-MUV-01
1998-10-26,24.0,6.4,KL-MUV-01
1998-10-27,23.83,7.7,KL-MUV-01
1998-10-28,24.59,7.5,KL-MUV-01
1998-10-29,26.04,3.1,KL-MUV-01
1998-10-30,25.24,0.1,KL-MUV-01
1998-10-31,23.77,1.1,KL-MUV-01
1998-11-01,22.82,1.7,KL-MUV-01
1998-11-02,22.39,1.6,KL-MUV-01
1998-11-03,22.93,5.8,KL-MUV-01
1998-11-04,25.49,17.3,KL-MUV-01
1998-11-05,29.62,24.6,KL-MUV-01
1998-11-06,32.42,1.1,KL-MUV-01
1998-11-07,32.96,6.0,KL-MUV-01
1998-11-08,39.83,9.4,KL-MUV-01
1998-11-09,43.16,6.6,KL-MUV-01
1998-11-10,42.15,5.2,KL-MUV-01
1998-11-11,41.27,0.3,KL-MUV-01
1998-11-12,38.81,2.1,KL-MUV-01
1998-11-13,36.67,6.1,KL-MUV-01
1998-11-14,35.22,5.2,KL-MUV-01
1998-11-15,33.75,0.2,KL-MUV-01
1998-11-16,31.58,0.3,KL-MUV-01
1998-11-17,29.55,0.0,KL-MUV-01
1998-11-18,27.71,0.8,KL-MUV-01
1998-11-19,26.04,0.0,KL-MUV-01
1998-11-20,24.41,0.3,KL-MUV-01
1998-11-21,22.99,0.6,KL-MUV-01
1998-11-22,21.65,1.4,KL-MUV-01
1998-11-23,20.48,0.7,KL-MUV-01
1998-11-24,19.46,2.3,KL-MUV-01
1998-11-25,18.5,2.1,KL-MUV-01
1998-11-26,17.58,0.0,KL-MUV-01
1998-11-27,16.78,1.0,KL-MUV-01
1998-11-28,16.1,0.6,KL-MUV-01
1998-11-29,15.44,1.5,KL-MUV-01
1998-11-30,14.85,0.9,KL-MUV-01
1998-12-01,14.45,5.7,KL-MUV-01
1998-12-02,14.92,0.0,KL-MUV-01
1998-12-03,15.63,0.0,KL-MUV-01
1998-12-04,15.14,0.0,KL-MUV-01
1998-12-05,15.33,6.7,KL-MUV-01
1998-12-06,17.37,0.0,KL-MUV-01
1998-12-07,16.99,0.2,KL-MUV-01
1998-12-08,16.95,23.5,KL-MUV-01
1998-12-09,22.28,35.4,KL-MUV-01
1998-12-10,31.96,18.2,KL-MUV-01
1998-12-11,48.55,24.0,KL-MUV-01
1998-12-12,49.47,24.0,KL-MUV-01
1998-12-13,46.32,5.7,KL-MUV-01
1998-12-14,43.57,1.3,KL-MUV-01
1998-12-15,40.88,1.0,KL-MUV-01
1998-12-16,37.9,1.5,KL-MUV-01
1998-12-17,35.9,0.0,KL-MUV-01
1998-12-18,33.99,0.4,KL-MUV-01
1998-12-19,33.67,0.5,KL-MUV-01
1998-12-20,31.89,0.5,KL-MUV-01
1998-12-21,30.12,0.1,KL-MUV-01
1998-12-22,28.44,0.0,KL-MUV-01
1998-12-23,26.86,0.0,KL-MUV-01
1998-12-24,25.3,0.0,KL-MUV-01
1998-12-25,23.77,0.0,KL-MUV-01
1998-12-26,22.5,0.0,KL-MUV-01
1998-12-27,21.13,0.0,KL-MUV-01
1998-12-28,20.28,0.7,KL-MUV-01
1998-12-29,20.28,0.0,KL-MUV-01
1998-12-30,20.09,0.2,KL-MUV-01
1998-12-31,20.43,0.0,KL-MUV-01
1999-01-01,19.8,0.6,KL-MUV-01
1999-01-02,19.37,0.1,KL-MUV-01
1999-01-03,19.8,0.0,KL-MUV-01
1999-01-04,18.91,0.0,KL-MUV-01
1999-01-05,17.92,0.0,KL-MUV-01
1999-01-06,16.91,0.0,KL-MUV-01
1999-01-07,15.98,0.0,KL-MUV-01
1999-01-08,15.07,0.0,KL-MUV-01
1999-01-09,14.35,0.5,KL-MUV-01
1999-01-10,13.79,0.4,KL-MUV-01
1999-01-11,12.96,0.0,KL-MUV-01
1999-01-12,12.34,0.0,KL-MUV-01
1999-01-13,11.68,0.0,KL-MUV-01
1999-01-14,11.02,0.0,KL-MUV-01
1999-01-15,10.43,0.0,KL-MUV-01
1999-01-16,9.86,0.0,KL-MUV-01
1999-01-17,9.38,0.0,KL-MUV-01
1999-01-18,8.89,0.0,KL-MUV-01
1999-01-19,8.44,0.0,KL-MUV-01
1999-01-20,8.02,0.0,KL-MUV-01
1999-01-21,7.65,0.0,KL-MUV-01
1999-01-22,7.28,0.0,KL-MUV-01
1999-01-23,6.94,0.0,KL-MUV-01
1999-01-24,6.62,0.0,KL-MUV-01
1999-01-25,6.31,0.0,KL-MUV-01
1999-01-26,6.03,0.0,KL-MUV-01
1999-01-27,5.75,0.0,KL-MUV-01
1999-01-28,5.5,0.0,KL-MUV-01
1999-01-29,5.28,0.0,KL-MUV-01
1999-01-30,5.07,0.0,KL-MUV-01
1999-01-31,5.0,0.0,KL-MUV-01
1999-02-01,4.85,0.0,KL-MUV-01
1999-02-02,4.69,0.2,KL-MUV-01
1999-02-03,4.56,0.0,KL-MUV-01
1999-02-04,4.43,0.6,KL-MUV-01
1999-02-05,4.41,5.5,KL-MUV-01
1999-02-06,4.78,0.0,KL-MUV-01
1999-02-07,4.94,2.9,KL-MUV-01
1999-02-08,5.19,11.1,KL-MUV-01
1999-02-09,5.56,0.4,KL-MUV-01
1999-02-10,5.56,0.3,KL-MUV-01
1999-02-11,5.44,0.0,KL-MUV-01
1999-02-12,5.28,0.0,KL-MUV-01
1999-02-13,5.12,0.0,KL-MUV-01
1999-02-14,4.94,0.0,KL-MUV-01
1999-02-15,4.81,0.0,KL-MUV-01
1999-02-16,4.69,0.0,KL-MUV-01
1999-02-17,4.56,0.0,KL-MUV-01
1999-02-18,4.43,0.0,KL-MUV-01
1999-02-19,4.43,0.0,KL-MUV-01
1999-02-20,4.41,2.4,KL-MUV-01
1999-02-21,4.69,2.3,KL-MUV-01
1999-02-22,4.85,0.0,KL-MUV-01
1999-02-23,4.71,0.0,KL-MUV-01
1999-02-24,4.53,0.0,KL-MUV-01
1999-02-25,4.37,0.0,KL-MUV-01
1999-02-26,4.22,0.0,KL-MUV-01
1999-02-27,4.13,0.0,KL-MUV-01
1999-02-28,4.0,0.0,KL-MUV-01
1999-03-01,3.91,0.0,KL-MUV-01
1999-03-02,3.88,0.0,KL-MUV-01
1999-03-03,3.88,0.0,KL-MUV-01
1999-03-04,3.81,0.0,KL-MUV-01
1999-03-05,3.75,0.0,KL-MUV-01
1999-03-06,3.69,0.0,KL-MUV-01
1999-03-07,3.62,0.0,KL-MUV-01
1999-03-08,3.59,0.0,KL-MUV-01
1999-03-09,3.53,0.0,KL-MUV-01
1999-03-10,3.5,0.0,KL-MUV-01
1999-03-11,3.47,0.0,KL-MUV-01
1999-03-12,3.47,1.8,KL-MUV-01
1999-03-13,3.56,1.8,KL-MUV-01
1999-03-14,3.59,0.1,KL-MUV-01
1999-03-15,3.59,1.2,KL-MUV-01
1999-03-16,3.69,0.4,KL-MUV-01
1999-03-17,3.72,2.2,KL-MUV-01
1999-03-18,3.81,1.8,KL-MUV-01
1999-03-19,3.81,0.0,KL-MUV-01
1999-03-20,3.72,0.0,KL-MUV-01
1999-03-21,3.66,0.0,KL-MUV-01
1999-03-22,3.59,0.4,KL-MUV-01
1999-03-23,3.59,0.0,KL-MUV-01
1999-03-24,3.66,4.7,KL-MUV-01
1999-03-25,3.72,0.8,KL-MUV-01
1999-03-26,3.69,0.0,KL-MUV-01
1999-03-27,3.62,0.0,KL-MUV-01
1999-03-28,3.59,0.0,KL-MUV-01
1999-03-29,3.53,0.0,KL-MUV-01
1999-03-30,3.5,0.0,KL-MUV-01
1999-03-31,3.53,3.7,KL-MUV-01
1999-04-01,3.72,1.0,KL-MUV-01
1999-04-02,4.19,1.8,KL-MUV-01
1999-04-03,4.28,0.6,KL-MUV-01
1999-04-04,4.15,1.3,KL-MUV-01
1999-04-05,4.04,3.2,KL-MUV-01
1999-04-06,4.0,0.9,KL-MUV-01
1999-04-07,4.04,9.7,KL-MUV-01
1999-04-08,4.15,5.4,KL-MUV-01
1999-04-09,4.43,1.5,KL-MUV-01
1999-04-10,4.5,7.2,KL-MUV-01
1999-04-11,4.5,6.4,KL-MUV-01
1999-04-12,4.6,5.8,KL-MUV-01
1999-04-13,4.56,2.2,KL-MUV-01
1999-04-14,4.5,2.3,KL-MUV-01
1999-04-15,4.41,0.8,KL-MUV-01
1999-04-16,4.28,1.6,KL-MUV-01
1999-04-17,4.19,1.9,KL-MUV-01
1999-04-18,4.25,6.2,KL-MUV-01
1999-04-19,4.43,2.0,KL-MUV-01
1999-04-20,4.6,9.8,KL-MUV-01
1999-04-21,4.78,7.8,KL-MUV-01
1999-04-22,5.1,10.6,KL-MUV-01
1999-04-23,5.41,15.9,KL-MUV-01
1999-04-24,5.75,9.4,KL-MUV-01
1999-04-25,6.62,2.5,KL-MUV-01
1999-04-26,6.91,7.5,KL-MUV-01
1999-04-27,7.0,4.9,KL-MUV-01
1999-04-28,7.28,7.2,KL-MUV-01
1999-04-29,7.71,7.6,KL-MUV-01
1999-04-30,8.46,5.7,KL-MUV-01
1999-05-01,8.59,0.0,KL-MUV-01
1999-05-02,8.18,0.0,KL-MUV-01
1999-05-03,7.79,4.3,KL-MUV-01
1999-05-04,7.71,7.1,KL-MUV-01
1999-05-05,8.23,23.2,KL-MUV-01
1999-05-06,10.72,8.9,KL-MUV-01
1999-05-07,11.3,22.1,KL-MUV-01
1999-05-08,12.21,21.9,KL-MUV-01
1999-05-09,12.46,5.6,KL-MUV-01
1999-05-10,12.18,5.1,KL-MUV-01
1999-05-11,11.82,2.5,KL-MUV-01
1999-05-12,11.39,17.4,KL-MUV-01
1999-05-13,11.59,13.9,KL-MUV-01
1999-05-14,11.53,13.6,KL-MUV-01
1999-05-15,11.94,13.1,KL-MUV-01
1999-05-16,13.32,8.3,KL-MUV-01
1999-05-17,13.52,4.6,KL-MUV-01
1999-05-18,13.16,4.6,KL-MUV-01
1999-05-19,12.65,6.1,KL-MUV-01
1999-05-20,12.49,13.6,KL-MUV-01
1999-05-21,12.93,22.3,KL-MUV-01
1999-05-22,13.69,13.2,KL-MUV-01
1999-05-23,13.62,23.5,KL-MUV-01
1999-05-24,19.8,24.7,KL-MUV-01
1999-05-25,31.58,42.7,KL-MUV-01
1999-05-26,35.14,24.9,KL-MUV-01
1999-05-27,35.06,19.7,KL-MUV-01
1999-05-28,33.51,17.0,KL-MUV-01
1999-05-29,33.12,31.7,KL-MUV-01
1999-05-30,33.75,17.7,KL-MUV-01
1999-05-31,32.88,13.0,KL-MUV-01
1999-06-01,31.28,7.3,KL-MUV-01
1999-06-02,29.55,5.9,KL-MUV-01
1999-06-03,28.11,8.3,KL-MUV-01
1999-06-04,26.8,13.0,KL-MUV-01
1999-06-05,26.04,20.5,KL-MUV-01
1999-06-06,25.49,6.9,KL-MUV-01
1999-06-07,25.24,21.7,KL-MUV-01
1999-06-08,26.16,14.9,KL-MUV-01
1999-06-09,27.51,30.9,KL-MUV-01
1999-06-10,31.21,33.0,KL-MUV-01
1999-06-11,41.07,36.2,KL-MUV-01
1999-06-12,49.12,27.1,KL-MUV-01
1999-06-13,52.21,25.6,KL-MUV-01
1999-06-14,51.72,22.5,KL-MUV-01
1999-06-15,50.17,13.9,KL-MUV-01
1999-06-16,48.77,9.1,KL-MUV-01
1999-06-17,46.21,12.6,KL-MUV-01
1999-06-18,44.81,17.1,KL-MUV-01
1999-06-19,44.5,11.6,KL-MUV-01
1999-06-20,42.85,12.9,KL-MUV-01
1999-06-21,40.98,3.5,KL-MUV-01
1999-06-22,38.45,3.7,KL-MUV-01
1999-06-23,36.07,3.2,KL-MUV-01
1999-06-24,33.83,2.1,KL-MUV-01
1999-06-25,31.73,2.2,KL-MUV-01
1999-06-26,29.9,1.9,KL-MUV-01
1999-06-27,28.24,9.4,KL-MUV-01
1999-06-28,26.73,0.7,KL-MUV-01
1999-06-29,25.12,2.9,KL-MUV-01
1999-06-30,23.66,1.6,KL-MUV-01
1999-07-01,22.28,2.4,KL-MUV-01
1999-07-02,21.18,9.3,KL-MUV-01
1999-07-03,20.33,19.3,KL-MUV-01
1999-07-04,19.89,30.9,KL-MUV-01
1999-07-05,30.7,46.8,KL-MUV-01
1999-07-06,35.48,37.9,KL-MUV-01
1999-07-07,35.9,27.2,KL-MUV-01
1999-07-08,34.81,25.6,KL-MUV-01
1999-07-09,35.48,32.3,KL-MUV-01
1999-07-10,36.33,9.6,KL-MUV-01
1999-07-11,34.65,3.4,KL-MUV-01
1999-07-12,32.65,4.7,KL-MUV-01
1999-07-13,30.84,7.0,KL-MUV-01
1999-07-14,29.41,4.0,KL-MUV-01
1999-07-15,28.24,9.0,KL-MUV-01
1999-07-16,29.62,20.6,KL-MUV-01
1999-07-17,39.55,46.3,KL-MUV-01
1999-07-18,59.12,76.7,KL-MUV-01
1999-07-19,66.14,35.2,KL-MUV-01
1999-07-20,73.13,30.7,KL-MUV-01
1999-07-21,72.11,28.6,KL-MUV-01
1999-07-22,68.34,30.5,KL-MUV-01
1999-07-23,64.92,8.0,KL-MUV-01
1999-07-24,60.09,6.3,KL-MUV-01
1999-07-25,56.15,9.5,KL-MUV-01
1999-07-26,54.21,19.4,KL-MUV-01
1999-07-27,53.95,7.7,KL-MUV-01
1999-07-28,51.6,9.0,KL-MUV-01
1999-07-29,49.23,8.2,KL-MUV-01
1999-07-30,47.31,7.9,KL-MUV-01
1999-07-31,45.67,12.3,KL-MUV-01
1999-08-01,44.5,14.6,KL-MUV-01
1999-08-02,43.57,3.0,KL-MUV-01
1999-08-03,41.95,12.1,KL-MUV-01
1999-08-04,40.21,3.1,KL-MUV-01
1999-08-05,38.08,8.1,KL-MUV-01
1999-08-06,36.67,5.1,KL-MUV-01
1999-08-07,35.06,1.8,KL-MUV-01
1999-08-08,33.67,1.8,KL-MUV-01
1999-08-09,32.11,7.9,KL-MUV-01
1999-08-10,30.77,4.3,KL-MUV-01
1999-08-11,29.2,9.3,KL-MUV-01
1999-08-12,28.24,1.8,KL-MUV-01
1999-08-13,26.8,2.6,KL-MUV-01
1999-08-14,25.3,2.7,KL-MUV-01
1999-08-15,23.95,5.3,KL-MUV-01
1999-08-16,23.21,7.1,KL-MUV-01
1999-08-17,23.38,15.1,KL-MUV-01
1999-08-18,24.29,5.3,KL-MUV-01
1999-08-19,23.66,4.4,KL-MUV-01
1999-08-20,22.55,2.1,KL-MUV-01
1999-08-21,21.65,6.3,KL-MUV-01
1999-08-22,20.93,2.3,KL-MUV-01
1999-08-23,20.04,4.8,KL-MUV-01
1999-08-24,19.46,8.5,KL-MUV-01
1999-08-25,18.91,15.6,KL-MUV-01
1999-08-26,18.95,4.0,KL-MUV-01
1999-08-27,18.41,3.0,KL-MUV-01
1999-08-28,17.58,2.3,KL-MUV-01
1999-08-29,16.82,2.8,KL-MUV-01
1999-08-30,16.02,5.5,KL-MUV-01
1999-08-31,15.37,3.8,KL-MUV-01
1999-09-01,14.78,2.8,KL-MUV-01
1999-09-02,14.35,6.6,KL-MUV-01
1999-09-03,14.0,3.8,KL-MUV-01
1999-09-04,13.55,2.2,KL-MUV-01
1999-09-05,12.96,4.5,KL-MUV-01
1999-09-06,12.49,10.5,KL-MUV-01
1999-09-07,12.37,2.8,KL-MUV-01
1999-09-08,11.94,4.5,KL-MUV-01
1999-09-09,11.59,4.6,KL-MUV-01
1999-09-10,11.16,2.0,KL-MUV-01
1999-09-11,10.75,1.8,KL-MUV-01
1999-09-12,10.35,3.0,KL-MUV-01
1999-09-13,9.91,1.7,KL-MUV-01
1999-09-14,9.59,3.7,KL-MUV-01
1999-09-15,9.28,2.1,KL-MUV-01
1999-09-16,8.95,1.5,KL-MUV-01
1999-09-17,8.68,1.6,KL-MUV-01
1999-09-18,8.42,2.2,KL-MUV-01
1999-09-19,8.16,2.3,KL-MUV-01
1999-09-20,7.93,0.8,KL-MUV-01
1999-09-21,7.65,0.7,KL-MUV-01
1999-09-22,7.36,0.0,KL-MUV-01
1999-09-23,7.05,0.0,KL-MUV-01
1999-09-24,6.82,0.6,KL-MUV-01
1999-09-25,6.74,0.6,KL-MUV-01
1999-09-26,6.67,6.6,KL-MUV-01
1999-09-27,6.73,3.4,KL-MUV-01
1999-09-28,6.67,2.4,KL-MUV-01
1999-09-29,6.53,11.1,KL-MUV-01
1999-09-30,6.78,9.6,KL-MUV-01
1999-10-01,6.91,14.3,KL-MUV-01
1999-10-02,7.51,4.1,KL-MUV-01
1999-10-03,7.77,4.7,KL-MUV-01
1999-10-04,8.02,14.6,KL-MUV-01
1999-10-05,17.49,25.7,KL-MUV-01
1999-10-06,21.7,20.3,KL-MUV-01
1999-10-07,22.6,5.2,KL-MUV-01
1999-10-08,22.33,31.6,KL-MUV-01
1999-10-09,23.95,0.2,KL-MUV-01
1999-10-10,22.55,19.2,KL-MUV-01
1999-10-11,22.71,6.9,KL-MUV-01
1999-10-12,23.43,12.9,KL-MUV-01
1999-10-13,26.29,10.2,KL-MUV-01
1999-10-14,109.41,48.1,KL-MUV-01
1999-10-15,122.88,34.6,KL-MUV-01
1999-10-16,102.04,25.8,KL-MUV-01
1999-10-17,86.3,32.8,KL-MUV-01
1999-10-18,76.62,15.9,KL-MUV-01
1999-10-19,70.45,10.4,KL-MUV-01
1999-10-20,65.07,3.5,KL-MUV-01
1999-10-21,61.23,2.0,KL-MUV-01
1999-10-22,57.61,0.0,KL-MUV-01
1999-10-23,55.23,3.5,KL-MUV-01
1999-10-24,58.57,14.4,KL-MUV-01
1999-10-25,60.66,3.9,KL-MUV-01
1999-10-26,59.67,5.1,KL-MUV-01
1999-10-27,56.94,6.8,KL-MUV-01
1999-10-28,55.62,15.0,KL-MUV-01
1999-10-29,54.46,10.5,KL-MUV-01
1999-10-30,51.97,16.0,KL-MUV-01
1999-10-31,49.23,0.6,KL-MUV-01
1999-11-01,45.99,1.9,KL-MUV-01
1999-11-02,43.06,2.4,KL-MUV-01
1999-11-03,40.5,2.1,KL-MUV-01
1999-11-04,37.99,0.9,KL-MUV-01
1999-11-05,35.98,8.4,KL-MUV-01
1999-11-06,35.73,12.2,KL-MUV-01
1999-11-07,36.58,0.0,KL-MUV-01
1999-11-08,35.06,0.0,KL-MUV-01
1999-11-09,33.28,0.0,KL-MUV-01
1999-11-10,31.28,0.0,KL-MUV-01
1999-11-11,29.62,0.2,KL-MUV-01
1999-11-12,28.11,0.1,KL-MUV-01
1999-11-13,26.67,0.0,KL-MUV-01
1999-11-14,25.24,0.0,KL-MUV-01
1999-11-15,23.95,0.0,KL-MUV-01
1999-11-16,22.66,0.2,KL-MUV-01
1999-11-17,21.65,0.0,KL-MUV-01
1999-11-18,20.73,0.0,KL-MUV-01
1999-11-19,21.8,13.0,KL-MUV-01
1999-11-20,31.21,13.9,KL-MUV-01
1999-11-21,80.85,41.2,KL-MUV-01
1999-11-22,73.64,8.2,KL-MUV-01
1999-11-23,61.09,2.2,KL-MUV-01
1999-11-24,54.08,0.1,KL-MUV-01
1999-11-25,48.32,0.0,KL-MUV-01
1999-11-26,43.87,0.3,KL-MUV-01
1999-11-27,42.75,0.2,KL-MUV-01
1999-11-28,44.19,0.5,KL-MUV-01
1999-11-29,53.2,13.4,KL-MUV-01
1999-11-30,55.1,1.7,KL-MUV-01
1999-12-01,52.09,0.0,KL-MUV-01
1999-12-02,51.0,5.2,KL-MUV-01
1999-12-03,51.0,2.4,KL-MUV-01
1999-12-04,47.64,0.3,KL-MUV-01
1999-12-05,44.5,0.0,KL-MUV-01
1999-12-06,41.36,0.0,KL-MUV-01
1999-12-07,38.63,0.0,KL-MUV-01
1999-12-08,36.15,0.0,KL-MUV-01
1999-12-09,33.83,0.0,KL-MUV-01
1999-12-10,31.81,0.8,KL-MUV-01
1999-12-11,30.05,0.0,KL-MUV-01
1999-12-12,28.44,1.4,KL-MUV-01
1999-12-13,31.06,2.7,KL-MUV-01
1999-12-14,33.51,5.8,KL-MUV-01
1999-12-15,33.36,0.3,KL-MUV-01
1999-12-16,32.34,0.0,KL-MUV-01
1999-12-17,30.7,0.0,KL-MUV-01
1999-12-18,29.27,0.2,KL-MUV-01
1999-12-19,28.72,0.0,KL-MUV-01
1999-12-20,27.38,0.0,KL-MUV-01
1999-12-21,25.73,0.0,KL-MUV-01
1999-12-22,24.12,0.0,KL-MUV-01
1999-12-23,22.77,0.3,KL-MUV-01
1999-12-24,22.6,0.0,KL-MUV-01
1999-12-25,21.44,0.4,KL-MUV-01
1999-12-26,20.48,0.0,KL-MUV-01
1999-12-27,19.32,0.0,KL-MUV-01
1999-12-28,18.19,0.0,KL-MUV-01
1999-12-29,17.16,0.0,KL-MUV-01
1999-12-30,16.18,0.0,KL-MUV-01
1999-12-31,15.26,0.0,KL-MUV-01
2000-01-01,14.42,0.0,KL-MUV-01
2000-01-02,13.62,0.0,KL-MUV-01
2000-01-03,12.87,0.0,KL-MUV-01
2000-01-04,12.21,0.0,KL-MUV-01
2000-01-05,11.62,0.0,KL-MUV-01
2000-01-06,11.05,0.0,KL-MUV-01
2000-01-07,10.99,0.5,KL-MUV-01
2000-01-08,11.5,0.0,KL-MUV-01
2000-01-09,11.42,0.0,KL-MUV-01
2000-01-10,11.91,10.1,KL-MUV-01
2000-01-11,13.52,6.5,KL-MUV-01
2000-01-12,14.96,1.6,KL-MUV-01
2000-01-13,15.9,1.6,KL-MUV-01
2000-01-14,16.7,0.0,KL-MUV-01
2000-01-15,16.42,0.0,KL-MUV-01
2000-01-16,15.94,0.6,KL-MUV-01
2000-01-17,16.02,0.0,KL-MUV-01
2000-01-18,15.22,0.0,KL-MUV-01
2000-01-19,14.31,0.0,KL-MUV-01
2000-01-20,13.49,0.0,KL-MUV-01
2000-01-21,12.74,0.0,KL-MUV-01
2000-01-22,12.06,0.0,KL-MUV-01
2000-01-23,11.47,0.0,KL-MUV-01
2000-01-24,10.91,0.0,KL-MUV-01
2000-01-25,10.4,0.0,KL-MUV-01
2000-01-26,9.86,0.0,KL-MUV-01
2000-01-27,9.35,0.0,KL-MUV-01
2000-01-28,8.89,0.0,KL-MUV-01
2000-01-29,8.42,0.0,KL-MUV-01
2000-01-30,8.06,0.0,KL-MUV-01
2000-01-31,7.93,0.0,KL-MUV-01
2000-02-01,7.67,0.0,KL-MUV-01
2000-02-02,7.34,0.0,KL-MUV-01
2000-02-03,7.0,0.0,KL-MUV-01
2000-02-04,6.96,1.0,KL-MUV-01
2000-02-05,7.63,1.9,KL-MUV-01
2000-02-06,7.79,3.7,KL-MUV-01
2000-02-07,7.81,0.2,KL-MUV-01
2000-02-08,7.53,0.0,KL-MUV-01
2000-02-09,7.22,0.0,KL-MUV-01
2000-02-10,6.87,0.0,KL-MUV-01
2000-02-11,6.66,5.1,KL-MUV-01
2000-02-12,6.59,0.4,KL-MUV-01
2000-02-13,6.46,2.8,KL-MUV-01
2000-02-14,6.41,0.0,KL-MUV-01
2000-02-15,6.21,0.0,KL-MUV-01
2000-02-16,6.03,0.0,KL-MUV-01
2000-02-17,5.81,0.0,KL-MUV-01
2000-02-18,5.56,0.0,KL-MUV-01
2000-02-19,5.37,0.0,KL-MUV-01
2000-02-20,5.19,0.0,KL-MUV-01
2000-02-21,5.03,0.0,KL-MUV-01
2000-02-22,4.87,0.0,KL-MUV-01
2000-02-23,4.75,0.0,KL-MUV-01
2000-02-24,4.62,0.8,KL-MUV-01
2000-02-25,4.66,0.8,KL-MUV-01
2000-02-26,4.66,0.0,KL-MUV-01
2000-02-27,5.03,1.7,KL-MUV-01
2000-02-28,5.15,1.5,KL-MUV-01
2000-02-29,6.03,0.0,KL-MUV-01
2000-03-01,6.41,0.0,KL-MUV-01
2000-03-02,6.19,0.0,KL-MUV-01
2000-03-03,5.93,0.0,KL-MUV-01
2000-03-04,5.68,0.0,KL-MUV-01
2000-03-05,5.44,0.0,KL-MUV-01
2000-03-06,5.22,0.0,KL-MUV-01
2000-03-07,5.07,0.0,KL-MUV-01
2000-03-08,4.9,0.0,KL-MUV-01
2000-03-09,4.78,0.0,KL-MUV-01
2000-03-10,4.75,0.0,KL-MUV-01
2000-03-11,4.75,0.0,KL-MUV-01
2000-03-12,4.66,0.3,KL-MUV-01
2000-03-13,4.53,0.0,KL-MUV-01
2000-03-14,4.43,0.0,KL-MUV-01
2000-03-15,4.37,0.0,KL-MUV-01
2000-03-16,4.41,0.0,KL-MUV-01
2000-03-17,4.37,0.0,KL-MUV-01
2000-03-18,4.25,0.0,KL-MUV-01
2000-03-19,4.15,0.0,KL-MUV-01
2000-03-20,4.04,0.0,KL-MUV-01
2000-03-21,3.94,0.0,KL-MUV-01
2000-03-22,3.88,0.0,KL-MUV-01
2000-03-23,3.81,1.0,KL-MUV-01
2000-03-24,3.81,0.4,KL-MUV-01
2000-03-25,3.79,0.0,KL-MUV-01
2000-03-26,3.81,0.0,KL-MUV-01
2000-03-27,4.04,7.8,KL-MUV-01
2000-03-28,4.37,1.9,KL-MUV-01
2000-03-29,4.41,1.3,KL-MUV-01
2000-03-30,4.43,0.7,KL-MUV-01
2000-03-31,5.19,22.9,KL-MUV-01
2000-04-01,6.94,47.4,KL-MUV-01
2000-04-02,7.57,2.9,KL-MUV-01
2000-04-03,7.53,5.6,KL-MUV-01
2000-04-04,7.69,2.3,KL-MUV-01
2000-04-05,7.87,6.6,KL-MUV-01
2000-04-06,8.51,10.7,KL-MUV-01
2000-04-07,9.59,3.1,KL-MUV-01
2000-04-08,9.79,0.1,KL-MUV-01
2000-04-09,9.45,0.4,KL-MUV-01
2000-04-10,9.26,0.0,KL-MUV-01
2000-04-11,8.98,4.7,KL-MUV-01
2000-04-12,8.98,0.6,KL-MUV-01
2000-04-13,8.73,5.6,KL-MUV-01
2000-04-14,8.53,3.5,KL-MUV-01
2000-04-15,8.57,0.4,KL-MUV-01
2000-04-16,8.59,0.6,KL-MUV-01
2000-04-17,8.57,11.2,KL-MUV-01
2000-04-18,9.45,1.5,KL-MUV-01
2000-04-19,9.38,3.6,KL-MUV-01
2000-04-20,9.4,2.9,KL-MUV-01
2000-04-21,9.26,4.3,KL-MUV-01
2000-04-22,9.21,7.6,KL-MUV-01
2000-04-23,9.4,0.1,KL-MUV-01
2000-04-24,9.16,11.7,KL-MUV-01
2000-04-25,9.52,4.2,KL-MUV-01
2000-04-26,9.59,0.3,KL-MUV-01
2000-04-27,9.4,6.2,KL-MUV-01
2000-04-28,9.91,1.5,KL-MUV-01
2000-04-29,9.81,0.8,KL-MUV-01
2000-04-30,9.5,1.1,KL-MUV-01
2000-05-01,9.81,0.7,KL-MUV-01
2000-05-02,9.69,1.7,KL-MUV-01
2000-05-03,9.91,1.8,KL-MUV-01
2000-05-04,10.07,4.5,KL-MUV-01
2000-05-05,10.22,2.2,KL-MUV-01
2000-05-06,10.4,10.0,KL-MUV-01
2000-05-07,10.67,7.3,KL-MUV-01
2000-05-08,10.53,2.5,KL-MUV-01
2000-05-09,10.17,1.0,KL-MUV-01
2000-05-10,9.74,3.6,KL-MUV-01
2000-05-11,9.57,5.3,KL-MUV-01
2000-05-12,9.52,1.1,KL-MUV-01
2000-05-13,9.16,1.1,KL-MUV-01
2000-05-14,8.89,0.0,KL-MUV-01
2000-05-15,8.46,1.9,KL-MUV-01
2000-05-16,8.06,4.9,KL-MUV-01
2000-05-17,7.97,22.6,KL-MUV-01
2000-05-18,8.46,5.8,KL-MUV-01
2000-05-19,8.44,7.5,KL-MUV-01
2000-05-20,8.29,3.3,KL-MUV-01
2000-05-21,8.12,1.4,KL-MUV-01
2000-05-22,7.91,0.9,KL-MUV-01
2000-05-23,7.59,1.6,KL-MUV-01
2000-05-24,7.34,4.7,KL-MUV-01
2000-05-25,7.32,7.9,KL-MUV-01
2000-05-26,7.38,15.5,KL-MUV-01
2000-05-27,7.93,37.2,KL-MUV-01
2000-05-28,9.28,3.7,KL-MUV-01
2000-05-29,9.28,2.1,KL-MUV-01
2000-05-30,8.91,5.1,KL-MUV-01
2000-05-31,8.73,5.0,KL-MUV-01
2000-06-01,8.53,17.1,KL-MUV-01
2000-06-02,8.91,19.9,KL-MUV-01
2000-06-03,9.67,10.0,KL-MUV-01
2000-06-04,9.91,14.2,KL-MUV-01
2000-06-05,10.72,22.3,KL-MUV-01
2000-06-06,33.59,34.4,KL-MUV-01
2000-06-07,59.39,49.5,KL-MUV-01
2000-06-08,57.75,30.5,KL-MUV-01
2000-06-09,51.48,24.8,KL-MUV-01
2000-06-10,48.43,26.0,KL-MUV-01
2000-06-11,46.75,25.1,KL-MUV-01
2000-06-12,44.92,13.6,KL-MUV-01
2000-06-13,43.16,8.4,KL-MUV-01
2000-06-14,40.69,11.3,KL-MUV-01
2000-06-15,38.36,3.1,KL-MUV-01
2000-06-16,35.9,5.8,KL-MUV-01
2000-06-17,34.16,4.8,KL-MUV-01
2000-06-18,32.5,12.4,KL-MUV-01
2000-06-19,32.04,12.5,KL-MUV-01
2000-06-20,31.89,10.8,KL-MUV-01
2000-06-21,30.84,13.2,KL-MUV-01
2000-06-22,29.69,11.1,KL-MUV-01
2000-06-23,28.79,3.8,KL-MUV-01
2000-06-24,27.91,0.4,KL-MUV-01
2000-06-25,26.54,2.9,KL-MUV-01
2000-06-26,25.42,10.3,KL-MUV-01
2000-06-27,24.64,19.6,KL-MUV-01
2000-06-28,24.94,23.2,KL-MUV-01
2000-06-29,26.23,18.5,KL-MUV-01
2000-06-30,29.76,19.7,KL-MUV-01
2000-07-01,32.88,20.7,KL-MUV-01
2000-07-02,34.16,15.1,KL-MUV-01
2000-07-03,33.51,2.4,KL-MUV-01
2000-07-04,31.81,11.5,KL-MUV-01
2000-07-05,31.36,9.3,KL-MUV-01
2000-07-06,30.48,8.9,KL-MUV-01
2000-07-07,30.62,6.2,KL-MUV-01
2000-07-08,30.05,6.7,KL-MUV-01
2000-07-09,29.13,4.0,KL-MUV-01
2000-07-10,28.11,6.9,KL-MUV-01
2000-07-11,27.58,28.2,KL-MUV-01
2000-07-12,29.27,2.9,KL-MUV-01
2000-07-13,28.44,2.3,KL-MUV-01
2000-07-14,26.93,4.3,KL-MUV-01
2000-07-15,25.73,1.3,KL-MUV-01
2000-07-16,24.29,0.1,KL-MUV-01
2000-07-17,22.88,7.1,KL-MUV-01
2000-07-18,22.07,1.4,KL-MUV-01
2000-07-19,21.18,1.3,KL-MUV-01
2000-07-20,20.33,0.2,KL-MUV-01
2000-07-21,19.18,0.0,KL-MUV-01
2000-07-22,18.23,0.3,KL-MUV-01
2000-07-23,17.24,0.6,KL-MUV-01
2000-07-24,16.3,0.9,KL-MUV-01
2000-07-25,15.44,1.6,KL-MUV-01
2000-07-26,14.78,2.1,KL-MUV-01
2000-07-27,14.21,16.3,KL-MUV-01
2000-07-28,14.14,1.6,KL-MUV-01
2000-07-29,13.66,1.2,KL-MUV-01
2000-07-30,13.22,1.2,KL-MUV-01
2000-07-31,12.87,2.4,KL-MUV-01
2000-08-01,12.46,2.7,KL-MUV-01
2000-08-02,12.18,0.8,KL-MUV-01
2000-08-03,13.69,20.9,KL-MUV-01
2000-08-04,22.39,14.6,KL-MUV-01
2000-08-05,25.18,10.8,KL-MUV-01
2000-08-06,24.0,20.9,KL-MUV-01
2000-08-07,23.6,20.5,KL-MUV-01
2000-08-08,25.79,21.6,KL-MUV-01
2000-08-09,29.48,25.7,KL-MUV-01
2000-08-10,31.89,16.8,KL-MUV-01
2000-08-11,32.34,4.3,KL-MUV-01
2000-08-12,30.84,0.4,KL-MUV-01
2000-08-13,28.85,0.9,KL-MUV-01
2000-08-14,27.44,5.3,KL-MUV-01
2000-08-15,26.61,21.6,KL-MUV-01
2000-08-16,26.48,8.6,KL-MUV-01
2000-08-17,25.36,16.1,KL-MUV-01
2000-08-18,24.7,24.3,KL-MUV-01
2000-08-19,25.3,15.3,KL-MUV-01
2000-08-20,25.12,5.7,KL-MUV-01
2000-08-21,24.76,11.3,KL-MUV-01
2000-08-22,25.98,12.7,KL-MUV-01
2000-08-23,34.65,18.6,KL-MUV-01
2000-08-24,61.09,37.1,KL-MUV-01
2000-08-25,78.8,32.3,KL-MUV-01
2000-08-26,81.99,29.4,KL-MUV-01
2000-08-27,75.38,16.3,KL-MUV-01
2000-08-28,68.98,10.7,KL-MUV-01
2000-08-29,63.27,0.9,KL-MUV-01
2000-08-30,58.29,2.9,KL-MUV-01
2000-08-31,53.83,2.8,KL-MUV-01
2000-09-01,50.05,1.4,KL-MUV-01
2000-09-02,46.53,2.6,KL-MUV-01
2000-09-03,43.46,1.7,KL-MUV-01
2000-09-04,40.69,1.4,KL-MUV-01
2000-09-05,38.17,5.2,KL-MUV-01
2000-09-06,35.98,2.7,KL-MUV-01
2000-09-07,34.08,4.2,KL-MUV-01
2000-09-08,32.34,6.7,KL-MUV-01
2000-09-09,30.55,1.1,KL-MUV-01
2000-09-10,28.72,3.0,KL-MUV-01
2000-09-11,27.05,2.8,KL-MUV-01
2000-09-12,25.55,3.3,KL-MUV-01
2000-09-13,24.23,4.1,KL-MUV-01
2000-09-14,24.0,7.2,KL-MUV-01
2000-09-15,23.21,7.2,KL-MUV-01
2000-09-16,22.71,8.7,KL-MUV-01
2000-09-17,22.55,5.2,KL-MUV-01
2000-09-18,21.65,0.8,KL-MUV-01
2000-09-19,20.78,12.7,KL-MUV-01
2000-09-20,69.96,60.7,KL-MUV-01
2000-09-21,64.61,28.2,KL-MUV-01
2000-09-22,54.72,7.1,KL-MUV-01
2000-09-23,48.55,1.6,KL-MUV-01
2000-09-24,50.05,26.4,KL-MUV-01
2000-09-25,59.26,21.0,KL-MUV-01
2000-09-26,62.83,8.7,KL-MUV-01
2000-09-27,60.09,8.9,KL-MUV-01
2000-09-28,55.75,7.2,KL-MUV-01
2000-09-29,51.24,8.2,KL-MUV-01
2000-09-30,47.53,16.8,KL-MUV-01
2000-10-01,48.89,45.7,KL-MUV-01
2000-10-02,53.58,46.9,KL-MUV-01
2000-10-03,53.95,17.1,KL-MUV-01
2000-10-04,51.12,14.7,KL-MUV-01
2000-10-05,47.87,11.3,KL-MUV-01
2000-10-06,45.24,17.9,KL-MUV-01
2000-10-07,43.26,7.3,KL-MUV-01
2000-10-08,40.59,4.6,KL-MUV-01
2000-10-09,38.45,1.6,KL-MUV-01
2000-10-10,36.07,0.2,KL-MUV-01
2000-10-11,33.75,0.3,KL-MUV-01
2000-10-12,31.66,5.9,KL-MUV-01
2000-10-13,30.05,6.9,KL-MUV-01
2000-10-14,28.58,7.4,KL-MUV-01
2000-10-15,27.84,4.4,KL-MUV-01
2000-10-16,26.93,12.0,KL-MUV-01
2000-10-17,27.05,7.6,KL-MUV-01
2000-10-18,26.1,5.6,KL-MUV-01
2000-10-19,24.94,3.3,KL-MUV-01
2000-10-20,23.6,0.8,KL-MUV-01
2000-10-21,22.28,2.4,KL-MUV-01
2000-10-22,21.23,15.2,KL-MUV-01
2000-10-23,21.34,14.6,KL-MUV-01
2000-10-24,21.03,11.3,KL-MUV-01
2000-10-25,21.03,0.0,KL-MUV-01
2000-10-26,20.23,0.0,KL-MUV-01
2000-10-27,19.04,0.3,KL-MUV-01
2000-10-28,18.01,0.8,KL-MUV-01
2000-10-29,17.07,1.1,KL-MUV-01
2000-10-30,16.26,2.0,KL-MUV-01
2000-10-31,15.56,2.0,KL-MUV-01
2000-11-01,14.89,0.9,KL-MUV-01
2000-11-02,14.24,0.4,KL-MUV-01
2000-11-03,13.55,1.8,KL-MUV-01
2000-11-04,13.09,4.7,KL-MUV-01
2000-11-05,13.13,0.0,KL-MUV-01
2000-11-06,12.93,0.3,KL-MUV-01
2000-11-07,12.61,0.0,KL-MUV-01
2000-11-08,12.12,0.0,KL-MUV-01
2000-11-09,11.62,0.0,KL-MUV-01
2000-11-10,11.16,0.0,KL-MUV-01
2000-11-11,10.8,0.0,KL-MUV-01
2000-11-12,10.53,0.0,KL-MUV-01
2000-11-13,10.07,1.1,KL-MUV-01
2000-11-14,9.99,0.0,KL-MUV-01
2000-11-15,9.67,0.0,KL-MUV-01
2000-11-16,9.21,0.0,KL-MUV-01
2000-11-17,8.77,0.0,KL-MUV-01
2000-11-18,8.38,0.2,KL-MUV-01
2000-11-19,8.68,20.9,KL-MUV-01
2000-11-20,12.4,41.5,KL-MUV-01
2000-11-21,16.02,2.6,KL-MUV-01
2000-11-22,17.24,5.5,KL-MUV-01
2000-11-23,18.14,10.8,KL-MUV-01
2000-11-24,19.46,0.1,KL-MUV-01
2000-11-25,19.0,0.1,KL-MUV-01
2000-11-26,18.41,0.0,KL-MUV-01
2000-11-27,17.37,0.0,KL-MUV-01
2000-11-28,16.38,0.0,KL-MUV-01
2000-11-29,15.41,1.5,KL-MUV-01
2000-11-30,14.92,8.7,KL-MUV-01
2000-12-01,14.6,0.0,KL-MUV-01
2000-12-02,13.86,0.0,KL-MUV-01
2000-12-03,13.32,0.7,KL-MUV-01
2000-12-04,13.69,1.1,KL-MUV-01
2000-12-05,32.19,34.0,KL-MUV-01
2000-12-06,34.4,0.0,KL-MUV-01
2000-12-07,29.55,0.0,KL-MUV-01
2000-12-08,25.79,0.0,KL-MUV-01
2000-12-09,23.1,0.0,KL-MUV-01
2000-12-10,21.13,0.0,KL-MUV-01
2000-12-11,19.42,0.0,KL-MUV-01
2000-12-12,17.97,0.0,KL-MUV-01
2000-12-13,16.7,0.0,KL-MUV-01
2000-12-14,15.6,0.0,KL-MUV-01
2000-12-15,14.6,0.0,KL-MUV-01
2000-12-16,13.66,0.0,KL-MUV-01
2000-12-17,12.84,0.0,KL-MUV-01
2000-12-18,12.09,0.0,KL-MUV-01
2000-12-19,11.45,0.0,KL-MUV-01
2000-12-20,10.86,0.0,KL-MUV-01
2000-12-21,10.35,0.0,KL-MUV-01
2000-12-22,9.81,0.0,KL-MUV-01
2000-12-23,9.3,0.0,KL-MUV-01
2000-12-24,8.84,0.0,KL-MUV-01
2000-12-25,8.4,0.0,KL-MUV-01
2000-12-26,7.99,0.0,KL-MUV-01
2000-12-27,7.85,20.1,KL-MUV-01
2000-12-28,9.5,14.3,KL-MUV-01
2000-12-29,9.91,0.7,KL-MUV-01
2000-12-30,9.62,0.9,KL-MUV-01
2000-12-31,9.28,2.6,KL-MUV-01
2001-01-01,9.16,1.3,KL-MUV-01
2001-01-02,8.89,1.3,KL-MUV-01
2001-01-03,8.75,0.3,KL-MUV-01
2001-01-04,8.62,0.0,KL-MUV-01
2001-01-05,8.31,0.0,KL-MUV-01
2001-01-06,7.93,0.1,KL-MUV-01
2001-01-07,7.63,0.3,KL-MUV-01
2001-01-08,7.41,0.0,KL-MUV-01
2001-01-09,7.15,0.0,KL-MUV-01
2001-01-10,6.89,0.0,KL-MUV-01
2001-01-11,6.64,0.0,KL-MUV-01
2001-01-12,6.73,0.0,KL-MUV-01
2001-01-13,6.62,0.0,KL-MUV-01
2001-01-14,6.46,0.0,KL-MUV-01
2001-01-15,6.24,0.0,KL-MUV-01
2001-01-16,5.98,0.0,KL-MUV-01
2001-01-17,5.73,0.0,KL-MUV-01
2001-01-18,5.49,0.0,KL-MUV-01
2001-01-19,5.28,0.0,KL-MUV-01
2001-01-20,5.07,0.0,KL-MUV-01
2001-01-21,4.97,0.0,KL-MUV-01
2001-01-22,4.87,0.0,KL-MUV-01
2001-01-23,4.7,0.0,KL-MUV-01
2001-01-24,4.62,0.4,KL-MUV-01
2001-01-25,4.87,1.9,KL-MUV-01
2001-01-26,5.41,0.2,KL-MUV-01
2001-01-27,5.43,0.0,KL-MUV-01
2001-01-28,5.28,0.0,KL-MUV-01
2001-01-29,5.11,0.0,KL-MUV-01
2001-01-30,4.92,0.1,KL-MUV-01
2001-01-31,5.1,0.4,KL-MUV-01
2001-02-01,5.27,5.7,KL-MUV-01
2001-02-02,5.97,1.6,KL-MUV-01
2001-02-03,7.04,0.6,KL-MUV-01
2001-02-04,7.05,0.0,KL-MUV-01
2001-02-05,7.13,0.6,KL-MUV-01
2001-02-06,7.41,0.0,KL-MUV-01
2001-02-07,7.22,0.0,KL-MUV-01
2001-02-08,6.91,0.0,KL-MUV-01
2001-02-09,6.59,0.0,KL-MUV-01
2001-02-10,6.43,0.0,KL-MUV-01
2001-02-11,6.21,0.0,KL-MUV-01
2001-02-12,5.97,0.0,KL-MUV-01
2001-02-13,5.84,1.3,KL-MUV-01
2001-02-14,6.0,0.0,KL-MUV-01
2001-02-15,6.13,0.0,KL-MUV-01
2001-02-16,6.13,0.0,KL-MUV-01
2001-02-17,5.93,0.0,KL-MUV-01
2001-02-18,5.75,0.0,KL-MUV-01
2001-02-19,5.62,0.0,KL-MUV-01
2001-02-20,5.62,0.1,KL-MUV-01
2001-02-21,5.65,0.0,KL-MUV-01
2001-02-22,5.53,0.0,KL-MUV-01
2001-02-23,5.41,0.0,KL-MUV-01
2001-02-24,5.22,0.0,KL-MUV-01
2001-02-25,5.03,0.0,KL-MUV-01
2001-02-26,4.87,0.5,KL-MUV-01
2001-02-27,4.75,0.0,KL-MUV-01
2001-02-28,4.75,9.5,KL-MUV-01
2001-03-01,5.22,8.8,KL-MUV-01
2001-03-02,5.56,0.0,KL-MUV-01
2001-03-03,5.5,0.0,KL-MUV-01
2001-03-04,5.34,1.0,KL-MUV-01
2001-03-05,5.31,1.2,KL-MUV-01
2001-03-06,5.25,0.0,KL-MUV-01
2001-03-07,5.19,0.0,KL-MUV-01
2001-03-08,5.03,0.0,KL-MUV-01
2001-03-09,4.87,0.1,KL-MUV-01
2001-03-10,4.75,0.2,KL-MUV-01
2001-03-11,4.6,0.0,KL-MUV-01
2001-03-12,4.5,0.0,KL-MUV-01
2001-03-13,4.37,0.0,KL-MUV-01
2001-03-14,4.28,0.0,KL-MUV-01
2001-03-15,4.15,0.0,KL-MUV-01
2001-03-16,4.06,0.0,KL-MUV-01
2001-03-17,4.04,0.0,KL-MUV-01
2001-03-18,4.06,0.2,KL-MUV-01
2001-03-19,4.0,0.0,KL-MUV-01
2001-03-20,3.94,0.3,KL-MUV-01
2001-03-21,3.91,0.0,KL-MUV-01
2001-03-22,3.88,0.4,KL-MUV-01
2001-03-23,3.84,0.0,KL-MUV-01
2001-03-24,3.88,0.0,KL-MUV-01
2001-03-25,3.88,0.5,KL-MUV-01
2001-03-26,3.88,0.0,KL-MUV-01
2001-03-27,3.81,0.0,KL-MUV-01
2001-03-28,3.75,0.0,KL-MUV-01
2001-03-29,3.72,1.0,KL-MUV-01
2001-03-30,3.75,9.5,KL-MUV-01
2001-03-31,3.75,0.0,KL-MUV-01
2001-04-01,3.69,0.0,KL-MUV-01
2001-04-02,3.66,0.3,KL-MUV-01
2001-04-03,3.62,0.0,KL-MUV-01
2001-04-04,3.66,3.1,KL-MUV-01
2001-04-05,3.94,0.8,KL-MUV-01
2001-04-06,4.56,8.7,KL-MUV-01
2001-04-07,4.97,0.3,KL-MUV-01
2001-04-08,5.22,2.8,KL-MUV-01
2001-04-09,5.41,2.1,KL-MUV-01
2001-04-10,5.34,5.8,KL-MUV-01
2001-04-11,6.06,38.6,KL-MUV-01
2001-04-12,7.91,14.8,KL-MUV-01
2001-04-13,8.29,7.4,KL-MUV-01
2001-04-14,8.18,11.8,KL-MUV-01
2001-04-15,8.57,5.7,KL-MUV-01
2001-04-16,8.31,0.8,KL-MUV-01
2001-04-17,8.06,6.3,KL-MUV-01
2001-04-18,8.12,6.3,KL-MUV-01
2001-04-19,8.73,7.0,KL-MUV-01
2001-04-20,9.5,14.5,KL-MUV-01
2001-04-21,11.02,1.4,KL-MUV-01
2001-04-22,11.05,2.7,KL-MUV-01
2001-04-23,11.76,0.7,KL-MUV-01
2001-04-24,11.88,0.0,KL-MUV-01
2001-04-25,11.88,0.5,KL-MUV-01
2001-04-26,11.71,1.8,KL-MUV-01
2001-04-27,11.3,2.5,KL-MUV-01
2001-04-28,11.53,1.6,KL-MUV-01
2001-04-29,11.65,1.1,KL-MUV-01
2001-04-30,12.0,4.7,KL-MUV-01
2001-05-01,13.42,0.9,KL-MUV-01
2001-05-02,13.89,2.4,KL-MUV-01
2001-05-03,13.52,0.6,KL-MUV-01
2001-05-04,12.87,0.7,KL-MUV-01
2001-05-05,12.24,0.2,KL-MUV-01
2001-05-06,11.68,4.1,KL-MUV-01
2001-05-07,11.59,3.6,KL-MUV-01
2001-05-08,12.0,5.7,KL-MUV-01
2001-05-09,12.15,4.7,KL-MUV-01
2001-05-10,11.97,1.0,KL-MUV-01
2001-05-11,11.71,1.1,KL-MUV-01
2001-05-12,11.42,12.9,KL-MUV-01
2001-05-13,12.3,2.9,KL-MUV-01
2001-05-14,12.9,0.3,KL-MUV-01
2001-05-15,12.34,2.0,KL-MUV-01
2001-05-16,11.71,0.0,KL-MUV-01
2001-05-17,11.16,1.9,KL-MUV-01
2001-05-18,11.02,2.1,KL-MUV-01
2001-05-19,10.61,0.8,KL-MUV-01
2001-05-20,10.12,1.1,KL-MUV-01
2001-05-21,9.72,5.9,KL-MUV-01
2001-05-22,9.3,8.6,KL-MUV-01
2001-05-23,9.16,9.6,KL-MUV-01
2001-05-24,9.45,4.8,KL-MUV-01
2001-05-25,9.26,4.5,KL-MUV-01
2001-05-26,9.02,11.0,KL-MUV-01
2001-05-27,9.09,4.9,KL-MUV-01
2001-05-28,8.98,26.7,KL-MUV-01
2001-05-29,9.74,20.1,KL-MUV-01
2001-05-30,10.78,21.6,KL-MUV-01
2001-05-31,11.33,0.5,KL-MUV-01
2001-06-01,10.94,2.9,KL-MUV-01
2001-06-02,10.43,1.8,KL-MUV-01
2001-06-03,10.25,10.0,KL-MUV-01
2001-06-04,11.02,11.3,KL-MUV-01
2001-06-05,12.8,30.3,KL-MUV-01
2001-06-06,21.7,53.8,KL-MUV-01
2001-06-07,33.04,48.8,KL-MUV-01
2001-06-08,34.81,10.9,KL-MUV-01
2001-06-09,32.42,6.7,KL-MUV-01
2001-06-10,30.84,27.9,KL-MUV-01
2001-06-11,43.36,59.9,KL-MUV-01
2001-06-12,47.31,29.2,KL-MUV-01
2001-06-13,49.47,32.0,KL-MUV-01
2001-06-14,50.76,31.6,KL-MUV-01
2001-06-15,49.82,10.0,KL-MUV-01
2001-06-16,47.31,3.9,KL-MUV-01
2001-06-17,44.5,7.3,KL-MUV-01
2001-06-18,41.95,5.5,KL-MUV-01
2001-06-19,39.36,4.4,KL-MUV-01
2001-06-20,37.28,6.1,KL-MUV-01
2001-06-21,35.22,6.7,KL-MUV-01
2001-06-22,34.16,21.4,KL-MUV-01
2001-06-23,35.06,16.1,KL-MUV-01
2001-06-24,34.81,5.8,KL-MUV-01
2001-06-25,33.75,10.2,KL-MUV-01
2001-06-26,32.65,6.8,KL-MUV-01
2001-06-27,31.36,8.7,KL-MUV-01
2001-06-28,30.26,14.4,KL-MUV-01
2001-06-29,29.9,25.1,KL-MUV-01
2001-06-30,30.84,21.9,KL-MUV-01
2001-07-01,30.62,7.2,KL-MUV-01
2001-07-02,29.55,10.7,KL-MUV-01
2001-07-03,28.92,25.1,KL-MUV-01
2001-07-04,32.11,28.2,KL-MUV-01
2001-07-05,35.31,20.7,KL-MUV-01
2001-07-06,37.55,19.9,KL-MUV-01
2001-07-07,41.27,14.4,KL-MUV-01
2001-07-08,55.62,37.9,KL-MUV-01
2001-07-09,64.77,26.6,KL-MUV-01
2001-07-10,69.47,32.8,KL-MUV-01
2001-07-11,67.71,26.4,KL-MUV-01
2001-07-12,63.27,6.2,KL-MUV-01
2001-07-13,58.02,0.6,KL-MUV-01
2001-07-14,53.45,0.0,KL-MUV-01
2001-07-15,49.35,0.9,KL-MUV-01
2001-07-16,45.88,4.1,KL-MUV-01
2001-07-17,43.06,8.3,KL-MUV-01
2001-07-18,40.4,2.5,KL-MUV-01
2001-07-19,38.08,1.9,KL-MUV-01
2001-07-20,35.9,0.0,KL-MUV-01
2001-07-21,33.59,0.0,KL-MUV-01
2001-07-22,31.51,4.9,KL-MUV-01
2001-07-23,29.69,3.1,KL-MUV-01
2001-07-24,28.31,3.8,KL-MUV-01
2001-07-25,26.99,11.2,KL-MUV-01
2001-07-26,26.29,23.3,KL-MUV-01
2001-07-27,27.91,21.1,KL-MUV-01
2001-07-28,31.81,39.5,KL-MUV-01
2001-07-29,34.65,9.6,KL-MUV-01
2001-07-30,33.59,33.1,KL-MUV-01
2001-07-31,33.51,15.6,KL-MUV-01
2001-08-01,39.36,24.2,KL-MUV-01
2001-08-02,45.88,27.8,KL-MUV-01
2001-08-03,47.31,25.0,KL-MUV-01
2001-08-04,48.09,16.7,KL-MUV-01
2001-08-05,48.09,3.5,KL-MUV-01
2001-08-06,45.03,4.5,KL-MUV-01
2001-08-07,42.35,2.5,KL-MUV-01
2001-08-08,39.93,3.7,KL-MUV-01
2001-08-09,37.64,0.6,KL-MUV-01
2001-08-10,35.22,1.5,KL-MUV-01
2001-08-11,33.2,0.8,KL-MUV-01
2001-08-12,31.43,5.2,KL-MUV-01
2001-08-13,29.76,7.0,KL-MUV-01
2001-08-14,28.44,2.6,KL-MUV-01
2001-08-15,26.8,3.8,KL-MUV-01
2001-08-16,25.55,5.7,KL-MUV-01
2001-08-17,24.41,4.1,KL-MUV-01
2001-08-18,23.21,7.1,KL-MUV-01
2001-08-19,22.44,17.9,KL-MUV-01
2001-08-20,22.66,9.1,KL-MUV-01
2001-08-21,22.82,4.2,KL-MUV-01
2001-08-22,22.17,9.6,KL-MUV-01
2001-08-23,21.86,5.4,KL-MUV-01
2001-08-24,21.08,2.0,KL-MUV-01
2001-08-25,20.33,8.5,KL-MUV-01
2001-08-26,20.33,8.1,KL-MUV-01
2001-08-27,19.8,2.3,KL-MUV-01
2001-08-28,18.95,1.2,KL-MUV-01
2001-08-29,18.23,3.3,KL-MUV-01
2001-08-30,17.79,2.7,KL-MUV-01
2001-08-31,17.28,3.6,KL-MUV-01
2001-09-01,16.54,0.5,KL-MUV-01
2001-09-02,15.83,1.1,KL-MUV-01
2001-09-03,15.03,0.0,KL-MUV-01
2001-09-04,14.21,0.0,KL-MUV-01
2001-09-05,13.42,0.0,KL-MUV-01
2001-09-06,12.71,0.4,KL-MUV-01
2001-09-07,12.03,0.4,KL-MUV-01
2001-09-08,11.39,0.2,KL-MUV-01
2001-09-09,10.94,1.7,KL-MUV-01
2001-09-10,10.46,1.2,KL-MUV-01
2001-09-11,9.96,0.7,KL-MUV-01
2001-09-12,9.5,0.0,KL-MUV-01
2001-09-13,9.12,0.0,KL-MUV-01
2001-09-14,9.21,0.0,KL-MUV-01
2001-09-15,9.02,0.0,KL-MUV-01
2001-09-16,8.66,0.8,KL-MUV-01
2001-09-17,8.53,1.8,KL-MUV-01
2001-09-18,8.27,6.7,KL-MUV-01
2001-09-19,8.2,11.3,KL-MUV-01
2001-09-20,8.35,9.8,KL-MUV-01
2001-09-21,8.53,4.9,KL-MUV-01
2001-09-22,8.59,13.3,KL-MUV-01
2001-09-23,9.07,18.5,KL-MUV-01
2001-09-24,9.19,13.7,KL-MUV-01
2001-09-25,9.47,14.4,KL-MUV-01
2001-09-26,9.52,2.2,KL-MUV-01
2001-09-27,9.23,8.0,KL-MUV-01
2001-09-28,9.19,8.4,KL-MUV-01
2001-09-29,9.52,25.1,KL-MUV-01
2001-09-30,16.1,39.5,KL-MUV-01
2001-10-01,20.13,12.3,KL-MUV-01
2001-10-02,19.32,1.4,KL-MUV-01
2001-10-03,17.79,2.2,KL-MUV-01
2001-10-04,16.5,0.7,KL-MUV-01
2001-10-05,15.6,2.5,KL-MUV-01
2001-10-06,14.89,2.5,KL-MUV-01
2001-10-07,14.1,3.2,KL-MUV-01
2001-10-08,13.35,2.1,KL-MUV-01
2001-10-09,12.68,0.8,KL-MUV-01
2001-10-10,12.03,1.6,KL-MUV-01
2001-10-11,11.56,4.1,KL-MUV-01
2001-10-12,11.56,0.3,KL-MUV-01
2001-10-13,11.16,24.5,KL-MUV-01
2001-10-14,11.36,17.1,KL-MUV-01
2001-10-15,12.0,11.4,KL-MUV-01
2001-10-16,12.09,2.1,KL-MUV-01
2001-10-17,11.76,9.5,KL-MUV-01
2001-10-18,11.39,4.4,KL-MUV-01
2001-10-19,11.05,12.6,KL-MUV-01
2001-10-20,12.09,34.3,KL-MUV-01
2001-10-21,14.96,6.7,KL-MUV-01
2001-10-22,16.46,17.2,KL-MUV-01
2001-10-23,18.68,3.3,KL-MUV-01
2001-10-24,21.13,8.8,KL-MUV-01
2001-10-25,22.66,9.7,KL-MUV-01
2001-10-26,28.58,29.9,KL-MUV-01
2001-10-27,33.67,13.8,KL-MUV-01
2001-10-28,34.73,1.9,KL-MUV-01
2001-10-29,33.51,11.9,KL-MUV-01
2001-10-30,33.91,4.7,KL-MUV-01
2001-10-31,33.75,0.6,KL-MUV-01
2001-11-01,31.81,1.1,KL-MUV-01
2001-11-02,30.26,0.0,KL-MUV-01
2001-11-03,29.83,5.8,KL-MUV-01
2001-11-04,29.69,7.2,KL-MUV-01
2001-11-05,29.76,4.0,KL-MUV-01
2001-11-06,29.62,12.2,KL-MUV-01
2001-11-07,29.97,15.0,KL-MUV-01
2001-11-08,30.26,8.0,KL-MUV-01
2001-11-09,29.9,1.0,KL-MUV-01
2001-11-10,28.51,1.5,KL-MUV-01
2001-11-11,26.93,2.8,KL-MUV-01
2001-11-12,25.49,1.5,KL-MUV-01
2001-11-13,24.23,0.5,KL-MUV-01
2001-11-14,23.1,2.0,KL-MUV-01
2001-11-15,25.24,15.0,KL-MUV-01
2001-11-16,39.09,30.5,KL-MUV-01
2001-11-17,42.25,5.1,KL-MUV-01
2001-11-18,40.88,5.3,KL-MUV-01
2001-11-19,43.06,1.4,KL-MUV-01
2001-11-20,43.77,0.3,KL-MUV-01
2001-11-21,42.15,0.2,KL-MUV-01
2001-11-22,54.98,42.6,KL-MUV-01
2001-11-23,60.94,2.3,KL-MUV-01
2001-11-24,58.57,0.4,KL-MUV-01
2001-11-25,53.45,0.0,KL-MUV-01
2001-11-26,49.12,0.0,KL-MUV-01
2001-11-27,45.67,0.0,KL-MUV-01
2001-11-28,42.45,0.0,KL-MUV-01
2001-11-29,39.74,0.1,KL-MUV-01
2001-11-30,37.19,0.0,KL-MUV-01
2001-12-01,34.97,0.2,KL-MUV-01
2001-12-02,33.04,2.9,KL-MUV-01
2001-12-03,32.27,0.0,KL-MUV-01
2001-12-04,31.28,1.7,KL-MUV-01
2001-12-05,31.21,0.5,KL-MUV-01
2001-12-06,31.43,0.1,KL-MUV-01
2001-12-07,31.43,0.0,KL-MUV-01
2001-12-08,29.9,0.0,KL-MUV-01
2001-12-09,28.04,0.0,KL-MUV-01
2001-12-10,26.35,0.0,KL-MUV-01
2001-12-11,24.88,0.0,KL-MUV-01
2001-12-12,23.38,0.0,KL-MUV-01
2001-12-13,21.96,0.0,KL-MUV-01
2001-12-14,20.68,0.0,KL-MUV-01
2001-12-15,19.46,0.0,KL-MUV-01
2001-12-16,18.36,0.0,KL-MUV-01
2001-12-17,17.28,0.0,KL-MUV-01
2001-12-18,16.38,0.0,KL-MUV-01
2001-12-19,15.94,0.0,KL-MUV-01
2001-12-20,15.22,0.0,KL-MUV-01
2001-12-21,14.74,1.2,KL-MUV-01
2001-12-22,16.74,2.4,KL-MUV-01
2001-12-23,17.97,11.9,KL-MUV-01
2001-12-24,19.51,4.9,KL-MUV-01
2001-12-25,19.7,3.4,KL-MUV-01
2001-12-26,19.23,0.4,KL-MUV-01
2001-12-27,18.28,0.0,KL-MUV-01
2001-12-28,17.49,0.0,KL-MUV-01
2001-12-29,16.58,2.7,KL-MUV-01
2001-12-30,16.14,0.2,KL-MUV-01
2001-12-31,15.63,0.9,KL-MUV-01
2002-01-01,15.33,0.0,KL-MUV-01
2002-01-02,14.52,0.0,KL-MUV-01
2002-01-03,13.72,0.0,KL-MUV-01
2002-01-04,12.96,0.0,KL-MUV-01
2002-01-05,12.27,0.0,KL-MUV-01
2002-01-06,11.71,0.5,KL-MUV-01
2002-01-07,11.25,0.0,KL-MUV-01
2002-01-08,10.69,0.0,KL-MUV-01
2002-01-09,10.12,0.3,KL-MUV-01
2002-01-10,9.62,0.0,KL-MUV-01
2002-01-11,8.91,0.0,KL-MUV-01
2002-01-12,8.48,0.0,KL-MUV-01
2002-01-13,8.06,0.0,KL-MUV-01
2002-01-14,7.65,0.0,KL-MUV-01
2002-01-15,7.28,0.0,KL-MUV-01
2002-01-16,6.93,0.0,KL-MUV-01
2002-01-17,6.59,0.0,KL-MUV-01
2002-01-18,6.36,1.0,KL-MUV-01
2002-01-19,6.11,0.0,KL-MUV-01
2002-01-20,5.84,0.0,KL-MUV-01
2002-01-21,5.67,0.0,KL-MUV-01
2002-01-22,5.46,0.1,KL-MUV-01
2002-01-23,5.27,0.0,KL-MUV-01
2002-01-24,5.12,0.0,KL-MUV-01
2002-01-25,4.98,0.0,KL-MUV-01
2002-01-26,4.83,0.0,KL-MUV-01
2002-01-27,4.69,0.0,KL-MUV-01
2002-01-28,4.56,0.2,KL-MUV-01
2002-01-29,4.47,0.0,KL-MUV-01
2002-01-30,4.35,0.0,KL-MUV-01
2002-01-31,4.36,0.0,KL-MUV-01
2002-02-01,4.37,6.0,KL-MUV-01
2002-02-02,5.25,1.2,KL-MUV-01
2002-02-03,5.55,1.1,KL-MUV-01
2002-02-04,5.52,4.0,KL-MUV-01
2002-02-05,5.56,0.4,KL-MUV-01
2002-02-06,5.84,3.3,KL-MUV-01
2002-02-07,6.24,0.8,KL-MUV-01
2002-02-08,6.55,7.1,KL-MUV-01
2002-02-09,6.69,0.1,KL-MUV-01
2002-02-10,6.59,0.0,KL-MUV-01
2002-02-11,6.29,0.0,KL-MUV-01
2002-02-12,6.05,0.0,KL-MUV-01
2002-02-13,5.97,0.0,KL-MUV-01
2002-02-14,5.76,0.0,KL-MUV-01
2002-02-15,5.53,0.0,KL-MUV-01
2002-02-16,5.32,0.0,KL-MUV-01
2002-02-17,5.12,0.0,KL-MUV-01
2002-02-18,4.96,0.0,KL-MUV-01
2002-02-19,4.77,0.0,KL-MUV-01
2002-02-20,4.6,0.0,KL-MUV-01
2002-02-21,4.47,0.0,KL-MUV-01
2002-02-22,4.35,0.0,KL-MUV-01
2002-02-23,4.25,0.0,KL-MUV-01
2002-02-24,4.13,0.0,KL-MUV-01
2002-02-25,4.04,0.0,KL-MUV-01
2002-02-26,3.94,0.0,KL-MUV-01
2002-02-27,3.88,0.0,KL-MUV-01
2002-02-28,3.81,0.0,KL-MUV-01
2002-03-01,3.75,0.0,KL-MUV-01
2002-03-02,3.72,0.0,KL-MUV-01
2002-03-03,3.66,0.0,KL-MUV-01
2002-03-04,3.62,0.0,KL-MUV-01
2002-03-05,3.59,0.0,KL-MUV-01
2002-03-06,3.56,0.0,KL-MUV-01
2002-03-07,3.56,0.0,KL-MUV-01
2002-03-08,3.53,0.0,KL-MUV-01
2002-03-09,3.56,1.1,KL-MUV-01
2002-03-10,3.53,0.0,KL-MUV-01
2002-03-11,3.53,0.0,KL-MUV-01
2002-03-12,3.5,0.0,KL-MUV-01
2002-03-13,3.5,0.0,KL-MUV-01
2002-03-14,3.47,0.0,KL-MUV-01
2002-03-15,3.53,4.3,KL-MUV-01
2002-03-16,3.66,5.8,KL-MUV-01
2002-03-17,3.91,0.5,KL-MUV-01
2002-03-18,3.94,0.0,KL-MUV-01
2002-03-19,3.84,0.0,KL-MUV-01
2002-03-20,3.75,0.0,KL-MUV-01
2002-03-21,3.66,0.3,KL-MUV-01
2002-03-22,3.62,0.0,KL-MUV-01
2002-03-23,3.56,0.7,KL-MUV-01
2002-03-24,3.56,5.2,KL-MUV-01
2002-03-25,3.56,0.0,KL-MUV-01
2002-03-26,3.53,0.9,KL-MUV-01
2002-03-27,3.53,0.2,KL-MUV-01
2002-03-28,3.59,10.7,KL-MUV-01
2002-03-29,3.62,0.1,KL-MUV-01
2002-03-30,3.69,6.6,KL-MUV-01
2002-03-31,3.72,1.4,KL-MUV-01
2002-04-01,3.79,2.3,KL-MUV-01
2002-04-02,3.79,1.7,KL-MUV-01
2002-04-03,3.75,0.0,KL-MUV-01
2002-04-04,3.69,2.4,KL-MUV-01
2002-04-05,3.69,1.4,KL-MUV-01
2002-04-06,3.69,0.8,KL-MUV-01
2002-04-07,3.66,0.9,KL-MUV-01
2002-04-08,3.66,5.6,KL-MUV-01
2002-04-09,3.72,0.6,KL-MUV-01
2002-04-10,3.69,0.6,KL-MUV-01
2002-04-11,3.69,1.4,KL-MUV-01
2002-04-12,3.72,0.4,KL-MUV-01
2002-04-13,3.72,1.1,KL-MUV-01
2002-04-14,3.88,0.9,KL-MUV-01
2002-04-15,3.97,0.1,KL-MUV-01
2002-04-16,3.97,0.0,KL-MUV-01
2002-04-17,3.94,0.0,KL-MUV-01
2002-04-18,3.91,0.0,KL-MUV-01
2002-04-19,3.88,0.4,KL-MUV-01
2002-04-20,3.97,0.8,KL-MUV-01
2002-04-21,4.06,1.7,KL-MUV-01
2002-04-22,4.09,3.3,KL-MUV-01
2002-04-23,4.15,0.2,KL-MUV-01
2002-04-24,4.15,2.2,KL-MUV-01
2002-04-25,4.19,0.3,KL-MUV-01
2002-04-26,4.25,2.7,KL-MUV-01
2002-04-27,4.25,0.0,KL-MUV-01
2002-04-28,4.35,0.0,KL-MUV-01
2002-04-29,4.5,1.2,KL-MUV-01
2002-04-30,4.5,1.1,KL-MUV-01
2002-05-01,4.53,2.8,KL-MUV-01
2002-05-02,4.56,0.3,KL-MUV-01
2002-05-03,4.6,4.9,KL-MUV-01
2002-05-04,4.81,7.7,KL-MUV-01
2002-05-05,5.07,4.1,KL-MUV-01
2002-05-06,5.19,12.3,KL-MUV-01
2002-05-07,5.22,2.0,KL-MUV-01
2002-05-08,5.12,2.6,KL-MUV-01
2002-05-09,5.03,1.9,KL-MUV-01
2002-05-10,5.19,17.4,KL-MUV-01
2002-05-11,5.65,4.7,KL-MUV-01
2002-05-12,5.71,8.1,KL-MUV-01
2002-05-13,5.93,10.4,KL-MUV-01
2002-05-14,6.24,4.5,KL-MUV-01
2002-05-15,6.24,2.7,KL-MUV-01
2002-05-16,6.1,5.0,KL-MUV-01
2002-05-17,6.13,18.8,KL-MUV-01
2002-05-18,6.85,38.9,KL-MUV-01
2002-05-19,9.21,39.6,KL-MUV-01
2002-05-20,11.82,25.9,KL-MUV-01
2002-05-21,12.43,20.5,KL-MUV-01
2002-05-22,12.34,6.5,KL-MUV-01
2002-05-23,11.91,8.5,KL-MUV-01
2002-05-24,11.45,5.1,KL-MUV-01
2002-05-25,11.27,6.2,KL-MUV-01
2002-05-26,11.3,2.3,KL-MUV-01
2002-05-27,11.13,12.0,KL-MUV-01
2002-05-28,11.33,18.3,KL-MUV-01
2002-05-29,11.76,17.2,KL-MUV-01
2002-05-30,12.3,10.1,KL-MUV-01
2002-05-31,12.93,8.4,KL-MUV-01
2002-06-01,13.03,9.5,KL-MUV-01
2002-06-02,13.0,15.3,KL-MUV-01
2002-06-03,13.13,13.9,KL-MUV-01
2002-06-04,12.87,2.4,KL-MUV-01
2002-06-05,12.37,7.6,KL-MUV-01
2002-06-06,12.27,8.6,KL-MUV-01
2002-06-07,12.12,5.4,KL-MUV-01
2002-06-08,11.82,11.1,KL-MUV-01
2002-06-09,11.65,12.1,KL-MUV-01
2002-06-10,11.76,13.9,KL-MUV-01
2002-06-11,12.06,22.2,KL-MUV-01
2002-06-12,13.52,33.9,KL-MUV-01
2002-06-13,28.99,68.0,KL-MUV-01
2002-06-14,33.59,33.1,KL-MUV-01
2002-06-15,31.66,17.5,KL-MUV-01
2002-06-16,29.9,2.8,KL-MUV-01
2002-06-17,27.71,1.9,KL-MUV-01
2002-06-18,25.55,6.1,KL-MUV-01
2002-06-19,24.0,12.9,KL-MUV-01
2002-06-20,22.82,3.2,KL-MUV-01
2002-06-21,21.8,5.2,KL-MUV-01
2002-06-22,21.08,7.4,KL-MUV-01
2002-06-23,20.73,20.7,KL-MUV-01
2002-06-24,22.44,22.7,KL-MUV-01
2002-06-25,24.47,10.5,KL-MUV-01
2002-06-26,24.53,4.0,KL-MUV-01
2002-06-27,23.6,3.0,KL-MUV-01
2002-06-28,22.44,0.7,KL-MUV-01
2002-06-29,21.34,2.9,KL-MUV-01
2002-06-30,20.33,3.0,KL-MUV-01
2002-07-01,19.65,13.7,KL-MUV-01
2002-07-02,20.09,12.9,KL-MUV-01
2002-07-03,20.38,7.5,KL-MUV-01
2002-07-04,20.04,8.0,KL-MUV-01
2002-07-05,20.28,4.6,KL-MUV-01
2002-07-06,19.51,2.2,KL-MUV-01
2002-07-07,18.68,3.2,KL-MUV-01
2002-07-08,18.1,4.2,KL-MUV-01
2002-07-09,17.28,4.7,KL-MUV-01
2002-07-10,16.46,6.8,KL-MUV-01
2002-07-11,16.14,9.2,KL-MUV-01
2002-07-12,16.14,7.3,KL-MUV-01
2002-07-13,15.9,4.4,KL-MUV-01
2002-07-14,15.56,5.8,KL-MUV-01
2002-07-15,15.63,6.9,KL-MUV-01
2002-07-16,15.37,2.7,KL-MUV-01
2002-07-17,14.85,3.5,KL-MUV-01
2002-07-18,14.45,4.6,KL-MUV-01
2002-07-19,14.03,6.5,KL-MUV-01
2002-07-20,13.69,12.7,KL-MUV-01
2002-07-21,13.45,14.0,KL-MUV-01
2002-07-22,13.29,16.1,KL-MUV-01
2002-07-23,13.19,10.1,KL-MUV-01
2002-07-24,12.96,4.2,KL-MUV-01
2002-07-25,12.68,10.0,KL-MUV-01
2002-07-26,12.4,1.2,KL-MUV-01
2002-07-27,11.85,5.0,KL-MUV-01
2002-07-28,11.62,13.5,KL-MUV-01
2002-07-29,11.62,18.1,KL-MUV-01
2002-07-30,12.15,9.0,KL-MUV-01
2002-07-31,13.62,35.1,KL-MUV-01
2002-08-01,17.32,33.8,KL-MUV-01
2002-08-02,20.93,34.6,KL-MUV-01
2002-08-03,25.73,30.3,KL-MUV-01
2002-08-04,29.34,28.8,KL-MUV-01
2002-08-05,30.99,12.8,KL-MUV-01
2002-08-06,31.28,8.1,KL-MUV-01
2002-08-07,30.84,7.7,KL-MUV-01
2002-08-08,30.05,8.0,KL-MUV-01
2002-08-09,29.69,10.4,KL-MUV-01
2002-08-10,29.76,11.7,KL-MUV-01
2002-08-11,29.83,11.1,KL-MUV-01
2002-08-12,29.41,3.3,KL-MUV-01
2002-08-13,28.24,2.3,KL-MUV-01
2002-08-14,26.99,5.9,KL-MUV-01
2002-08-15,26.04,8.1,KL-MUV-01
2002-08-16,30.19,29.0,KL-MUV-01
2002-08-17,33.75,25.5,KL-MUV-01
2002-08-18,34.4,1.5,KL-MUV-01
2002-08-19,32.27,3.7,KL-MUV-01
2002-08-20,30.41,2.9,KL-MUV-01
2002-08-21,28.72,3.7,KL-MUV-01
2002-08-22,27.25,4.5,KL-MUV-01
2002-08-23,26.04,2.6,KL-MUV-01
2002-08-24,24.82,2.3,KL-MUV-01
2002-08-25,23.49,1.2,KL-MUV-01
2002-08-26,22.07,0.0,KL-MUV-01
2002-08-27,20.78,0.2,KL-MUV-01
2002-08-28,20.09,0.1,KL-MUV-01
2002-08-29,19.37,1.0,KL-MUV-01
2002-08-30,18.54,3.0,KL-MUV-01
2002-08-31,17.62,2.2,KL-MUV-01
2002-09-01,16.74,1.5,KL-MUV-01
2002-09-02,15.94,2.3,KL-MUV-01
2002-09-03,15.22,1.4,KL-MUV-01
2002-09-04,14.63,4.3,KL-MUV-01
2002-09-05,14.03,3.9,KL-MUV-01
2002-09-06,13.52,5.9,KL-MUV-01
2002-09-07,13.13,6.2,KL-MUV-01
2002-09-08,12.8,2.8,KL-MUV-01
2002-09-09,12.43,13.0,KL-MUV-01
2002-09-10,12.87,3.1,KL-MUV-01
2002-09-11,12.52,0.8,KL-MUV-01
2002-09-12,11.88,0.7,KL-MUV-01
2002-09-13,11.33,0.1,KL-MUV-01
2002-09-14,10.75,0.6,KL-MUV-01
2002-09-15,10.35,2.6,KL-MUV-01
2002-09-16,9.94,1.4,KL-MUV-01
2002-09-17,9.52,1.6,KL-MUV-01
2002-09-18,9.09,0.6,KL-MUV-01
2002-09-19,8.66,1.0,KL-MUV-01
2002-09-20,8.27,1.1,KL-MUV-01
2002-09-21,8.06,0.2,KL-MUV-01
2002-09-22,7.71,0.0,KL-MUV-01
2002-09-23,7.34,0.0,KL-MUV-01
2002-09-24,7.0,0.5,KL-MUV-01
2002-09-25,6.67,1.9,KL-MUV-01
2002-09-26,6.41,0.0,KL-MUV-01
2002-09-27,6.14,0.0,KL-MUV-01
2002-09-28,5.97,0.0,KL-MUV-01
2002-09-29,5.87,1.3,KL-MUV-01
2002-09-30,6.1,12.4,KL-MUV-01
2002-10-01,6.46,2.0,KL-MUV-01
2002-10-02,6.93,2.6,KL-MUV-01
2002-10-03,7.02,15.9,KL-MUV-01
2002-10-04,7.57,6.4,KL-MUV-01
2002-10-05,8.55,11.3,KL-MUV-01
2002-10-06,10.07,3.3,KL-MUV-01
2002-10-07,11.47,11.0,KL-MUV-01
2002-10-08,13.39,29.5,KL-MUV-01
2002-10-09,16.82,24.2,KL-MUV-01
2002-10-10,19.23,9.7,KL-MUV-01
2002-10-11,18.77,7.2,KL-MUV-01
2002-10-12,18.01,29.6,KL-MUV-01
2002-10-13,18.36,27.7,KL-MUV-01
2002-10-14,20.73,29.5,KL-MUV-01
2002-10-15,23.89,20.4,KL-MUV-01
2002-10-16,24.06,13.5,KL-MUV-01
2002-10-17,23.77,4.8,KL-MUV-01
2002-10-18,22.71,5.9,KL-MUV-01
2002-10-19,21.59,5.2,KL-MUV-01
2002-10-20,20.73,8.8,KL-MUV-01
2002-10-21,20.83,4.4,KL-MUV-01
2002-10-22,20.18,12.8,KL-MUV-01
2002-10-23,19.94,2.6,KL-MUV-01
2002-10-24,19.37,1.6,KL-MUV-01
2002-10-25,18.91,1.2,KL-MUV-01
2002-10-26,18.45,6.1,KL-MUV-01
2002-10-27,18.01,0.6,KL-MUV-01
2002-10-28,17.11,0.8,KL-MUV-01
2002-10-29,16.26,10.3,KL-MUV-01
2002-10-30,16.02,3.1,KL-MUV-01
2002-10-31,17.45,7.4,KL-MUV-01
2002-11-01,19.84,11.6,KL-MUV-01
2002-11-02,21.08,7.1,KL-MUV-01
2002-11-03,22.82,1.4,KL-MUV-01
2002-11-04,31.58,6.0,KL-MUV-01
2002-11-05,41.76,13.3,KL-MUV-01
2002-11-06,43.26,5.9,KL-MUV-01
2002-11-07,43.87,9.9,KL-MUV-01
2002-11-08,55.75,11.9,KL-MUV-01
2002-11-09,58.84,7.6,KL-MUV-01
2002-11-10,55.89,8.0,KL-MUV-01
2002-11-11,52.21,1.2,KL-MUV-01
2002-11-12,48.2,1.0,KL-MUV-01
2002-11-13,44.6,0.5,KL-MUV-01
2002-11-14,41.66,5.1,KL-MUV-01
2002-11-15,43.06,2.3,KL-MUV-01
2002-11-16,44.29,0.0,KL-MUV-01
2002-11-17,43.46,0.4,KL-MUV-01
2002-11-18,43.87,6.7,KL-MUV-01
2002-11-19,43.26,5.5,KL-MUV-01
2002-11-20,46.97,11.8,KL-MUV-01
2002-11-21,55.89,6.7,KL-MUV-01
2002-11-22,57.48,0.9,KL-MUV-01
2002-11-23,54.08,0.1,KL-MUV-01
2002-11-24,49.82,0.1,KL-MUV-01
2002-11-25,46.1,3.6,KL-MUV-01
2002-11-26,42.95,0.4,KL-MUV-01
2002-11-27,40.5,0.9,KL-MUV-01
2002-11-28,38.08,0.0,KL-MUV-01
2002-11-29,36.15,0.6,KL-MUV-01
2002-11-30,34.65,0.7,KL-MUV-01
2002-12-01,32.73,0.0,KL-MUV-01
2002-12-02,30.7,0.0,KL-MUV-01
2002-12-03,28.79,0.0,KL-MUV-01
2002-12-04,27.05,0.0,KL-MUV-01
2002-12-05,25.49,0.1,KL-MUV-01
2002-12-06,25.79,4.4,KL-MUV-01
2002-12-07,28.38,10.5,KL-MUV-01
2002-12-08,29.41,0.7,KL-MUV-01
2002-12-09,28.65,0.4,KL-MUV-01
2002-12-10,27.25,0.5,KL-MUV-01
2002-12-11,27.91,0.0,KL-MUV-01
2002-12-12,26.42,0.0,KL-MUV-01
2002-12-13,24.76,0.0,KL-MUV-01
2002-12-14,23.32,0.0,KL-MUV-01
2002-12-15,21.91,0.0,KL-MUV-01
2002-12-16,20.73,0.0,KL-MUV-01
2002-12-17,19.7,0.0,KL-MUV-01
2002-12-18,18.63,0.0,KL-MUV-01
2002-12-19,17.54,0.0,KL-MUV-01
2002-12-20,16.58,0.0,KL-MUV-01
2002-12-21,15.63,0.0,KL-MUV-01
2002-12-22,14.81,0.0,KL-MUV-01
2002-12-23,13.96,0.0,KL-MUV-01
2002-12-24,13.19,0.0,KL-MUV-01
2002-12-25,12.46,0.0,KL-MUV-01
2002-12-26,11.79,0.0,KL-MUV-01
2002-12-27,11.16,0.0,KL-MUV-01
2002-12-28,10.59,0.0,KL-MUV-01
2002-12-29,10.12,0.3,KL-MUV-01
2002-12-30,9.99,0.1,KL-MUV-01
2002-12-31,9.62,0.0,KL-MUV-01
2003-01-01,9.19,0.0,KL-MUV-01
2003-01-02,8.73,0.0,KL-MUV-01
2003-01-03,8.35,0.0,KL-MUV-01
2003-01-04,7.95,0.0,KL-MUV-01
2003-01-05,7.57,0.0,KL-MUV-01
2003-01-06,7.22,0.0,KL-MUV-01
2003-01-07,6.89,0.0,KL-MUV-01
2003-01-08,6.62,0.0,KL-MUV-01
2003-01-09,6.38,0.0,KL-MUV-01
2003-01-10,6.59,3.1,KL-MUV-01
2003-01-11,6.43,0.9,KL-MUV-01
2003-01-12,6.24,0.0,KL-MUV-01
2003-01-13,6.08,0.0,KL-MUV-01
2003-01-14,5.82,0.0,KL-MUV-01
2003-01-15,5.58,0.0,KL-MUV-01
2003-01-16,5.34,0.0,KL-MUV-01
2003-01-17,5.14,0.0,KL-MUV-01
2003-01-18,5.05,0.0,KL-MUV-01
2003-01-19,4.86,0.0,KL-MUV-01
2003-01-20,4.71,0.0,KL-MUV-01
2003-01-21,4.71,0.0,KL-MUV-01
2003-01-22,4.6,0.0,KL-MUV-01
2003-01-23,4.43,0.0,KL-MUV-01
2003-01-24,4.3,0.0,KL-MUV-01
2003-01-25,4.15,0.0,KL-MUV-01
2003-01-26,4.06,0.0,KL-MUV-01
2003-01-27,4.01,0.0,KL-MUV-01
2003-01-28,3.92,0.0,KL-MUV-01
2003-01-29,3.83,0.0,KL-MUV-01
2003-01-30,3.75,0.0,KL-MUV-01
2003-01-31,3.83,0.0,KL-MUV-01
2003-02-01,3.81,0.6,KL-MUV-01
2003-02-02,3.83,0.0,KL-MUV-01
2003-02-03,3.83,0.6,KL-MUV-01
2003-02-04,3.81,0.7,KL-MUV-01
2003-02-05,3.81,0.0,KL-MUV-01
2003-02-06,3.8,0.0,KL-MUV-01
2003-02-07,3.81,1.7,KL-MUV-01
2003-02-08,3.76,0.0,KL-MUV-01
2003-02-09,3.73,0.0,KL-MUV-01
2003-02-10,3.67,0.0,KL-MUV-01
2003-02-11,3.62,0.0,KL-MUV-01
2003-02-12,3.62,0.1,KL-MUV-01
2003-02-13,3.81,1.8,KL-MUV-01
2003-02-14,4.13,1.1,KL-MUV-01
2003-02-15,4.19,0.1,KL-MUV-01
2003-02-16,4.11,0.0,KL-MUV-01
2003-02-17,4.05,0.0,KL-MUV-01
2003-02-18,3.95,0.0,KL-MUV-01
2003-02-19,3.84,0.0,KL-MUV-01
2003-02-20,3.76,0.0,KL-MUV-01
2003-02-21,3.7,0.0,KL-MUV-01
2003-02-22,3.66,0.0,KL-MUV-01
2003-02-23,3.62,0.7,KL-MUV-01
2003-02-24,3.59,0.6,KL-MUV-01
2003-02-25,3.67,5.2,KL-MUV-01
2003-02-26,4.06,6.0,KL-MUV-01
2003-02-27,4.19,0.0,KL-MUV-01
2003-02-28,4.08,1.5,KL-MUV-01
2003-03-01,4.0,0.1,KL-MUV-01
2003-03-02,3.94,0.0,KL-MUV-01
2003-03-03,3.91,0.0,KL-MUV-01
2003-03-04,3.83,0.0,KL-MUV-01
2003-03-05,3.79,0.0,KL-MUV-01
2003-03-06,3.72,0.0,KL-MUV-01
2003-03-07,3.67,0.0,KL-MUV-01
2003-03-08,3.62,0.0,KL-MUV-01
2003-03-09,3.58,0.0,KL-MUV-01
2003-03-10,3.53,0.0,KL-MUV-01
2003-03-11,3.53,0.3,KL-MUV-01
2003-03-12,3.53,5.0,KL-MUV-01
2003-03-13,3.59,4.6,KL-MUV-01
2003-03-14,3.75,1.8,KL-MUV-01
2003-03-15,3.97,1.2,KL-MUV-01
2003-03-16,4.0,2.1,KL-MUV-01
2003-03-17,4.04,8.7,KL-MUV-01
2003-03-18,4.13,5.4,KL-MUV-01
2003-03-19,4.6,18.9,KL-MUV-01
2003-03-20,5.65,3.9,KL-MUV-01
2003-03-21,5.87,0.0,KL-MUV-01
2003-03-22,5.78,0.0,KL-MUV-01
2003-03-23,5.53,0.0,KL-MUV-01
2003-03-24,5.28,0.0,KL-MUV-01
2003-03-25,5.03,0.0,KL-MUV-01
2003-03-26,4.81,0.0,KL-MUV-01
2003-03-27,4.66,1.0,KL-MUV-01
2003-03-28,4.66,1.7,KL-MUV-01
2003-03-29,4.85,0.0,KL-MUV-01
2003-03-30,4.81,2.2,KL-MUV-01
2003-03-31,4.71,2.1,KL-MUV-01
2003-04-01,4.6,0.4,KL-MUV-01
2003-04-02,4.5,6.1,KL-MUV-01
2003-04-03,4.53,14.7,KL-MUV-01
2003-04-04,4.69,8.0,KL-MUV-01
2003-04-05,4.75,0.0,KL-MUV-01
2003-04-06,4.71,4.3,KL-MUV-01
2003-04-07,5.03,0.2,KL-MUV-01
2003-04-08,5.12,0.5,KL-MUV-01
2003-04-09,5.12,0.1,KL-MUV-01
2003-04-10,5.03,2.1,KL-MUV-01
2003-04-11,4.94,0.2,KL-MUV-01
2003-04-12,4.94,0.1,KL-MUV-01
2003-04-13,4.85,0.7,KL-MUV-01
2003-04-14,4.81,0.0,KL-MUV-01
2003-04-15,4.71,0.9,KL-MUV-01
2003-04-16,4.6,0.0,KL-MUV-01
2003-04-17,4.53,0.5,KL-MUV-01
2003-04-18,4.5,1.5,KL-MUV-01
2003-04-19,4.5,11.2,KL-MUV-01
2003-04-20,4.71,11.0,KL-MUV-01
2003-04-21,4.9,1.9,KL-MUV-01
2003-04-22,5.03,7.2,KL-MUV-01
2003-04-23,5.15,0.8,KL-MUV-01
2003-04-24,5.28,0.1,KL-MUV-01
2003-04-25,5.37,3.0,KL-MUV-01
2003-04-26,5.47,0.0,KL-MUV-01
2003-04-27,5.34,0.5,KL-MUV-01
2003-04-28,5.44,3.7,KL-MUV-01
2003-04-29,5.87,19.1,KL-MUV-01
2003-04-30,7.28,4.0,KL-MUV-01
2003-05-01,8.75,2.9,KL-MUV-01
2003-05-02,9.94,1.0,KL-MUV-01
2003-05-03,10.51,14.6,KL-MUV-01
2003-05-04,10.91,12.7,KL-MUV-01
2003-05-05,11.76,16.8,KL-MUV-01
2003-05-06,12.18,5.2,KL-MUV-01
2003-05-07,12.03,3.5,KL-MUV-01
2003-05-08,11.45,2.5,KL-MUV-01
2003-05-09,10.97,0.8,KL-MUV-01
2003-05-10,10.94,3.5,KL-MUV-01
2003-05-11,10.72,9.5,KL-MUV-01
2003-05-12,11.02,4.2,KL-MUV-01
2003-05-13,10.89,3.2,KL-MUV-01
2003-05-14,10.59,5.9,KL-MUV-01
2003-05-15,10.32,3.8,KL-MUV-01
2003-05-16,10.27,17.4,KL-MUV-01
2003-05-17,11.16,6.9,KL-MUV-01
2003-05-18,11.25,0.0,KL-MUV-01
2003-05-19,10.72,0.1,KL-MUV-01
2003-05-20,10.12,0.5,KL-MUV-01
2003-05-21,9.59,2.6,KL-MUV-01
2003-05-22,9.21,1.5,KL-MUV-01
2003-05-23,8.77,2.8,KL-MUV-01
2003-05-24,8.35,0.0,KL-MUV-01
2003-05-25,8.06,1.0,KL-MUV-01
2003-05-26,7.99,6.9,KL-MUV-01
2003-05-27,8.57,17.9,KL-MUV-01
2003-05-28,8.91,6.0,KL-MUV-01
2003-05-29,9.12,7.2,KL-MUV-01
2003-05-30,9.26,2.1,KL-MUV-01
2003-05-31,8.89,0.2,KL-MUV-01
2003-06-01,8.44,1.9,KL-MUV-01
2003-06-02,8.31,0.2,KL-MUV-01
2003-06-03,8.04,9.7,KL-MUV-01
2003-06-04,8.29,5.8,KL-MUV-01
2003-06-05,8.23,5.1,KL-MUV-01
2003-06-06,8.38,9.1,KL-MUV-01
2003-06-07,8.73,11.8,KL-MUV-01
2003-06-08,9.5,27.7,KL-MUV-01
2003-06-09,10.61,8.4,KL-MUV-01
2003-06-10,10.91,2.0,KL-MUV-01
2003-06-11,10.75,4.7,KL-MUV-01
2003-06-12,10.59,17.5,KL-MUV-01
2003-06-13,11.88,34.7,KL-MUV-01
2003-06-14,14.45,23.5,KL-MUV-01
2003-06-15,16.54,16.9,KL-MUV-01
2003-06-16,22.17,50.9,KL-MUV-01
2003-06-17,31.73,47.8,KL-MUV-01
2003-06-18,40.78,49.3,KL-MUV-01
2003-06-19,43.87,25.6,KL-MUV-01
2003-06-20,44.92,28.7,KL-MUV-01
2003-06-21,54.72,61.1,KL-MUV-01
2003-06-22,61.09,29.3,KL-MUV-01
2003-06-23,60.09,21.9,KL-MUV-01
2003-06-24,59.95,33.7,KL-MUV-01
2003-06-25,58.7,8.1,KL-MUV-01
2003-06-26,54.46,5.6,KL-MUV-01
2003-06-27,50.52,4.7,KL-MUV-01
2003-06-28,47.19,14.1,KL-MUV-01
2003-06-29,44.6,8.4,KL-MUV-01
2003-06-30,43.16,16.6,KL-MUV-01
2003-07-01,41.56,37.3,KL-MUV-01
2003-07-02,41.85,31.0,KL-MUV-01
2003-07-03,42.15,21.2,KL-MUV-01
2003-07-04,45.99,62.4,KL-MUV-01
2003-07-05,57.21,57.1,KL-MUV-01
2003-07-06,58.57,16.4,KL-MUV-01
2003-07-07,54.46,2.7,KL-MUV-01
2003-07-08,50.05,19.0,KL-MUV-01
2003-07-09,47.75,12.0,KL-MUV-01
2003-07-10,45.45,4.1,KL-MUV-01
2003-07-11,43.26,28.1,KL-MUV-01
2003-07-12,42.95,9.1,KL-MUV-01
2003-07-13,47.64,53.9,KL-MUV-01
2003-07-14,50.64,37.8,KL-MUV-01
2003-07-15,49.7,22.0,KL-MUV-01
2003-07-16,48.43,13.4,KL-MUV-01
2003-07-17,46.32,9.4,KL-MUV-01
2003-07-18,43.67,10.3,KL-MUV-01
2003-07-19,41.36,1.6,KL-MUV-01
2003-07-20,38.9,1.6,KL-MUV-01
2003-07-21,36.58,5.3,KL-MUV-01
2003-07-22,35.06,5.2,KL-MUV-01
2003-07-23,34.08,27.5,KL-MUV-01
2003-07-24,33.99,6.0,KL-MUV-01
2003-07-25,32.73,12.0,KL-MUV-01
2003-07-26,31.51,18.7,KL-MUV-01
2003-07-27,30.48,7.7,KL-MUV-01
2003-07-28,29.48,19.1,KL-MUV-01
2003-07-29,28.85,2.0,KL-MUV-01
2003-07-30,27.64,8.9,KL-MUV-01
2003-07-31,27.18,16.3,KL-MUV-01
2003-08-01,26.99,7.0,KL-MUV-01
2003-08-02,26.16,6.0,KL-MUV-01
2003-08-03,24.94,6.4,KL-MUV-01
2003-08-04,24.29,8.1,KL-MUV-01
2003-08-05,23.38,4.2,KL-MUV-01
2003-08-06,22.55,7.0,KL-MUV-01
2003-08-07,22.23,4.9,KL-MUV-01
2003-08-08,21.75,9.6,KL-MUV-01
2003-08-09,21.28,6.6,KL-MUV-01
2003-08-10,20.43,1.6,KL-MUV-01
2003-08-11,19.32,2.1,KL-MUV-01
2003-08-12,18.68,6.1,KL-MUV-01
2003-08-13,18.41,5.9,KL-MUV-01
2003-08-14,18.19,8.9,KL-MUV-01
2003-08-15,17.66,8.7,KL-MUV-01
2003-08-16,17.32,11.4,KL-MUV-01
2003-08-17,16.95,13.4,KL-MUV-01
2003-08-18,16.62,2.7,KL-MUV-01
2003-08-19,16.3,4.8,KL-MUV-01
2003-08-20,15.67,8.1,KL-MUV-01
2003-08-21,15.37,8.5,KL-MUV-01
2003-08-22,15.83,22.9,KL-MUV-01
2003-08-23,18.72,18.2,KL-MUV-01
2003-08-24,20.93,7.0,KL-MUV-01
2003-08-25,20.78,3.9,KL-MUV-01
2003-08-26,19.94,7.4,KL-MUV-01
2003-08-27,19.18,17.0,KL-MUV-01
2003-08-28,18.72,0.7,KL-MUV-01
2003-08-29,17.88,3.6,KL-MUV-01
2003-08-30,17.03,10.1,KL-MUV-01
2003-08-31,16.74,28.5,KL-MUV-01
2003-09-01,18.41,15.6,KL-MUV-01
2003-09-02,18.91,12.2,KL-MUV-01
2003-09-03,18.63,10.8,KL-MUV-01
2003-09-04,18.05,1.1,KL-MUV-01
2003-09-05,17.41,4.0,KL-MUV-01
2003-09-06,16.66,7.8,KL-MUV-01
2003-09-07,16.06,1.9,KL-MUV-01
2003-09-08,15.41,1.8,KL-MUV-01
2003-09-09,14.7,3.3,KL-MUV-01
2003-09-10,14.24,7.4,KL-MUV-01
2003-09-11,13.93,2.3,KL-MUV-01
2003-09-12,13.35,1.9,KL-MUV-01
2003-09-13,12.71,3.1,KL-MUV-01
2003-09-14,12.24,6.1,KL-MUV-01
2003-09-15,11.82,5.7,KL-MUV-01
2003-09-16,11.42,5.5,KL-MUV-01
2003-09-17,11.19,9.1,KL-MUV-01
2003-09-18,10.97,6.0,KL-MUV-01
2003-09-19,10.8,5.1,KL-MUV-01
2003-09-20,10.64,0.0,KL-MUV-01
2003-09-21,10.14,1.4,KL-MUV-01
2003-09-22,9.62,0.1,KL-MUV-01
2003-09-23,9.12,1.2,KL-MUV-01
2003-09-24,8.77,1.3,KL-MUV-01
2003-09-25,8.44,4.2,KL-MUV-01
2003-09-26,8.4,8.3,KL-MUV-01
2003-09-27,8.31,2.8,KL-MUV-01
2003-09-28,8.16,2.3,KL-MUV-01
2003-09-29,7.89,3.9,KL-MUV-01
2003-09-30,7.95,25.7,KL-MUV-01
2003-10-01,10.67,24.6,KL-MUV-01
2003-10-02,14.1,42.5,KL-MUV-01
2003-10-03,17.45,25.2,KL-MUV-01
2003-10-04,20.13,6.2,KL-MUV-01
2003-10-05,19.84,28.0,KL-MUV-01
2003-10-06,21.54,27.1,KL-MUV-01
2003-10-07,26.42,36.9,KL-MUV-01
2003-10-08,30.19,6.7,KL-MUV-01
2003-10-09,29.27,2.8,KL-MUV-01
2003-10-10,27.31,2.2,KL-MUV-01
2003-10-11,25.49,2.4,KL-MUV-01
2003-10-12,24.47,15.9,KL-MUV-01
2003-10-13,26.1,7.3,KL-MUV-01
2003-10-14,26.23,3.1,KL-MUV-01
2003-10-15,25.42,8.3,KL-MUV-01
2003-10-16,25.67,5.7,KL-MUV-01
2003-10-17,25.61,12.8,KL-MUV-01
2003-10-18,25.12,18.1,KL-MUV-01
2003-10-19,24.59,17.8,KL-MUV-01
2003-10-20,24.29,17.7,KL-MUV-01
2003-10-21,24.06,9.4,KL-MUV-01
2003-10-22,23.43,8.6,KL-MUV-01
2003-10-23,22.6,20.0,KL-MUV-01
2003-10-24,22.66,9.8,KL-MUV-01
2003-10-25,22.07,1.0,KL-MUV-01
2003-10-26,20.93,0.0,KL-MUV-01
2003-10-27,19.89,0.2,KL-MUV-01
2003-10-28,18.86,0.7,KL-MUV-01
2003-10-29,18.1,0.1,KL-MUV-01
2003-10-30,17.97,0.5,KL-MUV-01
2003-10-31,18.45,0.5,KL-MUV-01
2003-11-01,19.37,7.6,KL-MUV-01
2003-11-02,19.89,0.0,KL-MUV-01
2003-11-03,19.7,1.7,KL-MUV-01
2003-11-04,21.34,0.0,KL-MUV-01
2003-11-05,23.55,3.8,KL-MUV-01
2003-11-06,30.92,15.4,KL-MUV-01
2003-11-07,37.82,22.8,KL-MUV-01
2003-11-08,40.88,16.2,KL-MUV-01
2003-11-09,41.17,0.4,KL-MUV-01
2003-11-10,40.02,2.5,KL-MUV-01
2003-11-11,39.83,0.5,KL-MUV-01
2003-11-12,37.28,2.7,KL-MUV-01
2003-11-13,35.39,0.0,KL-MUV-01
2003-11-14,35.48,13.2,KL-MUV-01
2003-11-15,37.37,4.4,KL-MUV-01
2003-11-16,36.93,0.5,KL-MUV-01
2003-11-17,36.07,0.0,KL-MUV-01
2003-11-18,34.24,0.1,KL-MUV-01
2003-11-19,32.57,0.0,KL-MUV-01
2003-11-20,30.92,4.7,KL-MUV-01
2003-11-21,30.92,0.2,KL-MUV-01
2003-11-22,31.21,1.7,KL-MUV-01
2003-11-23,31.96,11.5,KL-MUV-01
2003-11-24,32.96,0.0,KL-MUV-01
2003-11-25,31.14,0.0,KL-MUV-01
2003-11-26,29.27,0.3,KL-MUV-01
2003-11-27,29.2,0.0,KL-MUV-01
2003-11-28,28.11,7.4,KL-MUV-01
2003-11-29,28.65,5.7,KL-MUV-01
2003-11-30,28.31,0.6,KL-MUV-01
2003-12-01,27.97,0.0,KL-MUV-01
2003-12-02,26.73,0.0,KL-MUV-01
2003-12-03,25.18,0.2,KL-MUV-01
2003-12-04,24.06,0.0,KL-MUV-01
2003-12-05,22.71,0.0,KL-MUV-01
2003-12-06,21.49,0.0,KL-MUV-01
2003-12-07,20.38,0.0,KL-MUV-01
2003-12-08,19.23,0.0,KL-MUV-01
2003-12-09,18.14,0.0,KL-MUV-01
2003-12-10,17.2,0.0,KL-MUV-01
2003-12-11,16.3,0.0,KL-MUV-01
2003-12-12,15.37,0.0,KL-MUV-01
2003-12-13,14.52,0.0,KL-MUV-01
2003-12-14,13.72,0.0,KL-MUV-01
2003-12-15,13.09,0.0,KL-MUV-01
2003-12-16,12.37,0.0,KL-MUV-01
2003-12-17,11.71,0.0,KL-MUV-01
2003-12-18,11.13,0.0,KL-MUV-01
2003-12-19,10.64,0.6,KL-MUV-01
2003-12-20,10.38,0.1,KL-MUV-01
2003-12-21,10.32,0.0,KL-MUV-01
2003-12-22,9.86,0.0,KL-MUV-01
2003-12-23,9.35,0.0,KL-MUV-01
2003-12-24,8.89,0.0,KL-MUV-01
2003-12-25,8.46,0.0,KL-MUV-01
2003-12-26,8.04,0.0,KL-MUV-01
2003-12-27,7.71,0.0,KL-MUV-01
2003-12-28,7.38,0.1,KL-MUV-01
2003-12-29,7.04,0.0,KL-MUV-01
2003-12-30,6.73,0.0,KL-MUV-01
2003-12-31,6.41,0.0,KL-MUV-01
2004-01-01,6.18,0.0,KL-MUV-01
2004-01-02,5.9,0.4,KL-MUV-01
2004-01-03,5.67,0.0,KL-MUV-01
2004-01-04,5.49,0.2,KL-MUV-01
2004-01-05,5.35,2.1,KL-MUV-01
2004-01-06,5.25,0.5,KL-MUV-01
2004-01-07,5.12,0.1,KL-MUV-01
2004-01-08,4.96,0.0,KL-MUV-01
2004-01-09,4.78,0.0,KL-MUV-01
2004-01-10,4.62,0.0,KL-MUV-01
2004-01-11,4.18,0.0,KL-MUV-01
2004-01-12,3.97,0.0,KL-MUV-01
2004-01-13,3.81,0.0,KL-MUV-01
2004-01-14,3.7,0.0,KL-MUV-01
2004-01-15,3.61,0.0,KL-MUV-01
2004-01-16,3.53,0.0,KL-MUV-01
2004-01-17,3.46,0.0,KL-MUV-01
2004-01-18,3.4,0.0,KL-MUV-01
2004-01-19,3.33,0.0,KL-MUV-01
2004-01-20,3.29,0.0,KL-MUV-01
2004-01-21,3.4,0.0,KL-MUV-01
2004-01-22,3.46,1.5,KL-MUV-01
2004-01-23,3.46,0.0,KL-MUV-01
2004-01-24,3.43,0.0,KL-MUV-01
2004-01-25,3.41,1.4,KL-MUV-01
2004-01-26,3.41,0.1,KL-MUV-01
2004-01-27,3.4,0.0,KL-MUV-01
2004-01-28,3.38,0.2,KL-MUV-01
2004-01-29,3.38,1.6,KL-MUV-01
2004-01-30,3.38,1.7,KL-MUV-01
2004-01-31,3.5,0.7,KL-MUV-01
2004-02-01,3.53,0.0,KL-MUV-01
2004-02-02,3.53,0.0,KL-MUV-01
2004-02-03,3.52,0.0,KL-MUV-01
2004-02-04,3.5,0.0,KL-MUV-01
2004-02-05,3.5,0.0,KL-MUV-01
2004-02-06,3.49,0.0,KL-MUV-01
2004-02-07,3.49,0.0,KL-MUV-01
2004-02-08,3.5,0.3,KL-MUV-01
2004-02-09,3.56,0.3,KL-MUV-01
2004-02-10,3.55,1.4,KL-MUV-01
2004-02-11,3.52,0.9,KL-MUV-01
2004-02-12,3.49,0.0,KL-MUV-01
2004-02-13,3.49,0.1,KL-MUV-01
2004-02-14,3.47,0.0,KL-MUV-01
2004-02-15,3.47,0.0,KL-MUV-01
2004-02-16,3.46,0.0,KL-MUV-01
2004-02-17,3.46,0.0,KL-MUV-01
2004-02-18,3.46,0.0,KL-MUV-01
2004-02-19,3.44,0.1,KL-MUV-01
2004-02-20,3.44,0.0,KL-MUV-01
2004-02-21,3.46,0.0,KL-MUV-01
2004-02-22,3.47,0.2,KL-MUV-01
2004-02-23,3.47,0.0,KL-MUV-01
2004-02-24,3.44,0.0,KL-MUV-01
2004-02-25,3.41,0.0,KL-MUV-01
2004-02-26,3.41,0.0,KL-MUV-01
2004-02-27,3.41,0.0,KL-MUV-01
2004-02-28,3.41,0.0,KL-MUV-01
2004-02-29,3.38,0.0,KL-MUV-01
2004-03-01,3.38,0.0,KL-MUV-01
2004-03-02,3.38,0.0,KL-MUV-01
2004-03-03,3.38,0.0,KL-MUV-01
2004-03-04,3.38,0.0,KL-MUV-01
2004-03-05,3.38,0.0,KL-MUV-01
2004-03-06,3.35,0.0,KL-MUV-01
2004-03-07,3.35,0.0,KL-MUV-01
2004-03-08,3.35,0.0,KL-MUV-01
2004-03-09,3.35,0.0,KL-MUV-01
2004-03-10,3.35,0.0,KL-MUV-01
2004-03-11,3.35,0.0,KL-MUV-01
2004-03-12,3.35,0.0,KL-MUV-01
2004-03-13,3.32,0.0,KL-MUV-01
2004-03-14,3.32,0.0,KL-MUV-01
2004-03-15,3.35,0.0,KL-MUV-01
2004-03-16,3.32,0.0,KL-MUV-01
2004-03-17,3.35,0.1,KL-MUV-01
2004-03-18,3.35,0.0,KL-MUV-01
2004-03-19,3.35,0.0,KL-MUV-01
2004-03-20,3.35,0.0,KL-MUV-01
2004-03-21,3.35,0.0,KL-MUV-01
2004-03-22,3.32,0.9,KL-MUV-01
2004-03-23,3.38,4.6,KL-MUV-01
2004-03-24,3.44,2.4,KL-MUV-01
2004-03-25,3.47,0.8,KL-MUV-01
2004-03-26,3.44,2.5,KL-MUV-01
2004-03-27,3.5,8.8,KL-MUV-01
2004-03-28,3.59,15.7,KL-MUV-01
2004-03-29,3.59,3.7,KL-MUV-01
2004-03-30,3.53,1.7,KL-MUV-01
2004-03-31,3.53,2.0,KL-MUV-01
2004-04-01,3.5,0.7,KL-MUV-01
2004-04-02,3.5,5.3,KL-MUV-01
2004-04-03,3.56,18.8,KL-MUV-01
2004-04-04,3.62,8.5,KL-MUV-01
2004-04-05,3.69,8.9,KL-MUV-01
2004-04-06,3.79,5.4,KL-MUV-01
2004-04-07,3.79,7.8,KL-MUV-01
2004-04-08,3.75,6.5,KL-MUV-01
2004-04-09,3.72,1.8,KL-MUV-01
2004-04-10,3.72,0.0,KL-MUV-01
2004-04-11,3.69,0.9,KL-MUV-01
2004-04-12,3.81,16.2,KL-MUV-01
2004-04-13,4.06,6.0,KL-MUV-01
2004-04-14,4.28,1.7,KL-MUV-01
2004-04-15,4.35,2.4,KL-MUV-01
2004-04-16,4.31,4.0,KL-MUV-01
2004-04-17,4.25,0.0,KL-MUV-01
2004-04-18,4.13,0.5,KL-MUV-01
2004-04-19,4.04,0.0,KL-MUV-01
2004-04-20,3.94,3.2,KL-MUV-01
2004-04-21,3.88,3.4,KL-MUV-01
2004-04-22,3.88,0.6,KL-MUV-01
2004-04-23,3.88,8.8,KL-MUV-01
2004-04-24,4.04,6.2,KL-MUV-01
2004-04-25,4.15,18.6,KL-MUV-01
2004-04-26,4.37,11.4,KL-MUV-01
2004-04-27,4.6,7.4,KL-MUV-01
2004-04-28,4.78,3.4,KL-MUV-01
2004-04-29,5.15,15.9,KL-MUV-01
2004-04-30,5.87,4.5,KL-MUV-01
2004-05-01,6.53,8.4,KL-MUV-01
2004-05-02,7.57,19.8,KL-MUV-01
2004-05-03,10.09,11.7,KL-MUV-01
2004-05-04,12.55,31.7,KL-MUV-01
2004-05-05,14.31,34.7,KL-MUV-01
2004-05-06,23.6,59.3,KL-MUV-01
2004-05-07,29.48,32.6,KL-MUV-01
2004-05-08,30.62,2.9,KL-MUV-01
2004-05-09,28.17,2.0,KL-MUV-01
2004-05-10,25.85,2.1,KL-MUV-01
2004-05-11,24.06,1.8,KL-MUV-01
2004-05-12,22.39,0.9,KL-MUV-01
2004-05-13,20.83,0.8,KL-MUV-01
2004-05-14,19.51,10.2,KL-MUV-01
2004-05-15,18.82,26.0,KL-MUV-01
2004-05-16,18.59,11.1,KL-MUV-01
2004-05-17,18.05,19.1,KL-MUV-01
2004-05-18,18.36,27.0,KL-MUV-01
2004-05-19,20.53,5.7,KL-MUV-01
2004-05-20,21.03,22.2,KL-MUV-01
2004-05-21,22.07,11.1,KL-MUV-01
2004-05-22,21.86,8.8,KL-MUV-01
2004-05-23,21.18,25.5,KL-MUV-01
2004-05-24,20.98,16.9,KL-MUV-01
2004-05-25,20.43,14.2,KL-MUV-01
2004-05-26,20.13,20.1,KL-MUV-01
2004-05-27,20.98,8.9,KL-MUV-01
2004-05-28,21.8,15.6,KL-MUV-01
2004-05-29,22.33,12.5,KL-MUV-01
2004-05-30,22.88,10.0,KL-MUV-01
2004-05-31,22.66,5.5,KL-MUV-01
2004-06-01,21.7,6.4,KL-MUV-01
2004-06-02,20.83,13.2,KL-MUV-01
2004-06-03,20.33,18.0,KL-MUV-01
2004-06-04,20.33,16.2,KL-MUV-01
2004-06-05,22.6,23.7,KL-MUV-01
2004-06-06,25.79,21.7,KL-MUV-01
2004-06-07,33.04,65.9,KL-MUV-01
2004-06-08,37.73,35.6,KL-MUV-01
2004-06-09,45.99,49.7,KL-MUV-01
2004-06-10,48.43,24.6,KL-MUV-01
2004-06-11,47.19,16.6,KL-MUV-01
2004-06-12,50.52,19.1,KL-MUV-01
2004-06-13,61.23,27.4,KL-MUV-01
2004-06-14,65.68,17.8,KL-MUV-01
2004-06-15,66.61,18.9,KL-MUV-01
2004-06-16,66.76,27.5,KL-MUV-01
2004-06-17,68.34,16.9,KL-MUV-01
2004-06-18,66.92,5.9,KL-MUV-01
2004-06-19,63.71,3.4,KL-MUV-01
2004-06-20,59.95,3.1,KL-MUV-01
2004-06-21,56.02,4.1,KL-MUV-01
2004-06-22,52.21,3.2,KL-MUV-01
2004-06-23,48.77,3.5,KL-MUV-01
2004-06-24,45.67,2.9,KL-MUV-01
2004-06-25,42.85,2.5,KL-MUV-01
2004-06-26,40.21,2.2,KL-MUV-01
2004-06-27,37.99,5.5,KL-MUV-01
2004-06-28,36.41,14.8,KL-MUV-01
2004-06-29,36.41,19.9,KL-MUV-01
2004-06-30,36.07,5.6,KL-MUV-01
2004-07-01,34.73,8.4,KL-MUV-01
2004-07-02,33.67,4.3,KL-MUV-01
2004-07-03,32.81,13.5,KL-MUV-01
2004-07-04,32.81,10.4,KL-MUV-01
2004-07-05,31.89,6.2,KL-MUV-01
2004-07-06,30.33,11.3,KL-MUV-01
2004-07-07,29.62,7.4,KL-MUV-01
2004-07-08,28.99,14.0,KL-MUV-01
2004-07-09,28.92,19.0,KL-MUV-01
2004-07-10,29.83,25.7,KL-MUV-01
2004-07-11,30.33,18.6,KL-MUV-01
2004-07-12,29.97,9.3,KL-MUV-01
2004-07-13,29.2,4.8,KL-MUV-01
2004-07-14,28.04,4.8,KL-MUV-01
2004-07-15,29.62,34.9,KL-MUV-01
2004-07-16,33.2,26.0,KL-MUV-01
2004-07-17,34.73,9.6,KL-MUV-01
2004-07-18,34.24,14.4,KL-MUV-01
2004-07-19,34.56,23.4,KL-MUV-01
2004-07-20,34.81,12.8,KL-MUV-01
2004-07-21,34.08,14.4,KL-MUV-01
2004-07-22,33.12,9.4,KL-MUV-01
2004-07-23,31.73,4.4,KL-MUV-01
2004-07-24,30.41,10.9,KL-MUV-01
2004-07-25,30.19,3.9,KL-MUV-01
2004-07-26,29.13,12.7,KL-MUV-01
2004-07-27,28.58,5.5,KL-MUV-01
2004-07-28,27.51,5.9,KL-MUV-01
2004-07-29,26.93,17.5,KL-MUV-01
2004-07-30,26.86,3.1,KL-MUV-01
2004-07-31,25.55,1.9,KL-MUV-01
2004-08-01,24.18,2.3,KL-MUV-01
2004-08-02,22.99,9.1,KL-MUV-01
2004-08-03,25.0,31.9,KL-MUV-01
2004-08-04,35.39,33.8,KL-MUV-01
2004-08-05,43.46,19.0,KL-MUV-01
2004-08-06,48.77,27.7,KL-MUV-01
2004-08-07,48.43,11.2,KL-MUV-01
2004-08-08,45.03,2.1,KL-MUV-01
2004-08-09,41.36,0.1,KL-MUV-01
2004-08-10,38.08,1.2,KL-MUV-01
2004-08-11,35.31,4.2,KL-MUV-01
2004-08-12,32.96,6.0,KL-MUV-01
2004-08-13,31.06,10.3,KL-MUV-01
2004-08-14,29.9,21.7,KL-MUV-01
2004-08-15,30.26,13.8,KL-MUV-01
2004-08-16,29.48,21.5,KL-MUV-01
2004-08-17,29.55,14.0,KL-MUV-01
2004-08-18,28.31,22.3,KL-MUV-01
2004-08-19,28.38,19.4,KL-MUV-01
2004-08-20,29.55,10.6,KL-MUV-01
2004-08-21,28.85,3.9,KL-MUV-01
2004-08-22,27.64,1.3,KL-MUV-01
2004-08-23,26.16,2.7,KL-MUV-01
2004-08-24,24.82,1.9,KL-MUV-01
2004-08-25,23.55,0.2,KL-MUV-01
2004-08-26,22.23,1.2,KL-MUV-01
2004-08-27,21.28,0.8,KL-MUV-01
2004-08-28,20.43,1.8,KL-MUV-01
2004-08-29,19.37,1.3,KL-MUV-01
2004-08-30,18.41,0.8,KL-MUV-01
2004-08-31,17.75,1.6,KL-MUV-01
2004-09-01,16.78,1.1,KL-MUV-01
2004-09-02,15.87,0.0,KL-MUV-01
2004-09-03,15.07,0.6,KL-MUV-01
2004-09-04,14.49,1.0,KL-MUV-01
2004-09-05,13.76,9.1,KL-MUV-01
2004-09-06,13.42,22.3,KL-MUV-01
2004-09-07,13.42,10.1,KL-MUV-01
2004-09-08,13.19,16.1,KL-MUV-01
2004-09-09,13.06,9.3,KL-MUV-01
2004-09-10,12.9,18.0,KL-MUV-01
2004-09-11,13.32,13.1,KL-MUV-01
2004-09-12,13.55,10.2,KL-MUV-01
2004-09-13,13.26,1.3,KL-MUV-01
2004-09-14,12.93,10.2,KL-MUV-01
2004-09-15,12.8,16.9,KL-MUV-01
2004-09-16,12.9,1.8,KL-MUV-01
2004-09-17,12.52,13.0,KL-MUV-01
2004-09-18,13.35,6.6,KL-MUV-01
2004-09-19,13.69,13.8,KL-MUV-01
2004-09-20,14.03,0.7,KL-MUV-01
2004-09-21,13.49,1.5,KL-MUV-01
2004-09-22,12.93,1.0,KL-MUV-01
2004-09-23,12.37,5.2,KL-MUV-01
2004-09-24,12.27,14.0,KL-MUV-01
2004-09-25,14.38,2.9,KL-MUV-01
2004-09-26,16.06,1.4,KL-MUV-01
2004-09-27,21.28,33.1,KL-MUV-01
2004-09-28,25.36,12.5,KL-MUV-01
2004-09-29,24.64,3.1,KL-MUV-01
2004-09-30,22.93,1.5,KL-MUV-01
2004-10-01,21.54,5.6,KL-MUV-01
2004-10-02,20.48,20.1,KL-MUV-01
2004-10-03,24.0,44.1,KL-MUV-01
2004-10-04,27.58,30.9,KL-MUV-01
2004-10-05,28.99,6.1,KL-MUV-01
2004-10-06,27.64,1.7,KL-MUV-01
2004-10-07,26.04,0.0,KL-MUV-01
2004-10-08,24.29,1.2,KL-MUV-01
2004-10-09,22.77,1.8,KL-MUV-01
2004-10-10,22.07,5.0,KL-MUV-01
2004-10-11,21.65,4.5,KL-MUV-01
2004-10-12,21.44,3.0,KL-MUV-01
2004-10-13,21.75,13.7,KL-MUV-01
2004-10-14,23.89,11.9,KL-MUV-01
2004-10-15,25.61,7.4,KL-MUV-01
2004-10-16,25.92,6.7,KL-MUV-01
2004-10-17,26.04,12.7,KL-MUV-01
2004-10-18,28.38,5.0,KL-MUV-01
2004-10-19,35.48,17.0,KL-MUV-01
2004-10-20,39.55,6.0,KL-MUV-01
2004-10-21,41.85,11.0,KL-MUV-01
2004-10-22,43.16,2.2,KL-MUV-01
2004-10-23,42.75,5.0,KL-MUV-01
2004-10-24,42.95,0.3,KL-MUV-01
2004-10-25,40.78,4.7,KL-MUV-01
2004-10-26,42.65,14.0,KL-MUV-01
2004-10-27,46.97,13.8,KL-MUV-01
2004-10-28,49.58,11.5,KL-MUV-01
2004-10-29,49.7,10.2,KL-MUV-01
2004-10-30,49.23,8.1,KL-MUV-01
2004-10-31,49.12,15.6,KL-MUV-01
2004-11-01,48.55,3.9,KL-MUV-01
2004-11-02,48.09,0.4,KL-MUV-01
2004-11-03,46.97,0.6,KL-MUV-01
2004-11-04,46.64,0.2,KL-MUV-01
2004-11-05,44.92,0.0,KL-MUV-01
2004-11-06,42.45,0.0,KL-MUV-01
2004-11-07,40.02,5.7,KL-MUV-01
2004-11-08,42.75,8.5,KL-MUV-01
2004-11-09,45.99,13.9,KL-MUV-01
2004-11-10,46.86,8.9,KL-MUV-01
2004-11-11,48.43,7.8,KL-MUV-01
2004-11-12,51.24,26.6,KL-MUV-01
2004-11-13,54.21,1.8,KL-MUV-01
2004-11-14,55.49,0.2,KL-MUV-01
2004-11-15,55.23,2.1,KL-MUV-01
2004-11-16,54.46,0.0,KL-MUV-01
2004-11-17,50.88,0.0,KL-MUV-01
2004-11-18,47.53,0.0,KL-MUV-01
2004-11-19,44.92,0.0,KL-MUV-01
2004-11-20,42.65,4.1,KL-MUV-01
2004-11-21,42.75,0.2,KL-MUV-01
2004-11-22,43.26,0.4,KL-MUV-01
2004-11-23,44.71,7.6,KL-MUV-01
2004-11-24,43.98,11.5,KL-MUV-01
2004-11-25,43.57,1.1,KL-MUV-01
2004-11-26,43.06,0.0,KL-MUV-01
2004-11-27,40.5,0.0,KL-MUV-01
2004-11-28,37.82,0.0,KL-MUV-01
2004-11-29,35.48,0.0,KL-MUV-01
2004-11-30,33.2,0.0,KL-MUV-01
2004-12-01,31.14,0.0,KL-MUV-01
2004-12-02,29.55,0.0,KL-MUV-01
2004-12-03,29.13,2.3,KL-MUV-01
2004-12-04,29.41,0.1,KL-MUV-01
2004-12-05,28.11,0.0,KL-MUV-01
2004-12-06,26.67,0.0,KL-MUV-01
2004-12-07,25.55,0.0,KL-MUV-01
2004-12-08,24.18,0.0,KL-MUV-01
2004-12-09,22.71,0.0,KL-MUV-01
2004-12-10,21.49,0.0,KL-MUV-01
2004-12-11,20.28,0.0,KL-MUV-01
2004-12-12,19.09,0.0,KL-MUV-01
2004-12-13,17.97,0.0,KL-MUV-01
2004-12-14,17.24,5.2,KL-MUV-01
2004-12-15,17.37,0.9,KL-MUV-01
2004-12-16,16.74,0.0,KL-MUV-01
2004-12-17,15.79,0.0,KL-MUV-01
2004-12-18,14.92,0.0,KL-MUV-01
2004-12-19,14.07,0.0,KL-MUV-01
2004-12-20,13.32,0.0,KL-MUV-01
2004-12-21,12.58,0.0,KL-MUV-01
2004-12-22,11.94,0.0,KL-MUV-01
2004-12-23,11.36,0.0,KL-MUV-01
2004-12-24,10.8,0.0,KL-MUV-01
2004-12-25,10.25,0.0,KL-MUV-01
2004-12-26,9.72,0.0,KL-MUV-01
2004-12-27,9.23,0.0,KL-MUV-01
2004-12-28,8.77,0.0,KL-MUV-01
2004-12-29,8.57,0.0,KL-MUV-01
2004-12-30,8.18,0.0,KL-MUV-01
2004-12-31,7.79,0.0,KL-MUV-01
2005-01-01,7.57,4.1,KL-MUV-01
2005-01-02,7.97,0.0,KL-MUV-01
2005-01-03,8.04,0.0,KL-MUV-01
2005-01-04,7.83,0.0,KL-MUV-01
2005-01-05,8.31,0.4,KL-MUV-01
2005-01-06,8.57,0.0,KL-MUV-01
2005-01-07,8.35,0.0,KL-MUV-01
2005-01-08,7.97,0.0,KL-MUV-01
2005-01-09,7.63,0.0,KL-MUV-01
2005-01-10,7.26,0.0,KL-MUV-01
2005-01-11,6.66,0.0,KL-MUV-01
2005-01-12,6.28,0.0,KL-MUV-01
2005-01-13,5.97,0.0,KL-MUV-01
2005-01-14,5.68,0.0,KL-MUV-01
2005-01-15,5.43,0.0,KL-MUV-01
2005-01-16,5.19,0.0,KL-MUV-01
2005-01-17,4.98,0.0,KL-MUV-01
2005-01-18,4.78,0.0,KL-MUV-01
2005-01-19,4.57,0.0,KL-MUV-01
2005-01-20,4.42,0.0,KL-MUV-01
2005-01-21,4.4,0.3,KL-MUV-01
2005-01-22,4.31,0.3,KL-MUV-01
2005-01-23,4.2,0.1,KL-MUV-01
2005-01-24,4.13,0.0,KL-MUV-01
2005-01-25,4.14,0.0,KL-MUV-01
2005-01-26,4.05,0.0,KL-MUV-01
2005-01-27,3.99,11.9,KL-MUV-01
2005-01-28,4.36,1.8,KL-MUV-01
2005-01-29,4.5,15.9,KL-MUV-01
2005-01-30,5.35,7.8,KL-MUV-01
2005-01-31,5.68,1.8,KL-MUV-01
2005-02-01,5.68,0.5,KL-MUV-01
2005-02-02,5.62,0.3,KL-MUV-01
2005-02-03,5.56,0.0,KL-MUV-01
2005-02-04,5.55,0.1,KL-MUV-01
2005-02-05,5.44,0.7,KL-MUV-01
2005-02-06,5.28,0.0,KL-MUV-01
2005-02-07,5.14,0.0,KL-MUV-01
2005-02-08,4.96,0.0,KL-MUV-01
2005-02-09,4.77,0.0,KL-MUV-01
2005-02-10,4.6,0.0,KL-MUV-01
2005-02-11,4.43,0.0,KL-MUV-01
2005-02-12,4.28,0.0,KL-MUV-01
2005-02-13,4.15,0.0,KL-MUV-01
2005-02-14,4.05,0.0,KL-MUV-01
2005-02-15,3.95,0.0,KL-MUV-01
2005-02-16,3.86,0.0,KL-MUV-01
2005-02-17,3.8,0.0,KL-MUV-01
2005-02-18,3.73,0.0,KL-MUV-01
2005-02-19,3.69,0.0,KL-MUV-01
2005-02-20,3.62,0.0,KL-MUV-01
2005-02-21,3.56,0.1,KL-MUV-01
2005-02-22,3.53,0.0,KL-MUV-01
2005-02-23,3.53,2.8,KL-MUV-01
2005-02-24,3.56,1.0,KL-MUV-01
2005-02-25,3.56,0.0,KL-MUV-01
2005-02-26,3.56,0.0,KL-MUV-01
2005-02-27,3.5,0.0,KL-MUV-01
2005-02-28,3.47,0.0,KL-MUV-01
2005-03-01,3.47,0.0,KL-MUV-01
2005-03-02,3.44,0.0,KL-MUV-01
2005-03-03,3.41,0.0,KL-MUV-01
2005-03-04,3.41,0.5,KL-MUV-01
2005-03-05,3.41,0.0,KL-MUV-01
2005-03-06,3.44,0.7,KL-MUV-01
2005-03-07,3.5,0.7,KL-MUV-01
2005-03-08,3.5,1.2,KL-MUV-01
2005-03-09,3.47,1.4,KL-MUV-01
2005-03-10,3.44,0.0,KL-MUV-01
2005-03-11,3.44,1.3,KL-MUV-01
2005-03-12,3.47,6.5,KL-MUV-01
2005-03-13,3.5,0.3,KL-MUV-01
2005-03-14,3.53,1.0,KL-MUV-01
2005-03-15,3.56,0.9,KL-MUV-01
2005-03-16,3.56,0.0,KL-MUV-01
2005-03-17,3.5,0.0,KL-MUV-01
2005-03-18,3.47,0.0,KL-MUV-01
2005-03-19,3.44,0.4,KL-MUV-01
2005-03-20,3.44,0.2,KL-MUV-01
2005-03-21,3.41,0.0,KL-MUV-01
2005-03-22,3.41,0.0,KL-MUV-01
2005-03-23,3.41,0.5,KL-MUV-01
2005-03-24,3.38,0.0,KL-MUV-01
2005-03-25,3.38,0.0,KL-MUV-01
2005-03-26,3.38,0.0,KL-MUV-01
2005-03-27,3.38,0.0,KL-MUV-01
2005-03-28,3.41,0.6,KL-MUV-01
2005-03-29,3.41,1.9,KL-MUV-01
2005-03-30,3.44,1.7,KL-MUV-01
2005-03-31,3.47,0.7,KL-MUV-01
2005-04-01,3.53,0.0,KL-MUV-01
2005-04-02,3.75,5.5,KL-MUV-01
2005-04-03,4.31,13.1,KL-MUV-01
2005-04-04,4.97,16.0,KL-MUV-01
2005-04-05,5.87,13.4,KL-MUV-01
2005-04-06,6.43,8.1,KL-MUV-01
2005-04-07,6.46,12.3,KL-MUV-01
2005-04-08,6.35,10.6,KL-MUV-01
2005-04-09,6.35,2.9,KL-MUV-01
2005-04-10,6.28,9.1,KL-MUV-01
2005-04-11,6.46,10.1,KL-MUV-01
2005-04-12,6.94,4.3,KL-MUV-01
2005-04-13,7.0,1.4,KL-MUV-01
2005-04-14,7.05,0.7,KL-MUV-01
2005-04-15,7.09,0.1,KL-MUV-01
2005-04-16,6.94,0.1,KL-MUV-01
2005-04-17,6.73,0.0,KL-MUV-01
2005-04-18,6.66,1.3,KL-MUV-01
2005-04-19,6.94,1.0,KL-MUV-01
2005-04-20,6.96,2.1,KL-MUV-01
2005-04-21,7.24,0.6,KL-MUV-01
2005-04-22,7.34,1.3,KL-MUV-01
2005-04-23,7.53,1.1,KL-MUV-01
2005-04-24,7.43,1.5,KL-MUV-01
2005-04-25,7.24,4.1,KL-MUV-01
2005-04-26,7.38,17.5,KL-MUV-01
2005-04-27,7.28,2.7,KL-MUV-01
2005-04-28,7.09,7.3,KL-MUV-01
2005-04-29,6.91,5.2,KL-MUV-01
2005-04-30,7.05,58.8,KL-MUV-01
2005-05-01,7.87,5.1,KL-MUV-01
2005-05-02,7.79,4.4,KL-MUV-01
2005-05-03,8.57,5.4,KL-MUV-01
2005-05-04,8.77,0.0,KL-MUV-01
2005-05-05,8.51,0.4,KL-MUV-01
2005-05-06,8.1,1.1,KL-MUV-01
2005-05-07,7.79,6.4,KL-MUV-01
2005-05-08,7.85,0.0,KL-MUV-01
2005-05-09,7.71,1.3,KL-MUV-01
2005-05-10,7.63,0.1,KL-MUV-01
2005-05-11,7.43,0.5,KL-MUV-01
2005-05-12,7.22,7.1,KL-MUV-01
2005-05-13,7.43,9.3,KL-MUV-01
2005-05-14,7.99,4.7,KL-MUV-01
2005-05-15,7.87,7.5,KL-MUV-01
2005-05-16,7.75,1.9,KL-MUV-01
2005-05-17,7.47,0.0,KL-MUV-01
2005-05-18,7.13,0.1,KL-MUV-01
2005-05-19,6.78,2.8,KL-MUV-01
2005-05-20,6.62,2.3,KL-MUV-01
2005-05-21,6.53,0.9,KL-MUV-01
2005-05-22,6.41,3.4,KL-MUV-01
2005-05-23,6.28,5.1,KL-MUV-01
2005-05-24,6.24,3.2,KL-MUV-01
2005-05-25,6.35,11.4,KL-MUV-01
2005-05-26,6.91,18.4,KL-MUV-01
2005-05-27,7.75,13.1,KL-MUV-01
2005-05-28,8.1,10.6,KL-MUV-01
2005-05-29,8.77,13.8,KL-MUV-01
2005-05-30,9.84,9.8,KL-MUV-01
2005-05-31,10.69,8.8,KL-MUV-01
2005-06-01,10.78,10.6,KL-MUV-01
2005-06-02,10.72,5.0,KL-MUV-01
2005-06-03,10.56,3.7,KL-MUV-01
2005-06-04,10.48,21.7,KL-MUV-01
2005-06-05,11.3,13.3,KL-MUV-01
2005-06-06,11.82,27.0,KL-MUV-01
2005-06-07,12.68,3.9,KL-MUV-01
2005-06-08,12.37,11.3,KL-MUV-01
2005-06-09,12.71,39.7,KL-MUV-01
2005-06-10,15.67,10.9,KL-MUV-01
2005-06-11,15.98,9.4,KL-MUV-01
2005-06-12,15.6,7.5,KL-MUV-01
2005-06-13,15.11,14.3,KL-MUV-01
2005-06-14,15.52,13.2,KL-MUV-01
2005-06-15,15.48,19.3,KL-MUV-01
2005-06-16,17.16,50.0,KL-MUV-01
2005-06-17,32.19,55.2,KL-MUV-01
2005-06-18,39.18,25.5,KL-MUV-01
2005-06-19,40.11,30.0,KL-MUV-01
2005-06-20,40.4,30.8,KL-MUV-01
2005-06-21,41.56,28.7,KL-MUV-01
2005-06-22,41.85,5.3,KL-MUV-01
2005-06-23,39.27,5.7,KL-MUV-01
2005-06-24,36.93,7.6,KL-MUV-01
2005-06-25,35.22,16.4,KL-MUV-01
2005-06-26,33.67,4.9,KL-MUV-01
2005-06-27,31.89,6.6,KL-MUV-01
2005-06-28,30.7,5.2,KL-MUV-01
2005-06-29,29.41,8.1,KL-MUV-01
2005-06-30,28.24,11.6,KL-MUV-01
2005-07-01,27.71,12.2,KL-MUV-01
2005-07-02,27.25,8.2,KL-MUV-01
2005-07-03,26.16,8.8,KL-MUV-01
2005-07-04,25.24,17.7,KL-MUV-01
2005-07-05,25.61,12.5,KL-MUV-01
2005-07-06,26.16,10.6,KL-MUV-01
2005-07-07,25.67,4.9,KL-MUV-01
2005-07-08,24.94,7.5,KL-MUV-01
2005-07-09,25.18,9.4,KL-MUV-01
2005-07-10,25.55,30.2,KL-MUV-01
2005-07-11,27.18,28.7,KL-MUV-01
2005-07-12,28.72,15.0,KL-MUV-01
2005-07-13,28.85,11.2,KL-MUV-01
2005-07-14,29.41,14.9,KL-MUV-01
2005-07-15,31.14,19.1,KL-MUV-01
2005-07-16,31.89,19.4,KL-MUV-01
2005-07-17,32.65,22.2,KL-MUV-01
2005-07-18,34.89,9.9,KL-MUV-01
2005-07-19,33.91,9.2,KL-MUV-01
2005-07-20,33.83,11.1,KL-MUV-01
2005-07-21,33.91,4.7,KL-MUV-01
2005-07-22,32.19,9.9,KL-MUV-01
2005-07-23,31.36,23.3,KL-MUV-01
2005-07-24,33.43,22.1,KL-MUV-01
2005-07-25,37.82,25.7,KL-MUV-01
2005-07-26,45.45,32.7,KL-MUV-01
2005-07-27,51.72,24.3,KL-MUV-01
2005-07-28,55.36,36.5,KL-MUV-01
2005-07-29,55.89,18.6,KL-MUV-01
2005-07-30,57.08,21.9,KL-MUV-01
2005-07-31,62.97,30.0,KL-MUV-01
2005-08-01,67.39,21.6,KL-MUV-01
2005-08-02,66.14,7.6,KL-MUV-01
2005-08-03,61.95,5.1,KL-MUV-01
2005-08-04,57.48,7.1,KL-MUV-01
2005-08-05,53.83,1.7,KL-MUV-01
2005-08-06,50.29,1.9,KL-MUV-01
2005-08-07,46.97,0.1,KL-MUV-01
2005-08-08,43.87,2.6,KL-MUV-01
2005-08-09,41.17,0.6,KL-MUV-01
2005-08-10,38.63,6.3,KL-MUV-01
2005-08-11,36.5,9.3,KL-MUV-01
2005-08-12,34.73,5.3,KL-MUV-01
2005-08-13,33.2,4.0,KL-MUV-01
2005-08-14,31.43,4.0,KL-MUV-01
2005-08-15,29.97,3.4,KL-MUV-01
2005-08-16,28.44,1.3,KL-MUV-01
2005-08-17,26.86,1.5,KL-MUV-01
2005-08-18,25.55,2.7,KL-MUV-01
2005-08-19,24.06,0.6,KL-MUV-01
2005-08-20,22.82,1.4,KL-MUV-01
2005-08-21,21.49,0.4,KL-MUV-01
2005-08-22,20.28,0.1,KL-MUV-01
2005-08-23,19.14,0.3,KL-MUV-01
2005-08-24,18.14,1.6,KL-MUV-01
2005-08-25,17.16,2.1,KL-MUV-01
2005-08-26,16.34,1.4,KL-MUV-01
2005-08-27,15.79,7.9,KL-MUV-01
2005-08-28,16.78,10.6,KL-MUV-01
2005-08-29,17.66,4.7,KL-MUV-01
2005-08-30,17.84,3.5,KL-MUV-01
2005-08-31,17.54,8.2,KL-MUV-01
2005-09-01,17.41,6.2,KL-MUV-01
2005-09-02,17.58,9.1,KL-MUV-01
2005-09-03,17.92,18.5,KL-MUV-01
2005-09-04,22.93,38.6,KL-MUV-01
2005-09-05,27.58,59.1,KL-MUV-01
2005-09-06,31.21,49.7,KL-MUV-01
2005-09-07,33.2,19.9,KL-MUV-01
2005-09-08,35.39,29.4,KL-MUV-01
2005-09-09,37.46,24.7,KL-MUV-01
2005-09-10,39.27,28.0,KL-MUV-01
2005-09-11,40.69,21.9,KL-MUV-01
2005-09-12,40.59,18.8,KL-MUV-01
2005-09-13,40.02,28.0,KL-MUV-01
2005-09-14,40.21,7.2,KL-MUV-01
2005-09-15,38.17,5.0,KL-MUV-01
2005-09-16,36.07,0.1,KL-MUV-01
2005-09-17,33.75,1.3,KL-MUV-01
2005-09-18,31.66,3.7,KL-MUV-01
2005-09-19,29.9,3.8,KL-MUV-01
2005-09-20,29.13,9.8,KL-MUV-01
2005-09-21,28.72,4.9,KL-MUV-01
2005-09-22,27.44,2.4,KL-MUV-01
2005-09-23,25.85,2.2,KL-MUV-01
2005-09-24,24.35,1.7,KL-MUV-01
2005-09-25,23.04,0.2,KL-MUV-01
2005-09-26,21.7,0.6,KL-MUV-01
2005-09-27,20.43,0.8,KL-MUV-01
2005-09-28,19.37,1.9,KL-MUV-01
2005-09-29,18.36,0.2,KL-MUV-01
2005-09-30,17.45,1.6,KL-MUV-01
2005-10-01,16.58,0.0,KL-MUV-01
2005-10-02,15.67,1.0,KL-MUV-01
2005-10-03,14.81,0.0,KL-MUV-01
2005-10-04,14.14,3.2,KL-MUV-01
2005-10-05,14.89,12.9,KL-MUV-01
2005-10-06,16.26,18.9,KL-MUV-01
2005-10-07,17.58,5.8,KL-MUV-01
2005-10-08,17.49,4.4,KL-MUV-01
2005-10-09,18.28,2.6,KL-MUV-01
2005-10-10,18.45,8.7,KL-MUV-01
2005-10-11,19.65,11.8,KL-MUV-01
2005-10-12,21.13,15.0,KL-MUV-01
2005-10-13,21.13,11.3,KL-MUV-01
2005-10-14,20.68,2.8,KL-MUV-01
2005-10-15,19.8,2.0,KL-MUV-01
2005-10-16,18.77,1.3,KL-MUV-01
2005-10-17,17.71,2.0,KL-MUV-01
2005-10-18,16.78,4.0,KL-MUV-01
2005-10-19,15.98,7.6,KL-MUV-01
2005-10-20,15.71,6.6,KL-MUV-01
2005-10-21,15.11,3.3,KL-MUV-01
2005-10-22,14.74,19.8,KL-MUV-01
2005-10-23,15.75,12.3,KL-MUV-01
2005-10-24,16.54,9.6,KL-MUV-01
2005-10-25,17.28,5.5,KL-MUV-01
2005-10-26,17.58,2.1,KL-MUV-01
2005-10-27,17.2,1.8,KL-MUV-01
2005-10-28,16.34,3.0,KL-MUV-01
2005-10-29,15.75,7.1,KL-MUV-01
2005-10-30,15.41,4.9,KL-MUV-01
2005-10-31,14.89,3.6,KL-MUV-01
2005-11-01,14.56,12.9,KL-MUV-01
2005-11-02,14.96,12.4,KL-MUV-01
2005-11-03,15.0,11.3,KL-MUV-01
2005-11-04,19.0,6.4,KL-MUV-01
2005-11-05,32.81,22.1,KL-MUV-01
2005-11-06,37.28,6.0,KL-MUV-01
2005-11-07,41.46,7.2,KL-MUV-01
2005-11-08,49.93,10.1,KL-MUV-01
2005-11-09,50.76,12.0,KL-MUV-01
2005-11-10,48.89,7.4,KL-MUV-01
2005-11-11,47.53,4.9,KL-MUV-01
2005-11-12,54.34,10.3,KL-MUV-01
2005-11-13,57.75,1.9,KL-MUV-01
2005-11-14,60.94,11.7,KL-MUV-01
2005-11-15,60.8,0.5,KL-MUV-01
2005-11-16,56.15,0.0,KL-MUV-01
2005-11-17,51.97,0.0,KL-MUV-01
2005-11-18,48.09,0.0,KL-MUV-01
2005-11-19,44.71,0.0,KL-MUV-01
2005-11-20,41.95,0.9,KL-MUV-01
2005-11-21,41.46,2.4,KL-MUV-01
2005-11-22,64.31,57.1,KL-MUV-01
2005-11-23,65.53,14.3,KL-MUV-01
2005-11-24,59.95,9.1,KL-MUV-01
2005-11-25,59.67,26.1,KL-MUV-01
2005-11-26,62.68,5.2,KL-MUV-01
2005-11-27,62.24,1.6,KL-MUV-01
2005-11-28,59.67,0.4,KL-MUV-01
2005-11-29,57.61,0.0,KL-MUV-01
2005-11-30,53.95,2.5,KL-MUV-01
2005-12-01,50.64,2.7,KL-MUV-01
2005-12-02,47.53,2.7,KL-MUV-01
2005-12-03,44.6,1.1,KL-MUV-01
2005-12-04,42.35,6.9,KL-MUV-01
2005-12-05,41.85,6.8,KL-MUV-01
2005-12-06,41.85,0.0,KL-MUV-01
2005-12-07,41.36,0.0,KL-MUV-01
2005-12-08,39.27,0.0,KL-MUV-01
2005-12-09,37.11,0.0,KL-MUV-01
2005-12-10,34.97,2.0,KL-MUV-01
2005-12-11,36.84,16.5,KL-MUV-01
2005-12-12,39.18,0.5,KL-MUV-01
2005-12-13,41.66,2.9,KL-MUV-01
2005-12-14,43.36,0.6,KL-MUV-01
2005-12-15,42.35,0.2,KL-MUV-01
2005-12-16,40.11,0.0,KL-MUV-01
2005-12-17,37.73,0.5,KL-MUV-01
2005-12-18,35.9,0.0,KL-MUV-01
2005-12-19,33.99,0.0,KL-MUV-01
2005-12-20,32.04,0.0,KL-MUV-01
2005-12-21,30.19,0.9,KL-MUV-01
2005-12-22,28.79,0.5,KL-MUV-01
2005-12-23,27.25,0.4,KL-MUV-01
2005-12-24,25.67,0.0,KL-MUV-01
2005-12-25,24.23,0.3,KL-MUV-01
2005-12-26,23.21,0.0,KL-MUV-01
2005-12-27,22.07,0.0,KL-MUV-01
2005-12-28,20.93,0.0,KL-MUV-01
2005-12-29,19.99,0.0,KL-MUV-01
2005-12-30,18.86,0.0,KL-MUV-01
2005-12-31,17.88,0.0,KL-MUV-01
2006-01-01,17.03,0.0,KL-MUV-01
2006-01-02,16.1,0.0,KL-MUV-01
2006-01-03,15.29,0.0,KL-MUV-01
2006-01-04,14.6,0.0,KL-MUV-01
2006-01-05,13.89,0.0,KL-MUV-01
2006-01-06,14.63,0.5,KL-MUV-01
2006-01-07,15.07,0.0,KL-MUV-01
2006-01-08,14.45,0.0,KL-MUV-01
2006-01-09,14.52,0.0,KL-MUV-01
2006-01-10,14.21,0.0,KL-MUV-01
2006-01-11,13.52,0.0,KL-MUV-01
2006-01-12,12.77,0.0,KL-MUV-01
2006-01-13,12.18,0.4,KL-MUV-01
2006-01-14,11.85,0.0,KL-MUV-01
2006-01-15,11.5,0.0,KL-MUV-01
2006-01-16,11.19,0.9,KL-MUV-01
2006-01-17,10.97,0.0,KL-MUV-01
2006-01-18,10.67,0.0,KL-MUV-01
2006-01-19,10.19,0.0,KL-MUV-01
2006-01-20,9.89,0.0,KL-MUV-01
2006-01-21,9.62,0.0,KL-MUV-01
2006-01-22,9.16,0.0,KL-MUV-01
2006-01-23,8.68,0.0,KL-MUV-01
2006-01-24,8.25,0.0,KL-MUV-01
2006-01-25,7.85,0.0,KL-MUV-01
2006-01-26,7.49,0.0,KL-MUV-01
2006-01-27,7.15,0.0,KL-MUV-01
2006-01-28,6.82,0.0,KL-MUV-01
2006-01-29,6.53,0.0,KL-MUV-01
2006-01-30,6.38,0.0,KL-MUV-01
2006-01-31,6.28,0.0,KL-MUV-01
2006-02-01,6.06,0.0,KL-MUV-01
2006-02-02,5.81,0.0,KL-MUV-01
2006-02-03,5.59,0.0,KL-MUV-01
2006-02-04,5.37,0.1,KL-MUV-01
2006-02-05,5.19,0.0,KL-MUV-01
2006-02-06,5.0,0.0,KL-MUV-01
2006-02-07,4.85,0.0,KL-MUV-01
2006-02-08,4.69,0.0,KL-MUV-01
2006-02-09,4.53,0.0,KL-MUV-01
2006-02-10,4.41,0.0,KL-MUV-01
2006-02-11,4.25,0.0,KL-MUV-01
2006-02-12,4.15,0.0,KL-MUV-01
2006-02-13,4.06,0.0,KL-MUV-01
2006-02-14,3.97,0.0,KL-MUV-01
2006-02-15,3.91,0.0,KL-MUV-01
2006-02-16,3.84,0.0,KL-MUV-01
2006-02-17,3.79,0.0,KL-MUV-01
2006-02-18,3.75,0.0,KL-MUV-01
2006-02-19,3.69,0.0,KL-MUV-01
2006-02-20,3.66,0.0,KL-MUV-01
2006-02-21,3.59,0.0,KL-MUV-01
2006-02-22,3.59,0.6,KL-MUV-01
2006-02-23,3.62,0.0,KL-MUV-01
2006-02-24,3.59,0.0,KL-MUV-01
2006-02-25,3.56,0.0,KL-MUV-01
2006-02-26,3.53,0.0,KL-MUV-01
2006-02-27,3.53,0.0,KL-MUV-01
2006-02-28,3.5,0.0,KL-MUV-01
2006-03-01,3.5,0.0,KL-MUV-01
2006-03-02,3.47,0.0,KL-MUV-01
2006-03-03,3.59,10.4,KL-MUV-01
2006-03-04,4.09,9.4,KL-MUV-01
2006-03-05,4.71,6.0,KL-MUV-01
2006-03-06,4.9,3.3,KL-MUV-01
2006-03-07,4.87,1.1,KL-MUV-01
2006-03-08,4.81,0.0,KL-MUV-01
2006-03-09,4.71,3.6,KL-MUV-01
2006-03-10,4.75,1.6,KL-MUV-01
2006-03-11,4.71,2.0,KL-MUV-01
2006-03-12,4.62,0.0,KL-MUV-01
2006-03-13,4.47,0.0,KL-MUV-01
2006-03-14,4.35,0.0,KL-MUV-01
2006-03-15,4.22,0.0,KL-MUV-01
2006-03-16,4.13,0.0,KL-MUV-01
2006-03-17,4.0,0.0,KL-MUV-01
2006-03-18,3.91,0.0,KL-MUV-01
2006-03-19,3.81,0.1,KL-MUV-01
2006-03-20,3.79,0.0,KL-MUV-01
2006-03-21,3.75,0.0,KL-MUV-01
2006-03-22,3.69,0.1,KL-MUV-01
2006-03-23,3.72,6.0,KL-MUV-01
2006-03-24,3.84,0.0,KL-MUV-01
2006-03-25,3.84,0.6,KL-MUV-01
2006-03-26,3.84,1.1,KL-MUV-01
2006-03-27,3.79,0.1,KL-MUV-01
2006-03-28,3.72,0.0,KL-MUV-01
2006-03-29,3.69,1.2,KL-MUV-01
2006-03-30,3.84,6.7,KL-MUV-01
2006-03-31,4.41,1.0,KL-MUV-01
2006-04-01,4.62,0.0,KL-MUV-01
2006-04-02,4.56,1.9,KL-MUV-01
2006-04-03,4.53,0.0,KL-MUV-01
2006-04-04,4.5,0.3,KL-MUV-01
2006-04-05,4.43,0.0,KL-MUV-01
2006-04-06,4.43,3.2,KL-MUV-01
2006-04-07,4.6,2.2,KL-MUV-01
2006-04-08,4.71,3.2,KL-MUV-01
2006-04-09,4.97,6.9,KL-MUV-01
2006-04-10,4.97,1.0,KL-MUV-01
2006-04-11,4.9,6.4,KL-MUV-01
2006-04-12,4.9,2.1,KL-MUV-01
2006-04-13,4.9,6.2,KL-MUV-01
2006-04-14,4.9,11.2,KL-MUV-01
2006-04-15,4.97,10.2,KL-MUV-01
2006-04-16,5.1,8.9,KL-MUV-01
2006-04-17,5.12,15.1,KL-MUV-01
2006-04-18,5.28,10.4,KL-MUV-01
2006-04-19,5.59,0.3,KL-MUV-01
2006-04-20,6.03,12.3,KL-MUV-01
2006-04-21,6.94,1.7,KL-MUV-01
2006-04-22,7.09,2.1,KL-MUV-01
2006-04-23,6.96,0.4,KL-MUV-01
2006-04-24,6.74,0.9,KL-MUV-01
2006-04-25,6.62,5.1,KL-MUV-01
2006-04-26,6.62,0.4,KL-MUV-01
2006-04-27,6.46,0.2,KL-MUV-01
2006-04-28,6.28,1.7,KL-MUV-01
2006-04-29,6.24,0.3,KL-MUV-01
2006-04-30,6.06,0.3,KL-MUV-01
2006-05-01,5.87,0.6,KL-MUV-01
2006-05-02,5.68,1.1,KL-MUV-01
2006-05-03,5.65,5.2,KL-MUV-01
2006-05-04,6.24,4.5,KL-MUV-01
2006-05-05,7.09,9.9,KL-MUV-01
2006-05-06,7.47,5.2,KL-MUV-01
2006-05-07,7.43,8.5,KL-MUV-01
2006-05-08,7.91,6.1,KL-MUV-01
2006-05-09,8.1,2.1,KL-MUV-01
2006-05-10,8.16,5.3,KL-MUV-01
2006-05-11,7.99,3.1,KL-MUV-01
2006-05-12,7.75,8.1,KL-MUV-01
2006-05-13,7.85,9.9,KL-MUV-01
2006-05-14,8.16,0.0,KL-MUV-01
2006-05-15,7.93,4.0,KL-MUV-01
2006-05-16,7.75,11.8,KL-MUV-01
2006-05-17,7.59,6.0,KL-MUV-01
2006-05-18,7.63,20.5,KL-MUV-01
2006-05-19,8.4,6.6,KL-MUV-01
2006-05-20,8.35,0.3,KL-MUV-01
2006-05-21,7.99,9.5,KL-MUV-01
2006-05-22,8.12,6.6,KL-MUV-01
2006-05-23,8.62,14.9,KL-MUV-01
2006-05-24,9.16,7.3,KL-MUV-01
2006-05-25,9.28,20.2,KL-MUV-01
2006-05-26,10.8,34.7,KL-MUV-01
2006-05-27,15.07,47.6,KL-MUV-01
2006-05-28,26.23,42.1,KL-MUV-01
2006-05-29,41.56,30.6,KL-MUV-01
2006-05-30,61.37,50.8,KL-MUV-01
2006-05-31,76.27,53.3,KL-MUV-01
2006-06-01,69.15,7.1,KL-MUV-01
2006-06-02,59.26,6.5,KL-MUV-01
2006-06-03,52.33,9.3,KL-MUV-01
2006-06-04,47.87,11.0,KL-MUV-01
2006-06-05,44.08,7.3,KL-MUV-01
2006-06-06,40.88,6.1,KL-MUV-01
2006-06-07,38.08,11.3,KL-MUV-01
2006-06-08,35.9,2.5,KL-MUV-01
2006-06-09,33.75,7.6,KL-MUV-01
2006-06-10,32.11,2.3,KL-MUV-01
2006-06-11,30.12,2.0,KL-MUV-01
2006-06-12,28.24,2.1,KL-MUV-01
2006-06-13,26.48,1.9,KL-MUV-01
2006-06-14,24.88,1.8,KL-MUV-01
2006-06-15,23.6,6.0,KL-MUV-01
2006-06-16,22.82,15.1,KL-MUV-01
2006-06-17,22.99,2.6,KL-MUV-01
2006-06-18,21.96,2.6,KL-MUV-01
2006-06-19,20.83,11.0,KL-MUV-01
2006-06-20,20.83,21.5,KL-MUV-01
2006-06-21,22.55,39.4,KL-MUV-01
2006-06-22,39.93,52.7,KL-MUV-01
2006-06-23,67.71,81.2,KL-MUV-01
2006-06-24,64.46,19.2,KL-MUV-01
2006-06-25,57.75,16.6,KL-MUV-01
2006-06-26,52.21,3.2,KL-MUV-01
2006-06-27,47.53,3.6,KL-MUV-01
2006-06-28,43.77,13.3,KL-MUV-01
2006-06-29,41.56,25.7,KL-MUV-01
2006-06-30,40.59,10.5,KL-MUV-01
2006-07-01,38.72,6.5,KL-MUV-01
2006-07-02,37.46,11.2,KL-MUV-01
2006-07-03,39.27,19.3,KL-MUV-01
2006-07-04,41.36,18.8,KL-MUV-01
2006-07-05,42.25,17.8,KL-MUV-01
2006-07-06,42.25,6.1,KL-MUV-01
2006-07-07,40.21,3.2,KL-MUV-01
2006-07-08,38.17,2.4,KL-MUV-01
2006-07-09,36.33,3.0,KL-MUV-01
2006-07-10,34.4,6.6,KL-MUV-01
2006-07-11,33.2,14.8,KL-MUV-01
2006-07-12,34.73,33.0,KL-MUV-01
2006-07-13,52.95,58.1,KL-MUV-01
2006-07-14,55.49,16.4,KL-MUV-01
2006-07-15,51.6,10.0,KL-MUV-01
2006-07-16,48.55,6.2,KL-MUV-01
2006-07-17,45.77,10.3,KL-MUV-01
2006-07-18,43.67,4.5,KL-MUV-01
2006-07-19,41.07,4.8,KL-MUV-01
2006-07-20,38.45,3.3,KL-MUV-01
2006-07-21,36.33,2.0,KL-MUV-01
2006-07-22,34.08,1.5,KL-MUV-01
2006-07-23,31.96,0.0,KL-MUV-01
2006-07-24,29.9,0.0,KL-MUV-01
2006-07-25,28.04,0.3,KL-MUV-01
2006-07-26,26.42,3.8,KL-MUV-01
2006-07-27,25.06,5.5,KL-MUV-01
2006-07-28,23.89,5.0,KL-MUV-01
2006-07-29,22.82,3.9,KL-MUV-01
2006-07-30,21.75,3.2,KL-MUV-01
2006-07-31,20.58,1.5,KL-MUV-01
2006-08-01,19.51,4.7,KL-MUV-01
2006-08-02,18.63,5.3,KL-MUV-01
2006-08-03,17.97,4.0,KL-MUV-01
2006-08-04,17.24,4.3,KL-MUV-01
2006-08-05,16.58,2.4,KL-MUV-01
2006-08-06,15.79,0.9,KL-MUV-01
2006-08-07,15.11,1.5,KL-MUV-01
2006-08-08,14.42,2.6,KL-MUV-01
2006-08-09,13.83,3.9,KL-MUV-01
2006-08-10,13.42,17.4,KL-MUV-01
2006-08-11,14.21,17.7,KL-MUV-01
2006-08-12,15.44,26.9,KL-MUV-01
2006-08-13,18.86,30.5,KL-MUV-01
2006-08-14,22.17,12.7,KL-MUV-01
2006-08-15,26.86,22.1,KL-MUV-01
2006-08-16,30.26,22.0,KL-MUV-01
2006-08-17,31.21,8.8,KL-MUV-01
2006-08-18,30.84,20.8,KL-MUV-01
2006-08-19,30.48,12.7,KL-MUV-01
2006-08-20,30.05,6.7,KL-MUV-01
2006-08-21,29.48,1.0,KL-MUV-01
2006-08-22,27.91,1.3,KL-MUV-01
2006-08-23,26.35,0.0,KL-MUV-01
2006-08-24,24.76,0.1,KL-MUV-01
2006-08-25,23.27,0.8,KL-MUV-01
2006-08-26,21.91,1.0,KL-MUV-01
2006-08-27,20.68,0.3,KL-MUV-01
2006-08-28,19.46,5.2,KL-MUV-01
2006-08-29,18.68,2.6,KL-MUV-01
2006-08-30,18.01,1.1,KL-MUV-01
2006-08-31,17.28,5.9,KL-MUV-01
2006-09-01,16.78,4.9,KL-MUV-01
2006-09-02,16.46,0.2,KL-MUV-01
2006-09-03,16.34,0.2,KL-MUV-01
2006-09-04,16.26,0.8,KL-MUV-01
2006-09-05,16.5,2.9,KL-MUV-01
2006-09-06,15.83,1.6,KL-MUV-01
2006-09-07,15.87,9.0,KL-MUV-01
2006-09-08,16.58,11.2,KL-MUV-01
2006-09-09,17.49,18.1,KL-MUV-01
2006-09-10,19.0,25.6,KL-MUV-01
2006-09-11,19.65,15.7,KL-MUV-01
2006-09-12,20.78,21.6,KL-MUV-01
2006-09-13,22.01,19.6,KL-MUV-01
2006-09-14,22.39,18.7,KL-MUV-01
2006-09-15,24.06,30.1,KL-MUV-01
2006-09-16,29.69,29.8,KL-MUV-01
2006-09-17,33.43,18.0,KL-MUV-01
2006-09-18,34.16,14.6,KL-MUV-01
2006-09-19,33.12,14.4,KL-MUV-01
2006-09-20,31.81,21.6,KL-MUV-01
2006-09-21,31.06,24.2,KL-MUV-01
2006-09-22,31.43,2.9,KL-MUV-01
2006-09-23,29.9,6.3,KL-MUV-01
2006-09-24,28.92,32.4,KL-MUV-01
2006-09-25,30.12,21.2,KL-MUV-01
2006-09-26,29.97,0.7,KL-MUV-01
2006-09-27,28.31,0.3,KL-MUV-01
2006-09-28,26.61,2.2,KL-MUV-01
2006-09-29,25.3,0.0,KL-MUV-01
2006-09-30,23.89,2.0,KL-MUV-01
2006-10-01,22.71,6.5,KL-MUV-01
2006-10-02,21.75,1.7,KL-MUV-01
2006-10-03,20.48,3.3,KL-MUV-01
2006-10-04,19.56,10.4,KL-MUV-01
2006-10-05,19.04,3.6,KL-MUV-01
2006-10-06,18.23,7.1,KL-MUV-01
2006-10-07,17.84,18.3,KL-MUV-01
2006-10-08,18.28,1.4,KL-MUV-01
2006-10-09,17.75,7.7,KL-MUV-01
2006-10-10,17.62,19.7,KL-MUV-01
2006-10-11,17.84,19.1,KL-MUV-01
2006-10-12,22.23,12.0,KL-MUV-01
2006-10-13,25.67,4.4,KL-MUV-01
2006-10-14,25.36,9.6,KL-MUV-01
2006-10-15,25.67,10.7,KL-MUV-01
2006-10-16,27.97,9.6,KL-MUV-01
2006-10-17,30.55,13.8,KL-MUV-01
2006-10-18,31.66,5.7,KL-MUV-01
2006-10-19,32.04,8.7,KL-MUV-01
2006-10-20,35.22,18.0,KL-MUV-01
2006-10-21,38.08,7.7,KL-MUV-01
2006-10-22,40.3,4.2,KL-MUV-01
2006-10-23,43.98,7.8,KL-MUV-01
2006-10-24,45.45,4.4,KL-MUV-01
2006-10-25,46.64,12.3,KL-MUV-01
2006-10-26,54.21,8.6,KL-MUV-01
2006-10-27,84.11,98.9,KL-MUV-01
2006-10-28,87.1,37.6,KL-MUV-01
2006-10-29,78.07,10.9,KL-MUV-01
2006-10-30,71.44,11.5,KL-MUV-01
2006-10-31,65.68,10.6,KL-MUV-01
2006-11-01,62.68,5.5,KL-MUV-01
2006-11-02,60.09,6.8,KL-MUV-01
2006-11-03,75.38,31.0,KL-MUV-01
2006-11-04,79.54,24.3,KL-MUV-01
2006-11-05,75.38,3.9,KL-MUV-01
2006-11-06,72.62,22.2,KL-MUV-01
2006-11-07,70.61,3.5,KL-MUV-01
2006-11-08,66.14,8.6,KL-MUV-01
2006-11-09,64.01,10.2,KL-MUV-01
2006-11-10,64.46,12.8,KL-MUV-01
2006-11-11,70.61,9.4,KL-MUV-01
2006-11-12,75.74,13.7,KL-MUV-01
2006-11-13,79.54,8.8,KL-MUV-01
2006-11-14,78.8,5.6,KL-MUV-01
2006-11-15,86.3,25.4,KL-MUV-01
2006-11-16,88.13,3.4,KL-MUV-01
2006-11-17,99.46,27.2,KL-MUV-01
2006-11-18,101.8,30.6,KL-MUV-01
2006-11-19,96.27,0.7,KL-MUV-01
2006-11-20,90.83,2.9,KL-MUV-01
2006-11-21,86.3,10.5,KL-MUV-01
2006-11-22,82.75,12.1,KL-MUV-01
2006-11-23,79.17,2.4,KL-MUV-01
2006-11-24,75.21,4.1,KL-MUV-01
2006-11-25,72.62,1.4,KL-MUV-01
2006-11-26,68.66,1.7,KL-MUV-01
2006-11-27,64.77,4.9,KL-MUV-01
2006-11-28,62.1,0.2,KL-MUV-01
2006-11-29,59.12,0.0,KL-MUV-01
2006-11-30,55.62,0.0,KL-MUV-01
2006-12-01,52.21,0.0,KL-MUV-01
2006-12-02,48.89,0.0,KL-MUV-01
2006-12-03,45.88,0.0,KL-MUV-01
2006-12-04,42.95,0.0,KL-MUV-01
2006-12-05,40.3,0.0,KL-MUV-01
2006-12-06,37.82,0.0,KL-MUV-01
2006-12-07,35.48,0.0,KL-MUV-01
2006-12-08,33.28,0.0,KL-MUV-01
2006-12-09,31.28,0.0,KL-MUV-01
2006-12-10,29.41,0.0,KL-MUV-01
2006-12-11,27.64,0.0,KL-MUV-01
2006-12-12,26.16,0.5,KL-MUV-01
2006-12-13,26.16,0.0,KL-MUV-01
2006-12-14,24.88,0.0,KL-MUV-01
2006-12-15,23.43,0.0,KL-MUV-01
2006-12-16,22.07,0.0,KL-MUV-01
2006-12-17,20.78,0.0,KL-MUV-01
2006-12-18,19.56,0.0,KL-MUV-01
2006-12-19,18.45,0.0,KL-MUV-01
2006-12-20,17.62,0.0,KL-MUV-01
2006-12-21,16.78,0.0,KL-MUV-01
2006-12-22,15.87,0.0,KL-MUV-01
2006-12-23,15.0,0.0,KL-MUV-01
2006-12-24,14.17,0.0,KL-MUV-01
2006-12-25,13.42,0.0,KL-MUV-01
2006-12-26,12.71,0.0,KL-MUV-01
2006-12-27,12.06,0.0,KL-MUV-01
2006-12-28,11.45,0.0,KL-MUV-01
2006-12-29,10.86,0.0,KL-MUV-01
2006-12-30,10.3,0.0,KL-MUV-01
2006-12-31,9.79,0.0,KL-MUV-01
2007-01-01,9.3,0.0,KL-MUV-01
2007-01-02,8.86,0.0,KL-MUV-01
2007-01-03,8.44,0.0,KL-MUV-01
2007-01-04,8.04,0.0,KL-MUV-01
2007-01-05,7.69,0.0,KL-MUV-01
2007-01-06,7.34,0.0,KL-MUV-01
2007-01-07,7.02,0.0,KL-MUV-01
2007-01-08,6.73,0.0,KL-MUV-01
2007-01-09,6.43,0.0,KL-MUV-01
2007-01-10,6.18,0.0,KL-MUV-01
2007-01-11,5.59,0.0,KL-MUV-01
2007-01-12,5.3,0.0,KL-MUV-01
2007-01-13,5.07,0.0,KL-MUV-01
2007-01-14,4.85,0.0,KL-MUV-01
2007-01-15,4.66,0.0,KL-MUV-01
2007-01-16,4.48,0.0,KL-MUV-01
2007-01-17,4.31,0.0,KL-MUV-01
2007-01-18,4.15,0.0,KL-MUV-01
2007-01-19,4.01,0.0,KL-MUV-01
2007-01-20,3.89,0.0,KL-MUV-01
2007-01-21,3.95,0.0,KL-MUV-01
2007-01-22,3.89,0.0,KL-MUV-01
2007-01-23,3.81,0.0,KL-MUV-01
2007-01-24,3.73,0.0,KL-MUV-01
2007-01-25,3.67,0.0,KL-MUV-01
2007-01-26,3.61,0.0,KL-MUV-01
2007-01-27,3.58,2.6,KL-MUV-01
2007-01-28,3.67,1.2,KL-MUV-01
2007-01-29,3.66,0.0,KL-MUV-01
2007-01-30,3.58,0.0,KL-MUV-01
2007-01-31,3.66,0.0,KL-MUV-01
2007-02-01,3.66,0.0,KL-MUV-01
2007-02-02,3.62,0.0,KL-MUV-01
2007-02-03,3.59,0.0,KL-MUV-01
2007-02-04,3.56,0.0,KL-MUV-01
2007-02-05,3.55,0.2,KL-MUV-01
2007-02-06,3.53,0.0,KL-MUV-01
2007-02-07,3.52,0.0,KL-MUV-01
2007-02-08,3.52,0.0,KL-MUV-01
2007-02-09,3.5,0.0,KL-MUV-01
2007-02-10,3.52,0.0,KL-MUV-01
2007-02-11,3.5,0.0,KL-MUV-01
2007-02-12,3.49,0.2,KL-MUV-01
2007-02-13,3.49,0.6,KL-MUV-01
2007-02-14,3.47,0.0,KL-MUV-01
2007-02-15,3.47,0.0,KL-MUV-01
2007-02-16,3.47,0.0,KL-MUV-01
2007-02-17,3.46,0.0,KL-MUV-01
2007-02-18,3.46,0.0,KL-MUV-01
2007-02-19,3.5,1.9,KL-MUV-01
2007-02-20,3.53,0.0,KL-MUV-01
2007-02-21,3.5,0.1,KL-MUV-01
2007-02-22,3.47,0.2,KL-MUV-01
2007-02-23,3.46,0.0,KL-MUV-01
2007-02-24,3.46,0.0,KL-MUV-01
2007-02-25,3.46,0.0,KL-MUV-01
2007-02-26,3.44,0.0,KL-MUV-01
2007-02-27,3.44,0.1,KL-MUV-01
2007-02-28,3.44,0.1,KL-MUV-01
2007-03-01,3.44,0.0,KL-MUV-01
2007-03-02,3.44,0.0,KL-MUV-01
2007-03-03,3.43,0.0,KL-MUV-01
2007-03-04,3.43,0.8,KL-MUV-01
2007-03-05,3.43,0.3,KL-MUV-01
2007-03-06,3.43,1.3,KL-MUV-01
2007-03-07,3.41,0.0,KL-MUV-01
2007-03-08,3.43,0.1,KL-MUV-01
2007-03-09,3.41,0.0,KL-MUV-01
2007-03-10,3.4,0.0,KL-MUV-01
2007-03-11,3.38,0.0,KL-MUV-01
2007-03-12,3.38,0.0,KL-MUV-01
2007-03-13,3.36,0.0,KL-MUV-01
2007-03-14,3.38,0.0,KL-MUV-01
2007-03-15,3.36,0.0,KL-MUV-01
2007-03-16,3.36,0.0,KL-MUV-01
2007-03-17,3.4,0.0,KL-MUV-01
2007-03-18,3.4,1.1,KL-MUV-01
2007-03-19,3.38,0.0,KL-MUV-01
2007-03-20,3.38,0.0,KL-MUV-01
2007-03-21,3.38,0.3,KL-MUV-01
2007-03-22,3.35,0.0,KL-MUV-01
2007-03-23,3.35,0.0,KL-MUV-01
2007-03-24,3.35,0.1,KL-MUV-01
2007-03-25,3.35,0.0,KL-MUV-01
2007-03-26,3.41,0.2,KL-MUV-01
2007-03-27,3.38,0.0,KL-MUV-01
2007-03-28,3.38,0.0,KL-MUV-01
2007-03-29,3.35,0.0,KL-MUV-01
2007-03-30,3.35,0.0,KL-MUV-01
2007-03-31,3.41,2.5,KL-MUV-01
2007-04-01,3.41,2.0,KL-MUV-01
2007-04-02,3.41,0.9,KL-MUV-01
2007-04-03,3.41,0.7,KL-MUV-01
2007-04-04,3.41,0.0,KL-MUV-01
2007-04-05,3.38,0.0,KL-MUV-01
2007-04-06,3.38,2.3,KL-MUV-01
2007-04-07,3.38,2.9,KL-MUV-01
2007-04-08,3.47,0.8,KL-MUV-01
2007-04-09,3.59,1.9,KL-MUV-01
2007-04-10,3.69,4.0,KL-MUV-01
2007-04-11,3.72,1.8,KL-MUV-01
2007-04-12,3.79,7.0,KL-MUV-01
2007-04-13,3.84,3.9,KL-MUV-01
2007-04-14,4.0,18.8,KL-MUV-01
2007-04-15,4.25,6.5,KL-MUV-01
2007-04-16,4.41,1.5,KL-MUV-01
2007-04-17,4.28,0.8,KL-MUV-01
2007-04-18,4.13,0.9,KL-MUV-01
2007-04-19,4.0,0.0,KL-MUV-01
2007-04-20,3.88,3.4,KL-MUV-01
2007-04-21,3.94,18.0,KL-MUV-01
2007-04-22,4.09,3.6,KL-MUV-01
2007-04-23,4.13,9.0,KL-MUV-01
2007-04-24,4.09,1.9,KL-MUV-01
2007-04-25,4.06,0.6,KL-MUV-01
2007-04-26,4.04,6.6,KL-MUV-01
2007-04-27,4.0,1.0,KL-MUV-01
2007-04-28,3.97,3.5,KL-MUV-01
2007-04-29,3.97,8.5,KL-MUV-01
2007-04-30,4.0,0.9,KL-MUV-01
2007-05-01,3.97,0.8,KL-MUV-01
2007-05-02,4.0,19.8,KL-MUV-01
2007-05-03,4.19,10.6,KL-MUV-01
2007-05-04,4.5,11.6,KL-MUV-01
2007-05-05,4.81,9.8,KL-MUV-01
2007-05-06,4.97,9.2,KL-MUV-01
2007-05-07,5.07,6.7,KL-MUV-01
2007-05-08,5.07,17.1,KL-MUV-01
2007-05-09,5.22,20.2,KL-MUV-01
2007-05-10,5.59,14.6,KL-MUV-01
2007-05-11,5.81,3.6,KL-MUV-01
2007-05-12,5.68,3.4,KL-MUV-01
2007-05-13,5.53,6.0,KL-MUV-01
2007-05-14,5.59,3.0,KL-MUV-01
2007-05-15,5.68,3.1,KL-MUV-01
2007-05-16,5.68,0.2,KL-MUV-01
2007-05-17,5.47,0.0,KL-MUV-01
2007-05-18,5.22,0.0,KL-MUV-01
2007-05-19,5.0,0.0,KL-MUV-01
2007-05-20,4.78,0.0,KL-MUV-01
2007-05-21,4.6,0.0,KL-MUV-01
2007-05-22,4.43,5.9,KL-MUV-01
2007-05-23,4.31,15.9,KL-MUV-01
2007-05-24,4.25,4.8,KL-MUV-01
2007-05-25,4.19,10.4,KL-MUV-01
2007-05-26,4.15,12.1,KL-MUV-01
2007-05-27,4.37,22.4,KL-MUV-01
2007-05-28,4.9,19.6,KL-MUV-01
2007-05-29,5.31,14.2,KL-MUV-01
2007-05-30,5.5,24.8,KL-MUV-01
2007-05-31,5.56,6.4,KL-MUV-01
2007-06-01,5.37,1.6,KL-MUV-01
2007-06-02,5.19,10.8,KL-MUV-01
2007-06-03,5.15,0.0,KL-MUV-01
2007-06-04,5.0,0.0,KL-MUV-01
2007-06-05,4.87,8.6,KL-MUV-01
2007-06-06,5.34,15.0,KL-MUV-01
2007-06-07,6.16,13.4,KL-MUV-01
2007-06-08,6.94,12.8,KL-MUV-01
2007-06-09,7.18,16.9,KL-MUV-01
2007-06-10,7.34,14.3,KL-MUV-01
2007-06-11,7.53,35.1,KL-MUV-01
2007-06-12,8.62,15.8,KL-MUV-01
2007-06-13,10.38,8.7,KL-MUV-01
2007-06-14,10.59,28.4,KL-MUV-01
2007-06-15,11.39,45.2,KL-MUV-01
2007-06-16,13.16,17.1,KL-MUV-01
2007-06-17,14.1,23.8,KL-MUV-01
2007-06-18,16.38,47.2,KL-MUV-01
2007-06-19,19.7,15.9,KL-MUV-01
2007-06-20,24.29,34.8,KL-MUV-01
2007-06-21,50.64,59.0,KL-MUV-01
2007-06-22,102.75,63.1,KL-MUV-01
2007-06-23,108.65,48.6,KL-MUV-01
2007-06-24,92.11,6.3,KL-MUV-01
2007-06-25,77.52,3.4,KL-MUV-01
2007-06-26,68.02,6.5,KL-MUV-01
2007-06-27,61.52,3.5,KL-MUV-01
2007-06-28,56.54,15.2,KL-MUV-01
2007-06-29,56.02,26.3,KL-MUV-01
2007-06-30,62.97,30.4,KL-MUV-01
2007-07-01,68.98,25.6,KL-MUV-01
2007-07-02,73.64,31.8,KL-MUV-01
2007-07-03,74.86,33.3,KL-MUV-01
2007-07-04,71.78,17.0,KL-MUV-01
2007-07-05,66.92,10.1,KL-MUV-01
2007-07-06,62.83,18.0,KL-MUV-01
2007-07-07,60.66,6.7,KL-MUV-01
2007-07-08,57.61,14.1,KL-MUV-01
2007-07-09,54.85,6.9,KL-MUV-01
2007-07-10,52.09,10.4,KL-MUV-01
2007-07-11,50.05,17.9,KL-MUV-01
2007-07-12,48.43,7.5,KL-MUV-01
2007-07-13,46.86,10.4,KL-MUV-01
2007-07-14,45.56,5.7,KL-MUV-01
2007-07-15,43.98,11.1,KL-MUV-01
2007-07-16,45.56,19.8,KL-MUV-01
2007-07-17,47.53,28.8,KL-MUV-01
2007-07-18,46.75,14.0,KL-MUV-01
2007-07-19,45.45,18.5,KL-MUV-01
2007-07-20,50.4,36.2,KL-MUV-01
2007-07-21,52.83,23.8,KL-MUV-01
2007-07-22,50.4,16.3,KL-MUV-01
2007-07-23,47.98,21.1,KL-MUV-01
2007-07-24,52.33,50.8,KL-MUV-01
2007-07-25,54.72,12.4,KL-MUV-01
2007-07-26,52.7,20.6,KL-MUV-01
2007-07-27,51.48,10.7,KL-MUV-01
2007-07-28,48.77,7.8,KL-MUV-01
2007-07-29,45.99,3.3,KL-MUV-01
2007-07-30,43.26,14.2,KL-MUV-01
2007-07-31,41.36,21.3,KL-MUV-01
2007-08-01,64.92,114.6,KL-MUV-01
2007-08-02,70.78,47.7,KL-MUV-01
2007-08-03,65.83,9.5,KL-MUV-01
2007-08-04,59.67,12.2,KL-MUV-01
2007-08-05,58.84,21.5,KL-MUV-01
2007-08-06,57.88,13.1,KL-MUV-01
2007-08-07,55.36,8.5,KL-MUV-01
2007-08-08,52.95,11.7,KL-MUV-01
2007-08-09,51.72,20.7,KL-MUV-01
2007-08-10,52.58,21.8,KL-MUV-01
2007-08-11,52.95,7.5,KL-MUV-01
2007-08-12,50.29,1.7,KL-MUV-01
2007-08-13,47.42,1.7,KL-MUV-01
2007-08-14,44.6,0.6,KL-MUV-01
2007-08-15,41.76,1.7,KL-MUV-01
2007-08-16,39.09,1.6,KL-MUV-01
2007-08-17,36.93,2.7,KL-MUV-01
2007-08-18,34.89,4.1,KL-MUV-01
2007-08-19,32.88,6.0,KL-MUV-01
2007-08-20,31.21,13.5,KL-MUV-01
2007-08-21,31.43,42.0,KL-MUV-01
2007-08-22,33.67,14.5,KL-MUV-01
2007-08-23,32.42,5.1,KL-MUV-01
2007-08-24,30.77,22.2,KL-MUV-01
2007-08-25,29.97,19.2,KL-MUV-01
2007-08-26,29.34,34.8,KL-MUV-01
2007-08-27,30.33,16.9,KL-MUV-01
2007-08-28,29.9,19.1,KL-MUV-01
2007-08-29,29.13,14.9,KL-MUV-01
2007-08-30,28.38,22.1,KL-MUV-01
2007-08-31,28.65,14.2,KL-MUV-01
2007-09-01,28.72,12.3,KL-MUV-01
2007-09-02,28.58,32.2,KL-MUV-01
2007-09-03,29.48,4.2,KL-MUV-01
2007-09-04,28.17,15.5,KL-MUV-01
2007-09-05,27.64,30.8,KL-MUV-01
2007-09-06,28.24,15.0,KL-MUV-01
2007-09-07,27.25,4.3,KL-MUV-01
2007-09-08,26.16,17.4,KL-MUV-01
2007-09-09,51.0,24.3,KL-MUV-01
2007-09-10,53.08,4.7,KL-MUV-01
2007-09-11,46.1,1.3,KL-MUV-01
2007-09-12,41.07,11.5,KL-MUV-01
2007-09-13,38.36,7.8,KL-MUV-01
2007-09-14,36.15,10.4,KL-MUV-01
2007-09-15,34.48,31.4,KL-MUV-01
2007-09-16,34.4,35.7,KL-MUV-01
2007-09-17,35.73,20.1,KL-MUV-01
2007-09-18,36.67,22.2,KL-MUV-01
2007-09-19,38.54,26.8,KL-MUV-01
2007-09-20,39.46,7.7,KL-MUV-01
2007-09-21,38.63,15.0,KL-MUV-01
2007-09-22,42.65,25.3,KL-MUV-01
2007-09-23,48.66,33.5,KL-MUV-01
2007-09-24,52.95,20.2,KL-MUV-01
2007-09-25,54.08,27.4,KL-MUV-01
2007-09-26,53.08,7.5,KL-MUV-01
2007-09-27,49.58,11.7,KL-MUV-01
2007-09-28,47.08,3.8,KL-MUV-01
2007-09-29,44.19,5.9,KL-MUV-01
2007-09-30,41.46,6.3,KL-MUV-01
2007-10-01,39.18,4.5,KL-MUV-01
2007-10-02,37.37,0.8,KL-MUV-01
2007-10-03,35.22,2.6,KL-MUV-01
2007-10-04,33.36,2.5,KL-MUV-01
2007-10-05,31.58,1.0,KL-MUV-01
2007-10-06,29.69,2.0,KL-MUV-01
2007-10-07,27.97,6.7,KL-MUV-01
2007-10-08,26.48,1.4,KL-MUV-01
2007-10-09,25.0,0.5,KL-MUV-01
2007-10-10,23.6,15.1,KL-MUV-01
2007-10-11,23.77,18.2,KL-MUV-01
2007-10-12,24.41,7.5,KL-MUV-01
2007-10-13,24.59,17.9,KL-MUV-01
2007-10-14,26.29,13.4,KL-MUV-01
2007-10-15,26.93,8.6,KL-MUV-01
2007-10-16,28.24,5.7,KL-MUV-01
2007-10-17,28.51,21.7,KL-MUV-01
2007-10-18,29.13,4.6,KL-MUV-01
2007-10-19,29.34,21.1,KL-MUV-01
2007-10-20,32.73,22.5,KL-MUV-01
2007-10-21,34.81,3.0,KL-MUV-01
2007-10-22,33.04,12.1,KL-MUV-01
2007-10-23,36.5,21.7,KL-MUV-01
2007-10-24,52.33,28.4,KL-MUV-01
2007-10-25,66.61,31.9,KL-MUV-01
2007-10-26,73.3,15.2,KL-MUV-01
2007-10-27,69.79,9.7,KL-MUV-01
2007-10-28,64.61,28.0,KL-MUV-01
2007-10-29,61.52,33.7,KL-MUV-01
2007-10-30,58.7,3.7,KL-MUV-01
2007-10-31,54.59,0.5,KL-MUV-01
2007-11-01,50.64,0.1,KL-MUV-01
2007-11-02,50.29,13.3,KL-MUV-01
2007-11-03,51.72,9.4,KL-MUV-01
2007-11-04,51.24,0.2,KL-MUV-01
2007-11-05,49.7,1.9,KL-MUV-01
2007-11-06,47.64,14.9,KL-MUV-01
2007-11-07,45.67,7.4,KL-MUV-01
2007-11-08,44.71,3.8,KL-MUV-01
2007-11-09,42.75,1.0,KL-MUV-01
2007-11-10,40.3,1.0,KL-MUV-01
2007-11-11,38.99,0.7,KL-MUV-01
2007-11-12,37.28,0.2,KL-MUV-01
2007-11-13,35.73,0.9,KL-MUV-01
2007-11-14,34.08,0.0,KL-MUV-01
2007-11-15,32.42,0.0,KL-MUV-01
2007-11-16,30.62,0.0,KL-MUV-01
2007-11-17,28.79,0.0,KL-MUV-01
2007-11-18,27.05,0.0,KL-MUV-01
2007-11-19,25.42,0.0,KL-MUV-01
2007-11-20,24.35,0.6,KL-MUV-01
2007-11-21,25.3,0.0,KL-MUV-01
2007-11-22,25.12,0.0,KL-MUV-01
2007-11-23,26.23,0.3,KL-MUV-01
2007-11-24,26.04,0.3,KL-MUV-01
2007-11-25,25.67,0.0,KL-MUV-01
2007-11-26,24.29,0.0,KL-MUV-01
2007-11-27,23.04,0.0,KL-MUV-01
2007-11-28,21.75,0.0,KL-MUV-01
2007-11-29,20.63,1.1,KL-MUV-01
2007-11-30,21.34,0.7,KL-MUV-01
2007-12-01,21.23,0.0,KL-MUV-01
2007-12-02,20.09,0.0,KL-MUV-01
2007-12-03,18.91,0.0,KL-MUV-01
2007-12-04,17.84,0.0,KL-MUV-01
2007-12-05,16.82,0.0,KL-MUV-01
2007-12-06,15.87,0.1,KL-MUV-01
2007-12-07,14.96,0.0,KL-MUV-01
2007-12-08,14.17,0.0,KL-MUV-01
2007-12-09,13.42,0.0,KL-MUV-01
2007-12-10,12.93,0.0,KL-MUV-01
2007-12-11,12.34,0.0,KL-MUV-01
2007-12-12,11.76,0.0,KL-MUV-01
2007-12-13,11.33,0.0,KL-MUV-01
2007-12-14,12.77,1.6,KL-MUV-01
2007-12-15,13.66,0.2,KL-MUV-01
2007-12-16,13.66,0.0,KL-MUV-01
2007-12-17,12.96,0.0,KL-MUV-01
2007-12-18,13.66,24.3,KL-MUV-01
2007-12-19,16.82,18.8,KL-MUV-01
2007-12-20,18.72,1.8,KL-MUV-01
2007-12-21,19.14,16.8,KL-MUV-01
2007-12-22,19.99,0.5,KL-MUV-01
2007-12-23,19.75,0.2,KL-MUV-01
2007-12-24,19.18,0.0,KL-MUV-01
2007-12-25,18.1,0.0,KL-MUV-01
2007-12-26,17.07,0.0,KL-MUV-01
2007-12-27,16.18,0.0,KL-MUV-01
2007-12-28,15.67,0.0,KL-MUV-01
2007-12-29,14.92,0.0,KL-MUV-01
2007-12-30,14.24,0.0,KL-MUV-01
2007-12-31,13.55,0.0,KL-MUV-01
2008-01-01,12.9,0.0,KL-MUV-01
2008-01-02,12.55,0.0,KL-MUV-01
2008-01-03,12.12,0.0,KL-MUV-01
2008-01-04,11.5,0.0,KL-MUV-01
2008-01-05,11.13,0.0,KL-MUV-01
2008-01-06,11.02,0.0,KL-MUV-01
2008-01-07,10.53,0.0,KL-MUV-01
2008-01-08,10.02,0.0,KL-MUV-01
2008-01-09,9.52,0.0,KL-MUV-01
2008-01-10,9.05,0.0,KL-MUV-01
2008-01-11,8.35,0.0,KL-MUV-01
2008-01-12,7.91,0.0,KL-MUV-01
2008-01-13,7.63,0.0,KL-MUV-01
2008-01-14,7.28,0.0,KL-MUV-01
2008-01-15,6.91,0.0,KL-MUV-01
2008-01-16,6.59,0.0,KL-MUV-01
2008-01-17,6.28,0.0,KL-MUV-01
2008-01-18,6.03,0.0,KL-MUV-01
2008-01-19,5.84,0.0,KL-MUV-01
2008-01-20,5.62,0.0,KL-MUV-01
2008-01-21,5.5,0.0,KL-MUV-01
2008-01-22,5.28,0.0,KL-MUV-01
2008-01-23,5.1,0.0,KL-MUV-01
2008-01-24,4.9,0.0,KL-MUV-01
2008-01-25,4.75,0.0,KL-MUV-01
2008-01-26,4.6,0.0,KL-MUV-01
2008-01-27,4.43,0.0,KL-MUV-01
2008-01-28,4.31,0.0,KL-MUV-01
2008-01-29,4.19,0.0,KL-MUV-01
2008-01-30,4.09,0.4,KL-MUV-01
2008-01-31,4.15,0.0,KL-MUV-01
2008-02-01,4.13,0.0,KL-MUV-01
2008-02-02,4.04,0.0,KL-MUV-01
2008-02-03,3.94,0.0,KL-MUV-01
2008-02-04,3.97,5.8,KL-MUV-01
2008-02-05,4.09,9.6,KL-MUV-01
2008-02-06,4.19,0.2,KL-MUV-01
2008-02-07,4.19,0.0,KL-MUV-01
2008-02-08,4.41,0.0,KL-MUV-01
2008-02-09,5.03,2.3,KL-MUV-01
2008-02-10,5.5,4.4,KL-MUV-01
2008-02-11,5.81,1.5,KL-MUV-01
2008-02-12,6.28,2.3,KL-MUV-01
2008-02-13,6.59,0.4,KL-MUV-01
2008-02-14,6.66,0.0,KL-MUV-01
2008-02-15,6.66,0.0,KL-MUV-01
2008-02-16,6.46,0.3,KL-MUV-01
2008-02-17,6.24,0.0,KL-MUV-01
2008-02-18,6.13,0.0,KL-MUV-01
2008-02-19,5.9,0.0,KL-MUV-01
2008-02-20,5.65,0.0,KL-MUV-01
2008-02-21,5.44,0.0,KL-MUV-01
2008-02-22,5.28,0.0,KL-MUV-01
2008-02-23,5.1,0.0,KL-MUV-01
2008-02-24,4.94,0.0,KL-MUV-01
2008-02-25,4.78,0.0,KL-MUV-01
2008-02-26,4.62,0.0,KL-MUV-01
2008-02-27,4.5,0.0,KL-MUV-01
2008-02-28,4.37,0.0,KL-MUV-01
2008-02-29,4.22,0.0,KL-MUV-01
2008-03-01,4.19,1.9,KL-MUV-01
2008-03-02,4.5,1.2,KL-MUV-01
2008-03-03,4.6,0.0,KL-MUV-01
2008-03-04,4.5,0.0,KL-MUV-01
2008-03-05,4.35,0.0,KL-MUV-01
2008-03-06,4.22,0.0,KL-MUV-01
2008-03-07,4.09,0.0,KL-MUV-01
2008-03-08,4.0,0.0,KL-MUV-01
2008-03-09,3.91,0.0,KL-MUV-01
2008-03-10,3.84,0.0,KL-MUV-01
2008-03-11,3.79,0.0,KL-MUV-01
2008-03-12,3.79,0.3,KL-MUV-01
2008-03-13,4.19,5.7,KL-MUV-01
2008-03-14,5.44,14.4,KL-MUV-01
2008-03-15,7.22,3.2,KL-MUV-01
2008-03-16,8.44,4.0,KL-MUV-01
2008-03-17,9.21,8.1,KL-MUV-01
2008-03-18,10.25,5.6,KL-MUV-01
2008-03-19,10.75,11.7,KL-MUV-01
2008-03-20,12.37,28.6,KL-MUV-01
2008-03-21,14.74,6.7,KL-MUV-01
2008-03-22,15.67,16.6,KL-MUV-01
2008-03-23,16.95,9.9,KL-MUV-01
2008-03-24,16.58,1.7,KL-MUV-01
2008-03-25,15.67,0.0,KL-MUV-01
2008-03-26,14.74,0.0,KL-MUV-01
2008-03-27,13.89,0.0,KL-MUV-01
2008-03-28,13.42,13.7,KL-MUV-01
2008-03-29,13.62,3.5,KL-MUV-01
2008-03-30,13.39,9.0,KL-MUV-01
2008-03-31,14.7,2.9,KL-MUV-01
2008-04-01,14.56,2.7,KL-MUV-01
2008-04-02,16.86,17.3,KL-MUV-01
2008-04-03,20.38,8.0,KL-MUV-01
2008-04-04,20.93,3.9,KL-MUV-01
2008-04-05,20.73,0.5,KL-MUV-01
2008-04-06,19.65,1.8,KL-MUV-01
2008-04-07,19.04,0.0,KL-MUV-01
2008-04-08,18.28,1.0,KL-MUV-01
2008-04-09,18.28,0.0,KL-MUV-01
2008-04-10,18.14,0.1,KL-MUV-01
2008-04-11,18.5,1.4,KL-MUV-01
2008-04-12,19.61,2.3,KL-MUV-01
2008-04-13,20.13,4.0,KL-MUV-01
2008-04-14,19.7,0.4,KL-MUV-01
2008-04-15,19.14,3.4,KL-MUV-01
2008-04-16,18.77,0.8,KL-MUV-01
2008-04-17,18.14,0.8,KL-MUV-01
2008-04-18,17.58,4.6,KL-MUV-01
2008-04-19,17.32,0.2,KL-MUV-01
2008-04-20,16.7,0.5,KL-MUV-01
2008-04-21,16.18,0.3,KL-MUV-01
2008-04-22,15.48,1.9,KL-MUV-01
2008-04-23,14.85,0.8,KL-MUV-01
2008-04-24,14.45,4.0,KL-MUV-01
2008-04-25,15.29,4.8,KL-MUV-01
2008-04-26,17.24,15.3,KL-MUV-01
2008-04-27,20.33,4.1,KL-MUV-01
2008-04-28,20.13,6.7,KL-MUV-01
2008-04-29,20.93,7.0,KL-MUV-01
2008-04-30,20.43,4.9,KL-MUV-01
2008-05-01,19.56,4.6,KL-MUV-01
2008-05-02,18.82,0.0,KL-MUV-01
2008-05-03,17.71,0.6,KL-MUV-01
2008-05-04,16.86,12.3,KL-MUV-01
2008-05-05,17.24,5.9,KL-MUV-01
2008-05-06,16.99,0.6,KL-MUV-01
2008-05-07,16.14,10.6,KL-MUV-01
2008-05-08,15.63,10.2,KL-MUV-01
2008-05-09,15.67,9.8,KL-MUV-01
2008-05-10,16.3,16.5,KL-MUV-01
2008-05-11,17.58,6.9,KL-MUV-01
2008-05-12,17.92,9.6,KL-MUV-01
2008-05-13,17.28,10.1,KL-MUV-01
2008-05-14,17.45,0.5,KL-MUV-01
2008-05-15,16.66,4.5,KL-MUV-01
2008-05-16,16.3,1.2,KL-MUV-01
2008-05-17,16.02,10.7,KL-MUV-01
2008-05-18,15.98,6.7,KL-MUV-01
2008-05-19,15.52,7.6,KL-MUV-01
2008-05-20,15.26,15.1,KL-MUV-01
2008-05-21,15.29,13.7,KL-MUV-01
2008-05-22,15.48,12.7,KL-MUV-01
2008-05-23,15.41,16.1,KL-MUV-01
2008-05-24,15.56,5.9,KL-MUV-01
2008-05-25,15.37,12.2,KL-MUV-01
2008-05-26,15.67,20.3,KL-MUV-01
2008-05-27,16.82,6.0,KL-MUV-01
2008-05-28,16.99,7.9,KL-MUV-01
2008-05-29,16.95,6.0,KL-MUV-01
2008-05-30,16.42,17.6,KL-MUV-01
2008-05-31,17.37,19.0,KL-MUV-01
2008-06-01,17.97,11.1,KL-MUV-01
2008-06-02,18.36,7.2,KL-MUV-01
2008-06-03,17.97,19.7,KL-MUV-01
2008-06-04,18.5,14.3,KL-MUV-01
2008-06-05,18.59,1.2,KL-MUV-01
2008-06-06,17.71,4.6,KL-MUV-01
2008-06-07,16.95,9.6,KL-MUV-01
2008-06-08,16.7,34.9,KL-MUV-01
2008-06-09,18.41,34.9,KL-MUV-01
2008-06-10,20.98,10.3,KL-MUV-01
2008-06-11,20.68,3.4,KL-MUV-01
2008-06-12,19.89,8.1,KL-MUV-01
2008-06-13,19.32,9.4,KL-MUV-01
2008-06-14,19.32,7.9,KL-MUV-01
2008-06-15,19.14,6.2,KL-MUV-01
2008-06-16,18.59,5.6,KL-MUV-01
2008-06-17,18.45,7.5,KL-MUV-01
2008-06-18,18.14,22.8,KL-MUV-01
2008-06-19,18.77,12.4,KL-MUV-01
2008-06-20,18.68,20.0,KL-MUV-01
2008-06-21,18.59,15.3,KL-MUV-01
2008-06-22,19.04,27.5,KL-MUV-01
2008-06-23,19.42,7.6,KL-MUV-01
2008-06-24,18.86,4.4,KL-MUV-01
2008-06-25,18.41,14.9,KL-MUV-01
2008-06-26,19.18,6.2,KL-MUV-01
2008-06-27,19.18,19.1,KL-MUV-01
2008-06-28,20.68,28.7,KL-MUV-01
2008-06-29,23.66,23.4,KL-MUV-01
2008-06-30,24.47,23.5,KL-MUV-01
2008-07-01,25.42,35.5,KL-MUV-01
2008-07-02,27.12,1.7,KL-MUV-01
2008-07-03,25.73,2.7,KL-MUV-01
2008-07-04,24.18,0.7,KL-MUV-01
2008-07-05,22.82,3.1,KL-MUV-01
2008-07-06,21.8,7.1,KL-MUV-01
2008-07-07,21.23,9.1,KL-MUV-01
2008-07-08,20.78,5.8,KL-MUV-01
2008-07-09,20.09,5.5,KL-MUV-01
2008-07-10,19.51,8.0,KL-MUV-01
2008-07-11,19.18,4.0,KL-MUV-01
2008-07-12,18.54,2.0,KL-MUV-01
2008-07-13,17.62,0.5,KL-MUV-01
2008-07-14,16.86,12.0,KL-MUV-01
2008-07-15,66.45,53.5,KL-MUV-01
2008-07-16,60.38,27.0,KL-MUV-01
2008-07-17,49.0,11.3,KL-MUV-01
2008-07-18,42.35,14.6,KL-MUV-01
2008-07-19,39.83,25.7,KL-MUV-01
2008-07-20,38.63,9.5,KL-MUV-01
2008-07-21,37.19,8.0,KL-MUV-01
2008-07-22,36.5,10.5,KL-MUV-01
2008-07-23,39.18,28.3,KL-MUV-01
2008-07-24,44.92,25.0,KL-MUV-01
2008-07-25,47.75,33.0,KL-MUV-01
2008-07-26,47.75,17.4,KL-MUV-01
2008-07-27,56.02,37.7,KL-MUV-01
2008-07-28,64.61,27.7,KL-MUV-01
2008-07-29,66.45,27.8,KL-MUV-01
2008-07-30,64.61,17.4,KL-MUV-01
2008-07-31,61.95,17.0,KL-MUV-01
2008-08-01,59.12,14.6,KL-MUV-01
2008-08-02,56.28,0.2,KL-MUV-01
2008-08-03,52.33,3.5,KL-MUV-01
2008-08-04,49.12,0.8,KL-MUV-01
2008-08-05,45.88,3.5,KL-MUV-01
2008-08-06,43.06,1.5,KL-MUV-01
2008-08-07,40.5,3.8,KL-MUV-01
2008-08-08,38.45,12.1,KL-MUV-01
2008-08-09,36.93,10.5,KL-MUV-01
2008-08-10,35.9,10.3,KL-MUV-01
2008-08-11,34.97,15.7,KL-MUV-01
2008-08-12,43.98,69.3,KL-MUV-01
2008-08-13,53.33,35.2,KL-MUV-01
2008-08-14,54.46,42.3,KL-MUV-01
2008-08-15,52.83,26.3,KL-MUV-01
2008-08-16,50.52,0.7,KL-MUV-01
2008-08-17,46.64,0.7,KL-MUV-01
2008-08-18,43.36,1.7,KL-MUV-01
2008-08-19,40.5,2.9,KL-MUV-01
2008-08-20,38.08,4.5,KL-MUV-01
2008-08-21,35.9,10.7,KL-MUV-01
2008-08-22,33.99,3.0,KL-MUV-01
2008-08-23,32.11,1.5,KL-MUV-01
2008-08-24,30.41,1.7,KL-MUV-01
2008-08-25,28.58,6.8,KL-MUV-01
2008-08-26,27.12,3.6,KL-MUV-01
2008-08-27,26.16,6.9,KL-MUV-01
2008-08-28,26.1,3.3,KL-MUV-01
2008-08-29,25.61,4.7,KL-MUV-01
2008-08-30,25.55,8.1,KL-MUV-01
2008-08-31,26.04,19.0,KL-MUV-01
2008-09-01,26.93,2.1,KL-MUV-01
2008-09-02,25.61,2.2,KL-MUV-01
2008-09-03,24.29,6.9,KL-MUV-01
2008-09-04,23.66,6.9,KL-MUV-01
2008-09-05,22.88,6.9,KL-MUV-01
2008-09-06,22.17,15.1,KL-MUV-01
2008-09-07,23.32,24.8,KL-MUV-01
2008-09-08,25.12,29.9,KL-MUV-01
2008-09-09,26.1,11.9,KL-MUV-01
2008-09-10,25.92,20.4,KL-MUV-01
2008-09-11,27.64,14.1,KL-MUV-01
2008-09-12,29.55,7.4,KL-MUV-01
2008-09-13,28.99,1.9,KL-MUV-01
2008-09-14,27.58,3.0,KL-MUV-01
2008-09-15,26.54,5.5,KL-MUV-01
2008-09-16,25.12,6.0,KL-MUV-01
2008-09-17,23.95,0.8,KL-MUV-01
2008-09-18,22.66,1.2,KL-MUV-01
2008-09-19,21.39,3.7,KL-MUV-01
2008-09-20,20.33,14.6,KL-MUV-01
2008-09-21,20.09,0.9,KL-MUV-01
2008-09-22,19.23,0.2,KL-MUV-01
2008-09-23,18.36,1.7,KL-MUV-01
2008-09-24,17.41,3.1,KL-MUV-01
2008-09-25,16.58,3.2,KL-MUV-01
2008-09-26,15.9,0.5,KL-MUV-01
2008-09-27,15.07,0.0,KL-MUV-01
2008-09-28,14.24,0.0,KL-MUV-01
2008-09-29,13.45,0.0,KL-MUV-01
2008-09-30,12.74,0.7,KL-MUV-01
2008-10-01,12.09,0.5,KL-MUV-01
2008-10-02,11.47,0.0,KL-MUV-01
2008-10-03,10.89,0.0,KL-MUV-01
2008-10-04,10.32,0.0,KL-MUV-01
2008-10-05,9.81,0.0,KL-MUV-01
2008-10-06,9.38,2.2,KL-MUV-01
2008-10-07,9.64,6.7,KL-MUV-01
2008-10-08,9.76,1.2,KL-MUV-01
2008-10-09,9.72,19.9,KL-MUV-01
2008-10-10,10.4,0.6,KL-MUV-01
2008-10-11,10.94,9.0,KL-MUV-01
2008-10-12,12.09,14.2,KL-MUV-01
2008-10-13,13.52,4.7,KL-MUV-01
2008-10-14,15.26,16.5,KL-MUV-01
2008-10-15,17.92,7.8,KL-MUV-01
2008-10-16,20.09,9.6,KL-MUV-01
2008-10-17,21.08,6.0,KL-MUV-01
2008-10-18,22.28,10.6,KL-MUV-01
2008-10-19,25.12,10.0,KL-MUV-01
2008-10-20,31.73,21.8,KL-MUV-01
2008-10-21,41.66,60.6,KL-MUV-01
2008-10-22,43.87,18.5,KL-MUV-01
2008-10-23,41.66,28.4,KL-MUV-01
2008-10-24,41.17,22.5,KL-MUV-01
2008-10-25,40.69,10.7,KL-MUV-01
2008-10-26,38.81,4.5,KL-MUV-01
2008-10-27,36.67,1.3,KL-MUV-01
2008-10-28,34.4,1.7,KL-MUV-01
2008-10-29,33.2,0.8,KL-MUV-01
2008-10-30,31.51,0.2,KL-MUV-01
2008-10-31,29.97,0.0,KL-MUV-01
2008-11-01,28.72,1.3,KL-MUV-01
2008-11-02,27.64,0.3,KL-MUV-01
2008-11-03,26.23,0.0,KL-MUV-01
2008-11-04,24.76,0.0,KL-MUV-01
2008-11-05,23.43,0.8,KL-MUV-01
2008-11-06,22.23,0.8,KL-MUV-01
2008-11-07,21.18,0.8,KL-MUV-01
2008-11-08,20.88,4.0,KL-MUV-01
2008-11-09,22.17,2.2,KL-MUV-01
2008-11-10,22.17,0.1,KL-MUV-01
2008-11-11,22.01,1.9,KL-MUV-01
2008-11-12,21.34,1.2,KL-MUV-01
2008-11-13,20.78,1.1,KL-MUV-01
2008-11-14,20.13,0.3,KL-MUV-01
2008-11-15,19.18,0.0,KL-MUV-01
2008-11-16,18.19,1.8,KL-MUV-01
2008-11-17,17.32,1.0,KL-MUV-01
2008-11-18,16.58,1.5,KL-MUV-01
2008-11-19,16.5,7.1,KL-MUV-01
2008-11-20,17.79,2.7,KL-MUV-01
2008-11-21,18.82,1.1,KL-MUV-01
2008-11-22,20.83,12.1,KL-MUV-01
2008-11-23,25.55,32.1,KL-MUV-01
2008-11-24,30.41,6.1,KL-MUV-01
2008-11-25,32.11,0.0,KL-MUV-01
2008-11-26,30.48,0.0,KL-MUV-01
2008-11-27,28.44,1.5,KL-MUV-01
2008-11-28,26.8,11.1,KL-MUV-01
2008-11-29,27.84,4.1,KL-MUV-01
2008-11-30,30.41,4.1,KL-MUV-01
2008-12-01,30.84,0.0,KL-MUV-01
2008-12-02,29.69,0.9,KL-MUV-01
2008-12-03,28.44,0.0,KL-MUV-01
2008-12-04,26.93,0.0,KL-MUV-01
2008-12-05,25.3,0.0,KL-MUV-01
2008-12-06,24.06,1.2,KL-MUV-01
2008-12-07,22.99,0.3,KL-MUV-01
2008-12-08,24.06,5.3,KL-MUV-01
2008-12-09,26.99,12.3,KL-MUV-01
2008-12-10,28.38,1.5,KL-MUV-01
2008-12-11,28.04,0.8,KL-MUV-01
2008-12-12,26.93,0.0,KL-MUV-01
2008-12-13,25.49,0.9,KL-MUV-01
2008-12-14,24.18,2.3,KL-MUV-01
2008-12-15,26.16,0.6,KL-MUV-01
2008-12-16,28.92,1.3,KL-MUV-01
2008-12-17,29.34,0.0,KL-MUV-01
2008-12-18,27.64,4.4,KL-MUV-01
2008-12-19,27.05,2.0,KL-MUV-01
2008-12-20,26.16,0.0,KL-MUV-01
2008-12-21,25.0,0.0,KL-MUV-01
2008-12-22,23.77,0.0,KL-MUV-01
2008-12-23,23.1,0.0,KL-MUV-01
2008-12-24,22.17,0.0,KL-MUV-01
2008-12-25,20.88,0.0,KL-MUV-01
2008-12-26,19.8,0.0,KL-MUV-01
2008-12-27,18.68,0.0,KL-MUV-01
2008-12-28,17.58,0.0,KL-MUV-01
2008-12-29,16.66,0.0,KL-MUV-01
2008-12-30,15.75,0.0,KL-MUV-01
2008-12-31,14.92,0.0,KL-MUV-01
2009-01-01,14.1,0.0,KL-MUV-01
2009-01-02,13.35,0.0,KL-MUV-01
2009-01-03,12.65,0.0,KL-MUV-01
2009-01-04,11.97,0.0,KL-MUV-01
2009-01-05,11.36,0.0,KL-MUV-01
2009-01-06,10.83,0.0,KL-MUV-01
2009-01-07,10.38,0.0,KL-MUV-01
2009-01-08,9.89,0.0,KL-MUV-01
2009-01-09,9.42,0.0,KL-MUV-01
2009-01-10,8.98,0.0,KL-MUV-01
2009-01-11,8.29,0.0,KL-MUV-01
2009-01-12,7.85,0.0,KL-MUV-01
2009-01-13,7.49,0.0,KL-MUV-01
2009-01-14,7.13,0.0,KL-MUV-01
2009-01-15,6.82,0.0,KL-MUV-01
2009-01-16,6.5,0.0,KL-MUV-01
2009-01-17,6.21,0.0,KL-MUV-01
2009-01-18,5.93,0.0,KL-MUV-01
2009-01-19,5.68,0.0,KL-MUV-01
2009-01-20,5.44,0.0,KL-MUV-01
2009-01-21,5.37,0.0,KL-MUV-01
2009-01-22,5.28,0.0,KL-MUV-01
2009-01-23,5.1,0.0,KL-MUV-01
2009-01-24,4.9,0.0,KL-MUV-01
2009-01-25,4.75,0.0,KL-MUV-01
2009-01-26,4.6,0.0,KL-MUV-01
2009-01-27,4.56,5.6,KL-MUV-01
2009-01-28,5.25,0.2,KL-MUV-01
2009-01-29,5.41,0.0,KL-MUV-01
2009-01-30,5.25,0.0,KL-MUV-01
2009-01-31,5.19,0.0,KL-MUV-01
2009-02-01,5.03,0.0,KL-MUV-01
2009-02-02,4.87,0.0,KL-MUV-01
2009-02-03,4.71,0.0,KL-MUV-01
2009-02-04,4.56,0.0,KL-MUV-01
2009-02-05,4.43,0.0,KL-MUV-01
2009-02-06,4.31,0.0,KL-MUV-01
2009-02-07,4.22,0.0,KL-MUV-01
2009-02-08,4.15,0.0,KL-MUV-01
2009-02-09,4.09,0.0,KL-MUV-01
2009-02-10,4.0,0.0,KL-MUV-01
2009-02-11,3.94,0.0,KL-MUV-01
2009-02-12,3.88,0.0,KL-MUV-01
2009-02-13,3.84,0.0,KL-MUV-01
2009-02-14,3.79,0.0,KL-MUV-01
2009-02-15,3.75,0.0,KL-MUV-01
2009-02-16,3.69,0.0,KL-MUV-01
2009-02-17,3.66,0.0,KL-MUV-01
2009-02-18,3.66,0.0,KL-MUV-01
2009-02-19,3.66,0.0,KL-MUV-01
2009-02-20,3.62,0.0,KL-MUV-01
2009-02-21,3.62,0.0,KL-MUV-01
2009-02-22,3.62,0.0,KL-MUV-01
2009-02-23,3.62,0.0,KL-MUV-01
2009-02-24,3.66,0.0,KL-MUV-01
2009-02-25,3.62,0.0,KL-MUV-01
2009-02-26,3.62,0.0,KL-MUV-01
2009-02-27,3.59,0.0,KL-MUV-01
2009-02-28,3.56,0.0,KL-MUV-01
2009-03-01,3.53,0.0,KL-MUV-01
2009-03-02,3.53,0.0,KL-MUV-01
2009-03-03,3.53,0.0,KL-MUV-01
2009-03-04,3.5,0.0,KL-MUV-01
2009-03-05,3.5,0.0,KL-MUV-01
2009-03-06,3.5,0.0,KL-MUV-01
2009-03-07,3.47,0.0,KL-MUV-01
2009-03-08,3.47,0.0,KL-MUV-01
2009-03-09,3.53,0.0,KL-MUV-01
2009-03-10,3.59,0.0,KL-MUV-01
2009-03-11,3.62,4.3,KL-MUV-01
2009-03-12,3.75,6.7,KL-MUV-01
2009-03-13,3.97,1.8,KL-MUV-01
2009-03-14,4.19,10.5,KL-MUV-01
2009-03-15,4.35,7.6,KL-MUV-01
2009-03-16,4.41,0.2,KL-MUV-01
2009-03-17,4.31,0.6,KL-MUV-01
2009-03-18,4.22,0.0,KL-MUV-01
2009-03-19,4.13,0.0,KL-MUV-01
2009-03-20,4.04,0.0,KL-MUV-01
2009-03-21,3.94,1.4,KL-MUV-01
2009-03-22,3.91,1.8,KL-MUV-01
2009-03-23,3.88,4.3,KL-MUV-01
2009-03-24,3.91,6.5,KL-MUV-01
2009-03-25,3.97,0.0,KL-MUV-01
2009-03-26,3.91,2.9,KL-MUV-01
2009-03-27,3.91,1.2,KL-MUV-01
2009-03-28,3.97,4.3,KL-MUV-01
2009-03-29,4.09,0.1,KL-MUV-01
2009-03-30,4.09,0.1,KL-MUV-01
2009-03-31,4.0,0.0,KL-MUV-01
2009-04-01,3.91,0.8,KL-MUV-01
2009-04-02,3.88,0.0,KL-MUV-01
2009-04-03,3.81,0.0,KL-MUV-01
2009-04-04,3.75,0.0,KL-MUV-01
2009-04-05,3.72,0.2,KL-MUV-01
2009-04-06,3.66,0.0,KL-MUV-01
2009-04-07,3.79,11.4,KL-MUV-01
2009-04-08,4.04,1.3,KL-MUV-01
2009-04-09,4.15,0.9,KL-MUV-01
2009-04-10,4.31,4.3,KL-MUV-01
2009-04-11,4.53,4.5,KL-MUV-01
2009-04-12,4.6,0.0,KL-MUV-01
2009-04-13,4.47,2.4,KL-MUV-01
2009-04-14,4.37,0.3,KL-MUV-01
2009-04-15,4.28,11.0,KL-MUV-01
2009-04-16,4.22,4.0,KL-MUV-01
2009-04-17,4.19,1.4,KL-MUV-01
2009-04-18,4.13,0.3,KL-MUV-01
2009-04-19,4.06,3.8,KL-MUV-01
2009-04-20,4.06,4.6,KL-MUV-01
2009-04-21,4.19,5.1,KL-MUV-01
2009-04-22,4.5,17.1,KL-MUV-01
2009-04-23,5.07,6.5,KL-MUV-01
2009-04-24,5.19,6.0,KL-MUV-01
2009-04-25,5.19,0.7,KL-MUV-01
2009-04-26,5.1,0.0,KL-MUV-01
2009-04-27,4.97,0.0,KL-MUV-01
2009-04-28,5.03,4.6,KL-MUV-01
2009-04-29,5.12,6.5,KL-MUV-01
2009-04-30,5.37,18.4,KL-MUV-01
2009-05-01,5.56,3.8,KL-MUV-01
2009-05-02,5.47,2.6,KL-MUV-01
2009-05-03,5.34,0.0,KL-MUV-01
2009-05-04,5.12,0.0,KL-MUV-01
2009-05-05,4.94,0.0,KL-MUV-01
2009-05-06,4.78,4.6,KL-MUV-01
2009-05-07,4.75,2.1,KL-MUV-01
2009-05-08,4.71,8.7,KL-MUV-01
2009-05-09,4.71,1.9,KL-MUV-01
2009-05-10,4.71,16.8,KL-MUV-01
2009-05-11,4.85,0.8,KL-MUV-01
2009-05-12,4.87,3.7,KL-MUV-01
2009-05-13,4.87,2.1,KL-MUV-01
2009-05-14,5.12,1.1,KL-MUV-01
2009-05-15,5.15,9.5,KL-MUV-01
2009-05-16,5.44,11.9,KL-MUV-01
2009-05-17,5.65,10.2,KL-MUV-01
2009-05-18,6.0,7.9,KL-MUV-01
2009-05-19,6.74,41.0,KL-MUV-01
2009-05-20,8.77,26.5,KL-MUV-01
2009-05-21,10.07,13.4,KL-MUV-01
2009-05-22,10.78,14.0,KL-MUV-01
2009-05-23,11.22,11.6,KL-MUV-01
2009-05-24,11.53,22.0,KL-MUV-01
2009-05-25,13.45,22.0,KL-MUV-01
2009-05-26,14.28,7.9,KL-MUV-01
2009-05-27,14.21,16.8,KL-MUV-01
2009-05-28,13.72,1.2,KL-MUV-01
2009-05-29,13.09,3.7,KL-MUV-01
2009-05-30,12.96,32.0,KL-MUV-01
2009-05-31,14.0,12.0,KL-MUV-01
2009-06-01,14.45,7.3,KL-MUV-01
2009-06-02,14.17,4.0,KL-MUV-01
2009-06-03,13.76,6.6,KL-MUV-01
2009-06-04,13.32,7.3,KL-MUV-01
2009-06-05,13.96,37.9,KL-MUV-01
2009-06-06,34.56,49.5,KL-MUV-01
2009-06-07,41.36,17.4,KL-MUV-01
2009-06-08,39.46,11.1,KL-MUV-01
2009-06-09,37.02,2.0,KL-MUV-01
2009-06-10,33.83,2.4,KL-MUV-01
2009-06-11,31.43,15.7,KL-MUV-01
2009-06-12,29.9,13.4,KL-MUV-01
2009-06-13,28.72,32.1,KL-MUV-01
2009-06-14,28.58,14.3,KL-MUV-01
2009-06-15,27.97,15.5,KL-MUV-01
2009-06-16,27.58,19.6,KL-MUV-01
2009-06-17,27.12,16.7,KL-MUV-01
2009-06-18,28.65,39.5,KL-MUV-01
2009-06-19,30.92,9.8,KL-MUV-01
2009-06-20,30.19,8.9,KL-MUV-01
2009-06-21,29.06,15.9,KL-MUV-01
2009-06-22,28.04,28.3,KL-MUV-01
2009-06-23,27.84,22.5,KL-MUV-01
2009-06-24,27.77,22.8,KL-MUV-01
2009-06-25,27.64,25.6,KL-MUV-01
2009-06-26,29.2,29.1,KL-MUV-01
2009-06-27,31.43,27.4,KL-MUV-01
2009-06-28,32.81,10.8,KL-MUV-01
2009-06-29,35.98,44.9,KL-MUV-01
2009-06-30,50.05,48.1,KL-MUV-01
2009-07-01,58.7,41.3,KL-MUV-01
2009-07-02,63.42,41.9,KL-MUV-01
2009-07-03,70.94,47.5,KL-MUV-01
2009-07-04,73.3,29.2,KL-MUV-01
2009-07-05,75.21,35.0,KL-MUV-01
2009-07-06,78.43,44.7,KL-MUV-01
2009-07-07,75.91,16.2,KL-MUV-01
2009-07-08,75.91,26.6,KL-MUV-01
2009-07-09,74.51,9.1,KL-MUV-01
2009-07-10,70.45,3.5,KL-MUV-01
2009-07-11,65.22,4.1,KL-MUV-01
2009-07-12,61.09,3.9,KL-MUV-01
2009-07-13,57.75,13.0,KL-MUV-01
2009-07-14,56.81,15.0,KL-MUV-01
2009-07-15,66.92,46.5,KL-MUV-01
2009-07-16,77.89,37.4,KL-MUV-01
2009-07-17,95.83,54.4,KL-MUV-01
2009-07-18,92.33,9.5,KL-MUV-01
2009-07-19,82.56,14.9,KL-MUV-01
2009-07-20,75.56,9.4,KL-MUV-01
2009-07-21,70.12,4.0,KL-MUV-01
2009-07-22,65.37,5.1,KL-MUV-01
2009-07-23,61.37,7.1,KL-MUV-01
2009-07-24,57.48,0.2,KL-MUV-01
2009-07-25,53.58,1.1,KL-MUV-01
2009-07-26,50.05,3.6,KL-MUV-01
2009-07-27,46.86,15.1,KL-MUV-01
2009-07-28,44.71,4.7,KL-MUV-01
2009-07-29,42.25,20.0,KL-MUV-01
2009-07-30,41.17,10.3,KL-MUV-01
2009-07-31,40.02,34.8,KL-MUV-01
2009-08-01,41.07,21.2,KL-MUV-01
2009-08-02,40.88,2.6,KL-MUV-01
2009-08-03,38.99,4.6,KL-MUV-01
2009-08-04,36.93,4.7,KL-MUV-01
2009-08-05,35.22,6.5,KL-MUV-01
2009-08-06,33.59,7.5,KL-MUV-01
2009-08-07,32.5,3.3,KL-MUV-01
2009-08-08,30.84,1.7,KL-MUV-01
2009-08-09,29.34,4.3,KL-MUV-01
2009-08-10,28.04,2.7,KL-MUV-01
2009-08-11,26.93,6.9,KL-MUV-01
2009-08-12,25.98,1.8,KL-MUV-01
2009-08-13,24.64,1.0,KL-MUV-01
2009-08-14,23.6,12.7,KL-MUV-01
2009-08-15,23.77,6.4,KL-MUV-01
2009-08-16,22.99,8.4,KL-MUV-01
2009-08-17,23.21,10.9,KL-MUV-01
2009-08-18,22.82,7.0,KL-MUV-01
2009-08-19,23.21,12.5,KL-MUV-01
2009-08-20,24.35,8.3,KL-MUV-01
2009-08-21,26.16,41.8,KL-MUV-01
2009-08-22,27.38,12.2,KL-MUV-01
2009-08-23,27.51,25.6,KL-MUV-01
2009-08-24,28.38,14.9,KL-MUV-01
2009-08-25,27.71,7.1,KL-MUV-01
2009-08-26,26.93,24.9,KL-MUV-01
2009-08-27,26.61,12.9,KL-MUV-01
2009-08-28,26.16,5.2,KL-MUV-01
2009-08-29,25.3,5.4,KL-MUV-01
2009-08-30,24.18,4.7,KL-MUV-01
2009-08-31,23.32,12.9,KL-MUV-01
2009-09-01,23.55,31.6,KL-MUV-01
2009-09-02,26.42,23.3,KL-MUV-01
2009-09-03,28.44,16.1,KL-MUV-01
2009-09-04,31.28,17.0,KL-MUV-01
2009-09-05,40.3,37.6,KL-MUV-01
2009-09-06,49.58,28.2,KL-MUV-01
2009-09-07,50.76,11.4,KL-MUV-01
2009-09-08,48.89,7.3,KL-MUV-01
2009-09-09,45.88,3.1,KL-MUV-01
2009-09-10,42.55,0.2,KL-MUV-01
2009-09-11,39.55,0.7,KL-MUV-01
2009-09-12,36.84,0.6,KL-MUV-01
2009-09-13,37.9,19.6,KL-MUV-01
2009-09-14,48.43,15.9,KL-MUV-01
2009-09-15,49.7,1.5,KL-MUV-01
2009-09-16,45.56,6.3,KL-MUV-01
2009-09-17,42.75,22.3,KL-MUV-01
2009-09-18,53.08,58.4,KL-MUV-01
2009-09-19,55.36,13.7,KL-MUV-01
2009-09-20,51.12,12.8,KL-MUV-01
2009-09-21,47.75,5.2,KL-MUV-01
2009-09-22,45.24,11.3,KL-MUV-01
2009-09-23,43.06,15.5,KL-MUV-01
2009-09-24,40.69,2.5,KL-MUV-01
2009-09-25,37.99,3.5,KL-MUV-01
2009-09-26,35.9,23.0,KL-MUV-01
2009-09-27,35.39,16.6,KL-MUV-01
2009-09-28,34.48,10.4,KL-MUV-01
2009-09-29,33.2,6.5,KL-MUV-01
2009-09-30,32.57,9.3,KL-MUV-01
2009-10-01,49.7,34.1,KL-MUV-01
2009-10-02,75.56,54.3,KL-MUV-01
2009-10-03,74.86,23.1,KL-MUV-01
2009-10-04,67.55,7.4,KL-MUV-01
2009-10-05,60.38,2.6,KL-MUV-01
2009-10-06,54.85,1.2,KL-MUV-01
2009-10-07,50.29,1.6,KL-MUV-01
2009-10-08,46.53,1.3,KL-MUV-01
2009-10-09,43.16,0.2,KL-MUV-01
2009-10-10,40.11,0.0,KL-MUV-01
2009-10-11,37.37,0.0,KL-MUV-01
2009-10-12,35.06,2.3,KL-MUV-01
2009-10-13,34.48,0.7,KL-MUV-01
2009-10-14,33.67,7.2,KL-MUV-01
2009-10-15,33.99,0.6,KL-MUV-01
2009-10-16,33.75,4.9,KL-MUV-01
2009-10-17,33.67,0.5,KL-MUV-01
2009-10-18,32.04,2.7,KL-MUV-01
2009-10-19,30.41,0.8,KL-MUV-01
2009-10-20,29.41,1.1,KL-MUV-01
2009-10-21,28.99,1.3,KL-MUV-01
2009-10-22,27.91,1.3,KL-MUV-01
2009-10-23,26.35,0.0,KL-MUV-01
2009-10-24,24.88,0.1,KL-MUV-01
2009-10-25,23.43,4.8,KL-MUV-01
2009-10-26,22.44,3.1,KL-MUV-01
2009-10-27,21.54,0.0,KL-MUV-01
2009-10-28,21.03,3.7,KL-MUV-01
2009-10-29,21.34,1.0,KL-MUV-01
2009-10-30,22.28,0.3,KL-MUV-01
2009-10-31,23.21,0.6,KL-MUV-01
2009-11-01,25.0,0.0,KL-MUV-01
2009-11-02,25.18,7.4,KL-MUV-01
2009-11-03,26.61,6.4,KL-MUV-01
2009-11-04,34.89,17.3,KL-MUV-01
2009-11-05,40.21,6.4,KL-MUV-01
2009-11-06,48.43,22.3,KL-MUV-01
2009-11-07,79.17,109.3,KL-MUV-01
2009-11-08,90.62,51.8,KL-MUV-01
2009-11-09,89.16,15.6,KL-MUV-01
2009-11-10,81.79,9.5,KL-MUV-01
2009-11-11,72.96,3.4,KL-MUV-01
2009-11-12,66.14,1.2,KL-MUV-01
2009-11-13,61.09,4.5,KL-MUV-01
2009-11-14,67.39,17.4,KL-MUV-01
2009-11-15,73.13,17.2,KL-MUV-01
2009-11-16,71.28,6.2,KL-MUV-01
2009-11-17,65.68,1.0,KL-MUV-01
2009-11-18,60.38,1.4,KL-MUV-01
2009-11-19,56.28,7.4,KL-MUV-01
2009-11-20,54.21,6.0,KL-MUV-01
2009-11-21,54.08,10.2,KL-MUV-01
2009-11-22,56.81,6.0,KL-MUV-01
2009-11-23,57.34,0.2,KL-MUV-01
2009-11-24,54.08,4.1,KL-MUV-01
2009-11-25,52.58,2.5,KL-MUV-01
2009-11-26,50.76,0.6,KL-MUV-01
2009-11-27,48.09,0.6,KL-MUV-01
2009-11-28,45.45,0.0,KL-MUV-01
2009-11-29,42.55,0.0,KL-MUV-01
2009-11-30,40.21,0.0,KL-MUV-01
2009-12-01,51.6,13.3,KL-MUV-01
2009-12-02,54.59,11.3,KL-MUV-01
2009-12-03,52.46,5.7,KL-MUV-01
2009-12-04,49.82,5.6,KL-MUV-01
2009-12-05,47.42,1.0,KL-MUV-01
2009-12-06,44.39,0.3,KL-MUV-01
2009-12-07,41.66,0.0,KL-MUV-01
2009-12-08,39.09,0.0,KL-MUV-01
2009-12-09,36.58,0.0,KL-MUV-01
2009-12-10,34.4,0.0,KL-MUV-01
2009-12-11,32.27,0.0,KL-MUV-01
2009-12-12,30.26,0.0,KL-MUV-01
2009-12-13,28.58,0.0,KL-MUV-01
2009-12-14,27.58,4.3,KL-MUV-01
2009-12-15,27.71,0.0,KL-MUV-01
2009-12-16,29.9,6.1,KL-MUV-01
2009-12-17,31.96,0.6,KL-MUV-01
2009-12-18,30.62,0.0,KL-MUV-01
2009-12-19,29.06,0.1,KL-MUV-01
2009-12-20,27.58,0.0,KL-MUV-01
2009-12-21,26.35,0.6,KL-MUV-01
2009-12-22,26.61,3.7,KL-MUV-01
2009-12-23,26.67,1.4,KL-MUV-01
2009-12-24,25.98,0.0,KL-MUV-01
2009-12-25,24.76,0.1,KL-MUV-01
2009-12-26,23.95,0.1,KL-MUV-01
2009-12-27,23.6,6.1,KL-MUV-01
2009-12-28,24.41,1.0,KL-MUV-01
2009-12-29,25.79,0.4,KL-MUV-01
2009-12-30,26.8,0.2,KL-MUV-01
2009-12-31,25.85,0.0,KL-MUV-01
2010-01-01,24.64,0.0,KL-MUV-01
2010-01-02,23.72,0.6,KL-MUV-01
2010-01-03,23.43,0.5,KL-MUV-01
2010-01-04,22.88,0.0,KL-MUV-01
2010-01-05,21.7,0.0,KL-MUV-01
2010-01-06,20.48,0.0,KL-MUV-01
2010-01-07,19.42,0.0,KL-MUV-01
2010-01-08,18.32,0.0,KL-MUV-01
2010-01-09,17.49,2.1,KL-MUV-01
2010-01-10,17.79,2.2,KL-MUV-01
2010-01-11,18.36,0.0,KL-MUV-01
2010-01-12,18.77,1.1,KL-MUV-01
2010-01-13,18.01,1.1,KL-MUV-01
2010-01-14,18.14,0.0,KL-MUV-01
2010-01-15,17.28,0.0,KL-MUV-01
2010-01-16,16.38,0.0,KL-MUV-01
2010-01-17,15.44,0.0,KL-MUV-01
2010-01-18,14.6,0.0,KL-MUV-01
2010-01-19,13.76,0.0,KL-MUV-01
2010-01-20,13.03,0.0,KL-MUV-01
2010-01-21,12.43,0.0,KL-MUV-01
2010-01-22,11.82,0.0,KL-MUV-01
2010-01-23,11.25,0.0,KL-MUV-01
2010-01-24,10.67,0.0,KL-MUV-01
2010-01-25,10.19,0.0,KL-MUV-01
2010-01-26,9.69,0.0,KL-MUV-01
2010-01-27,9.21,0.0,KL-MUV-01
2010-01-28,8.77,0.0,KL-MUV-01
2010-01-29,8.38,0.0,KL-MUV-01
2010-01-30,7.97,0.0,KL-MUV-01
2010-01-31,7.79,0.0,KL-MUV-01
2010-02-01,7.47,0.1,KL-MUV-01
2010-02-02,7.17,0.0,KL-MUV-01
2010-02-03,6.87,0.0,KL-MUV-01
2010-02-04,6.59,0.0,KL-MUV-01
2010-02-05,6.35,0.0,KL-MUV-01
2010-02-06,6.1,0.0,KL-MUV-01
2010-02-07,5.9,0.0,KL-MUV-01
2010-02-08,5.68,0.0,KL-MUV-01
2010-02-09,5.47,0.0,KL-MUV-01
2010-02-10,5.31,0.0,KL-MUV-01
2010-02-11,5.15,0.0,KL-MUV-01
2010-02-12,4.97,0.0,KL-MUV-01
2010-02-13,4.81,0.0,KL-MUV-01
2010-02-14,4.69,0.0,KL-MUV-01
2010-02-15,4.56,0.0,KL-MUV-01
2010-02-16,4.43,0.0,KL-MUV-01
2010-02-17,4.35,0.0,KL-MUV-01
2010-02-18,4.25,0.0,KL-MUV-01
2010-02-19,4.19,0.0,KL-MUV-01
2010-02-20,4.09,0.0,KL-MUV-01
2010-02-21,4.0,0.0,KL-MUV-01
2010-02-22,3.94,0.0,KL-MUV-01
2010-02-23,3.91,0.0,KL-MUV-01
2010-02-24,3.88,1.1,KL-MUV-01
2010-02-25,3.88,0.0,KL-MUV-01
2010-02-26,3.84,0.2,KL-MUV-01
2010-02-27,3.81,0.0,KL-MUV-01
2010-02-28,3.79,0.0,KL-MUV-01
2010-03-01,3.75,0.0,KL-MUV-01
2010-03-02,3.72,0.1,KL-MUV-01
2010-03-03,3.66,0.0,KL-MUV-01
2010-03-04,3.66,0.2,KL-MUV-01
2010-03-05,3.62,1.4,KL-MUV-01
2010-03-06,3.62,1.4,KL-MUV-01
2010-03-07,3.59,0.0,KL-MUV-01
2010-03-08,3.59,0.0,KL-MUV-01
2010-03-09,3.56,0.0,KL-MUV-01
2010-03-10,3.59,0.0,KL-MUV-01
2010-03-11,3.62,0.0,KL-MUV-01
2010-03-12,3.59,0.0,KL-MUV-01
2010-03-13,3.56,0.0,KL-MUV-01
2010-03-14,3.53,0.0,KL-MUV-01
2010-03-15,3.53,0.0,KL-MUV-01
2010-03-16,3.56,9.3,KL-MUV-01
2010-03-17,3.59,0.0,KL-MUV-01
2010-03-18,3.56,0.0,KL-MUV-01
2010-03-19,3.56,0.0,KL-MUV-01
2010-03-20,3.53,0.0,KL-MUV-01
2010-03-21,3.5,0.0,KL-MUV-01
2010-03-22,3.5,0.0,KL-MUV-01
2010-03-23,3.47,0.0,KL-MUV-01
2010-03-24,3.47,0.0,KL-MUV-01
2010-03-25,3.47,0.5,KL-MUV-01
2010-03-26,3.47,1.1,KL-MUV-01
2010-03-27,3.53,1.4,KL-MUV-01
2010-03-28,3.5,1.2,KL-MUV-01
2010-03-29,3.56,4.1,KL-MUV-01
2010-03-30,3.66,6.6,KL-MUV-01
2010-03-31,3.66,4.6,KL-MUV-01
2010-04-01,3.62,0.4,KL-MUV-01
2010-04-02,3.59,0.0,KL-MUV-01
2010-04-03,3.59,2.4,KL-MUV-01
2010-04-04,3.66,0.2,KL-MUV-01
2010-04-05,3.79,17.1,KL-MUV-01
2010-04-06,4.04,4.1,KL-MUV-01
2010-04-07,4.31,0.2,KL-MUV-01
2010-04-08,4.31,0.0,KL-MUV-01
2010-04-09,4.31,0.6,KL-MUV-01
2010-04-10,4.28,0.0,KL-MUV-01
2010-04-11,4.15,0.1,KL-MUV-01
2010-04-12,4.13,3.9,KL-MUV-01
2010-04-13,4.15,1.4,KL-MUV-01
2010-04-14,4.19,6.8,KL-MUV-01
2010-04-15,4.22,1.6,KL-MUV-01
2010-04-16,4.22,9.0,KL-MUV-01
2010-04-17,4.25,7.9,KL-MUV-01
2010-04-18,4.28,7.9,KL-MUV-01
2010-04-19,4.28,2.8,KL-MUV-01
2010-04-20,4.37,6.8,KL-MUV-01
2010-04-21,4.71,6.3,KL-MUV-01
2010-04-22,4.94,1.1,KL-MUV-01
2010-04-23,4.94,14.1,KL-MUV-01
2010-04-24,5.1,7.0,KL-MUV-01
2010-04-25,5.28,8.0,KL-MUV-01
2010-04-26,5.59,9.5,KL-MUV-01
2010-04-27,5.75,2.6,KL-MUV-01
2010-04-28,5.65,5.0,KL-MUV-01
2010-04-29,5.53,1.5,KL-MUV-01
2010-04-30,5.53,8.3,KL-MUV-01
2010-05-01,5.81,6.6,KL-MUV-01
2010-05-02,6.0,23.1,KL-MUV-01
2010-05-03,6.31,6.5,KL-MUV-01
2010-05-04,6.43,1.4,KL-MUV-01
2010-05-05,6.28,1.1,KL-MUV-01
2010-05-06,6.1,0.3,KL-MUV-01
2010-05-07,5.9,5.4,KL-MUV-01
2010-05-08,6.03,5.4,KL-MUV-01
2010-05-09,6.31,9.7,KL-MUV-01
2010-05-10,6.66,2.6,KL-MUV-01
2010-05-11,6.62,3.7,KL-MUV-01
2010-05-12,6.78,6.8,KL-MUV-01
2010-05-13,7.22,2.4,KL-MUV-01
2010-05-14,7.28,5.4,KL-MUV-01
2010-05-15,7.22,4.2,KL-MUV-01
2010-05-16,7.24,11.7,KL-MUV-01
2010-05-17,7.87,23.5,KL-MUV-01
2010-05-18,9.3,7.9,KL-MUV-01
2010-05-19,9.79,9.6,KL-MUV-01
2010-05-20,10.4,42.7,KL-MUV-01
2010-05-21,13.09,10.1,KL-MUV-01
2010-05-22,13.29,2.9,KL-MUV-01
2010-05-23,12.93,17.1,KL-MUV-01
2010-05-24,14.42,20.8,KL-MUV-01
2010-05-25,15.94,11.7,KL-MUV-01
2010-05-26,17.11,4.5,KL-MUV-01
2010-05-27,17.16,12.6,KL-MUV-01
2010-05-28,17.54,20.3,KL-MUV-01
2010-05-29,17.92,7.8,KL-MUV-01
2010-05-30,18.14,18.4,KL-MUV-01
2010-05-31,18.68,1.9,KL-MUV-01
2010-06-01,17.88,1.6,KL-MUV-01
2010-06-02,17.11,13.2,KL-MUV-01
2010-06-03,16.82,3.8,KL-MUV-01
2010-06-04,16.74,12.9,KL-MUV-01
2010-06-05,17.62,29.1,KL-MUV-01
2010-06-06,19.7,9.5,KL-MUV-01
2010-06-07,20.13,17.2,KL-MUV-01
2010-06-08,20.88,23.3,KL-MUV-01
2010-06-09,23.1,34.5,KL-MUV-01
2010-06-10,25.73,45.3,KL-MUV-01
2010-06-11,46.42,76.9,KL-MUV-01
2010-06-12,80.28,51.9,KL-MUV-01
2010-06-13,97.4,39.9,KL-MUV-01
2010-06-14,91.9,34.8,KL-MUV-01
2010-06-15,82.18,2.0,KL-MUV-01
2010-06-16,72.79,6.9,KL-MUV-01
2010-06-17,66.14,21.0,KL-MUV-01
2010-06-18,62.1,10.0,KL-MUV-01
2010-06-19,58.16,13.0,KL-MUV-01
2010-06-20,54.98,2.8,KL-MUV-01
2010-06-21,51.48,4.2,KL-MUV-01
2010-06-22,48.2,13.4,KL-MUV-01
2010-06-23,52.7,53.3,KL-MUV-01
2010-06-24,54.72,25.0,KL-MUV-01
2010-06-25,53.83,14.0,KL-MUV-01
2010-06-26,52.09,14.4,KL-MUV-01
2010-06-27,50.52,19.5,KL-MUV-01
2010-06-28,49.58,18.4,KL-MUV-01
2010-06-29,49.23,16.8,KL-MUV-01
2010-06-30,51.48,29.1,KL-MUV-01
2010-07-01,60.94,29.5,KL-MUV-01
2010-07-02,62.68,22.2,KL-MUV-01
2010-07-03,63.71,33.1,KL-MUV-01
2010-07-04,66.3,49.0,KL-MUV-01
2010-07-05,72.45,30.3,KL-MUV-01
2010-07-06,72.11,3.0,KL-MUV-01
2010-07-07,66.14,11.6,KL-MUV-01
2010-07-08,61.66,3.3,KL-MUV-01
2010-07-09,57.88,0.8,KL-MUV-01
2010-07-10,55.75,5.8,KL-MUV-01
2010-07-11,54.34,3.3,KL-MUV-01
2010-07-12,51.12,15.4,KL-MUV-01
2010-07-13,48.89,12.7,KL-MUV-01
2010-07-14,46.21,8.6,KL-MUV-01
2010-07-15,43.67,16.2,KL-MUV-01
2010-07-16,46.42,37.2,KL-MUV-01
2010-07-17,49.93,30.9,KL-MUV-01
2010-07-18,51.0,20.4,KL-MUV-01
2010-07-19,58.43,42.6,KL-MUV-01
2010-07-20,59.95,16.9,KL-MUV-01
2010-07-21,56.94,16.5,KL-MUV-01
2010-07-22,54.08,3.6,KL-MUV-01
2010-07-23,50.4,7.4,KL-MUV-01
2010-07-24,47.19,5.4,KL-MUV-01
2010-07-25,44.29,10.7,KL-MUV-01
2010-07-26,42.05,12.5,KL-MUV-01
2010-07-27,39.83,7.5,KL-MUV-01
2010-07-28,38.36,20.4,KL-MUV-01
2010-07-29,38.17,22.2,KL-MUV-01
2010-07-30,39.27,16.2,KL-MUV-01
2010-07-31,38.63,7.3,KL-MUV-01
2010-08-01,36.76,1.1,KL-MUV-01
2010-08-02,34.48,5.5,KL-MUV-01
2010-08-03,32.73,21.8,KL-MUV-01
2010-08-04,32.42,9.4,KL-MUV-01
2010-08-05,31.14,4.4,KL-MUV-01
2010-08-06,29.62,4.8,KL-MUV-01
2010-08-07,28.24,8.2,KL-MUV-01
2010-08-08,27.12,14.5,KL-MUV-01
2010-08-09,26.67,9.5,KL-MUV-01
2010-08-10,26.54,2.7,KL-MUV-01
2010-08-11,25.24,5.7,KL-MUV-01
2010-08-12,24.06,14.3,KL-MUV-01
2010-08-13,24.76,16.5,KL-MUV-01
2010-08-14,25.55,15.1,KL-MUV-01
2010-08-15,31.51,39.2,KL-MUV-01
2010-08-16,41.95,34.1,KL-MUV-01
2010-08-17,43.87,26.4,KL-MUV-01
2010-08-18,42.85,5.3,KL-MUV-01
2010-08-19,39.93,1.8,KL-MUV-01
2010-08-20,36.93,3.4,KL-MUV-01
2010-08-21,35.22,25.3,KL-MUV-01
2010-08-22,35.9,10.3,KL-MUV-01
2010-08-23,35.22,11.6,KL-MUV-01
2010-08-24,35.64,29.3,KL-MUV-01
2010-08-25,40.98,30.0,KL-MUV-01
2010-08-26,44.71,19.7,KL-MUV-01
2010-08-27,45.24,15.2,KL-MUV-01
2010-08-28,43.77,21.2,KL-MUV-01
2010-08-29,43.06,19.8,KL-MUV-01
2010-08-30,52.21,35.7,KL-MUV-01
2010-08-31,56.02,1.4,KL-MUV-01
2010-09-01,51.48,0.9,KL-MUV-01
2010-09-02,47.19,1.5,KL-MUV-01
2010-09-03,43.77,1.9,KL-MUV-01
2010-09-04,41.07,1.2,KL-MUV-01
2010-09-05,38.63,1.9,KL-MUV-01
2010-09-06,36.41,4.0,KL-MUV-01
2010-09-07,34.4,5.7,KL-MUV-01
2010-09-08,33.28,16.8,KL-MUV-01
2010-09-09,31.96,20.2,KL-MUV-01
2010-09-10,30.92,40.4,KL-MUV-01
2010-09-11,30.7,10.6,KL-MUV-01
2010-09-12,29.69,9.2,KL-MUV-01
2010-09-13,29.06,19.2,KL-MUV-01
2010-09-14,28.99,16.4,KL-MUV-01
2010-09-15,29.06,17.7,KL-MUV-01
2010-09-16,29.13,16.4,KL-MUV-01
2010-09-17,28.31,8.0,KL-MUV-01
2010-09-18,27.18,8.3,KL-MUV-01
2010-09-19,26.29,2.5,KL-MUV-01
2010-09-20,24.94,0.4,KL-MUV-01
2010-09-21,23.55,2.1,KL-MUV-01
2010-09-22,23.89,5.2,KL-MUV-01
2010-09-23,24.41,21.9,KL-MUV-01
2010-09-24,25.85,33.3,KL-MUV-01
2010-09-25,25.49,0.4,KL-MUV-01
2010-09-26,24.18,9.4,KL-MUV-01
2010-09-27,24.35,3.5,KL-MUV-01
2010-09-28,24.35,5.9,KL-MUV-01
2010-09-29,25.0,1.2,KL-MUV-01
2010-09-30,25.49,3.8,KL-MUV-01
2010-10-01,26.86,16.4,KL-MUV-01
2010-10-02,29.41,15.2,KL-MUV-01
2010-10-03,30.92,13.7,KL-MUV-01
2010-10-04,30.77,5.9,KL-MUV-01
2010-10-05,29.41,23.6,KL-MUV-01
2010-10-06,30.99,31.9,KL-MUV-01
2010-10-07,33.51,13.3,KL-MUV-01
2010-10-08,32.65,5.9,KL-MUV-01
2010-10-09,31.14,12.1,KL-MUV-01
2010-10-10,30.19,1.9,KL-MUV-01
2010-10-11,28.65,2.1,KL-MUV-01
2010-10-12,27.12,1.8,KL-MUV-01
2010-10-13,25.85,1.0,KL-MUV-01
2010-10-14,24.53,9.8,KL-MUV-01
2010-10-15,23.77,8.3,KL-MUV-01
2010-10-16,22.99,5.8,KL-MUV-01
2010-10-17,22.01,4.5,KL-MUV-01
2010-10-18,21.23,3.8,KL-MUV-01
2010-10-19,20.53,2.5,KL-MUV-01
2010-10-20,19.8,3.0,KL-MUV-01
2010-10-21,19.14,15.9,KL-MUV-01
2010-10-22,20.09,22.5,KL-MUV-01
2010-10-23,20.28,11.4,KL-MUV-01
2010-10-24,19.61,0.3,KL-MUV-01
2010-10-25,18.63,0.8,KL-MUV-01
2010-10-26,17.62,3.2,KL-MUV-01
2010-10-27,17.32,11.1,KL-MUV-01
2010-10-28,19.46,16.3,KL-MUV-01
2010-10-29,22.55,5.6,KL-MUV-01
2010-10-30,25.18,5.4,KL-MUV-01
2010-10-31,26.42,3.0,KL-MUV-01
2010-11-01,25.49,3.8,KL-MUV-01
2010-11-02,24.35,0.5,KL-MUV-01
2010-11-03,23.15,0.4,KL-MUV-01
2010-11-04,22.07,10.5,KL-MUV-01
2010-11-05,22.93,9.5,KL-MUV-01
2010-11-06,23.21,9.3,KL-MUV-01
2010-11-07,22.71,5.9,KL-MUV-01
2010-11-08,22.33,2.0,KL-MUV-01
2010-11-09,21.54,13.0,KL-MUV-01
2010-11-10,22.17,7.9,KL-MUV-01
2010-11-11,26.04,14.8,KL-MUV-01
2010-11-12,28.92,1.2,KL-MUV-01
2010-11-13,27.97,2.3,KL-MUV-01
2010-11-14,26.8,4.9,KL-MUV-01
2010-11-15,26.23,1.2,KL-MUV-01
2010-11-16,26.93,13.7,KL-MUV-01
2010-11-17,27.58,5.9,KL-MUV-01
2010-11-18,27.91,1.3,KL-MUV-01
2010-11-19,48.66,70.7,KL-MUV-01
2010-11-20,69.47,22.2,KL-MUV-01
2010-11-21,71.11,28.0,KL-MUV-01
2010-11-22,67.39,15.5,KL-MUV-01
2010-11-23,63.42,9.2,KL-MUV-01
2010-11-24,63.27,4.7,KL-MUV-01
2010-11-25,69.31,25.9,KL-MUV-01
2010-11-26,71.61,30.9,KL-MUV-01
2010-11-27,69.15,4.9,KL-MUV-01
2010-11-28,64.92,6.1,KL-MUV-01
2010-11-29,61.23,0.3,KL-MUV-01
2010-11-30,58.29,0.0,KL-MUV-01
2010-12-01,72.11,47.5,KL-MUV-01
2010-12-02,85.9,35.4,KL-MUV-01
2010-12-03,85.9,15.0,KL-MUV-01
2010-12-04,80.47,0.2,KL-MUV-01
2010-12-05,74.51,0.0,KL-MUV-01
2010-12-06,68.18,0.0,KL-MUV-01
2010-12-07,62.83,0.3,KL-MUV-01
2010-12-08,58.29,6.5,KL-MUV-01
2010-12-09,54.98,2.1,KL-MUV-01
2010-12-10,51.6,2.6,KL-MUV-01
2010-12-11,48.32,4.2,KL-MUV-01
2010-12-12,45.56,0.8,KL-MUV-01
2010-12-13,42.65,0.0,KL-MUV-01
2010-12-14,39.93,0.0,KL-MUV-01
2010-12-15,37.46,0.6,KL-MUV-01
2010-12-16,35.48,5.0,KL-MUV-01
2010-12-17,34.48,0.2,KL-MUV-01
2010-12-18,33.04,0.0,KL-MUV-01
2010-12-19,31.81,0.7,KL-MUV-01
2010-12-20,30.19,0.0,KL-MUV-01
2010-12-21,29.62,0.1,KL-MUV-01
2010-12-22,30.55,0.0,KL-MUV-01
2010-12-23,29.41,0.0,KL-MUV-01
2010-12-24,27.84,0.0,KL-MUV-01
2010-12-25,26.23,0.0,KL-MUV-01
2010-12-26,24.82,0.0,KL-MUV-01
2010-12-27,24.0,0.1,KL-MUV-01
2010-12-28,22.82,0.3,KL-MUV-01
2010-12-29,21.75,0.7,KL-MUV-01
2010-12-30,21.13,0.1,KL-MUV-01
2010-12-31,22.44,6.6,KL-MUV-01
2011-01-01,24.41,0.0,KL-MUV-01
2011-01-02,23.43,0.0,KL-MUV-01
2011-01-03,22.28,0.0,KL-MUV-01
2011-01-04,21.8,0.0,KL-MUV-01
2011-01-05,21.54,0.0,KL-MUV-01
2011-01-06,21.7,0.0,KL-MUV-01
2011-01-07,23.38,0.0,KL-MUV-01
2011-01-08,24.29,0.0,KL-MUV-01
2011-01-09,23.32,0.0,KL-MUV-01
2011-01-10,22.6,0.3,KL-MUV-01
2011-01-11,22.01,0.0,KL-MUV-01
2011-01-12,21.49,0.0,KL-MUV-01
2011-01-13,20.68,0.0,KL-MUV-01
2011-01-14,19.51,0.0,KL-MUV-01
2011-01-15,18.59,0.0,KL-MUV-01
2011-01-16,17.66,0.0,KL-MUV-01
2011-01-17,17.03,0.3,KL-MUV-01
2011-01-18,16.34,0.0,KL-MUV-01
2011-01-19,15.56,0.0,KL-MUV-01
2011-01-20,14.74,0.0,KL-MUV-01
2011-01-21,14.03,0.0,KL-MUV-01
2011-01-22,13.39,0.0,KL-MUV-01
2011-01-23,12.8,0.0,KL-MUV-01
2011-01-24,12.15,0.0,KL-MUV-01
2011-01-25,11.53,0.0,KL-MUV-01
2011-01-26,10.94,0.0,KL-MUV-01
2011-01-27,10.4,0.0,KL-MUV-01
2011-01-28,9.96,0.0,KL-MUV-01
2011-01-29,9.52,0.0,KL-MUV-01
2011-01-30,9.07,0.0,KL-MUV-01
2011-01-31,8.82,0.0,KL-MUV-01
2011-02-01,8.48,0.0,KL-MUV-01
2011-02-02,8.12,0.0,KL-MUV-01
2011-02-03,7.79,0.0,KL-MUV-01
2011-02-04,7.47,0.0,KL-MUV-01
2011-02-05,7.15,0.0,KL-MUV-01
2011-02-06,6.87,0.0,KL-MUV-01
2011-02-07,6.59,0.0,KL-MUV-01
2011-02-08,6.38,0.0,KL-MUV-01
2011-02-09,6.16,0.0,KL-MUV-01
2011-02-10,5.97,0.1,KL-MUV-01
2011-02-11,5.81,0.0,KL-MUV-01
2011-02-12,5.62,0.0,KL-MUV-01
2011-02-13,5.44,0.0,KL-MUV-01
2011-02-14,5.28,0.0,KL-MUV-01
2011-02-15,5.12,0.0,KL-MUV-01
2011-02-16,4.97,0.0,KL-MUV-01
2011-02-17,4.85,0.0,KL-MUV-01
2011-02-18,4.71,0.0,KL-MUV-01
2011-02-19,4.6,0.0,KL-MUV-01
2011-02-20,4.5,0.0,KL-MUV-01
2011-02-21,4.41,1.2,KL-MUV-01
2011-02-22,4.43,5.5,KL-MUV-01
2011-02-23,4.78,0.5,KL-MUV-01
2011-02-24,5.41,7.9,KL-MUV-01
2011-02-25,5.81,1.9,KL-MUV-01
2011-02-26,6.38,9.3,KL-MUV-01
2011-02-27,7.85,0.0,KL-MUV-01
2011-02-28,8.44,0.0,KL-MUV-01
2011-03-01,8.16,0.0,KL-MUV-01
2011-03-02,7.79,0.0,KL-MUV-01
2011-03-03,7.41,0.0,KL-MUV-01
2011-03-04,7.09,0.0,KL-MUV-01
2011-03-05,6.85,0.2,KL-MUV-01
2011-03-06,6.66,0.0,KL-MUV-01
2011-03-07,6.53,0.0,KL-MUV-01
2011-03-08,6.31,0.0,KL-MUV-01
2011-03-09,6.1,0.0,KL-MUV-01
2011-03-10,5.84,0.0,KL-MUV-01
2011-03-11,5.62,0.0,KL-MUV-01
2011-03-12,5.44,0.0,KL-MUV-01
2011-03-13,5.28,0.8,KL-MUV-01
2011-03-14,5.12,0.0,KL-MUV-01
2011-03-15,4.97,0.0,KL-MUV-01
2011-03-16,4.85,0.0,KL-MUV-01
2011-03-17,4.71,0.0,KL-MUV-01
2011-03-18,4.69,0.0,KL-MUV-01
2011-03-19,4.6,0.0,KL-MUV-01
2011-03-20,4.47,0.0,KL-MUV-01
2011-03-21,4.41,0.0,KL-MUV-01
2011-03-22,4.37,0.0,KL-MUV-01
2011-03-23,4.37,0.3,KL-MUV-01
2011-03-24,4.37,3.2,KL-MUV-01
2011-03-25,4.47,5.9,KL-MUV-01
2011-03-26,4.81,3.0,KL-MUV-01
2011-03-27,5.12,22.0,KL-MUV-01
2011-03-28,5.87,8.8,KL-MUV-01
2011-03-29,6.59,5.2,KL-MUV-01
2011-03-30,6.91,0.0,KL-MUV-01
2011-03-31,6.78,0.0,KL-MUV-01
2011-04-01,6.57,0.2,KL-MUV-01
2011-04-02,6.5,4.2,KL-MUV-01
2011-04-03,6.43,11.7,KL-MUV-01
2011-04-04,6.38,1.7,KL-MUV-01
2011-04-05,6.28,1.3,KL-MUV-01
2011-04-06,6.13,0.0,KL-MUV-01
2011-04-07,5.9,0.0,KL-MUV-01
2011-04-08,5.68,0.1,KL-MUV-01
2011-04-09,5.62,0.6,KL-MUV-01
2011-04-10,5.65,0.9,KL-MUV-01
2011-04-11,5.71,4.6,KL-MUV-01
2011-04-12,6.16,1.1,KL-MUV-01
2011-04-13,6.38,8.9,KL-MUV-01
2011-04-14,6.59,3.3,KL-MUV-01
2011-04-15,6.91,7.7,KL-MUV-01
2011-04-16,6.91,0.0,KL-MUV-01
2011-04-17,6.78,9.8,KL-MUV-01
2011-04-18,7.09,15.9,KL-MUV-01
2011-04-19,7.75,16.8,KL-MUV-01
2011-04-20,8.51,3.8,KL-MUV-01
2011-04-21,8.73,7.9,KL-MUV-01
2011-04-22,9.74,22.8,KL-MUV-01
2011-04-23,21.96,137.7,KL-MUV-01
2011-04-24,24.35,9.5,KL-MUV-01
2011-04-25,22.77,4.5,KL-MUV-01
2011-04-26,21.7,1.1,KL-MUV-01
2011-04-27,20.43,3.4,KL-MUV-01
2011-04-28,19.18,6.0,KL-MUV-01
2011-04-29,18.5,0.3,KL-MUV-01
2011-04-30,17.41,3.9,KL-MUV-01
2011-05-01,16.78,2.6,KL-MUV-01
2011-05-02,16.22,2.2,KL-MUV-01
2011-05-03,16.06,9.4,KL-MUV-01
2011-05-04,16.82,16.2,KL-MUV-01
2011-05-05,16.95,2.4,KL-MUV-01
2011-05-06,17.07,3.7,KL-MUV-01
2011-05-07,16.74,2.7,KL-MUV-01
2011-05-08,16.1,0.1,KL-MUV-01
2011-05-09,15.18,1.6,KL-MUV-01
2011-05-10,14.38,1.9,KL-MUV-01
2011-05-11,13.66,4.2,KL-MUV-01
2011-05-12,13.03,2.4,KL-MUV-01
2011-05-13,12.58,4.4,KL-MUV-01
2011-05-14,12.4,5.1,KL-MUV-01
2011-05-15,12.37,6.3,KL-MUV-01
2011-05-16,12.21,0.8,KL-MUV-01
2011-05-17,12.06,7.0,KL-MUV-01
2011-05-18,11.79,9.4,KL-MUV-01
2011-05-19,11.71,7.4,KL-MUV-01
2011-05-20,11.42,6.8,KL-MUV-01
2011-05-21,11.16,10.1,KL-MUV-01
2011-05-22,11.62,0.3,KL-MUV-01
2011-05-23,11.25,13.9,KL-MUV-01
2011-05-24,11.42,1.3,KL-MUV-01
2011-05-25,11.19,18.1,KL-MUV-01
2011-05-26,12.49,10.1,KL-MUV-01
2011-05-27,13.59,19.1,KL-MUV-01
2011-05-28,15.22,32.7,KL-MUV-01
2011-05-29,17.66,23.8,KL-MUV-01
2011-05-30,19.8,12.1,KL-MUV-01
2011-05-31,20.73,26.1,KL-MUV-01
2011-06-01,52.33,101.1,KL-MUV-01
2011-06-02,68.98,84.2,KL-MUV-01
2011-06-03,65.22,20.9,KL-MUV-01
2011-06-04,59.39,12.3,KL-MUV-01
2011-06-05,53.95,13.3,KL-MUV-01
2011-06-06,50.29,20.9,KL-MUV-01
2011-06-07,47.75,7.6,KL-MUV-01
2011-06-08,44.71,9.5,KL-MUV-01
2011-06-09,42.05,6.5,KL-MUV-01
2011-06-10,39.93,13.2,KL-MUV-01
2011-06-11,38.81,5.3,KL-MUV-01
2011-06-12,36.93,10.1,KL-MUV-01
2011-06-13,35.48,11.6,KL-MUV-01
2011-06-14,44.19,41.5,KL-MUV-01
2011-06-15,46.97,9.6,KL-MUV-01
2011-06-16,44.08,12.8,KL-MUV-01
2011-06-17,47.87,26.4,KL-MUV-01
2011-06-18,48.89,5.2,KL-MUV-01
2011-06-19,45.67,3.4,KL-MUV-01
2011-06-20,42.45,5.4,KL-MUV-01
2011-06-21,39.74,6.4,KL-MUV-01
2011-06-22,37.19,3.8,KL-MUV-01
2011-06-23,35.14,3.2,KL-MUV-01
2011-06-24,33.36,13.0,KL-MUV-01
2011-06-25,32.73,10.4,KL-MUV-01
2011-06-26,33.2,7.2,KL-MUV-01
2011-06-27,32.42,13.6,KL-MUV-01
2011-06-28,31.81,4.1,KL-MUV-01
2011-06-29,30.33,1.7,KL-MUV-01
2011-06-30,28.58,14.4,KL-MUV-01
2011-07-01,27.71,7.1,KL-MUV-01
2011-07-02,27.44,1.0,KL-MUV-01
2011-07-03,26.04,4.8,KL-MUV-01
2011-07-04,24.76,23.9,KL-MUV-01
2011-07-05,30.7,55.0,KL-MUV-01
2011-07-06,34.08,23.7,KL-MUV-01
2011-07-07,33.51,19.5,KL-MUV-01
2011-07-08,32.34,5.1,KL-MUV-01
2011-07-09,30.55,2.1,KL-MUV-01
2011-07-10,28.92,4.3,KL-MUV-01
2011-07-11,27.64,28.3,KL-MUV-01
2011-07-12,30.84,22.6,KL-MUV-01
2011-07-13,33.51,7.0,KL-MUV-01
2011-07-14,32.5,16.0,KL-MUV-01
2011-07-15,36.5,19.6,KL-MUV-01
2011-07-16,52.21,65.2,KL-MUV-01
2011-07-17,58.98,49.2,KL-MUV-01
2011-07-18,58.57,29.8,KL-MUV-01
2011-07-19,58.43,20.3,KL-MUV-01
2011-07-20,57.08,13.8,KL-MUV-01
2011-07-21,53.2,11.1,KL-MUV-01
2011-07-22,49.58,9.7,KL-MUV-01
2011-07-23,46.53,12.3,KL-MUV-01
2011-07-24,43.98,11.1,KL-MUV-01
2011-07-25,43.26,21.7,KL-MUV-01
2011-07-26,43.87,12.3,KL-MUV-01
2011-07-27,43.06,14.0,KL-MUV-01
2011-07-28,42.55,12.0,KL-MUV-01
2011-07-29,41.66,15.4,KL-MUV-01
2011-07-30,40.88,13.8,KL-MUV-01
2011-07-31,39.93,7.3,KL-MUV-01
2011-08-01,38.17,3.8,KL-MUV-01
2011-08-02,36.33,9.9,KL-MUV-01
2011-08-03,35.48,18.4,KL-MUV-01
2011-08-04,35.9,16.2,KL-MUV-01
2011-08-05,36.41,27.9,KL-MUV-01
2011-08-06,38.99,37.4,KL-MUV-01
2011-08-07,40.88,18.9,KL-MUV-01
2011-08-08,40.3,19.7,KL-MUV-01
2011-08-09,39.83,23.4,KL-MUV-01
2011-08-10,39.09,10.9,KL-MUV-01
2011-08-11,37.37,19.9,KL-MUV-01
2011-08-12,36.5,16.0,KL-MUV-01
2011-08-13,35.64,6.9,KL-MUV-01
2011-08-14,34.16,0.9,KL-MUV-01
2011-08-15,32.27,6.9,KL-MUV-01
2011-08-16,31.06,18.8,KL-MUV-01
2011-08-17,30.77,17.1,KL-MUV-01
2011-08-18,31.43,21.5,KL-MUV-01
2011-08-19,32.19,18.6,KL-MUV-01
2011-08-20,35.9,54.7,KL-MUV-01
2011-08-21,39.46,20.9,KL-MUV-01
2011-08-22,38.72,26.4,KL-MUV-01
2011-08-23,38.9,34.7,KL-MUV-01
2011-08-24,38.9,12.9,KL-MUV-01
2011-08-25,37.55,10.1,KL-MUV-01
2011-08-26,36.07,12.4,KL-MUV-01
2011-08-27,34.73,7.7,KL-MUV-01
2011-08-28,33.43,10.0,KL-MUV-01
2011-08-29,32.34,17.9,KL-MUV-01
2011-08-30,32.5,25.0,KL-MUV-01
2011-08-31,49.12,70.4,KL-MUV-01
2011-09-01,54.98,29.5,KL-MUV-01
2011-09-02,59.53,54.0,KL-MUV-01
2011-09-03,58.98,16.0,KL-MUV-01
2011-09-04,54.72,7.2,KL-MUV-01
2011-09-05,50.64,5.3,KL-MUV-01
2011-09-06,47.31,20.6,KL-MUV-01
2011-09-07,44.6,7.6,KL-MUV-01
2011-09-08,41.85,9.6,KL-MUV-01
2011-09-09,39.74,17.8,KL-MUV-01
2011-09-10,38.36,19.3,KL-MUV-01
2011-09-11,37.73,26.4,KL-MUV-01
2011-09-12,38.54,24.3,KL-MUV-01
2011-09-13,46.42,32.1,KL-MUV-01
2011-09-14,52.46,47.5,KL-MUV-01
2011-09-15,54.21,19.7,KL-MUV-01
2011-09-16,53.58,7.9,KL-MUV-01
2011-09-17,50.17,1.8,KL-MUV-01
2011-09-18,46.64,2.0,KL-MUV-01
2011-09-19,43.46,4.0,KL-MUV-01
2011-09-20,40.88,29.5,KL-MUV-01
2011-09-21,39.93,14.8,KL-MUV-01
2011-09-22,37.99,0.8,KL-MUV-01
2011-09-23,35.9,0.8,KL-MUV-01
2011-09-24,33.67,0.2,KL-MUV-01
2011-09-25,31.66,0.3,KL-MUV-01
2011-09-26,29.76,0.1,KL-MUV-01
2011-09-27,27.97,0.0,KL-MUV-01
2011-09-28,26.29,0.0,KL-MUV-01
2011-09-29,24.76,0.6,KL-MUV-01
2011-09-30,23.38,0.8,KL-MUV-01
2011-10-01,22.17,0.2,KL-MUV-01
2011-10-02,20.98,0.0,KL-MUV-01
2011-10-03,19.8,0.0,KL-MUV-01
2011-10-04,18.72,0.2,KL-MUV-01
2011-10-05,17.71,0.0,KL-MUV-01
2011-10-06,16.74,0.0,KL-MUV-01
2011-10-07,15.87,0.2,KL-MUV-01
2011-10-08,15.14,0.0,KL-MUV-01
2011-10-09,14.38,0.0,KL-MUV-01
2011-10-10,13.62,0.1,KL-MUV-01
2011-10-11,13.06,0.5,KL-MUV-01
2011-10-12,12.65,0.2,KL-MUV-01
2011-10-13,12.21,8.5,KL-MUV-01
2011-10-14,12.18,3.5,KL-MUV-01
2011-10-15,12.24,7.7,KL-MUV-01
2011-10-16,12.24,9.6,KL-MUV-01
2011-10-17,12.71,10.0,KL-MUV-01
2011-10-18,12.55,0.8,KL-MUV-01
2011-10-19,12.24,6.8,KL-MUV-01
2011-10-20,13.22,0.8,KL-MUV-01
2011-10-21,13.19,17.0,KL-MUV-01
2011-10-22,14.78,3.5,KL-MUV-01
2011-10-23,15.26,0.6,KL-MUV-01
2011-10-24,15.83,3.2,KL-MUV-01
2011-10-25,18.05,4.2,KL-MUV-01
2011-10-26,18.95,4.9,KL-MUV-01
2011-10-27,19.42,12.3,KL-MUV-01
2011-10-28,20.78,1.5,KL-MUV-01
2011-10-29,28.24,28.5,KL-MUV-01
2011-10-30,34.24,16.7,KL-MUV-01
2011-10-31,38.9,14.6,KL-MUV-01
2011-11-01,46.64,29.6,KL-MUV-01
2011-11-02,48.2,9.8,KL-MUV-01
2011-11-03,44.6,5.0,KL-MUV-01
2011-11-04,41.85,0.0,KL-MUV-01
2011-11-05,38.99,0.3,KL-MUV-01
2011-11-06,38.26,4.6,KL-MUV-01
2011-11-07,38.81,12.3,KL-MUV-01
2011-11-08,39.55,0.0,KL-MUV-01
2011-11-09,37.46,0.0,KL-MUV-01
2011-11-10,34.97,0.0,KL-MUV-01
2011-11-11,32.81,0.0,KL-MUV-01
2011-11-12,30.84,0.0,KL-MUV-01
2011-11-13,29.34,0.0,KL-MUV-01
2011-11-14,27.64,0.4,KL-MUV-01
2011-11-15,26.61,0.0,KL-MUV-01
2011-11-16,25.3,0.0,KL-MUV-01
2011-11-17,23.89,0.0,KL-MUV-01
2011-11-18,23.43,0.1,KL-MUV-01
2011-11-19,22.6,0.0,KL-MUV-01
2011-11-20,21.34,0.0,KL-MUV-01
2011-11-21,20.13,0.0,KL-MUV-01
2011-11-22,19.09,0.0,KL-MUV-01
2011-11-23,18.05,0.0,KL-MUV-01
2011-11-24,17.07,0.5,KL-MUV-01
2011-11-25,16.54,12.6,KL-MUV-01
2011-11-26,17.07,4.8,KL-MUV-01
2011-11-27,17.11,22.0,KL-MUV-01
2011-11-28,18.36,5.3,KL-MUV-01
2011-11-29,18.32,3.0,KL-MUV-01
2011-11-30,19.28,0.5,KL-MUV-01
2011-12-01,20.63,0.3,KL-MUV-01
2011-12-02,20.09,0.8,KL-MUV-01
2011-12-03,19.32,0.7,KL-MUV-01
2011-12-04,18.5,3.2,KL-MUV-01
2011-12-05,18.41,0.9,KL-MUV-01
2011-12-06,18.1,0.0,KL-MUV-01
2011-12-07,17.28,0.0,KL-MUV-01
2011-12-08,16.38,0.0,KL-MUV-01
2011-12-09,15.48,0.0,KL-MUV-01
2011-12-10,14.78,0.0,KL-MUV-01
2011-12-11,14.56,0.4,KL-MUV-01
2011-12-12,14.42,0.2,KL-MUV-01
2011-12-13,14.42,0.0,KL-MUV-01
2011-12-14,13.79,0.0,KL-MUV-01
2011-12-15,13.26,0.0,KL-MUV-01
2011-12-16,12.87,0.0,KL-MUV-01
2011-12-17,12.37,0.0,KL-MUV-01
2011-12-18,11.76,0.0,KL-MUV-01
2011-12-19,11.16,0.0,KL-MUV-01
2011-12-20,10.86,0.4,KL-MUV-01
2011-12-21,10.43,0.0,KL-MUV-01
2011-12-22,10.04,0.0,KL-MUV-01
2011-12-23,9.57,0.0,KL-MUV-01
2011-12-24,9.16,0.0,KL-MUV-01
2011-12-25,8.86,0.0,KL-MUV-01
2011-12-26,8.57,0.0,KL-MUV-01
2011-12-27,8.38,0.0,KL-MUV-01
2011-12-28,8.04,0.0,KL-MUV-01
2011-12-29,7.73,0.0,KL-MUV-01
2011-12-30,7.49,9.1,KL-MUV-01
2011-12-31,8.44,43.2,KL-MUV-01
2012-01-01,10.3,0.0,KL-MUV-01
2012-01-02,10.12,0.0,KL-MUV-01
2012-01-03,9.62,0.0,KL-MUV-01
2012-01-04,9.16,0.0,KL-MUV-01
2012-01-05,8.77,0.0,KL-MUV-01
2012-01-06,8.57,0.0,KL-MUV-01
2012-01-07,8.23,0.0,KL-MUV-01
2012-01-08,7.87,0.0,KL-MUV-01
2012-01-09,7.63,0.0,KL-MUV-01
2012-01-10,7.59,2.1,KL-MUV-01
2012-01-11,7.24,0.2,KL-MUV-01
2012-01-12,7.02,0.0,KL-MUV-01
2012-01-13,6.82,0.0,KL-MUV-01
2012-01-14,6.57,0.0,KL-MUV-01
2012-01-15,6.31,0.0,KL-MUV-01
2012-01-16,6.1,0.0,KL-MUV-01
2012-01-17,5.84,0.0,KL-MUV-01
2012-01-18,5.62,0.0,KL-MUV-01
2012-01-19,5.44,0.2,KL-MUV-01
2012-01-20,5.25,0.2,KL-MUV-01
2012-01-21,5.19,0.0,KL-MUV-01
2012-01-22,5.07,0.0,KL-MUV-01
2012-01-23,4.94,0.0,KL-MUV-01
2012-01-24,4.78,0.0,KL-MUV-01
2012-01-25,4.66,0.0,KL-MUV-01
2012-01-26,4.5,0.0,KL-MUV-01
2012-01-27,4.41,0.0,KL-MUV-01
2012-01-28,4.28,0.0,KL-MUV-01
2012-01-29,4.19,0.0,KL-MUV-01
2012-01-30,4.13,0.0,KL-MUV-01
2012-01-31,4.25,0.0,KL-MUV-01
2012-02-01,4.22,0.0,KL-MUV-01
2012-02-02,4.15,0.0,KL-MUV-01
2012-02-03,4.09,0.0,KL-MUV-01
2012-02-04,4.04,0.0,KL-MUV-01
2012-02-05,3.97,0.0,KL-MUV-01
2012-02-06,3.94,0.0,KL-MUV-01
2012-02-07,3.91,0.0,KL-MUV-01
2012-02-08,3.88,0.0,KL-MUV-01
2012-02-09,3.84,0.0,KL-MUV-01
2012-02-10,3.97,1.6,KL-MUV-01
2012-02-11,4.15,3.2,KL-MUV-01
2012-02-12,4.19,0.0,KL-MUV-01
2012-02-13,4.15,0.0,KL-MUV-01
2012-02-14,4.09,0.0,KL-MUV-01
2012-02-15,4.0,0.0,KL-MUV-01
2012-02-16,3.94,0.0,KL-MUV-01
2012-02-17,3.91,0.0,KL-MUV-01
2012-02-18,3.84,0.0,KL-MUV-01
2012-02-19,3.81,0.0,KL-MUV-01
2012-02-20,3.75,0.0,KL-MUV-01
2012-02-21,3.72,0.0,KL-MUV-01
2012-02-22,3.69,0.0,KL-MUV-01
2012-02-23,3.69,0.0,KL-MUV-01
2012-02-24,3.66,0.0,KL-MUV-01
2012-02-25,3.62,0.0,KL-MUV-01
2012-02-26,3.62,0.0,KL-MUV-01
2012-02-27,3.59,0.0,KL-MUV-01
2012-02-28,3.56,0.0,KL-MUV-01
2012-02-29,3.56,0.0,KL-MUV-01
2012-03-01,3.53,0.0,KL-MUV-01
2012-03-02,3.56,0.0,KL-MUV-01
2012-03-03,3.56,0.0,KL-MUV-01
2012-03-04,3.53,0.0,KL-MUV-01
2012-03-05,3.53,0.0,KL-MUV-01
2012-03-06,3.53,0.9,KL-MUV-01
2012-03-07,3.56,3.3,KL-MUV-01
2012-03-08,3.59,0.1,KL-MUV-01
2012-03-09,3.59,0.0,KL-MUV-01
2012-03-10,3.59,0.0,KL-MUV-01
2012-03-11,3.53,0.0,KL-MUV-01
2012-03-12,3.56,0.0,KL-MUV-01
2012-03-13,3.66,0.0,KL-MUV-01
2012-03-14,3.75,1.5,KL-MUV-01
2012-03-15,3.72,0.0,KL-MUV-01
2012-03-16,3.72,1.0,KL-MUV-01
2012-03-17,3.72,1.0,KL-MUV-01
2012-03-18,3.69,0.0,KL-MUV-01
2012-03-19,3.66,0.0,KL-MUV-01
2012-03-20,3.62,0.0,KL-MUV-01
2012-03-21,3.62,0.0,KL-MUV-01
2012-03-22,3.59,0.9,KL-MUV-01
2012-03-23,3.56,0.0,KL-MUV-01
2012-03-24,3.56,0.0,KL-MUV-01
2012-03-25,3.53,0.0,KL-MUV-01
2012-03-26,3.5,0.0,KL-MUV-01
2012-03-27,3.5,1.1,KL-MUV-01
2012-03-28,3.56,0.2,KL-MUV-01
2012-03-29,3.69,6.7,KL-MUV-01
2012-03-30,3.75,0.8,KL-MUV-01
2012-03-31,3.72,0.2,KL-MUV-01
2012-04-01,3.69,1.3,KL-MUV-01
2012-04-02,3.66,0.5,KL-MUV-01
2012-04-03,3.62,0.0,KL-MUV-01
2012-04-04,3.66,5.2,KL-MUV-01
2012-04-05,3.66,1.3,KL-MUV-01
2012-04-06,3.72,5.9,KL-MUV-01
2012-04-07,3.79,0.0,KL-MUV-01
2012-04-08,3.88,1.9,KL-MUV-01
2012-04-09,3.91,7.6,KL-MUV-01
2012-04-10,3.94,0.0,KL-MUV-01
2012-04-11,3.91,0.2,KL-MUV-01
2012-04-12,3.88,4.1,KL-MUV-01
2012-04-13,3.88,0.0,KL-MUV-01
2012-04-14,3.84,0.0,KL-MUV-01
2012-04-15,3.81,0.5,KL-MUV-01
2012-04-16,3.81,0.6,KL-MUV-01
2012-04-17,3.79,1.3,KL-MUV-01
2012-04-18,3.75,3.0,KL-MUV-01
2012-04-19,3.72,0.0,KL-MUV-01
2012-04-20,3.75,11.0,KL-MUV-01
2012-04-21,4.04,6.7,KL-MUV-01
2012-04-22,4.47,1.9,KL-MUV-01
2012-04-23,4.62,7.8,KL-MUV-01
2012-04-24,5.19,28.2,KL-MUV-01
2012-04-25,6.43,12.1,KL-MUV-01
2012-04-26,7.18,6.2,KL-MUV-01
2012-04-27,8.51,19.7,KL-MUV-01
2012-04-28,9.5,12.1,KL-MUV-01
2012-04-29,9.62,5.7,KL-MUV-01
2012-04-30,9.38,3.2,KL-MUV-01
2012-05-01,9.19,0.8,KL-MUV-01
2012-05-02,9.0,3.3,KL-MUV-01
2012-05-03,8.84,10.8,KL-MUV-01
2012-05-04,9.28,3.3,KL-MUV-01
2012-05-05,9.84,22.0,KL-MUV-01
2012-05-06,11.39,0.0,KL-MUV-01
2012-05-07,11.11,0.0,KL-MUV-01
2012-05-08,10.53,0.0,KL-MUV-01
2012-05-09,10.04,7.6,KL-MUV-01
2012-05-10,9.74,8.5,KL-MUV-01
2012-05-11,9.94,24.8,KL-MUV-01
2012-05-12,11.19,8.3,KL-MUV-01
2012-05-13,11.97,6.1,KL-MUV-01
2012-05-14,11.65,1.5,KL-MUV-01
2012-05-15,11.19,8.3,KL-MUV-01
2012-05-16,11.16,1.1,KL-MUV-01
2012-05-17,10.78,2.9,KL-MUV-01
2012-05-18,10.38,2.2,KL-MUV-01
2012-05-19,10.27,10.7,KL-MUV-01
2012-05-20,11.11,2.2,KL-MUV-01
2012-05-21,11.13,3.8,KL-MUV-01
2012-05-22,11.5,11.3,KL-MUV-01
2012-05-23,11.3,12.0,KL-MUV-01
2012-05-24,11.85,0.1,KL-MUV-01
2012-05-25,11.42,4.2,KL-MUV-01
2012-05-26,10.99,5.0,KL-MUV-01
2012-05-27,11.45,2.7,KL-MUV-01
2012-05-28,11.22,0.8,KL-MUV-01
2012-05-29,10.83,3.5,KL-MUV-01
2012-05-30,10.56,7.7,KL-MUV-01
2012-05-31,10.75,4.2,KL-MUV-01
2012-06-01,11.02,6.9,KL-MUV-01
2012-06-02,10.8,11.1,KL-MUV-01
2012-06-03,10.8,15.2,KL-MUV-01
2012-06-04,10.83,29.5,KL-MUV-01
2012-06-05,11.65,28.2,KL-MUV-01
2012-06-06,12.61,19.3,KL-MUV-01
2012-06-07,14.28,18.4,KL-MUV-01
2012-06-08,14.85,9.0,KL-MUV-01
2012-06-09,14.49,2.1,KL-MUV-01
2012-06-10,14.07,1.9,KL-MUV-01
2012-06-11,13.45,7.6,KL-MUV-01
2012-06-12,13.0,20.1,KL-MUV-01
2012-06-13,14.21,59.1,KL-MUV-01
2012-06-14,17.28,34.8,KL-MUV-01
2012-06-15,18.91,29.8,KL-MUV-01
2012-06-16,20.18,33.9,KL-MUV-01
2012-06-17,34.89,59.4,KL-MUV-01
2012-06-18,44.5,29.9,KL-MUV-01
2012-06-19,44.29,8.3,KL-MUV-01
2012-06-20,42.15,4.3,KL-MUV-01
2012-06-21,39.64,8.9,KL-MUV-01
2012-06-22,37.28,7.8,KL-MUV-01
2012-06-23,35.81,2.7,KL-MUV-01
2012-06-24,33.75,2.0,KL-MUV-01
2012-06-25,31.81,2.3,KL-MUV-01
2012-06-26,30.05,25.9,KL-MUV-01
2012-06-27,30.26,14.0,KL-MUV-01
2012-06-28,29.13,29.4,KL-MUV-01
2012-06-29,29.83,19.1,KL-MUV-01
2012-06-30,29.27,9.4,KL-MUV-01
2012-07-01,28.17,20.2,KL-MUV-01
2012-07-02,31.28,23.4,KL-MUV-01
2012-07-03,34.08,12.0,KL-MUV-01
2012-07-04,34.32,5.5,KL-MUV-01
2012-07-05,32.88,3.5,KL-MUV-01
2012-07-06,31.21,4.6,KL-MUV-01
2012-07-07,29.62,5.4,KL-MUV-01
2012-07-08,28.44,25.2,KL-MUV-01
2012-07-09,28.58,35.3,KL-MUV-01
2012-07-10,30.48,21.7,KL-MUV-01
2012-07-11,31.06,14.6,KL-MUV-01
2012-07-12,30.05,3.6,KL-MUV-01
2012-07-13,28.51,2.1,KL-MUV-01
2012-07-14,27.12,10.6,KL-MUV-01
2012-07-15,26.16,2.5,KL-MUV-01
2012-07-16,24.82,7.9,KL-MUV-01
2012-07-17,24.0,7.1,KL-MUV-01
2012-07-18,23.27,8.2,KL-MUV-01
2012-07-19,22.6,4.4,KL-MUV-01
2012-07-20,21.91,10.7,KL-MUV-01
2012-07-21,21.59,9.1,KL-MUV-01
2012-07-22,21.49,6.3,KL-MUV-01
2012-07-23,21.08,7.0,KL-MUV-01
2012-07-24,21.18,3.9,KL-MUV-01
2012-07-25,20.78,8.6,KL-MUV-01
2012-07-26,20.68,3.3,KL-MUV-01
2012-07-27,19.99,2.7,KL-MUV-01
2012-07-28,19.23,2.4,KL-MUV-01
2012-07-29,18.5,4.1,KL-MUV-01
2012-07-30,17.71,1.6,KL-MUV-01
2012-07-31,16.82,3.7,KL-MUV-01
2012-08-01,16.14,0.1,KL-MUV-01
2012-08-02,15.29,4.5,KL-MUV-01
2012-08-03,14.7,3.5,KL-MUV-01
2012-08-04,14.31,8.4,KL-MUV-01
2012-08-05,14.17,5.0,KL-MUV-01
2012-08-06,13.86,6.8,KL-MUV-01
2012-08-07,13.62,11.6,KL-MUV-01
2012-08-08,13.32,29.1,KL-MUV-01
2012-08-09,13.72,30.3,KL-MUV-01
2012-08-10,15.71,26.1,KL-MUV-01
2012-08-11,19.18,50.6,KL-MUV-01
2012-08-12,22.82,42.1,KL-MUV-01
2012-08-13,24.29,6.8,KL-MUV-01
2012-08-14,23.21,13.7,KL-MUV-01
2012-08-15,22.44,8.3,KL-MUV-01
2012-08-16,22.44,16.2,KL-MUV-01
2012-08-17,25.42,31.4,KL-MUV-01
2012-08-18,28.92,15.9,KL-MUV-01
2012-08-19,29.2,2.5,KL-MUV-01
2012-08-20,27.58,5.1,KL-MUV-01
2012-08-21,25.85,0.0,KL-MUV-01
2012-08-22,24.35,7.4,KL-MUV-01
2012-08-23,24.06,3.6,KL-MUV-01
2012-08-24,23.04,14.5,KL-MUV-01
2012-08-25,22.82,36.3,KL-MUV-01
2012-08-26,24.41,20.5,KL-MUV-01
2012-08-27,25.0,11.2,KL-MUV-01
2012-08-28,24.53,9.3,KL-MUV-01
2012-08-29,26.04,38.0,KL-MUV-01
2012-08-30,34.16,32.3,KL-MUV-01
2012-08-31,39.36,38.3,KL-MUV-01
2012-09-01,40.3,26.9,KL-MUV-01
2012-09-02,39.18,17.2,KL-MUV-01
2012-09-03,37.9,15.5,KL-MUV-01
2012-09-04,37.46,13.7,KL-MUV-01
2012-09-05,35.98,2.2,KL-MUV-01
2012-09-06,33.91,2.3,KL-MUV-01
2012-09-07,32.19,11.7,KL-MUV-01
2012-09-08,30.55,12.7,KL-MUV-01
2012-09-09,29.34,17.8,KL-MUV-01
2012-09-10,28.72,12.8,KL-MUV-01
2012-09-11,27.58,2.8,KL-MUV-01
2012-09-12,26.23,3.2,KL-MUV-01
2012-09-13,25.06,13.4,KL-MUV-01
2012-09-14,24.12,13.2,KL-MUV-01
2012-09-15,23.49,12.5,KL-MUV-01
2012-09-16,22.99,3.3,KL-MUV-01
2012-09-17,21.96,1.3,KL-MUV-01
2012-09-18,20.83,1.2,KL-MUV-01
2012-09-19,19.8,1.4,KL-MUV-01
2012-09-20,18.68,1.1,KL-MUV-01
2012-09-21,17.66,0.7,KL-MUV-01
2012-09-22,16.78,0.4,KL-MUV-01
2012-09-23,15.9,0.2,KL-MUV-01
2012-09-24,15.03,0.0,KL-MUV-01
2012-09-25,14.24,0.0,KL-MUV-01
2012-09-26,13.45,0.5,KL-MUV-01
2012-09-27,12.77,1.7,KL-MUV-01
2012-09-28,12.18,2.6,KL-MUV-01
2012-09-29,11.68,5.2,KL-MUV-01
2012-09-30,11.3,3.3,KL-MUV-01
2012-10-01,10.91,6.8,KL-MUV-01
2012-10-02,10.53,2.4,KL-MUV-01
2012-10-03,10.07,0.9,KL-MUV-01
2012-10-04,9.64,0.9,KL-MUV-01
2012-10-05,9.19,0.0,KL-MUV-01
2012-10-06,8.77,0.0,KL-MUV-01
2012-10-07,8.4,4.0,KL-MUV-01
2012-10-08,8.42,0.7,KL-MUV-01
2012-10-09,8.2,0.2,KL-MUV-01
2012-10-10,8.02,17.6,KL-MUV-01
2012-10-11,8.95,1.0,KL-MUV-01
2012-10-12,9.16,1.2,KL-MUV-01
2012-10-13,9.14,1.8,KL-MUV-01
2012-10-14,12.77,9.8,KL-MUV-01
2012-10-15,15.0,2.9,KL-MUV-01
2012-10-16,14.7,4.4,KL-MUV-01
2012-10-17,16.34,10.9,KL-MUV-01
2012-10-18,20.73,3.2,KL-MUV-01
2012-10-19,35.64,22.5,KL-MUV-01
2012-10-20,60.8,68.1,KL-MUV-01
2012-10-21,60.38,7.1,KL-MUV-01
2012-10-22,56.41,17.8,KL-MUV-01
2012-10-23,56.02,7.4,KL-MUV-01
2012-10-24,54.59,10.8,KL-MUV-01
2012-10-25,51.97,0.3,KL-MUV-01
2012-10-26,48.66,3.4,KL-MUV-01
2012-10-27,45.88,0.7,KL-MUV-01
2012-10-28,53.33,1.1,KL-MUV-01
2012-10-29,56.02,15.1,KL-MUV-01
2012-10-30,53.83,3.1,KL-MUV-01
2012-10-31,50.05,8.6,KL-MUV-01
2012-11-01,47.53,8.6,KL-MUV-01
2012-11-02,44.81,5.4,KL-MUV-01
2012-11-03,41.95,2.0,KL-MUV-01
2012-11-04,39.18,0.1,KL-MUV-01
2012-11-05,36.58,0.0,KL-MUV-01
2012-11-06,34.24,0.0,KL-MUV-01
2012-11-07,32.19,8.6,KL-MUV-01
2012-11-08,32.57,2.5,KL-MUV-01
2012-11-09,33.43,2.0,KL-MUV-01
2012-11-10,32.88,0.1,KL-MUV-01
2012-11-11,31.36,2.5,KL-MUV-01
2012-11-12,30.62,0.8,KL-MUV-01
2012-11-13,29.62,0.0,KL-MUV-01
2012-11-14,28.17,0.0,KL-MUV-01
2012-11-15,26.61,0.0,KL-MUV-01
2012-11-16,25.24,0.0,KL-MUV-01
2012-11-17,23.89,0.0,KL-MUV-01
2012-11-18,22.5,0.0,KL-MUV-01
2012-11-19,21.18,0.0,KL-MUV-01
2012-11-20,19.94,0.0,KL-MUV-01
2012-11-21,18.86,0.0,KL-MUV-01
2012-11-22,17.84,0.2,KL-MUV-01
2012-11-23,16.99,5.8,KL-MUV-01
2012-11-24,16.99,8.7,KL-MUV-01
2012-11-25,17.62,0.0,KL-MUV-01
2012-11-26,17.32,0.0,KL-MUV-01
2012-11-27,16.58,0.2,KL-MUV-01
2012-11-28,16.18,0.0,KL-MUV-01
2012-11-29,15.52,0.0,KL-MUV-01
2012-11-30,14.78,0.0,KL-MUV-01
2012-12-01,14.0,0.0,KL-MUV-01
2012-12-02,13.26,0.0,KL-MUV-01
2012-12-03,12.58,0.1,KL-MUV-01
2012-12-04,12.27,0.0,KL-MUV-01
2012-12-05,11.74,0.0,KL-MUV-01
2012-12-06,11.16,0.0,KL-MUV-01
2012-12-07,10.67,0.0,KL-MUV-01
2012-12-08,10.17,0.0,KL-MUV-01
2012-12-09,9.69,0.0,KL-MUV-01
2012-12-10,9.23,0.0,KL-MUV-01
2012-12-11,8.89,0.0,KL-MUV-01
2012-12-12,8.46,0.0,KL-MUV-01
2012-12-13,8.08,0.0,KL-MUV-01
2012-12-14,7.75,0.0,KL-MUV-01
2012-12-15,7.43,0.0,KL-MUV-01
2012-12-16,7.13,0.0,KL-MUV-01
2012-12-17,6.83,0.0,KL-MUV-01
2012-12-18,6.55,0.0,KL-MUV-01
2012-12-19,6.28,0.1,KL-MUV-01
2012-12-20,6.06,0.3,KL-MUV-01
2012-12-21,5.87,0.0,KL-MUV-01
2012-12-22,5.68,0.0,KL-MUV-01
2012-12-23,5.64,0.0,KL-MUV-01
2012-12-24,5.47,0.0,KL-MUV-01
2012-12-25,5.28,0.0,KL-MUV-01
2012-12-26,5.19,0.0,KL-MUV-01
2012-12-27,5.61,0.9,KL-MUV-01
2012-12-28,6.29,5.2,KL-MUV-01
2012-12-29,7.0,0.5,KL-MUV-01
2012-12-30,7.04,0.9,KL-MUV-01
2012-12-31,6.85,0.0,KL-MUV-01
2013-01-01,6.69,0.0,KL-MUV-01
2013-01-02,6.45,0.0,KL-MUV-01
2013-01-03,6.33,0.0,KL-MUV-01
2013-01-04,6.1,0.0,KL-MUV-01
2013-01-05,5.87,0.0,KL-MUV-01
2013-01-06,5.7,0.0,KL-MUV-01
2013-01-07,5.55,0.0,KL-MUV-01
2013-01-08,5.47,0.0,KL-MUV-01
2013-01-09,5.4,0.0,KL-MUV-01
2013-01-10,5.31,0.0,KL-MUV-01
2013-01-11,4.92,0.0,KL-MUV-01
2013-01-12,4.86,0.9,KL-MUV-01
2013-01-13,5.12,0.0,KL-MUV-01
2013-01-14,5.01,0.0,KL-MUV-01
2013-01-15,4.89,0.0,KL-MUV-01
2013-01-16,4.78,0.0,KL-MUV-01
2013-01-17,4.62,0.0,KL-MUV-01
2013-01-18,4.46,0.0,KL-MUV-01
2013-01-19,4.31,0.0,KL-MUV-01
2013-01-20,4.18,0.0,KL-MUV-01
2013-01-21,4.19,0.0,KL-MUV-01
2013-01-22,4.11,0.0,KL-MUV-01
2013-01-23,4.01,0.0,KL-MUV-01
2013-01-24,3.92,0.0,KL-MUV-01
2013-01-25,3.84,0.0,KL-MUV-01
2013-01-26,3.79,0.0,KL-MUV-01
2013-01-27,3.72,0.0,KL-MUV-01
2013-01-28,3.66,0.0,KL-MUV-01
2013-01-29,3.62,0.0,KL-MUV-01
2013-01-30,3.58,0.0,KL-MUV-01
2013-01-31,3.69,0.0,KL-MUV-01
2013-02-01,3.69,0.0,KL-MUV-01
2013-02-02,3.66,0.0,KL-MUV-01
2013-02-03,3.62,0.0,KL-MUV-01
2013-02-04,3.59,0.0,KL-MUV-01
2013-02-05,3.56,0.0,KL-MUV-01
2013-02-06,3.56,0.2,KL-MUV-01
2013-02-07,3.56,0.6,KL-MUV-01
2013-02-08,3.59,0.0,KL-MUV-01
2013-02-09,3.56,0.0,KL-MUV-01
2013-02-10,3.53,0.0,KL-MUV-01
2013-02-11,3.53,0.0,KL-MUV-01
2013-02-12,3.53,0.1,KL-MUV-01
2013-02-13,3.53,0.5,KL-MUV-01
2013-02-14,3.56,0.4,KL-MUV-01
2013-02-15,3.59,3.5,KL-MUV-01
2013-02-16,3.59,3.7,KL-MUV-01
2013-02-17,3.59,6.1,KL-MUV-01
2013-02-18,3.59,2.4,KL-MUV-01
2013-02-19,3.66,2.2,KL-MUV-01
2013-02-20,3.81,0.0,KL-MUV-01
2013-02-21,3.79,0.0,KL-MUV-01
2013-02-22,3.72,0.0,KL-MUV-01
2013-02-23,3.62,0.0,KL-MUV-01
2013-02-24,3.59,0.0,KL-MUV-01
2013-02-25,3.56,0.0,KL-MUV-01
2013-02-26,3.53,0.0,KL-MUV-01
2013-02-27,3.5,0.0,KL-MUV-01
2013-02-28,3.47,0.0,KL-MUV-01
2013-03-01,3.47,0.0,KL-MUV-01
2013-03-02,3.47,0.0,KL-MUV-01
2013-03-03,3.44,0.0,KL-MUV-01
2013-03-04,3.44,0.0,KL-MUV-01
2013-03-05,3.53,4.7,KL-MUV-01
2013-03-06,3.59,0.2,KL-MUV-01
2013-03-07,3.59,4.9,KL-MUV-01
2013-03-08,3.66,0.4,KL-MUV-01
2013-03-09,3.79,11.1,KL-MUV-01
2013-03-10,4.0,0.4,KL-MUV-01
2013-03-11,4.22,1.4,KL-MUV-01
2013-03-12,4.43,0.0,KL-MUV-01
2013-03-13,4.47,0.0,KL-MUV-01
2013-03-14,4.35,0.0,KL-MUV-01
2013-03-15,4.22,0.0,KL-MUV-01
2013-03-16,4.22,7.2,KL-MUV-01
2013-03-17,4.47,13.5,KL-MUV-01
2013-03-18,4.69,2.8,KL-MUV-01
2013-03-19,4.66,0.2,KL-MUV-01
2013-03-20,4.53,0.0,KL-MUV-01
2013-03-21,4.41,0.1,KL-MUV-01
2013-03-22,4.28,0.0,KL-MUV-01
2013-03-23,4.15,0.0,KL-MUV-01
2013-03-24,4.06,0.0,KL-MUV-01
2013-03-25,4.04,1.4,KL-MUV-01
2013-03-26,4.09,3.8,KL-MUV-01
2013-03-27,4.13,0.2,KL-MUV-01
2013-03-28,4.06,1.1,KL-MUV-01
2013-03-29,4.06,0.4,KL-MUV-01
2013-03-30,4.04,0.0,KL-MUV-01
2013-03-31,4.0,0.0,KL-MUV-01
2013-04-01,3.94,0.1,KL-MUV-01
2013-04-02,3.88,0.0,KL-MUV-01
2013-04-03,3.84,0.5,KL-MUV-01
2013-04-04,3.81,0.9,KL-MUV-01
2013-04-05,3.75,0.0,KL-MUV-01
2013-04-06,3.72,0.5,KL-MUV-01
2013-04-07,3.69,0.0,KL-MUV-01
2013-04-08,3.62,0.0,KL-MUV-01
2013-04-09,3.72,5.6,KL-MUV-01
2013-04-10,3.79,0.9,KL-MUV-01
2013-04-11,3.79,0.4,KL-MUV-01
2013-04-12,3.75,0.0,KL-MUV-01
2013-04-13,3.72,0.6,KL-MUV-01
2013-04-14,3.69,2.7,KL-MUV-01
2013-04-15,3.72,3.4,KL-MUV-01
2013-04-16,3.84,0.3,KL-MUV-01
2013-04-17,3.81,0.0,KL-MUV-01
2013-04-18,3.75,0.0,KL-MUV-01
2013-04-19,3.69,0.0,KL-MUV-01
2013-04-20,3.66,0.0,KL-MUV-01
2013-04-21,3.62,0.0,KL-MUV-01
2013-04-22,3.62,0.0,KL-MUV-01
2013-04-23,3.59,0.6,KL-MUV-01
2013-04-24,3.66,0.8,KL-MUV-01
2013-04-25,3.75,4.1,KL-MUV-01
2013-04-26,3.84,3.0,KL-MUV-01
2013-04-27,3.88,0.7,KL-MUV-01
2013-04-28,3.91,1.8,KL-MUV-01
2013-04-29,3.91,1.4,KL-MUV-01
2013-04-30,3.88,3.5,KL-MUV-01
2013-05-01,3.84,0.6,KL-MUV-01
2013-05-02,3.84,1.8,KL-MUV-01
2013-05-03,3.88,6.5,KL-MUV-01
2013-05-04,3.97,0.8,KL-MUV-01
2013-05-05,4.06,0.8,KL-MUV-01
2013-05-06,4.19,9.4,KL-MUV-01
2013-05-07,4.41,7.0,KL-MUV-01
2013-05-08,4.5,2.8,KL-MUV-01
2013-05-09,4.43,2.3,KL-MUV-01
2013-05-10,4.37,3.0,KL-MUV-01
2013-05-11,4.37,0.0,KL-MUV-01
2013-05-12,4.28,0.0,KL-MUV-01
2013-05-13,4.25,23.4,KL-MUV-01
2013-05-14,4.56,3.2,KL-MUV-01
2013-05-15,4.53,1.8,KL-MUV-01
2013-05-16,4.41,0.0,KL-MUV-01
2013-05-17,4.25,0.0,KL-MUV-01
2013-05-18,4.13,0.0,KL-MUV-01
2013-05-19,4.0,0.0,KL-MUV-01
2013-05-20,3.91,2.3,KL-MUV-01
2013-05-21,3.84,1.3,KL-MUV-01
2013-05-22,3.81,11.8,KL-MUV-01
2013-05-23,3.84,7.2,KL-MUV-01
2013-05-24,3.91,8.7,KL-MUV-01
2013-05-25,4.19,23.5,KL-MUV-01
2013-05-26,4.66,13.4,KL-MUV-01
2013-05-27,5.03,12.2,KL-MUV-01
2013-05-28,5.37,16.5,KL-MUV-01
2013-05-29,5.41,3.2,KL-MUV-01
2013-05-30,5.28,15.3,KL-MUV-01
2013-05-31,5.44,42.4,KL-MUV-01
2013-06-01,6.13,12.9,KL-MUV-01
2013-06-02,6.78,32.5,KL-MUV-01
2013-06-03,8.25,35.8,KL-MUV-01
2013-06-04,9.81,12.3,KL-MUV-01
2013-06-05,9.96,13.4,KL-MUV-01
2013-06-06,10.43,56.4,KL-MUV-01
2013-06-07,13.35,33.6,KL-MUV-01
2013-06-08,17.79,22.7,KL-MUV-01
2013-06-09,21.34,10.9,KL-MUV-01
2013-06-10,21.7,13.7,KL-MUV-01
2013-06-11,34.56,54.0,KL-MUV-01
2013-06-12,49.82,42.4,KL-MUV-01
2013-06-13,51.72,13.2,KL-MUV-01
2013-06-14,50.88,12.9,KL-MUV-01
2013-06-15,57.21,27.4,KL-MUV-01
2013-06-16,63.42,20.9,KL-MUV-01
2013-06-17,69.47,25.5,KL-MUV-01
2013-06-18,75.03,31.6,KL-MUV-01
2013-06-19,88.33,63.4,KL-MUV-01
2013-06-20,95.38,48.8,KL-MUV-01
2013-06-21,95.61,29.1,KL-MUV-01
2013-06-22,107.89,75.0,KL-MUV-01
2013-06-23,107.39,17.2,KL-MUV-01
2013-06-24,102.04,18.0,KL-MUV-01
2013-06-25,97.63,20.7,KL-MUV-01
2013-06-26,94.06,22.0,KL-MUV-01
2013-06-27,89.99,25.1,KL-MUV-01
2013-06-28,84.51,12.9,KL-MUV-01
2013-06-29,78.98,6.5,KL-MUV-01
2013-06-30,73.82,39.2,KL-MUV-01
2013-07-01,71.44,33.6,KL-MUV-01
2013-07-02,69.79,23.7,KL-MUV-01
2013-07-03,68.66,12.5,KL-MUV-01
2013-07-04,67.39,9.3,KL-MUV-01
2013-07-05,64.92,2.9,KL-MUV-01
2013-07-06,61.23,3.0,KL-MUV-01
2013-07-07,58.16,18.1,KL-MUV-01
2013-07-08,56.28,22.1,KL-MUV-01
2013-07-09,55.36,22.6,KL-MUV-01
2013-07-10,58.84,45.1,KL-MUV-01
2013-07-11,60.94,17.6,KL-MUV-01
2013-07-12,58.16,10.2,KL-MUV-01
2013-07-13,54.98,5.3,KL-MUV-01
2013-07-14,51.72,5.0,KL-MUV-01
2013-07-15,49.35,6.2,KL-MUV-01
2013-07-16,47.53,8.9,KL-MUV-01
2013-07-17,46.21,11.4,KL-MUV-01
2013-07-18,45.03,17.6,KL-MUV-01
2013-07-19,47.53,22.8,KL-MUV-01
2013-07-20,49.58,18.6,KL-MUV-01
2013-07-21,49.47,26.6,KL-MUV-01
2013-07-22,52.7,18.2,KL-MUV-01
2013-07-23,54.34,20.2,KL-MUV-01
2013-07-24,56.68,19.5,KL-MUV-01
2013-07-25,61.23,15.4,KL-MUV-01
2013-07-26,61.81,11.3,KL-MUV-01
2013-07-27,59.95,5.2,KL-MUV-01
2013-07-28,55.89,12.4,KL-MUV-01
2013-07-29,52.46,0.7,KL-MUV-01
2013-07-30,49.0,5.6,KL-MUV-01
2013-07-31,46.75,8.8,KL-MUV-01
2013-08-01,45.88,11.7,KL-MUV-01
2013-08-02,46.42,14.8,KL-MUV-01
2013-08-03,45.88,23.3,KL-MUV-01
2013-08-04,80.1,77.6,KL-MUV-01
2013-08-05,105.17,48.3,KL-MUV-01
2013-08-06,98.31,16.2,KL-MUV-01
2013-08-07,87.92,5.0,KL-MUV-01
2013-08-08,78.8,1.5,KL-MUV-01
2013-08-09,72.28,8.2,KL-MUV-01
2013-08-10,67.39,5.7,KL-MUV-01
2013-08-11,63.12,4.5,KL-MUV-01
2013-08-12,59.26,1.3,KL-MUV-01
2013-08-13,55.49,4.7,KL-MUV-01
2013-08-14,52.33,0.5,KL-MUV-01
2013-08-15,49.0,5.4,KL-MUV-01
2013-08-16,46.21,9.4,KL-MUV-01
2013-08-17,43.77,14.4,KL-MUV-01
2013-08-18,41.85,14.2,KL-MUV-01
2013-08-19,41.46,3.1,KL-MUV-01
2013-08-20,39.46,23.9,KL-MUV-01
2013-08-21,39.18,4.7,KL-MUV-01
2013-08-22,37.82,2.7,KL-MUV-01
2013-08-23,35.64,1.6,KL-MUV-01
2013-08-24,33.83,1.9,KL-MUV-01
2013-08-25,32.19,1.4,KL-MUV-01
2013-08-26,30.55,0.7,KL-MUV-01
2013-08-27,29.06,1.2,KL-MUV-01
2013-08-28,27.44,1.9,KL-MUV-01
2013-08-29,26.23,2.5,KL-MUV-01
2013-08-30,25.55,2.8,KL-MUV-01
2013-08-31,25.98,1.6,KL-MUV-01
2013-09-01,25.3,1.9,KL-MUV-01
2013-09-02,24.94,8.4,KL-MUV-01
2013-09-03,24.06,4.1,KL-MUV-01
2013-09-04,23.15,13.5,KL-MUV-01
2013-09-05,22.28,6.8,KL-MUV-01
2013-09-06,21.59,23.7,KL-MUV-01
2013-09-07,23.1,21.9,KL-MUV-01
2013-09-08,25.55,30.3,KL-MUV-01
2013-09-09,26.23,11.6,KL-MUV-01
2013-09-10,25.79,9.7,KL-MUV-01
2013-09-11,24.94,14.1,KL-MUV-01
2013-09-12,24.35,27.8,KL-MUV-01
2013-09-13,25.98,22.5,KL-MUV-01
2013-09-14,26.67,15.8,KL-MUV-01
2013-09-15,26.35,19.6,KL-MUV-01
2013-09-16,27.31,38.6,KL-MUV-01
2013-09-17,42.75,45.7,KL-MUV-01
2013-09-18,47.98,13.6,KL-MUV-01
2013-09-19,46.86,21.7,KL-MUV-01
2013-09-20,47.53,15.1,KL-MUV-01
2013-09-21,47.31,3.6,KL-MUV-01
2013-09-22,44.6,5.1,KL-MUV-01
2013-09-23,41.66,1.1,KL-MUV-01
2013-09-24,38.72,1.7,KL-MUV-01
2013-09-25,36.15,1.0,KL-MUV-01
2013-09-26,33.99,0.3,KL-MUV-01
2013-09-27,31.81,0.3,KL-MUV-01
2013-09-28,29.83,3.4,KL-MUV-01
2013-09-29,28.11,0.5,KL-MUV-01
2013-09-30,26.67,15.7,KL-MUV-01
2013-10-01,25.92,3.0,KL-MUV-01
2013-10-02,24.64,0.8,KL-MUV-01
2013-10-03,23.55,5.1,KL-MUV-01
2013-10-04,22.44,1.0,KL-MUV-01
2013-10-05,21.23,0.1,KL-MUV-01
2013-10-06,19.99,1.3,KL-MUV-01
2013-10-07,18.91,8.7,KL-MUV-01
2013-10-08,18.45,11.8,KL-MUV-01
2013-10-09,18.14,10.1,KL-MUV-01
2013-10-10,17.45,2.9,KL-MUV-01
2013-10-11,16.58,2.2,KL-MUV-01
2013-10-12,15.75,5.3,KL-MUV-01
2013-10-13,15.11,2.0,KL-MUV-01
2013-10-14,14.45,0.0,KL-MUV-01
2013-10-15,13.69,1.3,KL-MUV-01
2013-10-16,13.13,10.9,KL-MUV-01
2013-10-17,17.07,24.1,KL-MUV-01
2013-10-18,53.33,89.6,KL-MUV-01
2013-10-19,58.84,33.0,KL-MUV-01
2013-10-20,51.24,15.4,KL-MUV-01
2013-10-21,44.81,7.9,KL-MUV-01
2013-10-22,39.83,5.9,KL-MUV-01
2013-10-23,36.15,2.6,KL-MUV-01
2013-10-24,33.12,3.1,KL-MUV-01
2013-10-25,30.62,1.5,KL-MUV-01
2013-10-26,28.51,1.1,KL-MUV-01
2013-10-27,26.54,0.0,KL-MUV-01
2013-10-28,24.64,0.3,KL-MUV-01
2013-10-29,22.99,0.3,KL-MUV-01
2013-10-30,21.7,2.8,KL-MUV-01
2013-10-31,21.39,4.4,KL-MUV-01
2013-11-01,21.65,3.2,KL-MUV-01
2013-11-02,21.13,11.6,KL-MUV-01
2013-11-03,21.18,1.1,KL-MUV-01
2013-11-04,21.54,0.0,KL-MUV-01
2013-11-05,21.13,0.0,KL-MUV-01
2013-11-06,20.38,1.9,KL-MUV-01
2013-11-07,20.83,0.9,KL-MUV-01
2013-11-08,20.63,0.3,KL-MUV-01
2013-11-09,20.73,0.0,KL-MUV-01
2013-11-10,19.7,0.0,KL-MUV-01
2013-11-11,19.09,1.7,KL-MUV-01
2013-11-12,19.61,8.8,KL-MUV-01
2013-11-13,19.37,3.8,KL-MUV-01
2013-11-14,19.46,0.5,KL-MUV-01
2013-11-15,18.82,0.0,KL-MUV-01
2013-11-16,18.36,1.2,KL-MUV-01
2013-11-17,18.14,7.5,KL-MUV-01
2013-11-18,19.09,4.5,KL-MUV-01
2013-11-19,19.94,2.1,KL-MUV-01
2013-11-20,21.08,1.0,KL-MUV-01
2013-11-21,20.23,1.5,KL-MUV-01
2013-11-22,19.56,2.1,KL-MUV-01
2013-11-23,19.7,4.7,KL-MUV-01
2013-11-24,20.04,7.7,KL-MUV-01
2013-11-25,20.28,0.8,KL-MUV-01
2013-11-26,20.13,0.0,KL-MUV-01
2013-11-27,19.65,2.4,KL-MUV-01
2013-11-28,19.7,0.9,KL-MUV-01
2013-11-29,18.95,0.0,KL-MUV-01
2013-11-30,18.32,0.2,KL-MUV-01
2013-12-01,18.45,9.2,KL-MUV-01
2013-12-02,20.58,8.5,KL-MUV-01
2013-12-03,21.34,2.0,KL-MUV-01
2013-12-04,22.44,0.0,KL-MUV-01
2013-12-05,22.44,0.0,KL-MUV-01
2013-12-06,22.33,0.0,KL-MUV-01
2013-12-07,21.13,0.0,KL-MUV-01
2013-12-08,19.94,0.3,KL-MUV-01
2013-12-09,18.91,0.4,KL-MUV-01
2013-12-10,17.88,0.0,KL-MUV-01
2013-12-11,17.11,0.0,KL-MUV-01
2013-12-12,16.26,3.1,KL-MUV-01
2013-12-13,16.38,2.2,KL-MUV-01
2013-12-14,16.3,0.0,KL-MUV-01
2013-12-15,15.75,0.0,KL-MUV-01
2013-12-16,15.71,0.0,KL-MUV-01
2013-12-17,15.56,0.0,KL-MUV-01
2013-12-18,15.03,0.0,KL-MUV-01
2013-12-19,14.24,0.0,KL-MUV-01
2013-12-20,13.49,0.0,KL-MUV-01
2013-12-21,12.77,0.0,KL-MUV-01
2013-12-22,12.15,0.0,KL-MUV-01
2013-12-23,11.71,0.0,KL-MUV-01
2013-12-24,11.13,0.0,KL-MUV-01
2013-12-25,10.53,0.0,KL-MUV-01
2013-12-26,10.04,0.0,KL-MUV-01
2013-12-27,9.64,0.0,KL-MUV-01
2013-12-28,9.26,0.0,KL-MUV-01
2013-12-29,8.89,0.0,KL-MUV-01
2013-12-30,8.48,0.0,KL-MUV-01
2013-12-31,8.16,0.0,KL-MUV-01
2014-01-01,7.83,0.0,KL-MUV-01
2014-01-02,7.49,0.0,KL-MUV-01
2014-01-03,7.15,0.0,KL-MUV-01
2014-01-04,6.85,0.0,KL-MUV-01
2014-01-05,6.64,0.0,KL-MUV-01
2014-01-06,6.4,0.0,KL-MUV-01
2014-01-07,6.14,0.0,KL-MUV-01
2014-01-08,6.0,0.0,KL-MUV-01
2014-01-09,5.97,0.0,KL-MUV-01
2014-01-10,6.0,0.0,KL-MUV-01
2014-01-11,5.55,0.0,KL-MUV-01
2014-01-12,5.27,0.0,KL-MUV-01
2014-01-13,5.1,0.0,KL-MUV-01
2014-01-14,4.9,0.3,KL-MUV-01
2014-01-15,4.81,0.0,KL-MUV-01
2014-01-16,4.83,0.0,KL-MUV-01
2014-01-17,5.08,2.0,KL-MUV-01
2014-01-18,5.55,0.0,KL-MUV-01
2014-01-19,5.46,0.0,KL-MUV-01
2014-01-20,5.31,0.0,KL-MUV-01
2014-01-21,5.19,0.2,KL-MUV-01
2014-01-22,5.03,0.0,KL-MUV-01
2014-01-23,4.85,0.0,KL-MUV-01
2014-01-24,4.66,0.0,KL-MUV-01
2014-01-25,4.5,0.0,KL-MUV-01
2014-01-26,4.43,0.6,KL-MUV-01
2014-01-27,4.35,0.1,KL-MUV-01
2014-01-28,4.22,0.0,KL-MUV-01
2014-01-29,4.09,0.0,KL-MUV-01
2014-01-30,4.0,0.0,KL-MUV-01
2014-01-31,4.04,0.0,KL-MUV-01
2014-02-01,4.0,0.1,KL-MUV-01
2014-02-02,3.91,0.0,KL-MUV-01
2014-02-03,3.84,0.0,KL-MUV-01
2014-02-04,3.79,0.0,KL-MUV-01
2014-02-05,3.75,0.0,KL-MUV-01
2014-02-06,3.72,0.0,KL-MUV-01
2014-02-07,3.69,0.0,KL-MUV-01
2014-02-08,3.69,0.0,KL-MUV-01
2014-02-09,3.66,0.0,KL-MUV-01
2014-02-10,3.62,0.0,KL-MUV-01
2014-02-11,3.59,0.2,KL-MUV-01
2014-02-12,3.56,1.6,KL-MUV-01
2014-02-13,3.56,0.2,KL-MUV-01
2014-02-14,3.56,1.1,KL-MUV-01
2014-02-15,3.59,0.4,KL-MUV-01
2014-02-16,3.56,0.2,KL-MUV-01
2014-02-17,3.56,0.0,KL-MUV-01
2014-02-18,3.53,0.0,KL-MUV-01
2014-02-19,3.56,0.0,KL-MUV-01
2014-02-20,3.59,6.5,KL-MUV-01
2014-02-21,3.72,0.0,KL-MUV-01
2014-02-22,3.75,3.3,KL-MUV-01
2014-02-23,3.79,0.2,KL-MUV-01
2014-02-24,3.79,0.0,KL-MUV-01
2014-02-25,3.72,0.3,KL-MUV-01
2014-02-26,3.62,0.2,KL-MUV-01
2014-02-27,3.59,0.0,KL-MUV-01
2014-02-28,3.56,1.1,KL-MUV-01
2014-03-01,3.53,0.6,KL-MUV-01
2014-03-02,3.56,2.0,KL-MUV-01
2014-03-03,3.59,0.5,KL-MUV-01
2014-03-04,3.56,0.2,KL-MUV-01
2014-03-05,3.53,0.5,KL-MUV-01
2014-03-06,3.56,2.4,KL-MUV-01
2014-03-07,3.56,0.4,KL-MUV-01
2014-03-08,3.56,0.0,KL-MUV-01
2014-03-09,3.53,0.0,KL-MUV-01
2014-03-10,3.5,0.0,KL-MUV-01
2014-03-11,3.47,0.0,KL-MUV-01
2014-03-12,3.47,0.0,KL-MUV-01
2014-03-13,3.44,0.0,KL-MUV-01
2014-03-14,3.44,0.0,KL-MUV-01
2014-03-15,3.44,0.0,KL-MUV-01
2014-03-16,3.41,0.0,KL-MUV-01
2014-03-17,3.41,0.0,KL-MUV-01
2014-03-18,3.41,0.0,KL-MUV-01
2014-03-19,3.41,0.0,KL-MUV-01
2014-03-20,3.44,0.1,KL-MUV-01
2014-03-21,3.44,0.0,KL-MUV-01
2014-03-22,3.44,0.0,KL-MUV-01
2014-03-23,3.41,0.0,KL-MUV-01
2014-03-24,3.41,0.0,KL-MUV-01
2014-03-25,3.38,0.0,KL-MUV-01
2014-03-26,3.38,0.0,KL-MUV-01
2014-03-27,3.38,0.0,KL-MUV-01
2014-03-28,3.38,0.0,KL-MUV-01
2014-03-29,3.38,0.0,KL-MUV-01
2014-03-30,3.38,0.0,KL-MUV-01
2014-03-31,3.38,0.1,KL-MUV-01
2014-04-01,3.38,0.1,KL-MUV-01
2014-04-02,3.38,0.0,KL-MUV-01
2014-04-03,3.35,0.0,KL-MUV-01
2014-04-04,3.35,1.3,KL-MUV-01
2014-04-05,3.35,0.0,KL-MUV-01
2014-04-06,3.38,0.5,KL-MUV-01
2014-04-07,3.44,5.7,KL-MUV-01
2014-04-08,3.47,4.7,KL-MUV-01
2014-04-09,3.53,2.3,KL-MUV-01
2014-04-10,3.59,0.5,KL-MUV-01
2014-04-11,3.62,5.0,KL-MUV-01
2014-04-12,3.69,27.0,KL-MUV-01
2014-04-13,3.69,0.0,KL-MUV-01
2014-04-14,3.62,1.1,KL-MUV-01
2014-04-15,3.59,0.4,KL-MUV-01
2014-04-16,3.62,1.6,KL-MUV-01
2014-04-17,3.62,5.3,KL-MUV-01
2014-04-18,3.59,0.4,KL-MUV-01
2014-04-19,3.59,3.9,KL-MUV-01
2014-04-20,3.56,0.2,KL-MUV-01
2014-04-21,3.53,0.2,KL-MUV-01
2014-04-22,3.53,0.0,KL-MUV-01
2014-04-23,3.53,0.0,KL-MUV-01
2014-04-24,3.56,3.9,KL-MUV-01
2014-04-25,3.59,0.6,KL-MUV-01
2014-04-26,3.56,0.0,KL-MUV-01
2014-04-27,3.56,3.8,KL-MUV-01
2014-04-28,3.56,0.8,KL-MUV-01
2014-04-29,3.59,5.9,KL-MUV-01
2014-04-30,3.59,5.5,KL-MUV-01
2014-05-01,3.59,0.7,KL-MUV-01
2014-05-02,3.59,0.4,KL-MUV-01
2014-05-03,3.62,5.1,KL-MUV-01
2014-05-04,3.75,11.8,KL-MUV-01
2014-05-05,4.09,24.5,KL-MUV-01
2014-05-06,4.71,16.9,KL-MUV-01
2014-05-07,5.93,40.8,KL-MUV-01
2014-05-08,8.4,52.9,KL-MUV-01
2014-05-09,10.75,7.5,KL-MUV-01
2014-05-10,10.72,1.7,KL-MUV-01
2014-05-11,10.27,5.1,KL-MUV-01
2014-05-12,9.94,1.4,KL-MUV-01
2014-05-13,10.25,6.7,KL-MUV-01
2014-05-14,10.22,0.0,KL-MUV-01
2014-05-15,9.69,0.2,KL-MUV-01
2014-05-16,9.19,0.3,KL-MUV-01
2014-05-17,8.68,0.0,KL-MUV-01
2014-05-18,8.23,0.5,KL-MUV-01
2014-05-19,7.81,3.9,KL-MUV-01
2014-05-20,7.57,9.7,KL-MUV-01
2014-05-21,7.47,4.7,KL-MUV-01
2014-05-22,7.41,8.4,KL-MUV-01
2014-05-23,7.57,4.0,KL-MUV-01
2014-05-24,7.63,26.1,KL-MUV-01
2014-05-25,8.57,2.0,KL-MUV-01
2014-05-26,8.4,1.0,KL-MUV-01
2014-05-27,7.97,3.4,KL-MUV-01
2014-05-28,7.81,6.0,KL-MUV-01
2014-05-29,7.85,13.7,KL-MUV-01
2014-05-30,7.91,8.0,KL-MUV-01
2014-05-31,8.29,7.2,KL-MUV-01
2014-06-01,8.38,8.9,KL-MUV-01
2014-06-02,8.89,21.2,KL-MUV-01
2014-06-03,10.59,18.3,KL-MUV-01
2014-06-04,10.89,21.3,KL-MUV-01
2014-06-05,11.11,23.2,KL-MUV-01
2014-06-06,12.21,27.4,KL-MUV-01
2014-06-07,14.21,26.5,KL-MUV-01
2014-06-08,15.41,14.2,KL-MUV-01
2014-06-09,15.9,11.3,KL-MUV-01
2014-06-10,17.66,15.6,KL-MUV-01
2014-06-11,19.0,13.2,KL-MUV-01
2014-06-12,19.42,30.2,KL-MUV-01
2014-06-13,20.43,6.2,KL-MUV-01
2014-06-14,19.65,2.5,KL-MUV-01
2014-06-15,18.63,4.4,KL-MUV-01
2014-06-16,17.71,6.9,KL-MUV-01
2014-06-17,17.32,13.0,KL-MUV-01
2014-06-18,18.36,8.8,KL-MUV-01
2014-06-19,19.09,16.2,KL-MUV-01
2014-06-20,20.98,19.2,KL-MUV-01
2014-06-21,23.15,11.5,KL-MUV-01
2014-06-22,23.32,3.4,KL-MUV-01
2014-06-23,22.23,2.7,KL-MUV-01
2014-06-24,21.39,2.1,KL-MUV-01
2014-06-25,20.93,1.8,KL-MUV-01
2014-06-26,20.33,0.5,KL-MUV-01
2014-06-27,19.51,2.1,KL-MUV-01
2014-06-28,18.54,3.6,KL-MUV-01
2014-06-29,17.75,3.2,KL-MUV-01
2014-06-30,17.28,10.5,KL-MUV-01
2014-07-01,17.32,27.0,KL-MUV-01
2014-07-02,18.14,1.4,KL-MUV-01
2014-07-03,17.54,3.4,KL-MUV-01
2014-07-04,16.99,15.9,KL-MUV-01
2014-07-05,17.71,21.4,KL-MUV-01
2014-07-06,19.7,11.2,KL-MUV-01
2014-07-07,19.7,11.3,KL-MUV-01
2014-07-08,20.04,6.2,KL-MUV-01
2014-07-09,20.28,14.6,KL-MUV-01
2014-07-10,21.18,30.3,KL-MUV-01
2014-07-11,23.6,8.5,KL-MUV-01
2014-07-12,25.42,23.0,KL-MUV-01
2014-07-13,31.21,19.1,KL-MUV-01
2014-07-14,40.4,27.6,KL-MUV-01
2014-07-15,46.42,38.6,KL-MUV-01
2014-07-16,46.97,6.8,KL-MUV-01
2014-07-17,43.87,3.4,KL-MUV-01
2014-07-18,40.5,13.7,KL-MUV-01
2014-07-19,39.09,17.4,KL-MUV-01
2014-07-20,37.9,11.3,KL-MUV-01
2014-07-21,37.02,7.9,KL-MUV-01
2014-07-22,35.64,20.5,KL-MUV-01
2014-07-23,35.39,5.3,KL-MUV-01
2014-07-24,34.24,5.7,KL-MUV-01
2014-07-25,32.81,4.0,KL-MUV-01
2014-07-26,31.21,17.6,KL-MUV-01
2014-07-27,30.41,18.3,KL-MUV-01
2014-07-28,30.99,12.3,KL-MUV-01
2014-07-29,30.7,8.4,KL-MUV-01
2014-07-30,29.69,6.1,KL-MUV-01
2014-07-31,29.55,32.0,KL-MUV-01
2014-08-01,40.5,50.5,KL-MUV-01
2014-08-02,44.29,7.5,KL-MUV-01
2014-08-03,41.27,15.3,KL-MUV-01
2014-08-04,40.4,10.9,KL-MUV-01
2014-08-05,39.18,26.5,KL-MUV-01
2014-08-06,38.9,4.4,KL-MUV-01
2014-08-07,36.84,14.6,KL-MUV-01
2014-08-08,38.72,36.3,KL-MUV-01
2014-08-09,40.88,7.4,KL-MUV-01
2014-08-10,38.9,14.0,KL-MUV-01
2014-08-11,40.5,38.5,KL-MUV-01
2014-08-12,42.25,8.6,KL-MUV-01
2014-08-13,40.78,2.8,KL-MUV-01
2014-08-14,38.26,4.2,KL-MUV-01
2014-08-15,37.55,2.6,KL-MUV-01
2014-08-16,35.56,1.6,KL-MUV-01
2014-08-17,33.59,3.4,KL-MUV-01
2014-08-18,32.73,15.6,KL-MUV-01
2014-08-19,34.32,14.8,KL-MUV-01
2014-08-20,34.73,9.2,KL-MUV-01
2014-08-21,34.16,8.0,KL-MUV-01
2014-08-22,38.81,22.9,KL-MUV-01
2014-08-23,42.25,27.4,KL-MUV-01
2014-08-24,41.66,1.8,KL-MUV-01
2014-08-25,39.09,5.3,KL-MUV-01
2014-08-26,36.58,7.0,KL-MUV-01
2014-08-27,34.4,7.5,KL-MUV-01
2014-08-28,32.57,5.7,KL-MUV-01
2014-08-29,32.81,20.6,KL-MUV-01
2014-08-30,40.4,36.8,KL-MUV-01
2014-08-31,44.29,28.3,KL-MUV-01
2014-09-01,46.32,21.4,KL-MUV-01
2014-09-02,53.2,69.8,KL-MUV-01
2014-09-03,71.28,81.4,KL-MUV-01
2014-09-04,72.11,12.6,KL-MUV-01
2014-09-05,65.07,17.3,KL-MUV-01
2014-09-06,59.39,9.7,KL-MUV-01
2014-09-07,54.85,7.5,KL-MUV-01
2014-09-08,51.24,4.4,KL-MUV-01
2014-09-09,47.98,5.0,KL-MUV-01
2014-09-10,44.92,1.7,KL-MUV-01
2014-09-11,42.05,1.1,KL-MUV-01
2014-09-12,39.36,3.1,KL-MUV-01
2014-09-13,36.84,7.5,KL-MUV-01
2014-09-14,35.14,12.3,KL-MUV-01
2014-09-15,33.99,9.3,KL-MUV-01
2014-09-16,32.34,2.6,KL-MUV-01
2014-09-17,30.7,2.8,KL-MUV-01
2014-09-18,28.99,4.0,KL-MUV-01
2014-09-19,27.44,1.1,KL-MUV-01
2014-09-20,26.16,2.0,KL-MUV-01
2014-09-21,24.7,2.4,KL-MUV-01
2014-09-22,23.38,1.0,KL-MUV-01
2014-09-23,22.6,8.1,KL-MUV-01
2014-09-24,21.96,6.6,KL-MUV-01
2014-09-25,21.59,9.3,KL-MUV-01
2014-09-26,28.85,18.1,KL-MUV-01
2014-09-27,31.73,18.0,KL-MUV-01
2014-09-28,31.28,0.9,KL-MUV-01
2014-09-29,34.32,2.8,KL-MUV-01
2014-09-30,40.02,8.6,KL-MUV-01
2014-10-01,41.56,1.1,KL-MUV-01
2014-10-02,39.46,6.8,KL-MUV-01
2014-10-03,38.45,8.0,KL-MUV-01
2014-10-04,37.19,13.0,KL-MUV-01
2014-10-05,36.41,5.0,KL-MUV-01
2014-10-06,34.65,13.9,KL-MUV-01
2014-10-07,33.51,20.5,KL-MUV-01
2014-10-08,32.11,3.3,KL-MUV-01
2014-10-09,30.33,2.0,KL-MUV-01
2014-10-10,29.06,2.7,KL-MUV-01
2014-10-11,27.77,4.8,KL-MUV-01
2014-10-12,27.31,12.1,KL-MUV-01
2014-10-13,26.99,10.4,KL-MUV-01
2014-10-14,26.35,9.0,KL-MUV-01
2014-10-15,28.79,6.8,KL-MUV-01
2014-10-16,31.81,3.8,KL-MUV-01
2014-10-17,34.56,11.7,KL-MUV-01
2014-10-18,65.07,59.2,KL-MUV-01
2014-10-19,70.94,24.0,KL-MUV-01
2014-10-20,64.92,9.5,KL-MUV-01
2014-10-21,68.5,25.6,KL-MUV-01
2014-10-22,71.61,28.3,KL-MUV-01
2014-10-23,72.62,18.4,KL-MUV-01
2014-10-24,70.12,6.6,KL-MUV-01
2014-10-25,65.83,7.1,KL-MUV-01
2014-10-26,61.09,6.9,KL-MUV-01
2014-10-27,58.57,6.8,KL-MUV-01
2014-10-28,59.53,6.7,KL-MUV-01
2014-10-29,62.68,16.2,KL-MUV-01
2014-10-30,75.21,10.9,KL-MUV-01
2014-10-31,81.6,8.6,KL-MUV-01
2014-11-01,78.25,2.9,KL-MUV-01
2014-11-02,73.47,3.1,KL-MUV-01
2014-11-03,91.04,28.4,KL-MUV-01
2014-11-04,92.33,3.2,KL-MUV-01
2014-11-05,82.56,0.7,KL-MUV-01
2014-11-06,75.03,0.7,KL-MUV-01
2014-11-07,68.66,0.0,KL-MUV-01
2014-11-08,63.57,0.1,KL-MUV-01
2014-11-09,58.98,1.4,KL-MUV-01
2014-11-10,55.1,2.3,KL-MUV-01
2014-11-11,51.84,6.1,KL-MUV-01
2014-11-12,52.46,14.8,KL-MUV-01
2014-11-13,53.33,7.6,KL-MUV-01
2014-11-14,51.24,9.3,KL-MUV-01
2014-11-15,50.52,1.1,KL-MUV-01
2014-11-16,49.47,0.0,KL-MUV-01
2014-11-17,46.97,0.0,KL-MUV-01
2014-11-18,44.6,0.3,KL-MUV-01
2014-11-19,42.85,3.3,KL-MUV-01
2014-11-20,40.59,1.8,KL-MUV-01
2014-11-21,39.74,3.5,KL-MUV-01
2014-11-22,40.21,16.4,KL-MUV-01
2014-11-23,41.95,5.8,KL-MUV-01
2014-11-24,41.76,7.1,KL-MUV-01
2014-11-25,42.65,0.0,KL-MUV-01
2014-11-26,40.5,0.0,KL-MUV-01
2014-11-27,38.54,6.7,KL-MUV-01
2014-11-28,38.9,12.0,KL-MUV-01
2014-11-29,40.5,2.6,KL-MUV-01
2014-11-30,39.18,0.0,KL-MUV-01
2014-12-01,37.02,0.2,KL-MUV-01
2014-12-02,35.39,0.2,KL-MUV-01
2014-12-03,34.4,0.0,KL-MUV-01
2014-12-04,32.81,0.1,KL-MUV-01
2014-12-05,31.96,0.0,KL-MUV-01
2014-12-06,30.26,0.0,KL-MUV-01
2014-12-07,28.65,0.0,KL-MUV-01
2014-12-08,27.05,2.0,KL-MUV-01
2014-12-09,27.12,13.3,KL-MUV-01
2014-12-10,28.92,10.5,KL-MUV-01
2014-12-11,30.7,2.2,KL-MUV-01
2014-12-12,30.33,4.0,KL-MUV-01
2014-12-13,30.55,8.1,KL-MUV-01
2014-12-14,31.81,1.3,KL-MUV-01
2014-12-15,31.66,0.7,KL-MUV-01
2014-12-16,32.81,1.7,KL-MUV-01
2014-12-17,35.9,0.7,KL-MUV-01
2014-12-18,37.37,0.9,KL-MUV-01
2014-12-19,35.48,0.1,KL-MUV-01
2014-12-20,34.65,0.0,KL-MUV-01
2014-12-21,32.88,0.0,KL-MUV-01
2014-12-22,31.06,0.1,KL-MUV-01
2014-12-23,29.41,0.0,KL-MUV-01
2014-12-24,28.11,0.0,KL-MUV-01
2014-12-25,26.99,0.9,KL-MUV-01
2014-12-26,25.85,0.0,KL-MUV-01
2014-12-27,24.7,0.5,KL-MUV-01
2014-12-28,24.7,0.3,KL-MUV-01
2014-12-29,24.88,1.9,KL-MUV-01
2014-12-30,24.23,1.8,KL-MUV-01
2014-12-31,23.1,3.3,KL-MUV-01
2015-01-01,22.12,1.1,KL-MUV-01
2015-01-02,21.23,0.0,KL-MUV-01
2015-01-03,20.04,0.0,KL-MUV-01
2015-01-04,18.91,0.0,KL-MUV-01
2015-01-05,17.84,0.0,KL-MUV-01
2015-01-06,16.95,0.0,KL-MUV-01
2015-01-07,16.06,0.0,KL-MUV-01
2015-01-08,15.22,0.2,KL-MUV-01
2015-01-09,14.52,0.4,KL-MUV-01
2015-01-10,14.17,0.0,KL-MUV-01
2015-01-11,13.42,0.0,KL-MUV-01
2015-01-12,13.09,0.0,KL-MUV-01
2015-01-13,12.49,0.0,KL-MUV-01
2015-01-14,11.88,0.0,KL-MUV-01
2015-01-15,11.3,0.0,KL-MUV-01
2015-01-16,10.75,0.0,KL-MUV-01
2015-01-17,10.19,0.0,KL-MUV-01
2015-01-18,9.84,0.0,KL-MUV-01
2015-01-19,9.4,0.2,KL-MUV-01
2015-01-20,9.14,0.0,KL-MUV-01
2015-01-21,8.84,0.1,KL-MUV-01
2015-01-22,8.62,0.0,KL-MUV-01
2015-01-23,8.23,0.0,KL-MUV-01
2015-01-24,7.85,0.0,KL-MUV-01
2015-01-25,7.49,0.0,KL-MUV-01
2015-01-26,7.2,0.0,KL-MUV-01
2015-01-27,6.87,0.0,KL-MUV-01
2015-01-28,6.59,0.0,KL-MUV-01
2015-01-29,6.31,0.0,KL-MUV-01
2015-01-30,6.06,0.1,KL-MUV-01
2015-01-31,6.1,0.0,KL-MUV-01
2015-02-01,5.93,0.0,KL-MUV-01
2015-02-02,5.81,0.2,KL-MUV-01
2015-02-03,5.59,0.0,KL-MUV-01
2015-02-04,5.41,0.0,KL-MUV-01
2015-02-05,5.22,0.0,KL-MUV-01
2015-02-06,5.03,0.4,KL-MUV-01
2015-02-07,4.97,0.0,KL-MUV-01
2015-02-08,4.85,0.0,KL-MUV-01
2015-02-09,4.71,0.0,KL-MUV-01
2015-02-10,4.6,0.0,KL-MUV-01
2015-02-11,4.71,0.4,KL-MUV-01
2015-02-12,4.66,0.0,KL-MUV-01
2015-02-13,4.53,0.9,KL-MUV-01
2015-02-14,4.47,0.0,KL-MUV-01
2015-02-15,4.37,0.0,KL-MUV-01
2015-02-16,4.28,0.0,KL-MUV-01
2015-02-17,4.15,0.0,KL-MUV-01
2015-02-18,4.09,0.0,KL-MUV-01
2015-02-19,4.0,0.0,KL-MUV-01
2015-02-20,3.94,0.0,KL-MUV-01
2015-02-21,3.88,0.0,KL-MUV-01
2015-02-22,3.81,0.0,KL-MUV-01
2015-02-23,3.75,0.0,KL-MUV-01
2015-02-24,3.72,0.0,KL-MUV-01
2015-02-25,3.69,0.0,KL-MUV-01
2015-02-26,3.62,0.0,KL-MUV-01
2015-02-27,3.62,0.5,KL-MUV-01
2015-02-28,3.66,1.2,KL-MUV-01
2015-03-01,3.66,1.9,KL-MUV-01
2015-03-02,3.66,3.2,KL-MUV-01
2015-03-03,3.69,1.6,KL-MUV-01
2015-03-04,3.75,2.7,KL-MUV-01
2015-03-05,3.79,0.3,KL-MUV-01
2015-03-06,3.84,5.2,KL-MUV-01
2015-03-07,4.22,4.2,KL-MUV-01
2015-03-08,4.62,1.7,KL-MUV-01
2015-03-09,4.85,0.0,KL-MUV-01
2015-03-10,4.85,0.0,KL-MUV-01
2015-03-11,4.71,0.0,KL-MUV-01
2015-03-12,4.56,0.0,KL-MUV-01
2015-03-13,4.5,0.4,KL-MUV-01
2015-03-14,4.43,0.3,KL-MUV-01
2015-03-15,4.5,1.0,KL-MUV-01
2015-03-16,4.94,7.6,KL-MUV-01
2015-03-17,5.59,0.0,KL-MUV-01
2015-03-18,5.59,0.0,KL-MUV-01
2015-03-19,5.37,0.0,KL-MUV-01
2015-03-20,5.15,0.0,KL-MUV-01
2015-03-21,4.97,0.0,KL-MUV-01
2015-03-22,4.78,0.0,KL-MUV-01
2015-03-23,4.62,0.0,KL-MUV-01
2015-03-24,4.47,0.0,KL-MUV-01
2015-03-25,4.37,0.0,KL-MUV-01
2015-03-26,4.31,0.0,KL-MUV-01
2015-03-27,4.19,0.6,KL-MUV-01
2015-03-28,4.09,0.0,KL-MUV-01
2015-03-29,4.0,1.5,KL-MUV-01
2015-03-30,3.97,4.8,KL-MUV-01
2015-03-31,3.97,0.3,KL-MUV-01
2015-04-01,4.19,16.5,KL-MUV-01
2015-04-02,4.75,1.7,KL-MUV-01
2015-04-03,4.85,5.6,KL-MUV-01
2015-04-04,4.94,0.2,KL-MUV-01
2015-04-05,4.97,0.0,KL-MUV-01
2015-04-06,4.9,2.0,KL-MUV-01
2015-04-07,4.87,1.5,KL-MUV-01
2015-04-08,4.85,2.8,KL-MUV-01
2015-04-09,4.94,0.4,KL-MUV-01
2015-04-10,5.1,4.4,KL-MUV-01
2015-04-11,5.19,5.3,KL-MUV-01
2015-04-12,5.19,4.6,KL-MUV-01
2015-04-13,5.19,16.8,KL-MUV-01
2015-04-14,5.59,5.5,KL-MUV-01
2015-04-15,5.59,3.6,KL-MUV-01
2015-04-16,5.5,2.5,KL-MUV-01
2015-04-17,5.65,1.7,KL-MUV-01
2015-04-18,5.81,0.2,KL-MUV-01
2015-04-19,5.78,4.7,KL-MUV-01
2015-04-20,5.81,9.0,KL-MUV-01
2015-04-21,6.62,31.7,KL-MUV-01
2015-04-22,7.63,0.6,KL-MUV-01
2015-04-23,7.87,9.0,KL-MUV-01
2015-04-24,8.31,14.0,KL-MUV-01
2015-04-25,8.77,0.5,KL-MUV-01
2015-04-26,8.62,2.1,KL-MUV-01
2015-04-27,8.57,0.7,KL-MUV-01
2015-04-28,8.57,3.3,KL-MUV-01
2015-04-29,8.66,1.3,KL-MUV-01
2015-04-30,8.57,6.2,KL-MUV-01
2015-05-01,8.53,0.4,KL-MUV-01
2015-05-02,8.35,0.7,KL-MUV-01
2015-05-03,8.1,0.0,KL-MUV-01
2015-05-04,7.91,7.4,KL-MUV-01
2015-05-05,8.51,4.6,KL-MUV-01
2015-05-06,8.62,4.4,KL-MUV-01
2015-05-07,8.73,22.1,KL-MUV-01
2015-05-08,9.38,13.5,KL-MUV-01
2015-05-09,10.32,13.1,KL-MUV-01
2015-05-10,10.75,6.3,KL-MUV-01
2015-05-11,12.4,33.3,KL-MUV-01
2015-05-12,15.67,22.7,KL-MUV-01
2015-05-13,17.37,13.4,KL-MUV-01
2015-05-14,17.92,12.6,KL-MUV-01
2015-05-15,18.01,5.2,KL-MUV-01
2015-05-16,17.49,26.4,KL-MUV-01
2015-05-17,18.36,24.8,KL-MUV-01
2015-05-18,19.89,15.8,KL-MUV-01
2015-05-19,20.43,14.1,KL-MUV-01
2015-05-20,21.18,6.0,KL-MUV-01
2015-05-21,21.18,4.7,KL-MUV-01
2015-05-22,21.44,4.6,KL-MUV-01
2015-05-23,20.98,3.1,KL-MUV-01
2015-05-24,20.33,9.2,KL-MUV-01
2015-05-25,20.28,1.2,KL-MUV-01
2015-05-26,19.42,2.5,KL-MUV-01
2015-05-27,18.77,0.1,KL-MUV-01
2015-05-28,17.84,14.7,KL-MUV-01
2015-05-29,18.41,15.8,KL-MUV-01
2015-05-30,18.91,10.5,KL-MUV-01
2015-05-31,18.86,19.1,KL-MUV-01
2015-06-01,19.7,3.3,KL-MUV-01
2015-06-02,19.23,9.4,KL-MUV-01
2015-06-03,18.72,8.0,KL-MUV-01
2015-06-04,18.63,16.5,KL-MUV-01
2015-06-05,19.46,7.1,KL-MUV-01
2015-06-06,18.95,0.9,KL-MUV-01
2015-06-07,17.92,14.1,KL-MUV-01
2015-06-08,17.58,24.9,KL-MUV-01
2015-06-09,18.01,8.3,KL-MUV-01
2015-06-10,17.58,2.7,KL-MUV-01
2015-06-11,16.95,32.0,KL-MUV-01
2015-06-12,18.77,4.3,KL-MUV-01
2015-06-13,18.63,5.7,KL-MUV-01
2015-06-14,17.92,15.1,KL-MUV-01
2015-06-15,17.45,16.9,KL-MUV-01
2015-06-16,17.11,9.9,KL-MUV-01
2015-06-17,17.07,6.1,KL-MUV-01
2015-06-18,17.41,20.0,KL-MUV-01
2015-06-19,19.14,14.9,KL-MUV-01
2015-06-20,21.86,11.9,KL-MUV-01
2015-06-21,26.99,21.8,KL-MUV-01
2015-06-22,30.84,13.0,KL-MUV-01
2015-06-23,31.58,5.6,KL-MUV-01
2015-06-24,30.7,8.8,KL-MUV-01
2015-06-25,31.51,15.1,KL-MUV-01
2015-06-26,37.55,24.2,KL-MUV-01
2015-06-27,41.07,13.1,KL-MUV-01
2015-06-28,40.69,6.3,KL-MUV-01
2015-06-29,38.63,8.7,KL-MUV-01
2015-06-30,37.11,2.1,KL-MUV-01
2015-07-01,34.89,4.2,KL-MUV-01
2015-07-02,32.88,1.7,KL-MUV-01
2015-07-03,30.99,4.7,KL-MUV-01
2015-07-04,29.48,2.3,KL-MUV-01
2015-07-05,28.17,4.3,KL-MUV-01
2015-07-06,27.05,3.2,KL-MUV-01
2015-07-07,25.73,4.8,KL-MUV-01
2015-07-08,24.76,5.2,KL-MUV-01
2015-07-09,23.95,14.1,KL-MUV-01
2015-07-10,26.16,22.3,KL-MUV-01
2015-07-11,28.92,10.0,KL-MUV-01
2015-07-12,28.72,3.1,KL-MUV-01
2015-07-13,27.25,3.2,KL-MUV-01
2015-07-14,25.92,4.9,KL-MUV-01
2015-07-15,24.88,18.0,KL-MUV-01
2015-07-16,25.61,12.8,KL-MUV-01
2015-07-17,30.41,27.1,KL-MUV-01
2015-07-18,35.39,30.5,KL-MUV-01
2015-07-19,40.59,30.6,KL-MUV-01
2015-07-20,42.15,14.6,KL-MUV-01
2015-07-21,42.15,22.6,KL-MUV-01
2015-07-22,44.29,35.3,KL-MUV-01
2015-07-23,50.17,45.8,KL-MUV-01
2015-07-24,51.97,21.7,KL-MUV-01
2015-07-25,49.58,23.1,KL-MUV-01
2015-07-26,47.31,8.2,KL-MUV-01
2015-07-27,45.03,7.1,KL-MUV-01
2015-07-28,42.25,0.9,KL-MUV-01
2015-07-29,39.46,0.7,KL-MUV-01
2015-07-30,36.84,3.0,KL-MUV-01
2015-07-31,34.65,3.1,KL-MUV-01
2015-08-01,32.65,10.0,KL-MUV-01
2015-08-02,31.73,19.7,KL-MUV-01
2015-08-03,32.19,12.0,KL-MUV-01
2015-08-04,31.89,19.0,KL-MUV-01
2015-08-05,31.14,8.7,KL-MUV-01
2015-08-06,30.41,5.0,KL-MUV-01
2015-08-07,29.69,6.6,KL-MUV-01
2015-08-08,28.79,6.9,KL-MUV-01
2015-08-09,28.24,18.0,KL-MUV-01
2015-08-10,28.72,21.4,KL-MUV-01
2015-08-11,30.12,8.3,KL-MUV-01
2015-08-12,29.69,7.6,KL-MUV-01
2015-08-13,28.65,2.4,KL-MUV-01
2015-08-14,27.31,0.7,KL-MUV-01
2015-08-15,26.16,3.5,KL-MUV-01
2015-08-16,25.42,5.4,KL-MUV-01
2015-08-17,24.88,5.5,KL-MUV-01
2015-08-18,31.81,28.3,KL-MUV-01
2015-08-19,35.56,1.1,KL-MUV-01
2015-08-20,33.75,4.9,KL-MUV-01
2015-08-21,31.43,9.6,KL-MUV-01
2015-08-22,29.76,11.6,KL-MUV-01
2015-08-23,28.31,5.0,KL-MUV-01
2015-08-24,26.67,1.7,KL-MUV-01
2015-08-25,25.18,0.6,KL-MUV-01
2015-08-26,23.66,3.9,KL-MUV-01
2015-08-27,22.28,2.3,KL-MUV-01
2015-08-28,21.13,2.5,KL-MUV-01
2015-08-29,19.94,2.5,KL-MUV-01
2015-08-30,18.86,5.5,KL-MUV-01
2015-08-31,17.92,1.1,KL-MUV-01
2015-09-01,16.95,1.3,KL-MUV-01
2015-09-02,16.06,1.7,KL-MUV-01
2015-09-03,15.22,1.2,KL-MUV-01
2015-09-04,14.52,1.0,KL-MUV-01
2015-09-05,14.45,12.5,KL-MUV-01
2015-09-06,14.85,18.5,KL-MUV-01
2015-09-07,14.89,18.2,KL-MUV-01
2015-09-08,14.92,11.5,KL-MUV-01
2015-09-09,14.89,12.5,KL-MUV-01
2015-09-10,14.56,9.3,KL-MUV-01
2015-09-11,14.28,21.9,KL-MUV-01
2015-09-12,14.28,14.5,KL-MUV-01
2015-09-13,14.28,0.8,KL-MUV-01
2015-09-14,13.59,7.1,KL-MUV-01
2015-09-15,13.06,8.0,KL-MUV-01
2015-09-16,13.29,12.8,KL-MUV-01
2015-09-17,13.83,12.6,KL-MUV-01
2015-09-18,14.07,4.0,KL-MUV-01
2015-09-19,13.93,28.9,KL-MUV-01
2015-09-20,14.31,8.1,KL-MUV-01
2015-09-21,14.67,0.0,KL-MUV-01
2015-09-22,14.0,1.2,KL-MUV-01
2015-09-23,13.35,2.2,KL-MUV-01
2015-09-24,12.96,9.3,KL-MUV-01
2015-09-25,13.39,0.8,KL-MUV-01
2015-09-26,13.32,4.7,KL-MUV-01
2015-09-27,13.0,10.1,KL-MUV-01
2015-09-28,13.45,10.7,KL-MUV-01
2015-09-29,15.07,14.7,KL-MUV-01
2015-09-30,18.28,23.4,KL-MUV-01
2015-10-01,21.39,9.5,KL-MUV-01
2015-10-02,21.39,3.7,KL-MUV-01
2015-10-03,20.53,6.8,KL-MUV-01
2015-10-04,19.84,32.4,KL-MUV-01
2015-10-05,21.03,21.3,KL-MUV-01
2015-10-06,21.44,8.5,KL-MUV-01
2015-10-07,20.68,4.5,KL-MUV-01
2015-10-08,19.8,7.2,KL-MUV-01
2015-10-09,19.65,16.5,KL-MUV-01
2015-10-10,19.42,29.3,KL-MUV-01
2015-10-11,20.33,10.0,KL-MUV-01
2015-10-12,20.83,10.5,KL-MUV-01
2015-10-13,26.23,18.7,KL-MUV-01
2015-10-14,29.55,1.1,KL-MUV-01
2015-10-15,28.51,0.9,KL-MUV-01
2015-10-16,26.93,0.9,KL-MUV-01
2015-10-17,25.61,0.7,KL-MUV-01
2015-10-18,24.88,7.2,KL-MUV-01
2015-10-19,25.85,3.0,KL-MUV-01
2015-10-20,26.48,0.8,KL-MUV-01
2015-10-21,26.04,0.5,KL-MUV-01
2015-10-22,25.3,0.1,KL-MUV-01
2015-10-23,24.59,3.8,KL-MUV-01
2015-10-24,25.3,7.2,KL-MUV-01
2015-10-25,32.65,17.1,KL-MUV-01
2015-10-26,36.5,1.3,KL-MUV-01
2015-10-27,34.32,2.5,KL-MUV-01
2015-10-28,32.11,8.2,KL-MUV-01
2015-10-29,33.75,4.2,KL-MUV-01
2015-10-30,38.9,11.4,KL-MUV-01
2015-10-31,78.43,63.5,KL-MUV-01
2015-11-01,82.56,29.3,KL-MUV-01
2015-11-02,73.64,9.3,KL-MUV-01
2015-11-03,65.68,1.4,KL-MUV-01
2015-11-04,60.24,7.6,KL-MUV-01
2015-11-05,58.16,12.3,KL-MUV-01
2015-11-06,57.34,4.1,KL-MUV-01
2015-11-07,88.95,165.4,KL-MUV-01
2015-11-08,92.54,13.2,KL-MUV-01
2015-11-09,83.92,3.5,KL-MUV-01
2015-11-10,75.56,0.4,KL-MUV-01
2015-11-11,68.82,0.3,KL-MUV-01
2015-11-12,64.31,5.6,KL-MUV-01
2015-11-13,63.71,0.9,KL-MUV-01
2015-11-14,62.53,2.5,KL-MUV-01
2015-11-15,65.22,17.9,KL-MUV-01
2015-11-16,65.83,0.0,KL-MUV-01
2015-11-17,60.8,1.9,KL-MUV-01
2015-11-18,56.68,10.2,KL-MUV-01
2015-11-19,54.98,5.0,KL-MUV-01
2015-11-20,52.33,1.1,KL-MUV-01
2015-11-21,51.12,2.2,KL-MUV-01
2015-11-22,51.24,13.0,KL-MUV-01
2015-11-23,50.64,9.2,KL-MUV-01
2015-11-24,49.7,0.6,KL-MUV-01
2015-11-25,46.97,0.0,KL-MUV-01
2015-11-26,44.19,0.0,KL-MUV-01
2015-11-27,41.46,0.8,KL-MUV-01
2015-11-28,39.64,0.9,KL-MUV-01
2015-11-29,38.99,2.1,KL-MUV-01
2015-11-30,38.63,14.3,KL-MUV-01
2015-12-01,41.07,10.8,KL-MUV-01
2015-12-02,42.85,1.4,KL-MUV-01
2015-12-03,41.27,1.6,KL-MUV-01
2015-12-04,41.85,1.0,KL-MUV-01
2015-12-05,43.57,13.6,KL-MUV-01
2015-12-06,44.81,2.0,KL-MUV-01
2015-12-07,43.77,4.8,KL-MUV-01
2015-12-08,44.6,4.1,KL-MUV-01
2015-12-09,43.57,0.1,KL-MUV-01
2015-12-10,41.95,0.4,KL-MUV-01
2015-12-11,41.76,4.7,KL-MUV-01
2015-12-12,40.98,11.1,KL-MUV-01
2015-12-13,41.17,9.6,KL-MUV-01
2015-12-14,42.85,5.1,KL-MUV-01
2015-12-15,43.98,4.5,KL-MUV-01
2015-12-16,45.03,0.8,KL-MUV-01
2015-12-17,42.75,0.0,KL-MUV-01
2015-12-18,40.21,0.0,KL-MUV-01
2015-12-19,37.9,0.4,KL-MUV-01
2015-12-20,36.15,0.1,KL-MUV-01
2015-12-21,34.08,0.0,KL-MUV-01
2015-12-22,32.04,0.0,KL-MUV-01
2015-12-23,30.12,0.0,KL-MUV-01
2015-12-24,28.38,0.0,KL-MUV-01
2015-12-25,26.99,0.0,KL-MUV-01
2015-12-26,25.42,0.0,KL-MUV-01
2015-12-27,23.89,0.0,KL-MUV-01
2015-12-28,22.5,0.0,KL-MUV-01
2015-12-29,21.23,0.0,KL-MUV-01
2015-12-30,19.99,0.2,KL-MUV-01
2015-12-31,18.91,0.0,KL-MUV-01
2016-01-01,17.88,0.0,KL-MUV-01
2016-01-02,16.86,0.0,KL-MUV-01
2016-01-03,15.94,0.0,KL-MUV-01
2016-01-04,15.07,0.0,KL-MUV-01
2016-01-05,14.28,0.0,KL-MUV-01
2016-01-06,13.52,0.0,KL-MUV-01
2016-01-07,12.8,0.0,KL-MUV-01
2016-01-08,12.15,0.0,KL-MUV-01
2016-01-09,11.53,0.0,KL-MUV-01
2016-01-10,10.97,0.0,KL-MUV-01
2016-01-11,10.19,0.0,KL-MUV-01
2016-01-12,9.67,0.0,KL-MUV-01
2016-01-13,9.19,0.0,KL-MUV-01
2016-01-14,8.79,0.0,KL-MUV-01
2016-01-15,8.46,0.0,KL-MUV-01
2016-01-16,8.08,0.0,KL-MUV-01
2016-01-17,7.71,0.0,KL-MUV-01
2016-01-18,7.36,0.3,KL-MUV-01
2016-01-19,7.05,0.0,KL-MUV-01
2016-01-20,6.74,0.0,KL-MUV-01
2016-01-21,6.57,1.4,KL-MUV-01
2016-01-22,6.43,0.4,KL-MUV-01
2016-01-23,6.31,0.0,KL-MUV-01
2016-01-24,6.08,0.0,KL-MUV-01
2016-01-25,5.84,0.0,KL-MUV-01
2016-01-26,5.64,0.3,KL-MUV-01
2016-01-27,5.49,0.0,KL-MUV-01
2016-01-28,5.32,0.0,KL-MUV-01
2016-01-29,5.15,0.0,KL-MUV-01
2016-01-30,5.0,0.0,KL-MUV-01
2016-01-31,4.98,0.0,KL-MUV-01
2016-02-01,4.87,0.0,KL-MUV-01
2016-02-02,4.73,0.0,KL-MUV-01
2016-02-03,4.61,0.0,KL-MUV-01
2016-02-04,4.48,0.0,KL-MUV-01
2016-02-05,4.36,0.0,KL-MUV-01
2016-02-06,4.26,0.0,KL-MUV-01
2016-02-07,4.18,0.0,KL-MUV-01
2016-02-08,4.09,0.0,KL-MUV-01
2016-02-09,4.08,0.4,KL-MUV-01
2016-02-10,4.13,2.6,KL-MUV-01
2016-02-11,4.11,0.3,KL-MUV-01
2016-02-12,4.08,0.0,KL-MUV-01
2016-02-13,4.04,0.0,KL-MUV-01
2016-02-14,3.97,0.0,KL-MUV-01
2016-02-15,3.92,0.0,KL-MUV-01
2016-02-16,3.89,0.0,KL-MUV-01
2016-02-17,3.86,0.0,KL-MUV-01
2016-02-18,3.83,0.0,KL-MUV-01
2016-02-19,3.76,0.9,KL-MUV-01
2016-02-20,3.72,0.5,KL-MUV-01
2016-02-21,3.7,0.0,KL-MUV-01
2016-02-22,3.67,0.0,KL-MUV-01
2016-02-23,3.67,1.0,KL-MUV-01
2016-02-24,3.7,1.3,KL-MUV-01
2016-02-25,3.69,0.0,KL-MUV-01
2016-02-26,3.66,0.0,KL-MUV-01
2016-02-27,3.65,0.0,KL-MUV-01
2016-02-28,3.61,0.0,KL-MUV-01
2016-02-29,3.59,0.0,KL-MUV-01
2016-03-01,3.56,0.0,KL-MUV-01
2016-03-02,3.55,0.0,KL-MUV-01
2016-03-03,3.53,0.0,KL-MUV-01
2016-03-04,3.53,0.0,KL-MUV-01
2016-03-05,3.52,0.0,KL-MUV-01
2016-03-06,3.5,0.0,KL-MUV-01
2016-03-07,3.49,0.0,KL-MUV-01
2016-03-08,3.49,0.1,KL-MUV-01
2016-03-09,3.49,0.0,KL-MUV-01
2016-03-10,3.47,0.0,KL-MUV-01
2016-03-11,3.47,0.4,KL-MUV-01
2016-03-12,3.49,2.4,KL-MUV-01
2016-03-13,3.49,0.0,KL-MUV-01
2016-03-14,3.5,0.8,KL-MUV-01
2016-03-15,3.53,1.6,KL-MUV-01
2016-03-16,3.53,0.0,KL-MUV-01
2016-03-17,3.53,0.0,KL-MUV-01
2016-03-18,3.5,0.0,KL-MUV-01
2016-03-19,3.5,0.0,KL-MUV-01
2016-03-20,3.47,0.0,KL-MUV-01
2016-03-21,3.47,0.0,KL-MUV-01
2016-03-22,3.5,0.8,KL-MUV-01
2016-03-23,3.5,0.0,KL-MUV-01
2016-03-24,3.5,1.0,KL-MUV-01
2016-03-25,3.47,0.1,KL-MUV-01
2016-03-26,3.44,0.0,KL-MUV-01
2016-03-27,3.44,0.0,KL-MUV-01
2016-03-28,3.44,0.5,KL-MUV-01
2016-03-29,3.47,0.0,KL-MUV-01
2016-03-30,3.47,1.0,KL-MUV-01
2016-03-31,3.44,0.9,KL-MUV-01
2016-04-01,3.44,0.1,KL-MUV-01
2016-04-02,3.44,1.0,KL-MUV-01
2016-04-03,3.47,0.0,KL-MUV-01
2016-04-04,3.47,1.9,KL-MUV-01
2016-04-05,3.5,2.3,KL-MUV-01
2016-04-06,3.5,0.5,KL-MUV-01
2016-04-07,3.47,1.9,KL-MUV-01
2016-04-08,3.56,2.9,KL-MUV-01
2016-04-09,3.59,0.9,KL-MUV-01
2016-04-10,3.59,0.2,KL-MUV-01
2016-04-11,3.59,0.0,KL-MUV-01
2016-04-12,3.59,0.3,KL-MUV-01
2016-04-13,3.56,0.5,KL-MUV-01
2016-04-14,3.59,4.0,KL-MUV-01
2016-04-15,3.59,2.3,KL-MUV-01
2016-04-16,3.59,2.2,KL-MUV-01
2016-04-17,3.59,1.6,KL-MUV-01
2016-04-18,3.59,0.1,KL-MUV-01
2016-04-19,3.59,0.4,KL-MUV-01
2016-04-20,3.59,0.6,KL-MUV-01
2016-04-21,3.59,2.7,KL-MUV-01
2016-04-22,3.59,1.3,KL-MUV-01
2016-04-23,3.59,0.0,KL-MUV-01
2016-04-24,3.59,0.0,KL-MUV-01
2016-04-25,3.56,0.3,KL-MUV-01
2016-04-26,3.56,0.0,KL-MUV-01
2016-04-27,3.56,0.4,KL-MUV-01
2016-04-28,3.56,1.7,KL-MUV-01
2016-04-29,3.56,0.5,KL-MUV-01
2016-04-30,3.53,0.8,KL-MUV-01
2016-05-01,3.53,1.2,KL-MUV-01
2016-05-02,3.53,0.1,KL-MUV-01
2016-05-03,3.5,1.5,KL-MUV-01
2016-05-04,3.53,5.4,KL-MUV-01
2016-05-05,3.59,12.5,KL-MUV-01
2016-05-06,3.59,5.4,KL-MUV-01
2016-05-07,3.66,12.3,KL-MUV-01
2016-05-08,3.69,3.8,KL-MUV-01
2016-05-09,3.62,0.9,KL-MUV-01
2016-05-10,3.72,22.5,KL-MUV-01
2016-05-11,3.79,4.3,KL-MUV-01
2016-05-12,3.94,16.2,KL-MUV-01
2016-05-13,4.09,12.3,KL-MUV-01
2016-05-14,4.19,13.8,KL-MUV-01
2016-05-15,4.35,6.8,KL-MUV-01
2016-05-16,4.47,5.6,KL-MUV-01
2016-05-17,4.69,35.1,KL-MUV-01
2016-05-18,5.03,25.6,KL-MUV-01
2016-05-19,5.34,17.3,KL-MUV-01
2016-05-20,5.44,8.0,KL-MUV-01
2016-05-21,5.31,2.5,KL-MUV-01
2016-05-22,5.15,6.5,KL-MUV-01
2016-05-23,5.15,8.2,KL-MUV-01
2016-05-24,5.22,11.7,KL-MUV-01
2016-05-25,5.5,7.8,KL-MUV-01
2016-05-26,5.53,4.3,KL-MUV-01
2016-05-27,5.56,19.2,KL-MUV-01
2016-05-28,6.31,17.5,KL-MUV-01
2016-05-29,7.05,9.8,KL-MUV-01
2016-05-30,7.24,21.1,KL-MUV-01
2016-05-31,7.97,22.2,KL-MUV-01
2016-06-01,9.16,48.4,KL-MUV-01
2016-06-02,10.43,10.6,KL-MUV-01
2016-06-03,10.67,16.1,KL-MUV-01
2016-06-04,10.69,14.0,KL-MUV-01
2016-06-05,10.78,9.2,KL-MUV-01
2016-06-06,10.75,10.6,KL-MUV-01
2016-06-07,10.83,22.3,KL-MUV-01
2016-06-08,13.62,50.3,KL-MUV-01
2016-06-09,19.04,29.0,KL-MUV-01
2016-06-10,22.6,23.6,KL-MUV-01
2016-06-11,24.41,19.1,KL-MUV-01
2016-06-12,24.7,15.3,KL-MUV-01
2016-06-13,24.53,5.7,KL-MUV-01
2016-06-14,23.77,5.1,KL-MUV-01
2016-06-15,22.88,9.4,KL-MUV-01
2016-06-16,22.17,5.2,KL-MUV-01
2016-06-17,22.44,25.9,KL-MUV-01
2016-06-18,26.93,36.0,KL-MUV-01
2016-06-19,30.55,14.8,KL-MUV-01
2016-06-20,30.48,11.8,KL-MUV-01
2016-06-21,29.97,19.0,KL-MUV-01
2016-06-22,30.12,14.0,KL-MUV-01
2016-06-23,30.33,16.2,KL-MUV-01
2016-06-24,31.36,28.2,KL-MUV-01
2016-06-25,33.43,12.0,KL-MUV-01
2016-06-26,32.88,7.1,KL-MUV-01
2016-06-27,31.73,18.0,KL-MUV-01
2016-06-28,36.07,19.2,KL-MUV-01
2016-06-29,39.36,12.0,KL-MUV-01
2016-06-30,39.55,8.0,KL-MUV-01
2016-07-01,38.36,5.5,KL-MUV-01
2016-07-02,36.93,4.0,KL-MUV-01
2016-07-03,34.97,6.3,KL-MUV-01
2016-07-04,33.51,19.2,KL-MUV-01
2016-07-05,34.73,8.9,KL-MUV-01
2016-07-06,34.97,16.2,KL-MUV-01
2016-07-07,36.15,4.6,KL-MUV-01
2016-07-08,36.76,28.7,KL-MUV-01
2016-07-09,39.18,10.4,KL-MUV-01
2016-07-10,41.66,12.8,KL-MUV-01
2016-07-11,43.57,9.8,KL-MUV-01
2016-07-12,43.98,5.2,KL-MUV-01
2016-07-13,42.15,3.7,KL-MUV-01
2016-07-14,40.11,12.8,KL-MUV-01
2016-07-15,39.27,16.0,KL-MUV-01
2016-07-16,39.64,9.5,KL-MUV-01
2016-07-17,38.54,7.3,KL-MUV-01
2016-07-18,36.58,19.6,KL-MUV-01
2016-07-19,35.56,4.4,KL-MUV-01
2016-07-20,33.59,3.2,KL-MUV-01
2016-07-21,31.89,3.2,KL-MUV-01
2016-07-22,30.55,4.9,KL-MUV-01
2016-07-23,30.05,6.3,KL-MUV-01
2016-07-24,30.41,12.2,KL-MUV-01
2016-07-25,31.06,14.3,KL-MUV-01
2016-07-26,31.14,12.5,KL-MUV-01
2016-07-27,33.51,43.7,KL-MUV-01
2016-07-28,35.64,7.8,KL-MUV-01
2016-07-29,34.65,6.9,KL-MUV-01
2016-07-30,33.12,7.2,KL-MUV-01
2016-07-31,31.58,3.6,KL-MUV-01
2016-08-01,29.83,2.9,KL-MUV-01
2016-08-02,28.58,6.4,KL-MUV-01
2016-08-03,27.58,10.6,KL-MUV-01
2016-08-04,27.58,11.9,KL-MUV-01
2016-08-05,27.12,7.0,KL-MUV-01
2016-08-06,26.04,3.0,KL-MUV-01
2016-08-07,24.64,3.9,KL-MUV-01
2016-08-08,23.6,2.6,KL-MUV-01
2016-08-09,22.39,3.8,KL-MUV-01
2016-08-10,21.39,2.8,KL-MUV-01
2016-08-11,20.38,2.1,KL-MUV-01
2016-08-12,19.61,16.4,KL-MUV-01
2016-08-13,19.28,4.0,KL-MUV-01
2016-08-14,18.72,9.7,KL-MUV-01
2016-08-15,18.36,6.1,KL-MUV-01
2016-08-16,18.1,5.0,KL-MUV-01
2016-08-17,17.84,4.4,KL-MUV-01
2016-08-18,17.54,4.4,KL-MUV-01
2016-08-19,16.95,2.9,KL-MUV-01
2016-08-20,16.3,2.2,KL-MUV-01
2016-08-21,15.75,0.6,KL-MUV-01
2016-08-22,15.29,1.6,KL-MUV-01
2016-08-23,14.74,10.1,KL-MUV-01
2016-08-24,14.38,4.1,KL-MUV-01
2016-08-25,14.14,6.8,KL-MUV-01
2016-08-26,14.17,10.6,KL-MUV-01
2016-08-27,14.14,8.8,KL-MUV-01
2016-08-28,14.03,2.8,KL-MUV-01
2016-08-29,13.62,5.9,KL-MUV-01
2016-08-30,13.49,19.0,KL-MUV-01
2016-08-31,14.1,11.6,KL-MUV-01
2016-09-01,14.24,29.3,KL-MUV-01
2016-09-02,15.22,15.9,KL-MUV-01
2016-09-03,15.41,3.4,KL-MUV-01
2016-09-04,14.85,2.8,KL-MUV-01
2016-09-05,14.24,1.6,KL-MUV-01
2016-09-06,13.55,1.6,KL-MUV-01
2016-09-07,13.06,2.4,KL-MUV-01
2016-09-08,12.46,2.3,KL-MUV-01
2016-09-09,12.15,1.5,KL-MUV-01
2016-09-10,11.74,3.9,KL-MUV-01
2016-09-11,11.25,2.4,KL-MUV-01
2016-09-12,10.83,1.6,KL-MUV-01
2016-09-13,10.72,6.7,KL-MUV-01
2016-09-14,10.75,14.8,KL-MUV-01
2016-09-15,10.99,9.3,KL-MUV-01
2016-09-16,10.94,2.5,KL-MUV-01
2016-09-17,10.72,3.3,KL-MUV-01
2016-09-18,10.4,13.4,KL-MUV-01
2016-09-19,10.56,2.9,KL-MUV-01
2016-09-20,10.4,5.2,KL-MUV-01
2016-09-21,10.19,5.5,KL-MUV-01
2016-09-22,9.99,1.9,KL-MUV-01
2016-09-23,9.72,3.9,KL-MUV-01
2016-09-24,9.72,2.6,KL-MUV-01
2016-09-25,9.64,3.2,KL-MUV-01
2016-09-26,9.54,2.7,KL-MUV-01
2016-09-27,9.35,3.3,KL-MUV-01
2016-09-28,9.07,7.0,KL-MUV-01
2016-09-29,9.14,12.8,KL-MUV-01
2016-09-30,9.52,2.2,KL-MUV-01
2016-10-01,9.38,1.5,KL-MUV-01
2016-10-02,8.98,0.8,KL-MUV-01
2016-10-03,8.57,0.9,KL-MUV-01
2016-10-04,8.18,1.1,KL-MUV-01
2016-10-05,7.97,1.2,KL-MUV-01
2016-10-06,7.71,0.8,KL-MUV-01
2016-10-07,7.38,1.4,KL-MUV-01
2016-10-08,7.05,1.8,KL-MUV-01
2016-10-09,6.83,3.0,KL-MUV-01
2016-10-10,6.62,1.5,KL-MUV-01
2016-10-11,6.41,1.1,KL-MUV-01
2016-10-12,6.18,3.2,KL-MUV-01
2016-10-13,6.29,29.1,KL-MUV-01
2016-10-14,6.94,8.8,KL-MUV-01
2016-10-15,7.61,6.1,KL-MUV-01
2016-10-16,9.69,5.0,KL-MUV-01
2016-10-17,10.99,8.0,KL-MUV-01
2016-10-18,12.15,0.0,KL-MUV-01
2016-10-19,12.12,3.9,KL-MUV-01
2016-10-20,11.85,6.3,KL-MUV-01
2016-10-21,13.69,13.8,KL-MUV-01
2016-10-22,17.24,8.0,KL-MUV-01
2016-10-23,18.82,5.1,KL-MUV-01
2016-10-24,18.41,2.1,KL-MUV-01
2016-10-25,17.58,2.0,KL-MUV-01
2016-10-26,16.86,3.9,KL-MUV-01
2016-10-27,17.45,1.3,KL-MUV-01
2016-10-28,17.97,1.5,KL-MUV-01
2016-10-29,17.37,4.0,KL-MUV-01
2016-10-30,17.07,6.4,KL-MUV-01
2016-10-31,21.44,13.6,KL-MUV-01
2016-11-01,25.3,8.4,KL-MUV-01
2016-11-02,25.73,3.7,KL-MUV-01
2016-11-03,27.05,7.0,KL-MUV-01
2016-11-04,28.38,10.4,KL-MUV-01
2016-11-05,29.69,0.4,KL-MUV-01
2016-11-06,28.17,0.0,KL-MUV-01
2016-11-07,26.35,0.0,KL-MUV-01
2016-11-08,24.64,0.0,KL-MUV-01
2016-11-09,23.43,0.4,KL-MUV-01
2016-11-10,22.23,0.0,KL-MUV-01
2016-11-11,21.08,0.0,KL-MUV-01
2016-11-12,19.94,0.1,KL-MUV-01
2016-11-13,19.04,1.7,KL-MUV-01
2016-11-14,20.23,9.4,KL-MUV-01
2016-11-15,20.58,0.0,KL-MUV-01
2016-11-16,19.99,0.0,KL-MUV-01
2016-11-17,19.51,0.2,KL-MUV-01
2016-11-18,18.82,0.2,KL-MUV-01
2016-11-19,18.72,0.5,KL-MUV-01
2016-11-20,18.01,0.0,KL-MUV-01
2016-11-21,17.11,0.0,KL-MUV-01
2016-11-22,16.78,0.0,KL-MUV-01
2016-11-23,16.14,0.0,KL-MUV-01
2016-11-24,15.56,0.0,KL-MUV-01
2016-11-25,14.85,0.0,KL-MUV-01
2016-11-26,14.24,0.0,KL-MUV-01
2016-11-27,13.52,0.0,KL-MUV-01
2016-11-28,12.77,0.0,KL-MUV-01
2016-11-29,12.12,0.0,KL-MUV-01
2016-11-30,11.65,0.0,KL-MUV-01
2016-12-01,11.19,8.7,KL-MUV-01
2016-12-02,12.27,11.2,KL-MUV-01
2016-12-03,13.62,0.7,KL-MUV-01
2016-12-04,14.21,0.0,KL-MUV-01
2016-12-05,13.69,0.0,KL-MUV-01
2016-12-06,13.29,2.3,KL-MUV-01
2016-12-07,13.0,0.1,KL-MUV-01
2016-12-08,12.37,1.2,KL-MUV-01
2016-12-09,11.76,0.8,KL-MUV-01
2016-12-10,11.25,0.3,KL-MUV-01
2016-12-11,10.67,0.0,KL-MUV-01
2016-12-12,10.12,0.0,KL-MUV-01
2016-12-13,9.64,3.3,KL-MUV-01
2016-12-14,9.28,1.1,KL-MUV-01
2016-12-15,8.98,0.0,KL-MUV-01
2016-12-16,8.62,0.4,KL-MUV-01
2016-12-17,8.35,0.0,KL-MUV-01
2016-12-18,8.18,0.0,KL-MUV-01
2016-12-19,8.08,0.0,KL-MUV-01
2016-12-20,7.83,0.0,KL-MUV-01
2016-12-21,7.69,0.0,KL-MUV-01
2016-12-22,7.71,0.0,KL-MUV-01
2016-12-23,7.41,0.0,KL-MUV-01
2016-12-24,7.09,0.0,KL-MUV-01
2016-12-25,6.91,0.9,KL-MUV-01
2016-12-26,6.69,0.0,KL-MUV-01
2016-12-27,6.43,0.1,KL-MUV-01
2016-12-28,6.38,0.2,KL-MUV-01
2016-12-29,6.23,0.0,KL-MUV-01
2016-12-30,6.0,0.0,KL-MUV-01
2016-12-31,5.76,0.0,KL-MUV-01
2017-01-01,5.53,0.0,KL-MUV-01
2017-01-02,5.34,0.0,KL-MUV-01
2017-01-03,5.17,0.0,KL-MUV-01
2017-01-04,5.01,1.3,KL-MUV-01
2017-01-05,4.86,0.5,KL-MUV-01
2017-01-06,4.71,0.1,KL-MUV-01
2017-01-07,4.6,0.1,KL-MUV-01
2017-01-08,4.46,0.5,KL-MUV-01
2017-01-09,4.35,0.1,KL-MUV-01
2017-01-10,4.24,0.4,KL-MUV-01
2017-01-11,3.88,0.0,KL-MUV-01
2017-01-12,3.72,0.0,KL-MUV-01
2017-01-13,3.62,0.4,KL-MUV-01
2017-01-14,3.56,0.0,KL-MUV-01
2017-01-15,3.53,0.0,KL-MUV-01
2017-01-16,3.5,0.2,KL-MUV-01
2017-01-17,3.47,0.0,KL-MUV-01
2017-01-18,3.44,0.0,KL-MUV-01
2017-01-19,3.38,0.0,KL-MUV-01
2017-01-20,3.32,0.0,KL-MUV-01
2017-01-21,3.41,0.8,KL-MUV-01
2017-01-22,3.69,8.7,KL-MUV-01
2017-01-23,3.97,0.0,KL-MUV-01
2017-01-24,3.91,0.0,KL-MUV-01
2017-01-25,3.81,0.8,KL-MUV-01
2017-01-26,3.75,0.9,KL-MUV-01
2017-01-27,48.89,15.3,KL-MUV-01
2017-01-28,47.53,13.3,KL-MUV-01
2017-01-29,35.81,0.7,KL-MUV-01
2017-01-30,27.58,0.1,KL-MUV-01
2017-01-31,22.88,0.0,KL-MUV-01
2017-02-01,19.56,0.0,KL-MUV-01
2017-02-02,17.24,0.0,KL-MUV-01
2017-02-03,15.67,0.0,KL-MUV-01
2017-02-04,14.21,0.0,KL-MUV-01
2017-02-05,13.03,0.8,KL-MUV-01
2017-02-06,12.03,0.1,KL-MUV-01
2017-02-07,11.19,0.1,KL-MUV-01
2017-02-08,10.59,0.3,KL-MUV-01
2017-02-09,10.12,0.0,KL-MUV-01
2017-02-10,9.52,0.1,KL-MUV-01
2017-02-11,9.0,0.0,KL-MUV-01
2017-02-12,8.51,0.0,KL-MUV-01
2017-02-13,8.06,0.0,KL-MUV-01
2017-02-14,7.69,0.4,KL-MUV-01
2017-02-15,7.28,0.0,KL-MUV-01
2017-02-16,6.94,0.0,KL-MUV-01
2017-02-17,6.59,0.0,KL-MUV-01
2017-02-18,6.28,0.0,KL-MUV-01
2017-02-19,6.0,0.0,KL-MUV-01
2017-02-20,5.75,0.0,KL-MUV-01
2017-02-21,5.53,0.4,KL-MUV-01
2017-02-22,5.31,0.3,KL-MUV-01
2017-02-23,5.12,0.0,KL-MUV-01
2017-02-24,5.03,0.1,KL-MUV-01
2017-02-25,4.97,0.0,KL-MUV-01
2017-02-26,4.81,1.2,KL-MUV-01
2017-02-27,4.66,0.5,KL-MUV-01
2017-02-28,4.56,0.0,KL-MUV-01
2017-03-01,4.41,0.0,KL-MUV-01
2017-03-02,4.31,0.2,KL-MUV-01
2017-03-03,4.25,0.8,KL-MUV-01
2017-03-04,12.61,8.6,KL-MUV-01
2017-03-05,14.56,4.5,KL-MUV-01
2017-03-06,13.06,6.4,KL-MUV-01
2017-03-07,11.94,14.3,KL-MUV-01
2017-03-08,11.3,5.2,KL-MUV-01
2017-03-09,10.78,22.2,KL-MUV-01
2017-03-10,10.72,16.6,KL-MUV-01
2017-03-11,10.67,0.9,KL-MUV-01
2017-03-12,10.04,0.0,KL-MUV-01
2017-03-13,9.5,2.7,KL-MUV-01
2017-03-14,9.19,2.1,KL-MUV-01
2017-03-15,9.0,14.1,KL-MUV-01
2017-03-16,9.81,1.6,KL-MUV-01
2017-03-17,10.8,1.3,KL-MUV-01
2017-03-18,11.13,6.4,KL-MUV-01
2017-03-19,11.11,6.4,KL-MUV-01
2017-03-20,10.8,6.4,KL-MUV-01
2017-03-21,10.4,0.2,KL-MUV-01
2017-03-22,9.86,1.1,KL-MUV-01
2017-03-23,9.38,0.6,KL-MUV-01
2017-03-24,9.19,0.1,KL-MUV-01
2017-03-25,8.91,0.0,KL-MUV-01
2017-03-26,8.62,1.3,KL-MUV-01
2017-03-27,8.4,1.0,KL-MUV-01
2017-03-28,8.16,0.0,KL-MUV-01
2017-03-29,7.81,1.9,KL-MUV-01
2017-03-30,7.49,0.5,KL-MUV-01
2017-03-31,7.22,2.0,KL-MUV-01
2017-04-01,7.09,0.5,KL-MUV-01
2017-04-02,6.96,4.8,KL-MUV-01
2017-04-03,6.91,0.9,KL-MUV-01
2017-04-04,6.74,1.3,KL-MUV-01
2017-04-05,6.85,3.2,KL-MUV-01
2017-04-06,7.13,36.3,KL-MUV-01
2017-04-07,7.22,0.7,KL-MUV-01
2017-04-08,7.05,4.7,KL-MUV-01
2017-04-09,7.24,3.0,KL-MUV-01
2017-04-10,7.09,2.2,KL-MUV-01
2017-04-11,6.94,3.3,KL-MUV-01
2017-04-12,7.18,5.3,KL-MUV-01
2017-04-13,7.57,3.3,KL-MUV-01
2017-04-14,8.57,2.1,KL-MUV-01
2017-04-15,8.57,7.7,KL-MUV-01
2017-04-16,8.31,14.1,KL-MUV-01
2017-04-17,8.18,7.2,KL-MUV-01
2017-04-18,7.87,4.8,KL-MUV-01
2017-04-19,7.49,10.4,KL-MUV-01
2017-04-20,7.28,11.6,KL-MUV-01
2017-04-21,7.28,9.1,KL-MUV-01
2017-04-22,7.24,3.7,KL-MUV-01
2017-04-23,7.32,11.2,KL-MUV-01
2017-04-24,7.18,5.6,KL-MUV-01
2017-04-25,7.15,8.1,KL-MUV-01
2017-04-26,7.09,6.0,KL-MUV-01
2017-04-27,6.94,0.2,KL-MUV-01
2017-04-28,6.74,2.4,KL-MUV-01
2017-04-29,6.53,1.7,KL-MUV-01
2017-04-30,6.35,6.7,KL-MUV-01
2017-05-01,6.13,9.6,KL-MUV-01
2017-05-02,5.97,6.5,KL-MUV-01
2017-05-03,5.87,4.8,KL-MUV-01
2017-05-04,5.81,4.5,KL-MUV-01
2017-05-05,5.65,9.5,KL-MUV-01
2017-05-06,5.59,12.5,KL-MUV-01
2017-05-07,5.9,23.6,KL-MUV-01
2017-05-08,7.22,11.6,KL-MUV-01
2017-05-09,7.28,8.2,KL-MUV-01
2017-05-10,7.18,28.1,KL-MUV-01
2017-05-11,7.18,15.1,KL-MUV-01
2017-05-12,7.18,17.0,KL-MUV-01
2017-05-13,7.38,21.8,KL-MUV-01
2017-05-14,7.75,21.1,KL-MUV-01
2017-05-15,8.29,11.5,KL-MUV-01
2017-05-16,8.23,17.9,KL-MUV-01
2017-05-17,8.25,8.5,KL-MUV-01
2017-05-18,8.29,25.7,KL-MUV-01
2017-05-19,9.81,1.3,KL-MUV-01
2017-05-20,9.72,31.4,KL-MUV-01
2017-05-21,9.81,18.5,KL-MUV-01
2017-05-22,11.88,13.6,KL-MUV-01
2017-05-23,13.32,23.7,KL-MUV-01
2017-05-24,13.52,19.7,KL-MUV-01
2017-05-25,14.96,50.2,KL-MUV-01
2017-05-26,16.95,10.2,KL-MUV-01
2017-05-27,17.11,14.2,KL-MUV-01
2017-05-28,16.34,15.4,KL-MUV-01
2017-05-29,16.74,28.9,KL-MUV-01
2017-05-30,20.48,25.1,KL-MUV-01
2017-05-31,23.77,9.7,KL-MUV-01
2017-06-01,34.81,48.9,KL-MUV-01
2017-06-02,49.82,38.6,KL-MUV-01
2017-06-03,61.52,52.7,KL-MUV-01
2017-06-04,60.24,26.6,KL-MUV-01
2017-06-05,55.23,9.3,KL-MUV-01
2017-06-06,51.72,28.2,KL-MUV-01
2017-06-07,48.43,18.0,KL-MUV-01
2017-06-08,46.53,11.0,KL-MUV-01
2017-06-09,43.57,9.8,KL-MUV-01
2017-06-10,49.58,44.3,KL-MUV-01
2017-06-11,51.97,18.3,KL-MUV-01
2017-06-12,49.23,13.5,KL-MUV-01
2017-06-13,46.1,16.8,KL-MUV-01
2017-06-14,43.77,10.0,KL-MUV-01
2017-06-15,41.27,12.4,KL-MUV-01
2017-06-16,38.81,16.5,KL-MUV-01
2017-06-17,36.84,13.6,KL-MUV-01
2017-06-18,34.73,15.6,KL-MUV-01
2017-06-19,32.73,12.2,KL-MUV-01
2017-06-20,31.06,18.4,KL-MUV-01
2017-06-21,29.48,26.9,KL-MUV-01
2017-06-22,27.97,19.1,KL-MUV-01
2017-06-23,26.86,29.3,KL-MUV-01
2017-06-24,27.12,29.6,KL-MUV-01
2017-06-25,28.92,43.2,KL-MUV-01
2017-06-26,37.28,38.8,KL-MUV-01
2017-06-27,51.24,42.9,KL-MUV-01
2017-06-28,52.46,10.2,KL-MUV-01
2017-06-29,48.66,10.8,KL-MUV-01
2017-06-30,44.92,10.2,KL-MUV-01
2017-07-01,42.65,19.6,KL-MUV-01
2017-07-02,42.25,38.6,KL-MUV-01
2017-07-03,41.17,11.9,KL-MUV-01
2017-07-04,39.55,13.6,KL-MUV-01
2017-07-05,37.19,4.7,KL-MUV-01
2017-07-06,35.31,14.6,KL-MUV-01
2017-07-07,33.75,24.9,KL-MUV-01
2017-07-08,32.19,30.5,KL-MUV-01
2017-07-09,30.62,10.8,KL-MUV-01
2017-07-10,29.27,15.6,KL-MUV-01
2017-07-11,28.38,25.1,KL-MUV-01
2017-07-12,27.84,7.5,KL-MUV-01
2017-07-13,26.42,16.1,KL-MUV-01
2017-07-14,25.18,5.0,KL-MUV-01
2017-07-15,24.06,7.5,KL-MUV-01
2017-07-16,23.04,18.8,KL-MUV-01
2017-07-17,22.23,15.8,KL-MUV-01
2017-07-18,21.91,26.1,KL-MUV-01
2017-07-19,22.28,21.6,KL-MUV-01
2017-07-20,24.12,33.7,KL-MUV-01
2017-07-21,26.99,18.5,KL-MUV-01
2017-07-22,26.54,4.2,KL-MUV-01
2017-07-23,24.94,2.4,KL-MUV-01
2017-07-24,23.43,1.6,KL-MUV-01
2017-07-25,22.07,2.3,KL-MUV-01
2017-07-26,20.78,16.9,KL-MUV-01
2017-07-27,19.8,16.9,KL-MUV-01
2017-07-28,19.14,29.0,KL-MUV-01
2017-07-29,18.82,6.5,KL-MUV-01
2017-07-30,17.92,27.4,KL-MUV-01
2017-07-31,17.41,20.6,KL-MUV-01
2017-08-01,17.16,16.5,KL-MUV-01
2017-08-02,16.42,14.1,KL-MUV-01
2017-08-03,16.06,30.0,KL-MUV-01
2017-08-04,16.5,26.6,KL-MUV-01
2017-08-05,17.32,49.2,KL-MUV-01
2017-08-06,18.14,16.5,KL-MUV-01
2017-08-07,18.68,21.8,KL-MUV-01
2017-08-08,19.09,9.9,KL-MUV-01
2017-08-09,18.45,25.8,KL-MUV-01
2017-08-10,18.05,25.8,KL-MUV-01
2017-08-11,17.97,56.3,KL-MUV-01
2017-08-12,18.59,1.5,KL-MUV-01
2017-08-13,17.79,4.1,KL-MUV-01
2017-08-14,16.86,14.9,KL-MUV-01
2017-08-15,16.14,10.7,KL-MUV-01
2017-08-16,16.02,35.1,KL-MUV-01
2017-08-17,15.9,37.1,KL-MUV-01
2017-08-18,16.14,32.2,KL-MUV-01
2017-08-19,18.28,20.2,KL-MUV-01
2017-08-20,19.84,52.1,KL-MUV-01
2017-08-21,25.3,35.3,KL-MUV-01
2017-08-22,29.55,21.5,KL-MUV-01
2017-08-23,30.99,15.0,KL-MUV-01
2017-08-24,29.41,9.6,KL-MUV-01
2017-08-25,27.97,5.5,KL-MUV-01
2017-08-26,26.61,12.2,KL-MUV-01
2017-08-27,29.06,26.8,KL-MUV-01
2017-08-28,42.85,35.3,KL-MUV-01
2017-08-29,51.24,42.4,KL-MUV-01
2017-08-30,50.17,17.4,KL-MUV-01
2017-08-31,45.99,2.0,KL-MUV-01
2017-09-01,41.85,10.2,KL-MUV-01
2017-09-02,40.11,15.0,KL-MUV-01
2017-09-03,39.74,13.4,KL-MUV-01
2017-09-04,39.09,32.5,KL-MUV-01
2017-09-05,38.17,30.9,KL-MUV-01
2017-09-06,37.82,12.9,KL-MUV-01
2017-09-07,37.02,19.9,KL-MUV-01
2017-09-08,36.24,22.8,KL-MUV-01
2017-09-09,35.22,22.8,KL-MUV-01
2017-09-10,35.31,13.2,KL-MUV-01
2017-09-11,33.59,8.4,KL-MUV-01
2017-09-12,32.81,23.2,KL-MUV-01
2017-09-13,34.24,42.2,KL-MUV-01
2017-09-14,36.5,24.6,KL-MUV-01
2017-09-15,35.73,30.0,KL-MUV-01
2017-09-16,39.36,37.2,KL-MUV-01
2017-09-17,67.08,59.5,KL-MUV-01
2017-09-18,68.18,16.0,KL-MUV-01
2017-09-19,60.66,13.6,KL-MUV-01
2017-09-20,55.1,4.5,KL-MUV-01
2017-09-21,50.76,8.7,KL-MUV-01
2017-09-22,47.19,1.0,KL-MUV-01
2017-09-23,43.67,1.1,KL-MUV-01
2017-09-24,40.88,2.7,KL-MUV-01
2017-09-25,38.08,9.9,KL-MUV-01
2017-09-26,35.73,21.7,KL-MUV-01
2017-09-27,33.83,28.2,KL-MUV-01
2017-09-28,33.12,23.2,KL-MUV-01
2017-09-29,34.16,12.4,KL-MUV-01
2017-09-30,32.96,8.4,KL-MUV-01
2017-10-01,31.43,8.4,KL-MUV-01
2017-10-02,30.05,7.5,KL-MUV-01
2017-10-03,28.51,3.1,KL-MUV-01
2017-10-04,26.86,12.2,KL-MUV-01
2017-10-05,25.42,34.7,KL-MUV-01
2017-10-06,25.24,19.3,KL-MUV-01
2017-10-07,24.76,13.7,KL-MUV-01
2017-10-08,23.77,13.6,KL-MUV-01
2017-10-09,22.55,4.1,KL-MUV-01
2017-10-10,21.23,11.6,KL-MUV-01
2017-10-11,20.09,11.7,KL-MUV-01
2017-10-12,19.23,27.2,KL-MUV-01
2017-10-13,19.0,28.5,KL-MUV-01
2017-10-14,20.13,45.6,KL-MUV-01
2017-10-15,19.94,6.1,KL-MUV-01
2017-10-16,19.0,17.3,KL-MUV-01
2017-10-17,19.23,35.3,KL-MUV-01
2017-10-18,20.83,10.7,KL-MUV-01
2017-10-19,20.78,3.7,KL-MUV-01
2017-10-20,19.99,6.2,KL-MUV-01
2017-10-21,19.37,62.8,KL-MUV-01
2017-10-22,19.56,17.4,KL-MUV-01
2017-10-23,18.91,0.2,KL-MUV-01
2017-10-24,17.88,0.1,KL-MUV-01
2017-10-25,16.91,1.6,KL-MUV-01
2017-10-26,31.28,26.7,KL-MUV-01
2017-10-27,39.93,24.8,KL-MUV-01
2017-10-28,45.24,4.2,KL-MUV-01
2017-10-29,45.99,8.2,KL-MUV-01
2017-10-30,44.39,18.4,KL-MUV-01
2017-10-31,45.56,1.4,KL-MUV-01
2017-11-01,48.2,6.5,KL-MUV-01
2017-11-02,47.98,8.1,KL-MUV-01
2017-11-03,49.58,2.5,KL-MUV-01
2017-11-04,51.12,8.7,KL-MUV-01
2017-11-05,50.88,10.5,KL-MUV-01
2017-11-06,49.82,10.9,KL-MUV-01
2017-11-07,49.23,4.8,KL-MUV-01
2017-11-08,49.47,17.2,KL-MUV-01
2017-11-09,50.05,7.0,KL-MUV-01
2017-11-10,48.55,2.0,KL-MUV-01
2017-11-11,45.67,0.4,KL-MUV-01
2017-11-12,43.06,2.3,KL-MUV-01
2017-11-13,40.3,0.2,KL-MUV-01
2017-11-14,37.82,1.1,KL-MUV-01
2017-11-15,35.39,0.9,KL-MUV-01
2017-11-16,33.2,0.0,KL-MUV-01
2017-11-17,31.14,0.2,KL-MUV-01
2017-11-18,29.34,3.1,KL-MUV-01
2017-11-19,27.77,11.8,KL-MUV-01
2017-11-20,26.93,7.1,KL-MUV-01
2017-11-21,26.73,0.6,KL-MUV-01
2017-11-22,25.85,6.0,KL-MUV-01
2017-11-23,25.36,0.0,KL-MUV-01
2017-11-24,24.06,1.0,KL-MUV-01
2017-11-25,22.82,11.1,KL-MUV-01
2017-11-26,24.12,0.8,KL-MUV-01
2017-11-27,26.42,22.0,KL-MUV-01
2017-11-28,26.73,4.1,KL-MUV-01
2017-11-29,26.61,9.7,KL-MUV-01
2017-11-30,26.73,11.6,KL-MUV-01
2017-12-01,28.17,15.7,KL-MUV-01
2017-12-02,29.69,1.0,KL-MUV-01
2017-12-03,28.72,1.5,KL-MUV-01
2017-12-04,27.25,0.1,KL-MUV-01
2017-12-05,25.61,0.0,KL-MUV-01
2017-12-06,24.12,0.3,KL-MUV-01
2017-12-07,22.82,0.6,KL-MUV-01
2017-12-08,21.65,3.8,KL-MUV-01
2017-12-09,20.73,1.3,KL-MUV-01
2017-12-10,19.89,2.8,KL-MUV-01
2017-12-11,19.0,1.7,KL-MUV-01
2017-12-12,18.19,4.7,KL-MUV-01
2017-12-13,17.41,5.5,KL-MUV-01
2017-12-14,17.16,5.9,KL-MUV-01
2017-12-15,17.03,0.4,KL-MUV-01
2017-12-16,17.03,0.5,KL-MUV-01
2017-12-17,16.18,0.0,KL-MUV-01
2017-12-18,15.29,0.0,KL-MUV-01
2017-12-19,14.45,0.0,KL-MUV-01
2017-12-20,13.66,0.0,KL-MUV-01
2017-12-21,12.96,0.0,KL-MUV-01
2017-12-22,12.4,0.0,KL-MUV-01
2017-12-23,11.79,0.0,KL-MUV-01
2017-12-24,11.3,0.0,KL-MUV-01
2017-12-25,10.78,0.0,KL-MUV-01
2017-12-26,10.25,0.0,KL-MUV-01
2017-12-27,9.84,0.0,KL-MUV-01
2017-12-28,9.35,0.0,KL-MUV-01
2017-12-29,8.91,0.0,KL-MUV-01
2017-12-30,8.48,0.0,KL-MUV-01
2017-12-31,8.1,0.7,KL-MUV-01
2018-01-01,7.73,0.1,KL-MUV-01
2018-01-02,7.41,0.0,KL-MUV-01
2018-01-03,7.07,0.0,KL-MUV-01
2018-01-04,6.78,0.1,KL-MUV-01
2018-01-05,6.57,0.1,KL-MUV-01
2018-01-06,6.41,0.0,KL-MUV-01
2018-01-07,6.21,0.1,KL-MUV-01
2018-01-08,6.01,0.0,KL-MUV-01
2018-01-09,5.79,0.0,KL-MUV-01
2018-01-10,5.64,0.0,KL-MUV-01
2018-01-11,5.21,0.0,KL-MUV-01
2018-01-12,4.96,0.4,KL-MUV-01
2018-01-13,4.83,0.9,KL-MUV-01
2018-01-14,4.69,0.0,KL-MUV-01
2018-01-15,4.52,0.0,KL-MUV-01
2018-01-16,4.36,0.0,KL-MUV-01
2018-01-17,4.22,0.3,KL-MUV-01
2018-01-18,4.13,0.0,KL-MUV-01
2018-01-19,4.09,0.0,KL-MUV-01
2018-01-20,4.06,0.0,KL-MUV-01
2018-01-21,4.09,0.0,KL-MUV-01
2018-01-22,4.05,0.5,KL-MUV-01
2018-01-23,4.0,0.8,KL-MUV-01
2018-01-24,3.92,0.1,KL-MUV-01
2018-01-25,3.88,0.2,KL-MUV-01
2018-01-26,3.81,0.2,KL-MUV-01
2018-01-27,3.75,0.6,KL-MUV-01
2018-01-28,3.69,0.2,KL-MUV-01
2018-01-29,3.75,0.0,KL-MUV-01
2018-01-30,3.79,0.0,KL-MUV-01
2018-01-31,3.91,0.0,KL-MUV-01
2018-02-01,3.88,0.0,KL-MUV-01
2018-02-02,3.84,0.0,KL-MUV-01
2018-02-03,3.79,0.0,KL-MUV-01
2018-02-04,3.72,0.0,KL-MUV-01
2018-02-05,3.69,0.0,KL-MUV-01
2018-02-06,3.66,3.5,KL-MUV-01
2018-02-07,3.66,16.3,KL-MUV-01
2018-02-08,3.79,12.2,KL-MUV-01
2018-02-09,4.19,16.3,KL-MUV-01
2018-02-10,4.43,2.4,KL-MUV-01
2018-02-11,4.41,5.1,KL-MUV-01
2018-02-12,4.69,0.2,KL-MUV-01
2018-02-13,5.53,0.0,KL-MUV-01
2018-02-14,5.68,0.0,KL-MUV-01
2018-02-15,5.47,0.0,KL-MUV-01
2018-02-16,5.25,0.0,KL-MUV-01
2018-02-17,5.07,0.6,KL-MUV-01
2018-02-18,4.87,0.0,KL-MUV-01
2018-02-19,4.71,0.0,KL-MUV-01
2018-02-20,4.56,0.0,KL-MUV-01
2018-02-21,4.43,0.0,KL-MUV-01
2018-02-22,4.31,0.6,KL-MUV-01
2018-02-23,4.19,0.0,KL-MUV-01
2018-02-24,4.09,0.0,KL-MUV-01
2018-02-25,4.0,0.0,KL-MUV-01
2018-02-26,3.94,0.0,KL-MUV-01
2018-02-27,3.84,0.1,KL-MUV-01
2018-02-28,3.79,0.1,KL-MUV-01
2018-03-01,3.75,0.0,KL-MUV-01
2018-03-02,3.69,0.0,KL-MUV-01
2018-03-03,3.66,0.0,KL-MUV-01
2018-03-04,3.62,0.2,KL-MUV-01
2018-03-05,3.59,0.0,KL-MUV-01
2018-03-06,3.56,0.1,KL-MUV-01
2018-03-07,3.53,1.0,KL-MUV-01
2018-03-08,3.53,0.2,KL-MUV-01
2018-03-09,3.53,0.0,KL-MUV-01
2018-03-10,3.53,0.1,KL-MUV-01
2018-03-11,3.5,0.0,KL-MUV-01
2018-03-12,3.5,0.0,KL-MUV-01
2018-03-13,3.56,2.9,KL-MUV-01
2018-03-14,3.62,4.2,KL-MUV-01
2018-03-15,3.59,11.0,KL-MUV-01
2018-03-16,3.59,12.6,KL-MUV-01
2018-03-17,3.59,5.6,KL-MUV-01
2018-03-18,3.66,9.9,KL-MUV-01
2018-03-19,3.91,2.5,KL-MUV-01
2018-03-20,4.28,1.1,KL-MUV-01
2018-03-21,4.25,2.6,KL-MUV-01
2018-03-22,4.28,3.0,KL-MUV-01
2018-03-23,4.47,0.3,KL-MUV-01
2018-03-24,4.47,0.3,KL-MUV-01
2018-03-25,4.31,0.0,KL-MUV-01
2018-03-26,4.19,1.0,KL-MUV-01
2018-03-27,4.13,3.7,KL-MUV-01
2018-03-28,4.09,2.9,KL-MUV-01
2018-03-29,4.06,2.2,KL-MUV-01
2018-03-30,4.04,4.5,KL-MUV-01
2018-03-31,3.97,1.6,KL-MUV-01
2018-04-01,3.94,4.7,KL-MUV-01
2018-04-02,4.0,6.2,KL-MUV-01
2018-04-03,4.04,10.1,KL-MUV-01
2018-04-04,4.15,3.9,KL-MUV-01
2018-04-05,4.22,3.2,KL-MUV-01
2018-04-06,4.15,0.8,KL-MUV-01
2018-04-07,4.09,6.1,KL-MUV-01
2018-04-08,4.0,2.7,KL-MUV-01
2018-04-09,4.06,0.9,KL-MUV-01
2018-04-10,4.13,2.1,KL-MUV-01
2018-04-11,4.19,2.0,KL-MUV-01
2018-04-12,4.43,14.2,KL-MUV-01
2018-04-13,4.97,7.2,KL-MUV-01
2018-04-14,5.25,8.2,KL-MUV-01
2018-04-15,5.56,2.8,KL-MUV-01
2018-04-16,5.97,9.2,KL-MUV-01
2018-04-17,6.21,3.6,KL-MUV-01
2018-04-18,6.13,1.3,KL-MUV-01
2018-04-19,6.16,5.0,KL-MUV-01
2018-04-20,6.21,0.7,KL-MUV-01
2018-04-21,6.41,12.8,KL-MUV-01
2018-04-22,6.66,2.2,KL-MUV-01
2018-04-23,6.5,4.7,KL-MUV-01
2018-04-24,6.5,4.9,KL-MUV-01
2018-04-25,6.41,0.9,KL-MUV-01
2018-04-26,6.59,0.7,KL-MUV-01
2018-04-27,6.5,2.2,KL-MUV-01
2018-04-28,6.66,1.6,KL-MUV-01
2018-04-29,6.69,1.1,KL-MUV-01
2018-04-30,6.73,5.6,KL-MUV-01
2018-05-01,7.13,1.1,KL-MUV-01
2018-05-02,7.04,6.2,KL-MUV-01
2018-05-03,6.94,16.8,KL-MUV-01
2018-05-04,6.87,8.6,KL-MUV-01
2018-05-05,7.41,13.7,KL-MUV-01
2018-05-06,8.04,10.4,KL-MUV-01
2018-05-07,8.38,5.8,KL-MUV-01
2018-05-08,8.4,27.1,KL-MUV-01
2018-05-09,8.84,8.1,KL-MUV-01
2018-05-10,10.04,16.2,KL-MUV-01
2018-05-11,11.45,14.6,KL-MUV-01
2018-05-12,12.37,21.7,KL-MUV-01
2018-05-13,13.26,4.2,KL-MUV-01
2018-05-14,13.35,4.1,KL-MUV-01
2018-05-15,13.26,12.7,KL-MUV-01
2018-05-16,13.42,8.4,KL-MUV-01
2018-05-17,14.07,30.2,KL-MUV-01
2018-05-18,15.03,7.1,KL-MUV-01
2018-05-19,15.18,12.3,KL-MUV-01
2018-05-20,14.92,11.0,KL-MUV-01
2018-05-21,15.94,16.2,KL-MUV-01
2018-05-22,15.83,14.7,KL-MUV-01
2018-05-23,15.75,18.4,KL-MUV-01
2018-05-24,16.42,13.1,KL-MUV-01
2018-05-25,20.28,37.3,KL-MUV-01
2018-05-26,24.23,27.9,KL-MUV-01
2018-05-27,25.0,20.0,KL-MUV-01
2018-05-28,31.43,46.7,KL-MUV-01
2018-05-29,35.06,18.0,KL-MUV-01
2018-05-30,33.43,15.3,KL-MUV-01
2018-05-31,31.66,12.5,KL-MUV-01
2018-06-01,29.62,23.8,KL-MUV-01
2018-06-02,28.58,20.5,KL-MUV-01
2018-06-03,28.92,36.3,KL-MUV-01
2018-06-04,29.76,31.9,KL-MUV-01
2018-06-05,29.41,22.3,KL-MUV-01
2018-06-06,29.06,31.4,KL-MUV-01
2018-06-07,31.43,27.8,KL-MUV-01
2018-06-08,41.46,40.0,KL-MUV-01
2018-06-09,58.98,42.5,KL-MUV-01
2018-06-10,67.23,48.2,KL-MUV-01
2018-06-11,72.11,39.3,KL-MUV-01
2018-06-12,71.11,26.6,KL-MUV-01
2018-06-13,68.34,35.5,KL-MUV-01
2018-06-14,65.99,32.3,KL-MUV-01
2018-06-15,63.57,21.0,KL-MUV-01
2018-06-16,60.38,22.3,KL-MUV-01
2018-06-17,57.88,16.4,KL-MUV-01
2018-06-18,54.85,37.1,KL-MUV-01
2018-06-19,52.7,39.1,KL-MUV-01
2018-06-20,55.62,50.7,KL-MUV-01
2018-06-21,61.66,27.5,KL-MUV-01
2018-06-22,65.68,37.3,KL-MUV-01
2018-06-23,64.92,32.6,KL-MUV-01
2018-06-24,61.37,18.8,KL-MUV-01
2018-06-25,57.75,35.4,KL-MUV-01
2018-06-26,56.28,18.9,KL-MUV-01
2018-06-27,53.58,30.5,KL-MUV-01
2018-06-28,52.58,24.5,KL-MUV-01
2018-06-29,52.58,42.1,KL-MUV-01
2018-06-30,53.33,24.3,KL-MUV-01
2018-07-01,50.64,23.4,KL-MUV-01
2018-07-02,48.55,22.7,KL-MUV-01
2018-07-03,46.64,10.0,KL-MUV-01
2018-07-04,44.08,1.6,KL-MUV-01
2018-07-05,41.36,18.0,KL-MUV-01
2018-07-06,39.09,4.9,KL-MUV-01
2018-07-07,37.11,23.6,KL-MUV-01
2018-07-08,37.46,26.6,KL-MUV-01
2018-07-09,40.59,30.4,KL-MUV-01
2018-07-10,48.55,46.8,KL-MUV-01
2018-07-11,54.34,37.0,KL-MUV-01
2018-07-12,54.46,29.4,KL-MUV-01
2018-07-13,54.98,46.2,KL-MUV-01
2018-07-14,55.1,48.5,KL-MUV-01
2018-07-15,64.01,58.1,KL-MUV-01
2018-07-16,74.34,55.7,KL-MUV-01
2018-07-17,73.3,35.8,KL-MUV-01
2018-07-18,69.96,44.2,KL-MUV-01
2018-07-19,68.82,63.8,KL-MUV-01
2018-07-20,67.55,25.5,KL-MUV-01
2018-07-21,65.68,28.4,KL-MUV-01
2018-07-22,62.68,16.4,KL-MUV-01
2018-07-23,59.39,31.4,KL-MUV-01
2018-07-24,56.68,32.0,KL-MUV-01
2018-07-25,54.98,37.3,KL-MUV-01
2018-07-26,52.33,15.4,KL-MUV-01
2018-07-27,49.58,16.5,KL-MUV-01
2018-07-28,46.86,18.8,KL-MUV-01
2018-07-29,44.5,26.1,KL-MUV-01
2018-07-30,42.55,33.7,KL-MUV-01
2018-07-31,41.36,19.2,KL-MUV-01
2018-08-01,39.93,13.4,KL-MUV-01
2018-08-02,37.9,15.7,KL-MUV-01
2018-08-03,35.81,6.9,KL-MUV-01
2018-08-04,33.83,10.6,KL-MUV-01
2018-08-05,31.96,8.2,KL-MUV-01
2018-08-06,30.55,16.2,KL-MUV-01
2018-08-07,29.55,33.7,KL-MUV-01
2018-08-08,30.33,59.5,KL-MUV-01
2018-08-09,32.42,26.9,KL-MUV-01
2018-08-10,31.66,20.0,KL-MUV-01
2018-08-11,31.06,16.6,KL-MUV-01
2018-08-12,30.19,27.5,KL-MUV-01
2018-08-13,30.92,43.8,KL-MUV-01
2018-08-14,63.27,85.0,KL-MUV-01
2018-08-15,134.83,129.7,KL-MUV-01
2018-08-16,146.23,67.2,KL-MUV-01
2018-08-17,128.12,45.3,KL-MUV-01
2018-08-18,112.5,38.5,KL-MUV-01
2018-08-19,101.09,32.0,KL-MUV-01
2018-08-20,92.11,12.8,KL-MUV-01
2018-08-21,85.1,5.1,KL-MUV-01
2018-08-22,78.43,1.7,KL-MUV-01
2018-08-23,72.62,1.9,KL-MUV-01
2018-08-24,67.39,4.3,KL-MUV-01
2018-08-25,62.68,2.8,KL-MUV-01
2018-08-26,58.43,10.1,KL-MUV-01
2018-08-27,54.85,24.9,KL-MUV-01
2018-08-28,51.72,12.4,KL-MUV-01
2018-08-29,49.93,2.4,KL-MUV-01
2018-08-30,47.08,23.4,KL-MUV-01
2018-08-31,44.39,14.6,KL-MUV-01
2018-09-01,43.06,5.5,KL-MUV-01
2018-09-02,40.69,2.7,KL-MUV-01
2018-09-03,38.45,1.2,KL-MUV-01
2018-09-04,36.07,0.8,KL-MUV-01
2018-09-05,33.83,3.0,KL-MUV-01
2018-09-06,31.81,3.6,KL-MUV-01
2018-09-07,29.97,1.5,KL-MUV-01
2018-09-08,28.24,0.9,KL-MUV-01
2018-09-09,26.54,0.4,KL-MUV-01
2018-09-10,24.94,0.2,KL-MUV-01
2018-09-11,23.49,0.9,KL-MUV-01
2018-09-12,22.17,0.0,KL-MUV-01
2018-09-13,20.88,0.3,KL-MUV-01
2018-09-14,19.65,0.3,KL-MUV-01
2018-09-15,18.59,0.4,KL-MUV-01
2018-09-16,17.58,4.6,KL-MUV-01
2018-09-17,16.82,15.4,KL-MUV-01
2018-09-18,16.02,12.4,KL-MUV-01
2018-09-19,15.33,13.7,KL-MUV-01
2018-09-20,14.67,10.9,KL-MUV-01
2018-09-21,14.24,1.3,KL-MUV-01
2018-09-22,13.55,0.4,KL-MUV-01
2018-09-23,12.84,19.9,KL-MUV-01
2018-09-24,12.43,12.5,KL-MUV-01
2018-09-25,12.27,2.7,KL-MUV-01
2018-09-26,12.12,23.3,KL-MUV-01
2018-09-27,13.19,12.2,KL-MUV-01
2018-09-28,13.79,15.5,KL-MUV-01
2018-09-29,14.03,4.8,KL-MUV-01
2018-09-30,14.17,13.6,KL-MUV-01
2018-10-01,14.96,20.5,KL-MUV-01
2018-10-02,15.33,9.1,KL-MUV-01
2018-10-03,15.63,18.1,KL-MUV-01
2018-10-04,26.61,22.5,KL-MUV-01
2018-10-05,42.75,12.8,KL-MUV-01
2018-10-06,42.35,20.5,KL-MUV-01
2018-10-07,39.09,41.8,KL-MUV-01
2018-10-08,37.99,25.2,KL-MUV-01
2018-10-09,38.08,21.9,KL-MUV-01
2018-10-10,36.76,21.3,KL-MUV-01
2018-10-11,35.48,4.0,KL-MUV-01
2018-10-12,34.32,6.0,KL-MUV-01
2018-10-13,33.51,19.2,KL-MUV-01
2018-10-14,32.73,14.7,KL-MUV-01
2018-10-15,33.12,9.1,KL-MUV-01
2018-10-16,32.04,36.5,KL-MUV-01
2018-10-17,31.96,7.7,KL-MUV-01
2018-10-18,30.33,3.7,KL-MUV-01
2018-10-19,30.92,10.6,KL-MUV-01
2018-10-20,34.65,18.2,KL-MUV-01
2018-10-21,42.15,23.5,KL-MUV-01
2018-10-22,46.42,14.8,KL-MUV-01
2018-10-23,46.53,0.5,KL-MUV-01
2018-10-24,43.57,4.4,KL-MUV-01
2018-10-25,41.66,0.6,KL-MUV-01
2018-10-26,39.93,0.0,KL-MUV-01
2018-10-27,37.73,1.2,KL-MUV-01
2018-10-28,35.56,0.0,KL-MUV-01
2018-10-29,33.36,2.2,KL-MUV-01
2018-10-30,31.43,0.2,KL-MUV-01
2018-10-31,29.62,21.6,KL-MUV-01
2018-11-01,29.13,13.6,KL-MUV-01
2018-11-02,31.14,8.4,KL-MUV-01
2018-11-03,33.59,15.4,KL-MUV-01
2018-11-04,34.73,0.9,KL-MUV-01
2018-11-05,33.04,0.5,KL-MUV-01
2018-11-06,31.14,1.0,KL-MUV-01
2018-11-07,30.33,0.5,KL-MUV-01
2018-11-08,30.62,0.7,KL-MUV-01
2018-11-09,32.81,7.1,KL-MUV-01
2018-11-10,33.04,0.5,KL-MUV-01
2018-11-11,31.51,0.3,KL-MUV-01
2018-11-12,29.9,2.5,KL-MUV-01
2018-11-13,28.31,2.8,KL-MUV-01
2018-11-14,26.8,1.1,KL-MUV-01
2018-11-15,25.36,1.6,KL-MUV-01
2018-11-16,51.97,134.1,KL-MUV-01
2018-11-17,51.84,1.6,KL-MUV-01
2018-11-18,44.19,7.9,KL-MUV-01
2018-11-19,39.64,35.9,KL-MUV-01
2018-11-20,37.19,3.2,KL-MUV-01
2018-11-21,34.56,3.5,KL-MUV-01
2018-11-22,32.19,4.6,KL-MUV-01
2018-11-23,33.99,9.9,KL-MUV-01
2018-11-24,38.81,38.6,KL-MUV-01
2018-11-25,39.93,1.5,KL-MUV-01
2018-11-26,37.28,0.2,KL-MUV-01
2018-11-27,35.39,0.0,KL-MUV-01
2018-11-28,33.12,0.1,KL-MUV-01
2018-11-29,40.11,21.9,KL-MUV-01
2018-11-30,42.65,3.9,KL-MUV-01
2018-12-01,40.3,0.0,KL-MUV-01
2018-12-02,37.19,0.0,KL-MUV-01
2018-12-03,34.73,0.0,KL-MUV-01
2018-12-04,32.34,6.1,KL-MUV-01
2018-12-05,32.65,4.1,KL-MUV-01
2018-12-06,34.56,3.7,KL-MUV-01
2018-12-07,34.4,0.8,KL-MUV-01
2018-12-08,32.57,0.1,KL-MUV-01
2018-12-09,30.7,0.0,KL-MUV-01
2018-12-10,29.06,0.2,KL-MUV-01
2018-12-11,27.44,0.6,KL-MUV-01
2018-12-12,25.98,0.5,KL-MUV-01
2018-12-13,24.64,0.3,KL-MUV-01
2018-12-14,23.6,0.2,KL-MUV-01
2018-12-15,22.44,0.2,KL-MUV-01
2018-12-16,21.28,0.0,KL-MUV-01
2018-12-17,20.09,1.3,KL-MUV-01
2018-12-18,18.91,0.0,KL-MUV-01
2018-12-19,17.84,0.6,KL-MUV-01
2018-12-20,16.99,0.0,KL-MUV-01
2018-12-21,16.02,0.0,KL-MUV-01
2018-12-22,15.33,0.2,KL-MUV-01
2018-12-23,16.3,4.5,KL-MUV-01
2018-12-24,16.66,7.0,KL-MUV-01
2018-12-25,16.78,0.8,KL-MUV-01
2018-12-26,16.86,0.5,KL-MUV-01
2018-12-27,16.5,1.5,KL-MUV-01
2018-12-28,15.79,7.6,KL-MUV-01
2018-12-29,15.11,10.8,KL-MUV-01
2018-12-30,14.45,0.6,KL-MUV-01
2018-12-31,13.72,0.0,KL-MUV-01
2019-01-01,13.0,0.0,KL-MUV-01
2019-01-02,12.3,0.0,KL-MUV-01
2019-01-03,11.68,0.0,KL-MUV-01
2019-01-04,11.11,0.0,KL-MUV-01
2019-01-05,10.53,0.0,KL-MUV-01
2019-01-06,9.99,0.0,KL-MUV-01
2019-01-07,9.52,0.0,KL-MUV-01
2019-01-08,9.07,0.0,KL-MUV-01
2019-01-09,8.66,0.0,KL-MUV-01
2019-01-10,8.25,0.0,KL-MUV-01
2019-01-11,7.65,0.0,KL-MUV-01
2019-01-12,7.24,0.0,KL-MUV-01
2019-01-13,6.91,0.0,KL-MUV-01
2019-01-14,6.62,0.0,KL-MUV-01
2019-01-15,6.31,0.0,KL-MUV-01
2019-01-16,6.06,0.0,KL-MUV-01
2019-01-17,5.78,0.0,KL-MUV-01
2019-01-18,5.56,0.0,KL-MUV-01
2019-01-19,5.34,0.0,KL-MUV-01
2019-01-20,5.15,0.0,KL-MUV-01
2019-01-21,5.07,0.0,KL-MUV-01
2019-01-22,4.9,0.0,KL-MUV-01
2019-01-23,4.71,0.0,KL-MUV-01
2019-01-24,4.56,0.8,KL-MUV-01
2019-01-25,4.43,0.8,KL-MUV-01
2019-01-26,4.35,0.1,KL-MUV-01
2019-01-27,4.22,1.1,KL-MUV-01
2019-01-28,4.13,0.2,KL-MUV-01
2019-01-29,4.04,0.2,KL-MUV-01
2019-01-30,4.0,0.0,KL-MUV-01
2019-01-31,4.06,0.0,KL-MUV-01
2019-02-01,4.04,0.0,KL-MUV-01
2019-02-02,3.97,0.0,KL-MUV-01
2019-02-03,3.91,0.0,KL-MUV-01
2019-02-04,3.84,0.0,KL-MUV-01
2019-02-05,3.81,0.9,KL-MUV-01
2019-02-06,3.79,2.5,KL-MUV-01
2019-02-07,3.91,0.3,KL-MUV-01
2019-02-08,3.88,0.5,KL-MUV-01
2019-02-09,3.88,15.3,KL-MUV-01
2019-02-10,4.19,9.1,KL-MUV-01
2019-02-11,4.43,0.0,KL-MUV-01
2019-02-12,4.37,0.1,KL-MUV-01
2019-02-13,4.25,0.1,KL-MUV-01
2019-02-14,4.13,0.0,KL-MUV-01
2019-02-15,4.04,0.5,KL-MUV-01
2019-02-16,3.94,4.4,KL-MUV-01
2019-02-17,3.88,0.0,KL-MUV-01
2019-02-18,3.81,0.0,KL-MUV-01
2019-02-19,3.79,0.9,KL-MUV-01
2019-02-20,3.72,0.6,KL-MUV-01
2019-02-21,3.69,0.0,KL-MUV-01
2019-02-22,3.66,0.0,KL-MUV-01
2019-02-23,3.62,0.0,KL-MUV-01
2019-02-24,3.59,0.0,KL-MUV-01
2019-02-25,3.59,0.0,KL-MUV-01
2019-02-26,3.56,0.6,KL-MUV-01
2019-02-27,3.56,1.2,KL-MUV-01
2019-02-28,3.56,1.8,KL-MUV-01
2019-03-01,3.53,0.2,KL-MUV-01
2019-03-02,3.5,9.1,KL-MUV-01
2019-03-03,3.53,1.0,KL-MUV-01
2019-03-04,3.53,0.0,KL-MUV-01
2019-03-05,3.5,0.5,KL-MUV-01
2019-03-06,3.5,1.0,KL-MUV-01
2019-03-07,3.5,0.0,KL-MUV-01
2019-03-08,3.53,10.7,KL-MUV-01
2019-03-09,3.53,29.5,KL-MUV-01
2019-03-10,3.56,1.4,KL-MUV-01
2019-03-11,3.53,0.0,KL-MUV-01
2019-03-12,3.5,0.0,KL-MUV-01
2019-03-13,3.5,0.0,KL-MUV-01
2019-03-14,3.47,0.0,KL-MUV-01
2019-03-15,3.47,0.0,KL-MUV-01
2019-03-16,3.47,0.0,KL-MUV-01
2019-03-17,3.44,0.3,KL-MUV-01
2019-03-18,3.44,0.3,KL-MUV-01
2019-03-19,3.44,1.0,KL-MUV-01
2019-03-20,3.47,0.9,KL-MUV-01
2019-03-21,3.47,0.4,KL-MUV-01
2019-03-22,3.44,1.0,KL-MUV-01
2019-03-23,3.44,0.1,KL-MUV-01
2019-03-24,3.44,1.1,KL-MUV-01
2019-03-25,3.44,0.2,KL-MUV-01
2019-03-26,3.41,0.0,KL-MUV-01
2019-03-27,3.41,1.8,KL-MUV-01
2019-03-28,3.41,0.9,KL-MUV-01
2019-03-29,3.44,1.4,KL-MUV-01
2019-03-30,3.41,4.3,KL-MUV-01
2019-03-31,3.41,2.8,KL-MUV-01
2019-04-01,3.41,0.2,KL-MUV-01
2019-04-02,3.41,0.3,KL-MUV-01
2019-04-03,3.41,3.2,KL-MUV-01
2019-04-04,3.41,0.8,KL-MUV-01
2019-04-05,3.41,0.5,KL-MUV-01
2019-04-06,3.41,4.0,KL-MUV-01
2019-04-07,3.41,0.6,KL-MUV-01
2019-04-08,3.41,7.8,KL-MUV-01
2019-04-09,3.56,0.8,KL-MUV-01
2019-04-10,3.56,1.4,KL-MUV-01
2019-04-11,3.56,1.8,KL-MUV-01
2019-04-12,3.53,1.0,KL-MUV-01
2019-04-13,3.53,1.6,KL-MUV-01
2019-04-14,3.53,1.3,KL-MUV-01
2019-04-15,3.53,0.3,KL-MUV-01
2019-04-16,3.53,17.4,KL-MUV-01
2019-04-17,3.56,6.3,KL-MUV-01
2019-04-18,3.79,41.6,KL-MUV-01
2019-04-19,3.94,15.3,KL-MUV-01
2019-04-20,4.19,48.8,KL-MUV-01
2019-04-21,4.28,4.2,KL-MUV-01
2019-04-22,4.28,3.5,KL-MUV-01
2019-04-23,4.25,5.8,KL-MUV-01
2019-04-24,4.25,0.0,KL-MUV-01
2019-04-25,4.22,0.0,KL-MUV-01
2019-04-26,4.13,0.9,KL-MUV-01
2019-04-27,4.04,1.2,KL-MUV-01
2019-04-28,4.04,9.9,KL-MUV-01
2019-04-29,4.25,31.8,KL-MUV-01
2019-04-30,4.5,17.9,KL-MUV-01
2019-05-01,4.5,9.3,KL-MUV-01
2019-05-02,4.41,5.1,KL-MUV-01
2019-05-03,4.25,0.8,KL-MUV-01
2019-05-04,4.13,0.6,KL-MUV-01
2019-05-05,4.04,0.8,KL-MUV-01
2019-05-06,3.94,2.9,KL-MUV-01
2019-05-07,3.94,17.6,KL-MUV-01
2019-05-08,4.06,6.6,KL-MUV-01
2019-05-09,4.06,9.8,KL-MUV-01
2019-05-10,4.15,0.3,KL-MUV-01
2019-05-11,4.09,1.8,KL-MUV-01
2019-05-12,4.06,7.2,KL-MUV-01
2019-05-13,4.09,16.6,KL-MUV-01
2019-05-14,4.31,11.7,KL-MUV-01
2019-05-15,4.47,14.0,KL-MUV-01
2019-05-16,4.69,3.6,KL-MUV-01
2019-05-17,4.85,2.5,KL-MUV-01
2019-05-18,5.19,0.8,KL-MUV-01
2019-05-19,5.19,1.3,KL-MUV-01
2019-05-20,5.22,1.8,KL-MUV-01
2019-05-21,5.22,1.4,KL-MUV-01
2019-05-22,5.19,11.6,KL-MUV-01
2019-05-23,5.34,13.8,KL-MUV-01
2019-05-24,5.87,26.2,KL-MUV-01
2019-05-25,6.46,5.7,KL-MUV-01
2019-05-26,6.73,5.9,KL-MUV-01
2019-05-27,6.82,10.2,KL-MUV-01
2019-05-28,7.09,1.5,KL-MUV-01
2019-05-29,7.13,37.3,KL-MUV-01
2019-05-30,7.81,26.8,KL-MUV-01
2019-05-31,8.18,37.3,KL-MUV-01
2019-06-01,8.98,2.9,KL-MUV-01
2019-06-02,8.91,19.9,KL-MUV-01
2019-06-03,9.4,16.9,KL-MUV-01
2019-06-04,9.45,36.8,KL-MUV-01
2019-06-05,9.86,49.7,KL-MUV-01
2019-06-06,11.25,19.4,KL-MUV-01
2019-06-07,11.71,13.0,KL-MUV-01
2019-06-08,11.71,16.8,KL-MUV-01
2019-06-09,11.97,34.4,KL-MUV-01
2019-06-10,14.03,41.5,KL-MUV-01
2019-06-11,17.54,32.0,KL-MUV-01
2019-06-12,19.99,27.6,KL-MUV-01
2019-06-13,21.34,19.4,KL-MUV-01
2019-06-14,22.01,21.8,KL-MUV-01
2019-06-15,21.28,18.5,KL-MUV-01
2019-06-16,20.33,7.6,KL-MUV-01
2019-06-17,19.28,13.3,KL-MUV-01
2019-06-18,18.36,9.7,KL-MUV-01
2019-06-19,17.88,22.9,KL-MUV-01
2019-06-20,17.84,30.0,KL-MUV-01
2019-06-21,18.32,37.0,KL-MUV-01
2019-06-22,21.13,40.6,KL-MUV-01
2019-06-23,24.41,24.2,KL-MUV-01
2019-06-24,24.53,19.6,KL-MUV-01
2019-06-25,23.6,19.2,KL-MUV-01
2019-06-26,22.6,9.1,KL-MUV-01
2019-06-27,21.65,7.2,KL-MUV-01
2019-06-28,20.88,2.6,KL-MUV-01
2019-06-29,19.99,8.2,KL-MUV-01
2019-06-30,19.37,6.2,KL-MUV-01
2019-07-01,18.72,17.4,KL-MUV-01
2019-07-02,18.86,17.3,KL-MUV-01
2019-07-03,20.23,16.1,KL-MUV-01
2019-07-04,20.09,24.6,KL-MUV-01
2019-07-05,19.99,18.3,KL-MUV-01
2019-07-06,20.73,17.0,KL-MUV-01
2019-07-07,20.53,11.5,KL-MUV-01
2019-07-08,19.84,9.5,KL-MUV-01
2019-07-09,19.28,18.2,KL-MUV-01
2019-07-10,19.42,15.4,KL-MUV-01
2019-07-11,19.04,2.7,KL-MUV-01
2019-07-12,18.05,8.4,KL-MUV-01
2019-07-13,17.41,15.5,KL-MUV-01
2019-07-14,16.95,35.3,KL-MUV-01
2019-07-15,17.11,19.2,KL-MUV-01
2019-07-16,17.54,24.1,KL-MUV-01
2019-07-17,18.05,41.5,KL-MUV-01
2019-07-18,36.33,65.6,KL-MUV-01
2019-07-19,73.82,79.8,KL-MUV-01
2019-07-20,68.02,52.0,KL-MUV-01
2019-07-21,66.76,60.1,KL-MUV-01
2019-07-22,65.07,35.2,KL-MUV-01
2019-07-23,60.94,16.7,KL-MUV-01
2019-07-24,55.75,14.5,KL-MUV-01
2019-07-25,51.72,27.4,KL-MUV-01
2019-07-26,48.09,5.5,KL-MUV-01
2019-07-27,44.6,8.7,KL-MUV-01
2019-07-28,41.46,1.0,KL-MUV-01
2019-07-29,38.72,2.3,KL-MUV-01
2019-07-30,36.33,3.9,KL-MUV-01
2019-07-31,33.99,5.0,KL-MUV-01
2019-08-01,31.89,4.5,KL-MUV-01
2019-08-02,30.05,8.0,KL-MUV-01
2019-08-03,28.72,9.8,KL-MUV-01
2019-08-04,27.44,24.7,KL-MUV-01
2019-08-05,26.73,27.3,KL-MUV-01
2019-08-06,26.8,49.9,KL-MUV-01
2019-08-07,37.19,58.5,KL-MUV-01
2019-08-08,67.08,68.7,KL-MUV-01
2019-08-09,69.47,56.6,KL-MUV-01
2019-08-10,65.22,45.5,KL-MUV-01
2019-08-11,60.8,32.0,KL-MUV-01
2019-08-12,73.82,30.8,KL-MUV-01
2019-08-13,94.94,82.4,KL-MUV-01
2019-08-14,93.41,45.5,KL-MUV-01
2019-08-15,84.51,22.6,KL-MUV-01
2019-08-16,75.56,19.6,KL-MUV-01
2019-08-17,69.31,19.2,KL-MUV-01
2019-08-18,64.16,22.1,KL-MUV-01
2019-08-19,59.53,23.8,KL-MUV-01
2019-08-20,56.68,35.5,KL-MUV-01
2019-08-21,54.46,37.1,KL-MUV-01
2019-08-22,55.36,37.6,KL-MUV-01
2019-08-23,55.62,21.4,KL-MUV-01
2019-08-24,52.95,13.5,KL-MUV-01
2019-08-25,50.4,44.6,KL-MUV-01
2019-08-26,61.09,61.8,KL-MUV-01
2019-08-27,65.07,19.1,KL-MUV-01
2019-08-28,63.42,37.9,KL-MUV-01
2019-08-29,61.81,36.3,KL-MUV-01
2019-08-30,60.24,17.1,KL-MUV-01
2019-08-31,57.75,18.2,KL-MUV-01
2019-09-01,55.49,32.9,KL-MUV-01
2019-09-02,54.72,34.7,KL-MUV-01
2019-09-03,53.83,17.1,KL-MUV-01
2019-09-04,54.08,42.3,KL-MUV-01
2019-09-05,55.23,25.0,KL-MUV-01
2019-09-06,53.95,17.3,KL-MUV-01
2019-09-07,52.09,11.2,KL-MUV-01
2019-09-08,49.35,16.4,KL-MUV-01
2019-09-09,46.42,14.1,KL-MUV-01
2019-09-10,43.77,20.1,KL-MUV-01
2019-09-11,41.36,24.8,KL-MUV-01
2019-09-12,40.4,22.2,KL-MUV-01
2019-09-13,38.63,23.4,KL-MUV-01
2019-09-14,36.67,20.3,KL-MUV-01
2019-09-15,34.65,32.4,KL-MUV-01
2019-09-16,33.51,18.8,KL-MUV-01
2019-09-17,32.34,30.4,KL-MUV-01
2019-09-18,31.28,31.4,KL-MUV-01
2019-09-19,30.33,35.4,KL-MUV-01
2019-09-20,29.13,17.8,KL-MUV-01
2019-09-21,27.58,4.9,KL-MUV-01
2019-09-22,26.16,10.1,KL-MUV-01
2019-09-23,28.31,18.0,KL-MUV-01
2019-09-24,30.77,17.1,KL-MUV-01
2019-09-25,31.21,33.0,KL-MUV-01
2019-09-26,29.9,32.4,KL-MUV-01
2019-09-27,28.44,1.9,KL-MUV-01
2019-09-28,26.99,9.1,KL-MUV-01
2019-09-29,27.71,15.0,KL-MUV-01
2019-09-30,27.05,4.5,KL-MUV-01
2019-10-01,26.29,10.3,KL-MUV-01
2019-10-02,25.3,12.5,KL-MUV-01
2019-10-03,25.0,17.4,KL-MUV-01
2019-10-04,25.12,4.9,KL-MUV-01
2019-10-05,24.94,32.2,KL-MUV-01
2019-10-06,26.16,10.3,KL-MUV-01
2019-10-07,26.29,18.8,KL-MUV-01
2019-10-08,26.35,6.5,KL-MUV-01
2019-10-09,25.49,9.6,KL-MUV-01
2019-10-10,24.94,9.3,KL-MUV-01
2019-10-11,24.82,14.6,KL-MUV-01
2019-10-12,25.61,16.3,KL-MUV-01
2019-10-13,25.36,16.1,KL-MUV-01
2019-10-14,26.35,10.5,KL-MUV-01
2019-10-15,28.11,6.9,KL-MUV-01
2019-10-16,32.04,35.9,KL-MUV-01
2019-10-17,35.98,11.2,KL-MUV-01
2019-10-18,45.99,18.5,KL-MUV-01
2019-10-19,50.64,25.3,KL-MUV-01
2019-10-20,57.75,71.1,KL-MUV-01
2019-10-21,66.14,108.8,KL-MUV-01
2019-10-22,65.53,11.3,KL-MUV-01
2019-10-23,62.39,79.3,KL-MUV-01
2019-10-24,61.37,12.0,KL-MUV-01
2019-10-25,59.81,23.4,KL-MUV-01
2019-10-26,56.02,18.9,KL-MUV-01
2019-10-27,52.7,0.2,KL-MUV-01
2019-10-28,49.58,4.0,KL-MUV-01
2019-10-29,49.7,0.7,KL-MUV-01
2019-10-30,50.4,29.9,KL-MUV-01
2019-10-31,49.58,80.5,KL-MUV-01
2019-11-01,48.66,0.0,KL-MUV-01
2019-11-02,45.67,17.1,KL-MUV-01
2019-11-03,47.31,22.0,KL-MUV-01
2019-11-04,49.12,2.8,KL-MUV-01
2019-11-05,47.98,2.6,KL-MUV-01
2019-11-06,45.77,5.0,KL-MUV-01
2019-11-07,43.46,9.8,KL-MUV-01
2019-11-08,41.46,8.7,KL-MUV-01
2019-11-09,41.07,14.7,KL-MUV-01
2019-11-10,41.95,12.0,KL-MUV-01
2019-11-11,42.65,8.7,KL-MUV-01
2019-11-12,41.95,4.1,KL-MUV-01
2019-11-13,41.27,0.0,KL-MUV-01
2019-11-14,39.09,0.9,KL-MUV-01
2019-11-15,38.17,4.3,KL-MUV-01
2019-11-16,40.5,6.4,KL-MUV-01
2019-11-17,41.85,11.0,KL-MUV-01
2019-11-18,41.07,0.6,KL-MUV-01
2019-11-19,40.78,4.2,KL-MUV-01
2019-11-20,41.27,22.6,KL-MUV-01
2019-11-21,42.55,4.3,KL-MUV-01
2019-11-22,40.4,1.9,KL-MUV-01
2019-11-23,39.74,1.6,KL-MUV-01
2019-11-24,37.99,1.6,KL-MUV-01
2019-11-25,35.81,0.9,KL-MUV-01
2019-11-26,35.22,0.5,KL-MUV-01
2019-11-27,33.28,0.0,KL-MUV-01
2019-11-28,31.43,0.0,KL-MUV-01
2019-11-29,29.97,2.7,KL-MUV-01
2019-11-30,30.19,24.3,KL-MUV-01
2019-12-01,31.36,20.1,KL-MUV-01
2019-12-02,31.66,4.8,KL-MUV-01
2019-12-03,31.36,5.6,KL-MUV-01
2019-12-04,30.48,0.0,KL-MUV-01
2019-12-05,29.13,0.2,KL-MUV-01
2019-12-06,27.64,0.0,KL-MUV-01
2019-12-07,26.23,0.2,KL-MUV-01
2019-12-08,26.1,0.4,KL-MUV-01
2019-12-09,25.0,0.0,KL-MUV-01
2019-12-10,23.55,0.0,KL-MUV-01
2019-12-11,22.28,0.2,KL-MUV-01
2019-12-12,22.12,0.7,KL-MUV-01
2019-12-13,21.75,2.0,KL-MUV-01
2019-12-14,21.86,12.6,KL-MUV-01
2019-12-15,22.93,0.0,KL-MUV-01
2019-12-16,21.8,0.0,KL-MUV-01
2019-12-17,20.53,0.9,KL-MUV-01
2019-12-18,19.46,0.0,KL-MUV-01
2019-12-19,18.36,0.2,KL-MUV-01
2019-12-20,17.41,3.0,KL-MUV-01
2019-12-21,17.45,0.1,KL-MUV-01
2019-12-22,16.66,0.5,KL-MUV-01
2019-12-23,15.83,0.5,KL-MUV-01
2019-12-24,15.56,0.1,KL-MUV-01
2019-12-25,15.75,1.4,KL-MUV-01
2019-12-26,15.33,2.6,KL-MUV-01
2019-12-27,15.41,0.1,KL-MUV-01
2019-12-28,14.92,0.2,KL-MUV-01
2019-12-29,14.49,0.1,KL-MUV-01
2019-12-30,13.79,0.4,KL-MUV-01
2019-12-31,13.22,0.1,KL-MUV-01
2020-01-01,12.65,0.4,KL-MUV-01
2020-01-02,12.12,0.6,KL-MUV-01
2020-01-03,11.56,1.0,KL-MUV-01
2020-01-04,10.99,1.7,KL-MUV-01
2020-01-05,10.51,0.9,KL-MUV-01
2020-01-06,10.09,0.0,KL-MUV-01
2020-01-07,9.62,0.0,KL-MUV-01
2020-01-08,9.16,0.0,KL-MUV-01
2020-01-09,8.73,0.0,KL-MUV-01
2020-01-10,8.31,0.0,KL-MUV-01
2020-01-11,7.69,0.0,KL-MUV-01
2020-01-12,7.28,0.0,KL-MUV-01
2020-01-13,6.94,0.0,KL-MUV-01
2020-01-14,6.62,0.0,KL-MUV-01
2020-01-15,6.35,0.0,KL-MUV-01
2020-01-16,6.19,0.0,KL-MUV-01
2020-01-17,6.0,0.0,KL-MUV-01
2020-01-18,5.78,0.2,KL-MUV-01
2020-01-19,5.56,0.5,KL-MUV-01
2020-01-20,5.37,0.0,KL-MUV-01
2020-01-21,5.28,0.0,KL-MUV-01
2020-01-22,5.12,0.0,KL-MUV-01
2020-01-23,4.94,0.0,KL-MUV-01
2020-01-24,4.77,0.0,KL-MUV-01
2020-01-25,4.62,0.0,KL-MUV-01
2020-01-26,4.48,0.0,KL-MUV-01
2020-01-27,4.36,0.6,KL-MUV-01
2020-01-28,4.26,0.2,KL-MUV-01
2020-01-29,4.15,0.2,KL-MUV-01
2020-01-30,4.05,0.0,KL-MUV-01
2020-01-31,4.09,0.0,KL-MUV-01
2020-02-01,4.05,0.1,KL-MUV-01
2020-02-02,4.0,0.5,KL-MUV-01
2020-02-03,3.95,0.7,KL-MUV-01
2020-02-04,3.91,0.0,KL-MUV-01
2020-02-05,3.86,1.4,KL-MUV-01
2020-02-06,3.83,1.8,KL-MUV-01
2020-02-07,3.79,2.8,KL-MUV-01
2020-02-08,3.76,0.0,KL-MUV-01
2020-02-09,3.73,0.0,KL-MUV-01
2020-02-10,3.69,0.0,KL-MUV-01
2020-02-11,3.65,0.0,KL-MUV-01
2020-02-12,3.61,0.0,KL-MUV-01
2020-02-13,3.59,0.0,KL-MUV-01
2020-02-14,3.56,0.0,KL-MUV-01
2020-02-15,3.55,0.8,KL-MUV-01
2020-02-16,3.52,0.0,KL-MUV-01
2020-02-17,3.52,0.0,KL-MUV-01
2020-02-18,3.5,0.0,KL-MUV-01
2020-02-19,3.5,0.0,KL-MUV-01
2020-02-20,3.47,0.0,KL-MUV-01
2020-02-21,3.47,0.0,KL-MUV-01
2020-02-22,3.47,0.2,KL-MUV-01
2020-02-23,3.46,0.0,KL-MUV-01
2020-02-24,3.44,0.5,KL-MUV-01
2020-02-25,3.43,0.2,KL-MUV-01
2020-02-26,3.43,0.4,KL-MUV-01
2020-02-27,3.43,0.1,KL-MUV-01
2020-02-28,3.41,0.3,KL-MUV-01
2020-02-29,3.41,0.1,KL-MUV-01
2020-03-01,3.43,1.2,KL-MUV-01
2020-03-02,3.44,3.4,KL-MUV-01
2020-03-03,3.44,3.9,KL-MUV-01
2020-03-04,3.44,4.5,KL-MUV-01
2020-03-05,3.47,6.4,KL-MUV-01
2020-03-06,3.44,2.4,KL-MUV-01
2020-03-07,3.44,1.5,KL-MUV-01
2020-03-08,3.44,2.9,KL-MUV-01
2020-03-09,3.41,5.2,KL-MUV-01
2020-03-10,3.44,10.0,KL-MUV-01
2020-03-11,3.47,39.2,KL-MUV-01
2020-03-12,3.47,1.4,KL-MUV-01
2020-03-13,3.47,0.1,KL-MUV-01
2020-03-14,3.44,0.0,KL-MUV-01
2020-03-15,3.41,0.5,KL-MUV-01
2020-03-16,3.41,0.0,KL-MUV-01
2020-03-17,3.41,0.0,KL-MUV-01
2020-03-18,3.41,0.0,KL-MUV-01
2020-03-19,3.41,2.4,KL-MUV-01
2020-03-20,3.38,2.5,KL-MUV-01
2020-03-21,3.41,12.7,KL-MUV-01
2020-03-22,3.41,1.4,KL-MUV-01
2020-03-23,3.41,11.6,KL-MUV-01
2020-03-24,3.44,9.3,KL-MUV-01
2020-03-25,3.44,0.2,KL-MUV-01
2020-03-26,3.41,0.0,KL-MUV-01
2020-03-27,3.41,0.0,KL-MUV-01
2020-03-28,3.38,0.7,KL-MUV-01
2020-03-29,3.38,0.2,KL-MUV-01
2020-03-30,3.38,0.8,KL-MUV-01
2020-03-31,3.35,0.0,KL-MUV-01
2020-04-01,3.35,0.0,KL-MUV-01
2020-04-02,3.35,0.0,KL-MUV-01
2020-04-03,3.35,1.3,KL-MUV-01
2020-04-04,3.35,0.3,KL-MUV-01
2020-04-05,3.38,8.8,KL-MUV-01
2020-04-06,3.38,11.0,KL-MUV-01
2020-04-07,3.41,16.2,KL-MUV-01
2020-04-08,3.5,11.6,KL-MUV-01
2020-04-09,3.53,2.7,KL-MUV-01
2020-04-10,3.5,4.7,KL-MUV-01
2020-04-11,3.5,0.6,KL-MUV-01
2020-04-12,3.5,0.2,KL-MUV-01
2020-04-13,3.47,1.1,KL-MUV-01
2020-04-14,3.47,4.3,KL-MUV-01
2020-04-15,3.47,0.8,KL-MUV-01
2020-04-16,3.47,1.3,KL-MUV-01
2020-04-17,3.47,1.8,KL-MUV-01
2020-04-18,3.47,5.9,KL-MUV-01
2020-04-19,3.47,8.6,KL-MUV-01
2020-04-20,3.47,1.5,KL-MUV-01
2020-04-21,3.5,4.7,KL-MUV-01
2020-04-22,3.53,11.0,KL-MUV-01
2020-04-23,3.56,14.4,KL-MUV-01
2020-04-24,3.59,12.9,KL-MUV-01
2020-04-25,3.56,3.8,KL-MUV-01
2020-04-26,3.56,6.0,KL-MUV-01
2020-04-27,3.56,8.1,KL-MUV-01
2020-04-28,3.69,44.1,KL-MUV-01
2020-04-29,3.66,1.1,KL-MUV-01
2020-04-30,3.66,6.8,KL-MUV-01
2020-05-01,3.66,7.8,KL-MUV-01
2020-05-02,3.72,23.6,KL-MUV-01
2020-05-03,3.72,4.3,KL-MUV-01
2020-05-04,3.69,8.1,KL-MUV-01
2020-05-05,3.66,1.9,KL-MUV-01
2020-05-06,3.69,1.8,KL-MUV-01
2020-05-07,3.75,23.7,KL-MUV-01
2020-05-08,3.79,1.0,KL-MUV-01
2020-05-09,3.75,9.9,KL-MUV-01
2020-05-10,3.75,5.3,KL-MUV-01
2020-05-11,3.72,0.5,KL-MUV-01
2020-05-12,3.88,5.5,KL-MUV-01
2020-05-13,4.15,15.1,KL-MUV-01
2020-05-14,4.37,34.0,KL-MUV-01
2020-05-15,4.41,16.6,KL-MUV-01
2020-05-16,4.47,1.2,KL-MUV-01
2020-05-17,4.62,42.3,KL-MUV-01
2020-05-18,5.37,50.8,KL-MUV-01
2020-05-19,6.31,15.0,KL-MUV-01
2020-05-20,6.38,7.9,KL-MUV-01
2020-05-21,6.21,4.7,KL-MUV-01
2020-05-22,6.13,1.2,KL-MUV-01
2020-05-23,6.0,26.3,KL-MUV-01
2020-05-24,6.19,7.7,KL-MUV-01
2020-05-25,6.16,17.9,KL-MUV-01
2020-05-26,6.24,11.4,KL-MUV-01
2020-05-27,6.31,15.2,KL-MUV-01
2020-05-28,6.57,48.4,KL-MUV-01
2020-05-29,7.34,10.9,KL-MUV-01
2020-05-30,8.75,26.4,KL-MUV-01
2020-05-31,8.91,13.9,KL-MUV-01
2020-06-01,9.0,36.2,KL-MUV-01
2020-06-02,9.67,28.2,KL-MUV-01
2020-06-03,10.56,23.5,KL-MUV-01
2020-06-04,11.11,17.9,KL-MUV-01
2020-06-05,11.47,39.2,KL-MUV-01
2020-06-06,12.37,60.9,KL-MUV-01
2020-06-07,13.76,26.6,KL-MUV-01
2020-06-08,14.42,1.8,KL-MUV-01
2020-06-09,13.83,18.8,KL-MUV-01
2020-06-10,13.49,27.0,KL-MUV-01
2020-06-11,13.32,22.2,KL-MUV-01
2020-06-12,13.39,25.9,KL-MUV-01
2020-06-13,13.42,24.5,KL-MUV-01
2020-06-14,14.63,26.0,KL-MUV-01
2020-06-15,14.92,10.3,KL-MUV-01
2020-06-16,14.7,24.4,KL-MUV-01
2020-06-17,14.35,16.2,KL-MUV-01
2020-06-18,14.24,8.6,KL-MUV-01
2020-06-19,13.83,42.5,KL-MUV-01
2020-06-20,14.1,18.2,KL-MUV-01
2020-06-21,14.21,41.2,KL-MUV-01
2020-06-22,15.14,42.4,KL-MUV-01
2020-06-23,15.98,6.7,KL-MUV-01
2020-06-24,15.44,13.1,KL-MUV-01
2020-06-25,15.79,24.3,KL-MUV-01
2020-06-26,17.11,21.9,KL-MUV-01
2020-06-27,16.99,14.2,KL-MUV-01
2020-06-28,16.78,24.2,KL-MUV-01
2020-06-29,17.45,41.1,KL-MUV-01
2020-06-30,18.82,10.3,KL-MUV-01
2020-07-01,18.1,15.0,KL-MUV-01
2020-07-02,17.41,30.6,KL-MUV-01
2020-07-03,17.92,27.2,KL-MUV-01
2020-07-04,18.68,20.8,KL-MUV-01
2020-07-05,18.95,18.0,KL-MUV-01
2020-07-06,19.0,23.1,KL-MUV-01
2020-07-07,19.04,15.7,KL-MUV-01
2020-07-08,18.41,16.7,KL-MUV-01
2020-07-09,17.84,19.1,KL-MUV-01
2020-07-10,19.32,10.4,KL-MUV-01
2020-07-11,18.86,21.5,KL-MUV-01
2020-07-12,18.59,12.7,KL-MUV-01
2020-07-13,18.63,21.4,KL-MUV-01
2020-07-14,18.86,3.2,KL-MUV-01
2020-07-15,18.32,47.4,KL-MUV-01
2020-07-16,18.72,30.6,KL-MUV-01
2020-07-17,21.59,28.5,KL-MUV-01
2020-07-18,24.53,14.9,KL-MUV-01
2020-07-19,24.18,14.8,KL-MUV-01
2020-07-20,22.88,15.5,KL-MUV-01
2020-07-21,22.55,18.0,KL-MUV-01
2020-07-22,21.65,5.0,KL-MUV-01
2020-07-23,22.23,18.7,KL-MUV-01
2020-07-24,22.39,19.3,KL-MUV-01
2020-07-25,21.96,14.2,KL-MUV-01
2020-07-26,21.03,8.6,KL-MUV-01
2020-07-27,20.04,3.2,KL-MUV-01
2020-07-28,19.14,27.9,KL-MUV-01
2020-07-29,26.93,83.5,KL-MUV-01
2020-07-30,31.43,30.5,KL-MUV-01
2020-07-31,32.19,65.4,KL-MUV-01
2020-08-01,33.2,31.5,KL-MUV-01
2020-08-02,40.02,37.4,KL-MUV-01
2020-08-03,54.59,30.0,KL-MUV-01
2020-08-04,61.37,23.4,KL-MUV-01
2020-08-05,68.66,38.5,KL-MUV-01
2020-08-06,79.91,42.2,KL-MUV-01
2020-08-07,88.74,77.9,KL-MUV-01
2020-08-08,91.26,62.5,KL-MUV-01
2020-08-09,99.23,87.2,KL-MUV-01
2020-08-10,100.62,22.9,KL-MUV-01
2020-08-11,94.06,22.3,KL-MUV-01
2020-08-12,85.9,3.7,KL-MUV-01
2020-08-13,78.25,6.3,KL-MUV-01
2020-08-14,72.45,8.1,KL-MUV-01
2020-08-15,67.23,5.9,KL-MUV-01
2020-08-16,62.68,4.9,KL-MUV-01
2020-08-17,58.43,6.2,KL-MUV-01
2020-08-18,54.59,9.1,KL-MUV-01
2020-08-19,51.24,2.2,KL-MUV-01
2020-08-20,47.98,2.1,KL-MUV-01
2020-08-21,45.03,2.0,KL-MUV-01
2020-08-22,42.15,3.2,KL-MUV-01
2020-08-23,39.74,10.9,KL-MUV-01
2020-08-24,38.08,8.5,KL-MUV-01
2020-08-25,35.98,2.6,KL-MUV-01
2020-08-26,33.75,2.1,KL-MUV-01
2020-08-27,31.89,2.0,KL-MUV-01
2020-08-28,29.9,1.8,KL-MUV-01
2020-08-29,28.11,8.0,KL-MUV-01
2020-08-30,26.42,8.7,KL-MUV-01
2020-08-31,25.12,15.1,KL-MUV-01
2020-09-01,24.06,30.7,KL-MUV-01
2020-09-02,24.64,158.2,KL-MUV-01
2020-09-03,26.1,10.8,KL-MUV-01
2020-09-04,25.24,10.7,KL-MUV-01
2020-09-05,24.06,17.1,KL-MUV-01
2020-09-06,51.36,30.7,KL-MUV-01
2020-09-07,49.23,29.9,KL-MUV-01
2020-09-08,41.66,37.0,KL-MUV-01
2020-09-09,37.64,76.7,KL-MUV-01
2020-09-10,36.33,34.7,KL-MUV-01
2020-09-11,34.97,49.8,KL-MUV-01
2020-09-12,35.14,21.2,KL-MUV-01
2020-09-13,35.48,21.0,KL-MUV-01
2020-09-14,35.22,34.5,KL-MUV-01
2020-09-15,34.16,15.1,KL-MUV-01
2020-09-16,32.5,20.5,KL-MUV-01
2020-09-17,30.92,30.6,KL-MUV-01
2020-09-18,30.12,33.6,KL-MUV-01
2020-09-19,50.76,65.5,KL-MUV-01
2020-09-20,66.92,25.6,KL-MUV-01
2020-09-21,84.51,21.0,KL-MUV-01
2020-09-22,81.6,21.2,KL-MUV-01
2020-09-23,73.64,12.4,KL-MUV-01
2020-09-24,65.83,15.7,KL-MUV-01
2020-09-25,59.95,13.2,KL-MUV-01
2020-09-26,55.23,15.0,KL-MUV-01
2020-09-27,51.0,10.0,KL-MUV-01
2020-09-28,47.64,13.6,KL-MUV-01
2020-09-29,44.71,8.9,KL-MUV-01
2020-09-30,41.85,8.7,KL-MUV-01
2020-10-01,39.36,2.9,KL-MUV-01
2020-10-02,36.93,5.0,KL-MUV-01
2020-10-03,34.65,3.6,KL-MUV-01
2020-10-04,32.57,1.6,KL-MUV-01
2020-10-05,30.55,0.6,KL-MUV-01
2020-10-06,28.79,21.1,KL-MUV-01
2020-10-07,29.55,27.8,KL-MUV-01
2020-10-08,28.85,35.4,KL-MUV-01
2020-10-09,29.97,15.7,KL-MUV-01
2020-10-10,29.27,34.4,KL-MUV-01
2020-10-11,28.51,32.9,KL-MUV-01
2020-10-12,33.2,40.6,KL-MUV-01
2020-10-13,42.05,20.5,KL-MUV-01
2020-10-14,45.88,29.1,KL-MUV-01
2020-10-15,45.77,21.8,KL-MUV-01
2020-10-16,44.08,12.5,KL-MUV-01
2020-10-17,41.56,24.3,KL-MUV-01
2020-10-18,39.74,2.2,KL-MUV-01
2020-10-19,37.02,8.6,KL-MUV-01
2020-10-20,34.65,27.8,KL-MUV-01
2020-10-21,32.34,5.0,KL-MUV-01
2020-10-22,30.33,1.5,KL-MUV-01
2020-10-23,28.44,1.3,KL-MUV-01
2020-10-24,26.86,0.5,KL-MUV-01
2020-10-25,25.18,0.2,KL-MUV-01
2020-10-26,23.66,3.7,KL-MUV-01
2020-10-27,22.28,11.1,KL-MUV-01
2020-10-28,22.93,8.1,KL-MUV-01
2020-10-29,23.77,8.1,KL-MUV-01
2020-10-30,22.82,4.7,KL-MUV-01
2020-10-31,21.8,1.9,KL-MUV-01
2020-11-01,20.68,7.8,KL-MUV-01
2020-11-02,19.65,2.6,KL-MUV-01
2020-11-03,19.0,20.1,KL-MUV-01
2020-11-04,19.89,9.9,KL-MUV-01
2020-11-05,20.78,12.7,KL-MUV-01
2020-11-06,21.13,1.0,KL-MUV-01
2020-11-07,21.08,0.5,KL-MUV-01
2020-11-08,20.53,12.9,KL-MUV-01
2020-11-09,21.44,3.0,KL-MUV-01
2020-11-10,20.78,0.0,KL-MUV-01
2020-11-11,19.61,1.1,KL-MUV-01
2020-11-12,18.59,5.2,KL-MUV-01
2020-11-13,19.84,6.7,KL-MUV-01
2020-11-14,22.55,1.6,KL-MUV-01
2020-11-15,22.6,7.2,KL-MUV-01
2020-11-16,26.04,6.7,KL-MUV-01
2020-11-17,37.82,15.6,KL-MUV-01
2020-11-18,41.56,12.8,KL-MUV-01
2020-11-19,38.54,1.7,KL-MUV-01
2020-11-20,36.5,3.5,KL-MUV-01
2020-11-21,34.89,0.0,KL-MUV-01
2020-11-22,32.42,0.0,KL-MUV-01
2020-11-23,30.19,0.0,KL-MUV-01
2020-11-24,28.24,0.1,KL-MUV-01
2020-11-25,26.67,7.9,KL-MUV-01
2020-11-26,25.12,4.5,KL-MUV-01
2020-11-27,23.83,2.7,KL-MUV-01
2020-11-28,22.55,1.3,KL-MUV-01
2020-11-29,21.34,0.2,KL-MUV-01
2020-11-30,20.18,0.5,KL-MUV-01
2020-12-01,19.28,0.1,KL-MUV-01
2020-12-02,18.41,4.7,KL-MUV-01
2020-12-03,20.23,11.8,KL-MUV-01
2020-12-04,25.98,8.0,KL-MUV-01
2020-12-05,28.31,6.1,KL-MUV-01
2020-12-06,32.04,39.1,KL-MUV-01
2020-12-07,34.16,19.8,KL-MUV-01
2020-12-08,32.42,3.7,KL-MUV-01
2020-12-09,30.7,2.1,KL-MUV-01
2020-12-10,28.79,0.8,KL-MUV-01
2020-12-11,27.64,0.1,KL-MUV-01
2020-12-12,26.23,0.4,KL-MUV-01
2020-12-13,24.82,0.0,KL-MUV-01
2020-12-14,23.32,0.0,KL-MUV-01
2020-12-15,21.96,1.6,KL-MUV-01
2020-12-16,21.08,1.2,KL-MUV-01
2020-12-17,24.0,3.1,KL-MUV-01
2020-12-18,27.05,1.0,KL-MUV-01
2020-12-19,28.65,0.0,KL-MUV-01
2020-12-20,27.25,0.0,KL-MUV-01
2020-12-21,25.55,0.0,KL-MUV-01
2020-12-22,24.18,3.6,KL-MUV-01
2020-12-23,24.12,0.6,KL-MUV-01
2020-12-24,23.49,0.1,KL-MUV-01
2020-12-25,22.39,0.3,KL-MUV-01
2020-12-26,21.44,0.0,KL-MUV-01
2020-12-27,20.33,0.0,KL-MUV-01
2020-12-28,19.18,0.0,KL-MUV-01
2020-12-29,18.14,0.1,KL-MUV-01
2020-12-30,18.1,0.2,KL-MUV-01
2020-12-31,17.45,8.3,KL-MUV-01
2021-01-01,18.05,0.0,KL-MUV-01
2021-01-02,17.24,0.0,KL-MUV-01
2021-01-03,16.3,2.5,KL-MUV-01
2021-01-04,16.5,3.4,KL-MUV-01
2021-01-05,20.93,3.2,KL-MUV-01
2021-01-06,29.27,13.7,KL-MUV-01
2021-01-07,32.04,28.2,KL-MUV-01
2021-01-08,31.21,13.1,KL-MUV-01
2021-01-09,30.12,2.4,KL-MUV-01
2021-01-10,30.92,7.2,KL-MUV-01
2021-01-11,32.5,2.6,KL-MUV-01
2021-01-12,32.11,23.4,KL-MUV-01
2021-01-13,35.22,9.8,KL-MUV-01
2021-01-14,37.64,4.6,KL-MUV-01
2021-01-15,36.67,0.1,KL-MUV-01
2021-01-16,36.84,2.2,KL-MUV-01
2021-01-17,38.08,0.1,KL-MUV-01
2021-01-18,36.41,0.0,KL-MUV-01
2021-01-19,34.48,0.0,KL-MUV-01
2021-01-20,32.34,0.0,KL-MUV-01
2021-01-21,30.33,2.0,KL-MUV-01
2021-01-22,28.92,1.6,KL-MUV-01
2021-01-23,29.55,3.0,KL-MUV-01
2021-01-24,29.48,0.0,KL-MUV-01
2021-01-25,27.97,0.0,KL-MUV-01
2021-01-26,26.48,0.0,KL-MUV-01
2021-01-27,24.88,0.0,KL-MUV-01
2021-01-28,23.38,0.0,KL-MUV-01
2021-01-29,22.01,0.0,KL-MUV-01
2021-01-30,20.73,0.4,KL-MUV-01
2021-01-31,20.13,0.0,KL-MUV-01
2021-02-01,19.42,0.0,KL-MUV-01
2021-02-02,18.36,0.3,KL-MUV-01
2021-02-03,17.32,0.0,KL-MUV-01
2021-02-04,16.38,0.0,KL-MUV-01
2021-02-05,15.52,0.0,KL-MUV-01
2021-02-06,14.7,0.0,KL-MUV-01
2021-02-07,14.0,0.0,KL-MUV-01
2021-02-08,13.26,0.0,KL-MUV-01
2021-02-09,12.55,0.0,KL-MUV-01
2021-02-10,11.88,0.0,KL-MUV-01
2021-02-11,11.27,0.0,KL-MUV-01
2021-02-12,10.69,0.0,KL-MUV-01
2021-02-13,10.19,0.0,KL-MUV-01
2021-02-14,9.67,0.4,KL-MUV-01
2021-02-15,9.19,0.1,KL-MUV-01
2021-02-16,8.75,0.1,KL-MUV-01
2021-02-17,8.35,1.7,KL-MUV-01
2021-02-18,7.99,0.4,KL-MUV-01
2021-02-19,7.69,0.2,KL-MUV-01
2021-02-20,7.38,0.2,KL-MUV-01
2021-02-21,7.18,0.6,KL-MUV-01
2021-02-22,7.0,0.2,KL-MUV-01
2021-02-23,6.74,0.5,KL-MUV-01
2021-02-24,6.46,0.3,KL-MUV-01
2021-02-25,6.21,2.2,KL-MUV-01
2021-02-26,6.1,3.5,KL-MUV-01
2021-02-27,6.0,0.2,KL-MUV-01
2021-02-28,5.9,0.0,KL-MUV-01
2021-03-01,5.71,1.3,KL-MUV-01
2021-03-02,5.62,0.0,KL-MUV-01
2021-03-03,5.47,0.0,KL-MUV-01
2021-03-04,5.37,0.0,KL-MUV-01
2021-03-05,5.19,0.0,KL-MUV-01
2021-03-06,5.0,0.4,KL-MUV-01
2021-03-07,4.85,0.2,KL-MUV-01
2021-03-08,4.71,0.3,KL-MUV-01
2021-03-09,4.62,0.4,KL-MUV-01
2021-03-10,4.62,2.3,KL-MUV-01
2021-03-11,4.56,7.4,KL-MUV-01
2021-03-12,4.53,0.0,KL-MUV-01
2021-03-13,4.43,0.8,KL-MUV-01
2021-03-14,4.31,0.0,KL-MUV-01
2021-03-15,4.19,0.0,KL-MUV-01
2021-03-16,4.09,0.1,KL-MUV-01
2021-03-17,4.0,0.0,KL-MUV-01
2021-03-18,3.91,1.3,KL-MUV-01
2021-03-19,3.88,0.3,KL-MUV-01
2021-03-20,3.91,0.0,KL-MUV-01
2021-03-21,3.88,0.4,KL-MUV-01
2021-03-22,3.84,0.1,KL-MUV-01
2021-03-23,3.79,0.2,KL-MUV-01
2021-03-24,3.75,2.0,KL-MUV-01
2021-03-25,3.79,0.1,KL-MUV-01
2021-03-26,3.81,0.2,KL-MUV-01
2021-03-27,3.79,0.7,KL-MUV-01
2021-03-28,3.79,22.5,KL-MUV-01
2021-03-29,3.88,3.9,KL-MUV-01
2021-03-30,4.06,0.0,KL-MUV-01
2021-03-31,4.06,5.6,KL-MUV-01
2021-04-01,4.15,26.8,KL-MUV-01
2021-04-02,4.37,0.0,KL-MUV-01
2021-04-03,4.31,0.1,KL-MUV-01
2021-04-04,4.19,0.0,KL-MUV-01
2021-04-05,4.06,0.3,KL-MUV-01
2021-04-06,3.97,1.1,KL-MUV-01
2021-04-07,4.04,3.6,KL-MUV-01
2021-04-08,4.19,3.0,KL-MUV-01
2021-04-09,4.28,4.0,KL-MUV-01
2021-04-10,4.25,0.6,KL-MUV-01
2021-04-11,4.19,10.4,KL-MUV-01
2021-04-12,4.19,15.0,KL-MUV-01
2021-04-13,4.35,2.2,KL-MUV-01
2021-04-14,4.53,14.5,KL-MUV-01
2021-04-15,4.85,30.6,KL-MUV-01
2021-04-16,5.12,12.3,KL-MUV-01
2021-04-17,5.15,0.4,KL-MUV-01
2021-04-18,5.25,7.2,KL-MUV-01
2021-04-19,5.84,21.6,KL-MUV-01
2021-04-20,6.03,4.7,KL-MUV-01
2021-04-21,6.03,7.8,KL-MUV-01
2021-04-22,5.9,7.2,KL-MUV-01
2021-04-23,5.9,3.1,KL-MUV-01
2021-04-24,5.87,2.3,KL-MUV-01
2021-04-25,5.78,7.1,KL-MUV-01
2021-04-26,5.78,9.7,KL-MUV-01
2021-04-27,5.78,9.4,KL-MUV-01
2021-04-28,5.87,4.8,KL-MUV-01
2021-04-29,5.84,3.0,KL-MUV-01
2021-04-30,6.0,7.6,KL-MUV-01
2021-05-01,6.28,4.6,KL-MUV-01
2021-05-02,6.66,18.8,KL-MUV-01
2021-05-03,7.0,10.2,KL-MUV-01
2021-05-04,7.57,7.3,KL-MUV-01
2021-05-05,7.79,3.1,KL-MUV-01
2021-05-06,7.57,18.0,KL-MUV-01
2021-05-07,7.38,12.3,KL-MUV-01
2021-05-08,7.91,2.6,KL-MUV-01
2021-05-09,7.81,9.5,KL-MUV-01
2021-05-10,8.04,21.9,KL-MUV-01
2021-05-11,8.57,26.6,KL-MUV-01
2021-05-12,8.75,21.8,KL-MUV-01
2021-05-13,9.35,34.2,KL-MUV-01
2021-05-14,24.76,89.6,KL-MUV-01
2021-05-15,47.64,61.7,KL-MUV-01
2021-05-16,44.19,38.7,KL-MUV-01
2021-05-17,38.9,31.7,KL-MUV-01
2021-05-18,33.91,15.4,KL-MUV-01
2021-05-19,36.5,25.6,KL-MUV-01
2021-05-20,37.37,24.9,KL-MUV-01
2021-05-21,35.22,29.3,KL-MUV-01
2021-05-22,33.91,33.1,KL-MUV-01
2021-05-23,32.27,20.5,KL-MUV-01
2021-05-24,31.06,17.8,KL-MUV-01
2021-05-25,29.13,38.9,KL-MUV-01
2021-05-26,32.65,38.9,KL-MUV-01
2021-05-27,35.22,11.1,KL-MUV-01
2021-05-28,33.28,10.0,KL-MUV-01
2021-05-29,31.51,24.8,KL-MUV-01
2021-05-30,29.76,5.5,KL-MUV-01
2021-05-31,28.17,16.0,KL-MUV-01
2021-06-01,27.25,15.7,KL-MUV-01
2021-06-02,25.92,13.8,KL-MUV-01
2021-06-03,24.7,33.7,KL-MUV-01
2021-06-04,24.76,19.5,KL-MUV-01
2021-06-05,24.59,46.8,KL-MUV-01
2021-06-06,25.85,13.4,KL-MUV-01
2021-06-07,24.82,10.0,KL-MUV-01
2021-06-08,23.6,30.8,KL-MUV-01
2021-06-09,22.82,12.8,KL-MUV-01
2021-06-10,21.86,4.7,KL-MUV-01
2021-06-11,20.78,5.6,KL-MUV-01
2021-06-12,20.13,33.4,KL-MUV-01
2021-06-13,27.77,46.2,KL-MUV-01
2021-06-14,31.28,30.7,KL-MUV-01
2021-06-15,33.36,35.4,KL-MUV-01
2021-06-16,34.97,30.1,KL-MUV-01
2021-06-17,35.06,21.6,KL-MUV-01
2021-06-18,33.99,8.6,KL-MUV-01
2021-06-19,32.19,8.2,KL-MUV-01
2021-06-20,30.33,4.5,KL-MUV-01
2021-06-21,28.72,7.2,KL-MUV-01
2021-06-22,27.12,22.9,KL-MUV-01
2021-06-23,25.67,17.8,KL-MUV-01
2021-06-24,24.82,1.3,KL-MUV-01
2021-06-25,23.43,3.9,KL-MUV-01
2021-06-26,22.12,22.6,KL-MUV-01
2021-06-27,21.13,10.5,KL-MUV-01
2021-06-28,20.09,19.5,KL-MUV-01
2021-06-29,19.75,5.8,KL-MUV-01
2021-06-30,18.72,10.3,KL-MUV-01
2021-07-01,17.79,31.7,KL-MUV-01
2021-07-02,17.84,13.5,KL-MUV-01
2021-07-03,17.11,24.7,KL-MUV-01
2021-07-04,16.58,22.9,KL-MUV-01
2021-07-05,16.42,14.0,KL-MUV-01
2021-07-06,15.79,11.3,KL-MUV-01
2021-07-07,15.03,18.5,KL-MUV-01
2021-07-08,14.6,25.8,KL-MUV-01
2021-07-09,16.26,49.8,KL-MUV-01
2021-07-10,36.5,53.9,KL-MUV-01
2021-07-11,38.26,28.8,KL-MUV-01
2021-07-12,34.89,19.7,KL-MUV-01
2021-07-13,32.96,17.3,KL-MUV-01
2021-07-14,30.92,18.1,KL-MUV-01
2021-07-15,29.06,12.7,KL-MUV-01
2021-07-16,27.31,15.6,KL-MUV-01
2021-07-17,26.1,10.8,KL-MUV-01
2021-07-18,24.94,26.3,KL-MUV-01
2021-07-19,24.59,12.4,KL-MUV-01
2021-07-20,23.66,5.6,KL-MUV-01
2021-07-21,22.93,18.7,KL-MUV-01
2021-07-22,29.83,25.8,KL-MUV-01
2021-07-23,38.17,26.0,KL-MUV-01
2021-07-24,39.46,38.4,KL-MUV-01
2021-07-25,43.98,45.0,KL-MUV-01
2021-07-26,45.45,17.7,KL-MUV-01
2021-07-27,42.95,23.4,KL-MUV-01
2021-07-28,40.21,27.1,KL-MUV-01
2021-07-29,37.64,4.5,KL-MUV-01
2021-07-30,35.06,7.3,KL-MUV-01
2021-07-31,33.12,7.9,KL-MUV-01
2021-08-01,31.28,4.6,KL-MUV-01
2021-08-02,29.55,14.9,KL-MUV-01
2021-08-03,27.91,8.5,KL-MUV-01
2021-08-04,26.23,13.7,KL-MUV-01
2021-08-05,24.94,26.5,KL-MUV-01
2021-08-06,25.0,48.0,KL-MUV-01
2021-08-07,26.73,38.7,KL-MUV-01
2021-08-08,26.8,36.2,KL-MUV-01
2021-08-09,26.23,50.3,KL-MUV-01
2021-08-10,24.94,21.9,KL-MUV-01
2021-08-11,23.77,52.6,KL-MUV-01
2021-08-12,25.06,22.5,KL-MUV-01
2021-08-13,25.3,15.9,KL-MUV-01
2021-08-14,25.61,20.8,KL-MUV-01
2021-08-15,24.59,8.0,KL-MUV-01
2021-08-16,23.55,11.5,KL-MUV-01
2021-08-17,22.93,42.1,KL-MUV-01
2021-08-18,22.93,34.2,KL-MUV-01
2021-08-19,24.35,12.5,KL-MUV-01
2021-08-20,23.38,2.4,KL-MUV-01
2021-08-21,22.28,7.0,KL-MUV-01
2021-08-22,21.7,6.7,KL-MUV-01
2021-08-23,20.78,14.2,KL-MUV-01
2021-08-24,19.94,3.1,KL-MUV-01
2021-08-25,19.14,15.5,KL-MUV-01
2021-08-26,18.41,25.2,KL-MUV-01
2021-08-27,18.36,32.2,KL-MUV-01
2021-08-28,30.19,45.7,KL-MUV-01
2021-08-29,58.84,82.3,KL-MUV-01
2021-08-30,56.41,18.2,KL-MUV-01
2021-08-31,48.32,12.9,KL-MUV-01
2021-09-01,42.45,10.5,KL-MUV-01
2021-09-02,38.45,21.7,KL-MUV-01
2021-09-03,36.07,25.3,KL-MUV-01
2021-09-04,34.08,31.1,KL-MUV-01
2021-09-05,33.36,40.7,KL-MUV-01
2021-09-06,33.51,19.4,KL-MUV-01
2021-09-07,33.12,16.7,KL-MUV-01
2021-09-08,33.67,8.4,KL-MUV-01
2021-09-09,32.04,3.4,KL-MUV-01
2021-09-10,30.26,7.5,KL-MUV-01
2021-09-11,28.65,11.5,KL-MUV-01
2021-09-12,28.58,29.1,KL-MUV-01
2021-09-13,30.7,14.1,KL-MUV-01
2021-09-14,30.19,12.6,KL-MUV-01
2021-09-15,29.06,23.6,KL-MUV-01
2021-09-16,27.91,19.9,KL-MUV-01
2021-09-17,27.05,1.6,KL-MUV-01
2021-09-18,25.61,2.0,KL-MUV-01
2021-09-19,24.59,5.9,KL-MUV-01
2021-09-20,24.12,0.8,KL-MUV-01
2021-09-21,22.99,4.3,KL-MUV-01
2021-09-22,21.8,5.4,KL-MUV-01
2021-09-23,20.68,11.5,KL-MUV-01
2021-09-24,19.75,8.2,KL-MUV-01
2021-09-25,18.77,10.1,KL-MUV-01
2021-09-26,18.14,32.0,KL-MUV-01
2021-09-27,19.23,24.4,KL-MUV-01
2021-09-28,20.78,31.4,KL-MUV-01
2021-09-29,21.08,9.0,KL-MUV-01
2021-09-30,20.48,14.3,KL-MUV-01
2021-10-01,35.98,65.9,KL-MUV-01
2021-10-02,40.59,17.1,KL-MUV-01
2021-10-03,39.27,9.1,KL-MUV-01
2021-10-04,35.64,66.0,KL-MUV-01
2021-10-05,40.3,28.4,KL-MUV-01
2021-10-06,41.17,30.4,KL-MUV-01
2021-10-07,38.17,17.5,KL-MUV-01
2021-10-08,35.31,30.4,KL-MUV-01
2021-10-09,33.51,37.6,KL-MUV-01
2021-10-10,32.5,18.9,KL-MUV-01
2021-10-11,33.75,78.3,KL-MUV-01
2021-10-12,38.72,45.7,KL-MUV-01
2021-10-13,40.3,13.6,KL-MUV-01
2021-10-14,37.82,5.8,KL-MUV-01
2021-10-15,35.56,10.6,KL-MUV-01
2021-10-16,56.02,108.3,KL-MUV-01
2021-10-17,57.88,27.2,KL-MUV-01
2021-10-18,53.7,7.4,KL-MUV-01
2021-10-19,48.43,5.9,KL-MUV-01
2021-10-20,51.72,17.3,KL-MUV-01
2021-10-21,52.33,8.6,KL-MUV-01
2021-10-22,49.12,22.1,KL-MUV-01
2021-10-23,52.58,16.5,KL-MUV-01
2021-10-24,53.45,12.3,KL-MUV-01
2021-10-25,65.83,4.7,KL-MUV-01
2021-10-26,66.3,7.9,KL-MUV-01
2021-10-27,71.78,30.9,KL-MUV-01
2021-10-28,70.29,2.4,KL-MUV-01
2021-10-29,65.07,4.0,KL-MUV-01
2021-10-30,62.1,10.0,KL-MUV-01
2021-10-31,61.23,10.8,KL-MUV-01
2021-11-01,60.09,6.7,KL-MUV-01
2021-11-02,66.45,20.5,KL-MUV-01
2021-11-03,68.34,21.8,KL-MUV-01
2021-11-04,65.68,29.3,KL-MUV-01
2021-11-05,63.57,28.0,KL-MUV-01
2021-11-06,59.26,14.9,KL-MUV-01
2021-11-07,55.23,22.4,KL-MUV-01
2021-11-08,51.6,21.2,KL-MUV-01
2021-11-09,50.05,3.9,KL-MUV-01
2021-11-10,50.17,0.7,KL-MUV-01
2021-11-11,48.32,6.1,KL-MUV-01
2021-11-12,46.1,10.7,KL-MUV-01
2021-11-13,44.92,105.2,KL-MUV-01
2021-11-14,45.34,59.0,KL-MUV-01
2021-11-15,44.5,35.5,KL-MUV-01
2021-11-16,43.46,27.9,KL-MUV-01
2021-11-17,42.15,13.8,KL-MUV-01
2021-11-18,40.02,21.8,KL-MUV-01
2021-11-19,38.36,47.6,KL-MUV-01
2021-11-20,39.09,8.2,KL-MUV-01
2021-11-21,38.08,0.0,KL-MUV-01
2021-11-22,35.81,10.4,KL-MUV-01
2021-11-23,39.18,5.2,KL-MUV-01
2021-11-24,42.15,3.7,KL-MUV-01
2021-11-25,40.4,12.2,KL-MUV-01
2021-11-26,40.3,17.8,KL-MUV-01
2021-11-27,46.21,15.8,KL-MUV-01
2021-11-28,56.15,14.5,KL-MUV-01
2021-11-29,56.94,3.1,KL-MUV-01
2021-11-30,53.95,4.0,KL-MUV-01
2021-12-01,50.88,7.8,KL-MUV-01
2021-12-02,47.19,7.2,KL-MUV-01
2021-12-03,44.19,10.3,KL-MUV-01
2021-12-04,42.15,5.2,KL-MUV-01
2021-12-05,39.74,5.3,KL-MUV-01
2021-12-06,37.99,11.5,KL-MUV-01
2021-12-07,37.82,7.0,KL-MUV-01
2021-12-08,36.24,1.0,KL-MUV-01
2021-12-09,34.4,3.4,KL-MUV-01
2021-12-10,33.59,0.3,KL-MUV-01
2021-12-11,31.66,0.2,KL-MUV-01
2021-12-12,29.76,0.6,KL-MUV-01
2021-12-13,28.04,0.3,KL-MUV-01
2021-12-14,26.54,1.9,KL-MUV-01
2021-12-15,25.36,0.1,KL-MUV-01
2021-12-16,24.18,0.1,KL-MUV-01
2021-12-17,22.99,0.3,KL-MUV-01
2021-12-18,21.8,0.0,KL-MUV-01
2021-12-19,20.78,0.0,KL-MUV-01
2021-12-20,19.65,0.0,KL-MUV-01
2021-12-21,18.77,0.0,KL-MUV-01
2021-12-22,17.79,0.0,KL-MUV-01
2021-12-23,17.03,0.0,KL-MUV-01
2021-12-24,16.26,0.0,KL-MUV-01
2021-12-25,15.48,0.0,KL-MUV-01
2021-12-26,14.67,0.0,KL-MUV-01
2021-12-27,13.96,0.0,KL-MUV-01
2021-12-28,13.22,0.0,KL-MUV-01
2021-12-29,12.52,0.0,KL-MUV-01
2021-12-30,11.88,0.0,KL-MUV-01
2021-12-31,11.3,1.0,KL-MUV-01
2022-01-01,10.78,0.7,KL-MUV-01
2022-01-02,10.51,0.0,KL-MUV-01
2022-01-03,10.04,0.2,KL-MUV-01
2022-01-04,9.57,0.0,KL-MUV-01
2022-01-05,9.12,0.0,KL-MUV-01
2022-01-06,8.73,0.2,KL-MUV-01
2022-01-07,8.35,0.2,KL-MUV-01
2022-01-08,7.97,0.0,KL-MUV-01
2022-01-09,7.65,0.1,KL-MUV-01
2022-01-10,7.38,0.7,KL-MUV-01
2022-01-11,6.87,0.0,KL-MUV-01
2022-01-12,6.53,0.0,KL-MUV-01
2022-01-13,6.24,0.0,KL-MUV-01
2022-01-14,5.98,0.6,KL-MUV-01
2022-01-15,5.73,0.0,KL-MUV-01
2022-01-16,5.52,0.0,KL-MUV-01
2022-01-17,5.3,0.0,KL-MUV-01
2022-01-18,5.1,0.0,KL-MUV-01
2022-01-19,4.9,0.0,KL-MUV-01
2022-01-20,4.71,0.1,KL-MUV-01
2022-01-21,4.69,0.0,KL-MUV-01
2022-01-22,4.56,0.0,KL-MUV-01
2022-01-23,4.43,0.2,KL-MUV-01
2022-01-24,4.31,0.0,KL-MUV-01
2022-01-25,4.2,0.0,KL-MUV-01
2022-01-26,4.09,9.1,KL-MUV-01
2022-01-27,4.01,0.1,KL-MUV-01
2022-01-28,3.95,0.0,KL-MUV-01
2022-01-29,3.88,0.0,KL-MUV-01
2022-01-30,3.8,0.2,KL-MUV-01
2022-01-31,3.88,0.0,KL-MUV-01
2022-02-01,3.86,0.0,KL-MUV-01
2022-02-02,3.81,0.4,KL-MUV-01
2022-02-03,3.8,0.2,KL-MUV-01
2022-02-04,3.76,0.0,KL-MUV-01
2022-02-05,3.72,0.0,KL-MUV-01
2022-02-06,3.69,0.5,KL-MUV-01
2022-02-07,3.66,0.1,KL-MUV-01
2022-02-08,3.65,0.0,KL-MUV-01
2022-02-09,3.61,1.4,KL-MUV-01
2022-02-10,3.59,0.0,KL-MUV-01
2022-02-11,3.59,0.0,KL-MUV-01
2022-02-12,3.72,3.4,KL-MUV-01
2022-02-13,4.08,0.2,KL-MUV-01
2022-02-14,4.2,0.0,KL-MUV-01
2022-02-15,4.14,0.1,KL-MUV-01
2022-02-16,4.06,10.9,KL-MUV-01
2022-02-17,4.01,0.5,KL-MUV-01
2022-02-18,4.0,0.1,KL-MUV-01
2022-02-19,3.97,0.0,KL-MUV-01
2022-02-20,3.91,0.0,KL-MUV-01
2022-02-21,3.81,1.6,KL-MUV-01
2022-02-22,3.79,0.9,KL-MUV-01
2022-02-23,3.75,0.4,KL-MUV-01
2022-02-24,3.75,0.5,KL-MUV-01
2022-02-25,3.69,0.1,KL-MUV-01
2022-02-26,3.66,0.0,KL-MUV-01
2022-02-27,3.62,0.5,KL-MUV-01
2022-02-28,3.59,0.0,KL-MUV-01
2022-03-01,3.56,0.0,KL-MUV-01
2022-03-02,3.53,0.0,KL-MUV-01
2022-03-03,3.53,0.0,KL-MUV-01
2022-03-04,3.5,0.0,KL-MUV-01
2022-03-05,3.5,0.1,KL-MUV-01
2022-03-06,3.5,0.0,KL-MUV-01
2022-03-07,3.5,0.2,KL-MUV-01
2022-03-08,3.47,0.4,KL-MUV-01
2022-03-09,3.47,0.1,KL-MUV-01
2022-03-10,3.47,0.1,KL-MUV-01
2022-03-11,3.44,0.0,KL-MUV-01
2022-03-12,3.44,0.0,KL-MUV-01
2022-03-13,3.44,0.0,KL-MUV-01
2022-03-14,3.44,0.0,KL-MUV-01
2022-03-15,3.41,1.5,KL-MUV-01
2022-03-16,3.44,4.4,KL-MUV-01
2022-03-17,3.44,0.4,KL-MUV-01
2022-03-18,3.44,4.6,KL-MUV-01
2022-03-19,3.5,3.8,KL-MUV-01
2022-03-20,3.5,1.8,KL-MUV-01
2022-03-21,3.47,3.2,KL-MUV-01
2022-03-22,3.44,0.6,KL-MUV-01
2022-03-23,3.47,1.9,KL-MUV-01
2022-03-24,3.5,1.8,KL-MUV-01
2022-03-25,3.47,2.8,KL-MUV-01
2022-03-26,3.47,8.9,KL-MUV-01
2022-03-27,3.5,7.1,KL-MUV-01
2022-03-28,3.53,3.2,KL-MUV-01
2022-03-29,3.53,1.3,KL-MUV-01
2022-03-30,3.56,2.9,KL-MUV-01
2022-03-31,3.59,0.6,KL-MUV-01
2022-04-01,3.62,0.9,KL-MUV-01
2022-04-02,3.66,2.5,KL-MUV-01
2022-04-03,3.62,23.1,KL-MUV-01
2022-04-04,3.59,0.0,KL-MUV-01
2022-04-05,3.59,3.0,KL-MUV-01
2022-04-06,3.59,5.9,KL-MUV-01
2022-04-07,3.56,1.1,KL-MUV-01
2022-04-08,3.62,12.4,KL-MUV-01
2022-04-09,4.19,24.0,KL-MUV-01
2022-04-10,5.19,20.0,KL-MUV-01
2022-04-11,6.53,43.3,KL-MUV-01
2022-04-12,7.69,5.2,KL-MUV-01
2022-04-13,9.16,28.1,KL-MUV-01
2022-04-14,11.56,14.4,KL-MUV-01
2022-04-15,11.79,6.9,KL-MUV-01
2022-04-16,11.25,7.1,KL-MUV-01
2022-04-17,10.69,10.7,KL-MUV-01
2022-04-18,10.61,15.1,KL-MUV-01
2022-04-19,10.38,4.1,KL-MUV-01
2022-04-20,10.59,0.2,KL-MUV-01
2022-04-21,10.35,2.6,KL-MUV-01
2022-04-22,10.19,1.6,KL-MUV-01
2022-04-23,9.99,1.1,KL-MUV-01
2022-04-24,9.59,6.7,KL-MUV-01
2022-04-25,9.47,0.2,KL-MUV-01
2022-04-26,9.38,1.9,KL-MUV-01
2022-04-27,9.16,1.4,KL-MUV-01
2022-04-28,8.84,5.3,KL-MUV-01
2022-04-29,8.73,13.3,KL-MUV-01
2022-04-30,8.82,0.8,KL-MUV-01
2022-05-01,8.82,32.7,KL-MUV-01
2022-05-02,9.4,8.7,KL-MUV-01
2022-05-03,9.84,4.2,KL-MUV-01
2022-05-04,10.04,21.3,KL-MUV-01
2022-05-05,10.25,15.9,KL-MUV-01
2022-05-06,10.97,8.2,KL-MUV-01
2022-05-07,11.47,9.7,KL-MUV-01
2022-05-08,11.11,7.8,KL-MUV-01
2022-05-09,11.11,29.3,KL-MUV-01
2022-05-10,11.79,41.5,KL-MUV-01
2022-05-11,12.0,11.5,KL-MUV-01
2022-05-12,12.09,36.0,KL-MUV-01
2022-05-13,12.27,1.7,KL-MUV-01
2022-05-14,15.18,85.7,KL-MUV-01
2022-05-15,23.95,52.0,KL-MUV-01
2022-05-16,26.8,40.5,KL-MUV-01
2022-05-17,27.38,53.2,KL-MUV-01
2022-05-18,45.77,61.3,KL-MUV-01
2022-05-19,48.89,64.7,KL-MUV-01
2022-05-20,45.77,41.9,KL-MUV-01
2022-05-21,42.75,29.2,KL-MUV-01
2022-05-22,40.21,27.2,KL-MUV-01
2022-05-23,38.72,10.1,KL-MUV-01
2022-05-24,36.76,7.3,KL-MUV-01
2022-05-25,35.06,7.3,KL-MUV-01
2022-05-26,33.91,16.2,KL-MUV-01
2022-05-27,32.65,12.6,KL-MUV-01
2022-05-28,31.28,33.2,KL-MUV-01
2022-05-29,30.48,11.5,KL-MUV-01
2022-05-30,29.27,2.2,KL-MUV-01
2022-05-31,27.77,20.3,KL-MUV-01
2022-06-01,26.86,2.3,KL-MUV-01
2022-06-02,25.73,6.0,KL-MUV-01
2022-06-03,25.0,12.0,KL-MUV-01
2022-06-04,24.88,7.1,KL-MUV-01
2022-06-05,24.35,18.0,KL-MUV-01
2022-06-06,23.77,15.4,KL-MUV-01
2022-06-07,22.82,18.5,KL-MUV-01
2022-06-08,22.17,12.7,KL-MUV-01
2022-06-09,21.34,17.0,KL-MUV-01
2022-06-10,20.88,25.6,KL-MUV-01
2022-06-11,20.38,19.3,KL-MUV-01
2022-06-12,19.94,29.8,KL-MUV-01
2022-06-13,19.61,16.9,KL-MUV-01
2022-06-14,18.63,11.6,KL-MUV-01
2022-06-15,17.75,42.2,KL-MUV-01
2022-06-16,17.58,18.1,KL-MUV-01
2022-06-17,17.32,37.0,KL-MUV-01
2022-06-18,17.41,27.0,KL-MUV-01
2022-06-19,18.14,5.2,KL-MUV-01
2022-06-20,17.49,33.6,KL-MUV-01
2022-06-21,17.32,7.6,KL-MUV-01
2022-06-22,17.45,14.8,KL-MUV-01
2022-06-23,17.07,33.0,KL-MUV-01
2022-06-24,16.95,28.2,KL-MUV-01
2022-06-25,17.45,7.1,KL-MUV-01
2022-06-26,18.1,4.3,KL-MUV-01
2022-06-27,17.75,7.3,KL-MUV-01
2022-06-28,17.41,27.3,KL-MUV-01
2022-06-29,18.54,22.8,KL-MUV-01
2022-06-30,19.37,30.4,KL-MUV-01
2022-07-01,21.59,17.4,KL-MUV-01
2022-07-02,22.82,17.2,KL-MUV-01
2022-07-03,33.91,57.9,KL-MUV-01
2022-07-04,38.99,13.8,KL-MUV-01
2022-07-05,40.3,18.0,KL-MUV-01
2022-07-06,42.15,13.9,KL-MUV-01
2022-07-07,47.64,36.8,KL-MUV-01
2022-07-08,49.0,13.1,KL-MUV-01
2022-07-09,47.19,14.8,KL-MUV-01
2022-07-10,46.86,23.6,KL-MUV-01
2022-07-11,45.88,16.2,KL-MUV-01
2022-07-12,45.45,16.2,KL-MUV-01
2022-07-13,52.09,45.1,KL-MUV-01
2022-07-14,60.66,28.6,KL-MUV-01
2022-07-15,63.12,20.7,KL-MUV-01
2022-07-16,61.52,38.7,KL-MUV-01
2022-07-17,58.16,21.5,KL-MUV-01
2022-07-18,54.98,21.0,KL-MUV-01
2022-07-19,52.83,25.8,KL-MUV-01
2022-07-20,49.82,31.1,KL-MUV-01
2022-07-21,47.42,10.8,KL-MUV-01
2022-07-22,44.71,31.2,KL-MUV-01
2022-07-23,43.36,21.5,KL-MUV-01
2022-07-24,41.46,1.2,KL-MUV-01
2022-07-25,38.99,3.2,KL-MUV-01
2022-07-26,36.67,4.4,KL-MUV-01
2022-07-27,35.64,29.0,KL-MUV-01
2022-07-28,36.58,5.5,KL-MUV-01
2022-07-29,36.07,15.6,KL-MUV-01
2022-07-30,35.48,14.7,KL-MUV-01
2022-07-31,35.56,42.3,KL-MUV-01
2022-08-01,35.56,205.7,KL-MUV-01
2022-08-02,43.57,64.2,KL-MUV-01
2022-08-03,66.76,68.2,KL-MUV-01
2022-08-04,120.06,41.0,KL-MUV-01
2022-08-05,148.28,28.3,KL-MUV-01
2022-08-06,139.93,34.6,KL-MUV-01
2022-08-07,122.88,32.3,KL-MUV-01
2022-08-08,120.9,19.4,KL-MUV-01
2022-08-09,122.03,10.0,KL-MUV-01
2022-08-10,114.08,5.8,KL-MUV-01
2022-08-11,104.93,3.4,KL-MUV-01
2022-08-12,96.95,3.7,KL-MUV-01
2022-08-13,89.36,1.2,KL-MUV-01
2022-08-14,82.75,0.3,KL-MUV-01
2022-08-15,76.8,0.4,KL-MUV-01
2022-08-16,71.44,0.7,KL-MUV-01
2022-08-17,66.61,1.4,KL-MUV-01
2022-08-18,62.24,19.0,KL-MUV-01
2022-08-19,58.29,8.5,KL-MUV-01
2022-08-20,54.98,2.3,KL-MUV-01
2022-08-21,51.97,31.3,KL-MUV-01
2022-08-22,48.77,104.0,KL-MUV-01
2022-08-23,70.12,25.1,KL-MUV-01
2022-08-24,94.5,17.5,KL-MUV-01
2022-08-25,86.3,36.0,KL-MUV-01
2022-08-26,77.34,25.3,KL-MUV-01
2022-08-27,76.8,20.6,KL-MUV-01
2022-08-28,97.86,21.5,KL-MUV-01
2022-08-29,94.94,47.6,KL-MUV-01
2022-08-30,85.9,12.7,KL-MUV-01
2022-08-31,84.7,21.0,KL-MUV-01
2022-09-01,82.18,18.0,KL-MUV-01
2022-09-02,78.25,16.3,KL-MUV-01
2022-09-03,74.68,8.3,KL-MUV-01
2022-09-04,69.47,20.4,KL-MUV-01
2022-09-05,65.37,28.1,KL-MUV-01
2022-09-06,63.57,14.5,KL-MUV-01
2022-09-07,65.83,20.8,KL-MUV-01
2022-09-08,69.63,14.7,KL-MUV-01
2022-09-09,69.31,18.6,KL-MUV-01
2022-09-10,66.14,20.0,KL-MUV-01
2022-09-11,64.46,10.1,KL-MUV-01
2022-09-12,62.24,14.2,KL-MUV-01
2022-09-13,59.53,4.8,KL-MUV-01
2022-09-14,56.28,3.3,KL-MUV-01
2022-09-15,53.2,2.2,KL-MUV-01
2022-09-16,50.05,2.7,KL-MUV-01
2022-09-17,46.97,4.2,KL-MUV-01
2022-09-18,44.19,8.8,KL-MUV-01
2022-09-19,41.66,5.6,KL-MUV-01
2022-09-20,39.55,2.7,KL-MUV-01
2022-09-21,37.37,2.8,KL-MUV-01
2022-09-22,35.22,2.4,KL-MUV-01
2022-09-23,33.12,0.6,KL-MUV-01
2022-09-24,31.06,2.7,KL-MUV-01
2022-09-25,29.27,5.1,KL-MUV-01
2022-09-26,27.58,1.1,KL-MUV-01
2022-09-27,26.04,1.1,KL-MUV-01
2022-09-28,24.64,2.8,KL-MUV-01
2022-09-29,23.27,2.8,KL-MUV-01
2022-09-30,22.07,1.8,KL-MUV-01
2022-10-01,21.08,2.8,KL-MUV-01
2022-10-02,20.33,11.8,KL-MUV-01
2022-10-03,19.51,11.0,KL-MUV-01
2022-10-04,19.18,26.6,KL-MUV-01
2022-10-05,18.68,10.9,KL-MUV-01
2022-10-06,18.19,3.1,KL-MUV-01
2022-10-07,17.62,5.3,KL-MUV-01
2022-10-08,16.78,1.2,KL-MUV-01
2022-10-09,15.94,10.4,KL-MUV-01
2022-10-10,15.18,0.3,KL-MUV-01
2022-10-11,14.96,1.8,KL-MUV-01
2022-10-12,14.35,6.5,KL-MUV-01
2022-10-13,14.21,10.8,KL-MUV-01
2022-10-14,19.8,16.4,KL-MUV-01
2022-10-15,22.99,34.1,KL-MUV-01
2022-10-16,22.71,21.9,KL-MUV-01
2022-10-17,22.71,32.9,KL-MUV-01
2022-10-18,25.98,25.5,KL-MUV-01
2022-10-19,36.07,16.7,KL-MUV-01
2022-10-20,38.17,21.3,KL-MUV-01
2022-10-21,35.22,21.0,KL-MUV-01
2022-10-22,39.64,2.0,KL-MUV-01
2022-10-23,41.46,8.3,KL-MUV-01
2022-10-24,40.3,14.2,KL-MUV-01
2022-10-25,37.64,1.0,KL-MUV-01
2022-10-26,35.14,0.6,KL-MUV-01
2022-10-27,32.73,0.6,KL-MUV-01
2022-10-28,30.99,0.3,KL-MUV-01
2022-10-29,29.55,3.6,KL-MUV-01
2022-10-30,28.17,11.0,KL-MUV-01
2022-10-31,30.12,14.0,KL-MUV-01
2022-11-01,35.81,13.1,KL-MUV-01
2022-11-02,38.54,29.0,KL-MUV-01
2022-11-03,37.55,7.6,KL-MUV-01
2022-11-04,37.55,13.7,KL-MUV-01
2022-11-05,49.58,10.0,KL-MUV-01
2022-11-06,52.58,24.5,KL-MUV-01
2022-11-07,55.23,8.1,KL-MUV-01
2022-11-08,55.1,1.4,KL-MUV-01
2022-11-09,55.89,2.7,KL-MUV-01
2022-11-10,56.28,6.9,KL-MUV-01
2022-11-11,54.34,7.4,KL-MUV-01
2022-11-12,50.64,5.9,KL-MUV-01
2022-11-13,49.35,23.4,KL-MUV-01
2022-11-14,46.53,24.1,KL-MUV-01
2022-11-15,52.7,0.8,KL-MUV-01
2022-11-16,55.49,11.5,KL-MUV-01
2022-11-17,51.97,2.9,KL-MUV-01
2022-11-18,48.09,2.0,KL-MUV-01
2022-11-19,44.92,0.1,KL-MUV-01
2022-11-20,42.25,1.6,KL-MUV-01
2022-11-21,40.02,0.0,KL-MUV-01
2022-11-22,37.46,0.9,KL-MUV-01
2022-11-23,35.06,1.8,KL-MUV-01
2022-11-24,32.81,0.0,KL-MUV-01
2022-11-25,30.77,0.2,KL-MUV-01
2022-11-26,28.85,1.4,KL-MUV-01
2022-11-27,27.18,13.3,KL-MUV-01
2022-11-28,25.85,16.8,KL-MUV-01
2022-11-29,26.29,11.3,KL-MUV-01
2022-11-30,25.61,2.0,KL-MUV-01
2022-12-01,25.18,0.5,KL-MUV-01
2022-12-02,23.95,4.4,KL-MUV-01
2022-12-03,22.71,7.8,KL-MUV-01
2022-12-04,22.77,12.7,KL-MUV-01
2022-12-05,22.88,7.6,KL-MUV-01
2022-12-06,23.83,0.0,KL-MUV-01
2022-12-07,24.06,0.0,KL-MUV-01
2022-12-08,22.99,0.1,KL-MUV-01
2022-12-09,21.8,18.2,KL-MUV-01
2022-12-10,20.58,19.6,KL-MUV-01
2022-12-11,19.89,52.4,KL-MUV-01
2022-12-12,19.56,15.7,KL-MUV-01
2022-12-13,20.88,0.0,KL-MUV-01
2022-12-14,20.13,27.8,KL-MUV-01
2022-12-15,19.14,0.0,KL-MUV-01
2022-12-16,19.8,0.0,KL-MUV-01
2022-12-17,18.95,0.1,KL-MUV-01
2022-12-18,17.92,0.2,KL-MUV-01
2022-12-19,16.99,0.2,KL-MUV-01
2022-12-20,16.1,0.0,KL-MUV-01
2022-12-21,15.67,0.0,KL-MUV-01
2022-12-22,15.48,0.1,KL-MUV-01
2022-12-23,14.85,0.0,KL-MUV-01
2022-12-24,14.24,0.0,KL-MUV-01
2022-12-25,13.62,1.5,KL-MUV-01
2022-12-26,12.96,0.6,KL-MUV-01
2022-12-27,12.77,0.7,KL-MUV-01
2022-12-28,12.4,0.6,KL-MUV-01
2022-12-29,11.94,0.0,KL-MUV-01
2022-12-30,11.56,0.0,KL-MUV-01
2022-12-31,10.75,0.0,KL-MUV-01
2023-01-01,10.25,0.0,KL-MUV-01
2023-01-02,9.74,0.0,KL-MUV-01
2023-01-03,9.28,0.0,KL-MUV-01
2023-01-04,8.86,0.0,KL-MUV-01
2023-01-05,8.46,0.0,KL-MUV-01
2023-01-06,8.1,0.0,KL-MUV-01
2023-01-07,7.77,0.2,KL-MUV-01
2023-01-08,7.89,0.0,KL-MUV-01
2023-01-09,7.65,0.0,KL-MUV-01
2023-01-10,7.34,0.0,KL-MUV-01
2023-01-11,6.8,0.0,KL-MUV-01
2023-01-12,6.46,0.0,KL-MUV-01
2023-01-13,6.21,0.0,KL-MUV-01
2023-01-14,5.93,0.0,KL-MUV-01
2023-01-15,5.7,0.0,KL-MUV-01
2023-01-16,5.49,0.0,KL-MUV-01
2023-01-17,5.28,0.0,KL-MUV-01
2023-01-18,5.1,0.0,KL-MUV-01
2023-01-19,4.92,0.0,KL-MUV-01
2023-01-20,4.75,0.0,KL-MUV-01
2023-01-21,4.68,0.0,KL-MUV-01
2023-01-22,4.56,0.0,KL-MUV-01
2023-01-23,4.43,0.9,KL-MUV-01
2023-01-24,4.52,25.5,KL-MUV-01
2023-01-25,5.5,0.0,KL-MUV-01
2023-01-26,5.62,0.0,KL-MUV-01
2023-01-27,5.49,0.0,KL-MUV-01
2023-01-28,5.3,0.0,KL-MUV-01
2023-01-29,5.12,0.0,KL-MUV-01
2023-01-30,4.96,8.5,KL-MUV-01
2023-01-31,5.19,3.1,KL-MUV-01
2023-02-01,5.46,0.0,KL-MUV-01
2023-02-02,5.49,6.3,KL-MUV-01
2023-02-03,5.82,2.3,KL-MUV-01
2023-02-04,6.41,6.5,KL-MUV-01
2023-02-05,8.1,0.7,KL-MUV-01
2023-02-06,8.29,0.0,KL-MUV-01
2023-02-07,8.1,0.0,KL-MUV-01
2023-02-08,7.75,0.0,KL-MUV-01
2023-02-09,7.43,0.0,KL-MUV-01
2023-02-10,7.3,0.0,KL-MUV-01
2023-02-11,7.05,0.0,KL-MUV-01
2023-02-12,6.93,0.0,KL-MUV-01
2023-02-13,6.74,0.0,KL-MUV-01
2023-02-14,6.59,0.0,KL-MUV-01
2023-02-15,6.48,0.0,KL-MUV-01
2023-02-16,6.24,0.0,KL-MUV-01
2023-02-17,6.11,0.0,KL-MUV-01
2023-02-18,6.14,0.0,KL-MUV-01
2023-02-19,6.23,0.0,KL-MUV-01
2023-02-20,6.05,0.0,KL-MUV-01
2023-02-21,5.81,0.0,KL-MUV-01
2023-02-22,5.59,0.0,KL-MUV-01
2023-02-23,5.44,0.0,KL-MUV-01
2023-02-24,5.41,0.0,KL-MUV-01
2023-02-25,5.25,0.0,KL-MUV-01
2023-02-26,5.1,0.0,KL-MUV-01
2023-02-27,4.94,0.0,KL-MUV-01
2023-02-28,4.78,0.0,KL-MUV-01
2023-03-01,4.66,1.5,KL-MUV-01
2023-03-02,4.6,0.0,KL-MUV-01
2023-03-03,4.47,0.0,KL-MUV-01
2023-03-04,4.37,0.0,KL-MUV-01
2023-03-05,4.28,0.0,KL-MUV-01
2023-03-06,4.19,0.0,KL-MUV-01
2023-03-07,4.13,0.0,KL-MUV-01
2023-03-08,4.04,0.0,KL-MUV-01
2023-03-09,3.97,0.0,KL-MUV-01
2023-03-10,3.91,0.0,KL-MUV-01
2023-03-11,3.84,0.1,KL-MUV-01
2023-03-12,3.81,0.1,KL-MUV-01
2023-03-13,3.79,0.0,KL-MUV-01
2023-03-14,3.75,1.2,KL-MUV-01
2023-03-15,3.75,7.4,KL-MUV-01
2023-03-16,3.79,5.9,KL-MUV-01
2023-03-17,3.79,6.3,KL-MUV-01
2023-03-18,3.75,12.6,KL-MUV-01
2023-03-19,3.75,1.6,KL-MUV-01
2023-03-20,3.72,2.4,KL-MUV-01
2023-03-21,3.69,0.0,KL-MUV-01
2023-03-22,3.66,0.0,KL-MUV-01
2023-03-23,3.62,1.4,KL-MUV-01
2023-03-24,3.62,10.0,KL-MUV-01
2023-03-25,3.66,5.7,KL-MUV-01
2023-03-26,3.72,8.6,KL-MUV-01
2023-03-27,3.79,0.2,KL-MUV-01
2023-03-28,3.72,0.5,KL-MUV-01
2023-03-29,3.69,7.8,KL-MUV-01
2023-03-30,3.72,4.7,KL-MUV-01
2023-03-31,3.69,0.2,KL-MUV-01
2023-04-01,3.66,6.8,KL-MUV-01
2023-04-02,3.62,9.5,KL-MUV-01
2023-04-03,3.69,6.8,KL-MUV-01
2023-04-04,3.79,0.2,KL-MUV-01
2023-04-05,3.84,12.7,KL-MUV-01
2023-04-06,3.94,3.2,KL-MUV-01
2023-04-07,3.94,0.5,KL-MUV-01
2023-04-08,3.88,0.1,KL-MUV-01
2023-04-09,3.91,1.2,KL-MUV-01
2023-04-10,3.91,0.4,KL-MUV-01
2023-04-11,3.84,0.0,KL-MUV-01
2023-04-12,3.81,0.1,KL-MUV-01
2023-04-13,3.75,0.5,KL-MUV-01
2023-04-14,3.72,0.5,KL-MUV-01
2023-04-15,3.69,0.1,KL-MUV-01
2023-04-16,3.66,0.4,KL-MUV-01
2023-04-17,3.66,0.0,KL-MUV-01
2023-04-18,3.62,0.2,KL-MUV-01
2023-04-19,3.62,1.3,KL-MUV-01
2023-04-20,3.62,1.2,KL-MUV-01
2023-04-21,3.62,14.7,KL-MUV-01
2023-04-22,3.59,11.9,KL-MUV-01
2023-04-23,3.62,8.2,KL-MUV-01
2023-04-24,3.66,4.2,KL-MUV-01
2023-04-25,3.72,4.6,KL-MUV-01
2023-04-26,3.94,17.4,KL-MUV-01
2023-04-27,4.19,0.7,KL-MUV-01
2023-04-28,4.22,13.7,KL-MUV-01
2023-04-29,4.22,5.5,KL-MUV-01
2023-04-30,4.47,20.4,KL-MUV-01
2023-05-01,4.94,33.9,KL-MUV-01
2023-05-02,5.56,20.2,KL-MUV-01
2023-05-03,5.84,4.5,KL-MUV-01
2023-05-04,5.65,0.9,KL-MUV-01
2023-05-05,5.41,2.1,KL-MUV-01
2023-05-06,5.25,7.0,KL-MUV-01
2023-05-07,5.25,2.2,KL-MUV-01
2023-05-08,5.12,16.2,KL-MUV-01
2023-05-09,5.03,22.9,KL-MUV-01
2023-05-10,5.34,8.5,KL-MUV-01
2023-05-11,5.75,17.5,KL-MUV-01
2023-05-12,6.82,18.0,KL-MUV-01
2023-05-13,7.09,10.0,KL-MUV-01
2023-05-14,7.24,3.9,KL-MUV-01
2023-05-15,7.05,3.2,KL-MUV-01
2023-05-16,6.82,1.1,KL-MUV-01
2023-05-17,6.53,0.8,KL-MUV-01
2023-05-18,6.43,11.8,KL-MUV-01
2023-05-19,6.31,6.8,KL-MUV-01
2023-05-20,6.74,5.1,KL-MUV-01
2023-05-21,6.82,5.9,KL-MUV-01
2023-05-22,6.96,9.3,KL-MUV-01
2023-05-23,7.09,10.5,KL-MUV-01
2023-05-24,6.91,11.6,KL-MUV-01
2023-05-25,6.96,6.8,KL-MUV-01
2023-05-26,6.74,4.5,KL-MUV-01
2023-05-27,6.59,15.2,KL-MUV-01
2023-05-28,6.78,7.6,KL-MUV-01
2023-05-29,7.0,8.3,KL-MUV-01
2023-05-30,7.0,14.0,KL-MUV-01
2023-05-31,7.04,24.8,KL-MUV-01
2023-06-01,7.71,20.2,KL-MUV-01
2023-06-02,8.1,12.2,KL-MUV-01
2023-06-03,8.31,34.4,KL-MUV-01
2023-06-04,8.35,7.3,KL-MUV-01
2023-06-05,8.38,22.0,KL-MUV-01
2023-06-06,8.59,10.6,KL-MUV-01
2023-06-07,8.73,12.0,KL-MUV-01
2023-06-08,8.89,11.1,KL-MUV-01
2023-06-09,8.98,15.9,KL-MUV-01
2023-06-10,9.4,11.6,KL-MUV-01
2023-06-11,10.25,6.3,KL-MUV-01
2023-06-12,10.46,27.7,KL-MUV-01
2023-06-13,12.09,9.3,KL-MUV-01
2023-06-14,12.87,6.0,KL-MUV-01
2023-06-15,12.49,5.6,KL-MUV-01
2023-06-16,11.97,5.0,KL-MUV-01
2023-06-17,11.59,11.4,KL-MUV-01
2023-06-18,11.3,14.7,KL-MUV-01
2023-06-19,11.13,8.6,KL-MUV-01
2023-06-20,10.8,9.6,KL-MUV-01
2023-06-21,10.59,10.3,KL-MUV-01
2023-06-22,10.43,7.3,KL-MUV-01
2023-06-23,10.19,26.9,KL-MUV-01
2023-06-24,9.84,1.9,KL-MUV-01
2023-06-25,9.59,64.8,KL-MUV-01
2023-06-26,10.09,14.7,KL-MUV-01
2023-06-27,10.4,36.4,KL-MUV-01
2023-06-28,12.74,10.3,KL-MUV-01
2023-06-29,13.72,26.0,KL-MUV-01
2023-06-30,14.17,10.9,KL-MUV-01
2023-07-01,13.79,6.6,KL-MUV-01
2023-07-02,13.39,50.6,KL-MUV-01
2023-07-03,26.93,37.7,KL-MUV-01
2023-07-04,66.45,80.2,KL-MUV-01
2023-07-05,101.57,86.5,KL-MUV-01
2023-07-06,91.47,41.7,KL-MUV-01
2023-07-07,81.79,38.4,KL-MUV-01
2023-07-08,73.13,23.1,KL-MUV-01
2023-07-09,64.92,7.0,KL-MUV-01
2023-07-10,58.29,4.0,KL-MUV-01
2023-07-11,54.21,11.0,KL-MUV-01
2023-07-12,50.29,18.0,KL-MUV-01
2023-07-13,46.86,30.5,KL-MUV-01
2023-07-14,44.81,7.4,KL-MUV-01
2023-07-15,41.95,7.5,KL-MUV-01
2023-07-16,39.36,8.5,KL-MUV-01
2023-07-17,37.19,10.9,KL-MUV-01
2023-07-18,35.56,13.1,KL-MUV-01
2023-07-19,35.73,20.0,KL-MUV-01
2023-07-20,36.15,4.3,KL-MUV-01
2023-07-21,35.81,6.7,KL-MUV-01
2023-07-22,35.14,16.9,KL-MUV-01
2023-07-23,34.08,42.0,KL-MUV-01
2023-07-24,35.22,9.8,KL-MUV-01
2023-07-25,34.32,5.7,KL-MUV-01
2023-07-26,33.12,23.9,KL-MUV-01
2023-07-27,33.04,3.7,KL-MUV-01
2023-07-28,31.73,1.3,KL-MUV-01
2023-07-29,30.19,0.9,KL-MUV-01
2023-07-30,28.51,1.1,KL-MUV-01
2023-07-31,26.93,4.4,KL-MUV-01
2023-08-01,25.55,3.6,KL-MUV-01
2023-08-02,24.29,4.7,KL-MUV-01
2023-08-03,23.15,5.8,KL-MUV-01
2023-08-04,22.01,17.1,KL-MUV-01
2023-08-05,22.6,1.7,KL-MUV-01
2023-08-06,21.8,6.8,KL-MUV-01
2023-08-07,20.28,4.1,KL-MUV-01
2023-08-08,19.23,7.0,KL-MUV-01
2023-08-09,18.28,2.6,KL-MUV-01
2023-08-10,17.71,3.8,KL-MUV-01
2023-08-11,16.74,6.5,KL-MUV-01
2023-08-12,16.26,16.7,KL-MUV-01
2023-08-13,15.41,2.1,KL-MUV-01
2023-08-14,16.22,4.0,KL-MUV-01
2023-08-15,14.7,1.5,KL-MUV-01
2023-08-16,14.21,2.3,KL-MUV-01
2023-08-17,13.35,6.5,KL-MUV-01
2023-08-18,12.74,5.4,KL-MUV-01
2023-08-19,12.27,2.1,KL-MUV-01
2023-08-20,11.82,1.8,KL-MUV-01
2023-08-21,11.33,0.8,KL-MUV-01
2023-08-22,11.05,2.6,KL-MUV-01
2023-08-23,10.67,1.0,KL-MUV-01
2023-08-24,10.14,0.3,KL-MUV-01
2023-08-25,9.72,2.5,KL-MUV-01
2023-08-26,9.16,3.3,KL-MUV-01
2023-08-27,8.77,1.5,KL-MUV-01
2023-08-28,8.46,29.0,KL-MUV-01
2023-08-29,8.2,17.8,KL-MUV-01
2023-08-30,8.57,7.4,KL-MUV-01
2023-08-31,9.21,15.6,KL-MUV-01
2023-09-01,9.23,18.4,KL-MUV-01
2023-09-02,9.23,19.9,KL-MUV-01
2023-09-03,9.5,72.7,KL-MUV-01
2023-09-04,10.69,16.1,KL-MUV-01
2023-09-05,12.18,51.7,KL-MUV-01
2023-09-06,11.13,54.2,KL-MUV-01
2023-09-07,12.37,39.8,KL-MUV-01
2023-09-08,13.16,31.6,KL-MUV-01
2023-09-09,15.98,41.1,KL-MUV-01
2023-09-10,21.18,51.0,KL-MUV-01
2023-09-11,21.59,38.2,KL-MUV-01
2023-09-12,22.82,24.6,KL-MUV-01
2023-09-13,25.3,27.0,KL-MUV-01
2023-09-14,21.91,34.8,KL-MUV-01
2023-09-15,22.99,39.7,KL-MUV-01
2023-09-16,22.93,39.2,KL-MUV-01
2023-09-17,24.64,20.7,KL-MUV-01
2023-09-18,24.12,35.6,KL-MUV-01
2023-09-19,23.27,21.6,KL-MUV-01
2023-09-20,24.29,17.3,KL-MUV-01
2023-09-21,22.88,46.1,KL-MUV-01
2023-09-22,22.66,24.2,KL-MUV-01
2023-09-23,24.88,36.2,KL-MUV-01
2023-09-24,27.38,20.4,KL-MUV-01
2023-09-25,31.28,40.1,KL-MUV-01
2023-09-26,30.41,14.1,KL-MUV-01
2023-09-27,27.71,19.8,KL-MUV-01
2023-09-28,26.54,60.1,KL-MUV-01
2023-09-29,41.07,30.8,KL-MUV-01
2023-09-30,44.29,48.6,KL-MUV-01
2023-10-01,31.66,34.7,KL-MUV-01
2023-10-02,38.9,44.1,KL-MUV-01
2023-10-03,49.93,4.0,KL-MUV-01
2023-10-04,47.87,6.8,KL-MUV-01
2023-10-05,40.5,2.1,KL-MUV-01
2023-10-06,37.99,0.3,KL-MUV-01
2023-10-07,35.81,0.0,KL-MUV-01
2023-10-08,33.36,10.5,KL-MUV-01
2023-10-09,31.14,2.2,KL-MUV-01
2023-10-10,31.81,17.4,KL-MUV-01
2023-10-11,27.64,36.6,KL-MUV-01
2023-10-12,32.96,14.9,KL-MUV-01
2023-10-13,36.67,17.5,KL-MUV-01
2023-10-14,28.24,71.2,KL-MUV-01
2023-10-15,37.73,9.6,KL-MUV-01
2023-10-16,37.73,7.3,KL-MUV-01
2023-10-17,41.56,67.3,KL-MUV-01
2023-10-18,58.29,2.0,KL-MUV-01
2023-10-19,61.23,7.7,KL-MUV-01
2023-10-20,53.08,4.0,KL-MUV-01
2023-10-21,50.88,6.8,KL-MUV-01
2023-10-22,47.31,21.4,KL-MUV-01
2023-10-23,49.82,25.7,KL-MUV-01
2023-10-24,50.29,5.0,KL-MUV-01
2023-10-25,50.4,6.6,KL-MUV-01
2023-10-26,66.14,1.2,KL-MUV-01
2023-10-27,73.47,1.4,KL-MUV-01
2023-10-28,68.02,9.2,KL-MUV-01
2023-10-29,63.27,12.2,KL-MUV-01
2023-10-30,59.95,6.9,KL-MUV-01
2023-10-31,59.12,10.4,KL-MUV-01
2023-11-01,57.48,9.2,KL-MUV-01
2023-11-02,58.29,13.6,KL-MUV-01
2023-11-03,58.57,17.6,KL-MUV-01
2023-11-04,65.07,19.0,KL-MUV-01
2023-11-05,70.12,7.8,KL-MUV-01
2023-11-06,70.94,7.0,KL-MUV-01
2023-11-07,107.39,8.9,KL-MUV-01
2023-11-08,95.38,23.1,KL-MUV-01
2023-11-09,88.13,3.4,KL-MUV-01
2023-11-10,83.92,4.2,KL-MUV-01
2023-11-11,85.9,12.1,KL-MUV-01
2023-11-12,81.79,0.0,KL-MUV-01
2023-11-13,77.34,0.0,KL-MUV-01
2023-11-14,72.45,1.5,KL-MUV-01
2023-11-15,68.34,0.6,KL-MUV-01
2023-11-16,65.07,10.7,KL-MUV-01
2023-11-17,62.24,2.7,KL-MUV-01
2023-11-18,59.53,14.1,KL-MUV-01
2023-11-19,56.28,0.7,KL-MUV-01
2023-11-20,53.95,0.0,KL-MUV-01
2023-11-21,58.16,4.7,KL-MUV-01
2023-11-22,55.62,39.6,KL-MUV-01
2023-11-23,54.08,22.5,KL-MUV-01
2023-11-24,54.34,6.9,KL-MUV-01
2023-11-25,75.56,4.2,KL-MUV-01
2023-11-26,68.82,0.9,KL-MUV-01
2023-11-27,64.01,0.4,KL-MUV-01
2023-11-28,63.71,7.8,KL-MUV-01
2023-11-29,60.38,1.0,KL-MUV-01
2023-11-30,56.94,2.6,KL-MUV-01
2023-12-01,53.7,2.4,KL-MUV-01
2023-12-02,52.83,0.1,KL-MUV-01
2023-12-03,55.62,1.4,KL-MUV-01
2023-12-04,53.08,2.3,KL-MUV-01
2023-12-05,50.76,3.9,KL-MUV-01
2023-12-06,48.43,0.0,KL-MUV-01
2023-12-07,45.13,2.1,KL-MUV-01
2023-12-08,42.35,10.8,KL-MUV-01
2023-12-09,39.93,13.2,KL-MUV-01
2023-12-10,39.83,2.7,KL-MUV-01
2023-12-11,36.58,0.0,KL-MUV-01
2023-12-12,36.84,3.2,KL-MUV-01
2023-12-13,36.24,0.0,KL-MUV-01
2023-12-14,35.22,0.0,KL-MUV-01
2023-12-15,34.97,0.4,KL-MUV-01
2023-12-16,32.96,2.4,KL-MUV-01
2023-12-17,31.66,35.5,KL-MUV-01
2023-12-18,31.58,17.5,KL-MUV-01
2023-12-19,38.26,0.0,KL-MUV-01
2023-12-20,44.71,0.4,KL-MUV-01
2023-12-21,41.76,2.0,KL-MUV-01
2023-12-22,38.9,0.0,KL-MUV-01
2023-12-23,36.5,0.0,KL-MUV-01
2023-12-24,34.32,0.0,KL-MUV-01
2023-12-25,32.34,0.2,KL-MUV-01
2023-12-26,30.48,0.0,KL-MUV-01
2023-12-27,28.65,0.0,KL-MUV-01
2023-12-28,26.86,0.1,KL-MUV-01
2023-12-29,25.24,0.0,KL-MUV-01
2023-12-30,23.72,0.0,KL-MUV-01
2023-12-31,22.33,0.0,KL-MUV-01
2024-01-01,21.08,0.0,KL-MUV-01
2024-01-02,19.84,0.4,KL-MUV-01
2024-01-03,18.82,27.8,KL-MUV-01
2024-01-04,18.05,42.3,KL-MUV-01
2024-01-05,19.42,4.7,KL-MUV-01
2024-01-06,18.77,4.0,KL-MUV-01
2024-01-07,17.07,4.0,KL-MUV-01
2024-01-08,17.54,3.2,KL-MUV-01
2024-01-09,18.59,28.6,KL-MUV-01
2024-01-10,21.03,1.0,KL-MUV-01
2024-01-11,24.59,0.0,KL-MUV-01
2024-01-12,21.44,0.0,KL-MUV-01
2024-01-13,19.99,0.0,KL-MUV-01
2024-01-14,18.82,0.0,KL-MUV-01
2024-01-15,17.75,0.0,KL-MUV-01
2024-01-16,16.82,3.3,KL-MUV-01
2024-01-17,16.1,0.0,KL-MUV-01
2024-01-18,15.52,0.1,KL-MUV-01
2024-01-19,14.89,0.9,KL-MUV-01
2024-01-20,14.31,4.4,KL-MUV-01
2024-01-21,14.0,0.0,KL-MUV-01
2024-01-22,13.32,1.5,KL-MUV-01
2024-01-23,13.66,0.6,KL-MUV-01
2024-01-24,13.09,32.4,KL-MUV-01
2024-01-25,12.74,4.1,KL-MUV-01
2024-01-26,12.65,0.0,KL-MUV-01
2024-01-27,12.58,0.0,KL-MUV-01
2024-01-28,12.09,0.0,KL-MUV-01
2024-01-29,11.45,0.0,KL-MUV-01
2024-01-30,10.83,0.0,KL-MUV-01
2024-01-31,10.27,0.5,KL-MUV-01
2024-02-01,9.91,0.0,KL-MUV-01
2024-02-02,9.54,0.0,KL-MUV-01
2024-02-03,9.05,0.3,KL-MUV-01
2024-02-04,8.66,0.0,KL-MUV-01
2024-02-05,8.29,0.0,KL-MUV-01
2024-02-06,7.91,0.0,KL-MUV-01
2024-02-07,7.57,0.0,KL-MUV-01
2024-02-08,7.28,0.0,KL-MUV-01
2024-02-09,6.96,0.0,KL-MUV-01
2024-02-10,6.69,0.0,KL-MUV-01
2024-02-11,6.48,0.0,KL-MUV-01
2024-02-12,6.21,0.0,KL-MUV-01
2024-02-13,5.98,0.0,KL-MUV-01
2024-02-14,5.76,0.0,KL-MUV-01
2024-02-15,5.55,0.0,KL-MUV-01
2024-02-16,5.35,0.0,KL-MUV-01
2024-02-17,5.17,0.4,KL-MUV-01
2024-02-18,5.01,0.0,KL-MUV-01
2024-02-19,4.89,0.0,KL-MUV-01
2024-02-20,4.7,0.0,KL-MUV-01
2024-02-21,4.61,0.0,KL-MUV-01
2024-02-22,4.5,1.7,KL-MUV-01
2024-02-23,4.42,1.5,KL-MUV-01
2024-02-24,4.31,0.2,KL-MUV-01
2024-02-25,4.2,0.0,KL-MUV-01
2024-02-26,4.13,0.0,KL-MUV-01
2024-02-27,4.0,0.1,KL-MUV-01
2024-02-28,3.97,0.0,KL-MUV-01
2024-02-29,3.91,0.0,KL-MUV-01
2024-03-01,3.84,0.0,KL-MUV-01
2024-03-02,3.83,0.0,KL-MUV-01
2024-03-03,3.79,0.3,KL-MUV-01
2024-03-04,3.73,0.1,KL-MUV-01
2024-03-05,3.7,0.1,KL-MUV-01
2024-03-06,3.67,0.0,KL-MUV-01
2024-03-07,3.65,0.1,KL-MUV-01
2024-03-08,3.61,4.6,KL-MUV-01
2024-03-09,3.59,5.3,KL-MUV-01
2024-03-10,3.56,0.6,KL-MUV-01
2024-03-11,3.55,5.3,KL-MUV-01
2024-03-12,3.53,0.1,KL-MUV-01
2024-03-13,3.52,1.1,KL-MUV-01
2024-03-14,3.52,0.7,KL-MUV-01
2024-03-15,3.53,3.8,KL-MUV-01
2024-03-16,3.52,0.7,KL-MUV-01
2024-03-17,3.52,1.4,KL-MUV-01
2024-03-18,3.5,2.9,KL-MUV-01
2024-03-19,3.49,0.5,KL-MUV-01
2024-03-20,3.47,1.8,KL-MUV-01
2024-03-21,3.47,0.3,KL-MUV-01
2024-03-22,3.46,39.6,KL-MUV-01
2024-03-23,3.46,5.5,KL-MUV-01
2024-03-24,3.47,0.1,KL-MUV-01
2024-03-25,3.47,0.2,KL-MUV-01
2024-03-26,3.58,1.4,KL-MUV-01
2024-03-27,3.56,0.2,KL-MUV-01
2024-03-28,3.55,4.6,KL-MUV-01
2024-03-29,3.58,2.7,KL-MUV-01
2024-03-30,3.59,1.3,KL-MUV-01
2024-03-31,3.59,4.8,KL-MUV-01
2024-04-01,3.59,4.4,KL-MUV-01
2024-04-02,3.55,14.6,KL-MUV-01
2024-04-03,3.55,8.4,KL-MUV-01
2024-04-04,3.55,20.9,KL-MUV-01
2024-04-05,3.53,2.2,KL-MUV-01
2024-04-06,3.53,0.0,KL-MUV-01
2024-04-07,3.52,6.2,KL-MUV-01
2024-04-08,3.49,17.9,KL-MUV-01
2024-04-09,3.58,0.1,KL-MUV-01
2024-04-10,3.59,1.2,KL-MUV-01
2024-04-11,3.58,2.9,KL-MUV-01
2024-04-12,3.62,9.1,KL-MUV-01
2024-04-13,3.73,14.3,KL-MUV-01
2024-04-14,3.79,7.1,KL-MUV-01
2024-04-15,3.73,1.3,KL-MUV-01
2024-04-16,3.75,1.2,KL-MUV-01
2024-04-17,3.7,0.2,KL-MUV-01
2024-04-18,3.67,3.6,KL-MUV-01
2024-04-19,3.73,24.6,KL-MUV-01
2024-04-20,3.83,2.2,KL-MUV-01
2024-04-21,3.72,15.5,KL-MUV-01
2024-04-22,3.76,5.1,KL-MUV-01
2024-04-23,3.79,3.0,KL-MUV-01
2024-04-24,3.75,0.8,KL-MUV-01
2024-04-25,3.67,0.5,KL-MUV-01
2024-04-26,3.67,15.7,KL-MUV-01
2024-04-27,3.66,0.2,KL-MUV-01
2024-04-28,3.62,2.3,KL-MUV-01
2024-04-29,3.62,7.5,KL-MUV-01
2024-04-30,3.62,11.5,KL-MUV-01
2024-05-01,3.62,5.5,KL-MUV-01
2024-05-02,3.62,1.3,KL-MUV-01
2024-05-03,3.69,12.0,KL-MUV-01
2024-05-04,3.65,4.9,KL-MUV-01
2024-05-05,3.7,11.5,KL-MUV-01
2024-05-06,3.75,1.7,KL-MUV-01
2024-05-07,3.65,0.3,KL-MUV-01
2024-05-08,3.58,31.0,KL-MUV-01
2024-05-09,3.7,25.5,KL-MUV-01
2024-05-10,3.75,9.9,KL-MUV-01
2024-05-11,4.13,7.3,KL-MUV-01
2024-05-12,4.7,23.3,KL-MUV-01
2024-05-13,4.66,2.4,KL-MUV-01
2024-05-14,4.81,4.3,KL-MUV-01
2024-05-15,4.69,25.5,KL-MUV-01
2024-05-16,4.83,6.5,KL-MUV-01
2024-05-17,5.28,22.3,KL-MUV-01
2024-05-18,5.79,31.1,KL-MUV-01
2024-05-19,28.17,46.2,KL-MUV-01
2024-05-20,42.15,63.9,KL-MUV-01
2024-05-21,68.34,46.1,KL-MUV-01
2024-05-22,96.05,128.4,KL-MUV-01
2024-05-23,116.49,95.4,KL-MUV-01
2024-05-24,113.29,76.7,KL-MUV-01
2024-05-25,80.66,40.2,KL-MUV-01
2024-05-26,95.38,29.0,KL-MUV-01
2024-05-27,101.8,83.3,KL-MUV-01
2024-05-28,98.08,100.1,KL-MUV-01
2024-05-29,91.26,64.8,KL-MUV-01
2024-05-30,82.37,17.6,KL-MUV-01
2024-05-31,71.28,24.3,KL-MUV-01
2024-06-01,77.52,11.1,KL-MUV-01
2024-06-02,76.98,48.0,KL-MUV-01
2024-06-03,75.56,33.1,KL-MUV-01
2024-06-04,71.78,34.8,KL-MUV-01
2024-06-05,64.92,36.7,KL-MUV-01
2024-06-06,62.53,74.0,KL-MUV-01
2024-06-07,59.26,46.3,KL-MUV-01
2024-06-08,60.24,78.0,KL-MUV-01
2024-06-09,56.02,9.2,KL-MUV-01
2024-06-10,59.12,11.6,KL-MUV-01
2024-06-11,66.14,15.1,KL-MUV-01
2024-06-12,63.57,8.1,KL-MUV-01
2024-06-13,60.94,11.0,KL-MUV-01
2024-06-14,56.94,4.4,KL-MUV-01
2024-06-15,53.7,0.7,KL-MUV-01
2024-06-16,49.7,7.5,KL-MUV-01
2024-06-17,46.42,46.2,KL-MUV-01
2024-06-18,45.24,43.0,KL-MUV-01
2024-06-19,45.34,33.6,KL-MUV-01
2024-06-20,46.1,55.5,KL-MUV-01
2024-06-21,57.21,23.9,KL-MUV-01
2024-06-22,52.58,51.3,KL-MUV-01
2024-06-23,46.75,56.4,KL-MUV-01
2024-06-24,61.52,51.9,KL-MUV-01
2024-06-25,77.16,62.9,KL-MUV-01
2024-06-26,83.33,52.7,KL-MUV-01
2024-06-27,88.74,29.4,KL-MUV-01
2024-06-28,89.16,8.1,KL-MUV-01
2024-06-29,86.7,14.8,KL-MUV-01
2024-06-30,79.17,26.2,KL-MUV-01
2024-07-01,74.34,14.9,KL-MUV-01
2024-07-02,71.44,4.6,KL-MUV-01
2024-07-03,62.24,10.7,KL-MUV-01
2024-07-04,58.84,7.1,KL-MUV-01
2024-07-05,55.89,26.7,KL-MUV-01
2024-07-06,52.21,2.3,KL-MUV-01
2024-07-07,51.6,28.8,KL-MUV-01
2024-07-08,47.53,25.3,KL-MUV-01
2024-07-09,48.77,12.4,KL-MUV-01
2024-07-10,45.24,10.1,KL-MUV-01
2024-07-11,45.45,4.0,KL-MUV-01
2024-07-12,41.95,43.2,KL-MUV-01
2024-07-13,41.46,38.9,KL-MUV-01
2024-07-14,47.53,37.0,KL-MUV-01
2024-07-15,55.49,57.8,KL-MUV-01
2024-07-16,65.22,61.1,KL-MUV-01
2024-07-17,68.5,77.2,KL-MUV-01
2024-07-18,76.62,43.4,KL-MUV-01
2024-07-19,90.41,7.9,KL-MUV-01
2024-07-20,89.57,3.1,KL-MUV-01
2024-07-21,74.68,1.8,KL-MUV-01
2024-07-22,64.46,4.6,KL-MUV-01
2024-07-23,59.67,4.0,KL-MUV-01
2024-07-24,56.41,12.5,KL-MUV-01
2024-07-25,55.1,18.0,KL-MUV-01
2024-07-26,52.83,9.8,KL-MUV-01
2024-07-27,51.36,5.1,KL-MUV-01
2024-07-28,51.84,27.0,KL-MUV-01
2024-07-29,51.24,58.2,KL-MUV-01
2024-07-30,57.08,19.8,KL-MUV-01
2024-07-31,53.58,23.9,KL-MUV-01
2024-08-01,62.97,30.9,KL-MUV-01
2024-08-02,66.61,7.8,KL-MUV-01
2024-08-03,62.53,23.3,KL-MUV-01
2024-08-04,59.53,2.5,KL-MUV-01
2024-08-05,56.94,41.0,KL-MUV-01
2024-08-06,54.59,20.5,KL-MUV-01
2024-08-07,51.97,24.0,KL-MUV-01
2024-08-08,48.2,50.5,KL-MUV-01
2024-08-09,47.64,8.7,KL-MUV-01
2024-08-10,44.71,12.8,KL-MUV-01
2024-08-11,42.15,14.4,KL-MUV-01
2024-08-12,38.17,73.7,KL-MUV-01
2024-08-13,49.58,21.9,KL-MUV-01
2024-08-14,53.33,24.3,KL-MUV-01
2024-08-15,49.23,12.1,KL-MUV-01
2024-08-16,58.84,18.4,KL-MUV-01
2024-08-17,55.49,7.1,KL-MUV-01
2024-08-18,54.08,7.2,KL-MUV-01
2024-08-19,47.98,20.8,KL-MUV-01
2024-08-20,46.75,30.6,KL-MUV-01
2024-08-21,46.32,8.6,KL-MUV-01
2024-08-22,45.03,3.1,KL-MUV-01
2024-08-23,44.08,2.5,KL-MUV-01
2024-08-24,40.59,17.0,KL-MUV-01
2024-08-25,38.45,5.8,KL-MUV-01
2024-08-26,37.37,4.9,KL-MUV-01
2024-08-27,34.97,10.2,KL-MUV-01
2024-08-28,34.48,12.5,KL-MUV-01
2024-08-29,33.2,27.1,KL-MUV-01
2024-08-30,32.5,32.8,KL-MUV-01
2024-08-31,33.83,23.9,KL-MUV-01
2024-09-01,32.65,37.0,KL-MUV-01
2024-09-02,33.59,23.3,KL-MUV-01
2024-09-03,37.02,16.3,KL-MUV-01
2024-09-04,37.99,5.9,KL-MUV-01
2024-09-05,33.04,4.7,KL-MUV-01
2024-09-06,30.92,3.9,KL-MUV-01
2024-09-07,29.13,4.5,KL-MUV-01
2024-09-08,28.17,16.5,KL-MUV-01
2024-09-09,29.06,27.7,KL-MUV-01
2024-09-10,28.31,13.5,KL-MUV-01
2024-09-11,30.19,21.3,KL-MUV-01
2024-09-12,28.24,7.1,KL-MUV-01
2024-09-13,28.99,6.4,KL-MUV-01
2024-09-14,28.17,4.7,KL-MUV-01
2024-09-15,26.48,18.0,KL-MUV-01
2024-09-16,25.73,3.7,KL-MUV-01
2024-09-17,24.64,3.0,KL-MUV-01
2024-09-18,22.88,1.8,KL-MUV-01
2024-09-19,21.59,1.8,KL-MUV-01
2024-09-20,20.43,2.3,KL-MUV-01
2024-09-21,19.32,4.5,KL-MUV-01
2024-09-22,18.28,5.2,KL-MUV-01
2024-09-23,17.45,45.5,KL-MUV-01
2024-09-24,17.92,4.3,KL-MUV-01
2024-09-25,19.65,7.5,KL-MUV-01
2024-09-26,16.95,3.4,KL-MUV-01
2024-09-27,16.22,9.0,KL-MUV-01
2024-09-28,15.37,9.8,KL-MUV-01
2024-09-29,14.85,5.2,KL-MUV-01
2024-09-30,14.31,12.6,KL-MUV-01
2024-10-01,14.96,8.6,KL-MUV-01
2024-10-02,15.44,9.8,KL-MUV-01
2024-10-03,16.62,10.3,KL-MUV-01
2024-10-04,16.3,28.0,KL-MUV-01
2024-10-05,15.75,1.9,KL-MUV-01
2024-10-06,16.14,29.0,KL-MUV-01
2024-10-07,14.81,13.0,KL-MUV-01
2024-10-08,15.98,16.5,KL-MUV-01
2024-10-09,16.82,55.0,KL-MUV-01
2024-10-10,17.41,31.6,KL-MUV-01
2024-10-11,16.54,37.0,KL-MUV-01
2024-10-12,18.28,3.2,KL-MUV-01
2024-10-13,18.14,34.6,KL-MUV-01
2024-10-14,16.18,28.9,KL-MUV-01
2024-10-15,18.54,20.5,KL-MUV-01
2024-10-16,17.07,32.3,KL-MUV-01
2024-10-17,18.01,7.4,KL-MUV-01
2024-10-18,20.38,3.6,KL-MUV-01
2024-10-19,19.37,2.7,KL-MUV-01
2024-10-20,17.28,6.7,KL-MUV-01
2024-10-21,16.91,12.6,KL-MUV-01
2024-10-22,15.71,11.1,KL-MUV-01
2024-10-23,15.94,21.1,KL-MUV-01
2024-10-24,15.83,26.8,KL-MUV-01
2024-10-25,16.91,52.5,KL-MUV-01
2024-10-26,21.8,22.9,KL-MUV-01
2024-10-27,23.43,5.0,KL-MUV-01
2024-10-28,18.59,2.0,KL-MUV-01
2024-10-29,17.75,1.1,KL-MUV-01
2024-10-30,16.82,2.8,KL-MUV-01
2024-10-31,16.1,3.5,KL-MUV-01
2024-11-01,15.07,13.5,KL-MUV-01
2024-11-02,14.45,29.5,KL-MUV-01
2024-11-03,15.41,9.0,KL-MUV-01
2024-11-04,18.01,32.2,KL-MUV-01
2024-11-05,27.64,1.9,KL-MUV-01
2024-11-06,28.38,2.0,KL-MUV-01
2024-11-07,26.99,2.9,KL-MUV-01
2024-11-08,32.19,9.3,KL-MUV-01
2024-11-09,29.97,0.9,KL-MUV-01
2024-11-10,29.41,0.0,KL-MUV-01
2024-11-11,38.36,0.0,KL-MUV-01
2024-11-12,34.81,1.6,KL-MUV-01
2024-11-13,32.04,0.8,KL-MUV-01
2024-11-14,29.69,13.8,KL-MUV-01
2024-11-15,28.24,2.4,KL-MUV-01
2024-11-16,28.99,11.5,KL-MUV-01
2024-11-17,36.5,4.0,KL-MUV-01
2024-11-18,34.56,0.1,KL-MUV-01
2024-11-19,33.28,0.6,KL-MUV-01
2024-11-20,30.99,5.3,KL-MUV-01
2024-11-21,29.06,0.0,KL-MUV-01
2024-11-22,27.91,0.7,KL-MUV-01
2024-11-23,30.12,0.1,KL-MUV-01
2024-11-24,33.12,0.0,KL-MUV-01
2024-11-25,32.57,1.5,KL-MUV-01
2024-11-26,30.62,10.5,KL-MUV-01
2024-11-27,29.27,1.1,KL-MUV-01
2024-11-28,29.9,0.0,KL-MUV-01
2024-11-29,28.79,0.0,KL-MUV-01
2024-11-30,28.38,5.7,KL-MUV-01
2024-12-01,26.73,24.3,KL-MUV-01
2024-12-02,26.1,81.9,KL-MUV-01
2024-12-03,31.43,0.8,KL-MUV-01
2024-12-04,32.81,2.4,KL-MUV-01
2024-12-05,25.73,3.4,KL-MUV-01
2024-12-06,24.35,0.2,KL-MUV-01
2024-12-07,23.32,1.2,KL-MUV-01
2024-12-08,22.33,0.7,KL-MUV-01
2024-12-09,21.59,1.7,KL-MUV-01
2024-12-10,20.28,4.8,KL-MUV-01
2024-12-11,19.56,0.0,KL-MUV-01
2024-12-12,19.37,61.3,KL-MUV-01
2024-12-13,22.82,15.7,KL-MUV-01
2024-12-14,27.12,6.8,KL-MUV-01
2024-12-15,27.77,0.0,KL-MUV-01
2024-12-16,27.77,0.0,KL-MUV-01
2024-12-17,26.8,0.1,KL-MUV-01
2024-12-18,25.0,0.0,KL-MUV-01
2024-12-19,23.38,0.4,KL-MUV-01
2024-12-20,21.91,0.2,KL-MUV-01
2024-12-21,20.58,1.3,KL-MUV-01
2024-12-22,19.42,2.1,KL-MUV-01
2024-12-23,18.28,0.0,KL-MUV-01
2024-12-24,17.2,0.0,KL-MUV-01
2024-12-25,16.14,0.0,KL-MUV-01
2024-12-26,15.26,1.8,KL-MUV-01
2024-12-27,14.42,0.4,KL-MUV-01
2024-12-28,13.69,0.0,KL-MUV-01
2024-12-29,13.03,0.0,KL-MUV-01
2024-12-30,12.68,2.2,KL-MUV-01
2024-12-31,12.24,0.4,KL-MUV-01
2025-01-01,11.76,0.0,KL-MUV-01
2025-01-02,11.39,0.0,KL-MUV-01
2025-01-03,10.83,0.0,KL-MUV-01
2025-01-04,10.32,0.0,KL-MUV-01
2025-01-05,9.81,0.0,KL-MUV-01
2025-01-06,9.35,0.0,KL-MUV-01
2025-01-07,8.93,0.0,KL-MUV-01
2025-01-08,8.55,0.8,KL-MUV-01
2025-01-09,8.16,0.0,KL-MUV-01
2025-01-10,7.83,2.4,KL-MUV-01
2025-01-11,7.49,0.0,KL-MUV-01
2025-01-12,6.96,0.2,KL-MUV-01
2025-01-13,6.73,1.4,KL-MUV-01
2025-01-14,6.5,5.0,KL-MUV-01
2025-01-15,7.43,0.0,KL-MUV-01
2025-01-16,9.14,0.0,KL-MUV-01
2025-01-17,10.17,0.0,KL-MUV-01
2025-01-18,9.67,4.5,KL-MUV-01
2025-01-19,10.02,1.8,KL-MUV-01
2025-01-20,9.59,0.1,KL-MUV-01
2025-01-21,9.96,0.0,KL-MUV-01
2025-01-22,9.52,1.7,KL-MUV-01
2025-01-23,9.07,0.4,KL-MUV-01
2025-01-24,8.71,0.0,KL-MUV-01
2025-01-25,10.35,0.0,KL-MUV-01
2025-01-26,9.84,0.0,KL-MUV-01
2025-01-27,9.35,0.0,KL-MUV-01
2025-01-28,8.89,0.0,KL-MUV-01
2025-01-29,8.51,0.0,KL-MUV-01
2025-01-30,8.12,0.0,KL-MUV-01
2025-01-31,7.73,4.0,KL-MUV-01
2025-02-01,7.59,0.6,KL-MUV-01
2025-02-02,7.57,0.1,KL-MUV-01
2025-02-03,7.85,0.2,KL-MUV-01
2025-02-04,7.57,0.0,KL-MUV-01
2025-02-05,7.3,0.0,KL-MUV-01
2025-02-06,6.98,0.0,KL-MUV-01
2025-02-07,6.71,0.0,KL-MUV-01
2025-02-08,6.55,0.0,KL-MUV-01
2025-02-09,6.29,0.0,KL-MUV-01
2025-02-10,6.06,0.0,KL-MUV-01
2025-02-11,5.82,0.0,KL-MUV-01
2025-02-12,5.61,0.0,KL-MUV-01
2025-02-13,5.43,0.0,KL-MUV-01
2025-02-14,5.24,0.0,KL-MUV-01
2025-02-15,5.07,0.0,KL-MUV-01
2025-02-16,4.92,0.0,KL-MUV-01
2025-02-17,4.77,0.0,KL-MUV-01
2025-02-18,4.62,0.0,KL-MUV-01
2025-02-19,4.52,0.0,KL-MUV-01
2025-02-20,4.41,0.4,KL-MUV-01
2025-02-21,4.37,0.0,KL-MUV-01
2025-02-22,4.28,0.3,KL-MUV-01
2025-02-23,4.19,0.0,KL-MUV-01
2025-02-24,4.19,0.6,KL-MUV-01
2025-02-25,4.22,0.0,KL-MUV-01
2025-02-26,4.15,0.4,KL-MUV-01
2025-02-27,4.06,0.0,KL-MUV-01
2025-02-28,4.0,0.2,KL-MUV-01
2025-03-01,3.94,1.3,KL-MUV-01
2025-03-02,3.91,2.4,KL-MUV-01
2025-03-03,3.91,0.1,KL-MUV-01
2025-03-04,3.84,0.0,KL-MUV-01
2025-03-05,3.88,0.2,KL-MUV-01
2025-03-06,3.88,1.0,KL-MUV-01
2025-03-07,3.84,5.3,KL-MUV-01
2025-03-08,3.84,1.5,KL-MUV-01
2025-03-09,3.84,0.0,KL-MUV-01
2025-03-10,3.81,0.0,KL-MUV-01
2025-03-11,3.75,0.3,KL-MUV-01
2025-03-12,3.79,20.1,KL-MUV-01
2025-03-13,4.04,0.3,KL-MUV-01
2025-03-14,4.71,0.1,KL-MUV-01
2025-03-15,4.69,0.3,KL-MUV-01
2025-03-16,4.87,17.0,KL-MUV-01
2025-03-17,4.85,3.4,KL-MUV-01
2025-03-18,5.03,14.5,KL-MUV-01
2025-03-19,4.62,1.8,KL-MUV-01
2025-03-20,4.6,0.5,KL-MUV-01
2025-03-21,4.47,1.8,KL-MUV-01
2025-03-22,4.41,23.7,KL-MUV-01
2025-03-23,4.43,8.8,KL-MUV-01
2025-03-24,4.71,3.9,KL-MUV-01
2025-03-25,4.81,6.6,KL-MUV-01
2025-03-26,4.85,9.1,KL-MUV-01
2025-03-27,4.71,1.1,KL-MUV-01
2025-03-28,4.71,3.8,KL-MUV-01
2025-03-29,4.47,0.1,KL-MUV-01
2025-03-30,4.37,0.0,KL-MUV-01
2025-03-31,4.28,1.8,KL-MUV-01
2025-04-01,4.22,1.7,KL-MUV-01
2025-04-02,4.19,19.0,KL-MUV-01
2025-04-03,4.28,7.5,KL-MUV-01
2025-04-04,4.78,11.6,KL-MUV-01
2025-04-05,4.22,10.9,KL-MUV-01
2025-04-06,5.84,16.0,KL-MUV-01
2025-04-07,6.5,2.1,KL-MUV-01
2025-04-08,7.87,6.2,KL-MUV-01
2025-04-09,7.15,5.3,KL-MUV-01
2025-04-10,7.24,0.9,KL-MUV-01
2025-04-11,7.13,6.4,KL-MUV-01
2025-04-12,7.04,14.9,KL-MUV-01
2025-04-13,7.13,2.2,KL-MUV-01
2025-04-14,7.09,8.7,KL-MUV-01
2025-04-15,6.87,3.4,KL-MUV-01
2025-04-16,6.94,0.7,KL-MUV-01
2025-04-17,6.74,3.4,KL-MUV-01
2025-04-18,6.59,5.5,KL-MUV-01
2025-04-19,6.53,5.6,KL-MUV-01
2025-04-20,6.69,7.1,KL-MUV-01
2025-04-21,7.22,2.2,KL-MUV-01
2025-04-22,7.43,7.8,KL-MUV-01
2025-04-23,7.09,8.7,KL-MUV-01
2025-04-24,7.05,6.2,KL-MUV-01
2025-04-25,7.34,5.8,KL-MUV-01
2025-04-26,6.69,6.9,KL-MUV-01
2025-04-27,6.87,2.2,KL-MUV-01
2025-04-28,7.0,11.1,KL-MUV-01
2025-04-29,6.96,0.1,KL-MUV-01
2025-04-30,7.32,1.2,KL-MUV-01
2025-05-01,7.34,4.6,KL-MUV-01
2025-05-02,7.13,12.9,KL-MUV-01
2025-05-03,7.47,5.3,KL-MUV-01
2025-05-04,7.59,3.2,KL-MUV-01
2025-05-05,8.25,14.2,KL-MUV-01
2025-05-06,7.93,12.2,KL-MUV-01
2025-05-07,8.38,7.2,KL-MUV-01
2025-05-08,8.29,0.1,KL-MUV-01
2025-05-09,7.79,0.0,KL-MUV-01
2025-05-10,7.34,0.0,KL-MUV-01
2025-05-11,6.96,2.5,KL-MUV-01
2025-05-12,6.69,9.4,KL-MUV-01
2025-05-13,6.5,11.9,KL-MUV-01
2025-05-14,6.46,10.7,KL-MUV-01
2025-05-15,6.82,7.1,KL-MUV-01
2025-05-16,6.69,14.0,KL-MUV-01
2025-05-17,6.91,24.0,KL-MUV-01
2025-05-18,6.53,19.9,KL-MUV-01
2025-05-19,6.35,87.2,KL-MUV-01
2025-05-20,6.43,9.4,KL-MUV-01
2025-05-21,7.38,2.9,KL-MUV-01
2025-05-22,7.65,2.6,KL-MUV-01
2025-05-23,7.65,36.6,KL-MUV-01
2025-05-24,8.68,52.4,KL-MUV-01
2025-05-25,21.59,70.5,KL-MUV-01
2025-05-26,66.92,90.8,KL-MUV-01
2025-05-27,143.54,32.7,KL-MUV-01
2025-05-28,130.83,20.0,KL-MUV-01
2025-05-29,92.33,62.9,KL-MUV-01
2025-05-30,101.09,72.5,KL-MUV-01
2025-05-31,117.58,26.4,KL-MUV-01
2025-06-01,103.47,4.5,KL-MUV-01
2025-06-02,91.04,3.8,KL-MUV-01
2025-06-03,75.38,15.8,KL-MUV-01
2025-06-04,67.87,9.2,KL-MUV-01
2025-06-05,63.27,1.7,KL-MUV-01
2025-06-06,58.43,2.9,KL-MUV-01
2025-06-07,53.45,6.0,KL-MUV-01
2025-06-08,49.82,8.6,KL-MUV-01
2025-06-09,47.19,2.7,KL-MUV-01
2025-06-10,46.53,56.4,KL-MUV-01
2025-06-11,46.64,32.3,KL-MUV-01
2025-06-12,49.35,17.5,KL-MUV-01
2025-06-13,41.36,74.3,KL-MUV-01
2025-06-14,50.29,49.0,KL-MUV-01
2025-06-15,66.92,97.5,KL-MUV-01
2025-06-16,90.2,53.0,KL-MUV-01
2025-06-17,99.0,13.4,KL-MUV-01
2025-06-18,99.0,7.0,KL-MUV-01
2025-06-19,87.1,14.0,KL-MUV-01
2025-06-20,79.72,18.8,KL-MUV-01
2025-06-21,73.64,15.4,KL-MUV-01
2025-06-22,67.55,9.6,KL-MUV-01
2025-06-23,63.42,6.1,KL-MUV-01
2025-06-24,60.52,9.5,KL-MUV-01
2025-06-25,56.28,24.6,KL-MUV-01
2025-06-26,54.08,44.7,KL-MUV-01
2025-06-27,53.7,6.1,KL-MUV-01
2025-06-28,54.21,22.9,KL-MUV-01
2025-06-29,53.08,3.2,KL-MUV-01
2025-06-30,53.45,5.3,KL-MUV-01
2025-07-01,50.4,4.0,KL-MUV-01
2025-07-02,47.42,24.4,KL-MUV-01
2025-07-03,40.98,3.1,KL-MUV-01
2025-07-04,40.11,2.1,KL-MUV-01
2025-07-05,37.9,7.4,KL-MUV-01
2025-07-06,35.9,5.7,KL-MUV-01
2025-07-07,34.4,3.8,KL-MUV-01
2025-07-08,33.04,5.8,KL-MUV-01
2025-07-09,31.43,7.1,KL-MUV-01
2025-07-10,30.05,4.4,KL-MUV-01
2025-07-11,29.27,38.3,KL-MUV-01
2025-07-12,29.76,12.6,KL-MUV-01
2025-07-13,28.44,34.9,KL-MUV-01
2025-07-14,26.42,59.6,KL-MUV-01
2025-07-15,30.41,24.2,KL-MUV-01
2025-07-16,30.92,49.9,KL-MUV-01
2025-07-17,27.38,30.8,KL-MUV-01
2025-07-18,28.11,48.3,KL-MUV-01
2025-07-19,51.0,57.0,KL-MUV-01
2025-07-20,67.71,35.2,KL-MUV-01
2025-07-21,72.96,23.4,KL-MUV-01
2025-07-22,76.27,20.8,KL-MUV-01
2025-07-23,75.21,23.4,KL-MUV-01
2025-07-24,81.04,37.9,KL-MUV-01
2025-07-25,87.92,41.4,KL-MUV-01
2025-07-26,91.26,35.6,KL-MUV-01
2025-07-27,92.54,9.6,KL-MUV-01
2025-07-28,93.41,1.4,KL-MUV-01
2025-07-29,83.33,0.6,KL-MUV-01
2025-07-30,75.74,10.0,KL-MUV-01
2025-07-31,69.63,16.7,KL-MUV-01
2025-08-01,65.53,16.6,KL-MUV-01
2025-08-02,61.95,29.1,KL-MUV-01
2025-08-03,61.81,33.2,KL-MUV-01
2025-08-04,66.3,26.4,KL-MUV-01
2025-08-05,66.14,10.4,KL-MUV-01
2025-08-06,74.86,2.0,KL-MUV-01
2025-08-07,67.23,9.8,KL-MUV-01
2025-08-08,65.22,14.0,KL-MUV-01
2025-08-09,61.37,9.5,KL-MUV-01
2025-08-10,57.21,13.6,KL-MUV-01
2025-08-11,52.7,9.8,KL-MUV-01
2025-08-12,50.17,26.6,KL-MUV-01
2025-08-13,46.32,20.4,KL-MUV-01
2025-08-14,45.34,24.5,KL-MUV-01
2025-08-15,44.19,55.1,KL-MUV-01
2025-08-16,49.35,48.4,KL-MUV-01
2025-08-17,56.02,23.3,KL-MUV-01
2025-08-18,50.76,5.2,KL-MUV-01
2025-08-19,43.67,3.5,KL-MUV-01
2025-08-20,40.4,2.2,KL-MUV-01
2025-08-21,37.99,3.4,KL-MUV-01
2025-08-22,35.39,4.4,KL-MUV-01
2025-08-23,33.28,3.0,KL-MUV-01
2025-08-24,31.51,0.6,KL-MUV-01
2025-08-25,29.76,0.7,KL-MUV-01
2025-08-26,27.77,16.9,KL-MUV-01
2025-08-27,26.16,52.9,KL-MUV-01
2025-08-28,26.35,49.0,KL-MUV-01
2025-08-29,29.06,27.4,KL-MUV-01
2025-08-30,30.48,34.3,KL-MUV-01
2025-08-31,39.83,14.5,KL-MUV-01
2025-09-01,39.09,17.7,KL-MUV-01
2025-09-02,37.55,5.0,KL-MUV-01
2025-09-03,35.9,21.6,KL-MUV-01
2025-09-04,33.51,14.1,KL-MUV-01
2025-09-05,33.2,17.1,KL-MUV-01
2025-09-06,30.41,3.8,KL-MUV-01
2025-09-07,29.27,3.3,KL-MUV-01
2025-09-08,27.05,1.1,KL-MUV-01
2025-09-09,25.3,16.3,KL-MUV-01
2025-09-10,23.83,9.1,KL-MUV-01
2025-09-11,24.0,2.7,KL-MUV-01
2025-09-12,22.44,1.0,KL-MUV-01
2025-09-13,20.53,3.0,KL-MUV-01
2025-09-14,19.04,2.7,KL-MUV-01
2025-09-15,18.19,14.6,KL-MUV-01
2025-09-16,17.28,19.7,KL-MUV-01
2025-09-17,16.58,32.1,KL-MUV-01
2025-09-18,16.38,19.3,KL-MUV-01
2025-09-19,17.32,6.1,KL-MUV-01
2025-09-20,16.91,2.4,KL-MUV-01
2025-09-21,16.58,16.6,KL-MUV-01
2025-09-22,15.48,4.9,KL-MUV-01
2025-09-23,16.14,35.3,KL-MUV-01
2025-09-24,14.92,14.7,KL-MUV-01
2025-09-25,14.78,32.9,KL-MUV-01
2025-09-26,14.89,18.7,KL-MUV-01
2025-09-27,15.03,13.5,KL-MUV-01
2025-09-28,15.56,10.9,KL-MUV-01
2025-09-29,14.6,5.5,KL-MUV-01
2025-09-30,15.14,3.7,KL-MUV-01
