date,river_discharge_m3s,precipitation_sum_mm,station_id
1997-01-01,1.26,0.0,KL-PER-01
1997-01-02,1.19,0.0,KL-PER-01
1997-01-03,1.12,0.0,KL-PER-01
1997-01-04,1.08,0.0,KL-PER-01
1997-01-05,1.01,0.0,KL-PER-01
1997-01-06,0.97,0.0,KL-PER-01
1997-01-07,0.92,0.0,KL-PER-01
1997-01-08,0.87,0.0,KL-PER-01
1997-01-09,0.85,0.0,KL-PER-01
1997-01-10,0.8,0.0,KL-PER-01
1997-01-11,0.75,0.0,KL-PER-01
1997-01-12,0.72,0.0,KL-PER-01
1997-01-13,0.69,3.6,KL-PER-01
1997-01-14,0.67,1.8,KL-PER-01
1997-01-15,0.64,0.9,KL-PER-01
1997-01-16,0.63,0.0,KL-PER-01
1997-01-17,0.61,0.0,KL-PER-01
1997-01-18,0.59,0.0,KL-PER-01
1997-01-19,0.56,0.0,KL-PER-01
1997-01-20,0.55,0.0,KL-PER-01
1997-01-21,0.53,0.0,KL-PER-01
1997-01-22,0.52,0.0,KL-PER-01
1997-01-23,0.5,0.2,KL-PER-01
1997-01-24,0.49,0.0,KL-PER-01
1997-01-25,0.47,0.0,KL-PER-01
1997-01-26,0.45,0.0,KL-PER-01
1997-01-27,0.44,0.0,KL-PER-01
1997-01-28,0.44,0.0,KL-PER-01
1997-01-29,0.44,0.1,KL-PER-01
1997-01-30,0.42,0.0,KL-PER-01
1997-01-31,0.41,0.0,KL-PER-01
1997-02-01,0.41,0.2,KL-PER-01
1997-02-02,0.41,0.0,KL-PER-01
1997-02-03,0.37,0.0,KL-PER-01
1997-02-04,0.37,0.0,KL-PER-01
1997-02-05,0.37,0.0,KL-PER-01
1997-02-06,0.37,0.0,KL-PER-01
1997-02-07,0.34,0.0,KL-PER-01
1997-02-08,0.34,0.2,KL-PER-01
1997-02-09,0.34,0.0,KL-PER-01
1997-02-10,0.34,0.0,KL-PER-01
1997-02-11,0.34,0.0,KL-PER-01
1997-02-12,0.34,0.0,KL-PER-01
1997-02-13,0.31,0.4,KL-PER-01
1997-02-14,0.31,0.0,KL-PER-01
1997-02-15,0.31,0.0,KL-PER-01
1997-02-16,0.31,0.0,KL-PER-01
1997-02-17,0.31,0.0,KL-PER-01
1997-02-18,0.31,0.0,KL-PER-01
1997-02-19,0.31,0.0,KL-PER-01
1997-02-20,0.31,0.0,KL-PER-01
1997-02-21,0.31,0.0,KL-PER-01
1997-02-22,0.31,1.7,KL-PER-01
1997-02-23,0.31,7.6,KL-PER-01
1997-02-24,0.34,0.0,KL-PER-01
1997-02-25,0.31,0.2,KL-PER-01
1997-02-26,0.31,0.0,KL-PER-01
1997-02-27,0.31,0.0,KL-PER-01
1997-02-28,0.31,0.0,KL-PER-01
1997-03-01,0.31,0.0,KL-PER-01
1997-03-02,0.31,0.5,KL-PER-01
1997-03-03,0.31,0.0,KL-PER-01
1997-03-04,0.31,0.0,KL-PER-01
1997-03-05,0.31,0.0,KL-PER-01
1997-03-06,0.31,0.0,KL-PER-01
1997-03-07,0.31,0.0,KL-PER-01
1997-03-08,0.31,0.0,KL-PER-01
1997-03-09,0.31,0.0,KL-PER-01
1997-03-10,0.31,0.0,KL-PER-01
1997-03-11,0.31,0.0,KL-PER-01
1997-03-12,0.31,0.1,KL-PER-01
1997-03-13,0.31,0.5,KL-PER-01
1997-03-14,0.31,0.0,KL-PER-01
1997-03-15,0.31,0.2,KL-PER-01
1997-03-16,0.31,0.2,KL-PER-01
1997-03-17,0.31,2.0,KL-PER-01
1997-03-18,0.31,0.0,KL-PER-01
1997-03-19,0.31,0.0,KL-PER-01
1997-03-20,0.31,2.0,KL-PER-01
1997-03-21,0.31,16.2,KL-PER-01
1997-03-22,0.34,5.7,KL-PER-01
1997-03-23,0.34,1.0,KL-PER-01
1997-03-24,0.34,14.1,KL-PER-01
1997-03-25,0.34,1.5,KL-PER-01
1997-03-26,0.34,1.9,KL-PER-01
1997-03-27,0.31,0.0,KL-PER-01
1997-03-28,0.31,0.0,KL-PER-01
1997-03-29,0.31,2.1,KL-PER-01
1997-03-30,0.34,5.5,KL-PER-01
1997-03-31,0.34,3.9,KL-PER-01
1997-04-01,0.34,7.0,KL-PER-01
1997-04-02,0.34,1.9,KL-PER-01
1997-04-03,0.34,0.8,KL-PER-01
1997-04-04,0.34,3.1,KL-PER-01
1997-04-05,0.34,3.7,KL-PER-01
1997-04-06,0.34,5.1,KL-PER-01
1997-04-07,0.34,2.3,KL-PER-01
1997-04-08,0.34,2.8,KL-PER-01
1997-04-09,0.34,3.8,KL-PER-01
1997-04-10,0.34,0.1,KL-PER-01
1997-04-11,0.34,0.8,KL-PER-01
1997-04-12,0.34,0.0,KL-PER-01
1997-04-13,0.34,0.0,KL-PER-01
1997-04-14,0.34,0.5,KL-PER-01
1997-04-15,0.31,0.0,KL-PER-01
1997-04-16,0.31,2.5,KL-PER-01
1997-04-17,0.34,2.9,KL-PER-01
1997-04-18,0.34,0.6,KL-PER-01
1997-04-19,0.34,0.4,KL-PER-01
1997-04-20,0.34,5.8,KL-PER-01
1997-04-21,0.34,2.0,KL-PER-01
1997-04-22,0.34,3.5,KL-PER-01
1997-04-23,0.34,0.3,KL-PER-01
1997-04-24,0.34,0.0,KL-PER-01
1997-04-25,0.34,0.1,KL-PER-01
1997-04-26,0.34,6.8,KL-PER-01
1997-04-27,0.37,4.0,KL-PER-01
1997-04-28,0.37,3.2,KL-PER-01
1997-04-29,0.37,17.5,KL-PER-01
1997-04-30,0.37,9.1,KL-PER-01
1997-05-01,0.41,12.4,KL-PER-01
1997-05-02,0.44,11.2,KL-PER-01
1997-05-03,0.47,23.3,KL-PER-01
1997-05-04,0.53,3.3,KL-PER-01
1997-05-05,0.53,2.4,KL-PER-01
1997-05-06,0.53,3.9,KL-PER-01
1997-05-07,0.53,11.1,KL-PER-01
1997-05-08,0.59,39.0,KL-PER-01
1997-05-09,0.75,2.8,KL-PER-01
1997-05-10,0.75,2.4,KL-PER-01
1997-05-11,0.75,2.9,KL-PER-01
1997-05-12,0.78,4.5,KL-PER-01
1997-05-13,0.78,14.4,KL-PER-01
1997-05-14,0.78,2.5,KL-PER-01
1997-05-15,0.78,5.5,KL-PER-01
1997-05-16,0.78,2.3,KL-PER-01
1997-05-17,0.78,3.8,KL-PER-01
1997-05-18,0.81,3.2,KL-PER-01
1997-05-19,0.78,1.9,KL-PER-01
1997-05-20,0.78,0.0,KL-PER-01
1997-05-21,0.72,0.0,KL-PER-01
1997-05-22,0.69,0.0,KL-PER-01
1997-05-23,0.66,0.0,KL-PER-01
1997-05-24,0.63,17.0,KL-PER-01
1997-05-25,0.69,19.9,KL-PER-01
1997-05-26,0.78,11.9,KL-PER-01
1997-05-27,0.85,10.3,KL-PER-01
1997-05-28,0.91,2.1,KL-PER-01
1997-05-29,0.87,0.4,KL-PER-01
1997-05-30,0.85,0.2,KL-PER-01
1997-05-31,0.81,6.4,KL-PER-01
1997-06-01,0.85,18.7,KL-PER-01
1997-06-02,0.87,0.5,KL-PER-01
1997-06-03,0.87,9.8,KL-PER-01
1997-06-04,0.94,13.0,KL-PER-01
1997-06-05,1.0,12.4,KL-PER-01
1997-06-06,1.06,6.6,KL-PER-01
1997-06-07,1.03,10.5,KL-PER-01
1997-06-08,1.09,19.1,KL-PER-01
1997-06-09,1.19,1.0,KL-PER-01
1997-06-10,1.12,1.9,KL-PER-01
1997-06-11,1.09,11.5,KL-PER-01
1997-06-12,1.12,14.8,KL-PER-01
1997-06-13,1.19,33.7,KL-PER-01
1997-06-14,1.38,8.2,KL-PER-01
1997-06-15,1.38,7.7,KL-PER-01
1997-06-16,1.34,0.0,KL-PER-01
1997-06-17,1.28,8.2,KL-PER-01
1997-06-18,1.26,10.6,KL-PER-01
1997-06-19,1.25,8.3,KL-PER-01
1997-06-20,1.23,3.4,KL-PER-01
1997-06-21,1.2,7.9,KL-PER-01
1997-06-22,1.19,10.7,KL-PER-01
1997-06-23,1.2,10.7,KL-PER-01
1997-06-24,1.25,27.9,KL-PER-01
1997-06-25,1.47,26.5,KL-PER-01
1997-06-26,1.64,29.1,KL-PER-01
1997-06-27,1.94,19.9,KL-PER-01
1997-06-28,2.21,25.7,KL-PER-01
1997-06-29,3.19,57.1,KL-PER-01
1997-06-30,6.11,92.3,KL-PER-01
1997-07-01,6.33,25.3,KL-PER-01
1997-07-02,5.75,24.0,KL-PER-01
1997-07-03,5.41,28.4,KL-PER-01
1997-07-04,5.21,22.1,KL-PER-01
1997-07-05,5.07,24.5,KL-PER-01
1997-07-06,5.01,24.3,KL-PER-01
1997-07-07,4.94,19.2,KL-PER-01
1997-07-08,4.81,5.1,KL-PER-01
1997-07-09,4.64,30.1,KL-PER-01
1997-07-10,4.75,23.8,KL-PER-01
1997-07-11,4.77,13.1,KL-PER-01
1997-07-12,4.66,5.2,KL-PER-01
1997-07-13,4.42,18.2,KL-PER-01
1997-07-14,4.31,8.2,KL-PER-01
1997-07-15,4.2,9.1,KL-PER-01
1997-07-16,4.09,7.0,KL-PER-01
1997-07-17,3.97,17.0,KL-PER-01
1997-07-18,3.95,24.3,KL-PER-01
1997-07-19,3.95,5.2,KL-PER-01
1997-07-20,3.81,11.0,KL-PER-01
1997-07-21,3.75,15.2,KL-PER-01
1997-07-22,3.81,16.1,KL-PER-01
1997-07-23,4.01,19.5,KL-PER-01
1997-07-24,6.21,84.6,KL-PER-01
1997-07-25,7.2,35.4,KL-PER-01
1997-07-26,6.83,21.0,KL-PER-01
1997-07-27,6.41,29.4,KL-PER-01
1997-07-28,6.08,12.5,KL-PER-01
1997-07-29,5.68,7.9,KL-PER-01
1997-07-30,5.4,12.9,KL-PER-01
1997-07-31,5.22,25.9,KL-PER-01
1997-08-01,5.65,48.2,KL-PER-01
1997-08-02,5.82,18.9,KL-PER-01
1997-08-03,5.62,17.8,KL-PER-01
1997-08-04,5.43,3.0,KL-PER-01
1997-08-05,5.11,5.2,KL-PER-01
1997-08-06,4.85,24.1,KL-PER-01
1997-08-07,4.97,25.6,KL-PER-01
1997-08-08,5.08,22.5,KL-PER-01
1997-08-09,5.01,17.7,KL-PER-01
1997-08-10,5.24,46.2,KL-PER-01
1997-08-11,5.44,30.4,KL-PER-01
1997-08-12,5.34,20.0,KL-PER-01
1997-08-13,5.14,2.8,KL-PER-01
1997-08-14,4.79,0.8,KL-PER-01
1997-08-15,4.48,1.0,KL-PER-01
1997-08-16,4.22,4.2,KL-PER-01
1997-08-17,4.01,16.5,KL-PER-01
1997-08-18,3.92,13.9,KL-PER-01
1997-08-19,3.8,7.9,KL-PER-01
1997-08-20,3.67,12.1,KL-PER-01
1997-08-21,4.28,53.6,KL-PER-01
1997-08-22,4.56,19.1,KL-PER-01
1997-08-23,4.43,14.5,KL-PER-01
1997-08-24,4.25,0.4,KL-PER-01
1997-08-25,3.95,6.1,KL-PER-01
1997-08-26,3.75,12.3,KL-PER-01
1997-08-27,3.73,24.2,KL-PER-01
1997-08-28,3.84,18.3,KL-PER-01
1997-08-29,3.97,18.0,KL-PER-01
1997-08-30,4.01,1.5,KL-PER-01
1997-08-31,3.79,1.1,KL-PER-01
1997-09-01,3.56,1.7,KL-PER-01
1997-09-02,3.36,1.6,KL-PER-01
1997-09-03,3.18,1.2,KL-PER-01
1997-09-04,3.01,1.5,KL-PER-01
1997-09-05,2.85,7.4,KL-PER-01
1997-09-06,2.76,8.6,KL-PER-01
1997-09-07,2.67,4.7,KL-PER-01
1997-09-08,2.58,7.6,KL-PER-01
1997-09-09,2.5,7.2,KL-PER-01
1997-09-10,2.45,3.2,KL-PER-01
1997-09-11,2.37,7.8,KL-PER-01
1997-09-12,2.32,9.4,KL-PER-01
1997-09-13,2.27,6.9,KL-PER-01
1997-09-14,2.22,6.4,KL-PER-01
1997-09-15,2.18,17.3,KL-PER-01
1997-09-16,2.21,7.7,KL-PER-01
1997-09-17,2.14,3.8,KL-PER-01
1997-09-18,2.07,19.5,KL-PER-01
1997-09-19,2.12,7.3,KL-PER-01
1997-09-20,2.08,11.3,KL-PER-01
1997-09-21,2.05,14.5,KL-PER-01
1997-09-22,2.07,24.0,KL-PER-01
1997-09-23,2.17,24.3,KL-PER-01
1997-09-24,2.24,8.0,KL-PER-01
1997-09-25,2.18,8.5,KL-PER-01
1997-09-26,2.13,1.4,KL-PER-01
1997-09-27,2.03,2.5,KL-PER-01
1997-09-28,1.94,2.2,KL-PER-01
1997-09-29,1.85,0.4,KL-PER-01
1997-09-30,1.75,3.8,KL-PER-01
1997-10-01,1.68,4.2,KL-PER-01
1997-10-02,1.6,0.9,KL-PER-01
1997-10-03,1.52,6.8,KL-PER-01
1997-10-04,1.49,8.4,KL-PER-01
1997-10-05,1.59,4.5,KL-PER-01
1997-10-06,1.57,14.2,KL-PER-01
1997-10-07,1.64,9.7,KL-PER-01
1997-10-08,1.7,20.3,KL-PER-01
1997-10-09,1.81,7.5,KL-PER-01
1997-10-10,1.84,0.4,KL-PER-01
1997-10-11,1.78,18.1,KL-PER-01
1997-10-12,1.86,19.9,KL-PER-01
1997-10-13,1.94,22.9,KL-PER-01
1997-10-14,2.08,22.5,KL-PER-01
1997-10-15,2.2,3.6,KL-PER-01
1997-10-16,2.17,24.3,KL-PER-01
1997-10-17,2.31,4.2,KL-PER-01
1997-10-18,2.27,9.2,KL-PER-01
1997-10-19,2.31,4.8,KL-PER-01
1997-10-20,2.31,7.1,KL-PER-01
1997-10-21,2.54,32.9,KL-PER-01
1997-10-22,2.84,20.0,KL-PER-01
1997-10-23,2.84,9.6,KL-PER-01
1997-10-24,2.78,0.6,KL-PER-01
1997-10-25,2.62,13.3,KL-PER-01
1997-10-26,2.71,12.4,KL-PER-01
1997-10-27,2.85,11.6,KL-PER-01
1997-10-28,2.82,7.9,KL-PER-01
1997-10-29,2.77,7.9,KL-PER-01
1997-10-30,2.82,14.0,KL-PER-01
1997-10-31,2.9,7.5,KL-PER-01
1997-11-01,3.12,15.3,KL-PER-01
1997-11-02,3.44,14.2,KL-PER-01
1997-11-03,4.16,54.0,KL-PER-01
1997-11-04,4.69,18.2,KL-PER-01
1997-11-05,4.66,10.9,KL-PER-01
1997-11-06,4.53,1.7,KL-PER-01
1997-11-07,4.57,2.1,KL-PER-01
1997-11-08,4.85,24.4,KL-PER-01
1997-11-09,4.93,17.1,KL-PER-01
1997-11-10,4.86,6.3,KL-PER-01
1997-11-11,4.68,7.0,KL-PER-01
1997-11-12,4.45,3.6,KL-PER-01
1997-11-13,4.2,0.6,KL-PER-01
1997-11-14,3.94,0.0,KL-PER-01
1997-11-15,3.7,0.1,KL-PER-01
1997-11-16,3.51,3.8,KL-PER-01
1997-11-17,3.35,3.8,KL-PER-01
1997-11-18,3.2,5.6,KL-PER-01
1997-11-19,3.04,6.2,KL-PER-01
1997-11-20,2.91,7.0,KL-PER-01
1997-11-21,2.79,7.6,KL-PER-01
1997-11-22,2.69,1.0,KL-PER-01
1997-11-23,2.6,18.7,KL-PER-01
1997-11-24,2.63,2.9,KL-PER-01
1997-11-25,2.57,1.9,KL-PER-01
1997-11-26,2.45,0.3,KL-PER-01
1997-11-27,2.33,12.6,KL-PER-01
1997-11-28,2.3,10.9,KL-PER-01
1997-11-29,2.28,14.3,KL-PER-01
1997-11-30,2.25,0.2,KL-PER-01
1997-12-01,2.13,0.0,KL-PER-01
1997-12-02,2.01,0.0,KL-PER-01
1997-12-03,1.9,2.0,KL-PER-01
1997-12-04,1.85,3.4,KL-PER-01
1997-12-05,1.86,14.0,KL-PER-01
1997-12-06,2.03,16.8,KL-PER-01
1997-12-07,2.18,7.8,KL-PER-01
1997-12-08,2.17,7.6,KL-PER-01
1997-12-09,2.15,12.7,KL-PER-01
1997-12-10,2.12,2.8,KL-PER-01
1997-12-11,2.03,0.1,KL-PER-01
1997-12-12,1.92,0.7,KL-PER-01
1997-12-13,1.84,1.0,KL-PER-01
1997-12-14,1.76,0.0,KL-PER-01
1997-12-15,1.67,0.7,KL-PER-01
1997-12-16,1.59,0.6,KL-PER-01
1997-12-17,1.52,0.3,KL-PER-01
1997-12-18,1.46,9.3,KL-PER-01
1997-12-19,1.47,4.5,KL-PER-01
1997-12-20,1.5,14.8,KL-PER-01
1997-12-21,1.62,5.6,KL-PER-01
1997-12-22,1.62,0.1,KL-PER-01
1997-12-23,1.55,2.9,KL-PER-01
1997-12-24,1.48,0.0,KL-PER-01
1997-12-25,1.4,0.0,KL-PER-01
1997-12-26,1.33,0.0,KL-PER-01
1997-12-27,1.26,0.0,KL-PER-01
1997-12-28,1.19,0.0,KL-PER-01
1997-12-29,1.12,0.0,KL-PER-01
1997-12-30,1.08,0.0,KL-PER-01
1997-12-31,1.03,0.0,KL-PER-01
1998-01-01,0.99,0.1,KL-PER-01
1998-01-02,0.99,0.0,KL-PER-01
1998-01-03,0.95,0.0,KL-PER-01
1998-01-04,0.92,0.0,KL-PER-01
1998-01-05,0.87,0.0,KL-PER-01
1998-01-06,0.83,0.0,KL-PER-01
1998-01-07,0.8,0.0,KL-PER-01
1998-01-08,0.75,0.0,KL-PER-01
1998-01-09,0.72,0.0,KL-PER-01
1998-01-10,0.69,0.0,KL-PER-01
1998-01-11,0.66,0.0,KL-PER-01
1998-01-12,0.63,0.0,KL-PER-01
1998-01-13,0.59,0.0,KL-PER-01
1998-01-14,0.58,0.0,KL-PER-01
1998-01-15,0.55,0.0,KL-PER-01
1998-01-16,0.53,0.0,KL-PER-01
1998-01-17,0.52,0.0,KL-PER-01
1998-01-18,0.5,0.2,KL-PER-01
1998-01-19,0.49,2.7,KL-PER-01
1998-01-20,0.49,0.5,KL-PER-01
1998-01-21,0.47,0.0,KL-PER-01
1998-01-22,0.45,1.2,KL-PER-01
1998-01-23,0.45,0.4,KL-PER-01
1998-01-24,0.44,1.8,KL-PER-01
1998-01-25,0.44,0.3,KL-PER-01
1998-01-26,0.42,0.0,KL-PER-01
1998-01-27,0.41,0.0,KL-PER-01
1998-01-28,0.41,0.0,KL-PER-01
1998-01-29,0.39,0.0,KL-PER-01
1998-01-30,0.37,0.0,KL-PER-01
1998-01-31,0.37,0.0,KL-PER-01
1998-02-01,0.37,0.0,KL-PER-01
1998-02-02,0.36,0.0,KL-PER-01
1998-02-03,0.36,0.0,KL-PER-01
1998-02-04,0.34,0.0,KL-PER-01
1998-02-05,0.34,0.0,KL-PER-01
1998-02-06,0.33,0.0,KL-PER-01
1998-02-07,0.33,0.0,KL-PER-01
1998-02-08,0.33,0.0,KL-PER-01
1998-02-09,0.33,0.0,KL-PER-01
1998-02-10,0.33,0.0,KL-PER-01
1998-02-11,0.33,0.0,KL-PER-01
1998-02-12,0.33,0.0,KL-PER-01
1998-02-13,0.33,0.0,KL-PER-01
1998-02-14,0.33,0.0,KL-PER-01
1998-02-15,0.33,0.0,KL-PER-01
1998-02-16,0.33,0.0,KL-PER-01
1998-02-17,0.33,0.4,KL-PER-01
1998-02-18,0.33,0.2,KL-PER-01
1998-02-19,0.33,0.0,KL-PER-01
1998-02-20,0.33,0.0,KL-PER-01
1998-02-21,0.33,0.0,KL-PER-01
1998-02-22,0.33,0.0,KL-PER-01
1998-02-23,0.33,0.0,KL-PER-01
1998-02-24,0.33,0.9,KL-PER-01
1998-02-25,0.33,0.3,KL-PER-01
1998-02-26,0.33,0.1,KL-PER-01
1998-02-27,0.33,0.0,KL-PER-01
1998-02-28,0.33,0.0,KL-PER-01
1998-03-01,0.33,0.1,KL-PER-01
1998-03-02,0.33,0.0,KL-PER-01
1998-03-03,0.33,0.7,KL-PER-01
1998-03-04,0.33,0.0,KL-PER-01
1998-03-05,0.33,0.2,KL-PER-01
1998-03-06,0.33,0.9,KL-PER-01
1998-03-07,0.33,0.0,KL-PER-01
1998-03-08,0.33,0.0,KL-PER-01
1998-03-09,0.31,0.0,KL-PER-01
1998-03-10,0.31,0.0,KL-PER-01
1998-03-11,0.31,0.6,KL-PER-01
1998-03-12,0.31,0.2,KL-PER-01
1998-03-13,0.31,0.0,KL-PER-01
1998-03-14,0.31,0.0,KL-PER-01
1998-03-15,0.31,0.0,KL-PER-01
1998-03-16,0.31,0.0,KL-PER-01
1998-03-17,0.31,0.0,KL-PER-01
1998-03-18,0.31,0.0,KL-PER-01
1998-03-19,0.31,0.0,KL-PER-01
1998-03-20,0.31,0.0,KL-PER-01
1998-03-21,0.31,0.0,KL-PER-01
1998-03-22,0.31,0.0,KL-PER-01
1998-03-23,0.31,0.3,KL-PER-01
1998-03-24,0.31,0.0,KL-PER-01
1998-03-25,0.31,0.0,KL-PER-01
1998-03-26,0.31,0.4,KL-PER-01
1998-03-27,0.31,2.3,KL-PER-01
1998-03-28,0.31,0.0,KL-PER-01
1998-03-29,0.31,0.6,KL-PER-01
1998-03-30,0.31,0.9,KL-PER-01
1998-03-31,0.31,2.9,KL-PER-01
1998-04-01,0.31,10.6,KL-PER-01
1998-04-02,0.34,11.0,KL-PER-01
1998-04-03,0.34,2.1,KL-PER-01
1998-04-04,0.31,0.0,KL-PER-01
1998-04-05,0.31,0.0,KL-PER-01
1998-04-06,0.31,0.0,KL-PER-01
1998-04-07,0.31,2.1,KL-PER-01
1998-04-08,0.31,1.8,KL-PER-01
1998-04-09,0.31,1.0,KL-PER-01
1998-04-10,0.31,1.3,KL-PER-01
1998-04-11,0.31,1.8,KL-PER-01
1998-04-12,0.31,0.5,KL-PER-01
1998-04-13,0.31,1.4,KL-PER-01
1998-04-14,0.31,1.7,KL-PER-01
1998-04-15,0.31,2.2,KL-PER-01
1998-04-16,0.31,1.9,KL-PER-01
1998-04-17,0.34,8.5,KL-PER-01
1998-04-18,0.31,0.0,KL-PER-01
1998-04-19,0.31,3.6,KL-PER-01
1998-04-20,0.34,0.2,KL-PER-01
1998-04-21,0.34,1.3,KL-PER-01
1998-04-22,0.34,3.3,KL-PER-01
1998-04-23,0.34,6.6,KL-PER-01
1998-04-24,0.34,2.5,KL-PER-01
1998-04-25,0.34,0.0,KL-PER-01
1998-04-26,0.34,5.3,KL-PER-01
1998-04-27,0.34,2.9,KL-PER-01
1998-04-28,0.37,13.9,KL-PER-01
1998-04-29,0.37,6.2,KL-PER-01
1998-04-30,0.37,5.8,KL-PER-01
1998-05-01,0.37,15.8,KL-PER-01
1998-05-02,0.37,3.9,KL-PER-01
1998-05-03,0.37,2.7,KL-PER-01
1998-05-04,0.34,3.4,KL-PER-01
1998-05-05,0.34,1.9,KL-PER-01
1998-05-06,0.34,10.2,KL-PER-01
1998-05-07,0.34,2.6,KL-PER-01
1998-05-08,0.34,6.1,KL-PER-01
1998-05-09,0.34,9.5,KL-PER-01
1998-05-10,0.34,6.2,KL-PER-01
1998-05-11,0.34,30.8,KL-PER-01
1998-05-12,0.37,11.6,KL-PER-01
1998-05-13,0.41,4.2,KL-PER-01
1998-05-14,0.44,39.8,KL-PER-01
1998-05-15,20.23,144.4,KL-PER-01
1998-05-16,10.72,22.4,KL-PER-01
1998-05-17,6.5,7.7,KL-PER-01
1998-05-18,4.41,11.1,KL-PER-01
1998-05-19,3.38,14.4,KL-PER-01
1998-05-20,2.81,7.5,KL-PER-01
1998-05-21,2.44,1.6,KL-PER-01
1998-05-22,2.16,0.3,KL-PER-01
1998-05-23,1.9,3.2,KL-PER-01
1998-05-24,1.75,2.7,KL-PER-01
1998-05-25,1.62,12.0,KL-PER-01
1998-05-26,1.56,14.0,KL-PER-01
1998-05-27,1.56,14.9,KL-PER-01
1998-05-28,1.59,11.2,KL-PER-01
1998-05-29,1.59,11.0,KL-PER-01
1998-05-30,1.59,3.1,KL-PER-01
1998-05-31,1.53,1.3,KL-PER-01
1998-06-01,1.47,18.5,KL-PER-01
1998-06-02,1.56,9.7,KL-PER-01
1998-06-03,1.56,8.4,KL-PER-01
1998-06-04,1.53,3.0,KL-PER-01
1998-06-05,1.47,4.2,KL-PER-01
1998-06-06,1.44,6.5,KL-PER-01
1998-06-07,1.4,6.1,KL-PER-01
1998-06-08,1.38,2.4,KL-PER-01
1998-06-09,1.33,10.2,KL-PER-01
1998-06-10,1.33,15.6,KL-PER-01
1998-06-11,1.39,10.0,KL-PER-01
1998-06-12,1.4,17.5,KL-PER-01
1998-06-13,1.45,14.5,KL-PER-01
1998-06-14,1.5,13.0,KL-PER-01
1998-06-15,1.56,18.6,KL-PER-01
1998-06-16,1.78,46.1,KL-PER-01
1998-06-17,2.09,32.7,KL-PER-01
1998-06-18,2.28,20.8,KL-PER-01
1998-06-19,2.36,13.5,KL-PER-01
1998-06-20,2.36,6.1,KL-PER-01
1998-06-21,2.31,13.0,KL-PER-01
1998-06-22,2.36,10.3,KL-PER-01
1998-06-23,2.45,20.0,KL-PER-01
1998-06-24,2.6,19.3,KL-PER-01
1998-06-25,3.36,53.7,KL-PER-01
1998-06-26,4.52,36.6,KL-PER-01
1998-06-27,6.26,52.0,KL-PER-01
1998-06-28,7.93,65.5,KL-PER-01
1998-06-29,8.73,45.7,KL-PER-01
1998-06-30,8.79,37.7,KL-PER-01
1998-07-01,8.77,42.7,KL-PER-01
1998-07-02,8.53,24.5,KL-PER-01
1998-07-03,8.79,45.0,KL-PER-01
1998-07-04,8.53,29.6,KL-PER-01
1998-07-05,7.97,2.2,KL-PER-01
1998-07-06,7.28,1.9,KL-PER-01
1998-07-07,6.73,3.4,KL-PER-01
1998-07-08,6.24,4.7,KL-PER-01
1998-07-09,5.85,17.7,KL-PER-01
1998-07-10,5.61,15.8,KL-PER-01
1998-07-11,5.43,10.9,KL-PER-01
1998-07-12,5.22,20.5,KL-PER-01
1998-07-13,5.12,20.4,KL-PER-01
1998-07-14,5.24,34.8,KL-PER-01
1998-07-15,5.32,8.9,KL-PER-01
1998-07-16,5.1,11.6,KL-PER-01
1998-07-17,5.01,9.4,KL-PER-01
1998-07-18,5.19,20.5,KL-PER-01
1998-07-19,5.46,25.6,KL-PER-01
1998-07-20,5.44,6.0,KL-PER-01
1998-07-21,5.17,8.0,KL-PER-01
1998-07-22,4.92,6.8,KL-PER-01
1998-07-23,4.68,25.5,KL-PER-01
1998-07-24,4.69,18.7,KL-PER-01
1998-07-25,4.81,21.5,KL-PER-01
1998-07-26,4.87,35.9,KL-PER-01
1998-07-27,4.87,17.4,KL-PER-01
1998-07-28,4.83,14.1,KL-PER-01
1998-07-29,4.83,11.5,KL-PER-01
1998-07-30,4.77,9.2,KL-PER-01
1998-07-31,4.66,6.2,KL-PER-01
1998-08-01,4.46,12.6,KL-PER-01
1998-08-02,4.36,17.2,KL-PER-01
1998-08-03,4.42,20.1,KL-PER-01
1998-08-04,4.56,17.0,KL-PER-01
1998-08-05,4.48,19.1,KL-PER-01
1998-08-06,4.47,19.4,KL-PER-01
1998-08-07,4.4,22.4,KL-PER-01
1998-08-08,4.37,10.7,KL-PER-01
1998-08-09,4.28,12.4,KL-PER-01
1998-08-10,4.25,29.0,KL-PER-01
1998-08-11,4.33,21.4,KL-PER-01
1998-08-12,4.3,4.1,KL-PER-01
1998-08-13,4.08,5.5,KL-PER-01
1998-08-14,3.91,0.5,KL-PER-01
1998-08-15,3.69,8.3,KL-PER-01
1998-08-16,3.62,6.3,KL-PER-01
1998-08-17,3.5,2.1,KL-PER-01
1998-08-18,3.32,12.9,KL-PER-01
1998-08-19,3.29,12.5,KL-PER-01
1998-08-20,3.25,29.2,KL-PER-01
1998-08-21,3.36,23.8,KL-PER-01
1998-08-22,3.47,14.9,KL-PER-01
1998-08-23,3.46,5.5,KL-PER-01
1998-08-24,3.81,59.1,KL-PER-01
1998-08-25,4.18,12.7,KL-PER-01
1998-08-26,4.04,4.8,KL-PER-01
1998-08-27,3.79,3.0,KL-PER-01
1998-08-28,3.56,0.8,KL-PER-01
1998-08-29,3.36,1.3,KL-PER-01
1998-08-30,3.16,1.4,KL-PER-01
1998-08-31,2.98,11.0,KL-PER-01
1998-09-01,2.91,12.5,KL-PER-01
1998-09-02,2.81,7.1,KL-PER-01
1998-09-03,2.71,21.1,KL-PER-01
1998-09-04,2.71,11.2,KL-PER-01
1998-09-05,2.67,24.3,KL-PER-01
1998-09-06,2.77,8.2,KL-PER-01
1998-09-07,2.71,15.3,KL-PER-01
1998-09-08,2.9,36.6,KL-PER-01
1998-09-09,3.94,46.2,KL-PER-01
1998-09-10,4.22,4.2,KL-PER-01
1998-09-11,3.91,5.5,KL-PER-01
1998-09-12,3.65,9.0,KL-PER-01
1998-09-13,3.46,6.9,KL-PER-01
1998-09-14,3.32,16.2,KL-PER-01
1998-09-15,3.23,13.0,KL-PER-01
1998-09-16,3.19,22.0,KL-PER-01
1998-09-17,3.23,4.3,KL-PER-01
1998-09-18,3.07,1.1,KL-PER-01
1998-09-19,2.89,2.9,KL-PER-01
1998-09-20,2.74,3.4,KL-PER-01
1998-09-21,2.61,3.9,KL-PER-01
1998-09-22,2.52,16.8,KL-PER-01
1998-09-23,2.59,32.3,KL-PER-01
1998-09-24,2.78,14.1,KL-PER-01
1998-09-25,2.77,3.0,KL-PER-01
1998-09-26,2.63,11.2,KL-PER-01
1998-09-27,2.65,14.8,KL-PER-01
1998-09-28,2.65,22.8,KL-PER-01
1998-09-29,2.76,11.9,KL-PER-01
1998-09-30,2.79,0.2,KL-PER-01
1998-10-01,2.62,3.4,KL-PER-01
1998-10-02,2.52,24.1,KL-PER-01
1998-10-03,2.62,10.5,KL-PER-01
1998-10-04,2.55,2.4,KL-PER-01
1998-10-05,2.44,5.7,KL-PER-01
1998-10-06,2.37,17.1,KL-PER-01
1998-10-07,2.37,11.4,KL-PER-01
1998-10-08,2.38,26.4,KL-PER-01
1998-10-09,2.77,41.2,KL-PER-01
1998-10-10,3.84,42.8,KL-PER-01
1998-10-11,5.27,54.7,KL-PER-01
1998-10-12,5.85,35.3,KL-PER-01
1998-10-13,5.62,21.3,KL-PER-01
1998-10-14,5.22,17.2,KL-PER-01
1998-10-15,4.96,10.1,KL-PER-01
1998-10-16,4.65,0.5,KL-PER-01
1998-10-17,4.31,4.7,KL-PER-01
1998-10-18,4.06,3.6,KL-PER-01
1998-10-19,3.82,0.6,KL-PER-01
1998-10-20,3.57,0.0,KL-PER-01
1998-10-21,3.34,0.0,KL-PER-01
1998-10-22,3.12,0.0,KL-PER-01
1998-10-23,2.92,0.3,KL-PER-01
1998-10-24,2.74,0.7,KL-PER-01
1998-10-25,2.6,12.3,KL-PER-01
1998-10-26,2.58,5.8,KL-PER-01
1998-10-27,2.52,8.1,KL-PER-01
1998-10-28,2.49,11.2,KL-PER-01
1998-10-29,2.49,4.6,KL-PER-01
1998-10-30,2.38,0.3,KL-PER-01
1998-10-31,2.25,2.0,KL-PER-01
1998-11-01,2.23,4.9,KL-PER-01
1998-11-02,2.18,6.9,KL-PER-01
1998-11-03,2.16,6.5,KL-PER-01
1998-11-04,2.18,6.3,KL-PER-01
1998-11-05,2.27,22.5,KL-PER-01
1998-11-06,2.48,0.0,KL-PER-01
1998-11-07,2.4,21.0,KL-PER-01
1998-11-08,2.52,8.7,KL-PER-01
1998-11-09,2.69,6.6,KL-PER-01
1998-11-10,2.68,20.5,KL-PER-01
1998-11-11,2.79,1.6,KL-PER-01
1998-11-12,2.65,3.1,KL-PER-01
1998-11-13,2.53,13.1,KL-PER-01
1998-11-14,2.48,5.8,KL-PER-01
1998-11-15,2.4,1.2,KL-PER-01
1998-11-16,2.27,0.3,KL-PER-01
1998-11-17,2.14,0.0,KL-PER-01
1998-11-18,2.01,0.8,KL-PER-01
1998-11-19,1.9,0.0,KL-PER-01
1998-11-20,1.8,1.9,KL-PER-01
1998-11-21,1.7,1.2,KL-PER-01
1998-11-22,1.62,8.4,KL-PER-01
1998-11-23,1.58,1.8,KL-PER-01
1998-11-24,1.5,2.1,KL-PER-01
1998-11-25,1.44,3.9,KL-PER-01
1998-11-26,1.39,0.2,KL-PER-01
1998-11-27,1.31,3.5,KL-PER-01
1998-11-28,1.26,2.3,KL-PER-01
1998-11-29,1.22,1.5,KL-PER-01
1998-11-30,1.17,0.8,KL-PER-01
1998-12-01,1.12,2.9,KL-PER-01
1998-12-02,1.14,0.0,KL-PER-01
1998-12-03,1.12,0.0,KL-PER-01
1998-12-04,1.08,0.0,KL-PER-01
1998-12-05,1.05,6.4,KL-PER-01
1998-12-06,1.09,0.0,KL-PER-01
1998-12-07,1.05,0.3,KL-PER-01
1998-12-08,1.01,35.2,KL-PER-01
1998-12-09,1.23,11.9,KL-PER-01
1998-12-10,1.44,14.0,KL-PER-01
1998-12-11,1.95,41.6,KL-PER-01
1998-12-12,2.36,23.0,KL-PER-01
1998-12-13,2.47,4.8,KL-PER-01
1998-12-14,2.4,2.8,KL-PER-01
1998-12-15,2.36,0.4,KL-PER-01
1998-12-16,2.21,0.6,KL-PER-01
1998-12-17,2.09,0.0,KL-PER-01
1998-12-18,1.99,1.4,KL-PER-01
1998-12-19,1.92,0.0,KL-PER-01
1998-12-20,1.81,0.7,KL-PER-01
1998-12-21,1.72,0.6,KL-PER-01
1998-12-22,1.62,0.0,KL-PER-01
1998-12-23,1.55,0.0,KL-PER-01
1998-12-24,1.45,0.0,KL-PER-01
1998-12-25,1.38,0.0,KL-PER-01
1998-12-26,1.31,0.0,KL-PER-01
1998-12-27,1.23,0.0,KL-PER-01
1998-12-28,1.17,0.0,KL-PER-01
1998-12-29,1.14,0.0,KL-PER-01
1998-12-30,1.11,0.0,KL-PER-01
1998-12-31,1.09,0.0,KL-PER-01
1999-01-01,1.05,1.5,KL-PER-01
1999-01-02,1.01,0.0,KL-PER-01
1999-01-03,1.0,0.8,KL-PER-01
1999-01-04,0.95,0.0,KL-PER-01
1999-01-05,0.91,0.0,KL-PER-01
1999-01-06,0.86,0.0,KL-PER-01
1999-01-07,0.83,0.0,KL-PER-01
1999-01-08,0.78,0.1,KL-PER-01
1999-01-09,0.77,0.0,KL-PER-01
1999-01-10,0.73,0.0,KL-PER-01
1999-01-11,0.7,0.0,KL-PER-01
1999-01-12,0.67,0.0,KL-PER-01
1999-01-13,0.64,0.0,KL-PER-01
1999-01-14,0.63,0.0,KL-PER-01
1999-01-15,0.59,0.0,KL-PER-01
1999-01-16,0.56,0.0,KL-PER-01
1999-01-17,0.55,0.0,KL-PER-01
1999-01-18,0.53,0.0,KL-PER-01
1999-01-19,0.5,0.0,KL-PER-01
1999-01-20,0.49,0.0,KL-PER-01
1999-01-21,0.47,0.0,KL-PER-01
1999-01-22,0.45,0.0,KL-PER-01
1999-01-23,0.44,0.0,KL-PER-01
1999-01-24,0.44,0.0,KL-PER-01
1999-01-25,0.41,0.0,KL-PER-01
1999-01-26,0.41,0.0,KL-PER-01
1999-01-27,0.41,0.0,KL-PER-01
1999-01-28,0.37,0.0,KL-PER-01
1999-01-29,0.37,0.0,KL-PER-01
1999-01-30,0.37,0.0,KL-PER-01
1999-01-31,0.37,0.0,KL-PER-01
1999-02-01,0.37,0.0,KL-PER-01
1999-02-02,0.34,0.9,KL-PER-01
1999-02-03,0.34,0.1,KL-PER-01
1999-02-04,0.34,2.3,KL-PER-01
1999-02-05,0.34,8.3,KL-PER-01
1999-02-06,0.37,0.0,KL-PER-01
1999-02-07,0.37,3.1,KL-PER-01
1999-02-08,0.37,8.5,KL-PER-01
1999-02-09,0.41,0.1,KL-PER-01
1999-02-10,0.41,1.7,KL-PER-01
1999-02-11,0.37,0.0,KL-PER-01
1999-02-12,0.37,0.0,KL-PER-01
1999-02-13,0.37,0.0,KL-PER-01
1999-02-14,0.37,1.7,KL-PER-01
1999-02-15,0.34,0.0,KL-PER-01
1999-02-16,0.34,0.0,KL-PER-01
1999-02-17,0.34,0.2,KL-PER-01
1999-02-18,0.34,0.0,KL-PER-01
1999-02-19,0.34,0.0,KL-PER-01
1999-02-20,0.34,0.0,KL-PER-01
1999-02-21,0.34,0.0,KL-PER-01
1999-02-22,0.34,0.0,KL-PER-01
1999-02-23,0.34,0.0,KL-PER-01
1999-02-24,0.34,0.0,KL-PER-01
1999-02-25,0.31,0.0,KL-PER-01
1999-02-26,0.31,0.0,KL-PER-01
1999-02-27,0.31,0.0,KL-PER-01
1999-02-28,0.31,0.0,KL-PER-01
1999-03-01,0.31,0.0,KL-PER-01
1999-03-02,0.31,0.1,KL-PER-01
1999-03-03,0.31,0.0,KL-PER-01
1999-03-04,0.31,0.0,KL-PER-01
1999-03-05,0.31,0.0,KL-PER-01
1999-03-06,0.31,0.0,KL-PER-01
1999-03-07,0.31,0.0,KL-PER-01
1999-03-08,0.31,0.0,KL-PER-01
1999-03-09,0.31,0.2,KL-PER-01
1999-03-10,0.31,0.3,KL-PER-01
1999-03-11,0.31,0.0,KL-PER-01
1999-03-12,0.31,0.2,KL-PER-01
1999-03-13,0.31,0.3,KL-PER-01
1999-03-14,0.31,1.0,KL-PER-01
1999-03-15,0.31,3.7,KL-PER-01
1999-03-16,0.34,0.8,KL-PER-01
1999-03-17,0.34,3.3,KL-PER-01
1999-03-18,0.34,1.6,KL-PER-01
1999-03-19,0.34,0.0,KL-PER-01
1999-03-20,0.34,0.0,KL-PER-01
1999-03-21,0.31,0.0,KL-PER-01
1999-03-22,0.31,0.4,KL-PER-01
1999-03-23,0.31,0.0,KL-PER-01
1999-03-24,0.34,5.3,KL-PER-01
1999-03-25,0.34,0.0,KL-PER-01
1999-03-26,0.34,0.1,KL-PER-01
1999-03-27,0.34,0.3,KL-PER-01
1999-03-28,0.31,0.0,KL-PER-01
1999-03-29,0.31,0.0,KL-PER-01
1999-03-30,0.31,0.0,KL-PER-01
1999-03-31,0.34,7.2,KL-PER-01
1999-04-01,0.34,2.1,KL-PER-01
1999-04-02,0.34,1.2,KL-PER-01
1999-04-03,0.34,0.2,KL-PER-01
1999-04-04,0.34,0.0,KL-PER-01
1999-04-05,0.34,5.1,KL-PER-01
1999-04-06,0.34,2.0,KL-PER-01
1999-04-07,0.34,4.3,KL-PER-01
1999-04-08,0.34,4.0,KL-PER-01
1999-04-09,0.34,2.4,KL-PER-01
1999-04-10,0.34,3.6,KL-PER-01
1999-04-11,0.34,3.5,KL-PER-01
1999-04-12,0.34,4.4,KL-PER-01
1999-04-13,0.37,2.0,KL-PER-01
1999-04-14,0.34,1.8,KL-PER-01
1999-04-15,0.34,1.1,KL-PER-01
1999-04-16,0.34,1.9,KL-PER-01
1999-04-17,0.34,3.7,KL-PER-01
1999-04-18,0.34,8.1,KL-PER-01
1999-04-19,0.34,8.3,KL-PER-01
1999-04-20,0.37,9.9,KL-PER-01
1999-04-21,0.37,3.9,KL-PER-01
1999-04-22,0.41,15.7,KL-PER-01
1999-04-23,0.44,10.6,KL-PER-01
1999-04-24,0.44,11.3,KL-PER-01
1999-04-25,0.5,5.0,KL-PER-01
1999-04-26,0.5,2.0,KL-PER-01
1999-04-27,0.5,5.3,KL-PER-01
1999-04-28,0.5,12.1,KL-PER-01
1999-04-29,0.53,9.1,KL-PER-01
1999-04-30,0.56,7.0,KL-PER-01
1999-05-01,0.56,0.0,KL-PER-01
1999-05-02,0.53,0.0,KL-PER-01
1999-05-03,0.53,3.1,KL-PER-01
1999-05-04,0.53,6.0,KL-PER-01
1999-05-05,0.56,22.3,KL-PER-01
1999-05-06,0.69,6.8,KL-PER-01
1999-05-07,0.72,31.0,KL-PER-01
1999-05-08,0.81,16.8,KL-PER-01
1999-05-09,0.87,2.3,KL-PER-01
1999-05-10,0.85,7.3,KL-PER-01
1999-05-11,0.85,1.1,KL-PER-01
1999-05-12,0.81,16.1,KL-PER-01
1999-05-13,0.87,12.7,KL-PER-01
1999-05-14,0.91,18.4,KL-PER-01
1999-05-15,0.97,17.0,KL-PER-01
1999-05-16,1.06,12.9,KL-PER-01
1999-05-17,1.09,9.1,KL-PER-01
1999-05-18,1.06,4.8,KL-PER-01
1999-05-19,1.06,7.1,KL-PER-01
1999-05-20,1.06,17.0,KL-PER-01
1999-05-21,1.16,25.6,KL-PER-01
1999-05-22,1.28,17.4,KL-PER-01
1999-05-23,1.34,28.5,KL-PER-01
1999-05-24,1.75,35.4,KL-PER-01
1999-05-25,2.81,39.5,KL-PER-01
1999-05-26,3.22,22.6,KL-PER-01
1999-05-27,3.25,10.9,KL-PER-01
1999-05-28,3.12,15.6,KL-PER-01
1999-05-29,3.19,31.7,KL-PER-01
1999-05-30,3.32,19.0,KL-PER-01
1999-05-31,3.29,11.8,KL-PER-01
1999-06-01,3.19,7.3,KL-PER-01
1999-06-02,3.03,5.2,KL-PER-01
1999-06-03,2.91,9.0,KL-PER-01
1999-06-04,2.81,8.2,KL-PER-01
1999-06-05,2.75,15.6,KL-PER-01
1999-06-06,2.75,6.2,KL-PER-01
1999-06-07,2.69,22.4,KL-PER-01
1999-06-08,2.81,30.3,KL-PER-01
1999-06-09,3.12,21.5,KL-PER-01
1999-06-10,3.69,41.2,KL-PER-01
1999-06-11,4.56,43.2,KL-PER-01
1999-06-12,5.1,27.2,KL-PER-01
1999-06-13,5.25,23.4,KL-PER-01
1999-06-14,5.19,20.0,KL-PER-01
1999-06-15,5.07,21.7,KL-PER-01
1999-06-16,4.94,7.6,KL-PER-01
1999-06-17,4.69,12.4,KL-PER-01
1999-06-18,4.6,20.1,KL-PER-01
1999-06-19,4.56,18.6,KL-PER-01
1999-06-20,4.47,21.5,KL-PER-01
1999-06-21,4.35,5.1,KL-PER-01
1999-06-22,4.13,2.7,KL-PER-01
1999-06-23,3.88,2.1,KL-PER-01
1999-06-24,3.66,2.4,KL-PER-01
1999-06-25,3.44,3.1,KL-PER-01
1999-06-26,3.25,1.0,KL-PER-01
1999-06-27,3.09,7.4,KL-PER-01
1999-06-28,2.97,0.4,KL-PER-01
1999-06-29,2.78,2.5,KL-PER-01
1999-06-30,2.62,1.9,KL-PER-01
1999-07-01,2.5,1.5,KL-PER-01
1999-07-02,2.37,9.7,KL-PER-01
1999-07-03,2.31,19.1,KL-PER-01
1999-07-04,2.34,33.1,KL-PER-01
1999-07-05,3.38,49.6,KL-PER-01
1999-07-06,4.47,60.1,KL-PER-01
1999-07-07,4.52,19.7,KL-PER-01
1999-07-08,4.57,34.5,KL-PER-01
1999-07-09,4.77,24.1,KL-PER-01
1999-07-10,4.71,10.4,KL-PER-01
1999-07-11,4.43,1.7,KL-PER-01
1999-07-12,4.14,4.8,KL-PER-01
1999-07-13,3.89,9.6,KL-PER-01
1999-07-14,3.72,6.1,KL-PER-01
1999-07-15,3.55,21.0,KL-PER-01
1999-07-16,3.7,28.2,KL-PER-01
1999-07-17,4.92,67.3,KL-PER-01
1999-07-18,7.17,81.0,KL-PER-01
1999-07-19,7.75,38.3,KL-PER-01
1999-07-20,7.77,31.4,KL-PER-01
1999-07-21,7.65,39.2,KL-PER-01
1999-07-22,7.55,35.9,KL-PER-01
1999-07-23,7.18,13.6,KL-PER-01
1999-07-24,6.71,11.0,KL-PER-01
1999-07-25,6.28,18.4,KL-PER-01
1999-07-26,6.31,38.7,KL-PER-01
1999-07-27,6.28,16.0,KL-PER-01
1999-07-28,6.01,7.1,KL-PER-01
1999-07-29,5.73,13.2,KL-PER-01
1999-07-30,5.53,11.7,KL-PER-01
1999-07-31,5.37,20.9,KL-PER-01
1999-08-01,5.32,11.7,KL-PER-01
1999-08-02,5.25,8.6,KL-PER-01
1999-08-03,5.03,8.4,KL-PER-01
1999-08-04,4.86,2.4,KL-PER-01
1999-08-05,4.61,13.2,KL-PER-01
1999-08-06,4.46,6.0,KL-PER-01
1999-08-07,4.25,5.6,KL-PER-01
1999-08-08,4.06,3.3,KL-PER-01
1999-08-09,3.86,10.5,KL-PER-01
1999-08-10,3.72,3.8,KL-PER-01
1999-08-11,3.53,11.5,KL-PER-01
1999-08-12,3.44,2.1,KL-PER-01
1999-08-13,3.25,4.6,KL-PER-01
1999-08-14,3.09,2.8,KL-PER-01
1999-08-15,2.94,6.0,KL-PER-01
1999-08-16,2.83,13.9,KL-PER-01
1999-08-17,2.85,29.1,KL-PER-01
1999-08-18,2.97,4.8,KL-PER-01
1999-08-19,2.87,3.3,KL-PER-01
1999-08-20,2.75,2.9,KL-PER-01
1999-08-21,2.62,12.1,KL-PER-01
1999-08-22,2.58,2.5,KL-PER-01
1999-08-23,2.47,7.3,KL-PER-01
1999-08-24,2.39,9.5,KL-PER-01
1999-08-25,2.36,17.4,KL-PER-01
1999-08-26,2.4,6.6,KL-PER-01
1999-08-27,2.33,5.2,KL-PER-01
1999-08-28,2.24,8.8,KL-PER-01
1999-08-29,2.16,10.0,KL-PER-01
1999-08-30,2.09,7.3,KL-PER-01
1999-08-31,2.03,6.9,KL-PER-01
1999-09-01,1.97,4.8,KL-PER-01
1999-09-02,1.9,10.1,KL-PER-01
1999-09-03,1.86,6.0,KL-PER-01
1999-09-04,1.81,4.0,KL-PER-01
1999-09-05,1.74,4.4,KL-PER-01
1999-09-06,1.69,13.6,KL-PER-01
1999-09-07,1.69,2.1,KL-PER-01
1999-09-08,1.62,5.6,KL-PER-01
1999-09-09,1.58,2.5,KL-PER-01
1999-09-10,1.53,0.8,KL-PER-01
1999-09-11,1.47,3.8,KL-PER-01
1999-09-12,1.4,1.8,KL-PER-01
1999-09-13,1.35,3.4,KL-PER-01
1999-09-14,1.31,6.1,KL-PER-01
1999-09-15,1.26,1.6,KL-PER-01
1999-09-16,1.22,1.0,KL-PER-01
1999-09-17,1.18,1.8,KL-PER-01
1999-09-18,1.14,1.4,KL-PER-01
1999-09-19,1.1,3.8,KL-PER-01
1999-09-20,1.08,0.6,KL-PER-01
1999-09-21,1.04,1.0,KL-PER-01
1999-09-22,0.99,0.1,KL-PER-01
1999-09-23,0.95,0.0,KL-PER-01
1999-09-24,0.92,0.3,KL-PER-01
1999-09-25,0.93,4.5,KL-PER-01
1999-09-26,0.93,7.8,KL-PER-01
1999-09-27,0.95,4.1,KL-PER-01
1999-09-28,0.93,2.3,KL-PER-01
1999-09-29,0.92,7.4,KL-PER-01
1999-09-30,0.95,6.3,KL-PER-01
1999-10-01,0.96,14.7,KL-PER-01
1999-10-02,1.08,6.9,KL-PER-01
1999-10-03,1.08,3.8,KL-PER-01
1999-10-04,1.1,27.1,KL-PER-01
1999-10-05,1.43,24.7,KL-PER-01
1999-10-06,1.95,29.7,KL-PER-01
1999-10-07,2.23,3.4,KL-PER-01
1999-10-08,2.68,44.7,KL-PER-01
1999-10-09,2.94,0.2,KL-PER-01
1999-10-10,2.7,15.7,KL-PER-01
1999-10-11,2.67,7.4,KL-PER-01
1999-10-12,2.63,13.2,KL-PER-01
1999-10-13,2.71,12.2,KL-PER-01
1999-10-14,5.4,29.4,KL-PER-01
1999-10-15,6.31,16.1,KL-PER-01
1999-10-16,5.81,15.9,KL-PER-01
1999-10-17,5.38,40.4,KL-PER-01
1999-10-18,5.14,11.7,KL-PER-01
1999-10-19,4.83,14.0,KL-PER-01
1999-10-20,4.56,5.8,KL-PER-01
1999-10-21,4.33,5.2,KL-PER-01
1999-10-22,4.08,3.1,KL-PER-01
1999-10-23,3.89,18.9,KL-PER-01
1999-10-24,3.88,18.9,KL-PER-01
1999-10-25,3.97,8.8,KL-PER-01
1999-10-26,3.97,6.5,KL-PER-01
1999-10-27,3.88,11.7,KL-PER-01
1999-10-28,3.81,22.9,KL-PER-01
1999-10-29,3.84,22.6,KL-PER-01
1999-10-30,3.81,25.1,KL-PER-01
1999-10-31,3.75,0.2,KL-PER-01
1999-11-01,3.53,2.3,KL-PER-01
1999-11-02,3.33,2.7,KL-PER-01
1999-11-03,3.16,3.2,KL-PER-01
1999-11-04,2.99,1.0,KL-PER-01
1999-11-05,2.85,11.1,KL-PER-01
1999-11-06,2.86,13.8,KL-PER-01
1999-11-07,2.91,0.0,KL-PER-01
1999-11-08,2.75,0.2,KL-PER-01
1999-11-09,2.6,0.0,KL-PER-01
1999-11-10,2.44,1.3,KL-PER-01
1999-11-11,2.32,0.2,KL-PER-01
1999-11-12,2.2,0.1,KL-PER-01
1999-11-13,2.08,0.0,KL-PER-01
1999-11-14,1.96,0.0,KL-PER-01
1999-11-15,1.86,0.0,KL-PER-01
1999-11-16,1.76,0.0,KL-PER-01
1999-11-17,1.67,0.0,KL-PER-01
1999-11-18,1.58,0.0,KL-PER-01
1999-11-19,1.52,5.9,KL-PER-01
1999-11-20,1.6,24.0,KL-PER-01
1999-11-21,2.8,26.1,KL-PER-01
1999-11-22,3.11,19.9,KL-PER-01
1999-11-23,2.97,8.2,KL-PER-01
1999-11-24,2.78,0.4,KL-PER-01
1999-11-25,2.55,0.0,KL-PER-01
1999-11-26,2.35,1.1,KL-PER-01
1999-11-27,2.24,1.3,KL-PER-01
1999-11-28,2.17,4.4,KL-PER-01
1999-11-29,2.18,18.7,KL-PER-01
1999-11-30,2.37,8.1,KL-PER-01
1999-12-01,2.32,0.0,KL-PER-01
1999-12-02,2.2,1.9,KL-PER-01
1999-12-03,2.18,2.9,KL-PER-01
1999-12-04,2.08,1.1,KL-PER-01
1999-12-05,1.98,0.0,KL-PER-01
1999-12-06,1.86,0.0,KL-PER-01
1999-12-07,1.76,0.2,KL-PER-01
1999-12-08,1.68,0.3,KL-PER-01
1999-12-09,1.63,0.4,KL-PER-01
1999-12-10,1.58,0.6,KL-PER-01
1999-12-11,1.5,0.0,KL-PER-01
1999-12-12,1.44,0.6,KL-PER-01
1999-12-13,1.42,0.3,KL-PER-01
1999-12-14,1.45,1.7,KL-PER-01
1999-12-15,1.45,0.0,KL-PER-01
1999-12-16,1.39,0.0,KL-PER-01
1999-12-17,1.33,0.0,KL-PER-01
1999-12-18,1.26,0.0,KL-PER-01
1999-12-19,1.23,0.0,KL-PER-01
1999-12-20,1.17,0.0,KL-PER-01
1999-12-21,1.11,0.0,KL-PER-01
1999-12-22,1.05,0.0,KL-PER-01
1999-12-23,1.0,0.0,KL-PER-01
1999-12-24,0.99,0.0,KL-PER-01
1999-12-25,0.94,0.0,KL-PER-01
1999-12-26,0.91,0.0,KL-PER-01
1999-12-27,0.86,0.0,KL-PER-01
1999-12-28,0.81,0.0,KL-PER-01
1999-12-29,0.78,0.0,KL-PER-01
1999-12-30,0.75,0.0,KL-PER-01
1999-12-31,0.72,0.0,KL-PER-01
2000-01-01,0.69,0.0,KL-PER-01
2000-01-02,0.66,0.0,KL-PER-01
2000-01-03,0.63,0.0,KL-PER-01
2000-01-04,0.59,0.0,KL-PER-01
2000-01-05,0.58,0.0,KL-PER-01
2000-01-06,0.56,0.0,KL-PER-01
2000-01-07,0.55,0.0,KL-PER-01
2000-01-08,0.55,0.0,KL-PER-01
2000-01-09,0.55,0.0,KL-PER-01
2000-01-10,0.55,2.2,KL-PER-01
2000-01-11,0.58,2.3,KL-PER-01
2000-01-12,0.63,1.3,KL-PER-01
2000-01-13,0.66,3.9,KL-PER-01
2000-01-14,0.66,1.0,KL-PER-01
2000-01-15,0.66,0.7,KL-PER-01
2000-01-16,0.63,5.4,KL-PER-01
2000-01-17,0.63,0.0,KL-PER-01
2000-01-18,0.61,0.0,KL-PER-01
2000-01-19,0.58,0.0,KL-PER-01
2000-01-20,0.56,0.0,KL-PER-01
2000-01-21,0.53,0.0,KL-PER-01
2000-01-22,0.52,0.0,KL-PER-01
2000-01-23,0.5,0.0,KL-PER-01
2000-01-24,0.49,0.0,KL-PER-01
2000-01-25,0.47,0.0,KL-PER-01
2000-01-26,0.45,0.0,KL-PER-01
2000-01-27,0.44,0.0,KL-PER-01
2000-01-28,0.42,0.0,KL-PER-01
2000-01-29,0.41,0.0,KL-PER-01
2000-01-30,0.41,0.0,KL-PER-01
2000-01-31,0.39,0.0,KL-PER-01
2000-02-01,0.39,0.0,KL-PER-01
2000-02-02,0.39,0.0,KL-PER-01
2000-02-03,0.37,0.0,KL-PER-01
2000-02-04,0.37,10.4,KL-PER-01
2000-02-05,0.41,6.5,KL-PER-01
2000-02-06,0.44,27.8,KL-PER-01
2000-02-07,0.5,0.5,KL-PER-01
2000-02-08,0.5,0.0,KL-PER-01
2000-02-09,0.47,0.0,KL-PER-01
2000-02-10,0.47,0.7,KL-PER-01
2000-02-11,0.47,5.8,KL-PER-01
2000-02-12,0.47,4.0,KL-PER-01
2000-02-13,0.5,18.8,KL-PER-01
2000-02-14,0.53,0.0,KL-PER-01
2000-02-15,0.5,0.0,KL-PER-01
2000-02-16,0.5,0.0,KL-PER-01
2000-02-17,0.47,0.0,KL-PER-01
2000-02-18,0.47,0.0,KL-PER-01
2000-02-19,0.44,0.0,KL-PER-01
2000-02-20,0.44,0.2,KL-PER-01
2000-02-21,0.44,0.0,KL-PER-01
2000-02-22,0.41,0.0,KL-PER-01
2000-02-23,0.41,0.6,KL-PER-01
2000-02-24,0.41,2.8,KL-PER-01
2000-02-25,0.41,3.0,KL-PER-01
2000-02-26,0.41,4.0,KL-PER-01
2000-02-27,0.44,3.6,KL-PER-01
2000-02-28,0.47,14.7,KL-PER-01
2000-02-29,0.5,0.0,KL-PER-01
2000-03-01,0.5,0.0,KL-PER-01
2000-03-02,0.47,0.0,KL-PER-01
2000-03-03,0.47,0.0,KL-PER-01
2000-03-04,0.44,0.0,KL-PER-01
2000-03-05,0.44,0.0,KL-PER-01
2000-03-06,0.44,0.0,KL-PER-01
2000-03-07,0.41,0.0,KL-PER-01
2000-03-08,0.41,0.2,KL-PER-01
2000-03-09,0.41,0.1,KL-PER-01
2000-03-10,0.37,0.4,KL-PER-01
2000-03-11,0.41,0.3,KL-PER-01
2000-03-12,0.37,0.3,KL-PER-01
2000-03-13,0.37,0.0,KL-PER-01
2000-03-14,0.37,0.2,KL-PER-01
2000-03-15,0.37,0.4,KL-PER-01
2000-03-16,0.37,0.2,KL-PER-01
2000-03-17,0.37,0.0,KL-PER-01
2000-03-18,0.37,0.1,KL-PER-01
2000-03-19,0.34,0.1,KL-PER-01
2000-03-20,0.34,0.0,KL-PER-01
2000-03-21,0.34,0.0,KL-PER-01
2000-03-22,0.34,0.0,KL-PER-01
2000-03-23,0.34,1.5,KL-PER-01
2000-03-24,0.34,5.6,KL-PER-01
2000-03-25,0.34,0.2,KL-PER-01
2000-03-26,0.34,1.1,KL-PER-01
2000-03-27,0.34,9.1,KL-PER-01
2000-03-28,0.37,3.8,KL-PER-01
2000-03-29,0.37,1.4,KL-PER-01
2000-03-30,0.37,1.0,KL-PER-01
2000-03-31,0.41,33.0,KL-PER-01
2000-04-01,0.53,31.6,KL-PER-01
2000-04-02,0.59,1.2,KL-PER-01
2000-04-03,0.59,9.1,KL-PER-01
2000-04-04,0.59,6.5,KL-PER-01
2000-04-05,0.66,6.8,KL-PER-01
2000-04-06,0.72,10.9,KL-PER-01
2000-04-07,0.78,13.6,KL-PER-01
2000-04-08,0.81,1.0,KL-PER-01
2000-04-09,0.78,0.3,KL-PER-01
2000-04-10,0.75,0.1,KL-PER-01
2000-04-11,0.75,6.0,KL-PER-01
2000-04-12,0.75,4.4,KL-PER-01
2000-04-13,0.78,11.1,KL-PER-01
2000-04-14,0.81,6.3,KL-PER-01
2000-04-15,0.81,1.1,KL-PER-01
2000-04-16,0.78,0.6,KL-PER-01
2000-04-17,0.78,15.4,KL-PER-01
2000-04-18,0.91,6.5,KL-PER-01
2000-04-19,0.97,14.1,KL-PER-01
2000-04-20,1.03,3.9,KL-PER-01
2000-04-21,1.03,7.1,KL-PER-01
2000-04-22,1.03,7.8,KL-PER-01
2000-04-23,1.06,1.7,KL-PER-01
2000-04-24,1.03,11.5,KL-PER-01
2000-04-25,1.09,7.0,KL-PER-01
2000-04-26,1.09,0.3,KL-PER-01
2000-04-27,1.06,2.7,KL-PER-01
2000-04-28,1.09,2.4,KL-PER-01
2000-04-29,1.06,1.6,KL-PER-01
2000-04-30,1.03,0.7,KL-PER-01
2000-05-01,1.03,0.7,KL-PER-01
2000-05-02,1.0,5.6,KL-PER-01
2000-05-03,1.0,4.5,KL-PER-01
2000-05-04,0.97,5.4,KL-PER-01
2000-05-05,1.0,3.5,KL-PER-01
2000-05-06,1.0,19.8,KL-PER-01
2000-05-07,1.09,17.8,KL-PER-01
2000-05-08,1.12,3.6,KL-PER-01
2000-05-09,1.09,2.4,KL-PER-01
2000-05-10,1.06,5.4,KL-PER-01
2000-05-11,1.06,7.2,KL-PER-01
2000-05-12,1.06,1.4,KL-PER-01
2000-05-13,1.06,1.4,KL-PER-01
2000-05-14,1.03,0.0,KL-PER-01
2000-05-15,0.97,1.3,KL-PER-01
2000-05-16,0.94,5.9,KL-PER-01
2000-05-17,0.94,17.5,KL-PER-01
2000-05-18,1.0,6.0,KL-PER-01
2000-05-19,1.0,6.2,KL-PER-01
2000-05-20,1.0,4.5,KL-PER-01
2000-05-21,0.97,1.0,KL-PER-01
2000-05-22,0.97,1.7,KL-PER-01
2000-05-23,0.91,2.0,KL-PER-01
2000-05-24,0.91,5.9,KL-PER-01
2000-05-25,0.91,9.8,KL-PER-01
2000-05-26,0.91,17.8,KL-PER-01
2000-05-27,1.03,46.7,KL-PER-01
2000-05-28,1.28,4.1,KL-PER-01
2000-05-29,1.25,2.5,KL-PER-01
2000-05-30,1.19,9.1,KL-PER-01
2000-05-31,1.19,16.5,KL-PER-01
2000-06-01,1.22,16.2,KL-PER-01
2000-06-02,1.31,23.8,KL-PER-01
2000-06-03,1.44,11.1,KL-PER-01
2000-06-04,1.5,16.8,KL-PER-01
2000-06-05,1.69,22.9,KL-PER-01
2000-06-06,2.97,41.5,KL-PER-01
2000-06-07,5.1,63.5,KL-PER-01
2000-06-08,5.68,45.3,KL-PER-01
2000-06-09,5.5,26.3,KL-PER-01
2000-06-10,5.37,30.3,KL-PER-01
2000-06-11,5.31,25.6,KL-PER-01
2000-06-12,5.15,20.5,KL-PER-01
2000-06-13,4.94,7.5,KL-PER-01
2000-06-14,4.66,12.4,KL-PER-01
2000-06-15,4.43,3.1,KL-PER-01
2000-06-16,4.15,4.5,KL-PER-01
2000-06-17,3.97,6.5,KL-PER-01
2000-06-18,3.79,16.0,KL-PER-01
2000-06-19,3.79,17.4,KL-PER-01
2000-06-20,3.79,11.9,KL-PER-01
2000-06-21,3.69,13.4,KL-PER-01
2000-06-22,3.59,12.5,KL-PER-01
2000-06-23,3.53,6.8,KL-PER-01
2000-06-24,3.38,1.3,KL-PER-01
2000-06-25,3.22,3.5,KL-PER-01
2000-06-26,3.06,13.9,KL-PER-01
2000-06-27,3.02,22.8,KL-PER-01
2000-06-28,3.14,27.9,KL-PER-01
2000-06-29,3.36,18.4,KL-PER-01
2000-06-30,3.62,24.3,KL-PER-01
2000-07-01,3.84,17.8,KL-PER-01
2000-07-02,3.92,10.9,KL-PER-01
2000-07-03,3.86,2.4,KL-PER-01
2000-07-04,3.67,15.2,KL-PER-01
2000-07-05,3.66,6.6,KL-PER-01
2000-07-06,3.56,11.5,KL-PER-01
2000-07-07,3.65,8.1,KL-PER-01
2000-07-08,3.58,9.8,KL-PER-01
2000-07-09,3.49,4.7,KL-PER-01
2000-07-10,3.35,10.7,KL-PER-01
2000-07-11,3.44,40.0,KL-PER-01
2000-07-12,3.67,9.6,KL-PER-01
2000-07-13,3.52,1.7,KL-PER-01
2000-07-14,3.33,6.9,KL-PER-01
2000-07-15,3.19,2.5,KL-PER-01
2000-07-16,3.02,1.2,KL-PER-01
2000-07-17,2.85,7.3,KL-PER-01
2000-07-18,2.77,1.9,KL-PER-01
2000-07-19,2.64,2.7,KL-PER-01
2000-07-20,2.52,0.5,KL-PER-01
2000-07-21,2.37,0.4,KL-PER-01
2000-07-22,2.25,2.1,KL-PER-01
2000-07-23,2.13,0.4,KL-PER-01
2000-07-24,2.0,1.8,KL-PER-01
2000-07-25,1.89,0.5,KL-PER-01
2000-07-26,1.81,3.5,KL-PER-01
2000-07-27,1.74,20.4,KL-PER-01
2000-07-28,1.77,2.1,KL-PER-01
2000-07-29,1.69,4.2,KL-PER-01
2000-07-30,1.64,4.8,KL-PER-01
2000-07-31,1.58,3.9,KL-PER-01
2000-08-01,1.53,3.6,KL-PER-01
2000-08-02,1.48,0.7,KL-PER-01
2000-08-03,1.56,29.9,KL-PER-01
2000-08-04,2.01,32.7,KL-PER-01
2000-08-05,2.28,6.0,KL-PER-01
2000-08-06,2.24,17.1,KL-PER-01
2000-08-07,2.27,26.2,KL-PER-01
2000-08-08,2.55,37.4,KL-PER-01
2000-08-09,3.07,33.9,KL-PER-01
2000-08-10,3.35,16.4,KL-PER-01
2000-08-11,3.4,5.6,KL-PER-01
2000-08-12,3.24,2.4,KL-PER-01
2000-08-13,3.03,3.8,KL-PER-01
2000-08-14,2.91,7.3,KL-PER-01
2000-08-15,2.89,19.9,KL-PER-01
2000-08-16,2.94,7.4,KL-PER-01
2000-08-17,2.85,16.5,KL-PER-01
2000-08-18,2.85,24.3,KL-PER-01
2000-08-19,2.98,15.9,KL-PER-01
2000-08-20,3.02,6.8,KL-PER-01
2000-08-21,2.98,19.0,KL-PER-01
2000-08-22,3.27,24.8,KL-PER-01
2000-08-23,3.92,25.9,KL-PER-01
2000-08-24,5.71,47.4,KL-PER-01
2000-08-25,7.11,36.4,KL-PER-01
2000-08-26,7.53,35.5,KL-PER-01
2000-08-27,7.17,20.1,KL-PER-01
2000-08-28,6.67,16.9,KL-PER-01
2000-08-29,6.23,3.5,KL-PER-01
2000-08-30,5.76,2.4,KL-PER-01
2000-08-31,5.34,2.3,KL-PER-01
2000-09-01,4.98,1.3,KL-PER-01
2000-09-02,4.66,3.1,KL-PER-01
2000-09-03,4.37,0.7,KL-PER-01
2000-09-04,4.11,4.1,KL-PER-01
2000-09-05,3.89,5.0,KL-PER-01
2000-09-06,3.69,4.8,KL-PER-01
2000-09-07,3.5,4.7,KL-PER-01
2000-09-08,3.33,3.0,KL-PER-01
2000-09-09,3.17,1.5,KL-PER-01
2000-09-10,2.98,1.9,KL-PER-01
2000-09-11,2.83,2.4,KL-PER-01
2000-09-12,2.69,4.0,KL-PER-01
2000-09-13,2.56,9.9,KL-PER-01
2000-09-14,2.56,9.5,KL-PER-01
2000-09-15,2.53,4.2,KL-PER-01
2000-09-16,2.47,15.2,KL-PER-01
2000-09-17,2.45,5.1,KL-PER-01
2000-09-18,2.37,4.5,KL-PER-01
2000-09-19,2.3,19.5,KL-PER-01
2000-09-20,5.5,60.2,KL-PER-01
2000-09-21,5.44,30.6,KL-PER-01
2000-09-22,4.87,15.8,KL-PER-01
2000-09-23,4.46,3.9,KL-PER-01
2000-09-24,4.85,55.3,KL-PER-01
2000-09-25,5.12,18.7,KL-PER-01
2000-09-26,4.97,4.9,KL-PER-01
2000-09-27,4.75,17.5,KL-PER-01
2000-09-28,4.55,5.3,KL-PER-01
2000-09-29,4.25,7.6,KL-PER-01
2000-09-30,4.04,23.2,KL-PER-01
2000-10-01,4.42,50.1,KL-PER-01
2000-10-02,5.08,40.3,KL-PER-01
2000-10-03,5.14,17.2,KL-PER-01
2000-10-04,4.86,11.1,KL-PER-01
2000-10-05,4.6,9.1,KL-PER-01
2000-10-06,4.37,15.8,KL-PER-01
2000-10-07,4.24,5.2,KL-PER-01
2000-10-08,4.01,8.2,KL-PER-01
2000-10-09,3.83,2.4,KL-PER-01
2000-10-10,3.59,0.3,KL-PER-01
2000-10-11,3.38,0.2,KL-PER-01
2000-10-12,3.17,3.4,KL-PER-01
2000-10-13,3.02,13.2,KL-PER-01
2000-10-14,2.92,8.2,KL-PER-01
2000-10-15,2.83,4.3,KL-PER-01
2000-10-16,2.72,27.3,KL-PER-01
2000-10-17,2.77,8.7,KL-PER-01
2000-10-18,2.67,7.7,KL-PER-01
2000-10-19,2.56,1.7,KL-PER-01
2000-10-20,2.44,1.6,KL-PER-01
2000-10-21,2.31,6.0,KL-PER-01
2000-10-22,2.24,20.5,KL-PER-01
2000-10-23,2.3,18.1,KL-PER-01
2000-10-24,2.34,19.4,KL-PER-01
2000-10-25,2.37,1.7,KL-PER-01
2000-10-26,2.25,0.0,KL-PER-01
2000-10-27,2.13,0.9,KL-PER-01
2000-10-28,2.01,0.8,KL-PER-01
2000-10-29,1.9,0.8,KL-PER-01
2000-10-30,1.81,3.0,KL-PER-01
2000-10-31,1.74,2.8,KL-PER-01
2000-11-01,1.67,0.5,KL-PER-01
2000-11-02,1.58,0.1,KL-PER-01
2000-11-03,1.5,1.5,KL-PER-01
2000-11-04,1.44,3.9,KL-PER-01
2000-11-05,1.42,0.9,KL-PER-01
2000-11-06,1.36,0.5,KL-PER-01
2000-11-07,1.31,0.2,KL-PER-01
2000-11-08,1.25,0.0,KL-PER-01
2000-11-09,1.19,0.0,KL-PER-01
2000-11-10,1.12,0.0,KL-PER-01
2000-11-11,1.08,0.0,KL-PER-01
2000-11-12,1.03,0.0,KL-PER-01
2000-11-13,0.99,3.3,KL-PER-01
2000-11-14,0.95,0.0,KL-PER-01
2000-11-15,0.91,0.0,KL-PER-01
2000-11-16,0.86,0.0,KL-PER-01
2000-11-17,0.83,0.0,KL-PER-01
2000-11-18,0.78,0.1,KL-PER-01
2000-11-19,0.78,15.1,KL-PER-01
2000-11-20,0.92,25.1,KL-PER-01
2000-11-21,1.12,0.9,KL-PER-01
2000-11-22,1.12,0.2,KL-PER-01
2000-11-23,1.14,23.3,KL-PER-01
2000-11-24,1.26,1.6,KL-PER-01
2000-11-25,1.22,0.0,KL-PER-01
2000-11-26,1.16,0.0,KL-PER-01
2000-11-27,1.09,0.0,KL-PER-01
2000-11-28,1.05,0.0,KL-PER-01
2000-11-29,0.99,5.1,KL-PER-01
2000-11-30,0.99,10.7,KL-PER-01
2000-12-01,1.0,0.0,KL-PER-01
2000-12-02,0.95,1.1,KL-PER-01
2000-12-03,0.92,1.5,KL-PER-01
2000-12-04,0.91,0.0,KL-PER-01
2000-12-05,0.91,9.1,KL-PER-01
2000-12-06,1.16,0.0,KL-PER-01
2000-12-07,1.11,0.0,KL-PER-01
2000-12-08,1.05,0.0,KL-PER-01
2000-12-09,0.99,0.0,KL-PER-01
2000-12-10,0.94,0.0,KL-PER-01
2000-12-11,0.91,0.0,KL-PER-01
2000-12-12,0.86,0.0,KL-PER-01
2000-12-13,0.81,0.0,KL-PER-01
2000-12-14,0.78,0.0,KL-PER-01
2000-12-15,0.73,0.0,KL-PER-01
2000-12-16,0.7,0.0,KL-PER-01
2000-12-17,0.67,0.0,KL-PER-01
2000-12-18,0.64,0.0,KL-PER-01
2000-12-19,0.63,0.0,KL-PER-01
2000-12-20,0.59,0.0,KL-PER-01
2000-12-21,0.58,0.0,KL-PER-01
2000-12-22,0.56,0.0,KL-PER-01
2000-12-23,0.53,0.0,KL-PER-01
2000-12-24,0.52,0.0,KL-PER-01
2000-12-25,0.5,0.0,KL-PER-01
2000-12-26,0.49,0.0,KL-PER-01
2000-12-27,0.47,17.2,KL-PER-01
2000-12-28,0.59,10.3,KL-PER-01
2000-12-29,0.61,1.2,KL-PER-01
2000-12-30,0.59,1.1,KL-PER-01
2000-12-31,0.59,2.7,KL-PER-01
2001-01-01,0.59,1.5,KL-PER-01
2001-01-02,0.58,1.9,KL-PER-01
2001-01-03,0.58,0.1,KL-PER-01
2001-01-04,0.56,0.0,KL-PER-01
2001-01-05,0.55,0.0,KL-PER-01
2001-01-06,0.52,0.0,KL-PER-01
2001-01-07,0.5,0.0,KL-PER-01
2001-01-08,0.49,0.0,KL-PER-01
2001-01-09,0.47,0.0,KL-PER-01
2001-01-10,0.45,0.0,KL-PER-01
2001-01-11,0.45,0.0,KL-PER-01
2001-01-12,0.44,0.0,KL-PER-01
2001-01-13,0.44,0.0,KL-PER-01
2001-01-14,0.42,0.0,KL-PER-01
2001-01-15,0.41,0.0,KL-PER-01
2001-01-16,0.41,0.0,KL-PER-01
2001-01-17,0.39,0.0,KL-PER-01
2001-01-18,0.37,0.0,KL-PER-01
2001-01-19,0.37,0.0,KL-PER-01
2001-01-20,0.36,0.0,KL-PER-01
2001-01-21,0.36,0.0,KL-PER-01
2001-01-22,0.36,0.0,KL-PER-01
2001-01-23,0.34,0.0,KL-PER-01
2001-01-24,0.34,2.1,KL-PER-01
2001-01-25,0.34,1.6,KL-PER-01
2001-01-26,0.36,1.2,KL-PER-01
2001-01-27,0.36,0.0,KL-PER-01
2001-01-28,0.34,0.0,KL-PER-01
2001-01-29,0.34,0.0,KL-PER-01
2001-01-30,0.33,0.0,KL-PER-01
2001-01-31,0.34,0.0,KL-PER-01
2001-02-01,0.34,14.3,KL-PER-01
2001-02-02,0.41,12.7,KL-PER-01
2001-02-03,0.44,2.2,KL-PER-01
2001-02-04,0.44,2.5,KL-PER-01
2001-02-05,0.44,8.5,KL-PER-01
2001-02-06,0.47,0.5,KL-PER-01
2001-02-07,0.47,0.0,KL-PER-01
2001-02-08,0.44,0.0,KL-PER-01
2001-02-09,0.44,0.0,KL-PER-01
2001-02-10,0.41,0.0,KL-PER-01
2001-02-11,0.41,0.0,KL-PER-01
2001-02-12,0.41,0.2,KL-PER-01
2001-02-13,0.41,0.0,KL-PER-01
2001-02-14,0.41,0.0,KL-PER-01
2001-02-15,0.37,0.0,KL-PER-01
2001-02-16,0.37,0.0,KL-PER-01
2001-02-17,0.37,0.0,KL-PER-01
2001-02-18,0.37,0.1,KL-PER-01
2001-02-19,0.37,0.0,KL-PER-01
2001-02-20,0.37,0.5,KL-PER-01
2001-02-21,0.37,0.0,KL-PER-01
2001-02-22,0.37,0.2,KL-PER-01
2001-02-23,0.34,0.0,KL-PER-01
2001-02-24,0.34,0.0,KL-PER-01
2001-02-25,0.34,0.1,KL-PER-01
2001-02-26,0.34,0.7,KL-PER-01
2001-02-27,0.34,0.0,KL-PER-01
2001-02-28,0.34,5.9,KL-PER-01
2001-03-01,0.37,0.4,KL-PER-01
2001-03-02,0.37,0.0,KL-PER-01
2001-03-03,0.34,2.1,KL-PER-01
2001-03-04,0.37,5.1,KL-PER-01
2001-03-05,0.37,2.5,KL-PER-01
2001-03-06,0.37,0.9,KL-PER-01
2001-03-07,0.37,0.1,KL-PER-01
2001-03-08,0.37,0.0,KL-PER-01
2001-03-09,0.34,0.0,KL-PER-01
2001-03-10,0.34,2.0,KL-PER-01
2001-03-11,0.34,0.0,KL-PER-01
2001-03-12,0.34,0.1,KL-PER-01
2001-03-13,0.34,0.0,KL-PER-01
2001-03-14,0.34,0.0,KL-PER-01
2001-03-15,0.34,0.0,KL-PER-01
2001-03-16,0.34,0.0,KL-PER-01
2001-03-17,0.34,0.0,KL-PER-01
2001-03-18,0.34,0.3,KL-PER-01
2001-03-19,0.34,0.7,KL-PER-01
2001-03-20,0.34,1.0,KL-PER-01
2001-03-21,0.34,0.3,KL-PER-01
2001-03-22,0.34,4.4,KL-PER-01
2001-03-23,0.34,0.0,KL-PER-01
2001-03-24,0.34,0.1,KL-PER-01
2001-03-25,0.34,0.6,KL-PER-01
2001-03-26,0.34,0.0,KL-PER-01
2001-03-27,0.34,0.0,KL-PER-01
2001-03-28,0.34,0.0,KL-PER-01
2001-03-29,0.34,2.9,KL-PER-01
2001-03-30,0.34,3.8,KL-PER-01
2001-03-31,0.34,1.1,KL-PER-01
2001-04-01,0.34,0.0,KL-PER-01
2001-04-02,0.34,0.4,KL-PER-01
2001-04-03,0.34,0.4,KL-PER-01
2001-04-04,0.34,19.2,KL-PER-01
2001-04-05,0.37,12.0,KL-PER-01
2001-04-06,0.41,7.1,KL-PER-01
2001-04-07,0.44,3.2,KL-PER-01
2001-04-08,0.47,17.7,KL-PER-01
2001-04-09,0.5,22.7,KL-PER-01
2001-04-10,0.56,20.4,KL-PER-01
2001-04-11,2.56,146.7,KL-PER-01
2001-04-12,2.37,10.5,KL-PER-01
2001-04-13,1.97,3.4,KL-PER-01
2001-04-14,1.72,7.9,KL-PER-01
2001-04-15,1.59,0.8,KL-PER-01
2001-04-16,1.44,2.0,KL-PER-01
2001-04-17,1.38,9.6,KL-PER-01
2001-04-18,1.38,24.8,KL-PER-01
2001-04-19,1.47,10.8,KL-PER-01
2001-04-20,1.56,32.4,KL-PER-01
2001-04-21,1.78,6.0,KL-PER-01
2001-04-22,1.78,25.0,KL-PER-01
2001-04-23,1.9,6.9,KL-PER-01
2001-04-24,1.84,1.8,KL-PER-01
2001-04-25,1.78,1.8,KL-PER-01
2001-04-26,1.72,1.2,KL-PER-01
2001-04-27,1.65,2.1,KL-PER-01
2001-04-28,1.62,2.1,KL-PER-01
2001-04-29,1.59,2.1,KL-PER-01
2001-04-30,1.56,6.7,KL-PER-01
2001-05-01,1.62,3.1,KL-PER-01
2001-05-02,1.62,2.6,KL-PER-01
2001-05-03,1.56,1.0,KL-PER-01
2001-05-04,1.5,0.7,KL-PER-01
2001-05-05,1.4,0.0,KL-PER-01
2001-05-06,1.34,5.8,KL-PER-01
2001-05-07,1.31,4.8,KL-PER-01
2001-05-08,1.31,8.6,KL-PER-01
2001-05-09,1.31,4.4,KL-PER-01
2001-05-10,1.31,0.3,KL-PER-01
2001-05-11,1.25,0.7,KL-PER-01
2001-05-12,1.22,20.0,KL-PER-01
2001-05-13,1.31,3.6,KL-PER-01
2001-05-14,1.28,0.0,KL-PER-01
2001-05-15,1.22,3.6,KL-PER-01
2001-05-16,1.16,0.0,KL-PER-01
2001-05-17,1.09,1.4,KL-PER-01
2001-05-18,1.09,6.3,KL-PER-01
2001-05-19,1.06,1.8,KL-PER-01
2001-05-20,1.03,4.2,KL-PER-01
2001-05-21,1.0,5.3,KL-PER-01
2001-05-22,0.97,7.7,KL-PER-01
2001-05-23,0.97,15.8,KL-PER-01
2001-05-24,1.03,5.8,KL-PER-01
2001-05-25,1.0,5.3,KL-PER-01
2001-05-26,1.0,14.7,KL-PER-01
2001-05-27,1.03,4.3,KL-PER-01
2001-05-28,1.03,24.9,KL-PER-01
2001-05-29,1.19,30.9,KL-PER-01
2001-05-30,1.34,12.6,KL-PER-01
2001-05-31,1.44,1.8,KL-PER-01
2001-06-01,1.38,4.2,KL-PER-01
2001-06-02,1.34,4.0,KL-PER-01
2001-06-03,1.31,10.6,KL-PER-01
2001-06-04,1.38,17.5,KL-PER-01
2001-06-05,1.56,35.1,KL-PER-01
2001-06-06,2.85,60.1,KL-PER-01
2001-06-07,4.28,57.8,KL-PER-01
2001-06-08,4.31,12.1,KL-PER-01
2001-06-09,3.91,11.7,KL-PER-01
2001-06-10,3.66,20.5,KL-PER-01
2001-06-11,4.97,69.4,KL-PER-01
2001-06-12,5.44,32.3,KL-PER-01
2001-06-13,5.62,38.4,KL-PER-01
2001-06-14,5.87,39.9,KL-PER-01
2001-06-15,5.68,15.4,KL-PER-01
2001-06-16,5.31,8.1,KL-PER-01
2001-06-17,4.96,10.8,KL-PER-01
2001-06-18,4.68,6.9,KL-PER-01
2001-06-19,4.4,4.9,KL-PER-01
2001-06-20,4.15,8.2,KL-PER-01
2001-06-21,3.97,12.4,KL-PER-01
2001-06-22,3.94,31.3,KL-PER-01
2001-06-23,4.06,19.3,KL-PER-01
2001-06-24,4.04,10.0,KL-PER-01
2001-06-25,3.91,11.3,KL-PER-01
2001-06-26,3.84,11.2,KL-PER-01
2001-06-27,3.72,8.9,KL-PER-01
2001-06-28,3.62,16.3,KL-PER-01
2001-06-29,3.69,24.8,KL-PER-01
2001-06-30,3.86,29.2,KL-PER-01
2001-07-01,3.91,5.6,KL-PER-01
2001-07-02,3.79,14.7,KL-PER-01
2001-07-03,3.89,35.4,KL-PER-01
2001-07-04,4.37,32.1,KL-PER-01
2001-07-05,4.7,27.0,KL-PER-01
2001-07-06,4.87,18.6,KL-PER-01
2001-07-07,5.19,24.6,KL-PER-01
2001-07-08,6.19,34.2,KL-PER-01
2001-07-09,6.78,22.9,KL-PER-01
2001-07-10,7.15,31.8,KL-PER-01
2001-07-11,7.11,35.1,KL-PER-01
2001-07-12,6.76,6.1,KL-PER-01
2001-07-13,6.21,1.2,KL-PER-01
2001-07-14,5.73,0.0,KL-PER-01
2001-07-15,5.3,0.9,KL-PER-01
2001-07-16,4.92,4.3,KL-PER-01
2001-07-17,4.64,9.0,KL-PER-01
2001-07-18,4.41,1.4,KL-PER-01
2001-07-19,4.15,1.2,KL-PER-01
2001-07-20,3.91,0.0,KL-PER-01
2001-07-21,3.66,0.0,KL-PER-01
2001-07-22,3.44,5.0,KL-PER-01
2001-07-23,3.27,3.1,KL-PER-01
2001-07-24,3.12,4.1,KL-PER-01
2001-07-25,2.98,19.9,KL-PER-01
2001-07-26,2.98,34.5,KL-PER-01
2001-07-27,3.21,30.3,KL-PER-01
2001-07-28,3.76,28.2,KL-PER-01
2001-07-29,4.01,9.3,KL-PER-01
2001-07-30,4.05,37.9,KL-PER-01
2001-07-31,4.24,21.6,KL-PER-01
2001-08-01,4.78,28.9,KL-PER-01
2001-08-02,5.46,29.6,KL-PER-01
2001-08-03,5.73,29.5,KL-PER-01
2001-08-04,5.75,24.7,KL-PER-01
2001-08-05,5.59,4.1,KL-PER-01
2001-08-06,5.21,6.0,KL-PER-01
2001-08-07,4.9,2.7,KL-PER-01
2001-08-08,4.61,3.5,KL-PER-01
2001-08-09,4.36,1.3,KL-PER-01
2001-08-10,4.08,3.9,KL-PER-01
2001-08-11,3.84,0.8,KL-PER-01
2001-08-12,3.62,4.7,KL-PER-01
2001-08-13,3.46,10.5,KL-PER-01
2001-08-14,3.32,2.7,KL-PER-01
2001-08-15,3.14,3.4,KL-PER-01
2001-08-16,2.98,5.6,KL-PER-01
2001-08-17,2.87,6.2,KL-PER-01
2001-08-18,2.75,12.5,KL-PER-01
2001-08-19,2.71,25.5,KL-PER-01
2001-08-20,2.78,11.1,KL-PER-01
2001-08-21,2.79,4.2,KL-PER-01
2001-08-22,2.71,10.9,KL-PER-01
2001-08-23,2.71,10.4,KL-PER-01
2001-08-24,2.64,4.1,KL-PER-01
2001-08-25,2.55,19.2,KL-PER-01
2001-08-26,2.56,11.0,KL-PER-01
2001-08-27,2.53,3.1,KL-PER-01
2001-08-28,2.44,2.5,KL-PER-01
2001-08-29,2.33,2.5,KL-PER-01
2001-08-30,2.25,2.6,KL-PER-01
2001-08-31,2.17,4.7,KL-PER-01
2001-09-01,2.09,0.4,KL-PER-01
2001-09-02,2.0,1.5,KL-PER-01
2001-09-03,1.89,0.2,KL-PER-01
2001-09-04,1.79,0.0,KL-PER-01
2001-09-05,1.69,0.4,KL-PER-01
2001-09-06,1.59,1.0,KL-PER-01
2001-09-07,1.52,0.4,KL-PER-01
2001-09-08,1.44,0.8,KL-PER-01
2001-09-09,1.38,2.3,KL-PER-01
2001-09-10,1.32,0.7,KL-PER-01
2001-09-11,1.26,0.1,KL-PER-01
2001-09-12,1.19,0.0,KL-PER-01
2001-09-13,1.14,0.0,KL-PER-01
2001-09-14,1.14,0.0,KL-PER-01
2001-09-15,1.12,0.2,KL-PER-01
2001-09-16,1.08,1.8,KL-PER-01
2001-09-17,1.06,1.3,KL-PER-01
2001-09-18,1.02,3.0,KL-PER-01
2001-09-19,1.01,7.7,KL-PER-01
2001-09-20,1.03,11.4,KL-PER-01
2001-09-21,1.06,1.3,KL-PER-01
2001-09-22,1.05,13.8,KL-PER-01
2001-09-23,1.09,13.0,KL-PER-01
2001-09-24,1.13,12.9,KL-PER-01
2001-09-25,1.18,15.3,KL-PER-01
2001-09-26,1.22,1.3,KL-PER-01
2001-09-27,1.19,11.7,KL-PER-01
2001-09-28,1.2,7.6,KL-PER-01
2001-09-29,1.23,26.8,KL-PER-01
2001-09-30,1.98,47.4,KL-PER-01
2001-10-01,2.37,9.9,KL-PER-01
2001-10-02,2.27,0.5,KL-PER-01
2001-10-03,2.1,2.3,KL-PER-01
2001-10-04,1.96,2.3,KL-PER-01
2001-10-05,1.85,1.2,KL-PER-01
2001-10-06,1.76,1.6,KL-PER-01
2001-10-07,1.67,2.2,KL-PER-01
2001-10-08,1.59,2.1,KL-PER-01
2001-10-09,1.51,1.4,KL-PER-01
2001-10-10,1.44,2.3,KL-PER-01
2001-10-11,1.38,9.9,KL-PER-01
2001-10-12,1.38,0.4,KL-PER-01
2001-10-13,1.34,20.2,KL-PER-01
2001-10-14,1.42,24.7,KL-PER-01
2001-10-15,1.53,12.1,KL-PER-01
2001-10-16,1.55,2.5,KL-PER-01
2001-10-17,1.5,11.9,KL-PER-01
2001-10-18,1.48,8.8,KL-PER-01
2001-10-19,1.46,10.5,KL-PER-01
2001-10-20,1.52,17.0,KL-PER-01
2001-10-21,1.75,3.9,KL-PER-01
2001-10-22,1.79,14.7,KL-PER-01
2001-10-23,1.89,1.5,KL-PER-01
2001-10-24,1.91,25.1,KL-PER-01
2001-10-25,2.06,10.8,KL-PER-01
2001-10-26,2.18,8.7,KL-PER-01
2001-10-27,2.43,12.8,KL-PER-01
2001-10-28,2.54,3.0,KL-PER-01
2001-10-29,2.52,16.6,KL-PER-01
2001-10-30,2.61,13.2,KL-PER-01
2001-10-31,2.62,1.4,KL-PER-01
2001-11-01,2.51,1.7,KL-PER-01
2001-11-02,2.39,0.7,KL-PER-01
2001-11-03,2.3,22.5,KL-PER-01
2001-11-04,2.35,13.0,KL-PER-01
2001-11-05,2.41,6.5,KL-PER-01
2001-11-06,2.4,15.7,KL-PER-01
2001-11-07,2.47,16.0,KL-PER-01
2001-11-08,2.53,14.7,KL-PER-01
2001-11-09,2.55,1.2,KL-PER-01
2001-11-10,2.42,3.9,KL-PER-01
2001-11-11,2.3,4.0,KL-PER-01
2001-11-12,2.21,0.8,KL-PER-01
2001-11-13,2.09,2.8,KL-PER-01
2001-11-14,2.01,18.5,KL-PER-01
2001-11-15,2.1,11.9,KL-PER-01
2001-11-16,2.33,20.4,KL-PER-01
2001-11-17,2.61,4.0,KL-PER-01
2001-11-18,2.56,9.0,KL-PER-01
2001-11-19,2.59,1.6,KL-PER-01
2001-11-20,2.56,1.3,KL-PER-01
2001-11-21,2.44,0.5,KL-PER-01
2001-11-22,2.69,17.8,KL-PER-01
2001-11-23,3.01,4.2,KL-PER-01
2001-11-24,2.98,1.4,KL-PER-01
2001-11-25,2.79,0.8,KL-PER-01
2001-11-26,2.62,0.0,KL-PER-01
2001-11-27,2.46,0.0,KL-PER-01
2001-11-28,2.31,1.2,KL-PER-01
2001-11-29,2.18,0.5,KL-PER-01
2001-11-30,2.06,0.0,KL-PER-01
2001-12-01,1.94,0.5,KL-PER-01
2001-12-02,1.84,0.0,KL-PER-01
2001-12-03,1.77,0.0,KL-PER-01
2001-12-04,1.7,0.3,KL-PER-01
2001-12-05,1.65,0.0,KL-PER-01
2001-12-06,1.62,0.1,KL-PER-01
2001-12-07,1.56,0.0,KL-PER-01
2001-12-08,1.48,0.0,KL-PER-01
2001-12-09,1.4,0.0,KL-PER-01
2001-12-10,1.33,0.0,KL-PER-01
2001-12-11,1.26,0.0,KL-PER-01
2001-12-12,1.19,0.0,KL-PER-01
2001-12-13,1.12,0.0,KL-PER-01
2001-12-14,1.06,0.0,KL-PER-01
2001-12-15,1.01,0.0,KL-PER-01
2001-12-16,0.97,0.0,KL-PER-01
2001-12-17,0.92,0.0,KL-PER-01
2001-12-18,0.87,0.0,KL-PER-01
2001-12-19,0.85,0.0,KL-PER-01
2001-12-20,0.81,0.0,KL-PER-01
2001-12-21,0.78,2.1,KL-PER-01
2001-12-22,0.81,7.6,KL-PER-01
2001-12-23,0.86,5.1,KL-PER-01
2001-12-24,0.89,0.2,KL-PER-01
2001-12-25,0.87,0.0,KL-PER-01
2001-12-26,0.86,0.0,KL-PER-01
2001-12-27,0.81,0.0,KL-PER-01
2001-12-28,0.78,0.0,KL-PER-01
2001-12-29,0.75,0.0,KL-PER-01
2001-12-30,0.73,0.0,KL-PER-01
2001-12-31,0.7,0.0,KL-PER-01
2002-01-01,0.69,0.0,KL-PER-01
2002-01-02,0.66,0.0,KL-PER-01
2002-01-03,0.63,0.0,KL-PER-01
2002-01-04,0.61,0.0,KL-PER-01
2002-01-05,0.58,0.0,KL-PER-01
2002-01-06,0.56,0.4,KL-PER-01
2002-01-07,0.55,0.0,KL-PER-01
2002-01-08,0.52,0.0,KL-PER-01
2002-01-09,0.5,0.0,KL-PER-01
2002-01-10,0.49,0.0,KL-PER-01
2002-01-11,0.47,0.0,KL-PER-01
2002-01-12,0.45,0.0,KL-PER-01
2002-01-13,0.44,0.0,KL-PER-01
2002-01-14,0.42,0.0,KL-PER-01
2002-01-15,0.41,0.0,KL-PER-01
2002-01-16,0.39,0.0,KL-PER-01
2002-01-17,0.39,0.3,KL-PER-01
2002-01-18,0.39,2.9,KL-PER-01
2002-01-19,0.37,0.0,KL-PER-01
2002-01-20,0.37,0.0,KL-PER-01
2002-01-21,0.36,0.7,KL-PER-01
2002-01-22,0.36,0.8,KL-PER-01
2002-01-23,0.36,0.0,KL-PER-01
2002-01-24,0.36,0.1,KL-PER-01
2002-01-25,0.34,0.0,KL-PER-01
2002-01-26,0.34,0.1,KL-PER-01
2002-01-27,0.34,0.1,KL-PER-01
2002-01-28,0.33,0.7,KL-PER-01
2002-01-29,0.33,0.0,KL-PER-01
2002-01-30,0.33,0.0,KL-PER-01
2002-01-31,0.33,0.0,KL-PER-01
2002-02-01,0.34,2.7,KL-PER-01
2002-02-02,0.36,2.5,KL-PER-01
2002-02-03,0.37,0.2,KL-PER-01
2002-02-04,0.37,2.8,KL-PER-01
2002-02-05,0.37,1.3,KL-PER-01
2002-02-06,0.37,2.0,KL-PER-01
2002-02-07,0.39,2.7,KL-PER-01
2002-02-08,0.39,13.5,KL-PER-01
2002-02-09,0.41,1.6,KL-PER-01
2002-02-10,0.39,0.2,KL-PER-01
2002-02-11,0.39,0.0,KL-PER-01
2002-02-12,0.37,0.0,KL-PER-01
2002-02-13,0.37,0.0,KL-PER-01
2002-02-14,0.36,0.0,KL-PER-01
2002-02-15,0.36,0.0,KL-PER-01
2002-02-16,0.34,0.0,KL-PER-01
2002-02-17,0.34,0.0,KL-PER-01
2002-02-18,0.33,0.0,KL-PER-01
2002-02-19,0.33,0.0,KL-PER-01
2002-02-20,0.34,0.0,KL-PER-01
2002-02-21,0.34,0.0,KL-PER-01
2002-02-22,0.34,0.0,KL-PER-01
2002-02-23,0.34,0.0,KL-PER-01
2002-02-24,0.34,0.0,KL-PER-01
2002-02-25,0.34,0.0,KL-PER-01
2002-02-26,0.34,0.0,KL-PER-01
2002-02-27,0.34,0.0,KL-PER-01
2002-02-28,0.34,0.0,KL-PER-01
2002-03-01,0.34,0.0,KL-PER-01
2002-03-02,0.31,0.0,KL-PER-01
2002-03-03,0.31,0.0,KL-PER-01
2002-03-04,0.31,0.0,KL-PER-01
2002-03-05,0.31,0.0,KL-PER-01
2002-03-06,0.31,0.0,KL-PER-01
2002-03-07,0.31,0.0,KL-PER-01
2002-03-08,0.31,0.1,KL-PER-01
2002-03-09,0.31,2.3,KL-PER-01
2002-03-10,0.31,0.0,KL-PER-01
2002-03-11,0.31,0.0,KL-PER-01
2002-03-12,0.31,0.0,KL-PER-01
2002-03-13,0.31,0.0,KL-PER-01
2002-03-14,0.31,0.4,KL-PER-01
2002-03-15,0.31,6.8,KL-PER-01
2002-03-16,0.34,9.7,KL-PER-01
2002-03-17,0.34,1.4,KL-PER-01
2002-03-18,0.34,0.0,KL-PER-01
2002-03-19,0.34,0.0,KL-PER-01
2002-03-20,0.34,0.0,KL-PER-01
2002-03-21,0.31,0.0,KL-PER-01
2002-03-22,0.31,0.1,KL-PER-01
2002-03-23,0.31,2.3,KL-PER-01
2002-03-24,0.34,13.7,KL-PER-01
2002-03-25,0.34,0.7,KL-PER-01
2002-03-26,0.34,0.7,KL-PER-01
2002-03-27,0.34,2.5,KL-PER-01
2002-03-28,0.34,7.5,KL-PER-01
2002-03-29,0.34,1.7,KL-PER-01
2002-03-30,0.34,10.9,KL-PER-01
2002-03-31,0.34,2.1,KL-PER-01
2002-04-01,0.34,5.5,KL-PER-01
2002-04-02,0.34,3.2,KL-PER-01
2002-04-03,0.34,0.0,KL-PER-01
2002-04-04,0.34,2.6,KL-PER-01
2002-04-05,0.34,16.1,KL-PER-01
2002-04-06,0.34,5.3,KL-PER-01
2002-04-07,0.34,1.3,KL-PER-01
2002-04-08,0.34,12.8,KL-PER-01
2002-04-09,0.34,3.9,KL-PER-01
2002-04-10,0.34,7.5,KL-PER-01
2002-04-11,0.34,2.9,KL-PER-01
2002-04-12,0.34,5.8,KL-PER-01
2002-04-13,0.34,15.5,KL-PER-01
2002-04-14,0.37,3.3,KL-PER-01
2002-04-15,0.37,1.5,KL-PER-01
2002-04-16,0.37,1.4,KL-PER-01
2002-04-17,0.34,0.6,KL-PER-01
2002-04-18,0.34,1.2,KL-PER-01
2002-04-19,0.34,3.8,KL-PER-01
2002-04-20,0.34,4.3,KL-PER-01
2002-04-21,0.34,3.0,KL-PER-01
2002-04-22,0.37,4.4,KL-PER-01
2002-04-23,0.37,2.6,KL-PER-01
2002-04-24,0.37,4.6,KL-PER-01
2002-04-25,0.37,0.7,KL-PER-01
2002-04-26,0.37,3.7,KL-PER-01
2002-04-27,0.37,1.7,KL-PER-01
2002-04-28,0.37,1.3,KL-PER-01
2002-04-29,0.41,3.0,KL-PER-01
2002-04-30,0.41,3.4,KL-PER-01
2002-05-01,0.41,6.3,KL-PER-01
2002-05-02,0.41,3.1,KL-PER-01
2002-05-03,0.44,16.1,KL-PER-01
2002-05-04,0.47,17.1,KL-PER-01
2002-05-05,0.5,3.6,KL-PER-01
2002-05-06,0.5,3.7,KL-PER-01
2002-05-07,0.5,5.6,KL-PER-01
2002-05-08,0.5,5.2,KL-PER-01
2002-05-09,0.5,6.1,KL-PER-01
2002-05-10,0.5,15.4,KL-PER-01
2002-05-11,0.56,7.8,KL-PER-01
2002-05-12,0.56,18.1,KL-PER-01
2002-05-13,0.63,17.3,KL-PER-01
2002-05-14,0.66,6.8,KL-PER-01
2002-05-15,0.66,5.3,KL-PER-01
2002-05-16,0.66,9.3,KL-PER-01
2002-05-17,0.69,26.6,KL-PER-01
2002-05-18,0.94,62.9,KL-PER-01
2002-05-19,1.34,45.7,KL-PER-01
2002-05-20,1.59,15.9,KL-PER-01
2002-05-21,1.65,17.2,KL-PER-01
2002-05-22,1.65,9.9,KL-PER-01
2002-05-23,1.62,9.9,KL-PER-01
2002-05-24,1.59,4.7,KL-PER-01
2002-05-25,1.56,8.8,KL-PER-01
2002-05-26,1.56,3.0,KL-PER-01
2002-05-27,1.5,9.1,KL-PER-01
2002-05-28,1.53,17.1,KL-PER-01
2002-05-29,1.59,13.6,KL-PER-01
2002-05-30,1.65,12.9,KL-PER-01
2002-05-31,1.69,7.8,KL-PER-01
2002-06-01,1.69,15.8,KL-PER-01
2002-06-02,1.72,23.1,KL-PER-01
2002-06-03,1.78,16.0,KL-PER-01
2002-06-04,1.78,1.2,KL-PER-01
2002-06-05,1.72,9.3,KL-PER-01
2002-06-06,1.72,10.4,KL-PER-01
2002-06-07,1.72,4.2,KL-PER-01
2002-06-08,1.65,8.4,KL-PER-01
2002-06-09,1.65,12.0,KL-PER-01
2002-06-10,1.69,15.9,KL-PER-01
2002-06-11,1.75,24.0,KL-PER-01
2002-06-12,1.94,20.4,KL-PER-01
2002-06-13,3.32,61.2,KL-PER-01
2002-06-14,4.0,29.3,KL-PER-01
2002-06-15,3.94,22.2,KL-PER-01
2002-06-16,3.81,4.8,KL-PER-01
2002-06-17,3.53,1.4,KL-PER-01
2002-06-18,3.29,6.9,KL-PER-01
2002-06-19,3.12,19.4,KL-PER-01
2002-06-20,3.07,8.7,KL-PER-01
2002-06-21,2.97,10.0,KL-PER-01
2002-06-22,2.89,10.8,KL-PER-01
2002-06-23,2.87,18.7,KL-PER-01
2002-06-24,3.17,28.5,KL-PER-01
2002-06-25,3.38,12.4,KL-PER-01
2002-06-26,3.35,5.2,KL-PER-01
2002-06-27,3.19,2.3,KL-PER-01
2002-06-28,3.02,0.9,KL-PER-01
2002-06-29,2.86,3.1,KL-PER-01
2002-06-30,2.71,4.1,KL-PER-01
2002-07-01,2.61,17.5,KL-PER-01
2002-07-02,2.67,14.8,KL-PER-01
2002-07-03,2.71,6.7,KL-PER-01
2002-07-04,2.66,14.3,KL-PER-01
2002-07-05,2.69,3.7,KL-PER-01
2002-07-06,2.58,6.0,KL-PER-01
2002-07-07,2.48,3.6,KL-PER-01
2002-07-08,2.39,2.9,KL-PER-01
2002-07-09,2.3,6.0,KL-PER-01
2002-07-10,2.21,4.9,KL-PER-01
2002-07-11,2.16,11.0,KL-PER-01
2002-07-12,2.21,10.5,KL-PER-01
2002-07-13,2.21,3.9,KL-PER-01
2002-07-14,2.17,6.5,KL-PER-01
2002-07-15,2.18,5.6,KL-PER-01
2002-07-16,2.14,1.7,KL-PER-01
2002-07-17,2.05,7.5,KL-PER-01
2002-07-18,2.0,4.7,KL-PER-01
2002-07-19,1.95,6.2,KL-PER-01
2002-07-20,1.9,10.5,KL-PER-01
2002-07-21,1.9,20.4,KL-PER-01
2002-07-22,1.95,8.4,KL-PER-01
2002-07-23,1.97,12.8,KL-PER-01
2002-07-24,1.97,3.2,KL-PER-01
2002-07-25,1.9,11.9,KL-PER-01
2002-07-26,1.9,3.3,KL-PER-01
2002-07-27,1.82,6.2,KL-PER-01
2002-07-28,1.78,14.3,KL-PER-01
2002-07-29,1.84,20.8,KL-PER-01
2002-07-30,1.99,10.9,KL-PER-01
2002-07-31,2.37,38.9,KL-PER-01
2002-08-01,3.03,36.5,KL-PER-01
2002-08-02,3.65,39.4,KL-PER-01
2002-08-03,4.33,30.2,KL-PER-01
2002-08-04,4.7,25.0,KL-PER-01
2002-08-05,4.69,23.0,KL-PER-01
2002-08-06,4.57,20.3,KL-PER-01
2002-08-07,4.42,8.6,KL-PER-01
2002-08-08,4.2,12.9,KL-PER-01
2002-08-09,4.11,19.0,KL-PER-01
2002-08-10,4.06,14.4,KL-PER-01
2002-08-11,4.0,23.1,KL-PER-01
2002-08-12,3.95,5.6,KL-PER-01
2002-08-13,3.76,4.1,KL-PER-01
2002-08-14,3.58,4.9,KL-PER-01
2002-08-15,3.46,21.5,KL-PER-01
2002-08-16,4.05,40.5,KL-PER-01
2002-08-17,4.48,23.2,KL-PER-01
2002-08-18,4.48,1.9,KL-PER-01
2002-08-19,4.19,5.1,KL-PER-01
2002-08-20,3.94,3.2,KL-PER-01
2002-08-21,3.73,3.8,KL-PER-01
2002-08-22,3.53,6.8,KL-PER-01
2002-08-23,3.4,3.2,KL-PER-01
2002-08-24,3.21,0.7,KL-PER-01
2002-08-25,3.03,1.8,KL-PER-01
2002-08-26,2.86,0.5,KL-PER-01
2002-08-27,2.69,1.7,KL-PER-01
2002-08-28,2.61,1.3,KL-PER-01
2002-08-29,2.5,3.9,KL-PER-01
2002-08-30,2.4,3.7,KL-PER-01
2002-08-31,2.3,2.6,KL-PER-01
2002-09-01,2.18,1.4,KL-PER-01
2002-09-02,2.08,2.9,KL-PER-01
2002-09-03,2.0,2.4,KL-PER-01
2002-09-04,1.9,2.5,KL-PER-01
2002-09-05,1.82,5.1,KL-PER-01
2002-09-06,1.78,5.6,KL-PER-01
2002-09-07,1.74,20.3,KL-PER-01
2002-09-08,1.74,5.7,KL-PER-01
2002-09-09,1.69,13.2,KL-PER-01
2002-09-10,1.74,4.5,KL-PER-01
2002-09-11,1.68,1.2,KL-PER-01
2002-09-12,1.59,1.1,KL-PER-01
2002-09-13,1.52,0.0,KL-PER-01
2002-09-14,1.44,2.7,KL-PER-01
2002-09-15,1.43,5.5,KL-PER-01
2002-09-16,1.39,3.1,KL-PER-01
2002-09-17,1.33,2.0,KL-PER-01
2002-09-18,1.28,0.7,KL-PER-01
2002-09-19,1.21,1.5,KL-PER-01
2002-09-20,1.17,1.4,KL-PER-01
2002-09-21,1.12,0.1,KL-PER-01
2002-09-22,1.07,0.0,KL-PER-01
2002-09-23,1.01,0.0,KL-PER-01
2002-09-24,0.96,0.2,KL-PER-01
2002-09-25,0.91,2.3,KL-PER-01
2002-09-26,0.88,0.0,KL-PER-01
2002-09-27,0.84,0.0,KL-PER-01
2002-09-28,0.8,0.0,KL-PER-01
2002-09-29,0.79,6.0,KL-PER-01
2002-09-30,0.84,16.9,KL-PER-01
2002-10-01,0.96,20.7,KL-PER-01
2002-10-02,1.06,5.2,KL-PER-01
2002-10-03,1.06,21.1,KL-PER-01
2002-10-04,1.19,12.5,KL-PER-01
2002-10-05,1.26,12.0,KL-PER-01
2002-10-06,1.43,7.5,KL-PER-01
2002-10-07,1.55,11.0,KL-PER-01
2002-10-08,1.67,22.4,KL-PER-01
2002-10-09,1.96,18.0,KL-PER-01
2002-10-10,2.15,4.5,KL-PER-01
2002-10-11,2.09,8.5,KL-PER-01
2002-10-12,2.07,33.1,KL-PER-01
2002-10-13,2.26,21.5,KL-PER-01
2002-10-14,2.56,40.1,KL-PER-01
2002-10-15,2.86,14.1,KL-PER-01
2002-10-16,2.86,9.0,KL-PER-01
2002-10-17,2.79,6.3,KL-PER-01
2002-10-18,2.68,5.4,KL-PER-01
2002-10-19,2.57,5.8,KL-PER-01
2002-10-20,2.48,8.1,KL-PER-01
2002-10-21,2.43,6.8,KL-PER-01
2002-10-22,2.35,18.7,KL-PER-01
2002-10-23,2.37,3.2,KL-PER-01
2002-10-24,2.27,8.6,KL-PER-01
2002-10-25,2.21,2.7,KL-PER-01
2002-10-26,2.12,12.0,KL-PER-01
2002-10-27,2.1,1.3,KL-PER-01
2002-10-28,1.99,0.4,KL-PER-01
2002-10-29,1.89,18.2,KL-PER-01
2002-10-30,1.91,17.1,KL-PER-01
2002-10-31,1.97,3.5,KL-PER-01
2002-11-01,1.99,11.2,KL-PER-01
2002-11-02,2.05,15.4,KL-PER-01
2002-11-03,2.13,2.5,KL-PER-01
2002-11-04,2.1,5.6,KL-PER-01
2002-11-05,2.23,14.0,KL-PER-01
2002-11-06,2.39,19.4,KL-PER-01
2002-11-07,2.5,18.2,KL-PER-01
2002-11-08,2.65,3.1,KL-PER-01
2002-11-09,2.79,10.4,KL-PER-01
2002-11-10,2.84,11.5,KL-PER-01
2002-11-11,2.81,1.5,KL-PER-01
2002-11-12,2.67,1.2,KL-PER-01
2002-11-13,2.52,1.0,KL-PER-01
2002-11-14,2.39,7.7,KL-PER-01
2002-11-15,2.4,5.8,KL-PER-01
2002-11-16,2.42,0.0,KL-PER-01
2002-11-17,2.31,1.4,KL-PER-01
2002-11-18,2.3,13.7,KL-PER-01
2002-11-19,2.33,4.6,KL-PER-01
2002-11-20,2.31,3.3,KL-PER-01
2002-11-21,2.42,10.4,KL-PER-01
2002-11-22,2.56,2.6,KL-PER-01
2002-11-23,2.47,0.0,KL-PER-01
2002-11-24,2.33,1.9,KL-PER-01
2002-11-25,2.21,3.0,KL-PER-01
2002-11-26,2.11,2.1,KL-PER-01
2002-11-27,2.05,2.7,KL-PER-01
2002-11-28,1.95,0.0,KL-PER-01
2002-11-29,1.86,0.6,KL-PER-01
2002-11-30,1.78,0.2,KL-PER-01
2002-12-01,1.7,0.0,KL-PER-01
2002-12-02,1.59,0.0,KL-PER-01
2002-12-03,1.52,0.0,KL-PER-01
2002-12-04,1.44,0.0,KL-PER-01
2002-12-05,1.36,0.0,KL-PER-01
2002-12-06,1.3,3.6,KL-PER-01
2002-12-07,1.34,16.0,KL-PER-01
2002-12-08,1.4,0.5,KL-PER-01
2002-12-09,1.36,0.0,KL-PER-01
2002-12-10,1.3,0.0,KL-PER-01
2002-12-11,1.28,0.0,KL-PER-01
2002-12-12,1.22,0.0,KL-PER-01
2002-12-13,1.16,0.0,KL-PER-01
2002-12-14,1.09,0.0,KL-PER-01
2002-12-15,1.03,0.0,KL-PER-01
2002-12-16,0.99,0.0,KL-PER-01
2002-12-17,0.94,0.0,KL-PER-01
2002-12-18,0.89,0.0,KL-PER-01
2002-12-19,0.86,0.0,KL-PER-01
2002-12-20,0.81,0.0,KL-PER-01
2002-12-21,0.78,0.0,KL-PER-01
2002-12-22,0.73,0.0,KL-PER-01
2002-12-23,0.7,0.0,KL-PER-01
2002-12-24,0.67,0.0,KL-PER-01
2002-12-25,0.64,0.0,KL-PER-01
2002-12-26,0.61,0.0,KL-PER-01
2002-12-27,0.59,0.0,KL-PER-01
2002-12-28,0.56,0.3,KL-PER-01
2002-12-29,0.56,1.2,KL-PER-01
2002-12-30,0.56,0.8,KL-PER-01
2002-12-31,0.55,0.0,KL-PER-01
2003-01-01,0.53,0.0,KL-PER-01
2003-01-02,0.5,0.2,KL-PER-01
2003-01-03,0.49,0.0,KL-PER-01
2003-01-04,0.47,0.0,KL-PER-01
2003-01-05,0.45,0.0,KL-PER-01
2003-01-06,0.44,0.0,KL-PER-01
2003-01-07,0.42,0.0,KL-PER-01
2003-01-08,0.42,0.0,KL-PER-01
2003-01-09,0.41,0.0,KL-PER-01
2003-01-10,0.41,0.0,KL-PER-01
2003-01-11,0.41,0.0,KL-PER-01
2003-01-12,0.39,0.0,KL-PER-01
2003-01-13,0.37,0.0,KL-PER-01
2003-01-14,0.37,0.0,KL-PER-01
2003-01-15,0.36,0.0,KL-PER-01
2003-01-16,0.36,0.0,KL-PER-01
2003-01-17,0.34,0.0,KL-PER-01
2003-01-18,0.34,0.0,KL-PER-01
2003-01-19,0.33,0.0,KL-PER-01
2003-01-20,0.33,0.0,KL-PER-01
2003-01-21,0.33,0.0,KL-PER-01
2003-01-22,0.33,0.0,KL-PER-01
2003-01-23,0.33,0.0,KL-PER-01
2003-01-24,0.33,0.0,KL-PER-01
2003-01-25,0.33,0.0,KL-PER-01
2003-01-26,0.33,0.0,KL-PER-01
2003-01-27,0.33,0.0,KL-PER-01
2003-01-28,0.33,0.0,KL-PER-01
2003-01-29,0.33,0.0,KL-PER-01
2003-01-30,0.33,0.0,KL-PER-01
2003-01-31,0.33,0.0,KL-PER-01
2003-02-01,0.33,2.8,KL-PER-01
2003-02-02,0.33,1.2,KL-PER-01
2003-02-03,0.33,3.4,KL-PER-01
2003-02-04,0.33,0.4,KL-PER-01
2003-02-05,0.33,0.0,KL-PER-01
2003-02-06,0.33,0.0,KL-PER-01
2003-02-07,0.33,1.4,KL-PER-01
2003-02-08,0.33,0.0,KL-PER-01
2003-02-09,0.33,0.0,KL-PER-01
2003-02-10,0.33,0.0,KL-PER-01
2003-02-11,0.33,0.0,KL-PER-01
2003-02-12,0.33,3.8,KL-PER-01
2003-02-13,0.33,16.0,KL-PER-01
2003-02-14,0.34,1.2,KL-PER-01
2003-02-15,0.34,0.5,KL-PER-01
2003-02-16,0.34,0.0,KL-PER-01
2003-02-17,0.33,0.0,KL-PER-01
2003-02-18,0.33,0.0,KL-PER-01
2003-02-19,0.33,0.0,KL-PER-01
2003-02-20,0.33,0.0,KL-PER-01
2003-02-21,0.33,0.0,KL-PER-01
2003-02-22,0.33,0.0,KL-PER-01
2003-02-23,0.33,0.0,KL-PER-01
2003-02-24,0.33,1.3,KL-PER-01
2003-02-25,0.33,16.7,KL-PER-01
2003-02-26,0.36,15.0,KL-PER-01
2003-02-27,0.37,0.2,KL-PER-01
2003-02-28,0.36,2.1,KL-PER-01
2003-03-01,0.36,0.5,KL-PER-01
2003-03-02,0.34,0.3,KL-PER-01
2003-03-03,0.34,0.0,KL-PER-01
2003-03-04,0.33,0.0,KL-PER-01
2003-03-05,0.33,0.0,KL-PER-01
2003-03-06,0.33,0.0,KL-PER-01
2003-03-07,0.33,0.0,KL-PER-01
2003-03-08,0.33,0.0,KL-PER-01
2003-03-09,0.33,0.0,KL-PER-01
2003-03-10,0.31,0.0,KL-PER-01
2003-03-11,0.31,1.1,KL-PER-01
2003-03-12,0.31,1.5,KL-PER-01
2003-03-13,0.31,1.2,KL-PER-01
2003-03-14,0.34,4.2,KL-PER-01
2003-03-15,0.34,0.8,KL-PER-01
2003-03-16,0.34,3.5,KL-PER-01
2003-03-17,0.34,12.6,KL-PER-01
2003-03-18,0.37,12.8,KL-PER-01
2003-03-19,0.41,38.2,KL-PER-01
2003-03-20,0.47,5.5,KL-PER-01
2003-03-21,0.47,0.6,KL-PER-01
2003-03-22,0.44,0.0,KL-PER-01
2003-03-23,0.44,0.0,KL-PER-01
2003-03-24,0.41,0.0,KL-PER-01
2003-03-25,0.41,0.0,KL-PER-01
2003-03-26,0.37,0.0,KL-PER-01
2003-03-27,0.37,2.0,KL-PER-01
2003-03-28,0.37,0.3,KL-PER-01
2003-03-29,0.37,1.2,KL-PER-01
2003-03-30,0.37,6.0,KL-PER-01
2003-03-31,0.37,4.5,KL-PER-01
2003-04-01,0.37,1.5,KL-PER-01
2003-04-02,0.37,9.2,KL-PER-01
2003-04-03,0.37,8.7,KL-PER-01
2003-04-04,0.41,9.1,KL-PER-01
2003-04-05,0.41,0.2,KL-PER-01
2003-04-06,0.44,27.6,KL-PER-01
2003-04-07,0.5,1.5,KL-PER-01
2003-04-08,0.47,0.3,KL-PER-01
2003-04-09,0.47,1.1,KL-PER-01
2003-04-10,0.47,7.2,KL-PER-01
2003-04-11,0.47,2.9,KL-PER-01
2003-04-12,0.47,1.4,KL-PER-01
2003-04-13,0.47,2.5,KL-PER-01
2003-04-14,0.47,2.4,KL-PER-01
2003-04-15,0.47,9.0,KL-PER-01
2003-04-16,0.47,0.0,KL-PER-01
2003-04-17,0.47,2.4,KL-PER-01
2003-04-18,0.47,2.8,KL-PER-01
2003-04-19,0.47,18.2,KL-PER-01
2003-04-20,0.5,10.1,KL-PER-01
2003-04-21,0.56,6.0,KL-PER-01
2003-04-22,0.56,6.6,KL-PER-01
2003-04-23,0.59,3.9,KL-PER-01
2003-04-24,0.59,1.3,KL-PER-01
2003-04-25,0.59,21.2,KL-PER-01
2003-04-26,0.66,0.0,KL-PER-01
2003-04-27,0.63,1.3,KL-PER-01
2003-04-28,0.66,10.5,KL-PER-01
2003-04-29,0.78,76.6,KL-PER-01
2003-04-30,1.06,23.3,KL-PER-01
2003-05-01,1.22,9.6,KL-PER-01
2003-05-02,1.28,10.9,KL-PER-01
2003-05-03,1.31,13.1,KL-PER-01
2003-05-04,1.34,7.3,KL-PER-01
2003-05-05,1.4,8.2,KL-PER-01
2003-05-06,1.47,7.6,KL-PER-01
2003-05-07,1.4,4.7,KL-PER-01
2003-05-08,1.38,3.3,KL-PER-01
2003-05-09,1.31,0.0,KL-PER-01
2003-05-10,1.28,5.7,KL-PER-01
2003-05-11,1.28,13.8,KL-PER-01
2003-05-12,1.34,5.7,KL-PER-01
2003-05-13,1.31,5.5,KL-PER-01
2003-05-14,1.31,7.8,KL-PER-01
2003-05-15,1.31,3.8,KL-PER-01
2003-05-16,1.34,19.3,KL-PER-01
2003-05-17,1.5,10.5,KL-PER-01
2003-05-18,1.53,1.0,KL-PER-01
2003-05-19,1.44,0.2,KL-PER-01
2003-05-20,1.38,0.2,KL-PER-01
2003-05-21,1.28,5.7,KL-PER-01
2003-05-22,1.25,2.2,KL-PER-01
2003-05-23,1.19,2.5,KL-PER-01
2003-05-24,1.16,0.1,KL-PER-01
2003-05-25,1.09,4.3,KL-PER-01
2003-05-26,1.09,10.2,KL-PER-01
2003-05-27,1.12,19.9,KL-PER-01
2003-05-28,1.22,8.8,KL-PER-01
2003-05-29,1.25,12.9,KL-PER-01
2003-05-30,1.28,0.3,KL-PER-01
2003-05-31,1.22,0.0,KL-PER-01
2003-06-01,1.16,4.7,KL-PER-01
2003-06-02,1.12,2.5,KL-PER-01
2003-06-03,1.06,9.8,KL-PER-01
2003-06-04,1.12,6.8,KL-PER-01
2003-06-05,1.12,9.7,KL-PER-01
2003-06-06,1.16,11.7,KL-PER-01
2003-06-07,1.19,18.6,KL-PER-01
2003-06-08,1.28,20.5,KL-PER-01
2003-06-09,1.44,10.1,KL-PER-01
2003-06-10,1.47,5.0,KL-PER-01
2003-06-11,1.44,5.5,KL-PER-01
2003-06-12,1.4,22.8,KL-PER-01
2003-06-13,1.62,31.7,KL-PER-01
2003-06-14,1.94,32.3,KL-PER-01
2003-06-15,2.16,35.8,KL-PER-01
2003-06-16,3.03,56.2,KL-PER-01
2003-06-17,4.19,39.2,KL-PER-01
2003-06-18,5.07,44.8,KL-PER-01
2003-06-19,5.31,32.7,KL-PER-01
2003-06-20,5.56,47.4,KL-PER-01
2003-06-21,6.85,74.8,KL-PER-01
2003-06-22,7.38,34.7,KL-PER-01
2003-06-23,7.28,26.9,KL-PER-01
2003-06-24,7.47,50.0,KL-PER-01
2003-06-25,7.18,10.0,KL-PER-01
2003-06-26,6.59,4.1,KL-PER-01
2003-06-27,6.06,13.5,KL-PER-01
2003-06-28,5.68,12.5,KL-PER-01
2003-06-29,5.43,17.9,KL-PER-01
2003-06-30,5.24,12.9,KL-PER-01
2003-07-01,5.19,33.3,KL-PER-01
2003-07-02,5.27,20.9,KL-PER-01
2003-07-03,5.22,22.0,KL-PER-01
2003-07-04,5.93,57.8,KL-PER-01
2003-07-05,6.94,46.8,KL-PER-01
2003-07-06,6.87,18.2,KL-PER-01
2003-07-07,6.45,1.9,KL-PER-01
2003-07-08,5.95,20.0,KL-PER-01
2003-07-09,5.73,12.0,KL-PER-01
2003-07-10,5.47,5.8,KL-PER-01
2003-07-11,5.35,37.7,KL-PER-01
2003-07-12,5.4,15.7,KL-PER-01
2003-07-13,6.13,57.6,KL-PER-01
2003-07-14,6.73,37.5,KL-PER-01
2003-07-15,6.82,36.6,KL-PER-01
2003-07-16,6.59,18.9,KL-PER-01
2003-07-17,6.23,6.9,KL-PER-01
2003-07-18,5.84,13.5,KL-PER-01
2003-07-19,5.55,6.3,KL-PER-01
2003-07-20,5.22,3.5,KL-PER-01
2003-07-21,4.9,8.8,KL-PER-01
2003-07-22,4.71,11.1,KL-PER-01
2003-07-23,4.57,16.0,KL-PER-01
2003-07-24,4.6,13.7,KL-PER-01
2003-07-25,4.47,8.7,KL-PER-01
2003-07-26,4.31,26.4,KL-PER-01
2003-07-27,4.28,15.9,KL-PER-01
2003-07-28,4.18,19.0,KL-PER-01
2003-07-29,4.13,7.0,KL-PER-01
2003-07-30,3.95,12.2,KL-PER-01
2003-07-31,3.88,11.8,KL-PER-01
2003-08-01,3.83,7.7,KL-PER-01
2003-08-02,3.7,11.3,KL-PER-01
2003-08-03,3.56,9.3,KL-PER-01
2003-08-04,3.44,13.0,KL-PER-01
2003-08-05,3.35,4.5,KL-PER-01
2003-08-06,3.22,11.9,KL-PER-01
2003-08-07,3.19,6.8,KL-PER-01
2003-08-08,3.11,10.4,KL-PER-01
2003-08-09,3.06,7.2,KL-PER-01
2003-08-10,2.95,1.4,KL-PER-01
2003-08-11,2.79,5.8,KL-PER-01
2003-08-12,2.71,11.7,KL-PER-01
2003-08-13,2.64,9.6,KL-PER-01
2003-08-14,2.6,10.1,KL-PER-01
2003-08-15,2.56,18.1,KL-PER-01
2003-08-16,2.58,12.3,KL-PER-01
2003-08-17,2.55,19.5,KL-PER-01
2003-08-18,2.55,5.0,KL-PER-01
2003-08-19,2.48,6.4,KL-PER-01
2003-08-20,2.4,9.4,KL-PER-01
2003-08-21,2.39,9.2,KL-PER-01
2003-08-22,2.69,32.6,KL-PER-01
2003-08-23,3.11,18.6,KL-PER-01
2003-08-24,3.25,9.4,KL-PER-01
2003-08-25,3.14,2.0,KL-PER-01
2003-08-26,2.98,7.5,KL-PER-01
2003-08-27,2.87,17.4,KL-PER-01
2003-08-28,2.86,0.6,KL-PER-01
2003-08-29,2.71,8.4,KL-PER-01
2003-08-30,2.6,13.2,KL-PER-01
2003-08-31,2.71,47.8,KL-PER-01
2003-09-01,2.95,21.2,KL-PER-01
2003-09-02,3.02,19.4,KL-PER-01
2003-09-03,3.0,10.3,KL-PER-01
2003-09-04,2.91,1.4,KL-PER-01
2003-09-05,2.77,3.2,KL-PER-01
2003-09-06,2.64,14.1,KL-PER-01
2003-09-07,2.6,3.9,KL-PER-01
2003-09-08,2.47,2.0,KL-PER-01
2003-09-09,2.34,3.6,KL-PER-01
2003-09-10,2.25,7.2,KL-PER-01
2003-09-11,2.18,2.5,KL-PER-01
2003-09-12,2.09,2.7,KL-PER-01
2003-09-13,2.0,2.6,KL-PER-01
2003-09-14,1.9,5.5,KL-PER-01
2003-09-15,1.84,2.0,KL-PER-01
2003-09-16,1.78,8.2,KL-PER-01
2003-09-17,1.75,12.5,KL-PER-01
2003-09-18,1.74,4.5,KL-PER-01
2003-09-19,1.69,9.9,KL-PER-01
2003-09-20,1.65,0.0,KL-PER-01
2003-09-21,1.56,0.3,KL-PER-01
2003-09-22,1.48,0.0,KL-PER-01
2003-09-23,1.4,1.3,KL-PER-01
2003-09-24,1.34,2.5,KL-PER-01
2003-09-25,1.3,8.9,KL-PER-01
2003-09-26,1.3,8.6,KL-PER-01
2003-09-27,1.3,4.1,KL-PER-01
2003-09-28,1.28,3.8,KL-PER-01
2003-09-29,1.23,6.4,KL-PER-01
2003-09-30,1.55,34.7,KL-PER-01
2003-10-01,2.78,55.7,KL-PER-01
2003-10-02,3.46,41.7,KL-PER-01
2003-10-03,3.61,28.3,KL-PER-01
2003-10-04,3.53,6.3,KL-PER-01
2003-10-05,3.25,25.9,KL-PER-01
2003-10-06,3.36,36.0,KL-PER-01
2003-10-07,3.99,47.8,KL-PER-01
2003-10-08,4.19,9.8,KL-PER-01
2003-10-09,3.89,0.8,KL-PER-01
2003-10-10,3.58,0.9,KL-PER-01
2003-10-11,3.33,5.5,KL-PER-01
2003-10-12,3.2,22.9,KL-PER-01
2003-10-13,3.3,7.8,KL-PER-01
2003-10-14,3.21,6.2,KL-PER-01
2003-10-15,3.1,11.8,KL-PER-01
2003-10-16,3.07,11.5,KL-PER-01
2003-10-17,3.03,16.9,KL-PER-01
2003-10-18,3.0,16.0,KL-PER-01
2003-10-19,3.01,17.1,KL-PER-01
2003-10-20,3.01,21.3,KL-PER-01
2003-10-21,3.02,9.8,KL-PER-01
2003-10-22,2.94,5.2,KL-PER-01
2003-10-23,2.85,16.6,KL-PER-01
2003-10-24,2.86,8.2,KL-PER-01
2003-10-25,2.78,1.7,KL-PER-01
2003-10-26,2.62,0.2,KL-PER-01
2003-10-27,2.48,1.2,KL-PER-01
2003-10-28,2.36,1.9,KL-PER-01
2003-10-29,2.25,0.5,KL-PER-01
2003-10-30,2.21,1.1,KL-PER-01
2003-10-31,2.13,3.7,KL-PER-01
2003-11-01,2.09,15.7,KL-PER-01
2003-11-02,2.11,1.2,KL-PER-01
2003-11-03,2.01,4.2,KL-PER-01
2003-11-04,2.0,0.6,KL-PER-01
2003-11-05,1.93,3.9,KL-PER-01
2003-11-06,2.0,24.4,KL-PER-01
2003-11-07,2.3,23.9,KL-PER-01
2003-11-08,2.55,12.5,KL-PER-01
2003-11-09,2.65,0.2,KL-PER-01
2003-11-10,2.54,1.4,KL-PER-01
2003-11-11,2.48,0.0,KL-PER-01
2003-11-12,2.33,0.0,KL-PER-01
2003-11-13,2.22,0.0,KL-PER-01
2003-11-14,2.11,2.4,KL-PER-01
2003-11-15,2.16,0.2,KL-PER-01
2003-11-16,2.11,1.6,KL-PER-01
2003-11-17,2.03,0.7,KL-PER-01
2003-11-18,1.92,0.0,KL-PER-01
2003-11-19,1.82,0.0,KL-PER-01
2003-11-20,1.74,1.5,KL-PER-01
2003-11-21,1.7,0.1,KL-PER-01
2003-11-22,1.67,1.5,KL-PER-01
2003-11-23,1.64,0.2,KL-PER-01
2003-11-24,1.64,0.0,KL-PER-01
2003-11-25,1.55,0.0,KL-PER-01
2003-11-26,1.47,0.0,KL-PER-01
2003-11-27,1.44,0.0,KL-PER-01
2003-11-28,1.38,8.6,KL-PER-01
2003-11-29,1.42,8.9,KL-PER-01
2003-11-30,1.45,4.3,KL-PER-01
2003-12-01,1.42,0.0,KL-PER-01
2003-12-02,1.34,0.0,KL-PER-01
2003-12-03,1.28,0.0,KL-PER-01
2003-12-04,1.22,0.0,KL-PER-01
2003-12-05,1.16,0.0,KL-PER-01
2003-12-06,1.09,0.0,KL-PER-01
2003-12-07,1.05,0.0,KL-PER-01
2003-12-08,0.99,0.0,KL-PER-01
2003-12-09,0.94,0.0,KL-PER-01
2003-12-10,0.89,0.0,KL-PER-01
2003-12-11,0.86,0.0,KL-PER-01
2003-12-12,0.81,0.0,KL-PER-01
2003-12-13,0.78,0.0,KL-PER-01
2003-12-14,0.73,0.0,KL-PER-01
2003-12-15,0.7,0.0,KL-PER-01
2003-12-16,0.67,0.0,KL-PER-01
2003-12-17,0.64,0.1,KL-PER-01
2003-12-18,0.63,1.1,KL-PER-01
2003-12-19,0.61,1.5,KL-PER-01
2003-12-20,0.59,0.0,KL-PER-01
2003-12-21,0.58,0.3,KL-PER-01
2003-12-22,0.55,0.0,KL-PER-01
2003-12-23,0.53,0.0,KL-PER-01
2003-12-24,0.52,0.0,KL-PER-01
2003-12-25,0.5,0.0,KL-PER-01
2003-12-26,0.47,0.7,KL-PER-01
2003-12-27,0.47,0.0,KL-PER-01
2003-12-28,0.45,0.0,KL-PER-01
2003-12-29,0.44,0.0,KL-PER-01
2003-12-30,0.42,0.0,KL-PER-01
2003-12-31,0.41,0.0,KL-PER-01
2004-01-01,0.39,0.3,KL-PER-01
2004-01-02,0.39,0.6,KL-PER-01
2004-01-03,0.37,0.0,KL-PER-01
2004-01-04,0.37,0.7,KL-PER-01
2004-01-05,0.36,1.8,KL-PER-01
2004-01-06,0.36,0.9,KL-PER-01
2004-01-07,0.36,0.0,KL-PER-01
2004-01-08,0.36,0.0,KL-PER-01
2004-01-09,0.34,0.0,KL-PER-01
2004-01-10,0.34,0.0,KL-PER-01
2004-01-11,0.33,0.0,KL-PER-01
2004-01-12,0.33,0.0,KL-PER-01
2004-01-13,0.33,0.0,KL-PER-01
2004-01-14,0.31,0.0,KL-PER-01
2004-01-15,0.31,0.0,KL-PER-01
2004-01-16,0.31,0.0,KL-PER-01
2004-01-17,0.31,0.0,KL-PER-01
2004-01-18,0.31,0.0,KL-PER-01
2004-01-19,0.31,0.0,KL-PER-01
2004-01-20,0.31,0.0,KL-PER-01
2004-01-21,0.31,0.0,KL-PER-01
2004-01-22,0.31,1.4,KL-PER-01
2004-01-23,0.31,0.3,KL-PER-01
2004-01-24,0.31,0.0,KL-PER-01
2004-01-25,0.31,1.3,KL-PER-01
2004-01-26,0.31,0.2,KL-PER-01
2004-01-27,0.31,0.0,KL-PER-01
2004-01-28,0.31,2.3,KL-PER-01
2004-01-29,0.31,1.9,KL-PER-01
2004-01-30,0.31,1.4,KL-PER-01
2004-01-31,0.33,1.5,KL-PER-01
2004-02-01,0.33,0.0,KL-PER-01
2004-02-02,0.33,1.2,KL-PER-01
2004-02-03,0.33,0.7,KL-PER-01
2004-02-04,0.33,0.0,KL-PER-01
2004-02-05,0.33,0.0,KL-PER-01
2004-02-06,0.33,0.3,KL-PER-01
2004-02-07,0.33,0.8,KL-PER-01
2004-02-08,0.33,2.7,KL-PER-01
2004-02-09,0.33,0.0,KL-PER-01
2004-02-10,0.33,0.8,KL-PER-01
2004-02-11,0.33,0.4,KL-PER-01
2004-02-12,0.33,0.0,KL-PER-01
2004-02-13,0.33,0.0,KL-PER-01
2004-02-14,0.33,0.0,KL-PER-01
2004-02-15,0.33,0.0,KL-PER-01
2004-02-16,0.33,0.0,KL-PER-01
2004-02-17,0.31,0.0,KL-PER-01
2004-02-18,0.31,0.0,KL-PER-01
2004-02-19,0.31,0.7,KL-PER-01
2004-02-20,0.31,0.1,KL-PER-01
2004-02-21,0.31,0.0,KL-PER-01
2004-02-22,0.31,0.0,KL-PER-01
2004-02-23,0.31,0.0,KL-PER-01
2004-02-24,0.31,0.0,KL-PER-01
2004-02-25,0.31,0.0,KL-PER-01
2004-02-26,0.31,0.0,KL-PER-01
2004-02-27,0.31,0.0,KL-PER-01
2004-02-28,0.31,0.0,KL-PER-01
2004-02-29,0.31,0.0,KL-PER-01
2004-03-01,0.31,0.0,KL-PER-01
2004-03-02,0.31,0.0,KL-PER-01
2004-03-03,0.31,0.0,KL-PER-01
2004-03-04,0.31,0.0,KL-PER-01
2004-03-05,0.31,0.0,KL-PER-01
2004-03-06,0.31,0.0,KL-PER-01
2004-03-07,0.31,0.0,KL-PER-01
2004-03-08,0.31,0.0,KL-PER-01
2004-03-09,0.31,0.0,KL-PER-01
2004-03-10,0.31,0.0,KL-PER-01
2004-03-11,0.31,0.0,KL-PER-01
2004-03-12,0.31,0.0,KL-PER-01
2004-03-13,0.31,0.0,KL-PER-01
2004-03-14,0.31,0.4,KL-PER-01
2004-03-15,0.31,1.7,KL-PER-01
2004-03-16,0.31,0.0,KL-PER-01
2004-03-17,0.31,1.4,KL-PER-01
2004-03-18,0.31,0.0,KL-PER-01
2004-03-19,0.31,0.0,KL-PER-01
2004-03-20,0.31,0.0,KL-PER-01
2004-03-21,0.31,0.1,KL-PER-01
2004-03-22,0.31,0.5,KL-PER-01
2004-03-23,0.31,1.8,KL-PER-01
2004-03-24,0.31,7.3,KL-PER-01
2004-03-25,0.31,6.5,KL-PER-01
2004-03-26,0.31,1.2,KL-PER-01
2004-03-27,0.31,15.3,KL-PER-01
2004-03-28,0.34,42.2,KL-PER-01
2004-03-29,0.34,6.5,KL-PER-01
2004-03-30,0.34,4.2,KL-PER-01
2004-03-31,0.34,14.5,KL-PER-01
2004-04-01,0.34,4.8,KL-PER-01
2004-04-02,0.34,16.5,KL-PER-01
2004-04-03,0.34,22.1,KL-PER-01
2004-04-04,0.37,19.5,KL-PER-01
2004-04-05,0.41,31.8,KL-PER-01
2004-04-06,0.44,13.2,KL-PER-01
2004-04-07,0.44,13.5,KL-PER-01
2004-04-08,0.44,8.9,KL-PER-01
2004-04-09,0.44,6.6,KL-PER-01
2004-04-10,0.44,0.4,KL-PER-01
2004-04-11,0.44,9.4,KL-PER-01
2004-04-12,0.44,5.9,KL-PER-01
2004-04-13,0.47,6.2,KL-PER-01
2004-04-14,0.5,2.2,KL-PER-01
2004-04-15,0.5,4.8,KL-PER-01
2004-04-16,0.5,6.5,KL-PER-01
2004-04-17,0.5,0.0,KL-PER-01
2004-04-18,0.47,1.2,KL-PER-01
2004-04-19,0.47,0.0,KL-PER-01
2004-04-20,0.47,0.7,KL-PER-01
2004-04-21,0.47,0.9,KL-PER-01
2004-04-22,0.47,3.7,KL-PER-01
2004-04-23,0.5,10.3,KL-PER-01
2004-04-24,0.53,8.3,KL-PER-01
2004-04-25,0.56,38.3,KL-PER-01
2004-04-26,0.72,9.9,KL-PER-01
2004-04-27,0.78,3.2,KL-PER-01
2004-04-28,0.78,3.6,KL-PER-01
2004-04-29,0.81,10.3,KL-PER-01
2004-04-30,0.87,2.1,KL-PER-01
2004-05-01,0.91,8.8,KL-PER-01
2004-05-02,0.97,29.0,KL-PER-01
2004-05-03,1.16,18.2,KL-PER-01
2004-05-04,1.34,23.6,KL-PER-01
2004-05-05,1.59,33.8,KL-PER-01
2004-05-06,2.85,56.4,KL-PER-01
2004-05-07,3.44,29.8,KL-PER-01
2004-05-08,3.44,2.5,KL-PER-01
2004-05-09,3.12,1.0,KL-PER-01
2004-05-10,2.87,2.4,KL-PER-01
2004-05-11,2.66,0.1,KL-PER-01
2004-05-12,2.47,0.3,KL-PER-01
2004-05-13,2.31,0.5,KL-PER-01
2004-05-14,2.16,8.6,KL-PER-01
2004-05-15,2.09,17.6,KL-PER-01
2004-05-16,2.16,13.8,KL-PER-01
2004-05-17,2.13,29.4,KL-PER-01
2004-05-18,2.22,29.2,KL-PER-01
2004-05-19,2.4,7.1,KL-PER-01
2004-05-20,2.4,18.8,KL-PER-01
2004-05-21,2.53,18.6,KL-PER-01
2004-05-22,2.56,7.5,KL-PER-01
2004-05-23,2.5,28.3,KL-PER-01
2004-05-24,2.62,21.7,KL-PER-01
2004-05-25,2.66,11.4,KL-PER-01
2004-05-26,2.66,24.3,KL-PER-01
2004-05-27,2.81,17.2,KL-PER-01
2004-05-28,2.87,17.6,KL-PER-01
2004-05-29,2.94,15.0,KL-PER-01
2004-05-30,2.94,13.4,KL-PER-01
2004-05-31,2.94,7.9,KL-PER-01
2004-06-01,2.85,5.4,KL-PER-01
2004-06-02,2.72,11.1,KL-PER-01
2004-06-03,2.69,10.8,KL-PER-01
2004-06-04,2.69,17.7,KL-PER-01
2004-06-05,2.94,25.7,KL-PER-01
2004-06-06,3.22,20.1,KL-PER-01
2004-06-07,4.09,55.4,KL-PER-01
2004-06-08,4.87,39.7,KL-PER-01
2004-06-09,5.78,54.9,KL-PER-01
2004-06-10,6.03,31.4,KL-PER-01
2004-06-11,5.78,17.8,KL-PER-01
2004-06-12,5.81,17.5,KL-PER-01
2004-06-13,6.38,42.3,KL-PER-01
2004-06-14,6.62,26.1,KL-PER-01
2004-06-15,6.57,18.2,KL-PER-01
2004-06-16,6.59,29.0,KL-PER-01
2004-06-17,6.62,19.1,KL-PER-01
2004-06-18,6.43,10.5,KL-PER-01
2004-06-19,6.13,8.7,KL-PER-01
2004-06-20,5.78,3.0,KL-PER-01
2004-06-21,5.43,4.7,KL-PER-01
2004-06-22,5.11,2.7,KL-PER-01
2004-06-23,4.79,5.2,KL-PER-01
2004-06-24,4.53,1.6,KL-PER-01
2004-06-25,4.26,3.4,KL-PER-01
2004-06-26,4.04,3.3,KL-PER-01
2004-06-27,3.81,7.4,KL-PER-01
2004-06-28,3.69,20.0,KL-PER-01
2004-06-29,3.72,15.4,KL-PER-01
2004-06-30,3.72,10.0,KL-PER-01
2004-07-01,3.61,8.2,KL-PER-01
2004-07-02,3.55,8.2,KL-PER-01
2004-07-03,3.49,22.4,KL-PER-01
2004-07-04,3.55,12.9,KL-PER-01
2004-07-05,3.5,4.2,KL-PER-01
2004-07-06,3.36,15.8,KL-PER-01
2004-07-07,3.3,11.2,KL-PER-01
2004-07-08,3.24,19.6,KL-PER-01
2004-07-09,3.32,24.6,KL-PER-01
2004-07-10,3.5,24.2,KL-PER-01
2004-07-11,3.65,17.6,KL-PER-01
2004-07-12,3.67,15.9,KL-PER-01
2004-07-13,3.62,4.7,KL-PER-01
2004-07-14,3.47,5.0,KL-PER-01
2004-07-15,3.83,41.2,KL-PER-01
2004-07-16,4.4,31.7,KL-PER-01
2004-07-17,4.47,12.3,KL-PER-01
2004-07-18,4.31,11.0,KL-PER-01
2004-07-19,4.31,27.7,KL-PER-01
2004-07-20,4.36,20.5,KL-PER-01
2004-07-21,4.28,16.1,KL-PER-01
2004-07-22,4.19,7.3,KL-PER-01
2004-07-23,4.04,7.3,KL-PER-01
2004-07-24,3.88,19.5,KL-PER-01
2004-07-25,3.84,14.7,KL-PER-01
2004-07-26,3.79,15.5,KL-PER-01
2004-07-27,3.75,4.7,KL-PER-01
2004-07-28,3.61,5.8,KL-PER-01
2004-07-29,3.5,18.3,KL-PER-01
2004-07-30,3.5,6.9,KL-PER-01
2004-07-31,3.36,3.5,KL-PER-01
2004-08-01,3.21,5.2,KL-PER-01
2004-08-02,3.06,7.8,KL-PER-01
2004-08-03,3.36,30.9,KL-PER-01
2004-08-04,4.28,32.8,KL-PER-01
2004-08-05,4.9,34.9,KL-PER-01
2004-08-06,5.35,32.5,KL-PER-01
2004-08-07,5.3,14.7,KL-PER-01
2004-08-08,5.0,4.2,KL-PER-01
2004-08-09,4.62,0.3,KL-PER-01
2004-08-10,4.26,2.4,KL-PER-01
2004-08-11,3.99,3.2,KL-PER-01
2004-08-12,3.73,7.5,KL-PER-01
2004-08-13,3.56,20.7,KL-PER-01
2004-08-14,3.52,31.8,KL-PER-01
2004-08-15,3.59,19.8,KL-PER-01
2004-08-16,3.56,21.1,KL-PER-01
2004-08-17,3.61,8.7,KL-PER-01
2004-08-18,3.5,32.5,KL-PER-01
2004-08-19,3.62,11.8,KL-PER-01
2004-08-20,3.67,8.5,KL-PER-01
2004-08-21,3.56,3.7,KL-PER-01
2004-08-22,3.41,1.7,KL-PER-01
2004-08-23,3.24,2.2,KL-PER-01
2004-08-24,3.07,1.6,KL-PER-01
2004-08-25,2.92,0.8,KL-PER-01
2004-08-26,2.75,2.5,KL-PER-01
2004-08-27,2.62,0.6,KL-PER-01
2004-08-28,2.5,3.7,KL-PER-01
2004-08-29,2.39,2.2,KL-PER-01
2004-08-30,2.28,1.4,KL-PER-01
2004-08-31,2.17,1.1,KL-PER-01
2004-09-01,2.06,0.8,KL-PER-01
2004-09-02,1.95,0.0,KL-PER-01
2004-09-03,1.86,0.9,KL-PER-01
2004-09-04,1.79,0.4,KL-PER-01
2004-09-05,1.7,6.7,KL-PER-01
2004-09-06,1.67,18.3,KL-PER-01
2004-09-07,1.7,9.6,KL-PER-01
2004-09-08,1.67,16.3,KL-PER-01
2004-09-09,1.68,9.1,KL-PER-01
2004-09-10,1.67,21.0,KL-PER-01
2004-09-11,1.74,14.9,KL-PER-01
2004-09-12,1.77,8.6,KL-PER-01
2004-09-13,1.74,1.3,KL-PER-01
2004-09-14,1.68,11.8,KL-PER-01
2004-09-15,1.69,14.4,KL-PER-01
2004-09-16,1.73,1.8,KL-PER-01
2004-09-17,1.67,15.1,KL-PER-01
2004-09-18,1.74,10.0,KL-PER-01
2004-09-19,1.76,17.5,KL-PER-01
2004-09-20,1.81,2.0,KL-PER-01
2004-09-21,1.73,1.3,KL-PER-01
2004-09-22,1.65,1.1,KL-PER-01
2004-09-23,1.59,9.0,KL-PER-01
2004-09-24,1.59,26.8,KL-PER-01
2004-09-25,1.81,8.5,KL-PER-01
2004-09-26,1.88,4.5,KL-PER-01
2004-09-27,2.16,31.1,KL-PER-01
2004-09-28,2.51,9.2,KL-PER-01
2004-09-29,2.45,0.2,KL-PER-01
2004-09-30,2.31,2.7,KL-PER-01
2004-10-01,2.2,9.5,KL-PER-01
2004-10-02,2.15,27.0,KL-PER-01
2004-10-03,2.71,38.9,KL-PER-01
2004-10-04,3.16,28.4,KL-PER-01
2004-10-05,3.27,4.9,KL-PER-01
2004-10-06,3.07,1.5,KL-PER-01
2004-10-07,2.88,0.0,KL-PER-01
2004-10-08,2.67,1.3,KL-PER-01
2004-10-09,2.5,1.4,KL-PER-01
2004-10-10,2.39,4.2,KL-PER-01
2004-10-11,2.3,1.4,KL-PER-01
2004-10-12,2.23,2.0,KL-PER-01
2004-10-13,2.18,19.3,KL-PER-01
2004-10-14,2.3,16.2,KL-PER-01
2004-10-15,2.39,15.5,KL-PER-01
2004-10-16,2.4,7.0,KL-PER-01
2004-10-17,2.44,22.2,KL-PER-01
2004-10-18,2.56,16.3,KL-PER-01
2004-10-19,2.83,31.6,KL-PER-01
2004-10-20,3.14,21.5,KL-PER-01
2004-10-21,3.28,12.2,KL-PER-01
2004-10-22,3.35,3.9,KL-PER-01
2004-10-23,3.22,5.2,KL-PER-01
2004-10-24,3.17,0.7,KL-PER-01
2004-10-25,2.98,0.8,KL-PER-01
2004-10-26,2.9,10.0,KL-PER-01
2004-10-27,2.94,3.9,KL-PER-01
2004-10-28,2.96,11.2,KL-PER-01
2004-10-29,2.98,2.7,KL-PER-01
2004-10-30,2.94,27.6,KL-PER-01
2004-10-31,3.19,26.9,KL-PER-01
2004-11-01,3.39,16.9,KL-PER-01
2004-11-02,3.44,5.1,KL-PER-01
2004-11-03,3.31,0.6,KL-PER-01
2004-11-04,3.17,0.1,KL-PER-01
2004-11-05,3.01,0.0,KL-PER-01
2004-11-06,2.83,0.0,KL-PER-01
2004-11-07,2.66,4.3,KL-PER-01
2004-11-08,2.65,11.4,KL-PER-01
2004-11-09,2.75,16.4,KL-PER-01
2004-11-10,2.87,10.7,KL-PER-01
2004-11-11,2.86,7.5,KL-PER-01
2004-11-12,2.92,14.0,KL-PER-01
2004-11-13,3.04,8.3,KL-PER-01
2004-11-14,3.06,0.0,KL-PER-01
2004-11-15,2.97,3.5,KL-PER-01
2004-11-16,2.9,0.5,KL-PER-01
2004-11-17,2.72,0.0,KL-PER-01
2004-11-18,2.57,0.4,KL-PER-01
2004-11-19,2.44,0.0,KL-PER-01
2004-11-20,2.3,0.1,KL-PER-01
2004-11-21,2.24,1.4,KL-PER-01
2004-11-22,2.16,0.0,KL-PER-01
2004-11-23,2.14,3.2,KL-PER-01
2004-11-24,2.09,1.3,KL-PER-01
2004-11-25,2.08,0.0,KL-PER-01
2004-11-26,2.0,0.0,KL-PER-01
2004-11-27,1.89,0.0,KL-PER-01
2004-11-28,1.78,0.0,KL-PER-01
2004-11-29,1.69,0.0,KL-PER-01
2004-11-30,1.59,0.0,KL-PER-01
2004-12-01,1.5,0.0,KL-PER-01
2004-12-02,1.42,0.0,KL-PER-01
2004-12-03,1.38,0.0,KL-PER-01
2004-12-04,1.34,0.0,KL-PER-01
2004-12-05,1.28,0.0,KL-PER-01
2004-12-06,1.22,0.0,KL-PER-01
2004-12-07,1.17,0.0,KL-PER-01
2004-12-08,1.11,0.0,KL-PER-01
2004-12-09,1.06,0.0,KL-PER-01
2004-12-10,1.0,0.0,KL-PER-01
2004-12-11,0.95,0.0,KL-PER-01
2004-12-12,0.91,0.0,KL-PER-01
2004-12-13,0.86,0.0,KL-PER-01
2004-12-14,0.83,2.8,KL-PER-01
2004-12-15,0.85,0.0,KL-PER-01
2004-12-16,0.81,0.0,KL-PER-01
2004-12-17,0.77,0.0,KL-PER-01
2004-12-18,0.73,0.0,KL-PER-01
2004-12-19,0.7,0.0,KL-PER-01
2004-12-20,0.67,0.0,KL-PER-01
2004-12-21,0.64,0.0,KL-PER-01
2004-12-22,0.63,0.0,KL-PER-01
2004-12-23,0.59,0.0,KL-PER-01
2004-12-24,0.58,0.0,KL-PER-01
2004-12-25,0.55,0.0,KL-PER-01
2004-12-26,0.53,0.0,KL-PER-01
2004-12-27,0.52,0.0,KL-PER-01
2004-12-28,0.5,0.0,KL-PER-01
2004-12-29,0.49,0.0,KL-PER-01
2004-12-30,0.47,0.0,KL-PER-01
2004-12-31,0.45,0.0,KL-PER-01
2005-01-01,0.44,12.0,KL-PER-01
2005-01-02,0.49,0.9,KL-PER-01
2005-01-03,0.47,0.0,KL-PER-01
2005-01-04,0.45,0.0,KL-PER-01
2005-01-05,0.45,0.0,KL-PER-01
2005-01-06,0.45,0.0,KL-PER-01
2005-01-07,0.44,0.0,KL-PER-01
2005-01-08,0.44,0.0,KL-PER-01
2005-01-09,0.42,0.0,KL-PER-01
2005-01-10,0.41,0.0,KL-PER-01
2005-01-11,0.39,0.0,KL-PER-01
2005-01-12,0.37,0.0,KL-PER-01
2005-01-13,0.37,0.0,KL-PER-01
2005-01-14,0.36,0.0,KL-PER-01
2005-01-15,0.36,0.0,KL-PER-01
2005-01-16,0.34,0.0,KL-PER-01
2005-01-17,0.34,0.0,KL-PER-01
2005-01-18,0.33,0.0,KL-PER-01
2005-01-19,0.33,0.0,KL-PER-01
2005-01-20,0.33,0.0,KL-PER-01
2005-01-21,0.31,0.0,KL-PER-01
2005-01-22,0.31,0.0,KL-PER-01
2005-01-23,0.31,0.1,KL-PER-01
2005-01-24,0.31,0.0,KL-PER-01
2005-01-25,0.31,1.7,KL-PER-01
2005-01-26,0.31,0.0,KL-PER-01
2005-01-27,0.31,12.6,KL-PER-01
2005-01-28,0.33,2.1,KL-PER-01
2005-01-29,0.34,15.8,KL-PER-01
2005-01-30,0.37,8.5,KL-PER-01
2005-01-31,0.39,3.0,KL-PER-01
2005-02-01,0.39,2.0,KL-PER-01
2005-02-02,0.37,0.8,KL-PER-01
2005-02-03,0.37,1.0,KL-PER-01
2005-02-04,0.37,1.0,KL-PER-01
2005-02-05,0.36,0.4,KL-PER-01
2005-02-06,0.36,0.2,KL-PER-01
2005-02-07,0.34,0.0,KL-PER-01
2005-02-08,0.34,0.0,KL-PER-01
2005-02-09,0.33,0.0,KL-PER-01
2005-02-10,0.33,0.0,KL-PER-01
2005-02-11,0.33,0.0,KL-PER-01
2005-02-12,0.33,0.0,KL-PER-01
2005-02-13,0.33,0.0,KL-PER-01
2005-02-14,0.33,0.0,KL-PER-01
2005-02-15,0.33,0.0,KL-PER-01
2005-02-16,0.33,0.0,KL-PER-01
2005-02-17,0.33,0.5,KL-PER-01
2005-02-18,0.33,0.0,KL-PER-01
2005-02-19,0.31,0.0,KL-PER-01
2005-02-20,0.31,0.0,KL-PER-01
2005-02-21,0.31,0.0,KL-PER-01
2005-02-22,0.31,0.0,KL-PER-01
2005-02-23,0.31,2.1,KL-PER-01
2005-02-24,0.31,0.2,KL-PER-01
2005-02-25,0.31,0.0,KL-PER-01
2005-02-26,0.31,0.0,KL-PER-01
2005-02-27,0.31,0.0,KL-PER-01
2005-02-28,0.31,0.0,KL-PER-01
2005-03-01,0.31,0.0,KL-PER-01
2005-03-02,0.31,0.0,KL-PER-01
2005-03-03,0.31,0.0,KL-PER-01
2005-03-04,0.31,0.6,KL-PER-01
2005-03-05,0.31,0.1,KL-PER-01
2005-03-06,0.31,7.7,KL-PER-01
2005-03-07,0.31,6.1,KL-PER-01
2005-03-08,0.31,0.3,KL-PER-01
2005-03-09,0.31,1.1,KL-PER-01
2005-03-10,0.31,0.3,KL-PER-01
2005-03-11,0.31,1.7,KL-PER-01
2005-03-12,0.31,8.9,KL-PER-01
2005-03-13,0.31,0.6,KL-PER-01
2005-03-14,0.34,2.7,KL-PER-01
2005-03-15,0.31,1.3,KL-PER-01
2005-03-16,0.31,0.1,KL-PER-01
2005-03-17,0.31,0.3,KL-PER-01
2005-03-18,0.31,0.0,KL-PER-01
2005-03-19,0.31,0.7,KL-PER-01
2005-03-20,0.31,0.6,KL-PER-01
2005-03-21,0.31,0.1,KL-PER-01
2005-03-22,0.31,0.2,KL-PER-01
2005-03-23,0.31,0.8,KL-PER-01
2005-03-24,0.31,0.2,KL-PER-01
2005-03-25,0.31,0.0,KL-PER-01
2005-03-26,0.31,0.0,KL-PER-01
2005-03-27,0.31,0.4,KL-PER-01
2005-03-28,0.31,1.7,KL-PER-01
2005-03-29,0.31,4.2,KL-PER-01
2005-03-30,0.31,1.6,KL-PER-01
2005-03-31,0.31,1.5,KL-PER-01
2005-04-01,0.31,0.2,KL-PER-01
2005-04-02,0.34,8.6,KL-PER-01
2005-04-03,0.34,20.2,KL-PER-01
2005-04-04,0.37,19.7,KL-PER-01
2005-04-05,0.41,20.3,KL-PER-01
2005-04-06,0.41,6.3,KL-PER-01
2005-04-07,0.41,10.8,KL-PER-01
2005-04-08,0.41,10.5,KL-PER-01
2005-04-09,0.41,4.0,KL-PER-01
2005-04-10,0.41,5.8,KL-PER-01
2005-04-11,0.41,8.4,KL-PER-01
2005-04-12,0.44,6.9,KL-PER-01
2005-04-13,0.44,5.1,KL-PER-01
2005-04-14,0.44,4.3,KL-PER-01
2005-04-15,0.47,3.6,KL-PER-01
2005-04-16,0.44,3.5,KL-PER-01
2005-04-17,0.47,0.3,KL-PER-01
2005-04-18,0.47,7.2,KL-PER-01
2005-04-19,0.5,9.3,KL-PER-01
2005-04-20,0.5,26.1,KL-PER-01
2005-04-21,0.56,4.9,KL-PER-01
2005-04-22,0.59,11.7,KL-PER-01
2005-04-23,0.63,10.2,KL-PER-01
2005-04-24,0.66,9.8,KL-PER-01
2005-04-25,0.66,14.7,KL-PER-01
2005-04-26,0.72,16.8,KL-PER-01
2005-04-27,0.78,11.8,KL-PER-01
2005-04-28,0.78,13.8,KL-PER-01
2005-04-29,0.81,6.8,KL-PER-01
2005-04-30,0.91,63.3,KL-PER-01
2005-05-01,1.12,7.3,KL-PER-01
2005-05-02,1.12,12.4,KL-PER-01
2005-05-03,1.22,7.0,KL-PER-01
2005-05-04,1.22,0.3,KL-PER-01
2005-05-05,1.16,0.9,KL-PER-01
2005-05-06,1.09,0.2,KL-PER-01
2005-05-07,1.06,8.9,KL-PER-01
2005-05-08,1.09,0.0,KL-PER-01
2005-05-09,1.06,0.8,KL-PER-01
2005-05-10,1.03,0.7,KL-PER-01
2005-05-11,1.0,2.5,KL-PER-01
2005-05-12,0.97,11.1,KL-PER-01
2005-05-13,1.0,11.0,KL-PER-01
2005-05-14,1.06,10.9,KL-PER-01
2005-05-15,1.06,9.7,KL-PER-01
2005-05-16,1.06,2.0,KL-PER-01
2005-05-17,1.03,0.0,KL-PER-01
2005-05-18,0.97,0.5,KL-PER-01
2005-05-19,0.94,7.2,KL-PER-01
2005-05-20,0.94,5.4,KL-PER-01
2005-05-21,0.91,4.0,KL-PER-01
2005-05-22,0.91,2.1,KL-PER-01
2005-05-23,0.87,4.1,KL-PER-01
2005-05-24,0.87,4.5,KL-PER-01
2005-05-25,0.87,15.2,KL-PER-01
2005-05-26,0.97,18.8,KL-PER-01
2005-05-27,1.09,12.0,KL-PER-01
2005-05-28,1.12,11.1,KL-PER-01
2005-05-29,1.19,9.0,KL-PER-01
2005-05-30,1.28,6.3,KL-PER-01
2005-05-31,1.31,6.1,KL-PER-01
2005-06-01,1.31,9.1,KL-PER-01
2005-06-02,1.31,7.3,KL-PER-01
2005-06-03,1.31,8.3,KL-PER-01
2005-06-04,1.33,17.3,KL-PER-01
2005-06-05,1.44,20.9,KL-PER-01
2005-06-06,1.56,30.2,KL-PER-01
2005-06-07,1.75,2.9,KL-PER-01
2005-06-08,1.69,9.4,KL-PER-01
2005-06-09,1.81,39.0,KL-PER-01
2005-06-10,2.14,9.8,KL-PER-01
2005-06-11,2.11,10.3,KL-PER-01
2005-06-12,2.08,6.4,KL-PER-01
2005-06-13,2.01,16.7,KL-PER-01
2005-06-14,2.08,16.1,KL-PER-01
2005-06-15,2.11,13.0,KL-PER-01
2005-06-16,2.58,43.1,KL-PER-01
2005-06-17,4.14,55.4,KL-PER-01
2005-06-18,4.77,32.3,KL-PER-01
2005-06-19,4.9,34.6,KL-PER-01
2005-06-20,4.97,22.2,KL-PER-01
2005-06-21,5.24,38.2,KL-PER-01
2005-06-22,5.17,9.3,KL-PER-01
2005-06-23,4.78,10.1,KL-PER-01
2005-06-24,4.5,12.5,KL-PER-01
2005-06-25,4.3,18.1,KL-PER-01
2005-06-26,4.15,8.2,KL-PER-01
2005-06-27,3.95,10.0,KL-PER-01
2005-06-28,3.8,7.6,KL-PER-01
2005-06-29,3.65,9.1,KL-PER-01
2005-06-30,3.5,22.9,KL-PER-01
2005-07-01,3.49,19.6,KL-PER-01
2005-07-02,3.46,13.0,KL-PER-01
2005-07-03,3.36,11.1,KL-PER-01
2005-07-04,3.3,30.5,KL-PER-01
2005-07-05,3.4,18.3,KL-PER-01
2005-07-06,3.43,19.8,KL-PER-01
2005-07-07,3.43,5.0,KL-PER-01
2005-07-08,3.33,11.6,KL-PER-01
2005-07-09,3.32,12.7,KL-PER-01
2005-07-10,3.5,28.7,KL-PER-01
2005-07-11,3.91,32.9,KL-PER-01
2005-07-12,4.06,15.8,KL-PER-01
2005-07-13,4.06,14.3,KL-PER-01
2005-07-14,4.15,26.7,KL-PER-01
2005-07-15,4.4,36.5,KL-PER-01
2005-07-16,4.48,22.3,KL-PER-01
2005-07-17,4.7,45.3,KL-PER-01
2005-07-18,4.86,19.3,KL-PER-01
2005-07-19,4.71,17.3,KL-PER-01
2005-07-20,4.66,19.2,KL-PER-01
2005-07-21,4.62,3.5,KL-PER-01
2005-07-22,4.36,12.9,KL-PER-01
2005-07-23,4.43,37.1,KL-PER-01
2005-07-24,4.77,30.3,KL-PER-01
2005-07-25,5.32,42.6,KL-PER-01
2005-07-26,5.92,29.9,KL-PER-01
2005-07-27,6.21,28.1,KL-PER-01
2005-07-28,6.55,44.9,KL-PER-01
2005-07-29,6.69,24.6,KL-PER-01
2005-07-30,6.73,26.2,KL-PER-01
2005-07-31,7.09,32.2,KL-PER-01
2005-08-01,7.32,33.1,KL-PER-01
2005-08-02,7.07,13.9,KL-PER-01
2005-08-03,6.67,4.1,KL-PER-01
2005-08-04,6.21,13.9,KL-PER-01
2005-08-05,5.85,5.4,KL-PER-01
2005-08-06,5.5,3.5,KL-PER-01
2005-08-07,5.15,0.8,KL-PER-01
2005-08-08,4.83,2.8,KL-PER-01
2005-08-09,4.55,0.5,KL-PER-01
2005-08-10,4.26,14.2,KL-PER-01
2005-08-11,4.13,15.7,KL-PER-01
2005-08-12,3.99,3.5,KL-PER-01
2005-08-13,3.83,3.6,KL-PER-01
2005-08-14,3.65,5.0,KL-PER-01
2005-08-15,3.48,3.5,KL-PER-01
2005-08-16,3.32,0.9,KL-PER-01
2005-08-17,3.12,3.3,KL-PER-01
2005-08-18,2.98,1.9,KL-PER-01
2005-08-19,2.83,1.7,KL-PER-01
2005-08-20,2.69,1.1,KL-PER-01
2005-08-21,2.53,0.2,KL-PER-01
2005-08-22,2.38,0.4,KL-PER-01
2005-08-23,2.25,1.3,KL-PER-01
2005-08-24,2.16,0.9,KL-PER-01
2005-08-25,2.04,7.5,KL-PER-01
2005-08-26,1.95,1.5,KL-PER-01
2005-08-27,1.88,13.4,KL-PER-01
2005-08-28,1.94,10.3,KL-PER-01
2005-08-29,2.0,4.2,KL-PER-01
2005-08-30,2.0,5.5,KL-PER-01
2005-08-31,1.96,7.6,KL-PER-01
2005-09-01,1.94,12.9,KL-PER-01
2005-09-02,1.95,10.6,KL-PER-01
2005-09-03,1.99,25.6,KL-PER-01
2005-09-04,3.18,70.9,KL-PER-01
2005-09-05,4.01,36.6,KL-PER-01
2005-09-06,4.65,38.4,KL-PER-01
2005-09-07,4.62,21.4,KL-PER-01
2005-09-08,4.79,37.4,KL-PER-01
2005-09-09,4.9,26.9,KL-PER-01
2005-09-10,5.05,30.7,KL-PER-01
2005-09-11,5.14,27.3,KL-PER-01
2005-09-12,5.07,20.2,KL-PER-01
2005-09-13,5.07,27.2,KL-PER-01
2005-09-14,5.04,6.6,KL-PER-01
2005-09-15,4.75,7.0,KL-PER-01
2005-09-16,4.47,0.3,KL-PER-01
2005-09-17,4.15,1.8,KL-PER-01
2005-09-18,3.9,4.2,KL-PER-01
2005-09-19,3.69,5.2,KL-PER-01
2005-09-20,3.55,11.2,KL-PER-01
2005-09-21,3.49,8.2,KL-PER-01
2005-09-22,3.34,0.7,KL-PER-01
2005-09-23,3.14,2.6,KL-PER-01
2005-09-24,2.97,0.8,KL-PER-01
2005-09-25,2.81,0.0,KL-PER-01
2005-09-26,2.65,1.0,KL-PER-01
2005-09-27,2.49,2.0,KL-PER-01
2005-09-28,2.37,0.8,KL-PER-01
2005-09-29,2.24,0.9,KL-PER-01
2005-09-30,2.13,4.4,KL-PER-01
2005-10-01,2.03,0.0,KL-PER-01
2005-10-02,1.9,0.9,KL-PER-01
2005-10-03,1.81,0.0,KL-PER-01
2005-10-04,1.7,2.5,KL-PER-01
2005-10-05,1.7,14.0,KL-PER-01
2005-10-06,1.81,16.1,KL-PER-01
2005-10-07,1.9,10.7,KL-PER-01
2005-10-08,1.92,6.1,KL-PER-01
2005-10-09,1.94,4.3,KL-PER-01
2005-10-10,1.9,13.7,KL-PER-01
2005-10-11,1.99,16.7,KL-PER-01
2005-10-12,2.09,14.6,KL-PER-01
2005-10-13,2.14,21.8,KL-PER-01
2005-10-14,2.16,1.1,KL-PER-01
2005-10-15,2.07,1.1,KL-PER-01
2005-10-16,1.96,0.0,KL-PER-01
2005-10-17,1.86,1.4,KL-PER-01
2005-10-18,1.77,1.8,KL-PER-01
2005-10-19,1.7,14.2,KL-PER-01
2005-10-20,1.7,7.2,KL-PER-01
2005-10-21,1.65,6.7,KL-PER-01
2005-10-22,1.68,35.5,KL-PER-01
2005-10-23,1.93,15.7,KL-PER-01
2005-10-24,2.01,8.3,KL-PER-01
2005-10-25,2.06,6.2,KL-PER-01
2005-10-26,2.05,2.2,KL-PER-01
2005-10-27,1.97,0.7,KL-PER-01
2005-10-28,1.88,6.4,KL-PER-01
2005-10-29,1.82,5.4,KL-PER-01
2005-10-30,1.8,9.9,KL-PER-01
2005-10-31,1.76,5.7,KL-PER-01
2005-11-01,1.74,11.1,KL-PER-01
2005-11-02,1.79,16.7,KL-PER-01
2005-11-03,1.84,3.0,KL-PER-01
2005-11-04,1.9,18.4,KL-PER-01
2005-11-05,2.18,20.0,KL-PER-01
2005-11-06,2.5,3.3,KL-PER-01
2005-11-07,2.51,0.3,KL-PER-01
2005-11-08,2.52,1.0,KL-PER-01
2005-11-09,2.6,8.2,KL-PER-01
2005-11-10,2.66,17.3,KL-PER-01
2005-11-11,2.74,11.9,KL-PER-01
2005-11-12,2.85,19.2,KL-PER-01
2005-11-13,3.07,2.9,KL-PER-01
2005-11-14,3.02,6.6,KL-PER-01
2005-11-15,3.08,0.6,KL-PER-01
2005-11-16,2.92,0.0,KL-PER-01
2005-11-17,2.75,0.0,KL-PER-01
2005-11-18,2.58,0.0,KL-PER-01
2005-11-19,2.42,0.0,KL-PER-01
2005-11-20,2.29,0.0,KL-PER-01
2005-11-21,2.18,7.8,KL-PER-01
2005-11-22,2.92,33.1,KL-PER-01
2005-11-23,3.3,28.7,KL-PER-01
2005-11-24,3.36,10.4,KL-PER-01
2005-11-25,3.65,40.8,KL-PER-01
2005-11-26,3.83,14.6,KL-PER-01
2005-11-27,3.81,0.0,KL-PER-01
2005-11-28,3.59,1.3,KL-PER-01
2005-11-29,3.42,0.5,KL-PER-01
2005-11-30,3.19,3.1,KL-PER-01
2005-12-01,3.01,5.6,KL-PER-01
2005-12-02,2.85,3.7,KL-PER-01
2005-12-03,2.71,3.9,KL-PER-01
2005-12-04,2.59,13.0,KL-PER-01
2005-12-05,2.64,21.9,KL-PER-01
2005-12-06,2.71,0.0,KL-PER-01
2005-12-07,2.61,0.0,KL-PER-01
2005-12-08,2.45,0.0,KL-PER-01
2005-12-09,2.31,0.0,KL-PER-01
2005-12-10,2.18,2.9,KL-PER-01
2005-12-11,2.14,15.6,KL-PER-01
2005-12-12,2.25,4.5,KL-PER-01
2005-12-13,2.24,0.1,KL-PER-01
2005-12-14,2.24,0.0,KL-PER-01
2005-12-15,2.14,1.2,KL-PER-01
2005-12-16,2.05,0.0,KL-PER-01
2005-12-17,1.92,0.0,KL-PER-01
2005-12-18,1.82,0.0,KL-PER-01
2005-12-19,1.74,0.0,KL-PER-01
2005-12-20,1.65,0.0,KL-PER-01
2005-12-21,1.56,0.4,KL-PER-01
2005-12-22,1.5,1.1,KL-PER-01
2005-12-23,1.44,0.3,KL-PER-01
2005-12-24,1.36,0.0,KL-PER-01
2005-12-25,1.3,3.1,KL-PER-01
2005-12-26,1.26,0.0,KL-PER-01
2005-12-27,1.2,0.0,KL-PER-01
2005-12-28,1.14,0.0,KL-PER-01
2005-12-29,1.09,0.0,KL-PER-01
2005-12-30,1.03,0.0,KL-PER-01
2005-12-31,0.99,0.0,KL-PER-01
2006-01-01,0.94,0.0,KL-PER-01
2006-01-02,0.89,0.0,KL-PER-01
2006-01-03,0.86,0.0,KL-PER-01
2006-01-04,0.81,0.0,KL-PER-01
2006-01-05,0.78,0.0,KL-PER-01
2006-01-06,0.78,0.2,KL-PER-01
2006-01-07,0.78,0.0,KL-PER-01
2006-01-08,0.73,0.0,KL-PER-01
2006-01-09,0.73,0.1,KL-PER-01
2006-01-10,0.7,0.0,KL-PER-01
2006-01-11,0.67,0.0,KL-PER-01
2006-01-12,0.66,0.0,KL-PER-01
2006-01-13,0.63,0.0,KL-PER-01
2006-01-14,0.61,0.0,KL-PER-01
2006-01-15,0.59,0.0,KL-PER-01
2006-01-16,0.58,3.3,KL-PER-01
2006-01-17,0.56,0.0,KL-PER-01
2006-01-18,0.55,0.0,KL-PER-01
2006-01-19,0.53,0.0,KL-PER-01
2006-01-20,0.52,0.0,KL-PER-01
2006-01-21,0.5,0.0,KL-PER-01
2006-01-22,0.49,0.0,KL-PER-01
2006-01-23,0.47,0.0,KL-PER-01
2006-01-24,0.44,0.0,KL-PER-01
2006-01-25,0.44,1.0,KL-PER-01
2006-01-26,0.44,0.0,KL-PER-01
2006-01-27,0.41,0.0,KL-PER-01
2006-01-28,0.41,0.0,KL-PER-01
2006-01-29,0.41,0.0,KL-PER-01
2006-01-30,0.37,0.0,KL-PER-01
2006-01-31,0.37,0.0,KL-PER-01
2006-02-01,0.37,0.0,KL-PER-01
2006-02-02,0.37,0.0,KL-PER-01
2006-02-03,0.34,0.0,KL-PER-01
2006-02-04,0.34,0.0,KL-PER-01
2006-02-05,0.34,0.0,KL-PER-01
2006-02-06,0.34,0.0,KL-PER-01
2006-02-07,0.34,0.0,KL-PER-01
2006-02-08,0.34,0.0,KL-PER-01
2006-02-09,0.31,0.0,KL-PER-01
2006-02-10,0.31,0.0,KL-PER-01
2006-02-11,0.31,0.0,KL-PER-01
2006-02-12,0.31,0.0,KL-PER-01
2006-02-13,0.31,0.0,KL-PER-01
2006-02-14,0.31,0.0,KL-PER-01
2006-02-15,0.31,0.0,KL-PER-01
2006-02-16,0.31,0.0,KL-PER-01
2006-02-17,0.31,0.0,KL-PER-01
2006-02-18,0.31,0.0,KL-PER-01
2006-02-19,0.31,0.0,KL-PER-01
2006-02-20,0.31,0.0,KL-PER-01
2006-02-21,0.31,0.6,KL-PER-01
2006-02-22,0.31,0.0,KL-PER-01
2006-02-23,0.31,0.0,KL-PER-01
2006-02-24,0.31,0.0,KL-PER-01
2006-02-25,0.31,0.1,KL-PER-01
2006-02-26,0.31,0.0,KL-PER-01
2006-02-27,0.31,0.0,KL-PER-01
2006-02-28,0.31,0.4,KL-PER-01
2006-03-01,0.31,0.0,KL-PER-01
2006-03-02,0.31,0.2,KL-PER-01
2006-03-03,0.34,37.6,KL-PER-01
2006-03-04,0.37,11.4,KL-PER-01
2006-03-05,0.41,7.3,KL-PER-01
2006-03-06,0.41,7.4,KL-PER-01
2006-03-07,0.41,7.8,KL-PER-01
2006-03-08,0.41,0.6,KL-PER-01
2006-03-09,0.41,12.3,KL-PER-01
2006-03-10,0.44,3.0,KL-PER-01
2006-03-11,0.41,3.9,KL-PER-01
2006-03-12,0.41,0.0,KL-PER-01
2006-03-13,0.41,0.0,KL-PER-01
2006-03-14,0.41,0.0,KL-PER-01
2006-03-15,0.37,0.0,KL-PER-01
2006-03-16,0.37,0.0,KL-PER-01
2006-03-17,0.37,0.0,KL-PER-01
2006-03-18,0.37,0.0,KL-PER-01
2006-03-19,0.34,0.2,KL-PER-01
2006-03-20,0.34,1.4,KL-PER-01
2006-03-21,0.34,0.1,KL-PER-01
2006-03-22,0.34,0.2,KL-PER-01
2006-03-23,0.34,2.2,KL-PER-01
2006-03-24,0.34,0.0,KL-PER-01
2006-03-25,0.34,2.4,KL-PER-01
2006-03-26,0.34,1.5,KL-PER-01
2006-03-27,0.34,0.5,KL-PER-01
2006-03-28,0.34,0.0,KL-PER-01
2006-03-29,0.31,0.0,KL-PER-01
2006-03-30,0.34,9.9,KL-PER-01
2006-03-31,0.37,3.5,KL-PER-01
2006-04-01,0.37,0.0,KL-PER-01
2006-04-02,0.37,5.2,KL-PER-01
2006-04-03,0.37,0.4,KL-PER-01
2006-04-04,0.37,3.8,KL-PER-01
2006-04-05,0.37,0.0,KL-PER-01
2006-04-06,0.37,5.8,KL-PER-01
2006-04-07,0.37,2.0,KL-PER-01
2006-04-08,0.37,4.2,KL-PER-01
2006-04-09,0.41,1.9,KL-PER-01
2006-04-10,0.41,6.8,KL-PER-01
2006-04-11,0.44,11.6,KL-PER-01
2006-04-12,0.44,2.5,KL-PER-01
2006-04-13,0.44,4.2,KL-PER-01
2006-04-14,0.44,8.4,KL-PER-01
2006-04-15,0.47,5.0,KL-PER-01
2006-04-16,0.5,10.4,KL-PER-01
2006-04-17,0.5,26.6,KL-PER-01
2006-04-18,0.53,8.2,KL-PER-01
2006-04-19,0.56,3.6,KL-PER-01
2006-04-20,0.59,23.4,KL-PER-01
2006-04-21,0.66,7.3,KL-PER-01
2006-04-22,0.69,4.3,KL-PER-01
2006-04-23,0.66,0.6,KL-PER-01
2006-04-24,0.66,2.5,KL-PER-01
2006-04-25,0.66,2.0,KL-PER-01
2006-04-26,0.66,0.9,KL-PER-01
2006-04-27,0.63,0.2,KL-PER-01
2006-04-28,0.63,6.1,KL-PER-01
2006-04-29,0.63,0.1,KL-PER-01
2006-04-30,0.59,0.5,KL-PER-01
2006-05-01,0.56,0.6,KL-PER-01
2006-05-02,0.56,1.1,KL-PER-01
2006-05-03,0.53,4.7,KL-PER-01
2006-05-04,0.56,2.9,KL-PER-01
2006-05-05,0.59,8.3,KL-PER-01
2006-05-06,0.63,4.5,KL-PER-01
2006-05-07,0.66,4.8,KL-PER-01
2006-05-08,0.66,6.9,KL-PER-01
2006-05-09,0.69,5.1,KL-PER-01
2006-05-10,0.69,4.3,KL-PER-01
2006-05-11,0.69,3.3,KL-PER-01
2006-05-12,0.69,9.5,KL-PER-01
2006-05-13,0.72,5.4,KL-PER-01
2006-05-14,0.75,0.5,KL-PER-01
2006-05-15,0.72,4.2,KL-PER-01
2006-05-16,0.72,8.4,KL-PER-01
2006-05-17,0.75,8.5,KL-PER-01
2006-05-18,0.75,26.9,KL-PER-01
2006-05-19,0.87,4.2,KL-PER-01
2006-05-20,0.85,1.9,KL-PER-01
2006-05-21,0.85,13.6,KL-PER-01
2006-05-22,0.87,16.2,KL-PER-01
2006-05-23,0.91,11.1,KL-PER-01
2006-05-24,0.97,9.7,KL-PER-01
2006-05-25,1.0,38.1,KL-PER-01
2006-05-26,1.22,40.3,KL-PER-01
2006-05-27,2.09,56.8,KL-PER-01
2006-05-28,3.41,50.2,KL-PER-01
2006-05-29,4.41,35.2,KL-PER-01
2006-05-30,5.71,52.4,KL-PER-01
2006-05-31,7.05,62.7,KL-PER-01
2006-06-01,6.59,7.1,KL-PER-01
2006-06-02,5.71,9.4,KL-PER-01
2006-06-03,5.1,11.8,KL-PER-01
2006-06-04,4.71,8.4,KL-PER-01
2006-06-05,4.37,7.8,KL-PER-01
2006-06-06,4.09,10.1,KL-PER-01
2006-06-07,3.88,9.0,KL-PER-01
2006-06-08,3.69,2.7,KL-PER-01
2006-06-09,3.47,6.9,KL-PER-01
2006-06-10,3.32,3.3,KL-PER-01
2006-06-11,3.09,1.4,KL-PER-01
2006-06-12,2.91,3.3,KL-PER-01
2006-06-13,2.75,3.1,KL-PER-01
2006-06-14,2.6,4.5,KL-PER-01
2006-06-15,2.5,8.0,KL-PER-01
2006-06-16,2.4,19.9,KL-PER-01
2006-06-17,2.44,8.0,KL-PER-01
2006-06-18,2.37,2.4,KL-PER-01
2006-06-19,2.28,10.6,KL-PER-01
2006-06-20,2.31,32.8,KL-PER-01
2006-06-21,2.69,34.5,KL-PER-01
2006-06-22,4.3,56.9,KL-PER-01
2006-06-23,6.83,82.1,KL-PER-01
2006-06-24,6.85,32.2,KL-PER-01
2006-06-25,6.19,21.2,KL-PER-01
2006-06-26,5.65,5.9,KL-PER-01
2006-06-27,5.15,6.6,KL-PER-01
2006-06-28,4.78,20.6,KL-PER-01
2006-06-29,4.7,34.4,KL-PER-01
2006-06-30,4.7,19.5,KL-PER-01
2006-07-01,4.56,8.4,KL-PER-01
2006-07-02,4.41,16.5,KL-PER-01
2006-07-03,4.53,24.9,KL-PER-01
2006-07-04,4.66,17.7,KL-PER-01
2006-07-05,4.66,20.6,KL-PER-01
2006-07-06,4.62,6.8,KL-PER-01
2006-07-07,4.42,5.8,KL-PER-01
2006-07-08,4.22,4.3,KL-PER-01
2006-07-09,4.01,4.0,KL-PER-01
2006-07-10,3.83,8.6,KL-PER-01
2006-07-11,3.72,20.1,KL-PER-01
2006-07-12,4.19,45.4,KL-PER-01
2006-07-13,6.03,58.6,KL-PER-01
2006-07-14,6.26,21.7,KL-PER-01
2006-07-15,5.87,13.9,KL-PER-01
2006-07-16,5.59,6.2,KL-PER-01
2006-07-17,5.27,11.9,KL-PER-01
2006-07-18,5.07,10.0,KL-PER-01
2006-07-19,4.78,4.2,KL-PER-01
2006-07-20,4.5,5.7,KL-PER-01
2006-07-21,4.26,4.4,KL-PER-01
2006-07-22,4.04,1.2,KL-PER-01
2006-07-23,3.79,0.1,KL-PER-01
2006-07-24,3.55,0.0,KL-PER-01
2006-07-25,3.33,1.1,KL-PER-01
2006-07-26,3.12,8.6,KL-PER-01
2006-07-27,3.02,12.8,KL-PER-01
2006-07-28,2.92,8.6,KL-PER-01
2006-07-29,2.81,8.0,KL-PER-01
2006-07-30,2.71,5.1,KL-PER-01
2006-07-31,2.58,2.6,KL-PER-01
2006-08-01,2.45,4.1,KL-PER-01
2006-08-02,2.34,3.1,KL-PER-01
2006-08-03,2.27,7.2,KL-PER-01
2006-08-04,2.18,12.3,KL-PER-01
2006-08-05,2.13,1.7,KL-PER-01
2006-08-06,2.03,2.1,KL-PER-01
2006-08-07,1.92,2.7,KL-PER-01
2006-08-08,1.84,7.0,KL-PER-01
2006-08-09,1.77,7.9,KL-PER-01
2006-08-10,1.72,18.5,KL-PER-01
2006-08-11,1.81,21.2,KL-PER-01
2006-08-12,2.08,47.0,KL-PER-01
2006-08-13,2.79,44.1,KL-PER-01
2006-08-14,3.11,22.6,KL-PER-01
2006-08-15,3.5,31.3,KL-PER-01
2006-08-16,3.94,38.9,KL-PER-01
2006-08-17,4.01,20.0,KL-PER-01
2006-08-18,3.94,30.6,KL-PER-01
2006-08-19,3.94,21.5,KL-PER-01
2006-08-20,3.88,6.7,KL-PER-01
2006-08-21,3.73,1.1,KL-PER-01
2006-08-22,3.5,0.8,KL-PER-01
2006-08-23,3.29,0.0,KL-PER-01
2006-08-24,3.07,0.4,KL-PER-01
2006-08-25,2.87,0.9,KL-PER-01
2006-08-26,2.71,0.1,KL-PER-01
2006-08-27,2.54,0.6,KL-PER-01
2006-08-28,2.39,4.3,KL-PER-01
2006-08-29,2.3,6.5,KL-PER-01
2006-08-30,2.23,0.4,KL-PER-01
2006-08-31,2.12,8.4,KL-PER-01
2006-09-01,2.06,10.7,KL-PER-01
2006-09-02,2.03,0.7,KL-PER-01
2006-09-03,1.97,1.8,KL-PER-01
2006-09-04,1.9,4.5,KL-PER-01
2006-09-05,1.88,2.7,KL-PER-01
2006-09-06,1.81,3.3,KL-PER-01
2006-09-07,1.81,16.5,KL-PER-01
2006-09-08,1.91,14.3,KL-PER-01
2006-09-09,1.96,13.8,KL-PER-01
2006-09-10,2.07,14.0,KL-PER-01
2006-09-11,2.12,14.3,KL-PER-01
2006-09-12,2.21,24.4,KL-PER-01
2006-09-13,2.33,21.1,KL-PER-01
2006-09-14,2.44,24.3,KL-PER-01
2006-09-15,2.8,40.6,KL-PER-01
2006-09-16,3.48,39.7,KL-PER-01
2006-09-17,3.75,19.7,KL-PER-01
2006-09-18,3.75,18.7,KL-PER-01
2006-09-19,3.69,7.7,KL-PER-01
2006-09-20,3.58,29.2,KL-PER-01
2006-09-21,3.61,27.6,KL-PER-01
2006-09-22,3.7,4.5,KL-PER-01
2006-09-23,3.51,6.4,KL-PER-01
2006-09-24,3.4,22.1,KL-PER-01
2006-09-25,3.51,19.2,KL-PER-01
2006-09-26,3.49,3.6,KL-PER-01
2006-09-27,3.3,0.1,KL-PER-01
2006-09-28,3.1,3.5,KL-PER-01
2006-09-29,2.94,1.4,KL-PER-01
2006-09-30,2.78,7.0,KL-PER-01
2006-10-01,2.66,8.6,KL-PER-01
2006-10-02,2.57,0.9,KL-PER-01
2006-10-03,2.43,2.4,KL-PER-01
2006-10-04,2.32,6.5,KL-PER-01
2006-10-05,2.26,3.0,KL-PER-01
2006-10-06,2.16,10.6,KL-PER-01
2006-10-07,2.12,19.4,KL-PER-01
2006-10-08,2.17,2.6,KL-PER-01
2006-10-09,2.09,5.2,KL-PER-01
2006-10-10,2.06,22.7,KL-PER-01
2006-10-11,2.15,21.9,KL-PER-01
2006-10-12,2.32,7.4,KL-PER-01
2006-10-13,2.43,7.2,KL-PER-01
2006-10-14,2.39,12.6,KL-PER-01
2006-10-15,2.49,15.6,KL-PER-01
2006-10-16,2.56,13.2,KL-PER-01
2006-10-17,2.66,28.8,KL-PER-01
2006-10-18,2.85,4.2,KL-PER-01
2006-10-19,2.81,15.6,KL-PER-01
2006-10-20,2.92,23.0,KL-PER-01
2006-10-21,3.14,28.6,KL-PER-01
2006-10-22,3.29,13.6,KL-PER-01
2006-10-23,3.31,2.3,KL-PER-01
2006-10-24,3.28,2.6,KL-PER-01
2006-10-25,3.19,20.0,KL-PER-01
2006-10-26,3.34,17.5,KL-PER-01
2006-10-27,5.87,114.7,KL-PER-01
2006-10-28,6.64,32.2,KL-PER-01
2006-10-29,6.13,10.3,KL-PER-01
2006-10-30,5.65,10.0,KL-PER-01
2006-10-31,5.24,9.1,KL-PER-01
2006-11-01,5.0,2.6,KL-PER-01
2006-11-02,4.71,20.8,KL-PER-01
2006-11-03,5.27,30.9,KL-PER-01
2006-11-04,5.68,30.6,KL-PER-01
2006-11-05,5.59,6.5,KL-PER-01
2006-11-06,5.47,38.0,KL-PER-01
2006-11-07,5.41,3.9,KL-PER-01
2006-11-08,5.07,9.4,KL-PER-01
2006-11-09,4.85,13.4,KL-PER-01
2006-11-10,4.7,15.8,KL-PER-01
2006-11-11,4.64,13.5,KL-PER-01
2006-11-12,4.62,9.1,KL-PER-01
2006-11-13,4.58,6.9,KL-PER-01
2006-11-14,4.52,1.5,KL-PER-01
2006-11-15,4.6,17.9,KL-PER-01
2006-11-16,4.75,2.0,KL-PER-01
2006-11-17,4.79,4.2,KL-PER-01
2006-11-18,5.22,37.3,KL-PER-01
2006-11-19,5.32,9.7,KL-PER-01
2006-11-20,5.08,12.7,KL-PER-01
2006-11-21,4.87,11.5,KL-PER-01
2006-11-22,4.73,8.9,KL-PER-01
2006-11-23,4.6,12.9,KL-PER-01
2006-11-24,4.42,8.1,KL-PER-01
2006-11-25,4.28,2.4,KL-PER-01
2006-11-26,4.05,2.2,KL-PER-01
2006-11-27,3.83,5.3,KL-PER-01
2006-11-28,3.67,1.1,KL-PER-01
2006-11-29,3.5,0.0,KL-PER-01
2006-11-30,3.29,0.3,KL-PER-01
2006-12-01,3.09,0.0,KL-PER-01
2006-12-02,2.91,0.0,KL-PER-01
2006-12-03,2.72,0.0,KL-PER-01
2006-12-04,2.56,0.0,KL-PER-01
2006-12-05,2.4,0.0,KL-PER-01
2006-12-06,2.27,0.0,KL-PER-01
2006-12-07,2.14,0.0,KL-PER-01
2006-12-08,2.01,0.0,KL-PER-01
2006-12-09,1.89,0.0,KL-PER-01
2006-12-10,1.78,0.0,KL-PER-01
2006-12-11,1.69,0.6,KL-PER-01
2006-12-12,1.59,7.7,KL-PER-01
2006-12-13,1.59,0.0,KL-PER-01
2006-12-14,1.5,0.0,KL-PER-01
2006-12-15,1.42,0.0,KL-PER-01
2006-12-16,1.34,0.0,KL-PER-01
2006-12-17,1.28,0.0,KL-PER-01
2006-12-18,1.2,0.0,KL-PER-01
2006-12-19,1.14,0.0,KL-PER-01
2006-12-20,1.09,0.0,KL-PER-01
2006-12-21,1.05,0.0,KL-PER-01
2006-12-22,0.99,0.0,KL-PER-01
2006-12-23,0.94,0.0,KL-PER-01
2006-12-24,0.89,0.0,KL-PER-01
2006-12-25,0.86,0.0,KL-PER-01
2006-12-26,0.81,0.0,KL-PER-01
2006-12-27,0.78,0.0,KL-PER-01
2006-12-28,0.75,0.0,KL-PER-01
2006-12-29,0.72,0.0,KL-PER-01
2006-12-30,0.69,0.0,KL-PER-01
2006-12-31,0.66,0.0,KL-PER-01
2007-01-01,0.63,0.0,KL-PER-01
2007-01-02,0.61,0.0,KL-PER-01
2007-01-03,0.58,0.0,KL-PER-01
2007-01-04,0.56,0.0,KL-PER-01
2007-01-05,0.53,0.0,KL-PER-01
2007-01-06,0.52,0.0,KL-PER-01
2007-01-07,0.5,0.0,KL-PER-01
2007-01-08,0.49,0.0,KL-PER-01
2007-01-09,0.47,0.0,KL-PER-01
2007-01-10,0.45,0.0,KL-PER-01
2007-01-11,0.44,0.0,KL-PER-01
2007-01-12,0.42,0.0,KL-PER-01
2007-01-13,0.41,0.0,KL-PER-01
2007-01-14,0.41,0.0,KL-PER-01
2007-01-15,0.39,0.0,KL-PER-01
2007-01-16,0.37,0.0,KL-PER-01
2007-01-17,0.37,0.0,KL-PER-01
2007-01-18,0.36,0.0,KL-PER-01
2007-01-19,0.36,0.0,KL-PER-01
2007-01-20,0.36,0.0,KL-PER-01
2007-01-21,0.34,0.0,KL-PER-01
2007-01-22,0.34,0.0,KL-PER-01
2007-01-23,0.34,0.0,KL-PER-01
2007-01-24,0.33,0.0,KL-PER-01
2007-01-25,0.33,0.0,KL-PER-01
2007-01-26,0.33,0.0,KL-PER-01
2007-01-27,0.33,0.0,KL-PER-01
2007-01-28,0.33,0.2,KL-PER-01
2007-01-29,0.33,0.0,KL-PER-01
2007-01-30,0.33,0.0,KL-PER-01
2007-01-31,0.33,0.0,KL-PER-01
2007-02-01,0.33,0.0,KL-PER-01
2007-02-02,0.33,0.0,KL-PER-01
2007-02-03,0.33,0.0,KL-PER-01
2007-02-04,0.33,0.0,KL-PER-01
2007-02-05,0.33,1.8,KL-PER-01
2007-02-06,0.33,0.0,KL-PER-01
2007-02-07,0.33,0.0,KL-PER-01
2007-02-08,0.33,0.0,KL-PER-01
2007-02-09,0.33,0.2,KL-PER-01
2007-02-10,0.33,1.1,KL-PER-01
2007-02-11,0.33,0.0,KL-PER-01
2007-02-12,0.33,0.4,KL-PER-01
2007-02-13,0.33,0.4,KL-PER-01
2007-02-14,0.33,0.0,KL-PER-01
2007-02-15,0.33,0.0,KL-PER-01
2007-02-16,0.33,0.0,KL-PER-01
2007-02-17,0.33,1.4,KL-PER-01
2007-02-18,0.33,0.8,KL-PER-01
2007-02-19,0.33,5.9,KL-PER-01
2007-02-20,0.33,0.0,KL-PER-01
2007-02-21,0.33,0.0,KL-PER-01
2007-02-22,0.33,0.0,KL-PER-01
2007-02-23,0.33,0.0,KL-PER-01
2007-02-24,0.33,0.0,KL-PER-01
2007-02-25,0.33,0.1,KL-PER-01
2007-02-26,0.33,0.2,KL-PER-01
2007-02-27,0.33,1.0,KL-PER-01
2007-02-28,0.33,0.2,KL-PER-01
2007-03-01,0.33,0.1,KL-PER-01
2007-03-02,0.33,0.0,KL-PER-01
2007-03-03,0.33,0.0,KL-PER-01
2007-03-04,0.33,1.1,KL-PER-01
2007-03-05,0.33,0.4,KL-PER-01
2007-03-06,0.33,2.0,KL-PER-01
2007-03-07,0.33,0.0,KL-PER-01
2007-03-08,0.33,0.7,KL-PER-01
2007-03-09,0.33,0.8,KL-PER-01
2007-03-10,0.33,0.0,KL-PER-01
2007-03-11,0.33,0.0,KL-PER-01
2007-03-12,0.31,0.0,KL-PER-01
2007-03-13,0.31,0.0,KL-PER-01
2007-03-14,0.31,0.0,KL-PER-01
2007-03-15,0.31,0.0,KL-PER-01
2007-03-16,0.31,0.0,KL-PER-01
2007-03-17,0.31,2.0,KL-PER-01
2007-03-18,0.31,0.0,KL-PER-01
2007-03-19,0.31,0.0,KL-PER-01
2007-03-20,0.31,0.0,KL-PER-01
2007-03-21,0.31,0.8,KL-PER-01
2007-03-22,0.31,0.6,KL-PER-01
2007-03-23,0.31,0.3,KL-PER-01
2007-03-24,0.31,0.0,KL-PER-01
2007-03-25,0.31,0.7,KL-PER-01
2007-03-26,0.31,1.3,KL-PER-01
2007-03-27,0.31,0.0,KL-PER-01
2007-03-28,0.31,0.0,KL-PER-01
2007-03-29,0.31,0.0,KL-PER-01
2007-03-30,0.31,0.0,KL-PER-01
2007-03-31,0.31,1.8,KL-PER-01
2007-04-01,0.31,1.5,KL-PER-01
2007-04-02,0.31,1.0,KL-PER-01
2007-04-03,0.31,1.5,KL-PER-01
2007-04-04,0.31,0.1,KL-PER-01
2007-04-05,0.31,0.0,KL-PER-01
2007-04-06,0.31,0.0,KL-PER-01
2007-04-07,0.31,7.5,KL-PER-01
2007-04-08,0.31,2.9,KL-PER-01
2007-04-09,0.34,8.1,KL-PER-01
2007-04-10,0.34,7.2,KL-PER-01
2007-04-11,0.34,4.0,KL-PER-01
2007-04-12,0.34,6.4,KL-PER-01
2007-04-13,0.34,5.9,KL-PER-01
2007-04-14,0.34,35.4,KL-PER-01
2007-04-15,0.37,19.4,KL-PER-01
2007-04-16,0.37,1.2,KL-PER-01
2007-04-17,0.34,2.4,KL-PER-01
2007-04-18,0.34,0.9,KL-PER-01
2007-04-19,0.34,1.0,KL-PER-01
2007-04-20,0.34,1.8,KL-PER-01
2007-04-21,0.34,27.2,KL-PER-01
2007-04-22,0.37,5.3,KL-PER-01
2007-04-23,0.41,15.6,KL-PER-01
2007-04-24,0.41,6.1,KL-PER-01
2007-04-25,0.41,6.8,KL-PER-01
2007-04-26,0.41,4.4,KL-PER-01
2007-04-27,0.44,2.6,KL-PER-01
2007-04-28,0.44,6.2,KL-PER-01
2007-04-29,0.44,4.2,KL-PER-01
2007-04-30,0.44,2.3,KL-PER-01
2007-05-01,0.44,3.4,KL-PER-01
2007-05-02,0.44,29.0,KL-PER-01
2007-05-03,0.5,15.0,KL-PER-01
2007-05-04,0.53,17.6,KL-PER-01
2007-05-05,0.56,8.0,KL-PER-01
2007-05-06,0.56,9.7,KL-PER-01
2007-05-07,0.59,7.3,KL-PER-01
2007-05-08,0.59,19.3,KL-PER-01
2007-05-09,0.66,20.7,KL-PER-01
2007-05-10,0.72,16.0,KL-PER-01
2007-05-11,0.75,2.9,KL-PER-01
2007-05-12,0.75,3.6,KL-PER-01
2007-05-13,0.72,11.1,KL-PER-01
2007-05-14,0.75,4.4,KL-PER-01
2007-05-15,0.75,1.5,KL-PER-01
2007-05-16,0.75,0.0,KL-PER-01
2007-05-17,0.72,0.0,KL-PER-01
2007-05-18,0.69,0.0,KL-PER-01
2007-05-19,0.66,0.0,KL-PER-01
2007-05-20,0.63,0.0,KL-PER-01
2007-05-21,0.59,0.0,KL-PER-01
2007-05-22,0.56,6.6,KL-PER-01
2007-05-23,0.56,12.9,KL-PER-01
2007-05-24,0.59,9.2,KL-PER-01
2007-05-25,0.63,12.1,KL-PER-01
2007-05-26,0.63,11.6,KL-PER-01
2007-05-27,0.66,18.1,KL-PER-01
2007-05-28,0.75,18.0,KL-PER-01
2007-05-29,0.81,11.1,KL-PER-01
2007-05-30,0.87,17.7,KL-PER-01
2007-05-31,0.94,2.6,KL-PER-01
2007-06-01,0.91,0.9,KL-PER-01
2007-06-02,0.87,9.3,KL-PER-01
2007-06-03,0.91,0.0,KL-PER-01
2007-06-04,0.87,0.0,KL-PER-01
2007-06-05,0.81,11.3,KL-PER-01
2007-06-06,0.87,24.7,KL-PER-01
2007-06-07,1.0,21.6,KL-PER-01
2007-06-08,1.12,14.3,KL-PER-01
2007-06-09,1.19,12.8,KL-PER-01
2007-06-10,1.22,16.2,KL-PER-01
2007-06-11,1.28,42.1,KL-PER-01
2007-06-12,1.62,29.9,KL-PER-01
2007-06-13,1.9,9.2,KL-PER-01
2007-06-14,1.94,45.2,KL-PER-01
2007-06-15,2.44,39.8,KL-PER-01
2007-06-16,2.78,19.2,KL-PER-01
2007-06-17,2.81,19.7,KL-PER-01
2007-06-18,3.43,51.4,KL-PER-01
2007-06-19,3.79,21.0,KL-PER-01
2007-06-20,4.43,36.9,KL-PER-01
2007-06-21,6.31,57.2,KL-PER-01
2007-06-22,9.5,94.9,KL-PER-01
2007-06-23,10.69,67.2,KL-PER-01
2007-06-24,9.64,9.6,KL-PER-01
2007-06-25,8.35,6.9,KL-PER-01
2007-06-26,7.47,9.4,KL-PER-01
2007-06-27,6.85,4.7,KL-PER-01
2007-06-28,6.33,16.6,KL-PER-01
2007-06-29,6.41,39.8,KL-PER-01
2007-06-30,6.98,43.8,KL-PER-01
2007-07-01,7.49,48.0,KL-PER-01
2007-07-02,7.89,40.6,KL-PER-01
2007-07-03,8.14,42.5,KL-PER-01
2007-07-04,7.85,22.7,KL-PER-01
2007-07-05,7.39,11.8,KL-PER-01
2007-07-06,7.05,20.5,KL-PER-01
2007-07-07,6.85,10.2,KL-PER-01
2007-07-08,6.52,14.8,KL-PER-01
2007-07-09,6.24,11.0,KL-PER-01
2007-07-10,5.97,15.9,KL-PER-01
2007-07-11,5.79,24.9,KL-PER-01
2007-07-12,5.73,14.6,KL-PER-01
2007-07-13,5.56,16.3,KL-PER-01
2007-07-14,5.46,13.9,KL-PER-01
2007-07-15,5.28,11.6,KL-PER-01
2007-07-16,5.52,33.4,KL-PER-01
2007-07-17,5.85,35.5,KL-PER-01
2007-07-18,5.84,15.3,KL-PER-01
2007-07-19,5.78,18.7,KL-PER-01
2007-07-20,6.43,46.5,KL-PER-01
2007-07-21,6.6,17.5,KL-PER-01
2007-07-22,6.33,18.3,KL-PER-01
2007-07-23,6.05,17.8,KL-PER-01
2007-07-24,6.57,43.8,KL-PER-01
2007-07-25,6.73,9.3,KL-PER-01
2007-07-26,6.4,24.3,KL-PER-01
2007-07-27,6.21,18.3,KL-PER-01
2007-07-28,5.92,11.4,KL-PER-01
2007-07-29,5.59,9.1,KL-PER-01
2007-07-30,5.3,20.3,KL-PER-01
2007-07-31,5.12,23.8,KL-PER-01
2007-08-01,7.34,96.2,KL-PER-01
2007-08-02,8.4,51.5,KL-PER-01
2007-08-03,7.87,10.7,KL-PER-01
2007-08-04,7.15,21.5,KL-PER-01
2007-08-05,7.09,43.3,KL-PER-01
2007-08-06,6.93,20.9,KL-PER-01
2007-08-07,6.6,16.7,KL-PER-01
2007-08-08,6.33,14.8,KL-PER-01
2007-08-09,6.31,31.0,KL-PER-01
2007-08-10,6.48,26.1,KL-PER-01
2007-08-11,6.41,14.4,KL-PER-01
2007-08-12,6.11,4.3,KL-PER-01
2007-08-13,5.71,1.5,KL-PER-01
2007-08-14,5.35,0.5,KL-PER-01
2007-08-15,5.01,2.8,KL-PER-01
2007-08-16,4.7,1.6,KL-PER-01
2007-08-17,4.43,2.2,KL-PER-01
2007-08-18,4.19,1.9,KL-PER-01
2007-08-19,3.97,4.6,KL-PER-01
2007-08-20,3.78,11.0,KL-PER-01
2007-08-21,4.08,41.3,KL-PER-01
2007-08-22,4.28,17.8,KL-PER-01
2007-08-23,4.13,11.8,KL-PER-01
2007-08-24,3.94,29.5,KL-PER-01
2007-08-25,3.92,22.0,KL-PER-01
2007-08-26,3.97,26.2,KL-PER-01
2007-08-27,4.07,22.9,KL-PER-01
2007-08-28,4.04,22.7,KL-PER-01
2007-08-29,4.0,8.6,KL-PER-01
2007-08-30,3.93,36.8,KL-PER-01
2007-08-31,4.04,15.5,KL-PER-01
2007-09-01,4.01,16.6,KL-PER-01
2007-09-02,4.19,49.1,KL-PER-01
2007-09-03,4.4,5.8,KL-PER-01
2007-09-04,4.16,23.4,KL-PER-01
2007-09-05,4.22,28.8,KL-PER-01
2007-09-06,4.32,17.7,KL-PER-01
2007-09-07,4.2,10.7,KL-PER-01
2007-09-08,4.04,16.0,KL-PER-01
2007-09-09,5.14,25.9,KL-PER-01
2007-09-10,5.5,12.7,KL-PER-01
2007-09-11,5.12,3.0,KL-PER-01
2007-09-12,4.75,9.4,KL-PER-01
2007-09-13,4.52,7.8,KL-PER-01
2007-09-14,4.27,7.6,KL-PER-01
2007-09-15,4.11,30.6,KL-PER-01
2007-09-16,4.7,58.9,KL-PER-01
2007-09-17,4.92,26.9,KL-PER-01
2007-09-18,4.97,24.5,KL-PER-01
2007-09-19,5.11,27.3,KL-PER-01
2007-09-20,5.1,13.7,KL-PER-01
2007-09-21,4.9,15.4,KL-PER-01
2007-09-22,5.1,30.6,KL-PER-01
2007-09-23,5.55,30.9,KL-PER-01
2007-09-24,5.89,31.2,KL-PER-01
2007-09-25,6.06,30.9,KL-PER-01
2007-09-26,5.93,4.1,KL-PER-01
2007-09-27,5.55,13.6,KL-PER-01
2007-09-28,5.28,5.6,KL-PER-01
2007-09-29,4.96,4.6,KL-PER-01
2007-09-30,4.68,6.2,KL-PER-01
2007-10-01,4.45,7.7,KL-PER-01
2007-10-02,4.24,1.5,KL-PER-01
2007-10-03,3.99,5.6,KL-PER-01
2007-10-04,3.78,2.5,KL-PER-01
2007-10-05,3.57,1.0,KL-PER-01
2007-10-06,3.36,3.3,KL-PER-01
2007-10-07,3.17,6.0,KL-PER-01
2007-10-08,3.03,1.9,KL-PER-01
2007-10-09,2.86,1.2,KL-PER-01
2007-10-10,2.72,14.4,KL-PER-01
2007-10-11,2.76,11.5,KL-PER-01
2007-10-12,2.79,7.7,KL-PER-01
2007-10-13,2.79,22.5,KL-PER-01
2007-10-14,2.94,14.2,KL-PER-01
2007-10-15,2.92,10.9,KL-PER-01
2007-10-16,2.94,13.9,KL-PER-01
2007-10-17,3.0,21.6,KL-PER-01
2007-10-18,3.14,12.5,KL-PER-01
2007-10-19,3.16,19.0,KL-PER-01
2007-10-20,3.56,41.6,KL-PER-01
2007-10-21,3.82,6.1,KL-PER-01
2007-10-22,3.62,27.5,KL-PER-01
2007-10-23,3.79,19.9,KL-PER-01
2007-10-24,4.41,25.7,KL-PER-01
2007-10-25,5.18,39.9,KL-PER-01
2007-10-26,6.31,61.1,KL-PER-01
2007-10-27,6.36,4.9,KL-PER-01
2007-10-28,6.24,40.1,KL-PER-01
2007-10-29,6.16,25.4,KL-PER-01
2007-10-30,5.92,2.7,KL-PER-01
2007-10-31,5.47,0.2,KL-PER-01
2007-11-01,5.05,0.7,KL-PER-01
2007-11-02,4.71,16.7,KL-PER-01
2007-11-03,4.7,22.3,KL-PER-01
2007-11-04,4.68,0.0,KL-PER-01
2007-11-05,4.46,5.8,KL-PER-01
2007-11-06,4.25,6.5,KL-PER-01
2007-11-07,4.12,7.4,KL-PER-01
2007-11-08,3.99,9.0,KL-PER-01
2007-11-09,3.81,0.8,KL-PER-01
2007-11-10,3.59,6.3,KL-PER-01
2007-11-11,3.44,2.1,KL-PER-01
2007-11-12,3.25,0.9,KL-PER-01
2007-11-13,3.07,0.9,KL-PER-01
2007-11-14,2.92,0.9,KL-PER-01
2007-11-15,2.75,0.0,KL-PER-01
2007-11-16,2.6,0.0,KL-PER-01
2007-11-17,2.44,0.0,KL-PER-01
2007-11-18,2.3,0.0,KL-PER-01
2007-11-19,2.16,0.0,KL-PER-01
2007-11-20,2.05,0.0,KL-PER-01
2007-11-21,1.99,0.0,KL-PER-01
2007-11-22,1.9,0.0,KL-PER-01
2007-11-23,1.86,3.9,KL-PER-01
2007-11-24,1.8,0.0,KL-PER-01
2007-11-25,1.7,0.0,KL-PER-01
2007-11-26,1.62,0.0,KL-PER-01
2007-11-27,1.53,0.0,KL-PER-01
2007-11-28,1.45,0.0,KL-PER-01
2007-11-29,1.38,1.3,KL-PER-01
2007-11-30,1.34,0.0,KL-PER-01
2007-12-01,1.3,0.0,KL-PER-01
2007-12-02,1.23,0.0,KL-PER-01
2007-12-03,1.17,0.0,KL-PER-01
2007-12-04,1.11,0.0,KL-PER-01
2007-12-05,1.05,0.0,KL-PER-01
2007-12-06,1.0,0.0,KL-PER-01
2007-12-07,0.95,0.0,KL-PER-01
2007-12-08,0.91,0.0,KL-PER-01
2007-12-09,0.86,0.0,KL-PER-01
2007-12-10,0.83,0.0,KL-PER-01
2007-12-11,0.8,0.0,KL-PER-01
2007-12-12,0.77,0.0,KL-PER-01
2007-12-13,0.73,0.0,KL-PER-01
2007-12-14,0.73,0.7,KL-PER-01
2007-12-15,0.73,0.0,KL-PER-01
2007-12-16,0.72,0.0,KL-PER-01
2007-12-17,0.69,0.0,KL-PER-01
2007-12-18,0.67,26.7,KL-PER-01
2007-12-19,0.83,15.1,KL-PER-01
2007-12-20,0.92,8.5,KL-PER-01
2007-12-21,0.94,4.9,KL-PER-01
2007-12-22,0.97,1.8,KL-PER-01
2007-12-23,0.95,0.0,KL-PER-01
2007-12-24,0.91,0.0,KL-PER-01
2007-12-25,0.87,0.0,KL-PER-01
2007-12-26,0.83,0.0,KL-PER-01
2007-12-27,0.8,0.0,KL-PER-01
2007-12-28,0.77,0.0,KL-PER-01
2007-12-29,0.73,0.0,KL-PER-01
2007-12-30,0.7,0.0,KL-PER-01
2007-12-31,0.67,0.0,KL-PER-01
2008-01-01,0.66,0.0,KL-PER-01
2008-01-02,0.63,0.0,KL-PER-01
2008-01-03,0.61,0.0,KL-PER-01
2008-01-04,0.59,0.0,KL-PER-01
2008-01-05,0.56,0.0,KL-PER-01
2008-01-06,0.56,0.0,KL-PER-01
2008-01-07,0.55,0.0,KL-PER-01
2008-01-08,0.52,0.0,KL-PER-01
2008-01-09,0.5,0.0,KL-PER-01
2008-01-10,0.49,0.0,KL-PER-01
2008-01-11,0.47,0.0,KL-PER-01
2008-01-12,0.45,0.0,KL-PER-01
2008-01-13,0.44,0.0,KL-PER-01
2008-01-14,0.44,0.0,KL-PER-01
2008-01-15,0.41,0.0,KL-PER-01
2008-01-16,0.41,0.0,KL-PER-01
2008-01-17,0.41,0.0,KL-PER-01
2008-01-18,0.37,0.0,KL-PER-01
2008-01-19,0.37,0.0,KL-PER-01
2008-01-20,0.37,0.0,KL-PER-01
2008-01-21,0.37,0.0,KL-PER-01
2008-01-22,0.37,0.0,KL-PER-01
2008-01-23,0.34,0.0,KL-PER-01
2008-01-24,0.34,0.0,KL-PER-01
2008-01-25,0.34,0.0,KL-PER-01
2008-01-26,0.34,0.0,KL-PER-01
2008-01-27,0.34,0.0,KL-PER-01
2008-01-28,0.34,0.0,KL-PER-01
2008-01-29,0.31,0.0,KL-PER-01
2008-01-30,0.31,1.1,KL-PER-01
2008-01-31,0.34,0.0,KL-PER-01
2008-02-01,0.34,1.0,KL-PER-01
2008-02-02,0.34,0.1,KL-PER-01
2008-02-03,0.34,1.9,KL-PER-01
2008-02-04,0.34,11.3,KL-PER-01
2008-02-05,0.37,0.1,KL-PER-01
2008-02-06,0.37,0.0,KL-PER-01
2008-02-07,0.37,0.2,KL-PER-01
2008-02-08,0.37,0.0,KL-PER-01
2008-02-09,0.41,0.9,KL-PER-01
2008-02-10,0.44,6.5,KL-PER-01
2008-02-11,0.44,3.7,KL-PER-01
2008-02-12,0.47,13.9,KL-PER-01
2008-02-13,0.5,4.9,KL-PER-01
2008-02-14,0.5,0.0,KL-PER-01
2008-02-15,0.5,0.0,KL-PER-01
2008-02-16,0.47,1.8,KL-PER-01
2008-02-17,0.47,0.0,KL-PER-01
2008-02-18,0.47,0.1,KL-PER-01
2008-02-19,0.44,0.0,KL-PER-01
2008-02-20,0.44,0.0,KL-PER-01
2008-02-21,0.41,0.0,KL-PER-01
2008-02-22,0.41,0.0,KL-PER-01
2008-02-23,0.41,0.0,KL-PER-01
2008-02-24,0.41,0.0,KL-PER-01
2008-02-25,0.37,0.0,KL-PER-01
2008-02-26,0.37,0.0,KL-PER-01
2008-02-27,0.37,0.0,KL-PER-01
2008-02-28,0.37,0.0,KL-PER-01
2008-02-29,0.34,0.0,KL-PER-01
2008-03-01,0.34,0.0,KL-PER-01
2008-03-02,0.34,0.8,KL-PER-01
2008-03-03,0.34,0.0,KL-PER-01
2008-03-04,0.34,0.0,KL-PER-01
2008-03-05,0.34,0.0,KL-PER-01
2008-03-06,0.34,0.0,KL-PER-01
2008-03-07,0.34,0.0,KL-PER-01
2008-03-08,0.31,0.0,KL-PER-01
2008-03-09,0.31,0.0,KL-PER-01
2008-03-10,0.31,0.0,KL-PER-01
2008-03-11,0.31,1.2,KL-PER-01
2008-03-12,0.31,5.1,KL-PER-01
2008-03-13,0.34,23.1,KL-PER-01
2008-03-14,0.41,30.6,KL-PER-01
2008-03-15,0.47,8.0,KL-PER-01
2008-03-16,0.5,15.3,KL-PER-01
2008-03-17,0.56,10.9,KL-PER-01
2008-03-18,0.59,9.4,KL-PER-01
2008-03-19,0.66,15.7,KL-PER-01
2008-03-20,0.72,20.4,KL-PER-01
2008-03-21,0.87,12.0,KL-PER-01
2008-03-22,0.94,20.1,KL-PER-01
2008-03-23,1.03,7.5,KL-PER-01
2008-03-24,1.03,2.3,KL-PER-01
2008-03-25,1.0,0.0,KL-PER-01
2008-03-26,0.94,0.0,KL-PER-01
2008-03-27,0.87,0.1,KL-PER-01
2008-03-28,0.87,14.5,KL-PER-01
2008-03-29,0.91,3.5,KL-PER-01
2008-03-30,0.91,14.2,KL-PER-01
2008-03-31,1.0,6.7,KL-PER-01
2008-04-01,1.0,7.1,KL-PER-01
2008-04-02,1.03,16.8,KL-PER-01
2008-04-03,1.31,7.6,KL-PER-01
2008-04-04,1.34,9.1,KL-PER-01
2008-04-05,1.34,6.2,KL-PER-01
2008-04-06,1.31,4.3,KL-PER-01
2008-04-07,1.28,0.5,KL-PER-01
2008-04-08,1.25,6.1,KL-PER-01
2008-04-09,1.22,1.4,KL-PER-01
2008-04-10,1.19,4.3,KL-PER-01
2008-04-11,1.22,3.7,KL-PER-01
2008-04-12,1.28,11.4,KL-PER-01
2008-04-13,1.31,1.9,KL-PER-01
2008-04-14,1.31,0.6,KL-PER-01
2008-04-15,1.28,4.2,KL-PER-01
2008-04-16,1.25,1.0,KL-PER-01
2008-04-17,1.25,1.1,KL-PER-01
2008-04-18,1.22,3.7,KL-PER-01
2008-04-19,1.22,2.0,KL-PER-01
2008-04-20,1.22,1.4,KL-PER-01
2008-04-21,1.22,4.1,KL-PER-01
2008-04-22,1.22,1.4,KL-PER-01
2008-04-23,1.22,1.3,KL-PER-01
2008-04-24,1.19,8.4,KL-PER-01
2008-04-25,1.28,4.8,KL-PER-01
2008-04-26,1.31,24.5,KL-PER-01
2008-04-27,1.56,5.9,KL-PER-01
2008-04-28,1.56,12.5,KL-PER-01
2008-04-29,1.62,4.2,KL-PER-01
2008-04-30,1.59,4.4,KL-PER-01
2008-05-01,1.56,9.5,KL-PER-01
2008-05-02,1.53,0.0,KL-PER-01
2008-05-03,1.44,0.4,KL-PER-01
2008-05-04,1.38,14.4,KL-PER-01
2008-05-05,1.4,5.7,KL-PER-01
2008-05-06,1.4,1.6,KL-PER-01
2008-05-07,1.34,12.5,KL-PER-01
2008-05-08,1.34,12.3,KL-PER-01
2008-05-09,1.4,15.8,KL-PER-01
2008-05-10,1.5,21.9,KL-PER-01
2008-05-11,1.65,6.7,KL-PER-01
2008-05-12,1.65,6.9,KL-PER-01
2008-05-13,1.62,12.5,KL-PER-01
2008-05-14,1.69,0.8,KL-PER-01
2008-05-15,1.59,8.1,KL-PER-01
2008-05-16,1.59,1.8,KL-PER-01
2008-05-17,1.56,12.2,KL-PER-01
2008-05-18,1.62,8.6,KL-PER-01
2008-05-19,1.62,5.2,KL-PER-01
2008-05-20,1.59,8.6,KL-PER-01
2008-05-21,1.59,15.7,KL-PER-01
2008-05-22,1.65,11.4,KL-PER-01
2008-05-23,1.69,10.9,KL-PER-01
2008-05-24,1.69,8.8,KL-PER-01
2008-05-25,1.69,13.5,KL-PER-01
2008-05-26,1.75,18.8,KL-PER-01
2008-05-27,1.81,2.2,KL-PER-01
2008-05-28,1.78,11.3,KL-PER-01
2008-05-29,1.78,5.0,KL-PER-01
2008-05-30,1.75,16.8,KL-PER-01
2008-05-31,1.84,19.8,KL-PER-01
2008-06-01,1.94,15.2,KL-PER-01
2008-06-02,2.0,4.2,KL-PER-01
2008-06-03,1.97,6.6,KL-PER-01
2008-06-04,2.0,11.6,KL-PER-01
2008-06-05,2.0,1.1,KL-PER-01
2008-06-06,1.9,12.7,KL-PER-01
2008-06-07,1.88,13.7,KL-PER-01
2008-06-08,2.0,42.3,KL-PER-01
2008-06-09,2.56,39.0,KL-PER-01
2008-06-10,2.87,9.8,KL-PER-01
2008-06-11,2.78,5.2,KL-PER-01
2008-06-12,2.62,13.1,KL-PER-01
2008-06-13,2.6,11.7,KL-PER-01
2008-06-14,2.56,10.6,KL-PER-01
2008-06-15,2.53,8.0,KL-PER-01
2008-06-16,2.44,10.7,KL-PER-01
2008-06-17,2.4,10.2,KL-PER-01
2008-06-18,2.37,31.5,KL-PER-01
2008-06-19,2.53,15.5,KL-PER-01
2008-06-20,2.53,22.1,KL-PER-01
2008-06-21,2.6,22.6,KL-PER-01
2008-06-22,2.72,24.0,KL-PER-01
2008-06-23,2.81,10.2,KL-PER-01
2008-06-24,2.75,5.0,KL-PER-01
2008-06-25,2.66,22.2,KL-PER-01
2008-06-26,2.75,8.8,KL-PER-01
2008-06-27,2.72,27.7,KL-PER-01
2008-06-28,3.0,37.1,KL-PER-01
2008-06-29,3.32,22.1,KL-PER-01
2008-06-30,3.41,23.1,KL-PER-01
2008-07-01,3.72,38.4,KL-PER-01
2008-07-02,3.97,1.0,KL-PER-01
2008-07-03,3.69,0.0,KL-PER-01
2008-07-04,3.47,1.0,KL-PER-01
2008-07-05,3.25,5.0,KL-PER-01
2008-07-06,3.09,21.3,KL-PER-01
2008-07-07,3.05,11.6,KL-PER-01
2008-07-08,2.98,11.2,KL-PER-01
2008-07-09,2.89,12.8,KL-PER-01
2008-07-10,2.85,11.7,KL-PER-01
2008-07-11,2.79,4.5,KL-PER-01
2008-07-12,2.69,2.9,KL-PER-01
2008-07-13,2.56,0.5,KL-PER-01
2008-07-14,2.44,14.0,KL-PER-01
2008-07-15,6.43,93.0,KL-PER-01
2008-07-16,6.26,22.7,KL-PER-01
2008-07-17,5.43,20.9,KL-PER-01
2008-07-18,4.89,23.0,KL-PER-01
2008-07-19,4.7,26.2,KL-PER-01
2008-07-20,4.6,9.2,KL-PER-01
2008-07-21,4.37,21.9,KL-PER-01
2008-07-22,4.3,20.5,KL-PER-01
2008-07-23,4.69,39.7,KL-PER-01
2008-07-24,5.35,41.8,KL-PER-01
2008-07-25,6.03,56.6,KL-PER-01
2008-07-26,6.06,17.6,KL-PER-01
2008-07-27,6.67,54.9,KL-PER-01
2008-07-28,7.32,44.0,KL-PER-01
2008-07-29,7.45,31.8,KL-PER-01
2008-07-30,7.24,25.2,KL-PER-01
2008-07-31,6.96,25.7,KL-PER-01
2008-08-01,6.69,22.1,KL-PER-01
2008-08-02,6.43,0.7,KL-PER-01
2008-08-03,5.95,8.3,KL-PER-01
2008-08-04,5.62,2.3,KL-PER-01
2008-08-05,5.25,3.8,KL-PER-01
2008-08-06,4.94,1.7,KL-PER-01
2008-08-07,4.64,5.7,KL-PER-01
2008-08-08,4.42,16.7,KL-PER-01
2008-08-09,4.31,14.2,KL-PER-01
2008-08-10,4.22,10.4,KL-PER-01
2008-08-11,4.09,12.1,KL-PER-01
2008-08-12,5.15,70.3,KL-PER-01
2008-08-13,6.38,58.6,KL-PER-01
2008-08-14,6.82,42.3,KL-PER-01
2008-08-15,6.53,20.1,KL-PER-01
2008-08-16,6.08,1.4,KL-PER-01
2008-08-17,5.55,3.6,KL-PER-01
2008-08-18,5.15,3.0,KL-PER-01
2008-08-19,4.78,5.8,KL-PER-01
2008-08-20,4.5,9.1,KL-PER-01
2008-08-21,4.26,8.8,KL-PER-01
2008-08-22,4.06,2.6,KL-PER-01
2008-08-23,3.83,2.2,KL-PER-01
2008-08-24,3.61,2.6,KL-PER-01
2008-08-25,3.41,6.2,KL-PER-01
2008-08-26,3.27,9.2,KL-PER-01
2008-08-27,3.14,7.0,KL-PER-01
2008-08-28,3.08,10.8,KL-PER-01
2008-08-29,3.03,8.0,KL-PER-01
2008-08-30,3.0,12.2,KL-PER-01
2008-08-31,2.98,13.6,KL-PER-01
2008-09-01,3.0,1.2,KL-PER-01
2008-09-02,2.84,0.4,KL-PER-01
2008-09-03,2.69,5.0,KL-PER-01
2008-09-04,2.61,10.5,KL-PER-01
2008-09-05,2.55,7.5,KL-PER-01
2008-09-06,2.48,22.1,KL-PER-01
2008-09-07,2.54,20.9,KL-PER-01
2008-09-08,2.66,36.0,KL-PER-01
2008-09-09,2.84,14.1,KL-PER-01
2008-09-10,2.87,23.9,KL-PER-01
2008-09-11,3.06,15.9,KL-PER-01
2008-09-12,3.17,13.3,KL-PER-01
2008-09-13,3.12,2.9,KL-PER-01
2008-09-14,2.97,8.2,KL-PER-01
2008-09-15,2.86,3.8,KL-PER-01
2008-09-16,2.72,8.1,KL-PER-01
2008-09-17,2.63,1.3,KL-PER-01
2008-09-18,2.5,1.5,KL-PER-01
2008-09-19,2.37,3.0,KL-PER-01
2008-09-20,2.27,23.9,KL-PER-01
2008-09-21,2.34,0.8,KL-PER-01
2008-09-22,2.23,0.9,KL-PER-01
2008-09-23,2.12,2.0,KL-PER-01
2008-09-24,2.01,3.9,KL-PER-01
2008-09-25,1.93,3.8,KL-PER-01
2008-09-26,1.85,0.8,KL-PER-01
2008-09-27,1.75,0.0,KL-PER-01
2008-09-28,1.65,0.0,KL-PER-01
2008-09-29,1.56,0.0,KL-PER-01
2008-09-30,1.48,0.4,KL-PER-01
2008-10-01,1.4,0.5,KL-PER-01
2008-10-02,1.33,0.0,KL-PER-01
2008-10-03,1.26,0.0,KL-PER-01
2008-10-04,1.19,0.0,KL-PER-01
2008-10-05,1.14,0.0,KL-PER-01
2008-10-06,1.08,1.6,KL-PER-01
2008-10-07,1.12,12.8,KL-PER-01
2008-10-08,1.15,2.4,KL-PER-01
2008-10-09,1.16,21.0,KL-PER-01
2008-10-10,1.28,8.2,KL-PER-01
2008-10-11,1.3,10.6,KL-PER-01
2008-10-12,1.38,22.5,KL-PER-01
2008-10-13,1.49,24.6,KL-PER-01
2008-10-14,1.59,11.9,KL-PER-01
2008-10-15,1.71,12.7,KL-PER-01
2008-10-16,1.78,7.8,KL-PER-01
2008-10-17,1.81,7.5,KL-PER-01
2008-10-18,1.84,32.7,KL-PER-01
2008-10-19,2.08,14.1,KL-PER-01
2008-10-20,2.35,27.0,KL-PER-01
2008-10-21,2.87,13.5,KL-PER-01
2008-10-22,3.14,13.1,KL-PER-01
2008-10-23,3.12,18.4,KL-PER-01
2008-10-24,3.2,21.2,KL-PER-01
2008-10-25,3.27,20.6,KL-PER-01
2008-10-26,3.24,6.5,KL-PER-01
2008-10-27,3.09,3.4,KL-PER-01
2008-10-28,2.93,3.3,KL-PER-01
2008-10-29,2.81,0.8,KL-PER-01
2008-10-30,2.66,0.4,KL-PER-01
2008-10-31,2.53,0.5,KL-PER-01
2008-11-01,2.44,4.0,KL-PER-01
2008-11-02,2.35,0.1,KL-PER-01
2008-11-03,2.23,0.0,KL-PER-01
2008-11-04,2.09,0.0,KL-PER-01
2008-11-05,1.99,0.1,KL-PER-01
2008-11-06,1.88,0.8,KL-PER-01
2008-11-07,1.79,0.0,KL-PER-01
2008-11-08,1.71,1.8,KL-PER-01
2008-11-09,1.69,1.8,KL-PER-01
2008-11-10,1.62,1.1,KL-PER-01
2008-11-11,1.57,0.8,KL-PER-01
2008-11-12,1.52,2.9,KL-PER-01
2008-11-13,1.46,1.5,KL-PER-01
2008-11-14,1.4,1.6,KL-PER-01
2008-11-15,1.34,0.1,KL-PER-01
2008-11-16,1.28,4.3,KL-PER-01
2008-11-17,1.24,8.7,KL-PER-01
2008-11-18,1.23,8.8,KL-PER-01
2008-11-19,1.25,2.4,KL-PER-01
2008-11-20,1.28,15.0,KL-PER-01
2008-11-21,1.3,6.6,KL-PER-01
2008-11-22,1.33,19.3,KL-PER-01
2008-11-23,1.49,28.6,KL-PER-01
2008-11-24,1.79,1.6,KL-PER-01
2008-11-25,1.81,0.0,KL-PER-01
2008-11-26,1.72,0.4,KL-PER-01
2008-11-27,1.62,6.4,KL-PER-01
2008-11-28,1.56,15.0,KL-PER-01
2008-11-29,1.58,13.9,KL-PER-01
2008-11-30,1.67,13.3,KL-PER-01
2008-12-01,1.74,0.2,KL-PER-01
2008-12-02,1.65,1.5,KL-PER-01
2008-12-03,1.59,0.0,KL-PER-01
2008-12-04,1.52,0.0,KL-PER-01
2008-12-05,1.44,0.0,KL-PER-01
2008-12-06,1.36,0.0,KL-PER-01
2008-12-07,1.3,0.1,KL-PER-01
2008-12-08,1.25,5.0,KL-PER-01
2008-12-09,1.39,15.8,KL-PER-01
2008-12-10,1.48,8.4,KL-PER-01
2008-12-11,1.47,1.5,KL-PER-01
2008-12-12,1.42,0.0,KL-PER-01
2008-12-13,1.34,0.1,KL-PER-01
2008-12-14,1.3,1.6,KL-PER-01
2008-12-15,1.26,0.2,KL-PER-01
2008-12-16,1.31,0.0,KL-PER-01
2008-12-17,1.3,0.0,KL-PER-01
2008-12-18,1.23,3.2,KL-PER-01
2008-12-19,1.22,0.0,KL-PER-01
2008-12-20,1.19,0.0,KL-PER-01
2008-12-21,1.14,0.0,KL-PER-01
2008-12-22,1.08,0.0,KL-PER-01
2008-12-23,1.05,0.0,KL-PER-01
2008-12-24,1.0,0.0,KL-PER-01
2008-12-25,0.95,0.0,KL-PER-01
2008-12-26,0.91,0.0,KL-PER-01
2008-12-27,0.87,0.0,KL-PER-01
2008-12-28,0.83,0.0,KL-PER-01
2008-12-29,0.8,0.0,KL-PER-01
2008-12-30,0.77,0.0,KL-PER-01
2008-12-31,0.73,0.0,KL-PER-01
2009-01-01,0.7,0.0,KL-PER-01
2009-01-02,0.67,0.0,KL-PER-01
2009-01-03,0.64,0.0,KL-PER-01
2009-01-04,0.63,0.0,KL-PER-01
2009-01-05,0.59,0.0,KL-PER-01
2009-01-06,0.58,0.0,KL-PER-01
2009-01-07,0.56,0.0,KL-PER-01
2009-01-08,0.53,0.0,KL-PER-01
2009-01-09,0.52,0.0,KL-PER-01
2009-01-10,0.5,0.0,KL-PER-01
2009-01-11,0.49,0.0,KL-PER-01
2009-01-12,0.47,0.0,KL-PER-01
2009-01-13,0.45,0.0,KL-PER-01
2009-01-14,0.44,0.0,KL-PER-01
2009-01-15,0.44,0.0,KL-PER-01
2009-01-16,0.41,0.0,KL-PER-01
2009-01-17,0.41,0.0,KL-PER-01
2009-01-18,0.41,0.0,KL-PER-01
2009-01-19,0.37,0.0,KL-PER-01
2009-01-20,0.37,0.0,KL-PER-01
2009-01-21,0.37,0.0,KL-PER-01
2009-01-22,0.37,0.0,KL-PER-01
2009-01-23,0.37,0.0,KL-PER-01
2009-01-24,0.34,0.0,KL-PER-01
2009-01-25,0.34,0.0,KL-PER-01
2009-01-26,0.34,0.0,KL-PER-01
2009-01-27,0.34,6.7,KL-PER-01
2009-01-28,0.37,3.5,KL-PER-01
2009-01-29,0.37,0.0,KL-PER-01
2009-01-30,0.37,0.0,KL-PER-01
2009-01-31,0.37,0.0,KL-PER-01
2009-02-01,0.34,0.0,KL-PER-01
2009-02-02,0.34,0.0,KL-PER-01
2009-02-03,0.34,0.0,KL-PER-01
2009-02-04,0.34,0.0,KL-PER-01
2009-02-05,0.34,0.0,KL-PER-01
2009-02-06,0.34,0.0,KL-PER-01
2009-02-07,0.34,0.9,KL-PER-01
2009-02-08,0.34,1.4,KL-PER-01
2009-02-09,0.34,0.0,KL-PER-01
2009-02-10,0.34,0.0,KL-PER-01
2009-02-11,0.34,0.0,KL-PER-01
2009-02-12,0.31,0.4,KL-PER-01
2009-02-13,0.31,0.1,KL-PER-01
2009-02-14,0.31,0.0,KL-PER-01
2009-02-15,0.31,0.3,KL-PER-01
2009-02-16,0.31,0.0,KL-PER-01
2009-02-17,0.31,0.0,KL-PER-01
2009-02-18,0.31,0.0,KL-PER-01
2009-02-19,0.31,0.0,KL-PER-01
2009-02-20,0.31,0.0,KL-PER-01
2009-02-21,0.31,0.0,KL-PER-01
2009-02-22,0.31,0.0,KL-PER-01
2009-02-23,0.31,0.2,KL-PER-01
2009-02-24,0.31,0.2,KL-PER-01
2009-02-25,0.31,0.2,KL-PER-01
2009-02-26,0.31,0.0,KL-PER-01
2009-02-27,0.31,0.0,KL-PER-01
2009-02-28,0.31,0.6,KL-PER-01
2009-03-01,0.31,0.0,KL-PER-01
2009-03-02,0.31,0.0,KL-PER-01
2009-03-03,0.31,0.1,KL-PER-01
2009-03-04,0.31,0.1,KL-PER-01
2009-03-05,0.31,0.0,KL-PER-01
2009-03-06,0.31,0.0,KL-PER-01
2009-03-07,0.31,0.0,KL-PER-01
2009-03-08,0.31,0.0,KL-PER-01
2009-03-09,0.31,0.8,KL-PER-01
2009-03-10,0.31,1.0,KL-PER-01
2009-03-11,0.34,21.4,KL-PER-01
2009-03-12,0.34,21.2,KL-PER-01
2009-03-13,0.37,16.7,KL-PER-01
2009-03-14,0.41,30.6,KL-PER-01
2009-03-15,0.44,14.1,KL-PER-01
2009-03-16,0.44,3.8,KL-PER-01
2009-03-17,0.44,7.0,KL-PER-01
2009-03-18,0.44,0.0,KL-PER-01
2009-03-19,0.41,0.9,KL-PER-01
2009-03-20,0.41,0.5,KL-PER-01
2009-03-21,0.41,0.0,KL-PER-01
2009-03-22,0.41,11.9,KL-PER-01
2009-03-23,0.41,4.8,KL-PER-01
2009-03-24,0.41,11.5,KL-PER-01
2009-03-25,0.44,0.9,KL-PER-01
2009-03-26,0.44,3.4,KL-PER-01
2009-03-27,0.44,10.4,KL-PER-01
2009-03-28,0.44,10.9,KL-PER-01
2009-03-29,0.47,3.1,KL-PER-01
2009-03-30,0.47,2.0,KL-PER-01
2009-03-31,0.47,0.0,KL-PER-01
2009-04-01,0.44,4.5,KL-PER-01
2009-04-02,0.44,0.6,KL-PER-01
2009-04-03,0.44,0.0,KL-PER-01
2009-04-04,0.44,0.0,KL-PER-01
2009-04-05,0.41,0.0,KL-PER-01
2009-04-06,0.41,0.0,KL-PER-01
2009-04-07,0.41,40.1,KL-PER-01
2009-04-08,0.5,2.9,KL-PER-01
2009-04-09,0.5,1.8,KL-PER-01
2009-04-10,0.53,4.4,KL-PER-01
2009-04-11,0.53,1.1,KL-PER-01
2009-04-12,0.53,0.1,KL-PER-01
2009-04-13,0.5,5.0,KL-PER-01
2009-04-14,0.5,0.5,KL-PER-01
2009-04-15,0.5,12.7,KL-PER-01
2009-04-16,0.5,4.1,KL-PER-01
2009-04-17,0.5,1.7,KL-PER-01
2009-04-18,0.5,0.0,KL-PER-01
2009-04-19,0.5,3.6,KL-PER-01
2009-04-20,0.5,5.8,KL-PER-01
2009-04-21,0.53,19.7,KL-PER-01
2009-04-22,0.56,15.0,KL-PER-01
2009-04-23,0.63,6.3,KL-PER-01
2009-04-24,0.66,11.1,KL-PER-01
2009-04-25,0.69,0.3,KL-PER-01
2009-04-26,0.66,0.0,KL-PER-01
2009-04-27,0.66,0.9,KL-PER-01
2009-04-28,0.69,5.5,KL-PER-01
2009-04-29,0.69,3.2,KL-PER-01
2009-04-30,0.72,20.9,KL-PER-01
2009-05-01,0.78,2.2,KL-PER-01
2009-05-02,0.78,2.7,KL-PER-01
2009-05-03,0.75,0.0,KL-PER-01
2009-05-04,0.72,0.0,KL-PER-01
2009-05-05,0.69,0.0,KL-PER-01
2009-05-06,0.66,6.3,KL-PER-01
2009-05-07,0.66,2.5,KL-PER-01
2009-05-08,0.66,19.8,KL-PER-01
2009-05-09,0.69,5.6,KL-PER-01
2009-05-10,0.69,14.0,KL-PER-01
2009-05-11,0.75,1.4,KL-PER-01
2009-05-12,0.72,3.6,KL-PER-01
2009-05-13,0.72,6.4,KL-PER-01
2009-05-14,0.75,1.1,KL-PER-01
2009-05-15,0.72,12.3,KL-PER-01
2009-05-16,0.78,24.5,KL-PER-01
2009-05-17,0.85,8.6,KL-PER-01
2009-05-18,0.87,7.9,KL-PER-01
2009-05-19,1.0,49.0,KL-PER-01
2009-05-20,1.34,24.4,KL-PER-01
2009-05-21,1.5,22.6,KL-PER-01
2009-05-22,1.59,23.4,KL-PER-01
2009-05-23,1.72,7.8,KL-PER-01
2009-05-24,1.75,26.5,KL-PER-01
2009-05-25,1.97,15.1,KL-PER-01
2009-05-26,2.03,2.8,KL-PER-01
2009-05-27,1.97,18.4,KL-PER-01
2009-05-28,1.97,3.1,KL-PER-01
2009-05-29,1.88,7.8,KL-PER-01
2009-05-30,1.84,24.3,KL-PER-01
2009-05-31,2.03,10.4,KL-PER-01
2009-06-01,2.06,5.6,KL-PER-01
2009-06-02,2.0,4.8,KL-PER-01
2009-06-03,1.94,5.0,KL-PER-01
2009-06-04,1.9,8.6,KL-PER-01
2009-06-05,2.22,48.7,KL-PER-01
2009-06-06,4.15,63.4,KL-PER-01
2009-06-07,4.81,37.7,KL-PER-01
2009-06-08,4.56,11.6,KL-PER-01
2009-06-09,4.25,2.1,KL-PER-01
2009-06-10,3.88,3.7,KL-PER-01
2009-06-11,3.59,9.6,KL-PER-01
2009-06-12,3.44,11.6,KL-PER-01
2009-06-13,3.32,24.3,KL-PER-01
2009-06-14,3.38,14.5,KL-PER-01
2009-06-15,3.29,15.8,KL-PER-01
2009-06-16,3.25,20.1,KL-PER-01
2009-06-17,3.22,18.6,KL-PER-01
2009-06-18,3.38,26.0,KL-PER-01
2009-06-19,3.53,9.8,KL-PER-01
2009-06-20,3.44,5.7,KL-PER-01
2009-06-21,3.29,6.5,KL-PER-01
2009-06-22,3.19,31.0,KL-PER-01
2009-06-23,3.29,19.8,KL-PER-01
2009-06-24,3.32,20.2,KL-PER-01
2009-06-25,3.41,21.5,KL-PER-01
2009-06-26,3.75,37.2,KL-PER-01
2009-06-27,4.04,27.6,KL-PER-01
2009-06-28,4.09,18.6,KL-PER-01
2009-06-29,4.5,46.8,KL-PER-01
2009-06-30,5.87,52.9,KL-PER-01
2009-07-01,6.66,33.6,KL-PER-01
2009-07-02,7.15,38.3,KL-PER-01
2009-07-03,7.93,54.3,KL-PER-01
2009-07-04,8.31,43.4,KL-PER-01
2009-07-05,8.62,36.4,KL-PER-01
2009-07-06,9.14,62.6,KL-PER-01
2009-07-07,8.75,16.8,KL-PER-01
2009-07-08,8.64,39.5,KL-PER-01
2009-07-09,8.35,12.3,KL-PER-01
2009-07-10,7.77,4.8,KL-PER-01
2009-07-11,7.18,4.3,KL-PER-01
2009-07-12,6.71,6.4,KL-PER-01
2009-07-13,6.33,18.1,KL-PER-01
2009-07-14,6.16,19.3,KL-PER-01
2009-07-15,6.87,56.0,KL-PER-01
2009-07-16,7.79,36.3,KL-PER-01
2009-07-17,9.26,51.4,KL-PER-01
2009-07-18,9.02,11.5,KL-PER-01
2009-07-19,8.18,23.9,KL-PER-01
2009-07-20,7.67,12.0,KL-PER-01
2009-07-21,7.24,7.9,KL-PER-01
2009-07-22,6.8,9.5,KL-PER-01
2009-07-23,6.4,9.4,KL-PER-01
2009-07-24,6.03,0.5,KL-PER-01
2009-07-25,5.62,1.5,KL-PER-01
2009-07-26,5.27,1.7,KL-PER-01
2009-07-27,4.96,21.4,KL-PER-01
2009-07-28,4.81,4.2,KL-PER-01
2009-07-29,4.56,25.8,KL-PER-01
2009-07-30,4.52,11.9,KL-PER-01
2009-07-31,4.62,42.3,KL-PER-01
2009-08-01,4.81,26.3,KL-PER-01
2009-08-02,4.78,4.1,KL-PER-01
2009-08-03,4.53,5.7,KL-PER-01
2009-08-04,4.28,4.4,KL-PER-01
2009-08-05,4.08,8.1,KL-PER-01
2009-08-06,3.91,16.9,KL-PER-01
2009-08-07,3.81,3.7,KL-PER-01
2009-08-08,3.62,2.7,KL-PER-01
2009-08-09,3.46,3.8,KL-PER-01
2009-08-10,3.3,5.1,KL-PER-01
2009-08-11,3.17,17.2,KL-PER-01
2009-08-12,3.11,2.3,KL-PER-01
2009-08-13,2.94,1.6,KL-PER-01
2009-08-14,2.81,24.8,KL-PER-01
2009-08-15,2.87,8.9,KL-PER-01
2009-08-16,2.81,14.9,KL-PER-01
2009-08-17,2.86,20.0,KL-PER-01
2009-08-18,2.87,6.4,KL-PER-01
2009-08-19,2.87,12.2,KL-PER-01
2009-08-20,3.21,58.7,KL-PER-01
2009-08-21,3.65,29.7,KL-PER-01
2009-08-22,3.76,17.5,KL-PER-01
2009-08-23,3.73,33.9,KL-PER-01
2009-08-24,3.83,10.6,KL-PER-01
2009-08-25,3.72,9.0,KL-PER-01
2009-08-26,3.59,24.3,KL-PER-01
2009-08-27,3.65,13.2,KL-PER-01
2009-08-28,3.59,8.9,KL-PER-01
2009-08-29,3.47,5.1,KL-PER-01
2009-08-30,3.32,6.1,KL-PER-01
2009-08-31,3.21,14.1,KL-PER-01
2009-09-01,3.51,32.7,KL-PER-01
2009-09-02,3.86,20.5,KL-PER-01
2009-09-03,3.98,24.2,KL-PER-01
2009-09-04,4.31,30.4,KL-PER-01
2009-09-05,5.11,41.7,KL-PER-01
2009-09-06,5.84,32.3,KL-PER-01
2009-09-07,5.82,14.3,KL-PER-01
2009-09-08,5.55,10.7,KL-PER-01
2009-09-09,5.21,2.4,KL-PER-01
2009-09-10,4.85,0.8,KL-PER-01
2009-09-11,4.5,1.7,KL-PER-01
2009-09-12,4.2,2.2,KL-PER-01
2009-09-13,3.97,11.5,KL-PER-01
2009-09-14,4.15,10.6,KL-PER-01
2009-09-15,4.26,12.4,KL-PER-01
2009-09-16,4.09,13.2,KL-PER-01
2009-09-17,3.99,27.8,KL-PER-01
2009-09-18,4.9,46.4,KL-PER-01
2009-09-19,5.19,22.4,KL-PER-01
2009-09-20,4.94,17.1,KL-PER-01
2009-09-21,4.73,5.8,KL-PER-01
2009-09-22,4.5,12.3,KL-PER-01
2009-09-23,4.31,9.1,KL-PER-01
2009-09-24,4.13,1.5,KL-PER-01
2009-09-25,3.88,5.3,KL-PER-01
2009-09-26,3.72,25.1,KL-PER-01
2009-09-27,3.75,13.3,KL-PER-01
2009-09-28,3.7,9.9,KL-PER-01
2009-09-29,3.59,9.3,KL-PER-01
2009-09-30,3.52,15.9,KL-PER-01
2009-10-01,4.24,31.4,KL-PER-01
2009-10-02,6.1,62.5,KL-PER-01
2009-10-03,6.5,27.9,KL-PER-01
2009-10-04,6.11,8.9,KL-PER-01
2009-10-05,5.59,2.6,KL-PER-01
2009-10-06,5.14,2.5,KL-PER-01
2009-10-07,4.74,0.3,KL-PER-01
2009-10-08,4.41,1.1,KL-PER-01
2009-10-09,4.11,0.2,KL-PER-01
2009-10-10,3.82,0.0,KL-PER-01
2009-10-11,3.57,0.0,KL-PER-01
2009-10-12,3.37,16.2,KL-PER-01
2009-10-13,3.37,5.9,KL-PER-01
2009-10-14,3.35,10.4,KL-PER-01
2009-10-15,3.34,6.7,KL-PER-01
2009-10-16,3.23,8.2,KL-PER-01
2009-10-17,3.16,1.0,KL-PER-01
2009-10-18,2.98,1.8,KL-PER-01
2009-10-19,2.85,9.2,KL-PER-01
2009-10-20,2.78,0.9,KL-PER-01
2009-10-21,2.66,2.3,KL-PER-01
2009-10-22,2.54,2.8,KL-PER-01
2009-10-23,2.4,0.2,KL-PER-01
2009-10-24,2.27,0.7,KL-PER-01
2009-10-25,2.16,11.5,KL-PER-01
2009-10-26,2.08,0.4,KL-PER-01
2009-10-27,1.99,1.4,KL-PER-01
2009-10-28,1.93,9.0,KL-PER-01
2009-10-29,1.9,6.7,KL-PER-01
2009-10-30,1.89,3.7,KL-PER-01
2009-10-31,1.86,0.2,KL-PER-01
2009-11-01,1.84,1.1,KL-PER-01
2009-11-02,1.78,1.4,KL-PER-01
2009-11-03,1.75,1.1,KL-PER-01
2009-11-04,1.77,4.7,KL-PER-01
2009-11-05,1.89,3.0,KL-PER-01
2009-11-06,1.95,15.9,KL-PER-01
2009-11-07,4.86,70.5,KL-PER-01
2009-11-08,6.05,39.6,KL-PER-01
2009-11-09,5.84,20.3,KL-PER-01
2009-11-10,5.35,7.5,KL-PER-01
2009-11-11,4.78,2.1,KL-PER-01
2009-11-12,4.32,2.5,KL-PER-01
2009-11-13,3.97,11.5,KL-PER-01
2009-11-14,3.94,17.5,KL-PER-01
2009-11-15,4.25,19.2,KL-PER-01
2009-11-16,4.35,7.9,KL-PER-01
2009-11-17,4.08,0.0,KL-PER-01
2009-11-18,3.79,3.8,KL-PER-01
2009-11-19,3.58,17.6,KL-PER-01
2009-11-20,3.52,13.1,KL-PER-01
2009-11-21,3.46,20.5,KL-PER-01
2009-11-22,3.55,7.6,KL-PER-01
2009-11-23,3.53,2.7,KL-PER-01
2009-11-24,3.36,8.4,KL-PER-01
2009-11-25,3.29,2.4,KL-PER-01
2009-11-26,3.15,0.1,KL-PER-01
2009-11-27,2.98,0.0,KL-PER-01
2009-11-28,2.81,0.0,KL-PER-01
2009-11-29,2.64,0.0,KL-PER-01
2009-11-30,2.48,0.8,KL-PER-01
2009-12-01,2.44,17.0,KL-PER-01
2009-12-02,2.63,9.4,KL-PER-01
2009-12-03,2.66,9.6,KL-PER-01
2009-12-04,2.64,7.4,KL-PER-01
2009-12-05,2.6,4.0,KL-PER-01
2009-12-06,2.47,1.2,KL-PER-01
2009-12-07,2.33,0.0,KL-PER-01
2009-12-08,2.21,0.0,KL-PER-01
2009-12-09,2.08,0.0,KL-PER-01
2009-12-10,1.97,0.0,KL-PER-01
2009-12-11,1.85,0.0,KL-PER-01
2009-12-12,1.75,0.0,KL-PER-01
2009-12-13,1.65,0.0,KL-PER-01
2009-12-14,1.59,0.2,KL-PER-01
2009-12-15,1.55,0.0,KL-PER-01
2009-12-16,1.55,7.6,KL-PER-01
2009-12-17,1.59,0.8,KL-PER-01
2009-12-18,1.53,0.0,KL-PER-01
2009-12-19,1.45,0.0,KL-PER-01
2009-12-20,1.38,0.0,KL-PER-01
2009-12-21,1.31,0.2,KL-PER-01
2009-12-22,1.3,0.5,KL-PER-01
2009-12-23,1.26,0.0,KL-PER-01
2009-12-24,1.23,0.0,KL-PER-01
2009-12-25,1.17,0.4,KL-PER-01
2009-12-26,1.12,1.0,KL-PER-01
2009-12-27,1.11,10.7,KL-PER-01
2009-12-28,1.16,9.3,KL-PER-01
2009-12-29,1.22,5.8,KL-PER-01
2009-12-30,1.25,0.9,KL-PER-01
2009-12-31,1.19,0.0,KL-PER-01
2010-01-01,1.14,0.0,KL-PER-01
2010-01-02,1.09,0.0,KL-PER-01
2010-01-03,1.06,0.0,KL-PER-01
2010-01-04,1.03,0.0,KL-PER-01
2010-01-05,0.99,0.0,KL-PER-01
2010-01-06,0.94,0.0,KL-PER-01
2010-01-07,0.89,0.0,KL-PER-01
2010-01-08,0.85,0.0,KL-PER-01
2010-01-09,0.81,0.0,KL-PER-01
2010-01-10,0.81,17.3,KL-PER-01
2010-01-11,0.87,0.0,KL-PER-01
2010-01-12,0.87,8.6,KL-PER-01
2010-01-13,0.89,14.5,KL-PER-01
2010-01-14,0.94,0.0,KL-PER-01
2010-01-15,0.89,0.0,KL-PER-01
2010-01-16,0.86,0.0,KL-PER-01
2010-01-17,0.81,0.0,KL-PER-01
2010-01-18,0.78,0.0,KL-PER-01
2010-01-19,0.75,0.0,KL-PER-01
2010-01-20,0.72,2.0,KL-PER-01
2010-01-21,0.69,0.0,KL-PER-01
2010-01-22,0.66,0.0,KL-PER-01
2010-01-23,0.64,0.0,KL-PER-01
2010-01-24,0.61,0.0,KL-PER-01
2010-01-25,0.59,0.0,KL-PER-01
2010-01-26,0.58,0.3,KL-PER-01
2010-01-27,0.55,0.0,KL-PER-01
2010-01-28,0.53,0.0,KL-PER-01
2010-01-29,0.52,0.2,KL-PER-01
2010-01-30,0.5,0.0,KL-PER-01
2010-01-31,0.49,0.0,KL-PER-01
2010-02-01,0.47,0.0,KL-PER-01
2010-02-02,0.45,0.2,KL-PER-01
2010-02-03,0.45,0.0,KL-PER-01
2010-02-04,0.44,0.0,KL-PER-01
2010-02-05,0.42,0.0,KL-PER-01
2010-02-06,0.42,0.0,KL-PER-01
2010-02-07,0.41,0.0,KL-PER-01
2010-02-08,0.41,0.0,KL-PER-01
2010-02-09,0.37,0.0,KL-PER-01
2010-02-10,0.37,0.0,KL-PER-01
2010-02-11,0.37,0.0,KL-PER-01
2010-02-12,0.37,0.0,KL-PER-01
2010-02-13,0.37,0.2,KL-PER-01
2010-02-14,0.34,0.0,KL-PER-01
2010-02-15,0.34,0.0,KL-PER-01
2010-02-16,0.34,0.0,KL-PER-01
2010-02-17,0.34,0.0,KL-PER-01
2010-02-18,0.34,0.4,KL-PER-01
2010-02-19,0.34,0.0,KL-PER-01
2010-02-20,0.34,0.5,KL-PER-01
2010-02-21,0.34,0.0,KL-PER-01
2010-02-22,0.34,0.2,KL-PER-01
2010-02-23,0.34,0.4,KL-PER-01
2010-02-24,0.34,6.2,KL-PER-01
2010-02-25,0.34,0.0,KL-PER-01
2010-02-26,0.34,2.6,KL-PER-01
2010-02-27,0.34,0.0,KL-PER-01
2010-02-28,0.34,0.7,KL-PER-01
2010-03-01,0.34,0.2,KL-PER-01
2010-03-02,0.34,0.0,KL-PER-01
2010-03-03,0.34,0.0,KL-PER-01
2010-03-04,0.34,0.6,KL-PER-01
2010-03-05,0.34,1.6,KL-PER-01
2010-03-06,0.34,2.1,KL-PER-01
2010-03-07,0.34,0.0,KL-PER-01
2010-03-08,0.34,0.0,KL-PER-01
2010-03-09,0.34,1.4,KL-PER-01
2010-03-10,0.34,0.0,KL-PER-01
2010-03-11,0.34,0.0,KL-PER-01
2010-03-12,0.34,0.0,KL-PER-01
2010-03-13,0.34,0.0,KL-PER-01
2010-03-14,0.31,0.0,KL-PER-01
2010-03-15,0.31,0.1,KL-PER-01
2010-03-16,0.34,14.7,KL-PER-01
2010-03-17,0.34,0.0,KL-PER-01
2010-03-18,0.34,0.0,KL-PER-01
2010-03-19,0.34,0.0,KL-PER-01
2010-03-20,0.34,0.0,KL-PER-01
2010-03-21,0.34,0.0,KL-PER-01
2010-03-22,0.34,0.0,KL-PER-01
2010-03-23,0.31,0.0,KL-PER-01
2010-03-24,0.31,0.2,KL-PER-01
2010-03-25,0.31,0.3,KL-PER-01
2010-03-26,0.31,0.4,KL-PER-01
2010-03-27,0.34,4.3,KL-PER-01
2010-03-28,0.34,3.2,KL-PER-01
2010-03-29,0.34,5.4,KL-PER-01
2010-03-30,0.34,8.3,KL-PER-01
2010-03-31,0.34,3.6,KL-PER-01
2010-04-01,0.34,0.3,KL-PER-01
2010-04-02,0.34,0.0,KL-PER-01
2010-04-03,0.34,2.4,KL-PER-01
2010-04-04,0.34,4.5,KL-PER-01
2010-04-05,0.37,37.6,KL-PER-01
2010-04-06,0.44,12.7,KL-PER-01
2010-04-07,0.47,3.1,KL-PER-01
2010-04-08,0.47,0.2,KL-PER-01
2010-04-09,0.47,3.2,KL-PER-01
2010-04-10,0.47,0.3,KL-PER-01
2010-04-11,0.47,0.1,KL-PER-01
2010-04-12,0.44,3.1,KL-PER-01
2010-04-13,0.44,2.3,KL-PER-01
2010-04-14,0.44,12.7,KL-PER-01
2010-04-15,0.47,3.6,KL-PER-01
2010-04-16,0.47,6.3,KL-PER-01
2010-04-17,0.5,10.7,KL-PER-01
2010-04-18,0.5,5.8,KL-PER-01
2010-04-19,0.5,4.2,KL-PER-01
2010-04-20,0.53,13.5,KL-PER-01
2010-04-21,0.59,2.4,KL-PER-01
2010-04-22,0.63,3.6,KL-PER-01
2010-04-23,0.63,20.2,KL-PER-01
2010-04-24,0.72,9.3,KL-PER-01
2010-04-25,0.72,9.1,KL-PER-01
2010-04-26,0.78,14.3,KL-PER-01
2010-04-27,0.85,3.9,KL-PER-01
2010-04-28,0.85,7.0,KL-PER-01
2010-04-29,0.85,7.3,KL-PER-01
2010-04-30,0.87,14.5,KL-PER-01
2010-05-01,0.97,15.4,KL-PER-01
2010-05-02,1.03,22.3,KL-PER-01
2010-05-03,1.16,7.5,KL-PER-01
2010-05-04,1.16,1.2,KL-PER-01
2010-05-05,1.12,1.6,KL-PER-01
2010-05-06,1.06,0.3,KL-PER-01
2010-05-07,1.03,5.4,KL-PER-01
2010-05-08,1.06,4.8,KL-PER-01
2010-05-09,1.09,9.9,KL-PER-01
2010-05-10,1.12,2.0,KL-PER-01
2010-05-11,1.09,2.8,KL-PER-01
2010-05-12,1.09,8.3,KL-PER-01
2010-05-13,1.12,8.5,KL-PER-01
2010-05-14,1.12,8.1,KL-PER-01
2010-05-15,1.12,2.9,KL-PER-01
2010-05-16,1.12,10.5,KL-PER-01
2010-05-17,1.19,16.1,KL-PER-01
2010-05-18,1.34,8.5,KL-PER-01
2010-05-19,1.38,9.5,KL-PER-01
2010-05-20,1.78,54.9,KL-PER-01
2010-05-21,2.16,12.1,KL-PER-01
2010-05-22,2.09,6.2,KL-PER-01
2010-05-23,2.0,19.7,KL-PER-01
2010-05-24,2.13,20.6,KL-PER-01
2010-05-25,2.25,12.6,KL-PER-01
2010-05-26,2.28,10.3,KL-PER-01
2010-05-27,2.25,11.8,KL-PER-01
2010-05-28,2.25,14.3,KL-PER-01
2010-05-29,2.31,7.8,KL-PER-01
2010-05-30,2.28,22.1,KL-PER-01
2010-05-31,2.37,7.2,KL-PER-01
2010-06-01,2.31,2.8,KL-PER-01
2010-06-02,2.18,14.0,KL-PER-01
2010-06-03,2.22,9.9,KL-PER-01
2010-06-04,2.18,17.9,KL-PER-01
2010-06-05,2.4,37.4,KL-PER-01
2010-06-06,2.69,12.2,KL-PER-01
2010-06-07,2.72,21.0,KL-PER-01
2010-06-08,2.87,25.2,KL-PER-01
2010-06-09,3.16,23.1,KL-PER-01
2010-06-10,3.59,31.5,KL-PER-01
2010-06-11,5.25,63.5,KL-PER-01
2010-06-12,7.65,65.0,KL-PER-01
2010-06-13,8.89,49.6,KL-PER-01
2010-06-14,8.77,41.7,KL-PER-01
2010-06-15,8.04,2.8,KL-PER-01
2010-06-16,7.15,5.7,KL-PER-01
2010-06-17,6.57,33.6,KL-PER-01
2010-06-18,6.31,11.5,KL-PER-01
2010-06-19,5.93,16.4,KL-PER-01
2010-06-20,5.65,2.9,KL-PER-01
2010-06-21,5.28,1.7,KL-PER-01
2010-06-22,4.97,9.9,KL-PER-01
2010-06-23,5.53,51.6,KL-PER-01
2010-06-24,5.95,30.4,KL-PER-01
2010-06-25,5.82,15.4,KL-PER-01
2010-06-26,5.61,20.6,KL-PER-01
2010-06-27,5.46,26.6,KL-PER-01
2010-06-28,5.37,14.5,KL-PER-01
2010-06-29,5.27,15.4,KL-PER-01
2010-06-30,5.47,38.3,KL-PER-01
2010-07-01,6.36,60.5,KL-PER-01
2010-07-02,6.59,26.9,KL-PER-01
2010-07-03,6.78,42.3,KL-PER-01
2010-07-04,7.45,57.8,KL-PER-01
2010-07-05,7.91,32.3,KL-PER-01
2010-07-06,7.63,5.0,KL-PER-01
2010-07-07,6.98,18.8,KL-PER-01
2010-07-08,6.59,5.1,KL-PER-01
2010-07-09,6.16,3.0,KL-PER-01
2010-07-10,5.82,11.5,KL-PER-01
2010-07-11,5.68,1.4,KL-PER-01
2010-07-12,5.35,13.7,KL-PER-01
2010-07-13,5.15,19.4,KL-PER-01
2010-07-14,4.96,10.6,KL-PER-01
2010-07-15,4.73,20.1,KL-PER-01
2010-07-16,5.07,39.3,KL-PER-01
2010-07-17,5.53,28.2,KL-PER-01
2010-07-18,5.79,30.4,KL-PER-01
2010-07-19,6.73,50.8,KL-PER-01
2010-07-20,6.83,23.2,KL-PER-01
2010-07-21,6.5,21.3,KL-PER-01
2010-07-22,6.21,4.4,KL-PER-01
2010-07-23,5.78,9.6,KL-PER-01
2010-07-24,5.47,12.2,KL-PER-01
2010-07-25,5.21,10.7,KL-PER-01
2010-07-26,4.98,8.2,KL-PER-01
2010-07-27,4.77,13.7,KL-PER-01
2010-07-28,4.66,25.7,KL-PER-01
2010-07-29,4.9,28.2,KL-PER-01
2010-07-30,5.05,26.1,KL-PER-01
2010-07-31,4.98,9.4,KL-PER-01
2010-08-01,4.75,2.6,KL-PER-01
2010-08-02,4.47,10.5,KL-PER-01
2010-08-03,4.33,35.0,KL-PER-01
2010-08-04,4.42,11.4,KL-PER-01
2010-08-05,4.28,4.8,KL-PER-01
2010-08-06,4.06,5.8,KL-PER-01
2010-08-07,3.88,10.3,KL-PER-01
2010-08-08,3.75,21.6,KL-PER-01
2010-08-09,3.72,12.2,KL-PER-01
2010-08-10,3.65,1.0,KL-PER-01
2010-08-11,3.46,7.9,KL-PER-01
2010-08-12,3.33,24.5,KL-PER-01
2010-08-13,3.41,22.4,KL-PER-01
2010-08-14,3.5,21.0,KL-PER-01
2010-08-15,3.99,40.4,KL-PER-01
2010-08-16,5.14,47.9,KL-PER-01
2010-08-17,5.7,36.4,KL-PER-01
2010-08-18,5.59,7.7,KL-PER-01
2010-08-19,5.19,0.9,KL-PER-01
2010-08-20,4.77,8.1,KL-PER-01
2010-08-21,4.66,33.1,KL-PER-01
2010-08-22,4.68,9.6,KL-PER-01
2010-08-23,4.5,14.8,KL-PER-01
2010-08-24,4.73,34.6,KL-PER-01
2010-08-25,5.52,42.7,KL-PER-01
2010-08-26,5.85,21.0,KL-PER-01
2010-08-27,5.73,22.6,KL-PER-01
2010-08-28,5.56,19.8,KL-PER-01
2010-08-29,5.46,17.6,KL-PER-01
2010-08-30,6.18,48.2,KL-PER-01
2010-08-31,6.4,2.7,KL-PER-01
2010-09-01,5.89,0.9,KL-PER-01
2010-09-02,5.43,1.8,KL-PER-01
2010-09-03,5.04,5.6,KL-PER-01
2010-09-04,4.73,1.6,KL-PER-01
2010-09-05,4.45,1.2,KL-PER-01
2010-09-06,4.18,4.6,KL-PER-01
2010-09-07,3.97,16.3,KL-PER-01
2010-09-08,3.86,22.5,KL-PER-01
2010-09-09,3.8,15.8,KL-PER-01
2010-09-10,3.73,27.6,KL-PER-01
2010-09-11,3.82,5.0,KL-PER-01
2010-09-12,3.67,10.6,KL-PER-01
2010-09-13,3.58,20.2,KL-PER-01
2010-09-14,3.65,18.5,KL-PER-01
2010-09-15,3.67,17.3,KL-PER-01
2010-09-16,3.67,15.0,KL-PER-01
2010-09-17,3.6,7.6,KL-PER-01
2010-09-18,3.49,16.1,KL-PER-01
2010-09-19,3.42,3.0,KL-PER-01
2010-09-20,3.24,0.2,KL-PER-01
2010-09-21,3.06,7.1,KL-PER-01
2010-09-22,3.04,18.3,KL-PER-01
2010-09-23,3.12,19.6,KL-PER-01
2010-09-24,3.27,20.7,KL-PER-01
2010-09-25,3.26,0.3,KL-PER-01
2010-09-26,3.08,5.6,KL-PER-01
2010-09-27,3.06,4.3,KL-PER-01
2010-09-28,3.0,0.9,KL-PER-01
2010-09-29,2.97,4.0,KL-PER-01
2010-09-30,2.92,8.3,KL-PER-01
2010-10-01,3.17,34.6,KL-PER-01
2010-10-02,3.73,29.0,KL-PER-01
2010-10-03,3.93,3.2,KL-PER-01
2010-10-04,3.78,3.6,KL-PER-01
2010-10-05,3.56,29.7,KL-PER-01
2010-10-06,3.79,33.1,KL-PER-01
2010-10-07,3.97,16.1,KL-PER-01
2010-10-08,3.86,9.2,KL-PER-01
2010-10-09,3.69,6.7,KL-PER-01
2010-10-10,3.55,2.6,KL-PER-01
2010-10-11,3.36,1.8,KL-PER-01
2010-10-12,3.17,2.6,KL-PER-01
2010-10-13,3.01,3.2,KL-PER-01
2010-10-14,2.85,15.1,KL-PER-01
2010-10-15,2.8,8.3,KL-PER-01
2010-10-16,2.72,4.4,KL-PER-01
2010-10-17,2.61,2.7,KL-PER-01
2010-10-18,2.51,6.3,KL-PER-01
2010-10-19,2.41,7.2,KL-PER-01
2010-10-20,2.33,4.2,KL-PER-01
2010-10-21,2.26,20.7,KL-PER-01
2010-10-22,2.37,36.3,KL-PER-01
2010-10-23,2.51,12.4,KL-PER-01
2010-10-24,2.46,0.5,KL-PER-01
2010-10-25,2.33,1.0,KL-PER-01
2010-10-26,2.21,5.8,KL-PER-01
2010-10-27,2.16,17.2,KL-PER-01
2010-10-28,2.31,11.2,KL-PER-01
2010-10-29,2.42,1.0,KL-PER-01
2010-10-30,2.41,8.4,KL-PER-01
2010-10-31,2.44,7.1,KL-PER-01
2010-11-01,2.38,8.1,KL-PER-01
2010-11-02,2.3,1.0,KL-PER-01
2010-11-03,2.18,1.7,KL-PER-01
2010-11-04,2.21,57.8,KL-PER-01
2010-11-05,2.51,21.1,KL-PER-01
2010-11-06,2.57,11.6,KL-PER-01
2010-11-07,2.55,6.8,KL-PER-01
2010-11-08,2.47,3.1,KL-PER-01
2010-11-09,2.36,16.5,KL-PER-01
2010-11-10,2.44,12.7,KL-PER-01
2010-11-11,2.62,17.8,KL-PER-01
2010-11-12,2.8,1.7,KL-PER-01
2010-11-13,2.69,6.2,KL-PER-01
2010-11-14,2.61,4.9,KL-PER-01
2010-11-15,2.53,8.2,KL-PER-01
2010-11-16,2.51,15.9,KL-PER-01
2010-11-17,2.58,6.2,KL-PER-01
2010-11-18,2.56,11.1,KL-PER-01
2010-11-19,3.47,28.2,KL-PER-01
2010-11-20,4.53,37.4,KL-PER-01
2010-11-21,4.85,21.8,KL-PER-01
2010-11-22,4.89,26.8,KL-PER-01
2010-11-23,4.79,14.6,KL-PER-01
2010-11-24,4.58,9.5,KL-PER-01
2010-11-25,4.68,17.1,KL-PER-01
2010-11-26,4.79,14.7,KL-PER-01
2010-11-27,4.75,5.9,KL-PER-01
2010-11-28,4.55,27.0,KL-PER-01
2010-11-29,4.51,0.7,KL-PER-01
2010-11-30,4.26,0.0,KL-PER-01
2010-12-01,5.01,44.7,KL-PER-01
2010-12-02,5.85,28.0,KL-PER-01
2010-12-03,5.76,2.2,KL-PER-01
2010-12-04,5.4,0.0,KL-PER-01
2010-12-05,4.97,1.5,KL-PER-01
2010-12-06,4.6,0.0,KL-PER-01
2010-12-07,4.26,0.0,KL-PER-01
2010-12-08,3.97,6.9,KL-PER-01
2010-12-09,3.75,1.6,KL-PER-01
2010-12-10,3.54,1.6,KL-PER-01
2010-12-11,3.34,5.2,KL-PER-01
2010-12-12,3.19,0.9,KL-PER-01
2010-12-13,2.98,0.0,KL-PER-01
2010-12-14,2.81,0.0,KL-PER-01
2010-12-15,2.64,1.2,KL-PER-01
2010-12-16,2.52,3.6,KL-PER-01
2010-12-17,2.44,1.4,KL-PER-01
2010-12-18,2.33,0.0,KL-PER-01
2010-12-19,2.22,0.0,KL-PER-01
2010-12-20,2.09,0.8,KL-PER-01
2010-12-21,2.01,0.0,KL-PER-01
2010-12-22,1.97,0.0,KL-PER-01
2010-12-23,1.88,0.0,KL-PER-01
2010-12-24,1.77,0.0,KL-PER-01
2010-12-25,1.67,0.0,KL-PER-01
2010-12-26,1.59,0.0,KL-PER-01
2010-12-27,1.52,0.0,KL-PER-01
2010-12-28,1.44,0.2,KL-PER-01
2010-12-29,1.38,1.0,KL-PER-01
2010-12-30,1.33,0.0,KL-PER-01
2010-12-31,1.31,2.8,KL-PER-01
2011-01-01,1.33,0.6,KL-PER-01
2011-01-02,1.26,0.1,KL-PER-01
2011-01-03,1.2,0.0,KL-PER-01
2011-01-04,1.17,0.0,KL-PER-01
2011-01-05,1.12,0.0,KL-PER-01
2011-01-06,1.09,0.2,KL-PER-01
2011-01-07,1.11,0.0,KL-PER-01
2011-01-08,1.09,0.0,KL-PER-01
2011-01-09,1.05,0.1,KL-PER-01
2011-01-10,1.01,0.8,KL-PER-01
2011-01-11,1.0,0.0,KL-PER-01
2011-01-12,0.97,0.0,KL-PER-01
2011-01-13,0.94,0.0,KL-PER-01
2011-01-14,0.89,0.0,KL-PER-01
2011-01-15,0.86,0.0,KL-PER-01
2011-01-16,0.81,0.0,KL-PER-01
2011-01-17,0.8,0.0,KL-PER-01
2011-01-18,0.77,0.0,KL-PER-01
2011-01-19,0.73,0.0,KL-PER-01
2011-01-20,0.7,0.0,KL-PER-01
2011-01-21,0.69,0.0,KL-PER-01
2011-01-22,0.66,0.0,KL-PER-01
2011-01-23,0.64,0.0,KL-PER-01
2011-01-24,0.61,0.0,KL-PER-01
2011-01-25,0.59,0.0,KL-PER-01
2011-01-26,0.58,0.0,KL-PER-01
2011-01-27,0.55,0.0,KL-PER-01
2011-01-28,0.53,0.0,KL-PER-01
2011-01-29,0.52,0.0,KL-PER-01
2011-01-30,0.5,0.0,KL-PER-01
2011-01-31,0.5,0.0,KL-PER-01
2011-02-01,0.49,0.0,KL-PER-01
2011-02-02,0.47,0.0,KL-PER-01
2011-02-03,0.45,0.0,KL-PER-01
2011-02-04,0.45,0.0,KL-PER-01
2011-02-05,0.44,0.0,KL-PER-01
2011-02-06,0.44,0.0,KL-PER-01
2011-02-07,0.44,0.1,KL-PER-01
2011-02-08,0.41,0.0,KL-PER-01
2011-02-09,0.41,0.0,KL-PER-01
2011-02-10,0.41,0.0,KL-PER-01
2011-02-11,0.41,0.0,KL-PER-01
2011-02-12,0.37,0.0,KL-PER-01
2011-02-13,0.37,0.0,KL-PER-01
2011-02-14,0.37,0.0,KL-PER-01
2011-02-15,0.37,0.0,KL-PER-01
2011-02-16,0.37,0.0,KL-PER-01
2011-02-17,0.37,0.0,KL-PER-01
2011-02-18,0.37,0.0,KL-PER-01
2011-02-19,0.34,0.0,KL-PER-01
2011-02-20,0.34,0.3,KL-PER-01
2011-02-21,0.34,2.3,KL-PER-01
2011-02-22,0.37,29.8,KL-PER-01
2011-02-23,0.41,5.4,KL-PER-01
2011-02-24,0.44,13.4,KL-PER-01
2011-02-25,0.47,10.3,KL-PER-01
2011-02-26,0.5,22.6,KL-PER-01
2011-02-27,0.56,1.1,KL-PER-01
2011-02-28,0.56,0.0,KL-PER-01
2011-03-01,0.53,0.0,KL-PER-01
2011-03-02,0.53,0.0,KL-PER-01
2011-03-03,0.5,0.0,KL-PER-01
2011-03-04,0.47,0.0,KL-PER-01
2011-03-05,0.47,3.0,KL-PER-01
2011-03-06,0.47,0.0,KL-PER-01
2011-03-07,0.47,0.0,KL-PER-01
2011-03-08,0.44,0.0,KL-PER-01
2011-03-09,0.44,0.0,KL-PER-01
2011-03-10,0.44,0.0,KL-PER-01
2011-03-11,0.41,0.0,KL-PER-01
2011-03-12,0.41,0.0,KL-PER-01
2011-03-13,0.41,3.1,KL-PER-01
2011-03-14,0.41,0.6,KL-PER-01
2011-03-15,0.41,0.0,KL-PER-01
2011-03-16,0.41,0.0,KL-PER-01
2011-03-17,0.37,1.4,KL-PER-01
2011-03-18,0.37,0.0,KL-PER-01
2011-03-19,0.37,0.0,KL-PER-01
2011-03-20,0.37,0.0,KL-PER-01
2011-03-21,0.37,0.0,KL-PER-01
2011-03-22,0.37,0.8,KL-PER-01
2011-03-23,0.37,1.1,KL-PER-01
2011-03-24,0.34,5.4,KL-PER-01
2011-03-25,0.37,9.0,KL-PER-01
2011-03-26,0.41,7.0,KL-PER-01
2011-03-27,0.41,23.4,KL-PER-01
2011-03-28,0.47,19.5,KL-PER-01
2011-03-29,0.53,7.3,KL-PER-01
2011-03-30,0.53,0.0,KL-PER-01
2011-03-31,0.53,0.5,KL-PER-01
2011-04-01,0.53,0.4,KL-PER-01
2011-04-02,0.53,8.9,KL-PER-01
2011-04-03,0.53,12.9,KL-PER-01
2011-04-04,0.56,1.6,KL-PER-01
2011-04-05,0.56,5.1,KL-PER-01
2011-04-06,0.59,1.3,KL-PER-01
2011-04-07,0.59,0.1,KL-PER-01
2011-04-08,0.56,0.3,KL-PER-01
2011-04-09,0.56,0.8,KL-PER-01
2011-04-10,0.56,11.8,KL-PER-01
2011-04-11,0.59,3.8,KL-PER-01
2011-04-12,0.63,0.5,KL-PER-01
2011-04-13,0.63,7.9,KL-PER-01
2011-04-14,0.66,3.7,KL-PER-01
2011-04-15,0.66,2.3,KL-PER-01
2011-04-16,0.69,0.6,KL-PER-01
2011-04-17,0.69,6.9,KL-PER-01
2011-04-18,0.72,15.3,KL-PER-01
2011-04-19,0.78,16.7,KL-PER-01
2011-04-20,0.85,4.9,KL-PER-01
2011-04-21,0.87,16.4,KL-PER-01
2011-04-22,1.03,23.7,KL-PER-01
2011-04-23,2.87,53.7,KL-PER-01
2011-04-24,3.0,13.2,KL-PER-01
2011-04-25,2.66,11.5,KL-PER-01
2011-04-26,2.44,3.0,KL-PER-01
2011-04-27,2.25,3.8,KL-PER-01
2011-04-28,2.09,7.7,KL-PER-01
2011-04-29,2.0,2.6,KL-PER-01
2011-04-30,1.88,7.7,KL-PER-01
2011-05-01,1.81,6.2,KL-PER-01
2011-05-02,1.75,7.0,KL-PER-01
2011-05-03,1.69,19.9,KL-PER-01
2011-05-04,1.75,14.2,KL-PER-01
2011-05-05,1.78,2.0,KL-PER-01
2011-05-06,1.75,4.7,KL-PER-01
2011-05-07,1.69,3.3,KL-PER-01
2011-05-08,1.62,0.1,KL-PER-01
2011-05-09,1.53,2.7,KL-PER-01
2011-05-10,1.47,2.5,KL-PER-01
2011-05-11,1.4,4.8,KL-PER-01
2011-05-12,1.34,3.4,KL-PER-01
2011-05-13,1.31,5.2,KL-PER-01
2011-05-14,1.28,8.6,KL-PER-01
2011-05-15,1.28,10.1,KL-PER-01
2011-05-16,1.31,0.5,KL-PER-01
2011-05-17,1.28,9.6,KL-PER-01
2011-05-18,1.31,3.5,KL-PER-01
2011-05-19,1.34,3.7,KL-PER-01
2011-05-20,1.31,4.3,KL-PER-01
2011-05-21,1.31,4.0,KL-PER-01
2011-05-22,1.31,0.4,KL-PER-01
2011-05-23,1.25,19.6,KL-PER-01
2011-05-24,1.34,3.9,KL-PER-01
2011-05-25,1.31,15.6,KL-PER-01
2011-05-26,1.47,8.1,KL-PER-01
2011-05-27,1.53,30.7,KL-PER-01
2011-05-28,1.75,30.0,KL-PER-01
2011-05-29,2.0,26.5,KL-PER-01
2011-05-30,2.18,18.8,KL-PER-01
2011-05-31,2.31,13.3,KL-PER-01
2011-06-01,4.81,95.9,KL-PER-01
2011-06-02,7.24,80.5,KL-PER-01
2011-06-03,7.05,28.1,KL-PER-01
2011-06-04,6.38,13.4,KL-PER-01
2011-06-05,5.78,14.5,KL-PER-01
2011-06-06,5.37,18.0,KL-PER-01
2011-06-07,5.12,6.6,KL-PER-01
2011-06-08,4.81,8.9,KL-PER-01
2011-06-09,4.56,9.9,KL-PER-01
2011-06-10,4.35,21.4,KL-PER-01
2011-06-11,4.25,4.2,KL-PER-01
2011-06-12,4.04,13.2,KL-PER-01
2011-06-13,3.91,13.3,KL-PER-01
2011-06-14,4.6,44.2,KL-PER-01
2011-06-15,4.87,13.3,KL-PER-01
2011-06-16,4.62,18.4,KL-PER-01
2011-06-17,5.03,46.5,KL-PER-01
2011-06-18,5.15,8.9,KL-PER-01
2011-06-19,4.87,6.7,KL-PER-01
2011-06-20,4.56,5.5,KL-PER-01
2011-06-21,4.31,6.6,KL-PER-01
2011-06-22,4.06,4.2,KL-PER-01
2011-06-23,3.86,3.3,KL-PER-01
2011-06-24,3.66,9.2,KL-PER-01
2011-06-25,3.61,16.1,KL-PER-01
2011-06-26,3.65,10.3,KL-PER-01
2011-06-27,3.62,9.7,KL-PER-01
2011-06-28,3.61,4.8,KL-PER-01
2011-06-29,3.46,2.6,KL-PER-01
2011-06-30,3.29,18.0,KL-PER-01
2011-07-01,3.25,22.9,KL-PER-01
2011-07-02,3.24,0.8,KL-PER-01
2011-07-03,3.06,11.3,KL-PER-01
2011-07-04,2.97,37.9,KL-PER-01
2011-07-05,3.79,45.5,KL-PER-01
2011-07-06,4.15,21.3,KL-PER-01
2011-07-07,4.13,13.3,KL-PER-01
2011-07-08,4.04,6.6,KL-PER-01
2011-07-09,3.83,4.6,KL-PER-01
2011-07-10,3.62,4.9,KL-PER-01
2011-07-11,3.49,27.7,KL-PER-01
2011-07-12,3.81,19.2,KL-PER-01
2011-07-13,4.0,6.1,KL-PER-01
2011-07-14,3.91,19.0,KL-PER-01
2011-07-15,4.31,34.6,KL-PER-01
2011-07-16,5.92,80.5,KL-PER-01
2011-07-17,7.22,70.2,KL-PER-01
2011-07-18,7.3,29.6,KL-PER-01
2011-07-19,7.18,30.0,KL-PER-01
2011-07-20,6.85,17.4,KL-PER-01
2011-07-21,6.4,22.7,KL-PER-01
2011-07-22,6.06,17.4,KL-PER-01
2011-07-23,5.7,18.1,KL-PER-01
2011-07-24,5.5,24.3,KL-PER-01
2011-07-25,5.59,33.1,KL-PER-01
2011-07-26,5.64,24.2,KL-PER-01
2011-07-27,5.55,18.6,KL-PER-01
2011-07-28,5.49,26.7,KL-PER-01
2011-07-29,5.41,17.2,KL-PER-01
2011-07-30,5.31,24.6,KL-PER-01
2011-07-31,5.24,9.0,KL-PER-01
2011-08-01,5.0,3.9,KL-PER-01
2011-08-02,4.77,26.9,KL-PER-01
2011-08-03,4.75,24.3,KL-PER-01
2011-08-04,4.77,24.5,KL-PER-01
2011-08-05,4.97,36.7,KL-PER-01
2011-08-06,5.62,46.0,KL-PER-01
2011-08-07,5.81,15.7,KL-PER-01
2011-08-08,5.67,29.5,KL-PER-01
2011-08-09,5.65,36.3,KL-PER-01
2011-08-10,5.58,8.9,KL-PER-01
2011-08-11,5.34,20.7,KL-PER-01
2011-08-12,5.25,23.5,KL-PER-01
2011-08-13,5.15,5.1,KL-PER-01
2011-08-14,4.89,2.0,KL-PER-01
2011-08-15,4.61,11.7,KL-PER-01
2011-08-16,4.47,25.8,KL-PER-01
2011-08-17,4.52,33.6,KL-PER-01
2011-08-18,4.75,35.9,KL-PER-01
2011-08-19,4.92,31.6,KL-PER-01
2011-08-20,5.64,47.9,KL-PER-01
2011-08-21,5.97,31.4,KL-PER-01
2011-08-22,5.95,31.7,KL-PER-01
2011-08-23,6.05,35.6,KL-PER-01
2011-08-24,5.98,21.2,KL-PER-01
2011-08-25,5.76,19.8,KL-PER-01
2011-08-26,5.56,12.9,KL-PER-01
2011-08-27,5.32,7.9,KL-PER-01
2011-08-28,5.1,9.3,KL-PER-01
2011-08-29,4.9,22.5,KL-PER-01
2011-08-30,5.0,26.4,KL-PER-01
2011-08-31,6.62,76.8,KL-PER-01
2011-09-01,7.3,33.4,KL-PER-01
2011-09-02,7.91,64.7,KL-PER-01
2011-09-03,7.75,20.4,KL-PER-01
2011-09-04,7.2,10.0,KL-PER-01
2011-09-05,6.66,9.8,KL-PER-01
2011-09-06,6.21,18.1,KL-PER-01
2011-09-07,5.93,8.9,KL-PER-01
2011-09-08,5.61,15.4,KL-PER-01
2011-09-09,5.35,20.8,KL-PER-01
2011-09-10,5.22,17.6,KL-PER-01
2011-09-11,5.17,27.1,KL-PER-01
2011-09-12,5.4,37.9,KL-PER-01
2011-09-13,6.24,46.5,KL-PER-01
2011-09-14,7.18,44.5,KL-PER-01
2011-09-15,7.45,36.2,KL-PER-01
2011-09-16,7.15,12.2,KL-PER-01
2011-09-17,6.62,1.2,KL-PER-01
2011-09-18,6.11,1.5,KL-PER-01
2011-09-19,5.68,2.5,KL-PER-01
2011-09-20,5.34,30.9,KL-PER-01
2011-09-21,5.25,21.9,KL-PER-01
2011-09-22,5.05,0.8,KL-PER-01
2011-09-23,4.75,0.9,KL-PER-01
2011-09-24,4.46,1.8,KL-PER-01
2011-09-25,4.19,0.3,KL-PER-01
2011-09-26,3.93,0.3,KL-PER-01
2011-09-27,3.69,0.0,KL-PER-01
2011-09-28,3.46,0.0,KL-PER-01
2011-09-29,3.26,0.3,KL-PER-01
2011-09-30,3.07,0.7,KL-PER-01
2011-10-01,2.92,0.8,KL-PER-01
2011-10-02,2.78,0.0,KL-PER-01
2011-10-03,2.61,0.2,KL-PER-01
2011-10-04,2.46,0.1,KL-PER-01
2011-10-05,2.32,0.0,KL-PER-01
2011-10-06,2.2,0.0,KL-PER-01
2011-10-07,2.07,0.5,KL-PER-01
2011-10-08,1.97,0.0,KL-PER-01
2011-10-09,1.86,0.0,KL-PER-01
2011-10-10,1.76,1.3,KL-PER-01
2011-10-11,1.69,0.7,KL-PER-01
2011-10-12,1.62,2.8,KL-PER-01
2011-10-13,1.57,9.1,KL-PER-01
2011-10-14,1.56,10.2,KL-PER-01
2011-10-15,1.55,13.9,KL-PER-01
2011-10-16,1.56,29.8,KL-PER-01
2011-10-17,1.69,9.5,KL-PER-01
2011-10-18,1.68,9.4,KL-PER-01
2011-10-19,1.67,3.0,KL-PER-01
2011-10-20,1.7,7.0,KL-PER-01
2011-10-21,1.7,26.8,KL-PER-01
2011-10-22,1.85,11.7,KL-PER-01
2011-10-23,1.85,5.2,KL-PER-01
2011-10-24,1.82,9.0,KL-PER-01
2011-10-25,1.88,8.2,KL-PER-01
2011-10-26,1.91,13.2,KL-PER-01
2011-10-27,1.94,13.3,KL-PER-01
2011-10-28,2.08,7.5,KL-PER-01
2011-10-29,2.31,26.5,KL-PER-01
2011-10-30,2.68,23.8,KL-PER-01
2011-10-31,2.85,15.0,KL-PER-01
2011-11-01,3.44,42.0,KL-PER-01
2011-11-02,3.78,7.5,KL-PER-01
2011-11-03,3.57,6.8,KL-PER-01
2011-11-04,3.42,0.7,KL-PER-01
2011-11-05,3.19,3.1,KL-PER-01
2011-11-06,3.14,15.1,KL-PER-01
2011-11-07,3.13,12.1,KL-PER-01
2011-11-08,3.16,0.0,KL-PER-01
2011-11-09,2.97,0.0,KL-PER-01
2011-11-10,2.78,0.0,KL-PER-01
2011-11-11,2.61,0.1,KL-PER-01
2011-11-12,2.48,0.0,KL-PER-01
2011-11-13,2.35,0.0,KL-PER-01
2011-11-14,2.22,0.0,KL-PER-01
2011-11-15,2.11,0.0,KL-PER-01
2011-11-16,1.99,0.0,KL-PER-01
2011-11-17,1.88,0.1,KL-PER-01
2011-11-18,1.81,0.0,KL-PER-01
2011-11-19,1.72,0.0,KL-PER-01
2011-11-20,1.62,0.0,KL-PER-01
2011-11-21,1.54,0.0,KL-PER-01
2011-11-22,1.46,0.0,KL-PER-01
2011-11-23,1.38,0.0,KL-PER-01
2011-11-24,1.31,0.0,KL-PER-01
2011-11-25,1.26,17.1,KL-PER-01
2011-11-26,1.33,10.2,KL-PER-01
2011-11-27,1.38,10.5,KL-PER-01
2011-11-28,1.45,4.3,KL-PER-01
2011-11-29,1.45,7.9,KL-PER-01
2011-11-30,1.47,4.1,KL-PER-01
2011-12-01,1.47,1.3,KL-PER-01
2011-12-02,1.4,2.4,KL-PER-01
2011-12-03,1.36,1.3,KL-PER-01
2011-12-04,1.31,5.5,KL-PER-01
2011-12-05,1.28,0.2,KL-PER-01
2011-12-06,1.25,0.0,KL-PER-01
2011-12-07,1.19,0.0,KL-PER-01
2011-12-08,1.12,0.0,KL-PER-01
2011-12-09,1.08,0.0,KL-PER-01
2011-12-10,1.03,0.0,KL-PER-01
2011-12-11,1.0,0.0,KL-PER-01
2011-12-12,0.97,0.0,KL-PER-01
2011-12-13,0.94,0.0,KL-PER-01
2011-12-14,0.91,0.0,KL-PER-01
2011-12-15,0.86,0.0,KL-PER-01
2011-12-16,0.83,0.0,KL-PER-01
2011-12-17,0.8,0.0,KL-PER-01
2011-12-18,0.77,0.0,KL-PER-01
2011-12-19,0.73,0.0,KL-PER-01
2011-12-20,0.72,0.0,KL-PER-01
2011-12-21,0.69,0.0,KL-PER-01
2011-12-22,0.67,0.0,KL-PER-01
2011-12-23,0.64,0.0,KL-PER-01
2011-12-24,0.63,0.0,KL-PER-01
2011-12-25,0.59,0.0,KL-PER-01
2011-12-26,0.58,0.0,KL-PER-01
2011-12-27,0.56,0.0,KL-PER-01
2011-12-28,0.55,0.0,KL-PER-01
2011-12-29,0.53,0.0,KL-PER-01
2011-12-30,0.53,10.0,KL-PER-01
2011-12-31,0.59,34.0,KL-PER-01
2012-01-01,0.73,0.0,KL-PER-01
2012-01-02,0.72,0.0,KL-PER-01
2012-01-03,0.69,0.0,KL-PER-01
2012-01-04,0.66,0.0,KL-PER-01
2012-01-05,0.64,0.0,KL-PER-01
2012-01-06,0.63,0.0,KL-PER-01
2012-01-07,0.59,0.0,KL-PER-01
2012-01-08,0.58,0.0,KL-PER-01
2012-01-09,0.56,0.7,KL-PER-01
2012-01-10,0.55,3.1,KL-PER-01
2012-01-11,0.55,0.5,KL-PER-01
2012-01-12,0.53,0.1,KL-PER-01
2012-01-13,0.53,0.0,KL-PER-01
2012-01-14,0.5,0.0,KL-PER-01
2012-01-15,0.5,0.0,KL-PER-01
2012-01-16,0.47,0.0,KL-PER-01
2012-01-17,0.47,0.0,KL-PER-01
2012-01-18,0.47,0.0,KL-PER-01
2012-01-19,0.44,0.0,KL-PER-01
2012-01-20,0.44,0.1,KL-PER-01
2012-01-21,0.44,0.3,KL-PER-01
2012-01-22,0.44,0.0,KL-PER-01
2012-01-23,0.44,0.0,KL-PER-01
2012-01-24,0.41,0.0,KL-PER-01
2012-01-25,0.41,0.0,KL-PER-01
2012-01-26,0.41,0.0,KL-PER-01
2012-01-27,0.41,0.0,KL-PER-01
2012-01-28,0.37,0.0,KL-PER-01
2012-01-29,0.37,0.0,KL-PER-01
2012-01-30,0.37,0.0,KL-PER-01
2012-01-31,0.37,0.0,KL-PER-01
2012-02-01,0.37,0.0,KL-PER-01
2012-02-02,0.37,0.0,KL-PER-01
2012-02-03,0.37,0.0,KL-PER-01
2012-02-04,0.37,0.0,KL-PER-01
2012-02-05,0.37,0.1,KL-PER-01
2012-02-06,0.34,0.0,KL-PER-01
2012-02-07,0.34,0.0,KL-PER-01
2012-02-08,0.34,0.2,KL-PER-01
2012-02-09,0.34,1.0,KL-PER-01
2012-02-10,0.34,3.4,KL-PER-01
2012-02-11,0.34,6.7,KL-PER-01
2012-02-12,0.37,0.4,KL-PER-01
2012-02-13,0.37,0.0,KL-PER-01
2012-02-14,0.34,0.0,KL-PER-01
2012-02-15,0.34,0.2,KL-PER-01
2012-02-16,0.34,0.0,KL-PER-01
2012-02-17,0.34,0.1,KL-PER-01
2012-02-18,0.34,0.0,KL-PER-01
2012-02-19,0.34,0.0,KL-PER-01
2012-02-20,0.34,0.0,KL-PER-01
2012-02-21,0.34,0.0,KL-PER-01
2012-02-22,0.34,0.0,KL-PER-01
2012-02-23,0.34,0.0,KL-PER-01
2012-02-24,0.34,0.0,KL-PER-01
2012-02-25,0.34,0.0,KL-PER-01
2012-02-26,0.34,0.0,KL-PER-01
2012-02-27,0.34,0.0,KL-PER-01
2012-02-28,0.34,0.0,KL-PER-01
2012-02-29,0.34,0.0,KL-PER-01
2012-03-01,0.34,0.4,KL-PER-01
2012-03-02,0.34,0.3,KL-PER-01
2012-03-03,0.34,0.0,KL-PER-01
2012-03-04,0.34,0.0,KL-PER-01
2012-03-05,0.34,0.0,KL-PER-01
2012-03-06,0.34,1.1,KL-PER-01
2012-03-07,0.34,3.5,KL-PER-01
2012-03-08,0.34,1.1,KL-PER-01
2012-03-09,0.34,0.0,KL-PER-01
2012-03-10,0.34,0.1,KL-PER-01
2012-03-11,0.34,0.0,KL-PER-01
2012-03-12,0.34,0.0,KL-PER-01
2012-03-13,0.34,1.0,KL-PER-01
2012-03-14,0.34,0.1,KL-PER-01
2012-03-15,0.34,0.9,KL-PER-01
2012-03-16,0.34,4.3,KL-PER-01
2012-03-17,0.34,3.9,KL-PER-01
2012-03-18,0.34,0.0,KL-PER-01
2012-03-19,0.34,0.0,KL-PER-01
2012-03-20,0.34,0.0,KL-PER-01
2012-03-21,0.34,0.0,KL-PER-01
2012-03-22,0.34,0.6,KL-PER-01
2012-03-23,0.34,0.1,KL-PER-01
2012-03-24,0.34,0.0,KL-PER-01
2012-03-25,0.34,0.0,KL-PER-01
2012-03-26,0.34,0.7,KL-PER-01
2012-03-27,0.34,2.8,KL-PER-01
2012-03-28,0.34,2.1,KL-PER-01
2012-03-29,0.34,8.4,KL-PER-01
2012-03-30,0.34,0.7,KL-PER-01
2012-03-31,0.34,2.0,KL-PER-01
2012-04-01,0.34,2.1,KL-PER-01
2012-04-02,0.34,1.0,KL-PER-01
2012-04-03,0.34,0.2,KL-PER-01
2012-04-04,0.34,2.9,KL-PER-01
2012-04-05,0.34,1.7,KL-PER-01
2012-04-06,0.34,4.4,KL-PER-01
2012-04-07,0.34,1.0,KL-PER-01
2012-04-08,0.34,5.4,KL-PER-01
2012-04-09,0.34,1.0,KL-PER-01
2012-04-10,0.34,0.4,KL-PER-01
2012-04-11,0.34,1.9,KL-PER-01
2012-04-12,0.34,7.5,KL-PER-01
2012-04-13,0.34,0.0,KL-PER-01
2012-04-14,0.34,0.4,KL-PER-01
2012-04-15,0.34,0.4,KL-PER-01
2012-04-16,0.34,0.6,KL-PER-01
2012-04-17,0.34,0.7,KL-PER-01
2012-04-18,0.34,0.3,KL-PER-01
2012-04-19,0.34,0.0,KL-PER-01
2012-04-20,0.34,7.7,KL-PER-01
2012-04-21,0.37,7.3,KL-PER-01
2012-04-22,0.37,4.0,KL-PER-01
2012-04-23,0.41,17.5,KL-PER-01
2012-04-24,0.44,40.2,KL-PER-01
2012-04-25,0.5,10.7,KL-PER-01
2012-04-26,0.53,18.7,KL-PER-01
2012-04-27,0.59,17.7,KL-PER-01
2012-04-28,0.63,14.6,KL-PER-01
2012-04-29,0.66,6.8,KL-PER-01
2012-04-30,0.63,7.1,KL-PER-01
2012-05-01,0.66,1.5,KL-PER-01
2012-05-02,0.66,3.8,KL-PER-01
2012-05-03,0.66,8.9,KL-PER-01
2012-05-04,0.69,9.0,KL-PER-01
2012-05-05,0.72,11.6,KL-PER-01
2012-05-06,0.78,0.0,KL-PER-01
2012-05-07,0.75,0.0,KL-PER-01
2012-05-08,0.72,0.0,KL-PER-01
2012-05-09,0.69,7.7,KL-PER-01
2012-05-10,0.72,10.0,KL-PER-01
2012-05-11,0.75,24.7,KL-PER-01
2012-05-12,0.91,17.1,KL-PER-01
2012-05-13,0.97,3.2,KL-PER-01
2012-05-14,0.97,2.5,KL-PER-01
2012-05-15,0.94,12.3,KL-PER-01
2012-05-16,0.97,3.8,KL-PER-01
2012-05-17,0.97,2.3,KL-PER-01
2012-05-18,0.94,1.5,KL-PER-01
2012-05-19,0.94,7.0,KL-PER-01
2012-05-20,1.0,2.7,KL-PER-01
2012-05-21,0.97,3.8,KL-PER-01
2012-05-22,1.0,7.9,KL-PER-01
2012-05-23,1.0,5.7,KL-PER-01
2012-05-24,1.06,1.0,KL-PER-01
2012-05-25,1.0,3.7,KL-PER-01
2012-05-26,1.0,15.9,KL-PER-01
2012-05-27,1.06,3.4,KL-PER-01
2012-05-28,1.03,1.5,KL-PER-01
2012-05-29,1.03,5.2,KL-PER-01
2012-05-30,1.03,6.7,KL-PER-01
2012-05-31,1.06,3.1,KL-PER-01
2012-06-01,1.06,4.9,KL-PER-01
2012-06-02,1.06,13.1,KL-PER-01
2012-06-03,1.12,9.5,KL-PER-01
2012-06-04,1.19,37.7,KL-PER-01
2012-06-05,1.38,20.2,KL-PER-01
2012-06-06,1.53,20.5,KL-PER-01
2012-06-07,1.72,12.7,KL-PER-01
2012-06-08,1.78,8.1,KL-PER-01
2012-06-09,1.78,3.1,KL-PER-01
2012-06-10,1.72,2.1,KL-PER-01
2012-06-11,1.65,7.0,KL-PER-01
2012-06-12,1.62,24.5,KL-PER-01
2012-06-13,2.03,38.9,KL-PER-01
2012-06-14,2.45,28.2,KL-PER-01
2012-06-15,2.64,29.5,KL-PER-01
2012-06-16,3.02,42.7,KL-PER-01
2012-06-17,4.55,62.5,KL-PER-01
2012-06-18,5.61,55.6,KL-PER-01
2012-06-19,5.47,13.6,KL-PER-01
2012-06-20,5.1,6.9,KL-PER-01
2012-06-21,4.71,10.8,KL-PER-01
2012-06-22,4.46,9.8,KL-PER-01
2012-06-23,4.25,4.7,KL-PER-01
2012-06-24,4.0,1.7,KL-PER-01
2012-06-25,3.75,3.3,KL-PER-01
2012-06-26,3.56,30.1,KL-PER-01
2012-06-27,3.66,18.0,KL-PER-01
2012-06-28,3.69,30.2,KL-PER-01
2012-06-29,3.83,16.8,KL-PER-01
2012-06-30,3.81,7.9,KL-PER-01
2012-07-01,3.72,22.4,KL-PER-01
2012-07-02,4.04,24.0,KL-PER-01
2012-07-03,4.2,23.0,KL-PER-01
2012-07-04,4.19,6.8,KL-PER-01
2012-07-05,4.01,1.8,KL-PER-01
2012-07-06,3.81,5.8,KL-PER-01
2012-07-07,3.65,11.9,KL-PER-01
2012-07-08,3.53,35.4,KL-PER-01
2012-07-09,3.92,39.5,KL-PER-01
2012-07-10,4.24,24.8,KL-PER-01
2012-07-11,4.3,27.8,KL-PER-01
2012-07-12,4.24,3.9,KL-PER-01
2012-07-13,4.0,6.7,KL-PER-01
2012-07-14,3.83,9.7,KL-PER-01
2012-07-15,3.7,7.4,KL-PER-01
2012-07-16,3.53,9.2,KL-PER-01
2012-07-17,3.41,7.4,KL-PER-01
2012-07-18,3.3,8.9,KL-PER-01
2012-07-19,3.19,5.9,KL-PER-01
2012-07-20,3.07,12.7,KL-PER-01
2012-07-21,3.03,10.9,KL-PER-01
2012-07-22,3.03,17.8,KL-PER-01
2012-07-23,3.03,24.7,KL-PER-01
2012-07-24,3.07,6.3,KL-PER-01
2012-07-25,3.02,15.2,KL-PER-01
2012-07-26,3.02,3.8,KL-PER-01
2012-07-27,2.94,6.4,KL-PER-01
2012-07-28,2.83,2.8,KL-PER-01
2012-07-29,2.72,5.6,KL-PER-01
2012-07-30,2.61,1.5,KL-PER-01
2012-07-31,2.47,2.7,KL-PER-01
2012-08-01,2.37,0.6,KL-PER-01
2012-08-02,2.24,5.6,KL-PER-01
2012-08-03,2.17,4.8,KL-PER-01
2012-08-04,2.11,8.2,KL-PER-01
2012-08-05,2.09,6.4,KL-PER-01
2012-08-06,2.05,11.6,KL-PER-01
2012-08-07,2.01,13.3,KL-PER-01
2012-08-08,2.01,22.6,KL-PER-01
2012-08-09,2.27,38.5,KL-PER-01
2012-08-10,2.71,29.3,KL-PER-01
2012-08-11,3.53,43.4,KL-PER-01
2012-08-12,4.14,44.1,KL-PER-01
2012-08-13,4.19,3.6,KL-PER-01
2012-08-14,3.88,7.6,KL-PER-01
2012-08-15,3.67,17.9,KL-PER-01
2012-08-16,3.56,15.6,KL-PER-01
2012-08-17,3.99,34.0,KL-PER-01
2012-08-18,4.24,13.8,KL-PER-01
2012-08-19,4.13,2.0,KL-PER-01
2012-08-20,3.86,2.6,KL-PER-01
2012-08-21,3.61,0.0,KL-PER-01
2012-08-22,3.4,12.3,KL-PER-01
2012-08-23,3.33,4.1,KL-PER-01
2012-08-24,3.18,30.0,KL-PER-01
2012-08-25,3.32,33.3,KL-PER-01
2012-08-26,3.49,17.8,KL-PER-01
2012-08-27,3.55,14.6,KL-PER-01
2012-08-28,3.48,11.7,KL-PER-01
2012-08-29,3.79,39.3,KL-PER-01
2012-08-30,4.57,35.2,KL-PER-01
2012-08-31,5.12,38.4,KL-PER-01
2012-09-01,5.27,33.1,KL-PER-01
2012-09-02,5.17,23.1,KL-PER-01
2012-09-03,5.08,24.2,KL-PER-01
2012-09-04,5.0,16.5,KL-PER-01
2012-09-05,4.81,2.1,KL-PER-01
2012-09-06,4.51,2.7,KL-PER-01
2012-09-07,4.25,9.3,KL-PER-01
2012-09-08,4.08,12.2,KL-PER-01
2012-09-09,3.97,18.5,KL-PER-01
2012-09-10,3.91,13.7,KL-PER-01
2012-09-11,3.8,4.0,KL-PER-01
2012-09-12,3.61,5.6,KL-PER-01
2012-09-13,3.46,10.9,KL-PER-01
2012-09-14,3.36,5.6,KL-PER-01
2012-09-15,3.25,17.6,KL-PER-01
2012-09-16,3.21,1.9,KL-PER-01
2012-09-17,3.06,2.1,KL-PER-01
2012-09-18,2.89,1.5,KL-PER-01
2012-09-19,2.74,1.1,KL-PER-01
2012-09-20,2.6,1.4,KL-PER-01
2012-09-21,2.44,0.7,KL-PER-01
2012-09-22,2.32,1.0,KL-PER-01
2012-09-23,2.2,0.0,KL-PER-01
2012-09-24,2.07,0.0,KL-PER-01
2012-09-25,1.95,0.1,KL-PER-01
2012-09-26,1.84,0.4,KL-PER-01
2012-09-27,1.75,2.5,KL-PER-01
2012-09-28,1.67,2.4,KL-PER-01
2012-09-29,1.6,2.8,KL-PER-01
2012-09-30,1.55,3.3,KL-PER-01
2012-10-01,1.49,7.4,KL-PER-01
2012-10-02,1.44,2.1,KL-PER-01
2012-10-03,1.38,2.2,KL-PER-01
2012-10-04,1.32,0.2,KL-PER-01
2012-10-05,1.26,0.0,KL-PER-01
2012-10-06,1.19,0.1,KL-PER-01
2012-10-07,1.14,4.6,KL-PER-01
2012-10-08,1.14,0.6,KL-PER-01
2012-10-09,1.1,1.3,KL-PER-01
2012-10-10,1.07,27.3,KL-PER-01
2012-10-11,1.19,0.8,KL-PER-01
2012-10-12,1.19,8.6,KL-PER-01
2012-10-13,1.22,7.9,KL-PER-01
2012-10-14,1.3,11.9,KL-PER-01
2012-10-15,1.48,7.2,KL-PER-01
2012-10-16,1.48,7.2,KL-PER-01
2012-10-17,1.53,9.9,KL-PER-01
2012-10-18,1.65,1.7,KL-PER-01
2012-10-19,1.92,16.7,KL-PER-01
2012-10-20,3.65,59.0,KL-PER-01
2012-10-21,3.95,11.5,KL-PER-01
2012-10-22,3.83,32.9,KL-PER-01
2012-10-23,3.82,18.6,KL-PER-01
2012-10-24,3.78,13.4,KL-PER-01
2012-10-25,3.65,3.8,KL-PER-01
2012-10-26,3.45,4.1,KL-PER-01
2012-10-27,3.28,3.0,KL-PER-01
2012-10-28,3.12,0.9,KL-PER-01
2012-10-29,3.13,1.8,KL-PER-01
2012-10-30,3.06,0.0,KL-PER-01
2012-10-31,2.89,8.4,KL-PER-01
2012-11-01,2.84,6.5,KL-PER-01
2012-11-02,2.73,4.8,KL-PER-01
2012-11-03,2.61,2.5,KL-PER-01
2012-11-04,2.47,0.2,KL-PER-01
2012-11-05,2.33,0.0,KL-PER-01
2012-11-06,2.18,0.0,KL-PER-01
2012-11-07,2.07,8.9,KL-PER-01
2012-11-08,2.13,9.3,KL-PER-01
2012-11-09,2.16,3.1,KL-PER-01
2012-11-10,2.11,0.4,KL-PER-01
2012-11-11,2.01,2.5,KL-PER-01
2012-11-12,1.94,2.8,KL-PER-01
2012-11-13,1.88,0.0,KL-PER-01
2012-11-14,1.79,0.0,KL-PER-01
2012-11-15,1.69,0.0,KL-PER-01
2012-11-16,1.6,0.0,KL-PER-01
2012-11-17,1.52,0.0,KL-PER-01
2012-11-18,1.43,0.4,KL-PER-01
2012-11-19,1.36,0.0,KL-PER-01
2012-11-20,1.29,0.0,KL-PER-01
2012-11-21,1.22,0.8,KL-PER-01
2012-11-22,1.17,0.5,KL-PER-01
2012-11-23,1.15,4.7,KL-PER-01
2012-11-24,1.16,21.0,KL-PER-01
2012-11-25,1.26,0.0,KL-PER-01
2012-11-26,1.22,0.0,KL-PER-01
2012-11-27,1.16,0.9,KL-PER-01
2012-11-28,1.12,0.0,KL-PER-01
2012-11-29,1.07,0.0,KL-PER-01
2012-11-30,1.02,0.0,KL-PER-01
2012-12-01,0.97,0.0,KL-PER-01
2012-12-02,0.93,0.0,KL-PER-01
2012-12-03,0.88,0.7,KL-PER-01
2012-12-04,0.86,0.0,KL-PER-01
2012-12-05,0.83,0.0,KL-PER-01
2012-12-06,0.79,0.0,KL-PER-01
2012-12-07,0.76,0.0,KL-PER-01
2012-12-08,0.73,0.0,KL-PER-01
2012-12-09,0.69,0.0,KL-PER-01
2012-12-10,0.67,0.0,KL-PER-01
2012-12-11,0.64,0.0,KL-PER-01
2012-12-12,0.63,0.0,KL-PER-01
2012-12-13,0.59,0.2,KL-PER-01
2012-12-14,0.58,0.0,KL-PER-01
2012-12-15,0.56,0.0,KL-PER-01
2012-12-16,0.55,0.0,KL-PER-01
2012-12-17,0.53,0.0,KL-PER-01
2012-12-18,0.52,0.0,KL-PER-01
2012-12-19,0.5,0.0,KL-PER-01
2012-12-20,0.49,0.2,KL-PER-01
2012-12-21,0.47,0.0,KL-PER-01
2012-12-22,0.45,0.0,KL-PER-01
2012-12-23,0.45,0.0,KL-PER-01
2012-12-24,0.44,0.0,KL-PER-01
2012-12-25,0.42,0.0,KL-PER-01
2012-12-26,0.42,0.0,KL-PER-01
2012-12-27,0.42,0.4,KL-PER-01
2012-12-28,0.44,2.8,KL-PER-01
2012-12-29,0.45,1.4,KL-PER-01
2012-12-30,0.45,4.8,KL-PER-01
2012-12-31,0.45,1.6,KL-PER-01
2013-01-01,0.45,0.0,KL-PER-01
2013-01-02,0.44,0.0,KL-PER-01
2013-01-03,0.42,0.0,KL-PER-01
2013-01-04,0.42,0.0,KL-PER-01
2013-01-05,0.41,0.1,KL-PER-01
2013-01-06,0.41,0.2,KL-PER-01
2013-01-07,0.39,0.0,KL-PER-01
2013-01-08,0.39,0.0,KL-PER-01
2013-01-09,0.39,0.0,KL-PER-01
2013-01-10,0.39,0.0,KL-PER-01
2013-01-11,0.37,0.0,KL-PER-01
2013-01-12,0.37,0.0,KL-PER-01
2013-01-13,0.37,0.0,KL-PER-01
2013-01-14,0.36,0.0,KL-PER-01
2013-01-15,0.36,0.0,KL-PER-01
2013-01-16,0.36,0.0,KL-PER-01
2013-01-17,0.34,0.0,KL-PER-01
2013-01-18,0.34,0.0,KL-PER-01
2013-01-19,0.34,0.0,KL-PER-01
2013-01-20,0.33,0.0,KL-PER-01
2013-01-21,0.33,1.6,KL-PER-01
2013-01-22,0.33,0.0,KL-PER-01
2013-01-23,0.33,0.0,KL-PER-01
2013-01-24,0.33,0.0,KL-PER-01
2013-01-25,0.33,0.0,KL-PER-01
2013-01-26,0.33,0.0,KL-PER-01
2013-01-27,0.33,0.0,KL-PER-01
2013-01-28,0.33,0.0,KL-PER-01
2013-01-29,0.33,0.0,KL-PER-01
2013-01-30,0.33,0.0,KL-PER-01
2013-01-31,0.31,0.0,KL-PER-01
2013-02-01,0.34,0.0,KL-PER-01
2013-02-02,0.34,0.0,KL-PER-01
2013-02-03,0.34,0.0,KL-PER-01
2013-02-04,0.34,0.0,KL-PER-01
2013-02-05,0.31,0.4,KL-PER-01
2013-02-06,0.34,1.2,KL-PER-01
2013-02-07,0.34,0.2,KL-PER-01
2013-02-08,0.34,0.0,KL-PER-01
2013-02-09,0.34,0.1,KL-PER-01
2013-02-10,0.34,0.0,KL-PER-01
2013-02-11,0.31,0.0,KL-PER-01
2013-02-12,0.31,0.0,KL-PER-01
2013-02-13,0.34,3.2,KL-PER-01
2013-02-14,0.34,1.5,KL-PER-01
2013-02-15,0.34,3.1,KL-PER-01
2013-02-16,0.34,1.9,KL-PER-01
2013-02-17,0.34,4.7,KL-PER-01
2013-02-18,0.34,6.5,KL-PER-01
2013-02-19,0.34,10.8,KL-PER-01
2013-02-20,0.34,0.1,KL-PER-01
2013-02-21,0.34,0.0,KL-PER-01
2013-02-22,0.34,0.0,KL-PER-01
2013-02-23,0.34,0.0,KL-PER-01
2013-02-24,0.34,0.0,KL-PER-01
2013-02-25,0.34,0.0,KL-PER-01
2013-02-26,0.34,0.0,KL-PER-01
2013-02-27,0.31,0.0,KL-PER-01
2013-02-28,0.31,0.0,KL-PER-01
2013-03-01,0.31,0.0,KL-PER-01
2013-03-02,0.31,0.0,KL-PER-01
2013-03-03,0.31,0.0,KL-PER-01
2013-03-04,0.31,0.0,KL-PER-01
2013-03-05,0.34,4.7,KL-PER-01
2013-03-06,0.34,2.2,KL-PER-01
2013-03-07,0.34,3.5,KL-PER-01
2013-03-08,0.34,6.6,KL-PER-01
2013-03-09,0.34,19.5,KL-PER-01
2013-03-10,0.34,5.0,KL-PER-01
2013-03-11,0.37,14.8,KL-PER-01
2013-03-12,0.37,0.3,KL-PER-01
2013-03-13,0.37,0.6,KL-PER-01
2013-03-14,0.37,0.0,KL-PER-01
2013-03-15,0.34,0.0,KL-PER-01
2013-03-16,0.34,30.9,KL-PER-01
2013-03-17,0.37,21.1,KL-PER-01
2013-03-18,0.41,4.2,KL-PER-01
2013-03-19,0.41,1.8,KL-PER-01
2013-03-20,0.41,0.0,KL-PER-01
2013-03-21,0.37,0.0,KL-PER-01
2013-03-22,0.37,0.0,KL-PER-01
2013-03-23,0.37,0.4,KL-PER-01
2013-03-24,0.37,0.1,KL-PER-01
2013-03-25,0.34,1.7,KL-PER-01
2013-03-26,0.37,7.1,KL-PER-01
2013-03-27,0.37,1.8,KL-PER-01
2013-03-28,0.37,3.8,KL-PER-01
2013-03-29,0.37,1.1,KL-PER-01
2013-03-30,0.37,0.3,KL-PER-01
2013-03-31,0.37,0.4,KL-PER-01
2013-04-01,0.37,1.2,KL-PER-01
2013-04-02,0.37,0.0,KL-PER-01
2013-04-03,0.37,0.3,KL-PER-01
2013-04-04,0.34,1.0,KL-PER-01
2013-04-05,0.34,0.1,KL-PER-01
2013-04-06,0.34,0.3,KL-PER-01
2013-04-07,0.34,0.0,KL-PER-01
2013-04-08,0.34,0.0,KL-PER-01
2013-04-09,0.34,6.8,KL-PER-01
2013-04-10,0.37,1.3,KL-PER-01
2013-04-11,0.37,0.9,KL-PER-01
2013-04-12,0.34,0.1,KL-PER-01
2013-04-13,0.34,0.5,KL-PER-01
2013-04-14,0.34,1.4,KL-PER-01
2013-04-15,0.34,14.0,KL-PER-01
2013-04-16,0.34,0.2,KL-PER-01
2013-04-17,0.34,0.0,KL-PER-01
2013-04-18,0.34,0.0,KL-PER-01
2013-04-19,0.34,0.0,KL-PER-01
2013-04-20,0.34,0.0,KL-PER-01
2013-04-21,0.34,0.0,KL-PER-01
2013-04-22,0.34,0.0,KL-PER-01
2013-04-23,0.34,5.2,KL-PER-01
2013-04-24,0.34,10.2,KL-PER-01
2013-04-25,0.37,6.1,KL-PER-01
2013-04-26,0.37,1.5,KL-PER-01
2013-04-27,0.37,4.3,KL-PER-01
2013-04-28,0.41,3.3,KL-PER-01
2013-04-29,0.41,1.5,KL-PER-01
2013-04-30,0.41,14.3,KL-PER-01
2013-05-01,0.41,3.5,KL-PER-01
2013-05-02,0.41,4.6,KL-PER-01
2013-05-03,0.41,8.4,KL-PER-01
2013-05-04,0.41,6.2,KL-PER-01
2013-05-05,0.41,2.7,KL-PER-01
2013-05-06,0.44,8.5,KL-PER-01
2013-05-07,0.44,6.0,KL-PER-01
2013-05-08,0.47,8.9,KL-PER-01
2013-05-09,0.47,3.2,KL-PER-01
2013-05-10,0.47,9.6,KL-PER-01
2013-05-11,0.47,0.0,KL-PER-01
2013-05-12,0.44,0.0,KL-PER-01
2013-05-13,0.44,34.2,KL-PER-01
2013-05-14,0.5,1.5,KL-PER-01
2013-05-15,0.5,2.2,KL-PER-01
2013-05-16,0.47,0.3,KL-PER-01
2013-05-17,0.47,0.0,KL-PER-01
2013-05-18,0.44,0.0,KL-PER-01
2013-05-19,0.44,0.0,KL-PER-01
2013-05-20,0.41,10.4,KL-PER-01
2013-05-21,0.44,0.3,KL-PER-01
2013-05-22,0.44,11.7,KL-PER-01
2013-05-23,0.44,7.1,KL-PER-01
2013-05-24,0.47,12.1,KL-PER-01
2013-05-25,0.5,20.6,KL-PER-01
2013-05-26,0.56,14.1,KL-PER-01
2013-05-27,0.63,19.7,KL-PER-01
2013-05-28,0.72,17.1,KL-PER-01
2013-05-29,0.75,6.8,KL-PER-01
2013-05-30,0.75,15.6,KL-PER-01
2013-05-31,0.81,43.4,KL-PER-01
2013-06-01,1.0,18.1,KL-PER-01
2013-06-02,1.16,30.8,KL-PER-01
2013-06-03,1.47,35.1,KL-PER-01
2013-06-04,1.72,12.5,KL-PER-01
2013-06-05,1.72,7.6,KL-PER-01
2013-06-06,2.09,39.4,KL-PER-01
2013-06-07,2.85,38.6,KL-PER-01
2013-06-08,3.38,31.5,KL-PER-01
2013-06-09,3.5,12.1,KL-PER-01
2013-06-10,3.38,17.9,KL-PER-01
2013-06-11,4.75,64.2,KL-PER-01
2013-06-12,6.03,47.5,KL-PER-01
2013-06-13,6.06,17.8,KL-PER-01
2013-06-14,5.81,17.8,KL-PER-01
2013-06-15,6.28,46.0,KL-PER-01
2013-06-16,6.69,32.2,KL-PER-01
2013-06-17,7.13,33.4,KL-PER-01
2013-06-18,7.75,44.2,KL-PER-01
2013-06-19,9.28,71.5,KL-PER-01
2013-06-20,10.17,56.8,KL-PER-01
2013-06-21,10.07,25.9,KL-PER-01
2013-06-22,10.99,58.3,KL-PER-01
2013-06-23,10.83,22.1,KL-PER-01
2013-06-24,10.25,24.6,KL-PER-01
2013-06-25,9.81,23.8,KL-PER-01
2013-06-26,9.57,37.8,KL-PER-01
2013-06-27,9.26,27.9,KL-PER-01
2013-06-28,8.79,15.2,KL-PER-01
2013-06-29,8.27,7.1,KL-PER-01
2013-06-30,7.97,42.8,KL-PER-01
2013-07-01,7.93,24.1,KL-PER-01
2013-07-02,8.08,44.4,KL-PER-01
2013-07-03,7.97,18.4,KL-PER-01
2013-07-04,7.69,13.9,KL-PER-01
2013-07-05,7.39,8.5,KL-PER-01
2013-07-06,6.98,4.4,KL-PER-01
2013-07-07,6.62,18.4,KL-PER-01
2013-07-08,6.52,22.0,KL-PER-01
2013-07-09,6.5,29.6,KL-PER-01
2013-07-10,7.0,39.5,KL-PER-01
2013-07-11,7.15,15.4,KL-PER-01
2013-07-12,6.83,17.0,KL-PER-01
2013-07-13,6.53,9.3,KL-PER-01
2013-07-14,6.18,7.5,KL-PER-01
2013-07-15,5.9,11.1,KL-PER-01
2013-07-16,5.71,14.7,KL-PER-01
2013-07-17,5.58,17.6,KL-PER-01
2013-07-18,5.56,28.5,KL-PER-01
2013-07-19,5.85,30.2,KL-PER-01
2013-07-20,6.11,35.4,KL-PER-01
2013-07-21,6.35,35.8,KL-PER-01
2013-07-22,6.66,33.2,KL-PER-01
2013-07-23,6.67,21.8,KL-PER-01
2013-07-24,6.74,29.0,KL-PER-01
2013-07-25,6.91,26.7,KL-PER-01
2013-07-26,6.8,14.3,KL-PER-01
2013-07-27,6.53,8.5,KL-PER-01
2013-07-28,6.19,18.0,KL-PER-01
2013-07-29,5.93,1.3,KL-PER-01
2013-07-30,5.55,16.2,KL-PER-01
2013-07-31,5.34,20.8,KL-PER-01
2013-08-01,5.25,22.6,KL-PER-01
2013-08-02,5.27,22.9,KL-PER-01
2013-08-03,5.35,25.6,KL-PER-01
2013-08-04,7.97,84.4,KL-PER-01
2013-08-05,10.19,63.3,KL-PER-01
2013-08-06,9.74,18.3,KL-PER-01
2013-08-07,8.79,3.2,KL-PER-01
2013-08-08,7.97,8.8,KL-PER-01
2013-08-09,7.36,19.4,KL-PER-01
2013-08-10,6.96,7.1,KL-PER-01
2013-08-11,6.55,6.0,KL-PER-01
2013-08-12,6.16,4.4,KL-PER-01
2013-08-13,5.79,11.9,KL-PER-01
2013-08-14,5.52,0.2,KL-PER-01
2013-08-15,5.17,6.2,KL-PER-01
2013-08-16,4.9,8.6,KL-PER-01
2013-08-17,4.7,16.6,KL-PER-01
2013-08-18,4.55,24.7,KL-PER-01
2013-08-19,4.5,2.5,KL-PER-01
2013-08-20,4.28,25.1,KL-PER-01
2013-08-21,4.33,12.1,KL-PER-01
2013-08-22,4.19,2.5,KL-PER-01
2013-08-23,3.99,2.2,KL-PER-01
2013-08-24,3.79,3.4,KL-PER-01
2013-08-25,3.59,1.6,KL-PER-01
2013-08-26,3.41,1.5,KL-PER-01
2013-08-27,3.24,2.3,KL-PER-01
2013-08-28,3.06,5.9,KL-PER-01
2013-08-29,2.94,6.1,KL-PER-01
2013-08-30,2.85,0.2,KL-PER-01
2013-08-31,2.78,7.1,KL-PER-01
2013-09-01,2.71,3.7,KL-PER-01
2013-09-02,2.64,11.3,KL-PER-01
2013-09-03,2.56,8.4,KL-PER-01
2013-09-04,2.47,8.8,KL-PER-01
2013-09-05,2.4,6.1,KL-PER-01
2013-09-06,2.33,24.8,KL-PER-01
2013-09-07,2.48,21.7,KL-PER-01
2013-09-08,2.67,34.7,KL-PER-01
2013-09-09,2.85,13.9,KL-PER-01
2013-09-10,2.81,12.6,KL-PER-01
2013-09-11,2.77,12.9,KL-PER-01
2013-09-12,2.77,21.6,KL-PER-01
2013-09-13,2.94,15.2,KL-PER-01
2013-09-14,3.02,21.2,KL-PER-01
2013-09-15,3.03,19.2,KL-PER-01
2013-09-16,3.29,50.5,KL-PER-01
2013-09-17,4.64,58.0,KL-PER-01
2013-09-18,5.08,16.7,KL-PER-01
2013-09-19,5.05,29.9,KL-PER-01
2013-09-20,5.14,25.3,KL-PER-01
2013-09-21,5.05,5.3,KL-PER-01
2013-09-22,4.74,2.9,KL-PER-01
2013-09-23,4.43,0.4,KL-PER-01
2013-09-24,4.13,1.4,KL-PER-01
2013-09-25,3.86,0.6,KL-PER-01
2013-09-26,3.62,1.0,KL-PER-01
2013-09-27,3.4,0.6,KL-PER-01
2013-09-28,3.19,3.1,KL-PER-01
2013-09-29,3.02,0.7,KL-PER-01
2013-09-30,2.86,22.8,KL-PER-01
2013-10-01,2.85,3.1,KL-PER-01
2013-10-02,2.71,2.5,KL-PER-01
2013-10-03,2.57,5.1,KL-PER-01
2013-10-04,2.46,1.6,KL-PER-01
2013-10-05,2.33,0.4,KL-PER-01
2013-10-06,2.2,1.5,KL-PER-01
2013-10-07,2.08,10.2,KL-PER-01
2013-10-08,2.05,14.3,KL-PER-01
2013-10-09,2.04,10.1,KL-PER-01
2013-10-10,2.0,1.7,KL-PER-01
2013-10-11,1.9,3.3,KL-PER-01
2013-10-12,1.82,3.8,KL-PER-01
2013-10-13,1.77,8.9,KL-PER-01
2013-10-14,1.71,0.5,KL-PER-01
2013-10-15,1.62,3.7,KL-PER-01
2013-10-16,1.58,16.4,KL-PER-01
2013-10-17,1.68,8.8,KL-PER-01
2013-10-18,3.83,44.4,KL-PER-01
2013-10-19,4.48,24.1,KL-PER-01
2013-10-20,4.24,21.1,KL-PER-01
2013-10-21,3.93,7.7,KL-PER-01
2013-10-22,3.6,7.8,KL-PER-01
2013-10-23,3.35,6.8,KL-PER-01
2013-10-24,3.13,7.3,KL-PER-01
2013-10-25,2.94,5.9,KL-PER-01
2013-10-26,2.78,2.3,KL-PER-01
2013-10-27,2.6,0.0,KL-PER-01
2013-10-28,2.43,0.3,KL-PER-01
2013-10-29,2.27,0.8,KL-PER-01
2013-10-30,2.16,8.2,KL-PER-01
2013-10-31,2.14,9.9,KL-PER-01
2013-11-01,2.15,3.3,KL-PER-01
2013-11-02,2.08,5.2,KL-PER-01
2013-11-03,2.06,4.8,KL-PER-01
2013-11-04,2.01,0.5,KL-PER-01
2013-11-05,1.92,0.0,KL-PER-01
2013-11-06,1.82,1.3,KL-PER-01
2013-11-07,1.77,3.1,KL-PER-01
2013-11-08,1.71,0.2,KL-PER-01
2013-11-09,1.65,0.0,KL-PER-01
2013-11-10,1.56,0.0,KL-PER-01
2013-11-11,1.49,0.3,KL-PER-01
2013-11-12,1.46,11.0,KL-PER-01
2013-11-13,1.47,10.5,KL-PER-01
2013-11-14,1.48,1.0,KL-PER-01
2013-11-15,1.42,0.4,KL-PER-01
2013-11-16,1.38,3.8,KL-PER-01
2013-11-17,1.34,5.4,KL-PER-01
2013-11-18,1.39,8.3,KL-PER-01
2013-11-19,1.42,7.1,KL-PER-01
2013-11-20,1.47,3.8,KL-PER-01
2013-11-21,1.42,4.3,KL-PER-01
2013-11-22,1.38,3.3,KL-PER-01
2013-11-23,1.36,13.7,KL-PER-01
2013-11-24,1.4,11.3,KL-PER-01
2013-11-25,1.42,0.0,KL-PER-01
2013-11-26,1.38,0.6,KL-PER-01
2013-11-27,1.33,2.1,KL-PER-01
2013-11-28,1.3,1.0,KL-PER-01
2013-11-29,1.25,0.9,KL-PER-01
2013-11-30,1.2,0.0,KL-PER-01
2013-12-01,1.19,14.4,KL-PER-01
2013-12-02,1.28,5.1,KL-PER-01
2013-12-03,1.31,0.0,KL-PER-01
2013-12-04,1.31,0.0,KL-PER-01
2013-12-05,1.26,0.0,KL-PER-01
2013-12-06,1.22,0.0,KL-PER-01
2013-12-07,1.16,0.0,KL-PER-01
2013-12-08,1.09,0.4,KL-PER-01
2013-12-09,1.06,0.7,KL-PER-01
2013-12-10,1.01,0.7,KL-PER-01
2013-12-11,0.99,0.0,KL-PER-01
2013-12-12,0.94,0.3,KL-PER-01
2013-12-13,0.92,1.5,KL-PER-01
2013-12-14,0.91,1.7,KL-PER-01
2013-12-15,0.87,0.0,KL-PER-01
2013-12-16,0.86,0.0,KL-PER-01
2013-12-17,0.85,0.0,KL-PER-01
2013-12-18,0.81,0.0,KL-PER-01
2013-12-19,0.77,0.0,KL-PER-01
2013-12-20,0.73,0.0,KL-PER-01
2013-12-21,0.7,0.0,KL-PER-01
2013-12-22,0.69,0.0,KL-PER-01
2013-12-23,0.66,0.0,KL-PER-01
2013-12-24,0.63,0.0,KL-PER-01
2013-12-25,0.61,0.0,KL-PER-01
2013-12-26,0.58,0.0,KL-PER-01
2013-12-27,0.56,0.0,KL-PER-01
2013-12-28,0.55,0.0,KL-PER-01
2013-12-29,0.53,0.0,KL-PER-01
2013-12-30,0.52,0.0,KL-PER-01
2013-12-31,0.5,0.0,KL-PER-01
2014-01-01,0.49,0.0,KL-PER-01
2014-01-02,0.47,0.0,KL-PER-01
2014-01-03,0.45,0.0,KL-PER-01
2014-01-04,0.44,0.0,KL-PER-01
2014-01-05,0.42,0.0,KL-PER-01
2014-01-06,0.42,0.0,KL-PER-01
2014-01-07,0.41,0.0,KL-PER-01
2014-01-08,0.41,0.0,KL-PER-01
2014-01-09,0.39,0.0,KL-PER-01
2014-01-10,0.39,0.6,KL-PER-01
2014-01-11,0.37,0.0,KL-PER-01
2014-01-12,0.37,0.0,KL-PER-01
2014-01-13,0.36,0.0,KL-PER-01
2014-01-14,0.36,1.0,KL-PER-01
2014-01-15,0.36,1.0,KL-PER-01
2014-01-16,0.36,0.2,KL-PER-01
2014-01-17,0.36,0.3,KL-PER-01
2014-01-18,0.36,0.0,KL-PER-01
2014-01-19,0.36,0.0,KL-PER-01
2014-01-20,0.34,0.0,KL-PER-01
2014-01-21,0.34,0.0,KL-PER-01
2014-01-22,0.34,0.0,KL-PER-01
2014-01-23,0.34,0.0,KL-PER-01
2014-01-24,0.34,0.0,KL-PER-01
2014-01-25,0.34,0.0,KL-PER-01
2014-01-26,0.31,0.0,KL-PER-01
2014-01-27,0.31,0.0,KL-PER-01
2014-01-28,0.31,0.0,KL-PER-01
2014-01-29,0.31,0.0,KL-PER-01
2014-01-30,0.31,0.0,KL-PER-01
2014-01-31,0.31,0.0,KL-PER-01
2014-02-01,0.31,0.0,KL-PER-01
2014-02-02,0.31,0.0,KL-PER-01
2014-02-03,0.31,0.0,KL-PER-01
2014-02-04,0.31,0.0,KL-PER-01
2014-02-05,0.31,0.0,KL-PER-01
2014-02-06,0.31,0.0,KL-PER-01
2014-02-07,0.31,0.0,KL-PER-01
2014-02-08,0.31,0.0,KL-PER-01
2014-02-09,0.31,0.0,KL-PER-01
2014-02-10,0.31,0.0,KL-PER-01
2014-02-11,0.31,1.3,KL-PER-01
2014-02-12,0.34,10.1,KL-PER-01
2014-02-13,0.34,0.8,KL-PER-01
2014-02-14,0.34,0.6,KL-PER-01
2014-02-15,0.31,1.1,KL-PER-01
2014-02-16,0.31,1.1,KL-PER-01
2014-02-17,0.31,0.0,KL-PER-01
2014-02-18,0.31,0.8,KL-PER-01
2014-02-19,0.31,0.0,KL-PER-01
2014-02-20,0.34,6.0,KL-PER-01
2014-02-21,0.34,2.3,KL-PER-01
2014-02-22,0.34,4.5,KL-PER-01
2014-02-23,0.34,0.4,KL-PER-01
2014-02-24,0.34,0.3,KL-PER-01
2014-02-25,0.31,1.0,KL-PER-01
2014-02-26,0.31,0.9,KL-PER-01
2014-02-27,0.31,0.5,KL-PER-01
2014-02-28,0.31,1.3,KL-PER-01
2014-03-01,0.31,4.3,KL-PER-01
2014-03-02,0.31,1.5,KL-PER-01
2014-03-03,0.31,2.0,KL-PER-01
2014-03-04,0.31,1.5,KL-PER-01
2014-03-05,0.31,2.2,KL-PER-01
2014-03-06,0.34,4.7,KL-PER-01
2014-03-07,0.34,4.7,KL-PER-01
2014-03-08,0.31,0.4,KL-PER-01
2014-03-09,0.31,0.0,KL-PER-01
2014-03-10,0.31,0.2,KL-PER-01
2014-03-11,0.31,0.3,KL-PER-01
2014-03-12,0.31,0.0,KL-PER-01
2014-03-13,0.31,0.0,KL-PER-01
2014-03-14,0.31,0.0,KL-PER-01
2014-03-15,0.31,0.0,KL-PER-01
2014-03-16,0.31,0.0,KL-PER-01
2014-03-17,0.31,0.0,KL-PER-01
2014-03-18,0.31,0.0,KL-PER-01
2014-03-19,0.31,0.6,KL-PER-01
2014-03-20,0.31,1.5,KL-PER-01
2014-03-21,0.31,0.0,KL-PER-01
2014-03-22,0.31,0.3,KL-PER-01
2014-03-23,0.31,0.0,KL-PER-01
2014-03-24,0.31,0.0,KL-PER-01
2014-03-25,0.31,0.0,KL-PER-01
2014-03-26,0.31,0.0,KL-PER-01
2014-03-27,0.31,0.0,KL-PER-01
2014-03-28,0.31,0.0,KL-PER-01
2014-03-29,0.31,0.0,KL-PER-01
2014-03-30,0.31,0.0,KL-PER-01
2014-03-31,0.31,1.3,KL-PER-01
2014-04-01,0.31,0.0,KL-PER-01
2014-04-02,0.31,0.0,KL-PER-01
2014-04-03,0.31,0.0,KL-PER-01
2014-04-04,0.31,1.8,KL-PER-01
2014-04-05,0.31,0.9,KL-PER-01
2014-04-06,0.31,8.1,KL-PER-01
2014-04-07,0.34,6.7,KL-PER-01
2014-04-08,0.34,2.6,KL-PER-01
2014-04-09,0.34,6.8,KL-PER-01
2014-04-10,0.34,6.4,KL-PER-01
2014-04-11,0.34,7.3,KL-PER-01
2014-04-12,0.34,22.7,KL-PER-01
2014-04-13,0.34,0.2,KL-PER-01
2014-04-14,0.34,6.3,KL-PER-01
2014-04-15,0.34,5.1,KL-PER-01
2014-04-16,0.34,3.8,KL-PER-01
2014-04-17,0.34,13.8,KL-PER-01
2014-04-18,0.34,2.4,KL-PER-01
2014-04-19,0.34,2.7,KL-PER-01
2014-04-20,0.34,1.3,KL-PER-01
2014-04-21,0.34,1.5,KL-PER-01
2014-04-22,0.34,0.2,KL-PER-01
2014-04-23,0.34,0.4,KL-PER-01
2014-04-24,0.34,5.5,KL-PER-01
2014-04-25,0.37,2.4,KL-PER-01
2014-04-26,0.37,0.4,KL-PER-01
2014-04-27,0.37,4.0,KL-PER-01
2014-04-28,0.37,0.0,KL-PER-01
2014-04-29,0.37,4.0,KL-PER-01
2014-04-30,0.37,4.6,KL-PER-01
2014-05-01,0.37,3.9,KL-PER-01
2014-05-02,0.37,3.8,KL-PER-01
2014-05-03,0.37,4.8,KL-PER-01
2014-05-04,0.41,19.8,KL-PER-01
2014-05-05,0.44,23.0,KL-PER-01
2014-05-06,0.5,23.0,KL-PER-01
2014-05-07,0.66,40.1,KL-PER-01
2014-05-08,1.0,47.4,KL-PER-01
2014-05-09,1.25,8.3,KL-PER-01
2014-05-10,1.22,1.2,KL-PER-01
2014-05-11,1.16,4.0,KL-PER-01
2014-05-12,1.12,1.7,KL-PER-01
2014-05-13,1.09,7.8,KL-PER-01
2014-05-14,1.12,0.0,KL-PER-01
2014-05-15,1.06,0.0,KL-PER-01
2014-05-16,1.0,0.1,KL-PER-01
2014-05-17,0.94,0.0,KL-PER-01
2014-05-18,0.91,2.5,KL-PER-01
2014-05-19,0.87,3.6,KL-PER-01
2014-05-20,0.85,6.0,KL-PER-01
2014-05-21,0.85,6.1,KL-PER-01
2014-05-22,0.85,10.9,KL-PER-01
2014-05-23,0.87,4.9,KL-PER-01
2014-05-24,0.87,25.1,KL-PER-01
2014-05-25,1.03,0.8,KL-PER-01
2014-05-26,0.97,1.3,KL-PER-01
2014-05-27,0.94,7.8,KL-PER-01
2014-05-28,0.94,14.7,KL-PER-01
2014-05-29,0.97,14.1,KL-PER-01
2014-05-30,0.97,4.0,KL-PER-01
2014-05-31,1.0,5.2,KL-PER-01
2014-06-01,1.0,11.3,KL-PER-01
2014-06-02,1.06,28.8,KL-PER-01
2014-06-03,1.28,17.6,KL-PER-01
2014-06-04,1.38,17.6,KL-PER-01
2014-06-05,1.44,18.0,KL-PER-01
2014-06-06,1.59,25.4,KL-PER-01
2014-06-07,1.84,19.8,KL-PER-01
2014-06-08,2.0,16.9,KL-PER-01
2014-06-09,2.06,16.1,KL-PER-01
2014-06-10,2.25,24.0,KL-PER-01
2014-06-11,2.37,10.4,KL-PER-01
2014-06-12,2.44,25.7,KL-PER-01
2014-06-13,2.62,8.2,KL-PER-01
2014-06-14,2.56,3.3,KL-PER-01
2014-06-15,2.44,3.2,KL-PER-01
2014-06-16,2.34,6.1,KL-PER-01
2014-06-17,2.31,18.0,KL-PER-01
2014-06-18,2.47,15.9,KL-PER-01
2014-06-19,2.56,23.2,KL-PER-01
2014-06-20,2.78,25.4,KL-PER-01
2014-06-21,2.97,15.2,KL-PER-01
2014-06-22,3.03,4.0,KL-PER-01
2014-06-23,2.91,4.5,KL-PER-01
2014-06-24,2.81,4.2,KL-PER-01
2014-06-25,2.72,2.9,KL-PER-01
2014-06-26,2.62,1.6,KL-PER-01
2014-06-27,2.5,5.7,KL-PER-01
2014-06-28,2.4,3.6,KL-PER-01
2014-06-29,2.28,4.6,KL-PER-01
2014-06-30,2.22,13.8,KL-PER-01
2014-07-01,2.22,29.1,KL-PER-01
2014-07-02,2.4,1.1,KL-PER-01
2014-07-03,2.28,1.2,KL-PER-01
2014-07-04,2.18,16.4,KL-PER-01
2014-07-05,2.4,36.0,KL-PER-01
2014-07-06,2.66,11.9,KL-PER-01
2014-07-07,2.67,26.7,KL-PER-01
2014-07-08,2.75,6.3,KL-PER-01
2014-07-09,2.77,15.8,KL-PER-01
2014-07-10,3.03,30.3,KL-PER-01
2014-07-11,3.3,13.8,KL-PER-01
2014-07-12,3.53,32.3,KL-PER-01
2014-07-13,4.0,17.8,KL-PER-01
2014-07-14,4.77,37.9,KL-PER-01
2014-07-15,5.46,35.0,KL-PER-01
2014-07-16,5.44,8.9,KL-PER-01
2014-07-17,5.05,2.2,KL-PER-01
2014-07-18,4.66,26.7,KL-PER-01
2014-07-19,4.56,17.6,KL-PER-01
2014-07-20,4.48,13.9,KL-PER-01
2014-07-21,4.37,9.7,KL-PER-01
2014-07-22,4.3,24.7,KL-PER-01
2014-07-23,4.36,19.1,KL-PER-01
2014-07-24,4.26,6.8,KL-PER-01
2014-07-25,4.09,5.4,KL-PER-01
2014-07-26,3.91,22.1,KL-PER-01
2014-07-27,4.05,39.7,KL-PER-01
2014-07-28,4.22,17.1,KL-PER-01
2014-07-29,4.18,9.1,KL-PER-01
2014-07-30,4.04,9.0,KL-PER-01
2014-07-31,4.2,40.2,KL-PER-01
2014-08-01,5.67,60.9,KL-PER-01
2014-08-02,5.9,8.8,KL-PER-01
2014-08-03,5.52,19.6,KL-PER-01
2014-08-04,5.34,13.6,KL-PER-01
2014-08-05,5.25,31.8,KL-PER-01
2014-08-06,5.21,6.2,KL-PER-01
2014-08-07,4.94,17.3,KL-PER-01
2014-08-08,5.17,33.9,KL-PER-01
2014-08-09,5.31,15.6,KL-PER-01
2014-08-10,5.12,23.5,KL-PER-01
2014-08-11,5.43,31.8,KL-PER-01
2014-08-12,5.52,6.4,KL-PER-01
2014-08-13,5.25,3.1,KL-PER-01
2014-08-14,4.92,13.7,KL-PER-01
2014-08-15,4.78,0.9,KL-PER-01
2014-08-16,4.5,1.5,KL-PER-01
2014-08-17,4.24,8.7,KL-PER-01
2014-08-18,4.06,10.4,KL-PER-01
2014-08-19,4.11,20.8,KL-PER-01
2014-08-20,4.13,11.2,KL-PER-01
2014-08-21,4.05,13.0,KL-PER-01
2014-08-22,4.64,42.5,KL-PER-01
2014-08-23,4.98,29.5,KL-PER-01
2014-08-24,4.92,2.2,KL-PER-01
2014-08-25,4.6,2.3,KL-PER-01
2014-08-26,4.31,5.5,KL-PER-01
2014-08-27,4.08,2.7,KL-PER-01
2014-08-28,3.88,9.6,KL-PER-01
2014-08-29,3.99,42.6,KL-PER-01
2014-08-30,4.83,41.7,KL-PER-01
2014-08-31,5.28,32.9,KL-PER-01
2014-09-01,5.37,22.6,KL-PER-01
2014-09-02,6.23,51.0,KL-PER-01
2014-09-03,7.91,71.5,KL-PER-01
2014-09-04,7.77,19.4,KL-PER-01
2014-09-05,7.02,12.0,KL-PER-01
2014-09-06,6.48,7.4,KL-PER-01
2014-09-07,6.03,11.0,KL-PER-01
2014-09-08,5.68,6.0,KL-PER-01
2014-09-09,5.34,7.6,KL-PER-01
2014-09-10,5.01,2.1,KL-PER-01
2014-09-11,4.7,1.6,KL-PER-01
2014-09-12,4.42,2.7,KL-PER-01
2014-09-13,4.15,10.0,KL-PER-01
2014-09-14,3.99,20.1,KL-PER-01
2014-09-15,3.91,14.7,KL-PER-01
2014-09-16,3.79,3.4,KL-PER-01
2014-09-17,3.59,2.4,KL-PER-01
2014-09-18,3.4,2.6,KL-PER-01
2014-09-19,3.24,1.3,KL-PER-01
2014-09-20,3.07,3.5,KL-PER-01
2014-09-21,2.92,2.4,KL-PER-01
2014-09-22,2.77,6.4,KL-PER-01
2014-09-23,2.71,7.7,KL-PER-01
2014-09-24,2.66,15.2,KL-PER-01
2014-09-25,2.67,10.8,KL-PER-01
2014-09-26,2.77,9.3,KL-PER-01
2014-09-27,2.93,9.8,KL-PER-01
2014-09-28,2.94,11.8,KL-PER-01
2014-09-29,2.98,13.0,KL-PER-01
2014-09-30,3.17,11.5,KL-PER-01
2014-10-01,3.3,2.1,KL-PER-01
2014-10-02,3.22,6.6,KL-PER-01
2014-10-03,3.13,12.4,KL-PER-01
2014-10-04,3.08,15.6,KL-PER-01
2014-10-05,3.09,10.8,KL-PER-01
2014-10-06,3.03,16.2,KL-PER-01
2014-10-07,3.02,19.2,KL-PER-01
2014-10-08,3.0,6.5,KL-PER-01
2014-10-09,2.87,1.7,KL-PER-01
2014-10-10,2.75,3.6,KL-PER-01
2014-10-11,2.65,22.5,KL-PER-01
2014-10-12,2.67,19.7,KL-PER-01
2014-10-13,2.69,3.9,KL-PER-01
2014-10-14,2.61,23.2,KL-PER-01
2014-10-15,2.71,16.5,KL-PER-01
2014-10-16,2.85,8.5,KL-PER-01
2014-10-17,2.85,16.5,KL-PER-01
2014-10-18,4.27,39.3,KL-PER-01
2014-10-19,4.94,16.9,KL-PER-01
2014-10-20,4.78,14.1,KL-PER-01
2014-10-21,4.77,16.3,KL-PER-01
2014-10-22,5.4,68.8,KL-PER-01
2014-10-23,5.84,25.8,KL-PER-01
2014-10-24,5.73,6.5,KL-PER-01
2014-10-25,5.37,15.4,KL-PER-01
2014-10-26,5.05,10.7,KL-PER-01
2014-10-27,4.85,8.7,KL-PER-01
2014-10-28,4.73,9.0,KL-PER-01
2014-10-29,4.7,18.5,KL-PER-01
2014-10-30,4.74,6.5,KL-PER-01
2014-10-31,4.75,1.6,KL-PER-01
2014-11-01,4.64,2.2,KL-PER-01
2014-11-02,4.42,2.8,KL-PER-01
2014-11-03,4.5,7.4,KL-PER-01
2014-11-04,4.66,5.0,KL-PER-01
2014-11-05,4.4,1.6,KL-PER-01
2014-11-06,4.12,1.2,KL-PER-01
2014-11-07,3.85,1.1,KL-PER-01
2014-11-08,3.61,1.1,KL-PER-01
2014-11-09,3.4,2.0,KL-PER-01
2014-11-10,3.21,10.0,KL-PER-01
2014-11-11,3.07,2.9,KL-PER-01
2014-11-12,3.02,6.6,KL-PER-01
2014-11-13,3.06,3.6,KL-PER-01
2014-11-14,2.97,12.1,KL-PER-01
2014-11-15,2.95,3.5,KL-PER-01
2014-11-16,2.86,0.1,KL-PER-01
2014-11-17,2.71,0.0,KL-PER-01
2014-11-18,2.56,0.0,KL-PER-01
2014-11-19,2.44,0.0,KL-PER-01
2014-11-20,2.31,2.4,KL-PER-01
2014-11-21,2.25,1.4,KL-PER-01
2014-11-22,2.18,8.3,KL-PER-01
2014-11-23,2.25,2.4,KL-PER-01
2014-11-24,2.18,2.0,KL-PER-01
2014-11-25,2.17,0.0,KL-PER-01
2014-11-26,2.05,0.0,KL-PER-01
2014-11-27,1.95,1.9,KL-PER-01
2014-11-28,1.9,3.2,KL-PER-01
2014-11-29,1.94,2.0,KL-PER-01
2014-11-30,1.88,0.0,KL-PER-01
2014-12-01,1.78,0.1,KL-PER-01
2014-12-02,1.74,3.1,KL-PER-01
2014-12-03,1.7,0.0,KL-PER-01
2014-12-04,1.62,0.0,KL-PER-01
2014-12-05,1.56,0.0,KL-PER-01
2014-12-06,1.47,0.0,KL-PER-01
2014-12-07,1.4,0.0,KL-PER-01
2014-12-08,1.33,7.2,KL-PER-01
2014-12-09,1.33,8.0,KL-PER-01
2014-12-10,1.4,21.1,KL-PER-01
2014-12-11,1.53,2.5,KL-PER-01
2014-12-12,1.55,1.7,KL-PER-01
2014-12-13,1.53,11.1,KL-PER-01
2014-12-14,1.61,3.4,KL-PER-01
2014-12-15,1.59,0.0,KL-PER-01
2014-12-16,1.55,0.0,KL-PER-01
2014-12-17,1.56,0.1,KL-PER-01
2014-12-18,1.58,0.0,KL-PER-01
2014-12-19,1.5,0.0,KL-PER-01
2014-12-20,1.45,0.4,KL-PER-01
2014-12-21,1.39,1.9,KL-PER-01
2014-12-22,1.33,0.0,KL-PER-01
2014-12-23,1.26,0.0,KL-PER-01
2014-12-24,1.2,0.6,KL-PER-01
2014-12-25,1.16,1.6,KL-PER-01
2014-12-26,1.12,0.0,KL-PER-01
2014-12-27,1.08,0.1,KL-PER-01
2014-12-28,1.06,1.0,KL-PER-01
2014-12-29,1.05,3.8,KL-PER-01
2014-12-30,1.03,4.5,KL-PER-01
2014-12-31,1.01,6.0,KL-PER-01
2015-01-01,1.01,2.5,KL-PER-01
2015-01-02,1.0,0.0,KL-PER-01
2015-01-03,0.95,0.0,KL-PER-01
2015-01-04,0.91,0.0,KL-PER-01
2015-01-05,0.86,0.0,KL-PER-01
2015-01-06,0.83,0.0,KL-PER-01
2015-01-07,0.8,0.4,KL-PER-01
2015-01-08,0.77,1.9,KL-PER-01
2015-01-09,0.75,1.4,KL-PER-01
2015-01-10,0.72,0.0,KL-PER-01
2015-01-11,0.7,0.0,KL-PER-01
2015-01-12,0.67,0.0,KL-PER-01
2015-01-13,0.66,0.0,KL-PER-01
2015-01-14,0.63,0.0,KL-PER-01
2015-01-15,0.61,0.0,KL-PER-01
2015-01-16,0.58,0.0,KL-PER-01
2015-01-17,0.56,0.0,KL-PER-01
2015-01-18,0.55,0.0,KL-PER-01
2015-01-19,0.53,1.5,KL-PER-01
2015-01-20,0.52,0.0,KL-PER-01
2015-01-21,0.5,0.0,KL-PER-01
2015-01-22,0.49,0.0,KL-PER-01
2015-01-23,0.47,0.0,KL-PER-01
2015-01-24,0.45,0.0,KL-PER-01
2015-01-25,0.45,0.0,KL-PER-01
2015-01-26,0.44,0.0,KL-PER-01
2015-01-27,0.44,0.0,KL-PER-01
2015-01-28,0.41,0.0,KL-PER-01
2015-01-29,0.41,0.0,KL-PER-01
2015-01-30,0.41,0.0,KL-PER-01
2015-01-31,0.41,0.0,KL-PER-01
2015-02-01,0.37,0.0,KL-PER-01
2015-02-02,0.37,0.0,KL-PER-01
2015-02-03,0.37,0.0,KL-PER-01
2015-02-04,0.37,0.0,KL-PER-01
2015-02-05,0.37,0.2,KL-PER-01
2015-02-06,0.34,0.1,KL-PER-01
2015-02-07,0.34,0.0,KL-PER-01
2015-02-08,0.34,0.0,KL-PER-01
2015-02-09,0.34,1.1,KL-PER-01
2015-02-10,0.34,0.0,KL-PER-01
2015-02-11,0.34,0.0,KL-PER-01
2015-02-12,0.34,1.2,KL-PER-01
2015-02-13,0.34,0.4,KL-PER-01
2015-02-14,0.34,0.3,KL-PER-01
2015-02-15,0.31,0.9,KL-PER-01
2015-02-16,0.31,0.6,KL-PER-01
2015-02-17,0.31,0.6,KL-PER-01
2015-02-18,0.31,0.0,KL-PER-01
2015-02-19,0.31,0.0,KL-PER-01
2015-02-20,0.31,0.0,KL-PER-01
2015-02-21,0.31,0.0,KL-PER-01
2015-02-22,0.31,0.0,KL-PER-01
2015-02-23,0.31,0.0,KL-PER-01
2015-02-24,0.31,0.0,KL-PER-01
2015-02-25,0.31,0.0,KL-PER-01
2015-02-26,0.31,1.4,KL-PER-01
2015-02-27,0.31,1.0,KL-PER-01
2015-02-28,0.31,4.4,KL-PER-01
2015-03-01,0.34,0.5,KL-PER-01
2015-03-02,0.34,4.1,KL-PER-01
2015-03-03,0.34,9.6,KL-PER-01
2015-03-04,0.34,4.6,KL-PER-01
2015-03-05,0.34,0.4,KL-PER-01
2015-03-06,0.34,8.4,KL-PER-01
2015-03-07,0.37,14.5,KL-PER-01
2015-03-08,0.41,14.7,KL-PER-01
2015-03-09,0.44,3.9,KL-PER-01
2015-03-10,0.41,0.0,KL-PER-01
2015-03-11,0.41,0.0,KL-PER-01
2015-03-12,0.41,0.0,KL-PER-01
2015-03-13,0.41,0.8,KL-PER-01
2015-03-14,0.37,1.4,KL-PER-01
2015-03-15,0.41,4.7,KL-PER-01
2015-03-16,0.41,10.7,KL-PER-01
2015-03-17,0.44,0.5,KL-PER-01
2015-03-18,0.44,0.5,KL-PER-01
2015-03-19,0.44,0.0,KL-PER-01
2015-03-20,0.41,0.0,KL-PER-01
2015-03-21,0.41,0.0,KL-PER-01
2015-03-22,0.41,0.0,KL-PER-01
2015-03-23,0.37,0.0,KL-PER-01
2015-03-24,0.37,0.0,KL-PER-01
2015-03-25,0.37,0.0,KL-PER-01
2015-03-26,0.37,0.6,KL-PER-01
2015-03-27,0.37,0.7,KL-PER-01
2015-03-28,0.34,0.0,KL-PER-01
2015-03-29,0.34,0.4,KL-PER-01
2015-03-30,0.34,0.1,KL-PER-01
2015-03-31,0.34,1.3,KL-PER-01
2015-04-01,0.34,13.9,KL-PER-01
2015-04-02,0.41,0.0,KL-PER-01
2015-04-03,0.41,2.6,KL-PER-01
2015-04-04,0.41,3.0,KL-PER-01
2015-04-05,0.41,0.5,KL-PER-01
2015-04-06,0.41,3.4,KL-PER-01
2015-04-07,0.41,8.0,KL-PER-01
2015-04-08,0.44,1.4,KL-PER-01
2015-04-09,0.44,4.6,KL-PER-01
2015-04-10,0.47,3.3,KL-PER-01
2015-04-11,0.5,7.2,KL-PER-01
2015-04-12,0.53,9.1,KL-PER-01
2015-04-13,0.56,34.3,KL-PER-01
2015-04-14,0.63,9.5,KL-PER-01
2015-04-15,0.63,2.8,KL-PER-01
2015-04-16,0.63,5.5,KL-PER-01
2015-04-17,0.63,5.6,KL-PER-01
2015-04-18,0.66,1.1,KL-PER-01
2015-04-19,0.66,13.0,KL-PER-01
2015-04-20,0.69,19.4,KL-PER-01
2015-04-21,0.78,36.3,KL-PER-01
2015-04-22,0.94,0.5,KL-PER-01
2015-04-23,0.91,5.2,KL-PER-01
2015-04-24,0.97,20.8,KL-PER-01
2015-04-25,1.09,2.9,KL-PER-01
2015-04-26,1.06,13.4,KL-PER-01
2015-04-27,1.12,8.8,KL-PER-01
2015-04-28,1.19,6.6,KL-PER-01
2015-04-29,1.22,2.6,KL-PER-01
2015-04-30,1.19,9.4,KL-PER-01
2015-05-01,1.19,2.0,KL-PER-01
2015-05-02,1.16,1.5,KL-PER-01
2015-05-03,1.12,0.0,KL-PER-01
2015-05-04,1.09,8.5,KL-PER-01
2015-05-05,1.16,11.7,KL-PER-01
2015-05-06,1.22,8.4,KL-PER-01
2015-05-07,1.28,16.0,KL-PER-01
2015-05-08,1.4,14.0,KL-PER-01
2015-05-09,1.5,11.6,KL-PER-01
2015-05-10,1.53,7.8,KL-PER-01
2015-05-11,1.65,28.7,KL-PER-01
2015-05-12,2.0,37.6,KL-PER-01
2015-05-13,2.31,43.5,KL-PER-01
2015-05-14,2.56,17.4,KL-PER-01
2015-05-15,2.56,8.2,KL-PER-01
2015-05-16,2.5,20.4,KL-PER-01
2015-05-17,2.66,31.7,KL-PER-01
2015-05-18,2.85,15.7,KL-PER-01
2015-05-19,2.85,9.0,KL-PER-01
2015-05-20,2.81,6.6,KL-PER-01
2015-05-21,2.75,5.1,KL-PER-01
2015-05-22,2.69,2.9,KL-PER-01
2015-05-23,2.6,5.1,KL-PER-01
2015-05-24,2.5,8.0,KL-PER-01
2015-05-25,2.47,0.9,KL-PER-01
2015-05-26,2.34,5.7,KL-PER-01
2015-05-27,2.25,1.1,KL-PER-01
2015-05-28,2.16,8.9,KL-PER-01
2015-05-29,2.18,21.2,KL-PER-01
2015-05-30,2.28,9.6,KL-PER-01
2015-05-31,2.25,20.7,KL-PER-01
2015-06-01,2.34,8.1,KL-PER-01
2015-06-02,2.28,8.0,KL-PER-01
2015-06-03,2.22,3.3,KL-PER-01
2015-06-04,2.18,14.6,KL-PER-01
2015-06-05,2.28,4.5,KL-PER-01
2015-06-06,2.18,0.1,KL-PER-01
2015-06-07,2.09,16.3,KL-PER-01
2015-06-08,2.09,26.7,KL-PER-01
2015-06-09,2.18,11.3,KL-PER-01
2015-06-10,2.16,2.0,KL-PER-01
2015-06-11,2.22,45.4,KL-PER-01
2015-06-12,2.53,5.2,KL-PER-01
2015-06-13,2.47,13.3,KL-PER-01
2015-06-14,2.4,6.7,KL-PER-01
2015-06-15,2.37,19.8,KL-PER-01
2015-06-16,2.4,10.4,KL-PER-01
2015-06-17,2.37,11.8,KL-PER-01
2015-06-18,2.4,32.5,KL-PER-01
2015-06-19,2.66,19.9,KL-PER-01
2015-06-20,2.85,14.6,KL-PER-01
2015-06-21,3.16,40.7,KL-PER-01
2015-06-22,3.47,22.7,KL-PER-01
2015-06-23,3.5,10.4,KL-PER-01
2015-06-24,3.41,11.0,KL-PER-01
2015-06-25,3.44,21.1,KL-PER-01
2015-06-26,3.91,27.2,KL-PER-01
2015-06-27,4.15,15.3,KL-PER-01
2015-06-28,4.13,5.8,KL-PER-01
2015-06-29,3.94,20.7,KL-PER-01
2015-06-30,3.88,3.3,KL-PER-01
2015-07-01,3.66,1.8,KL-PER-01
2015-07-02,3.47,1.8,KL-PER-01
2015-07-03,3.29,4.3,KL-PER-01
2015-07-04,3.12,4.2,KL-PER-01
2015-07-05,3.0,3.7,KL-PER-01
2015-07-06,2.87,3.0,KL-PER-01
2015-07-07,2.78,6.5,KL-PER-01
2015-07-08,2.69,6.9,KL-PER-01
2015-07-09,2.62,20.4,KL-PER-01
2015-07-10,2.91,23.0,KL-PER-01
2015-07-11,3.17,13.7,KL-PER-01
2015-07-12,3.17,5.4,KL-PER-01
2015-07-13,3.02,0.7,KL-PER-01
2015-07-14,2.87,6.0,KL-PER-01
2015-07-15,2.81,23.4,KL-PER-01
2015-07-16,2.98,18.4,KL-PER-01
2015-07-17,3.53,32.3,KL-PER-01
2015-07-18,4.28,43.9,KL-PER-01
2015-07-19,5.0,35.4,KL-PER-01
2015-07-20,5.08,16.6,KL-PER-01
2015-07-21,5.08,25.9,KL-PER-01
2015-07-22,5.46,41.8,KL-PER-01
2015-07-23,6.21,38.4,KL-PER-01
2015-07-24,6.21,19.3,KL-PER-01
2015-07-25,5.97,32.2,KL-PER-01
2015-07-26,5.78,17.7,KL-PER-01
2015-07-27,5.49,4.6,KL-PER-01
2015-07-28,5.14,0.7,KL-PER-01
2015-07-29,4.78,1.0,KL-PER-01
2015-07-30,4.46,5.1,KL-PER-01
2015-07-31,4.2,3.6,KL-PER-01
2015-08-01,4.0,13.3,KL-PER-01
2015-08-02,3.89,18.3,KL-PER-01
2015-08-03,3.89,18.7,KL-PER-01
2015-08-04,3.86,23.0,KL-PER-01
2015-08-05,3.84,14.6,KL-PER-01
2015-08-06,3.79,5.9,KL-PER-01
2015-08-07,3.65,8.4,KL-PER-01
2015-08-08,3.53,12.1,KL-PER-01
2015-08-09,3.5,24.0,KL-PER-01
2015-08-10,3.67,25.3,KL-PER-01
2015-08-11,3.83,9.4,KL-PER-01
2015-08-12,3.79,7.6,KL-PER-01
2015-08-13,3.69,3.6,KL-PER-01
2015-08-14,3.52,1.1,KL-PER-01
2015-08-15,3.36,6.1,KL-PER-01
2015-08-16,3.24,7.1,KL-PER-01
2015-08-17,3.17,8.5,KL-PER-01
2015-08-18,4.33,72.3,KL-PER-01
2015-08-19,4.71,1.2,KL-PER-01
2015-08-20,4.36,4.1,KL-PER-01
2015-08-21,4.04,8.9,KL-PER-01
2015-08-22,3.8,16.8,KL-PER-01
2015-08-23,3.66,8.2,KL-PER-01
2015-08-24,3.47,1.4,KL-PER-01
2015-08-25,3.25,1.2,KL-PER-01
2015-08-26,3.05,3.7,KL-PER-01
2015-08-27,2.89,1.9,KL-PER-01
2015-08-28,2.73,1.3,KL-PER-01
2015-08-29,2.6,1.4,KL-PER-01
2015-08-30,2.45,3.5,KL-PER-01
2015-08-31,2.34,1.5,KL-PER-01
2015-09-01,2.21,2.2,KL-PER-01
2015-09-02,2.09,1.7,KL-PER-01
2015-09-03,2.0,2.5,KL-PER-01
2015-09-04,1.95,0.0,KL-PER-01
2015-09-05,1.92,5.5,KL-PER-01
2015-09-06,1.95,5.1,KL-PER-01
2015-09-07,1.94,14.4,KL-PER-01
2015-09-08,1.97,9.9,KL-PER-01
2015-09-09,1.95,10.3,KL-PER-01
2015-09-10,1.92,4.8,KL-PER-01
2015-09-11,1.88,13.1,KL-PER-01
2015-09-12,1.92,11.0,KL-PER-01
2015-09-13,1.92,0.3,KL-PER-01
2015-09-14,1.82,5.5,KL-PER-01
2015-09-15,1.77,12.6,KL-PER-01
2015-09-16,1.79,15.2,KL-PER-01
2015-09-17,1.86,13.4,KL-PER-01
2015-09-18,1.92,4.2,KL-PER-01
2015-09-19,1.88,25.8,KL-PER-01
2015-09-20,1.99,8.8,KL-PER-01
2015-09-21,1.99,0.0,KL-PER-01
2015-09-22,1.88,1.1,KL-PER-01
2015-09-23,1.79,2.5,KL-PER-01
2015-09-24,1.73,9.8,KL-PER-01
2015-09-25,1.78,2.2,KL-PER-01
2015-09-26,1.76,4.1,KL-PER-01
2015-09-27,1.74,11.3,KL-PER-01
2015-09-28,1.76,9.3,KL-PER-01
2015-09-29,1.88,17.5,KL-PER-01
2015-09-30,2.18,23.6,KL-PER-01
2015-10-01,2.4,8.1,KL-PER-01
2015-10-02,2.38,2.4,KL-PER-01
2015-10-03,2.28,6.4,KL-PER-01
2015-10-04,2.26,33.7,KL-PER-01
2015-10-05,2.48,19.7,KL-PER-01
2015-10-06,2.57,8.7,KL-PER-01
2015-10-07,2.5,4.0,KL-PER-01
2015-10-08,2.4,10.0,KL-PER-01
2015-10-09,2.37,23.2,KL-PER-01
2015-10-10,2.39,29.0,KL-PER-01
2015-10-11,2.53,8.6,KL-PER-01
2015-10-12,2.5,20.2,KL-PER-01
2015-10-13,2.7,13.4,KL-PER-01
2015-10-14,2.88,2.5,KL-PER-01
2015-10-15,2.81,8.6,KL-PER-01
2015-10-16,2.78,1.3,KL-PER-01
2015-10-17,2.64,3.6,KL-PER-01
2015-10-18,2.56,26.2,KL-PER-01
2015-10-19,2.66,8.3,KL-PER-01
2015-10-20,2.65,4.4,KL-PER-01
2015-10-21,2.6,5.3,KL-PER-01
2015-10-22,2.53,3.3,KL-PER-01
2015-10-23,2.44,8.0,KL-PER-01
2015-10-24,2.39,25.1,KL-PER-01
2015-10-25,2.5,1.5,KL-PER-01
2015-10-26,2.59,2.5,KL-PER-01
2015-10-27,2.48,2.1,KL-PER-01
2015-10-28,2.37,6.8,KL-PER-01
2015-10-29,2.37,5.2,KL-PER-01
2015-10-30,2.39,11.2,KL-PER-01
2015-10-31,4.2,45.0,KL-PER-01
2015-11-01,5.05,27.7,KL-PER-01
2015-11-02,4.83,6.5,KL-PER-01
2015-11-03,4.43,0.5,KL-PER-01
2015-11-04,4.08,7.9,KL-PER-01
2015-11-05,3.94,10.6,KL-PER-01
2015-11-06,3.81,0.3,KL-PER-01
2015-11-07,5.71,27.1,KL-PER-01
2015-11-08,5.93,9.6,KL-PER-01
2015-11-09,5.37,3.9,KL-PER-01
2015-11-10,4.86,0.7,KL-PER-01
2015-11-11,4.42,1.8,KL-PER-01
2015-11-12,4.08,20.6,KL-PER-01
2015-11-13,4.01,2.5,KL-PER-01
2015-11-14,3.88,1.3,KL-PER-01
2015-11-15,3.85,23.7,KL-PER-01
2015-11-16,3.99,0.4,KL-PER-01
2015-11-17,3.71,2.3,KL-PER-01
2015-11-18,3.5,12.1,KL-PER-01
2015-11-19,3.44,2.9,KL-PER-01
2015-11-20,3.33,0.5,KL-PER-01
2015-11-21,3.21,15.5,KL-PER-01
2015-11-22,3.19,13.6,KL-PER-01
2015-11-23,3.19,9.8,KL-PER-01
2015-11-24,3.16,6.8,KL-PER-01
2015-11-25,3.04,0.0,KL-PER-01
2015-11-26,2.86,0.0,KL-PER-01
2015-11-27,2.69,0.5,KL-PER-01
2015-11-28,2.56,0.0,KL-PER-01
2015-11-29,2.44,0.8,KL-PER-01
2015-11-30,2.38,23.1,KL-PER-01
2015-12-01,2.5,2.1,KL-PER-01
2015-12-02,2.5,1.1,KL-PER-01
2015-12-03,2.38,0.0,KL-PER-01
2015-12-04,2.32,0.0,KL-PER-01
2015-12-05,2.27,21.7,KL-PER-01
2015-12-06,2.43,1.1,KL-PER-01
2015-12-07,2.34,2.4,KL-PER-01
2015-12-08,2.32,3.3,KL-PER-01
2015-12-09,2.26,0.4,KL-PER-01
2015-12-10,2.16,3.8,KL-PER-01
2015-12-11,2.12,3.5,KL-PER-01
2015-12-12,2.08,6.1,KL-PER-01
2015-12-13,2.08,20.9,KL-PER-01
2015-12-14,2.24,10.6,KL-PER-01
2015-12-15,2.29,12.2,KL-PER-01
2015-12-16,2.37,1.8,KL-PER-01
2015-12-17,2.27,0.0,KL-PER-01
2015-12-18,2.14,0.3,KL-PER-01
2015-12-19,2.03,0.1,KL-PER-01
2015-12-20,1.93,1.7,KL-PER-01
2015-12-21,1.82,0.0,KL-PER-01
2015-12-22,1.73,0.0,KL-PER-01
2015-12-23,1.63,0.0,KL-PER-01
2015-12-24,1.55,0.0,KL-PER-01
2015-12-25,1.48,0.0,KL-PER-01
2015-12-26,1.4,0.0,KL-PER-01
2015-12-27,1.32,0.0,KL-PER-01
2015-12-28,1.26,0.0,KL-PER-01
2015-12-29,1.19,0.0,KL-PER-01
2015-12-30,1.13,0.0,KL-PER-01
2015-12-31,1.08,0.0,KL-PER-01
2016-01-01,1.02,0.0,KL-PER-01
2016-01-02,0.98,0.0,KL-PER-01
2016-01-03,0.93,0.0,KL-PER-01
2016-01-04,0.89,0.0,KL-PER-01
2016-01-05,0.85,0.0,KL-PER-01
2016-01-06,0.81,0.0,KL-PER-01
2016-01-07,0.77,0.0,KL-PER-01
2016-01-08,0.75,0.0,KL-PER-01
2016-01-09,0.72,0.0,KL-PER-01
2016-01-10,0.69,0.0,KL-PER-01
2016-01-11,0.66,0.0,KL-PER-01
2016-01-12,0.63,0.0,KL-PER-01
2016-01-13,0.61,0.1,KL-PER-01
2016-01-14,0.58,0.0,KL-PER-01
2016-01-15,0.56,0.0,KL-PER-01
2016-01-16,0.55,0.0,KL-PER-01
2016-01-17,0.53,0.7,KL-PER-01
2016-01-18,0.52,0.0,KL-PER-01
2016-01-19,0.5,0.0,KL-PER-01
2016-01-20,0.49,0.1,KL-PER-01
2016-01-21,0.47,0.0,KL-PER-01
2016-01-22,0.47,0.2,KL-PER-01
2016-01-23,0.45,0.0,KL-PER-01
2016-01-24,0.45,0.0,KL-PER-01
2016-01-25,0.44,0.0,KL-PER-01
2016-01-26,0.42,0.3,KL-PER-01
2016-01-27,0.42,0.0,KL-PER-01
2016-01-28,0.41,0.0,KL-PER-01
2016-01-29,0.41,0.0,KL-PER-01
2016-01-30,0.39,0.0,KL-PER-01
2016-01-31,0.39,0.0,KL-PER-01
2016-02-01,0.39,0.0,KL-PER-01
2016-02-02,0.37,0.0,KL-PER-01
2016-02-03,0.37,0.0,KL-PER-01
2016-02-04,0.37,0.0,KL-PER-01
2016-02-05,0.36,0.0,KL-PER-01
2016-02-06,0.36,0.0,KL-PER-01
2016-02-07,0.36,0.0,KL-PER-01
2016-02-08,0.34,0.0,KL-PER-01
2016-02-09,0.34,0.4,KL-PER-01
2016-02-10,0.34,1.4,KL-PER-01
2016-02-11,0.34,1.4,KL-PER-01
2016-02-12,0.36,0.4,KL-PER-01
2016-02-13,0.34,0.3,KL-PER-01
2016-02-14,0.34,0.0,KL-PER-01
2016-02-15,0.34,0.0,KL-PER-01
2016-02-16,0.34,0.0,KL-PER-01
2016-02-17,0.34,0.0,KL-PER-01
2016-02-18,0.33,0.8,KL-PER-01
2016-02-19,0.33,0.0,KL-PER-01
2016-02-20,0.33,0.3,KL-PER-01
2016-02-21,0.33,0.2,KL-PER-01
2016-02-22,0.33,0.0,KL-PER-01
2016-02-23,0.33,5.4,KL-PER-01
2016-02-24,0.34,3.1,KL-PER-01
2016-02-25,0.34,0.0,KL-PER-01
2016-02-26,0.33,0.2,KL-PER-01
2016-02-27,0.33,0.0,KL-PER-01
2016-02-28,0.33,0.4,KL-PER-01
2016-02-29,0.33,0.9,KL-PER-01
2016-03-01,0.33,0.0,KL-PER-01
2016-03-02,0.33,0.0,KL-PER-01
2016-03-03,0.33,0.0,KL-PER-01
2016-03-04,0.33,0.0,KL-PER-01
2016-03-05,0.33,0.0,KL-PER-01
2016-03-06,0.33,0.0,KL-PER-01
2016-03-07,0.33,0.0,KL-PER-01
2016-03-08,0.33,0.0,KL-PER-01
2016-03-09,0.33,0.0,KL-PER-01
2016-03-10,0.33,0.0,KL-PER-01
2016-03-11,0.33,0.3,KL-PER-01
2016-03-12,0.33,1.6,KL-PER-01
2016-03-13,0.33,0.2,KL-PER-01
2016-03-14,0.34,4.5,KL-PER-01
2016-03-15,0.34,3.0,KL-PER-01
2016-03-16,0.34,0.0,KL-PER-01
2016-03-17,0.34,0.0,KL-PER-01
2016-03-18,0.34,0.4,KL-PER-01
2016-03-19,0.34,0.3,KL-PER-01
2016-03-20,0.34,0.0,KL-PER-01
2016-03-21,0.34,0.1,KL-PER-01
2016-03-22,0.34,3.5,KL-PER-01
2016-03-23,0.34,0.2,KL-PER-01
2016-03-24,0.34,6.7,KL-PER-01
2016-03-25,0.34,3.3,KL-PER-01
2016-03-26,0.34,0.0,KL-PER-01
2016-03-27,0.34,0.5,KL-PER-01
2016-03-28,0.34,0.1,KL-PER-01
2016-03-29,0.34,0.7,KL-PER-01
2016-03-30,0.34,1.4,KL-PER-01
2016-03-31,0.34,0.9,KL-PER-01
2016-04-01,0.34,1.1,KL-PER-01
2016-04-02,0.34,1.2,KL-PER-01
2016-04-03,0.34,0.6,KL-PER-01
2016-04-04,0.34,0.3,KL-PER-01
2016-04-05,0.34,2.4,KL-PER-01
2016-04-06,0.34,0.9,KL-PER-01
2016-04-07,0.34,0.1,KL-PER-01
2016-04-08,0.34,8.5,KL-PER-01
2016-04-09,0.34,2.4,KL-PER-01
2016-04-10,0.34,5.6,KL-PER-01
2016-04-11,0.34,1.1,KL-PER-01
2016-04-12,0.34,1.8,KL-PER-01
2016-04-13,0.34,1.1,KL-PER-01
2016-04-14,0.34,2.0,KL-PER-01
2016-04-15,0.34,3.4,KL-PER-01
2016-04-16,0.34,4.0,KL-PER-01
2016-04-17,0.34,3.5,KL-PER-01
2016-04-18,0.34,0.9,KL-PER-01
2016-04-19,0.34,3.8,KL-PER-01
2016-04-20,0.34,5.1,KL-PER-01
2016-04-21,0.34,2.5,KL-PER-01
2016-04-22,0.34,1.6,KL-PER-01
2016-04-23,0.34,0.5,KL-PER-01
2016-04-24,0.37,0.5,KL-PER-01
2016-04-25,0.37,0.9,KL-PER-01
2016-04-26,0.37,0.0,KL-PER-01
2016-04-27,0.37,0.0,KL-PER-01
2016-04-28,0.37,1.4,KL-PER-01
2016-04-29,0.37,3.9,KL-PER-01
2016-04-30,0.37,1.8,KL-PER-01
2016-05-01,0.34,2.4,KL-PER-01
2016-05-02,0.34,0.2,KL-PER-01
2016-05-03,0.34,1.2,KL-PER-01
2016-05-04,0.34,10.6,KL-PER-01
2016-05-05,0.37,5.4,KL-PER-01
2016-05-06,0.37,7.1,KL-PER-01
2016-05-07,0.37,6.2,KL-PER-01
2016-05-08,0.41,7.6,KL-PER-01
2016-05-09,0.41,2.2,KL-PER-01
2016-05-10,0.41,29.7,KL-PER-01
2016-05-11,0.44,2.6,KL-PER-01
2016-05-12,0.44,5.8,KL-PER-01
2016-05-13,0.47,7.8,KL-PER-01
2016-05-14,0.5,10.4,KL-PER-01
2016-05-15,0.53,8.5,KL-PER-01
2016-05-16,0.53,6.4,KL-PER-01
2016-05-17,0.56,32.0,KL-PER-01
2016-05-18,0.66,29.4,KL-PER-01
2016-05-19,0.75,19.8,KL-PER-01
2016-05-20,0.81,8.8,KL-PER-01
2016-05-21,0.81,2.1,KL-PER-01
2016-05-22,0.78,13.1,KL-PER-01
2016-05-23,0.81,7.8,KL-PER-01
2016-05-24,0.85,16.1,KL-PER-01
2016-05-25,0.91,14.3,KL-PER-01
2016-05-26,0.94,7.5,KL-PER-01
2016-05-27,0.94,15.8,KL-PER-01
2016-05-28,1.03,27.2,KL-PER-01
2016-05-29,1.19,10.4,KL-PER-01
2016-05-30,1.22,21.5,KL-PER-01
2016-05-31,1.34,27.6,KL-PER-01
2016-06-01,1.62,41.1,KL-PER-01
2016-06-02,1.94,7.9,KL-PER-01
2016-06-03,1.94,11.2,KL-PER-01
2016-06-04,1.97,14.5,KL-PER-01
2016-06-05,2.0,10.4,KL-PER-01
2016-06-06,1.97,8.9,KL-PER-01
2016-06-07,1.97,19.3,KL-PER-01
2016-06-08,2.4,39.8,KL-PER-01
2016-06-09,3.0,28.1,KL-PER-01
2016-06-10,3.29,30.2,KL-PER-01
2016-06-11,3.41,14.0,KL-PER-01
2016-06-12,3.35,14.2,KL-PER-01
2016-06-13,3.32,16.4,KL-PER-01
2016-06-14,3.22,6.8,KL-PER-01
2016-06-15,3.09,8.4,KL-PER-01
2016-06-16,3.0,12.3,KL-PER-01
2016-06-17,3.14,43.7,KL-PER-01
2016-06-18,3.86,34.6,KL-PER-01
2016-06-19,4.14,19.9,KL-PER-01
2016-06-20,4.08,19.7,KL-PER-01
2016-06-21,4.01,21.4,KL-PER-01
2016-06-22,4.06,21.2,KL-PER-01
2016-06-23,4.11,14.5,KL-PER-01
2016-06-24,4.43,35.8,KL-PER-01
2016-06-25,4.68,12.8,KL-PER-01
2016-06-26,4.53,11.0,KL-PER-01
2016-06-27,4.46,31.1,KL-PER-01
2016-06-28,4.85,28.4,KL-PER-01
2016-06-29,5.03,18.5,KL-PER-01
2016-06-30,4.96,7.6,KL-PER-01
2016-07-01,4.77,8.3,KL-PER-01
2016-07-02,4.56,5.0,KL-PER-01
2016-07-03,4.31,11.0,KL-PER-01
2016-07-04,4.26,32.7,KL-PER-01
2016-07-05,4.37,12.4,KL-PER-01
2016-07-06,4.36,22.7,KL-PER-01
2016-07-07,4.42,5.1,KL-PER-01
2016-07-08,4.6,49.3,KL-PER-01
2016-07-09,4.79,15.2,KL-PER-01
2016-07-10,4.81,12.8,KL-PER-01
2016-07-11,4.85,15.7,KL-PER-01
2016-07-12,4.83,12.3,KL-PER-01
2016-07-13,4.64,7.3,KL-PER-01
2016-07-14,4.42,12.3,KL-PER-01
2016-07-15,4.35,11.5,KL-PER-01
2016-07-16,4.37,6.5,KL-PER-01
2016-07-17,4.24,6.8,KL-PER-01
2016-07-18,4.05,14.0,KL-PER-01
2016-07-19,4.01,3.7,KL-PER-01
2016-07-20,3.81,3.9,KL-PER-01
2016-07-21,3.62,3.7,KL-PER-01
2016-07-22,3.49,8.4,KL-PER-01
2016-07-23,3.43,16.4,KL-PER-01
2016-07-24,3.5,35.7,KL-PER-01
2016-07-25,3.65,13.8,KL-PER-01
2016-07-26,3.69,14.7,KL-PER-01
2016-07-27,3.92,22.3,KL-PER-01
2016-07-28,4.14,15.5,KL-PER-01
2016-07-29,4.06,13.7,KL-PER-01
2016-07-30,3.92,7.2,KL-PER-01
2016-07-31,3.75,3.8,KL-PER-01
2016-08-01,3.58,5.4,KL-PER-01
2016-08-02,3.43,9.3,KL-PER-01
2016-08-03,3.33,12.9,KL-PER-01
2016-08-04,3.3,12.5,KL-PER-01
2016-08-05,3.27,6.7,KL-PER-01
2016-08-06,3.16,5.1,KL-PER-01
2016-08-07,3.03,5.8,KL-PER-01
2016-08-08,2.91,3.4,KL-PER-01
2016-08-09,2.78,4.2,KL-PER-01
2016-08-10,2.67,3.8,KL-PER-01
2016-08-11,2.55,1.0,KL-PER-01
2016-08-12,2.45,25.9,KL-PER-01
2016-08-13,2.5,4.2,KL-PER-01
2016-08-14,2.44,12.2,KL-PER-01
2016-08-15,2.44,6.3,KL-PER-01
2016-08-16,2.42,8.3,KL-PER-01
2016-08-17,2.4,4.7,KL-PER-01
2016-08-18,2.36,5.1,KL-PER-01
2016-08-19,2.3,3.0,KL-PER-01
2016-08-20,2.22,1.1,KL-PER-01
2016-08-21,2.13,2.5,KL-PER-01
2016-08-22,2.03,2.1,KL-PER-01
2016-08-23,1.96,3.2,KL-PER-01
2016-08-24,1.94,6.5,KL-PER-01
2016-08-25,1.94,8.1,KL-PER-01
2016-08-26,1.95,17.6,KL-PER-01
2016-08-27,1.98,14.5,KL-PER-01
2016-08-28,1.99,2.3,KL-PER-01
2016-08-29,1.93,12.5,KL-PER-01
2016-08-30,1.94,18.3,KL-PER-01
2016-08-31,2.03,8.2,KL-PER-01
2016-09-01,2.05,33.5,KL-PER-01
2016-09-02,2.27,15.4,KL-PER-01
2016-09-03,2.33,3.3,KL-PER-01
2016-09-04,2.24,3.3,KL-PER-01
2016-09-05,2.15,2.2,KL-PER-01
2016-09-06,2.05,2.7,KL-PER-01
2016-09-07,1.97,2.4,KL-PER-01
2016-09-08,1.88,2.3,KL-PER-01
2016-09-09,1.81,1.9,KL-PER-01
2016-09-10,1.74,1.1,KL-PER-01
2016-09-11,1.67,3.7,KL-PER-01
2016-09-12,1.61,2.7,KL-PER-01
2016-09-13,1.56,11.7,KL-PER-01
2016-09-14,1.58,10.6,KL-PER-01
2016-09-15,1.62,11.4,KL-PER-01
2016-09-16,1.62,2.9,KL-PER-01
2016-09-17,1.58,2.9,KL-PER-01
2016-09-18,1.53,16.0,KL-PER-01
2016-09-19,1.57,2.6,KL-PER-01
2016-09-20,1.53,4.2,KL-PER-01
2016-09-21,1.5,6.8,KL-PER-01
2016-09-22,1.49,1.6,KL-PER-01
2016-09-23,1.44,3.9,KL-PER-01
2016-09-24,1.42,5.1,KL-PER-01
2016-09-25,1.4,6.9,KL-PER-01
2016-09-26,1.4,2.8,KL-PER-01
2016-09-27,1.38,2.6,KL-PER-01
2016-09-28,1.33,8.9,KL-PER-01
2016-09-29,1.35,21.5,KL-PER-01
2016-09-30,1.45,1.1,KL-PER-01
2016-10-01,1.42,2.4,KL-PER-01
2016-10-02,1.35,0.4,KL-PER-01
2016-10-03,1.29,0.6,KL-PER-01
2016-10-04,1.23,1.8,KL-PER-01
2016-10-05,1.18,0.5,KL-PER-01
2016-10-06,1.13,0.6,KL-PER-01
2016-10-07,1.08,0.3,KL-PER-01
2016-10-08,1.03,2.6,KL-PER-01
2016-10-09,1.0,2.3,KL-PER-01
2016-10-10,0.97,3.2,KL-PER-01
2016-10-11,0.94,1.9,KL-PER-01
2016-10-12,0.91,4.2,KL-PER-01
2016-10-13,0.91,26.2,KL-PER-01
2016-10-14,1.06,18.3,KL-PER-01
2016-10-15,1.17,18.0,KL-PER-01
2016-10-16,1.35,9.2,KL-PER-01
2016-10-17,1.4,10.3,KL-PER-01
2016-10-18,1.46,0.3,KL-PER-01
2016-10-19,1.4,2.5,KL-PER-01
2016-10-20,1.38,11.8,KL-PER-01
2016-10-21,1.46,20.9,KL-PER-01
2016-10-22,1.75,13.3,KL-PER-01
2016-10-23,1.86,6.2,KL-PER-01
2016-10-24,1.82,1.1,KL-PER-01
2016-10-25,1.75,4.0,KL-PER-01
2016-10-26,1.7,8.7,KL-PER-01
2016-10-27,1.74,8.2,KL-PER-01
2016-10-28,1.73,1.6,KL-PER-01
2016-10-29,1.67,5.9,KL-PER-01
2016-10-30,1.63,25.7,KL-PER-01
2016-10-31,1.81,11.3,KL-PER-01
2016-11-01,1.99,6.2,KL-PER-01
2016-11-02,2.01,10.2,KL-PER-01
2016-11-03,2.05,13.6,KL-PER-01
2016-11-04,2.1,12.6,KL-PER-01
2016-11-05,2.2,0.7,KL-PER-01
2016-11-06,2.08,0.0,KL-PER-01
2016-11-07,1.96,0.0,KL-PER-01
2016-11-08,1.85,0.5,KL-PER-01
2016-11-09,1.77,3.2,KL-PER-01
2016-11-10,1.72,0.1,KL-PER-01
2016-11-11,1.63,0.2,KL-PER-01
2016-11-12,1.55,0.2,KL-PER-01
2016-11-13,1.49,16.8,KL-PER-01
2016-11-14,1.61,15.8,KL-PER-01
2016-11-15,1.65,1.4,KL-PER-01
2016-11-16,1.6,0.2,KL-PER-01
2016-11-17,1.53,0.0,KL-PER-01
2016-11-18,1.46,0.0,KL-PER-01
2016-11-19,1.42,0.8,KL-PER-01
2016-11-20,1.36,0.0,KL-PER-01
2016-11-21,1.28,0.2,KL-PER-01
2016-11-22,1.23,0.0,KL-PER-01
2016-11-23,1.19,0.2,KL-PER-01
2016-11-24,1.14,0.0,KL-PER-01
2016-11-25,1.08,0.0,KL-PER-01
2016-11-26,1.03,0.0,KL-PER-01
2016-11-27,0.99,0.0,KL-PER-01
2016-11-28,0.94,0.0,KL-PER-01
2016-11-29,0.89,0.0,KL-PER-01
2016-11-30,0.87,0.0,KL-PER-01
2016-12-01,0.85,12.9,KL-PER-01
2016-12-02,0.91,1.8,KL-PER-01
2016-12-03,0.95,5.7,KL-PER-01
2016-12-04,1.0,0.0,KL-PER-01
2016-12-05,0.95,0.2,KL-PER-01
2016-12-06,0.92,0.6,KL-PER-01
2016-12-07,0.89,0.3,KL-PER-01
2016-12-08,0.85,0.4,KL-PER-01
2016-12-09,0.81,0.6,KL-PER-01
2016-12-10,0.78,0.0,KL-PER-01
2016-12-11,0.75,0.0,KL-PER-01
2016-12-12,0.72,0.0,KL-PER-01
2016-12-13,0.7,11.7,KL-PER-01
2016-12-14,0.7,2.1,KL-PER-01
2016-12-15,0.69,0.7,KL-PER-01
2016-12-16,0.67,0.0,KL-PER-01
2016-12-17,0.64,0.0,KL-PER-01
2016-12-18,0.63,0.0,KL-PER-01
2016-12-19,0.61,0.0,KL-PER-01
2016-12-20,0.59,0.0,KL-PER-01
2016-12-21,0.58,0.0,KL-PER-01
2016-12-22,0.56,0.0,KL-PER-01
2016-12-23,0.55,0.0,KL-PER-01
2016-12-24,0.52,0.3,KL-PER-01
2016-12-25,0.52,3.1,KL-PER-01
2016-12-26,0.52,0.0,KL-PER-01
2016-12-27,0.5,0.0,KL-PER-01
2016-12-28,0.49,0.0,KL-PER-01
2016-12-29,0.47,0.0,KL-PER-01
2016-12-30,0.45,0.0,KL-PER-01
2016-12-31,0.44,0.0,KL-PER-01
2017-01-01,0.44,0.0,KL-PER-01
2017-01-02,0.42,0.0,KL-PER-01
2017-01-03,0.41,0.0,KL-PER-01
2017-01-04,0.41,0.1,KL-PER-01
2017-01-05,0.39,0.4,KL-PER-01
2017-01-06,0.39,0.9,KL-PER-01
2017-01-07,0.37,0.0,KL-PER-01
2017-01-08,0.37,0.4,KL-PER-01
2017-01-09,0.36,0.8,KL-PER-01
2017-01-10,0.36,0.3,KL-PER-01
2017-01-11,0.34,0.0,KL-PER-01
2017-01-12,0.34,0.2,KL-PER-01
2017-01-13,0.34,1.5,KL-PER-01
2017-01-14,0.34,0.0,KL-PER-01
2017-01-15,0.34,0.0,KL-PER-01
2017-01-16,0.34,0.0,KL-PER-01
2017-01-17,0.34,0.0,KL-PER-01
2017-01-18,0.34,0.0,KL-PER-01
2017-01-19,0.34,0.0,KL-PER-01
2017-01-20,0.31,0.0,KL-PER-01
2017-01-21,0.31,0.0,KL-PER-01
2017-01-22,0.34,6.2,KL-PER-01
2017-01-23,0.34,0.0,KL-PER-01
2017-01-24,0.34,0.0,KL-PER-01
2017-01-25,0.34,1.3,KL-PER-01
2017-01-26,0.31,0.9,KL-PER-01
2017-01-27,0.37,14.4,KL-PER-01
2017-01-28,0.53,25.5,KL-PER-01
2017-01-29,0.66,1.5,KL-PER-01
2017-01-30,0.66,1.5,KL-PER-01
2017-01-31,0.66,0.0,KL-PER-01
2017-02-01,0.63,0.0,KL-PER-01
2017-02-02,0.59,0.0,KL-PER-01
2017-02-03,0.56,0.0,KL-PER-01
2017-02-04,0.56,0.0,KL-PER-01
2017-02-05,0.53,0.0,KL-PER-01
2017-02-06,0.5,0.3,KL-PER-01
2017-02-07,0.5,0.6,KL-PER-01
2017-02-08,0.47,0.4,KL-PER-01
2017-02-09,0.47,0.0,KL-PER-01
2017-02-10,0.47,0.3,KL-PER-01
2017-02-11,0.44,0.3,KL-PER-01
2017-02-12,0.44,0.0,KL-PER-01
2017-02-13,0.41,0.0,KL-PER-01
2017-02-14,0.41,0.2,KL-PER-01
2017-02-15,0.41,0.0,KL-PER-01
2017-02-16,0.37,0.0,KL-PER-01
2017-02-17,0.37,0.0,KL-PER-01
2017-02-18,0.37,0.0,KL-PER-01
2017-02-19,0.37,0.0,KL-PER-01
2017-02-20,0.34,0.0,KL-PER-01
2017-02-21,0.34,1.2,KL-PER-01
2017-02-22,0.34,0.0,KL-PER-01
2017-02-23,0.34,0.7,KL-PER-01
2017-02-24,0.34,1.4,KL-PER-01
2017-02-25,0.34,0.1,KL-PER-01
2017-02-26,0.34,1.9,KL-PER-01
2017-02-27,0.34,0.1,KL-PER-01
2017-02-28,0.31,0.0,KL-PER-01
2017-03-01,0.31,0.0,KL-PER-01
2017-03-02,0.31,0.0,KL-PER-01
2017-03-03,0.34,2.2,KL-PER-01
2017-03-04,0.37,29.1,KL-PER-01
2017-03-05,0.47,4.6,KL-PER-01
2017-03-06,0.5,2.4,KL-PER-01
2017-03-07,0.53,23.2,KL-PER-01
2017-03-08,0.56,15.7,KL-PER-01
2017-03-09,0.63,17.6,KL-PER-01
2017-03-10,0.66,11.5,KL-PER-01
2017-03-11,0.72,0.6,KL-PER-01
2017-03-12,0.69,0.5,KL-PER-01
2017-03-13,0.66,4.1,KL-PER-01
2017-03-14,0.63,12.4,KL-PER-01
2017-03-15,0.69,21.9,KL-PER-01
2017-03-16,0.87,11.7,KL-PER-01
2017-03-17,1.0,2.9,KL-PER-01
2017-03-18,1.0,7.9,KL-PER-01
2017-03-19,0.97,2.4,KL-PER-01
2017-03-20,0.94,8.5,KL-PER-01
2017-03-21,0.91,2.1,KL-PER-01
2017-03-22,0.91,7.7,KL-PER-01
2017-03-23,0.87,1.7,KL-PER-01
2017-03-24,0.87,0.8,KL-PER-01
2017-03-25,0.85,2.2,KL-PER-01
2017-03-26,0.81,3.2,KL-PER-01
2017-03-27,0.81,0.4,KL-PER-01
2017-03-28,0.78,0.4,KL-PER-01
2017-03-29,0.75,2.8,KL-PER-01
2017-03-30,0.72,1.4,KL-PER-01
2017-03-31,0.72,2.8,KL-PER-01
2017-04-01,0.72,0.4,KL-PER-01
2017-04-02,0.72,5.4,KL-PER-01
2017-04-03,0.72,1.8,KL-PER-01
2017-04-04,0.72,11.2,KL-PER-01
2017-04-05,0.72,8.3,KL-PER-01
2017-04-06,0.78,21.6,KL-PER-01
2017-04-07,0.85,0.8,KL-PER-01
2017-04-08,0.85,16.6,KL-PER-01
2017-04-09,0.97,12.1,KL-PER-01
2017-04-10,1.0,3.8,KL-PER-01
2017-04-11,1.03,6.9,KL-PER-01
2017-04-12,1.06,13.2,KL-PER-01
2017-04-13,1.09,19.8,KL-PER-01
2017-04-14,1.16,10.2,KL-PER-01
2017-04-15,1.12,10.6,KL-PER-01
2017-04-16,1.12,5.5,KL-PER-01
2017-04-17,1.09,5.9,KL-PER-01
2017-04-18,1.06,6.8,KL-PER-01
2017-04-19,1.0,8.8,KL-PER-01
2017-04-20,0.97,19.8,KL-PER-01
2017-04-21,1.0,7.1,KL-PER-01
2017-04-22,1.03,6.7,KL-PER-01
2017-04-23,1.06,13.8,KL-PER-01
2017-04-24,1.03,5.5,KL-PER-01
2017-04-25,1.03,2.3,KL-PER-01
2017-04-26,1.03,7.2,KL-PER-01
2017-04-27,1.0,1.7,KL-PER-01
2017-04-28,0.97,3.1,KL-PER-01
2017-04-29,0.97,5.1,KL-PER-01
2017-04-30,0.97,3.3,KL-PER-01
2017-05-01,0.94,18.8,KL-PER-01
2017-05-02,0.97,21.5,KL-PER-01
2017-05-03,0.97,11.8,KL-PER-01
2017-05-04,1.0,4.5,KL-PER-01
2017-05-05,1.0,13.2,KL-PER-01
2017-05-06,1.0,19.0,KL-PER-01
2017-05-07,1.0,38.8,KL-PER-01
2017-05-08,1.12,12.8,KL-PER-01
2017-05-09,1.09,8.2,KL-PER-01
2017-05-10,1.06,29.9,KL-PER-01
2017-05-11,1.12,16.5,KL-PER-01
2017-05-12,1.09,37.1,KL-PER-01
2017-05-13,1.16,22.0,KL-PER-01
2017-05-14,1.19,14.8,KL-PER-01
2017-05-15,1.25,5.2,KL-PER-01
2017-05-16,1.22,15.6,KL-PER-01
2017-05-17,1.22,9.5,KL-PER-01
2017-05-18,1.22,28.5,KL-PER-01
2017-05-19,1.47,0.4,KL-PER-01
2017-05-20,1.44,34.2,KL-PER-01
2017-05-21,1.47,28.8,KL-PER-01
2017-05-22,1.65,35.0,KL-PER-01
2017-05-23,1.78,12.1,KL-PER-01
2017-05-24,1.81,11.4,KL-PER-01
2017-05-25,2.0,39.9,KL-PER-01
2017-05-26,2.28,7.4,KL-PER-01
2017-05-27,2.31,8.9,KL-PER-01
2017-05-28,2.18,21.2,KL-PER-01
2017-05-29,2.47,23.9,KL-PER-01
2017-05-30,3.47,55.8,KL-PER-01
2017-05-31,3.81,13.4,KL-PER-01
2017-06-01,4.94,50.7,KL-PER-01
2017-06-02,6.24,37.1,KL-PER-01
2017-06-03,7.15,30.7,KL-PER-01
2017-06-04,6.85,32.0,KL-PER-01
2017-06-05,6.28,17.2,KL-PER-01
2017-06-06,5.9,27.3,KL-PER-01
2017-06-07,5.75,17.8,KL-PER-01
2017-06-08,5.62,6.2,KL-PER-01
2017-06-09,5.25,9.2,KL-PER-01
2017-06-10,5.81,43.4,KL-PER-01
2017-06-11,6.03,21.1,KL-PER-01
2017-06-12,5.71,20.3,KL-PER-01
2017-06-13,5.44,12.9,KL-PER-01
2017-06-14,5.22,7.3,KL-PER-01
2017-06-15,4.9,5.2,KL-PER-01
2017-06-16,4.66,18.7,KL-PER-01
2017-06-17,4.47,12.9,KL-PER-01
2017-06-18,4.22,12.8,KL-PER-01
2017-06-19,3.97,14.0,KL-PER-01
2017-06-20,3.79,7.0,KL-PER-01
2017-06-21,3.62,16.2,KL-PER-01
2017-06-22,3.52,16.5,KL-PER-01
2017-06-23,3.46,30.5,KL-PER-01
2017-06-24,3.53,30.6,KL-PER-01
2017-06-25,3.79,25.8,KL-PER-01
2017-06-26,4.62,32.6,KL-PER-01
2017-06-27,5.76,43.6,KL-PER-01
2017-06-28,5.84,14.1,KL-PER-01
2017-06-29,5.44,8.3,KL-PER-01
2017-06-30,5.07,9.7,KL-PER-01
2017-07-01,5.03,22.8,KL-PER-01
2017-07-02,5.1,24.4,KL-PER-01
2017-07-03,5.03,12.2,KL-PER-01
2017-07-04,4.86,3.9,KL-PER-01
2017-07-05,4.56,7.1,KL-PER-01
2017-07-06,4.33,10.0,KL-PER-01
2017-07-07,4.14,14.6,KL-PER-01
2017-07-08,3.95,23.4,KL-PER-01
2017-07-09,3.76,14.2,KL-PER-01
2017-07-10,3.61,16.9,KL-PER-01
2017-07-11,3.52,14.8,KL-PER-01
2017-07-12,3.43,4.7,KL-PER-01
2017-07-13,3.22,9.1,KL-PER-01
2017-07-14,3.11,5.5,KL-PER-01
2017-07-15,2.97,12.6,KL-PER-01
2017-07-16,2.86,12.5,KL-PER-01
2017-07-17,2.79,22.8,KL-PER-01
2017-07-18,2.78,27.9,KL-PER-01
2017-07-19,2.85,25.0,KL-PER-01
2017-07-20,3.27,23.0,KL-PER-01
2017-07-21,3.59,17.2,KL-PER-01
2017-07-22,3.58,4.0,KL-PER-01
2017-07-23,3.36,1.9,KL-PER-01
2017-07-24,3.16,2.1,KL-PER-01
2017-07-25,2.97,0.9,KL-PER-01
2017-07-26,2.78,6.4,KL-PER-01
2017-07-27,2.64,11.8,KL-PER-01
2017-07-28,2.56,28.7,KL-PER-01
2017-07-29,2.5,5.3,KL-PER-01
2017-07-30,2.37,10.8,KL-PER-01
2017-07-31,2.28,23.6,KL-PER-01
2017-08-01,2.27,19.2,KL-PER-01
2017-08-02,2.16,14.0,KL-PER-01
2017-08-03,2.13,44.6,KL-PER-01
2017-08-04,2.24,27.1,KL-PER-01
2017-08-05,2.39,27.2,KL-PER-01
2017-08-06,2.5,19.3,KL-PER-01
2017-08-07,2.53,20.1,KL-PER-01
2017-08-08,2.61,8.2,KL-PER-01
2017-08-09,2.52,17.5,KL-PER-01
2017-08-10,2.48,23.0,KL-PER-01
2017-08-11,2.45,26.1,KL-PER-01
2017-08-12,2.5,1.1,KL-PER-01
2017-08-13,2.36,1.9,KL-PER-01
2017-08-14,2.25,15.7,KL-PER-01
2017-08-15,2.16,5.4,KL-PER-01
2017-08-16,2.14,19.9,KL-PER-01
2017-08-17,2.13,25.6,KL-PER-01
2017-08-18,2.27,26.2,KL-PER-01
2017-08-19,2.57,28.2,KL-PER-01
2017-08-20,2.71,32.2,KL-PER-01
2017-08-21,3.29,25.5,KL-PER-01
2017-08-22,3.66,19.7,KL-PER-01
2017-08-23,3.7,10.3,KL-PER-01
2017-08-24,3.48,4.6,KL-PER-01
2017-08-25,3.33,4.6,KL-PER-01
2017-08-26,3.16,18.3,KL-PER-01
2017-08-27,3.48,30.5,KL-PER-01
2017-08-28,4.75,43.7,KL-PER-01
2017-08-29,5.27,38.9,KL-PER-01
2017-08-30,5.1,18.6,KL-PER-01
2017-08-31,4.77,0.7,KL-PER-01
2017-09-01,4.37,9.3,KL-PER-01
2017-09-02,4.16,21.4,KL-PER-01
2017-09-03,4.0,33.1,KL-PER-01
2017-09-04,3.91,17.2,KL-PER-01
2017-09-05,3.78,34.8,KL-PER-01
2017-09-06,3.76,18.6,KL-PER-01
2017-09-07,3.67,17.1,KL-PER-01
2017-09-08,3.62,16.0,KL-PER-01
2017-09-09,3.54,11.4,KL-PER-01
2017-09-10,3.51,13.7,KL-PER-01
2017-09-11,3.32,10.2,KL-PER-01
2017-09-12,3.19,10.7,KL-PER-01
2017-09-13,3.08,40.9,KL-PER-01
2017-09-14,3.17,14.1,KL-PER-01
2017-09-15,3.21,19.7,KL-PER-01
2017-09-16,3.63,36.6,KL-PER-01
2017-09-17,6.11,70.5,KL-PER-01
2017-09-18,6.23,19.7,KL-PER-01
2017-09-19,5.58,13.2,KL-PER-01
2017-09-20,5.1,7.6,KL-PER-01
2017-09-21,4.73,7.3,KL-PER-01
2017-09-22,4.4,0.7,KL-PER-01
2017-09-23,4.06,0.4,KL-PER-01
2017-09-24,3.81,2.7,KL-PER-01
2017-09-25,3.55,8.3,KL-PER-01
2017-09-26,3.36,16.2,KL-PER-01
2017-09-27,3.24,22.0,KL-PER-01
2017-09-28,3.23,24.3,KL-PER-01
2017-09-29,3.34,8.7,KL-PER-01
2017-09-30,3.23,4.2,KL-PER-01
2017-10-01,3.07,8.2,KL-PER-01
2017-10-02,2.94,14.0,KL-PER-01
2017-10-03,2.8,4.5,KL-PER-01
2017-10-04,2.64,13.5,KL-PER-01
2017-10-05,2.51,49.5,KL-PER-01
2017-10-06,2.48,42.1,KL-PER-01
2017-10-07,2.45,6.9,KL-PER-01
2017-10-08,2.38,13.0,KL-PER-01
2017-10-09,2.27,6.9,KL-PER-01
2017-10-10,2.15,9.0,KL-PER-01
2017-10-11,2.04,8.7,KL-PER-01
2017-10-12,1.97,16.8,KL-PER-01
2017-10-13,1.96,25.8,KL-PER-01
2017-10-14,2.13,32.4,KL-PER-01
2017-10-15,2.11,10.2,KL-PER-01
2017-10-16,2.01,24.5,KL-PER-01
2017-10-17,2.21,16.1,KL-PER-01
2017-10-18,2.52,4.1,KL-PER-01
2017-10-19,2.5,1.9,KL-PER-01
2017-10-20,2.38,2.8,KL-PER-01
2017-10-21,2.29,96.2,KL-PER-01
2017-10-22,2.28,15.5,KL-PER-01
2017-10-23,2.18,0.0,KL-PER-01
2017-10-24,2.05,0.0,KL-PER-01
2017-10-25,1.94,4.1,KL-PER-01
2017-10-26,2.64,32.5,KL-PER-01
2017-10-27,2.99,35.8,KL-PER-01
2017-10-28,3.07,1.4,KL-PER-01
2017-10-29,3.12,1.5,KL-PER-01
2017-10-30,2.99,9.4,KL-PER-01
2017-10-31,2.87,2.8,KL-PER-01
2017-11-01,2.85,5.2,KL-PER-01
2017-11-02,2.84,11.1,KL-PER-01
2017-11-03,2.78,0.8,KL-PER-01
2017-11-04,2.73,9.4,KL-PER-01
2017-11-05,2.78,14.3,KL-PER-01
2017-11-06,2.9,13.7,KL-PER-01
2017-11-07,2.92,8.0,KL-PER-01
2017-11-08,2.9,13.3,KL-PER-01
2017-11-09,2.95,1.4,KL-PER-01
2017-11-10,2.83,2.9,KL-PER-01
2017-11-11,2.66,1.2,KL-PER-01
2017-11-12,2.52,2.2,KL-PER-01
2017-11-13,2.37,0.0,KL-PER-01
2017-11-14,2.24,1.2,KL-PER-01
2017-11-15,2.11,1.1,KL-PER-01
2017-11-16,1.99,0.0,KL-PER-01
2017-11-17,1.88,2.4,KL-PER-01
2017-11-18,1.78,11.2,KL-PER-01
2017-11-19,1.7,13.1,KL-PER-01
2017-11-20,1.73,5.2,KL-PER-01
2017-11-21,1.74,5.7,KL-PER-01
2017-11-22,1.68,3.7,KL-PER-01
2017-11-23,1.64,0.0,KL-PER-01
2017-11-24,1.56,2.2,KL-PER-01
2017-11-25,1.48,1.2,KL-PER-01
2017-11-26,1.47,1.4,KL-PER-01
2017-11-27,1.48,12.3,KL-PER-01
2017-11-28,1.47,0.0,KL-PER-01
2017-11-29,1.42,9.7,KL-PER-01
2017-11-30,1.39,10.3,KL-PER-01
2017-12-01,1.53,19.3,KL-PER-01
2017-12-02,1.67,0.2,KL-PER-01
2017-12-03,1.61,0.6,KL-PER-01
2017-12-04,1.53,0.0,KL-PER-01
2017-12-05,1.45,0.7,KL-PER-01
2017-12-06,1.38,0.9,KL-PER-01
2017-12-07,1.31,0.9,KL-PER-01
2017-12-08,1.26,3.5,KL-PER-01
2017-12-09,1.22,1.1,KL-PER-01
2017-12-10,1.17,0.9,KL-PER-01
2017-12-11,1.12,0.5,KL-PER-01
2017-12-12,1.09,3.0,KL-PER-01
2017-12-13,1.06,9.7,KL-PER-01
2017-12-14,1.09,3.5,KL-PER-01
2017-12-15,1.09,0.0,KL-PER-01
2017-12-16,1.06,0.1,KL-PER-01
2017-12-17,1.0,0.0,KL-PER-01
2017-12-18,0.95,0.0,KL-PER-01
2017-12-19,0.91,0.0,KL-PER-01
2017-12-20,0.87,0.5,KL-PER-01
2017-12-21,0.83,0.3,KL-PER-01
2017-12-22,0.8,0.0,KL-PER-01
2017-12-23,0.77,0.1,KL-PER-01
2017-12-24,0.73,0.0,KL-PER-01
2017-12-25,0.7,0.0,KL-PER-01
2017-12-26,0.67,0.2,KL-PER-01
2017-12-27,0.66,0.0,KL-PER-01
2017-12-28,0.63,0.0,KL-PER-01
2017-12-29,0.61,0.0,KL-PER-01
2017-12-30,0.58,0.3,KL-PER-01
2017-12-31,0.56,0.1,KL-PER-01
2018-01-01,0.55,0.0,KL-PER-01
2018-01-02,0.53,0.0,KL-PER-01
2018-01-03,0.5,0.4,KL-PER-01
2018-01-04,0.49,0.4,KL-PER-01
2018-01-05,0.49,0.0,KL-PER-01
2018-01-06,0.47,0.0,KL-PER-01
2018-01-07,0.45,0.2,KL-PER-01
2018-01-08,0.45,0.0,KL-PER-01
2018-01-09,0.44,0.0,KL-PER-01
2018-01-10,0.42,1.5,KL-PER-01
2018-01-11,0.42,0.0,KL-PER-01
2018-01-12,0.41,0.0,KL-PER-01
2018-01-13,0.39,0.0,KL-PER-01
2018-01-14,0.39,0.0,KL-PER-01
2018-01-15,0.37,0.0,KL-PER-01
2018-01-16,0.37,0.4,KL-PER-01
2018-01-17,0.37,0.8,KL-PER-01
2018-01-18,0.36,0.0,KL-PER-01
2018-01-19,0.36,0.0,KL-PER-01
2018-01-20,0.36,0.0,KL-PER-01
2018-01-21,0.36,0.1,KL-PER-01
2018-01-22,0.34,0.8,KL-PER-01
2018-01-23,0.34,2.0,KL-PER-01
2018-01-24,0.34,0.4,KL-PER-01
2018-01-25,0.34,1.5,KL-PER-01
2018-01-26,0.34,0.3,KL-PER-01
2018-01-27,0.34,0.4,KL-PER-01
2018-01-28,0.34,0.1,KL-PER-01
2018-01-29,0.34,0.0,KL-PER-01
2018-01-30,0.34,0.0,KL-PER-01
2018-01-31,0.34,0.0,KL-PER-01
2018-02-01,0.34,0.0,KL-PER-01
2018-02-02,0.34,0.0,KL-PER-01
2018-02-03,0.34,0.0,KL-PER-01
2018-02-04,0.34,0.0,KL-PER-01
2018-02-05,0.34,0.0,KL-PER-01
2018-02-06,0.34,1.8,KL-PER-01
2018-02-07,0.34,5.3,KL-PER-01
2018-02-08,0.34,10.4,KL-PER-01
2018-02-09,0.34,15.9,KL-PER-01
2018-02-10,0.37,1.1,KL-PER-01
2018-02-11,0.37,2.5,KL-PER-01
2018-02-12,0.37,0.4,KL-PER-01
2018-02-13,0.37,0.0,KL-PER-01
2018-02-14,0.37,0.0,KL-PER-01
2018-02-15,0.37,0.0,KL-PER-01
2018-02-16,0.37,0.0,KL-PER-01
2018-02-17,0.34,0.3,KL-PER-01
2018-02-18,0.34,0.2,KL-PER-01
2018-02-19,0.34,0.0,KL-PER-01
2018-02-20,0.34,0.0,KL-PER-01
2018-02-21,0.34,0.2,KL-PER-01
2018-02-22,0.34,1.6,KL-PER-01
2018-02-23,0.34,0.7,KL-PER-01
2018-02-24,0.34,0.0,KL-PER-01
2018-02-25,0.34,0.0,KL-PER-01
2018-02-26,0.34,0.0,KL-PER-01
2018-02-27,0.34,0.1,KL-PER-01
2018-02-28,0.31,0.1,KL-PER-01
2018-03-01,0.31,0.0,KL-PER-01
2018-03-02,0.31,1.0,KL-PER-01
2018-03-03,0.31,0.0,KL-PER-01
2018-03-04,0.31,1.2,KL-PER-01
2018-03-05,0.31,0.0,KL-PER-01
2018-03-06,0.31,0.6,KL-PER-01
2018-03-07,0.31,1.0,KL-PER-01
2018-03-08,0.31,1.4,KL-PER-01
2018-03-09,0.31,0.5,KL-PER-01
2018-03-10,0.31,0.0,KL-PER-01
2018-03-11,0.31,0.0,KL-PER-01
2018-03-12,0.31,0.4,KL-PER-01
2018-03-13,0.34,11.3,KL-PER-01
2018-03-14,0.34,2.4,KL-PER-01
2018-03-15,0.34,23.1,KL-PER-01
2018-03-16,0.34,10.0,KL-PER-01
2018-03-17,0.34,4.9,KL-PER-01
2018-03-18,0.34,7.6,KL-PER-01
2018-03-19,0.34,12.9,KL-PER-01
2018-03-20,0.34,0.5,KL-PER-01
2018-03-21,0.34,3.4,KL-PER-01
2018-03-22,0.34,11.3,KL-PER-01
2018-03-23,0.34,3.0,KL-PER-01
2018-03-24,0.34,0.0,KL-PER-01
2018-03-25,0.34,0.0,KL-PER-01
2018-03-26,0.34,1.4,KL-PER-01
2018-03-27,0.34,5.2,KL-PER-01
2018-03-28,0.34,6.4,KL-PER-01
2018-03-29,0.34,2.6,KL-PER-01
2018-03-30,0.34,2.6,KL-PER-01
2018-03-31,0.34,0.2,KL-PER-01
2018-04-01,0.34,22.6,KL-PER-01
2018-04-02,0.37,9.9,KL-PER-01
2018-04-03,0.37,10.7,KL-PER-01
2018-04-04,0.41,2.4,KL-PER-01
2018-04-05,0.41,3.2,KL-PER-01
2018-04-06,0.41,1.6,KL-PER-01
2018-04-07,0.41,3.7,KL-PER-01
2018-04-08,0.41,2.5,KL-PER-01
2018-04-09,0.41,1.9,KL-PER-01
2018-04-10,0.37,10.9,KL-PER-01
2018-04-11,0.37,6.4,KL-PER-01
2018-04-12,0.41,10.8,KL-PER-01
2018-04-13,0.41,11.9,KL-PER-01
2018-04-14,0.44,12.5,KL-PER-01
2018-04-15,0.5,27.2,KL-PER-01
2018-04-16,0.59,9.3,KL-PER-01
2018-04-17,0.59,8.0,KL-PER-01
2018-04-18,0.59,9.6,KL-PER-01
2018-04-19,0.56,5.8,KL-PER-01
2018-04-20,0.59,6.3,KL-PER-01
2018-04-21,0.63,31.0,KL-PER-01
2018-04-22,0.66,10.3,KL-PER-01
2018-04-23,0.66,6.8,KL-PER-01
2018-04-24,0.66,7.5,KL-PER-01
2018-04-25,0.66,2.7,KL-PER-01
2018-04-26,0.69,0.4,KL-PER-01
2018-04-27,0.66,1.1,KL-PER-01
2018-04-28,0.69,2.8,KL-PER-01
2018-04-29,0.69,7.4,KL-PER-01
2018-04-30,0.69,8.4,KL-PER-01
2018-05-01,0.72,12.7,KL-PER-01
2018-05-02,0.69,1.7,KL-PER-01
2018-05-03,0.72,5.2,KL-PER-01
2018-05-04,0.72,13.4,KL-PER-01
2018-05-05,0.78,17.4,KL-PER-01
2018-05-06,0.81,15.1,KL-PER-01
2018-05-07,0.85,8.9,KL-PER-01
2018-05-08,0.81,27.7,KL-PER-01
2018-05-09,0.87,22.5,KL-PER-01
2018-05-10,0.97,18.7,KL-PER-01
2018-05-11,1.09,44.0,KL-PER-01
2018-05-12,1.19,23.5,KL-PER-01
2018-05-13,1.31,36.0,KL-PER-01
2018-05-14,1.31,12.2,KL-PER-01
2018-05-15,1.28,15.2,KL-PER-01
2018-05-16,1.34,5.3,KL-PER-01
2018-05-17,1.44,27.1,KL-PER-01
2018-05-18,1.53,6.7,KL-PER-01
2018-05-19,1.56,8.3,KL-PER-01
2018-05-20,1.5,9.3,KL-PER-01
2018-05-21,1.56,8.7,KL-PER-01
2018-05-22,1.56,18.4,KL-PER-01
2018-05-23,1.56,27.2,KL-PER-01
2018-05-24,1.69,14.5,KL-PER-01
2018-05-25,2.31,36.4,KL-PER-01
2018-05-26,2.81,25.6,KL-PER-01
2018-05-27,2.97,14.9,KL-PER-01
2018-05-28,3.59,54.7,KL-PER-01
2018-05-29,3.88,13.6,KL-PER-01
2018-05-30,3.66,12.1,KL-PER-01
2018-05-31,3.5,6.2,KL-PER-01
2018-06-01,3.25,16.8,KL-PER-01
2018-06-02,3.12,22.8,KL-PER-01
2018-06-03,3.19,37.9,KL-PER-01
2018-06-04,3.35,12.5,KL-PER-01
2018-06-05,3.35,17.8,KL-PER-01
2018-06-06,3.35,22.7,KL-PER-01
2018-06-07,3.56,32.4,KL-PER-01
2018-06-08,4.15,35.6,KL-PER-01
2018-06-09,5.31,47.9,KL-PER-01
2018-06-10,6.03,42.3,KL-PER-01
2018-06-11,6.43,49.3,KL-PER-01
2018-06-12,6.43,29.4,KL-PER-01
2018-06-13,6.31,31.8,KL-PER-01
2018-06-14,6.31,31.6,KL-PER-01
2018-06-15,6.16,24.3,KL-PER-01
2018-06-16,5.87,22.8,KL-PER-01
2018-06-17,5.65,16.7,KL-PER-01
2018-06-18,5.41,25.3,KL-PER-01
2018-06-19,5.28,43.0,KL-PER-01
2018-06-20,5.59,51.9,KL-PER-01
2018-06-21,6.21,25.3,KL-PER-01
2018-06-22,6.57,42.2,KL-PER-01
2018-06-23,6.46,29.2,KL-PER-01
2018-06-24,6.24,17.8,KL-PER-01
2018-06-25,5.93,36.0,KL-PER-01
2018-06-26,5.84,18.2,KL-PER-01
2018-06-27,5.65,35.6,KL-PER-01
2018-06-28,5.65,25.2,KL-PER-01
2018-06-29,5.84,31.6,KL-PER-01
2018-06-30,5.9,31.0,KL-PER-01
2018-07-01,5.59,19.4,KL-PER-01
2018-07-02,5.41,21.2,KL-PER-01
2018-07-03,5.22,8.4,KL-PER-01
2018-07-04,4.94,2.0,KL-PER-01
2018-07-05,4.64,13.0,KL-PER-01
2018-07-06,4.4,5.1,KL-PER-01
2018-07-07,4.2,23.2,KL-PER-01
2018-07-08,4.31,26.2,KL-PER-01
2018-07-09,4.68,35.2,KL-PER-01
2018-07-10,5.41,47.1,KL-PER-01
2018-07-11,6.01,31.4,KL-PER-01
2018-07-12,6.05,25.5,KL-PER-01
2018-07-13,6.03,54.9,KL-PER-01
2018-07-14,6.06,46.3,KL-PER-01
2018-07-15,6.89,66.2,KL-PER-01
2018-07-16,7.87,53.0,KL-PER-01
2018-07-17,7.85,35.9,KL-PER-01
2018-07-18,7.65,34.6,KL-PER-01
2018-07-19,7.63,65.1,KL-PER-01
2018-07-20,7.53,18.9,KL-PER-01
2018-07-21,7.26,20.8,KL-PER-01
2018-07-22,6.94,20.5,KL-PER-01
2018-07-23,6.59,29.2,KL-PER-01
2018-07-24,6.36,34.8,KL-PER-01
2018-07-25,6.16,37.4,KL-PER-01
2018-07-26,5.93,29.7,KL-PER-01
2018-07-27,5.64,12.1,KL-PER-01
2018-07-28,5.35,20.8,KL-PER-01
2018-07-29,5.11,21.7,KL-PER-01
2018-07-30,4.94,34.4,KL-PER-01
2018-07-31,4.83,18.6,KL-PER-01
2018-08-01,4.68,9.3,KL-PER-01
2018-08-02,4.42,12.9,KL-PER-01
2018-08-03,4.22,3.3,KL-PER-01
2018-08-04,4.01,8.0,KL-PER-01
2018-08-05,3.8,11.1,KL-PER-01
2018-08-06,3.65,18.2,KL-PER-01
2018-08-07,3.55,32.3,KL-PER-01
2018-08-08,3.73,53.1,KL-PER-01
2018-08-09,3.94,25.9,KL-PER-01
2018-08-10,3.88,18.9,KL-PER-01
2018-08-11,3.86,18.8,KL-PER-01
2018-08-12,3.8,23.3,KL-PER-01
2018-08-13,3.97,34.8,KL-PER-01
2018-08-14,6.26,116.0,KL-PER-01
2018-08-15,12.43,168.3,KL-PER-01
2018-08-16,13.96,72.5,KL-PER-01
2018-08-17,12.68,49.3,KL-PER-01
2018-08-18,11.33,48.3,KL-PER-01
2018-08-19,10.27,25.5,KL-PER-01
2018-08-20,9.45,13.6,KL-PER-01
2018-08-21,8.79,5.4,KL-PER-01
2018-08-22,8.14,1.9,KL-PER-01
2018-08-23,7.57,5.2,KL-PER-01
2018-08-24,7.05,2.8,KL-PER-01
2018-08-25,6.57,3.3,KL-PER-01
2018-08-26,6.13,11.0,KL-PER-01
2018-08-27,5.78,18.5,KL-PER-01
2018-08-28,5.49,9.0,KL-PER-01
2018-08-29,5.32,3.0,KL-PER-01
2018-08-30,5.05,4.1,KL-PER-01
2018-08-31,4.77,10.6,KL-PER-01
2018-09-01,4.68,4.5,KL-PER-01
2018-09-02,4.42,2.7,KL-PER-01
2018-09-03,4.18,0.9,KL-PER-01
2018-09-04,3.92,0.6,KL-PER-01
2018-09-05,3.67,0.8,KL-PER-01
2018-09-06,3.47,2.2,KL-PER-01
2018-09-07,3.29,2.7,KL-PER-01
2018-09-08,3.11,0.9,KL-PER-01
2018-09-09,2.92,0.1,KL-PER-01
2018-09-10,2.75,0.0,KL-PER-01
2018-09-11,2.6,0.1,KL-PER-01
2018-09-12,2.44,0.0,KL-PER-01
2018-09-13,2.3,0.1,KL-PER-01
2018-09-14,2.16,0.0,KL-PER-01
2018-09-15,2.03,0.0,KL-PER-01
2018-09-16,1.92,4.9,KL-PER-01
2018-09-17,1.89,7.9,KL-PER-01
2018-09-18,1.81,11.1,KL-PER-01
2018-09-19,1.75,7.9,KL-PER-01
2018-09-20,1.7,8.1,KL-PER-01
2018-09-21,1.64,0.6,KL-PER-01
2018-09-22,1.56,0.7,KL-PER-01
2018-09-23,1.48,28.4,KL-PER-01
2018-09-24,1.46,22.6,KL-PER-01
2018-09-25,1.47,2.4,KL-PER-01
2018-09-26,1.42,32.0,KL-PER-01
2018-09-27,1.48,11.4,KL-PER-01
2018-09-28,1.62,24.0,KL-PER-01
2018-09-29,1.82,8.2,KL-PER-01
2018-09-30,1.89,17.9,KL-PER-01
2018-10-01,1.95,38.5,KL-PER-01
2018-10-02,1.95,5.6,KL-PER-01
2018-10-03,1.94,32.3,KL-PER-01
2018-10-04,2.36,14.4,KL-PER-01
2018-10-05,3.12,13.4,KL-PER-01
2018-10-06,3.42,107.5,KL-PER-01
2018-10-07,3.36,18.6,KL-PER-01
2018-10-08,3.4,27.2,KL-PER-01
2018-10-09,3.49,14.3,KL-PER-01
2018-10-10,3.43,12.5,KL-PER-01
2018-10-11,3.36,3.5,KL-PER-01
2018-10-12,3.25,9.2,KL-PER-01
2018-10-13,3.14,11.7,KL-PER-01
2018-10-14,3.07,15.5,KL-PER-01
2018-10-15,3.12,12.3,KL-PER-01
2018-10-16,3.04,50.3,KL-PER-01
2018-10-17,3.07,10.8,KL-PER-01
2018-10-18,2.92,5.4,KL-PER-01
2018-10-19,2.84,22.5,KL-PER-01
2018-10-20,2.89,10.8,KL-PER-01
2018-10-21,2.97,24.5,KL-PER-01
2018-10-22,3.02,16.7,KL-PER-01
2018-10-23,3.1,0.5,KL-PER-01
2018-10-24,2.94,3.4,KL-PER-01
2018-10-25,2.82,0.3,KL-PER-01
2018-10-26,2.69,0.2,KL-PER-01
2018-10-27,2.54,0.0,KL-PER-01
2018-10-28,2.4,0.0,KL-PER-01
2018-10-29,2.27,1.1,KL-PER-01
2018-10-30,2.15,0.2,KL-PER-01
2018-10-31,2.03,12.2,KL-PER-01
2018-11-01,1.99,4.1,KL-PER-01
2018-11-02,2.03,13.3,KL-PER-01
2018-11-03,2.15,19.6,KL-PER-01
2018-11-04,2.25,0.9,KL-PER-01
2018-11-05,2.14,6.2,KL-PER-01
2018-11-06,2.03,0.7,KL-PER-01
2018-11-07,1.95,0.0,KL-PER-01
2018-11-08,1.86,0.8,KL-PER-01
2018-11-09,1.91,4.7,KL-PER-01
2018-11-10,1.93,1.1,KL-PER-01
2018-11-11,1.84,1.7,KL-PER-01
2018-11-12,1.76,2.3,KL-PER-01
2018-11-13,1.69,1.5,KL-PER-01
2018-11-14,1.62,1.7,KL-PER-01
2018-11-15,1.54,1.6,KL-PER-01
2018-11-16,4.04,159.5,KL-PER-01
2018-11-17,3.98,3.4,KL-PER-01
2018-11-18,3.33,5.2,KL-PER-01
2018-11-19,2.9,31.0,KL-PER-01
2018-11-20,2.65,8.9,KL-PER-01
2018-11-21,2.42,6.0,KL-PER-01
2018-11-22,2.23,4.6,KL-PER-01
2018-11-23,2.11,5.8,KL-PER-01
2018-11-24,2.21,32.4,KL-PER-01
2018-11-25,2.3,1.9,KL-PER-01
2018-11-26,2.16,0.9,KL-PER-01
2018-11-27,2.06,0.0,KL-PER-01
2018-11-28,1.94,0.0,KL-PER-01
2018-11-29,1.84,23.8,KL-PER-01
2018-11-30,2.01,10.2,KL-PER-01
2018-12-01,1.97,0.6,KL-PER-01
2018-12-02,1.86,0.0,KL-PER-01
2018-12-03,1.77,0.1,KL-PER-01
2018-12-04,1.67,15.5,KL-PER-01
2018-12-05,1.64,1.0,KL-PER-01
2018-12-06,1.78,12.5,KL-PER-01
2018-12-07,1.75,0.2,KL-PER-01
2018-12-08,1.65,0.0,KL-PER-01
2018-12-09,1.58,0.1,KL-PER-01
2018-12-10,1.5,0.7,KL-PER-01
2018-12-11,1.42,1.1,KL-PER-01
2018-12-12,1.36,1.4,KL-PER-01
2018-12-13,1.31,0.9,KL-PER-01
2018-12-14,1.26,2.0,KL-PER-01
2018-12-15,1.22,0.9,KL-PER-01
2018-12-16,1.16,0.0,KL-PER-01
2018-12-17,1.09,0.5,KL-PER-01
2018-12-18,1.05,0.0,KL-PER-01
2018-12-19,1.0,0.7,KL-PER-01
2018-12-20,0.95,0.0,KL-PER-01
2018-12-21,0.91,0.0,KL-PER-01
2018-12-22,0.87,0.0,KL-PER-01
2018-12-23,0.97,2.1,KL-PER-01
2018-12-24,0.99,3.9,KL-PER-01
2018-12-25,0.97,0.0,KL-PER-01
2018-12-26,0.95,0.1,KL-PER-01
2018-12-27,0.92,2.8,KL-PER-01
2018-12-28,0.91,8.3,KL-PER-01
2018-12-29,0.89,0.8,KL-PER-01
2018-12-30,0.87,0.4,KL-PER-01
2018-12-31,0.83,0.0,KL-PER-01
2019-01-01,0.81,0.0,KL-PER-01
2019-01-02,0.75,0.0,KL-PER-01
2019-01-03,0.72,0.0,KL-PER-01
2019-01-04,0.69,0.0,KL-PER-01
2019-01-05,0.66,0.0,KL-PER-01
2019-01-06,0.66,0.0,KL-PER-01
2019-01-07,0.63,0.0,KL-PER-01
2019-01-08,0.59,0.0,KL-PER-01
2019-01-09,0.56,0.0,KL-PER-01
2019-01-10,0.56,0.0,KL-PER-01
2019-01-11,0.53,0.0,KL-PER-01
2019-01-12,0.5,0.0,KL-PER-01
2019-01-13,0.5,0.0,KL-PER-01
2019-01-14,0.47,0.0,KL-PER-01
2019-01-15,0.47,0.0,KL-PER-01
2019-01-16,0.44,0.0,KL-PER-01
2019-01-17,0.44,0.0,KL-PER-01
2019-01-18,0.44,0.0,KL-PER-01
2019-01-19,0.41,0.0,KL-PER-01
2019-01-20,0.41,0.0,KL-PER-01
2019-01-21,0.41,0.0,KL-PER-01
2019-01-22,0.37,0.0,KL-PER-01
2019-01-23,0.37,0.0,KL-PER-01
2019-01-24,0.37,0.7,KL-PER-01
2019-01-25,0.37,1.5,KL-PER-01
2019-01-26,0.37,0.2,KL-PER-01
2019-01-27,0.37,0.5,KL-PER-01
2019-01-28,0.37,0.2,KL-PER-01
2019-01-29,0.37,0.8,KL-PER-01
2019-01-30,0.34,0.0,KL-PER-01
2019-01-31,0.34,0.0,KL-PER-01
2019-02-01,0.34,0.0,KL-PER-01
2019-02-02,0.34,0.0,KL-PER-01
2019-02-03,0.34,0.0,KL-PER-01
2019-02-04,0.34,0.4,KL-PER-01
2019-02-05,0.34,0.5,KL-PER-01
2019-02-06,0.34,2.2,KL-PER-01
2019-02-07,0.34,0.9,KL-PER-01
2019-02-08,0.34,1.2,KL-PER-01
2019-02-09,0.34,6.9,KL-PER-01
2019-02-10,0.37,6.1,KL-PER-01
2019-02-11,0.37,0.3,KL-PER-01
2019-02-12,0.37,0.0,KL-PER-01
2019-02-13,0.37,0.0,KL-PER-01
2019-02-14,0.34,0.0,KL-PER-01
2019-02-15,0.34,0.9,KL-PER-01
2019-02-16,0.34,3.4,KL-PER-01
2019-02-17,0.34,0.0,KL-PER-01
2019-02-18,0.34,0.0,KL-PER-01
2019-02-19,0.34,1.1,KL-PER-01
2019-02-20,0.34,0.6,KL-PER-01
2019-02-21,0.34,0.0,KL-PER-01
2019-02-22,0.34,0.0,KL-PER-01
2019-02-23,0.34,0.0,KL-PER-01
2019-02-24,0.34,0.0,KL-PER-01
2019-02-25,0.34,0.0,KL-PER-01
2019-02-26,0.34,0.4,KL-PER-01
2019-02-27,0.34,1.2,KL-PER-01
2019-02-28,0.34,0.4,KL-PER-01
2019-03-01,0.34,0.0,KL-PER-01
2019-03-02,0.34,14.7,KL-PER-01
2019-03-03,0.34,1.4,KL-PER-01
2019-03-04,0.34,0.0,KL-PER-01
2019-03-05,0.34,0.5,KL-PER-01
2019-03-06,0.34,0.0,KL-PER-01
2019-03-07,0.34,0.0,KL-PER-01
2019-03-08,0.34,4.0,KL-PER-01
2019-03-09,0.34,7.9,KL-PER-01
2019-03-10,0.34,0.5,KL-PER-01
2019-03-11,0.34,0.5,KL-PER-01
2019-03-12,0.34,0.2,KL-PER-01
2019-03-13,0.34,0.0,KL-PER-01
2019-03-14,0.34,0.0,KL-PER-01
2019-03-15,0.34,0.0,KL-PER-01
2019-03-16,0.34,0.0,KL-PER-01
2019-03-17,0.34,0.7,KL-PER-01
2019-03-18,0.34,0.6,KL-PER-01
2019-03-19,0.34,1.5,KL-PER-01
2019-03-20,0.34,3.3,KL-PER-01
2019-03-21,0.34,1.1,KL-PER-01
2019-03-22,0.34,0.2,KL-PER-01
2019-03-23,0.34,0.9,KL-PER-01
2019-03-24,0.34,1.0,KL-PER-01
2019-03-25,0.34,2.2,KL-PER-01
2019-03-26,0.34,1.0,KL-PER-01
2019-03-27,0.34,1.9,KL-PER-01
2019-03-28,0.34,0.5,KL-PER-01
2019-03-29,0.34,2.8,KL-PER-01
2019-03-30,0.34,5.7,KL-PER-01
2019-03-31,0.34,3.0,KL-PER-01
2019-04-01,0.34,3.1,KL-PER-01
2019-04-02,0.34,3.7,KL-PER-01
2019-04-03,0.34,1.7,KL-PER-01
2019-04-04,0.34,8.7,KL-PER-01
2019-04-05,0.34,0.9,KL-PER-01
2019-04-06,0.34,4.7,KL-PER-01
2019-04-07,0.34,1.2,KL-PER-01
2019-04-08,0.34,10.3,KL-PER-01
2019-04-09,0.34,4.5,KL-PER-01
2019-04-10,0.34,2.0,KL-PER-01
2019-04-11,0.34,3.5,KL-PER-01
2019-04-12,0.34,1.8,KL-PER-01
2019-04-13,0.34,4.5,KL-PER-01
2019-04-14,0.34,2.4,KL-PER-01
2019-04-15,0.34,1.4,KL-PER-01
2019-04-16,0.34,8.2,KL-PER-01
2019-04-17,0.34,5.1,KL-PER-01
2019-04-18,0.37,44.6,KL-PER-01
2019-04-19,0.41,19.1,KL-PER-01
2019-04-20,0.47,68.2,KL-PER-01
2019-04-21,0.53,3.9,KL-PER-01
2019-04-22,0.56,14.1,KL-PER-01
2019-04-23,0.59,4.1,KL-PER-01
2019-04-24,0.59,0.8,KL-PER-01
2019-04-25,0.63,2.2,KL-PER-01
2019-04-26,0.63,2.1,KL-PER-01
2019-04-27,0.59,4.9,KL-PER-01
2019-04-28,0.59,12.6,KL-PER-01
2019-04-29,0.63,22.5,KL-PER-01
2019-04-30,0.69,25.5,KL-PER-01
2019-05-01,0.72,7.4,KL-PER-01
2019-05-02,0.72,2.8,KL-PER-01
2019-05-03,0.69,0.0,KL-PER-01
2019-05-04,0.66,0.4,KL-PER-01
2019-05-05,0.63,0.3,KL-PER-01
2019-05-06,0.59,3.1,KL-PER-01
2019-05-07,0.63,6.6,KL-PER-01
2019-05-08,0.66,1.5,KL-PER-01
2019-05-09,0.66,6.6,KL-PER-01
2019-05-10,0.69,0.2,KL-PER-01
2019-05-11,0.69,5.2,KL-PER-01
2019-05-12,0.66,11.4,KL-PER-01
2019-05-13,0.66,7.8,KL-PER-01
2019-05-14,0.69,8.6,KL-PER-01
2019-05-15,0.69,15.4,KL-PER-01
2019-05-16,0.72,8.3,KL-PER-01
2019-05-17,0.72,2.6,KL-PER-01
2019-05-18,0.75,1.5,KL-PER-01
2019-05-19,0.72,5.2,KL-PER-01
2019-05-20,0.72,3.5,KL-PER-01
2019-05-21,0.72,1.9,KL-PER-01
2019-05-22,0.72,4.6,KL-PER-01
2019-05-23,0.75,9.8,KL-PER-01
2019-05-24,0.78,26.8,KL-PER-01
2019-05-25,0.81,3.7,KL-PER-01
2019-05-26,0.85,7.6,KL-PER-01
2019-05-27,0.85,6.3,KL-PER-01
2019-05-28,0.87,9.4,KL-PER-01
2019-05-29,0.87,16.6,KL-PER-01
2019-05-30,1.03,28.1,KL-PER-01
2019-05-31,1.06,20.3,KL-PER-01
2019-06-01,1.12,3.0,KL-PER-01
2019-06-02,1.09,18.3,KL-PER-01
2019-06-03,1.12,3.8,KL-PER-01
2019-06-04,1.12,20.4,KL-PER-01
2019-06-05,1.19,71.1,KL-PER-01
2019-06-06,1.31,12.7,KL-PER-01
2019-06-07,1.38,15.3,KL-PER-01
2019-06-08,1.38,16.3,KL-PER-01
2019-06-09,1.38,28.3,KL-PER-01
2019-06-10,1.72,28.6,KL-PER-01
2019-06-11,2.09,28.7,KL-PER-01
2019-06-12,2.31,26.6,KL-PER-01
2019-06-13,2.4,17.3,KL-PER-01
2019-06-14,2.5,15.2,KL-PER-01
2019-06-15,2.44,14.9,KL-PER-01
2019-06-16,2.34,6.5,KL-PER-01
2019-06-17,2.22,10.2,KL-PER-01
2019-06-18,2.13,11.0,KL-PER-01
2019-06-19,2.06,22.3,KL-PER-01
2019-06-20,2.13,28.5,KL-PER-01
2019-06-21,2.28,32.1,KL-PER-01
2019-06-22,2.94,41.4,KL-PER-01
2019-06-23,3.29,28.7,KL-PER-01
2019-06-24,3.19,20.3,KL-PER-01
2019-06-25,3.06,35.1,KL-PER-01
2019-06-26,2.91,8.0,KL-PER-01
2019-06-27,2.75,6.3,KL-PER-01
2019-06-28,2.62,3.7,KL-PER-01
2019-06-29,2.53,6.1,KL-PER-01
2019-06-30,2.47,5.0,KL-PER-01
2019-07-01,2.37,13.2,KL-PER-01
2019-07-02,2.37,20.5,KL-PER-01
2019-07-03,2.47,12.6,KL-PER-01
2019-07-04,2.44,19.5,KL-PER-01
2019-07-05,2.44,27.3,KL-PER-01
2019-07-06,2.48,20.3,KL-PER-01
2019-07-07,2.44,11.1,KL-PER-01
2019-07-08,2.37,8.3,KL-PER-01
2019-07-09,2.3,21.9,KL-PER-01
2019-07-10,2.42,23.3,KL-PER-01
2019-07-11,2.39,1.2,KL-PER-01
2019-07-12,2.25,8.3,KL-PER-01
2019-07-13,2.18,8.2,KL-PER-01
2019-07-14,2.16,26.0,KL-PER-01
2019-07-15,2.18,12.3,KL-PER-01
2019-07-16,2.27,22.0,KL-PER-01
2019-07-17,2.31,24.7,KL-PER-01
2019-07-18,3.88,51.9,KL-PER-01
2019-07-19,6.82,96.3,KL-PER-01
2019-07-20,7.11,53.9,KL-PER-01
2019-07-21,7.67,48.3,KL-PER-01
2019-07-22,7.59,39.5,KL-PER-01
2019-07-23,6.98,15.5,KL-PER-01
2019-07-24,6.31,18.0,KL-PER-01
2019-07-25,5.87,26.6,KL-PER-01
2019-07-26,5.55,4.6,KL-PER-01
2019-07-27,5.15,8.1,KL-PER-01
2019-07-28,4.79,1.3,KL-PER-01
2019-07-29,4.47,3.1,KL-PER-01
2019-07-30,4.19,3.2,KL-PER-01
2019-07-31,3.92,2.6,KL-PER-01
2019-08-01,3.69,5.2,KL-PER-01
2019-08-02,3.5,11.2,KL-PER-01
2019-08-03,3.35,10.8,KL-PER-01
2019-08-04,3.21,24.5,KL-PER-01
2019-08-05,3.14,34.5,KL-PER-01
2019-08-06,3.38,61.1,KL-PER-01
2019-08-07,4.28,71.8,KL-PER-01
2019-08-08,6.57,89.6,KL-PER-01
2019-08-09,7.18,59.5,KL-PER-01
2019-08-10,7.24,44.9,KL-PER-01
2019-08-11,6.74,22.0,KL-PER-01
2019-08-12,8.46,28.3,KL-PER-01
2019-08-13,10.35,149.4,KL-PER-01
2019-08-14,10.04,43.2,KL-PER-01
2019-08-15,9.02,17.1,KL-PER-01
2019-08-16,8.12,17.1,KL-PER-01
2019-08-17,7.57,9.0,KL-PER-01
2019-08-18,7.05,12.7,KL-PER-01
2019-08-19,6.55,22.1,KL-PER-01
2019-08-20,6.33,29.4,KL-PER-01
2019-08-21,6.43,31.6,KL-PER-01
2019-08-22,6.78,50.4,KL-PER-01
2019-08-23,6.73,19.2,KL-PER-01
2019-08-24,6.35,12.4,KL-PER-01
2019-08-25,6.1,40.7,KL-PER-01
2019-08-26,7.02,50.4,KL-PER-01
2019-08-27,7.32,19.0,KL-PER-01
2019-08-28,7.13,35.0,KL-PER-01
2019-08-29,7.05,32.4,KL-PER-01
2019-08-30,6.89,14.2,KL-PER-01
2019-08-31,6.57,21.8,KL-PER-01
2019-09-01,6.28,30.5,KL-PER-01
2019-09-02,6.18,27.6,KL-PER-01
2019-09-03,6.03,20.6,KL-PER-01
2019-09-04,6.1,36.0,KL-PER-01
2019-09-05,6.14,20.1,KL-PER-01
2019-09-06,6.0,15.3,KL-PER-01
2019-09-07,5.78,13.0,KL-PER-01
2019-09-08,5.52,11.9,KL-PER-01
2019-09-09,5.28,11.8,KL-PER-01
2019-09-10,4.98,14.4,KL-PER-01
2019-09-11,4.73,21.4,KL-PER-01
2019-09-12,4.57,14.3,KL-PER-01
2019-09-13,4.4,9.7,KL-PER-01
2019-09-14,4.2,11.8,KL-PER-01
2019-09-15,3.99,23.2,KL-PER-01
2019-09-16,3.88,11.2,KL-PER-01
2019-09-17,3.76,20.1,KL-PER-01
2019-09-18,3.65,27.9,KL-PER-01
2019-09-19,3.55,19.7,KL-PER-01
2019-09-20,3.43,6.9,KL-PER-01
2019-09-21,3.25,4.3,KL-PER-01
2019-09-22,3.06,8.2,KL-PER-01
2019-09-23,3.09,16.2,KL-PER-01
2019-09-24,3.22,15.8,KL-PER-01
2019-09-25,3.2,24.2,KL-PER-01
2019-09-26,3.06,23.8,KL-PER-01
2019-09-27,2.9,1.6,KL-PER-01
2019-09-28,2.76,23.7,KL-PER-01
2019-09-29,2.83,28.8,KL-PER-01
2019-09-30,2.78,4.4,KL-PER-01
2019-10-01,2.66,13.1,KL-PER-01
2019-10-02,2.57,12.9,KL-PER-01
2019-10-03,2.61,27.4,KL-PER-01
2019-10-04,2.72,7.6,KL-PER-01
2019-10-05,2.68,32.7,KL-PER-01
2019-10-06,2.82,10.7,KL-PER-01
2019-10-07,2.79,10.0,KL-PER-01
2019-10-08,2.76,7.5,KL-PER-01
2019-10-09,2.67,10.2,KL-PER-01
2019-10-10,2.6,11.1,KL-PER-01
2019-10-11,2.6,35.1,KL-PER-01
2019-10-12,2.73,23.8,KL-PER-01
2019-10-13,2.78,28.4,KL-PER-01
2019-10-14,2.84,8.0,KL-PER-01
2019-10-15,2.92,7.6,KL-PER-01
2019-10-16,2.95,37.9,KL-PER-01
2019-10-17,3.22,10.0,KL-PER-01
2019-10-18,3.35,29.0,KL-PER-01
2019-10-19,3.52,27.8,KL-PER-01
2019-10-20,5.5,107.2,KL-PER-01
2019-10-21,7.0,64.7,KL-PER-01
2019-10-22,6.71,7.0,KL-PER-01
2019-10-23,6.35,87.2,KL-PER-01
2019-10-24,6.18,8.1,KL-PER-01
2019-10-25,5.95,11.5,KL-PER-01
2019-10-26,5.56,9.0,KL-PER-01
2019-10-27,5.21,0.2,KL-PER-01
2019-10-28,4.93,0.7,KL-PER-01
2019-10-29,4.71,4.9,KL-PER-01
2019-10-30,4.52,32.5,KL-PER-01
2019-10-31,4.46,65.1,KL-PER-01
2019-11-01,4.4,0.0,KL-PER-01
2019-11-02,4.12,5.1,KL-PER-01
2019-11-03,3.94,23.1,KL-PER-01
2019-11-04,3.91,4.2,KL-PER-01
2019-11-05,3.74,5.4,KL-PER-01
2019-11-06,3.57,6.2,KL-PER-01
2019-11-07,3.41,13.1,KL-PER-01
2019-11-08,3.29,14.2,KL-PER-01
2019-11-09,3.29,23.1,KL-PER-01
2019-11-10,3.67,37.1,KL-PER-01
2019-11-11,3.9,15.9,KL-PER-01
2019-11-12,3.79,3.7,KL-PER-01
2019-11-13,3.61,0.0,KL-PER-01
2019-11-14,3.39,1.7,KL-PER-01
2019-11-15,3.2,5.4,KL-PER-01
2019-11-16,3.25,21.8,KL-PER-01
2019-11-17,3.25,2.1,KL-PER-01
2019-11-18,3.12,2.3,KL-PER-01
2019-11-19,3.03,11.2,KL-PER-01
2019-11-20,2.92,17.2,KL-PER-01
2019-11-21,2.94,13.3,KL-PER-01
2019-11-22,2.78,1.6,KL-PER-01
2019-11-23,2.67,0.1,KL-PER-01
2019-11-24,2.53,9.3,KL-PER-01
2019-11-25,2.39,4.9,KL-PER-01
2019-11-26,2.33,1.0,KL-PER-01
2019-11-27,2.21,0.0,KL-PER-01
2019-11-28,2.08,0.9,KL-PER-01
2019-11-29,1.97,9.7,KL-PER-01
2019-11-30,1.92,42.0,KL-PER-01
2019-12-01,1.97,22.9,KL-PER-01
2019-12-02,2.01,17.0,KL-PER-01
2019-12-03,1.99,9.9,KL-PER-01
2019-12-04,1.95,0.4,KL-PER-01
2019-12-05,1.86,0.1,KL-PER-01
2019-12-06,1.75,0.0,KL-PER-01
2019-12-07,1.65,1.3,KL-PER-01
2019-12-08,1.59,0.0,KL-PER-01
2019-12-09,1.52,0.1,KL-PER-01
2019-12-10,1.44,0.0,KL-PER-01
2019-12-11,1.38,0.8,KL-PER-01
2019-12-12,1.33,0.7,KL-PER-01
2019-12-13,1.28,1.1,KL-PER-01
2019-12-14,1.25,3.4,KL-PER-01
2019-12-15,1.26,0.4,KL-PER-01
2019-12-16,1.2,0.0,KL-PER-01
2019-12-17,1.14,0.2,KL-PER-01
2019-12-18,1.08,0.0,KL-PER-01
2019-12-19,1.03,1.7,KL-PER-01
2019-12-20,0.99,1.3,KL-PER-01
2019-12-21,0.97,0.0,KL-PER-01
2019-12-22,0.92,0.2,KL-PER-01
2019-12-23,0.89,2.1,KL-PER-01
2019-12-24,0.86,0.0,KL-PER-01
2019-12-25,0.85,0.6,KL-PER-01
2019-12-26,0.81,4.2,KL-PER-01
2019-12-27,0.81,0.4,KL-PER-01
2019-12-28,0.78,0.2,KL-PER-01
2019-12-29,0.75,0.0,KL-PER-01
2019-12-30,0.72,0.9,KL-PER-01
2019-12-31,0.7,0.2,KL-PER-01
2020-01-01,0.67,0.4,KL-PER-01
2020-01-02,0.64,0.2,KL-PER-01
2020-01-03,0.63,0.2,KL-PER-01
2020-01-04,0.61,0.9,KL-PER-01
2020-01-05,0.59,0.5,KL-PER-01
2020-01-06,0.56,0.0,KL-PER-01
2020-01-07,0.56,0.0,KL-PER-01
2020-01-08,0.53,0.0,KL-PER-01
2020-01-09,0.5,0.0,KL-PER-01
2020-01-10,0.5,0.4,KL-PER-01
2020-01-11,0.47,0.0,KL-PER-01
2020-01-12,0.47,0.0,KL-PER-01
2020-01-13,0.44,1.0,KL-PER-01
2020-01-14,0.44,0.3,KL-PER-01
2020-01-15,0.41,0.0,KL-PER-01
2020-01-16,0.41,0.0,KL-PER-01
2020-01-17,0.41,0.0,KL-PER-01
2020-01-18,0.41,1.2,KL-PER-01
2020-01-19,0.37,0.9,KL-PER-01
2020-01-20,0.37,0.0,KL-PER-01
2020-01-21,0.37,0.1,KL-PER-01
2020-01-22,0.37,0.0,KL-PER-01
2020-01-23,0.37,0.0,KL-PER-01
2020-01-24,0.36,0.0,KL-PER-01
2020-01-25,0.36,0.0,KL-PER-01
2020-01-26,0.34,0.1,KL-PER-01
2020-01-27,0.34,0.9,KL-PER-01
2020-01-28,0.34,0.2,KL-PER-01
2020-01-29,0.33,0.0,KL-PER-01
2020-01-30,0.33,0.0,KL-PER-01
2020-01-31,0.33,0.0,KL-PER-01
2020-02-01,0.33,0.4,KL-PER-01
2020-02-02,0.33,0.0,KL-PER-01
2020-02-03,0.33,0.1,KL-PER-01
2020-02-04,0.33,0.0,KL-PER-01
2020-02-05,0.33,1.1,KL-PER-01
2020-02-06,0.33,2.3,KL-PER-01
2020-02-07,0.33,1.3,KL-PER-01
2020-02-08,0.33,0.0,KL-PER-01
2020-02-09,0.33,0.0,KL-PER-01
2020-02-10,0.33,0.0,KL-PER-01
2020-02-11,0.33,0.0,KL-PER-01
2020-02-12,0.33,0.0,KL-PER-01
2020-02-13,0.33,0.0,KL-PER-01
2020-02-14,0.33,0.0,KL-PER-01
2020-02-15,0.33,0.4,KL-PER-01
2020-02-16,0.33,0.0,KL-PER-01
2020-02-17,0.33,0.0,KL-PER-01
2020-02-18,0.33,0.0,KL-PER-01
2020-02-19,0.33,0.0,KL-PER-01
2020-02-20,0.34,0.0,KL-PER-01
2020-02-21,0.34,0.0,KL-PER-01
2020-02-22,0.34,0.4,KL-PER-01
2020-02-23,0.33,0.0,KL-PER-01
2020-02-24,0.33,0.2,KL-PER-01
2020-02-25,0.33,0.0,KL-PER-01
2020-02-26,0.33,0.9,KL-PER-01
2020-02-27,0.33,2.3,KL-PER-01
2020-02-28,0.33,3.2,KL-PER-01
2020-02-29,0.33,0.1,KL-PER-01
2020-03-01,0.33,3.3,KL-PER-01
2020-03-02,0.34,2.9,KL-PER-01
2020-03-03,0.34,4.7,KL-PER-01
2020-03-04,0.34,5.2,KL-PER-01
2020-03-05,0.34,7.7,KL-PER-01
2020-03-06,0.34,3.9,KL-PER-01
2020-03-07,0.34,2.7,KL-PER-01
2020-03-08,0.34,3.2,KL-PER-01
2020-03-09,0.34,3.8,KL-PER-01
2020-03-10,0.34,6.6,KL-PER-01
2020-03-11,0.34,8.3,KL-PER-01
2020-03-12,0.34,2.0,KL-PER-01
2020-03-13,0.34,0.2,KL-PER-01
2020-03-14,0.34,0.0,KL-PER-01
2020-03-15,0.34,0.8,KL-PER-01
2020-03-16,0.34,0.0,KL-PER-01
2020-03-17,0.34,0.0,KL-PER-01
2020-03-18,0.34,0.0,KL-PER-01
2020-03-19,0.34,3.9,KL-PER-01
2020-03-20,0.34,4.3,KL-PER-01
2020-03-21,0.34,22.9,KL-PER-01
2020-03-22,0.34,11.2,KL-PER-01
2020-03-23,0.34,2.5,KL-PER-01
2020-03-24,0.34,13.3,KL-PER-01
2020-03-25,0.34,0.6,KL-PER-01
2020-03-26,0.34,0.1,KL-PER-01
2020-03-27,0.34,0.1,KL-PER-01
2020-03-28,0.34,4.5,KL-PER-01
2020-03-29,0.34,2.2,KL-PER-01
2020-03-30,0.34,0.1,KL-PER-01
2020-03-31,0.34,0.0,KL-PER-01
2020-04-01,0.31,0.0,KL-PER-01
2020-04-02,0.31,0.7,KL-PER-01
2020-04-03,0.31,3.1,KL-PER-01
2020-04-04,0.31,0.6,KL-PER-01
2020-04-05,0.34,13.0,KL-PER-01
2020-04-06,0.34,12.4,KL-PER-01
2020-04-07,0.34,16.0,KL-PER-01
2020-04-08,0.34,16.8,KL-PER-01
2020-04-09,0.34,4.6,KL-PER-01
2020-04-10,0.34,2.1,KL-PER-01
2020-04-11,0.34,1.0,KL-PER-01
2020-04-12,0.34,0.4,KL-PER-01
2020-04-13,0.34,4.5,KL-PER-01
2020-04-14,0.34,4.9,KL-PER-01
2020-04-15,0.34,1.6,KL-PER-01
2020-04-16,0.34,2.0,KL-PER-01
2020-04-17,0.34,1.4,KL-PER-01
2020-04-18,0.34,1.5,KL-PER-01
2020-04-19,0.34,9.8,KL-PER-01
2020-04-20,0.34,3.5,KL-PER-01
2020-04-21,0.34,5.9,KL-PER-01
2020-04-22,0.34,20.1,KL-PER-01
2020-04-23,0.37,9.0,KL-PER-01
2020-04-24,0.37,15.6,KL-PER-01
2020-04-25,0.37,1.5,KL-PER-01
2020-04-26,0.37,5.8,KL-PER-01
2020-04-27,0.37,0.0,KL-PER-01
2020-04-28,0.41,61.1,KL-PER-01
2020-04-29,0.41,0.9,KL-PER-01
2020-04-30,0.41,18.4,KL-PER-01
2020-05-01,0.41,3.4,KL-PER-01
2020-05-02,0.41,29.7,KL-PER-01
2020-05-03,0.44,4.4,KL-PER-01
2020-05-04,0.44,1.3,KL-PER-01
2020-05-05,0.44,3.0,KL-PER-01
2020-05-06,0.44,8.4,KL-PER-01
2020-05-07,0.44,8.7,KL-PER-01
2020-05-08,0.44,10.9,KL-PER-01
2020-05-09,0.44,8.4,KL-PER-01
2020-05-10,0.44,4.6,KL-PER-01
2020-05-11,0.44,4.4,KL-PER-01
2020-05-12,0.44,10.6,KL-PER-01
2020-05-13,0.47,18.5,KL-PER-01
2020-05-14,0.53,20.8,KL-PER-01
2020-05-15,0.53,21.6,KL-PER-01
2020-05-16,0.56,2.6,KL-PER-01
2020-05-17,0.56,40.4,KL-PER-01
2020-05-18,0.87,55.3,KL-PER-01
2020-05-19,1.16,12.7,KL-PER-01
2020-05-20,1.16,6.4,KL-PER-01
2020-05-21,1.09,4.4,KL-PER-01
2020-05-22,1.06,1.4,KL-PER-01
2020-05-23,1.03,12.2,KL-PER-01
2020-05-24,1.06,2.6,KL-PER-01
2020-05-25,1.03,13.6,KL-PER-01
2020-05-26,1.03,5.9,KL-PER-01
2020-05-27,1.03,12.9,KL-PER-01
2020-05-28,1.03,17.8,KL-PER-01
2020-05-29,1.09,16.0,KL-PER-01
2020-05-30,1.31,41.2,KL-PER-01
2020-05-31,1.31,16.0,KL-PER-01
2020-06-01,1.31,24.5,KL-PER-01
2020-06-02,1.47,23.0,KL-PER-01
2020-06-03,1.62,12.8,KL-PER-01
2020-06-04,1.69,23.6,KL-PER-01
2020-06-05,1.72,30.6,KL-PER-01
2020-06-06,1.97,43.4,KL-PER-01
2020-06-07,2.28,42.4,KL-PER-01
2020-06-08,2.34,0.2,KL-PER-01
2020-06-09,2.22,8.8,KL-PER-01
2020-06-10,2.22,16.5,KL-PER-01
2020-06-11,2.22,15.4,KL-PER-01
2020-06-12,2.22,19.4,KL-PER-01
2020-06-13,2.22,21.6,KL-PER-01
2020-06-14,2.37,25.8,KL-PER-01
2020-06-15,2.37,9.9,KL-PER-01
2020-06-16,2.37,14.5,KL-PER-01
2020-06-17,2.31,12.2,KL-PER-01
2020-06-18,2.4,4.9,KL-PER-01
2020-06-19,2.34,25.2,KL-PER-01
2020-06-20,2.31,12.1,KL-PER-01
2020-06-21,2.34,33.0,KL-PER-01
2020-06-22,2.56,39.5,KL-PER-01
2020-06-23,2.72,4.2,KL-PER-01
2020-06-24,2.62,20.3,KL-PER-01
2020-06-25,2.67,22.9,KL-PER-01
2020-06-26,2.77,15.6,KL-PER-01
2020-06-27,2.72,14.9,KL-PER-01
2020-06-28,2.66,13.5,KL-PER-01
2020-06-29,2.78,47.3,KL-PER-01
2020-06-30,2.98,16.6,KL-PER-01
2020-07-01,2.86,14.4,KL-PER-01
2020-07-02,2.78,34.1,KL-PER-01
2020-07-03,2.89,33.3,KL-PER-01
2020-07-04,2.94,20.7,KL-PER-01
2020-07-05,2.91,16.3,KL-PER-01
2020-07-06,2.89,20.7,KL-PER-01
2020-07-07,2.87,12.6,KL-PER-01
2020-07-08,2.78,3.1,KL-PER-01
2020-07-09,2.69,20.5,KL-PER-01
2020-07-10,2.81,13.3,KL-PER-01
2020-07-11,2.71,18.9,KL-PER-01
2020-07-12,2.71,9.2,KL-PER-01
2020-07-13,2.69,12.9,KL-PER-01
2020-07-14,2.73,2.8,KL-PER-01
2020-07-15,2.67,44.6,KL-PER-01
2020-07-16,2.98,38.0,KL-PER-01
2020-07-17,3.65,30.8,KL-PER-01
2020-07-18,3.91,14.6,KL-PER-01
2020-07-19,3.8,6.8,KL-PER-01
2020-07-20,3.53,26.3,KL-PER-01
2020-07-21,3.41,12.1,KL-PER-01
2020-07-22,3.22,5.1,KL-PER-01
2020-07-23,3.11,31.0,KL-PER-01
2020-07-24,3.05,13.8,KL-PER-01
2020-07-25,2.94,15.1,KL-PER-01
2020-07-26,2.81,3.1,KL-PER-01
2020-07-27,2.69,2.2,KL-PER-01
2020-07-28,2.56,14.8,KL-PER-01
2020-07-29,4.55,61.3,KL-PER-01
2020-07-30,5.05,30.7,KL-PER-01
2020-07-31,5.17,46.4,KL-PER-01
2020-08-01,5.3,53.7,KL-PER-01
2020-08-02,5.84,40.7,KL-PER-01
2020-08-03,6.73,39.9,KL-PER-01
2020-08-04,7.17,45.4,KL-PER-01
2020-08-05,7.65,49.1,KL-PER-01
2020-08-06,8.38,49.5,KL-PER-01
2020-08-07,9.16,90.0,KL-PER-01
2020-08-08,9.4,57.8,KL-PER-01
2020-08-09,10.27,86.8,KL-PER-01
2020-08-10,10.17,29.3,KL-PER-01
2020-08-11,9.4,19.0,KL-PER-01
2020-08-12,8.64,2.5,KL-PER-01
2020-08-13,7.91,6.1,KL-PER-01
2020-08-14,7.34,5.8,KL-PER-01
2020-08-15,6.85,3.4,KL-PER-01
2020-08-16,6.4,7.7,KL-PER-01
2020-08-17,6.0,4.9,KL-PER-01
2020-08-18,5.64,6.5,KL-PER-01
2020-08-19,5.3,2.4,KL-PER-01
2020-08-20,4.97,3.1,KL-PER-01
2020-08-21,4.68,1.2,KL-PER-01
2020-08-22,4.4,1.9,KL-PER-01
2020-08-23,4.15,5.2,KL-PER-01
2020-08-24,3.99,9.5,KL-PER-01
2020-08-25,3.76,1.4,KL-PER-01
2020-08-26,3.54,0.5,KL-PER-01
2020-08-27,3.33,0.8,KL-PER-01
2020-08-28,3.13,0.7,KL-PER-01
2020-08-29,2.94,5.1,KL-PER-01
2020-08-30,2.78,12.8,KL-PER-01
2020-08-31,2.66,11.6,KL-PER-01
2020-09-01,2.54,17.3,KL-PER-01
2020-09-02,2.5,120.9,KL-PER-01
2020-09-03,2.63,12.8,KL-PER-01
2020-09-04,2.51,12.6,KL-PER-01
2020-09-05,2.37,20.6,KL-PER-01
2020-09-06,3.7,32.7,KL-PER-01
2020-09-07,3.85,22.7,KL-PER-01
2020-09-08,3.5,33.4,KL-PER-01
2020-09-09,3.41,56.4,KL-PER-01
2020-09-10,3.47,31.6,KL-PER-01
2020-09-11,3.47,40.4,KL-PER-01
2020-09-12,3.67,18.8,KL-PER-01
2020-09-13,3.79,22.5,KL-PER-01
2020-09-14,3.78,29.3,KL-PER-01
2020-09-15,3.71,17.3,KL-PER-01
2020-09-16,3.55,27.9,KL-PER-01
2020-09-17,3.42,28.8,KL-PER-01
2020-09-18,3.39,32.7,KL-PER-01
2020-09-19,4.93,82.9,KL-PER-01
2020-09-20,6.33,37.6,KL-PER-01
2020-09-21,7.38,28.8,KL-PER-01
2020-09-22,7.26,19.8,KL-PER-01
2020-09-23,6.71,13.9,KL-PER-01
2020-09-24,6.08,22.6,KL-PER-01
2020-09-25,5.64,12.7,KL-PER-01
2020-09-26,5.25,8.0,KL-PER-01
2020-09-27,4.86,3.4,KL-PER-01
2020-09-28,4.58,4.9,KL-PER-01
2020-09-29,4.32,17.3,KL-PER-01
2020-09-30,4.06,14.7,KL-PER-01
2020-10-01,3.84,1.7,KL-PER-01
2020-10-02,3.61,3.1,KL-PER-01
2020-10-03,3.4,2.3,KL-PER-01
2020-10-04,3.21,1.4,KL-PER-01
2020-10-05,3.03,0.1,KL-PER-01
2020-10-06,2.85,25.5,KL-PER-01
2020-10-07,2.87,23.5,KL-PER-01
2020-10-08,2.78,51.1,KL-PER-01
2020-10-09,2.85,13.9,KL-PER-01
2020-10-10,2.77,36.2,KL-PER-01
2020-10-11,2.76,36.0,KL-PER-01
2020-10-12,2.97,39.2,KL-PER-01
2020-10-13,3.66,17.2,KL-PER-01
2020-10-14,3.92,30.7,KL-PER-01
2020-10-15,3.92,18.4,KL-PER-01
2020-10-16,3.81,15.2,KL-PER-01
2020-10-17,3.66,23.0,KL-PER-01
2020-10-18,3.54,2.5,KL-PER-01
2020-10-19,3.33,16.4,KL-PER-01
2020-10-20,3.12,21.9,KL-PER-01
2020-10-21,2.92,5.8,KL-PER-01
2020-10-22,2.75,1.6,KL-PER-01
2020-10-23,2.6,1.9,KL-PER-01
2020-10-24,2.45,0.5,KL-PER-01
2020-10-25,2.3,0.0,KL-PER-01
2020-10-26,2.16,3.5,KL-PER-01
2020-10-27,2.05,14.0,KL-PER-01
2020-10-28,2.07,12.3,KL-PER-01
2020-10-29,2.07,13.0,KL-PER-01
2020-10-30,1.99,8.9,KL-PER-01
2020-10-31,1.89,4.2,KL-PER-01
2020-11-01,1.81,9.4,KL-PER-01
2020-11-02,1.75,13.1,KL-PER-01
2020-11-03,1.74,37.5,KL-PER-01
2020-11-04,1.77,16.8,KL-PER-01
2020-11-05,1.78,8.3,KL-PER-01
2020-11-06,1.8,14.1,KL-PER-01
2020-11-07,1.74,1.4,KL-PER-01
2020-11-08,1.67,14.6,KL-PER-01
2020-11-09,1.67,0.8,KL-PER-01
2020-11-10,1.59,0.0,KL-PER-01
2020-11-11,1.51,1.3,KL-PER-01
2020-11-12,1.43,8.3,KL-PER-01
2020-11-13,1.43,9.2,KL-PER-01
2020-11-14,1.62,0.3,KL-PER-01
2020-11-15,1.55,11.4,KL-PER-01
2020-11-16,1.57,7.1,KL-PER-01
2020-11-17,1.97,22.6,KL-PER-01
2020-11-18,2.28,5.4,KL-PER-01
2020-11-19,2.22,4.0,KL-PER-01
2020-11-20,2.16,3.0,KL-PER-01
2020-11-21,2.07,0.0,KL-PER-01
2020-11-22,1.94,0.0,KL-PER-01
2020-11-23,1.82,0.0,KL-PER-01
2020-11-24,1.73,0.3,KL-PER-01
2020-11-25,1.63,1.7,KL-PER-01
2020-11-26,1.55,7.9,KL-PER-01
2020-11-27,1.51,3.4,KL-PER-01
2020-11-28,1.44,1.8,KL-PER-01
2020-11-29,1.38,0.2,KL-PER-01
2020-11-30,1.3,0.2,KL-PER-01
2020-12-01,1.24,0.3,KL-PER-01
2020-12-02,1.18,2.5,KL-PER-01
2020-12-03,1.16,15.2,KL-PER-01
2020-12-04,1.32,16.2,KL-PER-01
2020-12-05,1.48,7.6,KL-PER-01
2020-12-06,1.5,62.7,KL-PER-01
2020-12-07,1.62,23.2,KL-PER-01
2020-12-08,1.58,11.6,KL-PER-01
2020-12-09,1.53,1.7,KL-PER-01
2020-12-10,1.45,1.7,KL-PER-01
2020-12-11,1.4,0.3,KL-PER-01
2020-12-12,1.33,0.3,KL-PER-01
2020-12-13,1.28,0.0,KL-PER-01
2020-12-14,1.21,0.0,KL-PER-01
2020-12-15,1.15,0.4,KL-PER-01
2020-12-16,1.09,2.1,KL-PER-01
2020-12-17,1.17,5.9,KL-PER-01
2020-12-18,1.22,2.8,KL-PER-01
2020-12-19,1.25,0.0,KL-PER-01
2020-12-20,1.22,0.0,KL-PER-01
2020-12-21,1.16,0.0,KL-PER-01
2020-12-22,1.09,1.8,KL-PER-01
2020-12-23,1.08,1.2,KL-PER-01
2020-12-24,1.08,0.0,KL-PER-01
2020-12-25,1.03,0.2,KL-PER-01
2020-12-26,0.99,0.0,KL-PER-01
2020-12-27,0.94,0.0,KL-PER-01
2020-12-28,0.89,0.0,KL-PER-01
2020-12-29,0.86,0.0,KL-PER-01
2020-12-30,0.85,0.9,KL-PER-01
2020-12-31,0.81,27.6,KL-PER-01
2021-01-01,0.83,0.0,KL-PER-01
2021-01-02,0.78,0.0,KL-PER-01
2021-01-03,0.75,0.3,KL-PER-01
2021-01-04,0.75,6.9,KL-PER-01
2021-01-05,0.78,13.0,KL-PER-01
2021-01-06,0.91,18.4,KL-PER-01
2021-01-07,1.08,38.0,KL-PER-01
2021-01-08,1.14,12.7,KL-PER-01
2021-01-09,1.22,4.5,KL-PER-01
2021-01-10,1.26,9.0,KL-PER-01
2021-01-11,1.39,3.5,KL-PER-01
2021-01-12,1.38,24.1,KL-PER-01
2021-01-13,1.44,6.2,KL-PER-01
2021-01-14,1.5,13.8,KL-PER-01
2021-01-15,1.47,6.0,KL-PER-01
2021-01-16,1.44,1.2,KL-PER-01
2021-01-17,1.48,0.6,KL-PER-01
2021-01-18,1.42,0.0,KL-PER-01
2021-01-19,1.36,0.0,KL-PER-01
2021-01-20,1.28,0.0,KL-PER-01
2021-01-21,1.22,0.9,KL-PER-01
2021-01-22,1.17,1.6,KL-PER-01
2021-01-23,1.19,2.9,KL-PER-01
2021-01-24,1.17,0.1,KL-PER-01
2021-01-25,1.11,0.0,KL-PER-01
2021-01-26,1.06,0.0,KL-PER-01
2021-01-27,1.01,0.0,KL-PER-01
2021-01-28,0.97,0.0,KL-PER-01
2021-01-29,0.92,0.0,KL-PER-01
2021-01-30,0.87,0.1,KL-PER-01
2021-01-31,0.85,0.1,KL-PER-01
2021-02-01,0.81,0.0,KL-PER-01
2021-02-02,0.78,0.0,KL-PER-01
2021-02-03,0.75,0.0,KL-PER-01
2021-02-04,0.72,0.0,KL-PER-01
2021-02-05,0.69,0.0,KL-PER-01
2021-02-06,0.66,0.0,KL-PER-01
2021-02-07,0.66,0.0,KL-PER-01
2021-02-08,0.63,0.0,KL-PER-01
2021-02-09,0.59,0.0,KL-PER-01
2021-02-10,0.56,0.0,KL-PER-01
2021-02-11,0.56,0.0,KL-PER-01
2021-02-12,0.53,0.0,KL-PER-01
2021-02-13,0.53,0.0,KL-PER-01
2021-02-14,0.5,0.2,KL-PER-01
2021-02-15,0.5,0.8,KL-PER-01
2021-02-16,0.47,0.8,KL-PER-01
2021-02-17,0.47,0.0,KL-PER-01
2021-02-18,0.44,1.2,KL-PER-01
2021-02-19,0.44,0.8,KL-PER-01
2021-02-20,0.44,0.5,KL-PER-01
2021-02-21,0.44,0.7,KL-PER-01
2021-02-22,0.44,0.0,KL-PER-01
2021-02-23,0.41,0.1,KL-PER-01
2021-02-24,0.41,0.7,KL-PER-01
2021-02-25,0.41,3.4,KL-PER-01
2021-02-26,0.41,1.5,KL-PER-01
2021-02-27,0.41,0.3,KL-PER-01
2021-02-28,0.41,0.0,KL-PER-01
2021-03-01,0.37,2.6,KL-PER-01
2021-03-02,0.37,0.0,KL-PER-01
2021-03-03,0.37,0.0,KL-PER-01
2021-03-04,0.37,0.0,KL-PER-01
2021-03-05,0.37,0.0,KL-PER-01
2021-03-06,0.34,0.0,KL-PER-01
2021-03-07,0.34,0.2,KL-PER-01
2021-03-08,0.34,0.5,KL-PER-01
2021-03-09,0.34,2.7,KL-PER-01
2021-03-10,0.34,5.2,KL-PER-01
2021-03-11,0.34,3.0,KL-PER-01
2021-03-12,0.34,0.0,KL-PER-01
2021-03-13,0.34,0.2,KL-PER-01
2021-03-14,0.34,1.0,KL-PER-01
2021-03-15,0.34,0.0,KL-PER-01
2021-03-16,0.34,0.4,KL-PER-01
2021-03-17,0.34,0.0,KL-PER-01
2021-03-18,0.34,0.7,KL-PER-01
2021-03-19,0.34,0.7,KL-PER-01
2021-03-20,0.34,0.7,KL-PER-01
2021-03-21,0.34,0.6,KL-PER-01
2021-03-22,0.34,0.9,KL-PER-01
2021-03-23,0.34,1.0,KL-PER-01
2021-03-24,0.34,1.9,KL-PER-01
2021-03-25,0.34,1.7,KL-PER-01
2021-03-26,0.34,0.0,KL-PER-01
2021-03-27,0.34,4.9,KL-PER-01
2021-03-28,0.34,11.1,KL-PER-01
2021-03-29,0.37,6.4,KL-PER-01
2021-03-30,0.41,0.1,KL-PER-01
2021-03-31,0.41,2.3,KL-PER-01
2021-04-01,0.41,10.8,KL-PER-01
2021-04-02,0.44,0.0,KL-PER-01
2021-04-03,0.41,0.6,KL-PER-01
2021-04-04,0.41,0.5,KL-PER-01
2021-04-05,0.41,0.9,KL-PER-01
2021-04-06,0.41,2.2,KL-PER-01
2021-04-07,0.41,6.4,KL-PER-01
2021-04-08,0.41,4.1,KL-PER-01
2021-04-09,0.41,4.5,KL-PER-01
2021-04-10,0.41,3.1,KL-PER-01
2021-04-11,0.37,5.4,KL-PER-01
2021-04-12,0.41,18.5,KL-PER-01
2021-04-13,0.44,9.3,KL-PER-01
2021-04-14,0.47,15.1,KL-PER-01
2021-04-15,0.53,23.6,KL-PER-01
2021-04-16,0.56,12.0,KL-PER-01
2021-04-17,0.56,11.6,KL-PER-01
2021-04-18,0.59,14.7,KL-PER-01
2021-04-19,0.63,21.4,KL-PER-01
2021-04-20,0.63,2.8,KL-PER-01
2021-04-21,0.66,14.3,KL-PER-01
2021-04-22,0.69,12.6,KL-PER-01
2021-04-23,0.72,11.2,KL-PER-01
2021-04-24,0.72,9.6,KL-PER-01
2021-04-25,0.75,7.3,KL-PER-01
2021-04-26,0.81,11.4,KL-PER-01
2021-04-27,0.81,3.2,KL-PER-01
2021-04-28,0.81,5.5,KL-PER-01
2021-04-29,0.81,4.0,KL-PER-01
2021-04-30,0.81,10.8,KL-PER-01
2021-05-01,0.91,3.8,KL-PER-01
2021-05-02,0.97,16.0,KL-PER-01
2021-05-03,1.0,17.5,KL-PER-01
2021-05-04,1.06,9.2,KL-PER-01
2021-05-05,1.09,7.5,KL-PER-01
2021-05-06,1.09,29.5,KL-PER-01
2021-05-07,1.06,22.4,KL-PER-01
2021-05-08,1.16,4.3,KL-PER-01
2021-05-09,1.09,7.1,KL-PER-01
2021-05-10,1.16,17.4,KL-PER-01
2021-05-11,1.22,25.7,KL-PER-01
2021-05-12,1.22,33.1,KL-PER-01
2021-05-13,1.28,22.4,KL-PER-01
2021-05-14,2.94,95.5,KL-PER-01
2021-05-15,5.37,82.9,KL-PER-01
2021-05-16,5.44,32.1,KL-PER-01
2021-05-17,4.87,20.4,KL-PER-01
2021-05-18,4.22,23.1,KL-PER-01
2021-05-19,5.07,29.6,KL-PER-01
2021-05-20,5.0,19.1,KL-PER-01
2021-05-21,4.6,24.2,KL-PER-01
2021-05-22,4.41,21.8,KL-PER-01
2021-05-23,4.15,12.5,KL-PER-01
2021-05-24,3.94,18.0,KL-PER-01
2021-05-25,3.66,34.1,KL-PER-01
2021-05-26,3.79,28.1,KL-PER-01
2021-05-27,3.91,7.3,KL-PER-01
2021-05-28,3.69,10.7,KL-PER-01
2021-05-29,3.53,20.8,KL-PER-01
2021-05-30,3.38,5.6,KL-PER-01
2021-05-31,3.19,11.1,KL-PER-01
2021-06-01,3.12,15.2,KL-PER-01
2021-06-02,3.0,18.9,KL-PER-01
2021-06-03,2.85,29.7,KL-PER-01
2021-06-04,2.87,16.8,KL-PER-01
2021-06-05,2.87,32.1,KL-PER-01
2021-06-06,3.06,11.8,KL-PER-01
2021-06-07,2.91,6.5,KL-PER-01
2021-06-08,2.78,22.0,KL-PER-01
2021-06-09,2.69,7.9,KL-PER-01
2021-06-10,2.56,5.3,KL-PER-01
2021-06-11,2.44,8.4,KL-PER-01
2021-06-12,2.5,28.7,KL-PER-01
2021-06-13,3.29,112.0,KL-PER-01
2021-06-14,3.56,27.2,KL-PER-01
2021-06-15,3.66,43.3,KL-PER-01
2021-06-16,3.79,32.3,KL-PER-01
2021-06-17,3.79,22.8,KL-PER-01
2021-06-18,3.66,9.0,KL-PER-01
2021-06-19,3.5,7.2,KL-PER-01
2021-06-20,3.32,3.3,KL-PER-01
2021-06-21,3.12,3.3,KL-PER-01
2021-06-22,3.0,14.6,KL-PER-01
2021-06-23,2.87,19.6,KL-PER-01
2021-06-24,2.78,1.8,KL-PER-01
2021-06-25,2.62,3.8,KL-PER-01
2021-06-26,2.53,12.7,KL-PER-01
2021-06-27,2.44,15.3,KL-PER-01
2021-06-28,2.31,12.0,KL-PER-01
2021-06-29,2.3,7.6,KL-PER-01
2021-06-30,2.18,9.3,KL-PER-01
2021-07-01,2.08,33.1,KL-PER-01
2021-07-02,2.13,10.9,KL-PER-01
2021-07-03,2.05,21.2,KL-PER-01
2021-07-04,2.0,26.5,KL-PER-01
2021-07-05,2.03,12.1,KL-PER-01
2021-07-06,1.97,6.1,KL-PER-01
2021-07-07,1.88,10.0,KL-PER-01
2021-07-08,1.84,16.0,KL-PER-01
2021-07-09,2.53,68.8,KL-PER-01
2021-07-10,4.79,52.2,KL-PER-01
2021-07-11,4.73,29.2,KL-PER-01
2021-07-12,4.3,21.4,KL-PER-01
2021-07-13,4.04,20.3,KL-PER-01
2021-07-14,3.76,12.3,KL-PER-01
2021-07-15,3.58,10.9,KL-PER-01
2021-07-16,3.38,14.9,KL-PER-01
2021-07-17,3.24,12.2,KL-PER-01
2021-07-18,3.11,26.1,KL-PER-01
2021-07-19,3.06,14.2,KL-PER-01
2021-07-20,2.95,5.5,KL-PER-01
2021-07-21,2.87,28.6,KL-PER-01
2021-07-22,3.36,45.5,KL-PER-01
2021-07-23,4.01,28.7,KL-PER-01
2021-07-24,4.25,35.8,KL-PER-01
2021-07-25,5.17,45.9,KL-PER-01
2021-07-26,5.4,24.4,KL-PER-01
2021-07-27,5.11,25.3,KL-PER-01
2021-07-28,4.83,16.8,KL-PER-01
2021-07-29,4.5,2.6,KL-PER-01
2021-07-30,4.2,4.9,KL-PER-01
2021-07-31,3.95,7.3,KL-PER-01
2021-08-01,3.73,2.5,KL-PER-01
2021-08-02,3.53,11.2,KL-PER-01
2021-08-03,3.36,6.6,KL-PER-01
2021-08-04,3.19,9.9,KL-PER-01
2021-08-05,3.05,23.1,KL-PER-01
2021-08-06,3.29,34.2,KL-PER-01
2021-08-07,3.5,19.3,KL-PER-01
2021-08-08,3.49,32.2,KL-PER-01
2021-08-09,3.36,45.9,KL-PER-01
2021-08-10,3.19,19.0,KL-PER-01
2021-08-11,3.05,37.4,KL-PER-01
2021-08-12,3.19,9.4,KL-PER-01
2021-08-13,3.21,20.6,KL-PER-01
2021-08-14,3.21,20.0,KL-PER-01
2021-08-15,3.07,8.2,KL-PER-01
2021-08-16,2.95,6.8,KL-PER-01
2021-08-17,2.89,35.8,KL-PER-01
2021-08-18,3.05,31.6,KL-PER-01
2021-08-19,3.29,7.5,KL-PER-01
2021-08-20,3.16,1.7,KL-PER-01
2021-08-21,2.98,11.9,KL-PER-01
2021-08-22,2.94,8.7,KL-PER-01
2021-08-23,2.86,13.1,KL-PER-01
2021-08-24,2.75,4.3,KL-PER-01
2021-08-25,2.61,9.6,KL-PER-01
2021-08-26,2.48,29.2,KL-PER-01
2021-08-27,2.49,30.4,KL-PER-01
2021-08-28,3.83,59.2,KL-PER-01
2021-08-29,6.33,93.0,KL-PER-01
2021-08-30,6.14,21.1,KL-PER-01
2021-08-31,5.44,15.4,KL-PER-01
2021-09-01,4.85,8.7,KL-PER-01
2021-09-02,4.42,15.6,KL-PER-01
2021-09-03,4.21,21.4,KL-PER-01
2021-09-04,4.01,24.6,KL-PER-01
2021-09-05,4.04,38.4,KL-PER-01
2021-09-06,4.07,22.5,KL-PER-01
2021-09-07,4.01,14.9,KL-PER-01
2021-09-08,4.01,10.3,KL-PER-01
2021-09-09,3.81,3.9,KL-PER-01
2021-09-10,3.59,4.6,KL-PER-01
2021-09-11,3.42,9.9,KL-PER-01
2021-09-12,3.32,37.0,KL-PER-01
2021-09-13,3.45,12.6,KL-PER-01
2021-09-14,3.39,12.3,KL-PER-01
2021-09-15,3.29,13.7,KL-PER-01
2021-09-16,3.17,14.4,KL-PER-01
2021-09-17,3.07,2.1,KL-PER-01
2021-09-18,2.92,1.4,KL-PER-01
2021-09-19,2.8,5.4,KL-PER-01
2021-09-20,2.72,0.4,KL-PER-01
2021-09-21,2.58,3.5,KL-PER-01
2021-09-22,2.46,4.1,KL-PER-01
2021-09-23,2.34,9.8,KL-PER-01
2021-09-24,2.24,5.1,KL-PER-01
2021-09-25,2.13,8.8,KL-PER-01
2021-09-26,2.05,24.7,KL-PER-01
2021-09-27,2.16,35.5,KL-PER-01
2021-09-28,2.32,13.4,KL-PER-01
2021-09-29,2.35,9.9,KL-PER-01
2021-09-30,2.28,9.8,KL-PER-01
2021-10-01,3.38,49.2,KL-PER-01
2021-10-02,3.79,106.6,KL-PER-01
2021-10-03,3.7,14.9,KL-PER-01
2021-10-04,3.43,95.6,KL-PER-01
2021-10-05,3.29,22.4,KL-PER-01
2021-10-06,3.37,11.4,KL-PER-01
2021-10-07,3.25,13.3,KL-PER-01
2021-10-08,3.06,30.0,KL-PER-01
2021-10-09,3.05,25.7,KL-PER-01
2021-10-10,2.99,18.3,KL-PER-01
2021-10-11,3.21,71.1,KL-PER-01
2021-10-12,3.76,61.5,KL-PER-01
2021-10-13,3.93,11.6,KL-PER-01
2021-10-14,3.68,3.6,KL-PER-01
2021-10-15,3.48,13.6,KL-PER-01
2021-10-16,4.79,94.6,KL-PER-01
2021-10-17,5.11,50.7,KL-PER-01
2021-10-18,4.85,6.6,KL-PER-01
2021-10-19,4.43,11.8,KL-PER-01
2021-10-20,4.9,35.3,KL-PER-01
2021-10-21,5.0,4.2,KL-PER-01
2021-10-22,4.65,11.5,KL-PER-01
2021-10-23,4.7,18.0,KL-PER-01
2021-10-24,4.73,12.0,KL-PER-01
2021-10-25,5.03,8.8,KL-PER-01
2021-10-26,5.12,11.0,KL-PER-01
2021-10-27,5.37,36.0,KL-PER-01
2021-10-28,5.4,6.2,KL-PER-01
2021-10-29,5.01,8.7,KL-PER-01
2021-10-30,4.74,15.2,KL-PER-01
2021-10-31,4.73,9.7,KL-PER-01
2021-11-01,4.57,9.1,KL-PER-01
2021-11-02,5.12,32.8,KL-PER-01
2021-11-03,5.37,20.9,KL-PER-01
2021-11-04,5.15,29.5,KL-PER-01
2021-11-05,4.96,17.8,KL-PER-01
2021-11-06,4.64,19.5,KL-PER-01
2021-11-07,4.33,9.7,KL-PER-01
2021-11-08,4.06,16.5,KL-PER-01
2021-11-09,3.89,3.0,KL-PER-01
2021-11-10,3.92,2.8,KL-PER-01
2021-11-11,3.75,9.7,KL-PER-01
2021-11-12,3.59,14.0,KL-PER-01
2021-11-13,3.72,102.9,KL-PER-01
2021-11-14,3.94,141.1,KL-PER-01
2021-11-15,3.85,37.0,KL-PER-01
2021-11-16,3.83,21.1,KL-PER-01
2021-11-17,3.74,12.2,KL-PER-01
2021-11-18,3.59,14.9,KL-PER-01
2021-11-19,3.5,36.9,KL-PER-01
2021-11-20,3.65,7.8,KL-PER-01
2021-11-21,3.52,0.2,KL-PER-01
2021-11-22,3.32,4.4,KL-PER-01
2021-11-23,3.17,22.4,KL-PER-01
2021-11-24,3.29,1.0,KL-PER-01
2021-11-25,3.15,3.5,KL-PER-01
2021-11-26,3.1,11.2,KL-PER-01
2021-11-27,3.06,10.7,KL-PER-01
2021-11-28,3.19,26.7,KL-PER-01
2021-11-29,3.38,19.3,KL-PER-01
2021-11-30,3.36,15.4,KL-PER-01
2021-12-01,3.29,8.4,KL-PER-01
2021-12-02,3.07,2.3,KL-PER-01
2021-12-03,2.92,9.0,KL-PER-01
2021-12-04,2.81,7.2,KL-PER-01
2021-12-05,2.67,6.2,KL-PER-01
2021-12-06,2.56,8.3,KL-PER-01
2021-12-07,2.47,0.2,KL-PER-01
2021-12-08,2.37,0.0,KL-PER-01
2021-12-09,2.25,0.1,KL-PER-01
2021-12-10,2.21,0.2,KL-PER-01
2021-12-11,2.08,0.0,KL-PER-01
2021-12-12,1.95,0.0,KL-PER-01
2021-12-13,1.86,0.5,KL-PER-01
2021-12-14,1.75,8.3,KL-PER-01
2021-12-15,1.67,0.1,KL-PER-01
2021-12-16,1.58,0.2,KL-PER-01
2021-12-17,1.5,0.0,KL-PER-01
2021-12-18,1.42,0.0,KL-PER-01
2021-12-19,1.36,0.0,KL-PER-01
2021-12-20,1.28,0.0,KL-PER-01
2021-12-21,1.23,0.0,KL-PER-01
2021-12-22,1.17,0.0,KL-PER-01
2021-12-23,1.11,0.0,KL-PER-01
2021-12-24,1.06,0.0,KL-PER-01
2021-12-25,1.01,0.0,KL-PER-01
2021-12-26,0.97,0.0,KL-PER-01
2021-12-27,0.92,0.0,KL-PER-01
2021-12-28,0.87,0.0,KL-PER-01
2021-12-29,0.85,0.0,KL-PER-01
2021-12-30,0.8,0.0,KL-PER-01
2021-12-31,0.77,0.8,KL-PER-01
2022-01-01,0.73,0.4,KL-PER-01
2022-01-02,0.72,0.0,KL-PER-01
2022-01-03,0.69,0.1,KL-PER-01
2022-01-04,0.66,0.0,KL-PER-01
2022-01-05,0.64,0.0,KL-PER-01
2022-01-06,0.63,0.0,KL-PER-01
2022-01-07,0.59,0.0,KL-PER-01
2022-01-08,0.56,0.0,KL-PER-01
2022-01-09,0.56,0.2,KL-PER-01
2022-01-10,0.53,0.0,KL-PER-01
2022-01-11,0.53,0.0,KL-PER-01
2022-01-12,0.5,0.0,KL-PER-01
2022-01-13,0.47,0.0,KL-PER-01
2022-01-14,0.47,0.4,KL-PER-01
2022-01-15,0.45,0.0,KL-PER-01
2022-01-16,0.44,0.1,KL-PER-01
2022-01-17,0.44,0.0,KL-PER-01
2022-01-18,0.42,0.0,KL-PER-01
2022-01-19,0.41,0.0,KL-PER-01
2022-01-20,0.41,0.0,KL-PER-01
2022-01-21,0.39,0.1,KL-PER-01
2022-01-22,0.39,0.0,KL-PER-01
2022-01-23,0.39,0.2,KL-PER-01
2022-01-24,0.37,0.0,KL-PER-01
2022-01-25,0.37,0.2,KL-PER-01
2022-01-26,0.36,1.5,KL-PER-01
2022-01-27,0.36,0.4,KL-PER-01
2022-01-28,0.36,0.0,KL-PER-01
2022-01-29,0.36,0.0,KL-PER-01
2022-01-30,0.36,0.1,KL-PER-01
2022-01-31,0.36,0.1,KL-PER-01
2022-02-01,0.36,0.1,KL-PER-01
2022-02-02,0.34,0.0,KL-PER-01
2022-02-03,0.34,2.0,KL-PER-01
2022-02-04,0.34,0.0,KL-PER-01
2022-02-05,0.34,0.0,KL-PER-01
2022-02-06,0.34,0.5,KL-PER-01
2022-02-07,0.33,0.0,KL-PER-01
2022-02-08,0.33,0.0,KL-PER-01
2022-02-09,0.33,0.1,KL-PER-01
2022-02-10,0.33,0.0,KL-PER-01
2022-02-11,0.33,0.0,KL-PER-01
2022-02-12,0.34,18.6,KL-PER-01
2022-02-13,0.34,0.7,KL-PER-01
2022-02-14,0.34,0.2,KL-PER-01
2022-02-15,0.34,0.2,KL-PER-01
2022-02-16,0.33,9.6,KL-PER-01
2022-02-17,0.33,0.6,KL-PER-01
2022-02-18,0.33,0.2,KL-PER-01
2022-02-19,0.34,0.0,KL-PER-01
2022-02-20,0.34,0.0,KL-PER-01
2022-02-21,0.34,0.2,KL-PER-01
2022-02-22,0.34,0.8,KL-PER-01
2022-02-23,0.34,0.5,KL-PER-01
2022-02-24,0.34,2.3,KL-PER-01
2022-02-25,0.34,0.0,KL-PER-01
2022-02-26,0.34,0.0,KL-PER-01
2022-02-27,0.34,0.2,KL-PER-01
2022-02-28,0.34,0.0,KL-PER-01
2022-03-01,0.34,0.0,KL-PER-01
2022-03-02,0.34,0.0,KL-PER-01
2022-03-03,0.34,0.0,KL-PER-01
2022-03-04,0.34,0.0,KL-PER-01
2022-03-05,0.34,0.0,KL-PER-01
2022-03-06,0.34,0.0,KL-PER-01
2022-03-07,0.34,0.4,KL-PER-01
2022-03-08,0.34,1.9,KL-PER-01
2022-03-09,0.34,0.0,KL-PER-01
2022-03-10,0.34,0.0,KL-PER-01
2022-03-11,0.34,0.0,KL-PER-01
2022-03-12,0.34,0.0,KL-PER-01
2022-03-13,0.34,0.0,KL-PER-01
2022-03-14,0.34,0.0,KL-PER-01
2022-03-15,0.34,1.2,KL-PER-01
2022-03-16,0.34,2.6,KL-PER-01
2022-03-17,0.34,1.3,KL-PER-01
2022-03-18,0.34,2.6,KL-PER-01
2022-03-19,0.34,4.5,KL-PER-01
2022-03-20,0.34,1.7,KL-PER-01
2022-03-21,0.34,1.3,KL-PER-01
2022-03-22,0.34,0.4,KL-PER-01
2022-03-23,0.34,6.6,KL-PER-01
2022-03-24,0.34,4.7,KL-PER-01
2022-03-25,0.34,2.3,KL-PER-01
2022-03-26,0.34,4.3,KL-PER-01
2022-03-27,0.34,5.7,KL-PER-01
2022-03-28,0.34,6.8,KL-PER-01
2022-03-29,0.34,4.9,KL-PER-01
2022-03-30,0.34,13.8,KL-PER-01
2022-03-31,0.34,3.2,KL-PER-01
2022-04-01,0.34,0.3,KL-PER-01
2022-04-02,0.34,5.6,KL-PER-01
2022-04-03,0.34,12.4,KL-PER-01
2022-04-04,0.34,6.2,KL-PER-01
2022-04-05,0.34,2.1,KL-PER-01
2022-04-06,0.34,3.0,KL-PER-01
2022-04-07,0.34,2.7,KL-PER-01
2022-04-08,0.34,22.0,KL-PER-01
2022-04-09,0.37,27.9,KL-PER-01
2022-04-10,0.41,13.3,KL-PER-01
2022-04-11,0.44,45.4,KL-PER-01
2022-04-12,0.5,7.1,KL-PER-01
2022-04-13,0.56,39.9,KL-PER-01
2022-04-14,0.69,8.2,KL-PER-01
2022-04-15,0.69,4.4,KL-PER-01
2022-04-16,0.69,7.5,KL-PER-01
2022-04-17,0.66,9.3,KL-PER-01
2022-04-18,0.66,15.2,KL-PER-01
2022-04-19,0.66,10.2,KL-PER-01
2022-04-20,0.69,0.3,KL-PER-01
2022-04-21,0.69,1.1,KL-PER-01
2022-04-22,0.69,3.5,KL-PER-01
2022-04-23,0.69,3.4,KL-PER-01
2022-04-24,0.69,7.4,KL-PER-01
2022-04-25,0.72,16.8,KL-PER-01
2022-04-26,0.72,5.0,KL-PER-01
2022-04-27,0.72,1.2,KL-PER-01
2022-04-28,0.69,8.6,KL-PER-01
2022-04-29,0.69,25.5,KL-PER-01
2022-04-30,0.72,0.6,KL-PER-01
2022-05-01,0.72,15.7,KL-PER-01
2022-05-02,0.78,3.7,KL-PER-01
2022-05-03,0.81,1.9,KL-PER-01
2022-05-04,0.85,14.8,KL-PER-01
2022-05-05,0.87,17.6,KL-PER-01
2022-05-06,0.91,2.7,KL-PER-01
2022-05-07,0.91,16.7,KL-PER-01
2022-05-08,0.91,7.0,KL-PER-01
2022-05-09,0.91,14.2,KL-PER-01
2022-05-10,0.97,22.9,KL-PER-01
2022-05-11,1.03,13.5,KL-PER-01
2022-05-12,1.06,38.5,KL-PER-01
2022-05-13,1.09,2.7,KL-PER-01
2022-05-14,1.59,43.2,KL-PER-01
2022-05-15,2.18,43.4,KL-PER-01
2022-05-16,2.44,36.1,KL-PER-01
2022-05-17,3.06,76.7,KL-PER-01
2022-05-18,5.68,59.5,KL-PER-01
2022-05-19,5.78,49.6,KL-PER-01
2022-05-20,5.22,25.2,KL-PER-01
2022-05-21,4.78,28.4,KL-PER-01
2022-05-22,4.53,23.4,KL-PER-01
2022-05-23,4.41,5.0,KL-PER-01
2022-05-24,4.15,7.7,KL-PER-01
2022-05-25,3.94,0.7,KL-PER-01
2022-05-26,3.75,12.4,KL-PER-01
2022-05-27,3.62,9.8,KL-PER-01
2022-05-28,3.5,13.2,KL-PER-01
2022-05-29,3.38,11.7,KL-PER-01
2022-05-30,3.22,3.2,KL-PER-01
2022-05-31,3.06,17.4,KL-PER-01
2022-06-01,3.06,2.9,KL-PER-01
2022-06-02,2.94,5.2,KL-PER-01
2022-06-03,2.85,8.2,KL-PER-01
2022-06-04,2.78,5.0,KL-PER-01
2022-06-05,2.72,22.1,KL-PER-01
2022-06-06,2.66,9.0,KL-PER-01
2022-06-07,2.56,18.3,KL-PER-01
2022-06-08,2.53,12.2,KL-PER-01
2022-06-09,2.44,10.8,KL-PER-01
2022-06-10,2.37,18.5,KL-PER-01
2022-06-11,2.37,9.0,KL-PER-01
2022-06-12,2.34,18.5,KL-PER-01
2022-06-13,2.31,10.2,KL-PER-01
2022-06-14,2.18,10.2,KL-PER-01
2022-06-15,2.09,34.0,KL-PER-01
2022-06-16,2.09,17.6,KL-PER-01
2022-06-17,2.09,21.1,KL-PER-01
2022-06-18,2.16,27.0,KL-PER-01
2022-06-19,2.31,5.9,KL-PER-01
2022-06-20,2.25,24.0,KL-PER-01
2022-06-21,2.28,13.7,KL-PER-01
2022-06-22,2.34,22.5,KL-PER-01
2022-06-23,2.34,23.9,KL-PER-01
2022-06-24,2.4,23.4,KL-PER-01
2022-06-25,2.5,18.4,KL-PER-01
2022-06-26,2.55,4.4,KL-PER-01
2022-06-27,2.48,13.0,KL-PER-01
2022-06-28,2.44,21.7,KL-PER-01
2022-06-29,2.66,11.4,KL-PER-01
2022-06-30,2.89,21.1,KL-PER-01
2022-07-01,3.19,14.1,KL-PER-01
2022-07-02,3.33,13.6,KL-PER-01
2022-07-03,4.24,50.6,KL-PER-01
2022-07-04,5.1,15.2,KL-PER-01
2022-07-05,5.52,21.2,KL-PER-01
2022-07-06,5.87,15.4,KL-PER-01
2022-07-07,6.43,37.9,KL-PER-01
2022-07-08,6.43,17.5,KL-PER-01
2022-07-09,6.33,18.7,KL-PER-01
2022-07-10,6.19,34.7,KL-PER-01
2022-07-11,6.01,31.8,KL-PER-01
2022-07-12,5.98,41.4,KL-PER-01
2022-07-13,6.29,43.4,KL-PER-01
2022-07-14,6.59,56.7,KL-PER-01
2022-07-15,6.59,33.6,KL-PER-01
2022-07-16,6.41,27.4,KL-PER-01
2022-07-17,6.21,13.9,KL-PER-01
2022-07-18,6.19,19.7,KL-PER-01
2022-07-19,6.16,6.8,KL-PER-01
2022-07-20,5.81,20.4,KL-PER-01
2022-07-21,5.56,4.1,KL-PER-01
2022-07-22,5.28,20.6,KL-PER-01
2022-07-23,5.12,20.1,KL-PER-01
2022-07-24,4.89,1.7,KL-PER-01
2022-07-25,4.61,0.8,KL-PER-01
2022-07-26,4.33,2.1,KL-PER-01
2022-07-27,4.19,44.3,KL-PER-01
2022-07-28,4.22,5.3,KL-PER-01
2022-07-29,4.14,17.0,KL-PER-01
2022-07-30,4.01,15.9,KL-PER-01
2022-07-31,3.88,35.3,KL-PER-01
2022-08-01,3.88,189.2,KL-PER-01
2022-08-02,4.81,53.5,KL-PER-01
2022-08-03,7.71,57.0,KL-PER-01
2022-08-04,11.94,57.8,KL-PER-01
2022-08-05,13.69,52.4,KL-PER-01
2022-08-06,13.06,44.9,KL-PER-01
2022-08-07,11.65,40.1,KL-PER-01
2022-08-08,11.27,27.9,KL-PER-01
2022-08-09,11.16,13.0,KL-PER-01
2022-08-10,10.4,5.1,KL-PER-01
2022-08-11,9.57,6.8,KL-PER-01
2022-08-12,8.84,3.6,KL-PER-01
2022-08-13,8.2,1.4,KL-PER-01
2022-08-14,7.63,0.1,KL-PER-01
2022-08-15,7.09,0.0,KL-PER-01
2022-08-16,6.59,0.5,KL-PER-01
2022-08-17,6.16,0.6,KL-PER-01
2022-08-18,5.75,7.5,KL-PER-01
2022-08-19,5.4,7.6,KL-PER-01
2022-08-20,5.11,1.5,KL-PER-01
2022-08-21,4.83,17.0,KL-PER-01
2022-08-22,4.53,45.5,KL-PER-01
2022-08-23,7.02,16.6,KL-PER-01
2022-08-24,9.47,17.9,KL-PER-01
2022-08-25,8.4,14.8,KL-PER-01
2022-08-26,7.53,26.9,KL-PER-01
2022-08-27,7.53,14.6,KL-PER-01
2022-08-28,9.52,23.1,KL-PER-01
2022-08-29,9.12,41.3,KL-PER-01
2022-08-30,8.08,19.6,KL-PER-01
2022-08-31,7.93,21.4,KL-PER-01
2022-09-01,7.63,16.2,KL-PER-01
2022-09-02,7.15,9.4,KL-PER-01
2022-09-03,6.78,8.9,KL-PER-01
2022-09-04,6.31,20.7,KL-PER-01
2022-09-05,5.93,28.7,KL-PER-01
2022-09-06,5.71,17.3,KL-PER-01
2022-09-07,6.05,30.1,KL-PER-01
2022-09-08,6.43,18.6,KL-PER-01
2022-09-09,6.35,16.3,KL-PER-01
2022-09-10,6.08,15.8,KL-PER-01
2022-09-11,5.98,10.7,KL-PER-01
2022-09-12,5.84,10.0,KL-PER-01
2022-09-13,5.59,4.3,KL-PER-01
2022-09-14,5.31,4.4,KL-PER-01
2022-09-15,5.0,1.4,KL-PER-01
2022-09-16,4.7,2.4,KL-PER-01
2022-09-17,4.42,4.8,KL-PER-01
2022-09-18,4.18,6.6,KL-PER-01
2022-09-19,3.93,4.7,KL-PER-01
2022-09-20,3.75,1.1,KL-PER-01
2022-09-21,3.56,2.4,KL-PER-01
2022-09-22,3.37,1.2,KL-PER-01
2022-09-23,3.18,1.5,KL-PER-01
2022-09-24,2.99,2.7,KL-PER-01
2022-09-25,2.83,12.0,KL-PER-01
2022-09-26,2.67,1.1,KL-PER-01
2022-09-27,2.52,0.4,KL-PER-01
2022-09-28,2.4,1.2,KL-PER-01
2022-09-29,2.27,1.0,KL-PER-01
2022-09-30,2.16,4.5,KL-PER-01
2022-10-01,2.08,2.6,KL-PER-01
2022-10-02,2.01,8.1,KL-PER-01
2022-10-03,1.94,8.6,KL-PER-01
2022-10-04,1.93,22.4,KL-PER-01
2022-10-05,1.89,14.2,KL-PER-01
2022-10-06,1.86,2.8,KL-PER-01
2022-10-07,1.84,3.9,KL-PER-01
2022-10-08,1.77,2.0,KL-PER-01
2022-10-09,1.68,7.3,KL-PER-01
2022-10-10,1.59,0.7,KL-PER-01
2022-10-11,1.56,1.3,KL-PER-01
2022-10-12,1.48,9.9,KL-PER-01
2022-10-13,1.48,37.9,KL-PER-01
2022-10-14,1.52,18.3,KL-PER-01
2022-10-15,1.77,33.7,KL-PER-01
2022-10-16,1.8,24.0,KL-PER-01
2022-10-17,1.84,34.2,KL-PER-01
2022-10-18,1.91,14.6,KL-PER-01
2022-10-19,2.27,17.6,KL-PER-01
2022-10-20,2.55,23.7,KL-PER-01
2022-10-21,2.53,26.7,KL-PER-01
2022-10-22,2.72,7.8,KL-PER-01
2022-10-23,2.84,8.1,KL-PER-01
2022-10-24,2.75,3.2,KL-PER-01
2022-10-25,2.64,1.1,KL-PER-01
2022-10-26,2.51,1.8,KL-PER-01
2022-10-27,2.37,1.4,KL-PER-01
2022-10-28,2.25,0.0,KL-PER-01
2022-10-29,2.14,2.9,KL-PER-01
2022-10-30,2.03,17.1,KL-PER-01
2022-10-31,2.0,18.0,KL-PER-01
2022-11-01,2.08,25.6,KL-PER-01
2022-11-02,2.18,23.0,KL-PER-01
2022-11-03,2.15,13.7,KL-PER-01
2022-11-04,2.16,16.9,KL-PER-01
2022-11-05,2.11,18.0,KL-PER-01
2022-11-06,2.3,25.9,KL-PER-01
2022-11-07,2.4,0.1,KL-PER-01
2022-11-08,2.5,5.9,KL-PER-01
2022-11-09,2.4,0.5,KL-PER-01
2022-11-10,2.45,1.3,KL-PER-01
2022-11-11,2.39,24.6,KL-PER-01
2022-11-12,2.28,9.6,KL-PER-01
2022-11-13,2.33,17.9,KL-PER-01
2022-11-14,2.25,17.6,KL-PER-01
2022-11-15,2.3,5.1,KL-PER-01
2022-11-16,2.52,3.0,KL-PER-01
2022-11-17,2.47,1.4,KL-PER-01
2022-11-18,2.35,0.0,KL-PER-01
2022-11-19,2.24,0.3,KL-PER-01
2022-11-20,2.13,2.2,KL-PER-01
2022-11-21,2.01,0.0,KL-PER-01
2022-11-22,1.9,0.7,KL-PER-01
2022-11-23,1.79,0.3,KL-PER-01
2022-11-24,1.7,0.0,KL-PER-01
2022-11-25,1.61,0.0,KL-PER-01
2022-11-26,1.52,5.8,KL-PER-01
2022-11-27,1.45,16.8,KL-PER-01
2022-11-28,1.4,11.2,KL-PER-01
2022-11-29,1.55,13.5,KL-PER-01
2022-11-30,1.59,1.0,KL-PER-01
2022-12-01,1.57,0.0,KL-PER-01
2022-12-02,1.5,11.2,KL-PER-01
2022-12-03,1.42,1.7,KL-PER-01
2022-12-04,1.42,6.4,KL-PER-01
2022-12-05,1.4,0.5,KL-PER-01
2022-12-06,1.4,0.0,KL-PER-01
2022-12-07,1.36,0.1,KL-PER-01
2022-12-08,1.3,0.0,KL-PER-01
2022-12-09,1.23,18.7,KL-PER-01
2022-12-10,1.18,18.5,KL-PER-01
2022-12-11,1.16,75.9,KL-PER-01
2022-12-12,1.2,14.3,KL-PER-01
2022-12-13,1.43,1.1,KL-PER-01
2022-12-14,1.39,7.3,KL-PER-01
2022-12-15,1.32,0.1,KL-PER-01
2022-12-16,1.33,0.0,KL-PER-01
2022-12-17,1.26,0.0,KL-PER-01
2022-12-18,1.2,1.1,KL-PER-01
2022-12-19,1.14,0.0,KL-PER-01
2022-12-20,1.08,0.0,KL-PER-01
2022-12-21,1.05,0.0,KL-PER-01
2022-12-22,1.01,0.0,KL-PER-01
2022-12-23,0.97,0.0,KL-PER-01
2022-12-24,0.93,0.0,KL-PER-01
2022-12-25,0.89,2.3,KL-PER-01
2022-12-26,0.85,2.8,KL-PER-01
2022-12-27,0.83,1.5,KL-PER-01
2022-12-28,0.8,0.9,KL-PER-01
2022-12-29,0.77,0.0,KL-PER-01
2022-12-30,0.75,0.0,KL-PER-01
2022-12-31,0.69,0.0,KL-PER-01
2023-01-01,0.67,0.0,KL-PER-01
2023-01-02,0.64,0.0,KL-PER-01
2023-01-03,0.62,0.0,KL-PER-01
2023-01-04,0.59,0.0,KL-PER-01
2023-01-05,0.58,0.0,KL-PER-01
2023-01-06,0.56,0.1,KL-PER-01
2023-01-07,0.53,0.0,KL-PER-01
2023-01-08,0.53,0.0,KL-PER-01
2023-01-09,0.52,0.0,KL-PER-01
2023-01-10,0.5,0.0,KL-PER-01
2023-01-11,0.49,0.0,KL-PER-01
2023-01-12,0.47,0.0,KL-PER-01
2023-01-13,0.45,0.0,KL-PER-01
2023-01-14,0.44,0.0,KL-PER-01
2023-01-15,0.42,0.0,KL-PER-01
2023-01-16,0.42,0.0,KL-PER-01
2023-01-17,0.41,0.0,KL-PER-01
2023-01-18,0.41,0.0,KL-PER-01
2023-01-19,0.39,0.0,KL-PER-01
2023-01-20,0.39,0.0,KL-PER-01
2023-01-21,0.37,0.0,KL-PER-01
2023-01-22,0.37,0.0,KL-PER-01
2023-01-23,0.37,1.1,KL-PER-01
2023-01-24,0.37,9.2,KL-PER-01
2023-01-25,0.42,0.2,KL-PER-01
2023-01-26,0.41,0.0,KL-PER-01
2023-01-27,0.41,0.0,KL-PER-01
2023-01-28,0.39,0.0,KL-PER-01
2023-01-29,0.39,0.0,KL-PER-01
2023-01-30,0.37,0.6,KL-PER-01
2023-01-31,0.37,2.2,KL-PER-01
2023-02-01,0.37,0.0,KL-PER-01
2023-02-02,0.37,2.2,KL-PER-01
2023-02-03,0.39,3.0,KL-PER-01
2023-02-04,0.41,1.8,KL-PER-01
2023-02-05,0.42,0.2,KL-PER-01
2023-02-06,0.42,0.0,KL-PER-01
2023-02-07,0.42,0.0,KL-PER-01
2023-02-08,0.41,0.0,KL-PER-01
2023-02-09,0.39,0.0,KL-PER-01
2023-02-10,0.39,0.0,KL-PER-01
2023-02-11,0.39,0.0,KL-PER-01
2023-02-12,0.37,0.0,KL-PER-01
2023-02-13,0.37,0.0,KL-PER-01
2023-02-14,0.37,0.0,KL-PER-01
2023-02-15,0.36,0.0,KL-PER-01
2023-02-16,0.36,0.0,KL-PER-01
2023-02-17,0.36,0.0,KL-PER-01
2023-02-18,0.36,0.0,KL-PER-01
2023-02-19,0.36,0.0,KL-PER-01
2023-02-20,0.34,0.0,KL-PER-01
2023-02-21,0.34,0.0,KL-PER-01
2023-02-22,0.34,0.1,KL-PER-01
2023-02-23,0.34,0.0,KL-PER-01
2023-02-24,0.34,0.0,KL-PER-01
2023-02-25,0.34,0.0,KL-PER-01
2023-02-26,0.34,0.0,KL-PER-01
2023-02-27,0.34,0.0,KL-PER-01
2023-02-28,0.34,0.0,KL-PER-01
2023-03-01,0.34,0.7,KL-PER-01
2023-03-02,0.34,0.0,KL-PER-01
2023-03-03,0.34,0.0,KL-PER-01
2023-03-04,0.34,0.0,KL-PER-01
2023-03-05,0.34,0.0,KL-PER-01
2023-03-06,0.34,0.0,KL-PER-01
2023-03-07,0.34,0.0,KL-PER-01
2023-03-08,0.34,0.0,KL-PER-01
2023-03-09,0.34,0.0,KL-PER-01
2023-03-10,0.34,0.0,KL-PER-01
2023-03-11,0.34,0.0,KL-PER-01
2023-03-12,0.34,0.1,KL-PER-01
2023-03-13,0.34,0.2,KL-PER-01
2023-03-14,0.34,1.6,KL-PER-01
2023-03-15,0.34,2.7,KL-PER-01
2023-03-16,0.34,6.7,KL-PER-01
2023-03-17,0.34,4.3,KL-PER-01
2023-03-18,0.34,9.8,KL-PER-01
2023-03-19,0.34,2.8,KL-PER-01
2023-03-20,0.34,1.7,KL-PER-01
2023-03-21,0.34,0.0,KL-PER-01
2023-03-22,0.34,0.0,KL-PER-01
2023-03-23,0.34,0.9,KL-PER-01
2023-03-24,0.34,13.6,KL-PER-01
2023-03-25,0.34,9.5,KL-PER-01
2023-03-26,0.34,10.5,KL-PER-01
2023-03-27,0.34,0.2,KL-PER-01
2023-03-28,0.34,0.7,KL-PER-01
2023-03-29,0.34,8.7,KL-PER-01
2023-03-30,0.34,6.0,KL-PER-01
2023-03-31,0.34,0.9,KL-PER-01
2023-04-01,0.34,2.2,KL-PER-01
2023-04-02,0.34,5.6,KL-PER-01
2023-04-03,0.34,5.9,KL-PER-01
2023-04-04,0.34,0.0,KL-PER-01
2023-04-05,0.34,12.3,KL-PER-01
2023-04-06,0.37,2.9,KL-PER-01
2023-04-07,0.37,1.8,KL-PER-01
2023-04-08,0.37,5.6,KL-PER-01
2023-04-09,0.37,5.2,KL-PER-01
2023-04-10,0.37,0.0,KL-PER-01
2023-04-11,0.37,0.0,KL-PER-01
2023-04-12,0.34,1.0,KL-PER-01
2023-04-13,0.34,0.0,KL-PER-01
2023-04-14,0.34,0.0,KL-PER-01
2023-04-15,0.34,0.0,KL-PER-01
2023-04-16,0.34,0.4,KL-PER-01
2023-04-17,0.34,0.2,KL-PER-01
2023-04-18,0.34,0.4,KL-PER-01
2023-04-19,0.34,1.5,KL-PER-01
2023-04-20,0.34,4.1,KL-PER-01
2023-04-21,0.34,7.0,KL-PER-01
2023-04-22,0.34,15.3,KL-PER-01
2023-04-23,0.37,8.2,KL-PER-01
2023-04-24,0.37,11.4,KL-PER-01
2023-04-25,0.37,6.0,KL-PER-01
2023-04-26,0.41,13.2,KL-PER-01
2023-04-27,0.44,7.6,KL-PER-01
2023-04-28,0.44,13.9,KL-PER-01
2023-04-29,0.44,36.4,KL-PER-01
2023-04-30,0.47,25.7,KL-PER-01
2023-05-01,0.53,23.6,KL-PER-01
2023-05-02,0.59,13.9,KL-PER-01
2023-05-03,0.63,2.2,KL-PER-01
2023-05-04,0.59,0.0,KL-PER-01
2023-05-05,0.56,1.5,KL-PER-01
2023-05-06,0.56,5.1,KL-PER-01
2023-05-07,0.56,1.2,KL-PER-01
2023-05-08,0.56,12.0,KL-PER-01
2023-05-09,0.56,19.1,KL-PER-01
2023-05-10,0.59,10.0,KL-PER-01
2023-05-11,0.63,8.7,KL-PER-01
2023-05-12,0.66,13.0,KL-PER-01
2023-05-13,0.66,13.9,KL-PER-01
2023-05-14,0.66,5.2,KL-PER-01
2023-05-15,0.66,1.6,KL-PER-01
2023-05-16,0.66,0.7,KL-PER-01
2023-05-17,0.63,2.6,KL-PER-01
2023-05-18,0.66,4.7,KL-PER-01
2023-05-19,0.69,6.4,KL-PER-01
2023-05-20,0.72,12.5,KL-PER-01
2023-05-21,0.72,13.2,KL-PER-01
2023-05-22,0.75,10.1,KL-PER-01
2023-05-23,0.78,14.7,KL-PER-01
2023-05-24,0.78,5.0,KL-PER-01
2023-05-25,0.78,5.7,KL-PER-01
2023-05-26,0.78,5.5,KL-PER-01
2023-05-27,0.78,3.3,KL-PER-01
2023-05-28,0.81,8.2,KL-PER-01
2023-05-29,0.85,12.7,KL-PER-01
2023-05-30,0.87,7.3,KL-PER-01
2023-05-31,0.87,17.6,KL-PER-01
2023-06-01,0.97,11.0,KL-PER-01
2023-06-02,0.97,12.1,KL-PER-01
2023-06-03,1.0,21.2,KL-PER-01
2023-06-04,1.06,3.5,KL-PER-01
2023-06-05,1.06,17.6,KL-PER-01
2023-06-06,1.09,5.0,KL-PER-01
2023-06-07,1.12,26.7,KL-PER-01
2023-06-08,1.19,4.9,KL-PER-01
2023-06-09,1.19,18.7,KL-PER-01
2023-06-10,1.25,12.6,KL-PER-01
2023-06-11,1.44,10.4,KL-PER-01
2023-06-12,1.47,33.9,KL-PER-01
2023-06-13,1.55,13.7,KL-PER-01
2023-06-14,1.61,9.1,KL-PER-01
2023-06-15,1.58,3.9,KL-PER-01
2023-06-16,1.52,2.7,KL-PER-01
2023-06-17,1.48,7.3,KL-PER-01
2023-06-18,1.45,10.6,KL-PER-01
2023-06-19,1.44,6.3,KL-PER-01
2023-06-20,1.4,19.1,KL-PER-01
2023-06-21,1.39,10.0,KL-PER-01
2023-06-22,1.4,13.0,KL-PER-01
2023-06-23,1.36,10.8,KL-PER-01
2023-06-24,1.33,1.8,KL-PER-01
2023-06-25,1.3,46.6,KL-PER-01
2023-06-26,1.39,9.7,KL-PER-01
2023-06-27,1.55,20.1,KL-PER-01
2023-06-28,1.86,35.2,KL-PER-01
2023-06-29,2.03,30.7,KL-PER-01
2023-06-30,2.06,8.0,KL-PER-01
2023-07-01,2.0,5.6,KL-PER-01
2023-07-02,1.95,33.4,KL-PER-01
2023-07-03,3.14,51.6,KL-PER-01
2023-07-04,6.13,77.1,KL-PER-01
2023-07-05,8.95,93.2,KL-PER-01
2023-07-06,8.91,42.0,KL-PER-01
2023-07-07,8.68,31.8,KL-PER-01
2023-07-08,7.89,15.9,KL-PER-01
2023-07-09,7.05,3.0,KL-PER-01
2023-07-10,6.36,7.9,KL-PER-01
2023-07-11,5.93,8.7,KL-PER-01
2023-07-12,5.55,16.0,KL-PER-01
2023-07-13,5.19,23.8,KL-PER-01
2023-07-14,5.05,3.2,KL-PER-01
2023-07-15,4.73,7.1,KL-PER-01
2023-07-16,4.48,10.6,KL-PER-01
2023-07-17,4.24,14.4,KL-PER-01
2023-07-18,4.05,26.5,KL-PER-01
2023-07-19,4.0,26.3,KL-PER-01
2023-07-20,3.97,5.6,KL-PER-01
2023-07-21,3.89,9.4,KL-PER-01
2023-07-22,3.8,15.5,KL-PER-01
2023-07-23,3.84,40.8,KL-PER-01
2023-07-24,4.04,27.6,KL-PER-01
2023-07-25,3.95,11.9,KL-PER-01
2023-07-26,3.86,14.2,KL-PER-01
2023-07-27,3.94,9.8,KL-PER-01
2023-07-28,3.8,1.3,KL-PER-01
2023-07-29,3.61,0.9,KL-PER-01
2023-07-30,3.41,2.5,KL-PER-01
2023-07-31,3.24,3.8,KL-PER-01
2023-08-01,3.09,3.2,KL-PER-01
2023-08-02,2.97,5.1,KL-PER-01
2023-08-03,2.86,5.6,KL-PER-01
2023-08-04,2.73,10.3,KL-PER-01
2023-08-05,2.75,2.5,KL-PER-01
2023-08-06,2.72,4.2,KL-PER-01
2023-08-07,2.5,3.8,KL-PER-01
2023-08-08,2.37,6.1,KL-PER-01
2023-08-09,2.27,3.0,KL-PER-01
2023-08-10,2.15,9.5,KL-PER-01
2023-08-11,2.07,3.6,KL-PER-01
2023-08-12,2.01,12.1,KL-PER-01
2023-08-13,1.91,4.3,KL-PER-01
2023-08-14,1.91,1.7,KL-PER-01
2023-08-15,1.81,1.1,KL-PER-01
2023-08-16,1.74,2.2,KL-PER-01
2023-08-17,1.65,3.4,KL-PER-01
2023-08-18,1.57,9.3,KL-PER-01
2023-08-19,1.51,3.3,KL-PER-01
2023-08-20,1.48,2.9,KL-PER-01
2023-08-21,1.42,1.3,KL-PER-01
2023-08-22,1.34,0.8,KL-PER-01
2023-08-23,1.3,0.4,KL-PER-01
2023-08-24,1.23,0.9,KL-PER-01
2023-08-25,1.17,0.9,KL-PER-01
2023-08-26,1.11,1.7,KL-PER-01
2023-08-27,1.06,3.9,KL-PER-01
2023-08-28,1.01,9.5,KL-PER-01
2023-08-29,0.99,29.2,KL-PER-01
2023-08-30,1.1,5.6,KL-PER-01
2023-08-31,1.19,13.4,KL-PER-01
2023-09-01,1.13,8.4,KL-PER-01
2023-09-02,1.14,14.2,KL-PER-01
2023-09-03,1.19,42.5,KL-PER-01
2023-09-04,1.31,19.9,KL-PER-01
2023-09-05,1.55,33.7,KL-PER-01
2023-09-06,1.48,34.2,KL-PER-01
2023-09-07,1.5,31.7,KL-PER-01
2023-09-08,2.0,17.9,KL-PER-01
2023-09-09,2.46,23.3,KL-PER-01
2023-09-10,2.81,84.3,KL-PER-01
2023-09-11,2.98,39.9,KL-PER-01
2023-09-12,3.14,18.8,KL-PER-01
2023-09-13,3.49,11.4,KL-PER-01
2023-09-14,3.16,38.7,KL-PER-01
2023-09-15,3.18,24.7,KL-PER-01
2023-09-16,3.6,38.4,KL-PER-01
2023-09-17,3.79,28.5,KL-PER-01
2023-09-18,3.46,23.4,KL-PER-01
2023-09-19,3.45,11.2,KL-PER-01
2023-09-20,3.44,3.5,KL-PER-01
2023-09-21,3.25,12.6,KL-PER-01
2023-09-22,3.2,43.3,KL-PER-01
2023-09-23,3.45,31.0,KL-PER-01
2023-09-24,3.27,14.6,KL-PER-01
2023-09-25,3.74,7.9,KL-PER-01
2023-09-26,3.45,14.7,KL-PER-01
2023-09-27,3.25,15.5,KL-PER-01
2023-09-28,3.12,62.5,KL-PER-01
2023-09-29,4.47,30.9,KL-PER-01
2023-09-30,5.03,48.8,KL-PER-01
2023-10-01,4.01,45.2,KL-PER-01
2023-10-02,4.78,36.6,KL-PER-01
2023-10-03,5.18,2.5,KL-PER-01
2023-10-04,4.68,8.7,KL-PER-01
2023-10-05,4.04,0.9,KL-PER-01
2023-10-06,3.78,0.0,KL-PER-01
2023-10-07,3.54,0.0,KL-PER-01
2023-10-08,3.31,4.0,KL-PER-01
2023-10-09,3.08,0.3,KL-PER-01
2023-10-10,3.04,20.2,KL-PER-01
2023-10-11,2.77,14.1,KL-PER-01
2023-10-12,3.01,33.9,KL-PER-01
2023-10-13,3.41,31.7,KL-PER-01
2023-10-14,2.89,71.1,KL-PER-01
2023-10-15,3.67,15.5,KL-PER-01
2023-10-16,3.67,6.5,KL-PER-01
2023-10-17,3.48,79.1,KL-PER-01
2023-10-18,4.01,2.3,KL-PER-01
2023-10-19,4.19,6.0,KL-PER-01
2023-10-20,3.79,2.5,KL-PER-01
2023-10-21,3.6,13.7,KL-PER-01
2023-10-22,3.34,19.3,KL-PER-01
2023-10-23,3.36,43.7,KL-PER-01
2023-10-24,3.33,7.0,KL-PER-01
2023-10-25,3.43,6.7,KL-PER-01
2023-10-26,3.91,12.6,KL-PER-01
2023-10-27,4.3,16.4,KL-PER-01
2023-10-28,4.22,16.3,KL-PER-01
2023-10-29,3.88,19.9,KL-PER-01
2023-10-30,3.94,30.9,KL-PER-01
2023-10-31,4.11,15.1,KL-PER-01
2023-11-01,3.89,6.4,KL-PER-01
2023-11-02,3.94,18.6,KL-PER-01
2023-11-03,3.8,24.4,KL-PER-01
2023-11-04,3.85,35.0,KL-PER-01
2023-11-05,4.41,15.1,KL-PER-01
2023-11-06,4.58,11.9,KL-PER-01
2023-11-07,6.16,14.8,KL-PER-01
2023-11-08,5.56,15.0,KL-PER-01
2023-11-09,5.31,10.0,KL-PER-01
2023-11-10,5.17,8.6,KL-PER-01
2023-11-11,5.07,18.6,KL-PER-01
2023-11-12,4.93,0.0,KL-PER-01
2023-11-13,4.75,0.0,KL-PER-01
2023-11-14,4.38,3.6,KL-PER-01
2023-11-15,4.11,4.5,KL-PER-01
2023-11-16,3.89,7.5,KL-PER-01
2023-11-17,3.67,3.9,KL-PER-01
2023-11-18,3.55,16.3,KL-PER-01
2023-11-19,3.37,0.6,KL-PER-01
2023-11-20,3.24,0.0,KL-PER-01
2023-11-21,3.09,17.3,KL-PER-01
2023-11-22,2.97,24.9,KL-PER-01
2023-11-23,3.1,14.1,KL-PER-01
2023-11-24,2.89,0.9,KL-PER-01
2023-11-25,3.95,17.0,KL-PER-01
2023-11-26,4.14,9.1,KL-PER-01
2023-11-27,3.98,0.2,KL-PER-01
2023-11-28,3.66,6.2,KL-PER-01
2023-11-29,3.36,0.9,KL-PER-01
2023-11-30,3.23,7.7,KL-PER-01
2023-12-01,3.08,4.0,KL-PER-01
2023-12-02,2.89,1.4,KL-PER-01
2023-12-03,2.85,1.2,KL-PER-01
2023-12-04,2.63,2.1,KL-PER-01
2023-12-05,2.52,0.3,KL-PER-01
2023-12-06,2.44,0.1,KL-PER-01
2023-12-07,2.27,3.3,KL-PER-01
2023-12-08,2.14,3.4,KL-PER-01
2023-12-09,2.04,12.2,KL-PER-01
2023-12-10,1.96,1.7,KL-PER-01
2023-12-11,1.98,6.1,KL-PER-01
2023-12-12,1.91,2.4,KL-PER-01
2023-12-13,1.9,0.1,KL-PER-01
2023-12-14,1.78,0.0,KL-PER-01
2023-12-15,1.72,0.1,KL-PER-01
2023-12-16,1.62,1.9,KL-PER-01
2023-12-17,1.55,25.9,KL-PER-01
2023-12-18,1.52,15.7,KL-PER-01
2023-12-19,1.65,0.9,KL-PER-01
2023-12-20,1.93,0.0,KL-PER-01
2023-12-21,2.01,3.4,KL-PER-01
2023-12-22,1.9,0.0,KL-PER-01
2023-12-23,1.82,0.0,KL-PER-01
2023-12-24,1.7,0.0,KL-PER-01
2023-12-25,1.62,0.0,KL-PER-01
2023-12-26,1.53,0.0,KL-PER-01
2023-12-27,1.45,0.0,KL-PER-01
2023-12-28,1.38,0.0,KL-PER-01
2023-12-29,1.3,0.1,KL-PER-01
2023-12-30,1.23,0.0,KL-PER-01
2023-12-31,1.17,0.0,KL-PER-01
2024-01-01,1.11,0.0,KL-PER-01
2024-01-02,1.06,0.1,KL-PER-01
2024-01-03,1.01,6.0,KL-PER-01
2024-01-04,0.97,20.7,KL-PER-01
2024-01-05,0.99,3.6,KL-PER-01
2024-01-06,1.04,8.0,KL-PER-01
2024-01-07,1.05,15.6,KL-PER-01
2024-01-08,1.22,3.4,KL-PER-01
2024-01-09,1.21,19.6,KL-PER-01
2024-01-10,1.11,13.1,KL-PER-01
2024-01-11,1.34,0.0,KL-PER-01
2024-01-12,1.4,0.1,KL-PER-01
2024-01-13,1.23,0.0,KL-PER-01
2024-01-14,1.17,0.0,KL-PER-01
2024-01-15,1.11,0.0,KL-PER-01
2024-01-16,1.05,2.7,KL-PER-01
2024-01-17,1.0,0.2,KL-PER-01
2024-01-18,0.97,0.0,KL-PER-01
2024-01-19,0.92,0.7,KL-PER-01
2024-01-20,0.89,3.1,KL-PER-01
2024-01-21,0.87,0.0,KL-PER-01
2024-01-22,0.83,0.0,KL-PER-01
2024-01-23,0.83,0.0,KL-PER-01
2024-01-24,0.8,18.2,KL-PER-01
2024-01-25,0.77,0.0,KL-PER-01
2024-01-26,0.85,0.0,KL-PER-01
2024-01-27,0.75,0.0,KL-PER-01
2024-01-28,0.72,0.0,KL-PER-01
2024-01-29,0.69,0.0,KL-PER-01
2024-01-30,0.67,0.0,KL-PER-01
2024-01-31,0.64,0.0,KL-PER-01
2024-02-01,0.61,0.0,KL-PER-01
2024-02-02,0.61,0.0,KL-PER-01
2024-02-03,0.58,0.4,KL-PER-01
2024-02-04,0.56,0.0,KL-PER-01
2024-02-05,0.55,0.0,KL-PER-01
2024-02-06,0.53,0.0,KL-PER-01
2024-02-07,0.52,0.0,KL-PER-01
2024-02-08,0.5,0.0,KL-PER-01
2024-02-09,0.49,0.1,KL-PER-01
2024-02-10,0.47,0.0,KL-PER-01
2024-02-11,0.45,0.0,KL-PER-01
2024-02-12,0.45,0.0,KL-PER-01
2024-02-13,0.44,0.0,KL-PER-01
2024-02-14,0.42,0.0,KL-PER-01
2024-02-15,0.41,0.0,KL-PER-01
2024-02-16,0.41,0.0,KL-PER-01
2024-02-17,0.39,0.7,KL-PER-01
2024-02-18,0.39,0.2,KL-PER-01
2024-02-19,0.39,0.0,KL-PER-01
2024-02-20,0.37,0.0,KL-PER-01
2024-02-21,0.36,0.0,KL-PER-01
2024-02-22,0.36,1.6,KL-PER-01
2024-02-23,0.36,0.1,KL-PER-01
2024-02-24,0.36,0.4,KL-PER-01
2024-02-25,0.34,0.0,KL-PER-01
2024-02-26,0.34,0.0,KL-PER-01
2024-02-27,0.34,0.0,KL-PER-01
2024-02-28,0.34,0.0,KL-PER-01
2024-02-29,0.33,0.0,KL-PER-01
2024-03-01,0.33,0.0,KL-PER-01
2024-03-02,0.33,0.0,KL-PER-01
2024-03-03,0.33,0.1,KL-PER-01
2024-03-04,0.33,0.0,KL-PER-01
2024-03-05,0.33,0.0,KL-PER-01
2024-03-06,0.33,0.3,KL-PER-01
2024-03-07,0.33,0.0,KL-PER-01
2024-03-08,0.33,8.3,KL-PER-01
2024-03-09,0.33,1.6,KL-PER-01
2024-03-10,0.33,0.2,KL-PER-01
2024-03-11,0.33,5.9,KL-PER-01
2024-03-12,0.33,1.2,KL-PER-01
2024-03-13,0.33,3.1,KL-PER-01
2024-03-14,0.33,0.7,KL-PER-01
2024-03-15,0.33,2.4,KL-PER-01
2024-03-16,0.33,0.8,KL-PER-01
2024-03-17,0.33,1.3,KL-PER-01
2024-03-18,0.33,0.5,KL-PER-01
2024-03-19,0.33,0.0,KL-PER-01
2024-03-20,0.33,1.9,KL-PER-01
2024-03-21,0.33,0.5,KL-PER-01
2024-03-22,0.33,0.6,KL-PER-01
2024-03-23,0.33,5.2,KL-PER-01
2024-03-24,0.33,0.1,KL-PER-01
2024-03-25,0.33,1.2,KL-PER-01
2024-03-26,0.33,1.2,KL-PER-01
2024-03-27,0.33,0.2,KL-PER-01
2024-03-28,0.33,3.7,KL-PER-01
2024-03-29,0.33,1.6,KL-PER-01
2024-03-30,0.34,3.4,KL-PER-01
2024-03-31,0.34,0.6,KL-PER-01
2024-04-01,0.34,3.1,KL-PER-01
2024-04-02,0.33,23.7,KL-PER-01
2024-04-03,0.33,3.9,KL-PER-01
2024-04-04,0.34,16.3,KL-PER-01
2024-04-05,0.34,2.0,KL-PER-01
2024-04-06,0.34,0.2,KL-PER-01
2024-04-07,0.33,23.4,KL-PER-01
2024-04-08,0.33,16.3,KL-PER-01
2024-04-09,0.34,0.2,KL-PER-01
2024-04-10,0.34,1.4,KL-PER-01
2024-04-11,0.33,5.6,KL-PER-01
2024-04-12,0.33,15.3,KL-PER-01
2024-04-13,0.33,7.7,KL-PER-01
2024-04-14,0.34,0.3,KL-PER-01
2024-04-15,0.34,2.0,KL-PER-01
2024-04-16,0.36,4.7,KL-PER-01
2024-04-17,0.34,1.7,KL-PER-01
2024-04-18,0.34,4.4,KL-PER-01
2024-04-19,0.34,24.6,KL-PER-01
2024-04-20,0.36,2.3,KL-PER-01
2024-04-21,0.36,19.9,KL-PER-01
2024-04-22,0.36,4.0,KL-PER-01
2024-04-23,0.37,0.1,KL-PER-01
2024-04-24,0.36,0.6,KL-PER-01
2024-04-25,0.36,1.4,KL-PER-01
2024-04-26,0.36,9.2,KL-PER-01
2024-04-27,0.37,0.2,KL-PER-01
2024-04-28,0.37,3.5,KL-PER-01
2024-04-29,0.37,4.0,KL-PER-01
2024-04-30,0.37,10.0,KL-PER-01
2024-05-01,0.37,3.1,KL-PER-01
2024-05-02,0.36,2.9,KL-PER-01
2024-05-03,0.36,14.7,KL-PER-01
2024-05-04,0.36,8.9,KL-PER-01
2024-05-05,0.37,3.6,KL-PER-01
2024-05-06,0.37,0.5,KL-PER-01
2024-05-07,0.36,0.4,KL-PER-01
2024-05-08,0.36,50.1,KL-PER-01
2024-05-09,0.36,13.9,KL-PER-01
2024-05-10,0.37,1.4,KL-PER-01
2024-05-11,0.39,2.8,KL-PER-01
2024-05-12,0.45,8.5,KL-PER-01
2024-05-13,0.45,3.8,KL-PER-01
2024-05-14,0.52,8.0,KL-PER-01
2024-05-15,0.56,17.9,KL-PER-01
2024-05-16,0.55,11.1,KL-PER-01
2024-05-17,0.64,18.2,KL-PER-01
2024-05-18,0.63,41.3,KL-PER-01
2024-05-19,1.12,30.8,KL-PER-01
2024-05-20,2.6,38.8,KL-PER-01
2024-05-21,2.97,29.0,KL-PER-01
2024-05-22,5.28,169.0,KL-PER-01
2024-05-23,6.29,124.5,KL-PER-01
2024-05-24,7.85,79.1,KL-PER-01
2024-05-25,8.86,38.1,KL-PER-01
2024-05-26,10.51,18.2,KL-PER-01
2024-05-27,9.52,37.6,KL-PER-01
2024-05-28,9.09,22.7,KL-PER-01
2024-05-29,8.4,44.4,KL-PER-01
2024-05-30,7.67,41.4,KL-PER-01
2024-05-31,7.24,32.5,KL-PER-01
2024-06-01,7.67,6.8,KL-PER-01
2024-06-02,7.51,22.1,KL-PER-01
2024-06-03,7.24,30.2,KL-PER-01
2024-06-04,6.73,26.6,KL-PER-01
2024-06-05,6.62,30.9,KL-PER-01
2024-06-06,6.26,30.6,KL-PER-01
2024-06-07,5.82,49.4,KL-PER-01
2024-06-08,5.76,127.0,KL-PER-01
2024-06-09,5.76,13.3,KL-PER-01
2024-06-10,5.78,6.4,KL-PER-01
2024-06-11,6.33,20.5,KL-PER-01
2024-06-12,5.98,19.7,KL-PER-01
2024-06-13,5.71,12.2,KL-PER-01
2024-06-14,5.46,6.6,KL-PER-01
2024-06-15,5.22,1.2,KL-PER-01
2024-06-16,4.83,8.6,KL-PER-01
2024-06-17,4.5,22.7,KL-PER-01
2024-06-18,4.37,34.9,KL-PER-01
2024-06-19,4.3,32.0,KL-PER-01
2024-06-20,4.56,30.9,KL-PER-01
2024-06-21,5.61,20.1,KL-PER-01
2024-06-22,4.89,28.3,KL-PER-01
2024-06-23,4.13,50.8,KL-PER-01
2024-06-24,5.4,44.4,KL-PER-01
2024-06-25,7.15,86.4,KL-PER-01
2024-06-26,8.93,72.2,KL-PER-01
2024-06-27,9.3,31.7,KL-PER-01
2024-06-28,8.62,8.2,KL-PER-01
2024-06-29,8.51,6.1,KL-PER-01
2024-06-30,7.63,26.1,KL-PER-01
2024-07-01,7.11,12.4,KL-PER-01
2024-07-02,6.8,6.0,KL-PER-01
2024-07-03,6.01,8.2,KL-PER-01
2024-07-04,5.68,5.7,KL-PER-01
2024-07-05,5.41,16.8,KL-PER-01
2024-07-06,5.05,2.7,KL-PER-01
2024-07-07,4.96,16.0,KL-PER-01
2024-07-08,5.07,29.2,KL-PER-01
2024-07-09,5.41,10.6,KL-PER-01
2024-07-10,4.66,13.7,KL-PER-01
2024-07-11,4.71,1.0,KL-PER-01
2024-07-12,4.3,34.9,KL-PER-01
2024-07-13,4.46,63.9,KL-PER-01
2024-07-14,4.96,42.8,KL-PER-01
2024-07-15,6.31,99.5,KL-PER-01
2024-07-16,7.53,75.1,KL-PER-01
2024-07-17,8.2,87.7,KL-PER-01
2024-07-18,9.26,57.2,KL-PER-01
2024-07-19,9.5,10.0,KL-PER-01
2024-07-20,8.46,8.9,KL-PER-01
2024-07-21,7.24,2.7,KL-PER-01
2024-07-22,6.8,3.8,KL-PER-01
2024-07-23,6.31,7.9,KL-PER-01
2024-07-24,5.97,26.6,KL-PER-01
2024-07-25,5.76,18.5,KL-PER-01
2024-07-26,5.81,16.6,KL-PER-01
2024-07-27,5.59,7.8,KL-PER-01
2024-07-28,5.73,32.9,KL-PER-01
2024-07-29,5.32,48.9,KL-PER-01
2024-07-30,6.14,25.6,KL-PER-01
2024-07-31,6.38,25.8,KL-PER-01
2024-08-01,6.87,17.8,KL-PER-01
2024-08-02,7.34,10.1,KL-PER-01
2024-08-03,6.76,29.6,KL-PER-01
2024-08-04,6.45,2.8,KL-PER-01
2024-08-05,6.31,53.5,KL-PER-01
2024-08-06,6.1,10.4,KL-PER-01
2024-08-07,5.92,8.7,KL-PER-01
2024-08-08,5.67,26.7,KL-PER-01
2024-08-09,5.7,3.3,KL-PER-01
2024-08-10,4.92,8.5,KL-PER-01
2024-08-11,4.58,14.2,KL-PER-01
2024-08-12,4.28,27.5,KL-PER-01
2024-08-13,4.53,15.0,KL-PER-01
2024-08-14,4.48,27.7,KL-PER-01
2024-08-15,4.62,7.3,KL-PER-01
2024-08-16,5.5,35.1,KL-PER-01
2024-08-17,5.4,4.8,KL-PER-01
2024-08-18,5.46,5.7,KL-PER-01
2024-08-19,4.5,15.2,KL-PER-01
2024-08-20,4.48,27.2,KL-PER-01
2024-08-21,4.6,7.0,KL-PER-01
2024-08-22,4.37,1.3,KL-PER-01
2024-08-23,4.32,2.6,KL-PER-01
2024-08-24,3.99,7.9,KL-PER-01
2024-08-25,3.79,3.6,KL-PER-01
2024-08-26,3.68,5.7,KL-PER-01
2024-08-27,3.48,9.7,KL-PER-01
2024-08-28,3.41,11.1,KL-PER-01
2024-08-29,3.31,20.4,KL-PER-01
2024-08-30,3.31,25.3,KL-PER-01
2024-08-31,3.33,11.0,KL-PER-01
2024-09-01,3.29,34.9,KL-PER-01
2024-09-02,3.41,27.9,KL-PER-01
2024-09-03,3.9,8.2,KL-PER-01
2024-09-04,4.15,7.7,KL-PER-01
2024-09-05,3.5,5.7,KL-PER-01
2024-09-06,3.34,3.6,KL-PER-01
2024-09-07,3.14,8.5,KL-PER-01
2024-09-08,3.07,21.7,KL-PER-01
2024-09-09,3.04,27.7,KL-PER-01
2024-09-10,2.98,11.5,KL-PER-01
2024-09-11,3.19,23.5,KL-PER-01
2024-09-12,3.1,12.0,KL-PER-01
2024-09-13,3.23,3.7,KL-PER-01
2024-09-14,3.1,10.0,KL-PER-01
2024-09-15,2.9,16.3,KL-PER-01
2024-09-16,2.88,2.0,KL-PER-01
2024-09-17,2.78,3.0,KL-PER-01
2024-09-18,2.54,1.0,KL-PER-01
2024-09-19,2.42,2.0,KL-PER-01
2024-09-20,2.29,2.2,KL-PER-01
2024-09-21,2.18,2.6,KL-PER-01
2024-09-22,2.06,4.7,KL-PER-01
2024-09-23,1.96,35.1,KL-PER-01
2024-09-24,2.36,3.9,KL-PER-01
2024-09-25,2.63,8.6,KL-PER-01
2024-09-26,1.94,1.1,KL-PER-01
2024-09-27,1.92,2.6,KL-PER-01
2024-09-28,1.82,14.6,KL-PER-01
2024-09-29,1.77,3.7,KL-PER-01
2024-09-30,1.7,7.1,KL-PER-01
2024-10-01,1.67,8.1,KL-PER-01
2024-10-02,1.9,5.1,KL-PER-01
2024-10-03,1.75,9.5,KL-PER-01
2024-10-04,1.7,23.4,KL-PER-01
2024-10-05,1.67,0.8,KL-PER-01
2024-10-06,1.81,25.0,KL-PER-01
2024-10-07,1.52,10.4,KL-PER-01
2024-10-08,1.67,10.9,KL-PER-01
2024-10-09,1.68,57.2,KL-PER-01
2024-10-10,1.77,26.2,KL-PER-01
2024-10-11,1.79,43.2,KL-PER-01
2024-10-12,2.14,15.5,KL-PER-01
2024-10-13,2.18,23.3,KL-PER-01
2024-10-14,1.82,35.2,KL-PER-01
2024-10-15,1.99,20.7,KL-PER-01
2024-10-16,1.84,18.8,KL-PER-01
2024-10-17,1.96,7.3,KL-PER-01
2024-10-18,2.03,2.9,KL-PER-01
2024-10-19,1.9,7.4,KL-PER-01
2024-10-20,1.74,5.7,KL-PER-01
2024-10-21,1.68,12.2,KL-PER-01
2024-10-22,1.61,10.3,KL-PER-01
2024-10-23,1.62,14.2,KL-PER-01
2024-10-24,1.59,20.1,KL-PER-01
2024-10-25,1.66,57.1,KL-PER-01
2024-10-26,1.96,18.5,KL-PER-01
2024-10-27,2.16,1.9,KL-PER-01
2024-10-28,1.75,2.1,KL-PER-01
2024-10-29,1.64,7.1,KL-PER-01
2024-10-30,1.58,2.0,KL-PER-01
2024-10-31,1.51,4.2,KL-PER-01
2024-11-01,1.41,17.7,KL-PER-01
2024-11-02,1.38,23.3,KL-PER-01
2024-11-03,1.44,19.2,KL-PER-01
2024-11-04,1.52,34.5,KL-PER-01
2024-11-05,2.29,3.0,KL-PER-01
2024-11-06,2.55,1.1,KL-PER-01
2024-11-07,2.43,8.4,KL-PER-01
2024-11-08,2.25,14.9,KL-PER-01
2024-11-09,2.13,0.7,KL-PER-01
2024-11-10,2.17,0.0,KL-PER-01
2024-11-11,2.16,3.8,KL-PER-01
2024-11-12,2.02,1.2,KL-PER-01
2024-11-13,1.91,6.3,KL-PER-01
2024-11-14,1.84,19.1,KL-PER-01
2024-11-15,1.79,3.9,KL-PER-01
2024-11-16,1.91,14.8,KL-PER-01
2024-11-17,2.04,2.8,KL-PER-01
2024-11-18,2.07,0.0,KL-PER-01
2024-11-19,1.96,1.7,KL-PER-01
2024-11-20,1.77,5.7,KL-PER-01
2024-11-21,1.67,0.3,KL-PER-01
2024-11-22,1.65,0.9,KL-PER-01
2024-11-23,1.69,0.2,KL-PER-01
2024-11-24,1.65,0.0,KL-PER-01
2024-11-25,1.62,0.0,KL-PER-01
2024-11-26,1.52,18.5,KL-PER-01
2024-11-27,1.45,0.9,KL-PER-01
2024-11-28,1.58,0.2,KL-PER-01
2024-11-29,1.51,0.1,KL-PER-01
2024-11-30,1.35,4.6,KL-PER-01
2024-12-01,1.29,20.5,KL-PER-01
2024-12-02,1.26,28.4,KL-PER-01
2024-12-03,1.39,1.5,KL-PER-01
2024-12-04,1.58,4.1,KL-PER-01
2024-12-05,1.49,1.2,KL-PER-01
2024-12-06,1.43,0.1,KL-PER-01
2024-12-07,1.38,0.8,KL-PER-01
2024-12-08,1.34,0.8,KL-PER-01
2024-12-09,1.29,1.0,KL-PER-01
2024-12-10,1.23,1.7,KL-PER-01
2024-12-11,1.18,0.3,KL-PER-01
2024-12-12,1.13,62.6,KL-PER-01
2024-12-13,2.72,12.6,KL-PER-01
2024-12-14,2.91,9.1,KL-PER-01
2024-12-15,1.52,0.0,KL-PER-01
2024-12-16,1.48,0.0,KL-PER-01
2024-12-17,1.39,0.0,KL-PER-01
2024-12-18,1.32,0.0,KL-PER-01
2024-12-19,1.25,0.4,KL-PER-01
2024-12-20,1.18,0.1,KL-PER-01
2024-12-21,1.12,0.0,KL-PER-01
2024-12-22,1.07,0.0,KL-PER-01
2024-12-23,1.01,0.0,KL-PER-01
2024-12-24,0.97,0.0,KL-PER-01
2024-12-25,0.92,0.0,KL-PER-01
2024-12-26,0.87,2.0,KL-PER-01
2024-12-27,0.84,2.9,KL-PER-01
2024-12-28,0.8,0.0,KL-PER-01
2024-12-29,0.79,0.0,KL-PER-01
2024-12-30,0.75,0.7,KL-PER-01
2024-12-31,0.73,0.6,KL-PER-01
2025-01-01,0.7,0.0,KL-PER-01
2025-01-02,0.68,0.0,KL-PER-01
2025-01-03,0.65,0.0,KL-PER-01
2025-01-04,0.63,0.0,KL-PER-01
2025-01-05,0.61,0.0,KL-PER-01
2025-01-06,0.58,0.0,KL-PER-01
2025-01-07,0.56,0.0,KL-PER-01
2025-01-08,0.55,0.1,KL-PER-01
2025-01-09,0.52,0.0,KL-PER-01
2025-01-10,0.5,1.3,KL-PER-01
2025-01-11,0.49,0.0,KL-PER-01
2025-01-12,0.47,0.1,KL-PER-01
2025-01-13,0.45,4.3,KL-PER-01
2025-01-14,0.45,7.6,KL-PER-01
2025-01-15,0.49,1.1,KL-PER-01
2025-01-16,0.55,0.4,KL-PER-01
2025-01-17,0.53,0.0,KL-PER-01
2025-01-18,0.52,3.0,KL-PER-01
2025-01-19,0.5,1.4,KL-PER-01
2025-01-20,0.5,0.9,KL-PER-01
2025-01-21,0.52,0.0,KL-PER-01
2025-01-22,0.5,0.0,KL-PER-01
2025-01-23,0.49,0.3,KL-PER-01
2025-01-24,0.47,0.0,KL-PER-01
2025-01-25,0.52,0.0,KL-PER-01
2025-01-26,0.5,0.0,KL-PER-01
2025-01-27,0.49,0.0,KL-PER-01
2025-01-28,0.47,0.0,KL-PER-01
2025-01-29,0.45,0.0,KL-PER-01
2025-01-30,0.44,0.3,KL-PER-01
2025-01-31,0.42,2.6,KL-PER-01
2025-02-01,0.42,1.1,KL-PER-01
2025-02-02,0.45,0.2,KL-PER-01
2025-02-03,0.42,0.0,KL-PER-01
2025-02-04,0.42,0.0,KL-PER-01
2025-02-05,0.41,0.0,KL-PER-01
2025-02-06,0.39,0.0,KL-PER-01
2025-02-07,0.39,0.0,KL-PER-01
2025-02-08,0.39,0.0,KL-PER-01
2025-02-09,0.37,0.0,KL-PER-01
2025-02-10,0.37,0.0,KL-PER-01
2025-02-11,0.36,0.0,KL-PER-01
2025-02-12,0.36,0.0,KL-PER-01
2025-02-13,0.36,0.0,KL-PER-01
2025-02-14,0.34,0.0,KL-PER-01
2025-02-15,0.34,0.0,KL-PER-01
2025-02-16,0.34,0.0,KL-PER-01
2025-02-17,0.33,0.0,KL-PER-01
2025-02-18,0.33,0.0,KL-PER-01
2025-02-19,0.33,0.0,KL-PER-01
2025-02-20,0.33,0.4,KL-PER-01
2025-02-21,0.33,0.2,KL-PER-01
2025-02-22,0.34,0.1,KL-PER-01
2025-02-23,0.34,0.0,KL-PER-01
2025-02-24,0.34,0.1,KL-PER-01
2025-02-25,0.34,0.0,KL-PER-01
2025-02-26,0.34,0.2,KL-PER-01
2025-02-27,0.34,0.0,KL-PER-01
2025-02-28,0.34,2.0,KL-PER-01
2025-03-01,0.34,3.7,KL-PER-01
2025-03-02,0.34,2.0,KL-PER-01
2025-03-03,0.34,0.8,KL-PER-01
2025-03-04,0.34,0.1,KL-PER-01
2025-03-05,0.34,0.3,KL-PER-01
2025-03-06,0.34,0.9,KL-PER-01
2025-03-07,0.34,2.7,KL-PER-01
2025-03-08,0.34,4.0,KL-PER-01
2025-03-09,0.34,0.8,KL-PER-01
2025-03-10,0.34,0.1,KL-PER-01
2025-03-11,0.34,8.2,KL-PER-01
2025-03-12,0.34,15.4,KL-PER-01
2025-03-13,0.34,0.0,KL-PER-01
2025-03-14,0.37,0.0,KL-PER-01
2025-03-15,0.37,0.1,KL-PER-01
2025-03-16,0.34,11.5,KL-PER-01
2025-03-17,0.37,12.0,KL-PER-01
2025-03-18,0.37,4.7,KL-PER-01
2025-03-19,0.37,2.4,KL-PER-01
2025-03-20,0.37,0.4,KL-PER-01
2025-03-21,0.37,5.0,KL-PER-01
2025-03-22,0.34,10.8,KL-PER-01
2025-03-23,0.37,9.2,KL-PER-01
2025-03-24,0.37,1.1,KL-PER-01
2025-03-25,0.37,3.5,KL-PER-01
2025-03-26,0.37,10.1,KL-PER-01
2025-03-27,0.37,2.2,KL-PER-01
2025-03-28,0.37,3.2,KL-PER-01
2025-03-29,0.37,0.0,KL-PER-01
2025-03-30,0.37,0.0,KL-PER-01
2025-03-31,0.37,0.8,KL-PER-01
2025-04-01,0.34,0.6,KL-PER-01
2025-04-02,0.34,13.2,KL-PER-01
2025-04-03,0.34,1.5,KL-PER-01
2025-04-04,0.37,19.2,KL-PER-01
2025-04-05,0.37,5.7,KL-PER-01
2025-04-06,0.5,17.6,KL-PER-01
2025-04-07,0.5,4.3,KL-PER-01
2025-04-08,0.56,3.7,KL-PER-01
2025-04-09,0.53,9.9,KL-PER-01
2025-04-10,0.53,1.0,KL-PER-01
2025-04-11,0.5,9.7,KL-PER-01
2025-04-12,0.5,14.8,KL-PER-01
2025-04-13,0.53,1.1,KL-PER-01
2025-04-14,0.53,7.7,KL-PER-01
2025-04-15,0.5,0.9,KL-PER-01
2025-04-16,0.5,2.3,KL-PER-01
2025-04-17,0.53,4.2,KL-PER-01
2025-04-18,0.5,5.4,KL-PER-01
2025-04-19,0.5,3.7,KL-PER-01
2025-04-20,0.53,2.3,KL-PER-01
2025-04-21,0.56,9.7,KL-PER-01
2025-04-22,0.56,6.9,KL-PER-01
2025-04-23,0.56,4.2,KL-PER-01
2025-04-24,0.56,15.1,KL-PER-01
2025-04-25,0.56,5.9,KL-PER-01
2025-04-26,0.59,3.6,KL-PER-01
2025-04-27,0.63,4.3,KL-PER-01
2025-04-28,0.59,8.9,KL-PER-01
2025-04-29,0.63,6.3,KL-PER-01
2025-04-30,0.66,6.2,KL-PER-01
2025-05-01,0.66,3.9,KL-PER-01
2025-05-02,0.63,18.8,KL-PER-01
2025-05-03,0.63,13.2,KL-PER-01
2025-05-04,0.66,0.3,KL-PER-01
2025-05-05,0.78,6.8,KL-PER-01
2025-05-06,0.69,17.1,KL-PER-01
2025-05-07,0.75,3.4,KL-PER-01
2025-05-08,0.72,0.8,KL-PER-01
2025-05-09,0.69,0.0,KL-PER-01
2025-05-10,0.66,0.0,KL-PER-01
2025-05-11,0.63,1.6,KL-PER-01
2025-05-12,0.59,12.9,KL-PER-01
2025-05-13,0.59,16.5,KL-PER-01
2025-05-14,0.59,9.4,KL-PER-01
2025-05-15,0.66,5.4,KL-PER-01
2025-05-16,0.63,2.5,KL-PER-01
2025-05-17,0.63,8.6,KL-PER-01
2025-05-18,0.63,27.5,KL-PER-01
2025-05-19,0.63,53.4,KL-PER-01
2025-05-20,0.72,11.6,KL-PER-01
2025-05-21,0.78,3.4,KL-PER-01
2025-05-22,0.85,6.7,KL-PER-01
2025-05-23,0.85,39.1,KL-PER-01
2025-05-24,1.25,64.2,KL-PER-01
2025-05-25,3.22,74.7,KL-PER-01
2025-05-26,7.99,113.4,KL-PER-01
2025-05-27,14.49,57.4,KL-PER-01
2025-05-28,13.03,57.2,KL-PER-01
2025-05-29,8.59,96.8,KL-PER-01
2025-05-30,8.84,51.3,KL-PER-01
2025-05-31,9.5,18.7,KL-PER-01
2025-06-01,8.29,9.3,KL-PER-01
2025-06-02,7.99,17.7,KL-PER-01
2025-06-03,7.0,29.4,KL-PER-01
2025-06-04,6.28,21.5,KL-PER-01
2025-06-05,5.93,1.1,KL-PER-01
2025-06-06,5.41,4.7,KL-PER-01
2025-06-07,4.97,3.0,KL-PER-01
2025-06-08,4.66,12.7,KL-PER-01
2025-06-09,4.37,3.1,KL-PER-01
2025-06-10,4.35,46.8,KL-PER-01
2025-06-11,4.47,31.0,KL-PER-01
2025-06-12,4.78,20.4,KL-PER-01
2025-06-13,4.15,43.4,KL-PER-01
2025-06-14,4.71,49.3,KL-PER-01
2025-06-15,6.78,90.9,KL-PER-01
2025-06-16,8.84,65.4,KL-PER-01
2025-06-17,9.59,15.3,KL-PER-01
2025-06-18,9.38,9.2,KL-PER-01
2025-06-19,8.04,11.4,KL-PER-01
2025-06-20,7.57,16.4,KL-PER-01
2025-06-21,7.0,11.6,KL-PER-01
2025-06-22,6.46,18.5,KL-PER-01
2025-06-23,6.13,9.3,KL-PER-01
2025-06-24,5.79,15.7,KL-PER-01
2025-06-25,5.47,38.6,KL-PER-01
2025-06-26,5.49,45.5,KL-PER-01
2025-06-27,5.76,9.7,KL-PER-01
2025-06-28,5.53,26.4,KL-PER-01
2025-06-29,5.3,1.5,KL-PER-01
2025-06-30,5.27,5.8,KL-PER-01
2025-07-01,4.96,6.3,KL-PER-01
2025-07-02,4.79,25.3,KL-PER-01
2025-07-03,4.42,2.3,KL-PER-01
2025-07-04,4.35,8.1,KL-PER-01
2025-07-05,4.22,5.7,KL-PER-01
2025-07-06,4.01,9.0,KL-PER-01
2025-07-07,3.84,10.6,KL-PER-01
2025-07-08,3.69,6.5,KL-PER-01
2025-07-09,3.53,5.5,KL-PER-01
2025-07-10,3.44,4.0,KL-PER-01
2025-07-11,3.24,37.0,KL-PER-01
2025-07-12,3.36,10.2,KL-PER-01
2025-07-13,3.19,20.2,KL-PER-01
2025-07-14,3.05,37.4,KL-PER-01
2025-07-15,3.58,14.4,KL-PER-01
2025-07-16,3.4,38.8,KL-PER-01
2025-07-17,3.46,22.1,KL-PER-01
2025-07-18,3.91,24.4,KL-PER-01
2025-07-19,5.49,53.0,KL-PER-01
2025-07-20,6.78,43.5,KL-PER-01
2025-07-21,7.41,25.4,KL-PER-01
2025-07-22,8.02,20.1,KL-PER-01
2025-07-23,8.38,30.2,KL-PER-01
2025-07-24,9.21,41.3,KL-PER-01
2025-07-25,9.23,40.5,KL-PER-01
2025-07-26,9.14,31.5,KL-PER-01
2025-07-27,9.16,6.6,KL-PER-01
2025-07-28,9.09,1.6,KL-PER-01
2025-07-29,8.51,2.2,KL-PER-01
2025-07-30,7.81,7.4,KL-PER-01
2025-07-31,7.24,8.9,KL-PER-01
2025-08-01,6.83,11.5,KL-PER-01
2025-08-02,6.48,25.1,KL-PER-01
2025-08-03,6.21,38.3,KL-PER-01
2025-08-04,6.26,12.1,KL-PER-01
2025-08-05,6.52,14.4,KL-PER-01
2025-08-06,7.51,0.9,KL-PER-01
2025-08-07,6.53,11.7,KL-PER-01
2025-08-08,6.52,9.8,KL-PER-01
2025-08-09,6.21,5.0,KL-PER-01
2025-08-10,5.71,19.0,KL-PER-01
2025-08-11,5.27,16.5,KL-PER-01
2025-08-12,5.07,14.2,KL-PER-01
2025-08-13,4.78,21.7,KL-PER-01
2025-08-14,4.6,19.4,KL-PER-01
2025-08-15,4.53,54.6,KL-PER-01
2025-08-16,4.73,44.6,KL-PER-01
2025-08-17,5.43,44.4,KL-PER-01
2025-08-18,5.7,9.0,KL-PER-01
2025-08-19,5.25,7.2,KL-PER-01
2025-08-20,4.55,1.9,KL-PER-01
2025-08-21,4.33,1.4,KL-PER-01
2025-08-22,4.01,1.5,KL-PER-01
2025-08-23,3.8,2.6,KL-PER-01
2025-08-24,3.56,0.8,KL-PER-01
2025-08-25,3.4,0.4,KL-PER-01
2025-08-26,3.16,25.1,KL-PER-01
2025-08-27,2.98,62.3,KL-PER-01
2025-08-28,3.17,43.0,KL-PER-01
2025-08-29,3.42,23.0,KL-PER-01
2025-08-30,3.33,12.3,KL-PER-01
2025-08-31,4.3,14.9,KL-PER-01
2025-09-01,4.18,5.3,KL-PER-01
2025-09-02,4.11,6.9,KL-PER-01
2025-09-03,3.95,32.1,KL-PER-01
2025-09-04,3.79,12.3,KL-PER-01
2025-09-05,3.8,24.4,KL-PER-01
2025-09-06,3.46,3.6,KL-PER-01
2025-09-07,3.39,3.6,KL-PER-01
2025-09-08,3.03,1.7,KL-PER-01
2025-09-09,2.85,8.1,KL-PER-01
2025-09-10,2.68,2.0,KL-PER-01
2025-09-11,2.65,1.8,KL-PER-01
2025-09-12,2.44,0.4,KL-PER-01
2025-09-13,2.28,0.7,KL-PER-01
2025-09-14,2.15,2.2,KL-PER-01
2025-09-15,2.04,8.7,KL-PER-01
2025-09-16,1.94,16.6,KL-PER-01
2025-09-17,1.88,33.5,KL-PER-01
2025-09-18,1.9,14.7,KL-PER-01
2025-09-19,2.03,3.8,KL-PER-01
2025-09-20,1.94,3.4,KL-PER-01
2025-09-21,1.9,19.9,KL-PER-01
2025-09-22,1.86,6.9,KL-PER-01
2025-09-23,2.01,22.2,KL-PER-01
2025-09-24,2.27,22.0,KL-PER-01
2025-09-25,1.98,37.4,KL-PER-01
2025-09-26,1.73,16.7,KL-PER-01
2025-09-27,1.88,27.5,KL-PER-01
2025-09-28,2.01,17.3,KL-PER-01
2025-09-29,1.99,4.6,KL-PER-01
2025-09-30,2.03,3.4,KL-PER-01
