date,river_discharge_m3s,precipitation_sum_mm,station_id
1997-01-01,127.23,0.0,KL-PER-02
1997-01-02,120.34,0.0,KL-PER-02
1997-01-03,114.08,0.0,KL-PER-02
1997-01-04,108.65,0.0,KL-PER-02
1997-01-05,103.71,0.0,KL-PER-02
1997-01-06,99.0,0.0,KL-PER-02
1997-01-07,94.5,0.0,KL-PER-02
1997-01-08,89.99,0.0,KL-PER-02
1997-01-09,85.9,0.0,KL-PER-02
1997-01-10,82.18,0.0,KL-PER-02
1997-01-11,73.64,0.0,KL-PER-02
1997-01-12,67.08,0.0,KL-PER-02
1997-01-13,63.57,3.6,KL-PER-02
1997-01-14,60.8,1.8,KL-PER-02
1997-01-15,58.7,0.9,KL-PER-02
1997-01-16,57.21,0.0,KL-PER-02
1997-01-17,55.75,0.0,KL-PER-02
1997-01-18,54.08,0.0,KL-PER-02
1997-01-19,52.21,0.0,KL-PER-02
1997-01-20,50.64,0.0,KL-PER-02
1997-01-21,49.23,0.0,KL-PER-02
1997-01-22,47.87,0.0,KL-PER-02
1997-01-23,46.75,0.2,KL-PER-02
1997-01-24,45.45,0.0,KL-PER-02
1997-01-25,43.87,0.0,KL-PER-02
1997-01-26,42.65,0.0,KL-PER-02
1997-01-27,41.36,0.0,KL-PER-02
1997-01-28,40.59,0.0,KL-PER-02
1997-01-29,40.11,0.1,KL-PER-02
1997-01-30,39.36,0.0,KL-PER-02
1997-01-31,41.56,0.0,KL-PER-02
1997-02-01,43.77,0.2,KL-PER-02
1997-02-02,44.08,0.0,KL-PER-02
1997-02-03,43.46,0.0,KL-PER-02
1997-02-04,42.95,0.0,KL-PER-02
1997-02-05,42.15,0.0,KL-PER-02
1997-02-06,41.36,0.0,KL-PER-02
1997-02-07,40.88,0.0,KL-PER-02
1997-02-08,40.5,0.2,KL-PER-02
1997-02-09,40.5,0.0,KL-PER-02
1997-02-10,40.4,0.0,KL-PER-02
1997-02-11,40.02,0.0,KL-PER-02
1997-02-12,39.55,0.0,KL-PER-02
1997-02-13,38.9,0.4,KL-PER-02
1997-02-14,38.54,0.0,KL-PER-02
1997-02-15,38.36,0.0,KL-PER-02
1997-02-16,37.99,0.0,KL-PER-02
1997-02-17,37.73,0.0,KL-PER-02
1997-02-18,37.64,0.0,KL-PER-02
1997-02-19,37.46,0.0,KL-PER-02
1997-02-20,37.37,0.0,KL-PER-02
1997-02-21,37.28,0.0,KL-PER-02
1997-02-22,37.28,1.7,KL-PER-02
1997-02-23,37.82,7.6,KL-PER-02
1997-02-24,38.36,0.0,KL-PER-02
1997-02-25,37.99,0.2,KL-PER-02
1997-02-26,37.37,0.0,KL-PER-02
1997-02-27,37.02,0.0,KL-PER-02
1997-02-28,36.67,0.0,KL-PER-02
1997-03-01,36.41,0.0,KL-PER-02
1997-03-02,36.15,0.5,KL-PER-02
1997-03-03,36.15,0.0,KL-PER-02
1997-03-04,36.41,0.0,KL-PER-02
1997-03-05,36.33,0.0,KL-PER-02
1997-03-06,36.07,0.0,KL-PER-02
1997-03-07,35.73,0.0,KL-PER-02
1997-03-08,35.56,0.0,KL-PER-02
1997-03-09,35.48,0.0,KL-PER-02
1997-03-10,35.14,0.0,KL-PER-02
1997-03-11,34.97,0.0,KL-PER-02
1997-03-12,34.89,0.1,KL-PER-02
1997-03-13,35.06,0.5,KL-PER-02
1997-03-14,35.14,0.0,KL-PER-02
1997-03-15,35.48,0.2,KL-PER-02
1997-03-16,35.81,0.2,KL-PER-02
1997-03-17,35.56,2.0,KL-PER-02
1997-03-18,35.56,0.0,KL-PER-02
1997-03-19,35.9,0.0,KL-PER-02
1997-03-20,36.58,2.0,KL-PER-02
1997-03-21,39.93,16.2,KL-PER-02
1997-03-22,43.87,5.7,KL-PER-02
1997-03-23,43.46,1.0,KL-PER-02
1997-03-24,44.29,14.1,KL-PER-02
1997-03-25,43.98,1.5,KL-PER-02
1997-03-26,41.95,1.9,KL-PER-02
1997-03-27,40.3,0.0,KL-PER-02
1997-03-28,39.27,0.0,KL-PER-02
1997-03-29,39.09,2.1,KL-PER-02
1997-03-30,41.36,5.5,KL-PER-02
1997-03-31,44.92,3.9,KL-PER-02
1997-04-01,47.31,7.0,KL-PER-02
1997-04-02,47.75,1.9,KL-PER-02
1997-04-03,47.31,0.8,KL-PER-02
1997-04-04,46.86,3.1,KL-PER-02
1997-04-05,47.87,3.7,KL-PER-02
1997-04-06,51.12,5.1,KL-PER-02
1997-04-07,53.08,2.3,KL-PER-02
1997-04-08,53.83,2.8,KL-PER-02
1997-04-09,58.29,3.8,KL-PER-02
1997-04-10,63.71,0.1,KL-PER-02
1997-04-11,66.3,0.8,KL-PER-02
1997-04-12,67.55,0.0,KL-PER-02
1997-04-13,67.39,0.0,KL-PER-02
1997-04-14,65.99,0.5,KL-PER-02
1997-04-15,65.07,0.0,KL-PER-02
1997-04-16,67.55,2.5,KL-PER-02
1997-04-17,73.99,2.9,KL-PER-02
1997-04-18,80.1,0.6,KL-PER-02
1997-04-19,81.22,0.4,KL-PER-02
1997-04-20,80.1,5.8,KL-PER-02
1997-04-21,79.35,2.0,KL-PER-02
1997-04-22,78.8,3.5,KL-PER-02
1997-04-23,77.7,0.3,KL-PER-02
1997-04-24,76.09,0.0,KL-PER-02
1997-04-25,74.34,0.1,KL-PER-02
1997-04-26,74.34,6.8,KL-PER-02
1997-04-27,75.56,4.0,KL-PER-02
1997-04-28,76.45,3.2,KL-PER-02
1997-04-29,78.8,17.5,KL-PER-02
1997-04-30,81.79,9.1,KL-PER-02
1997-05-01,85.3,12.4,KL-PER-02
1997-05-02,88.54,11.2,KL-PER-02
1997-05-03,102.51,23.3,KL-PER-02
1997-05-04,116.22,3.3,KL-PER-02
1997-05-05,121.18,2.4,KL-PER-02
1997-05-06,125.77,3.9,KL-PER-02
1997-05-07,133.59,11.1,KL-PER-02
1997-05-08,165.72,39.0,KL-PER-02
1997-05-09,186.5,2.8,KL-PER-02
1997-05-10,184.35,2.4,KL-PER-02
1997-05-11,175.6,2.9,KL-PER-02
1997-05-12,169.61,4.5,KL-PER-02
1997-05-13,165.34,14.4,KL-PER-02
1997-05-14,160.81,2.5,KL-PER-02
1997-05-15,158.22,5.5,KL-PER-02
1997-05-16,154.6,2.3,KL-PER-02
1997-05-17,151.41,3.8,KL-PER-02
1997-05-18,150.71,3.2,KL-PER-02
1997-05-19,148.97,1.9,KL-PER-02
1997-05-20,143.54,0.0,KL-PER-02
1997-05-21,136.4,0.0,KL-PER-02
1997-05-22,128.72,0.0,KL-PER-02
1997-05-23,122.03,0.0,KL-PER-02
1997-05-24,119.78,17.0,KL-PER-02
1997-05-25,124.31,19.9,KL-PER-02
1997-05-26,131.74,11.9,KL-PER-02
1997-05-27,139.28,10.3,KL-PER-02
1997-05-28,142.55,2.1,KL-PER-02
1997-05-29,140.25,0.4,KL-PER-02
1997-05-30,134.21,0.2,KL-PER-02
1997-05-31,129.92,6.4,KL-PER-02
1997-06-01,131.43,18.7,KL-PER-02
1997-06-02,132.66,0.5,KL-PER-02
1997-06-03,134.52,9.8,KL-PER-02
1997-06-04,138.96,13.0,KL-PER-02
1997-06-05,146.23,12.4,KL-PER-02
1997-06-06,150.01,6.6,KL-PER-02
1997-06-07,150.71,10.5,KL-PER-02
1997-06-08,155.31,19.1,KL-PER-02
1997-06-09,156.76,1.0,KL-PER-02
1997-06-10,152.11,1.9,KL-PER-02
1997-06-11,146.91,11.5,KL-PER-02
1997-06-12,145.55,14.8,KL-PER-02
1997-06-13,154.24,33.7,KL-PER-02
1997-06-14,156.04,8.2,KL-PER-02
1997-06-15,153.17,7.7,KL-PER-02
1997-06-16,146.23,0.0,KL-PER-02
1997-06-17,140.25,8.2,KL-PER-02
1997-06-18,135.46,10.6,KL-PER-02
1997-06-19,132.66,8.3,KL-PER-02
1997-06-20,129.02,3.4,KL-PER-02
1997-06-21,124.89,7.9,KL-PER-02
1997-06-22,122.59,10.7,KL-PER-02
1997-06-23,122.31,10.7,KL-PER-02
1997-06-24,129.62,27.9,KL-PER-02
1997-06-25,142.88,26.5,KL-PER-02
1997-06-26,162.31,29.1,KL-PER-02
1997-06-27,187.36,19.9,KL-PER-02
1997-06-28,216.77,25.7,KL-PER-02
1997-06-29,306.61,57.1,KL-PER-02
1997-06-30,609.94,92.3,KL-PER-02
1997-07-01,653.64,25.3,KL-PER-02
1997-07-02,570.48,24.0,KL-PER-02
1997-07-03,517.8,28.4,KL-PER-02
1997-07-04,489.91,22.1,KL-PER-02
1997-07-05,474.34,24.5,KL-PER-02
1997-07-06,466.74,24.3,KL-PER-02
1997-07-07,455.04,19.2,KL-PER-02
1997-07-08,440.57,5.1,KL-PER-02
1997-07-09,431.51,30.1,KL-PER-02
1997-07-10,432.51,23.8,KL-PER-02
1997-07-11,434.51,13.1,KL-PER-02
1997-07-12,426.56,5.2,KL-PER-02
1997-07-13,412.05,18.2,KL-PER-02
1997-07-14,398.94,8.2,KL-PER-02
1997-07-15,386.26,9.1,KL-PER-02
1997-07-16,376.57,7.0,KL-PER-02
1997-07-17,370.54,17.0,KL-PER-02
1997-07-18,366.28,24.3,KL-PER-02
1997-07-19,357.92,5.2,KL-PER-02
1997-07-20,349.75,11.0,KL-PER-02
1997-07-21,346.54,15.2,KL-PER-02
1997-07-22,350.56,16.1,KL-PER-02
1997-07-23,373.11,19.5,KL-PER-02
1997-07-24,624.17,84.6,KL-PER-02
1997-07-25,733.51,35.4,KL-PER-02
1997-07-26,682.91,21.0,KL-PER-02
1997-07-27,631.41,29.4,KL-PER-02
1997-07-28,589.2,12.5,KL-PER-02
1997-07-29,549.81,7.9,KL-PER-02
1997-07-30,522.6,12.9,KL-PER-02
1997-07-31,508.33,25.9,KL-PER-02
1997-08-01,534.8,48.2,KL-PER-02
1997-08-02,547.28,18.9,KL-PER-02
1997-08-03,533.56,17.8,KL-PER-02
1997-08-04,510.68,3.0,KL-PER-02
1997-08-05,484.29,5.2,KL-PER-02
1997-08-06,463.52,24.1,KL-PER-02
1997-08-07,485.41,25.6,KL-PER-02
1997-08-08,505.99,22.5,KL-PER-02
1997-08-09,501.34,17.7,KL-PER-02
1997-08-10,508.33,46.2,KL-PER-02
1997-08-11,511.86,30.4,KL-PER-02
1997-08-12,496.74,20.0,KL-PER-02
1997-08-13,473.24,2.8,KL-PER-02
1997-08-14,444.66,0.8,KL-PER-02
1997-08-15,415.87,1.0,KL-PER-02
1997-08-16,388.94,4.2,KL-PER-02
1997-08-17,371.39,16.5,KL-PER-02
1997-08-18,360.41,13.9,KL-PER-02
1997-08-19,347.34,7.9,KL-PER-02
1997-08-20,337.84,12.1,KL-PER-02
1997-08-21,380.07,53.6,KL-PER-02
1997-08-22,408.26,19.1,KL-PER-02
1997-08-23,406.38,14.5,KL-PER-02
1997-08-24,388.05,0.4,KL-PER-02
1997-08-25,363.75,6.1,KL-PER-02
1997-08-26,346.54,12.3,KL-PER-02
1997-08-27,348.14,24.2,KL-PER-02
1997-08-28,367.13,18.3,KL-PER-02
1997-08-29,386.26,18.0,KL-PER-02
1997-08-30,387.15,1.5,KL-PER-02
1997-08-31,369.68,1.1,KL-PER-02
1997-09-01,345.74,1.7,KL-PER-02
1997-09-02,324.84,1.6,KL-PER-02
1997-09-03,306.61,1.2,KL-PER-02
1997-09-04,290.07,1.5,KL-PER-02
1997-09-05,276.97,7.4,KL-PER-02
1997-09-06,268.77,8.6,KL-PER-02
1997-09-07,262.63,4.7,KL-PER-02
1997-09-08,256.63,7.6,KL-PER-02
1997-09-09,250.77,7.2,KL-PER-02
1997-09-10,247.31,3.2,KL-PER-02
1997-09-11,246.74,7.8,KL-PER-02
1997-09-12,247.89,9.4,KL-PER-02
1997-09-13,248.46,6.9,KL-PER-02
1997-09-14,247.89,6.4,KL-PER-02
1997-09-15,250.77,17.3,KL-PER-02
1997-09-16,251.35,7.7,KL-PER-02
1997-09-17,246.74,3.8,KL-PER-02
1997-09-18,244.47,19.5,KL-PER-02
1997-09-19,247.31,7.3,KL-PER-02
1997-09-20,251.35,11.3,KL-PER-02
1997-09-21,249.03,14.5,KL-PER-02
1997-09-22,250.19,24.0,KL-PER-02
1997-09-23,254.86,24.3,KL-PER-02
1997-09-24,256.04,8.0,KL-PER-02
1997-09-25,250.77,8.5,KL-PER-02
1997-09-26,241.1,1.4,KL-PER-02
1997-09-27,227.03,2.5,KL-PER-02
1997-09-28,214.77,2.2,KL-PER-02
1997-09-29,204.12,0.4,KL-PER-02
1997-09-30,193.98,3.8,KL-PER-02
1997-10-01,184.35,4.2,KL-PER-02
1997-10-02,176.01,0.9,KL-PER-02
1997-10-03,168.04,6.8,KL-PER-02
1997-10-04,165.34,8.4,KL-PER-02
1997-10-05,170.79,4.5,KL-PER-02
1997-10-06,175.6,14.2,KL-PER-02
1997-10-07,175.2,9.7,KL-PER-02
1997-10-08,177.65,20.3,KL-PER-02
1997-10-09,181.39,7.5,KL-PER-02
1997-10-10,182.23,0.4,KL-PER-02
1997-10-11,179.72,18.1,KL-PER-02
1997-10-12,180.97,19.9,KL-PER-02
1997-10-13,186.07,22.9,KL-PER-02
1997-10-14,193.54,22.5,KL-PER-02
1997-10-15,197.61,3.6,KL-PER-02
1997-10-16,202.7,24.3,KL-PER-02
1997-10-17,206.49,4.2,KL-PER-02
1997-10-18,206.01,9.2,KL-PER-02
1997-10-19,204.59,4.8,KL-PER-02
1997-10-20,206.49,7.1,KL-PER-02
1997-10-21,223.91,32.9,KL-PER-02
1997-10-22,240.55,20.0,KL-PER-02
1997-10-23,245.6,9.6,KL-PER-02
1997-10-24,242.22,0.6,KL-PER-02
1997-10-25,242.22,13.3,KL-PER-02
1997-10-26,259.02,12.4,KL-PER-02
1997-10-27,278.9,11.6,KL-PER-02
1997-10-28,283.45,7.9,KL-PER-02
1997-10-29,283.45,7.9,KL-PER-02
1997-10-30,291.42,14.0,KL-PER-02
1997-10-31,302.39,7.5,KL-PER-02
1997-11-01,348.14,15.3,KL-PER-02
1997-11-02,386.26,14.2,KL-PER-02
1997-11-03,431.51,54.0,KL-PER-02
1997-11-04,466.74,18.2,KL-PER-02
1997-11-05,477.63,10.9,KL-PER-02
1997-11-06,469.98,1.7,KL-PER-02
1997-11-07,533.56,2.1,KL-PER-02
1997-11-08,619.87,24.4,KL-PER-02
1997-11-09,631.41,17.1,KL-PER-02
1997-11-10,600.17,6.3,KL-PER-02
1997-11-11,567.85,7.0,KL-PER-02
1997-11-12,536.03,3.6,KL-PER-02
1997-11-13,503.66,0.6,KL-PER-02
1997-11-14,472.15,0.0,KL-PER-02
1997-11-15,443.63,0.1,KL-PER-02
1997-11-16,421.67,3.8,KL-PER-02
1997-11-17,403.58,3.8,KL-PER-02
1997-11-18,388.05,5.6,KL-PER-02
1997-11-19,371.39,6.2,KL-PER-02
1997-11-20,355.45,7.0,KL-PER-02
1997-11-21,342.56,7.6,KL-PER-02
1997-11-22,330.13,1.0,KL-PER-02
1997-11-23,324.09,18.7,KL-PER-02
1997-11-24,319.63,2.9,KL-PER-02
1997-11-25,314.5,1.9,KL-PER-02
1997-11-26,305.2,0.3,KL-PER-02
1997-11-27,295.48,12.6,KL-PER-02
1997-11-28,290.07,10.9,KL-PER-02
1997-11-29,287.4,14.3,KL-PER-02
1997-11-30,279.54,0.2,KL-PER-02
1997-12-01,266.3,0.0,KL-PER-02
1997-12-02,251.93,0.0,KL-PER-02
1997-12-03,239.44,2.0,KL-PER-02
1997-12-04,230.74,3.4,KL-PER-02
1997-12-05,231.27,14.0,KL-PER-02
1997-12-06,245.6,16.8,KL-PER-02
1997-12-07,261.42,7.8,KL-PER-02
1997-12-08,263.85,7.6,KL-PER-02
1997-12-09,262.03,12.7,KL-PER-02
1997-12-10,255.45,2.8,KL-PER-02
1997-12-11,245.04,0.1,KL-PER-02
1997-12-12,234.5,0.7,KL-PER-02
1997-12-13,224.42,1.0,KL-PER-02
1997-12-14,214.77,0.0,KL-PER-02
1997-12-15,206.01,0.7,KL-PER-02
1997-12-16,197.61,0.6,KL-PER-02
1997-12-17,188.23,0.3,KL-PER-02
1997-12-18,180.97,9.3,KL-PER-02
1997-12-19,178.89,4.5,KL-PER-02
1997-12-20,183.5,14.8,KL-PER-02
1997-12-21,187.36,5.6,KL-PER-02
1997-12-22,186.07,0.1,KL-PER-02
1997-12-23,178.06,2.9,KL-PER-02
1997-12-24,168.43,0.0,KL-PER-02
1997-12-25,159.32,0.0,KL-PER-02
1997-12-26,150.01,0.0,KL-PER-02
1997-12-27,141.56,0.0,KL-PER-02
1997-12-28,133.59,0.0,KL-PER-02
1997-12-29,126.06,0.0,KL-PER-02
1997-12-30,119.5,0.0,KL-PER-02
1997-12-31,113.29,0.0,KL-PER-02
1998-01-01,107.64,0.1,KL-PER-02
1998-01-02,104.2,0.0,KL-PER-02
1998-01-03,101.57,0.0,KL-PER-02
1998-01-04,97.4,0.0,KL-PER-02
1998-01-05,92.33,0.0,KL-PER-02
1998-01-06,86.5,0.0,KL-PER-02
1998-01-07,81.79,0.0,KL-PER-02
1998-01-08,77.89,0.0,KL-PER-02
1998-01-09,74.51,0.0,KL-PER-02
1998-01-10,71.28,0.0,KL-PER-02
1998-01-11,63.27,0.0,KL-PER-02
1998-01-12,56.81,0.0,KL-PER-02
1998-01-13,53.33,0.0,KL-PER-02
1998-01-14,50.76,0.0,KL-PER-02
1998-01-15,48.77,0.0,KL-PER-02
1998-01-16,47.08,0.0,KL-PER-02
1998-01-17,45.13,0.0,KL-PER-02
1998-01-18,43.57,0.2,KL-PER-02
1998-01-19,42.55,2.7,KL-PER-02
1998-01-20,41.85,0.5,KL-PER-02
1998-01-21,41.95,0.0,KL-PER-02
1998-01-22,41.85,1.2,KL-PER-02
1998-01-23,41.07,0.4,KL-PER-02
1998-01-24,40.3,1.8,KL-PER-02
1998-01-25,39.64,0.3,KL-PER-02
1998-01-26,38.81,0.0,KL-PER-02
1998-01-27,37.82,0.0,KL-PER-02
1998-01-28,37.02,0.0,KL-PER-02
1998-01-29,36.24,0.0,KL-PER-02
1998-01-30,35.39,0.0,KL-PER-02
1998-01-31,37.73,0.0,KL-PER-02
1998-02-01,40.02,0.0,KL-PER-02
1998-02-02,40.02,0.0,KL-PER-02
1998-02-03,39.64,0.0,KL-PER-02
1998-02-04,39.27,0.0,KL-PER-02
1998-02-05,38.99,0.0,KL-PER-02
1998-02-06,38.81,0.0,KL-PER-02
1998-02-07,38.81,0.0,KL-PER-02
1998-02-08,38.63,0.0,KL-PER-02
1998-02-09,38.17,0.0,KL-PER-02
1998-02-10,37.82,0.0,KL-PER-02
1998-02-11,37.64,0.0,KL-PER-02
1998-02-12,37.46,0.0,KL-PER-02
1998-02-13,37.37,0.0,KL-PER-02
1998-02-14,37.55,0.0,KL-PER-02
1998-02-15,37.64,0.0,KL-PER-02
1998-02-16,37.82,0.0,KL-PER-02
1998-02-17,38.36,0.4,KL-PER-02
1998-02-18,39.27,0.2,KL-PER-02
1998-02-19,39.55,0.0,KL-PER-02
1998-02-20,38.99,0.0,KL-PER-02
1998-02-21,38.99,0.0,KL-PER-02
1998-02-22,38.63,0.0,KL-PER-02
1998-02-23,38.08,0.0,KL-PER-02
1998-02-24,37.99,0.9,KL-PER-02
1998-02-25,37.9,0.3,KL-PER-02
1998-02-26,37.64,0.1,KL-PER-02
1998-02-27,37.28,0.0,KL-PER-02
1998-02-28,37.02,0.0,KL-PER-02
1998-03-01,36.67,0.1,KL-PER-02
1998-03-02,36.41,0.0,KL-PER-02
1998-03-03,36.24,0.7,KL-PER-02
1998-03-04,35.9,0.0,KL-PER-02
1998-03-05,35.64,0.2,KL-PER-02
1998-03-06,35.9,0.9,KL-PER-02
1998-03-07,35.98,0.0,KL-PER-02
1998-03-08,35.98,0.0,KL-PER-02
1998-03-09,35.98,0.0,KL-PER-02
1998-03-10,35.64,0.0,KL-PER-02
1998-03-11,36.15,0.6,KL-PER-02
1998-03-12,36.41,0.2,KL-PER-02
1998-03-13,36.24,0.0,KL-PER-02
1998-03-14,35.9,0.0,KL-PER-02
1998-03-15,35.73,0.0,KL-PER-02
1998-03-16,35.48,0.0,KL-PER-02
1998-03-17,34.89,0.0,KL-PER-02
1998-03-18,34.56,0.0,KL-PER-02
1998-03-19,34.56,0.0,KL-PER-02
1998-03-20,34.4,0.0,KL-PER-02
1998-03-21,34.16,0.0,KL-PER-02
1998-03-22,33.91,0.0,KL-PER-02
1998-03-23,33.91,0.3,KL-PER-02
1998-03-24,34.08,0.0,KL-PER-02
1998-03-25,34.24,0.0,KL-PER-02
1998-03-26,34.48,0.4,KL-PER-02
1998-03-27,34.24,2.3,KL-PER-02
1998-03-28,33.91,0.0,KL-PER-02
1998-03-29,33.99,0.6,KL-PER-02
1998-03-30,33.99,0.9,KL-PER-02
1998-03-31,34.16,2.9,KL-PER-02
1998-04-01,36.15,10.6,KL-PER-02
1998-04-02,39.09,11.0,KL-PER-02
1998-04-03,39.27,2.1,KL-PER-02
1998-04-04,37.37,0.0,KL-PER-02
1998-04-05,35.81,0.0,KL-PER-02
1998-04-06,35.06,0.0,KL-PER-02
1998-04-07,34.97,2.1,KL-PER-02
1998-04-08,35.06,1.8,KL-PER-02
1998-04-09,37.46,1.0,KL-PER-02
1998-04-10,39.55,1.3,KL-PER-02
1998-04-11,40.3,1.8,KL-PER-02
1998-04-12,39.83,0.5,KL-PER-02
1998-04-13,40.02,1.4,KL-PER-02
1998-04-14,41.27,1.7,KL-PER-02
1998-04-15,41.07,2.2,KL-PER-02
1998-04-16,41.36,1.9,KL-PER-02
1998-04-17,42.25,8.5,KL-PER-02
1998-04-18,41.95,0.0,KL-PER-02
1998-04-19,41.07,3.6,KL-PER-02
1998-04-20,41.36,0.2,KL-PER-02
1998-04-21,42.15,1.3,KL-PER-02
1998-04-22,43.26,3.3,KL-PER-02
1998-04-23,44.81,6.6,KL-PER-02
1998-04-24,45.77,2.5,KL-PER-02
1998-04-25,45.99,0.0,KL-PER-02
1998-04-26,46.75,5.3,KL-PER-02
1998-04-27,48.09,2.9,KL-PER-02
1998-04-28,51.84,13.9,KL-PER-02
1998-04-29,54.46,6.2,KL-PER-02
1998-04-30,55.23,5.8,KL-PER-02
1998-05-01,57.48,15.8,KL-PER-02
1998-05-02,58.57,3.9,KL-PER-02
1998-05-03,58.29,2.7,KL-PER-02
1998-05-04,57.08,3.4,KL-PER-02
1998-05-05,55.75,1.9,KL-PER-02
1998-05-06,55.75,10.2,KL-PER-02
1998-05-07,55.62,2.6,KL-PER-02
1998-05-08,56.15,6.1,KL-PER-02
1998-05-09,57.34,9.5,KL-PER-02
1998-05-10,58.7,6.2,KL-PER-02
1998-05-11,65.53,30.8,KL-PER-02
1998-05-12,72.62,11.6,KL-PER-02
1998-05-13,77.7,4.2,KL-PER-02
1998-05-14,91.04,39.8,KL-PER-02
1998-05-15,643.17,144.4,KL-PER-02
1998-05-16,560.05,22.4,KL-PER-02
1998-05-17,367.98,7.7,KL-PER-02
1998-05-18,276.97,11.1,KL-PER-02
1998-05-19,230.74,14.4,KL-PER-02
1998-05-20,205.06,7.5,KL-PER-02
1998-05-21,186.93,1.6,KL-PER-02
1998-05-22,171.98,0.3,KL-PER-02
1998-05-23,160.06,3.2,KL-PER-02
1998-05-24,150.01,2.7,KL-PER-02
1998-05-25,142.22,12.0,KL-PER-02
1998-05-26,138.32,14.0,KL-PER-02
1998-05-27,138.96,14.9,KL-PER-02
1998-05-28,140.25,11.2,KL-PER-02
1998-05-29,140.58,11.0,KL-PER-02
1998-05-30,138.96,3.1,KL-PER-02
1998-05-31,136.09,1.3,KL-PER-02
1998-06-01,138.96,18.5,KL-PER-02
1998-06-02,145.22,9.7,KL-PER-02
1998-06-03,146.91,8.4,KL-PER-02
1998-06-04,142.22,3.0,KL-PER-02
1998-06-05,136.72,4.2,KL-PER-02
1998-06-06,133.28,6.5,KL-PER-02
1998-06-07,130.52,6.1,KL-PER-02
1998-06-08,126.35,2.4,KL-PER-02
1998-06-09,122.31,10.2,KL-PER-02
1998-06-10,122.31,15.6,KL-PER-02
1998-06-11,123.74,10.0,KL-PER-02
1998-06-12,125.77,17.5,KL-PER-02
1998-06-13,126.94,14.5,KL-PER-02
1998-06-14,129.32,13.0,KL-PER-02
1998-06-15,133.59,18.6,KL-PER-02
1998-06-16,150.71,46.1,KL-PER-02
1998-06-17,167.66,32.7,KL-PER-02
1998-06-18,175.6,20.8,KL-PER-02
1998-06-19,175.6,13.5,KL-PER-02
1998-06-20,173.18,6.1,KL-PER-02
1998-06-21,172.78,13.0,KL-PER-02
1998-06-22,178.06,10.3,KL-PER-02
1998-06-23,191.31,20.0,KL-PER-02
1998-06-24,206.49,19.3,KL-PER-02
1998-06-25,276.97,53.7,KL-PER-02
1998-06-26,406.38,36.6,KL-PER-02
1998-06-27,641.69,52.0,KL-PER-02
1998-06-28,838.46,65.5,KL-PER-02
1998-06-29,915.22,45.7,KL-PER-02
1998-06-30,900.57,37.7,KL-PER-02
1998-07-01,880.05,42.7,KL-PER-02
1998-07-02,854.07,24.5,KL-PER-02
1998-07-03,878.02,45.0,KL-PER-02
1998-07-04,854.07,29.6,KL-PER-02
1998-07-05,793.33,2.2,KL-PER-02
1998-07-06,728.46,1.9,KL-PER-02
1998-07-07,673.53,3.4,KL-PER-02
1998-07-08,628.51,4.7,KL-PER-02
1998-07-09,591.93,17.7,KL-PER-02
1998-07-10,567.85,15.8,KL-PER-02
1998-07-11,549.81,10.9,KL-PER-02
1998-07-12,534.8,20.5,KL-PER-02
1998-07-13,521.4,20.4,KL-PER-02
1998-07-14,528.66,34.8,KL-PER-02
1998-07-15,528.66,8.9,KL-PER-02
1998-07-16,516.61,11.6,KL-PER-02
1998-07-17,505.99,9.4,KL-PER-02
1998-07-18,527.45,20.5,KL-PER-02
1998-07-19,552.35,25.6,KL-PER-02
1998-07-20,547.28,6.0,KL-PER-02
1998-07-21,522.6,8.0,KL-PER-02
1998-07-22,496.74,6.8,KL-PER-02
1998-07-23,477.63,25.5,KL-PER-02
1998-07-24,473.24,18.7,KL-PER-02
1998-07-25,480.95,21.5,KL-PER-02
1998-07-26,487.65,35.9,KL-PER-02
1998-07-27,485.41,17.4,KL-PER-02
1998-07-28,488.78,14.1,KL-PER-02
1998-07-29,497.88,11.5,KL-PER-02
1998-07-30,497.88,9.2,KL-PER-02
1998-07-31,485.41,6.2,KL-PER-02
1998-08-01,466.74,12.6,KL-PER-02
1998-08-02,452.94,17.2,KL-PER-02
1998-08-03,460.32,20.1,KL-PER-02
1998-08-04,467.81,17.0,KL-PER-02
1998-08-05,461.38,19.1,KL-PER-02
1998-08-06,450.86,19.4,KL-PER-02
1998-08-07,439.55,22.4,KL-PER-02
1998-08-08,429.53,10.7,KL-PER-02
1998-08-09,422.64,12.4,KL-PER-02
1998-08-10,424.6,29.0,KL-PER-02
1998-08-11,425.58,21.4,KL-PER-02
1998-08-12,414.91,4.1,KL-PER-02
1998-08-13,394.37,5.5,KL-PER-02
1998-08-14,374.84,0.5,KL-PER-02
1998-08-15,360.41,8.3,KL-PER-02
1998-08-16,355.45,6.3,KL-PER-02
1998-08-17,348.14,2.1,KL-PER-02
1998-08-18,337.84,12.9,KL-PER-02
1998-08-19,336.29,12.5,KL-PER-02
1998-08-20,341.77,29.2,KL-PER-02
1998-08-21,348.14,23.8,KL-PER-02
1998-08-22,352.18,14.9,KL-PER-02
1998-08-23,349.75,5.5,KL-PER-02
1998-08-24,387.15,59.1,KL-PER-02
1998-08-25,413.0,12.7,KL-PER-02
1998-08-26,400.79,4.8,KL-PER-02
1998-08-27,376.57,3.0,KL-PER-02
1998-08-28,353.0,0.8,KL-PER-02
1998-08-29,332.43,1.3,KL-PER-02
1998-08-30,314.5,1.4,KL-PER-02
1998-08-31,300.3,11.0,KL-PER-02
1998-09-01,290.74,12.5,KL-PER-02
1998-09-02,282.14,7.1,KL-PER-02
1998-09-03,275.06,21.1,KL-PER-02
1998-09-04,271.9,11.2,KL-PER-02
1998-09-05,279.54,24.3,KL-PER-02
1998-09-06,284.76,8.2,KL-PER-02
1998-09-07,282.14,15.3,KL-PER-02
1998-09-08,296.85,36.6,KL-PER-02
1998-09-09,373.11,46.2,KL-PER-02
1998-09-10,403.58,4.2,KL-PER-02
1998-09-11,384.48,5.5,KL-PER-02
1998-09-12,359.58,9.0,KL-PER-02
1998-09-13,341.77,6.9,KL-PER-02
1998-09-14,329.37,16.2,KL-PER-02
1998-09-15,321.11,13.0,KL-PER-02
1998-09-16,318.15,22.0,KL-PER-02
1998-09-17,313.77,4.3,KL-PER-02
1998-09-18,299.61,1.1,KL-PER-02
1998-09-19,280.19,2.9,KL-PER-02
1998-09-20,263.24,3.4,KL-PER-02
1998-09-21,249.03,3.9,KL-PER-02
1998-09-22,241.66,16.8,KL-PER-02
1998-09-23,249.03,32.3,KL-PER-02
1998-09-24,262.03,14.1,KL-PER-02
1998-09-25,265.69,3.0,KL-PER-02
1998-09-26,266.3,11.2,KL-PER-02
1998-09-27,270.02,14.8,KL-PER-02
1998-09-28,278.25,22.8,KL-PER-02
1998-09-29,282.14,11.9,KL-PER-02
1998-09-30,284.1,0.2,KL-PER-02
1998-10-01,275.69,3.4,KL-PER-02
1998-10-02,269.4,24.1,KL-PER-02
1998-10-03,265.69,10.5,KL-PER-02
1998-10-04,257.82,2.4,KL-PER-02
1998-10-05,246.74,5.7,KL-PER-02
1998-10-06,236.68,17.1,KL-PER-02
1998-10-07,233.42,11.4,KL-PER-02
1998-10-08,238.33,26.4,KL-PER-02
1998-10-09,262.63,41.2,KL-PER-02
1998-10-10,371.39,42.8,KL-PER-02
1998-10-11,563.94,54.7,KL-PER-02
1998-10-12,644.65,35.3,KL-PER-02
1998-10-13,608.54,21.3,KL-PER-02
1998-10-14,552.35,17.2,KL-PER-02
1998-10-15,510.68,10.1,KL-PER-02
1998-10-16,475.43,0.5,KL-PER-02
1998-10-17,442.61,4.7,KL-PER-02
1998-10-18,416.83,3.6,KL-PER-02
1998-10-19,392.55,0.6,KL-PER-02
1998-10-20,368.83,0.0,KL-PER-02
1998-10-21,346.54,0.0,KL-PER-02
1998-10-22,325.59,0.0,KL-PER-02
1998-10-23,307.32,0.3,KL-PER-02
1998-10-24,290.74,0.7,KL-PER-02
1998-10-25,278.25,12.3,KL-PER-02
1998-10-26,268.77,5.8,KL-PER-02
1998-10-27,265.07,8.1,KL-PER-02
1998-10-28,270.02,11.2,KL-PER-02
1998-10-29,272.53,4.6,KL-PER-02
1998-10-30,265.69,0.3,KL-PER-02
1998-10-31,254.86,2.0,KL-PER-02
1998-11-01,250.77,4.9,KL-PER-02
1998-11-02,254.27,6.9,KL-PER-02
1998-11-03,260.82,6.5,KL-PER-02
1998-11-04,276.33,6.3,KL-PER-02
1998-11-05,305.9,22.5,KL-PER-02
1998-11-06,326.34,0.0,KL-PER-02
1998-11-07,330.89,21.0,KL-PER-02
1998-11-08,362.92,8.7,KL-PER-02
1998-11-09,395.28,6.6,KL-PER-02
1998-11-10,399.87,20.5,KL-PER-02
1998-11-11,390.74,1.6,KL-PER-02
1998-11-12,370.54,3.1,KL-PER-02
1998-11-13,350.56,13.1,KL-PER-02
1998-11-14,337.84,5.8,KL-PER-02
1998-11-15,324.09,1.2,KL-PER-02
1998-11-16,307.32,0.3,KL-PER-02
1998-11-17,289.4,0.0,KL-PER-02
1998-11-18,273.16,0.8,KL-PER-02
1998-11-19,259.02,0.0,KL-PER-02
1998-11-20,244.47,1.9,KL-PER-02
1998-11-21,228.61,1.2,KL-PER-02
1998-11-22,215.27,8.4,KL-PER-02
1998-11-23,205.06,1.8,KL-PER-02
1998-11-24,194.88,2.1,KL-PER-02
1998-11-25,185.21,3.9,KL-PER-02
1998-11-26,175.6,0.2,KL-PER-02
1998-11-27,167.27,3.5,KL-PER-02
1998-11-28,158.96,2.3,KL-PER-02
1998-11-29,151.76,1.5,KL-PER-02
1998-11-30,145.22,0.8,KL-PER-02
1998-12-01,140.58,2.9,KL-PER-02
1998-12-02,136.72,0.0,KL-PER-02
1998-12-03,132.66,0.0,KL-PER-02
1998-12-04,126.64,0.0,KL-PER-02
1998-12-05,122.31,6.4,KL-PER-02
1998-12-06,122.03,0.0,KL-PER-02
1998-12-07,120.9,0.3,KL-PER-02
1998-12-08,126.94,35.2,KL-PER-02
1998-12-09,150.71,11.9,KL-PER-02
1998-12-10,189.99,14.0,KL-PER-02
1998-12-11,304.49,41.6,KL-PER-02
1998-12-12,380.07,23.0,KL-PER-02
1998-12-13,363.75,4.8,KL-PER-02
1998-12-14,340.98,2.8,KL-PER-02
1998-12-15,324.84,0.4,KL-PER-02
1998-12-16,307.32,0.6,KL-PER-02
1998-12-17,290.74,0.0,KL-PER-02
1998-12-18,275.69,1.4,KL-PER-02
1998-12-19,263.24,0.0,KL-PER-02
1998-12-20,251.35,0.7,KL-PER-02
1998-12-21,241.1,0.6,KL-PER-02
1998-12-22,230.74,0.0,KL-PER-02
1998-12-23,219.8,0.0,KL-PER-02
1998-12-24,208.41,0.0,KL-PER-02
1998-12-25,193.09,0.0,KL-PER-02
1998-12-26,180.55,0.0,KL-PER-02
1998-12-27,170.0,0.0,KL-PER-02
1998-12-28,161.55,0.0,KL-PER-02
1998-12-29,154.6,0.0,KL-PER-02
1998-12-30,147.59,0.0,KL-PER-02
1998-12-31,141.23,0.0,KL-PER-02
1999-01-01,135.14,1.5,KL-PER-02
1999-01-02,129.32,0.0,KL-PER-02
1999-01-03,124.89,0.8,KL-PER-02
1999-01-04,119.78,0.0,KL-PER-02
1999-01-05,113.29,0.0,KL-PER-02
1999-01-06,107.64,0.0,KL-PER-02
1999-01-07,102.51,0.0,KL-PER-02
1999-01-08,97.86,0.1,KL-PER-02
1999-01-09,93.62,0.0,KL-PER-02
1999-01-10,89.78,0.0,KL-PER-02
1999-01-11,80.66,0.0,KL-PER-02
1999-01-12,73.13,0.0,KL-PER-02
1999-01-13,68.34,0.0,KL-PER-02
1999-01-14,64.31,0.0,KL-PER-02
1999-01-15,60.8,0.0,KL-PER-02
1999-01-16,57.61,0.0,KL-PER-02
1999-01-17,54.59,0.0,KL-PER-02
1999-01-18,51.72,0.0,KL-PER-02
1999-01-19,49.23,0.0,KL-PER-02
1999-01-20,47.19,0.0,KL-PER-02
1999-01-21,45.67,0.0,KL-PER-02
1999-01-22,44.39,0.0,KL-PER-02
1999-01-23,42.85,0.0,KL-PER-02
1999-01-24,41.66,0.0,KL-PER-02
1999-01-25,41.07,0.0,KL-PER-02
1999-01-26,39.93,0.0,KL-PER-02
1999-01-27,38.26,0.0,KL-PER-02
1999-01-28,37.28,0.0,KL-PER-02
1999-01-29,36.41,0.0,KL-PER-02
1999-01-30,35.73,0.0,KL-PER-02
1999-01-31,37.82,0.0,KL-PER-02
1999-02-01,39.93,0.0,KL-PER-02
1999-02-02,40.02,0.9,KL-PER-02
1999-02-03,39.74,0.1,KL-PER-02
1999-02-04,39.74,2.3,KL-PER-02
1999-02-05,41.17,8.3,KL-PER-02
1999-02-06,43.46,0.0,KL-PER-02
1999-02-07,44.81,3.1,KL-PER-02
1999-02-08,46.1,8.5,KL-PER-02
1999-02-09,47.42,0.1,KL-PER-02
1999-02-10,48.09,1.7,KL-PER-02
1999-02-11,47.19,0.0,KL-PER-02
1999-02-12,45.45,0.0,KL-PER-02
1999-02-13,44.08,0.0,KL-PER-02
1999-02-14,42.95,1.7,KL-PER-02
1999-02-15,42.05,0.0,KL-PER-02
1999-02-16,41.27,0.0,KL-PER-02
1999-02-17,40.5,0.2,KL-PER-02
1999-02-18,40.02,0.0,KL-PER-02
1999-02-19,40.4,0.0,KL-PER-02
1999-02-20,40.98,0.0,KL-PER-02
1999-02-21,41.76,0.0,KL-PER-02
1999-02-22,42.35,0.0,KL-PER-02
1999-02-23,42.45,0.0,KL-PER-02
1999-02-24,41.27,0.0,KL-PER-02
1999-02-25,40.02,0.0,KL-PER-02
1999-02-26,39.27,0.0,KL-PER-02
1999-02-27,38.72,0.0,KL-PER-02
1999-02-28,38.17,0.0,KL-PER-02
1999-03-01,37.82,0.0,KL-PER-02
1999-03-02,37.64,0.1,KL-PER-02
1999-03-03,37.28,0.0,KL-PER-02
1999-03-04,36.93,0.0,KL-PER-02
1999-03-05,36.76,0.0,KL-PER-02
1999-03-06,36.76,0.0,KL-PER-02
1999-03-07,36.58,0.0,KL-PER-02
1999-03-08,36.41,0.0,KL-PER-02
1999-03-09,36.15,0.2,KL-PER-02
1999-03-10,36.07,0.3,KL-PER-02
1999-03-11,36.07,0.0,KL-PER-02
1999-03-12,37.19,0.2,KL-PER-02
1999-03-13,41.07,0.3,KL-PER-02
1999-03-14,42.15,1.0,KL-PER-02
1999-03-15,41.85,3.7,KL-PER-02
1999-03-16,41.76,0.8,KL-PER-02
1999-03-17,42.45,3.3,KL-PER-02
1999-03-18,42.55,1.6,KL-PER-02
1999-03-19,41.56,0.0,KL-PER-02
1999-03-20,40.69,0.0,KL-PER-02
1999-03-21,40.02,0.0,KL-PER-02
1999-03-22,40.21,0.4,KL-PER-02
1999-03-23,40.5,0.0,KL-PER-02
1999-03-24,42.45,5.3,KL-PER-02
1999-03-25,44.39,0.0,KL-PER-02
1999-03-26,44.19,0.1,KL-PER-02
1999-03-27,43.26,0.3,KL-PER-02
1999-03-28,42.45,0.0,KL-PER-02
1999-03-29,42.05,0.0,KL-PER-02
1999-03-30,41.95,0.0,KL-PER-02
1999-03-31,42.65,7.2,KL-PER-02
1999-04-01,43.67,2.1,KL-PER-02
1999-04-02,44.81,1.2,KL-PER-02
1999-04-03,44.71,0.2,KL-PER-02
1999-04-04,44.19,0.0,KL-PER-02
1999-04-05,45.45,5.1,KL-PER-02
1999-04-06,46.97,2.0,KL-PER-02
1999-04-07,49.7,4.3,KL-PER-02
1999-04-08,53.58,4.0,KL-PER-02
1999-04-09,57.61,2.4,KL-PER-02
1999-04-10,60.24,3.6,KL-PER-02
1999-04-11,62.39,3.5,KL-PER-02
1999-04-12,64.46,4.4,KL-PER-02
1999-04-13,64.61,2.0,KL-PER-02
1999-04-14,63.71,1.8,KL-PER-02
1999-04-15,62.39,1.1,KL-PER-02
1999-04-16,61.09,1.9,KL-PER-02
1999-04-17,60.24,3.7,KL-PER-02
1999-04-18,61.95,8.1,KL-PER-02
1999-04-19,65.07,8.3,KL-PER-02
1999-04-20,68.34,9.9,KL-PER-02
1999-04-21,71.61,3.9,KL-PER-02
1999-04-22,77.34,15.7,KL-PER-02
1999-04-23,83.14,10.6,KL-PER-02
1999-04-24,88.13,11.3,KL-PER-02
1999-04-25,93.41,5.0,KL-PER-02
1999-04-26,96.5,2.0,KL-PER-02
1999-04-27,97.4,5.3,KL-PER-02
1999-04-28,99.0,12.1,KL-PER-02
1999-04-29,102.51,9.1,KL-PER-02
1999-04-30,104.93,7.0,KL-PER-02
1999-05-01,103.95,0.0,KL-PER-02
1999-05-02,99.93,0.0,KL-PER-02
1999-05-03,96.05,3.1,KL-PER-02
1999-05-04,95.16,6.0,KL-PER-02
1999-05-05,107.14,22.3,KL-PER-02
1999-05-06,124.31,6.8,KL-PER-02
1999-05-07,138.32,31.0,KL-PER-02
1999-05-08,141.56,16.8,KL-PER-02
1999-05-09,138.64,2.3,KL-PER-02
1999-05-10,134.21,7.3,KL-PER-02
1999-05-11,129.92,1.1,KL-PER-02
1999-05-12,128.42,16.1,KL-PER-02
1999-05-13,127.23,12.7,KL-PER-02
1999-05-14,127.23,18.4,KL-PER-02
1999-05-15,131.43,17.0,KL-PER-02
1999-05-16,141.23,12.9,KL-PER-02
1999-05-17,146.23,9.1,KL-PER-02
1999-05-18,142.55,4.8,KL-PER-02
1999-05-19,138.0,7.1,KL-PER-02
1999-05-20,138.64,17.0,KL-PER-02
1999-05-21,146.57,25.6,KL-PER-02
1999-05-22,153.17,17.4,KL-PER-02
1999-05-23,160.06,28.5,KL-PER-02
1999-05-24,193.98,35.4,KL-PER-02
1999-05-25,283.45,39.5,KL-PER-02
1999-05-26,337.84,22.6,KL-PER-02
1999-05-27,344.94,10.9,KL-PER-02
1999-05-28,332.43,15.6,KL-PER-02
1999-05-29,329.37,31.7,KL-PER-02
1999-05-30,331.66,19.0,KL-PER-02
1999-05-31,326.34,11.8,KL-PER-02
1999-06-01,313.05,7.3,KL-PER-02
1999-06-02,298.23,5.2,KL-PER-02
1999-06-03,286.08,9.0,KL-PER-02
1999-06-04,271.9,8.2,KL-PER-02
1999-06-05,263.24,15.6,KL-PER-02
1999-06-06,257.82,6.2,KL-PER-02
1999-06-07,259.62,22.4,KL-PER-02
1999-06-08,270.02,30.3,KL-PER-02
1999-06-09,295.48,21.5,KL-PER-02
1999-06-10,340.19,41.2,KL-PER-02
1999-06-11,416.83,43.2,KL-PER-02
1999-06-12,474.34,27.2,KL-PER-02
1999-06-13,492.17,23.4,KL-PER-02
1999-06-14,486.53,20.0,KL-PER-02
1999-06-15,474.34,21.7,KL-PER-02
1999-06-16,458.2,7.6,KL-PER-02
1999-06-17,441.59,12.4,KL-PER-02
1999-06-18,433.51,20.1,KL-PER-02
1999-06-19,431.51,18.6,KL-PER-02
1999-06-20,422.64,21.5,KL-PER-02
1999-06-21,407.32,5.1,KL-PER-02
1999-06-22,387.15,2.7,KL-PER-02
1999-06-23,364.59,2.1,KL-PER-02
1999-06-24,343.35,2.4,KL-PER-02
1999-06-25,320.37,3.1,KL-PER-02
1999-06-26,301.0,1.0,KL-PER-02
1999-06-27,286.08,7.4,KL-PER-02
1999-06-28,271.27,0.4,KL-PER-02
1999-06-29,256.04,2.5,KL-PER-02
1999-06-30,241.66,1.9,KL-PER-02
1999-07-01,228.61,1.5,KL-PER-02
1999-07-02,218.28,9.7,KL-PER-02
1999-07-03,212.8,19.1,KL-PER-02
1999-07-04,219.8,33.1,KL-PER-02
1999-07-05,309.46,49.6,KL-PER-02
1999-07-06,413.0,60.1,KL-PER-02
1999-07-07,420.7,19.7,KL-PER-02
1999-07-08,416.83,34.5,KL-PER-02
1999-07-09,422.64,24.1,KL-PER-02
1999-07-10,417.79,10.4,KL-PER-02
1999-07-11,397.11,1.7,KL-PER-02
1999-07-12,373.97,4.8,KL-PER-02
1999-07-13,354.63,9.6,KL-PER-02
1999-07-14,337.84,6.1,KL-PER-02
1999-07-15,327.1,21.0,KL-PER-02
1999-07-16,340.98,28.2,KL-PER-02
1999-07-17,453.99,67.3,KL-PER-02
1999-07-18,702.07,81.0,KL-PER-02
1999-07-19,834.6,38.3,KL-PER-02
1999-07-20,867.96,31.4,KL-PER-02
1999-07-21,840.4,39.2,KL-PER-02
1999-07-22,796.99,35.9,KL-PER-02
1999-07-23,743.73,13.6,KL-PER-02
1999-07-24,694.02,11.0,KL-PER-02
1999-07-25,658.17,18.4,KL-PER-02
1999-07-26,658.17,38.7,KL-PER-02
1999-07-27,652.13,16.0,KL-PER-02
1999-07-28,629.96,7.1,KL-PER-02
1999-07-29,607.13,13.2,KL-PER-02
1999-07-30,587.84,11.7,KL-PER-02
1999-07-31,575.77,20.9,KL-PER-02
1999-08-01,567.85,11.7,KL-PER-02
1999-08-02,556.19,8.6,KL-PER-02
1999-08-03,538.51,8.4,KL-PER-02
1999-08-04,514.23,2.4,KL-PER-02
1999-08-05,489.91,13.2,KL-PER-02
1999-08-06,466.74,6.0,KL-PER-02
1999-08-07,441.59,5.6,KL-PER-02
1999-08-08,421.67,3.3,KL-PER-02
1999-08-09,403.58,10.5,KL-PER-02
1999-08-10,384.48,3.8,KL-PER-02
1999-08-11,367.98,11.5,KL-PER-02
1999-08-12,353.0,2.1,KL-PER-02
1999-08-13,337.84,4.6,KL-PER-02
1999-08-14,320.37,2.8,KL-PER-02
1999-08-15,304.49,6.0,KL-PER-02
1999-08-16,294.12,13.9,KL-PER-02
1999-08-17,298.92,29.1,KL-PER-02
1999-08-18,304.49,4.8,KL-PER-02
1999-08-19,300.3,3.3,KL-PER-02
1999-08-20,288.07,2.9,KL-PER-02
1999-08-21,278.25,12.1,KL-PER-02
1999-08-22,270.02,2.5,KL-PER-02
1999-08-23,262.03,7.3,KL-PER-02
1999-08-24,255.45,9.5,KL-PER-02
1999-08-25,253.68,17.4,KL-PER-02
1999-08-26,250.77,6.6,KL-PER-02
1999-08-27,243.91,5.2,KL-PER-02
1999-08-28,233.42,8.8,KL-PER-02
1999-08-29,224.42,10.0,KL-PER-02
1999-08-30,215.77,7.3,KL-PER-02
1999-08-31,206.49,6.9,KL-PER-02
1999-09-01,198.07,4.8,KL-PER-02
1999-09-02,191.75,10.1,KL-PER-02
1999-09-03,186.07,6.0,KL-PER-02
1999-09-04,179.72,4.0,KL-PER-02
1999-09-05,173.18,4.4,KL-PER-02
1999-09-06,167.27,13.6,KL-PER-02
1999-09-07,162.68,2.1,KL-PER-02
1999-09-08,157.85,5.6,KL-PER-02
1999-09-09,152.11,2.5,KL-PER-02
1999-09-10,145.55,0.8,KL-PER-02
1999-09-11,139.28,3.8,KL-PER-02
1999-09-12,134.21,1.8,KL-PER-02
1999-09-13,129.32,3.4,KL-PER-02
1999-09-14,124.89,6.1,KL-PER-02
1999-09-15,121.18,1.6,KL-PER-02
1999-09-16,117.03,1.0,KL-PER-02
1999-09-17,113.29,1.8,KL-PER-02
1999-09-18,110.17,1.4,KL-PER-02
1999-09-19,107.39,3.8,KL-PER-02
1999-09-20,104.68,0.6,KL-PER-02
1999-09-21,103.23,1.0,KL-PER-02
1999-09-22,101.8,0.1,KL-PER-02
1999-09-23,99.93,0.0,KL-PER-02
1999-09-24,102.75,0.3,KL-PER-02
1999-09-25,113.02,4.5,KL-PER-02
1999-09-26,124.6,7.8,KL-PER-02
1999-09-27,132.66,4.1,KL-PER-02
1999-09-28,136.72,2.3,KL-PER-02
1999-09-29,138.96,7.4,KL-PER-02
1999-09-30,141.23,6.3,KL-PER-02
1999-10-01,148.97,14.7,KL-PER-02
1999-10-02,160.81,6.9,KL-PER-02
1999-10-03,168.04,3.8,KL-PER-02
1999-10-04,178.06,27.1,KL-PER-02
1999-10-05,222.87,24.7,KL-PER-02
1999-10-06,286.08,29.7,KL-PER-02
1999-10-07,304.49,3.4,KL-PER-02
1999-10-08,342.56,44.7,KL-PER-02
1999-10-09,356.27,0.2,KL-PER-02
1999-10-10,343.35,15.7,KL-PER-02
1999-10-11,331.66,7.4,KL-PER-02
1999-10-12,331.66,13.2,KL-PER-02
1999-10-13,339.41,12.2,KL-PER-02
1999-10-14,708.58,29.4,KL-PER-02
1999-10-15,825.04,16.1,KL-PER-02
1999-10-16,721.77,15.9,KL-PER-02
1999-10-17,650.63,40.4,KL-PER-02
1999-10-18,600.17,11.7,KL-PER-02
1999-10-19,579.76,14.0,KL-PER-02
1999-10-20,578.43,5.8,KL-PER-02
1999-10-21,562.64,5.2,KL-PER-02
1999-10-22,544.76,3.1,KL-PER-02
1999-10-23,528.66,18.9,KL-PER-02
1999-10-24,527.45,18.9,KL-PER-02
1999-10-25,531.11,8.8,KL-PER-02
1999-10-26,533.56,6.5,KL-PER-02
1999-10-27,527.45,11.7,KL-PER-02
1999-10-28,525.02,22.9,KL-PER-02
1999-10-29,519.0,22.6,KL-PER-02
1999-10-30,507.16,25.1,KL-PER-02
1999-10-31,485.41,0.2,KL-PER-02
1999-11-01,456.09,2.3,KL-PER-02
1999-11-02,428.54,2.7,KL-PER-02
1999-11-03,403.58,3.2,KL-PER-02
1999-11-04,380.94,1.0,KL-PER-02
1999-11-05,363.75,11.1,KL-PER-02
1999-11-06,359.58,13.8,KL-PER-02
1999-11-07,358.75,0.0,KL-PER-02
1999-11-08,345.74,0.2,KL-PER-02
1999-11-09,325.59,0.0,KL-PER-02
1999-11-10,305.9,1.3,KL-PER-02
1999-11-11,288.07,0.2,KL-PER-02
1999-11-12,271.9,0.1,KL-PER-02
1999-11-13,257.82,0.0,KL-PER-02
1999-11-14,245.6,0.0,KL-PER-02
1999-11-15,232.35,0.0,KL-PER-02
1999-11-16,218.79,0.0,KL-PER-02
1999-11-17,206.49,0.0,KL-PER-02
1999-11-18,194.88,0.0,KL-PER-02
1999-11-19,188.67,5.9,KL-PER-02
1999-11-20,198.53,24.0,KL-PER-02
1999-11-21,425.58,26.1,KL-PER-02
1999-11-22,486.53,19.9,KL-PER-02
1999-11-23,422.64,8.2,KL-PER-02
1999-11-24,372.25,0.4,KL-PER-02
1999-11-25,333.97,0.0,KL-PER-02
1999-11-26,305.2,1.1,KL-PER-02
1999-11-27,283.45,1.3,KL-PER-02
1999-11-28,269.4,4.4,KL-PER-02
1999-11-29,272.53,18.7,KL-PER-02
1999-11-30,277.61,8.1,KL-PER-02
1999-12-01,270.64,0.0,KL-PER-02
1999-12-02,257.23,1.9,KL-PER-02
1999-12-03,247.31,2.9,KL-PER-02
1999-12-04,235.59,1.1,KL-PER-02
1999-12-05,222.36,0.0,KL-PER-02
1999-12-06,208.89,0.0,KL-PER-02
1999-12-07,196.7,0.2,KL-PER-02
1999-12-08,187.8,0.3,KL-PER-02
1999-12-09,181.81,0.4,KL-PER-02
1999-12-10,174.79,0.6,KL-PER-02
1999-12-11,166.49,0.0,KL-PER-02
1999-12-12,158.22,0.6,KL-PER-02
1999-12-13,154.6,0.3,KL-PER-02
1999-12-14,154.96,1.7,KL-PER-02
1999-12-15,152.11,0.0,KL-PER-02
1999-12-16,146.91,0.0,KL-PER-02
1999-12-17,139.6,0.0,KL-PER-02
1999-12-18,132.66,0.0,KL-PER-02
1999-12-19,126.94,0.0,KL-PER-02
1999-12-20,121.46,0.0,KL-PER-02
1999-12-21,114.88,0.0,KL-PER-02
1999-12-22,108.9,0.0,KL-PER-02
1999-12-23,103.71,0.0,KL-PER-02
1999-12-24,100.16,0.0,KL-PER-02
1999-12-25,96.95,0.0,KL-PER-02
1999-12-26,92.97,0.0,KL-PER-02
1999-12-27,89.16,0.0,KL-PER-02
1999-12-28,85.1,0.0,KL-PER-02
1999-12-29,81.41,0.0,KL-PER-02
1999-12-30,77.89,0.0,KL-PER-02
1999-12-31,74.68,0.0,KL-PER-02
2000-01-01,71.61,0.0,KL-PER-02
2000-01-02,68.98,0.0,KL-PER-02
2000-01-03,66.45,0.0,KL-PER-02
2000-01-04,64.61,0.0,KL-PER-02
2000-01-05,62.68,0.0,KL-PER-02
2000-01-06,60.8,0.0,KL-PER-02
2000-01-07,59.67,0.0,KL-PER-02
2000-01-08,59.53,0.0,KL-PER-02
2000-01-09,59.26,0.0,KL-PER-02
2000-01-10,59.53,2.2,KL-PER-02
2000-01-11,56.68,2.3,KL-PER-02
2000-01-12,57.21,1.3,KL-PER-02
2000-01-13,60.09,3.9,KL-PER-02
2000-01-14,61.37,1.0,KL-PER-02
2000-01-15,60.94,0.7,KL-PER-02
2000-01-16,59.12,5.4,KL-PER-02
2000-01-17,57.08,0.0,KL-PER-02
2000-01-18,54.98,0.0,KL-PER-02
2000-01-19,52.21,0.0,KL-PER-02
2000-01-20,49.82,0.0,KL-PER-02
2000-01-21,48.77,0.0,KL-PER-02
2000-01-22,47.75,0.0,KL-PER-02
2000-01-23,46.32,0.0,KL-PER-02
2000-01-24,45.13,0.0,KL-PER-02
2000-01-25,43.98,0.0,KL-PER-02
2000-01-26,42.75,0.0,KL-PER-02
2000-01-27,41.66,0.0,KL-PER-02
2000-01-28,40.5,0.0,KL-PER-02
2000-01-29,39.64,0.0,KL-PER-02
2000-01-30,38.81,0.0,KL-PER-02
2000-01-31,40.98,0.0,KL-PER-02
2000-02-01,42.95,0.0,KL-PER-02
2000-02-02,42.95,0.0,KL-PER-02
2000-02-03,42.55,0.0,KL-PER-02
2000-02-04,43.67,10.4,KL-PER-02
2000-02-05,46.1,6.5,KL-PER-02
2000-02-06,51.97,27.8,KL-PER-02
2000-02-07,54.46,0.5,KL-PER-02
2000-02-08,53.2,0.0,KL-PER-02
2000-02-09,52.09,0.0,KL-PER-02
2000-02-10,51.36,0.7,KL-PER-02
2000-02-11,52.33,5.8,KL-PER-02
2000-02-12,53.83,4.0,KL-PER-02
2000-02-13,56.28,18.8,KL-PER-02
2000-02-14,56.28,0.0,KL-PER-02
2000-02-15,54.34,0.0,KL-PER-02
2000-02-16,52.33,0.0,KL-PER-02
2000-02-17,50.64,0.0,KL-PER-02
2000-02-18,49.35,0.0,KL-PER-02
2000-02-19,48.2,0.0,KL-PER-02
2000-02-20,47.31,0.2,KL-PER-02
2000-02-21,46.86,0.0,KL-PER-02
2000-02-22,46.32,0.0,KL-PER-02
2000-02-23,46.1,0.6,KL-PER-02
2000-02-24,47.19,2.8,KL-PER-02
2000-02-25,50.17,3.0,KL-PER-02
2000-02-26,54.46,4.0,KL-PER-02
2000-02-27,59.26,3.6,KL-PER-02
2000-02-28,63.27,14.7,KL-PER-02
2000-02-29,64.77,0.0,KL-PER-02
2000-03-01,64.31,0.0,KL-PER-02
2000-03-02,61.52,0.0,KL-PER-02
2000-03-03,58.84,0.0,KL-PER-02
2000-03-04,56.41,0.0,KL-PER-02
2000-03-05,54.34,0.0,KL-PER-02
2000-03-06,52.7,0.0,KL-PER-02
2000-03-07,51.24,0.0,KL-PER-02
2000-03-08,49.93,0.2,KL-PER-02
2000-03-09,48.77,0.1,KL-PER-02
2000-03-10,48.43,0.4,KL-PER-02
2000-03-11,48.77,0.3,KL-PER-02
2000-03-12,49.0,0.3,KL-PER-02
2000-03-13,48.2,0.0,KL-PER-02
2000-03-14,47.53,0.2,KL-PER-02
2000-03-15,47.53,0.4,KL-PER-02
2000-03-16,47.87,0.2,KL-PER-02
2000-03-17,48.43,0.0,KL-PER-02
2000-03-18,48.77,0.1,KL-PER-02
2000-03-19,48.77,0.1,KL-PER-02
2000-03-20,47.98,0.0,KL-PER-02
2000-03-21,46.97,0.0,KL-PER-02
2000-03-22,45.67,0.0,KL-PER-02
2000-03-23,44.92,1.5,KL-PER-02
2000-03-24,45.88,5.6,KL-PER-02
2000-03-25,46.42,0.2,KL-PER-02
2000-03-26,45.77,1.1,KL-PER-02
2000-03-27,47.64,9.1,KL-PER-02
2000-03-28,48.89,3.8,KL-PER-02
2000-03-29,48.66,1.4,KL-PER-02
2000-03-30,48.2,1.0,KL-PER-02
2000-03-31,58.57,33.0,KL-PER-02
2000-04-01,68.02,31.6,KL-PER-02
2000-04-02,68.5,1.2,KL-PER-02
2000-04-03,69.63,9.1,KL-PER-02
2000-04-04,74.16,6.5,KL-PER-02
2000-04-05,81.22,6.8,KL-PER-02
2000-04-06,90.2,10.9,KL-PER-02
2000-04-07,97.17,13.6,KL-PER-02
2000-04-08,101.57,1.0,KL-PER-02
2000-04-09,101.33,0.3,KL-PER-02
2000-04-10,98.08,0.1,KL-PER-02
2000-04-11,96.5,6.0,KL-PER-02
2000-04-12,97.17,4.4,KL-PER-02
2000-04-13,100.62,11.1,KL-PER-02
2000-04-14,102.51,6.3,KL-PER-02
2000-04-15,103.23,1.1,KL-PER-02
2000-04-16,103.23,0.6,KL-PER-02
2000-04-17,109.92,15.4,KL-PER-02
2000-04-18,121.46,6.5,KL-PER-02
2000-04-19,134.21,14.1,KL-PER-02
2000-04-20,142.22,3.9,KL-PER-02
2000-04-21,143.21,7.1,KL-PER-02
2000-04-22,142.55,7.8,KL-PER-02
2000-04-23,141.23,1.7,KL-PER-02
2000-04-24,140.91,11.5,KL-PER-02
2000-04-25,141.89,7.0,KL-PER-02
2000-04-26,142.22,0.3,KL-PER-02
2000-04-27,141.89,2.7,KL-PER-02
2000-04-28,142.22,2.4,KL-PER-02
2000-04-29,141.89,1.6,KL-PER-02
2000-04-30,140.91,0.7,KL-PER-02
2000-05-01,141.56,0.7,KL-PER-02
2000-05-02,142.55,5.6,KL-PER-02
2000-05-03,144.21,4.5,KL-PER-02
2000-05-04,146.23,5.4,KL-PER-02
2000-05-05,147.25,3.5,KL-PER-02
2000-05-06,152.11,19.8,KL-PER-02
2000-05-07,158.96,17.8,KL-PER-02
2000-05-08,161.55,3.6,KL-PER-02
2000-05-09,159.69,2.4,KL-PER-02
2000-05-10,157.49,5.4,KL-PER-02
2000-05-11,156.76,7.2,KL-PER-02
2000-05-12,156.4,1.4,KL-PER-02
2000-05-13,153.88,1.4,KL-PER-02
2000-05-14,150.01,0.0,KL-PER-02
2000-05-15,144.21,1.3,KL-PER-02
2000-05-16,137.36,5.9,KL-PER-02
2000-05-17,136.09,17.5,KL-PER-02
2000-05-18,136.09,6.0,KL-PER-02
2000-05-19,134.52,6.2,KL-PER-02
2000-05-20,129.92,4.5,KL-PER-02
2000-05-21,125.18,1.0,KL-PER-02
2000-05-22,120.34,1.7,KL-PER-02
2000-05-23,115.95,2.0,KL-PER-02
2000-05-24,112.24,5.9,KL-PER-02
2000-05-25,111.46,9.8,KL-PER-02
2000-05-26,114.88,17.8,KL-PER-02
2000-05-27,128.12,46.7,KL-PER-02
2000-05-28,132.97,4.1,KL-PER-02
2000-05-29,130.83,2.5,KL-PER-02
2000-05-30,125.77,9.1,KL-PER-02
2000-05-31,123.45,16.5,KL-PER-02
2000-06-01,125.47,16.2,KL-PER-02
2000-06-02,131.74,23.8,KL-PER-02
2000-06-03,138.32,11.1,KL-PER-02
2000-06-04,144.21,16.8,KL-PER-02
2000-06-05,170.0,22.9,KL-PER-02
2000-06-06,339.41,41.5,KL-PER-02
2000-06-07,632.87,63.5,KL-PER-02
2000-06-08,665.81,45.3,KL-PER-02
2000-06-09,587.84,26.3,KL-PER-02
2000-06-10,544.76,30.3,KL-PER-02
2000-06-11,522.6,25.6,KL-PER-02
2000-06-12,505.99,20.5,KL-PER-02
2000-06-13,486.53,7.5,KL-PER-02
2000-06-14,462.45,12.4,KL-PER-02
2000-06-15,438.54,3.1,KL-PER-02
2000-06-16,414.91,4.5,KL-PER-02
2000-06-17,393.46,6.5,KL-PER-02
2000-06-18,379.19,16.0,KL-PER-02
2000-06-19,376.57,17.4,KL-PER-02
2000-06-20,373.97,11.9,KL-PER-02
2000-06-21,365.44,13.4,KL-PER-02
2000-06-22,354.63,12.5,KL-PER-02
2000-06-23,342.56,6.8,KL-PER-02
2000-06-24,328.61,1.3,KL-PER-02
2000-06-25,313.05,3.5,KL-PER-02
2000-06-26,300.3,13.9,KL-PER-02
2000-06-27,296.17,22.8,KL-PER-02
2000-06-28,306.61,27.9,KL-PER-02
2000-06-29,326.34,18.4,KL-PER-02
2000-06-30,358.75,24.3,KL-PER-02
2000-07-01,388.05,17.8,KL-PER-02
2000-07-02,398.02,10.9,KL-PER-02
2000-07-03,390.74,2.4,KL-PER-02
2000-07-04,379.19,15.2,KL-PER-02
2000-07-05,374.84,6.6,KL-PER-02
2000-07-06,385.37,11.5,KL-PER-02
2000-07-07,398.94,8.1,KL-PER-02
2000-07-08,397.11,9.8,KL-PER-02
2000-07-09,383.59,4.7,KL-PER-02
2000-07-10,368.83,10.7,KL-PER-02
2000-07-11,375.7,40.0,KL-PER-02
2000-07-12,381.82,9.6,KL-PER-02
2000-07-13,371.39,1.7,KL-PER-02
2000-07-14,351.37,6.9,KL-PER-02
2000-07-15,332.43,2.5,KL-PER-02
2000-07-16,315.23,1.2,KL-PER-02
2000-07-17,298.92,7.3,KL-PER-02
2000-07-18,287.4,1.9,KL-PER-02
2000-07-19,275.69,2.7,KL-PER-02
2000-07-20,262.63,0.5,KL-PER-02
2000-07-21,248.46,0.4,KL-PER-02
2000-07-22,236.68,2.1,KL-PER-02
2000-07-23,225.99,0.4,KL-PER-02
2000-07-24,215.27,1.8,KL-PER-02
2000-07-25,203.64,0.5,KL-PER-02
2000-07-26,194.43,3.5,KL-PER-02
2000-07-27,189.99,20.4,KL-PER-02
2000-07-28,186.07,2.1,KL-PER-02
2000-07-29,180.97,4.2,KL-PER-02
2000-07-30,176.42,4.8,KL-PER-02
2000-07-31,172.38,3.9,KL-PER-02
2000-08-01,168.43,3.6,KL-PER-02
2000-08-02,165.34,0.7,KL-PER-02
2000-08-03,203.17,29.9,KL-PER-02
2000-08-04,299.61,32.7,KL-PER-02
2000-08-05,344.14,6.0,KL-PER-02
2000-08-06,325.59,17.1,KL-PER-02
2000-08-07,315.23,26.2,KL-PER-02
2000-08-08,330.89,37.4,KL-PER-02
2000-08-09,374.84,33.9,KL-PER-02
2000-08-10,405.44,16.4,KL-PER-02
2000-08-11,405.44,5.6,KL-PER-02
2000-08-12,387.15,2.4,KL-PER-02
2000-08-13,365.44,3.8,KL-PER-02
2000-08-14,359.58,7.3,KL-PER-02
2000-08-15,367.98,19.9,KL-PER-02
2000-08-16,367.98,7.4,KL-PER-02
2000-08-17,357.1,16.5,KL-PER-02
2000-08-18,353.0,24.3,KL-PER-02
2000-08-19,354.63,15.9,KL-PER-02
2000-08-20,353.81,6.8,KL-PER-02
2000-08-21,362.08,19.0,KL-PER-02
2000-08-22,404.51,24.8,KL-PER-02
2000-08-23,511.86,25.9,KL-PER-02
2000-08-24,768.13,47.4,KL-PER-02
2000-08-25,965.05,36.4,KL-PER-02
2000-08-26,992.12,35.5,KL-PER-02
2000-08-27,919.45,20.1,KL-PER-02
2000-08-28,838.46,16.9,KL-PER-02
2000-08-29,769.9,3.5,KL-PER-02
2000-08-30,711.85,2.4,KL-PER-02
2000-08-31,661.22,2.3,KL-PER-02
2000-09-01,617.02,1.3,KL-PER-02
2000-09-02,578.43,3.1,KL-PER-02
2000-09-03,543.5,0.7,KL-PER-02
2000-09-04,513.04,4.1,KL-PER-02
2000-09-05,487.65,5.0,KL-PER-02
2000-09-06,463.52,4.8,KL-PER-02
2000-09-07,441.59,4.7,KL-PER-02
2000-09-08,419.73,3.0,KL-PER-02
2000-09-09,398.94,1.5,KL-PER-02
2000-09-10,378.31,1.9,KL-PER-02
2000-09-11,353.81,2.4,KL-PER-02
2000-09-12,332.43,4.0,KL-PER-02
2000-09-13,319.63,9.9,KL-PER-02
2000-09-14,319.63,9.5,KL-PER-02
2000-09-15,316.69,4.2,KL-PER-02
2000-09-16,312.33,15.2,KL-PER-02
2000-09-17,307.32,5.1,KL-PER-02
2000-09-18,298.92,4.5,KL-PER-02
2000-09-19,294.12,19.5,KL-PER-02
2000-09-20,517.8,60.2,KL-PER-02
2000-09-21,569.16,30.6,KL-PER-02
2000-09-22,521.4,15.8,KL-PER-02
2000-09-23,486.53,3.9,KL-PER-02
2000-09-24,510.68,55.3,KL-PER-02
2000-09-25,534.8,18.7,KL-PER-02
2000-09-26,536.03,4.9,KL-PER-02
2000-09-27,526.23,17.5,KL-PER-02
2000-09-28,509.5,5.3,KL-PER-02
2000-09-29,484.29,7.6,KL-PER-02
2000-09-30,462.45,23.2,KL-PER-02
2000-10-01,484.29,50.1,KL-PER-02
2000-10-02,523.81,40.3,KL-PER-02
2000-10-03,527.45,17.2,KL-PER-02
2000-10-04,505.99,11.1,KL-PER-02
2000-10-05,479.84,9.1,KL-PER-02
2000-10-06,461.38,15.8,KL-PER-02
2000-10-07,444.66,5.2,KL-PER-02
2000-10-08,424.6,8.2,KL-PER-02
2000-10-09,405.44,2.4,KL-PER-02
2000-10-10,384.48,0.3,KL-PER-02
2000-10-11,363.75,0.2,KL-PER-02
2000-10-12,344.94,3.4,KL-PER-02
2000-10-13,330.89,13.2,KL-PER-02
2000-10-14,320.37,8.2,KL-PER-02
2000-10-15,311.61,4.3,KL-PER-02
2000-10-16,309.46,27.3,KL-PER-02
2000-10-17,309.46,8.7,KL-PER-02
2000-10-18,302.39,7.7,KL-PER-02
2000-10-19,288.73,1.7,KL-PER-02
2000-10-20,270.64,1.6,KL-PER-02
2000-10-21,255.45,6.0,KL-PER-02
2000-10-22,247.89,20.5,KL-PER-02
2000-10-23,249.03,18.1,KL-PER-02
2000-10-24,252.51,19.4,KL-PER-02
2000-10-25,252.51,1.7,KL-PER-02
2000-10-26,245.04,0.0,KL-PER-02
2000-10-27,231.27,0.9,KL-PER-02
2000-10-28,217.78,0.8,KL-PER-02
2000-10-29,206.49,0.8,KL-PER-02
2000-10-30,196.7,3.0,KL-PER-02
2000-10-31,188.23,2.8,KL-PER-02
2000-11-01,180.55,0.5,KL-PER-02
2000-11-02,173.18,0.1,KL-PER-02
2000-11-03,165.34,1.5,KL-PER-02
2000-11-04,158.22,3.9,KL-PER-02
2000-11-05,152.11,0.9,KL-PER-02
2000-11-06,145.89,0.5,KL-PER-02
2000-11-07,139.28,0.2,KL-PER-02
2000-11-08,132.35,0.0,KL-PER-02
2000-11-09,125.47,0.0,KL-PER-02
2000-11-10,119.23,0.0,KL-PER-02
2000-11-11,113.55,0.0,KL-PER-02
2000-11-12,108.4,0.0,KL-PER-02
2000-11-13,103.95,3.3,KL-PER-02
2000-11-14,99.69,0.0,KL-PER-02
2000-11-15,95.38,0.0,KL-PER-02
2000-11-16,90.83,0.0,KL-PER-02
2000-11-17,86.7,0.0,KL-PER-02
2000-11-18,82.95,0.1,KL-PER-02
2000-11-19,87.72,15.1,KL-PER-02
2000-11-20,115.95,25.1,KL-PER-02
2000-11-21,149.66,0.9,KL-PER-02
2000-11-22,164.2,0.2,KL-PER-02
2000-11-23,172.38,23.3,KL-PER-02
2000-11-24,173.18,1.6,KL-PER-02
2000-11-25,168.04,0.0,KL-PER-02
2000-11-26,158.59,0.0,KL-PER-02
2000-11-27,149.31,0.0,KL-PER-02
2000-11-28,140.25,0.0,KL-PER-02
2000-11-29,133.28,5.1,KL-PER-02
2000-11-30,131.74,10.7,KL-PER-02
2000-12-01,130.83,0.0,KL-PER-02
2000-12-02,126.06,1.1,KL-PER-02
2000-12-03,120.34,1.5,KL-PER-02
2000-12-04,115.68,0.0,KL-PER-02
2000-12-05,126.64,9.1,KL-PER-02
2000-12-06,139.6,0.0,KL-PER-02
2000-12-07,138.0,0.0,KL-PER-02
2000-12-08,127.82,0.0,KL-PER-02
2000-12-09,119.23,0.0,KL-PER-02
2000-12-10,111.98,0.0,KL-PER-02
2000-12-11,105.41,0.0,KL-PER-02
2000-12-12,99.46,0.0,KL-PER-02
2000-12-13,93.84,0.0,KL-PER-02
2000-12-14,88.95,0.0,KL-PER-02
2000-12-15,84.31,0.0,KL-PER-02
2000-12-16,79.91,0.0,KL-PER-02
2000-12-17,76.09,0.0,KL-PER-02
2000-12-18,72.62,0.0,KL-PER-02
2000-12-19,69.63,0.0,KL-PER-02
2000-12-20,66.92,0.0,KL-PER-02
2000-12-21,64.31,0.0,KL-PER-02
2000-12-22,61.95,0.0,KL-PER-02
2000-12-23,59.81,0.0,KL-PER-02
2000-12-24,57.75,0.0,KL-PER-02
2000-12-25,56.02,0.0,KL-PER-02
2000-12-26,54.34,0.0,KL-PER-02
2000-12-27,60.38,17.2,KL-PER-02
2000-12-28,86.3,10.3,KL-PER-02
2000-12-29,110.17,1.2,KL-PER-02
2000-12-30,108.14,1.1,KL-PER-02
2000-12-31,101.57,2.7,KL-PER-02
2001-01-01,96.05,1.5,KL-PER-02
2001-01-02,92.11,1.9,KL-PER-02
2001-01-03,89.99,0.1,KL-PER-02
2001-01-04,87.51,0.0,KL-PER-02
2001-01-05,83.72,0.0,KL-PER-02
2001-01-06,79.35,0.0,KL-PER-02
2001-01-07,75.21,0.0,KL-PER-02
2001-01-08,71.61,0.0,KL-PER-02
2001-01-09,68.5,0.0,KL-PER-02
2001-01-10,65.53,0.0,KL-PER-02
2001-01-11,57.75,0.0,KL-PER-02
2001-01-12,51.6,0.0,KL-PER-02
2001-01-13,48.43,0.0,KL-PER-02
2001-01-14,45.88,0.0,KL-PER-02
2001-01-15,43.57,0.0,KL-PER-02
2001-01-16,41.27,0.0,KL-PER-02
2001-01-17,39.36,0.0,KL-PER-02
2001-01-18,37.64,0.0,KL-PER-02
2001-01-19,36.15,0.0,KL-PER-02
2001-01-20,34.97,0.0,KL-PER-02
2001-01-21,34.97,0.0,KL-PER-02
2001-01-22,35.64,0.0,KL-PER-02
2001-01-23,35.64,0.0,KL-PER-02
2001-01-24,35.22,2.1,KL-PER-02
2001-01-25,34.97,1.6,KL-PER-02
2001-01-26,34.97,1.2,KL-PER-02
2001-01-27,34.97,0.0,KL-PER-02
2001-01-28,34.97,0.0,KL-PER-02
2001-01-29,34.97,0.0,KL-PER-02
2001-01-30,34.56,0.0,KL-PER-02
2001-01-31,37.37,0.0,KL-PER-02
2001-02-01,41.85,14.3,KL-PER-02
2001-02-02,46.86,12.7,KL-PER-02
2001-02-03,50.64,2.2,KL-PER-02
2001-02-04,50.64,2.5,KL-PER-02
2001-02-05,51.0,8.5,KL-PER-02
2001-02-06,51.6,0.5,KL-PER-02
2001-02-07,50.64,0.0,KL-PER-02
2001-02-08,49.12,0.0,KL-PER-02
2001-02-09,47.64,0.0,KL-PER-02
2001-02-10,46.75,0.0,KL-PER-02
2001-02-11,45.77,0.0,KL-PER-02
2001-02-12,44.81,0.2,KL-PER-02
2001-02-13,44.29,0.0,KL-PER-02
2001-02-14,44.08,0.0,KL-PER-02
2001-02-15,44.08,0.0,KL-PER-02
2001-02-16,43.87,0.0,KL-PER-02
2001-02-17,43.46,0.0,KL-PER-02
2001-02-18,43.16,0.1,KL-PER-02
2001-02-19,43.06,0.0,KL-PER-02
2001-02-20,43.26,0.5,KL-PER-02
2001-02-21,43.36,0.0,KL-PER-02
2001-02-22,43.06,0.2,KL-PER-02
2001-02-23,42.45,0.0,KL-PER-02
2001-02-24,41.76,0.0,KL-PER-02
2001-02-25,41.17,0.1,KL-PER-02
2001-02-26,40.98,0.7,KL-PER-02
2001-02-27,40.98,0.0,KL-PER-02
2001-02-28,41.95,5.9,KL-PER-02
2001-03-01,42.65,0.4,KL-PER-02
2001-03-02,42.65,0.0,KL-PER-02
2001-03-03,42.05,2.1,KL-PER-02
2001-03-04,42.85,5.1,KL-PER-02
2001-03-05,44.29,2.5,KL-PER-02
2001-03-06,44.08,0.9,KL-PER-02
2001-03-07,43.16,0.1,KL-PER-02
2001-03-08,42.55,0.0,KL-PER-02
2001-03-09,42.65,0.0,KL-PER-02
2001-03-10,43.26,2.0,KL-PER-02
2001-03-11,43.67,0.0,KL-PER-02
2001-03-12,44.19,0.1,KL-PER-02
2001-03-13,44.71,0.0,KL-PER-02
2001-03-14,44.19,0.0,KL-PER-02
2001-03-15,43.77,0.0,KL-PER-02
2001-03-16,43.36,0.0,KL-PER-02
2001-03-17,42.75,0.0,KL-PER-02
2001-03-18,42.15,0.3,KL-PER-02
2001-03-19,41.85,0.7,KL-PER-02
2001-03-20,41.46,1.0,KL-PER-02
2001-03-21,41.27,0.3,KL-PER-02
2001-03-22,41.36,4.4,KL-PER-02
2001-03-23,42.45,0.0,KL-PER-02
2001-03-24,44.08,0.1,KL-PER-02
2001-03-25,45.24,0.6,KL-PER-02
2001-03-26,45.56,0.0,KL-PER-02
2001-03-27,45.13,0.0,KL-PER-02
2001-03-28,44.6,0.0,KL-PER-02
2001-03-29,44.6,2.9,KL-PER-02
2001-03-30,46.1,3.8,KL-PER-02
2001-03-31,47.19,1.1,KL-PER-02
2001-04-01,47.53,0.0,KL-PER-02
2001-04-02,47.08,0.4,KL-PER-02
2001-04-03,46.42,0.4,KL-PER-02
2001-04-04,50.17,19.2,KL-PER-02
2001-04-05,57.48,12.0,KL-PER-02
2001-04-06,64.31,7.1,KL-PER-02
2001-04-07,67.23,3.2,KL-PER-02
2001-04-08,72.79,17.7,KL-PER-02
2001-04-09,83.92,22.7,KL-PER-02
2001-04-10,96.95,20.4,KL-PER-02
2001-04-11,214.28,146.7,KL-PER-02
2001-04-12,228.61,10.5,KL-PER-02
2001-04-13,193.54,3.4,KL-PER-02
2001-04-14,172.78,7.9,KL-PER-02
2001-04-15,161.55,0.8,KL-PER-02
2001-04-16,156.04,2.0,KL-PER-02
2001-04-17,156.4,9.6,KL-PER-02
2001-04-18,167.66,24.8,KL-PER-02
2001-04-19,182.23,10.8,KL-PER-02
2001-04-20,206.97,32.4,KL-PER-02
2001-04-21,218.28,6.0,KL-PER-02
2001-04-22,220.31,25.0,KL-PER-02
2001-04-23,217.78,6.9,KL-PER-02
2001-04-24,209.86,1.8,KL-PER-02
2001-04-25,199.91,1.8,KL-PER-02
2001-04-26,190.87,1.2,KL-PER-02
2001-04-27,183.08,2.1,KL-PER-02
2001-04-28,177.65,2.1,KL-PER-02
2001-04-29,174.39,2.1,KL-PER-02
2001-04-30,174.39,6.7,KL-PER-02
2001-05-01,177.65,3.1,KL-PER-02
2001-05-02,177.24,2.6,KL-PER-02
2001-05-03,171.58,1.0,KL-PER-02
2001-05-04,163.82,0.7,KL-PER-02
2001-05-05,157.12,0.0,KL-PER-02
2001-05-06,152.82,5.8,KL-PER-02
2001-05-07,151.05,4.8,KL-PER-02
2001-05-08,152.11,8.6,KL-PER-02
2001-05-09,152.11,4.4,KL-PER-02
2001-05-10,149.31,0.3,KL-PER-02
2001-05-11,145.22,0.7,KL-PER-02
2001-05-12,145.55,20.0,KL-PER-02
2001-05-13,147.59,3.6,KL-PER-02
2001-05-14,146.57,0.0,KL-PER-02
2001-05-15,141.89,3.6,KL-PER-02
2001-05-16,135.46,0.0,KL-PER-02
2001-05-17,130.52,1.4,KL-PER-02
2001-05-18,127.53,6.3,KL-PER-02
2001-05-19,124.03,1.8,KL-PER-02
2001-05-20,119.78,4.2,KL-PER-02
2001-05-21,116.22,5.3,KL-PER-02
2001-05-22,113.55,7.7,KL-PER-02
2001-05-23,113.02,15.8,KL-PER-02
2001-05-24,112.76,5.8,KL-PER-02
2001-05-25,111.46,5.3,KL-PER-02
2001-05-26,110.43,14.7,KL-PER-02
2001-05-27,109.66,4.3,KL-PER-02
2001-05-28,113.82,24.9,KL-PER-02
2001-05-29,122.59,30.9,KL-PER-02
2001-05-30,132.35,12.6,KL-PER-02
2001-05-31,134.52,1.8,KL-PER-02
2001-06-01,131.43,4.2,KL-PER-02
2001-06-02,126.06,4.0,KL-PER-02
2001-06-03,126.35,10.6,KL-PER-02
2001-06-04,137.04,17.5,KL-PER-02
2001-06-05,165.34,35.1,KL-PER-02
2001-06-06,239.99,60.1,KL-PER-02
2001-06-07,357.1,57.8,KL-PER-02
2001-06-08,385.37,12.1,KL-PER-02
2001-06-09,356.27,11.7,KL-PER-02
2001-06-10,335.51,20.5,KL-PER-02
2001-06-11,410.15,69.4,KL-PER-02
2001-06-12,451.9,32.3,KL-PER-02
2001-06-13,483.17,38.4,KL-PER-02
2001-06-14,510.68,39.9,KL-PER-02
2001-06-15,501.34,15.4,KL-PER-02
2001-06-16,475.43,8.1,KL-PER-02
2001-06-17,448.78,10.8,KL-PER-02
2001-06-18,425.58,6.9,KL-PER-02
2001-06-19,403.58,4.9,KL-PER-02
2001-06-20,384.48,8.2,KL-PER-02
2001-06-21,369.68,12.4,KL-PER-02
2001-06-22,371.39,31.3,KL-PER-02
2001-06-23,385.37,19.3,KL-PER-02
2001-06-24,388.05,10.0,KL-PER-02
2001-06-25,380.07,11.3,KL-PER-02
2001-06-26,370.54,11.2,KL-PER-02
2001-06-27,358.75,8.9,KL-PER-02
2001-06-28,350.56,16.3,KL-PER-02
2001-06-29,358.75,24.8,KL-PER-02
2001-06-30,372.25,29.2,KL-PER-02
2001-07-01,373.97,5.6,KL-PER-02
2001-07-02,364.59,14.7,KL-PER-02
2001-07-03,368.83,35.4,KL-PER-02
2001-07-04,400.79,32.1,KL-PER-02
2001-07-05,432.51,27.0,KL-PER-02
2001-07-06,463.52,18.6,KL-PER-02
2001-07-07,514.23,24.6,KL-PER-02
2001-07-08,667.34,34.2,KL-PER-02
2001-07-09,747.17,22.9,KL-PER-02
2001-07-10,777.04,31.8,KL-PER-02
2001-07-11,757.58,35.1,KL-PER-02
2001-07-12,705.32,6.1,KL-PER-02
2001-07-13,647.63,1.2,KL-PER-02
2001-07-14,598.79,0.0,KL-PER-02
2001-07-15,556.19,0.9,KL-PER-02
2001-07-16,519.0,4.3,KL-PER-02
2001-07-17,489.91,9.0,KL-PER-02
2001-07-18,463.52,1.4,KL-PER-02
2001-07-19,439.55,1.2,KL-PER-02
2001-07-20,416.83,0.0,KL-PER-02
2001-07-21,392.55,0.0,KL-PER-02
2001-07-22,367.13,5.0,KL-PER-02
2001-07-23,345.74,3.1,KL-PER-02
2001-07-24,330.13,4.1,KL-PER-02
2001-07-25,319.63,19.9,KL-PER-02
2001-07-26,327.85,34.5,KL-PER-02
2001-07-27,352.18,30.3,KL-PER-02
2001-07-28,391.65,28.2,KL-PER-02
2001-07-29,403.58,9.3,KL-PER-02
2001-07-30,411.1,37.9,KL-PER-02
2001-07-31,420.7,21.6,KL-PER-02
2001-08-01,482.06,28.9,KL-PER-02
2001-08-02,561.34,29.6,KL-PER-02
2001-08-03,587.84,29.5,KL-PER-02
2001-08-04,583.79,24.7,KL-PER-02
2001-08-05,563.94,4.1,KL-PER-02
2001-08-06,532.33,6.0,KL-PER-02
2001-08-07,502.5,2.7,KL-PER-02
2001-08-08,475.43,3.5,KL-PER-02
2001-08-09,450.86,1.3,KL-PER-02
2001-08-10,425.58,3.9,KL-PER-02
2001-08-11,402.65,0.8,KL-PER-02
2001-08-12,379.19,4.7,KL-PER-02
2001-08-13,359.58,10.5,KL-PER-02
2001-08-14,342.56,2.7,KL-PER-02
2001-08-15,324.84,3.4,KL-PER-02
2001-08-16,308.03,5.6,KL-PER-02
2001-08-17,293.44,6.2,KL-PER-02
2001-08-18,282.14,12.5,KL-PER-02
2001-08-19,278.25,25.5,KL-PER-02
2001-08-20,279.54,11.1,KL-PER-02
2001-08-21,279.54,4.2,KL-PER-02
2001-08-22,275.06,10.9,KL-PER-02
2001-08-23,271.27,10.4,KL-PER-02
2001-08-24,265.07,4.1,KL-PER-02
2001-08-25,258.42,19.2,KL-PER-02
2001-08-26,257.23,11.0,KL-PER-02
2001-08-27,254.86,3.1,KL-PER-02
2001-08-28,246.74,2.5,KL-PER-02
2001-08-29,237.23,2.5,KL-PER-02
2001-08-30,229.14,2.6,KL-PER-02
2001-08-31,221.84,4.7,KL-PER-02
2001-09-01,214.28,0.4,KL-PER-02
2001-09-02,205.06,1.5,KL-PER-02
2001-09-03,194.88,0.2,KL-PER-02
2001-09-04,184.35,0.0,KL-PER-02
2001-09-05,173.98,0.4,KL-PER-02
2001-09-06,164.58,1.0,KL-PER-02
2001-09-07,155.31,0.4,KL-PER-02
2001-09-08,147.94,0.8,KL-PER-02
2001-09-09,144.55,2.3,KL-PER-02
2001-09-10,142.55,0.7,KL-PER-02
2001-09-11,137.68,0.1,KL-PER-02
2001-09-12,132.97,0.0,KL-PER-02
2001-09-13,131.13,0.0,KL-PER-02
2001-09-14,133.9,0.0,KL-PER-02
2001-09-15,138.32,0.2,KL-PER-02
2001-09-16,141.89,1.8,KL-PER-02
2001-09-17,143.21,1.3,KL-PER-02
2001-09-18,142.22,3.0,KL-PER-02
2001-09-19,140.91,7.7,KL-PER-02
2001-09-20,143.21,11.4,KL-PER-02
2001-09-21,145.22,1.3,KL-PER-02
2001-09-22,148.97,13.8,KL-PER-02
2001-09-23,154.96,13.0,KL-PER-02
2001-09-24,158.59,12.9,KL-PER-02
2001-09-25,161.18,15.3,KL-PER-02
2001-09-26,160.81,1.3,KL-PER-02
2001-09-27,158.22,11.7,KL-PER-02
2001-09-28,155.68,7.6,KL-PER-02
2001-09-29,163.06,26.8,KL-PER-02
2001-09-30,222.87,47.4,KL-PER-02
2001-10-01,265.69,9.9,KL-PER-02
2001-10-02,259.02,0.5,KL-PER-02
2001-10-03,238.88,2.3,KL-PER-02
2001-10-04,220.82,2.3,KL-PER-02
2001-10-05,208.41,1.2,KL-PER-02
2001-10-06,200.37,1.6,KL-PER-02
2001-10-07,190.43,2.2,KL-PER-02
2001-10-08,179.72,2.1,KL-PER-02
2001-10-09,170.4,1.4,KL-PER-02
2001-10-10,163.44,2.3,KL-PER-02
2001-10-11,158.96,9.9,KL-PER-02
2001-10-12,156.4,0.4,KL-PER-02
2001-10-13,158.96,20.2,KL-PER-02
2001-10-14,165.34,24.7,KL-PER-02
2001-10-15,174.39,12.1,KL-PER-02
2001-10-16,178.89,2.5,KL-PER-02
2001-10-17,178.06,11.9,KL-PER-02
2001-10-18,172.38,8.8,KL-PER-02
2001-10-19,168.04,10.5,KL-PER-02
2001-10-20,175.2,17.0,KL-PER-02
2001-10-21,188.67,3.9,KL-PER-02
2001-10-22,198.99,14.7,KL-PER-02
2001-10-23,201.77,1.5,KL-PER-02
2001-10-24,206.01,25.1,KL-PER-02
2001-10-25,215.27,10.8,KL-PER-02
2001-10-26,237.23,8.7,KL-PER-02
2001-10-27,263.24,12.8,KL-PER-02
2001-10-28,281.49,3.0,KL-PER-02
2001-10-29,289.4,16.6,KL-PER-02
2001-10-30,297.54,13.2,KL-PER-02
2001-10-31,298.92,1.4,KL-PER-02
2001-11-01,288.73,1.7,KL-PER-02
2001-11-02,276.33,0.7,KL-PER-02
2001-11-03,268.77,22.5,KL-PER-02
2001-11-04,269.4,13.0,KL-PER-02
2001-11-05,274.42,6.5,KL-PER-02
2001-11-06,278.9,15.7,KL-PER-02
2001-11-07,283.45,16.0,KL-PER-02
2001-11-08,286.74,14.7,KL-PER-02
2001-11-09,284.76,1.2,KL-PER-02
2001-11-10,275.06,3.9,KL-PER-02
2001-11-11,262.03,4.0,KL-PER-02
2001-11-12,250.77,0.8,KL-PER-02
2001-11-13,239.99,2.8,KL-PER-02
2001-11-14,235.59,18.5,KL-PER-02
2001-11-15,249.03,11.9,KL-PER-02
2001-11-16,286.08,20.4,KL-PER-02
2001-11-17,308.74,4.0,KL-PER-02
2001-11-18,305.9,9.0,KL-PER-02
2001-11-19,302.39,1.6,KL-PER-02
2001-11-20,298.23,1.3,KL-PER-02
2001-11-21,285.42,0.5,KL-PER-02
2001-11-22,299.61,17.8,KL-PER-02
2001-11-23,315.23,4.2,KL-PER-02
2001-11-24,314.5,1.4,KL-PER-02
2001-11-25,299.61,0.8,KL-PER-02
2001-11-26,282.14,0.0,KL-PER-02
2001-11-27,266.3,0.0,KL-PER-02
2001-11-28,251.93,1.2,KL-PER-02
2001-11-29,235.59,0.5,KL-PER-02
2001-11-30,220.82,0.0,KL-PER-02
2001-12-01,207.93,0.5,KL-PER-02
2001-12-02,197.61,0.0,KL-PER-02
2001-12-03,189.11,0.0,KL-PER-02
2001-12-04,180.55,0.3,KL-PER-02
2001-12-05,174.39,0.0,KL-PER-02
2001-12-06,170.4,0.1,KL-PER-02
2001-12-07,165.72,0.0,KL-PER-02
2001-12-08,157.49,0.0,KL-PER-02
2001-12-09,148.97,0.0,KL-PER-02
2001-12-10,140.58,0.0,KL-PER-02
2001-12-11,132.66,0.0,KL-PER-02
2001-12-12,125.47,0.0,KL-PER-02
2001-12-13,118.67,0.0,KL-PER-02
2001-12-14,112.24,0.0,KL-PER-02
2001-12-15,106.4,0.0,KL-PER-02
2001-12-16,101.09,0.0,KL-PER-02
2001-12-17,95.83,0.0,KL-PER-02
2001-12-18,91.9,0.0,KL-PER-02
2001-12-19,90.41,0.0,KL-PER-02
2001-12-20,89.16,0.0,KL-PER-02
2001-12-21,86.7,2.1,KL-PER-02
2001-12-22,89.57,7.6,KL-PER-02
2001-12-23,97.86,5.1,KL-PER-02
2001-12-24,104.93,0.2,KL-PER-02
2001-12-25,108.14,0.0,KL-PER-02
2001-12-26,106.89,0.0,KL-PER-02
2001-12-27,102.99,0.0,KL-PER-02
2001-12-28,98.54,0.0,KL-PER-02
2001-12-29,94.06,0.0,KL-PER-02
2001-12-30,90.41,0.0,KL-PER-02
2001-12-31,87.51,0.0,KL-PER-02
2002-01-01,85.5,0.0,KL-PER-02
2002-01-02,83.14,0.0,KL-PER-02
2002-01-03,79.72,0.0,KL-PER-02
2002-01-04,76.27,0.0,KL-PER-02
2002-01-05,73.13,0.0,KL-PER-02
2002-01-06,70.45,0.4,KL-PER-02
2002-01-07,68.18,0.0,KL-PER-02
2002-01-08,65.99,0.0,KL-PER-02
2002-01-09,63.86,0.0,KL-PER-02
2002-01-10,61.66,0.0,KL-PER-02
2002-01-11,54.08,0.0,KL-PER-02
2002-01-12,48.09,0.0,KL-PER-02
2002-01-13,45.34,0.0,KL-PER-02
2002-01-14,43.36,0.0,KL-PER-02
2002-01-15,41.56,0.0,KL-PER-02
2002-01-16,40.11,0.0,KL-PER-02
2002-01-17,38.63,0.3,KL-PER-02
2002-01-18,37.73,2.9,KL-PER-02
2002-01-19,37.02,0.0,KL-PER-02
2002-01-20,35.98,0.0,KL-PER-02
2002-01-21,36.76,0.7,KL-PER-02
2002-01-22,37.55,0.8,KL-PER-02
2002-01-23,37.37,0.0,KL-PER-02
2002-01-24,37.28,0.1,KL-PER-02
2002-01-25,36.84,0.0,KL-PER-02
2002-01-26,36.41,0.1,KL-PER-02
2002-01-27,36.5,0.1,KL-PER-02
2002-01-28,36.76,0.7,KL-PER-02
2002-01-29,37.02,0.0,KL-PER-02
2002-01-30,36.33,0.0,KL-PER-02
2002-01-31,38.17,0.0,KL-PER-02
2002-02-01,43.57,2.7,KL-PER-02
2002-02-02,51.72,2.5,KL-PER-02
2002-02-03,57.34,0.2,KL-PER-02
2002-02-04,58.43,2.8,KL-PER-02
2002-02-05,56.94,1.3,KL-PER-02
2002-02-06,55.1,2.0,KL-PER-02
2002-02-07,54.21,2.7,KL-PER-02
2002-02-08,54.85,13.5,KL-PER-02
2002-02-09,54.21,1.6,KL-PER-02
2002-02-10,52.46,0.2,KL-PER-02
2002-02-11,50.17,0.0,KL-PER-02
2002-02-12,48.09,0.0,KL-PER-02
2002-02-13,46.64,0.0,KL-PER-02
2002-02-14,45.24,0.0,KL-PER-02
2002-02-15,44.19,0.0,KL-PER-02
2002-02-16,43.26,0.0,KL-PER-02
2002-02-17,42.35,0.0,KL-PER-02
2002-02-18,41.66,0.0,KL-PER-02
2002-02-19,40.98,0.0,KL-PER-02
2002-02-20,40.21,0.0,KL-PER-02
2002-02-21,39.64,0.0,KL-PER-02
2002-02-22,39.18,0.0,KL-PER-02
2002-02-23,38.72,0.0,KL-PER-02
2002-02-24,38.45,0.0,KL-PER-02
2002-02-25,38.17,0.0,KL-PER-02
2002-02-26,37.73,0.0,KL-PER-02
2002-02-27,37.37,0.0,KL-PER-02
2002-02-28,37.19,0.0,KL-PER-02
2002-03-01,36.93,0.0,KL-PER-02
2002-03-02,36.76,0.0,KL-PER-02
2002-03-03,36.58,0.0,KL-PER-02
2002-03-04,36.41,0.0,KL-PER-02
2002-03-05,36.15,0.0,KL-PER-02
2002-03-06,35.98,0.0,KL-PER-02
2002-03-07,35.9,0.0,KL-PER-02
2002-03-08,36.15,0.1,KL-PER-02
2002-03-09,36.15,2.3,KL-PER-02
2002-03-10,35.98,0.0,KL-PER-02
2002-03-11,35.56,0.0,KL-PER-02
2002-03-12,35.22,0.0,KL-PER-02
2002-03-13,35.22,0.0,KL-PER-02
2002-03-14,35.39,0.4,KL-PER-02
2002-03-15,36.84,6.8,KL-PER-02
2002-03-16,40.78,9.7,KL-PER-02
2002-03-17,43.26,1.4,KL-PER-02
2002-03-18,41.36,0.0,KL-PER-02
2002-03-19,39.27,0.0,KL-PER-02
2002-03-20,37.9,0.0,KL-PER-02
2002-03-21,37.02,0.0,KL-PER-02
2002-03-22,36.84,0.1,KL-PER-02
2002-03-23,36.76,2.3,KL-PER-02
2002-03-24,38.63,13.7,KL-PER-02
2002-03-25,39.55,0.7,KL-PER-02
2002-03-26,38.54,0.7,KL-PER-02
2002-03-27,38.08,2.5,KL-PER-02
2002-03-28,40.69,7.5,KL-PER-02
2002-03-29,42.15,1.7,KL-PER-02
2002-03-30,43.98,10.9,KL-PER-02
2002-03-31,44.5,2.1,KL-PER-02
2002-04-01,44.19,5.5,KL-PER-02
2002-04-02,44.19,3.2,KL-PER-02
2002-04-03,43.26,0.0,KL-PER-02
2002-04-04,43.67,2.6,KL-PER-02
2002-04-05,47.19,16.1,KL-PER-02
2002-04-06,49.12,5.3,KL-PER-02
2002-04-07,48.09,1.3,KL-PER-02
2002-04-08,49.58,12.8,KL-PER-02
2002-04-09,53.45,3.9,KL-PER-02
2002-04-10,55.62,7.5,KL-PER-02
2002-04-11,56.28,2.9,KL-PER-02
2002-04-12,56.54,5.8,KL-PER-02
2002-04-13,57.61,15.5,KL-PER-02
2002-04-14,57.75,3.3,KL-PER-02
2002-04-15,57.21,1.5,KL-PER-02
2002-04-16,56.54,1.4,KL-PER-02
2002-04-17,55.75,0.6,KL-PER-02
2002-04-18,54.98,1.2,KL-PER-02
2002-04-19,54.72,3.8,KL-PER-02
2002-04-20,55.75,4.3,KL-PER-02
2002-04-21,57.48,3.0,KL-PER-02
2002-04-22,59.26,4.4,KL-PER-02
2002-04-23,60.38,2.6,KL-PER-02
2002-04-24,61.52,4.6,KL-PER-02
2002-04-25,61.81,0.7,KL-PER-02
2002-04-26,62.24,3.7,KL-PER-02
2002-04-27,62.24,1.7,KL-PER-02
2002-04-28,62.24,1.3,KL-PER-02
2002-04-29,62.39,3.0,KL-PER-02
2002-04-30,62.83,3.4,KL-PER-02
2002-05-01,64.31,6.3,KL-PER-02
2002-05-02,66.14,3.1,KL-PER-02
2002-05-03,71.28,16.1,KL-PER-02
2002-05-04,78.8,17.1,KL-PER-02
2002-05-05,84.11,3.6,KL-PER-02
2002-05-06,86.5,3.7,KL-PER-02
2002-05-07,85.5,5.6,KL-PER-02
2002-05-08,83.53,5.2,KL-PER-02
2002-05-09,81.6,6.1,KL-PER-02
2002-05-10,83.92,15.4,KL-PER-02
2002-05-11,87.31,7.8,KL-PER-02
2002-05-12,90.62,18.1,KL-PER-02
2002-05-13,94.06,17.3,KL-PER-02
2002-05-14,95.61,6.8,KL-PER-02
2002-05-15,95.16,5.3,KL-PER-02
2002-05-16,94.06,9.3,KL-PER-02
2002-05-17,96.27,26.6,KL-PER-02
2002-05-18,127.82,62.9,KL-PER-02
2002-05-19,163.06,45.7,KL-PER-02
2002-05-20,175.2,15.9,KL-PER-02
2002-05-21,172.78,17.2,KL-PER-02
2002-05-22,163.06,9.9,KL-PER-02
2002-05-23,154.24,9.9,KL-PER-02
2002-05-24,147.59,4.7,KL-PER-02
2002-05-25,143.54,8.8,KL-PER-02
2002-05-26,141.23,3.0,KL-PER-02
2002-05-27,139.93,9.1,KL-PER-02
2002-05-28,141.23,17.1,KL-PER-02
2002-05-29,143.88,13.6,KL-PER-02
2002-05-30,145.55,12.9,KL-PER-02
2002-05-31,146.57,7.8,KL-PER-02
2002-06-01,147.25,15.8,KL-PER-02
2002-06-02,148.62,23.1,KL-PER-02
2002-06-03,149.66,16.0,KL-PER-02
2002-06-04,146.23,1.2,KL-PER-02
2002-06-05,141.89,9.3,KL-PER-02
2002-06-06,139.28,10.4,KL-PER-02
2002-06-07,137.68,4.2,KL-PER-02
2002-06-08,135.77,8.4,KL-PER-02
2002-06-09,134.83,12.0,KL-PER-02
2002-06-10,137.68,15.9,KL-PER-02
2002-06-11,145.22,24.0,KL-PER-02
2002-06-12,158.22,20.4,KL-PER-02
2002-06-13,250.19,61.2,KL-PER-02
2002-06-14,314.5,29.3,KL-PER-02
2002-06-15,308.03,22.2,KL-PER-02
2002-06-16,292.09,4.8,KL-PER-02
2002-06-17,275.69,1.4,KL-PER-02
2002-06-18,258.42,6.9,KL-PER-02
2002-06-19,249.03,19.4,KL-PER-02
2002-06-20,242.78,8.7,KL-PER-02
2002-06-21,235.05,10.0,KL-PER-02
2002-06-22,230.21,10.8,KL-PER-02
2002-06-23,237.23,18.7,KL-PER-02
2002-06-24,263.85,28.5,KL-PER-02
2002-06-25,282.79,12.4,KL-PER-02
2002-06-26,283.45,5.2,KL-PER-02
2002-06-27,272.53,2.3,KL-PER-02
2002-06-28,257.23,0.9,KL-PER-02
2002-06-29,243.34,3.1,KL-PER-02
2002-06-30,231.81,4.1,KL-PER-02
2002-07-01,226.51,17.5,KL-PER-02
2002-07-02,229.67,14.8,KL-PER-02
2002-07-03,232.35,6.7,KL-PER-02
2002-07-04,232.88,14.3,KL-PER-02
2002-07-05,231.81,3.7,KL-PER-02
2002-07-06,225.99,6.0,KL-PER-02
2002-07-07,216.77,3.6,KL-PER-02
2002-07-08,207.93,2.9,KL-PER-02
2002-07-09,199.91,6.0,KL-PER-02
2002-07-10,191.31,4.9,KL-PER-02
2002-07-11,188.23,11.0,KL-PER-02
2002-07-12,192.2,10.5,KL-PER-02
2002-07-13,193.98,3.9,KL-PER-02
2002-07-14,193.98,6.5,KL-PER-02
2002-07-15,195.34,5.6,KL-PER-02
2002-07-16,193.09,1.7,KL-PER-02
2002-07-17,188.23,7.5,KL-PER-02
2002-07-18,183.08,4.7,KL-PER-02
2002-07-19,178.06,6.2,KL-PER-02
2002-07-20,174.79,10.5,KL-PER-02
2002-07-21,174.79,20.4,KL-PER-02
2002-07-22,175.6,8.4,KL-PER-02
2002-07-23,175.6,12.8,KL-PER-02
2002-07-24,171.98,3.2,KL-PER-02
2002-07-25,168.43,11.9,KL-PER-02
2002-07-26,165.34,3.3,KL-PER-02
2002-07-27,160.44,6.2,KL-PER-02
2002-07-28,157.49,14.3,KL-PER-02
2002-07-29,161.93,20.8,KL-PER-02
2002-07-30,171.98,10.9,KL-PER-02
2002-07-31,208.41,38.9,KL-PER-02
2002-08-01,258.42,36.5,KL-PER-02
2002-08-02,305.2,39.4,KL-PER-02
2002-08-03,367.98,30.2,KL-PER-02
2002-08-04,411.1,25.0,KL-PER-02
2002-08-05,421.67,23.0,KL-PER-02
2002-08-06,415.87,20.3,KL-PER-02
2002-08-07,402.65,8.6,KL-PER-02
2002-08-08,388.94,12.9,KL-PER-02
2002-08-09,383.59,19.0,KL-PER-02
2002-08-10,381.82,14.4,KL-PER-02
2002-08-11,380.07,23.1,KL-PER-02
2002-08-12,372.25,5.6,KL-PER-02
2002-08-13,357.92,4.1,KL-PER-02
2002-08-14,340.98,4.9,KL-PER-02
2002-08-15,331.66,21.5,KL-PER-02
2002-08-16,400.79,40.5,KL-PER-02
2002-08-17,459.26,23.2,KL-PER-02
2002-08-18,455.04,1.9,KL-PER-02
2002-08-19,426.56,5.1,KL-PER-02
2002-08-20,398.02,3.2,KL-PER-02
2002-08-21,375.7,3.8,KL-PER-02
2002-08-22,357.1,6.8,KL-PER-02
2002-08-23,340.19,3.2,KL-PER-02
2002-08-24,322.59,0.7,KL-PER-02
2002-08-25,303.79,1.8,KL-PER-02
2002-08-26,286.08,0.5,KL-PER-02
2002-08-27,271.9,1.7,KL-PER-02
2002-08-28,266.3,1.3,KL-PER-02
2002-08-29,264.46,3.9,KL-PER-02
2002-08-30,259.02,3.7,KL-PER-02
2002-08-31,249.03,2.6,KL-PER-02
2002-09-01,237.23,1.4,KL-PER-02
2002-09-02,225.46,2.9,KL-PER-02
2002-09-03,215.27,2.4,KL-PER-02
2002-09-04,206.49,2.5,KL-PER-02
2002-09-05,198.99,5.1,KL-PER-02
2002-09-06,191.75,5.6,KL-PER-02
2002-09-07,186.93,20.3,KL-PER-02
2002-09-08,183.5,5.7,KL-PER-02
2002-09-09,183.08,13.2,KL-PER-02
2002-09-10,182.65,4.5,KL-PER-02
2002-09-11,178.89,1.2,KL-PER-02
2002-09-12,170.0,1.1,KL-PER-02
2002-09-13,161.55,0.0,KL-PER-02
2002-09-14,154.6,2.7,KL-PER-02
2002-09-15,151.76,5.5,KL-PER-02
2002-09-16,150.36,3.1,KL-PER-02
2002-09-17,146.23,2.0,KL-PER-02
2002-09-18,139.28,0.7,KL-PER-02
2002-09-19,132.66,1.5,KL-PER-02
2002-09-20,129.02,1.4,KL-PER-02
2002-09-21,127.53,0.1,KL-PER-02
2002-09-22,123.74,0.0,KL-PER-02
2002-09-23,117.58,0.0,KL-PER-02
2002-09-24,111.46,0.2,KL-PER-02
2002-09-25,105.66,2.3,KL-PER-02
2002-09-26,100.62,0.0,KL-PER-02
2002-09-27,96.5,0.0,KL-PER-02
2002-09-28,96.05,0.0,KL-PER-02
2002-09-29,102.75,6.0,KL-PER-02
2002-09-30,119.5,16.9,KL-PER-02
2002-10-01,139.6,20.7,KL-PER-02
2002-10-02,150.01,5.2,KL-PER-02
2002-10-03,155.31,21.1,KL-PER-02
2002-10-04,160.81,12.5,KL-PER-02
2002-10-05,178.47,12.0,KL-PER-02
2002-10-06,202.24,7.5,KL-PER-02
2002-10-07,219.8,11.0,KL-PER-02
2002-10-08,243.91,22.4,KL-PER-02
2002-10-09,270.02,18.0,KL-PER-02
2002-10-10,280.19,4.5,KL-PER-02
2002-10-11,273.79,8.5,KL-PER-02
2002-10-12,268.77,33.1,KL-PER-02
2002-10-13,269.4,21.5,KL-PER-02
2002-10-14,295.48,40.1,KL-PER-02
2002-10-15,321.85,14.1,KL-PER-02
2002-10-16,322.59,9.0,KL-PER-02
2002-10-17,310.89,6.3,KL-PER-02
2002-10-18,297.54,5.4,KL-PER-02
2002-10-19,285.42,5.8,KL-PER-02
2002-10-20,278.25,8.1,KL-PER-02
2002-10-21,275.06,6.8,KL-PER-02
2002-10-22,269.4,18.7,KL-PER-02
2002-10-23,262.03,3.2,KL-PER-02
2002-10-24,253.68,8.6,KL-PER-02
2002-10-25,248.46,2.7,KL-PER-02
2002-10-26,243.91,12.0,KL-PER-02
2002-10-27,239.44,1.3,KL-PER-02
2002-10-28,232.88,0.4,KL-PER-02
2002-10-29,225.46,18.2,KL-PER-02
2002-10-30,224.42,17.1,KL-PER-02
2002-10-31,230.21,3.5,KL-PER-02
2002-11-01,239.99,11.2,KL-PER-02
2002-11-02,249.03,15.4,KL-PER-02
2002-11-03,253.1,2.5,KL-PER-02
2002-11-04,254.27,5.6,KL-PER-02
2002-11-05,263.85,14.0,KL-PER-02
2002-11-06,279.54,19.4,KL-PER-02
2002-11-07,296.85,18.2,KL-PER-02
2002-11-08,321.85,3.1,KL-PER-02
2002-11-09,341.77,10.4,KL-PER-02
2002-11-10,352.18,11.5,KL-PER-02
2002-11-11,351.37,1.5,KL-PER-02
2002-11-12,337.84,1.2,KL-PER-02
2002-11-13,319.63,1.0,KL-PER-02
2002-11-14,305.2,7.7,KL-PER-02
2002-11-15,301.69,5.8,KL-PER-02
2002-11-16,298.23,0.0,KL-PER-02
2002-11-17,286.08,1.4,KL-PER-02
2002-11-18,284.76,13.7,KL-PER-02
2002-11-19,292.76,4.6,KL-PER-02
2002-11-20,300.3,3.3,KL-PER-02
2002-11-21,314.5,10.4,KL-PER-02
2002-11-22,323.34,2.6,KL-PER-02
2002-11-23,314.5,0.0,KL-PER-02
2002-11-24,297.54,1.9,KL-PER-02
2002-11-25,282.14,3.0,KL-PER-02
2002-11-26,268.77,2.1,KL-PER-02
2002-11-27,257.82,2.7,KL-PER-02
2002-11-28,245.6,0.0,KL-PER-02
2002-11-29,233.42,0.6,KL-PER-02
2002-11-30,222.36,0.2,KL-PER-02
2002-12-01,208.89,0.0,KL-PER-02
2002-12-02,195.34,0.0,KL-PER-02
2002-12-03,183.93,0.0,KL-PER-02
2002-12-04,173.58,0.0,KL-PER-02
2002-12-05,163.82,0.0,KL-PER-02
2002-12-06,170.79,3.6,KL-PER-02
2002-12-07,216.27,16.0,KL-PER-02
2002-12-08,237.78,0.5,KL-PER-02
2002-12-09,225.99,0.0,KL-PER-02
2002-12-10,210.84,0.0,KL-PER-02
2002-12-11,202.24,0.0,KL-PER-02
2002-12-12,193.98,0.0,KL-PER-02
2002-12-13,183.5,0.0,KL-PER-02
2002-12-14,173.98,0.0,KL-PER-02
2002-12-15,165.72,0.0,KL-PER-02
2002-12-16,158.22,0.0,KL-PER-02
2002-12-17,150.71,0.0,KL-PER-02
2002-12-18,139.28,0.0,KL-PER-02
2002-12-19,130.22,0.0,KL-PER-02
2002-12-20,122.59,0.0,KL-PER-02
2002-12-21,115.68,0.0,KL-PER-02
2002-12-22,109.15,0.0,KL-PER-02
2002-12-23,102.99,0.0,KL-PER-02
2002-12-24,97.17,0.0,KL-PER-02
2002-12-25,91.9,0.0,KL-PER-02
2002-12-26,86.9,0.0,KL-PER-02
2002-12-27,82.37,0.0,KL-PER-02
2002-12-28,78.43,0.3,KL-PER-02
2002-12-29,75.56,1.2,KL-PER-02
2002-12-30,73.3,0.8,KL-PER-02
2002-12-31,70.94,0.0,KL-PER-02
2003-01-01,68.98,0.0,KL-PER-02
2003-01-02,66.92,0.2,KL-PER-02
2003-01-03,64.46,0.0,KL-PER-02
2003-01-04,61.95,0.0,KL-PER-02
2003-01-05,59.26,0.0,KL-PER-02
2003-01-06,57.08,0.0,KL-PER-02
2003-01-07,54.98,0.0,KL-PER-02
2003-01-08,53.2,0.0,KL-PER-02
2003-01-09,51.72,0.0,KL-PER-02
2003-01-10,50.88,0.0,KL-PER-02
2003-01-11,44.81,0.0,KL-PER-02
2003-01-12,39.55,0.0,KL-PER-02
2003-01-13,37.64,0.0,KL-PER-02
2003-01-14,36.33,0.0,KL-PER-02
2003-01-15,34.97,0.0,KL-PER-02
2003-01-16,33.75,0.0,KL-PER-02
2003-01-17,32.81,0.0,KL-PER-02
2003-01-18,32.04,0.0,KL-PER-02
2003-01-19,31.14,0.0,KL-PER-02
2003-01-20,30.48,0.0,KL-PER-02
2003-01-21,31.66,0.0,KL-PER-02
2003-01-22,32.88,0.0,KL-PER-02
2003-01-23,32.88,0.0,KL-PER-02
2003-01-24,32.5,0.0,KL-PER-02
2003-01-25,32.04,0.0,KL-PER-02
2003-01-26,31.96,0.0,KL-PER-02
2003-01-27,31.73,0.0,KL-PER-02
2003-01-28,31.36,0.0,KL-PER-02
2003-01-29,31.06,0.0,KL-PER-02
2003-01-30,30.92,0.0,KL-PER-02
2003-01-31,33.43,0.0,KL-PER-02
2003-02-01,35.98,2.8,KL-PER-02
2003-02-02,37.46,1.2,KL-PER-02
2003-02-03,37.82,3.4,KL-PER-02
2003-02-04,37.19,0.4,KL-PER-02
2003-02-05,37.02,0.0,KL-PER-02
2003-02-06,36.84,0.0,KL-PER-02
2003-02-07,37.02,1.4,KL-PER-02
2003-02-08,37.02,0.0,KL-PER-02
2003-02-09,36.67,0.0,KL-PER-02
2003-02-10,36.5,0.0,KL-PER-02
2003-02-11,36.07,0.0,KL-PER-02
2003-02-12,36.07,3.8,KL-PER-02
2003-02-13,38.99,16.0,KL-PER-02
2003-02-14,41.27,1.2,KL-PER-02
2003-02-15,40.69,0.5,KL-PER-02
2003-02-16,39.83,0.0,KL-PER-02
2003-02-17,38.99,0.0,KL-PER-02
2003-02-18,38.26,0.0,KL-PER-02
2003-02-19,37.82,0.0,KL-PER-02
2003-02-20,37.37,0.0,KL-PER-02
2003-02-21,37.02,0.0,KL-PER-02
2003-02-22,36.58,0.0,KL-PER-02
2003-02-23,36.24,0.0,KL-PER-02
2003-02-24,35.98,1.3,KL-PER-02
2003-02-25,39.09,16.7,KL-PER-02
2003-02-26,44.08,15.0,KL-PER-02
2003-02-27,44.39,0.2,KL-PER-02
2003-02-28,42.45,2.1,KL-PER-02
2003-03-01,40.98,0.5,KL-PER-02
2003-03-02,39.93,0.3,KL-PER-02
2003-03-03,39.09,0.0,KL-PER-02
2003-03-04,38.54,0.0,KL-PER-02
2003-03-05,38.08,0.0,KL-PER-02
2003-03-06,37.55,0.0,KL-PER-02
2003-03-07,37.02,0.0,KL-PER-02
2003-03-08,36.67,0.0,KL-PER-02
2003-03-09,36.24,0.0,KL-PER-02
2003-03-10,36.07,0.0,KL-PER-02
2003-03-11,36.07,1.1,KL-PER-02
2003-03-12,36.33,1.5,KL-PER-02
2003-03-13,37.55,1.2,KL-PER-02
2003-03-14,39.09,4.2,KL-PER-02
2003-03-15,40.02,0.8,KL-PER-02
2003-03-16,41.95,3.5,KL-PER-02
2003-03-17,45.77,12.6,KL-PER-02
2003-03-18,49.35,12.8,KL-PER-02
2003-03-19,57.34,38.2,KL-PER-02
2003-03-20,61.81,5.5,KL-PER-02
2003-03-21,59.81,0.6,KL-PER-02
2003-03-22,56.15,0.0,KL-PER-02
2003-03-23,53.08,0.0,KL-PER-02
2003-03-24,50.64,0.0,KL-PER-02
2003-03-25,48.55,0.0,KL-PER-02
2003-03-26,46.86,0.0,KL-PER-02
2003-03-27,45.88,2.0,KL-PER-02
2003-03-28,45.67,0.3,KL-PER-02
2003-03-29,45.99,1.2,KL-PER-02
2003-03-30,47.19,6.0,KL-PER-02
2003-03-31,48.2,4.5,KL-PER-02
2003-04-01,49.0,1.5,KL-PER-02
2003-04-02,51.24,9.2,KL-PER-02
2003-04-03,54.08,8.7,KL-PER-02
2003-04-04,55.75,9.1,KL-PER-02
2003-04-05,56.28,0.2,KL-PER-02
2003-04-06,61.81,27.6,KL-PER-02
2003-04-07,64.46,1.5,KL-PER-02
2003-04-08,63.86,0.3,KL-PER-02
2003-04-09,63.57,1.1,KL-PER-02
2003-04-10,63.57,7.2,KL-PER-02
2003-04-11,64.92,2.9,KL-PER-02
2003-04-12,67.39,1.4,KL-PER-02
2003-04-13,68.82,2.5,KL-PER-02
2003-04-14,68.5,2.4,KL-PER-02
2003-04-15,68.5,9.0,KL-PER-02
2003-04-16,68.02,0.0,KL-PER-02
2003-04-17,67.55,2.4,KL-PER-02
2003-04-18,67.08,2.8,KL-PER-02
2003-04-19,68.82,18.2,KL-PER-02
2003-04-20,72.28,10.1,KL-PER-02
2003-04-21,74.68,6.0,KL-PER-02
2003-04-22,77.16,6.6,KL-PER-02
2003-04-23,78.07,3.9,KL-PER-02
2003-04-24,77.89,1.3,KL-PER-02
2003-04-25,79.91,21.2,KL-PER-02
2003-04-26,80.47,0.0,KL-PER-02
2003-04-27,80.66,1.3,KL-PER-02
2003-04-28,83.33,10.5,KL-PER-02
2003-04-29,119.23,76.6,KL-PER-02
2003-04-30,148.97,23.3,KL-PER-02
2003-05-01,156.4,9.6,KL-PER-02
2003-05-02,156.4,10.9,KL-PER-02
2003-05-03,154.6,13.1,KL-PER-02
2003-05-04,151.05,7.3,KL-PER-02
2003-05-05,150.01,8.2,KL-PER-02
2003-05-06,149.31,7.6,KL-PER-02
2003-05-07,146.23,4.7,KL-PER-02
2003-05-08,140.58,3.3,KL-PER-02
2003-05-09,136.09,0.0,KL-PER-02
2003-05-10,136.09,5.7,KL-PER-02
2003-05-11,140.25,13.8,KL-PER-02
2003-05-12,141.89,5.7,KL-PER-02
2003-05-13,140.25,5.5,KL-PER-02
2003-05-14,137.04,7.8,KL-PER-02
2003-05-15,134.21,3.8,KL-PER-02
2003-05-16,138.96,19.3,KL-PER-02
2003-05-17,146.23,10.5,KL-PER-02
2003-05-18,146.57,1.0,KL-PER-02
2003-05-19,140.25,0.2,KL-PER-02
2003-05-20,132.35,0.2,KL-PER-02
2003-05-21,125.77,5.7,KL-PER-02
2003-05-22,121.18,2.2,KL-PER-02
2003-05-23,116.76,2.5,KL-PER-02
2003-05-24,112.5,0.1,KL-PER-02
2003-05-25,111.72,4.3,KL-PER-02
2003-05-26,114.61,10.2,KL-PER-02
2003-05-27,120.06,19.9,KL-PER-02
2003-05-28,122.59,8.8,KL-PER-02
2003-05-29,123.74,12.9,KL-PER-02
2003-05-30,122.03,0.3,KL-PER-02
2003-05-31,117.85,0.0,KL-PER-02
2003-06-01,112.5,4.7,KL-PER-02
2003-06-02,108.65,2.5,KL-PER-02
2003-06-03,107.39,9.8,KL-PER-02
2003-06-04,107.64,6.8,KL-PER-02
2003-06-05,109.15,9.7,KL-PER-02
2003-06-06,110.43,11.7,KL-PER-02
2003-06-07,113.29,18.6,KL-PER-02
2003-06-08,120.62,20.5,KL-PER-02
2003-06-09,126.94,10.1,KL-PER-02
2003-06-10,128.42,5.0,KL-PER-02
2003-06-11,126.35,5.5,KL-PER-02
2003-06-12,128.72,22.8,KL-PER-02
2003-06-13,142.88,31.7,KL-PER-02
2003-06-14,161.18,32.3,KL-PER-02
2003-06-15,178.47,35.8,KL-PER-02
2003-06-16,235.59,56.2,KL-PER-02
2003-06-17,305.9,39.2,KL-PER-02
2003-06-18,367.13,44.8,KL-PER-02
2003-06-19,394.37,32.7,KL-PER-02
2003-06-20,418.76,47.4,KL-PER-02
2003-06-21,531.11,74.8,KL-PER-02
2003-06-22,611.35,34.7,KL-PER-02
2003-06-23,624.17,26.9,KL-PER-02
2003-06-24,644.65,50.0,KL-PER-02
2003-06-25,619.87,10.0,KL-PER-02
2003-06-26,569.16,4.1,KL-PER-02
2003-06-27,525.02,13.5,KL-PER-02
2003-06-28,496.74,12.5,KL-PER-02
2003-06-29,474.34,17.9,KL-PER-02
2003-06-30,458.2,12.9,KL-PER-02
2003-07-01,455.04,33.3,KL-PER-02
2003-07-02,452.94,20.9,KL-PER-02
2003-07-03,449.82,22.0,KL-PER-02
2003-07-04,491.04,57.8,KL-PER-02
2003-07-05,573.12,46.8,KL-PER-02
2003-07-06,591.93,18.2,KL-PER-02
2003-07-07,553.63,1.9,KL-PER-02
2003-07-08,516.61,20.0,KL-PER-02
2003-07-09,494.45,12.0,KL-PER-02
2003-07-10,478.73,5.8,KL-PER-02
2003-07-11,475.43,37.7,KL-PER-02
2003-07-12,471.06,15.7,KL-PER-02
2003-07-13,526.23,57.6,KL-PER-02
2003-07-14,567.85,37.5,KL-PER-02
2003-07-15,579.76,36.6,KL-PER-02
2003-07-16,565.24,18.9,KL-PER-02
2003-07-17,539.75,6.9,KL-PER-02
2003-07-18,510.68,13.5,KL-PER-02
2003-07-19,484.29,6.3,KL-PER-02
2003-07-20,458.2,3.5,KL-PER-02
2003-07-21,435.52,8.8,KL-PER-02
2003-07-22,420.7,11.1,KL-PER-02
2003-07-23,415.87,16.0,KL-PER-02
2003-07-24,414.91,13.7,KL-PER-02
2003-07-25,405.44,8.7,KL-PER-02
2003-07-26,394.37,26.4,KL-PER-02
2003-07-27,380.94,15.9,KL-PER-02
2003-07-28,371.39,19.0,KL-PER-02
2003-07-29,359.58,7.0,KL-PER-02
2003-07-30,347.34,12.2,KL-PER-02
2003-07-31,342.56,11.8,KL-PER-02
2003-08-01,340.98,7.7,KL-PER-02
2003-08-02,332.43,11.3,KL-PER-02
2003-08-03,318.89,9.3,KL-PER-02
2003-08-04,307.32,13.0,KL-PER-02
2003-08-05,296.85,4.5,KL-PER-02
2003-08-06,288.07,11.9,KL-PER-02
2003-08-07,282.14,6.8,KL-PER-02
2003-08-08,277.61,10.4,KL-PER-02
2003-08-09,271.9,7.2,KL-PER-02
2003-08-10,261.42,1.4,KL-PER-02
2003-08-11,249.03,5.8,KL-PER-02
2003-08-12,241.66,11.7,KL-PER-02
2003-08-13,237.78,9.6,KL-PER-02
2003-08-14,235.05,10.1,KL-PER-02
2003-08-15,235.05,18.1,KL-PER-02
2003-08-16,233.96,12.3,KL-PER-02
2003-08-17,232.88,19.5,KL-PER-02
2003-08-18,229.67,5.0,KL-PER-02
2003-08-19,226.51,6.4,KL-PER-02
2003-08-20,221.33,9.4,KL-PER-02
2003-08-21,220.31,9.2,KL-PER-02
2003-08-22,266.92,32.6,KL-PER-02
2003-08-23,319.63,18.6,KL-PER-02
2003-08-24,331.66,9.4,KL-PER-02
2003-08-25,317.42,2.0,KL-PER-02
2003-08-26,298.92,7.5,KL-PER-02
2003-08-27,285.42,17.4,KL-PER-02
2003-08-28,273.16,0.6,KL-PER-02
2003-08-29,259.62,8.4,KL-PER-02
2003-08-30,249.03,13.2,KL-PER-02
2003-08-31,257.82,47.8,KL-PER-02
2003-09-01,270.02,21.2,KL-PER-02
2003-09-02,276.33,19.4,KL-PER-02
2003-09-03,270.64,10.3,KL-PER-02
2003-09-04,259.02,1.4,KL-PER-02
2003-09-05,246.74,3.2,KL-PER-02
2003-09-06,237.23,14.1,KL-PER-02
2003-09-07,228.09,3.9,KL-PER-02
2003-09-08,218.28,2.0,KL-PER-02
2003-09-09,208.41,3.6,KL-PER-02
2003-09-10,200.37,7.2,KL-PER-02
2003-09-11,193.09,2.5,KL-PER-02
2003-09-12,185.64,2.7,KL-PER-02
2003-09-13,177.24,2.6,KL-PER-02
2003-09-14,169.22,5.5,KL-PER-02
2003-09-15,162.31,2.0,KL-PER-02
2003-09-16,156.4,8.2,KL-PER-02
2003-09-17,153.88,12.5,KL-PER-02
2003-09-18,151.76,4.5,KL-PER-02
2003-09-19,149.31,9.9,KL-PER-02
2003-09-20,145.22,0.0,KL-PER-02
2003-09-21,139.6,0.3,KL-PER-02
2003-09-22,132.05,0.0,KL-PER-02
2003-09-23,124.89,1.3,KL-PER-02
2003-09-24,119.23,2.5,KL-PER-02
2003-09-25,115.95,8.9,KL-PER-02
2003-09-26,116.22,8.6,KL-PER-02
2003-09-27,118.67,4.1,KL-PER-02
2003-09-28,120.06,3.8,KL-PER-02
2003-09-29,120.62,6.4,KL-PER-02
2003-09-30,157.85,34.7,KL-PER-02
2003-10-01,256.04,55.7,KL-PER-02
2003-10-02,303.79,41.7,KL-PER-02
2003-10-03,305.2,28.3,KL-PER-02
2003-10-04,296.85,6.3,KL-PER-02
2003-10-05,288.07,25.9,KL-PER-02
2003-10-06,291.42,36.0,KL-PER-02
2003-10-07,335.51,47.8,KL-PER-02
2003-10-08,358.75,9.8,KL-PER-02
2003-10-09,346.54,0.8,KL-PER-02
2003-10-10,321.85,0.9,KL-PER-02
2003-10-11,298.23,5.5,KL-PER-02
2003-10-12,291.42,22.9,KL-PER-02
2003-10-13,296.85,7.8,KL-PER-02
2003-10-14,301.69,6.2,KL-PER-02
2003-10-15,299.61,11.8,KL-PER-02
2003-10-16,298.92,11.5,KL-PER-02
2003-10-17,300.3,16.9,KL-PER-02
2003-10-18,301.69,16.0,KL-PER-02
2003-10-19,303.79,17.1,KL-PER-02
2003-10-20,305.2,21.3,KL-PER-02
2003-10-21,303.09,9.8,KL-PER-02
2003-10-22,296.17,5.2,KL-PER-02
2003-10-23,290.07,16.6,KL-PER-02
2003-10-24,286.74,8.2,KL-PER-02
2003-10-25,279.54,1.7,KL-PER-02
2003-10-26,266.92,0.2,KL-PER-02
2003-10-27,253.68,1.2,KL-PER-02
2003-10-28,244.47,1.9,KL-PER-02
2003-10-29,237.78,0.5,KL-PER-02
2003-10-30,233.96,1.1,KL-PER-02
2003-10-31,229.14,3.7,KL-PER-02
2003-11-01,224.94,15.7,KL-PER-02
2003-11-02,220.31,1.2,KL-PER-02
2003-11-03,213.29,4.2,KL-PER-02
2003-11-04,206.97,0.6,KL-PER-02
2003-11-05,202.7,3.9,KL-PER-02
2003-11-06,217.27,24.4,KL-PER-02
2003-11-07,249.03,23.9,KL-PER-02
2003-11-08,273.79,12.5,KL-PER-02
2003-11-09,284.76,0.2,KL-PER-02
2003-11-10,278.9,1.4,KL-PER-02
2003-11-11,266.3,0.0,KL-PER-02
2003-11-12,252.51,0.0,KL-PER-02
2003-11-13,239.99,0.0,KL-PER-02
2003-11-14,229.67,2.4,KL-PER-02
2003-11-15,227.03,0.2,KL-PER-02
2003-11-16,223.39,1.6,KL-PER-02
2003-11-17,215.27,0.7,KL-PER-02
2003-11-18,205.54,0.0,KL-PER-02
2003-11-19,195.34,0.0,KL-PER-02
2003-11-20,183.08,1.5,KL-PER-02
2003-11-21,176.83,0.1,KL-PER-02
2003-11-22,176.01,1.5,KL-PER-02
2003-11-23,174.79,0.2,KL-PER-02
2003-11-24,170.79,0.0,KL-PER-02
2003-11-25,162.31,0.0,KL-PER-02
2003-11-26,153.53,0.0,KL-PER-02
2003-11-27,148.97,0.0,KL-PER-02
2003-11-28,148.97,8.6,KL-PER-02
2003-11-29,159.69,8.9,KL-PER-02
2003-11-30,171.98,4.3,KL-PER-02
2003-12-01,171.58,0.0,KL-PER-02
2003-12-02,163.82,0.0,KL-PER-02
2003-12-03,154.24,0.0,KL-PER-02
2003-12-04,145.22,0.0,KL-PER-02
2003-12-05,137.04,0.0,KL-PER-02
2003-12-06,129.62,0.0,KL-PER-02
2003-12-07,122.31,0.0,KL-PER-02
2003-12-08,115.41,0.0,KL-PER-02
2003-12-09,108.9,0.0,KL-PER-02
2003-12-10,102.99,0.0,KL-PER-02
2003-12-11,97.63,0.0,KL-PER-02
2003-12-12,92.33,0.0,KL-PER-02
2003-12-13,87.72,0.0,KL-PER-02
2003-12-14,83.33,0.0,KL-PER-02
2003-12-15,79.35,0.0,KL-PER-02
2003-12-16,75.56,0.0,KL-PER-02
2003-12-17,72.28,0.1,KL-PER-02
2003-12-18,69.47,1.1,KL-PER-02
2003-12-19,66.92,1.5,KL-PER-02
2003-12-20,65.53,0.0,KL-PER-02
2003-12-21,64.92,0.3,KL-PER-02
2003-12-22,63.42,0.0,KL-PER-02
2003-12-23,61.23,0.0,KL-PER-02
2003-12-24,59.12,0.0,KL-PER-02
2003-12-25,57.08,0.0,KL-PER-02
2003-12-26,55.36,0.7,KL-PER-02
2003-12-27,53.95,0.0,KL-PER-02
2003-12-28,52.58,0.0,KL-PER-02
2003-12-29,51.36,0.0,KL-PER-02
2003-12-30,50.17,0.0,KL-PER-02
2003-12-31,49.0,0.0,KL-PER-02
2004-01-01,47.87,0.3,KL-PER-02
2004-01-02,47.08,0.6,KL-PER-02
2004-01-03,46.53,0.0,KL-PER-02
2004-01-04,45.88,0.7,KL-PER-02
2004-01-05,45.24,1.8,KL-PER-02
2004-01-06,44.92,0.9,KL-PER-02
2004-01-07,44.39,0.0,KL-PER-02
2004-01-08,43.87,0.0,KL-PER-02
2004-01-09,43.36,0.0,KL-PER-02
2004-01-10,42.75,0.0,KL-PER-02
2004-01-11,36.41,0.0,KL-PER-02
2004-01-12,30.77,0.0,KL-PER-02
2004-01-13,28.85,0.0,KL-PER-02
2004-01-14,27.91,0.0,KL-PER-02
2004-01-15,27.25,0.0,KL-PER-02
2004-01-16,26.73,0.0,KL-PER-02
2004-01-17,26.29,0.0,KL-PER-02
2004-01-18,25.92,0.0,KL-PER-02
2004-01-19,25.55,0.0,KL-PER-02
2004-01-20,25.12,0.0,KL-PER-02
2004-01-21,27.05,0.0,KL-PER-02
2004-01-22,29.41,1.4,KL-PER-02
2004-01-23,29.97,0.3,KL-PER-02
2004-01-24,29.97,0.0,KL-PER-02
2004-01-25,29.76,1.3,KL-PER-02
2004-01-26,29.83,0.2,KL-PER-02
2004-01-27,29.97,0.0,KL-PER-02
2004-01-28,29.97,2.3,KL-PER-02
2004-01-29,30.05,1.9,KL-PER-02
2004-01-30,30.05,1.4,KL-PER-02
2004-01-31,32.57,1.5,KL-PER-02
2004-02-01,35.31,0.0,KL-PER-02
2004-02-02,36.15,1.2,KL-PER-02
2004-02-03,35.98,0.7,KL-PER-02
2004-02-04,35.81,0.0,KL-PER-02
2004-02-05,35.73,0.0,KL-PER-02
2004-02-06,35.56,0.3,KL-PER-02
2004-02-07,35.73,0.8,KL-PER-02
2004-02-08,36.58,2.7,KL-PER-02
2004-02-09,37.19,0.0,KL-PER-02
2004-02-10,36.84,0.8,KL-PER-02
2004-02-11,36.24,0.4,KL-PER-02
2004-02-12,35.81,0.0,KL-PER-02
2004-02-13,35.73,0.0,KL-PER-02
2004-02-14,35.56,0.0,KL-PER-02
2004-02-15,35.14,0.0,KL-PER-02
2004-02-16,34.97,0.0,KL-PER-02
2004-02-17,34.89,0.0,KL-PER-02
2004-02-18,34.97,0.0,KL-PER-02
2004-02-19,35.06,0.7,KL-PER-02
2004-02-20,34.97,0.1,KL-PER-02
2004-02-21,34.73,0.0,KL-PER-02
2004-02-22,34.56,0.0,KL-PER-02
2004-02-23,34.4,0.0,KL-PER-02
2004-02-24,34.24,0.0,KL-PER-02
2004-02-25,34.08,0.0,KL-PER-02
2004-02-26,33.83,0.0,KL-PER-02
2004-02-27,33.75,0.0,KL-PER-02
2004-02-28,33.75,0.0,KL-PER-02
2004-02-29,33.67,0.0,KL-PER-02
2004-03-01,33.51,0.0,KL-PER-02
2004-03-02,33.36,0.0,KL-PER-02
2004-03-03,33.28,0.0,KL-PER-02
2004-03-04,33.43,0.0,KL-PER-02
2004-03-05,33.43,0.0,KL-PER-02
2004-03-06,33.28,0.0,KL-PER-02
2004-03-07,33.12,0.0,KL-PER-02
2004-03-08,33.12,0.0,KL-PER-02
2004-03-09,33.12,0.0,KL-PER-02
2004-03-10,33.12,0.0,KL-PER-02
2004-03-11,33.12,0.0,KL-PER-02
2004-03-12,33.12,0.0,KL-PER-02
2004-03-13,33.12,0.0,KL-PER-02
2004-03-14,32.96,0.4,KL-PER-02
2004-03-15,32.96,1.7,KL-PER-02
2004-03-16,32.88,0.0,KL-PER-02
2004-03-17,32.88,1.4,KL-PER-02
2004-03-18,32.65,0.0,KL-PER-02
2004-03-19,32.5,0.0,KL-PER-02
2004-03-20,32.65,0.0,KL-PER-02
2004-03-21,32.96,0.1,KL-PER-02
2004-03-22,32.96,0.5,KL-PER-02
2004-03-23,33.99,1.8,KL-PER-02
2004-03-24,38.26,7.3,KL-PER-02
2004-03-25,41.36,6.5,KL-PER-02
2004-03-26,40.21,1.2,KL-PER-02
2004-03-27,41.95,15.3,KL-PER-02
2004-03-28,49.12,42.2,KL-PER-02
2004-03-29,49.7,6.5,KL-PER-02
2004-03-30,45.56,4.2,KL-PER-02
2004-03-31,45.24,14.5,KL-PER-02
2004-04-01,46.32,4.8,KL-PER-02
2004-04-02,47.64,16.5,KL-PER-02
2004-04-03,51.72,22.1,KL-PER-02
2004-04-04,53.08,19.5,KL-PER-02
2004-04-05,56.94,31.8,KL-PER-02
2004-04-06,58.84,13.2,KL-PER-02
2004-04-07,59.81,13.5,KL-PER-02
2004-04-08,62.1,8.9,KL-PER-02
2004-04-09,64.01,6.6,KL-PER-02
2004-04-10,65.07,0.4,KL-PER-02
2004-04-11,65.68,9.4,KL-PER-02
2004-04-12,66.45,5.9,KL-PER-02
2004-04-13,68.98,6.2,KL-PER-02
2004-04-14,72.28,2.2,KL-PER-02
2004-04-15,73.64,4.8,KL-PER-02
2004-04-16,73.3,6.5,KL-PER-02
2004-04-17,72.79,0.0,KL-PER-02
2004-04-18,72.11,1.2,KL-PER-02
2004-04-19,71.95,0.0,KL-PER-02
2004-04-20,73.3,0.7,KL-PER-02
2004-04-21,74.86,0.9,KL-PER-02
2004-04-22,75.74,3.7,KL-PER-02
2004-04-23,77.7,10.3,KL-PER-02
2004-04-24,80.66,8.3,KL-PER-02
2004-04-25,96.95,38.3,KL-PER-02
2004-04-26,110.94,9.9,KL-PER-02
2004-04-27,114.61,3.2,KL-PER-02
2004-04-28,116.76,3.6,KL-PER-02
2004-04-29,122.88,10.3,KL-PER-02
2004-04-30,129.02,2.1,KL-PER-02
2004-05-01,132.05,8.8,KL-PER-02
2004-05-02,143.54,29.0,KL-PER-02
2004-05-03,198.99,18.2,KL-PER-02
2004-05-04,250.19,23.6,KL-PER-02
2004-05-05,270.02,33.8,KL-PER-02
2004-05-06,372.25,56.4,KL-PER-02
2004-05-07,418.76,29.8,KL-PER-02
2004-05-08,393.46,2.5,KL-PER-02
2004-05-09,357.92,1.0,KL-PER-02
2004-05-10,326.34,2.4,KL-PER-02
2004-05-11,302.39,0.1,KL-PER-02
2004-05-12,281.49,0.3,KL-PER-02
2004-05-13,262.03,0.5,KL-PER-02
2004-05-14,247.31,8.6,KL-PER-02
2004-05-15,241.1,17.6,KL-PER-02
2004-05-16,238.33,13.8,KL-PER-02
2004-05-17,236.14,29.4,KL-PER-02
2004-05-18,241.1,29.2,KL-PER-02
2004-05-19,247.89,7.1,KL-PER-02
2004-05-20,256.63,18.8,KL-PER-02
2004-05-21,261.42,18.6,KL-PER-02
2004-05-22,259.02,7.5,KL-PER-02
2004-05-23,258.42,28.3,KL-PER-02
2004-05-24,257.82,21.7,KL-PER-02
2004-05-25,254.27,11.4,KL-PER-02
2004-05-26,253.68,24.3,KL-PER-02
2004-05-27,257.82,17.2,KL-PER-02
2004-05-28,264.46,17.6,KL-PER-02
2004-05-29,268.15,15.0,KL-PER-02
2004-05-30,271.9,13.4,KL-PER-02
2004-05-31,268.77,7.9,KL-PER-02
2004-06-01,259.62,5.4,KL-PER-02
2004-06-02,249.61,11.1,KL-PER-02
2004-06-03,245.04,10.8,KL-PER-02
2004-06-04,244.47,17.7,KL-PER-02
2004-06-05,261.42,25.7,KL-PER-02
2004-06-06,280.19,20.1,KL-PER-02
2004-06-07,348.95,55.4,KL-PER-02
2004-06-08,411.1,39.7,KL-PER-02
2004-06-09,502.5,54.9,KL-PER-02
2004-06-10,538.51,31.4,KL-PER-02
2004-06-11,520.19,17.8,KL-PER-02
2004-06-12,542.25,17.5,KL-PER-02
2004-06-13,621.3,42.3,KL-PER-02
2004-06-14,655.15,26.1,KL-PER-02
2004-06-15,655.15,18.2,KL-PER-02
2004-06-16,659.69,29.0,KL-PER-02
2004-06-17,664.27,19.1,KL-PER-02
2004-06-18,652.13,10.5,KL-PER-02
2004-06-19,624.17,8.7,KL-PER-02
2004-06-20,591.93,3.0,KL-PER-02
2004-06-21,557.47,4.7,KL-PER-02
2004-06-22,523.81,2.7,KL-PER-02
2004-06-23,491.04,5.2,KL-PER-02
2004-06-24,462.45,1.6,KL-PER-02
2004-06-25,436.52,3.4,KL-PER-02
2004-06-26,413.0,3.3,KL-PER-02
2004-06-27,394.37,7.4,KL-PER-02
2004-06-28,387.15,20.0,KL-PER-02
2004-06-29,389.84,15.4,KL-PER-02
2004-06-30,387.15,10.0,KL-PER-02
2004-07-01,379.19,8.2,KL-PER-02
2004-07-02,371.39,8.2,KL-PER-02
2004-07-03,370.54,22.4,KL-PER-02
2004-07-04,371.39,12.9,KL-PER-02
2004-07-05,363.75,4.2,KL-PER-02
2004-07-06,350.56,15.8,KL-PER-02
2004-07-07,340.19,11.2,KL-PER-02
2004-07-08,335.51,19.6,KL-PER-02
2004-07-09,341.77,24.6,KL-PER-02
2004-07-10,353.81,24.2,KL-PER-02
2004-07-11,360.41,17.6,KL-PER-02
2004-07-12,358.75,15.9,KL-PER-02
2004-07-13,352.18,4.7,KL-PER-02
2004-07-14,340.98,5.0,KL-PER-02
2004-07-15,376.57,41.2,KL-PER-02
2004-07-16,421.67,31.7,KL-PER-02
2004-07-17,427.55,12.3,KL-PER-02
2004-07-18,414.91,11.0,KL-PER-02
2004-07-19,414.91,27.7,KL-PER-02
2004-07-20,416.83,20.5,KL-PER-02
2004-07-21,412.05,16.1,KL-PER-02
2004-07-22,400.79,7.3,KL-PER-02
2004-07-23,386.26,7.3,KL-PER-02
2004-07-24,375.7,19.5,KL-PER-02
2004-07-25,371.39,14.7,KL-PER-02
2004-07-26,369.68,15.5,KL-PER-02
2004-07-27,363.75,4.7,KL-PER-02
2004-07-28,352.18,5.8,KL-PER-02
2004-07-29,344.94,18.3,KL-PER-02
2004-07-30,340.98,6.9,KL-PER-02
2004-07-31,330.89,3.5,KL-PER-02
2004-08-01,313.05,5.2,KL-PER-02
2004-08-02,299.61,7.8,KL-PER-02
2004-08-03,335.51,30.9,KL-PER-02
2004-08-04,432.51,32.8,KL-PER-02
2004-08-05,511.86,34.9,KL-PER-02
2004-08-06,553.63,32.5,KL-PER-02
2004-08-07,544.76,14.7,KL-PER-02
2004-08-08,510.68,4.2,KL-PER-02
2004-08-09,473.24,0.3,KL-PER-02
2004-08-10,438.54,2.4,KL-PER-02
2004-08-11,409.2,3.2,KL-PER-02
2004-08-12,384.48,7.5,KL-PER-02
2004-08-13,367.98,20.7,KL-PER-02
2004-08-14,362.08,31.8,KL-PER-02
2004-08-15,361.24,19.8,KL-PER-02
2004-08-16,359.58,21.1,KL-PER-02
2004-08-17,355.45,8.7,KL-PER-02
2004-08-18,353.0,32.5,KL-PER-02
2004-08-19,356.27,11.8,KL-PER-02
2004-08-20,362.92,8.5,KL-PER-02
2004-08-21,356.27,3.7,KL-PER-02
2004-08-22,340.98,1.7,KL-PER-02
2004-08-23,323.34,2.2,KL-PER-02
2004-08-24,307.32,1.6,KL-PER-02
2004-08-25,289.4,0.8,KL-PER-02
2004-08-26,273.79,2.5,KL-PER-02
2004-08-27,260.22,0.6,KL-PER-02
2004-08-28,247.89,3.7,KL-PER-02
2004-08-29,236.14,2.2,KL-PER-02
2004-08-30,224.42,1.4,KL-PER-02
2004-08-31,213.78,1.1,KL-PER-02
2004-09-01,203.17,0.8,KL-PER-02
2004-09-02,191.75,0.0,KL-PER-02
2004-09-03,183.93,0.9,KL-PER-02
2004-09-04,180.55,0.4,KL-PER-02
2004-09-05,175.2,6.7,KL-PER-02
2004-09-06,172.38,18.3,KL-PER-02
2004-09-07,171.19,9.6,KL-PER-02
2004-09-08,171.98,16.3,KL-PER-02
2004-09-09,170.4,9.1,KL-PER-02
2004-09-10,171.19,21.0,KL-PER-02
2004-09-11,174.79,14.9,KL-PER-02
2004-09-12,177.65,8.6,KL-PER-02
2004-09-13,173.58,1.3,KL-PER-02
2004-09-14,171.19,11.8,KL-PER-02
2004-09-15,172.78,14.4,KL-PER-02
2004-09-16,171.19,1.8,KL-PER-02
2004-09-17,171.19,15.1,KL-PER-02
2004-09-18,178.06,10.0,KL-PER-02
2004-09-19,188.67,17.5,KL-PER-02
2004-09-20,190.87,2.0,KL-PER-02
2004-09-21,185.64,1.3,KL-PER-02
2004-09-22,178.06,1.1,KL-PER-02
2004-09-23,171.58,9.0,KL-PER-02
2004-09-24,176.83,26.8,KL-PER-02
2004-09-25,194.88,8.5,KL-PER-02
2004-09-26,214.77,4.5,KL-PER-02
2004-09-27,255.45,31.1,KL-PER-02
2004-09-28,290.07,9.2,KL-PER-02
2004-09-29,290.07,0.2,KL-PER-02
2004-09-30,273.79,2.7,KL-PER-02
2004-10-01,260.82,9.5,KL-PER-02
2004-10-02,258.42,27.0,KL-PER-02
2004-10-03,291.42,38.9,KL-PER-02
2004-10-04,327.85,28.4,KL-PER-02
2004-10-05,337.84,4.9,KL-PER-02
2004-10-06,324.84,1.5,KL-PER-02
2004-10-07,305.2,0.0,KL-PER-02
2004-10-08,286.08,1.3,KL-PER-02
2004-10-09,268.77,1.4,KL-PER-02
2004-10-10,258.42,4.2,KL-PER-02
2004-10-11,253.68,1.4,KL-PER-02
2004-10-12,253.68,2.0,KL-PER-02
2004-10-13,261.42,19.3,KL-PER-02
2004-10-14,276.33,16.2,KL-PER-02
2004-10-15,288.07,15.5,KL-PER-02
2004-10-16,293.44,7.0,KL-PER-02
2004-10-17,302.39,22.2,KL-PER-02
2004-10-18,313.05,16.3,KL-PER-02
2004-10-19,339.41,31.6,KL-PER-02
2004-10-20,372.25,21.5,KL-PER-02
2004-10-21,387.15,12.2,KL-PER-02
2004-10-22,381.82,3.9,KL-PER-02
2004-10-23,366.28,5.2,KL-PER-02
2004-10-24,352.18,0.7,KL-PER-02
2004-10-25,335.51,0.8,KL-PER-02
2004-10-26,324.84,10.0,KL-PER-02
2004-10-27,325.59,3.9,KL-PER-02
2004-10-28,328.61,11.2,KL-PER-02
2004-10-29,327.85,2.7,KL-PER-02
2004-10-30,334.74,27.6,KL-PER-02
2004-10-31,357.1,26.9,KL-PER-02
2004-11-01,373.97,16.9,KL-PER-02
2004-11-02,377.44,5.1,KL-PER-02
2004-11-03,369.68,0.6,KL-PER-02
2004-11-04,354.63,0.1,KL-PER-02
2004-11-05,337.84,0.0,KL-PER-02
2004-11-06,319.63,0.0,KL-PER-02
2004-11-07,305.2,4.3,KL-PER-02
2004-11-08,308.03,11.4,KL-PER-02
2004-11-09,322.59,16.4,KL-PER-02
2004-11-10,329.37,10.7,KL-PER-02
2004-11-11,327.85,7.5,KL-PER-02
2004-11-12,332.43,14.0,KL-PER-02
2004-11-13,337.06,8.3,KL-PER-02
2004-11-14,333.97,0.0,KL-PER-02
2004-11-15,327.1,3.5,KL-PER-02
2004-11-16,320.37,0.5,KL-PER-02
2004-11-17,305.9,0.0,KL-PER-02
2004-11-18,288.73,0.4,KL-PER-02
2004-11-19,273.79,0.0,KL-PER-02
2004-11-20,260.82,0.1,KL-PER-02
2004-11-21,253.1,1.4,KL-PER-02
2004-11-22,251.35,0.0,KL-PER-02
2004-11-23,247.89,3.2,KL-PER-02
2004-11-24,242.22,1.3,KL-PER-02
2004-11-25,235.05,0.0,KL-PER-02
2004-11-26,226.51,0.0,KL-PER-02
2004-11-27,215.77,0.0,KL-PER-02
2004-11-28,204.12,0.0,KL-PER-02
2004-11-29,192.2,0.0,KL-PER-02
2004-11-30,180.97,0.0,KL-PER-02
2004-12-01,170.0,0.0,KL-PER-02
2004-12-02,160.44,0.0,KL-PER-02
2004-12-03,153.17,0.0,KL-PER-02
2004-12-04,148.62,0.0,KL-PER-02
2004-12-05,143.54,0.0,KL-PER-02
2004-12-06,136.4,0.0,KL-PER-02
2004-12-07,129.32,0.0,KL-PER-02
2004-12-08,122.31,0.0,KL-PER-02
2004-12-09,115.95,0.0,KL-PER-02
2004-12-10,109.92,0.0,KL-PER-02
2004-12-11,103.95,0.0,KL-PER-02
2004-12-12,98.54,0.0,KL-PER-02
2004-12-13,93.62,0.0,KL-PER-02
2004-12-14,91.47,2.8,KL-PER-02
2004-12-15,91.68,0.0,KL-PER-02
2004-12-16,90.41,0.0,KL-PER-02
2004-12-17,86.3,0.0,KL-PER-02
2004-12-18,81.79,0.0,KL-PER-02
2004-12-19,77.89,0.0,KL-PER-02
2004-12-20,74.16,0.0,KL-PER-02
2004-12-21,70.94,0.0,KL-PER-02
2004-12-22,68.02,0.0,KL-PER-02
2004-12-23,65.68,0.0,KL-PER-02
2004-12-24,63.42,0.0,KL-PER-02
2004-12-25,61.23,0.0,KL-PER-02
2004-12-26,59.39,0.0,KL-PER-02
2004-12-27,57.34,0.0,KL-PER-02
2004-12-28,55.89,0.0,KL-PER-02
2004-12-29,54.59,0.0,KL-PER-02
2004-12-30,53.08,0.0,KL-PER-02
2004-12-31,51.84,0.0,KL-PER-02
2005-01-01,53.33,12.0,KL-PER-02
2005-01-02,56.81,0.9,KL-PER-02
2005-01-03,58.16,0.0,KL-PER-02
2005-01-04,56.68,0.0,KL-PER-02
2005-01-05,55.36,0.0,KL-PER-02
2005-01-06,54.72,0.0,KL-PER-02
2005-01-07,53.58,0.0,KL-PER-02
2005-01-08,52.09,0.0,KL-PER-02
2005-01-09,50.76,0.0,KL-PER-02
2005-01-10,49.58,0.0,KL-PER-02
2005-01-11,42.35,0.0,KL-PER-02
2005-01-12,36.33,0.0,KL-PER-02
2005-01-13,34.16,0.0,KL-PER-02
2005-01-14,32.65,0.0,KL-PER-02
2005-01-15,31.58,0.0,KL-PER-02
2005-01-16,30.62,0.0,KL-PER-02
2005-01-17,29.83,0.0,KL-PER-02
2005-01-18,29.2,0.0,KL-PER-02
2005-01-19,28.72,0.0,KL-PER-02
2005-01-20,27.97,0.0,KL-PER-02
2005-01-21,29.69,0.0,KL-PER-02
2005-01-22,31.89,0.0,KL-PER-02
2005-01-23,32.11,0.1,KL-PER-02
2005-01-24,31.81,0.0,KL-PER-02
2005-01-25,31.36,1.7,KL-PER-02
2005-01-26,31.14,0.0,KL-PER-02
2005-01-27,32.88,12.6,KL-PER-02
2005-01-28,35.22,2.1,KL-PER-02
2005-01-29,38.72,15.8,KL-PER-02
2005-01-30,42.55,8.5,KL-PER-02
2005-01-31,46.75,3.0,KL-PER-02
2005-02-01,49.0,2.0,KL-PER-02
2005-02-02,48.77,0.8,KL-PER-02
2005-02-03,47.75,1.0,KL-PER-02
2005-02-04,46.53,1.0,KL-PER-02
2005-02-05,45.45,0.4,KL-PER-02
2005-02-06,44.08,0.2,KL-PER-02
2005-02-07,42.75,0.0,KL-PER-02
2005-02-08,41.56,0.0,KL-PER-02
2005-02-09,40.5,0.0,KL-PER-02
2005-02-10,39.64,0.0,KL-PER-02
2005-02-11,38.9,0.0,KL-PER-02
2005-02-12,38.45,0.0,KL-PER-02
2005-02-13,37.9,0.0,KL-PER-02
2005-02-14,37.46,0.0,KL-PER-02
2005-02-15,37.19,0.0,KL-PER-02
2005-02-16,36.93,0.0,KL-PER-02
2005-02-17,36.67,0.5,KL-PER-02
2005-02-18,36.41,0.0,KL-PER-02
2005-02-19,36.24,0.0,KL-PER-02
2005-02-20,36.07,0.0,KL-PER-02
2005-02-21,35.81,0.0,KL-PER-02
2005-02-22,35.98,0.0,KL-PER-02
2005-02-23,36.15,2.1,KL-PER-02
2005-02-24,36.33,0.2,KL-PER-02
2005-02-25,36.41,0.0,KL-PER-02
2005-02-26,36.07,0.0,KL-PER-02
2005-02-27,35.64,0.0,KL-PER-02
2005-02-28,35.22,0.0,KL-PER-02
2005-03-01,34.97,0.0,KL-PER-02
2005-03-02,34.73,0.0,KL-PER-02
2005-03-03,34.4,0.0,KL-PER-02
2005-03-04,34.48,0.6,KL-PER-02
2005-03-05,34.97,0.1,KL-PER-02
2005-03-06,36.15,7.7,KL-PER-02
2005-03-07,37.99,6.1,KL-PER-02
2005-03-08,38.36,0.3,KL-PER-02
2005-03-09,37.82,1.1,KL-PER-02
2005-03-10,37.64,0.3,KL-PER-02
2005-03-11,36.93,1.7,KL-PER-02
2005-03-12,37.9,8.9,KL-PER-02
2005-03-13,40.02,0.6,KL-PER-02
2005-03-14,41.76,2.7,KL-PER-02
2005-03-15,41.66,1.3,KL-PER-02
2005-03-16,40.78,0.1,KL-PER-02
2005-03-17,39.36,0.3,KL-PER-02
2005-03-18,37.9,0.0,KL-PER-02
2005-03-19,37.02,0.7,KL-PER-02
2005-03-20,36.58,0.6,KL-PER-02
2005-03-21,36.5,0.1,KL-PER-02
2005-03-22,36.24,0.2,KL-PER-02
2005-03-23,36.07,0.8,KL-PER-02
2005-03-24,36.07,0.2,KL-PER-02
2005-03-25,35.98,0.0,KL-PER-02
2005-03-26,36.07,0.0,KL-PER-02
2005-03-27,35.98,0.4,KL-PER-02
2005-03-28,35.73,1.7,KL-PER-02
2005-03-29,36.5,4.2,KL-PER-02
2005-03-30,37.64,1.6,KL-PER-02
2005-03-31,40.5,1.5,KL-PER-02
2005-04-01,44.71,0.2,KL-PER-02
2005-04-02,47.19,8.6,KL-PER-02
2005-04-03,53.7,20.2,KL-PER-02
2005-04-04,61.23,19.7,KL-PER-02
2005-04-05,68.34,20.3,KL-PER-02
2005-04-06,71.11,6.3,KL-PER-02
2005-04-07,72.45,10.8,KL-PER-02
2005-04-08,72.62,10.5,KL-PER-02
2005-04-09,71.78,4.0,KL-PER-02
2005-04-10,71.11,5.8,KL-PER-02
2005-04-11,72.11,8.4,KL-PER-02
2005-04-12,74.51,6.9,KL-PER-02
2005-04-13,76.62,5.1,KL-PER-02
2005-04-14,78.62,4.3,KL-PER-02
2005-04-15,79.54,3.6,KL-PER-02
2005-04-16,78.8,3.5,KL-PER-02
2005-04-17,76.98,0.3,KL-PER-02
2005-04-18,77.7,7.2,KL-PER-02
2005-04-19,79.17,9.3,KL-PER-02
2005-04-20,82.75,26.1,KL-PER-02
2005-04-21,86.3,4.9,KL-PER-02
2005-04-22,92.11,11.7,KL-PER-02
2005-04-23,97.63,10.2,KL-PER-02
2005-04-24,101.57,9.8,KL-PER-02
2005-04-25,105.91,14.7,KL-PER-02
2005-04-26,113.29,16.8,KL-PER-02
2005-04-27,117.58,11.8,KL-PER-02
2005-04-28,121.46,13.8,KL-PER-02
2005-04-29,126.06,6.8,KL-PER-02
2005-04-30,143.88,63.3,KL-PER-02
2005-05-01,148.28,7.3,KL-PER-02
2005-05-02,154.24,12.4,KL-PER-02
2005-05-03,162.31,7.0,KL-PER-02
2005-05-04,163.44,0.3,KL-PER-02
2005-05-05,159.32,0.9,KL-PER-02
2005-05-06,154.24,0.2,KL-PER-02
2005-05-07,152.46,8.9,KL-PER-02
2005-05-08,155.31,0.0,KL-PER-02
2005-05-09,156.76,0.8,KL-PER-02
2005-05-10,154.96,0.7,KL-PER-02
2005-05-11,152.11,2.5,KL-PER-02
2005-05-12,151.41,11.1,KL-PER-02
2005-05-13,154.96,11.0,KL-PER-02
2005-05-14,157.85,10.9,KL-PER-02
2005-05-15,157.12,9.7,KL-PER-02
2005-05-16,154.24,2.0,KL-PER-02
2005-05-17,150.36,0.0,KL-PER-02
2005-05-18,144.21,0.5,KL-PER-02
2005-05-19,138.0,7.2,KL-PER-02
2005-05-20,133.59,5.4,KL-PER-02
2005-05-21,130.83,4.0,KL-PER-02
2005-05-22,128.12,2.1,KL-PER-02
2005-05-23,125.77,4.1,KL-PER-02
2005-05-24,124.03,4.5,KL-PER-02
2005-05-25,126.06,15.2,KL-PER-02
2005-05-26,135.14,18.8,KL-PER-02
2005-05-27,145.22,12.0,KL-PER-02
2005-05-28,150.36,11.1,KL-PER-02
2005-05-29,154.96,9.0,KL-PER-02
2005-05-30,165.34,6.3,KL-PER-02
2005-05-31,173.58,6.1,KL-PER-02
2005-06-01,172.38,9.1,KL-PER-02
2005-06-02,167.27,7.3,KL-PER-02
2005-06-03,163.06,8.3,KL-PER-02
2005-06-04,164.58,17.3,KL-PER-02
2005-06-05,171.58,20.9,KL-PER-02
2005-06-06,180.55,30.2,KL-PER-02
2005-06-07,184.35,2.9,KL-PER-02
2005-06-08,182.65,9.4,KL-PER-02
2005-06-09,192.2,39.0,KL-PER-02
2005-06-10,206.97,9.8,KL-PER-02
2005-06-11,212.3,10.3,KL-PER-02
2005-06-12,204.59,6.4,KL-PER-02
2005-06-13,199.91,16.7,KL-PER-02
2005-06-14,198.53,16.1,KL-PER-02
2005-06-15,198.53,13.0,KL-PER-02
2005-06-16,221.84,43.1,KL-PER-02
2005-06-17,344.94,55.4,KL-PER-02
2005-06-18,433.51,32.3,KL-PER-02
2005-06-19,445.68,34.6,KL-PER-02
2005-06-20,445.68,22.2,KL-PER-02
2005-06-21,463.52,38.2,KL-PER-02
2005-06-22,460.32,9.3,KL-PER-02
2005-06-23,436.52,10.1,KL-PER-02
2005-06-24,413.0,12.5,KL-PER-02
2005-06-25,398.02,18.1,KL-PER-02
2005-06-26,382.71,8.2,KL-PER-02
2005-06-27,367.13,10.0,KL-PER-02
2005-06-28,353.81,7.6,KL-PER-02
2005-06-29,340.98,9.1,KL-PER-02
2005-06-30,332.43,22.9,KL-PER-02
2005-07-01,326.34,19.6,KL-PER-02
2005-07-02,321.11,13.0,KL-PER-02
2005-07-03,313.05,11.1,KL-PER-02
2005-07-04,308.74,30.5,KL-PER-02
2005-07-05,310.17,18.3,KL-PER-02
2005-07-06,313.77,19.8,KL-PER-02
2005-07-07,313.05,5.0,KL-PER-02
2005-07-08,308.03,11.6,KL-PER-02
2005-07-09,308.74,12.7,KL-PER-02
2005-07-10,325.59,28.7,KL-PER-02
2005-07-11,353.0,32.9,KL-PER-02
2005-07-12,370.54,15.8,KL-PER-02
2005-07-13,373.97,14.3,KL-PER-02
2005-07-14,383.59,26.7,KL-PER-02
2005-07-15,404.51,36.5,KL-PER-02
2005-07-16,411.1,22.3,KL-PER-02
2005-07-17,424.6,45.3,KL-PER-02
2005-07-18,433.51,19.3,KL-PER-02
2005-07-19,430.52,17.3,KL-PER-02
2005-07-20,428.54,19.2,KL-PER-02
2005-07-21,421.67,3.5,KL-PER-02
2005-07-22,405.44,12.9,KL-PER-02
2005-07-23,407.32,37.1,KL-PER-02
2005-07-24,428.54,30.3,KL-PER-02
2005-07-25,483.17,42.6,KL-PER-02
2005-07-26,548.54,29.9,KL-PER-02
2005-07-27,579.76,28.1,KL-PER-02
2005-07-28,600.17,44.9,KL-PER-02
2005-07-29,615.59,24.6,KL-PER-02
2005-07-30,637.26,26.2,KL-PER-02
2005-07-31,684.49,32.2,KL-PER-02
2005-08-01,710.21,33.1,KL-PER-02
2005-08-02,690.83,13.9,KL-PER-02
2005-08-03,652.13,4.1,KL-PER-02
2005-08-04,611.35,13.9,KL-PER-02
2005-08-05,574.44,5.4,KL-PER-02
2005-08-06,541.0,3.5,KL-PER-02
2005-08-07,508.33,0.8,KL-PER-02
2005-08-08,478.73,2.8,KL-PER-02
2005-08-09,451.9,0.5,KL-PER-02
2005-08-10,428.54,14.2,KL-PER-02
2005-08-11,411.1,15.7,KL-PER-02
2005-08-12,397.11,3.5,KL-PER-02
2005-08-13,382.71,3.6,KL-PER-02
2005-08-14,365.44,5.0,KL-PER-02
2005-08-15,346.54,3.5,KL-PER-02
2005-08-16,327.85,0.9,KL-PER-02
2005-08-17,310.89,3.3,KL-PER-02
2005-08-18,296.85,1.9,KL-PER-02
2005-08-19,282.14,1.7,KL-PER-02
2005-08-20,266.92,1.1,KL-PER-02
2005-08-21,251.93,0.2,KL-PER-02
2005-08-22,237.23,0.4,KL-PER-02
2005-08-23,225.46,1.3,KL-PER-02
2005-08-24,218.28,0.9,KL-PER-02
2005-08-25,211.32,7.5,KL-PER-02
2005-08-26,203.17,1.5,KL-PER-02
2005-08-27,203.64,13.4,KL-PER-02
2005-08-28,212.8,10.3,KL-PER-02
2005-08-29,221.33,4.2,KL-PER-02
2005-08-30,224.94,5.5,KL-PER-02
2005-08-31,224.94,7.6,KL-PER-02
2005-09-01,222.87,12.9,KL-PER-02
2005-09-02,225.46,10.6,KL-PER-02
2005-09-03,235.59,25.6,KL-PER-02
2005-09-04,326.34,70.9,KL-PER-02
2005-09-05,393.46,36.6,KL-PER-02
2005-09-06,423.62,38.4,KL-PER-02
2005-09-07,424.6,21.4,KL-PER-02
2005-09-08,437.53,37.4,KL-PER-02
2005-09-09,448.78,26.9,KL-PER-02
2005-09-10,463.52,30.7,KL-PER-02
2005-09-11,475.43,27.3,KL-PER-02
2005-09-12,476.53,20.2,KL-PER-02
2005-09-13,475.43,27.2,KL-PER-02
2005-09-14,462.45,6.6,KL-PER-02
2005-09-15,440.57,7.0,KL-PER-02
2005-09-16,414.91,0.3,KL-PER-02
2005-09-17,389.84,1.8,KL-PER-02
2005-09-18,367.98,4.2,KL-PER-02
2005-09-19,349.75,5.2,KL-PER-02
2005-09-20,341.77,11.2,KL-PER-02
2005-09-21,336.29,8.2,KL-PER-02
2005-09-22,323.34,0.7,KL-PER-02
2005-09-23,305.9,2.6,KL-PER-02
2005-09-24,286.74,0.8,KL-PER-02
2005-09-25,271.9,0.0,KL-PER-02
2005-09-26,258.42,1.0,KL-PER-02
2005-09-27,243.91,2.0,KL-PER-02
2005-09-28,231.81,0.8,KL-PER-02
2005-09-29,220.31,0.9,KL-PER-02
2005-09-30,208.89,4.4,KL-PER-02
2005-10-01,198.53,0.0,KL-PER-02
2005-10-02,188.23,0.9,KL-PER-02
2005-10-03,178.06,0.0,KL-PER-02
2005-10-04,172.78,2.5,KL-PER-02
2005-10-05,180.55,14.0,KL-PER-02
2005-10-06,199.45,16.1,KL-PER-02
2005-10-07,215.77,10.7,KL-PER-02
2005-10-08,228.61,6.1,KL-PER-02
2005-10-09,242.78,4.3,KL-PER-02
2005-10-10,251.35,13.7,KL-PER-02
2005-10-11,266.3,16.7,KL-PER-02
2005-10-12,287.4,14.6,KL-PER-02
2005-10-13,296.17,21.8,KL-PER-02
2005-10-14,290.07,1.1,KL-PER-02
2005-10-15,278.25,1.1,KL-PER-02
2005-10-16,263.85,0.0,KL-PER-02
2005-10-17,250.19,1.4,KL-PER-02
2005-10-18,239.99,1.8,KL-PER-02
2005-10-19,232.88,14.2,KL-PER-02
2005-10-20,228.09,7.2,KL-PER-02
2005-10-21,222.87,6.7,KL-PER-02
2005-10-22,238.88,35.5,KL-PER-02
2005-10-23,260.22,15.7,KL-PER-02
2005-10-24,266.92,8.3,KL-PER-02
2005-10-25,271.27,6.2,KL-PER-02
2005-10-26,275.69,2.2,KL-PER-02
2005-10-27,272.53,0.7,KL-PER-02
2005-10-28,261.42,6.4,KL-PER-02
2005-10-29,251.35,5.4,KL-PER-02
2005-10-30,243.34,9.9,KL-PER-02
2005-10-31,236.14,5.7,KL-PER-02
2005-11-01,232.35,11.1,KL-PER-02
2005-11-02,232.88,16.7,KL-PER-02
2005-11-03,232.88,3.0,KL-PER-02
2005-11-04,241.1,18.4,KL-PER-02
2005-11-05,270.64,20.0,KL-PER-02
2005-11-06,292.09,3.3,KL-PER-02
2005-11-07,296.85,0.3,KL-PER-02
2005-11-08,303.09,1.0,KL-PER-02
2005-11-09,312.33,8.2,KL-PER-02
2005-11-10,318.89,17.3,KL-PER-02
2005-11-11,324.09,11.9,KL-PER-02
2005-11-12,365.44,19.2,KL-PER-02
2005-11-13,415.87,2.9,KL-PER-02
2005-11-14,442.61,6.6,KL-PER-02
2005-11-15,444.66,0.6,KL-PER-02
2005-11-16,420.7,0.0,KL-PER-02
2005-11-17,390.74,0.0,KL-PER-02
2005-11-18,365.44,0.0,KL-PER-02
2005-11-19,343.35,0.0,KL-PER-02
2005-11-20,324.09,0.0,KL-PER-02
2005-11-21,311.61,7.8,KL-PER-02
2005-11-22,399.87,33.1,KL-PER-02
2005-11-23,479.84,28.7,KL-PER-02
2005-11-24,485.41,10.4,KL-PER-02
2005-11-25,488.78,40.8,KL-PER-02
2005-11-26,480.95,14.6,KL-PER-02
2005-11-27,457.14,0.0,KL-PER-02
2005-11-28,430.52,1.3,KL-PER-02
2005-11-29,408.26,0.5,KL-PER-02
2005-11-30,387.15,3.1,KL-PER-02
2005-12-01,367.98,5.6,KL-PER-02
2005-12-02,351.37,3.7,KL-PER-02
2005-12-03,336.29,3.9,KL-PER-02
2005-12-04,327.85,13.0,KL-PER-02
2005-12-05,332.43,21.9,KL-PER-02
2005-12-06,330.89,0.0,KL-PER-02
2005-12-07,318.89,0.0,KL-PER-02
2005-12-08,302.39,0.0,KL-PER-02
2005-12-09,286.74,0.0,KL-PER-02
2005-12-10,275.06,2.9,KL-PER-02
2005-12-11,283.45,15.6,KL-PER-02
2005-12-12,301.0,4.5,KL-PER-02
2005-12-13,303.09,0.1,KL-PER-02
2005-12-14,296.17,0.0,KL-PER-02
2005-12-15,285.42,1.2,KL-PER-02
2005-12-16,271.9,0.0,KL-PER-02
2005-12-17,258.42,0.0,KL-PER-02
2005-12-18,246.74,0.0,KL-PER-02
2005-12-19,235.59,0.0,KL-PER-02
2005-12-20,224.94,0.0,KL-PER-02
2005-12-21,213.78,0.4,KL-PER-02
2005-12-22,203.64,1.1,KL-PER-02
2005-12-23,194.43,0.3,KL-PER-02
2005-12-24,184.35,0.0,KL-PER-02
2005-12-25,174.79,3.1,KL-PER-02
2005-12-26,166.49,0.0,KL-PER-02
2005-12-27,157.85,0.0,KL-PER-02
2005-12-28,148.97,0.0,KL-PER-02
2005-12-29,140.58,0.0,KL-PER-02
2005-12-30,132.97,0.0,KL-PER-02
2005-12-31,125.77,0.0,KL-PER-02
2006-01-01,118.95,0.0,KL-PER-02
2006-01-02,112.5,0.0,KL-PER-02
2006-01-03,106.65,0.0,KL-PER-02
2006-01-04,101.09,0.0,KL-PER-02
2006-01-05,96.27,0.0,KL-PER-02
2006-01-06,93.62,0.2,KL-PER-02
2006-01-07,92.33,0.0,KL-PER-02
2006-01-08,89.57,0.0,KL-PER-02
2006-01-09,86.7,0.1,KL-PER-02
2006-01-10,84.51,0.0,KL-PER-02
2006-01-11,76.27,0.0,KL-PER-02
2006-01-12,69.15,0.0,KL-PER-02
2006-01-13,65.07,0.0,KL-PER-02
2006-01-14,62.24,0.0,KL-PER-02
2006-01-15,60.09,0.0,KL-PER-02
2006-01-16,57.88,3.3,KL-PER-02
2006-01-17,55.89,0.0,KL-PER-02
2006-01-18,53.83,0.0,KL-PER-02
2006-01-19,51.48,0.0,KL-PER-02
2006-01-20,49.35,0.0,KL-PER-02
2006-01-21,48.2,0.0,KL-PER-02
2006-01-22,46.97,0.0,KL-PER-02
2006-01-23,45.34,0.0,KL-PER-02
2006-01-24,43.98,0.0,KL-PER-02
2006-01-25,42.75,1.0,KL-PER-02
2006-01-26,41.56,0.0,KL-PER-02
2006-01-27,40.5,0.0,KL-PER-02
2006-01-28,39.55,0.0,KL-PER-02
2006-01-29,38.72,0.0,KL-PER-02
2006-01-30,37.99,0.0,KL-PER-02
2006-01-31,40.21,0.0,KL-PER-02
2006-02-01,42.05,0.0,KL-PER-02
2006-02-02,41.95,0.0,KL-PER-02
2006-02-03,41.56,0.0,KL-PER-02
2006-02-04,41.07,0.0,KL-PER-02
2006-02-05,40.69,0.0,KL-PER-02
2006-02-06,40.3,0.0,KL-PER-02
2006-02-07,39.93,0.0,KL-PER-02
2006-02-08,39.64,0.0,KL-PER-02
2006-02-09,39.36,0.0,KL-PER-02
2006-02-10,38.9,0.0,KL-PER-02
2006-02-11,38.54,0.0,KL-PER-02
2006-02-12,38.17,0.0,KL-PER-02
2006-02-13,37.99,0.0,KL-PER-02
2006-02-14,37.9,0.0,KL-PER-02
2006-02-15,37.82,0.0,KL-PER-02
2006-02-16,37.55,0.0,KL-PER-02
2006-02-17,37.19,0.0,KL-PER-02
2006-02-18,37.02,0.0,KL-PER-02
2006-02-19,37.02,0.0,KL-PER-02
2006-02-20,36.84,0.0,KL-PER-02
2006-02-21,36.58,0.6,KL-PER-02
2006-02-22,36.58,0.0,KL-PER-02
2006-02-23,36.67,0.0,KL-PER-02
2006-02-24,36.58,0.0,KL-PER-02
2006-02-25,36.41,0.1,KL-PER-02
2006-02-26,36.5,0.0,KL-PER-02
2006-02-27,36.5,0.0,KL-PER-02
2006-02-28,36.5,0.4,KL-PER-02
2006-03-01,36.41,0.0,KL-PER-02
2006-03-02,36.24,0.2,KL-PER-02
2006-03-03,43.16,37.6,KL-PER-02
2006-03-04,50.88,11.4,KL-PER-02
2006-03-05,50.88,7.3,KL-PER-02
2006-03-06,49.47,7.4,KL-PER-02
2006-03-07,49.23,7.8,KL-PER-02
2006-03-08,47.75,0.6,KL-PER-02
2006-03-09,48.09,12.3,KL-PER-02
2006-03-10,48.2,3.0,KL-PER-02
2006-03-11,47.98,3.9,KL-PER-02
2006-03-12,47.64,0.0,KL-PER-02
2006-03-13,46.86,0.0,KL-PER-02
2006-03-14,45.99,0.0,KL-PER-02
2006-03-15,45.99,0.0,KL-PER-02
2006-03-16,45.99,0.0,KL-PER-02
2006-03-17,45.24,0.0,KL-PER-02
2006-03-18,44.29,0.0,KL-PER-02
2006-03-19,43.36,0.2,KL-PER-02
2006-03-20,42.55,1.4,KL-PER-02
2006-03-21,41.85,0.1,KL-PER-02
2006-03-22,41.46,0.2,KL-PER-02
2006-03-23,41.36,2.2,KL-PER-02
2006-03-24,41.17,0.0,KL-PER-02
2006-03-25,41.27,2.4,KL-PER-02
2006-03-26,41.66,1.5,KL-PER-02
2006-03-27,41.66,0.5,KL-PER-02
2006-03-28,41.17,0.0,KL-PER-02
2006-03-29,40.5,0.0,KL-PER-02
2006-03-30,43.57,9.9,KL-PER-02
2006-03-31,48.66,3.5,KL-PER-02
2006-04-01,50.29,0.0,KL-PER-02
2006-04-02,50.88,5.2,KL-PER-02
2006-04-03,51.84,0.4,KL-PER-02
2006-04-04,51.6,3.8,KL-PER-02
2006-04-05,50.64,0.0,KL-PER-02
2006-04-06,51.6,5.8,KL-PER-02
2006-04-07,53.7,2.0,KL-PER-02
2006-04-08,56.94,4.2,KL-PER-02
2006-04-09,63.27,1.9,KL-PER-02
2006-04-10,68.98,6.8,KL-PER-02
2006-04-11,73.82,11.6,KL-PER-02
2006-04-12,76.98,2.5,KL-PER-02
2006-04-13,78.98,4.2,KL-PER-02
2006-04-14,81.79,8.4,KL-PER-02
2006-04-15,85.9,5.0,KL-PER-02
2006-04-16,88.74,10.4,KL-PER-02
2006-04-17,92.33,26.6,KL-PER-02
2006-04-18,93.84,8.2,KL-PER-02
2006-04-19,96.27,3.6,KL-PER-02
2006-04-20,104.2,23.4,KL-PER-02
2006-04-21,110.69,7.3,KL-PER-02
2006-04-22,113.29,4.3,KL-PER-02
2006-04-23,111.98,0.6,KL-PER-02
2006-04-24,108.9,2.5,KL-PER-02
2006-04-25,106.65,2.0,KL-PER-02
2006-04-26,105.91,0.9,KL-PER-02
2006-04-27,104.68,0.2,KL-PER-02
2006-04-28,103.47,6.1,KL-PER-02
2006-04-29,102.51,0.1,KL-PER-02
2006-04-30,100.39,0.5,KL-PER-02
2006-05-01,97.4,0.6,KL-PER-02
2006-05-02,94.94,1.1,KL-PER-02
2006-05-03,96.05,4.7,KL-PER-02
2006-05-04,102.28,2.9,KL-PER-02
2006-05-05,110.94,8.3,KL-PER-02
2006-05-06,116.49,4.5,KL-PER-02
2006-05-07,120.62,4.8,KL-PER-02
2006-05-08,124.89,6.9,KL-PER-02
2006-05-09,128.12,5.1,KL-PER-02
2006-05-10,129.32,4.3,KL-PER-02
2006-05-11,129.32,3.3,KL-PER-02
2006-05-12,129.62,9.5,KL-PER-02
2006-05-13,130.52,5.4,KL-PER-02
2006-05-14,131.74,0.5,KL-PER-02
2006-05-15,132.97,4.2,KL-PER-02
2006-05-16,135.46,8.4,KL-PER-02
2006-05-17,138.0,8.5,KL-PER-02
2006-05-18,143.54,26.9,KL-PER-02
2006-05-19,145.89,4.2,KL-PER-02
2006-05-20,144.55,1.9,KL-PER-02
2006-05-21,141.56,13.6,KL-PER-02
2006-05-22,141.23,16.2,KL-PER-02
2006-05-23,145.22,11.1,KL-PER-02
2006-05-24,148.28,9.7,KL-PER-02
2006-05-25,156.4,38.1,KL-PER-02
2006-05-26,173.58,40.3,KL-PER-02
2006-05-27,236.14,56.8,KL-PER-02
2006-05-28,347.34,50.2,KL-PER-02
2006-05-29,468.89,35.2,KL-PER-02
2006-05-30,641.69,52.4,KL-PER-02
2006-05-31,821.24,62.7,KL-PER-02
2006-06-01,771.68,7.1,KL-PER-02
2006-06-02,661.22,9.4,KL-PER-02
2006-06-03,583.79,11.8,KL-PER-02
2006-06-04,533.56,8.4,KL-PER-02
2006-06-05,494.45,7.8,KL-PER-02
2006-06-06,462.45,10.1,KL-PER-02
2006-06-07,435.52,9.0,KL-PER-02
2006-06-08,412.05,2.7,KL-PER-02
2006-06-09,389.84,6.9,KL-PER-02
2006-06-10,370.54,3.3,KL-PER-02
2006-06-11,350.56,1.4,KL-PER-02
2006-06-12,330.13,3.3,KL-PER-02
2006-06-13,307.32,3.1,KL-PER-02
2006-06-14,288.73,4.5,KL-PER-02
2006-06-15,275.69,8.0,KL-PER-02
2006-06-16,270.64,19.9,KL-PER-02
2006-06-17,268.77,8.0,KL-PER-02
2006-06-18,263.24,2.4,KL-PER-02
2006-06-19,256.63,10.6,KL-PER-02
2006-06-20,263.24,32.8,KL-PER-02
2006-06-21,293.44,34.5,KL-PER-02
2006-06-22,435.52,56.9,KL-PER-02
2006-06-23,725.11,82.1,KL-PER-02
2006-06-24,750.62,32.2,KL-PER-02
2006-06-25,662.74,21.2,KL-PER-02
2006-06-26,591.93,5.9,KL-PER-02
2006-06-27,538.51,6.6,KL-PER-02
2006-06-28,504.82,20.6,KL-PER-02
2006-06-29,492.17,34.4,KL-PER-02
2006-06-30,484.29,19.5,KL-PER-02
2006-07-01,468.89,8.4,KL-PER-02
2006-07-02,462.45,16.5,KL-PER-02
2006-07-03,486.53,24.9,KL-PER-02
2006-07-04,509.5,17.7,KL-PER-02
2006-07-05,515.42,20.6,KL-PER-02
2006-07-06,504.82,6.8,KL-PER-02
2006-07-07,484.29,5.8,KL-PER-02
2006-07-08,461.38,4.3,KL-PER-02
2006-07-09,439.55,4.0,KL-PER-02
2006-07-10,420.7,8.6,KL-PER-02
2006-07-11,408.26,20.1,KL-PER-02
2006-07-12,441.59,45.4,KL-PER-02
2006-07-13,647.63,58.6,KL-PER-02
2006-07-14,703.69,21.7,KL-PER-02
2006-07-15,659.69,13.9,KL-PER-02
2006-07-16,617.02,6.2,KL-PER-02
2006-07-17,583.79,11.9,KL-PER-02
2006-07-18,556.19,10.0,KL-PER-02
2006-07-19,527.45,4.2,KL-PER-02
2006-07-20,495.59,5.7,KL-PER-02
2006-07-21,464.59,4.4,KL-PER-02
2006-07-22,436.52,1.2,KL-PER-02
2006-07-23,409.2,0.1,KL-PER-02
2006-07-24,382.71,0.0,KL-PER-02
2006-07-25,359.58,1.1,KL-PER-02
2006-07-26,341.77,8.6,KL-PER-02
2006-07-27,328.61,12.8,KL-PER-02
2006-07-28,315.96,8.6,KL-PER-02
2006-07-29,303.09,8.0,KL-PER-02
2006-07-30,288.73,5.1,KL-PER-02
2006-07-31,273.16,2.6,KL-PER-02
2006-08-01,259.62,4.1,KL-PER-02
2006-08-02,247.31,3.1,KL-PER-02
2006-08-03,237.23,7.2,KL-PER-02
2006-08-04,228.09,12.3,KL-PER-02
2006-08-05,219.29,1.7,KL-PER-02
2006-08-06,208.89,2.1,KL-PER-02
2006-08-07,198.99,2.7,KL-PER-02
2006-08-08,189.99,7.0,KL-PER-02
2006-08-09,182.65,7.9,KL-PER-02
2006-08-10,180.55,18.5,KL-PER-02
2006-08-11,187.8,21.2,KL-PER-02
2006-08-12,213.78,47.0,KL-PER-02
2006-08-13,270.02,44.1,KL-PER-02
2006-08-14,302.39,22.6,KL-PER-02
2006-08-15,348.95,31.3,KL-PER-02
2006-08-16,395.28,38.9,KL-PER-02
2006-08-17,402.65,20.0,KL-PER-02
2006-08-18,396.19,30.6,KL-PER-02
2006-08-19,386.26,21.5,KL-PER-02
2006-08-20,376.57,6.7,KL-PER-02
2006-08-21,367.13,1.1,KL-PER-02
2006-08-22,355.45,0.8,KL-PER-02
2006-08-23,337.84,0.0,KL-PER-02
2006-08-24,318.15,0.4,KL-PER-02
2006-08-25,298.92,0.9,KL-PER-02
2006-08-26,282.79,0.1,KL-PER-02
2006-08-27,267.53,0.6,KL-PER-02
2006-08-28,252.51,4.3,KL-PER-02
2006-08-29,240.55,6.5,KL-PER-02
2006-08-30,231.81,0.4,KL-PER-02
2006-08-31,223.39,8.4,KL-PER-02
2006-09-01,216.77,10.7,KL-PER-02
2006-09-02,214.77,0.7,KL-PER-02
2006-09-03,220.31,1.8,KL-PER-02
2006-09-04,229.67,4.5,KL-PER-02
2006-09-05,234.5,2.7,KL-PER-02
2006-09-06,233.96,3.3,KL-PER-02
2006-09-07,242.22,16.5,KL-PER-02
2006-09-08,259.62,14.3,KL-PER-02
2006-09-09,281.49,13.8,KL-PER-02
2006-09-10,304.49,14.0,KL-PER-02
2006-09-11,313.05,14.3,KL-PER-02
2006-09-12,318.89,24.4,KL-PER-02
2006-09-13,326.34,21.1,KL-PER-02
2006-09-14,330.89,24.3,KL-PER-02
2006-09-15,350.56,40.6,KL-PER-02
2006-09-16,397.11,39.7,KL-PER-02
2006-09-17,424.6,19.7,KL-PER-02
2006-09-18,424.6,18.7,KL-PER-02
2006-09-19,413.0,7.7,KL-PER-02
2006-09-20,401.72,29.2,KL-PER-02
2006-09-21,398.02,27.6,KL-PER-02
2006-09-22,393.46,4.5,KL-PER-02
2006-09-23,378.31,6.4,KL-PER-02
2006-09-24,367.98,22.1,KL-PER-02
2006-09-25,368.83,19.2,KL-PER-02
2006-09-26,363.75,3.6,KL-PER-02
2006-09-27,348.14,0.1,KL-PER-02
2006-09-28,329.37,3.5,KL-PER-02
2006-09-29,314.5,1.4,KL-PER-02
2006-09-30,300.3,7.0,KL-PER-02
2006-10-01,284.76,8.6,KL-PER-02
2006-10-02,270.02,0.9,KL-PER-02
2006-10-03,256.04,2.4,KL-PER-02
2006-10-04,243.91,6.5,KL-PER-02
2006-10-05,235.59,3.0,KL-PER-02
2006-10-06,228.61,10.6,KL-PER-02
2006-10-07,227.03,19.4,KL-PER-02
2006-10-08,227.03,2.6,KL-PER-02
2006-10-09,225.46,5.2,KL-PER-02
2006-10-10,225.46,22.7,KL-PER-02
2006-10-11,232.35,21.9,KL-PER-02
2006-10-12,252.51,7.4,KL-PER-02
2006-10-13,275.06,7.2,KL-PER-02
2006-10-14,286.74,12.6,KL-PER-02
2006-10-15,295.48,15.6,KL-PER-02
2006-10-16,305.2,13.2,KL-PER-02
2006-10-17,315.96,28.8,KL-PER-02
2006-10-18,319.63,4.2,KL-PER-02
2006-10-19,318.89,15.6,KL-PER-02
2006-10-20,328.61,23.0,KL-PER-02
2006-10-21,346.54,28.6,KL-PER-02
2006-10-22,353.0,13.6,KL-PER-02
2006-10-23,350.56,2.3,KL-PER-02
2006-10-24,349.75,2.6,KL-PER-02
2006-10-25,348.95,20.0,KL-PER-02
2006-10-26,359.58,17.5,KL-PER-02
2006-10-27,533.56,114.7,KL-PER-02
2006-10-28,591.93,32.2,KL-PER-02
2006-10-29,556.19,10.3,KL-PER-02
2006-10-30,516.61,10.0,KL-PER-02
2006-10-31,486.53,9.1,KL-PER-02
2006-11-01,472.15,2.6,KL-PER-02
2006-11-02,465.66,20.8,KL-PER-02
2006-11-03,570.48,30.9,KL-PER-02
2006-11-04,632.87,30.6,KL-PER-02
2006-11-05,609.94,6.5,KL-PER-02
2006-11-06,591.93,38.0,KL-PER-02
2006-11-07,577.1,3.9,KL-PER-02
2006-11-08,554.9,9.4,KL-PER-02
2006-11-09,537.27,13.4,KL-PER-02
2006-11-10,526.23,15.8,KL-PER-02
2006-11-11,522.6,13.5,KL-PER-02
2006-11-12,525.02,9.1,KL-PER-02
2006-11-13,525.02,6.9,KL-PER-02
2006-11-14,515.42,1.5,KL-PER-02
2006-11-15,521.4,17.9,KL-PER-02
2006-11-16,526.23,2.0,KL-PER-02
2006-11-17,528.66,4.2,KL-PER-02
2006-11-18,549.81,37.3,KL-PER-02
2006-11-19,549.81,9.7,KL-PER-02
2006-11-20,532.33,12.7,KL-PER-02
2006-11-21,515.42,11.5,KL-PER-02
2006-11-22,508.33,8.9,KL-PER-02
2006-11-23,501.34,12.9,KL-PER-02
2006-11-24,492.17,8.1,KL-PER-02
2006-11-25,482.06,2.4,KL-PER-02
2006-11-26,461.38,2.2,KL-PER-02
2006-11-27,437.53,5.3,KL-PER-02
2006-11-28,416.83,1.1,KL-PER-02
2006-11-29,396.19,0.0,KL-PER-02
2006-11-30,373.11,0.3,KL-PER-02
2006-12-01,351.37,0.0,KL-PER-02
2006-12-02,331.66,0.0,KL-PER-02
2006-12-03,313.05,0.0,KL-PER-02
2006-12-04,294.8,0.0,KL-PER-02
2006-12-05,278.25,0.0,KL-PER-02
2006-12-06,261.42,0.0,KL-PER-02
2006-12-07,245.6,0.0,KL-PER-02
2006-12-08,230.74,0.0,KL-PER-02
2006-12-09,217.27,0.0,KL-PER-02
2006-12-10,204.59,0.0,KL-PER-02
2006-12-11,192.64,0.6,KL-PER-02
2006-12-12,182.65,7.7,KL-PER-02
2006-12-13,176.83,0.0,KL-PER-02
2006-12-14,170.0,0.0,KL-PER-02
2006-12-15,160.81,0.0,KL-PER-02
2006-12-16,152.11,0.0,KL-PER-02
2006-12-17,143.21,0.0,KL-PER-02
2006-12-18,135.14,0.0,KL-PER-02
2006-12-19,127.82,0.0,KL-PER-02
2006-12-20,121.18,0.0,KL-PER-02
2006-12-21,114.88,0.0,KL-PER-02
2006-12-22,109.15,0.0,KL-PER-02
2006-12-23,103.71,0.0,KL-PER-02
2006-12-24,98.77,0.0,KL-PER-02
2006-12-25,94.06,0.0,KL-PER-02
2006-12-26,89.36,0.0,KL-PER-02
2006-12-27,85.1,0.0,KL-PER-02
2006-12-28,81.04,0.0,KL-PER-02
2006-12-29,77.52,0.0,KL-PER-02
2006-12-30,74.34,0.0,KL-PER-02
2006-12-31,71.28,0.0,KL-PER-02
2007-01-01,68.5,0.0,KL-PER-02
2007-01-02,65.99,0.0,KL-PER-02
2007-01-03,63.57,0.0,KL-PER-02
2007-01-04,61.37,0.0,KL-PER-02
2007-01-05,59.39,0.0,KL-PER-02
2007-01-06,57.61,0.0,KL-PER-02
2007-01-07,56.02,0.0,KL-PER-02
2007-01-08,54.46,0.0,KL-PER-02
2007-01-09,53.2,0.0,KL-PER-02
2007-01-10,52.09,0.0,KL-PER-02
2007-01-11,44.71,0.0,KL-PER-02
2007-01-12,38.54,0.0,KL-PER-02
2007-01-13,36.15,0.0,KL-PER-02
2007-01-14,34.65,0.0,KL-PER-02
2007-01-15,33.51,0.0,KL-PER-02
2007-01-16,32.57,0.0,KL-PER-02
2007-01-17,31.66,0.0,KL-PER-02
2007-01-18,30.92,0.0,KL-PER-02
2007-01-19,30.19,0.0,KL-PER-02
2007-01-20,29.48,0.0,KL-PER-02
2007-01-21,31.14,0.0,KL-PER-02
2007-01-22,32.96,0.0,KL-PER-02
2007-01-23,33.2,0.0,KL-PER-02
2007-01-24,32.96,0.0,KL-PER-02
2007-01-25,32.65,0.0,KL-PER-02
2007-01-26,32.34,0.0,KL-PER-02
2007-01-27,33.43,0.0,KL-PER-02
2007-01-28,35.56,0.2,KL-PER-02
2007-01-29,35.22,0.0,KL-PER-02
2007-01-30,33.91,0.0,KL-PER-02
2007-01-31,35.9,0.0,KL-PER-02
2007-02-01,37.99,0.0,KL-PER-02
2007-02-02,38.26,0.0,KL-PER-02
2007-02-03,38.08,0.0,KL-PER-02
2007-02-04,37.9,0.0,KL-PER-02
2007-02-05,37.64,1.8,KL-PER-02
2007-02-06,37.46,0.0,KL-PER-02
2007-02-07,37.37,0.0,KL-PER-02
2007-02-08,37.28,0.0,KL-PER-02
2007-02-09,37.37,0.2,KL-PER-02
2007-02-10,37.73,1.1,KL-PER-02
2007-02-11,37.9,0.0,KL-PER-02
2007-02-12,37.73,0.4,KL-PER-02
2007-02-13,37.73,0.4,KL-PER-02
2007-02-14,37.55,0.0,KL-PER-02
2007-02-15,37.19,0.0,KL-PER-02
2007-02-16,36.93,0.0,KL-PER-02
2007-02-17,37.02,1.4,KL-PER-02
2007-02-18,37.02,0.8,KL-PER-02
2007-02-19,38.08,5.9,KL-PER-02
2007-02-20,38.36,0.0,KL-PER-02
2007-02-21,37.46,0.0,KL-PER-02
2007-02-22,36.84,0.0,KL-PER-02
2007-02-23,36.67,0.0,KL-PER-02
2007-02-24,36.67,0.0,KL-PER-02
2007-02-25,36.76,0.1,KL-PER-02
2007-02-26,36.76,0.2,KL-PER-02
2007-02-27,36.58,1.0,KL-PER-02
2007-02-28,36.5,0.2,KL-PER-02
2007-03-01,36.5,0.1,KL-PER-02
2007-03-02,36.76,0.0,KL-PER-02
2007-03-03,36.93,0.0,KL-PER-02
2007-03-04,36.93,1.1,KL-PER-02
2007-03-05,36.93,0.4,KL-PER-02
2007-03-06,36.58,2.0,KL-PER-02
2007-03-07,36.15,0.0,KL-PER-02
2007-03-08,36.41,0.7,KL-PER-02
2007-03-09,36.41,0.8,KL-PER-02
2007-03-10,35.9,0.0,KL-PER-02
2007-03-11,35.56,0.0,KL-PER-02
2007-03-12,35.39,0.0,KL-PER-02
2007-03-13,35.14,0.0,KL-PER-02
2007-03-14,35.31,0.0,KL-PER-02
2007-03-15,35.48,0.0,KL-PER-02
2007-03-16,35.14,0.0,KL-PER-02
2007-03-17,34.97,2.0,KL-PER-02
2007-03-18,35.06,0.0,KL-PER-02
2007-03-19,34.81,0.0,KL-PER-02
2007-03-20,34.65,0.0,KL-PER-02
2007-03-21,35.06,0.8,KL-PER-02
2007-03-22,35.22,0.6,KL-PER-02
2007-03-23,34.81,0.3,KL-PER-02
2007-03-24,34.89,0.0,KL-PER-02
2007-03-25,35.73,0.7,KL-PER-02
2007-03-26,38.08,1.3,KL-PER-02
2007-03-27,39.36,0.0,KL-PER-02
2007-03-28,37.64,0.0,KL-PER-02
2007-03-29,36.41,0.0,KL-PER-02
2007-03-30,35.56,0.0,KL-PER-02
2007-03-31,35.31,1.8,KL-PER-02
2007-04-01,36.33,1.5,KL-PER-02
2007-04-02,37.37,1.0,KL-PER-02
2007-04-03,37.19,1.5,KL-PER-02
2007-04-04,36.76,0.1,KL-PER-02
2007-04-05,35.98,0.0,KL-PER-02
2007-04-06,35.73,0.0,KL-PER-02
2007-04-07,37.19,7.5,KL-PER-02
2007-04-08,38.9,2.9,KL-PER-02
2007-04-09,41.85,8.1,KL-PER-02
2007-04-10,44.5,7.2,KL-PER-02
2007-04-11,45.24,4.0,KL-PER-02
2007-04-12,46.1,6.4,KL-PER-02
2007-04-13,48.77,5.9,KL-PER-02
2007-04-14,55.1,35.4,KL-PER-02
2007-04-15,58.98,19.4,KL-PER-02
2007-04-16,57.61,1.2,KL-PER-02
2007-04-17,53.83,2.4,KL-PER-02
2007-04-18,51.48,0.9,KL-PER-02
2007-04-19,49.35,1.0,KL-PER-02
2007-04-20,49.0,1.8,KL-PER-02
2007-04-21,56.02,27.2,KL-PER-02
2007-04-22,61.23,5.3,KL-PER-02
2007-04-23,63.86,15.6,KL-PER-02
2007-04-24,65.07,6.1,KL-PER-02
2007-04-25,65.99,6.8,KL-PER-02
2007-04-26,67.23,4.4,KL-PER-02
2007-04-27,67.39,2.6,KL-PER-02
2007-04-28,67.87,6.2,KL-PER-02
2007-04-29,68.98,4.2,KL-PER-02
2007-04-30,68.98,2.3,KL-PER-02
2007-05-01,68.18,3.4,KL-PER-02
2007-05-02,72.96,29.0,KL-PER-02
2007-05-03,78.07,15.0,KL-PER-02
2007-05-04,83.72,17.6,KL-PER-02
2007-05-05,86.5,8.0,KL-PER-02
2007-05-06,88.74,9.7,KL-PER-02
2007-05-07,90.2,7.3,KL-PER-02
2007-05-08,93.19,19.3,KL-PER-02
2007-05-09,97.17,20.7,KL-PER-02
2007-05-10,99.93,16.0,KL-PER-02
2007-05-11,98.54,2.9,KL-PER-02
2007-05-12,95.16,3.6,KL-PER-02
2007-05-13,93.41,11.1,KL-PER-02
2007-05-14,93.41,4.4,KL-PER-02
2007-05-15,93.41,1.5,KL-PER-02
2007-05-16,92.33,0.0,KL-PER-02
2007-05-17,89.36,0.0,KL-PER-02
2007-05-18,85.5,0.0,KL-PER-02
2007-05-19,81.6,0.0,KL-PER-02
2007-05-20,77.7,0.0,KL-PER-02
2007-05-21,74.16,0.0,KL-PER-02
2007-05-22,71.61,6.6,KL-PER-02
2007-05-23,72.11,12.9,KL-PER-02
2007-05-24,74.16,9.2,KL-PER-02
2007-05-25,77.16,12.1,KL-PER-02
2007-05-26,79.35,11.6,KL-PER-02
2007-05-27,84.11,18.1,KL-PER-02
2007-05-28,89.36,18.0,KL-PER-02
2007-05-29,93.41,11.1,KL-PER-02
2007-05-30,97.63,17.7,KL-PER-02
2007-05-31,94.72,2.6,KL-PER-02
2007-06-01,89.16,0.9,KL-PER-02
2007-06-02,86.1,9.3,KL-PER-02
2007-06-03,84.31,0.0,KL-PER-02
2007-06-04,83.72,0.0,KL-PER-02
2007-06-05,84.51,11.3,KL-PER-02
2007-06-06,91.47,24.7,KL-PER-02
2007-06-07,102.51,21.6,KL-PER-02
2007-06-08,113.02,14.3,KL-PER-02
2007-06-09,120.34,12.8,KL-PER-02
2007-06-10,122.31,16.2,KL-PER-02
2007-06-11,132.35,42.1,KL-PER-02
2007-06-12,153.88,29.9,KL-PER-02
2007-06-13,171.98,9.2,KL-PER-02
2007-06-14,186.5,45.2,KL-PER-02
2007-06-15,207.45,39.8,KL-PER-02
2007-06-16,215.77,19.2,KL-PER-02
2007-06-17,220.31,19.7,KL-PER-02
2007-06-18,251.93,51.4,KL-PER-02
2007-06-19,275.06,21.0,KL-PER-02
2007-06-20,333.19,36.9,KL-PER-02
2007-06-21,554.9,57.2,KL-PER-02
2007-06-22,1110.73,94.9,KL-PER-02
2007-06-23,1240.65,67.2,KL-PER-02
2007-06-24,1029.39,9.6,KL-PER-02
2007-06-25,846.23,6.9,KL-PER-02
2007-06-26,736.9,9.4,KL-PER-02
2007-06-27,667.34,4.7,KL-PER-02
2007-06-28,619.87,16.6,KL-PER-02
2007-06-29,618.44,39.8,KL-PER-02
2007-06-30,673.53,43.8,KL-PER-02
2007-07-01,728.46,48.0,KL-PER-02
2007-07-02,766.36,40.6,KL-PER-02
2007-07-03,793.33,42.5,KL-PER-02
2007-07-04,775.25,22.7,KL-PER-02
2007-07-05,731.82,11.8,KL-PER-02
2007-07-06,703.69,20.5,KL-PER-02
2007-07-07,681.34,10.2,KL-PER-02
2007-07-08,655.15,14.8,KL-PER-02
2007-07-09,628.51,11.0,KL-PER-02
2007-07-10,605.74,15.9,KL-PER-02
2007-07-11,591.93,24.9,KL-PER-02
2007-07-12,579.76,14.6,KL-PER-02
2007-07-13,567.85,16.3,KL-PER-02
2007-07-14,554.9,13.9,KL-PER-02
2007-07-15,542.25,11.6,KL-PER-02
2007-07-16,574.44,33.4,KL-PER-02
2007-07-17,608.54,35.5,KL-PER-02
2007-07-18,601.56,15.3,KL-PER-02
2007-07-19,593.29,18.7,KL-PER-02
2007-07-20,646.14,46.5,KL-PER-02
2007-07-21,661.22,17.5,KL-PER-02
2007-07-22,629.96,18.3,KL-PER-02
2007-07-23,598.79,17.8,KL-PER-02
2007-07-24,622.73,43.8,KL-PER-02
2007-07-25,625.61,9.3,KL-PER-02
2007-07-26,609.94,24.3,KL-PER-02
2007-07-27,590.56,18.3,KL-PER-02
2007-07-28,563.94,11.4,KL-PER-02
2007-07-29,533.56,9.1,KL-PER-02
2007-07-30,508.33,20.3,KL-PER-02
2007-07-31,491.04,23.8,KL-PER-02
2007-08-01,668.88,96.2,KL-PER-02
2007-08-02,745.45,51.5,KL-PER-02
2007-08-03,700.46,10.7,KL-PER-02
2007-08-04,641.69,21.5,KL-PER-02
2007-08-05,629.96,43.3,KL-PER-02
2007-08-06,622.73,20.9,KL-PER-02
2007-08-07,604.34,16.7,KL-PER-02
2007-08-08,585.14,14.8,KL-PER-02
2007-08-09,585.14,31.0,KL-PER-02
2007-08-10,605.74,26.1,KL-PER-02
2007-08-11,608.54,14.4,KL-PER-02
2007-08-12,582.45,4.3,KL-PER-02
2007-08-13,547.28,1.5,KL-PER-02
2007-08-14,515.42,0.5,KL-PER-02
2007-08-15,484.29,2.8,KL-PER-02
2007-08-16,453.99,1.6,KL-PER-02
2007-08-17,424.6,2.2,KL-PER-02
2007-08-18,401.72,1.9,KL-PER-02
2007-08-19,380.07,4.6,KL-PER-02
2007-08-20,362.92,11.0,KL-PER-02
2007-08-21,385.37,41.3,KL-PER-02
2007-08-22,400.79,17.8,KL-PER-02
2007-08-23,390.74,11.8,KL-PER-02
2007-08-24,377.44,29.5,KL-PER-02
2007-08-25,368.83,22.0,KL-PER-02
2007-08-26,368.83,26.2,KL-PER-02
2007-08-27,371.39,22.9,KL-PER-02
2007-08-28,368.83,22.7,KL-PER-02
2007-08-29,362.92,8.6,KL-PER-02
2007-08-30,363.75,36.8,KL-PER-02
2007-08-31,367.13,15.5,KL-PER-02
2007-09-01,367.13,16.6,KL-PER-02
2007-09-02,377.44,49.1,KL-PER-02
2007-09-03,378.31,5.8,KL-PER-02
2007-09-04,367.98,23.4,KL-PER-02
2007-09-05,365.44,28.8,KL-PER-02
2007-09-06,365.44,17.7,KL-PER-02
2007-09-07,354.63,10.7,KL-PER-02
2007-09-08,343.35,16.0,KL-PER-02
2007-09-09,529.88,25.9,KL-PER-02
2007-09-10,608.54,12.7,KL-PER-02
2007-09-11,541.0,3.0,KL-PER-02
2007-09-12,486.53,9.4,KL-PER-02
2007-09-13,455.04,7.8,KL-PER-02
2007-09-14,433.51,7.6,KL-PER-02
2007-09-15,424.6,30.6,KL-PER-02
2007-09-16,460.32,58.9,KL-PER-02
2007-09-17,479.84,26.9,KL-PER-02
2007-09-18,486.53,24.5,KL-PER-02
2007-09-19,499.03,27.3,KL-PER-02
2007-09-20,499.03,13.7,KL-PER-02
2007-09-21,488.78,15.4,KL-PER-02
2007-09-22,509.5,30.6,KL-PER-02
2007-09-23,547.28,30.9,KL-PER-02
2007-09-24,581.1,31.2,KL-PER-02
2007-09-25,596.04,30.9,KL-PER-02
2007-09-26,581.1,4.1,KL-PER-02
2007-09-27,549.81,13.6,KL-PER-02
2007-09-28,520.19,5.6,KL-PER-02
2007-09-29,492.17,4.6,KL-PER-02
2007-09-30,465.66,6.2,KL-PER-02
2007-10-01,443.63,7.7,KL-PER-02
2007-10-02,424.6,1.5,KL-PER-02
2007-10-03,403.58,5.6,KL-PER-02
2007-10-04,382.71,2.5,KL-PER-02
2007-10-05,362.92,1.0,KL-PER-02
2007-10-06,340.98,3.3,KL-PER-02
2007-10-07,321.85,6.0,KL-PER-02
2007-10-08,304.49,1.9,KL-PER-02
2007-10-09,287.4,1.2,KL-PER-02
2007-10-10,278.9,14.4,KL-PER-02
2007-10-11,284.1,11.5,KL-PER-02
2007-10-12,294.8,7.7,KL-PER-02
2007-10-13,308.74,22.5,KL-PER-02
2007-10-14,321.85,14.2,KL-PER-02
2007-10-15,328.61,10.9,KL-PER-02
2007-10-16,347.34,13.9,KL-PER-02
2007-10-17,367.98,21.6,KL-PER-02
2007-10-18,380.94,12.5,KL-PER-02
2007-10-19,391.65,19.0,KL-PER-02
2007-10-20,424.6,41.6,KL-PER-02
2007-10-21,438.54,6.1,KL-PER-02
2007-10-22,428.54,27.5,KL-PER-02
2007-10-23,449.82,19.9,KL-PER-02
2007-10-24,578.43,25.7,KL-PER-02
2007-10-25,715.14,39.9,KL-PER-02
2007-10-26,791.5,61.1,KL-PER-02
2007-10-27,759.33,4.9,KL-PER-02
2007-10-28,733.51,40.1,KL-PER-02
2007-10-29,725.11,25.4,KL-PER-02
2007-10-30,700.46,2.7,KL-PER-02
2007-10-31,658.17,0.2,KL-PER-02
2007-11-01,612.76,0.7,KL-PER-02
2007-11-02,578.43,16.7,KL-PER-02
2007-11-03,566.54,22.3,KL-PER-02
2007-11-04,551.08,0.0,KL-PER-02
2007-11-05,528.66,5.8,KL-PER-02
2007-11-06,509.5,6.5,KL-PER-02
2007-11-07,492.17,7.4,KL-PER-02
2007-11-08,476.53,9.0,KL-PER-02
2007-11-09,455.04,0.8,KL-PER-02
2007-11-10,431.51,6.3,KL-PER-02
2007-11-11,411.1,2.1,KL-PER-02
2007-11-12,390.74,0.9,KL-PER-02
2007-11-13,368.83,0.9,KL-PER-02
2007-11-14,349.75,0.9,KL-PER-02
2007-11-15,330.89,0.0,KL-PER-02
2007-11-16,313.05,0.0,KL-PER-02
2007-11-17,296.17,0.0,KL-PER-02
2007-11-18,280.19,0.0,KL-PER-02
2007-11-19,263.85,0.0,KL-PER-02
2007-11-20,249.03,0.0,KL-PER-02
2007-11-21,238.33,0.0,KL-PER-02
2007-11-22,228.09,0.0,KL-PER-02
2007-11-23,218.79,3.9,KL-PER-02
2007-11-24,210.35,0.0,KL-PER-02
2007-11-25,202.24,0.0,KL-PER-02
2007-11-26,193.09,0.0,KL-PER-02
2007-11-27,182.65,0.0,KL-PER-02
2007-11-28,172.38,0.0,KL-PER-02
2007-11-29,163.06,1.3,KL-PER-02
2007-11-30,156.76,0.0,KL-PER-02
2007-12-01,151.05,0.0,KL-PER-02
2007-12-02,143.54,0.0,KL-PER-02
2007-12-03,136.09,0.0,KL-PER-02
2007-12-04,128.72,0.0,KL-PER-02
2007-12-05,122.03,0.0,KL-PER-02
2007-12-06,115.41,0.0,KL-PER-02
2007-12-07,109.66,0.0,KL-PER-02
2007-12-08,104.2,0.0,KL-PER-02
2007-12-09,99.23,0.0,KL-PER-02
2007-12-10,94.94,0.0,KL-PER-02
2007-12-11,90.41,0.0,KL-PER-02
2007-12-12,86.5,0.0,KL-PER-02
2007-12-13,83.14,0.0,KL-PER-02
2007-12-14,82.95,0.7,KL-PER-02
2007-12-15,85.3,0.0,KL-PER-02
2007-12-16,86.5,0.0,KL-PER-02
2007-12-17,84.11,0.0,KL-PER-02
2007-12-18,90.2,26.7,KL-PER-02
2007-12-19,115.41,15.1,KL-PER-02
2007-12-20,139.93,8.5,KL-PER-02
2007-12-21,147.25,4.9,KL-PER-02
2007-12-22,143.54,1.8,KL-PER-02
2007-12-23,137.04,0.0,KL-PER-02
2007-12-24,129.62,0.0,KL-PER-02
2007-12-25,122.03,0.0,KL-PER-02
2007-12-26,114.88,0.0,KL-PER-02
2007-12-27,108.14,0.0,KL-PER-02
2007-12-28,102.75,0.0,KL-PER-02
2007-12-29,97.4,0.0,KL-PER-02
2007-12-30,92.54,0.0,KL-PER-02
2007-12-31,87.72,0.0,KL-PER-02
2008-01-01,83.53,0.0,KL-PER-02
2008-01-02,79.91,0.0,KL-PER-02
2008-01-03,76.45,0.0,KL-PER-02
2008-01-04,73.13,0.0,KL-PER-02
2008-01-05,70.45,0.0,KL-PER-02
2008-01-06,68.5,0.0,KL-PER-02
2008-01-07,66.3,0.0,KL-PER-02
2008-01-08,63.86,0.0,KL-PER-02
2008-01-09,61.37,0.0,KL-PER-02
2008-01-10,59.12,0.0,KL-PER-02
2008-01-11,51.48,0.0,KL-PER-02
2008-01-12,45.24,0.0,KL-PER-02
2008-01-13,42.25,0.0,KL-PER-02
2008-01-14,40.3,0.0,KL-PER-02
2008-01-15,38.81,0.0,KL-PER-02
2008-01-16,37.37,0.0,KL-PER-02
2008-01-17,36.15,0.0,KL-PER-02
2008-01-18,35.06,0.0,KL-PER-02
2008-01-19,34.16,0.0,KL-PER-02
2008-01-20,33.36,0.0,KL-PER-02
2008-01-21,34.08,0.0,KL-PER-02
2008-01-22,34.81,0.0,KL-PER-02
2008-01-23,34.65,0.0,KL-PER-02
2008-01-24,34.16,0.0,KL-PER-02
2008-01-25,33.99,0.0,KL-PER-02
2008-01-26,33.99,0.0,KL-PER-02
2008-01-27,33.91,0.0,KL-PER-02
2008-01-28,33.67,0.0,KL-PER-02
2008-01-29,33.28,0.0,KL-PER-02
2008-01-30,33.2,1.1,KL-PER-02
2008-01-31,36.24,0.0,KL-PER-02
2008-02-01,39.46,1.0,KL-PER-02
2008-02-02,40.5,0.1,KL-PER-02
2008-02-03,41.36,1.9,KL-PER-02
2008-02-04,44.6,11.3,KL-PER-02
2008-02-05,46.53,0.1,KL-PER-02
2008-02-06,45.67,0.0,KL-PER-02
2008-02-07,45.67,0.2,KL-PER-02
2008-02-08,49.7,0.0,KL-PER-02
2008-02-09,56.81,0.9,KL-PER-02
2008-02-10,63.86,6.5,KL-PER-02
2008-02-11,68.34,3.7,KL-PER-02
2008-02-12,72.96,13.9,KL-PER-02
2008-02-13,75.03,4.9,KL-PER-02
2008-02-14,74.16,0.0,KL-PER-02
2008-02-15,71.44,0.0,KL-PER-02
2008-02-16,68.18,1.8,KL-PER-02
2008-02-17,65.53,0.0,KL-PER-02
2008-02-18,62.83,0.1,KL-PER-02
2008-02-19,60.38,0.0,KL-PER-02
2008-02-20,58.29,0.0,KL-PER-02
2008-02-21,56.28,0.0,KL-PER-02
2008-02-22,54.46,0.0,KL-PER-02
2008-02-23,52.95,0.0,KL-PER-02
2008-02-24,51.48,0.0,KL-PER-02
2008-02-25,50.17,0.0,KL-PER-02
2008-02-26,49.0,0.0,KL-PER-02
2008-02-27,48.09,0.0,KL-PER-02
2008-02-28,47.08,0.0,KL-PER-02
2008-02-29,46.1,0.0,KL-PER-02
2008-03-01,45.56,0.0,KL-PER-02
2008-03-02,45.77,0.8,KL-PER-02
2008-03-03,45.56,0.0,KL-PER-02
2008-03-04,44.81,0.0,KL-PER-02
2008-03-05,43.77,0.0,KL-PER-02
2008-03-06,42.85,0.0,KL-PER-02
2008-03-07,42.05,0.0,KL-PER-02
2008-03-08,41.27,0.0,KL-PER-02
2008-03-09,40.5,0.0,KL-PER-02
2008-03-10,40.4,0.0,KL-PER-02
2008-03-11,40.21,1.2,KL-PER-02
2008-03-12,40.3,5.1,KL-PER-02
2008-03-13,46.42,23.1,KL-PER-02
2008-03-14,60.66,30.6,KL-PER-02
2008-03-15,71.28,8.0,KL-PER-02
2008-03-16,79.72,15.3,KL-PER-02
2008-03-17,87.31,10.9,KL-PER-02
2008-03-18,95.16,9.4,KL-PER-02
2008-03-19,105.91,15.7,KL-PER-02
2008-03-20,124.89,20.4,KL-PER-02
2008-03-21,145.55,12.0,KL-PER-02
2008-03-22,160.06,20.1,KL-PER-02
2008-03-23,166.88,7.5,KL-PER-02
2008-03-24,165.34,2.3,KL-PER-02
2008-03-25,156.4,0.0,KL-PER-02
2008-03-26,146.91,0.0,KL-PER-02
2008-03-27,138.0,0.1,KL-PER-02
2008-03-28,133.9,14.5,KL-PER-02
2008-03-29,132.05,3.5,KL-PER-02
2008-03-30,135.46,14.2,KL-PER-02
2008-03-31,141.89,6.7,KL-PER-02
2008-04-01,145.89,7.1,KL-PER-02
2008-04-02,165.72,16.8,KL-PER-02
2008-04-03,185.21,7.6,KL-PER-02
2008-04-04,188.23,9.1,KL-PER-02
2008-04-05,184.35,6.2,KL-PER-02
2008-04-06,176.83,4.3,KL-PER-02
2008-04-07,167.27,0.5,KL-PER-02
2008-04-08,161.93,6.1,KL-PER-02
2008-04-09,156.4,1.4,KL-PER-02
2008-04-10,151.41,4.3,KL-PER-02
2008-04-11,148.97,3.7,KL-PER-02
2008-04-12,148.97,11.4,KL-PER-02
2008-04-13,148.62,1.9,KL-PER-02
2008-04-14,147.59,0.6,KL-PER-02
2008-04-15,145.22,4.2,KL-PER-02
2008-04-16,142.22,1.0,KL-PER-02
2008-04-17,139.28,1.1,KL-PER-02
2008-04-18,136.09,3.7,KL-PER-02
2008-04-19,133.9,2.0,KL-PER-02
2008-04-20,133.59,1.4,KL-PER-02
2008-04-21,133.59,4.1,KL-PER-02
2008-04-22,132.66,1.4,KL-PER-02
2008-04-23,131.13,1.3,KL-PER-02
2008-04-24,133.28,8.4,KL-PER-02
2008-04-25,139.6,4.8,KL-PER-02
2008-04-26,159.32,24.5,KL-PER-02
2008-04-27,178.47,5.9,KL-PER-02
2008-04-28,186.93,12.5,KL-PER-02
2008-04-29,186.5,4.2,KL-PER-02
2008-04-30,182.23,4.4,KL-PER-02
2008-05-01,175.6,9.5,KL-PER-02
2008-05-02,168.82,0.0,KL-PER-02
2008-05-03,160.81,0.4,KL-PER-02
2008-05-04,154.6,14.4,KL-PER-02
2008-05-05,153.88,5.7,KL-PER-02
2008-05-06,152.82,1.6,KL-PER-02
2008-05-07,150.71,12.5,KL-PER-02
2008-05-08,152.46,12.3,KL-PER-02
2008-05-09,157.85,15.8,KL-PER-02
2008-05-10,165.72,21.9,KL-PER-02
2008-05-11,170.79,6.7,KL-PER-02
2008-05-12,173.18,6.9,KL-PER-02
2008-05-13,173.18,12.5,KL-PER-02
2008-05-14,170.4,0.8,KL-PER-02
2008-05-15,166.49,8.1,KL-PER-02
2008-05-16,162.68,1.8,KL-PER-02
2008-05-17,164.58,12.2,KL-PER-02
2008-05-18,167.66,8.6,KL-PER-02
2008-05-19,168.04,5.2,KL-PER-02
2008-05-20,166.49,8.6,KL-PER-02
2008-05-21,166.49,15.7,KL-PER-02
2008-05-22,168.43,11.4,KL-PER-02
2008-05-23,169.61,10.9,KL-PER-02
2008-05-24,168.82,8.8,KL-PER-02
2008-05-25,169.61,13.5,KL-PER-02
2008-05-26,173.58,18.8,KL-PER-02
2008-05-27,177.65,2.2,KL-PER-02
2008-05-28,179.3,11.3,KL-PER-02
2008-05-29,178.89,5.0,KL-PER-02
2008-05-30,179.3,16.8,KL-PER-02
2008-05-31,183.93,19.8,KL-PER-02
2008-06-01,189.99,15.2,KL-PER-02
2008-06-02,190.87,4.2,KL-PER-02
2008-06-03,192.2,6.6,KL-PER-02
2008-06-04,193.98,11.6,KL-PER-02
2008-06-05,192.2,1.1,KL-PER-02
2008-06-06,186.07,12.7,KL-PER-02
2008-06-07,180.97,13.7,KL-PER-02
2008-06-08,193.09,42.3,KL-PER-02
2008-06-09,222.87,39.0,KL-PER-02
2008-06-10,238.33,9.8,KL-PER-02
2008-06-11,233.42,5.2,KL-PER-02
2008-06-12,223.39,13.1,KL-PER-02
2008-06-13,218.28,11.7,KL-PER-02
2008-06-14,215.27,10.6,KL-PER-02
2008-06-15,212.3,8.0,KL-PER-02
2008-06-16,207.45,10.7,KL-PER-02
2008-06-17,204.59,10.2,KL-PER-02
2008-06-18,208.89,31.5,KL-PER-02
2008-06-19,212.3,15.5,KL-PER-02
2008-06-20,214.77,22.1,KL-PER-02
2008-06-21,217.78,22.6,KL-PER-02
2008-06-22,228.61,24.0,KL-PER-02
2008-06-23,231.81,10.2,KL-PER-02
2008-06-24,224.42,5.0,KL-PER-02
2008-06-25,221.84,22.2,KL-PER-02
2008-06-26,224.94,8.8,KL-PER-02
2008-06-27,230.21,27.7,KL-PER-02
2008-06-28,247.89,37.1,KL-PER-02
2008-06-29,271.9,22.1,KL-PER-02
2008-06-30,288.73,23.1,KL-PER-02
2008-07-01,309.46,38.4,KL-PER-02
2008-07-02,317.42,1.0,KL-PER-02
2008-07-03,305.2,0.0,KL-PER-02
2008-07-04,285.42,1.0,KL-PER-02
2008-07-05,268.77,5.0,KL-PER-02
2008-07-06,259.02,21.3,KL-PER-02
2008-07-07,251.93,11.6,KL-PER-02
2008-07-08,246.17,11.2,KL-PER-02
2008-07-09,240.55,12.8,KL-PER-02
2008-07-10,235.59,11.7,KL-PER-02
2008-07-11,230.21,4.5,KL-PER-02
2008-07-12,222.36,2.9,KL-PER-02
2008-07-13,213.29,0.5,KL-PER-02
2008-07-14,209.38,14.0,KL-PER-02
2008-07-15,594.66,93.0,KL-PER-02
2008-07-16,661.22,22.7,KL-PER-02
2008-07-17,538.51,20.9,KL-PER-02
2008-07-18,466.74,23.0,KL-PER-02
2008-07-19,437.53,26.2,KL-PER-02
2008-07-20,417.79,9.2,KL-PER-02
2008-07-21,405.44,21.9,KL-PER-02
2008-07-22,405.44,20.5,KL-PER-02
2008-07-23,444.66,39.7,KL-PER-02
2008-07-24,504.82,41.8,KL-PER-02
2008-07-25,554.9,56.6,KL-PER-02
2008-07-26,554.9,17.6,KL-PER-02
2008-07-27,619.87,54.9,KL-PER-02
2008-07-28,695.63,44.0,KL-PER-02
2008-07-29,715.14,31.8,KL-PER-02
2008-07-30,694.02,25.2,KL-PER-02
2008-07-31,668.88,25.7,KL-PER-02
2008-08-01,641.69,22.1,KL-PER-02
2008-08-02,609.94,0.7,KL-PER-02
2008-08-03,571.8,8.3,KL-PER-02
2008-08-04,538.51,2.3,KL-PER-02
2008-08-05,507.16,3.8,KL-PER-02
2008-08-06,477.63,1.7,KL-PER-02
2008-08-07,451.9,5.7,KL-PER-02
2008-08-08,433.51,16.7,KL-PER-02
2008-08-09,418.76,14.2,KL-PER-02
2008-08-10,409.2,10.4,KL-PER-02
2008-08-11,402.65,12.1,KL-PER-02
2008-08-12,497.88,70.3,KL-PER-02
2008-08-13,617.02,58.6,KL-PER-02
2008-08-14,646.14,42.3,KL-PER-02
2008-08-15,611.35,20.1,KL-PER-02
2008-08-16,569.16,1.4,KL-PER-02
2008-08-17,527.45,3.6,KL-PER-02
2008-08-18,494.45,3.0,KL-PER-02
2008-08-19,465.66,5.8,KL-PER-02
2008-08-20,440.57,9.1,KL-PER-02
2008-08-21,419.73,8.8,KL-PER-02
2008-08-22,399.87,2.6,KL-PER-02
2008-08-23,378.31,2.2,KL-PER-02
2008-08-24,355.45,2.6,KL-PER-02
2008-08-25,337.84,6.2,KL-PER-02
2008-08-26,327.1,9.2,KL-PER-02
2008-08-27,324.09,7.0,KL-PER-02
2008-08-28,327.1,10.8,KL-PER-02
2008-08-29,332.43,8.0,KL-PER-02
2008-08-30,337.84,12.2,KL-PER-02
2008-08-31,344.14,13.6,KL-PER-02
2008-09-01,344.14,1.2,KL-PER-02
2008-09-02,332.43,0.4,KL-PER-02
2008-09-03,316.69,5.0,KL-PER-02
2008-09-04,306.61,10.5,KL-PER-02
2008-09-05,300.3,7.5,KL-PER-02
2008-09-06,296.85,22.1,KL-PER-02
2008-09-07,301.69,20.9,KL-PER-02
2008-09-08,319.63,36.0,KL-PER-02
2008-09-09,330.13,14.1,KL-PER-02
2008-09-10,337.06,23.9,KL-PER-02
2008-09-11,350.56,15.9,KL-PER-02
2008-09-12,361.24,13.3,KL-PER-02
2008-09-13,356.27,2.9,KL-PER-02
2008-09-14,340.98,8.2,KL-PER-02
2008-09-15,325.59,3.8,KL-PER-02
2008-09-16,310.17,8.1,KL-PER-02
2008-09-17,296.17,1.3,KL-PER-02
2008-09-18,281.49,1.5,KL-PER-02
2008-09-19,262.63,3.0,KL-PER-02
2008-09-20,252.51,23.9,KL-PER-02
2008-09-21,246.74,0.8,KL-PER-02
2008-09-22,237.78,0.9,KL-PER-02
2008-09-23,226.51,2.0,KL-PER-02
2008-09-24,215.27,3.9,KL-PER-02
2008-09-25,204.59,3.8,KL-PER-02
2008-09-26,194.88,0.8,KL-PER-02
2008-09-27,185.64,0.0,KL-PER-02
2008-09-28,175.2,0.0,KL-PER-02
2008-09-29,164.96,0.0,KL-PER-02
2008-09-30,155.68,0.4,KL-PER-02
2008-10-01,147.25,0.5,KL-PER-02
2008-10-02,139.28,0.0,KL-PER-02
2008-10-03,131.43,0.0,KL-PER-02
2008-10-04,124.6,0.0,KL-PER-02
2008-10-05,118.95,0.0,KL-PER-02
2008-10-06,116.76,1.6,KL-PER-02
2008-10-07,120.62,12.8,KL-PER-02
2008-10-08,126.64,2.4,KL-PER-02
2008-10-09,136.09,21.0,KL-PER-02
2008-10-10,144.55,8.2,KL-PER-02
2008-10-11,150.71,10.6,KL-PER-02
2008-10-12,160.06,22.5,KL-PER-02
2008-10-13,173.18,24.6,KL-PER-02
2008-10-14,186.5,11.9,KL-PER-02
2008-10-15,197.15,12.7,KL-PER-02
2008-10-16,203.17,7.8,KL-PER-02
2008-10-17,202.7,7.5,KL-PER-02
2008-10-18,207.93,32.7,KL-PER-02
2008-10-19,219.29,14.1,KL-PER-02
2008-10-20,245.04,27.0,KL-PER-02
2008-10-21,282.14,13.5,KL-PER-02
2008-10-22,301.69,13.1,KL-PER-02
2008-10-23,307.32,18.4,KL-PER-02
2008-10-24,313.05,21.2,KL-PER-02
2008-10-25,316.69,20.6,KL-PER-02
2008-10-26,310.89,6.5,KL-PER-02
2008-10-27,299.61,3.4,KL-PER-02
2008-10-28,284.76,3.3,KL-PER-02
2008-10-29,268.77,0.8,KL-PER-02
2008-10-30,254.27,0.4,KL-PER-02
2008-10-31,242.78,0.5,KL-PER-02
2008-11-01,233.42,4.0,KL-PER-02
2008-11-02,223.39,0.1,KL-PER-02
2008-11-03,212.3,0.0,KL-PER-02
2008-11-04,200.37,0.0,KL-PER-02
2008-11-05,189.55,0.1,KL-PER-02
2008-11-06,180.13,0.8,KL-PER-02
2008-11-07,171.19,0.0,KL-PER-02
2008-11-08,164.2,1.8,KL-PER-02
2008-11-09,160.06,1.8,KL-PER-02
2008-11-10,156.04,1.1,KL-PER-02
2008-11-11,151.76,0.8,KL-PER-02
2008-11-12,146.57,2.9,KL-PER-02
2008-11-13,140.91,1.5,KL-PER-02
2008-11-14,136.09,1.6,KL-PER-02
2008-11-15,131.74,0.1,KL-PER-02
2008-11-16,127.53,4.3,KL-PER-02
2008-11-17,124.89,8.7,KL-PER-02
2008-11-18,124.31,8.8,KL-PER-02
2008-11-19,124.31,2.4,KL-PER-02
2008-11-20,126.35,15.0,KL-PER-02
2008-11-21,128.42,6.6,KL-PER-02
2008-11-22,135.14,19.3,KL-PER-02
2008-11-23,161.55,28.6,KL-PER-02
2008-11-24,193.98,1.6,KL-PER-02
2008-11-25,215.77,0.0,KL-PER-02
2008-11-26,220.82,0.4,KL-PER-02
2008-11-27,213.29,6.4,KL-PER-02
2008-11-28,202.24,15.0,KL-PER-02
2008-11-29,199.45,13.9,KL-PER-02
2008-11-30,210.35,13.3,KL-PER-02
2008-12-01,219.29,0.2,KL-PER-02
2008-12-02,214.28,1.5,KL-PER-02
2008-12-03,204.59,0.0,KL-PER-02
2008-12-04,191.31,0.0,KL-PER-02
2008-12-05,179.3,0.0,KL-PER-02
2008-12-06,169.61,0.0,KL-PER-02
2008-12-07,161.93,0.1,KL-PER-02
2008-12-08,160.81,5.0,KL-PER-02
2008-12-09,173.98,15.8,KL-PER-02
2008-12-10,187.8,8.4,KL-PER-02
2008-12-11,188.67,1.5,KL-PER-02
2008-12-12,182.65,0.0,KL-PER-02
2008-12-13,173.18,0.1,KL-PER-02
2008-12-14,163.82,1.6,KL-PER-02
2008-12-15,157.12,0.2,KL-PER-02
2008-12-16,155.68,0.0,KL-PER-02
2008-12-17,153.88,0.0,KL-PER-02
2008-12-18,148.97,3.2,KL-PER-02
2008-12-19,147.25,0.0,KL-PER-02
2008-12-20,145.89,0.0,KL-PER-02
2008-12-21,139.6,0.0,KL-PER-02
2008-12-22,132.66,0.0,KL-PER-02
2008-12-23,126.35,0.0,KL-PER-02
2008-12-24,120.34,0.0,KL-PER-02
2008-12-25,114.08,0.0,KL-PER-02
2008-12-26,108.4,0.0,KL-PER-02
2008-12-27,102.75,0.0,KL-PER-02
2008-12-28,97.4,0.0,KL-PER-02
2008-12-29,92.54,0.0,KL-PER-02
2008-12-30,88.13,0.0,KL-PER-02
2008-12-31,84.11,0.0,KL-PER-02
2009-01-01,80.28,0.0,KL-PER-02
2009-01-02,76.62,0.0,KL-PER-02
2009-01-03,73.47,0.0,KL-PER-02
2009-01-04,70.45,0.0,KL-PER-02
2009-01-05,67.87,0.0,KL-PER-02
2009-01-06,65.37,0.0,KL-PER-02
2009-01-07,63.27,0.0,KL-PER-02
2009-01-08,61.37,0.0,KL-PER-02
2009-01-09,59.67,0.0,KL-PER-02
2009-01-10,57.88,0.0,KL-PER-02
2009-01-11,51.0,0.0,KL-PER-02
2009-01-12,45.67,0.0,KL-PER-02
2009-01-13,43.26,0.0,KL-PER-02
2009-01-14,41.56,0.0,KL-PER-02
2009-01-15,40.4,0.0,KL-PER-02
2009-01-16,39.18,0.0,KL-PER-02
2009-01-17,37.9,0.0,KL-PER-02
2009-01-18,36.67,0.0,KL-PER-02
2009-01-19,35.73,0.0,KL-PER-02
2009-01-20,34.81,0.0,KL-PER-02
2009-01-21,35.39,0.0,KL-PER-02
2009-01-22,36.07,0.0,KL-PER-02
2009-01-23,35.73,0.0,KL-PER-02
2009-01-24,35.22,0.0,KL-PER-02
2009-01-25,34.73,0.0,KL-PER-02
2009-01-26,34.73,0.0,KL-PER-02
2009-01-27,36.84,6.7,KL-PER-02
2009-01-28,40.3,3.5,KL-PER-02
2009-01-29,41.66,0.0,KL-PER-02
2009-01-30,40.69,0.0,KL-PER-02
2009-01-31,41.95,0.0,KL-PER-02
2009-02-01,43.26,0.0,KL-PER-02
2009-02-02,42.75,0.0,KL-PER-02
2009-02-03,41.95,0.0,KL-PER-02
2009-02-04,41.36,0.0,KL-PER-02
2009-02-05,40.88,0.0,KL-PER-02
2009-02-06,40.4,0.0,KL-PER-02
2009-02-07,40.02,0.9,KL-PER-02
2009-02-08,39.64,1.4,KL-PER-02
2009-02-09,39.46,0.0,KL-PER-02
2009-02-10,39.27,0.0,KL-PER-02
2009-02-11,38.99,0.0,KL-PER-02
2009-02-12,38.99,0.4,KL-PER-02
2009-02-13,38.9,0.1,KL-PER-02
2009-02-14,38.72,0.0,KL-PER-02
2009-02-15,38.54,0.3,KL-PER-02
2009-02-16,38.36,0.0,KL-PER-02
2009-02-17,38.17,0.0,KL-PER-02
2009-02-18,38.08,0.0,KL-PER-02
2009-02-19,37.9,0.0,KL-PER-02
2009-02-20,37.73,0.0,KL-PER-02
2009-02-21,37.64,0.0,KL-PER-02
2009-02-22,37.64,0.0,KL-PER-02
2009-02-23,37.64,0.2,KL-PER-02
2009-02-24,37.73,0.2,KL-PER-02
2009-02-25,37.64,0.2,KL-PER-02
2009-02-26,37.37,0.0,KL-PER-02
2009-02-27,37.02,0.0,KL-PER-02
2009-02-28,36.84,0.6,KL-PER-02
2009-03-01,36.67,0.0,KL-PER-02
2009-03-02,36.58,0.0,KL-PER-02
2009-03-03,36.76,0.1,KL-PER-02
2009-03-04,36.93,0.1,KL-PER-02
2009-03-05,36.76,0.0,KL-PER-02
2009-03-06,36.58,0.0,KL-PER-02
2009-03-07,36.41,0.0,KL-PER-02
2009-03-08,36.5,0.0,KL-PER-02
2009-03-09,37.46,0.8,KL-PER-02
2009-03-10,37.9,1.0,KL-PER-02
2009-03-11,40.3,21.4,KL-PER-02
2009-03-12,46.64,21.2,KL-PER-02
2009-03-13,51.48,16.7,KL-PER-02
2009-03-14,56.28,30.6,KL-PER-02
2009-03-15,59.26,14.1,KL-PER-02
2009-03-16,58.29,3.8,KL-PER-02
2009-03-17,56.02,7.0,KL-PER-02
2009-03-18,53.95,0.0,KL-PER-02
2009-03-19,51.72,0.9,KL-PER-02
2009-03-20,49.82,0.5,KL-PER-02
2009-03-21,48.66,0.0,KL-PER-02
2009-03-22,49.58,11.9,KL-PER-02
2009-03-23,51.48,4.8,KL-PER-02
2009-03-24,54.59,11.5,KL-PER-02
2009-03-25,55.49,0.9,KL-PER-02
2009-03-26,55.1,3.4,KL-PER-02
2009-03-27,56.28,10.4,KL-PER-02
2009-03-28,60.09,10.9,KL-PER-02
2009-03-29,61.66,3.1,KL-PER-02
2009-03-30,60.8,2.0,KL-PER-02
2009-03-31,59.26,0.0,KL-PER-02
2009-04-01,57.75,4.5,KL-PER-02
2009-04-02,56.81,0.6,KL-PER-02
2009-04-03,56.02,0.0,KL-PER-02
2009-04-04,54.72,0.0,KL-PER-02
2009-04-05,53.58,0.0,KL-PER-02
2009-04-06,52.58,0.0,KL-PER-02
2009-04-07,64.77,40.1,KL-PER-02
2009-04-08,74.34,2.9,KL-PER-02
2009-04-09,73.47,1.8,KL-PER-02
2009-04-10,73.13,4.4,KL-PER-02
2009-04-11,74.34,1.1,KL-PER-02
2009-04-12,73.47,0.1,KL-PER-02
2009-04-13,71.11,5.0,KL-PER-02
2009-04-14,67.87,0.5,KL-PER-02
2009-04-15,67.08,12.7,KL-PER-02
2009-04-16,67.39,4.1,KL-PER-02
2009-04-17,67.71,1.7,KL-PER-02
2009-04-18,67.23,0.0,KL-PER-02
2009-04-19,67.55,3.6,KL-PER-02
2009-04-20,69.31,5.8,KL-PER-02
2009-04-21,73.3,19.7,KL-PER-02
2009-04-22,78.98,15.0,KL-PER-02
2009-04-23,83.14,6.3,KL-PER-02
2009-04-24,86.9,11.1,KL-PER-02
2009-04-25,88.95,0.3,KL-PER-02
2009-04-26,91.68,0.0,KL-PER-02
2009-04-27,94.72,0.9,KL-PER-02
2009-04-28,96.5,5.5,KL-PER-02
2009-04-29,98.31,3.2,KL-PER-02
2009-04-30,105.66,20.9,KL-PER-02
2009-05-01,108.14,2.2,KL-PER-02
2009-05-02,106.15,2.7,KL-PER-02
2009-05-03,102.04,0.0,KL-PER-02
2009-05-04,98.08,0.0,KL-PER-02
2009-05-05,95.38,0.0,KL-PER-02
2009-05-06,94.5,6.3,KL-PER-02
2009-05-07,94.28,2.5,KL-PER-02
2009-05-08,97.63,19.8,KL-PER-02
2009-05-09,99.0,5.6,KL-PER-02
2009-05-10,101.09,14.0,KL-PER-02
2009-05-11,102.51,1.4,KL-PER-02
2009-05-12,103.71,3.6,KL-PER-02
2009-05-13,103.71,6.4,KL-PER-02
2009-05-14,102.99,1.1,KL-PER-02
2009-05-15,103.23,12.3,KL-PER-02
2009-05-16,106.65,24.5,KL-PER-02
2009-05-17,109.41,8.6,KL-PER-02
2009-05-18,112.76,7.9,KL-PER-02
2009-05-19,138.64,49.0,KL-PER-02
2009-05-20,163.82,24.4,KL-PER-02
2009-05-21,176.01,22.6,KL-PER-02
2009-05-22,180.97,23.4,KL-PER-02
2009-05-23,181.39,7.8,KL-PER-02
2009-05-24,186.93,26.5,KL-PER-02
2009-05-25,194.43,15.1,KL-PER-02
2009-05-26,195.34,2.8,KL-PER-02
2009-05-27,191.75,18.4,KL-PER-02
2009-05-28,184.35,3.1,KL-PER-02
2009-05-29,175.6,7.8,KL-PER-02
2009-05-30,176.01,24.3,KL-PER-02
2009-05-31,179.3,10.4,KL-PER-02
2009-06-01,179.3,5.6,KL-PER-02
2009-06-02,173.58,4.8,KL-PER-02
2009-06-03,166.88,5.0,KL-PER-02
2009-06-04,161.93,8.6,KL-PER-02
2009-06-05,185.21,48.7,KL-PER-02
2009-06-06,357.1,63.4,KL-PER-02
2009-06-07,456.09,37.7,KL-PER-02
2009-06-08,429.53,11.6,KL-PER-02
2009-06-09,390.74,2.1,KL-PER-02
2009-06-10,357.1,3.7,KL-PER-02
2009-06-11,331.66,9.6,KL-PER-02
2009-06-12,316.69,11.6,KL-PER-02
2009-06-13,313.05,24.3,KL-PER-02
2009-06-14,308.03,14.5,KL-PER-02
2009-06-15,301.0,15.8,KL-PER-02
2009-06-16,292.76,20.1,KL-PER-02
2009-06-17,288.73,18.6,KL-PER-02
2009-06-18,298.23,26.0,KL-PER-02
2009-06-19,307.32,9.8,KL-PER-02
2009-06-20,303.09,5.7,KL-PER-02
2009-06-21,292.09,6.5,KL-PER-02
2009-06-22,288.07,31.0,KL-PER-02
2009-06-23,286.74,19.8,KL-PER-02
2009-06-24,285.42,20.2,KL-PER-02
2009-06-25,288.73,21.5,KL-PER-02
2009-06-26,305.2,37.2,KL-PER-02
2009-06-27,322.59,27.6,KL-PER-02
2009-06-28,325.59,18.6,KL-PER-02
2009-06-29,348.14,46.8,KL-PER-02
2009-06-30,462.45,52.9,KL-PER-02
2009-07-01,556.19,33.6,KL-PER-02
2009-07-02,602.95,38.3,KL-PER-02
2009-07-03,678.2,54.3,KL-PER-02
2009-07-04,742.02,43.4,KL-PER-02
2009-07-05,791.5,36.4,KL-PER-02
2009-07-06,840.4,62.6,KL-PER-02
2009-07-07,804.38,16.8,KL-PER-02
2009-07-08,800.68,39.5,KL-PER-02
2009-07-09,778.83,12.3,KL-PER-02
2009-07-10,733.51,4.8,KL-PER-02
2009-07-11,684.49,4.3,KL-PER-02
2009-07-12,640.21,6.4,KL-PER-02
2009-07-13,608.54,18.1,KL-PER-02
2009-07-14,600.17,19.3,KL-PER-02
2009-07-15,671.98,56.0,KL-PER-02
2009-07-16,777.04,36.3,KL-PER-02
2009-07-17,1015.25,51.4,KL-PER-02
2009-07-18,1005.93,11.5,KL-PER-02
2009-07-19,898.5,23.9,KL-PER-02
2009-07-20,821.24,12.0,KL-PER-02
2009-07-21,768.13,7.9,KL-PER-02
2009-07-22,721.77,9.5,KL-PER-02
2009-07-23,679.77,9.4,KL-PER-02
2009-07-24,638.73,0.5,KL-PER-02
2009-07-25,598.79,1.5,KL-PER-02
2009-07-26,561.34,1.7,KL-PER-02
2009-07-27,532.33,21.4,KL-PER-02
2009-07-28,507.16,4.2,KL-PER-02
2009-07-29,487.65,25.8,KL-PER-02
2009-07-30,471.06,11.9,KL-PER-02
2009-07-31,478.73,42.3,KL-PER-02
2009-08-01,489.91,26.3,KL-PER-02
2009-08-02,483.17,4.1,KL-PER-02
2009-08-03,461.38,5.7,KL-PER-02
2009-08-04,435.52,4.4,KL-PER-02
2009-08-05,414.91,8.1,KL-PER-02
2009-08-06,398.94,16.9,KL-PER-02
2009-08-07,383.59,3.7,KL-PER-02
2009-08-08,363.75,2.7,KL-PER-02
2009-08-09,345.74,3.8,KL-PER-02
2009-08-10,330.13,5.1,KL-PER-02
2009-08-11,319.63,17.2,KL-PER-02
2009-08-12,308.74,2.3,KL-PER-02
2009-08-13,294.8,1.6,KL-PER-02
2009-08-14,288.73,24.8,KL-PER-02
2009-08-15,288.73,8.9,KL-PER-02
2009-08-16,288.07,14.9,KL-PER-02
2009-08-17,292.09,20.0,KL-PER-02
2009-08-18,293.44,6.4,KL-PER-02
2009-08-19,310.17,12.2,KL-PER-02
2009-08-20,362.08,58.7,KL-PER-02
2009-08-21,393.46,29.7,KL-PER-02
2009-08-22,389.84,17.5,KL-PER-02
2009-08-23,385.37,33.9,KL-PER-02
2009-08-24,380.07,10.6,KL-PER-02
2009-08-25,367.98,9.0,KL-PER-02
2009-08-26,361.24,24.3,KL-PER-02
2009-08-27,356.27,13.2,KL-PER-02
2009-08-28,347.34,8.9,KL-PER-02
2009-08-29,334.74,5.1,KL-PER-02
2009-08-30,318.15,6.1,KL-PER-02
2009-08-31,310.17,14.1,KL-PER-02
2009-09-01,336.29,32.7,KL-PER-02
2009-09-02,373.11,20.5,KL-PER-02
2009-09-03,397.11,24.2,KL-PER-02
2009-09-04,430.52,30.4,KL-PER-02
2009-09-05,499.03,41.7,KL-PER-02
2009-09-06,570.48,32.3,KL-PER-02
2009-09-07,579.76,14.3,KL-PER-02
2009-09-08,554.9,10.7,KL-PER-02
2009-09-09,521.4,2.4,KL-PER-02
2009-09-10,486.53,0.8,KL-PER-02
2009-09-11,453.99,1.7,KL-PER-02
2009-09-12,425.58,2.2,KL-PER-02
2009-09-13,416.83,11.5,KL-PER-02
2009-09-14,450.86,10.6,KL-PER-02
2009-09-15,465.66,12.4,KL-PER-02
2009-09-16,449.82,13.2,KL-PER-02
2009-09-17,437.53,27.8,KL-PER-02
2009-09-18,482.06,46.4,KL-PER-02
2009-09-19,496.74,22.4,KL-PER-02
2009-09-20,482.06,17.1,KL-PER-02
2009-09-21,461.38,5.8,KL-PER-02
2009-09-22,446.71,12.3,KL-PER-02
2009-09-23,434.51,9.1,KL-PER-02
2009-09-24,415.87,1.5,KL-PER-02
2009-09-25,395.28,5.3,KL-PER-02
2009-09-26,385.37,25.1,KL-PER-02
2009-09-27,382.71,13.3,KL-PER-02
2009-09-28,377.44,9.9,KL-PER-02
2009-09-29,367.98,9.3,KL-PER-02
2009-09-30,362.08,15.9,KL-PER-02
2009-10-01,467.81,31.4,KL-PER-02
2009-10-02,726.78,62.5,KL-PER-02
2009-10-03,773.46,27.9,KL-PER-02
2009-10-04,697.23,8.9,KL-PER-02
2009-10-05,625.61,2.6,KL-PER-02
2009-10-06,569.16,2.5,KL-PER-02
2009-10-07,525.02,0.3,KL-PER-02
2009-10-08,487.65,1.1,KL-PER-02
2009-10-09,456.09,0.2,KL-PER-02
2009-10-10,427.55,0.0,KL-PER-02
2009-10-11,401.72,0.0,KL-PER-02
2009-10-12,391.65,16.2,KL-PER-02
2009-10-13,403.58,5.9,KL-PER-02
2009-10-14,413.0,10.4,KL-PER-02
2009-10-15,412.05,6.7,KL-PER-02
2009-10-16,407.32,8.2,KL-PER-02
2009-10-17,400.79,1.0,KL-PER-02
2009-10-18,384.48,1.8,KL-PER-02
2009-10-19,365.44,9.2,KL-PER-02
2009-10-20,350.56,0.9,KL-PER-02
2009-10-21,336.29,2.3,KL-PER-02
2009-10-22,321.11,2.8,KL-PER-02
2009-10-23,305.2,0.2,KL-PER-02
2009-10-24,288.73,0.7,KL-PER-02
2009-10-25,271.9,11.5,KL-PER-02
2009-10-26,262.03,0.4,KL-PER-02
2009-10-27,253.1,1.4,KL-PER-02
2009-10-28,243.91,9.0,KL-PER-02
2009-10-29,237.23,6.7,KL-PER-02
2009-10-30,232.88,3.7,KL-PER-02
2009-10-31,228.61,0.2,KL-PER-02
2009-11-01,227.56,1.1,KL-PER-02
2009-11-02,224.94,1.4,KL-PER-02
2009-11-03,218.28,1.1,KL-PER-02
2009-11-04,218.79,4.7,KL-PER-02
2009-11-05,228.09,3.0,KL-PER-02
2009-11-06,253.68,15.9,KL-PER-02
2009-11-07,476.53,70.5,KL-PER-02
2009-11-08,713.5,39.6,KL-PER-02
2009-11-09,800.68,20.3,KL-PER-02
2009-11-10,728.46,7.5,KL-PER-02
2009-11-11,627.06,2.1,KL-PER-02
2009-11-12,554.9,2.5,KL-PER-02
2009-11-13,527.45,11.5,KL-PER-02
2009-11-14,533.56,17.5,KL-PER-02
2009-11-15,565.24,19.2,KL-PER-02
2009-11-16,574.44,7.9,KL-PER-02
2009-11-17,548.54,0.0,KL-PER-02
2009-11-18,513.04,3.8,KL-PER-02
2009-11-19,483.17,17.6,KL-PER-02
2009-11-20,463.52,13.1,KL-PER-02
2009-11-21,457.14,20.5,KL-PER-02
2009-11-22,458.2,7.6,KL-PER-02
2009-11-23,451.9,2.7,KL-PER-02
2009-11-24,432.51,8.4,KL-PER-02
2009-11-25,414.91,2.4,KL-PER-02
2009-11-26,397.11,0.1,KL-PER-02
2009-11-27,374.84,0.0,KL-PER-02
2009-11-28,352.18,0.0,KL-PER-02
2009-11-29,330.89,0.0,KL-PER-02
2009-11-30,310.89,0.8,KL-PER-02
2009-12-01,310.17,17.0,KL-PER-02
2009-12-02,315.96,9.4,KL-PER-02
2009-12-03,313.77,9.6,KL-PER-02
2009-12-04,306.61,7.4,KL-PER-02
2009-12-05,298.23,4.0,KL-PER-02
2009-12-06,284.76,1.2,KL-PER-02
2009-12-07,269.4,0.0,KL-PER-02
2009-12-08,253.68,0.0,KL-PER-02
2009-12-09,238.33,0.0,KL-PER-02
2009-12-10,224.42,0.0,KL-PER-02
2009-12-11,211.32,0.0,KL-PER-02
2009-12-12,198.99,0.0,KL-PER-02
2009-12-13,188.23,0.0,KL-PER-02
2009-12-14,178.89,0.2,KL-PER-02
2009-12-15,173.58,0.0,KL-PER-02
2009-12-16,186.07,7.6,KL-PER-02
2009-12-17,214.28,0.8,KL-PER-02
2009-12-18,218.28,0.0,KL-PER-02
2009-12-19,209.38,0.0,KL-PER-02
2009-12-20,199.45,0.0,KL-PER-02
2009-12-21,190.87,0.2,KL-PER-02
2009-12-22,185.21,0.5,KL-PER-02
2009-12-23,180.97,0.0,KL-PER-02
2009-12-24,177.24,0.0,KL-PER-02
2009-12-25,171.19,0.4,KL-PER-02
2009-12-26,162.68,1.0,KL-PER-02
2009-12-27,158.59,10.7,KL-PER-02
2009-12-28,164.2,9.3,KL-PER-02
2009-12-29,172.78,5.8,KL-PER-02
2009-12-30,173.58,0.9,KL-PER-02
2009-12-31,166.49,0.0,KL-PER-02
2010-01-01,157.49,0.0,KL-PER-02
2010-01-02,148.97,0.0,KL-PER-02
2010-01-03,141.89,0.0,KL-PER-02
2010-01-04,135.14,0.0,KL-PER-02
2010-01-05,128.42,0.0,KL-PER-02
2010-01-06,121.74,0.0,KL-PER-02
2010-01-07,115.41,0.0,KL-PER-02
2010-01-08,109.41,0.0,KL-PER-02
2010-01-09,104.44,0.0,KL-PER-02
2010-01-10,103.23,17.3,KL-PER-02
2010-01-11,99.23,0.0,KL-PER-02
2010-01-12,96.5,8.6,KL-PER-02
2010-01-13,95.83,14.5,KL-PER-02
2010-01-14,95.38,0.0,KL-PER-02
2010-01-15,93.19,0.0,KL-PER-02
2010-01-16,88.33,0.0,KL-PER-02
2010-01-17,83.33,0.0,KL-PER-02
2010-01-18,78.62,0.0,KL-PER-02
2010-01-19,74.34,0.0,KL-PER-02
2010-01-20,70.61,2.0,KL-PER-02
2010-01-21,67.55,0.0,KL-PER-02
2010-01-22,64.77,0.0,KL-PER-02
2010-01-23,61.81,0.0,KL-PER-02
2010-01-24,59.12,0.0,KL-PER-02
2010-01-25,56.81,0.0,KL-PER-02
2010-01-26,54.72,0.3,KL-PER-02
2010-01-27,52.46,0.0,KL-PER-02
2010-01-28,50.52,0.0,KL-PER-02
2010-01-29,48.77,0.2,KL-PER-02
2010-01-30,47.19,0.0,KL-PER-02
2010-01-31,48.89,0.0,KL-PER-02
2010-02-01,50.29,0.0,KL-PER-02
2010-02-02,49.7,0.2,KL-PER-02
2010-02-03,48.66,0.0,KL-PER-02
2010-02-04,47.53,0.0,KL-PER-02
2010-02-05,46.64,0.0,KL-PER-02
2010-02-06,45.88,0.0,KL-PER-02
2010-02-07,44.92,0.0,KL-PER-02
2010-02-08,44.08,0.0,KL-PER-02
2010-02-09,43.36,0.0,KL-PER-02
2010-02-10,43.26,0.0,KL-PER-02
2010-02-11,43.57,0.0,KL-PER-02
2010-02-12,42.95,0.0,KL-PER-02
2010-02-13,41.85,0.2,KL-PER-02
2010-02-14,41.27,0.0,KL-PER-02
2010-02-15,40.88,0.0,KL-PER-02
2010-02-16,40.3,0.0,KL-PER-02
2010-02-17,39.93,0.0,KL-PER-02
2010-02-18,39.83,0.4,KL-PER-02
2010-02-19,40.11,0.0,KL-PER-02
2010-02-20,39.74,0.5,KL-PER-02
2010-02-21,38.99,0.0,KL-PER-02
2010-02-22,38.54,0.2,KL-PER-02
2010-02-23,38.45,0.4,KL-PER-02
2010-02-24,39.09,6.2,KL-PER-02
2010-02-25,39.74,0.0,KL-PER-02
2010-02-26,40.02,2.6,KL-PER-02
2010-02-27,39.83,0.0,KL-PER-02
2010-02-28,39.36,0.7,KL-PER-02
2010-03-01,38.9,0.2,KL-PER-02
2010-03-02,38.54,0.0,KL-PER-02
2010-03-03,38.17,0.0,KL-PER-02
2010-03-04,38.17,0.6,KL-PER-02
2010-03-05,38.63,1.6,KL-PER-02
2010-03-06,38.99,2.1,KL-PER-02
2010-03-07,38.9,0.0,KL-PER-02
2010-03-08,38.45,0.0,KL-PER-02
2010-03-09,38.08,1.4,KL-PER-02
2010-03-10,38.36,0.0,KL-PER-02
2010-03-11,38.45,0.0,KL-PER-02
2010-03-12,37.99,0.0,KL-PER-02
2010-03-13,37.73,0.0,KL-PER-02
2010-03-14,37.46,0.0,KL-PER-02
2010-03-15,37.37,0.1,KL-PER-02
2010-03-16,40.02,14.7,KL-PER-02
2010-03-17,41.07,0.0,KL-PER-02
2010-03-18,39.74,0.0,KL-PER-02
2010-03-19,38.81,0.0,KL-PER-02
2010-03-20,38.17,0.0,KL-PER-02
2010-03-21,37.82,0.0,KL-PER-02
2010-03-22,37.64,0.0,KL-PER-02
2010-03-23,37.37,0.0,KL-PER-02
2010-03-24,37.28,0.2,KL-PER-02
2010-03-25,37.02,0.3,KL-PER-02
2010-03-26,37.37,0.4,KL-PER-02
2010-03-27,41.56,4.3,KL-PER-02
2010-03-28,44.6,3.2,KL-PER-02
2010-03-29,45.24,5.4,KL-PER-02
2010-03-30,47.31,8.3,KL-PER-02
2010-03-31,48.77,3.6,KL-PER-02
2010-04-01,48.55,0.3,KL-PER-02
2010-04-02,47.53,0.0,KL-PER-02
2010-04-03,47.19,2.4,KL-PER-02
2010-04-04,49.23,4.5,KL-PER-02
2010-04-05,59.53,37.6,KL-PER-02
2010-04-06,69.96,12.7,KL-PER-02
2010-04-07,74.16,3.1,KL-PER-02
2010-04-08,71.78,0.2,KL-PER-02
2010-04-09,71.11,3.2,KL-PER-02
2010-04-10,70.29,0.3,KL-PER-02
2010-04-11,68.66,0.1,KL-PER-02
2010-04-12,67.39,3.1,KL-PER-02
2010-04-13,67.39,2.3,KL-PER-02
2010-04-14,69.63,12.7,KL-PER-02
2010-04-15,71.78,3.6,KL-PER-02
2010-04-16,75.03,6.3,KL-PER-02
2010-04-17,80.85,10.7,KL-PER-02
2010-04-18,84.9,5.8,KL-PER-02
2010-04-19,85.7,4.2,KL-PER-02
2010-04-20,93.41,13.5,KL-PER-02
2010-04-21,103.95,2.4,KL-PER-02
2010-04-22,107.14,3.6,KL-PER-02
2010-04-23,112.76,20.2,KL-PER-02
2010-04-24,117.85,9.3,KL-PER-02
2010-04-25,121.18,9.1,KL-PER-02
2010-04-26,126.64,14.3,KL-PER-02
2010-04-27,130.83,3.9,KL-PER-02
2010-04-28,132.97,7.0,KL-PER-02
2010-04-29,134.21,7.3,KL-PER-02
2010-04-30,152.11,14.5,KL-PER-02
2010-05-01,173.58,15.4,KL-PER-02
2010-05-02,181.39,22.3,KL-PER-02
2010-05-03,181.81,7.5,KL-PER-02
2010-05-04,179.3,1.2,KL-PER-02
2010-05-05,173.18,1.6,KL-PER-02
2010-05-06,165.34,0.3,KL-PER-02
2010-05-07,160.44,5.4,KL-PER-02
2010-05-08,160.81,4.8,KL-PER-02
2010-05-09,163.44,9.9,KL-PER-02
2010-05-10,161.93,2.0,KL-PER-02
2010-05-11,157.85,2.8,KL-PER-02
2010-05-12,156.04,8.3,KL-PER-02
2010-05-13,156.76,8.5,KL-PER-02
2010-05-14,157.49,8.1,KL-PER-02
2010-05-15,155.31,2.9,KL-PER-02
2010-05-16,155.68,10.5,KL-PER-02
2010-05-17,161.55,16.1,KL-PER-02
2010-05-18,166.88,8.5,KL-PER-02
2010-05-19,168.04,9.5,KL-PER-02
2010-05-20,195.79,54.9,KL-PER-02
2010-05-21,214.77,12.1,KL-PER-02
2010-05-22,211.81,6.2,KL-PER-02
2010-05-23,203.64,19.7,KL-PER-02
2010-05-24,205.06,20.6,KL-PER-02
2010-05-25,209.38,12.6,KL-PER-02
2010-05-26,210.84,10.3,KL-PER-02
2010-05-27,208.89,11.8,KL-PER-02
2010-05-28,207.93,14.3,KL-PER-02
2010-05-29,205.54,7.8,KL-PER-02
2010-05-30,205.54,22.1,KL-PER-02
2010-05-31,204.59,7.2,KL-PER-02
2010-06-01,198.99,2.8,KL-PER-02
2010-06-02,193.98,14.0,KL-PER-02
2010-06-03,193.54,9.9,KL-PER-02
2010-06-04,198.53,17.9,KL-PER-02
2010-06-05,217.27,37.4,KL-PER-02
2010-06-06,235.05,12.2,KL-PER-02
2010-06-07,245.6,21.0,KL-PER-02
2010-06-08,257.82,25.2,KL-PER-02
2010-06-09,276.97,23.1,KL-PER-02
2010-06-10,303.79,31.5,KL-PER-02
2010-06-11,477.63,63.5,KL-PER-02
2010-06-12,809.96,65.0,KL-PER-02
2010-06-13,980.75,49.6,KL-PER-02
2010-06-14,923.7,41.7,KL-PER-02
2010-06-15,808.1,2.8,KL-PER-02
2010-06-16,711.85,5.7,KL-PER-02
2010-06-17,655.15,33.6,KL-PER-02
2010-06-18,617.02,11.5,KL-PER-02
2010-06-19,583.79,16.4,KL-PER-02
2010-06-20,551.08,2.9,KL-PER-02
2010-06-21,519.0,1.7,KL-PER-02
2010-06-22,491.04,9.9,KL-PER-02
2010-06-23,521.4,51.6,KL-PER-02
2010-06-24,562.64,30.4,KL-PER-02
2010-06-25,570.48,15.4,KL-PER-02
2010-06-26,558.76,20.6,KL-PER-02
2010-06-27,546.02,26.6,KL-PER-02
2010-06-28,534.8,14.5,KL-PER-02
2010-06-29,527.45,15.4,KL-PER-02
2010-06-30,541.0,38.3,KL-PER-02
2010-07-01,621.3,60.5,KL-PER-02
2010-07-02,649.13,26.9,KL-PER-02
2010-07-03,662.74,42.3,KL-PER-02
2010-07-04,697.23,57.8,KL-PER-02
2010-07-05,745.45,32.3,KL-PER-02
2010-07-06,738.61,5.0,KL-PER-02
2010-07-07,690.83,18.8,KL-PER-02
2010-07-08,646.14,5.1,KL-PER-02
2010-07-09,612.76,3.0,KL-PER-02
2010-07-10,608.54,11.5,KL-PER-02
2010-07-11,604.34,1.4,KL-PER-02
2010-07-12,582.45,13.7,KL-PER-02
2010-07-13,558.76,19.4,KL-PER-02
2010-07-14,531.11,10.6,KL-PER-02
2010-07-15,510.68,20.1,KL-PER-02
2010-07-16,534.8,39.3,KL-PER-02
2010-07-17,583.79,28.2,KL-PER-02
2010-07-18,625.61,30.4,KL-PER-02
2010-07-19,740.31,50.8,KL-PER-02
2010-07-20,759.33,23.2,KL-PER-02
2010-07-21,716.79,21.3,KL-PER-02
2010-07-22,668.88,4.4,KL-PER-02
2010-07-23,624.17,9.6,KL-PER-02
2010-07-24,587.84,12.2,KL-PER-02
2010-07-25,558.76,10.7,KL-PER-02
2010-07-26,533.56,8.2,KL-PER-02
2010-07-27,509.5,13.7,KL-PER-02
2010-07-28,504.82,25.7,KL-PER-02
2010-07-29,533.56,28.2,KL-PER-02
2010-07-30,552.35,26.1,KL-PER-02
2010-07-31,541.0,9.4,KL-PER-02
2010-08-01,514.23,2.6,KL-PER-02
2010-08-02,483.17,10.5,KL-PER-02
2010-08-03,472.15,35.0,KL-PER-02
2010-08-04,466.74,11.4,KL-PER-02
2010-08-05,449.82,4.8,KL-PER-02
2010-08-06,427.55,5.8,KL-PER-02
2010-08-07,408.26,10.3,KL-PER-02
2010-08-08,393.46,21.6,KL-PER-02
2010-08-09,383.59,12.2,KL-PER-02
2010-08-10,374.84,1.0,KL-PER-02
2010-08-11,361.24,7.9,KL-PER-02
2010-08-12,352.18,24.5,KL-PER-02
2010-08-13,358.75,22.4,KL-PER-02
2010-08-14,367.13,21.0,KL-PER-02
2010-08-15,410.15,40.4,KL-PER-02
2010-08-16,510.68,47.9,KL-PER-02
2010-08-17,571.8,36.4,KL-PER-02
2010-08-18,558.76,7.7,KL-PER-02
2010-08-19,519.0,0.9,KL-PER-02
2010-08-20,483.17,8.1,KL-PER-02
2010-08-21,474.34,33.1,KL-PER-02
2010-08-22,472.15,9.6,KL-PER-02
2010-08-23,463.52,14.8,KL-PER-02
2010-08-24,475.43,34.6,KL-PER-02
2010-08-25,538.51,42.7,KL-PER-02
2010-08-26,577.1,21.0,KL-PER-02
2010-08-27,573.12,22.6,KL-PER-02
2010-08-28,556.19,19.8,KL-PER-02
2010-08-29,543.5,17.6,KL-PER-02
2010-08-30,618.44,48.2,KL-PER-02
2010-08-31,643.17,2.7,KL-PER-02
2010-09-01,601.56,0.9,KL-PER-02
2010-09-02,552.35,1.8,KL-PER-02
2010-09-03,515.42,5.6,KL-PER-02
2010-09-04,486.53,1.6,KL-PER-02
2010-09-05,459.26,1.2,KL-PER-02
2010-09-06,434.51,4.6,KL-PER-02
2010-09-07,415.87,16.3,KL-PER-02
2010-09-08,402.65,22.5,KL-PER-02
2010-09-09,389.84,15.8,KL-PER-02
2010-09-10,382.71,27.6,KL-PER-02
2010-09-11,371.39,5.0,KL-PER-02
2010-09-12,357.92,10.6,KL-PER-02
2010-09-13,355.45,20.2,KL-PER-02
2010-09-14,361.24,18.5,KL-PER-02
2010-09-15,368.83,17.3,KL-PER-02
2010-09-16,369.68,15.0,KL-PER-02
2010-09-17,360.41,7.6,KL-PER-02
2010-09-18,348.95,16.1,KL-PER-02
2010-09-19,338.63,3.0,KL-PER-02
2010-09-20,323.34,0.2,KL-PER-02
2010-09-21,311.61,7.1,KL-PER-02
2010-09-22,319.63,18.3,KL-PER-02
2010-09-23,338.63,19.6,KL-PER-02
2010-09-24,348.14,20.7,KL-PER-02
2010-09-25,338.63,0.3,KL-PER-02
2010-09-26,327.1,5.6,KL-PER-02
2010-09-27,326.34,4.3,KL-PER-02
2010-09-28,327.1,0.9,KL-PER-02
2010-09-29,329.37,4.0,KL-PER-02
2010-09-30,337.84,8.3,KL-PER-02
2010-10-01,379.19,34.6,KL-PER-02
2010-10-02,446.71,29.0,KL-PER-02
2010-10-03,464.59,3.2,KL-PER-02
2010-10-04,446.71,3.6,KL-PER-02
2010-10-05,429.53,29.7,KL-PER-02
2010-10-06,430.52,33.1,KL-PER-02
2010-10-07,435.52,16.1,KL-PER-02
2010-10-08,423.62,9.2,KL-PER-02
2010-10-09,405.44,6.7,KL-PER-02
2010-10-10,389.84,2.6,KL-PER-02
2010-10-11,372.25,1.8,KL-PER-02
2010-10-12,353.81,2.6,KL-PER-02
2010-10-13,336.29,3.2,KL-PER-02
2010-10-14,322.59,15.1,KL-PER-02
2010-10-15,314.5,8.3,KL-PER-02
2010-10-16,305.2,4.4,KL-PER-02
2010-10-17,292.76,2.7,KL-PER-02
2010-10-18,278.9,6.3,KL-PER-02
2010-10-19,267.53,7.2,KL-PER-02
2010-10-20,257.82,4.2,KL-PER-02
2010-10-21,254.27,20.7,KL-PER-02
2010-10-22,263.24,36.3,KL-PER-02
2010-10-23,265.69,12.4,KL-PER-02
2010-10-24,255.45,0.5,KL-PER-02
2010-10-25,241.66,1.0,KL-PER-02
2010-10-26,228.61,5.8,KL-PER-02
2010-10-27,226.51,17.2,KL-PER-02
2010-10-28,238.88,11.2,KL-PER-02
2010-10-29,256.04,1.0,KL-PER-02
2010-10-30,270.02,8.4,KL-PER-02
2010-10-31,282.79,7.1,KL-PER-02
2010-11-01,285.42,8.1,KL-PER-02
2010-11-02,275.69,1.0,KL-PER-02
2010-11-03,261.42,1.7,KL-PER-02
2010-11-04,270.02,57.8,KL-PER-02
2010-11-05,287.4,21.1,KL-PER-02
2010-11-06,296.85,11.6,KL-PER-02
2010-11-07,294.12,6.8,KL-PER-02
2010-11-08,283.45,3.1,KL-PER-02
2010-11-09,275.06,16.5,KL-PER-02
2010-11-10,283.45,12.7,KL-PER-02
2010-11-11,312.33,17.8,KL-PER-02
2010-11-12,333.97,1.7,KL-PER-02
2010-11-13,331.66,6.2,KL-PER-02
2010-11-14,318.89,4.9,KL-PER-02
2010-11-15,306.61,8.2,KL-PER-02
2010-11-16,301.0,15.9,KL-PER-02
2010-11-17,300.3,6.2,KL-PER-02
2010-11-18,307.32,11.1,KL-PER-02
2010-11-19,353.0,28.2,KL-PER-02
2010-11-20,403.58,37.4,KL-PER-02
2010-11-21,428.54,21.8,KL-PER-02
2010-11-22,441.59,26.8,KL-PER-02
2010-11-23,444.66,14.6,KL-PER-02
2010-11-24,441.59,9.5,KL-PER-02
2010-11-25,468.89,17.1,KL-PER-02
2010-11-26,496.74,14.7,KL-PER-02
2010-11-27,493.31,5.9,KL-PER-02
2010-11-28,484.29,27.0,KL-PER-02
2010-11-29,474.34,0.7,KL-PER-02
2010-11-30,451.9,0.0,KL-PER-02
2010-12-01,571.8,44.7,KL-PER-02
2010-12-02,670.43,28.0,KL-PER-02
2010-12-03,671.98,2.2,KL-PER-02
2010-12-04,640.21,0.0,KL-PER-02
2010-12-05,598.79,1.5,KL-PER-02
2010-12-06,557.47,0.0,KL-PER-02
2010-12-07,517.8,0.0,KL-PER-02
2010-12-08,486.53,6.9,KL-PER-02
2010-12-09,466.74,1.6,KL-PER-02
2010-12-10,448.78,1.6,KL-PER-02
2010-12-11,424.6,5.2,KL-PER-02
2010-12-12,401.72,0.9,KL-PER-02
2010-12-13,378.31,0.0,KL-PER-02
2010-12-14,354.63,0.0,KL-PER-02
2010-12-15,333.19,1.2,KL-PER-02
2010-12-16,315.23,3.6,KL-PER-02
2010-12-17,301.0,1.4,KL-PER-02
2010-12-18,286.74,0.0,KL-PER-02
2010-12-19,271.27,0.0,KL-PER-02
2010-12-20,256.63,0.8,KL-PER-02
2010-12-21,243.91,0.0,KL-PER-02
2010-12-22,235.05,0.0,KL-PER-02
2010-12-23,225.46,0.0,KL-PER-02
2010-12-24,214.28,0.0,KL-PER-02
2010-12-25,202.7,0.0,KL-PER-02
2010-12-26,191.75,0.0,KL-PER-02
2010-12-27,182.23,0.0,KL-PER-02
2010-12-28,174.39,0.2,KL-PER-02
2010-12-29,167.27,1.0,KL-PER-02
2010-12-30,161.93,0.0,KL-PER-02
2010-12-31,158.59,2.8,KL-PER-02
2011-01-01,156.04,0.6,KL-PER-02
2011-01-02,151.41,0.1,KL-PER-02
2011-01-03,144.55,0.0,KL-PER-02
2011-01-04,139.28,0.0,KL-PER-02
2011-01-05,134.83,0.0,KL-PER-02
2011-01-06,130.22,0.2,KL-PER-02
2011-01-07,126.94,0.0,KL-PER-02
2011-01-08,125.47,0.0,KL-PER-02
2011-01-09,123.17,0.1,KL-PER-02
2011-01-10,120.06,0.8,KL-PER-02
2011-01-11,111.46,0.0,KL-PER-02
2011-01-12,104.44,0.0,KL-PER-02
2011-01-13,99.46,0.0,KL-PER-02
2011-01-14,94.5,0.0,KL-PER-02
2011-01-15,89.57,0.0,KL-PER-02
2011-01-16,85.1,0.0,KL-PER-02
2011-01-17,81.22,0.0,KL-PER-02
2011-01-18,77.34,0.0,KL-PER-02
2011-01-19,73.3,0.0,KL-PER-02
2011-01-20,69.63,0.0,KL-PER-02
2011-01-21,66.92,0.0,KL-PER-02
2011-01-22,64.31,0.0,KL-PER-02
2011-01-23,61.66,0.0,KL-PER-02
2011-01-24,59.26,0.0,KL-PER-02
2011-01-25,56.68,0.0,KL-PER-02
2011-01-26,54.34,0.0,KL-PER-02
2011-01-27,52.58,0.0,KL-PER-02
2011-01-28,51.0,0.0,KL-PER-02
2011-01-29,49.35,0.0,KL-PER-02
2011-01-30,47.98,0.0,KL-PER-02
2011-01-31,49.82,0.0,KL-PER-02
2011-02-01,51.12,0.0,KL-PER-02
2011-02-02,50.29,0.0,KL-PER-02
2011-02-03,49.23,0.0,KL-PER-02
2011-02-04,49.12,0.0,KL-PER-02
2011-02-05,48.32,0.0,KL-PER-02
2011-02-06,46.75,0.0,KL-PER-02
2011-02-07,45.88,0.1,KL-PER-02
2011-02-08,45.34,0.0,KL-PER-02
2011-02-09,44.71,0.0,KL-PER-02
2011-02-10,44.19,0.0,KL-PER-02
2011-02-11,43.87,0.0,KL-PER-02
2011-02-12,43.36,0.0,KL-PER-02
2011-02-13,42.85,0.0,KL-PER-02
2011-02-14,42.25,0.0,KL-PER-02
2011-02-15,41.95,0.0,KL-PER-02
2011-02-16,41.95,0.0,KL-PER-02
2011-02-17,41.66,0.0,KL-PER-02
2011-02-18,41.36,0.0,KL-PER-02
2011-02-19,41.27,0.0,KL-PER-02
2011-02-20,41.07,0.3,KL-PER-02
2011-02-21,41.27,2.3,KL-PER-02
2011-02-22,45.77,29.8,KL-PER-02
2011-02-23,49.35,5.4,KL-PER-02
2011-02-24,52.21,13.4,KL-PER-02
2011-02-25,55.62,10.3,KL-PER-02
2011-02-26,63.57,22.6,KL-PER-02
2011-02-27,69.15,1.1,KL-PER-02
2011-02-28,68.5,0.0,KL-PER-02
2011-03-01,65.07,0.0,KL-PER-02
2011-03-02,61.66,0.0,KL-PER-02
2011-03-03,58.7,0.0,KL-PER-02
2011-03-04,56.15,0.0,KL-PER-02
2011-03-05,54.46,3.0,KL-PER-02
2011-03-06,52.95,0.0,KL-PER-02
2011-03-07,51.72,0.0,KL-PER-02
2011-03-08,50.29,0.0,KL-PER-02
2011-03-09,49.35,0.0,KL-PER-02
2011-03-10,48.43,0.0,KL-PER-02
2011-03-11,47.31,0.0,KL-PER-02
2011-03-12,45.99,0.0,KL-PER-02
2011-03-13,45.13,3.1,KL-PER-02
2011-03-14,44.92,0.6,KL-PER-02
2011-03-15,44.71,0.0,KL-PER-02
2011-03-16,44.19,0.0,KL-PER-02
2011-03-17,43.77,1.4,KL-PER-02
2011-03-18,43.26,0.0,KL-PER-02
2011-03-19,42.65,0.0,KL-PER-02
2011-03-20,42.05,0.0,KL-PER-02
2011-03-21,42.05,0.0,KL-PER-02
2011-03-22,42.05,0.8,KL-PER-02
2011-03-23,41.85,1.1,KL-PER-02
2011-03-24,42.75,5.4,KL-PER-02
2011-03-25,47.19,9.0,KL-PER-02
2011-03-26,53.33,7.0,KL-PER-02
2011-03-27,61.23,23.4,KL-PER-02
2011-03-28,70.29,19.5,KL-PER-02
2011-03-29,76.27,7.3,KL-PER-02
2011-03-30,75.91,0.0,KL-PER-02
2011-03-31,73.64,0.5,KL-PER-02
2011-04-01,71.95,0.4,KL-PER-02
2011-04-02,73.64,8.9,KL-PER-02
2011-04-03,78.07,12.9,KL-PER-02
2011-04-04,80.85,1.6,KL-PER-02
2011-04-05,84.9,5.1,KL-PER-02
2011-04-06,88.95,1.3,KL-PER-02
2011-04-07,89.78,0.1,KL-PER-02
2011-04-08,86.9,0.3,KL-PER-02
2011-04-09,86.3,0.8,KL-PER-02
2011-04-10,88.13,11.8,KL-PER-02
2011-04-11,89.99,3.8,KL-PER-02
2011-04-12,91.47,0.5,KL-PER-02
2011-04-13,93.19,7.9,KL-PER-02
2011-04-14,94.06,3.7,KL-PER-02
2011-04-15,96.5,2.3,KL-PER-02
2011-04-16,97.86,0.6,KL-PER-02
2011-04-17,98.77,6.9,KL-PER-02
2011-04-18,102.28,15.3,KL-PER-02
2011-04-19,109.41,16.7,KL-PER-02
2011-04-20,115.95,4.9,KL-PER-02
2011-04-21,129.92,16.4,KL-PER-02
2011-04-22,151.05,23.7,KL-PER-02
2011-04-23,227.56,53.7,KL-PER-02
2011-04-24,247.31,13.2,KL-PER-02
2011-04-25,242.78,11.5,KL-PER-02
2011-04-26,235.05,3.0,KL-PER-02
2011-04-27,228.09,3.8,KL-PER-02
2011-04-28,220.31,7.7,KL-PER-02
2011-04-29,213.78,2.6,KL-PER-02
2011-04-30,208.41,7.7,KL-PER-02
2011-05-01,203.17,6.2,KL-PER-02
2011-05-02,198.99,7.0,KL-PER-02
2011-05-03,197.61,19.9,KL-PER-02
2011-05-04,201.3,14.2,KL-PER-02
2011-05-05,203.17,2.0,KL-PER-02
2011-05-06,203.64,4.7,KL-PER-02
2011-05-07,200.37,3.3,KL-PER-02
2011-05-08,193.54,0.1,KL-PER-02
2011-05-09,184.35,2.7,KL-PER-02
2011-05-10,174.39,2.5,KL-PER-02
2011-05-11,165.34,4.8,KL-PER-02
2011-05-12,157.49,3.4,KL-PER-02
2011-05-13,151.41,5.2,KL-PER-02
2011-05-14,148.97,8.6,KL-PER-02
2011-05-15,150.71,10.1,KL-PER-02
2011-05-16,153.88,0.5,KL-PER-02
2011-05-17,157.12,9.6,KL-PER-02
2011-05-18,159.69,3.5,KL-PER-02
2011-05-19,161.55,3.7,KL-PER-02
2011-05-20,162.68,4.3,KL-PER-02
2011-05-21,163.82,4.0,KL-PER-02
2011-05-22,165.34,0.4,KL-PER-02
2011-05-23,166.49,19.6,KL-PER-02
2011-05-24,166.49,3.9,KL-PER-02
2011-05-25,170.0,15.6,KL-PER-02
2011-05-26,174.79,8.1,KL-PER-02
2011-05-27,187.8,30.7,KL-PER-02
2011-05-28,208.41,30.0,KL-PER-02
2011-05-29,228.09,26.5,KL-PER-02
2011-05-30,242.22,18.8,KL-PER-02
2011-05-31,252.51,13.3,KL-PER-02
2011-06-01,560.05,95.9,KL-PER-02
2011-06-02,802.53,80.5,KL-PER-02
2011-06-03,745.45,28.1,KL-PER-02
2011-06-04,652.13,13.4,KL-PER-02
2011-06-05,585.14,14.5,KL-PER-02
2011-06-06,542.25,18.0,KL-PER-02
2011-06-07,511.86,6.6,KL-PER-02
2011-06-08,483.17,8.9,KL-PER-02
2011-06-09,456.09,9.9,KL-PER-02
2011-06-10,437.53,21.4,KL-PER-02
2011-06-11,422.64,4.2,KL-PER-02
2011-06-12,407.32,13.2,KL-PER-02
2011-06-13,395.28,13.3,KL-PER-02
2011-06-14,452.94,44.2,KL-PER-02
2011-06-15,480.95,13.3,KL-PER-02
2011-06-16,471.06,18.4,KL-PER-02
2011-06-17,502.5,46.5,KL-PER-02
2011-06-18,514.23,8.9,KL-PER-02
2011-06-19,492.17,6.7,KL-PER-02
2011-06-20,462.45,5.5,KL-PER-02
2011-06-21,432.51,6.6,KL-PER-02
2011-06-22,405.44,4.2,KL-PER-02
2011-06-23,382.71,3.3,KL-PER-02
2011-06-24,366.28,9.2,KL-PER-02
2011-06-25,362.92,16.1,KL-PER-02
2011-06-26,368.83,10.3,KL-PER-02
2011-06-27,373.97,9.7,KL-PER-02
2011-06-28,372.25,4.8,KL-PER-02
2011-06-29,357.92,2.6,KL-PER-02
2011-06-30,341.77,18.0,KL-PER-02
2011-07-01,333.97,22.9,KL-PER-02
2011-07-02,329.37,0.8,KL-PER-02
2011-07-03,318.89,11.3,KL-PER-02
2011-07-04,313.05,37.9,KL-PER-02
2011-07-05,377.44,45.5,KL-PER-02
2011-07-06,427.55,21.3,KL-PER-02
2011-07-07,432.51,13.3,KL-PER-02
2011-07-08,412.05,6.6,KL-PER-02
2011-07-09,386.26,4.6,KL-PER-02
2011-07-10,366.28,4.9,KL-PER-02
2011-07-11,358.75,27.7,KL-PER-02
2011-07-12,394.37,19.2,KL-PER-02
2011-07-13,419.73,6.1,KL-PER-02
2011-07-14,422.64,19.0,KL-PER-02
2011-07-15,458.2,34.6,KL-PER-02
2011-07-16,619.87,80.5,KL-PER-02
2011-07-17,745.45,70.2,KL-PER-02
2011-07-18,740.31,29.6,KL-PER-02
2011-07-19,742.02,30.0,KL-PER-02
2011-07-20,720.11,17.4,KL-PER-02
2011-07-21,671.98,22.7,KL-PER-02
2011-07-22,627.06,17.4,KL-PER-02
2011-07-23,590.56,18.1,KL-PER-02
2011-07-24,571.8,24.3,KL-PER-02
2011-07-25,578.43,33.1,KL-PER-02
2011-07-26,582.45,24.2,KL-PER-02
2011-07-27,579.76,18.6,KL-PER-02
2011-07-28,575.77,26.7,KL-PER-02
2011-07-29,567.85,17.2,KL-PER-02
2011-07-30,558.76,24.6,KL-PER-02
2011-07-31,539.75,9.0,KL-PER-02
2011-08-01,514.23,3.9,KL-PER-02
2011-08-02,493.31,26.9,KL-PER-02
2011-08-03,480.95,24.3,KL-PER-02
2011-08-04,478.73,24.5,KL-PER-02
2011-08-05,502.5,36.7,KL-PER-02
2011-08-06,552.35,46.0,KL-PER-02
2011-08-07,566.54,15.7,KL-PER-02
2011-08-08,553.63,29.5,KL-PER-02
2011-08-09,544.76,36.3,KL-PER-02
2011-08-10,528.66,8.9,KL-PER-02
2011-08-11,510.68,20.7,KL-PER-02
2011-08-12,499.03,23.5,KL-PER-02
2011-08-13,486.53,5.1,KL-PER-02
2011-08-14,464.59,2.0,KL-PER-02
2011-08-15,438.54,11.7,KL-PER-02
2011-08-16,428.54,25.8,KL-PER-02
2011-08-17,431.51,33.6,KL-PER-02
2011-08-18,452.94,35.9,KL-PER-02
2011-08-19,474.34,31.6,KL-PER-02
2011-08-20,525.02,47.9,KL-PER-02
2011-08-21,549.81,31.4,KL-PER-02
2011-08-22,544.76,31.7,KL-PER-02
2011-08-23,542.25,35.6,KL-PER-02
2011-08-24,529.88,21.2,KL-PER-02
2011-08-25,514.23,19.8,KL-PER-02
2011-08-26,494.45,12.9,KL-PER-02
2011-08-27,474.34,7.9,KL-PER-02
2011-08-28,457.14,9.3,KL-PER-02
2011-08-29,446.71,22.5,KL-PER-02
2011-08-30,455.04,26.4,KL-PER-02
2011-08-31,641.69,76.8,KL-PER-02
2011-09-01,728.46,33.4,KL-PER-02
2011-09-02,771.68,64.7,KL-PER-02
2011-09-03,747.17,20.4,KL-PER-02
2011-09-04,690.83,10.0,KL-PER-02
2011-09-05,640.21,9.8,KL-PER-02
2011-09-06,600.17,18.1,KL-PER-02
2011-09-07,567.85,8.9,KL-PER-02
2011-09-08,537.27,15.4,KL-PER-02
2011-09-09,514.23,20.8,KL-PER-02
2011-09-10,502.5,17.6,KL-PER-02
2011-09-11,499.03,27.1,KL-PER-02
2011-09-12,510.68,37.9,KL-PER-02
2011-09-13,605.74,46.5,KL-PER-02
2011-09-14,689.24,44.5,KL-PER-02
2011-09-15,695.63,36.2,KL-PER-02
2011-09-16,661.22,12.2,KL-PER-02
2011-09-17,615.59,1.2,KL-PER-02
2011-09-18,571.8,1.5,KL-PER-02
2011-09-19,536.03,2.5,KL-PER-02
2011-09-20,513.04,30.9,KL-PER-02
2011-09-21,499.03,21.9,KL-PER-02
2011-09-22,477.63,0.8,KL-PER-02
2011-09-23,450.86,0.9,KL-PER-02
2011-09-24,425.58,1.8,KL-PER-02
2011-09-25,401.72,0.3,KL-PER-02
2011-09-26,379.19,0.3,KL-PER-02
2011-09-27,353.0,0.0,KL-PER-02
2011-09-28,330.89,0.0,KL-PER-02
2011-09-29,311.61,0.3,KL-PER-02
2011-09-30,294.8,0.7,KL-PER-02
2011-10-01,282.14,0.8,KL-PER-02
2011-10-02,270.64,0.0,KL-PER-02
2011-10-03,257.82,0.2,KL-PER-02
2011-10-04,243.91,0.1,KL-PER-02
2011-10-05,230.74,0.0,KL-PER-02
2011-10-06,218.79,0.0,KL-PER-02
2011-10-07,208.41,0.5,KL-PER-02
2011-10-08,199.91,0.0,KL-PER-02
2011-10-09,190.43,0.0,KL-PER-02
2011-10-10,180.97,1.3,KL-PER-02
2011-10-11,176.83,0.7,KL-PER-02
2011-10-12,177.24,2.8,KL-PER-02
2011-10-13,179.72,9.1,KL-PER-02
2011-10-14,184.78,10.2,KL-PER-02
2011-10-15,193.54,13.9,KL-PER-02
2011-10-16,208.89,29.8,KL-PER-02
2011-10-17,222.36,9.5,KL-PER-02
2011-10-18,226.51,9.4,KL-PER-02
2011-10-19,224.94,3.0,KL-PER-02
2011-10-20,229.14,7.0,KL-PER-02
2011-10-21,238.33,26.8,KL-PER-02
2011-10-22,245.04,11.7,KL-PER-02
2011-10-23,243.34,5.2,KL-PER-02
2011-10-24,238.88,9.0,KL-PER-02
2011-10-25,243.91,8.2,KL-PER-02
2011-10-26,254.86,13.2,KL-PER-02
2011-10-27,266.92,13.3,KL-PER-02
2011-10-28,275.69,7.5,KL-PER-02
2011-10-29,298.92,26.5,KL-PER-02
2011-10-30,333.97,23.8,KL-PER-02
2011-10-31,360.41,15.0,KL-PER-02
2011-11-01,413.95,42.0,KL-PER-02
2011-11-02,436.52,7.5,KL-PER-02
2011-11-03,419.73,6.8,KL-PER-02
2011-11-04,398.94,0.7,KL-PER-02
2011-11-05,385.37,3.1,KL-PER-02
2011-11-06,385.37,15.1,KL-PER-02
2011-11-07,394.37,12.1,KL-PER-02
2011-11-08,400.79,0.0,KL-PER-02
2011-11-09,386.26,0.0,KL-PER-02
2011-11-10,363.75,0.0,KL-PER-02
2011-11-11,342.56,0.1,KL-PER-02
2011-11-12,325.59,0.0,KL-PER-02
2011-11-13,310.17,0.0,KL-PER-02
2011-11-14,294.8,0.0,KL-PER-02
2011-11-15,280.19,0.0,KL-PER-02
2011-11-16,266.3,0.0,KL-PER-02
2011-11-17,253.1,0.1,KL-PER-02
2011-11-18,240.55,0.0,KL-PER-02
2011-11-19,229.14,0.0,KL-PER-02
2011-11-20,218.28,0.0,KL-PER-02
2011-11-21,206.97,0.0,KL-PER-02
2011-11-22,196.24,0.0,KL-PER-02
2011-11-23,186.07,0.0,KL-PER-02
2011-11-24,176.42,0.0,KL-PER-02
2011-11-25,174.79,17.1,KL-PER-02
2011-11-26,183.5,10.2,KL-PER-02
2011-11-27,199.91,10.5,KL-PER-02
2011-11-28,213.78,4.3,KL-PER-02
2011-11-29,220.31,7.9,KL-PER-02
2011-11-30,220.82,4.1,KL-PER-02
2011-12-01,220.31,1.3,KL-PER-02
2011-12-02,214.77,2.4,KL-PER-02
2011-12-03,205.06,1.3,KL-PER-02
2011-12-04,196.24,5.5,KL-PER-02
2011-12-05,189.11,0.2,KL-PER-02
2011-12-06,181.81,0.0,KL-PER-02
2011-12-07,173.18,0.0,KL-PER-02
2011-12-08,162.68,0.0,KL-PER-02
2011-12-09,151.41,0.0,KL-PER-02
2011-12-10,143.54,0.0,KL-PER-02
2011-12-11,137.04,0.0,KL-PER-02
2011-12-12,131.43,0.0,KL-PER-02
2011-12-13,126.35,0.0,KL-PER-02
2011-12-14,121.18,0.0,KL-PER-02
2011-12-15,115.95,0.0,KL-PER-02
2011-12-16,110.94,0.0,KL-PER-02
2011-12-17,106.15,0.0,KL-PER-02
2011-12-18,101.09,0.0,KL-PER-02
2011-12-19,96.5,0.0,KL-PER-02
2011-12-20,93.41,0.0,KL-PER-02
2011-12-21,90.2,0.0,KL-PER-02
2011-12-22,86.3,0.0,KL-PER-02
2011-12-23,82.95,0.0,KL-PER-02
2011-12-24,79.54,0.0,KL-PER-02
2011-12-25,76.62,0.0,KL-PER-02
2011-12-26,74.51,0.0,KL-PER-02
2011-12-27,71.95,0.0,KL-PER-02
2011-12-28,69.63,0.0,KL-PER-02
2011-12-29,67.23,0.0,KL-PER-02
2011-12-30,67.87,10.0,KL-PER-02
2011-12-31,81.99,34.0,KL-PER-02
2012-01-01,92.11,0.0,KL-PER-02
2012-01-02,92.97,0.0,KL-PER-02
2012-01-03,88.13,0.0,KL-PER-02
2012-01-04,83.14,0.0,KL-PER-02
2012-01-05,79.17,0.0,KL-PER-02
2012-01-06,75.74,0.0,KL-PER-02
2012-01-07,72.45,0.0,KL-PER-02
2012-01-08,69.63,0.0,KL-PER-02
2012-01-09,67.08,0.7,KL-PER-02
2012-01-10,65.37,3.1,KL-PER-02
2012-01-11,59.53,0.5,KL-PER-02
2012-01-12,54.98,0.1,KL-PER-02
2012-01-13,52.7,0.0,KL-PER-02
2012-01-14,50.76,0.0,KL-PER-02
2012-01-15,48.89,0.0,KL-PER-02
2012-01-16,47.08,0.0,KL-PER-02
2012-01-17,45.45,0.0,KL-PER-02
2012-01-18,43.98,0.0,KL-PER-02
2012-01-19,42.65,0.0,KL-PER-02
2012-01-20,41.85,0.1,KL-PER-02
2012-01-21,41.85,0.3,KL-PER-02
2012-01-22,41.66,0.0,KL-PER-02
2012-01-23,41.07,0.0,KL-PER-02
2012-01-24,40.11,0.0,KL-PER-02
2012-01-25,39.36,0.0,KL-PER-02
2012-01-26,38.63,0.0,KL-PER-02
2012-01-27,37.99,0.0,KL-PER-02
2012-01-28,37.64,0.0,KL-PER-02
2012-01-29,37.37,0.0,KL-PER-02
2012-01-30,37.02,0.0,KL-PER-02
2012-01-31,39.64,0.0,KL-PER-02
2012-02-01,41.95,0.0,KL-PER-02
2012-02-02,42.05,0.0,KL-PER-02
2012-02-03,41.85,0.0,KL-PER-02
2012-02-04,41.66,0.0,KL-PER-02
2012-02-05,41.36,0.1,KL-PER-02
2012-02-06,41.36,0.0,KL-PER-02
2012-02-07,41.27,0.0,KL-PER-02
2012-02-08,40.98,0.2,KL-PER-02
2012-02-09,40.98,1.0,KL-PER-02
2012-02-10,41.27,3.4,KL-PER-02
2012-02-11,42.55,6.7,KL-PER-02
2012-02-12,42.95,0.4,KL-PER-02
2012-02-13,42.45,0.0,KL-PER-02
2012-02-14,41.76,0.0,KL-PER-02
2012-02-15,41.36,0.2,KL-PER-02
2012-02-16,41.17,0.0,KL-PER-02
2012-02-17,40.88,0.1,KL-PER-02
2012-02-18,40.59,0.0,KL-PER-02
2012-02-19,40.21,0.0,KL-PER-02
2012-02-20,39.93,0.0,KL-PER-02
2012-02-21,39.83,0.0,KL-PER-02
2012-02-22,39.74,0.0,KL-PER-02
2012-02-23,39.74,0.0,KL-PER-02
2012-02-24,39.46,0.0,KL-PER-02
2012-02-25,39.18,0.0,KL-PER-02
2012-02-26,38.9,0.0,KL-PER-02
2012-02-27,38.81,0.0,KL-PER-02
2012-02-28,38.63,0.0,KL-PER-02
2012-02-29,38.54,0.0,KL-PER-02
2012-03-01,38.45,0.4,KL-PER-02
2012-03-02,38.54,0.3,KL-PER-02
2012-03-03,38.9,0.0,KL-PER-02
2012-03-04,39.09,0.0,KL-PER-02
2012-03-05,38.9,0.0,KL-PER-02
2012-03-06,38.9,1.1,KL-PER-02
2012-03-07,39.18,3.5,KL-PER-02
2012-03-08,40.21,1.1,KL-PER-02
2012-03-09,40.78,0.0,KL-PER-02
2012-03-10,40.4,0.1,KL-PER-02
2012-03-11,39.83,0.0,KL-PER-02
2012-03-12,39.27,0.0,KL-PER-02
2012-03-13,39.18,1.0,KL-PER-02
2012-03-14,38.99,0.1,KL-PER-02
2012-03-15,38.9,0.9,KL-PER-02
2012-03-16,39.64,4.3,KL-PER-02
2012-03-17,40.5,3.9,KL-PER-02
2012-03-18,39.74,0.0,KL-PER-02
2012-03-19,39.09,0.0,KL-PER-02
2012-03-20,38.9,0.0,KL-PER-02
2012-03-21,38.99,0.0,KL-PER-02
2012-03-22,39.46,0.6,KL-PER-02
2012-03-23,39.64,0.1,KL-PER-02
2012-03-24,39.18,0.0,KL-PER-02
2012-03-25,38.36,0.0,KL-PER-02
2012-03-26,37.99,0.7,KL-PER-02
2012-03-27,38.08,2.8,KL-PER-02
2012-03-28,39.36,2.1,KL-PER-02
2012-03-29,42.75,8.4,KL-PER-02
2012-03-30,44.19,0.7,KL-PER-02
2012-03-31,42.95,2.0,KL-PER-02
2012-04-01,41.95,2.1,KL-PER-02
2012-04-02,41.36,1.0,KL-PER-02
2012-04-03,40.69,0.2,KL-PER-02
2012-04-04,41.27,2.9,KL-PER-02
2012-04-05,41.66,1.7,KL-PER-02
2012-04-06,42.85,4.4,KL-PER-02
2012-04-07,43.26,1.0,KL-PER-02
2012-04-08,46.1,5.4,KL-PER-02
2012-04-09,49.7,1.0,KL-PER-02
2012-04-10,50.88,0.4,KL-PER-02
2012-04-11,51.12,1.9,KL-PER-02
2012-04-12,51.36,7.5,KL-PER-02
2012-04-13,51.48,0.0,KL-PER-02
2012-04-14,51.48,0.4,KL-PER-02
2012-04-15,51.36,0.4,KL-PER-02
2012-04-16,50.76,0.6,KL-PER-02
2012-04-17,50.64,0.7,KL-PER-02
2012-04-18,51.6,0.3,KL-PER-02
2012-04-19,52.21,0.0,KL-PER-02
2012-04-20,53.95,7.7,KL-PER-02
2012-04-21,58.29,7.3,KL-PER-02
2012-04-22,63.42,4.0,KL-PER-02
2012-04-23,68.5,17.5,KL-PER-02
2012-04-24,81.79,40.2,KL-PER-02
2012-04-25,90.41,10.7,KL-PER-02
2012-04-26,99.23,18.7,KL-PER-02
2012-04-27,111.46,17.7,KL-PER-02
2012-04-28,116.49,14.6,KL-PER-02
2012-04-29,113.82,6.8,KL-PER-02
2012-04-30,109.92,7.1,KL-PER-02
2012-05-01,107.64,1.5,KL-PER-02
2012-05-02,107.39,3.8,KL-PER-02
2012-05-03,109.15,8.9,KL-PER-02
2012-05-04,111.2,9.0,KL-PER-02
2012-05-05,117.03,11.6,KL-PER-02
2012-05-06,119.78,0.0,KL-PER-02
2012-05-07,117.03,0.0,KL-PER-02
2012-05-08,112.76,0.0,KL-PER-02
2012-05-09,111.2,7.7,KL-PER-02
2012-05-10,112.24,10.0,KL-PER-02
2012-05-11,120.9,24.7,KL-PER-02
2012-05-12,130.22,17.1,KL-PER-02
2012-05-13,135.77,3.2,KL-PER-02
2012-05-14,135.77,2.5,KL-PER-02
2012-05-15,134.21,12.3,KL-PER-02
2012-05-16,132.35,3.8,KL-PER-02
2012-05-17,131.13,2.3,KL-PER-02
2012-05-18,128.72,1.5,KL-PER-02
2012-05-19,129.02,7.0,KL-PER-02
2012-05-20,131.74,2.7,KL-PER-02
2012-05-21,133.59,3.8,KL-PER-02
2012-05-22,135.14,7.9,KL-PER-02
2012-05-23,135.46,5.7,KL-PER-02
2012-05-24,134.21,1.0,KL-PER-02
2012-05-25,131.13,3.7,KL-PER-02
2012-05-26,129.02,15.9,KL-PER-02
2012-05-27,130.22,3.4,KL-PER-02
2012-05-28,130.52,1.5,KL-PER-02
2012-05-29,128.42,5.2,KL-PER-02
2012-05-30,127.23,6.7,KL-PER-02
2012-05-31,126.64,3.1,KL-PER-02
2012-06-01,126.64,4.9,KL-PER-02
2012-06-02,127.23,13.1,KL-PER-02
2012-06-03,129.02,9.5,KL-PER-02
2012-06-04,136.72,37.7,KL-PER-02
2012-06-05,143.54,20.2,KL-PER-02
2012-06-06,152.46,20.5,KL-PER-02
2012-06-07,162.68,12.7,KL-PER-02
2012-06-08,166.11,8.1,KL-PER-02
2012-06-09,162.31,3.1,KL-PER-02
2012-06-10,156.04,2.1,KL-PER-02
2012-06-11,150.71,7.0,KL-PER-02
2012-06-12,149.66,24.5,KL-PER-02
2012-06-13,171.19,38.9,KL-PER-02
2012-06-14,196.24,28.2,KL-PER-02
2012-06-15,212.8,29.5,KL-PER-02
2012-06-16,232.88,42.7,KL-PER-02
2012-06-17,353.0,62.5,KL-PER-02
2012-06-18,453.99,55.6,KL-PER-02
2012-06-19,450.86,13.6,KL-PER-02
2012-06-20,421.67,6.9,KL-PER-02
2012-06-21,394.37,10.8,KL-PER-02
2012-06-22,372.25,9.8,KL-PER-02
2012-06-23,355.45,4.7,KL-PER-02
2012-06-24,337.06,1.7,KL-PER-02
2012-06-25,318.15,3.3,KL-PER-02
2012-06-26,308.74,30.1,KL-PER-02
2012-06-27,306.61,18.0,KL-PER-02
2012-06-28,310.89,30.2,KL-PER-02
2012-06-29,313.05,16.8,KL-PER-02
2012-06-30,308.74,7.9,KL-PER-02
2012-07-01,309.46,22.4,KL-PER-02
2012-07-02,348.95,24.0,KL-PER-02
2012-07-03,384.48,23.0,KL-PER-02
2012-07-04,386.26,6.8,KL-PER-02
2012-07-05,369.68,1.8,KL-PER-02
2012-07-06,349.75,5.8,KL-PER-02
2012-07-07,333.19,11.9,KL-PER-02
2012-07-08,327.85,35.4,KL-PER-02
2012-07-09,346.54,39.5,KL-PER-02
2012-07-10,367.98,24.8,KL-PER-02
2012-07-11,375.7,27.8,KL-PER-02
2012-07-12,365.44,3.9,KL-PER-02
2012-07-13,347.34,6.7,KL-PER-02
2012-07-14,333.19,9.7,KL-PER-02
2012-07-15,321.11,7.4,KL-PER-02
2012-07-16,308.74,9.2,KL-PER-02
2012-07-17,296.17,7.4,KL-PER-02
2012-07-18,286.08,8.9,KL-PER-02
2012-07-19,276.33,5.9,KL-PER-02
2012-07-20,268.15,12.7,KL-PER-02
2012-07-21,265.07,10.9,KL-PER-02
2012-07-22,267.53,17.8,KL-PER-02
2012-07-23,271.27,24.7,KL-PER-02
2012-07-24,272.53,6.3,KL-PER-02
2012-07-25,271.27,15.2,KL-PER-02
2012-07-26,269.4,3.8,KL-PER-02
2012-07-27,264.46,6.4,KL-PER-02
2012-07-28,256.63,2.8,KL-PER-02
2012-07-29,246.74,5.6,KL-PER-02
2012-07-30,236.14,1.5,KL-PER-02
2012-07-31,224.94,2.7,KL-PER-02
2012-08-01,214.28,0.6,KL-PER-02
2012-08-02,203.64,5.6,KL-PER-02
2012-08-03,196.7,4.8,KL-PER-02
2012-08-04,193.09,8.2,KL-PER-02
2012-08-05,190.87,6.4,KL-PER-02
2012-08-06,189.11,11.6,KL-PER-02
2012-08-07,187.8,13.3,KL-PER-02
2012-08-08,189.99,22.6,KL-PER-02
2012-08-09,212.3,38.5,KL-PER-02
2012-08-10,248.46,29.3,KL-PER-02
2012-08-11,307.32,43.4,KL-PER-02
2012-08-12,351.37,44.1,KL-PER-02
2012-08-13,350.56,3.6,KL-PER-02
2012-08-14,330.13,7.6,KL-PER-02
2012-08-15,314.5,17.9,KL-PER-02
2012-08-16,308.03,15.6,KL-PER-02
2012-08-17,356.27,34.0,KL-PER-02
2012-08-18,395.28,13.8,KL-PER-02
2012-08-19,395.28,2.0,KL-PER-02
2012-08-20,373.11,2.6,KL-PER-02
2012-08-21,344.94,0.0,KL-PER-02
2012-08-22,324.84,12.3,KL-PER-02
2012-08-23,315.23,4.1,KL-PER-02
2012-08-24,313.77,30.0,KL-PER-02
2012-08-25,324.09,33.3,KL-PER-02
2012-08-26,337.84,17.8,KL-PER-02
2012-08-27,341.77,14.6,KL-PER-02
2012-08-28,335.51,11.7,KL-PER-02
2012-08-29,363.75,39.3,KL-PER-02
2012-08-30,434.51,35.2,KL-PER-02
2012-08-31,487.65,38.4,KL-PER-02
2012-09-01,499.03,33.1,KL-PER-02
2012-09-02,488.78,23.1,KL-PER-02
2012-09-03,480.95,24.2,KL-PER-02
2012-09-04,472.15,16.5,KL-PER-02
2012-09-05,451.9,2.1,KL-PER-02
2012-09-06,426.56,2.7,KL-PER-02
2012-09-07,405.44,9.3,KL-PER-02
2012-09-08,390.74,12.2,KL-PER-02
2012-09-09,380.07,18.5,KL-PER-02
2012-09-10,371.39,13.7,KL-PER-02
2012-09-11,357.92,4.0,KL-PER-02
2012-09-12,338.63,5.6,KL-PER-02
2012-09-13,322.59,10.9,KL-PER-02
2012-09-14,310.89,5.6,KL-PER-02
2012-09-15,303.09,17.6,KL-PER-02
2012-09-16,293.44,1.9,KL-PER-02
2012-09-17,280.84,2.1,KL-PER-02
2012-09-18,266.3,1.5,KL-PER-02
2012-09-19,252.51,1.1,KL-PER-02
2012-09-20,239.44,1.4,KL-PER-02
2012-09-21,226.51,0.7,KL-PER-02
2012-09-22,215.27,1.0,KL-PER-02
2012-09-23,206.49,0.0,KL-PER-02
2012-09-24,195.79,0.0,KL-PER-02
2012-09-25,185.64,0.1,KL-PER-02
2012-09-26,176.01,0.4,KL-PER-02
2012-09-27,167.27,2.5,KL-PER-02
2012-09-28,160.06,2.4,KL-PER-02
2012-09-29,153.88,2.8,KL-PER-02
2012-09-30,148.28,3.3,KL-PER-02
2012-10-01,143.21,7.4,KL-PER-02
2012-10-02,137.36,2.1,KL-PER-02
2012-10-03,131.13,2.2,KL-PER-02
2012-10-04,124.89,0.2,KL-PER-02
2012-10-05,118.4,0.0,KL-PER-02
2012-10-06,112.24,0.1,KL-PER-02
2012-10-07,108.9,4.6,KL-PER-02
2012-10-08,110.43,0.6,KL-PER-02
2012-10-09,112.5,1.3,KL-PER-02
2012-10-10,117.3,27.3,KL-PER-02
2012-10-11,124.03,0.8,KL-PER-02
2012-10-12,131.74,8.6,KL-PER-02
2012-10-13,138.96,7.9,KL-PER-02
2012-10-14,246.74,11.9,KL-PER-02
2012-10-15,332.43,7.2,KL-PER-02
2012-10-16,300.3,7.2,KL-PER-02
2012-10-17,287.4,9.9,KL-PER-02
2012-10-18,288.07,1.7,KL-PER-02
2012-10-19,357.1,16.7,KL-PER-02
2012-10-20,557.47,59.0,KL-PER-02
2012-10-21,593.29,11.5,KL-PER-02
2012-10-22,544.76,32.9,KL-PER-02
2012-10-23,509.5,18.6,KL-PER-02
2012-10-24,488.78,13.4,KL-PER-02
2012-10-25,468.89,3.8,KL-PER-02
2012-10-26,443.63,4.1,KL-PER-02
2012-10-27,417.79,3.0,KL-PER-02
2012-10-28,401.72,0.9,KL-PER-02
2012-10-29,393.46,1.8,KL-PER-02
2012-10-30,381.82,0.0,KL-PER-02
2012-10-31,367.13,8.4,KL-PER-02
2012-11-01,357.1,6.5,KL-PER-02
2012-11-02,345.74,4.8,KL-PER-02
2012-11-03,329.37,2.5,KL-PER-02
2012-11-04,311.61,0.2,KL-PER-02
2012-11-05,294.8,0.0,KL-PER-02
2012-11-06,278.9,0.0,KL-PER-02
2012-11-07,268.15,8.9,KL-PER-02
2012-11-08,266.3,9.3,KL-PER-02
2012-11-09,268.15,3.1,KL-PER-02
2012-11-10,262.63,0.4,KL-PER-02
2012-11-11,250.19,2.5,KL-PER-02
2012-11-12,235.59,2.8,KL-PER-02
2012-11-13,221.84,0.0,KL-PER-02
2012-11-14,210.35,0.0,KL-PER-02
2012-11-15,198.99,0.0,KL-PER-02
2012-11-16,189.11,0.0,KL-PER-02
2012-11-17,179.3,0.0,KL-PER-02
2012-11-18,169.61,0.4,KL-PER-02
2012-11-19,160.44,0.0,KL-PER-02
2012-11-20,151.41,0.0,KL-PER-02
2012-11-21,143.54,0.8,KL-PER-02
2012-11-22,137.04,0.5,KL-PER-02
2012-11-23,133.59,4.7,KL-PER-02
2012-11-24,141.23,21.0,KL-PER-02
2012-11-25,162.68,0.0,KL-PER-02
2012-11-26,168.43,0.0,KL-PER-02
2012-11-27,157.49,0.9,KL-PER-02
2012-11-28,145.55,0.0,KL-PER-02
2012-11-29,136.72,0.0,KL-PER-02
2012-11-30,128.72,0.0,KL-PER-02
2012-12-01,121.74,0.0,KL-PER-02
2012-12-02,114.88,0.0,KL-PER-02
2012-12-03,109.15,0.7,KL-PER-02
2012-12-04,105.91,0.0,KL-PER-02
2012-12-05,102.99,0.0,KL-PER-02
2012-12-06,98.77,0.0,KL-PER-02
2012-12-07,94.72,0.0,KL-PER-02
2012-12-08,90.62,0.0,KL-PER-02
2012-12-09,86.9,0.0,KL-PER-02
2012-12-10,83.14,0.0,KL-PER-02
2012-12-11,79.54,0.0,KL-PER-02
2012-12-12,76.09,0.0,KL-PER-02
2012-12-13,72.96,0.2,KL-PER-02
2012-12-14,70.29,0.0,KL-PER-02
2012-12-15,67.71,0.0,KL-PER-02
2012-12-16,65.37,0.0,KL-PER-02
2012-12-17,63.12,0.0,KL-PER-02
2012-12-18,61.23,0.0,KL-PER-02
2012-12-19,59.26,0.0,KL-PER-02
2012-12-20,57.61,0.2,KL-PER-02
2012-12-21,56.28,0.0,KL-PER-02
2012-12-22,55.1,0.0,KL-PER-02
2012-12-23,53.7,0.0,KL-PER-02
2012-12-24,52.46,0.0,KL-PER-02
2012-12-25,51.12,0.0,KL-PER-02
2012-12-26,50.29,0.0,KL-PER-02
2012-12-27,50.4,0.4,KL-PER-02
2012-12-28,52.46,2.8,KL-PER-02
2012-12-29,54.98,1.4,KL-PER-02
2012-12-30,55.75,4.8,KL-PER-02
2012-12-31,54.98,1.6,KL-PER-02
2013-01-01,53.95,0.0,KL-PER-02
2013-01-02,52.7,0.0,KL-PER-02
2013-01-03,51.48,0.0,KL-PER-02
2013-01-04,50.4,0.0,KL-PER-02
2013-01-05,49.47,0.1,KL-PER-02
2013-01-06,48.66,0.2,KL-PER-02
2013-01-07,47.98,0.0,KL-PER-02
2013-01-08,47.98,0.0,KL-PER-02
2013-01-09,48.2,0.0,KL-PER-02
2013-01-10,47.64,0.0,KL-PER-02
2013-01-11,40.59,0.0,KL-PER-02
2013-01-12,34.73,0.0,KL-PER-02
2013-01-13,32.96,0.0,KL-PER-02
2013-01-14,32.11,0.0,KL-PER-02
2013-01-15,31.43,0.0,KL-PER-02
2013-01-16,30.7,0.0,KL-PER-02
2013-01-17,29.97,0.0,KL-PER-02
2013-01-18,29.27,0.0,KL-PER-02
2013-01-19,28.72,0.0,KL-PER-02
2013-01-20,28.17,0.0,KL-PER-02
2013-01-21,30.05,1.6,KL-PER-02
2013-01-22,32.11,0.0,KL-PER-02
2013-01-23,32.5,0.0,KL-PER-02
2013-01-24,32.34,0.0,KL-PER-02
2013-01-25,32.04,0.0,KL-PER-02
2013-01-26,31.81,0.0,KL-PER-02
2013-01-27,31.73,0.0,KL-PER-02
2013-01-28,31.66,0.0,KL-PER-02
2013-01-29,31.51,0.0,KL-PER-02
2013-01-30,31.36,0.0,KL-PER-02
2013-01-31,33.91,0.0,KL-PER-02
2013-02-01,36.41,0.0,KL-PER-02
2013-02-02,36.76,0.0,KL-PER-02
2013-02-03,36.58,0.0,KL-PER-02
2013-02-04,36.76,0.0,KL-PER-02
2013-02-05,36.76,0.4,KL-PER-02
2013-02-06,37.28,1.2,KL-PER-02
2013-02-07,38.08,0.2,KL-PER-02
2013-02-08,38.17,0.0,KL-PER-02
2013-02-09,38.08,0.1,KL-PER-02
2013-02-10,37.64,0.0,KL-PER-02
2013-02-11,37.28,0.0,KL-PER-02
2013-02-12,37.28,0.0,KL-PER-02
2013-02-13,37.73,3.2,KL-PER-02
2013-02-14,39.09,1.5,KL-PER-02
2013-02-15,41.07,3.1,KL-PER-02
2013-02-16,40.98,1.9,KL-PER-02
2013-02-17,40.59,4.7,KL-PER-02
2013-02-18,41.36,6.5,KL-PER-02
2013-02-19,43.36,10.8,KL-PER-02
2013-02-20,44.39,0.1,KL-PER-02
2013-02-21,42.45,0.0,KL-PER-02
2013-02-22,40.69,0.0,KL-PER-02
2013-02-23,39.46,0.0,KL-PER-02
2013-02-24,38.72,0.0,KL-PER-02
2013-02-25,38.17,0.0,KL-PER-02
2013-02-26,37.82,0.0,KL-PER-02
2013-02-27,37.46,0.0,KL-PER-02
2013-02-28,37.11,0.0,KL-PER-02
2013-03-01,36.84,0.0,KL-PER-02
2013-03-02,36.67,0.0,KL-PER-02
2013-03-03,36.5,0.0,KL-PER-02
2013-03-04,36.24,0.0,KL-PER-02
2013-03-05,38.08,4.7,KL-PER-02
2013-03-06,39.74,2.2,KL-PER-02
2013-03-07,39.64,3.5,KL-PER-02
2013-03-08,39.93,6.6,KL-PER-02
2013-03-09,44.08,19.5,KL-PER-02
2013-03-10,47.87,5.0,KL-PER-02
2013-03-11,49.0,14.8,KL-PER-02
2013-03-12,48.09,0.3,KL-PER-02
2013-03-13,45.88,0.6,KL-PER-02
2013-03-14,43.98,0.0,KL-PER-02
2013-03-15,42.45,0.0,KL-PER-02
2013-03-16,46.21,30.9,KL-PER-02
2013-03-17,53.2,21.1,KL-PER-02
2013-03-18,54.08,4.2,KL-PER-02
2013-03-19,51.84,1.8,KL-PER-02
2013-03-20,49.35,0.0,KL-PER-02
2013-03-21,47.53,0.0,KL-PER-02
2013-03-22,46.1,0.0,KL-PER-02
2013-03-23,45.24,0.4,KL-PER-02
2013-03-24,44.29,0.1,KL-PER-02
2013-03-25,44.81,1.7,KL-PER-02
2013-03-26,49.0,7.1,KL-PER-02
2013-03-27,52.21,1.8,KL-PER-02
2013-03-28,53.33,3.8,KL-PER-02
2013-03-29,52.95,1.1,KL-PER-02
2013-03-30,52.33,0.3,KL-PER-02
2013-03-31,51.84,0.4,KL-PER-02
2013-04-01,51.24,1.2,KL-PER-02
2013-04-02,51.12,0.0,KL-PER-02
2013-04-03,51.0,0.3,KL-PER-02
2013-04-04,50.64,1.0,KL-PER-02
2013-04-05,49.93,0.1,KL-PER-02
2013-04-06,50.64,0.3,KL-PER-02
2013-04-07,52.58,0.0,KL-PER-02
2013-04-08,54.21,0.0,KL-PER-02
2013-04-09,59.26,6.8,KL-PER-02
2013-04-10,63.42,1.3,KL-PER-02
2013-04-11,63.57,0.9,KL-PER-02
2013-04-12,62.68,0.1,KL-PER-02
2013-04-13,61.95,0.5,KL-PER-02
2013-04-14,61.81,1.4,KL-PER-02
2013-04-15,63.86,14.0,KL-PER-02
2013-04-16,66.3,0.2,KL-PER-02
2013-04-17,67.39,0.0,KL-PER-02
2013-04-18,67.39,0.0,KL-PER-02
2013-04-19,67.08,0.0,KL-PER-02
2013-04-20,66.92,0.0,KL-PER-02
2013-04-21,66.92,0.0,KL-PER-02
2013-04-22,67.39,0.0,KL-PER-02
2013-04-23,69.31,5.2,KL-PER-02
2013-04-24,73.3,10.2,KL-PER-02
2013-04-25,79.35,6.1,KL-PER-02
2013-04-26,83.92,1.5,KL-PER-02
2013-04-27,86.3,4.3,KL-PER-02
2013-04-28,88.95,3.3,KL-PER-02
2013-04-29,92.33,1.5,KL-PER-02
2013-04-30,96.27,14.3,KL-PER-02
2013-05-01,97.4,3.5,KL-PER-02
2013-05-02,96.5,4.6,KL-PER-02
2013-05-03,96.95,8.4,KL-PER-02
2013-05-04,97.63,6.2,KL-PER-02
2013-05-05,98.31,2.7,KL-PER-02
2013-05-06,101.57,8.5,KL-PER-02
2013-05-07,106.65,6.0,KL-PER-02
2013-05-08,108.65,8.9,KL-PER-02
2013-05-09,108.65,3.2,KL-PER-02
2013-05-10,107.64,9.6,KL-PER-02
2013-05-11,105.41,0.0,KL-PER-02
2013-05-12,102.04,0.0,KL-PER-02
2013-05-13,104.93,34.2,KL-PER-02
2013-05-14,105.66,1.5,KL-PER-02
2013-05-15,104.68,2.2,KL-PER-02
2013-05-16,99.69,0.3,KL-PER-02
2013-05-17,94.28,0.0,KL-PER-02
2013-05-18,89.99,0.0,KL-PER-02
2013-05-19,87.31,0.0,KL-PER-02
2013-05-20,88.33,10.4,KL-PER-02
2013-05-21,90.62,0.3,KL-PER-02
2013-05-22,92.76,11.7,KL-PER-02
2013-05-23,92.97,7.1,KL-PER-02
2013-05-24,93.84,12.1,KL-PER-02
2013-05-25,99.23,20.6,KL-PER-02
2013-05-26,105.17,14.1,KL-PER-02
2013-05-27,111.46,19.7,KL-PER-02
2013-05-28,116.22,17.1,KL-PER-02
2013-05-29,115.14,6.8,KL-PER-02
2013-05-30,113.02,15.6,KL-PER-02
2013-05-31,120.62,43.4,KL-PER-02
2013-06-01,129.02,18.1,KL-PER-02
2013-06-02,149.31,30.8,KL-PER-02
2013-06-03,179.3,35.1,KL-PER-02
2013-06-04,198.53,12.5,KL-PER-02
2013-06-05,198.07,7.6,KL-PER-02
2013-06-06,214.28,39.4,KL-PER-02
2013-06-07,258.42,38.6,KL-PER-02
2013-06-08,318.15,31.5,KL-PER-02
2013-06-09,337.84,12.1,KL-PER-02
2013-06-10,333.19,17.9,KL-PER-02
2013-06-11,446.71,64.2,KL-PER-02
2013-06-12,590.56,47.5,KL-PER-02
2013-06-13,624.17,17.8,KL-PER-02
2013-06-14,608.54,17.8,KL-PER-02
2013-06-15,646.14,46.0,KL-PER-02
2013-06-16,692.43,32.2,KL-PER-02
2013-06-17,748.89,33.4,KL-PER-02
2013-06-18,826.94,44.2,KL-PER-02
2013-06-19,994.41,71.5,KL-PER-02
2013-06-20,1090.44,56.8,KL-PER-02
2013-06-21,1085.43,25.9,KL-PER-02
2013-06-22,1198.5,58.3,KL-PER-02
2013-06-23,1204.04,22.1,KL-PER-02
2013-06-24,1144.51,24.6,KL-PER-02
2013-06-25,1087.93,23.8,KL-PER-02
2013-06-26,1053.39,37.8,KL-PER-02
2013-06-27,1010.58,27.9,KL-PER-02
2013-06-28,956.19,15.2,KL-PER-02
2013-06-29,904.73,7.1,KL-PER-02
2013-06-30,882.08,42.8,KL-PER-02
2013-07-01,858.01,24.1,KL-PER-02
2013-07-02,850.14,44.4,KL-PER-02
2013-07-03,842.34,18.4,KL-PER-02
2013-07-04,825.04,13.9,KL-PER-02
2013-07-05,795.16,8.5,KL-PER-02
2013-07-06,755.83,4.4,KL-PER-02
2013-07-07,723.44,18.4,KL-PER-02
2013-07-08,708.58,22.0,KL-PER-02
2013-07-09,703.69,29.6,KL-PER-02
2013-07-10,752.36,39.5,KL-PER-02
2013-07-11,766.36,15.4,KL-PER-02
2013-07-12,738.61,17.0,KL-PER-02
2013-07-13,703.69,9.3,KL-PER-02
2013-07-14,665.81,7.5,KL-PER-02
2013-07-15,637.26,11.1,KL-PER-02
2013-07-16,619.87,14.7,KL-PER-02
2013-07-17,607.13,17.6,KL-PER-02
2013-07-18,605.74,28.5,KL-PER-02
2013-07-19,632.87,30.2,KL-PER-02
2013-07-20,659.69,35.4,KL-PER-02
2013-07-21,675.08,35.8,KL-PER-02
2013-07-22,702.07,33.2,KL-PER-02
2013-07-23,706.95,21.8,KL-PER-02
2013-07-24,723.44,29.0,KL-PER-02
2013-07-25,757.58,26.7,KL-PER-02
2013-07-26,757.58,14.3,KL-PER-02
2013-07-27,728.46,8.5,KL-PER-02
2013-07-28,690.83,18.0,KL-PER-02
2013-07-29,652.13,1.3,KL-PER-02
2013-07-30,614.18,16.2,KL-PER-02
2013-07-31,587.84,20.8,KL-PER-02
2013-08-01,579.76,22.6,KL-PER-02
2013-08-02,579.76,22.9,KL-PER-02
2013-08-03,594.66,25.6,KL-PER-02
2013-08-04,965.05,84.4,KL-PER-02
2013-08-05,1249.26,63.3,KL-PER-02
2013-08-06,1201.26,18.3,KL-PER-02
2013-08-07,1068.05,3.2,KL-PER-02
2013-08-08,956.19,8.8,KL-PER-02
2013-08-09,876.0,19.4,KL-PER-02
2013-08-10,815.58,7.1,KL-PER-02
2013-08-11,768.13,6.0,KL-PER-02
2013-08-12,725.11,4.4,KL-PER-02
2013-08-13,686.07,11.9,KL-PER-02
2013-08-14,647.63,0.2,KL-PER-02
2013-08-15,608.54,6.2,KL-PER-02
2013-08-16,575.77,8.6,KL-PER-02
2013-08-17,547.28,16.6,KL-PER-02
2013-08-18,526.23,24.7,KL-PER-02
2013-08-19,508.33,2.5,KL-PER-02
2013-08-20,492.17,25.1,KL-PER-02
2013-08-21,479.84,12.1,KL-PER-02
2013-08-22,463.52,2.5,KL-PER-02
2013-08-23,441.59,2.2,KL-PER-02
2013-08-24,419.73,3.4,KL-PER-02
2013-08-25,398.02,1.6,KL-PER-02
2013-08-26,377.44,1.5,KL-PER-02
2013-08-27,357.1,2.3,KL-PER-02
2013-08-28,339.41,5.9,KL-PER-02
2013-08-29,325.59,6.1,KL-PER-02
2013-08-30,320.37,0.2,KL-PER-02
2013-08-31,321.11,7.1,KL-PER-02
2013-09-01,320.37,3.7,KL-PER-02
2013-09-02,321.11,11.3,KL-PER-02
2013-09-03,317.42,8.4,KL-PER-02
2013-09-04,309.46,8.8,KL-PER-02
2013-09-05,298.23,6.1,KL-PER-02
2013-09-06,296.85,24.8,KL-PER-02
2013-09-07,315.96,21.7,KL-PER-02
2013-09-08,344.94,34.7,KL-PER-02
2013-09-09,351.37,13.9,KL-PER-02
2013-09-10,344.94,12.6,KL-PER-02
2013-09-11,337.06,12.9,KL-PER-02
2013-09-12,337.06,21.6,KL-PER-02
2013-09-13,346.54,15.2,KL-PER-02
2013-09-14,352.18,21.2,KL-PER-02
2013-09-15,351.37,19.2,KL-PER-02
2013-09-16,365.44,50.5,KL-PER-02
2013-09-17,465.66,58.0,KL-PER-02
2013-09-18,514.23,16.7,KL-PER-02
2013-09-19,514.23,29.9,KL-PER-02
2013-09-20,515.42,25.3,KL-PER-02
2013-09-21,508.33,5.3,KL-PER-02
2013-09-22,485.41,2.9,KL-PER-02
2013-09-23,456.09,0.4,KL-PER-02
2013-09-24,427.55,1.4,KL-PER-02
2013-09-25,402.65,0.6,KL-PER-02
2013-09-26,380.07,1.0,KL-PER-02
2013-09-27,358.75,0.6,KL-PER-02
2013-09-28,339.41,3.1,KL-PER-02
2013-09-29,321.11,0.7,KL-PER-02
2013-09-30,307.32,22.8,KL-PER-02
2013-10-01,295.48,3.1,KL-PER-02
2013-10-02,282.14,2.5,KL-PER-02
2013-10-03,268.15,5.1,KL-PER-02
2013-10-04,256.04,1.6,KL-PER-02
2013-10-05,242.78,0.4,KL-PER-02
2013-10-06,229.14,1.5,KL-PER-02
2013-10-07,218.28,10.2,KL-PER-02
2013-10-08,212.3,14.3,KL-PER-02
2013-10-09,210.84,10.1,KL-PER-02
2013-10-10,206.01,1.7,KL-PER-02
2013-10-11,198.07,3.3,KL-PER-02
2013-10-12,189.11,3.8,KL-PER-02
2013-10-13,181.81,8.9,KL-PER-02
2013-10-14,175.2,0.5,KL-PER-02
2013-10-15,167.27,3.7,KL-PER-02
2013-10-16,166.11,16.4,KL-PER-02
2013-10-17,180.97,8.8,KL-PER-02
2013-10-18,315.96,44.4,KL-PER-02
2013-10-19,451.9,24.1,KL-PER-02
2013-10-20,457.14,21.1,KL-PER-02
2013-10-21,416.83,7.7,KL-PER-02
2013-10-22,381.82,7.8,KL-PER-02
2013-10-23,354.63,6.8,KL-PER-02
2013-10-24,333.97,7.3,KL-PER-02
2013-10-25,315.23,5.9,KL-PER-02
2013-10-26,298.23,2.3,KL-PER-02
2013-10-27,280.84,0.0,KL-PER-02
2013-10-28,263.24,0.3,KL-PER-02
2013-10-29,246.74,0.8,KL-PER-02
2013-10-30,233.96,8.2,KL-PER-02
2013-10-31,230.74,9.9,KL-PER-02
2013-11-01,231.81,3.3,KL-PER-02
2013-11-02,229.67,5.2,KL-PER-02
2013-11-03,223.91,4.8,KL-PER-02
2013-11-04,218.79,0.5,KL-PER-02
2013-11-05,211.32,0.0,KL-PER-02
2013-11-06,201.77,1.3,KL-PER-02
2013-11-07,194.88,3.1,KL-PER-02
2013-11-08,188.23,0.2,KL-PER-02
2013-11-09,180.97,0.0,KL-PER-02
2013-11-10,171.98,0.0,KL-PER-02
2013-11-11,163.06,0.3,KL-PER-02
2013-11-12,158.96,11.0,KL-PER-02
2013-11-13,160.44,10.5,KL-PER-02
2013-11-14,164.58,1.0,KL-PER-02
2013-11-15,164.58,0.4,KL-PER-02
2013-11-16,160.06,3.8,KL-PER-02
2013-11-17,158.59,5.4,KL-PER-02
2013-11-18,160.06,8.3,KL-PER-02
2013-11-19,163.06,7.1,KL-PER-02
2013-11-20,169.61,3.8,KL-PER-02
2013-11-21,171.19,4.3,KL-PER-02
2013-11-22,168.43,3.3,KL-PER-02
2013-11-23,170.79,13.7,KL-PER-02
2013-11-24,174.79,11.3,KL-PER-02
2013-11-25,175.6,0.0,KL-PER-02
2013-11-26,175.6,0.6,KL-PER-02
2013-11-27,173.58,2.1,KL-PER-02
2013-11-28,171.19,1.0,KL-PER-02
2013-11-29,168.82,0.9,KL-PER-02
2013-11-30,163.82,0.0,KL-PER-02
2013-12-01,164.96,14.4,KL-PER-02
2013-12-02,175.6,5.1,KL-PER-02
2013-12-03,183.5,0.0,KL-PER-02
2013-12-04,182.65,0.0,KL-PER-02
2013-12-05,176.83,0.0,KL-PER-02
2013-12-06,169.61,0.0,KL-PER-02
2013-12-07,161.55,0.0,KL-PER-02
2013-12-08,152.82,0.4,KL-PER-02
2013-12-09,145.55,0.7,KL-PER-02
2013-12-10,139.93,0.7,KL-PER-02
2013-12-11,134.52,0.0,KL-PER-02
2013-12-12,130.52,0.3,KL-PER-02
2013-12-13,132.66,1.5,KL-PER-02
2013-12-14,137.68,1.7,KL-PER-02
2013-12-15,136.09,0.0,KL-PER-02
2013-12-16,131.74,0.0,KL-PER-02
2013-12-17,126.64,0.0,KL-PER-02
2013-12-18,120.62,0.0,KL-PER-02
2013-12-19,114.35,0.0,KL-PER-02
2013-12-20,108.65,0.0,KL-PER-02
2013-12-21,102.99,0.0,KL-PER-02
2013-12-22,96.05,0.0,KL-PER-02
2013-12-23,90.62,0.0,KL-PER-02
2013-12-24,86.1,0.0,KL-PER-02
2013-12-25,82.18,0.0,KL-PER-02
2013-12-26,78.62,0.0,KL-PER-02
2013-12-27,75.38,0.0,KL-PER-02
2013-12-28,72.45,0.0,KL-PER-02
2013-12-29,69.47,0.0,KL-PER-02
2013-12-30,66.61,0.0,KL-PER-02
2013-12-31,64.01,0.0,KL-PER-02
2014-01-01,61.66,0.0,KL-PER-02
2014-01-02,59.67,0.0,KL-PER-02
2014-01-03,57.61,0.0,KL-PER-02
2014-01-04,55.62,0.0,KL-PER-02
2014-01-05,53.95,0.0,KL-PER-02
2014-01-06,52.7,0.0,KL-PER-02
2014-01-07,51.6,0.0,KL-PER-02
2014-01-08,51.24,0.0,KL-PER-02
2014-01-09,51.12,0.0,KL-PER-02
2014-01-10,50.76,0.6,KL-PER-02
2014-01-11,44.08,0.0,KL-PER-02
2014-01-12,37.99,0.0,KL-PER-02
2014-01-13,35.73,0.0,KL-PER-02
2014-01-14,34.48,1.0,KL-PER-02
2014-01-15,33.67,1.0,KL-PER-02
2014-01-16,33.2,0.2,KL-PER-02
2014-01-17,32.88,0.3,KL-PER-02
2014-01-18,32.88,0.0,KL-PER-02
2014-01-19,32.65,0.0,KL-PER-02
2014-01-20,31.81,0.0,KL-PER-02
2014-01-21,32.81,0.0,KL-PER-02
2014-01-22,33.75,0.0,KL-PER-02
2014-01-23,33.67,0.0,KL-PER-02
2014-01-24,33.36,0.0,KL-PER-02
2014-01-25,33.04,0.0,KL-PER-02
2014-01-26,32.81,0.0,KL-PER-02
2014-01-27,32.5,0.0,KL-PER-02
2014-01-28,32.34,0.0,KL-PER-02
2014-01-29,31.96,0.0,KL-PER-02
2014-01-30,31.81,0.0,KL-PER-02
2014-01-31,34.4,0.0,KL-PER-02
2014-02-01,36.84,0.0,KL-PER-02
2014-02-02,37.37,0.0,KL-PER-02
2014-02-03,37.37,0.0,KL-PER-02
2014-02-04,37.28,0.0,KL-PER-02
2014-02-05,37.19,0.0,KL-PER-02
2014-02-06,37.02,0.0,KL-PER-02
2014-02-07,36.93,0.0,KL-PER-02
2014-02-08,36.93,0.0,KL-PER-02
2014-02-09,37.02,0.0,KL-PER-02
2014-02-10,36.84,0.0,KL-PER-02
2014-02-11,36.5,1.3,KL-PER-02
2014-02-12,38.08,10.1,KL-PER-02
2014-02-13,39.27,0.8,KL-PER-02
2014-02-14,39.55,0.6,KL-PER-02
2014-02-15,40.21,1.1,KL-PER-02
2014-02-16,40.11,1.1,KL-PER-02
2014-02-17,39.36,0.0,KL-PER-02
2014-02-18,39.27,0.8,KL-PER-02
2014-02-19,39.64,0.0,KL-PER-02
2014-02-20,39.46,6.0,KL-PER-02
2014-02-21,38.9,2.3,KL-PER-02
2014-02-22,38.99,4.5,KL-PER-02
2014-02-23,38.99,0.4,KL-PER-02
2014-02-24,38.63,0.3,KL-PER-02
2014-02-25,37.99,1.0,KL-PER-02
2014-02-26,37.55,0.9,KL-PER-02
2014-02-27,37.19,0.5,KL-PER-02
2014-02-28,37.28,1.3,KL-PER-02
2014-03-01,37.73,4.3,KL-PER-02
2014-03-02,38.26,1.5,KL-PER-02
2014-03-03,39.09,2.0,KL-PER-02
2014-03-04,39.27,1.5,KL-PER-02
2014-03-05,38.99,2.2,KL-PER-02
2014-03-06,39.09,4.7,KL-PER-02
2014-03-07,39.18,4.7,KL-PER-02
2014-03-08,38.81,0.4,KL-PER-02
2014-03-09,38.54,0.0,KL-PER-02
2014-03-10,38.36,0.2,KL-PER-02
2014-03-11,37.55,0.3,KL-PER-02
2014-03-12,36.84,0.0,KL-PER-02
2014-03-13,36.41,0.0,KL-PER-02
2014-03-14,36.07,0.0,KL-PER-02
2014-03-15,35.73,0.0,KL-PER-02
2014-03-16,35.56,0.0,KL-PER-02
2014-03-17,35.39,0.0,KL-PER-02
2014-03-18,35.39,0.0,KL-PER-02
2014-03-19,35.48,0.6,KL-PER-02
2014-03-20,36.67,1.5,KL-PER-02
2014-03-21,38.08,0.0,KL-PER-02
2014-03-22,37.37,0.3,KL-PER-02
2014-03-23,36.76,0.0,KL-PER-02
2014-03-24,35.98,0.0,KL-PER-02
2014-03-25,35.48,0.0,KL-PER-02
2014-03-26,35.14,0.0,KL-PER-02
2014-03-27,34.89,0.0,KL-PER-02
2014-03-28,34.89,0.0,KL-PER-02
2014-03-29,34.73,0.0,KL-PER-02
2014-03-30,34.48,0.0,KL-PER-02
2014-03-31,34.65,1.3,KL-PER-02
2014-04-01,34.97,0.0,KL-PER-02
2014-04-02,35.14,0.0,KL-PER-02
2014-04-03,35.06,0.0,KL-PER-02
2014-04-04,34.89,1.8,KL-PER-02
2014-04-05,35.31,0.9,KL-PER-02
2014-04-06,37.99,8.1,KL-PER-02
2014-04-07,41.66,6.7,KL-PER-02
2014-04-08,42.85,2.6,KL-PER-02
2014-04-09,45.24,6.8,KL-PER-02
2014-04-10,47.87,6.4,KL-PER-02
2014-04-11,49.7,7.3,KL-PER-02
2014-04-12,53.95,22.7,KL-PER-02
2014-04-13,54.08,0.2,KL-PER-02
2014-04-14,54.08,6.3,KL-PER-02
2014-04-15,53.58,5.1,KL-PER-02
2014-04-16,53.2,3.8,KL-PER-02
2014-04-17,54.72,13.8,KL-PER-02
2014-04-18,55.36,2.4,KL-PER-02
2014-04-19,55.75,2.7,KL-PER-02
2014-04-20,56.15,1.3,KL-PER-02
2014-04-21,56.54,1.5,KL-PER-02
2014-04-22,56.94,0.2,KL-PER-02
2014-04-23,57.21,0.4,KL-PER-02
2014-04-24,58.84,5.5,KL-PER-02
2014-04-25,60.8,2.4,KL-PER-02
2014-04-26,61.52,0.4,KL-PER-02
2014-04-27,62.1,4.0,KL-PER-02
2014-04-28,62.39,0.0,KL-PER-02
2014-04-29,63.71,4.0,KL-PER-02
2014-04-30,65.07,4.6,KL-PER-02
2014-05-01,65.37,3.9,KL-PER-02
2014-05-02,65.07,3.8,KL-PER-02
2014-05-03,65.83,4.8,KL-PER-02
2014-05-04,70.45,19.8,KL-PER-02
2014-05-05,78.43,23.0,KL-PER-02
2014-05-06,96.72,23.0,KL-PER-02
2014-05-07,156.4,40.1,KL-PER-02
2014-05-08,216.27,47.4,KL-PER-02
2014-05-09,212.8,8.3,KL-PER-02
2014-05-10,188.67,1.2,KL-PER-02
2014-05-11,169.61,4.0,KL-PER-02
2014-05-12,158.59,1.7,KL-PER-02
2014-05-13,156.4,7.8,KL-PER-02
2014-05-14,155.68,0.0,KL-PER-02
2014-05-15,151.41,0.0,KL-PER-02
2014-05-16,144.21,0.1,KL-PER-02
2014-05-17,136.4,0.0,KL-PER-02
2014-05-18,128.42,2.5,KL-PER-02
2014-05-19,122.31,3.6,KL-PER-02
2014-05-20,119.5,6.0,KL-PER-02
2014-05-21,119.23,6.1,KL-PER-02
2014-05-22,119.5,10.9,KL-PER-02
2014-05-23,117.85,4.9,KL-PER-02
2014-05-24,121.74,25.1,KL-PER-02
2014-05-25,124.31,0.8,KL-PER-02
2014-05-26,123.45,1.3,KL-PER-02
2014-05-27,118.12,7.8,KL-PER-02
2014-05-28,115.41,14.7,KL-PER-02
2014-05-29,117.3,14.1,KL-PER-02
2014-05-30,118.95,4.0,KL-PER-02
2014-05-31,118.67,5.2,KL-PER-02
2014-06-01,119.5,11.3,KL-PER-02
2014-06-02,129.02,28.8,KL-PER-02
2014-06-03,143.88,17.6,KL-PER-02
2014-06-04,152.46,17.6,KL-PER-02
2014-06-05,155.31,18.0,KL-PER-02
2014-06-06,166.11,25.4,KL-PER-02
2014-06-07,181.39,19.8,KL-PER-02
2014-06-08,190.87,16.9,KL-PER-02
2014-06-09,197.61,16.1,KL-PER-02
2014-06-10,211.32,24.0,KL-PER-02
2014-06-11,221.84,10.4,KL-PER-02
2014-06-12,228.61,25.7,KL-PER-02
2014-06-13,230.74,8.2,KL-PER-02
2014-06-14,224.42,3.3,KL-PER-02
2014-06-15,213.78,3.2,KL-PER-02
2014-06-16,204.12,6.1,KL-PER-02
2014-06-17,204.12,18.0,KL-PER-02
2014-06-18,213.78,15.9,KL-PER-02
2014-06-19,228.61,23.2,KL-PER-02
2014-06-20,249.03,25.4,KL-PER-02
2014-06-21,266.3,15.2,KL-PER-02
2014-06-22,269.4,4.0,KL-PER-02
2014-06-23,261.42,4.5,KL-PER-02
2014-06-24,251.35,4.2,KL-PER-02
2014-06-25,243.91,2.9,KL-PER-02
2014-06-26,235.05,1.6,KL-PER-02
2014-06-27,224.94,5.7,KL-PER-02
2014-06-28,215.77,3.6,KL-PER-02
2014-06-29,207.45,4.6,KL-PER-02
2014-06-30,203.64,13.8,KL-PER-02
2014-07-01,209.38,29.1,KL-PER-02
2014-07-02,214.28,1.1,KL-PER-02
2014-07-03,210.35,1.2,KL-PER-02
2014-07-04,205.54,16.4,KL-PER-02
2014-07-05,220.31,36.0,KL-PER-02
2014-07-06,237.78,11.9,KL-PER-02
2014-07-07,246.17,26.7,KL-PER-02
2014-07-08,250.77,6.3,KL-PER-02
2014-07-09,260.22,15.8,KL-PER-02
2014-07-10,286.08,30.3,KL-PER-02
2014-07-11,307.32,13.8,KL-PER-02
2014-07-12,339.41,32.3,KL-PER-02
2014-07-13,394.37,17.8,KL-PER-02
2014-07-14,501.34,37.9,KL-PER-02
2014-07-15,570.48,35.0,KL-PER-02
2014-07-16,554.9,8.9,KL-PER-02
2014-07-17,513.04,2.2,KL-PER-02
2014-07-18,477.63,26.7,KL-PER-02
2014-07-19,459.26,17.6,KL-PER-02
2014-07-20,447.75,13.9,KL-PER-02
2014-07-21,436.52,9.7,KL-PER-02
2014-07-22,430.52,24.7,KL-PER-02
2014-07-23,430.52,19.1,KL-PER-02
2014-07-24,421.67,6.8,KL-PER-02
2014-07-25,404.51,5.4,KL-PER-02
2014-07-26,390.74,22.1,KL-PER-02
2014-07-27,397.11,39.7,KL-PER-02
2014-07-28,404.51,17.1,KL-PER-02
2014-07-29,400.79,9.1,KL-PER-02
2014-07-30,388.94,9.0,KL-PER-02
2014-07-31,399.87,40.2,KL-PER-02
2014-08-01,532.33,60.9,KL-PER-02
2014-08-02,570.48,8.8,KL-PER-02
2014-08-03,547.28,19.6,KL-PER-02
2014-08-04,526.23,13.6,KL-PER-02
2014-08-05,515.42,31.8,KL-PER-02
2014-08-06,496.74,6.2,KL-PER-02
2014-08-07,478.73,17.3,KL-PER-02
2014-08-08,492.17,33.9,KL-PER-02
2014-08-09,501.34,15.6,KL-PER-02
2014-08-10,500.19,23.5,KL-PER-02
2014-08-11,514.23,31.8,KL-PER-02
2014-08-12,516.61,6.4,KL-PER-02
2014-08-13,505.99,3.1,KL-PER-02
2014-08-14,484.29,13.7,KL-PER-02
2014-08-15,467.81,0.9,KL-PER-02
2014-08-16,445.68,1.5,KL-PER-02
2014-08-17,423.62,8.7,KL-PER-02
2014-08-18,422.64,10.4,KL-PER-02
2014-08-19,435.52,20.8,KL-PER-02
2014-08-20,437.53,11.2,KL-PER-02
2014-08-21,436.52,13.0,KL-PER-02
2014-08-22,487.65,42.5,KL-PER-02
2014-08-23,516.61,29.5,KL-PER-02
2014-08-24,499.03,2.2,KL-PER-02
2014-08-25,467.81,2.3,KL-PER-02
2014-08-26,437.53,5.5,KL-PER-02
2014-08-27,412.05,2.7,KL-PER-02
2014-08-28,391.65,9.6,KL-PER-02
2014-08-29,400.79,42.6,KL-PER-02
2014-08-30,462.45,41.7,KL-PER-02
2014-08-31,501.34,32.9,KL-PER-02
2014-09-01,508.33,22.6,KL-PER-02
2014-09-02,551.08,51.0,KL-PER-02
2014-09-03,668.88,71.5,KL-PER-02
2014-09-04,681.34,19.4,KL-PER-02
2014-09-05,629.96,12.0,KL-PER-02
2014-09-06,582.45,7.4,KL-PER-02
2014-09-07,547.28,11.0,KL-PER-02
2014-09-08,516.61,6.0,KL-PER-02
2014-09-09,488.78,7.6,KL-PER-02
2014-09-10,462.45,2.1,KL-PER-02
2014-09-11,435.52,1.6,KL-PER-02
2014-09-12,411.1,2.7,KL-PER-02
2014-09-13,389.84,10.0,KL-PER-02
2014-09-14,377.44,20.1,KL-PER-02
2014-09-15,370.54,14.7,KL-PER-02
2014-09-16,357.92,3.4,KL-PER-02
2014-09-17,340.98,2.4,KL-PER-02
2014-09-18,324.09,2.6,KL-PER-02
2014-09-19,305.2,1.3,KL-PER-02
2014-09-20,287.4,3.5,KL-PER-02
2014-09-21,273.16,2.4,KL-PER-02
2014-09-22,262.63,6.4,KL-PER-02
2014-09-23,262.03,7.7,KL-PER-02
2014-09-24,267.53,15.2,KL-PER-02
2014-09-25,296.85,10.8,KL-PER-02
2014-09-26,392.55,9.3,KL-PER-02
2014-09-27,431.51,9.8,KL-PER-02
2014-09-28,407.32,11.8,KL-PER-02
2014-09-29,408.26,13.0,KL-PER-02
2014-09-30,424.6,11.5,KL-PER-02
2014-10-01,424.6,2.1,KL-PER-02
2014-10-02,411.1,6.6,KL-PER-02
2014-10-03,392.55,12.4,KL-PER-02
2014-10-04,378.31,15.6,KL-PER-02
2014-10-05,367.98,10.8,KL-PER-02
2014-10-06,362.08,16.2,KL-PER-02
2014-10-07,357.92,19.2,KL-PER-02
2014-10-08,347.34,6.5,KL-PER-02
2014-10-09,333.19,1.7,KL-PER-02
2014-10-10,324.09,3.6,KL-PER-02
2014-10-11,317.42,22.5,KL-PER-02
2014-10-12,315.96,19.7,KL-PER-02
2014-10-13,310.89,3.9,KL-PER-02
2014-10-14,307.32,23.2,KL-PER-02
2014-10-15,317.42,16.5,KL-PER-02
2014-10-16,330.13,8.5,KL-PER-02
2014-10-17,337.84,16.5,KL-PER-02
2014-10-18,591.93,39.3,KL-PER-02
2014-10-19,703.69,16.9,KL-PER-02
2014-10-20,650.63,14.1,KL-PER-02
2014-10-21,617.02,16.3,KL-PER-02
2014-10-22,627.06,68.8,KL-PER-02
2014-10-23,631.41,25.8,KL-PER-02
2014-10-24,615.59,6.5,KL-PER-02
2014-10-25,593.29,15.4,KL-PER-02
2014-10-26,563.94,10.7,KL-PER-02
2014-10-27,542.25,8.7,KL-PER-02
2014-10-28,543.5,9.0,KL-PER-02
2014-10-29,558.76,18.5,KL-PER-02
2014-10-30,587.84,6.5,KL-PER-02
2014-10-31,601.56,1.6,KL-PER-02
2014-11-01,590.56,2.2,KL-PER-02
2014-11-02,567.85,2.8,KL-PER-02
2014-11-03,594.66,7.4,KL-PER-02
2014-11-04,609.94,5.0,KL-PER-02
2014-11-05,594.66,1.6,KL-PER-02
2014-11-06,563.94,1.2,KL-PER-02
2014-11-07,531.11,1.1,KL-PER-02
2014-11-08,497.88,1.1,KL-PER-02
2014-11-09,467.81,2.0,KL-PER-02
2014-11-10,440.57,10.0,KL-PER-02
2014-11-11,417.79,2.9,KL-PER-02
2014-11-12,405.44,6.6,KL-PER-02
2014-11-13,401.72,3.6,KL-PER-02
2014-11-14,396.19,12.1,KL-PER-02
2014-11-15,387.15,3.5,KL-PER-02
2014-11-16,372.25,0.1,KL-PER-02
2014-11-17,353.0,0.0,KL-PER-02
2014-11-18,333.19,0.0,KL-PER-02
2014-11-19,315.23,0.0,KL-PER-02
2014-11-20,298.23,2.4,KL-PER-02
2014-11-21,287.4,1.4,KL-PER-02
2014-11-22,284.76,8.3,KL-PER-02
2014-11-23,285.42,2.4,KL-PER-02
2014-11-24,280.19,2.0,KL-PER-02
2014-11-25,271.9,0.0,KL-PER-02
2014-11-26,259.62,0.0,KL-PER-02
2014-11-27,249.61,1.9,KL-PER-02
2014-11-28,247.89,3.2,KL-PER-02
2014-11-29,253.68,2.0,KL-PER-02
2014-11-30,254.27,0.0,KL-PER-02
2014-12-01,249.03,0.1,KL-PER-02
2014-12-02,248.46,3.1,KL-PER-02
2014-12-03,245.6,0.0,KL-PER-02
2014-12-04,235.59,0.0,KL-PER-02
2014-12-05,224.94,0.0,KL-PER-02
2014-12-06,212.3,0.0,KL-PER-02
2014-12-07,199.91,0.0,KL-PER-02
2014-12-08,189.55,7.2,KL-PER-02
2014-12-09,186.93,8.0,KL-PER-02
2014-12-10,196.24,21.1,KL-PER-02
2014-12-11,205.06,2.5,KL-PER-02
2014-12-12,207.45,1.7,KL-PER-02
2014-12-13,206.97,11.1,KL-PER-02
2014-12-14,206.01,3.4,KL-PER-02
2014-12-15,202.24,0.0,KL-PER-02
2014-12-16,194.88,0.0,KL-PER-02
2014-12-17,191.31,0.1,KL-PER-02
2014-12-18,190.43,0.0,KL-PER-02
2014-12-19,185.64,0.0,KL-PER-02
2014-12-20,179.72,0.4,KL-PER-02
2014-12-21,172.38,1.9,KL-PER-02
2014-12-22,163.82,0.0,KL-PER-02
2014-12-23,155.68,0.0,KL-PER-02
2014-12-24,148.28,0.6,KL-PER-02
2014-12-25,141.89,1.6,KL-PER-02
2014-12-26,136.72,0.0,KL-PER-02
2014-12-27,131.74,0.1,KL-PER-02
2014-12-28,129.02,1.0,KL-PER-02
2014-12-29,131.74,3.8,KL-PER-02
2014-12-30,136.72,4.5,KL-PER-02
2014-12-31,138.32,6.0,KL-PER-02
2015-01-01,137.04,2.5,KL-PER-02
2015-01-02,134.52,0.0,KL-PER-02
2015-01-03,128.72,0.0,KL-PER-02
2015-01-04,121.74,0.0,KL-PER-02
2015-01-05,115.14,0.0,KL-PER-02
2015-01-06,109.41,0.0,KL-PER-02
2015-01-07,103.95,0.4,KL-PER-02
2015-01-08,99.69,1.9,KL-PER-02
2015-01-09,96.72,1.4,KL-PER-02
2015-01-10,94.5,0.0,KL-PER-02
2015-01-11,86.7,0.0,KL-PER-02
2015-01-12,79.91,0.0,KL-PER-02
2015-01-13,75.38,0.0,KL-PER-02
2015-01-14,71.44,0.0,KL-PER-02
2015-01-15,67.71,0.0,KL-PER-02
2015-01-16,64.31,0.0,KL-PER-02
2015-01-17,61.09,0.0,KL-PER-02
2015-01-18,58.43,0.0,KL-PER-02
2015-01-19,55.75,1.5,KL-PER-02
2015-01-20,53.45,0.0,KL-PER-02
2015-01-21,51.84,0.0,KL-PER-02
2015-01-22,50.4,0.0,KL-PER-02
2015-01-23,48.66,0.0,KL-PER-02
2015-01-24,46.97,0.0,KL-PER-02
2015-01-25,45.67,0.0,KL-PER-02
2015-01-26,44.39,0.0,KL-PER-02
2015-01-27,42.95,0.0,KL-PER-02
2015-01-28,41.76,0.0,KL-PER-02
2015-01-29,40.88,0.0,KL-PER-02
2015-01-30,40.21,0.0,KL-PER-02
2015-01-31,42.35,0.0,KL-PER-02
2015-02-01,43.98,0.0,KL-PER-02
2015-02-02,43.67,0.0,KL-PER-02
2015-02-03,43.06,0.0,KL-PER-02
2015-02-04,42.55,0.0,KL-PER-02
2015-02-05,42.45,0.2,KL-PER-02
2015-02-06,41.85,0.1,KL-PER-02
2015-02-07,41.17,0.0,KL-PER-02
2015-02-08,40.88,0.0,KL-PER-02
2015-02-09,40.59,1.1,KL-PER-02
2015-02-10,40.3,0.0,KL-PER-02
2015-02-11,40.3,0.0,KL-PER-02
2015-02-12,40.11,1.2,KL-PER-02
2015-02-13,39.93,0.4,KL-PER-02
2015-02-14,39.83,0.3,KL-PER-02
2015-02-15,39.46,0.9,KL-PER-02
2015-02-16,39.18,0.6,KL-PER-02
2015-02-17,38.9,0.6,KL-PER-02
2015-02-18,38.81,0.0,KL-PER-02
2015-02-19,38.72,0.0,KL-PER-02
2015-02-20,38.45,0.0,KL-PER-02
2015-02-21,38.17,0.0,KL-PER-02
2015-02-22,37.99,0.0,KL-PER-02
2015-02-23,37.82,0.0,KL-PER-02
2015-02-24,37.64,0.0,KL-PER-02
2015-02-25,37.64,0.0,KL-PER-02
2015-02-26,37.82,1.4,KL-PER-02
2015-02-27,38.45,1.0,KL-PER-02
2015-02-28,40.88,4.4,KL-PER-02
2015-03-01,43.16,0.5,KL-PER-02
2015-03-02,43.77,4.1,KL-PER-02
2015-03-03,45.77,9.6,KL-PER-02
2015-03-04,48.09,4.6,KL-PER-02
2015-03-05,48.66,0.4,KL-PER-02
2015-03-06,50.17,8.4,KL-PER-02
2015-03-07,53.45,14.5,KL-PER-02
2015-03-08,57.08,14.7,KL-PER-02
2015-03-09,57.75,3.9,KL-PER-02
2015-03-10,56.28,0.0,KL-PER-02
2015-03-11,54.08,0.0,KL-PER-02
2015-03-12,51.97,0.0,KL-PER-02
2015-03-13,50.29,0.8,KL-PER-02
2015-03-14,50.64,1.4,KL-PER-02
2015-03-15,53.7,4.7,KL-PER-02
2015-03-16,60.38,10.7,KL-PER-02
2015-03-17,64.01,0.5,KL-PER-02
2015-03-18,63.12,0.5,KL-PER-02
2015-03-19,60.09,0.0,KL-PER-02
2015-03-20,57.34,0.0,KL-PER-02
2015-03-21,55.1,0.0,KL-PER-02
2015-03-22,53.08,0.0,KL-PER-02
2015-03-23,51.48,0.0,KL-PER-02
2015-03-24,50.29,0.0,KL-PER-02
2015-03-25,49.23,0.0,KL-PER-02
2015-03-26,48.2,0.6,KL-PER-02
2015-03-27,47.31,0.7,KL-PER-02
2015-03-28,46.21,0.0,KL-PER-02
2015-03-29,45.56,0.4,KL-PER-02
2015-03-30,44.92,0.1,KL-PER-02
2015-03-31,44.5,1.3,KL-PER-02
2015-04-01,49.0,13.9,KL-PER-02
2015-04-02,53.33,0.0,KL-PER-02
2015-04-03,55.36,2.6,KL-PER-02
2015-04-04,55.89,3.0,KL-PER-02
2015-04-05,56.15,0.5,KL-PER-02
2015-04-06,57.75,3.4,KL-PER-02
2015-04-07,62.53,8.0,KL-PER-02
2015-04-08,68.82,1.4,KL-PER-02
2015-04-09,77.52,4.6,KL-PER-02
2015-04-10,83.53,3.3,KL-PER-02
2015-04-11,88.54,7.2,KL-PER-02
2015-04-12,94.28,9.1,KL-PER-02
2015-04-13,106.15,34.3,KL-PER-02
2015-04-14,112.76,9.5,KL-PER-02
2015-04-15,113.55,2.8,KL-PER-02
2015-04-16,113.55,5.5,KL-PER-02
2015-04-17,115.68,5.6,KL-PER-02
2015-04-18,119.78,1.1,KL-PER-02
2015-04-19,124.03,13.0,KL-PER-02
2015-04-20,129.32,19.4,KL-PER-02
2015-04-21,145.55,36.3,KL-PER-02
2015-04-22,157.49,0.5,KL-PER-02
2015-04-23,161.93,5.2,KL-PER-02
2015-04-24,167.66,20.8,KL-PER-02
2015-04-25,171.19,2.9,KL-PER-02
2015-04-26,173.98,13.4,KL-PER-02
2015-04-27,180.97,8.8,KL-PER-02
2015-04-28,189.99,6.6,KL-PER-02
2015-04-29,193.09,2.6,KL-PER-02
2015-04-30,189.99,9.4,KL-PER-02
2015-05-01,183.93,2.0,KL-PER-02
2015-05-02,179.3,1.5,KL-PER-02
2015-05-03,175.2,0.0,KL-PER-02
2015-05-04,175.2,8.5,KL-PER-02
2015-05-05,180.55,11.7,KL-PER-02
2015-05-06,186.93,8.4,KL-PER-02
2015-05-07,195.34,16.0,KL-PER-02
2015-05-08,204.12,14.0,KL-PER-02
2015-05-09,211.81,11.6,KL-PER-02
2015-05-10,214.77,7.8,KL-PER-02
2015-05-11,228.09,28.7,KL-PER-02
2015-05-12,250.77,37.6,KL-PER-02
2015-05-13,278.9,43.5,KL-PER-02
2015-05-14,296.17,17.4,KL-PER-02
2015-05-15,294.12,8.2,KL-PER-02
2015-05-16,290.74,20.4,KL-PER-02
2015-05-17,296.17,31.7,KL-PER-02
2015-05-18,304.49,15.7,KL-PER-02
2015-05-19,303.79,9.0,KL-PER-02
2015-05-20,296.17,6.6,KL-PER-02
2015-05-21,288.73,5.1,KL-PER-02
2015-05-22,281.49,2.9,KL-PER-02
2015-05-23,272.53,5.1,KL-PER-02
2015-05-24,265.07,8.0,KL-PER-02
2015-05-25,257.82,0.9,KL-PER-02
2015-05-26,248.46,5.7,KL-PER-02
2015-05-27,234.5,1.1,KL-PER-02
2015-05-28,225.99,8.9,KL-PER-02
2015-05-29,225.99,21.2,KL-PER-02
2015-05-30,228.09,9.6,KL-PER-02
2015-05-31,232.88,20.7,KL-PER-02
2015-06-01,239.44,8.1,KL-PER-02
2015-06-02,238.33,8.0,KL-PER-02
2015-06-03,230.74,3.3,KL-PER-02
2015-06-04,231.27,14.6,KL-PER-02
2015-06-05,237.78,4.5,KL-PER-02
2015-06-06,236.68,0.1,KL-PER-02
2015-06-07,229.14,16.3,KL-PER-02
2015-06-08,227.03,26.7,KL-PER-02
2015-06-09,224.94,11.3,KL-PER-02
2015-06-10,219.8,2.0,KL-PER-02
2015-06-11,229.14,45.4,KL-PER-02
2015-06-12,241.1,5.2,KL-PER-02
2015-06-13,240.55,13.3,KL-PER-02
2015-06-14,231.81,6.7,KL-PER-02
2015-06-15,228.61,19.8,KL-PER-02
2015-06-16,222.36,10.4,KL-PER-02
2015-06-17,220.82,11.8,KL-PER-02
2015-06-18,232.35,32.5,KL-PER-02
2015-06-19,255.45,19.9,KL-PER-02
2015-06-20,282.14,14.6,KL-PER-02
2015-06-21,336.29,40.7,KL-PER-02
2015-06-22,372.25,22.7,KL-PER-02
2015-06-23,377.44,10.4,KL-PER-02
2015-06-24,370.54,11.0,KL-PER-02
2015-06-25,376.57,21.1,KL-PER-02
2015-06-26,425.58,27.2,KL-PER-02
2015-06-27,456.09,15.3,KL-PER-02
2015-06-28,450.86,5.8,KL-PER-02
2015-06-29,434.51,20.7,KL-PER-02
2015-06-30,416.83,3.3,KL-PER-02
2015-07-01,396.19,1.8,KL-PER-02
2015-07-02,373.97,1.8,KL-PER-02
2015-07-03,355.45,4.3,KL-PER-02
2015-07-04,338.63,4.2,KL-PER-02
2015-07-05,321.85,3.7,KL-PER-02
2015-07-06,307.32,3.0,KL-PER-02
2015-07-07,294.12,6.5,KL-PER-02
2015-07-08,282.14,6.9,KL-PER-02
2015-07-09,280.19,20.4,KL-PER-02
2015-07-10,324.84,23.0,KL-PER-02
2015-07-11,359.58,13.7,KL-PER-02
2015-07-12,357.92,5.4,KL-PER-02
2015-07-13,339.41,0.7,KL-PER-02
2015-07-14,320.37,6.0,KL-PER-02
2015-07-15,320.37,23.4,KL-PER-02
2015-07-16,332.43,18.4,KL-PER-02
2015-07-17,404.51,32.3,KL-PER-02
2015-07-18,479.84,43.9,KL-PER-02
2015-07-19,562.64,35.4,KL-PER-02
2015-07-20,578.43,16.6,KL-PER-02
2015-07-21,569.16,25.9,KL-PER-02
2015-07-22,583.79,41.8,KL-PER-02
2015-07-23,632.87,38.4,KL-PER-02
2015-07-24,635.8,19.3,KL-PER-02
2015-07-25,611.35,32.2,KL-PER-02
2015-07-26,581.1,17.7,KL-PER-02
2015-07-27,547.28,4.6,KL-PER-02
2015-07-28,514.23,0.7,KL-PER-02
2015-07-29,484.29,1.0,KL-PER-02
2015-07-30,456.09,5.1,KL-PER-02
2015-07-31,430.52,3.6,KL-PER-02
2015-08-01,412.05,13.3,KL-PER-02
2015-08-02,403.58,18.3,KL-PER-02
2015-08-03,405.44,18.7,KL-PER-02
2015-08-04,407.32,23.0,KL-PER-02
2015-08-05,400.79,14.6,KL-PER-02
2015-08-06,389.84,5.9,KL-PER-02
2015-08-07,378.31,8.4,KL-PER-02
2015-08-08,367.13,12.1,KL-PER-02
2015-08-09,366.28,24.0,KL-PER-02
2015-08-10,377.44,25.3,KL-PER-02
2015-08-11,387.15,9.4,KL-PER-02
2015-08-12,383.59,7.6,KL-PER-02
2015-08-13,372.25,3.6,KL-PER-02
2015-08-14,357.1,1.1,KL-PER-02
2015-08-15,342.56,6.1,KL-PER-02
2015-08-16,332.43,7.1,KL-PER-02
2015-08-17,343.35,8.5,KL-PER-02
2015-08-18,462.45,72.3,KL-PER-02
2015-08-19,508.33,1.2,KL-PER-02
2015-08-20,480.95,4.1,KL-PER-02
2015-08-21,446.71,8.9,KL-PER-02
2015-08-22,420.7,16.8,KL-PER-02
2015-08-23,400.79,8.2,KL-PER-02
2015-08-24,378.31,1.4,KL-PER-02
2015-08-25,357.1,1.2,KL-PER-02
2015-08-26,336.29,3.7,KL-PER-02
2015-08-27,314.5,1.9,KL-PER-02
2015-08-28,295.48,1.3,KL-PER-02
2015-08-29,278.25,1.4,KL-PER-02
2015-08-30,262.63,3.5,KL-PER-02
2015-08-31,247.89,1.5,KL-PER-02
2015-09-01,234.5,2.2,KL-PER-02
2015-09-02,222.36,1.7,KL-PER-02
2015-09-03,212.8,2.5,KL-PER-02
2015-09-04,212.3,0.0,KL-PER-02
2015-09-05,220.31,5.5,KL-PER-02
2015-09-06,231.27,5.1,KL-PER-02
2015-09-07,239.44,14.4,KL-PER-02
2015-09-08,240.55,9.9,KL-PER-02
2015-09-09,236.14,10.3,KL-PER-02
2015-09-10,229.67,4.8,KL-PER-02
2015-09-11,223.91,13.1,KL-PER-02
2015-09-12,219.29,11.0,KL-PER-02
2015-09-13,212.3,0.3,KL-PER-02
2015-09-14,202.24,5.5,KL-PER-02
2015-09-15,194.43,12.6,KL-PER-02
2015-09-16,195.34,15.2,KL-PER-02
2015-09-17,202.7,13.4,KL-PER-02
2015-09-18,205.54,4.2,KL-PER-02
2015-09-19,206.97,25.8,KL-PER-02
2015-09-20,206.01,8.8,KL-PER-02
2015-09-21,204.12,0.0,KL-PER-02
2015-09-22,196.7,1.1,KL-PER-02
2015-09-23,186.93,2.5,KL-PER-02
2015-09-24,185.64,9.8,KL-PER-02
2015-09-25,195.34,2.2,KL-PER-02
2015-09-26,206.01,4.1,KL-PER-02
2015-09-27,213.78,11.3,KL-PER-02
2015-09-28,223.91,9.3,KL-PER-02
2015-09-29,276.97,17.5,KL-PER-02
2015-09-30,329.37,23.6,KL-PER-02
2015-10-01,341.77,8.1,KL-PER-02
2015-10-02,333.19,2.4,KL-PER-02
2015-10-03,318.89,6.4,KL-PER-02
2015-10-04,315.96,33.7,KL-PER-02
2015-10-05,323.34,19.7,KL-PER-02
2015-10-06,324.09,8.7,KL-PER-02
2015-10-07,313.05,4.0,KL-PER-02
2015-10-08,299.61,10.0,KL-PER-02
2015-10-09,294.12,23.2,KL-PER-02
2015-10-10,294.8,29.0,KL-PER-02
2015-10-11,293.44,8.6,KL-PER-02
2015-10-12,296.85,20.2,KL-PER-02
2015-10-13,319.63,13.4,KL-PER-02
2015-10-14,339.41,2.5,KL-PER-02
2015-10-15,337.06,8.6,KL-PER-02
2015-10-16,322.59,1.3,KL-PER-02
2015-10-17,307.32,3.6,KL-PER-02
2015-10-18,298.23,26.2,KL-PER-02
2015-10-19,296.17,8.3,KL-PER-02
2015-10-20,292.76,4.4,KL-PER-02
2015-10-21,285.42,5.3,KL-PER-02
2015-10-22,276.33,3.3,KL-PER-02
2015-10-23,266.3,8.0,KL-PER-02
2015-10-24,260.22,25.1,KL-PER-02
2015-10-25,261.42,1.5,KL-PER-02
2015-10-26,259.02,2.5,KL-PER-02
2015-10-27,246.74,2.1,KL-PER-02
2015-10-28,238.88,6.8,KL-PER-02
2015-10-29,238.88,5.2,KL-PER-02
2015-10-30,245.6,11.2,KL-PER-02
2015-10-31,397.11,45.0,KL-PER-02
2015-11-01,501.34,27.7,KL-PER-02
2015-11-02,482.06,6.5,KL-PER-02
2015-11-03,443.63,0.5,KL-PER-02
2015-11-04,424.6,7.9,KL-PER-02
2015-11-05,421.67,10.6,KL-PER-02
2015-11-06,416.83,0.3,KL-PER-02
2015-11-07,483.17,27.1,KL-PER-02
2015-11-08,488.78,9.6,KL-PER-02
2015-11-09,469.98,3.9,KL-PER-02
2015-11-10,443.63,0.7,KL-PER-02
2015-11-11,417.79,1.8,KL-PER-02
2015-11-12,398.02,20.6,KL-PER-02
2015-11-13,389.84,2.5,KL-PER-02
2015-11-14,387.15,1.3,KL-PER-02
2015-11-15,428.54,23.7,KL-PER-02
2015-11-16,457.14,0.4,KL-PER-02
2015-11-17,438.54,2.3,KL-PER-02
2015-11-18,414.91,12.1,KL-PER-02
2015-11-19,406.38,2.9,KL-PER-02
2015-11-20,402.65,0.5,KL-PER-02
2015-11-21,394.37,15.5,KL-PER-02
2015-11-22,388.94,13.6,KL-PER-02
2015-11-23,388.05,9.8,KL-PER-02
2015-11-24,380.94,6.8,KL-PER-02
2015-11-25,364.59,0.0,KL-PER-02
2015-11-26,344.94,0.0,KL-PER-02
2015-11-27,326.34,0.5,KL-PER-02
2015-11-28,311.61,0.0,KL-PER-02
2015-11-29,311.61,0.8,KL-PER-02
2015-11-30,326.34,23.1,KL-PER-02
2015-12-01,337.84,2.1,KL-PER-02
2015-12-02,341.77,1.1,KL-PER-02
2015-12-03,337.84,0.0,KL-PER-02
2015-12-04,331.66,0.0,KL-PER-02
2015-12-05,334.74,21.7,KL-PER-02
2015-12-06,346.54,1.1,KL-PER-02
2015-12-07,346.54,2.4,KL-PER-02
2015-12-08,340.98,3.3,KL-PER-02
2015-12-09,333.19,0.4,KL-PER-02
2015-12-10,321.85,3.8,KL-PER-02
2015-12-11,312.33,3.5,KL-PER-02
2015-12-12,307.32,6.1,KL-PER-02
2015-12-13,308.03,20.9,KL-PER-02
2015-12-14,314.5,10.6,KL-PER-02
2015-12-15,322.59,12.2,KL-PER-02
2015-12-16,328.61,1.8,KL-PER-02
2015-12-17,319.63,0.0,KL-PER-02
2015-12-18,303.79,0.3,KL-PER-02
2015-12-19,288.07,0.1,KL-PER-02
2015-12-20,275.06,1.7,KL-PER-02
2015-12-21,262.63,0.0,KL-PER-02
2015-12-22,249.61,0.0,KL-PER-02
2015-12-23,237.23,0.0,KL-PER-02
2015-12-24,225.99,0.0,KL-PER-02
2015-12-25,213.78,0.0,KL-PER-02
2015-12-26,201.3,0.0,KL-PER-02
2015-12-27,189.99,0.0,KL-PER-02
2015-12-28,179.72,0.0,KL-PER-02
2015-12-29,170.0,0.0,KL-PER-02
2015-12-30,160.44,0.0,KL-PER-02
2015-12-31,152.11,0.0,KL-PER-02
2016-01-01,143.88,0.0,KL-PER-02
2016-01-02,136.09,0.0,KL-PER-02
2016-01-03,128.72,0.0,KL-PER-02
2016-01-04,122.03,0.0,KL-PER-02
2016-01-05,115.68,0.0,KL-PER-02
2016-01-06,109.66,0.0,KL-PER-02
2016-01-07,104.2,0.0,KL-PER-02
2016-01-08,99.0,0.0,KL-PER-02
2016-01-09,94.5,0.0,KL-PER-02
2016-01-10,89.99,0.0,KL-PER-02
2016-01-11,80.47,0.0,KL-PER-02
2016-01-12,72.79,0.0,KL-PER-02
2016-01-13,68.34,0.1,KL-PER-02
2016-01-14,64.92,0.0,KL-PER-02
2016-01-15,61.66,0.0,KL-PER-02
2016-01-16,58.7,0.0,KL-PER-02
2016-01-17,56.02,0.7,KL-PER-02
2016-01-18,53.58,0.0,KL-PER-02
2016-01-19,51.36,0.0,KL-PER-02
2016-01-20,49.47,0.1,KL-PER-02
2016-01-21,48.89,0.0,KL-PER-02
2016-01-22,48.66,0.2,KL-PER-02
2016-01-23,47.87,0.0,KL-PER-02
2016-01-24,45.99,0.0,KL-PER-02
2016-01-25,44.5,0.0,KL-PER-02
2016-01-26,43.36,0.3,KL-PER-02
2016-01-27,42.65,0.0,KL-PER-02
2016-01-28,41.85,0.0,KL-PER-02
2016-01-29,40.78,0.0,KL-PER-02
2016-01-30,39.83,0.0,KL-PER-02
2016-01-31,41.95,0.0,KL-PER-02
2016-02-01,43.98,0.0,KL-PER-02
2016-02-02,43.87,0.0,KL-PER-02
2016-02-03,43.36,0.0,KL-PER-02
2016-02-04,42.95,0.0,KL-PER-02
2016-02-05,42.35,0.0,KL-PER-02
2016-02-06,41.76,0.0,KL-PER-02
2016-02-07,41.56,0.0,KL-PER-02
2016-02-08,41.36,0.0,KL-PER-02
2016-02-09,41.36,0.4,KL-PER-02
2016-02-10,41.66,1.4,KL-PER-02
2016-02-11,42.15,1.4,KL-PER-02
2016-02-12,42.55,0.4,KL-PER-02
2016-02-13,42.45,0.3,KL-PER-02
2016-02-14,41.85,0.0,KL-PER-02
2016-02-15,41.36,0.0,KL-PER-02
2016-02-16,40.98,0.0,KL-PER-02
2016-02-17,40.88,0.0,KL-PER-02
2016-02-18,40.69,0.8,KL-PER-02
2016-02-19,40.4,0.0,KL-PER-02
2016-02-20,40.02,0.3,KL-PER-02
2016-02-21,39.74,0.2,KL-PER-02
2016-02-22,39.36,0.0,KL-PER-02
2016-02-23,39.64,5.4,KL-PER-02
2016-02-24,40.21,3.1,KL-PER-02
2016-02-25,40.3,0.0,KL-PER-02
2016-02-26,39.93,0.2,KL-PER-02
2016-02-27,39.74,0.0,KL-PER-02
2016-02-28,39.74,0.4,KL-PER-02
2016-02-29,39.46,0.9,KL-PER-02
2016-03-01,39.09,0.0,KL-PER-02
2016-03-02,38.9,0.0,KL-PER-02
2016-03-03,38.63,0.0,KL-PER-02
2016-03-04,38.54,0.0,KL-PER-02
2016-03-05,38.45,0.0,KL-PER-02
2016-03-06,38.17,0.0,KL-PER-02
2016-03-07,37.9,0.0,KL-PER-02
2016-03-08,37.82,0.0,KL-PER-02
2016-03-09,37.73,0.0,KL-PER-02
2016-03-10,37.9,0.0,KL-PER-02
2016-03-11,37.9,0.3,KL-PER-02
2016-03-12,38.17,1.6,KL-PER-02
2016-03-13,38.45,0.2,KL-PER-02
2016-03-14,38.9,4.5,KL-PER-02
2016-03-15,40.98,3.0,KL-PER-02
2016-03-16,41.95,0.0,KL-PER-02
2016-03-17,40.78,0.0,KL-PER-02
2016-03-18,39.83,0.4,KL-PER-02
2016-03-19,39.36,0.3,KL-PER-02
2016-03-20,39.18,0.0,KL-PER-02
2016-03-21,38.99,0.1,KL-PER-02
2016-03-22,39.09,3.5,KL-PER-02
2016-03-23,39.36,0.2,KL-PER-02
2016-03-24,40.59,6.7,KL-PER-02
2016-03-25,41.27,3.3,KL-PER-02
2016-03-26,40.21,0.0,KL-PER-02
2016-03-27,39.27,0.5,KL-PER-02
2016-03-28,38.9,0.1,KL-PER-02
2016-03-29,38.81,0.7,KL-PER-02
2016-03-30,38.99,1.4,KL-PER-02
2016-03-31,38.9,0.9,KL-PER-02
2016-04-01,38.9,1.1,KL-PER-02
2016-04-02,39.27,1.2,KL-PER-02
2016-04-03,39.64,0.6,KL-PER-02
2016-04-04,39.64,0.3,KL-PER-02
2016-04-05,40.98,2.4,KL-PER-02
2016-04-06,42.35,0.9,KL-PER-02
2016-04-07,41.46,0.1,KL-PER-02
2016-04-08,43.67,8.5,KL-PER-02
2016-04-09,46.32,2.4,KL-PER-02
2016-04-10,47.53,5.6,KL-PER-02
2016-04-11,47.42,1.1,KL-PER-02
2016-04-12,46.86,1.8,KL-PER-02
2016-04-13,46.32,1.1,KL-PER-02
2016-04-14,46.42,2.0,KL-PER-02
2016-04-15,47.08,3.4,KL-PER-02
2016-04-16,47.87,4.0,KL-PER-02
2016-04-17,48.66,3.5,KL-PER-02
2016-04-18,49.12,0.9,KL-PER-02
2016-04-19,49.82,3.8,KL-PER-02
2016-04-20,50.88,5.1,KL-PER-02
2016-04-21,51.97,2.5,KL-PER-02
2016-04-22,52.46,1.6,KL-PER-02
2016-04-23,52.7,0.5,KL-PER-02
2016-04-24,52.95,0.5,KL-PER-02
2016-04-25,53.33,0.9,KL-PER-02
2016-04-26,54.08,0.0,KL-PER-02
2016-04-27,54.59,0.0,KL-PER-02
2016-04-28,54.72,1.4,KL-PER-02
2016-04-29,54.85,3.9,KL-PER-02
2016-04-30,54.59,1.8,KL-PER-02
2016-05-01,53.83,2.4,KL-PER-02
2016-05-02,53.08,0.2,KL-PER-02
2016-05-03,52.58,1.2,KL-PER-02
2016-05-04,53.58,10.6,KL-PER-02
2016-05-05,56.68,5.4,KL-PER-02
2016-05-06,59.81,7.1,KL-PER-02
2016-05-07,64.01,6.2,KL-PER-02
2016-05-08,68.66,7.6,KL-PER-02
2016-05-09,70.78,2.2,KL-PER-02
2016-05-10,77.52,29.7,KL-PER-02
2016-05-11,80.47,2.6,KL-PER-02
2016-05-12,82.56,5.8,KL-PER-02
2016-05-13,84.51,7.8,KL-PER-02
2016-05-14,87.92,10.4,KL-PER-02
2016-05-15,92.54,8.5,KL-PER-02
2016-05-16,96.72,6.4,KL-PER-02
2016-05-17,104.44,32.0,KL-PER-02
2016-05-18,110.69,29.4,KL-PER-02
2016-05-19,113.55,19.8,KL-PER-02
2016-05-20,111.72,8.8,KL-PER-02
2016-05-21,106.65,2.1,KL-PER-02
2016-05-22,102.99,13.1,KL-PER-02
2016-05-23,102.04,7.8,KL-PER-02
2016-05-24,104.44,16.1,KL-PER-02
2016-05-25,107.39,14.3,KL-PER-02
2016-05-26,107.39,7.5,KL-PER-02
2016-05-27,109.15,15.8,KL-PER-02
2016-05-28,117.03,27.2,KL-PER-02
2016-05-29,123.45,10.4,KL-PER-02
2016-05-30,129.92,21.5,KL-PER-02
2016-05-31,138.96,27.6,KL-PER-02
2016-06-01,159.32,41.1,KL-PER-02
2016-06-02,166.49,7.9,KL-PER-02
2016-06-03,167.66,11.2,KL-PER-02
2016-06-04,167.27,14.5,KL-PER-02
2016-06-05,164.96,10.4,KL-PER-02
2016-06-06,161.18,8.9,KL-PER-02
2016-06-07,161.93,19.3,KL-PER-02
2016-06-08,186.5,39.8,KL-PER-02
2016-06-09,223.39,28.1,KL-PER-02
2016-06-10,254.27,30.2,KL-PER-02
2016-06-11,264.46,14.0,KL-PER-02
2016-06-12,262.63,14.2,KL-PER-02
2016-06-13,257.23,16.4,KL-PER-02
2016-06-14,250.19,6.8,KL-PER-02
2016-06-15,241.66,8.4,KL-PER-02
2016-06-16,235.59,12.3,KL-PER-02
2016-06-17,249.03,43.7,KL-PER-02
2016-06-18,301.0,34.6,KL-PER-02
2016-06-19,340.98,19.9,KL-PER-02
2016-06-20,349.75,19.7,KL-PER-02
2016-06-21,349.75,21.4,KL-PER-02
2016-06-22,358.75,21.2,KL-PER-02
2016-06-23,369.68,14.5,KL-PER-02
2016-06-24,412.05,35.8,KL-PER-02
2016-06-25,434.51,12.8,KL-PER-02
2016-06-26,427.55,11.0,KL-PER-02
2016-06-27,425.58,31.1,KL-PER-02
2016-06-28,471.06,28.4,KL-PER-02
2016-06-29,511.86,18.5,KL-PER-02
2016-06-30,511.86,7.6,KL-PER-02
2016-07-01,492.17,8.3,KL-PER-02
2016-07-02,469.98,5.0,KL-PER-02
2016-07-03,446.71,11.0,KL-PER-02
2016-07-04,442.61,32.7,KL-PER-02
2016-07-05,443.63,12.4,KL-PER-02
2016-07-06,446.71,22.7,KL-PER-02
2016-07-07,446.71,5.1,KL-PER-02
2016-07-08,460.32,49.3,KL-PER-02
2016-07-09,472.15,15.2,KL-PER-02
2016-07-10,494.45,12.8,KL-PER-02
2016-07-11,514.23,15.7,KL-PER-02
2016-07-12,515.42,12.3,KL-PER-02
2016-07-13,497.88,7.3,KL-PER-02
2016-07-14,476.53,12.3,KL-PER-02
2016-07-15,467.81,11.5,KL-PER-02
2016-07-16,462.45,6.5,KL-PER-02
2016-07-17,448.78,6.8,KL-PER-02
2016-07-18,434.51,14.0,KL-PER-02
2016-07-19,419.73,3.7,KL-PER-02
2016-07-20,398.02,3.9,KL-PER-02
2016-07-21,379.19,3.7,KL-PER-02
2016-07-22,366.28,8.4,KL-PER-02
2016-07-23,367.13,16.4,KL-PER-02
2016-07-24,385.37,35.7,KL-PER-02
2016-07-25,401.72,13.8,KL-PER-02
2016-07-26,431.51,14.7,KL-PER-02
2016-07-27,468.89,22.3,KL-PER-02
2016-07-28,473.24,15.5,KL-PER-02
2016-07-29,458.2,13.7,KL-PER-02
2016-07-30,437.53,7.2,KL-PER-02
2016-07-31,414.91,3.8,KL-PER-02
2016-08-01,394.37,5.4,KL-PER-02
2016-08-02,378.31,9.3,KL-PER-02
2016-08-03,367.13,12.9,KL-PER-02
2016-08-04,363.75,12.5,KL-PER-02
2016-08-05,357.1,6.7,KL-PER-02
2016-08-06,345.74,5.1,KL-PER-02
2016-08-07,328.61,5.8,KL-PER-02
2016-08-08,310.89,3.4,KL-PER-02
2016-08-09,296.17,4.2,KL-PER-02
2016-08-10,282.79,3.8,KL-PER-02
2016-08-11,270.02,1.0,KL-PER-02
2016-08-12,263.24,25.9,KL-PER-02
2016-08-13,258.42,4.2,KL-PER-02
2016-08-14,254.27,12.2,KL-PER-02
2016-08-15,251.35,6.3,KL-PER-02
2016-08-16,250.19,8.3,KL-PER-02
2016-08-17,250.19,4.7,KL-PER-02
2016-08-18,247.89,5.1,KL-PER-02
2016-08-19,241.66,3.0,KL-PER-02
2016-08-20,232.35,1.1,KL-PER-02
2016-08-21,222.87,2.5,KL-PER-02
2016-08-22,214.28,2.1,KL-PER-02
2016-08-23,208.89,3.2,KL-PER-02
2016-08-24,208.41,6.5,KL-PER-02
2016-08-25,210.35,8.1,KL-PER-02
2016-08-26,213.78,17.6,KL-PER-02
2016-08-27,214.28,14.5,KL-PER-02
2016-08-28,209.86,2.3,KL-PER-02
2016-08-29,204.59,12.5,KL-PER-02
2016-08-30,206.97,18.3,KL-PER-02
2016-08-31,216.27,8.2,KL-PER-02
2016-09-01,227.03,33.5,KL-PER-02
2016-09-02,233.96,15.4,KL-PER-02
2016-09-03,235.05,3.3,KL-PER-02
2016-09-04,227.03,3.3,KL-PER-02
2016-09-05,216.27,2.2,KL-PER-02
2016-09-06,206.01,2.7,KL-PER-02
2016-09-07,196.7,2.4,KL-PER-02
2016-09-08,187.36,2.3,KL-PER-02
2016-09-09,178.89,1.9,KL-PER-02
2016-09-10,171.98,1.1,KL-PER-02
2016-09-11,164.96,3.7,KL-PER-02
2016-09-12,158.59,2.7,KL-PER-02
2016-09-13,155.31,11.7,KL-PER-02
2016-09-14,157.12,10.6,KL-PER-02
2016-09-15,159.69,11.4,KL-PER-02
2016-09-16,158.22,2.9,KL-PER-02
2016-09-17,154.24,2.9,KL-PER-02
2016-09-18,151.76,16.0,KL-PER-02
2016-09-19,148.97,2.6,KL-PER-02
2016-09-20,145.55,4.2,KL-PER-02
2016-09-21,143.21,6.8,KL-PER-02
2016-09-22,140.91,1.6,KL-PER-02
2016-09-23,137.68,3.9,KL-PER-02
2016-09-24,134.83,5.1,KL-PER-02
2016-09-25,133.9,6.9,KL-PER-02
2016-09-26,133.59,2.8,KL-PER-02
2016-09-27,131.43,2.6,KL-PER-02
2016-09-28,129.92,8.9,KL-PER-02
2016-09-29,132.97,21.5,KL-PER-02
2016-09-30,135.77,1.1,KL-PER-02
2016-10-01,134.21,2.4,KL-PER-02
2016-10-02,128.42,0.4,KL-PER-02
2016-10-03,122.03,0.6,KL-PER-02
2016-10-04,116.49,1.8,KL-PER-02
2016-10-05,111.98,0.5,KL-PER-02
2016-10-06,107.89,0.6,KL-PER-02
2016-10-07,103.71,0.3,KL-PER-02
2016-10-08,99.23,2.6,KL-PER-02
2016-10-09,95.16,2.3,KL-PER-02
2016-10-10,91.68,3.2,KL-PER-02
2016-10-11,88.74,1.9,KL-PER-02
2016-10-12,86.7,4.2,KL-PER-02
2016-10-13,92.33,26.2,KL-PER-02
2016-10-14,103.71,18.3,KL-PER-02
2016-10-15,124.6,18.0,KL-PER-02
2016-10-16,152.46,9.2,KL-PER-02
2016-10-17,168.82,10.3,KL-PER-02
2016-10-18,171.98,0.3,KL-PER-02
2016-10-19,170.79,2.5,KL-PER-02
2016-10-20,169.61,11.8,KL-PER-02
2016-10-21,191.31,20.9,KL-PER-02
2016-10-22,222.36,13.3,KL-PER-02
2016-10-23,236.68,6.2,KL-PER-02
2016-10-24,234.5,1.1,KL-PER-02
2016-10-25,224.42,4.0,KL-PER-02
2016-10-26,218.79,8.7,KL-PER-02
2016-10-27,218.28,8.2,KL-PER-02
2016-10-28,217.78,1.6,KL-PER-02
2016-10-29,213.29,5.9,KL-PER-02
2016-10-30,213.78,25.7,KL-PER-02
2016-10-31,231.27,11.3,KL-PER-02
2016-11-01,252.51,6.2,KL-PER-02
2016-11-02,257.82,10.2,KL-PER-02
2016-11-03,260.82,13.6,KL-PER-02
2016-11-04,284.76,12.6,KL-PER-02
2016-11-05,305.9,0.7,KL-PER-02
2016-11-06,300.3,0.0,KL-PER-02
2016-11-07,281.49,0.0,KL-PER-02
2016-11-08,264.46,0.5,KL-PER-02
2016-11-09,251.93,3.2,KL-PER-02
2016-11-10,242.78,0.1,KL-PER-02
2016-11-11,233.42,0.2,KL-PER-02
2016-11-12,221.84,0.2,KL-PER-02
2016-11-13,210.84,16.8,KL-PER-02
2016-11-14,211.32,15.8,KL-PER-02
2016-11-15,210.35,1.4,KL-PER-02
2016-11-16,202.7,0.2,KL-PER-02
2016-11-17,193.09,0.0,KL-PER-02
2016-11-18,183.5,0.0,KL-PER-02
2016-11-19,174.79,0.8,KL-PER-02
2016-11-20,167.27,0.0,KL-PER-02
2016-11-21,158.96,0.2,KL-PER-02
2016-11-22,151.05,0.0,KL-PER-02
2016-11-23,143.21,0.2,KL-PER-02
2016-11-24,136.72,0.0,KL-PER-02
2016-11-25,129.92,0.0,KL-PER-02
2016-11-26,123.45,0.0,KL-PER-02
2016-11-27,117.3,0.0,KL-PER-02
2016-11-28,111.2,0.0,KL-PER-02
2016-11-29,105.91,0.0,KL-PER-02
2016-11-30,101.57,0.0,KL-PER-02
2016-12-01,101.57,12.9,KL-PER-02
2016-12-02,110.17,1.8,KL-PER-02
2016-12-03,123.45,5.7,KL-PER-02
2016-12-04,129.92,0.0,KL-PER-02
2016-12-05,129.32,0.2,KL-PER-02
2016-12-06,123.45,0.6,KL-PER-02
2016-12-07,118.12,0.3,KL-PER-02
2016-12-08,112.76,0.4,KL-PER-02
2016-12-09,107.39,0.6,KL-PER-02
2016-12-10,103.71,0.0,KL-PER-02
2016-12-11,100.16,0.0,KL-PER-02
2016-12-12,95.38,0.0,KL-PER-02
2016-12-13,92.33,11.7,KL-PER-02
2016-12-14,90.2,2.1,KL-PER-02
2016-12-15,88.13,0.7,KL-PER-02
2016-12-16,84.9,0.0,KL-PER-02
2016-12-17,81.22,0.0,KL-PER-02
2016-12-18,78.07,0.0,KL-PER-02
2016-12-19,75.03,0.0,KL-PER-02
2016-12-20,72.28,0.0,KL-PER-02
2016-12-21,69.96,0.0,KL-PER-02
2016-12-22,67.87,0.0,KL-PER-02
2016-12-23,65.83,0.0,KL-PER-02
2016-12-24,63.71,0.3,KL-PER-02
2016-12-25,62.24,3.1,KL-PER-02
2016-12-26,60.94,0.0,KL-PER-02
2016-12-27,59.12,0.0,KL-PER-02
2016-12-28,57.61,0.0,KL-PER-02
2016-12-29,56.54,0.0,KL-PER-02
2016-12-30,55.1,0.0,KL-PER-02
2016-12-31,53.58,0.0,KL-PER-02
2017-01-01,52.21,0.1,KL-PER-02
2017-01-02,51.12,0.1,KL-PER-02
2017-01-03,50.17,0.7,KL-PER-02
2017-01-04,49.35,1.6,KL-PER-02
2017-01-05,48.55,0.3,KL-PER-02
2017-01-06,47.75,1.8,KL-PER-02
2017-01-07,47.08,0.3,KL-PER-02
2017-01-08,46.42,0.3,KL-PER-02
2017-01-09,45.88,0.8,KL-PER-02
2017-01-10,45.56,0.4,KL-PER-02
2017-01-11,40.11,0.6,KL-PER-02
2017-01-12,36.15,0.3,KL-PER-02
2017-01-13,35.56,1.0,KL-PER-02
2017-01-14,35.06,1.7,KL-PER-02
2017-01-15,34.24,0.0,KL-PER-02
2017-01-16,33.43,0.6,KL-PER-02
2017-01-17,32.81,0.0,KL-PER-02
2017-01-18,32.11,0.0,KL-PER-02
2017-01-19,31.36,0.0,KL-PER-02
2017-01-20,30.7,0.0,KL-PER-02
2017-01-21,32.04,1.0,KL-PER-02
2017-01-22,35.06,19.3,KL-PER-02
2017-01-23,36.41,0.0,KL-PER-02
2017-01-24,35.98,0.0,KL-PER-02
2017-01-25,36.24,2.4,KL-PER-02
2017-01-26,36.41,0.0,KL-PER-02
2017-01-27,68.66,21.6,KL-PER-02
2017-01-28,105.66,21.0,KL-PER-02
2017-01-29,103.95,4.6,KL-PER-02
2017-01-30,96.05,0.5,KL-PER-02
2017-01-31,89.78,0.0,KL-PER-02
2017-02-01,84.31,0.0,KL-PER-02
2017-02-02,78.8,0.0,KL-PER-02
2017-02-03,73.82,0.0,KL-PER-02
2017-02-04,69.79,0.0,KL-PER-02
2017-02-05,66.3,2.4,KL-PER-02
2017-02-06,63.42,2.1,KL-PER-02
2017-02-07,61.09,2.7,KL-PER-02
2017-02-08,59.12,0.3,KL-PER-02
2017-02-09,57.34,0.0,KL-PER-02
2017-02-10,55.49,0.4,KL-PER-02
2017-02-11,53.7,1.0,KL-PER-02
2017-02-12,52.09,0.0,KL-PER-02
2017-02-13,50.52,0.0,KL-PER-02
2017-02-14,49.58,0.0,KL-PER-02
2017-02-15,48.43,0.0,KL-PER-02
2017-02-16,46.97,0.0,KL-PER-02
2017-02-17,45.88,0.0,KL-PER-02
2017-02-18,44.81,0.0,KL-PER-02
2017-02-19,43.87,0.0,KL-PER-02
2017-02-20,43.06,0.0,KL-PER-02
2017-02-21,42.45,2.2,KL-PER-02
2017-02-22,42.05,1.4,KL-PER-02
2017-02-23,41.36,0.9,KL-PER-02
2017-02-24,40.98,0.6,KL-PER-02
2017-02-25,40.5,0.1,KL-PER-02
2017-02-26,40.11,1.5,KL-PER-02
2017-02-27,39.93,0.7,KL-PER-02
2017-02-28,39.64,0.0,KL-PER-02
2017-03-01,39.18,0.0,KL-PER-02
2017-03-02,38.9,0.0,KL-PER-02
2017-03-03,39.46,2.8,KL-PER-02
2017-03-04,56.41,11.4,KL-PER-02
2017-03-05,83.14,5.5,KL-PER-02
2017-03-06,84.7,2.9,KL-PER-02
2017-03-07,85.7,19.3,KL-PER-02
2017-03-08,89.36,17.8,KL-PER-02
2017-03-09,93.84,19.9,KL-PER-02
2017-03-10,99.0,10.6,KL-PER-02
2017-03-11,102.99,0.0,KL-PER-02
2017-03-12,102.99,0.0,KL-PER-02
2017-03-13,100.39,1.7,KL-PER-02
2017-03-14,102.99,23.0,KL-PER-02
2017-03-15,114.88,48.8,KL-PER-02
2017-03-16,126.94,8.8,KL-PER-02
2017-03-17,130.52,4.7,KL-PER-02
2017-03-18,128.72,6.9,KL-PER-02
2017-03-19,126.94,2.6,KL-PER-02
2017-03-20,126.64,2.8,KL-PER-02
2017-03-21,126.06,0.3,KL-PER-02
2017-03-22,124.89,7.9,KL-PER-02
2017-03-23,122.03,4.1,KL-PER-02
2017-03-24,117.3,3.0,KL-PER-02
2017-03-25,112.76,1.4,KL-PER-02
2017-03-26,107.89,2.2,KL-PER-02
2017-03-27,103.95,0.8,KL-PER-02
2017-03-28,100.16,1.2,KL-PER-02
2017-03-29,96.05,5.8,KL-PER-02
2017-03-30,92.54,3.0,KL-PER-02
2017-03-31,89.99,3.1,KL-PER-02
2017-04-01,88.33,2.7,KL-PER-02
2017-04-02,86.9,5.5,KL-PER-02
2017-04-03,86.5,2.1,KL-PER-02
2017-04-04,89.36,5.2,KL-PER-02
2017-04-05,94.06,2.2,KL-PER-02
2017-04-06,102.99,18.7,KL-PER-02
2017-04-07,118.12,0.8,KL-PER-02
2017-04-08,131.43,5.3,KL-PER-02
2017-04-09,139.93,8.9,KL-PER-02
2017-04-10,140.91,11.5,KL-PER-02
2017-04-11,140.91,14.2,KL-PER-02
2017-04-12,141.23,8.9,KL-PER-02
2017-04-13,145.22,21.1,KL-PER-02
2017-04-14,149.31,10.4,KL-PER-02
2017-04-15,149.66,10.7,KL-PER-02
2017-04-16,147.59,6.1,KL-PER-02
2017-04-17,145.89,0.9,KL-PER-02
2017-04-18,143.54,10.2,KL-PER-02
2017-04-19,139.93,4.5,KL-PER-02
2017-04-20,138.32,16.0,KL-PER-02
2017-04-21,140.25,9.8,KL-PER-02
2017-04-22,141.23,4.1,KL-PER-02
2017-04-23,142.22,11.5,KL-PER-02
2017-04-24,144.21,3.7,KL-PER-02
2017-04-25,143.88,2.6,KL-PER-02
2017-04-26,143.88,3.8,KL-PER-02
2017-04-27,143.54,3.6,KL-PER-02
2017-04-28,144.88,5.6,KL-PER-02
2017-04-29,146.23,1.8,KL-PER-02
2017-04-30,146.91,4.2,KL-PER-02
2017-05-01,147.94,28.7,KL-PER-02
2017-05-02,153.53,16.7,KL-PER-02
2017-05-03,158.96,14.7,KL-PER-02
2017-05-04,158.59,12.3,KL-PER-02
2017-05-05,157.85,17.6,KL-PER-02
2017-05-06,157.85,14.2,KL-PER-02
2017-05-07,161.55,25.3,KL-PER-02
2017-05-08,166.49,10.5,KL-PER-02
2017-05-09,166.49,12.5,KL-PER-02
2017-05-10,166.11,27.0,KL-PER-02
2017-05-11,168.43,16.1,KL-PER-02
2017-05-12,173.18,30.9,KL-PER-02
2017-05-13,176.83,20.4,KL-PER-02
2017-05-14,180.13,23.1,KL-PER-02
2017-05-15,179.72,14.4,KL-PER-02
2017-05-16,177.65,17.6,KL-PER-02
2017-05-17,173.58,8.0,KL-PER-02
2017-05-18,180.97,14.1,KL-PER-02
2017-05-19,188.23,1.2,KL-PER-02
2017-05-20,189.99,20.6,KL-PER-02
2017-05-21,190.87,39.3,KL-PER-02
2017-05-22,201.3,16.4,KL-PER-02
2017-05-23,211.32,21.1,KL-PER-02
2017-05-24,216.27,14.1,KL-PER-02
2017-05-25,229.67,36.2,KL-PER-02
2017-05-26,242.22,2.6,KL-PER-02
2017-05-27,241.1,6.5,KL-PER-02
2017-05-28,235.05,20.9,KL-PER-02
2017-05-29,249.03,27.0,KL-PER-02
2017-05-30,330.89,40.0,KL-PER-02
2017-05-31,382.71,18.2,KL-PER-02
2017-06-01,479.84,32.4,KL-PER-02
2017-06-02,583.79,35.6,KL-PER-02
2017-06-03,649.13,38.3,KL-PER-02
2017-06-04,627.06,20.2,KL-PER-02
2017-06-05,581.1,17.1,KL-PER-02
2017-06-06,546.02,25.7,KL-PER-02
2017-06-07,527.45,19.6,KL-PER-02
2017-06-08,509.5,7.1,KL-PER-02
2017-06-09,486.53,9.6,KL-PER-02
2017-06-10,529.88,49.1,KL-PER-02
2017-06-11,551.08,20.4,KL-PER-02
2017-06-12,532.33,32.1,KL-PER-02
2017-06-13,507.16,13.8,KL-PER-02
2017-06-14,482.06,7.5,KL-PER-02
2017-06-15,458.2,8.7,KL-PER-02
2017-06-16,436.52,18.9,KL-PER-02
2017-06-17,416.83,5.0,KL-PER-02
2017-06-18,395.28,8.9,KL-PER-02
2017-06-19,374.84,7.2,KL-PER-02
2017-06-20,357.92,11.7,KL-PER-02
2017-06-21,343.35,18.3,KL-PER-02
2017-06-22,332.43,11.0,KL-PER-02
2017-06-23,327.1,15.8,KL-PER-02
2017-06-24,333.97,31.0,KL-PER-02
2017-06-25,363.75,28.2,KL-PER-02
2017-06-26,441.59,34.6,KL-PER-02
2017-06-27,561.34,47.6,KL-PER-02
2017-06-28,582.45,19.4,KL-PER-02
2017-06-29,544.76,11.3,KL-PER-02
2017-06-30,504.82,10.5,KL-PER-02
2017-07-01,489.91,20.1,KL-PER-02
2017-07-02,486.53,25.1,KL-PER-02
2017-07-03,477.63,13.5,KL-PER-02
2017-07-04,462.45,4.6,KL-PER-02
2017-07-05,440.57,6.6,KL-PER-02
2017-07-06,419.73,11.5,KL-PER-02
2017-07-07,405.44,19.1,KL-PER-02
2017-07-08,388.94,22.5,KL-PER-02
2017-07-09,372.25,15.8,KL-PER-02
2017-07-10,358.75,14.9,KL-PER-02
2017-07-11,348.14,20.8,KL-PER-02
2017-07-12,339.41,9.1,KL-PER-02
2017-07-13,325.59,8.7,KL-PER-02
2017-07-14,308.74,8.6,KL-PER-02
2017-07-15,295.48,7.3,KL-PER-02
2017-07-16,286.08,16.8,KL-PER-02
2017-07-17,280.19,19.3,KL-PER-02
2017-07-18,278.9,21.5,KL-PER-02
2017-07-19,284.1,30.9,KL-PER-02
2017-07-20,325.59,26.4,KL-PER-02
2017-07-21,355.45,13.4,KL-PER-02
2017-07-22,346.54,2.9,KL-PER-02
2017-07-23,324.09,2.9,KL-PER-02
2017-07-24,301.69,5.5,KL-PER-02
2017-07-25,282.79,0.9,KL-PER-02
2017-07-26,266.3,3.9,KL-PER-02
2017-07-27,253.1,16.4,KL-PER-02
2017-07-28,243.91,21.8,KL-PER-02
2017-07-29,236.14,7.1,KL-PER-02
2017-07-30,227.56,12.9,KL-PER-02
2017-07-31,222.87,24.0,KL-PER-02
2017-08-01,219.8,5.8,KL-PER-02
2017-08-02,216.27,6.5,KL-PER-02
2017-08-03,217.78,16.8,KL-PER-02
2017-08-04,232.88,13.4,KL-PER-02
2017-08-05,256.04,28.6,KL-PER-02
2017-08-06,268.77,19.6,KL-PER-02
2017-08-07,275.06,13.4,KL-PER-02
2017-08-08,274.42,16.6,KL-PER-02
2017-08-09,271.27,27.9,KL-PER-02
2017-08-10,267.53,22.8,KL-PER-02
2017-08-11,270.02,28.9,KL-PER-02
2017-08-12,271.27,1.7,KL-PER-02
2017-08-13,263.85,0.7,KL-PER-02
2017-08-14,251.35,8.8,KL-PER-02
2017-08-15,245.6,6.9,KL-PER-02
2017-08-16,244.47,19.9,KL-PER-02
2017-08-17,240.55,21.7,KL-PER-02
2017-08-18,250.77,22.3,KL-PER-02
2017-08-19,269.4,17.1,KL-PER-02
2017-08-20,299.61,36.5,KL-PER-02
2017-08-21,369.68,28.5,KL-PER-02
2017-08-22,420.7,30.8,KL-PER-02
2017-08-23,421.67,7.5,KL-PER-02
2017-08-24,401.72,6.6,KL-PER-02
2017-08-25,380.94,5.1,KL-PER-02
2017-08-26,364.59,11.2,KL-PER-02
2017-08-27,392.55,27.8,KL-PER-02
2017-08-28,528.66,38.7,KL-PER-02
2017-08-29,618.44,41.0,KL-PER-02
2017-08-30,605.74,11.6,KL-PER-02
2017-08-31,556.19,1.5,KL-PER-02
2017-09-01,514.23,11.3,KL-PER-02
2017-09-02,513.04,13.6,KL-PER-02
2017-09-03,523.81,17.1,KL-PER-02
2017-09-04,517.8,17.6,KL-PER-02
2017-09-05,510.68,21.5,KL-PER-02
2017-09-06,504.82,19.8,KL-PER-02
2017-09-07,494.45,9.0,KL-PER-02
2017-09-08,484.29,15.2,KL-PER-02
2017-09-09,480.95,24.0,KL-PER-02
2017-09-10,475.43,9.9,KL-PER-02
2017-09-11,458.2,4.4,KL-PER-02
2017-09-12,441.59,6.4,KL-PER-02
2017-09-13,443.63,33.5,KL-PER-02
2017-09-14,458.2,13.3,KL-PER-02
2017-09-15,451.9,14.2,KL-PER-02
2017-09-16,482.06,33.4,KL-PER-02
2017-09-17,694.02,60.8,KL-PER-02
2017-09-18,728.46,16.4,KL-PER-02
2017-09-19,662.74,9.7,KL-PER-02
2017-09-20,607.13,7.8,KL-PER-02
2017-09-21,565.24,8.6,KL-PER-02
2017-09-22,527.45,2.4,KL-PER-02
2017-09-23,492.17,1.5,KL-PER-02
2017-09-24,464.59,2.0,KL-PER-02
2017-09-25,438.54,5.9,KL-PER-02
2017-09-26,416.83,23.3,KL-PER-02
2017-09-27,401.72,18.9,KL-PER-02
2017-09-28,398.02,15.2,KL-PER-02
2017-09-29,397.11,9.2,KL-PER-02
2017-09-30,385.37,6.6,KL-PER-02
2017-10-01,367.98,4.9,KL-PER-02
2017-10-02,351.37,15.4,KL-PER-02
2017-10-03,334.74,4.0,KL-PER-02
2017-10-04,315.23,5.5,KL-PER-02
2017-10-05,297.54,35.3,KL-PER-02
2017-10-06,293.44,32.6,KL-PER-02
2017-10-07,291.42,10.6,KL-PER-02
2017-10-08,283.45,11.3,KL-PER-02
2017-10-09,270.64,1.7,KL-PER-02
2017-10-10,256.63,2.4,KL-PER-02
2017-10-11,245.04,12.5,KL-PER-02
2017-10-12,238.88,17.1,KL-PER-02
2017-10-13,243.91,21.5,KL-PER-02
2017-10-14,249.61,27.0,KL-PER-02
2017-10-15,246.74,9.1,KL-PER-02
2017-10-16,239.44,13.1,KL-PER-02
2017-10-17,253.68,14.3,KL-PER-02
2017-10-18,271.27,8.9,KL-PER-02
2017-10-19,274.42,4.0,KL-PER-02
2017-10-20,266.3,3.2,KL-PER-02
2017-10-21,261.42,47.4,KL-PER-02
2017-10-22,260.82,2.8,KL-PER-02
2017-10-23,260.22,0.3,KL-PER-02
2017-10-24,245.04,0.0,KL-PER-02
2017-10-25,233.42,3.3,KL-PER-02
2017-10-26,262.03,26.7,KL-PER-02
2017-10-27,290.07,28.5,KL-PER-02
2017-10-28,310.17,20.9,KL-PER-02
2017-10-29,315.96,14.2,KL-PER-02
2017-10-30,310.89,16.1,KL-PER-02
2017-10-31,310.89,15.4,KL-PER-02
2017-11-01,324.84,11.3,KL-PER-02
2017-11-02,342.56,10.9,KL-PER-02
2017-11-03,348.14,1.8,KL-PER-02
2017-11-04,349.75,9.3,KL-PER-02
2017-11-05,360.41,30.5,KL-PER-02
2017-11-06,367.13,27.1,KL-PER-02
2017-11-07,363.75,14.1,KL-PER-02
2017-11-08,357.92,54.3,KL-PER-02
2017-11-09,354.63,11.5,KL-PER-02
2017-11-10,346.54,2.6,KL-PER-02
2017-11-11,330.89,1.4,KL-PER-02
2017-11-12,314.5,2.5,KL-PER-02
2017-11-13,298.23,0.4,KL-PER-02
2017-11-14,283.45,0.5,KL-PER-02
2017-11-15,268.77,0.5,KL-PER-02
2017-11-16,255.45,0.0,KL-PER-02
2017-11-17,242.22,0.9,KL-PER-02
2017-11-18,231.27,4.3,KL-PER-02
2017-11-19,223.91,15.9,KL-PER-02
2017-11-20,220.31,24.1,KL-PER-02
2017-11-21,216.77,4.2,KL-PER-02
2017-11-22,208.89,8.2,KL-PER-02
2017-11-23,200.37,1.7,KL-PER-02
2017-11-24,191.31,1.1,KL-PER-02
2017-11-25,181.81,2.3,KL-PER-02
2017-11-26,175.6,1.0,KL-PER-02
2017-11-27,174.39,25.7,KL-PER-02
2017-11-28,173.58,2.4,KL-PER-02
2017-11-29,172.38,0.0,KL-PER-02
2017-11-30,186.93,13.4,KL-PER-02
2017-12-01,224.42,14.5,KL-PER-02
2017-12-02,246.74,0.8,KL-PER-02
2017-12-03,246.74,1.4,KL-PER-02
2017-12-04,236.68,0.2,KL-PER-02
2017-12-05,224.42,1.4,KL-PER-02
2017-12-06,213.78,0.5,KL-PER-02
2017-12-07,204.59,1.4,KL-PER-02
2017-12-08,196.24,2.1,KL-PER-02
2017-12-09,188.67,1.9,KL-PER-02
2017-12-10,181.81,1.1,KL-PER-02
2017-12-11,174.39,2.7,KL-PER-02
2017-12-12,166.11,2.7,KL-PER-02
2017-12-13,160.06,3.9,KL-PER-02
2017-12-14,157.12,9.0,KL-PER-02
2017-12-15,154.96,0.0,KL-PER-02
2017-12-16,151.41,0.1,KL-PER-02
2017-12-17,144.88,0.0,KL-PER-02
2017-12-18,137.04,0.0,KL-PER-02
2017-12-19,129.32,0.0,KL-PER-02
2017-12-20,122.59,0.0,KL-PER-02
2017-12-21,117.03,0.0,KL-PER-02
2017-12-22,111.2,0.0,KL-PER-02
2017-12-23,106.15,0.9,KL-PER-02
2017-12-24,101.33,0.2,KL-PER-02
2017-12-25,96.27,0.0,KL-PER-02
2017-12-26,91.68,1.1,KL-PER-02
2017-12-27,87.51,0.0,KL-PER-02
2017-12-28,83.53,0.0,KL-PER-02
2017-12-29,79.91,0.0,KL-PER-02
2017-12-30,76.45,0.0,KL-PER-02
2017-12-31,73.13,0.0,KL-PER-02
2018-01-01,70.45,0.0,KL-PER-02
2018-01-02,68.02,0.9,KL-PER-02
2018-01-03,65.68,0.7,KL-PER-02
2018-01-04,63.57,0.3,KL-PER-02
2018-01-05,61.81,0.1,KL-PER-02
2018-01-06,60.24,0.1,KL-PER-02
2018-01-07,58.84,0.9,KL-PER-02
2018-01-08,57.48,0.3,KL-PER-02
2018-01-09,56.02,0.0,KL-PER-02
2018-01-10,54.72,2.2,KL-PER-02
2018-01-11,49.0,0.0,KL-PER-02
2018-01-12,43.57,2.6,KL-PER-02
2018-01-13,41.27,0.9,KL-PER-02
2018-01-14,39.83,0.0,KL-PER-02
2018-01-15,38.45,0.0,KL-PER-02
2018-01-16,37.28,1.8,KL-PER-02
2018-01-17,36.5,1.1,KL-PER-02
2018-01-18,35.9,0.2,KL-PER-02
2018-01-19,35.06,0.0,KL-PER-02
2018-01-20,34.4,0.0,KL-PER-02
2018-01-21,35.22,0.0,KL-PER-02
2018-01-22,35.9,0.8,KL-PER-02
2018-01-23,35.81,1.0,KL-PER-02
2018-01-24,35.98,0.1,KL-PER-02
2018-01-25,36.24,0.6,KL-PER-02
2018-01-26,36.15,2.3,KL-PER-02
2018-01-27,35.64,1.0,KL-PER-02
2018-01-28,35.73,1.0,KL-PER-02
2018-01-29,35.9,0.1,KL-PER-02
2018-01-30,35.31,0.0,KL-PER-02
2018-01-31,37.64,0.0,KL-PER-02
2018-02-01,39.83,0.0,KL-PER-02
2018-02-02,40.21,0.0,KL-PER-02
2018-02-03,40.02,0.0,KL-PER-02
2018-02-04,39.83,0.0,KL-PER-02
2018-02-05,39.64,0.0,KL-PER-02
2018-02-06,39.55,8.6,KL-PER-02
2018-02-07,40.69,4.1,KL-PER-02
2018-02-08,43.77,13.1,KL-PER-02
2018-02-09,48.43,7.6,KL-PER-02
2018-02-10,50.88,1.5,KL-PER-02
2018-02-11,50.29,4.0,KL-PER-02
2018-02-12,50.05,1.1,KL-PER-02
2018-02-13,50.64,0.1,KL-PER-02
2018-02-14,49.7,0.0,KL-PER-02
2018-02-15,48.2,0.0,KL-PER-02
2018-02-16,46.75,0.0,KL-PER-02
2018-02-17,45.67,0.0,KL-PER-02
2018-02-18,44.71,0.2,KL-PER-02
2018-02-19,43.67,0.0,KL-PER-02
2018-02-20,42.95,0.2,KL-PER-02
2018-02-21,42.15,0.0,KL-PER-02
2018-02-22,41.56,0.2,KL-PER-02
2018-02-23,41.17,1.5,KL-PER-02
2018-02-24,40.59,0.0,KL-PER-02
2018-02-25,40.11,0.0,KL-PER-02
2018-02-26,39.83,3.6,KL-PER-02
2018-02-27,39.55,1.9,KL-PER-02
2018-02-28,39.18,1.5,KL-PER-02
2018-03-01,38.9,0.3,KL-PER-02
2018-03-02,38.63,1.5,KL-PER-02
2018-03-03,38.36,0.9,KL-PER-02
2018-03-04,38.08,0.8,KL-PER-02
2018-03-05,37.9,0.5,KL-PER-02
2018-03-06,37.73,0.8,KL-PER-02
2018-03-07,37.46,2.0,KL-PER-02
2018-03-08,37.28,2.2,KL-PER-02
2018-03-09,37.02,1.5,KL-PER-02
2018-03-10,37.02,0.0,KL-PER-02
2018-03-11,36.93,0.0,KL-PER-02
2018-03-12,36.76,0.0,KL-PER-02
2018-03-13,40.11,12.3,KL-PER-02
2018-03-14,44.81,22.5,KL-PER-02
2018-03-15,45.45,9.8,KL-PER-02
2018-03-16,44.92,11.7,KL-PER-02
2018-03-17,44.6,15.4,KL-PER-02
2018-03-18,46.21,31.2,KL-PER-02
2018-03-19,47.31,16.1,KL-PER-02
2018-03-20,46.42,0.6,KL-PER-02
2018-03-21,44.81,3.1,KL-PER-02
2018-03-22,45.56,3.2,KL-PER-02
2018-03-23,47.08,1.0,KL-PER-02
2018-03-24,47.75,0.2,KL-PER-02
2018-03-25,46.97,2.9,KL-PER-02
2018-03-26,45.67,2.1,KL-PER-02
2018-03-27,44.92,4.2,KL-PER-02
2018-03-28,44.71,5.6,KL-PER-02
2018-03-29,45.03,5.2,KL-PER-02
2018-03-30,45.56,2.4,KL-PER-02
2018-03-31,45.56,0.2,KL-PER-02
2018-04-01,48.77,11.2,KL-PER-02
2018-04-02,52.33,9.9,KL-PER-02
2018-04-03,54.21,17.3,KL-PER-02
2018-04-04,58.29,5.6,KL-PER-02
2018-04-05,59.53,4.1,KL-PER-02
2018-04-06,58.16,3.4,KL-PER-02
2018-04-07,58.16,6.5,KL-PER-02
2018-04-08,57.21,2.8,KL-PER-02
2018-04-09,58.02,9.9,KL-PER-02
2018-04-10,58.43,11.2,KL-PER-02
2018-04-11,58.57,9.9,KL-PER-02
2018-04-12,59.95,9.5,KL-PER-02
2018-04-13,62.1,11.6,KL-PER-02
2018-04-14,67.23,10.0,KL-PER-02
2018-04-15,83.92,15.9,KL-PER-02
2018-04-16,90.83,10.6,KL-PER-02
2018-04-17,88.95,7.3,KL-PER-02
2018-04-18,85.9,8.2,KL-PER-02
2018-04-19,83.53,5.8,KL-PER-02
2018-04-20,85.5,9.7,KL-PER-02
2018-04-21,90.83,13.0,KL-PER-02
2018-04-22,94.06,9.3,KL-PER-02
2018-04-23,94.94,9.1,KL-PER-02
2018-04-24,95.61,15.3,KL-PER-02
2018-04-25,96.27,3.8,KL-PER-02
2018-04-26,97.63,0.2,KL-PER-02
2018-04-27,99.23,1.3,KL-PER-02
2018-04-28,100.62,5.7,KL-PER-02
2018-04-29,101.33,7.3,KL-PER-02
2018-04-30,102.28,4.0,KL-PER-02
2018-05-01,103.71,3.7,KL-PER-02
2018-05-02,107.64,8.6,KL-PER-02
2018-05-03,113.55,5.5,KL-PER-02
2018-05-04,120.06,4.0,KL-PER-02
2018-05-05,127.23,10.1,KL-PER-02
2018-05-06,134.21,10.0,KL-PER-02
2018-05-07,138.32,6.4,KL-PER-02
2018-05-08,139.6,26.0,KL-PER-02
2018-05-09,146.91,21.3,KL-PER-02
2018-05-10,164.2,9.6,KL-PER-02
2018-05-11,181.81,41.4,KL-PER-02
2018-05-12,197.61,23.5,KL-PER-02
2018-05-13,212.8,15.3,KL-PER-02
2018-05-14,213.29,3.6,KL-PER-02
2018-05-15,206.01,10.3,KL-PER-02
2018-05-16,203.64,10.9,KL-PER-02
2018-05-17,211.32,37.9,KL-PER-02
2018-05-18,215.77,10.7,KL-PER-02
2018-05-19,214.28,6.0,KL-PER-02
2018-05-20,209.38,9.4,KL-PER-02
2018-05-21,205.54,14.6,KL-PER-02
2018-05-22,200.37,21.4,KL-PER-02
2018-05-23,198.99,24.6,KL-PER-02
2018-05-24,209.38,19.3,KL-PER-02
2018-05-25,247.31,61.0,KL-PER-02
2018-05-26,281.49,39.2,KL-PER-02
2018-05-27,298.23,47.8,KL-PER-02
2018-05-28,337.06,50.2,KL-PER-02
2018-05-29,355.45,15.0,KL-PER-02
2018-05-30,346.54,11.4,KL-PER-02
2018-05-31,327.1,5.1,KL-PER-02
2018-06-01,308.74,19.3,KL-PER-02
2018-06-02,299.61,31.3,KL-PER-02
2018-06-03,306.61,23.8,KL-PER-02
2018-06-04,313.77,22.0,KL-PER-02
2018-06-05,312.33,17.8,KL-PER-02
2018-06-06,306.61,23.0,KL-PER-02
2018-06-07,318.89,24.8,KL-PER-02
2018-06-08,381.82,22.1,KL-PER-02
2018-06-09,520.19,35.2,KL-PER-02
2018-06-10,615.59,28.4,KL-PER-02
2018-06-11,653.64,31.1,KL-PER-02
2018-06-12,638.73,20.2,KL-PER-02
2018-06-13,618.44,26.2,KL-PER-02
2018-06-14,609.94,29.5,KL-PER-02
2018-06-15,589.2,21.0,KL-PER-02
2018-06-16,563.94,15.5,KL-PER-02
2018-06-17,541.0,16.5,KL-PER-02
2018-06-18,516.61,20.2,KL-PER-02
2018-06-19,504.82,31.4,KL-PER-02
2018-06-20,516.61,27.7,KL-PER-02
2018-06-21,556.19,24.4,KL-PER-02
2018-06-22,582.45,26.1,KL-PER-02
2018-06-23,585.14,17.5,KL-PER-02
2018-06-24,563.94,11.0,KL-PER-02
2018-06-25,546.02,27.9,KL-PER-02
2018-06-26,533.56,14.3,KL-PER-02
2018-06-27,528.66,25.4,KL-PER-02
2018-06-28,525.02,18.3,KL-PER-02
2018-06-29,534.8,29.7,KL-PER-02
2018-06-30,529.88,18.2,KL-PER-02
2018-07-01,511.86,11.5,KL-PER-02
2018-07-02,493.31,16.5,KL-PER-02
2018-07-03,475.43,4.4,KL-PER-02
2018-07-04,453.99,2.6,KL-PER-02
2018-07-05,429.53,4.0,KL-PER-02
2018-07-06,407.32,3.4,KL-PER-02
2018-07-07,400.79,14.0,KL-PER-02
2018-07-08,415.87,16.9,KL-PER-02
2018-07-09,474.34,22.6,KL-PER-02
2018-07-10,570.48,34.3,KL-PER-02
2018-07-11,646.14,31.4,KL-PER-02
2018-07-12,649.13,17.6,KL-PER-02
2018-07-13,644.65,24.4,KL-PER-02
2018-07-14,652.13,38.0,KL-PER-02
2018-07-15,759.33,49.6,KL-PER-02
2018-07-16,876.0,47.2,KL-PER-02
2018-07-17,869.96,28.7,KL-PER-02
2018-07-18,838.46,36.3,KL-PER-02
2018-07-19,830.76,49.5,KL-PER-02
2018-07-20,825.04,17.5,KL-PER-02
2018-07-21,802.53,12.4,KL-PER-02
2018-07-22,768.13,14.2,KL-PER-02
2018-07-23,731.82,23.2,KL-PER-02
2018-07-24,703.69,22.9,KL-PER-02
2018-07-25,681.34,21.5,KL-PER-02
2018-07-26,656.66,13.8,KL-PER-02
2018-07-27,627.06,7.2,KL-PER-02
2018-07-28,597.41,15.2,KL-PER-02
2018-07-29,571.8,10.1,KL-PER-02
2018-07-30,553.63,31.0,KL-PER-02
2018-07-31,539.75,18.2,KL-PER-02
2018-08-01,521.4,8.1,KL-PER-02
2018-08-02,492.17,8.9,KL-PER-02
2018-08-03,464.59,4.7,KL-PER-02
2018-08-04,440.57,3.9,KL-PER-02
2018-08-05,416.83,8.6,KL-PER-02
2018-08-06,398.94,8.1,KL-PER-02
2018-08-07,392.55,20.8,KL-PER-02
2018-08-08,413.0,47.5,KL-PER-02
2018-08-09,430.52,18.5,KL-PER-02
2018-08-10,429.53,13.7,KL-PER-02
2018-08-11,422.64,10.2,KL-PER-02
2018-08-12,423.62,25.9,KL-PER-02
2018-08-13,435.52,42.5,KL-PER-02
2018-08-14,815.58,73.0,KL-PER-02
2018-08-15,1654.77,120.4,KL-PER-02
2018-08-16,1773.19,59.9,KL-PER-02
2018-08-17,1526.57,27.0,KL-PER-02
2018-08-18,1332.52,23.3,KL-PER-02
2018-08-19,1204.04,18.9,KL-PER-02
2018-08-20,1126.2,10.2,KL-PER-02
2018-08-21,1050.96,3.9,KL-PER-02
2018-08-22,976.24,1.8,KL-PER-02
2018-08-23,906.82,1.0,KL-PER-02
2018-08-24,844.28,0.7,KL-PER-02
2018-08-25,789.68,2.3,KL-PER-02
2018-08-26,738.61,10.7,KL-PER-02
2018-08-27,695.63,7.9,KL-PER-02
2018-08-28,664.27,9.1,KL-PER-02
2018-08-29,638.73,3.5,KL-PER-02
2018-08-30,607.13,7.1,KL-PER-02
2018-08-31,579.76,5.4,KL-PER-02
2018-09-01,557.47,1.8,KL-PER-02
2018-09-02,528.66,1.9,KL-PER-02
2018-09-03,500.19,0.9,KL-PER-02
2018-09-04,471.06,0.8,KL-PER-02
2018-09-05,442.61,1.4,KL-PER-02
2018-09-06,415.87,3.1,KL-PER-02
2018-09-07,391.65,1.9,KL-PER-02
2018-09-08,367.98,0.8,KL-PER-02
2018-09-09,346.54,0.1,KL-PER-02
2018-09-10,326.34,0.0,KL-PER-02
2018-09-11,309.46,0.0,KL-PER-02
2018-09-12,296.17,0.3,KL-PER-02
2018-09-13,282.79,0.9,KL-PER-02
2018-09-14,268.15,0.1,KL-PER-02
2018-09-15,256.04,0.0,KL-PER-02
2018-09-16,248.46,2.9,KL-PER-02
2018-09-17,241.1,5.7,KL-PER-02
2018-09-18,232.35,9.3,KL-PER-02
2018-09-19,222.87,5.9,KL-PER-02
2018-09-20,214.77,4.7,KL-PER-02
2018-09-21,206.97,1.4,KL-PER-02
2018-09-22,197.15,0.2,KL-PER-02
2018-09-23,188.23,6.5,KL-PER-02
2018-09-24,186.5,4.0,KL-PER-02
2018-09-25,191.75,2.0,KL-PER-02
2018-09-26,198.99,11.6,KL-PER-02
2018-09-27,215.27,6.3,KL-PER-02
2018-09-28,250.77,14.2,KL-PER-02
2018-09-29,271.9,6.7,KL-PER-02
2018-09-30,275.06,61.7,KL-PER-02
2018-10-01,274.42,17.3,KL-PER-02
2018-10-02,270.64,12.1,KL-PER-02
2018-10-03,276.33,40.8,KL-PER-02
2018-10-04,362.08,18.9,KL-PER-02
2018-10-05,573.12,14.6,KL-PER-02
2018-10-06,637.26,31.4,KL-PER-02
2018-10-07,604.34,14.0,KL-PER-02
2018-10-08,574.44,14.3,KL-PER-02
2018-10-09,553.63,15.3,KL-PER-02
2018-10-10,529.88,19.9,KL-PER-02
2018-10-11,504.82,6.5,KL-PER-02
2018-10-12,479.84,9.2,KL-PER-02
2018-10-13,458.2,9.1,KL-PER-02
2018-10-14,451.9,11.8,KL-PER-02
2018-10-15,455.04,13.6,KL-PER-02
2018-10-16,456.09,53.8,KL-PER-02
2018-10-17,451.9,3.0,KL-PER-02
2018-10-18,436.52,5.0,KL-PER-02
2018-10-19,421.67,12.9,KL-PER-02
2018-10-20,424.6,6.8,KL-PER-02
2018-10-21,435.52,22.8,KL-PER-02
2018-10-22,446.71,11.5,KL-PER-02
2018-10-23,443.63,0.7,KL-PER-02
2018-10-24,424.6,1.6,KL-PER-02
2018-10-25,402.65,1.7,KL-PER-02
2018-10-26,380.07,0.1,KL-PER-02
2018-10-27,357.92,0.9,KL-PER-02
2018-10-28,337.06,0.1,KL-PER-02
2018-10-29,317.42,1.4,KL-PER-02
2018-10-30,298.92,0.1,KL-PER-02
2018-10-31,282.14,5.4,KL-PER-02
2018-11-01,271.27,10.1,KL-PER-02
2018-11-02,273.16,24.5,KL-PER-02
2018-11-03,283.45,24.4,KL-PER-02
2018-11-04,287.4,7.7,KL-PER-02
2018-11-05,278.25,3.6,KL-PER-02
2018-11-06,264.46,0.7,KL-PER-02
2018-11-07,253.68,0.6,KL-PER-02
2018-11-08,246.74,2.8,KL-PER-02
2018-11-09,249.61,11.5,KL-PER-02
2018-11-10,250.77,2.4,KL-PER-02
2018-11-11,242.78,1.2,KL-PER-02
2018-11-12,231.81,2.9,KL-PER-02
2018-11-13,220.82,0.6,KL-PER-02
2018-11-14,210.84,0.6,KL-PER-02
2018-11-15,200.84,3.6,KL-PER-02
2018-11-16,449.82,91.0,KL-PER-02
2018-11-17,511.86,1.9,KL-PER-02
2018-11-18,421.67,4.0,KL-PER-02
2018-11-19,362.08,25.9,KL-PER-02
2018-11-20,326.34,7.7,KL-PER-02
2018-11-21,300.3,1.0,KL-PER-02
2018-11-22,279.54,5.3,KL-PER-02
2018-11-23,271.9,13.7,KL-PER-02
2018-11-24,279.54,25.5,KL-PER-02
2018-11-25,284.1,0.9,KL-PER-02
2018-11-26,273.16,0.5,KL-PER-02
2018-11-27,257.23,0.0,KL-PER-02
2018-11-28,241.1,0.0,KL-PER-02
2018-11-29,237.23,2.6,KL-PER-02
2018-11-30,242.22,4.8,KL-PER-02
2018-12-01,239.99,0.3,KL-PER-02
2018-12-02,227.56,0.0,KL-PER-02
2018-12-03,214.28,0.5,KL-PER-02
2018-12-04,202.7,3.8,KL-PER-02
2018-12-05,199.91,7.1,KL-PER-02
2018-12-06,202.7,14.4,KL-PER-02
2018-12-07,200.84,1.7,KL-PER-02
2018-12-08,191.75,0.0,KL-PER-02
2018-12-09,181.81,0.6,KL-PER-02
2018-12-10,171.98,1.6,KL-PER-02
2018-12-11,163.06,1.3,KL-PER-02
2018-12-12,154.96,0.3,KL-PER-02
2018-12-13,147.94,2.1,KL-PER-02
2018-12-14,141.89,0.4,KL-PER-02
2018-12-15,136.09,1.2,KL-PER-02
2018-12-16,129.92,0.1,KL-PER-02
2018-12-17,123.45,0.9,KL-PER-02
2018-12-18,117.3,0.0,KL-PER-02
2018-12-19,111.46,0.5,KL-PER-02
2018-12-20,106.4,1.1,KL-PER-02
2018-12-21,101.8,0.5,KL-PER-02
2018-12-22,101.8,0.1,KL-PER-02
2018-12-23,110.69,2.3,KL-PER-02
2018-12-24,120.9,6.8,KL-PER-02
2018-12-25,121.74,5.8,KL-PER-02
2018-12-26,118.95,0.6,KL-PER-02
2018-12-27,114.35,6.8,KL-PER-02
2018-12-28,109.92,14.3,KL-PER-02
2018-12-29,106.4,1.5,KL-PER-02
2018-12-30,102.75,1.0,KL-PER-02
2018-12-31,98.31,0.0,KL-PER-02
2019-01-01,93.19,0.0,KL-PER-02
2019-01-02,88.74,0.0,KL-PER-02
2019-01-03,84.51,0.0,KL-PER-02
2019-01-04,80.85,0.0,KL-PER-02
2019-01-05,77.52,0.0,KL-PER-02
2019-01-06,74.51,0.0,KL-PER-02
2019-01-07,71.61,0.0,KL-PER-02
2019-01-08,68.98,0.0,KL-PER-02
2019-01-09,66.61,0.0,KL-PER-02
2019-01-10,64.31,0.0,KL-PER-02
2019-01-11,57.21,0.0,KL-PER-02
2019-01-12,51.48,0.0,KL-PER-02
2019-01-13,48.66,0.0,KL-PER-02
2019-01-14,46.64,0.0,KL-PER-02
2019-01-15,44.92,0.0,KL-PER-02
2019-01-16,43.46,0.0,KL-PER-02
2019-01-17,42.05,0.0,KL-PER-02
2019-01-18,40.78,0.0,KL-PER-02
2019-01-19,39.74,0.0,KL-PER-02
2019-01-20,38.72,0.0,KL-PER-02
2019-01-21,38.81,0.0,KL-PER-02
2019-01-22,38.72,0.0,KL-PER-02
2019-01-23,37.99,0.3,KL-PER-02
2019-01-24,37.28,0.9,KL-PER-02
2019-01-25,37.19,0.8,KL-PER-02
2019-01-26,37.02,0.8,KL-PER-02
2019-01-27,36.93,0.8,KL-PER-02
2019-01-28,37.02,0.5,KL-PER-02
2019-01-29,36.93,0.7,KL-PER-02
2019-01-30,36.67,1.0,KL-PER-02
2019-01-31,38.9,0.8,KL-PER-02
2019-02-01,41.17,0.0,KL-PER-02
2019-02-02,41.36,0.4,KL-PER-02
2019-02-03,41.27,0.0,KL-PER-02
2019-02-04,41.07,0.0,KL-PER-02
2019-02-05,41.36,0.1,KL-PER-02
2019-02-06,41.36,4.6,KL-PER-02
2019-02-07,40.78,3.4,KL-PER-02
2019-02-08,40.78,1.5,KL-PER-02
2019-02-09,41.95,10.3,KL-PER-02
2019-02-10,43.57,3.5,KL-PER-02
2019-02-11,44.5,0.5,KL-PER-02
2019-02-12,43.98,0.0,KL-PER-02
2019-02-13,42.95,0.0,KL-PER-02
2019-02-14,42.15,0.4,KL-PER-02
2019-02-15,41.66,0.5,KL-PER-02
2019-02-16,41.36,2.9,KL-PER-02
2019-02-17,41.17,0.0,KL-PER-02
2019-02-18,41.07,0.0,KL-PER-02
2019-02-19,40.98,0.8,KL-PER-02
2019-02-20,40.4,1.6,KL-PER-02
2019-02-21,40.02,0.2,KL-PER-02
2019-02-22,39.74,0.0,KL-PER-02
2019-02-23,39.36,0.0,KL-PER-02
2019-02-24,39.09,0.0,KL-PER-02
2019-02-25,38.81,0.0,KL-PER-02
2019-02-26,38.72,0.3,KL-PER-02
2019-02-27,38.99,0.7,KL-PER-02
2019-02-28,39.46,0.3,KL-PER-02
2019-03-01,39.27,0.6,KL-PER-02
2019-03-02,38.9,13.1,KL-PER-02
2019-03-03,38.9,3.8,KL-PER-02
2019-03-04,38.9,0.0,KL-PER-02
2019-03-05,38.72,0.4,KL-PER-02
2019-03-06,38.63,0.0,KL-PER-02
2019-03-07,38.36,0.0,KL-PER-02
2019-03-08,38.81,0.5,KL-PER-02
2019-03-09,39.83,8.6,KL-PER-02
2019-03-10,40.3,1.9,KL-PER-02
2019-03-11,40.21,3.2,KL-PER-02
2019-03-12,39.64,1.3,KL-PER-02
2019-03-13,38.9,0.0,KL-PER-02
2019-03-14,38.36,0.0,KL-PER-02
2019-03-15,37.99,0.2,KL-PER-02
2019-03-16,37.82,0.0,KL-PER-02
2019-03-17,37.46,0.4,KL-PER-02
2019-03-18,37.19,0.1,KL-PER-02
2019-03-19,37.11,1.5,KL-PER-02
2019-03-20,37.99,3.3,KL-PER-02
2019-03-21,38.63,2.4,KL-PER-02
2019-03-22,37.9,1.1,KL-PER-02
2019-03-23,37.55,0.5,KL-PER-02
2019-03-24,37.46,1.8,KL-PER-02
2019-03-25,36.93,1.7,KL-PER-02
2019-03-26,36.58,1.1,KL-PER-02
2019-03-27,36.84,4.1,KL-PER-02
2019-03-28,36.84,2.7,KL-PER-02
2019-03-29,37.19,2.6,KL-PER-02
2019-03-30,37.55,6.7,KL-PER-02
2019-03-31,37.46,0.6,KL-PER-02
2019-04-01,37.37,2.1,KL-PER-02
2019-04-02,37.55,3.1,KL-PER-02
2019-04-03,38.54,8.2,KL-PER-02
2019-04-04,39.46,2.8,KL-PER-02
2019-04-05,39.55,2.7,KL-PER-02
2019-04-06,38.99,5.0,KL-PER-02
2019-04-07,38.72,0.5,KL-PER-02
2019-04-08,38.9,6.5,KL-PER-02
2019-04-09,42.25,14.1,KL-PER-02
2019-04-10,44.5,5.3,KL-PER-02
2019-04-11,44.5,1.2,KL-PER-02
2019-04-12,44.5,1.4,KL-PER-02
2019-04-13,44.19,3.2,KL-PER-02
2019-04-14,44.08,1.0,KL-PER-02
2019-04-15,44.08,1.6,KL-PER-02
2019-04-16,44.08,7.1,KL-PER-02
2019-04-17,46.21,2.6,KL-PER-02
2019-04-18,68.34,33.6,KL-PER-02
2019-04-19,82.37,5.7,KL-PER-02
2019-04-20,97.4,30.2,KL-PER-02
2019-04-21,104.44,1.7,KL-PER-02
2019-04-22,101.33,6.2,KL-PER-02
2019-04-23,99.69,3.4,KL-PER-02
2019-04-24,100.86,5.1,KL-PER-02
2019-04-25,100.86,1.9,KL-PER-02
2019-04-26,98.77,3.0,KL-PER-02
2019-04-27,95.83,3.3,KL-PER-02
2019-04-28,95.16,18.7,KL-PER-02
2019-04-29,100.16,20.3,KL-PER-02
2019-04-30,106.89,12.5,KL-PER-02
2019-05-01,108.4,4.5,KL-PER-02
2019-05-02,104.68,1.4,KL-PER-02
2019-05-03,99.46,0.1,KL-PER-02
2019-05-04,94.5,0.4,KL-PER-02
2019-05-05,89.99,0.8,KL-PER-02
2019-05-06,87.72,2.4,KL-PER-02
2019-05-07,90.62,1.6,KL-PER-02
2019-05-08,94.06,1.6,KL-PER-02
2019-05-09,95.16,4.1,KL-PER-02
2019-05-10,95.61,0.1,KL-PER-02
2019-05-11,96.72,11.5,KL-PER-02
2019-05-12,99.0,5.5,KL-PER-02
2019-05-13,101.8,1.7,KL-PER-02
2019-05-14,105.41,3.3,KL-PER-02
2019-05-15,109.41,14.4,KL-PER-02
2019-05-16,112.76,5.8,KL-PER-02
2019-05-17,116.76,7.7,KL-PER-02
2019-05-18,122.03,2.7,KL-PER-02
2019-05-19,123.45,6.0,KL-PER-02
2019-05-20,121.46,5.7,KL-PER-02
2019-05-21,119.5,1.2,KL-PER-02
2019-05-22,118.95,5.4,KL-PER-02
2019-05-23,121.46,10.1,KL-PER-02
2019-05-24,127.23,41.8,KL-PER-02
2019-05-25,131.74,2.6,KL-PER-02
2019-05-26,133.28,11.8,KL-PER-02
2019-05-27,132.97,8.2,KL-PER-02
2019-05-28,132.97,2.3,KL-PER-02
2019-05-29,144.55,18.3,KL-PER-02
2019-05-30,160.81,17.3,KL-PER-02
2019-05-31,171.98,25.7,KL-PER-02
2019-06-01,173.18,1.8,KL-PER-02
2019-06-02,172.78,10.1,KL-PER-02
2019-06-03,172.78,6.0,KL-PER-02
2019-06-04,171.58,23.6,KL-PER-02
2019-06-05,176.83,37.3,KL-PER-02
2019-06-06,186.93,11.0,KL-PER-02
2019-06-07,191.31,11.3,KL-PER-02
2019-06-08,189.55,10.3,KL-PER-02
2019-06-09,190.43,38.5,KL-PER-02
2019-06-10,213.78,29.8,KL-PER-02
2019-06-11,242.22,27.9,KL-PER-02
2019-06-12,260.82,26.2,KL-PER-02
2019-06-13,268.77,17.1,KL-PER-02
2019-06-14,268.77,13.8,KL-PER-02
2019-06-15,260.82,15.3,KL-PER-02
2019-06-16,248.46,4.9,KL-PER-02
2019-06-17,236.14,10.8,KL-PER-02
2019-06-18,224.94,10.4,KL-PER-02
2019-06-19,218.79,14.8,KL-PER-02
2019-06-20,220.31,17.4,KL-PER-02
2019-06-21,231.81,30.9,KL-PER-02
2019-06-22,275.69,32.4,KL-PER-02
2019-06-23,303.79,23.6,KL-PER-02
2019-06-24,300.3,11.0,KL-PER-02
2019-06-25,284.1,19.3,KL-PER-02
2019-06-26,268.77,6.3,KL-PER-02
2019-06-27,254.86,4.2,KL-PER-02
2019-06-28,242.78,2.2,KL-PER-02
2019-06-29,233.42,6.9,KL-PER-02
2019-06-30,226.51,5.3,KL-PER-02
2019-07-01,220.82,12.2,KL-PER-02
2019-07-02,221.84,17.8,KL-PER-02
2019-07-03,230.74,10.6,KL-PER-02
2019-07-04,236.14,13.4,KL-PER-02
2019-07-05,237.23,18.1,KL-PER-02
2019-07-06,238.88,20.6,KL-PER-02
2019-07-07,236.14,14.4,KL-PER-02
2019-07-08,227.56,6.8,KL-PER-02
2019-07-09,224.94,18.7,KL-PER-02
2019-07-10,223.91,15.3,KL-PER-02
2019-07-11,219.29,1.4,KL-PER-02
2019-07-12,210.84,6.6,KL-PER-02
2019-07-13,204.12,8.8,KL-PER-02
2019-07-14,203.64,23.4,KL-PER-02
2019-07-15,206.97,13.1,KL-PER-02
2019-07-16,211.32,14.3,KL-PER-02
2019-07-17,220.31,21.0,KL-PER-02
2019-07-18,381.82,32.0,KL-PER-02
2019-07-19,773.46,100.0,KL-PER-02
2019-07-20,804.38,48.7,KL-PER-02
2019-07-21,775.25,52.8,KL-PER-02
2019-07-22,743.73,42.5,KL-PER-02
2019-07-23,682.91,22.4,KL-PER-02
2019-07-24,622.73,7.3,KL-PER-02
2019-07-25,578.43,13.6,KL-PER-02
2019-07-26,544.76,4.4,KL-PER-02
2019-07-27,509.5,3.5,KL-PER-02
2019-07-28,476.53,1.7,KL-PER-02
2019-07-29,447.75,1.9,KL-PER-02
2019-07-30,422.64,4.5,KL-PER-02
2019-07-31,397.11,2.7,KL-PER-02
2019-08-01,371.39,3.9,KL-PER-02
2019-08-02,350.56,8.1,KL-PER-02
2019-08-03,333.97,10.4,KL-PER-02
2019-08-04,320.37,21.1,KL-PER-02
2019-08-05,314.5,19.0,KL-PER-02
2019-08-06,330.89,43.2,KL-PER-02
2019-08-07,409.2,51.4,KL-PER-02
2019-08-08,656.66,69.3,KL-PER-02
2019-08-09,738.61,40.3,KL-PER-02
2019-08-10,718.45,42.5,KL-PER-02
2019-08-11,664.27,23.7,KL-PER-02
2019-08-12,773.46,21.1,KL-PER-02
2019-08-13,1038.92,66.6,KL-PER-02
2019-08-14,1060.7,43.1,KL-PER-02
2019-08-15,943.06,11.3,KL-PER-02
2019-08-16,844.28,12.8,KL-PER-02
2019-08-17,777.04,8.4,KL-PER-02
2019-08-18,725.11,15.4,KL-PER-02
2019-08-19,684.49,17.5,KL-PER-02
2019-08-20,658.17,18.2,KL-PER-02
2019-08-21,652.13,21.9,KL-PER-02
2019-08-22,665.81,42.4,KL-PER-02
2019-08-23,659.69,24.7,KL-PER-02
2019-08-24,629.96,13.7,KL-PER-02
2019-08-25,607.13,37.4,KL-PER-02
2019-08-26,673.53,40.1,KL-PER-02
2019-08-27,706.95,21.0,KL-PER-02
2019-08-28,698.84,21.1,KL-PER-02
2019-08-29,689.24,24.3,KL-PER-02
2019-08-30,675.08,10.5,KL-PER-02
2019-08-31,649.13,16.6,KL-PER-02
2019-09-01,627.06,21.4,KL-PER-02
2019-09-02,612.76,31.5,KL-PER-02
2019-09-03,598.79,16.5,KL-PER-02
2019-09-04,600.17,26.4,KL-PER-02
2019-09-05,602.95,15.8,KL-PER-02
2019-09-06,593.29,12.6,KL-PER-02
2019-09-07,574.44,10.2,KL-PER-02
2019-09-08,551.08,13.3,KL-PER-02
2019-09-09,526.23,9.6,KL-PER-02
2019-09-10,500.19,10.1,KL-PER-02
2019-09-11,479.84,17.2,KL-PER-02
2019-09-12,474.34,9.2,KL-PER-02
2019-09-13,463.52,11.5,KL-PER-02
2019-09-14,445.68,8.2,KL-PER-02
2019-09-15,427.55,20.2,KL-PER-02
2019-09-16,415.87,9.6,KL-PER-02
2019-09-17,407.32,16.4,KL-PER-02
2019-09-18,396.19,21.3,KL-PER-02
2019-09-19,384.48,15.6,KL-PER-02
2019-09-20,370.54,5.3,KL-PER-02
2019-09-21,351.37,2.6,KL-PER-02
2019-09-22,333.19,5.9,KL-PER-02
2019-09-23,343.35,14.2,KL-PER-02
2019-09-24,360.41,15.7,KL-PER-02
2019-09-25,366.28,24.7,KL-PER-02
2019-09-26,356.27,14.3,KL-PER-02
2019-09-27,341.77,2.2,KL-PER-02
2019-09-28,333.97,18.4,KL-PER-02
2019-09-29,335.51,28.6,KL-PER-02
2019-09-30,327.85,4.7,KL-PER-02
2019-10-01,313.05,8.2,KL-PER-02
2019-10-02,309.46,32.5,KL-PER-02
2019-10-03,316.69,19.0,KL-PER-02
2019-10-04,321.11,3.1,KL-PER-02
2019-10-05,325.59,11.1,KL-PER-02
2019-10-06,327.85,2.5,KL-PER-02
2019-10-07,324.84,4.7,KL-PER-02
2019-10-08,320.37,4.7,KL-PER-02
2019-10-09,313.05,5.9,KL-PER-02
2019-10-10,307.32,8.9,KL-PER-02
2019-10-11,312.33,19.1,KL-PER-02
2019-10-12,317.42,35.2,KL-PER-02
2019-10-13,318.15,19.5,KL-PER-02
2019-10-14,318.89,17.8,KL-PER-02
2019-10-15,315.96,10.9,KL-PER-02
2019-10-16,328.61,37.9,KL-PER-02
2019-10-17,347.34,20.6,KL-PER-02
2019-10-18,392.55,12.5,KL-PER-02
2019-10-19,427.55,19.2,KL-PER-02
2019-10-20,533.56,62.0,KL-PER-02
2019-10-21,600.17,81.7,KL-PER-02
2019-10-22,590.56,16.2,KL-PER-02
2019-10-23,567.85,47.3,KL-PER-02
2019-10-24,557.47,10.2,KL-PER-02
2019-10-25,538.51,6.8,KL-PER-02
2019-10-26,508.33,15.5,KL-PER-02
2019-10-27,482.06,0.0,KL-PER-02
2019-10-28,465.66,2.9,KL-PER-02
2019-10-29,451.9,7.3,KL-PER-02
2019-10-30,448.78,34.8,KL-PER-02
2019-10-31,453.99,44.4,KL-PER-02
2019-11-01,452.94,0.0,KL-PER-02
2019-11-02,435.52,2.2,KL-PER-02
2019-11-03,420.7,24.2,KL-PER-02
2019-11-04,413.0,10.1,KL-PER-02
2019-11-05,398.94,4.4,KL-PER-02
2019-11-06,380.94,1.9,KL-PER-02
2019-11-07,366.28,10.2,KL-PER-02
2019-11-08,359.58,5.6,KL-PER-02
2019-11-09,367.98,14.9,KL-PER-02
2019-11-10,398.94,25.9,KL-PER-02
2019-11-11,409.2,13.3,KL-PER-02
2019-11-12,398.02,12.3,KL-PER-02
2019-11-13,378.31,0.5,KL-PER-02
2019-11-14,357.1,0.8,KL-PER-02
2019-11-15,341.77,4.8,KL-PER-02
2019-11-16,338.63,14.2,KL-PER-02
2019-11-17,335.51,6.5,KL-PER-02
2019-11-18,326.34,5.7,KL-PER-02
2019-11-19,314.5,13.7,KL-PER-02
2019-11-20,303.79,17.3,KL-PER-02
2019-11-21,296.17,10.6,KL-PER-02
2019-11-22,284.1,13.2,KL-PER-02
2019-11-23,272.53,0.4,KL-PER-02
2019-11-24,259.62,1.9,KL-PER-02
2019-11-25,246.74,13.1,KL-PER-02
2019-11-26,235.59,0.3,KL-PER-02
2019-11-27,221.84,0.5,KL-PER-02
2019-11-28,208.41,1.1,KL-PER-02
2019-11-29,199.45,4.6,KL-PER-02
2019-11-30,198.53,55.8,KL-PER-02
2019-12-01,211.32,20.8,KL-PER-02
2019-12-02,224.42,8.8,KL-PER-02
2019-12-03,228.09,2.5,KL-PER-02
2019-12-04,221.33,0.1,KL-PER-02
2019-12-05,210.35,0.1,KL-PER-02
2019-12-06,199.45,0.0,KL-PER-02
2019-12-07,190.87,0.3,KL-PER-02
2019-12-08,184.78,0.4,KL-PER-02
2019-12-09,177.24,0.0,KL-PER-02
2019-12-10,168.04,0.0,KL-PER-02
2019-12-11,158.96,1.5,KL-PER-02
2019-12-12,151.76,2.1,KL-PER-02
2019-12-13,145.22,11.5,KL-PER-02
2019-12-14,140.58,13.6,KL-PER-02
2019-12-15,138.64,0.0,KL-PER-02
2019-12-16,134.52,0.0,KL-PER-02
2019-12-17,127.82,0.0,KL-PER-02
2019-12-18,121.74,0.0,KL-PER-02
2019-12-19,115.95,0.2,KL-PER-02
2019-12-20,111.2,0.7,KL-PER-02
2019-12-21,109.66,0.8,KL-PER-02
2019-12-22,107.64,0.0,KL-PER-02
2019-12-23,103.71,1.1,KL-PER-02
2019-12-24,99.93,1.0,KL-PER-02
2019-12-25,96.95,0.4,KL-PER-02
2019-12-26,94.28,2.6,KL-PER-02
2019-12-27,91.26,0.0,KL-PER-02
2019-12-28,88.33,0.0,KL-PER-02
2019-12-29,84.7,0.0,KL-PER-02
2019-12-30,81.22,0.9,KL-PER-02
2019-12-31,78.07,0.1,KL-PER-02
2020-01-01,75.21,0.9,KL-PER-02
2020-01-02,72.45,0.3,KL-PER-02
2020-01-03,70.12,1.7,KL-PER-02
2020-01-04,67.87,0.5,KL-PER-02
2020-01-05,65.83,0.9,KL-PER-02
2020-01-06,64.01,1.1,KL-PER-02
2020-01-07,62.24,0.1,KL-PER-02
2020-01-08,60.38,0.3,KL-PER-02
2020-01-09,58.57,0.0,KL-PER-02
2020-01-10,56.81,0.0,KL-PER-02
2020-01-11,49.58,0.0,KL-PER-02
2020-01-12,43.98,0.0,KL-PER-02
2020-01-13,41.76,0.3,KL-PER-02
2020-01-14,40.21,0.1,KL-PER-02
2020-01-15,38.99,0.7,KL-PER-02
2020-01-16,37.99,0.5,KL-PER-02
2020-01-17,37.11,0.0,KL-PER-02
2020-01-18,36.07,1.3,KL-PER-02
2020-01-19,35.31,2.6,KL-PER-02
2020-01-20,34.65,1.0,KL-PER-02
2020-01-21,35.39,0.0,KL-PER-02
2020-01-22,35.9,0.0,KL-PER-02
2020-01-23,35.56,0.0,KL-PER-02
2020-01-24,35.14,0.0,KL-PER-02
2020-01-25,34.89,0.0,KL-PER-02
2020-01-26,34.56,0.0,KL-PER-02
2020-01-27,34.24,0.4,KL-PER-02
2020-01-28,33.99,0.2,KL-PER-02
2020-01-29,33.59,1.6,KL-PER-02
2020-01-30,33.2,0.3,KL-PER-02
2020-01-31,35.73,0.0,KL-PER-02
2020-02-01,38.26,3.4,KL-PER-02
2020-02-02,39.09,1.4,KL-PER-02
2020-02-03,39.09,1.3,KL-PER-02
2020-02-04,38.81,0.0,KL-PER-02
2020-02-05,38.81,0.4,KL-PER-02
2020-02-06,38.99,3.0,KL-PER-02
2020-02-07,39.18,4.4,KL-PER-02
2020-02-08,39.27,0.0,KL-PER-02
2020-02-09,39.09,0.0,KL-PER-02
2020-02-10,38.63,0.3,KL-PER-02
2020-02-11,37.99,0.0,KL-PER-02
2020-02-12,37.55,0.2,KL-PER-02
2020-02-13,37.64,0.0,KL-PER-02
2020-02-14,37.82,0.0,KL-PER-02
2020-02-15,37.82,1.3,KL-PER-02
2020-02-16,37.64,0.0,KL-PER-02
2020-02-17,37.55,0.0,KL-PER-02
2020-02-18,37.46,0.0,KL-PER-02
2020-02-19,37.37,0.0,KL-PER-02
2020-02-20,37.19,0.0,KL-PER-02
2020-02-21,36.84,0.2,KL-PER-02
2020-02-22,36.84,0.6,KL-PER-02
2020-02-23,36.93,0.0,KL-PER-02
2020-02-24,36.67,0.1,KL-PER-02
2020-02-25,36.41,0.0,KL-PER-02
2020-02-26,36.24,1.2,KL-PER-02
2020-02-27,36.24,3.0,KL-PER-02
2020-02-28,36.24,2.4,KL-PER-02
2020-02-29,36.41,2.1,KL-PER-02
2020-03-01,36.76,2.2,KL-PER-02
2020-03-02,37.73,5.3,KL-PER-02
2020-03-03,39.74,6.9,KL-PER-02
2020-03-04,40.21,6.3,KL-PER-02
2020-03-05,40.98,6.6,KL-PER-02
2020-03-06,40.98,3.4,KL-PER-02
2020-03-07,40.11,1.6,KL-PER-02
2020-03-08,39.55,2.0,KL-PER-02
2020-03-09,39.83,7.3,KL-PER-02
2020-03-10,44.6,3.6,KL-PER-02
2020-03-11,46.64,27.9,KL-PER-02
2020-03-12,45.13,1.6,KL-PER-02
2020-03-13,43.06,0.2,KL-PER-02
2020-03-14,41.17,0.1,KL-PER-02
2020-03-15,39.93,1.7,KL-PER-02
2020-03-16,39.09,0.7,KL-PER-02
2020-03-17,38.45,0.3,KL-PER-02
2020-03-18,37.9,0.0,KL-PER-02
2020-03-19,37.73,2.6,KL-PER-02
2020-03-20,37.9,0.6,KL-PER-02
2020-03-21,39.18,36.9,KL-PER-02
2020-03-22,39.83,0.6,KL-PER-02
2020-03-23,40.78,1.6,KL-PER-02
2020-03-24,42.45,16.9,KL-PER-02
2020-03-25,42.85,0.5,KL-PER-02
2020-03-26,41.85,0.6,KL-PER-02
2020-03-27,40.5,1.4,KL-PER-02
2020-03-28,39.36,2.7,KL-PER-02
2020-03-29,38.81,2.1,KL-PER-02
2020-03-30,38.45,1.8,KL-PER-02
2020-03-31,37.99,1.0,KL-PER-02
2020-04-01,37.46,0.2,KL-PER-02
2020-04-02,37.19,0.7,KL-PER-02
2020-04-03,37.19,4.4,KL-PER-02
2020-04-04,37.02,1.7,KL-PER-02
2020-04-05,38.45,9.9,KL-PER-02
2020-04-06,40.88,7.2,KL-PER-02
2020-04-07,42.85,15.6,KL-PER-02
2020-04-08,47.75,10.3,KL-PER-02
2020-04-09,52.95,4.9,KL-PER-02
2020-04-10,54.59,4.2,KL-PER-02
2020-04-11,53.08,1.0,KL-PER-02
2020-04-12,50.88,3.1,KL-PER-02
2020-04-13,49.12,3.5,KL-PER-02
2020-04-14,48.43,6.3,KL-PER-02
2020-04-15,47.98,2.3,KL-PER-02
2020-04-16,47.75,2.8,KL-PER-02
2020-04-17,47.53,1.4,KL-PER-02
2020-04-18,47.31,4.2,KL-PER-02
2020-04-19,47.42,2.2,KL-PER-02
2020-04-20,48.32,3.9,KL-PER-02
2020-04-21,50.17,6.7,KL-PER-02
2020-04-22,51.48,14.5,KL-PER-02
2020-04-23,52.83,5.7,KL-PER-02
2020-04-24,55.49,9.0,KL-PER-02
2020-04-25,56.94,1.0,KL-PER-02
2020-04-26,59.39,9.9,KL-PER-02
2020-04-27,60.38,1.1,KL-PER-02
2020-04-28,66.45,23.2,KL-PER-02
2020-04-29,68.66,1.5,KL-PER-02
2020-04-30,69.31,11.3,KL-PER-02
2020-05-01,69.79,6.2,KL-PER-02
2020-05-02,70.94,15.2,KL-PER-02
2020-05-03,73.13,6.1,KL-PER-02
2020-05-04,73.64,1.5,KL-PER-02
2020-05-05,72.62,5.8,KL-PER-02
2020-05-06,71.78,3.4,KL-PER-02
2020-05-07,71.61,7.6,KL-PER-02
2020-05-08,71.44,5.3,KL-PER-02
2020-05-09,71.28,9.1,KL-PER-02
2020-05-10,71.11,4.4,KL-PER-02
2020-05-11,70.45,3.4,KL-PER-02
2020-05-12,72.11,11.4,KL-PER-02
2020-05-13,75.03,10.4,KL-PER-02
2020-05-14,77.7,19.8,KL-PER-02
2020-05-15,80.1,18.4,KL-PER-02
2020-05-16,79.54,9.2,KL-PER-02
2020-05-17,89.57,29.4,KL-PER-02
2020-05-18,124.31,47.6,KL-PER-02
2020-05-19,138.0,16.7,KL-PER-02
2020-05-20,129.62,11.4,KL-PER-02
2020-05-21,119.78,5.1,KL-PER-02
2020-05-22,113.02,2.2,KL-PER-02
2020-05-23,110.17,17.2,KL-PER-02
2020-05-24,107.39,7.8,KL-PER-02
2020-05-25,105.41,22.5,KL-PER-02
2020-05-26,103.71,6.0,KL-PER-02
2020-05-27,102.51,10.2,KL-PER-02
2020-05-28,102.99,22.0,KL-PER-02
2020-05-29,113.55,16.1,KL-PER-02
2020-05-30,122.88,22.9,KL-PER-02
2020-05-31,127.53,13.5,KL-PER-02
2020-06-01,133.9,35.1,KL-PER-02
2020-06-02,141.23,35.1,KL-PER-02
2020-06-03,146.57,19.5,KL-PER-02
2020-06-04,148.28,23.7,KL-PER-02
2020-06-05,151.41,28.4,KL-PER-02
2020-06-06,169.22,38.1,KL-PER-02
2020-06-07,180.55,40.8,KL-PER-02
2020-06-08,180.13,1.7,KL-PER-02
2020-06-09,174.79,10.3,KL-PER-02
2020-06-10,170.0,20.2,KL-PER-02
2020-06-11,170.4,17.9,KL-PER-02
2020-06-12,171.19,20.8,KL-PER-02
2020-06-13,173.58,19.8,KL-PER-02
2020-06-14,178.89,33.7,KL-PER-02
2020-06-15,183.5,13.9,KL-PER-02
2020-06-16,181.39,20.2,KL-PER-02
2020-06-17,179.3,15.6,KL-PER-02
2020-06-18,177.24,7.0,KL-PER-02
2020-06-19,174.39,23.4,KL-PER-02
2020-06-20,174.39,8.1,KL-PER-02
2020-06-21,182.23,22.0,KL-PER-02
2020-06-22,194.43,40.3,KL-PER-02
2020-06-23,199.91,7.5,KL-PER-02
2020-06-24,199.45,8.6,KL-PER-02
2020-06-25,203.17,16.6,KL-PER-02
2020-06-26,211.32,17.7,KL-PER-02
2020-06-27,213.78,19.6,KL-PER-02
2020-06-28,212.8,10.4,KL-PER-02
2020-06-29,222.87,35.6,KL-PER-02
2020-06-30,229.14,12.3,KL-PER-02
2020-07-01,225.46,13.5,KL-PER-02
2020-07-02,222.36,24.6,KL-PER-02
2020-07-03,227.03,25.9,KL-PER-02
2020-07-04,232.88,16.8,KL-PER-02
2020-07-05,233.42,11.5,KL-PER-02
2020-07-06,232.35,19.6,KL-PER-02
2020-07-07,229.14,7.0,KL-PER-02
2020-07-08,224.94,2.2,KL-PER-02
2020-07-09,227.03,9.7,KL-PER-02
2020-07-10,234.5,10.4,KL-PER-02
2020-07-11,235.05,13.8,KL-PER-02
2020-07-12,232.88,12.8,KL-PER-02
2020-07-13,235.59,15.3,KL-PER-02
2020-07-14,236.68,4.5,KL-PER-02
2020-07-15,241.1,23.2,KL-PER-02
2020-07-16,263.85,31.1,KL-PER-02
2020-07-17,307.32,24.9,KL-PER-02
2020-07-18,327.85,11.3,KL-PER-02
2020-07-19,322.59,2.4,KL-PER-02
2020-07-20,307.32,20.0,KL-PER-02
2020-07-21,297.54,11.7,KL-PER-02
2020-07-22,291.42,6.6,KL-PER-02
2020-07-23,288.07,16.4,KL-PER-02
2020-07-24,289.4,16.9,KL-PER-02
2020-07-25,288.07,13.8,KL-PER-02
2020-07-26,278.9,4.7,KL-PER-02
2020-07-27,264.46,3.6,KL-PER-02
2020-07-28,259.02,20.4,KL-PER-02
2020-07-29,358.75,70.6,KL-PER-02
2020-07-30,404.51,29.3,KL-PER-02
2020-07-31,413.95,33.4,KL-PER-02
2020-08-01,423.62,36.6,KL-PER-02
2020-08-02,487.65,31.4,KL-PER-02
2020-08-03,597.41,37.1,KL-PER-02
2020-08-04,658.17,20.1,KL-PER-02
2020-08-05,735.21,38.0,KL-PER-02
2020-08-06,832.68,43.1,KL-PER-02
2020-08-07,930.11,75.6,KL-PER-02
2020-08-08,976.24,46.1,KL-PER-02
2020-08-09,1103.08,91.3,KL-PER-02
2020-08-10,1087.93,25.4,KL-PER-02
2020-08-11,992.12,12.7,KL-PER-02
2020-08-12,904.73,2.8,KL-PER-02
2020-08-13,830.76,4.4,KL-PER-02
2020-08-14,771.68,5.7,KL-PER-02
2020-08-15,720.11,5.1,KL-PER-02
2020-08-16,675.08,4.3,KL-PER-02
2020-08-17,634.33,4.6,KL-PER-02
2020-08-18,597.41,1.7,KL-PER-02
2020-08-19,563.94,2.0,KL-PER-02
2020-08-20,532.33,3.2,KL-PER-02
2020-08-21,502.5,2.2,KL-PER-02
2020-08-22,474.34,2.9,KL-PER-02
2020-08-23,451.9,4.7,KL-PER-02
2020-08-24,435.52,4.2,KL-PER-02
2020-08-25,418.76,2.0,KL-PER-02
2020-08-26,398.02,1.0,KL-PER-02
2020-08-27,379.19,1.8,KL-PER-02
2020-08-28,357.1,0.9,KL-PER-02
2020-08-29,336.29,4.5,KL-PER-02
2020-08-30,317.42,5.5,KL-PER-02
2020-08-31,303.79,8.6,KL-PER-02
2020-09-01,298.92,19.5,KL-PER-02
2020-09-02,318.89,121.4,KL-PER-02
2020-09-03,338.63,5.9,KL-PER-02
2020-09-04,336.29,12.7,KL-PER-02
2020-09-05,323.34,15.9,KL-PER-02
2020-09-06,549.81,27.0,KL-PER-02
2020-09-07,609.94,24.8,KL-PER-02
2020-09-08,527.45,25.5,KL-PER-02
2020-09-09,484.29,48.8,KL-PER-02
2020-09-10,462.45,29.4,KL-PER-02
2020-09-11,450.86,36.9,KL-PER-02
2020-09-12,450.86,21.6,KL-PER-02
2020-09-13,449.82,17.7,KL-PER-02
2020-09-14,446.71,16.4,KL-PER-02
2020-09-15,434.51,13.2,KL-PER-02
2020-09-16,417.79,11.0,KL-PER-02
2020-09-17,402.65,20.3,KL-PER-02
2020-09-18,394.37,19.7,KL-PER-02
2020-09-19,596.04,46.9,KL-PER-02
2020-09-20,784.24,18.9,KL-PER-02
2020-09-21,923.7,19.2,KL-PER-02
2020-09-22,888.2,11.7,KL-PER-02
2020-09-23,795.16,8.5,KL-PER-02
2020-09-24,715.14,15.6,KL-PER-02
2020-09-25,655.15,4.6,KL-PER-02
2020-09-26,611.35,11.7,KL-PER-02
2020-09-27,571.8,11.8,KL-PER-02
2020-09-28,546.02,2.3,KL-PER-02
2020-09-29,521.4,9.4,KL-PER-02
2020-09-30,492.17,6.2,KL-PER-02
2020-10-01,464.59,2.7,KL-PER-02
2020-10-02,437.53,2.7,KL-PER-02
2020-10-03,411.1,2.4,KL-PER-02
2020-10-04,386.26,0.8,KL-PER-02
2020-10-05,363.75,0.9,KL-PER-02
2020-10-06,348.95,12.4,KL-PER-02
2020-10-07,345.74,14.5,KL-PER-02
2020-10-08,345.74,43.4,KL-PER-02
2020-10-09,341.77,3.4,KL-PER-02
2020-10-10,340.19,27.3,KL-PER-02
2020-10-11,339.41,26.9,KL-PER-02
2020-10-12,362.92,23.6,KL-PER-02
2020-10-13,414.91,11.4,KL-PER-02
2020-10-14,442.61,13.5,KL-PER-02
2020-10-15,445.68,15.5,KL-PER-02
2020-10-16,432.51,11.3,KL-PER-02
2020-10-17,414.91,8.7,KL-PER-02
2020-10-18,400.79,1.8,KL-PER-02
2020-10-19,380.94,5.6,KL-PER-02
2020-10-20,360.41,10.3,KL-PER-02
2020-10-21,339.41,3.4,KL-PER-02
2020-10-22,318.89,1.9,KL-PER-02
2020-10-23,299.61,0.9,KL-PER-02
2020-10-24,282.79,0.1,KL-PER-02
2020-10-25,266.3,0.0,KL-PER-02
2020-10-26,250.19,1.0,KL-PER-02
2020-10-27,239.44,8.5,KL-PER-02
2020-10-28,241.66,8.0,KL-PER-02
2020-10-29,248.46,6.1,KL-PER-02
2020-10-30,245.6,2.4,KL-PER-02
2020-10-31,237.23,4.1,KL-PER-02
2020-11-01,228.09,7.1,KL-PER-02
2020-11-02,222.36,3.8,KL-PER-02
2020-11-03,221.33,37.9,KL-PER-02
2020-11-04,224.94,13.3,KL-PER-02
2020-11-05,229.14,8.1,KL-PER-02
2020-11-06,230.74,6.0,KL-PER-02
2020-11-07,225.46,2.9,KL-PER-02
2020-11-08,216.27,40.5,KL-PER-02
2020-11-09,210.84,1.0,KL-PER-02
2020-11-10,204.12,0.2,KL-PER-02
2020-11-11,193.09,0.0,KL-PER-02
2020-11-12,182.65,10.4,KL-PER-02
2020-11-13,185.64,38.8,KL-PER-02
2020-11-14,193.54,0.6,KL-PER-02
2020-11-15,191.75,6.5,KL-PER-02
2020-11-16,198.53,10.8,KL-PER-02
2020-11-17,234.5,24.4,KL-PER-02
2020-11-18,265.69,14.1,KL-PER-02
2020-11-19,265.69,11.6,KL-PER-02
2020-11-20,253.68,6.1,KL-PER-02
2020-11-21,241.66,0.0,KL-PER-02
2020-11-22,227.56,0.0,KL-PER-02
2020-11-23,213.29,0.0,KL-PER-02
2020-11-24,200.84,0.7,KL-PER-02
2020-11-25,189.55,2.6,KL-PER-02
2020-11-26,180.55,5.5,KL-PER-02
2020-11-27,173.18,3.2,KL-PER-02
2020-11-28,165.72,5.4,KL-PER-02
2020-11-29,157.85,0.3,KL-PER-02
2020-11-30,150.01,0.0,KL-PER-02
2020-12-01,142.55,0.0,KL-PER-02
2020-12-02,136.72,0.7,KL-PER-02
2020-12-03,166.88,5.5,KL-PER-02
2020-12-04,240.55,9.4,KL-PER-02
2020-12-05,274.42,6.6,KL-PER-02
2020-12-06,287.4,42.2,KL-PER-02
2020-12-07,302.39,15.1,KL-PER-02
2020-12-08,297.54,11.0,KL-PER-02
2020-12-09,281.49,4.6,KL-PER-02
2020-12-10,265.07,2.5,KL-PER-02
2020-12-11,251.35,1.1,KL-PER-02
2020-12-12,238.88,0.8,KL-PER-02
2020-12-13,227.03,0.1,KL-PER-02
2020-12-14,215.77,0.0,KL-PER-02
2020-12-15,205.54,1.0,KL-PER-02
2020-12-16,200.84,3.8,KL-PER-02
2020-12-17,204.59,15.2,KL-PER-02
2020-12-18,208.41,7.3,KL-PER-02
2020-12-19,209.38,0.0,KL-PER-02
2020-12-20,205.54,0.0,KL-PER-02
2020-12-21,196.24,0.0,KL-PER-02
2020-12-22,186.5,1.1,KL-PER-02
2020-12-23,182.23,0.1,KL-PER-02
2020-12-24,179.3,0.0,KL-PER-02
2020-12-25,171.58,0.0,KL-PER-02
2020-12-26,162.68,0.0,KL-PER-02
2020-12-27,153.53,0.0,KL-PER-02
2020-12-28,144.88,0.0,KL-PER-02
2020-12-29,137.04,0.1,KL-PER-02
2020-12-30,132.05,2.6,KL-PER-02
2020-12-31,128.72,13.7,KL-PER-02
2021-01-01,125.77,0.0,KL-PER-02
2021-01-02,122.59,0.0,KL-PER-02
2021-01-03,117.03,0.0,KL-PER-02
2021-01-04,113.55,4.0,KL-PER-02
2021-01-05,115.14,5.5,KL-PER-02
2021-01-06,131.74,14.9,KL-PER-02
2021-01-07,157.85,49.4,KL-PER-02
2021-01-08,169.22,18.3,KL-PER-02
2021-01-09,173.98,11.0,KL-PER-02
2021-01-10,180.13,9.5,KL-PER-02
2021-01-11,182.23,3.1,KL-PER-02
2021-01-12,189.55,26.6,KL-PER-02
2021-01-13,206.97,8.0,KL-PER-02
2021-01-14,220.31,2.4,KL-PER-02
2021-01-15,219.29,0.4,KL-PER-02
2021-01-16,213.78,2.5,KL-PER-02
2021-01-17,212.3,1.2,KL-PER-02
2021-01-18,206.01,0.0,KL-PER-02
2021-01-19,194.43,0.0,KL-PER-02
2021-01-20,183.08,0.0,KL-PER-02
2021-01-21,169.22,1.1,KL-PER-02
2021-01-22,156.04,1.3,KL-PER-02
2021-01-23,150.01,4.3,KL-PER-02
2021-01-24,144.55,0.1,KL-PER-02
2021-01-25,137.36,0.0,KL-PER-02
2021-01-26,129.32,0.0,KL-PER-02
2021-01-27,121.74,0.0,KL-PER-02
2021-01-28,114.35,0.0,KL-PER-02
2021-01-29,107.64,0.0,KL-PER-02
2021-01-30,101.8,0.7,KL-PER-02
2021-01-31,100.16,1.7,KL-PER-02
2021-02-01,97.63,0.0,KL-PER-02
2021-02-02,92.97,0.0,KL-PER-02
2021-02-03,88.54,0.0,KL-PER-02
2021-02-04,84.31,0.0,KL-PER-02
2021-02-05,80.28,0.2,KL-PER-02
2021-02-06,76.98,0.0,KL-PER-02
2021-02-07,73.64,0.0,KL-PER-02
2021-02-08,70.29,0.0,KL-PER-02
2021-02-09,67.08,0.0,KL-PER-02
2021-02-10,64.46,0.0,KL-PER-02
2021-02-11,61.95,0.0,KL-PER-02
2021-02-12,59.67,0.0,KL-PER-02
2021-02-13,57.75,0.0,KL-PER-02
2021-02-14,56.02,0.2,KL-PER-02
2021-02-15,54.21,0.7,KL-PER-02
2021-02-16,52.95,1.3,KL-PER-02
2021-02-17,51.84,1.4,KL-PER-02
2021-02-18,50.88,2.6,KL-PER-02
2021-02-19,50.64,0.9,KL-PER-02
2021-02-20,50.17,3.2,KL-PER-02
2021-02-21,49.58,1.0,KL-PER-02
2021-02-22,48.89,1.5,KL-PER-02
2021-02-23,48.09,0.1,KL-PER-02
2021-02-24,47.19,1.3,KL-PER-02
2021-02-25,46.42,4.7,KL-PER-02
2021-02-26,45.77,5.3,KL-PER-02
2021-02-27,45.34,0.4,KL-PER-02
2021-02-28,44.6,0.5,KL-PER-02
2021-03-01,43.98,2.5,KL-PER-02
2021-03-02,43.36,0.1,KL-PER-02
2021-03-03,42.75,0.0,KL-PER-02
2021-03-04,42.15,0.0,KL-PER-02
2021-03-05,41.76,0.0,KL-PER-02
2021-03-06,41.07,0.1,KL-PER-02
2021-03-07,40.59,0.4,KL-PER-02
2021-03-08,40.11,2.1,KL-PER-02
2021-03-09,40.02,0.5,KL-PER-02
2021-03-10,40.02,3.9,KL-PER-02
2021-03-11,40.59,8.6,KL-PER-02
2021-03-12,40.98,0.0,KL-PER-02
2021-03-13,40.3,0.0,KL-PER-02
2021-03-14,39.64,1.5,KL-PER-02
2021-03-15,39.27,0.1,KL-PER-02
2021-03-16,38.99,1.3,KL-PER-02
2021-03-17,38.63,2.1,KL-PER-02
2021-03-18,38.26,0.8,KL-PER-02
2021-03-19,38.26,3.7,KL-PER-02
2021-03-20,38.63,2.6,KL-PER-02
2021-03-21,38.81,0.5,KL-PER-02
2021-03-22,38.63,2.2,KL-PER-02
2021-03-23,38.36,3.6,KL-PER-02
2021-03-24,38.17,4.8,KL-PER-02
2021-03-25,38.9,3.4,KL-PER-02
2021-03-26,39.55,1.3,KL-PER-02
2021-03-27,38.9,3.5,KL-PER-02
2021-03-28,39.93,5.1,KL-PER-02
2021-03-29,49.47,4.0,KL-PER-02
2021-03-30,50.76,0.7,KL-PER-02
2021-03-31,47.64,3.8,KL-PER-02
2021-04-01,49.35,1.7,KL-PER-02
2021-04-02,50.4,0.1,KL-PER-02
2021-04-03,48.55,1.4,KL-PER-02
2021-04-04,46.86,0.0,KL-PER-02
2021-04-05,45.77,1.3,KL-PER-02
2021-04-06,45.03,2.0,KL-PER-02
2021-04-07,44.29,5.4,KL-PER-02
2021-04-08,44.29,5.1,KL-PER-02
2021-04-09,46.53,6.7,KL-PER-02
2021-04-10,47.98,3.8,KL-PER-02
2021-04-11,48.55,4.5,KL-PER-02
2021-04-12,53.95,20.6,KL-PER-02
2021-04-13,58.57,6.7,KL-PER-02
2021-04-14,65.68,6.5,KL-PER-02
2021-04-15,73.13,21.8,KL-PER-02
2021-04-16,77.52,7.1,KL-PER-02
2021-04-17,79.54,12.4,KL-PER-02
2021-04-18,82.18,25.4,KL-PER-02
2021-04-19,85.1,22.4,KL-PER-02
2021-04-20,86.9,1.6,KL-PER-02
2021-04-21,88.33,10.4,KL-PER-02
2021-04-22,90.83,7.6,KL-PER-02
2021-04-23,92.97,5.7,KL-PER-02
2021-04-24,94.72,17.2,KL-PER-02
2021-04-25,99.69,14.2,KL-PER-02
2021-04-26,102.99,11.4,KL-PER-02
2021-04-27,103.95,8.4,KL-PER-02
2021-04-28,103.95,11.7,KL-PER-02
2021-04-29,103.95,10.4,KL-PER-02
2021-04-30,106.15,21.7,KL-PER-02
2021-05-01,110.69,8.8,KL-PER-02
2021-05-02,114.35,24.0,KL-PER-02
2021-05-03,118.95,33.1,KL-PER-02
2021-05-04,124.6,5.6,KL-PER-02
2021-05-05,129.62,4.3,KL-PER-02
2021-05-06,130.52,10.6,KL-PER-02
2021-05-07,131.43,15.8,KL-PER-02
2021-05-08,134.52,4.1,KL-PER-02
2021-05-09,136.72,11.0,KL-PER-02
2021-05-10,139.93,20.8,KL-PER-02
2021-05-11,146.57,21.9,KL-PER-02
2021-05-12,150.71,18.9,KL-PER-02
2021-05-13,161.18,24.9,KL-PER-02
2021-05-14,278.25,113.8,KL-PER-02
2021-05-15,476.53,74.6,KL-PER-02
2021-05-16,501.34,32.3,KL-PER-02
2021-05-17,439.55,14.6,KL-PER-02
2021-05-18,388.05,10.0,KL-PER-02
2021-05-19,416.83,22.7,KL-PER-02
2021-05-20,417.79,20.0,KL-PER-02
2021-05-21,400.79,22.6,KL-PER-02
2021-05-22,381.82,25.6,KL-PER-02
2021-05-23,363.75,4.4,KL-PER-02
2021-05-24,348.14,7.4,KL-PER-02
2021-05-25,334.74,34.3,KL-PER-02
2021-05-26,349.75,27.4,KL-PER-02
2021-05-27,362.92,10.9,KL-PER-02
2021-05-28,352.18,8.1,KL-PER-02
2021-05-29,335.51,18.1,KL-PER-02
2021-05-30,319.63,3.4,KL-PER-02
2021-05-31,307.32,11.4,KL-PER-02
2021-06-01,296.85,6.2,KL-PER-02
2021-06-02,286.08,11.9,KL-PER-02
2021-06-03,278.25,24.4,KL-PER-02
2021-06-04,276.33,12.5,KL-PER-02
2021-06-05,286.74,32.8,KL-PER-02
2021-06-06,292.76,9.3,KL-PER-02
2021-06-07,286.74,3.6,KL-PER-02
2021-06-08,274.42,15.8,KL-PER-02
2021-06-09,265.07,5.5,KL-PER-02
2021-06-10,255.45,4.0,KL-PER-02
2021-06-11,245.6,7.6,KL-PER-02
2021-06-12,253.1,32.3,KL-PER-02
2021-06-13,328.61,56.0,KL-PER-02
2021-06-14,380.94,17.5,KL-PER-02
2021-06-15,394.37,19.7,KL-PER-02
2021-06-16,403.58,22.8,KL-PER-02
2021-06-17,403.58,24.2,KL-PER-02
2021-06-18,392.55,10.0,KL-PER-02
2021-06-19,374.84,6.3,KL-PER-02
2021-06-20,356.27,3.0,KL-PER-02
2021-06-21,339.41,6.9,KL-PER-02
2021-06-22,324.84,13.5,KL-PER-02
2021-06-23,313.77,14.5,KL-PER-02
2021-06-24,305.2,2.2,KL-PER-02
2021-06-25,292.09,2.5,KL-PER-02
2021-06-26,273.16,15.9,KL-PER-02
2021-06-27,259.62,5.4,KL-PER-02
2021-06-28,250.19,7.5,KL-PER-02
2021-06-29,242.78,1.9,KL-PER-02
2021-06-30,235.05,4.0,KL-PER-02
2021-07-01,228.61,25.4,KL-PER-02
2021-07-02,224.94,15.5,KL-PER-02
2021-07-03,220.31,24.4,KL-PER-02
2021-07-04,216.77,19.8,KL-PER-02
2021-07-05,216.77,10.7,KL-PER-02
2021-07-06,213.29,5.5,KL-PER-02
2021-07-07,207.45,15.1,KL-PER-02
2021-07-08,203.64,18.3,KL-PER-02
2021-07-09,241.66,60.7,KL-PER-02
2021-07-10,438.54,52.9,KL-PER-02
2021-07-11,499.03,25.7,KL-PER-02
2021-07-12,457.14,13.5,KL-PER-02
2021-07-13,428.54,15.0,KL-PER-02
2021-07-14,407.32,13.8,KL-PER-02
2021-07-15,388.94,14.7,KL-PER-02
2021-07-16,372.25,12.0,KL-PER-02
2021-07-17,360.41,10.2,KL-PER-02
2021-07-18,352.18,19.3,KL-PER-02
2021-07-19,343.35,8.4,KL-PER-02
2021-07-20,329.37,5.1,KL-PER-02
2021-07-21,331.66,14.8,KL-PER-02
2021-07-22,402.65,24.2,KL-PER-02
2021-07-23,503.66,24.1,KL-PER-02
2021-07-24,541.0,29.9,KL-PER-02
2021-07-25,582.45,24.4,KL-PER-02
2021-07-26,575.77,13.4,KL-PER-02
2021-07-27,542.25,17.3,KL-PER-02
2021-07-28,507.16,13.0,KL-PER-02
2021-07-29,476.53,3.6,KL-PER-02
2021-07-30,446.71,5.1,KL-PER-02
2021-07-31,420.7,4.5,KL-PER-02
2021-08-01,394.37,2.8,KL-PER-02
2021-08-02,373.11,9.0,KL-PER-02
2021-08-03,353.0,6.4,KL-PER-02
2021-08-04,333.97,5.6,KL-PER-02
2021-08-05,324.09,17.2,KL-PER-02
2021-08-06,348.95,25.8,KL-PER-02
2021-08-07,371.39,16.4,KL-PER-02
2021-08-08,370.54,22.7,KL-PER-02
2021-08-09,355.45,29.1,KL-PER-02
2021-08-10,336.29,8.7,KL-PER-02
2021-08-11,329.37,27.3,KL-PER-02
2021-08-12,333.19,10.4,KL-PER-02
2021-08-13,335.51,13.6,KL-PER-02
2021-08-14,331.66,7.7,KL-PER-02
2021-08-15,322.59,5.6,KL-PER-02
2021-08-16,311.61,5.3,KL-PER-02
2021-08-17,303.79,34.1,KL-PER-02
2021-08-18,314.5,23.2,KL-PER-02
2021-08-19,321.11,5.0,KL-PER-02
2021-08-20,312.33,2.6,KL-PER-02
2021-08-21,297.54,11.4,KL-PER-02
2021-08-22,288.73,7.5,KL-PER-02
2021-08-23,283.45,8.8,KL-PER-02
2021-08-24,275.69,1.5,KL-PER-02
2021-08-25,264.46,9.0,KL-PER-02
2021-08-26,256.04,24.8,KL-PER-02
2021-08-27,257.23,27.8,KL-PER-02
2021-08-28,357.92,42.3,KL-PER-02
2021-08-29,635.8,82.7,KL-PER-02
2021-08-30,665.81,16.4,KL-PER-02
2021-08-31,573.12,7.5,KL-PER-02
2021-09-01,503.66,5.1,KL-PER-02
2021-09-02,460.32,13.8,KL-PER-02
2021-09-03,434.51,15.6,KL-PER-02
2021-09-04,419.73,19.5,KL-PER-02
2021-09-05,414.91,30.2,KL-PER-02
2021-09-06,414.91,18.0,KL-PER-02
2021-09-07,413.95,13.8,KL-PER-02
2021-09-08,408.26,5.6,KL-PER-02
2021-09-09,391.65,3.6,KL-PER-02
2021-09-10,371.39,3.7,KL-PER-02
2021-09-11,354.63,7.6,KL-PER-02
2021-09-12,348.95,20.0,KL-PER-02
2021-09-13,351.37,11.1,KL-PER-02
2021-09-14,349.75,9.3,KL-PER-02
2021-09-15,339.41,7.6,KL-PER-02
2021-09-16,328.61,4.2,KL-PER-02
2021-09-17,317.42,1.5,KL-PER-02
2021-09-18,305.2,1.0,KL-PER-02
2021-09-19,298.23,2.9,KL-PER-02
2021-09-20,296.85,2.0,KL-PER-02
2021-09-21,294.12,3.9,KL-PER-02
2021-09-22,284.1,4.4,KL-PER-02
2021-09-23,270.02,5.1,KL-PER-02
2021-09-24,254.27,4.4,KL-PER-02
2021-09-25,242.78,5.0,KL-PER-02
2021-09-26,240.55,18.0,KL-PER-02
2021-09-27,249.61,24.5,KL-PER-02
2021-09-28,263.24,12.8,KL-PER-02
2021-09-29,268.77,7.6,KL-PER-02
2021-09-30,264.46,8.3,KL-PER-02
2021-10-01,326.34,78.5,KL-PER-02
2021-10-02,369.68,38.6,KL-PER-02
2021-10-03,367.98,17.9,KL-PER-02
2021-10-04,354.63,47.5,KL-PER-02
2021-10-05,441.59,23.4,KL-PER-02
2021-10-06,492.17,12.8,KL-PER-02
2021-10-07,464.59,8.2,KL-PER-02
2021-10-08,431.51,20.6,KL-PER-02
2021-10-09,409.2,27.7,KL-PER-02
2021-10-10,395.28,17.9,KL-PER-02
2021-10-11,403.58,53.2,KL-PER-02
2021-10-12,441.59,51.8,KL-PER-02
2021-10-13,456.09,19.9,KL-PER-02
2021-10-14,435.52,2.8,KL-PER-02
2021-10-15,410.15,9.8,KL-PER-02
2021-10-16,558.76,47.8,KL-PER-02
2021-10-17,614.18,36.3,KL-PER-02
2021-10-18,570.48,3.6,KL-PER-02
2021-10-19,520.19,1.9,KL-PER-02
2021-10-20,539.75,34.4,KL-PER-02
2021-10-21,544.76,5.9,KL-PER-02
2021-10-22,531.11,19.7,KL-PER-02
2021-10-23,546.02,19.9,KL-PER-02
2021-10-24,549.81,5.6,KL-PER-02
2021-10-25,573.12,38.9,KL-PER-02
2021-10-26,578.43,11.7,KL-PER-02
2021-10-27,594.66,31.2,KL-PER-02
2021-10-28,590.56,6.2,KL-PER-02
2021-10-29,563.94,5.8,KL-PER-02
2021-10-30,543.5,31.4,KL-PER-02
2021-10-31,532.33,12.2,KL-PER-02
2021-11-01,533.56,10.4,KL-PER-02
2021-11-02,583.79,26.8,KL-PER-02
2021-11-03,602.95,17.2,KL-PER-02
2021-11-04,589.2,30.5,KL-PER-02
2021-11-05,578.43,36.7,KL-PER-02
2021-11-06,562.64,4.8,KL-PER-02
2021-11-07,534.8,7.3,KL-PER-02
2021-11-08,511.86,10.1,KL-PER-02
2021-11-09,511.86,2.2,KL-PER-02
2021-11-10,517.8,1.4,KL-PER-02
2021-11-11,505.99,8.3,KL-PER-02
2021-11-12,486.53,7.2,KL-PER-02
2021-11-13,488.78,42.3,KL-PER-02
2021-11-14,489.91,61.4,KL-PER-02
2021-11-15,489.91,56.7,KL-PER-02
2021-11-16,480.95,11.6,KL-PER-02
2021-11-17,469.98,11.3,KL-PER-02
2021-11-18,457.14,5.4,KL-PER-02
2021-11-19,453.99,31.9,KL-PER-02
2021-11-20,453.99,4.3,KL-PER-02
2021-11-21,439.55,0.0,KL-PER-02
2021-11-22,414.91,13.0,KL-PER-02
2021-11-23,403.58,15.8,KL-PER-02
2021-11-24,404.51,1.4,KL-PER-02
2021-11-25,398.02,10.5,KL-PER-02
2021-11-26,392.55,4.8,KL-PER-02
2021-11-27,392.55,8.7,KL-PER-02
2021-11-28,412.05,29.6,KL-PER-02
2021-11-29,436.52,22.9,KL-PER-02
2021-11-30,438.54,28.8,KL-PER-02
2021-12-01,420.7,16.9,KL-PER-02
2021-12-02,396.19,1.6,KL-PER-02
2021-12-03,373.97,7.8,KL-PER-02
2021-12-04,357.92,6.7,KL-PER-02
2021-12-05,342.56,4.2,KL-PER-02
2021-12-06,329.37,5.9,KL-PER-02
2021-12-07,323.34,0.5,KL-PER-02
2021-12-08,313.05,4.0,KL-PER-02
2021-12-09,298.92,34.2,KL-PER-02
2021-12-10,288.73,0.1,KL-PER-02
2021-12-11,276.33,0.0,KL-PER-02
2021-12-12,261.42,0.0,KL-PER-02
2021-12-13,247.31,1.3,KL-PER-02
2021-12-14,235.05,2.0,KL-PER-02
2021-12-15,224.94,0.0,KL-PER-02
2021-12-16,213.78,0.0,KL-PER-02
2021-12-17,202.24,0.0,KL-PER-02
2021-12-18,191.31,0.0,KL-PER-02
2021-12-19,180.55,0.0,KL-PER-02
2021-12-20,170.79,0.0,KL-PER-02
2021-12-21,161.55,0.0,KL-PER-02
2021-12-22,153.53,0.0,KL-PER-02
2021-12-23,145.89,0.2,KL-PER-02
2021-12-24,138.96,0.0,KL-PER-02
2021-12-25,132.05,0.0,KL-PER-02
2021-12-26,125.18,1.3,KL-PER-02
2021-12-27,118.67,0.0,KL-PER-02
2021-12-28,112.5,0.0,KL-PER-02
2021-12-29,106.65,0.0,KL-PER-02
2021-12-30,101.33,0.0,KL-PER-02
2021-12-31,96.72,1.5,KL-PER-02
2022-01-01,92.76,0.5,KL-PER-02
2022-01-02,90.2,0.7,KL-PER-02
2022-01-03,87.72,0.2,KL-PER-02
2022-01-04,84.11,0.0,KL-PER-02
2022-01-05,80.47,0.0,KL-PER-02
2022-01-06,76.98,0.0,KL-PER-02
2022-01-07,73.82,1.3,KL-PER-02
2022-01-08,70.94,1.0,KL-PER-02
2022-01-09,68.5,0.5,KL-PER-02
2022-01-10,66.3,0.3,KL-PER-02
2022-01-11,58.43,0.1,KL-PER-02
2022-01-12,51.84,0.0,KL-PER-02
2022-01-13,48.55,0.0,KL-PER-02
2022-01-14,46.21,0.0,KL-PER-02
2022-01-15,44.39,0.0,KL-PER-02
2022-01-16,42.75,0.3,KL-PER-02
2022-01-17,41.27,0.6,KL-PER-02
2022-01-18,39.83,0.0,KL-PER-02
2022-01-19,38.36,0.0,KL-PER-02
2022-01-20,37.11,0.9,KL-PER-02
2022-01-21,37.73,0.7,KL-PER-02
2022-01-22,38.45,1.2,KL-PER-02
2022-01-23,38.17,0.2,KL-PER-02
2022-01-24,37.73,0.0,KL-PER-02
2022-01-25,37.19,0.0,KL-PER-02
2022-01-26,36.93,2.2,KL-PER-02
2022-01-27,37.11,1.7,KL-PER-02
2022-01-28,36.93,0.0,KL-PER-02
2022-01-29,36.41,1.0,KL-PER-02
2022-01-30,35.98,0.0,KL-PER-02
2022-01-31,38.36,0.3,KL-PER-02
2022-02-01,40.5,1.6,KL-PER-02
2022-02-02,40.78,0.3,KL-PER-02
2022-02-03,40.88,0.9,KL-PER-02
2022-02-04,40.78,0.0,KL-PER-02
2022-02-05,40.4,0.0,KL-PER-02
2022-02-06,40.4,1.5,KL-PER-02
2022-02-07,40.11,0.0,KL-PER-02
2022-02-08,39.83,0.1,KL-PER-02
2022-02-09,39.55,0.0,KL-PER-02
2022-02-10,39.36,0.0,KL-PER-02
2022-02-11,39.74,0.0,KL-PER-02
2022-02-12,41.36,4.8,KL-PER-02
2022-02-13,42.05,1.1,KL-PER-02
2022-02-14,41.56,0.5,KL-PER-02
2022-02-15,41.17,2.2,KL-PER-02
2022-02-16,40.69,4.0,KL-PER-02
2022-02-17,40.4,1.7,KL-PER-02
2022-02-18,40.02,3.4,KL-PER-02
2022-02-19,39.55,0.0,KL-PER-02
2022-02-20,39.18,0.3,KL-PER-02
2022-02-21,39.09,1.8,KL-PER-02
2022-02-22,39.18,1.9,KL-PER-02
2022-02-23,38.99,2.8,KL-PER-02
2022-02-24,38.72,0.2,KL-PER-02
2022-02-25,38.63,0.0,KL-PER-02
2022-02-26,38.36,0.0,KL-PER-02
2022-02-27,38.08,8.3,KL-PER-02
2022-02-28,37.99,0.3,KL-PER-02
2022-03-01,37.9,0.0,KL-PER-02
2022-03-02,37.64,0.0,KL-PER-02
2022-03-03,37.37,0.0,KL-PER-02
2022-03-04,37.37,0.0,KL-PER-02
2022-03-05,37.46,0.3,KL-PER-02
2022-03-06,37.46,0.3,KL-PER-02
2022-03-07,37.55,1.9,KL-PER-02
2022-03-08,37.64,2.1,KL-PER-02
2022-03-09,37.28,0.3,KL-PER-02
2022-03-10,36.93,0.0,KL-PER-02
2022-03-11,36.76,1.3,KL-PER-02
2022-03-12,36.5,0.0,KL-PER-02
2022-03-13,36.41,0.0,KL-PER-02
2022-03-14,36.07,0.1,KL-PER-02
2022-03-15,36.07,6.0,KL-PER-02
2022-03-16,37.02,0.3,KL-PER-02
2022-03-17,37.73,1.2,KL-PER-02
2022-03-18,37.82,7.2,KL-PER-02
2022-03-19,40.21,5.5,KL-PER-02
2022-03-20,41.66,3.4,KL-PER-02
2022-03-21,40.59,0.3,KL-PER-02
2022-03-22,39.09,2.1,KL-PER-02
2022-03-23,40.3,6.3,KL-PER-02
2022-03-24,43.67,3.4,KL-PER-02
2022-03-25,44.08,4.3,KL-PER-02
2022-03-26,43.46,5.9,KL-PER-02
2022-03-27,43.26,9.2,KL-PER-02
2022-03-28,43.67,19.4,KL-PER-02
2022-03-29,43.46,8.7,KL-PER-02
2022-03-30,42.75,2.4,KL-PER-02
2022-03-31,42.25,1.2,KL-PER-02
2022-04-01,42.65,3.9,KL-PER-02
2022-04-02,42.95,5.7,KL-PER-02
2022-04-03,42.65,6.6,KL-PER-02
2022-04-04,42.25,4.4,KL-PER-02
2022-04-05,41.95,5.2,KL-PER-02
2022-04-06,43.06,5.9,KL-PER-02
2022-04-07,43.67,3.6,KL-PER-02
2022-04-08,45.99,24.8,KL-PER-02
2022-04-09,57.88,15.2,KL-PER-02
2022-04-10,69.96,13.1,KL-PER-02
2022-04-11,81.79,34.3,KL-PER-02
2022-04-12,89.36,40.2,KL-PER-02
2022-04-13,104.2,40.6,KL-PER-02
2022-04-14,116.76,5.4,KL-PER-02
2022-04-15,116.76,2.5,KL-PER-02
2022-04-16,111.72,15.2,KL-PER-02
2022-04-17,108.9,9.3,KL-PER-02
2022-04-18,107.64,17.5,KL-PER-02
2022-04-19,108.14,10.0,KL-PER-02
2022-04-20,108.65,1.4,KL-PER-02
2022-04-21,108.4,3.1,KL-PER-02
2022-04-22,106.65,7.6,KL-PER-02
2022-04-23,105.41,10.6,KL-PER-02
2022-04-24,105.17,10.7,KL-PER-02
2022-04-25,105.91,8.1,KL-PER-02
2022-04-26,106.4,1.1,KL-PER-02
2022-04-27,104.44,1.9,KL-PER-02
2022-04-28,102.04,17.1,KL-PER-02
2022-04-29,100.86,19.3,KL-PER-02
2022-04-30,99.93,1.7,KL-PER-02
2022-05-01,103.71,17.5,KL-PER-02
2022-05-02,107.89,6.8,KL-PER-02
2022-05-03,111.98,2.8,KL-PER-02
2022-05-04,116.76,31.6,KL-PER-02
2022-05-05,121.18,15.7,KL-PER-02
2022-05-06,125.18,14.0,KL-PER-02
2022-05-07,126.94,6.5,KL-PER-02
2022-05-08,125.18,8.4,KL-PER-02
2022-05-09,126.94,20.2,KL-PER-02
2022-05-10,132.05,32.0,KL-PER-02
2022-05-11,135.14,18.6,KL-PER-02
2022-05-12,136.4,7.9,KL-PER-02
2022-05-13,141.23,8.8,KL-PER-02
2022-05-14,178.06,30.1,KL-PER-02
2022-05-15,280.19,69.0,KL-PER-02
2022-05-16,333.19,53.8,KL-PER-02
2022-05-17,347.34,114.2,KL-PER-02
2022-05-18,493.31,75.9,KL-PER-02
2022-05-19,528.66,48.6,KL-PER-02
2022-05-20,489.91,35.1,KL-PER-02
2022-05-21,453.99,25.5,KL-PER-02
2022-05-22,432.51,20.0,KL-PER-02
2022-05-23,418.76,15.3,KL-PER-02
2022-05-24,401.72,4.8,KL-PER-02
2022-05-25,382.71,1.5,KL-PER-02
2022-05-26,364.59,13.6,KL-PER-02
2022-05-27,349.75,7.2,KL-PER-02
2022-05-28,337.06,8.4,KL-PER-02
2022-05-29,326.34,3.8,KL-PER-02
2022-05-30,314.5,2.6,KL-PER-02
2022-05-31,304.49,7.5,KL-PER-02
2022-06-01,295.48,2.7,KL-PER-02
2022-06-02,285.42,5.6,KL-PER-02
2022-06-03,276.33,7.3,KL-PER-02
2022-06-04,270.02,4.5,KL-PER-02
2022-06-05,264.46,14.7,KL-PER-02
2022-06-06,258.42,9.1,KL-PER-02
2022-06-07,252.51,22.4,KL-PER-02
2022-06-08,245.04,15.4,KL-PER-02
2022-06-09,236.14,16.4,KL-PER-02
2022-06-10,230.74,14.7,KL-PER-02
2022-06-11,224.94,13.2,KL-PER-02
2022-06-12,220.82,23.6,KL-PER-02
2022-06-13,215.27,16.5,KL-PER-02
2022-06-14,207.45,3.4,KL-PER-02
2022-06-15,202.24,23.4,KL-PER-02
2022-06-16,202.24,10.2,KL-PER-02
2022-06-17,205.54,33.1,KL-PER-02
2022-06-18,217.27,24.8,KL-PER-02
2022-06-19,223.91,11.0,KL-PER-02
2022-06-20,224.42,25.6,KL-PER-02
2022-06-21,223.39,5.4,KL-PER-02
2022-06-22,224.42,8.0,KL-PER-02
2022-06-23,223.39,20.2,KL-PER-02
2022-06-24,222.87,18.9,KL-PER-02
2022-06-25,227.03,9.1,KL-PER-02
2022-06-26,230.74,6.7,KL-PER-02
2022-06-27,227.56,6.7,KL-PER-02
2022-06-28,231.27,9.3,KL-PER-02
2022-06-29,246.74,13.8,KL-PER-02
2022-06-30,283.45,19.9,KL-PER-02
2022-07-01,318.15,9.4,KL-PER-02
2022-07-02,330.13,18.7,KL-PER-02
2022-07-03,423.62,33.8,KL-PER-02
2022-07-04,509.5,13.5,KL-PER-02
2022-07-05,551.08,17.7,KL-PER-02
2022-07-06,589.2,19.9,KL-PER-02
2022-07-07,662.74,30.2,KL-PER-02
2022-07-08,675.08,10.3,KL-PER-02
2022-07-09,668.88,15.6,KL-PER-02
2022-07-10,658.17,22.1,KL-PER-02
2022-07-11,650.63,11.3,KL-PER-02
2022-07-12,652.13,15.5,KL-PER-02
2022-07-13,698.84,51.7,KL-PER-02
2022-07-14,742.02,43.9,KL-PER-02
2022-07-15,740.31,29.7,KL-PER-02
2022-07-16,715.14,19.3,KL-PER-02
2022-07-17,686.07,8.3,KL-PER-02
2022-07-18,676.64,15.4,KL-PER-02
2022-07-19,661.22,9.3,KL-PER-02
2022-07-20,631.41,23.0,KL-PER-02
2022-07-21,601.56,3.6,KL-PER-02
2022-07-22,577.1,9.5,KL-PER-02
2022-07-23,556.19,15.8,KL-PER-02
2022-07-24,532.33,3.7,KL-PER-02
2022-07-25,503.66,2.8,KL-PER-02
2022-07-26,478.73,0.0,KL-PER-02
2022-07-27,471.06,14.0,KL-PER-02
2022-07-28,476.53,2.1,KL-PER-02
2022-07-29,476.53,14.9,KL-PER-02
2022-07-30,466.74,12.4,KL-PER-02
2022-07-31,474.34,41.2,KL-PER-02
2022-08-01,474.34,82.9,KL-PER-02
2022-08-02,552.35,38.8,KL-PER-02
2022-08-03,793.33,55.7,KL-PER-02
2022-08-04,1305.17,46.4,KL-PER-02
2022-08-05,1620.81,24.9,KL-PER-02
2022-08-06,1572.98,31.2,KL-PER-02
2022-08-07,1379.38,24.8,KL-PER-02
2022-08-08,1311.2,18.6,KL-PER-02
2022-08-09,1332.52,6.8,KL-PER-02
2022-08-10,1269.57,5.5,KL-PER-02
2022-08-11,1182.04,4.0,KL-PER-02
2022-08-12,1098.01,3.0,KL-PER-02
2022-08-13,1022.29,1.1,KL-PER-02
2022-08-14,951.8,0.3,KL-PER-02
2022-08-15,888.2,0.2,KL-PER-02
2022-08-16,826.94,0.0,KL-PER-02
2022-08-17,771.68,2.7,KL-PER-02
2022-08-18,723.44,6.0,KL-PER-02
2022-08-19,681.34,2.9,KL-PER-02
2022-08-20,646.14,2.2,KL-PER-02
2022-08-21,614.18,29.2,KL-PER-02
2022-08-22,582.45,27.3,KL-PER-02
2022-08-23,828.85,27.8,KL-PER-02
2022-08-24,1232.11,13.1,KL-PER-02
2022-08-25,1206.81,20.3,KL-PER-02
2022-08-26,1043.72,23.5,KL-PER-02
2022-08-27,953.99,10.0,KL-PER-02
2022-08-28,1065.6,13.3,KL-PER-02
2022-08-29,1038.92,38.9,KL-PER-02
2022-08-30,978.49,12.6,KL-PER-02
2022-08-31,956.19,14.8,KL-PER-02
2022-09-01,925.83,13.3,KL-PER-02
2022-09-02,894.36,5.2,KL-PER-02
2022-09-03,858.01,4.5,KL-PER-02
2022-09-04,811.83,5.5,KL-PER-02
2022-09-05,771.68,46.9,KL-PER-02
2022-09-06,745.45,19.6,KL-PER-02
2022-09-07,764.6,24.2,KL-PER-02
2022-09-08,795.16,12.8,KL-PER-02
2022-09-09,787.86,19.5,KL-PER-02
2022-09-10,759.33,16.7,KL-PER-02
2022-09-11,733.51,8.4,KL-PER-02
2022-09-12,706.95,8.6,KL-PER-02
2022-09-13,676.64,3.8,KL-PER-02
2022-09-14,640.21,3.9,KL-PER-02
2022-09-15,602.95,1.1,KL-PER-02
2022-09-16,569.16,1.0,KL-PER-02
2022-09-17,536.03,2.8,KL-PER-02
2022-09-18,504.82,4.5,KL-PER-02
2022-09-19,476.53,3.4,KL-PER-02
2022-09-20,452.94,1.6,KL-PER-02
2022-09-21,428.54,1.6,KL-PER-02
2022-09-22,404.51,0.9,KL-PER-02
2022-09-23,380.94,0.6,KL-PER-02
2022-09-24,358.75,1.3,KL-PER-02
2022-09-25,339.41,14.8,KL-PER-02
2022-09-26,321.85,1.1,KL-PER-02
2022-09-27,305.9,1.5,KL-PER-02
2022-09-28,291.42,1.5,KL-PER-02
2022-09-29,278.25,1.3,KL-PER-02
2022-09-30,267.53,1.6,KL-PER-02
2022-10-01,256.63,1.9,KL-PER-02
2022-10-02,246.17,18.4,KL-PER-02
2022-10-03,238.33,14.7,KL-PER-02
2022-10-04,232.88,21.2,KL-PER-02
2022-10-05,227.03,8.0,KL-PER-02
2022-10-06,221.84,3.1,KL-PER-02
2022-10-07,216.27,4.5,KL-PER-02
2022-10-08,207.45,0.4,KL-PER-02
2022-10-09,196.7,0.9,KL-PER-02
2022-10-10,188.23,0.9,KL-PER-02
2022-10-11,183.93,0.2,KL-PER-02
2022-10-12,179.3,2.0,KL-PER-02
2022-10-13,178.47,17.2,KL-PER-02
2022-10-14,195.79,9.9,KL-PER-02
2022-10-15,217.78,10.8,KL-PER-02
2022-10-16,231.81,17.8,KL-PER-02
2022-10-17,246.17,30.4,KL-PER-02
2022-10-18,278.9,9.8,KL-PER-02
2022-10-19,345.74,23.3,KL-PER-02
2022-10-20,379.19,12.5,KL-PER-02
2022-10-21,376.57,16.5,KL-PER-02
2022-10-22,379.19,8.8,KL-PER-02
2022-10-23,382.71,5.1,KL-PER-02
2022-10-24,370.54,1.5,KL-PER-02
2022-10-25,352.18,0.8,KL-PER-02
2022-10-26,335.51,2.2,KL-PER-02
2022-10-27,318.89,2.9,KL-PER-02
2022-10-28,304.49,0.2,KL-PER-02
2022-10-29,292.76,14.4,KL-PER-02
2022-10-30,279.54,22.0,KL-PER-02
2022-10-31,273.79,23.2,KL-PER-02
2022-11-01,278.9,12.3,KL-PER-02
2022-11-02,286.08,8.5,KL-PER-02
2022-11-03,294.8,5.5,KL-PER-02
2022-11-04,306.61,25.9,KL-PER-02
2022-11-05,347.34,23.7,KL-PER-02
2022-11-06,379.19,9.5,KL-PER-02
2022-11-07,386.26,4.2,KL-PER-02
2022-11-08,387.15,11.0,KL-PER-02
2022-11-09,379.19,3.4,KL-PER-02
2022-11-10,373.97,4.6,KL-PER-02
2022-11-11,363.75,18.0,KL-PER-02
2022-11-12,350.56,8.9,KL-PER-02
2022-11-13,345.74,18.4,KL-PER-02
2022-11-14,336.29,43.2,KL-PER-02
2022-11-15,337.84,1.8,KL-PER-02
2022-11-16,341.77,4.1,KL-PER-02
2022-11-17,333.97,2.3,KL-PER-02
2022-11-18,318.89,3.0,KL-PER-02
2022-11-19,303.09,0.3,KL-PER-02
2022-11-20,287.4,0.8,KL-PER-02
2022-11-21,274.42,0.2,KL-PER-02
2022-11-22,261.42,1.1,KL-PER-02
2022-11-23,247.89,0.8,KL-PER-02
2022-11-24,236.14,0.0,KL-PER-02
2022-11-25,223.39,0.5,KL-PER-02
2022-11-26,210.84,1.9,KL-PER-02
2022-11-27,199.45,4.9,KL-PER-02
2022-11-28,195.34,4.8,KL-PER-02
2022-11-29,198.99,20.3,KL-PER-02
2022-11-30,202.24,2.7,KL-PER-02
2022-12-01,200.84,0.4,KL-PER-02
2022-12-02,194.88,13.2,KL-PER-02
2022-12-03,185.21,6.9,KL-PER-02
2022-12-04,178.89,14.2,KL-PER-02
2022-12-05,175.2,10.6,KL-PER-02
2022-12-06,174.79,1.1,KL-PER-02
2022-12-07,171.98,0.1,KL-PER-02
2022-12-08,164.58,0.1,KL-PER-02
2022-12-09,156.4,7.6,KL-PER-02
2022-12-10,150.36,25.1,KL-PER-02
2022-12-11,148.97,64.4,KL-PER-02
2022-12-12,158.96,20.2,KL-PER-02
2022-12-13,166.88,0.1,KL-PER-02
2022-12-14,167.66,26.3,KL-PER-02
2022-12-15,163.06,0.0,KL-PER-02
2022-12-16,160.06,0.0,KL-PER-02
2022-12-17,154.96,0.0,KL-PER-02
2022-12-18,146.57,0.1,KL-PER-02
2022-12-19,138.64,0.0,KL-PER-02
2022-12-20,131.43,0.1,KL-PER-02
2022-12-21,126.06,0.0,KL-PER-02
2022-12-22,122.03,0.0,KL-PER-02
2022-12-23,117.03,0.0,KL-PER-02
2022-12-24,111.72,0.0,KL-PER-02
2022-12-25,106.65,0.6,KL-PER-02
2022-12-26,101.8,1.7,KL-PER-02
2022-12-27,98.54,3.3,KL-PER-02
2022-12-28,96.27,1.1,KL-PER-02
2022-12-29,94.06,0.4,KL-PER-02
2022-12-30,91.47,0.0,KL-PER-02
2022-12-31,84.9,0.0,KL-PER-02
2023-01-01,81.22,0.0,KL-PER-02
2023-01-02,77.89,0.0,KL-PER-02
2023-01-03,74.68,0.0,KL-PER-02
2023-01-04,71.78,0.0,KL-PER-02
2023-01-05,69.15,0.0,KL-PER-02
2023-01-06,66.92,0.0,KL-PER-02
2023-01-07,64.92,0.0,KL-PER-02
2023-01-08,63.27,0.0,KL-PER-02
2023-01-09,61.66,0.0,KL-PER-02
2023-01-10,59.95,0.0,KL-PER-02
2023-01-11,53.2,0.0,KL-PER-02
2023-01-12,47.42,0.0,KL-PER-02
2023-01-13,44.71,0.0,KL-PER-02
2023-01-14,42.95,0.0,KL-PER-02
2023-01-15,41.36,0.0,KL-PER-02
2023-01-16,40.11,0.0,KL-PER-02
2023-01-17,38.99,0.0,KL-PER-02
2023-01-18,37.99,0.0,KL-PER-02
2023-01-19,37.02,0.0,KL-PER-02
2023-01-20,35.98,0.0,KL-PER-02
2023-01-21,36.15,0.0,KL-PER-02
2023-01-22,36.84,0.2,KL-PER-02
2023-01-23,37.02,0.0,KL-PER-02
2023-01-24,39.36,17.3,KL-PER-02
2023-01-25,42.85,1.1,KL-PER-02
2023-01-26,43.46,0.8,KL-PER-02
2023-01-27,42.15,0.1,KL-PER-02
2023-01-28,40.78,0.0,KL-PER-02
2023-01-29,39.55,0.0,KL-PER-02
2023-01-30,38.63,0.6,KL-PER-02
2023-01-31,41.46,1.4,KL-PER-02
2023-02-01,44.6,0.0,KL-PER-02
2023-02-02,46.21,1.1,KL-PER-02
2023-02-03,47.64,0.4,KL-PER-02
2023-02-04,49.7,3.4,KL-PER-02
2023-02-05,52.46,0.0,KL-PER-02
2023-02-06,53.58,0.0,KL-PER-02
2023-02-07,52.21,0.0,KL-PER-02
2023-02-08,50.52,0.0,KL-PER-02
2023-02-09,49.0,0.7,KL-PER-02
2023-02-10,47.87,0.0,KL-PER-02
2023-02-11,47.08,0.0,KL-PER-02
2023-02-12,46.32,0.0,KL-PER-02
2023-02-13,45.45,0.0,KL-PER-02
2023-02-14,44.71,0.0,KL-PER-02
2023-02-15,44.08,0.0,KL-PER-02
2023-02-16,43.57,0.0,KL-PER-02
2023-02-17,42.95,0.0,KL-PER-02
2023-02-18,42.65,0.0,KL-PER-02
2023-02-19,42.45,0.0,KL-PER-02
2023-02-20,41.95,0.0,KL-PER-02
2023-02-21,41.56,0.0,KL-PER-02
2023-02-22,41.17,0.0,KL-PER-02
2023-02-23,40.78,0.2,KL-PER-02
2023-02-24,40.3,0.0,KL-PER-02
2023-02-25,40.02,0.0,KL-PER-02
2023-02-26,39.83,0.0,KL-PER-02
2023-02-27,39.46,0.0,KL-PER-02
2023-02-28,39.18,0.0,KL-PER-02
2023-03-01,39.55,2.1,KL-PER-02
2023-03-02,39.55,0.0,KL-PER-02
2023-03-03,38.99,0.0,KL-PER-02
2023-03-04,38.45,0.0,KL-PER-02
2023-03-05,38.17,0.2,KL-PER-02
2023-03-06,38.26,0.0,KL-PER-02
2023-03-07,38.17,0.0,KL-PER-02
2023-03-08,37.82,0.0,KL-PER-02
2023-03-09,37.55,0.1,KL-PER-02
2023-03-10,37.37,0.8,KL-PER-02
2023-03-11,37.28,0.0,KL-PER-02
2023-03-12,37.19,0.7,KL-PER-02
2023-03-13,37.02,0.2,KL-PER-02
2023-03-14,36.93,1.7,KL-PER-02
2023-03-15,37.9,3.0,KL-PER-02
2023-03-16,39.64,5.1,KL-PER-02
2023-03-17,40.69,1.4,KL-PER-02
2023-03-18,40.69,5.7,KL-PER-02
2023-03-19,40.4,5.2,KL-PER-02
2023-03-20,39.83,0.7,KL-PER-02
2023-03-21,38.99,0.0,KL-PER-02
2023-03-22,38.36,0.0,KL-PER-02
2023-03-23,37.9,0.0,KL-PER-02
2023-03-24,38.99,5.0,KL-PER-02
2023-03-25,41.76,1.4,KL-PER-02
2023-03-26,45.03,4.8,KL-PER-02
2023-03-27,45.99,0.0,KL-PER-02
2023-03-28,44.19,1.1,KL-PER-02
2023-03-29,43.77,7.0,KL-PER-02
2023-03-30,43.87,10.2,KL-PER-02
2023-03-31,43.06,0.2,KL-PER-02
2023-04-01,42.95,4.2,KL-PER-02
2023-04-02,44.81,2.0,KL-PER-02
2023-04-03,47.64,12.4,KL-PER-02
2023-04-04,51.97,0.1,KL-PER-02
2023-04-05,57.88,19.1,KL-PER-02
2023-04-06,62.24,3.6,KL-PER-02
2023-04-07,63.57,5.2,KL-PER-02
2023-04-08,62.39,0.4,KL-PER-02
2023-04-09,63.12,2.9,KL-PER-02
2023-04-10,63.71,0.6,KL-PER-02
2023-04-11,63.12,3.0,KL-PER-02
2023-04-12,61.66,1.4,KL-PER-02
2023-04-13,59.81,1.1,KL-PER-02
2023-04-14,58.16,0.8,KL-PER-02
2023-04-15,56.68,1.0,KL-PER-02
2023-04-16,55.49,2.2,KL-PER-02
2023-04-17,54.46,4.8,KL-PER-02
2023-04-18,53.7,2.8,KL-PER-02
2023-04-19,53.33,2.6,KL-PER-02
2023-04-20,53.58,4.3,KL-PER-02
2023-04-21,55.23,20.7,KL-PER-02
2023-04-22,58.02,8.9,KL-PER-02
2023-04-23,62.68,5.8,KL-PER-02
2023-04-24,68.66,14.0,KL-PER-02
2023-04-25,75.38,14.9,KL-PER-02
2023-04-26,84.11,26.4,KL-PER-02
2023-04-27,89.78,8.2,KL-PER-02
2023-04-28,92.11,13.7,KL-PER-02
2023-04-29,93.84,38.9,KL-PER-02
2023-04-30,102.51,29.0,KL-PER-02
2023-05-01,119.78,14.2,KL-PER-02
2023-05-02,138.0,16.2,KL-PER-02
2023-05-03,139.93,2.7,KL-PER-02
2023-05-04,134.52,1.1,KL-PER-02
2023-05-05,127.82,1.2,KL-PER-02
2023-05-06,123.45,5.8,KL-PER-02
2023-05-07,122.03,0.6,KL-PER-02
2023-05-08,120.62,5.4,KL-PER-02
2023-05-09,118.95,13.8,KL-PER-02
2023-05-10,121.46,4.5,KL-PER-02
2023-05-11,126.64,17.7,KL-PER-02
2023-05-12,130.22,4.7,KL-PER-02
2023-05-13,130.52,7.1,KL-PER-02
2023-05-14,127.53,3.9,KL-PER-02
2023-05-15,123.45,1.0,KL-PER-02
2023-05-16,118.67,2.0,KL-PER-02
2023-05-17,115.95,1.8,KL-PER-02
2023-05-18,118.95,7.1,KL-PER-02
2023-05-19,125.18,15.9,KL-PER-02
2023-05-20,129.02,14.4,KL-PER-02
2023-05-21,131.74,3.9,KL-PER-02
2023-05-22,136.09,6.9,KL-PER-02
2023-05-23,141.23,12.2,KL-PER-02
2023-05-24,142.55,7.0,KL-PER-02
2023-05-25,141.56,4.3,KL-PER-02
2023-05-26,139.93,5.8,KL-PER-02
2023-05-27,138.0,13.1,KL-PER-02
2023-05-28,139.28,5.2,KL-PER-02
2023-05-29,143.21,10.8,KL-PER-02
2023-05-30,149.66,4.5,KL-PER-02
2023-05-31,157.85,32.5,KL-PER-02
2023-06-01,163.82,7.6,KL-PER-02
2023-06-02,165.72,8.6,KL-PER-02
2023-06-03,164.2,27.1,KL-PER-02
2023-06-04,163.44,3.4,KL-PER-02
2023-06-05,163.82,18.5,KL-PER-02
2023-06-06,162.31,17.2,KL-PER-02
2023-06-07,161.55,15.1,KL-PER-02
2023-06-08,159.32,4.6,KL-PER-02
2023-06-09,157.49,21.2,KL-PER-02
2023-06-10,162.31,23.7,KL-PER-02
2023-06-11,165.34,6.5,KL-PER-02
2023-06-12,183.08,38.3,KL-PER-02
2023-06-13,209.38,6.9,KL-PER-02
2023-06-14,209.38,7.3,KL-PER-02
2023-06-15,201.3,3.0,KL-PER-02
2023-06-16,189.99,2.8,KL-PER-02
2023-06-17,180.13,5.9,KL-PER-02
2023-06-18,173.98,13.1,KL-PER-02
2023-06-19,169.22,6.4,KL-PER-02
2023-06-20,165.34,13.7,KL-PER-02
2023-06-21,162.31,2.3,KL-PER-02
2023-06-22,159.32,7.7,KL-PER-02
2023-06-23,154.24,9.7,KL-PER-02
2023-06-24,149.31,1.1,KL-PER-02
2023-06-25,147.25,43.6,KL-PER-02
2023-06-26,150.71,15.6,KL-PER-02
2023-06-27,164.58,33.5,KL-PER-02
2023-06-28,180.55,25.4,KL-PER-02
2023-06-29,190.43,34.9,KL-PER-02
2023-06-30,191.75,8.7,KL-PER-02
2023-07-01,187.8,5.8,KL-PER-02
2023-07-02,189.11,30.5,KL-PER-02
2023-07-03,306.61,38.6,KL-PER-02
2023-07-04,718.45,86.8,KL-PER-02
2023-07-05,1165.81,90.6,KL-PER-02
2023-07-06,1110.73,51.5,KL-PER-02
2023-07-07,967.28,42.1,KL-PER-02
2023-07-08,840.4,32.6,KL-PER-02
2023-07-09,738.61,4.1,KL-PER-02
2023-07-10,668.88,7.7,KL-PER-02
2023-07-11,621.3,10.1,KL-PER-02
2023-07-12,581.1,22.6,KL-PER-02
2023-07-13,552.35,17.4,KL-PER-02
2023-07-14,531.11,5.8,KL-PER-02
2023-07-15,503.66,7.2,KL-PER-02
2023-07-16,476.53,14.1,KL-PER-02
2023-07-17,453.99,8.9,KL-PER-02
2023-07-18,440.57,18.2,KL-PER-02
2023-07-19,442.61,18.5,KL-PER-02
2023-07-20,447.75,5.1,KL-PER-02
2023-07-21,445.68,10.3,KL-PER-02
2023-07-22,440.57,23.4,KL-PER-02
2023-07-23,451.9,30.5,KL-PER-02
2023-07-24,461.38,18.8,KL-PER-02
2023-07-25,456.09,6.9,KL-PER-02
2023-07-26,450.86,11.6,KL-PER-02
2023-07-27,439.55,4.3,KL-PER-02
2023-07-28,421.67,1.5,KL-PER-02
2023-07-29,399.87,0.6,KL-PER-02
2023-07-30,377.44,2.8,KL-PER-02
2023-07-31,356.27,2.4,KL-PER-02
2023-08-01,339.41,2.1,KL-PER-02
2023-08-02,323.34,3.5,KL-PER-02
2023-08-03,308.03,5.0,KL-PER-02
2023-08-04,293.44,6.0,KL-PER-02
2023-08-05,296.85,1.8,KL-PER-02
2023-08-06,282.79,3.9,KL-PER-02
2023-08-07,267.53,3.9,KL-PER-02
2023-08-08,253.68,6.8,KL-PER-02
2023-08-09,242.22,2.1,KL-PER-02
2023-08-10,231.81,4.9,KL-PER-02
2023-08-11,223.39,5.6,KL-PER-02
2023-08-12,215.77,10.3,KL-PER-02
2023-08-13,209.86,5.9,KL-PER-02
2023-08-14,215.77,1.6,KL-PER-02
2023-08-15,205.06,1.2,KL-PER-02
2023-08-16,196.7,2.1,KL-PER-02
2023-08-17,188.67,3.7,KL-PER-02
2023-08-18,179.3,6.7,KL-PER-02
2023-08-19,171.19,3.0,KL-PER-02
2023-08-20,165.34,4.0,KL-PER-02
2023-08-21,157.49,1.6,KL-PER-02
2023-08-22,151.05,1.4,KL-PER-02
2023-08-23,145.55,1.4,KL-PER-02
2023-08-24,140.58,2.0,KL-PER-02
2023-08-25,138.64,1.4,KL-PER-02
2023-08-26,131.74,2.2,KL-PER-02
2023-08-27,125.18,0.7,KL-PER-02
2023-08-28,119.5,26.8,KL-PER-02
2023-08-29,118.67,22.0,KL-PER-02
2023-08-30,121.46,4.1,KL-PER-02
2023-08-31,133.28,12.2,KL-PER-02
2023-09-01,126.64,7.4,KL-PER-02
2023-09-02,128.12,12.0,KL-PER-02
2023-09-03,142.55,42.1,KL-PER-02
2023-09-04,156.4,18.4,KL-PER-02
2023-09-05,166.11,31.2,KL-PER-02
2023-09-06,166.11,28.7,KL-PER-02
2023-09-07,171.19,35.0,KL-PER-02
2023-09-08,198.07,29.2,KL-PER-02
2023-09-09,232.88,28.5,KL-PER-02
2023-09-10,267.53,38.0,KL-PER-02
2023-09-11,272.53,23.1,KL-PER-02
2023-09-12,299.61,14.9,KL-PER-02
2023-09-13,313.77,10.1,KL-PER-02
2023-09-14,294.12,12.6,KL-PER-02
2023-09-15,294.8,30.3,KL-PER-02
2023-09-16,315.96,25.7,KL-PER-02
2023-09-17,323.34,20.3,KL-PER-02
2023-09-18,305.2,33.0,KL-PER-02
2023-09-19,303.09,6.8,KL-PER-02
2023-09-20,308.74,10.7,KL-PER-02
2023-09-21,301.69,37.4,KL-PER-02
2023-09-22,313.05,24.9,KL-PER-02
2023-09-23,337.84,23.2,KL-PER-02
2023-09-24,346.54,26.9,KL-PER-02
2023-09-25,412.05,31.3,KL-PER-02
2023-09-26,391.65,10.5,KL-PER-02
2023-09-27,365.44,9.0,KL-PER-02
2023-09-28,351.37,24.2,KL-PER-02
2023-09-29,413.95,39.9,KL-PER-02
2023-09-30,448.78,39.9,KL-PER-02
2023-10-01,397.11,36.1,KL-PER-02
2023-10-02,478.73,10.2,KL-PER-02
2023-10-03,566.54,3.2,KL-PER-02
2023-10-04,516.61,2.5,KL-PER-02
2023-10-05,468.89,1.1,KL-PER-02
2023-10-06,457.14,0.1,KL-PER-02
2023-10-07,437.53,0.0,KL-PER-02
2023-10-08,412.05,1.1,KL-PER-02
2023-10-09,385.37,0.0,KL-PER-02
2023-10-10,388.94,6.9,KL-PER-02
2023-10-11,381.82,37.4,KL-PER-02
2023-10-12,486.53,14.2,KL-PER-02
2023-10-13,529.88,21.2,KL-PER-02
2023-10-14,423.62,80.7,KL-PER-02
2023-10-15,453.99,9.4,KL-PER-02
2023-10-16,429.53,7.9,KL-PER-02
2023-10-17,465.66,51.1,KL-PER-02
2023-10-18,561.34,9.5,KL-PER-02
2023-10-19,579.76,5.6,KL-PER-02
2023-10-20,516.61,3.1,KL-PER-02
2023-10-21,485.41,25.4,KL-PER-02
2023-10-22,453.99,24.9,KL-PER-02
2023-10-23,438.54,21.8,KL-PER-02
2023-10-24,426.56,11.3,KL-PER-02
2023-10-25,428.54,6.4,KL-PER-02
2023-10-26,533.56,7.3,KL-PER-02
2023-10-27,543.5,13.8,KL-PER-02
2023-10-28,505.99,22.5,KL-PER-02
2023-10-29,476.53,79.2,KL-PER-02
2023-10-30,457.14,32.8,KL-PER-02
2023-10-31,447.75,24.0,KL-PER-02
2023-11-01,445.68,13.6,KL-PER-02
2023-11-02,453.99,11.2,KL-PER-02
2023-11-03,437.53,21.4,KL-PER-02
2023-11-04,448.78,27.5,KL-PER-02
2023-11-05,508.33,25.2,KL-PER-02
2023-11-06,552.35,5.8,KL-PER-02
2023-11-07,793.33,30.1,KL-PER-02
2023-11-08,705.32,26.4,KL-PER-02
2023-11-09,673.53,3.8,KL-PER-02
2023-11-10,656.66,12.9,KL-PER-02
2023-11-11,679.77,24.6,KL-PER-02
2023-11-12,650.63,0.0,KL-PER-02
2023-11-13,638.73,0.0,KL-PER-02
2023-11-14,589.2,0.1,KL-PER-02
2023-11-15,552.35,1.7,KL-PER-02
2023-11-16,522.6,6.4,KL-PER-02
2023-11-17,505.99,6.7,KL-PER-02
2023-11-18,489.91,4.8,KL-PER-02
2023-11-19,469.98,0.7,KL-PER-02
2023-11-20,448.78,0.0,KL-PER-02
2023-11-21,439.55,9.3,KL-PER-02
2023-11-22,423.62,34.8,KL-PER-02
2023-11-23,415.87,14.0,KL-PER-02
2023-11-24,406.38,6.7,KL-PER-02
2023-11-25,575.77,13.5,KL-PER-02
2023-11-26,548.54,9.0,KL-PER-02
2023-11-27,502.5,7.0,KL-PER-02
2023-11-28,501.34,2.9,KL-PER-02
2023-11-29,472.15,3.4,KL-PER-02
2023-11-30,443.63,5.9,KL-PER-02
2023-12-01,416.83,14.2,KL-PER-02
2023-12-02,398.02,0.9,KL-PER-02
2023-12-03,392.55,0.6,KL-PER-02
2023-12-04,373.11,1.3,KL-PER-02
2023-12-05,357.92,0.6,KL-PER-02
2023-12-06,348.95,0.2,KL-PER-02
2023-12-07,329.37,0.6,KL-PER-02
2023-12-08,310.17,14.6,KL-PER-02
2023-12-09,294.8,15.8,KL-PER-02
2023-12-10,284.76,14.8,KL-PER-02
2023-12-11,275.69,3.0,KL-PER-02
2023-12-12,270.64,3.2,KL-PER-02
2023-12-13,260.82,0.0,KL-PER-02
2023-12-14,248.46,0.0,KL-PER-02
2023-12-15,236.68,0.0,KL-PER-02
2023-12-16,223.39,1.7,KL-PER-02
2023-12-17,214.77,21.3,KL-PER-02
2023-12-18,213.29,13.3,KL-PER-02
2023-12-19,250.77,0.0,KL-PER-02
2023-12-20,313.77,0.0,KL-PER-02
2023-12-21,299.61,1.2,KL-PER-02
2023-12-22,286.74,0.1,KL-PER-02
2023-12-23,271.9,0.0,KL-PER-02
2023-12-24,254.27,0.0,KL-PER-02
2023-12-25,238.88,0.0,KL-PER-02
2023-12-26,224.94,0.0,KL-PER-02
2023-12-27,213.78,0.0,KL-PER-02
2023-12-28,202.24,0.0,KL-PER-02
2023-12-29,190.87,0.6,KL-PER-02
2023-12-30,180.97,0.0,KL-PER-02
2023-12-31,171.98,0.0,KL-PER-02
2024-01-01,164.96,0.0,KL-PER-02
2024-01-02,156.04,0.7,KL-PER-02
2024-01-03,147.25,13.2,KL-PER-02
2024-01-04,142.55,46.6,KL-PER-02
2024-01-05,145.22,15.2,KL-PER-02
2024-01-06,143.88,20.7,KL-PER-02
2024-01-07,164.58,6.5,KL-PER-02
2024-01-08,197.15,13.6,KL-PER-02
2024-01-09,180.97,38.1,KL-PER-02
2024-01-10,179.72,11.5,KL-PER-02
2024-01-11,198.53,0.0,KL-PER-02
2024-01-12,183.08,0.0,KL-PER-02
2024-01-13,168.04,0.0,KL-PER-02
2024-01-14,157.12,0.0,KL-PER-02
2024-01-15,147.25,0.2,KL-PER-02
2024-01-16,138.32,4.0,KL-PER-02
2024-01-17,130.22,0.7,KL-PER-02
2024-01-18,123.17,2.7,KL-PER-02
2024-01-19,117.03,0.9,KL-PER-02
2024-01-20,111.2,20.5,KL-PER-02
2024-01-21,107.64,2.8,KL-PER-02
2024-01-22,102.28,0.5,KL-PER-02
2024-01-23,96.05,0.2,KL-PER-02
2024-01-24,90.83,79.6,KL-PER-02
2024-01-25,95.83,0.1,KL-PER-02
2024-01-26,91.9,0.0,KL-PER-02
2024-01-27,81.6,0.0,KL-PER-02
2024-01-28,77.52,0.0,KL-PER-02
2024-01-29,73.3,0.0,KL-PER-02
2024-01-30,69.47,0.0,KL-PER-02
2024-01-31,65.99,0.1,KL-PER-02
2024-02-01,66.14,0.0,KL-PER-02
2024-02-02,65.99,0.0,KL-PER-02
2024-02-03,64.77,1.0,KL-PER-02
2024-02-04,63.71,0.0,KL-PER-02
2024-02-05,62.1,0.0,KL-PER-02
2024-02-06,59.26,0.0,KL-PER-02
2024-02-07,57.08,0.0,KL-PER-02
2024-02-08,55.1,0.0,KL-PER-02
2024-02-09,53.33,0.5,KL-PER-02
2024-02-10,51.72,0.0,KL-PER-02
2024-02-11,50.29,0.0,KL-PER-02
2024-02-12,49.0,0.0,KL-PER-02
2024-02-13,47.98,0.0,KL-PER-02
2024-02-14,46.97,0.0,KL-PER-02
2024-02-15,46.21,0.0,KL-PER-02
2024-02-16,45.34,0.0,KL-PER-02
2024-02-17,44.71,0.0,KL-PER-02
2024-02-18,43.87,0.2,KL-PER-02
2024-02-19,43.46,0.1,KL-PER-02
2024-02-20,42.85,0.1,KL-PER-02
2024-02-21,42.35,1.1,KL-PER-02
2024-02-22,42.15,0.1,KL-PER-02
2024-02-23,42.05,1.9,KL-PER-02
2024-02-24,42.15,0.9,KL-PER-02
2024-02-25,42.25,0.2,KL-PER-02
2024-02-26,42.45,0.0,KL-PER-02
2024-02-27,42.55,0.0,KL-PER-02
2024-02-28,42.15,0.3,KL-PER-02
2024-02-29,41.66,0.1,KL-PER-02
2024-03-01,41.07,0.0,KL-PER-02
2024-03-02,40.78,0.1,KL-PER-02
2024-03-03,40.78,2.2,KL-PER-02
2024-03-04,40.4,0.4,KL-PER-02
2024-03-05,39.83,0.6,KL-PER-02
2024-03-06,39.46,0.2,KL-PER-02
2024-03-07,39.09,0.2,KL-PER-02
2024-03-08,38.99,1.6,KL-PER-02
2024-03-09,38.81,2.6,KL-PER-02
2024-03-10,38.81,2.1,KL-PER-02
2024-03-11,38.63,3.4,KL-PER-02
2024-03-12,38.63,1.0,KL-PER-02
2024-03-13,38.45,3.6,KL-PER-02
2024-03-14,38.72,0.5,KL-PER-02
2024-03-15,38.99,5.4,KL-PER-02
2024-03-16,38.81,6.5,KL-PER-02
2024-03-17,39.18,3.1,KL-PER-02
2024-03-18,38.99,2.9,KL-PER-02
2024-03-19,38.26,2.0,KL-PER-02
2024-03-20,38.26,4.6,KL-PER-02
2024-03-21,38.08,0.3,KL-PER-02
2024-03-22,37.73,2.8,KL-PER-02
2024-03-23,37.73,3.9,KL-PER-02
2024-03-24,38.17,1.7,KL-PER-02
2024-03-25,38.08,2.4,KL-PER-02
2024-03-26,38.17,2.5,KL-PER-02
2024-03-27,38.08,0.9,KL-PER-02
2024-03-28,37.99,6.5,KL-PER-02
2024-03-29,39.27,8.0,KL-PER-02
2024-03-30,39.93,8.7,KL-PER-02
2024-03-31,39.83,2.5,KL-PER-02
2024-04-01,40.3,1.9,KL-PER-02
2024-04-02,39.93,5.8,KL-PER-02
2024-04-03,39.93,6.5,KL-PER-02
2024-04-04,40.11,25.7,KL-PER-02
2024-04-05,39.55,1.5,KL-PER-02
2024-04-06,40.02,0.2,KL-PER-02
2024-04-07,40.3,7.2,KL-PER-02
2024-04-08,39.64,10.5,KL-PER-02
2024-04-09,42.25,0.5,KL-PER-02
2024-04-10,43.87,1.8,KL-PER-02
2024-04-11,43.26,19.3,KL-PER-02
2024-04-12,43.36,14.8,KL-PER-02
2024-04-13,44.6,29.1,KL-PER-02
2024-04-14,48.09,0.8,KL-PER-02
2024-04-15,47.31,7.2,KL-PER-02
2024-04-16,47.64,0.9,KL-PER-02
2024-04-17,46.32,1.8,KL-PER-02
2024-04-18,45.67,8.9,KL-PER-02
2024-04-19,46.64,12.5,KL-PER-02
2024-04-20,47.75,3.6,KL-PER-02
2024-04-21,47.98,24.9,KL-PER-02
2024-04-22,50.05,7.7,KL-PER-02
2024-04-23,51.72,1.5,KL-PER-02
2024-04-24,50.88,0.9,KL-PER-02
2024-04-25,51.0,1.3,KL-PER-02
2024-04-26,50.88,10.9,KL-PER-02
2024-04-27,51.48,7.5,KL-PER-02
2024-04-28,52.21,7.1,KL-PER-02
2024-04-29,53.33,8.0,KL-PER-02
2024-04-30,53.33,4.4,KL-PER-02
2024-05-01,52.95,1.7,KL-PER-02
2024-05-02,52.7,3.0,KL-PER-02
2024-05-03,54.21,11.6,KL-PER-02
2024-05-04,54.21,2.4,KL-PER-02
2024-05-05,54.34,4.7,KL-PER-02
2024-05-06,56.54,0.5,KL-PER-02
2024-05-07,56.28,0.1,KL-PER-02
2024-05-08,54.98,44.1,KL-PER-02
2024-05-09,61.09,37.4,KL-PER-02
2024-05-10,60.24,4.6,KL-PER-02
2024-05-11,65.07,53.8,KL-PER-02
2024-05-12,74.68,38.4,KL-PER-02
2024-05-13,73.99,10.3,KL-PER-02
2024-05-14,91.68,10.1,KL-PER-02
2024-05-15,91.26,18.1,KL-PER-02
2024-05-16,98.54,16.8,KL-PER-02
2024-05-17,103.47,39.2,KL-PER-02
2024-05-18,117.3,47.8,KL-PER-02
2024-05-19,211.81,34.6,KL-PER-02
2024-05-20,362.08,52.0,KL-PER-02
2024-05-21,489.91,37.8,KL-PER-02
2024-05-22,705.32,182.3,KL-PER-02
2024-05-23,728.46,151.2,KL-PER-02
2024-05-24,861.98,106.7,KL-PER-02
2024-05-25,731.82,33.8,KL-PER-02
2024-05-26,923.7,36.2,KL-PER-02
2024-05-27,1003.62,44.8,KL-PER-02
2024-05-28,930.11,57.9,KL-PER-02
2024-05-29,832.68,42.6,KL-PER-02
2024-05-30,802.53,100.5,KL-PER-02
2024-05-31,798.83,23.8,KL-PER-02
2024-06-01,775.25,17.3,KL-PER-02
2024-06-02,771.68,42.4,KL-PER-02
2024-06-03,750.62,35.9,KL-PER-02
2024-06-04,715.14,20.2,KL-PER-02
2024-06-05,671.98,42.7,KL-PER-02
2024-06-06,634.33,36.0,KL-PER-02
2024-06-07,602.95,38.1,KL-PER-02
2024-06-08,590.56,54.9,KL-PER-02
2024-06-09,604.34,9.4,KL-PER-02
2024-06-10,634.33,11.3,KL-PER-02
2024-06-11,692.43,16.2,KL-PER-02
2024-06-12,653.64,12.4,KL-PER-02
2024-06-13,615.59,17.5,KL-PER-02
2024-06-14,581.1,2.4,KL-PER-02
2024-06-15,544.76,1.3,KL-PER-02
2024-06-16,507.16,8.3,KL-PER-02
2024-06-17,476.53,30.4,KL-PER-02
2024-06-18,460.32,42.8,KL-PER-02
2024-06-19,446.71,34.7,KL-PER-02
2024-06-20,443.63,21.9,KL-PER-02
2024-06-21,480.95,34.9,KL-PER-02
2024-06-22,480.95,19.5,KL-PER-02
2024-06-23,447.75,50.5,KL-PER-02
2024-06-24,600.17,52.0,KL-PER-02
2024-06-25,786.05,66.8,KL-PER-02
2024-06-26,896.43,63.5,KL-PER-02
2024-06-27,999.0,20.2,KL-PER-02
2024-06-28,1036.53,13.0,KL-PER-02
2024-06-29,999.0,8.8,KL-PER-02
2024-06-30,898.5,21.6,KL-PER-02
2024-07-01,826.94,16.9,KL-PER-02
2024-07-02,775.25,5.1,KL-PER-02
2024-07-03,698.84,9.0,KL-PER-02
2024-07-04,664.27,18.3,KL-PER-02
2024-07-05,624.17,12.2,KL-PER-02
2024-07-06,587.84,2.1,KL-PER-02
2024-07-07,566.54,9.2,KL-PER-02
2024-07-08,546.02,26.6,KL-PER-02
2024-07-09,556.19,6.5,KL-PER-02
2024-07-10,529.88,11.2,KL-PER-02
2024-07-11,517.8,3.3,KL-PER-02
2024-07-12,476.53,31.1,KL-PER-02
2024-07-13,499.03,38.0,KL-PER-02
2024-07-14,520.19,22.9,KL-PER-02
2024-07-15,583.79,47.1,KL-PER-02
2024-07-16,750.62,46.2,KL-PER-02
2024-07-17,873.98,50.7,KL-PER-02
2024-07-18,917.33,28.7,KL-PER-02
2024-07-19,980.75,5.2,KL-PER-02
2024-07-20,973.99,5.8,KL-PER-02
2024-07-21,888.2,2.3,KL-PER-02
2024-07-22,808.1,3.8,KL-PER-02
2024-07-23,752.36,3.0,KL-PER-02
2024-07-24,706.95,7.9,KL-PER-02
2024-07-25,679.77,20.9,KL-PER-02
2024-07-26,668.88,15.8,KL-PER-02
2024-07-27,668.88,8.9,KL-PER-02
2024-07-28,656.66,34.4,KL-PER-02
2024-07-29,617.02,57.4,KL-PER-02
2024-07-30,646.14,28.4,KL-PER-02
2024-07-31,665.81,20.5,KL-PER-02
2024-08-01,773.46,14.1,KL-PER-02
2024-08-02,786.05,1.7,KL-PER-02
2024-08-03,733.51,19.4,KL-PER-02
2024-08-04,697.23,4.2,KL-PER-02
2024-08-05,667.34,27.4,KL-PER-02
2024-08-06,638.73,5.0,KL-PER-02
2024-08-07,605.74,13.1,KL-PER-02
2024-08-08,577.1,13.3,KL-PER-02
2024-08-09,561.34,6.3,KL-PER-02
2024-08-10,527.45,2.1,KL-PER-02
2024-08-11,488.78,1.9,KL-PER-02
2024-08-12,467.81,21.5,KL-PER-02
2024-08-13,520.19,41.0,KL-PER-02
2024-08-14,534.8,16.2,KL-PER-02
2024-08-15,503.66,5.1,KL-PER-02
2024-08-16,539.75,20.2,KL-PER-02
2024-08-17,581.1,2.2,KL-PER-02
2024-08-18,591.93,1.5,KL-PER-02
2024-08-19,525.02,17.0,KL-PER-02
2024-08-20,513.04,37.8,KL-PER-02
2024-08-21,501.34,5.6,KL-PER-02
2024-08-22,484.29,2.5,KL-PER-02
2024-08-23,477.63,3.3,KL-PER-02
2024-08-24,460.32,9.7,KL-PER-02
2024-08-25,437.53,5.2,KL-PER-02
2024-08-26,418.76,5.7,KL-PER-02
2024-08-27,397.11,6.2,KL-PER-02
2024-08-28,387.15,7.1,KL-PER-02
2024-08-29,373.97,21.2,KL-PER-02
2024-08-30,367.98,20.5,KL-PER-02
2024-08-31,372.25,9.8,KL-PER-02
2024-09-01,367.98,34.4,KL-PER-02
2024-09-02,374.84,22.7,KL-PER-02
2024-09-03,386.26,8.6,KL-PER-02
2024-09-04,400.79,4.2,KL-PER-02
2024-09-05,377.44,3.8,KL-PER-02
2024-09-06,358.75,2.1,KL-PER-02
2024-09-07,340.98,3.5,KL-PER-02
2024-09-08,324.84,11.5,KL-PER-02
2024-09-09,315.96,23.4,KL-PER-02
2024-09-10,326.34,21.8,KL-PER-02
2024-09-11,343.35,9.2,KL-PER-02
2024-09-12,336.29,1.8,KL-PER-02
2024-09-13,333.97,8.4,KL-PER-02
2024-09-14,324.09,8.9,KL-PER-02
2024-09-15,307.32,9.4,KL-PER-02
2024-09-16,298.23,2.5,KL-PER-02
2024-09-17,282.14,1.5,KL-PER-02
2024-09-18,264.46,1.2,KL-PER-02
2024-09-19,251.35,1.4,KL-PER-02
2024-09-20,237.23,1.4,KL-PER-02
2024-09-21,224.94,2.5,KL-PER-02
2024-09-22,213.29,5.7,KL-PER-02
2024-09-23,202.7,16.9,KL-PER-02
2024-09-24,211.32,3.3,KL-PER-02
2024-09-25,218.28,4.5,KL-PER-02
2024-09-26,200.37,1.5,KL-PER-02
2024-09-27,191.31,1.7,KL-PER-02
2024-09-28,183.08,4.7,KL-PER-02
2024-09-29,178.47,34.7,KL-PER-02
2024-09-30,178.06,10.7,KL-PER-02
2024-10-01,185.21,5.4,KL-PER-02
2024-10-02,188.67,3.0,KL-PER-02
2024-10-03,185.64,4.7,KL-PER-02
2024-10-04,184.35,13.6,KL-PER-02
2024-10-05,186.07,0.5,KL-PER-02
2024-10-06,183.08,38.6,KL-PER-02
2024-10-07,182.65,14.0,KL-PER-02
2024-10-08,196.24,4.5,KL-PER-02
2024-10-09,199.45,39.5,KL-PER-02
2024-10-10,205.06,7.3,KL-PER-02
2024-10-11,214.77,36.9,KL-PER-02
2024-10-12,228.61,14.0,KL-PER-02
2024-10-13,234.5,9.4,KL-PER-02
2024-10-14,230.21,29.6,KL-PER-02
2024-10-15,254.27,12.6,KL-PER-02
2024-10-16,231.81,8.9,KL-PER-02
2024-10-17,237.78,3.9,KL-PER-02
2024-10-18,246.17,1.6,KL-PER-02
2024-10-19,235.59,4.7,KL-PER-02
2024-10-20,219.8,1.4,KL-PER-02
2024-10-21,212.3,11.1,KL-PER-02
2024-10-22,204.12,19.3,KL-PER-02
2024-10-23,206.97,20.7,KL-PER-02
2024-10-24,212.3,17.6,KL-PER-02
2024-10-25,236.68,46.0,KL-PER-02
2024-10-26,271.27,4.0,KL-PER-02
2024-10-27,294.12,2.2,KL-PER-02
2024-10-28,254.86,1.2,KL-PER-02
2024-10-29,242.78,0.5,KL-PER-02
2024-10-30,234.5,1.0,KL-PER-02
2024-10-31,225.46,2.6,KL-PER-02
2024-11-01,213.29,16.6,KL-PER-02
2024-11-02,213.78,31.3,KL-PER-02
2024-11-03,238.33,16.7,KL-PER-02
2024-11-04,257.82,26.8,KL-PER-02
2024-11-05,316.69,2.0,KL-PER-02
2024-11-06,315.96,1.7,KL-PER-02
2024-11-07,304.49,16.1,KL-PER-02
2024-11-08,294.12,19.3,KL-PER-02
2024-11-09,282.79,0.6,KL-PER-02
2024-11-10,273.79,0.0,KL-PER-02
2024-11-11,281.49,1.8,KL-PER-02
2024-11-12,264.46,2.0,KL-PER-02
2024-11-13,249.61,9.4,KL-PER-02
2024-11-14,236.68,25.0,KL-PER-02
2024-11-15,231.27,16.5,KL-PER-02
2024-11-16,229.67,23.1,KL-PER-02
2024-11-17,254.86,4.5,KL-PER-02
2024-11-18,245.6,0.0,KL-PER-02
2024-11-19,230.74,2.0,KL-PER-02
2024-11-20,218.28,3.4,KL-PER-02
2024-11-21,213.29,1.0,KL-PER-02
2024-11-22,212.3,4.2,KL-PER-02
2024-11-23,212.3,1.2,KL-PER-02
2024-11-24,220.31,0.2,KL-PER-02
2024-11-25,210.35,3.2,KL-PER-02
2024-11-26,198.53,19.2,KL-PER-02
2024-11-27,194.43,0.4,KL-PER-02
2024-11-28,199.91,0.2,KL-PER-02
2024-11-29,204.59,0.0,KL-PER-02
2024-11-30,194.43,4.9,KL-PER-02
2024-12-01,185.64,8.0,KL-PER-02
2024-12-02,184.35,35.3,KL-PER-02
2024-12-03,201.3,1.6,KL-PER-02
2024-12-04,206.97,4.9,KL-PER-02
2024-12-05,191.31,8.0,KL-PER-02
2024-12-06,181.81,1.8,KL-PER-02
2024-12-07,173.98,5.4,KL-PER-02
2024-12-08,167.66,1.8,KL-PER-02
2024-12-09,159.32,1.6,KL-PER-02
2024-12-10,151.05,9.7,KL-PER-02
2024-12-11,144.55,0.0,KL-PER-02
2024-12-12,138.64,48.0,KL-PER-02
2024-12-13,246.17,20.1,KL-PER-02
2024-12-14,320.37,3.6,KL-PER-02
2024-12-15,233.96,0.0,KL-PER-02
2024-12-16,227.03,0.0,KL-PER-02
2024-12-17,205.54,0.0,KL-PER-02
2024-12-18,190.87,0.0,KL-PER-02
2024-12-19,180.55,0.1,KL-PER-02
2024-12-20,169.61,0.1,KL-PER-02
2024-12-21,160.06,1.6,KL-PER-02
2024-12-22,151.05,0.2,KL-PER-02
2024-12-23,142.88,0.0,KL-PER-02
2024-12-24,135.77,0.0,KL-PER-02
2024-12-25,128.42,0.0,KL-PER-02
2024-12-26,121.74,3.9,KL-PER-02
2024-12-27,115.14,2.4,KL-PER-02
2024-12-28,109.66,0.1,KL-PER-02
2024-12-29,104.93,0.0,KL-PER-02
2024-12-30,100.16,0.2,KL-PER-02
2024-12-31,96.05,0.0,KL-PER-02
2025-01-01,92.54,0.0,KL-PER-02
2025-01-02,89.16,0.0,KL-PER-02
2025-01-03,85.5,0.0,KL-PER-02
2025-01-04,81.79,0.0,KL-PER-02
2025-01-05,78.07,0.0,KL-PER-02
2025-01-06,74.68,0.0,KL-PER-02
2025-01-07,71.61,0.0,KL-PER-02
2025-01-08,68.82,0.8,KL-PER-02
2025-01-09,66.14,0.0,KL-PER-02
2025-01-10,64.01,0.2,KL-PER-02
2025-01-11,61.95,0.3,KL-PER-02
2025-01-12,55.1,1.4,KL-PER-02
2025-01-13,50.52,8.8,KL-PER-02
2025-01-14,50.29,3.1,KL-PER-02
2025-01-15,49.82,0.1,KL-PER-02
2025-01-16,53.2,0.0,KL-PER-02
2025-01-17,57.21,0.0,KL-PER-02
2025-01-18,56.94,2.6,KL-PER-02
2025-01-19,54.08,1.1,KL-PER-02
2025-01-20,53.33,0.0,KL-PER-02
2025-01-21,58.98,0.1,KL-PER-02
2025-01-22,60.38,0.0,KL-PER-02
2025-01-23,59.26,0.7,KL-PER-02
2025-01-24,57.21,0.0,KL-PER-02
2025-01-25,57.75,0.0,KL-PER-02
2025-01-26,54.98,0.0,KL-PER-02
2025-01-27,52.46,0.0,KL-PER-02
2025-01-28,49.93,0.0,KL-PER-02
2025-01-29,48.2,0.0,KL-PER-02
2025-01-30,46.97,0.0,KL-PER-02
2025-01-31,45.56,7.5,KL-PER-02
2025-02-01,50.76,2.0,KL-PER-02
2025-02-02,52.33,0.1,KL-PER-02
2025-02-03,49.58,0.3,KL-PER-02
2025-02-04,48.89,0.1,KL-PER-02
2025-02-05,47.87,0.1,KL-PER-02
2025-02-06,46.75,0.0,KL-PER-02
2025-02-07,45.99,0.0,KL-PER-02
2025-02-08,45.24,0.0,KL-PER-02
2025-02-09,44.5,0.0,KL-PER-02
2025-02-10,43.67,0.0,KL-PER-02
2025-02-11,43.06,0.0,KL-PER-02
2025-02-12,42.55,0.0,KL-PER-02
2025-02-13,42.05,0.0,KL-PER-02
2025-02-14,41.56,0.0,KL-PER-02
2025-02-15,41.07,0.4,KL-PER-02
2025-02-16,40.59,0.0,KL-PER-02
2025-02-17,40.21,0.2,KL-PER-02
2025-02-18,39.93,0.4,KL-PER-02
2025-02-19,39.74,0.1,KL-PER-02
2025-02-20,39.36,0.6,KL-PER-02
2025-02-21,39.27,1.0,KL-PER-02
2025-02-22,38.99,3.2,KL-PER-02
2025-02-23,38.81,0.1,KL-PER-02
2025-02-24,38.72,3.8,KL-PER-02
2025-02-25,38.36,0.0,KL-PER-02
2025-02-26,38.08,0.0,KL-PER-02
2025-02-27,38.08,0.0,KL-PER-02
2025-02-28,37.99,2.2,KL-PER-02
2025-03-01,37.9,7.5,KL-PER-02
2025-03-02,38.36,8.0,KL-PER-02
2025-03-03,38.54,0.8,KL-PER-02
2025-03-04,38.54,0.1,KL-PER-02
2025-03-05,38.17,0.5,KL-PER-02
2025-03-06,37.99,3.3,KL-PER-02
2025-03-07,37.9,2.5,KL-PER-02
2025-03-08,38.17,2.3,KL-PER-02
2025-03-09,38.36,2.1,KL-PER-02
2025-03-10,38.17,0.2,KL-PER-02
2025-03-11,37.82,0.4,KL-PER-02
2025-03-12,38.9,15.0,KL-PER-02
2025-03-13,45.77,0.2,KL-PER-02
2025-03-14,49.0,0.9,KL-PER-02
2025-03-15,46.1,1.8,KL-PER-02
2025-03-16,45.45,49.6,KL-PER-02
2025-03-17,48.89,4.3,KL-PER-02
2025-03-18,50.88,4.8,KL-PER-02
2025-03-19,48.55,1.3,KL-PER-02
2025-03-20,48.32,1.1,KL-PER-02
2025-03-21,47.08,10.0,KL-PER-02
2025-03-22,46.86,15.5,KL-PER-02
2025-03-23,50.05,8.1,KL-PER-02
2025-03-24,51.84,4.7,KL-PER-02
2025-03-25,51.48,11.7,KL-PER-02
2025-03-26,49.47,9.6,KL-PER-02
2025-03-27,49.47,1.0,KL-PER-02
2025-03-28,48.89,6.3,KL-PER-02
2025-03-29,48.77,2.0,KL-PER-02
2025-03-30,48.77,2.5,KL-PER-02
2025-03-31,47.75,3.6,KL-PER-02
2025-04-01,47.08,4.7,KL-PER-02
2025-04-02,46.75,13.7,KL-PER-02
2025-04-03,49.0,2.0,KL-PER-02
2025-04-04,51.24,16.7,KL-PER-02
2025-04-05,54.34,12.6,KL-PER-02
2025-04-06,84.9,17.5,KL-PER-02
2025-04-07,92.76,10.7,KL-PER-02
2025-04-08,102.28,6.5,KL-PER-02
2025-04-09,97.63,1.0,KL-PER-02
2025-04-10,95.83,1.7,KL-PER-02
2025-04-11,93.19,10.7,KL-PER-02
2025-04-12,90.41,14.8,KL-PER-02
2025-04-13,90.41,2.4,KL-PER-02
2025-04-14,91.68,17.3,KL-PER-02
2025-04-15,89.99,1.3,KL-PER-02
2025-04-16,89.57,5.6,KL-PER-02
2025-04-17,91.04,9.0,KL-PER-02
2025-04-18,89.16,7.1,KL-PER-02
2025-04-19,88.74,1.4,KL-PER-02
2025-04-20,93.62,2.4,KL-PER-02
2025-04-21,98.31,14.3,KL-PER-02
2025-04-22,104.68,9.9,KL-PER-02
2025-04-23,104.44,8.9,KL-PER-02
2025-04-24,102.04,9.7,KL-PER-02
2025-04-25,101.57,3.0,KL-PER-02
2025-04-26,102.75,25.9,KL-PER-02
2025-04-27,104.68,5.7,KL-PER-02
2025-04-28,103.71,20.5,KL-PER-02
2025-04-29,106.15,10.3,KL-PER-02
2025-04-30,108.4,4.2,KL-PER-02
2025-05-01,108.4,2.4,KL-PER-02
2025-05-02,107.64,18.7,KL-PER-02
2025-05-03,107.64,17.7,KL-PER-02
2025-05-04,112.24,4.2,KL-PER-02
2025-05-05,120.62,6.5,KL-PER-02
2025-05-06,119.5,5.6,KL-PER-02
2025-05-07,118.67,2.2,KL-PER-02
2025-05-08,125.18,0.1,KL-PER-02
2025-05-09,126.35,0.1,KL-PER-02
2025-05-10,120.06,0.0,KL-PER-02
2025-05-11,113.82,0.9,KL-PER-02
2025-05-12,108.14,5.1,KL-PER-02
2025-05-13,104.2,17.9,KL-PER-02
2025-05-14,106.65,8.6,KL-PER-02
2025-05-15,106.65,1.1,KL-PER-02
2025-05-16,105.17,2.2,KL-PER-02
2025-05-17,110.94,13.5,KL-PER-02
2025-05-18,113.02,28.9,KL-PER-02
2025-05-19,111.98,49.7,KL-PER-02
2025-05-20,120.34,7.3,KL-PER-02
2025-05-21,124.03,3.9,KL-PER-02
2025-05-22,131.43,2.5,KL-PER-02
2025-05-23,129.32,49.8,KL-PER-02
2025-05-24,149.66,49.5,KL-PER-02
2025-05-25,265.69,115.0,KL-PER-02
2025-05-26,573.12,80.9,KL-PER-02
2025-05-27,976.24,45.5,KL-PER-02
2025-05-28,1015.25,33.5,KL-PER-02
2025-05-29,800.68,70.2,KL-PER-02
2025-05-30,958.4,66.8,KL-PER-02
2025-05-31,1123.61,19.9,KL-PER-02
2025-06-01,1055.82,6.4,KL-PER-02
2025-06-02,973.99,9.3,KL-PER-02
2025-06-03,826.94,14.3,KL-PER-02
2025-06-04,752.36,17.7,KL-PER-02
2025-06-05,703.69,2.9,KL-PER-02
2025-06-06,649.13,2.9,KL-PER-02
2025-06-07,597.41,2.9,KL-PER-02
2025-06-08,560.05,5.4,KL-PER-02
2025-06-09,533.56,1.6,KL-PER-02
2025-06-10,509.5,53.8,KL-PER-02
2025-06-11,499.03,33.2,KL-PER-02
2025-06-12,495.59,26.6,KL-PER-02
2025-06-13,483.17,45.5,KL-PER-02
2025-06-14,591.93,47.5,KL-PER-02
2025-06-15,787.86,90.7,KL-PER-02
2025-06-16,1065.6,59.6,KL-PER-02
2025-06-17,1110.73,25.2,KL-PER-02
2025-06-18,1043.72,16.0,KL-PER-02
2025-06-19,915.22,7.6,KL-PER-02
2025-06-20,838.46,7.6,KL-PER-02
2025-06-21,773.46,5.2,KL-PER-02
2025-06-22,730.14,16.6,KL-PER-02
2025-06-23,697.23,8.2,KL-PER-02
2025-06-24,661.22,15.2,KL-PER-02
2025-06-25,634.33,30.1,KL-PER-02
2025-06-26,629.96,30.0,KL-PER-02
2025-06-27,644.65,10.4,KL-PER-02
2025-06-28,625.61,36.3,KL-PER-02
2025-06-29,604.34,3.0,KL-PER-02
2025-06-30,579.76,6.2,KL-PER-02
2025-07-01,547.28,7.0,KL-PER-02
2025-07-02,527.45,15.0,KL-PER-02
2025-07-03,497.88,3.2,KL-PER-02
2025-07-04,480.95,3.5,KL-PER-02
2025-07-05,462.45,6.8,KL-PER-02
2025-07-06,440.57,7.8,KL-PER-02
2025-07-07,426.56,4.8,KL-PER-02
2025-07-08,412.05,2.3,KL-PER-02
2025-07-09,396.19,9.0,KL-PER-02
2025-07-10,374.84,3.1,KL-PER-02
2025-07-11,358.75,44.0,KL-PER-02
2025-07-12,354.63,9.5,KL-PER-02
2025-07-13,340.19,19.6,KL-PER-02
2025-07-14,337.06,18.0,KL-PER-02
2025-07-15,346.54,28.0,KL-PER-02
2025-07-16,340.98,46.6,KL-PER-02
2025-07-17,353.0,32.8,KL-PER-02
2025-07-18,384.48,31.1,KL-PER-02
2025-07-19,612.76,46.5,KL-PER-02
2025-07-20,823.14,32.3,KL-PER-02
2025-07-21,919.45,25.1,KL-PER-02
2025-07-22,947.42,19.7,KL-PER-02
2025-07-23,947.42,28.1,KL-PER-02
2025-07-24,1082.93,32.6,KL-PER-02
2025-07-25,1113.29,30.4,KL-PER-02
2025-07-26,1103.08,39.3,KL-PER-02
2025-07-27,1198.5,10.3,KL-PER-02
2025-07-28,1201.26,2.4,KL-PER-02
2025-07-29,1046.13,0.6,KL-PER-02
2025-07-30,953.99,10.6,KL-PER-02
2025-07-31,880.05,7.8,KL-PER-02
2025-08-01,825.04,14.2,KL-PER-02
2025-08-02,782.43,17.4,KL-PER-02
2025-08-03,755.83,29.4,KL-PER-02
2025-08-04,830.76,18.1,KL-PER-02
2025-08-05,850.14,9.9,KL-PER-02
2025-08-06,796.99,1.4,KL-PER-02
2025-08-07,721.77,2.4,KL-PER-02
2025-08-08,713.5,15.4,KL-PER-02
2025-08-09,673.53,5.8,KL-PER-02
2025-08-10,631.41,17.9,KL-PER-02
2025-08-11,589.2,7.9,KL-PER-02
2025-08-12,560.05,10.2,KL-PER-02
2025-08-13,527.45,24.9,KL-PER-02
2025-08-14,510.68,19.0,KL-PER-02
2025-08-15,503.66,28.3,KL-PER-02
2025-08-16,536.03,27.4,KL-PER-02
2025-08-17,571.8,34.5,KL-PER-02
2025-08-18,547.28,4.5,KL-PER-02
2025-08-19,532.33,2.7,KL-PER-02
2025-08-20,487.65,2.3,KL-PER-02
2025-08-21,458.2,2.5,KL-PER-02
2025-08-22,428.54,3.2,KL-PER-02
2025-08-23,404.51,3.3,KL-PER-02
2025-08-24,381.82,1.7,KL-PER-02
2025-08-25,360.41,1.0,KL-PER-02
2025-08-26,337.84,24.8,KL-PER-02
2025-08-27,319.63,46.4,KL-PER-02
2025-08-28,326.34,38.1,KL-PER-02
2025-08-29,364.59,16.8,KL-PER-02
2025-08-30,380.94,9.7,KL-PER-02
2025-08-31,483.17,8.2,KL-PER-02
2025-09-01,463.52,9.2,KL-PER-02
2025-09-02,447.75,4.3,KL-PER-02
2025-09-03,422.64,14.4,KL-PER-02
2025-09-04,409.2,8.6,KL-PER-02
2025-09-05,394.37,10.0,KL-PER-02
2025-09-06,363.75,2.9,KL-PER-02
2025-09-07,348.14,2.2,KL-PER-02
2025-09-08,322.59,1.5,KL-PER-02
2025-09-09,303.09,4.4,KL-PER-02
2025-09-10,289.4,2.7,KL-PER-02
2025-09-11,289.4,0.9,KL-PER-02
2025-09-12,278.25,1.2,KL-PER-02
2025-09-13,265.07,1.3,KL-PER-02
2025-09-14,248.46,1.2,KL-PER-02
2025-09-15,235.59,10.6,KL-PER-02
2025-09-16,223.91,32.0,KL-PER-02
2025-09-17,216.27,40.9,KL-PER-02
2025-09-18,216.77,16.4,KL-PER-02
2025-09-19,224.42,2.6,KL-PER-02
2025-09-20,230.21,1.2,KL-PER-02
2025-09-21,223.39,9.1,KL-PER-02
2025-09-22,220.31,3.5,KL-PER-02
2025-09-23,223.39,24.5,KL-PER-02
2025-09-24,224.94,23.4,KL-PER-02
2025-09-25,212.8,23.7,KL-PER-02
2025-09-26,203.17,13.9,KL-PER-02
2025-09-27,203.17,14.7,KL-PER-02
2025-09-28,217.78,13.7,KL-PER-02
2025-09-29,216.77,5.2,KL-PER-02
2025-09-30,215.27,2.3,KL-PER-02
