date,precipitation_sum_mm,river_discharge_m3s,station_id
1990-01-01,2.6,52.11,KL-PAM-01
1990-01-02,1.8,52.11,KL-PAM-01
1990-01-03,0.1,52.11,KL-PAM-01
1990-01-04,0.0,52.11,KL-PAM-01
1990-01-05,3.1,52.11,KL-PAM-01
1990-01-06,19.6,52.11,KL-PAM-01
1990-01-07,39.8,52.11,KL-PAM-01
1990-01-08,4.2,52.11,KL-PAM-01
1990-01-09,0.0,52.11,KL-PAM-01
1990-01-10,0.0,52.11,KL-PAM-01
1990-01-11,0.0,52.11,KL-PAM-01
1990-01-12,0.0,52.11,KL-PAM-01
1990-01-13,0.0,52.11,KL-PAM-01
1990-01-14,0.0,52.11,KL-PAM-01
1990-01-15,0.0,52.11,KL-PAM-01
1990-01-16,0.0,52.11,KL-PAM-01
1990-01-17,0.7,52.11,KL-PAM-01
1990-01-18,0.0,52.11,KL-PAM-01
1990-01-19,0.0,52.11,KL-PAM-01
1990-01-20,0.0,52.11,KL-PAM-01
1990-01-21,0.0,52.11,KL-PAM-01
1990-01-22,0.0,52.11,KL-PAM-01
1990-01-23,0.2,52.11,KL-PAM-01
1990-01-24,0.0,52.11,KL-PAM-01
1990-01-25,0.0,52.11,KL-PAM-01
1990-01-26,0.0,52.11,KL-PAM-01
1990-01-27,0.0,52.11,KL-PAM-01
1990-01-28,0.0,52.11,KL-PAM-01
1990-01-29,0.0,52.11,KL-PAM-01
1990-01-30,0.0,52.11,KL-PAM-01
1990-01-31,0.1,52.11,KL-PAM-01
1990-02-01,0.4,52.11,KL-PAM-01
1990-02-02,0.0,52.11,KL-PAM-01
1990-02-03,0.0,52.11,KL-PAM-01
1990-02-04,0.0,52.11,KL-PAM-01
1990-02-05,0.0,52.11,KL-PAM-01
1990-02-06,0.0,52.11,KL-PAM-01
1990-02-07,0.0,52.11,KL-PAM-01
1990-02-08,0.0,52.11,KL-PAM-01
1990-02-09,0.2,52.11,KL-PAM-01
1990-02-10,0.0,52.11,KL-PAM-01
1990-02-11,0.2,52.11,KL-PAM-01
1990-02-12,0.0,52.11,KL-PAM-01
1990-02-13,0.5,52.11,KL-PAM-01
1990-02-14,0.9,52.11,KL-PAM-01
1990-02-15,0.9,52.11,KL-PAM-01
1990-02-16,3.8,52.11,KL-PAM-01
1990-02-17,0.0,52.11,KL-PAM-01
1990-02-18,0.1,52.11,KL-PAM-01
1990-02-19,1.1,52.11,KL-PAM-01
1990-02-20,0.4,52.11,KL-PAM-01
1990-02-21,0.3,52.11,KL-PAM-01
1990-02-22,0.0,52.11,KL-PAM-01
1990-02-23,0.0,52.11,KL-PAM-01
1990-02-24,0.0,52.11,KL-PAM-01
1990-02-25,0.0,52.11,KL-PAM-01
1990-02-26,0.0,52.11,KL-PAM-01
1990-02-27,0.0,52.11,KL-PAM-01
1990-02-28,0.5,52.11,KL-PAM-01
1990-03-01,0.2,52.11,KL-PAM-01
1990-03-02,1.2,52.11,KL-PAM-01
1990-03-03,1.2,52.11,KL-PAM-01
1990-03-04,1.3,52.11,KL-PAM-01
1990-03-05,0.0,52.11,KL-PAM-01
1990-03-06,0.3,52.11,KL-PAM-01
1990-03-07,0.2,52.11,KL-PAM-01
1990-03-08,0.7,52.11,KL-PAM-01
1990-03-09,0.1,52.11,KL-PAM-01
1990-03-10,1.7,52.11,KL-PAM-01
1990-03-11,0.3,52.11,KL-PAM-01
1990-03-12,1.0,52.11,KL-PAM-01
1990-03-13,1.6,52.11,KL-PAM-01
1990-03-14,0.2,52.11,KL-PAM-01
1990-03-15,0.0,52.11,KL-PAM-01
1990-03-16,4.4,52.11,KL-PAM-01
1990-03-17,0.1,52.11,KL-PAM-01
1990-03-18,1.0,52.11,KL-PAM-01
1990-03-19,0.7,52.11,KL-PAM-01
1990-03-20,4.3,52.11,KL-PAM-01
1990-03-21,6.4,52.11,KL-PAM-01
1990-03-22,1.6,52.11,KL-PAM-01
1990-03-23,4.5,52.11,KL-PAM-01
1990-03-24,0.1,52.11,KL-PAM-01
1990-03-25,0.0,52.11,KL-PAM-01
1990-03-26,0.0,52.11,KL-PAM-01
1990-03-27,0.0,52.11,KL-PAM-01
1990-03-28,0.0,52.11,KL-PAM-01
1990-03-29,0.7,52.11,KL-PAM-01
1990-03-30,0.2,52.11,KL-PAM-01
1990-03-31,1.7,52.11,KL-PAM-01
1990-04-01,0.9,52.11,KL-PAM-01
1990-04-02,3.3,52.11,KL-PAM-01
1990-04-03,1.6,52.11,KL-PAM-01
1990-04-04,1.3,52.11,KL-PAM-01
1990-04-05,9.1,52.11,KL-PAM-01
1990-04-06,12.1,52.11,KL-PAM-01
1990-04-07,4.7,52.11,KL-PAM-01
1990-04-08,7.9,52.11,KL-PAM-01
1990-04-09,2.4,52.11,KL-PAM-01
1990-04-10,2.1,52.11,KL-PAM-01
1990-04-11,3.7,52.11,KL-PAM-01
1990-04-12,0.9,52.11,KL-PAM-01
1990-04-13,0.0,52.11,KL-PAM-01
1990-04-14,1.4,52.11,KL-PAM-01
1990-04-15,1.6,52.11,KL-PAM-01
1990-04-16,7.9,52.11,KL-PAM-01
1990-04-17,10.8,52.11,KL-PAM-01
1990-04-18,6.3,52.11,KL-PAM-01
1990-04-19,2.5,52.11,KL-PAM-01
1990-04-20,7.9,52.11,KL-PAM-01
1990-04-21,5.8,52.11,KL-PAM-01
1990-04-22,0.3,52.11,KL-PAM-01
1990-04-23,0.5,52.11,KL-PAM-01
1990-04-24,3.2,52.11,KL-PAM-01
1990-04-25,2.0,52.11,KL-PAM-01
1990-04-26,2.5,52.11,KL-PAM-01
1990-04-27,12.6,52.11,KL-PAM-01
1990-04-28,4.0,52.11,KL-PAM-01
1990-04-29,7.6,52.11,KL-PAM-01
1990-04-30,8.5,52.11,KL-PAM-01
1990-05-01,3.2,52.11,KL-PAM-01
1990-05-02,8.8,52.11,KL-PAM-01
1990-05-03,3.6,52.11,KL-PAM-01
1990-05-04,0.2,52.11,KL-PAM-01
1990-05-05,8.3,52.11,KL-PAM-01
1990-05-06,11.4,52.11,KL-PAM-01
1990-05-07,14.1,52.11,KL-PAM-01
1990-05-08,14.0,52.11,KL-PAM-01
1990-05-09,11.3,52.11,KL-PAM-01
1990-05-10,6.4,52.11,KL-PAM-01
1990-05-11,2.7,52.11,KL-PAM-01
1990-05-12,1.1,52.11,KL-PAM-01
1990-05-13,3.3,52.11,KL-PAM-01
1990-05-14,2.4,52.11,KL-PAM-01
1990-05-15,3.8,52.11,KL-PAM-01
1990-05-16,7.6,52.11,KL-PAM-01
1990-05-17,23.8,52.11,KL-PAM-01
1990-05-18,15.4,52.11,KL-PAM-01
1990-05-19,21.5,52.11,KL-PAM-01
1990-05-20,17.1,52.11,KL-PAM-01
1990-05-21,6.0,52.11,KL-PAM-01
1990-05-22,13.6,52.11,KL-PAM-01
1990-05-23,15.3,52.11,KL-PAM-01
1990-05-24,15.9,52.11,KL-PAM-01
1990-05-25,38.8,52.11,KL-PAM-01
1990-05-26,29.7,52.11,KL-PAM-01
1990-05-27,17.6,52.11,KL-PAM-01
1990-05-28,8.4,52.11,KL-PAM-01
1990-05-29,8.6,52.11,KL-PAM-01
1990-05-30,9.0,52.11,KL-PAM-01
1990-05-31,9.3,52.11,KL-PAM-01
1990-06-01,24.0,52.11,KL-PAM-01
1990-06-02,7.6,52.11,KL-PAM-01
1990-06-03,30.0,52.11,KL-PAM-01
1990-06-04,14.8,52.11,KL-PAM-01
1990-06-05,19.8,52.11,KL-PAM-01
1990-06-06,23.5,52.11,KL-PAM-01
1990-06-07,23.0,52.11,KL-PAM-01
1990-06-08,22.2,52.11,KL-PAM-01
1990-06-09,12.7,52.11,KL-PAM-01
1990-06-10,8.1,52.11,KL-PAM-01
1990-06-11,6.4,52.11,KL-PAM-01
1990-06-12,15.2,52.11,KL-PAM-01
1990-06-13,13.2,52.11,KL-PAM-01
1990-06-14,12.1,52.11,KL-PAM-01
1990-06-15,5.1,52.11,KL-PAM-01
1990-06-16,6.1,52.11,KL-PAM-01
1990-06-17,6.2,52.11,KL-PAM-01
1990-06-18,4.8,52.11,KL-PAM-01
1990-06-19,4.3,52.11,KL-PAM-01
1990-06-20,7.9,52.11,KL-PAM-01
1990-06-21,11.4,52.11,KL-PAM-01
1990-06-22,4.6,52.11,KL-PAM-01
1990-06-23,5.3,52.11,KL-PAM-01
1990-06-24,4.7,52.11,KL-PAM-01
1990-06-25,7.8,52.11,KL-PAM-01
1990-06-26,5.7,52.11,KL-PAM-01
1990-06-27,7.3,52.11,KL-PAM-01
1990-06-28,10.0,52.11,KL-PAM-01
1990-06-29,3.2,52.11,KL-PAM-01
1990-06-30,5.9,52.11,KL-PAM-01
1990-07-01,11.1,52.11,KL-PAM-01
1990-07-02,21.0,52.11,KL-PAM-01
1990-07-03,36.5,52.11,KL-PAM-01
1990-07-04,22.9,52.11,KL-PAM-01
1990-07-05,34.7,52.11,KL-PAM-01
1990-07-06,23.4,52.11,KL-PAM-01
1990-07-07,50.3,52.11,KL-PAM-01
1990-07-08,14.0,52.11,KL-PAM-01
1990-07-09,14.3,52.11,KL-PAM-01
1990-07-10,11.2,52.11,KL-PAM-01
1990-07-11,19.7,52.11,KL-PAM-01
1990-07-12,10.5,52.11,KL-PAM-01
1990-07-13,13.4,52.11,KL-PAM-01
1990-07-14,10.0,52.11,KL-PAM-01
1990-07-15,11.8,52.11,KL-PAM-01
1990-07-16,7.7,52.11,KL-PAM-01
1990-07-17,9.2,52.11,KL-PAM-01
1990-07-18,7.6,52.11,KL-PAM-01
1990-07-19,5.9,52.11,KL-PAM-01
1990-07-20,9.4,52.11,KL-PAM-01
1990-07-21,8.3,52.11,KL-PAM-01
1990-07-22,15.4,52.11,KL-PAM-01
1990-07-23,15.6,52.11,KL-PAM-01
1990-07-24,4.5,52.11,KL-PAM-01
1990-07-25,2.4,52.11,KL-PAM-01
1990-07-26,5.0,52.11,KL-PAM-01
1990-07-27,1.5,52.11,KL-PAM-01
1990-07-28,2.4,52.11,KL-PAM-01
1990-07-29,2.1,52.11,KL-PAM-01
1990-07-30,7.5,52.11,KL-PAM-01
1990-07-31,3.5,52.11,KL-PAM-01
1990-08-01,11.0,52.11,KL-PAM-01
1990-08-02,7.2,52.11,KL-PAM-01
1990-08-03,25.5,52.11,KL-PAM-01
1990-08-04,10.9,52.11,KL-PAM-01
1990-08-05,7.2,52.11,KL-PAM-01
1990-08-06,11.9,52.11,KL-PAM-01
1990-08-07,9.7,52.11,KL-PAM-01
1990-08-08,25.5,52.11,KL-PAM-01
1990-08-09,32.7,52.11,KL-PAM-01
1990-08-10,12.3,52.11,KL-PAM-01
1990-08-11,2.7,52.11,KL-PAM-01
1990-08-12,4.6,52.11,KL-PAM-01
1990-08-13,3.0,52.11,KL-PAM-01
1990-08-14,11.8,52.11,KL-PAM-01
1990-08-15,7.1,52.11,KL-PAM-01
1990-08-16,7.4,52.11,KL-PAM-01
1990-08-17,2.8,52.11,KL-PAM-01
1990-08-18,2.3,52.11,KL-PAM-01
1990-08-19,5.2,52.11,KL-PAM-01
1990-08-20,3.3,52.11,KL-PAM-01
1990-08-21,3.5,52.11,KL-PAM-01
1990-08-22,3.4,52.11,KL-PAM-01
1990-08-23,1.7,52.11,KL-PAM-01
1990-08-24,2.0,52.11,KL-PAM-01
1990-08-25,5.1,52.11,KL-PAM-01
1990-08-26,4.6,52.11,KL-PAM-01
1990-08-27,1.0,52.11,KL-PAM-01
1990-08-28,1.7,52.11,KL-PAM-01
1990-08-29,0.9,52.11,KL-PAM-01
1990-08-30,2.5,52.11,KL-PAM-01
1990-08-31,1.0,52.11,KL-PAM-01
1990-09-01,0.3,52.11,KL-PAM-01
1990-09-02,2.1,52.11,KL-PAM-01
1990-09-03,1.7,52.11,KL-PAM-01
1990-09-04,14.6,52.11,KL-PAM-01
1990-09-05,9.5,52.11,KL-PAM-01
1990-09-06,6.8,52.11,KL-PAM-01
1990-09-07,20.2,52.11,KL-PAM-01
1990-09-08,11.1,52.11,KL-PAM-01
1990-09-09,6.6,52.11,KL-PAM-01
1990-09-10,8.8,52.11,KL-PAM-01
1990-09-11,1.4,52.11,KL-PAM-01
1990-09-12,2.6,52.11,KL-PAM-01
1990-09-13,1.6,52.11,KL-PAM-01
1990-09-14,1.6,52.11,KL-PAM-01
1990-09-15,2.5,52.11,KL-PAM-01
1990-09-16,0.7,52.11,KL-PAM-01
1990-09-17,0.0,52.11,KL-PAM-01
1990-09-18,2.4,52.11,KL-PAM-01
1990-09-19,4.5,52.11,KL-PAM-01
1990-09-20,5.5,52.11,KL-PAM-01
1990-09-21,14.1,52.11,KL-PAM-01
1990-09-22,0.8,52.11,KL-PAM-01
1990-09-23,9.0,52.11,KL-PAM-01
1990-09-24,7.3,52.11,KL-PAM-01
1990-09-25,9.3,52.11,KL-PAM-01
1990-09-26,2.2,52.11,KL-PAM-01
1990-09-27,3.9,52.11,KL-PAM-01
1990-09-28,2.5,52.11,KL-PAM-01
1990-09-29,6.1,52.11,KL-PAM-01
1990-09-30,3.8,52.11,KL-PAM-01
1990-10-01,5.1,52.11,KL-PAM-01
1990-10-02,2.9,52.11,KL-PAM-01
1990-10-03,2.1,52.11,KL-PAM-01
1990-10-04,4.4,52.11,KL-PAM-01
1990-10-05,3.3,52.11,KL-PAM-01
1990-10-06,3.5,52.11,KL-PAM-01
1990-10-07,4.0,52.11,KL-PAM-01
1990-10-08,1.9,52.11,KL-PAM-01
1990-10-09,1.6,52.11,KL-PAM-01
1990-10-10,2.6,52.11,KL-PAM-01
1990-10-11,3.8,52.11,KL-PAM-01
1990-10-12,2.6,52.11,KL-PAM-01
1990-10-13,3.5,52.11,KL-PAM-01
1990-10-14,10.1,52.11,KL-PAM-01
1990-10-15,5.3,52.11,KL-PAM-01
1990-10-16,4.2,52.11,KL-PAM-01
1990-10-17,12.7,52.11,KL-PAM-01
1990-10-18,7.5,52.11,KL-PAM-01
1990-10-19,20.7,52.11,KL-PAM-01
1990-10-20,18.4,52.11,KL-PAM-01
1990-10-21,11.3,52.11,KL-PAM-01
1990-10-22,13.0,52.11,KL-PAM-01
1990-10-23,6.3,52.11,KL-PAM-01
1990-10-24,15.2,52.11,KL-PAM-01
1990-10-25,12.0,52.11,KL-PAM-01
1990-10-26,15.3,52.11,KL-PAM-01
1990-10-27,10.2,52.11,KL-PAM-01
1990-10-28,11.6,52.11,KL-PAM-01
1990-10-29,7.5,52.11,KL-PAM-01
1990-10-30,26.4,52.11,KL-PAM-01
1990-10-31,38.7,52.11,KL-PAM-01
1990-11-01,18.1,52.11,KL-PAM-01
1990-11-02,22.8,52.11,KL-PAM-01
1990-11-03,17.9,52.11,KL-PAM-01
1990-11-04,0.2,52.11,KL-PAM-01
1990-11-05,0.0,52.11,KL-PAM-01
1990-11-06,0.0,52.11,KL-PAM-01
1990-11-07,0.0,52.11,KL-PAM-01
1990-11-08,0.0,52.11,KL-PAM-01
1990-11-09,0.8,52.11,KL-PAM-01
1990-11-10,0.0,52.11,KL-PAM-01
1990-11-11,2.1,52.11,KL-PAM-01
1990-11-12,1.3,52.11,KL-PAM-01
1990-11-13,4.0,52.11,KL-PAM-01
1990-11-14,1.3,52.11,KL-PAM-01
1990-11-15,0.3,52.11,KL-PAM-01
1990-11-16,0.0,52.11,KL-PAM-01
1990-11-17,2.2,52.11,KL-PAM-01
1990-11-18,6.8,52.11,KL-PAM-01
1990-11-19,3.6,52.11,KL-PAM-01
1990-11-20,0.1,52.11,KL-PAM-01
1990-11-21,0.5,52.11,KL-PAM-01
1990-11-22,0.4,52.11,KL-PAM-01
1990-11-23,1.3,52.11,KL-PAM-01
1990-11-24,5.8,52.11,KL-PAM-01
1990-11-25,2.5,52.11,KL-PAM-01
1990-11-26,21.2,52.11,KL-PAM-01
1990-11-27,1.7,52.11,KL-PAM-01
1990-11-28,0.0,52.11,KL-PAM-01
1990-11-29,3.2,52.11,KL-PAM-01
1990-11-30,0.2,52.11,KL-PAM-01
1990-12-01,0.4,52.11,KL-PAM-01
1990-12-02,1.2,52.11,KL-PAM-01
1990-12-03,4.3,52.11,KL-PAM-01
1990-12-04,2.7,52.11,KL-PAM-01
1990-12-05,0.3,52.11,KL-PAM-01
1990-12-06,0.0,52.11,KL-PAM-01
1990-12-07,0.0,52.11,KL-PAM-01
1990-12-08,1.5,52.11,KL-PAM-01
1990-12-09,0.5,52.11,KL-PAM-01
1990-12-10,0.0,52.11,KL-PAM-01
1990-12-11,0.0,52.11,KL-PAM-01
1990-12-12,0.0,52.11,KL-PAM-01
1990-12-13,0.0,52.11,KL-PAM-01
1990-12-14,0.0,52.11,KL-PAM-01
1990-12-15,0.6,52.11,KL-PAM-01
1990-12-16,1.3,52.11,KL-PAM-01
1990-12-17,1.2,52.11,KL-PAM-01
1990-12-18,0.8,52.11,KL-PAM-01
1990-12-19,0.3,52.11,KL-PAM-01
1990-12-20,0.0,52.11,KL-PAM-01
1990-12-21,0.0,52.11,KL-PAM-01
1990-12-22,0.4,52.11,KL-PAM-01
1990-12-23,2.8,52.11,KL-PAM-01
1990-12-24,8.0,52.11,KL-PAM-01
1990-12-25,0.0,52.11,KL-PAM-01
1990-12-26,0.0,52.11,KL-PAM-01
1990-12-27,0.0,52.11,KL-PAM-01
1990-12-28,0.0,52.11,KL-PAM-01
1990-12-29,0.5,52.11,KL-PAM-01
1990-12-30,3.4,52.11,KL-PAM-01
1990-12-31,4.1,52.11,KL-PAM-01
1991-01-01,6.5,52.11,KL-PAM-01
1991-01-02,4.2,52.11,KL-PAM-01
1991-01-03,0.3,52.11,KL-PAM-01
1991-01-04,0.3,52.11,KL-PAM-01
1991-01-05,0.0,52.11,KL-PAM-01
1991-01-06,0.0,52.11,KL-PAM-01
1991-01-07,0.0,52.11,KL-PAM-01
1991-01-08,0.0,52.11,KL-PAM-01
1991-01-09,0.9,52.11,KL-PAM-01
1991-01-10,1.2,52.11,KL-PAM-01
1991-01-11,0.7,52.11,KL-PAM-01
1991-01-12,0.5,52.11,KL-PAM-01
1991-01-13,0.1,52.11,KL-PAM-01
1991-01-14,0.0,52.11,KL-PAM-01
1991-01-15,0.0,52.11,KL-PAM-01
1991-01-16,1.7,52.11,KL-PAM-01
1991-01-17,8.2,52.11,KL-PAM-01
1991-01-18,3.9,52.11,KL-PAM-01
1991-01-19,0.8,52.11,KL-PAM-01
1991-01-20,0.2,52.11,KL-PAM-01
1991-01-21,0.6,52.11,KL-PAM-01
1991-01-22,0.0,52.11,KL-PAM-01
1991-01-23,0.5,52.11,KL-PAM-01
1991-01-24,0.0,52.11,KL-PAM-01
1991-01-25,0.0,52.11,KL-PAM-01
1991-01-26,0.0,52.11,KL-PAM-01
1991-01-27,0.0,52.11,KL-PAM-01
1991-01-28,0.0,52.11,KL-PAM-01
1991-01-29,0.0,52.11,KL-PAM-01
1991-01-30,0.0,52.11,KL-PAM-01
1991-01-31,0.0,52.11,KL-PAM-01
1991-02-01,0.7,52.11,KL-PAM-01
1991-02-02,0.6,52.11,KL-PAM-01
1991-02-03,0.0,52.11,KL-PAM-01
1991-02-04,0.0,52.11,KL-PAM-01
1991-02-05,0.0,52.11,KL-PAM-01
1991-02-06,0.0,52.11,KL-PAM-01
1991-02-07,0.0,52.11,KL-PAM-01
1991-02-08,0.0,52.11,KL-PAM-01
1991-02-09,0.0,52.11,KL-PAM-01
1991-02-10,0.0,52.11,KL-PAM-01
1991-02-11,0.3,52.11,KL-PAM-01
1991-02-12,0.0,52.11,KL-PAM-01
1991-02-13,0.6,52.11,KL-PAM-01
1991-02-14,0.0,52.11,KL-PAM-01
1991-02-15,0.0,52.11,KL-PAM-01
1991-02-16,0.0,52.11,KL-PAM-01
1991-02-17,0.0,52.11,KL-PAM-01
1991-02-18,0.0,52.11,KL-PAM-01
1991-02-19,0.0,52.11,KL-PAM-01
1991-02-20,0.3,52.11,KL-PAM-01
1991-02-21,0.0,52.11,KL-PAM-01
1991-02-22,0.0,52.11,KL-PAM-01
1991-02-23,0.0,52.11,KL-PAM-01
1991-02-24,0.0,52.11,KL-PAM-01
1991-02-25,0.0,52.11,KL-PAM-01
1991-02-26,4.4,52.11,KL-PAM-01
1991-02-27,2.6,52.11,KL-PAM-01
1991-02-28,2.1,52.11,KL-PAM-01
1991-03-01,1.2,52.11,KL-PAM-01
1991-03-02,0.9,52.11,KL-PAM-01
1991-03-03,11.0,52.11,KL-PAM-01
1991-03-04,2.6,52.11,KL-PAM-01
1991-03-05,2.4,52.11,KL-PAM-01
1991-03-06,1.7,52.11,KL-PAM-01
1991-03-07,1.3,52.11,KL-PAM-01
1991-03-08,0.0,52.11,KL-PAM-01
1991-03-09,6.3,52.11,KL-PAM-01
1991-03-10,2.8,52.11,KL-PAM-01
1991-03-11,0.9,52.11,KL-PAM-01
1991-03-12,1.6,52.11,KL-PAM-01
1991-03-13,40.5,52.11,KL-PAM-01
1991-03-14,30.8,52.11,KL-PAM-01
1991-03-15,1.0,52.11,KL-PAM-01
1991-03-16,1.4,52.11,KL-PAM-01
1991-03-17,0.0,52.11,KL-PAM-01
1991-03-18,0.0,52.11,KL-PAM-01
1991-03-19,0.4,52.11,KL-PAM-01
1991-03-20,0.0,52.11,KL-PAM-01
1991-03-21,1.2,52.11,KL-PAM-01
1991-03-22,2.9,52.11,KL-PAM-01
1991-03-23,1.2,52.11,KL-PAM-01
1991-03-24,1.1,52.11,KL-PAM-01
1991-03-25,0.8,52.11,KL-PAM-01
1991-03-26,1.4,52.11,KL-PAM-01
1991-03-27,4.7,52.11,KL-PAM-01
1991-03-28,2.4,52.11,KL-PAM-01
1991-03-29,7.0,52.11,KL-PAM-01
1991-03-30,12.8,52.11,KL-PAM-01
1991-03-31,4.1,52.11,KL-PAM-01
1991-04-01,6.5,52.11,KL-PAM-01
1991-04-02,2.5,52.11,KL-PAM-01
1991-04-03,2.9,52.11,KL-PAM-01
1991-04-04,2.8,52.11,KL-PAM-01
1991-04-05,1.8,52.11,KL-PAM-01
1991-04-06,7.8,52.11,KL-PAM-01
1991-04-07,6.4,52.11,KL-PAM-01
1991-04-08,3.0,52.11,KL-PAM-01
1991-04-09,5.6,52.11,KL-PAM-01
1991-04-10,3.8,52.11,KL-PAM-01
1991-04-11,2.7,52.11,KL-PAM-01
1991-04-12,6.6,52.11,KL-PAM-01
1991-04-13,1.3,52.11,KL-PAM-01
1991-04-14,5.8,52.11,KL-PAM-01
1991-04-15,5.3,52.11,KL-PAM-01
1991-04-16,12.8,52.11,KL-PAM-01
1991-04-17,0.5,52.11,KL-PAM-01
1991-04-18,2.4,52.11,KL-PAM-01
1991-04-19,7.8,52.11,KL-PAM-01
1991-04-20,5.1,52.11,KL-PAM-01
1991-04-21,9.5,52.11,KL-PAM-01
1991-04-22,3.2,52.11,KL-PAM-01
1991-04-23,0.8,52.11,KL-PAM-01
1991-04-24,6.5,52.11,KL-PAM-01
1991-04-25,9.8,52.11,KL-PAM-01
1991-04-26,2.2,52.11,KL-PAM-01
1991-04-27,6.2,52.11,KL-PAM-01
1991-04-28,3.7,52.11,KL-PAM-01
1991-04-29,17.5,52.11,KL-PAM-01
1991-04-30,8.1,52.11,KL-PAM-01
1991-05-01,4.7,52.11,KL-PAM-01
1991-05-02,0.0,52.11,KL-PAM-01
1991-05-03,4.1,52.11,KL-PAM-01
1991-05-04,6.9,52.11,KL-PAM-01
1991-05-05,6.0,52.11,KL-PAM-01
1991-05-06,2.9,52.11,KL-PAM-01
1991-05-07,0.9,52.11,KL-PAM-01
1991-05-08,0.3,52.11,KL-PAM-01
1991-05-09,3.7,52.11,KL-PAM-01
1991-05-10,2.7,52.11,KL-PAM-01
1991-05-11,2.6,52.11,KL-PAM-01
1991-05-12,8.7,52.11,KL-PAM-01
1991-05-13,2.9,52.11,KL-PAM-01
1991-05-14,8.3,52.11,KL-PAM-01
1991-05-15,5.2,52.11,KL-PAM-01
1991-05-16,12.2,52.11,KL-PAM-01
1991-05-17,12.2,52.11,KL-PAM-01
1991-05-18,8.7,52.11,KL-PAM-01
1991-05-19,2.4,52.11,KL-PAM-01
1991-05-20,8.1,52.11,KL-PAM-01
1991-05-21,6.9,52.11,KL-PAM-01
1991-05-22,4.1,52.11,KL-PAM-01
1991-05-23,6.6,52.11,KL-PAM-01
1991-05-24,11.1,52.11,KL-PAM-01
1991-05-25,1.6,52.11,KL-PAM-01
1991-05-26,8.5,52.11,KL-PAM-01
1991-05-27,10.8,52.11,KL-PAM-01
1991-05-28,13.8,52.11,KL-PAM-01
1991-05-29,17.2,52.11,KL-PAM-01
1991-05-30,7.3,52.11,KL-PAM-01
1991-05-31,16.1,52.11,KL-PAM-01
1991-06-01,25.1,52.11,KL-PAM-01
1991-06-02,36.5,52.11,KL-PAM-01
1991-06-03,49.2,52.11,KL-PAM-01
1991-06-04,34.0,52.11,KL-PAM-01
1991-06-05,22.6,52.11,KL-PAM-01
1991-06-06,18.7,52.11,KL-PAM-01
1991-06-07,41.1,52.11,KL-PAM-01
1991-06-08,14.3,52.11,KL-PAM-01
1991-06-09,5.3,52.11,KL-PAM-01
1991-06-10,3.3,52.11,KL-PAM-01
1991-06-11,7.0,52.11,KL-PAM-01
1991-06-12,24.6,52.11,KL-PAM-01
1991-06-13,11.9,52.11,KL-PAM-01
1991-06-14,15.3,52.11,KL-PAM-01
1991-06-15,10.5,52.11,KL-PAM-01
1991-06-16,15.8,52.11,KL-PAM-01
1991-06-17,7.1,52.11,KL-PAM-01
1991-06-18,18.1,52.11,KL-PAM-01
1991-06-19,14.2,52.11,KL-PAM-01
1991-06-20,3.9,52.11,KL-PAM-01
1991-06-21,6.2,52.11,KL-PAM-01
1991-06-22,7.4,52.11,KL-PAM-01
1991-06-23,16.1,52.11,KL-PAM-01
1991-06-24,22.1,52.11,KL-PAM-01
1991-06-25,28.2,52.11,KL-PAM-01
1991-06-26,17.7,52.11,KL-PAM-01
1991-06-27,20.0,52.11,KL-PAM-01
1991-06-28,5.4,52.11,KL-PAM-01
1991-06-29,15.7,52.11,KL-PAM-01
1991-06-30,22.6,52.11,KL-PAM-01
1991-07-01,6.3,52.11,KL-PAM-01
1991-07-02,3.7,52.11,KL-PAM-01
1991-07-03,4.6,52.11,KL-PAM-01
1991-07-04,3.2,52.11,KL-PAM-01
1991-07-05,3.7,52.11,KL-PAM-01
1991-07-06,11.9,52.11,KL-PAM-01
1991-07-07,27.8,52.11,KL-PAM-01
1991-07-08,41.5,52.11,KL-PAM-01
1991-07-09,33.5,52.11,KL-PAM-01
1991-07-10,7.4,52.11,KL-PAM-01
1991-07-11,20.6,52.11,KL-PAM-01
1991-07-12,17.5,52.11,KL-PAM-01
1991-07-13,10.2,52.11,KL-PAM-01
1991-07-14,13.1,52.11,KL-PAM-01
1991-07-15,0.4,52.11,KL-PAM-01
1991-07-16,12.1,52.11,KL-PAM-01
1991-07-17,4.4,52.11,KL-PAM-01
1991-07-18,13.2,52.11,KL-PAM-01
1991-07-19,17.3,52.11,KL-PAM-01
1991-07-20,7.1,52.11,KL-PAM-01
1991-07-21,4.6,52.11,KL-PAM-01
1991-07-22,4.5,52.11,KL-PAM-01
1991-07-23,2.8,52.11,KL-PAM-01
1991-07-24,6.1,52.11,KL-PAM-01
1991-07-25,8.5,52.11,KL-PAM-01
1991-07-26,7.9,52.11,KL-PAM-01
1991-07-27,12.1,52.11,KL-PAM-01
1991-07-28,32.7,52.11,KL-PAM-01
1991-07-29,10.7,52.11,KL-PAM-01
1991-07-30,16.8,52.11,KL-PAM-01
1991-07-31,39.1,52.11,KL-PAM-01
1991-08-01,20.4,52.11,KL-PAM-01
1991-08-02,2.5,52.11,KL-PAM-01
1991-08-03,6.7,52.11,KL-PAM-01
1991-08-04,1.1,52.11,KL-PAM-01
1991-08-05,5.1,52.11,KL-PAM-01
1991-08-06,7.5,52.11,KL-PAM-01
1991-08-07,7.1,52.11,KL-PAM-01
1991-08-08,3.4,52.11,KL-PAM-01
1991-08-09,2.6,52.11,KL-PAM-01
1991-08-10,1.2,52.11,KL-PAM-01
1991-08-11,4.6,52.11,KL-PAM-01
1991-08-12,11.7,52.11,KL-PAM-01
1991-08-13,18.2,52.11,KL-PAM-01
1991-08-14,12.0,52.11,KL-PAM-01
1991-08-15,15.3,52.11,KL-PAM-01
1991-08-16,34.7,52.11,KL-PAM-01
1991-08-17,34.6,52.11,KL-PAM-01
1991-08-18,31.5,52.11,KL-PAM-01
1991-08-19,17.8,52.11,KL-PAM-01
1991-08-20,0.7,52.11,KL-PAM-01
1991-08-21,13.5,52.11,KL-PAM-01
1991-08-22,14.4,52.11,KL-PAM-01
1991-08-23,15.0,52.11,KL-PAM-01
1991-08-24,13.5,52.11,KL-PAM-01
1991-08-25,5.4,52.11,KL-PAM-01
1991-08-26,21.5,52.11,KL-PAM-01
1991-08-27,3.6,52.11,KL-PAM-01
1991-08-28,5.0,52.11,KL-PAM-01
1991-08-29,10.1,52.11,KL-PAM-01
1991-08-30,1.8,52.11,KL-PAM-01
1991-08-31,2.0,52.11,KL-PAM-01
1991-09-01,0.1,52.11,KL-PAM-01
1991-09-02,0.4,52.11,KL-PAM-01
1991-09-03,0.7,52.11,KL-PAM-01
1991-09-04,0.3,52.11,KL-PAM-01
1991-09-05,2.3,52.11,KL-PAM-01
1991-09-06,0.6,52.11,KL-PAM-01
1991-09-07,1.6,52.11,KL-PAM-01
1991-09-08,1.3,52.11,KL-PAM-01
1991-09-09,0.9,52.11,KL-PAM-01
1991-09-10,1.1,52.11,KL-PAM-01
1991-09-11,0.9,52.11,KL-PAM-01
1991-09-12,1.4,52.11,KL-PAM-01
1991-09-13,2.0,52.11,KL-PAM-01
1991-09-14,0.7,52.11,KL-PAM-01
1991-09-15,2.7,52.11,KL-PAM-01
1991-09-16,1.5,52.11,KL-PAM-01
1991-09-17,2.8,52.11,KL-PAM-01
1991-09-18,2.7,52.11,KL-PAM-01
1991-09-19,3.1,52.11,KL-PAM-01
1991-09-20,5.3,52.11,KL-PAM-01
1991-09-21,3.4,52.11,KL-PAM-01
1991-09-22,3.4,52.11,KL-PAM-01
1991-09-23,2.2,52.11,KL-PAM-01
1991-09-24,4.5,52.11,KL-PAM-01
1991-09-25,2.2,52.11,KL-PAM-01
1991-09-26,1.8,52.11,KL-PAM-01
1991-09-27,17.7,52.11,KL-PAM-01
1991-09-28,6.4,52.11,KL-PAM-01
1991-09-29,10.8,52.11,KL-PAM-01
1991-09-30,9.9,52.11,KL-PAM-01
1991-10-01,5.6,52.11,KL-PAM-01
1991-10-02,8.0,52.11,KL-PAM-01
1991-10-03,13.9,52.11,KL-PAM-01
1991-10-04,8.8,52.11,KL-PAM-01
1991-10-05,1.8,52.11,KL-PAM-01
1991-10-06,1.5,52.11,KL-PAM-01
1991-10-07,11.2,52.11,KL-PAM-01
1991-10-08,9.9,52.11,KL-PAM-01
1991-10-09,5.5,52.11,KL-PAM-01
1991-10-10,1.4,52.11,KL-PAM-01
1991-10-11,9.9,52.11,KL-PAM-01
1991-10-12,12.8,52.11,KL-PAM-01
1991-10-13,3.9,52.11,KL-PAM-01
1991-10-14,6.5,52.11,KL-PAM-01
1991-10-15,1.9,52.11,KL-PAM-01
1991-10-16,5.6,52.11,KL-PAM-01
1991-10-17,3.4,52.11,KL-PAM-01
1991-10-18,5.3,52.11,KL-PAM-01
1991-10-19,6.9,52.11,KL-PAM-01
1991-10-20,8.0,52.11,KL-PAM-01
1991-10-21,6.2,52.11,KL-PAM-01
1991-10-22,8.8,52.11,KL-PAM-01
1991-10-23,14.0,52.11,KL-PAM-01
1991-10-24,12.5,52.11,KL-PAM-01
1991-10-25,12.2,52.11,KL-PAM-01
1991-10-26,4.5,52.11,KL-PAM-01
1991-10-27,8.3,52.11,KL-PAM-01
1991-10-28,13.5,52.11,KL-PAM-01
1991-10-29,16.7,52.11,KL-PAM-01
1991-10-30,6.7,52.11,KL-PAM-01
1991-10-31,14.8,52.11,KL-PAM-01
1991-11-01,2.6,52.11,KL-PAM-01
1991-11-02,1.0,52.11,KL-PAM-01
1991-11-03,1.9,52.11,KL-PAM-01
1991-11-04,0.8,52.11,KL-PAM-01
1991-11-05,6.7,52.11,KL-PAM-01
1991-11-06,13.1,52.11,KL-PAM-01
1991-11-07,14.5,52.11,KL-PAM-01
1991-11-08,3.1,52.11,KL-PAM-01
1991-11-09,3.6,52.11,KL-PAM-01
1991-11-10,0.7,52.11,KL-PAM-01
1991-11-11,4.0,52.11,KL-PAM-01
1991-11-12,2.0,52.11,KL-PAM-01
1991-11-13,7.4,52.11,KL-PAM-01
1991-11-14,2.7,52.11,KL-PAM-01
1991-11-15,2.1,52.11,KL-PAM-01
1991-11-16,2.8,52.11,KL-PAM-01
1991-11-17,1.6,52.11,KL-PAM-01
1991-11-18,9.1,52.11,KL-PAM-01
1991-11-19,0.0,52.11,KL-PAM-01
1991-11-20,0.0,52.11,KL-PAM-01
1991-11-21,0.0,52.11,KL-PAM-01
1991-11-22,0.0,52.11,KL-PAM-01
1991-11-23,1.9,52.11,KL-PAM-01
1991-11-24,0.0,52.11,KL-PAM-01
1991-11-25,0.8,52.11,KL-PAM-01
1991-11-26,0.7,52.11,KL-PAM-01
1991-11-27,1.5,52.11,KL-PAM-01
1991-11-28,1.1,52.11,KL-PAM-01
1991-11-29,0.5,52.11,KL-PAM-01
1991-11-30,0.6,52.11,KL-PAM-01
1991-12-01,0.0,52.11,KL-PAM-01
1991-12-02,0.0,52.11,KL-PAM-01
1991-12-03,0.0,52.11,KL-PAM-01
1991-12-04,0.0,52.11,KL-PAM-01
1991-12-05,0.0,52.11,KL-PAM-01
1991-12-06,0.0,52.11,KL-PAM-01
1991-12-07,0.0,52.11,KL-PAM-01
1991-12-08,0.0,52.11,KL-PAM-01
1991-12-09,0.0,52.11,KL-PAM-01
1991-12-10,0.0,52.11,KL-PAM-01
1991-12-11,0.0,52.11,KL-PAM-01
1991-12-12,0.0,52.11,KL-PAM-01
1991-12-13,0.5,52.11,KL-PAM-01
1991-12-14,0.0,52.11,KL-PAM-01
1991-12-15,0.0,52.11,KL-PAM-01
1991-12-16,0.0,52.11,KL-PAM-01
1991-12-17,1.0,52.11,KL-PAM-01
1991-12-18,3.2,52.11,KL-PAM-01
1991-12-19,10.4,52.11,KL-PAM-01
1991-12-20,0.8,52.11,KL-PAM-01
1991-12-21,0.0,52.11,KL-PAM-01
1991-12-22,4.0,52.11,KL-PAM-01
1991-12-23,1.2,52.11,KL-PAM-01
1991-12-24,0.7,52.11,KL-PAM-01
1991-12-25,1.3,52.11,KL-PAM-01
1991-12-26,0.4,52.11,KL-PAM-01
1991-12-27,0.0,52.11,KL-PAM-01
1991-12-28,0.0,52.11,KL-PAM-01
1991-12-29,0.0,52.11,KL-PAM-01
1991-12-30,0.2,52.11,KL-PAM-01
1991-12-31,5.9,52.11,KL-PAM-01
1992-01-01,8.2,52.11,KL-PAM-01
1992-01-02,0.3,52.11,KL-PAM-01
1992-01-03,0.0,52.11,KL-PAM-01
1992-01-04,0.2,52.11,KL-PAM-01
1992-01-05,0.0,52.11,KL-PAM-01
1992-01-06,0.0,52.11,KL-PAM-01
1992-01-07,0.0,52.11,KL-PAM-01
1992-01-08,0.0,52.11,KL-PAM-01
1992-01-09,0.0,52.11,KL-PAM-01
1992-01-10,0.0,52.11,KL-PAM-01
1992-01-11,0.0,52.11,KL-PAM-01
1992-01-12,0.0,52.11,KL-PAM-01
1992-01-13,0.0,52.11,KL-PAM-01
1992-01-14,0.0,52.11,KL-PAM-01
1992-01-15,0.0,52.11,KL-PAM-01
1992-01-16,0.0,52.11,KL-PAM-01
1992-01-17,0.0,52.11,KL-PAM-01
1992-01-18,0.0,52.11,KL-PAM-01
1992-01-19,0.2,52.11,KL-PAM-01
1992-01-20,0.0,52.11,KL-PAM-01
1992-01-21,0.0,52.11,KL-PAM-01
1992-01-22,0.0,52.11,KL-PAM-01
1992-01-23,0.0,52.11,KL-PAM-01
1992-01-24,0.0,52.11,KL-PAM-01
1992-01-25,0.0,52.11,KL-PAM-01
1992-01-26,0.0,52.11,KL-PAM-01
1992-01-27,0.0,52.11,KL-PAM-01
1992-01-28,0.0,52.11,KL-PAM-01
1992-01-29,0.0,52.11,KL-PAM-01
1992-01-30,0.0,52.11,KL-PAM-01
1992-01-31,0.0,52.11,KL-PAM-01
1992-02-01,0.1,52.11,KL-PAM-01
1992-02-02,0.0,52.11,KL-PAM-01
1992-02-03,0.0,52.11,KL-PAM-01
1992-02-04,0.2,52.11,KL-PAM-01
1992-02-05,3.0,52.11,KL-PAM-01
1992-02-06,0.3,52.11,KL-PAM-01
1992-02-07,0.3,52.11,KL-PAM-01
1992-02-08,0.0,52.11,KL-PAM-01
1992-02-09,0.2,52.11,KL-PAM-01
1992-02-10,0.4,52.11,KL-PAM-01
1992-02-11,0.1,52.11,KL-PAM-01
1992-02-12,0.7,52.11,KL-PAM-01
1992-02-13,0.3,52.11,KL-PAM-01
1992-02-14,0.5,52.11,KL-PAM-01
1992-02-15,0.7,52.11,KL-PAM-01
1992-02-16,2.4,52.11,KL-PAM-01
1992-02-17,0.0,52.11,KL-PAM-01
1992-02-18,0.0,52.11,KL-PAM-01
1992-02-19,0.1,52.11,KL-PAM-01
1992-02-20,0.0,52.11,KL-PAM-01
1992-02-21,0.0,52.11,KL-PAM-01
1992-02-22,0.1,52.11,KL-PAM-01
1992-02-23,0.0,52.11,KL-PAM-01
1992-02-24,0.5,52.11,KL-PAM-01
1992-02-25,0.6,52.11,KL-PAM-01
1992-02-26,0.0,52.11,KL-PAM-01
1992-02-27,0.3,52.11,KL-PAM-01
1992-02-28,0.0,52.11,KL-PAM-01
1992-02-29,0.0,52.11,KL-PAM-01
1992-03-01,0.0,52.11,KL-PAM-01
1992-03-02,0.0,52.11,KL-PAM-01
1992-03-03,0.1,52.11,KL-PAM-01
1992-03-04,0.9,52.11,KL-PAM-01
1992-03-05,0.0,52.11,KL-PAM-01
1992-03-06,0.0,52.11,KL-PAM-01
1992-03-07,0.2,52.11,KL-PAM-01
1992-03-08,0.5,52.11,KL-PAM-01
1992-03-09,0.5,52.11,KL-PAM-01
1992-03-10,0.5,52.11,KL-PAM-01
1992-03-11,0.2,52.11,KL-PAM-01
1992-03-12,0.0,52.11,KL-PAM-01
1992-03-13,0.0,52.11,KL-PAM-01
1992-03-14,0.0,52.11,KL-PAM-01
1992-03-15,0.0,52.11,KL-PAM-01
1992-03-16,0.0,52.11,KL-PAM-01
1992-03-17,0.0,52.11,KL-PAM-01
1992-03-18,0.0,52.11,KL-PAM-01
1992-03-19,0.0,52.11,KL-PAM-01
1992-03-20,0.2,52.11,KL-PAM-01
1992-03-21,0.3,52.11,KL-PAM-01
1992-03-22,0.0,52.11,KL-PAM-01
1992-03-23,0.3,52.11,KL-PAM-01
1992-03-24,0.0,52.11,KL-PAM-01
1992-03-25,0.4,52.11,KL-PAM-01
1992-03-26,0.0,52.11,KL-PAM-01
1992-03-27,0.2,52.11,KL-PAM-01
1992-03-28,0.2,52.11,KL-PAM-01
1992-03-29,0.7,52.11,KL-PAM-01
1992-03-30,0.6,52.11,KL-PAM-01
1992-03-31,0.0,52.11,KL-PAM-01
1992-04-01,0.7,52.11,KL-PAM-01
1992-04-02,2.1,52.11,KL-PAM-01
1992-04-03,2.6,52.11,KL-PAM-01
1992-04-04,2.2,52.11,KL-PAM-01
1992-04-05,0.0,52.11,KL-PAM-01
1992-04-06,0.0,52.11,KL-PAM-01
1992-04-07,0.2,52.11,KL-PAM-01
1992-04-08,7.0,52.11,KL-PAM-01
1992-04-09,1.8,52.11,KL-PAM-01
1992-04-10,4.9,52.11,KL-PAM-01
1992-04-11,3.0,52.11,KL-PAM-01
1992-04-12,1.5,52.11,KL-PAM-01
1992-04-13,1.8,52.11,KL-PAM-01
1992-04-14,1.0,52.11,KL-PAM-01
1992-04-15,0.9,52.11,KL-PAM-01
1992-04-16,3.3,52.11,KL-PAM-01
1992-04-17,9.2,52.11,KL-PAM-01
1992-04-18,10.3,52.11,KL-PAM-01
1992-04-19,2.6,52.11,KL-PAM-01
1992-04-20,5.8,52.11,KL-PAM-01
1992-04-21,3.6,52.11,KL-PAM-01
1992-04-22,1.0,52.11,KL-PAM-01
1992-04-23,2.5,52.11,KL-PAM-01
1992-04-24,9.1,52.11,KL-PAM-01
1992-04-25,5.5,52.11,KL-PAM-01
1992-04-26,3.8,52.11,KL-PAM-01
1992-04-27,5.2,52.11,KL-PAM-01
1992-04-28,0.0,52.11,KL-PAM-01
1992-04-29,3.2,52.11,KL-PAM-01
1992-04-30,2.7,52.11,KL-PAM-01
1992-05-01,4.4,52.11,KL-PAM-01
1992-05-02,6.2,52.11,KL-PAM-01
1992-05-03,3.9,52.11,KL-PAM-01
1992-05-04,0.3,52.11,KL-PAM-01
1992-05-05,7.2,52.11,KL-PAM-01
1992-05-06,6.0,52.11,KL-PAM-01
1992-05-07,11.9,52.11,KL-PAM-01
1992-05-08,4.5,52.11,KL-PAM-01
1992-05-09,3.9,52.11,KL-PAM-01
1992-05-10,24.0,52.11,KL-PAM-01
1992-05-11,16.7,52.11,KL-PAM-01
1992-05-12,45.2,52.11,KL-PAM-01
1992-05-13,25.9,52.11,KL-PAM-01
1992-05-14,18.6,52.11,KL-PAM-01
1992-05-15,8.5,52.11,KL-PAM-01
1992-05-16,8.5,52.11,KL-PAM-01
1992-05-17,23.7,52.11,KL-PAM-01
1992-05-18,38.3,52.11,KL-PAM-01
1992-05-19,27.5,52.11,KL-PAM-01
1992-05-20,4.9,52.11,KL-PAM-01
1992-05-21,0.1,52.11,KL-PAM-01
1992-05-22,0.4,52.11,KL-PAM-01
1992-05-23,0.2,52.11,KL-PAM-01
1992-05-24,1.5,52.11,KL-PAM-01
1992-05-25,4.1,52.11,KL-PAM-01
1992-05-26,4.8,52.11,KL-PAM-01
1992-05-27,8.0,52.11,KL-PAM-01
1992-05-28,6.7,52.11,KL-PAM-01
1992-05-29,11.4,52.11,KL-PAM-01
1992-05-30,4.3,52.11,KL-PAM-01
1992-05-31,10.9,52.11,KL-PAM-01
1992-06-01,8.2,52.11,KL-PAM-01
1992-06-02,23.6,52.11,KL-PAM-01
1992-06-03,5.3,52.11,KL-PAM-01
1992-06-04,10.1,52.11,KL-PAM-01
1992-06-05,12.1,52.11,KL-PAM-01
1992-06-06,9.4,52.11,KL-PAM-01
1992-06-07,29.7,52.11,KL-PAM-01
1992-06-08,28.1,52.11,KL-PAM-01
1992-06-09,36.8,52.11,KL-PAM-01
1992-06-10,14.4,52.11,KL-PAM-01
1992-06-11,16.3,52.11,KL-PAM-01
1992-06-12,19.5,52.11,KL-PAM-01
1992-06-13,11.7,52.11,KL-PAM-01
1992-06-14,11.9,52.11,KL-PAM-01
1992-06-15,7.2,52.11,KL-PAM-01
1992-06-16,5.0,52.11,KL-PAM-01
1992-06-17,7.6,52.11,KL-PAM-01
1992-06-18,29.9,52.11,KL-PAM-01
1992-06-19,11.5,52.11,KL-PAM-01
1992-06-20,6.1,52.11,KL-PAM-01
1992-06-21,14.2,52.11,KL-PAM-01
1992-06-22,10.7,52.11,KL-PAM-01
1992-06-23,3.8,52.11,KL-PAM-01
1992-06-24,3.7,52.11,KL-PAM-01
1992-06-25,3.4,52.11,KL-PAM-01
1992-06-26,4.6,52.11,KL-PAM-01
1992-06-27,6.4,52.11,KL-PAM-01
1992-06-28,6.5,52.11,KL-PAM-01
1992-06-29,11.7,52.11,KL-PAM-01
1992-06-30,10.6,52.11,KL-PAM-01
1992-07-01,27.4,52.11,KL-PAM-01
1992-07-02,11.4,52.11,KL-PAM-01
1992-07-03,8.9,52.11,KL-PAM-01
1992-07-04,15.2,52.11,KL-PAM-01
1992-07-05,19.9,52.11,KL-PAM-01
1992-07-06,33.0,52.11,KL-PAM-01
1992-07-07,15.3,52.11,KL-PAM-01
1992-07-08,16.7,52.11,KL-PAM-01
1992-07-09,7.0,52.11,KL-PAM-01
1992-07-10,11.3,52.11,KL-PAM-01
1992-07-11,16.8,52.11,KL-PAM-01
1992-07-12,16.7,52.11,KL-PAM-01
1992-07-13,10.5,52.11,KL-PAM-01
1992-07-14,30.5,52.11,KL-PAM-01
1992-07-15,37.6,52.11,KL-PAM-01
1992-07-16,40.0,52.11,KL-PAM-01
1992-07-17,12.2,52.11,KL-PAM-01
1992-07-18,8.1,52.11,KL-PAM-01
1992-07-19,13.2,52.11,KL-PAM-01
1992-07-20,11.1,52.11,KL-PAM-01
1992-07-21,0.8,52.11,KL-PAM-01
1992-07-22,1.3,52.11,KL-PAM-01
1992-07-23,13.7,52.11,KL-PAM-01
1992-07-24,12.3,52.11,KL-PAM-01
1992-07-25,13.7,52.11,KL-PAM-01
1992-07-26,17.2,52.11,KL-PAM-01
1992-07-27,23.3,52.11,KL-PAM-01
1992-07-28,25.6,52.11,KL-PAM-01
1992-07-29,10.2,52.11,KL-PAM-01
1992-07-30,7.0,52.11,KL-PAM-01
1992-07-31,24.9,52.11,KL-PAM-01
1992-08-01,17.9,52.11,KL-PAM-01
1992-08-02,29.7,52.11,KL-PAM-01
1992-08-03,21.9,52.11,KL-PAM-01
1992-08-04,23.1,52.11,KL-PAM-01
1992-08-05,17.5,52.11,KL-PAM-01
1992-08-06,17.1,52.11,KL-PAM-01
1992-08-07,5.6,52.11,KL-PAM-01
1992-08-08,19.0,52.11,KL-PAM-01
1992-08-09,17.1,52.11,KL-PAM-01
1992-08-10,15.8,52.11,KL-PAM-01
1992-08-11,16.4,52.11,KL-PAM-01
1992-08-12,4.4,52.11,KL-PAM-01
1992-08-13,6.3,52.11,KL-PAM-01
1992-08-14,8.8,52.11,KL-PAM-01
1992-08-15,4.8,52.11,KL-PAM-01
1992-08-16,3.4,52.11,KL-PAM-01
1992-08-17,13.0,52.11,KL-PAM-01
1992-08-18,12.6,52.11,KL-PAM-01
1992-08-19,3.0,52.11,KL-PAM-01
1992-08-20,0.8,52.11,KL-PAM-01
1992-08-21,3.5,52.11,KL-PAM-01
1992-08-22,3.4,52.11,KL-PAM-01
1992-08-23,2.5,52.11,KL-PAM-01
1992-08-24,12.3,52.11,KL-PAM-01
1992-08-25,1.4,52.11,KL-PAM-01
1992-08-26,3.7,52.11,KL-PAM-01
1992-08-27,11.5,52.11,KL-PAM-01
1992-08-28,9.5,52.11,KL-PAM-01
1992-08-29,22.3,52.11,KL-PAM-01
1992-08-30,20.3,52.11,KL-PAM-01
1992-08-31,13.3,52.11,KL-PAM-01
1992-09-01,17.4,52.11,KL-PAM-01
1992-09-02,16.5,52.11,KL-PAM-01
1992-09-03,3.2,52.11,KL-PAM-01
1992-09-04,2.3,52.11,KL-PAM-01
1992-09-05,3.6,52.11,KL-PAM-01
1992-09-06,13.5,52.11,KL-PAM-01
1992-09-07,4.0,52.11,KL-PAM-01
1992-09-08,8.4,52.11,KL-PAM-01
1992-09-09,7.3,52.11,KL-PAM-01
1992-09-10,1.1,52.11,KL-PAM-01
1992-09-11,1.9,52.11,KL-PAM-01
1992-09-12,2.2,52.11,KL-PAM-01
1992-09-13,1.3,52.11,KL-PAM-01
1992-09-14,1.0,52.11,KL-PAM-01
1992-09-15,2.1,52.11,KL-PAM-01
1992-09-16,4.4,52.11,KL-PAM-01
1992-09-17,5.8,52.11,KL-PAM-01
1992-09-18,2.1,52.11,KL-PAM-01
1992-09-19,3.7,52.11,KL-PAM-01
1992-09-20,2.1,52.11,KL-PAM-01
1992-09-21,10.9,52.11,KL-PAM-01
1992-09-22,14.4,52.11,KL-PAM-01
1992-09-23,14.8,52.11,KL-PAM-01
1992-09-24,12.2,52.11,KL-PAM-01
1992-09-25,13.3,52.11,KL-PAM-01
1992-09-26,40.5,52.11,KL-PAM-01
1992-09-27,29.5,52.11,KL-PAM-01
1992-09-28,22.9,52.11,KL-PAM-01
1992-09-29,13.1,52.11,KL-PAM-01
1992-09-30,0.7,52.11,KL-PAM-01
1992-10-01,3.2,52.11,KL-PAM-01
1992-10-02,23.2,52.11,KL-PAM-01
1992-10-03,8.7,52.11,KL-PAM-01
1992-10-04,7.0,52.11,KL-PAM-01
1992-10-05,13.3,52.11,KL-PAM-01
1992-10-06,12.7,52.11,KL-PAM-01
1992-10-07,13.5,52.11,KL-PAM-01
1992-10-08,20.0,52.11,KL-PAM-01
1992-10-09,39.2,52.11,KL-PAM-01
1992-10-10,15.8,52.11,KL-PAM-01
1992-10-11,3.2,52.11,KL-PAM-01
1992-10-12,2.8,52.11,KL-PAM-01
1992-10-13,13.1,52.11,KL-PAM-01
1992-10-14,3.7,52.11,KL-PAM-01
1992-10-15,1.7,52.11,KL-PAM-01
1992-10-16,1.2,52.11,KL-PAM-01
1992-10-17,0.4,52.11,KL-PAM-01
1992-10-18,0.0,52.11,KL-PAM-01
1992-10-19,1.2,52.11,KL-PAM-01
1992-10-20,0.8,52.11,KL-PAM-01
1992-10-21,0.8,52.11,KL-PAM-01
1992-10-22,1.5,52.11,KL-PAM-01
1992-10-23,1.1,52.11,KL-PAM-01
1992-10-24,2.0,52.11,KL-PAM-01
1992-10-25,2.2,52.11,KL-PAM-01
1992-10-26,2.1,52.11,KL-PAM-01
1992-10-27,1.0,52.11,KL-PAM-01
1992-10-28,0.8,52.11,KL-PAM-01
1992-10-29,0.7,52.11,KL-PAM-01
1992-10-30,1.0,52.11,KL-PAM-01
1992-10-31,2.5,52.11,KL-PAM-01
1992-11-01,3.3,52.11,KL-PAM-01
1992-11-02,18.6,52.11,KL-PAM-01
1992-11-03,7.6,52.11,KL-PAM-01
1992-11-04,4.1,52.11,KL-PAM-01
1992-11-05,5.3,52.11,KL-PAM-01
1992-11-06,8.4,52.11,KL-PAM-01
1992-11-07,8.5,52.11,KL-PAM-01
1992-11-08,20.0,52.11,KL-PAM-01
1992-11-09,5.9,52.11,KL-PAM-01
1992-11-10,6.4,52.11,KL-PAM-01
1992-11-11,1.7,52.11,KL-PAM-01
1992-11-12,4.7,52.11,KL-PAM-01
1992-11-13,136.9,52.11,KL-PAM-01
1992-11-14,87.5,52.11,KL-PAM-01
1992-11-15,11.6,52.11,KL-PAM-01
1992-11-16,2.0,52.11,KL-PAM-01
1992-11-17,3.1,52.11,KL-PAM-01
1992-11-18,3.8,52.11,KL-PAM-01
1992-11-19,7.0,52.11,KL-PAM-01
1992-11-20,10.1,52.11,KL-PAM-01
1992-11-21,1.1,52.11,KL-PAM-01
1992-11-22,3.2,52.11,KL-PAM-01
1992-11-23,1.3,52.11,KL-PAM-01
1992-11-24,0.7,52.11,KL-PAM-01
1992-11-25,0.3,52.11,KL-PAM-01
1992-11-26,0.9,52.11,KL-PAM-01
1992-11-27,0.3,52.11,KL-PAM-01
1992-11-28,0.0,52.11,KL-PAM-01
1992-11-29,2.0,52.11,KL-PAM-01
1992-11-30,0.9,52.11,KL-PAM-01
1992-12-01,0.3,52.11,KL-PAM-01
1992-12-02,0.0,52.11,KL-PAM-01
1992-12-03,0.6,52.11,KL-PAM-01
1992-12-04,1.6,52.11,KL-PAM-01
1992-12-05,0.2,52.11,KL-PAM-01
1992-12-06,0.0,52.11,KL-PAM-01
1992-12-07,0.5,52.11,KL-PAM-01
1992-12-08,0.0,52.11,KL-PAM-01
1992-12-09,0.0,52.11,KL-PAM-01
1992-12-10,0.0,52.11,KL-PAM-01
1992-12-11,0.0,52.11,KL-PAM-01
1992-12-12,0.0,52.11,KL-PAM-01
1992-12-13,0.0,52.11,KL-PAM-01
1992-12-14,0.0,52.11,KL-PAM-01
1992-12-15,0.2,52.11,KL-PAM-01
1992-12-16,0.0,52.11,KL-PAM-01
1992-12-17,0.6,52.11,KL-PAM-01
1992-12-18,1.4,52.11,KL-PAM-01
1992-12-19,3.0,52.11,KL-PAM-01
1992-12-20,0.0,52.11,KL-PAM-01
1992-12-21,0.0,52.11,KL-PAM-01
1992-12-22,0.0,52.11,KL-PAM-01
1992-12-23,0.0,52.11,KL-PAM-01
1992-12-24,0.0,52.11,KL-PAM-01
1992-12-25,0.0,52.11,KL-PAM-01
1992-12-26,0.0,52.11,KL-PAM-01
1992-12-27,0.0,52.11,KL-PAM-01
1992-12-28,0.0,52.11,KL-PAM-01
1992-12-29,0.0,52.11,KL-PAM-01
1992-12-30,0.0,52.11,KL-PAM-01
1992-12-31,0.0,52.11,KL-PAM-01
1993-01-01,0.0,52.11,KL-PAM-01
1993-01-02,0.0,52.11,KL-PAM-01
1993-01-03,0.0,52.11,KL-PAM-01
1993-01-04,0.0,52.11,KL-PAM-01
1993-01-05,0.0,52.11,KL-PAM-01
1993-01-06,0.0,52.11,KL-PAM-01
1993-01-07,0.0,52.11,KL-PAM-01
1993-01-08,0.0,52.11,KL-PAM-01
1993-01-09,0.0,52.11,KL-PAM-01
1993-01-10,0.0,52.11,KL-PAM-01
1993-01-11,0.0,52.11,KL-PAM-01
1993-01-12,0.0,52.11,KL-PAM-01
1993-01-13,0.0,52.11,KL-PAM-01
1993-01-14,0.0,52.11,KL-PAM-01
1993-01-15,0.2,52.11,KL-PAM-01
1993-01-16,0.0,52.11,KL-PAM-01
1993-01-17,0.0,52.11,KL-PAM-01
1993-01-18,0.0,52.11,KL-PAM-01
1993-01-19,0.0,52.11,KL-PAM-01
1993-01-20,0.3,52.11,KL-PAM-01
1993-01-21,0.1,52.11,KL-PAM-01
1993-01-22,0.2,52.11,KL-PAM-01
1993-01-23,0.1,52.11,KL-PAM-01
1993-01-24,0.0,52.11,KL-PAM-01
1993-01-25,0.0,52.11,KL-PAM-01
1993-01-26,1.2,52.11,KL-PAM-01
1993-01-27,0.0,52.11,KL-PAM-01
1993-01-28,0.0,52.11,KL-PAM-01
1993-01-29,0.1,52.11,KL-PAM-01
1993-01-30,0.0,52.11,KL-PAM-01
1993-01-31,0.0,52.11,KL-PAM-01
1993-02-01,0.0,52.11,KL-PAM-01
1993-02-02,0.0,52.11,KL-PAM-01
1993-02-03,0.0,52.11,KL-PAM-01
1993-02-04,0.0,52.11,KL-PAM-01
1993-02-05,0.0,52.11,KL-PAM-01
1993-02-06,0.0,52.11,KL-PAM-01
1993-02-07,0.0,52.11,KL-PAM-01
1993-02-08,0.4,52.11,KL-PAM-01
1993-02-09,0.2,52.11,KL-PAM-01
1993-02-10,0.7,52.11,KL-PAM-01
1993-02-11,1.4,52.11,KL-PAM-01
1993-02-12,0.0,52.11,KL-PAM-01
1993-02-13,0.0,52.11,KL-PAM-01
1993-02-14,0.0,52.11,KL-PAM-01
1993-02-15,1.2,52.11,KL-PAM-01
1993-02-16,0.4,52.11,KL-PAM-01
1993-02-17,1.9,52.11,KL-PAM-01
1993-02-18,0.0,52.11,KL-PAM-01
1993-02-19,0.0,52.11,KL-PAM-01
1993-02-20,0.0,52.11,KL-PAM-01
1993-02-21,0.3,52.11,KL-PAM-01
1993-02-22,0.6,52.11,KL-PAM-01
1993-02-23,4.2,52.11,KL-PAM-01
1993-02-24,3.0,52.11,KL-PAM-01
1993-02-25,0.9,52.11,KL-PAM-01
1993-02-26,0.4,52.11,KL-PAM-01
1993-02-27,1.5,52.11,KL-PAM-01
1993-02-28,1.6,52.11,KL-PAM-01
1993-03-01,0.2,52.11,KL-PAM-01
1993-03-02,0.2,52.11,KL-PAM-01
1993-03-03,1.2,52.11,KL-PAM-01
1993-03-04,0.0,52.11,KL-PAM-01
1993-03-05,0.4,52.11,KL-PAM-01
1993-03-06,0.0,52.11,KL-PAM-01
1993-03-07,0.0,52.11,KL-PAM-01
1993-03-08,0.4,52.11,KL-PAM-01
1993-03-09,2.3,52.11,KL-PAM-01
1993-03-10,1.0,52.11,KL-PAM-01
1993-03-11,2.1,52.11,KL-PAM-01
1993-03-12,5.5,52.11,KL-PAM-01
1993-03-13,2.5,52.11,KL-PAM-01
1993-03-14,0.0,52.11,KL-PAM-01
1993-03-15,1.4,52.11,KL-PAM-01
1993-03-16,0.3,52.11,KL-PAM-01
1993-03-17,2.0,52.11,KL-PAM-01
1993-03-18,1.2,52.11,KL-PAM-01
1993-03-19,0.5,52.11,KL-PAM-01
1993-03-20,0.5,52.11,KL-PAM-01
1993-03-21,1.3,52.11,KL-PAM-01
1993-03-22,3.2,52.11,KL-PAM-01
1993-03-23,7.4,52.11,KL-PAM-01
1993-03-24,6.1,52.11,KL-PAM-01
1993-03-25,2.1,52.11,KL-PAM-01
1993-03-26,2.7,52.11,KL-PAM-01
1993-03-27,0.8,52.11,KL-PAM-01
1993-03-28,0.0,52.11,KL-PAM-01
1993-03-29,2.0,52.11,KL-PAM-01
1993-03-30,1.1,52.11,KL-PAM-01
1993-03-31,5.0,52.11,KL-PAM-01
1993-04-01,1.5,52.11,KL-PAM-01
1993-04-02,0.4,52.11,KL-PAM-01
1993-04-03,2.1,52.11,KL-PAM-01
1993-04-04,2.8,52.11,KL-PAM-01
1993-04-05,2.8,52.11,KL-PAM-01
1993-04-06,6.7,52.11,KL-PAM-01
1993-04-07,6.4,52.11,KL-PAM-01
1993-04-08,0.8,52.11,KL-PAM-01
1993-04-09,3.4,52.11,KL-PAM-01
1993-04-10,5.8,52.11,KL-PAM-01
1993-04-11,5.1,52.11,KL-PAM-01
1993-04-12,5.9,52.11,KL-PAM-01
1993-04-13,1.7,52.11,KL-PAM-01
1993-04-14,5.1,52.11,KL-PAM-01
1993-04-15,4.3,52.11,KL-PAM-01
1993-04-16,6.1,52.11,KL-PAM-01
1993-04-17,2.9,52.11,KL-PAM-01
1993-04-18,2.5,52.11,KL-PAM-01
1993-04-19,4.9,52.11,KL-PAM-01
1993-04-20,2.6,52.11,KL-PAM-01
1993-04-21,0.8,52.11,KL-PAM-01
1993-04-22,0.7,52.11,KL-PAM-01
1993-04-23,3.1,52.11,KL-PAM-01
1993-04-24,3.0,52.11,KL-PAM-01
1993-04-25,10.7,52.11,KL-PAM-01
1993-04-26,7.4,52.11,KL-PAM-01
1993-04-27,3.0,52.11,KL-PAM-01
1993-04-28,4.1,52.11,KL-PAM-01
1993-04-29,2.3,52.11,KL-PAM-01
1993-04-30,1.0,52.11,KL-PAM-01
1993-05-01,0.3,52.11,KL-PAM-01
1993-05-02,2.8,52.11,KL-PAM-01
1993-05-03,2.8,52.11,KL-PAM-01
1993-05-04,2.4,52.11,KL-PAM-01
1993-05-05,9.6,52.11,KL-PAM-01
1993-05-06,6.8,52.11,KL-PAM-01
1993-05-07,1.9,52.11,KL-PAM-01
1993-05-08,6.6,52.11,KL-PAM-01
1993-05-09,0.9,52.11,KL-PAM-01
1993-05-10,1.4,52.11,KL-PAM-01
1993-05-11,0.5,52.11,KL-PAM-01
1993-05-12,7.1,52.11,KL-PAM-01
1993-05-13,6.3,52.11,KL-PAM-01
1993-05-14,5.9,52.11,KL-PAM-01
1993-05-15,12.0,52.11,KL-PAM-01
1993-05-16,20.5,52.11,KL-PAM-01
1993-05-17,11.9,52.11,KL-PAM-01
1993-05-18,8.9,52.11,KL-PAM-01
1993-05-19,6.1,52.11,KL-PAM-01
1993-05-20,6.0,52.11,KL-PAM-01
1993-05-21,12.3,52.11,KL-PAM-01
1993-05-22,3.7,52.11,KL-PAM-01
1993-05-23,10.5,52.11,KL-PAM-01
1993-05-24,12.7,52.11,KL-PAM-01
1993-05-25,10.5,52.11,KL-PAM-01
1993-05-26,17.1,52.11,KL-PAM-01
1993-05-27,17.3,52.11,KL-PAM-01
1993-05-28,25.0,52.11,KL-PAM-01
1993-05-29,21.7,52.11,KL-PAM-01
1993-05-30,12.4,52.11,KL-PAM-01
1993-05-31,16.6,52.11,KL-PAM-01
1993-06-01,3.3,52.11,KL-PAM-01
1993-06-02,9.3,52.11,KL-PAM-01
1993-06-03,15.5,52.11,KL-PAM-01
1993-06-04,46.2,52.11,KL-PAM-01
1993-06-05,17.1,52.11,KL-PAM-01
1993-06-06,23.7,52.11,KL-PAM-01
1993-06-07,10.7,52.11,KL-PAM-01
1993-06-08,8.4,52.11,KL-PAM-01
1993-06-09,16.9,52.11,KL-PAM-01
1993-06-10,7.6,52.11,KL-PAM-01
1993-06-11,4.4,52.11,KL-PAM-01
1993-06-12,5.2,52.11,KL-PAM-01
1993-06-13,6.0,52.11,KL-PAM-01
1993-06-14,9.0,52.11,KL-PAM-01
1993-06-15,10.7,52.11,KL-PAM-01
1993-06-16,6.1,52.11,KL-PAM-01
1993-06-17,8.6,52.11,KL-PAM-01
1993-06-18,8.8,52.11,KL-PAM-01
1993-06-19,5.4,52.11,KL-PAM-01
1993-06-20,6.7,52.11,KL-PAM-01
1993-06-21,7.4,52.11,KL-PAM-01
1993-06-22,7.9,52.11,KL-PAM-01
1993-06-23,3.2,52.11,KL-PAM-01
1993-06-24,2.1,52.11,KL-PAM-01
1993-06-25,8.5,52.11,KL-PAM-01
1993-06-26,24.7,52.11,KL-PAM-01
1993-06-27,41.1,52.11,KL-PAM-01
1993-06-28,18.1,52.11,KL-PAM-01
1993-06-29,30.3,52.11,KL-PAM-01
1993-06-30,23.8,52.11,KL-PAM-01
1993-07-01,37.4,52.11,KL-PAM-01
1993-07-02,19.5,52.11,KL-PAM-01
1993-07-03,11.3,52.11,KL-PAM-01
1993-07-04,10.2,52.11,KL-PAM-01
1993-07-05,9.1,52.11,KL-PAM-01
1993-07-06,5.5,52.11,KL-PAM-01
1993-07-07,23.4,52.11,KL-PAM-01
1993-07-08,16.6,52.11,KL-PAM-01
1993-07-09,13.5,52.11,KL-PAM-01
1993-07-10,10.6,52.11,KL-PAM-01
1993-07-11,18.6,52.11,KL-PAM-01
1993-07-12,10.1,52.11,KL-PAM-01
1993-07-13,5.2,52.11,KL-PAM-01
1993-07-14,7.6,52.11,KL-PAM-01
1993-07-15,18.5,52.11,KL-PAM-01
1993-07-16,36.8,52.11,KL-PAM-01
1993-07-17,35.9,52.11,KL-PAM-01
1993-07-18,16.1,52.11,KL-PAM-01
1993-07-19,10.9,52.11,KL-PAM-01
1993-07-20,15.0,52.11,KL-PAM-01
1993-07-21,12.6,52.11,KL-PAM-01
1993-07-22,26.7,52.11,KL-PAM-01
1993-07-23,19.1,52.11,KL-PAM-01
1993-07-24,19.3,52.11,KL-PAM-01
1993-07-25,16.8,52.11,KL-PAM-01
1993-07-26,11.0,52.11,KL-PAM-01
1993-07-27,4.4,52.11,KL-PAM-01
1993-07-28,3.0,52.11,KL-PAM-01
1993-07-29,7.7,52.11,KL-PAM-01
1993-07-30,6.0,52.11,KL-PAM-01
1993-07-31,10.6,52.11,KL-PAM-01
1993-08-01,3.2,52.11,KL-PAM-01
1993-08-02,6.6,52.11,KL-PAM-01
1993-08-03,10.6,52.11,KL-PAM-01
1993-08-04,4.4,52.11,KL-PAM-01
1993-08-05,4.2,52.11,KL-PAM-01
1993-08-06,6.0,52.11,KL-PAM-01
1993-08-07,1.3,52.11,KL-PAM-01
1993-08-08,3.9,52.11,KL-PAM-01
1993-08-09,3.3,52.11,KL-PAM-01
1993-08-10,1.4,52.11,KL-PAM-01
1993-08-11,6.1,52.11,KL-PAM-01
1993-08-12,1.1,52.11,KL-PAM-01
1993-08-13,9.0,52.11,KL-PAM-01
1993-08-14,2.7,52.11,KL-PAM-01
1993-08-15,3.0,52.11,KL-PAM-01
1993-08-16,6.2,52.11,KL-PAM-01
1993-08-17,5.5,52.11,KL-PAM-01
1993-08-18,1.8,52.11,KL-PAM-01
1993-08-19,5.0,52.11,KL-PAM-01
1993-08-20,4.4,52.11,KL-PAM-01
1993-08-21,3.0,52.11,KL-PAM-01
1993-08-22,3.2,52.11,KL-PAM-01
1993-08-23,1.5,52.11,KL-PAM-01
1993-08-24,6.4,52.11,KL-PAM-01
1993-08-25,6.4,52.11,KL-PAM-01
1993-08-26,19.1,52.11,KL-PAM-01
1993-08-27,12.5,52.11,KL-PAM-01
1993-08-28,4.4,52.11,KL-PAM-01
1993-08-29,20.6,52.11,KL-PAM-01
1993-08-30,14.2,52.11,KL-PAM-01
1993-08-31,23.1,52.11,KL-PAM-01
1993-09-01,9.2,52.11,KL-PAM-01
1993-09-02,0.6,52.11,KL-PAM-01
1993-09-03,22.7,52.11,KL-PAM-01
1993-09-04,9.6,52.11,KL-PAM-01
1993-09-05,5.5,52.11,KL-PAM-01
1993-09-06,2.1,52.11,KL-PAM-01
1993-09-07,1.8,52.11,KL-PAM-01
1993-09-08,1.4,52.11,KL-PAM-01
1993-09-09,2.4,52.11,KL-PAM-01
1993-09-10,1.6,52.11,KL-PAM-01
1993-09-11,3.3,52.11,KL-PAM-01
1993-09-12,4.1,52.11,KL-PAM-01
1993-09-13,5.8,52.11,KL-PAM-01
1993-09-14,2.6,52.11,KL-PAM-01
1993-09-15,2.0,52.11,KL-PAM-01
1993-09-16,2.9,52.11,KL-PAM-01
1993-09-17,12.1,52.11,KL-PAM-01
1993-09-18,6.3,52.11,KL-PAM-01
1993-09-19,6.7,52.11,KL-PAM-01
1993-09-20,4.0,52.11,KL-PAM-01
1993-09-21,7.2,52.11,KL-PAM-01
1993-09-22,2.2,52.11,KL-PAM-01
1993-09-23,2.1,52.11,KL-PAM-01
1993-09-24,2.9,52.11,KL-PAM-01
1993-09-25,1.0,52.11,KL-PAM-01
1993-09-26,6.0,52.11,KL-PAM-01
1993-09-27,5.3,52.11,KL-PAM-01
1993-09-28,25.8,52.11,KL-PAM-01
1993-09-29,15.7,52.11,KL-PAM-01
1993-09-30,4.1,52.11,KL-PAM-01
1993-10-01,3.9,52.11,KL-PAM-01
1993-10-02,25.2,52.11,KL-PAM-01
1993-10-03,17.4,52.11,KL-PAM-01
1993-10-04,5.0,52.11,KL-PAM-01
1993-10-05,23.7,52.11,KL-PAM-01
1993-10-06,27.0,52.11,KL-PAM-01
1993-10-07,19.0,52.11,KL-PAM-01
1993-10-08,8.3,52.11,KL-PAM-01
1993-10-09,13.3,52.11,KL-PAM-01
1993-10-10,21.5,52.11,KL-PAM-01
1993-10-11,31.5,52.11,KL-PAM-01
1993-10-12,22.0,52.11,KL-PAM-01
1993-10-13,15.5,52.11,KL-PAM-01
1993-10-14,0.8,52.11,KL-PAM-01
1993-10-15,0.5,52.11,KL-PAM-01
1993-10-16,0.0,52.11,KL-PAM-01
1993-10-17,9.1,52.11,KL-PAM-01
1993-10-18,7.7,52.11,KL-PAM-01
1993-10-19,5.6,52.11,KL-PAM-01
1993-10-20,7.5,52.11,KL-PAM-01
1993-10-21,9.5,52.11,KL-PAM-01
1993-10-22,13.5,52.11,KL-PAM-01
1993-10-23,0.7,52.11,KL-PAM-01
1993-10-24,5.7,52.11,KL-PAM-01
1993-10-25,1.7,52.11,KL-PAM-01
1993-10-26,5.4,52.11,KL-PAM-01
1993-10-27,2.8,52.11,KL-PAM-01
1993-10-28,4.5,52.11,KL-PAM-01
1993-10-29,8.4,52.11,KL-PAM-01
1993-10-30,13.6,52.11,KL-PAM-01
1993-10-31,14.6,52.11,KL-PAM-01
1993-11-01,5.5,52.11,KL-PAM-01
1993-11-02,8.1,52.11,KL-PAM-01
1993-11-03,36.7,52.11,KL-PAM-01
1993-11-04,25.0,52.11,KL-PAM-01
1993-11-05,12.1,52.11,KL-PAM-01
1993-11-06,3.4,52.11,KL-PAM-01
1993-11-07,8.2,52.11,KL-PAM-01
1993-11-08,30.8,52.11,KL-PAM-01
1993-11-09,8.2,52.11,KL-PAM-01
1993-11-10,14.2,52.11,KL-PAM-01
1993-11-11,19.5,52.11,KL-PAM-01
1993-11-12,1.0,52.11,KL-PAM-01
1993-11-13,1.0,52.11,KL-PAM-01
1993-11-14,1.7,52.11,KL-PAM-01
1993-11-15,0.7,52.11,KL-PAM-01
1993-11-16,1.5,52.11,KL-PAM-01
1993-11-17,10.9,52.11,KL-PAM-01
1993-11-18,12.2,52.11,KL-PAM-01
1993-11-19,23.4,52.11,KL-PAM-01
1993-11-20,1.2,52.11,KL-PAM-01
1993-11-21,1.9,52.11,KL-PAM-01
1993-11-22,0.4,52.11,KL-PAM-01
1993-11-23,0.1,52.11,KL-PAM-01
1993-11-24,19.2,52.11,KL-PAM-01
1993-11-25,20.0,52.11,KL-PAM-01
1993-11-26,1.0,52.11,KL-PAM-01
1993-11-27,4.7,52.11,KL-PAM-01
1993-11-28,0.0,52.11,KL-PAM-01
1993-11-29,6.2,52.11,KL-PAM-01
1993-11-30,1.5,52.11,KL-PAM-01
1993-12-01,3.0,52.11,KL-PAM-01
1993-12-02,4.0,52.11,KL-PAM-01
1993-12-03,2.0,52.11,KL-PAM-01
1993-12-04,3.4,52.11,KL-PAM-01
1993-12-05,0.7,52.11,KL-PAM-01
1993-12-06,2.2,52.11,KL-PAM-01
1993-12-07,3.5,52.11,KL-PAM-01
1993-12-08,0.4,52.11,KL-PAM-01
1993-12-09,0.1,52.11,KL-PAM-01
1993-12-10,4.4,52.11,KL-PAM-01
1993-12-11,1.7,52.11,KL-PAM-01
1993-12-12,0.0,52.11,KL-PAM-01
1993-12-13,0.0,52.11,KL-PAM-01
1993-12-14,0.0,52.11,KL-PAM-01
1993-12-15,0.8,52.11,KL-PAM-01
1993-12-16,15.9,52.11,KL-PAM-01
1993-12-17,0.2,52.11,KL-PAM-01
1993-12-18,5.9,52.11,KL-PAM-01
1993-12-19,0.2,52.11,KL-PAM-01
1993-12-20,0.6,52.11,KL-PAM-01
1993-12-21,5.4,52.11,KL-PAM-01
1993-12-22,12.9,52.11,KL-PAM-01
1993-12-23,3.7,52.11,KL-PAM-01
1993-12-24,0.0,52.11,KL-PAM-01
1993-12-25,0.9,52.11,KL-PAM-01
1993-12-26,3.0,52.11,KL-PAM-01
1993-12-27,0.0,52.11,KL-PAM-01
1993-12-28,0.8,52.11,KL-PAM-01
1993-12-29,7.0,52.11,KL-PAM-01
1993-12-30,1.7,52.11,KL-PAM-01
1993-12-31,1.2,52.11,KL-PAM-01
1994-01-01,0.0,52.11,KL-PAM-01
1994-01-02,0.0,52.11,KL-PAM-01
1994-01-03,0.0,52.11,KL-PAM-01
1994-01-04,0.0,52.11,KL-PAM-01
1994-01-05,0.1,52.11,KL-PAM-01
1994-01-06,0.4,52.11,KL-PAM-01
1994-01-07,0.5,52.11,KL-PAM-01
1994-01-08,0.7,52.11,KL-PAM-01
1994-01-09,0.2,52.11,KL-PAM-01
1994-01-10,0.0,52.11,KL-PAM-01
1994-01-11,0.0,52.11,KL-PAM-01
1994-01-12,0.2,52.11,KL-PAM-01
1994-01-13,1.0,52.11,KL-PAM-01
1994-01-14,0.1,52.11,KL-PAM-01
1994-01-15,2.6,52.11,KL-PAM-01
1994-01-16,16.6,52.11,KL-PAM-01
1994-01-17,7.9,52.11,KL-PAM-01
1994-01-18,4.8,52.11,KL-PAM-01
1994-01-19,0.9,52.11,KL-PAM-01
1994-01-20,0.8,52.11,KL-PAM-01
1994-01-21,0.0,52.11,KL-PAM-01
1994-01-22,0.0,52.11,KL-PAM-01
1994-01-23,0.0,52.11,KL-PAM-01
1994-01-24,0.0,52.11,KL-PAM-01
1994-01-25,0.0,52.11,KL-PAM-01
1994-01-26,0.0,52.11,KL-PAM-01
1994-01-27,0.0,52.11,KL-PAM-01
1994-01-28,0.0,52.11,KL-PAM-01
1994-01-29,0.0,52.11,KL-PAM-01
1994-01-30,0.2,52.11,KL-PAM-01
1994-01-31,0.1,52.11,KL-PAM-01
1994-02-01,0.5,52.11,KL-PAM-01
1994-02-02,0.7,52.11,KL-PAM-01
1994-02-03,0.0,52.11,KL-PAM-01
1994-02-04,0.0,52.11,KL-PAM-01
1994-02-05,0.1,52.11,KL-PAM-01
1994-02-06,2.2,52.11,KL-PAM-01
1994-02-07,3.7,52.11,KL-PAM-01
1994-02-08,7.1,52.11,KL-PAM-01
1994-02-09,14.7,52.11,KL-PAM-01
1994-02-10,10.0,52.11,KL-PAM-01
1994-02-11,1.0,52.11,KL-PAM-01
1994-02-12,1.4,52.11,KL-PAM-01
1994-02-13,3.5,52.11,KL-PAM-01
1994-02-14,3.3,52.11,KL-PAM-01
1994-02-15,1.2,52.11,KL-PAM-01
1994-02-16,0.6,52.11,KL-PAM-01
1994-02-17,0.1,52.11,KL-PAM-01
1994-02-18,0.6,52.11,KL-PAM-01
1994-02-19,0.0,52.11,KL-PAM-01
1994-02-20,0.5,52.11,KL-PAM-01
1994-02-21,0.8,52.11,KL-PAM-01
1994-02-22,0.1,52.11,KL-PAM-01
1994-02-23,1.2,52.11,KL-PAM-01
1994-02-24,0.2,52.11,KL-PAM-01
1994-02-25,0.7,52.11,KL-PAM-01
1994-02-26,0.0,52.11,KL-PAM-01
1994-02-27,0.2,52.11,KL-PAM-01
1994-02-28,0.2,52.11,KL-PAM-01
1994-03-01,0.5,52.11,KL-PAM-01
1994-03-02,0.2,52.11,KL-PAM-01
1994-03-03,0.0,52.11,KL-PAM-01
1994-03-04,0.0,52.11,KL-PAM-01
1994-03-05,0.3,52.11,KL-PAM-01
1994-03-06,0.2,52.11,KL-PAM-01
1994-03-07,0.0,52.11,KL-PAM-01
1994-03-08,0.0,52.11,KL-PAM-01
1994-03-09,0.0,52.11,KL-PAM-01
1994-03-10,0.0,52.11,KL-PAM-01
1994-03-11,0.0,52.11,KL-PAM-01
1994-03-12,0.1,52.11,KL-PAM-01
1994-03-13,0.3,52.11,KL-PAM-01
1994-03-14,0.2,52.11,KL-PAM-01
1994-03-15,1.4,52.11,KL-PAM-01
1994-03-16,2.3,52.11,KL-PAM-01
1994-03-17,1.8,52.11,KL-PAM-01
1994-03-18,2.9,52.11,KL-PAM-01
1994-03-19,1.8,52.11,KL-PAM-01
1994-03-20,2.2,52.11,KL-PAM-01
1994-03-21,7.0,52.11,KL-PAM-01
1994-03-22,6.3,52.11,KL-PAM-01
1994-03-23,4.1,52.11,KL-PAM-01
1994-03-24,5.3,52.11,KL-PAM-01
1994-03-25,5.0,52.11,KL-PAM-01
1994-03-26,3.0,52.11,KL-PAM-01
1994-03-27,4.9,52.11,KL-PAM-01
1994-03-28,3.0,52.11,KL-PAM-01
1994-03-29,4.6,52.11,KL-PAM-01
1994-03-30,2.0,52.11,KL-PAM-01
1994-03-31,12.4,52.11,KL-PAM-01
1994-04-01,17.8,52.11,KL-PAM-01
1994-04-02,6.7,52.11,KL-PAM-01
1994-04-03,7.6,52.11,KL-PAM-01
1994-04-04,11.4,52.11,KL-PAM-01
1994-04-05,7.5,52.11,KL-PAM-01
1994-04-06,11.3,52.11,KL-PAM-01
1994-04-07,8.7,52.11,KL-PAM-01
1994-04-08,6.8,52.11,KL-PAM-01
1994-04-09,4.7,52.11,KL-PAM-01
1994-04-10,9.3,52.11,KL-PAM-01
1994-04-11,8.0,52.11,KL-PAM-01
1994-04-12,2.7,52.11,KL-PAM-01
1994-04-13,9.2,52.11,KL-PAM-01
1994-04-14,0.0,52.11,KL-PAM-01
1994-04-15,8.9,52.11,KL-PAM-01
1994-04-16,7.9,52.11,KL-PAM-01
1994-04-17,2.9,52.11,KL-PAM-01
1994-04-18,3.9,52.11,KL-PAM-01
1994-04-19,1.2,52.11,KL-PAM-01
1994-04-20,2.5,52.11,KL-PAM-01
1994-04-21,1.4,52.11,KL-PAM-01
1994-04-22,0.0,52.11,KL-PAM-01
1994-04-23,3.7,52.11,KL-PAM-01
1994-04-24,1.8,52.11,KL-PAM-01
1994-04-25,1.0,52.11,KL-PAM-01
1994-04-26,5.2,52.11,KL-PAM-01
1994-04-27,8.5,52.11,KL-PAM-01
1994-04-28,5.8,52.11,KL-PAM-01
1994-04-29,5.4,52.11,KL-PAM-01
1994-04-30,4.4,52.11,KL-PAM-01
1994-05-01,0.8,52.11,KL-PAM-01
1994-05-02,0.0,52.11,KL-PAM-01
1994-05-03,1.3,52.11,KL-PAM-01
1994-05-04,2.1,52.11,KL-PAM-01
1994-05-05,4.3,52.11,KL-PAM-01
1994-05-06,3.4,52.11,KL-PAM-01
1994-05-07,16.6,52.11,KL-PAM-01
1994-05-08,13.5,52.11,KL-PAM-01
1994-05-09,16.1,52.11,KL-PAM-01
1994-05-10,2.4,52.11,KL-PAM-01
1994-05-11,1.4,52.11,KL-PAM-01
1994-05-12,1.0,52.11,KL-PAM-01
1994-05-13,3.4,52.11,KL-PAM-01
1994-05-14,7.4,52.11,KL-PAM-01
1994-05-15,4.7,52.11,KL-PAM-01
1994-05-16,9.1,52.11,KL-PAM-01
1994-05-17,12.1,52.11,KL-PAM-01
1994-05-18,2.9,52.11,KL-PAM-01
1994-05-19,0.8,52.11,KL-PAM-01
1994-05-20,4.3,52.11,KL-PAM-01
1994-05-21,1.4,52.11,KL-PAM-01
1994-05-22,9.7,52.11,KL-PAM-01
1994-05-23,12.9,52.11,KL-PAM-01
1994-05-24,11.8,52.11,KL-PAM-01
1994-05-25,4.7,52.11,KL-PAM-01
1994-05-26,22.3,52.11,KL-PAM-01
1994-05-27,18.5,52.11,KL-PAM-01
1994-05-28,47.6,52.11,KL-PAM-01
1994-05-29,32.2,52.11,KL-PAM-01
1994-05-30,43.0,52.11,KL-PAM-01
1994-05-31,35.1,52.11,KL-PAM-01
1994-06-01,21.0,52.11,KL-PAM-01
1994-06-02,19.6,52.11,KL-PAM-01
1994-06-03,19.0,52.11,KL-PAM-01
1994-06-04,17.5,52.11,KL-PAM-01
1994-06-05,36.6,52.11,KL-PAM-01
1994-06-06,32.9,52.11,KL-PAM-01
1994-06-07,24.3,52.11,KL-PAM-01
1994-06-08,26.4,52.11,KL-PAM-01
1994-06-09,18.1,52.11,KL-PAM-01
1994-06-10,22.5,52.11,KL-PAM-01
1994-06-11,13.0,52.11,KL-PAM-01
1994-06-12,10.0,52.11,KL-PAM-01
1994-06-13,5.7,52.11,KL-PAM-01
1994-06-14,10.1,52.11,KL-PAM-01
1994-06-15,12.5,52.11,KL-PAM-01
1994-06-16,15.3,52.11,KL-PAM-01
1994-06-17,9.9,52.11,KL-PAM-01
1994-06-18,7.1,52.11,KL-PAM-01
1994-06-19,5.1,52.11,KL-PAM-01
1994-06-20,3.9,52.11,KL-PAM-01
1994-06-21,3.1,52.11,KL-PAM-01
1994-06-22,4.8,52.11,KL-PAM-01
1994-06-23,4.5,52.11,KL-PAM-01
1994-06-24,9.7,52.11,KL-PAM-01
1994-06-25,11.9,52.11,KL-PAM-01
1994-06-26,4.6,52.11,KL-PAM-01
1994-06-27,4.2,52.11,KL-PAM-01
1994-06-28,11.0,52.11,KL-PAM-01
1994-06-29,10.3,52.11,KL-PAM-01
1994-06-30,10.4,52.11,KL-PAM-01
1994-07-01,9.9,52.11,KL-PAM-01
1994-07-02,19.6,52.11,KL-PAM-01
1994-07-03,17.0,52.11,KL-PAM-01
1994-07-04,12.8,52.11,KL-PAM-01
1994-07-05,15.5,52.11,KL-PAM-01
1994-07-06,7.6,52.11,KL-PAM-01
1994-07-07,1.0,52.11,KL-PAM-01
1994-07-08,5.7,52.11,KL-PAM-01
1994-07-09,5.6,52.11,KL-PAM-01
1994-07-10,8.0,52.11,KL-PAM-01
1994-07-11,14.2,52.11,KL-PAM-01
1994-07-12,17.2,52.11,KL-PAM-01
1994-07-13,16.2,52.11,KL-PAM-01
1994-07-14,26.1,52.11,KL-PAM-01
1994-07-15,15.7,52.11,KL-PAM-01
1994-07-16,34.1,52.11,KL-PAM-01
1994-07-17,5.9,52.11,KL-PAM-01
1994-07-18,3.7,52.11,KL-PAM-01
1994-07-19,16.1,52.11,KL-PAM-01
1994-07-20,19.1,52.11,KL-PAM-01
1994-07-21,8.2,52.11,KL-PAM-01
1994-07-22,10.7,52.11,KL-PAM-01
1994-07-23,9.3,52.11,KL-PAM-01
1994-07-24,7.3,52.11,KL-PAM-01
1994-07-25,5.9,52.11,KL-PAM-01
1994-07-26,4.4,52.11,KL-PAM-01
1994-07-27,15.2,52.11,KL-PAM-01
1994-07-28,41.5,52.11,KL-PAM-01
1994-07-29,23.9,52.11,KL-PAM-01
1994-07-30,12.8,52.11,KL-PAM-01
1994-07-31,26.1,52.11,KL-PAM-01
1994-08-01,39.0,52.11,KL-PAM-01
1994-08-02,21.0,52.11,KL-PAM-01
1994-08-03,13.3,52.11,KL-PAM-01
1994-08-04,16.0,52.11,KL-PAM-01
1994-08-05,14.9,52.11,KL-PAM-01
1994-08-06,2.0,52.11,KL-PAM-01
1994-08-07,2.2,52.11,KL-PAM-01
1994-08-08,1.7,52.11,KL-PAM-01
1994-08-09,5.2,52.11,KL-PAM-01
1994-08-10,2.8,52.11,KL-PAM-01
1994-08-11,1.2,52.11,KL-PAM-01
1994-08-12,1.0,52.11,KL-PAM-01
1994-08-13,1.3,52.11,KL-PAM-01
1994-08-14,0.5,52.11,KL-PAM-01
1994-08-15,1.7,52.11,KL-PAM-01
1994-08-16,5.5,52.11,KL-PAM-01
1994-08-17,13.0,52.11,KL-PAM-01
1994-08-18,20.9,52.11,KL-PAM-01
1994-08-19,9.9,52.11,KL-PAM-01
1994-08-20,7.0,52.11,KL-PAM-01
1994-08-21,28.7,52.11,KL-PAM-01
1994-08-22,6.2,52.11,KL-PAM-01
1994-08-23,1.4,52.11,KL-PAM-01
1994-08-24,7.1,52.11,KL-PAM-01
1994-08-25,22.6,52.11,KL-PAM-01
1994-08-26,5.9,52.11,KL-PAM-01
1994-08-27,14.3,52.11,KL-PAM-01
1994-08-28,13.2,52.11,KL-PAM-01
1994-08-29,6.4,52.11,KL-PAM-01
1994-08-30,12.1,52.11,KL-PAM-01
1994-08-31,9.1,52.11,KL-PAM-01
1994-09-01,12.9,52.11,KL-PAM-01
1994-09-02,13.8,52.11,KL-PAM-01
1994-09-03,7.5,52.11,KL-PAM-01
1994-09-04,13.5,52.11,KL-PAM-01
1994-09-05,19.1,52.11,KL-PAM-01
1994-09-06,21.2,52.11,KL-PAM-01
1994-09-07,3.6,52.11,KL-PAM-01
1994-09-08,1.0,52.11,KL-PAM-01
1994-09-09,1.2,52.11,KL-PAM-01
1994-09-10,2.4,52.11,KL-PAM-01
1994-09-11,0.7,52.11,KL-PAM-01
1994-09-12,0.4,52.11,KL-PAM-01
1994-09-13,3.3,52.11,KL-PAM-01
1994-09-14,3.0,52.11,KL-PAM-01
1994-09-15,1.4,52.11,KL-PAM-01
1994-09-16,2.7,52.11,KL-PAM-01
1994-09-17,3.4,52.11,KL-PAM-01
1994-09-18,1.4,52.11,KL-PAM-01
1994-09-19,1.7,52.11,KL-PAM-01
1994-09-20,0.0,52.11,KL-PAM-01
1994-09-21,0.2,52.11,KL-PAM-01
1994-09-22,1.5,52.11,KL-PAM-01
1994-09-23,2.0,52.11,KL-PAM-01
1994-09-24,0.6,52.11,KL-PAM-01
1994-09-25,0.7,52.11,KL-PAM-01
1994-09-26,11.1,52.11,KL-PAM-01
1994-09-27,15.8,52.11,KL-PAM-01
1994-09-28,6.9,52.11,KL-PAM-01
1994-09-29,8.2,52.11,KL-PAM-01
1994-09-30,9.8,52.11,KL-PAM-01
1994-10-01,18.7,52.11,KL-PAM-01
1994-10-02,11.9,52.11,KL-PAM-01
1994-10-03,14.4,52.11,KL-PAM-01
1994-10-04,20.7,52.11,KL-PAM-01
1994-10-05,31.4,52.11,KL-PAM-01
1994-10-06,5.1,52.11,KL-PAM-01
1994-10-07,2.6,52.11,KL-PAM-01
1994-10-08,0.7,52.11,KL-PAM-01
1994-10-09,7.4,52.11,KL-PAM-01
1994-10-10,4.6,52.11,KL-PAM-01
1994-10-11,12.6,52.11,KL-PAM-01
1994-10-12,7.7,52.11,KL-PAM-01
1994-10-13,9.9,52.11,KL-PAM-01
1994-10-14,16.3,52.11,KL-PAM-01
1994-10-15,10.1,52.11,KL-PAM-01
1994-10-16,14.5,52.11,KL-PAM-01
1994-10-17,15.7,52.11,KL-PAM-01
1994-10-18,17.4,52.11,KL-PAM-01
1994-10-19,11.8,52.11,KL-PAM-01
1994-10-20,0.7,52.11,KL-PAM-01
1994-10-21,2.1,52.11,KL-PAM-01
1994-10-22,11.1,52.11,KL-PAM-01
1994-10-23,4.3,52.11,KL-PAM-01
1994-10-24,8.7,52.11,KL-PAM-01
1994-10-25,14.1,52.11,KL-PAM-01
1994-10-26,15.3,52.11,KL-PAM-01
1994-10-27,5.0,52.11,KL-PAM-01
1994-10-28,2.4,52.11,KL-PAM-01
1994-10-29,7.5,52.11,KL-PAM-01
1994-10-30,5.3,52.11,KL-PAM-01
1994-10-31,19.9,52.11,KL-PAM-01
1994-11-01,8.5,52.11,KL-PAM-01
1994-11-02,4.7,52.11,KL-PAM-01
1994-11-03,5.8,52.11,KL-PAM-01
1994-11-04,13.6,52.11,KL-PAM-01
1994-11-05,3.8,52.11,KL-PAM-01
1994-11-06,14.5,52.11,KL-PAM-01
1994-11-07,7.6,52.11,KL-PAM-01
1994-11-08,12.1,52.11,KL-PAM-01
1994-11-09,15.4,52.11,KL-PAM-01
1994-11-10,8.1,52.11,KL-PAM-01
1994-11-11,8.5,52.11,KL-PAM-01
1994-11-12,2.4,52.11,KL-PAM-01
1994-11-13,2.4,52.11,KL-PAM-01
1994-11-14,5.0,52.11,KL-PAM-01
1994-11-15,0.0,52.11,KL-PAM-01
1994-11-16,0.0,52.11,KL-PAM-01
1994-11-17,2.6,52.11,KL-PAM-01
1994-11-18,0.4,52.11,KL-PAM-01
1994-11-19,0.0,52.11,KL-PAM-01
1994-11-20,0.4,52.11,KL-PAM-01
1994-11-21,0.6,52.11,KL-PAM-01
1994-11-22,1.7,52.11,KL-PAM-01
1994-11-23,0.3,52.11,KL-PAM-01
1994-11-24,1.2,52.11,KL-PAM-01
1994-11-25,1.6,52.11,KL-PAM-01
1994-11-26,1.6,52.11,KL-PAM-01
1994-11-27,2.2,52.11,KL-PAM-01
1994-11-28,1.2,52.11,KL-PAM-01
1994-11-29,0.6,52.11,KL-PAM-01
1994-11-30,1.6,52.11,KL-PAM-01
1994-12-01,1.1,52.11,KL-PAM-01
1994-12-02,2.3,52.11,KL-PAM-01
1994-12-03,0.0,52.11,KL-PAM-01
1994-12-04,0.0,52.11,KL-PAM-01
1994-12-05,0.0,52.11,KL-PAM-01
1994-12-06,0.0,52.11,KL-PAM-01
1994-12-07,0.0,52.11,KL-PAM-01
1994-12-08,0.0,52.11,KL-PAM-01
1994-12-09,0.0,52.11,KL-PAM-01
1994-12-10,0.1,52.11,KL-PAM-01
1994-12-11,0.0,52.11,KL-PAM-01
1994-12-12,0.0,52.11,KL-PAM-01
1994-12-13,0.0,52.11,KL-PAM-01
1994-12-14,0.0,52.11,KL-PAM-01
1994-12-15,0.0,52.11,KL-PAM-01
1994-12-16,0.0,52.11,KL-PAM-01
1994-12-17,0.2,52.11,KL-PAM-01
1994-12-18,0.7,52.11,KL-PAM-01
1994-12-19,4.6,52.11,KL-PAM-01
1994-12-20,0.0,52.11,KL-PAM-01
1994-12-21,0.0,52.11,KL-PAM-01
1994-12-22,0.0,52.11,KL-PAM-01
1994-12-23,0.2,52.11,KL-PAM-01
1994-12-24,0.0,52.11,KL-PAM-01
1994-12-25,0.0,52.11,KL-PAM-01
1994-12-26,0.0,52.11,KL-PAM-01
1994-12-27,0.0,52.11,KL-PAM-01
1994-12-28,0.0,52.11,KL-PAM-01
1994-12-29,0.0,52.11,KL-PAM-01
1994-12-30,0.0,52.11,KL-PAM-01
1994-12-31,0.0,52.11,KL-PAM-01
1995-01-01,0.2,52.11,KL-PAM-01
1995-01-02,0.1,52.11,KL-PAM-01
1995-01-03,0.0,52.11,KL-PAM-01
1995-01-04,0.0,52.11,KL-PAM-01
1995-01-05,0.4,52.11,KL-PAM-01
1995-01-06,0.3,52.11,KL-PAM-01
1995-01-07,1.1,52.11,KL-PAM-01
1995-01-08,1.1,52.11,KL-PAM-01
1995-01-09,1.1,52.11,KL-PAM-01
1995-01-10,0.7,52.11,KL-PAM-01
1995-01-11,0.0,52.11,KL-PAM-01
1995-01-12,0.0,52.11,KL-PAM-01
1995-01-13,0.3,52.11,KL-PAM-01
1995-01-14,2.5,52.11,KL-PAM-01
1995-01-15,0.9,52.11,KL-PAM-01
1995-01-16,0.1,52.11,KL-PAM-01
1995-01-17,0.8,52.11,KL-PAM-01
1995-01-18,2.0,52.11,KL-PAM-01
1995-01-19,1.0,52.11,KL-PAM-01
1995-01-20,0.2,52.11,KL-PAM-01
1995-01-21,0.4,52.11,KL-PAM-01
1995-01-22,0.0,52.11,KL-PAM-01
1995-01-23,0.0,52.11,KL-PAM-01
1995-01-24,0.0,52.11,KL-PAM-01
1995-01-25,0.1,52.11,KL-PAM-01
1995-01-26,0.0,52.11,KL-PAM-01
1995-01-27,0.0,52.11,KL-PAM-01
1995-01-28,0.0,52.11,KL-PAM-01
1995-01-29,0.2,52.11,KL-PAM-01
1995-01-30,0.0,52.11,KL-PAM-01
1995-01-31,1.0,52.11,KL-PAM-01
1995-02-01,0.1,52.11,KL-PAM-01
1995-02-02,0.2,52.11,KL-PAM-01
1995-02-03,0.6,52.11,KL-PAM-01
1995-02-04,0.1,52.11,KL-PAM-01
1995-02-05,2.0,52.11,KL-PAM-01
1995-02-06,0.0,52.11,KL-PAM-01
1995-02-07,0.0,52.11,KL-PAM-01
1995-02-08,0.9,52.11,KL-PAM-01
1995-02-09,0.0,52.11,KL-PAM-01
1995-02-10,0.8,52.11,KL-PAM-01
1995-02-11,0.1,52.11,KL-PAM-01
1995-02-12,1.6,52.11,KL-PAM-01
1995-02-13,0.1,52.11,KL-PAM-01
1995-02-14,0.2,52.11,KL-PAM-01
1995-02-15,0.2,52.11,KL-PAM-01
1995-02-16,0.9,52.11,KL-PAM-01
1995-02-17,2.5,52.11,KL-PAM-01
1995-02-18,2.9,52.11,KL-PAM-01
1995-02-19,0.8,52.11,KL-PAM-01
1995-02-20,1.2,52.11,KL-PAM-01
1995-02-21,0.2,52.11,KL-PAM-01
1995-02-22,0.1,52.11,KL-PAM-01
1995-02-23,0.4,52.11,KL-PAM-01
1995-02-24,0.4,52.11,KL-PAM-01
1995-02-25,1.9,52.11,KL-PAM-01
1995-02-26,1.0,52.11,KL-PAM-01
1995-02-27,0.2,52.11,KL-PAM-01
1995-02-28,0.1,52.11,KL-PAM-01
1995-03-01,0.5,52.11,KL-PAM-01
1995-03-02,0.5,52.11,KL-PAM-01
1995-03-03,0.0,52.11,KL-PAM-01
1995-03-04,0.0,52.11,KL-PAM-01
1995-03-05,0.0,52.11,KL-PAM-01
1995-03-06,1.0,52.11,KL-PAM-01
1995-03-07,0.2,52.11,KL-PAM-01
1995-03-08,0.3,52.11,KL-PAM-01
1995-03-09,2.4,52.11,KL-PAM-01
1995-03-10,2.9,52.11,KL-PAM-01
1995-03-11,4.7,52.11,KL-PAM-01
1995-03-12,7.9,52.11,KL-PAM-01
1995-03-13,0.8,52.11,KL-PAM-01
1995-03-14,0.2,52.11,KL-PAM-01
1995-03-15,0.4,52.11,KL-PAM-01
1995-03-16,1.1,52.11,KL-PAM-01
1995-03-17,0.3,52.11,KL-PAM-01
1995-03-18,0.2,52.11,KL-PAM-01
1995-03-19,0.1,52.11,KL-PAM-01
1995-03-20,0.0,52.11,KL-PAM-01
1995-03-21,0.0,52.11,KL-PAM-01
1995-03-22,0.4,52.11,KL-PAM-01
1995-03-23,1.2,52.11,KL-PAM-01
1995-03-24,1.1,52.11,KL-PAM-01
1995-03-25,3.5,52.11,KL-PAM-01
1995-03-26,4.2,52.11,KL-PAM-01
1995-03-27,1.1,52.11,KL-PAM-01
1995-03-28,5.4,52.11,KL-PAM-01
1995-03-29,0.4,52.11,KL-PAM-01
1995-03-30,0.2,52.11,KL-PAM-01
1995-03-31,0.0,52.11,KL-PAM-01
1995-04-01,0.9,52.11,KL-PAM-01
1995-04-02,0.3,52.11,KL-PAM-01
1995-04-03,0.7,52.11,KL-PAM-01
1995-04-04,8.3,52.11,KL-PAM-01
1995-04-05,9.0,52.11,KL-PAM-01
1995-04-06,15.1,52.11,KL-PAM-01
1995-04-07,7.0,52.11,KL-PAM-01
1995-04-08,9.0,52.11,KL-PAM-01
1995-04-09,4.4,52.11,KL-PAM-01
1995-04-10,8.4,52.11,KL-PAM-01
1995-04-11,1.7,52.11,KL-PAM-01
1995-04-12,8.7,52.11,KL-PAM-01
1995-04-13,6.9,52.11,KL-PAM-01
1995-04-14,23.5,52.11,KL-PAM-01
1995-04-15,12.6,52.11,KL-PAM-01
1995-04-16,8.3,52.11,KL-PAM-01
1995-04-17,3.5,52.11,KL-PAM-01
1995-04-18,16.3,52.11,KL-PAM-01
1995-04-19,7.2,52.11,KL-PAM-01
1995-04-20,2.8,52.11,KL-PAM-01
1995-04-21,1.9,52.11,KL-PAM-01
1995-04-22,5.8,52.11,KL-PAM-01
1995-04-23,1.9,52.11,KL-PAM-01
1995-04-24,8.7,52.11,KL-PAM-01
1995-04-25,3.0,52.11,KL-PAM-01
1995-04-26,1.7,52.11,KL-PAM-01
1995-04-27,2.6,52.11,KL-PAM-01
1995-04-28,14.8,52.11,KL-PAM-01
1995-04-29,2.7,52.11,KL-PAM-01
1995-04-30,11.2,52.11,KL-PAM-01
1995-05-01,6.4,52.11,KL-PAM-01
1995-05-02,7.0,52.11,KL-PAM-01
1995-05-03,14.0,52.11,KL-PAM-01
1995-05-04,35.2,52.11,KL-PAM-01
1995-05-05,19.2,52.11,KL-PAM-01
1995-05-06,94.0,52.11,KL-PAM-01
1995-05-07,62.9,52.11,KL-PAM-01
1995-05-08,13.1,52.11,KL-PAM-01
1995-05-09,17.0,52.11,KL-PAM-01
1995-05-10,8.5,52.11,KL-PAM-01
1995-05-11,3.8,52.11,KL-PAM-01
1995-05-12,2.9,52.11,KL-PAM-01
1995-05-13,0.4,52.11,KL-PAM-01
1995-05-14,1.9,52.11,KL-PAM-01
1995-05-15,7.1,52.11,KL-PAM-01
1995-05-16,3.8,52.11,KL-PAM-01
1995-05-17,2.2,52.11,KL-PAM-01
1995-05-18,2.7,52.11,KL-PAM-01
1995-05-19,6.2,52.11,KL-PAM-01
1995-05-20,15.1,52.11,KL-PAM-01
1995-05-21,6.6,52.11,KL-PAM-01
1995-05-22,2.0,52.11,KL-PAM-01
1995-05-23,1.6,52.11,KL-PAM-01
1995-05-24,2.0,52.11,KL-PAM-01
1995-05-25,8.9,52.11,KL-PAM-01
1995-05-26,3.6,52.11,KL-PAM-01
1995-05-27,5.0,52.11,KL-PAM-01
1995-05-28,3.5,52.11,KL-PAM-01
1995-05-29,14.9,52.11,KL-PAM-01
1995-05-30,1.7,52.11,KL-PAM-01
1995-05-31,5.3,52.11,KL-PAM-01
1995-06-01,13.1,52.11,KL-PAM-01
1995-06-02,8.8,52.11,KL-PAM-01
1995-06-03,7.1,52.11,KL-PAM-01
1995-06-04,11.0,52.11,KL-PAM-01
1995-06-05,17.8,52.11,KL-PAM-01
1995-06-06,4.0,52.11,KL-PAM-01
1995-06-07,15.2,52.11,KL-PAM-01
1995-06-08,18.0,52.11,KL-PAM-01
1995-06-09,17.3,52.11,KL-PAM-01
1995-06-10,16.5,52.11,KL-PAM-01
1995-06-11,18.0,52.11,KL-PAM-01
1995-06-12,23.3,52.11,KL-PAM-01
1995-06-13,18.8,52.11,KL-PAM-01
1995-06-14,41.5,52.11,KL-PAM-01
1995-06-15,16.4,52.11,KL-PAM-01
1995-06-16,37.0,52.11,KL-PAM-01
1995-06-17,19.5,52.11,KL-PAM-01
1995-06-18,15.2,52.11,KL-PAM-01
1995-06-19,4.4,52.11,KL-PAM-01
1995-06-20,11.0,52.11,KL-PAM-01
1995-06-21,24.8,52.11,KL-PAM-01
1995-06-22,10.5,52.11,KL-PAM-01
1995-06-23,19.9,52.11,KL-PAM-01
1995-06-24,11.5,52.11,KL-PAM-01
1995-06-25,10.1,52.11,KL-PAM-01
1995-06-26,27.1,52.11,KL-PAM-01
1995-06-27,8.5,52.11,KL-PAM-01
1995-06-28,11.1,52.11,KL-PAM-01
1995-06-29,19.9,52.11,KL-PAM-01
1995-06-30,21.9,52.11,KL-PAM-01
1995-07-01,4.8,52.11,KL-PAM-01
1995-07-02,5.2,52.11,KL-PAM-01
1995-07-03,6.7,52.11,KL-PAM-01
1995-07-04,5.5,52.11,KL-PAM-01
1995-07-05,25.4,52.11,KL-PAM-01
1995-07-06,28.0,52.11,KL-PAM-01
1995-07-07,12.7,52.11,KL-PAM-01
1995-07-08,17.8,52.11,KL-PAM-01
1995-07-09,12.5,52.11,KL-PAM-01
1995-07-10,19.5,52.11,KL-PAM-01
1995-07-11,21.1,52.11,KL-PAM-01
1995-07-12,12.9,52.11,KL-PAM-01
1995-07-13,8.9,52.11,KL-PAM-01
1995-07-14,3.7,52.11,KL-PAM-01
1995-07-15,12.2,52.11,KL-PAM-01
1995-07-16,27.4,52.11,KL-PAM-01
1995-07-17,8.9,52.11,KL-PAM-01
1995-07-18,4.0,52.11,KL-PAM-01
1995-07-19,12.0,52.11,KL-PAM-01
1995-07-20,7.0,52.11,KL-PAM-01
1995-07-21,2.3,52.11,KL-PAM-01
1995-07-22,2.3,52.11,KL-PAM-01
1995-07-23,12.7,52.11,KL-PAM-01
1995-07-24,20.9,52.11,KL-PAM-01
1995-07-25,4.2,52.11,KL-PAM-01
1995-07-26,13.6,52.11,KL-PAM-01
1995-07-27,18.5,52.11,KL-PAM-01
1995-07-28,13.6,52.11,KL-PAM-01
1995-07-29,23.1,52.11,KL-PAM-01
1995-07-30,51.3,52.11,KL-PAM-01
1995-07-31,8.7,52.11,KL-PAM-01
1995-08-01,2.7,52.11,KL-PAM-01
1995-08-02,4.4,52.11,KL-PAM-01
1995-08-03,5.1,52.11,KL-PAM-01
1995-08-04,1.8,52.11,KL-PAM-01
1995-08-05,2.8,52.11,KL-PAM-01
1995-08-06,11.4,52.11,KL-PAM-01
1995-08-07,6.7,52.11,KL-PAM-01
1995-08-08,5.0,52.11,KL-PAM-01
1995-08-09,0.7,52.11,KL-PAM-01
1995-08-10,1.5,52.11,KL-PAM-01
1995-08-11,6.9,52.11,KL-PAM-01
1995-08-12,1.6,52.11,KL-PAM-01
1995-08-13,4.5,52.11,KL-PAM-01
1995-08-14,10.1,52.11,KL-PAM-01
1995-08-15,3.0,52.11,KL-PAM-01
1995-08-16,2.5,52.11,KL-PAM-01
1995-08-17,9.0,52.11,KL-PAM-01
1995-08-18,10.8,52.11,KL-PAM-01
1995-08-19,13.6,52.11,KL-PAM-01
1995-08-20,21.6,52.11,KL-PAM-01
1995-08-21,20.8,52.11,KL-PAM-01
1995-08-22,13.5,52.11,KL-PAM-01
1995-08-23,20.6,52.11,KL-PAM-01
1995-08-24,12.5,52.11,KL-PAM-01
1995-08-25,21.1,52.11,KL-PAM-01
1995-08-26,13.5,52.11,KL-PAM-01
1995-08-27,19.2,52.11,KL-PAM-01
1995-08-28,36.3,52.11,KL-PAM-01
1995-08-29,24.6,52.11,KL-PAM-01
1995-08-30,14.7,52.11,KL-PAM-01
1995-08-31,22.5,52.11,KL-PAM-01
1995-09-01,9.9,52.11,KL-PAM-01
1995-09-02,10.1,52.11,KL-PAM-01
1995-09-03,15.2,52.11,KL-PAM-01
1995-09-04,7.1,52.11,KL-PAM-01
1995-09-05,12.8,52.11,KL-PAM-01
1995-09-06,2.9,52.11,KL-PAM-01
1995-09-07,0.9,52.11,KL-PAM-01
1995-09-08,1.4,52.11,KL-PAM-01
1995-09-09,3.2,52.11,KL-PAM-01
1995-09-10,0.8,52.11,KL-PAM-01
1995-09-11,0.2,52.11,KL-PAM-01
1995-09-12,3.8,52.11,KL-PAM-01
1995-09-13,1.0,52.11,KL-PAM-01
1995-09-14,4.3,52.11,KL-PAM-01
1995-09-15,7.1,52.11,KL-PAM-01
1995-09-16,30.8,52.11,KL-PAM-01
1995-09-17,22.1,52.11,KL-PAM-01
1995-09-18,2.4,52.11,KL-PAM-01
1995-09-19,3.0,52.11,KL-PAM-01
1995-09-20,3.9,52.11,KL-PAM-01
1995-09-21,11.0,52.11,KL-PAM-01
1995-09-22,1.7,52.11,KL-PAM-01
1995-09-23,1.0,52.11,KL-PAM-01
1995-09-24,2.4,52.11,KL-PAM-01
1995-09-25,3.9,52.11,KL-PAM-01
1995-09-26,4.1,52.11,KL-PAM-01
1995-09-27,3.0,52.11,KL-PAM-01
1995-09-28,2.7,52.11,KL-PAM-01
1995-09-29,3.1,52.11,KL-PAM-01
1995-09-30,4.1,52.11,KL-PAM-01
1995-10-01,5.5,52.11,KL-PAM-01
1995-10-02,3.0,52.11,KL-PAM-01
1995-10-03,10.0,52.11,KL-PAM-01
1995-10-04,13.2,52.11,KL-PAM-01
1995-10-05,9.5,52.11,KL-PAM-01
1995-10-06,10.7,52.11,KL-PAM-01
1995-10-07,15.4,52.11,KL-PAM-01
1995-10-08,11.5,52.11,KL-PAM-01
1995-10-09,8.2,52.11,KL-PAM-01
1995-10-10,8.7,52.11,KL-PAM-01
1995-10-11,4.2,52.11,KL-PAM-01
1995-10-12,3.5,52.11,KL-PAM-01
1995-10-13,3.3,52.11,KL-PAM-01
1995-10-14,1.0,52.11,KL-PAM-01
1995-10-15,2.6,52.11,KL-PAM-01
1995-10-16,0.5,52.11,KL-PAM-01
1995-10-17,0.1,52.11,KL-PAM-01
1995-10-18,0.9,52.11,KL-PAM-01
1995-10-19,1.0,52.11,KL-PAM-01
1995-10-20,10.0,52.11,KL-PAM-01
1995-10-21,4.8,52.11,KL-PAM-01
1995-10-22,9.0,52.11,KL-PAM-01
1995-10-23,6.7,52.11,KL-PAM-01
1995-10-24,6.5,52.11,KL-PAM-01
1995-10-25,6.6,52.11,KL-PAM-01
1995-10-26,2.6,52.11,KL-PAM-01
1995-10-27,2.5,52.11,KL-PAM-01
1995-10-28,10.5,52.11,KL-PAM-01
1995-10-29,5.3,52.11,KL-PAM-01
1995-10-30,7.5,52.11,KL-PAM-01
1995-10-31,9.0,52.11,KL-PAM-01
1995-11-01,17.3,52.11,KL-PAM-01
1995-11-02,4.9,52.11,KL-PAM-01
1995-11-03,27.0,52.11,KL-PAM-01
1995-11-04,34.9,52.11,KL-PAM-01
1995-11-05,2.8,52.11,KL-PAM-01
1995-11-06,6.2,52.11,KL-PAM-01
1995-11-07,15.6,52.11,KL-PAM-01
1995-11-08,21.8,52.11,KL-PAM-01
1995-11-09,19.0,52.11,KL-PAM-01
1995-11-10,2.3,52.11,KL-PAM-01
1995-11-11,0.3,52.11,KL-PAM-01
1995-11-12,0.2,52.11,KL-PAM-01
1995-11-13,3.2,52.11,KL-PAM-01
1995-11-14,1.2,52.11,KL-PAM-01
1995-11-15,33.0,52.11,KL-PAM-01
1995-11-16,1.4,52.11,KL-PAM-01
1995-11-17,1.4,52.11,KL-PAM-01
1995-11-18,1.8,52.11,KL-PAM-01
1995-11-19,1.6,52.11,KL-PAM-01
1995-11-20,0.7,52.11,KL-PAM-01
1995-11-21,2.3,52.11,KL-PAM-01
1995-11-22,1.9,52.11,KL-PAM-01
1995-11-23,2.7,52.11,KL-PAM-01
1995-11-24,0.0,52.11,KL-PAM-01
1995-11-25,0.5,52.11,KL-PAM-01
1995-11-26,0.0,52.11,KL-PAM-01
1995-11-27,0.5,52.11,KL-PAM-01
1995-11-28,0.6,52.11,KL-PAM-01
1995-11-29,1.6,52.11,KL-PAM-01
1995-11-30,0.0,52.11,KL-PAM-01
1995-12-01,0.0,52.11,KL-PAM-01
1995-12-02,0.0,52.11,KL-PAM-01
1995-12-03,0.0,52.11,KL-PAM-01
1995-12-04,0.0,52.11,KL-PAM-01
1995-12-05,0.0,52.11,KL-PAM-01
1995-12-06,0.0,52.11,KL-PAM-01
1995-12-07,0.5,52.11,KL-PAM-01
1995-12-08,0.1,52.11,KL-PAM-01
1995-12-09,0.0,52.11,KL-PAM-01
1995-12-10,0.3,52.11,KL-PAM-01
1995-12-11,0.0,52.11,KL-PAM-01
1995-12-12,0.0,52.11,KL-PAM-01
1995-12-13,0.0,52.11,KL-PAM-01
1995-12-14,0.0,52.11,KL-PAM-01
1995-12-15,0.0,52.11,KL-PAM-01
1995-12-16,0.0,52.11,KL-PAM-01
1995-12-17,0.0,52.11,KL-PAM-01
1995-12-18,0.0,52.11,KL-PAM-01
1995-12-19,0.0,52.11,KL-PAM-01
1995-12-20,0.0,52.11,KL-PAM-01
1995-12-21,0.0,52.11,KL-PAM-01
1995-12-22,0.0,52.11,KL-PAM-01
1995-12-23,0.0,52.11,KL-PAM-01
1995-12-24,0.0,52.11,KL-PAM-01
1995-12-25,0.0,52.11,KL-PAM-01
1995-12-26,0.0,52.11,KL-PAM-01
1995-12-27,0.0,52.11,KL-PAM-01
1995-12-28,0.1,52.11,KL-PAM-01
1995-12-29,0.0,52.11,KL-PAM-01
1995-12-30,0.0,52.11,KL-PAM-01
1995-12-31,0.0,52.11,KL-PAM-01
1996-01-01,0.0,52.11,KL-PAM-01
1996-01-02,0.1,52.11,KL-PAM-01
1996-01-03,0.6,52.11,KL-PAM-01
1996-01-04,0.5,52.11,KL-PAM-01
1996-01-05,0.0,52.11,KL-PAM-01
1996-01-06,0.0,52.11,KL-PAM-01
1996-01-07,0.1,52.11,KL-PAM-01
1996-01-08,0.0,52.11,KL-PAM-01
1996-01-09,0.0,52.11,KL-PAM-01
1996-01-10,0.0,52.11,KL-PAM-01
1996-01-11,0.0,52.11,KL-PAM-01
1996-01-12,0.0,52.11,KL-PAM-01
1996-01-13,0.0,52.11,KL-PAM-01
1996-01-14,1.9,52.11,KL-PAM-01
1996-01-15,31.5,52.11,KL-PAM-01
1996-01-16,2.3,52.11,KL-PAM-01
1996-01-17,0.7,52.11,KL-PAM-01
1996-01-18,1.0,52.11,KL-PAM-01
1996-01-19,0.3,52.11,KL-PAM-01
1996-01-20,1.2,52.11,KL-PAM-01
1996-01-21,0.1,52.11,KL-PAM-01
1996-01-22,0.0,52.11,KL-PAM-01
1996-01-23,0.0,52.11,KL-PAM-01
1996-01-24,0.1,52.11,KL-PAM-01
1996-01-25,0.0,52.11,KL-PAM-01
1996-01-26,0.0,52.11,KL-PAM-01
1996-01-27,0.0,52.11,KL-PAM-01
1996-01-28,0.0,52.11,KL-PAM-01
1996-01-29,0.0,52.11,KL-PAM-01
1996-01-30,0.0,52.11,KL-PAM-01
1996-01-31,0.0,52.11,KL-PAM-01
1996-02-01,0.0,52.11,KL-PAM-01
1996-02-02,0.0,52.11,KL-PAM-01
1996-02-03,0.0,52.11,KL-PAM-01
1996-02-04,0.0,52.11,KL-PAM-01
1996-02-05,0.2,52.11,KL-PAM-01
1996-02-06,0.5,52.11,KL-PAM-01
1996-02-07,0.3,52.11,KL-PAM-01
1996-02-08,0.2,52.11,KL-PAM-01
1996-02-09,1.1,52.11,KL-PAM-01
1996-02-10,1.5,52.11,KL-PAM-01
1996-02-11,0.4,52.11,KL-PAM-01
1996-02-12,0.6,52.11,KL-PAM-01
1996-02-13,0.1,52.11,KL-PAM-01
1996-02-14,2.9,52.11,KL-PAM-01
1996-02-15,1.9,52.11,KL-PAM-01
1996-02-16,0.3,52.11,KL-PAM-01
1996-02-17,0.0,52.11,KL-PAM-01
1996-02-18,0.0,52.11,KL-PAM-01
1996-02-19,0.0,52.11,KL-PAM-01
1996-02-20,0.3,52.11,KL-PAM-01
1996-02-21,12.8,52.11,KL-PAM-01
1996-02-22,1.8,52.11,KL-PAM-01
1996-02-23,0.1,52.11,KL-PAM-01
1996-02-24,1.4,52.11,KL-PAM-01
1996-02-25,0.0,52.11,KL-PAM-01
1996-02-26,1.0,52.11,KL-PAM-01
1996-02-27,4.8,52.11,KL-PAM-01
1996-02-28,0.5,52.11,KL-PAM-01
1996-02-29,0.0,52.11,KL-PAM-01
1996-03-01,0.0,52.11,KL-PAM-01
1996-03-02,0.8,52.11,KL-PAM-01
1996-03-03,0.9,52.11,KL-PAM-01
1996-03-04,0.0,52.11,KL-PAM-01
1996-03-05,0.3,52.11,KL-PAM-01
1996-03-06,0.2,52.11,KL-PAM-01
1996-03-07,0.7,52.11,KL-PAM-01
1996-03-08,0.7,52.11,KL-PAM-01
1996-03-09,1.0,52.11,KL-PAM-01
1996-03-10,0.0,52.11,KL-PAM-01
1996-03-11,0.2,52.11,KL-PAM-01
1996-03-12,0.1,52.11,KL-PAM-01
1996-03-13,0.0,52.11,KL-PAM-01
1996-03-14,1.2,52.11,KL-PAM-01
1996-03-15,1.6,52.11,KL-PAM-01
1996-03-16,1.7,52.11,KL-PAM-01
1996-03-17,1.4,52.11,KL-PAM-01
1996-03-18,2.4,52.11,KL-PAM-01
1996-03-19,1.2,52.11,KL-PAM-01
1996-03-20,2.0,52.11,KL-PAM-01
1996-03-21,0.6,52.11,KL-PAM-01
1996-03-22,0.4,52.11,KL-PAM-01
1996-03-23,0.2,52.11,KL-PAM-01
1996-03-24,0.5,52.11,KL-PAM-01
1996-03-25,4.0,52.11,KL-PAM-01
1996-03-26,1.7,52.11,KL-PAM-01
1996-03-27,2.3,52.11,KL-PAM-01
1996-03-28,1.7,52.11,KL-PAM-01
1996-03-29,9.8,52.11,KL-PAM-01
1996-03-30,4.0,52.11,KL-PAM-01
1996-03-31,1.9,52.11,KL-PAM-01
1996-04-01,4.2,52.11,KL-PAM-01
1996-04-02,4.8,52.11,KL-PAM-01
1996-04-03,5.7,52.11,KL-PAM-01
1996-04-04,4.7,52.11,KL-PAM-01
1996-04-05,4.1,52.11,KL-PAM-01
1996-04-06,5.1,52.11,KL-PAM-01
1996-04-07,3.3,52.11,KL-PAM-01
1996-04-08,17.3,52.11,KL-PAM-01
1996-04-09,9.3,52.11,KL-PAM-01
1996-04-10,10.3,52.11,KL-PAM-01
1996-04-11,7.2,52.11,KL-PAM-01
1996-04-12,13.4,52.11,KL-PAM-01
1996-04-13,5.7,52.11,KL-PAM-01
1996-04-14,2.3,52.11,KL-PAM-01
1996-04-15,8.6,52.11,KL-PAM-01
1996-04-16,5.0,52.11,KL-PAM-01
1996-04-17,3.0,52.11,KL-PAM-01
1996-04-18,7.4,52.11,KL-PAM-01
1996-04-19,3.1,52.11,KL-PAM-01
1996-04-20,7.5,52.11,KL-PAM-01
1996-04-21,9.6,52.11,KL-PAM-01
1996-04-22,4.1,52.11,KL-PAM-01
1996-04-23,6.5,52.11,KL-PAM-01
1996-04-24,7.1,52.11,KL-PAM-01
1996-04-25,2.7,52.11,KL-PAM-01
1996-04-26,10.3,52.11,KL-PAM-01
1996-04-27,4.0,52.11,KL-PAM-01
1996-04-28,1.8,52.11,KL-PAM-01
1996-04-29,2.5,52.11,KL-PAM-01
1996-04-30,3.5,52.11,KL-PAM-01
1996-05-01,8.8,52.11,KL-PAM-01
1996-05-02,7.0,52.11,KL-PAM-01
1996-05-03,1.3,52.11,KL-PAM-01
1996-05-04,5.8,52.11,KL-PAM-01
1996-05-05,7.5,52.11,KL-PAM-01
1996-05-06,2.1,52.11,KL-PAM-01
1996-05-07,0.7,52.11,KL-PAM-01
1996-05-08,1.6,52.11,KL-PAM-01
1996-05-09,0.8,52.11,KL-PAM-01
1996-05-10,0.5,52.11,KL-PAM-01
1996-05-11,0.1,52.11,KL-PAM-01
1996-05-12,0.1,52.11,KL-PAM-01
1996-05-13,0.6,52.11,KL-PAM-01
1996-05-14,0.4,52.11,KL-PAM-01
1996-05-15,0.1,52.11,KL-PAM-01
1996-05-16,0.0,52.11,KL-PAM-01
1996-05-17,0.1,52.11,KL-PAM-01
1996-05-18,2.7,52.11,KL-PAM-01
1996-05-19,1.2,52.11,KL-PAM-01
1996-05-20,9.1,52.11,KL-PAM-01
1996-05-21,9.4,52.11,KL-PAM-01
1996-05-22,4.0,52.11,KL-PAM-01
1996-05-23,4.6,52.11,KL-PAM-01
1996-05-24,14.5,52.11,KL-PAM-01
1996-05-25,4.8,52.11,KL-PAM-01
1996-05-26,9.4,52.11,KL-PAM-01
1996-05-27,15.0,52.11,KL-PAM-01
1996-05-28,19.8,52.11,KL-PAM-01
1996-05-29,4.9,52.11,KL-PAM-01
1996-05-30,6.1,52.11,KL-PAM-01
1996-05-31,12.8,52.11,KL-PAM-01
1996-06-01,6.3,52.11,KL-PAM-01
1996-06-02,8.4,52.11,KL-PAM-01
1996-06-03,6.0,52.11,KL-PAM-01
1996-06-04,10.4,52.11,KL-PAM-01
1996-06-05,12.8,52.11,KL-PAM-01
1996-06-06,10.4,52.11,KL-PAM-01
1996-06-07,8.5,52.11,KL-PAM-01
1996-06-08,27.4,52.11,KL-PAM-01
1996-06-09,14.9,52.11,KL-PAM-01
1996-06-10,30.6,52.11,KL-PAM-01
1996-06-11,4.3,52.11,KL-PAM-01
1996-06-12,38.3,52.11,KL-PAM-01
1996-06-13,38.4,52.11,KL-PAM-01
1996-06-14,13.8,52.11,KL-PAM-01
1996-06-15,6.5,52.11,KL-PAM-01
1996-06-16,18.0,52.11,KL-PAM-01
1996-06-17,19.9,52.11,KL-PAM-01
1996-06-18,17.0,52.11,KL-PAM-01
1996-06-19,24.2,52.11,KL-PAM-01
1996-06-20,25.0,52.11,KL-PAM-01
1996-06-21,36.0,52.11,KL-PAM-01
1996-06-22,30.2,52.11,KL-PAM-01
1996-06-23,7.3,52.11,KL-PAM-01
1996-06-24,3.7,52.11,KL-PAM-01
1996-06-25,1.6,52.11,KL-PAM-01
1996-06-26,4.9,52.11,KL-PAM-01
1996-06-27,1.9,52.11,KL-PAM-01
1996-06-28,3.5,52.11,KL-PAM-01
1996-06-29,1.6,52.11,KL-PAM-01
1996-06-30,3.3,52.11,KL-PAM-01
1996-07-01,3.9,52.11,KL-PAM-01
1996-07-02,2.2,52.11,KL-PAM-01
1996-07-03,4.1,52.11,KL-PAM-01
1996-07-04,4.0,52.11,KL-PAM-01
1996-07-05,6.7,52.11,KL-PAM-01
1996-07-06,19.5,52.11,KL-PAM-01
1996-07-07,17.0,52.11,KL-PAM-01
1996-07-08,20.9,52.11,KL-PAM-01
1996-07-09,22.0,52.11,KL-PAM-01
1996-07-10,14.8,52.11,KL-PAM-01
1996-07-11,21.1,52.11,KL-PAM-01
1996-07-12,20.1,52.11,KL-PAM-01
1996-07-13,10.9,52.11,KL-PAM-01
1996-07-14,17.2,52.11,KL-PAM-01
1996-07-15,12.5,52.11,KL-PAM-01
1996-07-16,18.4,52.11,KL-PAM-01
1996-07-17,12.0,52.11,KL-PAM-01
1996-07-18,18.5,52.11,KL-PAM-01
1996-07-19,19.7,52.11,KL-PAM-01
1996-07-20,28.2,52.11,KL-PAM-01
1996-07-21,15.3,52.11,KL-PAM-01
1996-07-22,28.7,52.11,KL-PAM-01
1996-07-23,17.1,52.11,KL-PAM-01
1996-07-24,10.1,52.11,KL-PAM-01
1996-07-25,25.1,52.11,KL-PAM-01
1996-07-26,17.7,52.11,KL-PAM-01
1996-07-27,5.9,52.11,KL-PAM-01
1996-07-28,18.0,52.11,KL-PAM-01
1996-07-29,15.2,52.11,KL-PAM-01
1996-07-30,5.4,52.11,KL-PAM-01
1996-07-31,5.8,52.11,KL-PAM-01
1996-08-01,2.9,52.11,KL-PAM-01
1996-08-02,4.9,52.11,KL-PAM-01
1996-08-03,4.9,52.11,KL-PAM-01
1996-08-04,4.9,52.11,KL-PAM-01
1996-08-05,8.4,52.11,KL-PAM-01
1996-08-06,21.5,52.11,KL-PAM-01
1996-08-07,2.1,52.11,KL-PAM-01
1996-08-08,7.6,52.11,KL-PAM-01
1996-08-09,6.4,52.11,KL-PAM-01
1996-08-10,5.8,52.11,KL-PAM-01
1996-08-11,12.8,52.11,KL-PAM-01
1996-08-12,27.2,52.11,KL-PAM-01
1996-08-13,6.6,52.11,KL-PAM-01
1996-08-14,7.2,52.11,KL-PAM-01
1996-08-15,8.3,52.11,KL-PAM-01
1996-08-16,8.3,52.11,KL-PAM-01
1996-08-17,9.0,52.11,KL-PAM-01
1996-08-18,3.6,52.11,KL-PAM-01
1996-08-19,10.5,52.11,KL-PAM-01
1996-08-20,3.7,52.11,KL-PAM-01
1996-08-21,6.9,52.11,KL-PAM-01
1996-08-22,10.0,52.11,KL-PAM-01
1996-08-23,24.9,52.11,KL-PAM-01
1996-08-24,12.1,52.11,KL-PAM-01
1996-08-25,6.0,52.11,KL-PAM-01
1996-08-26,6.8,52.11,KL-PAM-01
1996-08-27,5.3,52.11,KL-PAM-01
1996-08-28,2.5,52.11,KL-PAM-01
1996-08-29,2.3,52.11,KL-PAM-01
1996-08-30,1.7,52.11,KL-PAM-01
1996-08-31,1.0,52.11,KL-PAM-01
1996-09-01,4.6,52.11,KL-PAM-01
1996-09-02,3.2,52.11,KL-PAM-01
1996-09-03,8.1,52.11,KL-PAM-01
1996-09-04,2.4,52.11,KL-PAM-01
1996-09-05,8.9,52.11,KL-PAM-01
1996-09-06,10.9,52.11,KL-PAM-01
1996-09-07,5.4,52.11,KL-PAM-01
1996-09-08,17.1,52.11,KL-PAM-01
1996-09-09,5.4,52.11,KL-PAM-01
1996-09-10,5.0,52.11,KL-PAM-01
1996-09-11,13.1,52.11,KL-PAM-01
1996-09-12,22.7,52.11,KL-PAM-01
1996-09-13,14.4,52.11,KL-PAM-01
1996-09-14,21.8,52.11,KL-PAM-01
1996-09-15,6.1,52.11,KL-PAM-01
1996-09-16,10.9,52.11,KL-PAM-01
1996-09-17,5.8,52.11,KL-PAM-01
1996-09-18,3.9,52.11,KL-PAM-01
1996-09-19,11.0,52.11,KL-PAM-01
1996-09-20,11.4,52.11,KL-PAM-01
1996-09-21,15.4,52.11,KL-PAM-01
1996-09-22,14.3,52.11,KL-PAM-01
1996-09-23,10.6,52.11,KL-PAM-01
1996-09-24,6.8,52.11,KL-PAM-01
1996-09-25,9.8,52.11,KL-PAM-01
1996-09-26,18.3,52.11,KL-PAM-01
1996-09-27,25.5,52.11,KL-PAM-01
1996-09-28,26.1,52.11,KL-PAM-01
1996-09-29,3.2,52.11,KL-PAM-01
1996-09-30,2.8,52.11,KL-PAM-01
1996-10-01,4.9,52.11,KL-PAM-01
1996-10-02,3.6,52.11,KL-PAM-01
1996-10-03,5.5,52.11,KL-PAM-01
1996-10-04,4.8,52.11,KL-PAM-01
1996-10-05,1.1,52.11,KL-PAM-01
1996-10-06,0.2,52.11,KL-PAM-01
1996-10-07,1.8,52.11,KL-PAM-01
1996-10-08,19.4,52.11,KL-PAM-01
1996-10-09,18.0,52.11,KL-PAM-01
1996-10-10,6.3,52.11,KL-PAM-01
1996-10-11,7.1,52.11,KL-PAM-01
1996-10-12,10.9,52.11,KL-PAM-01
1996-10-13,14.1,52.11,KL-PAM-01
1996-10-14,10.7,52.11,KL-PAM-01
1996-10-15,8.5,52.11,KL-PAM-01
1996-10-16,23.6,52.11,KL-PAM-01
1996-10-17,26.0,52.11,KL-PAM-01
1996-10-18,38.1,52.11,KL-PAM-01
1996-10-19,5.7,52.11,KL-PAM-01
1996-10-20,2.0,52.11,KL-PAM-01
1996-10-21,1.0,52.11,KL-PAM-01
1996-10-22,2.9,52.11,KL-PAM-01
1996-10-23,1.7,52.11,KL-PAM-01
1996-10-24,0.0,52.11,KL-PAM-01
1996-10-25,1.5,52.11,KL-PAM-01
1996-10-26,2.3,52.11,KL-PAM-01
1996-10-27,0.9,52.11,KL-PAM-01
1996-10-28,1.7,52.11,KL-PAM-01
1996-10-29,0.0,52.11,KL-PAM-01
1996-10-30,0.1,52.11,KL-PAM-01
1996-10-31,1.3,52.11,KL-PAM-01
1996-11-01,3.2,52.11,KL-PAM-01
1996-11-02,2.6,52.11,KL-PAM-01
1996-11-03,3.6,52.11,KL-PAM-01
1996-11-04,3.5,52.11,KL-PAM-01
1996-11-05,1.8,52.11,KL-PAM-01
1996-11-06,0.8,52.11,KL-PAM-01
1996-11-07,1.4,52.11,KL-PAM-01
1996-11-08,2.2,52.11,KL-PAM-01
1996-11-09,0.3,52.11,KL-PAM-01
1996-11-10,1.2,52.11,KL-PAM-01
1996-11-11,4.8,52.11,KL-PAM-01
1996-11-12,9.7,52.11,KL-PAM-01
1996-11-13,5.5,52.11,KL-PAM-01
1996-11-14,7.5,52.11,KL-PAM-01
1996-11-15,1.9,52.11,KL-PAM-01
1996-11-16,0.1,52.11,KL-PAM-01
1996-11-17,5.1,52.11,KL-PAM-01
1996-11-18,7.6,52.11,KL-PAM-01
1996-11-19,3.0,52.11,KL-PAM-01
1996-11-20,9.4,52.11,KL-PAM-01
1996-11-21,11.1,52.11,KL-PAM-01
1996-11-22,4.9,52.11,KL-PAM-01
1996-11-23,5.2,52.11,KL-PAM-01
1996-11-24,11.4,52.11,KL-PAM-01
1996-11-25,20.0,52.11,KL-PAM-01
1996-11-26,4.9,52.11,KL-PAM-01
1996-11-27,14.5,52.11,KL-PAM-01
1996-11-28,6.4,52.11,KL-PAM-01
1996-11-29,0.5,52.11,KL-PAM-01
1996-11-30,1.6,52.11,KL-PAM-01
1996-12-01,2.2,52.11,KL-PAM-01
1996-12-02,0.7,52.11,KL-PAM-01
1996-12-03,1.8,52.11,KL-PAM-01
1996-12-04,0.1,52.11,KL-PAM-01
1996-12-05,0.3,52.11,KL-PAM-01
1996-12-06,0.4,52.11,KL-PAM-01
1996-12-07,14.6,52.11,KL-PAM-01
1996-12-08,8.5,52.11,KL-PAM-01
1996-12-09,1.8,52.11,KL-PAM-01
1996-12-10,0.6,52.11,KL-PAM-01
1996-12-11,12.6,52.11,KL-PAM-01
1996-12-12,10.0,52.11,KL-PAM-01
1996-12-13,9.8,52.11,KL-PAM-01
1996-12-14,15.2,52.11,KL-PAM-01
1996-12-15,19.0,52.11,KL-PAM-01
1996-12-16,10.6,52.11,KL-PAM-01
1996-12-17,1.5,52.11,KL-PAM-01
1996-12-18,12.1,52.11,KL-PAM-01
1996-12-19,0.3,52.11,KL-PAM-01
1996-12-20,0.0,52.11,KL-PAM-01
1996-12-21,0.0,52.11,KL-PAM-01
1996-12-22,0.0,52.11,KL-PAM-01
1996-12-23,0.3,52.11,KL-PAM-01
1996-12-24,1.4,52.11,KL-PAM-01
1996-12-25,0.4,52.11,KL-PAM-01
1996-12-26,0.0,52.11,KL-PAM-01
1996-12-27,0.0,52.11,KL-PAM-01
1996-12-28,0.0,52.11,KL-PAM-01
1996-12-29,0.0,52.11,KL-PAM-01
1996-12-30,0.0,52.11,KL-PAM-01
1996-12-31,0.0,52.11,KL-PAM-01
1997-01-01,0.0,52.11,KL-PAM-01
1997-01-02,0.0,49.27,KL-PAM-01
1997-01-03,0.7,46.79,KL-PAM-01
1997-01-04,0.4,44.65,KL-PAM-01
1997-01-05,0.2,42.6,KL-PAM-01
1997-01-06,0.6,40.74,KL-PAM-01
1997-01-07,0.0,38.78,KL-PAM-01
1997-01-08,0.0,37.0,KL-PAM-01
1997-01-09,0.0,35.21,KL-PAM-01
1997-01-10,0.0,33.58,KL-PAM-01
1997-01-11,1.6,24.56,KL-PAM-01
1997-01-12,0.3,19.9,KL-PAM-01
1997-01-13,0.0,17.99,KL-PAM-01
1997-01-14,0.9,16.52,KL-PAM-01
1997-01-15,0.6,15.4,KL-PAM-01
1997-01-16,1.7,14.43,KL-PAM-01
1997-01-17,0.0,13.34,KL-PAM-01
1997-01-18,0.0,12.13,KL-PAM-01
1997-01-19,1.0,10.84,KL-PAM-01
1997-01-20,0.3,9.84,KL-PAM-01
1997-01-21,0.0,10.32,KL-PAM-01
1997-01-22,0.1,10.39,KL-PAM-01
1997-01-23,0.2,10.04,KL-PAM-01
1997-01-24,0.7,9.62,KL-PAM-01
1997-01-25,0.4,9.13,KL-PAM-01
1997-01-26,0.1,8.46,KL-PAM-01
1997-01-27,0.0,7.82,KL-PAM-01
1997-01-28,0.0,7.28,KL-PAM-01
1997-01-29,0.3,6.84,KL-PAM-01
1997-01-30,0.3,6.5,KL-PAM-01
1997-01-31,0.8,10.32,KL-PAM-01
1997-02-01,1.9,13.34,KL-PAM-01
1997-02-02,0.2,13.84,KL-PAM-01
1997-02-03,0.6,13.57,KL-PAM-01
1997-02-04,0.7,13.84,KL-PAM-01
1997-02-05,0.4,13.6,KL-PAM-01
1997-02-06,0.0,14.82,KL-PAM-01
1997-02-07,0.6,15.37,KL-PAM-01
1997-02-08,2.1,14.78,KL-PAM-01
1997-02-09,0.7,14.61,KL-PAM-01
1997-02-10,0.7,14.18,KL-PAM-01
1997-02-11,0.0,13.71,KL-PAM-01
1997-02-12,0.3,13.44,KL-PAM-01
1997-02-13,0.0,12.89,KL-PAM-01
1997-02-14,0.5,12.74,KL-PAM-01
1997-02-15,0.5,12.27,KL-PAM-01
1997-02-16,0.0,12.01,KL-PAM-01
1997-02-17,0.4,11.71,KL-PAM-01
1997-02-18,0.0,11.6,KL-PAM-01
1997-02-19,0.0,11.46,KL-PAM-01
1997-02-20,0.4,11.04,KL-PAM-01
1997-02-21,0.5,10.79,KL-PAM-01
1997-02-22,0.5,10.53,KL-PAM-01
1997-02-23,2.8,10.71,KL-PAM-01
1997-02-24,1.2,11.37,KL-PAM-01
1997-02-25,0.0,11.6,KL-PAM-01
1997-02-26,0.0,11.12,KL-PAM-01
1997-02-27,0.3,10.84,KL-PAM-01
1997-02-28,1.0,10.37,KL-PAM-01
1997-03-01,1.6,9.94,KL-PAM-01
1997-03-02,0.2,9.77,KL-PAM-01
1997-03-03,4.5,10.04,KL-PAM-01
1997-03-04,3.1,10.68,KL-PAM-01
1997-03-05,0.9,10.63,KL-PAM-01
1997-03-06,0.2,10.42,KL-PAM-01
1997-03-07,0.4,10.14,KL-PAM-01
1997-03-08,0.8,9.84,KL-PAM-01
1997-03-09,0.7,9.82,KL-PAM-01
1997-03-10,0.7,9.57,KL-PAM-01
1997-03-11,0.3,9.36,KL-PAM-01
1997-03-12,1.2,9.1,KL-PAM-01
1997-03-13,0.0,8.86,KL-PAM-01
1997-03-14,0.0,8.92,KL-PAM-01
1997-03-15,4.1,9.1,KL-PAM-01
1997-03-16,2.2,9.26,KL-PAM-01
1997-03-17,3.2,9.43,KL-PAM-01
1997-03-18,1.5,9.5,KL-PAM-01
1997-03-19,2.1,9.67,KL-PAM-01
1997-03-20,5.2,10.04,KL-PAM-01
1997-03-21,4.1,11.18,KL-PAM-01
1997-03-22,7.0,13.31,KL-PAM-01
1997-03-23,5.5,14.82,KL-PAM-01
1997-03-24,2.2,15.04,KL-PAM-01
1997-03-25,0.2,14.93,KL-PAM-01
1997-03-26,0.6,14.32,KL-PAM-01
1997-03-27,1.0,13.44,KL-PAM-01
1997-03-28,0.5,12.83,KL-PAM-01
1997-03-29,2.9,12.48,KL-PAM-01
1997-03-30,5.9,13.88,KL-PAM-01
1997-03-31,3.8,15.45,KL-PAM-01
1997-04-01,2.9,17.18,KL-PAM-01
1997-04-02,4.1,17.26,KL-PAM-01
1997-04-03,2.0,17.35,KL-PAM-01
1997-04-04,3.5,16.81,KL-PAM-01
1997-04-05,9.3,18.74,KL-PAM-01
1997-04-06,2.6,21.75,KL-PAM-01
1997-04-07,9.3,24.21,KL-PAM-01
1997-04-08,3.3,23.7,KL-PAM-01
1997-04-09,5.4,27.99,KL-PAM-01
1997-04-10,0.0,32.49,KL-PAM-01
1997-04-11,1.6,34.06,KL-PAM-01
1997-04-12,0.0,34.55,KL-PAM-01
1997-04-13,0.0,33.82,KL-PAM-01
1997-04-14,0.0,32.34,KL-PAM-01
1997-04-15,1.3,31.28,KL-PAM-01
1997-04-16,3.7,31.58,KL-PAM-01
1997-04-17,3.0,34.63,KL-PAM-01
1997-04-18,1.7,38.78,KL-PAM-01
1997-04-19,3.5,39.33,KL-PAM-01
1997-04-20,3.9,38.42,KL-PAM-01
1997-04-21,1.0,38.05,KL-PAM-01
1997-04-22,0.2,37.61,KL-PAM-01
1997-04-23,5.1,37.25,KL-PAM-01
1997-04-24,1.1,36.65,KL-PAM-01
1997-04-25,6.8,38.32,KL-PAM-01
1997-04-26,5.9,41.41,KL-PAM-01
1997-04-27,10.4,44.44,KL-PAM-01
1997-04-28,5.9,44.86,KL-PAM-01
1997-04-29,6.2,43.82,KL-PAM-01
1997-04-30,7.5,43.1,KL-PAM-01
1997-05-01,8.7,43.41,KL-PAM-01
1997-05-02,5.5,43.82,KL-PAM-01
1997-05-03,8.2,44.44,KL-PAM-01
1997-05-04,5.7,48.47,KL-PAM-01
1997-05-05,2.7,51.27,KL-PAM-01
1997-05-06,4.7,51.88,KL-PAM-01
1997-05-07,6.5,54.48,KL-PAM-01
1997-05-08,24.1,68.97,KL-PAM-01
1997-05-09,9.0,81.56,KL-PAM-01
1997-05-10,2.8,84.07,KL-PAM-01
1997-05-11,5.3,80.62,KL-PAM-01
1997-05-12,3.2,76.6,KL-PAM-01
1997-05-13,3.7,73.11,KL-PAM-01
1997-05-14,1.6,70.93,KL-PAM-01
1997-05-15,4.9,70.93,KL-PAM-01
1997-05-16,3.8,70.76,KL-PAM-01
1997-05-17,3.4,68.97,KL-PAM-01
1997-05-18,3.0,68.33,KL-PAM-01
1997-05-19,3.0,66.76,KL-PAM-01
1997-05-20,0.2,64.32,KL-PAM-01
1997-05-21,0.0,61.1,KL-PAM-01
1997-05-22,0.0,57.63,KL-PAM-01
1997-05-23,0.0,54.36,KL-PAM-01
1997-05-24,5.1,51.75,KL-PAM-01
1997-05-25,12.8,51.75,KL-PAM-01
1997-05-26,8.7,53.85,KL-PAM-01
1997-05-27,6.5,57.23,KL-PAM-01
1997-05-28,1.3,58.86,KL-PAM-01
1997-05-29,1.8,57.23,KL-PAM-01
1997-05-30,0.1,54.61,KL-PAM-01
1997-05-31,9.3,52.73,KL-PAM-01
1997-06-01,11.9,53.47,KL-PAM-01
1997-06-02,2.7,54.36,KL-PAM-01
1997-06-03,6.6,52.85,KL-PAM-01
1997-06-04,10.5,51.88,KL-PAM-01
1997-06-05,7.5,53.6,KL-PAM-01
1997-06-06,6.4,54.1,KL-PAM-01
1997-06-07,7.4,53.85,KL-PAM-01
1997-06-08,6.7,54.48,KL-PAM-01
1997-06-09,6.7,56.69,KL-PAM-01
1997-06-10,2.8,55.9,KL-PAM-01
1997-06-11,16.5,53.85,KL-PAM-01
1997-06-12,17.2,54.61,KL-PAM-01
1997-06-13,31.5,56.56,KL-PAM-01
1997-06-14,8.8,62.83,KL-PAM-01
1997-06-15,5.4,64.16,KL-PAM-01
1997-06-16,1.1,62.69,KL-PAM-01
1997-06-17,7.7,59.96,KL-PAM-01
1997-06-18,15.0,58.03,KL-PAM-01
1997-06-19,8.2,56.83,KL-PAM-01
1997-06-20,4.1,55.9,KL-PAM-01
1997-06-21,4.1,54.48,KL-PAM-01
1997-06-22,7.7,53.1,KL-PAM-01
1997-06-23,12.6,53.85,KL-PAM-01
1997-06-24,19.2,55.65,KL-PAM-01
1997-06-25,13.9,60.53,KL-PAM-01
1997-06-26,25.8,65.06,KL-PAM-01
1997-06-27,22.9,73.11,KL-PAM-01
1997-06-28,14.1,79.87,KL-PAM-01
1997-06-29,34.4,101.71,KL-PAM-01
1997-06-30,76.0,210.5,KL-PAM-01
1997-07-01,15.9,228.77,KL-PAM-01
1997-07-02,11.8,203.79,KL-PAM-01
1997-07-03,9.7,184.08,KL-PAM-01
1997-07-04,9.5,173.33,KL-PAM-01
1997-07-05,17.7,163.97,KL-PAM-01
1997-07-06,17.4,158.74,KL-PAM-01
1997-07-07,23.7,152.26,KL-PAM-01
1997-07-08,6.1,149.46,KL-PAM-01
1997-07-09,17.8,144.36,KL-PAM-01
1997-07-10,22.6,144.36,KL-PAM-01
1997-07-11,18.3,147.4,KL-PAM-01
1997-07-12,3.6,146.04,KL-PAM-01
1997-07-13,22.5,140.08,KL-PAM-01
1997-07-14,9.1,135.6,KL-PAM-01
1997-07-15,7.1,130.07,KL-PAM-01
1997-07-16,6.7,124.46,KL-PAM-01
1997-07-17,11.8,119.1,KL-PAM-01
1997-07-18,11.5,114.49,KL-PAM-01
1997-07-19,5.4,112.13,KL-PAM-01
1997-07-20,20.0,108.54,KL-PAM-01
1997-07-21,15.3,105.32,KL-PAM-01
1997-07-22,13.7,104.35,KL-PAM-01
1997-07-23,40.8,124.18,KL-PAM-01
1997-07-24,51.8,209.04,KL-PAM-01
1997-07-25,12.0,220.46,KL-PAM-01
1997-07-26,7.8,202.85,KL-PAM-01
1997-07-27,8.8,190.14,KL-PAM-01
1997-07-28,2.1,179.04,KL-PAM-01
1997-07-29,2.6,165.88,KL-PAM-01
1997-07-30,5.7,155.1,KL-PAM-01
1997-07-31,11.3,149.12,KL-PAM-01
1997-08-01,17.8,150.51,KL-PAM-01
1997-08-02,8.1,155.1,KL-PAM-01
1997-08-03,7.9,149.46,KL-PAM-01
1997-08-04,4.4,142.04,KL-PAM-01
1997-08-05,1.8,134.99,KL-PAM-01
1997-08-06,10.6,128.27,KL-PAM-01
1997-08-07,22.1,124.75,KL-PAM-01
1997-08-08,28.0,129.77,KL-PAM-01
1997-08-09,8.8,132.2,KL-PAM-01
1997-08-10,10.0,129.17,KL-PAM-01
1997-08-11,12.8,126.5,KL-PAM-01
1997-08-12,15.6,121.89,KL-PAM-01
1997-08-13,4.0,116.37,KL-PAM-01
1997-08-14,0.9,111.1,KL-PAM-01
1997-08-15,1.9,105.08,KL-PAM-01
1997-08-16,4.7,98.92,KL-PAM-01
1997-08-17,5.2,94.0,KL-PAM-01
1997-08-18,5.4,90.98,KL-PAM-01
1997-08-19,5.4,87.05,KL-PAM-01
1997-08-20,8.5,83.68,KL-PAM-01
1997-08-21,42.0,91.62,KL-PAM-01
1997-08-22,14.2,103.14,KL-PAM-01
1997-08-23,10.2,105.81,KL-PAM-01
1997-08-24,1.2,104.35,KL-PAM-01
1997-08-25,3.4,98.69,KL-PAM-01
1997-08-26,8.5,93.12,KL-PAM-01
1997-08-27,9.8,90.14,KL-PAM-01
1997-08-28,13.7,89.94,KL-PAM-01
1997-08-29,14.0,94.43,KL-PAM-01
1997-08-30,1.2,98.23,KL-PAM-01
1997-08-31,0.5,95.31,KL-PAM-01
1997-09-01,2.3,89.94,KL-PAM-01
1997-09-02,2.2,85.25,KL-PAM-01
1997-09-03,1.7,80.81,KL-PAM-01
1997-09-04,2.4,76.77,KL-PAM-01
1997-09-05,3.1,73.28,KL-PAM-01
1997-09-06,6.8,72.1,KL-PAM-01
1997-09-07,4.7,70.76,KL-PAM-01
1997-09-08,9.7,69.13,KL-PAM-01
1997-09-09,8.6,67.7,KL-PAM-01
1997-09-10,8.2,67.86,KL-PAM-01
1997-09-11,13.9,69.45,KL-PAM-01
1997-09-12,7.7,71.93,KL-PAM-01
1997-09-13,5.0,73.28,KL-PAM-01
1997-09-14,8.1,75.36,KL-PAM-01
1997-09-15,10.3,76.77,KL-PAM-01
1997-09-16,15.3,80.99,KL-PAM-01
1997-09-17,11.7,81.38,KL-PAM-01
1997-09-18,24.5,82.71,KL-PAM-01
1997-09-19,16.2,90.98,KL-PAM-01
1997-09-20,14.8,94.43,KL-PAM-01
1997-09-21,16.7,94.21,KL-PAM-01
1997-09-22,18.4,94.21,KL-PAM-01
1997-09-23,13.8,98.46,KL-PAM-01
1997-09-24,14.1,104.35,KL-PAM-01
1997-09-25,5.4,106.3,KL-PAM-01
1997-09-26,4.0,103.38,KL-PAM-01
1997-09-27,3.4,98.69,KL-PAM-01
1997-09-28,2.2,94.0,KL-PAM-01
1997-09-29,1.9,89.72,KL-PAM-01
1997-09-30,1.5,85.05,KL-PAM-01
1997-10-01,0.0,80.99,KL-PAM-01
1997-10-02,2.2,76.77,KL-PAM-01
1997-10-03,1.5,72.43,KL-PAM-01
1997-10-04,11.1,69.79,KL-PAM-01
1997-10-05,6.0,72.77,KL-PAM-01
1997-10-06,6.0,73.96,KL-PAM-01
1997-10-07,2.5,74.14,KL-PAM-01
1997-10-08,8.1,76.6,KL-PAM-01
1997-10-09,5.2,78.77,KL-PAM-01
1997-10-10,2.6,77.5,KL-PAM-01
1997-10-11,6.6,75.01,KL-PAM-01
1997-10-12,4.9,73.62,KL-PAM-01
1997-10-13,4.1,72.6,KL-PAM-01
1997-10-14,11.6,76.42,KL-PAM-01
1997-10-15,2.9,83.29,KL-PAM-01
1997-10-16,18.7,87.46,KL-PAM-01
1997-10-17,8.0,88.48,KL-PAM-01
1997-10-18,8.1,86.85,KL-PAM-01
1997-10-19,8.6,88.07,KL-PAM-01
1997-10-20,7.1,90.98,KL-PAM-01
1997-10-21,12.4,96.42,KL-PAM-01
1997-10-22,6.4,102.67,KL-PAM-01
1997-10-23,8.5,102.9,KL-PAM-01
1997-10-24,0.5,103.38,KL-PAM-01
1997-10-25,2.9,101.01,KL-PAM-01
1997-10-26,18.3,102.67,KL-PAM-01
1997-10-27,5.8,109.05,KL-PAM-01
1997-10-28,2.6,112.13,KL-PAM-01
1997-10-29,5.9,115.56,KL-PAM-01
1997-10-30,8.4,123.03,KL-PAM-01
1997-10-31,5.3,126.79,KL-PAM-01
1997-11-01,15.8,153.32,KL-PAM-01
1997-11-02,14.8,171.34,KL-PAM-01
1997-11-03,26.4,182.38,KL-PAM-01
1997-11-04,17.4,195.49,KL-PAM-01
1997-11-05,12.0,200.06,KL-PAM-01
1997-11-06,10.0,197.31,KL-PAM-01
1997-11-07,18.4,237.93,KL-PAM-01
1997-11-08,112.0,328.76,KL-PAM-01
1997-11-09,17.8,328.0,KL-PAM-01
1997-11-10,2.2,295.63,KL-PAM-01
1997-11-11,4.0,269.55,KL-PAM-01
1997-11-12,3.3,250.91,KL-PAM-01
1997-11-13,0.9,233.57,KL-PAM-01
1997-11-14,0.3,216.92,KL-PAM-01
1997-11-15,1.5,201.92,KL-PAM-01
1997-11-16,3.9,191.01,KL-PAM-01
1997-11-17,2.9,181.96,KL-PAM-01
1997-11-18,1.8,174.54,KL-PAM-01
1997-11-19,2.2,164.72,KL-PAM-01
1997-11-20,3.3,155.1,KL-PAM-01
1997-11-21,3.5,147.06,KL-PAM-01
1997-11-22,6.1,142.04,KL-PAM-01
1997-11-23,9.8,137.51,KL-PAM-01
1997-11-24,14.2,137.83,KL-PAM-01
1997-11-25,1.0,136.24,KL-PAM-01
1997-11-26,0.5,130.37,KL-PAM-01
1997-11-27,3.4,123.89,KL-PAM-01
1997-11-28,8.3,118.83,KL-PAM-01
1997-11-29,1.5,115.56,KL-PAM-01
1997-11-30,1.0,110.58,KL-PAM-01
1997-12-01,0.1,104.59,KL-PAM-01
1997-12-02,1.1,98.69,KL-PAM-01
1997-12-03,15.5,93.55,KL-PAM-01
1997-12-04,11.0,91.19,KL-PAM-01
1997-12-05,9.3,92.69,KL-PAM-01
1997-12-06,13.6,105.08,KL-PAM-01
1997-12-07,4.5,119.38,KL-PAM-01
1997-12-08,9.7,118.27,KL-PAM-01
1997-12-09,15.5,114.23,KL-PAM-01
1997-12-10,0.0,109.05,KL-PAM-01
1997-12-11,1.6,102.67,KL-PAM-01
1997-12-12,2.2,96.87,KL-PAM-01
1997-12-13,1.6,91.62,KL-PAM-01
1997-12-14,3.7,86.85,KL-PAM-01
1997-12-15,1.0,82.71,KL-PAM-01
1997-12-16,3.2,78.77,KL-PAM-01
1997-12-17,7.0,75.36,KL-PAM-01
1997-12-18,10.1,75.53,KL-PAM-01
1997-12-19,7.5,76.24,KL-PAM-01
1997-12-20,15.1,76.24,KL-PAM-01
1997-12-21,2.0,77.5,KL-PAM-01
1997-12-22,0.2,75.71,KL-PAM-01
1997-12-23,0.4,71.93,KL-PAM-01
1997-12-24,0.3,68.17,KL-PAM-01
1997-12-25,0.0,64.61,KL-PAM-01
1997-12-26,0.4,60.95,KL-PAM-01
1997-12-27,0.0,57.63,KL-PAM-01
1997-12-28,0.0,54.48,KL-PAM-01
1997-12-29,0.0,51.51,KL-PAM-01
1997-12-30,0.0,48.81,KL-PAM-01
1997-12-31,0.0,46.36,KL-PAM-01
1998-01-01,1.5,44.02,KL-PAM-01
1998-01-02,2.4,42.2,KL-PAM-01
1998-01-03,0.0,40.55,KL-PAM-01
1998-01-04,0.0,38.6,KL-PAM-01
1998-01-05,0.0,36.74,KL-PAM-01
1998-01-06,0.0,34.88,KL-PAM-01
1998-01-07,0.0,33.27,KL-PAM-01
1998-01-08,0.0,31.73,KL-PAM-01
1998-01-09,0.0,30.34,KL-PAM-01
1998-01-10,0.0,29.08,KL-PAM-01
1998-01-11,0.0,20.97,KL-PAM-01
1998-01-12,0.0,16.49,KL-PAM-01
1998-01-13,0.0,14.53,KL-PAM-01
1998-01-14,0.2,13.05,KL-PAM-01
1998-01-15,0.0,11.77,KL-PAM-01
1998-01-16,0.0,10.61,KL-PAM-01
1998-01-17,1.0,9.48,KL-PAM-01
1998-01-18,0.1,8.86,KL-PAM-01
1998-01-19,1.8,8.53,KL-PAM-01
1998-01-20,1.4,8.29,KL-PAM-01
1998-01-21,0.1,8.72,KL-PAM-01
1998-01-22,0.7,8.65,KL-PAM-01
1998-01-23,0.2,8.42,KL-PAM-01
1998-01-24,0.4,8.13,KL-PAM-01
1998-01-25,0.0,7.78,KL-PAM-01
1998-01-26,0.0,7.41,KL-PAM-01
1998-01-27,0.0,6.95,KL-PAM-01
1998-01-28,0.1,6.6,KL-PAM-01
1998-01-29,0.0,6.38,KL-PAM-01
1998-01-30,0.0,6.22,KL-PAM-01
1998-01-31,0.0,10.01,KL-PAM-01
1998-02-01,0.0,12.67,KL-PAM-01
1998-02-02,0.0,12.86,KL-PAM-01
1998-02-03,0.0,12.64,KL-PAM-01
1998-02-04,0.2,12.42,KL-PAM-01
1998-02-05,0.3,12.25,KL-PAM-01
1998-02-06,0.5,12.09,KL-PAM-01
1998-02-07,0.5,12.03,KL-PAM-01
1998-02-08,0.0,11.85,KL-PAM-01
1998-02-09,0.0,11.57,KL-PAM-01
1998-02-10,0.0,11.18,KL-PAM-01
1998-02-11,0.0,11.04,KL-PAM-01
1998-02-12,0.5,10.82,KL-PAM-01
1998-02-13,1.3,10.77,KL-PAM-01
1998-02-14,1.4,10.82,KL-PAM-01
1998-02-15,0.0,10.95,KL-PAM-01
1998-02-16,0.4,11.15,KL-PAM-01
1998-02-17,0.9,11.04,KL-PAM-01
1998-02-18,0.6,10.98,KL-PAM-01
1998-02-19,0.0,10.5,KL-PAM-01
1998-02-20,0.0,10.04,KL-PAM-01
1998-02-21,0.0,10.44,KL-PAM-01
1998-02-22,0.0,10.09,KL-PAM-01
1998-02-23,0.6,10.01,KL-PAM-01
1998-02-24,1.9,10.06,KL-PAM-01
1998-02-25,2.4,10.27,KL-PAM-01
1998-02-26,0.3,9.94,KL-PAM-01
1998-02-27,0.2,9.84,KL-PAM-01
1998-02-28,0.2,9.48,KL-PAM-01
1998-03-01,0.9,9.26,KL-PAM-01
1998-03-02,1.8,9.01,KL-PAM-01
1998-03-03,0.5,9.04,KL-PAM-01
1998-03-04,0.0,8.86,KL-PAM-01
1998-03-05,1.1,8.79,KL-PAM-01
1998-03-06,0.1,8.94,KL-PAM-01
1998-03-07,0.0,8.79,KL-PAM-01
1998-03-08,0.0,8.64,KL-PAM-01
1998-03-09,0.0,8.51,KL-PAM-01
1998-03-10,0.3,8.44,KL-PAM-01
1998-03-11,0.7,8.57,KL-PAM-01
1998-03-12,0.0,8.36,KL-PAM-01
1998-03-13,0.0,8.07,KL-PAM-01
1998-03-14,0.0,7.82,KL-PAM-01
1998-03-15,0.0,7.9,KL-PAM-01
1998-03-16,0.0,8.04,KL-PAM-01
1998-03-17,0.0,7.88,KL-PAM-01
1998-03-18,0.3,7.9,KL-PAM-01
1998-03-19,0.0,8.14,KL-PAM-01
1998-03-20,0.3,8.02,KL-PAM-01
1998-03-21,0.6,7.94,KL-PAM-01
1998-03-22,1.4,7.86,KL-PAM-01
1998-03-23,0.5,7.98,KL-PAM-01
1998-03-24,0.8,8.14,KL-PAM-01
1998-03-25,0.1,8.25,KL-PAM-01
1998-03-26,0.0,8.13,KL-PAM-01
1998-03-27,0.7,7.86,KL-PAM-01
1998-03-28,2.0,7.86,KL-PAM-01
1998-03-29,1.8,8.04,KL-PAM-01
1998-03-30,0.9,7.94,KL-PAM-01
1998-03-31,1.7,7.82,KL-PAM-01
1998-04-01,8.0,9.74,KL-PAM-01
1998-04-02,11.0,11.31,KL-PAM-01
1998-04-03,10.1,12.13,KL-PAM-01
1998-04-04,0.4,11.23,KL-PAM-01
1998-04-05,0.0,10.09,KL-PAM-01
1998-04-06,2.8,9.48,KL-PAM-01
1998-04-07,6.4,9.84,KL-PAM-01
1998-04-08,4.6,9.94,KL-PAM-01
1998-04-09,1.7,13.02,KL-PAM-01
1998-04-10,3.6,14.82,KL-PAM-01
1998-04-11,2.3,15.0,KL-PAM-01
1998-04-12,3.7,14.96,KL-PAM-01
1998-04-13,1.3,14.96,KL-PAM-01
1998-04-14,4.1,15.11,KL-PAM-01
1998-04-15,3.2,15.29,KL-PAM-01
1998-04-16,3.1,15.56,KL-PAM-01
1998-04-17,2.3,15.94,KL-PAM-01
1998-04-18,1.3,16.06,KL-PAM-01
1998-04-19,1.6,15.94,KL-PAM-01
1998-04-20,1.6,16.06,KL-PAM-01
1998-04-21,1.5,16.33,KL-PAM-01
1998-04-22,3.1,16.73,KL-PAM-01
1998-04-23,6.3,17.22,KL-PAM-01
1998-04-24,2.1,17.65,KL-PAM-01
1998-04-25,4.1,17.9,KL-PAM-01
1998-04-26,2.8,17.99,KL-PAM-01
1998-04-27,6.7,18.51,KL-PAM-01
1998-04-28,17.1,19.52,KL-PAM-01
1998-04-29,8.7,20.29,KL-PAM-01
1998-04-30,4.5,20.34,KL-PAM-01
1998-05-01,2.6,20.38,KL-PAM-01
1998-05-02,2.2,20.68,KL-PAM-01
1998-05-03,5.9,21.48,KL-PAM-01
1998-05-04,7.3,22.11,KL-PAM-01
1998-05-05,4.2,22.49,KL-PAM-01
1998-05-06,3.6,23.47,KL-PAM-01
1998-05-07,2.8,24.27,KL-PAM-01
1998-05-08,3.7,24.21,KL-PAM-01
1998-05-09,8.1,24.15,KL-PAM-01
1998-05-10,5.3,25.76,KL-PAM-01
1998-05-11,14.4,28.12,KL-PAM-01
1998-05-12,15.2,32.73,KL-PAM-01
1998-05-13,5.9,40.27,KL-PAM-01
1998-05-14,15.5,47.9,KL-PAM-01
1998-05-15,42.7,101.71,KL-PAM-01
1998-05-16,21.2,113.7,KL-PAM-01
1998-05-17,3.4,101.25,KL-PAM-01
1998-05-18,12.7,88.89,KL-PAM-01
1998-05-19,12.2,81.38,KL-PAM-01
1998-05-20,2.3,78.04,KL-PAM-01
1998-05-21,1.7,74.31,KL-PAM-01
1998-05-22,3.1,70.76,KL-PAM-01
1998-05-23,1.4,66.6,KL-PAM-01
1998-05-24,2.7,62.69,KL-PAM-01
1998-05-25,6.5,59.54,KL-PAM-01
1998-05-26,6.3,57.76,KL-PAM-01
1998-05-27,15.5,56.96,KL-PAM-01
1998-05-28,8.5,57.5,KL-PAM-01
1998-05-29,11.0,57.23,KL-PAM-01
1998-05-30,8.1,56.56,KL-PAM-01
1998-05-31,4.1,55.9,KL-PAM-01
1998-06-01,15.7,55.13,KL-PAM-01
1998-06-02,15.2,57.23,KL-PAM-01
1998-06-03,8.5,58.44,KL-PAM-01
1998-06-04,8.1,58.17,KL-PAM-01
1998-06-05,2.4,56.96,KL-PAM-01
1998-06-06,17.3,55.51,KL-PAM-01
1998-06-07,7.2,54.36,KL-PAM-01
1998-06-08,6.3,52.73,KL-PAM-01
1998-06-09,8.1,50.91,KL-PAM-01
1998-06-10,11.7,49.5,KL-PAM-01
1998-06-11,9.3,48.92,KL-PAM-01
1998-06-12,9.9,48.24,KL-PAM-01
1998-06-13,11.4,47.57,KL-PAM-01
1998-06-14,10.8,47.79,KL-PAM-01
1998-06-15,12.5,49.04,KL-PAM-01
1998-06-16,32.4,54.1,KL-PAM-01
1998-06-17,16.5,61.96,KL-PAM-01
1998-06-18,10.3,64.92,KL-PAM-01
1998-06-19,8.1,65.83,KL-PAM-01
1998-06-20,5.6,65.98,KL-PAM-01
1998-06-21,7.3,65.98,KL-PAM-01
1998-06-22,12.9,68.02,KL-PAM-01
1998-06-23,9.4,73.62,KL-PAM-01
1998-06-24,10.8,78.58,KL-PAM-01
1998-06-25,22.2,98.46,KL-PAM-01
1998-06-26,20.8,150.16,KL-PAM-01
1998-06-27,28.0,217.92,KL-PAM-01
1998-06-28,30.8,265.83,KL-PAM-01
1998-06-29,17.6,288.88,KL-PAM-01
1998-06-30,13.8,282.29,KL-PAM-01
1998-07-01,25.6,279.69,KL-PAM-01
1998-07-02,12.8,273.94,KL-PAM-01
1998-07-03,18.2,267.69,KL-PAM-01
1998-07-04,7.9,257.97,KL-PAM-01
1998-07-05,0.8,240.7,KL-PAM-01
1998-07-06,1.6,222.51,KL-PAM-01
1998-07-07,2.2,206.64,KL-PAM-01
1998-07-08,4.3,192.79,KL-PAM-01
1998-07-09,5.6,181.12,KL-PAM-01
1998-07-10,7.2,170.94,KL-PAM-01
1998-07-11,8.3,162.46,KL-PAM-01
1998-07-12,14.8,155.1,KL-PAM-01
1998-07-13,16.2,148.09,KL-PAM-01
1998-07-14,19.9,144.36,KL-PAM-01
1998-07-15,12.9,145.03,KL-PAM-01
1998-07-16,15.0,141.38,KL-PAM-01
1998-07-17,8.3,138.47,KL-PAM-01
1998-07-18,20.0,139.76,KL-PAM-01
1998-07-19,11.8,146.38,KL-PAM-01
1998-07-20,7.6,148.43,KL-PAM-01
1998-07-21,1.5,146.72,KL-PAM-01
1998-07-22,8.2,141.06,KL-PAM-01
1998-07-23,14.2,134.67,KL-PAM-01
1998-07-24,21.9,134.04,KL-PAM-01
1998-07-25,23.9,137.83,KL-PAM-01
1998-07-26,5.7,140.4,KL-PAM-01
1998-07-27,7.3,137.51,KL-PAM-01
1998-07-28,7.8,136.87,KL-PAM-01
1998-07-29,4.5,139.43,KL-PAM-01
1998-07-30,4.5,138.79,KL-PAM-01
1998-07-31,2.8,133.42,KL-PAM-01
1998-08-01,8.9,127.09,KL-PAM-01
1998-08-02,12.0,123.03,KL-PAM-01
1998-08-03,15.9,123.32,KL-PAM-01
1998-08-04,12.5,128.27,KL-PAM-01
1998-08-05,17.5,126.79,KL-PAM-01
1998-08-06,9.7,123.6,KL-PAM-01
1998-08-07,12.8,118.83,KL-PAM-01
1998-08-08,8.0,115.83,KL-PAM-01
1998-08-09,5.0,112.13,KL-PAM-01
1998-08-10,9.1,108.3,KL-PAM-01
1998-08-11,10.0,105.56,KL-PAM-01
1998-08-12,2.3,102.43,KL-PAM-01
1998-08-13,3.6,98.0,KL-PAM-01
1998-08-14,0.7,93.12,KL-PAM-01
1998-08-15,4.1,89.51,KL-PAM-01
1998-08-16,5.7,90.14,KL-PAM-01
1998-08-17,4.5,89.51,KL-PAM-01
1998-08-18,13.7,86.45,KL-PAM-01
1998-08-19,13.7,86.45,KL-PAM-01
1998-08-20,25.4,90.35,KL-PAM-01
1998-08-21,26.4,94.87,KL-PAM-01
1998-08-22,21.4,99.15,KL-PAM-01
1998-08-23,29.4,105.32,KL-PAM-01
1998-08-24,17.4,121.05,KL-PAM-01
1998-08-25,5.5,132.2,KL-PAM-01
1998-08-26,1.5,128.87,KL-PAM-01
1998-08-27,5.4,121.61,KL-PAM-01
1998-08-28,3.0,114.76,KL-PAM-01
1998-08-29,1.8,108.54,KL-PAM-01
1998-08-30,3.2,102.19,KL-PAM-01
1998-08-31,7.8,97.1,KL-PAM-01
1998-09-01,5.4,93.55,KL-PAM-01
1998-09-02,4.1,90.14,KL-PAM-01
1998-09-03,10.8,86.25,KL-PAM-01
1998-09-04,21.7,84.46,KL-PAM-01
1998-09-05,26.5,88.89,KL-PAM-01
1998-09-06,7.5,98.69,KL-PAM-01
1998-09-07,12.3,100.54,KL-PAM-01
1998-09-08,26.8,110.32,KL-PAM-01
1998-09-09,21.8,124.18,KL-PAM-01
1998-09-10,4.8,129.77,KL-PAM-01
1998-09-11,4.4,124.46,KL-PAM-01
1998-09-12,3.8,117.73,KL-PAM-01
1998-09-13,5.6,112.13,KL-PAM-01
1998-09-14,6.9,107.05,KL-PAM-01
1998-09-15,7.4,103.38,KL-PAM-01
1998-09-16,11.3,101.25,KL-PAM-01
1998-09-17,9.6,99.85,KL-PAM-01
1998-09-18,1.8,96.2,KL-PAM-01
1998-09-19,4.6,90.98,KL-PAM-01
1998-09-20,5.8,85.84,KL-PAM-01
1998-09-21,8.3,82.13,KL-PAM-01
1998-09-22,29.9,80.06,KL-PAM-01
1998-09-23,29.1,84.65,KL-PAM-01
1998-09-24,9.6,90.14,KL-PAM-01
1998-09-25,3.1,90.98,KL-PAM-01
1998-09-26,20.7,87.66,KL-PAM-01
1998-09-27,18.2,88.69,KL-PAM-01
1998-09-28,34.9,91.19,KL-PAM-01
1998-09-29,2.1,95.97,KL-PAM-01
1998-09-30,2.8,97.1,KL-PAM-01
1998-10-01,4.9,92.91,KL-PAM-01
1998-10-02,19.8,88.89,KL-PAM-01
1998-10-03,2.7,89.51,KL-PAM-01
1998-10-04,1.8,86.85,KL-PAM-01
1998-10-05,6.3,83.1,KL-PAM-01
1998-10-06,10.3,80.62,KL-PAM-01
1998-10-07,19.7,80.25,KL-PAM-01
1998-10-08,40.4,81.19,KL-PAM-01
1998-10-09,33.4,92.48,KL-PAM-01
1998-10-10,38.4,156.55,KL-PAM-01
1998-10-11,45.8,249.76,KL-PAM-01
1998-10-12,22.6,271.42,KL-PAM-01
1998-10-13,15.9,249.76,KL-PAM-01
1998-10-14,16.5,226.66,KL-PAM-01
1998-10-15,5.2,209.04,KL-PAM-01
1998-10-16,1.7,194.58,KL-PAM-01
1998-10-17,4.1,180.7,KL-PAM-01
1998-10-18,4.0,168.2,KL-PAM-01
1998-10-19,1.0,157.28,KL-PAM-01
1998-10-20,1.7,147.06,KL-PAM-01
1998-10-21,0.0,137.18,KL-PAM-01
1998-10-22,0.0,128.27,KL-PAM-01
1998-10-23,0.2,120.21,KL-PAM-01
1998-10-24,0.9,113.18,KL-PAM-01
1998-10-25,2.8,106.8,KL-PAM-01
1998-10-26,5.6,102.19,KL-PAM-01
1998-10-27,7.2,100.77,KL-PAM-01
1998-10-28,10.0,101.71,KL-PAM-01
1998-10-29,6.4,104.59,KL-PAM-01
1998-10-30,1.1,103.14,KL-PAM-01
1998-10-31,5.1,98.0,KL-PAM-01
1998-11-01,1.6,94.87,KL-PAM-01
1998-11-02,0.1,92.05,KL-PAM-01
1998-11-03,5.9,89.1,KL-PAM-01
1998-11-04,45.6,89.94,KL-PAM-01
1998-11-05,19.1,94.65,KL-PAM-01
1998-11-06,2.2,102.67,KL-PAM-01
1998-11-07,1.3,103.86,KL-PAM-01
1998-11-08,7.6,103.14,KL-PAM-01
1998-11-09,20.4,108.3,KL-PAM-01
1998-11-10,6.0,114.76,KL-PAM-01
1998-11-11,1.9,121.61,KL-PAM-01
1998-11-12,1.6,120.77,KL-PAM-01
1998-11-13,4.7,115.56,KL-PAM-01
1998-11-14,4.3,115.03,KL-PAM-01
1998-11-15,0.2,112.13,KL-PAM-01
1998-11-16,1.5,106.05,KL-PAM-01
1998-11-17,0.9,99.85,KL-PAM-01
1998-11-18,0.5,93.77,KL-PAM-01
1998-11-19,0.0,88.48,KL-PAM-01
1998-11-20,1.9,83.29,KL-PAM-01
1998-11-21,0.6,78.58,KL-PAM-01
1998-11-22,1.0,74.49,KL-PAM-01
1998-11-23,0.2,70.6,KL-PAM-01
1998-11-24,0.9,67.07,KL-PAM-01
1998-11-25,0.7,64.01,KL-PAM-01
1998-11-26,0.3,61.38,KL-PAM-01
1998-11-27,0.7,58.58,KL-PAM-01
1998-11-28,0.2,55.9,KL-PAM-01
1998-11-29,1.5,53.47,KL-PAM-01
1998-11-30,3.0,52.73,KL-PAM-01
1998-12-01,6.9,51.51,KL-PAM-01
1998-12-02,4.5,51.03,KL-PAM-01
1998-12-03,0.0,50.43,KL-PAM-01
1998-12-04,0.0,48.47,KL-PAM-01
1998-12-05,8.0,46.58,KL-PAM-01
1998-12-06,2.5,47.9,KL-PAM-01
1998-12-07,4.5,48.47,KL-PAM-01
1998-12-08,20.0,49.39,KL-PAM-01
1998-12-09,9.6,57.36,KL-PAM-01
1998-12-10,6.9,64.16,KL-PAM-01
1998-12-11,23.4,76.24,KL-PAM-01
1998-12-12,31.5,90.56,KL-PAM-01
1998-12-13,18.0,100.77,KL-PAM-01
1998-12-14,0.5,101.48,KL-PAM-01
1998-12-15,0.6,96.65,KL-PAM-01
1998-12-16,2.2,91.41,KL-PAM-01
1998-12-17,0.3,89.1,KL-PAM-01
1998-12-18,3.2,85.25,KL-PAM-01
1998-12-19,0.9,82.51,KL-PAM-01
1998-12-20,7.0,79.13,KL-PAM-01
1998-12-21,1.0,77.85,KL-PAM-01
1998-12-22,0.5,74.66,KL-PAM-01
1998-12-23,0.0,70.76,KL-PAM-01
1998-12-24,0.0,66.92,KL-PAM-01
1998-12-25,0.0,63.13,KL-PAM-01
1998-12-26,0.0,59.54,KL-PAM-01
1998-12-27,0.5,56.3,KL-PAM-01
1998-12-28,2.8,53.73,KL-PAM-01
1998-12-29,1.9,52.24,KL-PAM-01
1998-12-30,0.7,50.67,KL-PAM-01
1998-12-31,1.1,49.74,KL-PAM-01
1999-01-01,1.3,48.13,KL-PAM-01
1999-01-02,1.4,46.9,KL-PAM-01
1999-01-03,0.0,45.5,KL-PAM-01
1999-01-04,0.0,43.41,KL-PAM-01
1999-01-05,0.1,41.13,KL-PAM-01
1999-01-06,0.1,39.15,KL-PAM-01
1999-01-07,0.2,37.53,KL-PAM-01
1999-01-08,0.0,35.88,KL-PAM-01
1999-01-09,1.5,34.31,KL-PAM-01
1999-01-10,0.0,33.11,KL-PAM-01
1999-01-11,0.1,25.52,KL-PAM-01
1999-01-12,0.3,21.33,KL-PAM-01
1999-01-13,0.0,19.62,KL-PAM-01
1999-01-14,0.0,18.12,KL-PAM-01
1999-01-15,0.0,16.65,KL-PAM-01
1999-01-16,0.1,15.22,KL-PAM-01
1999-01-17,0.0,13.81,KL-PAM-01
1999-01-18,0.0,12.46,KL-PAM-01
1999-01-19,0.0,11.15,KL-PAM-01
1999-01-20,0.0,9.94,KL-PAM-01
1999-01-21,0.2,9.94,KL-PAM-01
1999-01-22,0.0,9.84,KL-PAM-01
1999-01-23,0.0,9.38,KL-PAM-01
1999-01-24,0.0,8.92,KL-PAM-01
1999-01-25,0.0,8.65,KL-PAM-01
1999-01-26,0.0,7.9,KL-PAM-01
1999-01-27,0.0,7.17,KL-PAM-01
1999-01-28,0.0,6.67,KL-PAM-01
1999-01-29,0.1,6.39,KL-PAM-01
1999-01-30,1.2,6.31,KL-PAM-01
1999-01-31,0.3,10.56,KL-PAM-01
1999-02-01,0.3,13.57,KL-PAM-01
1999-02-02,0.5,13.98,KL-PAM-01
1999-02-03,1.9,13.81,KL-PAM-01
1999-02-04,1.3,13.74,KL-PAM-01
1999-02-05,5.0,13.64,KL-PAM-01
1999-02-06,1.0,15.04,KL-PAM-01
1999-02-07,2.8,15.9,KL-PAM-01
1999-02-08,11.2,15.59,KL-PAM-01
1999-02-09,0.6,17.06,KL-PAM-01
1999-02-10,1.0,17.6,KL-PAM-01
1999-02-11,0.1,17.18,KL-PAM-01
1999-02-12,0.1,16.41,KL-PAM-01
1999-02-13,0.0,15.86,KL-PAM-01
1999-02-14,0.0,15.26,KL-PAM-01
1999-02-15,0.6,14.61,KL-PAM-01
1999-02-16,0.1,14.25,KL-PAM-01
1999-02-17,0.6,13.84,KL-PAM-01
1999-02-18,1.5,13.54,KL-PAM-01
1999-02-19,0.0,13.94,KL-PAM-01
1999-02-20,9.1,14.71,KL-PAM-01
1999-02-21,3.3,15.74,KL-PAM-01
1999-02-22,0.0,16.49,KL-PAM-01
1999-02-23,0.0,15.86,KL-PAM-01
1999-02-24,0.0,14.78,KL-PAM-01
1999-02-25,0.0,13.98,KL-PAM-01
1999-02-26,0.0,13.5,KL-PAM-01
1999-02-27,0.1,13.18,KL-PAM-01
1999-02-28,0.1,12.48,KL-PAM-01
1999-03-01,0.9,12.21,KL-PAM-01
1999-03-02,1.1,11.89,KL-PAM-01
1999-03-03,0.0,11.57,KL-PAM-01
1999-03-04,0.6,11.15,KL-PAM-01
1999-03-05,0.1,11.04,KL-PAM-01
1999-03-06,0.4,10.93,KL-PAM-01
1999-03-07,0.3,10.71,KL-PAM-01
1999-03-08,0.9,10.58,KL-PAM-01
1999-03-09,0.3,10.58,KL-PAM-01
1999-03-10,0.6,10.87,KL-PAM-01
1999-03-11,3.3,11.09,KL-PAM-01
1999-03-12,3.1,12.13,KL-PAM-01
1999-03-13,1.9,13.67,KL-PAM-01
1999-03-14,5.0,14.61,KL-PAM-01
1999-03-15,5.5,16.29,KL-PAM-01
1999-03-16,2.6,16.98,KL-PAM-01
1999-03-17,4.0,17.65,KL-PAM-01
1999-03-18,3.8,17.6,KL-PAM-01
1999-03-19,0.0,17.52,KL-PAM-01
1999-03-20,1.3,16.98,KL-PAM-01
1999-03-21,1.8,16.57,KL-PAM-01
1999-03-22,2.7,17.9,KL-PAM-01
1999-03-23,1.9,20.58,KL-PAM-01
1999-03-24,4.7,24.04,KL-PAM-01
1999-03-25,1.3,25.15,KL-PAM-01
1999-03-26,0.3,26.56,KL-PAM-01
1999-03-27,0.3,27.01,KL-PAM-01
1999-03-28,1.0,27.27,KL-PAM-01
1999-03-29,1.9,28.12,KL-PAM-01
1999-03-30,2.0,28.59,KL-PAM-01
1999-03-31,1.9,29.08,KL-PAM-01
1999-04-01,2.4,29.84,KL-PAM-01
1999-04-02,4.3,32.18,KL-PAM-01
1999-04-03,0.4,32.41,KL-PAM-01
1999-04-04,1.1,31.73,KL-PAM-01
1999-04-05,4.9,32.8,KL-PAM-01
1999-04-06,3.1,33.11,KL-PAM-01
1999-04-07,3.5,32.04,KL-PAM-01
1999-04-08,9.3,35.71,KL-PAM-01
1999-04-09,4.5,41.8,KL-PAM-01
1999-04-10,5.0,46.47,KL-PAM-01
1999-04-11,3.6,51.27,KL-PAM-01
1999-04-12,8.1,53.73,KL-PAM-01
1999-04-13,3.2,53.73,KL-PAM-01
1999-04-14,0.6,52.98,KL-PAM-01
1999-04-15,0.0,51.63,KL-PAM-01
1999-04-16,1.0,49.5,KL-PAM-01
1999-04-17,1.6,48.13,KL-PAM-01
1999-04-18,12.3,48.13,KL-PAM-01
1999-04-19,3.6,49.62,KL-PAM-01
1999-04-20,3.9,50.55,KL-PAM-01
1999-04-21,5.0,51.15,KL-PAM-01
1999-04-22,18.7,52.11,KL-PAM-01
1999-04-23,28.4,56.56,KL-PAM-01
1999-04-24,16.4,65.06,KL-PAM-01
1999-04-25,14.7,72.77,KL-PAM-01
1999-04-26,4.6,76.06,KL-PAM-01
1999-04-27,7.6,75.53,KL-PAM-01
1999-04-28,8.3,74.31,KL-PAM-01
1999-04-29,10.7,73.96,KL-PAM-01
1999-04-30,4.9,74.84,KL-PAM-01
1999-05-01,0.5,74.14,KL-PAM-01
1999-05-02,0.0,70.6,KL-PAM-01
1999-05-03,1.6,66.6,KL-PAM-01
1999-05-04,5.2,64.16,KL-PAM-01
1999-05-05,36.8,89.72,KL-PAM-01
1999-05-06,12.2,105.08,KL-PAM-01
1999-05-07,22.0,103.86,KL-PAM-01
1999-05-08,13.2,101.71,KL-PAM-01
1999-05-09,9.5,98.23,KL-PAM-01
1999-05-10,6.1,94.43,KL-PAM-01
1999-05-11,7.9,90.98,KL-PAM-01
1999-05-12,14.1,86.85,KL-PAM-01
1999-05-13,21.0,84.46,KL-PAM-01
1999-05-14,17.7,83.68,KL-PAM-01
1999-05-15,29.8,84.07,KL-PAM-01
1999-05-16,20.5,88.07,KL-PAM-01
1999-05-17,5.7,90.14,KL-PAM-01
1999-05-18,10.2,88.69,KL-PAM-01
1999-05-19,11.9,86.65,KL-PAM-01
1999-05-20,16.4,84.86,KL-PAM-01
1999-05-21,21.8,85.05,KL-PAM-01
1999-05-22,7.2,88.69,KL-PAM-01
1999-05-23,11.1,87.05,KL-PAM-01
1999-05-24,20.2,95.31,KL-PAM-01
1999-05-25,28.9,126.79,KL-PAM-01
1999-05-26,22.8,154.75,KL-PAM-01
1999-05-27,24.9,160.59,KL-PAM-01
1999-05-28,19.0,157.64,KL-PAM-01
1999-05-29,26.5,160.21,KL-PAM-01
1999-05-30,29.5,162.83,KL-PAM-01
1999-05-31,10.9,162.46,KL-PAM-01
1999-06-01,4.3,155.47,KL-PAM-01
1999-06-02,5.3,147.06,KL-PAM-01
1999-06-03,7.4,139.43,KL-PAM-01
1999-06-04,3.6,132.2,KL-PAM-01
1999-06-05,20.6,126.5,KL-PAM-01
1999-06-06,11.9,124.46,KL-PAM-01
1999-06-07,25.1,130.07,KL-PAM-01
1999-06-08,17.6,138.79,KL-PAM-01
1999-06-09,28.8,154.03,KL-PAM-01
1999-06-10,18.7,172.53,KL-PAM-01
1999-06-11,22.7,204.27,KL-PAM-01
1999-06-12,11.7,226.66,KL-PAM-01
1999-06-13,21.4,231.96,KL-PAM-01
1999-06-14,10.2,226.66,KL-PAM-01
1999-06-15,10.6,218.43,KL-PAM-01
1999-06-16,7.8,209.04,KL-PAM-01
1999-06-17,5.2,197.76,KL-PAM-01
1999-06-18,5.8,190.14,KL-PAM-01
1999-06-19,5.0,183.23,KL-PAM-01
1999-06-20,8.2,174.54,KL-PAM-01
1999-06-21,3.0,165.11,KL-PAM-01
1999-06-22,2.9,155.47,KL-PAM-01
1999-06-23,4.3,146.04,KL-PAM-01
1999-06-24,3.3,137.18,KL-PAM-01
1999-06-25,4.3,129.17,KL-PAM-01
1999-06-26,3.6,121.61,KL-PAM-01
1999-06-27,3.5,114.76,KL-PAM-01
1999-06-28,1.0,108.54,KL-PAM-01
1999-06-29,3.0,102.19,KL-PAM-01
1999-06-30,3.4,96.2,KL-PAM-01
1999-07-01,1.7,90.77,KL-PAM-01
1999-07-02,7.2,86.05,KL-PAM-01
1999-07-03,13.8,82.33,KL-PAM-01
1999-07-04,58.8,80.81,KL-PAM-01
1999-07-05,59.5,176.98,KL-PAM-01
1999-07-06,23.3,190.14,KL-PAM-01
1999-07-07,23.6,170.94,KL-PAM-01
1999-07-08,22.2,156.55,KL-PAM-01
1999-07-09,17.4,151.55,KL-PAM-01
1999-07-10,5.6,148.43,KL-PAM-01
1999-07-11,3.1,140.4,KL-PAM-01
1999-07-12,5.3,131.28,KL-PAM-01
1999-07-13,5.9,123.6,KL-PAM-01
1999-07-14,3.7,117.19,KL-PAM-01
1999-07-15,6.0,112.13,KL-PAM-01
1999-07-16,14.0,112.91,KL-PAM-01
1999-07-17,20.3,130.07,KL-PAM-01
1999-07-18,51.6,198.67,KL-PAM-01
1999-07-19,26.1,229.29,KL-PAM-01
1999-07-20,22.0,225.62,KL-PAM-01
1999-07-21,20.2,214.43,KL-PAM-01
1999-07-22,18.6,201.45,KL-PAM-01
1999-07-23,6.1,191.46,KL-PAM-01
1999-07-24,4.8,180.28,KL-PAM-01
1999-07-25,9.0,169.76,KL-PAM-01
1999-07-26,20.3,163.97,KL-PAM-01
1999-07-27,5.2,164.35,KL-PAM-01
1999-07-28,5.1,159.84,KL-PAM-01
1999-07-29,6.3,153.68,KL-PAM-01
1999-07-30,7.0,148.09,KL-PAM-01
1999-07-31,13.8,142.7,KL-PAM-01
1999-08-01,9.8,139.11,KL-PAM-01
1999-08-02,3.8,136.24,KL-PAM-01
1999-08-03,9.9,131.28,KL-PAM-01
1999-08-04,5.6,126.2,KL-PAM-01
1999-08-05,8.3,119.66,KL-PAM-01
1999-08-06,4.5,115.03,KL-PAM-01
1999-08-07,4.8,111.1,KL-PAM-01
1999-08-08,2.6,107.05,KL-PAM-01
1999-08-09,6.2,102.67,KL-PAM-01
1999-08-10,2.4,98.46,KL-PAM-01
1999-08-11,13.5,94.43,KL-PAM-01
1999-08-12,2.0,91.83,KL-PAM-01
1999-08-13,4.7,89.1,KL-PAM-01
1999-08-14,2.0,84.86,KL-PAM-01
1999-08-15,7.3,80.43,KL-PAM-01
1999-08-16,6.9,78.58,KL-PAM-01
1999-08-17,28.1,78.04,KL-PAM-01
1999-08-18,4.5,80.81,KL-PAM-01
1999-08-19,6.0,80.81,KL-PAM-01
1999-08-20,5.2,78.04,KL-PAM-01
1999-08-21,15.3,76.42,KL-PAM-01
1999-08-22,4.8,76.77,KL-PAM-01
1999-08-23,7.6,75.36,KL-PAM-01
1999-08-24,8.6,73.96,KL-PAM-01
1999-08-25,20.2,71.93,KL-PAM-01
1999-08-26,8.3,71.59,KL-PAM-01
1999-08-27,7.3,70.6,KL-PAM-01
1999-08-28,1.8,67.86,KL-PAM-01
1999-08-29,6.6,65.06,KL-PAM-01
1999-08-30,6.3,62.83,KL-PAM-01
1999-08-31,2.9,60.67,KL-PAM-01
1999-09-01,5.8,58.86,KL-PAM-01
1999-09-02,3.2,57.76,KL-PAM-01
1999-09-03,4.7,56.83,KL-PAM-01
1999-09-04,1.0,55.38,KL-PAM-01
1999-09-05,5.7,53.85,KL-PAM-01
1999-09-06,6.4,52.11,KL-PAM-01
1999-09-07,3.5,52.49,KL-PAM-01
1999-09-08,4.1,51.75,KL-PAM-01
1999-09-09,3.1,49.74,KL-PAM-01
1999-09-10,2.9,47.9,KL-PAM-01
1999-09-11,1.6,46.25,KL-PAM-01
1999-09-12,2.7,44.75,KL-PAM-01
1999-09-13,3.1,43.1,KL-PAM-01
1999-09-14,5.2,41.91,KL-PAM-01
1999-09-15,2.0,40.74,KL-PAM-01
1999-09-16,2.4,39.42,KL-PAM-01
1999-09-17,2.2,38.14,KL-PAM-01
1999-09-18,4.0,37.08,KL-PAM-01
1999-09-19,2.4,36.13,KL-PAM-01
1999-09-20,3.5,35.21,KL-PAM-01
1999-09-21,1.2,34.06,KL-PAM-01
1999-09-22,0.1,32.88,KL-PAM-01
1999-09-23,0.0,31.81,KL-PAM-01
1999-09-24,1.7,33.42,KL-PAM-01
1999-09-25,3.3,37.17,KL-PAM-01
1999-09-26,11.9,40.55,KL-PAM-01
1999-09-27,6.0,43.51,KL-PAM-01
1999-09-28,5.7,44.44,KL-PAM-01
1999-09-29,10.5,44.34,KL-PAM-01
1999-09-30,15.9,45.5,KL-PAM-01
1999-10-01,17.3,48.01,KL-PAM-01
1999-10-02,3.6,51.75,KL-PAM-01
1999-10-03,4.5,53.1,KL-PAM-01
1999-10-04,22.0,53.35,KL-PAM-01
1999-10-05,29.4,67.54,KL-PAM-01
1999-10-06,7.8,84.07,KL-PAM-01
1999-10-07,18.1,88.89,KL-PAM-01
1999-10-08,38.5,95.31,KL-PAM-01
1999-10-09,6.8,104.1,KL-PAM-01
1999-10-10,26.1,102.67,KL-PAM-01
1999-10-11,7.6,105.32,KL-PAM-01
1999-10-12,13.3,110.32,KL-PAM-01
1999-10-13,16.3,126.2,KL-PAM-01
1999-10-14,70.2,306.05,KL-PAM-01
1999-10-15,23.1,332.58,KL-PAM-01
1999-10-16,25.5,295.63,KL-PAM-01
1999-10-17,27.0,273.31,KL-PAM-01
1999-10-18,13.6,258.57,KL-PAM-01
1999-10-19,12.8,245.75,KL-PAM-01
1999-10-20,6.7,233.03,KL-PAM-01
1999-10-21,2.7,221.48,KL-PAM-01
1999-10-22,4.0,211.47,KL-PAM-01
1999-10-23,7.9,202.85,KL-PAM-01
1999-10-24,9.1,200.98,KL-PAM-01
1999-10-25,7.4,202.38,KL-PAM-01
1999-10-26,7.4,198.21,KL-PAM-01
1999-10-27,11.4,193.69,KL-PAM-01
1999-10-28,24.7,191.46,KL-PAM-01
1999-10-29,12.4,192.79,KL-PAM-01
1999-10-30,10.2,188.38,KL-PAM-01
1999-10-31,3.0,179.45,KL-PAM-01
1999-11-01,0.2,168.98,KL-PAM-01
1999-11-02,0.8,158.37,KL-PAM-01
1999-11-03,2.2,149.46,KL-PAM-01
1999-11-04,0.8,140.4,KL-PAM-01
1999-11-05,2.6,132.81,KL-PAM-01
1999-11-06,11.1,127.38,KL-PAM-01
1999-11-07,0.1,126.5,KL-PAM-01
1999-11-08,1.5,121.33,KL-PAM-01
1999-11-09,0.2,114.49,KL-PAM-01
1999-11-10,0.2,108.04,KL-PAM-01
1999-11-11,0.5,101.71,KL-PAM-01
1999-11-12,1.2,96.42,KL-PAM-01
1999-11-13,1.3,92.69,KL-PAM-01
1999-11-14,0.7,88.27,KL-PAM-01
1999-11-15,0.0,83.68,KL-PAM-01
1999-11-16,0.0,79.13,KL-PAM-01
1999-11-17,0.0,74.66,KL-PAM-01
1999-11-18,0.2,70.93,KL-PAM-01
1999-11-19,18.7,69.95,KL-PAM-01
1999-11-20,18.1,76.42,KL-PAM-01
1999-11-21,11.0,84.26,KL-PAM-01
1999-11-22,4.6,89.31,KL-PAM-01
1999-11-23,3.7,89.94,KL-PAM-01
1999-11-24,0.2,86.85,KL-PAM-01
1999-11-25,0.0,82.13,KL-PAM-01
1999-11-26,1.4,77.5,KL-PAM-01
1999-11-27,1.2,74.49,KL-PAM-01
1999-11-28,3.0,73.11,KL-PAM-01
1999-11-29,10.1,75.71,KL-PAM-01
1999-11-30,4.6,79.32,KL-PAM-01
1999-12-01,2.9,78.04,KL-PAM-01
1999-12-02,9.3,75.36,KL-PAM-01
1999-12-03,0.4,74.49,KL-PAM-01
1999-12-04,0.3,71.26,KL-PAM-01
1999-12-05,0.1,67.38,KL-PAM-01
1999-12-06,0.0,63.71,KL-PAM-01
1999-12-07,0.2,60.53,KL-PAM-01
1999-12-08,0.5,57.9,KL-PAM-01
1999-12-09,0.3,55.65,KL-PAM-01
1999-12-10,0.8,53.35,KL-PAM-01
1999-12-11,1.2,51.63,KL-PAM-01
1999-12-12,1.5,50.2,KL-PAM-01
1999-12-13,3.4,49.74,KL-PAM-01
1999-12-14,2.2,49.62,KL-PAM-01
1999-12-15,0.5,49.27,KL-PAM-01
1999-12-16,0.1,47.57,KL-PAM-01
1999-12-17,0.8,45.39,KL-PAM-01
1999-12-18,0.3,43.51,KL-PAM-01
1999-12-19,0.2,41.91,KL-PAM-01
1999-12-20,0.0,39.98,KL-PAM-01
1999-12-21,0.0,38.05,KL-PAM-01
1999-12-22,0.0,36.22,KL-PAM-01
1999-12-23,3.0,34.63,KL-PAM-01
1999-12-24,0.0,33.66,KL-PAM-01
1999-12-25,0.8,32.49,KL-PAM-01
1999-12-26,0.0,31.22,KL-PAM-01
1999-12-27,0.0,29.91,KL-PAM-01
1999-12-28,0.0,28.66,KL-PAM-01
1999-12-29,0.0,27.46,KL-PAM-01
1999-12-30,0.0,26.44,KL-PAM-01
1999-12-31,0.0,25.39,KL-PAM-01
2000-01-01,0.0,24.5,KL-PAM-01
2000-01-02,0.0,23.7,KL-PAM-01
2000-01-03,0.3,22.92,KL-PAM-01
2000-01-04,0.0,22.44,KL-PAM-01
2000-01-05,0.0,21.9,KL-PAM-01
2000-01-06,0.3,21.33,KL-PAM-01
2000-01-07,5.5,21.43,KL-PAM-01
2000-01-08,5.3,22.27,KL-PAM-01
2000-01-09,3.7,22.92,KL-PAM-01
2000-01-10,8.0,23.25,KL-PAM-01
2000-01-11,9.3,17.31,KL-PAM-01
2000-01-12,2.9,15.48,KL-PAM-01
2000-01-13,2.3,15.86,KL-PAM-01
2000-01-14,1.4,16.29,KL-PAM-01
2000-01-15,0.3,15.98,KL-PAM-01
2000-01-16,2.3,15.22,KL-PAM-01
2000-01-17,0.3,14.64,KL-PAM-01
2000-01-18,0.0,13.77,KL-PAM-01
2000-01-19,0.0,12.58,KL-PAM-01
2000-01-20,0.0,11.4,KL-PAM-01
2000-01-21,0.0,11.37,KL-PAM-01
2000-01-22,0.0,11.15,KL-PAM-01
2000-01-23,0.1,10.68,KL-PAM-01
2000-01-24,0.0,10.16,KL-PAM-01
2000-01-25,0.0,9.57,KL-PAM-01
2000-01-26,0.0,8.99,KL-PAM-01
2000-01-27,0.0,8.46,KL-PAM-01
2000-01-28,0.0,7.84,KL-PAM-01
2000-01-29,0.0,7.4,KL-PAM-01
2000-01-30,0.0,6.93,KL-PAM-01
2000-01-31,0.0,10.9,KL-PAM-01
2000-02-01,0.0,13.48,KL-PAM-01
2000-02-02,0.2,13.67,KL-PAM-01
2000-02-03,1.7,13.48,KL-PAM-01
2000-02-04,6.7,13.71,KL-PAM-01
2000-02-05,3.1,13.98,KL-PAM-01
2000-02-06,2.0,14.53,KL-PAM-01
2000-02-07,2.8,14.75,KL-PAM-01
2000-02-08,0.0,14.82,KL-PAM-01
2000-02-09,0.0,14.61,KL-PAM-01
2000-02-10,1.0,14.32,KL-PAM-01
2000-02-11,3.3,14.18,KL-PAM-01
2000-02-12,2.8,14.61,KL-PAM-01
2000-02-13,1.4,15.45,KL-PAM-01
2000-02-14,0.4,15.56,KL-PAM-01
2000-02-15,0.0,15.04,KL-PAM-01
2000-02-16,0.4,14.64,KL-PAM-01
2000-02-17,0.2,14.25,KL-PAM-01
2000-02-18,0.1,13.91,KL-PAM-01
2000-02-19,0.0,13.54,KL-PAM-01
2000-02-20,0.4,13.05,KL-PAM-01
2000-02-21,0.0,12.67,KL-PAM-01
2000-02-22,0.0,12.48,KL-PAM-01
2000-02-23,0.3,12.42,KL-PAM-01
2000-02-24,2.2,12.33,KL-PAM-01
2000-02-25,0.3,13.09,KL-PAM-01
2000-02-26,1.4,13.44,KL-PAM-01
2000-02-27,2.4,13.27,KL-PAM-01
2000-02-28,9.0,14.43,KL-PAM-01
2000-02-29,0.1,14.85,KL-PAM-01
2000-03-01,0.0,14.36,KL-PAM-01
2000-03-02,0.0,13.81,KL-PAM-01
2000-03-03,0.2,13.15,KL-PAM-01
2000-03-04,0.0,12.67,KL-PAM-01
2000-03-05,0.5,12.33,KL-PAM-01
2000-03-06,0.6,12.4,KL-PAM-01
2000-03-07,0.0,12.4,KL-PAM-01
2000-03-08,1.0,12.07,KL-PAM-01
2000-03-09,0.9,11.74,KL-PAM-01
2000-03-10,1.9,11.83,KL-PAM-01
2000-03-11,0.3,12.03,KL-PAM-01
2000-03-12,1.6,12.03,KL-PAM-01
2000-03-13,0.4,11.77,KL-PAM-01
2000-03-14,2.0,13.21,KL-PAM-01
2000-03-15,0.6,16.02,KL-PAM-01
2000-03-16,0.0,17.82,KL-PAM-01
2000-03-17,0.2,17.9,KL-PAM-01
2000-03-18,0.1,16.98,KL-PAM-01
2000-03-19,0.3,16.09,KL-PAM-01
2000-03-20,0.0,15.22,KL-PAM-01
2000-03-21,0.9,14.43,KL-PAM-01
2000-03-22,0.4,13.84,KL-PAM-01
2000-03-23,1.7,13.64,KL-PAM-01
2000-03-24,6.0,13.88,KL-PAM-01
2000-03-25,5.7,13.64,KL-PAM-01
2000-03-26,4.8,14.01,KL-PAM-01
2000-03-27,13.2,15.48,KL-PAM-01
2000-03-28,4.7,16.85,KL-PAM-01
2000-03-29,2.1,16.52,KL-PAM-01
2000-03-30,7.7,17.39,KL-PAM-01
2000-03-31,2.5,18.69,KL-PAM-01
2000-04-01,21.9,21.9,KL-PAM-01
2000-04-02,8.3,24.39,KL-PAM-01
2000-04-03,2.8,25.33,KL-PAM-01
2000-04-04,8.1,27.33,KL-PAM-01
2000-04-05,5.9,30.41,KL-PAM-01
2000-04-06,13.0,40.07,KL-PAM-01
2000-04-07,3.6,51.51,KL-PAM-01
2000-04-08,1.0,58.72,KL-PAM-01
2000-04-09,4.5,58.44,KL-PAM-01
2000-04-10,1.5,56.69,KL-PAM-01
2000-04-11,8.7,55.0,KL-PAM-01
2000-04-12,2.2,55.38,KL-PAM-01
2000-04-13,5.3,55.38,KL-PAM-01
2000-04-14,4.3,55.13,KL-PAM-01
2000-04-15,1.6,55.77,KL-PAM-01
2000-04-16,0.2,55.77,KL-PAM-01
2000-04-17,8.1,57.76,KL-PAM-01
2000-04-18,4.1,64.77,KL-PAM-01
2000-04-19,5.1,73.79,KL-PAM-01
2000-04-20,5.4,78.95,KL-PAM-01
2000-04-21,9.4,80.06,KL-PAM-01
2000-04-22,14.7,78.95,KL-PAM-01
2000-04-23,1.4,78.04,KL-PAM-01
2000-04-24,3.2,76.42,KL-PAM-01
2000-04-25,8.6,74.84,KL-PAM-01
2000-04-26,2.3,74.49,KL-PAM-01
2000-04-27,3.3,73.11,KL-PAM-01
2000-04-28,2.8,72.43,KL-PAM-01
2000-04-29,1.5,71.09,KL-PAM-01
2000-04-30,1.3,68.66,KL-PAM-01
2000-05-01,1.5,67.86,KL-PAM-01
2000-05-02,1.3,66.6,KL-PAM-01
2000-05-03,2.8,65.06,KL-PAM-01
2000-05-04,3.5,63.27,KL-PAM-01
2000-05-05,1.8,61.81,KL-PAM-01
2000-05-06,7.5,61.38,KL-PAM-01
2000-05-07,9.0,62.53,KL-PAM-01
2000-05-08,3.7,61.81,KL-PAM-01
2000-05-09,1.5,60.53,KL-PAM-01
2000-05-10,7.9,58.99,KL-PAM-01
2000-05-11,14.4,58.99,KL-PAM-01
2000-05-12,4.3,59.54,KL-PAM-01
2000-05-13,1.1,57.76,KL-PAM-01
2000-05-14,0.0,55.13,KL-PAM-01
2000-05-15,2.9,52.24,KL-PAM-01
2000-05-16,5.9,49.5,KL-PAM-01
2000-05-17,17.4,48.47,KL-PAM-01
2000-05-18,14.7,50.91,KL-PAM-01
2000-05-19,8.9,51.27,KL-PAM-01
2000-05-20,6.1,50.2,KL-PAM-01
2000-05-21,3.1,48.81,KL-PAM-01
2000-05-22,2.0,47.12,KL-PAM-01
2000-05-23,3.0,45.07,KL-PAM-01
2000-05-24,10.7,43.61,KL-PAM-01
2000-05-25,16.6,43.31,KL-PAM-01
2000-05-26,21.2,43.92,KL-PAM-01
2000-05-27,31.0,46.58,KL-PAM-01
2000-05-28,6.2,51.63,KL-PAM-01
2000-05-29,3.1,52.0,KL-PAM-01
2000-05-30,8.0,49.97,KL-PAM-01
2000-05-31,9.0,48.35,KL-PAM-01
2000-06-01,20.4,47.68,KL-PAM-01
2000-06-02,11.3,48.47,KL-PAM-01
2000-06-03,4.3,49.04,KL-PAM-01
2000-06-04,8.1,48.81,KL-PAM-01
2000-06-05,25.7,53.47,KL-PAM-01
2000-06-06,20.4,111.35,KL-PAM-01
2000-06-07,19.7,178.21,KL-PAM-01
2000-06-08,21.6,183.65,KL-PAM-01
2000-06-09,17.6,172.93,KL-PAM-01
2000-06-10,22.8,165.88,KL-PAM-01
2000-06-11,21.1,162.83,KL-PAM-01
2000-06-12,11.3,160.21,KL-PAM-01
2000-06-13,7.0,156.19,KL-PAM-01
2000-06-14,10.5,148.78,KL-PAM-01
2000-06-15,3.6,140.08,KL-PAM-01
2000-06-16,3.3,132.2,KL-PAM-01
2000-06-17,5.1,125.33,KL-PAM-01
2000-06-18,6.2,120.21,KL-PAM-01
2000-06-19,6.0,116.91,KL-PAM-01
2000-06-20,5.3,115.03,KL-PAM-01
2000-06-21,7.5,111.87,KL-PAM-01
2000-06-22,13.9,108.3,KL-PAM-01
2000-06-23,6.8,104.59,KL-PAM-01
2000-06-24,2.3,100.08,KL-PAM-01
2000-06-25,3.6,95.31,KL-PAM-01
2000-06-26,9.1,90.56,KL-PAM-01
2000-06-27,27.5,87.86,KL-PAM-01
2000-06-28,30.1,90.35,KL-PAM-01
2000-06-29,13.6,94.43,KL-PAM-01
2000-06-30,8.9,103.38,KL-PAM-01
2000-07-01,19.5,112.13,KL-PAM-01
2000-07-02,12.0,117.73,KL-PAM-01
2000-07-03,4.1,117.19,KL-PAM-01
2000-07-04,6.3,112.39,KL-PAM-01
2000-07-05,12.2,110.58,KL-PAM-01
2000-07-06,13.4,110.07,KL-PAM-01
2000-07-07,7.6,111.1,KL-PAM-01
2000-07-08,6.1,108.8,KL-PAM-01
2000-07-09,4.4,106.05,KL-PAM-01
2000-07-10,3.6,103.38,KL-PAM-01
2000-07-11,7.8,101.25,KL-PAM-01
2000-07-12,3.5,101.48,KL-PAM-01
2000-07-13,4.3,98.92,KL-PAM-01
2000-07-14,3.0,94.21,KL-PAM-01
2000-07-15,0.1,89.72,KL-PAM-01
2000-07-16,0.9,85.05,KL-PAM-01
2000-07-17,6.8,80.25,KL-PAM-01
2000-07-18,1.4,76.77,KL-PAM-01
2000-07-19,1.4,74.14,KL-PAM-01
2000-07-20,1.0,71.09,KL-PAM-01
2000-07-21,0.0,67.38,KL-PAM-01
2000-07-22,0.3,64.01,KL-PAM-01
2000-07-23,0.8,60.81,KL-PAM-01
2000-07-24,1.5,57.63,KL-PAM-01
2000-07-25,3.6,54.87,KL-PAM-01
2000-07-26,4.2,52.24,KL-PAM-01
2000-07-27,12.1,50.43,KL-PAM-01
2000-07-28,3.7,50.2,KL-PAM-01
2000-07-29,10.3,49.5,KL-PAM-01
2000-07-30,3.0,48.69,KL-PAM-01
2000-07-31,6.1,47.79,KL-PAM-01
2000-08-01,2.7,46.9,KL-PAM-01
2000-08-02,4.1,45.92,KL-PAM-01
2000-08-03,20.7,46.36,KL-PAM-01
2000-08-04,19.7,78.04,KL-PAM-01
2000-08-05,6.0,93.12,KL-PAM-01
2000-08-06,19.6,88.07,KL-PAM-01
2000-08-07,16.3,91.19,KL-PAM-01
2000-08-08,18.1,101.25,KL-PAM-01
2000-08-09,15.9,116.91,KL-PAM-01
2000-08-10,18.6,126.5,KL-PAM-01
2000-08-11,4.9,128.57,KL-PAM-01
2000-08-12,0.4,123.32,KL-PAM-01
2000-08-13,0.2,115.56,KL-PAM-01
2000-08-14,5.0,112.13,KL-PAM-01
2000-08-15,15.7,114.76,KL-PAM-01
2000-08-16,8.2,117.73,KL-PAM-01
2000-08-17,15.5,114.76,KL-PAM-01
2000-08-18,26.0,112.65,KL-PAM-01
2000-08-19,10.5,115.83,KL-PAM-01
2000-08-20,7.4,116.37,KL-PAM-01
2000-08-21,3.7,114.49,KL-PAM-01
2000-08-22,6.0,118.0,KL-PAM-01
2000-08-23,8.1,134.67,KL-PAM-01
2000-08-24,32.1,202.38,KL-PAM-01
2000-08-25,27.5,267.69,KL-PAM-01
2000-08-26,19.7,292.91,KL-PAM-01
2000-08-27,20.8,277.77,KL-PAM-01
2000-08-28,17.2,256.78,KL-PAM-01
2000-08-29,3.2,237.93,KL-PAM-01
2000-08-30,2.5,219.95,KL-PAM-01
2000-08-31,1.0,203.79,KL-PAM-01
2000-09-01,0.9,189.7,KL-PAM-01
2000-09-02,3.1,176.98,KL-PAM-01
2000-09-03,2.1,165.49,KL-PAM-01
2000-09-04,1.1,155.47,KL-PAM-01
2000-09-05,2.7,146.04,KL-PAM-01
2000-09-06,4.3,138.47,KL-PAM-01
2000-09-07,1.8,131.59,KL-PAM-01
2000-09-08,2.4,124.46,KL-PAM-01
2000-09-09,2.7,118.0,KL-PAM-01
2000-09-10,3.8,111.61,KL-PAM-01
2000-09-11,2.1,105.32,KL-PAM-01
2000-09-12,2.6,99.38,KL-PAM-01
2000-09-13,4.1,94.43,KL-PAM-01
2000-09-14,4.0,91.62,KL-PAM-01
2000-09-15,9.5,89.31,KL-PAM-01
2000-09-16,10.5,87.25,KL-PAM-01
2000-09-17,8.0,86.25,KL-PAM-01
2000-09-18,8.4,83.68,KL-PAM-01
2000-09-19,19.4,82.51,KL-PAM-01
2000-09-20,28.3,85.05,KL-PAM-01
2000-09-21,15.4,90.98,KL-PAM-01
2000-09-22,10.0,93.34,KL-PAM-01
2000-09-23,2.2,95.75,KL-PAM-01
2000-09-24,9.5,100.77,KL-PAM-01
2000-09-25,13.3,106.05,KL-PAM-01
2000-09-26,3.2,113.18,KL-PAM-01
2000-09-27,9.4,117.46,KL-PAM-01
2000-09-28,10.3,118.0,KL-PAM-01
2000-09-29,7.8,114.76,KL-PAM-01
2000-09-30,19.4,111.35,KL-PAM-01
2000-10-01,51.7,136.24,KL-PAM-01
2000-10-02,25.3,156.91,KL-PAM-01
2000-10-03,17.8,160.96,KL-PAM-01
2000-10-04,11.2,156.91,KL-PAM-01
2000-10-05,12.4,149.81,KL-PAM-01
2000-10-06,15.1,144.36,KL-PAM-01
2000-10-07,8.6,140.73,KL-PAM-01
2000-10-08,3.3,135.29,KL-PAM-01
2000-10-09,0.7,128.87,KL-PAM-01
2000-10-10,2.8,122.18,KL-PAM-01
2000-10-11,1.7,115.29,KL-PAM-01
2000-10-12,5.4,109.05,KL-PAM-01
2000-10-13,5.5,104.1,KL-PAM-01
2000-10-14,8.0,99.38,KL-PAM-01
2000-10-15,4.1,95.75,KL-PAM-01
2000-10-16,11.2,93.12,KL-PAM-01
2000-10-17,10.4,93.55,KL-PAM-01
2000-10-18,11.2,92.26,KL-PAM-01
2000-10-19,3.3,90.98,KL-PAM-01
2000-10-20,2.7,87.46,KL-PAM-01
2000-10-21,3.6,82.71,KL-PAM-01
2000-10-22,8.9,78.95,KL-PAM-01
2000-10-23,13.7,80.62,KL-PAM-01
2000-10-24,2.2,80.62,KL-PAM-01
2000-10-25,1.0,78.22,KL-PAM-01
2000-10-26,0.0,75.53,KL-PAM-01
2000-10-27,0.3,71.76,KL-PAM-01
2000-10-28,0.8,68.02,KL-PAM-01
2000-10-29,1.2,64.77,KL-PAM-01
2000-10-30,3.1,61.96,KL-PAM-01
2000-10-31,1.4,59.41,KL-PAM-01
2000-11-01,0.9,56.96,KL-PAM-01
2000-11-02,1.5,54.61,KL-PAM-01
2000-11-03,2.2,52.24,KL-PAM-01
2000-11-04,3.9,50.32,KL-PAM-01
2000-11-05,2.3,48.69,KL-PAM-01
2000-11-06,3.9,47.34,KL-PAM-01
2000-11-07,0.1,45.71,KL-PAM-01
2000-11-08,0.2,43.72,KL-PAM-01
2000-11-09,0.2,41.91,KL-PAM-01
2000-11-10,0.0,40.07,KL-PAM-01
2000-11-11,0.5,38.24,KL-PAM-01
2000-11-12,0.0,36.74,KL-PAM-01
2000-11-13,1.0,35.12,KL-PAM-01
2000-11-14,0.2,33.82,KL-PAM-01
2000-11-15,0.0,32.65,KL-PAM-01
2000-11-16,0.0,31.22,KL-PAM-01
2000-11-17,0.0,29.84,KL-PAM-01
2000-11-18,1.3,28.66,KL-PAM-01
2000-11-19,21.0,29.56,KL-PAM-01
2000-11-20,56.8,50.67,KL-PAM-01
2000-11-21,12.9,69.79,KL-PAM-01
2000-11-22,6.0,76.77,KL-PAM-01
2000-11-23,6.9,77.67,KL-PAM-01
2000-11-24,0.9,76.95,KL-PAM-01
2000-11-25,1.4,73.45,KL-PAM-01
2000-11-26,0.0,69.79,KL-PAM-01
2000-11-27,0.0,65.98,KL-PAM-01
2000-11-28,0.8,62.53,KL-PAM-01
2000-11-29,2.7,59.13,KL-PAM-01
2000-11-30,6.7,56.56,KL-PAM-01
2000-12-01,0.0,56.43,KL-PAM-01
2000-12-02,0.5,54.74,KL-PAM-01
2000-12-03,3.5,52.49,KL-PAM-01
2000-12-04,0.0,50.79,KL-PAM-01
2000-12-05,7.9,48.92,KL-PAM-01
2000-12-06,0.2,48.24,KL-PAM-01
2000-12-07,0.0,46.36,KL-PAM-01
2000-12-08,0.0,43.82,KL-PAM-01
2000-12-09,0.0,41.52,KL-PAM-01
2000-12-10,0.0,39.42,KL-PAM-01
2000-12-11,0.0,37.43,KL-PAM-01
2000-12-12,0.0,35.54,KL-PAM-01
2000-12-13,0.0,33.82,KL-PAM-01
2000-12-14,0.0,32.18,KL-PAM-01
2000-12-15,0.0,30.7,KL-PAM-01
2000-12-16,0.0,29.28,KL-PAM-01
2000-12-17,0.0,27.99,KL-PAM-01
2000-12-18,0.0,26.76,KL-PAM-01
2000-12-19,0.0,25.7,KL-PAM-01
2000-12-20,0.0,24.68,KL-PAM-01
2000-12-21,0.0,23.7,KL-PAM-01
2000-12-22,0.0,22.87,KL-PAM-01
2000-12-23,0.0,22.06,KL-PAM-01
2000-12-24,0.0,21.28,KL-PAM-01
2000-12-25,0.0,20.63,KL-PAM-01
2000-12-26,0.0,20.09,KL-PAM-01
2000-12-27,48.4,47.46,KL-PAM-01
2000-12-28,26.0,70.27,KL-PAM-01
2000-12-29,0.0,69.13,KL-PAM-01
2000-12-30,0.3,62.69,KL-PAM-01
2000-12-31,2.3,56.16,KL-PAM-01
2001-01-01,1.2,51.63,KL-PAM-01
2001-01-02,2.1,48.81,KL-PAM-01
2001-01-03,0.2,46.9,KL-PAM-01
2001-01-04,0.0,44.55,KL-PAM-01
2001-01-05,0.0,41.8,KL-PAM-01
2001-01-06,0.8,39.42,KL-PAM-01
2001-01-07,0.0,37.25,KL-PAM-01
2001-01-08,0.0,35.21,KL-PAM-01
2001-01-09,0.0,33.42,KL-PAM-01
2001-01-10,0.2,31.81,KL-PAM-01
2001-01-11,0.0,23.47,KL-PAM-01
2001-01-12,0.1,18.78,KL-PAM-01
2001-01-13,0.0,16.69,KL-PAM-01
2001-01-14,0.6,15.04,KL-PAM-01
2001-01-15,0.0,13.5,KL-PAM-01
2001-01-16,0.0,11.97,KL-PAM-01
2001-01-17,0.0,10.58,KL-PAM-01
2001-01-18,0.0,9.25,KL-PAM-01
2001-01-19,0.0,8.33,KL-PAM-01
2001-01-20,0.0,7.94,KL-PAM-01
2001-01-21,0.0,8.08,KL-PAM-01
2001-01-22,0.1,8.14,KL-PAM-01
2001-01-23,0.4,7.94,KL-PAM-01
2001-01-24,2.5,7.35,KL-PAM-01
2001-01-25,4.4,7.15,KL-PAM-01
2001-01-26,0.2,8.04,KL-PAM-01
2001-01-27,0.4,8.48,KL-PAM-01
2001-01-28,0.0,8.44,KL-PAM-01
2001-01-29,0.4,8.1,KL-PAM-01
2001-01-30,2.4,7.2,KL-PAM-01
2001-01-31,1.1,11.51,KL-PAM-01
2001-02-01,4.2,14.43,KL-PAM-01
2001-02-02,3.3,15.15,KL-PAM-01
2001-02-03,2.0,16.13,KL-PAM-01
2001-02-04,0.9,17.02,KL-PAM-01
2001-02-05,2.3,17.06,KL-PAM-01
2001-02-06,1.2,17.26,KL-PAM-01
2001-02-07,0.2,17.22,KL-PAM-01
2001-02-08,0.0,16.85,KL-PAM-01
2001-02-09,0.0,16.37,KL-PAM-01
2001-02-10,0.3,15.71,KL-PAM-01
2001-02-11,0.4,15.63,KL-PAM-01
2001-02-12,0.8,15.59,KL-PAM-01
2001-02-13,1.7,15.4,KL-PAM-01
2001-02-14,1.7,15.15,KL-PAM-01
2001-02-15,1.5,15.07,KL-PAM-01
2001-02-16,0.9,15.63,KL-PAM-01
2001-02-17,0.4,16.29,KL-PAM-01
2001-02-18,0.6,16.49,KL-PAM-01
2001-02-19,2.2,16.17,KL-PAM-01
2001-02-20,0.9,15.82,KL-PAM-01
2001-02-21,0.3,15.86,KL-PAM-01
2001-02-22,0.3,15.71,KL-PAM-01
2001-02-23,0.9,15.22,KL-PAM-01
2001-02-24,0.4,15.11,KL-PAM-01
2001-02-25,1.6,16.37,KL-PAM-01
2001-02-26,3.1,17.9,KL-PAM-01
2001-02-27,1.3,18.12,KL-PAM-01
2001-02-28,0.4,17.77,KL-PAM-01
2001-03-01,7.7,18.29,KL-PAM-01
2001-03-02,0.6,18.16,KL-PAM-01
2001-03-03,0.0,17.18,KL-PAM-01
2001-03-04,1.6,16.33,KL-PAM-01
2001-03-05,0.8,16.02,KL-PAM-01
2001-03-06,0.5,15.74,KL-PAM-01
2001-03-07,0.5,16.09,KL-PAM-01
2001-03-08,0.0,16.09,KL-PAM-01
2001-03-09,0.8,16.33,KL-PAM-01
2001-03-10,1.4,16.73,KL-PAM-01
2001-03-11,0.2,16.73,KL-PAM-01
2001-03-12,0.3,16.57,KL-PAM-01
2001-03-13,0.3,16.17,KL-PAM-01
2001-03-14,0.9,15.4,KL-PAM-01
2001-03-15,0.3,15.11,KL-PAM-01
2001-03-16,1.2,14.57,KL-PAM-01
2001-03-17,1.0,14.71,KL-PAM-01
2001-03-18,2.0,14.75,KL-PAM-01
2001-03-19,1.5,14.78,KL-PAM-01
2001-03-20,1.0,14.64,KL-PAM-01
2001-03-21,0.4,14.53,KL-PAM-01
2001-03-22,0.6,14.18,KL-PAM-01
2001-03-23,1.1,14.11,KL-PAM-01
2001-03-24,0.3,14.75,KL-PAM-01
2001-03-25,0.3,15.56,KL-PAM-01
2001-03-26,0.0,15.94,KL-PAM-01
2001-03-27,0.0,15.45,KL-PAM-01
2001-03-28,0.0,15.4,KL-PAM-01
2001-03-29,5.7,16.98,KL-PAM-01
2001-03-30,4.8,17.31,KL-PAM-01
2001-03-31,1.1,16.57,KL-PAM-01
2001-04-01,0.3,16.17,KL-PAM-01
2001-04-02,0.2,16.69,KL-PAM-01
2001-04-03,1.8,17.48,KL-PAM-01
2001-04-04,9.6,19.57,KL-PAM-01
2001-04-05,7.8,23.7,KL-PAM-01
2001-04-06,13.3,30.2,KL-PAM-01
2001-04-07,3.3,33.51,KL-PAM-01
2001-04-08,3.9,35.54,KL-PAM-01
2001-04-09,2.4,42.71,KL-PAM-01
2001-04-10,23.1,50.43,KL-PAM-01
2001-04-11,48.5,65.37,KL-PAM-01
2001-04-12,8.0,76.95,KL-PAM-01
2001-04-13,3.8,77.31,KL-PAM-01
2001-04-14,9.7,73.79,KL-PAM-01
2001-04-15,3.1,73.96,KL-PAM-01
2001-04-16,2.3,73.96,KL-PAM-01
2001-04-17,7.8,76.6,KL-PAM-01
2001-04-18,9.5,86.85,KL-PAM-01
2001-04-19,14.5,101.95,KL-PAM-01
2001-04-20,15.5,113.44,KL-PAM-01
2001-04-21,5.5,119.1,KL-PAM-01
2001-04-22,4.7,116.64,KL-PAM-01
2001-04-23,3.1,111.87,KL-PAM-01
2001-04-24,5.6,108.3,KL-PAM-01
2001-04-25,2.7,104.1,KL-PAM-01
2001-04-26,4.9,99.38,KL-PAM-01
2001-04-27,14.4,98.92,KL-PAM-01
2001-04-28,9.7,101.71,KL-PAM-01
2001-04-29,6.6,102.19,KL-PAM-01
2001-04-30,29.2,101.48,KL-PAM-01
2001-05-01,7.1,104.35,KL-PAM-01
2001-05-02,3.0,104.35,KL-PAM-01
2001-05-03,1.6,101.25,KL-PAM-01
2001-05-04,0.5,96.42,KL-PAM-01
2001-05-05,0.9,91.62,KL-PAM-01
2001-05-06,9.8,87.05,KL-PAM-01
2001-05-07,7.6,84.65,KL-PAM-01
2001-05-08,5.3,84.65,KL-PAM-01
2001-05-09,6.0,84.07,KL-PAM-01
2001-05-10,3.9,81.95,KL-PAM-01
2001-05-11,1.4,79.69,KL-PAM-01
2001-05-12,11.7,77.13,KL-PAM-01
2001-05-13,7.6,76.6,KL-PAM-01
2001-05-14,2.4,76.42,KL-PAM-01
2001-05-15,1.1,73.28,KL-PAM-01
2001-05-16,0.0,69.79,KL-PAM-01
2001-05-17,2.5,66.3,KL-PAM-01
2001-05-18,1.3,64.46,KL-PAM-01
2001-05-19,2.8,62.39,KL-PAM-01
2001-05-20,4.8,59.41,KL-PAM-01
2001-05-21,6.6,56.83,KL-PAM-01
2001-05-22,14.8,54.36,KL-PAM-01
2001-05-23,16.1,52.85,KL-PAM-01
2001-05-24,6.6,53.73,KL-PAM-01
2001-05-25,7.6,53.1,KL-PAM-01
2001-05-26,15.4,52.11,KL-PAM-01
2001-05-27,4.9,52.49,KL-PAM-01
2001-05-28,18.1,52.11,KL-PAM-01
2001-05-29,28.7,53.98,KL-PAM-01
2001-05-30,24.4,59.41,KL-PAM-01
2001-05-31,0.8,63.57,KL-PAM-01
2001-06-01,3.1,62.24,KL-PAM-01
2001-06-02,4.1,59.41,KL-PAM-01
2001-06-03,26.0,58.58,KL-PAM-01
2001-06-04,18.8,62.1,KL-PAM-01
2001-06-05,23.8,66.92,KL-PAM-01
2001-06-06,28.8,74.84,KL-PAM-01
2001-06-07,22.7,87.46,KL-PAM-01
2001-06-08,7.5,98.23,KL-PAM-01
2001-06-09,8.6,100.54,KL-PAM-01
2001-06-10,19.2,99.15,KL-PAM-01
2001-06-11,40.1,115.83,KL-PAM-01
2001-06-12,29.3,136.24,KL-PAM-01
2001-06-13,18.2,156.91,KL-PAM-01
2001-06-14,17.5,165.11,KL-PAM-01
2001-06-15,10.8,163.21,KL-PAM-01
2001-06-16,1.8,159.1,KL-PAM-01
2001-06-17,7.2,152.61,KL-PAM-01
2001-06-18,4.7,145.7,KL-PAM-01
2001-06-19,3.1,139.11,KL-PAM-01
2001-06-20,3.4,132.2,KL-PAM-01
2001-06-21,3.1,125.92,KL-PAM-01
2001-06-22,11.3,121.33,KL-PAM-01
2001-06-23,14.6,122.75,KL-PAM-01
2001-06-24,6.0,124.46,KL-PAM-01
2001-06-25,9.0,121.89,KL-PAM-01
2001-06-26,9.5,117.46,KL-PAM-01
2001-06-27,6.6,112.91,KL-PAM-01
2001-06-28,11.9,108.8,KL-PAM-01
2001-06-29,14.5,106.05,KL-PAM-01
2001-06-30,17.3,107.05,KL-PAM-01
2001-07-01,6.9,106.05,KL-PAM-01
2001-07-02,4.3,102.19,KL-PAM-01
2001-07-03,18.7,98.92,KL-PAM-01
2001-07-04,19.1,107.05,KL-PAM-01
2001-07-05,8.3,117.73,KL-PAM-01
2001-07-06,10.5,123.32,KL-PAM-01
2001-07-07,14.9,133.12,KL-PAM-01
2001-07-08,31.9,176.98,KL-PAM-01
2001-07-09,18.6,208.08,KL-PAM-01
2001-07-10,20.6,225.09,KL-PAM-01
2001-07-11,15.6,221.99,KL-PAM-01
2001-07-12,11.5,210.5,KL-PAM-01
2001-07-13,0.6,194.13,KL-PAM-01
2001-07-14,0.0,179.45,KL-PAM-01
2001-07-15,0.7,166.26,KL-PAM-01
2001-07-16,4.1,154.75,KL-PAM-01
2001-07-17,3.3,145.37,KL-PAM-01
2001-07-18,6.2,136.56,KL-PAM-01
2001-07-19,2.5,129.47,KL-PAM-01
2001-07-20,1.1,122.18,KL-PAM-01
2001-07-21,0.4,114.76,KL-PAM-01
2001-07-22,4.4,107.79,KL-PAM-01
2001-07-23,6.3,102.19,KL-PAM-01
2001-07-24,12.1,97.32,KL-PAM-01
2001-07-25,9.9,93.12,KL-PAM-01
2001-07-26,26.9,90.56,KL-PAM-01
2001-07-27,45.0,93.77,KL-PAM-01
2001-07-28,37.0,102.67,KL-PAM-01
2001-07-29,15.2,112.13,KL-PAM-01
2001-07-30,20.4,111.61,KL-PAM-01
2001-07-31,21.4,109.82,KL-PAM-01
2001-08-01,23.8,121.89,KL-PAM-01
2001-08-02,12.9,134.67,KL-PAM-01
2001-08-03,17.0,138.79,KL-PAM-01
2001-08-04,10.9,140.73,KL-PAM-01
2001-08-05,2.6,141.06,KL-PAM-01
2001-08-06,1.6,135.29,KL-PAM-01
2001-08-07,4.3,127.98,KL-PAM-01
2001-08-08,2.2,121.33,KL-PAM-01
2001-08-09,0.6,115.29,KL-PAM-01
2001-08-10,2.7,109.05,KL-PAM-01
2001-08-11,1.5,103.38,KL-PAM-01
2001-08-12,2.8,98.46,KL-PAM-01
2001-08-13,9.5,94.21,KL-PAM-01
2001-08-14,2.1,89.94,KL-PAM-01
2001-08-15,4.3,85.25,KL-PAM-01
2001-08-16,2.5,80.99,KL-PAM-01
2001-08-17,4.4,77.67,KL-PAM-01
2001-08-18,6.5,74.31,KL-PAM-01
2001-08-19,8.7,71.93,KL-PAM-01
2001-08-20,9.3,71.76,KL-PAM-01
2001-08-21,3.8,71.93,KL-PAM-01
2001-08-22,10.8,69.95,KL-PAM-01
2001-08-23,5.1,68.02,KL-PAM-01
2001-08-24,6.6,65.83,KL-PAM-01
2001-08-25,18.1,63.42,KL-PAM-01
2001-08-26,6.5,62.97,KL-PAM-01
2001-08-27,6.9,61.52,KL-PAM-01
2001-08-28,2.6,59.82,KL-PAM-01
2001-08-29,3.1,57.76,KL-PAM-01
2001-08-30,2.6,55.77,KL-PAM-01
2001-08-31,3.4,53.85,KL-PAM-01
2001-09-01,0.4,51.88,KL-PAM-01
2001-09-02,1.1,49.85,KL-PAM-01
2001-09-03,0.1,47.68,KL-PAM-01
2001-09-04,0.2,45.39,KL-PAM-01
2001-09-05,0.0,43.0,KL-PAM-01
2001-09-06,2.4,40.93,KL-PAM-01
2001-09-07,0.3,38.96,KL-PAM-01
2001-09-08,1.1,37.08,KL-PAM-01
2001-09-09,0.7,36.57,KL-PAM-01
2001-09-10,2.2,35.88,KL-PAM-01
2001-09-11,2.1,34.96,KL-PAM-01
2001-09-12,0.0,33.75,KL-PAM-01
2001-09-13,0.0,32.34,KL-PAM-01
2001-09-14,0.0,31.14,KL-PAM-01
2001-09-15,0.0,30.99,KL-PAM-01
2001-09-16,5.9,31.14,KL-PAM-01
2001-09-17,3.8,31.44,KL-PAM-01
2001-09-18,5.9,31.51,KL-PAM-01
2001-09-19,9.9,31.96,KL-PAM-01
2001-09-20,6.2,32.8,KL-PAM-01
2001-09-21,11.3,33.58,KL-PAM-01
2001-09-22,24.4,35.21,KL-PAM-01
2001-09-23,20.1,38.69,KL-PAM-01
2001-09-24,29.1,41.61,KL-PAM-01
2001-09-25,20.3,44.34,KL-PAM-01
2001-09-26,2.5,46.58,KL-PAM-01
2001-09-27,5.8,46.36,KL-PAM-01
2001-09-28,6.8,45.5,KL-PAM-01
2001-09-29,14.4,49.39,KL-PAM-01
2001-09-30,17.6,66.3,KL-PAM-01
2001-10-01,6.1,79.87,KL-PAM-01
2001-10-02,1.3,80.25,KL-PAM-01
2001-10-03,4.8,75.71,KL-PAM-01
2001-10-04,0.5,70.93,KL-PAM-01
2001-10-05,3.6,66.6,KL-PAM-01
2001-10-06,3.6,63.42,KL-PAM-01
2001-10-07,3.9,60.53,KL-PAM-01
2001-10-08,1.5,58.17,KL-PAM-01
2001-10-09,1.7,55.77,KL-PAM-01
2001-10-10,2.1,53.47,KL-PAM-01
2001-10-11,4.4,51.88,KL-PAM-01
2001-10-12,2.0,51.51,KL-PAM-01
2001-10-13,20.6,50.55,KL-PAM-01
2001-10-14,19.4,52.73,KL-PAM-01
2001-10-15,32.9,61.23,KL-PAM-01
2001-10-16,11.7,71.93,KL-PAM-01
2001-10-17,15.8,74.31,KL-PAM-01
2001-10-18,10.1,74.49,KL-PAM-01
2001-10-19,12.1,73.45,KL-PAM-01
2001-10-20,9.8,75.88,KL-PAM-01
2001-10-21,8.5,82.91,KL-PAM-01
2001-10-22,3.7,86.05,KL-PAM-01
2001-10-23,3.2,88.27,KL-PAM-01
2001-10-24,4.4,93.55,KL-PAM-01
2001-10-25,16.0,97.55,KL-PAM-01
2001-10-26,19.1,99.38,KL-PAM-01
2001-10-27,15.0,113.18,KL-PAM-01
2001-10-28,4.4,127.98,KL-PAM-01
2001-10-29,3.9,133.12,KL-PAM-01
2001-10-30,1.5,134.99,KL-PAM-01
2001-10-31,0.3,130.98,KL-PAM-01
2001-11-01,0.1,124.75,KL-PAM-01
2001-11-02,1.4,118.27,KL-PAM-01
2001-11-03,3.3,116.37,KL-PAM-01
2001-11-04,2.9,115.56,KL-PAM-01
2001-11-05,4.6,112.13,KL-PAM-01
2001-11-06,12.8,112.91,KL-PAM-01
2001-11-07,15.6,111.87,KL-PAM-01
2001-11-08,6.3,110.07,KL-PAM-01
2001-11-09,3.2,106.8,KL-PAM-01
2001-11-10,0.8,103.14,KL-PAM-01
2001-11-11,1.9,98.92,KL-PAM-01
2001-11-12,0.4,94.0,KL-PAM-01
2001-11-13,0.0,89.1,KL-PAM-01
2001-11-14,4.5,85.44,KL-PAM-01
2001-11-15,16.4,89.94,KL-PAM-01
2001-11-16,53.9,180.28,KL-PAM-01
2001-11-17,8.8,190.57,KL-PAM-01
2001-11-18,7.9,172.13,KL-PAM-01
2001-11-19,3.0,159.1,KL-PAM-01
2001-11-20,1.1,148.09,KL-PAM-01
2001-11-21,0.6,137.51,KL-PAM-01
2001-11-22,14.3,131.59,KL-PAM-01
2001-11-23,6.4,133.42,KL-PAM-01
2001-11-24,0.0,133.74,KL-PAM-01
2001-11-25,0.1,127.38,KL-PAM-01
2001-11-26,0.8,119.38,KL-PAM-01
2001-11-27,0.7,112.39,KL-PAM-01
2001-11-28,0.5,105.56,KL-PAM-01
2001-11-29,1.4,99.38,KL-PAM-01
2001-11-30,0.4,93.77,KL-PAM-01
2001-12-01,0.7,88.27,KL-PAM-01
2001-12-02,2.3,83.68,KL-PAM-01
2001-12-03,1.2,80.81,KL-PAM-01
2001-12-04,1.3,77.85,KL-PAM-01
2001-12-05,2.1,75.36,KL-PAM-01
2001-12-06,2.9,73.96,KL-PAM-01
2001-12-07,0.0,71.76,KL-PAM-01
2001-12-08,0.0,68.02,KL-PAM-01
2001-12-09,0.0,64.16,KL-PAM-01
2001-12-10,0.0,60.53,KL-PAM-01
2001-12-11,0.0,57.23,KL-PAM-01
2001-12-12,0.0,54.1,KL-PAM-01
2001-12-13,0.0,51.15,KL-PAM-01
2001-12-14,0.0,48.35,KL-PAM-01
2001-12-15,0.0,45.81,KL-PAM-01
2001-12-16,0.0,43.51,KL-PAM-01
2001-12-17,0.0,41.32,KL-PAM-01
2001-12-18,0.2,39.42,KL-PAM-01
2001-12-19,0.4,38.05,KL-PAM-01
2001-12-20,0.3,36.57,KL-PAM-01
2001-12-21,5.6,35.46,KL-PAM-01
2001-12-22,4.7,35.88,KL-PAM-01
2001-12-23,10.6,36.3,KL-PAM-01
2001-12-24,4.5,36.57,KL-PAM-01
2001-12-25,1.9,36.91,KL-PAM-01
2001-12-26,1.6,36.05,KL-PAM-01
2001-12-27,0.4,34.63,KL-PAM-01
2001-12-28,0.6,33.11,KL-PAM-01
2001-12-29,1.6,31.73,KL-PAM-01
2001-12-30,0.7,30.55,KL-PAM-01
2001-12-31,1.0,29.84,KL-PAM-01
2002-01-01,0.0,28.86,KL-PAM-01
2002-01-02,0.0,27.79,KL-PAM-01
2002-01-03,0.0,26.69,KL-PAM-01
2002-01-04,0.1,25.64,KL-PAM-01
2002-01-05,1.0,24.74,KL-PAM-01
2002-01-06,1.6,24.1,KL-PAM-01
2002-01-07,0.0,23.58,KL-PAM-01
2002-01-08,0.0,22.92,KL-PAM-01
2002-01-09,0.0,22.21,KL-PAM-01
2002-01-10,0.2,21.59,KL-PAM-01
2002-01-11,0.1,13.27,KL-PAM-01
2002-01-12,0.4,8.36,KL-PAM-01
2002-01-13,0.0,7.69,KL-PAM-01
2002-01-14,0.2,7.45,KL-PAM-01
2002-01-15,0.0,7.17,KL-PAM-01
2002-01-16,0.3,6.93,KL-PAM-01
2002-01-17,0.4,6.72,KL-PAM-01
2002-01-18,0.0,6.53,KL-PAM-01
2002-01-19,0.0,6.34,KL-PAM-01
2002-01-20,0.0,6.18,KL-PAM-01
2002-01-21,0.2,6.04,KL-PAM-01
2002-01-22,0.4,5.94,KL-PAM-01
2002-01-23,1.2,5.91,KL-PAM-01
2002-01-24,0.0,5.87,KL-PAM-01
2002-01-25,1.0,5.79,KL-PAM-01
2002-01-26,0.4,5.71,KL-PAM-01
2002-01-27,1.6,5.71,KL-PAM-01
2002-01-28,0.8,6.09,KL-PAM-01
2002-01-29,0.2,6.43,KL-PAM-01
2002-01-30,0.2,6.27,KL-PAM-01
2002-01-31,0.2,10.01,KL-PAM-01
2002-02-01,21.6,13.91,KL-PAM-01
2002-02-02,0.5,17.69,KL-PAM-01
2002-02-03,0.9,19.85,KL-PAM-01
2002-02-04,0.0,19.57,KL-PAM-01
2002-02-05,1.9,18.43,KL-PAM-01
2002-02-06,2.7,17.65,KL-PAM-01
2002-02-07,1.3,17.48,KL-PAM-01
2002-02-08,1.8,17.14,KL-PAM-01
2002-02-09,0.0,16.93,KL-PAM-01
2002-02-10,0.0,16.09,KL-PAM-01
2002-02-11,0.0,15.26,KL-PAM-01
2002-02-12,1.0,14.78,KL-PAM-01
2002-02-13,0.0,14.22,KL-PAM-01
2002-02-14,0.1,13.67,KL-PAM-01
2002-02-15,0.0,13.18,KL-PAM-01
2002-02-16,0.5,12.86,KL-PAM-01
2002-02-17,0.0,12.55,KL-PAM-01
2002-02-18,0.2,12.36,KL-PAM-01
2002-02-19,0.0,12.03,KL-PAM-01
2002-02-20,0.1,11.68,KL-PAM-01
2002-02-21,0.1,11.31,KL-PAM-01
2002-02-22,0.0,11.01,KL-PAM-01
2002-02-23,0.0,10.87,KL-PAM-01
2002-02-24,0.0,10.68,KL-PAM-01
2002-02-25,0.0,10.44,KL-PAM-01
2002-02-26,0.0,10.24,KL-PAM-01
2002-02-27,0.4,10.22,KL-PAM-01
2002-02-28,0.0,10.04,KL-PAM-01
2002-03-01,0.0,9.79,KL-PAM-01
2002-03-02,0.6,9.77,KL-PAM-01
2002-03-03,0.5,9.6,KL-PAM-01
2002-03-04,0.0,9.33,KL-PAM-01
2002-03-05,0.3,9.25,KL-PAM-01
2002-03-06,0.6,9.26,KL-PAM-01
2002-03-07,0.1,9.25,KL-PAM-01
2002-03-08,0.9,9.32,KL-PAM-01
2002-03-09,0.4,9.13,KL-PAM-01
2002-03-10,0.0,8.99,KL-PAM-01
2002-03-11,0.0,8.64,KL-PAM-01
2002-03-12,0.0,8.53,KL-PAM-01
2002-03-13,0.7,8.83,KL-PAM-01
2002-03-14,0.7,8.9,KL-PAM-01
2002-03-15,7.5,10.44,KL-PAM-01
2002-03-16,12.3,12.27,KL-PAM-01
2002-03-17,7.5,12.8,KL-PAM-01
2002-03-18,0.0,11.95,KL-PAM-01
2002-03-19,0.0,11.01,KL-PAM-01
2002-03-20,0.0,10.39,KL-PAM-01
2002-03-21,0.3,9.89,KL-PAM-01
2002-03-22,3.3,9.82,KL-PAM-01
2002-03-23,2.8,9.79,KL-PAM-01
2002-03-24,0.8,9.62,KL-PAM-01
2002-03-25,0.1,9.79,KL-PAM-01
2002-03-26,3.5,9.7,KL-PAM-01
2002-03-27,3.3,9.57,KL-PAM-01
2002-03-28,6.2,11.74,KL-PAM-01
2002-03-29,3.7,12.8,KL-PAM-01
2002-03-30,5.2,14.05,KL-PAM-01
2002-03-31,5.1,15.4,KL-PAM-01
2002-04-01,3.7,15.59,KL-PAM-01
2002-04-02,0.8,14.82,KL-PAM-01
2002-04-03,1.0,13.98,KL-PAM-01
2002-04-04,4.8,13.81,KL-PAM-01
2002-04-05,4.3,13.57,KL-PAM-01
2002-04-06,3.5,13.94,KL-PAM-01
2002-04-07,4.4,14.11,KL-PAM-01
2002-04-08,3.6,14.39,KL-PAM-01
2002-04-09,2.6,19.95,KL-PAM-01
2002-04-10,6.0,23.98,KL-PAM-01
2002-04-11,5.0,25.03,KL-PAM-01
2002-04-12,11.5,25.64,KL-PAM-01
2002-04-13,10.4,27.33,KL-PAM-01
2002-04-14,3.9,29.7,KL-PAM-01
2002-04-15,1.7,30.63,KL-PAM-01
2002-04-16,1.7,30.92,KL-PAM-01
2002-04-17,3.4,31.89,KL-PAM-01
2002-04-18,2.8,32.41,KL-PAM-01
2002-04-19,5.7,32.65,KL-PAM-01
2002-04-20,2.9,33.98,KL-PAM-01
2002-04-21,8.7,36.05,KL-PAM-01
2002-04-22,4.0,38.5,KL-PAM-01
2002-04-23,2.2,41.8,KL-PAM-01
2002-04-24,5.4,42.5,KL-PAM-01
2002-04-25,4.4,42.01,KL-PAM-01
2002-04-26,6.3,42.4,KL-PAM-01
2002-04-27,4.1,42.4,KL-PAM-01
2002-04-28,6.4,41.91,KL-PAM-01
2002-04-29,2.4,42.1,KL-PAM-01
2002-04-30,4.3,44.34,KL-PAM-01
2002-05-01,3.8,47.57,KL-PAM-01
2002-05-02,6.6,48.24,KL-PAM-01
2002-05-03,22.8,47.9,KL-PAM-01
2002-05-04,12.3,52.0,KL-PAM-01
2002-05-05,3.5,54.23,KL-PAM-01
2002-05-06,25.3,54.87,KL-PAM-01
2002-05-07,8.5,56.69,KL-PAM-01
2002-05-08,6.1,56.69,KL-PAM-01
2002-05-09,3.9,55.38,KL-PAM-01
2002-05-10,19.2,54.36,KL-PAM-01
2002-05-11,7.0,56.16,KL-PAM-01
2002-05-12,15.0,56.43,KL-PAM-01
2002-05-13,18.1,56.96,KL-PAM-01
2002-05-14,5.5,59.54,KL-PAM-01
2002-05-15,3.6,59.26,KL-PAM-01
2002-05-16,5.6,56.96,KL-PAM-01
2002-05-17,16.0,55.65,KL-PAM-01
2002-05-18,31.7,59.82,KL-PAM-01
2002-05-19,27.4,70.11,KL-PAM-01
2002-05-20,18.2,79.69,KL-PAM-01
2002-05-21,23.1,83.68,KL-PAM-01
2002-05-22,7.2,83.87,KL-PAM-01
2002-05-23,9.9,81.56,KL-PAM-01
2002-05-24,8.5,79.87,KL-PAM-01
2002-05-25,7.8,79.13,KL-PAM-01
2002-05-26,9.2,78.77,KL-PAM-01
2002-05-27,14.2,77.31,KL-PAM-01
2002-05-28,19.1,78.22,KL-PAM-01
2002-05-29,16.2,80.25,KL-PAM-01
2002-05-30,16.0,80.25,KL-PAM-01
2002-05-31,9.8,79.69,KL-PAM-01
2002-06-01,22.1,78.77,KL-PAM-01
2002-06-02,16.4,79.32,KL-PAM-01
2002-06-03,8.3,80.25,KL-PAM-01
2002-06-04,2.4,78.77,KL-PAM-01
2002-06-05,14.9,76.24,KL-PAM-01
2002-06-06,8.6,74.49,KL-PAM-01
2002-06-07,19.2,73.11,KL-PAM-01
2002-06-08,12.4,71.42,KL-PAM-01
2002-06-09,14.8,69.95,KL-PAM-01
2002-06-10,19.9,69.13,KL-PAM-01
2002-06-11,27.5,69.45,KL-PAM-01
2002-06-12,26.0,78.77,KL-PAM-01
2002-06-13,78.8,149.46,KL-PAM-01
2002-06-14,33.4,170.55,KL-PAM-01
2002-06-15,10.9,160.96,KL-PAM-01
2002-06-16,7.2,149.81,KL-PAM-01
2002-06-17,1.7,141.06,KL-PAM-01
2002-06-18,5.0,130.67,KL-PAM-01
2002-06-19,5.9,121.89,KL-PAM-01
2002-06-20,5.8,114.23,KL-PAM-01
2002-06-21,5.1,108.04,KL-PAM-01
2002-06-22,4.8,104.1,KL-PAM-01
2002-06-23,7.7,100.54,KL-PAM-01
2002-06-24,8.9,101.48,KL-PAM-01
2002-06-25,4.9,103.38,KL-PAM-01
2002-06-26,4.6,101.71,KL-PAM-01
2002-06-27,1.9,97.77,KL-PAM-01
2002-06-28,1.0,92.91,KL-PAM-01
2002-06-29,2.7,88.27,KL-PAM-01
2002-06-30,2.0,83.68,KL-PAM-01
2002-07-01,9.8,80.25,KL-PAM-01
2002-07-02,9.1,79.13,KL-PAM-01
2002-07-03,5.5,78.95,KL-PAM-01
2002-07-04,7.6,77.13,KL-PAM-01
2002-07-05,4.7,75.88,KL-PAM-01
2002-07-06,2.8,73.45,KL-PAM-01
2002-07-07,2.0,70.27,KL-PAM-01
2002-07-08,2.8,67.38,KL-PAM-01
2002-07-09,5.3,64.61,KL-PAM-01
2002-07-10,5.1,61.38,KL-PAM-01
2002-07-11,6.2,59.41,KL-PAM-01
2002-07-12,3.3,58.44,KL-PAM-01
2002-07-13,3.8,56.69,KL-PAM-01
2002-07-14,4.4,55.13,KL-PAM-01
2002-07-15,5.9,54.23,KL-PAM-01
2002-07-16,4.0,53.1,KL-PAM-01
2002-07-17,2.3,51.27,KL-PAM-01
2002-07-18,6.1,49.62,KL-PAM-01
2002-07-19,6.3,48.58,KL-PAM-01
2002-07-20,10.7,47.46,KL-PAM-01
2002-07-21,12.4,46.79,KL-PAM-01
2002-07-22,9.7,47.01,KL-PAM-01
2002-07-23,9.6,46.69,KL-PAM-01
2002-07-24,2.5,45.71,KL-PAM-01
2002-07-25,4.3,44.44,KL-PAM-01
2002-07-26,1.6,43.31,KL-PAM-01
2002-07-27,4.3,41.71,KL-PAM-01
2002-07-28,15.7,40.45,KL-PAM-01
2002-07-29,17.5,40.74,KL-PAM-01
2002-07-30,11.4,42.1,KL-PAM-01
2002-07-31,24.6,52.85,KL-PAM-01
2002-08-01,31.4,72.1,KL-PAM-01
2002-08-02,28.2,87.05,KL-PAM-01
2002-08-03,15.2,98.69,KL-PAM-01
2002-08-04,14.6,105.32,KL-PAM-01
2002-08-05,7.8,109.05,KL-PAM-01
2002-08-06,3.6,110.07,KL-PAM-01
2002-08-07,3.8,107.79,KL-PAM-01
2002-08-08,3.1,104.83,KL-PAM-01
2002-08-09,7.3,102.43,KL-PAM-01
2002-08-10,9.5,102.43,KL-PAM-01
2002-08-11,7.3,105.08,KL-PAM-01
2002-08-12,3.2,105.56,KL-PAM-01
2002-08-13,2.6,101.95,KL-PAM-01
2002-08-14,3.7,97.1,KL-PAM-01
2002-08-15,12.1,93.12,KL-PAM-01
2002-08-16,22.3,95.53,KL-PAM-01
2002-08-17,15.2,107.54,KL-PAM-01
2002-08-18,1.9,116.37,KL-PAM-01
2002-08-19,2.1,113.18,KL-PAM-01
2002-08-20,3.6,107.05,KL-PAM-01
2002-08-21,6.2,101.25,KL-PAM-01
2002-08-22,5.2,96.2,KL-PAM-01
2002-08-23,2.0,91.83,KL-PAM-01
2002-08-24,1.7,87.66,KL-PAM-01
2002-08-25,1.6,83.1,KL-PAM-01
2002-08-26,0.0,78.58,KL-PAM-01
2002-08-27,0.0,74.31,KL-PAM-01
2002-08-28,0.4,71.59,KL-PAM-01
2002-08-29,1.5,69.62,KL-PAM-01
2002-08-30,1.7,66.92,KL-PAM-01
2002-08-31,2.2,63.87,KL-PAM-01
2002-09-01,2.4,60.81,KL-PAM-01
2002-09-02,2.7,58.03,KL-PAM-01
2002-09-03,0.8,55.51,KL-PAM-01
2002-09-04,4.7,53.47,KL-PAM-01
2002-09-05,4.6,51.39,KL-PAM-01
2002-09-06,3.9,49.85,KL-PAM-01
2002-09-07,8.4,48.92,KL-PAM-01
2002-09-08,1.9,48.35,KL-PAM-01
2002-09-09,10.2,47.46,KL-PAM-01
2002-09-10,4.9,47.79,KL-PAM-01
2002-09-11,2.2,47.12,KL-PAM-01
2002-09-12,1.3,45.18,KL-PAM-01
2002-09-13,0.2,43.31,KL-PAM-01
2002-09-14,1.5,41.32,KL-PAM-01
2002-09-15,2.4,39.42,KL-PAM-01
2002-09-16,4.4,38.05,KL-PAM-01
2002-09-17,2.4,37.0,KL-PAM-01
2002-09-18,1.0,35.96,KL-PAM-01
2002-09-19,3.5,34.55,KL-PAM-01
2002-09-20,9.4,33.42,KL-PAM-01
2002-09-21,0.2,33.42,KL-PAM-01
2002-09-22,0.0,32.65,KL-PAM-01
2002-09-23,0.0,31.14,KL-PAM-01
2002-09-24,0.6,29.7,KL-PAM-01
2002-09-25,5.2,28.39,KL-PAM-01
2002-09-26,1.1,27.27,KL-PAM-01
2002-09-27,0.0,26.26,KL-PAM-01
2002-09-28,1.4,25.7,KL-PAM-01
2002-09-29,6.2,26.69,KL-PAM-01
2002-09-30,16.5,31.22,KL-PAM-01
2002-10-01,11.8,40.45,KL-PAM-01
2002-10-02,6.3,49.85,KL-PAM-01
2002-10-03,15.4,55.51,KL-PAM-01
2002-10-04,10.8,65.98,KL-PAM-01
2002-10-05,8.6,78.58,KL-PAM-01
2002-10-06,4.1,88.27,KL-PAM-01
2002-10-07,16.5,98.23,KL-PAM-01
2002-10-08,37.0,115.56,KL-PAM-01
2002-10-09,45.6,130.98,KL-PAM-01
2002-10-10,6.4,135.29,KL-PAM-01
2002-10-11,6.6,128.87,KL-PAM-01
2002-10-12,16.0,120.49,KL-PAM-01
2002-10-13,25.5,115.03,KL-PAM-01
2002-10-14,31.4,127.68,KL-PAM-01
2002-10-15,16.0,139.11,KL-PAM-01
2002-10-16,18.0,138.14,KL-PAM-01
2002-10-17,1.7,135.29,KL-PAM-01
2002-10-18,6.0,128.87,KL-PAM-01
2002-10-19,7.9,123.03,KL-PAM-01
2002-10-20,23.3,118.54,KL-PAM-01
2002-10-21,3.1,116.64,KL-PAM-01
2002-10-22,4.0,113.18,KL-PAM-01
2002-10-23,5.6,111.35,KL-PAM-01
2002-10-24,0.8,111.35,KL-PAM-01
2002-10-25,3.1,108.04,KL-PAM-01
2002-10-26,4.1,104.35,KL-PAM-01
2002-10-27,0.7,102.19,KL-PAM-01
2002-10-28,1.9,98.0,KL-PAM-01
2002-10-29,8.1,93.77,KL-PAM-01
2002-10-30,7.8,96.87,KL-PAM-01
2002-10-31,12.9,104.35,KL-PAM-01
2002-11-01,7.2,110.07,KL-PAM-01
2002-11-02,10.2,112.13,KL-PAM-01
2002-11-03,4.1,112.65,KL-PAM-01
2002-11-04,19.1,119.66,KL-PAM-01
2002-11-05,17.3,127.98,KL-PAM-01
2002-11-06,8.0,133.42,KL-PAM-01
2002-11-07,22.2,141.71,KL-PAM-01
2002-11-08,15.2,161.71,KL-PAM-01
2002-11-09,17.0,173.33,KL-PAM-01
2002-11-10,3.1,172.53,KL-PAM-01
2002-11-11,1.8,167.42,KL-PAM-01
2002-11-12,0.3,158.37,KL-PAM-01
2002-11-13,0.7,148.78,KL-PAM-01
2002-11-14,0.7,140.4,KL-PAM-01
2002-11-15,0.5,139.11,KL-PAM-01
2002-11-16,0.7,135.6,KL-PAM-01
2002-11-17,5.3,129.17,KL-PAM-01
2002-11-18,5.3,125.63,KL-PAM-01
2002-11-19,11.6,123.6,KL-PAM-01
2002-11-20,7.1,123.03,KL-PAM-01
2002-11-21,6.3,121.61,KL-PAM-01
2002-11-22,4.5,122.18,KL-PAM-01
2002-11-23,2.3,119.38,KL-PAM-01
2002-11-24,2.0,113.44,KL-PAM-01
2002-11-25,2.4,107.29,KL-PAM-01
2002-11-26,1.2,101.95,KL-PAM-01
2002-11-27,1.0,97.1,KL-PAM-01
2002-11-28,0.7,91.83,KL-PAM-01
2002-11-29,1.8,87.25,KL-PAM-01
2002-11-30,1.2,83.1,KL-PAM-01
2002-12-01,0.1,78.58,KL-PAM-01
2002-12-02,0.0,74.14,KL-PAM-01
2002-12-03,0.1,70.11,KL-PAM-01
2002-12-04,0.8,66.45,KL-PAM-01
2002-12-05,0.2,63.13,KL-PAM-01
2002-12-06,14.7,145.7,KL-PAM-01
2002-12-07,25.8,188.82,KL-PAM-01
2002-12-08,2.7,167.81,KL-PAM-01
2002-12-09,0.6,141.71,KL-PAM-01
2002-12-10,15.4,123.6,KL-PAM-01
2002-12-11,0.3,113.18,KL-PAM-01
2002-12-12,0.0,103.86,KL-PAM-01
2002-12-13,0.1,95.31,KL-PAM-01
2002-12-14,0.0,88.69,KL-PAM-01
2002-12-15,0.4,82.91,KL-PAM-01
2002-12-16,1.2,77.5,KL-PAM-01
2002-12-17,0.0,72.77,KL-PAM-01
2002-12-18,0.6,68.33,KL-PAM-01
2002-12-19,0.0,64.61,KL-PAM-01
2002-12-20,0.0,60.81,KL-PAM-01
2002-12-21,0.0,57.23,KL-PAM-01
2002-12-22,0.0,53.98,KL-PAM-01
2002-12-23,0.0,50.91,KL-PAM-01
2002-12-24,0.0,48.01,KL-PAM-01
2002-12-25,0.0,45.39,KL-PAM-01
2002-12-26,0.0,42.9,KL-PAM-01
2002-12-27,0.0,40.84,KL-PAM-01
2002-12-28,0.0,38.78,KL-PAM-01
2002-12-29,0.8,36.82,KL-PAM-01
2002-12-30,0.6,35.21,KL-PAM-01
2002-12-31,1.0,33.82,KL-PAM-01
2003-01-01,0.4,32.49,KL-PAM-01
2003-01-02,0.2,31.06,KL-PAM-01
2003-01-03,0.2,29.77,KL-PAM-01
2003-01-04,0.0,28.52,KL-PAM-01
2003-01-05,0.0,27.27,KL-PAM-01
2003-01-06,0.0,26.13,KL-PAM-01
2003-01-07,0.0,25.03,KL-PAM-01
2003-01-08,0.0,24.04,KL-PAM-01
2003-01-09,0.0,23.14,KL-PAM-01
2003-01-10,0.4,22.32,KL-PAM-01
2003-01-11,0.1,13.41,KL-PAM-01
2003-01-12,0.0,8.42,KL-PAM-01
2003-01-13,0.0,7.74,KL-PAM-01
2003-01-14,0.0,7.49,KL-PAM-01
2003-01-15,0.0,7.17,KL-PAM-01
2003-01-16,0.0,6.88,KL-PAM-01
2003-01-17,0.0,6.65,KL-PAM-01
2003-01-18,0.0,6.43,KL-PAM-01
2003-01-19,0.6,6.25,KL-PAM-01
2003-01-20,0.2,6.1,KL-PAM-01
2003-01-21,0.0,5.94,KL-PAM-01
2003-01-22,0.0,5.82,KL-PAM-01
2003-01-23,0.0,5.68,KL-PAM-01
2003-01-24,0.1,5.58,KL-PAM-01
2003-01-25,0.0,5.48,KL-PAM-01
2003-01-26,0.0,5.4,KL-PAM-01
2003-01-27,0.0,5.32,KL-PAM-01
2003-01-28,0.0,5.26,KL-PAM-01
2003-01-29,0.0,5.21,KL-PAM-01
2003-01-30,0.1,5.15,KL-PAM-01
2003-01-31,0.4,8.07,KL-PAM-01
2003-02-01,2.3,10.39,KL-PAM-01
2003-02-02,0.5,12.01,KL-PAM-01
2003-02-03,1.3,11.6,KL-PAM-01
2003-02-04,0.1,11.09,KL-PAM-01
2003-02-05,0.1,10.9,KL-PAM-01
2003-02-06,0.9,10.84,KL-PAM-01
2003-02-07,0.7,10.93,KL-PAM-01
2003-02-08,0.4,10.68,KL-PAM-01
2003-02-09,0.1,10.63,KL-PAM-01
2003-02-10,0.0,10.5,KL-PAM-01
2003-02-11,0.0,10.19,KL-PAM-01
2003-02-12,4.3,10.24,KL-PAM-01
2003-02-13,3.2,10.74,KL-PAM-01
2003-02-14,0.2,11.15,KL-PAM-01
2003-02-15,5.5,11.31,KL-PAM-01
2003-02-16,0.4,11.12,KL-PAM-01
2003-02-17,0.2,10.95,KL-PAM-01
2003-02-18,0.7,10.61,KL-PAM-01
2003-02-19,0.2,10.53,KL-PAM-01
2003-02-20,0.3,10.34,KL-PAM-01
2003-02-21,1.4,9.97,KL-PAM-01
2003-02-22,1.3,9.72,KL-PAM-01
2003-02-23,0.3,9.79,KL-PAM-01
2003-02-24,1.1,9.87,KL-PAM-01
2003-02-25,7.9,10.68,KL-PAM-01
2003-02-26,4.2,11.23,KL-PAM-01
2003-02-27,0.2,11.65,KL-PAM-01
2003-02-28,4.2,11.85,KL-PAM-01
2003-03-01,0.6,11.97,KL-PAM-01
2003-03-02,0.7,11.63,KL-PAM-01
2003-03-03,1.3,11.34,KL-PAM-01
2003-03-04,0.6,10.84,KL-PAM-01
2003-03-05,1.0,10.61,KL-PAM-01
2003-03-06,0.2,10.27,KL-PAM-01
2003-03-07,0.7,10.14,KL-PAM-01
2003-03-08,0.1,9.87,KL-PAM-01
2003-03-09,0.0,9.5,KL-PAM-01
2003-03-10,1.5,9.38,KL-PAM-01
2003-03-11,2.6,9.29,KL-PAM-01
2003-03-12,1.0,9.2,KL-PAM-01
2003-03-13,11.5,11.23,KL-PAM-01
2003-03-14,6.1,13.34,KL-PAM-01
2003-03-15,5.6,14.43,KL-PAM-01
2003-03-16,7.7,15.22,KL-PAM-01
2003-03-17,12.7,16.29,KL-PAM-01
2003-03-18,14.5,17.6,KL-PAM-01
2003-03-19,14.9,19.47,KL-PAM-01
2003-03-20,4.3,22.11,KL-PAM-01
2003-03-21,0.6,22.44,KL-PAM-01
2003-03-22,0.0,21.08,KL-PAM-01
2003-03-23,0.0,19.66,KL-PAM-01
2003-03-24,0.0,18.51,KL-PAM-01
2003-03-25,0.0,17.39,KL-PAM-01
2003-03-26,0.9,16.25,KL-PAM-01
2003-03-27,1.5,15.74,KL-PAM-01
2003-03-28,3.3,15.94,KL-PAM-01
2003-03-29,2.8,16.49,KL-PAM-01
2003-03-30,5.9,27.79,KL-PAM-01
2003-03-31,5.7,35.29,KL-PAM-01
2003-04-01,2.0,34.31,KL-PAM-01
2003-04-02,3.4,34.8,KL-PAM-01
2003-04-03,15.4,36.3,KL-PAM-01
2003-04-04,4.0,36.13,KL-PAM-01
2003-04-05,2.0,34.55,KL-PAM-01
2003-04-06,17.4,38.78,KL-PAM-01
2003-04-07,11.7,45.81,KL-PAM-01
2003-04-08,0.9,45.18,KL-PAM-01
2003-04-09,0.9,46.9,KL-PAM-01
2003-04-10,0.9,46.69,KL-PAM-01
2003-04-11,7.7,46.69,KL-PAM-01
2003-04-12,1.7,48.58,KL-PAM-01
2003-04-13,4.1,48.92,KL-PAM-01
2003-04-14,1.8,48.35,KL-PAM-01
2003-04-15,6.6,47.57,KL-PAM-01
2003-04-16,1.0,47.34,KL-PAM-01
2003-04-17,2.8,46.25,KL-PAM-01
2003-04-18,1.1,44.55,KL-PAM-01
2003-04-19,7.7,44.34,KL-PAM-01
2003-04-20,11.4,46.69,KL-PAM-01
2003-04-21,4.5,50.08,KL-PAM-01
2003-04-22,8.1,54.61,KL-PAM-01
2003-04-23,2.7,56.69,KL-PAM-01
2003-04-24,2.9,56.69,KL-PAM-01
2003-04-25,3.9,55.77,KL-PAM-01
2003-04-26,2.6,54.23,KL-PAM-01
2003-04-27,6.2,52.73,KL-PAM-01
2003-04-28,3.6,55.65,KL-PAM-01
2003-04-29,18.1,66.76,KL-PAM-01
2003-04-30,13.2,81.75,KL-PAM-01
2003-05-01,18.6,93.12,KL-PAM-01
2003-05-02,2.8,98.46,KL-PAM-01
2003-05-03,11.8,96.65,KL-PAM-01
2003-05-04,9.3,95.09,KL-PAM-01
2003-05-05,12.7,95.31,KL-PAM-01
2003-05-06,7.3,96.87,KL-PAM-01
2003-05-07,1.4,95.09,KL-PAM-01
2003-05-08,8.2,90.77,KL-PAM-01
2003-05-09,4.2,87.66,KL-PAM-01
2003-05-10,6.1,89.31,KL-PAM-01
2003-05-11,6.8,89.94,KL-PAM-01
2003-05-12,4.7,89.1,KL-PAM-01
2003-05-13,4.8,87.05,KL-PAM-01
2003-05-14,5.2,84.07,KL-PAM-01
2003-05-15,2.9,80.62,KL-PAM-01
2003-05-16,13.8,78.58,KL-PAM-01
2003-05-17,4.7,80.06,KL-PAM-01
2003-05-18,0.8,80.06,KL-PAM-01
2003-05-19,0.4,76.24,KL-PAM-01
2003-05-20,0.6,71.93,KL-PAM-01
2003-05-21,3.5,67.86,KL-PAM-01
2003-05-22,1.6,65.06,KL-PAM-01
2003-05-23,1.2,61.96,KL-PAM-01
2003-05-24,0.2,59.13,KL-PAM-01
2003-05-25,0.4,58.44,KL-PAM-01
2003-05-26,10.0,58.58,KL-PAM-01
2003-05-27,26.4,59.41,KL-PAM-01
2003-05-28,12.3,61.67,KL-PAM-01
2003-05-29,12.2,62.53,KL-PAM-01
2003-05-30,7.5,62.83,KL-PAM-01
2003-05-31,7.0,61.23,KL-PAM-01
2003-06-01,0.6,58.44,KL-PAM-01
2003-06-02,3.7,55.9,KL-PAM-01
2003-06-03,15.3,53.47,KL-PAM-01
2003-06-04,8.7,52.36,KL-PAM-01
2003-06-05,5.0,51.88,KL-PAM-01
2003-06-06,5.7,51.88,KL-PAM-01
2003-06-07,12.6,52.11,KL-PAM-01
2003-06-08,23.1,54.61,KL-PAM-01
2003-06-09,11.0,58.86,KL-PAM-01
2003-06-10,4.1,60.38,KL-PAM-01
2003-06-11,10.8,59.13,KL-PAM-01
2003-06-12,15.3,57.76,KL-PAM-01
2003-06-13,21.7,62.1,KL-PAM-01
2003-06-14,18.2,71.42,KL-PAM-01
2003-06-15,17.3,79.32,KL-PAM-01
2003-06-16,33.7,86.05,KL-PAM-01
2003-06-17,40.5,104.1,KL-PAM-01
2003-06-18,34.1,127.68,KL-PAM-01
2003-06-19,17.4,139.76,KL-PAM-01
2003-06-20,44.7,156.91,KL-PAM-01
2003-06-21,37.5,191.91,KL-PAM-01
2003-06-22,37.5,228.77,KL-PAM-01
2003-06-23,38.3,240.7,KL-PAM-01
2003-06-24,31.7,238.48,KL-PAM-01
2003-06-25,10.1,229.82,KL-PAM-01
2003-06-26,6.3,213.44,KL-PAM-01
2003-06-27,5.4,197.76,KL-PAM-01
2003-06-28,12.9,184.93,KL-PAM-01
2003-06-29,13.7,174.94,KL-PAM-01
2003-06-30,12.1,167.42,KL-PAM-01
2003-07-01,40.9,170.55,KL-PAM-01
2003-07-02,20.6,176.57,KL-PAM-01
2003-07-03,16.2,176.16,KL-PAM-01
2003-07-04,37.1,182.38,KL-PAM-01
2003-07-05,38.9,192.35,KL-PAM-01
2003-07-06,9.9,194.13,KL-PAM-01
2003-07-07,3.9,184.08,KL-PAM-01
2003-07-08,13.6,171.74,KL-PAM-01
2003-07-09,18.9,163.59,KL-PAM-01
2003-07-10,9.9,157.64,KL-PAM-01
2003-07-11,21.6,151.91,KL-PAM-01
2003-07-12,7.9,148.09,KL-PAM-01
2003-07-13,30.2,146.04,KL-PAM-01
2003-07-14,17.1,150.86,KL-PAM-01
2003-07-15,14.9,151.91,KL-PAM-01
2003-07-16,12.0,152.61,KL-PAM-01
2003-07-17,4.4,148.09,KL-PAM-01
2003-07-18,5.4,140.4,KL-PAM-01
2003-07-19,2.0,132.51,KL-PAM-01
2003-07-20,2.0,125.33,KL-PAM-01
2003-07-21,7.1,118.54,KL-PAM-01
2003-07-22,4.7,112.91,KL-PAM-01
2003-07-23,22.2,109.05,KL-PAM-01
2003-07-24,11.1,107.54,KL-PAM-01
2003-07-25,6.0,104.83,KL-PAM-01
2003-07-26,14.9,101.25,KL-PAM-01
2003-07-27,7.5,98.23,KL-PAM-01
2003-07-28,16.3,95.31,KL-PAM-01
2003-07-29,1.0,92.05,KL-PAM-01
2003-07-30,22.2,88.27,KL-PAM-01
2003-07-31,28.0,90.77,KL-PAM-01
2003-08-01,8.8,92.69,KL-PAM-01
2003-08-02,13.3,90.98,KL-PAM-01
2003-08-03,9.8,87.25,KL-PAM-01
2003-08-04,7.2,84.86,KL-PAM-01
2003-08-05,6.2,82.13,KL-PAM-01
2003-08-06,6.7,79.13,KL-PAM-01
2003-08-07,3.7,76.95,KL-PAM-01
2003-08-08,6.8,74.84,KL-PAM-01
2003-08-09,7.0,72.6,KL-PAM-01
2003-08-10,1.5,69.95,KL-PAM-01
2003-08-11,4.9,66.76,KL-PAM-01
2003-08-12,9.5,64.92,KL-PAM-01
2003-08-13,16.2,64.16,KL-PAM-01
2003-08-14,12.3,64.01,KL-PAM-01
2003-08-15,20.8,63.71,KL-PAM-01
2003-08-16,16.2,64.61,KL-PAM-01
2003-08-17,12.6,65.52,KL-PAM-01
2003-08-18,4.4,65.52,KL-PAM-01
2003-08-19,3.3,64.16,KL-PAM-01
2003-08-20,5.9,61.67,KL-PAM-01
2003-08-21,9.0,59.96,KL-PAM-01
2003-08-22,18.3,60.67,KL-PAM-01
2003-08-23,13.9,67.38,KL-PAM-01
2003-08-24,8.8,74.14,KL-PAM-01
2003-08-25,2.8,74.14,KL-PAM-01
2003-08-26,5.4,71.42,KL-PAM-01
2003-08-27,8.8,68.82,KL-PAM-01
2003-08-28,2.3,66.92,KL-PAM-01
2003-08-29,4.6,64.32,KL-PAM-01
2003-08-30,16.8,61.96,KL-PAM-01
2003-08-31,38.8,62.24,KL-PAM-01
2003-09-01,15.7,69.62,KL-PAM-01
2003-09-02,11.9,71.26,KL-PAM-01
2003-09-03,10.1,69.45,KL-PAM-01
2003-09-04,8.9,67.38,KL-PAM-01
2003-09-05,4.5,65.37,KL-PAM-01
2003-09-06,6.0,62.97,KL-PAM-01
2003-09-07,4.2,60.67,KL-PAM-01
2003-09-08,2.3,58.44,KL-PAM-01
2003-09-09,3.6,55.9,KL-PAM-01
2003-09-10,6.7,54.1,KL-PAM-01
2003-09-11,3.9,53.23,KL-PAM-01
2003-09-12,2.8,51.63,KL-PAM-01
2003-09-13,3.4,49.39,KL-PAM-01
2003-09-14,8.2,47.79,KL-PAM-01
2003-09-15,5.0,46.25,KL-PAM-01
2003-09-16,8.2,45.18,KL-PAM-01
2003-09-17,12.7,44.23,KL-PAM-01
2003-09-18,8.8,43.92,KL-PAM-01
2003-09-19,8.0,43.51,KL-PAM-01
2003-09-20,2.4,43.51,KL-PAM-01
2003-09-21,4.3,42.2,KL-PAM-01
2003-09-22,1.5,40.07,KL-PAM-01
2003-09-23,3.0,38.14,KL-PAM-01
2003-09-24,1.9,36.65,KL-PAM-01
2003-09-25,8.1,35.62,KL-PAM-01
2003-09-26,13.3,35.62,KL-PAM-01
2003-09-27,2.2,36.39,KL-PAM-01
2003-09-28,3.1,36.3,KL-PAM-01
2003-09-29,3.5,35.54,KL-PAM-01
2003-09-30,13.5,40.07,KL-PAM-01
2003-10-01,12.7,50.43,KL-PAM-01
2003-10-02,19.3,58.17,KL-PAM-01
2003-10-03,23.4,65.98,KL-PAM-01
2003-10-04,4.7,75.36,KL-PAM-01
2003-10-05,22.8,77.67,KL-PAM-01
2003-10-06,20.7,85.25,KL-PAM-01
2003-10-07,22.0,98.69,KL-PAM-01
2003-10-08,7.5,109.56,KL-PAM-01
2003-10-09,3.2,108.54,KL-PAM-01
2003-10-10,2.4,102.9,KL-PAM-01
2003-10-11,1.9,96.87,KL-PAM-01
2003-10-12,18.3,94.65,KL-PAM-01
2003-10-13,6.2,101.01,KL-PAM-01
2003-10-14,3.7,103.14,KL-PAM-01
2003-10-15,6.2,101.01,KL-PAM-01
2003-10-16,8.7,102.19,KL-PAM-01
2003-10-17,3.9,104.83,KL-PAM-01
2003-10-18,13.4,104.1,KL-PAM-01
2003-10-19,12.6,104.59,KL-PAM-01
2003-10-20,17.7,105.32,KL-PAM-01
2003-10-21,15.0,106.3,KL-PAM-01
2003-10-22,7.9,106.3,KL-PAM-01
2003-10-23,13.9,103.38,KL-PAM-01
2003-10-24,13.5,101.95,KL-PAM-01
2003-10-25,0.3,101.48,KL-PAM-01
2003-10-26,0.0,97.32,KL-PAM-01
2003-10-27,0.0,92.91,KL-PAM-01
2003-10-28,2.0,90.35,KL-PAM-01
2003-10-29,2.1,88.27,KL-PAM-01
2003-10-30,3.5,90.77,KL-PAM-01
2003-10-31,5.7,90.98,KL-PAM-01
2003-11-01,8.5,90.98,KL-PAM-01
2003-11-02,7.1,89.51,KL-PAM-01
2003-11-03,7.3,86.85,KL-PAM-01
2003-11-04,1.2,87.46,KL-PAM-01
2003-11-05,7.4,86.85,KL-PAM-01
2003-11-06,19.1,91.83,KL-PAM-01
2003-11-07,11.1,99.38,KL-PAM-01
2003-11-08,29.5,111.61,KL-PAM-01
2003-11-09,4.1,123.6,KL-PAM-01
2003-11-10,1.8,120.77,KL-PAM-01
2003-11-11,0.5,113.18,KL-PAM-01
2003-11-12,2.8,106.3,KL-PAM-01
2003-11-13,0.0,102.19,KL-PAM-01
2003-11-14,11.3,98.23,KL-PAM-01
2003-11-15,4.5,98.0,KL-PAM-01
2003-11-16,0.0,95.53,KL-PAM-01
2003-11-17,0.0,90.77,KL-PAM-01
2003-11-18,0.0,85.65,KL-PAM-01
2003-11-19,0.3,80.81,KL-PAM-01
2003-11-20,2.5,76.42,KL-PAM-01
2003-11-21,0.0,74.66,KL-PAM-01
2003-11-22,7.1,72.43,KL-PAM-01
2003-11-23,9.4,70.44,KL-PAM-01
2003-11-24,0.0,68.17,KL-PAM-01
2003-11-25,0.0,64.46,KL-PAM-01
2003-11-26,0.0,61.23,KL-PAM-01
2003-11-27,4.1,60.24,KL-PAM-01
2003-11-28,1.8,59.26,KL-PAM-01
2003-11-29,15.7,60.95,KL-PAM-01
2003-11-30,1.0,64.16,KL-PAM-01
2003-12-01,0.0,63.27,KL-PAM-01
2003-12-02,0.0,59.96,KL-PAM-01
2003-12-03,0.2,56.83,KL-PAM-01
2003-12-04,0.0,53.98,KL-PAM-01
2003-12-05,0.4,51.27,KL-PAM-01
2003-12-06,0.0,48.58,KL-PAM-01
2003-12-07,0.0,46.14,KL-PAM-01
2003-12-08,0.0,43.72,KL-PAM-01
2003-12-09,0.0,41.41,KL-PAM-01
2003-12-10,0.0,39.33,KL-PAM-01
2003-12-11,0.0,37.35,KL-PAM-01
2003-12-12,0.0,35.46,KL-PAM-01
2003-12-13,0.0,33.75,KL-PAM-01
2003-12-14,0.3,32.18,KL-PAM-01
2003-12-15,0.8,30.77,KL-PAM-01
2003-12-16,0.0,29.35,KL-PAM-01
2003-12-17,0.0,28.12,KL-PAM-01
2003-12-18,1.1,27.08,KL-PAM-01
2003-12-19,4.8,26.44,KL-PAM-01
2003-12-20,2.5,26.0,KL-PAM-01
2003-12-21,0.0,25.94,KL-PAM-01
2003-12-22,0.0,25.39,KL-PAM-01
2003-12-23,0.0,24.45,KL-PAM-01
2003-12-24,0.0,23.53,KL-PAM-01
2003-12-25,0.0,22.65,KL-PAM-01
2003-12-26,0.4,21.9,KL-PAM-01
2003-12-27,0.0,21.23,KL-PAM-01
2003-12-28,0.0,20.73,KL-PAM-01
2003-12-29,0.0,20.18,KL-PAM-01
2003-12-30,0.0,19.66,KL-PAM-01
2003-12-31,0.0,19.11,KL-PAM-01
2004-01-01,0.1,18.65,KL-PAM-01
2004-01-02,0.0,18.21,KL-PAM-01
2004-01-03,0.0,17.82,KL-PAM-01
2004-01-04,0.0,17.52,KL-PAM-01
2004-01-05,0.5,17.18,KL-PAM-01
2004-01-06,0.2,16.93,KL-PAM-01
2004-01-07,0.1,16.69,KL-PAM-01
2004-01-08,0.0,16.45,KL-PAM-01
2004-01-09,0.0,16.21,KL-PAM-01
2004-01-10,0.0,16.02,KL-PAM-01
2004-01-11,0.0,6.9,KL-PAM-01
2004-01-12,0.0,5.07,KL-PAM-01
2004-01-13,0.0,5.32,KL-PAM-01
2004-01-14,0.0,5.19,KL-PAM-01
2004-01-15,0.0,5.15,KL-PAM-01
2004-01-16,0.0,5.1,KL-PAM-01
2004-01-17,0.0,5.05,KL-PAM-01
2004-01-18,0.0,5.03,KL-PAM-01
2004-01-19,0.1,4.98,KL-PAM-01
2004-01-20,1.6,4.97,KL-PAM-01
2004-01-21,0.8,5.01,KL-PAM-01
2004-01-22,1.2,5.03,KL-PAM-01
2004-01-23,0.0,5.0,KL-PAM-01
2004-01-24,0.0,4.96,KL-PAM-01
2004-01-25,1.1,4.96,KL-PAM-01
2004-01-26,0.3,4.96,KL-PAM-01
2004-01-27,0.2,4.94,KL-PAM-01
2004-01-28,1.0,4.93,KL-PAM-01
2004-01-29,2.0,4.93,KL-PAM-01
2004-01-30,1.8,4.94,KL-PAM-01
2004-01-31,1.9,7.49,KL-PAM-01
2004-02-01,0.9,9.77,KL-PAM-01
2004-02-02,0.5,10.53,KL-PAM-01
2004-02-03,0.5,10.5,KL-PAM-01
2004-02-04,0.0,10.48,KL-PAM-01
2004-02-05,0.0,10.29,KL-PAM-01
2004-02-06,0.3,10.11,KL-PAM-01
2004-02-07,0.4,10.01,KL-PAM-01
2004-02-08,2.1,10.32,KL-PAM-01
2004-02-09,1.9,10.44,KL-PAM-01
2004-02-10,1.2,10.27,KL-PAM-01
2004-02-11,1.4,10.42,KL-PAM-01
2004-02-12,0.3,10.37,KL-PAM-01
2004-02-13,0.9,10.39,KL-PAM-01
2004-02-14,0.6,10.14,KL-PAM-01
2004-02-15,0.0,9.77,KL-PAM-01
2004-02-16,0.4,9.72,KL-PAM-01
2004-02-17,1.2,9.7,KL-PAM-01
2004-02-18,0.8,9.82,KL-PAM-01
2004-02-19,0.7,9.74,KL-PAM-01
2004-02-20,0.9,9.82,KL-PAM-01
2004-02-21,0.0,9.65,KL-PAM-01
2004-02-22,0.0,9.48,KL-PAM-01
2004-02-23,0.1,9.15,KL-PAM-01
2004-02-24,0.3,8.94,KL-PAM-01
2004-02-25,0.1,8.83,KL-PAM-01
2004-02-26,0.2,8.72,KL-PAM-01
2004-02-27,0.4,8.94,KL-PAM-01
2004-02-28,1.7,9.53,KL-PAM-01
2004-02-29,1.1,9.87,KL-PAM-01
2004-03-01,0.2,9.77,KL-PAM-01
2004-03-02,0.4,9.17,KL-PAM-01
2004-03-03,0.6,9.06,KL-PAM-01
2004-03-04,0.9,8.9,KL-PAM-01
2004-03-05,0.0,8.48,KL-PAM-01
2004-03-06,0.0,8.44,KL-PAM-01
2004-03-07,0.0,8.36,KL-PAM-01
2004-03-08,0.1,8.44,KL-PAM-01
2004-03-09,0.2,8.27,KL-PAM-01
2004-03-10,0.5,8.27,KL-PAM-01
2004-03-11,2.1,8.31,KL-PAM-01
2004-03-12,0.0,8.33,KL-PAM-01
2004-03-13,1.9,8.44,KL-PAM-01
2004-03-14,0.8,8.33,KL-PAM-01
2004-03-15,1.0,8.42,KL-PAM-01
2004-03-16,1.1,8.36,KL-PAM-01
2004-03-17,0.9,8.53,KL-PAM-01
2004-03-18,0.8,8.37,KL-PAM-01
2004-03-19,0.5,8.21,KL-PAM-01
2004-03-20,2.5,8.36,KL-PAM-01
2004-03-21,1.0,8.33,KL-PAM-01
2004-03-22,4.6,9.82,KL-PAM-01
2004-03-23,7.0,12.4,KL-PAM-01
2004-03-24,5.7,13.57,KL-PAM-01
2004-03-25,3.2,14.53,KL-PAM-01
2004-03-26,1.0,13.98,KL-PAM-01
2004-03-27,12.0,15.18,KL-PAM-01
2004-03-28,6.3,17.43,KL-PAM-01
2004-03-29,2.3,18.69,KL-PAM-01
2004-03-30,2.3,18.88,KL-PAM-01
2004-03-31,11.7,19.34,KL-PAM-01
2004-04-01,1.8,19.47,KL-PAM-01
2004-04-02,12.1,23.14,KL-PAM-01
2004-04-03,10.9,26.5,KL-PAM-01
2004-04-04,4.0,27.14,KL-PAM-01
2004-04-05,12.0,28.52,KL-PAM-01
2004-04-06,6.0,32.57,KL-PAM-01
2004-04-07,14.7,35.79,KL-PAM-01
2004-04-08,3.5,40.27,KL-PAM-01
2004-04-09,1.6,43.0,KL-PAM-01
2004-04-10,7.6,46.79,KL-PAM-01
2004-04-11,7.9,47.79,KL-PAM-01
2004-04-12,7.2,47.23,KL-PAM-01
2004-04-13,6.1,50.91,KL-PAM-01
2004-04-14,4.7,55.13,KL-PAM-01
2004-04-15,2.4,56.3,KL-PAM-01
2004-04-16,3.5,55.38,KL-PAM-01
2004-04-17,0.0,53.73,KL-PAM-01
2004-04-18,0.3,51.63,KL-PAM-01
2004-04-19,0.2,49.74,KL-PAM-01
2004-04-20,5.8,48.69,KL-PAM-01
2004-04-21,8.3,52.61,KL-PAM-01
2004-04-22,2.7,54.74,KL-PAM-01
2004-04-23,11.4,54.74,KL-PAM-01
2004-04-24,5.7,56.56,KL-PAM-01
2004-04-25,26.4,59.82,KL-PAM-01
2004-04-26,15.0,66.45,KL-PAM-01
2004-04-27,6.6,73.96,KL-PAM-01
2004-04-28,4.8,78.77,KL-PAM-01
2004-04-29,1.5,81.75,KL-PAM-01
2004-04-30,10.2,85.05,KL-PAM-01
2004-05-01,11.2,85.84,KL-PAM-01
2004-05-02,52.3,108.8,KL-PAM-01
2004-05-03,22.3,154.75,KL-PAM-01
2004-05-04,28.9,168.2,KL-PAM-01
2004-05-05,51.1,169.37,KL-PAM-01
2004-05-06,50.5,199.6,KL-PAM-01
2004-05-07,19.3,208.56,KL-PAM-01
2004-05-08,2.0,200.52,KL-PAM-01
2004-05-09,2.0,184.08,KL-PAM-01
2004-05-10,3.7,168.59,KL-PAM-01
2004-05-11,4.0,156.19,KL-PAM-01
2004-05-12,3.8,145.37,KL-PAM-01
2004-05-13,4.4,136.24,KL-PAM-01
2004-05-14,8.9,127.38,KL-PAM-01
2004-05-15,22.5,121.89,KL-PAM-01
2004-05-16,9.6,119.1,KL-PAM-01
2004-05-17,12.6,115.29,KL-PAM-01
2004-05-18,22.4,114.23,KL-PAM-01
2004-05-19,5.5,117.46,KL-PAM-01
2004-05-20,36.7,118.0,KL-PAM-01
2004-05-21,7.4,122.18,KL-PAM-01
2004-05-22,6.0,119.66,KL-PAM-01
2004-05-23,14.8,114.76,KL-PAM-01
2004-05-24,4.8,111.35,KL-PAM-01
2004-05-25,16.8,107.54,KL-PAM-01
2004-05-26,24.4,106.8,KL-PAM-01
2004-05-27,9.8,108.54,KL-PAM-01
2004-05-28,16.8,109.31,KL-PAM-01
2004-05-29,11.6,110.32,KL-PAM-01
2004-05-30,13.8,110.07,KL-PAM-01
2004-05-31,4.1,108.04,KL-PAM-01
2004-06-01,11.0,103.86,KL-PAM-01
2004-06-02,11.0,100.08,KL-PAM-01
2004-06-03,13.8,98.92,KL-PAM-01
2004-06-04,15.9,98.92,KL-PAM-01
2004-06-05,23.1,99.61,KL-PAM-01
2004-06-06,25.8,105.81,KL-PAM-01
2004-06-07,40.9,121.89,KL-PAM-01
2004-06-08,37.0,138.47,KL-PAM-01
2004-06-09,45.3,165.49,KL-PAM-01
2004-06-10,21.3,177.38,KL-PAM-01
2004-06-11,13.3,174.94,KL-PAM-01
2004-06-12,16.6,181.96,KL-PAM-01
2004-06-13,16.4,201.92,KL-PAM-01
2004-06-14,6.6,210.5,KL-PAM-01
2004-06-15,8.2,209.53,KL-PAM-01
2004-06-16,14.0,209.53,KL-PAM-01
2004-06-17,8.1,211.96,KL-PAM-01
2004-06-18,2.3,210.5,KL-PAM-01
2004-06-19,3.0,204.74,KL-PAM-01
2004-06-20,3.5,195.94,KL-PAM-01
2004-06-21,4.7,184.5,KL-PAM-01
2004-06-22,2.9,172.93,KL-PAM-01
2004-06-23,3.5,162.46,KL-PAM-01
2004-06-24,5.1,152.61,KL-PAM-01
2004-06-25,2.5,143.7,KL-PAM-01
2004-06-26,3.1,135.6,KL-PAM-01
2004-06-27,5.2,128.27,KL-PAM-01
2004-06-28,15.2,122.46,KL-PAM-01
2004-06-29,20.3,121.89,KL-PAM-01
2004-06-30,7.6,124.18,KL-PAM-01
2004-07-01,9.2,121.33,KL-PAM-01
2004-07-02,4.5,118.27,KL-PAM-01
2004-07-03,7.1,115.29,KL-PAM-01
2004-07-04,11.8,113.44,KL-PAM-01
2004-07-05,4.0,110.32,KL-PAM-01
2004-07-06,14.1,105.56,KL-PAM-01
2004-07-07,14.3,103.86,KL-PAM-01
2004-07-08,17.4,103.14,KL-PAM-01
2004-07-09,12.8,104.83,KL-PAM-01
2004-07-10,28.5,108.3,KL-PAM-01
2004-07-11,16.8,110.07,KL-PAM-01
2004-07-12,8.5,108.3,KL-PAM-01
2004-07-13,3.2,104.83,KL-PAM-01
2004-07-14,3.8,100.54,KL-PAM-01
2004-07-15,18.9,100.08,KL-PAM-01
2004-07-16,24.4,109.31,KL-PAM-01
2004-07-17,12.9,116.91,KL-PAM-01
2004-07-18,17.9,119.1,KL-PAM-01
2004-07-19,32.8,127.68,KL-PAM-01
2004-07-20,10.7,136.87,KL-PAM-01
2004-07-21,9.3,135.6,KL-PAM-01
2004-07-22,16.0,130.98,KL-PAM-01
2004-07-23,2.6,126.2,KL-PAM-01
2004-07-24,11.3,120.21,KL-PAM-01
2004-07-25,3.8,119.1,KL-PAM-01
2004-07-26,9.0,115.83,KL-PAM-01
2004-07-27,5.0,111.61,KL-PAM-01
2004-07-28,3.5,106.8,KL-PAM-01
2004-07-29,16.2,102.9,KL-PAM-01
2004-07-30,3.8,101.71,KL-PAM-01
2004-07-31,2.1,97.32,KL-PAM-01
2004-08-01,1.8,92.26,KL-PAM-01
2004-08-02,3.7,87.66,KL-PAM-01
2004-08-03,22.2,88.48,KL-PAM-01
2004-08-04,14.5,104.35,KL-PAM-01
2004-08-05,13.6,127.68,KL-PAM-01
2004-08-06,26.0,151.55,KL-PAM-01
2004-08-07,8.1,159.1,KL-PAM-01
2004-08-08,7.0,151.2,KL-PAM-01
2004-08-09,0.2,140.4,KL-PAM-01
2004-08-10,1.3,129.77,KL-PAM-01
2004-08-11,4.0,121.05,KL-PAM-01
2004-08-12,6.8,113.18,KL-PAM-01
2004-08-13,7.6,106.8,KL-PAM-01
2004-08-14,15.8,102.67,KL-PAM-01
2004-08-15,6.5,103.62,KL-PAM-01
2004-08-16,28.8,102.19,KL-PAM-01
2004-08-17,13.5,105.08,KL-PAM-01
2004-08-18,30.9,103.62,KL-PAM-01
2004-08-19,15.4,104.35,KL-PAM-01
2004-08-20,21.0,105.08,KL-PAM-01
2004-08-21,1.6,104.59,KL-PAM-01
2004-08-22,1.7,100.54,KL-PAM-01
2004-08-23,2.2,95.09,KL-PAM-01
2004-08-24,1.6,90.35,KL-PAM-01
2004-08-25,1.1,85.84,KL-PAM-01
2004-08-26,1.0,81.38,KL-PAM-01
2004-08-27,0.8,77.5,KL-PAM-01
2004-08-28,3.1,74.31,KL-PAM-01
2004-08-29,2.9,70.76,KL-PAM-01
2004-08-30,2.3,67.38,KL-PAM-01
2004-08-31,1.7,64.92,KL-PAM-01
2004-09-01,1.1,61.81,KL-PAM-01
2004-09-02,0.0,58.44,KL-PAM-01
2004-09-03,2.5,55.38,KL-PAM-01
2004-09-04,3.0,52.85,KL-PAM-01
2004-09-05,8.3,50.55,KL-PAM-01
2004-09-06,27.0,49.97,KL-PAM-01
2004-09-07,11.9,52.36,KL-PAM-01
2004-09-08,15.1,53.85,KL-PAM-01
2004-09-09,8.8,54.23,KL-PAM-01
2004-09-10,17.9,54.36,KL-PAM-01
2004-09-11,19.3,57.63,KL-PAM-01
2004-09-12,7.6,59.96,KL-PAM-01
2004-09-13,1.1,59.26,KL-PAM-01
2004-09-14,11.4,57.76,KL-PAM-01
2004-09-15,15.1,57.36,KL-PAM-01
2004-09-16,16.0,58.17,KL-PAM-01
2004-09-17,15.1,59.54,KL-PAM-01
2004-09-18,13.7,62.83,KL-PAM-01
2004-09-19,12.7,66.45,KL-PAM-01
2004-09-20,2.2,69.79,KL-PAM-01
2004-09-21,2.4,69.45,KL-PAM-01
2004-09-22,0.4,67.7,KL-PAM-01
2004-09-23,3.6,65.22,KL-PAM-01
2004-09-24,12.5,66.92,KL-PAM-01
2004-09-25,12.4,74.14,KL-PAM-01
2004-09-26,9.6,82.33,KL-PAM-01
2004-09-27,30.0,93.12,KL-PAM-01
2004-09-28,16.6,103.62,KL-PAM-01
2004-09-29,1.6,104.35,KL-PAM-01
2004-09-30,1.6,99.38,KL-PAM-01
2004-10-01,9.4,94.87,KL-PAM-01
2004-10-02,22.2,91.19,KL-PAM-01
2004-10-03,32.5,104.1,KL-PAM-01
2004-10-04,24.9,118.54,KL-PAM-01
2004-10-05,7.1,121.89,KL-PAM-01
2004-10-06,1.1,117.19,KL-PAM-01
2004-10-07,0.8,110.58,KL-PAM-01
2004-10-08,0.7,103.62,KL-PAM-01
2004-10-09,4.7,97.55,KL-PAM-01
2004-10-10,2.5,93.77,KL-PAM-01
2004-10-11,9.2,93.34,KL-PAM-01
2004-10-12,9.5,94.21,KL-PAM-01
2004-10-13,15.5,99.15,KL-PAM-01
2004-10-14,25.8,104.1,KL-PAM-01
2004-10-15,7.5,111.1,KL-PAM-01
2004-10-16,6.1,116.64,KL-PAM-01
2004-10-17,13.5,120.49,KL-PAM-01
2004-10-18,11.0,123.6,KL-PAM-01
2004-10-19,8.3,127.09,KL-PAM-01
2004-10-20,11.3,129.47,KL-PAM-01
2004-10-21,13.7,130.67,KL-PAM-01
2004-10-22,5.4,133.42,KL-PAM-01
2004-10-23,7.5,129.47,KL-PAM-01
2004-10-24,1.0,127.68,KL-PAM-01
2004-10-25,8.1,122.18,KL-PAM-01
2004-10-26,13.3,119.93,KL-PAM-01
2004-10-27,27.4,123.03,KL-PAM-01
2004-10-28,12.7,126.79,KL-PAM-01
2004-10-29,7.9,127.09,KL-PAM-01
2004-10-30,6.4,126.79,KL-PAM-01
2004-10-31,5.0,124.75,KL-PAM-01
2004-11-01,9.3,121.61,KL-PAM-01
2004-11-02,0.6,121.61,KL-PAM-01
2004-11-03,0.6,122.75,KL-PAM-01
2004-11-04,0.4,120.21,KL-PAM-01
2004-11-05,0.5,114.23,KL-PAM-01
2004-11-06,0.0,108.8,KL-PAM-01
2004-11-07,3.2,104.35,KL-PAM-01
2004-11-08,9.6,103.38,KL-PAM-01
2004-11-09,14.7,105.08,KL-PAM-01
2004-11-10,6.8,106.3,KL-PAM-01
2004-11-11,11.4,104.83,KL-PAM-01
2004-11-12,22.2,105.56,KL-PAM-01
2004-11-13,9.0,108.8,KL-PAM-01
2004-11-14,3.4,107.05,KL-PAM-01
2004-11-15,16.6,106.55,KL-PAM-01
2004-11-16,0.0,105.81,KL-PAM-01
2004-11-17,0.3,101.01,KL-PAM-01
2004-11-18,1.0,95.09,KL-PAM-01
2004-11-19,0.0,90.14,KL-PAM-01
2004-11-20,5.6,85.44,KL-PAM-01
2004-11-21,3.8,85.25,KL-PAM-01
2004-11-22,9.2,85.05,KL-PAM-01
2004-11-23,6.8,84.65,KL-PAM-01
2004-11-24,9.7,82.33,KL-PAM-01
2004-11-25,8.4,80.06,KL-PAM-01
2004-11-26,0.0,77.13,KL-PAM-01
2004-11-27,0.0,73.28,KL-PAM-01
2004-11-28,0.0,69.13,KL-PAM-01
2004-11-29,0.0,65.22,KL-PAM-01
2004-11-30,0.0,61.52,KL-PAM-01
2004-12-01,0.5,58.17,KL-PAM-01
2004-12-02,1.2,55.26,KL-PAM-01
2004-12-03,3.6,53.73,KL-PAM-01
2004-12-04,3.4,53.6,KL-PAM-01
2004-12-05,0.1,52.24,KL-PAM-01
2004-12-06,0.0,49.74,KL-PAM-01
2004-12-07,0.0,47.12,KL-PAM-01
2004-12-08,0.0,44.65,KL-PAM-01
2004-12-09,0.2,42.4,KL-PAM-01
2004-12-10,0.0,40.36,KL-PAM-01
2004-12-11,0.0,38.42,KL-PAM-01
2004-12-12,0.2,36.47,KL-PAM-01
2004-12-13,1.9,34.88,KL-PAM-01
2004-12-14,1.2,34.15,KL-PAM-01
2004-12-15,0.1,33.98,KL-PAM-01
2004-12-16,0.0,32.96,KL-PAM-01
2004-12-17,0.0,31.51,KL-PAM-01
2004-12-18,0.0,30.13,KL-PAM-01
2004-12-19,0.0,28.8,KL-PAM-01
2004-12-20,0.0,27.6,KL-PAM-01
2004-12-21,0.0,26.5,KL-PAM-01
2004-12-22,0.7,25.52,KL-PAM-01
2004-12-23,0.1,24.68,KL-PAM-01
2004-12-24,0.0,23.81,KL-PAM-01
2004-12-25,0.8,23.03,KL-PAM-01
2004-12-26,0.0,22.32,KL-PAM-01
2004-12-27,0.0,21.59,KL-PAM-01
2004-12-28,0.6,21.03,KL-PAM-01
2004-12-29,0.0,20.58,KL-PAM-01
2004-12-30,0.0,20.04,KL-PAM-01
2004-12-31,3.1,19.52,KL-PAM-01
2005-01-01,2.4,19.71,KL-PAM-01
2005-01-02,2.0,21.08,KL-PAM-01
2005-01-03,0.1,21.59,KL-PAM-01
2005-01-04,0.2,20.97,KL-PAM-01
2005-01-05,0.0,20.34,KL-PAM-01
2005-01-06,0.0,19.8,KL-PAM-01
2005-01-07,0.0,19.28,KL-PAM-01
2005-01-08,0.0,18.78,KL-PAM-01
2005-01-09,0.0,18.33,KL-PAM-01
2005-01-10,0.0,17.94,KL-PAM-01
2005-01-11,0.0,9.17,KL-PAM-01
2005-01-12,0.0,6.23,KL-PAM-01
2005-01-13,0.1,6.09,KL-PAM-01
2005-01-14,0.0,5.93,KL-PAM-01
2005-01-15,0.1,5.8,KL-PAM-01
2005-01-16,1.2,5.7,KL-PAM-01
2005-01-17,0.0,5.74,KL-PAM-01
2005-01-18,0.2,5.71,KL-PAM-01
2005-01-19,0.6,5.6,KL-PAM-01
2005-01-20,0.0,5.54,KL-PAM-01
2005-01-21,0.2,5.46,KL-PAM-01
2005-01-22,0.0,5.39,KL-PAM-01
2005-01-23,0.1,5.27,KL-PAM-01
2005-01-24,0.2,5.19,KL-PAM-01
2005-01-25,0.0,5.15,KL-PAM-01
2005-01-26,2.8,5.14,KL-PAM-01
2005-01-27,4.7,5.39,KL-PAM-01
2005-01-28,1.1,5.89,KL-PAM-01
2005-01-29,5.0,6.22,KL-PAM-01
2005-01-30,1.8,6.72,KL-PAM-01
2005-01-31,0.9,11.29,KL-PAM-01
2005-02-01,2.0,13.84,KL-PAM-01
2005-02-02,0.4,14.08,KL-PAM-01
2005-02-03,0.7,13.94,KL-PAM-01
2005-02-04,0.1,13.77,KL-PAM-01
2005-02-05,0.5,13.48,KL-PAM-01
2005-02-06,0.4,13.15,KL-PAM-01
2005-02-07,0.0,12.74,KL-PAM-01
2005-02-08,0.0,12.27,KL-PAM-01
2005-02-09,0.0,11.91,KL-PAM-01
2005-02-10,0.0,11.51,KL-PAM-01
2005-02-11,0.0,11.31,KL-PAM-01
2005-02-12,0.0,11.12,KL-PAM-01
2005-02-13,0.0,10.95,KL-PAM-01
2005-02-14,0.0,10.68,KL-PAM-01
2005-02-15,0.0,10.5,KL-PAM-01
2005-02-16,0.0,10.39,KL-PAM-01
2005-02-17,0.0,10.16,KL-PAM-01
2005-02-18,0.0,10.01,KL-PAM-01
2005-02-19,0.0,9.84,KL-PAM-01
2005-02-20,0.0,9.55,KL-PAM-01
2005-02-21,0.5,9.53,KL-PAM-01
2005-02-22,0.6,9.62,KL-PAM-01
2005-02-23,1.8,9.53,KL-PAM-01
2005-02-24,0.5,9.6,KL-PAM-01
2005-02-25,0.0,9.55,KL-PAM-01
2005-02-26,0.0,9.48,KL-PAM-01
2005-02-27,0.2,9.33,KL-PAM-01
2005-02-28,0.0,9.1,KL-PAM-01
2005-03-01,0.0,8.92,KL-PAM-01
2005-03-02,0.9,8.68,KL-PAM-01
2005-03-03,0.8,8.36,KL-PAM-01
2005-03-04,0.3,8.48,KL-PAM-01
2005-03-05,0.7,8.68,KL-PAM-01
2005-03-06,4.0,9.53,KL-PAM-01
2005-03-07,2.6,10.14,KL-PAM-01
2005-03-08,2.0,10.01,KL-PAM-01
2005-03-09,5.6,10.09,KL-PAM-01
2005-03-10,0.3,9.99,KL-PAM-01
2005-03-11,2.8,9.6,KL-PAM-01
2005-03-12,2.1,9.43,KL-PAM-01
2005-03-13,0.5,9.45,KL-PAM-01
2005-03-14,4.0,9.62,KL-PAM-01
2005-03-15,2.0,10.06,KL-PAM-01
2005-03-16,1.6,10.01,KL-PAM-01
2005-03-17,0.6,9.43,KL-PAM-01
2005-03-18,0.7,9.06,KL-PAM-01
2005-03-19,1.2,8.68,KL-PAM-01
2005-03-20,2.3,9.74,KL-PAM-01
2005-03-21,0.5,9.92,KL-PAM-01
2005-03-22,1.1,9.72,KL-PAM-01
2005-03-23,2.1,9.7,KL-PAM-01
2005-03-24,0.9,9.33,KL-PAM-01
2005-03-25,1.1,8.92,KL-PAM-01
2005-03-26,0.0,9.1,KL-PAM-01
2005-03-27,5.2,9.84,KL-PAM-01
2005-03-28,3.8,9.89,KL-PAM-01
2005-03-29,2.2,10.11,KL-PAM-01
2005-03-30,4.3,10.27,KL-PAM-01
2005-03-31,4.2,12.13,KL-PAM-01
2005-04-01,0.0,13.48,KL-PAM-01
2005-04-02,22.5,14.85,KL-PAM-01
2005-04-03,13.7,16.65,KL-PAM-01
2005-04-04,11.8,18.88,KL-PAM-01
2005-04-05,10.8,21.03,KL-PAM-01
2005-04-06,9.9,22.81,KL-PAM-01
2005-04-07,10.7,23.64,KL-PAM-01
2005-04-08,12.6,23.7,KL-PAM-01
2005-04-09,2.1,25.33,KL-PAM-01
2005-04-10,5.1,25.64,KL-PAM-01
2005-04-11,6.6,26.0,KL-PAM-01
2005-04-12,5.5,26.94,KL-PAM-01
2005-04-13,4.3,27.4,KL-PAM-01
2005-04-14,3.9,27.66,KL-PAM-01
2005-04-15,5.3,28.06,KL-PAM-01
2005-04-16,2.0,27.92,KL-PAM-01
2005-04-17,2.8,27.53,KL-PAM-01
2005-04-18,1.3,27.01,KL-PAM-01
2005-04-19,9.7,26.76,KL-PAM-01
2005-04-20,6.2,28.06,KL-PAM-01
2005-04-21,5.0,30.41,KL-PAM-01
2005-04-22,13.4,31.81,KL-PAM-01
2005-04-23,6.7,34.06,KL-PAM-01
2005-04-24,3.4,35.79,KL-PAM-01
2005-04-25,4.7,36.57,KL-PAM-01
2005-04-26,7.4,37.79,KL-PAM-01
2005-04-27,4.9,39.98,KL-PAM-01
2005-04-28,4.5,41.41,KL-PAM-01
2005-04-29,0.8,43.82,KL-PAM-01
2005-04-30,1.4,44.96,KL-PAM-01
2005-05-01,4.5,47.12,KL-PAM-01
2005-05-02,13.9,49.39,KL-PAM-01
2005-05-03,6.1,52.49,KL-PAM-01
2005-05-04,1.2,53.35,KL-PAM-01
2005-05-05,0.0,52.49,KL-PAM-01
2005-05-06,2.0,50.55,KL-PAM-01
2005-05-07,5.7,48.58,KL-PAM-01
2005-05-08,0.9,48.47,KL-PAM-01
2005-05-09,0.8,48.01,KL-PAM-01
2005-05-10,2.1,46.9,KL-PAM-01
2005-05-11,2.2,45.92,KL-PAM-01
2005-05-12,8.4,44.55,KL-PAM-01
2005-05-13,7.1,45.29,KL-PAM-01
2005-05-14,3.5,46.47,KL-PAM-01
2005-05-15,8.4,46.47,KL-PAM-01
2005-05-16,6.4,46.47,KL-PAM-01
2005-05-17,0.0,45.71,KL-PAM-01
2005-05-18,1.2,43.92,KL-PAM-01
2005-05-19,2.9,42.1,KL-PAM-01
2005-05-20,2.6,41.13,KL-PAM-01
2005-05-21,5.1,41.32,KL-PAM-01
2005-05-22,7.6,41.41,KL-PAM-01
2005-05-23,5.1,41.13,KL-PAM-01
2005-05-24,5.4,41.41,KL-PAM-01
2005-05-25,11.2,41.91,KL-PAM-01
2005-05-26,18.1,43.82,KL-PAM-01
2005-05-27,11.3,48.35,KL-PAM-01
2005-05-28,12.2,52.36,KL-PAM-01
2005-05-29,16.5,54.61,KL-PAM-01
2005-05-30,20.8,58.03,KL-PAM-01
2005-05-31,4.6,59.69,KL-PAM-01
2005-06-01,9.4,58.86,KL-PAM-01
2005-06-02,15.0,58.17,KL-PAM-01
2005-06-03,7.2,59.41,KL-PAM-01
2005-06-04,19.7,60.1,KL-PAM-01
2005-06-05,10.9,62.39,KL-PAM-01
2005-06-06,10.1,64.16,KL-PAM-01
2005-06-07,4.0,66.3,KL-PAM-01
2005-06-08,10.5,65.52,KL-PAM-01
2005-06-09,23.8,65.52,KL-PAM-01
2005-06-10,7.0,72.77,KL-PAM-01
2005-06-11,8.9,75.71,KL-PAM-01
2005-06-12,8.3,75.01,KL-PAM-01
2005-06-13,16.3,73.79,KL-PAM-01
2005-06-14,17.0,74.31,KL-PAM-01
2005-06-15,15.7,73.45,KL-PAM-01
2005-06-16,39.3,82.51,KL-PAM-01
2005-06-17,37.6,141.38,KL-PAM-01
2005-06-18,14.7,166.26,KL-PAM-01
2005-06-19,24.2,168.59,KL-PAM-01
2005-06-20,13.9,165.11,KL-PAM-01
2005-06-21,9.9,159.1,KL-PAM-01
2005-06-22,3.0,152.61,KL-PAM-01
2005-06-23,6.9,144.03,KL-PAM-01
2005-06-24,10.8,135.6,KL-PAM-01
2005-06-25,11.0,128.87,KL-PAM-01
2005-06-26,6.1,123.89,KL-PAM-01
2005-06-27,6.1,118.54,KL-PAM-01
2005-06-28,5.9,114.49,KL-PAM-01
2005-06-29,5.8,110.83,KL-PAM-01
2005-06-30,9.9,107.54,KL-PAM-01
2005-07-01,9.1,104.59,KL-PAM-01
2005-07-02,11.6,102.9,KL-PAM-01
2005-07-03,12.9,99.85,KL-PAM-01
2005-07-04,13.8,96.65,KL-PAM-01
2005-07-05,12.9,96.42,KL-PAM-01
2005-07-06,12.3,98.0,KL-PAM-01
2005-07-07,1.8,98.92,KL-PAM-01
2005-07-08,7.0,96.2,KL-PAM-01
2005-07-09,10.1,95.53,KL-PAM-01
2005-07-10,27.8,97.1,KL-PAM-01
2005-07-11,16.2,104.1,KL-PAM-01
2005-07-12,14.2,108.3,KL-PAM-01
2005-07-13,19.4,105.56,KL-PAM-01
2005-07-14,14.2,106.8,KL-PAM-01
2005-07-15,10.3,111.1,KL-PAM-01
2005-07-16,20.0,113.18,KL-PAM-01
2005-07-17,11.5,116.1,KL-PAM-01
2005-07-18,11.0,123.89,KL-PAM-01
2005-07-19,14.2,123.03,KL-PAM-01
2005-07-20,16.0,121.05,KL-PAM-01
2005-07-21,3.4,121.05,KL-PAM-01
2005-07-22,7.6,116.1,KL-PAM-01
2005-07-23,14.1,113.7,KL-PAM-01
2005-07-24,11.1,119.1,KL-PAM-01
2005-07-25,13.6,131.59,KL-PAM-01
2005-07-26,19.2,147.4,KL-PAM-01
2005-07-27,10.5,159.1,KL-PAM-01
2005-07-28,18.9,168.59,KL-PAM-01
2005-07-29,12.3,174.13,KL-PAM-01
2005-07-30,15.7,181.96,KL-PAM-01
2005-07-31,25.6,204.27,KL-PAM-01
2005-08-01,12.7,215.42,KL-PAM-01
2005-08-02,6.2,211.96,KL-PAM-01
2005-08-03,5.5,201.45,KL-PAM-01
2005-08-04,7.9,189.7,KL-PAM-01
2005-08-05,3.4,178.62,KL-PAM-01
2005-08-06,1.1,168.2,KL-PAM-01
2005-08-07,1.9,157.64,KL-PAM-01
2005-08-08,2.8,147.74,KL-PAM-01
2005-08-09,1.1,139.11,KL-PAM-01
2005-08-10,3.1,130.98,KL-PAM-01
2005-08-11,7.0,123.6,KL-PAM-01
2005-08-12,9.0,117.46,KL-PAM-01
2005-08-13,3.2,111.87,KL-PAM-01
2005-08-14,3.1,106.3,KL-PAM-01
2005-08-15,3.0,101.01,KL-PAM-01
2005-08-16,2.5,95.75,KL-PAM-01
2005-08-17,1.2,90.77,KL-PAM-01
2005-08-18,2.2,86.05,KL-PAM-01
2005-08-19,2.5,81.19,KL-PAM-01
2005-08-20,0.6,77.13,KL-PAM-01
2005-08-21,3.1,72.94,KL-PAM-01
2005-08-22,0.0,68.97,KL-PAM-01
2005-08-23,0.3,65.37,KL-PAM-01
2005-08-24,3.7,63.42,KL-PAM-01
2005-08-25,3.1,60.81,KL-PAM-01
2005-08-26,5.9,58.03,KL-PAM-01
2005-08-27,14.1,56.56,KL-PAM-01
2005-08-28,7.7,59.13,KL-PAM-01
2005-08-29,9.6,60.95,KL-PAM-01
2005-08-30,7.0,61.38,KL-PAM-01
2005-08-31,10.5,61.23,KL-PAM-01
2005-09-01,11.1,61.38,KL-PAM-01
2005-09-02,17.5,62.1,KL-PAM-01
2005-09-03,20.8,64.16,KL-PAM-01
2005-09-04,37.3,83.48,KL-PAM-01
2005-09-05,41.3,107.29,KL-PAM-01
2005-09-06,37.7,125.33,KL-PAM-01
2005-09-07,26.1,134.36,KL-PAM-01
2005-09-08,21.9,143.36,KL-PAM-01
2005-09-09,20.5,149.46,KL-PAM-01
2005-09-10,35.9,161.33,KL-PAM-01
2005-09-11,27.3,168.98,KL-PAM-01
2005-09-12,16.7,169.37,KL-PAM-01
2005-09-13,19.9,165.11,KL-PAM-01
2005-09-14,7.6,159.48,KL-PAM-01
2005-09-15,2.6,151.55,KL-PAM-01
2005-09-16,1.3,143.03,KL-PAM-01
2005-09-17,1.0,134.67,KL-PAM-01
2005-09-18,5.5,126.5,KL-PAM-01
2005-09-19,4.6,119.66,KL-PAM-01
2005-09-20,5.7,116.37,KL-PAM-01
2005-09-21,2.8,113.7,KL-PAM-01
2005-09-22,3.0,108.8,KL-PAM-01
2005-09-23,3.1,102.9,KL-PAM-01
2005-09-24,3.5,97.32,KL-PAM-01
2005-09-25,0.4,92.48,KL-PAM-01
2005-09-26,3.8,87.86,KL-PAM-01
2005-09-27,1.6,82.91,KL-PAM-01
2005-09-28,1.6,78.77,KL-PAM-01
2005-09-29,1.9,74.66,KL-PAM-01
2005-09-30,0.3,71.09,KL-PAM-01
2005-10-01,0.0,67.86,KL-PAM-01
2005-10-02,1.3,64.16,KL-PAM-01
2005-10-03,0.1,60.81,KL-PAM-01
2005-10-04,2.6,58.3,KL-PAM-01
2005-10-05,7.3,60.81,KL-PAM-01
2005-10-06,17.5,66.76,KL-PAM-01
2005-10-07,4.8,76.6,KL-PAM-01
2005-10-08,9.7,84.46,KL-PAM-01
2005-10-09,2.7,88.48,KL-PAM-01
2005-10-10,7.7,88.69,KL-PAM-01
2005-10-11,13.6,88.69,KL-PAM-01
2005-10-12,22.7,90.35,KL-PAM-01
2005-10-13,10.1,94.21,KL-PAM-01
2005-10-14,2.4,94.43,KL-PAM-01
2005-10-15,1.4,91.41,KL-PAM-01
2005-10-16,3.2,87.25,KL-PAM-01
2005-10-17,2.7,82.71,KL-PAM-01
2005-10-18,5.8,79.13,KL-PAM-01
2005-10-19,14.7,76.42,KL-PAM-01
2005-10-20,6.6,74.66,KL-PAM-01
2005-10-21,3.3,72.6,KL-PAM-01
2005-10-22,13.0,71.42,KL-PAM-01
2005-10-23,23.7,75.53,KL-PAM-01
2005-10-24,22.6,81.19,KL-PAM-01
2005-10-25,11.4,84.46,KL-PAM-01
2005-10-26,1.5,83.48,KL-PAM-01
2005-10-27,2.9,80.25,KL-PAM-01
2005-10-28,1.6,75.88,KL-PAM-01
2005-10-29,6.6,72.6,KL-PAM-01
2005-10-30,3.8,70.44,KL-PAM-01
2005-10-31,7.6,68.33,KL-PAM-01
2005-11-01,17.1,68.02,KL-PAM-01
2005-11-02,18.9,68.97,KL-PAM-01
2005-11-03,20.5,69.79,KL-PAM-01
2005-11-04,30.6,72.6,KL-PAM-01
2005-11-05,27.1,84.86,KL-PAM-01
2005-11-06,10.2,97.55,KL-PAM-01
2005-11-07,7.4,101.71,KL-PAM-01
2005-11-08,18.1,103.14,KL-PAM-01
2005-11-09,17.8,108.8,KL-PAM-01
2005-11-10,3.1,111.35,KL-PAM-01
2005-11-11,7.8,112.91,KL-PAM-01
2005-11-12,36.9,285.57,KL-PAM-01
2005-11-13,55.3,367.28,KL-PAM-01
2005-11-14,16.0,340.34,KL-PAM-01
2005-11-15,4.6,301.84,KL-PAM-01
2005-11-16,0.3,266.45,KL-PAM-01
2005-11-17,0.1,238.48,KL-PAM-01
2005-11-18,0.3,217.42,KL-PAM-01
2005-11-19,0.5,200.52,KL-PAM-01
2005-11-20,0.9,185.79,KL-PAM-01
2005-11-21,1.4,174.13,KL-PAM-01
2005-11-22,22.8,211.96,KL-PAM-01
2005-11-23,24.5,222.51,KL-PAM-01
2005-11-24,19.0,214.43,KL-PAM-01
2005-11-25,22.1,207.12,KL-PAM-01
2005-11-26,10.3,197.31,KL-PAM-01
2005-11-27,1.8,187.95,KL-PAM-01
2005-11-28,3.7,179.45,KL-PAM-01
2005-11-29,1.4,171.34,KL-PAM-01
2005-11-30,5.1,163.59,KL-PAM-01
2005-12-01,0.7,155.1,KL-PAM-01
2005-12-02,3.7,147.06,KL-PAM-01
2005-12-03,5.4,139.11,KL-PAM-01
2005-12-04,15.4,133.42,KL-PAM-01
2005-12-05,17.4,133.12,KL-PAM-01
2005-12-06,0.7,130.07,KL-PAM-01
2005-12-07,0.0,125.04,KL-PAM-01
2005-12-08,0.4,118.27,KL-PAM-01
2005-12-09,1.5,111.61,KL-PAM-01
2005-12-10,15.0,106.3,KL-PAM-01
2005-12-11,20.0,110.07,KL-PAM-01
2005-12-12,1.5,118.0,KL-PAM-01
2005-12-13,2.7,116.64,KL-PAM-01
2005-12-14,2.2,112.91,KL-PAM-01
2005-12-15,0.5,108.54,KL-PAM-01
2005-12-16,0.0,102.43,KL-PAM-01
2005-12-17,0.0,96.65,KL-PAM-01
2005-12-18,0.4,91.19,KL-PAM-01
2005-12-19,0.1,87.66,KL-PAM-01
2005-12-20,1.3,84.46,KL-PAM-01
2005-12-21,1.1,80.62,KL-PAM-01
2005-12-22,2.4,77.5,KL-PAM-01
2005-12-23,0.9,73.96,KL-PAM-01
2005-12-24,0.5,70.6,KL-PAM-01
2005-12-25,1.0,67.07,KL-PAM-01
2005-12-26,0.0,63.57,KL-PAM-01
2005-12-27,0.0,60.24,KL-PAM-01
2005-12-28,0.0,56.96,KL-PAM-01
2005-12-29,0.1,53.85,KL-PAM-01
2005-12-30,0.0,50.91,KL-PAM-01
2005-12-31,0.0,48.24,KL-PAM-01
2006-01-01,0.0,45.71,KL-PAM-01
2006-01-02,0.0,43.31,KL-PAM-01
2006-01-03,0.0,41.03,KL-PAM-01
2006-01-04,0.0,38.96,KL-PAM-01
2006-01-05,4.0,37.25,KL-PAM-01
2006-01-06,4.6,37.61,KL-PAM-01
2006-01-07,0.0,37.61,KL-PAM-01
2006-01-08,1.4,36.3,KL-PAM-01
2006-01-09,0.0,35.79,KL-PAM-01
2006-01-10,0.7,35.21,KL-PAM-01
2006-01-11,0.0,27.33,KL-PAM-01
2006-01-12,0.0,22.97,KL-PAM-01
2006-01-13,0.1,21.28,KL-PAM-01
2006-01-14,0.4,20.38,KL-PAM-01
2006-01-15,0.3,19.19,KL-PAM-01
2006-01-16,2.1,17.9,KL-PAM-01
2006-01-17,0.2,16.81,KL-PAM-01
2006-01-18,0.0,15.59,KL-PAM-01
2006-01-19,0.0,14.15,KL-PAM-01
2006-01-20,0.0,12.74,KL-PAM-01
2006-01-21,0.0,12.46,KL-PAM-01
2006-01-22,0.0,12.01,KL-PAM-01
2006-01-23,0.3,11.18,KL-PAM-01
2006-01-24,0.2,10.48,KL-PAM-01
2006-01-25,1.2,9.67,KL-PAM-01
2006-01-26,0.0,9.29,KL-PAM-01
2006-01-27,0.0,8.9,KL-PAM-01
2006-01-28,0.0,8.33,KL-PAM-01
2006-01-29,0.0,7.78,KL-PAM-01
2006-01-30,0.0,7.37,KL-PAM-01
2006-01-31,0.0,11.31,KL-PAM-01
2006-02-01,0.0,13.84,KL-PAM-01
2006-02-02,0.0,14.08,KL-PAM-01
2006-02-03,0.0,13.88,KL-PAM-01
2006-02-04,0.0,13.57,KL-PAM-01
2006-02-05,0.0,13.27,KL-PAM-01
2006-02-06,0.0,12.96,KL-PAM-01
2006-02-07,0.0,12.8,KL-PAM-01
2006-02-08,0.0,12.58,KL-PAM-01
2006-02-09,0.0,12.27,KL-PAM-01
2006-02-10,0.0,11.83,KL-PAM-01
2006-02-11,0.0,11.46,KL-PAM-01
2006-02-12,0.0,11.23,KL-PAM-01
2006-02-13,0.0,11.31,KL-PAM-01
2006-02-14,0.0,11.09,KL-PAM-01
2006-02-15,0.0,10.95,KL-PAM-01
2006-02-16,0.0,10.63,KL-PAM-01
2006-02-17,0.0,10.32,KL-PAM-01
2006-02-18,0.0,10.22,KL-PAM-01
2006-02-19,0.0,10.5,KL-PAM-01
2006-02-20,0.0,10.19,KL-PAM-01
2006-02-21,0.0,10.01,KL-PAM-01
2006-02-22,0.4,10.14,KL-PAM-01
2006-02-23,0.0,9.92,KL-PAM-01
2006-02-24,0.0,9.67,KL-PAM-01
2006-02-25,0.4,9.77,KL-PAM-01
2006-02-26,0.7,9.57,KL-PAM-01
2006-02-27,0.6,9.43,KL-PAM-01
2006-02-28,0.6,9.38,KL-PAM-01
2006-03-01,0.0,9.17,KL-PAM-01
2006-03-02,1.6,8.9,KL-PAM-01
2006-03-03,8.0,10.71,KL-PAM-01
2006-03-04,6.0,13.02,KL-PAM-01
2006-03-05,3.6,13.81,KL-PAM-01
2006-03-06,2.8,13.98,KL-PAM-01
2006-03-07,3.0,14.43,KL-PAM-01
2006-03-08,2.1,14.05,KL-PAM-01
2006-03-09,3.7,13.5,KL-PAM-01
2006-03-10,4.1,13.94,KL-PAM-01
2006-03-11,6.4,15.07,KL-PAM-01
2006-03-12,0.0,14.71,KL-PAM-01
2006-03-13,0.0,13.74,KL-PAM-01
2006-03-14,0.0,12.96,KL-PAM-01
2006-03-15,0.9,12.67,KL-PAM-01
2006-03-16,0.0,12.55,KL-PAM-01
2006-03-17,0.3,12.09,KL-PAM-01
2006-03-18,0.0,11.8,KL-PAM-01
2006-03-19,1.0,11.57,KL-PAM-01
2006-03-20,1.2,11.4,KL-PAM-01
2006-03-21,2.5,11.91,KL-PAM-01
2006-03-22,1.0,12.09,KL-PAM-01
2006-03-23,8.0,13.71,KL-PAM-01
2006-03-24,2.6,13.71,KL-PAM-01
2006-03-25,5.1,13.21,KL-PAM-01
2006-03-26,2.4,14.05,KL-PAM-01
2006-03-27,4.4,15.45,KL-PAM-01
2006-03-28,1.7,16.02,KL-PAM-01
2006-03-29,5.8,34.31,KL-PAM-01
2006-03-30,5.3,45.81,KL-PAM-01
2006-03-31,6.5,45.5,KL-PAM-01
2006-04-01,2.4,44.44,KL-PAM-01
2006-04-02,3.2,45.07,KL-PAM-01
2006-04-03,1.9,45.18,KL-PAM-01
2006-04-04,4.5,44.02,KL-PAM-01
2006-04-05,4.1,43.82,KL-PAM-01
2006-04-06,1.2,46.03,KL-PAM-01
2006-04-07,4.5,47.79,KL-PAM-01
2006-04-08,8.9,53.85,KL-PAM-01
2006-04-09,3.0,75.88,KL-PAM-01
2006-04-10,3.3,96.65,KL-PAM-01
2006-04-11,1.4,102.67,KL-PAM-01
2006-04-12,9.1,101.48,KL-PAM-01
2006-04-13,2.6,102.43,KL-PAM-01
2006-04-14,9.8,110.83,KL-PAM-01
2006-04-15,3.2,117.46,KL-PAM-01
2006-04-16,5.0,115.83,KL-PAM-01
2006-04-17,11.0,111.35,KL-PAM-01
2006-04-18,13.3,107.54,KL-PAM-01
2006-04-19,1.7,108.04,KL-PAM-01
2006-04-20,12.0,112.39,KL-PAM-01
2006-04-21,4.8,120.49,KL-PAM-01
2006-04-22,3.3,125.04,KL-PAM-01
2006-04-23,1.0,121.61,KL-PAM-01
2006-04-24,4.8,115.83,KL-PAM-01
2006-04-25,5.9,110.58,KL-PAM-01
2006-04-26,2.3,106.8,KL-PAM-01
2006-04-27,1.0,102.19,KL-PAM-01
2006-04-28,2.3,97.32,KL-PAM-01
2006-04-29,1.4,93.77,KL-PAM-01
2006-04-30,0.0,90.14,KL-PAM-01
2006-05-01,0.2,85.44,KL-PAM-01
2006-05-02,0.5,80.81,KL-PAM-01
2006-05-03,13.4,77.13,KL-PAM-01
2006-05-04,21.5,76.42,KL-PAM-01
2006-05-05,5.4,79.32,KL-PAM-01
2006-05-06,2.2,80.99,KL-PAM-01
2006-05-07,5.0,80.81,KL-PAM-01
2006-05-08,8.8,81.19,KL-PAM-01
2006-05-09,6.5,81.19,KL-PAM-01
2006-05-10,5.7,80.81,KL-PAM-01
2006-05-11,6.2,78.58,KL-PAM-01
2006-05-12,11.1,77.31,KL-PAM-01
2006-05-13,11.7,77.31,KL-PAM-01
2006-05-14,8.2,78.95,KL-PAM-01
2006-05-15,5.3,78.22,KL-PAM-01
2006-05-16,10.8,77.85,KL-PAM-01
2006-05-17,7.8,76.95,KL-PAM-01
2006-05-18,25.2,76.77,KL-PAM-01
2006-05-19,11.8,80.62,KL-PAM-01
2006-05-20,3.1,80.81,KL-PAM-01
2006-05-21,11.3,76.95,KL-PAM-01
2006-05-22,18.9,74.66,KL-PAM-01
2006-05-23,25.1,74.49,KL-PAM-01
2006-05-24,12.4,75.88,KL-PAM-01
2006-05-25,28.0,75.88,KL-PAM-01
2006-05-26,34.1,81.38,KL-PAM-01
2006-05-27,39.0,96.42,KL-PAM-01
2006-05-28,31.7,124.46,KL-PAM-01
2006-05-29,35.2,173.73,KL-PAM-01
2006-05-30,27.5,239.03,KL-PAM-01
2006-05-31,37.2,301.14,KL-PAM-01
2006-06-01,7.8,289.55,KL-PAM-01
2006-06-02,3.4,254.42,KL-PAM-01
2006-06-03,10.2,226.66,KL-PAM-01
2006-06-04,9.1,207.6,KL-PAM-01
2006-06-05,10.3,191.91,KL-PAM-01
2006-06-06,6.3,179.04,KL-PAM-01
2006-06-07,8.3,167.42,KL-PAM-01
2006-06-08,7.2,158.37,KL-PAM-01
2006-06-09,9.4,150.51,KL-PAM-01
2006-06-10,2.2,143.7,KL-PAM-01
2006-06-11,2.8,135.29,KL-PAM-01
2006-06-12,4.7,127.09,KL-PAM-01
2006-06-13,4.0,119.38,KL-PAM-01
2006-06-14,3.6,112.91,KL-PAM-01
2006-06-15,5.8,107.05,KL-PAM-01
2006-06-16,15.9,104.1,KL-PAM-01
2006-06-17,1.5,101.95,KL-PAM-01
2006-06-18,3.2,97.77,KL-PAM-01
2006-06-19,13.1,93.34,KL-PAM-01
2006-06-20,31.9,92.05,KL-PAM-01
2006-06-21,31.1,96.42,KL-PAM-01
2006-06-22,41.3,137.83,KL-PAM-01
2006-06-23,37.2,210.01,KL-PAM-01
2006-06-24,10.7,211.96,KL-PAM-01
2006-06-25,16.4,194.58,KL-PAM-01
2006-06-26,5.1,176.16,KL-PAM-01
2006-06-27,4.0,161.33,KL-PAM-01
2006-06-28,7.9,149.12,KL-PAM-01
2006-06-29,11.9,141.38,KL-PAM-01
2006-06-30,5.6,135.92,KL-PAM-01
2006-07-01,6.3,129.47,KL-PAM-01
2006-07-02,6.2,124.75,KL-PAM-01
2006-07-03,7.2,131.28,KL-PAM-01
2006-07-04,9.1,143.36,KL-PAM-01
2006-07-05,7.8,150.86,KL-PAM-01
2006-07-06,4.6,153.32,KL-PAM-01
2006-07-07,5.1,147.06,KL-PAM-01
2006-07-08,2.8,139.43,KL-PAM-01
2006-07-09,3.8,131.89,KL-PAM-01
2006-07-10,11.1,124.46,KL-PAM-01
2006-07-11,13.7,119.1,KL-PAM-01
2006-07-12,45.0,123.03,KL-PAM-01
2006-07-13,48.9,167.42,KL-PAM-01
2006-07-14,10.2,181.54,KL-PAM-01
2006-07-15,5.2,172.13,KL-PAM-01
2006-07-16,4.2,161.71,KL-PAM-01
2006-07-17,10.2,152.26,KL-PAM-01
2006-07-18,4.6,144.7,KL-PAM-01
2006-07-19,4.6,137.18,KL-PAM-01
2006-07-20,3.7,129.17,KL-PAM-01
2006-07-21,3.5,121.33,KL-PAM-01
2006-07-22,1.1,114.23,KL-PAM-01
2006-07-23,1.1,107.05,KL-PAM-01
2006-07-24,1.1,100.54,KL-PAM-01
2006-07-25,2.6,94.43,KL-PAM-01
2006-07-26,4.3,89.1,KL-PAM-01
2006-07-27,11.1,84.86,KL-PAM-01
2006-07-28,5.0,81.19,KL-PAM-01
2006-07-29,5.9,77.67,KL-PAM-01
2006-07-30,2.8,74.49,KL-PAM-01
2006-07-31,3.4,71.09,KL-PAM-01
2006-08-01,5.3,67.86,KL-PAM-01
2006-08-02,4.5,64.92,KL-PAM-01
2006-08-03,8.1,62.39,KL-PAM-01
2006-08-04,6.6,59.96,KL-PAM-01
2006-08-05,2.1,57.5,KL-PAM-01
2006-08-06,0.8,55.13,KL-PAM-01
2006-08-07,2.0,52.98,KL-PAM-01
2006-08-08,6.1,51.15,KL-PAM-01
2006-08-09,5.3,49.62,KL-PAM-01
2006-08-10,11.8,48.47,KL-PAM-01
2006-08-11,11.2,50.55,KL-PAM-01
2006-08-12,32.7,56.43,KL-PAM-01
2006-08-13,22.7,68.02,KL-PAM-01
2006-08-14,13.8,80.06,KL-PAM-01
2006-08-15,11.9,92.05,KL-PAM-01
2006-08-16,17.3,103.38,KL-PAM-01
2006-08-17,8.3,109.82,KL-PAM-01
2006-08-18,23.8,109.56,KL-PAM-01
2006-08-19,28.0,109.05,KL-PAM-01
2006-08-20,8.9,109.56,KL-PAM-01
2006-08-21,2.1,108.04,KL-PAM-01
2006-08-22,5.6,104.59,KL-PAM-01
2006-08-23,0.4,99.61,KL-PAM-01
2006-08-24,0.4,94.0,KL-PAM-01
2006-08-25,2.3,88.48,KL-PAM-01
2006-08-26,0.7,84.46,KL-PAM-01
2006-08-27,0.7,80.43,KL-PAM-01
2006-08-28,2.3,76.06,KL-PAM-01
2006-08-29,5.5,72.43,KL-PAM-01
2006-08-30,1.7,69.62,KL-PAM-01
2006-08-31,8.6,66.76,KL-PAM-01
2006-09-01,6.8,64.46,KL-PAM-01
2006-09-02,3.7,63.87,KL-PAM-01
2006-09-03,2.2,63.27,KL-PAM-01
2006-09-04,2.2,63.42,KL-PAM-01
2006-09-05,1.2,64.32,KL-PAM-01
2006-09-06,2.5,63.42,KL-PAM-01
2006-09-07,13.8,69.62,KL-PAM-01
2006-09-08,11.8,78.95,KL-PAM-01
2006-09-09,28.6,85.65,KL-PAM-01
2006-09-10,8.6,91.62,KL-PAM-01
2006-09-11,22.6,96.87,KL-PAM-01
2006-09-12,11.5,102.67,KL-PAM-01
2006-09-13,22.7,106.3,KL-PAM-01
2006-09-14,18.4,107.79,KL-PAM-01
2006-09-15,16.3,110.32,KL-PAM-01
2006-09-16,22.2,120.49,KL-PAM-01
2006-09-17,11.4,131.59,KL-PAM-01
2006-09-18,11.3,134.36,KL-PAM-01
2006-09-19,7.1,131.59,KL-PAM-01
2006-09-20,10.3,127.09,KL-PAM-01
2006-09-21,23.1,124.46,KL-PAM-01
2006-09-22,7.1,127.98,KL-PAM-01
2006-09-23,7.9,124.46,KL-PAM-01
2006-09-24,31.2,120.49,KL-PAM-01
2006-09-25,37.0,124.46,KL-PAM-01
2006-09-26,6.5,130.67,KL-PAM-01
2006-09-27,6.1,126.2,KL-PAM-01
2006-09-28,2.3,119.1,KL-PAM-01
2006-09-29,1.3,112.39,KL-PAM-01
2006-09-30,3.0,105.81,KL-PAM-01
2006-10-01,4.3,100.3,KL-PAM-01
2006-10-02,2.7,95.75,KL-PAM-01
2006-10-03,2.3,90.56,KL-PAM-01
2006-10-04,9.1,86.45,KL-PAM-01
2006-10-05,1.6,85.25,KL-PAM-01
2006-10-06,12.9,82.71,KL-PAM-01
2006-10-07,17.7,82.91,KL-PAM-01
2006-10-08,3.6,86.45,KL-PAM-01
2006-10-09,13.4,85.05,KL-PAM-01
2006-10-10,18.9,83.1,KL-PAM-01
2006-10-11,25.7,86.05,KL-PAM-01
2006-10-12,12.8,92.05,KL-PAM-01
2006-10-13,12.5,100.54,KL-PAM-01
2006-10-14,9.8,107.54,KL-PAM-01
2006-10-15,5.6,115.83,KL-PAM-01
2006-10-16,15.6,123.6,KL-PAM-01
2006-10-17,10.5,130.07,KL-PAM-01
2006-10-18,4.5,133.42,KL-PAM-01
2006-10-19,7.7,132.51,KL-PAM-01
2006-10-20,14.6,135.29,KL-PAM-01
2006-10-21,7.7,144.36,KL-PAM-01
2006-10-22,4.2,150.16,KL-PAM-01
2006-10-23,7.6,153.32,KL-PAM-01
2006-10-24,10.3,154.39,KL-PAM-01
2006-10-25,15.0,155.1,KL-PAM-01
2006-10-26,25.1,161.71,KL-PAM-01
2006-10-27,16.1,187.95,KL-PAM-01
2006-10-28,19.1,200.52,KL-PAM-01
2006-10-29,17.8,194.58,KL-PAM-01
2006-10-30,12.4,186.22,KL-PAM-01
2006-10-31,11.4,176.98,KL-PAM-01
2006-11-01,8.7,172.93,KL-PAM-01
2006-11-02,8.5,174.54,KL-PAM-01
2006-11-03,13.7,188.82,KL-PAM-01
2006-11-04,3.9,198.21,KL-PAM-01
2006-11-05,4.5,191.91,KL-PAM-01
2006-11-06,15.8,191.01,KL-PAM-01
2006-11-07,8.7,191.46,KL-PAM-01
2006-11-08,16.3,185.36,KL-PAM-01
2006-11-09,10.1,178.62,KL-PAM-01
2006-11-10,19.2,177.38,KL-PAM-01
2006-11-11,19.1,184.5,KL-PAM-01
2006-11-12,11.0,193.69,KL-PAM-01
2006-11-13,9.3,196.39,KL-PAM-01
2006-11-14,9.7,193.69,KL-PAM-01
2006-11-15,14.6,187.08,KL-PAM-01
2006-11-16,1.2,179.45,KL-PAM-01
2006-11-17,15.8,181.12,KL-PAM-01
2006-11-18,30.8,187.95,KL-PAM-01
2006-11-19,1.7,190.57,KL-PAM-01
2006-11-20,8.8,186.22,KL-PAM-01
2006-11-21,12.7,183.23,KL-PAM-01
2006-11-22,8.3,179.04,KL-PAM-01
2006-11-23,4.1,173.33,KL-PAM-01
2006-11-24,2.1,167.03,KL-PAM-01
2006-11-25,1.4,163.97,KL-PAM-01
2006-11-26,4.1,155.82,KL-PAM-01
2006-11-27,1.6,149.46,KL-PAM-01
2006-11-28,0.6,143.36,KL-PAM-01
2006-11-29,0.0,136.56,KL-PAM-01
2006-11-30,0.6,128.57,KL-PAM-01
2006-12-01,0.0,120.77,KL-PAM-01
2006-12-02,0.0,113.7,KL-PAM-01
2006-12-03,0.0,106.8,KL-PAM-01
2006-12-04,0.0,100.54,KL-PAM-01
2006-12-05,0.0,94.65,KL-PAM-01
2006-12-06,0.0,89.1,KL-PAM-01
2006-12-07,0.0,84.07,KL-PAM-01
2006-12-08,0.0,79.13,KL-PAM-01
2006-12-09,0.0,74.66,KL-PAM-01
2006-12-10,0.0,70.44,KL-PAM-01
2006-12-11,0.4,66.6,KL-PAM-01
2006-12-12,7.2,63.71,KL-PAM-01
2006-12-13,0.6,62.53,KL-PAM-01
2006-12-14,0.0,60.1,KL-PAM-01
2006-12-15,0.0,56.96,KL-PAM-01
2006-12-16,0.0,53.85,KL-PAM-01
2006-12-17,0.0,51.03,KL-PAM-01
2006-12-18,0.0,48.35,KL-PAM-01
2006-12-19,0.1,45.81,KL-PAM-01
2006-12-20,0.0,43.61,KL-PAM-01
2006-12-21,0.0,41.52,KL-PAM-01
2006-12-22,0.0,39.51,KL-PAM-01
2006-12-23,0.0,37.61,KL-PAM-01
2006-12-24,0.3,35.79,KL-PAM-01
2006-12-25,0.0,34.15,KL-PAM-01
2006-12-26,0.0,32.65,KL-PAM-01
2006-12-27,0.0,31.14,KL-PAM-01
2006-12-28,0.0,29.77,KL-PAM-01
2006-12-29,0.0,28.52,KL-PAM-01
2006-12-30,0.0,27.4,KL-PAM-01
2006-12-31,0.0,26.32,KL-PAM-01
2007-01-01,0.0,25.33,KL-PAM-01
2007-01-02,0.2,24.39,KL-PAM-01
2007-01-03,0.0,23.58,KL-PAM-01
2007-01-04,0.0,22.87,KL-PAM-01
2007-01-05,0.0,22.11,KL-PAM-01
2007-01-06,0.0,21.43,KL-PAM-01
2007-01-07,0.0,20.83,KL-PAM-01
2007-01-08,0.0,20.24,KL-PAM-01
2007-01-09,0.0,19.76,KL-PAM-01
2007-01-10,0.0,19.28,KL-PAM-01
2007-01-11,0.0,9.25,KL-PAM-01
2007-01-12,0.0,6.67,KL-PAM-01
2007-01-13,0.0,6.63,KL-PAM-01
2007-01-14,0.0,6.39,KL-PAM-01
2007-01-15,0.0,6.25,KL-PAM-01
2007-01-16,0.0,6.1,KL-PAM-01
2007-01-17,0.2,5.98,KL-PAM-01
2007-01-18,0.0,5.85,KL-PAM-01
2007-01-19,0.0,5.74,KL-PAM-01
2007-01-20,0.0,5.66,KL-PAM-01
2007-01-21,0.0,5.58,KL-PAM-01
2007-01-22,0.0,5.49,KL-PAM-01
2007-01-23,0.0,5.42,KL-PAM-01
2007-01-24,0.0,5.34,KL-PAM-01
2007-01-25,0.0,5.29,KL-PAM-01
2007-01-26,0.0,5.25,KL-PAM-01
2007-01-27,4.3,5.27,KL-PAM-01
2007-01-28,2.8,5.42,KL-PAM-01
2007-01-29,0.0,5.36,KL-PAM-01
2007-01-30,0.0,5.26,KL-PAM-01
2007-01-31,0.0,7.84,KL-PAM-01
2007-02-01,0.0,9.94,KL-PAM-01
2007-02-02,0.0,10.39,KL-PAM-01
2007-02-03,0.1,10.56,KL-PAM-01
2007-02-04,0.1,10.44,KL-PAM-01
2007-02-05,0.3,10.14,KL-PAM-01
2007-02-06,0.7,10.04,KL-PAM-01
2007-02-07,1.7,9.94,KL-PAM-01
2007-02-08,0.1,9.94,KL-PAM-01
2007-02-09,0.0,10.04,KL-PAM-01
2007-02-10,0.0,10.44,KL-PAM-01
2007-02-11,0.4,10.29,KL-PAM-01
2007-02-12,0.4,10.11,KL-PAM-01
2007-02-13,0.2,10.04,KL-PAM-01
2007-02-14,0.0,9.67,KL-PAM-01
2007-02-15,0.0,9.48,KL-PAM-01
2007-02-16,0.0,9.32,KL-PAM-01
2007-02-17,1.0,9.33,KL-PAM-01
2007-02-18,1.4,9.36,KL-PAM-01
2007-02-19,4.3,9.94,KL-PAM-01
2007-02-20,0.0,9.87,KL-PAM-01
2007-02-21,0.0,9.26,KL-PAM-01
2007-02-22,0.0,9.08,KL-PAM-01
2007-02-23,0.0,8.99,KL-PAM-01
2007-02-24,0.0,9.04,KL-PAM-01
2007-02-25,0.1,9.26,KL-PAM-01
2007-02-26,0.1,8.9,KL-PAM-01
2007-02-27,4.1,8.72,KL-PAM-01
2007-02-28,0.6,8.88,KL-PAM-01
2007-03-01,0.5,8.88,KL-PAM-01
2007-03-02,0.9,8.99,KL-PAM-01
2007-03-03,0.0,8.9,KL-PAM-01
2007-03-04,2.0,8.99,KL-PAM-01
2007-03-05,0.1,9.01,KL-PAM-01
2007-03-06,1.6,9.2,KL-PAM-01
2007-03-07,0.6,8.83,KL-PAM-01
2007-03-08,0.4,9.08,KL-PAM-01
2007-03-09,1.1,8.72,KL-PAM-01
2007-03-10,0.9,8.33,KL-PAM-01
2007-03-11,0.7,8.37,KL-PAM-01
2007-03-12,2.2,8.57,KL-PAM-01
2007-03-13,0.5,8.46,KL-PAM-01
2007-03-14,0.8,8.59,KL-PAM-01
2007-03-15,2.8,8.79,KL-PAM-01
2007-03-16,1.7,8.55,KL-PAM-01
2007-03-17,7.1,10.01,KL-PAM-01
2007-03-18,2.1,10.16,KL-PAM-01
2007-03-19,2.6,10.39,KL-PAM-01
2007-03-20,3.0,10.48,KL-PAM-01
2007-03-21,4.6,10.39,KL-PAM-01
2007-03-22,0.6,10.19,KL-PAM-01
2007-03-23,0.7,9.82,KL-PAM-01
2007-03-24,0.7,9.74,KL-PAM-01
2007-03-25,2.2,9.6,KL-PAM-01
2007-03-26,4.9,9.94,KL-PAM-01
2007-03-27,1.2,10.14,KL-PAM-01
2007-03-28,2.6,10.09,KL-PAM-01
2007-03-29,2.3,10.01,KL-PAM-01
2007-03-30,1.3,9.92,KL-PAM-01
2007-03-31,4.8,11.48,KL-PAM-01
2007-04-01,3.5,11.91,KL-PAM-01
2007-04-02,4.5,11.77,KL-PAM-01
2007-04-03,3.9,11.77,KL-PAM-01
2007-04-04,2.8,11.74,KL-PAM-01
2007-04-05,1.7,11.46,KL-PAM-01
2007-04-06,8.5,13.11,KL-PAM-01
2007-04-07,10.2,14.36,KL-PAM-01
2007-04-08,4.6,14.46,KL-PAM-01
2007-04-09,18.7,17.26,KL-PAM-01
2007-04-10,26.6,20.63,KL-PAM-01
2007-04-11,4.0,23.03,KL-PAM-01
2007-04-12,4.6,25.39,KL-PAM-01
2007-04-13,5.8,27.73,KL-PAM-01
2007-04-14,10.7,30.77,KL-PAM-01
2007-04-15,7.6,35.62,KL-PAM-01
2007-04-16,2.3,41.52,KL-PAM-01
2007-04-17,1.3,42.71,KL-PAM-01
2007-04-18,0.9,41.13,KL-PAM-01
2007-04-19,2.0,39.24,KL-PAM-01
2007-04-20,6.1,37.87,KL-PAM-01
2007-04-21,12.7,38.24,KL-PAM-01
2007-04-22,5.1,41.61,KL-PAM-01
2007-04-23,7.2,43.82,KL-PAM-01
2007-04-24,5.9,46.69,KL-PAM-01
2007-04-25,4.5,49.15,KL-PAM-01
2007-04-26,9.6,51.75,KL-PAM-01
2007-04-27,4.8,54.36,KL-PAM-01
2007-04-28,6.5,55.38,KL-PAM-01
2007-04-29,5.0,55.13,KL-PAM-01
2007-04-30,3.0,56.3,KL-PAM-01
2007-05-01,2.1,57.5,KL-PAM-01
2007-05-02,11.7,57.5,KL-PAM-01
2007-05-03,16.6,57.76,KL-PAM-01
2007-05-04,14.1,61.52,KL-PAM-01
2007-05-05,10.0,66.14,KL-PAM-01
2007-05-06,13.6,68.49,KL-PAM-01
2007-05-07,12.2,70.93,KL-PAM-01
2007-05-08,18.1,72.26,KL-PAM-01
2007-05-09,27.7,72.43,KL-PAM-01
2007-05-10,8.3,75.01,KL-PAM-01
2007-05-11,2.3,76.06,KL-PAM-01
2007-05-12,1.3,73.62,KL-PAM-01
2007-05-13,2.1,70.27,KL-PAM-01
2007-05-14,1.7,68.49,KL-PAM-01
2007-05-15,1.3,67.07,KL-PAM-01
2007-05-16,0.6,64.92,KL-PAM-01
2007-05-17,0.0,61.81,KL-PAM-01
2007-05-18,0.5,58.3,KL-PAM-01
2007-05-19,0.0,55.13,KL-PAM-01
2007-05-20,0.5,52.11,KL-PAM-01
2007-05-21,3.9,49.27,KL-PAM-01
2007-05-22,2.4,46.9,KL-PAM-01
2007-05-23,11.0,45.07,KL-PAM-01
2007-05-24,4.3,46.03,KL-PAM-01
2007-05-25,8.5,46.36,KL-PAM-01
2007-05-26,6.6,46.47,KL-PAM-01
2007-05-27,26.9,46.36,KL-PAM-01
2007-05-28,18.4,48.92,KL-PAM-01
2007-05-29,12.1,52.73,KL-PAM-01
2007-05-30,22.4,52.98,KL-PAM-01
2007-05-31,4.5,52.0,KL-PAM-01
2007-06-01,3.4,49.74,KL-PAM-01
2007-06-02,7.4,47.46,KL-PAM-01
2007-06-03,1.5,46.25,KL-PAM-01
2007-06-04,1.5,44.96,KL-PAM-01
2007-06-05,11.4,43.1,KL-PAM-01
2007-06-06,15.9,42.6,KL-PAM-01
2007-06-07,13.3,44.86,KL-PAM-01
2007-06-08,11.6,47.79,KL-PAM-01
2007-06-09,15.6,49.97,KL-PAM-01
2007-06-10,12.8,51.03,KL-PAM-01
2007-06-11,34.1,52.85,KL-PAM-01
2007-06-12,16.0,58.44,KL-PAM-01
2007-06-13,13.6,65.37,KL-PAM-01
2007-06-14,14.0,67.23,KL-PAM-01
2007-06-15,39.7,70.44,KL-PAM-01
2007-06-16,19.7,78.58,KL-PAM-01
2007-06-17,17.4,82.71,KL-PAM-01
2007-06-18,25.9,88.07,KL-PAM-01
2007-06-19,6.4,95.53,KL-PAM-01
2007-06-20,22.2,100.54,KL-PAM-01
2007-06-21,39.9,167.81,KL-PAM-01
2007-06-22,50.5,309.6,KL-PAM-01
2007-06-23,27.7,342.71,KL-PAM-01
2007-06-24,9.1,305.35,KL-PAM-01
2007-06-25,0.6,265.22,KL-PAM-01
2007-06-26,4.2,235.2,KL-PAM-01
2007-06-27,6.1,213.93,KL-PAM-01
2007-06-28,8.2,196.85,KL-PAM-01
2007-06-29,14.2,191.46,KL-PAM-01
2007-06-30,18.8,204.74,KL-PAM-01
2007-07-01,20.8,217.92,KL-PAM-01
2007-07-02,17.5,237.38,KL-PAM-01
2007-07-03,32.1,252.08,KL-PAM-01
2007-07-04,8.1,248.6,KL-PAM-01
2007-07-05,10.2,232.5,KL-PAM-01
2007-07-06,9.9,217.92,KL-PAM-01
2007-07-07,5.2,209.04,KL-PAM-01
2007-07-08,9.6,198.21,KL-PAM-01
2007-07-09,7.4,189.26,KL-PAM-01
2007-07-10,10.6,180.7,KL-PAM-01
2007-07-11,13.5,172.93,KL-PAM-01
2007-07-12,9.7,168.98,KL-PAM-01
2007-07-13,6.3,163.97,KL-PAM-01
2007-07-14,6.2,158.01,KL-PAM-01
2007-07-15,7.1,152.26,KL-PAM-01
2007-07-16,17.3,150.51,KL-PAM-01
2007-07-17,34.7,154.75,KL-PAM-01
2007-07-18,20.4,153.68,KL-PAM-01
2007-07-19,37.4,150.86,KL-PAM-01
2007-07-20,49.0,171.34,KL-PAM-01
2007-07-21,26.6,184.93,KL-PAM-01
2007-07-22,24.4,179.04,KL-PAM-01
2007-07-23,28.6,170.15,KL-PAM-01
2007-07-24,61.4,188.38,KL-PAM-01
2007-07-25,9.9,197.76,KL-PAM-01
2007-07-26,24.0,190.57,KL-PAM-01
2007-07-27,11.6,183.23,KL-PAM-01
2007-07-28,2.8,174.94,KL-PAM-01
2007-07-29,2.8,165.11,KL-PAM-01
2007-07-30,5.3,155.47,KL-PAM-01
2007-07-31,13.5,147.4,KL-PAM-01
2007-08-01,23.4,156.55,KL-PAM-01
2007-08-02,25.0,185.79,KL-PAM-01
2007-08-03,8.1,193.69,KL-PAM-01
2007-08-04,6.4,182.38,KL-PAM-01
2007-08-05,10.1,174.13,KL-PAM-01
2007-08-06,9.7,172.93,KL-PAM-01
2007-08-07,5.4,167.03,KL-PAM-01
2007-08-08,12.0,160.59,KL-PAM-01
2007-08-09,12.7,156.55,KL-PAM-01
2007-08-10,32.4,163.21,KL-PAM-01
2007-08-11,8.5,170.15,KL-PAM-01
2007-08-12,2.9,164.72,KL-PAM-01
2007-08-13,1.9,155.47,KL-PAM-01
2007-08-14,1.6,146.04,KL-PAM-01
2007-08-15,1.4,137.18,KL-PAM-01
2007-08-16,3.4,128.57,KL-PAM-01
2007-08-17,4.2,122.18,KL-PAM-01
2007-08-18,6.1,116.1,KL-PAM-01
2007-08-19,2.2,110.83,KL-PAM-01
2007-08-20,10.6,105.32,KL-PAM-01
2007-08-21,34.3,101.95,KL-PAM-01
2007-08-22,4.5,106.55,KL-PAM-01
2007-08-23,5.8,104.1,KL-PAM-01
2007-08-24,11.3,100.08,KL-PAM-01
2007-08-25,18.9,97.1,KL-PAM-01
2007-08-26,21.2,95.97,KL-PAM-01
2007-08-27,16.1,99.61,KL-PAM-01
2007-08-28,13.8,99.85,KL-PAM-01
2007-08-29,27.3,100.3,KL-PAM-01
2007-08-30,19.5,101.25,KL-PAM-01
2007-08-31,12.7,102.67,KL-PAM-01
2007-09-01,9.3,104.1,KL-PAM-01
2007-09-02,26.1,104.1,KL-PAM-01
2007-09-03,3.0,107.54,KL-PAM-01
2007-09-04,12.8,104.35,KL-PAM-01
2007-09-05,19.7,101.01,KL-PAM-01
2007-09-06,11.2,103.14,KL-PAM-01
2007-09-07,6.8,100.3,KL-PAM-01
2007-09-08,16.7,97.1,KL-PAM-01
2007-09-09,24.3,234.65,KL-PAM-01
2007-09-10,4.8,245.75,KL-PAM-01
2007-09-11,2.4,208.08,KL-PAM-01
2007-09-12,9.9,181.96,KL-PAM-01
2007-09-13,18.4,168.59,KL-PAM-01
2007-09-14,29.5,160.96,KL-PAM-01
2007-09-15,25.4,156.19,KL-PAM-01
2007-09-16,26.3,158.01,KL-PAM-01
2007-09-17,11.9,160.96,KL-PAM-01
2007-09-18,17.8,165.11,KL-PAM-01
2007-09-19,14.6,172.93,KL-PAM-01
2007-09-20,7.9,176.57,KL-PAM-01
2007-09-21,10.9,173.73,KL-PAM-01
2007-09-22,19.6,180.28,KL-PAM-01
2007-09-23,13.3,194.13,KL-PAM-01
2007-09-24,16.1,200.06,KL-PAM-01
2007-09-25,16.8,199.13,KL-PAM-01
2007-09-26,3.8,195.94,KL-PAM-01
2007-09-27,7.5,185.79,KL-PAM-01
2007-09-28,9.3,175.75,KL-PAM-01
2007-09-29,3.0,167.81,KL-PAM-01
2007-09-30,1.9,159.1,KL-PAM-01
2007-10-01,5.7,151.55,KL-PAM-01
2007-10-02,5.9,146.38,KL-PAM-01
2007-10-03,3.8,139.43,KL-PAM-01
2007-10-04,2.3,132.2,KL-PAM-01
2007-10-05,0.9,125.63,KL-PAM-01
2007-10-06,2.8,118.83,KL-PAM-01
2007-10-07,3.6,112.13,KL-PAM-01
2007-10-08,5.8,107.29,KL-PAM-01
2007-10-09,0.0,102.43,KL-PAM-01
2007-10-10,21.1,97.77,KL-PAM-01
2007-10-11,7.0,103.62,KL-PAM-01
2007-10-12,11.4,111.87,KL-PAM-01
2007-10-13,13.7,116.37,KL-PAM-01
2007-10-14,15.6,121.05,KL-PAM-01
2007-10-15,9.0,126.2,KL-PAM-01
2007-10-16,2.9,135.6,KL-PAM-01
2007-10-17,15.2,152.26,KL-PAM-01
2007-10-18,4.6,162.08,KL-PAM-01
2007-10-19,19.7,160.21,KL-PAM-01
2007-10-20,24.4,167.42,KL-PAM-01
2007-10-21,2.1,172.93,KL-PAM-01
2007-10-22,7.7,165.49,KL-PAM-01
2007-10-23,9.5,181.96,KL-PAM-01
2007-10-24,13.6,203.79,KL-PAM-01
2007-10-25,4.2,209.04,KL-PAM-01
2007-10-26,8.2,208.56,KL-PAM-01
2007-10-27,12.8,208.56,KL-PAM-01
2007-10-28,11.4,204.27,KL-PAM-01
2007-10-29,20.3,195.94,KL-PAM-01
2007-10-30,7.3,188.82,KL-PAM-01
2007-10-31,1.6,179.86,KL-PAM-01
2007-11-01,2.4,168.59,KL-PAM-01
2007-11-02,4.0,159.1,KL-PAM-01
2007-11-03,9.3,157.64,KL-PAM-01
2007-11-04,3.1,157.28,KL-PAM-01
2007-11-05,9.6,153.68,KL-PAM-01
2007-11-06,10.5,149.81,KL-PAM-01
2007-11-07,8.6,146.04,KL-PAM-01
2007-11-08,5.6,145.37,KL-PAM-01
2007-11-09,2.9,142.04,KL-PAM-01
2007-11-10,0.7,135.92,KL-PAM-01
2007-11-11,0.5,131.59,KL-PAM-01
2007-11-12,2.4,126.79,KL-PAM-01
2007-11-13,1.3,121.89,KL-PAM-01
2007-11-14,0.6,117.46,KL-PAM-01
2007-11-15,0.9,111.87,KL-PAM-01
2007-11-16,0.0,106.05,KL-PAM-01
2007-11-17,0.0,100.3,KL-PAM-01
2007-11-18,0.3,94.43,KL-PAM-01
2007-11-19,0.8,88.89,KL-PAM-01
2007-11-20,0.3,84.26,KL-PAM-01
2007-11-21,0.3,81.19,KL-PAM-01
2007-11-22,3.0,77.67,KL-PAM-01
2007-11-23,5.1,75.01,KL-PAM-01
2007-11-24,5.2,72.77,KL-PAM-01
2007-11-25,0.2,70.76,KL-PAM-01
2007-11-26,0.2,67.54,KL-PAM-01
2007-11-27,0.1,64.01,KL-PAM-01
2007-11-28,0.2,60.67,KL-PAM-01
2007-11-29,2.5,57.63,KL-PAM-01
2007-11-30,1.0,55.77,KL-PAM-01
2007-12-01,0.2,53.47,KL-PAM-01
2007-12-02,0.2,50.79,KL-PAM-01
2007-12-03,0.0,48.13,KL-PAM-01
2007-12-04,0.0,45.71,KL-PAM-01
2007-12-05,0.0,43.41,KL-PAM-01
2007-12-06,0.0,41.23,KL-PAM-01
2007-12-07,0.0,39.24,KL-PAM-01
2007-12-08,0.0,37.35,KL-PAM-01
2007-12-09,0.5,35.62,KL-PAM-01
2007-12-10,0.0,34.15,KL-PAM-01
2007-12-11,1.5,32.88,KL-PAM-01
2007-12-12,0.0,31.96,KL-PAM-01
2007-12-13,1.2,31.44,KL-PAM-01
2007-12-14,5.8,31.36,KL-PAM-01
2007-12-15,0.9,33.66,KL-PAM-01
2007-12-16,0.0,34.96,KL-PAM-01
2007-12-17,0.0,33.82,KL-PAM-01
2007-12-18,26.0,40.17,KL-PAM-01
2007-12-19,19.9,55.38,KL-PAM-01
2007-12-20,1.9,61.67,KL-PAM-01
2007-12-21,17.2,60.1,KL-PAM-01
2007-12-22,1.3,57.63,KL-PAM-01
2007-12-23,0.0,54.74,KL-PAM-01
2007-12-24,0.0,51.51,KL-PAM-01
2007-12-25,0.0,48.47,KL-PAM-01
2007-12-26,0.0,45.6,KL-PAM-01
2007-12-27,0.2,43.1,KL-PAM-01
2007-12-28,0.0,41.13,KL-PAM-01
2007-12-29,0.3,39.15,KL-PAM-01
2007-12-30,0.2,37.35,KL-PAM-01
2007-12-31,0.0,35.71,KL-PAM-01
2008-01-01,0.0,34.15,KL-PAM-01
2008-01-02,0.0,32.49,KL-PAM-01
2008-01-03,0.0,30.99,KL-PAM-01
2008-01-04,0.1,29.63,KL-PAM-01
2008-01-05,1.0,28.52,KL-PAM-01
2008-01-06,0.0,27.46,KL-PAM-01
2008-01-07,0.0,26.44,KL-PAM-01
2008-01-08,0.0,25.33,KL-PAM-01
2008-01-09,0.0,24.39,KL-PAM-01
2008-01-10,0.0,23.47,KL-PAM-01
2008-01-11,0.0,14.75,KL-PAM-01
2008-01-12,0.0,9.62,KL-PAM-01
2008-01-13,0.0,8.25,KL-PAM-01
2008-01-14,0.0,7.86,KL-PAM-01
2008-01-15,0.0,7.55,KL-PAM-01
2008-01-16,0.0,7.24,KL-PAM-01
2008-01-17,0.0,6.99,KL-PAM-01
2008-01-18,0.0,6.77,KL-PAM-01
2008-01-19,0.0,6.55,KL-PAM-01
2008-01-20,0.0,6.36,KL-PAM-01
2008-01-21,0.0,6.18,KL-PAM-01
2008-01-22,0.0,6.05,KL-PAM-01
2008-01-23,0.0,5.91,KL-PAM-01
2008-01-24,0.1,5.83,KL-PAM-01
2008-01-25,0.4,5.82,KL-PAM-01
2008-01-26,0.1,5.83,KL-PAM-01
2008-01-27,0.9,5.82,KL-PAM-01
2008-01-28,0.0,5.72,KL-PAM-01
2008-01-29,0.8,5.66,KL-PAM-01
2008-01-30,1.3,5.62,KL-PAM-01
2008-01-31,1.1,9.17,KL-PAM-01
2008-02-01,1.0,12.07,KL-PAM-01
2008-02-02,0.1,12.48,KL-PAM-01
2008-02-03,0.7,12.42,KL-PAM-01
2008-02-04,9.5,12.33,KL-PAM-01
2008-02-05,2.7,13.02,KL-PAM-01
2008-02-06,0.0,13.15,KL-PAM-01
2008-02-07,3.4,13.02,KL-PAM-01
2008-02-08,2.1,13.94,KL-PAM-01
2008-02-09,5.9,18.16,KL-PAM-01
2008-02-10,3.2,22.87,KL-PAM-01
2008-02-11,3.0,24.5,KL-PAM-01
2008-02-12,12.7,25.21,KL-PAM-01
2008-02-13,0.9,27.6,KL-PAM-01
2008-02-14,0.8,28.52,KL-PAM-01
2008-02-15,0.2,27.99,KL-PAM-01
2008-02-16,1.0,26.82,KL-PAM-01
2008-02-17,0.0,25.7,KL-PAM-01
2008-02-18,0.2,24.45,KL-PAM-01
2008-02-19,0.7,23.19,KL-PAM-01
2008-02-20,1.1,22.44,KL-PAM-01
2008-02-21,0.2,21.7,KL-PAM-01
2008-02-22,1.0,20.68,KL-PAM-01
2008-02-23,0.2,20.18,KL-PAM-01
2008-02-24,0.9,19.38,KL-PAM-01
2008-02-25,1.6,19.38,KL-PAM-01
2008-02-26,1.2,19.19,KL-PAM-01
2008-02-27,0.6,18.65,KL-PAM-01
2008-02-28,0.0,18.29,KL-PAM-01
2008-02-29,1.5,17.09,KL-PAM-01
2008-03-01,3.9,17.39,KL-PAM-01
2008-03-02,4.8,18.16,KL-PAM-01
2008-03-03,2.0,18.03,KL-PAM-01
2008-03-04,0.6,17.6,KL-PAM-01
2008-03-05,0.2,16.81,KL-PAM-01
2008-03-06,0.0,16.06,KL-PAM-01
2008-03-07,0.2,15.37,KL-PAM-01
2008-03-08,0.0,14.75,KL-PAM-01
2008-03-09,0.3,13.98,KL-PAM-01
2008-03-10,2.3,14.08,KL-PAM-01
2008-03-11,1.5,14.08,KL-PAM-01
2008-03-12,8.3,14.85,KL-PAM-01
2008-03-13,14.3,16.61,KL-PAM-01
2008-03-14,2.9,20.58,KL-PAM-01
2008-03-15,17.4,24.97,KL-PAM-01
2008-03-16,9.7,29.77,KL-PAM-01
2008-03-17,16.3,35.05,KL-PAM-01
2008-03-18,21.7,40.93,KL-PAM-01
2008-03-19,27.1,46.03,KL-PAM-01
2008-03-20,17.1,52.36,KL-PAM-01
2008-03-21,13.6,58.03,KL-PAM-01
2008-03-22,16.0,59.41,KL-PAM-01
2008-03-23,5.3,61.52,KL-PAM-01
2008-03-24,0.9,60.81,KL-PAM-01
2008-03-25,0.0,57.5,KL-PAM-01
2008-03-26,0.0,53.85,KL-PAM-01
2008-03-27,0.0,50.43,KL-PAM-01
2008-03-28,7.6,49.74,KL-PAM-01
2008-03-29,3.9,49.85,KL-PAM-01
2008-03-30,11.0,51.15,KL-PAM-01
2008-03-31,3.5,54.36,KL-PAM-01
2008-04-01,3.0,54.23,KL-PAM-01
2008-04-02,12.2,56.04,KL-PAM-01
2008-04-03,4.0,64.32,KL-PAM-01
2008-04-04,7.7,68.82,KL-PAM-01
2008-04-05,7.3,68.49,KL-PAM-01
2008-04-06,3.4,65.68,KL-PAM-01
2008-04-07,0.7,62.39,KL-PAM-01
2008-04-08,4.9,63.13,KL-PAM-01
2008-04-09,7.3,62.97,KL-PAM-01
2008-04-10,5.6,62.39,KL-PAM-01
2008-04-11,7.4,60.67,KL-PAM-01
2008-04-12,10.5,59.96,KL-PAM-01
2008-04-13,5.9,64.61,KL-PAM-01
2008-04-14,5.9,70.11,KL-PAM-01
2008-04-15,4.7,71.42,KL-PAM-01
2008-04-16,2.1,71.59,KL-PAM-01
2008-04-17,2.8,70.76,KL-PAM-01
2008-04-18,3.7,69.29,KL-PAM-01
2008-04-19,1.3,68.82,KL-PAM-01
2008-04-20,0.3,69.13,KL-PAM-01
2008-04-21,4.1,68.33,KL-PAM-01
2008-04-22,3.7,67.86,KL-PAM-01
2008-04-23,3.7,68.02,KL-PAM-01
2008-04-24,6.6,77.67,KL-PAM-01
2008-04-25,4.0,92.26,KL-PAM-01
2008-04-26,32.8,126.2,KL-PAM-01
2008-04-27,4.1,140.4,KL-PAM-01
2008-04-28,10.2,134.67,KL-PAM-01
2008-04-29,7.6,127.09,KL-PAM-01
2008-04-30,3.3,119.66,KL-PAM-01
2008-05-01,5.6,113.44,KL-PAM-01
2008-05-02,2.5,108.3,KL-PAM-01
2008-05-03,0.2,102.19,KL-PAM-01
2008-05-04,1.7,95.75,KL-PAM-01
2008-05-05,6.5,91.41,KL-PAM-01
2008-05-06,0.3,88.69,KL-PAM-01
2008-05-07,8.8,84.65,KL-PAM-01
2008-05-08,6.2,82.51,KL-PAM-01
2008-05-09,9.0,83.48,KL-PAM-01
2008-05-10,10.5,84.26,KL-PAM-01
2008-05-11,10.2,84.65,KL-PAM-01
2008-05-12,5.3,84.26,KL-PAM-01
2008-05-13,9.6,82.51,KL-PAM-01
2008-05-14,3.6,82.13,KL-PAM-01
2008-05-15,3.0,80.81,KL-PAM-01
2008-05-16,2.1,79.32,KL-PAM-01
2008-05-17,9.4,78.58,KL-PAM-01
2008-05-18,2.6,78.77,KL-PAM-01
2008-05-19,7.1,77.67,KL-PAM-01
2008-05-20,12.3,76.06,KL-PAM-01
2008-05-21,11.9,75.19,KL-PAM-01
2008-05-22,10.0,74.31,KL-PAM-01
2008-05-23,12.0,73.96,KL-PAM-01
2008-05-24,6.8,74.66,KL-PAM-01
2008-05-25,14.8,73.79,KL-PAM-01
2008-05-26,15.8,74.31,KL-PAM-01
2008-05-27,8.0,77.13,KL-PAM-01
2008-05-28,8.6,78.04,KL-PAM-01
2008-05-29,4.1,77.85,KL-PAM-01
2008-05-30,24.8,76.77,KL-PAM-01
2008-05-31,14.3,80.81,KL-PAM-01
2008-06-01,25.1,83.68,KL-PAM-01
2008-06-02,22.0,85.44,KL-PAM-01
2008-06-03,32.3,86.85,KL-PAM-01
2008-06-04,20.7,89.1,KL-PAM-01
2008-06-05,4.0,89.51,KL-PAM-01
2008-06-06,15.5,85.84,KL-PAM-01
2008-06-07,13.0,82.71,KL-PAM-01
2008-06-08,31.0,81.95,KL-PAM-01
2008-06-09,24.5,85.25,KL-PAM-01
2008-06-10,6.9,91.41,KL-PAM-01
2008-06-11,8.4,90.56,KL-PAM-01
2008-06-12,6.1,87.05,KL-PAM-01
2008-06-13,7.1,83.87,KL-PAM-01
2008-06-14,6.4,82.91,KL-PAM-01
2008-06-15,5.2,82.51,KL-PAM-01
2008-06-16,5.6,80.25,KL-PAM-01
2008-06-17,7.5,78.58,KL-PAM-01
2008-06-18,17.9,78.04,KL-PAM-01
2008-06-19,8.4,80.62,KL-PAM-01
2008-06-20,17.9,79.69,KL-PAM-01
2008-06-21,18.8,78.22,KL-PAM-01
2008-06-22,27.9,81.75,KL-PAM-01
2008-06-23,9.6,83.68,KL-PAM-01
2008-06-24,4.3,81.75,KL-PAM-01
2008-06-25,14.8,80.06,KL-PAM-01
2008-06-26,5.3,82.13,KL-PAM-01
2008-06-27,5.6,82.13,KL-PAM-01
2008-06-28,22.9,82.13,KL-PAM-01
2008-06-29,20.4,88.07,KL-PAM-01
2008-06-30,15.2,92.26,KL-PAM-01
2008-07-01,41.6,101.48,KL-PAM-01
2008-07-02,2.3,112.65,KL-PAM-01
2008-07-03,4.4,110.07,KL-PAM-01
2008-07-04,2.3,103.62,KL-PAM-01
2008-07-05,3.1,98.23,KL-PAM-01
2008-07-06,12.8,93.77,KL-PAM-01
2008-07-07,6.7,90.77,KL-PAM-01
2008-07-08,4.5,87.86,KL-PAM-01
2008-07-09,8.9,84.65,KL-PAM-01
2008-07-10,7.8,81.56,KL-PAM-01
2008-07-11,6.2,79.5,KL-PAM-01
2008-07-12,1.8,77.13,KL-PAM-01
2008-07-13,4.5,73.79,KL-PAM-01
2008-07-14,13.1,71.76,KL-PAM-01
2008-07-15,35.0,107.05,KL-PAM-01
2008-07-16,17.9,121.89,KL-PAM-01
2008-07-17,18.8,115.56,KL-PAM-01
2008-07-18,20.7,108.8,KL-PAM-01
2008-07-19,23.7,108.04,KL-PAM-01
2008-07-20,16.9,110.07,KL-PAM-01
2008-07-21,13.2,112.13,KL-PAM-01
2008-07-22,22.6,114.76,KL-PAM-01
2008-07-23,34.8,134.99,KL-PAM-01
2008-07-24,23.3,158.01,KL-PAM-01
2008-07-25,10.8,162.83,KL-PAM-01
2008-07-26,10.9,159.1,KL-PAM-01
2008-07-27,22.6,177.38,KL-PAM-01
2008-07-28,11.1,203.33,KL-PAM-01
2008-07-29,13.1,209.53,KL-PAM-01
2008-07-30,23.9,205.21,KL-PAM-01
2008-07-31,15.1,200.52,KL-PAM-01
2008-08-01,8.3,193.69,KL-PAM-01
2008-08-02,0.3,183.65,KL-PAM-01
2008-08-03,2.6,171.74,KL-PAM-01
2008-08-04,2.6,161.71,KL-PAM-01
2008-08-05,2.1,151.55,KL-PAM-01
2008-08-06,1.7,142.04,KL-PAM-01
2008-08-07,4.9,133.74,KL-PAM-01
2008-08-08,9.4,126.5,KL-PAM-01
2008-08-09,9.3,121.33,KL-PAM-01
2008-08-10,8.0,116.91,KL-PAM-01
2008-08-11,13.9,115.83,KL-PAM-01
2008-08-12,44.9,142.37,KL-PAM-01
2008-08-13,22.9,157.64,KL-PAM-01
2008-08-14,37.0,162.46,KL-PAM-01
2008-08-15,14.9,163.97,KL-PAM-01
2008-08-16,0.9,159.84,KL-PAM-01
2008-08-17,0.6,150.16,KL-PAM-01
2008-08-18,2.6,140.73,KL-PAM-01
2008-08-19,3.3,133.74,KL-PAM-01
2008-08-20,3.6,127.68,KL-PAM-01
2008-08-21,8.7,121.89,KL-PAM-01
2008-08-22,4.5,117.19,KL-PAM-01
2008-08-23,2.7,111.61,KL-PAM-01
2008-08-24,2.1,106.05,KL-PAM-01
2008-08-25,9.6,100.77,KL-PAM-01
2008-08-26,8.2,98.0,KL-PAM-01
2008-08-27,9.3,97.32,KL-PAM-01
2008-08-28,3.2,98.23,KL-PAM-01
2008-08-29,8.1,98.46,KL-PAM-01
2008-08-30,20.3,104.1,KL-PAM-01
2008-08-31,21.8,109.82,KL-PAM-01
2008-09-01,12.9,116.37,KL-PAM-01
2008-09-02,2.1,114.49,KL-PAM-01
2008-09-03,7.0,109.56,KL-PAM-01
2008-09-04,3.9,106.55,KL-PAM-01
2008-09-05,7.3,104.35,KL-PAM-01
2008-09-06,15.5,102.9,KL-PAM-01
2008-09-07,21.8,105.32,KL-PAM-01
2008-09-08,21.0,110.83,KL-PAM-01
2008-09-09,4.9,113.7,KL-PAM-01
2008-09-10,7.5,112.91,KL-PAM-01
2008-09-11,11.3,116.91,KL-PAM-01
2008-09-12,6.9,123.89,KL-PAM-01
2008-09-13,4.2,122.46,KL-PAM-01
2008-09-14,2.8,117.19,KL-PAM-01
2008-09-15,3.9,111.61,KL-PAM-01
2008-09-16,2.3,105.56,KL-PAM-01
2008-09-17,2.4,100.3,KL-PAM-01
2008-09-18,1.8,94.87,KL-PAM-01
2008-09-19,5.8,89.51,KL-PAM-01
2008-09-20,9.2,84.86,KL-PAM-01
2008-09-21,1.4,84.65,KL-PAM-01
2008-09-22,0.8,81.95,KL-PAM-01
2008-09-23,2.0,78.4,KL-PAM-01
2008-09-24,3.4,74.84,KL-PAM-01
2008-09-25,7.0,71.59,KL-PAM-01
2008-09-26,0.7,69.62,KL-PAM-01
2008-09-27,0.4,66.6,KL-PAM-01
2008-09-28,0.0,63.13,KL-PAM-01
2008-09-29,0.2,59.54,KL-PAM-01
2008-09-30,0.2,56.43,KL-PAM-01
2008-10-01,1.2,53.35,KL-PAM-01
2008-10-02,0.8,50.55,KL-PAM-01
2008-10-03,0.0,48.01,KL-PAM-01
2008-10-04,0.2,45.6,KL-PAM-01
2008-10-05,0.0,43.41,KL-PAM-01
2008-10-06,4.7,41.52,KL-PAM-01
2008-10-07,2.1,41.13,KL-PAM-01
2008-10-08,0.8,42.6,KL-PAM-01
2008-10-09,7.1,44.86,KL-PAM-01
2008-10-10,2.4,47.68,KL-PAM-01
2008-10-11,20.7,50.2,KL-PAM-01
2008-10-12,6.8,53.35,KL-PAM-01
2008-10-13,4.3,58.3,KL-PAM-01
2008-10-14,28.3,67.7,KL-PAM-01
2008-10-15,29.7,75.36,KL-PAM-01
2008-10-16,8.4,79.69,KL-PAM-01
2008-10-17,8.4,80.06,KL-PAM-01
2008-10-18,5.9,80.06,KL-PAM-01
2008-10-19,5.7,83.29,KL-PAM-01
2008-10-20,14.1,95.09,KL-PAM-01
2008-10-21,49.9,125.04,KL-PAM-01
2008-10-22,11.3,139.43,KL-PAM-01
2008-10-23,18.1,135.6,KL-PAM-01
2008-10-24,10.6,135.6,KL-PAM-01
2008-10-25,8.2,138.79,KL-PAM-01
2008-10-26,5.7,136.56,KL-PAM-01
2008-10-27,0.1,130.98,KL-PAM-01
2008-10-28,1.1,123.03,KL-PAM-01
2008-10-29,1.4,115.56,KL-PAM-01
2008-10-30,0.5,109.82,KL-PAM-01
2008-10-31,1.5,106.55,KL-PAM-01
2008-11-01,1.0,102.67,KL-PAM-01
2008-11-02,3.1,99.38,KL-PAM-01
2008-11-03,0.2,95.31,KL-PAM-01
2008-11-04,1.5,90.35,KL-PAM-01
2008-11-05,0.7,85.84,KL-PAM-01
2008-11-06,0.6,82.71,KL-PAM-01
2008-11-07,2.1,79.13,KL-PAM-01
2008-11-08,10.7,81.56,KL-PAM-01
2008-11-09,1.1,84.65,KL-PAM-01
2008-11-10,2.4,85.44,KL-PAM-01
2008-11-11,1.7,84.07,KL-PAM-01
2008-11-12,1.9,80.43,KL-PAM-01
2008-11-13,5.0,78.22,KL-PAM-01
2008-11-14,0.5,75.71,KL-PAM-01
2008-11-15,2.6,72.6,KL-PAM-01
2008-11-16,2.2,69.13,KL-PAM-01
2008-11-17,0.6,65.83,KL-PAM-01
2008-11-18,5.9,63.42,KL-PAM-01
2008-11-19,6.2,61.67,KL-PAM-01
2008-11-20,3.6,61.67,KL-PAM-01
2008-11-21,8.1,61.23,KL-PAM-01
2008-11-22,18.6,62.97,KL-PAM-01
2008-11-23,27.4,72.1,KL-PAM-01
2008-11-24,20.5,87.05,KL-PAM-01
2008-11-25,2.0,99.61,KL-PAM-01
2008-11-26,2.8,99.38,KL-PAM-01
2008-11-27,4.6,94.21,KL-PAM-01
2008-11-28,2.7,90.98,KL-PAM-01
2008-11-29,16.8,90.35,KL-PAM-01
2008-11-30,8.0,97.32,KL-PAM-01
2008-12-01,5.4,100.3,KL-PAM-01
2008-12-02,3.5,98.23,KL-PAM-01
2008-12-03,1.6,94.0,KL-PAM-01
2008-12-04,0.0,89.51,KL-PAM-01
2008-12-05,0.1,84.46,KL-PAM-01
2008-12-06,0.0,79.69,KL-PAM-01
2008-12-07,0.3,76.06,KL-PAM-01
2008-12-08,6.9,73.11,KL-PAM-01
2008-12-09,5.8,74.14,KL-PAM-01
2008-12-10,8.7,75.71,KL-PAM-01
2008-12-11,1.9,75.36,KL-PAM-01
2008-12-12,0.1,73.11,KL-PAM-01
2008-12-13,0.2,69.45,KL-PAM-01
2008-12-14,2.7,66.14,KL-PAM-01
2008-12-15,6.4,64.16,KL-PAM-01
2008-12-16,8.0,63.57,KL-PAM-01
2008-12-17,0.0,62.24,KL-PAM-01
2008-12-18,12.9,59.54,KL-PAM-01
2008-12-19,0.9,59.82,KL-PAM-01
2008-12-20,0.8,58.44,KL-PAM-01
2008-12-21,0.0,56.3,KL-PAM-01
2008-12-22,0.0,53.6,KL-PAM-01
2008-12-23,0.0,51.03,KL-PAM-01
2008-12-24,0.0,48.47,KL-PAM-01
2008-12-25,0.3,46.03,KL-PAM-01
2008-12-26,0.0,43.92,KL-PAM-01
2008-12-27,0.3,41.8,KL-PAM-01
2008-12-28,0.0,39.79,KL-PAM-01
2008-12-29,0.0,37.87,KL-PAM-01
2008-12-30,0.0,36.13,KL-PAM-01
2008-12-31,0.0,34.47,KL-PAM-01
2009-01-01,0.0,32.96,KL-PAM-01
2009-01-02,0.0,31.51,KL-PAM-01
2009-01-03,0.0,30.2,KL-PAM-01
2009-01-04,0.0,28.94,KL-PAM-01
2009-01-05,0.0,27.79,KL-PAM-01
2009-01-06,0.0,26.76,KL-PAM-01
2009-01-07,0.0,25.76,KL-PAM-01
2009-01-08,0.0,24.91,KL-PAM-01
2009-01-09,0.0,24.1,KL-PAM-01
2009-01-10,0.0,23.3,KL-PAM-01
2009-01-11,0.0,15.07,KL-PAM-01
2009-01-12,0.0,10.27,KL-PAM-01
2009-01-13,0.0,8.53,KL-PAM-01
2009-01-14,0.0,8.07,KL-PAM-01
2009-01-15,0.0,7.8,KL-PAM-01
2009-01-16,0.0,7.55,KL-PAM-01
2009-01-17,0.0,7.28,KL-PAM-01
2009-01-18,0.2,7.04,KL-PAM-01
2009-01-19,0.0,6.84,KL-PAM-01
2009-01-20,0.0,6.67,KL-PAM-01
2009-01-21,0.0,6.53,KL-PAM-01
2009-01-22,0.0,6.34,KL-PAM-01
2009-01-23,0.0,6.18,KL-PAM-01
2009-01-24,0.0,6.07,KL-PAM-01
2009-01-25,0.0,5.98,KL-PAM-01
2009-01-26,6.1,5.91,KL-PAM-01
2009-01-27,54.5,8.83,KL-PAM-01
2009-01-28,0.2,13.27,KL-PAM-01
2009-01-29,0.0,14.43,KL-PAM-01
2009-01-30,0.0,13.18,KL-PAM-01
2009-01-31,0.0,16.21,KL-PAM-01
2009-02-01,0.0,17.6,KL-PAM-01
2009-02-02,0.0,17.22,KL-PAM-01
2009-02-03,0.0,16.69,KL-PAM-01
2009-02-04,0.0,16.25,KL-PAM-01
2009-02-05,0.2,15.79,KL-PAM-01
2009-02-06,0.3,15.45,KL-PAM-01
2009-02-07,0.0,15.07,KL-PAM-01
2009-02-08,0.7,14.75,KL-PAM-01
2009-02-09,0.0,14.5,KL-PAM-01
2009-02-10,0.1,14.28,KL-PAM-01
2009-02-11,0.9,13.84,KL-PAM-01
2009-02-12,0.3,13.6,KL-PAM-01
2009-02-13,0.0,13.34,KL-PAM-01
2009-02-14,0.4,13.05,KL-PAM-01
2009-02-15,0.6,12.96,KL-PAM-01
2009-02-16,0.0,12.8,KL-PAM-01
2009-02-17,0.0,12.7,KL-PAM-01
2009-02-18,0.0,12.64,KL-PAM-01
2009-02-19,0.0,12.27,KL-PAM-01
2009-02-20,0.0,11.95,KL-PAM-01
2009-02-21,0.0,11.74,KL-PAM-01
2009-02-22,0.1,11.65,KL-PAM-01
2009-02-23,0.8,11.74,KL-PAM-01
2009-02-24,0.2,11.57,KL-PAM-01
2009-02-25,0.2,11.37,KL-PAM-01
2009-02-26,0.3,11.37,KL-PAM-01
2009-02-27,1.2,11.26,KL-PAM-01
2009-02-28,0.3,11.01,KL-PAM-01
2009-03-01,0.0,10.66,KL-PAM-01
2009-03-02,0.0,10.44,KL-PAM-01
2009-03-03,1.1,10.44,KL-PAM-01
2009-03-04,1.3,10.63,KL-PAM-01
2009-03-05,0.3,10.58,KL-PAM-01
2009-03-06,0.9,10.5,KL-PAM-01
2009-03-07,0.6,10.34,KL-PAM-01
2009-03-08,1.3,10.39,KL-PAM-01
2009-03-09,13.6,11.95,KL-PAM-01
2009-03-10,1.1,12.64,KL-PAM-01
2009-03-11,2.9,12.55,KL-PAM-01
2009-03-12,10.0,14.05,KL-PAM-01
2009-03-13,6.0,16.25,KL-PAM-01
2009-03-14,15.3,18.25,KL-PAM-01
2009-03-15,6.8,20.24,KL-PAM-01
2009-03-16,0.8,20.88,KL-PAM-01
2009-03-17,2.7,20.24,KL-PAM-01
2009-03-18,0.0,19.15,KL-PAM-01
2009-03-19,0.7,18.29,KL-PAM-01
2009-03-20,1.0,17.6,KL-PAM-01
2009-03-21,1.3,17.18,KL-PAM-01
2009-03-22,4.2,16.69,KL-PAM-01
2009-03-23,4.5,16.49,KL-PAM-01
2009-03-24,4.9,17.82,KL-PAM-01
2009-03-25,1.0,18.25,KL-PAM-01
2009-03-26,3.4,17.94,KL-PAM-01
2009-03-27,2.4,18.29,KL-PAM-01
2009-03-28,7.5,21.7,KL-PAM-01
2009-03-29,1.2,25.64,KL-PAM-01
2009-03-30,2.2,26.44,KL-PAM-01
2009-03-31,0.2,25.15,KL-PAM-01
2009-04-01,4.1,23.87,KL-PAM-01
2009-04-02,0.9,23.58,KL-PAM-01
2009-04-03,2.1,22.97,KL-PAM-01
2009-04-04,1.5,22.01,KL-PAM-01
2009-04-05,1.9,21.48,KL-PAM-01
2009-04-06,3.0,20.88,KL-PAM-01
2009-04-07,8.0,21.9,KL-PAM-01
2009-04-08,7.1,22.81,KL-PAM-01
2009-04-09,6.2,26.19,KL-PAM-01
2009-04-10,12.9,28.46,KL-PAM-01
2009-04-11,3.4,32.8,KL-PAM-01
2009-04-12,0.2,35.29,KL-PAM-01
2009-04-13,1.4,34.47,KL-PAM-01
2009-04-14,0.1,32.88,KL-PAM-01
2009-04-15,10.4,31.73,KL-PAM-01
2009-04-16,2.2,31.66,KL-PAM-01
2009-04-17,1.9,31.36,KL-PAM-01
2009-04-18,0.4,30.85,KL-PAM-01
2009-04-19,2.5,30.26,KL-PAM-01
2009-04-20,3.8,30.2,KL-PAM-01
2009-04-21,9.8,30.85,KL-PAM-01
2009-04-22,11.8,32.57,KL-PAM-01
2009-04-23,4.7,34.96,KL-PAM-01
2009-04-24,4.1,38.05,KL-PAM-01
2009-04-25,2.3,41.52,KL-PAM-01
2009-04-26,0.9,44.44,KL-PAM-01
2009-04-27,1.3,47.12,KL-PAM-01
2009-04-28,4.8,50.79,KL-PAM-01
2009-04-29,5.1,57.63,KL-PAM-01
2009-04-30,2.7,63.42,KL-PAM-01
2009-05-01,2.7,63.87,KL-PAM-01
2009-05-02,6.2,61.81,KL-PAM-01
2009-05-03,0.2,59.96,KL-PAM-01
2009-05-04,0.0,57.9,KL-PAM-01
2009-05-05,1.6,55.26,KL-PAM-01
2009-05-06,2.6,52.73,KL-PAM-01
2009-05-07,3.9,50.79,KL-PAM-01
2009-05-08,6.9,50.43,KL-PAM-01
2009-05-09,11.2,50.67,KL-PAM-01
2009-05-10,22.3,51.51,KL-PAM-01
2009-05-11,5.8,52.24,KL-PAM-01
2009-05-12,4.6,53.23,KL-PAM-01
2009-05-13,4.2,52.98,KL-PAM-01
2009-05-14,2.0,51.75,KL-PAM-01
2009-05-15,4.9,50.08,KL-PAM-01
2009-05-16,22.5,49.85,KL-PAM-01
2009-05-17,6.0,50.2,KL-PAM-01
2009-05-18,7.2,50.55,KL-PAM-01
2009-05-19,30.0,52.49,KL-PAM-01
2009-05-20,26.7,60.38,KL-PAM-01
2009-05-21,24.0,65.98,KL-PAM-01
2009-05-22,32.6,69.13,KL-PAM-01
2009-05-23,11.3,73.96,KL-PAM-01
2009-05-24,21.6,77.5,KL-PAM-01
2009-05-25,19.1,85.65,KL-PAM-01
2009-05-26,15.7,90.14,KL-PAM-01
2009-05-27,12.6,91.62,KL-PAM-01
2009-05-28,2.0,90.14,KL-PAM-01
2009-05-29,7.5,86.45,KL-PAM-01
2009-05-30,19.0,83.68,KL-PAM-01
2009-05-31,8.0,83.29,KL-PAM-01
2009-06-01,3.2,82.51,KL-PAM-01
2009-06-02,2.6,79.87,KL-PAM-01
2009-06-03,3.3,77.31,KL-PAM-01
2009-06-04,4.0,75.19,KL-PAM-01
2009-06-05,24.2,77.5,KL-PAM-01
2009-06-06,21.5,120.77,KL-PAM-01
2009-06-07,13.1,155.1,KL-PAM-01
2009-06-08,7.9,158.74,KL-PAM-01
2009-06-09,2.1,153.32,KL-PAM-01
2009-06-10,4.0,142.7,KL-PAM-01
2009-06-11,16.1,133.12,KL-PAM-01
2009-06-12,19.1,129.77,KL-PAM-01
2009-06-13,28.8,127.09,KL-PAM-01
2009-06-14,11.5,124.18,KL-PAM-01
2009-06-15,14.8,120.77,KL-PAM-01
2009-06-16,18.4,118.83,KL-PAM-01
2009-06-17,10.8,119.1,KL-PAM-01
2009-06-18,39.1,130.37,KL-PAM-01
2009-06-19,13.2,141.06,KL-PAM-01
2009-06-20,7.7,141.71,KL-PAM-01
2009-06-21,15.7,135.92,KL-PAM-01
2009-06-22,23.6,130.67,KL-PAM-01
2009-06-23,18.5,130.07,KL-PAM-01
2009-06-24,13.5,128.87,KL-PAM-01
2009-06-25,23.2,127.38,KL-PAM-01
2009-06-26,15.3,127.68,KL-PAM-01
2009-06-27,16.3,127.09,KL-PAM-01
2009-06-28,15.8,126.79,KL-PAM-01
2009-06-29,24.6,129.17,KL-PAM-01
2009-06-30,29.9,149.46,KL-PAM-01
2009-07-01,34.8,182.8,KL-PAM-01
2009-07-02,17.3,203.79,KL-PAM-01
2009-07-03,24.3,219.95,KL-PAM-01
2009-07-04,16.7,221.99,KL-PAM-01
2009-07-05,24.9,225.09,KL-PAM-01
2009-07-06,19.5,225.09,KL-PAM-01
2009-07-07,8.0,218.93,KL-PAM-01
2009-07-08,21.9,212.95,KL-PAM-01
2009-07-09,7.8,211.96,KL-PAM-01
2009-07-10,4.5,206.64,KL-PAM-01
2009-07-11,4.0,195.49,KL-PAM-01
2009-07-12,3.8,184.08,KL-PAM-01
2009-07-13,5.8,174.94,KL-PAM-01
2009-07-14,8.5,171.74,KL-PAM-01
2009-07-15,22.2,192.79,KL-PAM-01
2009-07-16,26.9,223.02,KL-PAM-01
2009-07-17,59.9,299.76,KL-PAM-01
2009-07-18,11.5,304.64,KL-PAM-01
2009-07-19,8.8,273.94,KL-PAM-01
2009-07-20,10.1,248.04,KL-PAM-01
2009-07-21,4.6,229.82,KL-PAM-01
2009-07-22,2.6,215.42,KL-PAM-01
2009-07-23,5.7,202.85,KL-PAM-01
2009-07-24,1.8,191.01,KL-PAM-01
2009-07-25,3.9,178.62,KL-PAM-01
2009-07-26,4.3,167.42,KL-PAM-01
2009-07-27,6.4,156.91,KL-PAM-01
2009-07-28,4.7,149.12,KL-PAM-01
2009-07-29,12.1,142.04,KL-PAM-01
2009-07-30,5.2,135.6,KL-PAM-01
2009-07-31,42.1,131.59,KL-PAM-01
2009-08-01,16.6,136.24,KL-PAM-01
2009-08-02,5.4,139.43,KL-PAM-01
2009-08-03,2.3,134.99,KL-PAM-01
2009-08-04,6.1,127.98,KL-PAM-01
2009-08-05,5.4,122.18,KL-PAM-01
2009-08-06,7.1,116.64,KL-PAM-01
2009-08-07,4.3,113.44,KL-PAM-01
2009-08-08,3.8,108.8,KL-PAM-01
2009-08-09,3.5,103.38,KL-PAM-01
2009-08-10,2.2,98.23,KL-PAM-01
2009-08-11,10.7,93.77,KL-PAM-01
2009-08-12,3.4,90.35,KL-PAM-01
2009-08-13,3.5,86.05,KL-PAM-01
2009-08-14,19.0,82.71,KL-PAM-01
2009-08-15,10.0,81.38,KL-PAM-01
2009-08-16,9.0,79.13,KL-PAM-01
2009-08-17,21.4,80.06,KL-PAM-01
2009-08-18,2.7,80.99,KL-PAM-01
2009-08-19,14.3,116.91,KL-PAM-01
2009-08-20,12.5,132.51,KL-PAM-01
2009-08-21,20.4,128.27,KL-PAM-01
2009-08-22,21.3,126.79,KL-PAM-01
2009-08-23,13.4,124.46,KL-PAM-01
2009-08-24,13.5,121.61,KL-PAM-01
2009-08-25,7.4,118.83,KL-PAM-01
2009-08-26,18.6,114.76,KL-PAM-01
2009-08-27,19.6,112.39,KL-PAM-01
2009-08-28,10.0,110.83,KL-PAM-01
2009-08-29,3.9,109.31,KL-PAM-01
2009-08-30,5.7,105.32,KL-PAM-01
2009-08-31,14.4,101.48,KL-PAM-01
2009-09-01,38.8,102.9,KL-PAM-01
2009-09-02,26.6,116.1,KL-PAM-01
2009-09-03,10.2,126.2,KL-PAM-01
2009-09-04,11.8,127.98,KL-PAM-01
2009-09-05,16.9,139.43,KL-PAM-01
2009-09-06,15.3,159.1,KL-PAM-01
2009-09-07,11.7,168.98,KL-PAM-01
2009-09-08,8.1,169.37,KL-PAM-01
2009-09-09,3.4,162.83,KL-PAM-01
2009-09-10,0.6,153.32,KL-PAM-01
2009-09-11,2.0,143.7,KL-PAM-01
2009-09-12,0.7,134.36,KL-PAM-01
2009-09-13,16.8,128.27,KL-PAM-01
2009-09-14,3.1,130.07,KL-PAM-01
2009-09-15,0.5,127.38,KL-PAM-01
2009-09-16,8.2,121.33,KL-PAM-01
2009-09-17,20.0,117.46,KL-PAM-01
2009-09-18,28.7,121.33,KL-PAM-01
2009-09-19,8.9,126.5,KL-PAM-01
2009-09-20,14.8,125.04,KL-PAM-01
2009-09-21,7.3,123.03,KL-PAM-01
2009-09-22,7.5,125.04,KL-PAM-01
2009-09-23,7.8,125.33,KL-PAM-01
2009-09-24,3.5,123.03,KL-PAM-01
2009-09-25,3.5,117.46,KL-PAM-01
2009-09-26,11.7,111.87,KL-PAM-01
2009-09-27,21.5,111.1,KL-PAM-01
2009-09-28,7.6,112.91,KL-PAM-01
2009-09-29,7.7,112.91,KL-PAM-01
2009-09-30,12.4,114.76,KL-PAM-01
2009-10-01,35.8,173.33,KL-PAM-01
2009-10-02,25.3,236.28,KL-PAM-01
2009-10-03,6.8,236.84,KL-PAM-01
2009-10-04,6.3,219.44,KL-PAM-01
2009-10-05,3.4,201.92,KL-PAM-01
2009-10-06,2.8,186.65,KL-PAM-01
2009-10-07,1.2,172.93,KL-PAM-01
2009-10-08,0.5,162.08,KL-PAM-01
2009-10-09,1.4,151.2,KL-PAM-01
2009-10-10,0.1,141.06,KL-PAM-01
2009-10-11,0.2,132.2,KL-PAM-01
2009-10-12,0.2,128.87,KL-PAM-01
2009-10-13,5.8,132.2,KL-PAM-01
2009-10-14,1.5,134.99,KL-PAM-01
2009-10-15,15.3,138.79,KL-PAM-01
2009-10-16,14.1,141.71,KL-PAM-01
2009-10-17,2.1,140.4,KL-PAM-01
2009-10-18,2.5,134.04,KL-PAM-01
2009-10-19,3.7,127.68,KL-PAM-01
2009-10-20,2.6,125.04,KL-PAM-01
2009-10-21,6.5,123.32,KL-PAM-01
2009-10-22,11.5,128.27,KL-PAM-01
2009-10-23,0.1,128.87,KL-PAM-01
2009-10-24,1.8,123.03,KL-PAM-01
2009-10-25,2.1,116.37,KL-PAM-01
2009-10-26,5.7,116.37,KL-PAM-01
2009-10-27,1.6,117.46,KL-PAM-01
2009-10-28,5.7,112.91,KL-PAM-01
2009-10-29,7.3,108.3,KL-PAM-01
2009-10-30,9.6,104.59,KL-PAM-01
2009-10-31,5.4,102.19,KL-PAM-01
2009-11-01,0.6,100.77,KL-PAM-01
2009-11-02,2.4,98.23,KL-PAM-01
2009-11-03,4.0,94.21,KL-PAM-01
2009-11-04,13.8,92.91,KL-PAM-01
2009-11-05,15.6,98.92,KL-PAM-01
2009-11-06,40.8,124.75,KL-PAM-01
2009-11-07,223.8,253.84,KL-PAM-01
2009-11-08,42.6,334.89,KL-PAM-01
2009-11-09,22.8,332.58,KL-PAM-01
2009-11-10,5.8,298.38,KL-PAM-01
2009-11-11,1.9,262.17,KL-PAM-01
2009-11-12,1.0,235.2,KL-PAM-01
2009-11-13,10.5,215.92,KL-PAM-01
2009-11-14,18.8,220.46,KL-PAM-01
2009-11-15,14.9,228.23,KL-PAM-01
2009-11-16,4.9,227.71,KL-PAM-01
2009-11-17,4.7,215.92,KL-PAM-01
2009-11-18,2.9,200.52,KL-PAM-01
2009-11-19,10.6,188.82,KL-PAM-01
2009-11-20,8.9,182.8,KL-PAM-01
2009-11-21,12.7,180.7,KL-PAM-01
2009-11-22,16.2,179.04,KL-PAM-01
2009-11-23,0.9,173.33,KL-PAM-01
2009-11-24,3.9,163.97,KL-PAM-01
2009-11-25,4.8,156.19,KL-PAM-01
2009-11-26,1.2,151.2,KL-PAM-01
2009-11-27,0.0,143.7,KL-PAM-01
2009-11-28,0.0,134.99,KL-PAM-01
2009-11-29,0.0,126.79,KL-PAM-01
2009-11-30,0.9,119.38,KL-PAM-01
2009-12-01,16.4,114.49,KL-PAM-01
2009-12-02,4.5,113.97,KL-PAM-01
2009-12-03,6.1,110.83,KL-PAM-01
2009-12-04,2.9,107.05,KL-PAM-01
2009-12-05,1.0,102.9,KL-PAM-01
2009-12-06,1.7,98.23,KL-PAM-01
2009-12-07,0.3,93.34,KL-PAM-01
2009-12-08,0.0,88.27,KL-PAM-01
2009-12-09,0.0,83.29,KL-PAM-01
2009-12-10,0.0,78.95,KL-PAM-01
2009-12-11,0.0,74.49,KL-PAM-01
2009-12-12,0.0,70.44,KL-PAM-01
2009-12-13,0.1,66.76,KL-PAM-01
2009-12-14,2.2,63.71,KL-PAM-01
2009-12-15,0.7,62.24,KL-PAM-01
2009-12-16,25.5,149.46,KL-PAM-01
2009-12-17,1.8,168.98,KL-PAM-01
2009-12-18,1.2,141.06,KL-PAM-01
2009-12-19,0.4,119.93,KL-PAM-01
2009-12-20,0.0,105.81,KL-PAM-01
2009-12-21,1.4,95.53,KL-PAM-01
2009-12-22,3.0,87.86,KL-PAM-01
2009-12-23,1.7,82.51,KL-PAM-01
2009-12-24,0.0,78.4,KL-PAM-01
2009-12-25,2.3,73.96,KL-PAM-01
2009-12-26,0.0,69.45,KL-PAM-01
2009-12-27,13.4,66.6,KL-PAM-01
2009-12-28,1.6,69.29,KL-PAM-01
2009-12-29,1.2,70.11,KL-PAM-01
2009-12-30,0.2,67.38,KL-PAM-01
2009-12-31,0.0,63.71,KL-PAM-01
2010-01-01,0.2,60.38,KL-PAM-01
2010-01-02,0.1,57.23,KL-PAM-01
2010-01-03,0.1,54.23,KL-PAM-01
2010-01-04,0.0,51.51,KL-PAM-01
2010-01-05,0.2,49.15,KL-PAM-01
2010-01-06,0.0,46.79,KL-PAM-01
2010-01-07,0.0,44.44,KL-PAM-01
2010-01-08,0.0,42.2,KL-PAM-01
2010-01-09,10.0,40.55,KL-PAM-01
2010-01-10,17.7,40.55,KL-PAM-01
2010-01-11,0.0,34.96,KL-PAM-01
2010-01-12,2.1,31.66,KL-PAM-01
2010-01-13,5.0,30.49,KL-PAM-01
2010-01-14,0.5,30.7,KL-PAM-01
2010-01-15,0.0,29.63,KL-PAM-01
2010-01-16,0.0,27.53,KL-PAM-01
2010-01-17,0.0,25.52,KL-PAM-01
2010-01-18,0.0,23.53,KL-PAM-01
2010-01-19,0.1,21.7,KL-PAM-01
2010-01-20,0.1,20.0,KL-PAM-01
2010-01-21,0.0,18.74,KL-PAM-01
2010-01-22,0.6,17.52,KL-PAM-01
2010-01-23,0.0,16.52,KL-PAM-01
2010-01-24,0.0,15.67,KL-PAM-01
2010-01-25,0.0,14.75,KL-PAM-01
2010-01-26,0.0,13.77,KL-PAM-01
2010-01-27,0.0,12.86,KL-PAM-01
2010-01-28,0.0,12.13,KL-PAM-01
2010-01-29,0.0,11.42,KL-PAM-01
2010-01-30,0.0,10.71,KL-PAM-01
2010-01-31,0.0,14.64,KL-PAM-01
2010-02-01,0.4,16.85,KL-PAM-01
2010-02-02,0.4,16.69,KL-PAM-01
2010-02-03,0.0,16.33,KL-PAM-01
2010-02-04,0.1,15.94,KL-PAM-01
2010-02-05,0.0,15.59,KL-PAM-01
2010-02-06,0.0,15.29,KL-PAM-01
2010-02-07,0.0,14.93,KL-PAM-01
2010-02-08,0.1,14.46,KL-PAM-01
2010-02-09,0.1,14.08,KL-PAM-01
2010-02-10,0.0,14.39,KL-PAM-01
2010-02-11,0.0,15.04,KL-PAM-01
2010-02-12,0.0,14.22,KL-PAM-01
2010-02-13,0.5,13.34,KL-PAM-01
2010-02-14,0.0,12.83,KL-PAM-01
2010-02-15,0.4,12.61,KL-PAM-01
2010-02-16,0.0,12.4,KL-PAM-01
2010-02-17,1.4,12.25,KL-PAM-01
2010-02-18,0.2,12.33,KL-PAM-01
2010-02-19,0.4,12.61,KL-PAM-01
2010-02-20,0.0,12.03,KL-PAM-01
2010-02-21,0.0,11.6,KL-PAM-01
2010-02-22,0.3,11.12,KL-PAM-01
2010-02-23,0.3,11.23,KL-PAM-01
2010-02-24,3.9,11.34,KL-PAM-01
2010-02-25,2.1,12.3,KL-PAM-01
2010-02-26,1.4,13.15,KL-PAM-01
2010-02-27,1.1,13.18,KL-PAM-01
2010-02-28,0.7,12.83,KL-PAM-01
2010-03-01,0.8,12.36,KL-PAM-01
2010-03-02,0.5,12.07,KL-PAM-01
2010-03-03,0.7,11.68,KL-PAM-01
2010-03-04,2.7,11.83,KL-PAM-01
2010-03-05,2.4,12.67,KL-PAM-01
2010-03-06,2.4,13.34,KL-PAM-01
2010-03-07,0.0,13.15,KL-PAM-01
2010-03-08,0.8,12.83,KL-PAM-01
2010-03-09,0.3,12.61,KL-PAM-01
2010-03-10,0.0,12.48,KL-PAM-01
2010-03-11,0.0,12.25,KL-PAM-01
2010-03-12,0.0,11.74,KL-PAM-01
2010-03-13,0.5,11.51,KL-PAM-01
2010-03-14,0.7,11.15,KL-PAM-01
2010-03-15,0.5,11.06,KL-PAM-01
2010-03-16,2.5,11.34,KL-PAM-01
2010-03-17,3.2,11.48,KL-PAM-01
2010-03-18,0.5,11.4,KL-PAM-01
2010-03-19,0.2,11.09,KL-PAM-01
2010-03-20,0.8,10.61,KL-PAM-01
2010-03-21,0.3,10.42,KL-PAM-01
2010-03-22,3.9,10.48,KL-PAM-01
2010-03-23,2.0,10.5,KL-PAM-01
2010-03-24,2.8,10.5,KL-PAM-01
2010-03-25,2.1,10.27,KL-PAM-01
2010-03-26,12.3,12.83,KL-PAM-01
2010-03-27,1.7,16.61,KL-PAM-01
2010-03-28,3.0,18.88,KL-PAM-01
2010-03-29,5.2,21.48,KL-PAM-01
2010-03-30,7.4,23.87,KL-PAM-01
2010-03-31,6.2,27.79,KL-PAM-01
2010-04-01,1.3,28.39,KL-PAM-01
2010-04-02,0.0,27.99,KL-PAM-01
2010-04-03,9.3,28.52,KL-PAM-01
2010-04-04,18.7,31.06,KL-PAM-01
2010-04-05,19.1,36.65,KL-PAM-01
2010-04-06,9.0,42.8,KL-PAM-01
2010-04-07,8.5,45.18,KL-PAM-01
2010-04-08,4.3,44.23,KL-PAM-01
2010-04-09,2.9,46.47,KL-PAM-01
2010-04-10,1.0,47.12,KL-PAM-01
2010-04-11,1.2,46.69,KL-PAM-01
2010-04-12,1.6,45.92,KL-PAM-01
2010-04-13,1.4,46.9,KL-PAM-01
2010-04-14,9.8,47.57,KL-PAM-01
2010-04-15,1.3,48.24,KL-PAM-01
2010-04-16,9.9,76.42,KL-PAM-01
2010-04-17,8.8,91.19,KL-PAM-01
2010-04-18,10.9,87.66,KL-PAM-01
2010-04-19,5.5,82.33,KL-PAM-01
2010-04-20,6.5,78.4,KL-PAM-01
2010-04-21,7.2,78.4,KL-PAM-01
2010-04-22,0.6,77.31,KL-PAM-01
2010-04-23,9.5,79.5,KL-PAM-01
2010-04-24,4.2,85.65,KL-PAM-01
2010-04-25,3.4,87.66,KL-PAM-01
2010-04-26,13.5,93.12,KL-PAM-01
2010-04-27,6.1,99.61,KL-PAM-01
2010-04-28,8.1,101.71,KL-PAM-01
2010-04-29,6.8,102.43,KL-PAM-01
2010-04-30,25.0,101.25,KL-PAM-01
2010-05-01,5.2,103.86,KL-PAM-01
2010-05-02,8.0,104.35,KL-PAM-01
2010-05-03,3.3,104.35,KL-PAM-01
2010-05-04,1.5,103.38,KL-PAM-01
2010-05-05,3.7,99.38,KL-PAM-01
2010-05-06,2.9,94.87,KL-PAM-01
2010-05-07,7.0,90.56,KL-PAM-01
2010-05-08,6.2,88.89,KL-PAM-01
2010-05-09,8.4,88.07,KL-PAM-01
2010-05-10,4.4,87.66,KL-PAM-01
2010-05-11,4.7,88.07,KL-PAM-01
2010-05-12,8.3,87.86,KL-PAM-01
2010-05-13,4.8,87.66,KL-PAM-01
2010-05-14,3.6,87.05,KL-PAM-01
2010-05-15,1.4,86.05,KL-PAM-01
2010-05-16,6.4,85.25,KL-PAM-01
2010-05-17,8.4,85.05,KL-PAM-01
2010-05-18,4.7,84.86,KL-PAM-01
2010-05-19,17.3,84.07,KL-PAM-01
2010-05-20,27.5,85.65,KL-PAM-01
2010-05-21,12.0,91.83,KL-PAM-01
2010-05-22,11.3,92.48,KL-PAM-01
2010-05-23,17.8,90.35,KL-PAM-01
2010-05-24,23.3,92.69,KL-PAM-01
2010-05-25,15.2,97.77,KL-PAM-01
2010-05-26,3.6,100.77,KL-PAM-01
2010-05-27,11.6,100.54,KL-PAM-01
2010-05-28,16.3,101.01,KL-PAM-01
2010-05-29,10.3,102.43,KL-PAM-01
2010-05-30,12.7,101.71,KL-PAM-01
2010-05-31,2.4,100.08,KL-PAM-01
2010-06-01,7.6,95.75,KL-PAM-01
2010-06-02,11.2,92.91,KL-PAM-01
2010-06-03,9.1,92.26,KL-PAM-01
2010-06-04,10.7,92.26,KL-PAM-01
2010-06-05,27.2,94.43,KL-PAM-01
2010-06-06,11.3,101.25,KL-PAM-01
2010-06-07,29.0,101.01,KL-PAM-01
2010-06-08,17.1,101.71,KL-PAM-01
2010-06-09,18.8,106.3,KL-PAM-01
2010-06-10,51.8,130.07,KL-PAM-01
2010-06-11,39.5,206.64,KL-PAM-01
2010-06-12,15.8,269.55,KL-PAM-01
2010-06-13,30.8,317.57,KL-PAM-01
2010-06-14,28.2,309.6,KL-PAM-01
2010-06-15,6.3,282.94,KL-PAM-01
2010-06-16,6.6,255.01,KL-PAM-01
2010-06-17,25.7,233.57,KL-PAM-01
2010-06-18,11.8,221.99,KL-PAM-01
2010-06-19,8.4,210.01,KL-PAM-01
2010-06-20,2.2,198.67,KL-PAM-01
2010-06-21,2.8,187.08,KL-PAM-01
2010-06-22,11.5,177.38,KL-PAM-01
2010-06-23,48.3,202.85,KL-PAM-01
2010-06-24,32.6,213.93,KL-PAM-01
2010-06-25,16.9,210.99,KL-PAM-01
2010-06-26,11.2,203.33,KL-PAM-01
2010-06-27,16.8,195.49,KL-PAM-01
2010-06-28,31.6,198.67,KL-PAM-01
2010-06-29,19.3,202.38,KL-PAM-01
2010-06-30,18.8,203.33,KL-PAM-01
2010-07-01,25.8,218.43,KL-PAM-01
2010-07-02,8.6,224.06,KL-PAM-01
2010-07-03,15.1,225.62,KL-PAM-01
2010-07-04,31.9,230.89,KL-PAM-01
2010-07-05,29.8,250.91,KL-PAM-01
2010-07-06,4.1,254.42,KL-PAM-01
2010-07-07,13.8,236.84,KL-PAM-01
2010-07-08,3.1,220.46,KL-PAM-01
2010-07-09,2.9,208.56,KL-PAM-01
2010-07-10,1.9,204.27,KL-PAM-01
2010-07-11,0.8,202.85,KL-PAM-01
2010-07-12,9.3,195.94,KL-PAM-01
2010-07-13,12.0,187.95,KL-PAM-01
2010-07-14,11.5,180.7,KL-PAM-01
2010-07-15,20.0,173.73,KL-PAM-01
2010-07-16,24.2,179.86,KL-PAM-01
2010-07-17,22.5,193.69,KL-PAM-01
2010-07-18,16.9,201.45,KL-PAM-01
2010-07-19,22.1,229.29,KL-PAM-01
2010-07-20,6.3,235.74,KL-PAM-01
2010-07-21,6.3,222.51,KL-PAM-01
2010-07-22,0.9,207.12,KL-PAM-01
2010-07-23,5.8,192.35,KL-PAM-01
2010-07-24,3.8,180.28,KL-PAM-01
2010-07-25,10.9,169.37,KL-PAM-01
2010-07-26,8.5,159.84,KL-PAM-01
2010-07-27,14.1,150.86,KL-PAM-01
2010-07-28,16.0,144.36,KL-PAM-01
2010-07-29,20.3,141.71,KL-PAM-01
2010-07-30,15.5,143.7,KL-PAM-01
2010-07-31,7.4,142.04,KL-PAM-01
2010-08-01,0.4,135.29,KL-PAM-01
2010-08-02,4.6,127.38,KL-PAM-01
2010-08-03,15.5,120.49,KL-PAM-01
2010-08-04,3.9,116.64,KL-PAM-01
2010-08-05,3.8,112.13,KL-PAM-01
2010-08-06,3.6,106.8,KL-PAM-01
2010-08-07,5.1,102.19,KL-PAM-01
2010-08-08,9.9,98.46,KL-PAM-01
2010-08-09,15.0,98.46,KL-PAM-01
2010-08-10,4.1,97.32,KL-PAM-01
2010-08-11,7.1,93.12,KL-PAM-01
2010-08-12,27.2,89.51,KL-PAM-01
2010-08-13,23.6,93.12,KL-PAM-01
2010-08-14,11.7,97.55,KL-PAM-01
2010-08-15,52.0,160.21,KL-PAM-01
2010-08-16,33.2,219.95,KL-PAM-01
2010-08-17,26.2,212.95,KL-PAM-01
2010-08-18,3.5,193.69,KL-PAM-01
2010-08-19,0.6,176.16,KL-PAM-01
2010-08-20,4.9,161.33,KL-PAM-01
2010-08-21,14.2,153.32,KL-PAM-01
2010-08-22,9.8,148.43,KL-PAM-01
2010-08-23,22.1,142.37,KL-PAM-01
2010-08-24,22.0,139.11,KL-PAM-01
2010-08-25,16.3,144.03,KL-PAM-01
2010-08-26,15.1,151.55,KL-PAM-01
2010-08-27,11.5,156.19,KL-PAM-01
2010-08-28,17.0,154.03,KL-PAM-01
2010-08-29,19.3,157.64,KL-PAM-01
2010-08-30,23.7,183.23,KL-PAM-01
2010-08-31,0.3,195.94,KL-PAM-01
2010-09-01,1.4,184.93,KL-PAM-01
2010-09-02,2.9,170.55,KL-PAM-01
2010-09-03,2.0,159.1,KL-PAM-01
2010-09-04,0.8,149.46,KL-PAM-01
2010-09-05,1.8,140.73,KL-PAM-01
2010-09-06,4.3,133.12,KL-PAM-01
2010-09-07,8.4,125.92,KL-PAM-01
2010-09-08,6.5,120.49,KL-PAM-01
2010-09-09,17.5,115.56,KL-PAM-01
2010-09-10,25.1,111.87,KL-PAM-01
2010-09-11,7.7,110.83,KL-PAM-01
2010-09-12,11.5,107.54,KL-PAM-01
2010-09-13,21.9,105.56,KL-PAM-01
2010-09-14,16.5,108.3,KL-PAM-01
2010-09-15,17.7,109.31,KL-PAM-01
2010-09-16,15.3,110.07,KL-PAM-01
2010-09-17,6.8,108.54,KL-PAM-01
2010-09-18,20.8,106.05,KL-PAM-01
2010-09-19,3.9,107.54,KL-PAM-01
2010-09-20,0.4,104.1,KL-PAM-01
2010-09-21,8.5,99.15,KL-PAM-01
2010-09-22,3.0,101.71,KL-PAM-01
2010-09-23,13.7,106.8,KL-PAM-01
2010-09-24,19.0,111.1,KL-PAM-01
2010-09-25,2.7,115.29,KL-PAM-01
2010-09-26,9.6,118.54,KL-PAM-01
2010-09-27,1.9,126.5,KL-PAM-01
2010-09-28,8.2,126.79,KL-PAM-01
2010-09-29,10.6,126.5,KL-PAM-01
2010-09-30,7.4,126.5,KL-PAM-01
2010-10-01,12.0,130.37,KL-PAM-01
2010-10-02,14.2,135.29,KL-PAM-01
2010-10-03,28.5,140.73,KL-PAM-01
2010-10-04,13.0,147.74,KL-PAM-01
2010-10-05,23.3,145.37,KL-PAM-01
2010-10-06,22.0,152.96,KL-PAM-01
2010-10-07,11.3,162.83,KL-PAM-01
2010-10-08,19.2,159.84,KL-PAM-01
2010-10-09,12.5,153.32,KL-PAM-01
2010-10-10,2.8,150.51,KL-PAM-01
2010-10-11,2.7,144.36,KL-PAM-01
2010-10-12,1.9,136.24,KL-PAM-01
2010-10-13,2.0,128.87,KL-PAM-01
2010-10-14,4.5,122.46,KL-PAM-01
2010-10-15,4.1,117.46,KL-PAM-01
2010-10-16,7.5,112.91,KL-PAM-01
2010-10-17,6.5,108.3,KL-PAM-01
2010-10-18,2.7,103.62,KL-PAM-01
2010-10-19,1.9,99.15,KL-PAM-01
2010-10-20,3.3,94.65,KL-PAM-01
2010-10-21,5.3,91.41,KL-PAM-01
2010-10-22,4.0,90.77,KL-PAM-01
2010-10-23,4.6,88.69,KL-PAM-01
2010-10-24,0.4,85.25,KL-PAM-01
2010-10-25,0.0,81.56,KL-PAM-01
2010-10-26,3.9,77.5,KL-PAM-01
2010-10-27,9.4,76.24,KL-PAM-01
2010-10-28,19.9,78.22,KL-PAM-01
2010-10-29,7.0,84.86,KL-PAM-01
2010-10-30,2.5,90.56,KL-PAM-01
2010-10-31,5.0,95.53,KL-PAM-01
2010-11-01,4.7,93.77,KL-PAM-01
2010-11-02,2.7,89.94,KL-PAM-01
2010-11-03,0.3,86.25,KL-PAM-01
2010-11-04,2.3,83.48,KL-PAM-01
2010-11-05,12.1,83.48,KL-PAM-01
2010-11-06,21.7,85.44,KL-PAM-01
2010-11-07,7.1,84.26,KL-PAM-01
2010-11-08,3.9,82.91,KL-PAM-01
2010-11-09,12.0,80.99,KL-PAM-01
2010-11-10,14.6,82.33,KL-PAM-01
2010-11-11,15.7,91.41,KL-PAM-01
2010-11-12,1.4,102.43,KL-PAM-01
2010-11-13,1.3,103.62,KL-PAM-01
2010-11-14,2.3,101.01,KL-PAM-01
2010-11-15,2.2,98.0,KL-PAM-01
2010-11-16,14.9,96.42,KL-PAM-01
2010-11-17,12.5,102.67,KL-PAM-01
2010-11-18,1.4,107.05,KL-PAM-01
2010-11-19,23.3,110.07,KL-PAM-01
2010-11-20,11.3,118.0,KL-PAM-01
2010-11-21,37.5,143.7,KL-PAM-01
2010-11-22,12.3,163.97,KL-PAM-01
2010-11-23,4.2,171.74,KL-PAM-01
2010-11-24,14.9,173.33,KL-PAM-01
2010-11-25,37.0,248.6,KL-PAM-01
2010-11-26,22.6,275.85,KL-PAM-01
2010-11-27,2.5,259.76,KL-PAM-01
2010-11-28,22.3,242.37,KL-PAM-01
2010-11-29,3.1,228.77,KL-PAM-01
2010-11-30,0.2,213.44,KL-PAM-01
2010-12-01,20.1,219.44,KL-PAM-01
2010-12-02,29.0,236.28,KL-PAM-01
2010-12-03,11.8,237.93,KL-PAM-01
2010-12-04,2.3,231.96,KL-PAM-01
2010-12-05,0.3,221.99,KL-PAM-01
2010-12-06,0.6,207.6,KL-PAM-01
2010-12-07,3.5,193.24,KL-PAM-01
2010-12-08,55.4,194.13,KL-PAM-01
2010-12-09,2.3,198.67,KL-PAM-01
2010-12-10,3.1,189.26,KL-PAM-01
2010-12-11,3.0,176.98,KL-PAM-01
2010-12-12,1.2,167.42,KL-PAM-01
2010-12-13,0.0,156.91,KL-PAM-01
2010-12-14,0.0,146.72,KL-PAM-01
2010-12-15,0.4,137.83,KL-PAM-01
2010-12-16,7.3,129.77,KL-PAM-01
2010-12-17,0.2,123.6,KL-PAM-01
2010-12-18,0.0,117.46,KL-PAM-01
2010-12-19,0.0,111.1,KL-PAM-01
2010-12-20,0.0,104.83,KL-PAM-01
2010-12-21,1.0,99.15,KL-PAM-01
2010-12-22,0.2,95.53,KL-PAM-01
2010-12-23,0.1,90.77,KL-PAM-01
2010-12-24,0.1,86.05,KL-PAM-01
2010-12-25,0.6,81.56,KL-PAM-01
2010-12-26,0.0,77.13,KL-PAM-01
2010-12-27,0.2,73.28,KL-PAM-01
2010-12-28,0.0,69.79,KL-PAM-01
2010-12-29,0.4,66.76,KL-PAM-01
2010-12-30,8.6,65.22,KL-PAM-01
2010-12-31,5.0,64.77,KL-PAM-01
2011-01-01,1.0,65.98,KL-PAM-01
2011-01-02,0.3,64.46,KL-PAM-01
2011-01-03,1.8,63.71,KL-PAM-01
2011-01-04,0.1,62.24,KL-PAM-01
2011-01-05,1.4,60.53,KL-PAM-01
2011-01-06,0.2,58.44,KL-PAM-01
2011-01-07,1.3,56.83,KL-PAM-01
2011-01-08,0.1,57.9,KL-PAM-01
2011-01-09,0.8,57.76,KL-PAM-01
2011-01-10,2.8,56.3,KL-PAM-01
2011-01-11,0.6,48.69,KL-PAM-01
2011-01-12,0.5,44.96,KL-PAM-01
2011-01-13,0.0,42.5,KL-PAM-01
2011-01-14,0.1,39.89,KL-PAM-01
2011-01-15,0.0,37.25,KL-PAM-01
2011-01-16,0.4,34.71,KL-PAM-01
2011-01-17,0.3,32.49,KL-PAM-01
2011-01-18,0.0,30.34,KL-PAM-01
2011-01-19,0.0,28.19,KL-PAM-01
2011-01-20,0.0,26.07,KL-PAM-01
2011-01-21,0.0,24.56,KL-PAM-01
2011-01-22,0.0,23.08,KL-PAM-01
2011-01-23,0.0,21.75,KL-PAM-01
2011-01-24,0.0,20.38,KL-PAM-01
2011-01-25,0.0,19.06,KL-PAM-01
2011-01-26,0.0,17.94,KL-PAM-01
2011-01-27,0.0,16.93,KL-PAM-01
2011-01-28,0.0,15.94,KL-PAM-01
2011-01-29,0.0,14.96,KL-PAM-01
2011-01-30,0.3,14.11,KL-PAM-01
2011-01-31,0.0,18.25,KL-PAM-01
2011-02-01,0.0,20.0,KL-PAM-01
2011-02-02,0.0,19.62,KL-PAM-01
2011-02-03,0.0,19.19,KL-PAM-01
2011-02-04,0.0,19.15,KL-PAM-01
2011-02-05,0.0,18.21,KL-PAM-01
2011-02-06,0.0,17.43,KL-PAM-01
2011-02-07,0.3,16.98,KL-PAM-01
2011-02-08,0.1,16.52,KL-PAM-01
2011-02-09,2.3,16.09,KL-PAM-01
2011-02-10,1.4,16.89,KL-PAM-01
2011-02-11,0.4,17.43,KL-PAM-01
2011-02-12,0.0,17.09,KL-PAM-01
2011-02-13,0.0,16.49,KL-PAM-01
2011-02-14,0.5,15.9,KL-PAM-01
2011-02-15,0.0,15.98,KL-PAM-01
2011-02-16,0.0,15.9,KL-PAM-01
2011-02-17,0.0,15.29,KL-PAM-01
2011-02-18,0.0,15.11,KL-PAM-01
2011-02-19,0.0,14.57,KL-PAM-01
2011-02-20,0.2,14.22,KL-PAM-01
2011-02-21,4.6,14.36,KL-PAM-01
2011-02-22,24.5,15.48,KL-PAM-01
2011-02-23,4.1,18.25,KL-PAM-01
2011-02-24,11.8,21.13,KL-PAM-01
2011-02-25,2.6,24.1,KL-PAM-01
2011-02-26,4.8,27.46,KL-PAM-01
2011-02-27,6.3,30.92,KL-PAM-01
2011-02-28,0.2,32.04,KL-PAM-01
2011-03-01,0.0,30.63,KL-PAM-01
2011-03-02,0.0,28.94,KL-PAM-01
2011-03-03,0.0,27.33,KL-PAM-01
2011-03-04,0.2,26.0,KL-PAM-01
2011-03-05,0.5,24.97,KL-PAM-01
2011-03-06,0.2,23.98,KL-PAM-01
2011-03-07,0.4,22.97,KL-PAM-01
2011-03-08,0.4,21.9,KL-PAM-01
2011-03-09,0.0,21.13,KL-PAM-01
2011-03-10,0.0,20.14,KL-PAM-01
2011-03-11,0.6,19.06,KL-PAM-01
2011-03-12,1.4,18.21,KL-PAM-01
2011-03-13,3.6,19.71,KL-PAM-01
2011-03-14,1.7,23.36,KL-PAM-01
2011-03-15,1.1,24.39,KL-PAM-01
2011-03-16,1.7,23.42,KL-PAM-01
2011-03-17,0.8,22.81,KL-PAM-01
2011-03-18,0.3,21.95,KL-PAM-01
2011-03-19,0.0,20.88,KL-PAM-01
2011-03-20,0.0,19.95,KL-PAM-01
2011-03-21,0.2,19.47,KL-PAM-01
2011-03-22,0.8,19.01,KL-PAM-01
2011-03-23,4.4,18.65,KL-PAM-01
2011-03-24,1.3,19.76,KL-PAM-01
2011-03-25,4.1,22.11,KL-PAM-01
2011-03-26,2.2,24.15,KL-PAM-01
2011-03-27,8.4,27.86,KL-PAM-01
2011-03-28,3.9,34.39,KL-PAM-01
2011-03-29,7.7,42.2,KL-PAM-01
2011-03-30,2.4,47.68,KL-PAM-01
2011-03-31,2.9,49.39,KL-PAM-01
2011-04-01,5.4,50.67,KL-PAM-01
2011-04-02,5.4,55.51,KL-PAM-01
2011-04-03,7.4,60.67,KL-PAM-01
2011-04-04,0.5,62.1,KL-PAM-01
2011-04-05,0.5,62.39,KL-PAM-01
2011-04-06,1.0,64.46,KL-PAM-01
2011-04-07,0.6,65.06,KL-PAM-01
2011-04-08,0.7,63.13,KL-PAM-01
2011-04-09,1.8,65.52,KL-PAM-01
2011-04-10,6.7,65.22,KL-PAM-01
2011-04-11,6.9,64.77,KL-PAM-01
2011-04-12,5.9,65.83,KL-PAM-01
2011-04-13,10.5,66.6,KL-PAM-01
2011-04-14,5.4,67.23,KL-PAM-01
2011-04-15,5.1,66.92,KL-PAM-01
2011-04-16,4.7,67.38,KL-PAM-01
2011-04-17,8.2,66.92,KL-PAM-01
2011-04-18,18.4,69.95,KL-PAM-01
2011-04-19,13.9,75.71,KL-PAM-01
2011-04-20,5.7,80.06,KL-PAM-01
2011-04-21,17.7,84.46,KL-PAM-01
2011-04-22,27.9,91.62,KL-PAM-01
2011-04-23,42.6,105.32,KL-PAM-01
2011-04-24,13.5,118.27,KL-PAM-01
2011-04-25,3.9,118.54,KL-PAM-01
2011-04-26,8.7,118.27,KL-PAM-01
2011-04-27,6.9,116.37,KL-PAM-01
2011-04-28,8.1,113.7,KL-PAM-01
2011-04-29,1.6,113.18,KL-PAM-01
2011-04-30,4.8,108.54,KL-PAM-01
2011-05-01,7.8,105.32,KL-PAM-01
2011-05-02,6.3,102.9,KL-PAM-01
2011-05-03,13.3,101.25,KL-PAM-01
2011-05-04,14.0,101.48,KL-PAM-01
2011-05-05,11.1,101.71,KL-PAM-01
2011-05-06,7.8,98.0,KL-PAM-01
2011-05-07,3.9,95.75,KL-PAM-01
2011-05-08,0.9,92.48,KL-PAM-01
2011-05-09,4.1,87.46,KL-PAM-01
2011-05-10,6.0,82.71,KL-PAM-01
2011-05-11,1.5,78.58,KL-PAM-01
2011-05-12,0.0,74.66,KL-PAM-01
2011-05-13,1.4,71.42,KL-PAM-01
2011-05-14,3.7,69.45,KL-PAM-01
2011-05-15,2.7,68.97,KL-PAM-01
2011-05-16,6.7,69.13,KL-PAM-01
2011-05-17,8.5,72.1,KL-PAM-01
2011-05-18,5.5,74.49,KL-PAM-01
2011-05-19,3.5,76.06,KL-PAM-01
2011-05-20,9.5,75.01,KL-PAM-01
2011-05-21,9.6,73.96,KL-PAM-01
2011-05-22,10.3,74.66,KL-PAM-01
2011-05-23,10.2,73.45,KL-PAM-01
2011-05-24,3.8,71.09,KL-PAM-01
2011-05-25,12.0,68.82,KL-PAM-01
2011-05-26,7.0,70.44,KL-PAM-01
2011-05-27,18.3,71.93,KL-PAM-01
2011-05-28,20.7,76.06,KL-PAM-01
2011-05-29,28.4,82.91,KL-PAM-01
2011-05-30,16.7,91.83,KL-PAM-01
2011-05-31,38.4,98.69,KL-PAM-01
2011-06-01,74.3,227.18,KL-PAM-01
2011-06-02,34.9,277.77,KL-PAM-01
2011-06-03,16.8,253.25,KL-PAM-01
2011-06-04,9.9,228.23,KL-PAM-01
2011-06-05,13.5,209.04,KL-PAM-01
2011-06-06,17.0,195.03,KL-PAM-01
2011-06-07,6.7,187.52,KL-PAM-01
2011-06-08,10.7,178.62,KL-PAM-01
2011-06-09,6.9,168.98,KL-PAM-01
2011-06-10,4.4,160.59,KL-PAM-01
2011-06-11,7.9,155.1,KL-PAM-01
2011-06-12,8.1,149.46,KL-PAM-01
2011-06-13,12.3,144.03,KL-PAM-01
2011-06-14,27.8,147.4,KL-PAM-01
2011-06-15,9.2,154.03,KL-PAM-01
2011-06-16,12.2,150.86,KL-PAM-01
2011-06-17,14.6,152.61,KL-PAM-01
2011-06-18,5.2,157.28,KL-PAM-01
2011-06-19,2.3,152.26,KL-PAM-01
2011-06-20,5.3,144.36,KL-PAM-01
2011-06-21,4.5,136.87,KL-PAM-01
2011-06-22,4.9,129.17,KL-PAM-01
2011-06-23,5.7,122.75,KL-PAM-01
2011-06-24,8.4,116.64,KL-PAM-01
2011-06-25,13.8,112.91,KL-PAM-01
2011-06-26,8.7,111.1,KL-PAM-01
2011-06-27,7.2,108.3,KL-PAM-01
2011-06-28,4.2,106.3,KL-PAM-01
2011-06-29,2.3,102.19,KL-PAM-01
2011-06-30,14.3,96.87,KL-PAM-01
2011-07-01,8.3,94.0,KL-PAM-01
2011-07-02,1.0,92.69,KL-PAM-01
2011-07-03,3.9,88.89,KL-PAM-01
2011-07-04,18.4,84.46,KL-PAM-01
2011-07-05,49.1,124.46,KL-PAM-01
2011-07-06,19.6,139.11,KL-PAM-01
2011-07-07,7.8,132.51,KL-PAM-01
2011-07-08,11.7,123.6,KL-PAM-01
2011-07-09,3.5,115.83,KL-PAM-01
2011-07-10,8.6,108.8,KL-PAM-01
2011-07-11,26.6,103.14,KL-PAM-01
2011-07-12,31.8,104.1,KL-PAM-01
2011-07-13,9.3,110.07,KL-PAM-01
2011-07-14,12.8,110.58,KL-PAM-01
2011-07-15,12.3,118.54,KL-PAM-01
2011-07-16,33.2,153.68,KL-PAM-01
2011-07-17,36.8,176.16,KL-PAM-01
2011-07-18,21.4,179.04,KL-PAM-01
2011-07-19,13.7,176.16,KL-PAM-01
2011-07-20,11.2,168.59,KL-PAM-01
2011-07-21,9.4,159.1,KL-PAM-01
2011-07-22,9.1,150.51,KL-PAM-01
2011-07-23,10.3,142.7,KL-PAM-01
2011-07-24,11.4,135.92,KL-PAM-01
2011-07-25,21.0,131.28,KL-PAM-01
2011-07-26,13.8,132.2,KL-PAM-01
2011-07-27,19.0,134.04,KL-PAM-01
2011-07-28,11.4,136.24,KL-PAM-01
2011-07-29,18.5,137.51,KL-PAM-01
2011-07-30,3.7,136.87,KL-PAM-01
2011-07-31,4.0,131.89,KL-PAM-01
2011-08-01,2.6,126.2,KL-PAM-01
2011-08-02,12.1,119.93,KL-PAM-01
2011-08-03,9.1,116.64,KL-PAM-01
2011-08-04,13.3,117.19,KL-PAM-01
2011-08-05,24.0,121.89,KL-PAM-01
2011-08-06,35.9,130.37,KL-PAM-01
2011-08-07,23.9,136.56,KL-PAM-01
2011-08-08,22.7,138.14,KL-PAM-01
2011-08-09,24.5,136.56,KL-PAM-01
2011-08-10,18.1,134.36,KL-PAM-01
2011-08-11,24.0,129.47,KL-PAM-01
2011-08-12,17.7,127.38,KL-PAM-01
2011-08-13,3.1,123.6,KL-PAM-01
2011-08-14,2.3,118.83,KL-PAM-01
2011-08-15,12.5,113.18,KL-PAM-01
2011-08-16,16.1,110.58,KL-PAM-01
2011-08-17,11.1,110.07,KL-PAM-01
2011-08-18,9.2,108.8,KL-PAM-01
2011-08-19,9.8,107.54,KL-PAM-01
2011-08-20,46.5,139.11,KL-PAM-01
2011-08-21,12.7,155.82,KL-PAM-01
2011-08-22,28.1,151.2,KL-PAM-01
2011-08-23,35.6,149.12,KL-PAM-01
2011-08-24,20.4,148.09,KL-PAM-01
2011-08-25,6.0,145.37,KL-PAM-01
2011-08-26,9.0,139.76,KL-PAM-01
2011-08-27,6.3,134.04,KL-PAM-01
2011-08-28,5.2,129.47,KL-PAM-01
2011-08-29,6.6,125.63,KL-PAM-01
2011-08-30,20.1,123.89,KL-PAM-01
2011-08-31,47.8,168.2,KL-PAM-01
2011-09-01,24.8,190.14,KL-PAM-01
2011-09-02,30.0,214.43,KL-PAM-01
2011-09-03,13.4,216.42,KL-PAM-01
2011-09-04,9.1,200.98,KL-PAM-01
2011-09-05,16.6,186.22,KL-PAM-01
2011-09-06,15.0,174.13,KL-PAM-01
2011-09-07,7.9,164.72,KL-PAM-01
2011-09-08,15.0,155.82,KL-PAM-01
2011-09-09,20.0,149.81,KL-PAM-01
2011-09-10,33.7,148.43,KL-PAM-01
2011-09-11,28.4,154.03,KL-PAM-01
2011-09-12,33.9,163.97,KL-PAM-01
2011-09-13,37.9,182.8,KL-PAM-01
2011-09-14,39.9,195.94,KL-PAM-01
2011-09-15,9.7,198.21,KL-PAM-01
2011-09-16,7.2,195.49,KL-PAM-01
2011-09-17,2.7,187.08,KL-PAM-01
2011-09-18,1.0,176.16,KL-PAM-01
2011-09-19,5.6,165.88,KL-PAM-01
2011-09-20,23.6,157.28,KL-PAM-01
2011-09-21,12.8,154.75,KL-PAM-01
2011-09-22,1.3,150.16,KL-PAM-01
2011-09-23,0.8,143.03,KL-PAM-01
2011-09-24,1.3,134.67,KL-PAM-01
2011-09-25,2.0,127.09,KL-PAM-01
2011-09-26,0.4,119.93,KL-PAM-01
2011-09-27,0.5,113.18,KL-PAM-01
2011-09-28,0.4,106.55,KL-PAM-01
2011-09-29,0.9,100.54,KL-PAM-01
2011-09-30,0.7,95.09,KL-PAM-01
2011-10-01,0.7,90.35,KL-PAM-01
2011-10-02,0.2,85.84,KL-PAM-01
2011-10-03,0.8,81.19,KL-PAM-01
2011-10-04,0.5,76.95,KL-PAM-01
2011-10-05,0.2,73.11,KL-PAM-01
2011-10-06,0.1,69.45,KL-PAM-01
2011-10-07,2.0,66.14,KL-PAM-01
2011-10-08,0.0,63.13,KL-PAM-01
2011-10-09,0.0,59.96,KL-PAM-01
2011-10-10,0.3,56.83,KL-PAM-01
2011-10-11,0.6,54.48,KL-PAM-01
2011-10-12,5.7,52.85,KL-PAM-01
2011-10-13,3.2,52.61,KL-PAM-01
2011-10-14,1.9,53.1,KL-PAM-01
2011-10-15,7.7,53.98,KL-PAM-01
2011-10-16,7.1,54.87,KL-PAM-01
2011-10-17,2.3,56.04,KL-PAM-01
2011-10-18,0.3,55.9,KL-PAM-01
2011-10-19,0.3,54.1,KL-PAM-01
2011-10-20,0.0,53.35,KL-PAM-01
2011-10-21,9.6,54.87,KL-PAM-01
2011-10-22,7.0,58.72,KL-PAM-01
2011-10-23,6.6,60.95,KL-PAM-01
2011-10-24,14.0,64.77,KL-PAM-01
2011-10-25,10.4,73.96,KL-PAM-01
2011-10-26,3.8,80.99,KL-PAM-01
2011-10-27,5.2,82.71,KL-PAM-01
2011-10-28,6.0,81.95,KL-PAM-01
2011-10-29,18.3,85.25,KL-PAM-01
2011-10-30,31.1,105.32,KL-PAM-01
2011-10-31,21.9,127.98,KL-PAM-01
2011-11-01,26.0,149.12,KL-PAM-01
2011-11-02,14.6,157.64,KL-PAM-01
2011-11-03,6.0,152.26,KL-PAM-01
2011-11-04,3.0,144.7,KL-PAM-01
2011-11-05,10.0,137.83,KL-PAM-01
2011-11-06,10.9,138.47,KL-PAM-01
2011-11-07,16.2,142.04,KL-PAM-01
2011-11-08,0.8,142.7,KL-PAM-01
2011-11-09,0.0,135.92,KL-PAM-01
2011-11-10,0.0,127.38,KL-PAM-01
2011-11-11,0.0,119.66,KL-PAM-01
2011-11-12,0.0,112.65,KL-PAM-01
2011-11-13,0.1,106.55,KL-PAM-01
2011-11-14,1.4,100.77,KL-PAM-01
2011-11-15,0.6,95.53,KL-PAM-01
2011-11-16,0.0,90.56,KL-PAM-01
2011-11-17,0.0,85.84,KL-PAM-01
2011-11-18,3.7,81.95,KL-PAM-01
2011-11-19,0.2,78.77,KL-PAM-01
2011-11-20,0.2,75.01,KL-PAM-01
2011-11-21,1.4,71.26,KL-PAM-01
2011-11-22,0.0,69.13,KL-PAM-01
2011-11-23,0.0,66.3,KL-PAM-01
2011-11-24,0.7,63.13,KL-PAM-01
2011-11-25,8.6,61.38,KL-PAM-01
2011-11-26,20.2,61.96,KL-PAM-01
2011-11-27,38.4,66.76,KL-PAM-01
2011-11-28,16.2,75.19,KL-PAM-01
2011-11-29,1.8,77.13,KL-PAM-01
2011-11-30,5.7,75.53,KL-PAM-01
2011-12-01,1.5,75.36,KL-PAM-01
2011-12-02,1.1,73.28,KL-PAM-01
2011-12-03,1.7,70.6,KL-PAM-01
2011-12-04,1.6,68.66,KL-PAM-01
2011-12-05,0.6,67.7,KL-PAM-01
2011-12-06,0.2,65.68,KL-PAM-01
2011-12-07,0.0,62.69,KL-PAM-01
2011-12-08,0.0,59.41,KL-PAM-01
2011-12-09,0.4,56.3,KL-PAM-01
2011-12-10,0.9,53.73,KL-PAM-01
2011-12-11,1.7,51.75,KL-PAM-01
2011-12-12,0.0,50.67,KL-PAM-01
2011-12-13,0.5,49.39,KL-PAM-01
2011-12-14,0.2,47.46,KL-PAM-01
2011-12-15,0.6,45.5,KL-PAM-01
2011-12-16,0.1,43.72,KL-PAM-01
2011-12-17,0.0,41.8,KL-PAM-01
2011-12-18,0.0,39.89,KL-PAM-01
2011-12-19,0.1,38.24,KL-PAM-01
2011-12-20,0.4,37.61,KL-PAM-01
2011-12-21,0.0,36.82,KL-PAM-01
2011-12-22,0.0,35.54,KL-PAM-01
2011-12-23,0.0,34.06,KL-PAM-01
2011-12-24,0.0,32.65,KL-PAM-01
2011-12-25,0.0,31.51,KL-PAM-01
2011-12-26,1.1,30.49,KL-PAM-01
2011-12-27,0.0,29.35,KL-PAM-01
2011-12-28,0.4,28.26,KL-PAM-01
2011-12-29,0.0,27.27,KL-PAM-01
2011-12-30,15.9,26.94,KL-PAM-01
2011-12-31,28.5,33.11,KL-PAM-01
2012-01-01,0.0,42.71,KL-PAM-01
2012-01-02,0.0,44.44,KL-PAM-01
2012-01-03,0.0,42.1,KL-PAM-01
2012-01-04,0.0,39.89,KL-PAM-01
2012-01-05,0.2,38.05,KL-PAM-01
2012-01-06,0.0,36.65,KL-PAM-01
2012-01-07,0.0,35.05,KL-PAM-01
2012-01-08,2.7,33.58,KL-PAM-01
2012-01-09,2.0,32.34,KL-PAM-01
2012-01-10,1.5,31.44,KL-PAM-01
2012-01-11,0.7,24.21,KL-PAM-01
2012-01-12,0.1,20.53,KL-PAM-01
2012-01-13,0.5,19.06,KL-PAM-01
2012-01-14,0.0,17.82,KL-PAM-01
2012-01-15,0.0,16.57,KL-PAM-01
2012-01-16,0.0,15.22,KL-PAM-01
2012-01-17,0.0,13.91,KL-PAM-01
2012-01-18,0.0,12.64,KL-PAM-01
2012-01-19,2.0,11.51,KL-PAM-01
2012-01-20,0.7,10.58,KL-PAM-01
2012-01-21,0.3,10.93,KL-PAM-01
2012-01-22,0.2,11.09,KL-PAM-01
2012-01-23,0.0,10.74,KL-PAM-01
2012-01-24,0.0,10.19,KL-PAM-01
2012-01-25,0.0,9.62,KL-PAM-01
2012-01-26,0.1,9.08,KL-PAM-01
2012-01-27,0.2,8.68,KL-PAM-01
2012-01-28,0.1,8.33,KL-PAM-01
2012-01-29,1.1,7.94,KL-PAM-01
2012-01-30,0.8,7.64,KL-PAM-01
2012-01-31,0.1,12.03,KL-PAM-01
2012-02-01,0.0,14.82,KL-PAM-01
2012-02-02,0.0,15.04,KL-PAM-01
2012-02-03,0.0,14.82,KL-PAM-01
2012-02-04,0.0,14.53,KL-PAM-01
2012-02-05,0.5,14.28,KL-PAM-01
2012-02-06,0.0,14.28,KL-PAM-01
2012-02-07,0.0,14.18,KL-PAM-01
2012-02-08,0.0,13.84,KL-PAM-01
2012-02-09,1.4,13.67,KL-PAM-01
2012-02-10,5.3,14.93,KL-PAM-01
2012-02-11,10.1,16.02,KL-PAM-01
2012-02-12,0.3,16.57,KL-PAM-01
2012-02-13,0.6,16.33,KL-PAM-01
2012-02-14,0.3,15.74,KL-PAM-01
2012-02-15,0.2,15.33,KL-PAM-01
2012-02-16,0.3,14.82,KL-PAM-01
2012-02-17,0.2,14.5,KL-PAM-01
2012-02-18,0.2,14.18,KL-PAM-01
2012-02-19,0.0,13.84,KL-PAM-01
2012-02-20,0.2,13.31,KL-PAM-01
2012-02-21,0.0,13.11,KL-PAM-01
2012-02-22,0.0,13.09,KL-PAM-01
2012-02-23,0.4,12.89,KL-PAM-01
2012-02-24,0.0,12.48,KL-PAM-01
2012-02-25,0.0,12.15,KL-PAM-01
2012-02-26,0.0,11.95,KL-PAM-01
2012-02-27,0.0,11.77,KL-PAM-01
2012-02-28,0.0,11.4,KL-PAM-01
2012-02-29,0.0,11.04,KL-PAM-01
2012-03-01,0.0,11.01,KL-PAM-01
2012-03-02,0.5,11.01,KL-PAM-01
2012-03-03,0.2,11.68,KL-PAM-01
2012-03-04,0.0,11.71,KL-PAM-01
2012-03-05,0.5,11.65,KL-PAM-01
2012-03-06,0.4,12.03,KL-PAM-01
2012-03-07,4.9,12.15,KL-PAM-01
2012-03-08,1.5,12.64,KL-PAM-01
2012-03-09,0.0,12.19,KL-PAM-01
2012-03-10,0.1,12.3,KL-PAM-01
2012-03-11,1.0,12.09,KL-PAM-01
2012-03-12,2.0,12.52,KL-PAM-01
2012-03-13,4.7,13.11,KL-PAM-01
2012-03-14,5.9,13.41,KL-PAM-01
2012-03-15,3.4,13.5,KL-PAM-01
2012-03-16,7.1,14.5,KL-PAM-01
2012-03-17,0.0,14.18,KL-PAM-01
2012-03-18,3.4,13.5,KL-PAM-01
2012-03-19,1.9,14.01,KL-PAM-01
2012-03-20,0.4,14.71,KL-PAM-01
2012-03-21,2.1,15.29,KL-PAM-01
2012-03-22,4.7,16.85,KL-PAM-01
2012-03-23,0.5,18.65,KL-PAM-01
2012-03-24,0.7,18.83,KL-PAM-01
2012-03-25,0.8,17.56,KL-PAM-01
2012-03-26,0.8,17.18,KL-PAM-01
2012-03-27,0.8,16.98,KL-PAM-01
2012-03-28,1.2,16.13,KL-PAM-01
2012-03-29,12.8,18.33,KL-PAM-01
2012-03-30,0.4,21.8,KL-PAM-01
2012-03-31,3.4,23.14,KL-PAM-01
2012-04-01,5.8,24.45,KL-PAM-01
2012-04-02,3.8,24.39,KL-PAM-01
2012-04-03,0.4,23.75,KL-PAM-01
2012-04-04,7.1,24.56,KL-PAM-01
2012-04-05,4.1,25.03,KL-PAM-01
2012-04-06,9.5,26.88,KL-PAM-01
2012-04-07,3.1,28.39,KL-PAM-01
2012-04-08,7.3,36.82,KL-PAM-01
2012-04-09,5.7,44.13,KL-PAM-01
2012-04-10,3.5,47.23,KL-PAM-01
2012-04-11,2.0,48.24,KL-PAM-01
2012-04-12,8.4,48.47,KL-PAM-01
2012-04-13,1.2,48.58,KL-PAM-01
2012-04-14,1.5,48.13,KL-PAM-01
2012-04-15,6.3,47.23,KL-PAM-01
2012-04-16,3.8,46.58,KL-PAM-01
2012-04-17,5.9,46.9,KL-PAM-01
2012-04-18,5.3,47.79,KL-PAM-01
2012-04-19,2.1,48.58,KL-PAM-01
2012-04-20,4.7,49.04,KL-PAM-01
2012-04-21,12.4,50.67,KL-PAM-01
2012-04-22,5.6,57.9,KL-PAM-01
2012-04-23,7.7,66.6,KL-PAM-01
2012-04-24,34.0,75.19,KL-PAM-01
2012-04-25,22.0,85.84,KL-PAM-01
2012-04-26,13.5,92.91,KL-PAM-01
2012-04-27,15.1,94.65,KL-PAM-01
2012-04-28,5.7,95.31,KL-PAM-01
2012-04-29,6.5,92.69,KL-PAM-01
2012-04-30,2.4,89.31,KL-PAM-01
2012-05-01,2.1,86.45,KL-PAM-01
2012-05-02,2.7,83.87,KL-PAM-01
2012-05-03,12.6,81.38,KL-PAM-01
2012-05-04,86.1,83.48,KL-PAM-01
2012-05-05,104.3,109.56,KL-PAM-01
2012-05-06,0.7,118.27,KL-PAM-01
2012-05-07,0.0,111.1,KL-PAM-01
2012-05-08,0.1,102.9,KL-PAM-01
2012-05-09,5.6,96.2,KL-PAM-01
2012-05-10,5.6,91.62,KL-PAM-01
2012-05-11,25.8,89.94,KL-PAM-01
2012-05-12,11.0,93.55,KL-PAM-01
2012-05-13,2.2,93.77,KL-PAM-01
2012-05-14,1.7,90.14,KL-PAM-01
2012-05-15,5.9,86.05,KL-PAM-01
2012-05-16,2.0,83.48,KL-PAM-01
2012-05-17,2.3,80.06,KL-PAM-01
2012-05-18,2.3,76.6,KL-PAM-01
2012-05-19,6.0,73.96,KL-PAM-01
2012-05-20,4.2,72.43,KL-PAM-01
2012-05-21,14.1,70.93,KL-PAM-01
2012-05-22,0.9,71.76,KL-PAM-01
2012-05-23,13.0,70.6,KL-PAM-01
2012-05-24,1.5,70.6,KL-PAM-01
2012-05-25,5.4,68.02,KL-PAM-01
2012-05-26,4.1,65.06,KL-PAM-01
2012-05-27,3.5,65.83,KL-PAM-01
2012-05-28,3.9,65.06,KL-PAM-01
2012-05-29,2.9,62.83,KL-PAM-01
2012-05-30,6.4,60.24,KL-PAM-01
2012-05-31,8.4,58.99,KL-PAM-01
2012-06-01,6.8,59.41,KL-PAM-01
2012-06-02,10.2,58.99,KL-PAM-01
2012-06-03,14.9,58.44,KL-PAM-01
2012-06-04,22.8,57.76,KL-PAM-01
2012-06-05,23.0,58.72,KL-PAM-01
2012-06-06,20.2,60.53,KL-PAM-01
2012-06-07,13.3,63.57,KL-PAM-01
2012-06-08,3.9,65.83,KL-PAM-01
2012-06-09,5.2,64.77,KL-PAM-01
2012-06-10,3.3,62.83,KL-PAM-01
2012-06-11,3.0,60.24,KL-PAM-01
2012-06-12,15.4,57.9,KL-PAM-01
2012-06-13,50.8,74.31,KL-PAM-01
2012-06-14,41.3,90.14,KL-PAM-01
2012-06-15,23.4,95.97,KL-PAM-01
2012-06-16,30.1,99.85,KL-PAM-01
2012-06-17,34.9,123.6,KL-PAM-01
2012-06-18,15.6,140.08,KL-PAM-01
2012-06-19,10.5,142.7,KL-PAM-01
2012-06-20,3.1,140.73,KL-PAM-01
2012-06-21,5.4,136.24,KL-PAM-01
2012-06-22,3.6,130.67,KL-PAM-01
2012-06-23,3.6,126.2,KL-PAM-01
2012-06-24,2.9,120.21,KL-PAM-01
2012-06-25,5.2,114.23,KL-PAM-01
2012-06-26,14.9,108.8,KL-PAM-01
2012-06-27,12.7,106.8,KL-PAM-01
2012-06-28,17.8,103.38,KL-PAM-01
2012-06-29,19.7,101.71,KL-PAM-01
2012-06-30,7.0,98.69,KL-PAM-01
2012-07-01,19.6,96.65,KL-PAM-01
2012-07-02,18.8,110.83,KL-PAM-01
2012-07-03,8.8,123.6,KL-PAM-01
2012-07-04,2.4,126.79,KL-PAM-01
2012-07-05,3.4,122.75,KL-PAM-01
2012-07-06,3.8,116.64,KL-PAM-01
2012-07-07,8.7,111.1,KL-PAM-01
2012-07-08,16.7,106.55,KL-PAM-01
2012-07-09,44.8,110.58,KL-PAM-01
2012-07-10,27.0,119.38,KL-PAM-01
2012-07-11,7.8,120.21,KL-PAM-01
2012-07-12,9.7,115.29,KL-PAM-01
2012-07-13,3.3,109.31,KL-PAM-01
2012-07-14,14.1,103.62,KL-PAM-01
2012-07-15,4.0,99.61,KL-PAM-01
2012-07-16,2.2,94.87,KL-PAM-01
2012-07-17,4.0,90.14,KL-PAM-01
2012-07-18,3.6,87.25,KL-PAM-01
2012-07-19,2.9,83.87,KL-PAM-01
2012-07-20,5.1,80.99,KL-PAM-01
2012-07-21,4.2,79.32,KL-PAM-01
2012-07-22,8.2,77.85,KL-PAM-01
2012-07-23,7.0,76.06,KL-PAM-01
2012-07-24,7.3,74.66,KL-PAM-01
2012-07-25,4.4,72.94,KL-PAM-01
2012-07-26,2.9,71.26,KL-PAM-01
2012-07-27,2.0,68.82,KL-PAM-01
2012-07-28,2.6,65.98,KL-PAM-01
2012-07-29,2.4,63.57,KL-PAM-01
2012-07-30,1.4,61.23,KL-PAM-01
2012-07-31,3.6,58.58,KL-PAM-01
2012-08-01,1.0,56.16,KL-PAM-01
2012-08-02,3.1,53.6,KL-PAM-01
2012-08-03,4.2,52.0,KL-PAM-01
2012-08-04,6.2,51.51,KL-PAM-01
2012-08-05,7.3,51.88,KL-PAM-01
2012-08-06,4.1,51.63,KL-PAM-01
2012-08-07,8.3,50.67,KL-PAM-01
2012-08-08,30.8,50.43,KL-PAM-01
2012-08-09,22.4,54.36,KL-PAM-01
2012-08-10,12.7,60.81,KL-PAM-01
2012-08-11,28.9,66.14,KL-PAM-01
2012-08-12,25.6,73.62,KL-PAM-01
2012-08-13,12.9,78.22,KL-PAM-01
2012-08-14,18.9,76.95,KL-PAM-01
2012-08-15,21.0,76.24,KL-PAM-01
2012-08-16,26.7,78.95,KL-PAM-01
2012-08-17,27.9,93.55,KL-PAM-01
2012-08-18,7.3,107.79,KL-PAM-01
2012-08-19,3.1,108.54,KL-PAM-01
2012-08-20,3.9,102.67,KL-PAM-01
2012-08-21,1.5,96.87,KL-PAM-01
2012-08-22,2.6,91.62,KL-PAM-01
2012-08-23,3.0,91.62,KL-PAM-01
2012-08-24,17.2,90.98,KL-PAM-01
2012-08-25,26.2,93.55,KL-PAM-01
2012-08-26,27.7,99.85,KL-PAM-01
2012-08-27,8.2,103.14,KL-PAM-01
2012-08-28,8.5,101.25,KL-PAM-01
2012-08-29,27.4,111.35,KL-PAM-01
2012-08-30,24.4,131.28,KL-PAM-01
2012-08-31,32.9,151.2,KL-PAM-01
2012-09-01,16.4,158.37,KL-PAM-01
2012-09-02,12.3,155.1,KL-PAM-01
2012-09-03,11.7,148.09,KL-PAM-01
2012-09-04,5.6,144.36,KL-PAM-01
2012-09-05,2.6,139.43,KL-PAM-01
2012-09-06,5.8,131.89,KL-PAM-01
2012-09-07,11.9,125.92,KL-PAM-01
2012-09-08,12.8,120.21,KL-PAM-01
2012-09-09,15.6,116.37,KL-PAM-01
2012-09-10,7.0,113.97,KL-PAM-01
2012-09-11,2.6,109.82,KL-PAM-01
2012-09-12,6.1,105.08,KL-PAM-01
2012-09-13,9.1,100.77,KL-PAM-01
2012-09-14,13.0,97.55,KL-PAM-01
2012-09-15,14.0,95.53,KL-PAM-01
2012-09-16,2.6,94.21,KL-PAM-01
2012-09-17,1.8,90.77,KL-PAM-01
2012-09-18,1.4,86.25,KL-PAM-01
2012-09-19,1.1,82.33,KL-PAM-01
2012-09-20,1.4,78.4,KL-PAM-01
2012-09-21,0.6,74.31,KL-PAM-01
2012-09-22,1.4,70.93,KL-PAM-01
2012-09-23,0.1,67.7,KL-PAM-01
2012-09-24,0.1,64.16,KL-PAM-01
2012-09-25,0.0,60.81,KL-PAM-01
2012-09-26,1.6,57.63,KL-PAM-01
2012-09-27,2.1,54.74,KL-PAM-01
2012-09-28,2.1,52.24,KL-PAM-01
2012-09-29,5.0,50.2,KL-PAM-01
2012-09-30,2.5,48.69,KL-PAM-01
2012-10-01,1.4,47.12,KL-PAM-01
2012-10-02,4.4,45.6,KL-PAM-01
2012-10-03,2.4,43.72,KL-PAM-01
2012-10-04,3.1,41.91,KL-PAM-01
2012-10-05,0.2,40.17,KL-PAM-01
2012-10-06,0.0,38.32,KL-PAM-01
2012-10-07,2.2,37.08,KL-PAM-01
2012-10-08,4.1,38.32,KL-PAM-01
2012-10-09,1.3,39.24,KL-PAM-01
2012-10-10,14.8,38.96,KL-PAM-01
2012-10-11,1.3,41.32,KL-PAM-01
2012-10-12,5.0,43.61,KL-PAM-01
2012-10-13,14.8,45.5,KL-PAM-01
2012-10-14,22.3,63.57,KL-PAM-01
2012-10-15,7.2,72.77,KL-PAM-01
2012-10-16,19.4,73.79,KL-PAM-01
2012-10-17,19.6,78.77,KL-PAM-01
2012-10-18,6.3,86.65,KL-PAM-01
2012-10-19,30.6,130.67,KL-PAM-01
2012-10-20,27.9,224.06,KL-PAM-01
2012-10-21,12.5,231.43,KL-PAM-01
2012-10-22,8.9,205.21,KL-PAM-01
2012-10-23,11.3,190.14,KL-PAM-01
2012-10-24,15.4,184.5,KL-PAM-01
2012-10-25,0.1,181.54,KL-PAM-01
2012-10-26,4.7,171.34,KL-PAM-01
2012-10-27,4.9,160.59,KL-PAM-01
2012-10-28,15.3,152.61,KL-PAM-01
2012-10-29,7.5,149.46,KL-PAM-01
2012-10-30,4.1,147.74,KL-PAM-01
2012-10-31,8.8,142.37,KL-PAM-01
2012-11-01,8.4,138.14,KL-PAM-01
2012-11-02,4.4,136.24,KL-PAM-01
2012-11-03,2.0,130.67,KL-PAM-01
2012-11-04,0.2,123.32,KL-PAM-01
2012-11-05,0.0,116.1,KL-PAM-01
2012-11-06,0.0,109.05,KL-PAM-01
2012-11-07,10.1,103.14,KL-PAM-01
2012-11-08,4.4,104.83,KL-PAM-01
2012-11-09,1.8,107.05,KL-PAM-01
2012-11-10,1.0,105.08,KL-PAM-01
2012-11-11,1.6,100.08,KL-PAM-01
2012-11-12,3.5,96.2,KL-PAM-01
2012-11-13,0.1,93.12,KL-PAM-01
2012-11-14,0.4,88.69,KL-PAM-01
2012-11-15,0.5,84.26,KL-PAM-01
2012-11-16,0.5,80.25,KL-PAM-01
2012-11-17,0.1,76.06,KL-PAM-01
2012-11-18,0.0,71.93,KL-PAM-01
2012-11-19,0.0,68.02,KL-PAM-01
2012-11-20,0.0,64.32,KL-PAM-01
2012-11-21,0.1,61.1,KL-PAM-01
2012-11-22,2.3,58.58,KL-PAM-01
2012-11-23,2.5,57.09,KL-PAM-01
2012-11-24,38.3,105.32,KL-PAM-01
2012-11-25,1.1,125.04,KL-PAM-01
2012-11-26,0.1,109.82,KL-PAM-01
2012-11-27,0.3,95.75,KL-PAM-01
2012-11-28,0.0,86.05,KL-PAM-01
2012-11-29,0.2,78.58,KL-PAM-01
2012-11-30,0.3,72.6,KL-PAM-01
2012-12-01,0.0,67.54,KL-PAM-01
2012-12-02,0.0,63.13,KL-PAM-01
2012-12-03,0.6,59.69,KL-PAM-01
2012-12-04,0.0,59.26,KL-PAM-01
2012-12-05,0.0,57.76,KL-PAM-01
2012-12-06,0.0,54.87,KL-PAM-01
2012-12-07,0.3,52.11,KL-PAM-01
2012-12-08,0.5,49.5,KL-PAM-01
2012-12-09,0.3,47.12,KL-PAM-01
2012-12-10,0.0,44.86,KL-PAM-01
2012-12-11,0.0,42.71,KL-PAM-01
2012-12-12,0.3,40.65,KL-PAM-01
2012-12-13,0.3,38.78,KL-PAM-01
2012-12-14,0.0,37.17,KL-PAM-01
2012-12-15,0.0,35.62,KL-PAM-01
2012-12-16,0.0,33.98,KL-PAM-01
2012-12-17,0.0,32.57,KL-PAM-01
2012-12-18,0.4,31.22,KL-PAM-01
2012-12-19,0.8,30.13,KL-PAM-01
2012-12-20,0.0,29.42,KL-PAM-01
2012-12-21,0.0,28.46,KL-PAM-01
2012-12-22,0.0,27.4,KL-PAM-01
2012-12-23,0.0,26.38,KL-PAM-01
2012-12-24,0.0,25.45,KL-PAM-01
2012-12-25,0.0,24.56,KL-PAM-01
2012-12-26,9.8,24.04,KL-PAM-01
2012-12-27,12.7,25.33,KL-PAM-01
2012-12-28,1.8,29.21,KL-PAM-01
2012-12-29,2.4,31.06,KL-PAM-01
2012-12-30,3.3,30.92,KL-PAM-01
2012-12-31,2.0,30.49,KL-PAM-01
2013-01-01,0.2,29.98,KL-PAM-01
2013-01-02,0.8,29.21,KL-PAM-01
2013-01-03,0.2,28.59,KL-PAM-01
2013-01-04,0.0,27.99,KL-PAM-01
2013-01-05,0.8,27.08,KL-PAM-01
2013-01-06,2.0,26.26,KL-PAM-01
2013-01-07,1.1,25.82,KL-PAM-01
2013-01-08,7.4,25.7,KL-PAM-01
2013-01-09,1.2,26.38,KL-PAM-01
2013-01-10,0.0,26.44,KL-PAM-01
2013-01-11,0.0,16.81,KL-PAM-01
2013-01-12,0.0,11.31,KL-PAM-01
2013-01-13,0.0,9.87,KL-PAM-01
2013-01-14,0.0,9.38,KL-PAM-01
2013-01-15,0.0,9.01,KL-PAM-01
2013-01-16,0.0,8.64,KL-PAM-01
2013-01-17,0.0,8.29,KL-PAM-01
2013-01-18,0.0,7.98,KL-PAM-01
2013-01-19,0.0,7.72,KL-PAM-01
2013-01-20,0.0,7.49,KL-PAM-01
2013-01-21,0.4,7.26,KL-PAM-01
2013-01-22,0.0,7.07,KL-PAM-01
2013-01-23,0.0,6.88,KL-PAM-01
2013-01-24,0.0,6.7,KL-PAM-01
2013-01-25,0.1,6.53,KL-PAM-01
2013-01-26,0.0,6.39,KL-PAM-01
2013-01-27,0.0,6.27,KL-PAM-01
2013-01-28,0.2,6.15,KL-PAM-01
2013-01-29,0.2,6.04,KL-PAM-01
2013-01-30,0.0,5.96,KL-PAM-01
2013-01-31,0.0,9.26,KL-PAM-01
2013-02-01,0.0,11.68,KL-PAM-01
2013-02-02,0.0,12.01,KL-PAM-01
2013-02-03,0.0,11.95,KL-PAM-01
2013-02-04,0.2,12.07,KL-PAM-01
2013-02-05,0.0,11.74,KL-PAM-01
2013-02-06,3.9,11.68,KL-PAM-01
2013-02-07,4.1,11.77,KL-PAM-01
2013-02-08,0.9,11.97,KL-PAM-01
2013-02-09,0.2,12.27,KL-PAM-01
2013-02-10,0.4,12.25,KL-PAM-01
2013-02-11,0.0,12.09,KL-PAM-01
2013-02-12,0.1,12.01,KL-PAM-01
2013-02-13,2.0,12.01,KL-PAM-01
2013-02-14,4.0,13.02,KL-PAM-01
2013-02-15,6.2,13.27,KL-PAM-01
2013-02-16,0.2,12.58,KL-PAM-01
2013-02-17,4.9,12.25,KL-PAM-01
2013-02-18,2.4,12.27,KL-PAM-01
2013-02-19,24.4,13.84,KL-PAM-01
2013-02-20,0.3,15.29,KL-PAM-01
2013-02-21,0.6,15.4,KL-PAM-01
2013-02-22,0.0,14.57,KL-PAM-01
2013-02-23,0.0,13.94,KL-PAM-01
2013-02-24,0.5,13.41,KL-PAM-01
2013-02-25,0.2,13.02,KL-PAM-01
2013-02-26,0.5,12.61,KL-PAM-01
2013-02-27,0.0,12.21,KL-PAM-01
2013-02-28,0.4,11.74,KL-PAM-01
2013-03-01,0.4,11.42,KL-PAM-01
2013-03-02,0.1,11.26,KL-PAM-01
2013-03-03,0.2,11.15,KL-PAM-01
2013-03-04,0.0,10.93,KL-PAM-01
2013-03-05,10.2,12.19,KL-PAM-01
2013-03-06,5.1,12.48,KL-PAM-01
2013-03-07,3.0,11.8,KL-PAM-01
2013-03-08,10.6,12.36,KL-PAM-01
2013-03-09,12.3,13.48,KL-PAM-01
2013-03-10,3.9,14.64,KL-PAM-01
2013-03-11,2.9,15.9,KL-PAM-01
2013-03-12,1.9,15.94,KL-PAM-01
2013-03-13,2.6,15.67,KL-PAM-01
2013-03-14,1.6,15.33,KL-PAM-01
2013-03-15,0.4,14.64,KL-PAM-01
2013-03-16,10.9,15.94,KL-PAM-01
2013-03-17,2.2,16.98,KL-PAM-01
2013-03-18,3.6,17.48,KL-PAM-01
2013-03-19,1.6,17.18,KL-PAM-01
2013-03-20,0.4,16.45,KL-PAM-01
2013-03-21,1.9,16.33,KL-PAM-01
2013-03-22,0.4,16.13,KL-PAM-01
2013-03-23,1.2,15.82,KL-PAM-01
2013-03-24,0.3,15.4,KL-PAM-01
2013-03-25,5.5,16.73,KL-PAM-01
2013-03-26,7.0,19.57,KL-PAM-01
2013-03-27,0.0,21.03,KL-PAM-01
2013-03-28,3.2,21.43,KL-PAM-01
2013-03-29,1.1,21.33,KL-PAM-01
2013-03-30,0.6,21.9,KL-PAM-01
2013-03-31,0.7,21.75,KL-PAM-01
2013-04-01,1.1,22.11,KL-PAM-01
2013-04-02,0.9,22.32,KL-PAM-01
2013-04-03,2.9,23.47,KL-PAM-01
2013-04-04,0.5,23.75,KL-PAM-01
2013-04-05,0.8,24.15,KL-PAM-01
2013-04-06,1.3,24.39,KL-PAM-01
2013-04-07,0.0,25.27,KL-PAM-01
2013-04-08,0.2,25.21,KL-PAM-01
2013-04-09,8.1,30.92,KL-PAM-01
2013-04-10,4.0,36.13,KL-PAM-01
2013-04-11,2.7,37.97,KL-PAM-01
2013-04-12,1.7,38.42,KL-PAM-01
2013-04-13,1.3,44.65,KL-PAM-01
2013-04-14,5.0,52.36,KL-PAM-01
2013-04-15,17.6,53.47,KL-PAM-01
2013-04-16,0.8,53.73,KL-PAM-01
2013-04-17,1.0,52.11,KL-PAM-01
2013-04-18,0.0,50.08,KL-PAM-01
2013-04-19,0.0,48.13,KL-PAM-01
2013-04-20,0.0,46.14,KL-PAM-01
2013-04-21,0.0,44.23,KL-PAM-01
2013-04-22,0.4,42.31,KL-PAM-01
2013-04-23,8.7,41.32,KL-PAM-01
2013-04-24,2.4,43.92,KL-PAM-01
2013-04-25,9.6,49.5,KL-PAM-01
2013-04-26,2.5,52.73,KL-PAM-01
2013-04-27,3.8,53.47,KL-PAM-01
2013-04-28,4.2,54.1,KL-PAM-01
2013-04-29,3.7,53.73,KL-PAM-01
2013-04-30,14.5,53.98,KL-PAM-01
2013-05-01,4.6,58.72,KL-PAM-01
2013-05-02,6.9,62.69,KL-PAM-01
2013-05-03,11.3,68.82,KL-PAM-01
2013-05-04,2.8,76.24,KL-PAM-01
2013-05-05,1.1,76.42,KL-PAM-01
2013-05-06,16.6,77.5,KL-PAM-01
2013-05-07,6.3,82.33,KL-PAM-01
2013-05-08,8.1,83.48,KL-PAM-01
2013-05-09,3.4,81.75,KL-PAM-01
2013-05-10,3.2,79.87,KL-PAM-01
2013-05-11,2.2,77.13,KL-PAM-01
2013-05-12,1.1,73.45,KL-PAM-01
2013-05-13,19.1,70.44,KL-PAM-01
2013-05-14,3.1,72.43,KL-PAM-01
2013-05-15,2.7,70.93,KL-PAM-01
2013-05-16,0.4,67.38,KL-PAM-01
2013-05-17,0.0,63.57,KL-PAM-01
2013-05-18,0.0,60.24,KL-PAM-01
2013-05-19,0.0,57.09,KL-PAM-01
2013-05-20,2.1,54.23,KL-PAM-01
2013-05-21,6.1,52.73,KL-PAM-01
2013-05-22,9.3,52.36,KL-PAM-01
2013-05-23,8.2,51.88,KL-PAM-01
2013-05-24,11.8,52.24,KL-PAM-01
2013-05-25,22.3,53.23,KL-PAM-01
2013-05-26,12.5,56.16,KL-PAM-01
2013-05-27,13.2,58.3,KL-PAM-01
2013-05-28,22.1,59.13,KL-PAM-01
2013-05-29,2.2,58.44,KL-PAM-01
2013-05-30,13.1,56.3,KL-PAM-01
2013-05-31,44.2,61.38,KL-PAM-01
2013-06-01,12.4,72.43,KL-PAM-01
2013-06-02,23.3,79.87,KL-PAM-01
2013-06-03,40.6,104.1,KL-PAM-01
2013-06-04,11.2,118.83,KL-PAM-01
2013-06-05,11.9,116.37,KL-PAM-01
2013-06-06,40.6,123.03,KL-PAM-01
2013-06-07,26.7,142.04,KL-PAM-01
2013-06-08,38.7,186.65,KL-PAM-01
2013-06-09,9.3,196.39,KL-PAM-01
2013-06-10,7.0,183.23,KL-PAM-01
2013-06-11,29.1,206.16,KL-PAM-01
2013-06-12,31.7,262.17,KL-PAM-01
2013-06-13,13.7,276.48,KL-PAM-01
2013-06-14,7.4,264.0,KL-PAM-01
2013-06-15,16.1,266.45,KL-PAM-01
2013-06-16,15.3,281.64,KL-PAM-01
2013-06-17,13.5,290.89,KL-PAM-01
2013-06-18,24.3,308.18,KL-PAM-01
2013-06-19,46.2,355.6,KL-PAM-01
2013-06-20,23.4,380.22,KL-PAM-01
2013-06-21,44.4,409.35,KL-PAM-01
2013-06-22,52.1,469.04,KL-PAM-01
2013-06-23,14.7,458.34,KL-PAM-01
2013-06-24,11.0,423.76,KL-PAM-01
2013-06-25,15.2,399.1,KL-PAM-01
2013-06-26,10.1,379.34,KL-PAM-01
2013-06-27,14.4,360.56,KL-PAM-01
2013-06-28,8.8,340.34,KL-PAM-01
2013-06-29,8.6,319.04,KL-PAM-01
2013-06-30,26.8,298.38,KL-PAM-01
2013-07-01,14.9,287.56,KL-PAM-01
2013-07-02,14.1,276.48,KL-PAM-01
2013-07-03,6.9,270.17,KL-PAM-01
2013-07-04,8.6,261.57,KL-PAM-01
2013-07-05,2.5,250.34,KL-PAM-01
2013-07-06,3.4,236.84,KL-PAM-01
2013-07-07,20.3,224.06,KL-PAM-01
2013-07-08,33.0,219.95,KL-PAM-01
2013-07-09,20.4,221.48,KL-PAM-01
2013-07-10,25.7,227.18,KL-PAM-01
2013-07-11,34.4,230.89,KL-PAM-01
2013-07-12,11.2,227.18,KL-PAM-01
2013-07-13,4.0,216.42,KL-PAM-01
2013-07-14,4.1,204.74,KL-PAM-01
2013-07-15,7.3,194.13,KL-PAM-01
2013-07-16,10.1,185.36,KL-PAM-01
2013-07-17,11.0,179.04,KL-PAM-01
2013-07-18,11.8,174.54,KL-PAM-01
2013-07-19,24.8,175.75,KL-PAM-01
2013-07-20,17.6,180.28,KL-PAM-01
2013-07-21,16.9,179.86,KL-PAM-01
2013-07-22,17.2,185.79,KL-PAM-01
2013-07-23,11.6,191.01,KL-PAM-01
2013-07-24,11.5,203.79,KL-PAM-01
2013-07-25,7.7,215.92,KL-PAM-01
2013-07-26,7.0,216.42,KL-PAM-01
2013-07-27,3.6,208.08,KL-PAM-01
2013-07-28,12.8,195.03,KL-PAM-01
2013-07-29,0.7,182.8,KL-PAM-01
2013-07-30,2.6,171.34,KL-PAM-01
2013-07-31,2.4,162.83,KL-PAM-01
2013-08-01,8.8,158.74,KL-PAM-01
2013-08-02,6.6,158.74,KL-PAM-01
2013-08-03,21.2,159.1,KL-PAM-01
2013-08-04,62.8,262.79,KL-PAM-01
2013-08-05,39.2,368.13,KL-PAM-01
2013-08-06,15.2,346.68,KL-PAM-01
2013-08-07,4.5,305.35,KL-PAM-01
2013-08-08,2.8,272.05,KL-PAM-01
2013-08-09,6.5,248.04,KL-PAM-01
2013-08-10,2.8,230.36,KL-PAM-01
2013-08-11,5.6,215.42,KL-PAM-01
2013-08-12,3.5,204.27,KL-PAM-01
2013-08-13,3.2,191.91,KL-PAM-01
2013-08-14,0.7,180.7,KL-PAM-01
2013-08-15,2.3,169.76,KL-PAM-01
2013-08-16,5.0,159.84,KL-PAM-01
2013-08-17,6.5,151.91,KL-PAM-01
2013-08-18,13.3,146.04,KL-PAM-01
2013-08-19,0.7,143.36,KL-PAM-01
2013-08-20,12.2,136.87,KL-PAM-01
2013-08-21,12.6,132.51,KL-PAM-01
2013-08-22,2.3,127.38,KL-PAM-01
2013-08-23,1.8,120.77,KL-PAM-01
2013-08-24,2.1,114.49,KL-PAM-01
2013-08-25,2.7,108.54,KL-PAM-01
2013-08-26,1.1,103.14,KL-PAM-01
2013-08-27,1.5,98.0,KL-PAM-01
2013-08-28,2.7,93.12,KL-PAM-01
2013-08-29,2.4,89.51,KL-PAM-01
2013-08-30,0.8,87.66,KL-PAM-01
2013-08-31,0.7,86.65,KL-PAM-01
2013-09-01,6.0,88.48,KL-PAM-01
2013-09-02,10.4,90.98,KL-PAM-01
2013-09-03,2.9,90.77,KL-PAM-01
2013-09-04,10.8,87.86,KL-PAM-01
2013-09-05,10.3,85.65,KL-PAM-01
2013-09-06,27.9,92.91,KL-PAM-01
2013-09-07,23.0,105.56,KL-PAM-01
2013-09-08,40.8,113.97,KL-PAM-01
2013-09-09,13.7,120.49,KL-PAM-01
2013-09-10,10.6,122.18,KL-PAM-01
2013-09-11,21.6,119.93,KL-PAM-01
2013-09-12,17.4,124.75,KL-PAM-01
2013-09-13,24.2,135.92,KL-PAM-01
2013-09-14,11.4,143.03,KL-PAM-01
2013-09-15,8.7,144.36,KL-PAM-01
2013-09-16,31.8,149.81,KL-PAM-01
2013-09-17,25.4,191.91,KL-PAM-01
2013-09-18,9.0,210.5,KL-PAM-01
2013-09-19,9.2,206.64,KL-PAM-01
2013-09-20,6.7,204.74,KL-PAM-01
2013-09-21,4.2,201.92,KL-PAM-01
2013-09-22,4.1,191.91,KL-PAM-01
2013-09-23,1.7,180.7,KL-PAM-01
2013-09-24,1.3,169.37,KL-PAM-01
2013-09-25,0.3,158.74,KL-PAM-01
2013-09-26,0.5,149.46,KL-PAM-01
2013-09-27,1.5,140.08,KL-PAM-01
2013-09-28,3.7,131.59,KL-PAM-01
2013-09-29,2.4,124.46,KL-PAM-01
2013-09-30,6.7,118.0,KL-PAM-01
2013-10-01,1.7,113.44,KL-PAM-01
2013-10-02,1.8,108.3,KL-PAM-01
2013-10-03,2.3,102.9,KL-PAM-01
2013-10-04,0.9,98.46,KL-PAM-01
2013-10-05,0.0,93.12,KL-PAM-01
2013-10-06,1.5,87.86,KL-PAM-01
2013-10-07,8.8,83.68,KL-PAM-01
2013-10-08,11.7,80.62,KL-PAM-01
2013-10-09,10.5,79.87,KL-PAM-01
2013-10-10,4.0,79.13,KL-PAM-01
2013-10-11,5.8,76.6,KL-PAM-01
2013-10-12,3.9,73.62,KL-PAM-01
2013-10-13,1.8,70.76,KL-PAM-01
2013-10-14,0.7,68.02,KL-PAM-01
2013-10-15,0.5,64.77,KL-PAM-01
2013-10-16,18.3,62.24,KL-PAM-01
2013-10-17,15.4,67.54,KL-PAM-01
2013-10-18,20.7,313.2,KL-PAM-01
2013-10-19,30.8,291.56,KL-PAM-01
2013-10-20,27.6,226.66,KL-PAM-01
2013-10-21,7.1,194.13,KL-PAM-01
2013-10-22,8.2,172.93,KL-PAM-01
2013-10-23,1.9,158.74,KL-PAM-01
2013-10-24,1.6,146.72,KL-PAM-01
2013-10-25,3.6,135.6,KL-PAM-01
2013-10-26,0.5,126.79,KL-PAM-01
2013-10-27,0.0,118.54,KL-PAM-01
2013-10-28,0.3,110.58,KL-PAM-01
2013-10-29,0.0,103.62,KL-PAM-01
2013-10-30,3.2,97.77,KL-PAM-01
2013-10-31,11.8,97.32,KL-PAM-01
2013-11-01,1.4,103.38,KL-PAM-01
2013-11-02,12.4,101.95,KL-PAM-01
2013-11-03,1.5,100.3,KL-PAM-01
2013-11-04,3.9,97.77,KL-PAM-01
2013-11-05,0.2,94.0,KL-PAM-01
2013-11-06,3.8,89.31,KL-PAM-01
2013-11-07,2.1,85.84,KL-PAM-01
2013-11-08,1.7,81.95,KL-PAM-01
2013-11-09,0.1,78.77,KL-PAM-01
2013-11-10,1.9,74.84,KL-PAM-01
2013-11-11,2.6,71.42,KL-PAM-01
2013-11-12,42.5,70.11,KL-PAM-01
2013-11-13,12.4,72.94,KL-PAM-01
2013-11-14,2.6,76.95,KL-PAM-01
2013-11-15,1.2,76.77,KL-PAM-01
2013-11-16,1.7,74.31,KL-PAM-01
2013-11-17,3.6,75.53,KL-PAM-01
2013-11-18,7.0,76.24,KL-PAM-01
2013-11-19,2.3,79.5,KL-PAM-01
2013-11-20,2.4,85.84,KL-PAM-01
2013-11-21,0.6,86.65,KL-PAM-01
2013-11-22,2.6,87.25,KL-PAM-01
2013-11-23,9.2,89.1,KL-PAM-01
2013-11-24,9.6,93.55,KL-PAM-01
2013-11-25,8.6,96.65,KL-PAM-01
2013-11-26,3.2,100.54,KL-PAM-01
2013-11-27,1.3,99.15,KL-PAM-01
2013-11-28,1.1,99.15,KL-PAM-01
2013-11-29,1.0,96.87,KL-PAM-01
2013-11-30,5.2,92.26,KL-PAM-01
2013-12-01,14.1,90.35,KL-PAM-01
2013-12-02,12.0,95.09,KL-PAM-01
2013-12-03,0.4,97.55,KL-PAM-01
2013-12-04,3.3,95.75,KL-PAM-01
2013-12-05,0.8,92.48,KL-PAM-01
2013-12-06,0.0,90.14,KL-PAM-01
2013-12-07,0.1,86.05,KL-PAM-01
2013-12-08,1.2,81.75,KL-PAM-01
2013-12-09,0.6,77.85,KL-PAM-01
2013-12-10,0.6,74.14,KL-PAM-01
2013-12-11,0.5,71.26,KL-PAM-01
2013-12-12,7.1,68.82,KL-PAM-01
2013-12-13,2.5,71.93,KL-PAM-01
2013-12-14,0.1,72.94,KL-PAM-01
2013-12-15,0.2,70.11,KL-PAM-01
2013-12-16,0.9,67.23,KL-PAM-01
2013-12-17,0.0,64.01,KL-PAM-01
2013-12-18,0.0,60.67,KL-PAM-01
2013-12-19,0.0,57.5,KL-PAM-01
2013-12-20,0.0,54.74,KL-PAM-01
2013-12-21,0.0,52.0,KL-PAM-01
2013-12-22,0.0,49.39,KL-PAM-01
2013-12-23,0.0,46.9,KL-PAM-01
2013-12-24,0.0,44.65,KL-PAM-01
2013-12-25,0.0,42.5,KL-PAM-01
2013-12-26,0.0,40.45,KL-PAM-01
2013-12-27,0.0,38.6,KL-PAM-01
2013-12-28,0.0,36.91,KL-PAM-01
2013-12-29,0.0,35.21,KL-PAM-01
2013-12-30,0.0,33.66,KL-PAM-01
2013-12-31,0.0,32.18,KL-PAM-01
2014-01-01,0.0,30.85,KL-PAM-01
2014-01-02,0.0,29.63,KL-PAM-01
2014-01-03,0.0,28.46,KL-PAM-01
2014-01-04,0.0,27.33,KL-PAM-01
2014-01-05,0.6,26.63,KL-PAM-01
2014-01-06,0.5,26.63,KL-PAM-01
2014-01-07,1.3,26.69,KL-PAM-01
2014-01-08,0.7,27.01,KL-PAM-01
2014-01-09,0.9,27.21,KL-PAM-01
2014-01-10,0.0,26.56,KL-PAM-01
2014-01-11,0.0,16.06,KL-PAM-01
2014-01-12,0.0,10.24,KL-PAM-01
2014-01-13,0.0,9.45,KL-PAM-01
2014-01-14,0.4,9.15,KL-PAM-01
2014-01-15,0.0,8.76,KL-PAM-01
2014-01-16,0.0,8.42,KL-PAM-01
2014-01-17,6.5,8.14,KL-PAM-01
2014-01-18,0.0,8.0,KL-PAM-01
2014-01-19,0.0,7.78,KL-PAM-01
2014-01-20,1.3,7.55,KL-PAM-01
2014-01-21,0.0,7.35,KL-PAM-01
2014-01-22,0.0,7.09,KL-PAM-01
2014-01-23,0.0,6.88,KL-PAM-01
2014-01-24,0.0,6.68,KL-PAM-01
2014-01-25,0.0,6.53,KL-PAM-01
2014-01-26,0.0,6.39,KL-PAM-01
2014-01-27,0.0,6.27,KL-PAM-01
2014-01-28,0.3,6.13,KL-PAM-01
2014-01-29,0.0,6.02,KL-PAM-01
2014-01-30,0.0,5.91,KL-PAM-01
2014-01-31,0.0,9.15,KL-PAM-01
2014-02-01,0.0,11.48,KL-PAM-01
2014-02-02,0.0,11.95,KL-PAM-01
2014-02-03,0.0,11.89,KL-PAM-01
2014-02-04,0.0,11.8,KL-PAM-01
2014-02-05,0.0,11.77,KL-PAM-01
2014-02-06,0.0,11.51,KL-PAM-01
2014-02-07,0.0,11.46,KL-PAM-01
2014-02-08,0.0,11.46,KL-PAM-01
2014-02-09,0.0,11.46,KL-PAM-01
2014-02-10,0.3,11.06,KL-PAM-01
2014-02-11,0.2,10.63,KL-PAM-01
2014-02-12,0.3,10.68,KL-PAM-01
2014-02-13,0.1,10.58,KL-PAM-01
2014-02-14,1.8,11.06,KL-PAM-01
2014-02-15,2.4,11.68,KL-PAM-01
2014-02-16,0.9,11.91,KL-PAM-01
2014-02-17,0.0,11.42,KL-PAM-01
2014-02-18,1.9,11.8,KL-PAM-01
2014-02-19,0.3,12.13,KL-PAM-01
2014-02-20,3.4,11.51,KL-PAM-01
2014-02-21,9.5,11.71,KL-PAM-01
2014-02-22,6.3,12.15,KL-PAM-01
2014-02-23,0.2,12.42,KL-PAM-01
2014-02-24,0.0,11.97,KL-PAM-01
2014-02-25,0.5,11.42,KL-PAM-01
2014-02-26,0.0,11.06,KL-PAM-01
2014-02-27,1.0,10.87,KL-PAM-01
2014-02-28,0.3,10.71,KL-PAM-01
2014-03-01,4.9,10.77,KL-PAM-01
2014-03-02,3.9,11.65,KL-PAM-01
2014-03-03,1.5,12.15,KL-PAM-01
2014-03-04,2.0,12.09,KL-PAM-01
2014-03-05,1.7,12.13,KL-PAM-01
2014-03-06,3.0,12.01,KL-PAM-01
2014-03-07,1.2,11.77,KL-PAM-01
2014-03-08,0.3,11.4,KL-PAM-01
2014-03-09,0.0,11.37,KL-PAM-01
2014-03-10,0.2,11.4,KL-PAM-01
2014-03-11,0.0,10.74,KL-PAM-01
2014-03-12,0.0,10.19,KL-PAM-01
2014-03-13,0.0,9.89,KL-PAM-01
2014-03-14,0.0,9.67,KL-PAM-01
2014-03-15,0.0,9.62,KL-PAM-01
2014-03-16,0.0,9.6,KL-PAM-01
2014-03-17,0.0,9.43,KL-PAM-01
2014-03-18,0.3,9.48,KL-PAM-01
2014-03-19,0.8,9.62,KL-PAM-01
2014-03-20,9.9,11.4,KL-PAM-01
2014-03-21,4.0,12.03,KL-PAM-01
2014-03-22,0.4,11.54,KL-PAM-01
2014-03-23,0.4,11.23,KL-PAM-01
2014-03-24,1.4,10.84,KL-PAM-01
2014-03-25,0.0,10.27,KL-PAM-01
2014-03-26,0.0,9.92,KL-PAM-01
2014-03-27,0.0,9.67,KL-PAM-01
2014-03-28,0.0,9.48,KL-PAM-01
2014-03-29,0.0,9.13,KL-PAM-01
2014-03-30,0.9,9.01,KL-PAM-01
2014-03-31,2.4,9.01,KL-PAM-01
2014-04-01,2.7,9.26,KL-PAM-01
2014-04-02,1.7,9.33,KL-PAM-01
2014-04-03,2.5,9.38,KL-PAM-01
2014-04-04,2.0,9.62,KL-PAM-01
2014-04-05,3.4,9.77,KL-PAM-01
2014-04-06,6.5,11.54,KL-PAM-01
2014-04-07,4.6,12.8,KL-PAM-01
2014-04-08,9.4,14.18,KL-PAM-01
2014-04-09,6.7,17.6,KL-PAM-01
2014-04-10,5.1,19.57,KL-PAM-01
2014-04-11,1.8,21.33,KL-PAM-01
2014-04-12,11.3,49.04,KL-PAM-01
2014-04-13,1.4,56.96,KL-PAM-01
2014-04-14,11.6,50.2,KL-PAM-01
2014-04-15,2.7,48.92,KL-PAM-01
2014-04-16,8.4,47.9,KL-PAM-01
2014-04-17,3.2,47.9,KL-PAM-01
2014-04-18,2.7,49.74,KL-PAM-01
2014-04-19,2.4,51.51,KL-PAM-01
2014-04-20,2.1,52.61,KL-PAM-01
2014-04-21,4.8,52.11,KL-PAM-01
2014-04-22,3.5,51.27,KL-PAM-01
2014-04-23,9.7,50.79,KL-PAM-01
2014-04-24,7.4,51.75,KL-PAM-01
2014-04-25,3.0,53.98,KL-PAM-01
2014-04-26,2.6,54.74,KL-PAM-01
2014-04-27,7.2,56.16,KL-PAM-01
2014-04-28,4.4,57.9,KL-PAM-01
2014-04-29,3.8,58.58,KL-PAM-01
2014-04-30,7.5,58.44,KL-PAM-01
2014-05-01,3.2,59.41,KL-PAM-01
2014-05-02,10.4,59.41,KL-PAM-01
2014-05-03,17.3,66.3,KL-PAM-01
2014-05-04,29.9,86.45,KL-PAM-01
2014-05-05,18.4,107.54,KL-PAM-01
2014-05-06,49.4,133.12,KL-PAM-01
2014-05-07,58.3,172.53,KL-PAM-01
2014-05-08,20.0,182.8,KL-PAM-01
2014-05-09,5.7,176.16,KL-PAM-01
2014-05-10,3.2,161.71,KL-PAM-01
2014-05-11,1.0,149.46,KL-PAM-01
2014-05-12,3.4,139.76,KL-PAM-01
2014-05-13,6.5,134.04,KL-PAM-01
2014-05-14,1.0,130.07,KL-PAM-01
2014-05-15,0.9,123.6,KL-PAM-01
2014-05-16,0.4,116.1,KL-PAM-01
2014-05-17,0.8,108.54,KL-PAM-01
2014-05-18,1.5,101.95,KL-PAM-01
2014-05-19,5.3,95.97,KL-PAM-01
2014-05-20,4.9,91.62,KL-PAM-01
2014-05-21,3.4,88.69,KL-PAM-01
2014-05-22,9.7,86.05,KL-PAM-01
2014-05-23,4.4,83.68,KL-PAM-01
2014-05-24,17.7,81.19,KL-PAM-01
2014-05-25,7.0,84.26,KL-PAM-01
2014-05-26,0.9,82.91,KL-PAM-01
2014-05-27,2.8,78.77,KL-PAM-01
2014-05-28,6.4,74.49,KL-PAM-01
2014-05-29,13.8,73.45,KL-PAM-01
2014-05-30,15.8,74.84,KL-PAM-01
2014-05-31,6.2,76.95,KL-PAM-01
2014-06-01,7.9,77.31,KL-PAM-01
2014-06-02,12.2,81.38,KL-PAM-01
2014-06-03,13.1,90.98,KL-PAM-01
2014-06-04,18.9,94.65,KL-PAM-01
2014-06-05,42.8,96.42,KL-PAM-01
2014-06-06,20.8,104.1,KL-PAM-01
2014-06-07,24.5,114.23,KL-PAM-01
2014-06-08,16.5,121.05,KL-PAM-01
2014-06-09,9.5,120.49,KL-PAM-01
2014-06-10,18.8,121.05,KL-PAM-01
2014-06-11,16.1,124.46,KL-PAM-01
2014-06-12,21.4,123.89,KL-PAM-01
2014-06-13,6.5,125.04,KL-PAM-01
2014-06-14,1.5,120.49,KL-PAM-01
2014-06-15,2.6,113.97,KL-PAM-01
2014-06-16,5.8,107.54,KL-PAM-01
2014-06-17,7.5,103.38,KL-PAM-01
2014-06-18,4.1,103.38,KL-PAM-01
2014-06-19,10.9,103.14,KL-PAM-01
2014-06-20,15.0,104.83,KL-PAM-01
2014-06-21,6.4,108.04,KL-PAM-01
2014-06-22,4.6,106.3,KL-PAM-01
2014-06-23,5.1,101.48,KL-PAM-01
2014-06-24,4.3,97.1,KL-PAM-01
2014-06-25,4.7,94.0,KL-PAM-01
2014-06-26,4.7,90.56,KL-PAM-01
2014-06-27,4.2,86.65,KL-PAM-01
2014-06-28,2.9,82.71,KL-PAM-01
2014-06-29,6.2,79.32,KL-PAM-01
2014-06-30,38.3,77.67,KL-PAM-01
2014-07-01,22.1,81.19,KL-PAM-01
2014-07-02,2.1,84.86,KL-PAM-01
2014-07-03,7.0,82.91,KL-PAM-01
2014-07-04,13.8,79.13,KL-PAM-01
2014-07-05,10.8,77.85,KL-PAM-01
2014-07-06,15.0,80.43,KL-PAM-01
2014-07-07,20.6,80.62,KL-PAM-01
2014-07-08,8.5,80.43,KL-PAM-01
2014-07-09,14.3,81.38,KL-PAM-01
2014-07-10,21.8,84.46,KL-PAM-01
2014-07-11,4.6,90.77,KL-PAM-01
2014-07-12,9.8,95.53,KL-PAM-01
2014-07-13,9.6,106.55,KL-PAM-01
2014-07-14,22.1,128.27,KL-PAM-01
2014-07-15,20.3,144.36,KL-PAM-01
2014-07-16,3.1,148.43,KL-PAM-01
2014-07-17,3.4,142.7,KL-PAM-01
2014-07-18,8.3,133.74,KL-PAM-01
2014-07-19,7.0,128.87,KL-PAM-01
2014-07-20,6.8,125.33,KL-PAM-01
2014-07-21,4.4,122.75,KL-PAM-01
2014-07-22,6.4,119.66,KL-PAM-01
2014-07-23,10.6,118.27,KL-PAM-01
2014-07-24,4.2,115.29,KL-PAM-01
2014-07-25,3.0,111.1,KL-PAM-01
2014-07-26,19.0,106.3,KL-PAM-01
2014-07-27,24.2,104.35,KL-PAM-01
2014-07-28,8.0,103.62,KL-PAM-01
2014-07-29,2.7,102.9,KL-PAM-01
2014-07-30,4.1,100.77,KL-PAM-01
2014-07-31,25.1,99.15,KL-PAM-01
2014-08-01,40.7,117.46,KL-PAM-01
2014-08-02,9.4,131.59,KL-PAM-01
2014-08-03,17.1,128.87,KL-PAM-01
2014-08-04,5.3,127.38,KL-PAM-01
2014-08-05,13.4,123.89,KL-PAM-01
2014-08-06,6.5,120.77,KL-PAM-01
2014-08-07,10.2,115.83,KL-PAM-01
2014-08-08,36.8,116.1,KL-PAM-01
2014-08-09,7.8,122.18,KL-PAM-01
2014-08-10,14.2,118.83,KL-PAM-01
2014-08-11,36.4,115.29,KL-PAM-01
2014-08-12,15.6,118.54,KL-PAM-01
2014-08-13,6.0,119.1,KL-PAM-01
2014-08-14,14.3,115.03,KL-PAM-01
2014-08-15,6.1,113.18,KL-PAM-01
2014-08-16,5.7,110.32,KL-PAM-01
2014-08-17,9.7,108.3,KL-PAM-01
2014-08-18,19.0,108.04,KL-PAM-01
2014-08-19,14.7,113.7,KL-PAM-01
2014-08-20,6.1,116.91,KL-PAM-01
2014-08-21,9.0,116.91,KL-PAM-01
2014-08-22,19.1,127.98,KL-PAM-01
2014-08-23,17.1,139.43,KL-PAM-01
2014-08-24,2.5,143.03,KL-PAM-01
2014-08-25,3.8,137.18,KL-PAM-01
2014-08-26,3.5,129.47,KL-PAM-01
2014-08-27,2.8,123.6,KL-PAM-01
2014-08-28,16.5,119.1,KL-PAM-01
2014-08-29,21.6,125.63,KL-PAM-01
2014-08-30,23.4,143.03,KL-PAM-01
2014-08-31,14.7,152.26,KL-PAM-01
2014-09-01,15.2,154.03,KL-PAM-01
2014-09-02,57.9,177.8,KL-PAM-01
2014-09-03,87.8,231.43,KL-PAM-01
2014-09-04,9.6,237.93,KL-PAM-01
2014-09-05,18.7,217.42,KL-PAM-01
2014-09-06,9.4,201.45,KL-PAM-01
2014-09-07,4.0,187.52,KL-PAM-01
2014-09-08,7.1,176.16,KL-PAM-01
2014-09-09,4.4,166.64,KL-PAM-01
2014-09-10,1.3,157.28,KL-PAM-01
2014-09-11,2.2,148.78,KL-PAM-01
2014-09-12,6.0,139.76,KL-PAM-01
2014-09-13,5.9,131.59,KL-PAM-01
2014-09-14,14.6,127.38,KL-PAM-01
2014-09-15,12.1,126.5,KL-PAM-01
2014-09-16,4.9,123.32,KL-PAM-01
2014-09-17,4.2,117.46,KL-PAM-01
2014-09-18,3.9,111.61,KL-PAM-01
2014-09-19,2.9,106.3,KL-PAM-01
2014-09-20,3.2,100.77,KL-PAM-01
2014-09-21,2.1,95.53,KL-PAM-01
2014-09-22,3.1,90.98,KL-PAM-01
2014-09-23,4.9,89.94,KL-PAM-01
2014-09-24,4.2,90.14,KL-PAM-01
2014-09-25,18.3,196.85,KL-PAM-01
2014-09-26,7.8,252.08,KL-PAM-01
2014-09-27,13.1,223.54,KL-PAM-01
2014-09-28,6.1,195.49,KL-PAM-01
2014-09-29,7.5,179.86,KL-PAM-01
2014-09-30,7.9,174.13,KL-PAM-01
2014-10-01,3.2,170.15,KL-PAM-01
2014-10-02,5.3,168.2,KL-PAM-01
2014-10-03,9.6,162.46,KL-PAM-01
2014-10-04,12.1,158.37,KL-PAM-01
2014-10-05,6.0,156.55,KL-PAM-01
2014-10-06,15.3,152.96,KL-PAM-01
2014-10-07,26.5,148.78,KL-PAM-01
2014-10-08,4.2,145.7,KL-PAM-01
2014-10-09,2.3,140.08,KL-PAM-01
2014-10-10,2.4,134.99,KL-PAM-01
2014-10-11,1.6,129.47,KL-PAM-01
2014-10-12,4.3,123.6,KL-PAM-01
2014-10-13,11.2,118.83,KL-PAM-01
2014-10-14,15.0,117.73,KL-PAM-01
2014-10-15,7.9,128.87,KL-PAM-01
2014-10-16,3.9,139.43,KL-PAM-01
2014-10-17,15.0,152.61,KL-PAM-01
2014-10-18,32.0,174.94,KL-PAM-01
2014-10-19,23.1,184.08,KL-PAM-01
2014-10-20,16.7,180.7,KL-PAM-01
2014-10-21,9.1,180.7,KL-PAM-01
2014-10-22,10.1,181.12,KL-PAM-01
2014-10-23,15.2,180.7,KL-PAM-01
2014-10-24,6.9,183.23,KL-PAM-01
2014-10-25,3.5,183.65,KL-PAM-01
2014-10-26,8.3,177.38,KL-PAM-01
2014-10-27,8.3,175.35,KL-PAM-01
2014-10-28,3.5,179.04,KL-PAM-01
2014-10-29,10.0,187.52,KL-PAM-01
2014-10-30,11.2,205.69,KL-PAM-01
2014-10-31,15.2,211.96,KL-PAM-01
2014-11-01,7.3,206.64,KL-PAM-01
2014-11-02,2.0,201.45,KL-PAM-01
2014-11-03,30.5,217.92,KL-PAM-01
2014-11-04,8.0,226.14,KL-PAM-01
2014-11-05,1.5,214.93,KL-PAM-01
2014-11-06,1.7,200.06,KL-PAM-01
2014-11-07,0.3,187.08,KL-PAM-01
2014-11-08,0.6,174.94,KL-PAM-01
2014-11-09,1.0,163.97,KL-PAM-01
2014-11-10,1.9,154.03,KL-PAM-01
2014-11-11,9.5,146.04,KL-PAM-01
2014-11-12,6.9,145.37,KL-PAM-01
2014-11-13,2.4,149.81,KL-PAM-01
2014-11-14,26.0,148.09,KL-PAM-01
2014-11-15,1.5,145.03,KL-PAM-01
2014-11-16,2.1,138.14,KL-PAM-01
2014-11-17,2.7,130.67,KL-PAM-01
2014-11-18,0.4,123.6,KL-PAM-01
2014-11-19,1.8,116.91,KL-PAM-01
2014-11-20,14.5,110.83,KL-PAM-01
2014-11-21,7.0,110.58,KL-PAM-01
2014-11-22,21.4,111.87,KL-PAM-01
2014-11-23,8.1,115.56,KL-PAM-01
2014-11-24,5.6,113.97,KL-PAM-01
2014-11-25,0.2,111.1,KL-PAM-01
2014-11-26,1.6,105.81,KL-PAM-01
2014-11-27,14.9,101.25,KL-PAM-01
2014-11-28,16.2,105.08,KL-PAM-01
2014-11-29,2.1,111.61,KL-PAM-01
2014-11-30,1.6,116.37,KL-PAM-01
2014-12-01,1.9,116.1,KL-PAM-01
2014-12-02,2.1,111.35,KL-PAM-01
2014-12-03,0.3,106.05,KL-PAM-01
2014-12-04,0.1,101.01,KL-PAM-01
2014-12-05,0.0,95.75,KL-PAM-01
2014-12-06,0.0,90.35,KL-PAM-01
2014-12-07,0.0,85.25,KL-PAM-01
2014-12-08,5.0,80.81,KL-PAM-01
2014-12-09,5.0,80.62,KL-PAM-01
2014-12-10,20.8,85.05,KL-PAM-01
2014-12-11,6.2,91.19,KL-PAM-01
2014-12-12,1.9,91.19,KL-PAM-01
2014-12-13,8.3,91.62,KL-PAM-01
2014-12-14,1.4,93.77,KL-PAM-01
2014-12-15,0.0,91.83,KL-PAM-01
2014-12-16,5.5,88.07,KL-PAM-01
2014-12-17,10.2,87.86,KL-PAM-01
2014-12-18,4.9,89.31,KL-PAM-01
2014-12-19,3.2,87.86,KL-PAM-01
2014-12-20,0.0,84.65,KL-PAM-01
2014-12-21,0.1,80.62,KL-PAM-01
2014-12-22,0.0,76.77,KL-PAM-01
2014-12-23,0.9,72.77,KL-PAM-01
2014-12-24,0.6,69.29,KL-PAM-01
2014-12-25,1.8,66.45,KL-PAM-01
2014-12-26,0.0,64.16,KL-PAM-01
2014-12-27,0.0,61.38,KL-PAM-01
2014-12-28,3.7,58.86,KL-PAM-01
2014-12-29,1.8,58.44,KL-PAM-01
2014-12-30,0.7,58.03,KL-PAM-01
2014-12-31,3.2,55.9,KL-PAM-01
2015-01-01,0.0,54.61,KL-PAM-01
2015-01-02,0.0,53.23,KL-PAM-01
2015-01-03,0.0,50.79,KL-PAM-01
2015-01-04,0.2,48.24,KL-PAM-01
2015-01-05,0.0,45.92,KL-PAM-01
2015-01-06,0.2,43.72,KL-PAM-01
2015-01-07,1.1,41.91,KL-PAM-01
2015-01-08,1.0,40.74,KL-PAM-01
2015-01-09,1.1,40.17,KL-PAM-01
2015-01-10,0.2,39.98,KL-PAM-01
2015-01-11,0.0,32.34,KL-PAM-01
2015-01-12,0.0,27.99,KL-PAM-01
2015-01-13,0.0,25.76,KL-PAM-01
2015-01-14,0.5,23.87,KL-PAM-01
2015-01-15,0.1,22.16,KL-PAM-01
2015-01-16,0.0,20.53,KL-PAM-01
2015-01-17,0.0,18.96,KL-PAM-01
2015-01-18,0.0,17.52,KL-PAM-01
2015-01-19,0.0,16.09,KL-PAM-01
2015-01-20,0.0,14.71,KL-PAM-01
2015-01-21,1.2,14.22,KL-PAM-01
2015-01-22,0.0,13.91,KL-PAM-01
2015-01-23,0.1,13.31,KL-PAM-01
2015-01-24,0.0,12.58,KL-PAM-01
2015-01-25,0.0,11.91,KL-PAM-01
2015-01-26,0.0,11.2,KL-PAM-01
2015-01-27,0.0,10.56,KL-PAM-01
2015-01-28,0.0,10.01,KL-PAM-01
2015-01-29,0.0,9.45,KL-PAM-01
2015-01-30,0.0,9.01,KL-PAM-01
2015-01-31,0.0,13.25,KL-PAM-01
2015-02-01,0.0,15.67,KL-PAM-01
2015-02-02,0.0,15.74,KL-PAM-01
2015-02-03,0.0,15.45,KL-PAM-01
2015-02-04,0.0,15.29,KL-PAM-01
2015-02-05,1.5,15.04,KL-PAM-01
2015-02-06,0.2,14.57,KL-PAM-01
2015-02-07,0.6,14.22,KL-PAM-01
2015-02-08,0.0,14.22,KL-PAM-01
2015-02-09,0.0,14.08,KL-PAM-01
2015-02-10,1.0,14.08,KL-PAM-01
2015-02-11,0.5,13.71,KL-PAM-01
2015-02-12,0.5,13.21,KL-PAM-01
2015-02-13,2.3,13.25,KL-PAM-01
2015-02-14,1.0,13.11,KL-PAM-01
2015-02-15,1.3,13.11,KL-PAM-01
2015-02-16,0.1,13.02,KL-PAM-01
2015-02-17,0.9,12.89,KL-PAM-01
2015-02-18,1.0,12.98,KL-PAM-01
2015-02-19,1.1,12.83,KL-PAM-01
2015-02-20,0.0,12.33,KL-PAM-01
2015-02-21,0.0,12.03,KL-PAM-01
2015-02-22,0.0,11.83,KL-PAM-01
2015-02-23,0.0,11.57,KL-PAM-01
2015-02-24,0.0,11.4,KL-PAM-01
2015-02-25,0.0,11.37,KL-PAM-01
2015-02-26,2.1,11.37,KL-PAM-01
2015-02-27,0.5,11.68,KL-PAM-01
2015-02-28,5.1,12.67,KL-PAM-01
2015-03-01,1.3,13.57,KL-PAM-01
2015-03-02,1.5,13.91,KL-PAM-01
2015-03-03,2.8,14.46,KL-PAM-01
2015-03-04,3.5,15.52,KL-PAM-01
2015-03-05,4.5,16.29,KL-PAM-01
2015-03-06,18.3,17.6,KL-PAM-01
2015-03-07,8.9,18.56,KL-PAM-01
2015-03-08,3.1,18.83,KL-PAM-01
2015-03-09,4.8,18.83,KL-PAM-01
2015-03-10,1.4,18.65,KL-PAM-01
2015-03-11,0.2,18.07,KL-PAM-01
2015-03-12,3.3,17.48,KL-PAM-01
2015-03-13,3.6,17.06,KL-PAM-01
2015-03-14,12.3,18.29,KL-PAM-01
2015-03-15,2.7,19.95,KL-PAM-01
2015-03-16,10.6,22.27,KL-PAM-01
2015-03-17,1.1,23.14,KL-PAM-01
2015-03-18,0.9,22.54,KL-PAM-01
2015-03-19,0.3,21.54,KL-PAM-01
2015-03-20,0.0,20.48,KL-PAM-01
2015-03-21,0.0,19.47,KL-PAM-01
2015-03-22,0.3,18.51,KL-PAM-01
2015-03-23,1.2,17.73,KL-PAM-01
2015-03-24,0.3,17.48,KL-PAM-01
2015-03-25,1.3,17.18,KL-PAM-01
2015-03-26,0.1,16.49,KL-PAM-01
2015-03-27,1.7,16.02,KL-PAM-01
2015-03-28,0.2,15.71,KL-PAM-01
2015-03-29,2.9,15.4,KL-PAM-01
2015-03-30,1.5,14.96,KL-PAM-01
2015-03-31,4.7,14.93,KL-PAM-01
2015-04-01,13.4,17.09,KL-PAM-01
2015-04-02,1.2,19.95,KL-PAM-01
2015-04-03,6.7,21.95,KL-PAM-01
2015-04-04,0.2,22.16,KL-PAM-01
2015-04-05,5.4,30.85,KL-PAM-01
2015-04-06,3.8,38.42,KL-PAM-01
2015-04-07,9.5,41.41,KL-PAM-01
2015-04-08,5.3,43.82,KL-PAM-01
2015-04-09,8.6,48.92,KL-PAM-01
2015-04-10,7.5,51.88,KL-PAM-01
2015-04-11,4.8,53.47,KL-PAM-01
2015-04-12,7.7,55.38,KL-PAM-01
2015-04-13,18.3,56.83,KL-PAM-01
2015-04-14,4.9,57.9,KL-PAM-01
2015-04-15,2.6,57.76,KL-PAM-01
2015-04-16,9.8,57.23,KL-PAM-01
2015-04-17,7.4,58.44,KL-PAM-01
2015-04-18,0.0,58.72,KL-PAM-01
2015-04-19,8.3,57.23,KL-PAM-01
2015-04-20,12.2,57.76,KL-PAM-01
2015-04-21,50.8,76.42,KL-PAM-01
2015-04-22,1.9,91.83,KL-PAM-01
2015-04-23,11.2,91.83,KL-PAM-01
2015-04-24,16.9,89.1,KL-PAM-01
2015-04-25,1.6,92.26,KL-PAM-01
2015-04-26,4.9,92.69,KL-PAM-01
2015-04-27,4.9,96.42,KL-PAM-01
2015-04-28,3.9,101.01,KL-PAM-01
2015-04-29,2.3,103.62,KL-PAM-01
2015-04-30,9.2,100.77,KL-PAM-01
2015-05-01,1.5,97.77,KL-PAM-01
2015-05-02,1.8,95.97,KL-PAM-01
2015-05-03,0.3,93.55,KL-PAM-01
2015-05-04,8.4,90.35,KL-PAM-01
2015-05-05,2.2,91.19,KL-PAM-01
2015-05-06,3.0,90.77,KL-PAM-01
2015-05-07,24.6,89.94,KL-PAM-01
2015-05-08,13.0,91.41,KL-PAM-01
2015-05-09,13.5,93.34,KL-PAM-01
2015-05-10,9.9,95.31,KL-PAM-01
2015-05-11,35.6,110.83,KL-PAM-01
2015-05-12,17.4,124.18,KL-PAM-01
2015-05-13,20.1,130.98,KL-PAM-01
2015-05-14,20.4,130.37,KL-PAM-01
2015-05-15,3.6,127.68,KL-PAM-01
2015-05-16,20.8,123.32,KL-PAM-01
2015-05-17,24.0,127.38,KL-PAM-01
2015-05-18,15.9,132.51,KL-PAM-01
2015-05-19,15.2,134.67,KL-PAM-01
2015-05-20,8.5,135.29,KL-PAM-01
2015-05-21,6.8,133.12,KL-PAM-01
2015-05-22,3.1,131.89,KL-PAM-01
2015-05-23,3.8,128.27,KL-PAM-01
2015-05-24,8.1,123.89,KL-PAM-01
2015-05-25,3.1,120.77,KL-PAM-01
2015-05-26,6.8,116.1,KL-PAM-01
2015-05-27,2.1,112.39,KL-PAM-01
2015-05-28,11.2,107.29,KL-PAM-01
2015-05-29,10.5,103.38,KL-PAM-01
2015-05-30,16.6,101.48,KL-PAM-01
2015-05-31,18.1,102.67,KL-PAM-01
2015-06-01,7.2,105.81,KL-PAM-01
2015-06-02,13.8,104.59,KL-PAM-01
2015-06-03,9.1,102.67,KL-PAM-01
2015-06-04,7.4,101.48,KL-PAM-01
2015-06-05,12.9,103.62,KL-PAM-01
2015-06-06,1.0,102.43,KL-PAM-01
2015-06-07,17.6,97.55,KL-PAM-01
2015-06-08,18.3,95.53,KL-PAM-01
2015-06-09,13.3,97.1,KL-PAM-01
2015-06-10,4.9,95.97,KL-PAM-01
2015-06-11,54.7,95.31,KL-PAM-01
2015-06-12,18.9,101.25,KL-PAM-01
2015-06-13,4.3,101.71,KL-PAM-01
2015-06-14,10.8,98.0,KL-PAM-01
2015-06-15,16.5,94.65,KL-PAM-01
2015-06-16,14.3,92.05,KL-PAM-01
2015-06-17,10.6,90.98,KL-PAM-01
2015-06-18,14.7,90.35,KL-PAM-01
2015-06-19,8.3,94.87,KL-PAM-01
2015-06-20,6.2,101.95,KL-PAM-01
2015-06-21,4.0,109.56,KL-PAM-01
2015-06-22,5.4,117.73,KL-PAM-01
2015-06-23,4.1,120.77,KL-PAM-01
2015-06-24,6.1,119.1,KL-PAM-01
2015-06-25,8.3,119.93,KL-PAM-01
2015-06-26,13.6,128.57,KL-PAM-01
2015-06-27,13.9,137.83,KL-PAM-01
2015-06-28,7.5,139.76,KL-PAM-01
2015-06-29,9.5,135.6,KL-PAM-01
2015-06-30,3.0,134.36,KL-PAM-01
2015-07-01,5.0,129.77,KL-PAM-01
2015-07-02,3.0,123.32,KL-PAM-01
2015-07-03,7.4,117.19,KL-PAM-01
2015-07-04,3.6,111.61,KL-PAM-01
2015-07-05,2.8,106.8,KL-PAM-01
2015-07-06,1.7,102.43,KL-PAM-01
2015-07-07,4.7,97.55,KL-PAM-01
2015-07-08,3.6,93.55,KL-PAM-01
2015-07-09,9.3,90.35,KL-PAM-01
2015-07-10,25.9,91.41,KL-PAM-01
2015-07-11,16.3,99.38,KL-PAM-01
2015-07-12,1.3,102.67,KL-PAM-01
2015-07-13,3.0,98.69,KL-PAM-01
2015-07-14,8.2,93.77,KL-PAM-01
2015-07-15,13.0,90.35,KL-PAM-01
2015-07-16,7.1,92.05,KL-PAM-01
2015-07-17,26.4,111.87,KL-PAM-01
2015-07-18,12.8,126.79,KL-PAM-01
2015-07-19,30.4,145.37,KL-PAM-01
2015-07-20,12.5,154.39,KL-PAM-01
2015-07-21,24.3,151.2,KL-PAM-01
2015-07-22,35.9,149.81,KL-PAM-01
2015-07-23,28.0,159.48,KL-PAM-01
2015-07-24,14.2,165.88,KL-PAM-01
2015-07-25,24.1,160.96,KL-PAM-01
2015-07-26,6.9,154.03,KL-PAM-01
2015-07-27,2.6,147.06,KL-PAM-01
2015-07-28,1.6,138.79,KL-PAM-01
2015-07-29,0.6,130.67,KL-PAM-01
2015-07-30,3.0,122.75,KL-PAM-01
2015-07-31,3.7,116.1,KL-PAM-01
2015-08-01,7.3,110.32,KL-PAM-01
2015-08-02,16.9,106.3,KL-PAM-01
2015-08-03,10.5,108.04,KL-PAM-01
2015-08-04,11.0,108.8,KL-PAM-01
2015-08-05,13.8,108.54,KL-PAM-01
2015-08-06,4.2,106.3,KL-PAM-01
2015-08-07,2.4,102.9,KL-PAM-01
2015-08-08,5.2,99.38,KL-PAM-01
2015-08-09,10.2,96.65,KL-PAM-01
2015-08-10,13.2,96.65,KL-PAM-01
2015-08-11,4.8,97.77,KL-PAM-01
2015-08-12,4.2,96.42,KL-PAM-01
2015-08-13,2.7,93.55,KL-PAM-01
2015-08-14,2.0,89.72,KL-PAM-01
2015-08-15,4.5,85.44,KL-PAM-01
2015-08-16,9.1,83.1,KL-PAM-01
2015-08-17,10.4,82.51,KL-PAM-01
2015-08-18,13.5,117.73,KL-PAM-01
2015-08-19,0.3,135.29,KL-PAM-01
2015-08-20,4.9,130.37,KL-PAM-01
2015-08-21,9.1,121.05,KL-PAM-01
2015-08-22,4.8,114.49,KL-PAM-01
2015-08-23,9.8,108.3,KL-PAM-01
2015-08-24,1.8,102.67,KL-PAM-01
2015-08-25,0.3,97.32,KL-PAM-01
2015-08-26,3.4,91.62,KL-PAM-01
2015-08-27,4.6,86.45,KL-PAM-01
2015-08-28,1.2,81.95,KL-PAM-01
2015-08-29,1.5,77.5,KL-PAM-01
2015-08-30,3.4,73.79,KL-PAM-01
2015-08-31,0.8,70.27,KL-PAM-01
2015-09-01,1.5,66.76,KL-PAM-01
2015-09-02,2.9,63.71,KL-PAM-01
2015-09-03,2.7,60.95,KL-PAM-01
2015-09-04,11.5,60.1,KL-PAM-01
2015-09-05,18.5,62.39,KL-PAM-01
2015-09-06,26.2,66.14,KL-PAM-01
2015-09-07,7.8,70.6,KL-PAM-01
2015-09-08,12.3,71.59,KL-PAM-01
2015-09-09,12.3,71.26,KL-PAM-01
2015-09-10,9.9,71.26,KL-PAM-01
2015-09-11,22.0,70.93,KL-PAM-01
2015-09-12,17.1,72.77,KL-PAM-01
2015-09-13,1.7,72.94,KL-PAM-01
2015-09-14,1.7,70.27,KL-PAM-01
2015-09-15,9.8,67.86,KL-PAM-01
2015-09-16,7.4,69.13,KL-PAM-01
2015-09-17,11.6,71.93,KL-PAM-01
2015-09-18,10.7,73.11,KL-PAM-01
2015-09-19,35.1,72.6,KL-PAM-01
2015-09-20,7.2,76.77,KL-PAM-01
2015-09-21,1.8,78.77,KL-PAM-01
2015-09-22,2.5,75.71,KL-PAM-01
2015-09-23,9.9,72.77,KL-PAM-01
2015-09-24,7.9,73.79,KL-PAM-01
2015-09-25,14.0,78.4,KL-PAM-01
2015-09-26,10.3,82.71,KL-PAM-01
2015-09-27,10.7,83.1,KL-PAM-01
2015-09-28,23.4,88.89,KL-PAM-01
2015-09-29,24.3,101.95,KL-PAM-01
2015-09-30,13.6,112.13,KL-PAM-01
2015-10-01,7.8,117.73,KL-PAM-01
2015-10-02,4.7,116.1,KL-PAM-01
2015-10-03,3.5,112.91,KL-PAM-01
2015-10-04,24.6,109.56,KL-PAM-01
2015-10-05,17.1,113.44,KL-PAM-01
2015-10-06,6.8,113.97,KL-PAM-01
2015-10-07,4.0,109.56,KL-PAM-01
2015-10-08,12.3,104.83,KL-PAM-01
2015-10-09,15.5,104.35,KL-PAM-01
2015-10-10,24.7,103.14,KL-PAM-01
2015-10-11,10.8,104.35,KL-PAM-01
2015-10-12,10.1,105.81,KL-PAM-01
2015-10-13,13.1,112.65,KL-PAM-01
2015-10-14,2.7,119.66,KL-PAM-01
2015-10-15,0.4,124.18,KL-PAM-01
2015-10-16,1.7,120.21,KL-PAM-01
2015-10-17,1.6,114.23,KL-PAM-01
2015-10-18,10.8,109.05,KL-PAM-01
2015-10-19,6.4,108.04,KL-PAM-01
2015-10-20,7.0,107.54,KL-PAM-01
2015-10-21,1.8,104.83,KL-PAM-01
2015-10-22,2.8,101.01,KL-PAM-01
2015-10-23,8.3,96.87,KL-PAM-01
2015-10-24,4.1,95.31,KL-PAM-01
2015-10-25,9.7,93.34,KL-PAM-01
2015-10-26,1.9,90.98,KL-PAM-01
2015-10-27,0.1,87.46,KL-PAM-01
2015-10-28,18.9,85.84,KL-PAM-01
2015-10-29,5.1,92.26,KL-PAM-01
2015-10-30,18.9,103.38,KL-PAM-01
2015-10-31,19.0,127.38,KL-PAM-01
2015-11-01,18.4,140.73,KL-PAM-01
2015-11-02,11.2,141.71,KL-PAM-01
2015-11-03,0.7,136.24,KL-PAM-01
2015-11-04,13.1,131.89,KL-PAM-01
2015-11-05,10.6,136.56,KL-PAM-01
2015-11-06,9.1,141.71,KL-PAM-01
2015-11-07,35.2,150.51,KL-PAM-01
2015-11-08,30.3,156.91,KL-PAM-01
2015-11-09,7.4,155.47,KL-PAM-01
2015-11-10,1.6,148.43,KL-PAM-01
2015-11-11,1.2,139.11,KL-PAM-01
2015-11-12,5.8,131.28,KL-PAM-01
2015-11-13,2.5,129.17,KL-PAM-01
2015-11-14,5.0,130.67,KL-PAM-01
2015-11-15,4.5,132.81,KL-PAM-01
2015-11-16,0.6,135.92,KL-PAM-01
2015-11-17,4.8,131.28,KL-PAM-01
2015-11-18,4.6,126.5,KL-PAM-01
2015-11-19,3.6,123.32,KL-PAM-01
2015-11-20,1.8,119.38,KL-PAM-01
2015-11-21,5.6,115.29,KL-PAM-01
2015-11-22,6.6,112.13,KL-PAM-01
2015-11-23,10.8,112.13,KL-PAM-01
2015-11-24,0.2,109.31,KL-PAM-01
2015-11-25,0.1,103.86,KL-PAM-01
2015-11-26,0.8,98.0,KL-PAM-01
2015-11-27,0.7,92.69,KL-PAM-01
2015-11-28,0.0,88.27,KL-PAM-01
2015-11-29,5.1,90.56,KL-PAM-01
2015-11-30,8.7,98.69,KL-PAM-01
2015-12-01,15.1,101.95,KL-PAM-01
2015-12-02,8.2,107.79,KL-PAM-01
2015-12-03,2.5,111.61,KL-PAM-01
2015-12-04,3.8,111.1,KL-PAM-01
2015-12-05,11.2,111.87,KL-PAM-01
2015-12-06,4.0,113.18,KL-PAM-01
2015-12-07,22.3,113.18,KL-PAM-01
2015-12-08,16.3,112.91,KL-PAM-01
2015-12-09,1.1,114.23,KL-PAM-01
2015-12-10,0.2,112.13,KL-PAM-01
2015-12-11,7.5,108.8,KL-PAM-01
2015-12-12,9.4,106.55,KL-PAM-01
2015-12-13,11.0,104.83,KL-PAM-01
2015-12-14,8.7,107.54,KL-PAM-01
2015-12-15,9.2,110.83,KL-PAM-01
2015-12-16,0.5,114.49,KL-PAM-01
2015-12-17,0.0,111.1,KL-PAM-01
2015-12-18,8.9,105.08,KL-PAM-01
2015-12-19,8.2,100.77,KL-PAM-01
2015-12-20,0.1,98.69,KL-PAM-01
2015-12-21,0.1,94.65,KL-PAM-01
2015-12-22,0.0,89.31,KL-PAM-01
2015-12-23,0.0,84.26,KL-PAM-01
2015-12-24,0.0,79.5,KL-PAM-01
2015-12-25,0.0,75.36,KL-PAM-01
2015-12-26,0.0,71.26,KL-PAM-01
2015-12-27,0.0,67.38,KL-PAM-01
2015-12-28,0.0,63.87,KL-PAM-01
2015-12-29,0.0,60.53,KL-PAM-01
2015-12-30,0.1,57.5,KL-PAM-01
2015-12-31,0.0,54.74,KL-PAM-01
2016-01-01,0.0,52.0,KL-PAM-01
2016-01-02,0.0,49.39,KL-PAM-01
2016-01-03,0.0,47.01,KL-PAM-01
2016-01-04,0.0,44.75,KL-PAM-01
2016-01-05,0.0,42.6,KL-PAM-01
2016-01-06,0.0,40.65,KL-PAM-01
2016-01-07,0.0,38.87,KL-PAM-01
2016-01-08,0.0,37.08,KL-PAM-01
2016-01-09,0.0,35.46,KL-PAM-01
2016-01-10,0.0,33.98,KL-PAM-01
2016-01-11,0.0,25.09,KL-PAM-01
2016-01-12,0.4,20.34,KL-PAM-01
2016-01-13,0.1,18.29,KL-PAM-01
2016-01-14,0.1,16.73,KL-PAM-01
2016-01-15,0.2,15.29,KL-PAM-01
2016-01-16,0.2,13.98,KL-PAM-01
2016-01-17,0.3,12.7,KL-PAM-01
2016-01-18,0.0,11.48,KL-PAM-01
2016-01-19,0.2,10.29,KL-PAM-01
2016-01-20,0.6,9.72,KL-PAM-01
2016-01-21,2.3,10.53,KL-PAM-01
2016-01-22,0.4,11.12,KL-PAM-01
2016-01-23,0.0,10.87,KL-PAM-01
2016-01-24,0.0,10.34,KL-PAM-01
2016-01-25,0.4,9.74,KL-PAM-01
2016-01-26,0.8,9.29,KL-PAM-01
2016-01-27,0.4,9.08,KL-PAM-01
2016-01-28,0.0,8.9,KL-PAM-01
2016-01-29,0.2,8.59,KL-PAM-01
2016-01-30,0.0,8.17,KL-PAM-01
2016-01-31,0.0,12.42,KL-PAM-01
2016-02-01,0.0,15.15,KL-PAM-01
2016-02-02,0.0,15.26,KL-PAM-01
2016-02-03,0.0,15.04,KL-PAM-01
2016-02-04,0.0,14.67,KL-PAM-01
2016-02-05,0.0,14.5,KL-PAM-01
2016-02-06,0.2,14.05,KL-PAM-01
2016-02-07,0.0,13.91,KL-PAM-01
2016-02-08,0.0,13.71,KL-PAM-01
2016-02-09,3.7,13.5,KL-PAM-01
2016-02-10,2.4,13.57,KL-PAM-01
2016-02-11,1.2,13.98,KL-PAM-01
2016-02-12,0.4,14.64,KL-PAM-01
2016-02-13,1.1,14.85,KL-PAM-01
2016-02-14,0.3,14.67,KL-PAM-01
2016-02-15,0.0,14.5,KL-PAM-01
2016-02-16,0.0,14.18,KL-PAM-01
2016-02-17,0.7,14.01,KL-PAM-01
2016-02-18,0.6,14.11,KL-PAM-01
2016-02-19,0.3,13.48,KL-PAM-01
2016-02-20,1.9,12.92,KL-PAM-01
2016-02-21,0.6,12.61,KL-PAM-01
2016-02-22,0.2,12.27,KL-PAM-01
2016-02-23,0.0,12.27,KL-PAM-01
2016-02-24,0.4,12.25,KL-PAM-01
2016-02-25,1.0,12.01,KL-PAM-01
2016-02-26,0.1,11.83,KL-PAM-01
2016-02-27,0.0,11.83,KL-PAM-01
2016-02-28,1.1,11.6,KL-PAM-01
2016-02-29,0.2,11.34,KL-PAM-01
2016-03-01,0.0,11.29,KL-PAM-01
2016-03-02,0.0,11.18,KL-PAM-01
2016-03-03,0.0,10.77,KL-PAM-01
2016-03-04,0.8,10.84,KL-PAM-01
2016-03-05,0.5,10.74,KL-PAM-01
2016-03-06,0.8,10.48,KL-PAM-01
2016-03-07,1.1,10.22,KL-PAM-01
2016-03-08,0.8,10.27,KL-PAM-01
2016-03-09,0.2,10.29,KL-PAM-01
2016-03-10,0.1,10.04,KL-PAM-01
2016-03-11,2.0,10.14,KL-PAM-01
2016-03-12,1.7,10.48,KL-PAM-01
2016-03-13,1.1,10.66,KL-PAM-01
2016-03-14,1.4,10.79,KL-PAM-01
2016-03-15,3.4,11.06,KL-PAM-01
2016-03-16,0.4,11.2,KL-PAM-01
2016-03-17,0.0,11.04,KL-PAM-01
2016-03-18,1.9,10.79,KL-PAM-01
2016-03-19,1.0,10.77,KL-PAM-01
2016-03-20,0.0,10.84,KL-PAM-01
2016-03-21,0.5,10.98,KL-PAM-01
2016-03-22,6.6,12.13,KL-PAM-01
2016-03-23,4.2,13.34,KL-PAM-01
2016-03-24,3.4,13.6,KL-PAM-01
2016-03-25,0.1,13.15,KL-PAM-01
2016-03-26,0.8,12.27,KL-PAM-01
2016-03-27,0.0,11.85,KL-PAM-01
2016-03-28,1.2,11.63,KL-PAM-01
2016-03-29,2.7,12.33,KL-PAM-01
2016-03-30,4.3,12.7,KL-PAM-01
2016-03-31,2.7,12.64,KL-PAM-01
2016-04-01,2.0,12.4,KL-PAM-01
2016-04-02,1.2,12.25,KL-PAM-01
2016-04-03,1.8,12.48,KL-PAM-01
2016-04-04,2.8,43.61,KL-PAM-01
2016-04-05,7.0,51.75,KL-PAM-01
2016-04-06,0.3,41.32,KL-PAM-01
2016-04-07,3.2,34.31,KL-PAM-01
2016-04-08,3.7,34.88,KL-PAM-01
2016-04-09,1.8,34.71,KL-PAM-01
2016-04-10,1.8,35.46,KL-PAM-01
2016-04-11,1.6,35.62,KL-PAM-01
2016-04-12,0.4,35.05,KL-PAM-01
2016-04-13,2.8,34.31,KL-PAM-01
2016-04-14,28.3,33.91,KL-PAM-01
2016-04-15,3.3,35.21,KL-PAM-01
2016-04-16,3.1,36.05,KL-PAM-01
2016-04-17,4.2,38.05,KL-PAM-01
2016-04-18,1.4,42.2,KL-PAM-01
2016-04-19,6.4,44.55,KL-PAM-01
2016-04-20,4.0,44.44,KL-PAM-01
2016-04-21,6.3,44.13,KL-PAM-01
2016-04-22,0.7,44.75,KL-PAM-01
2016-04-23,0.9,44.96,KL-PAM-01
2016-04-24,0.5,44.34,KL-PAM-01
2016-04-25,0.5,43.82,KL-PAM-01
2016-04-26,0.7,43.41,KL-PAM-01
2016-04-27,1.5,42.71,KL-PAM-01
2016-04-28,4.4,41.8,KL-PAM-01
2016-04-29,1.9,41.71,KL-PAM-01
2016-04-30,5.1,41.13,KL-PAM-01
2016-05-01,3.7,41.03,KL-PAM-01
2016-05-02,2.6,40.93,KL-PAM-01
2016-05-03,0.1,40.27,KL-PAM-01
2016-05-04,1.7,39.61,KL-PAM-01
2016-05-05,8.2,41.03,KL-PAM-01
2016-05-06,6.6,43.61,KL-PAM-01
2016-05-07,10.2,46.36,KL-PAM-01
2016-05-08,5.3,50.79,KL-PAM-01
2016-05-09,6.7,54.74,KL-PAM-01
2016-05-10,20.6,62.83,KL-PAM-01
2016-05-11,9.3,73.45,KL-PAM-01
2016-05-12,29.3,79.5,KL-PAM-01
2016-05-13,10.0,84.65,KL-PAM-01
2016-05-14,9.5,89.1,KL-PAM-01
2016-05-15,20.4,95.97,KL-PAM-01
2016-05-16,6.0,101.25,KL-PAM-01
2016-05-17,36.8,100.77,KL-PAM-01
2016-05-18,15.0,101.48,KL-PAM-01
2016-05-19,11.8,101.25,KL-PAM-01
2016-05-20,13.5,101.25,KL-PAM-01
2016-05-21,3.5,97.77,KL-PAM-01
2016-05-22,10.3,93.34,KL-PAM-01
2016-05-23,10.5,90.98,KL-PAM-01
2016-05-24,12.5,89.1,KL-PAM-01
2016-05-25,16.5,90.56,KL-PAM-01
2016-05-26,5.8,91.19,KL-PAM-01
2016-05-27,20.2,88.27,KL-PAM-01
2016-05-28,13.5,89.31,KL-PAM-01
2016-05-29,6.3,90.14,KL-PAM-01
2016-05-30,26.4,89.1,KL-PAM-01
2016-05-31,22.5,93.12,KL-PAM-01
2016-06-01,33.6,101.01,KL-PAM-01
2016-06-02,15.8,108.3,KL-PAM-01
2016-06-03,17.6,108.3,KL-PAM-01
2016-06-04,7.8,107.54,KL-PAM-01
2016-06-05,8.0,104.35,KL-PAM-01
2016-06-06,10.9,101.01,KL-PAM-01
2016-06-07,21.9,100.08,KL-PAM-01
2016-06-08,54.4,123.32,KL-PAM-01
2016-06-09,20.3,154.39,KL-PAM-01
2016-06-10,26.4,170.55,KL-PAM-01
2016-06-11,13.0,172.53,KL-PAM-01
2016-06-12,23.9,166.26,KL-PAM-01
2016-06-13,4.1,160.59,KL-PAM-01
2016-06-14,2.8,153.32,KL-PAM-01
2016-06-15,7.7,146.38,KL-PAM-01
2016-06-16,7.1,141.06,KL-PAM-01
2016-06-17,14.9,136.56,KL-PAM-01
2016-06-18,30.3,144.03,KL-PAM-01
2016-06-19,25.7,152.96,KL-PAM-01
2016-06-20,17.2,154.75,KL-PAM-01
2016-06-21,23.7,152.26,KL-PAM-01
2016-06-22,13.3,155.1,KL-PAM-01
2016-06-23,11.1,154.75,KL-PAM-01
2016-06-24,17.8,151.55,KL-PAM-01
2016-06-25,6.8,151.55,KL-PAM-01
2016-06-26,3.9,147.74,KL-PAM-01
2016-06-27,13.0,143.03,KL-PAM-01
2016-06-28,14.3,149.46,KL-PAM-01
2016-06-29,6.9,159.48,KL-PAM-01
2016-06-30,8.2,163.59,KL-PAM-01
2016-07-01,8.3,159.48,KL-PAM-01
2016-07-02,3.5,153.32,KL-PAM-01
2016-07-03,7.3,145.37,KL-PAM-01
2016-07-04,9.3,138.14,KL-PAM-01
2016-07-05,6.9,133.12,KL-PAM-01
2016-07-06,11.3,130.07,KL-PAM-01
2016-07-07,5.5,131.28,KL-PAM-01
2016-07-08,15.6,129.47,KL-PAM-01
2016-07-09,6.9,133.12,KL-PAM-01
2016-07-10,8.1,137.83,KL-PAM-01
2016-07-11,7.2,142.7,KL-PAM-01
2016-07-12,5.1,145.37,KL-PAM-01
2016-07-13,6.3,140.73,KL-PAM-01
2016-07-14,17.9,134.99,KL-PAM-01
2016-07-15,23.7,132.2,KL-PAM-01
2016-07-16,10.7,132.2,KL-PAM-01
2016-07-17,4.1,127.38,KL-PAM-01
2016-07-18,11.2,121.61,KL-PAM-01
2016-07-19,3.6,118.54,KL-PAM-01
2016-07-20,3.6,113.18,KL-PAM-01
2016-07-21,2.5,107.54,KL-PAM-01
2016-07-22,3.6,103.14,KL-PAM-01
2016-07-23,11.2,101.71,KL-PAM-01
2016-07-24,21.4,104.35,KL-PAM-01
2016-07-25,17.6,109.56,KL-PAM-01
2016-07-26,24.0,111.35,KL-PAM-01
2016-07-27,45.0,122.75,KL-PAM-01
2016-07-28,11.4,133.74,KL-PAM-01
2016-07-29,8.6,131.89,KL-PAM-01
2016-07-30,5.1,125.33,KL-PAM-01
2016-07-31,2.4,118.83,KL-PAM-01
2016-08-01,2.7,113.18,KL-PAM-01
2016-08-02,0.4,108.54,KL-PAM-01
2016-08-03,6.0,104.59,KL-PAM-01
2016-08-04,6.1,103.38,KL-PAM-01
2016-08-05,3.8,101.25,KL-PAM-01
2016-08-06,3.2,97.1,KL-PAM-01
2016-08-07,3.3,92.05,KL-PAM-01
2016-08-08,4.5,87.86,KL-PAM-01
2016-08-09,2.9,83.87,KL-PAM-01
2016-08-10,2.8,80.06,KL-PAM-01
2016-08-11,3.0,76.42,KL-PAM-01
2016-08-12,7.3,73.11,KL-PAM-01
2016-08-13,2.5,71.09,KL-PAM-01
2016-08-14,7.7,68.82,KL-PAM-01
2016-08-15,5.5,67.38,KL-PAM-01
2016-08-16,3.7,67.23,KL-PAM-01
2016-08-17,5.1,67.07,KL-PAM-01
2016-08-18,5.3,65.37,KL-PAM-01
2016-08-19,5.5,63.27,KL-PAM-01
2016-08-20,1.8,60.95,KL-PAM-01
2016-08-21,1.4,58.86,KL-PAM-01
2016-08-22,2.4,57.09,KL-PAM-01
2016-08-23,11.0,56.69,KL-PAM-01
2016-08-24,11.2,57.63,KL-PAM-01
2016-08-25,10.7,58.58,KL-PAM-01
2016-08-26,22.3,59.13,KL-PAM-01
2016-08-27,5.6,59.54,KL-PAM-01
2016-08-28,4.3,58.44,KL-PAM-01
2016-08-29,2.7,56.3,KL-PAM-01
2016-08-30,23.3,55.38,KL-PAM-01
2016-08-31,16.4,57.5,KL-PAM-01
2016-09-01,20.9,58.44,KL-PAM-01
2016-09-02,23.2,60.1,KL-PAM-01
2016-09-03,3.5,61.38,KL-PAM-01
2016-09-04,1.2,60.24,KL-PAM-01
2016-09-05,0.8,58.17,KL-PAM-01
2016-09-06,0.9,55.77,KL-PAM-01
2016-09-07,2.9,53.85,KL-PAM-01
2016-09-08,3.8,51.51,KL-PAM-01
2016-09-09,2.4,50.08,KL-PAM-01
2016-09-10,2.7,48.58,KL-PAM-01
2016-09-11,2.3,46.9,KL-PAM-01
2016-09-12,1.5,45.29,KL-PAM-01
2016-09-13,11.0,44.13,KL-PAM-01
2016-09-14,13.3,44.02,KL-PAM-01
2016-09-15,2.8,43.92,KL-PAM-01
2016-09-16,1.8,43.61,KL-PAM-01
2016-09-17,2.7,42.9,KL-PAM-01
2016-09-18,11.6,42.01,KL-PAM-01
2016-09-19,2.5,42.6,KL-PAM-01
2016-09-20,2.6,42.2,KL-PAM-01
2016-09-21,2.9,41.13,KL-PAM-01
2016-09-22,3.9,40.17,KL-PAM-01
2016-09-23,2.6,39.24,KL-PAM-01
2016-09-24,4.3,38.78,KL-PAM-01
2016-09-25,4.2,38.5,KL-PAM-01
2016-09-26,2.8,38.14,KL-PAM-01
2016-09-27,4.3,37.43,KL-PAM-01
2016-09-28,10.8,36.57,KL-PAM-01
2016-09-29,14.3,36.57,KL-PAM-01
2016-09-30,3.2,37.97,KL-PAM-01
2016-10-01,0.8,38.14,KL-PAM-01
2016-10-02,2.9,36.82,KL-PAM-01
2016-10-03,3.1,35.38,KL-PAM-01
2016-10-04,1.6,34.15,KL-PAM-01
2016-10-05,1.5,33.27,KL-PAM-01
2016-10-06,2.5,32.57,KL-PAM-01
2016-10-07,1.9,31.51,KL-PAM-01
2016-10-08,3.0,30.34,KL-PAM-01
2016-10-09,2.9,29.28,KL-PAM-01
2016-10-10,0.7,28.39,KL-PAM-01
2016-10-11,2.0,27.6,KL-PAM-01
2016-10-12,5.9,26.76,KL-PAM-01
2016-10-13,21.2,27.14,KL-PAM-01
2016-10-14,6.7,31.22,KL-PAM-01
2016-10-15,8.1,85.65,KL-PAM-01
2016-10-16,4.5,102.9,KL-PAM-01
2016-10-17,9.9,91.41,KL-PAM-01
2016-10-18,1.4,84.65,KL-PAM-01
2016-10-19,2.7,79.32,KL-PAM-01
2016-10-20,6.7,74.66,KL-PAM-01
2016-10-21,11.8,74.49,KL-PAM-01
2016-10-22,2.3,79.87,KL-PAM-01
2016-10-23,1.1,81.38,KL-PAM-01
2016-10-24,0.8,78.95,KL-PAM-01
2016-10-25,2.5,75.19,KL-PAM-01
2016-10-26,2.1,72.26,KL-PAM-01
2016-10-27,1.8,76.77,KL-PAM-01
2016-10-28,0.7,86.05,KL-PAM-01
2016-10-29,0.7,85.65,KL-PAM-01
2016-10-30,10.7,82.71,KL-PAM-01
2016-10-31,16.4,88.07,KL-PAM-01
2016-11-01,10.6,95.75,KL-PAM-01
2016-11-02,14.0,96.87,KL-PAM-01
2016-11-03,12.7,99.85,KL-PAM-01
2016-11-04,23.4,107.79,KL-PAM-01
2016-11-05,0.7,112.65,KL-PAM-01
2016-11-06,0.8,109.56,KL-PAM-01
2016-11-07,0.1,103.38,KL-PAM-01
2016-11-08,0.5,97.55,KL-PAM-01
2016-11-09,1.6,93.12,KL-PAM-01
2016-11-10,1.4,90.77,KL-PAM-01
2016-11-11,0.5,87.46,KL-PAM-01
2016-11-12,0.4,82.91,KL-PAM-01
2016-11-13,7.8,78.95,KL-PAM-01
2016-11-14,10.7,79.13,KL-PAM-01
2016-11-15,0.7,78.58,KL-PAM-01
2016-11-16,2.1,76.06,KL-PAM-01
2016-11-17,0.7,72.94,KL-PAM-01
2016-11-18,2.5,69.62,KL-PAM-01
2016-11-19,3.0,67.38,KL-PAM-01
2016-11-20,0.4,65.68,KL-PAM-01
2016-11-21,1.6,62.97,KL-PAM-01
2016-11-22,1.6,60.53,KL-PAM-01
2016-11-23,2.4,58.86,KL-PAM-01
2016-11-24,0.0,56.69,KL-PAM-01
2016-11-25,0.0,53.98,KL-PAM-01
2016-11-26,0.2,51.39,KL-PAM-01
2016-11-27,0.0,48.92,KL-PAM-01
2016-11-28,0.0,46.58,KL-PAM-01
2016-11-29,0.1,44.44,KL-PAM-01
2016-11-30,0.4,42.5,KL-PAM-01
2016-12-01,2.6,41.03,KL-PAM-01
2016-12-02,0.2,41.13,KL-PAM-01
2016-12-03,2.5,40.84,KL-PAM-01
2016-12-04,0.0,40.93,KL-PAM-01
2016-12-05,1.8,40.17,KL-PAM-01
2016-12-06,0.7,38.6,KL-PAM-01
2016-12-07,0.1,37.43,KL-PAM-01
2016-12-08,3.0,35.96,KL-PAM-01
2016-12-09,0.1,35.29,KL-PAM-01
2016-12-10,1.0,34.88,KL-PAM-01
2016-12-11,1.0,33.75,KL-PAM-01
2016-12-12,0.8,32.41,KL-PAM-01
2016-12-13,0.4,31.14,KL-PAM-01
2016-12-14,0.6,30.49,KL-PAM-01
2016-12-15,0.2,29.91,KL-PAM-01
2016-12-16,0.0,29.01,KL-PAM-01
2016-12-17,0.0,28.12,KL-PAM-01
2016-12-18,0.3,27.33,KL-PAM-01
2016-12-19,0.0,26.56,KL-PAM-01
2016-12-20,0.4,25.76,KL-PAM-01
2016-12-21,0.5,25.09,KL-PAM-01
2016-12-22,0.5,24.62,KL-PAM-01
2016-12-23,0.0,24.27,KL-PAM-01
2016-12-24,1.1,23.81,KL-PAM-01
2016-12-25,0.2,23.47,KL-PAM-01
2016-12-26,0.0,23.03,KL-PAM-01
2016-12-27,0.0,22.44,KL-PAM-01
2016-12-28,0.0,21.9,KL-PAM-01
2016-12-29,0.2,21.43,KL-PAM-01
2016-12-30,0.2,21.03,KL-PAM-01
2016-12-31,0.2,20.48,KL-PAM-01
2017-01-01,0.0,20.0,KL-PAM-01
2017-01-02,0.4,19.57,KL-PAM-01
2017-01-03,0.8,19.38,KL-PAM-01
2017-01-04,0.0,19.15,KL-PAM-01
2017-01-05,0.0,18.88,KL-PAM-01
2017-01-06,0.0,18.56,KL-PAM-01
2017-01-07,0.7,18.43,KL-PAM-01
2017-01-08,0.4,18.38,KL-PAM-01
2017-01-09,1.4,18.29,KL-PAM-01
2017-01-10,1.4,18.12,KL-PAM-01
2017-01-11,0.3,8.65,KL-PAM-01
2017-01-12,0.0,6.39,KL-PAM-01
2017-01-13,0.3,6.48,KL-PAM-01
2017-01-14,1.0,6.39,KL-PAM-01
2017-01-15,0.0,6.31,KL-PAM-01
2017-01-16,0.2,6.18,KL-PAM-01
2017-01-17,0.0,6.07,KL-PAM-01
2017-01-18,0.0,5.98,KL-PAM-01
2017-01-19,0.0,5.87,KL-PAM-01
2017-01-20,0.2,5.79,KL-PAM-01
2017-01-21,0.3,5.76,KL-PAM-01
2017-01-22,0.4,6.07,KL-PAM-01
2017-01-23,0.0,6.43,KL-PAM-01
2017-01-24,0.0,6.29,KL-PAM-01
2017-01-25,0.5,6.29,KL-PAM-01
2017-01-26,0.4,6.29,KL-PAM-01
2017-01-27,8.8,7.51,KL-PAM-01
2017-01-28,27.7,10.93,KL-PAM-01
2017-01-29,0.2,14.39,KL-PAM-01
2017-01-30,1.2,15.4,KL-PAM-01
2017-01-31,0.1,19.47,KL-PAM-01
2017-02-01,0.2,20.97,KL-PAM-01
2017-02-02,0.0,20.53,KL-PAM-01
2017-02-03,0.0,19.66,KL-PAM-01
2017-02-04,0.0,18.88,KL-PAM-01
2017-02-05,0.0,18.12,KL-PAM-01
2017-02-06,0.1,17.69,KL-PAM-01
2017-02-07,0.1,17.48,KL-PAM-01
2017-02-08,0.8,17.26,KL-PAM-01
2017-02-09,0.0,17.48,KL-PAM-01
2017-02-10,0.0,17.09,KL-PAM-01
2017-02-11,0.6,16.57,KL-PAM-01
2017-02-12,0.0,16.25,KL-PAM-01
2017-02-13,0.0,15.67,KL-PAM-01
2017-02-14,0.8,15.29,KL-PAM-01
2017-02-15,0.0,14.93,KL-PAM-01
2017-02-16,0.0,14.39,KL-PAM-01
2017-02-17,0.0,13.94,KL-PAM-01
2017-02-18,0.0,13.48,KL-PAM-01
2017-02-19,0.0,13.18,KL-PAM-01
2017-02-20,0.1,12.67,KL-PAM-01
2017-02-21,0.3,12.61,KL-PAM-01
2017-02-22,0.0,12.52,KL-PAM-01
2017-02-23,0.0,12.33,KL-PAM-01
2017-02-24,0.0,12.3,KL-PAM-01
2017-02-25,0.0,12.03,KL-PAM-01
2017-02-26,0.3,12.52,KL-PAM-01
2017-02-27,0.2,12.09,KL-PAM-01
2017-02-28,0.0,11.85,KL-PAM-01
2017-03-01,0.0,11.42,KL-PAM-01
2017-03-02,0.0,11.46,KL-PAM-01
2017-03-03,0.7,11.26,KL-PAM-01
2017-03-04,15.8,26.32,KL-PAM-01
2017-03-05,11.5,33.51,KL-PAM-01
2017-03-06,3.9,31.22,KL-PAM-01
2017-03-07,11.8,29.35,KL-PAM-01
2017-03-08,13.9,28.8,KL-PAM-01
2017-03-09,13.8,29.08,KL-PAM-01
2017-03-10,15.8,30.41,KL-PAM-01
2017-03-11,4.1,31.28,KL-PAM-01
2017-03-12,0.6,30.34,KL-PAM-01
2017-03-13,3.1,29.28,KL-PAM-01
2017-03-14,20.2,30.77,KL-PAM-01
2017-03-15,25.8,34.15,KL-PAM-01
2017-03-16,1.9,39.15,KL-PAM-01
2017-03-17,0.0,39.98,KL-PAM-01
2017-03-18,8.7,39.24,KL-PAM-01
2017-03-19,0.8,40.84,KL-PAM-01
2017-03-20,8.1,42.4,KL-PAM-01
2017-03-21,4.2,42.5,KL-PAM-01
2017-03-22,1.2,42.2,KL-PAM-01
2017-03-23,0.2,41.32,KL-PAM-01
2017-03-24,0.1,40.93,KL-PAM-01
2017-03-25,0.7,39.98,KL-PAM-01
2017-03-26,2.6,38.42,KL-PAM-01
2017-03-27,2.5,37.69,KL-PAM-01
2017-03-28,1.6,37.43,KL-PAM-01
2017-03-29,3.6,36.3,KL-PAM-01
2017-03-30,4.8,35.54,KL-PAM-01
2017-03-31,6.3,36.91,KL-PAM-01
2017-04-01,1.4,36.22,KL-PAM-01
2017-04-02,2.4,35.46,KL-PAM-01
2017-04-03,3.0,41.13,KL-PAM-01
2017-04-04,8.3,49.39,KL-PAM-01
2017-04-05,6.2,55.9,KL-PAM-01
2017-04-06,7.6,173.73,KL-PAM-01
2017-04-07,1.7,183.65,KL-PAM-01
2017-04-08,7.9,153.32,KL-PAM-01
2017-04-09,6.6,145.37,KL-PAM-01
2017-04-10,5.2,143.03,KL-PAM-01
2017-04-11,3.3,142.37,KL-PAM-01
2017-04-12,6.3,144.36,KL-PAM-01
2017-04-13,8.8,146.38,KL-PAM-01
2017-04-14,4.4,145.37,KL-PAM-01
2017-04-15,6.4,142.7,KL-PAM-01
2017-04-16,6.2,138.79,KL-PAM-01
2017-04-17,0.9,136.24,KL-PAM-01
2017-04-18,0.8,130.98,KL-PAM-01
2017-04-19,1.9,123.32,KL-PAM-01
2017-04-20,6.4,118.27,KL-PAM-01
2017-04-21,2.4,113.97,KL-PAM-01
2017-04-22,3.3,110.58,KL-PAM-01
2017-04-23,14.9,107.29,KL-PAM-01
2017-04-24,4.4,104.59,KL-PAM-01
2017-04-25,3.1,101.25,KL-PAM-01
2017-04-26,7.1,97.55,KL-PAM-01
2017-04-27,2.4,95.31,KL-PAM-01
2017-04-28,1.8,94.43,KL-PAM-01
2017-04-29,7.0,95.09,KL-PAM-01
2017-04-30,0.7,96.65,KL-PAM-01
2017-05-01,12.6,99.15,KL-PAM-01
2017-05-02,9.2,104.35,KL-PAM-01
2017-05-03,3.2,105.81,KL-PAM-01
2017-05-04,5.5,106.3,KL-PAM-01
2017-05-05,5.0,105.08,KL-PAM-01
2017-05-06,9.3,104.1,KL-PAM-01
2017-05-07,10.0,104.83,KL-PAM-01
2017-05-08,11.0,107.54,KL-PAM-01
2017-05-09,7.3,106.55,KL-PAM-01
2017-05-10,16.9,103.62,KL-PAM-01
2017-05-11,10.8,101.71,KL-PAM-01
2017-05-12,22.7,99.61,KL-PAM-01
2017-05-13,10.3,103.14,KL-PAM-01
2017-05-14,22.2,104.1,KL-PAM-01
2017-05-15,4.2,105.56,KL-PAM-01
2017-05-16,7.6,102.43,KL-PAM-01
2017-05-17,2.8,99.38,KL-PAM-01
2017-05-18,26.1,99.15,KL-PAM-01
2017-05-19,2.1,106.8,KL-PAM-01
2017-05-20,21.4,104.83,KL-PAM-01
2017-05-21,27.9,101.71,KL-PAM-01
2017-05-22,17.8,104.83,KL-PAM-01
2017-05-23,21.5,107.05,KL-PAM-01
2017-05-24,21.6,108.3,KL-PAM-01
2017-05-25,39.7,111.35,KL-PAM-01
2017-05-26,6.1,116.91,KL-PAM-01
2017-05-27,8.5,118.54,KL-PAM-01
2017-05-28,24.6,113.7,KL-PAM-01
2017-05-29,61.2,110.32,KL-PAM-01
2017-05-30,53.7,115.29,KL-PAM-01
2017-05-31,34.3,124.18,KL-PAM-01
2017-06-01,49.3,176.57,KL-PAM-01
2017-06-02,24.4,232.5,KL-PAM-01
2017-06-03,28.7,268.31,KL-PAM-01
2017-06-04,21.3,262.17,KL-PAM-01
2017-06-05,18.5,244.62,KL-PAM-01
2017-06-06,26.7,228.77,KL-PAM-01
2017-06-07,10.5,214.93,KL-PAM-01
2017-06-08,6.8,205.21,KL-PAM-01
2017-06-09,6.7,193.24,KL-PAM-01
2017-06-10,17.9,188.38,KL-PAM-01
2017-06-11,13.5,190.14,KL-PAM-01
2017-06-12,12.8,184.93,KL-PAM-01
2017-06-13,8.1,176.16,KL-PAM-01
2017-06-14,12.3,169.37,KL-PAM-01
2017-06-15,8.8,162.46,KL-PAM-01
2017-06-16,14.1,155.1,KL-PAM-01
2017-06-17,12.6,149.46,KL-PAM-01
2017-06-18,11.2,142.7,KL-PAM-01
2017-06-19,19.3,134.99,KL-PAM-01
2017-06-20,8.6,128.57,KL-PAM-01
2017-06-21,16.7,122.18,KL-PAM-01
2017-06-22,8.9,116.64,KL-PAM-01
2017-06-23,16.0,112.13,KL-PAM-01
2017-06-24,26.3,112.39,KL-PAM-01
2017-06-25,19.5,125.04,KL-PAM-01
2017-06-26,25.2,150.16,KL-PAM-01
2017-06-27,33.3,182.38,KL-PAM-01
2017-06-28,8.4,189.26,KL-PAM-01
2017-06-29,5.3,177.8,KL-PAM-01
2017-06-30,8.3,165.11,KL-PAM-01
2017-07-01,23.4,155.1,KL-PAM-01
2017-07-02,15.9,151.55,KL-PAM-01
2017-07-03,14.5,148.09,KL-PAM-01
2017-07-04,5.0,143.03,KL-PAM-01
2017-07-05,8.0,135.6,KL-PAM-01
2017-07-06,12.6,128.87,KL-PAM-01
2017-07-07,8.3,123.03,KL-PAM-01
2017-07-08,14.6,117.46,KL-PAM-01
2017-07-09,18.3,112.13,KL-PAM-01
2017-07-10,18.9,107.29,KL-PAM-01
2017-07-11,14.7,104.35,KL-PAM-01
2017-07-12,2.5,100.77,KL-PAM-01
2017-07-13,7.6,95.75,KL-PAM-01
2017-07-14,2.9,91.83,KL-PAM-01
2017-07-15,3.3,87.86,KL-PAM-01
2017-07-16,9.8,84.26,KL-PAM-01
2017-07-17,9.3,81.19,KL-PAM-01
2017-07-18,14.3,80.06,KL-PAM-01
2017-07-19,25.3,80.43,KL-PAM-01
2017-07-20,18.4,82.13,KL-PAM-01
2017-07-21,6.0,87.86,KL-PAM-01
2017-07-22,3.2,87.86,KL-PAM-01
2017-07-23,0.8,83.48,KL-PAM-01
2017-07-24,1.3,78.77,KL-PAM-01
2017-07-25,0.0,74.49,KL-PAM-01
2017-07-26,1.3,70.6,KL-PAM-01
2017-07-27,10.7,67.23,KL-PAM-01
2017-07-28,14.4,64.46,KL-PAM-01
2017-07-29,7.0,62.69,KL-PAM-01
2017-07-30,5.1,60.38,KL-PAM-01
2017-07-31,17.7,59.13,KL-PAM-01
2017-08-01,6.7,59.41,KL-PAM-01
2017-08-02,6.9,59.26,KL-PAM-01
2017-08-03,16.5,58.58,KL-PAM-01
2017-08-04,14.0,59.41,KL-PAM-01
2017-08-05,26.6,62.69,KL-PAM-01
2017-08-06,16.3,64.77,KL-PAM-01
2017-08-07,23.0,65.22,KL-PAM-01
2017-08-08,4.8,66.76,KL-PAM-01
2017-08-09,19.5,66.76,KL-PAM-01
2017-08-10,25.9,67.86,KL-PAM-01
2017-08-11,15.6,70.44,KL-PAM-01
2017-08-12,0.7,72.6,KL-PAM-01
2017-08-13,1.7,70.44,KL-PAM-01
2017-08-14,3.3,67.07,KL-PAM-01
2017-08-15,3.4,64.01,KL-PAM-01
2017-08-16,12.5,62.53,KL-PAM-01
2017-08-17,20.0,62.1,KL-PAM-01
2017-08-18,21.4,63.27,KL-PAM-01
2017-08-19,16.3,70.27,KL-PAM-01
2017-08-20,28.6,77.85,KL-PAM-01
2017-08-21,31.5,93.12,KL-PAM-01
2017-08-22,7.7,107.54,KL-PAM-01
2017-08-23,2.7,110.58,KL-PAM-01
2017-08-24,3.0,106.8,KL-PAM-01
2017-08-25,2.8,102.67,KL-PAM-01
2017-08-26,7.7,98.23,KL-PAM-01
2017-08-27,18.5,101.25,KL-PAM-01
2017-08-28,59.1,139.11,KL-PAM-01
2017-08-29,35.8,172.93,KL-PAM-01
2017-08-30,9.7,176.16,KL-PAM-01
2017-08-31,1.2,165.11,KL-PAM-01
2017-09-01,15.8,152.26,KL-PAM-01
2017-09-02,26.1,155.47,KL-PAM-01
2017-09-03,12.0,159.48,KL-PAM-01
2017-09-04,24.6,159.84,KL-PAM-01
2017-09-05,18.6,157.64,KL-PAM-01
2017-09-06,18.4,157.64,KL-PAM-01
2017-09-07,17.7,156.91,KL-PAM-01
2017-09-08,28.2,159.48,KL-PAM-01
2017-09-09,15.3,159.48,KL-PAM-01
2017-09-10,4.4,158.74,KL-PAM-01
2017-09-11,5.2,152.61,KL-PAM-01
2017-09-12,11.9,148.43,KL-PAM-01
2017-09-13,35.4,145.03,KL-PAM-01
2017-09-14,22.9,146.38,KL-PAM-01
2017-09-15,24.3,147.74,KL-PAM-01
2017-09-16,27.8,156.19,KL-PAM-01
2017-09-17,52.7,229.29,KL-PAM-01
2017-09-18,14.4,245.18,KL-PAM-01
2017-09-19,11.5,225.62,KL-PAM-01
2017-09-20,10.1,208.08,KL-PAM-01
2017-09-21,5.4,194.58,KL-PAM-01
2017-09-22,1.9,181.96,KL-PAM-01
2017-09-23,0.8,169.37,KL-PAM-01
2017-09-24,3.7,158.37,KL-PAM-01
2017-09-25,15.6,148.78,KL-PAM-01
2017-09-26,20.3,140.4,KL-PAM-01
2017-09-27,25.2,133.42,KL-PAM-01
2017-09-28,21.6,134.67,KL-PAM-01
2017-09-29,5.3,138.14,KL-PAM-01
2017-09-30,6.2,134.99,KL-PAM-01
2017-10-01,6.4,129.17,KL-PAM-01
2017-10-02,2.5,123.89,KL-PAM-01
2017-10-03,1.9,118.54,KL-PAM-01
2017-10-04,7.2,112.13,KL-PAM-01
2017-10-05,30.4,107.05,KL-PAM-01
2017-10-06,20.5,106.3,KL-PAM-01
2017-10-07,12.1,108.04,KL-PAM-01
2017-10-08,13.1,105.32,KL-PAM-01
2017-10-09,3.2,100.54,KL-PAM-01
2017-10-10,4.6,95.75,KL-PAM-01
2017-10-11,7.1,92.05,KL-PAM-01
2017-10-12,30.7,89.72,KL-PAM-01
2017-10-13,23.7,91.19,KL-PAM-01
2017-10-14,35.2,95.53,KL-PAM-01
2017-10-15,9.9,95.53,KL-PAM-01
2017-10-16,12.7,92.91,KL-PAM-01
2017-10-17,33.0,90.35,KL-PAM-01
2017-10-18,17.6,90.56,KL-PAM-01
2017-10-19,8.7,90.14,KL-PAM-01
2017-10-20,11.7,88.48,KL-PAM-01
2017-10-21,49.9,87.86,KL-PAM-01
2017-10-22,10.0,93.12,KL-PAM-01
2017-10-23,0.2,92.69,KL-PAM-01
2017-10-24,0.0,87.86,KL-PAM-01
2017-10-25,14.2,83.48,KL-PAM-01
2017-10-26,18.0,85.25,KL-PAM-01
2017-10-27,15.2,90.56,KL-PAM-01
2017-10-28,7.9,99.38,KL-PAM-01
2017-10-29,18.7,107.29,KL-PAM-01
2017-10-30,16.2,112.39,KL-PAM-01
2017-10-31,19.9,121.61,KL-PAM-01
2017-11-01,14.4,125.33,KL-PAM-01
2017-11-02,10.1,131.59,KL-PAM-01
2017-11-03,1.9,138.79,KL-PAM-01
2017-11-04,17.4,165.49,KL-PAM-01
2017-11-05,23.8,184.93,KL-PAM-01
2017-11-06,10.0,184.5,KL-PAM-01
2017-11-07,5.6,177.38,KL-PAM-01
2017-11-08,29.9,173.73,KL-PAM-01
2017-11-09,7.2,173.73,KL-PAM-01
2017-11-10,1.7,174.54,KL-PAM-01
2017-11-11,3.1,166.26,KL-PAM-01
2017-11-12,1.6,158.37,KL-PAM-01
2017-11-13,1.5,150.16,KL-PAM-01
2017-11-14,0.0,141.38,KL-PAM-01
2017-11-15,0.1,132.51,KL-PAM-01
2017-11-16,0.0,124.46,KL-PAM-01
2017-11-17,0.4,116.91,KL-PAM-01
2017-11-18,4.8,110.07,KL-PAM-01
2017-11-19,7.5,104.1,KL-PAM-01
2017-11-20,15.0,102.67,KL-PAM-01
2017-11-21,5.6,101.01,KL-PAM-01
2017-11-22,5.4,96.65,KL-PAM-01
2017-11-23,0.0,93.77,KL-PAM-01
2017-11-24,1.2,89.31,KL-PAM-01
2017-11-25,2.8,85.25,KL-PAM-01
2017-11-26,2.9,84.65,KL-PAM-01
2017-11-27,5.1,89.94,KL-PAM-01
2017-11-28,7.9,92.26,KL-PAM-01
2017-11-29,5.7,92.48,KL-PAM-01
2017-11-30,23.6,108.8,KL-PAM-01
2017-12-01,31.9,128.57,KL-PAM-01
2017-12-02,3.7,135.92,KL-PAM-01
2017-12-03,0.5,132.51,KL-PAM-01
2017-12-04,0.1,124.18,KL-PAM-01
2017-12-05,1.1,115.56,KL-PAM-01
2017-12-06,0.6,108.3,KL-PAM-01
2017-12-07,1.5,101.71,KL-PAM-01
2017-12-08,3.3,96.42,KL-PAM-01
2017-12-09,0.2,92.26,KL-PAM-01
2017-12-10,2.6,88.69,KL-PAM-01
2017-12-11,1.9,84.65,KL-PAM-01
2017-12-12,5.4,80.25,KL-PAM-01
2017-12-13,2.9,76.42,KL-PAM-01
2017-12-14,4.0,73.45,KL-PAM-01
2017-12-15,8.6,72.94,KL-PAM-01
2017-12-16,0.0,71.59,KL-PAM-01
2017-12-17,0.0,68.17,KL-PAM-01
2017-12-18,0.0,64.46,KL-PAM-01
2017-12-19,0.3,60.95,KL-PAM-01
2017-12-20,0.4,57.9,KL-PAM-01
2017-12-21,2.0,55.0,KL-PAM-01
2017-12-22,0.0,52.36,KL-PAM-01
2017-12-23,0.1,49.85,KL-PAM-01
2017-12-24,0.0,47.68,KL-PAM-01
2017-12-25,0.1,45.39,KL-PAM-01
2017-12-26,0.2,43.21,KL-PAM-01
2017-12-27,0.0,41.23,KL-PAM-01
2017-12-28,0.0,39.42,KL-PAM-01
2017-12-29,0.0,37.61,KL-PAM-01
2017-12-30,0.0,35.88,KL-PAM-01
2017-12-31,0.0,34.31,KL-PAM-01
2018-01-01,0.0,33.03,KL-PAM-01
2018-01-02,0.5,31.73,KL-PAM-01
2018-01-03,0.4,30.55,KL-PAM-01
2018-01-04,0.0,29.7,KL-PAM-01
2018-01-05,0.3,28.94,KL-PAM-01
2018-01-06,0.0,28.26,KL-PAM-01
2018-01-07,0.1,27.53,KL-PAM-01
2018-01-08,0.0,26.69,KL-PAM-01
2018-01-09,0.0,25.82,KL-PAM-01
2018-01-10,0.4,25.03,KL-PAM-01
2018-01-11,0.0,15.86,KL-PAM-01
2018-01-12,2.2,10.53,KL-PAM-01
2018-01-13,0.4,9.29,KL-PAM-01
2018-01-14,0.0,8.9,KL-PAM-01
2018-01-15,0.0,8.55,KL-PAM-01
2018-01-16,0.0,8.25,KL-PAM-01
2018-01-17,0.9,7.98,KL-PAM-01
2018-01-18,0.0,7.78,KL-PAM-01
2018-01-19,0.0,7.55,KL-PAM-01
2018-01-20,0.0,7.29,KL-PAM-01
2018-01-21,0.0,7.18,KL-PAM-01
2018-01-22,0.0,7.06,KL-PAM-01
2018-01-23,0.5,6.77,KL-PAM-01
2018-01-24,0.6,6.7,KL-PAM-01
2018-01-25,0.7,6.72,KL-PAM-01
2018-01-26,0.1,6.73,KL-PAM-01
2018-01-27,0.0,6.72,KL-PAM-01
2018-01-28,0.0,6.83,KL-PAM-01
2018-01-29,0.0,6.68,KL-PAM-01
2018-01-30,0.0,6.48,KL-PAM-01
2018-01-31,0.0,10.29,KL-PAM-01
2018-02-01,0.0,12.92,KL-PAM-01
2018-02-02,0.0,13.31,KL-PAM-01
2018-02-03,0.0,13.25,KL-PAM-01
2018-02-04,0.0,13.02,KL-PAM-01
2018-02-05,0.6,12.7,KL-PAM-01
2018-02-06,3.3,12.36,KL-PAM-01
2018-02-07,6.1,12.58,KL-PAM-01
2018-02-08,13.4,13.27,KL-PAM-01
2018-02-09,7.2,14.25,KL-PAM-01
2018-02-10,2.7,16.02,KL-PAM-01
2018-02-11,0.0,16.52,KL-PAM-01
2018-02-12,0.8,16.89,KL-PAM-01
2018-02-13,0.1,17.65,KL-PAM-01
2018-02-14,0.0,17.35,KL-PAM-01
2018-02-15,0.1,16.57,KL-PAM-01
2018-02-16,0.0,15.94,KL-PAM-01
2018-02-17,0.0,15.74,KL-PAM-01
2018-02-18,0.0,15.15,KL-PAM-01
2018-02-19,0.0,14.67,KL-PAM-01
2018-02-20,0.0,14.15,KL-PAM-01
2018-02-21,0.0,13.71,KL-PAM-01
2018-02-22,0.0,13.5,KL-PAM-01
2018-02-23,0.0,13.18,KL-PAM-01
2018-02-24,0.0,12.89,KL-PAM-01
2018-02-25,0.0,12.52,KL-PAM-01
2018-02-26,0.0,12.33,KL-PAM-01
2018-02-27,0.0,12.07,KL-PAM-01
2018-02-28,0.8,11.65,KL-PAM-01
2018-03-01,0.9,11.42,KL-PAM-01
2018-03-02,0.0,11.46,KL-PAM-01
2018-03-03,0.0,11.34,KL-PAM-01
2018-03-04,0.0,11.12,KL-PAM-01
2018-03-05,0.0,11.15,KL-PAM-01
2018-03-06,0.6,10.93,KL-PAM-01
2018-03-07,0.7,10.74,KL-PAM-01
2018-03-08,0.0,10.77,KL-PAM-01
2018-03-09,0.0,10.48,KL-PAM-01
2018-03-10,0.2,10.14,KL-PAM-01
2018-03-11,0.0,9.87,KL-PAM-01
2018-03-12,0.3,9.74,KL-PAM-01
2018-03-13,7.9,12.27,KL-PAM-01
2018-03-14,11.6,13.27,KL-PAM-01
2018-03-15,3.7,12.58,KL-PAM-01
2018-03-16,8.3,11.71,KL-PAM-01
2018-03-17,6.1,11.48,KL-PAM-01
2018-03-18,12.6,13.31,KL-PAM-01
2018-03-19,4.7,15.15,KL-PAM-01
2018-03-20,0.1,14.82,KL-PAM-01
2018-03-21,2.8,13.81,KL-PAM-01
2018-03-22,9.7,13.44,KL-PAM-01
2018-03-23,0.4,13.71,KL-PAM-01
2018-03-24,0.3,13.98,KL-PAM-01
2018-03-25,0.0,13.6,KL-PAM-01
2018-03-26,1.0,13.15,KL-PAM-01
2018-03-27,8.0,14.64,KL-PAM-01
2018-03-28,2.7,14.93,KL-PAM-01
2018-03-29,3.6,15.22,KL-PAM-01
2018-03-30,3.4,15.63,KL-PAM-01
2018-03-31,0.5,15.74,KL-PAM-01
2018-04-01,7.7,15.86,KL-PAM-01
2018-04-02,3.8,16.57,KL-PAM-01
2018-04-03,3.5,17.39,KL-PAM-01
2018-04-04,3.4,18.96,KL-PAM-01
2018-04-05,2.6,20.0,KL-PAM-01
2018-04-06,0.3,20.29,KL-PAM-01
2018-04-07,2.0,20.38,KL-PAM-01
2018-04-08,0.5,20.29,KL-PAM-01
2018-04-09,13.8,24.33,KL-PAM-01
2018-04-10,11.3,27.01,KL-PAM-01
2018-04-11,10.4,27.86,KL-PAM-01
2018-04-12,16.7,29.21,KL-PAM-01
2018-04-13,17.0,31.28,KL-PAM-01
2018-04-14,8.6,33.42,KL-PAM-01
2018-04-15,9.7,36.47,KL-PAM-01
2018-04-16,5.1,37.69,KL-PAM-01
2018-04-17,0.7,37.17,KL-PAM-01
2018-04-18,2.5,36.74,KL-PAM-01
2018-04-19,3.9,37.25,KL-PAM-01
2018-04-20,7.3,38.96,KL-PAM-01
2018-04-21,15.1,41.23,KL-PAM-01
2018-04-22,3.6,42.2,KL-PAM-01
2018-04-23,1.0,42.5,KL-PAM-01
2018-04-24,5.0,43.72,KL-PAM-01
2018-04-25,1.4,45.71,KL-PAM-01
2018-04-26,4.5,48.92,KL-PAM-01
2018-04-27,1.4,53.6,KL-PAM-01
2018-04-28,0.9,55.77,KL-PAM-01
2018-04-29,7.6,55.65,KL-PAM-01
2018-04-30,8.0,54.87,KL-PAM-01
2018-05-01,1.4,56.16,KL-PAM-01
2018-05-02,15.1,61.38,KL-PAM-01
2018-05-03,6.4,68.33,KL-PAM-01
2018-05-04,11.0,75.01,KL-PAM-01
2018-05-05,22.7,80.99,KL-PAM-01
2018-05-06,14.9,83.68,KL-PAM-01
2018-05-07,12.0,86.85,KL-PAM-01
2018-05-08,47.0,86.45,KL-PAM-01
2018-05-09,15.3,87.05,KL-PAM-01
2018-05-10,22.0,94.87,KL-PAM-01
2018-05-11,12.6,105.56,KL-PAM-01
2018-05-12,10.4,149.81,KL-PAM-01
2018-05-13,7.6,168.2,KL-PAM-01
2018-05-14,9.6,158.01,KL-PAM-01
2018-05-15,11.2,148.09,KL-PAM-01
2018-05-16,8.1,146.04,KL-PAM-01
2018-05-17,22.8,145.7,KL-PAM-01
2018-05-18,6.4,147.4,KL-PAM-01
2018-05-19,6.9,145.7,KL-PAM-01
2018-05-20,14.3,140.08,KL-PAM-01
2018-05-21,13.3,136.56,KL-PAM-01
2018-05-22,21.7,131.28,KL-PAM-01
2018-05-23,18.3,127.38,KL-PAM-01
2018-05-24,20.8,133.12,KL-PAM-01
2018-05-25,131.7,160.21,KL-PAM-01
2018-05-26,90.1,173.73,KL-PAM-01
2018-05-27,26.2,180.28,KL-PAM-01
2018-05-28,21.7,202.85,KL-PAM-01
2018-05-29,11.4,210.01,KL-PAM-01
2018-05-30,6.4,198.67,KL-PAM-01
2018-05-31,10.8,184.93,KL-PAM-01
2018-06-01,29.3,173.33,KL-PAM-01
2018-06-02,29.1,168.2,KL-PAM-01
2018-06-03,31.6,169.76,KL-PAM-01
2018-06-04,29.8,173.73,KL-PAM-01
2018-06-05,8.1,169.76,KL-PAM-01
2018-06-06,26.0,163.59,KL-PAM-01
2018-06-07,22.4,166.26,KL-PAM-01
2018-06-08,24.1,187.52,KL-PAM-01
2018-06-09,22.7,227.18,KL-PAM-01
2018-06-10,23.7,249.76,KL-PAM-01
2018-06-11,23.9,250.91,KL-PAM-01
2018-06-12,18.1,242.93,KL-PAM-01
2018-06-13,20.1,237.93,KL-PAM-01
2018-06-14,23.2,235.2,KL-PAM-01
2018-06-15,20.3,228.23,KL-PAM-01
2018-06-16,23.4,218.93,KL-PAM-01
2018-06-17,8.8,210.99,KL-PAM-01
2018-06-18,18.5,201.45,KL-PAM-01
2018-06-19,18.8,193.24,KL-PAM-01
2018-06-20,22.3,197.76,KL-PAM-01
2018-06-21,23.4,218.43,KL-PAM-01
2018-06-22,13.3,226.66,KL-PAM-01
2018-06-23,22.5,223.02,KL-PAM-01
2018-06-24,8.4,213.44,KL-PAM-01
2018-06-25,25.1,202.85,KL-PAM-01
2018-06-26,10.4,199.6,KL-PAM-01
2018-06-27,14.3,191.91,KL-PAM-01
2018-06-28,16.5,185.79,KL-PAM-01
2018-06-29,16.8,180.7,KL-PAM-01
2018-06-30,16.1,180.28,KL-PAM-01
2018-07-01,13.9,174.13,KL-PAM-01
2018-07-02,14.5,167.42,KL-PAM-01
2018-07-03,3.1,162.46,KL-PAM-01
2018-07-04,1.6,154.75,KL-PAM-01
2018-07-05,12.7,145.7,KL-PAM-01
2018-07-06,3.6,137.83,KL-PAM-01
2018-07-07,12.1,130.37,KL-PAM-01
2018-07-08,16.1,129.47,KL-PAM-01
2018-07-09,22.3,140.4,KL-PAM-01
2018-07-10,28.1,163.21,KL-PAM-01
2018-07-11,29.4,185.79,KL-PAM-01
2018-07-12,9.1,190.57,KL-PAM-01
2018-07-13,27.5,187.52,KL-PAM-01
2018-07-14,22.0,185.36,KL-PAM-01
2018-07-15,54.1,204.74,KL-PAM-01
2018-07-16,28.5,236.28,KL-PAM-01
2018-07-17,16.6,240.7,KL-PAM-01
2018-07-18,21.2,229.82,KL-PAM-01
2018-07-19,23.4,222.51,KL-PAM-01
2018-07-20,11.6,217.42,KL-PAM-01
2018-07-21,11.7,212.46,KL-PAM-01
2018-07-22,5.9,203.33,KL-PAM-01
2018-07-23,15.4,191.46,KL-PAM-01
2018-07-24,19.3,181.12,KL-PAM-01
2018-07-25,19.3,172.93,KL-PAM-01
2018-07-26,11.2,165.11,KL-PAM-01
2018-07-27,7.1,156.55,KL-PAM-01
2018-07-28,5.2,148.43,KL-PAM-01
2018-07-29,23.8,141.38,KL-PAM-01
2018-07-30,24.9,135.6,KL-PAM-01
2018-07-31,13.1,132.2,KL-PAM-01
2018-08-01,6.4,128.27,KL-PAM-01
2018-08-02,11.1,122.46,KL-PAM-01
2018-08-03,7.0,116.37,KL-PAM-01
2018-08-04,4.2,110.07,KL-PAM-01
2018-08-05,8.8,104.35,KL-PAM-01
2018-08-06,7.9,99.85,KL-PAM-01
2018-08-07,20.5,97.55,KL-PAM-01
2018-08-08,40.1,103.38,KL-PAM-01
2018-08-09,15.1,112.39,KL-PAM-01
2018-08-10,8.5,112.13,KL-PAM-01
2018-08-11,8.0,108.8,KL-PAM-01
2018-08-12,32.0,105.56,KL-PAM-01
2018-08-13,30.8,108.04,KL-PAM-01
2018-08-14,57.6,241.81,KL-PAM-01
2018-08-15,111.1,466.89,KL-PAM-01
2018-08-16,58.0,493.46,KL-PAM-01
2018-08-17,24.1,426.71,KL-PAM-01
2018-08-18,31.4,371.54,KL-PAM-01
2018-08-19,18.6,333.34,KL-PAM-01
2018-08-20,6.6,303.24,KL-PAM-01
2018-08-21,3.1,279.69,KL-PAM-01
2018-08-22,2.2,258.57,KL-PAM-01
2018-08-23,2.2,239.59,KL-PAM-01
2018-08-24,0.2,223.02,KL-PAM-01
2018-08-25,2.6,208.08,KL-PAM-01
2018-08-26,5.0,195.03,KL-PAM-01
2018-08-27,9.1,183.23,KL-PAM-01
2018-08-28,6.5,172.53,KL-PAM-01
2018-08-29,3.4,165.88,KL-PAM-01
2018-08-30,5.2,157.28,KL-PAM-01
2018-08-31,5.3,149.46,KL-PAM-01
2018-09-01,1.9,142.37,KL-PAM-01
2018-09-02,2.6,134.67,KL-PAM-01
2018-09-03,0.8,127.09,KL-PAM-01
2018-09-04,1.3,119.66,KL-PAM-01
2018-09-05,1.0,112.39,KL-PAM-01
2018-09-06,1.9,105.81,KL-PAM-01
2018-09-07,1.3,100.08,KL-PAM-01
2018-09-08,0.8,94.65,KL-PAM-01
2018-09-09,0.0,89.31,KL-PAM-01
2018-09-10,0.0,84.26,KL-PAM-01
2018-09-11,0.0,79.69,KL-PAM-01
2018-09-12,0.0,75.71,KL-PAM-01
2018-09-13,1.1,71.76,KL-PAM-01
2018-09-14,0.0,67.86,KL-PAM-01
2018-09-15,0.3,64.32,KL-PAM-01
2018-09-16,7.8,61.1,KL-PAM-01
2018-09-17,4.4,58.58,KL-PAM-01
2018-09-18,10.8,56.56,KL-PAM-01
2018-09-19,6.1,55.0,KL-PAM-01
2018-09-20,14.7,53.47,KL-PAM-01
2018-09-21,0.7,52.85,KL-PAM-01
2018-09-22,0.3,51.03,KL-PAM-01
2018-09-23,6.3,48.81,KL-PAM-01
2018-09-24,8.7,48.69,KL-PAM-01
2018-09-25,2.5,49.5,KL-PAM-01
2018-09-26,6.9,49.74,KL-PAM-01
2018-09-27,4.7,50.43,KL-PAM-01
2018-09-28,15.3,54.61,KL-PAM-01
2018-09-29,8.8,58.3,KL-PAM-01
2018-09-30,19.2,61.67,KL-PAM-01
2018-10-01,17.9,64.77,KL-PAM-01
2018-10-02,8.6,67.23,KL-PAM-01
2018-10-03,19.1,73.79,KL-PAM-01
2018-10-04,23.0,213.93,KL-PAM-01
2018-10-05,15.6,237.38,KL-PAM-01
2018-10-06,41.7,202.38,KL-PAM-01
2018-10-07,10.5,177.38,KL-PAM-01
2018-10-08,12.2,167.81,KL-PAM-01
2018-10-09,10.3,165.49,KL-PAM-01
2018-10-10,11.6,158.74,KL-PAM-01
2018-10-11,3.6,151.91,KL-PAM-01
2018-10-12,10.6,147.4,KL-PAM-01
2018-10-13,16.3,145.03,KL-PAM-01
2018-10-14,10.7,153.68,KL-PAM-01
2018-10-15,10.0,161.33,KL-PAM-01
2018-10-16,29.4,159.1,KL-PAM-01
2018-10-17,6.2,157.28,KL-PAM-01
2018-10-18,7.2,149.81,KL-PAM-01
2018-10-19,17.1,143.36,KL-PAM-01
2018-10-20,27.1,146.04,KL-PAM-01
2018-10-21,17.4,154.03,KL-PAM-01
2018-10-22,12.9,162.83,KL-PAM-01
2018-10-23,2.9,165.88,KL-PAM-01
2018-10-24,4.6,161.33,KL-PAM-01
2018-10-25,1.2,153.68,KL-PAM-01
2018-10-26,7.1,145.37,KL-PAM-01
2018-10-27,4.8,136.87,KL-PAM-01
2018-10-28,0.7,129.17,KL-PAM-01
2018-10-29,2.7,121.89,KL-PAM-01
2018-10-30,0.7,116.1,KL-PAM-01
2018-10-31,3.3,110.32,KL-PAM-01
2018-11-01,4.6,106.3,KL-PAM-01
2018-11-02,5.3,105.08,KL-PAM-01
2018-11-03,20.8,108.04,KL-PAM-01
2018-11-04,0.0,109.56,KL-PAM-01
2018-11-05,3.2,105.08,KL-PAM-01
2018-11-06,1.4,99.38,KL-PAM-01
2018-11-07,0.0,96.42,KL-PAM-01
2018-11-08,4.0,95.09,KL-PAM-01
2018-11-09,18.8,98.92,KL-PAM-01
2018-11-10,2.3,99.85,KL-PAM-01
2018-11-11,2.0,95.75,KL-PAM-01
2018-11-12,2.5,91.19,KL-PAM-01
2018-11-13,1.7,88.07,KL-PAM-01
2018-11-14,2.5,85.05,KL-PAM-01
2018-11-15,5.2,81.95,KL-PAM-01
2018-11-16,41.5,137.51,KL-PAM-01
2018-11-17,0.6,155.82,KL-PAM-01
2018-11-18,4.2,140.08,KL-PAM-01
2018-11-19,21.7,126.2,KL-PAM-01
2018-11-20,4.9,116.91,KL-PAM-01
2018-11-21,3.7,109.31,KL-PAM-01
2018-11-22,12.2,104.1,KL-PAM-01
2018-11-23,10.5,100.3,KL-PAM-01
2018-11-24,27.3,98.92,KL-PAM-01
2018-11-25,1.7,99.38,KL-PAM-01
2018-11-26,0.2,95.53,KL-PAM-01
2018-11-27,0.0,90.14,KL-PAM-01
2018-11-28,0.9,84.86,KL-PAM-01
2018-11-29,36.6,80.43,KL-PAM-01
2018-11-30,15.6,80.06,KL-PAM-01
2018-12-01,0.5,78.22,KL-PAM-01
2018-12-02,0.7,74.14,KL-PAM-01
2018-12-03,0.0,69.95,KL-PAM-01
2018-12-04,10.3,66.45,KL-PAM-01
2018-12-05,18.0,64.77,KL-PAM-01
2018-12-06,6.4,67.7,KL-PAM-01
2018-12-07,1.5,68.33,KL-PAM-01
2018-12-08,0.2,65.83,KL-PAM-01
2018-12-09,0.0,62.69,KL-PAM-01
2018-12-10,0.7,59.54,KL-PAM-01
2018-12-11,0.9,56.69,KL-PAM-01
2018-12-12,1.9,54.48,KL-PAM-01
2018-12-13,2.7,52.85,KL-PAM-01
2018-12-14,1.7,51.63,KL-PAM-01
2018-12-15,0.0,49.97,KL-PAM-01
2018-12-16,2.8,48.13,KL-PAM-01
2018-12-17,1.7,45.92,KL-PAM-01
2018-12-18,0.0,43.82,KL-PAM-01
2018-12-19,1.8,41.71,KL-PAM-01
2018-12-20,0.1,39.98,KL-PAM-01
2018-12-21,0.0,38.32,KL-PAM-01
2018-12-22,1.3,37.25,KL-PAM-01
2018-12-23,21.4,39.24,KL-PAM-01
2018-12-24,12.1,40.84,KL-PAM-01
2018-12-25,1.2,41.13,KL-PAM-01
2018-12-26,0.0,40.36,KL-PAM-01
2018-12-27,2.1,38.78,KL-PAM-01
2018-12-28,2.7,37.35,KL-PAM-01
2018-12-29,1.4,36.13,KL-PAM-01
2018-12-30,0.8,34.71,KL-PAM-01
2018-12-31,0.0,33.27,KL-PAM-01
2019-01-01,0.0,31.81,KL-PAM-01
2019-01-02,0.0,30.49,KL-PAM-01
2019-01-03,0.0,29.28,KL-PAM-01
2019-01-04,0.0,28.12,KL-PAM-01
2019-01-05,0.0,27.14,KL-PAM-01
2019-01-06,0.0,26.19,KL-PAM-01
2019-01-07,0.0,25.27,KL-PAM-01
2019-01-08,0.0,24.45,KL-PAM-01
2019-01-09,0.0,23.7,KL-PAM-01
2019-01-10,0.0,22.97,KL-PAM-01
2019-01-11,0.0,14.46,KL-PAM-01
2019-01-12,0.0,9.5,KL-PAM-01
2019-01-13,0.0,8.25,KL-PAM-01
2019-01-14,0.0,7.94,KL-PAM-01
2019-01-15,0.0,7.7,KL-PAM-01
2019-01-16,0.0,7.45,KL-PAM-01
2019-01-17,0.0,7.24,KL-PAM-01
2019-01-18,0.0,7.04,KL-PAM-01
2019-01-19,0.0,6.88,KL-PAM-01
2019-01-20,0.0,6.72,KL-PAM-01
2019-01-21,0.0,6.55,KL-PAM-01
2019-01-22,0.0,6.43,KL-PAM-01
2019-01-23,0.0,6.29,KL-PAM-01
2019-01-24,0.8,6.18,KL-PAM-01
2019-01-25,0.0,6.13,KL-PAM-01
2019-01-26,0.3,6.05,KL-PAM-01
2019-01-27,1.3,5.99,KL-PAM-01
2019-01-28,0.1,5.98,KL-PAM-01
2019-01-29,0.2,5.91,KL-PAM-01
2019-01-30,0.0,5.87,KL-PAM-01
2019-01-31,0.0,9.17,KL-PAM-01
2019-02-01,0.0,11.97,KL-PAM-01
2019-02-02,0.0,12.42,KL-PAM-01
2019-02-03,0.0,12.3,KL-PAM-01
2019-02-04,0.1,12.4,KL-PAM-01
2019-02-05,3.1,13.21,KL-PAM-01
2019-02-06,0.9,12.64,KL-PAM-01
2019-02-07,0.2,12.07,KL-PAM-01
2019-02-08,3.2,11.95,KL-PAM-01
2019-02-09,11.8,12.03,KL-PAM-01
2019-02-10,4.1,12.7,KL-PAM-01
2019-02-11,0.0,13.15,KL-PAM-01
2019-02-12,0.0,12.96,KL-PAM-01
2019-02-13,0.0,12.55,KL-PAM-01
2019-02-14,0.0,12.15,KL-PAM-01
2019-02-15,1.7,11.95,KL-PAM-01
2019-02-16,5.0,11.74,KL-PAM-01
2019-02-17,0.1,11.54,KL-PAM-01
2019-02-18,0.2,11.29,KL-PAM-01
2019-02-19,1.5,11.31,KL-PAM-01
2019-02-20,1.0,11.04,KL-PAM-01
2019-02-21,0.0,10.9,KL-PAM-01
2019-02-22,0.0,10.68,KL-PAM-01
2019-02-23,0.0,10.61,KL-PAM-01
2019-02-24,0.0,10.44,KL-PAM-01
2019-02-25,0.0,10.42,KL-PAM-01
2019-02-26,0.6,10.34,KL-PAM-01
2019-02-27,0.5,10.63,KL-PAM-01
2019-02-28,2.0,10.71,KL-PAM-01
2019-03-01,0.0,10.24,KL-PAM-01
2019-03-02,10.2,11.26,KL-PAM-01
2019-03-03,1.0,12.52,KL-PAM-01
2019-03-04,0.7,12.48,KL-PAM-01
2019-03-05,0.9,12.07,KL-PAM-01
2019-03-06,0.7,11.77,KL-PAM-01
2019-03-07,0.0,11.34,KL-PAM-01
2019-03-08,4.8,11.29,KL-PAM-01
2019-03-09,8.5,11.57,KL-PAM-01
2019-03-10,0.8,11.77,KL-PAM-01
2019-03-11,2.7,11.74,KL-PAM-01
2019-03-12,0.6,11.48,KL-PAM-01
2019-03-13,0.0,11.09,KL-PAM-01
2019-03-14,0.0,10.71,KL-PAM-01
2019-03-15,0.0,10.82,KL-PAM-01
2019-03-16,0.0,10.68,KL-PAM-01
2019-03-17,0.3,10.34,KL-PAM-01
2019-03-18,0.9,10.16,KL-PAM-01
2019-03-19,0.2,10.11,KL-PAM-01
2019-03-20,2.4,10.19,KL-PAM-01
2019-03-21,0.3,9.89,KL-PAM-01
2019-03-22,0.8,9.72,KL-PAM-01
2019-03-23,0.3,9.84,KL-PAM-01
2019-03-24,1.4,9.82,KL-PAM-01
2019-03-25,0.8,9.53,KL-PAM-01
2019-03-26,0.0,9.32,KL-PAM-01
2019-03-27,0.9,9.15,KL-PAM-01
2019-03-28,3.1,9.29,KL-PAM-01
2019-03-29,2.1,9.43,KL-PAM-01
2019-03-30,3.1,9.7,KL-PAM-01
2019-03-31,1.1,9.82,KL-PAM-01
2019-04-01,1.9,9.82,KL-PAM-01
2019-04-02,0.8,9.82,KL-PAM-01
2019-04-03,2.5,10.32,KL-PAM-01
2019-04-04,0.2,10.56,KL-PAM-01
2019-04-05,0.6,10.37,KL-PAM-01
2019-04-06,2.3,10.53,KL-PAM-01
2019-04-07,0.3,10.74,KL-PAM-01
2019-04-08,2.6,10.79,KL-PAM-01
2019-04-09,6.0,15.22,KL-PAM-01
2019-04-10,2.2,18.74,KL-PAM-01
2019-04-11,2.3,19.9,KL-PAM-01
2019-04-12,1.1,20.53,KL-PAM-01
2019-04-13,1.4,21.03,KL-PAM-01
2019-04-14,1.5,21.18,KL-PAM-01
2019-04-15,0.8,20.97,KL-PAM-01
2019-04-16,10.7,20.83,KL-PAM-01
2019-04-17,14.1,21.33,KL-PAM-01
2019-04-18,30.1,24.39,KL-PAM-01
2019-04-19,8.8,32.49,KL-PAM-01
2019-04-20,35.3,44.65,KL-PAM-01
2019-04-21,2.1,52.36,KL-PAM-01
2019-04-22,10.4,53.6,KL-PAM-01
2019-04-23,5.2,56.69,KL-PAM-01
2019-04-24,0.1,60.67,KL-PAM-01
2019-04-25,1.0,61.96,KL-PAM-01
2019-04-26,3.6,60.67,KL-PAM-01
2019-04-27,1.0,60.67,KL-PAM-01
2019-04-28,6.6,65.06,KL-PAM-01
2019-04-29,12.2,74.84,KL-PAM-01
2019-04-30,10.3,82.71,KL-PAM-01
2019-05-01,6.4,82.51,KL-PAM-01
2019-05-02,0.8,79.32,KL-PAM-01
2019-05-03,2.0,75.01,KL-PAM-01
2019-05-04,1.5,70.76,KL-PAM-01
2019-05-05,0.3,66.92,KL-PAM-01
2019-05-06,2.8,63.27,KL-PAM-01
2019-05-07,2.3,62.1,KL-PAM-01
2019-05-08,0.5,63.57,KL-PAM-01
2019-05-09,4.5,62.1,KL-PAM-01
2019-05-10,0.3,60.95,KL-PAM-01
2019-05-11,9.5,60.95,KL-PAM-01
2019-05-12,15.7,62.83,KL-PAM-01
2019-05-13,4.1,67.7,KL-PAM-01
2019-05-14,3.4,68.97,KL-PAM-01
2019-05-15,4.7,68.49,KL-PAM-01
2019-05-16,6.3,68.97,KL-PAM-01
2019-05-17,7.2,69.13,KL-PAM-01
2019-05-18,4.0,70.93,KL-PAM-01
2019-05-19,6.2,71.59,KL-PAM-01
2019-05-20,4.3,72.26,KL-PAM-01
2019-05-21,5.8,75.53,KL-PAM-01
2019-05-22,12.6,79.32,KL-PAM-01
2019-05-23,6.8,82.51,KL-PAM-01
2019-05-24,33.3,84.65,KL-PAM-01
2019-05-25,7.7,87.66,KL-PAM-01
2019-05-26,8.6,88.89,KL-PAM-01
2019-05-27,6.3,88.07,KL-PAM-01
2019-05-28,0.6,91.41,KL-PAM-01
2019-05-29,26.4,105.08,KL-PAM-01
2019-05-30,10.3,116.64,KL-PAM-01
2019-05-31,25.3,116.37,KL-PAM-01
2019-06-01,3.5,114.76,KL-PAM-01
2019-06-02,9.5,111.35,KL-PAM-01
2019-06-03,7.9,109.82,KL-PAM-01
2019-06-04,18.0,107.05,KL-PAM-01
2019-06-05,32.0,105.81,KL-PAM-01
2019-06-06,9.8,110.32,KL-PAM-01
2019-06-07,10.5,111.87,KL-PAM-01
2019-06-08,11.9,110.07,KL-PAM-01
2019-06-09,34.7,112.13,KL-PAM-01
2019-06-10,22.7,134.04,KL-PAM-01
2019-06-11,22.5,149.12,KL-PAM-01
2019-06-12,26.6,152.96,KL-PAM-01
2019-06-13,17.0,154.03,KL-PAM-01
2019-06-14,13.9,152.61,KL-PAM-01
2019-06-15,11.6,147.06,KL-PAM-01
2019-06-16,3.6,139.76,KL-PAM-01
2019-06-17,9.3,131.89,KL-PAM-01
2019-06-18,6.1,124.75,KL-PAM-01
2019-06-19,18.6,119.38,KL-PAM-01
2019-06-20,17.0,115.56,KL-PAM-01
2019-06-21,18.2,113.97,KL-PAM-01
2019-06-22,18.3,117.73,KL-PAM-01
2019-06-23,17.8,124.18,KL-PAM-01
2019-06-24,10.6,122.46,KL-PAM-01
2019-06-25,13.4,117.73,KL-PAM-01
2019-06-26,4.2,112.39,KL-PAM-01
2019-06-27,2.7,107.54,KL-PAM-01
2019-06-28,1.0,102.9,KL-PAM-01
2019-06-29,3.0,98.46,KL-PAM-01
2019-06-30,3.3,95.09,KL-PAM-01
2019-07-01,7.7,91.41,KL-PAM-01
2019-07-02,13.9,90.98,KL-PAM-01
2019-07-03,10.9,94.21,KL-PAM-01
2019-07-04,12.9,94.21,KL-PAM-01
2019-07-05,10.9,92.91,KL-PAM-01
2019-07-06,4.1,93.55,KL-PAM-01
2019-07-07,8.5,93.55,KL-PAM-01
2019-07-08,6.6,90.56,KL-PAM-01
2019-07-09,19.0,87.05,KL-PAM-01
2019-07-10,8.2,86.45,KL-PAM-01
2019-07-11,0.3,86.05,KL-PAM-01
2019-07-12,5.3,82.33,KL-PAM-01
2019-07-13,11.4,78.58,KL-PAM-01
2019-07-14,26.3,77.13,KL-PAM-01
2019-07-15,15.2,77.67,KL-PAM-01
2019-07-16,13.8,78.77,KL-PAM-01
2019-07-17,32.9,78.22,KL-PAM-01
2019-07-18,63.4,184.08,KL-PAM-01
2019-07-19,66.5,282.29,KL-PAM-01
2019-07-20,34.5,264.0,KL-PAM-01
2019-07-21,47.3,244.05,KL-PAM-01
2019-07-22,14.7,226.66,KL-PAM-01
2019-07-23,6.0,211.47,KL-PAM-01
2019-07-24,3.4,194.58,KL-PAM-01
2019-07-25,23.1,179.86,KL-PAM-01
2019-07-26,3.8,169.76,KL-PAM-01
2019-07-27,1.7,159.48,KL-PAM-01
2019-07-28,0.6,149.12,KL-PAM-01
2019-07-29,2.5,139.76,KL-PAM-01
2019-07-30,3.7,131.59,KL-PAM-01
2019-07-31,2.5,123.6,KL-PAM-01
2019-08-01,3.8,116.37,KL-PAM-01
2019-08-02,7.3,110.32,KL-PAM-01
2019-08-03,6.5,105.81,KL-PAM-01
2019-08-04,13.3,101.95,KL-PAM-01
2019-08-05,17.4,100.3,KL-PAM-01
2019-08-06,27.1,100.77,KL-PAM-01
2019-08-07,47.9,116.64,KL-PAM-01
2019-08-08,56.1,178.21,KL-PAM-01
2019-08-09,25.7,196.85,KL-PAM-01
2019-08-10,30.0,189.7,KL-PAM-01
2019-08-11,27.2,181.54,KL-PAM-01
2019-08-12,18.4,172.13,KL-PAM-01
2019-08-13,180.3,213.44,KL-PAM-01
2019-08-14,37.3,229.82,KL-PAM-01
2019-08-15,15.9,220.46,KL-PAM-01
2019-08-16,5.1,203.33,KL-PAM-01
2019-08-17,12.9,189.26,KL-PAM-01
2019-08-18,12.4,176.98,KL-PAM-01
2019-08-19,13.5,165.88,KL-PAM-01
2019-08-20,19.6,160.21,KL-PAM-01
2019-08-21,30.1,157.64,KL-PAM-01
2019-08-22,30.5,158.74,KL-PAM-01
2019-08-23,29.2,162.46,KL-PAM-01
2019-08-24,8.8,160.59,KL-PAM-01
2019-08-25,34.0,155.47,KL-PAM-01
2019-08-26,57.5,203.79,KL-PAM-01
2019-08-27,17.3,225.09,KL-PAM-01
2019-08-28,26.1,223.54,KL-PAM-01
2019-08-29,22.8,220.46,KL-PAM-01
2019-08-30,10.4,215.92,KL-PAM-01
2019-08-31,11.8,205.69,KL-PAM-01
2019-09-01,14.8,196.85,KL-PAM-01
2019-09-02,27.4,193.24,KL-PAM-01
2019-09-03,13.0,189.26,KL-PAM-01
2019-09-04,20.5,183.65,KL-PAM-01
2019-09-05,17.0,183.65,KL-PAM-01
2019-09-06,10.2,181.54,KL-PAM-01
2019-09-07,6.7,176.57,KL-PAM-01
2019-09-08,5.1,168.59,KL-PAM-01
2019-09-09,2.7,159.1,KL-PAM-01
2019-09-10,15.1,149.81,KL-PAM-01
2019-09-11,17.2,142.37,KL-PAM-01
2019-09-12,14.5,143.36,KL-PAM-01
2019-09-13,7.7,141.06,KL-PAM-01
2019-09-14,6.8,134.99,KL-PAM-01
2019-09-15,18.1,128.57,KL-PAM-01
2019-09-16,8.6,124.18,KL-PAM-01
2019-09-17,15.1,119.66,KL-PAM-01
2019-09-18,26.4,115.56,KL-PAM-01
2019-09-19,20.9,113.7,KL-PAM-01
2019-09-20,8.0,113.7,KL-PAM-01
2019-09-21,3.3,109.82,KL-PAM-01
2019-09-22,15.6,104.83,KL-PAM-01
2019-09-23,21.6,106.8,KL-PAM-01
2019-09-24,15.5,110.58,KL-PAM-01
2019-09-25,37.9,114.76,KL-PAM-01
2019-09-26,44.1,112.91,KL-PAM-01
2019-09-27,3.5,109.56,KL-PAM-01
2019-09-28,11.8,106.55,KL-PAM-01
2019-09-29,34.5,104.59,KL-PAM-01
2019-09-30,16.7,103.38,KL-PAM-01
2019-10-01,10.4,101.01,KL-PAM-01
2019-10-02,18.8,100.54,KL-PAM-01
2019-10-03,7.9,101.95,KL-PAM-01
2019-10-04,3.1,104.35,KL-PAM-01
2019-10-05,17.3,105.08,KL-PAM-01
2019-10-06,5.2,109.31,KL-PAM-01
2019-10-07,8.5,110.07,KL-PAM-01
2019-10-08,4.2,112.13,KL-PAM-01
2019-10-09,7.0,112.39,KL-PAM-01
2019-10-10,3.6,111.87,KL-PAM-01
2019-10-11,18.0,109.82,KL-PAM-01
2019-10-12,15.5,108.54,KL-PAM-01
2019-10-13,10.5,112.65,KL-PAM-01
2019-10-14,31.7,117.19,KL-PAM-01
2019-10-15,12.6,118.54,KL-PAM-01
2019-10-16,32.1,123.32,KL-PAM-01
2019-10-17,10.1,128.27,KL-PAM-01
2019-10-18,14.3,137.51,KL-PAM-01
2019-10-19,19.9,144.36,KL-PAM-01
2019-10-20,39.3,152.61,KL-PAM-01
2019-10-21,26.6,161.71,KL-PAM-01
2019-10-22,12.6,162.08,KL-PAM-01
2019-10-23,61.6,159.1,KL-PAM-01
2019-10-24,19.6,160.21,KL-PAM-01
2019-10-25,10.9,156.55,KL-PAM-01
2019-10-26,6.7,149.81,KL-PAM-01
2019-10-27,0.0,145.7,KL-PAM-01
2019-10-28,1.9,144.36,KL-PAM-01
2019-10-29,9.4,145.03,KL-PAM-01
2019-10-30,44.2,147.74,KL-PAM-01
2019-10-31,60.6,151.2,KL-PAM-01
2019-11-01,0.1,154.75,KL-PAM-01
2019-11-02,2.1,148.43,KL-PAM-01
2019-11-03,17.4,147.4,KL-PAM-01
2019-11-04,4.4,149.12,KL-PAM-01
2019-11-05,1.3,144.7,KL-PAM-01
2019-11-06,5.5,137.51,KL-PAM-01
2019-11-07,9.1,131.59,KL-PAM-01
2019-11-08,7.7,127.68,KL-PAM-01
2019-11-09,14.5,130.67,KL-PAM-01
2019-11-10,23.1,136.87,KL-PAM-01
2019-11-11,12.9,139.76,KL-PAM-01
2019-11-12,11.9,137.83,KL-PAM-01
2019-11-13,0.6,134.04,KL-PAM-01
2019-11-14,1.3,126.79,KL-PAM-01
2019-11-15,20.9,120.21,KL-PAM-01
2019-11-16,17.4,118.54,KL-PAM-01
2019-11-17,10.2,120.77,KL-PAM-01
2019-11-18,0.8,117.73,KL-PAM-01
2019-11-19,25.6,113.97,KL-PAM-01
2019-11-20,7.6,113.18,KL-PAM-01
2019-11-21,2.8,110.32,KL-PAM-01
2019-11-22,10.9,105.56,KL-PAM-01
2019-11-23,0.2,102.19,KL-PAM-01
2019-11-24,2.6,97.1,KL-PAM-01
2019-11-25,5.8,92.69,KL-PAM-01
2019-11-26,3.7,87.86,KL-PAM-01
2019-11-27,0.6,83.1,KL-PAM-01
2019-11-28,0.3,79.5,KL-PAM-01
2019-11-29,3.6,77.85,KL-PAM-01
2019-11-30,57.6,77.67,KL-PAM-01
2019-12-01,21.6,82.51,KL-PAM-01
2019-12-02,0.3,85.05,KL-PAM-01
2019-12-03,2.8,82.91,KL-PAM-01
2019-12-04,0.0,80.25,KL-PAM-01
2019-12-05,3.9,76.6,KL-PAM-01
2019-12-06,0.0,72.94,KL-PAM-01
2019-12-07,1.9,70.44,KL-PAM-01
2019-12-08,0.5,68.82,KL-PAM-01
2019-12-09,0.0,66.76,KL-PAM-01
2019-12-10,0.2,63.57,KL-PAM-01
2019-12-11,1.5,60.24,KL-PAM-01
2019-12-12,0.3,57.63,KL-PAM-01
2019-12-13,6.6,55.26,KL-PAM-01
2019-12-14,25.3,54.61,KL-PAM-01
2019-12-15,0.3,55.77,KL-PAM-01
2019-12-16,0.0,54.1,KL-PAM-01
2019-12-17,0.8,51.39,KL-PAM-01
2019-12-18,0.2,48.81,KL-PAM-01
2019-12-19,1.1,46.47,KL-PAM-01
2019-12-20,9.2,45.18,KL-PAM-01
2019-12-21,0.1,47.68,KL-PAM-01
2019-12-22,1.0,47.79,KL-PAM-01
2019-12-23,0.4,45.6,KL-PAM-01
2019-12-24,0.6,43.82,KL-PAM-01
2019-12-25,8.5,43.72,KL-PAM-01
2019-12-26,6.0,42.5,KL-PAM-01
2019-12-27,0.0,40.93,KL-PAM-01
2019-12-28,0.0,39.24,KL-PAM-01
2019-12-29,0.2,37.53,KL-PAM-01
2019-12-30,0.2,35.79,KL-PAM-01
2019-12-31,0.7,34.47,KL-PAM-01
2020-01-01,0.5,33.11,KL-PAM-01
2020-01-02,0.2,31.96,KL-PAM-01
2020-01-03,1.1,30.85,KL-PAM-01
2020-01-04,3.2,29.91,KL-PAM-01
2020-01-05,1.0,29.21,KL-PAM-01
2020-01-06,0.5,28.46,KL-PAM-01
2020-01-07,0.1,27.6,KL-PAM-01
2020-01-08,1.4,26.69,KL-PAM-01
2020-01-09,0.0,25.94,KL-PAM-01
2020-01-10,0.0,25.15,KL-PAM-01
2020-01-11,0.0,16.61,KL-PAM-01
2020-01-12,0.0,11.77,KL-PAM-01
2020-01-13,0.6,9.79,KL-PAM-01
2020-01-14,0.0,9.06,KL-PAM-01
2020-01-15,0.0,8.7,KL-PAM-01
2020-01-16,0.0,8.42,KL-PAM-01
2020-01-17,0.0,8.13,KL-PAM-01
2020-01-18,0.5,7.86,KL-PAM-01
2020-01-19,1.1,7.7,KL-PAM-01
2020-01-20,0.1,7.55,KL-PAM-01
2020-01-21,0.0,7.43,KL-PAM-01
2020-01-22,0.0,7.18,KL-PAM-01
2020-01-23,0.2,6.93,KL-PAM-01
2020-01-24,0.0,6.75,KL-PAM-01
2020-01-25,0.0,6.6,KL-PAM-01
2020-01-26,0.0,6.46,KL-PAM-01
2020-01-27,0.3,6.36,KL-PAM-01
2020-01-28,0.2,6.33,KL-PAM-01
2020-01-29,0.1,6.27,KL-PAM-01
2020-01-30,0.3,6.15,KL-PAM-01
2020-01-31,0.9,9.6,KL-PAM-01
2020-02-01,0.6,12.19,KL-PAM-01
2020-02-02,1.2,13.02,KL-PAM-01
2020-02-03,0.0,12.92,KL-PAM-01
2020-02-04,0.0,12.61,KL-PAM-01
2020-02-05,0.3,12.58,KL-PAM-01
2020-02-06,0.8,12.42,KL-PAM-01
2020-02-07,0.7,12.52,KL-PAM-01
2020-02-08,0.1,12.42,KL-PAM-01
2020-02-09,0.0,12.25,KL-PAM-01
2020-02-10,0.0,11.85,KL-PAM-01
2020-02-11,0.0,11.6,KL-PAM-01
2020-02-12,0.1,11.37,KL-PAM-01
2020-02-13,0.1,11.29,KL-PAM-01
2020-02-14,0.4,11.26,KL-PAM-01
2020-02-15,1.0,11.15,KL-PAM-01
2020-02-16,0.0,11.04,KL-PAM-01
2020-02-17,0.0,10.9,KL-PAM-01
2020-02-18,0.0,10.87,KL-PAM-01
2020-02-19,0.0,11.06,KL-PAM-01
2020-02-20,0.0,10.68,KL-PAM-01
2020-02-21,0.9,10.27,KL-PAM-01
2020-02-22,0.7,10.32,KL-PAM-01
2020-02-23,0.0,10.29,KL-PAM-01
2020-02-24,0.0,9.94,KL-PAM-01
2020-02-25,0.0,9.67,KL-PAM-01
2020-02-26,0.0,9.55,KL-PAM-01
2020-02-27,0.4,9.62,KL-PAM-01
2020-02-28,0.2,9.43,KL-PAM-01
2020-02-29,0.2,9.45,KL-PAM-01
2020-03-01,0.0,9.57,KL-PAM-01
2020-03-02,6.0,10.32,KL-PAM-01
2020-03-03,6.4,11.26,KL-PAM-01
2020-03-04,4.4,10.93,KL-PAM-01
2020-03-05,4.8,11.04,KL-PAM-01
2020-03-06,1.9,10.77,KL-PAM-01
2020-03-07,1.1,10.44,KL-PAM-01
2020-03-08,0.7,10.22,KL-PAM-01
2020-03-09,7.4,10.11,KL-PAM-01
2020-03-10,1.2,10.48,KL-PAM-01
2020-03-11,1.2,12.86,KL-PAM-01
2020-03-12,0.3,15.59,KL-PAM-01
2020-03-13,0.0,15.48,KL-PAM-01
2020-03-14,0.1,14.53,KL-PAM-01
2020-03-15,0.8,13.91,KL-PAM-01
2020-03-16,0.2,13.25,KL-PAM-01
2020-03-17,0.0,12.8,KL-PAM-01
2020-03-18,0.5,12.33,KL-PAM-01
2020-03-19,1.8,12.03,KL-PAM-01
2020-03-20,1.1,11.68,KL-PAM-01
2020-03-21,16.7,13.02,KL-PAM-01
2020-03-22,0.2,13.37,KL-PAM-01
2020-03-23,10.8,13.81,KL-PAM-01
2020-03-24,5.9,15.37,KL-PAM-01
2020-03-25,3.4,15.63,KL-PAM-01
2020-03-26,0.0,14.89,KL-PAM-01
2020-03-27,0.6,14.15,KL-PAM-01
2020-03-28,0.3,13.44,KL-PAM-01
2020-03-29,0.2,13.31,KL-PAM-01
2020-03-30,1.6,13.15,KL-PAM-01
2020-03-31,1.6,12.67,KL-PAM-01
2020-04-01,0.0,12.33,KL-PAM-01
2020-04-02,0.1,12.03,KL-PAM-01
2020-04-03,2.6,11.91,KL-PAM-01
2020-04-04,0.5,11.74,KL-PAM-01
2020-04-05,2.6,12.27,KL-PAM-01
2020-04-06,5.5,12.86,KL-PAM-01
2020-04-07,3.1,14.25,KL-PAM-01
2020-04-08,8.6,18.56,KL-PAM-01
2020-04-09,3.0,21.95,KL-PAM-01
2020-04-10,2.5,23.7,KL-PAM-01
2020-04-11,1.4,23.87,KL-PAM-01
2020-04-12,0.3,23.3,KL-PAM-01
2020-04-13,0.6,22.81,KL-PAM-01
2020-04-14,0.9,22.6,KL-PAM-01
2020-04-15,2.3,22.65,KL-PAM-01
2020-04-16,1.2,23.08,KL-PAM-01
2020-04-17,3.1,23.64,KL-PAM-01
2020-04-18,2.0,24.04,KL-PAM-01
2020-04-19,8.3,24.39,KL-PAM-01
2020-04-20,3.7,24.56,KL-PAM-01
2020-04-21,7.9,25.39,KL-PAM-01
2020-04-22,14.1,26.38,KL-PAM-01
2020-04-23,9.6,27.33,KL-PAM-01
2020-04-24,19.4,29.56,KL-PAM-01
2020-04-25,1.1,30.92,KL-PAM-01
2020-04-26,6.9,31.36,KL-PAM-01
2020-04-27,0.3,32.96,KL-PAM-01
2020-04-28,34.6,34.39,KL-PAM-01
2020-04-29,1.5,37.0,KL-PAM-01
2020-04-30,9.0,37.53,KL-PAM-01
2020-05-01,3.4,37.08,KL-PAM-01
2020-05-02,8.3,37.43,KL-PAM-01
2020-05-03,5.3,38.87,KL-PAM-01
2020-05-04,3.8,39.79,KL-PAM-01
2020-05-05,7.4,39.42,KL-PAM-01
2020-05-06,2.1,39.05,KL-PAM-01
2020-05-07,8.1,40.45,KL-PAM-01
2020-05-08,14.9,44.02,KL-PAM-01
2020-05-09,6.8,46.79,KL-PAM-01
2020-05-10,5.5,49.15,KL-PAM-01
2020-05-11,3.0,49.62,KL-PAM-01
2020-05-12,12.0,48.69,KL-PAM-01
2020-05-13,6.8,50.55,KL-PAM-01
2020-05-14,29.2,52.11,KL-PAM-01
2020-05-15,15.6,54.74,KL-PAM-01
2020-05-16,39.9,58.86,KL-PAM-01
2020-05-17,21.8,58.86,KL-PAM-01
2020-05-18,30.7,63.27,KL-PAM-01
2020-05-19,10.6,70.6,KL-PAM-01
2020-05-20,7.9,70.93,KL-PAM-01
2020-05-21,30.6,69.29,KL-PAM-01
2020-05-22,10.9,68.66,KL-PAM-01
2020-05-23,3.9,66.76,KL-PAM-01
2020-05-24,3.9,65.98,KL-PAM-01
2020-05-25,20.3,64.61,KL-PAM-01
2020-05-26,14.4,63.42,KL-PAM-01
2020-05-27,12.3,62.97,KL-PAM-01
2020-05-28,20.2,62.39,KL-PAM-01
2020-05-29,26.3,71.59,KL-PAM-01
2020-05-30,24.6,82.71,KL-PAM-01
2020-05-31,18.6,82.33,KL-PAM-01
2020-06-01,24.1,80.81,KL-PAM-01
2020-06-02,30.3,85.44,KL-PAM-01
2020-06-03,22.5,91.19,KL-PAM-01
2020-06-04,19.1,92.26,KL-PAM-01
2020-06-05,33.5,93.12,KL-PAM-01
2020-06-06,36.8,96.65,KL-PAM-01
2020-06-07,21.8,103.14,KL-PAM-01
2020-06-08,2.5,112.13,KL-PAM-01
2020-06-09,7.8,109.31,KL-PAM-01
2020-06-10,12.2,104.83,KL-PAM-01
2020-06-11,15.4,101.95,KL-PAM-01
2020-06-12,6.9,101.01,KL-PAM-01
2020-06-13,13.2,98.92,KL-PAM-01
2020-06-14,9.1,99.61,KL-PAM-01
2020-06-15,6.9,99.38,KL-PAM-01
2020-06-16,14.5,96.2,KL-PAM-01
2020-06-17,7.7,92.91,KL-PAM-01
2020-06-18,2.3,91.19,KL-PAM-01
2020-06-19,23.5,87.86,KL-PAM-01
2020-06-20,13.7,85.84,KL-PAM-01
2020-06-21,36.8,84.86,KL-PAM-01
2020-06-22,26.0,87.46,KL-PAM-01
2020-06-23,5.9,87.05,KL-PAM-01
2020-06-24,12.3,83.87,KL-PAM-01
2020-06-25,25.5,84.07,KL-PAM-01
2020-06-26,33.1,89.94,KL-PAM-01
2020-06-27,12.1,91.83,KL-PAM-01
2020-06-28,14.5,89.1,KL-PAM-01
2020-06-29,28.8,86.65,KL-PAM-01
2020-06-30,9.7,89.94,KL-PAM-01
2020-07-01,7.6,88.07,KL-PAM-01
2020-07-02,21.3,84.65,KL-PAM-01
2020-07-03,13.8,85.05,KL-PAM-01
2020-07-04,10.4,86.85,KL-PAM-01
2020-07-05,9.3,86.45,KL-PAM-01
2020-07-06,19.6,85.05,KL-PAM-01
2020-07-07,3.3,83.48,KL-PAM-01
2020-07-08,7.5,80.25,KL-PAM-01
2020-07-09,23.8,78.22,KL-PAM-01
2020-07-10,4.0,78.95,KL-PAM-01
2020-07-11,15.0,77.67,KL-PAM-01
2020-07-12,5.8,76.95,KL-PAM-01
2020-07-13,5.4,78.58,KL-PAM-01
2020-07-14,0.3,78.95,KL-PAM-01
2020-07-15,17.9,76.42,KL-PAM-01
2020-07-16,36.3,75.01,KL-PAM-01
2020-07-17,26.6,82.91,KL-PAM-01
2020-07-18,5.7,92.69,KL-PAM-01
2020-07-19,1.7,92.26,KL-PAM-01
2020-07-20,12.4,88.07,KL-PAM-01
2020-07-21,20.3,88.69,KL-PAM-01
2020-07-22,11.3,88.07,KL-PAM-01
2020-07-23,16.6,91.41,KL-PAM-01
2020-07-24,19.0,93.12,KL-PAM-01
2020-07-25,10.0,96.87,KL-PAM-01
2020-07-26,7.1,95.31,KL-PAM-01
2020-07-27,0.6,91.19,KL-PAM-01
2020-07-28,18.3,87.86,KL-PAM-01
2020-07-29,75.4,99.15,KL-PAM-01
2020-07-30,19.2,112.13,KL-PAM-01
2020-07-31,34.4,118.0,KL-PAM-01
2020-08-01,13.1,124.46,KL-PAM-01
2020-08-02,30.7,148.09,KL-PAM-01
2020-08-03,17.1,170.94,KL-PAM-01
2020-08-04,20.3,179.04,KL-PAM-01
2020-08-05,15.5,193.24,KL-PAM-01
2020-08-06,37.0,226.66,KL-PAM-01
2020-08-07,43.4,275.85,KL-PAM-01
2020-08-08,37.7,304.64,KL-PAM-01
2020-08-09,84.9,337.99,KL-PAM-01
2020-08-10,17.8,329.52,KL-PAM-01
2020-08-11,9.3,304.64,KL-PAM-01
2020-08-12,3.1,279.05,KL-PAM-01
2020-08-13,4.9,256.78,KL-PAM-01
2020-08-14,3.3,238.48,KL-PAM-01
2020-08-15,2.9,223.02,KL-PAM-01
2020-08-16,4.7,209.04,KL-PAM-01
2020-08-17,1.4,195.49,KL-PAM-01
2020-08-18,1.9,183.65,KL-PAM-01
2020-08-19,1.3,172.93,KL-PAM-01
2020-08-20,3.3,162.46,KL-PAM-01
2020-08-21,1.0,152.61,KL-PAM-01
2020-08-22,2.1,143.36,KL-PAM-01
2020-08-23,11.6,135.92,KL-PAM-01
2020-08-24,4.4,131.28,KL-PAM-01
2020-08-25,1.2,125.63,KL-PAM-01
2020-08-26,2.1,118.83,KL-PAM-01
2020-08-27,1.9,112.39,KL-PAM-01
2020-08-28,0.8,106.05,KL-PAM-01
2020-08-29,6.0,99.85,KL-PAM-01
2020-08-30,7.3,94.21,KL-PAM-01
2020-08-31,7.3,89.72,KL-PAM-01
2020-09-01,62.0,87.46,KL-PAM-01
2020-09-02,62.5,89.31,KL-PAM-01
2020-09-03,7.7,95.31,KL-PAM-01
2020-09-04,11.7,95.53,KL-PAM-01
2020-09-05,19.8,92.48,KL-PAM-01
2020-09-06,67.3,221.99,KL-PAM-01
2020-09-07,35.5,225.09,KL-PAM-01
2020-09-08,28.1,185.36,KL-PAM-01
2020-09-09,38.0,165.49,KL-PAM-01
2020-09-10,14.7,159.84,KL-PAM-01
2020-09-11,28.4,152.61,KL-PAM-01
2020-09-12,14.7,151.55,KL-PAM-01
2020-09-13,16.5,151.55,KL-PAM-01
2020-09-14,22.0,149.12,KL-PAM-01
2020-09-15,11.2,144.36,KL-PAM-01
2020-09-16,11.5,137.51,KL-PAM-01
2020-09-17,17.4,130.98,KL-PAM-01
2020-09-18,21.7,126.5,KL-PAM-01
2020-09-19,31.4,176.57,KL-PAM-01
2020-09-20,11.0,224.57,KL-PAM-01
2020-09-21,18.4,261.57,KL-PAM-01
2020-09-22,14.0,265.83,KL-PAM-01
2020-09-23,11.5,249.76,KL-PAM-01
2020-09-24,14.8,228.23,KL-PAM-01
2020-09-25,11.8,210.99,KL-PAM-01
2020-09-26,15.4,198.67,KL-PAM-01
2020-09-27,6.4,186.22,KL-PAM-01
2020-09-28,10.2,175.35,KL-PAM-01
2020-09-29,6.3,166.64,KL-PAM-01
2020-09-30,16.0,157.28,KL-PAM-01
2020-10-01,1.9,149.81,KL-PAM-01
2020-10-02,3.9,141.38,KL-PAM-01
2020-10-03,1.8,133.12,KL-PAM-01
2020-10-04,1.1,125.92,KL-PAM-01
2020-10-05,0.0,118.54,KL-PAM-01
2020-10-06,12.7,111.87,KL-PAM-01
2020-10-07,6.8,112.65,KL-PAM-01
2020-10-08,38.4,111.35,KL-PAM-01
2020-10-09,4.3,114.76,KL-PAM-01
2020-10-10,41.2,112.91,KL-PAM-01
2020-10-11,15.7,111.61,KL-PAM-01
2020-10-12,26.7,117.19,KL-PAM-01
2020-10-13,19.4,141.38,KL-PAM-01
2020-10-14,18.3,164.35,KL-PAM-01
2020-10-15,14.0,169.76,KL-PAM-01
2020-10-16,6.2,165.11,KL-PAM-01
2020-10-17,12.6,155.47,KL-PAM-01
2020-10-18,3.9,147.4,KL-PAM-01
2020-10-19,5.3,138.47,KL-PAM-01
2020-10-20,14.8,130.37,KL-PAM-01
2020-10-21,3.4,123.03,KL-PAM-01
2020-10-22,2.1,115.83,KL-PAM-01
2020-10-23,1.6,109.05,KL-PAM-01
2020-10-24,1.5,103.38,KL-PAM-01
2020-10-25,0.0,97.32,KL-PAM-01
2020-10-26,1.6,91.62,KL-PAM-01
2020-10-27,10.8,88.07,KL-PAM-01
2020-10-28,7.1,93.55,KL-PAM-01
2020-10-29,10.9,99.15,KL-PAM-01
2020-10-30,1.1,97.1,KL-PAM-01
2020-10-31,0.1,92.91,KL-PAM-01
2020-11-01,6.6,88.69,KL-PAM-01
2020-11-02,4.5,85.05,KL-PAM-01
2020-11-03,22.7,81.95,KL-PAM-01
2020-11-04,14.0,83.68,KL-PAM-01
2020-11-05,6.1,87.25,KL-PAM-01
2020-11-06,7.1,89.31,KL-PAM-01
2020-11-07,2.8,87.25,KL-PAM-01
2020-11-08,17.2,83.87,KL-PAM-01
2020-11-09,1.2,83.68,KL-PAM-01
2020-11-10,0.0,81.38,KL-PAM-01
2020-11-11,0.2,77.13,KL-PAM-01
2020-11-12,1.7,73.96,KL-PAM-01
2020-11-13,9.5,73.11,KL-PAM-01
2020-11-14,0.3,74.49,KL-PAM-01
2020-11-15,11.0,72.77,KL-PAM-01
2020-11-16,10.1,72.6,KL-PAM-01
2020-11-17,39.4,80.62,KL-PAM-01
2020-11-18,2.2,91.62,KL-PAM-01
2020-11-19,0.7,90.77,KL-PAM-01
2020-11-20,1.4,85.84,KL-PAM-01
2020-11-21,0.0,82.13,KL-PAM-01
2020-11-22,0.1,77.67,KL-PAM-01
2020-11-23,0.0,73.45,KL-PAM-01
2020-11-24,0.6,69.45,KL-PAM-01
2020-11-25,2.8,65.68,KL-PAM-01
2020-11-26,3.8,62.83,KL-PAM-01
2020-11-27,3.5,60.53,KL-PAM-01
2020-11-28,0.7,58.3,KL-PAM-01
2020-11-29,0.6,55.77,KL-PAM-01
2020-11-30,0.5,53.23,KL-PAM-01
2020-12-01,0.0,50.91,KL-PAM-01
2020-12-02,6.2,48.92,KL-PAM-01
2020-12-03,7.2,51.03,KL-PAM-01
2020-12-04,0.9,60.24,KL-PAM-01
2020-12-05,10.7,71.42,KL-PAM-01
2020-12-06,28.4,120.21,KL-PAM-01
2020-12-07,20.0,143.7,KL-PAM-01
2020-12-08,6.3,133.74,KL-PAM-01
2020-12-09,2.6,120.21,KL-PAM-01
2020-12-10,0.4,109.31,KL-PAM-01
2020-12-11,0.9,100.54,KL-PAM-01
2020-12-12,0.5,93.77,KL-PAM-01
2020-12-13,0.0,88.07,KL-PAM-01
2020-12-14,0.0,82.91,KL-PAM-01
2020-12-15,7.4,78.04,KL-PAM-01
2020-12-16,6.9,75.36,KL-PAM-01
2020-12-17,2.5,74.84,KL-PAM-01
2020-12-18,11.5,75.88,KL-PAM-01
2020-12-19,0.0,76.42,KL-PAM-01
2020-12-20,0.0,73.62,KL-PAM-01
2020-12-21,0.0,69.45,KL-PAM-01
2020-12-22,3.1,65.98,KL-PAM-01
2020-12-23,1.5,65.06,KL-PAM-01
2020-12-24,0.2,62.97,KL-PAM-01
2020-12-25,0.4,59.69,KL-PAM-01
2020-12-26,0.0,56.56,KL-PAM-01
2020-12-27,0.0,53.47,KL-PAM-01
2020-12-28,0.0,50.79,KL-PAM-01
2020-12-29,0.2,48.24,KL-PAM-01
2020-12-30,0.4,46.79,KL-PAM-01
2020-12-31,13.6,45.39,KL-PAM-01
2021-01-01,0.0,45.81,KL-PAM-01
2021-01-02,0.0,44.75,KL-PAM-01
2021-01-03,3.1,42.6,KL-PAM-01
2021-01-04,22.4,41.03,KL-PAM-01
2021-01-05,5.8,41.13,KL-PAM-01
2021-01-06,37.1,50.67,KL-PAM-01
2021-01-07,9.0,61.96,KL-PAM-01
2021-01-08,9.0,64.01,KL-PAM-01
2021-01-09,4.9,64.32,KL-PAM-01
2021-01-10,8.3,64.77,KL-PAM-01
2021-01-11,3.9,61.67,KL-PAM-01
2021-01-12,42.2,63.87,KL-PAM-01
2021-01-13,26.5,70.76,KL-PAM-01
2021-01-14,10.0,78.95,KL-PAM-01
2021-01-15,5.9,79.32,KL-PAM-01
2021-01-16,2.9,76.6,KL-PAM-01
2021-01-17,0.3,75.88,KL-PAM-01
2021-01-18,0.0,72.1,KL-PAM-01
2021-01-19,0.0,67.38,KL-PAM-01
2021-01-20,0.0,63.13,KL-PAM-01
2021-01-21,1.5,55.65,KL-PAM-01
2021-01-22,2.3,51.15,KL-PAM-01
2021-01-23,2.1,48.69,KL-PAM-01
2021-01-24,0.3,47.01,KL-PAM-01
2021-01-25,0.0,44.75,KL-PAM-01
2021-01-26,0.0,41.91,KL-PAM-01
2021-01-27,0.0,39.24,KL-PAM-01
2021-01-28,0.0,36.65,KL-PAM-01
2021-01-29,0.0,34.31,KL-PAM-01
2021-01-30,0.2,32.12,KL-PAM-01
2021-01-31,0.3,35.21,KL-PAM-01
2021-02-01,0.0,35.46,KL-PAM-01
2021-02-02,0.0,33.82,KL-PAM-01
2021-02-03,0.1,32.26,KL-PAM-01
2021-02-04,0.0,30.7,KL-PAM-01
2021-02-05,0.0,29.28,KL-PAM-01
2021-02-06,0.0,28.06,KL-PAM-01
2021-02-07,0.0,26.88,KL-PAM-01
2021-02-08,0.0,25.64,KL-PAM-01
2021-02-09,0.0,24.62,KL-PAM-01
2021-02-10,0.0,23.47,KL-PAM-01
2021-02-11,0.0,22.44,KL-PAM-01
2021-02-12,0.0,21.65,KL-PAM-01
2021-02-13,0.0,20.83,KL-PAM-01
2021-02-14,0.0,20.04,KL-PAM-01
2021-02-15,0.0,19.34,KL-PAM-01
2021-02-16,1.2,18.83,KL-PAM-01
2021-02-17,1.9,18.25,KL-PAM-01
2021-02-18,2.7,17.9,KL-PAM-01
2021-02-19,1.6,17.48,KL-PAM-01
2021-02-20,0.5,17.06,KL-PAM-01
2021-02-21,1.0,16.77,KL-PAM-01
2021-02-22,0.6,16.41,KL-PAM-01
2021-02-23,0.1,15.98,KL-PAM-01
2021-02-24,2.4,15.56,KL-PAM-01
2021-02-25,2.3,15.52,KL-PAM-01
2021-02-26,2.2,15.29,KL-PAM-01
2021-02-27,0.5,15.29,KL-PAM-01
2021-02-28,0.0,15.0,KL-PAM-01
2021-03-01,0.7,14.82,KL-PAM-01
2021-03-02,0.0,14.39,KL-PAM-01
2021-03-03,0.1,13.94,KL-PAM-01
2021-03-04,0.0,13.67,KL-PAM-01
2021-03-05,0.0,13.25,KL-PAM-01
2021-03-06,0.2,12.86,KL-PAM-01
2021-03-07,0.1,12.61,KL-PAM-01
2021-03-08,0.7,12.52,KL-PAM-01
2021-03-09,2.4,13.27,KL-PAM-01
2021-03-10,10.1,13.15,KL-PAM-01
2021-03-11,12.5,14.01,KL-PAM-01
2021-03-12,0.2,14.05,KL-PAM-01
2021-03-13,0.2,13.41,KL-PAM-01
2021-03-14,0.0,12.8,KL-PAM-01
2021-03-15,0.2,12.36,KL-PAM-01
2021-03-16,0.8,12.03,KL-PAM-01
2021-03-17,0.4,11.8,KL-PAM-01
2021-03-18,0.4,11.57,KL-PAM-01
2021-03-19,0.4,12.42,KL-PAM-01
2021-03-20,0.8,12.09,KL-PAM-01
2021-03-21,3.2,11.74,KL-PAM-01
2021-03-22,0.4,11.54,KL-PAM-01
2021-03-23,1.1,11.31,KL-PAM-01
2021-03-24,2.3,11.2,KL-PAM-01
2021-03-25,2.5,11.4,KL-PAM-01
2021-03-26,0.3,11.4,KL-PAM-01
2021-03-27,2.6,11.89,KL-PAM-01
2021-03-28,5.3,12.64,KL-PAM-01
2021-03-29,2.2,13.09,KL-PAM-01
2021-03-30,0.8,12.25,KL-PAM-01
2021-03-31,1.4,11.65,KL-PAM-01
2021-04-01,30.8,13.54,KL-PAM-01
2021-04-02,0.0,14.32,KL-PAM-01
2021-04-03,0.1,13.98,KL-PAM-01
2021-04-04,0.0,13.21,KL-PAM-01
2021-04-05,0.4,12.7,KL-PAM-01
2021-04-06,2.3,12.67,KL-PAM-01
2021-04-07,3.3,13.98,KL-PAM-01
2021-04-08,1.7,13.94,KL-PAM-01
2021-04-09,1.8,16.57,KL-PAM-01
2021-04-10,1.7,18.29,KL-PAM-01
2021-04-11,3.8,18.69,KL-PAM-01
2021-04-12,13.0,19.76,KL-PAM-01
2021-04-13,19.4,22.11,KL-PAM-01
2021-04-14,8.3,24.56,KL-PAM-01
2021-04-15,19.9,27.86,KL-PAM-01
2021-04-16,10.7,31.66,KL-PAM-01
2021-04-17,8.3,33.35,KL-PAM-01
2021-04-18,25.0,34.31,KL-PAM-01
2021-04-19,15.7,37.0,KL-PAM-01
2021-04-20,0.5,38.69,KL-PAM-01
2021-04-21,7.7,39.98,KL-PAM-01
2021-04-22,3.2,41.13,KL-PAM-01
2021-04-23,8.0,41.41,KL-PAM-01
2021-04-24,1.2,41.91,KL-PAM-01
2021-04-25,3.1,43.92,KL-PAM-01
2021-04-26,11.4,48.01,KL-PAM-01
2021-04-27,7.8,52.11,KL-PAM-01
2021-04-28,7.0,55.0,KL-PAM-01
2021-04-29,8.8,56.43,KL-PAM-01
2021-04-30,8.3,57.5,KL-PAM-01
2021-05-01,5.8,60.67,KL-PAM-01
2021-05-02,16.3,64.01,KL-PAM-01
2021-05-03,9.1,69.29,KL-PAM-01
2021-05-04,10.1,73.79,KL-PAM-01
2021-05-05,3.6,75.53,KL-PAM-01
2021-05-06,7.2,73.96,KL-PAM-01
2021-05-07,27.8,78.77,KL-PAM-01
2021-05-08,2.7,89.72,KL-PAM-01
2021-05-09,6.7,89.31,KL-PAM-01
2021-05-10,15.6,87.66,KL-PAM-01
2021-05-11,23.8,90.98,KL-PAM-01
2021-05-12,14.0,92.91,KL-PAM-01
2021-05-13,34.8,95.97,KL-PAM-01
2021-05-14,77.2,148.43,KL-PAM-01
2021-05-15,35.2,214.93,KL-PAM-01
2021-05-16,31.6,218.43,KL-PAM-01
2021-05-17,13.6,202.38,KL-PAM-01
2021-05-18,11.1,183.65,KL-PAM-01
2021-05-19,30.4,170.15,KL-PAM-01
2021-05-20,16.2,167.03,KL-PAM-01
2021-05-21,23.8,162.46,KL-PAM-01
2021-05-22,35.6,156.19,KL-PAM-01
2021-05-23,12.8,154.03,KL-PAM-01
2021-05-24,14.4,152.61,KL-PAM-01
2021-05-25,45.6,147.4,KL-PAM-01
2021-05-26,46.3,177.38,KL-PAM-01
2021-05-27,10.3,192.79,KL-PAM-01
2021-05-28,7.5,182.8,KL-PAM-01
2021-05-29,10.7,170.15,KL-PAM-01
2021-05-30,3.7,159.48,KL-PAM-01
2021-05-31,8.6,149.46,KL-PAM-01
2021-06-01,9.6,143.7,KL-PAM-01
2021-06-02,9.5,137.51,KL-PAM-01
2021-06-03,29.2,130.98,KL-PAM-01
2021-06-04,15.9,130.98,KL-PAM-01
2021-06-05,25.2,135.92,KL-PAM-01
2021-06-06,10.7,144.03,KL-PAM-01
2021-06-07,13.4,140.08,KL-PAM-01
2021-06-08,21.2,133.74,KL-PAM-01
2021-06-09,5.3,131.28,KL-PAM-01
2021-06-10,3.1,126.2,KL-PAM-01
2021-06-11,3.3,119.93,KL-PAM-01
2021-06-12,23.7,114.76,KL-PAM-01
2021-06-13,29.1,137.83,KL-PAM-01
2021-06-14,17.7,151.2,KL-PAM-01
2021-06-15,17.7,151.55,KL-PAM-01
2021-06-16,16.7,151.55,KL-PAM-01
2021-06-17,14.1,149.81,KL-PAM-01
2021-06-18,3.8,145.03,KL-PAM-01
2021-06-19,5.1,138.79,KL-PAM-01
2021-06-20,3.3,131.89,KL-PAM-01
2021-06-21,1.9,124.75,KL-PAM-01
2021-06-22,11.2,118.83,KL-PAM-01
2021-06-23,19.4,113.18,KL-PAM-01
2021-06-24,1.6,109.56,KL-PAM-01
2021-06-25,2.0,104.35,KL-PAM-01
2021-06-26,8.4,98.46,KL-PAM-01
2021-06-27,5.1,93.77,KL-PAM-01
2021-06-28,17.7,89.31,KL-PAM-01
2021-06-29,5.2,87.86,KL-PAM-01
2021-06-30,5.3,85.05,KL-PAM-01
2021-07-01,20.9,81.38,KL-PAM-01
2021-07-02,9.7,80.62,KL-PAM-01
2021-07-03,28.5,78.77,KL-PAM-01
2021-07-04,20.9,76.95,KL-PAM-01
2021-07-05,10.8,76.06,KL-PAM-01
2021-07-06,6.5,74.31,KL-PAM-01
2021-07-07,12.9,71.59,KL-PAM-01
2021-07-08,14.4,70.11,KL-PAM-01
2021-07-09,42.4,87.66,KL-PAM-01
2021-07-10,55.2,127.68,KL-PAM-01
2021-07-11,15.5,137.51,KL-PAM-01
2021-07-12,14.5,129.77,KL-PAM-01
2021-07-13,10.0,123.32,KL-PAM-01
2021-07-14,10.8,116.64,KL-PAM-01
2021-07-15,5.5,110.32,KL-PAM-01
2021-07-16,5.3,104.1,KL-PAM-01
2021-07-17,2.7,100.08,KL-PAM-01
2021-07-18,7.2,95.09,KL-PAM-01
2021-07-19,5.1,90.35,KL-PAM-01
2021-07-20,2.0,86.85,KL-PAM-01
2021-07-21,10.7,83.68,KL-PAM-01
2021-07-22,17.9,90.35,KL-PAM-01
2021-07-23,30.6,112.91,KL-PAM-01
2021-07-24,27.1,125.33,KL-PAM-01
2021-07-25,34.9,128.57,KL-PAM-01
2021-07-26,12.3,128.87,KL-PAM-01
2021-07-27,17.4,126.5,KL-PAM-01
2021-07-28,13.8,121.61,KL-PAM-01
2021-07-29,1.5,116.1,KL-PAM-01
2021-07-30,2.6,109.82,KL-PAM-01
2021-07-31,6.1,103.86,KL-PAM-01
2021-08-01,2.2,98.69,KL-PAM-01
2021-08-02,6.2,94.0,KL-PAM-01
2021-08-03,2.2,89.31,KL-PAM-01
2021-08-04,9.4,84.46,KL-PAM-01
2021-08-05,13.0,80.62,KL-PAM-01
2021-08-06,36.6,79.5,KL-PAM-01
2021-08-07,33.0,82.33,KL-PAM-01
2021-08-08,27.2,84.07,KL-PAM-01
2021-08-09,29.0,86.25,KL-PAM-01
2021-08-10,10.6,84.86,KL-PAM-01
2021-08-11,33.3,82.13,KL-PAM-01
2021-08-12,15.4,82.91,KL-PAM-01
2021-08-13,11.5,81.56,KL-PAM-01
2021-08-14,6.7,79.87,KL-PAM-01
2021-08-15,3.9,77.5,KL-PAM-01
2021-08-16,2.9,74.31,KL-PAM-01
2021-08-17,20.5,72.1,KL-PAM-01
2021-08-18,24.2,73.62,KL-PAM-01
2021-08-19,4.0,79.87,KL-PAM-01
2021-08-20,3.7,79.32,KL-PAM-01
2021-08-21,11.0,75.71,KL-PAM-01
2021-08-22,8.0,72.6,KL-PAM-01
2021-08-23,7.0,71.09,KL-PAM-01
2021-08-24,1.9,68.82,KL-PAM-01
2021-08-25,9.2,66.76,KL-PAM-01
2021-08-26,25.1,64.77,KL-PAM-01
2021-08-27,22.8,65.37,KL-PAM-01
2021-08-28,20.8,75.71,KL-PAM-01
2021-08-29,52.5,115.03,KL-PAM-01
2021-08-30,12.1,131.59,KL-PAM-01
2021-08-31,10.3,125.63,KL-PAM-01
2021-09-01,7.8,116.37,KL-PAM-01
2021-09-02,7.9,108.54,KL-PAM-01
2021-09-03,18.3,103.62,KL-PAM-01
2021-09-04,15.7,99.61,KL-PAM-01
2021-09-05,28.0,97.32,KL-PAM-01
2021-09-06,9.4,99.85,KL-PAM-01
2021-09-07,10.7,101.01,KL-PAM-01
2021-09-08,5.1,101.25,KL-PAM-01
2021-09-09,3.4,98.46,KL-PAM-01
2021-09-10,3.5,94.0,KL-PAM-01
2021-09-11,8.9,89.51,KL-PAM-01
2021-09-12,16.6,87.25,KL-PAM-01
2021-09-13,9.5,90.77,KL-PAM-01
2021-09-14,13.0,91.19,KL-PAM-01
2021-09-15,19.5,89.31,KL-PAM-01
2021-09-16,12.5,88.07,KL-PAM-01
2021-09-17,1.7,87.25,KL-PAM-01
2021-09-18,1.9,84.26,KL-PAM-01
2021-09-19,5.0,81.38,KL-PAM-01
2021-09-20,1.9,80.99,KL-PAM-01
2021-09-21,2.8,78.95,KL-PAM-01
2021-09-22,4.0,75.36,KL-PAM-01
2021-09-23,4.2,71.76,KL-PAM-01
2021-09-24,5.4,68.49,KL-PAM-01
2021-09-25,3.7,65.68,KL-PAM-01
2021-09-26,42.8,64.46,KL-PAM-01
2021-09-27,58.0,71.09,KL-PAM-01
2021-09-28,19.8,82.51,KL-PAM-01
2021-09-29,4.7,89.31,KL-PAM-01
2021-09-30,9.1,87.66,KL-PAM-01
2021-10-01,85.8,87.05,KL-PAM-01
2021-10-02,13.1,94.0,KL-PAM-01
2021-10-03,11.4,102.19,KL-PAM-01
2021-10-04,11.3,103.62,KL-PAM-01
2021-10-05,22.8,107.54,KL-PAM-01
2021-10-06,14.2,115.56,KL-PAM-01
2021-10-07,6.7,118.0,KL-PAM-01
2021-10-08,17.8,114.76,KL-PAM-01
2021-10-09,19.9,112.65,KL-PAM-01
2021-10-10,21.0,110.83,KL-PAM-01
2021-10-11,54.6,129.17,KL-PAM-01
2021-10-12,18.1,144.36,KL-PAM-01
2021-10-13,9.0,145.03,KL-PAM-01
2021-10-14,3.2,137.18,KL-PAM-01
2021-10-15,25.7,130.07,KL-PAM-01
2021-10-16,48.7,182.38,KL-PAM-01
2021-10-17,22.4,204.27,KL-PAM-01
2021-10-18,3.2,196.39,KL-PAM-01
2021-10-19,6.1,181.12,KL-PAM-01
2021-10-20,37.7,182.8,KL-PAM-01
2021-10-21,15.5,185.79,KL-PAM-01
2021-10-22,18.2,179.04,KL-PAM-01
2021-10-23,17.4,181.12,KL-PAM-01
2021-10-24,8.2,184.08,KL-PAM-01
2021-10-25,11.0,178.21,KL-PAM-01
2021-10-26,7.0,175.75,KL-PAM-01
2021-10-27,17.3,229.29,KL-PAM-01
2021-10-28,10.9,244.05,KL-PAM-01
2021-10-29,6.2,228.77,KL-PAM-01
2021-10-30,19.9,212.46,KL-PAM-01
2021-10-31,12.9,206.64,KL-PAM-01
2021-11-01,23.2,210.01,KL-PAM-01
2021-11-02,35.3,213.93,KL-PAM-01
2021-11-03,17.7,210.5,KL-PAM-01
2021-11-04,44.9,203.79,KL-PAM-01
2021-11-05,31.1,198.67,KL-PAM-01
2021-11-06,5.4,188.82,KL-PAM-01
2021-11-07,2.6,178.62,KL-PAM-01
2021-11-08,16.0,168.2,KL-PAM-01
2021-11-09,11.7,162.08,KL-PAM-01
2021-11-10,1.3,162.83,KL-PAM-01
2021-11-11,5.4,158.01,KL-PAM-01
2021-11-12,17.1,152.26,KL-PAM-01
2021-11-13,61.3,154.75,KL-PAM-01
2021-11-14,68.3,164.35,KL-PAM-01
2021-11-15,24.9,173.33,KL-PAM-01
2021-11-16,10.7,177.38,KL-PAM-01
2021-11-17,4.8,170.94,KL-PAM-01
2021-11-18,5.9,163.21,KL-PAM-01
2021-11-19,32.6,156.55,KL-PAM-01
2021-11-20,1.7,155.82,KL-PAM-01
2021-11-21,0.0,149.81,KL-PAM-01
2021-11-22,1.2,141.71,KL-PAM-01
2021-11-23,14.6,139.11,KL-PAM-01
2021-11-24,1.3,143.36,KL-PAM-01
2021-11-25,38.8,145.03,KL-PAM-01
2021-11-26,12.4,149.46,KL-PAM-01
2021-11-27,31.8,157.64,KL-PAM-01
2021-11-28,25.2,190.57,KL-PAM-01
2021-11-29,6.5,202.85,KL-PAM-01
2021-11-30,12.2,194.13,KL-PAM-01
2021-12-01,6.8,179.04,KL-PAM-01
2021-12-02,4.2,165.88,KL-PAM-01
2021-12-03,4.8,155.82,KL-PAM-01
2021-12-04,6.7,148.09,KL-PAM-01
2021-12-05,11.3,140.4,KL-PAM-01
2021-12-06,15.3,132.81,KL-PAM-01
2021-12-07,2.6,129.17,KL-PAM-01
2021-12-08,2.0,124.18,KL-PAM-01
2021-12-09,18.4,117.73,KL-PAM-01
2021-12-10,0.0,117.46,KL-PAM-01
2021-12-11,0.7,112.39,KL-PAM-01
2021-12-12,0.2,106.05,KL-PAM-01
2021-12-13,0.1,100.08,KL-PAM-01
2021-12-14,2.5,94.43,KL-PAM-01
2021-12-15,0.2,89.31,KL-PAM-01
2021-12-16,0.4,84.46,KL-PAM-01
2021-12-17,0.0,80.06,KL-PAM-01
2021-12-18,0.0,75.88,KL-PAM-01
2021-12-19,0.0,71.93,KL-PAM-01
2021-12-20,0.0,68.02,KL-PAM-01
2021-12-21,0.0,64.46,KL-PAM-01
2021-12-22,0.0,60.95,KL-PAM-01
2021-12-23,0.0,57.9,KL-PAM-01
2021-12-24,0.0,55.0,KL-PAM-01
2021-12-25,0.0,52.24,KL-PAM-01
2021-12-26,0.0,49.62,KL-PAM-01
2021-12-27,0.0,47.12,KL-PAM-01
2021-12-28,0.0,44.86,KL-PAM-01
2021-12-29,0.0,42.71,KL-PAM-01
2021-12-30,0.0,40.74,KL-PAM-01
2021-12-31,0.1,38.87,KL-PAM-01
2022-01-01,3.7,37.25,KL-PAM-01
2022-01-02,0.2,35.79,KL-PAM-01
2022-01-03,0.5,34.47,KL-PAM-01
2022-01-04,0.0,33.03,KL-PAM-01
2022-01-05,0.0,31.66,KL-PAM-01
2022-01-06,0.0,30.41,KL-PAM-01
2022-01-07,0.0,29.21,KL-PAM-01
2022-01-08,0.1,28.12,KL-PAM-01
2022-01-09,0.9,27.21,KL-PAM-01
2022-01-10,0.2,26.38,KL-PAM-01
2022-01-11,0.1,16.25,KL-PAM-01
2022-01-12,0.3,10.44,KL-PAM-01
2022-01-13,0.0,9.7,KL-PAM-01
2022-01-14,0.6,9.33,KL-PAM-01
2022-01-15,0.8,8.97,KL-PAM-01
2022-01-16,0.4,8.65,KL-PAM-01
2022-01-17,0.7,8.36,KL-PAM-01
2022-01-18,0.0,8.07,KL-PAM-01
2022-01-19,1.7,7.8,KL-PAM-01
2022-01-20,0.2,7.6,KL-PAM-01
2022-01-21,0.1,7.49,KL-PAM-01
2022-01-22,1.6,7.29,KL-PAM-01
2022-01-23,0.7,7.17,KL-PAM-01
2022-01-24,0.0,7.01,KL-PAM-01
2022-01-25,0.0,6.83,KL-PAM-01
2022-01-26,1.4,6.67,KL-PAM-01
2022-01-27,0.1,6.6,KL-PAM-01
2022-01-28,0.0,6.5,KL-PAM-01
2022-01-29,0.1,6.36,KL-PAM-01
2022-01-30,0.2,6.25,KL-PAM-01
2022-01-31,0.0,9.55,KL-PAM-01
2022-02-01,0.8,12.07,KL-PAM-01
2022-02-02,1.8,12.55,KL-PAM-01
2022-02-03,1.6,12.7,KL-PAM-01
2022-02-04,0.0,12.52,KL-PAM-01
2022-02-05,0.0,12.21,KL-PAM-01
2022-02-06,0.9,12.13,KL-PAM-01
2022-02-07,0.2,12.03,KL-PAM-01
2022-02-08,0.7,12.01,KL-PAM-01
2022-02-09,0.0,11.83,KL-PAM-01
2022-02-10,0.0,11.85,KL-PAM-01
2022-02-11,0.3,12.01,KL-PAM-01
2022-02-12,30.3,12.74,KL-PAM-01
2022-02-13,0.0,13.88,KL-PAM-01
2022-02-14,0.2,13.57,KL-PAM-01
2022-02-15,0.8,13.09,KL-PAM-01
2022-02-16,10.6,12.67,KL-PAM-01
2022-02-17,0.5,12.48,KL-PAM-01
2022-02-18,0.5,12.27,KL-PAM-01
2022-02-19,0.7,12.01,KL-PAM-01
2022-02-20,0.4,11.65,KL-PAM-01
2022-02-21,1.5,11.57,KL-PAM-01
2022-02-22,2.4,11.6,KL-PAM-01
2022-02-23,0.0,11.23,KL-PAM-01
2022-02-24,0.1,11.34,KL-PAM-01
2022-02-25,0.9,11.09,KL-PAM-01
2022-02-26,0.0,10.66,KL-PAM-01
2022-02-27,1.6,10.5,KL-PAM-01
2022-02-28,0.4,10.42,KL-PAM-01
2022-03-01,0.0,10.34,KL-PAM-01
2022-03-02,0.0,10.27,KL-PAM-01
2022-03-03,0.0,10.14,KL-PAM-01
2022-03-04,0.0,10.01,KL-PAM-01
2022-03-05,0.0,9.92,KL-PAM-01
2022-03-06,0.5,10.19,KL-PAM-01
2022-03-07,0.3,10.24,KL-PAM-01
2022-03-08,3.2,10.09,KL-PAM-01
2022-03-09,1.3,9.72,KL-PAM-01
2022-03-10,0.0,9.55,KL-PAM-01
2022-03-11,0.1,9.5,KL-PAM-01
2022-03-12,0.0,9.45,KL-PAM-01
2022-03-13,0.0,9.26,KL-PAM-01
2022-03-14,0.0,9.17,KL-PAM-01
2022-03-15,3.9,9.45,KL-PAM-01
2022-03-16,3.4,11.65,KL-PAM-01
2022-03-17,2.9,12.83,KL-PAM-01
2022-03-18,4.7,12.8,KL-PAM-01
2022-03-19,4.7,13.67,KL-PAM-01
2022-03-20,1.8,13.88,KL-PAM-01
2022-03-21,0.7,13.48,KL-PAM-01
2022-03-22,0.2,12.52,KL-PAM-01
2022-03-23,5.5,12.58,KL-PAM-01
2022-03-24,1.7,13.27,KL-PAM-01
2022-03-25,1.7,13.37,KL-PAM-01
2022-03-26,1.3,12.83,KL-PAM-01
2022-03-27,2.4,13.84,KL-PAM-01
2022-03-28,6.7,14.43,KL-PAM-01
2022-03-29,2.8,14.64,KL-PAM-01
2022-03-30,4.0,15.22,KL-PAM-01
2022-03-31,1.6,16.41,KL-PAM-01
2022-04-01,4.9,19.76,KL-PAM-01
2022-04-02,1.1,20.92,KL-PAM-01
2022-04-03,10.3,22.49,KL-PAM-01
2022-04-04,1.4,24.5,KL-PAM-01
2022-04-05,3.5,24.91,KL-PAM-01
2022-04-06,4.9,25.09,KL-PAM-01
2022-04-07,1.6,27.21,KL-PAM-01
2022-04-08,18.5,31.96,KL-PAM-01
2022-04-09,18.4,55.13,KL-PAM-01
2022-04-10,26.0,76.77,KL-PAM-01
2022-04-11,29.9,83.48,KL-PAM-01
2022-04-12,21.4,82.33,KL-PAM-01
2022-04-13,10.2,96.42,KL-PAM-01
2022-04-14,7.8,106.8,KL-PAM-01
2022-04-15,1.2,105.32,KL-PAM-01
2022-04-16,7.6,98.69,KL-PAM-01
2022-04-17,6.6,92.69,KL-PAM-01
2022-04-18,17.3,89.51,KL-PAM-01
2022-04-19,5.1,86.45,KL-PAM-01
2022-04-20,0.1,83.68,KL-PAM-01
2022-04-21,4.1,80.81,KL-PAM-01
2022-04-22,15.6,78.77,KL-PAM-01
2022-04-23,0.6,76.95,KL-PAM-01
2022-04-24,2.8,74.49,KL-PAM-01
2022-04-25,13.2,74.66,KL-PAM-01
2022-04-26,1.5,75.53,KL-PAM-01
2022-04-27,0.9,74.14,KL-PAM-01
2022-04-28,11.7,71.93,KL-PAM-01
2022-04-29,14.3,70.27,KL-PAM-01
2022-04-30,1.0,69.79,KL-PAM-01
2022-05-01,12.3,68.97,KL-PAM-01
2022-05-02,2.5,68.02,KL-PAM-01
2022-05-03,1.0,68.02,KL-PAM-01
2022-05-04,23.9,69.62,KL-PAM-01
2022-05-05,13.9,70.27,KL-PAM-01
2022-05-06,9.4,70.11,KL-PAM-01
2022-05-07,8.2,69.13,KL-PAM-01
2022-05-08,3.1,66.3,KL-PAM-01
2022-05-09,34.5,64.46,KL-PAM-01
2022-05-10,15.7,64.61,KL-PAM-01
2022-05-11,16.3,63.71,KL-PAM-01
2022-05-12,2.7,63.71,KL-PAM-01
2022-05-13,17.1,64.77,KL-PAM-01
2022-05-14,56.6,89.51,KL-PAM-01
2022-05-15,38.3,122.46,KL-PAM-01
2022-05-16,15.4,134.04,KL-PAM-01
2022-05-17,32.7,135.6,KL-PAM-01
2022-05-18,39.6,168.2,KL-PAM-01
2022-05-19,46.2,192.35,KL-PAM-01
2022-05-20,28.6,191.46,KL-PAM-01
2022-05-21,8.4,180.28,KL-PAM-01
2022-05-22,15.0,169.76,KL-PAM-01
2022-05-23,9.6,163.97,KL-PAM-01
2022-05-24,17.5,157.28,KL-PAM-01
2022-05-25,6.2,153.68,KL-PAM-01
2022-05-26,13.2,148.78,KL-PAM-01
2022-05-27,13.4,144.03,KL-PAM-01
2022-05-28,10.4,138.14,KL-PAM-01
2022-05-29,11.1,135.29,KL-PAM-01
2022-05-30,0.8,130.98,KL-PAM-01
2022-05-31,4.8,125.33,KL-PAM-01
2022-06-01,6.4,120.49,KL-PAM-01
2022-06-02,3.2,117.46,KL-PAM-01
2022-06-03,7.7,114.23,KL-PAM-01
2022-06-04,4.5,111.1,KL-PAM-01
2022-06-05,38.1,108.54,KL-PAM-01
2022-06-06,20.4,106.05,KL-PAM-01
2022-06-07,7.7,102.9,KL-PAM-01
2022-06-08,9.8,99.15,KL-PAM-01
2022-06-09,18.4,95.53,KL-PAM-01
2022-06-10,29.9,92.48,KL-PAM-01
2022-06-11,10.3,91.62,KL-PAM-01
2022-06-12,15.7,90.35,KL-PAM-01
2022-06-13,15.4,90.14,KL-PAM-01
2022-06-14,5.6,86.65,KL-PAM-01
2022-06-15,19.4,82.91,KL-PAM-01
2022-06-16,1.4,83.48,KL-PAM-01
2022-06-17,40.0,82.71,KL-PAM-01
2022-06-18,31.2,83.87,KL-PAM-01
2022-06-19,1.1,84.86,KL-PAM-01
2022-06-20,28.7,82.91,KL-PAM-01
2022-06-21,4.4,82.13,KL-PAM-01
2022-06-22,3.0,79.69,KL-PAM-01
2022-06-23,14.3,76.95,KL-PAM-01
2022-06-24,20.6,75.36,KL-PAM-01
2022-06-25,15.8,76.77,KL-PAM-01
2022-06-26,3.2,76.77,KL-PAM-01
2022-06-27,3.5,75.19,KL-PAM-01
2022-06-28,14.9,74.14,KL-PAM-01
2022-06-29,4.4,77.67,KL-PAM-01
2022-06-30,10.5,79.32,KL-PAM-01
2022-07-01,3.9,80.99,KL-PAM-01
2022-07-02,13.9,82.71,KL-PAM-01
2022-07-03,38.5,110.58,KL-PAM-01
2022-07-04,13.0,128.87,KL-PAM-01
2022-07-05,9.7,131.28,KL-PAM-01
2022-07-06,6.5,133.12,KL-PAM-01
2022-07-07,47.8,140.4,KL-PAM-01
2022-07-08,6.5,146.04,KL-PAM-01
2022-07-09,6.5,143.03,KL-PAM-01
2022-07-10,7.3,142.04,KL-PAM-01
2022-07-11,10.9,142.37,KL-PAM-01
2022-07-12,12.0,143.36,KL-PAM-01
2022-07-13,11.4,156.55,KL-PAM-01
2022-07-14,17.0,175.35,KL-PAM-01
2022-07-15,7.5,182.38,KL-PAM-01
2022-07-16,7.7,181.54,KL-PAM-01
2022-07-17,12.7,172.93,KL-PAM-01
2022-07-18,1.7,164.72,KL-PAM-01
2022-07-19,7.8,162.46,KL-PAM-01
2022-07-20,30.1,155.82,KL-PAM-01
2022-07-21,1.9,148.43,KL-PAM-01
2022-07-22,13.5,142.37,KL-PAM-01
2022-07-23,21.0,136.56,KL-PAM-01
2022-07-24,1.0,131.59,KL-PAM-01
2022-07-25,0.8,124.75,KL-PAM-01
2022-07-26,0.7,117.46,KL-PAM-01
2022-07-27,5.4,112.91,KL-PAM-01
2022-07-28,3.2,117.19,KL-PAM-01
2022-07-29,11.6,121.61,KL-PAM-01
2022-07-30,22.7,121.89,KL-PAM-01
2022-07-31,36.6,124.75,KL-PAM-01
2022-08-01,69.3,124.75,KL-PAM-01
2022-08-02,41.9,219.44,KL-PAM-01
2022-08-03,54.5,314.65,KL-PAM-01
2022-08-04,30.1,458.34,KL-PAM-01
2022-08-05,24.6,527.59,KL-PAM-01
2022-08-06,8.0,471.21,KL-PAM-01
2022-08-07,15.1,408.41,KL-PAM-01
2022-08-08,9.3,389.09,KL-PAM-01
2022-08-09,5.5,379.34,KL-PAM-01
2022-08-10,4.1,359.73,KL-PAM-01
2022-08-11,2.8,337.22,KL-PAM-01
2022-08-12,1.1,314.65,KL-PAM-01
2022-08-13,1.8,292.91,KL-PAM-01
2022-08-14,0.1,273.31,KL-PAM-01
2022-08-15,0.0,255.01,KL-PAM-01
2022-08-16,0.2,238.48,KL-PAM-01
2022-08-17,0.8,222.51,KL-PAM-01
2022-08-18,5.3,209.04,KL-PAM-01
2022-08-19,1.6,196.85,KL-PAM-01
2022-08-20,1.1,187.52,KL-PAM-01
2022-08-21,14.1,177.8,KL-PAM-01
2022-08-22,30.2,167.42,KL-PAM-01
2022-08-23,40.3,210.99,KL-PAM-01
2022-08-24,20.1,240.7,KL-PAM-01
2022-08-25,14.9,233.03,KL-PAM-01
2022-08-26,35.9,219.44,KL-PAM-01
2022-08-27,10.2,221.99,KL-PAM-01
2022-08-28,10.0,288.22,KL-PAM-01
2022-08-29,15.5,293.59,KL-PAM-01
2022-08-30,24.2,265.83,KL-PAM-01
2022-08-31,29.4,257.38,KL-PAM-01
2022-09-01,18.3,261.57,KL-PAM-01
2022-09-02,5.2,270.79,KL-PAM-01
2022-09-03,6.5,268.31,KL-PAM-01
2022-09-04,11.9,254.42,KL-PAM-01
2022-09-05,31.8,240.7,KL-PAM-01
2022-09-06,14.2,232.5,KL-PAM-01
2022-09-07,10.5,241.25,KL-PAM-01
2022-09-08,16.5,248.6,KL-PAM-01
2022-09-09,10.8,245.75,KL-PAM-01
2022-09-10,14.8,235.2,KL-PAM-01
2022-09-11,5.4,226.66,KL-PAM-01
2022-09-12,5.4,218.93,KL-PAM-01
2022-09-13,3.0,209.04,KL-PAM-01
2022-09-14,4.0,198.21,KL-PAM-01
2022-09-15,2.4,187.52,KL-PAM-01
2022-09-16,1.9,177.8,KL-PAM-01
2022-09-17,3.4,167.81,KL-PAM-01
2022-09-18,4.0,158.01,KL-PAM-01
2022-09-19,1.9,149.81,KL-PAM-01
2022-09-20,1.0,142.04,KL-PAM-01
2022-09-21,2.3,134.67,KL-PAM-01
2022-09-22,0.8,127.68,KL-PAM-01
2022-09-23,0.8,120.49,KL-PAM-01
2022-09-24,1.0,113.44,KL-PAM-01
2022-09-25,0.5,107.05,KL-PAM-01
2022-09-26,0.4,101.25,KL-PAM-01
2022-09-27,0.3,95.75,KL-PAM-01
2022-09-28,2.1,90.98,KL-PAM-01
2022-09-29,5.3,86.25,KL-PAM-01
2022-09-30,2.4,81.75,KL-PAM-01
2022-10-01,5.3,78.22,KL-PAM-01
2022-10-02,13.2,75.01,KL-PAM-01
2022-10-03,4.7,72.77,KL-PAM-01
2022-10-04,4.0,72.77,KL-PAM-01
2022-10-05,7.0,71.93,KL-PAM-01
2022-10-06,2.4,69.95,KL-PAM-01
2022-10-07,5.1,67.38,KL-PAM-01
2022-10-08,2.7,64.46,KL-PAM-01
2022-10-09,5.2,61.52,KL-PAM-01
2022-10-10,7.6,58.72,KL-PAM-01
2022-10-11,8.1,56.43,KL-PAM-01
2022-10-12,2.3,54.1,KL-PAM-01
2022-10-13,18.2,55.77,KL-PAM-01
2022-10-14,12.9,59.26,KL-PAM-01
2022-10-15,24.8,63.27,KL-PAM-01
2022-10-16,23.7,65.98,KL-PAM-01
2022-10-17,48.0,69.29,KL-PAM-01
2022-10-18,27.3,108.04,KL-PAM-01
2022-10-19,13.6,148.43,KL-PAM-01
2022-10-20,21.1,152.96,KL-PAM-01
2022-10-21,16.6,140.08,KL-PAM-01
2022-10-22,7.4,133.12,KL-PAM-01
2022-10-23,5.4,132.51,KL-PAM-01
2022-10-24,3.3,130.37,KL-PAM-01
2022-10-25,1.4,125.33,KL-PAM-01
2022-10-26,0.0,120.49,KL-PAM-01
2022-10-27,1.9,114.49,KL-PAM-01
2022-10-28,0.2,108.8,KL-PAM-01
2022-10-29,4.2,104.1,KL-PAM-01
2022-10-30,19.0,98.92,KL-PAM-01
2022-10-31,50.5,96.42,KL-PAM-01
2022-11-01,15.5,103.86,KL-PAM-01
2022-11-02,7.6,128.57,KL-PAM-01
2022-11-03,1.0,141.38,KL-PAM-01
2022-11-04,10.0,139.76,KL-PAM-01
2022-11-05,30.1,147.06,KL-PAM-01
2022-11-06,15.2,155.1,KL-PAM-01
2022-11-07,7.1,155.47,KL-PAM-01
2022-11-08,7.8,153.68,KL-PAM-01
2022-11-09,13.7,148.43,KL-PAM-01
2022-11-10,2.6,149.46,KL-PAM-01
2022-11-11,9.3,145.03,KL-PAM-01
2022-11-12,0.8,137.83,KL-PAM-01
2022-11-13,12.8,136.24,KL-PAM-01
2022-11-14,14.5,130.67,KL-PAM-01
2022-11-15,2.9,127.68,KL-PAM-01
2022-11-16,10.9,130.67,KL-PAM-01
2022-11-17,6.9,128.87,KL-PAM-01
2022-11-18,8.5,125.04,KL-PAM-01
2022-11-19,0.3,119.93,KL-PAM-01
2022-11-20,0.7,115.03,KL-PAM-01
2022-11-21,0.3,109.31,KL-PAM-01
2022-11-22,1.6,103.62,KL-PAM-01
2022-11-23,0.0,97.77,KL-PAM-01
2022-11-24,0.0,92.26,KL-PAM-01
2022-11-25,0.3,86.85,KL-PAM-01
2022-11-26,0.7,82.13,KL-PAM-01
2022-11-27,7.3,77.5,KL-PAM-01
2022-11-28,8.0,74.14,KL-PAM-01
2022-11-29,11.3,75.36,KL-PAM-01
2022-11-30,0.9,75.88,KL-PAM-01
2022-12-01,0.8,75.36,KL-PAM-01
2022-12-02,10.3,72.6,KL-PAM-01
2022-12-03,2.0,69.13,KL-PAM-01
2022-12-04,23.5,67.38,KL-PAM-01
2022-12-05,5.9,67.38,KL-PAM-01
2022-12-06,0.0,67.38,KL-PAM-01
2022-12-07,0.7,65.06,KL-PAM-01
2022-12-08,0.8,61.96,KL-PAM-01
2022-12-09,0.8,59.41,KL-PAM-01
2022-12-10,11.3,56.69,KL-PAM-01
2022-12-11,43.7,54.74,KL-PAM-01
2022-12-12,27.8,53.98,KL-PAM-01
2022-12-13,0.0,55.77,KL-PAM-01
2022-12-14,19.0,55.51,KL-PAM-01
2022-12-15,0.1,53.73,KL-PAM-01
2022-12-16,0.0,55.0,KL-PAM-01
2022-12-17,0.0,53.85,KL-PAM-01
2022-12-18,0.1,51.03,KL-PAM-01
2022-12-19,0.0,48.47,KL-PAM-01
2022-12-20,0.7,46.47,KL-PAM-01
2022-12-21,1.6,45.6,KL-PAM-01
2022-12-22,0.2,44.23,KL-PAM-01
2022-12-23,0.1,42.4,KL-PAM-01
2022-12-24,0.8,40.65,KL-PAM-01
2022-12-25,1.4,38.96,KL-PAM-01
2022-12-26,4.9,37.61,KL-PAM-01
2022-12-27,1.9,36.65,KL-PAM-01
2022-12-28,0.6,36.39,KL-PAM-01
2022-12-29,0.0,35.79,KL-PAM-01
2022-12-30,0.0,34.63,KL-PAM-01
2022-12-31,0.0,31.89,KL-PAM-01
2023-01-01,0.0,30.55,KL-PAM-01
2023-01-02,0.0,29.35,KL-PAM-01
2023-01-03,0.0,28.19,KL-PAM-01
2023-01-04,0.0,27.14,KL-PAM-01
2023-01-05,0.0,26.19,KL-PAM-01
2023-01-06,0.0,25.33,KL-PAM-01
2023-01-07,0.0,24.56,KL-PAM-01
2023-01-08,0.1,23.81,KL-PAM-01
2023-01-09,0.3,23.14,KL-PAM-01
2023-01-10,0.0,22.49,KL-PAM-01
2023-01-11,0.0,13.74,KL-PAM-01
2023-01-12,0.0,8.57,KL-PAM-01
2023-01-13,0.0,7.94,KL-PAM-01
2023-01-14,0.0,7.76,KL-PAM-01
2023-01-15,0.0,7.49,KL-PAM-01
2023-01-16,0.2,7.28,KL-PAM-01
2023-01-17,0.5,7.09,KL-PAM-01
2023-01-18,0.0,6.91,KL-PAM-01
2023-01-19,0.0,6.73,KL-PAM-01
2023-01-20,0.0,6.56,KL-PAM-01
2023-01-21,0.0,6.43,KL-PAM-01
2023-01-22,0.0,6.5,KL-PAM-01
2023-01-23,1.1,6.29,KL-PAM-01
2023-01-24,22.2,6.6,KL-PAM-01
2023-01-25,1.0,7.72,KL-PAM-01
2023-01-26,0.0,8.31,KL-PAM-01
2023-01-27,0.0,7.94,KL-PAM-01
2023-01-28,0.0,7.49,KL-PAM-01
2023-01-29,0.0,7.04,KL-PAM-01
2023-01-30,2.0,6.65,KL-PAM-01
2023-01-31,0.8,10.93,KL-PAM-01
2023-02-01,1.1,15.0,KL-PAM-01
2023-02-02,6.4,16.49,KL-PAM-01
2023-02-03,0.9,17.86,KL-PAM-01
2023-02-04,8.0,19.28,KL-PAM-01
2023-02-05,0.2,21.65,KL-PAM-01
2023-02-06,0.0,21.95,KL-PAM-01
2023-02-07,0.0,20.97,KL-PAM-01
2023-02-08,0.0,19.95,KL-PAM-01
2023-02-09,0.0,19.34,KL-PAM-01
2023-02-10,0.0,18.61,KL-PAM-01
2023-02-11,0.0,18.16,KL-PAM-01
2023-02-12,0.0,17.43,KL-PAM-01
2023-02-13,0.0,16.73,KL-PAM-01
2023-02-14,0.0,16.37,KL-PAM-01
2023-02-15,0.0,15.71,KL-PAM-01
2023-02-16,0.0,15.11,KL-PAM-01
2023-02-17,0.0,14.85,KL-PAM-01
2023-02-18,0.0,14.71,KL-PAM-01
2023-02-19,0.0,14.11,KL-PAM-01
2023-02-20,0.8,13.57,KL-PAM-01
2023-02-21,0.0,13.15,KL-PAM-01
2023-02-22,0.0,12.86,KL-PAM-01
2023-02-23,0.0,12.8,KL-PAM-01
2023-02-24,0.0,12.46,KL-PAM-01
2023-02-25,0.0,12.15,KL-PAM-01
2023-02-26,0.0,11.97,KL-PAM-01
2023-02-27,0.0,11.83,KL-PAM-01
2023-02-28,0.2,11.91,KL-PAM-01
2023-03-01,2.0,11.8,KL-PAM-01
2023-03-02,0.0,11.26,KL-PAM-01
2023-03-03,0.0,10.87,KL-PAM-01
2023-03-04,0.2,10.68,KL-PAM-01
2023-03-05,1.3,10.79,KL-PAM-01
2023-03-06,0.0,10.68,KL-PAM-01
2023-03-07,0.0,10.53,KL-PAM-01
2023-03-08,0.1,10.24,KL-PAM-01
2023-03-09,0.6,10.01,KL-PAM-01
2023-03-10,0.0,9.89,KL-PAM-01
2023-03-11,0.1,9.87,KL-PAM-01
2023-03-12,0.3,9.67,KL-PAM-01
2023-03-13,0.4,9.5,KL-PAM-01
2023-03-14,1.3,9.57,KL-PAM-01
2023-03-15,5.0,10.22,KL-PAM-01
2023-03-16,9.9,11.71,KL-PAM-01
2023-03-17,10.8,12.21,KL-PAM-01
2023-03-18,8.6,12.7,KL-PAM-01
2023-03-19,2.3,12.52,KL-PAM-01
2023-03-20,5.2,11.97,KL-PAM-01
2023-03-21,0.1,11.26,KL-PAM-01
2023-03-22,0.0,10.56,KL-PAM-01
2023-03-23,0.7,10.09,KL-PAM-01
2023-03-24,4.3,10.27,KL-PAM-01
2023-03-25,6.8,11.09,KL-PAM-01
2023-03-26,20.7,12.48,KL-PAM-01
2023-03-27,0.2,12.8,KL-PAM-01
2023-03-28,1.4,12.27,KL-PAM-01
2023-03-29,8.8,13.44,KL-PAM-01
2023-03-30,3.5,13.54,KL-PAM-01
2023-03-31,0.5,12.74,KL-PAM-01
2023-04-01,9.5,12.33,KL-PAM-01
2023-04-02,2.1,13.31,KL-PAM-01
2023-04-03,5.4,14.36,KL-PAM-01
2023-04-04,2.6,15.94,KL-PAM-01
2023-04-05,1.8,19.01,KL-PAM-01
2023-04-06,1.8,19.85,KL-PAM-01
2023-04-07,1.2,19.8,KL-PAM-01
2023-04-08,0.5,19.38,KL-PAM-01
2023-04-09,1.6,22.65,KL-PAM-01
2023-04-10,1.2,24.45,KL-PAM-01
2023-04-11,0.5,24.45,KL-PAM-01
2023-04-12,1.5,23.75,KL-PAM-01
2023-04-13,0.7,23.08,KL-PAM-01
2023-04-14,1.1,22.6,KL-PAM-01
2023-04-15,0.4,22.27,KL-PAM-01
2023-04-16,2.1,22.16,KL-PAM-01
2023-04-17,0.8,22.7,KL-PAM-01
2023-04-18,0.5,23.08,KL-PAM-01
2023-04-19,1.0,23.14,KL-PAM-01
2023-04-20,3.7,23.92,KL-PAM-01
2023-04-21,10.4,24.97,KL-PAM-01
2023-04-22,3.3,25.58,KL-PAM-01
2023-04-23,2.3,26.26,KL-PAM-01
2023-04-24,26.1,27.99,KL-PAM-01
2023-04-25,8.2,30.2,KL-PAM-01
2023-04-26,18.6,32.65,KL-PAM-01
2023-04-27,7.2,35.88,KL-PAM-01
2023-04-28,5.7,37.08,KL-PAM-01
2023-04-29,11.8,37.0,KL-PAM-01
2023-04-30,27.2,40.17,KL-PAM-01
2023-05-01,43.0,54.74,KL-PAM-01
2023-05-02,40.2,65.98,KL-PAM-01
2023-05-03,4.3,67.07,KL-PAM-01
2023-05-04,0.8,63.13,KL-PAM-01
2023-05-05,1.7,59.13,KL-PAM-01
2023-05-06,4.7,56.16,KL-PAM-01
2023-05-07,0.8,54.87,KL-PAM-01
2023-05-08,2.8,52.61,KL-PAM-01
2023-05-09,33.0,50.55,KL-PAM-01
2023-05-10,6.3,52.61,KL-PAM-01
2023-05-11,8.5,55.51,KL-PAM-01
2023-05-12,5.8,56.96,KL-PAM-01
2023-05-13,3.8,56.69,KL-PAM-01
2023-05-14,9.8,56.04,KL-PAM-01
2023-05-15,3.4,54.36,KL-PAM-01
2023-05-16,1.1,52.85,KL-PAM-01
2023-05-17,0.5,50.79,KL-PAM-01
2023-05-18,5.0,51.27,KL-PAM-01
2023-05-19,5.7,54.1,KL-PAM-01
2023-05-20,10.1,57.09,KL-PAM-01
2023-05-21,9.9,57.5,KL-PAM-01
2023-05-22,10.5,57.9,KL-PAM-01
2023-05-23,1.4,59.82,KL-PAM-01
2023-05-24,7.2,59.41,KL-PAM-01
2023-05-25,7.4,58.44,KL-PAM-01
2023-05-26,1.2,56.96,KL-PAM-01
2023-05-27,6.5,55.65,KL-PAM-01
2023-05-28,3.3,56.3,KL-PAM-01
2023-05-29,9.1,58.17,KL-PAM-01
2023-05-30,12.3,61.52,KL-PAM-01
2023-05-31,16.8,62.24,KL-PAM-01
2023-06-01,9.6,63.57,KL-PAM-01
2023-06-02,9.4,63.71,KL-PAM-01
2023-06-03,27.1,62.69,KL-PAM-01
2023-06-04,1.4,62.97,KL-PAM-01
2023-06-05,21.0,63.13,KL-PAM-01
2023-06-06,10.5,62.83,KL-PAM-01
2023-06-07,13.1,62.53,KL-PAM-01
2023-06-08,14.1,63.27,KL-PAM-01
2023-06-09,10.8,63.27,KL-PAM-01
2023-06-10,3.0,63.27,KL-PAM-01
2023-06-11,23.0,64.32,KL-PAM-01
2023-06-12,24.0,87.66,KL-PAM-01
2023-06-13,23.3,102.19,KL-PAM-01
2023-06-14,1.5,101.48,KL-PAM-01
2023-06-15,2.8,95.09,KL-PAM-01
2023-06-16,1.8,88.69,KL-PAM-01
2023-06-17,6.8,83.29,KL-PAM-01
2023-06-18,3.5,79.5,KL-PAM-01
2023-06-19,9.8,76.6,KL-PAM-01
2023-06-20,5.5,73.45,KL-PAM-01
2023-06-21,3.3,70.44,KL-PAM-01
2023-06-22,7.3,67.7,KL-PAM-01
2023-06-23,4.2,64.92,KL-PAM-01
2023-06-24,0.7,62.24,KL-PAM-01
2023-06-25,50.3,60.1,KL-PAM-01
2023-06-26,7.6,61.1,KL-PAM-01
2023-06-27,11.8,61.67,KL-PAM-01
2023-06-28,30.2,64.77,KL-PAM-01
2023-06-29,24.0,65.98,KL-PAM-01
2023-06-30,4.1,67.38,KL-PAM-01
2023-07-01,8.0,66.45,KL-PAM-01
2023-07-02,18.7,64.61,KL-PAM-01
2023-07-03,23.4,108.8,KL-PAM-01
2023-07-04,68.1,234.65,KL-PAM-01
2023-07-05,60.6,363.91,KL-PAM-01
2023-07-06,34.2,341.13,KL-PAM-01
2023-07-07,24.1,298.38,KL-PAM-01
2023-07-08,53.8,266.45,KL-PAM-01
2023-07-09,1.8,240.14,KL-PAM-01
2023-07-10,3.6,217.42,KL-PAM-01
2023-07-11,6.9,200.98,KL-PAM-01
2023-07-12,13.4,187.52,KL-PAM-01
2023-07-13,23.7,175.75,KL-PAM-01
2023-07-14,6.9,167.42,KL-PAM-01
2023-07-15,5.6,158.37,KL-PAM-01
2023-07-16,3.9,149.12,KL-PAM-01
2023-07-17,6.2,141.06,KL-PAM-01
2023-07-18,6.5,134.99,KL-PAM-01
2023-07-19,14.6,134.36,KL-PAM-01
2023-07-20,2.0,136.24,KL-PAM-01
2023-07-21,5.3,135.29,KL-PAM-01
2023-07-22,8.3,132.81,KL-PAM-01
2023-07-23,17.4,128.87,KL-PAM-01
2023-07-24,12.3,128.27,KL-PAM-01
2023-07-25,6.6,124.46,KL-PAM-01
2023-07-26,4.8,119.66,KL-PAM-01
2023-07-27,1.1,117.46,KL-PAM-01
2023-07-28,1.1,112.91,KL-PAM-01
2023-07-29,0.8,106.8,KL-PAM-01
2023-07-30,0.8,101.25,KL-PAM-01
2023-07-31,3.3,95.75,KL-PAM-01
2023-08-01,2.0,90.98,KL-PAM-01
2023-08-02,2.6,86.45,KL-PAM-01
2023-08-03,2.6,82.33,KL-PAM-01
2023-08-04,3.8,78.22,KL-PAM-01
2023-08-05,0.8,79.32,KL-PAM-01
2023-08-06,2.0,75.53,KL-PAM-01
2023-08-07,1.3,71.26,KL-PAM-01
2023-08-08,3.7,67.7,KL-PAM-01
2023-08-09,1.0,64.77,KL-PAM-01
2023-08-10,1.9,61.81,KL-PAM-01
2023-08-11,6.6,59.82,KL-PAM-01
2023-08-12,8.9,57.5,KL-PAM-01
2023-08-13,1.6,55.77,KL-PAM-01
2023-08-14,3.0,58.03,KL-PAM-01
2023-08-15,1.8,55.9,KL-PAM-01
2023-08-16,1.6,53.98,KL-PAM-01
2023-08-17,4.1,51.51,KL-PAM-01
2023-08-18,5.7,48.81,KL-PAM-01
2023-08-19,0.8,47.01,KL-PAM-01
2023-08-20,0.9,46.03,KL-PAM-01
2023-08-21,0.5,44.02,KL-PAM-01
2023-08-22,2.0,42.5,KL-PAM-01
2023-08-23,1.7,41.8,KL-PAM-01
2023-08-24,0.8,40.65,KL-PAM-01
2023-08-25,2.1,38.5,KL-PAM-01
2023-08-26,2.0,36.57,KL-PAM-01
2023-08-27,2.1,35.12,KL-PAM-01
2023-08-28,17.0,33.82,KL-PAM-01
2023-08-29,22.8,32.8,KL-PAM-01
2023-08-30,10.4,33.11,KL-PAM-01
2023-08-31,14.9,38.05,KL-PAM-01
2023-09-01,27.0,36.47,KL-PAM-01
2023-09-02,35.7,38.05,KL-PAM-01
2023-09-03,34.2,42.5,KL-PAM-01
2023-09-04,9.4,57.23,KL-PAM-01
2023-09-05,10.7,66.92,KL-PAM-01
2023-09-06,16.3,53.73,KL-PAM-01
2023-09-07,39.0,57.76,KL-PAM-01
2023-09-08,31.9,79.69,KL-PAM-01
2023-09-09,16.8,91.83,KL-PAM-01
2023-09-10,42.5,79.13,KL-PAM-01
2023-09-11,41.4,78.77,KL-PAM-01
2023-09-12,10.5,94.65,KL-PAM-01
2023-09-13,11.8,112.91,KL-PAM-01
2023-09-14,16.7,90.14,KL-PAM-01
2023-09-15,30.4,91.41,KL-PAM-01
2023-09-16,24.9,90.56,KL-PAM-01
2023-09-17,27.6,93.77,KL-PAM-01
2023-09-18,37.3,103.62,KL-PAM-01
2023-09-19,19.1,100.77,KL-PAM-01
2023-09-20,16.3,109.82,KL-PAM-01
2023-09-21,24.7,112.39,KL-PAM-01
2023-09-22,20.8,122.46,KL-PAM-01
2023-09-23,18.8,141.38,KL-PAM-01
2023-09-24,21.1,160.96,KL-PAM-01
2023-09-25,17.0,170.55,KL-PAM-01
2023-09-26,12.8,165.88,KL-PAM-01
2023-09-27,15.1,157.64,KL-PAM-01
2023-09-28,38.2,146.72,KL-PAM-01
2023-09-29,61.9,173.33,KL-PAM-01
2023-09-30,46.0,242.93,KL-PAM-01
2023-10-01,43.7,240.7,KL-PAM-01
2023-10-02,21.0,249.76,KL-PAM-01
2023-10-03,9.2,295.63,KL-PAM-01
2023-10-04,7.7,260.37,KL-PAM-01
2023-10-05,2.3,227.71,KL-PAM-01
2023-10-06,0.0,214.43,KL-PAM-01
2023-10-07,0.1,203.79,KL-PAM-01
2023-10-08,4.4,191.91,KL-PAM-01
2023-10-09,2.2,179.04,KL-PAM-01
2023-10-10,16.1,181.12,KL-PAM-01
2023-10-11,44.2,174.54,KL-PAM-01
2023-10-12,16.0,199.13,KL-PAM-01
2023-10-13,25.2,217.42,KL-PAM-01
2023-10-14,38.0,177.8,KL-PAM-01
2023-10-15,3.2,180.7,KL-PAM-01
2023-10-16,5.1,167.81,KL-PAM-01
2023-10-17,42.3,213.93,KL-PAM-01
2023-10-18,1.2,221.99,KL-PAM-01
2023-10-19,7.5,231.43,KL-PAM-01
2023-10-20,2.7,226.14,KL-PAM-01
2023-10-21,14.8,214.43,KL-PAM-01
2023-10-22,20.4,198.21,KL-PAM-01
2023-10-23,22.6,202.38,KL-PAM-01
2023-10-24,3.9,216.92,KL-PAM-01
2023-10-25,7.4,195.49,KL-PAM-01
2023-10-26,5.8,195.49,KL-PAM-01
2023-10-27,9.0,202.85,KL-PAM-01
2023-10-28,14.3,184.93,KL-PAM-01
2023-10-29,33.4,179.45,KL-PAM-01
2023-10-30,17.7,177.38,KL-PAM-01
2023-10-31,16.4,182.38,KL-PAM-01
2023-11-01,14.4,180.28,KL-PAM-01
2023-11-02,10.8,181.12,KL-PAM-01
2023-11-03,13.7,180.7,KL-PAM-01
2023-11-04,43.4,193.69,KL-PAM-01
2023-11-05,12.1,214.43,KL-PAM-01
2023-11-06,13.3,223.54,KL-PAM-01
2023-11-07,11.7,215.42,KL-PAM-01
2023-11-08,27.3,205.69,KL-PAM-01
2023-11-09,10.9,210.99,KL-PAM-01
2023-11-10,10.9,207.12,KL-PAM-01
2023-11-11,16.1,301.14,KL-PAM-01
2023-11-12,0.0,286.22,KL-PAM-01
2023-11-13,1.6,305.35,KL-PAM-01
2023-11-14,0.3,273.31,KL-PAM-01
2023-11-15,10.9,252.08,KL-PAM-01
2023-11-16,13.1,235.2,KL-PAM-01
2023-11-17,4.2,232.5,KL-PAM-01
2023-11-18,10.7,225.62,KL-PAM-01
2023-11-19,10.6,215.92,KL-PAM-01
2023-11-20,1.5,208.56,KL-PAM-01
2023-11-21,6.3,202.38,KL-PAM-01
2023-11-22,53.8,195.03,KL-PAM-01
2023-11-23,8.2,191.91,KL-PAM-01
2023-11-24,3.4,193.24,KL-PAM-01
2023-11-25,16.9,229.29,KL-PAM-01
2023-11-26,5.4,216.42,KL-PAM-01
2023-11-27,0.0,200.52,KL-PAM-01
2023-11-28,6.0,187.52,KL-PAM-01
2023-11-29,0.5,176.16,KL-PAM-01
2023-11-30,5.6,165.49,KL-PAM-01
2023-12-01,15.5,154.03,KL-PAM-01
2023-12-02,13.2,149.46,KL-PAM-01
2023-12-03,5.6,149.81,KL-PAM-01
2023-12-04,1.8,146.72,KL-PAM-01
2023-12-05,1.3,140.08,KL-PAM-01
2023-12-06,0.0,135.29,KL-PAM-01
2023-12-07,1.3,128.27,KL-PAM-01
2023-12-08,15.5,120.77,KL-PAM-01
2023-12-09,0.7,114.49,KL-PAM-01
2023-12-10,0.8,110.32,KL-PAM-01
2023-12-11,17.7,106.8,KL-PAM-01
2023-12-12,14.6,104.35,KL-PAM-01
2023-12-13,0.2,100.77,KL-PAM-01
2023-12-14,0.0,97.32,KL-PAM-01
2023-12-15,7.0,90.14,KL-PAM-01
2023-12-16,6.1,85.25,KL-PAM-01
2023-12-17,66.4,83.48,KL-PAM-01
2023-12-18,40.2,110.83,KL-PAM-01
2023-12-19,0.2,207.12,KL-PAM-01
2023-12-20,0.3,225.09,KL-PAM-01
2023-12-21,1.6,164.35,KL-PAM-01
2023-12-22,0.0,147.06,KL-PAM-01
2023-12-23,0.0,133.74,KL-PAM-01
2023-12-24,0.2,122.46,KL-PAM-01
2023-12-25,0.3,113.18,KL-PAM-01
2023-12-26,0.0,105.81,KL-PAM-01
2023-12-27,0.0,98.92,KL-PAM-01
2023-12-28,0.6,92.48,KL-PAM-01
2023-12-29,0.1,86.85,KL-PAM-01
2023-12-30,0.5,82.13,KL-PAM-01
2023-12-31,0.1,77.13,KL-PAM-01
2024-01-01,0.0,72.77,KL-PAM-01
2024-01-02,0.0,68.66,KL-PAM-01
2024-01-03,18.6,64.92,KL-PAM-01
2024-01-04,20.8,61.81,KL-PAM-01
2024-01-05,10.2,61.67,KL-PAM-01
2024-01-06,33.4,58.03,KL-PAM-01
2024-01-07,22.4,59.69,KL-PAM-01
2024-01-08,4.3,64.32,KL-PAM-01
2024-01-09,15.3,64.92,KL-PAM-01
2024-01-10,16.3,62.97,KL-PAM-01
2024-01-11,0.0,64.16,KL-PAM-01
2024-01-12,0.0,56.43,KL-PAM-01
2024-01-13,0.0,50.32,KL-PAM-01
2024-01-14,0.1,46.79,KL-PAM-01
2024-01-15,0.0,43.61,KL-PAM-01
2024-01-16,0.4,40.65,KL-PAM-01
2024-01-17,0.0,37.97,KL-PAM-01
2024-01-18,0.0,35.54,KL-PAM-01
2024-01-19,0.8,33.19,KL-PAM-01
2024-01-20,1.2,30.92,KL-PAM-01
2024-01-21,0.4,29.49,KL-PAM-01
2024-01-22,3.7,27.46,KL-PAM-01
2024-01-23,0.1,25.64,KL-PAM-01
2024-01-24,6.0,24.15,KL-PAM-01
2024-01-25,8.1,23.47,KL-PAM-01
2024-01-26,0.0,22.97,KL-PAM-01
2024-01-27,0.0,21.33,KL-PAM-01
2024-01-28,0.0,20.88,KL-PAM-01
2024-01-29,0.0,19.57,KL-PAM-01
2024-01-30,0.0,18.25,KL-PAM-01
2024-01-31,0.3,17.02,KL-PAM-01
2024-02-01,0.9,20.78,KL-PAM-01
2024-02-02,0.2,22.44,KL-PAM-01
2024-02-03,0.3,22.16,KL-PAM-01
2024-02-04,0.0,21.23,KL-PAM-01
2024-02-05,0.0,20.68,KL-PAM-01
2024-02-06,0.0,20.04,KL-PAM-01
2024-02-07,0.0,19.38,KL-PAM-01
2024-02-08,0.0,18.74,KL-PAM-01
2024-02-09,0.0,18.16,KL-PAM-01
2024-02-10,0.0,17.65,KL-PAM-01
2024-02-11,0.0,16.98,KL-PAM-01
2024-02-12,0.0,16.45,KL-PAM-01
2024-02-13,2.2,16.02,KL-PAM-01
2024-02-14,0.7,15.59,KL-PAM-01
2024-02-15,0.1,15.18,KL-PAM-01
2024-02-16,0.0,14.82,KL-PAM-01
2024-02-17,0.0,14.46,KL-PAM-01
2024-02-18,0.2,14.05,KL-PAM-01
2024-02-19,0.3,13.88,KL-PAM-01
2024-02-20,0.0,13.5,KL-PAM-01
2024-02-21,2.5,12.98,KL-PAM-01
2024-02-22,0.2,12.74,KL-PAM-01
2024-02-23,0.4,12.55,KL-PAM-01
2024-02-24,0.4,12.48,KL-PAM-01
2024-02-25,0.0,12.27,KL-PAM-01
2024-02-26,0.0,12.13,KL-PAM-01
2024-02-27,0.9,12.09,KL-PAM-01
2024-02-28,0.0,11.89,KL-PAM-01
2024-02-29,0.0,11.51,KL-PAM-01
2024-03-01,0.0,11.15,KL-PAM-01
2024-03-02,0.0,11.46,KL-PAM-01
2024-03-03,0.9,11.2,KL-PAM-01
2024-03-04,0.3,10.77,KL-PAM-01
2024-03-05,6.5,10.61,KL-PAM-01
2024-03-06,0.9,10.71,KL-PAM-01
2024-03-07,0.2,10.63,KL-PAM-01
2024-03-08,4.8,10.34,KL-PAM-01
2024-03-09,11.8,10.37,KL-PAM-01
2024-03-10,0.1,10.53,KL-PAM-01
2024-03-11,6.2,10.48,KL-PAM-01
2024-03-12,0.0,9.99,KL-PAM-01
2024-03-13,2.8,9.74,KL-PAM-01
2024-03-14,1.1,9.82,KL-PAM-01
2024-03-15,14.4,9.87,KL-PAM-01
2024-03-16,0.4,9.87,KL-PAM-01
2024-03-17,0.0,9.89,KL-PAM-01
2024-03-18,14.7,9.55,KL-PAM-01
2024-03-19,5.1,9.48,KL-PAM-01
2024-03-20,2.4,9.53,KL-PAM-01
2024-03-21,0.5,9.48,KL-PAM-01
2024-03-22,1.1,9.29,KL-PAM-01
2024-03-23,6.9,10.09,KL-PAM-01
2024-03-24,0.1,11.23,KL-PAM-01
2024-03-25,2.3,10.74,KL-PAM-01
2024-03-26,5.1,10.63,KL-PAM-01
2024-03-27,0.4,10.24,KL-PAM-01
2024-03-28,6.9,10.11,KL-PAM-01
2024-03-29,1.5,11.65,KL-PAM-01
2024-03-30,1.1,11.77,KL-PAM-01
2024-03-31,0.3,11.29,KL-PAM-01
2024-04-01,2.2,10.98,KL-PAM-01
2024-04-02,9.1,10.5,KL-PAM-01
2024-04-03,1.5,10.42,KL-PAM-01
2024-04-04,6.9,10.58,KL-PAM-01
2024-04-05,4.5,11.09,KL-PAM-01
2024-04-06,0.3,12.36,KL-PAM-01
2024-04-07,3.8,14.36,KL-PAM-01
2024-04-08,15.3,13.71,KL-PAM-01
2024-04-09,0.3,17.06,KL-PAM-01
2024-04-10,0.0,19.11,KL-PAM-01
2024-04-11,18.1,19.11,KL-PAM-01
2024-04-12,32.2,18.96,KL-PAM-01
2024-04-13,3.6,19.19,KL-PAM-01
2024-04-14,2.2,19.62,KL-PAM-01
2024-04-15,0.4,20.53,KL-PAM-01
2024-04-16,2.3,20.92,KL-PAM-01
2024-04-17,0.4,20.34,KL-PAM-01
2024-04-18,7.4,20.0,KL-PAM-01
2024-04-19,17.0,19.76,KL-PAM-01
2024-04-20,5.7,20.18,KL-PAM-01
2024-04-21,29.1,20.53,KL-PAM-01
2024-04-22,12.6,21.48,KL-PAM-01
2024-04-23,16.1,22.16,KL-PAM-01
2024-04-24,5.6,23.14,KL-PAM-01
2024-04-25,1.6,24.56,KL-PAM-01
2024-04-26,3.2,24.86,KL-PAM-01
2024-04-27,22.3,25.7,KL-PAM-01
2024-04-28,8.1,25.21,KL-PAM-01
2024-04-29,13.2,27.53,KL-PAM-01
2024-04-30,7.9,28.33,KL-PAM-01
2024-05-01,7.8,28.26,KL-PAM-01
2024-05-02,1.7,28.8,KL-PAM-01
2024-05-03,13.7,72.6,KL-PAM-01
2024-05-04,2.9,60.81,KL-PAM-01
2024-05-05,1.6,55.26,KL-PAM-01
2024-05-06,0.2,50.08,KL-PAM-01
2024-05-07,0.8,46.14,KL-PAM-01
2024-05-08,15.8,44.13,KL-PAM-01
2024-05-09,21.9,41.8,KL-PAM-01
2024-05-10,12.6,40.55,KL-PAM-01
2024-05-11,2.4,57.63,KL-PAM-01
2024-05-12,19.1,60.38,KL-PAM-01
2024-05-13,1.7,55.77,KL-PAM-01
2024-05-14,19.7,70.76,KL-PAM-01
2024-05-15,15.0,69.95,KL-PAM-01
2024-05-16,37.8,72.1,KL-PAM-01
2024-05-17,26.6,76.42,KL-PAM-01
2024-05-18,35.3,86.65,KL-PAM-01
2024-05-19,32.2,111.87,KL-PAM-01
2024-05-20,42.0,181.96,KL-PAM-01
2024-05-21,41.2,233.57,KL-PAM-01
2024-05-22,66.2,358.9,KL-PAM-01
2024-05-23,56.0,464.74,KL-PAM-01
2024-05-24,70.8,441.73,KL-PAM-01
2024-05-25,23.5,392.7,KL-PAM-01
2024-05-26,56.7,434.66,KL-PAM-01
2024-05-27,72.1,368.13,KL-PAM-01
2024-05-28,37.5,353.96,KL-PAM-01
2024-05-29,83.5,337.22,KL-PAM-01
2024-05-30,51.3,316.84,KL-PAM-01
2024-05-31,37.0,288.22,KL-PAM-01
2024-06-01,9.4,308.18,KL-PAM-01
2024-06-02,20.7,294.95,KL-PAM-01
2024-06-03,16.3,288.22,KL-PAM-01
2024-06-04,32.4,275.21,KL-PAM-01
2024-06-05,27.7,252.08,KL-PAM-01
2024-06-06,54.9,239.59,KL-PAM-01
2024-06-07,31.5,227.71,KL-PAM-01
2024-06-08,26.0,228.23,KL-PAM-01
2024-06-09,15.3,270.17,KL-PAM-01
2024-06-10,7.6,257.38,KL-PAM-01
2024-06-11,14.5,256.19,KL-PAM-01
2024-06-12,9.1,244.05,KL-PAM-01
2024-06-13,6.8,233.03,KL-PAM-01
2024-06-14,2.6,220.97,KL-PAM-01
2024-06-15,1.6,207.12,KL-PAM-01
2024-06-16,5.4,195.03,KL-PAM-01
2024-06-17,28.8,183.23,KL-PAM-01
2024-06-18,20.6,174.94,KL-PAM-01
2024-06-19,33.5,173.33,KL-PAM-01
2024-06-20,18.6,166.26,KL-PAM-01
2024-06-21,38.5,164.35,KL-PAM-01
2024-06-22,35.4,157.64,KL-PAM-01
2024-06-23,28.6,207.12,KL-PAM-01
2024-06-24,36.4,259.76,KL-PAM-01
2024-06-25,46.7,322.0,KL-PAM-01
2024-06-26,62.4,358.07,KL-PAM-01
2024-06-27,15.0,358.9,KL-PAM-01
2024-06-28,4.0,343.5,KL-PAM-01
2024-06-29,5.4,338.77,KL-PAM-01
2024-06-30,15.8,311.04,KL-PAM-01
2024-07-01,18.6,282.94,KL-PAM-01
2024-07-02,5.0,264.0,KL-PAM-01
2024-07-03,9.5,246.32,KL-PAM-01
2024-07-04,12.0,232.5,KL-PAM-01
2024-07-05,9.8,217.92,KL-PAM-01
2024-07-06,2.7,205.21,KL-PAM-01
2024-07-07,23.0,199.6,KL-PAM-01
2024-07-08,5.6,183.23,KL-PAM-01
2024-07-09,5.7,179.45,KL-PAM-01
2024-07-10,10.5,166.26,KL-PAM-01
2024-07-11,3.9,165.88,KL-PAM-01
2024-07-12,19.3,155.47,KL-PAM-01
2024-07-13,28.9,151.2,KL-PAM-01
2024-07-14,27.1,152.96,KL-PAM-01
2024-07-15,57.7,165.49,KL-PAM-01
2024-07-16,27.6,216.42,KL-PAM-01
2024-07-17,35.6,243.49,KL-PAM-01
2024-07-18,25.3,265.83,KL-PAM-01
2024-07-19,5.2,280.34,KL-PAM-01
2024-07-20,3.3,268.93,KL-PAM-01
2024-07-21,1.9,242.93,KL-PAM-01
2024-07-22,4.4,224.57,KL-PAM-01
2024-07-23,3.6,209.04,KL-PAM-01
2024-07-24,4.0,195.49,KL-PAM-01
2024-07-25,4.7,189.26,KL-PAM-01
2024-07-26,5.4,177.38,KL-PAM-01
2024-07-27,4.6,175.75,KL-PAM-01
2024-07-28,19.1,173.73,KL-PAM-01
2024-07-29,39.8,166.26,KL-PAM-01
2024-07-30,14.5,174.13,KL-PAM-01
2024-07-31,14.7,181.12,KL-PAM-01
2024-08-01,19.7,207.6,KL-PAM-01
2024-08-02,6.8,211.96,KL-PAM-01
2024-08-03,7.4,191.46,KL-PAM-01
2024-08-04,0.4,180.7,KL-PAM-01
2024-08-05,14.9,174.94,KL-PAM-01
2024-08-06,7.2,163.59,KL-PAM-01
2024-08-07,13.0,159.1,KL-PAM-01
2024-08-08,4.3,151.2,KL-PAM-01
2024-08-09,6.8,144.03,KL-PAM-01
2024-08-10,16.3,135.6,KL-PAM-01
2024-08-11,13.2,129.17,KL-PAM-01
2024-08-12,27.7,123.89,KL-PAM-01
2024-08-13,19.0,143.03,KL-PAM-01
2024-08-14,10.9,156.91,KL-PAM-01
2024-08-15,9.3,146.72,KL-PAM-01
2024-08-16,16.5,195.94,KL-PAM-01
2024-08-17,11.4,202.38,KL-PAM-01
2024-08-18,2.6,201.45,KL-PAM-01
2024-08-19,28.0,179.45,KL-PAM-01
2024-08-20,16.4,191.46,KL-PAM-01
2024-08-21,6.3,188.38,KL-PAM-01
2024-08-22,2.6,177.38,KL-PAM-01
2024-08-23,1.7,174.94,KL-PAM-01
2024-08-24,10.7,164.72,KL-PAM-01
2024-08-25,1.8,155.1,KL-PAM-01
2024-08-26,4.0,149.12,KL-PAM-01
2024-08-27,3.6,142.37,KL-PAM-01
2024-08-28,7.4,138.47,KL-PAM-01
2024-08-29,14.7,132.51,KL-PAM-01
2024-08-30,23.0,126.79,KL-PAM-01
2024-08-31,9.0,127.68,KL-PAM-01
2024-09-01,25.7,125.92,KL-PAM-01
2024-09-02,31.4,126.5,KL-PAM-01
2024-09-03,24.2,130.07,KL-PAM-01
2024-09-04,6.3,130.98,KL-PAM-01
2024-09-05,1.4,127.38,KL-PAM-01
2024-09-06,2.7,116.37,KL-PAM-01
2024-09-07,5.4,110.32,KL-PAM-01
2024-09-08,14.9,104.59,KL-PAM-01
2024-09-09,25.4,100.08,KL-PAM-01
2024-09-10,9.3,103.38,KL-PAM-01
2024-09-11,19.5,108.8,KL-PAM-01
2024-09-12,4.4,104.59,KL-PAM-01
2024-09-13,2.8,104.35,KL-PAM-01
2024-09-14,3.0,101.71,KL-PAM-01
2024-09-15,8.0,96.65,KL-PAM-01
2024-09-16,3.4,93.12,KL-PAM-01
2024-09-17,3.6,89.72,KL-PAM-01
2024-09-18,1.5,85.05,KL-PAM-01
2024-09-19,1.3,80.99,KL-PAM-01
2024-09-20,1.4,76.6,KL-PAM-01
2024-09-21,3.4,73.11,KL-PAM-01
2024-09-22,5.1,69.13,KL-PAM-01
2024-09-23,10.4,66.3,KL-PAM-01
2024-09-24,6.2,64.77,KL-PAM-01
2024-09-25,4.3,66.14,KL-PAM-01
2024-09-26,1.6,65.06,KL-PAM-01
2024-09-27,1.4,61.96,KL-PAM-01
2024-09-28,8.2,57.9,KL-PAM-01
2024-09-29,4.0,56.16,KL-PAM-01
2024-09-30,18.7,56.43,KL-PAM-01
2024-10-01,5.1,58.44,KL-PAM-01
2024-10-02,5.0,61.23,KL-PAM-01
2024-10-03,5.6,58.99,KL-PAM-01
2024-10-04,10.4,56.56,KL-PAM-01
2024-10-05,0.5,56.3,KL-PAM-01
2024-10-06,32.7,57.36,KL-PAM-01
2024-10-07,23.6,57.36,KL-PAM-01
2024-10-08,6.5,60.53,KL-PAM-01
2024-10-09,44.0,71.42,KL-PAM-01
2024-10-10,24.7,78.95,KL-PAM-01
2024-10-11,41.0,81.19,KL-PAM-01
2024-10-12,3.6,82.33,KL-PAM-01
2024-10-13,7.8,81.19,KL-PAM-01
2024-10-14,9.3,78.77,KL-PAM-01
2024-10-15,6.7,86.05,KL-PAM-01
2024-10-16,8.4,82.71,KL-PAM-01
2024-10-17,3.2,80.99,KL-PAM-01
2024-10-18,3.9,83.1,KL-PAM-01
2024-10-19,3.6,79.5,KL-PAM-01
2024-10-20,10.1,75.01,KL-PAM-01
2024-10-21,5.5,72.43,KL-PAM-01
2024-10-22,5.1,69.62,KL-PAM-01
2024-10-23,26.3,69.79,KL-PAM-01
2024-10-24,62.7,71.59,KL-PAM-01
2024-10-25,61.1,97.55,KL-PAM-01
2024-10-26,17.1,140.73,KL-PAM-01
2024-10-27,13.7,118.27,KL-PAM-01
2024-10-28,3.2,158.37,KL-PAM-01
2024-10-29,2.6,142.37,KL-PAM-01
2024-10-30,1.6,125.04,KL-PAM-01
2024-10-31,11.1,118.27,KL-PAM-01
2024-11-01,9.5,106.3,KL-PAM-01
2024-11-02,19.0,104.1,KL-PAM-01
2024-11-03,16.8,113.18,KL-PAM-01
2024-11-04,39.9,121.89,KL-PAM-01
2024-11-05,2.0,127.68,KL-PAM-01
2024-11-06,0.2,132.81,KL-PAM-01
2024-11-07,3.1,118.27,KL-PAM-01
2024-11-08,19.5,105.56,KL-PAM-01
2024-11-09,1.8,101.01,KL-PAM-01
2024-11-10,0.9,101.95,KL-PAM-01
2024-11-11,1.0,98.0,KL-PAM-01
2024-11-12,0.5,92.69,KL-PAM-01
2024-11-13,1.2,87.86,KL-PAM-01
2024-11-14,22.8,84.46,KL-PAM-01
2024-11-15,5.6,82.71,KL-PAM-01
2024-11-16,27.4,83.68,KL-PAM-01
2024-11-17,4.4,99.15,KL-PAM-01
2024-11-18,2.1,94.43,KL-PAM-01
2024-11-19,0.0,87.46,KL-PAM-01
2024-11-20,7.9,86.65,KL-PAM-01
2024-11-21,0.8,83.1,KL-PAM-01
2024-11-22,2.0,83.1,KL-PAM-01
2024-11-23,0.3,82.13,KL-PAM-01
2024-11-24,0.1,98.69,KL-PAM-01
2024-11-25,0.3,94.0,KL-PAM-01
2024-11-26,12.1,88.48,KL-PAM-01
2024-11-27,4.0,84.86,KL-PAM-01
2024-11-28,0.8,84.26,KL-PAM-01
2024-11-29,0.6,83.87,KL-PAM-01
2024-11-30,2.3,88.89,KL-PAM-01
2024-12-01,24.8,83.87,KL-PAM-01
2024-12-02,11.8,82.33,KL-PAM-01
2024-12-03,1.0,89.72,KL-PAM-01
2024-12-04,3.2,92.48,KL-PAM-01
2024-12-05,8.1,79.87,KL-PAM-01
2024-12-06,0.1,77.85,KL-PAM-01
2024-12-07,2.8,76.6,KL-PAM-01
2024-12-08,1.9,70.11,KL-PAM-01
2024-12-09,1.1,67.07,KL-PAM-01
2024-12-10,1.8,63.57,KL-PAM-01
2024-12-11,0.3,60.81,KL-PAM-01
2024-12-12,40.3,58.58,KL-PAM-01
2024-12-13,12.5,56.16,KL-PAM-01
2024-12-14,11.8,66.14,KL-PAM-01
2024-12-15,0.0,90.98,KL-PAM-01
2024-12-16,0.0,79.5,KL-PAM-01
2024-12-17,0.5,73.62,KL-PAM-01
2024-12-18,0.0,69.45,KL-PAM-01
2024-12-19,0.2,69.45,KL-PAM-01
2024-12-20,0.7,65.52,KL-PAM-01
2024-12-21,0.8,62.1,KL-PAM-01
2024-12-22,0.7,59.13,KL-PAM-01
2024-12-23,0.0,55.9,KL-PAM-01
2024-12-24,0.0,52.98,KL-PAM-01
2024-12-25,0.0,50.2,KL-PAM-01
2024-12-26,2.0,47.79,KL-PAM-01
2024-12-27,0.9,45.39,KL-PAM-01
2024-12-28,0.0,43.31,KL-PAM-01
2024-12-29,0.0,41.41,KL-PAM-01
2024-12-30,1.4,39.98,KL-PAM-01
2024-12-31,0.0,38.24,KL-PAM-01
2025-01-01,0.0,37.17,KL-PAM-01
2025-01-02,0.0,35.46,KL-PAM-01
2025-01-03,0.0,33.98,KL-PAM-01
2025-01-04,0.0,32.57,KL-PAM-01
2025-01-05,0.0,31.14,KL-PAM-01
2025-01-06,0.0,29.91,KL-PAM-01
2025-01-07,0.0,28.73,KL-PAM-01
2025-01-08,0.0,27.66,KL-PAM-01
2025-01-09,0.0,26.63,KL-PAM-01
2025-01-10,13.3,25.76,KL-PAM-01
2025-01-11,0.2,24.86,KL-PAM-01
2025-01-12,0.6,16.09,KL-PAM-01
2025-01-13,18.9,11.31,KL-PAM-01
2025-01-14,15.3,11.01,KL-PAM-01
2025-01-15,1.0,12.46,KL-PAM-01
2025-01-16,0.5,12.15,KL-PAM-01
2025-01-17,0.0,12.03,KL-PAM-01
2025-01-18,2.0,11.15,KL-PAM-01
2025-01-19,1.2,11.04,KL-PAM-01
2025-01-20,0.9,11.77,KL-PAM-01
2025-01-21,0.3,11.6,KL-PAM-01
2025-01-22,0.1,12.83,KL-PAM-01
2025-01-23,0.0,13.15,KL-PAM-01
2025-01-24,0.0,12.8,KL-PAM-01
2025-01-25,0.7,13.5,KL-PAM-01
2025-01-26,0.0,12.58,KL-PAM-01
2025-01-27,0.0,11.77,KL-PAM-01
2025-01-28,0.0,11.04,KL-PAM-01
2025-01-29,0.0,10.34,KL-PAM-01
2025-01-30,0.2,10.37,KL-PAM-01
2025-01-31,7.7,9.74,KL-PAM-01
2025-02-01,0.8,13.25,KL-PAM-01
2025-02-02,0.8,16.02,KL-PAM-01
2025-02-03,0.1,16.61,KL-PAM-01
2025-02-04,0.0,16.37,KL-PAM-01
2025-02-05,0.0,15.94,KL-PAM-01
2025-02-06,0.0,15.45,KL-PAM-01
2025-02-07,0.0,15.11,KL-PAM-01
2025-02-08,0.0,14.78,KL-PAM-01
2025-02-09,0.0,14.46,KL-PAM-01
2025-02-10,0.0,13.94,KL-PAM-01
2025-02-11,0.0,13.6,KL-PAM-01
2025-02-12,0.0,13.21,KL-PAM-01
2025-02-13,0.0,12.96,KL-PAM-01
2025-02-14,0.0,12.74,KL-PAM-01
2025-02-15,0.2,12.48,KL-PAM-01
2025-02-16,0.0,12.27,KL-PAM-01
2025-02-17,0.0,12.15,KL-PAM-01
2025-02-18,0.0,12.01,KL-PAM-01
2025-02-19,0.0,11.77,KL-PAM-01
2025-02-20,0.7,11.65,KL-PAM-01
2025-02-21,0.2,11.4,KL-PAM-01
2025-02-22,0.4,11.23,KL-PAM-01
2025-02-23,0.0,11.15,KL-PAM-01
2025-02-24,0.0,11.2,KL-PAM-01
2025-02-25,0.3,10.93,KL-PAM-01
2025-02-26,10.2,10.61,KL-PAM-01
2025-02-27,0.5,10.9,KL-PAM-01
2025-02-28,1.5,10.77,KL-PAM-01
2025-03-01,3.4,10.29,KL-PAM-01
2025-03-02,4.6,10.93,KL-PAM-01
2025-03-03,0.4,11.06,KL-PAM-01
2025-03-04,0.0,10.68,KL-PAM-01
2025-03-05,2.8,10.53,KL-PAM-01
2025-03-06,1.3,10.24,KL-PAM-01
2025-03-07,3.1,10.27,KL-PAM-01
2025-03-08,1.4,10.34,KL-PAM-01
2025-03-09,0.7,10.58,KL-PAM-01
2025-03-10,0.0,10.37,KL-PAM-01
2025-03-11,7.2,9.87,KL-PAM-01
2025-03-12,0.2,11.77,KL-PAM-01
2025-03-13,0.0,13.41,KL-PAM-01
2025-03-14,0.5,11.31,KL-PAM-01
2025-03-15,1.0,10.61,KL-PAM-01
2025-03-16,13.6,10.19,KL-PAM-01
2025-03-17,11.0,11.85,KL-PAM-01
2025-03-18,16.7,12.52,KL-PAM-01
2025-03-19,2.0,13.15,KL-PAM-01
2025-03-20,0.0,12.98,KL-PAM-01
2025-03-21,2.5,12.46,KL-PAM-01
2025-03-22,14.2,12.83,KL-PAM-01
2025-03-23,7.3,14.22,KL-PAM-01
2025-03-24,0.6,14.75,KL-PAM-01
2025-03-25,1.5,15.29,KL-PAM-01
2025-03-26,9.1,14.39,KL-PAM-01
2025-03-27,1.3,14.32,KL-PAM-01
2025-03-28,4.6,13.88,KL-PAM-01
2025-03-29,0.0,15.26,KL-PAM-01
2025-03-30,0.4,15.48,KL-PAM-01
2025-03-31,1.9,14.93,KL-PAM-01
2025-04-01,1.9,14.93,KL-PAM-01
2025-04-02,7.0,14.93,KL-PAM-01
2025-04-03,3.6,16.09,KL-PAM-01
2025-04-04,20.4,19.06,KL-PAM-01
2025-04-05,15.1,18.43,KL-PAM-01
2025-04-06,22.7,22.76,KL-PAM-01
2025-04-07,3.0,29.49,KL-PAM-01
2025-04-08,5.7,34.39,KL-PAM-01
2025-04-09,3.0,32.8,KL-PAM-01
2025-04-10,1.8,35.88,KL-PAM-01
2025-04-11,10.6,37.25,KL-PAM-01
2025-04-12,13.1,37.53,KL-PAM-01
2025-04-13,0.6,37.43,KL-PAM-01
2025-04-14,3.4,37.43,KL-PAM-01
2025-04-15,5.3,36.74,KL-PAM-01
2025-04-16,0.5,36.82,KL-PAM-01
2025-04-17,5.8,38.24,KL-PAM-01
2025-04-18,14.6,38.32,KL-PAM-01
2025-04-19,5.1,38.24,KL-PAM-01
2025-04-20,6.4,39.61,KL-PAM-01
2025-04-21,3.8,41.8,KL-PAM-01
2025-04-22,14.0,42.4,KL-PAM-01
2025-04-23,15.2,43.51,KL-PAM-01
2025-04-24,10.6,43.51,KL-PAM-01
2025-04-25,7.0,43.41,KL-PAM-01
2025-04-26,2.8,47.23,KL-PAM-01
2025-04-27,2.0,47.01,KL-PAM-01
2025-04-28,14.2,46.9,KL-PAM-01
2025-04-29,3.0,48.13,KL-PAM-01
2025-04-30,1.9,49.97,KL-PAM-01
2025-05-01,5.3,51.03,KL-PAM-01
2025-05-02,19.1,52.73,KL-PAM-01
2025-05-03,4.2,53.47,KL-PAM-01
2025-05-04,0.9,54.23,KL-PAM-01
2025-05-05,7.4,54.61,KL-PAM-01
2025-05-06,9.6,52.85,KL-PAM-01
2025-05-07,8.7,53.23,KL-PAM-01
2025-05-08,0.2,60.53,KL-PAM-01
2025-05-09,0.0,60.1,KL-PAM-01
2025-05-10,0.1,56.04,KL-PAM-01
2025-05-11,1.0,52.85,KL-PAM-01
2025-05-12,12.3,50.08,KL-PAM-01
2025-05-13,15.6,48.13,KL-PAM-01
2025-05-14,10.6,47.46,KL-PAM-01
2025-05-15,1.6,48.24,KL-PAM-01
2025-05-16,2.3,48.47,KL-PAM-01
2025-05-17,16.5,48.47,KL-PAM-01
2025-05-18,31.6,49.5,KL-PAM-01
2025-05-19,52.1,48.69,KL-PAM-01
2025-05-20,4.3,48.92,KL-PAM-01
2025-05-21,2.3,53.6,KL-PAM-01
2025-05-22,4.7,61.52,KL-PAM-01
2025-05-23,39.5,60.53,KL-PAM-01
2025-05-24,49.0,68.66,KL-PAM-01
2025-05-25,99.4,134.36,KL-PAM-01
2025-05-26,62.6,231.96,KL-PAM-01
2025-05-27,23.1,337.22,KL-PAM-01
2025-05-28,12.2,350.71,KL-PAM-01
2025-05-29,46.4,275.85,KL-PAM-01
2025-05-30,58.2,350.71,KL-PAM-01
2025-05-31,26.9,470.13,KL-PAM-01
2025-06-01,1.4,397.25,KL-PAM-01
2025-06-02,6.1,334.12,KL-PAM-01
2025-06-03,10.2,282.29,KL-PAM-01
2025-06-04,36.1,257.38,KL-PAM-01
2025-06-05,0.4,240.7,KL-PAM-01
2025-06-06,1.5,225.09,KL-PAM-01
2025-06-07,2.7,205.69,KL-PAM-01
2025-06-08,2.2,192.79,KL-PAM-01
2025-06-09,1.2,180.28,KL-PAM-01
2025-06-10,34.8,168.98,KL-PAM-01
2025-06-11,31.1,160.21,KL-PAM-01
2025-06-12,13.2,158.74,KL-PAM-01
2025-06-13,52.2,161.33,KL-PAM-01
2025-06-14,64.2,201.92,KL-PAM-01
2025-06-15,50.4,285.57,KL-PAM-01
2025-06-16,25.2,369.83,KL-PAM-01
2025-06-17,7.7,366.43,KL-PAM-01
2025-06-18,5.8,341.92,KL-PAM-01
2025-06-19,12.3,305.35,KL-PAM-01
2025-06-20,5.6,275.85,KL-PAM-01
2025-06-21,7.1,252.66,KL-PAM-01
2025-06-22,7.8,233.57,KL-PAM-01
2025-06-23,6.9,218.43,KL-PAM-01
2025-06-24,11.5,207.6,KL-PAM-01
2025-06-25,27.9,195.03,KL-PAM-01
2025-06-26,23.2,193.24,KL-PAM-01
2025-06-27,6.3,195.03,KL-PAM-01
2025-06-28,25.2,188.38,KL-PAM-01
2025-06-29,4.1,181.12,KL-PAM-01
2025-06-30,4.5,175.75,KL-PAM-01
2025-07-01,2.5,167.03,KL-PAM-01
2025-07-02,8.2,157.28,KL-PAM-01
2025-07-03,1.0,146.04,KL-PAM-01
2025-07-04,0.8,140.08,KL-PAM-01
2025-07-05,3.6,131.59,KL-PAM-01
2025-07-06,4.0,124.75,KL-PAM-01
2025-07-07,3.1,119.66,KL-PAM-01
2025-07-08,2.9,115.03,KL-PAM-01
2025-07-09,2.7,109.31,KL-PAM-01
2025-07-10,1.9,104.35,KL-PAM-01
2025-07-11,17.0,99.15,KL-PAM-01
2025-07-12,5.8,94.65,KL-PAM-01
2025-07-13,17.2,92.91,KL-PAM-01
2025-07-14,20.6,89.94,KL-PAM-01
2025-07-15,9.6,88.07,KL-PAM-01
2025-07-16,42.1,87.46,KL-PAM-01
2025-07-17,11.9,88.27,KL-PAM-01
2025-07-18,26.2,96.65,KL-PAM-01
2025-07-19,60.4,139.76,KL-PAM-01
2025-07-20,26.8,221.48,KL-PAM-01
2025-07-21,24.0,253.84,KL-PAM-01
2025-07-22,10.5,252.66,KL-PAM-01
2025-07-23,24.0,294.95,KL-PAM-01
2025-07-24,28.6,340.34,KL-PAM-01
2025-07-25,19.9,339.56,KL-PAM-01
2025-07-26,30.1,352.33,KL-PAM-01
2025-07-27,3.5,400.94,KL-PAM-01
2025-07-28,1.0,377.59,KL-PAM-01
2025-07-29,0.7,317.57,KL-PAM-01
2025-07-30,2.9,286.89,KL-PAM-01
2025-07-31,8.4,264.0,KL-PAM-01
2025-08-01,11.0,246.89,KL-PAM-01
2025-08-02,30.7,231.96,KL-PAM-01
2025-08-03,19.1,223.54,KL-PAM-01
2025-08-04,13.5,223.54,KL-PAM-01
2025-08-05,5.5,219.44,KL-PAM-01
2025-08-06,1.9,255.6,KL-PAM-01
2025-08-07,6.8,228.77,KL-PAM-01
2025-08-08,12.7,213.44,KL-PAM-01
2025-08-09,5.3,201.92,KL-PAM-01
2025-08-10,17.4,191.01,KL-PAM-01
2025-08-11,9.2,177.38,KL-PAM-01
2025-08-12,16.9,169.37,KL-PAM-01
2025-08-13,11.7,159.48,KL-PAM-01
2025-08-14,19.6,155.47,KL-PAM-01
2025-08-15,24.7,152.26,KL-PAM-01
2025-08-16,31.9,165.88,KL-PAM-01
2025-08-17,13.2,163.97,KL-PAM-01
2025-08-18,2.9,146.04,KL-PAM-01
2025-08-19,1.9,146.72,KL-PAM-01
2025-08-20,1.1,134.04,KL-PAM-01
2025-08-21,1.3,126.2,KL-PAM-01
2025-08-22,1.3,117.73,KL-PAM-01
2025-08-23,0.7,110.83,KL-PAM-01
2025-08-24,1.5,104.83,KL-PAM-01
2025-08-25,1.5,99.15,KL-PAM-01
2025-08-26,5.5,93.55,KL-PAM-01
2025-08-27,24.7,88.27,KL-PAM-01
2025-08-28,28.6,86.45,KL-PAM-01
2025-08-29,10.3,96.42,KL-PAM-01
2025-08-30,7.4,101.25,KL-PAM-01
2025-08-31,5.5,118.54,KL-PAM-01
2025-09-01,3.3,117.46,KL-PAM-01
2025-09-02,3.0,118.54,KL-PAM-01
2025-09-03,5.7,112.91,KL-PAM-01
2025-09-04,4.4,105.81,KL-PAM-01
2025-09-05,4.1,102.67,KL-PAM-01
2025-09-06,2.0,95.75,KL-PAM-01
2025-09-07,0.4,91.41,KL-PAM-01
2025-09-08,0.8,86.65,KL-PAM-01
2025-09-09,3.4,81.75,KL-PAM-01
2025-09-10,1.3,77.31,KL-PAM-01
2025-09-11,1.5,76.95,KL-PAM-01
2025-09-12,1.3,74.14,KL-PAM-01
2025-09-13,1.1,71.59,KL-PAM-01
2025-09-14,3.8,66.6,KL-PAM-01
2025-09-15,11.6,63.27,KL-PAM-01
2025-09-16,16.9,60.38,KL-PAM-01
2025-09-17,21.2,58.3,KL-PAM-01
2025-09-18,18.1,58.03,KL-PAM-01
2025-09-19,2.3,59.69,KL-PAM-01
2025-09-20,1.0,63.71,KL-PAM-01
2025-09-21,11.5,62.39,KL-PAM-01
2025-09-22,2.7,59.82,KL-PAM-01
2025-09-23,13.8,59.54,KL-PAM-01
2025-09-24,21.1,55.13,KL-PAM-01
2025-09-25,29.2,56.3,KL-PAM-01
2025-09-26,22.1,54.48,KL-PAM-01
2025-09-27,14.9,56.96,KL-PAM-01
2025-09-28,5.0,66.6,KL-PAM-01
2025-09-29,4.1,66.3,KL-PAM-01
2025-09-30,1.6,65.37,KL-PAM-01
2025-10-01,1.5,63.87,KL-PAM-01
2025-10-02,4.7,60.53,KL-PAM-01
2025-10-03,12.8,57.76,KL-PAM-01
2025-10-04,11.3,54.74,KL-PAM-01
2025-10-05,7.4,52.85,KL-PAM-01
2025-10-06,0.9,51.63,KL-PAM-01
2025-10-07,0.7,51.63,KL-PAM-01
2025-10-08,7.5,50.67,KL-PAM-01
2025-10-09,1.4,48.13,KL-PAM-01
2025-10-10,4.4,48.13,KL-PAM-01
2025-10-11,0.9,51.51,KL-PAM-01
2025-10-12,8.6,53.35,KL-PAM-01
2025-10-13,1.8,52.73,KL-PAM-01
2025-10-14,31.5,58.44,KL-PAM-01
2025-10-15,2.4,118.54,KL-PAM-01
2025-10-16,33.2,116.91,KL-PAM-01
2025-10-17,18.1,138.79,KL-PAM-01
2025-10-18,23.4,138.47,KL-PAM-01
2025-10-19,24.8,137.51,KL-PAM-01
2025-10-20,10.5,160.59,KL-PAM-01
2025-10-21,8.8,160.96,KL-PAM-01
2025-10-22,50.9,151.91,KL-PAM-01
2025-10-23,31.0,155.47,KL-PAM-01
2025-10-24,17.1,164.35,KL-PAM-01
2025-10-25,1.6,165.11,KL-PAM-01
2025-10-26,1.7,156.55,KL-PAM-01
2025-10-27,17.5,148.78,KL-PAM-01
2025-10-28,18.2,141.06,KL-PAM-01
2025-10-29,9.1,140.73,KL-PAM-01
2025-10-30,0.4,137.51,KL-PAM-01
2025-10-31,0.0,128.57,KL-PAM-01
2025-11-01,0.0,120.77,KL-PAM-01
2025-11-02,0.8,113.18,KL-PAM-01
2025-11-03,1.4,106.55,KL-PAM-01
2025-11-04,0.2,100.3,KL-PAM-01
2025-11-05,6.5,94.87,KL-PAM-01
2025-11-06,0.4,89.72,KL-PAM-01
2025-11-07,0.0,87.46,KL-PAM-01
2025-11-08,0.8,81.75,KL-PAM-01
2025-11-09,17.8,77.31,KL-PAM-01
2025-11-10,11.8,75.36,KL-PAM-01
2025-11-11,10.0,76.24,KL-PAM-01
2025-11-12,13.6,80.62,KL-PAM-01
2025-11-13,7.6,74.66,KL-PAM-01
2025-11-14,12.3,75.36,KL-PAM-01
2025-11-15,12.6,82.51,KL-PAM-01
2025-11-16,1.1,81.56,KL-PAM-01
2025-11-17,16.6,77.31,KL-PAM-01
2025-11-18,15.8,77.5,KL-PAM-01
2025-11-19,10.0,87.05,KL-PAM-01
2025-11-20,2.5,93.55,KL-PAM-01
2025-11-21,4.0,92.69,KL-PAM-01
2025-11-22,15.6,76.77,KL-PAM-01
2025-11-23,31.8,74.49,KL-PAM-01
2025-11-24,2.3,80.81,KL-PAM-01
2025-11-25,0.2,90.56,KL-PAM-01
2025-11-26,0.8,93.77,KL-PAM-01
2025-11-27,0.1,91.83,KL-PAM-01
2025-11-28,0.0,87.86,KL-PAM-01
2025-11-29,0.0,84.86,KL-PAM-01
2025-11-30,0.0,83.29,KL-PAM-01
2025-12-01,0.4,80.62,KL-PAM-01
2025-12-02,7.2,78.77,KL-PAM-01
2025-12-03,5.5,75.71,KL-PAM-01
2025-12-04,16.4,76.24,KL-PAM-01
2025-12-05,5.3,74.14,KL-PAM-01
2025-12-06,0.2,73.62,KL-PAM-01
2025-12-07,1.1,70.93,KL-PAM-01
2025-12-08,0.1,67.86,KL-PAM-01
2025-12-09,0.0,65.68,KL-PAM-01
2025-12-10,0.1,61.96,KL-PAM-01
2025-12-11,0.0,59.96,KL-PAM-01
2025-12-12,0.0,57.23,KL-PAM-01
2025-12-13,0.0,54.23,KL-PAM-01
2025-12-14,0.0,51.51,KL-PAM-01
2025-12-15,0.0,49.27,KL-PAM-01
2025-12-16,0.0,47.01,KL-PAM-01
2025-12-17,0.7,44.55,KL-PAM-01
2025-12-18,0.0,42.6,KL-PAM-01
2025-12-19,0.0,41.23,KL-PAM-01
2025-12-20,0.0,39.15,KL-PAM-01
2025-12-21,0.0,37.43,KL-PAM-01
2025-12-22,0.0,35.71,KL-PAM-01
2025-12-23,0.0,34.15,KL-PAM-01
2025-12-24,0.0,32.65,KL-PAM-01
2025-12-25,0.0,31.22,KL-PAM-01
2025-12-26,0.0,29.91,KL-PAM-01
2025-12-27,0.0,28.73,KL-PAM-01
2025-12-28,0.0,27.73,KL-PAM-01
2025-12-29,0.0,26.69,KL-PAM-01
2025-12-30,0.0,25.76,KL-PAM-01
2025-12-31,2.2,24.86,KL-PAM-01
