date,river_discharge_m3s
1997-01-01,25.92
1997-01-02,24.64
1997-01-03,23.49
1997-01-04,22.44
1997-01-05,21.44
1997-01-06,20.48
1997-01-07,19.61
1997-01-08,18.72
1997-01-09,18.01
1997-01-10,17.45
1997-01-11,15.98
1997-01-12,14.89
1997-01-13,14.31
1997-01-14,14.03
1997-01-15,13.69
1997-01-16,13.39
1997-01-17,13.03
1997-01-18,12.61
1997-01-19,12.3
1997-01-20,12.0
1997-01-21,11.76
1997-01-22,11.59
1997-01-23,11.53
1997-01-24,11.27
1997-01-25,10.91
1997-01-26,10.69
1997-01-27,10.53
1997-01-28,10.35
1997-01-29,10.19
1997-01-30,10.09
1997-01-31,10.59
1997-02-01,11.05
1997-02-02,11.16
1997-02-03,11.13
1997-02-04,11.13
1997-02-05,10.97
1997-02-06,10.8
1997-02-07,10.75
1997-02-08,10.78
1997-02-09,10.94
1997-02-10,10.99
1997-02-11,10.91
1997-02-12,10.75
1997-02-13,10.56
1997-02-14,10.51
1997-02-15,10.48
1997-02-16,10.4
1997-02-17,10.38
1997-02-18,10.38
1997-02-19,10.43
1997-02-20,10.43
1997-02-21,10.43
1997-02-22,10.43
1997-02-23,10.61
1997-02-24,10.72
1997-02-25,10.51
1997-02-26,10.27
1997-02-27,10.19
1997-02-28,10.12
1997-03-01,10.09
1997-03-02,10.07
1997-03-03,10.07
1997-03-04,10.12
1997-03-05,10.09
1997-03-06,9.99
1997-03-07,9.94
1997-03-08,9.94
1997-03-09,9.91
1997-03-10,9.84
1997-03-11,9.81
1997-03-12,9.84
1997-03-13,9.91
1997-03-14,9.99
1997-03-15,10.19
1997-03-16,10.27
1997-03-17,10.17
1997-03-18,10.12
1997-03-19,10.38
1997-03-20,10.69
1997-03-21,11.65
1997-03-22,12.74
1997-03-23,12.74
1997-03-24,13.0
1997-03-25,12.77
1997-03-26,11.85
1997-03-27,11.16
1997-03-28,10.8
1997-03-29,10.75
1997-03-30,11.85
1997-03-31,13.22
1997-04-01,13.52
1997-04-02,13.79
1997-04-03,13.72
1997-04-04,13.06
1997-04-05,13.59
1997-04-06,14.81
1997-04-07,14.7
1997-04-08,14.42
1997-04-09,15.48
1997-04-10,16.14
1997-04-11,16.3
1997-04-12,16.42
1997-04-13,16.14
1997-04-14,15.75
1997-04-15,15.52
1997-04-16,16.66
1997-04-17,19.04
1997-04-18,20.13
1997-04-19,19.61
1997-04-20,19.0
1997-04-21,18.59
1997-04-22,18.32
1997-04-23,18.14
1997-04-24,17.88
1997-04-25,17.45
1997-04-26,17.28
1997-04-27,17.32
1997-04-28,17.32
1997-04-29,18.41
1997-04-30,20.18
1997-05-01,21.49
1997-05-02,23.43
1997-05-03,28.99
1997-05-04,32.5
1997-05-05,33.59
1997-05-06,36.07
1997-05-07,38.54
1997-05-08,48.43
1997-05-09,54.08
1997-05-10,51.84
1997-05-11,49.12
1997-05-12,47.87
1997-05-13,46.42
1997-05-14,45.67
1997-05-15,44.81
1997-05-16,43.67
1997-05-17,42.75
1997-05-18,42.15
1997-05-19,41.36
1997-05-20,39.64
1997-05-21,37.64
1997-05-22,35.56
1997-05-23,33.59
1997-05-24,33.12
1997-05-25,35.73
1997-05-26,39.74
1997-05-27,42.65
1997-05-28,43.57
1997-05-29,42.55
1997-05-30,40.4
1997-05-31,38.63
1997-06-01,38.63
1997-06-02,38.99
1997-06-03,39.64
1997-06-04,42.95
1997-06-05,46.75
1997-06-06,48.55
1997-06-07,48.89
1997-06-08,50.52
1997-06-09,52.09
1997-06-10,50.4
1997-06-11,48.09
1997-06-12,47.53
1997-06-13,48.32
1997-06-14,49.58
1997-06-15,48.32
1997-06-16,46.32
1997-06-17,44.08
1997-06-18,43.26
1997-06-19,43.77
1997-06-20,43.67
1997-06-21,42.35
1997-06-22,41.36
1997-06-23,41.66
1997-06-24,44.71
1997-06-25,51.36
1997-06-26,60.09
1997-06-27,71.44
1997-06-28,83.92
1997-06-29,124.03
1997-06-30,237.23
1997-07-01,238.33
1997-07-02,214.28
1997-07-03,205.06
1997-07-04,197.61
1997-07-05,193.09
1997-07-06,189.99
1997-07-07,186.5
1997-07-08,182.23
1997-07-09,177.24
1997-07-10,178.89
1997-07-11,179.3
1997-07-12,174.39
1997-07-13,166.88
1997-07-14,161.18
1997-07-15,156.04
1997-07-16,152.46
1997-07-17,148.97
1997-07-18,147.25
1997-07-19,146.23
1997-07-20,141.89
1997-07-21,139.93
1997-07-22,142.22
1997-07-23,147.25
1997-07-24,242.22
1997-07-25,278.25
1997-07-26,258.42
1997-07-27,239.99
1997-07-28,226.51
1997-07-29,212.8
1997-07-30,202.7
1997-07-31,198.07
1997-08-01,209.38
1997-08-02,213.29
1997-08-03,209.38
1997-08-04,202.24
1997-08-05,190.43
1997-08-06,181.81
1997-08-07,186.5
1997-08-08,190.87
1997-08-09,187.36
1997-08-10,193.98
1997-08-11,199.91
1997-08-12,197.15
1997-08-13,188.67
1997-08-14,176.42
1997-08-15,164.58
1997-08-16,154.96
1997-08-17,148.62
1997-08-18,144.88
1997-08-19,140.58
1997-08-20,137.36
1997-08-21,159.32
1997-08-22,169.22
1997-08-23,164.96
1997-08-24,157.12
1997-08-25,146.91
1997-08-26,140.58
1997-08-27,143.54
1997-08-28,152.82
1997-08-29,159.32
1997-08-30,158.22
1997-08-31,150.01
1997-09-01,139.93
1997-09-02,131.13
1997-09-03,124.03
1997-09-04,117.3
1997-09-05,111.98
1997-09-06,109.41
1997-09-07,106.4
1997-09-08,102.99
1997-09-09,100.39
1997-09-10,97.86
1997-09-11,95.83
1997-09-12,94.94
1997-09-13,93.19
1997-09-14,91.47
1997-09-15,90.62
1997-09-16,90.41
1997-09-17,87.92
1997-09-18,85.7
1997-09-19,85.7
1997-09-20,83.53
1997-09-21,81.22
1997-09-22,80.85
1997-09-23,81.99
1997-09-24,81.41
1997-09-25,78.98
1997-09-26,76.09
1997-09-27,72.62
1997-09-28,69.15
1997-09-29,65.99
1997-09-30,62.83
1997-10-01,60.66
1997-10-02,59.67
1997-10-03,57.75
1997-10-04,57.61
1997-10-05,58.02
1997-10-06,56.68
1997-10-07,57.08
1997-10-08,59.39
1997-10-09,62.97
1997-10-10,63.42
1997-10-11,62.1
1997-10-12,62.97
1997-10-13,65.53
1997-10-14,69.47
1997-10-15,71.78
1997-10-16,71.44
1997-10-17,73.3
1997-10-18,72.45
1997-10-19,70.94
1997-10-20,68.34
1997-10-21,68.5
1997-10-22,73.47
1997-10-23,77.7
1997-10-24,78.43
1997-10-25,77.52
1997-10-26,78.62
1997-10-27,80.1
1997-10-28,83.14
1997-10-29,86.5
1997-10-30,89.16
1997-10-31,90.41
1997-11-01,90.83
1997-11-02,91.68
1997-11-03,99.69
1997-11-04,108.9
1997-11-05,110.43
1997-11-06,106.4
1997-11-07,100.16
1997-11-08,101.09
1997-11-09,113.29
1997-11-10,122.59
1997-11-11,124.03
1997-11-12,119.5
1997-11-13,112.5
1997-11-14,105.17
1997-11-15,98.54
1997-11-16,92.97
1997-11-17,87.92
1997-11-18,84.11
1997-11-19,81.04
1997-11-20,78.25
1997-11-21,76.09
1997-11-22,73.3
1997-11-23,70.78
1997-11-24,71.44
1997-11-25,71.95
1997-11-26,71.61
1997-11-27,71.61
1997-11-28,72.45
1997-11-29,72.45
1997-11-30,71.11
1997-12-01,67.39
1997-12-02,63.57
1997-12-03,59.95
1997-12-04,57.08
1997-12-05,54.85
1997-12-06,54.85
1997-12-07,56.68
1997-12-08,58.29
1997-12-09,59.67
1997-12-10,59.95
1997-12-11,58.16
1997-12-12,55.23
1997-12-13,52.58
1997-12-14,49.93
1997-12-15,47.42
1997-12-16,45.24
1997-12-17,42.95
1997-12-18,41.07
1997-12-19,40.3
1997-12-20,40.4
1997-12-21,41.95
1997-12-22,42.15
1997-12-23,40.3
1997-12-24,38.17
1997-12-25,36.07
1997-12-26,34.16
1997-12-27,32.34
1997-12-28,30.62
1997-12-29,28.99
1997-12-30,27.58
1997-12-31,26.23
1998-01-01,24.94
1998-01-02,23.89
1998-01-03,22.82
1998-01-04,21.75
1998-01-05,20.78
1998-01-06,19.89
1998-01-07,19.04
1998-01-08,18.32
1998-01-09,17.66
1998-01-10,16.95
1998-01-11,15.41
1998-01-12,14.28
1998-01-13,13.66
1998-01-14,13.09
1998-01-15,12.71
1998-01-16,12.34
1998-01-17,11.91
1998-01-18,11.62
1998-01-19,11.56
1998-01-20,11.59
1998-01-21,11.65
1998-01-22,11.56
1998-01-23,11.42
1998-01-24,11.22
1998-01-25,11.13
1998-01-26,10.97
1998-01-27,10.72
1998-01-28,10.53
1998-01-29,10.38
1998-01-30,10.19
1998-01-31,10.72
1998-02-01,11.11
1998-02-02,11.05
1998-02-03,10.97
1998-02-04,10.94
1998-02-05,10.89
1998-02-06,10.86
1998-02-07,10.94
1998-02-08,10.91
1998-02-09,10.78
1998-02-10,10.69
1998-02-11,10.64
1998-02-12,10.59
1998-02-13,10.61
1998-02-14,10.67
1998-02-15,10.78
1998-02-16,10.83
1998-02-17,11.11
1998-02-18,11.42
1998-02-19,11.25
1998-02-20,10.94
1998-02-21,10.94
1998-02-22,10.83
1998-02-23,10.69
1998-02-24,10.78
1998-02-25,10.72
1998-02-26,10.61
1998-02-27,10.56
1998-02-28,10.53
1998-03-01,10.43
1998-03-02,10.38
1998-03-03,10.35
1998-03-04,10.22
1998-03-05,10.17
1998-03-06,10.32
1998-03-07,10.4
1998-03-08,10.4
1998-03-09,10.4
1998-03-10,10.22
1998-03-11,10.43
1998-03-12,10.51
1998-03-13,10.32
1998-03-14,10.22
1998-03-15,10.22
1998-03-16,10.12
1998-03-17,9.96
1998-03-18,9.91
1998-03-19,9.91
1998-03-20,9.86
1998-03-21,9.81
1998-03-22,9.79
1998-03-23,9.81
1998-03-24,9.84
1998-03-25,9.91
1998-03-26,10.04
1998-03-27,9.96
1998-03-28,9.81
1998-03-29,9.84
1998-03-30,9.84
1998-03-31,9.96
1998-04-01,10.51
1998-04-02,11.16
1998-04-03,11.16
1998-04-04,10.59
1998-04-05,10.12
1998-04-06,9.94
1998-04-07,9.91
1998-04-08,9.99
1998-04-09,10.53
1998-04-10,10.91
1998-04-11,10.94
1998-04-12,10.78
1998-04-13,10.94
1998-04-14,11.16
1998-04-15,11.22
1998-04-16,11.47
1998-04-17,12.03
1998-04-18,12.0
1998-04-19,11.5
1998-04-20,11.45
1998-04-21,11.53
1998-04-22,11.59
1998-04-23,11.79
1998-04-24,11.97
1998-04-25,12.12
1998-04-26,12.24
1998-04-27,12.18
1998-04-28,12.84
1998-04-29,14.1
1998-04-30,14.89
1998-05-01,16.22
1998-05-02,16.58
1998-05-03,15.41
1998-05-04,14.56
1998-05-05,14.14
1998-05-06,14.07
1998-05-07,14.14
1998-05-08,14.31
1998-05-09,14.74
1998-05-10,15.14
1998-05-11,16.91
1998-05-12,19.42
1998-05-13,21.54
1998-05-14,24.12
1998-05-15,78.43
1998-05-16,76.62
1998-05-17,60.09
1998-05-18,50.17
1998-05-19,45.45
1998-05-20,43.26
1998-05-21,40.98
1998-05-22,38.45
1998-05-23,36.07
1998-05-24,34.4
1998-05-25,33.12
1998-05-26,32.81
1998-05-27,33.36
1998-05-28,34.32
1998-05-29,35.48
1998-05-30,35.73
1998-05-31,34.56
1998-06-01,34.89
1998-06-02,36.93
1998-06-03,37.11
1998-06-04,35.98
1998-06-05,34.56
1998-06-06,33.36
1998-06-07,32.81
1998-06-08,31.96
1998-06-09,30.99
1998-06-10,31.73
1998-06-11,33.51
1998-06-12,34.73
1998-06-13,35.98
1998-06-14,37.19
1998-06-15,38.63
1998-06-16,42.75
1998-06-17,49.82
1998-06-18,54.21
1998-06-19,55.49
1998-06-20,55.49
1998-06-21,55.49
1998-06-22,58.29
1998-06-23,62.68
1998-06-24,68.18
1998-06-25,92.11
1998-06-26,129.32
1998-06-27,193.54
1998-06-28,276.97
1998-06-29,315.23
1998-06-30,320.37
1998-07-01,317.42
1998-07-02,301.69
1998-07-03,315.23
1998-07-04,308.74
1998-07-05,286.08
1998-07-06,261.42
1998-07-07,241.1
1998-07-08,224.94
1998-07-09,211.81
1998-07-10,205.54
1998-07-11,200.84
1998-07-12,195.34
1998-07-13,191.75
1998-07-14,193.98
1998-07-15,194.88
1998-07-16,190.43
1998-07-17,186.5
1998-07-18,183.93
1998-07-19,185.21
1998-07-20,184.35
1998-07-21,176.42
1998-07-22,168.04
1998-07-23,161.55
1998-07-24,162.31
1998-07-25,166.49
1998-07-26,173.18
1998-07-27,177.24
1998-07-28,180.97
1998-07-29,183.5
1998-07-30,183.08
1998-07-31,178.89
1998-08-01,171.98
1998-08-02,167.66
1998-08-03,173.98
1998-08-04,178.06
1998-08-05,175.6
1998-08-06,172.78
1998-08-07,169.61
1998-08-08,167.27
1998-08-09,164.96
1998-08-10,167.27
1998-08-11,170.0
1998-08-12,168.04
1998-08-13,160.44
1998-08-14,152.82
1998-08-15,145.89
1998-08-16,142.88
1998-08-17,138.32
1998-08-18,132.66
1998-08-19,130.22
1998-08-20,129.02
1998-08-21,131.43
1998-08-22,132.35
1998-08-23,129.62
1998-08-24,140.91
1998-08-25,148.62
1998-08-26,143.21
1998-08-27,134.52
1998-08-28,126.64
1998-08-29,119.5
1998-08-30,112.5
1998-08-31,106.89
1998-09-01,104.44
1998-09-02,102.04
1998-09-03,99.23
1998-09-04,98.08
1998-09-05,97.86
1998-09-06,98.08
1998-09-07,95.61
1998-09-08,97.4
1998-09-09,128.12
1998-09-10,140.58
1998-09-11,132.97
1998-09-12,124.03
1998-09-13,118.4
1998-09-14,115.41
1998-09-15,113.82
1998-09-16,113.02
1998-09-17,113.55
1998-09-18,108.65
1998-09-19,102.04
1998-09-20,96.27
1998-09-21,91.68
1998-09-22,88.13
1998-09-23,88.95
1998-09-24,94.28
1998-09-25,94.5
1998-09-26,91.68
1998-09-27,90.83
1998-09-28,90.41
1998-09-29,92.76
1998-09-30,92.33
1998-10-01,87.92
1998-10-02,85.3
1998-10-03,86.7
1998-10-04,84.51
1998-10-05,80.85
1998-10-06,78.8
1998-10-07,78.07
1998-10-08,78.25
1998-10-09,83.72
1998-10-10,101.8
1998-10-11,139.93
1998-10-12,163.06
1998-10-13,161.18
1998-10-14,152.82
1998-10-15,145.22
1998-10-16,137.36
1998-10-17,128.72
1998-10-18,122.31
1998-10-19,116.22
1998-10-20,109.15
1998-10-21,102.04
1998-10-22,95.61
1998-10-23,89.78
1998-10-24,84.7
1998-10-25,81.99
1998-10-26,81.99
1998-10-27,81.04
1998-10-28,79.17
1998-10-29,76.98
1998-10-30,73.82
1998-10-31,71.28
1998-11-01,71.95
1998-11-02,72.79
1998-11-03,72.96
1998-11-04,73.82
1998-11-05,76.8
1998-11-06,80.28
1998-11-07,80.28
1998-11-08,90.41
1998-11-09,109.15
1998-11-10,122.31
1998-11-11,125.77
1998-11-12,118.12
1998-11-13,109.92
1998-11-14,104.44
1998-11-15,99.46
1998-11-16,93.62
1998-11-17,87.72
1998-11-18,82.18
1998-11-19,77.34
1998-11-20,72.62
1998-11-21,68.82
1998-11-22,65.53
1998-11-23,63.27
1998-11-24,60.38
1998-11-25,57.34
1998-11-26,54.72
1998-11-27,51.72
1998-11-28,49.23
1998-11-29,46.75
1998-11-30,44.19
1998-12-01,42.15
1998-12-02,40.69
1998-12-03,38.9
1998-12-04,36.84
1998-12-05,35.06
1998-12-06,34.24
1998-12-07,32.81
1998-12-08,33.99
1998-12-09,40.11
1998-12-10,45.24
1998-12-11,53.95
1998-12-12,64.01
1998-12-13,68.66
1998-12-14,68.34
1998-12-15,67.23
1998-12-16,64.31
1998-12-17,60.38
1998-12-18,56.81
1998-12-19,53.7
1998-12-20,50.88
1998-12-21,48.2
1998-12-22,45.56
1998-12-23,43.06
1998-12-24,40.59
1998-12-25,38.45
1998-12-26,36.33
1998-12-27,34.56
1998-12-28,32.96
1998-12-29,31.21
1998-12-30,29.55
1998-12-31,27.97
1999-01-01,26.61
1999-01-02,25.42
1999-01-03,24.18
1999-01-04,22.99
1999-01-05,22.01
1999-01-06,21.08
1999-01-07,20.28
1999-01-08,19.61
1999-01-09,19.09
1999-01-10,18.45
1999-01-11,16.91
1999-01-12,15.75
1999-01-13,15.03
1999-01-14,14.45
1999-01-15,13.96
1999-01-16,13.42
1999-01-17,12.96
1999-01-18,12.46
1999-01-19,12.09
1999-01-20,11.74
1999-01-21,11.5
1999-01-22,11.3
1999-01-23,11.05
1999-01-24,10.94
1999-01-25,10.97
1999-01-26,10.75
1999-01-27,10.43
1999-01-28,10.32
1999-01-29,10.25
1999-01-30,10.12
1999-01-31,10.59
1999-02-01,10.94
1999-02-02,10.97
1999-02-03,10.97
1999-02-04,11.02
1999-02-05,11.22
1999-02-06,11.47
1999-02-07,11.45
1999-02-08,11.56
1999-02-09,11.79
1999-02-10,11.79
1999-02-11,11.59
1999-02-12,11.33
1999-02-13,11.19
1999-02-14,11.11
1999-02-15,10.99
1999-02-16,10.91
1999-02-17,10.8
1999-02-18,10.78
1999-02-19,10.94
1999-02-20,11.13
1999-02-21,11.11
1999-02-22,10.99
1999-02-23,10.89
1999-02-24,10.69
1999-02-25,10.56
1999-02-26,10.53
1999-02-27,10.51
1999-02-28,10.38
1999-03-01,10.35
1999-03-02,10.35
1999-03-03,10.25
1999-03-04,10.19
1999-03-05,10.19
1999-03-06,10.25
1999-03-07,10.25
1999-03-08,10.22
1999-03-09,10.19
1999-03-10,10.17
1999-03-11,10.19
1999-03-12,10.19
1999-03-13,10.32
1999-03-14,10.48
1999-03-15,10.69
1999-03-16,10.91
1999-03-17,11.27
1999-03-18,11.33
1999-03-19,10.97
1999-03-20,10.72
1999-03-21,10.61
1999-03-22,10.89
1999-03-23,10.94
1999-03-24,11.3
1999-03-25,11.79
1999-03-26,11.59
1999-03-27,11.19
1999-03-28,10.99
1999-03-29,10.8
1999-03-30,10.72
1999-03-31,10.8
1999-04-01,11.13
1999-04-02,11.39
1999-04-03,11.22
1999-04-04,11.05
1999-04-05,11.3
1999-04-06,11.45
1999-04-07,11.88
1999-04-08,12.55
1999-04-09,12.93
1999-04-10,12.87
1999-04-11,12.9
1999-04-12,13.09
1999-04-13,13.13
1999-04-14,12.96
1999-04-15,12.77
1999-04-16,12.65
1999-04-17,12.61
1999-04-18,12.9
1999-04-19,13.42
1999-04-20,13.72
1999-04-21,13.93
1999-04-22,14.78
1999-04-23,15.48
1999-04-24,15.75
1999-04-25,15.83
1999-04-26,15.44
1999-04-27,15.22
1999-04-28,15.41
1999-04-29,16.3
1999-04-30,16.66
1999-05-01,16.14
1999-05-02,15.48
1999-05-03,15.41
1999-05-04,15.63
1999-05-05,17.79
1999-05-06,20.04
1999-05-07,20.48
1999-05-08,20.98
1999-05-09,20.78
1999-05-10,20.28
1999-05-11,20.04
1999-05-12,19.8
1999-05-13,19.99
1999-05-14,20.43
1999-05-15,22.77
1999-05-16,25.24
1999-05-17,25.49
1999-05-18,24.82
1999-05-19,24.18
1999-05-20,24.88
1999-05-21,27.58
1999-05-22,30.26
1999-05-23,32.81
1999-05-24,41.27
1999-05-25,62.39
1999-05-26,74.16
1999-05-27,75.21
1999-05-28,71.78
1999-05-29,70.78
1999-05-30,72.79
1999-05-31,73.99
1999-06-01,72.45
1999-06-02,69.96
1999-06-03,67.39
1999-06-04,65.22
1999-06-05,64.01
1999-06-06,63.71
1999-06-07,63.71
1999-06-08,68.34
1999-06-09,75.91
1999-06-10,91.9
1999-06-11,120.34
1999-06-12,134.21
1999-06-13,136.72
1999-06-14,135.77
1999-06-15,134.52
1999-06-16,133.28
1999-06-17,129.92
1999-06-18,128.72
1999-06-19,129.32
1999-06-20,128.42
1999-06-21,126.94
1999-06-22,121.46
1999-06-23,114.88
1999-06-24,108.4
1999-06-25,102.28
1999-06-26,97.17
1999-06-27,92.33
1999-06-28,88.13
1999-06-29,83.14
1999-06-30,78.43
1999-07-01,74.34
1999-07-02,70.94
1999-07-03,69.47
1999-07-04,71.95
1999-07-05,101.8
1999-07-06,141.89
1999-07-07,146.57
1999-07-08,146.23
1999-07-09,147.94
1999-07-10,145.55
1999-07-11,138.32
1999-07-12,129.62
1999-07-13,123.17
1999-07-14,118.4
1999-07-15,116.49
1999-07-16,123.17
1999-07-17,179.72
1999-07-18,280.19
1999-07-19,305.9
1999-07-20,289.4
1999-07-21,288.07
1999-07-22,286.08
1999-07-23,271.9
1999-07-24,254.27
1999-07-25,241.1
1999-07-26,246.74
1999-07-27,246.74
1999-07-28,238.33
1999-07-29,228.61
1999-07-30,221.84
1999-07-31,218.28
1999-08-01,217.27
1999-08-02,212.3
1999-08-03,205.06
1999-08-04,195.79
1999-08-05,185.64
1999-08-06,178.47
1999-08-07,170.79
1999-08-08,163.06
1999-08-09,156.04
1999-08-10,149.66
1999-08-11,142.55
1999-08-12,137.04
1999-08-13,129.92
1999-08-14,123.17
1999-08-15,116.76
1999-08-16,113.02
1999-08-17,114.08
1999-08-18,116.76
1999-08-19,113.82
1999-08-20,108.65
1999-08-21,104.68
1999-08-22,102.04
1999-08-23,98.08
1999-08-24,95.16
1999-08-25,94.28
1999-08-26,94.5
1999-08-27,91.68
1999-08-28,88.13
1999-08-29,85.5
1999-08-30,82.56
1999-08-31,79.54
1999-09-01,76.62
1999-09-02,74.16
1999-09-03,72.11
1999-09-04,70.29
1999-09-05,67.87
1999-09-06,65.83
1999-09-07,65.07
1999-09-08,62.97
1999-09-09,60.52
1999-09-10,58.02
1999-09-11,55.49
1999-09-12,53.33
1999-09-13,51.0
1999-09-14,49.12
1999-09-15,47.53
1999-09-16,45.67
1999-09-17,43.98
1999-09-18,42.65
1999-09-19,41.46
1999-09-20,40.59
1999-09-21,39.46
1999-09-22,38.08
1999-09-23,36.76
1999-09-24,37.55
1999-09-25,40.4
1999-09-26,42.45
1999-09-27,42.85
1999-09-28,43.16
1999-09-29,43.46
1999-09-30,43.98
1999-10-01,47.31
1999-10-02,53.08
1999-10-03,54.34
1999-10-04,56.02
1999-10-05,66.45
1999-10-06,84.51
1999-10-07,92.54
1999-10-08,148.28
1999-10-09,160.81
1999-10-10,141.56
1999-10-11,129.32
1999-10-12,122.88
1999-10-13,120.34
1999-10-14,140.91
1999-10-15,148.28
1999-10-16,143.21
1999-10-17,140.25
1999-10-18,138.0
1999-10-19,132.35
1999-10-20,127.53
1999-10-21,124.89
1999-10-22,122.59
1999-10-23,118.67
1999-10-24,118.12
1999-10-25,121.46
1999-10-26,124.31
1999-10-27,124.03
1999-10-28,123.17
1999-10-29,123.17
1999-10-30,122.31
1999-10-31,119.23
1999-11-01,112.5
1999-11-02,105.91
1999-11-03,100.39
1999-11-04,95.83
1999-11-05,92.54
1999-11-06,93.41
1999-11-07,93.62
1999-11-08,88.74
1999-11-09,83.33
1999-11-10,78.07
1999-11-11,73.82
1999-11-12,69.47
1999-11-13,65.53
1999-11-14,61.81
1999-11-15,58.29
1999-11-16,54.85
1999-11-17,51.72
1999-11-18,48.77
1999-11-19,46.53
1999-11-20,45.99
1999-11-21,51.12
1999-11-22,60.66
1999-11-23,65.22
1999-11-24,63.27
1999-11-25,59.12
1999-11-26,55.36
1999-11-27,52.09
1999-11-28,49.23
1999-11-29,48.2
1999-11-30,49.58
1999-12-01,49.12
1999-12-02,46.64
1999-12-03,44.19
1999-12-04,41.95
1999-12-05,39.64
1999-12-06,37.46
1999-12-07,35.56
1999-12-08,34.97
1999-12-09,35.31
1999-12-10,34.81
1999-12-11,33.36
1999-12-12,31.73
1999-12-13,30.62
1999-12-14,29.48
1999-12-15,28.17
1999-12-16,26.86
1999-12-17,25.61
1999-12-18,24.41
1999-12-19,23.32
1999-12-20,22.28
1999-12-21,21.34
1999-12-22,20.48
1999-12-23,19.89
1999-12-24,19.18
1999-12-25,18.54
1999-12-26,17.92
1999-12-27,17.28
1999-12-28,16.7
1999-12-29,16.18
1999-12-30,15.75
1999-12-31,15.29
2000-01-01,14.89
2000-01-02,14.52
2000-01-03,14.17
2000-01-04,13.93
2000-01-05,13.69
2000-01-06,13.49
2000-01-07,13.32
2000-01-08,13.09
2000-01-09,13.0
2000-01-10,12.93
2000-01-11,12.24
2000-01-12,12.3
2000-01-13,12.55
2000-01-14,12.37
2000-01-15,12.03
2000-01-16,11.76
2000-01-17,11.47
2000-01-18,11.19
2000-01-19,10.83
2000-01-20,10.59
2000-01-21,10.59
2000-01-22,10.53
2000-01-23,10.43
2000-01-24,10.35
2000-01-25,10.25
2000-01-26,10.14
2000-01-27,10.07
2000-01-28,9.99
2000-01-29,9.96
2000-01-30,9.89
2000-01-31,10.4
2000-02-01,10.8
2000-02-02,10.91
2000-02-03,10.97
2000-02-04,11.3
2000-02-05,11.94
2000-02-06,14.7
2000-02-07,16.22
2000-02-08,14.89
2000-02-09,13.96
2000-02-10,13.62
2000-02-11,13.86
2000-02-12,14.45
2000-02-13,15.03
2000-02-14,15.0
2000-02-15,14.42
2000-02-16,13.83
2000-02-17,13.35
2000-02-18,13.0
2000-02-19,12.71
2000-02-20,12.46
2000-02-21,12.3
2000-02-22,12.21
2000-02-23,12.18
2000-02-24,12.74
2000-02-25,13.79
2000-02-26,15.29
2000-02-27,17.2
2000-02-28,18.45
2000-02-29,18.19
2000-03-01,17.03
2000-03-02,15.98
2000-03-03,15.18
2000-03-04,14.56
2000-03-05,14.0
2000-03-06,13.55
2000-03-07,13.26
2000-03-08,12.93
2000-03-09,12.65
2000-03-10,12.71
2000-03-11,12.8
2000-03-12,12.8
2000-03-13,12.61
2000-03-14,12.4
2000-03-15,12.4
2000-03-16,12.4
2000-03-17,12.49
2000-03-18,12.52
2000-03-19,12.55
2000-03-20,12.4
2000-03-21,12.15
2000-03-22,11.88
2000-03-23,11.65
2000-03-24,12.03
2000-03-25,12.21
2000-03-26,12.12
2000-03-27,12.49
2000-03-28,12.8
2000-03-29,12.71
2000-03-30,12.61
2000-03-31,14.38
2000-04-01,16.5
2000-04-02,16.86
2000-04-03,17.58
2000-04-04,19.61
2000-04-05,22.12
2000-04-06,23.6
2000-04-07,24.59
2000-04-08,25.3
2000-04-09,24.82
2000-04-10,23.95
2000-04-11,23.89
2000-04-12,24.88
2000-04-13,26.42
2000-04-14,27.38
2000-04-15,27.38
2000-04-16,27.05
2000-04-17,29.34
2000-04-18,33.91
2000-04-19,38.36
2000-04-20,40.59
2000-04-21,40.11
2000-04-22,39.36
2000-04-23,38.72
2000-04-24,38.54
2000-04-25,38.99
2000-04-26,38.9
2000-04-27,37.99
2000-04-28,37.28
2000-04-29,36.84
2000-04-30,36.58
2000-05-01,35.98
2000-05-02,35.48
2000-05-03,35.31
2000-05-04,35.39
2000-05-05,35.56
2000-05-06,36.67
2000-05-07,39.27
2000-05-08,40.98
2000-05-09,40.69
2000-05-10,40.4
2000-05-11,40.69
2000-05-12,40.78
2000-05-13,40.21
2000-05-14,39.18
2000-05-15,37.64
2000-05-16,35.81
2000-05-17,35.48
2000-05-18,35.81
2000-05-19,35.31
2000-05-20,34.48
2000-05-21,33.51
2000-05-22,32.57
2000-05-23,31.58
2000-05-24,30.92
2000-05-25,31.36
2000-05-26,32.73
2000-05-27,35.64
2000-05-28,39.18
2000-05-29,38.9
2000-05-30,37.28
2000-05-31,37.02
2000-06-01,38.45
2000-06-02,40.78
2000-06-03,44.19
2000-06-04,46.97
2000-06-05,57.88
2000-06-06,97.4
2000-06-07,172.78
2000-06-08,186.93
2000-06-09,172.38
2000-06-10,166.11
2000-06-11,164.2
2000-06-12,163.44
2000-06-13,160.44
2000-06-14,152.11
2000-06-15,144.21
2000-06-16,136.4
2000-06-17,130.22
2000-06-18,127.23
2000-06-19,129.02
2000-06-20,129.62
2000-06-21,127.23
2000-06-22,123.74
2000-06-23,120.62
2000-06-24,116.22
2000-06-25,110.43
2000-06-26,105.66
2000-06-27,104.68
2000-06-28,110.69
2000-06-29,120.62
2000-06-30,130.83
2000-07-01,138.0
2000-07-02,140.58
2000-07-03,138.0
2000-07-04,133.59
2000-07-05,132.35
2000-07-06,135.46
2000-07-07,139.93
2000-07-08,138.32
2000-07-09,133.28
2000-07-10,128.12
2000-07-11,134.83
2000-07-12,141.23
2000-07-13,137.36
2000-07-14,129.62
2000-07-15,123.74
2000-07-16,117.3
2000-07-17,111.46
2000-07-18,107.89
2000-07-19,103.47
2000-07-20,98.31
2000-07-21,92.97
2000-07-22,88.13
2000-07-23,83.53
2000-07-24,78.98
2000-07-25,74.68
2000-07-26,70.94
2000-07-27,68.5
2000-07-28,68.02
2000-07-29,66.3
2000-07-30,64.92
2000-07-31,63.42
2000-08-01,61.66
2000-08-02,59.95
2000-08-03,68.5
2000-08-04,86.1
2000-08-05,92.76
2000-08-06,89.16
2000-08-07,87.92
2000-08-08,93.62
2000-08-09,111.98
2000-08-10,124.03
2000-08-11,125.18
2000-08-12,119.23
2000-08-13,112.5
2000-08-14,110.17
2000-08-15,112.24
2000-08-16,113.29
2000-08-17,110.43
2000-08-18,110.43
2000-08-19,113.29
2000-08-20,114.08
2000-08-21,118.95
2000-08-22,141.56
2000-08-23,186.93
2000-08-24,279.54
2000-08-25,330.89
2000-08-26,330.89
2000-08-27,307.32
2000-08-28,282.14
2000-08-29,260.82
2000-08-30,241.1
2000-08-31,223.39
2000-09-01,208.89
2000-09-02,195.34
2000-09-03,183.08
2000-09-04,172.38
2000-09-05,163.82
2000-09-06,155.31
2000-09-07,147.25
2000-09-08,139.6
2000-09-09,132.05
2000-09-10,124.6
2000-09-11,117.58
2000-09-12,111.2
2000-09-13,107.64
2000-09-14,108.14
2000-09-15,108.9
2000-09-16,107.14
2000-09-17,104.68
2000-09-18,101.09
2000-09-19,99.93
2000-09-20,158.22
2000-09-21,169.61
2000-09-22,157.12
2000-09-23,148.62
2000-09-24,160.06
2000-09-25,165.34
2000-09-26,171.98
2000-09-27,174.39
2000-09-28,171.19
2000-09-29,160.81
2000-09-30,152.82
2000-10-01,161.55
2000-10-02,175.6
2000-10-03,176.42
2000-10-04,168.43
2000-10-05,159.32
2000-10-06,152.82
2000-10-07,147.94
2000-10-08,140.58
2000-10-09,134.52
2000-10-10,127.23
2000-10-11,119.5
2000-10-12,112.5
2000-10-13,107.14
2000-10-14,103.71
2000-10-15,99.93
2000-10-16,96.5
2000-10-17,96.5
2000-10-18,94.28
2000-10-19,89.99
2000-10-20,85.7
2000-10-21,81.41
2000-10-22,80.1
2000-10-23,83.53
2000-10-24,86.5
2000-10-25,87.1
2000-10-26,83.14
2000-10-27,78.25
2000-10-28,73.99
2000-10-29,70.29
2000-10-30,66.92
2000-10-31,63.86
2000-11-01,61.09
2000-11-02,58.02
2000-11-03,55.1
2000-11-04,52.58
2000-11-05,50.4
2000-11-06,47.87
2000-11-07,45.56
2000-11-08,43.16
2000-11-09,40.78
2000-11-10,38.63
2000-11-11,36.67
2000-11-12,34.81
2000-11-13,33.04
2000-11-14,31.51
2000-11-15,29.9
2000-11-16,28.38
2000-11-17,26.93
2000-11-18,25.92
2000-11-19,26.8
2000-11-20,31.28
2000-11-21,34.56
2000-11-22,33.91
2000-11-23,34.16
2000-11-24,36.24
2000-11-25,35.31
2000-11-26,33.2
2000-11-27,31.36
2000-11-28,29.62
2000-11-29,28.58
2000-11-30,29.62
2000-12-01,30.62
2000-12-02,29.55
2000-12-03,28.17
2000-12-04,26.99
2000-12-05,26.48
2000-12-06,26.42
2000-12-07,25.42
2000-12-08,24.12
2000-12-09,22.93
2000-12-10,21.91
2000-12-11,20.98
2000-12-12,20.09
2000-12-13,19.28
2000-12-14,18.5
2000-12-15,17.79
2000-12-16,17.11
2000-12-17,16.46
2000-12-18,15.94
2000-12-19,15.52
2000-12-20,15.11
2000-12-21,14.7
2000-12-22,14.38
2000-12-23,14.07
2000-12-24,13.83
2000-12-25,13.52
2000-12-26,13.26
2000-12-27,14.6
2000-12-28,16.99
2000-12-29,17.41
2000-12-30,16.99
2000-12-31,16.62
2001-01-01,16.3
2001-01-02,16.06
2001-01-03,15.83
2001-01-04,15.33
2001-01-05,14.81
2001-01-06,14.35
2001-01-07,13.93
2001-01-08,13.62
2001-01-09,13.42
2001-01-10,13.26
2001-01-11,12.12
2001-01-12,11.42
2001-01-13,11.11
2001-01-14,10.75
2001-01-15,10.48
2001-01-16,10.27
2001-01-17,10.17
2001-01-18,10.04
2001-01-19,9.86
2001-01-20,9.72
2001-01-21,9.84
2001-01-22,10.07
2001-01-23,10.22
2001-01-24,10.25
2001-01-25,10.19
2001-01-26,9.99
2001-01-27,9.86
2001-01-28,9.96
2001-01-29,10.04
2001-01-30,9.99
2001-01-31,10.69
2001-02-01,11.65
2001-02-02,13.45
2001-02-03,14.31
2001-02-04,13.45
2001-02-05,13.39
2001-02-06,13.42
2001-02-07,12.87
2001-02-08,12.4
2001-02-09,12.12
2001-02-10,11.91
2001-02-11,11.76
2001-02-12,11.5
2001-02-13,11.42
2001-02-14,11.33
2001-02-15,11.27
2001-02-16,11.19
2001-02-17,11.11
2001-02-18,11.11
2001-02-19,11.16
2001-02-20,11.3
2001-02-21,11.27
2001-02-22,11.16
2001-02-23,11.05
2001-02-24,10.91
2001-02-25,10.8
2001-02-26,10.8
2001-02-27,10.89
2001-02-28,10.91
2001-03-01,10.91
2001-03-02,10.8
2001-03-03,10.67
2001-03-04,11.16
2001-03-05,11.82
2001-03-06,11.68
2001-03-07,11.39
2001-03-08,11.19
2001-03-09,11.71
2001-03-10,12.37
2001-03-11,12.46
2001-03-12,12.4
2001-03-13,12.06
2001-03-14,11.71
2001-03-15,11.62
2001-03-16,11.56
2001-03-17,11.39
2001-03-18,11.19
2001-03-19,11.13
2001-03-20,11.02
2001-03-21,10.99
2001-03-22,11.13
2001-03-23,11.5
2001-03-24,11.76
2001-03-25,11.71
2001-03-26,11.56
2001-03-27,11.39
2001-03-28,11.33
2001-03-29,11.5
2001-03-30,11.85
2001-03-31,12.24
2001-04-01,12.37
2001-04-02,12.12
2001-04-03,11.91
2001-04-04,13.22
2001-04-05,16.1
2001-04-06,17.11
2001-04-07,17.24
2001-04-08,19.28
2001-04-09,22.71
2001-04-10,26.67
2001-04-11,92.76
2001-04-12,86.5
2001-04-13,67.87
2001-04-14,57.75
2001-04-15,52.83
2001-04-16,50.88
2001-04-17,51.12
2001-04-18,56.02
2001-04-19,61.81
2001-04-20,69.31
2001-04-21,73.64
2001-04-22,73.82
2001-04-23,73.99
2001-04-24,71.44
2001-04-25,67.71
2001-04-26,64.31
2001-04-27,61.37
2001-04-28,58.7
2001-04-29,56.41
2001-04-30,56.28
2001-05-01,56.54
2001-05-02,55.36
2001-05-03,53.2
2001-05-04,50.64
2001-05-05,48.43
2001-05-06,46.32
2001-05-07,45.34
2001-05-08,45.03
2001-05-09,44.92
2001-05-10,44.08
2001-05-11,42.25
2001-05-12,41.56
2001-05-13,42.35
2001-05-14,41.36
2001-05-15,39.46
2001-05-16,37.73
2001-05-17,36.15
2001-05-18,34.97
2001-05-19,34.32
2001-05-20,33.36
2001-05-21,32.5
2001-05-22,31.73
2001-05-23,31.58
2001-05-24,32.19
2001-05-25,31.66
2001-05-26,31.66
2001-05-27,32.27
2001-05-28,32.88
2001-05-29,36.5
2001-05-30,40.98
2001-05-31,42.45
2001-06-01,41.17
2001-06-02,39.46
2001-06-03,38.99
2001-06-04,40.98
2001-06-05,47.98
2001-06-06,79.54
2001-06-07,131.43
2001-06-08,135.46
2001-06-09,121.18
2001-06-10,112.24
2001-06-11,147.25
2001-06-12,161.18
2001-06-13,169.61
2001-06-14,184.78
2001-06-15,182.65
2001-06-16,171.58
2001-06-17,161.18
2001-06-18,152.46
2001-06-19,144.55
2001-06-20,137.36
2001-06-21,132.35
2001-06-22,134.83
2001-06-23,139.6
2001-06-24,138.96
2001-06-25,136.09
2001-06-26,133.59
2001-06-27,130.22
2001-06-28,128.12
2001-06-29,130.52
2001-06-30,135.77
2001-07-01,137.04
2001-07-02,134.52
2001-07-03,140.58
2001-07-04,158.96
2001-07-05,170.79
2001-07-06,181.81
2001-07-07,203.64
2001-07-08,255.45
2001-07-09,275.06
2001-07-10,286.08
2001-07-11,278.25
2001-07-12,260.82
2001-07-13,239.44
2001-07-14,221.33
2001-07-15,205.06
2001-07-16,190.87
2001-07-17,180.13
2001-07-18,171.98
2001-07-19,162.68
2001-07-20,153.17
2001-07-21,143.88
2001-07-22,134.83
2001-07-23,127.82
2001-07-24,122.59
2001-07-25,118.95
2001-07-26,121.18
2001-07-27,129.62
2001-07-28,141.56
2001-07-29,146.23
2001-07-30,146.23
2001-07-31,152.11
2001-08-01,173.98
2001-08-02,207.93
2001-08-03,223.39
2001-08-04,224.42
2001-08-05,215.77
2001-08-06,201.77
2001-08-07,190.43
2001-08-08,180.13
2001-08-09,171.19
2001-08-10,160.81
2001-08-11,151.76
2001-08-12,143.21
2001-08-13,136.09
2001-08-14,130.22
2001-08-15,123.45
2001-08-16,117.03
2001-08-17,112.5
2001-08-18,108.4
2001-08-19,107.89
2001-08-20,110.69
2001-08-21,110.69
2001-08-22,108.4
2001-08-23,106.89
2001-08-24,104.2
2001-08-25,101.09
2001-08-26,101.57
2001-08-27,100.39
2001-08-28,96.5
2001-08-29,92.11
2001-08-30,88.74
2001-08-31,85.3
2001-09-01,82.18
2001-09-02,78.43
2001-09-03,74.34
2001-09-04,70.12
2001-09-05,65.99
2001-09-06,62.24
2001-09-07,58.84
2001-09-08,55.62
2001-09-09,53.83
2001-09-10,52.33
2001-09-11,50.4
2001-09-12,48.32
2001-09-13,47.08
2001-09-14,47.08
2001-09-15,46.97
2001-09-16,47.08
2001-09-17,47.53
2001-09-18,46.53
2001-09-19,45.77
2001-09-20,46.97
2001-09-21,48.77
2001-09-22,49.23
2001-09-23,50.05
2001-09-24,50.76
2001-09-25,51.84
2001-09-26,52.21
2001-09-27,51.12
2001-09-28,50.64
2001-09-29,51.6
2001-09-30,74.68
2001-10-01,87.92
2001-10-02,84.11
2001-10-03,76.98
2001-10-04,71.28
2001-10-05,67.55
2001-10-06,64.46
2001-10-07,60.8
2001-10-08,57.48
2001-10-09,54.72
2001-10-10,52.58
2001-10-11,51.12
2001-10-12,51.24
2001-10-13,51.24
2001-10-14,53.2
2001-10-15,56.94
2001-10-16,57.61
2001-10-17,55.89
2001-10-18,54.34
2001-10-19,53.2
2001-10-20,53.95
2001-10-21,57.08
2001-10-22,57.75
2001-10-23,57.34
2001-10-24,56.15
2001-10-25,58.84
2001-10-26,62.1
2001-10-27,65.53
2001-10-28,69.79
2001-10-29,72.79
2001-10-30,74.68
2001-10-31,74.86
2001-11-01,72.28
2001-11-02,69.15
2001-11-03,66.3
2001-11-04,68.98
2001-11-05,72.45
2001-11-06,74.34
2001-11-07,76.8
2001-11-08,78.98
2001-11-09,79.17
2001-11-10,75.74
2001-11-11,71.95
2001-11-12,68.82
2001-11-13,65.53
2001-11-14,66.61
2001-11-15,74.34
2001-11-16,79.72
2001-11-17,81.79
2001-11-18,79.91
2001-11-19,78.8
2001-11-20,75.56
2001-11-21,71.11
2001-11-22,69.15
2001-11-23,70.12
2001-11-24,69.15
2001-11-25,65.99
2001-11-26,62.1
2001-11-27,58.29
2001-11-28,54.85
2001-11-29,51.84
2001-11-30,49.0
2001-12-01,46.42
2001-12-02,44.19
2001-12-03,41.76
2001-12-04,39.64
2001-12-05,37.82
2001-12-06,36.33
2001-12-07,34.73
2001-12-08,32.88
2001-12-09,31.21
2001-12-10,29.62
2001-12-11,28.11
2001-12-12,26.67
2001-12-13,25.36
2001-12-14,24.18
2001-12-15,23.1
2001-12-16,22.07
2001-12-17,21.13
2001-12-18,20.48
2001-12-19,19.99
2001-12-20,19.46
2001-12-21,18.86
2001-12-22,21.18
2001-12-23,26.04
2001-12-24,27.51
2001-12-25,26.54
2001-12-26,25.18
2001-12-27,23.89
2001-12-28,22.77
2001-12-29,21.7
2001-12-30,20.73
2001-12-31,19.84
2002-01-01,19.09
2002-01-02,18.36
2002-01-03,17.62
2002-01-04,16.95
2002-01-05,16.38
2002-01-06,15.9
2002-01-07,15.41
2002-01-08,15.03
2002-01-09,14.67
2002-01-10,14.28
2002-01-11,12.84
2002-01-12,11.82
2002-01-13,11.36
2002-01-14,10.99
2002-01-15,10.72
2002-01-16,10.48
2002-01-17,10.25
2002-01-18,10.14
2002-01-19,10.12
2002-01-20,9.96
2002-01-21,10.17
2002-01-22,10.4
2002-01-23,10.43
2002-01-24,10.38
2002-01-25,10.32
2002-01-26,10.35
2002-01-27,10.48
2002-01-28,10.51
2002-01-29,10.48
2002-01-30,10.25
2002-01-31,10.69
2002-02-01,12.21
2002-02-02,14.21
2002-02-03,14.78
2002-02-04,14.28
2002-02-05,13.66
2002-02-06,13.13
2002-02-07,12.87
2002-02-08,12.77
2002-02-09,12.68
2002-02-10,12.34
2002-02-11,11.97
2002-02-12,11.76
2002-02-13,11.56
2002-02-14,11.33
2002-02-15,11.22
2002-02-16,11.11
2002-02-17,10.99
2002-02-18,10.94
2002-02-19,10.89
2002-02-20,10.78
2002-02-21,10.69
2002-02-22,10.61
2002-02-23,10.59
2002-02-24,10.59
2002-02-25,10.59
2002-02-26,10.56
2002-02-27,10.51
2002-02-28,10.51
2002-03-01,10.48
2002-03-02,10.43
2002-03-03,10.4
2002-03-04,10.38
2002-03-05,10.32
2002-03-06,10.25
2002-03-07,10.25
2002-03-08,10.35
2002-03-09,10.38
2002-03-10,10.27
2002-03-11,10.12
2002-03-12,10.07
2002-03-13,10.07
2002-03-14,10.12
2002-03-15,10.4
2002-03-16,11.85
2002-03-17,12.58
2002-03-18,11.59
2002-03-19,10.94
2002-03-20,10.59
2002-03-21,10.4
2002-03-22,10.48
2002-03-23,10.51
2002-03-24,11.13
2002-03-25,11.53
2002-03-26,11.02
2002-03-27,10.83
2002-03-28,11.79
2002-03-29,12.37
2002-03-30,12.74
2002-03-31,12.74
2002-04-01,12.21
2002-04-02,12.06
2002-04-03,11.65
2002-04-04,11.62
2002-04-05,12.87
2002-04-06,13.72
2002-04-07,13.42
2002-04-08,13.89
2002-04-09,15.11
2002-04-10,15.79
2002-04-11,15.71
2002-04-12,15.48
2002-04-13,15.56
2002-04-14,15.48
2002-04-15,15.26
2002-04-16,15.03
2002-04-17,14.85
2002-04-18,14.63
2002-04-19,14.6
2002-04-20,14.78
2002-04-21,15.07
2002-04-22,15.22
2002-04-23,15.33
2002-04-24,15.48
2002-04-25,15.63
2002-04-26,15.71
2002-04-27,15.71
2002-04-28,15.67
2002-04-29,15.48
2002-04-30,15.79
2002-05-01,16.5
2002-05-02,17.45
2002-05-03,19.32
2002-05-04,23.04
2002-05-05,25.24
2002-05-06,24.64
2002-05-07,23.49
2002-05-08,22.6
2002-05-09,22.01
2002-05-10,22.33
2002-05-11,23.66
2002-05-12,25.0
2002-05-13,26.61
2002-05-14,27.77
2002-05-15,27.84
2002-05-16,27.51
2002-05-17,27.71
2002-05-18,41.36
2002-05-19,53.83
2002-05-20,56.94
2002-05-21,54.98
2002-05-22,52.83
2002-05-23,50.52
2002-05-24,48.89
2002-05-25,47.53
2002-05-26,47.31
2002-05-27,46.42
2002-05-28,45.99
2002-05-29,46.64
2002-05-30,47.53
2002-05-31,48.77
2002-06-01,48.89
2002-06-02,49.47
2002-06-03,51.0
2002-06-04,51.12
2002-06-05,49.47
2002-06-06,49.23
2002-06-07,49.35
2002-06-08,48.55
2002-06-09,48.2
2002-06-10,49.23
2002-06-11,52.09
2002-06-12,56.28
2002-06-13,88.74
2002-06-14,106.4
2002-06-15,106.4
2002-06-16,103.71
2002-06-17,98.31
2002-06-18,91.9
2002-06-19,88.74
2002-06-20,88.95
2002-06-21,87.92
2002-06-22,87.31
2002-06-23,91.68
2002-06-24,107.64
2002-06-25,117.3
2002-06-26,117.03
2002-06-27,111.72
2002-06-28,104.93
2002-06-29,98.77
2002-06-30,93.84
2002-07-01,91.47
2002-07-02,93.41
2002-07-03,94.94
2002-07-04,94.72
2002-07-05,94.94
2002-07-06,92.33
2002-07-07,88.33
2002-07-08,84.51
2002-07-09,81.22
2002-07-10,77.89
2002-07-11,77.16
2002-07-12,79.54
2002-07-13,80.85
2002-07-14,81.04
2002-07-15,80.85
2002-07-16,78.98
2002-07-17,76.45
2002-07-18,74.51
2002-07-19,72.11
2002-07-20,70.45
2002-07-21,70.78
2002-07-22,73.47
2002-07-23,73.82
2002-07-24,72.62
2002-07-25,70.61
2002-07-26,69.79
2002-07-27,67.08
2002-07-28,65.83
2002-07-29,68.34
2002-07-30,73.47
2002-07-31,85.1
2002-08-01,105.41
2002-08-02,124.31
2002-08-03,153.53
2002-08-04,171.19
2002-08-05,177.24
2002-08-06,174.79
2002-08-07,169.22
2002-08-08,162.31
2002-08-09,159.69
2002-08-10,158.59
2002-08-11,157.12
2002-08-12,154.24
2002-08-13,147.59
2002-08-14,140.91
2002-08-15,137.68
2002-08-16,166.11
2002-08-17,186.07
2002-08-18,183.08
2002-08-19,170.4
2002-08-20,159.69
2002-08-21,150.71
2002-08-22,142.88
2002-08-23,136.09
2002-08-24,129.02
2002-08-25,122.03
2002-08-26,114.88
2002-08-27,109.41
2002-08-28,106.4
2002-08-29,103.71
2002-08-30,100.86
2002-08-31,96.27
2002-09-01,91.47
2002-09-02,87.1
2002-09-03,82.95
2002-09-04,79.54
2002-09-05,76.27
2002-09-06,73.3
2002-09-07,71.44
2002-09-08,71.11
2002-09-09,71.11
2002-09-10,71.61
2002-09-11,69.47
2002-09-12,65.83
2002-09-13,62.53
2002-09-14,59.95
2002-09-15,59.67
2002-09-16,59.26
2002-09-17,57.48
2002-09-18,54.59
2002-09-19,51.72
2002-09-20,50.17
2002-09-21,48.32
2002-09-22,45.88
2002-09-23,43.26
2002-09-24,40.88
2002-09-25,38.72
2002-09-26,36.76
2002-09-27,34.97
2002-09-28,33.83
2002-09-29,35.22
2002-09-30,41.95
2002-10-01,50.17
2002-10-02,54.21
2002-10-03,54.98
2002-10-04,57.48
2002-10-05,62.68
2002-10-06,70.45
2002-10-07,74.68
2002-10-08,77.89
2002-10-09,85.3
2002-10-10,89.99
2002-10-11,87.51
2002-10-12,85.9
2002-10-13,89.99
2002-10-14,98.08
2002-10-15,105.41
2002-10-16,103.71
2002-10-17,99.69
2002-10-18,95.16
2002-10-19,91.68
2002-10-20,89.57
2002-10-21,86.7
2002-10-22,83.92
2002-10-23,82.75
2002-10-24,79.17
2002-10-25,76.09
2002-10-26,73.64
2002-10-27,73.13
2002-10-28,71.28
2002-10-29,68.98
2002-10-30,72.79
2002-10-31,76.27
2002-11-01,75.74
2002-11-02,77.89
2002-11-03,79.17
2002-11-04,76.09
2002-11-05,73.47
2002-11-06,79.17
2002-11-07,89.78
2002-11-08,94.5
2002-11-09,92.11
2002-11-10,91.04
2002-11-11,89.57
2002-11-12,85.5
2002-11-13,80.47
2002-11-14,76.62
2002-11-15,74.68
2002-11-16,72.11
2002-11-17,68.18
2002-11-18,66.76
2002-11-19,69.15
2002-11-20,70.61
2002-11-21,69.96
2002-11-22,68.66
2002-11-23,65.83
2002-11-24,61.95
2002-11-25,58.7
2002-11-26,56.15
2002-11-27,54.46
2002-11-28,52.09
2002-11-29,49.23
2002-11-30,46.86
2002-12-01,44.5
2002-12-02,41.95
2002-12-03,39.64
2002-12-04,37.64
2002-12-05,35.73
2002-12-06,33.91
2002-12-07,33.91
2002-12-08,34.81
2002-12-09,33.51
2002-12-10,31.89
2002-12-11,30.33
2002-12-12,28.92
2002-12-13,27.44
2002-12-14,26.1
2002-12-15,24.88
2002-12-16,23.77
2002-12-17,22.66
2002-12-18,21.65
2002-12-19,20.73
2002-12-20,19.8
2002-12-21,19.04
2002-12-22,18.28
2002-12-23,17.54
2002-12-24,16.91
2002-12-25,16.3
2002-12-26,15.75
2002-12-27,15.29
2002-12-28,14.92
2002-12-29,14.92
2002-12-30,14.92
2002-12-31,14.7
2003-01-01,14.52
2003-01-02,14.35
2003-01-03,14.17
2003-01-04,13.83
2003-01-05,13.42
2003-01-06,13.13
2003-01-07,12.93
2003-01-08,12.77
2003-01-09,12.68
2003-01-10,12.55
2003-01-11,11.33
2003-01-12,10.4
2003-01-13,10.12
2003-01-14,9.96
2003-01-15,9.72
2003-01-16,9.52
2003-01-17,9.45
2003-01-18,9.33
2003-01-19,9.21
2003-01-20,9.19
2003-01-21,9.5
2003-01-22,9.67
2003-01-23,9.72
2003-01-24,9.67
2003-01-25,9.62
2003-01-26,9.64
2003-01-27,9.62
2003-01-28,9.57
2003-01-29,9.52
2003-01-30,9.5
2003-01-31,10.12
2003-02-01,10.56
2003-02-02,10.99
2003-02-03,10.99
2003-02-04,10.78
2003-02-05,10.72
2003-02-06,10.61
2003-02-07,10.69
2003-02-08,10.72
2003-02-09,10.61
2003-02-10,10.53
2003-02-11,10.4
2003-02-12,10.43
2003-02-13,11.56
2003-02-14,12.24
2003-02-15,11.65
2003-02-16,11.27
2003-02-17,10.99
2003-02-18,10.78
2003-02-19,10.69
2003-02-20,10.59
2003-02-21,10.53
2003-02-22,10.43
2003-02-23,10.32
2003-02-24,10.25
2003-02-25,11.53
2003-02-26,13.22
2003-02-27,13.03
2003-02-28,12.03
2003-03-01,11.45
2003-03-02,11.11
2003-03-03,10.83
2003-03-04,10.69
2003-03-05,10.59
2003-03-06,10.43
2003-03-07,10.3
2003-03-08,10.25
2003-03-09,10.17
2003-03-10,10.12
2003-03-11,10.19
2003-03-12,10.25
2003-03-13,10.89
2003-03-14,11.42
2003-03-15,11.56
2003-03-16,12.65
2003-03-17,14.6
2003-03-18,15.33
2003-03-19,16.66
2003-03-20,17.92
2003-03-21,16.74
2003-03-22,15.26
2003-03-23,14.24
2003-03-24,13.49
2003-03-25,12.93
2003-03-26,12.46
2003-03-27,12.27
2003-03-28,12.27
2003-03-29,12.37
2003-03-30,12.55
2003-03-31,12.84
2003-04-01,13.39
2003-04-02,13.96
2003-04-03,14.31
2003-04-04,14.81
2003-04-05,15.48
2003-04-06,17.49
2003-04-07,18.63
2003-04-08,17.84
2003-04-09,17.32
2003-04-10,17.11
2003-04-11,18.05
2003-04-12,19.23
2003-04-13,19.42
2003-04-14,19.23
2003-04-15,19.32
2003-04-16,19.42
2003-04-17,19.42
2003-04-18,19.42
2003-04-19,19.65
2003-04-20,20.68
2003-04-21,21.8
2003-04-22,22.44
2003-04-23,22.6
2003-04-24,22.44
2003-04-25,22.77
2003-04-26,23.55
2003-04-27,23.89
2003-04-28,25.0
2003-04-29,41.85
2003-04-30,52.83
2003-05-01,53.95
2003-05-02,52.83
2003-05-03,51.36
2003-05-04,49.35
2003-05-05,47.98
2003-05-06,47.87
2003-05-07,46.42
2003-05-08,44.29
2003-05-09,42.55
2003-05-10,41.95
2003-05-11,42.95
2003-05-12,43.77
2003-05-13,43.67
2003-05-14,43.26
2003-05-15,43.26
2003-05-16,45.34
2003-05-17,48.66
2003-05-18,48.66
2003-05-19,46.21
2003-05-20,43.67
2003-05-21,41.27
2003-05-22,39.83
2003-05-23,38.36
2003-05-24,36.93
2003-05-25,36.15
2003-05-26,36.41
2003-05-27,36.93
2003-05-28,37.99
2003-05-29,38.54
2003-05-30,38.72
2003-05-31,37.19
2003-06-01,35.22
2003-06-02,34.24
2003-06-03,33.75
2003-06-04,34.48
2003-06-05,35.31
2003-06-06,35.98
2003-06-07,36.58
2003-06-08,39.46
2003-06-09,42.95
2003-06-10,44.29
2003-06-11,43.67
2003-06-12,44.29
2003-06-13,49.7
2003-06-14,56.41
2003-06-15,62.1
2003-06-16,88.95
2003-06-17,114.88
2003-06-18,134.83
2003-06-19,145.89
2003-06-20,159.32
2003-06-21,210.84
2003-06-22,240.55
2003-06-23,241.1
2003-06-24,247.89
2003-06-25,236.14
2003-06-26,215.77
2003-06-27,198.99
2003-06-28,187.8
2003-06-29,179.72
2003-06-30,174.39
2003-07-01,172.38
2003-07-02,172.38
2003-07-03,170.0
2003-07-04,190.87
2003-07-05,220.82
2003-07-06,222.36
2003-07-07,209.86
2003-07-08,194.88
2003-07-09,188.23
2003-07-10,181.39
2003-07-11,180.13
2003-07-12,181.39
2003-07-13,211.81
2003-07-14,233.96
2003-07-15,249.61
2003-07-16,246.74
2003-07-17,234.5
2003-07-18,218.79
2003-07-19,206.01
2003-07-20,193.98
2003-07-21,183.5
2003-07-22,176.42
2003-07-23,172.78
2003-07-24,171.58
2003-07-25,167.66
2003-07-26,162.31
2003-07-27,160.44
2003-07-28,157.12
2003-07-29,153.53
2003-07-30,147.94
2003-07-31,144.55
2003-08-01,141.56
2003-08-02,136.72
2003-08-03,131.13
2003-08-04,126.35
2003-08-05,122.31
2003-08-06,118.67
2003-08-07,117.58
2003-08-08,116.22
2003-08-09,114.08
2003-08-10,109.92
2003-08-11,104.44
2003-08-12,100.62
2003-08-13,98.08
2003-08-14,96.27
2003-08-15,96.05
2003-08-16,95.83
2003-08-17,94.72
2003-08-18,94.06
2003-08-19,92.33
2003-08-20,89.78
2003-08-21,90.2
2003-08-22,114.61
2003-08-23,136.09
2003-08-24,136.72
2003-08-25,129.02
2003-08-26,120.9
2003-08-27,115.41
2003-08-28,112.24
2003-08-29,106.65
2003-08-30,102.04
2003-08-31,108.14
2003-09-01,115.68
2003-09-02,117.85
2003-09-03,115.14
2003-09-04,110.17
2003-09-05,104.68
2003-09-06,100.39
2003-09-07,98.54
2003-09-08,94.5
2003-09-09,89.99
2003-09-10,86.1
2003-09-11,82.95
2003-09-12,79.35
2003-09-13,75.56
2003-09-14,72.11
2003-09-15,69.47
2003-09-16,66.92
2003-09-17,65.68
2003-09-18,64.92
2003-09-19,62.97
2003-09-20,61.09
2003-09-21,58.02
2003-09-22,54.72
2003-09-23,51.6
2003-09-24,49.47
2003-09-25,48.09
2003-09-26,47.98
2003-09-27,48.09
2003-09-28,47.42
2003-09-29,46.42
2003-09-30,66.14
2003-10-01,153.88
2003-10-02,164.96
2003-10-03,150.71
2003-10-04,139.93
2003-10-05,127.53
2003-10-06,123.45
2003-10-07,136.09
2003-10-08,139.93
2003-10-09,132.05
2003-10-10,122.03
2003-10-11,114.08
2003-10-12,113.55
2003-10-13,118.95
2003-10-14,120.9
2003-10-15,119.23
2003-10-16,116.76
2003-10-17,114.35
2003-10-18,114.08
2003-10-19,114.61
2003-10-20,113.55
2003-10-21,112.5
2003-10-22,109.41
2003-10-23,105.66
2003-10-24,104.93
2003-10-25,101.57
2003-10-26,95.83
2003-10-27,90.41
2003-10-28,86.5
2003-10-29,84.9
2003-10-30,83.92
2003-10-31,80.47
2003-11-01,77.16
2003-11-02,75.38
2003-11-03,71.95
2003-11-04,68.34
2003-11-05,64.92
2003-11-06,64.92
2003-11-07,73.13
2003-11-08,83.72
2003-11-09,88.13
2003-11-10,84.31
2003-11-11,78.98
2003-11-12,74.16
2003-11-13,69.63
2003-11-14,65.68
2003-11-15,63.12
2003-11-16,60.24
2003-11-17,57.08
2003-11-18,53.83
2003-11-19,50.76
2003-11-20,47.87
2003-11-21,46.1
2003-11-22,45.56
2003-11-23,44.71
2003-11-24,42.25
2003-11-25,39.83
2003-11-26,37.82
2003-11-27,36.33
2003-11-28,36.58
2003-11-29,40.21
2003-11-30,43.26
2003-12-01,42.35
2003-12-02,39.74
2003-12-03,37.28
2003-12-04,35.14
2003-12-05,33.2
2003-12-06,31.43
2003-12-07,29.76
2003-12-08,28.24
2003-12-09,26.8
2003-12-10,25.42
2003-12-11,24.12
2003-12-12,22.99
2003-12-13,21.91
2003-12-14,20.88
2003-12-15,19.94
2003-12-16,19.04
2003-12-17,18.36
2003-12-18,17.75
2003-12-19,17.2
2003-12-20,16.82
2003-12-21,16.3
2003-12-22,15.63
2003-12-23,15.14
2003-12-24,14.74
2003-12-25,14.38
2003-12-26,14.14
2003-12-27,13.86
2003-12-28,13.55
2003-12-29,13.29
2003-12-30,13.03
2003-12-31,12.77
2004-01-01,12.58
2004-01-02,12.46
2004-01-03,12.4
2004-01-04,12.27
2004-01-05,12.18
2004-01-06,12.18
2004-01-07,12.09
2004-01-08,11.91
2004-01-09,11.76
2004-01-10,11.65
2004-01-11,10.32
2004-01-12,9.35
2004-01-13,9.02
2004-01-14,8.89
2004-01-15,8.77
2004-01-16,8.71
2004-01-17,8.66
2004-01-18,8.62
2004-01-19,8.55
2004-01-20,8.46
2004-01-21,8.93
2004-01-22,9.38
2004-01-23,9.52
2004-01-24,9.47
2004-01-25,9.4
2004-01-26,9.47
2004-01-27,9.5
2004-01-28,9.5
2004-01-29,9.52
2004-01-30,9.5
2004-01-31,10.04
2004-02-01,10.51
2004-02-02,10.67
2004-02-03,10.53
2004-02-04,10.48
2004-02-05,10.48
2004-02-06,10.48
2004-02-07,10.56
2004-02-08,10.94
2004-02-09,11.11
2004-02-10,10.78
2004-02-11,10.53
2004-02-12,10.4
2004-02-13,10.38
2004-02-14,10.32
2004-02-15,10.19
2004-02-16,10.14
2004-02-17,10.17
2004-02-18,10.22
2004-02-19,10.25
2004-02-20,10.19
2004-02-21,10.12
2004-02-22,10.07
2004-02-23,10.07
2004-02-24,9.99
2004-02-25,9.91
2004-02-26,9.84
2004-02-27,9.81
2004-02-28,9.81
2004-02-29,9.79
2004-03-01,9.74
2004-03-02,9.69
2004-03-03,9.69
2004-03-04,9.72
2004-03-05,9.79
2004-03-06,9.74
2004-03-07,9.69
2004-03-08,9.69
2004-03-09,9.69
2004-03-10,9.69
2004-03-11,9.69
2004-03-12,9.69
2004-03-13,9.67
2004-03-14,9.62
2004-03-15,9.62
2004-03-16,9.59
2004-03-17,9.59
2004-03-18,9.57
2004-03-19,9.5
2004-03-20,9.57
2004-03-21,9.67
2004-03-22,9.67
2004-03-23,9.74
2004-03-24,10.43
2004-03-25,11.05
2004-03-26,11.16
2004-03-27,11.53
2004-03-28,12.84
2004-03-29,13.62
2004-03-30,13.06
2004-03-31,13.72
2004-04-01,14.63
2004-04-02,15.03
2004-04-03,15.48
2004-04-04,15.67
2004-04-05,17.11
2004-04-06,18.23
2004-04-07,18.23
2004-04-08,18.5
2004-04-09,18.54
2004-04-10,18.68
2004-04-11,18.45
2004-04-12,18.5
2004-04-13,19.56
2004-04-14,20.23
2004-04-15,19.99
2004-04-16,19.89
2004-04-17,19.8
2004-04-18,19.61
2004-04-19,19.75
2004-04-20,20.09
2004-04-21,20.43
2004-04-22,20.48
2004-04-23,20.73
2004-04-24,21.86
2004-04-25,28.65
2004-04-26,34.73
2004-04-27,35.56
2004-04-28,34.81
2004-04-29,34.81
2004-04-30,35.56
2004-05-01,35.22
2004-05-02,36.41
2004-05-03,45.24
2004-05-04,55.62
2004-05-05,65.68
2004-05-06,93.62
2004-05-07,104.93
2004-05-08,101.57
2004-05-09,92.97
2004-05-10,85.3
2004-05-11,79.54
2004-05-12,74.16
2004-05-13,68.98
2004-05-14,64.92
2004-05-15,63.42
2004-05-16,63.57
2004-05-17,63.27
2004-05-18,65.83
2004-05-19,69.31
2004-05-20,71.28
2004-05-21,73.47
2004-05-22,73.99
2004-05-23,74.16
2004-05-24,77.89
2004-05-25,81.22
2004-05-26,81.99
2004-05-27,86.5
2004-05-28,89.57
2004-05-29,90.83
2004-05-30,91.47
2004-05-31,90.83
2004-06-01,87.92
2004-06-02,84.31
2004-06-03,83.14
2004-06-04,82.18
2004-06-05,88.95
2004-06-06,96.27
2004-06-07,122.31
2004-06-08,154.6
2004-06-09,191.75
2004-06-10,201.77
2004-06-11,193.98
2004-06-12,195.79
2004-06-13,218.79
2004-06-14,229.67
2004-06-15,226.51
2004-06-16,225.99
2004-06-17,225.46
2004-06-18,220.82
2004-06-19,211.81
2004-06-20,201.77
2004-06-21,190.87
2004-06-22,180.13
2004-06-23,169.61
2004-06-24,160.06
2004-06-25,151.41
2004-06-26,143.21
2004-06-27,136.72
2004-06-28,134.21
2004-06-29,135.14
2004-06-30,134.52
2004-07-01,132.05
2004-07-02,129.92
2004-07-03,130.22
2004-07-04,132.66
2004-07-05,130.52
2004-07-06,125.47
2004-07-07,122.03
2004-07-08,120.06
2004-07-09,124.31
2004-07-10,130.52
2004-07-11,135.14
2004-07-12,137.04
2004-07-13,135.14
2004-07-14,130.22
2004-07-15,145.22
2004-07-16,161.55
2004-07-17,162.68
2004-07-18,158.22
2004-07-19,157.12
2004-07-20,158.22
2004-07-21,157.12
2004-07-22,153.88
2004-07-23,148.62
2004-07-24,143.54
2004-07-25,141.56
2004-07-26,140.91
2004-07-27,139.28
2004-07-28,133.9
2004-07-29,130.52
2004-07-30,128.72
2004-07-31,124.6
2004-08-01,119.23
2004-08-02,114.88
2004-08-03,135.77
2004-08-04,174.79
2004-08-05,199.45
2004-08-06,212.3
2004-08-07,206.97
2004-08-08,194.88
2004-08-09,180.55
2004-08-10,166.49
2004-08-11,155.31
2004-08-12,146.23
2004-08-13,140.25
2004-08-14,138.96
2004-08-15,139.93
2004-08-16,139.6
2004-08-17,138.96
2004-08-18,136.72
2004-08-19,139.28
2004-08-20,138.64
2004-08-21,133.59
2004-08-22,126.94
2004-08-23,120.34
2004-08-24,114.61
2004-08-25,108.65
2004-08-26,102.51
2004-08-27,97.63
2004-08-28,92.97
2004-08-29,88.54
2004-08-30,84.31
2004-08-31,80.47
2004-09-01,76.27
2004-09-02,71.95
2004-09-03,69.15
2004-09-04,67.23
2004-09-05,64.16
2004-09-06,62.24
2004-09-07,61.66
2004-09-08,60.52
2004-09-09,60.09
2004-09-10,59.95
2004-09-11,61.37
2004-09-12,61.81
2004-09-13,60.24
2004-09-14,58.7
2004-09-15,59.26
2004-09-16,59.53
2004-09-17,58.29
2004-09-18,59.39
2004-09-19,60.38
2004-09-20,60.8
2004-09-21,58.7
2004-09-22,56.15
2004-09-23,53.95
2004-09-24,56.28
2004-09-25,75.91
2004-09-26,90.62
2004-09-27,114.35
2004-09-28,125.77
2004-09-29,120.62
2004-09-30,110.94
2004-10-01,103.71
2004-10-02,100.62
2004-10-03,111.2
2004-10-04,121.74
2004-10-05,124.31
2004-10-06,118.67
2004-10-07,110.94
2004-10-08,103.47
2004-10-09,96.95
2004-10-10,91.9
2004-10-11,87.72
2004-10-12,84.9
2004-10-13,84.31
2004-10-14,86.7
2004-10-15,87.92
2004-10-16,88.95
2004-10-17,91.68
2004-10-18,94.5
2004-10-19,99.0
2004-10-20,109.92
2004-10-21,116.76
2004-10-22,114.61
2004-10-23,108.65
2004-10-24,102.99
2004-10-25,97.17
2004-10-26,91.9
2004-10-27,89.16
2004-10-28,85.7
2004-10-29,83.14
2004-10-30,99.69
2004-10-31,133.59
2004-11-01,152.82
2004-11-02,150.01
2004-11-03,137.36
2004-11-04,125.18
2004-11-05,115.68
2004-11-06,106.89
2004-11-07,101.09
2004-11-08,101.8
2004-11-09,104.68
2004-11-10,106.89
2004-11-11,104.93
2004-11-12,106.4
2004-11-13,111.46
2004-11-14,109.15
2004-11-15,102.99
2004-11-16,97.63
2004-11-17,91.9
2004-11-18,86.1
2004-11-19,80.66
2004-11-20,75.91
2004-11-21,71.44
2004-11-22,67.55
2004-11-23,64.16
2004-11-24,61.52
2004-11-25,58.7
2004-11-26,55.62
2004-11-27,52.46
2004-11-28,49.58
2004-11-29,46.75
2004-11-30,44.19
2004-12-01,41.66
2004-12-02,39.36
2004-12-03,37.37
2004-12-04,35.48
2004-12-05,33.59
2004-12-06,31.89
2004-12-07,30.19
2004-12-08,28.65
2004-12-09,27.25
2004-12-10,25.92
2004-12-11,24.59
2004-12-12,23.38
2004-12-13,22.39
2004-12-14,22.12
2004-12-15,21.8
2004-12-16,20.93
2004-12-17,19.99
2004-12-18,19.14
2004-12-19,18.36
2004-12-20,17.62
2004-12-21,16.99
2004-12-22,16.38
2004-12-23,15.87
2004-12-24,15.37
2004-12-25,14.96
2004-12-26,14.56
2004-12-27,14.14
2004-12-28,13.89
2004-12-29,13.59
2004-12-30,13.22
2004-12-31,13.09
2005-01-01,13.66
2005-01-02,14.38
2005-01-03,14.17
2005-01-04,13.76
2005-01-05,13.39
2005-01-06,13.09
2005-01-07,12.84
2005-01-08,12.58
2005-01-09,12.43
2005-01-10,12.3
2005-01-11,10.91
2005-01-12,9.91
2005-01-13,9.52
2005-01-14,9.28
2005-01-15,9.12
2005-01-16,9.02
2005-01-17,8.89
2005-01-18,8.89
2005-01-19,8.89
2005-01-20,8.71
2005-01-21,9.12
2005-01-22,9.62
2005-01-23,9.67
2005-01-24,9.59
2005-01-25,9.45
2005-01-26,9.42
2005-01-27,9.57
2005-01-28,9.76
2005-01-29,9.96
2005-01-30,10.53
2005-01-31,11.91
2005-02-01,12.55
2005-02-02,12.21
2005-02-03,11.82
2005-02-04,11.56
2005-02-05,11.33
2005-02-06,11.11
2005-02-07,10.89
2005-02-08,10.72
2005-02-09,10.61
2005-02-10,10.53
2005-02-11,10.48
2005-02-12,10.48
2005-02-13,10.46
2005-02-14,10.4
2005-02-15,10.43
2005-02-16,10.46
2005-02-17,10.4
2005-02-18,10.4
2005-02-19,10.43
2005-02-20,10.38
2005-02-21,10.32
2005-02-22,10.38
2005-02-23,10.38
2005-02-24,10.4
2005-02-25,10.35
2005-02-26,10.19
2005-02-27,10.17
2005-02-28,10.09
2005-03-01,10.04
2005-03-02,9.94
2005-03-03,9.86
2005-03-04,9.94
2005-03-05,10.09
2005-03-06,10.69
2005-03-07,11.42
2005-03-08,11.27
2005-03-09,10.91
2005-03-10,10.8
2005-03-11,10.56
2005-03-12,10.69
2005-03-13,11.88
2005-03-14,12.37
2005-03-15,11.53
2005-03-16,10.97
2005-03-17,10.53
2005-03-18,10.19
2005-03-19,10.04
2005-03-20,9.96
2005-03-21,10.04
2005-03-22,10.04
2005-03-23,9.99
2005-03-24,10.04
2005-03-25,10.07
2005-03-26,10.07
2005-03-27,9.96
2005-03-28,9.94
2005-03-29,10.17
2005-03-30,10.38
2005-03-31,10.89
2005-04-01,11.13
2005-04-02,11.71
2005-04-03,13.52
2005-04-04,15.11
2005-04-05,15.87
2005-04-06,15.83
2005-04-07,15.33
2005-04-08,14.63
2005-04-09,14.1
2005-04-10,13.66
2005-04-11,13.79
2005-04-12,14.38
2005-04-13,14.89
2005-04-14,15.75
2005-04-15,16.1
2005-04-16,15.87
2005-04-17,15.75
2005-04-18,16.82
2005-04-19,17.84
2005-04-20,18.91
2005-04-21,20.83
2005-04-22,22.99
2005-04-23,25.36
2005-04-24,26.48
2005-04-25,28.11
2005-04-26,30.41
2005-04-27,31.96
2005-04-28,33.12
2005-04-29,34.32
2005-04-30,36.67
2005-05-01,39.55
2005-05-02,42.05
2005-05-03,45.03
2005-05-04,45.03
2005-05-05,43.16
2005-05-06,41.17
2005-05-07,40.59
2005-05-08,41.36
2005-05-09,40.69
2005-05-10,39.74
2005-05-11,38.72
2005-05-12,38.99
2005-05-13,40.4
2005-05-14,41.17
2005-05-15,40.59
2005-05-16,39.74
2005-05-17,38.63
2005-05-18,37.19
2005-05-19,35.64
2005-05-20,34.81
2005-05-21,34.16
2005-05-22,33.51
2005-05-23,32.96
2005-05-24,32.65
2005-05-25,33.28
2005-05-26,35.73
2005-05-27,38.36
2005-05-28,39.27
2005-05-29,40.4
2005-05-30,43.36
2005-05-31,44.71
2005-06-01,43.46
2005-06-02,42.45
2005-06-03,41.76
2005-06-04,42.35
2005-06-05,44.6
2005-06-06,48.55
2005-06-07,51.72
2005-06-08,50.52
2005-06-09,52.83
2005-06-10,59.12
2005-06-11,59.67
2005-06-12,57.61
2005-06-13,57.08
2005-06-14,58.98
2005-06-15,60.38
2005-06-16,67.87
2005-06-17,109.15
2005-06-18,131.13
2005-06-19,135.46
2005-06-20,137.68
2005-06-21,154.6
2005-06-22,158.59
2005-06-23,150.71
2005-06-24,142.22
2005-06-25,137.04
2005-06-26,132.97
2005-06-27,127.82
2005-06-28,123.74
2005-06-29,119.5
2005-06-30,116.49
2005-07-01,116.49
2005-07-02,115.68
2005-07-03,114.08
2005-07-04,114.08
2005-07-05,118.12
2005-07-06,121.18
2005-07-07,121.74
2005-07-08,119.78
2005-07-09,119.78
2005-07-10,126.06
2005-07-11,138.64
2005-07-12,145.55
2005-07-13,145.55
2005-07-14,150.01
2005-07-15,161.55
2005-07-16,165.34
2005-07-17,175.6
2005-07-18,180.13
2005-07-19,177.65
2005-07-20,176.01
2005-07-21,173.18
2005-07-22,164.58
2005-07-23,168.43
2005-07-24,180.97
2005-07-25,206.97
2005-07-26,231.81
2005-07-27,236.68
2005-07-28,244.47
2005-07-29,258.42
2005-07-30,265.69
2005-07-31,280.84
2005-08-01,290.07
2005-08-02,280.19
2005-08-03,265.07
2005-08-04,247.89
2005-08-05,235.05
2005-08-06,221.33
2005-08-07,207.45
2005-08-08,194.88
2005-08-09,183.93
2005-08-10,173.58
2005-08-11,167.66
2005-08-12,162.31
2005-08-13,155.31
2005-08-14,147.59
2005-08-15,141.23
2005-08-16,134.52
2005-08-17,127.53
2005-08-18,122.31
2005-08-19,115.95
2005-08-20,109.66
2005-08-21,103.47
2005-08-22,97.17
2005-08-23,92.76
2005-08-24,90.2
2005-08-25,86.5
2005-08-26,82.95
2005-08-27,81.6
2005-08-28,83.33
2005-08-29,85.5
2005-08-30,86.1
2005-08-31,84.7
2005-09-01,83.33
2005-09-02,83.53
2005-09-03,87.1
2005-09-04,171.98
2005-09-05,188.23
2005-09-06,182.23
2005-09-07,172.38
2005-09-08,171.98
2005-09-09,174.39
2005-09-10,178.06
2005-09-11,180.97
2005-09-12,180.55
2005-09-13,179.3
2005-09-14,176.42
2005-09-15,168.04
2005-09-16,158.22
2005-09-17,147.94
2005-09-18,138.96
2005-09-19,131.74
2005-09-20,128.42
2005-09-21,125.77
2005-09-22,120.62
2005-09-23,114.08
2005-09-24,107.64
2005-09-25,102.51
2005-09-26,96.95
2005-09-27,91.26
2005-09-28,87.1
2005-09-29,82.75
2005-09-30,78.62
2005-10-01,74.51
2005-10-02,70.29
2005-10-03,66.45
2005-10-04,63.42
2005-10-05,63.42
2005-10-06,66.61
2005-10-07,69.79
2005-10-08,71.61
2005-10-09,72.11
2005-10-10,72.28
2005-10-11,76.09
2005-10-12,82.37
2005-10-13,85.1
2005-10-14,84.7
2005-10-15,81.22
2005-10-16,76.62
2005-10-17,72.28
2005-10-18,68.82
2005-10-19,66.3
2005-10-20,65.68
2005-10-21,65.07
2005-10-22,73.3
2005-10-23,83.72
2005-10-24,86.7
2005-10-25,87.31
2005-10-26,86.7
2005-10-27,84.11
2005-10-28,79.35
2005-10-29,76.27
2005-10-30,73.99
2005-10-31,71.95
2005-11-01,71.78
2005-11-02,73.99
2005-11-03,74.86
2005-11-04,74.16
2005-11-05,76.45
2005-11-06,80.28
2005-11-07,78.98
2005-11-08,74.51
2005-11-09,71.78
2005-11-10,72.96
2005-11-11,75.74
2005-11-12,78.43
2005-11-13,82.37
2005-11-14,82.37
2005-11-15,79.91
2005-11-16,75.56
2005-11-17,70.94
2005-11-18,66.61
2005-11-19,62.53
2005-11-20,58.84
2005-11-21,56.54
2005-11-22,59.81
2005-11-23,89.16
2005-11-24,111.2
2005-11-25,118.95
2005-11-26,120.9
2005-11-27,116.22
2005-11-28,108.14
2005-11-29,100.86
2005-11-30,94.28
2005-12-01,88.54
2005-12-02,84.31
2005-12-03,80.66
2005-12-04,80.28
2005-12-05,85.1
2005-12-06,86.7
2005-12-07,81.99
2005-12-08,76.62
2005-12-09,72.11
2005-12-10,68.34
2005-12-11,68.02
2005-12-12,70.78
2005-12-13,69.79
2005-12-14,66.3
2005-12-15,62.39
2005-12-16,58.7
2005-12-17,55.23
2005-12-18,52.46
2005-12-19,49.35
2005-12-20,46.64
2005-12-21,44.29
2005-12-22,42.25
2005-12-23,40.4
2005-12-24,38.45
2005-12-25,36.67
2005-12-26,35.14
2005-12-27,33.43
2005-12-28,31.66
2005-12-29,30.05
2005-12-30,28.51
2005-12-31,27.12
2006-01-01,25.73
2006-01-02,24.53
2006-01-03,23.49
2006-01-04,22.39
2006-01-05,21.44
2006-01-06,20.73
2006-01-07,19.89
2006-01-08,19.28
2006-01-09,18.72
2006-01-10,18.01
2006-01-11,16.46
2006-01-12,15.29
2006-01-13,14.63
2006-01-14,14.28
2006-01-15,13.96
2006-01-16,13.52
2006-01-17,13.13
2006-01-18,12.68
2006-01-19,12.3
2006-01-20,11.94
2006-01-21,11.71
2006-01-22,11.47
2006-01-23,11.25
2006-01-24,11.05
2006-01-25,10.89
2006-01-26,10.69
2006-01-27,10.53
2006-01-28,10.48
2006-01-29,10.35
2006-01-30,10.25
2006-01-31,10.72
2006-02-01,11.05
2006-02-02,11.05
2006-02-03,10.99
2006-02-04,10.99
2006-02-05,10.97
2006-02-06,10.89
2006-02-07,10.83
2006-02-08,10.89
2006-02-09,10.89
2006-02-10,10.8
2006-02-11,10.72
2006-02-12,10.67
2006-02-13,10.67
2006-02-14,10.67
2006-02-15,10.69
2006-02-16,10.67
2006-02-17,10.53
2006-02-18,10.51
2006-02-19,10.48
2006-02-20,10.43
2006-02-21,10.38
2006-02-22,10.38
2006-02-23,10.38
2006-02-24,10.35
2006-02-25,10.35
2006-02-26,10.4
2006-02-27,10.43
2006-02-28,10.43
2006-03-01,10.48
2006-03-02,10.43
2006-03-03,14.28
2006-03-04,17.71
2006-03-05,15.83
2006-03-06,14.67
2006-03-07,14.35
2006-03-08,13.59
2006-03-09,13.89
2006-03-10,14.49
2006-03-11,14.28
2006-03-12,13.86
2006-03-13,13.42
2006-03-14,13.09
2006-03-15,13.0
2006-03-16,12.9
2006-03-17,12.68
2006-03-18,12.3
2006-03-19,11.94
2006-03-20,11.65
2006-03-21,11.45
2006-03-22,11.33
2006-03-23,11.3
2006-03-24,11.22
2006-03-25,11.25
2006-03-26,11.33
2006-03-27,11.33
2006-03-28,11.16
2006-03-29,10.94
2006-03-30,11.59
2006-03-31,12.43
2006-04-01,12.27
2006-04-02,12.93
2006-04-03,13.83
2006-04-04,13.52
2006-04-05,13.09
2006-04-06,13.16
2006-04-07,13.32
2006-04-08,13.93
2006-04-09,15.48
2006-04-10,16.58
2006-04-11,16.78
2006-04-12,16.86
2006-04-13,17.2
2006-04-14,17.71
2006-04-15,18.77
2006-04-16,19.7
2006-04-17,20.13
2006-04-18,21.13
2006-04-19,21.8
2006-04-20,22.82
2006-04-21,24.12
2006-04-22,24.12
2006-04-23,23.55
2006-04-24,22.99
2006-04-25,22.77
2006-04-26,22.6
2006-04-27,22.33
2006-04-28,22.07
2006-04-29,21.96
2006-04-30,21.34
2006-05-01,20.58
2006-05-02,20.04
2006-05-03,20.23
2006-05-04,21.34
2006-05-05,22.39
2006-05-06,22.88
2006-05-07,23.04
2006-05-08,23.49
2006-05-09,23.95
2006-05-10,24.35
2006-05-11,24.7
2006-05-12,25.18
2006-05-13,25.55
2006-05-14,25.42
2006-05-15,25.12
2006-05-16,25.55
2006-05-17,26.42
2006-05-18,27.44
2006-05-19,28.72
2006-05-20,28.31
2006-05-21,27.84
2006-05-22,28.65
2006-05-23,29.83
2006-05-24,30.26
2006-05-25,32.65
2006-05-26,38.72
2006-05-27,61.95
2006-05-28,99.46
2006-05-29,128.12
2006-05-30,166.49
2006-05-31,220.31
2006-06-01,209.38
2006-06-02,179.72
2006-06-03,159.32
2006-06-04,146.91
2006-06-05,137.04
2006-06-06,128.42
2006-06-07,121.74
2006-06-08,115.41
2006-06-09,109.15
2006-06-10,103.71
2006-06-11,98.08
2006-06-12,92.76
2006-06-13,87.51
2006-06-14,83.14
2006-06-15,79.54
2006-06-16,78.25
2006-06-17,79.17
2006-06-18,78.62
2006-06-19,76.98
2006-06-20,79.91
2006-06-21,92.54
2006-06-22,140.25
2006-06-23,229.14
2006-06-24,237.23
2006-06-25,213.29
2006-06-26,194.88
2006-06-27,179.3
2006-06-28,169.22
2006-06-29,168.82
2006-06-30,169.61
2006-07-01,166.88
2006-07-02,165.72
2006-07-03,173.58
2006-07-04,179.3
2006-07-05,178.06
2006-07-06,174.39
2006-07-07,166.88
2006-07-08,160.06
2006-07-09,152.46
2006-07-10,146.23
2006-07-11,144.21
2006-07-12,163.06
2006-07-13,254.86
2006-07-14,265.07
2006-07-15,243.91
2006-07-16,227.03
2006-07-17,213.29
2006-07-18,203.17
2006-07-19,192.64
2006-07-20,181.39
2006-07-21,171.98
2006-07-22,162.31
2006-07-23,153.17
2006-07-24,143.54
2006-07-25,134.52
2006-07-26,127.23
2006-07-27,122.59
2006-07-28,118.67
2006-07-29,114.61
2006-07-30,110.17
2006-07-31,105.17
2006-08-01,100.62
2006-08-02,96.05
2006-08-03,92.11
2006-08-04,88.74
2006-08-05,86.1
2006-08-06,82.18
2006-08-07,78.07
2006-08-08,74.16
2006-08-09,70.94
2006-08-10,70.12
2006-08-11,73.3
2006-08-12,86.1
2006-08-13,113.82
2006-08-14,124.03
2006-08-15,139.6
2006-08-16,158.59
2006-08-17,161.18
2006-08-18,159.69
2006-08-19,158.59
2006-08-20,154.6
2006-08-21,148.28
2006-08-22,139.6
2006-08-23,131.13
2006-08-24,122.59
2006-08-25,114.61
2006-08-26,107.64
2006-08-27,101.33
2006-08-28,95.16
2006-08-29,91.26
2006-08-30,88.33
2006-08-31,84.9
2006-09-01,82.56
2006-09-02,81.99
2006-09-03,80.66
2006-09-04,79.91
2006-09-05,78.62
2006-09-06,77.34
2006-09-07,80.85
2006-09-08,86.3
2006-09-09,91.04
2006-09-10,94.5
2006-09-11,94.72
2006-09-12,94.94
2006-09-13,96.95
2006-09-14,99.69
2006-09-15,108.9
2006-09-16,127.23
2006-09-17,135.14
2006-09-18,134.52
2006-09-19,131.13
2006-09-20,127.23
2006-09-21,127.82
2006-09-22,129.02
2006-09-23,123.45
2006-09-24,118.4
2006-09-25,117.58
2006-09-26,115.95
2006-09-27,110.69
2006-09-28,104.44
2006-09-29,99.0
2006-09-30,94.06
2006-10-01,90.41
2006-10-02,87.1
2006-10-03,82.56
2006-10-04,78.98
2006-10-05,76.09
2006-10-06,73.13
2006-10-07,72.28
2006-10-08,73.13
2006-10-09,72.79
2006-10-10,72.45
2006-10-11,75.56
2006-10-12,80.47
2006-10-13,80.47
2006-10-14,80.47
2006-10-15,83.14
2006-10-16,84.31
2006-10-17,87.31
2006-10-18,91.04
2006-10-19,90.41
2006-10-20,92.54
2006-10-21,97.4
2006-10-22,101.09
2006-10-23,99.23
2006-10-24,95.16
2006-10-25,91.26
2006-10-26,91.68
2006-10-27,149.66
2006-10-28,175.6
2006-10-29,170.79
2006-10-30,157.85
2006-10-31,148.62
2006-11-01,155.68
2006-11-02,160.44
2006-11-03,173.18
2006-11-04,189.11
2006-11-05,189.99
2006-11-06,186.07
2006-11-07,182.65
2006-11-08,173.58
2006-11-09,166.11
2006-11-10,160.06
2006-11-11,153.53
2006-11-12,146.91
2006-11-13,140.58
2006-11-14,133.59
2006-11-15,127.82
2006-11-16,125.47
2006-11-17,120.34
2006-11-18,128.12
2006-11-19,136.72
2006-11-20,133.59
2006-11-21,127.82
2006-11-22,124.03
2006-11-23,120.06
2006-11-24,117.03
2006-11-25,112.5
2006-11-26,106.65
2006-11-27,101.33
2006-11-28,96.95
2006-11-29,92.11
2006-11-30,86.7
2006-12-01,81.41
2006-12-02,76.62
2006-12-03,72.11
2006-12-04,67.87
2006-12-05,64.16
2006-12-06,60.38
2006-12-07,56.68
2006-12-08,53.45
2006-12-09,50.52
2006-12-10,47.64
2006-12-11,45.03
2006-12-12,42.95
2006-12-13,41.56
2006-12-14,39.74
2006-12-15,37.64
2006-12-16,35.64
2006-12-17,33.75
2006-12-18,32.04
2006-12-19,30.41
2006-12-20,28.92
2006-12-21,27.44
2006-12-22,26.29
2006-12-23,25.06
2006-12-24,24.0
2006-12-25,22.93
2006-12-26,21.86
2006-12-27,20.88
2006-12-28,19.99
2006-12-29,19.18
2006-12-30,18.54
2006-12-31,17.88
2007-01-01,17.28
2007-01-02,16.74
2007-01-03,16.18
2007-01-04,15.67
2007-01-05,15.29
2007-01-06,14.89
2007-01-07,14.49
2007-01-08,14.17
2007-01-09,13.89
2007-01-10,13.66
2007-01-11,12.15
2007-01-12,11.13
2007-01-13,10.67
2007-01-14,10.3
2007-01-15,10.07
2007-01-16,9.86
2007-01-17,9.67
2007-01-18,9.5
2007-01-19,9.33
2007-01-20,9.19
2007-01-21,9.62
2007-01-22,9.91
2007-01-23,9.91
2007-01-24,9.86
2007-01-25,9.79
2007-01-26,9.79
2007-01-27,10.3
2007-01-28,10.97
2007-01-29,10.72
2007-01-30,10.25
2007-01-31,10.64
2007-02-01,10.94
2007-02-02,10.99
2007-02-03,10.99
2007-02-04,10.94
2007-02-05,10.83
2007-02-06,10.78
2007-02-07,10.72
2007-02-08,10.72
2007-02-09,10.75
2007-02-10,10.91
2007-02-11,10.97
2007-02-12,10.91
2007-02-13,10.94
2007-02-14,10.89
2007-02-15,10.78
2007-02-16,10.72
2007-02-17,10.75
2007-02-18,10.8
2007-02-19,10.99
2007-02-20,10.91
2007-02-21,10.61
2007-02-22,10.48
2007-02-23,10.48
2007-02-24,10.53
2007-02-25,10.61
2007-02-26,10.61
2007-02-27,10.59
2007-02-28,10.53
2007-03-01,10.53
2007-03-02,10.61
2007-03-03,10.67
2007-03-04,10.64
2007-03-05,10.53
2007-03-06,10.43
2007-03-07,10.32
2007-03-08,10.48
2007-03-09,10.51
2007-03-10,10.35
2007-03-11,10.25
2007-03-12,10.17
2007-03-13,10.12
2007-03-14,10.19
2007-03-15,10.25
2007-03-16,10.12
2007-03-17,10.07
2007-03-18,10.07
2007-03-19,9.99
2007-03-20,9.96
2007-03-21,10.12
2007-03-22,10.19
2007-03-23,10.04
2007-03-24,10.04
2007-03-25,10.4
2007-03-26,11.97
2007-03-27,12.68
2007-03-28,11.59
2007-03-29,10.89
2007-03-30,10.43
2007-03-31,10.19
2007-04-01,10.61
2007-04-02,11.05
2007-04-03,10.83
2007-04-04,10.59
2007-04-05,10.27
2007-04-06,10.17
2007-04-07,10.43
2007-04-08,10.78
2007-04-09,11.45
2007-04-10,11.88
2007-04-11,11.85
2007-04-12,12.03
2007-04-13,13.03
2007-04-14,14.45
2007-04-15,15.14
2007-04-16,14.6
2007-04-17,13.59
2007-04-18,13.13
2007-04-19,12.71
2007-04-20,12.74
2007-04-21,15.33
2007-04-22,17.71
2007-04-23,17.45
2007-04-24,17.37
2007-04-25,17.79
2007-04-26,18.05
2007-04-27,18.14
2007-04-28,18.05
2007-04-29,18.23
2007-04-30,18.36
2007-05-01,18.1
2007-05-02,19.32
2007-05-03,21.8
2007-05-04,23.27
2007-05-05,23.49
2007-05-06,23.6
2007-05-07,23.77
2007-05-08,24.06
2007-05-09,25.24
2007-05-10,26.29
2007-05-11,26.54
2007-05-12,25.98
2007-05-13,25.67
2007-05-14,26.42
2007-05-15,26.99
2007-05-16,26.67
2007-05-17,25.61
2007-05-18,24.35
2007-05-19,23.1
2007-05-20,22.01
2007-05-21,21.08
2007-05-22,20.28
2007-05-23,20.38
2007-05-24,21.49
2007-05-25,22.23
2007-05-26,22.88
2007-05-27,24.0
2007-05-28,25.67
2007-05-29,26.93
2007-05-30,27.97
2007-05-31,28.38
2007-06-01,27.12
2007-06-02,26.1
2007-06-03,26.29
2007-06-04,25.92
2007-06-05,25.36
2007-06-06,27.12
2007-06-07,31.21
2007-06-08,34.89
2007-06-09,36.5
2007-06-10,36.41
2007-06-11,38.63
2007-06-12,50.29
2007-06-13,58.57
2007-06-14,63.57
2007-06-15,77.7
2007-06-16,84.51
2007-06-17,85.3
2007-06-18,101.8
2007-06-19,113.02
2007-06-20,144.88
2007-06-21,216.77
2007-06-22,408.26
2007-06-23,461.38
2007-06-24,380.94
2007-06-25,312.33
2007-06-26,271.9
2007-06-27,247.31
2007-06-28,229.67
2007-06-29,231.27
2007-06-30,254.86
2007-07-01,272.53
2007-07-02,285.42
2007-07-03,297.54
2007-07-04,290.07
2007-07-05,275.06
2007-07-06,266.3
2007-07-07,259.02
2007-07-08,247.89
2007-07-09,238.33
2007-07-10,230.21
2007-07-11,227.56
2007-07-12,225.46
2007-07-13,221.33
2007-07-14,217.27
2007-07-15,212.3
2007-07-16,232.35
2007-07-17,251.93
2007-07-18,249.03
2007-07-19,242.22
2007-07-20,273.16
2007-07-21,276.33
2007-07-22,259.02
2007-07-23,243.91
2007-07-24,248.46
2007-07-25,247.31
2007-07-26,236.14
2007-07-27,227.03
2007-07-28,217.27
2007-07-29,206.01
2007-07-30,195.34
2007-07-31,189.99
2007-08-01,244.47
2007-08-02,270.64
2007-08-03,255.45
2007-08-04,235.05
2007-08-05,236.14
2007-08-06,236.14
2007-08-07,230.21
2007-08-08,223.91
2007-08-09,227.03
2007-08-10,233.96
2007-08-11,230.74
2007-08-12,220.82
2007-08-13,206.97
2007-08-14,193.98
2007-08-15,181.39
2007-08-16,170.4
2007-08-17,161.55
2007-08-18,152.82
2007-08-19,144.21
2007-08-20,137.04
2007-08-21,144.88
2007-08-22,151.41
2007-08-23,147.59
2007-08-24,141.89
2007-08-25,140.91
2007-08-26,141.89
2007-08-27,143.88
2007-08-28,142.88
2007-08-29,140.91
2007-08-30,140.25
2007-08-31,142.55
2007-09-01,142.55
2007-09-02,152.11
2007-09-03,157.85
2007-09-04,151.76
2007-09-05,152.46
2007-09-06,153.53
2007-09-07,149.31
2007-09-08,144.21
2007-09-09,186.07
2007-09-10,200.84
2007-09-11,189.99
2007-09-12,176.01
2007-09-13,165.34
2007-09-14,157.12
2007-09-15,150.71
2007-09-16,167.27
2007-09-17,176.83
2007-09-18,180.55
2007-09-19,182.65
2007-09-20,181.39
2007-09-21,176.83
2007-09-22,181.39
2007-09-23,191.31
2007-09-24,201.77
2007-09-25,206.49
2007-09-26,201.77
2007-09-27,190.43
2007-09-28,181.39
2007-09-29,171.19
2007-09-30,161.93
2007-10-01,154.24
2007-10-02,146.91
2007-10-03,138.64
2007-10-04,131.13
2007-10-05,124.31
2007-10-06,117.03
2007-10-07,110.69
2007-10-08,105.17
2007-10-09,99.69
2007-10-10,96.5
2007-10-11,100.16
2007-10-12,102.51
2007-10-13,103.95
2007-10-14,105.91
2007-10-15,104.93
2007-10-16,105.91
2007-10-17,114.08
2007-10-18,126.35
2007-10-19,164.58
2007-10-20,188.67
2007-10-21,184.35
2007-10-22,171.98
2007-10-23,170.4
2007-10-24,182.65
2007-10-25,200.37
2007-10-26,270.02
2007-10-27,276.97
2007-10-28,282.14
2007-10-29,275.06
2007-10-30,258.42
2007-10-31,237.23
2007-11-01,218.79
2007-11-02,204.12
2007-11-03,197.15
2007-11-04,192.64
2007-11-05,184.35
2007-11-06,176.83
2007-11-07,170.0
2007-11-08,162.31
2007-11-09,153.88
2007-11-10,144.88
2007-11-11,137.04
2007-11-12,129.02
2007-11-13,121.18
2007-11-14,114.08
2007-11-15,107.14
2007-11-16,100.62
2007-11-17,94.72
2007-11-18,88.95
2007-11-19,83.72
2007-11-20,79.17
2007-11-21,74.68
2007-11-22,70.29
2007-11-23,66.45
2007-11-24,62.83
2007-11-25,59.39
2007-11-26,56.02
2007-11-27,52.95
2007-11-28,50.05
2007-11-29,47.31
2007-11-30,45.03
2007-12-01,42.65
2007-12-02,40.4
2007-12-03,38.36
2007-12-04,36.33
2007-12-05,34.48
2007-12-06,32.73
2007-12-07,31.14
2007-12-08,29.62
2007-12-09,28.38
2007-12-10,27.12
2007-12-11,25.73
2007-12-12,24.59
2007-12-13,23.66
2007-12-14,22.99
2007-12-15,22.39
2007-12-16,21.39
2007-12-17,20.33
2007-12-18,22.88
2007-12-19,28.65
2007-12-20,31.81
2007-12-21,31.58
2007-12-22,29.97
2007-12-23,28.44
2007-12-24,26.93
2007-12-25,25.55
2007-12-26,24.23
2007-12-27,23.04
2007-12-28,22.07
2007-12-29,21.13
2007-12-30,20.18
2007-12-31,19.32
2008-01-01,18.59
2008-01-02,17.92
2008-01-03,17.28
2008-01-04,16.74
2008-01-05,16.34
2008-01-06,15.83
2008-01-07,15.33
2008-01-08,14.92
2008-01-09,14.49
2008-01-10,14.14
2008-01-11,12.74
2008-01-12,11.79
2008-01-13,11.33
2008-01-14,10.99
2008-01-15,10.72
2008-01-16,10.43
2008-01-17,10.22
2008-01-18,10.04
2008-01-19,9.91
2008-01-20,9.79
2008-01-21,9.96
2008-01-22,10.07
2008-01-23,10.07
2008-01-24,9.99
2008-01-25,10.07
2008-01-26,10.19
2008-01-27,10.17
2008-01-28,10.12
2008-01-29,10.04
2008-01-30,10.07
2008-01-31,10.72
2008-02-01,11.27
2008-02-02,11.5
2008-02-03,12.12
2008-02-04,14.07
2008-02-05,14.85
2008-02-06,13.83
2008-02-07,13.52
2008-02-08,14.74
2008-02-09,16.3
2008-02-10,17.71
2008-02-11,18.5
2008-02-12,19.65
2008-02-13,20.53
2008-02-14,20.09
2008-02-15,19.0
2008-02-16,18.05
2008-02-17,17.41
2008-02-18,16.66
2008-02-19,15.98
2008-02-20,15.44
2008-02-21,14.96
2008-02-22,14.49
2008-02-23,14.14
2008-02-24,13.76
2008-02-25,13.42
2008-02-26,13.13
2008-02-27,12.9
2008-02-28,12.65
2008-02-29,12.37
2008-03-01,12.34
2008-03-02,12.3
2008-03-03,12.15
2008-03-04,11.91
2008-03-05,11.65
2008-03-06,11.47
2008-03-07,11.33
2008-03-08,11.19
2008-03-09,11.02
2008-03-10,11.13
2008-03-11,11.13
2008-03-12,11.16
2008-03-13,13.49
2008-03-14,18.68
2008-03-15,22.6
2008-03-16,24.23
2008-03-17,25.36
2008-03-18,27.05
2008-03-19,28.99
2008-03-20,45.67
2008-03-21,58.02
2008-03-22,58.98
2008-03-23,58.84
2008-03-24,56.28
2008-03-25,52.33
2008-03-26,48.66
2008-03-27,45.56
2008-03-28,43.57
2008-03-29,43.06
2008-03-30,43.46
2008-03-31,44.5
2008-04-01,44.71
2008-04-02,50.64
2008-04-03,56.54
2008-04-04,56.94
2008-04-05,55.36
2008-04-06,53.2
2008-04-07,50.4
2008-04-08,48.55
2008-04-09,46.86
2008-04-10,45.24
2008-04-11,45.13
2008-04-12,45.03
2008-04-13,45.13
2008-04-14,44.71
2008-04-15,43.36
2008-04-16,42.65
2008-04-17,42.35
2008-04-18,41.56
2008-04-19,41.36
2008-04-20,42.15
2008-04-21,42.75
2008-04-22,43.06
2008-04-23,42.65
2008-04-24,43.46
2008-04-25,45.34
2008-04-26,48.89
2008-04-27,53.08
2008-04-28,54.46
2008-04-29,54.46
2008-04-30,52.83
2008-05-01,50.64
2008-05-02,48.66
2008-05-03,46.1
2008-05-04,43.98
2008-05-05,43.57
2008-05-06,42.65
2008-05-07,41.66
2008-05-08,43.06
2008-05-09,45.45
2008-05-10,48.2
2008-05-11,51.12
2008-05-12,51.6
2008-05-13,51.12
2008-05-14,51.0
2008-05-15,49.35
2008-05-16,48.89
2008-05-17,49.12
2008-05-18,51.0
2008-05-19,51.72
2008-05-20,50.64
2008-05-21,50.64
2008-05-22,52.33
2008-05-23,53.33
2008-05-24,53.58
2008-05-25,53.7
2008-05-26,55.49
2008-05-27,56.41
2008-05-28,55.23
2008-05-29,54.98
2008-05-30,54.59
2008-05-31,56.02
2008-06-01,58.84
2008-06-02,60.38
2008-06-03,60.24
2008-06-04,59.53
2008-06-05,58.84
2008-06-06,56.81
2008-06-07,56.94
2008-06-08,64.61
2008-06-09,86.1
2008-06-10,96.27
2008-06-11,92.54
2008-06-12,88.33
2008-06-13,87.31
2008-06-14,86.9
2008-06-15,85.7
2008-06-16,83.72
2008-06-17,82.56
2008-06-18,83.14
2008-06-19,86.9
2008-06-20,87.51
2008-06-21,89.78
2008-06-22,94.28
2008-06-23,96.95
2008-06-24,94.5
2008-06-25,93.62
2008-06-26,95.83
2008-06-27,96.27
2008-06-28,109.15
2008-06-29,121.74
2008-06-30,126.94
2008-07-01,139.93
2008-07-02,145.55
2008-07-03,137.04
2008-07-04,127.23
2008-07-05,118.95
2008-07-06,113.29
2008-07-07,112.24
2008-07-08,110.17
2008-07-09,107.64
2008-07-10,105.91
2008-07-11,103.47
2008-07-12,100.39
2008-07-13,96.27
2008-07-14,93.19
2008-07-15,336.29
2008-07-16,315.96
2008-07-17,244.47
2008-07-18,209.38
2008-07-19,193.09
2008-07-20,183.5
2008-07-21,174.39
2008-07-22,172.38
2008-07-23,189.99
2008-07-24,216.77
2008-07-25,243.91
2008-07-26,243.34
2008-07-27,273.16
2008-07-28,296.85
2008-07-29,298.23
2008-07-30,288.07
2008-07-31,276.33
2008-08-01,265.69
2008-08-02,254.27
2008-08-03,237.23
2008-08-04,223.91
2008-08-05,209.86
2008-08-06,197.15
2008-08-07,186.07
2008-08-08,178.06
2008-08-09,174.39
2008-08-10,170.79
2008-08-11,166.49
2008-08-12,198.99
2008-08-13,251.35
2008-08-14,259.02
2008-08-15,242.22
2008-08-16,222.87
2008-08-17,205.06
2008-08-18,191.31
2008-08-19,178.89
2008-08-20,168.82
2008-08-21,160.44
2008-08-22,152.46
2008-08-23,144.21
2008-08-24,136.4
2008-08-25,129.32
2008-08-26,124.89
2008-08-27,123.17
2008-08-28,121.18
2008-08-29,120.34
2008-08-30,120.34
2008-08-31,120.34
2008-09-01,117.85
2008-09-02,111.72
2008-09-03,105.41
2008-09-04,102.28
2008-09-05,99.69
2008-09-06,97.4
2008-09-07,98.08
2008-09-08,101.8
2008-09-09,108.4
2008-09-10,112.76
2008-09-11,118.4
2008-09-12,120.9
2008-09-13,119.23
2008-09-14,113.82
2008-09-15,109.41
2008-09-16,104.68
2008-09-17,100.86
2008-09-18,96.27
2008-09-19,91.26
2008-09-20,88.33
2008-09-21,88.95
2008-09-22,85.5
2008-09-23,81.04
2008-09-24,76.8
2008-09-25,73.3
2008-09-26,69.96
2008-09-27,66.3
2008-09-28,62.53
2008-09-29,58.98
2008-09-30,55.62
2008-10-01,52.58
2008-10-02,49.82
2008-10-03,47.08
2008-10-04,44.6
2008-10-05,42.85
2008-10-06,42.25
2008-10-07,43.98
2008-10-08,46.42
2008-10-09,48.43
2008-10-10,51.6
2008-10-11,53.2
2008-10-12,55.75
2008-10-13,59.26
2008-10-14,62.1
2008-10-15,63.42
2008-10-16,63.57
2008-10-17,62.39
2008-10-18,63.42
2008-10-19,69.31
2008-10-20,78.98
2008-10-21,90.83
2008-10-22,98.54
2008-10-23,100.86
2008-10-24,101.09
2008-10-25,101.33
2008-10-26,101.09
2008-10-27,97.4
2008-10-28,92.54
2008-10-29,87.92
2008-10-30,83.14
2008-10-31,78.98
2008-11-01,76.27
2008-11-02,73.3
2008-11-03,69.31
2008-11-04,65.37
2008-11-05,61.66
2008-11-06,58.43
2008-11-07,55.36
2008-11-08,52.46
2008-11-09,50.05
2008-11-10,47.64
2008-11-11,45.56
2008-11-12,43.46
2008-11-13,41.56
2008-11-14,39.93
2008-11-15,38.17
2008-11-16,36.67
2008-11-17,36.15
2008-11-18,36.76
2008-11-19,37.02
2008-11-20,36.76
2008-11-21,36.24
2008-11-22,37.64
2008-11-23,44.5
2008-11-24,51.6
2008-11-25,52.21
2008-11-26,49.82
2008-11-27,47.08
2008-11-28,45.34
2008-11-29,46.1
2008-11-30,50.05
2008-12-01,52.09
2008-12-02,50.29
2008-12-03,47.75
2008-12-04,45.13
2008-12-05,42.65
2008-12-06,40.59
2008-12-07,38.81
2008-12-08,38.36
2008-12-09,40.88
2008-12-10,42.95
2008-12-11,43.36
2008-12-12,41.76
2008-12-13,39.55
2008-12-14,37.46
2008-12-15,35.64
2008-12-16,34.16
2008-12-17,32.42
2008-12-18,31.28
2008-12-19,31.21
2008-12-20,30.55
2008-12-21,29.13
2008-12-22,27.71
2008-12-23,26.48
2008-12-24,25.3
2008-12-25,24.18
2008-12-26,23.15
2008-12-27,22.12
2008-12-28,21.18
2008-12-29,20.33
2008-12-30,19.56
2008-12-31,18.86
2009-01-01,18.19
2009-01-02,17.58
2009-01-03,17.03
2009-01-04,16.54
2009-01-05,16.1
2009-01-06,15.67
2009-01-07,15.33
2009-01-08,15.07
2009-01-09,14.7
2009-01-10,14.31
2009-01-11,13.0
2009-01-12,12.09
2009-01-13,11.62
2009-01-14,11.33
2009-01-15,11.25
2009-01-16,11.05
2009-01-17,10.75
2009-01-18,10.56
2009-01-19,10.4
2009-01-20,10.25
2009-01-21,10.43
2009-01-22,10.56
2009-01-23,10.48
2009-01-24,10.43
2009-01-25,10.4
2009-01-26,10.48
2009-01-27,11.05
2009-01-28,11.76
2009-01-29,11.62
2009-01-30,11.27
2009-01-31,11.53
2009-02-01,11.71
2009-02-02,11.62
2009-02-03,11.5
2009-02-04,11.47
2009-02-05,11.42
2009-02-06,11.39
2009-02-07,11.27
2009-02-08,11.22
2009-02-09,11.22
2009-02-10,11.22
2009-02-11,11.22
2009-02-12,11.27
2009-02-13,11.27
2009-02-14,11.22
2009-02-15,11.19
2009-02-16,11.11
2009-02-17,11.02
2009-02-18,11.02
2009-02-19,10.97
2009-02-20,10.94
2009-02-21,10.94
2009-02-22,10.97
2009-02-23,10.94
2009-02-24,10.97
2009-02-25,10.97
2009-02-26,10.83
2009-02-27,10.72
2009-02-28,10.69
2009-03-01,10.67
2009-03-02,10.67
2009-03-03,10.75
2009-03-04,10.83
2009-03-05,10.75
2009-03-06,10.67
2009-03-07,10.61
2009-03-08,10.67
2009-03-09,11.02
2009-03-10,11.05
2009-03-11,11.5
2009-03-12,13.69
2009-03-13,15.94
2009-03-14,17.24
2009-03-15,18.41
2009-03-16,17.62
2009-03-17,16.18
2009-03-18,15.48
2009-03-19,14.67
2009-03-20,14.03
2009-03-21,13.72
2009-03-22,14.0
2009-03-23,14.63
2009-03-24,15.83
2009-03-25,16.66
2009-03-26,16.26
2009-03-27,16.46
2009-03-28,17.71
2009-03-29,18.14
2009-03-30,17.66
2009-03-31,17.2
2009-04-01,16.7
2009-04-02,16.5
2009-04-03,16.3
2009-04-04,15.94
2009-04-05,15.6
2009-04-06,15.33
2009-04-07,20.33
2009-04-08,23.95
2009-04-09,23.21
2009-04-10,22.55
2009-04-11,22.33
2009-04-12,21.7
2009-04-13,20.93
2009-04-14,19.99
2009-04-15,19.65
2009-04-16,20.33
2009-04-17,20.53
2009-04-18,20.33
2009-04-19,20.23
2009-04-20,20.58
2009-04-21,21.49
2009-04-22,22.44
2009-04-23,23.32
2009-04-24,24.12
2009-04-25,24.41
2009-04-26,24.94
2009-04-27,25.67
2009-04-28,25.79
2009-04-29,25.98
2009-04-30,27.31
2009-05-01,28.72
2009-05-02,28.31
2009-05-03,27.31
2009-05-04,26.23
2009-05-05,25.3
2009-05-06,24.82
2009-05-07,25.12
2009-05-08,25.85
2009-05-09,26.67
2009-05-10,26.86
2009-05-11,27.25
2009-05-12,27.25
2009-05-13,27.18
2009-05-14,26.99
2009-05-15,26.67
2009-05-16,27.44
2009-05-17,28.79
2009-05-18,29.48
2009-05-19,34.97
2009-05-20,42.45
2009-05-21,45.77
2009-05-22,47.42
2009-05-23,49.0
2009-05-24,50.17
2009-05-25,52.95
2009-05-26,52.83
2009-05-27,51.0
2009-05-28,50.17
2009-05-29,48.43
2009-05-30,48.89
2009-05-31,52.33
2009-06-01,53.58
2009-06-02,51.97
2009-06-03,50.05
2009-06-04,48.89
2009-06-05,60.52
2009-06-06,123.45
2009-06-07,147.94
2009-06-08,137.36
2009-06-09,124.31
2009-06-10,112.5
2009-06-11,103.95
2009-06-12,99.46
2009-06-13,97.17
2009-06-14,96.72
2009-06-15,94.72
2009-06-16,92.54
2009-06-17,91.68
2009-06-18,93.19
2009-06-19,95.16
2009-06-20,93.41
2009-06-21,89.78
2009-06-22,87.1
2009-06-23,88.33
2009-06-24,89.16
2009-06-25,91.47
2009-06-26,103.95
2009-06-27,113.55
2009-06-28,114.88
2009-06-29,124.31
2009-06-30,171.58
2009-07-01,198.53
2009-07-02,216.27
2009-07-03,252.51
2009-07-04,286.74
2009-07-05,312.33
2009-07-06,337.84
2009-07-07,318.89
2009-07-08,316.69
2009-07-09,304.49
2009-07-10,282.14
2009-07-11,261.42
2009-07-12,244.47
2009-07-13,232.35
2009-07-14,228.61
2009-07-15,254.27
2009-07-16,289.4
2009-07-17,353.81
2009-07-18,343.35
2009-07-19,310.17
2009-07-20,290.07
2009-07-21,273.79
2009-07-22,258.42
2009-07-23,244.47
2009-07-24,230.21
2009-07-25,215.77
2009-07-26,201.77
2009-07-27,189.99
2009-07-28,182.65
2009-07-29,175.2
2009-07-30,172.38
2009-07-31,174.39
2009-08-01,178.06
2009-08-02,176.01
2009-08-03,167.27
2009-08-04,158.22
2009-08-05,150.71
2009-08-06,144.88
2009-08-07,140.91
2009-08-08,135.14
2009-08-09,128.72
2009-08-10,123.17
2009-08-11,119.23
2009-08-12,116.22
2009-08-13,110.94
2009-08-14,107.39
2009-08-15,109.41
2009-08-16,110.17
2009-08-17,112.24
2009-08-18,114.88
2009-08-19,132.35
2009-08-20,249.03
2009-08-21,253.1
2009-08-22,223.39
2009-08-23,203.17
2009-08-24,192.2
2009-08-25,181.39
2009-08-26,173.18
2009-08-27,169.61
2009-08-28,164.58
2009-08-29,157.49
2009-08-30,150.36
2009-08-31,145.89
2009-09-01,158.96
2009-09-02,171.58
2009-09-03,175.6
2009-09-04,193.54
2009-09-05,221.84
2009-09-06,245.04
2009-09-07,241.66
2009-09-08,227.56
2009-09-09,212.3
2009-09-10,197.61
2009-09-11,183.93
2009-09-12,171.98
2009-09-13,163.82
2009-09-14,163.06
2009-09-15,162.31
2009-09-16,157.49
2009-09-17,153.17
2009-09-18,164.58
2009-09-19,169.61
2009-09-20,165.72
2009-09-21,160.06
2009-09-22,153.53
2009-09-23,147.94
2009-09-24,141.89
2009-09-25,134.52
2009-09-26,130.22
2009-09-27,130.22
2009-09-28,127.82
2009-09-29,123.45
2009-09-30,121.18
2009-10-01,138.32
2009-10-02,198.99
2009-10-03,217.27
2009-10-04,204.12
2009-10-05,186.93
2009-10-06,172.78
2009-10-07,161.18
2009-10-08,150.71
2009-10-09,140.91
2009-10-10,131.74
2009-10-11,123.45
2009-10-12,122.03
2009-10-13,130.22
2009-10-14,133.59
2009-10-15,131.43
2009-10-16,126.06
2009-10-17,120.9
2009-10-18,114.08
2009-10-19,108.4
2009-10-20,104.68
2009-10-21,99.46
2009-10-22,94.28
2009-10-23,89.36
2009-10-24,84.31
2009-10-25,80.28
2009-10-26,77.89
2009-10-27,74.51
2009-10-28,71.44
2009-10-29,69.63
2009-10-30,68.02
2009-10-31,66.14
2009-11-01,63.42
2009-11-02,60.66
2009-11-03,57.88
2009-11-04,55.1
2009-11-05,53.83
2009-11-06,55.1
2009-11-07,194.88
2009-11-08,312.33
2009-11-09,313.05
2009-11-10,249.03
2009-11-11,197.61
2009-11-12,167.66
2009-11-13,150.01
2009-11-14,143.88
2009-11-15,162.68
2009-11-16,168.82
2009-11-17,159.32
2009-11-18,146.91
2009-11-19,137.36
2009-11-20,132.66
2009-11-21,130.22
2009-11-22,129.62
2009-11-23,125.47
2009-11-24,119.5
2009-11-25,115.68
2009-11-26,110.17
2009-11-27,103.23
2009-11-28,96.95
2009-11-29,91.04
2009-11-30,85.7
2009-12-01,81.41
2009-12-02,80.85
2009-12-03,80.47
2009-12-04,79.91
2009-12-05,78.07
2009-12-06,74.34
2009-12-07,70.12
2009-12-08,65.99
2009-12-09,62.24
2009-12-10,58.57
2009-12-11,55.23
2009-12-12,52.33
2009-12-13,49.58
2009-12-14,46.86
2009-12-15,44.5
2009-12-16,43.67
2009-12-17,43.67
2009-12-18,42.35
2009-12-19,40.3
2009-12-20,38.08
2009-12-21,36.24
2009-12-22,34.65
2009-12-23,33.12
2009-12-24,32.11
2009-12-25,31.14
2009-12-26,29.69
2009-12-27,29.06
2009-12-28,30.41
2009-12-29,31.43
2009-12-30,31.14
2009-12-31,29.9
2010-01-01,28.44
2010-01-02,27.05
2010-01-03,25.73
2010-01-04,24.53
2010-01-05,23.43
2010-01-06,22.39
2010-01-07,21.49
2010-01-08,20.78
2010-01-09,20.13
2010-01-10,20.38
2010-01-11,20.53
2010-01-12,20.13
2010-01-13,20.73
2010-01-14,21.59
2010-01-15,21.18
2010-01-16,20.13
2010-01-17,19.09
2010-01-18,18.28
2010-01-19,17.54
2010-01-20,16.82
2010-01-21,16.38
2010-01-22,15.79
2010-01-23,15.18
2010-01-24,14.67
2010-01-25,14.31
2010-01-26,13.93
2010-01-27,13.49
2010-01-28,13.13
2010-01-29,12.77
2010-01-30,12.46
2010-01-31,12.87
2010-02-01,13.13
2010-02-02,12.96
2010-02-03,12.71
2010-02-04,12.49
2010-02-05,12.37
2010-02-06,12.18
2010-02-07,11.97
2010-02-08,11.82
2010-02-09,11.71
2010-02-10,11.82
2010-02-11,12.06
2010-02-12,11.88
2010-02-13,11.59
2010-02-14,11.56
2010-02-15,11.45
2010-02-16,11.27
2010-02-17,11.19
2010-02-18,11.22
2010-02-19,11.33
2010-02-20,11.27
2010-02-21,11.11
2010-02-22,10.97
2010-02-23,10.97
2010-02-24,11.22
2010-02-25,11.47
2010-02-26,11.5
2010-02-27,11.45
2010-02-28,11.25
2010-03-01,11.13
2010-03-02,10.99
2010-03-03,10.89
2010-03-04,10.94
2010-03-05,11.11
2010-03-06,11.19
2010-03-07,11.13
2010-03-08,10.94
2010-03-09,10.8
2010-03-10,10.91
2010-03-11,10.97
2010-03-12,10.8
2010-03-13,10.78
2010-03-14,10.78
2010-03-15,10.75
2010-03-16,11.59
2010-03-17,12.0
2010-03-18,11.45
2010-03-19,11.13
2010-03-20,10.94
2010-03-21,10.89
2010-03-22,10.8
2010-03-23,10.72
2010-03-24,10.72
2010-03-25,10.67
2010-03-26,10.61
2010-03-27,11.94
2010-03-28,13.0
2010-03-29,12.96
2010-03-30,13.16
2010-03-31,13.45
2010-04-01,13.62
2010-04-02,13.16
2010-04-03,13.0
2010-04-04,13.86
2010-04-05,17.24
2010-04-06,21.03
2010-04-07,21.8
2010-04-08,20.78
2010-04-09,20.09
2010-04-10,19.42
2010-04-11,18.91
2010-04-12,18.54
2010-04-13,18.45
2010-04-14,18.82
2010-04-15,19.42
2010-04-16,19.84
2010-04-17,20.48
2010-04-18,20.98
2010-04-19,20.93
2010-04-20,24.76
2010-04-21,28.99
2010-04-22,29.06
2010-04-23,30.05
2010-04-24,31.58
2010-04-25,32.27
2010-04-26,33.43
2010-04-27,34.56
2010-04-28,34.97
2010-04-29,35.64
2010-04-30,43.26
2010-05-01,50.76
2010-05-02,52.83
2010-05-03,52.95
2010-05-04,51.12
2010-05-05,48.66
2010-05-06,46.42
2010-05-07,45.34
2010-05-08,45.88
2010-05-09,46.1
2010-05-10,45.45
2010-05-11,44.08
2010-05-12,43.26
2010-05-13,43.36
2010-05-14,43.26
2010-05-15,42.45
2010-05-16,42.65
2010-05-17,44.5
2010-05-18,46.1
2010-05-19,46.53
2010-05-20,53.95
2010-05-21,60.38
2010-05-22,59.26
2010-05-23,57.34
2010-05-24,58.43
2010-05-25,60.52
2010-05-26,60.52
2010-05-27,59.67
2010-05-28,58.98
2010-05-29,58.29
2010-05-30,57.75
2010-05-31,59.53
2010-06-01,58.7
2010-06-02,56.41
2010-06-03,56.28
2010-06-04,57.61
2010-06-05,64.61
2010-06-06,72.79
2010-06-07,76.27
2010-06-08,80.28
2010-06-09,86.5
2010-06-10,92.76
2010-06-11,127.82
2010-06-12,220.31
2010-06-13,275.69
2010-06-14,270.64
2010-06-15,241.66
2010-06-16,213.29
2010-06-17,199.45
2010-06-18,192.2
2010-06-19,182.23
2010-06-20,173.58
2010-06-21,162.68
2010-06-22,152.82
2010-06-23,164.2
2010-06-24,183.5
2010-06-25,187.36
2010-06-26,181.81
2010-06-27,176.83
2010-06-28,173.58
2010-06-29,169.22
2010-06-30,174.79
2010-07-01,224.42
2010-07-02,236.68
2010-07-03,237.78
2010-07-04,252.51
2010-07-05,268.15
2010-07-06,260.22
2010-07-07,240.55
2010-07-08,227.03
2010-07-09,214.28
2010-07-10,213.29
2010-07-11,212.3
2010-07-12,201.3
2010-07-13,191.75
2010-07-14,183.5
2010-07-15,175.6
2010-07-16,185.21
2010-07-17,203.17
2010-07-18,217.27
2010-07-19,265.69
2010-07-20,271.9
2010-07-21,256.04
2010-07-22,241.1
2010-07-23,224.42
2010-07-24,212.3
2010-07-25,203.64
2010-07-26,195.79
2010-07-27,187.8
2010-07-28,188.67
2010-07-29,203.64
2010-07-30,212.3
2010-07-31,208.89
2010-08-01,197.61
2010-08-02,184.78
2010-08-03,183.93
2010-08-04,186.07
2010-08-05,179.3
2010-08-06,170.0
2010-08-07,161.93
2010-08-08,155.68
2010-08-09,151.76
2010-08-10,146.91
2010-08-11,139.28
2010-08-12,135.14
2010-08-13,138.0
2010-08-14,139.93
2010-08-15,148.62
2010-08-16,186.07
2010-08-17,214.28
2010-08-18,210.84
2010-08-19,194.43
2010-08-20,179.3
2010-08-21,175.6
2010-08-22,174.79
2010-08-23,169.22
2010-08-24,172.78
2010-08-25,201.77
2010-08-26,218.28
2010-08-27,215.77
2010-08-28,207.93
2010-08-29,201.77
2010-08-30,243.34
2010-08-31,251.35
2010-09-01,229.67
2010-09-02,208.89
2010-09-03,193.54
2010-09-04,181.81
2010-09-05,170.4
2010-09-06,159.69
2010-09-07,152.11
2010-09-08,148.97
2010-09-09,145.89
2010-09-10,142.22
2010-09-11,140.25
2010-09-12,134.21
2010-09-13,131.43
2010-09-14,132.35
2010-09-15,133.28
2010-09-16,132.35
2010-09-17,128.72
2010-09-18,124.6
2010-09-19,121.18
2010-09-20,114.88
2010-09-21,110.17
2010-09-22,111.72
2010-09-23,118.12
2010-09-24,121.18
2010-09-25,118.67
2010-09-26,113.55
2010-09-27,119.23
2010-09-28,135.46
2010-09-29,141.56
2010-09-30,140.58
2010-10-01,156.4
2010-10-02,234.5
2010-10-03,242.22
2010-10-04,215.27
2010-10-05,193.98
2010-10-06,186.5
2010-10-07,183.5
2010-10-08,175.6
2010-10-09,166.88
2010-10-10,157.85
2010-10-11,148.97
2010-10-12,140.58
2010-10-13,133.28
2010-10-14,126.94
2010-10-15,124.31
2010-10-16,119.5
2010-10-17,113.82
2010-10-18,108.9
2010-10-19,104.2
2010-10-20,100.39
2010-10-21,98.31
2010-10-22,101.8
2010-10-23,104.44
2010-10-24,101.09
2010-10-25,95.61
2010-10-26,90.41
2010-10-27,89.57
2010-10-28,92.97
2010-10-29,93.41
2010-10-30,91.04
2010-10-31,90.83
2010-11-01,90.41
2010-11-02,87.51
2010-11-03,82.95
2010-11-04,90.41
2010-11-05,99.0
2010-11-06,101.33
2010-11-07,99.46
2010-11-08,94.28
2010-11-09,105.91
2010-11-10,119.5
2010-11-11,123.74
2010-11-12,123.17
2010-11-13,117.03
2010-11-14,110.94
2010-11-15,105.17
2010-11-16,101.57
2010-11-17,102.51
2010-11-18,105.41
2010-11-19,112.24
2010-11-20,122.03
2010-11-21,133.28
2010-11-22,160.44
2010-11-23,171.19
2010-11-24,166.88
2010-11-25,164.96
2010-11-26,166.49
2010-11-27,163.82
2010-11-28,170.0
2010-11-29,173.58
2010-11-30,163.44
2010-12-01,186.07
2010-12-02,198.99
2010-12-03,193.09
2010-12-04,178.47
2010-12-05,163.82
2010-12-06,152.11
2010-12-07,141.23
2010-12-08,132.35
2010-12-09,125.18
2010-12-10,118.12
2010-12-11,111.98
2010-12-12,106.65
2010-12-13,100.62
2010-12-14,94.72
2010-12-15,89.36
2010-12-16,85.3
2010-12-17,81.99
2010-12-18,78.07
2010-12-19,73.47
2010-12-20,69.31
2010-12-21,65.68
2010-12-22,61.95
2010-12-23,58.57
2010-12-24,55.36
2010-12-25,52.46
2010-12-26,49.58
2010-12-27,46.97
2010-12-28,44.6
2010-12-29,42.85
2010-12-30,41.66
2010-12-31,39.93
2011-01-01,38.08
2011-01-02,36.33
2011-01-03,34.73
2011-01-04,33.12
2011-01-05,31.66
2011-01-06,30.19
2011-01-07,28.79
2011-01-08,27.58
2011-01-09,26.48
2011-01-10,25.79
2011-01-11,24.41
2011-01-12,23.1
2011-01-13,22.01
2011-01-14,21.08
2011-01-15,20.13
2011-01-16,19.37
2011-01-17,18.63
2011-01-18,17.79
2011-01-19,17.03
2011-01-20,16.42
2011-01-21,15.9
2011-01-22,15.41
2011-01-23,14.92
2011-01-24,14.45
2011-01-25,14.03
2011-01-26,13.66
2011-01-27,13.39
2011-01-28,13.13
2011-01-29,12.84
2011-01-30,12.61
2011-01-31,13.0
2011-02-01,13.16
2011-02-02,12.96
2011-02-03,12.84
2011-02-04,13.06
2011-02-05,12.9
2011-02-06,12.46
2011-02-07,12.34
2011-02-08,12.27
2011-02-09,12.09
2011-02-10,11.97
2011-02-11,11.91
2011-02-12,11.85
2011-02-13,11.76
2011-02-14,11.65
2011-02-15,11.65
2011-02-16,11.68
2011-02-17,11.68
2011-02-18,11.65
2011-02-19,11.62
2011-02-20,11.59
2011-02-21,11.65
2011-02-22,13.03
2011-02-23,14.45
2011-02-24,14.96
2011-02-25,15.67
2011-02-26,17.2
2011-02-27,17.71
2011-02-28,16.5
2011-03-01,15.44
2011-03-02,14.74
2011-03-03,14.21
2011-03-04,13.86
2011-03-05,13.59
2011-03-06,13.39
2011-03-07,13.06
2011-03-08,12.8
2011-03-09,12.71
2011-03-10,12.61
2011-03-11,12.4
2011-03-12,12.09
2011-03-13,11.88
2011-03-14,11.88
2011-03-15,11.85
2011-03-16,11.76
2011-03-17,11.71
2011-03-18,11.65
2011-03-19,11.53
2011-03-20,11.47
2011-03-21,11.5
2011-03-22,11.5
2011-03-23,11.42
2011-03-24,11.65
2011-03-25,12.8
2011-03-26,14.49
2011-03-27,15.67
2011-03-28,17.71
2011-03-29,18.41
2011-03-30,16.95
2011-03-31,16.14
2011-04-01,16.02
2011-04-02,16.78
2011-04-03,17.84
2011-04-04,18.68
2011-04-05,19.65
2011-04-06,20.73
2011-04-07,20.73
2011-04-08,19.89
2011-04-09,19.7
2011-04-10,20.68
2011-04-11,22.07
2011-04-12,22.82
2011-04-13,23.15
2011-04-14,23.21
2011-04-15,23.55
2011-04-16,23.83
2011-04-17,24.23
2011-04-18,24.94
2011-04-19,26.29
2011-04-20,28.17
2011-04-21,34.4
2011-04-22,41.17
2011-04-23,49.12
2011-04-24,54.34
2011-04-25,53.7
2011-04-26,52.21
2011-04-27,50.29
2011-04-28,48.55
2011-04-29,47.75
2011-04-30,46.64
2011-05-01,45.77
2011-05-02,45.03
2011-05-03,44.39
2011-05-04,45.45
2011-05-05,46.53
2011-05-06,46.32
2011-05-07,45.24
2011-05-08,43.67
2011-05-09,41.66
2011-05-10,39.74
2011-05-11,37.99
2011-05-12,36.58
2011-05-13,35.56
2011-05-14,34.97
2011-05-15,35.64
2011-05-16,36.93
2011-05-17,38.17
2011-05-18,39.83
2011-05-19,40.5
2011-05-20,40.5
2011-05-21,40.69
2011-05-22,40.78
2011-05-23,40.21
2011-05-24,41.56
2011-05-25,42.75
2011-05-26,45.24
2011-05-27,48.32
2011-05-28,54.21
2011-05-29,59.53
2011-05-30,63.57
2011-05-31,65.83
2011-06-01,146.57
2011-06-02,222.36
2011-06-03,211.32
2011-06-04,185.21
2011-06-05,164.96
2011-06-06,153.17
2011-06-07,145.55
2011-06-08,137.04
2011-06-09,129.92
2011-06-10,125.47
2011-06-11,123.17
2011-06-12,118.95
2011-06-13,117.3
2011-06-14,146.23
2011-06-15,158.96
2011-06-16,154.96
2011-06-17,169.22
2011-06-18,173.18
2011-06-19,164.58
2011-06-20,154.96
2011-06-21,145.89
2011-06-22,138.0
2011-06-23,131.13
2011-06-24,125.77
2011-06-25,124.89
2011-06-26,127.82
2011-06-27,131.13
2011-06-28,131.43
2011-06-29,126.06
2011-06-30,119.78
2011-07-01,119.23
2011-07-02,119.78
2011-07-03,114.88
2011-07-04,113.82
2011-07-05,138.0
2011-07-06,151.05
2011-07-07,149.66
2011-07-08,144.88
2011-07-09,138.32
2011-07-10,131.74
2011-07-11,128.42
2011-07-12,139.28
2011-07-13,146.57
2011-07-14,147.59
2011-07-15,168.04
2011-07-16,228.09
2011-07-17,276.97
2011-07-18,283.45
2011-07-19,288.07
2011-07-20,275.69
2011-07-21,254.86
2011-07-22,239.44
2011-07-23,225.46
2011-07-24,220.31
2011-07-25,224.42
2011-07-26,228.61
2011-07-27,228.09
2011-07-28,225.46
2011-07-29,221.84
2011-07-30,217.78
2011-07-31,212.8
2011-08-01,202.7
2011-08-02,195.79
2011-08-03,195.79
2011-08-04,195.79
2011-08-05,205.54
2011-08-06,225.46
2011-08-07,228.09
2011-08-08,221.84
2011-08-09,219.29
2011-08-10,214.77
2011-08-11,206.49
2011-08-12,202.24
2011-08-13,197.15
2011-08-14,186.93
2011-08-15,176.83
2011-08-16,171.58
2011-08-17,173.58
2011-08-18,187.8
2011-08-19,200.84
2011-08-20,225.99
2011-08-21,232.35
2011-08-22,227.56
2011-08-23,224.42
2011-08-24,219.29
2011-08-25,212.8
2011-08-26,206.97
2011-08-27,198.53
2011-08-28,190.43
2011-08-29,184.78
2011-08-30,190.43
2011-08-31,256.04
2011-09-01,282.79
2011-09-02,301.0
2011-09-03,291.42
2011-09-04,271.27
2011-09-05,251.93
2011-09-06,235.59
2011-09-07,223.91
2011-09-08,211.32
2011-09-09,202.24
2011-09-10,196.24
2011-09-11,192.2
2011-09-12,194.43
2011-09-13,231.81
2011-09-14,268.15
2011-09-15,276.33
2011-09-16,262.63
2011-09-17,242.22
2011-09-18,223.39
2011-09-19,207.45
2011-09-20,195.79
2011-09-21,189.11
2011-09-22,181.39
2011-09-23,171.19
2011-09-24,160.44
2011-09-25,150.71
2011-09-26,141.89
2011-09-27,133.28
2011-09-28,125.18
2011-09-29,117.58
2011-09-30,111.2
2011-10-01,106.65
2011-10-02,102.51
2011-10-03,97.17
2011-10-04,91.68
2011-10-05,86.3
2011-10-06,81.41
2011-10-07,77.16
2011-10-08,73.3
2011-10-09,69.31
2011-10-10,66.3
2011-10-11,64.92
2011-10-12,63.86
2011-10-13,63.12
2011-10-14,64.01
2011-10-15,66.3
2011-10-16,72.45
2011-10-17,79.72
2011-10-18,81.41
2011-10-19,81.22
2011-10-20,81.04
2011-10-21,82.37
2011-10-22,85.3
2011-10-23,84.31
2011-10-24,82.37
2011-10-25,82.75
2011-10-26,84.9
2011-10-27,89.57
2011-10-28,94.06
2011-10-29,96.5
2011-10-30,102.99
2011-10-31,108.4
2011-11-01,158.96
2011-11-02,173.58
2011-11-03,158.59
2011-11-04,147.59
2011-11-05,142.55
2011-11-06,143.21
2011-11-07,143.21
2011-11-08,141.23
2011-11-09,132.97
2011-11-10,124.03
2011-11-11,116.22
2011-11-12,109.92
2011-11-13,103.71
2011-11-14,97.63
2011-11-15,91.9
2011-11-16,86.3
2011-11-17,81.41
2011-11-18,76.98
2011-11-19,72.62
2011-11-20,68.66
2011-11-21,65.07
2011-11-22,61.37
2011-11-23,57.88
2011-11-24,54.98
2011-11-25,54.34
2011-11-26,57.48
2011-11-27,61.81
2011-11-28,65.07
2011-11-29,65.99
2011-11-30,64.92
2011-12-01,62.53
2011-12-02,59.67
2011-12-03,56.68
2011-12-04,53.95
2011-12-05,51.84
2011-12-06,49.23
2011-12-07,46.64
2011-12-08,44.29
2011-12-09,42.15
2011-12-10,40.11
2011-12-11,38.08
2011-12-12,36.24
2011-12-13,34.48
2011-12-14,33.2
2011-12-15,31.66
2011-12-16,30.19
2011-12-17,28.85
2011-12-18,27.58
2011-12-19,26.54
2011-12-20,25.79
2011-12-21,24.7
2011-12-22,23.55
2011-12-23,22.77
2011-12-24,21.86
2011-12-25,21.03
2011-12-26,20.28
2011-12-27,19.65
2011-12-28,19.09
2011-12-29,18.54
2011-12-30,18.63
2011-12-31,21.44
2012-01-01,24.12
2012-01-02,23.66
2012-01-03,22.39
2012-01-04,21.34
2012-01-05,20.48
2012-01-06,19.7
2012-01-07,19.04
2012-01-08,18.45
2012-01-09,17.88
2012-01-10,17.49
2012-01-11,16.38
2012-01-12,15.56
2012-01-13,15.07
2012-01-14,14.63
2012-01-15,14.17
2012-01-16,13.76
2012-01-17,13.42
2012-01-18,13.06
2012-01-19,12.77
2012-01-20,12.71
2012-01-21,12.74
2012-01-22,12.61
2012-01-23,12.46
2012-01-24,12.21
2012-01-25,12.03
2012-01-26,11.82
2012-01-27,11.65
2012-01-28,11.65
2012-01-29,11.62
2012-01-30,11.53
2012-01-31,12.12
2012-02-01,12.4
2012-02-02,12.34
2012-02-03,12.27
2012-02-04,12.21
2012-02-05,12.18
2012-02-06,12.15
2012-02-07,12.09
2012-02-08,12.03
2012-02-09,12.0
2012-02-10,12.03
2012-02-11,12.21
2012-02-12,12.3
2012-02-13,12.12
2012-02-14,11.94
2012-02-15,11.91
2012-02-16,11.85
2012-02-17,11.79
2012-02-18,11.71
2012-02-19,11.56
2012-02-20,11.5
2012-02-21,11.47
2012-02-22,11.47
2012-02-23,11.47
2012-02-24,11.45
2012-02-25,11.3
2012-02-26,11.25
2012-02-27,11.25
2012-02-28,11.25
2012-02-29,11.25
2012-03-01,11.22
2012-03-02,11.25
2012-03-03,11.3
2012-03-04,11.33
2012-03-05,11.27
2012-03-06,11.3
2012-03-07,11.39
2012-03-08,11.79
2012-03-09,11.85
2012-03-10,11.68
2012-03-11,11.53
2012-03-12,11.42
2012-03-13,11.39
2012-03-14,11.22
2012-03-15,11.19
2012-03-16,11.53
2012-03-17,11.91
2012-03-18,11.59
2012-03-19,11.33
2012-03-20,11.27
2012-03-21,11.27
2012-03-22,11.47
2012-03-23,11.56
2012-03-24,11.27
2012-03-25,10.97
2012-03-26,10.89
2012-03-27,10.94
2012-03-28,11.62
2012-03-29,12.52
2012-03-30,12.46
2012-03-31,12.0
2012-04-01,11.71
2012-04-02,11.62
2012-04-03,11.42
2012-04-04,11.5
2012-04-05,11.56
2012-04-06,11.91
2012-04-07,12.03
2012-04-08,13.06
2012-04-09,13.93
2012-04-10,14.0
2012-04-11,13.79
2012-04-12,13.69
2012-04-13,13.69
2012-04-14,13.72
2012-04-15,13.79
2012-04-16,13.52
2012-04-17,13.42
2012-04-18,13.49
2012-04-19,13.55
2012-04-20,13.69
2012-04-21,14.6
2012-04-22,15.44
2012-04-23,15.71
2012-04-24,17.54
2012-04-25,19.04
2012-04-26,22.12
2012-04-27,24.0
2012-04-28,23.27
2012-04-29,22.17
2012-04-30,21.7
2012-05-01,22.17
2012-05-02,22.44
2012-05-03,22.82
2012-05-04,23.43
2012-05-05,24.18
2012-05-06,24.29
2012-05-07,23.32
2012-05-08,22.66
2012-05-09,22.66
2012-05-10,23.27
2012-05-11,25.49
2012-05-12,29.13
2012-05-13,30.99
2012-05-14,30.62
2012-05-15,30.41
2012-05-16,30.7
2012-05-17,30.84
2012-05-18,30.48
2012-05-19,30.41
2012-05-20,30.77
2012-05-21,31.14
2012-05-22,31.28
2012-05-23,30.99
2012-05-24,30.62
2012-05-25,29.83
2012-05-26,29.69
2012-05-27,30.48
2012-05-28,30.7
2012-05-29,30.33
2012-05-30,30.62
2012-05-31,30.92
2012-06-01,30.77
2012-06-02,31.06
2012-06-03,32.34
2012-06-04,33.99
2012-06-05,37.19
2012-06-06,40.78
2012-06-07,44.19
2012-06-08,45.24
2012-06-09,44.39
2012-06-10,43.16
2012-06-11,41.95
2012-06-12,41.95
2012-06-13,47.87
2012-06-14,56.02
2012-06-15,61.37
2012-06-16,70.29
2012-06-17,117.03
2012-06-18,156.4
2012-06-19,153.88
2012-06-20,141.23
2012-06-21,130.83
2012-06-22,124.31
2012-06-23,119.78
2012-06-24,113.55
2012-06-25,106.89
2012-06-26,103.47
2012-06-27,105.41
2012-06-28,108.65
2012-06-29,113.29
2012-06-30,114.88
2012-07-01,116.22
2012-07-02,130.22
2012-07-03,138.96
2012-07-04,139.28
2012-07-05,133.9
2012-07-06,127.23
2012-07-07,121.74
2012-07-08,120.06
2012-07-09,132.97
2012-07-10,145.22
2012-07-11,149.31
2012-07-12,148.28
2012-07-13,141.23
2012-07-14,135.77
2012-07-15,131.74
2012-07-16,126.94
2012-07-17,122.88
2012-07-18,119.23
2012-07-19,115.41
2012-07-20,111.46
2012-07-21,110.94
2012-07-22,112.24
2012-07-23,114.88
2012-07-24,117.03
2012-07-25,116.22
2012-07-26,116.76
2012-07-27,114.61
2012-07-28,111.2
2012-07-29,106.4
2012-07-30,102.04
2012-07-31,97.17
2012-08-01,92.97
2012-08-02,88.33
2012-08-03,85.9
2012-08-04,83.92
2012-08-05,82.75
2012-08-06,81.41
2012-08-07,81.41
2012-08-08,82.18
2012-08-09,95.83
2012-08-10,115.41
2012-08-11,149.31
2012-08-12,171.58
2012-08-13,168.04
2012-08-14,154.96
2012-08-15,144.55
2012-08-16,138.64
2012-08-17,157.12
2012-08-18,166.88
2012-08-19,160.06
2012-08-20,149.31
2012-08-21,139.28
2012-08-22,132.05
2012-08-23,128.72
2012-08-24,125.77
2012-08-25,129.62
2012-08-26,135.46
2012-08-27,136.4
2012-08-28,133.28
2012-08-29,146.91
2012-08-30,173.58
2012-08-31,189.99
2012-09-01,194.88
2012-09-02,192.64
2012-09-03,191.75
2012-09-04,189.11
2012-09-05,180.97
2012-09-06,170.79
2012-09-07,161.93
2012-09-08,155.68
2012-09-09,151.05
2012-09-10,147.59
2012-09-11,142.88
2012-09-12,136.09
2012-09-13,130.22
2012-09-14,125.47
2012-09-15,121.46
2012-09-16,118.95
2012-09-17,113.55
2012-09-18,107.64
2012-09-19,102.04
2012-09-20,96.5
2012-09-21,91.26
2012-09-22,86.5
2012-09-23,82.18
2012-09-24,77.52
2012-09-25,73.13
2012-09-26,69.15
2012-09-27,65.37
2012-09-28,62.53
2012-09-29,59.81
2012-09-30,57.61
2012-10-01,55.36
2012-10-02,53.33
2012-10-03,50.88
2012-10-04,48.43
2012-10-05,45.77
2012-10-06,43.36
2012-10-07,42.05
2012-10-08,42.05
2012-10-09,41.36
2012-10-10,41.27
2012-10-11,44.39
2012-10-12,46.64
2012-10-13,50.05
2012-10-14,72.45
2012-10-15,87.72
2012-10-16,83.92
2012-10-17,80.28
2012-10-18,77.34
2012-10-19,82.75
2012-10-20,133.59
2012-10-21,146.91
2012-10-22,136.4
2012-10-23,130.22
2012-10-24,127.82
2012-10-25,124.89
2012-10-26,118.4
2012-10-27,111.46
2012-10-28,104.93
2012-10-29,98.77
2012-10-30,93.19
2012-10-31,88.54
2012-11-01,86.9
2012-11-02,83.92
2012-11-03,79.72
2012-11-04,75.38
2012-11-05,70.94
2012-11-06,66.92
2012-11-07,64.31
2012-11-08,65.07
2012-11-09,65.07
2012-11-10,62.53
2012-11-11,59.26
2012-11-12,56.28
2012-11-13,53.83
2012-11-14,51.24
2012-11-15,48.55
2012-11-16,45.99
2012-11-17,43.57
2012-11-18,41.36
2012-11-19,39.27
2012-11-20,37.28
2012-11-21,35.48
2012-11-22,34.24
2012-11-23,33.99
2012-11-24,36.5
2012-11-25,39.36
2012-11-26,38.45
2012-11-27,36.15
2012-11-28,34.4
2012-11-29,32.73
2012-11-30,31.14
2012-12-01,29.69
2012-12-02,28.24
2012-12-03,27.12
2012-12-04,26.42
2012-12-05,25.42
2012-12-06,24.41
2012-12-07,23.49
2012-12-08,22.44
2012-12-09,21.65
2012-12-10,20.93
2012-12-11,20.13
2012-12-12,19.42
2012-12-13,18.82
2012-12-14,18.28
2012-12-15,17.79
2012-12-16,17.28
2012-12-17,16.86
2012-12-18,16.46
2012-12-19,16.02
2012-12-20,15.6
2012-12-21,15.26
2012-12-22,14.96
2012-12-23,14.67
2012-12-24,14.35
2012-12-25,14.14
2012-12-26,14.03
2012-12-27,13.96
2012-12-28,14.21
2012-12-29,14.31
2012-12-30,14.07
2012-12-31,14.0
2013-01-01,13.89
2013-01-02,13.62
2013-01-03,13.42
2013-01-04,13.29
2013-01-05,13.16
2013-01-06,13.03
2013-01-07,13.0
2013-01-08,13.13
2013-01-09,13.19
2013-01-10,12.96
2013-01-11,11.36
2013-01-12,10.4
2013-01-13,10.04
2013-01-14,9.86
2013-01-15,9.76
2013-01-16,9.59
2013-01-17,9.45
2013-01-18,9.35
2013-01-19,9.26
2013-01-20,9.16
2013-01-21,9.64
2013-01-22,9.96
2013-01-23,10.02
2013-01-24,9.99
2013-01-25,9.91
2013-01-26,9.89
2013-01-27,9.91
2013-01-28,9.91
2013-01-29,9.94
2013-01-30,9.86
2013-01-31,10.43
2013-02-01,10.78
2013-02-02,10.8
2013-02-03,10.78
2013-02-04,10.83
2013-02-05,10.91
2013-02-06,11.22
2013-02-07,11.5
2013-02-08,11.47
2013-02-09,11.42
2013-02-10,11.19
2013-02-11,10.99
2013-02-12,10.99
2013-02-13,11.22
2013-02-14,12.18
2013-02-15,13.03
2013-02-16,12.55
2013-02-17,12.06
2013-02-18,12.09
2013-02-19,12.43
2013-02-20,12.24
2013-02-21,11.68
2013-02-22,11.39
2013-02-23,11.19
2013-02-24,11.05
2013-02-25,10.97
2013-02-26,10.91
2013-02-27,10.83
2013-02-28,10.78
2013-03-01,10.72
2013-03-02,10.69
2013-03-03,10.61
2013-03-04,10.56
2013-03-05,11.13
2013-03-06,11.59
2013-03-07,11.47
2013-03-08,11.39
2013-03-09,12.68
2013-03-10,14.17
2013-03-11,14.45
2013-03-12,14.07
2013-03-13,13.13
2013-03-14,12.34
2013-03-15,11.82
2013-03-16,12.71
2013-03-17,15.0
2013-03-18,15.63
2013-03-19,14.6
2013-03-20,13.66
2013-03-21,13.06
2013-03-22,12.65
2013-03-23,12.49
2013-03-24,12.3
2013-03-25,12.8
2013-03-26,15.0
2013-03-27,16.42
2013-03-28,16.06
2013-03-29,15.33
2013-03-30,14.78
2013-03-31,14.45
2013-04-01,14.17
2013-04-02,14.1
2013-04-03,14.1
2013-04-04,14.0
2013-04-05,13.79
2013-04-06,14.17
2013-04-07,14.78
2013-04-08,15.26
2013-04-09,16.58
2013-04-10,17.24
2013-04-11,16.95
2013-04-12,16.5
2013-04-13,16.18
2013-04-14,15.83
2013-04-15,16.06
2013-04-16,16.46
2013-04-17,16.5
2013-04-18,16.54
2013-04-19,16.34
2013-04-20,16.14
2013-04-21,16.02
2013-04-22,16.02
2013-04-23,16.7
2013-04-24,17.88
2013-04-25,19.32
2013-04-26,19.99
2013-04-27,20.09
2013-04-28,20.53
2013-04-29,21.34
2013-04-30,22.01
2013-05-01,22.28
2013-05-02,22.07
2013-05-03,21.7
2013-05-04,21.7
2013-05-05,21.91
2013-05-06,22.39
2013-05-07,23.49
2013-05-08,24.35
2013-05-09,24.41
2013-05-10,24.0
2013-05-11,23.6
2013-05-12,22.93
2013-05-13,23.27
2013-05-14,23.83
2013-05-15,23.38
2013-05-16,22.33
2013-05-17,21.34
2013-05-18,20.53
2013-05-19,19.99
2013-05-20,20.48
2013-05-21,21.44
2013-05-22,21.49
2013-05-23,21.54
2013-05-24,22.12
2013-05-25,23.6
2013-05-26,25.92
2013-05-27,28.31
2013-05-28,29.97
2013-05-29,30.33
2013-05-30,29.62
2013-05-31,31.36
2013-06-01,35.31
2013-06-02,41.36
2013-06-03,51.6
2013-06-04,57.21
2013-06-05,55.75
2013-06-06,59.12
2013-06-07,75.91
2013-06-08,92.33
2013-06-09,96.95
2013-06-10,96.95
2013-06-11,148.97
2013-06-12,200.37
2013-06-13,206.01
2013-06-14,198.99
2013-06-15,210.84
2013-06-16,228.09
2013-06-17,246.74
2013-06-18,284.76
2013-06-19,363.75
2013-06-20,394.37
2013-06-21,378.31
2013-06-22,399.87
2013-06-23,397.11
2013-06-24,379.19
2013-06-25,364.59
2013-06-26,357.1
2013-06-27,349.75
2013-06-28,334.74
2013-06-29,313.77
2013-06-30,298.92
2013-07-01,290.74
2013-07-02,297.54
2013-07-03,299.61
2013-07-04,291.42
2013-07-05,280.19
2013-07-06,266.3
2013-07-07,254.27
2013-07-08,248.46
2013-07-09,245.6
2013-07-10,262.63
2013-07-11,266.3
2013-07-12,254.86
2013-07-13,243.34
2013-07-14,231.81
2013-07-15,223.39
2013-07-16,218.28
2013-07-17,214.77
2013-07-18,218.28
2013-07-19,230.21
2013-07-20,242.22
2013-07-21,253.1
2013-07-22,266.92
2013-07-23,266.92
2013-07-24,271.27
2013-07-25,278.9
2013-07-26,273.16
2013-07-27,261.42
2013-07-28,249.03
2013-07-29,238.33
2013-07-30,224.42
2013-07-31,217.78
2013-08-01,220.82
2013-08-02,224.42
2013-08-03,230.21
2013-08-04,331.66
2013-08-05,405.44
2013-08-06,382.71
2013-08-07,341.77
2013-08-08,309.46
2013-08-09,288.07
2013-08-10,273.16
2013-08-11,258.42
2013-08-12,243.91
2013-08-13,230.74
2013-08-14,218.79
2013-08-15,206.01
2013-08-16,195.34
2013-08-17,186.5
2013-08-18,180.13
2013-08-19,175.2
2013-08-20,168.43
2013-08-21,166.88
2013-08-22,161.93
2013-08-23,154.24
2013-08-24,146.91
2013-08-25,139.6
2013-08-26,132.66
2013-08-27,125.77
2013-08-28,119.5
2013-08-29,114.35
2013-08-30,111.2
2013-08-31,108.9
2013-09-01,108.14
2013-09-02,108.9
2013-09-03,107.14
2013-09-04,104.68
2013-09-05,100.86
2013-09-06,99.23
2013-09-07,104.2
2013-09-08,110.17
2013-09-09,113.29
2013-09-10,111.98
2013-09-11,109.66
2013-09-12,109.92
2013-09-13,113.02
2013-09-14,113.82
2013-09-15,113.55
2013-09-16,117.3
2013-09-17,156.76
2013-09-18,172.38
2013-09-19,170.4
2013-09-20,171.19
2013-09-21,169.22
2013-09-22,160.44
2013-09-23,150.71
2013-09-24,140.91
2013-09-25,132.35
2013-09-26,124.6
2013-09-27,117.03
2013-09-28,109.92
2013-09-29,104.2
2013-09-30,99.46
2013-10-01,98.31
2013-10-02,94.28
2013-10-03,89.99
2013-10-04,86.1
2013-10-05,81.6
2013-10-06,77.7
2013-10-07,73.64
2013-10-08,72.45
2013-10-09,72.96
2013-10-10,71.44
2013-10-11,68.02
2013-10-12,64.92
2013-10-13,62.83
2013-10-14,61.37
2013-10-15,58.84
2013-10-16,58.57
2013-10-17,62.68
2013-10-18,78.98
2013-10-19,100.39
2013-10-20,108.9
2013-10-21,107.14
2013-10-22,101.09
2013-10-23,95.83
2013-10-24,91.26
2013-10-25,87.72
2013-10-26,84.11
2013-10-27,79.54
2013-10-28,74.68
2013-10-29,70.29
2013-10-30,67.55
2013-10-31,68.5
2013-11-01,68.98
2013-11-02,67.08
2013-11-03,65.07
2013-11-04,62.97
2013-11-05,60.24
2013-11-06,57.08
2013-11-07,54.21
2013-11-08,51.72
2013-11-09,49.12
2013-11-10,46.42
2013-11-11,44.08
2013-11-12,42.35
2013-11-13,42.45
2013-11-14,42.85
2013-11-15,41.36
2013-11-16,39.93
2013-11-17,40.21
2013-11-18,41.07
2013-11-19,42.15
2013-11-20,42.75
2013-11-21,41.76
2013-11-22,40.59
2013-11-23,40.59
2013-11-24,41.27
2013-11-25,40.98
2013-11-26,39.55
2013-11-27,38.08
2013-11-28,37.02
2013-11-29,35.9
2013-11-30,34.89
2013-12-01,34.32
2013-12-02,35.64
2013-12-03,36.58
2013-12-04,35.48
2013-12-05,33.67
2013-12-06,31.89
2013-12-07,30.33
2013-12-08,28.85
2013-12-09,27.91
2013-12-10,27.12
2013-12-11,26.23
2013-12-12,25.3
2013-12-13,24.82
2013-12-14,24.29
2013-12-15,23.49
2013-12-16,22.82
2013-12-17,22.07
2013-12-18,21.23
2013-12-19,20.48
2013-12-20,19.7
2013-12-21,18.95
2013-12-22,18.36
2013-12-23,17.75
2013-12-24,17.11
2013-12-25,16.66
2013-12-26,16.22
2013-12-27,15.79
2013-12-28,15.41
2013-12-29,15.03
2013-12-30,14.63
2013-12-31,14.31
2014-01-01,14.07
2014-01-02,13.86
2014-01-03,13.62
2014-01-04,13.39
2014-01-05,13.16
2014-01-06,13.0
2014-01-07,12.87
2014-01-08,12.96
2014-01-09,12.96
2014-01-10,12.71
2014-01-11,11.39
2014-01-12,10.51
2014-01-13,10.25
2014-01-14,10.07
2014-01-15,9.96
2014-01-16,9.91
2014-01-17,9.86
2014-01-18,9.74
2014-01-19,9.54
2014-01-20,9.4
2014-01-21,9.67
2014-01-22,9.81
2014-01-23,9.86
2014-01-24,9.84
2014-01-25,9.86
2014-01-26,9.81
2014-01-27,9.79
2014-01-28,9.79
2014-01-29,9.74
2014-01-30,9.74
2014-01-31,10.38
2014-02-01,10.75
2014-02-02,10.89
2014-02-03,10.83
2014-02-04,10.8
2014-02-05,10.8
2014-02-06,10.72
2014-02-07,10.67
2014-02-08,10.69
2014-02-09,10.78
2014-02-10,10.78
2014-02-11,10.72
2014-02-12,11.25
2014-02-13,11.59
2014-02-14,11.3
2014-02-15,11.3
2014-02-16,11.27
2014-02-17,11.05
2014-02-18,11.19
2014-02-19,11.3
2014-02-20,11.11
2014-02-21,10.99
2014-02-22,10.97
2014-02-23,10.97
2014-02-24,10.8
2014-02-25,10.72
2014-02-26,10.61
2014-02-27,10.56
2014-02-28,10.67
2014-03-01,10.8
2014-03-02,10.89
2014-03-03,10.83
2014-03-04,10.89
2014-03-05,10.89
2014-03-06,10.94
2014-03-07,10.91
2014-03-08,10.72
2014-03-09,10.72
2014-03-10,10.78
2014-03-11,10.59
2014-03-12,10.38
2014-03-13,10.32
2014-03-14,10.25
2014-03-15,10.22
2014-03-16,10.19
2014-03-17,10.12
2014-03-18,10.19
2014-03-19,10.22
2014-03-20,10.99
2014-03-21,11.62
2014-03-22,11.19
2014-03-23,10.78
2014-03-24,10.48
2014-03-25,10.25
2014-03-26,10.17
2014-03-27,10.09
2014-03-28,10.09
2014-03-29,10.04
2014-03-30,9.99
2014-03-31,10.09
2014-04-01,10.19
2014-04-02,10.22
2014-04-03,10.17
2014-04-04,10.09
2014-04-05,10.27
2014-04-06,11.56
2014-04-07,13.03
2014-04-08,13.22
2014-04-09,13.69
2014-04-10,14.63
2014-04-11,15.22
2014-04-12,15.44
2014-04-13,14.92
2014-04-14,14.56
2014-04-15,14.35
2014-04-16,14.28
2014-04-17,14.78
2014-04-18,15.11
2014-04-19,15.07
2014-04-20,14.89
2014-04-21,14.78
2014-04-22,14.85
2014-04-23,14.81
2014-04-24,15.26
2014-04-25,15.6
2014-04-26,15.52
2014-04-27,15.48
2014-04-28,15.6
2014-04-29,15.98
2014-04-30,16.26
2014-05-01,16.22
2014-05-02,16.26
2014-05-03,16.82
2014-05-04,17.79
2014-05-05,18.45
2014-05-06,24.29
2014-05-07,46.42
2014-05-08,61.52
2014-05-09,57.21
2014-05-10,49.35
2014-05-11,44.19
2014-05-12,41.56
2014-05-13,41.17
2014-05-14,41.46
2014-05-15,39.93
2014-05-16,37.64
2014-05-17,35.48
2014-05-18,33.43
2014-05-19,31.96
2014-05-20,31.28
2014-05-21,31.43
2014-05-22,31.58
2014-05-23,31.51
2014-05-24,32.19
2014-05-25,33.75
2014-05-26,33.28
2014-05-27,31.66
2014-05-28,30.84
2014-05-29,31.06
2014-05-30,31.36
2014-05-31,30.7
2014-06-01,30.48
2014-06-02,33.43
2014-06-03,38.45
2014-06-04,40.59
2014-06-05,41.17
2014-06-06,44.39
2014-06-07,49.35
2014-06-08,51.6
2014-06-09,55.89
2014-06-10,61.95
2014-06-11,66.14
2014-06-12,67.71
2014-06-13,70.78
2014-06-14,69.79
2014-06-15,66.61
2014-06-16,64.31
2014-06-17,66.3
2014-06-18,72.45
2014-06-19,79.72
2014-06-20,89.78
2014-06-21,97.63
2014-06-22,99.23
2014-06-23,96.27
2014-06-24,93.41
2014-06-25,90.62
2014-06-26,87.1
2014-06-27,83.53
2014-06-28,80.47
2014-06-29,77.7
2014-06-30,75.56
2014-07-01,76.62
2014-07-02,80.28
2014-07-03,77.89
2014-07-04,75.91
2014-07-05,83.53
2014-07-06,92.11
2014-07-07,94.72
2014-07-08,98.77
2014-07-09,102.04
2014-07-10,113.29
2014-07-11,123.45
2014-07-12,138.0
2014-07-13,158.22
2014-07-14,200.37
2014-07-15,225.46
2014-07-16,217.27
2014-07-17,199.45
2014-07-18,184.78
2014-07-19,180.13
2014-07-20,177.65
2014-07-21,174.39
2014-07-22,175.6
2014-07-23,178.89
2014-07-24,176.83
2014-07-25,169.61
2014-07-26,163.06
2014-07-27,168.82
2014-07-28,174.39
2014-07-29,171.58
2014-07-30,165.34
2014-07-31,169.61
2014-08-01,239.99
2014-08-02,250.19
2014-08-03,232.88
2014-08-04,221.84
2014-08-05,219.29
2014-08-06,216.27
2014-08-07,207.45
2014-08-08,213.29
2014-08-09,217.27
2014-08-10,221.84
2014-08-11,228.61
2014-08-12,226.51
2014-08-13,216.77
2014-08-14,206.01
2014-08-15,198.99
2014-08-16,188.23
2014-08-17,177.24
2014-08-18,172.78
2014-08-19,173.58
2014-08-20,173.58
2014-08-21,178.89
2014-08-22,222.36
2014-08-23,232.88
2014-08-24,219.8
2014-08-25,202.24
2014-08-26,186.93
2014-08-27,174.79
2014-08-28,165.72
2014-08-29,169.61
2014-08-30,198.99
2014-08-31,213.29
2014-09-01,211.81
2014-09-02,217.78
2014-09-03,268.77
2014-09-04,270.64
2014-09-05,249.03
2014-09-06,230.74
2014-09-07,216.77
2014-09-08,205.54
2014-09-09,194.43
2014-09-10,183.93
2014-09-11,173.18
2014-09-12,162.68
2014-09-13,153.53
2014-09-14,148.28
2014-09-15,145.22
2014-09-16,140.25
2014-09-17,133.28
2014-09-18,126.35
2014-09-19,120.34
2014-09-20,114.35
2014-09-21,108.65
2014-09-22,104.93
2014-09-23,104.93
2014-09-24,105.17
2014-09-25,113.02
2014-09-26,123.45
2014-09-27,127.53
2014-09-28,129.02
2014-09-29,143.88
2014-09-30,158.96
2014-10-01,161.93
2014-10-02,154.96
2014-10-03,145.55
2014-10-04,139.28
2014-10-05,135.14
2014-10-06,132.05
2014-10-07,129.92
2014-10-08,126.06
2014-10-09,121.18
2014-10-10,116.22
2014-10-11,112.76
2014-10-12,112.76
2014-10-13,110.94
2014-10-14,109.92
2014-10-15,116.49
2014-10-16,118.4
2014-10-17,116.76
2014-10-18,159.32
2014-10-19,180.13
2014-10-20,172.78
2014-10-21,165.34
2014-10-22,174.79
2014-10-23,202.7
2014-10-24,208.89
2014-10-25,199.91
2014-10-26,190.43
2014-10-27,183.08
2014-10-28,177.65
2014-10-29,173.98
2014-10-30,170.4
2014-10-31,162.31
2014-11-01,153.17
2014-11-02,144.55
2014-11-03,139.28
2014-11-04,133.9
2014-11-05,127.53
2014-11-06,120.34
2014-11-07,113.29
2014-11-08,106.65
2014-11-09,100.86
2014-11-10,95.83
2014-11-11,92.76
2014-11-12,90.41
2014-11-13,88.74
2014-11-14,87.72
2014-11-15,87.72
2014-11-16,84.9
2014-11-17,80.1
2014-11-18,75.38
2014-11-19,71.11
2014-11-20,66.92
2014-11-21,64.31
2014-11-22,62.83
2014-11-23,62.24
2014-11-24,60.24
2014-11-25,57.34
2014-11-26,53.95
2014-11-27,51.24
2014-11-28,49.35
2014-11-29,48.2
2014-11-30,47.08
2014-12-01,47.19
2014-12-02,50.29
2014-12-03,51.24
2014-12-04,48.89
2014-12-05,46.1
2014-12-06,43.46
2014-12-07,41.07
2014-12-08,39.09
2014-12-09,38.17
2014-12-10,39.27
2014-12-11,42.25
2014-12-12,43.98
2014-12-13,43.98
2014-12-14,43.98
2014-12-15,43.16
2014-12-16,41.27
2014-12-17,39.27
2014-12-18,38.08
2014-12-19,37.02
2014-12-20,35.48
2014-12-21,33.75
2014-12-22,32.11
2014-12-23,30.55
2014-12-24,29.13
2014-12-25,27.84
2014-12-26,26.86
2014-12-27,26.04
2014-12-28,25.24
2014-12-29,24.59
2014-12-30,24.53
2014-12-31,25.06
2015-01-01,25.85
2015-01-02,25.85
2015-01-03,24.88
2015-01-04,23.77
2015-01-05,22.71
2015-01-06,21.8
2015-01-07,20.88
2015-01-08,20.28
2015-01-09,19.99
2015-01-10,19.37
2015-01-11,17.79
2015-01-12,16.66
2015-01-13,15.98
2015-01-14,15.41
2015-01-15,14.85
2015-01-16,14.31
2015-01-17,13.89
2015-01-18,13.42
2015-01-19,12.93
2015-01-20,12.61
2015-01-21,12.43
2015-01-22,12.21
2015-01-23,11.94
2015-01-24,11.74
2015-01-25,11.56
2015-01-26,11.3
2015-01-27,11.11
2015-01-28,10.97
2015-01-29,10.91
2015-01-30,10.89
2015-01-31,11.3
2015-02-01,11.5
2015-02-02,11.47
2015-02-03,11.33
2015-02-04,11.33
2015-02-05,11.47
2015-02-06,11.33
2015-02-07,11.13
2015-02-08,11.13
2015-02-09,11.13
2015-02-10,11.16
2015-02-11,11.13
2015-02-12,11.05
2015-02-13,11.11
2015-02-14,11.11
2015-02-15,11.02
2015-02-16,10.94
2015-02-17,10.91
2015-02-18,10.91
2015-02-19,10.94
2015-02-20,10.89
2015-02-21,10.8
2015-02-22,10.78
2015-02-23,10.75
2015-02-24,10.75
2015-02-25,10.78
2015-02-26,10.94
2015-02-27,10.99
2015-02-28,11.53
2015-03-01,12.03
2015-03-02,12.15
2015-03-03,13.49
2015-03-04,14.31
2015-03-05,13.66
2015-03-06,13.66
2015-03-07,14.45
2015-03-08,15.26
2015-03-09,15.33
2015-03-10,14.7
2015-03-11,14.07
2015-03-12,13.52
2015-03-13,13.16
2015-03-14,13.52
2015-03-15,15.11
2015-03-16,17.11
2015-03-17,17.32
2015-03-18,16.5
2015-03-19,15.63
2015-03-20,14.92
2015-03-21,14.35
2015-03-22,13.86
2015-03-23,13.52
2015-03-24,13.32
2015-03-25,13.03
2015-03-26,12.77
2015-03-27,12.58
2015-03-28,12.34
2015-03-29,12.24
2015-03-30,12.09
2015-03-31,12.0
2015-04-01,13.39
2015-04-02,15.07
2015-04-03,15.22
2015-04-04,15.03
2015-04-05,15.07
2015-04-06,15.33
2015-04-07,16.54
2015-04-08,18.32
2015-04-09,20.98
2015-04-10,22.6
2015-04-11,23.83
2015-04-12,26.1
2015-04-13,29.48
2015-04-14,31.66
2015-04-15,31.81
2015-04-16,31.96
2015-04-17,32.5
2015-04-18,33.43
2015-04-19,34.4
2015-04-20,35.81
2015-04-21,39.36
2015-04-22,42.75
2015-04-23,43.16
2015-04-24,45.34
2015-04-25,47.75
2015-04-26,48.66
2015-04-27,52.95
2015-04-28,57.34
2015-04-29,58.02
2015-04-30,56.15
2015-05-01,54.98
2015-05-02,53.58
2015-05-03,52.09
2015-05-04,51.36
2015-05-05,53.08
2015-05-06,56.94
2015-05-07,60.8
2015-05-08,63.42
2015-05-09,64.31
2015-05-10,64.92
2015-05-11,67.71
2015-05-12,73.82
2015-05-13,94.72
2015-05-14,114.61
2015-05-15,119.78
2015-05-16,115.68
2015-05-17,115.14
2015-05-18,115.41
2015-05-19,111.98
2015-05-20,106.65
2015-05-21,102.28
2015-05-22,98.54
2015-05-23,94.06
2015-05-24,90.83
2015-05-25,88.13
2015-05-26,84.11
2015-05-27,80.1
2015-05-28,76.45
2015-05-29,75.74
2015-05-30,77.34
2015-05-31,77.7
2015-06-01,78.25
2015-06-02,76.45
2015-06-03,73.82
2015-06-04,72.96
2015-06-05,76.27
2015-06-06,75.56
2015-06-07,71.61
2015-06-08,70.45
2015-06-09,70.78
2015-06-10,70.12
2015-06-11,74.34
2015-06-12,81.41
2015-06-13,80.28
2015-06-14,77.7
2015-06-15,76.8
2015-06-16,77.89
2015-06-17,79.72
2015-06-18,84.51
2015-06-19,95.38
2015-06-20,104.44
2015-06-21,119.5
2015-06-22,130.22
2015-06-23,132.35
2015-06-24,129.02
2015-06-25,132.05
2015-06-26,149.66
2015-06-27,158.96
2015-06-28,156.76
2015-06-29,150.36
2015-06-30,146.23
2015-07-01,138.64
2015-07-02,130.52
2015-07-03,123.45
2015-07-04,118.12
2015-07-05,113.82
2015-07-06,109.41
2015-07-07,105.41
2015-07-08,102.75
2015-07-09,103.47
2015-07-10,117.03
2015-07-11,126.35
2015-07-12,124.89
2015-07-13,118.4
2015-07-14,112.24
2015-07-15,113.29
2015-07-16,119.5
2015-07-17,148.97
2015-07-18,180.13
2015-07-19,213.29
2015-07-20,215.77
2015-07-21,207.45
2015-07-22,212.8
2015-07-23,231.27
2015-07-24,230.74
2015-07-25,222.36
2015-07-26,215.27
2015-07-27,205.06
2015-07-28,193.09
2015-07-29,180.55
2015-07-30,168.82
2015-07-31,159.32
2015-08-01,152.11
2015-08-02,148.28
2015-08-03,146.23
2015-08-04,144.55
2015-08-05,143.21
2015-08-06,140.58
2015-08-07,136.4
2015-08-08,132.97
2015-08-09,133.9
2015-08-10,140.58
2015-08-11,145.22
2015-08-12,144.55
2015-08-13,140.91
2015-08-14,135.46
2015-08-15,129.62
2015-08-16,126.06
2015-08-17,129.02
2015-08-18,227.03
2015-08-19,236.68
2015-08-20,209.38
2015-08-21,186.5
2015-08-22,171.58
2015-08-23,162.31
2015-08-24,152.46
2015-08-25,142.88
2015-08-26,133.59
2015-08-27,126.06
2015-08-28,118.67
2015-08-29,111.72
2015-08-30,105.41
2015-08-31,99.93
2015-09-01,94.5
2015-09-02,89.36
2015-09-03,86.1
2015-09-04,87.51
2015-09-05,92.11
2015-09-06,95.16
2015-09-07,94.28
2015-09-08,93.84
2015-09-09,91.47
2015-09-10,88.13
2015-09-11,84.7
2015-09-12,82.75
2015-09-13,80.85
2015-09-14,76.8
2015-09-15,73.82
2015-09-16,73.64
2015-09-17,75.91
2015-09-18,76.62
2015-09-19,75.38
2015-09-20,76.45
2015-09-21,75.38
2015-09-22,71.61
2015-09-23,67.87
2015-09-24,67.23
2015-09-25,70.12
2015-09-26,71.11
2015-09-27,70.94
2015-09-28,72.45
2015-09-29,86.7
2015-09-30,107.14
2015-10-01,114.35
2015-10-02,110.43
2015-10-03,103.47
2015-10-04,100.16
2015-10-05,102.99
2015-10-06,104.68
2015-10-07,101.33
2015-10-08,96.5
2015-10-09,93.41
2015-10-10,92.54
2015-10-11,94.06
2015-10-12,95.38
2015-10-13,99.46
2015-10-14,101.8
2015-10-15,100.39
2015-10-16,98.08
2015-10-17,93.41
2015-10-18,90.62
2015-10-19,91.04
2015-10-20,89.78
2015-10-21,88.13
2015-10-22,85.5
2015-10-23,81.79
2015-10-24,78.62
2015-10-25,78.25
2015-10-26,75.38
2015-10-27,72.11
2015-10-28,69.63
2015-10-29,68.34
2015-10-30,66.61
2015-10-31,88.13
2015-11-01,156.04
2015-11-02,166.11
2015-11-03,149.31
2015-11-04,136.72
2015-11-05,130.22
2015-11-06,124.03
2015-11-07,115.95
2015-11-08,111.72
2015-11-09,108.9
2015-11-10,104.44
2015-11-11,98.54
2015-11-12,94.06
2015-11-13,95.38
2015-11-14,93.84
2015-11-15,98.77
2015-11-16,106.89
2015-11-17,102.28
2015-11-18,96.5
2015-11-19,99.23
2015-11-20,105.41
2015-11-21,105.91
2015-11-22,104.93
2015-11-23,105.17
2015-11-24,104.44
2015-11-25,100.86
2015-11-26,94.94
2015-11-27,89.16
2015-11-28,84.11
2015-11-29,79.91
2015-11-30,82.95
2015-12-01,88.74
2015-12-02,86.9
2015-12-03,82.56
2015-12-04,78.07
2015-12-05,76.8
2015-12-06,81.22
2015-12-07,81.22
2015-12-08,78.43
2015-12-09,74.86
2015-12-10,71.11
2015-12-11,68.34
2015-12-12,67.71
2015-12-13,68.02
2015-12-14,71.28
2015-12-15,73.47
2015-12-16,75.03
2015-12-17,72.45
2015-12-18,68.34
2015-12-19,64.46
2015-12-20,60.8
2015-12-21,57.61
2015-12-22,54.34
2015-12-23,51.48
2015-12-24,48.66
2015-12-25,46.1
2015-12-26,43.57
2015-12-27,41.27
2015-12-28,39.36
2015-12-29,37.37
2015-12-30,35.39
2015-12-31,33.75
2016-01-01,32.19
2016-01-02,30.62
2016-01-03,29.13
2016-01-04,27.77
2016-01-05,26.54
2016-01-06,25.36
2016-01-07,24.29
2016-01-08,23.27
2016-01-09,22.33
2016-01-10,21.49
2016-01-11,19.65
2016-01-12,18.32
2016-01-13,17.54
2016-01-14,16.86
2016-01-15,16.18
2016-01-16,15.6
2016-01-17,15.03
2016-01-18,14.56
2016-01-19,14.17
2016-01-20,13.89
2016-01-21,13.89
2016-01-22,13.72
2016-01-23,13.35
2016-01-24,12.96
2016-01-25,12.68
2016-01-26,12.4
2016-01-27,12.27
2016-01-28,12.06
2016-01-29,11.76
2016-01-30,11.56
2016-01-31,12.0
2016-02-01,12.3
2016-02-02,12.27
2016-02-03,12.21
2016-02-04,12.12
2016-02-05,11.97
2016-02-06,11.85
2016-02-07,11.82
2016-02-08,11.82
2016-02-09,11.82
2016-02-10,11.88
2016-02-11,11.97
2016-02-12,12.09
2016-02-13,12.03
2016-02-14,11.85
2016-02-15,11.71
2016-02-16,11.65
2016-02-17,11.65
2016-02-18,11.65
2016-02-19,11.5
2016-02-20,11.45
2016-02-21,11.42
2016-02-22,11.27
2016-02-23,11.33
2016-02-24,11.59
2016-02-25,11.65
2016-02-26,11.5
2016-02-27,11.42
2016-02-28,11.42
2016-02-29,11.36
2016-03-01,11.19
2016-03-02,11.13
2016-03-03,11.05
2016-03-04,11.08
2016-03-05,11.08
2016-03-06,10.99
2016-03-07,10.94
2016-03-08,10.91
2016-03-09,10.89
2016-03-10,10.99
2016-03-11,11.05
2016-03-12,11.13
2016-03-13,11.19
2016-03-14,11.42
2016-03-15,12.93
2016-03-16,13.52
2016-03-17,12.52
2016-03-18,11.91
2016-03-19,11.62
2016-03-20,11.5
2016-03-21,11.42
2016-03-22,11.42
2016-03-23,11.47
2016-03-24,11.91
2016-03-25,12.15
2016-03-26,11.79
2016-03-27,11.45
2016-03-28,11.3
2016-03-29,11.3
2016-03-30,11.27
2016-03-31,11.25
2016-04-01,11.25
2016-04-02,11.33
2016-04-03,11.56
2016-04-04,11.5
2016-04-05,11.88
2016-04-06,12.18
2016-04-07,11.94
2016-04-08,12.46
2016-04-09,13.29
2016-04-10,13.49
2016-04-11,13.19
2016-04-12,12.96
2016-04-13,12.84
2016-04-14,12.9
2016-04-15,13.13
2016-04-16,13.42
2016-04-17,13.89
2016-04-18,14.07
2016-04-19,14.0
2016-04-20,14.1
2016-04-21,14.28
2016-04-22,14.31
2016-04-23,14.21
2016-04-24,14.17
2016-04-25,14.28
2016-04-26,14.49
2016-04-27,14.7
2016-04-28,14.7
2016-04-29,14.7
2016-04-30,14.7
2016-05-01,14.52
2016-05-02,14.38
2016-05-03,14.24
2016-05-04,14.6
2016-05-05,15.63
2016-05-06,16.95
2016-05-07,18.41
2016-05-08,19.84
2016-05-09,20.33
2016-05-10,21.65
2016-05-11,22.82
2016-05-12,22.55
2016-05-13,22.44
2016-05-14,23.66
2016-05-15,25.24
2016-05-16,26.1
2016-05-17,26.93
2016-05-18,28.44
2016-05-19,29.76
2016-05-20,29.97
2016-05-21,29.06
2016-05-22,28.24
2016-05-23,28.72
2016-05-24,29.76
2016-05-25,30.77
2016-05-26,30.84
2016-05-27,31.06
2016-05-28,33.28
2016-05-29,36.15
2016-05-30,37.73
2016-05-31,40.78
2016-06-01,46.64
2016-06-02,51.24
2016-06-03,51.72
2016-06-04,51.72
2016-06-05,51.6
2016-06-06,50.64
2016-06-07,50.05
2016-06-08,54.46
2016-06-09,62.68
2016-06-10,69.79
2016-06-11,74.16
2016-06-12,74.16
2016-06-13,74.34
2016-06-14,74.34
2016-06-15,72.79
2016-06-16,72.62
2016-06-17,81.41
2016-06-18,102.04
2016-06-19,112.76
2016-06-20,114.88
2016-06-21,116.22
2016-06-22,122.31
2016-06-23,127.53
2016-06-24,143.21
2016-06-25,152.11
2016-06-26,148.62
2016-06-27,148.97
2016-06-28,168.82
2016-06-29,185.21
2016-06-30,185.64
2016-07-01,177.65
2016-07-02,168.82
2016-07-03,160.06
2016-07-04,160.44
2016-07-05,163.82
2016-07-06,168.04
2016-07-07,169.61
2016-07-08,182.23
2016-07-09,190.87
2016-07-10,194.43
2016-07-11,197.61
2016-07-12,194.88
2016-07-13,186.5
2016-07-14,177.65
2016-07-15,175.2
2016-07-16,173.98
2016-07-17,167.66
2016-07-18,161.55
2016-07-19,156.4
2016-07-20,148.62
2016-07-21,141.56
2016-07-22,136.72
2016-07-23,138.0
2016-07-24,145.89
2016-07-25,152.46
2016-07-26,156.76
2016-07-27,162.31
2016-07-28,165.34
2016-07-29,161.93
2016-07-30,156.04
2016-07-31,149.31
2016-08-01,142.55
2016-08-02,136.72
2016-08-03,133.59
2016-08-04,132.66
2016-08-05,131.13
2016-08-06,126.64
2016-08-07,121.18
2016-08-08,115.68
2016-08-09,110.69
2016-08-10,106.15
2016-08-11,101.8
2016-08-12,98.77
2016-08-13,99.93
2016-08-14,99.23
2016-08-15,99.69
2016-08-16,99.46
2016-08-17,99.23
2016-08-18,97.86
2016-08-19,94.94
2016-08-20,91.26
2016-08-21,87.51
2016-08-22,84.11
2016-08-23,81.99
2016-08-24,81.41
2016-08-25,82.37
2016-08-26,83.14
2016-08-27,82.95
2016-08-28,81.79
2016-08-29,80.28
2016-08-30,82.37
2016-08-31,85.5
2016-09-01,87.51
2016-09-02,94.06
2016-09-03,96.27
2016-09-04,92.76
2016-09-05,88.33
2016-09-06,84.31
2016-09-07,80.66
2016-09-08,76.98
2016-09-09,73.82
2016-09-10,70.61
2016-09-11,67.55
2016-09-12,65.07
2016-09-13,63.42
2016-09-14,63.71
2016-09-15,64.16
2016-09-16,63.57
2016-09-17,61.66
2016-09-18,59.95
2016-09-19,59.39
2016-09-20,57.88
2016-09-21,56.68
2016-09-22,56.02
2016-09-23,54.46
2016-09-24,53.7
2016-09-25,53.58
2016-09-26,53.58
2016-09-27,52.58
2016-09-28,51.48
2016-09-29,52.7
2016-09-30,55.23
2016-10-01,54.21
2016-10-02,51.72
2016-10-03,49.0
2016-10-04,46.53
2016-10-05,44.71
2016-10-06,42.75
2016-10-07,40.78
2016-10-08,38.81
2016-10-09,37.11
2016-10-10,35.73
2016-10-11,34.56
2016-10-12,33.75
2016-10-13,35.81
2016-10-14,43.16
2016-10-15,51.12
2016-10-16,57.08
2016-10-17,58.7
2016-10-18,58.57
2016-10-19,56.28
2016-10-20,55.23
2016-10-21,61.23
2016-10-22,69.79
2016-10-23,72.96
2016-10-24,71.11
2016-10-25,68.02
2016-10-26,66.61
2016-10-27,65.99
2016-10-28,64.61
2016-10-29,62.53
2016-10-30,62.97
2016-10-31,69.47
2016-11-01,74.86
2016-11-02,74.34
2016-11-03,72.79
2016-11-04,73.99
2016-11-05,75.03
2016-11-06,72.45
2016-11-07,68.18
2016-11-08,64.31
2016-11-09,61.52
2016-11-10,59.81
2016-11-11,57.08
2016-11-12,54.21
2016-11-13,53.08
2016-11-14,55.1
2016-11-15,56.28
2016-11-16,54.34
2016-11-17,51.36
2016-11-18,48.55
2016-11-19,46.1
2016-11-20,44.19
2016-11-21,41.85
2016-11-22,39.55
2016-11-23,37.64
2016-11-24,35.98
2016-11-25,34.24
2016-11-26,32.57
2016-11-27,31.06
2016-11-28,29.69
2016-11-29,28.58
2016-11-30,27.71
2016-12-01,28.44
2016-12-02,31.06
2016-12-03,34.32
2016-12-04,37.73
2016-12-05,37.55
2016-12-06,35.56
2016-12-07,33.67
2016-12-08,31.96
2016-12-09,30.7
2016-12-10,29.69
2016-12-11,28.44
2016-12-12,27.12
2016-12-13,26.73
2016-12-14,27.71
2016-12-15,28.04
2016-12-16,27.25
2016-12-17,25.92
2016-12-18,24.64
2016-12-19,23.49
2016-12-20,22.5
2016-12-21,21.65
2016-12-22,20.73
2016-12-23,19.94
2016-12-24,19.18
2016-12-25,18.91
2016-12-26,18.59
2016-12-27,17.88
2016-12-28,17.37
2016-12-29,16.86
2016-12-30,16.3
2016-12-31,15.83
2017-01-01,15.37
2017-01-02,15.03
2017-01-03,14.78
2017-01-04,14.45
2017-01-05,14.17
2017-01-06,13.89
2017-01-07,13.72
2017-01-08,13.52
2017-01-09,13.42
2017-01-10,13.35
2017-01-11,12.24
2017-01-12,11.68
2017-01-13,11.53
2017-01-14,11.39
2017-01-15,11.05
2017-01-16,10.83
2017-01-17,10.67
2017-01-18,10.4
2017-01-19,10.25
2017-01-20,10.07
2017-01-21,10.51
2017-01-22,11.33
2017-01-23,11.5
2017-01-24,11.02
2017-01-25,11.27
2017-01-26,11.59
2017-01-27,12.8
2017-01-28,15.48
2017-01-29,16.58
2017-01-30,16.06
2017-01-31,15.71
2017-02-01,15.33
2017-02-02,14.85
2017-02-03,14.31
2017-02-04,13.86
2017-02-05,13.52
2017-02-06,13.22
2017-02-07,13.06
2017-02-08,12.84
2017-02-09,12.55
2017-02-10,12.34
2017-02-11,12.15
2017-02-12,12.03
2017-02-13,11.88
2017-02-14,11.94
2017-02-15,11.88
2017-02-16,11.59
2017-02-17,11.47
2017-02-18,11.42
2017-02-19,11.33
2017-02-20,11.3
2017-02-21,11.3
2017-02-22,11.27
2017-02-23,11.19
2017-02-24,11.11
2017-02-25,10.99
2017-02-26,10.94
2017-02-27,10.97
2017-02-28,10.97
2017-03-01,10.94
2017-03-02,10.99
2017-03-03,11.3
2017-03-04,14.03
2017-03-05,16.82
2017-03-06,17.45
2017-03-07,18.77
2017-03-08,20.33
2017-03-09,21.59
2017-03-10,23.1
2017-03-11,23.49
2017-03-12,22.44
2017-03-13,21.23
2017-03-14,21.65
2017-03-15,24.82
2017-03-16,29.83
2017-03-17,31.73
2017-03-18,30.7
2017-03-19,29.48
2017-03-20,28.51
2017-03-21,28.38
2017-03-22,28.58
2017-03-23,28.04
2017-03-24,27.38
2017-03-25,26.54
2017-03-26,25.61
2017-03-27,24.94
2017-03-28,24.29
2017-03-29,23.55
2017-03-30,22.93
2017-03-31,22.6
2017-04-01,22.44
2017-04-02,22.39
2017-04-03,22.71
2017-04-04,23.27
2017-04-05,24.29
2017-04-06,26.99
2017-04-07,29.34
2017-04-08,34.32
2017-04-09,39.27
2017-04-10,40.3
2017-04-11,39.83
2017-04-12,39.55
2017-04-13,40.4
2017-04-14,40.78
2017-04-15,39.93
2017-04-16,38.9
2017-04-17,38.08
2017-04-18,36.84
2017-04-19,35.39
2017-04-20,34.65
2017-04-21,35.22
2017-04-22,35.9
2017-04-23,35.9
2017-04-24,36.07
2017-04-25,36.24
2017-04-26,36.5
2017-04-27,36.5
2017-04-28,36.41
2017-04-29,36.93
2017-04-30,37.28
2017-05-01,37.82
2017-05-02,39.27
2017-05-03,40.88
2017-05-04,41.85
2017-05-05,42.15
2017-05-06,42.25
2017-05-07,42.95
2017-05-08,44.08
2017-05-09,43.16
2017-05-10,42.65
2017-05-11,43.77
2017-05-12,45.03
2017-05-13,46.42
2017-05-14,46.53
2017-05-15,46.64
2017-05-16,45.77
2017-05-17,45.13
2017-05-18,45.99
2017-05-19,49.35
2017-05-20,48.89
2017-05-21,49.12
2017-05-22,52.33
2017-05-23,54.34
2017-05-24,55.62
2017-05-25,60.66
2017-05-26,66.45
2017-05-27,66.61
2017-05-28,64.16
2017-05-29,69.63
2017-05-30,145.89
2017-05-31,164.2
2017-06-01,174.39
2017-06-02,189.55
2017-06-03,200.37
2017-06-04,191.31
2017-06-05,178.06
2017-06-06,169.61
2017-06-07,166.49
2017-06-08,164.2
2017-06-09,156.4
2017-06-10,171.98
2017-06-11,179.3
2017-06-12,174.79
2017-06-13,168.82
2017-06-14,161.18
2017-06-15,152.46
2017-06-16,145.89
2017-06-17,139.93
2017-06-18,132.66
2017-06-19,125.77
2017-06-20,120.34
2017-06-21,115.95
2017-06-22,113.55
2017-06-23,113.55
2017-06-24,117.3
2017-06-25,129.32
2017-06-26,159.69
2017-06-27,199.45
2017-06-28,203.17
2017-06-29,190.43
2017-06-30,176.83
2017-07-01,171.98
2017-07-02,171.98
2017-07-03,170.79
2017-07-04,165.72
2017-07-05,157.12
2017-07-06,150.36
2017-07-07,144.55
2017-07-08,138.32
2017-07-09,132.05
2017-07-10,127.53
2017-07-11,124.03
2017-07-12,120.34
2017-07-13,114.61
2017-07-14,111.2
2017-07-15,107.39
2017-07-16,105.17
2017-07-17,104.2
2017-07-18,104.44
2017-07-19,107.39
2017-07-20,166.88
2017-07-21,183.5
2017-07-22,170.0
2017-07-23,153.53
2017-07-24,140.25
2017-07-25,129.62
2017-07-26,120.9
2017-07-27,113.55
2017-07-28,108.4
2017-07-29,104.68
2017-07-30,100.16
2017-07-31,96.72
2017-08-01,94.72
2017-08-02,91.47
2017-08-03,91.04
2017-08-04,99.93
2017-08-05,108.65
2017-08-06,112.76
2017-08-07,113.29
2017-08-08,113.55
2017-08-09,110.43
2017-08-10,108.4
2017-08-11,108.14
2017-08-12,108.9
2017-08-13,104.44
2017-08-14,99.0
2017-08-15,96.05
2017-08-16,94.06
2017-08-17,91.9
2017-08-18,93.41
2017-08-19,101.33
2017-08-20,110.43
2017-08-21,132.35
2017-08-22,145.22
2017-08-23,143.54
2017-08-24,135.77
2017-08-25,129.02
2017-08-26,123.17
2017-08-27,136.09
2017-08-28,190.87
2017-08-29,216.27
2017-08-30,206.49
2017-08-31,189.55
2017-09-01,173.98
2017-09-02,166.11
2017-09-03,163.06
2017-09-04,160.81
2017-09-05,156.4
2017-09-06,155.68
2017-09-07,151.76
2017-09-08,150.01
2017-09-09,150.01
2017-09-10,147.94
2017-09-11,141.89
2017-09-12,138.0
2017-09-13,136.4
2017-09-14,138.0
2017-09-15,136.72
2017-09-16,148.28
2017-09-17,218.28
2017-09-18,225.99
2017-09-19,206.01
2017-09-20,189.55
2017-09-21,176.42
2017-09-22,164.58
2017-09-23,153.17
2017-09-24,144.55
2017-09-25,136.09
2017-09-26,128.72
2017-09-27,124.31
2017-09-28,123.45
2017-09-29,123.45
2017-09-30,118.4
2017-10-01,112.5
2017-10-02,107.39
2017-10-03,102.28
2017-10-04,96.5
2017-10-05,91.68
2017-10-06,90.2
2017-10-07,88.54
2017-10-08,86.3
2017-10-09,82.75
2017-10-10,78.8
2017-10-11,75.03
2017-10-12,72.96
2017-10-13,73.3
2017-10-14,76.98
2017-10-15,76.27
2017-10-16,73.13
2017-10-17,80.28
2017-10-18,88.13
2017-10-19,87.51
2017-10-20,83.53
2017-10-21,80.47
2017-10-22,79.72
2017-10-23,76.98
2017-10-24,72.62
2017-10-25,68.66
2017-10-26,68.82
2017-10-27,74.51
2017-10-28,77.34
2017-10-29,77.52
2017-10-30,73.82
2017-10-31,70.78
2017-11-01,67.71
2017-11-02,65.99
2017-11-03,63.71
2017-11-04,61.81
2017-11-05,63.12
2017-11-06,68.5
2017-11-07,69.47
2017-11-08,68.66
2017-11-09,67.71
2017-11-10,64.61
2017-11-11,61.09
2017-11-12,57.88
2017-11-13,54.59
2017-11-14,51.6
2017-11-15,48.77
2017-11-16,46.21
2017-11-17,43.77
2017-11-18,41.85
2017-11-19,40.78
2017-11-20,42.05
2017-11-21,42.45
2017-11-22,41.17
2017-11-23,39.64
2017-11-24,38.08
2017-11-25,36.41
2017-11-26,35.22
2017-11-27,33.99
2017-11-28,32.73
2017-11-29,31.58
2017-11-30,35.31
2017-12-01,47.53
2017-12-02,55.89
2017-12-03,56.41
2017-12-04,53.33
2017-12-05,50.17
2017-12-06,47.42
2017-12-07,45.24
2017-12-08,43.06
2017-12-09,41.07
2017-12-10,39.09
2017-12-11,37.46
2017-12-12,35.98
2017-12-13,35.14
2017-12-14,35.48
2017-12-15,35.06
2017-12-16,33.59
2017-12-17,32.04
2017-12-18,30.41
2017-12-19,28.85
2017-12-20,27.64
2017-12-21,26.42
2017-12-22,25.18
2017-12-23,24.12
2017-12-24,23.1
2017-12-25,22.12
2017-12-26,21.28
2017-12-27,20.43
2017-12-28,19.61
2017-12-29,18.95
2017-12-30,18.32
2017-12-31,17.75
2018-01-01,17.28
2018-01-02,16.82
2018-01-03,16.34
2018-01-04,15.9
2018-01-05,15.52
2018-01-06,15.14
2018-01-07,14.89
2018-01-08,14.67
2018-01-09,14.38
2018-01-10,14.35
2018-01-11,13.22
2018-01-12,12.3
2018-01-13,11.97
2018-01-14,11.68
2018-01-15,11.39
2018-01-16,11.16
2018-01-17,11.11
2018-01-18,10.94
2018-01-19,10.69
2018-01-20,10.53
2018-01-21,10.75
2018-01-22,10.86
2018-01-23,10.83
2018-01-24,10.97
2018-01-25,11.02
2018-01-26,10.83
2018-01-27,10.72
2018-01-28,10.8
2018-01-29,10.75
2018-01-30,10.53
2018-01-31,11.02
2018-02-01,11.39
2018-02-02,11.45
2018-02-03,11.45
2018-02-04,11.42
2018-02-05,11.42
2018-02-06,11.53
2018-02-07,12.46
2018-02-08,13.59
2018-02-09,14.35
2018-02-10,14.63
2018-02-11,14.03
2018-02-12,13.66
2018-02-13,13.39
2018-02-14,12.9
2018-02-15,12.49
2018-02-16,12.21
2018-02-17,12.03
2018-02-18,11.85
2018-02-19,11.65
2018-02-20,11.56
2018-02-21,11.45
2018-02-22,11.33
2018-02-23,11.27
2018-02-24,11.22
2018-02-25,11.16
2018-02-26,11.19
2018-02-27,11.13
2018-02-28,11.05
2018-03-01,11.02
2018-03-02,10.97
2018-03-03,10.94
2018-03-04,10.91
2018-03-05,10.83
2018-03-06,10.8
2018-03-07,10.78
2018-03-08,10.72
2018-03-09,10.67
2018-03-10,10.69
2018-03-11,10.67
2018-03-12,10.61
2018-03-13,11.59
2018-03-14,13.52
2018-03-15,14.45
2018-03-16,14.0
2018-03-17,13.66
2018-03-18,13.66
2018-03-19,13.35
2018-03-20,12.74
2018-03-21,12.21
2018-03-22,12.61
2018-03-23,13.59
2018-03-24,13.76
2018-03-25,13.06
2018-03-26,12.55
2018-03-27,12.37
2018-03-28,12.3
2018-03-29,12.46
2018-03-30,12.61
2018-03-31,12.61
2018-04-01,13.93
2018-04-02,15.33
2018-04-03,16.06
2018-04-04,17.49
2018-04-05,17.84
2018-04-06,17.03
2018-04-07,16.7
2018-04-08,16.46
2018-04-09,16.5
2018-04-10,16.26
2018-04-11,16.06
2018-04-12,16.3
2018-04-13,16.82
2018-04-14,19.32
2018-04-15,25.36
2018-04-16,28.31
2018-04-17,27.58
2018-04-18,26.42
2018-04-19,25.55
2018-04-20,26.93
2018-04-21,29.34
2018-04-22,30.26
2018-04-23,30.19
2018-04-24,30.19
2018-04-25,30.33
2018-04-26,30.7
2018-04-27,30.55
2018-04-28,30.41
2018-04-29,30.84
2018-04-30,31.43
2018-05-01,32.19
2018-05-02,33.04
2018-05-03,34.81
2018-05-04,36.5
2018-05-05,38.36
2018-05-06,40.21
2018-05-07,40.5
2018-05-08,39.83
2018-05-09,42.95
2018-05-10,50.52
2018-05-11,56.68
2018-05-12,59.39
2018-05-13,60.38
2018-05-14,58.7
2018-05-15,56.02
2018-05-16,59.12
2018-05-17,63.42
2018-05-18,64.16
2018-05-19,62.39
2018-05-20,59.95
2018-05-21,58.02
2018-05-22,56.28
2018-05-23,55.75
2018-05-24,58.29
2018-05-25,69.15
2018-05-26,84.31
2018-05-27,91.26
2018-05-28,102.28
2018-05-29,108.4
2018-05-30,105.66
2018-05-31,101.09
2018-06-01,95.16
2018-06-02,91.9
2018-06-03,92.97
2018-06-04,97.17
2018-06-05,98.08
2018-06-06,96.5
2018-06-07,100.86
2018-06-08,119.78
2018-06-09,164.96
2018-06-10,194.88
2018-06-11,207.45
2018-06-12,206.49
2018-06-13,202.7
2018-06-14,200.84
2018-06-15,196.24
2018-06-16,188.23
2018-06-17,180.97
2018-06-18,172.78
2018-06-19,167.66
2018-06-20,171.19
2018-06-21,189.55
2018-06-22,201.77
2018-06-23,203.64
2018-06-24,198.99
2018-06-25,193.54
2018-06-26,190.87
2018-06-27,192.2
2018-06-28,195.34
2018-06-29,199.45
2018-06-30,198.07
2018-07-01,189.99
2018-07-02,183.5
2018-07-03,177.65
2018-07-04,169.22
2018-07-05,159.32
2018-07-06,151.41
2018-07-07,150.01
2018-07-08,158.96
2018-07-09,182.23
2018-07-10,217.27
2018-07-11,251.93
2018-07-12,249.61
2018-07-13,245.6
2018-07-14,249.03
2018-07-15,294.8
2018-07-16,333.19
2018-07-17,328.61
2018-07-18,321.85
2018-07-19,321.85
2018-07-20,319.63
2018-07-21,310.89
2018-07-22,296.85
2018-07-23,283.45
2018-07-24,273.79
2018-07-25,265.69
2018-07-26,256.04
2018-07-27,243.91
2018-07-28,232.35
2018-07-29,222.36
2018-07-30,213.78
2018-07-31,207.45
2018-08-01,198.53
2018-08-02,188.23
2018-08-03,179.72
2018-08-04,170.4
2018-08-05,161.18
2018-08-06,154.6
2018-08-07,152.46
2018-08-08,160.44
2018-08-09,165.34
2018-08-10,163.82
2018-08-11,161.18
2018-08-12,162.31
2018-08-13,168.04
2018-08-14,297.54
2018-08-15,594.66
2018-08-16,629.96
2018-08-17,544.76
2018-08-18,477.63
2018-08-19,431.51
2018-08-20,397.11
2018-08-21,369.68
2018-08-22,342.56
2018-08-23,320.37
2018-08-24,298.92
2018-08-25,279.54
2018-08-26,261.42
2018-08-27,246.74
2018-08-28,235.05
2018-08-29,227.03
2018-08-30,215.27
2018-08-31,205.06
2018-09-01,198.07
2018-09-02,188.23
2018-09-03,177.24
2018-09-04,166.11
2018-09-05,155.68
2018-09-06,146.57
2018-09-07,138.32
2018-09-08,130.52
2018-09-09,122.59
2018-09-10,115.68
2018-09-11,109.15
2018-09-12,103.23
2018-09-13,97.63
2018-09-14,92.11
2018-09-15,87.31
2018-09-16,83.14
2018-09-17,80.28
2018-09-18,77.52
2018-09-19,74.51
2018-09-20,71.95
2018-09-21,69.31
2018-09-22,65.83
2018-09-23,63.27
2018-09-24,64.61
2018-09-25,65.07
2018-09-26,63.27
2018-09-27,66.61
2018-09-28,135.77
2018-09-29,151.41
2018-09-30,137.68
2018-10-01,124.89
2018-10-02,116.49
2018-10-03,112.5
2018-10-04,120.06
2018-10-05,155.31
2018-10-06,167.27
2018-10-07,162.68
2018-10-08,163.82
2018-10-09,162.68
2018-10-10,157.12
2018-10-11,150.36
2018-10-12,143.21
2018-10-13,135.77
2018-10-14,133.59
2018-10-15,134.21
2018-10-16,134.21
2018-10-17,134.52
2018-10-18,129.32
2018-10-19,124.03
2018-10-20,121.18
2018-10-21,118.12
2018-10-22,113.82
2018-10-23,110.17
2018-10-24,104.2
2018-10-25,98.31
2018-10-26,92.54
2018-10-27,86.9
2018-10-28,81.99
2018-10-29,77.34
2018-10-30,72.96
2018-10-31,68.82
2018-11-01,67.08
2018-11-02,67.55
2018-11-03,70.78
2018-11-04,73.13
2018-11-05,70.45
2018-11-06,66.45
2018-11-07,63.12
2018-11-08,59.95
2018-11-09,59.39
2018-11-10,58.29
2018-11-11,55.75
2018-11-12,52.95
2018-11-13,50.76
2018-11-14,48.89
2018-11-15,46.42
2018-11-16,113.02
2018-11-17,119.5
2018-11-18,99.0
2018-11-19,85.1
2018-11-20,76.62
2018-11-21,69.96
2018-11-22,64.61
2018-11-23,62.24
2018-11-24,63.12
2018-11-25,63.71
2018-11-26,60.52
2018-11-27,56.94
2018-11-28,53.33
2018-11-29,52.09
2018-11-30,53.7
2018-12-01,52.95
2018-12-02,50.05
2018-12-03,47.19
2018-12-04,44.92
2018-12-05,44.29
2018-12-06,45.45
2018-12-07,44.29
2018-12-08,41.95
2018-12-09,39.64
2018-12-10,37.64
2018-12-11,35.9
2018-12-12,34.4
2018-12-13,33.12
2018-12-14,31.96
2018-12-15,30.77
2018-12-16,29.55
2018-12-17,28.24
2018-12-18,26.86
2018-12-19,25.79
2018-12-20,24.88
2018-12-21,23.95
2018-12-22,24.18
2018-12-23,26.16
2018-12-24,27.31
2018-12-25,26.99
2018-12-26,25.92
2018-12-27,24.88
2018-12-28,24.35
2018-12-29,24.18
2018-12-30,23.83
2018-12-31,22.99
2019-01-01,22.01
2019-01-02,21.13
2019-01-03,20.33
2019-01-04,19.61
2019-01-05,18.95
2019-01-06,18.45
2019-01-07,17.84
2019-01-08,17.32
2019-01-09,16.82
2019-01-10,16.34
2019-01-11,14.92
2019-01-12,13.89
2019-01-13,13.42
2019-01-14,13.0
2019-01-15,12.61
2019-01-16,12.27
2019-01-17,12.0
2019-01-18,11.76
2019-01-19,11.53
2019-01-20,11.33
2019-01-21,11.39
2019-01-22,11.33
2019-01-23,11.19
2019-01-24,11.02
2019-01-25,11.13
2019-01-26,11.16
2019-01-27,11.22
2019-01-28,11.27
2019-01-29,11.22
2019-01-30,11.05
2019-01-31,11.53
2019-02-01,11.88
2019-02-02,11.88
2019-02-03,11.85
2019-02-04,11.76
2019-02-05,11.91
2019-02-06,11.88
2019-02-07,11.68
2019-02-08,11.65
2019-02-09,12.03
2019-02-10,12.68
2019-02-11,12.8
2019-02-12,12.43
2019-02-13,12.09
2019-02-14,11.85
2019-02-15,11.82
2019-02-16,11.79
2019-02-17,11.76
2019-02-18,11.71
2019-02-19,11.62
2019-02-20,11.45
2019-02-21,11.27
2019-02-22,11.22
2019-02-23,11.16
2019-02-24,11.05
2019-02-25,11.02
2019-02-26,11.11
2019-02-27,11.22
2019-02-28,11.42
2019-03-01,11.3
2019-03-02,11.13
2019-03-03,11.11
2019-03-04,11.11
2019-03-05,11.16
2019-03-06,11.19
2019-03-07,11.05
2019-03-08,11.19
2019-03-09,11.59
2019-03-10,11.76
2019-03-11,11.59
2019-03-12,11.33
2019-03-13,11.11
2019-03-14,10.94
2019-03-15,10.89
2019-03-16,10.8
2019-03-17,10.75
2019-03-18,10.69
2019-03-19,10.69
2019-03-20,11.19
2019-03-21,11.45
2019-03-22,11.11
2019-03-23,10.97
2019-03-24,10.94
2019-03-25,10.72
2019-03-26,10.53
2019-03-27,10.59
2019-03-28,10.59
2019-03-29,10.72
2019-03-30,10.89
2019-03-31,10.83
2019-04-01,10.78
2019-04-02,10.94
2019-04-03,11.39
2019-04-04,11.71
2019-04-05,11.68
2019-04-06,11.45
2019-04-07,11.27
2019-04-08,11.39
2019-04-09,12.21
2019-04-10,12.55
2019-04-11,12.52
2019-04-12,12.49
2019-04-13,12.3
2019-04-14,12.27
2019-04-15,12.37
2019-04-16,12.37
2019-04-17,13.03
2019-04-18,20.58
2019-04-19,25.36
2019-04-20,31.43
2019-04-21,33.51
2019-04-22,31.81
2019-04-23,31.81
2019-04-24,32.11
2019-04-25,31.96
2019-04-26,30.92
2019-04-27,29.76
2019-04-28,29.48
2019-04-29,30.77
2019-04-30,32.19
2019-05-01,32.27
2019-05-02,31.28
2019-05-03,29.76
2019-05-04,28.31
2019-05-05,26.93
2019-05-06,26.29
2019-05-07,27.51
2019-05-08,28.99
2019-05-09,29.76
2019-05-10,29.97
2019-05-11,29.97
2019-05-12,30.05
2019-05-13,29.97
2019-05-14,30.05
2019-05-15,30.41
2019-05-16,30.84
2019-05-17,31.43
2019-05-18,31.96
2019-05-19,31.96
2019-05-20,31.66
2019-05-21,30.92
2019-05-22,30.48
2019-05-23,30.99
2019-05-24,31.73
2019-05-25,32.19
2019-05-26,32.11
2019-05-27,32.04
2019-05-28,32.04
2019-05-29,33.91
2019-05-30,37.02
2019-05-31,37.9
2019-06-01,37.46
2019-06-02,36.67
2019-06-03,36.07
2019-06-04,35.64
2019-06-05,37.02
2019-06-06,39.36
2019-06-07,39.74
2019-06-08,39.09
2019-06-09,38.63
2019-06-10,42.25
2019-06-11,49.23
2019-06-12,53.95
2019-06-13,56.41
2019-06-14,58.43
2019-06-15,57.61
2019-06-16,55.75
2019-06-17,53.58
2019-06-18,51.84
2019-06-19,51.36
2019-06-20,54.21
2019-06-21,60.24
2019-06-22,80.47
2019-06-23,91.04
2019-06-24,88.13
2019-06-25,83.33
2019-06-26,78.8
2019-06-27,74.68
2019-06-28,71.28
2019-06-29,68.98
2019-06-30,68.34
2019-07-01,67.39
2019-07-02,69.79
2019-07-03,72.79
2019-07-04,73.99
2019-07-05,75.21
2019-07-06,76.62
2019-07-07,75.74
2019-07-08,73.47
2019-07-09,72.62
2019-07-10,76.98
2019-07-11,77.34
2019-07-12,73.64
2019-07-13,71.44
2019-07-14,71.44
2019-07-15,73.99
2019-07-16,77.16
2019-07-17,79.91
2019-07-18,125.18
2019-07-19,230.21
2019-07-20,248.46
2019-07-21,278.9
2019-07-22,275.69
2019-07-23,249.61
2019-07-24,223.39
2019-07-25,209.38
2019-07-26,199.45
2019-07-27,186.5
2019-07-28,173.58
2019-07-29,162.68
2019-07-30,152.82
2019-07-31,143.21
2019-08-01,134.83
2019-08-02,128.12
2019-08-03,122.88
2019-08-04,118.4
2019-08-05,116.49
2019-08-06,130.22
2019-08-07,158.22
2019-08-08,233.42
2019-08-09,263.24
2019-08-10,270.02
2019-08-11,251.93
2019-08-12,296.17
2019-08-13,374.84
2019-08-14,382.71
2019-08-15,343.35
2019-08-16,308.03
2019-08-17,286.74
2019-08-18,267.53
2019-08-19,250.19
2019-08-20,241.1
2019-08-21,243.34
2019-08-22,251.93
2019-08-23,248.46
2019-08-24,235.59
2019-08-25,224.94
2019-08-26,245.6
2019-08-27,251.93
2019-08-28,245.6
2019-08-29,241.1
2019-08-30,236.14
2019-08-31,226.51
2019-09-01,217.27
2019-09-02,212.3
2019-09-03,208.41
2019-09-04,209.86
2019-09-05,211.32
2019-09-06,207.93
2019-09-07,202.24
2019-09-08,194.88
2019-09-09,187.8
2019-09-10,179.3
2019-09-11,171.19
2019-09-12,165.34
2019-09-13,159.32
2019-09-14,152.46
2019-09-15,145.89
2019-09-16,142.22
2019-09-17,138.0
2019-09-18,133.9
2019-09-19,129.62
2019-09-20,124.31
2019-09-21,117.3
2019-09-22,111.72
2019-09-23,110.43
2019-09-24,112.24
2019-09-25,113.02
2019-09-26,108.9
2019-09-27,103.71
2019-09-28,101.09
2019-09-29,102.04
2019-09-30,101.57
2019-10-01,97.86
2019-10-02,96.27
2019-10-03,100.62
2019-10-04,103.71
2019-10-05,106.65
2019-10-06,110.17
2019-10-07,109.41
2019-10-08,106.65
2019-10-09,103.23
2019-10-10,100.62
2019-10-11,106.15
2019-10-12,113.29
2019-10-13,117.3
2019-10-14,120.62
2019-10-15,119.23
2019-10-16,120.06
2019-10-17,129.32
2019-10-18,163.06
2019-10-19,174.39
2019-10-20,239.99
2019-10-21,278.25
2019-10-22,262.03
2019-10-23,241.66
2019-10-24,230.74
2019-10-25,219.29
2019-10-26,205.54
2019-10-27,193.98
2019-10-28,185.21
2019-10-29,175.6
2019-10-30,168.43
2019-10-31,167.27
2019-11-01,163.44
2019-11-02,154.6
2019-11-03,146.23
2019-11-04,139.28
2019-11-05,131.13
2019-11-06,124.03
2019-11-07,118.12
2019-11-08,114.88
2019-11-09,115.14
2019-11-10,130.22
2019-11-11,137.04
2019-11-12,132.66
2019-11-13,123.74
2019-11-14,115.41
2019-11-15,108.9
2019-11-16,106.89
2019-11-17,104.68
2019-11-18,99.93
2019-11-19,94.94
2019-11-20,90.62
2019-11-21,87.72
2019-11-22,83.53
2019-11-23,79.17
2019-11-24,74.51
2019-11-25,70.29
2019-11-26,67.23
2019-11-27,63.57
2019-11-28,60.52
2019-11-29,57.48
2019-11-30,56.41
2019-12-01,61.23
2019-12-02,67.39
2019-12-03,68.98
2019-12-04,67.23
2019-12-05,63.57
2019-12-06,59.81
2019-12-07,56.54
2019-12-08,53.33
2019-12-09,50.29
2019-12-10,47.53
2019-12-11,45.13
2019-12-12,42.95
2019-12-13,40.69
2019-12-14,39.09
2019-12-15,37.9
2019-12-16,36.24
2019-12-17,34.48
2019-12-18,32.81
2019-12-19,31.28
2019-12-20,29.9
2019-12-21,28.99
2019-12-22,27.84
2019-12-23,26.67
2019-12-24,25.73
2019-12-25,24.7
2019-12-26,23.72
2019-12-27,22.77
2019-12-28,21.75
2019-12-29,20.88
2019-12-30,20.09
2019-12-31,19.42
2020-01-01,18.86
2020-01-02,18.23
2020-01-03,17.75
2020-01-04,17.28
2020-01-05,16.82
2020-01-06,16.42
2020-01-07,15.98
2020-01-08,15.6
2020-01-09,15.18
2020-01-10,14.85
2020-01-11,13.32
2020-01-12,12.24
2020-01-13,11.85
2020-01-14,11.56
2020-01-15,11.27
2020-01-16,11.05
2020-01-17,10.83
2020-01-18,10.61
2020-01-19,10.56
2020-01-20,10.4
2020-01-21,10.48
2020-01-22,10.51
2020-01-23,10.48
2020-01-24,10.43
2020-01-25,10.38
2020-01-26,10.38
2020-01-27,10.35
2020-01-28,10.32
2020-01-29,10.25
2020-01-30,10.17
2020-01-31,10.75
2020-02-01,11.16
2020-02-02,11.3
2020-02-03,11.25
2020-02-04,11.16
2020-02-05,11.22
2020-02-06,11.3
2020-02-07,11.39
2020-02-08,11.42
2020-02-09,11.33
2020-02-10,11.13
2020-02-11,10.91
2020-02-12,10.8
2020-02-13,10.83
2020-02-14,10.94
2020-02-15,10.99
2020-02-16,10.89
2020-02-17,10.83
2020-02-18,10.78
2020-02-19,10.78
2020-02-20,10.72
2020-02-21,10.67
2020-02-22,10.69
2020-02-23,10.69
2020-02-24,10.61
2020-02-25,10.61
2020-02-26,10.59
2020-02-27,10.56
2020-02-28,10.53
2020-02-29,10.64
2020-03-01,10.75
2020-03-02,11.02
2020-03-03,11.47
2020-03-04,11.56
2020-03-05,11.65
2020-03-06,11.59
2020-03-07,11.33
2020-03-08,11.22
2020-03-09,11.62
2020-03-10,13.16
2020-03-11,13.59
2020-03-12,12.77
2020-03-13,12.09
2020-03-14,11.56
2020-03-15,11.27
2020-03-16,11.05
2020-03-17,10.91
2020-03-18,10.83
2020-03-19,10.8
2020-03-20,10.94
2020-03-21,11.22
2020-03-22,11.3
2020-03-23,11.85
2020-03-24,12.65
2020-03-25,12.71
2020-03-26,12.24
2020-03-27,11.68
2020-03-28,11.27
2020-03-29,11.13
2020-03-30,10.99
2020-03-31,10.83
2020-04-01,10.69
2020-04-02,10.67
2020-04-03,10.69
2020-04-04,10.67
2020-04-05,11.11
2020-04-06,11.53
2020-04-07,12.34
2020-04-08,14.52
2020-04-09,16.7
2020-04-10,16.99
2020-04-11,15.63
2020-04-12,14.45
2020-04-13,13.83
2020-04-14,13.49
2020-04-15,13.42
2020-04-16,13.39
2020-04-17,13.35
2020-04-18,13.35
2020-04-19,13.39
2020-04-20,13.45
2020-04-21,13.72
2020-04-22,14.03
2020-04-23,14.42
2020-04-24,15.14
2020-04-25,15.83
2020-04-26,16.38
2020-04-27,16.58
2020-04-28,18.36
2020-04-29,20.13
2020-04-30,19.99
2020-05-01,19.51
2020-05-02,19.7
2020-05-03,20.68
2020-05-04,20.98
2020-05-05,20.58
2020-05-06,20.38
2020-05-07,20.18
2020-05-08,20.09
2020-05-09,20.04
2020-05-10,19.94
2020-05-11,19.84
2020-05-12,19.7
2020-05-13,20.53
2020-05-14,21.54
2020-05-15,22.01
2020-05-16,22.12
2020-05-17,23.27
2020-05-18,34.08
2020-05-19,40.3
2020-05-20,38.54
2020-05-21,35.9
2020-05-22,34.16
2020-05-23,32.96
2020-05-24,32.5
2020-05-25,31.43
2020-05-26,30.77
2020-05-27,30.41
2020-05-28,29.97
2020-05-29,31.36
2020-05-30,35.39
2020-05-31,36.76
2020-06-01,36.84
2020-06-02,38.99
2020-06-03,40.78
2020-06-04,41.85
2020-06-05,42.65
2020-06-06,53.7
2020-06-07,61.81
2020-06-08,61.52
2020-06-09,57.75
2020-06-10,56.94
2020-06-11,58.02
2020-06-12,59.12
2020-06-13,59.67
2020-06-14,62.68
2020-06-15,64.31
2020-06-16,64.16
2020-06-17,64.16
2020-06-18,65.53
2020-06-19,64.77
2020-06-20,64.61
2020-06-21,66.92
2020-06-22,73.82
2020-06-23,78.43
2020-06-24,77.7
2020-06-25,79.91
2020-06-26,83.53
2020-06-27,83.92
2020-06-28,82.75
2020-06-29,87.51
2020-06-30,92.54
2020-07-01,90.2
2020-07-02,89.36
2020-07-03,93.41
2020-07-04,95.61
2020-07-05,94.94
2020-07-06,94.28
2020-07-07,93.62
2020-07-08,92.11
2020-07-09,92.76
2020-07-10,94.5
2020-07-11,92.76
2020-07-12,92.97
2020-07-13,93.41
2020-07-14,93.62
2020-07-15,94.06
2020-07-16,106.4
2020-07-17,130.83
2020-07-18,140.58
2020-07-19,137.68
2020-07-20,130.22
2020-07-21,127.23
2020-07-22,123.74
2020-07-23,121.18
2020-07-24,119.78
2020-07-25,115.14
2020-07-26,110.17
2020-07-27,104.68
2020-07-28,101.33
2020-07-29,151.05
2020-07-30,172.38
2020-07-31,175.2
2020-08-01,180.97
2020-08-02,206.97
2020-08-03,245.6
2020-08-04,262.63
2020-08-05,280.19
2020-08-06,315.96
2020-08-07,348.95
2020-08-08,361.24
2020-08-09,404.51
2020-08-10,389.84
2020-08-11,354.63
2020-08-12,327.1
2020-08-13,301.0
2020-08-14,280.19
2020-08-15,262.63
2020-08-16,246.17
2020-08-17,231.81
2020-08-18,218.28
2020-08-19,206.01
2020-08-20,193.98
2020-08-21,182.65
2020-08-22,171.58
2020-08-23,163.82
2020-08-24,157.85
2020-08-25,150.71
2020-08-26,142.55
2020-08-27,133.9
2020-08-28,126.06
2020-08-29,118.4
2020-08-30,111.98
2020-08-31,107.64
2020-09-01,103.71
2020-09-02,105.41
2020-09-03,109.66
2020-09-04,106.4
2020-09-05,102.75
2020-09-06,166.88
2020-09-07,177.24
2020-09-08,156.76
2020-09-09,145.89
2020-09-10,143.21
2020-09-11,142.55
2020-09-12,145.55
2020-09-13,148.97
2020-09-14,147.94
2020-09-15,144.21
2020-09-16,138.32
2020-09-17,132.97
2020-09-18,131.13
2020-09-19,206.01
2020-09-20,266.92
2020-09-21,297.54
2020-09-22,280.84
2020-09-23,253.68
2020-09-24,230.21
2020-09-25,212.8
2020-09-26,198.53
2020-09-27,184.78
2020-09-28,173.98
2020-09-29,164.2
2020-09-30,154.6
2020-10-01,145.89
2020-10-02,137.68
2020-10-03,129.62
2020-10-04,122.31
2020-10-05,114.88
2020-10-06,108.9
2020-10-07,106.89
2020-10-08,104.68
2020-10-09,103.95
2020-10-10,102.04
2020-10-11,102.75
2020-10-12,105.91
2020-10-13,116.22
2020-10-14,122.59
2020-10-15,122.31
2020-10-16,119.5
2020-10-17,117.3
2020-10-18,115.14
2020-10-19,108.9
2020-10-20,102.75
2020-10-21,96.72
2020-10-22,91.26
2020-10-23,86.1
2020-10-24,81.41
2020-10-25,76.62
2020-10-26,72.28
2020-10-27,69.63
2020-10-28,68.82
2020-10-29,67.55
2020-10-30,64.92
2020-10-31,62.1
2020-11-01,59.67
2020-11-02,59.39
2020-11-03,61.66
2020-11-04,62.97
2020-11-05,63.12
2020-11-06,62.83
2020-11-07,60.38
2020-11-08,57.34
2020-11-09,55.62
2020-11-10,53.08
2020-11-11,50.05
2020-11-12,47.53
2020-11-13,47.75
2020-11-14,50.05
2020-11-15,49.0
2020-11-16,49.58
2020-11-17,55.36
2020-11-18,59.95
2020-11-19,60.09
2020-11-20,58.02
2020-11-21,54.98
2020-11-22,51.84
2020-11-23,48.89
2020-11-24,46.42
2020-11-25,44.08
2020-11-26,42.05
2020-11-27,40.69
2020-11-28,39.36
2020-11-29,38.45
2020-11-30,37.02
2020-12-01,35.06
2020-12-02,33.51
2020-12-03,35.81
2020-12-04,43.87
2020-12-05,49.58
2020-12-06,50.4
2020-12-07,50.64
2020-12-08,49.82
2020-12-09,47.98
2020-12-10,45.67
2020-12-11,43.26
2020-12-12,40.98
2020-12-13,38.81
2020-12-14,36.76
2020-12-15,34.89
2020-12-16,33.67
2020-12-17,33.43
2020-12-18,32.81
2020-12-19,32.34
2020-12-20,31.96
2020-12-21,30.7
2020-12-22,29.41
2020-12-23,28.58
2020-12-24,27.97
2020-12-25,27.12
2020-12-26,25.85
2020-12-27,24.64
2020-12-28,23.6
2020-12-29,22.6
2020-12-30,21.8
2020-12-31,21.34
2021-01-01,20.73
2021-01-02,19.94
2021-01-03,19.37
2021-01-04,19.04
2021-01-05,19.0
2021-01-06,23.04
2021-01-07,28.58
2021-01-08,32.5
2021-01-09,35.73
2021-01-10,38.17
2021-01-11,39.27
2021-01-12,40.11
2021-01-13,41.66
2021-01-14,41.85
2021-01-15,40.3
2021-01-16,38.9
2021-01-17,37.73
2021-01-18,35.98
2021-01-19,33.99
2021-01-20,32.11
2021-01-21,30.19
2021-01-22,28.58
2021-01-23,27.38
2021-01-24,26.1
2021-01-25,24.76
2021-01-26,23.49
2021-01-27,22.28
2021-01-28,21.13
2021-01-29,20.13
2021-01-30,19.32
2021-01-31,19.04
2021-02-01,18.5
2021-02-02,17.71
2021-02-03,17.11
2021-02-04,16.58
2021-02-05,16.02
2021-02-06,15.56
2021-02-07,15.03
2021-02-08,14.49
2021-02-09,14.1
2021-02-10,13.83
2021-02-11,13.49
2021-02-12,13.22
2021-02-13,13.03
2021-02-14,12.84
2021-02-15,12.58
2021-02-16,12.49
2021-02-17,12.4
2021-02-18,12.34
2021-02-19,12.4
2021-02-20,12.37
2021-02-21,12.3
2021-02-22,12.27
2021-02-23,12.12
2021-02-24,12.0
2021-02-25,11.88
2021-02-26,11.82
2021-02-27,11.82
2021-02-28,11.62
2021-03-01,11.5
2021-03-02,11.39
2021-03-03,11.19
2021-03-04,11.16
2021-03-05,11.16
2021-03-06,11.11
2021-03-07,11.02
2021-03-08,10.94
2021-03-09,10.97
2021-03-10,11.02
2021-03-11,11.33
2021-03-12,11.56
2021-03-13,11.27
2021-03-14,11.02
2021-03-15,10.99
2021-03-16,10.97
2021-03-17,10.89
2021-03-18,10.8
2021-03-19,10.78
2021-03-20,10.89
2021-03-21,10.97
2021-03-22,10.94
2021-03-23,10.83
2021-03-24,10.78
2021-03-25,11.13
2021-03-26,11.3
2021-03-27,11.05
2021-03-28,11.59
2021-03-29,14.21
2021-03-30,15.11
2021-03-31,13.93
2021-04-01,14.21
2021-04-02,14.17
2021-04-03,13.45
2021-04-04,13.06
2021-04-05,12.74
2021-04-06,12.52
2021-04-07,12.24
2021-04-08,12.15
2021-04-09,12.65
2021-04-10,12.87
2021-04-11,13.32
2021-04-12,15.41
2021-04-13,18.1
2021-04-14,20.53
2021-04-15,22.82
2021-04-16,23.6
2021-04-17,23.38
2021-04-18,23.89
2021-04-19,24.18
2021-04-20,24.18
2021-04-21,25.24
2021-04-22,26.61
2021-04-23,27.38
2021-04-24,28.44
2021-04-25,30.41
2021-04-26,31.66
2021-04-27,31.66
2021-04-28,30.99
2021-04-29,30.33
2021-04-30,30.55
2021-05-01,32.96
2021-05-02,35.31
2021-05-03,36.5
2021-05-04,38.17
2021-05-05,39.36
2021-05-06,39.46
2021-05-07,39.83
2021-05-08,41.07
2021-05-09,40.78
2021-05-10,42.35
2021-05-11,44.6
2021-05-12,45.24
2021-05-13,47.75
2021-05-14,85.3
2021-05-15,133.59
2021-05-16,138.32
2021-05-17,125.77
2021-05-18,111.72
2021-05-19,148.62
2021-05-20,153.17
2021-05-21,142.55
2021-05-22,135.14
2021-05-23,127.23
2021-05-24,118.95
2021-05-25,112.76
2021-05-26,113.29
2021-05-27,113.29
2021-05-28,108.9
2021-05-29,104.68
2021-05-30,101.09
2021-05-31,96.27
2021-06-01,93.62
2021-06-02,90.41
2021-06-03,88.13
2021-06-04,90.83
2021-06-05,93.84
2021-06-06,97.63
2021-06-07,94.06
2021-06-08,89.78
2021-06-09,87.51
2021-06-10,84.51
2021-06-11,81.22
2021-06-12,86.9
2021-06-13,118.4
2021-06-14,133.28
2021-06-15,137.36
2021-06-16,140.91
2021-06-17,140.91
2021-06-18,137.04
2021-06-19,130.83
2021-06-20,124.03
2021-06-21,117.85
2021-06-22,113.55
2021-06-23,109.66
2021-06-24,107.14
2021-06-25,101.57
2021-06-26,96.5
2021-06-27,92.76
2021-06-28,88.95
2021-06-29,86.9
2021-06-30,83.14
2021-07-01,80.1
2021-07-02,79.72
2021-07-03,78.25
2021-07-04,77.89
2021-07-05,78.43
2021-07-06,76.45
2021-07-07,74.34
2021-07-08,73.82
2021-07-09,92.33
2021-07-10,187.8
2021-07-11,196.24
2021-07-12,176.83
2021-07-13,164.96
2021-07-14,155.68
2021-07-15,148.62
2021-07-16,142.22
2021-07-17,137.04
2021-07-18,133.28
2021-07-19,130.52
2021-07-20,126.64
2021-07-21,130.83
2021-07-22,162.31
2021-07-23,194.43
2021-07-24,201.3
2021-07-25,223.39
2021-07-26,222.87
2021-07-27,208.41
2021-07-28,195.79
2021-07-29,183.08
2021-07-30,171.58
2021-07-31,161.18
2021-08-01,152.46
2021-08-02,144.55
2021-08-03,137.68
2021-08-04,131.13
2021-08-05,127.23
2021-08-06,140.58
2021-08-07,150.36
2021-08-08,148.62
2021-08-09,140.91
2021-08-10,132.35
2021-08-11,126.94
2021-08-12,127.53
2021-08-13,126.64
2021-08-14,125.47
2021-08-15,121.18
2021-08-16,116.76
2021-08-17,113.82
2021-08-18,124.03
2021-08-19,132.05
2021-08-20,128.72
2021-08-21,122.03
2021-08-22,118.4
2021-08-23,116.49
2021-08-24,111.98
2021-08-25,106.4
2021-08-26,101.09
2021-08-27,100.62
2021-08-28,145.55
2021-08-29,250.19
2021-08-30,246.74
2021-08-31,212.8
2021-09-01,187.36
2021-09-02,170.79
2021-09-03,163.44
2021-09-04,158.22
2021-09-05,159.69
2021-09-06,160.06
2021-09-07,158.22
2021-09-08,155.31
2021-09-09,148.28
2021-09-10,140.25
2021-09-11,133.28
2021-09-12,130.22
2021-09-13,132.97
2021-09-14,131.13
2021-09-15,126.64
2021-09-16,121.46
2021-09-17,116.76
2021-09-18,111.46
2021-09-19,107.89
2021-09-20,105.41
2021-09-21,100.39
2021-09-22,95.61
2021-09-23,90.83
2021-09-24,86.7
2021-09-25,82.75
2021-09-26,80.1
2021-09-27,82.56
2021-09-28,86.3
2021-09-29,86.1
2021-09-30,84.51
2021-10-01,100.86
2021-10-02,113.02
2021-10-03,115.41
2021-10-04,111.98
2021-10-05,114.61
2021-10-06,118.67
2021-10-07,116.22
2021-10-08,110.17
2021-10-09,108.9
2021-10-10,107.39
2021-10-11,110.17
2021-10-12,126.94
2021-10-13,135.14
2021-10-14,129.32
2021-10-15,121.46
2021-10-16,191.75
2021-10-17,206.01
2021-10-18,185.64
2021-10-19,166.49
2021-10-20,183.08
2021-10-21,186.5
2021-10-22,190.43
2021-10-23,219.8
2021-10-24,220.31
2021-10-25,204.12
2021-10-26,192.64
2021-10-27,185.64
2021-10-28,180.97
2021-10-29,171.19
2021-10-30,163.82
2021-10-31,163.44
2021-11-01,170.4
2021-11-02,227.56
2021-11-03,238.33
2021-11-04,227.03
2021-11-05,214.77
2021-11-06,199.45
2021-11-07,185.21
2021-11-08,174.39
2021-11-09,169.22
2021-11-10,168.43
2021-11-11,160.81
2021-11-12,153.53
2021-11-13,150.71
2021-11-14,152.46
2021-11-15,149.31
2021-11-16,146.57
2021-11-17,143.21
2021-11-18,139.28
2021-11-19,135.77
2021-11-20,136.72
2021-11-21,131.43
2021-11-22,123.74
2021-11-23,118.12
2021-11-24,116.22
2021-11-25,112.5
2021-11-26,109.92
2021-11-27,108.9
2021-11-28,107.64
2021-11-29,111.2
2021-11-30,110.69
2021-12-01,106.4
2021-12-02,100.62
2021-12-03,96.05
2021-12-04,92.54
2021-12-05,87.72
2021-12-06,83.53
2021-12-07,79.72
2021-12-08,76.27
2021-12-09,72.45
2021-12-10,69.63
2021-12-11,66.14
2021-12-12,62.53
2021-12-13,58.98
2021-12-14,55.89
2021-12-15,52.95
2021-12-16,50.05
2021-12-17,47.31
2021-12-18,44.81
2021-12-19,42.45
2021-12-20,40.3
2021-12-21,38.26
2021-12-22,36.41
2021-12-23,34.56
2021-12-24,32.96
2021-12-25,31.36
2021-12-26,29.83
2021-12-27,28.44
2021-12-28,27.12
2021-12-29,25.92
2021-12-30,24.76
2021-12-31,23.77
2022-01-01,22.93
2022-01-02,22.17
2022-01-03,21.34
2022-01-04,20.48
2022-01-05,19.8
2022-01-06,19.14
2022-01-07,18.45
2022-01-08,17.92
2022-01-09,17.45
2022-01-10,16.99
2022-01-11,15.33
2022-01-12,14.21
2022-01-13,13.62
2022-01-14,13.16
2022-01-15,12.77
2022-01-16,12.4
2022-01-17,12.06
2022-01-18,11.71
2022-01-19,11.45
2022-01-20,11.25
2022-01-21,11.45
2022-01-22,11.59
2022-01-23,11.56
2022-01-24,11.42
2022-01-25,11.27
2022-01-26,11.3
2022-01-27,11.33
2022-01-28,11.22
2022-01-29,11.11
2022-01-30,11.02
2022-01-31,11.56
2022-02-01,11.82
2022-02-02,11.82
2022-02-03,11.88
2022-02-04,11.85
2022-02-05,11.76
2022-02-06,11.82
2022-02-07,11.71
2022-02-08,11.59
2022-02-09,11.47
2022-02-10,11.33
2022-02-11,11.45
2022-02-12,11.88
2022-02-13,11.79
2022-02-14,11.42
2022-02-15,11.42
2022-02-16,11.45
2022-02-17,11.39
2022-02-18,11.27
2022-02-19,11.16
2022-02-20,11.16
2022-02-21,11.22
2022-02-22,11.27
2022-02-23,11.16
2022-02-24,11.02
2022-02-25,10.99
2022-02-26,10.94
2022-02-27,10.91
2022-02-28,10.89
2022-03-01,10.83
2022-03-02,10.75
2022-03-03,10.69
2022-03-04,10.72
2022-03-05,10.75
2022-03-06,10.78
2022-03-07,10.8
2022-03-08,10.91
2022-03-09,10.8
2022-03-10,10.72
2022-03-11,10.67
2022-03-12,10.56
2022-03-13,10.51
2022-03-14,10.43
2022-03-15,10.51
2022-03-16,10.78
2022-03-17,10.97
2022-03-18,11.02
2022-03-19,11.62
2022-03-20,11.94
2022-03-21,11.53
2022-03-22,11.13
2022-03-23,11.5
2022-03-24,12.65
2022-03-25,12.93
2022-03-26,12.77
2022-03-27,12.71
2022-03-28,12.68
2022-03-29,12.68
2022-03-30,12.43
2022-03-31,12.18
2022-04-01,12.3
2022-04-02,12.37
2022-04-03,12.18
2022-04-04,11.97
2022-04-05,11.82
2022-04-06,12.34
2022-04-07,12.49
2022-04-08,13.29
2022-04-09,15.48
2022-04-10,16.62
2022-04-11,18.19
2022-04-12,20.18
2022-04-13,24.82
2022-04-14,27.18
2022-04-15,25.36
2022-04-16,23.49
2022-04-17,22.6
2022-04-18,22.28
2022-04-19,22.5
2022-04-20,22.66
2022-04-21,22.44
2022-04-22,22.5
2022-04-23,22.93
2022-04-24,23.72
2022-04-25,24.53
2022-04-26,24.64
2022-04-27,24.23
2022-04-28,23.77
2022-04-29,23.55
2022-04-30,23.43
2022-05-01,24.41
2022-05-02,26.04
2022-05-03,27.18
2022-05-04,28.31
2022-05-05,28.99
2022-05-06,29.41
2022-05-07,29.27
2022-05-08,28.44
2022-05-09,28.99
2022-05-10,30.77
2022-05-11,32.19
2022-05-12,33.28
2022-05-13,34.4
2022-05-14,42.35
2022-05-15,60.24
2022-05-16,71.44
2022-05-17,96.72
2022-05-18,169.61
2022-05-19,168.82
2022-05-20,148.62
2022-05-21,135.14
2022-05-22,130.22
2022-05-23,128.72
2022-05-24,123.45
2022-05-25,117.3
2022-05-26,111.72
2022-05-27,107.89
2022-05-28,104.68
2022-05-29,100.86
2022-05-30,96.95
2022-05-31,93.19
2022-06-01,92.76
2022-06-02,89.57
2022-06-03,86.9
2022-06-04,85.1
2022-06-05,83.92
2022-06-06,83.53
2022-06-07,81.6
2022-06-08,78.98
2022-06-09,76.45
2022-06-10,75.38
2022-06-11,74.51
2022-06-12,73.99
2022-06-13,73.13
2022-06-14,70.12
2022-06-15,67.87
2022-06-16,68.5
2022-06-17,69.79
2022-06-18,73.13
2022-06-19,78.07
2022-06-20,77.34
2022-06-21,78.25
2022-06-22,80.47
2022-06-23,81.6
2022-06-24,83.72
2022-06-25,86.9
2022-06-26,88.54
2022-06-27,87.1
2022-06-28,89.99
2022-06-29,99.0
2022-06-30,116.22
2022-07-01,129.92
2022-07-02,132.35
2022-07-03,168.43
2022-07-04,205.54
2022-07-05,227.56
2022-07-06,247.31
2022-07-07,273.79
2022-07-08,273.16
2022-07-09,269.4
2022-07-10,263.24
2022-07-11,259.02
2022-07-12,259.02
2022-07-13,271.27
2022-07-14,277.61
2022-07-15,271.27
2022-07-16,261.42
2022-07-17,252.51
2022-07-18,250.77
2022-07-19,246.74
2022-07-20,235.05
2022-07-21,225.46
2022-07-22,216.27
2022-07-23,209.38
2022-07-24,199.91
2022-07-25,188.23
2022-07-26,177.65
2022-07-27,173.58
2022-07-28,174.39
2022-07-29,173.18
2022-07-30,167.27
2022-07-31,162.68
2022-08-01,162.68
2022-08-02,204.12
2022-08-03,370.54
2022-08-04,492.17
2022-08-05,534.8
2022-08-06,519.0
2022-08-07,460.32
2022-08-08,439.55
2022-08-09,436.52
2022-08-10,408.26
2022-08-11,376.57
2022-08-12,349.75
2022-08-13,326.34
2022-08-14,304.49
2022-08-15,284.1
2022-08-16,265.07
2022-08-17,247.31
2022-08-18,231.81
2022-08-19,217.27
2022-08-20,206.01
2022-08-21,194.88
2022-08-22,184.35
2022-08-23,268.77
2022-08-24,380.07
2022-08-25,350.56
2022-08-26,305.9
2022-08-27,282.14
2022-08-28,322.59
2022-08-29,312.33
2022-08-30,288.07
2022-08-31,281.49
2022-09-01,272.53
2022-09-02,261.42
2022-09-03,249.61
2022-09-04,235.59
2022-09-05,223.39
2022-09-06,215.27
2022-09-07,223.91
2022-09-08,235.59
2022-09-09,233.42
2022-09-10,223.39
2022-09-11,217.78
2022-09-12,212.8
2022-09-13,204.12
2022-09-14,193.54
2022-09-15,182.65
2022-09-16,172.38
2022-09-17,162.31
2022-09-18,153.53
2022-09-19,145.22
2022-09-20,138.64
2022-09-21,131.74
2022-09-22,124.6
2022-09-23,117.58
2022-09-24,110.69
2022-09-25,104.68
2022-09-26,98.77
2022-09-27,93.84
2022-09-28,89.16
2022-09-29,84.51
2022-09-30,80.85
2022-10-01,77.52
2022-10-02,75.03
2022-10-03,72.62
2022-10-04,71.11
2022-10-05,69.31
2022-10-06,68.66
2022-10-07,67.39
2022-10-08,64.61
2022-10-09,61.52
2022-10-10,58.84
2022-10-11,57.75
2022-10-12,56.81
2022-10-13,59.67
2022-10-14,63.71
2022-10-15,66.76
2022-10-16,67.87
2022-10-17,70.29
2022-10-18,75.56
2022-10-19,83.53
2022-10-20,88.33
2022-10-21,89.16
2022-10-22,93.19
2022-10-23,92.11
2022-10-24,87.51
2022-10-25,83.72
2022-10-26,79.91
2022-10-27,75.74
2022-10-28,71.78
2022-10-29,68.02
2022-10-30,64.31
2022-10-31,62.1
2022-11-01,61.81
2022-11-02,61.09
2022-11-03,59.67
2022-11-04,59.26
2022-11-05,58.02
2022-11-06,58.02
2022-11-07,59.39
2022-11-08,59.26
2022-11-09,57.21
2022-11-10,55.23
2022-11-11,52.83
2022-11-12,54.46
2022-11-13,62.39
2022-11-14,67.08
2022-11-15,68.82
2022-11-16,68.98
2022-11-17,67.23
2022-11-18,64.46
2022-11-19,60.94
2022-11-20,57.48
2022-11-21,54.34
2022-11-22,51.36
2022-11-23,48.55
2022-11-24,46.21
2022-11-25,43.87
2022-11-26,41.85
2022-11-27,40.02
2022-11-28,40.69
2022-11-29,46.64
2022-11-30,50.52
2022-12-01,50.4
2022-12-02,47.98
2022-12-03,45.45
2022-12-04,43.77
2022-12-05,42.45
2022-12-06,41.27
2022-12-07,39.74
2022-12-08,37.9
2022-12-09,36.24
2022-12-10,35.06
2022-12-11,34.32
2022-12-12,36.5
2022-12-13,41.36
2022-12-14,42.35
2022-12-15,42.25
2022-12-16,42.65
2022-12-17,40.98
2022-12-18,38.72
2022-12-19,36.76
2022-12-20,34.81
2022-12-21,33.36
2022-12-22,31.89
2022-12-23,30.41
2022-12-24,28.99
2022-12-25,27.64
2022-12-26,26.48
2022-12-27,25.61
2022-12-28,24.76
2022-12-29,23.95
2022-12-30,22.99
2022-12-31,21.28
2023-01-01,20.53
2023-01-02,19.75
2023-01-03,19.04
2023-01-04,18.45
2023-01-05,17.84
2023-01-06,17.32
2023-01-07,16.91
2023-01-08,16.46
2023-01-09,15.98
2023-01-10,15.6
2023-01-11,14.17
2023-01-12,13.13
2023-01-13,12.65
2023-01-14,12.34
2023-01-15,12.03
2023-01-16,11.76
2023-01-17,11.5
2023-01-18,11.3
2023-01-19,11.08
2023-01-20,10.8
2023-01-21,10.8
2023-01-22,11.02
2023-01-23,11.08
2023-01-24,11.76
2023-01-25,12.46
2023-01-26,12.21
2023-01-27,11.82
2023-01-28,11.5
2023-01-29,11.19
2023-01-30,11.11
2023-01-31,11.79
2023-02-01,12.18
2023-02-02,12.3
2023-02-03,12.43
2023-02-04,12.55
2023-02-05,12.43
2023-02-06,12.15
2023-02-07,11.97
2023-02-08,11.88
2023-02-09,11.76
2023-02-10,11.65
2023-02-11,11.59
2023-02-12,11.53
2023-02-13,11.45
2023-02-14,11.3
2023-02-15,11.27
2023-02-16,11.27
2023-02-17,11.19
2023-02-18,11.16
2023-02-19,11.19
2023-02-20,11.13
2023-02-21,11.13
2023-02-22,11.11
2023-02-23,11.02
2023-02-24,10.91
2023-02-25,10.94
2023-02-26,10.94
2023-02-27,10.8
2023-02-28,10.8
2023-03-01,11.02
2023-03-02,11.02
2023-03-03,10.83
2023-03-04,10.69
2023-03-05,10.69
2023-03-06,10.78
2023-03-07,10.75
2023-03-08,10.69
2023-03-09,10.61
2023-03-10,10.61
2023-03-11,10.61
2023-03-12,10.61
2023-03-13,10.59
2023-03-14,10.59
2023-03-15,10.75
2023-03-16,11.16
2023-03-17,11.42
2023-03-18,11.3
2023-03-19,11.27
2023-03-20,11.19
2023-03-21,10.97
2023-03-22,10.8
2023-03-23,10.78
2023-03-24,11.39
2023-03-25,12.68
2023-03-26,14.17
2023-03-27,13.96
2023-03-28,12.61
2023-03-29,12.3
2023-03-30,12.24
2023-03-31,11.82
2023-04-01,11.68
2023-04-02,12.37
2023-04-03,13.06
2023-04-04,14.0
2023-04-05,15.75
2023-04-06,16.82
2023-04-07,16.62
2023-04-08,15.9
2023-04-09,15.83
2023-04-10,15.75
2023-04-11,15.48
2023-04-12,15.11
2023-04-13,14.74
2023-04-14,14.45
2023-04-15,14.17
2023-04-16,14.0
2023-04-17,13.83
2023-04-18,13.66
2023-04-19,13.66
2023-04-20,13.83
2023-04-21,14.35
2023-04-22,15.29
2023-04-23,17.32
2023-04-24,18.95
2023-04-25,19.99
2023-04-26,21.49
2023-04-27,22.23
2023-04-28,22.07
2023-04-29,22.99
2023-04-30,25.61
2023-05-01,30.55
2023-05-02,34.08
2023-05-03,34.24
2023-05-04,32.5
2023-05-05,30.84
2023-05-06,29.83
2023-05-07,29.9
2023-05-08,29.48
2023-05-09,29.06
2023-05-10,29.69
2023-05-11,30.33
2023-05-12,30.41
2023-05-13,29.76
2023-05-14,29.06
2023-05-15,28.24
2023-05-16,27.31
2023-05-17,27.97
2023-05-18,30.7
2023-05-19,32.96
2023-05-20,33.28
2023-05-21,33.36
2023-05-22,35.22
2023-05-23,37.37
2023-05-24,37.46
2023-05-25,37.28
2023-05-26,36.84
2023-05-27,36.58
2023-05-28,37.37
2023-05-29,38.81
2023-05-30,40.59
2023-05-31,42.45
2023-06-01,43.77
2023-06-02,43.67
2023-06-03,43.87
2023-06-04,45.45
2023-06-05,45.67
2023-06-06,45.34
2023-06-07,44.92
2023-06-08,45.03
2023-06-09,44.92
2023-06-10,46.64
2023-06-11,49.35
2023-06-12,51.0
2023-06-13,52.7
2023-06-14,53.58
2023-06-15,52.95
2023-06-16,50.76
2023-06-17,49.12
2023-06-18,48.2
2023-06-19,47.64
2023-06-20,46.86
2023-06-21,46.32
2023-06-22,46.32
2023-06-23,45.45
2023-06-24,44.5
2023-06-25,44.08
2023-06-26,46.42
2023-06-27,52.83
2023-06-28,60.66
2023-06-29,65.83
2023-06-30,66.45
2023-07-01,64.61
2023-07-02,64.61
2023-07-03,109.92
2023-07-04,262.63
2023-07-05,404.51
2023-07-06,376.57
2023-07-07,332.43
2023-07-08,290.74
2023-07-09,256.63
2023-07-10,231.27
2023-07-11,215.77
2023-07-12,201.3
2023-07-13,191.31
2023-07-14,186.07
2023-07-15,176.01
2023-07-16,166.88
2023-07-17,158.96
2023-07-18,153.88
2023-07-19,155.31
2023-07-20,156.04
2023-07-21,154.6
2023-07-22,153.88
2023-07-23,165.34
2023-07-24,173.98
2023-07-25,171.98
2023-07-26,171.58
2023-07-27,171.58
2023-07-28,164.96
2023-07-29,156.4
2023-07-30,147.25
2023-07-31,138.96
2023-08-01,132.35
2023-08-02,126.64
2023-08-03,121.18
2023-08-04,116.22
2023-08-05,116.76
2023-08-06,111.46
2023-08-07,106.4
2023-08-08,100.62
2023-08-09,96.05
2023-08-10,91.47
2023-08-11,88.13
2023-08-12,84.7
2023-08-13,82.37
2023-08-14,82.18
2023-08-15,77.34
2023-08-16,73.82
2023-08-17,70.12
2023-08-18,66.61
2023-08-19,63.27
2023-08-20,61.23
2023-08-21,59.12
2023-08-22,56.15
2023-08-23,54.21
2023-08-24,51.72
2023-08-25,49.0
2023-08-26,46.21
2023-08-27,43.87
2023-08-28,41.85
2023-08-29,40.4
2023-08-30,41.85
2023-08-31,45.88
2023-09-01,45.13
2023-09-02,45.24
2023-09-03,47.53
2023-09-04,48.77
2023-09-05,49.93
2023-09-06,52.09
2023-09-07,53.2
2023-09-08,58.7
2023-09-09,71.95
2023-09-10,89.57
2023-09-11,91.26
2023-09-12,98.08
2023-09-13,107.89
2023-09-14,102.51
2023-09-15,102.04
2023-09-16,117.85
2023-09-17,124.89
2023-09-18,109.41
2023-09-19,111.46
2023-09-20,111.72
2023-09-21,110.69
2023-09-22,104.2
2023-09-23,109.41
2023-09-24,114.08
2023-09-25,122.31
2023-09-26,122.03
2023-09-27,114.88
2023-09-28,107.64
2023-09-29,122.59
2023-09-30,128.72
2023-10-01,119.5
2023-10-02,137.36
2023-10-03,143.88
2023-10-04,140.25
2023-10-05,129.32
2023-10-06,122.03
2023-10-07,114.61
2023-10-08,107.14
2023-10-09,100.39
2023-10-10,98.77
2023-10-11,95.16
2023-10-12,102.51
2023-10-13,111.2
2023-10-14,97.86
2023-10-15,112.76
2023-10-16,112.24
2023-10-17,100.16
2023-10-18,107.39
2023-10-19,112.24
2023-10-20,101.8
2023-10-21,95.16
2023-10-22,89.36
2023-10-23,85.7
2023-10-24,85.5
2023-10-25,87.31
2023-10-26,90.83
2023-10-27,95.16
2023-10-28,88.54
2023-10-29,84.31
2023-10-30,83.72
2023-10-31,87.92
2023-11-01,88.13
2023-11-02,90.83
2023-11-03,90.2
2023-11-04,87.92
2023-11-05,99.93
2023-11-06,110.43
2023-11-07,127.82
2023-11-08,121.74
2023-11-09,123.17
2023-11-10,127.82
2023-11-11,130.52
2023-11-12,121.74
2023-11-13,118.4
2023-11-14,108.9
2023-11-15,102.28
2023-11-16,95.83
2023-11-17,90.62
2023-11-18,86.7
2023-11-19,82.95
2023-11-20,78.98
2023-11-21,72.96
2023-11-22,69.47
2023-11-23,70.45
2023-11-24,66.92
2023-11-25,79.91
2023-11-26,115.14
2023-11-27,103.23
2023-11-28,96.5
2023-11-29,90.41
2023-11-30,84.9
2023-12-01,78.8
2023-12-02,75.38
2023-12-03,71.28
2023-12-04,66.45
2023-12-05,63.42
2023-12-06,60.66
2023-12-07,57.34
2023-12-08,54.21
2023-12-09,52.33
2023-12-10,51.97
2023-12-11,52.33
2023-12-12,51.36
2023-12-13,48.55
2023-12-14,46.1
2023-12-15,43.06
2023-12-16,40.78
2023-12-17,39.09
2023-12-18,38.17
2023-12-19,42.95
2023-12-20,49.58
2023-12-21,53.95
2023-12-22,50.52
2023-12-23,47.53
2023-12-24,44.71
2023-12-25,42.15
2023-12-26,40.02
2023-12-27,37.9
2023-12-28,35.81
2023-12-29,34.16
2023-12-30,32.5
2023-12-31,31.06
2024-01-01,29.76
2024-01-02,28.38
2024-01-03,27.05
2024-01-04,26.23
2024-01-05,27.18
2024-01-06,27.05
2024-01-07,31.81
2024-01-08,37.11
2024-01-09,33.99
2024-01-10,33.59
2024-01-11,38.54
2024-01-12,44.08
2024-01-13,39.83
2024-01-14,36.93
2024-01-15,34.48
2024-01-16,32.42
2024-01-17,30.62
2024-01-18,28.99
2024-01-19,27.64
2024-01-20,26.29
2024-01-21,25.24
2024-01-22,23.83
2024-01-23,22.28
2024-01-24,21.23
2024-01-25,20.68
2024-01-26,20.33
2024-01-27,19.42
2024-01-28,18.54
2024-01-29,17.75
2024-01-30,17.07
2024-01-31,16.42
2024-02-01,16.42
2024-02-02,16.3
2024-02-03,15.98
2024-02-04,15.52
2024-02-05,15.07
2024-02-06,14.7
2024-02-07,14.31
2024-02-08,13.89
2024-02-09,13.59
2024-02-10,13.26
2024-02-11,13.0
2024-02-12,12.77
2024-02-13,12.55
2024-02-14,12.43
2024-02-15,12.27
2024-02-16,12.06
2024-02-17,11.91
2024-02-18,11.79
2024-02-19,11.76
2024-02-20,11.65
2024-02-21,11.62
2024-02-22,11.62
2024-02-23,11.59
2024-02-24,11.68
2024-02-25,11.71
2024-02-26,11.68
2024-02-27,11.56
2024-02-28,11.45
2024-02-29,11.3
2024-03-01,11.19
2024-03-02,11.19
2024-03-03,11.3
2024-03-04,11.33
2024-03-05,11.11
2024-03-06,11.05
2024-03-07,11.05
2024-03-08,11.02
2024-03-09,11.02
2024-03-10,11.05
2024-03-11,11.02
2024-03-12,11.05
2024-03-13,10.94
2024-03-14,10.99
2024-03-15,11.08
2024-03-16,11.05
2024-03-17,11.13
2024-03-18,11.05
2024-03-19,10.91
2024-03-20,10.91
2024-03-21,10.86
2024-03-22,10.75
2024-03-23,10.78
2024-03-24,10.89
2024-03-25,10.83
2024-03-26,10.78
2024-03-27,10.72
2024-03-28,10.69
2024-03-29,11.11
2024-03-30,11.19
2024-03-31,11.16
2024-04-01,11.5
2024-04-02,11.33
2024-04-03,11.25
2024-04-04,11.25
2024-04-05,11.02
2024-04-06,11.16
2024-04-07,11.11
2024-04-08,10.99
2024-04-09,11.45
2024-04-10,11.71
2024-04-11,11.74
2024-04-12,11.76
2024-04-13,12.18
2024-04-14,12.93
2024-04-15,12.68
2024-04-16,13.66
2024-04-17,13.03
2024-04-18,12.68
2024-04-19,12.77
2024-04-20,13.0
2024-04-21,13.22
2024-04-22,13.39
2024-04-23,13.86
2024-04-24,13.79
2024-04-25,13.83
2024-04-26,13.72
2024-04-27,13.83
2024-04-28,14.0
2024-04-29,14.14
2024-04-30,14.03
2024-05-01,14.03
2024-05-02,14.1
2024-05-03,14.24
2024-05-04,14.24
2024-05-05,14.67
2024-05-06,16.06
2024-05-07,15.71
2024-05-08,15.03
2024-05-09,15.6
2024-05-10,16.02
2024-05-11,16.86
2024-05-12,19.7
2024-05-13,19.99
2024-05-14,24.64
2024-05-15,24.35
2024-05-16,27.31
2024-05-17,27.84
2024-05-18,30.48
2024-05-19,41.36
2024-05-20,82.56
2024-05-21,90.83
2024-05-22,97.4
2024-05-23,111.46
2024-05-24,178.06
2024-05-25,199.91
2024-05-26,276.97
2024-05-27,258.42
2024-05-28,232.35
2024-05-29,206.97
2024-05-30,192.64
2024-05-31,206.97
2024-06-01,197.61
2024-06-02,199.45
2024-06-03,195.34
2024-06-04,188.67
2024-06-05,183.5
2024-06-06,171.58
2024-06-07,164.96
2024-06-08,160.06
2024-06-09,160.06
2024-06-10,171.58
2024-06-11,180.97
2024-06-12,170.79
2024-06-13,163.44
2024-06-14,157.49
2024-06-15,149.31
2024-06-16,140.25
2024-06-17,132.05
2024-06-18,127.53
2024-06-19,123.74
2024-06-20,120.06
2024-06-21,120.9
2024-06-22,126.06
2024-06-23,120.9
2024-06-24,141.23
2024-06-25,209.38
2024-06-26,265.69
2024-06-27,328.61
2024-06-28,335.51
2024-06-29,301.0
2024-06-30,271.9
2024-07-01,248.46
2024-07-02,231.81
2024-07-03,214.28
2024-07-04,206.49
2024-07-05,194.88
2024-07-06,184.35
2024-07-07,178.89
2024-07-08,169.61
2024-07-09,169.61
2024-07-10,162.31
2024-07-11,171.58
2024-07-12,160.44
2024-07-13,172.78
2024-07-14,180.55
2024-07-15,205.06
2024-07-16,247.31
2024-07-17,274.42
2024-07-18,302.39
2024-07-19,327.85
2024-07-20,327.1
2024-07-21,303.09
2024-07-22,280.84
2024-07-23,263.85
2024-07-24,249.03
2024-07-25,241.1
2024-07-26,234.5
2024-07-27,232.35
2024-07-28,239.44
2024-07-29,222.87
2024-07-30,220.82
2024-07-31,231.81
2024-08-01,278.25
2024-08-02,294.8
2024-08-03,272.53
2024-08-04,256.63
2024-08-05,247.31
2024-08-06,234.5
2024-08-07,225.46
2024-08-08,212.8
2024-08-09,205.54
2024-08-10,194.88
2024-08-11,178.47
2024-08-12,170.79
2024-08-13,170.79
2024-08-14,166.49
2024-08-15,165.34
2024-08-16,168.82
2024-08-17,193.54
2024-08-18,199.91
2024-08-19,178.47
2024-08-20,169.61
2024-08-21,162.68
2024-08-22,156.76
2024-08-23,153.17
2024-08-24,148.28
2024-08-25,140.91
2024-08-26,134.21
2024-08-27,127.23
2024-08-28,124.6
2024-08-29,119.5
2024-08-30,116.76
2024-08-31,118.4
2024-09-01,119.78
2024-09-02,120.06
2024-09-03,123.17
2024-09-04,130.83
2024-09-05,121.18
2024-09-06,118.12
2024-09-07,112.24
2024-09-08,107.39
2024-09-09,104.44
2024-09-10,108.14
2024-09-11,116.76
2024-09-12,112.76
2024-09-13,112.24
2024-09-14,108.9
2024-09-15,103.71
2024-09-16,102.28
2024-09-17,96.95
2024-09-18,89.16
2024-09-19,84.9
2024-09-20,80.28
2024-09-21,76.27
2024-09-22,72.62
2024-09-23,68.5
2024-09-24,71.95
2024-09-25,76.27
2024-09-26,67.87
2024-09-27,66.3
2024-09-28,64.01
2024-09-29,61.66
2024-09-30,60.8
2024-10-01,60.38
2024-10-02,60.38
2024-10-03,60.09
2024-10-04,59.12
2024-10-05,58.7
2024-10-06,57.48
2024-10-07,61.09
2024-10-08,69.31
2024-10-09,63.27
2024-10-10,63.42
2024-10-11,66.76
2024-10-12,72.45
2024-10-13,72.96
2024-10-14,77.16
2024-10-15,83.72
2024-10-16,73.64
2024-10-17,76.8
2024-10-18,82.18
2024-10-19,77.89
2024-10-20,74.51
2024-10-21,72.28
2024-10-22,70.45
2024-10-23,73.99
2024-10-24,76.45
2024-10-25,73.99
2024-10-26,76.45
2024-10-27,85.3
2024-10-28,74.68
2024-10-29,69.96
2024-10-30,66.45
2024-10-31,62.83
2024-11-01,59.26
2024-11-02,58.02
2024-11-03,63.42
2024-11-04,64.46
2024-11-05,75.38
2024-11-06,76.8
2024-11-07,75.38
2024-11-08,73.13
2024-11-09,69.79
2024-11-10,66.61
2024-11-11,62.39
2024-11-12,58.84
2024-11-13,55.89
2024-11-14,53.45
2024-11-15,52.46
2024-11-16,53.7
2024-11-17,57.88
2024-11-18,57.48
2024-11-19,53.58
2024-11-20,49.35
2024-11-21,47.42
2024-11-22,46.21
2024-11-23,44.6
2024-11-24,41.66
2024-11-25,39.55
2024-11-26,37.37
2024-11-27,37.55
2024-11-28,41.17
2024-11-29,41.46
2024-11-30,33.28
2024-12-01,31.81
2024-12-02,31.73
2024-12-03,35.81
2024-12-04,39.09
2024-12-05,41.07
2024-12-06,39.74
2024-12-07,38.72
2024-12-08,37.11
2024-12-09,35.48
2024-12-10,33.67
2024-12-11,32.04
2024-12-12,30.92
2024-12-13,157.49
2024-12-14,179.72
2024-12-15,55.49
2024-12-16,40.59
2024-12-17,36.84
2024-12-18,34.81
2024-12-19,33.12
2024-12-20,31.43
2024-12-21,29.9
2024-12-22,28.51
2024-12-23,27.25
2024-12-24,26.16
2024-12-25,25.06
2024-12-26,24.0
2024-12-27,22.88
2024-12-28,22.17
2024-12-29,21.39
2024-12-30,20.38
2024-12-31,19.75
2025-01-01,19.14
2025-01-02,18.41
2025-01-03,17.79
2025-01-04,17.28
2025-01-05,16.78
2025-01-06,16.3
2025-01-07,15.87
2025-01-08,15.48
2025-01-09,15.14
2025-01-10,14.85
2025-01-11,14.49
2025-01-12,13.26
2025-01-13,12.4
2025-01-14,12.27
2025-01-15,12.8
2025-01-16,12.21
2025-01-17,12.37
2025-01-18,12.15
2025-01-19,11.82
2025-01-20,12.0
2025-01-21,12.77
2025-01-22,12.43
2025-01-23,12.18
2025-01-24,12.06
2025-01-25,12.43
2025-01-26,12.09
2025-01-27,11.71
2025-01-28,11.45
2025-01-29,11.36
2025-01-30,11.33
2025-01-31,11.19
2025-02-01,11.71
2025-02-02,12.06
2025-02-03,11.94
2025-02-04,11.85
2025-02-05,11.71
2025-02-06,11.56
2025-02-07,11.47
2025-02-08,11.39
2025-02-09,11.25
2025-02-10,11.13
2025-02-11,11.13
2025-02-12,11.16
2025-02-13,11.11
2025-02-14,11.05
2025-02-15,11.02
2025-02-16,10.97
2025-02-17,10.91
2025-02-18,10.91
2025-02-19,10.91
2025-02-20,10.89
2025-02-21,10.89
2025-02-22,10.8
2025-02-23,10.78
2025-02-24,10.75
2025-02-25,10.61
2025-02-26,10.59
2025-02-27,10.59
2025-02-28,10.56
2025-03-01,10.59
2025-03-02,10.75
2025-03-03,10.91
2025-03-04,10.83
2025-03-05,10.69
2025-03-06,10.61
2025-03-07,10.67
2025-03-08,10.72
2025-03-09,10.72
2025-03-10,10.67
2025-03-11,10.51
2025-03-12,10.89
2025-03-13,12.61
2025-03-14,13.09
2025-03-15,12.18
2025-03-16,11.97
2025-03-17,11.97
2025-03-18,12.27
2025-03-19,12.24
2025-03-20,12.46
2025-03-21,12.09
2025-03-22,11.97
2025-03-23,12.3
2025-03-24,12.65
2025-03-25,13.16
2025-03-26,12.49
2025-03-27,12.4
2025-03-28,12.37
2025-03-29,12.43
2025-03-30,12.34
2025-03-31,12.12
2025-04-01,11.97
2025-04-02,11.94
2025-04-03,12.46
2025-04-04,13.09
2025-04-05,13.93
2025-04-06,20.58
2025-04-07,20.93
2025-04-08,21.39
2025-04-09,20.13
2025-04-10,19.56
2025-04-11,19.14
2025-04-12,18.68
2025-04-13,18.68
2025-04-14,19.28
2025-04-15,18.72
2025-04-16,18.45
2025-04-17,19.04
2025-04-18,18.91
2025-04-19,19.04
2025-04-20,20.09
2025-04-21,21.65
2025-04-22,21.65
2025-04-23,21.7
2025-04-24,21.28
2025-04-25,21.03
2025-04-26,22.17
2025-04-27,22.82
2025-04-28,22.55
2025-04-29,22.99
2025-04-30,23.32
2025-05-01,22.82
2025-05-02,23.1
2025-05-03,22.99
2025-05-04,24.53
2025-05-05,26.16
2025-05-06,25.36
2025-05-07,25.12
2025-05-08,27.05
2025-05-09,26.48
2025-05-10,25.0
2025-05-11,23.95
2025-05-12,22.99
2025-05-13,22.33
2025-05-14,22.5
2025-05-15,23.49
2025-05-16,23.21
2025-05-17,23.6
2025-05-18,24.88
2025-05-19,24.0
2025-05-20,25.67
2025-05-21,27.77
2025-05-22,28.99
2025-05-23,28.24
2025-05-24,33.83
2025-05-25,68.18
2025-05-26,206.49
2025-05-27,349.75
2025-05-28,307.32
2025-05-29,219.8
2025-05-30,260.22
2025-05-31,315.23
2025-06-01,300.3
2025-06-02,280.19
2025-06-03,238.88
2025-06-04,216.27
2025-06-05,203.64
2025-06-06,189.11
2025-06-07,171.19
2025-06-08,160.06
2025-06-09,150.71
2025-06-10,145.55
2025-06-11,140.91
2025-06-12,143.54
2025-06-13,144.55
2025-06-14,176.01
2025-06-15,268.77
2025-06-16,365.44
2025-06-17,344.94
2025-06-18,319.63
2025-06-19,278.9
2025-06-20,262.63
2025-06-21,245.04
2025-06-22,228.09
2025-06-23,215.27
2025-06-24,204.59
2025-06-25,199.45
2025-06-26,196.24
2025-06-27,202.24
2025-06-28,203.17
2025-06-29,195.79
2025-06-30,189.99
2025-07-01,178.47
2025-07-02,176.01
2025-07-03,170.0
2025-07-04,165.72
2025-07-05,162.31
2025-07-06,154.6
2025-07-07,151.41
2025-07-08,147.59
2025-07-09,142.55
2025-07-10,136.4
2025-07-11,130.83
2025-07-12,127.53
2025-07-13,124.89
2025-07-14,121.74
2025-07-15,123.45
2025-07-16,121.46
2025-07-17,124.89
2025-07-18,134.83
2025-07-19,224.42
2025-07-20,286.08
2025-07-21,321.85
2025-07-22,337.84
2025-07-23,331.66
2025-07-24,379.19
2025-07-25,370.54
2025-07-26,357.1
2025-07-27,393.46
2025-07-28,395.28
2025-07-29,361.24
2025-07-30,328.61
2025-07-31,303.79
2025-08-01,286.74
2025-08-02,271.27
2025-08-03,263.24
2025-08-04,266.3
2025-08-05,273.16
2025-08-06,286.74
2025-08-07,245.04
2025-08-08,254.86
2025-08-09,239.44
2025-08-10,222.87
2025-08-11,206.49
2025-08-12,196.7
2025-08-13,186.07
2025-08-14,179.3
2025-08-15,175.2
2025-08-16,184.78
2025-08-17,193.98
2025-08-18,185.21
2025-08-19,193.09
2025-08-20,190.87
2025-08-21,178.89
2025-08-22,166.49
2025-08-23,156.4
2025-08-24,146.91
2025-08-25,138.0
2025-08-26,129.02
2025-08-27,121.46
2025-08-28,119.5
2025-08-29,129.32
2025-08-30,138.64
2025-08-31,183.5
2025-09-01,176.42
2025-09-02,170.0
2025-09-03,161.55
2025-09-04,153.17
2025-09-05,148.28
2025-09-06,139.28
2025-09-07,132.05
2025-09-08,122.88
2025-09-09,115.41
2025-09-10,108.9
2025-09-11,108.4
2025-09-12,102.99
2025-09-13,96.05
2025-09-14,89.36
2025-09-15,84.51
2025-09-16,80.66
2025-09-17,76.98
2025-09-18,76.62
2025-09-19,80.66
2025-09-20,78.43
2025-09-21,75.74
2025-09-22,75.56
2025-09-23,76.09
2025-09-24,72.11
2025-09-25,71.95
2025-09-26,68.98
2025-09-27,68.98
2025-09-28,70.45
2025-09-29,72.45
2025-09-30,73.64
