date,river_discharge_m3s
1997-01-01,61.37
1997-01-02,58.02
1997-01-03,55.1
1997-01-04,52.58
1997-01-05,50.17
1997-01-06,47.98
1997-01-07,45.67
1997-01-08,43.57
1997-01-09,41.46
1997-01-10,39.55
1997-01-11,28.92
1997-01-12,23.43
1997-01-13,21.18
1997-01-14,19.46
1997-01-15,18.14
1997-01-16,16.99
1997-01-17,15.71
1997-01-18,14.28
1997-01-19,12.77
1997-01-20,11.59
1997-01-21,12.15
1997-01-22,12.24
1997-01-23,11.82
1997-01-24,11.33
1997-01-25,10.75
1997-01-26,9.96
1997-01-27,9.21
1997-01-28,8.57
1997-01-29,8.06
1997-01-30,7.65
1997-01-31,12.15
1997-02-01,15.71
1997-02-02,16.3
1997-02-03,15.98
1997-02-04,16.3
1997-02-05,16.02
1997-02-06,17.45
1997-02-07,18.1
1997-02-08,17.41
1997-02-09,17.2
1997-02-10,16.7
1997-02-11,16.14
1997-02-12,15.83
1997-02-13,15.18
1997-02-14,15.0
1997-02-15,14.45
1997-02-16,14.14
1997-02-17,13.79
1997-02-18,13.66
1997-02-19,13.49
1997-02-20,13.0
1997-02-21,12.71
1997-02-22,12.4
1997-02-23,12.61
1997-02-24,13.39
1997-02-25,13.66
1997-02-26,13.09
1997-02-27,12.77
1997-02-28,12.21
1997-03-01,11.71
1997-03-02,11.5
1997-03-03,11.82
1997-03-04,12.58
1997-03-05,12.52
1997-03-06,12.27
1997-03-07,11.94
1997-03-08,11.59
1997-03-09,11.56
1997-03-10,11.27
1997-03-11,11.02
1997-03-12,10.72
1997-03-13,10.43
1997-03-14,10.51
1997-03-15,10.72
1997-03-16,10.91
1997-03-17,11.11
1997-03-18,11.19
1997-03-19,11.39
1997-03-20,11.82
1997-03-21,13.16
1997-03-22,15.67
1997-03-23,17.45
1997-03-24,17.71
1997-03-25,17.58
1997-03-26,16.86
1997-03-27,15.83
1997-03-28,15.11
1997-03-29,14.7
1997-03-30,16.34
1997-03-31,18.19
1997-04-01,20.23
1997-04-02,20.33
1997-04-03,20.43
1997-04-04,19.8
1997-04-05,22.07
1997-04-06,25.61
1997-04-07,28.51
1997-04-08,27.91
1997-04-09,32.96
1997-04-10,38.26
1997-04-11,40.11
1997-04-12,40.69
1997-04-13,39.83
1997-04-14,38.08
1997-04-15,36.84
1997-04-16,37.19
1997-04-17,40.78
1997-04-18,45.67
1997-04-19,46.32
1997-04-20,45.24
1997-04-21,44.81
1997-04-22,44.29
1997-04-23,43.87
1997-04-24,43.16
1997-04-25,45.13
1997-04-26,48.77
1997-04-27,52.33
1997-04-28,52.83
1997-04-29,51.6
1997-04-30,50.76
1997-05-01,51.12
1997-05-02,51.6
1997-05-03,52.33
1997-05-04,57.08
1997-05-05,60.38
1997-05-06,61.09
1997-05-07,64.16
1997-05-08,81.22
1997-05-09,96.05
1997-05-10,99.0
1997-05-11,94.94
1997-05-12,90.2
1997-05-13,86.1
1997-05-14,83.53
1997-05-15,83.53
1997-05-16,83.33
1997-05-17,81.22
1997-05-18,80.47
1997-05-19,78.62
1997-05-20,75.74
1997-05-21,71.95
1997-05-22,67.87
1997-05-23,64.01
1997-05-24,60.94
1997-05-25,60.94
1997-05-26,63.42
1997-05-27,67.39
1997-05-28,69.31
1997-05-29,67.39
1997-05-30,64.31
1997-05-31,62.1
1997-06-01,62.97
1997-06-02,64.01
1997-06-03,62.24
1997-06-04,61.09
1997-06-05,63.12
1997-06-06,63.71
1997-06-07,63.42
1997-06-08,64.16
1997-06-09,66.76
1997-06-10,65.83
1997-06-11,63.42
1997-06-12,64.31
1997-06-13,66.61
1997-06-14,73.99
1997-06-15,75.56
1997-06-16,73.82
1997-06-17,70.61
1997-06-18,68.34
1997-06-19,66.92
1997-06-20,65.83
1997-06-21,64.16
1997-06-22,62.53
1997-06-23,63.42
1997-06-24,65.53
1997-06-25,71.28
1997-06-26,76.62
1997-06-27,86.1
1997-06-28,94.06
1997-06-29,119.78
1997-06-30,247.89
1997-07-01,269.4
1997-07-02,239.99
1997-07-03,216.77
1997-07-04,204.12
1997-07-05,193.09
1997-07-06,186.93
1997-07-07,179.3
1997-07-08,176.01
1997-07-09,170.0
1997-07-10,170.0
1997-07-11,173.58
1997-07-12,171.98
1997-07-13,164.96
1997-07-14,159.69
1997-07-15,153.17
1997-07-16,146.57
1997-07-17,140.25
1997-07-18,134.83
1997-07-19,132.05
1997-07-20,127.82
1997-07-21,124.03
1997-07-22,122.88
1997-07-23,146.23
1997-07-24,246.17
1997-07-25,259.62
1997-07-26,238.88
1997-07-27,223.91
1997-07-28,210.84
1997-07-29,195.34
1997-07-30,182.65
1997-07-31,175.6
1997-08-01,177.24
1997-08-02,182.65
1997-08-03,176.01
1997-08-04,167.27
1997-08-05,158.96
1997-08-06,151.05
1997-08-07,146.91
1997-08-08,152.82
1997-08-09,155.68
1997-08-10,152.11
1997-08-11,148.97
1997-08-12,143.54
1997-08-13,137.04
1997-08-14,130.83
1997-08-15,123.74
1997-08-16,116.49
1997-08-17,110.69
1997-08-18,107.14
1997-08-19,102.51
1997-08-20,98.54
1997-08-21,107.89
1997-08-22,121.46
1997-08-23,124.6
1997-08-24,122.88
1997-08-25,116.22
1997-08-26,109.66
1997-08-27,106.15
1997-08-28,105.91
1997-08-29,111.2
1997-08-30,115.68
1997-08-31,112.24
1997-09-01,105.91
1997-09-02,100.39
1997-09-03,95.16
1997-09-04,90.41
1997-09-05,86.3
1997-09-06,84.9
1997-09-07,83.33
1997-09-08,81.41
1997-09-09,79.72
1997-09-10,79.91
1997-09-11,81.79
1997-09-12,84.7
1997-09-13,86.3
1997-09-14,88.74
1997-09-15,90.41
1997-09-16,95.38
1997-09-17,95.83
1997-09-18,97.4
1997-09-19,107.14
1997-09-20,111.2
1997-09-21,110.94
1997-09-22,110.94
1997-09-23,115.95
1997-09-24,122.88
1997-09-25,125.18
1997-09-26,121.74
1997-09-27,116.22
1997-09-28,110.69
1997-09-29,105.66
1997-09-30,100.16
1997-10-01,95.38
1997-10-02,90.41
1997-10-03,85.3
1997-10-04,82.18
1997-10-05,85.7
1997-10-06,87.1
1997-10-07,87.31
1997-10-08,90.2
1997-10-09,92.76
1997-10-10,91.26
1997-10-11,88.33
1997-10-12,86.7
1997-10-13,85.5
1997-10-14,89.99
1997-10-15,98.08
1997-10-16,102.99
1997-10-17,104.2
1997-10-18,102.28
1997-10-19,103.71
1997-10-20,107.14
1997-10-21,113.55
1997-10-22,120.9
1997-10-23,121.18
1997-10-24,121.74
1997-10-25,118.95
1997-10-26,120.9
1997-10-27,128.42
1997-10-28,132.05
1997-10-29,136.09
1997-10-30,144.88
1997-10-31,149.31
1997-11-01,180.55
1997-11-02,201.77
1997-11-03,214.77
1997-11-04,230.21
1997-11-05,235.59
1997-11-06,232.35
1997-11-07,280.19
1997-11-08,387.15
1997-11-09,386.26
1997-11-10,348.14
1997-11-11,317.42
1997-11-12,295.48
1997-11-13,275.06
1997-11-14,255.45
1997-11-15,237.78
1997-11-16,224.94
1997-11-17,214.28
1997-11-18,205.54
1997-11-19,193.98
1997-11-20,182.65
1997-11-21,173.18
1997-11-22,167.27
1997-11-23,161.93
1997-11-24,162.31
1997-11-25,160.44
1997-11-26,153.53
1997-11-27,145.89
1997-11-28,139.93
1997-11-29,136.09
1997-11-30,130.22
1997-12-01,123.17
1997-12-02,116.22
1997-12-03,110.17
1997-12-04,107.39
1997-12-05,109.15
1997-12-06,123.74
1997-12-07,140.58
1997-12-08,139.28
1997-12-09,134.52
1997-12-10,128.42
1997-12-11,120.9
1997-12-12,114.08
1997-12-13,107.89
1997-12-14,102.28
1997-12-15,97.4
1997-12-16,92.76
1997-12-17,88.74
1997-12-18,88.95
1997-12-19,89.78
1997-12-20,89.78
1997-12-21,91.26
1997-12-22,89.16
1997-12-23,84.7
1997-12-24,80.28
1997-12-25,76.09
1997-12-26,71.78
1997-12-27,67.87
1997-12-28,64.16
1997-12-29,60.66
1997-12-30,57.48
1997-12-31,54.59
1998-01-01,51.84
1998-01-02,49.7
1998-01-03,47.75
1998-01-04,45.45
1998-01-05,43.26
1998-01-06,41.07
1998-01-07,39.18
1998-01-08,37.37
1998-01-09,35.73
1998-01-10,34.24
1998-01-11,24.7
1998-01-12,19.42
1998-01-13,17.11
1998-01-14,15.37
1998-01-15,13.86
1998-01-16,12.49
1998-01-17,11.16
1998-01-18,10.43
1998-01-19,10.04
1998-01-20,9.76
1998-01-21,10.27
1998-01-22,10.19
1998-01-23,9.91
1998-01-24,9.57
1998-01-25,9.16
1998-01-26,8.73
1998-01-27,8.18
1998-01-28,7.77
1998-01-29,7.51
1998-01-30,7.32
1998-01-31,11.79
1998-02-01,14.92
1998-02-02,15.14
1998-02-03,14.89
1998-02-04,14.63
1998-02-05,14.42
1998-02-06,14.24
1998-02-07,14.17
1998-02-08,13.96
1998-02-09,13.62
1998-02-10,13.16
1998-02-11,13.0
1998-02-12,12.74
1998-02-13,12.68
1998-02-14,12.74
1998-02-15,12.9
1998-02-16,13.13
1998-02-17,13.0
1998-02-18,12.93
1998-02-19,12.37
1998-02-20,11.82
1998-02-21,12.3
1998-02-22,11.88
1998-02-23,11.79
1998-02-24,11.85
1998-02-25,12.09
1998-02-26,11.71
1998-02-27,11.59
1998-02-28,11.16
1998-03-01,10.91
1998-03-02,10.61
1998-03-03,10.64
1998-03-04,10.43
1998-03-05,10.35
1998-03-06,10.53
1998-03-07,10.35
1998-03-08,10.17
1998-03-09,10.02
1998-03-10,9.94
1998-03-11,10.09
1998-03-12,9.84
1998-03-13,9.5
1998-03-14,9.21
1998-03-15,9.3
1998-03-16,9.47
1998-03-17,9.28
1998-03-18,9.3
1998-03-19,9.59
1998-03-20,9.45
1998-03-21,9.35
1998-03-22,9.26
1998-03-23,9.4
1998-03-24,9.59
1998-03-25,9.72
1998-03-26,9.57
1998-03-27,9.26
1998-03-28,9.26
1998-03-29,9.47
1998-03-30,9.35
1998-03-31,9.21
1998-04-01,11.47
1998-04-02,13.32
1998-04-03,14.28
1998-04-04,13.22
1998-04-05,11.88
1998-04-06,11.16
1998-04-07,11.59
1998-04-08,11.71
1998-04-09,15.33
1998-04-10,17.45
1998-04-11,17.66
1998-04-12,17.62
1998-04-13,17.62
1998-04-14,17.79
1998-04-15,18.01
1998-04-16,18.32
1998-04-17,18.77
1998-04-18,18.91
1998-04-19,18.77
1998-04-20,18.91
1998-04-21,19.23
1998-04-22,19.7
1998-04-23,20.28
1998-04-24,20.78
1998-04-25,21.08
1998-04-26,21.18
1998-04-27,21.8
1998-04-28,22.99
1998-04-29,23.89
1998-04-30,23.95
1998-05-01,24.0
1998-05-02,24.35
1998-05-03,25.3
1998-05-04,26.04
1998-05-05,26.48
1998-05-06,27.64
1998-05-07,28.58
1998-05-08,28.51
1998-05-09,28.44
1998-05-10,30.33
1998-05-11,33.12
1998-05-12,38.54
1998-05-13,47.42
1998-05-14,56.41
1998-05-15,119.78
1998-05-16,133.9
1998-05-17,119.23
1998-05-18,104.68
1998-05-19,95.83
1998-05-20,91.9
1998-05-21,87.51
1998-05-22,83.33
1998-05-23,78.43
1998-05-24,73.82
1998-05-25,70.12
1998-05-26,68.02
1998-05-27,67.08
1998-05-28,67.71
1998-05-29,67.39
1998-05-30,66.61
1998-05-31,65.83
1998-06-01,64.92
1998-06-02,67.39
1998-06-03,68.82
1998-06-04,68.5
1998-06-05,67.08
1998-06-06,65.37
1998-06-07,64.01
1998-06-08,62.1
1998-06-09,59.95
1998-06-10,58.29
1998-06-11,57.61
1998-06-12,56.81
1998-06-13,56.02
1998-06-14,56.28
1998-06-15,57.75
1998-06-16,63.71
1998-06-17,72.96
1998-06-18,76.45
1998-06-19,77.52
1998-06-20,77.7
1998-06-21,77.7
1998-06-22,80.1
1998-06-23,86.7
1998-06-24,92.54
1998-06-25,115.95
1998-06-26,176.83
1998-06-27,256.63
1998-06-28,313.05
1998-06-29,340.19
1998-06-30,332.43
1998-07-01,329.37
1998-07-02,322.59
1998-07-03,315.23
1998-07-04,303.79
1998-07-05,283.45
1998-07-06,262.03
1998-07-07,243.34
1998-07-08,227.03
1998-07-09,213.29
1998-07-10,201.3
1998-07-11,191.31
1998-07-12,182.65
1998-07-13,174.39
1998-07-14,170.0
1998-07-15,170.79
1998-07-16,166.49
1998-07-17,163.06
1998-07-18,164.58
1998-07-19,172.38
1998-07-20,174.79
1998-07-21,172.78
1998-07-22,166.11
1998-07-23,158.59
1998-07-24,157.85
1998-07-25,162.31
1998-07-26,165.34
1998-07-27,161.93
1998-07-28,161.18
1998-07-29,164.2
1998-07-30,163.44
1998-07-31,157.12
1998-08-01,149.66
1998-08-02,144.88
1998-08-03,145.22
1998-08-04,151.05
1998-08-05,149.31
1998-08-06,145.55
1998-08-07,139.93
1998-08-08,136.4
1998-08-09,132.05
1998-08-10,127.53
1998-08-11,124.31
1998-08-12,120.62
1998-08-13,115.41
1998-08-14,109.66
1998-08-15,105.41
1998-08-16,106.15
1998-08-17,105.41
1998-08-18,101.8
1998-08-19,101.8
1998-08-20,106.4
1998-08-21,111.72
1998-08-22,116.76
1998-08-23,124.03
1998-08-24,142.55
1998-08-25,155.68
1998-08-26,151.76
1998-08-27,143.21
1998-08-28,135.14
1998-08-29,127.82
1998-08-30,120.34
1998-08-31,114.35
1998-09-01,110.17
1998-09-02,106.15
1998-09-03,101.57
1998-09-04,99.46
1998-09-05,104.68
1998-09-06,116.22
1998-09-07,118.4
1998-09-08,129.92
1998-09-09,146.23
1998-09-10,152.82
1998-09-11,146.57
1998-09-12,138.64
1998-09-13,132.05
1998-09-14,126.06
1998-09-15,121.74
1998-09-16,119.23
1998-09-17,117.58
1998-09-18,113.29
1998-09-19,107.14
1998-09-20,101.09
1998-09-21,96.72
1998-09-22,94.28
1998-09-23,99.69
1998-09-24,106.15
1998-09-25,107.14
1998-09-26,103.23
1998-09-27,104.44
1998-09-28,107.39
1998-09-29,113.02
1998-09-30,114.35
1998-10-01,109.41
1998-10-02,104.68
1998-10-03,105.41
1998-10-04,102.28
1998-10-05,97.86
1998-10-06,94.94
1998-10-07,94.5
1998-10-08,95.61
1998-10-09,108.9
1998-10-10,184.35
1998-10-11,294.12
1998-10-12,319.63
1998-10-13,294.12
1998-10-14,266.92
1998-10-15,246.17
1998-10-16,229.14
1998-10-17,212.8
1998-10-18,198.07
1998-10-19,185.21
1998-10-20,173.18
1998-10-21,161.55
1998-10-22,151.05
1998-10-23,141.56
1998-10-24,133.28
1998-10-25,125.77
1998-10-26,120.34
1998-10-27,118.67
1998-10-28,119.78
1998-10-29,123.17
1998-10-30,121.46
1998-10-31,115.41
1998-11-01,111.72
1998-11-02,108.4
1998-11-03,104.93
1998-11-04,105.91
1998-11-05,111.46
1998-11-06,120.9
1998-11-07,122.31
1998-11-08,121.46
1998-11-09,127.53
1998-11-10,135.14
1998-11-11,143.21
1998-11-12,142.22
1998-11-13,136.09
1998-11-14,135.46
1998-11-15,132.05
1998-11-16,124.89
1998-11-17,117.58
1998-11-18,110.43
1998-11-19,104.2
1998-11-20,98.08
1998-11-21,92.54
1998-11-22,87.72
1998-11-23,83.14
1998-11-24,78.98
1998-11-25,75.38
1998-11-26,72.28
1998-11-27,68.98
1998-11-28,65.83
1998-11-29,62.97
1998-11-30,62.1
1998-12-01,60.66
1998-12-02,60.09
1998-12-03,59.39
1998-12-04,57.08
1998-12-05,54.85
1998-12-06,56.41
1998-12-07,57.08
1998-12-08,58.16
1998-12-09,67.55
1998-12-10,75.56
1998-12-11,89.78
1998-12-12,106.65
1998-12-13,118.67
1998-12-14,119.5
1998-12-15,113.82
1998-12-16,107.64
1998-12-17,104.93
1998-12-18,100.39
1998-12-19,97.17
1998-12-20,93.19
1998-12-21,91.68
1998-12-22,87.92
1998-12-23,83.33
1998-12-24,78.8
1998-12-25,74.34
1998-12-26,70.12
1998-12-27,66.3
1998-12-28,63.27
1998-12-29,61.52
1998-12-30,59.67
1998-12-31,58.57
1999-01-01,56.68
1999-01-02,55.23
1999-01-03,53.58
1999-01-04,51.12
1999-01-05,48.43
1999-01-06,46.1
1999-01-07,44.19
1999-01-08,42.25
1999-01-09,40.4
1999-01-10,38.99
1999-01-11,30.05
1999-01-12,25.12
1999-01-13,23.1
1999-01-14,21.34
1999-01-15,19.61
1999-01-16,17.92
1999-01-17,16.26
1999-01-18,14.67
1999-01-19,13.13
1999-01-20,11.71
1999-01-21,11.71
1999-01-22,11.59
1999-01-23,11.05
1999-01-24,10.51
1999-01-25,10.19
1999-01-26,9.3
1999-01-27,8.44
1999-01-28,7.85
1999-01-29,7.53
1999-01-30,7.43
1999-01-31,12.43
1999-02-01,15.98
1999-02-02,16.46
1999-02-03,16.26
1999-02-04,16.18
1999-02-05,16.06
1999-02-06,17.71
1999-02-07,18.72
1999-02-08,18.36
1999-02-09,20.09
1999-02-10,20.73
1999-02-11,20.23
1999-02-12,19.32
1999-02-13,18.68
1999-02-14,17.97
1999-02-15,17.2
1999-02-16,16.78
1999-02-17,16.3
1999-02-18,15.94
1999-02-19,16.42
1999-02-20,17.32
1999-02-21,18.54
1999-02-22,19.42
1999-02-23,18.68
1999-02-24,17.41
1999-02-25,16.46
1999-02-26,15.9
1999-02-27,15.52
1999-02-28,14.7
1999-03-01,14.38
1999-03-02,14.0
1999-03-03,13.62
1999-03-04,13.13
1999-03-05,13.0
1999-03-06,12.87
1999-03-07,12.61
1999-03-08,12.46
1999-03-09,12.46
1999-03-10,12.8
1999-03-11,13.06
1999-03-12,14.28
1999-03-13,16.1
1999-03-14,17.2
1999-03-15,19.18
1999-03-16,19.99
1999-03-17,20.78
1999-03-18,20.73
1999-03-19,20.63
1999-03-20,19.99
1999-03-21,19.51
1999-03-22,21.08
1999-03-23,24.23
1999-03-24,28.31
1999-03-25,29.62
1999-03-26,31.28
1999-03-27,31.81
1999-03-28,32.11
1999-03-29,33.12
1999-03-30,33.67
1999-03-31,34.24
1999-04-01,35.14
1999-04-02,37.9
1999-04-03,38.17
1999-04-04,37.37
1999-04-05,38.63
1999-04-06,38.99
1999-04-07,37.73
1999-04-08,42.05
1999-04-09,49.23
1999-04-10,54.72
1999-04-11,60.38
1999-04-12,63.27
1999-04-13,63.27
1999-04-14,62.39
1999-04-15,60.8
1999-04-16,58.29
1999-04-17,56.68
1999-04-18,56.68
1999-04-19,58.43
1999-04-20,59.53
1999-04-21,60.24
1999-04-22,61.37
1999-04-23,66.61
1999-04-24,76.62
1999-04-25,85.7
1999-04-26,89.57
1999-04-27,88.95
1999-04-28,87.51
1999-04-29,87.1
1999-04-30,88.13
1999-05-01,87.31
1999-05-02,83.14
1999-05-03,78.43
1999-05-04,75.56
1999-05-05,105.66
1999-05-06,123.74
1999-05-07,122.31
1999-05-08,119.78
1999-05-09,115.68
1999-05-10,111.2
1999-05-11,107.14
1999-05-12,102.28
1999-05-13,99.46
1999-05-14,98.54
1999-05-15,99.0
1999-05-16,103.71
1999-05-17,106.15
1999-05-18,104.44
1999-05-19,102.04
1999-05-20,99.93
1999-05-21,100.16
1999-05-22,104.44
1999-05-23,102.51
1999-05-24,112.24
1999-05-25,149.31
1999-05-26,182.23
1999-05-27,189.11
1999-05-28,185.64
1999-05-29,188.67
1999-05-30,191.75
1999-05-31,191.31
1999-06-01,183.08
1999-06-02,173.18
1999-06-03,164.2
1999-06-04,155.68
1999-06-05,148.97
1999-06-06,146.57
1999-06-07,153.17
1999-06-08,163.44
1999-06-09,181.39
1999-06-10,203.17
1999-06-11,240.55
1999-06-12,266.92
1999-06-13,273.16
1999-06-14,266.92
1999-06-15,257.23
1999-06-16,246.17
1999-06-17,232.88
1999-06-18,223.91
1999-06-19,215.77
1999-06-20,205.54
1999-06-21,194.43
1999-06-22,183.08
1999-06-23,171.98
1999-06-24,161.55
1999-06-25,152.11
1999-06-26,143.21
1999-06-27,135.14
1999-06-28,127.82
1999-06-29,120.34
1999-06-30,113.29
1999-07-01,106.89
1999-07-02,101.33
1999-07-03,96.95
1999-07-04,95.16
1999-07-05,208.41
1999-07-06,223.91
1999-07-07,201.3
1999-07-08,184.35
1999-07-09,178.47
1999-07-10,174.79
1999-07-11,165.34
1999-07-12,154.6
1999-07-13,145.55
1999-07-14,138.0
1999-07-15,132.05
1999-07-16,132.97
1999-07-17,153.17
1999-07-18,233.96
1999-07-19,270.02
1999-07-20,265.69
1999-07-21,252.51
1999-07-22,237.23
1999-07-23,225.46
1999-07-24,212.3
1999-07-25,199.91
1999-07-26,193.09
1999-07-27,193.54
1999-07-28,188.23
1999-07-29,180.97
1999-07-30,174.39
1999-07-31,168.04
1999-08-01,163.82
1999-08-02,160.44
1999-08-03,154.6
1999-08-04,148.62
1999-08-05,140.91
1999-08-06,135.46
1999-08-07,130.83
1999-08-08,126.06
1999-08-09,120.9
1999-08-10,115.95
1999-08-11,111.2
1999-08-12,108.14
1999-08-13,104.93
1999-08-14,99.93
1999-08-15,94.72
1999-08-16,92.54
1999-08-17,91.9
1999-08-18,95.16
1999-08-19,95.16
1999-08-20,91.9
1999-08-21,89.99
1999-08-22,90.41
1999-08-23,88.74
1999-08-24,87.1
1999-08-25,84.7
1999-08-26,84.31
1999-08-27,83.14
1999-08-28,79.91
1999-08-29,76.62
1999-08-30,73.99
1999-08-31,71.44
1999-09-01,69.31
1999-09-02,68.02
1999-09-03,66.92
1999-09-04,65.22
1999-09-05,63.42
1999-09-06,61.37
1999-09-07,61.81
1999-09-08,60.94
1999-09-09,58.57
1999-09-10,56.41
1999-09-11,54.46
1999-09-12,52.7
1999-09-13,50.76
1999-09-14,49.35
1999-09-15,47.98
1999-09-16,46.42
1999-09-17,44.92
1999-09-18,43.67
1999-09-19,42.55
1999-09-20,41.46
1999-09-21,40.11
1999-09-22,38.72
1999-09-23,37.46
1999-09-24,39.36
1999-09-25,43.77
1999-09-26,47.75
1999-09-27,51.24
1999-09-28,52.33
1999-09-29,52.21
1999-09-30,53.58
1999-10-01,56.54
1999-10-02,60.94
1999-10-03,62.53
1999-10-04,62.83
1999-10-05,79.54
1999-10-06,99.0
1999-10-07,104.68
1999-10-08,112.24
1999-10-09,122.59
1999-10-10,120.9
1999-10-11,124.03
1999-10-12,129.92
1999-10-13,148.62
1999-10-14,360.41
1999-10-15,391.65
1999-10-16,348.14
1999-10-17,321.85
1999-10-18,304.49
1999-10-19,289.4
1999-10-20,274.42
1999-10-21,260.82
1999-10-22,249.03
1999-10-23,238.88
1999-10-24,236.68
1999-10-25,238.33
1999-10-26,233.42
1999-10-27,228.09
1999-10-28,225.46
1999-10-29,227.03
1999-10-30,221.84
1999-10-31,211.32
1999-11-01,198.99
1999-11-02,186.5
1999-11-03,176.01
1999-11-04,165.34
1999-11-05,156.4
1999-11-06,150.01
1999-11-07,148.97
1999-11-08,142.88
1999-11-09,134.83
1999-11-10,127.23
1999-11-11,119.78
1999-11-12,113.55
1999-11-13,109.15
1999-11-14,103.95
1999-11-15,98.54
1999-11-16,93.19
1999-11-17,87.92
1999-11-18,83.53
1999-11-19,82.37
1999-11-20,89.99
1999-11-21,99.23
1999-11-22,105.17
1999-11-23,105.91
1999-11-24,102.28
1999-11-25,96.72
1999-11-26,91.26
1999-11-27,87.72
1999-11-28,86.1
1999-11-29,89.16
1999-11-30,93.41
1999-12-01,91.9
1999-12-02,88.74
1999-12-03,87.72
1999-12-04,83.92
1999-12-05,79.35
1999-12-06,75.03
1999-12-07,71.28
1999-12-08,68.18
1999-12-09,65.53
1999-12-10,62.83
1999-12-11,60.8
1999-12-12,59.12
1999-12-13,58.57
1999-12-14,58.43
1999-12-15,58.02
1999-12-16,56.02
1999-12-17,53.45
1999-12-18,51.24
1999-12-19,49.35
1999-12-20,47.08
1999-12-21,44.81
1999-12-22,42.65
1999-12-23,40.78
1999-12-24,39.64
1999-12-25,38.26
1999-12-26,36.76
1999-12-27,35.22
1999-12-28,33.75
1999-12-29,32.34
1999-12-30,31.14
1999-12-31,29.9
2000-01-01,28.85
2000-01-02,27.91
2000-01-03,26.99
2000-01-04,26.42
2000-01-05,25.79
2000-01-06,25.12
2000-01-07,25.24
2000-01-08,26.23
2000-01-09,26.99
2000-01-10,27.38
2000-01-11,20.38
2000-01-12,18.23
2000-01-13,18.68
2000-01-14,19.18
2000-01-15,18.82
2000-01-16,17.92
2000-01-17,17.24
2000-01-18,16.22
2000-01-19,14.81
2000-01-20,13.42
2000-01-21,13.39
2000-01-22,13.13
2000-01-23,12.58
2000-01-24,11.97
2000-01-25,11.27
2000-01-26,10.59
2000-01-27,9.96
2000-01-28,9.23
2000-01-29,8.71
2000-01-30,8.16
2000-01-31,12.84
2000-02-01,15.87
2000-02-02,16.1
2000-02-03,15.87
2000-02-04,16.14
2000-02-05,16.46
2000-02-06,17.11
2000-02-07,17.37
2000-02-08,17.45
2000-02-09,17.2
2000-02-10,16.86
2000-02-11,16.7
2000-02-12,17.2
2000-02-13,18.19
2000-02-14,18.32
2000-02-15,17.71
2000-02-16,17.24
2000-02-17,16.78
2000-02-18,16.38
2000-02-19,15.94
2000-02-20,15.37
2000-02-21,14.92
2000-02-22,14.7
2000-02-23,14.63
2000-02-24,14.52
2000-02-25,15.41
2000-02-26,15.83
2000-02-27,15.63
2000-02-28,16.99
2000-02-29,17.49
2000-03-01,16.91
2000-03-02,16.26
2000-03-03,15.48
2000-03-04,14.92
2000-03-05,14.52
2000-03-06,14.6
2000-03-07,14.6
2000-03-08,14.21
2000-03-09,13.83
2000-03-10,13.93
2000-03-11,14.17
2000-03-12,14.17
2000-03-13,13.86
2000-03-14,15.56
2000-03-15,18.86
2000-03-16,20.98
2000-03-17,21.08
2000-03-18,19.99
2000-03-19,18.95
2000-03-20,17.92
2000-03-21,16.99
2000-03-22,16.3
2000-03-23,16.06
2000-03-24,16.34
2000-03-25,16.06
2000-03-26,16.5
2000-03-27,18.23
2000-03-28,19.84
2000-03-29,19.46
2000-03-30,20.48
2000-03-31,22.01
2000-04-01,25.79
2000-04-02,28.72
2000-04-03,29.83
2000-04-04,32.19
2000-04-05,35.81
2000-04-06,47.19
2000-04-07,60.66
2000-04-08,69.15
2000-04-09,68.82
2000-04-10,66.76
2000-04-11,64.77
2000-04-12,65.22
2000-04-13,65.22
2000-04-14,64.92
2000-04-15,65.68
2000-04-16,65.68
2000-04-17,68.02
2000-04-18,76.27
2000-04-19,86.9
2000-04-20,92.97
2000-04-21,94.28
2000-04-22,92.97
2000-04-23,91.9
2000-04-24,89.99
2000-04-25,88.13
2000-04-26,87.72
2000-04-27,86.1
2000-04-28,85.3
2000-04-29,83.72
2000-04-30,80.85
2000-05-01,79.91
2000-05-02,78.43
2000-05-03,76.62
2000-05-04,74.51
2000-05-05,72.79
2000-05-06,72.28
2000-05-07,73.64
2000-05-08,72.79
2000-05-09,71.28
2000-05-10,69.47
2000-05-11,69.47
2000-05-12,70.12
2000-05-13,68.02
2000-05-14,64.92
2000-05-15,61.52
2000-05-16,58.29
2000-05-17,57.08
2000-05-18,59.95
2000-05-19,60.38
2000-05-20,59.12
2000-05-21,57.48
2000-05-22,55.49
2000-05-23,53.08
2000-05-24,51.36
2000-05-25,51.0
2000-05-26,51.72
2000-05-27,54.85
2000-05-28,60.8
2000-05-29,61.23
2000-05-30,58.84
2000-05-31,56.94
2000-06-01,56.15
2000-06-02,57.08
2000-06-03,57.75
2000-06-04,57.48
2000-06-05,62.97
2000-06-06,131.13
2000-06-07,209.86
2000-06-08,216.27
2000-06-09,203.64
2000-06-10,195.34
2000-06-11,191.75
2000-06-12,188.67
2000-06-13,183.93
2000-06-14,175.2
2000-06-15,164.96
2000-06-16,155.68
2000-06-17,147.59
2000-06-18,141.56
2000-06-19,137.68
2000-06-20,135.46
2000-06-21,131.74
2000-06-22,127.53
2000-06-23,123.17
2000-06-24,117.85
2000-06-25,112.24
2000-06-26,106.65
2000-06-27,103.47
2000-06-28,106.4
2000-06-29,111.2
2000-06-30,121.74
2000-07-01,132.05
2000-07-02,138.64
2000-07-03,138.0
2000-07-04,132.35
2000-07-05,130.22
2000-07-06,129.62
2000-07-07,130.83
2000-07-08,128.12
2000-07-09,124.89
2000-07-10,121.74
2000-07-11,119.23
2000-07-12,119.5
2000-07-13,116.49
2000-07-14,110.94
2000-07-15,105.66
2000-07-16,100.16
2000-07-17,94.5
2000-07-18,90.41
2000-07-19,87.31
2000-07-20,83.72
2000-07-21,79.35
2000-07-22,75.38
2000-07-23,71.61
2000-07-24,67.87
2000-07-25,64.61
2000-07-26,61.52
2000-07-27,59.39
2000-07-28,59.12
2000-07-29,58.29
2000-07-30,57.34
2000-07-31,56.28
2000-08-01,55.23
2000-08-02,54.08
2000-08-03,54.59
2000-08-04,91.9
2000-08-05,109.66
2000-08-06,103.71
2000-08-07,107.39
2000-08-08,119.23
2000-08-09,137.68
2000-08-10,148.97
2000-08-11,151.41
2000-08-12,145.22
2000-08-13,136.09
2000-08-14,132.05
2000-08-15,135.14
2000-08-16,138.64
2000-08-17,135.14
2000-08-18,132.66
2000-08-19,136.4
2000-08-20,137.04
2000-08-21,134.83
2000-08-22,138.96
2000-08-23,158.59
2000-08-24,238.33
2000-08-25,315.23
2000-08-26,344.94
2000-08-27,327.1
2000-08-28,302.39
2000-08-29,280.19
2000-08-30,259.02
2000-08-31,239.99
2000-09-01,223.39
2000-09-02,208.41
2000-09-03,194.88
2000-09-04,183.08
2000-09-05,171.98
2000-09-06,163.06
2000-09-07,154.96
2000-09-08,146.57
2000-09-09,138.96
2000-09-10,131.43
2000-09-11,124.03
2000-09-12,117.03
2000-09-13,111.2
2000-09-14,107.89
2000-09-15,105.17
2000-09-16,102.75
2000-09-17,101.57
2000-09-18,98.54
2000-09-19,97.17
2000-09-20,100.16
2000-09-21,107.14
2000-09-22,109.92
2000-09-23,112.76
2000-09-24,118.67
2000-09-25,124.89
2000-09-26,133.28
2000-09-27,138.32
2000-09-28,138.96
2000-09-29,135.14
2000-09-30,131.13
2000-10-01,160.44
2000-10-02,184.78
2000-10-03,189.55
2000-10-04,184.78
2000-10-05,176.42
2000-10-06,170.0
2000-10-07,165.72
2000-10-08,159.32
2000-10-09,151.76
2000-10-10,143.88
2000-10-11,135.77
2000-10-12,128.42
2000-10-13,122.59
2000-10-14,117.03
2000-10-15,112.76
2000-10-16,109.66
2000-10-17,110.17
2000-10-18,108.65
2000-10-19,107.14
2000-10-20,102.99
2000-10-21,97.4
2000-10-22,92.97
2000-10-23,94.94
2000-10-24,94.94
2000-10-25,92.11
2000-10-26,88.95
2000-10-27,84.51
2000-10-28,80.1
2000-10-29,76.27
2000-10-30,72.96
2000-10-31,69.96
2000-11-01,67.08
2000-11-02,64.31
2000-11-03,61.52
2000-11-04,59.26
2000-11-05,57.34
2000-11-06,55.75
2000-11-07,53.83
2000-11-08,51.48
2000-11-09,49.35
2000-11-10,47.19
2000-11-11,45.03
2000-11-12,43.26
2000-11-13,41.36
2000-11-14,39.83
2000-11-15,38.45
2000-11-16,36.76
2000-11-17,35.14
2000-11-18,33.75
2000-11-19,34.81
2000-11-20,59.67
2000-11-21,82.18
2000-11-22,90.41
2000-11-23,91.47
2000-11-24,90.62
2000-11-25,86.5
2000-11-26,82.18
2000-11-27,77.7
2000-11-28,73.64
2000-11-29,69.63
2000-11-30,66.61
2000-12-01,66.45
2000-12-02,64.46
2000-12-03,61.81
2000-12-04,59.81
2000-12-05,57.61
2000-12-06,56.81
2000-12-07,54.59
2000-12-08,51.6
2000-12-09,48.89
2000-12-10,46.42
2000-12-11,44.08
2000-12-12,41.85
2000-12-13,39.83
2000-12-14,37.9
2000-12-15,36.15
2000-12-16,34.48
2000-12-17,32.96
2000-12-18,31.51
2000-12-19,30.26
2000-12-20,29.06
2000-12-21,27.91
2000-12-22,26.93
2000-12-23,25.98
2000-12-24,25.06
2000-12-25,24.29
2000-12-26,23.66
2000-12-27,55.89
2000-12-28,82.75
2000-12-29,81.41
2000-12-30,73.82
2000-12-31,66.14
2001-01-01,60.8
2001-01-02,57.48
2001-01-03,55.23
2001-01-04,52.46
2001-01-05,49.23
2001-01-06,46.42
2001-01-07,43.87
2001-01-08,41.46
2001-01-09,39.36
2001-01-10,37.46
2001-01-11,27.64
2001-01-12,22.12
2001-01-13,19.65
2001-01-14,17.71
2001-01-15,15.9
2001-01-16,14.1
2001-01-17,12.46
2001-01-18,10.89
2001-01-19,9.81
2001-01-20,9.35
2001-01-21,9.52
2001-01-22,9.59
2001-01-23,9.35
2001-01-24,8.66
2001-01-25,8.42
2001-01-26,9.47
2001-01-27,9.99
2001-01-28,9.94
2001-01-29,9.54
2001-01-30,8.48
2001-01-31,13.55
2001-02-01,16.99
2001-02-02,17.84
2001-02-03,19.0
2001-02-04,20.04
2001-02-05,20.09
2001-02-06,20.33
2001-02-07,20.28
2001-02-08,19.84
2001-02-09,19.28
2001-02-10,18.5
2001-02-11,18.41
2001-02-12,18.36
2001-02-13,18.14
2001-02-14,17.84
2001-02-15,17.75
2001-02-16,18.41
2001-02-17,19.18
2001-02-18,19.42
2001-02-19,19.04
2001-02-20,18.63
2001-02-21,18.68
2001-02-22,18.5
2001-02-23,17.92
2001-02-24,17.79
2001-02-25,19.28
2001-02-26,21.08
2001-02-27,21.34
2001-02-28,20.93
2001-03-01,21.54
2001-03-02,21.39
2001-03-03,20.23
2001-03-04,19.23
2001-03-05,18.86
2001-03-06,18.54
2001-03-07,18.95
2001-03-08,18.95
2001-03-09,19.23
2001-03-10,19.7
2001-03-11,19.7
2001-03-12,19.51
2001-03-13,19.04
2001-03-14,18.14
2001-03-15,17.79
2001-03-16,17.16
2001-03-17,17.32
2001-03-18,17.37
2001-03-19,17.41
2001-03-20,17.24
2001-03-21,17.11
2001-03-22,16.7
2001-03-23,16.62
2001-03-24,17.37
2001-03-25,18.32
2001-03-26,18.77
2001-03-27,18.19
2001-03-28,18.14
2001-03-29,19.99
2001-03-30,20.38
2001-03-31,19.51
2001-04-01,19.04
2001-04-02,19.65
2001-04-03,20.58
2001-04-04,23.04
2001-04-05,27.91
2001-04-06,35.56
2001-04-07,39.46
2001-04-08,41.85
2001-04-09,50.29
2001-04-10,59.39
2001-04-11,76.98
2001-04-12,90.62
2001-04-13,91.04
2001-04-14,86.9
2001-04-15,87.1
2001-04-16,87.1
2001-04-17,90.2
2001-04-18,102.28
2001-04-19,120.06
2001-04-20,133.59
2001-04-21,140.25
2001-04-22,137.36
2001-04-23,131.74
2001-04-24,127.53
2001-04-25,122.59
2001-04-26,117.03
2001-04-27,116.49
2001-04-28,119.78
2001-04-29,120.34
2001-04-30,119.5
2001-05-01,122.88
2001-05-02,122.88
2001-05-03,119.23
2001-05-04,113.55
2001-05-05,107.89
2001-05-06,102.51
2001-05-07,99.69
2001-05-08,99.69
2001-05-09,99.0
2001-05-10,96.5
2001-05-11,93.84
2001-05-12,90.83
2001-05-13,90.2
2001-05-14,89.99
2001-05-15,86.3
2001-05-16,82.18
2001-05-17,78.07
2001-05-18,75.91
2001-05-19,73.47
2001-05-20,69.96
2001-05-21,66.92
2001-05-22,64.01
2001-05-23,62.24
2001-05-24,63.27
2001-05-25,62.53
2001-05-26,61.37
2001-05-27,61.81
2001-05-28,61.37
2001-05-29,63.57
2001-05-30,69.96
2001-05-31,74.86
2001-06-01,73.3
2001-06-02,69.96
2001-06-03,68.98
2001-06-04,73.13
2001-06-05,78.8
2001-06-06,88.13
2001-06-07,102.99
2001-06-08,115.68
2001-06-09,118.4
2001-06-10,116.76
2001-06-11,136.4
2001-06-12,160.44
2001-06-13,184.78
2001-06-14,194.43
2001-06-15,192.2
2001-06-16,187.36
2001-06-17,179.72
2001-06-18,171.58
2001-06-19,163.82
2001-06-20,155.68
2001-06-21,148.28
2001-06-22,142.88
2001-06-23,144.55
2001-06-24,146.57
2001-06-25,143.54
2001-06-26,138.32
2001-06-27,132.97
2001-06-28,128.12
2001-06-29,124.89
2001-06-30,126.06
2001-07-01,124.89
2001-07-02,120.34
2001-07-03,116.49
2001-07-04,126.06
2001-07-05,138.64
2001-07-06,145.22
2001-07-07,156.76
2001-07-08,208.41
2001-07-09,245.04
2001-07-10,265.07
2001-07-11,261.42
2001-07-12,247.89
2001-07-13,228.61
2001-07-14,211.32
2001-07-15,195.79
2001-07-16,182.23
2001-07-17,171.19
2001-07-18,160.81
2001-07-19,152.46
2001-07-20,143.88
2001-07-21,135.14
2001-07-22,126.94
2001-07-23,120.34
2001-07-24,114.61
2001-07-25,109.66
2001-07-26,106.65
2001-07-27,110.43
2001-07-28,120.9
2001-07-29,132.05
2001-07-30,131.43
2001-07-31,129.32
2001-08-01,143.54
2001-08-02,158.59
2001-08-03,163.44
2001-08-04,165.72
2001-08-05,166.11
2001-08-06,159.32
2001-08-07,150.71
2001-08-08,142.88
2001-08-09,135.77
2001-08-10,128.42
2001-08-11,121.74
2001-08-12,115.95
2001-08-13,110.94
2001-08-14,105.91
2001-08-15,100.39
2001-08-16,95.38
2001-08-17,91.47
2001-08-18,87.51
2001-08-19,84.7
2001-08-20,84.51
2001-08-21,84.7
2001-08-22,82.37
2001-08-23,80.1
2001-08-24,77.52
2001-08-25,74.68
2001-08-26,74.16
2001-08-27,72.45
2001-08-28,70.45
2001-08-29,68.02
2001-08-30,65.68
2001-08-31,63.42
2001-09-01,61.09
2001-09-02,58.7
2001-09-03,56.15
2001-09-04,53.45
2001-09-05,50.64
2001-09-06,48.2
2001-09-07,45.88
2001-09-08,43.67
2001-09-09,43.06
2001-09-10,42.25
2001-09-11,41.17
2001-09-12,39.74
2001-09-13,38.08
2001-09-14,36.67
2001-09-15,36.5
2001-09-16,36.67
2001-09-17,37.02
2001-09-18,37.11
2001-09-19,37.64
2001-09-20,38.63
2001-09-21,39.55
2001-09-22,41.46
2001-09-23,45.56
2001-09-24,49.0
2001-09-25,52.21
2001-09-26,54.85
2001-09-27,54.59
2001-09-28,53.58
2001-09-29,58.16
2001-09-30,78.07
2001-10-01,94.06
2001-10-02,94.5
2001-10-03,89.16
2001-10-04,83.53
2001-10-05,78.43
2001-10-06,74.68
2001-10-07,71.28
2001-10-08,68.5
2001-10-09,65.68
2001-10-10,62.97
2001-10-11,61.09
2001-10-12,60.66
2001-10-13,59.53
2001-10-14,62.1
2001-10-15,72.11
2001-10-16,84.7
2001-10-17,87.51
2001-10-18,87.72
2001-10-19,86.5
2001-10-20,89.36
2001-10-21,97.63
2001-10-22,101.33
2001-10-23,103.95
2001-10-24,110.17
2001-10-25,114.88
2001-10-26,117.03
2001-10-27,133.28
2001-10-28,150.71
2001-10-29,156.76
2001-10-30,158.96
2001-10-31,154.24
2001-11-01,146.91
2001-11-02,139.28
2001-11-03,137.04
2001-11-04,136.09
2001-11-05,132.05
2001-11-06,132.97
2001-11-07,131.74
2001-11-08,129.62
2001-11-09,125.77
2001-11-10,121.46
2001-11-11,116.49
2001-11-12,110.69
2001-11-13,104.93
2001-11-14,100.62
2001-11-15,105.91
2001-11-16,212.3
2001-11-17,224.42
2001-11-18,202.7
2001-11-19,187.36
2001-11-20,174.39
2001-11-21,161.93
2001-11-22,154.96
2001-11-23,157.12
2001-11-24,157.49
2001-11-25,150.01
2001-11-26,140.58
2001-11-27,132.35
2001-11-28,124.31
2001-11-29,117.03
2001-11-30,110.43
2001-12-01,103.95
2001-12-02,98.54
2001-12-03,95.16
2001-12-04,91.68
2001-12-05,88.74
2001-12-06,87.1
2001-12-07,84.51
2001-12-08,80.1
2001-12-09,75.56
2001-12-10,71.28
2001-12-11,67.39
2001-12-12,63.71
2001-12-13,60.24
2001-12-14,56.94
2001-12-15,53.95
2001-12-16,51.24
2001-12-17,48.66
2001-12-18,46.42
2001-12-19,44.81
2001-12-20,43.06
2001-12-21,41.76
2001-12-22,42.25
2001-12-23,42.75
2001-12-24,43.06
2001-12-25,43.46
2001-12-26,42.45
2001-12-27,40.78
2001-12-28,38.99
2001-12-29,37.37
2001-12-30,35.98
2001-12-31,35.14
2002-01-01,33.99
2002-01-02,32.73
2002-01-03,31.43
2002-01-04,30.19
2002-01-05,29.13
2002-01-06,28.38
2002-01-07,27.77
2002-01-08,26.99
2002-01-09,26.16
2002-01-10,25.42
2002-01-11,15.63
2002-01-12,9.84
2002-01-13,9.05
2002-01-14,8.77
2002-01-15,8.44
2002-01-16,8.16
2002-01-17,7.91
2002-01-18,7.69
2002-01-19,7.47
2002-01-20,7.28
2002-01-21,7.11
2002-01-22,7.0
2002-01-23,6.96
2002-01-24,6.91
2002-01-25,6.82
2002-01-26,6.73
2002-01-27,6.73
2002-01-28,7.17
2002-01-29,7.57
2002-01-30,7.38
2002-01-31,11.79
2002-02-01,16.38
2002-02-02,20.83
2002-02-03,23.38
2002-02-04,23.04
2002-02-05,21.7
2002-02-06,20.78
2002-02-07,20.58
2002-02-08,20.18
2002-02-09,19.94
2002-02-10,18.95
2002-02-11,17.97
2002-02-12,17.41
2002-02-13,16.74
2002-02-14,16.1
2002-02-15,15.52
2002-02-16,15.14
2002-02-17,14.78
2002-02-18,14.56
2002-02-19,14.17
2002-02-20,13.76
2002-02-21,13.32
2002-02-22,12.96
2002-02-23,12.8
2002-02-24,12.58
2002-02-25,12.3
2002-02-26,12.06
2002-02-27,12.03
2002-02-28,11.82
2002-03-01,11.53
2002-03-02,11.5
2002-03-03,11.3
2002-03-04,10.99
2002-03-05,10.89
2002-03-06,10.91
2002-03-07,10.89
2002-03-08,10.97
2002-03-09,10.75
2002-03-10,10.59
2002-03-11,10.17
2002-03-12,10.04
2002-03-13,10.4
2002-03-14,10.48
2002-03-15,12.3
2002-03-16,14.45
2002-03-17,15.07
2002-03-18,14.07
2002-03-19,12.96
2002-03-20,12.24
2002-03-21,11.65
2002-03-22,11.56
2002-03-23,11.53
2002-03-24,11.33
2002-03-25,11.53
2002-03-26,11.42
2002-03-27,11.27
2002-03-28,13.83
2002-03-29,15.07
2002-03-30,16.54
2002-03-31,18.14
2002-04-01,18.36
2002-04-02,17.45
2002-04-03,16.46
2002-04-04,16.26
2002-04-05,15.98
2002-04-06,16.42
2002-04-07,16.62
2002-04-08,16.95
2002-04-09,23.49
2002-04-10,28.24
2002-04-11,29.48
2002-04-12,30.19
2002-04-13,32.19
2002-04-14,34.97
2002-04-15,36.07
2002-04-16,36.41
2002-04-17,37.55
2002-04-18,38.17
2002-04-19,38.45
2002-04-20,40.02
2002-04-21,42.45
2002-04-22,45.34
2002-04-23,49.23
2002-04-24,50.05
2002-04-25,49.47
2002-04-26,49.93
2002-04-27,49.93
2002-04-28,49.35
2002-04-29,49.58
2002-04-30,52.21
2002-05-01,56.02
2002-05-02,56.81
2002-05-03,56.41
2002-05-04,61.23
2002-05-05,63.86
2002-05-06,64.61
2002-05-07,66.76
2002-05-08,66.76
2002-05-09,65.22
2002-05-10,64.01
2002-05-11,66.14
2002-05-12,66.45
2002-05-13,67.08
2002-05-14,70.12
2002-05-15,69.79
2002-05-16,67.08
2002-05-17,65.53
2002-05-18,70.45
2002-05-19,82.56
2002-05-20,93.84
2002-05-21,98.54
2002-05-22,98.77
2002-05-23,96.05
2002-05-24,94.06
2002-05-25,93.19
2002-05-26,92.76
2002-05-27,91.04
2002-05-28,92.11
2002-05-29,94.5
2002-05-30,94.5
2002-05-31,93.84
2002-06-01,92.76
2002-06-02,93.41
2002-06-03,94.5
2002-06-04,92.76
2002-06-05,89.78
2002-06-06,87.72
2002-06-07,86.1
2002-06-08,84.11
2002-06-09,82.37
2002-06-10,81.41
2002-06-11,81.79
2002-06-12,92.76
2002-06-13,176.01
2002-06-14,200.84
2002-06-15,189.55
2002-06-16,176.42
2002-06-17,166.11
2002-06-18,153.88
2002-06-19,143.54
2002-06-20,134.52
2002-06-21,127.23
2002-06-22,122.59
2002-06-23,118.4
2002-06-24,119.5
2002-06-25,121.74
2002-06-26,119.78
2002-06-27,115.14
2002-06-28,109.41
2002-06-29,103.95
2002-06-30,98.54
2002-07-01,94.5
2002-07-02,93.19
2002-07-03,92.97
2002-07-04,90.83
2002-07-05,89.36
2002-07-06,86.5
2002-07-07,82.75
2002-07-08,79.35
2002-07-09,76.09
2002-07-10,72.28
2002-07-11,69.96
2002-07-12,68.82
2002-07-13,66.76
2002-07-14,64.92
2002-07-15,63.86
2002-07-16,62.53
2002-07-17,60.38
2002-07-18,58.43
2002-07-19,57.21
2002-07-20,55.89
2002-07-21,55.1
2002-07-22,55.36
2002-07-23,54.98
2002-07-24,53.83
2002-07-25,52.33
2002-07-26,51.0
2002-07-27,49.12
2002-07-28,47.64
2002-07-29,47.98
2002-07-30,49.58
2002-07-31,62.24
2002-08-01,84.9
2002-08-02,102.51
2002-08-03,116.22
2002-08-04,124.03
2002-08-05,128.42
2002-08-06,129.62
2002-08-07,126.94
2002-08-08,123.45
2002-08-09,120.62
2002-08-10,120.62
2002-08-11,123.74
2002-08-12,124.31
2002-08-13,120.06
2002-08-14,114.35
2002-08-15,109.66
2002-08-16,112.5
2002-08-17,126.64
2002-08-18,137.04
2002-08-19,133.28
2002-08-20,126.06
2002-08-21,119.23
2002-08-22,113.29
2002-08-23,108.14
2002-08-24,103.23
2002-08-25,97.86
2002-08-26,92.54
2002-08-27,87.51
2002-08-28,84.31
2002-08-29,81.99
2002-08-30,78.8
2002-08-31,75.21
2002-09-01,71.61
2002-09-02,68.34
2002-09-03,65.37
2002-09-04,62.97
2002-09-05,60.52
2002-09-06,58.7
2002-09-07,57.61
2002-09-08,56.94
2002-09-09,55.89
2002-09-10,56.28
2002-09-11,55.49
2002-09-12,53.2
2002-09-13,51.0
2002-09-14,48.66
2002-09-15,46.42
2002-09-16,44.81
2002-09-17,43.57
2002-09-18,42.35
2002-09-19,40.69
2002-09-20,39.36
2002-09-21,39.36
2002-09-22,38.45
2002-09-23,36.67
2002-09-24,34.97
2002-09-25,33.43
2002-09-26,32.11
2002-09-27,30.92
2002-09-28,30.26
2002-09-29,31.43
2002-09-30,36.76
2002-10-01,47.64
2002-10-02,58.7
2002-10-03,65.37
2002-10-04,77.7
2002-10-05,92.54
2002-10-06,103.95
2002-10-07,115.68
2002-10-08,136.09
2002-10-09,154.24
2002-10-10,159.32
2002-10-11,151.76
2002-10-12,141.89
2002-10-13,135.46
2002-10-14,150.36
2002-10-15,163.82
2002-10-16,162.68
2002-10-17,159.32
2002-10-18,151.76
2002-10-19,144.88
2002-10-20,139.6
2002-10-21,137.36
2002-10-22,133.28
2002-10-23,131.13
2002-10-24,131.13
2002-10-25,127.23
2002-10-26,122.88
2002-10-27,120.34
2002-10-28,115.41
2002-10-29,110.43
2002-10-30,114.08
2002-10-31,122.88
2002-11-01,129.62
2002-11-02,132.05
2002-11-03,132.66
2002-11-04,140.91
2002-11-05,150.71
2002-11-06,157.12
2002-11-07,166.88
2002-11-08,190.43
2002-11-09,204.12
2002-11-10,203.17
2002-11-11,197.15
2002-11-12,186.5
2002-11-13,175.2
2002-11-14,165.34
2002-11-15,163.82
2002-11-16,159.69
2002-11-17,152.11
2002-11-18,147.94
2002-11-19,145.55
2002-11-20,144.88
2002-11-21,143.21
2002-11-22,143.88
2002-11-23,140.58
2002-11-24,133.59
2002-11-25,126.35
2002-11-26,120.06
2002-11-27,114.35
2002-11-28,108.14
2002-11-29,102.75
2002-11-30,97.86
2002-12-01,92.54
2002-12-02,87.31
2002-12-03,82.56
2002-12-04,78.25
2002-12-05,74.34
2002-12-06,171.58
2002-12-07,222.36
2002-12-08,197.61
2002-12-09,166.88
2002-12-10,145.55
2002-12-11,133.28
2002-12-12,122.31
2002-12-13,112.24
2002-12-14,104.44
2002-12-15,97.63
2002-12-16,91.26
2002-12-17,85.7
2002-12-18,80.47
2002-12-19,76.09
2002-12-20,71.61
2002-12-21,67.39
2002-12-22,63.57
2002-12-23,59.95
2002-12-24,56.54
2002-12-25,53.45
2002-12-26,50.52
2002-12-27,48.09
2002-12-28,45.67
2002-12-29,43.36
2002-12-30,41.46
2002-12-31,39.83
2003-01-01,38.26
2003-01-02,36.58
2003-01-03,35.06
2003-01-04,33.59
2003-01-05,32.11
2003-01-06,30.77
2003-01-07,29.48
2003-01-08,28.31
2003-01-09,27.25
2003-01-10,26.29
2003-01-11,15.79
2003-01-12,9.91
2003-01-13,9.12
2003-01-14,8.82
2003-01-15,8.44
2003-01-16,8.1
2003-01-17,7.83
2003-01-18,7.57
2003-01-19,7.36
2003-01-20,7.18
2003-01-21,7.0
2003-01-22,6.85
2003-01-23,6.69
2003-01-24,6.57
2003-01-25,6.45
2003-01-26,6.36
2003-01-27,6.26
2003-01-28,6.19
2003-01-29,6.13
2003-01-30,6.06
2003-01-31,9.5
2003-02-01,12.24
2003-02-02,14.14
2003-02-03,13.66
2003-02-04,13.06
2003-02-05,12.84
2003-02-06,12.77
2003-02-07,12.87
2003-02-08,12.58
2003-02-09,12.52
2003-02-10,12.37
2003-02-11,12.0
2003-02-12,12.06
2003-02-13,12.65
2003-02-14,13.13
2003-02-15,13.32
2003-02-16,13.09
2003-02-17,12.9
2003-02-18,12.49
2003-02-19,12.4
2003-02-20,12.18
2003-02-21,11.74
2003-02-22,11.45
2003-02-23,11.53
2003-02-24,11.62
2003-02-25,12.58
2003-02-26,13.22
2003-02-27,13.72
2003-02-28,13.96
2003-03-01,14.1
2003-03-02,13.69
2003-03-03,13.35
2003-03-04,12.77
2003-03-05,12.49
2003-03-06,12.09
2003-03-07,11.94
2003-03-08,11.62
2003-03-09,11.19
2003-03-10,11.05
2003-03-11,10.94
2003-03-12,10.83
2003-03-13,13.22
2003-03-14,15.71
2003-03-15,16.99
2003-03-16,17.92
2003-03-17,19.18
2003-03-18,20.73
2003-03-19,22.93
2003-03-20,26.04
2003-03-21,26.42
2003-03-22,24.82
2003-03-23,23.15
2003-03-24,21.8
2003-03-25,20.48
2003-03-26,19.14
2003-03-27,18.54
2003-03-28,18.77
2003-03-29,19.42
2003-03-30,32.73
2003-03-31,41.56
2003-04-01,40.4
2003-04-02,40.98
2003-04-03,42.75
2003-04-04,42.55
2003-04-05,40.69
2003-04-06,45.67
2003-04-07,53.95
2003-04-08,53.2
2003-04-09,55.23
2003-04-10,54.98
2003-04-11,54.98
2003-04-12,57.21
2003-04-13,57.61
2003-04-14,56.94
2003-04-15,56.02
2003-04-16,55.75
2003-04-17,54.46
2003-04-18,52.46
2003-04-19,52.21
2003-04-20,54.98
2003-04-21,58.98
2003-04-22,64.31
2003-04-23,66.76
2003-04-24,66.76
2003-04-25,65.68
2003-04-26,63.86
2003-04-27,62.1
2003-04-28,65.53
2003-04-29,78.62
2003-04-30,96.27
2003-05-01,109.66
2003-05-02,115.95
2003-05-03,113.82
2003-05-04,111.98
2003-05-05,112.24
2003-05-06,114.08
2003-05-07,111.98
2003-05-08,106.89
2003-05-09,103.23
2003-05-10,105.17
2003-05-11,105.91
2003-05-12,104.93
2003-05-13,102.51
2003-05-14,99.0
2003-05-15,94.94
2003-05-16,92.54
2003-05-17,94.28
2003-05-18,94.28
2003-05-19,89.78
2003-05-20,84.7
2003-05-21,79.91
2003-05-22,76.62
2003-05-23,72.96
2003-05-24,69.63
2003-05-25,68.82
2003-05-26,68.98
2003-05-27,69.96
2003-05-28,72.62
2003-05-29,73.64
2003-05-30,73.99
2003-05-31,72.11
2003-06-01,68.82
2003-06-02,65.83
2003-06-03,62.97
2003-06-04,61.66
2003-06-05,61.09
2003-06-06,61.09
2003-06-07,61.37
2003-06-08,64.31
2003-06-09,69.31
2003-06-10,71.11
2003-06-11,69.63
2003-06-12,68.02
2003-06-13,73.13
2003-06-14,84.11
2003-06-15,93.41
2003-06-16,101.33
2003-06-17,122.59
2003-06-18,150.36
2003-06-19,164.58
2003-06-20,184.78
2003-06-21,225.99
2003-06-22,269.4
2003-06-23,283.45
2003-06-24,280.84
2003-06-25,270.64
2003-06-26,251.35
2003-06-27,232.88
2003-06-28,217.78
2003-06-29,206.01
2003-06-30,197.15
2003-07-01,200.84
2003-07-02,207.93
2003-07-03,207.45
2003-07-04,214.77
2003-07-05,226.51
2003-07-06,228.61
2003-07-07,216.77
2003-07-08,202.24
2003-07-09,192.64
2003-07-10,185.64
2003-07-11,178.89
2003-07-12,174.39
2003-07-13,171.98
2003-07-14,177.65
2003-07-15,178.89
2003-07-16,179.72
2003-07-17,174.39
2003-07-18,165.34
2003-07-19,156.04
2003-07-20,147.59
2003-07-21,139.6
2003-07-22,132.97
2003-07-23,128.42
2003-07-24,126.64
2003-07-25,123.45
2003-07-26,119.23
2003-07-27,115.68
2003-07-28,112.24
2003-07-29,108.4
2003-07-30,103.95
2003-07-31,106.89
2003-08-01,109.15
2003-08-02,107.14
2003-08-03,102.75
2003-08-04,99.93
2003-08-05,96.72
2003-08-06,93.19
2003-08-07,90.62
2003-08-08,88.13
2003-08-09,85.5
2003-08-10,82.37
2003-08-11,78.62
2003-08-12,76.45
2003-08-13,75.56
2003-08-14,75.38
2003-08-15,75.03
2003-08-16,76.09
2003-08-17,77.16
2003-08-18,77.16
2003-08-19,75.56
2003-08-20,72.62
2003-08-21,70.61
2003-08-22,71.44
2003-08-23,79.35
2003-08-24,87.31
2003-08-25,87.31
2003-08-26,84.11
2003-08-27,81.04
2003-08-28,78.8
2003-08-29,75.74
2003-08-30,72.96
2003-08-31,73.3
2003-09-01,81.99
2003-09-02,83.92
2003-09-03,81.79
2003-09-04,79.35
2003-09-05,76.98
2003-09-06,74.16
2003-09-07,71.44
2003-09-08,68.82
2003-09-09,65.83
2003-09-10,63.71
2003-09-11,62.68
2003-09-12,60.8
2003-09-13,58.16
2003-09-14,56.28
2003-09-15,54.46
2003-09-16,53.2
2003-09-17,52.09
2003-09-18,51.72
2003-09-19,51.24
2003-09-20,51.24
2003-09-21,49.7
2003-09-22,47.19
2003-09-23,44.92
2003-09-24,43.16
2003-09-25,41.95
2003-09-26,41.95
2003-09-27,42.85
2003-09-28,42.75
2003-09-29,41.85
2003-09-30,47.19
2003-10-01,59.39
2003-10-02,68.5
2003-10-03,77.7
2003-10-04,88.74
2003-10-05,91.47
2003-10-06,100.39
2003-10-07,116.22
2003-10-08,129.02
2003-10-09,127.82
2003-10-10,121.18
2003-10-11,114.08
2003-10-12,111.46
2003-10-13,118.95
2003-10-14,121.46
2003-10-15,118.95
2003-10-16,120.34
2003-10-17,123.45
2003-10-18,122.59
2003-10-19,123.17
2003-10-20,124.03
2003-10-21,125.18
2003-10-22,125.18
2003-10-23,121.74
2003-10-24,120.06
2003-10-25,119.5
2003-10-26,114.61
2003-10-27,109.41
2003-10-28,106.4
2003-10-29,103.95
2003-10-30,106.89
2003-10-31,107.14
2003-11-01,107.14
2003-11-02,105.41
2003-11-03,102.28
2003-11-04,102.99
2003-11-05,102.28
2003-11-06,108.14
2003-11-07,117.03
2003-11-08,131.43
2003-11-09,145.55
2003-11-10,142.22
2003-11-11,133.28
2003-11-12,125.18
2003-11-13,120.34
2003-11-14,115.68
2003-11-15,115.41
2003-11-16,112.5
2003-11-17,106.89
2003-11-18,100.86
2003-11-19,95.16
2003-11-20,89.99
2003-11-21,87.92
2003-11-22,85.3
2003-11-23,82.95
2003-11-24,80.28
2003-11-25,75.91
2003-11-26,72.11
2003-11-27,70.94
2003-11-28,69.79
2003-11-29,71.78
2003-11-30,75.56
2003-12-01,74.51
2003-12-02,70.61
2003-12-03,66.92
2003-12-04,63.57
2003-12-05,60.38
2003-12-06,57.21
2003-12-07,54.34
2003-12-08,51.48
2003-12-09,48.77
2003-12-10,46.32
2003-12-11,43.98
2003-12-12,41.76
2003-12-13,39.74
2003-12-14,37.9
2003-12-15,36.24
2003-12-16,34.56
2003-12-17,33.12
2003-12-18,31.89
2003-12-19,31.14
2003-12-20,30.62
2003-12-21,30.55
2003-12-22,29.9
2003-12-23,28.79
2003-12-24,27.71
2003-12-25,26.67
2003-12-26,25.79
2003-12-27,25.0
2003-12-28,24.41
2003-12-29,23.77
2003-12-30,23.15
2003-12-31,22.5
2004-01-01,21.96
2004-01-02,21.44
2004-01-03,20.98
2004-01-04,20.63
2004-01-05,20.23
2004-01-06,19.94
2004-01-07,19.65
2004-01-08,19.37
2004-01-09,19.09
2004-01-10,18.86
2004-01-11,8.12
2004-01-12,5.97
2004-01-13,6.26
2004-01-14,6.11
2004-01-15,6.06
2004-01-16,6.0
2004-01-17,5.95
2004-01-18,5.92
2004-01-19,5.87
2004-01-20,5.85
2004-01-21,5.9
2004-01-22,5.92
2004-01-23,5.89
2004-01-24,5.84
2004-01-25,5.84
2004-01-26,5.84
2004-01-27,5.82
2004-01-28,5.81
2004-01-29,5.81
2004-01-30,5.82
2004-01-31,8.82
2004-02-01,11.5
2004-02-02,12.4
2004-02-03,12.37
2004-02-04,12.34
2004-02-05,12.12
2004-02-06,11.91
2004-02-07,11.79
2004-02-08,12.15
2004-02-09,12.3
2004-02-10,12.09
2004-02-11,12.27
2004-02-12,12.21
2004-02-13,12.24
2004-02-14,11.94
2004-02-15,11.5
2004-02-16,11.45
2004-02-17,11.42
2004-02-18,11.56
2004-02-19,11.47
2004-02-20,11.56
2004-02-21,11.36
2004-02-22,11.16
2004-02-23,10.78
2004-02-24,10.53
2004-02-25,10.4
2004-02-26,10.27
2004-02-27,10.53
2004-02-28,11.22
2004-02-29,11.62
2004-03-01,11.5
2004-03-02,10.8
2004-03-03,10.67
2004-03-04,10.48
2004-03-05,9.99
2004-03-06,9.94
2004-03-07,9.84
2004-03-08,9.94
2004-03-09,9.74
2004-03-10,9.74
2004-03-11,9.79
2004-03-12,9.81
2004-03-13,9.94
2004-03-14,9.81
2004-03-15,9.91
2004-03-16,9.84
2004-03-17,10.04
2004-03-18,9.86
2004-03-19,9.67
2004-03-20,9.84
2004-03-21,9.81
2004-03-22,11.56
2004-03-23,14.6
2004-03-24,15.98
2004-03-25,17.11
2004-03-26,16.46
2004-03-27,17.88
2004-03-28,20.53
2004-03-29,22.01
2004-03-30,22.23
2004-03-31,22.77
2004-04-01,22.93
2004-04-02,27.25
2004-04-03,31.21
2004-04-04,31.96
2004-04-05,33.59
2004-04-06,38.36
2004-04-07,42.15
2004-04-08,47.42
2004-04-09,50.64
2004-04-10,55.1
2004-04-11,56.28
2004-04-12,55.62
2004-04-13,59.95
2004-04-14,64.92
2004-04-15,66.3
2004-04-16,65.22
2004-04-17,63.27
2004-04-18,60.8
2004-04-19,58.57
2004-04-20,57.34
2004-04-21,61.95
2004-04-22,64.46
2004-04-23,64.46
2004-04-24,66.61
2004-04-25,70.45
2004-04-26,78.25
2004-04-27,87.1
2004-04-28,92.76
2004-04-29,96.27
2004-04-30,100.16
2004-05-01,101.09
2004-05-02,128.12
2004-05-03,182.23
2004-05-04,198.07
2004-05-05,199.45
2004-05-06,235.05
2004-05-07,245.6
2004-05-08,236.14
2004-05-09,216.77
2004-05-10,198.53
2004-05-11,183.93
2004-05-12,171.19
2004-05-13,160.44
2004-05-14,150.01
2004-05-15,143.54
2004-05-16,140.25
2004-05-17,135.77
2004-05-18,134.52
2004-05-19,138.32
2004-05-20,138.96
2004-05-21,143.88
2004-05-22,140.91
2004-05-23,135.14
2004-05-24,131.13
2004-05-25,126.64
2004-05-26,125.77
2004-05-27,127.82
2004-05-28,128.72
2004-05-29,129.92
2004-05-30,129.62
2004-05-31,127.23
2004-06-01,122.31
2004-06-02,117.85
2004-06-03,116.49
2004-06-04,116.49
2004-06-05,117.3
2004-06-06,124.6
2004-06-07,143.54
2004-06-08,163.06
2004-06-09,194.88
2004-06-10,208.89
2004-06-11,206.01
2004-06-12,214.28
2004-06-13,237.78
2004-06-14,247.89
2004-06-15,246.74
2004-06-16,246.74
2004-06-17,249.61
2004-06-18,247.89
2004-06-19,241.1
2004-06-20,230.74
2004-06-21,217.27
2004-06-22,203.64
2004-06-23,191.31
2004-06-24,179.72
2004-06-25,169.22
2004-06-26,159.69
2004-06-27,151.05
2004-06-28,144.21
2004-06-29,143.54
2004-06-30,146.23
2004-07-01,142.88
2004-07-02,139.28
2004-07-03,135.77
2004-07-04,133.59
2004-07-05,129.92
2004-07-06,124.31
2004-07-07,122.31
2004-07-08,121.46
2004-07-09,123.45
2004-07-10,127.53
2004-07-11,129.62
2004-07-12,127.53
2004-07-13,123.45
2004-07-14,118.4
2004-07-15,117.85
2004-07-16,128.72
2004-07-17,137.68
2004-07-18,140.25
2004-07-19,150.36
2004-07-20,161.18
2004-07-21,159.69
2004-07-22,154.24
2004-07-23,148.62
2004-07-24,141.56
2004-07-25,140.25
2004-07-26,136.4
2004-07-27,131.43
2004-07-28,125.77
2004-07-29,121.18
2004-07-30,119.78
2004-07-31,114.61
2004-08-01,108.65
2004-08-02,103.23
2004-08-03,104.2
2004-08-04,122.88
2004-08-05,150.36
2004-08-06,178.47
2004-08-07,187.36
2004-08-08,178.06
2004-08-09,165.34
2004-08-10,152.82
2004-08-11,142.55
2004-08-12,133.28
2004-08-13,125.77
2004-08-14,120.9
2004-08-15,122.03
2004-08-16,120.34
2004-08-17,123.74
2004-08-18,122.03
2004-08-19,122.88
2004-08-20,123.74
2004-08-21,123.17
2004-08-22,118.4
2004-08-23,111.98
2004-08-24,106.4
2004-08-25,101.09
2004-08-26,95.83
2004-08-27,91.26
2004-08-28,87.51
2004-08-29,83.33
2004-08-30,79.35
2004-08-31,76.45
2004-09-01,72.79
2004-09-02,68.82
2004-09-03,65.22
2004-09-04,62.24
2004-09-05,59.53
2004-09-06,58.84
2004-09-07,61.66
2004-09-08,63.42
2004-09-09,63.86
2004-09-10,64.01
2004-09-11,67.87
2004-09-12,70.61
2004-09-13,69.79
2004-09-14,68.02
2004-09-15,67.55
2004-09-16,68.5
2004-09-17,70.12
2004-09-18,73.99
2004-09-19,78.25
2004-09-20,82.18
2004-09-21,81.79
2004-09-22,79.72
2004-09-23,76.8
2004-09-24,78.8
2004-09-25,87.31
2004-09-26,96.95
2004-09-27,109.66
2004-09-28,122.03
2004-09-29,122.88
2004-09-30,117.03
2004-10-01,111.72
2004-10-02,107.39
2004-10-03,122.59
2004-10-04,139.6
2004-10-05,143.54
2004-10-06,138.0
2004-10-07,130.22
2004-10-08,122.03
2004-10-09,114.88
2004-10-10,110.43
2004-10-11,109.92
2004-10-12,110.94
2004-10-13,116.76
2004-10-14,122.59
2004-10-15,130.83
2004-10-16,137.36
2004-10-17,141.89
2004-10-18,145.55
2004-10-19,149.66
2004-10-20,152.46
2004-10-21,153.88
2004-10-22,157.12
2004-10-23,152.46
2004-10-24,150.36
2004-10-25,143.88
2004-10-26,141.23
2004-10-27,144.88
2004-10-28,149.31
2004-10-29,149.66
2004-10-30,149.31
2004-10-31,146.91
2004-11-01,143.21
2004-11-02,143.21
2004-11-03,144.55
2004-11-04,141.56
2004-11-05,134.52
2004-11-06,128.12
2004-11-07,122.88
2004-11-08,121.74
2004-11-09,123.74
2004-11-10,125.18
2004-11-11,123.45
2004-11-12,124.31
2004-11-13,128.12
2004-11-14,126.06
2004-11-15,125.47
2004-11-16,124.6
2004-11-17,118.95
2004-11-18,111.98
2004-11-19,106.15
2004-11-20,100.62
2004-11-21,100.39
2004-11-22,100.16
2004-11-23,99.69
2004-11-24,96.95
2004-11-25,94.28
2004-11-26,90.83
2004-11-27,86.3
2004-11-28,81.41
2004-11-29,76.8
2004-11-30,72.45
2004-12-01,68.5
2004-12-02,65.07
2004-12-03,63.27
2004-12-04,63.12
2004-12-05,61.52
2004-12-06,58.57
2004-12-07,55.49
2004-12-08,52.58
2004-12-09,49.93
2004-12-10,47.53
2004-12-11,45.24
2004-12-12,42.95
2004-12-13,41.07
2004-12-14,40.21
2004-12-15,40.02
2004-12-16,38.81
2004-12-17,37.11
2004-12-18,35.48
2004-12-19,33.91
2004-12-20,32.5
2004-12-21,31.21
2004-12-22,30.05
2004-12-23,29.06
2004-12-24,28.04
2004-12-25,27.12
2004-12-26,26.29
2004-12-27,25.42
2004-12-28,24.76
2004-12-29,24.23
2004-12-30,23.6
2004-12-31,22.99
2005-01-01,23.21
2005-01-02,24.82
2005-01-03,25.42
2005-01-04,24.7
2005-01-05,23.95
2005-01-06,23.32
2005-01-07,22.71
2005-01-08,22.12
2005-01-09,21.59
2005-01-10,21.13
2005-01-11,10.8
2005-01-12,7.34
2005-01-13,7.17
2005-01-14,6.98
2005-01-15,6.83
2005-01-16,6.71
2005-01-17,6.76
2005-01-18,6.73
2005-01-19,6.6
2005-01-20,6.52
2005-01-21,6.43
2005-01-22,6.35
2005-01-23,6.21
2005-01-24,6.11
2005-01-25,6.06
2005-01-26,6.05
2005-01-27,6.35
2005-01-28,6.94
2005-01-29,7.32
2005-01-30,7.91
2005-01-31,13.29
2005-02-01,16.3
2005-02-02,16.58
2005-02-03,16.42
2005-02-04,16.22
2005-02-05,15.87
2005-02-06,15.48
2005-02-07,15.0
2005-02-08,14.45
2005-02-09,14.03
2005-02-10,13.55
2005-02-11,13.32
2005-02-12,13.09
2005-02-13,12.9
2005-02-14,12.58
2005-02-15,12.37
2005-02-16,12.24
2005-02-17,11.97
2005-02-18,11.79
2005-02-19,11.59
2005-02-20,11.25
2005-02-21,11.22
2005-02-22,11.33
2005-02-23,11.22
2005-02-24,11.3
2005-02-25,11.25
2005-02-26,11.16
2005-02-27,10.99
2005-02-28,10.72
2005-03-01,10.51
2005-03-02,10.22
2005-03-03,9.84
2005-03-04,9.99
2005-03-05,10.22
2005-03-06,11.22
2005-03-07,11.94
2005-03-08,11.79
2005-03-09,11.88
2005-03-10,11.76
2005-03-11,11.3
2005-03-12,11.11
2005-03-13,11.13
2005-03-14,11.33
2005-03-15,11.85
2005-03-16,11.79
2005-03-17,11.11
2005-03-18,10.67
2005-03-19,10.22
2005-03-20,11.47
2005-03-21,11.68
2005-03-22,11.45
2005-03-23,11.42
2005-03-24,10.99
2005-03-25,10.51
2005-03-26,10.72
2005-03-27,11.59
2005-03-28,11.65
2005-03-29,11.91
2005-03-30,12.09
2005-03-31,14.28
2005-04-01,15.87
2005-04-02,17.49
2005-04-03,19.61
2005-04-04,22.23
2005-04-05,24.76
2005-04-06,26.86
2005-04-07,27.84
2005-04-08,27.91
2005-04-09,29.83
2005-04-10,30.19
2005-04-11,30.62
2005-04-12,31.73
2005-04-13,32.27
2005-04-14,32.57
2005-04-15,33.04
2005-04-16,32.88
2005-04-17,32.42
2005-04-18,31.81
2005-04-19,31.51
2005-04-20,33.04
2005-04-21,35.81
2005-04-22,37.46
2005-04-23,40.11
2005-04-24,42.15
2005-04-25,43.06
2005-04-26,44.5
2005-04-27,47.08
2005-04-28,48.77
2005-04-29,51.6
2005-04-30,52.95
2005-05-01,55.49
2005-05-02,58.16
2005-05-03,61.81
2005-05-04,62.83
2005-05-05,61.81
2005-05-06,59.53
2005-05-07,57.21
2005-05-08,57.08
2005-05-09,56.54
2005-05-10,55.23
2005-05-11,54.08
2005-05-12,52.46
2005-05-13,53.33
2005-05-14,54.72
2005-05-15,54.72
2005-05-16,54.72
2005-05-17,53.83
2005-05-18,51.72
2005-05-19,49.58
2005-05-20,48.43
2005-05-21,48.66
2005-05-22,48.77
2005-05-23,48.43
2005-05-24,48.77
2005-05-25,49.35
2005-05-26,51.6
2005-05-27,56.94
2005-05-28,61.66
2005-05-29,64.31
2005-05-30,68.34
2005-05-31,70.29
2005-06-01,69.31
2005-06-02,68.5
2005-06-03,69.96
2005-06-04,70.78
2005-06-05,73.47
2005-06-06,75.56
2005-06-07,78.07
2005-06-08,77.16
2005-06-09,77.16
2005-06-10,85.7
2005-06-11,89.16
2005-06-12,88.33
2005-06-13,86.9
2005-06-14,87.51
2005-06-15,86.5
2005-06-16,97.17
2005-06-17,166.49
2005-06-18,195.79
2005-06-19,198.53
2005-06-20,194.43
2005-06-21,187.36
2005-06-22,179.72
2005-06-23,169.61
2005-06-24,159.69
2005-06-25,151.76
2005-06-26,145.89
2005-06-27,139.6
2005-06-28,134.83
2005-06-29,130.52
2005-06-30,126.64
2005-07-01,123.17
2005-07-02,121.18
2005-07-03,117.58
2005-07-04,113.82
2005-07-05,113.55
2005-07-06,115.41
2005-07-07,116.49
2005-07-08,113.29
2005-07-09,112.5
2005-07-10,114.35
2005-07-11,122.59
2005-07-12,127.53
2005-07-13,124.31
2005-07-14,125.77
2005-07-15,130.83
2005-07-16,133.28
2005-07-17,136.72
2005-07-18,145.89
2005-07-19,144.88
2005-07-20,142.55
2005-07-21,142.55
2005-07-22,136.72
2005-07-23,133.9
2005-07-24,140.25
2005-07-25,154.96
2005-07-26,173.58
2005-07-27,187.36
2005-07-28,198.53
2005-07-29,205.06
2005-07-30,214.28
2005-07-31,240.55
2005-08-01,253.68
2005-08-02,249.61
2005-08-03,237.23
2005-08-04,223.39
2005-08-05,210.35
2005-08-06,198.07
2005-08-07,185.64
2005-08-08,173.98
2005-08-09,163.82
2005-08-10,154.24
2005-08-11,145.55
2005-08-12,138.32
2005-08-13,131.74
2005-08-14,125.18
2005-08-15,118.95
2005-08-16,112.76
2005-08-17,106.89
2005-08-18,101.33
2005-08-19,95.61
2005-08-20,90.83
2005-08-21,85.9
2005-08-22,81.22
2005-08-23,76.98
2005-08-24,74.68
2005-08-25,71.61
2005-08-26,68.34
2005-08-27,66.61
2005-08-28,69.63
2005-08-29,71.78
2005-08-30,72.28
2005-08-31,72.11
2005-09-01,72.28
2005-09-02,73.13
2005-09-03,75.56
2005-09-04,98.31
2005-09-05,126.35
2005-09-06,147.59
2005-09-07,158.22
2005-09-08,168.82
2005-09-09,176.01
2005-09-10,189.99
2005-09-11,198.99
2005-09-12,199.45
2005-09-13,194.43
2005-09-14,187.8
2005-09-15,178.47
2005-09-16,168.43
2005-09-17,158.59
2005-09-18,148.97
2005-09-19,140.91
2005-09-20,137.04
2005-09-21,133.9
2005-09-22,128.12
2005-09-23,121.18
2005-09-24,114.61
2005-09-25,108.9
2005-09-26,103.47
2005-09-27,97.63
2005-09-28,92.76
2005-09-29,87.92
2005-09-30,83.72
2005-10-01,79.91
2005-10-02,75.56
2005-10-03,71.61
2005-10-04,68.66
2005-10-05,71.61
2005-10-06,78.62
2005-10-07,90.2
2005-10-08,99.46
2005-10-09,104.2
2005-10-10,104.44
2005-10-11,104.44
2005-10-12,106.4
2005-10-13,110.94
2005-10-14,111.2
2005-10-15,107.64
2005-10-16,102.75
2005-10-17,97.4
2005-10-18,93.19
2005-10-19,89.99
2005-10-20,87.92
2005-10-21,85.5
2005-10-22,84.11
2005-10-23,88.95
2005-10-24,95.61
2005-10-25,99.46
2005-10-26,98.31
2005-10-27,94.5
2005-10-28,89.36
2005-10-29,85.5
2005-10-30,82.95
2005-10-31,80.47
2005-11-01,80.1
2005-11-02,81.22
2005-11-03,82.18
2005-11-04,85.5
2005-11-05,99.93
2005-11-06,114.88
2005-11-07,119.78
2005-11-08,121.46
2005-11-09,128.12
2005-11-10,131.13
2005-11-11,132.97
2005-11-12,336.29
2005-11-13,432.51
2005-11-14,400.79
2005-11-15,355.45
2005-11-16,313.77
2005-11-17,280.84
2005-11-18,256.04
2005-11-19,236.14
2005-11-20,218.79
2005-11-21,205.06
2005-11-22,249.61
2005-11-23,262.03
2005-11-24,252.51
2005-11-25,243.91
2005-11-26,232.35
2005-11-27,221.33
2005-11-28,211.32
2005-11-29,201.77
2005-11-30,192.64
2005-12-01,182.65
2005-12-02,173.18
2005-12-03,163.82
2005-12-04,157.12
2005-12-05,156.76
2005-12-06,153.17
2005-12-07,147.25
2005-12-08,139.28
2005-12-09,131.43
2005-12-10,125.18
2005-12-11,129.62
2005-12-12,138.96
2005-12-13,137.36
2005-12-14,132.97
2005-12-15,127.82
2005-12-16,120.62
2005-12-17,113.82
2005-12-18,107.39
2005-12-19,103.23
2005-12-20,99.46
2005-12-21,94.94
2005-12-22,91.26
2005-12-23,87.1
2005-12-24,83.14
2005-12-25,78.98
2005-12-26,74.86
2005-12-27,70.94
2005-12-28,67.08
2005-12-29,63.42
2005-12-30,59.95
2005-12-31,56.81
2006-01-01,53.83
2006-01-02,51.0
2006-01-03,48.32
2006-01-04,45.88
2006-01-05,43.87
2006-01-06,44.29
2006-01-07,44.29
2006-01-08,42.75
2006-01-09,42.15
2006-01-10,41.46
2006-01-11,32.19
2006-01-12,27.05
2006-01-13,25.06
2006-01-14,24.0
2006-01-15,22.6
2006-01-16,21.08
2006-01-17,19.8
2006-01-18,18.36
2006-01-19,16.66
2006-01-20,15.0
2006-01-21,14.67
2006-01-22,14.14
2006-01-23,13.16
2006-01-24,12.34
2006-01-25,11.39
2006-01-26,10.94
2006-01-27,10.48
2006-01-28,9.81
2006-01-29,9.16
2006-01-30,8.68
2006-01-31,13.32
2006-02-01,16.3
2006-02-02,16.58
2006-02-03,16.34
2006-02-04,15.98
2006-02-05,15.63
2006-02-06,15.26
2006-02-07,15.07
2006-02-08,14.81
2006-02-09,14.45
2006-02-10,13.93
2006-02-11,13.49
2006-02-12,13.22
2006-02-13,13.32
2006-02-14,13.06
2006-02-15,12.9
2006-02-16,12.52
2006-02-17,12.15
2006-02-18,12.03
2006-02-19,12.37
2006-02-20,12.0
2006-02-21,11.79
2006-02-22,11.94
2006-02-23,11.68
2006-02-24,11.39
2006-02-25,11.5
2006-02-26,11.27
2006-02-27,11.11
2006-02-28,11.05
2006-03-01,10.8
2006-03-02,10.48
2006-03-03,12.61
2006-03-04,15.33
2006-03-05,16.26
2006-03-06,16.46
2006-03-07,16.99
2006-03-08,16.54
2006-03-09,15.9
2006-03-10,16.42
2006-03-11,17.75
2006-03-12,17.32
2006-03-13,16.18
2006-03-14,15.26
2006-03-15,14.92
2006-03-16,14.78
2006-03-17,14.24
2006-03-18,13.89
2006-03-19,13.62
2006-03-20,13.42
2006-03-21,14.03
2006-03-22,14.24
2006-03-23,16.14
2006-03-24,16.14
2006-03-25,15.56
2006-03-26,16.54
2006-03-27,18.19
2006-03-28,18.86
2006-03-29,40.4
2006-03-30,53.95
2006-03-31,53.58
2006-04-01,52.33
2006-04-02,53.08
2006-04-03,53.2
2006-04-04,51.84
2006-04-05,51.6
2006-04-06,54.21
2006-04-07,56.28
2006-04-08,63.42
2006-04-09,89.36
2006-04-10,113.82
2006-04-11,120.9
2006-04-12,119.5
2006-04-13,120.62
2006-04-14,130.52
2006-04-15,138.32
2006-04-16,136.4
2006-04-17,131.13
2006-04-18,126.64
2006-04-19,127.23
2006-04-20,132.35
2006-04-21,141.89
2006-04-22,147.25
2006-04-23,143.21
2006-04-24,136.4
2006-04-25,130.22
2006-04-26,125.77
2006-04-27,120.34
2006-04-28,114.61
2006-04-29,110.43
2006-04-30,106.15
2006-05-01,100.62
2006-05-02,95.16
2006-05-03,90.83
2006-05-04,89.99
2006-05-05,93.41
2006-05-06,95.38
2006-05-07,95.16
2006-05-08,95.61
2006-05-09,95.61
2006-05-10,95.16
2006-05-11,92.54
2006-05-12,91.04
2006-05-13,91.04
2006-05-14,92.97
2006-05-15,92.11
2006-05-16,91.68
2006-05-17,90.62
2006-05-18,90.41
2006-05-19,94.94
2006-05-20,95.16
2006-05-21,90.62
2006-05-22,87.92
2006-05-23,87.72
2006-05-24,89.36
2006-05-25,89.36
2006-05-26,95.83
2006-05-27,113.55
2006-05-28,146.57
2006-05-29,204.59
2006-05-30,281.49
2006-05-31,354.63
2006-06-01,340.98
2006-06-02,299.61
2006-06-03,266.92
2006-06-04,244.47
2006-06-05,225.99
2006-06-06,210.84
2006-06-07,197.15
2006-06-08,186.5
2006-06-09,177.24
2006-06-10,169.22
2006-06-11,159.32
2006-06-12,149.66
2006-06-13,140.58
2006-06-14,132.97
2006-06-15,126.06
2006-06-16,122.59
2006-06-17,120.06
2006-06-18,115.14
2006-06-19,109.92
2006-06-20,108.4
2006-06-21,113.55
2006-06-22,162.31
2006-06-23,247.31
2006-06-24,249.61
2006-06-25,229.14
2006-06-26,207.45
2006-06-27,189.99
2006-06-28,175.6
2006-06-29,166.49
2006-06-30,160.06
2006-07-01,152.46
2006-07-02,146.91
2006-07-03,154.6
2006-07-04,168.82
2006-07-05,177.65
2006-07-06,180.55
2006-07-07,173.18
2006-07-08,164.2
2006-07-09,155.31
2006-07-10,146.57
2006-07-11,140.25
2006-07-12,144.88
2006-07-13,197.15
2006-07-14,213.78
2006-07-15,202.7
2006-07-16,190.43
2006-07-17,179.3
2006-07-18,170.4
2006-07-19,161.55
2006-07-20,152.11
2006-07-21,142.88
2006-07-22,134.52
2006-07-23,126.06
2006-07-24,118.4
2006-07-25,111.2
2006-07-26,104.93
2006-07-27,99.93
2006-07-28,95.61
2006-07-29,91.47
2006-07-30,87.72
2006-07-31,83.72
2006-08-01,79.91
2006-08-02,76.45
2006-08-03,73.47
2006-08-04,70.61
2006-08-05,67.71
2006-08-06,64.92
2006-08-07,62.39
2006-08-08,60.24
2006-08-09,58.43
2006-08-10,57.08
2006-08-11,59.53
2006-08-12,66.45
2006-08-13,80.1
2006-08-14,94.28
2006-08-15,108.4
2006-08-16,121.74
2006-08-17,129.32
2006-08-18,129.02
2006-08-19,128.42
2006-08-20,129.02
2006-08-21,127.23
2006-08-22,123.17
2006-08-23,117.3
2006-08-24,110.69
2006-08-25,104.2
2006-08-26,99.46
2006-08-27,94.72
2006-08-28,89.57
2006-08-29,85.3
2006-08-30,81.99
2006-08-31,78.62
2006-09-01,75.91
2006-09-02,75.21
2006-09-03,74.51
2006-09-04,74.68
2006-09-05,75.74
2006-09-06,74.68
2006-09-07,81.99
2006-09-08,92.97
2006-09-09,100.86
2006-09-10,107.89
2006-09-11,114.08
2006-09-12,120.9
2006-09-13,125.18
2006-09-14,126.94
2006-09-15,129.92
2006-09-16,141.89
2006-09-17,154.96
2006-09-18,158.22
2006-09-19,154.96
2006-09-20,149.66
2006-09-21,146.57
2006-09-22,150.71
2006-09-23,146.57
2006-09-24,141.89
2006-09-25,146.57
2006-09-26,153.88
2006-09-27,148.62
2006-09-28,140.25
2006-09-29,132.35
2006-09-30,124.6
2006-10-01,118.12
2006-10-02,112.76
2006-10-03,106.65
2006-10-04,101.8
2006-10-05,100.39
2006-10-06,97.4
2006-10-07,97.63
2006-10-08,101.8
2006-10-09,100.16
2006-10-10,97.86
2006-10-11,101.33
2006-10-12,108.4
2006-10-13,118.4
2006-10-14,126.64
2006-10-15,136.4
2006-10-16,145.55
2006-10-17,153.17
2006-10-18,157.12
2006-10-19,156.04
2006-10-20,159.32
2006-10-21,170.0
2006-10-22,176.83
2006-10-23,180.55
2006-10-24,181.81
2006-10-25,182.65
2006-10-26,190.43
2006-10-27,221.33
2006-10-28,236.14
2006-10-29,229.14
2006-10-30,219.29
2006-10-31,208.41
2006-11-01,203.64
2006-11-02,205.54
2006-11-03,222.36
2006-11-04,233.42
2006-11-05,225.99
2006-11-06,224.94
2006-11-07,225.46
2006-11-08,218.28
2006-11-09,210.35
2006-11-10,208.89
2006-11-11,217.27
2006-11-12,228.09
2006-11-13,231.27
2006-11-14,228.09
2006-11-15,220.31
2006-11-16,211.32
2006-11-17,213.29
2006-11-18,221.33
2006-11-19,224.42
2006-11-20,219.29
2006-11-21,215.77
2006-11-22,210.84
2006-11-23,204.12
2006-11-24,196.7
2006-11-25,193.09
2006-11-26,183.5
2006-11-27,176.01
2006-11-28,168.82
2006-11-29,160.81
2006-11-30,151.41
2006-12-01,142.22
2006-12-02,133.9
2006-12-03,125.77
2006-12-04,118.4
2006-12-05,111.46
2006-12-06,104.93
2006-12-07,99.0
2006-12-08,93.19
2006-12-09,87.92
2006-12-10,82.95
2006-12-11,78.43
2006-12-12,75.03
2006-12-13,73.64
2006-12-14,70.78
2006-12-15,67.08
2006-12-16,63.42
2006-12-17,60.09
2006-12-18,56.94
2006-12-19,53.95
2006-12-20,51.36
2006-12-21,48.89
2006-12-22,46.53
2006-12-23,44.29
2006-12-24,42.15
2006-12-25,40.21
2006-12-26,38.45
2006-12-27,36.67
2006-12-28,35.06
2006-12-29,33.59
2006-12-30,32.27
2006-12-31,30.99
2007-01-01,29.83
2007-01-02,28.72
2007-01-03,27.77
2007-01-04,26.93
2007-01-05,26.04
2007-01-06,25.24
2007-01-07,24.53
2007-01-08,23.83
2007-01-09,23.27
2007-01-10,22.71
2007-01-11,10.89
2007-01-12,7.85
2007-01-13,7.81
2007-01-14,7.53
2007-01-15,7.36
2007-01-16,7.18
2007-01-17,7.04
2007-01-18,6.89
2007-01-19,6.76
2007-01-20,6.66
2007-01-21,6.57
2007-01-22,6.46
2007-01-23,6.38
2007-01-24,6.29
2007-01-25,6.23
2007-01-26,6.18
2007-01-27,6.21
2007-01-28,6.38
2007-01-29,6.31
2007-01-30,6.19
2007-01-31,9.23
2007-02-01,11.71
2007-02-02,12.24
2007-02-03,12.43
2007-02-04,12.3
2007-02-05,11.94
2007-02-06,11.82
2007-02-07,11.71
2007-02-08,11.71
2007-02-09,11.82
2007-02-10,12.3
2007-02-11,12.12
2007-02-12,11.91
2007-02-13,11.82
2007-02-14,11.39
2007-02-15,11.16
2007-02-16,10.97
2007-02-17,10.99
2007-02-18,11.02
2007-02-19,11.71
2007-02-20,11.62
2007-02-21,10.91
2007-02-22,10.69
2007-02-23,10.59
2007-02-24,10.64
2007-02-25,10.91
2007-02-26,10.48
2007-02-27,10.27
2007-02-28,10.46
2007-03-01,10.46
2007-03-02,10.59
2007-03-03,10.48
2007-03-04,10.59
2007-03-05,10.61
2007-03-06,10.83
2007-03-07,10.4
2007-03-08,10.69
2007-03-09,10.27
2007-03-10,9.81
2007-03-11,9.86
2007-03-12,10.09
2007-03-13,9.96
2007-03-14,10.12
2007-03-15,10.35
2007-03-16,10.07
2007-03-17,11.79
2007-03-18,11.97
2007-03-19,12.24
2007-03-20,12.34
2007-03-21,12.24
2007-03-22,12.0
2007-03-23,11.56
2007-03-24,11.47
2007-03-25,11.3
2007-03-26,11.71
2007-03-27,11.94
2007-03-28,11.88
2007-03-29,11.79
2007-03-30,11.68
2007-03-31,13.52
2007-04-01,14.03
2007-04-02,13.86
2007-04-03,13.86
2007-04-04,13.83
2007-04-05,13.49
2007-04-06,15.44
2007-04-07,16.91
2007-04-08,17.03
2007-04-09,20.33
2007-04-10,24.29
2007-04-11,27.12
2007-04-12,29.9
2007-04-13,32.65
2007-04-14,36.24
2007-04-15,41.95
2007-04-16,48.89
2007-04-17,50.29
2007-04-18,48.43
2007-04-19,46.21
2007-04-20,44.6
2007-04-21,45.03
2007-04-22,49.0
2007-04-23,51.6
2007-04-24,54.98
2007-04-25,57.88
2007-04-26,60.94
2007-04-27,64.01
2007-04-28,65.22
2007-04-29,64.92
2007-04-30,66.3
2007-05-01,67.71
2007-05-02,67.71
2007-05-03,68.02
2007-05-04,72.45
2007-05-05,77.89
2007-05-06,80.66
2007-05-07,83.53
2007-05-08,85.1
2007-05-09,85.3
2007-05-10,88.33
2007-05-11,89.57
2007-05-12,86.7
2007-05-13,82.75
2007-05-14,80.66
2007-05-15,78.98
2007-05-16,76.45
2007-05-17,72.79
2007-05-18,68.66
2007-05-19,64.92
2007-05-20,61.37
2007-05-21,58.02
2007-05-22,55.23
2007-05-23,53.08
2007-05-24,54.21
2007-05-25,54.59
2007-05-26,54.72
2007-05-27,54.59
2007-05-28,57.61
2007-05-29,62.1
2007-05-30,62.39
2007-05-31,61.23
2007-06-01,58.57
2007-06-02,55.89
2007-06-03,54.46
2007-06-04,52.95
2007-06-05,50.76
2007-06-06,50.17
2007-06-07,52.83
2007-06-08,56.28
2007-06-09,58.84
2007-06-10,60.09
2007-06-11,62.24
2007-06-12,68.82
2007-06-13,76.98
2007-06-14,79.17
2007-06-15,82.95
2007-06-16,92.54
2007-06-17,97.4
2007-06-18,103.71
2007-06-19,112.5
2007-06-20,118.4
2007-06-21,197.61
2007-06-22,364.59
2007-06-23,403.58
2007-06-24,359.58
2007-06-25,312.33
2007-06-26,276.97
2007-06-27,251.93
2007-06-28,231.81
2007-06-29,225.46
2007-06-30,241.1
2007-07-01,256.63
2007-07-02,279.54
2007-07-03,296.85
2007-07-04,292.76
2007-07-05,273.79
2007-07-06,256.63
2007-07-07,246.17
2007-07-08,233.42
2007-07-09,222.87
2007-07-10,212.8
2007-07-11,203.64
2007-07-12,198.99
2007-07-13,193.09
2007-07-14,186.07
2007-07-15,179.3
2007-07-16,177.24
2007-07-17,182.23
2007-07-18,180.97
2007-07-19,177.65
2007-07-20,201.77
2007-07-21,217.78
2007-07-22,210.84
2007-07-23,200.37
2007-07-24,221.84
2007-07-25,232.88
2007-07-26,224.42
2007-07-27,215.77
2007-07-28,206.01
2007-07-29,194.43
2007-07-30,183.08
2007-07-31,173.58
2007-08-01,184.35
2007-08-02,218.79
2007-08-03,228.09
2007-08-04,214.77
2007-08-05,205.06
2007-08-06,203.64
2007-08-07,196.7
2007-08-08,189.11
2007-08-09,184.35
2007-08-10,192.2
2007-08-11,200.37
2007-08-12,193.98
2007-08-13,183.08
2007-08-14,171.98
2007-08-15,161.55
2007-08-16,151.41
2007-08-17,143.88
2007-08-18,136.72
2007-08-19,130.52
2007-08-20,124.03
2007-08-21,120.06
2007-08-22,125.47
2007-08-23,122.59
2007-08-24,117.85
2007-08-25,114.35
2007-08-26,113.02
2007-08-27,117.3
2007-08-28,117.58
2007-08-29,118.12
2007-08-30,119.23
2007-08-31,120.9
2007-09-01,122.59
2007-09-02,122.59
2007-09-03,126.64
2007-09-04,122.88
2007-09-05,118.95
2007-09-06,121.46
2007-09-07,118.12
2007-09-08,114.35
2007-09-09,276.33
2007-09-10,289.4
2007-09-11,245.04
2007-09-12,214.28
2007-09-13,198.53
2007-09-14,189.55
2007-09-15,183.93
2007-09-16,186.07
2007-09-17,189.55
2007-09-18,194.43
2007-09-19,203.64
2007-09-20,207.93
2007-09-21,204.59
2007-09-22,212.3
2007-09-23,228.61
2007-09-24,235.59
2007-09-25,234.5
2007-09-26,230.74
2007-09-27,218.79
2007-09-28,206.97
2007-09-29,197.61
2007-09-30,187.36
2007-10-01,178.47
2007-10-02,172.38
2007-10-03,164.2
2007-10-04,155.68
2007-10-05,147.94
2007-10-06,139.93
2007-10-07,132.05
2007-10-08,126.35
2007-10-09,120.62
2007-10-10,115.14
2007-10-11,122.03
2007-10-12,131.74
2007-10-13,137.04
2007-10-14,142.55
2007-10-15,148.62
2007-10-16,159.69
2007-10-17,179.3
2007-10-18,190.87
2007-10-19,188.67
2007-10-20,197.15
2007-10-21,203.64
2007-10-22,194.88
2007-10-23,214.28
2007-10-24,239.99
2007-10-25,246.17
2007-10-26,245.6
2007-10-27,245.6
2007-10-28,240.55
2007-10-29,230.74
2007-10-30,222.36
2007-10-31,211.81
2007-11-01,198.53
2007-11-02,187.36
2007-11-03,185.64
2007-11-04,185.21
2007-11-05,180.97
2007-11-06,176.42
2007-11-07,171.98
2007-11-08,171.19
2007-11-09,167.27
2007-11-10,160.06
2007-11-11,154.96
2007-11-12,149.31
2007-11-13,143.54
2007-11-14,138.32
2007-11-15,131.74
2007-11-16,124.89
2007-11-17,118.12
2007-11-18,111.2
2007-11-19,104.68
2007-11-20,99.23
2007-11-21,95.61
2007-11-22,91.47
2007-11-23,88.33
2007-11-24,85.7
2007-11-25,83.33
2007-11-26,79.54
2007-11-27,75.38
2007-11-28,71.44
2007-11-29,67.87
2007-11-30,65.68
2007-12-01,62.97
2007-12-02,59.81
2007-12-03,56.68
2007-12-04,53.83
2007-12-05,51.12
2007-12-06,48.55
2007-12-07,46.21
2007-12-08,43.98
2007-12-09,41.95
2007-12-10,40.21
2007-12-11,38.72
2007-12-12,37.64
2007-12-13,37.02
2007-12-14,36.93
2007-12-15,39.64
2007-12-16,41.17
2007-12-17,39.83
2007-12-18,47.31
2007-12-19,65.22
2007-12-20,72.62
2007-12-21,70.78
2007-12-22,67.87
2007-12-23,64.46
2007-12-24,60.66
2007-12-25,57.08
2007-12-26,53.7
2007-12-27,50.76
2007-12-28,48.43
2007-12-29,46.1
2007-12-30,43.98
2007-12-31,42.05
2008-01-01,40.21
2008-01-02,38.26
2008-01-03,36.5
2008-01-04,34.89
2008-01-05,33.59
2008-01-06,32.34
2008-01-07,31.14
2008-01-08,29.83
2008-01-09,28.72
2008-01-10,27.64
2008-01-11,17.37
2008-01-12,11.33
2008-01-13,9.72
2008-01-14,9.26
2008-01-15,8.89
2008-01-16,8.53
2008-01-17,8.23
2008-01-18,7.97
2008-01-19,7.71
2008-01-20,7.49
2008-01-21,7.28
2008-01-22,7.13
2008-01-23,6.96
2008-01-24,6.87
2008-01-25,6.85
2008-01-26,6.87
2008-01-27,6.85
2008-01-28,6.74
2008-01-29,6.66
2008-01-30,6.62
2008-01-31,10.8
2008-02-01,14.21
2008-02-02,14.7
2008-02-03,14.63
2008-02-04,14.52
2008-02-05,15.33
2008-02-06,15.48
2008-02-07,15.33
2008-02-08,16.42
2008-02-09,21.39
2008-02-10,26.93
2008-02-11,28.85
2008-02-12,29.69
2008-02-13,32.5
2008-02-14,33.59
2008-02-15,32.96
2008-02-16,31.58
2008-02-17,30.26
2008-02-18,28.79
2008-02-19,27.31
2008-02-20,26.42
2008-02-21,25.55
2008-02-22,24.35
2008-02-23,23.77
2008-02-24,22.82
2008-02-25,22.82
2008-02-26,22.6
2008-02-27,21.96
2008-02-28,21.54
2008-02-29,20.13
2008-03-01,20.48
2008-03-02,21.39
2008-03-03,21.23
2008-03-04,20.73
2008-03-05,19.8
2008-03-06,18.91
2008-03-07,18.1
2008-03-08,17.37
2008-03-09,16.46
2008-03-10,16.58
2008-03-11,16.58
2008-03-12,17.49
2008-03-13,19.56
2008-03-14,24.23
2008-03-15,29.41
2008-03-16,35.06
2008-03-17,41.27
2008-03-18,48.2
2008-03-19,54.21
2008-03-20,61.66
2008-03-21,68.34
2008-03-22,69.96
2008-03-23,72.45
2008-03-24,71.61
2008-03-25,67.71
2008-03-26,63.42
2008-03-27,59.39
2008-03-28,58.57
2008-03-29,58.7
2008-03-30,60.24
2008-03-31,64.01
2008-04-01,63.86
2008-04-02,65.99
2008-04-03,75.74
2008-04-04,81.04
2008-04-05,80.66
2008-04-06,77.34
2008-04-07,73.47
2008-04-08,74.34
2008-04-09,74.16
2008-04-10,73.47
2008-04-11,71.44
2008-04-12,70.61
2008-04-13,76.09
2008-04-14,82.56
2008-04-15,84.11
2008-04-16,84.31
2008-04-17,83.33
2008-04-18,81.6
2008-04-19,81.04
2008-04-20,81.41
2008-04-21,80.47
2008-04-22,79.91
2008-04-23,80.1
2008-04-24,91.47
2008-04-25,108.65
2008-04-26,148.62
2008-04-27,165.34
2008-04-28,158.59
2008-04-29,149.66
2008-04-30,140.91
2008-05-01,133.59
2008-05-02,127.53
2008-05-03,120.34
2008-05-04,112.76
2008-05-05,107.64
2008-05-06,104.44
2008-05-07,99.69
2008-05-08,97.17
2008-05-09,98.31
2008-05-10,99.23
2008-05-11,99.69
2008-05-12,99.23
2008-05-13,97.17
2008-05-14,96.72
2008-05-15,95.16
2008-05-16,93.41
2008-05-17,92.54
2008-05-18,92.76
2008-05-19,91.47
2008-05-20,89.57
2008-05-21,88.54
2008-05-22,87.51
2008-05-23,87.1
2008-05-24,87.92
2008-05-25,86.9
2008-05-26,87.51
2008-05-27,90.83
2008-05-28,91.9
2008-05-29,91.68
2008-05-30,90.41
2008-05-31,95.16
2008-06-01,98.54
2008-06-02,100.62
2008-06-03,102.28
2008-06-04,104.93
2008-06-05,105.41
2008-06-06,101.09
2008-06-07,97.4
2008-06-08,96.5
2008-06-09,100.39
2008-06-10,107.64
2008-06-11,106.65
2008-06-12,102.51
2008-06-13,98.77
2008-06-14,97.63
2008-06-15,97.17
2008-06-16,94.5
2008-06-17,92.54
2008-06-18,91.9
2008-06-19,94.94
2008-06-20,93.84
2008-06-21,92.11
2008-06-22,96.27
2008-06-23,98.54
2008-06-24,96.27
2008-06-25,94.28
2008-06-26,96.72
2008-06-27,96.72
2008-06-28,96.72
2008-06-29,103.71
2008-06-30,108.65
2008-07-01,119.5
2008-07-02,132.66
2008-07-03,129.62
2008-07-04,122.03
2008-07-05,115.68
2008-07-06,110.43
2008-07-07,106.89
2008-07-08,103.47
2008-07-09,99.69
2008-07-10,96.05
2008-07-11,93.62
2008-07-12,90.83
2008-07-13,86.9
2008-07-14,84.51
2008-07-15,126.06
2008-07-16,143.54
2008-07-17,136.09
2008-07-18,128.12
2008-07-19,127.23
2008-07-20,129.62
2008-07-21,132.05
2008-07-22,135.14
2008-07-23,158.96
2008-07-24,186.07
2008-07-25,191.75
2008-07-26,187.36
2008-07-27,208.89
2008-07-28,239.44
2008-07-29,246.74
2008-07-30,241.66
2008-07-31,236.14
2008-08-01,228.09
2008-08-02,216.27
2008-08-03,202.24
2008-08-04,190.43
2008-08-05,178.47
2008-08-06,167.27
2008-08-07,157.49
2008-08-08,148.97
2008-08-09,142.88
2008-08-10,137.68
2008-08-11,136.4
2008-08-12,167.66
2008-08-13,185.64
2008-08-14,191.31
2008-08-15,193.09
2008-08-16,188.23
2008-08-17,176.83
2008-08-18,165.72
2008-08-19,157.49
2008-08-20,150.36
2008-08-21,143.54
2008-08-22,138.0
2008-08-23,131.43
2008-08-24,124.89
2008-08-25,118.67
2008-08-26,115.41
2008-08-27,114.61
2008-08-28,115.68
2008-08-29,115.95
2008-08-30,122.59
2008-08-31,129.32
2008-09-01,137.04
2008-09-02,134.83
2008-09-03,129.02
2008-09-04,125.47
2008-09-05,122.88
2008-09-06,121.18
2008-09-07,124.03
2008-09-08,130.52
2008-09-09,133.9
2008-09-10,132.97
2008-09-11,137.68
2008-09-12,145.89
2008-09-13,144.21
2008-09-14,138.0
2008-09-15,131.43
2008-09-16,124.31
2008-09-17,118.12
2008-09-18,111.72
2008-09-19,105.41
2008-09-20,99.93
2008-09-21,99.69
2008-09-22,96.5
2008-09-23,92.33
2008-09-24,88.13
2008-09-25,84.31
2008-09-26,81.99
2008-09-27,78.43
2008-09-28,74.34
2008-09-29,70.12
2008-09-30,66.45
2008-10-01,62.83
2008-10-02,59.53
2008-10-03,56.54
2008-10-04,53.7
2008-10-05,51.12
2008-10-06,48.89
2008-10-07,48.43
2008-10-08,50.17
2008-10-09,52.83
2008-10-10,56.15
2008-10-11,59.12
2008-10-12,62.83
2008-10-13,68.66
2008-10-14,79.72
2008-10-15,88.74
2008-10-16,93.84
2008-10-17,94.28
2008-10-18,94.28
2008-10-19,98.08
2008-10-20,111.98
2008-10-21,147.25
2008-10-22,164.2
2008-10-23,159.69
2008-10-24,159.69
2008-10-25,163.44
2008-10-26,160.81
2008-10-27,154.24
2008-10-28,144.88
2008-10-29,136.09
2008-10-30,129.32
2008-10-31,125.47
2008-11-01,120.9
2008-11-02,117.03
2008-11-03,112.24
2008-11-04,106.4
2008-11-05,101.09
2008-11-06,97.4
2008-11-07,93.19
2008-11-08,96.05
2008-11-09,99.69
2008-11-10,100.62
2008-11-11,99.0
2008-11-12,94.72
2008-11-13,92.11
2008-11-14,89.16
2008-11-15,85.5
2008-11-16,81.41
2008-11-17,77.52
2008-11-18,74.68
2008-11-19,72.62
2008-11-20,72.62
2008-11-21,72.11
2008-11-22,74.16
2008-11-23,84.9
2008-11-24,102.51
2008-11-25,117.3
2008-11-26,117.03
2008-11-27,110.94
2008-11-28,107.14
2008-11-29,106.4
2008-11-30,114.61
2008-12-01,118.12
2008-12-02,115.68
2008-12-03,110.69
2008-12-04,105.41
2008-12-05,99.46
2008-12-06,93.84
2008-12-07,89.57
2008-12-08,86.1
2008-12-09,87.31
2008-12-10,89.16
2008-12-11,88.74
2008-12-12,86.1
2008-12-13,81.79
2008-12-14,77.89
2008-12-15,75.56
2008-12-16,74.86
2008-12-17,73.3
2008-12-18,70.12
2008-12-19,70.45
2008-12-20,68.82
2008-12-21,66.3
2008-12-22,63.12
2008-12-23,60.09
2008-12-24,57.08
2008-12-25,54.21
2008-12-26,51.72
2008-12-27,49.23
2008-12-28,46.86
2008-12-29,44.6
2008-12-30,42.55
2008-12-31,40.59
2009-01-01,38.81
2009-01-02,37.11
2009-01-03,35.56
2009-01-04,34.08
2009-01-05,32.73
2009-01-06,31.51
2009-01-07,30.33
2009-01-08,29.34
2009-01-09,28.38
2009-01-10,27.44
2009-01-11,17.75
2009-01-12,12.09
2009-01-13,10.04
2009-01-14,9.5
2009-01-15,9.19
2009-01-16,8.89
2009-01-17,8.57
2009-01-18,8.29
2009-01-19,8.06
2009-01-20,7.85
2009-01-21,7.69
2009-01-22,7.47
2009-01-23,7.28
2009-01-24,7.15
2009-01-25,7.04
2009-01-26,6.96
2009-01-27,10.4
2009-01-28,15.63
2009-01-29,16.99
2009-01-30,15.52
2009-01-31,19.09
2009-02-01,20.73
2009-02-02,20.28
2009-02-03,19.65
2009-02-04,19.14
2009-02-05,18.59
2009-02-06,18.19
2009-02-07,17.75
2009-02-08,17.37
2009-02-09,17.07
2009-02-10,16.82
2009-02-11,16.3
2009-02-12,16.02
2009-02-13,15.71
2009-02-14,15.37
2009-02-15,15.26
2009-02-16,15.07
2009-02-17,14.96
2009-02-18,14.89
2009-02-19,14.45
2009-02-20,14.07
2009-02-21,13.83
2009-02-22,13.72
2009-02-23,13.83
2009-02-24,13.62
2009-02-25,13.39
2009-02-26,13.39
2009-02-27,13.26
2009-02-28,12.96
2009-03-01,12.55
2009-03-02,12.3
2009-03-03,12.3
2009-03-04,12.52
2009-03-05,12.46
2009-03-06,12.37
2009-03-07,12.18
2009-03-08,12.24
2009-03-09,14.07
2009-03-10,14.89
2009-03-11,14.78
2009-03-12,16.54
2009-03-13,19.14
2009-03-14,21.49
2009-03-15,23.83
2009-03-16,24.59
2009-03-17,23.83
2009-03-18,22.55
2009-03-19,21.54
2009-03-20,20.73
2009-03-21,20.23
2009-03-22,19.65
2009-03-23,19.42
2009-03-24,20.98
2009-03-25,21.49
2009-03-26,21.13
2009-03-27,21.54
2009-03-28,25.55
2009-03-29,30.19
2009-03-30,31.14
2009-03-31,29.62
2009-04-01,28.11
2009-04-02,27.77
2009-04-03,27.05
2009-04-04,25.92
2009-04-05,25.3
2009-04-06,24.59
2009-04-07,25.79
2009-04-08,26.86
2009-04-09,30.84
2009-04-10,33.51
2009-04-11,38.63
2009-04-12,41.56
2009-04-13,40.59
2009-04-14,38.72
2009-04-15,37.37
2009-04-16,37.28
2009-04-17,36.93
2009-04-18,36.33
2009-04-19,35.64
2009-04-20,35.56
2009-04-21,36.33
2009-04-22,38.36
2009-04-23,41.17
2009-04-24,44.81
2009-04-25,48.89
2009-04-26,52.33
2009-04-27,55.49
2009-04-28,59.81
2009-04-29,67.87
2009-04-30,74.68
2009-05-01,75.21
2009-05-02,72.79
2009-05-03,70.61
2009-05-04,68.18
2009-05-05,65.07
2009-05-06,62.1
2009-05-07,59.81
2009-05-08,59.39
2009-05-09,59.67
2009-05-10,60.66
2009-05-11,61.52
2009-05-12,62.68
2009-05-13,62.39
2009-05-14,60.94
2009-05-15,58.98
2009-05-16,58.7
2009-05-17,59.12
2009-05-18,59.53
2009-05-19,61.81
2009-05-20,71.11
2009-05-21,77.7
2009-05-22,81.41
2009-05-23,87.1
2009-05-24,91.26
2009-05-25,100.86
2009-05-26,106.15
2009-05-27,107.89
2009-05-28,106.15
2009-05-29,101.8
2009-05-30,98.54
2009-05-31,98.08
2009-06-01,97.17
2009-06-02,94.06
2009-06-03,91.04
2009-06-04,88.54
2009-06-05,91.26
2009-06-06,142.22
2009-06-07,182.65
2009-06-08,186.93
2009-06-09,180.55
2009-06-10,168.04
2009-06-11,156.76
2009-06-12,152.82
2009-06-13,149.66
2009-06-14,146.23
2009-06-15,142.22
2009-06-16,139.93
2009-06-17,140.25
2009-06-18,153.53
2009-06-19,166.11
2009-06-20,166.88
2009-06-21,160.06
2009-06-22,153.88
2009-06-23,153.17
2009-06-24,151.76
2009-06-25,150.01
2009-06-26,150.36
2009-06-27,149.66
2009-06-28,149.31
2009-06-29,152.11
2009-06-30,176.01
2009-07-01,215.27
2009-07-02,239.99
2009-07-03,259.02
2009-07-04,261.42
2009-07-05,265.07
2009-07-06,265.07
2009-07-07,257.82
2009-07-08,250.77
2009-07-09,249.61
2009-07-10,243.34
2009-07-11,230.21
2009-07-12,216.77
2009-07-13,206.01
2009-07-14,202.24
2009-07-15,227.03
2009-07-16,262.63
2009-07-17,353.0
2009-07-18,358.75
2009-07-19,322.59
2009-07-20,292.09
2009-07-21,270.64
2009-07-22,253.68
2009-07-23,238.88
2009-07-24,224.94
2009-07-25,210.35
2009-07-26,197.15
2009-07-27,184.78
2009-07-28,175.6
2009-07-29,167.27
2009-07-30,159.69
2009-07-31,154.96
2009-08-01,160.44
2009-08-02,164.2
2009-08-03,158.96
2009-08-04,150.71
2009-08-05,143.88
2009-08-06,137.36
2009-08-07,133.59
2009-08-08,128.12
2009-08-09,121.74
2009-08-10,115.68
2009-08-11,110.43
2009-08-12,106.4
2009-08-13,101.33
2009-08-14,97.4
2009-08-15,95.83
2009-08-16,93.19
2009-08-17,94.28
2009-08-18,95.38
2009-08-19,137.68
2009-08-20,156.04
2009-08-21,151.05
2009-08-22,149.31
2009-08-23,146.57
2009-08-24,143.21
2009-08-25,139.93
2009-08-26,135.14
2009-08-27,132.35
2009-08-28,130.52
2009-08-29,128.72
2009-08-30,124.03
2009-08-31,119.5
2009-09-01,121.18
2009-09-02,136.72
2009-09-03,148.62
2009-09-04,150.71
2009-09-05,164.2
2009-09-06,187.36
2009-09-07,198.99
2009-09-08,199.45
2009-09-09,191.75
2009-09-10,180.55
2009-09-11,169.22
2009-09-12,158.22
2009-09-13,151.05
2009-09-14,153.17
2009-09-15,150.01
2009-09-16,142.88
2009-09-17,138.32
2009-09-18,142.88
2009-09-19,148.97
2009-09-20,147.25
2009-09-21,144.88
2009-09-22,147.25
2009-09-23,147.59
2009-09-24,144.88
2009-09-25,138.32
2009-09-26,131.74
2009-09-27,130.83
2009-09-28,132.97
2009-09-29,132.97
2009-09-30,135.14
2009-10-01,204.12
2009-10-02,278.25
2009-10-03,278.9
2009-10-04,258.42
2009-10-05,237.78
2009-10-06,219.8
2009-10-07,203.64
2009-10-08,190.87
2009-10-09,178.06
2009-10-10,166.11
2009-10-11,155.68
2009-10-12,151.76
2009-10-13,155.68
2009-10-14,158.96
2009-10-15,163.44
2009-10-16,166.88
2009-10-17,165.34
2009-10-18,157.85
2009-10-19,150.36
2009-10-20,147.25
2009-10-21,145.22
2009-10-22,151.05
2009-10-23,151.76
2009-10-24,144.88
2009-10-25,137.04
2009-10-26,137.04
2009-10-27,138.32
2009-10-28,132.97
2009-10-29,127.53
2009-10-30,123.17
2009-10-31,120.34
2009-11-01,118.67
2009-11-02,115.68
2009-11-03,110.94
2009-11-04,109.41
2009-11-05,116.49
2009-11-06,146.91
2009-11-07,298.92
2009-11-08,394.37
2009-11-09,391.65
2009-11-10,351.37
2009-11-11,308.74
2009-11-12,276.97
2009-11-13,254.27
2009-11-14,259.62
2009-11-15,268.77
2009-11-16,268.15
2009-11-17,254.27
2009-11-18,236.14
2009-11-19,222.36
2009-11-20,215.27
2009-11-21,212.8
2009-11-22,210.84
2009-11-23,204.12
2009-11-24,193.09
2009-11-25,183.93
2009-11-26,178.06
2009-11-27,169.22
2009-11-28,158.96
2009-11-29,149.31
2009-11-30,140.58
2009-12-01,134.83
2009-12-02,134.21
2009-12-03,130.52
2009-12-04,126.06
2009-12-05,121.18
2009-12-06,115.68
2009-12-07,109.92
2009-12-08,103.95
2009-12-09,98.08
2009-12-10,92.97
2009-12-11,87.72
2009-12-12,82.95
2009-12-13,78.62
2009-12-14,75.03
2009-12-15,73.3
2009-12-16,176.01
2009-12-17,198.99
2009-12-18,166.11
2009-12-19,141.23
2009-12-20,124.6
2009-12-21,112.5
2009-12-22,103.47
2009-12-23,97.17
2009-12-24,92.33
2009-12-25,87.1
2009-12-26,81.79
2009-12-27,78.43
2009-12-28,81.6
2009-12-29,82.56
2009-12-30,79.35
2009-12-31,75.03
2010-01-01,71.11
2010-01-02,67.39
2010-01-03,63.86
2010-01-04,60.66
2010-01-05,57.88
2010-01-06,55.1
2010-01-07,52.33
2010-01-08,49.7
2010-01-09,47.75
2010-01-10,47.75
2010-01-11,41.17
2010-01-12,37.28
2010-01-13,35.9
2010-01-14,36.15
2010-01-15,34.89
2010-01-16,32.42
2010-01-17,30.05
2010-01-18,27.71
2010-01-19,25.55
2010-01-20,23.55
2010-01-21,22.07
2010-01-22,20.63
2010-01-23,19.46
2010-01-24,18.45
2010-01-25,17.37
2010-01-26,16.22
2010-01-27,15.14
2010-01-28,14.28
2010-01-29,13.45
2010-01-30,12.61
2010-01-31,17.24
2010-02-01,19.84
2010-02-02,19.65
2010-02-03,19.23
2010-02-04,18.77
2010-02-05,18.36
2010-02-06,18.01
2010-02-07,17.58
2010-02-08,17.03
2010-02-09,16.58
2010-02-10,16.95
2010-02-11,17.71
2010-02-12,16.74
2010-02-13,15.71
2010-02-14,15.11
2010-02-15,14.85
2010-02-16,14.6
2010-02-17,14.42
2010-02-18,14.52
2010-02-19,14.85
2010-02-20,14.17
2010-02-21,13.66
2010-02-22,13.09
2010-02-23,13.22
2010-02-24,13.35
2010-02-25,14.49
2010-02-26,15.48
2010-02-27,15.52
2010-02-28,15.11
2010-03-01,14.56
2010-03-02,14.21
2010-03-03,13.76
2010-03-04,13.93
2010-03-05,14.92
2010-03-06,15.71
2010-03-07,15.48
2010-03-08,15.11
2010-03-09,14.85
2010-03-10,14.7
2010-03-11,14.42
2010-03-12,13.83
2010-03-13,13.55
2010-03-14,13.13
2010-03-15,13.03
2010-03-16,13.35
2010-03-17,13.52
2010-03-18,13.42
2010-03-19,13.06
2010-03-20,12.49
2010-03-21,12.27
2010-03-22,12.34
2010-03-23,12.37
2010-03-24,12.37
2010-03-25,12.09
2010-03-26,15.11
2010-03-27,19.56
2010-03-28,22.23
2010-03-29,25.3
2010-03-30,28.11
2010-03-31,32.73
2010-04-01,33.43
2010-04-02,32.96
2010-04-03,33.59
2010-04-04,36.58
2010-04-05,43.16
2010-04-06,50.4
2010-04-07,53.2
2010-04-08,52.09
2010-04-09,54.72
2010-04-10,55.49
2010-04-11,54.98
2010-04-12,54.08
2010-04-13,55.23
2010-04-14,56.02
2010-04-15,56.81
2010-04-16,89.99
2010-04-17,107.39
2010-04-18,103.23
2010-04-19,96.95
2010-04-20,92.33
2010-04-21,92.33
2010-04-22,91.04
2010-04-23,93.62
2010-04-24,100.86
2010-04-25,103.23
2010-04-26,109.66
2010-04-27,117.3
2010-04-28,119.78
2010-04-29,120.62
2010-04-30,119.23
2010-05-01,122.31
2010-05-02,122.88
2010-05-03,122.88
2010-05-04,121.74
2010-05-05,117.03
2010-05-06,111.72
2010-05-07,106.65
2010-05-08,104.68
2010-05-09,103.71
2010-05-10,103.23
2010-05-11,103.71
2010-05-12,103.47
2010-05-13,103.23
2010-05-14,102.51
2010-05-15,101.33
2010-05-16,100.39
2010-05-17,100.16
2010-05-18,99.93
2010-05-19,99.0
2010-05-20,100.86
2010-05-21,108.14
2010-05-22,108.9
2010-05-23,106.4
2010-05-24,109.15
2010-05-25,115.14
2010-05-26,118.67
2010-05-27,118.4
2010-05-28,118.95
2010-05-29,120.62
2010-05-30,119.78
2010-05-31,117.85
2010-06-01,112.76
2010-06-02,109.41
2010-06-03,108.65
2010-06-04,108.65
2010-06-05,111.2
2010-06-06,119.23
2010-06-07,118.95
2010-06-08,119.78
2010-06-09,125.18
2010-06-10,153.17
2010-06-11,243.34
2010-06-12,317.42
2010-06-13,373.97
2010-06-14,364.59
2010-06-15,333.19
2010-06-16,300.3
2010-06-17,275.06
2010-06-18,261.42
2010-06-19,247.31
2010-06-20,233.96
2010-06-21,220.31
2010-06-22,208.89
2010-06-23,238.88
2010-06-24,251.93
2010-06-25,248.46
2010-06-26,239.44
2010-06-27,230.21
2010-06-28,233.96
2010-06-29,238.33
2010-06-30,239.44
2010-07-01,257.23
2010-07-02,263.85
2010-07-03,265.69
2010-07-04,271.9
2010-07-05,295.48
2010-07-06,299.61
2010-07-07,278.9
2010-07-08,259.62
2010-07-09,245.6
2010-07-10,240.55
2010-07-11,238.88
2010-07-12,230.74
2010-07-13,221.33
2010-07-14,212.8
2010-07-15,204.59
2010-07-16,211.81
2010-07-17,228.09
2010-07-18,237.23
2010-07-19,270.02
2010-07-20,277.61
2010-07-21,262.03
2010-07-22,243.91
2010-07-23,226.51
2010-07-24,212.3
2010-07-25,199.45
2010-07-26,188.23
2010-07-27,177.65
2010-07-28,170.0
2010-07-29,166.88
2010-07-30,169.22
2010-07-31,167.27
2010-08-01,159.32
2010-08-02,150.01
2010-08-03,141.89
2010-08-04,137.36
2010-08-05,132.05
2010-08-06,125.77
2010-08-07,120.34
2010-08-08,115.95
2010-08-09,115.95
2010-08-10,114.61
2010-08-11,109.66
2010-08-12,105.41
2010-08-13,109.66
2010-08-14,114.88
2010-08-15,188.67
2010-08-16,259.02
2010-08-17,250.77
2010-08-18,228.09
2010-08-19,207.45
2010-08-20,189.99
2010-08-21,180.55
2010-08-22,174.79
2010-08-23,167.66
2010-08-24,163.82
2010-08-25,169.61
2010-08-26,178.47
2010-08-27,183.93
2010-08-28,181.39
2010-08-29,185.64
2010-08-30,215.77
2010-08-31,230.74
2010-09-01,217.78
2010-09-02,200.84
2010-09-03,187.36
2010-09-04,176.01
2010-09-05,165.72
2010-09-06,156.76
2010-09-07,148.28
2010-09-08,141.89
2010-09-09,136.09
2010-09-10,131.74
2010-09-11,130.52
2010-09-12,126.64
2010-09-13,124.31
2010-09-14,127.53
2010-09-15,128.72
2010-09-16,129.62
2010-09-17,127.82
2010-09-18,124.89
2010-09-19,126.64
2010-09-20,122.59
2010-09-21,116.76
2010-09-22,119.78
2010-09-23,125.77
2010-09-24,130.83
2010-09-25,135.77
2010-09-26,139.6
2010-09-27,148.97
2010-09-28,149.31
2010-09-29,148.97
2010-09-30,148.97
2010-10-01,153.53
2010-10-02,159.32
2010-10-03,165.72
2010-10-04,173.98
2010-10-05,171.19
2010-10-06,180.13
2010-10-07,191.75
2010-10-08,188.23
2010-10-09,180.55
2010-10-10,177.24
2010-10-11,170.0
2010-10-12,160.44
2010-10-13,151.76
2010-10-14,144.21
2010-10-15,138.32
2010-10-16,132.97
2010-10-17,127.53
2010-10-18,122.03
2010-10-19,116.76
2010-10-20,111.46
2010-10-21,107.64
2010-10-22,106.89
2010-10-23,104.44
2010-10-24,100.39
2010-10-25,96.05
2010-10-26,91.26
2010-10-27,89.78
2010-10-28,92.11
2010-10-29,99.93
2010-10-30,106.65
2010-10-31,112.5
2010-11-01,110.43
2010-11-02,105.91
2010-11-03,101.57
2010-11-04,98.31
2010-11-05,98.31
2010-11-06,100.62
2010-11-07,99.23
2010-11-08,97.63
2010-11-09,95.38
2010-11-10,96.95
2010-11-11,107.64
2010-11-12,120.62
2010-11-13,122.03
2010-11-14,118.95
2010-11-15,115.41
2010-11-16,113.55
2010-11-17,120.9
2010-11-18,126.06
2010-11-19,129.62
2010-11-20,138.96
2010-11-21,169.22
2010-11-22,193.09
2010-11-23,202.24
2010-11-24,204.12
2010-11-25,292.76
2010-11-26,324.84
2010-11-27,305.9
2010-11-28,285.42
2010-11-29,269.4
2010-11-30,251.35
2010-12-01,258.42
2010-12-02,278.25
2010-12-03,280.19
2010-12-04,273.16
2010-12-05,261.42
2010-12-06,244.47
2010-12-07,227.56
2010-12-08,228.61
2010-12-09,233.96
2010-12-10,222.87
2010-12-11,208.41
2010-12-12,197.15
2010-12-13,184.78
2010-12-14,172.78
2010-12-15,162.31
2010-12-16,152.82
2010-12-17,145.55
2010-12-18,138.32
2010-12-19,130.83
2010-12-20,123.45
2010-12-21,116.76
2010-12-22,112.5
2010-12-23,106.89
2010-12-24,101.33
2010-12-25,96.05
2010-12-26,90.83
2010-12-27,86.3
2010-12-28,82.18
2010-12-29,78.62
2010-12-30,76.8
2010-12-31,76.27
2011-01-01,77.7
2011-01-02,75.91
2011-01-03,75.03
2011-01-04,73.3
2011-01-05,71.28
2011-01-06,68.82
2011-01-07,66.92
2011-01-08,68.18
2011-01-09,68.02
2011-01-10,66.3
2011-01-11,57.34
2011-01-12,52.95
2011-01-13,50.05
2011-01-14,46.97
2011-01-15,43.87
2011-01-16,40.88
2011-01-17,38.26
2011-01-18,35.73
2011-01-19,33.2
2011-01-20,30.7
2011-01-21,28.92
2011-01-22,27.18
2011-01-23,25.61
2011-01-24,24.0
2011-01-25,22.44
2011-01-26,21.13
2011-01-27,19.94
2011-01-28,18.77
2011-01-29,17.62
2011-01-30,16.62
2011-01-31,21.49
2011-02-01,23.55
2011-02-02,23.1
2011-02-03,22.6
2011-02-04,22.55
2011-02-05,21.44
2011-02-06,20.53
2011-02-07,19.99
2011-02-08,19.46
2011-02-09,18.95
2011-02-10,19.89
2011-02-11,20.53
2011-02-12,20.13
2011-02-13,19.42
2011-02-14,18.72
2011-02-15,18.82
2011-02-16,18.72
2011-02-17,18.01
2011-02-18,17.79
2011-02-19,17.16
2011-02-20,16.74
2011-02-21,16.91
2011-02-22,18.23
2011-02-23,21.49
2011-02-24,24.88
2011-02-25,28.38
2011-02-26,32.34
2011-02-27,36.41
2011-02-28,37.73
2011-03-01,36.07
2011-03-02,34.08
2011-03-03,32.19
2011-03-04,30.62
2011-03-05,29.41
2011-03-06,28.24
2011-03-07,27.05
2011-03-08,25.79
2011-03-09,24.88
2011-03-10,23.72
2011-03-11,22.44
2011-03-12,21.44
2011-03-13,23.21
2011-03-14,27.51
2011-03-15,28.72
2011-03-16,27.58
2011-03-17,26.86
2011-03-18,25.85
2011-03-19,24.59
2011-03-20,23.49
2011-03-21,22.93
2011-03-22,22.39
2011-03-23,21.96
2011-03-24,23.27
2011-03-25,26.04
2011-03-26,28.44
2011-03-27,32.81
2011-03-28,40.5
2011-03-29,49.7
2011-03-30,56.15
2011-03-31,58.16
2011-04-01,59.67
2011-04-02,65.37
2011-04-03,71.44
2011-04-04,73.13
2011-04-05,73.47
2011-04-06,75.91
2011-04-07,76.62
2011-04-08,74.34
2011-04-09,77.16
2011-04-10,76.8
2011-04-11,76.27
2011-04-12,77.52
2011-04-13,78.43
2011-04-14,79.17
2011-04-15,78.8
2011-04-16,79.35
2011-04-17,78.8
2011-04-18,82.37
2011-04-19,89.16
2011-04-20,94.28
2011-04-21,99.46
2011-04-22,107.89
2011-04-23,124.03
2011-04-24,139.28
2011-04-25,139.6
2011-04-26,139.28
2011-04-27,137.04
2011-04-28,133.9
2011-04-29,133.28
2011-04-30,127.82
2011-05-01,124.03
2011-05-02,121.18
2011-05-03,119.23
2011-05-04,119.5
2011-05-05,119.78
2011-05-06,115.41
2011-05-07,112.76
2011-05-08,108.9
2011-05-09,102.99
2011-05-10,97.4
2011-05-11,92.54
2011-05-12,87.92
2011-05-13,84.11
2011-05-14,81.79
2011-05-15,81.22
2011-05-16,81.41
2011-05-17,84.9
2011-05-18,87.72
2011-05-19,89.57
2011-05-20,88.33
2011-05-21,87.1
2011-05-22,87.92
2011-05-23,86.5
2011-05-24,83.72
2011-05-25,81.04
2011-05-26,82.95
2011-05-27,84.7
2011-05-28,89.57
2011-05-29,97.63
2011-05-30,108.14
2011-05-31,116.22
2011-06-01,267.53
2011-06-02,327.1
2011-06-03,298.23
2011-06-04,268.77
2011-06-05,246.17
2011-06-06,229.67
2011-06-07,220.82
2011-06-08,210.35
2011-06-09,198.99
2011-06-10,189.11
2011-06-11,182.65
2011-06-12,176.01
2011-06-13,169.61
2011-06-14,173.58
2011-06-15,181.39
2011-06-16,177.65
2011-06-17,179.72
2011-06-18,185.21
2011-06-19,179.3
2011-06-20,170.0
2011-06-21,161.18
2011-06-22,152.11
2011-06-23,144.55
2011-06-24,137.36
2011-06-25,132.97
2011-06-26,130.83
2011-06-27,127.53
2011-06-28,125.18
2011-06-29,120.34
2011-06-30,114.08
2011-07-01,110.69
2011-07-02,109.15
2011-07-03,104.68
2011-07-04,99.46
2011-07-05,146.57
2011-07-06,163.82
2011-07-07,156.04
2011-07-08,145.55
2011-07-09,136.4
2011-07-10,128.12
2011-07-11,121.46
2011-07-12,122.59
2011-07-13,129.62
2011-07-14,130.22
2011-07-15,139.6
2011-07-16,180.97
2011-07-17,207.45
2011-07-18,210.84
2011-07-19,207.45
2011-07-20,198.53
2011-07-21,187.36
2011-07-22,177.24
2011-07-23,168.04
2011-07-24,160.06
2011-07-25,154.6
2011-07-26,155.68
2011-07-27,157.85
2011-07-28,160.44
2011-07-29,161.93
2011-07-30,161.18
2011-07-31,155.31
2011-08-01,148.62
2011-08-02,141.23
2011-08-03,137.36
2011-08-04,138.0
2011-08-05,143.54
2011-08-06,153.53
2011-08-07,160.81
2011-08-08,162.68
2011-08-09,160.81
2011-08-10,158.22
2011-08-11,152.46
2011-08-12,150.01
2011-08-13,145.55
2011-08-14,139.93
2011-08-15,133.28
2011-08-16,130.22
2011-08-17,129.62
2011-08-18,128.12
2011-08-19,126.64
2011-08-20,163.82
2011-08-21,183.5
2011-08-22,178.06
2011-08-23,175.6
2011-08-24,174.39
2011-08-25,171.19
2011-08-26,164.58
2011-08-27,157.85
2011-08-28,152.46
2011-08-29,147.94
2011-08-30,145.89
2011-08-31,198.07
2011-09-01,223.91
2011-09-02,252.51
2011-09-03,254.86
2011-09-04,236.68
2011-09-05,219.29
2011-09-06,205.06
2011-09-07,193.98
2011-09-08,183.5
2011-09-09,176.42
2011-09-10,174.79
2011-09-11,181.39
2011-09-12,193.09
2011-09-13,215.27
2011-09-14,230.74
2011-09-15,233.42
2011-09-16,230.21
2011-09-17,220.31
2011-09-18,207.45
2011-09-19,195.34
2011-09-20,185.21
2011-09-21,182.23
2011-09-22,176.83
2011-09-23,168.43
2011-09-24,158.59
2011-09-25,149.66
2011-09-26,141.23
2011-09-27,133.28
2011-09-28,125.47
2011-09-29,118.4
2011-09-30,111.98
2011-10-01,106.4
2011-10-02,101.09
2011-10-03,95.61
2011-10-04,90.62
2011-10-05,86.1
2011-10-06,81.79
2011-10-07,77.89
2011-10-08,74.34
2011-10-09,70.61
2011-10-10,66.92
2011-10-11,64.16
2011-10-12,62.24
2011-10-13,61.95
2011-10-14,62.53
2011-10-15,63.57
2011-10-16,64.61
2011-10-17,65.99
2011-10-18,65.83
2011-10-19,63.71
2011-10-20,62.83
2011-10-21,64.61
2011-10-22,69.15
2011-10-23,71.78
2011-10-24,76.27
2011-10-25,87.1
2011-10-26,95.38
2011-10-27,97.4
2011-10-28,96.5
2011-10-29,100.39
2011-10-30,124.03
2011-10-31,150.71
2011-11-01,175.6
2011-11-02,185.64
2011-11-03,179.3
2011-11-04,170.4
2011-11-05,162.31
2011-11-06,163.06
2011-11-07,167.27
2011-11-08,168.04
2011-11-09,160.06
2011-11-10,150.01
2011-11-11,140.91
2011-11-12,132.66
2011-11-13,125.47
2011-11-14,118.67
2011-11-15,112.5
2011-11-16,106.65
2011-11-17,101.09
2011-11-18,96.5
2011-11-19,92.76
2011-11-20,88.33
2011-11-21,83.92
2011-11-22,81.41
2011-11-23,78.07
2011-11-24,74.34
2011-11-25,72.28
2011-11-26,72.96
2011-11-27,78.62
2011-11-28,88.54
2011-11-29,90.83
2011-11-30,88.95
2011-12-01,88.74
2011-12-02,86.3
2011-12-03,83.14
2011-12-04,80.85
2011-12-05,79.72
2011-12-06,77.34
2011-12-07,73.82
2011-12-08,69.96
2011-12-09,66.3
2011-12-10,63.27
2011-12-11,60.94
2011-12-12,59.67
2011-12-13,58.16
2011-12-14,55.89
2011-12-15,53.58
2011-12-16,51.48
2011-12-17,49.23
2011-12-18,46.97
2011-12-19,45.03
2011-12-20,44.29
2011-12-21,43.36
2011-12-22,41.85
2011-12-23,40.11
2011-12-24,38.45
2011-12-25,37.11
2011-12-26,35.9
2011-12-27,34.56
2011-12-28,33.28
2011-12-29,32.11
2011-12-30,31.73
2011-12-31,38.99
2012-01-01,50.29
2012-01-02,52.33
2012-01-03,49.58
2012-01-04,46.97
2012-01-05,44.81
2012-01-06,43.16
2012-01-07,41.27
2012-01-08,39.55
2012-01-09,38.08
2012-01-10,37.02
2012-01-11,28.51
2012-01-12,24.18
2012-01-13,22.44
2012-01-14,20.98
2012-01-15,19.51
2012-01-16,17.92
2012-01-17,16.38
2012-01-18,14.89
2012-01-19,13.55
2012-01-20,12.46
2012-01-21,12.87
2012-01-22,13.06
2012-01-23,12.65
2012-01-24,12.0
2012-01-25,11.33
2012-01-26,10.69
2012-01-27,10.22
2012-01-28,9.81
2012-01-29,9.35
2012-01-30,9.0
2012-01-31,14.17
2012-02-01,17.45
2012-02-02,17.71
2012-02-03,17.45
2012-02-04,17.11
2012-02-05,16.82
2012-02-06,16.82
2012-02-07,16.7
2012-02-08,16.3
2012-02-09,16.1
2012-02-10,17.58
2012-02-11,18.86
2012-02-12,19.51
2012-02-13,19.23
2012-02-14,18.54
2012-02-15,18.05
2012-02-16,17.45
2012-02-17,17.07
2012-02-18,16.7
2012-02-19,16.3
2012-02-20,15.67
2012-02-21,15.44
2012-02-22,15.41
2012-02-23,15.18
2012-02-24,14.7
2012-02-25,14.31
2012-02-26,14.07
2012-02-27,13.86
2012-02-28,13.42
2012-02-29,13.0
2012-03-01,12.96
2012-03-02,12.96
2012-03-03,13.76
2012-03-04,13.79
2012-03-05,13.72
2012-03-06,14.17
2012-03-07,14.31
2012-03-08,14.89
2012-03-09,14.35
2012-03-10,14.49
2012-03-11,14.24
2012-03-12,14.74
2012-03-13,15.44
2012-03-14,15.79
2012-03-15,15.9
2012-03-16,17.07
2012-03-17,16.7
2012-03-18,15.9
2012-03-19,16.5
2012-03-20,17.32
2012-03-21,18.01
2012-03-22,19.84
2012-03-23,21.96
2012-03-24,22.17
2012-03-25,20.68
2012-03-26,20.23
2012-03-27,19.99
2012-03-28,19.0
2012-03-29,21.59
2012-03-30,25.67
2012-03-31,27.25
2012-04-01,28.79
2012-04-02,28.72
2012-04-03,27.97
2012-04-04,28.92
2012-04-05,29.48
2012-04-06,31.66
2012-04-07,33.43
2012-04-08,43.36
2012-04-09,51.97
2012-04-10,55.62
2012-04-11,56.81
2012-04-12,57.08
2012-04-13,57.21
2012-04-14,56.68
2012-04-15,55.62
2012-04-16,54.85
2012-04-17,55.23
2012-04-18,56.28
2012-04-19,57.21
2012-04-20,57.75
2012-04-21,59.67
2012-04-22,68.18
2012-04-23,78.43
2012-04-24,88.54
2012-04-25,101.09
2012-04-26,109.41
2012-04-27,111.46
2012-04-28,112.24
2012-04-29,109.15
2012-04-30,105.17
2012-05-01,101.8
2012-05-02,98.77
2012-05-03,95.83
2012-05-04,98.31
2012-05-05,129.02
2012-05-06,139.28
2012-05-07,130.83
2012-05-08,121.18
2012-05-09,113.29
2012-05-10,107.89
2012-05-11,105.91
2012-05-12,110.17
2012-05-13,110.43
2012-05-14,106.15
2012-05-15,101.33
2012-05-16,98.31
2012-05-17,94.28
2012-05-18,90.2
2012-05-19,87.1
2012-05-20,85.3
2012-05-21,83.53
2012-05-22,84.51
2012-05-23,83.14
2012-05-24,83.14
2012-05-25,80.1
2012-05-26,76.62
2012-05-27,77.52
2012-05-28,76.62
2012-05-29,73.99
2012-05-30,70.94
2012-05-31,69.47
2012-06-01,69.96
2012-06-02,69.47
2012-06-03,68.82
2012-06-04,68.02
2012-06-05,69.15
2012-06-06,71.28
2012-06-07,74.86
2012-06-08,77.52
2012-06-09,76.27
2012-06-10,73.99
2012-06-11,70.94
2012-06-12,68.18
2012-06-13,87.51
2012-06-14,106.15
2012-06-15,113.02
2012-06-16,117.58
2012-06-17,145.55
2012-06-18,164.96
2012-06-19,168.04
2012-06-20,165.72
2012-06-21,160.44
2012-06-22,153.88
2012-06-23,148.62
2012-06-24,141.56
2012-06-25,134.52
2012-06-26,128.12
2012-06-27,125.77
2012-06-28,121.74
2012-06-29,119.78
2012-06-30,116.22
2012-07-01,113.82
2012-07-02,130.52
2012-07-03,145.55
2012-07-04,149.31
2012-07-05,144.55
2012-07-06,137.36
2012-07-07,130.83
2012-07-08,125.47
2012-07-09,130.22
2012-07-10,140.58
2012-07-11,141.56
2012-07-12,135.77
2012-07-13,128.72
2012-07-14,122.03
2012-07-15,117.3
2012-07-16,111.72
2012-07-17,106.15
2012-07-18,102.75
2012-07-19,98.77
2012-07-20,95.38
2012-07-21,93.41
2012-07-22,91.68
2012-07-23,89.57
2012-07-24,87.92
2012-07-25,85.9
2012-07-26,83.92
2012-07-27,81.04
2012-07-28,77.7
2012-07-29,74.86
2012-07-30,72.11
2012-07-31,68.98
2012-08-01,66.14
2012-08-02,63.12
2012-08-03,61.23
2012-08-04,60.66
2012-08-05,61.09
2012-08-06,60.8
2012-08-07,59.67
2012-08-08,59.39
2012-08-09,64.01
2012-08-10,71.61
2012-08-11,77.89
2012-08-12,86.7
2012-08-13,92.11
2012-08-14,90.62
2012-08-15,89.78
2012-08-16,92.97
2012-08-17,110.17
2012-08-18,126.94
2012-08-19,127.82
2012-08-20,120.9
2012-08-21,114.08
2012-08-22,107.89
2012-08-23,107.89
2012-08-24,107.14
2012-08-25,110.17
2012-08-26,117.58
2012-08-27,121.46
2012-08-28,119.23
2012-08-29,131.13
2012-08-30,154.6
2012-08-31,178.06
2012-09-01,186.5
2012-09-02,182.65
2012-09-03,174.39
2012-09-04,170.0
2012-09-05,164.2
2012-09-06,155.31
2012-09-07,148.28
2012-09-08,141.56
2012-09-09,137.04
2012-09-10,134.21
2012-09-11,129.32
2012-09-12,123.74
2012-09-13,118.67
2012-09-14,114.88
2012-09-15,112.5
2012-09-16,110.94
2012-09-17,106.89
2012-09-18,101.57
2012-09-19,96.95
2012-09-20,92.33
2012-09-21,87.51
2012-09-22,83.53
2012-09-23,79.72
2012-09-24,75.56
2012-09-25,71.61
2012-09-26,67.87
2012-09-27,64.46
2012-09-28,61.52
2012-09-29,59.12
2012-09-30,57.34
2012-10-01,55.49
2012-10-02,53.7
2012-10-03,51.48
2012-10-04,49.35
2012-10-05,47.31
2012-10-06,45.13
2012-10-07,43.67
2012-10-08,45.13
2012-10-09,46.21
2012-10-10,45.88
2012-10-11,48.66
2012-10-12,51.36
2012-10-13,53.58
2012-10-14,74.86
2012-10-15,85.7
2012-10-16,86.9
2012-10-17,92.76
2012-10-18,102.04
2012-10-19,153.88
2012-10-20,263.85
2012-10-21,272.53
2012-10-22,241.66
2012-10-23,223.91
2012-10-24,217.27
2012-10-25,213.78
2012-10-26,201.77
2012-10-27,189.11
2012-10-28,179.72
2012-10-29,176.01
2012-10-30,173.98
2012-10-31,167.66
2012-11-01,162.68
2012-11-02,160.44
2012-11-03,153.88
2012-11-04,145.22
2012-11-05,136.72
2012-11-06,128.42
2012-11-07,121.46
2012-11-08,123.45
2012-11-09,126.06
2012-11-10,123.74
2012-11-11,117.85
2012-11-12,113.29
2012-11-13,109.66
2012-11-14,104.44
2012-11-15,99.23
2012-11-16,94.5
2012-11-17,89.57
2012-11-18,84.7
2012-11-19,80.1
2012-11-20,75.74
2012-11-21,71.95
2012-11-22,68.98
2012-11-23,67.23
2012-11-24,124.03
2012-11-25,147.25
2012-11-26,129.32
2012-11-27,112.76
2012-11-28,101.33
2012-11-29,92.54
2012-11-30,85.5
2012-12-01,79.54
2012-12-02,74.34
2012-12-03,70.29
2012-12-04,69.79
2012-12-05,68.02
2012-12-06,64.61
2012-12-07,61.37
2012-12-08,58.29
2012-12-09,55.49
2012-12-10,52.83
2012-12-11,50.29
2012-12-12,47.87
2012-12-13,45.67
2012-12-14,43.77
2012-12-15,41.95
2012-12-16,40.02
2012-12-17,38.36
2012-12-18,36.76
2012-12-19,35.48
2012-12-20,34.65
2012-12-21,33.51
2012-12-22,32.27
2012-12-23,31.06
2012-12-24,29.97
2012-12-25,28.92
2012-12-26,28.31
2012-12-27,29.83
2012-12-28,34.4
2012-12-29,36.58
2012-12-30,36.41
2012-12-31,35.9
2013-01-01,35.31
2013-01-02,34.4
2013-01-03,33.67
2013-01-04,32.96
2013-01-05,31.89
2013-01-06,30.92
2013-01-07,30.41
2013-01-08,30.26
2013-01-09,31.06
2013-01-10,31.14
2013-01-11,19.8
2013-01-12,13.32
2013-01-13,11.62
2013-01-14,11.05
2013-01-15,10.61
2013-01-16,10.17
2013-01-17,9.76
2013-01-18,9.4
2013-01-19,9.09
2013-01-20,8.82
2013-01-21,8.55
2013-01-22,8.33
2013-01-23,8.1
2013-01-24,7.89
2013-01-25,7.69
2013-01-26,7.53
2013-01-27,7.38
2013-01-28,7.24
2013-01-29,7.11
2013-01-30,7.02
2013-01-31,10.91
2013-02-01,13.76
2013-02-02,14.14
2013-02-03,14.07
2013-02-04,14.21
2013-02-05,13.83
2013-02-06,13.76
2013-02-07,13.86
2013-02-08,14.1
2013-02-09,14.45
2013-02-10,14.42
2013-02-11,14.24
2013-02-12,14.14
2013-02-13,14.14
2013-02-14,15.33
2013-02-15,15.63
2013-02-16,14.81
2013-02-17,14.42
2013-02-18,14.45
2013-02-19,16.3
2013-02-20,18.01
2013-02-21,18.14
2013-02-22,17.16
2013-02-23,16.42
2013-02-24,15.79
2013-02-25,15.33
2013-02-26,14.85
2013-02-27,14.38
2013-02-28,13.83
2013-03-01,13.45
2013-03-02,13.26
2013-03-03,13.13
2013-03-04,12.87
2013-03-05,14.35
2013-03-06,14.7
2013-03-07,13.89
2013-03-08,14.56
2013-03-09,15.87
2013-03-10,17.24
2013-03-11,18.72
2013-03-12,18.77
2013-03-13,18.45
2013-03-14,18.05
2013-03-15,17.24
2013-03-16,18.77
2013-03-17,19.99
2013-03-18,20.58
2013-03-19,20.23
2013-03-20,19.37
2013-03-21,19.23
2013-03-22,19.0
2013-03-23,18.63
2013-03-24,18.14
2013-03-25,19.7
2013-03-26,23.04
2013-03-27,24.76
2013-03-28,25.24
2013-03-29,25.12
2013-03-30,25.79
2013-03-31,25.61
2013-04-01,26.04
2013-04-02,26.29
2013-04-03,27.64
2013-04-04,27.97
2013-04-05,28.44
2013-04-06,28.72
2013-04-07,29.76
2013-04-08,29.69
2013-04-09,36.41
2013-04-10,42.55
2013-04-11,44.71
2013-04-12,45.24
2013-04-13,52.58
2013-04-14,61.66
2013-04-15,62.97
2013-04-16,63.27
2013-04-17,61.37
2013-04-18,58.98
2013-04-19,56.68
2013-04-20,54.34
2013-04-21,52.09
2013-04-22,49.82
2013-04-23,48.66
2013-04-24,51.72
2013-04-25,58.29
2013-04-26,62.1
2013-04-27,62.97
2013-04-28,63.71
2013-04-29,63.27
2013-04-30,63.57
2013-05-01,69.15
2013-05-02,73.82
2013-05-03,81.04
2013-05-04,89.78
2013-05-05,89.99
2013-05-06,91.26
2013-05-07,96.95
2013-05-08,98.31
2013-05-09,96.27
2013-05-10,94.06
2013-05-11,90.83
2013-05-12,86.5
2013-05-13,82.95
2013-05-14,85.3
2013-05-15,83.53
2013-05-16,79.35
2013-05-17,74.86
2013-05-18,70.94
2013-05-19,67.23
2013-05-20,63.86
2013-05-21,62.1
2013-05-22,61.66
2013-05-23,61.09
2013-05-24,61.52
2013-05-25,62.68
2013-05-26,66.14
2013-05-27,68.66
2013-05-28,69.63
2013-05-29,68.82
2013-05-30,66.3
2013-05-31,72.28
2013-06-01,85.3
2013-06-02,94.06
2013-06-03,122.59
2013-06-04,139.93
2013-06-05,137.04
2013-06-06,144.88
2013-06-07,167.27
2013-06-08,219.8
2013-06-09,231.27
2013-06-10,215.77
2013-06-11,242.78
2013-06-12,308.74
2013-06-13,325.59
2013-06-14,310.89
2013-06-15,313.77
2013-06-16,331.66
2013-06-17,342.56
2013-06-18,362.92
2013-06-19,418.76
2013-06-20,447.75
2013-06-21,482.06
2013-06-22,552.35
2013-06-23,539.75
2013-06-24,499.03
2013-06-25,469.98
2013-06-26,446.71
2013-06-27,424.6
2013-06-28,400.79
2013-06-29,375.7
2013-06-30,351.37
2013-07-01,338.63
2013-07-02,325.59
2013-07-03,318.15
2013-07-04,308.03
2013-07-05,294.8
2013-07-06,278.9
2013-07-07,263.85
2013-07-08,259.02
2013-07-09,260.82
2013-07-10,267.53
2013-07-11,271.9
2013-07-12,267.53
2013-07-13,254.86
2013-07-14,241.1
2013-07-15,228.61
2013-07-16,218.28
2013-07-17,210.84
2013-07-18,205.54
2013-07-19,206.97
2013-07-20,212.3
2013-07-21,211.81
2013-07-22,218.79
2013-07-23,224.94
2013-07-24,239.99
2013-07-25,254.27
2013-07-26,254.86
2013-07-27,245.04
2013-07-28,229.67
2013-07-29,215.27
2013-07-30,201.77
2013-07-31,191.75
2013-08-01,186.93
2013-08-02,186.93
2013-08-03,187.36
2013-08-04,309.46
2013-08-05,433.51
2013-08-06,408.26
2013-08-07,359.58
2013-08-08,320.37
2013-08-09,292.09
2013-08-10,271.27
2013-08-11,253.68
2013-08-12,240.55
2013-08-13,225.99
2013-08-14,212.8
2013-08-15,199.91
2013-08-16,188.23
2013-08-17,178.89
2013-08-18,171.98
2013-08-19,168.82
2013-08-20,161.18
2013-08-21,156.04
2013-08-22,150.01
2013-08-23,142.22
2013-08-24,134.83
2013-08-25,127.82
2013-08-26,121.46
2013-08-27,115.41
2013-08-28,109.66
2013-08-29,105.41
2013-08-30,103.23
2013-08-31,102.04
2013-09-01,104.2
2013-09-02,107.14
2013-09-03,106.89
2013-09-04,103.47
2013-09-05,100.86
2013-09-06,109.41
2013-09-07,124.31
2013-09-08,134.21
2013-09-09,141.89
2013-09-10,143.88
2013-09-11,141.23
2013-09-12,146.91
2013-09-13,160.06
2013-09-14,168.43
2013-09-15,170.0
2013-09-16,176.42
2013-09-17,225.99
2013-09-18,247.89
2013-09-19,243.34
2013-09-20,241.1
2013-09-21,237.78
2013-09-22,225.99
2013-09-23,212.8
2013-09-24,199.45
2013-09-25,186.93
2013-09-26,176.01
2013-09-27,164.96
2013-09-28,154.96
2013-09-29,146.57
2013-09-30,138.96
2013-10-01,133.59
2013-10-02,127.53
2013-10-03,121.18
2013-10-04,115.95
2013-10-05,109.66
2013-10-06,103.47
2013-10-07,98.54
2013-10-08,94.94
2013-10-09,94.06
2013-10-10,93.19
2013-10-11,90.2
2013-10-12,86.7
2013-10-13,83.33
2013-10-14,80.1
2013-10-15,76.27
2013-10-16,73.3
2013-10-17,79.54
2013-10-18,368.83
2013-10-19,343.35
2013-10-20,266.92
2013-10-21,228.61
2013-10-22,203.64
2013-10-23,186.93
2013-10-24,172.78
2013-10-25,159.69
2013-10-26,149.31
2013-10-27,139.6
2013-10-28,130.22
2013-10-29,122.03
2013-10-30,115.14
2013-10-31,114.61
2013-11-01,121.74
2013-11-02,120.06
2013-11-03,118.12
2013-11-04,115.14
2013-11-05,110.69
2013-11-06,105.17
2013-11-07,101.09
2013-11-08,96.5
2013-11-09,92.76
2013-11-10,88.13
2013-11-11,84.11
2013-11-12,82.56
2013-11-13,85.9
2013-11-14,90.62
2013-11-15,90.41
2013-11-16,87.51
2013-11-17,88.95
2013-11-18,89.78
2013-11-19,93.62
2013-11-20,101.09
2013-11-21,102.04
2013-11-22,102.75
2013-11-23,104.93
2013-11-24,110.17
2013-11-25,113.82
2013-11-26,118.4
2013-11-27,116.76
2013-11-28,116.76
2013-11-29,114.08
2013-11-30,108.65
2013-12-01,106.4
2013-12-02,111.98
2013-12-03,114.88
2013-12-04,112.76
2013-12-05,108.9
2013-12-06,106.15
2013-12-07,101.33
2013-12-08,96.27
2013-12-09,91.68
2013-12-10,87.31
2013-12-11,83.92
2013-12-12,81.04
2013-12-13,84.7
2013-12-14,85.9
2013-12-15,82.56
2013-12-16,79.17
2013-12-17,75.38
2013-12-18,71.44
2013-12-19,67.71
2013-12-20,64.46
2013-12-21,61.23
2013-12-22,58.16
2013-12-23,55.23
2013-12-24,52.58
2013-12-25,50.05
2013-12-26,47.64
2013-12-27,45.45
2013-12-28,43.46
2013-12-29,41.46
2013-12-30,39.64
2013-12-31,37.9
2014-01-01,36.33
2014-01-02,34.89
2014-01-03,33.51
2014-01-04,32.19
2014-01-05,31.36
2014-01-06,31.36
2014-01-07,31.43
2014-01-08,31.81
2014-01-09,32.04
2014-01-10,31.28
2014-01-11,18.91
2014-01-12,12.06
2014-01-13,11.13
2014-01-14,10.78
2014-01-15,10.32
2014-01-16,9.91
2014-01-17,9.59
2014-01-18,9.42
2014-01-19,9.16
2014-01-20,8.89
2014-01-21,8.66
2014-01-22,8.35
2014-01-23,8.1
2014-01-24,7.87
2014-01-25,7.69
2014-01-26,7.53
2014-01-27,7.38
2014-01-28,7.22
2014-01-29,7.09
2014-01-30,6.96
2014-01-31,10.78
2014-02-01,13.52
2014-02-02,14.07
2014-02-03,14.0
2014-02-04,13.89
2014-02-05,13.86
2014-02-06,13.55
2014-02-07,13.49
2014-02-08,13.49
2014-02-09,13.49
2014-02-10,13.03
2014-02-11,12.52
2014-02-12,12.58
2014-02-13,12.46
2014-02-14,13.03
2014-02-15,13.76
2014-02-16,14.03
2014-02-17,13.45
2014-02-18,13.89
2014-02-19,14.28
2014-02-20,13.55
2014-02-21,13.79
2014-02-22,14.31
2014-02-23,14.63
2014-02-24,14.1
2014-02-25,13.45
2014-02-26,13.03
2014-02-27,12.8
2014-02-28,12.61
2014-03-01,12.68
2014-03-02,13.72
2014-03-03,14.31
2014-03-04,14.24
2014-03-05,14.28
2014-03-06,14.14
2014-03-07,13.86
2014-03-08,13.42
2014-03-09,13.39
2014-03-10,13.42
2014-03-11,12.65
2014-03-12,12.0
2014-03-13,11.65
2014-03-14,11.39
2014-03-15,11.33
2014-03-16,11.3
2014-03-17,11.11
2014-03-18,11.16
2014-03-19,11.33
2014-03-20,13.42
2014-03-21,14.17
2014-03-22,13.59
2014-03-23,13.22
2014-03-24,12.77
2014-03-25,12.09
2014-03-26,11.68
2014-03-27,11.39
2014-03-28,11.16
2014-03-29,10.75
2014-03-30,10.61
2014-03-31,10.61
2014-04-01,10.91
2014-04-02,10.99
2014-04-03,11.05
2014-04-04,11.33
2014-04-05,11.5
2014-04-06,13.59
2014-04-07,15.07
2014-04-08,16.7
2014-04-09,20.73
2014-04-10,23.04
2014-04-11,25.12
2014-04-12,57.75
2014-04-13,67.08
2014-04-14,59.12
2014-04-15,57.61
2014-04-16,56.41
2014-04-17,56.41
2014-04-18,58.57
2014-04-19,60.66
2014-04-20,61.95
2014-04-21,61.37
2014-04-22,60.38
2014-04-23,59.81
2014-04-24,60.94
2014-04-25,63.57
2014-04-26,64.46
2014-04-27,66.14
2014-04-28,68.18
2014-04-29,68.98
2014-04-30,68.82
2014-05-01,69.96
2014-05-02,69.96
2014-05-03,78.07
2014-05-04,101.8
2014-05-05,126.64
2014-05-06,156.76
2014-05-07,203.17
2014-05-08,215.27
2014-05-09,207.45
2014-05-10,190.43
2014-05-11,176.01
2014-05-12,164.58
2014-05-13,157.85
2014-05-14,153.17
2014-05-15,145.55
2014-05-16,136.72
2014-05-17,127.82
2014-05-18,120.06
2014-05-19,113.02
2014-05-20,107.89
2014-05-21,104.44
2014-05-22,101.33
2014-05-23,98.54
2014-05-24,95.61
2014-05-25,99.23
2014-05-26,97.63
2014-05-27,92.76
2014-05-28,87.72
2014-05-29,86.5
2014-05-30,88.13
2014-05-31,90.62
2014-06-01,91.04
2014-06-02,95.83
2014-06-03,107.14
2014-06-04,111.46
2014-06-05,113.55
2014-06-06,122.59
2014-06-07,134.52
2014-06-08,142.55
2014-06-09,141.89
2014-06-10,142.55
2014-06-11,146.57
2014-06-12,145.89
2014-06-13,147.25
2014-06-14,141.89
2014-06-15,134.21
2014-06-16,126.64
2014-06-17,121.74
2014-06-18,121.74
2014-06-19,121.46
2014-06-20,123.45
2014-06-21,127.23
2014-06-22,125.18
2014-06-23,119.5
2014-06-24,114.35
2014-06-25,110.69
2014-06-26,106.65
2014-06-27,102.04
2014-06-28,97.4
2014-06-29,93.41
2014-06-30,91.47
2014-07-01,95.61
2014-07-02,99.93
2014-07-03,97.63
2014-07-04,93.19
2014-07-05,91.68
2014-07-06,94.72
2014-07-07,94.94
2014-07-08,94.72
2014-07-09,95.83
2014-07-10,99.46
2014-07-11,106.89
2014-07-12,112.5
2014-07-13,125.47
2014-07-14,151.05
2014-07-15,170.0
2014-07-16,174.79
2014-07-17,168.04
2014-07-18,157.49
2014-07-19,151.76
2014-07-20,147.59
2014-07-21,144.55
2014-07-22,140.91
2014-07-23,139.28
2014-07-24,135.77
2014-07-25,130.83
2014-07-26,125.18
2014-07-27,122.88
2014-07-28,122.03
2014-07-29,121.18
2014-07-30,118.67
2014-07-31,116.76
2014-08-01,138.32
2014-08-02,154.96
2014-08-03,151.76
2014-08-04,150.01
2014-08-05,145.89
2014-08-06,142.22
2014-08-07,136.4
2014-08-08,136.72
2014-08-09,143.88
2014-08-10,139.93
2014-08-11,135.77
2014-08-12,139.6
2014-08-13,140.25
2014-08-14,135.46
2014-08-15,133.28
2014-08-16,129.92
2014-08-17,127.53
2014-08-18,127.23
2014-08-19,133.9
2014-08-20,137.68
2014-08-21,137.68
2014-08-22,150.71
2014-08-23,164.2
2014-08-24,168.43
2014-08-25,161.55
2014-08-26,152.46
2014-08-27,145.55
2014-08-28,140.25
2014-08-29,147.94
2014-08-30,168.43
2014-08-31,179.3
2014-09-01,181.39
2014-09-02,209.38
2014-09-03,272.53
2014-09-04,280.19
2014-09-05,256.04
2014-09-06,237.23
2014-09-07,220.82
2014-09-08,207.45
2014-09-09,196.24
2014-09-10,185.21
2014-09-11,175.2
2014-09-12,164.58
2014-09-13,154.96
2014-09-14,150.01
2014-09-15,148.97
2014-09-16,145.22
2014-09-17,138.32
2014-09-18,131.43
2014-09-19,125.18
2014-09-20,118.67
2014-09-21,112.5
2014-09-22,107.14
2014-09-23,105.91
2014-09-24,106.15
2014-09-25,231.81
2014-09-26,296.85
2014-09-27,263.24
2014-09-28,230.21
2014-09-29,211.81
2014-09-30,205.06
2014-10-01,200.37
2014-10-02,198.07
2014-10-03,191.31
2014-10-04,186.5
2014-10-05,184.35
2014-10-06,180.13
2014-10-07,175.2
2014-10-08,171.58
2014-10-09,164.96
2014-10-10,158.96
2014-10-11,152.46
2014-10-12,145.55
2014-10-13,139.93
2014-10-14,138.64
2014-10-15,151.76
2014-10-16,164.2
2014-10-17,179.72
2014-10-18,206.01
2014-10-19,216.77
2014-10-20,212.8
2014-10-21,212.8
2014-10-22,213.29
2014-10-23,212.8
2014-10-24,215.77
2014-10-25,216.27
2014-10-26,208.89
2014-10-27,206.49
2014-10-28,210.84
2014-10-29,220.82
2014-10-30,242.22
2014-10-31,249.61
2014-11-01,243.34
2014-11-02,237.23
2014-11-03,256.63
2014-11-04,266.3
2014-11-05,253.1
2014-11-06,235.59
2014-11-07,220.31
2014-11-08,206.01
2014-11-09,193.09
2014-11-10,181.39
2014-11-11,171.98
2014-11-12,171.19
2014-11-13,176.42
2014-11-14,174.39
2014-11-15,170.79
2014-11-16,162.68
2014-11-17,153.88
2014-11-18,145.55
2014-11-19,137.68
2014-11-20,130.52
2014-11-21,130.22
2014-11-22,131.74
2014-11-23,136.09
2014-11-24,134.21
2014-11-25,130.83
2014-11-26,124.6
2014-11-27,119.23
2014-11-28,123.74
2014-11-29,131.43
2014-11-30,137.04
2014-12-01,136.72
2014-12-02,131.13
2014-12-03,124.89
2014-12-04,118.95
2014-12-05,112.76
2014-12-06,106.4
2014-12-07,100.39
2014-12-08,95.16
2014-12-09,94.94
2014-12-10,100.16
2014-12-11,107.39
2014-12-12,107.39
2014-12-13,107.89
2014-12-14,110.43
2014-12-15,108.14
2014-12-16,103.71
2014-12-17,103.47
2014-12-18,105.17
2014-12-19,103.47
2014-12-20,99.69
2014-12-21,94.94
2014-12-22,90.41
2014-12-23,85.7
2014-12-24,81.6
2014-12-25,78.25
2014-12-26,75.56
2014-12-27,72.28
2014-12-28,69.31
2014-12-29,68.82
2014-12-30,68.34
2014-12-31,65.83
2015-01-01,64.31
2015-01-02,62.68
2015-01-03,59.81
2015-01-04,56.81
2015-01-05,54.08
2015-01-06,51.48
2015-01-07,49.35
2015-01-08,47.98
2015-01-09,47.31
2015-01-10,47.08
2015-01-11,38.08
2015-01-12,32.96
2015-01-13,30.33
2015-01-14,28.11
2015-01-15,26.1
2015-01-16,24.18
2015-01-17,22.33
2015-01-18,20.63
2015-01-19,18.95
2015-01-20,17.32
2015-01-21,16.74
2015-01-22,16.38
2015-01-23,15.67
2015-01-24,14.81
2015-01-25,14.03
2015-01-26,13.19
2015-01-27,12.43
2015-01-28,11.79
2015-01-29,11.13
2015-01-30,10.61
2015-01-31,15.6
2015-02-01,18.45
2015-02-02,18.54
2015-02-03,18.19
2015-02-04,18.01
2015-02-05,17.71
2015-02-06,17.16
2015-02-07,16.74
2015-02-08,16.74
2015-02-09,16.58
2015-02-10,16.58
2015-02-11,16.14
2015-02-12,15.56
2015-02-13,15.6
2015-02-14,15.44
2015-02-15,15.44
2015-02-16,15.33
2015-02-17,15.18
2015-02-18,15.29
2015-02-19,15.11
2015-02-20,14.52
2015-02-21,14.17
2015-02-22,13.93
2015-02-23,13.62
2015-02-24,13.42
2015-02-25,13.39
2015-02-26,13.39
2015-02-27,13.76
2015-02-28,14.92
2015-03-01,15.98
2015-03-02,16.38
2015-03-03,17.03
2015-03-04,18.28
2015-03-05,19.18
2015-03-06,20.73
2015-03-07,21.86
2015-03-08,22.17
2015-03-09,22.17
2015-03-10,21.96
2015-03-11,21.28
2015-03-12,20.58
2015-03-13,20.09
2015-03-14,21.54
2015-03-15,23.49
2015-03-16,26.23
2015-03-17,27.25
2015-03-18,26.54
2015-03-19,25.36
2015-03-20,24.12
2015-03-21,22.93
2015-03-22,21.8
2015-03-23,20.88
2015-03-24,20.58
2015-03-25,20.23
2015-03-26,19.42
2015-03-27,18.86
2015-03-28,18.5
2015-03-29,18.14
2015-03-30,17.62
2015-03-31,17.58
2015-04-01,20.13
2015-04-02,23.49
2015-04-03,25.85
2015-04-04,26.1
2015-04-05,36.33
2015-04-06,45.24
2015-04-07,48.77
2015-04-08,51.6
2015-04-09,57.61
2015-04-10,61.09
2015-04-11,62.97
2015-04-12,65.22
2015-04-13,66.92
2015-04-14,68.18
2015-04-15,68.02
2015-04-16,67.39
2015-04-17,68.82
2015-04-18,69.15
2015-04-19,67.39
2015-04-20,68.02
2015-04-21,89.99
2015-04-22,108.14
2015-04-23,108.14
2015-04-24,104.93
2015-04-25,108.65
2015-04-26,109.15
2015-04-27,113.55
2015-04-28,118.95
2015-04-29,122.03
2015-04-30,118.67
2015-05-01,115.14
2015-05-02,113.02
2015-05-03,110.17
2015-05-04,106.4
2015-05-05,107.39
2015-05-06,106.89
2015-05-07,105.91
2015-05-08,107.64
2015-05-09,109.92
2015-05-10,112.24
2015-05-11,130.52
2015-05-12,146.23
2015-05-13,154.24
2015-05-14,153.53
2015-05-15,150.36
2015-05-16,145.22
2015-05-17,150.01
2015-05-18,156.04
2015-05-19,158.59
2015-05-20,159.32
2015-05-21,156.76
2015-05-22,155.31
2015-05-23,151.05
2015-05-24,145.89
2015-05-25,142.22
2015-05-26,136.72
2015-05-27,132.35
2015-05-28,126.35
2015-05-29,121.74
2015-05-30,119.5
2015-05-31,120.9
2015-06-01,124.6
2015-06-02,123.17
2015-06-03,120.9
2015-06-04,119.5
2015-06-05,122.03
2015-06-06,120.62
2015-06-07,114.88
2015-06-08,112.5
2015-06-09,114.35
2015-06-10,113.02
2015-06-11,112.24
2015-06-12,119.23
2015-06-13,119.78
2015-06-14,115.41
2015-06-15,111.46
2015-06-16,108.4
2015-06-17,107.14
2015-06-18,106.4
2015-06-19,111.72
2015-06-20,120.06
2015-06-21,129.02
2015-06-22,138.64
2015-06-23,142.22
2015-06-24,140.25
2015-06-25,141.23
2015-06-26,151.41
2015-06-27,162.31
2015-06-28,164.58
2015-06-29,159.69
2015-06-30,158.22
2015-07-01,152.82
2015-07-02,145.22
2015-07-03,138.0
2015-07-04,131.43
2015-07-05,125.77
2015-07-06,120.62
2015-07-07,114.88
2015-07-08,110.17
2015-07-09,106.4
2015-07-10,107.64
2015-07-11,117.03
2015-07-12,120.9
2015-07-13,116.22
2015-07-14,110.43
2015-07-15,106.4
2015-07-16,108.4
2015-07-17,131.74
2015-07-18,149.31
2015-07-19,171.19
2015-07-20,181.81
2015-07-21,178.06
2015-07-22,176.42
2015-07-23,187.8
2015-07-24,195.34
2015-07-25,189.55
2015-07-26,181.39
2015-07-27,173.18
2015-07-28,163.44
2015-07-29,153.88
2015-07-30,144.55
2015-07-31,136.72
2015-08-01,129.92
2015-08-02,125.18
2015-08-03,127.23
2015-08-04,128.12
2015-08-05,127.82
2015-08-06,125.18
2015-08-07,121.18
2015-08-08,117.03
2015-08-09,113.82
2015-08-10,113.82
2015-08-11,115.14
2015-08-12,113.55
2015-08-13,110.17
2015-08-14,105.66
2015-08-15,100.62
2015-08-16,97.86
2015-08-17,97.17
2015-08-18,138.64
2015-08-19,159.32
2015-08-20,153.53
2015-08-21,142.55
2015-08-22,134.83
2015-08-23,127.53
2015-08-24,120.9
2015-08-25,114.61
2015-08-26,107.89
2015-08-27,101.8
2015-08-28,96.5
2015-08-29,91.26
2015-08-30,86.9
2015-08-31,82.75
2015-09-01,78.62
2015-09-02,75.03
2015-09-03,71.78
2015-09-04,70.78
2015-09-05,73.47
2015-09-06,77.89
2015-09-07,83.14
2015-09-08,84.31
2015-09-09,83.92
2015-09-10,83.92
2015-09-11,83.53
2015-09-12,85.7
2015-09-13,85.9
2015-09-14,82.75
2015-09-15,79.91
2015-09-16,81.41
2015-09-17,84.7
2015-09-18,86.1
2015-09-19,85.5
2015-09-20,90.41
2015-09-21,92.76
2015-09-22,89.16
2015-09-23,85.7
2015-09-24,86.9
2015-09-25,92.33
2015-09-26,97.4
2015-09-27,97.86
2015-09-28,104.68
2015-09-29,120.06
2015-09-30,132.05
2015-10-01,138.64
2015-10-02,136.72
2015-10-03,132.97
2015-10-04,129.02
2015-10-05,133.59
2015-10-06,134.21
2015-10-07,129.02
2015-10-08,123.45
2015-10-09,122.88
2015-10-10,121.46
2015-10-11,122.88
2015-10-12,124.6
2015-10-13,132.66
2015-10-14,140.91
2015-10-15,146.23
2015-10-16,141.56
2015-10-17,134.52
2015-10-18,128.42
2015-10-19,127.23
2015-10-20,126.64
2015-10-21,123.45
2015-10-22,118.95
2015-10-23,114.08
2015-10-24,112.24
2015-10-25,109.92
2015-10-26,107.14
2015-10-27,102.99
2015-10-28,101.09
2015-10-29,108.65
2015-10-30,121.74
2015-10-31,150.01
2015-11-01,165.72
2015-11-02,166.88
2015-11-03,160.44
2015-11-04,155.31
2015-11-05,160.81
2015-11-06,166.88
2015-11-07,177.24
2015-11-08,184.78
2015-11-09,183.08
2015-11-10,174.79
2015-11-11,163.82
2015-11-12,154.6
2015-11-13,152.11
2015-11-14,153.88
2015-11-15,156.4
2015-11-16,160.06
2015-11-17,154.6
2015-11-18,148.97
2015-11-19,145.22
2015-11-20,140.58
2015-11-21,135.77
2015-11-22,132.05
2015-11-23,132.05
2015-11-24,128.72
2015-11-25,122.31
2015-11-26,115.41
2015-11-27,109.15
2015-11-28,103.95
2015-11-29,106.65
2015-11-30,116.22
2015-12-01,120.06
2015-12-02,126.94
2015-12-03,131.43
2015-12-04,130.83
2015-12-05,131.74
2015-12-06,133.28
2015-12-07,133.28
2015-12-08,132.97
2015-12-09,134.52
2015-12-10,132.05
2015-12-11,128.12
2015-12-12,125.47
2015-12-13,123.45
2015-12-14,126.64
2015-12-15,130.52
2015-12-16,134.83
2015-12-17,130.83
2015-12-18,123.74
2015-12-19,118.67
2015-12-20,116.22
2015-12-21,111.46
2015-12-22,105.17
2015-12-23,99.23
2015-12-24,93.62
2015-12-25,88.74
2015-12-26,83.92
2015-12-27,79.35
2015-12-28,75.21
2015-12-29,71.28
2015-12-30,67.71
2015-12-31,64.46
2016-01-01,61.23
2016-01-02,58.16
2016-01-03,55.36
2016-01-04,52.7
2016-01-05,50.17
2016-01-06,47.87
2016-01-07,45.77
2016-01-08,43.67
2016-01-09,41.76
2016-01-10,40.02
2016-01-11,29.55
2016-01-12,23.95
2016-01-13,21.54
2016-01-14,19.7
2016-01-15,18.01
2016-01-16,16.46
2016-01-17,14.96
2016-01-18,13.52
2016-01-19,12.12
2016-01-20,11.45
2016-01-21,12.4
2016-01-22,13.09
2016-01-23,12.8
2016-01-24,12.18
2016-01-25,11.47
2016-01-26,10.94
2016-01-27,10.69
2016-01-28,10.48
2016-01-29,10.12
2016-01-30,9.62
2016-01-31,14.63
2016-02-01,17.84
2016-02-02,17.97
2016-02-03,17.71
2016-02-04,17.28
2016-02-05,17.07
2016-02-06,16.54
2016-02-07,16.38
2016-02-08,16.14
2016-02-09,15.9
2016-02-10,15.98
2016-02-11,16.46
2016-02-12,17.24
2016-02-13,17.49
2016-02-14,17.28
2016-02-15,17.07
2016-02-16,16.7
2016-02-17,16.5
2016-02-18,16.62
2016-02-19,15.87
2016-02-20,15.22
2016-02-21,14.85
2016-02-22,14.45
2016-02-23,14.45
2016-02-24,14.42
2016-02-25,14.14
2016-02-26,13.93
2016-02-27,13.93
2016-02-28,13.66
2016-02-29,13.35
2016-03-01,13.29
2016-03-02,13.16
2016-03-03,12.68
2016-03-04,12.77
2016-03-05,12.65
2016-03-06,12.34
2016-03-07,12.03
2016-03-08,12.09
2016-03-09,12.12
2016-03-10,11.82
2016-03-11,11.94
2016-03-12,12.34
2016-03-13,12.55
2016-03-14,12.71
2016-03-15,13.03
2016-03-16,13.19
2016-03-17,13.0
2016-03-18,12.71
2016-03-19,12.68
2016-03-20,12.77
2016-03-21,12.93
2016-03-22,14.28
2016-03-23,15.71
2016-03-24,16.02
2016-03-25,15.48
2016-03-26,14.45
2016-03-27,13.96
2016-03-28,13.69
2016-03-29,14.52
2016-03-30,14.96
2016-03-31,14.89
2016-04-01,14.6
2016-04-02,14.42
2016-04-03,14.7
2016-04-04,51.36
2016-04-05,60.94
2016-04-06,48.66
2016-04-07,40.4
2016-04-08,41.07
2016-04-09,40.88
2016-04-10,41.76
2016-04-11,41.95
2016-04-12,41.27
2016-04-13,40.4
2016-04-14,39.93
2016-04-15,41.46
2016-04-16,42.45
2016-04-17,44.81
2016-04-18,49.7
2016-04-19,52.46
2016-04-20,52.33
2016-04-21,51.97
2016-04-22,52.7
2016-04-23,52.95
2016-04-24,52.21
2016-04-25,51.6
2016-04-26,51.12
2016-04-27,50.29
2016-04-28,49.23
2016-04-29,49.12
2016-04-30,48.43
2016-05-01,48.32
2016-05-02,48.2
2016-05-03,47.42
2016-05-04,46.64
2016-05-05,48.32
2016-05-06,51.36
2016-05-07,54.59
2016-05-08,59.81
2016-05-09,64.46
2016-05-10,73.99
2016-05-11,86.5
2016-05-12,93.62
2016-05-13,99.69
2016-05-14,104.93
2016-05-15,113.02
2016-05-16,119.23
2016-05-17,118.67
2016-05-18,119.5
2016-05-19,119.23
2016-05-20,119.23
2016-05-21,115.14
2016-05-22,109.92
2016-05-23,107.14
2016-05-24,104.93
2016-05-25,106.65
2016-05-26,107.39
2016-05-27,103.95
2016-05-28,105.17
2016-05-29,106.15
2016-05-30,104.93
2016-05-31,109.66
2016-06-01,118.95
2016-06-02,127.53
2016-06-03,127.53
2016-06-04,126.64
2016-06-05,122.88
2016-06-06,118.95
2016-06-07,117.85
2016-06-08,145.22
2016-06-09,181.81
2016-06-10,200.84
2016-06-11,203.17
2016-06-12,195.79
2016-06-13,189.11
2016-06-14,180.55
2016-06-15,172.38
2016-06-16,166.11
2016-06-17,160.81
2016-06-18,169.61
2016-06-19,180.13
2016-06-20,182.23
2016-06-21,179.3
2016-06-22,182.65
2016-06-23,182.23
2016-06-24,178.47
2016-06-25,178.47
2016-06-26,173.98
2016-06-27,168.43
2016-06-28,176.01
2016-06-29,187.8
2016-06-30,192.64
2016-07-01,187.8
2016-07-02,180.55
2016-07-03,171.19
2016-07-04,162.68
2016-07-05,156.76
2016-07-06,153.17
2016-07-07,154.6
2016-07-08,152.46
2016-07-09,156.76
2016-07-10,162.31
2016-07-11,168.04
2016-07-12,171.19
2016-07-13,165.72
2016-07-14,158.96
2016-07-15,155.68
2016-07-16,155.68
2016-07-17,150.01
2016-07-18,143.21
2016-07-19,139.6
2016-07-20,133.28
2016-07-21,126.64
2016-07-22,121.46
2016-07-23,119.78
2016-07-24,122.88
2016-07-25,129.02
2016-07-26,131.13
2016-07-27,144.55
2016-07-28,157.49
2016-07-29,155.31
2016-07-30,147.59
2016-07-31,139.93
2016-08-01,133.28
2016-08-02,127.82
2016-08-03,123.17
2016-08-04,121.74
2016-08-05,119.23
2016-08-06,114.35
2016-08-07,108.4
2016-08-08,103.47
2016-08-09,98.77
2016-08-10,94.28
2016-08-11,89.99
2016-08-12,86.1
2016-08-13,83.72
2016-08-14,81.04
2016-08-15,79.35
2016-08-16,79.17
2016-08-17,78.98
2016-08-18,76.98
2016-08-19,74.51
2016-08-20,71.78
2016-08-21,69.31
2016-08-22,67.23
2016-08-23,66.76
2016-08-24,67.87
2016-08-25,68.98
2016-08-26,69.63
2016-08-27,70.12
2016-08-28,68.82
2016-08-29,66.3
2016-08-30,65.22
2016-08-31,67.71
2016-09-01,68.82
2016-09-02,70.78
2016-09-03,72.28
2016-09-04,70.94
2016-09-05,68.5
2016-09-06,65.68
2016-09-07,63.42
2016-09-08,60.66
2016-09-09,58.98
2016-09-10,57.21
2016-09-11,55.23
2016-09-12,53.33
2016-09-13,51.97
2016-09-14,51.84
2016-09-15,51.72
2016-09-16,51.36
2016-09-17,50.52
2016-09-18,49.47
2016-09-19,50.17
2016-09-20,49.7
2016-09-21,48.43
2016-09-22,47.31
2016-09-23,46.21
2016-09-24,45.67
2016-09-25,45.34
2016-09-26,44.92
2016-09-27,44.08
2016-09-28,43.06
2016-09-29,43.06
2016-09-30,44.71
2016-10-01,44.92
2016-10-02,43.36
2016-10-03,41.66
2016-10-04,40.21
2016-10-05,39.18
2016-10-06,38.36
2016-10-07,37.11
2016-10-08,35.73
2016-10-09,34.48
2016-10-10,33.43
2016-10-11,32.5
2016-10-12,31.51
2016-10-13,31.96
2016-10-14,36.76
2016-10-15,100.86
2016-10-16,121.18
2016-10-17,107.64
2016-10-18,99.69
2016-10-19,93.41
2016-10-20,87.92
2016-10-21,87.72
2016-10-22,94.06
2016-10-23,95.83
2016-10-24,92.97
2016-10-25,88.54
2016-10-26,85.1
2016-10-27,90.41
2016-10-28,101.33
2016-10-29,100.86
2016-10-30,97.4
2016-10-31,103.71
2016-11-01,112.76
2016-11-02,114.08
2016-11-03,117.58
2016-11-04,126.94
2016-11-05,132.66
2016-11-06,129.02
2016-11-07,121.74
2016-11-08,114.88
2016-11-09,109.66
2016-11-10,106.89
2016-11-11,102.99
2016-11-12,97.63
2016-11-13,92.97
2016-11-14,93.19
2016-11-15,92.54
2016-11-16,89.57
2016-11-17,85.9
2016-11-18,81.99
2016-11-19,79.35
2016-11-20,77.34
2016-11-21,74.16
2016-11-22,71.28
2016-11-23,69.31
2016-11-24,66.76
2016-11-25,63.57
2016-11-26,60.52
2016-11-27,57.61
2016-11-28,54.85
2016-11-29,52.33
2016-11-30,50.05
2016-12-01,48.32
2016-12-02,48.43
2016-12-03,48.09
2016-12-04,48.2
2016-12-05,47.31
2016-12-06,45.45
2016-12-07,44.08
2016-12-08,42.35
2016-12-09,41.56
2016-12-10,41.07
2016-12-11,39.74
2016-12-12,38.17
2016-12-13,36.67
2016-12-14,35.9
2016-12-15,35.22
2016-12-16,34.16
2016-12-17,33.12
2016-12-18,32.19
2016-12-19,31.28
2016-12-20,30.33
2016-12-21,29.55
2016-12-22,28.99
2016-12-23,28.58
2016-12-24,28.04
2016-12-25,27.64
2016-12-26,27.12
2016-12-27,26.42
2016-12-28,25.79
2016-12-29,25.24
2016-12-30,24.76
2016-12-31,24.12
2017-01-01,23.55
2017-01-02,23.04
2017-01-03,22.82
2017-01-04,22.55
2017-01-05,22.23
2017-01-06,21.86
2017-01-07,21.7
2017-01-08,21.65
2017-01-09,21.54
2017-01-10,21.34
2017-01-11,10.19
2017-01-12,7.53
2017-01-13,7.63
2017-01-14,7.53
2017-01-15,7.43
2017-01-16,7.28
2017-01-17,7.15
2017-01-18,7.04
2017-01-19,6.91
2017-01-20,6.82
2017-01-21,6.78
2017-01-22,7.15
2017-01-23,7.57
2017-01-24,7.41
2017-01-25,7.41
2017-01-26,7.41
2017-01-27,8.84
2017-01-28,12.87
2017-01-29,16.95
2017-01-30,18.14
2017-01-31,22.93
2017-02-01,24.7
2017-02-02,24.18
2017-02-03,23.15
2017-02-04,22.23
2017-02-05,21.34
2017-02-06,20.83
2017-02-07,20.58
2017-02-08,20.33
2017-02-09,20.58
2017-02-10,20.13
2017-02-11,19.51
2017-02-12,19.14
2017-02-13,18.45
2017-02-14,18.01
2017-02-15,17.58
2017-02-16,16.95
2017-02-17,16.42
2017-02-18,15.87
2017-02-19,15.52
2017-02-20,14.92
2017-02-21,14.85
2017-02-22,14.74
2017-02-23,14.52
2017-02-24,14.49
2017-02-25,14.17
2017-02-26,14.74
2017-02-27,14.24
2017-02-28,13.96
2017-03-01,13.45
2017-03-02,13.49
2017-03-03,13.26
2017-03-04,30.99
2017-03-05,39.46
2017-03-06,36.76
2017-03-07,34.56
2017-03-08,33.91
2017-03-09,34.24
2017-03-10,35.81
2017-03-11,36.84
2017-03-12,35.73
2017-03-13,34.48
2017-03-14,36.24
2017-03-15,40.21
2017-03-16,46.1
2017-03-17,47.08
2017-03-18,46.21
2017-03-19,48.09
2017-03-20,49.93
2017-03-21,50.05
2017-03-22,49.7
2017-03-23,48.66
2017-03-24,48.2
2017-03-25,47.08
2017-03-26,45.24
2017-03-27,44.39
2017-03-28,44.08
2017-03-29,42.75
2017-03-30,41.85
2017-03-31,43.46
2017-04-01,42.65
2017-04-02,41.76
2017-04-03,48.43
2017-04-04,58.16
2017-04-05,65.83
2017-04-06,204.59
2017-04-07,216.27
2017-04-08,180.55
2017-04-09,171.19
2017-04-10,168.43
2017-04-11,167.66
2017-04-12,170.0
2017-04-13,172.38
2017-04-14,171.19
2017-04-15,168.04
2017-04-16,163.44
2017-04-17,160.44
2017-04-18,154.24
2017-04-19,145.22
2017-04-20,139.28
2017-04-21,134.21
2017-04-22,130.22
2017-04-23,126.35
2017-04-24,123.17
2017-04-25,119.23
2017-04-26,114.88
2017-04-27,112.24
2017-04-28,111.2
2017-04-29,111.98
2017-04-30,113.82
2017-05-01,116.76
2017-05-02,122.88
2017-05-03,124.6
2017-05-04,125.18
2017-05-05,123.74
2017-05-06,122.59
2017-05-07,123.45
2017-05-08,126.64
2017-05-09,125.47
2017-05-10,122.03
2017-05-11,119.78
2017-05-12,117.3
2017-05-13,121.46
2017-05-14,122.59
2017-05-15,124.31
2017-05-16,120.62
2017-05-17,117.03
2017-05-18,116.76
2017-05-19,125.77
2017-05-20,123.45
2017-05-21,119.78
2017-05-22,123.45
2017-05-23,126.06
2017-05-24,127.53
2017-05-25,131.13
2017-05-26,137.68
2017-05-27,139.6
2017-05-28,133.9
2017-05-29,129.92
2017-05-30,135.77
2017-05-31,146.23
2017-06-01,207.93
2017-06-02,273.79
2017-06-03,315.96
2017-06-04,308.74
2017-06-05,288.07
2017-06-06,269.4
2017-06-07,253.1
2017-06-08,241.66
2017-06-09,227.56
2017-06-10,221.84
2017-06-11,223.91
2017-06-12,217.78
2017-06-13,207.45
2017-06-14,199.45
2017-06-15,191.31
2017-06-16,182.65
2017-06-17,176.01
2017-06-18,168.04
2017-06-19,158.96
2017-06-20,151.41
2017-06-21,143.88
2017-06-22,137.36
2017-06-23,132.05
2017-06-24,132.35
2017-06-25,147.25
2017-06-26,176.83
2017-06-27,214.77
2017-06-28,222.87
2017-06-29,209.38
2017-06-30,194.43
2017-07-01,182.65
2017-07-02,178.47
2017-07-03,174.39
2017-07-04,168.43
2017-07-05,159.69
2017-07-06,151.76
2017-07-07,144.88
2017-07-08,138.32
2017-07-09,132.05
2017-07-10,126.35
2017-07-11,122.88
2017-07-12,118.67
2017-07-13,112.76
2017-07-14,108.14
2017-07-15,103.47
2017-07-16,99.23
2017-07-17,95.61
2017-07-18,94.28
2017-07-19,94.72
2017-07-20,96.72
2017-07-21,103.47
2017-07-22,103.47
2017-07-23,98.31
2017-07-24,92.76
2017-07-25,87.72
2017-07-26,83.14
2017-07-27,79.17
2017-07-28,75.91
2017-07-29,73.82
2017-07-30,71.11
2017-07-31,69.63
2017-08-01,69.96
2017-08-02,69.79
2017-08-03,68.98
2017-08-04,69.96
2017-08-05,73.82
2017-08-06,76.27
2017-08-07,76.8
2017-08-08,78.62
2017-08-09,78.62
2017-08-10,79.91
2017-08-11,82.95
2017-08-12,85.5
2017-08-13,82.95
2017-08-14,78.98
2017-08-15,75.38
2017-08-16,73.64
2017-08-17,73.13
2017-08-18,74.51
2017-08-19,82.75
2017-08-20,91.68
2017-08-21,109.66
2017-08-22,126.64
2017-08-23,130.22
2017-08-24,125.77
2017-08-25,120.9
2017-08-26,115.68
2017-08-27,119.23
2017-08-28,163.82
2017-08-29,203.64
2017-08-30,207.45
2017-08-31,194.43
2017-09-01,179.3
2017-09-02,183.08
2017-09-03,187.8
2017-09-04,188.23
2017-09-05,185.64
2017-09-06,185.64
2017-09-07,184.78
2017-09-08,187.8
2017-09-09,187.8
2017-09-10,186.93
2017-09-11,179.72
2017-09-12,174.79
2017-09-13,170.79
2017-09-14,172.38
2017-09-15,173.98
2017-09-16,183.93
2017-09-17,270.02
2017-09-18,288.73
2017-09-19,265.69
2017-09-20,245.04
2017-09-21,229.14
2017-09-22,214.28
2017-09-23,199.45
2017-09-24,186.5
2017-09-25,175.2
2017-09-26,165.34
2017-09-27,157.12
2017-09-28,158.59
2017-09-29,162.68
2017-09-30,158.96
2017-10-01,152.11
2017-10-02,145.89
2017-10-03,139.6
2017-10-04,132.05
2017-10-05,126.06
2017-10-06,125.18
2017-10-07,127.23
2017-10-08,124.03
2017-10-09,118.4
2017-10-10,112.76
2017-10-11,108.4
2017-10-12,105.66
2017-10-13,107.39
2017-10-14,112.5
2017-10-15,112.5
2017-10-16,109.41
2017-10-17,106.4
2017-10-18,106.65
2017-10-19,106.15
2017-10-20,104.2
2017-10-21,103.47
2017-10-22,109.66
2017-10-23,109.15
2017-10-24,103.47
2017-10-25,98.31
2017-10-26,100.39
2017-10-27,106.65
2017-10-28,117.03
2017-10-29,126.35
2017-10-30,132.35
2017-10-31,143.21
2017-11-01,147.59
2017-11-02,154.96
2017-11-03,163.44
2017-11-04,194.88
2017-11-05,217.78
2017-11-06,217.27
2017-11-07,208.89
2017-11-08,204.59
2017-11-09,204.59
2017-11-10,205.54
2017-11-11,195.79
2017-11-12,186.5
2017-11-13,176.83
2017-11-14,166.49
2017-11-15,156.04
2017-11-16,146.57
2017-11-17,137.68
2017-11-18,129.62
2017-11-19,122.59
2017-11-20,120.9
2017-11-21,118.95
2017-11-22,113.82
2017-11-23,110.43
2017-11-24,105.17
2017-11-25,100.39
2017-11-26,99.69
2017-11-27,105.91
2017-11-28,108.65
2017-11-29,108.9
2017-11-30,128.12
2017-12-01,151.41
2017-12-02,160.06
2017-12-03,156.04
2017-12-04,146.23
2017-12-05,136.09
2017-12-06,127.53
2017-12-07,119.78
2017-12-08,113.55
2017-12-09,108.65
2017-12-10,104.44
2017-12-11,99.69
2017-12-12,94.5
2017-12-13,89.99
2017-12-14,86.5
2017-12-15,85.9
2017-12-16,84.31
2017-12-17,80.28
2017-12-18,75.91
2017-12-19,71.78
2017-12-20,68.18
2017-12-21,64.77
2017-12-22,61.66
2017-12-23,58.7
2017-12-24,56.15
2017-12-25,53.45
2017-12-26,50.88
2017-12-27,48.55
2017-12-28,46.42
2017-12-29,44.29
2017-12-30,42.25
2017-12-31,40.4
2018-01-01,38.9
2018-01-02,37.37
2018-01-03,35.98
2018-01-04,34.97
2018-01-05,34.08
2018-01-06,33.28
2018-01-07,32.42
2018-01-08,31.43
2018-01-09,30.41
2018-01-10,29.48
2018-01-11,18.68
2018-01-12,12.4
2018-01-13,10.94
2018-01-14,10.48
2018-01-15,10.07
2018-01-16,9.72
2018-01-17,9.4
2018-01-18,9.16
2018-01-19,8.89
2018-01-20,8.59
2018-01-21,8.46
2018-01-22,8.31
2018-01-23,7.97
2018-01-24,7.89
2018-01-25,7.91
2018-01-26,7.93
2018-01-27,7.91
2018-01-28,8.04
2018-01-29,7.87
2018-01-30,7.63
2018-01-31,12.12
2018-02-01,15.22
2018-02-02,15.67
2018-02-03,15.6
2018-02-04,15.33
2018-02-05,14.96
2018-02-06,14.56
2018-02-07,14.81
2018-02-08,15.63
2018-02-09,16.78
2018-02-10,18.86
2018-02-11,19.46
2018-02-12,19.89
2018-02-13,20.78
2018-02-14,20.43
2018-02-15,19.51
2018-02-16,18.77
2018-02-17,18.54
2018-02-18,17.84
2018-02-19,17.28
2018-02-20,16.66
2018-02-21,16.14
2018-02-22,15.9
2018-02-23,15.52
2018-02-24,15.18
2018-02-25,14.74
2018-02-26,14.52
2018-02-27,14.21
2018-02-28,13.72
2018-03-01,13.45
2018-03-02,13.49
2018-03-03,13.35
2018-03-04,13.09
2018-03-05,13.13
2018-03-06,12.87
2018-03-07,12.65
2018-03-08,12.68
2018-03-09,12.34
2018-03-10,11.94
2018-03-11,11.62
2018-03-12,11.47
2018-03-13,14.45
2018-03-14,15.63
2018-03-15,14.81
2018-03-16,13.79
2018-03-17,13.52
2018-03-18,15.67
2018-03-19,17.84
2018-03-20,17.45
2018-03-21,16.26
2018-03-22,15.83
2018-03-23,16.14
2018-03-24,16.46
2018-03-25,16.02
2018-03-26,15.48
2018-03-27,17.24
2018-03-28,17.58
2018-03-29,17.92
2018-03-30,18.41
2018-03-31,18.54
2018-04-01,18.68
2018-04-02,19.51
2018-04-03,20.48
2018-04-04,22.33
2018-04-05,23.55
2018-04-06,23.89
2018-04-07,24.0
2018-04-08,23.89
2018-04-09,28.65
2018-04-10,31.81
2018-04-11,32.81
2018-04-12,34.4
2018-04-13,36.84
2018-04-14,39.36
2018-04-15,42.95
2018-04-16,44.39
2018-04-17,43.77
2018-04-18,43.26
2018-04-19,43.87
2018-04-20,45.88
2018-04-21,48.55
2018-04-22,49.7
2018-04-23,50.05
2018-04-24,51.48
2018-04-25,53.83
2018-04-26,57.61
2018-04-27,63.12
2018-04-28,65.68
2018-04-29,65.53
2018-04-30,64.61
2018-05-01,66.14
2018-05-02,72.28
2018-05-03,80.47
2018-05-04,88.33
2018-05-05,95.38
2018-05-06,98.54
2018-05-07,102.28
2018-05-08,101.8
2018-05-09,102.51
2018-05-10,111.72
2018-05-11,124.31
2018-05-12,176.42
2018-05-13,198.07
2018-05-14,186.07
2018-05-15,174.39
2018-05-16,171.98
2018-05-17,171.58
2018-05-18,173.58
2018-05-19,171.58
2018-05-20,164.96
2018-05-21,160.81
2018-05-22,154.6
2018-05-23,150.01
2018-05-24,156.76
2018-05-25,188.67
2018-05-26,204.59
2018-05-27,212.3
2018-05-28,238.88
2018-05-29,247.31
2018-05-30,233.96
2018-05-31,217.78
2018-06-01,204.12
2018-06-02,198.07
2018-06-03,199.91
2018-06-04,204.59
2018-06-05,199.91
2018-06-06,192.64
2018-06-07,195.79
2018-06-08,220.82
2018-06-09,267.53
2018-06-10,294.12
2018-06-11,295.48
2018-06-12,286.08
2018-06-13,280.19
2018-06-14,276.97
2018-06-15,268.77
2018-06-16,257.82
2018-06-17,248.46
2018-06-18,237.23
2018-06-19,227.56
2018-06-20,232.88
2018-06-21,257.23
2018-06-22,266.92
2018-06-23,262.63
2018-06-24,251.35
2018-06-25,238.88
2018-06-26,235.05
2018-06-27,225.99
2018-06-28,218.79
2018-06-29,212.8
2018-06-30,212.3
2018-07-01,205.06
2018-07-02,197.15
2018-07-03,191.31
2018-07-04,182.23
2018-07-05,171.58
2018-07-06,162.31
2018-07-07,153.53
2018-07-08,152.46
2018-07-09,165.34
2018-07-10,192.2
2018-07-11,218.79
2018-07-12,224.42
2018-07-13,220.82
2018-07-14,218.28
2018-07-15,241.1
2018-07-16,278.25
2018-07-17,283.45
2018-07-18,270.64
2018-07-19,262.03
2018-07-20,256.04
2018-07-21,250.19
2018-07-22,239.44
2018-07-23,225.46
2018-07-24,213.29
2018-07-25,203.64
2018-07-26,194.43
2018-07-27,184.35
2018-07-28,174.79
2018-07-29,166.49
2018-07-30,159.69
2018-07-31,155.68
2018-08-01,151.05
2018-08-02,144.21
2018-08-03,137.04
2018-08-04,129.62
2018-08-05,122.88
2018-08-06,117.58
2018-08-07,114.88
2018-08-08,121.74
2018-08-09,132.35
2018-08-10,132.05
2018-08-11,128.12
2018-08-12,124.31
2018-08-13,127.23
2018-08-14,284.76
2018-08-15,549.81
2018-08-16,581.1
2018-08-17,502.5
2018-08-18,437.53
2018-08-19,392.55
2018-08-20,357.1
2018-08-21,329.37
2018-08-22,304.49
2018-08-23,282.14
2018-08-24,262.63
2018-08-25,245.04
2018-08-26,229.67
2018-08-27,215.77
2018-08-28,203.17
2018-08-29,195.34
2018-08-30,185.21
2018-08-31,176.01
2018-09-01,167.66
2018-09-02,158.59
2018-09-03,149.66
2018-09-04,140.91
2018-09-05,132.35
2018-09-06,124.6
2018-09-07,117.85
2018-09-08,111.46
2018-09-09,105.17
2018-09-10,99.23
2018-09-11,93.84
2018-09-12,89.16
2018-09-13,84.51
2018-09-14,79.91
2018-09-15,75.74
2018-09-16,71.95
2018-09-17,68.98
2018-09-18,66.61
2018-09-19,64.77
2018-09-20,62.97
2018-09-21,62.24
2018-09-22,60.09
2018-09-23,57.48
2018-09-24,57.34
2018-09-25,58.29
2018-09-26,58.57
2018-09-27,59.39
2018-09-28,64.31
2018-09-29,68.66
2018-09-30,72.62
2018-10-01,76.27
2018-10-02,79.17
2018-10-03,86.9
2018-10-04,251.93
2018-10-05,279.54
2018-10-06,238.33
2018-10-07,208.89
2018-10-08,197.61
2018-10-09,194.88
2018-10-10,186.93
2018-10-11,178.89
2018-10-12,173.58
2018-10-13,170.79
2018-10-14,180.97
2018-10-15,189.99
2018-10-16,187.36
2018-10-17,185.21
2018-10-18,176.42
2018-10-19,168.82
2018-10-20,171.98
2018-10-21,181.39
2018-10-22,191.75
2018-10-23,195.34
2018-10-24,189.99
2018-10-25,180.97
2018-10-26,171.19
2018-10-27,161.18
2018-10-28,152.11
2018-10-29,143.54
2018-10-30,136.72
2018-10-31,129.92
2018-11-01,125.18
2018-11-02,123.74
2018-11-03,127.23
2018-11-04,129.02
2018-11-05,123.74
2018-11-06,117.03
2018-11-07,113.55
2018-11-08,111.98
2018-11-09,116.49
2018-11-10,117.58
2018-11-11,112.76
2018-11-12,107.39
2018-11-13,103.71
2018-11-14,100.16
2018-11-15,96.5
2018-11-16,161.93
2018-11-17,183.5
2018-11-18,164.96
2018-11-19,148.62
2018-11-20,137.68
2018-11-21,128.72
2018-11-22,122.59
2018-11-23,118.12
2018-11-24,116.49
2018-11-25,117.03
2018-11-26,112.5
2018-11-27,106.15
2018-11-28,99.93
2018-11-29,94.72
2018-11-30,94.28
2018-12-01,92.11
2018-12-02,87.31
2018-12-03,82.37
2018-12-04,78.25
2018-12-05,76.27
2018-12-06,79.72
2018-12-07,80.47
2018-12-08,77.52
2018-12-09,73.82
2018-12-10,70.12
2018-12-11,66.76
2018-12-12,64.16
2018-12-13,62.24
2018-12-14,60.8
2018-12-15,58.84
2018-12-16,56.68
2018-12-17,54.08
2018-12-18,51.6
2018-12-19,49.12
2018-12-20,47.08
2018-12-21,45.13
2018-12-22,43.87
2018-12-23,46.21
2018-12-24,48.09
2018-12-25,48.43
2018-12-26,47.53
2018-12-27,45.67
2018-12-28,43.98
2018-12-29,42.55
2018-12-30,40.88
2018-12-31,39.18
2019-01-01,37.46
2019-01-02,35.9
2019-01-03,34.48
2019-01-04,33.12
2019-01-05,31.96
2019-01-06,30.84
2019-01-07,29.76
2019-01-08,28.79
2019-01-09,27.91
2019-01-10,27.05
2019-01-11,17.03
2019-01-12,11.19
2019-01-13,9.72
2019-01-14,9.35
2019-01-15,9.07
2019-01-16,8.77
2019-01-17,8.53
2019-01-18,8.29
2019-01-19,8.1
2019-01-20,7.91
2019-01-21,7.71
2019-01-22,7.57
2019-01-23,7.41
2019-01-24,7.28
2019-01-25,7.22
2019-01-26,7.13
2019-01-27,7.05
2019-01-28,7.04
2019-01-29,6.96
2019-01-30,6.91
2019-01-31,10.8
2019-02-01,14.1
2019-02-02,14.63
2019-02-03,14.49
2019-02-04,14.6
2019-02-05,15.56
2019-02-06,14.89
2019-02-07,14.21
2019-02-08,14.07
2019-02-09,14.17
2019-02-10,14.96
2019-02-11,15.48
2019-02-12,15.26
2019-02-13,14.78
2019-02-14,14.31
2019-02-15,14.07
2019-02-16,13.83
2019-02-17,13.59
2019-02-18,13.29
2019-02-19,13.32
2019-02-20,13.0
2019-02-21,12.84
2019-02-22,12.58
2019-02-23,12.49
2019-02-24,12.3
2019-02-25,12.27
2019-02-26,12.18
2019-02-27,12.52
2019-02-28,12.61
2019-03-01,12.06
2019-03-02,13.26
2019-03-03,14.74
2019-03-04,14.7
2019-03-05,14.21
2019-03-06,13.86
2019-03-07,13.35
2019-03-08,13.29
2019-03-09,13.62
2019-03-10,13.86
2019-03-11,13.83
2019-03-12,13.52
2019-03-13,13.06
2019-03-14,12.61
2019-03-15,12.74
2019-03-16,12.58
2019-03-17,12.18
2019-03-18,11.97
2019-03-19,11.91
2019-03-20,12.0
2019-03-21,11.65
2019-03-22,11.45
2019-03-23,11.59
2019-03-24,11.56
2019-03-25,11.22
2019-03-26,10.97
2019-03-27,10.78
2019-03-28,10.94
2019-03-29,11.11
2019-03-30,11.42
2019-03-31,11.56
2019-04-01,11.56
2019-04-02,11.56
2019-04-03,12.15
2019-04-04,12.43
2019-04-05,12.21
2019-04-06,12.4
2019-04-07,12.65
2019-04-08,12.71
2019-04-09,17.92
2019-04-10,22.07
2019-04-11,23.43
2019-04-12,24.18
2019-04-13,24.76
2019-04-14,24.94
2019-04-15,24.7
2019-04-16,24.53
2019-04-17,25.12
2019-04-18,28.72
2019-04-19,38.26
2019-04-20,52.58
2019-04-21,61.66
2019-04-22,63.12
2019-04-23,66.76
2019-04-24,71.44
2019-04-25,72.96
2019-04-26,71.44
2019-04-27,71.44
2019-04-28,76.62
2019-04-29,88.13
2019-04-30,97.4
2019-05-01,97.17
2019-05-02,93.41
2019-05-03,88.33
2019-05-04,83.33
2019-05-05,78.8
2019-05-06,74.51
2019-05-07,73.13
2019-05-08,74.86
2019-05-09,73.13
2019-05-10,71.78
2019-05-11,71.78
2019-05-12,73.99
2019-05-13,79.72
2019-05-14,81.22
2019-05-15,80.66
2019-05-16,81.22
2019-05-17,81.41
2019-05-18,83.53
2019-05-19,84.31
2019-05-20,85.1
2019-05-21,88.95
2019-05-22,93.41
2019-05-23,97.17
2019-05-24,99.69
2019-05-25,103.23
2019-05-26,104.68
2019-05-27,103.71
2019-05-28,107.64
2019-05-29,123.74
2019-05-30,137.36
2019-05-31,137.04
2019-06-01,135.14
2019-06-02,131.13
2019-06-03,129.32
2019-06-04,126.06
2019-06-05,124.6
2019-06-06,129.92
2019-06-07,131.74
2019-06-08,129.62
2019-06-09,132.05
2019-06-10,157.85
2019-06-11,175.6
2019-06-12,180.13
2019-06-13,181.39
2019-06-14,179.72
2019-06-15,173.18
2019-06-16,164.58
2019-06-17,155.31
2019-06-18,146.91
2019-06-19,140.58
2019-06-20,136.09
2019-06-21,134.21
2019-06-22,138.64
2019-06-23,146.23
2019-06-24,144.21
2019-06-25,138.64
2019-06-26,132.35
2019-06-27,126.64
2019-06-28,121.18
2019-06-29,115.95
2019-06-30,111.98
2019-07-01,107.64
2019-07-02,107.14
2019-07-03,110.94
2019-07-04,110.94
2019-07-05,109.41
2019-07-06,110.17
2019-07-07,110.17
2019-07-08,106.65
2019-07-09,102.51
2019-07-10,101.8
2019-07-11,101.33
2019-07-12,96.95
2019-07-13,92.54
2019-07-14,90.83
2019-07-15,91.47
2019-07-16,92.76
2019-07-17,92.11
2019-07-18,216.77
2019-07-19,332.43
2019-07-20,310.89
2019-07-21,287.4
2019-07-22,266.92
2019-07-23,249.03
2019-07-24,229.14
2019-07-25,211.81
2019-07-26,199.91
2019-07-27,187.8
2019-07-28,175.6
2019-07-29,164.58
2019-07-30,154.96
2019-07-31,145.55
2019-08-01,137.04
2019-08-02,129.92
2019-08-03,124.6
2019-08-04,120.06
2019-08-05,118.12
2019-08-06,118.67
2019-08-07,137.36
2019-08-08,209.86
2019-08-09,231.81
2019-08-10,223.39
2019-08-11,213.78
2019-08-12,202.7
2019-08-13,251.35
2019-08-14,270.64
2019-08-15,259.62
2019-08-16,239.44
2019-08-17,222.87
2019-08-18,208.41
2019-08-19,195.34
2019-08-20,188.67
2019-08-21,185.64
2019-08-22,186.93
2019-08-23,191.31
2019-08-24,189.11
2019-08-25,183.08
2019-08-26,239.99
2019-08-27,265.07
2019-08-28,263.24
2019-08-29,259.62
2019-08-30,254.27
2019-08-31,242.22
2019-09-01,231.81
2019-09-02,227.56
2019-09-03,222.87
2019-09-04,216.27
2019-09-05,216.27
2019-09-06,213.78
2019-09-07,207.93
2019-09-08,198.53
2019-09-09,187.36
2019-09-10,176.42
2019-09-11,167.66
2019-09-12,168.82
2019-09-13,166.11
2019-09-14,158.96
2019-09-15,151.41
2019-09-16,146.23
2019-09-17,140.91
2019-09-18,136.09
2019-09-19,133.9
2019-09-20,133.9
2019-09-21,129.32
2019-09-22,123.45
2019-09-23,125.77
2019-09-24,130.22
2019-09-25,135.14
2019-09-26,132.97
2019-09-27,129.02
2019-09-28,125.47
2019-09-29,123.17
2019-09-30,121.74
2019-10-01,118.95
2019-10-02,118.4
2019-10-03,120.06
2019-10-04,122.88
2019-10-05,123.74
2019-10-06,128.72
2019-10-07,129.62
2019-10-08,132.05
2019-10-09,132.35
2019-10-10,131.74
2019-10-11,129.32
2019-10-12,127.82
2019-10-13,132.66
2019-10-14,138.0
2019-10-15,139.6
2019-10-16,145.22
2019-10-17,151.05
2019-10-18,161.93
2019-10-19,170.0
2019-10-20,179.72
2019-10-21,190.43
2019-10-22,190.87
2019-10-23,187.36
2019-10-24,188.67
2019-10-25,184.35
2019-10-26,176.42
2019-10-27,171.58
2019-10-28,170.0
2019-10-29,170.79
2019-10-30,173.98
2019-10-31,178.06
2019-11-01,182.23
2019-11-02,174.79
2019-11-03,173.58
2019-11-04,175.6
2019-11-05,170.4
2019-11-06,161.93
2019-11-07,154.96
2019-11-08,150.36
2019-11-09,153.88
2019-11-10,161.18
2019-11-11,164.58
2019-11-12,162.31
2019-11-13,157.85
2019-11-14,149.31
2019-11-15,141.56
2019-11-16,139.6
2019-11-17,142.22
2019-11-18,138.64
2019-11-19,134.21
2019-11-20,133.28
2019-11-21,129.92
2019-11-22,124.31
2019-11-23,120.34
2019-11-24,114.35
2019-11-25,109.15
2019-11-26,103.47
2019-11-27,97.86
2019-11-28,93.62
2019-11-29,91.68
2019-11-30,91.47
2019-12-01,97.17
2019-12-02,100.16
2019-12-03,97.63
2019-12-04,94.5
2019-12-05,90.2
2019-12-06,85.9
2019-12-07,82.95
2019-12-08,81.04
2019-12-09,78.62
2019-12-10,74.86
2019-12-11,70.94
2019-12-12,67.87
2019-12-13,65.07
2019-12-14,64.31
2019-12-15,65.68
2019-12-16,63.71
2019-12-17,60.52
2019-12-18,57.48
2019-12-19,54.72
2019-12-20,53.2
2019-12-21,56.15
2019-12-22,56.28
2019-12-23,53.7
2019-12-24,51.6
2019-12-25,51.48
2019-12-26,50.05
2019-12-27,48.2
2019-12-28,46.21
2019-12-29,44.19
2019-12-30,42.15
2019-12-31,40.59
2020-01-01,38.99
2020-01-02,37.64
2020-01-03,36.33
2020-01-04,35.22
2020-01-05,34.4
2020-01-06,33.51
2020-01-07,32.5
2020-01-08,31.43
2020-01-09,30.55
2020-01-10,29.62
2020-01-11,19.56
2020-01-12,13.86
2020-01-13,11.53
2020-01-14,10.67
2020-01-15,10.25
2020-01-16,9.91
2020-01-17,9.57
2020-01-18,9.26
2020-01-19,9.07
2020-01-20,8.89
2020-01-21,8.75
2020-01-22,8.46
2020-01-23,8.16
2020-01-24,7.95
2020-01-25,7.77
2020-01-26,7.61
2020-01-27,7.49
2020-01-28,7.45
2020-01-29,7.38
2020-01-30,7.24
2020-01-31,11.3
2020-02-01,14.35
2020-02-02,15.33
2020-02-03,15.22
2020-02-04,14.85
2020-02-05,14.81
2020-02-06,14.63
2020-02-07,14.74
2020-02-08,14.63
2020-02-09,14.42
2020-02-10,13.96
2020-02-11,13.66
2020-02-12,13.39
2020-02-13,13.29
2020-02-14,13.26
2020-02-15,13.13
2020-02-16,13.0
2020-02-17,12.84
2020-02-18,12.8
2020-02-19,13.03
2020-02-20,12.58
2020-02-21,12.09
2020-02-22,12.15
2020-02-23,12.12
2020-02-24,11.71
2020-02-25,11.39
2020-02-26,11.25
2020-02-27,11.33
2020-02-28,11.11
2020-02-29,11.13
2020-03-01,11.27
2020-03-02,12.15
2020-03-03,13.26
2020-03-04,12.87
2020-03-05,13.0
2020-03-06,12.68
2020-03-07,12.3
2020-03-08,12.03
2020-03-09,11.91
2020-03-10,12.34
2020-03-11,15.14
2020-03-12,18.36
2020-03-13,18.23
2020-03-14,17.11
2020-03-15,16.38
2020-03-16,15.6
2020-03-17,15.07
2020-03-18,14.52
2020-03-19,14.17
2020-03-20,13.76
2020-03-21,15.33
2020-03-22,15.75
2020-03-23,16.26
2020-03-24,18.1
2020-03-25,18.41
2020-03-26,17.54
2020-03-27,16.66
2020-03-28,15.83
2020-03-29,15.67
2020-03-30,15.48
2020-03-31,14.92
2020-04-01,14.52
2020-04-02,14.17
2020-04-03,14.03
2020-04-04,13.83
2020-04-05,14.45
2020-04-06,15.14
2020-04-07,16.78
2020-04-08,21.86
2020-04-09,25.85
2020-04-10,27.91
2020-04-11,28.11
2020-04-12,27.44
2020-04-13,26.86
2020-04-14,26.61
2020-04-15,26.67
2020-04-16,27.18
2020-04-17,27.84
2020-04-18,28.31
2020-04-19,28.72
2020-04-20,28.92
2020-04-21,29.9
2020-04-22,31.06
2020-04-23,32.19
2020-04-24,34.81
2020-04-25,36.41
2020-04-26,36.93
2020-04-27,38.81
2020-04-28,40.5
2020-04-29,43.57
2020-04-30,44.19
2020-05-01,43.67
2020-05-02,44.08
2020-05-03,45.77
2020-05-04,46.86
2020-05-05,46.42
2020-05-06,45.99
2020-05-07,47.64
2020-05-08,51.84
2020-05-09,55.1
2020-05-10,57.88
2020-05-11,58.43
2020-05-12,57.34
2020-05-13,59.53
2020-05-14,61.37
2020-05-15,64.46
2020-05-16,69.31
2020-05-17,69.31
2020-05-18,74.51
2020-05-19,83.14
2020-05-20,83.53
2020-05-21,81.6
2020-05-22,80.85
2020-05-23,78.62
2020-05-24,77.7
2020-05-25,76.09
2020-05-26,74.68
2020-05-27,74.16
2020-05-28,73.47
2020-05-29,84.31
2020-05-30,97.4
2020-05-31,96.95
2020-06-01,95.16
2020-06-02,100.62
2020-06-03,107.39
2020-06-04,108.65
2020-06-05,109.66
2020-06-06,113.82
2020-06-07,121.46
2020-06-08,132.05
2020-06-09,128.72
2020-06-10,123.45
2020-06-11,120.06
2020-06-12,118.95
2020-06-13,116.49
2020-06-14,117.3
2020-06-15,117.03
2020-06-16,113.29
2020-06-17,109.41
2020-06-18,107.39
2020-06-19,103.47
2020-06-20,101.09
2020-06-21,99.93
2020-06-22,102.99
2020-06-23,102.51
2020-06-24,98.77
2020-06-25,99.0
2020-06-26,105.91
2020-06-27,108.14
2020-06-28,104.93
2020-06-29,102.04
2020-06-30,105.91
2020-07-01,103.71
2020-07-02,99.69
2020-07-03,100.16
2020-07-04,102.28
2020-07-05,101.8
2020-07-06,100.16
2020-07-07,98.31
2020-07-08,94.5
2020-07-09,92.11
2020-07-10,92.97
2020-07-11,91.47
2020-07-12,90.62
2020-07-13,92.54
2020-07-14,92.97
2020-07-15,89.99
2020-07-16,88.33
2020-07-17,97.63
2020-07-18,109.15
2020-07-19,108.65
2020-07-20,103.71
2020-07-21,104.44
2020-07-22,103.71
2020-07-23,107.64
2020-07-24,109.66
2020-07-25,114.08
2020-07-26,112.24
2020-07-27,107.39
2020-07-28,103.47
2020-07-29,116.76
2020-07-30,132.05
2020-07-31,138.96
2020-08-01,146.57
2020-08-02,174.39
2020-08-03,201.3
2020-08-04,210.84
2020-08-05,227.56
2020-08-06,266.92
2020-08-07,324.84
2020-08-08,358.75
2020-08-09,398.02
2020-08-10,388.05
2020-08-11,358.75
2020-08-12,328.61
2020-08-13,302.39
2020-08-14,280.84
2020-08-15,262.63
2020-08-16,246.17
2020-08-17,230.21
2020-08-18,216.27
2020-08-19,203.64
2020-08-20,191.31
2020-08-21,179.72
2020-08-22,168.82
2020-08-23,160.06
2020-08-24,154.6
2020-08-25,147.94
2020-08-26,139.93
2020-08-27,132.35
2020-08-28,124.89
2020-08-29,117.58
2020-08-30,110.94
2020-08-31,105.66
2020-09-01,102.99
2020-09-02,105.17
2020-09-03,112.24
2020-09-04,112.5
2020-09-05,108.9
2020-09-06,261.42
2020-09-07,265.07
2020-09-08,218.28
2020-09-09,194.88
2020-09-10,188.23
2020-09-11,179.72
2020-09-12,178.47
2020-09-13,178.47
2020-09-14,175.6
2020-09-15,170.0
2020-09-16,161.93
2020-09-17,154.24
2020-09-18,148.97
2020-09-19,207.93
2020-09-20,264.46
2020-09-21,308.03
2020-09-22,313.05
2020-09-23,294.12
2020-09-24,268.77
2020-09-25,248.46
2020-09-26,233.96
2020-09-27,219.29
2020-09-28,206.49
2020-09-29,196.24
2020-09-30,185.21
2020-10-01,176.42
2020-10-02,166.49
2020-10-03,156.76
2020-10-04,148.28
2020-10-05,139.6
2020-10-06,131.74
2020-10-07,132.66
2020-10-08,131.13
2020-10-09,135.14
2020-10-10,132.97
2020-10-11,131.43
2020-10-12,138.0
2020-10-13,166.49
2020-10-14,193.54
2020-10-15,199.91
2020-10-16,194.43
2020-10-17,183.08
2020-10-18,173.58
2020-10-19,163.06
2020-10-20,153.53
2020-10-21,144.88
2020-10-22,136.4
2020-10-23,128.42
2020-10-24,121.74
2020-10-25,114.61
2020-10-26,107.89
2020-10-27,103.71
2020-10-28,110.17
2020-10-29,116.76
2020-10-30,114.35
2020-10-31,109.41
2020-11-01,104.44
2020-11-02,100.16
2020-11-03,96.5
2020-11-04,98.54
2020-11-05,102.75
2020-11-06,105.17
2020-11-07,102.75
2020-11-08,98.77
2020-11-09,98.54
2020-11-10,95.83
2020-11-11,90.83
2020-11-12,87.1
2020-11-13,86.1
2020-11-14,87.72
2020-11-15,85.7
2020-11-16,85.5
2020-11-17,94.94
2020-11-18,107.89
2020-11-19,106.89
2020-11-20,101.09
2020-11-21,96.72
2020-11-22,91.47
2020-11-23,86.5
2020-11-24,81.79
2020-11-25,77.34
2020-11-26,73.99
2020-11-27,71.28
2020-11-28,68.66
2020-11-29,65.68
2020-11-30,62.68
2020-12-01,59.95
2020-12-02,57.61
2020-12-03,60.09
2020-12-04,70.94
2020-12-05,84.11
2020-12-06,141.56
2020-12-07,169.22
2020-12-08,157.49
2020-12-09,141.56
2020-12-10,128.72
2020-12-11,118.4
2020-12-12,110.43
2020-12-13,103.71
2020-12-14,97.63
2020-12-15,91.9
2020-12-16,88.74
2020-12-17,88.13
2020-12-18,89.36
2020-12-19,89.99
2020-12-20,86.7
2020-12-21,81.79
2020-12-22,77.7
2020-12-23,76.62
2020-12-24,74.16
2020-12-25,70.29
2020-12-26,66.61
2020-12-27,62.97
2020-12-28,59.81
2020-12-29,56.81
2020-12-30,55.1
2020-12-31,53.45
2021-01-01,53.95
2021-01-02,52.7
2021-01-03,50.17
2021-01-04,48.32
2021-01-05,48.43
2021-01-06,59.67
2021-01-07,72.96
2021-01-08,75.38
2021-01-09,75.74
2021-01-10,76.27
2021-01-11,72.62
2021-01-12,75.21
2021-01-13,83.33
2021-01-14,92.97
2021-01-15,93.41
2021-01-16,90.2
2021-01-17,89.36
2021-01-18,84.9
2021-01-19,79.35
2021-01-20,74.34
2021-01-21,65.53
2021-01-22,60.24
2021-01-23,57.34
2021-01-24,55.36
2021-01-25,52.7
2021-01-26,49.35
2021-01-27,46.21
2021-01-28,43.16
2021-01-29,40.4
2021-01-30,37.82
2021-01-31,41.46
2021-02-01,41.76
2021-02-02,39.83
2021-02-03,37.99
2021-02-04,36.15
2021-02-05,34.48
2021-02-06,33.04
2021-02-07,31.66
2021-02-08,30.19
2021-02-09,28.99
2021-02-10,27.64
2021-02-11,26.42
2021-02-12,25.49
2021-02-13,24.53
2021-02-14,23.6
2021-02-15,22.77
2021-02-16,22.17
2021-02-17,21.49
2021-02-18,21.08
2021-02-19,20.58
2021-02-20,20.09
2021-02-21,19.75
2021-02-22,19.32
2021-02-23,18.82
2021-02-24,18.32
2021-02-25,18.28
2021-02-26,18.01
2021-02-27,18.01
2021-02-28,17.66
2021-03-01,17.45
2021-03-02,16.95
2021-03-03,16.42
2021-03-04,16.1
2021-03-05,15.6
2021-03-06,15.14
2021-03-07,14.85
2021-03-08,14.74
2021-03-09,15.63
2021-03-10,15.48
2021-03-11,16.5
2021-03-12,16.54
2021-03-13,15.79
2021-03-14,15.07
2021-03-15,14.56
2021-03-16,14.17
2021-03-17,13.89
2021-03-18,13.62
2021-03-19,14.63
2021-03-20,14.24
2021-03-21,13.83
2021-03-22,13.59
2021-03-23,13.32
2021-03-24,13.19
2021-03-25,13.42
2021-03-26,13.42
2021-03-27,14.0
2021-03-28,14.89
2021-03-29,15.41
2021-03-30,14.42
2021-03-31,13.72
2021-04-01,15.94
2021-04-02,16.86
2021-04-03,16.46
2021-04-04,15.56
2021-04-05,14.96
2021-04-06,14.92
2021-04-07,16.46
2021-04-08,16.42
2021-04-09,19.51
2021-04-10,21.54
2021-04-11,22.01
2021-04-12,23.27
2021-04-13,26.04
2021-04-14,28.92
2021-04-15,32.81
2021-04-16,37.28
2021-04-17,39.27
2021-04-18,40.4
2021-04-19,43.57
2021-04-20,45.56
2021-04-21,47.08
2021-04-22,48.43
2021-04-23,48.77
2021-04-24,49.35
2021-04-25,51.72
2021-04-26,56.54
2021-04-27,61.37
2021-04-28,64.77
2021-04-29,66.45
2021-04-30,67.71
2021-05-01,71.44
2021-05-02,75.38
2021-05-03,81.6
2021-05-04,86.9
2021-05-05,88.95
2021-05-06,87.1
2021-05-07,92.76
2021-05-08,105.66
2021-05-09,105.17
2021-05-10,103.23
2021-05-11,107.14
2021-05-12,109.41
2021-05-13,113.02
2021-05-14,174.79
2021-05-15,253.1
2021-05-16,257.23
2021-05-17,238.33
2021-05-18,216.27
2021-05-19,200.37
2021-05-20,196.7
2021-05-21,191.31
2021-05-22,183.93
2021-05-23,181.39
2021-05-24,179.72
2021-05-25,173.58
2021-05-26,208.89
2021-05-27,227.03
2021-05-28,215.27
2021-05-29,200.37
2021-05-30,187.8
2021-05-31,176.01
2021-06-01,169.22
2021-06-02,161.93
2021-06-03,154.24
2021-06-04,154.24
2021-06-05,160.06
2021-06-06,169.61
2021-06-07,164.96
2021-06-08,157.49
2021-06-09,154.6
2021-06-10,148.62
2021-06-11,141.23
2021-06-12,135.14
2021-06-13,162.31
2021-06-14,178.06
2021-06-15,178.47
2021-06-16,178.47
2021-06-17,176.42
2021-06-18,170.79
2021-06-19,163.44
2021-06-20,155.31
2021-06-21,146.91
2021-06-22,139.93
2021-06-23,133.28
2021-06-24,129.02
2021-06-25,122.88
2021-06-26,115.95
2021-06-27,110.43
2021-06-28,105.17
2021-06-29,103.47
2021-06-30,100.16
2021-07-01,95.83
2021-07-02,94.94
2021-07-03,92.76
2021-07-04,90.62
2021-07-05,89.57
2021-07-06,87.51
2021-07-07,84.31
2021-07-08,82.56
2021-07-09,103.23
2021-07-10,150.36
2021-07-11,161.93
2021-07-12,152.82
2021-07-13,145.22
2021-07-14,137.36
2021-07-15,129.92
2021-07-16,122.59
2021-07-17,117.85
2021-07-18,111.98
2021-07-19,106.4
2021-07-20,102.28
2021-07-21,98.54
2021-07-22,106.4
2021-07-23,132.97
2021-07-24,147.59
2021-07-25,151.41
2021-07-26,151.76
2021-07-27,148.97
2021-07-28,143.21
2021-07-29,136.72
2021-07-30,129.32
2021-07-31,122.31
2021-08-01,116.22
2021-08-02,110.69
2021-08-03,105.17
2021-08-04,99.46
2021-08-05,94.94
2021-08-06,93.62
2021-08-07,96.95
2021-08-08,99.0
2021-08-09,101.57
2021-08-10,99.93
2021-08-11,96.72
2021-08-12,97.63
2021-08-13,96.05
2021-08-14,94.06
2021-08-15,91.26
2021-08-16,87.51
2021-08-17,84.9
2021-08-18,86.7
2021-08-19,94.06
2021-08-20,93.41
2021-08-21,89.16
2021-08-22,85.5
2021-08-23,83.72
2021-08-24,81.04
2021-08-25,78.62
2021-08-26,76.27
2021-08-27,76.98
2021-08-28,89.16
2021-08-29,135.46
2021-08-30,154.96
2021-08-31,147.94
2021-09-01,137.04
2021-09-02,127.82
2021-09-03,122.03
2021-09-04,117.3
2021-09-05,114.61
2021-09-06,117.58
2021-09-07,118.95
2021-09-08,119.23
2021-09-09,115.95
2021-09-10,110.69
2021-09-11,105.41
2021-09-12,102.75
2021-09-13,106.89
2021-09-14,107.39
2021-09-15,105.17
2021-09-16,103.71
2021-09-17,102.75
2021-09-18,99.23
2021-09-19,95.83
2021-09-20,95.38
2021-09-21,92.97
2021-09-22,88.74
2021-09-23,84.51
2021-09-24,80.66
2021-09-25,77.34
2021-09-26,75.91
2021-09-27,83.72
2021-09-28,97.17
2021-09-29,105.17
2021-09-30,103.23
2021-10-01,102.51
2021-10-02,110.69
2021-10-03,120.34
2021-10-04,122.03
2021-10-05,126.64
2021-10-06,136.09
2021-10-07,138.96
2021-10-08,135.14
2021-10-09,132.66
2021-10-10,130.52
2021-10-11,152.11
2021-10-12,170.0
2021-10-13,170.79
2021-10-14,161.55
2021-10-15,153.17
2021-10-16,214.77
2021-10-17,240.55
2021-10-18,231.27
2021-10-19,213.29
2021-10-20,215.27
2021-10-21,218.79
2021-10-22,210.84
2021-10-23,213.29
2021-10-24,216.77
2021-10-25,209.86
2021-10-26,206.97
2021-10-27,270.02
2021-10-28,287.4
2021-10-29,269.4
2021-10-30,250.19
2021-10-31,243.34
2021-11-01,247.31
2021-11-02,251.93
2021-11-03,247.89
2021-11-04,239.99
2021-11-05,233.96
2021-11-06,222.36
2021-11-07,210.35
2021-11-08,198.07
2021-11-09,190.87
2021-11-10,191.75
2021-11-11,186.07
2021-11-12,179.3
2021-11-13,182.23
2021-11-14,193.54
2021-11-15,204.12
2021-11-16,208.89
2021-11-17,201.3
2021-11-18,192.2
2021-11-19,184.35
2021-11-20,183.5
2021-11-21,176.42
2021-11-22,166.88
2021-11-23,163.82
2021-11-24,168.82
2021-11-25,170.79
2021-11-26,176.01
2021-11-27,185.64
2021-11-28,224.42
2021-11-29,238.88
2021-11-30,228.61
2021-12-01,210.84
2021-12-02,195.34
2021-12-03,183.5
2021-12-04,174.39
2021-12-05,165.34
2021-12-06,156.4
2021-12-07,152.11
2021-12-08,146.23
2021-12-09,138.64
2021-12-10,138.32
2021-12-11,132.35
2021-12-12,124.89
2021-12-13,117.85
2021-12-14,111.2
2021-12-15,105.17
2021-12-16,99.46
2021-12-17,94.28
2021-12-18,89.36
2021-12-19,84.7
2021-12-20,80.1
2021-12-21,75.91
2021-12-22,71.78
2021-12-23,68.18
2021-12-24,64.77
2021-12-25,61.52
2021-12-26,58.43
2021-12-27,55.49
2021-12-28,52.83
2021-12-29,50.29
2021-12-30,47.98
2021-12-31,45.77
2022-01-01,43.87
2022-01-02,42.15
2022-01-03,40.59
2022-01-04,38.9
2022-01-05,37.28
2022-01-06,35.81
2022-01-07,34.4
2022-01-08,33.12
2022-01-09,32.04
2022-01-10,31.06
2022-01-11,19.14
2022-01-12,12.3
2022-01-13,11.42
2022-01-14,10.99
2022-01-15,10.56
2022-01-16,10.19
2022-01-17,9.84
2022-01-18,9.5
2022-01-19,9.19
2022-01-20,8.95
2022-01-21,8.82
2022-01-22,8.59
2022-01-23,8.44
2022-01-24,8.25
2022-01-25,8.04
2022-01-26,7.85
2022-01-27,7.77
2022-01-28,7.65
2022-01-29,7.49
2022-01-30,7.36
2022-01-31,11.25
2022-02-01,14.21
2022-02-02,14.78
2022-02-03,14.96
2022-02-04,14.74
2022-02-05,14.38
2022-02-06,14.28
2022-02-07,14.17
2022-02-08,14.14
2022-02-09,13.93
2022-02-10,13.96
2022-02-11,14.14
2022-02-12,15.0
2022-02-13,16.34
2022-02-14,15.98
2022-02-15,15.41
2022-02-16,14.92
2022-02-17,14.7
2022-02-18,14.45
2022-02-19,14.14
2022-02-20,13.72
2022-02-21,13.62
2022-02-22,13.66
2022-02-23,13.22
2022-02-24,13.35
2022-02-25,13.06
2022-02-26,12.55
2022-02-27,12.37
2022-02-28,12.27
2022-03-01,12.18
2022-03-02,12.09
2022-03-03,11.94
2022-03-04,11.79
2022-03-05,11.68
2022-03-06,12.0
2022-03-07,12.06
2022-03-08,11.88
2022-03-09,11.45
2022-03-10,11.25
2022-03-11,11.19
2022-03-12,11.13
2022-03-13,10.91
2022-03-14,10.8
2022-03-15,11.13
2022-03-16,13.72
2022-03-17,15.11
2022-03-18,15.07
2022-03-19,16.1
2022-03-20,16.34
2022-03-21,15.87
2022-03-22,14.74
2022-03-23,14.81
2022-03-24,15.63
2022-03-25,15.75
2022-03-26,15.11
2022-03-27,16.3
2022-03-28,16.99
2022-03-29,17.24
2022-03-30,17.92
2022-03-31,19.32
2022-04-01,23.27
2022-04-02,24.64
2022-04-03,26.48
2022-04-04,28.85
2022-04-05,29.34
2022-04-06,29.55
2022-04-07,32.04
2022-04-08,37.64
2022-04-09,64.92
2022-04-10,90.41
2022-04-11,98.31
2022-04-12,96.95
2022-04-13,113.55
2022-04-14,125.77
2022-04-15,124.03
2022-04-16,116.22
2022-04-17,109.15
2022-04-18,105.41
2022-04-19,101.8
2022-04-20,98.54
2022-04-21,95.16
2022-04-22,92.76
2022-04-23,90.62
2022-04-24,87.72
2022-04-25,87.92
2022-04-26,88.95
2022-04-27,87.31
2022-04-28,84.7
2022-04-29,82.75
2022-04-30,82.18
2022-05-01,81.22
2022-05-02,80.1
2022-05-03,80.1
2022-05-04,81.99
2022-05-05,82.75
2022-05-06,82.56
2022-05-07,81.41
2022-05-08,78.07
2022-05-09,75.91
2022-05-10,76.09
2022-05-11,75.03
2022-05-12,75.03
2022-05-13,76.27
2022-05-14,105.41
2022-05-15,144.21
2022-05-16,157.85
2022-05-17,159.69
2022-05-18,198.07
2022-05-19,226.51
2022-05-20,225.46
2022-05-21,212.3
2022-05-22,199.91
2022-05-23,193.09
2022-05-24,185.21
2022-05-25,180.97
2022-05-26,175.2
2022-05-27,169.61
2022-05-28,162.68
2022-05-29,159.32
2022-05-30,154.24
2022-05-31,147.59
2022-06-01,141.89
2022-06-02,138.32
2022-06-03,134.52
2022-06-04,130.83
2022-06-05,127.82
2022-06-06,124.89
2022-06-07,121.18
2022-06-08,116.76
2022-06-09,112.5
2022-06-10,108.9
2022-06-11,107.89
2022-06-12,106.4
2022-06-13,106.15
2022-06-14,102.04
2022-06-15,97.63
2022-06-16,98.31
2022-06-17,97.4
2022-06-18,98.77
2022-06-19,99.93
2022-06-20,97.63
2022-06-21,96.72
2022-06-22,93.84
2022-06-23,90.62
2022-06-24,88.74
2022-06-25,90.41
2022-06-26,90.41
2022-06-27,88.54
2022-06-28,87.31
2022-06-29,91.47
2022-06-30,93.41
2022-07-01,95.38
2022-07-02,97.4
2022-07-03,130.22
2022-07-04,151.76
2022-07-05,154.6
2022-07-06,156.76
2022-07-07,165.34
2022-07-08,171.98
2022-07-09,168.43
2022-07-10,167.27
2022-07-11,167.66
2022-07-12,168.82
2022-07-13,184.35
2022-07-14,206.49
2022-07-15,214.77
2022-07-16,213.78
2022-07-17,203.64
2022-07-18,193.98
2022-07-19,191.31
2022-07-20,183.5
2022-07-21,174.79
2022-07-22,167.66
2022-07-23,160.81
2022-07-24,154.96
2022-07-25,146.91
2022-07-26,138.32
2022-07-27,132.97
2022-07-28,138.0
2022-07-29,143.21
2022-07-30,143.54
2022-07-31,146.91
2022-08-01,146.91
2022-08-02,258.42
2022-08-03,370.54
2022-08-04,539.75
2022-08-05,621.3
2022-08-06,554.9
2022-08-07,480.95
2022-08-08,458.2
2022-08-09,446.71
2022-08-10,423.62
2022-08-11,397.11
2022-08-12,370.54
2022-08-13,344.94
2022-08-14,321.85
2022-08-15,300.3
2022-08-16,280.84
2022-08-17,262.03
2022-08-18,246.17
2022-08-19,231.81
2022-08-20,220.82
2022-08-21,209.38
2022-08-22,197.15
2022-08-23,248.46
2022-08-24,283.45
2022-08-25,274.42
2022-08-26,258.42
2022-08-27,261.42
2022-08-28,339.41
2022-08-29,345.74
2022-08-30,313.05
2022-08-31,303.09
2022-09-01,308.03
2022-09-02,318.89
2022-09-03,315.96
2022-09-04,299.61
2022-09-05,283.45
2022-09-06,273.79
2022-09-07,284.1
2022-09-08,292.76
2022-09-09,289.4
2022-09-10,276.97
2022-09-11,266.92
2022-09-12,257.82
2022-09-13,246.17
2022-09-14,233.42
2022-09-15,220.82
2022-09-16,209.38
2022-09-17,197.61
2022-09-18,186.07
2022-09-19,176.42
2022-09-20,167.27
2022-09-21,158.59
2022-09-22,150.36
2022-09-23,141.89
2022-09-24,133.59
2022-09-25,126.06
2022-09-26,119.23
2022-09-27,112.76
2022-09-28,107.14
2022-09-29,101.57
2022-09-30,96.27
2022-10-01,92.11
2022-10-02,88.33
2022-10-03,85.7
2022-10-04,85.7
2022-10-05,84.7
2022-10-06,82.37
2022-10-07,79.35
2022-10-08,75.91
2022-10-09,72.45
2022-10-10,69.15
2022-10-11,66.45
2022-10-12,63.71
2022-10-13,65.68
2022-10-14,69.79
2022-10-15,74.51
2022-10-16,77.7
2022-10-17,81.6
2022-10-18,127.23
2022-10-19,174.79
2022-10-20,180.13
2022-10-21,164.96
2022-10-22,156.76
2022-10-23,156.04
2022-10-24,153.53
2022-10-25,147.59
2022-10-26,141.89
2022-10-27,134.83
2022-10-28,128.12
2022-10-29,122.59
2022-10-30,116.49
2022-10-31,113.55
2022-11-01,122.31
2022-11-02,151.41
2022-11-03,166.49
2022-11-04,164.58
2022-11-05,173.18
2022-11-06,182.65
2022-11-07,183.08
2022-11-08,180.97
2022-11-09,174.79
2022-11-10,176.01
2022-11-11,170.79
2022-11-12,162.31
2022-11-13,160.44
2022-11-14,153.88
2022-11-15,150.36
2022-11-16,153.88
2022-11-17,151.76
2022-11-18,147.25
2022-11-19,141.23
2022-11-20,135.46
2022-11-21,128.72
2022-11-22,122.03
2022-11-23,115.14
2022-11-24,108.65
2022-11-25,102.28
2022-11-26,96.72
2022-11-27,91.26
2022-11-28,87.31
2022-11-29,88.74
2022-11-30,89.36
2022-12-01,88.74
2022-12-02,85.5
2022-12-03,81.41
2022-12-04,79.35
2022-12-05,79.35
2022-12-06,79.35
2022-12-07,76.62
2022-12-08,72.96
2022-12-09,69.96
2022-12-10,66.76
2022-12-11,64.46
2022-12-12,63.57
2022-12-13,65.68
2022-12-14,65.37
2022-12-15,63.27
2022-12-16,64.77
2022-12-17,63.42
2022-12-18,60.09
2022-12-19,57.08
2022-12-20,54.72
2022-12-21,53.7
2022-12-22,52.09
2022-12-23,49.93
2022-12-24,47.87
2022-12-25,45.88
2022-12-26,44.29
2022-12-27,43.16
2022-12-28,42.85
2022-12-29,42.15
2022-12-30,40.78
2022-12-31,37.55
2023-01-01,35.98
2023-01-02,34.56
2023-01-03,33.2
2023-01-04,31.96
2023-01-05,30.84
2023-01-06,29.83
2023-01-07,28.92
2023-01-08,28.04
2023-01-09,27.25
2023-01-10,26.48
2023-01-11,16.18
2023-01-12,10.09
2023-01-13,9.35
2023-01-14,9.14
2023-01-15,8.82
2023-01-16,8.57
2023-01-17,8.35
2023-01-18,8.14
2023-01-19,7.93
2023-01-20,7.73
2023-01-21,7.57
2023-01-22,7.65
2023-01-23,7.41
2023-01-24,7.77
2023-01-25,9.09
2023-01-26,9.79
2023-01-27,9.35
2023-01-28,8.82
2023-01-29,8.29
2023-01-30,7.83
2023-01-31,12.87
2023-02-01,17.66
2023-02-02,19.42
2023-02-03,21.03
2023-02-04,22.71
2023-02-05,25.49
2023-02-06,25.85
2023-02-07,24.7
2023-02-08,23.49
2023-02-09,22.77
2023-02-10,21.91
2023-02-11,21.39
2023-02-12,20.53
2023-02-13,19.7
2023-02-14,19.28
2023-02-15,18.5
2023-02-16,17.79
2023-02-17,17.49
2023-02-18,17.32
2023-02-19,16.62
2023-02-20,15.98
2023-02-21,15.48
2023-02-22,15.14
2023-02-23,15.07
2023-02-24,14.67
2023-02-25,14.31
2023-02-26,14.1
2023-02-27,13.93
2023-02-28,14.03
2023-03-01,13.89
2023-03-02,13.26
2023-03-03,12.8
2023-03-04,12.58
2023-03-05,12.71
2023-03-06,12.58
2023-03-07,12.4
2023-03-08,12.06
2023-03-09,11.79
2023-03-10,11.65
2023-03-11,11.62
2023-03-12,11.39
2023-03-13,11.19
2023-03-14,11.27
2023-03-15,12.03
2023-03-16,13.79
2023-03-17,14.38
2023-03-18,14.96
2023-03-19,14.74
2023-03-20,14.1
2023-03-21,13.26
2023-03-22,12.43
2023-03-23,11.88
2023-03-24,12.09
2023-03-25,13.06
2023-03-26,14.7
2023-03-27,15.07
2023-03-28,14.45
2023-03-29,15.83
2023-03-30,15.94
2023-03-31,15.0
2023-04-01,14.52
2023-04-02,15.67
2023-04-03,16.91
2023-04-04,18.77
2023-04-05,22.39
2023-04-06,23.38
2023-04-07,23.32
2023-04-08,22.82
2023-04-09,26.67
2023-04-10,28.79
2023-04-11,28.79
2023-04-12,27.97
2023-04-13,27.18
2023-04-14,26.61
2023-04-15,26.23
2023-04-16,26.1
2023-04-17,26.73
2023-04-18,27.18
2023-04-19,27.25
2023-04-20,28.17
2023-04-21,29.41
2023-04-22,30.12
2023-04-23,30.92
2023-04-24,32.96
2023-04-25,35.56
2023-04-26,38.45
2023-04-27,42.25
2023-04-28,43.67
2023-04-29,43.57
2023-04-30,47.31
2023-05-01,64.46
2023-05-02,77.7
2023-05-03,78.98
2023-05-04,74.34
2023-05-05,69.63
2023-05-06,66.14
2023-05-07,64.61
2023-05-08,61.95
2023-05-09,59.53
2023-05-10,61.95
2023-05-11,65.37
2023-05-12,67.08
2023-05-13,66.76
2023-05-14,65.99
2023-05-15,64.01
2023-05-16,62.24
2023-05-17,59.81
2023-05-18,60.38
2023-05-19,63.71
2023-05-20,67.23
2023-05-21,67.71
2023-05-22,68.18
2023-05-23,70.45
2023-05-24,69.96
2023-05-25,68.82
2023-05-26,67.08
2023-05-27,65.53
2023-05-28,66.3
2023-05-29,68.5
2023-05-30,72.45
2023-05-31,73.3
2023-06-01,74.86
2023-06-02,75.03
2023-06-03,73.82
2023-06-04,74.16
2023-06-05,74.34
2023-06-06,73.99
2023-06-07,73.64
2023-06-08,74.51
2023-06-09,74.51
2023-06-10,74.51
2023-06-11,75.74
2023-06-12,103.23
2023-06-13,120.34
2023-06-14,119.5
2023-06-15,111.98
2023-06-16,104.44
2023-06-17,98.08
2023-06-18,93.62
2023-06-19,90.2
2023-06-20,86.5
2023-06-21,82.95
2023-06-22,79.72
2023-06-23,76.45
2023-06-24,73.3
2023-06-25,70.78
2023-06-26,71.95
2023-06-27,72.62
2023-06-28,76.27
2023-06-29,77.7
2023-06-30,79.35
2023-07-01,78.25
2023-07-02,76.09
2023-07-03,128.12
2023-07-04,276.33
2023-07-05,428.54
2023-07-06,401.72
2023-07-07,351.37
2023-07-08,313.77
2023-07-09,282.79
2023-07-10,256.04
2023-07-11,236.68
2023-07-12,220.82
2023-07-13,206.97
2023-07-14,197.15
2023-07-15,186.5
2023-07-16,175.6
2023-07-17,166.11
2023-07-18,158.96
2023-07-19,158.22
2023-07-20,160.44
2023-07-21,159.32
2023-07-22,156.4
2023-07-23,151.76
2023-07-24,151.05
2023-07-25,146.57
2023-07-26,140.91
2023-07-27,138.32
2023-07-28,132.97
2023-07-29,125.77
2023-07-30,119.23
2023-07-31,112.76
2023-08-01,107.14
2023-08-02,101.8
2023-08-03,96.95
2023-08-04,92.11
2023-08-05,93.41
2023-08-06,88.95
2023-08-07,83.92
2023-08-08,79.72
2023-08-09,76.27
2023-08-10,72.79
2023-08-11,70.45
2023-08-12,67.71
2023-08-13,65.68
2023-08-14,68.34
2023-08-15,65.83
2023-08-16,63.57
2023-08-17,60.66
2023-08-18,57.48
2023-08-19,55.36
2023-08-20,54.21
2023-08-21,51.84
2023-08-22,50.05
2023-08-23,49.23
2023-08-24,47.87
2023-08-25,45.34
2023-08-26,43.06
2023-08-27,41.36
2023-08-28,39.83
2023-08-29,38.63
2023-08-30,38.99
2023-08-31,44.81
2023-09-01,42.95
2023-09-02,44.81
2023-09-03,50.05
2023-09-04,67.39
2023-09-05,78.8
2023-09-06,63.27
2023-09-07,68.02
2023-09-08,93.84
2023-09-09,108.14
2023-09-10,93.19
2023-09-11,92.76
2023-09-12,111.46
2023-09-13,132.97
2023-09-14,106.15
2023-09-15,107.64
2023-09-16,106.65
2023-09-17,110.43
2023-09-18,122.03
2023-09-19,118.67
2023-09-20,129.32
2023-09-21,132.35
2023-09-22,144.21
2023-09-23,166.49
2023-09-24,189.55
2023-09-25,200.84
2023-09-26,195.34
2023-09-27,185.64
2023-09-28,172.78
2023-09-29,204.12
2023-09-30,286.08
2023-10-01,283.45
2023-10-02,294.12
2023-10-03,348.14
2023-10-04,306.61
2023-10-05,268.15
2023-10-06,252.51
2023-10-07,239.99
2023-10-08,225.99
2023-10-09,210.84
2023-10-10,213.29
2023-10-11,205.54
2023-10-12,234.5
2023-10-13,256.04
2023-10-14,209.38
2023-10-15,212.8
2023-10-16,197.61
2023-10-17,251.93
2023-10-18,261.42
2023-10-19,272.53
2023-10-20,266.3
2023-10-21,252.51
2023-10-22,233.42
2023-10-23,238.33
2023-10-24,255.45
2023-10-25,230.21
2023-10-26,230.21
2023-10-27,238.88
2023-10-28,217.78
2023-10-29,211.32
2023-10-30,208.89
2023-10-31,214.77
2023-11-01,212.3
2023-11-02,213.29
2023-11-03,212.8
2023-11-04,228.09
2023-11-05,252.51
2023-11-06,263.24
2023-11-07,253.68
2023-11-08,242.22
2023-11-09,248.46
2023-11-10,243.91
2023-11-11,354.63
2023-11-12,337.06
2023-11-13,359.58
2023-11-14,321.85
2023-11-15,296.85
2023-11-16,276.97
2023-11-17,273.79
2023-11-18,265.69
2023-11-19,254.27
2023-11-20,245.6
2023-11-21,238.33
2023-11-22,229.67
2023-11-23,225.99
2023-11-24,227.56
2023-11-25,270.02
2023-11-26,254.86
2023-11-27,236.14
2023-11-28,220.82
2023-11-29,207.45
2023-11-30,194.88
2023-12-01,181.39
2023-12-02,176.01
2023-12-03,176.42
2023-12-04,172.78
2023-12-05,164.96
2023-12-06,159.32
2023-12-07,151.05
2023-12-08,142.22
2023-12-09,134.83
2023-12-10,129.92
2023-12-11,125.77
2023-12-12,122.88
2023-12-13,118.67
2023-12-14,114.61
2023-12-15,106.15
2023-12-16,100.39
2023-12-17,98.31
2023-12-18,130.52
2023-12-19,243.91
2023-12-20,265.07
2023-12-21,193.54
2023-12-22,173.18
2023-12-23,157.49
2023-12-24,144.21
2023-12-25,133.28
2023-12-26,124.6
2023-12-27,116.49
2023-12-28,108.9
2023-12-29,102.28
2023-12-30,96.72
2023-12-31,90.83
2024-01-01,85.7
2024-01-02,80.85
2024-01-03,76.45
2024-01-04,72.79
2024-01-05,72.62
2024-01-06,68.34
2024-01-07,70.29
2024-01-08,75.74
2024-01-09,76.45
2024-01-10,74.16
2024-01-11,75.56
2024-01-12,66.45
2024-01-13,59.26
2024-01-14,55.1
2024-01-15,51.36
2024-01-16,47.87
2024-01-17,44.71
2024-01-18,41.85
2024-01-19,39.09
2024-01-20,36.41
2024-01-21,34.73
2024-01-22,32.34
2024-01-23,30.19
2024-01-24,28.44
2024-01-25,27.64
2024-01-26,27.05
2024-01-27,25.12
2024-01-28,24.59
2024-01-29,23.04
2024-01-30,21.49
2024-01-31,20.04
2024-02-01,24.47
2024-02-02,26.42
2024-02-03,26.1
2024-02-04,25.0
2024-02-05,24.35
2024-02-06,23.6
2024-02-07,22.82
2024-02-08,22.07
2024-02-09,21.39
2024-02-10,20.78
2024-02-11,19.99
2024-02-12,19.37
2024-02-13,18.86
2024-02-14,18.36
2024-02-15,17.88
2024-02-16,17.45
2024-02-17,17.03
2024-02-18,16.54
2024-02-19,16.34
2024-02-20,15.9
2024-02-21,15.29
2024-02-22,15.0
2024-02-23,14.78
2024-02-24,14.7
2024-02-25,14.45
2024-02-26,14.28
2024-02-27,14.24
2024-02-28,14.0
2024-02-29,13.55
2024-03-01,13.13
2024-03-02,13.49
2024-03-03,13.19
2024-03-04,12.68
2024-03-05,12.49
2024-03-06,12.61
2024-03-07,12.52
2024-03-08,12.18
2024-03-09,12.21
2024-03-10,12.4
2024-03-11,12.34
2024-03-12,11.76
2024-03-13,11.47
2024-03-14,11.56
2024-03-15,11.62
2024-03-16,11.62
2024-03-17,11.65
2024-03-18,11.25
2024-03-19,11.16
2024-03-20,11.22
2024-03-21,11.16
2024-03-22,10.94
2024-03-23,11.88
2024-03-24,13.22
2024-03-25,12.65
2024-03-26,12.52
2024-03-27,12.06
2024-03-28,11.91
2024-03-29,13.72
2024-03-30,13.86
2024-03-31,13.29
2024-04-01,12.93
2024-04-02,12.37
2024-04-03,12.27
2024-04-04,12.46
2024-04-05,13.06
2024-04-06,14.56
2024-04-07,16.91
2024-04-08,16.14
2024-04-09,20.09
2024-04-10,22.5
2024-04-11,22.5
2024-04-12,22.33
2024-04-13,22.6
2024-04-14,23.1
2024-04-15,24.18
2024-04-16,24.64
2024-04-17,23.95
2024-04-18,23.55
2024-04-19,23.27
2024-04-20,23.77
2024-04-21,24.18
2024-04-22,25.3
2024-04-23,26.1
2024-04-24,27.25
2024-04-25,28.92
2024-04-26,29.27
2024-04-27,30.26
2024-04-28,29.69
2024-04-29,32.42
2024-04-30,33.36
2024-05-01,33.28
2024-05-02,33.91
2024-05-03,85.5
2024-05-04,71.61
2024-05-05,65.07
2024-05-06,58.98
2024-05-07,54.34
2024-05-08,51.97
2024-05-09,49.23
2024-05-10,47.75
2024-05-11,67.87
2024-05-12,71.11
2024-05-13,65.68
2024-05-14,83.33
2024-05-15,82.37
2024-05-16,84.9
2024-05-17,89.99
2024-05-18,102.04
2024-05-19,131.74
2024-05-20,214.28
2024-05-21,275.06
2024-05-22,422.64
2024-05-23,547.28
2024-05-24,520.19
2024-05-25,462.45
2024-05-26,511.86
2024-05-27,433.51
2024-05-28,416.83
2024-05-29,397.11
2024-05-30,373.11
2024-05-31,339.41
2024-06-01,362.92
2024-06-02,347.34
2024-06-03,339.41
2024-06-04,324.09
2024-06-05,296.85
2024-06-06,282.14
2024-06-07,268.15
2024-06-08,268.77
2024-06-09,318.15
2024-06-10,303.09
2024-06-11,301.69
2024-06-12,287.4
2024-06-13,274.42
2024-06-14,260.22
2024-06-15,243.91
2024-06-16,229.67
2024-06-17,215.77
2024-06-18,206.01
2024-06-19,204.12
2024-06-20,195.79
2024-06-21,193.54
2024-06-22,185.64
2024-06-23,243.91
2024-06-24,305.9
2024-06-25,379.19
2024-06-26,421.67
2024-06-27,422.64
2024-06-28,404.51
2024-06-29,398.94
2024-06-30,366.28
2024-07-01,333.19
2024-07-02,310.89
2024-07-03,290.07
2024-07-04,273.79
2024-07-05,256.63
2024-07-06,241.66
2024-07-07,235.05
2024-07-08,215.77
2024-07-09,211.32
2024-07-10,195.79
2024-07-11,195.34
2024-07-12,183.08
2024-07-13,178.06
2024-07-14,180.13
2024-07-15,194.88
2024-07-16,254.86
2024-07-17,286.74
2024-07-18,313.05
2024-07-19,330.13
2024-07-20,316.69
2024-07-21,286.08
2024-07-22,264.46
2024-07-23,246.17
2024-07-24,230.21
2024-07-25,222.87
2024-07-26,208.89
2024-07-27,206.97
2024-07-28,204.59
2024-07-29,195.79
2024-07-30,205.06
2024-07-31,213.29
2024-08-01,244.47
2024-08-02,249.61
2024-08-03,225.46
2024-08-04,212.8
2024-08-05,206.01
2024-08-06,192.64
2024-08-07,187.36
2024-08-08,178.06
2024-08-09,169.61
2024-08-10,159.69
2024-08-11,152.11
2024-08-12,145.89
2024-08-13,168.43
2024-08-14,184.78
2024-08-15,172.78
2024-08-16,230.74
2024-08-17,238.33
2024-08-18,237.23
2024-08-19,211.32
2024-08-20,225.46
2024-08-21,221.84
2024-08-22,208.89
2024-08-23,206.01
2024-08-24,193.98
2024-08-25,182.65
2024-08-26,175.6
2024-08-27,167.66
2024-08-28,163.06
2024-08-29,156.04
2024-08-30,149.31
2024-08-31,150.36
2024-09-01,148.28
2024-09-02,148.97
2024-09-03,153.17
2024-09-04,154.24
2024-09-05,150.01
2024-09-06,137.04
2024-09-07,129.92
2024-09-08,123.17
2024-09-09,117.85
2024-09-10,121.74
2024-09-11,128.12
2024-09-12,123.17
2024-09-13,122.88
2024-09-14,119.78
2024-09-15,113.82
2024-09-16,109.66
2024-09-17,105.66
2024-09-18,100.16
2024-09-19,95.38
2024-09-20,90.2
2024-09-21,86.1
2024-09-22,81.41
2024-09-23,78.07
2024-09-24,76.27
2024-09-25,77.89
2024-09-26,76.62
2024-09-27,72.96
2024-09-28,68.18
2024-09-29,66.14
2024-09-30,66.45
2024-10-01,68.82
2024-10-02,72.11
2024-10-03,69.47
2024-10-04,66.61
2024-10-05,66.3
2024-10-06,67.55
2024-10-07,67.55
2024-10-08,71.28
2024-10-09,84.11
2024-10-10,92.97
2024-10-11,95.61
2024-10-12,96.95
2024-10-13,95.61
2024-10-14,92.76
2024-10-15,101.33
2024-10-16,97.4
2024-10-17,95.38
2024-10-18,97.86
2024-10-19,93.62
2024-10-20,88.33
2024-10-21,85.3
2024-10-22,81.99
2024-10-23,82.18
2024-10-24,84.31
2024-10-25,114.88
2024-10-26,165.72
2024-10-27,139.28
2024-10-28,186.5
2024-10-29,167.66
2024-10-30,147.25
2024-10-31,139.28
2024-11-01,125.18
2024-11-02,122.59
2024-11-03,133.28
2024-11-04,143.54
2024-11-05,150.36
2024-11-06,156.4
2024-11-07,139.28
2024-11-08,124.31
2024-11-09,118.95
2024-11-10,120.06
2024-11-11,115.41
2024-11-12,109.15
2024-11-13,103.47
2024-11-14,99.46
2024-11-15,97.4
2024-11-16,98.54
2024-11-17,116.76
2024-11-18,111.2
2024-11-19,102.99
2024-11-20,102.04
2024-11-21,97.86
2024-11-22,97.86
2024-11-23,96.72
2024-11-24,116.22
2024-11-25,110.69
2024-11-26,104.2
2024-11-27,99.93
2024-11-28,99.23
2024-11-29,98.77
2024-11-30,104.68
2024-12-01,98.77
2024-12-02,96.95
2024-12-03,105.66
2024-12-04,108.9
2024-12-05,94.06
2024-12-06,91.68
2024-12-07,90.2
2024-12-08,82.56
2024-12-09,78.98
2024-12-10,74.86
2024-12-11,71.61
2024-12-12,68.98
2024-12-13,66.14
2024-12-14,77.89
2024-12-15,107.14
2024-12-16,93.62
2024-12-17,86.7
2024-12-18,81.79
2024-12-19,81.79
2024-12-20,77.16
2024-12-21,73.13
2024-12-22,69.63
2024-12-23,65.83
2024-12-24,62.39
2024-12-25,59.12
2024-12-26,56.28
2024-12-27,53.45
2024-12-28,51.0
2024-12-29,48.77
2024-12-30,47.08
2024-12-31,45.03
2025-01-01,43.77
2025-01-02,41.76
2025-01-03,40.02
2025-01-04,38.36
2025-01-05,36.67
2025-01-06,35.22
2025-01-07,33.83
2025-01-08,32.57
2025-01-09,31.36
2025-01-10,30.33
2025-01-11,29.27
2025-01-12,18.95
2025-01-13,13.32
2025-01-14,12.96
2025-01-15,14.67
2025-01-16,14.31
2025-01-17,14.17
2025-01-18,13.13
2025-01-19,13.0
2025-01-20,13.86
2025-01-21,13.66
2025-01-22,15.11
2025-01-23,15.48
2025-01-24,15.07
2025-01-25,15.9
2025-01-26,14.81
2025-01-27,13.86
2025-01-28,13.0
2025-01-29,12.18
2025-01-30,12.21
2025-01-31,11.47
2025-02-01,15.6
2025-02-02,18.86
2025-02-03,19.56
2025-02-04,19.28
2025-02-05,18.77
2025-02-06,18.19
2025-02-07,17.79
2025-02-08,17.41
2025-02-09,17.03
2025-02-10,16.42
2025-02-11,16.02
2025-02-12,15.56
2025-02-13,15.26
2025-02-14,15.0
2025-02-15,14.7
2025-02-16,14.45
2025-02-17,14.31
2025-02-18,14.14
2025-02-19,13.86
2025-02-20,13.72
2025-02-21,13.42
2025-02-22,13.22
2025-02-23,13.13
2025-02-24,13.19
2025-02-25,12.87
2025-02-26,12.49
2025-02-27,12.84
2025-02-28,12.68
2025-03-01,12.12
2025-03-02,12.87
2025-03-03,13.03
2025-03-04,12.58
2025-03-05,12.4
2025-03-06,12.06
2025-03-07,12.09
2025-03-08,12.18
2025-03-09,12.46
2025-03-10,12.21
2025-03-11,11.62
2025-03-12,13.86
2025-03-13,15.79
2025-03-14,13.32
2025-03-15,12.49
2025-03-16,12.0
2025-03-17,13.96
2025-03-18,14.74
2025-03-19,15.48
2025-03-20,15.29
2025-03-21,14.67
2025-03-22,15.11
2025-03-23,16.74
2025-03-24,17.37
2025-03-25,18.01
2025-03-26,16.95
2025-03-27,16.86
2025-03-28,16.34
2025-03-29,17.97
2025-03-30,18.23
2025-03-31,17.58
2025-04-01,17.58
2025-04-02,17.58
2025-04-03,18.95
2025-04-04,22.44
2025-04-05,21.7
2025-04-06,26.8
2025-04-07,34.73
2025-04-08,40.5
2025-04-09,38.63
2025-04-10,42.25
2025-04-11,43.87
2025-04-12,44.19
2025-04-13,44.08
2025-04-14,44.08
2025-04-15,43.26
2025-04-16,43.36
2025-04-17,45.03
2025-04-18,45.13
2025-04-19,45.03
2025-04-20,46.64
2025-04-21,49.23
2025-04-22,49.93
2025-04-23,51.24
2025-04-24,51.24
2025-04-25,51.12
2025-04-26,55.62
2025-04-27,55.36
2025-04-28,55.23
2025-04-29,56.68
2025-04-30,58.84
2025-05-01,60.09
2025-05-02,62.1
2025-05-03,62.97
2025-05-04,63.86
2025-05-05,64.31
2025-05-06,62.24
2025-05-07,62.68
2025-05-08,71.28
2025-05-09,70.78
2025-05-10,65.99
2025-05-11,62.24
2025-05-12,58.98
2025-05-13,56.68
2025-05-14,55.89
2025-05-15,56.81
2025-05-16,57.08
2025-05-17,57.08
2025-05-18,58.29
2025-05-19,57.34
2025-05-20,57.61
2025-05-21,63.12
2025-05-22,72.45
2025-05-23,71.28
2025-05-24,80.85
2025-05-25,158.22
2025-05-26,273.16
2025-05-27,397.11
2025-05-28,413.0
2025-05-29,324.84
2025-05-30,413.0
2025-05-31,553.63
2025-06-01,467.81
2025-06-02,393.46
2025-06-03,332.43
2025-06-04,303.09
2025-06-05,283.45
2025-06-06,265.07
2025-06-07,242.22
2025-06-08,227.03
2025-06-09,212.3
2025-06-10,198.99
2025-06-11,188.67
2025-06-12,186.93
2025-06-13,189.99
2025-06-14,237.78
2025-06-15,336.29
2025-06-16,435.52
2025-06-17,431.51
2025-06-18,402.65
2025-06-19,359.58
2025-06-20,324.84
2025-06-21,297.54
2025-06-22,275.06
2025-06-23,257.23
2025-06-24,244.47
2025-06-25,229.67
2025-06-26,227.56
2025-06-27,229.67
2025-06-28,221.84
2025-06-29,213.29
2025-06-30,206.97
2025-07-01,196.7
2025-07-02,185.21
2025-07-03,171.98
2025-07-04,164.96
2025-07-05,154.96
2025-07-06,146.91
2025-07-07,140.91
2025-07-08,135.46
2025-07-09,128.72
2025-07-10,122.88
2025-07-11,116.76
2025-07-12,111.46
2025-07-13,109.41
2025-07-14,105.91
2025-07-15,103.71
2025-07-16,102.99
2025-07-17,103.95
2025-07-18,113.82
2025-07-19,164.58
2025-07-20,260.82
2025-07-21,298.92
2025-07-22,297.54
2025-07-23,347.34
2025-07-24,400.79
2025-07-25,399.87
2025-07-26,414.91
2025-07-27,472.15
2025-07-28,444.66
2025-07-29,373.97
2025-07-30,337.84
2025-07-31,310.89
2025-08-01,290.74
2025-08-02,273.16
2025-08-03,263.24
2025-08-04,263.24
2025-08-05,258.42
2025-08-06,301.0
2025-08-07,269.4
2025-08-08,251.35
2025-08-09,237.78
2025-08-10,224.94
2025-08-11,208.89
2025-08-12,199.45
2025-08-13,187.8
2025-08-14,183.08
2025-08-15,179.3
2025-08-16,195.34
2025-08-17,193.09
2025-08-18,171.98
2025-08-19,172.78
2025-08-20,157.85
2025-08-21,148.62
2025-08-22,138.64
2025-08-23,130.52
2025-08-24,123.45
2025-08-25,116.76
2025-08-26,110.17
2025-08-27,103.95
2025-08-28,101.8
2025-08-29,113.55
2025-08-30,119.23
2025-08-31,139.6
2025-09-01,138.32
2025-09-02,139.6
2025-09-03,132.97
2025-09-04,124.6
2025-09-05,120.9
2025-09-06,112.76
2025-09-07,107.64
2025-09-08,102.04
2025-09-09,96.27
2025-09-10,91.04
2025-09-11,90.62
2025-09-12,87.31
2025-09-13,84.31
2025-09-14,78.43
2025-09-15,74.51
2025-09-16,71.11
2025-09-17,68.66
2025-09-18,68.34
2025-09-19,70.29
2025-09-20,75.03
2025-09-21,73.47
2025-09-22,70.45
2025-09-23,70.12
2025-09-24,64.92
2025-09-25,66.3
2025-09-26,64.16
2025-09-27,67.08
2025-09-28,78.43
2025-09-29,78.07
2025-09-30,76.98
